#VRML V2.0 utf8
# 3D model generated by easyeda2kicad.py (https://github.com/uPesy/easyeda2kicad.py)

Shape{
    appearance Appearance {
        material  Material 	{
            diffuseColor 0.20784313725490197 0.20784313725490197 0.20784313725490197
            specularColor 0.01568627450980392 0.01568627450980392 0.01568627450980392
            ambientIntensity 0.298
            transparency 0.0
            shininess 0.5
        }
    }
    geometry IndexedFaceSet {
        ccw TRUE
        solid FALSE
        coord DEF co Coordinate {
            point [
                -0.0886 -0.8384 0.4843, -0.1673 -0.8384 0.4843, -0.0886 -0.051 0.4843, -0.1673 -0.051 0.4843, 0.1673 -0.8384 0.4843, 0.0886 -0.8384 0.4843, 0.1673 -0.051 0.4843, 0.0886 -0.051 0.4843, 0.4232 -0.8384 0.4843, 0.3445 -0.8384 0.4843, 0.4232 -0.051 0.4843, 0.3445 -0.051 0.4843, 0.6004 -0.051 0.4843, 0.6496 -0.051 0.4843, 0.6004 -0.8384 0.4843, 0.6496 -0.8384 0.4843, -0.187 -0.9369 0.5039, -0.0689 -0.9369 0.5039, -0.187 -1.0195 0.5205, -0.0689 -1.0195 0.5205, 0.187 -1.0195 0.5205, 0.0689 -1.0195 0.5205, 0.187 -0.9369 0.5039, 0.0689 -0.9369 0.5039, 0.4429 -1.0195 0.5205, 0.3248 -1.0195 0.5205, 0.4429 -0.9369 0.5039, 0.3248 -0.9369 0.5039, 0.65 -0.8385 0.4843, 0.6138 -1.0195 0.5205, 0.5807 -1.0195 0.5205, 0.5807 -0.9369 0.5039, -0.0689 -1.0238 0.5218, -0.187 -1.0238 0.5218, -0.0689 -1.0276 0.5242, -0.187 -1.0276 0.5242, -0.0689 -1.0308 0.5273, -0.187 -1.0308 0.5273, -0.0689 -1.0333 0.5311, -0.187 -1.0333 0.5311, -0.0689 -1.0348 0.5353, -0.187 -1.0348 0.5353, -0.0689 -1.0353 0.5398, -0.187 -1.0353 0.5398, 0.187 -1.0238 0.5218, 0.0689 -1.0238 0.5218, 0.187 -1.0276 0.5242, 0.0689 -1.0276 0.5242, 0.187 -1.0308 0.5273, 0.0689 -1.0308 0.5273, 0.187 -1.0333 0.5311, 0.0689 -1.0333 0.5311, 0.187 -1.0348 0.5353, 0.0689 -1.0348 0.5353, 0.187 -1.0353 0.5398, 0.0689 -1.0353 0.5398, 0.4429 -1.0238 0.5218, 0.3248 -1.0238 0.5218, 0.4429 -1.0276 0.5242, 0.3248 -1.0276 0.5242, 0.4429 -1.0308 0.5273, 0.3248 -1.0308 0.5273, 0.4429 -1.0333 0.5311, 0.3248 -1.0333 0.5311, 0.4429 -1.0348 0.5353, 0.3248 -1.0348 0.5353, 0.4429 -1.0353 0.5398, 0.3248 -1.0353 0.5398, 0.6138 -1.0236 0.5218, 0.5807 -1.0238 0.5218, 0.6138 -1.0237 0.5219, 0.6138 -1.0275 0.5241, 0.5807 -1.0276 0.5242, 0.6138 -1.0276 0.5242, 0.6138 -1.0308 0.5272, 0.5807 -1.0308 0.5273, 0.6138 -1.0308 0.5273, 0.6138 -1.0332 0.531, 0.5807 -1.0333 0.5311, 0.6138 -1.0333 0.5311, 0.6138 -1.0348 0.5353, 0.5807 -1.0348 0.5353, 0.6138 -1.0348 0.5353, 0.6138 -1.0353 0.5398, 0.5807 -1.0353 0.5398, -0.3445 -0.8384 0.4843, -0.4232 -0.8384 0.4843, -0.3445 -0.051 0.4843, -0.4232 -0.051 0.4843, -0.3248 -1.0195 0.5205, -0.4429 -1.0195 0.5205, -0.3248 -0.9369 0.5039, -0.4429 -0.9369 0.5039, -0.3248 -1.0238 0.5218, -0.4429 -1.0238 0.5218, -0.3248 -1.0276 0.5242, -0.4429 -1.0276 0.5242, -0.3248 -1.0308 0.5273, -0.4429 -1.0308 0.5273, -0.3248 -1.0333 0.5311, -0.4429 -1.0333 0.5311, -0.3248 -1.0348 0.5353, -0.4429 -1.0348 0.5353, -0.3248 -1.0353 0.5398, -0.4429 -1.0353 0.5398, 0.5315 -0.051 0.0, 0.9126 -0.051 0.0, 0.6686 -0.051 0.4988, 0.9225 -0.051 0.0013, 0.2067 -0.051 0.5358, 0.2067 -0.051 0.5398, 0.187 -0.051 0.5398, 1.3381 -0.051 0.3893, 0.6693 -0.051 0.5039, 1.3433 -0.051 0.3954, 1.3472 -0.051 0.4023, 0.9317 -0.051 0.0049, 0.9397 -0.051 0.0108, -0.0984 -0.051 0.0, 0.0984 -0.051 0.0, -0.0984 -0.051 0.0787, 0.0984 -0.051 0.0787, -0.4626 -0.051 0.7205, -0.3051 -0.051 0.7205, -0.4626 -0.051 0.7244, -0.3051 -0.051 0.7244, -0.2067 -0.051 0.7205, -0.0492 -0.051 0.7205, -0.2067 -0.051 0.7244, -0.0492 -0.051 0.7244, 0.6496 -0.051 0.7205, 0.6547 -0.051 0.7198, 1.311 -0.051 0.8189, -1.3504 -0.051 0.7795, -1.3504 -0.051 0.4179, -0.5315 -0.051 0.0787, 0.3248 -0.051 0.5039, 0.3248 -0.051 0.5398, 0.3051 -0.051 0.5398, 0.3051 -0.051 0.7244, 0.2067 -0.051 0.7244, 0.0492 -0.051 0.7244, 0.2067 -0.051 0.7205, 0.0492 -0.051 0.7205, 0.6594 -0.051 0.7178, 0.6635 -0.051 0.7147, 0.6667 -0.051 0.7106, -1.3494 -0.051 0.7883, 0.3051 -0.051 0.7205, 0.4626 -0.051 0.7205, 0.4626 -0.051 0.7244, 0.561 -0.051 0.7244, 0.561 -0.051 0.7205, -1.3433 -0.051 0.3954, -1.3381 -0.051 0.3893, -0.9397 -0.051 0.0108, 0.5807 -0.051 0.5398, 0.561 -0.051 0.5398, 0.5807 -0.051 0.5039, 0.561 -0.051 0.5358, 0.4626 -0.051 0.5358, 1.3494 -0.051 0.7883, 1.3465 -0.051 0.7966, 0.6693 -0.051 0.7008, 0.5315 -0.051 0.0787, 0.6667 -0.051 0.4941, 0.6635 -0.051 0.49, 0.6594 -0.051 0.4869, 0.6547 -0.051 0.4849, 0.4626 -0.051 0.5398, 0.4429 -0.051 0.5398, 0.4429 -0.051 0.5039, 1.3496 -0.051 0.4099, 1.3504 -0.051 0.4179, 1.3504 -0.051 0.7795, 1.3418 -0.051 0.8041, 1.3356 -0.051 0.8103, 1.3281 -0.051 0.815, -1.311 -0.051 0.8189, -1.3198 -0.051 0.8179, -1.3281 -0.051 0.815, -1.3356 -0.051 0.8103, -1.3496 -0.051 0.4099, -1.3472 -0.051 0.4023, -0.5315 -0.051 0.0, -0.9126 -0.051 0.0, -0.9225 -0.051 0.0013, -0.9317 -0.051 0.0049, -1.3418 -0.051 0.8041, -1.3465 -0.051 0.7966, 1.3198 -0.051 0.8179, 0.6686 -0.051 0.7059, 0.187 -0.051 0.5039, 0.3051 -0.051 0.5358, -0.5807 -0.051 0.5039, -0.4429 -0.051 0.5039, -0.6496 -0.051 0.4843, -0.6547 -0.051 0.4849, -0.6686 -0.051 0.4988, -0.6693 -0.051 0.5039, 0.0689 -0.051 0.5398, 0.0492 -0.051 0.5398, 0.0689 -0.051 0.5039, 0.0492 -0.051 0.5358, -0.0492 -0.051 0.5358, -0.187 -0.051 0.5398, -0.2067 -0.051 0.5398, -0.187 -0.051 0.5039, -0.2067 -0.051 0.5358, -0.3051 -0.051 0.5358, -0.6004 -0.051 0.4843, -0.6594 -0.051 0.4869, -0.6635 -0.051 0.49, -0.6667 -0.051 0.4941, -0.6667 -0.051 0.7106, -0.6635 -0.051 0.7147, -0.0492 -0.051 0.5398, -0.0689 -0.051 0.5398, -0.0689 -0.051 0.5039, -0.3248 -0.051 0.5039, -0.3248 -0.051 0.5398, -0.3051 -0.051 0.5398, -0.4429 -0.051 0.5398, -0.4626 -0.051 0.5398, -0.4626 -0.051 0.5358, -0.561 -0.051 0.5358, -0.5807 -0.051 0.5398, -0.561 -0.051 0.5398, -0.6693 -0.051 0.7008, -0.6686 -0.051 0.7059, -0.6594 -0.051 0.7178, -0.6547 -0.051 0.7198, -0.6496 -0.051 0.7205, -0.561 -0.051 0.7244, -0.561 -0.051 0.7205, 0.6496 -0.8384 0.7205, 0.561 -0.8384 0.7205, 0.3051 -0.8384 0.7205, 0.4626 -0.8384 0.7205, 0.0492 -0.8384 0.7205, 0.2067 -0.8384 0.7205, -0.2067 -0.8384 0.7205, -0.0492 -0.8384 0.7205, -0.4626 -0.8384 0.7205, -0.3051 -0.8384 0.7205, -0.6496 -0.8384 0.7205, -0.561 -0.8384 0.7205, 1.311 0.6104 0.8189, 0.7874 0.6104 0.8189, 0.7874 0.4135 0.8189, -0.2979 0.4037 0.8189, -0.2959 0.3989 0.8189, 0.315 0.4135 0.8189, -0.7874 0.6104 0.8189, -1.311 0.6104 0.8189, -0.7874 0.4135 0.8189, -0.315 0.4135 0.8189, -0.3099 0.4128 0.8189, 0.4134 0.4135 0.8189, 0.4185 0.4128 0.8189, -0.4273 0.2421 0.8189, -0.4304 0.2462 0.8189, -0.3051 0.4109 0.8189, -0.301 0.4078 0.8189, 0.4232 0.4109 0.8189, 0.4273 0.4078 0.8189, 0.4304 0.4037 0.8189, -0.4326 0.3982 0.8189, -0.4311 0.4024 0.8189, -0.4288 0.4061 0.8189, -0.4257 0.4092 0.8189, 0.3051 0.239 0.8189, 0.301 0.2421 0.8189, -0.4219 0.4116 0.8189, -0.4178 0.413 0.8189, -0.4134 0.4135 0.8189, -0.4324 0.2509 0.8189, -0.4331 0.256 0.8189, -0.4331 0.3938 0.8189, 0.4326 0.2517 0.8189, 0.4311 0.2475 0.8189, -0.4134 0.2364 0.8189, -0.4185 0.237 0.8189, -0.4232 0.239 0.8189, 0.4288 0.2438 0.8189, 0.4257 0.2406 0.8189, 0.4219 0.2383 0.8189, 0.3027 0.4092 0.8189, 0.2996 0.4061 0.8189, 0.2972 0.4024 0.8189, 0.3064 0.4116 0.8189, 0.3106 0.413 0.8189, -0.2972 0.2475 0.8189, -0.2996 0.2438 0.8189, 0.3099 0.237 0.8189, -0.3027 0.2406 0.8189, -0.3064 0.2383 0.8189, -0.3106 0.2368 0.8189, -0.315 0.2364 0.8189, 0.2979 0.2462 0.8189, 0.2959 0.2509 0.8189, 0.2953 0.256 0.8189, 0.4178 0.2368 0.8189, 0.4134 0.2364 0.8189, 0.315 0.2364 0.8189, 0.2953 0.3938 0.8189, 0.2958 0.3982 0.8189, 0.4324 0.3989 0.8189, 0.4331 0.3938 0.8189, 0.4331 0.256 0.8189, -0.2953 0.3938 0.8189, -0.2953 0.256 0.8189, -0.2958 0.2517 0.8189, -0.4626 0.2245 0.0787, -0.561 0.2245 0.0787, -0.7283 0.319 0.0787, 0.128 0.4135 0.0787, 0.7283 0.4135 0.0787, 0.7283 0.319 0.0787, 0.128 0.319 0.0787, -0.7283 0.4135 0.0787, -0.0492 0.2245 0.0787, -0.0492 0.1852 0.0787, 0.0492 0.1852 0.0787, 0.128 0.1458 0.0787, -0.7283 0.1458 0.0787, -0.561 0.1852 0.0787, -0.4626 0.1852 0.0787, 0.0492 0.2245 0.0787, -0.2067 0.1852 0.0787, -0.3051 0.1852 0.0787, -0.3051 0.2245 0.0787, -0.2067 0.2245 0.0787, 0.4626 0.2245 0.0787, 0.561 0.2245 0.0787, 0.561 0.1852 0.0787, 0.7283 0.1458 0.0787, 0.4626 0.1852 0.0787, 0.3051 0.1852 0.0787, 0.3051 0.2245 0.0787, 0.2067 0.2245 0.0787, 0.2067 0.1852 0.0787, -0.9397 0.4135 0.0108, -0.9317 0.4135 0.0049, -0.9225 0.4135 0.0013, -0.9126 0.4135 0.0, -0.7283 0.4135 0.0, -0.7283 0.1458 0.0, 0.5315 0.0277 0.0, 0.531 0.0321 0.0, 0.7283 0.1458 0.0, 0.9126 0.4135 0.0, 0.7283 0.4135 0.0, 0.5295 0.0362 0.0, 0.5272 0.04 0.0, 0.5241 0.0431 0.0, -0.0989 0.0321 0.0, -0.1004 0.0362 0.0, -0.1027 0.04 0.0, -0.1058 0.0431 0.0, -0.531 0.0321 0.0, -0.5315 0.0277 0.0, -0.5118 0.0474 0.0, -0.5162 0.0469 0.0, -0.5204 0.0454 0.0, -0.5241 0.0431 0.0, 0.1004 0.0362 0.0, 0.1027 0.04 0.0, 0.1058 0.0431 0.0, 0.0984 0.0277 0.0, -0.1096 0.0454 0.0, -0.1137 0.0469 0.0, -0.1181 0.0474 0.0, -0.5272 0.04 0.0, -0.5295 0.0362 0.0, 0.0989 0.0321 0.0, -0.0984 0.0277 0.0, 0.5204 0.0454 0.0, 0.5162 0.0469 0.0, 0.5118 0.0474 0.0, 0.1181 0.0474 0.0, 0.1137 0.0469 0.0, 0.1096 0.0454 0.0, 0.9225 0.4135 0.0013, 0.9317 0.4135 0.0049, 0.9397 0.4135 0.0108, -0.7874 0.6104 0.622, -1.0827 0.6104 0.315, -1.2599 0.6104 0.315, -1.3381 0.6104 0.3893, -1.3433 0.6104 0.3954, -1.3472 0.6104 0.4023, -1.3418 0.6104 0.8041, -1.3356 0.6104 0.8103, -1.3281 0.6104 0.815, -1.3496 0.6104 0.4099, -1.3504 0.6104 0.4179, -1.3504 0.6104 0.7795, -1.3494 0.6104 0.7883, -1.3465 0.6104 0.7966, -1.3198 0.6104 0.8179, 1.3504 0.6104 0.7795, 1.3494 0.6104 0.7883, 1.3465 0.6104 0.7966, 1.3418 0.6104 0.8041, 1.3356 0.6104 0.8103, 1.3281 0.6104 0.815, 1.3198 0.6104 0.8179, -1.0433 0.4135 0.1092, -1.0433 0.1379 0.1092, -1.2599 0.1379 0.315, 1.2599 0.6104 0.315, 1.3381 0.6104 0.3893, 1.2599 0.1379 0.315, 1.0433 0.1379 0.1092, 1.0433 0.4135 0.1092, 1.3433 0.6104 0.3954, 1.3472 0.6104 0.4023, 1.3496 0.6104 0.4099, 1.3504 0.6104 0.4179, 1.0827 0.6104 0.315, 0.7874 0.6104 0.622, -0.5315 0.0277 0.0787, -0.0984 0.0277 0.0787, -0.1181 0.0474 0.0787, -0.1137 0.0469 0.0787, -0.1096 0.0454 0.0787, -0.1058 0.0431 0.0787, -0.1027 0.04 0.0787, -0.1004 0.0362 0.0787, -0.0989 0.0321 0.0787, -0.5118 0.0474 0.0787, -0.531 0.0321 0.0787, -0.5295 0.0362 0.0787, -0.5272 0.04 0.0787, -0.5241 0.0431 0.0787, -0.5204 0.0454 0.0787, -0.5162 0.0469 0.0787, 0.5315 0.0277 0.0787, 0.5118 0.0474 0.0787, 0.5162 0.0469 0.0787, 0.5204 0.0454 0.0787, 0.5241 0.0431 0.0787, 0.5272 0.04 0.0787, 0.5295 0.0362 0.0787, 0.531 0.0321 0.0787, 0.1181 0.0474 0.0787, 0.0984 0.0277 0.0787, 0.0989 0.0321 0.0787, 0.1004 0.0362 0.0787, 0.1027 0.04 0.0787, 0.1058 0.0431 0.0787, 0.1096 0.0454 0.0787, 0.1137 0.0469 0.0787, -0.4134 0.4135 0.8583, -0.315 0.4135 0.8583, 0.315 0.4135 0.8583, 0.4134 0.4135 0.8583, -0.7874 0.4135 0.622, -1.0827 0.4135 0.315, -1.0433 0.4135 0.315, 0.7874 0.4135 0.622, 1.0827 0.4135 0.315, 1.0433 0.4135 0.315, 1.0433 0.1379 0.315, -1.0433 0.1379 0.315
            ]
        }
        coordIndex [
            0,1,2,-1,2,1,3,-1,4,5,6,-1,6,5,7,-1,8,9,10,-1,10,9,11,-1,12,13,14,-1,14,13,15,-1,1,0,16,-1,16,0,17,-1,16,17,18,-1,18,17,19,-1,20,21,22,-1,22,21,23,-1,22,23,4,-1,4,23,5,-1,24,25,26,-1,26,25,27,-1,26,27,8,-1,8,27,9,-1,15,28,29,-1,29,30,15,-1,15,30,31,-1,15,31,14,-1,18,19,32,-1,18,32,33,-1,33,32,34,-1,33,34,35,-1,35,34,36,-1,35,36,37,-1,37,36,38,-1,37,38,39,-1,39,38,40,-1,39,40,41,-1,41,40,42,-1,41,42,43,-1,21,20,44,-1,21,44,45,-1,45,44,46,-1,45,46,47,-1,47,46,48,-1,47,48,49,-1,49,48,50,-1,49,50,51,-1,51,50,52,-1,51,52,53,-1,53,52,54,-1,53,54,55,-1,25,24,56,-1,25,56,57,-1,57,56,58,-1,57,58,59,-1,59,58,60,-1,59,60,61,-1,61,60,62,-1,61,62,63,-1,63,62,64,-1,63,64,65,-1,65,64,66,-1,65,66,67,-1,29,68,30,-1,30,68,69,-1,68,70,69,-1,69,70,71,-1,69,71,72,-1,71,73,72,-1,72,73,74,-1,72,74,75,-1,74,76,75,-1,75,76,77,-1,75,77,78,-1,77,79,78,-1,78,79,80,-1,78,80,81,-1,80,82,81,-1,81,82,83,-1,81,83,84,-1,85,86,87,-1,87,86,88,-1,89,90,91,-1,91,90,92,-1,91,92,85,-1,85,92,86,-1,90,89,93,-1,90,93,94,-1,94,93,95,-1,94,95,96,-1,96,95,97,-1,96,97,98,-1,98,97,99,-1,98,99,100,-1,100,99,101,-1,100,101,102,-1,102,101,103,-1,102,103,104,-1,105,106,107,-1,107,106,108,-1,109,110,111,-1,107,112,113,-1,113,112,114,-1,113,114,115,-1,108,116,107,-1,107,116,117,-1,107,117,112,-1,118,119,120,-1,120,119,121,-1,122,123,124,-1,124,123,125,-1,126,127,128,-1,128,127,129,-1,130,131,132,-1,133,134,135,-1,136,137,138,-1,139,132,140,-1,140,132,141,-1,140,141,142,-1,142,141,143,-1,131,144,132,-1,132,144,145,-1,132,145,146,-1,133,135,147,-1,125,128,132,-1,132,128,129,-1,132,129,141,-1,148,149,139,-1,139,149,150,-1,139,150,132,-1,132,150,151,-1,132,151,130,-1,130,151,152,-1,153,154,135,-1,135,154,155,-1,156,157,158,-1,158,157,159,-1,158,159,160,-1,161,162,163,-1,105,107,164,-1,164,107,165,-1,164,165,166,-1,166,167,164,-1,164,167,168,-1,164,168,13,-1,169,170,160,-1,160,170,171,-1,160,171,158,-1,158,171,10,-1,158,10,12,-1,115,172,113,-1,113,172,173,-1,113,173,163,-1,163,173,174,-1,163,174,161,-1,162,175,163,-1,163,175,176,-1,163,176,177,-1,178,179,135,-1,135,179,180,-1,135,180,181,-1,134,182,135,-1,135,182,183,-1,135,183,153,-1,184,135,185,-1,185,135,155,-1,185,155,186,-1,186,155,187,-1,181,188,135,-1,135,188,189,-1,135,189,147,-1,177,190,163,-1,163,190,132,-1,163,132,191,-1,191,132,146,-1,111,192,109,-1,109,192,136,-1,109,136,193,-1,193,136,138,-1,13,12,164,-1,164,12,10,-1,164,10,121,-1,121,10,11,-1,121,11,120,-1,120,11,136,-1,120,136,6,-1,6,136,192,-1,120,87,135,-1,135,87,88,-1,194,88,195,-1,196,197,135,-1,198,199,178,-1,200,201,202,-1,202,201,203,-1,202,203,204,-1,205,206,207,-1,207,206,208,-1,207,208,209,-1,88,194,135,-1,135,194,210,-1,135,210,196,-1,197,211,135,-1,135,211,212,-1,135,212,178,-1,178,212,213,-1,178,213,198,-1,178,214,215,-1,216,217,204,-1,204,217,218,-1,204,218,202,-1,202,218,120,-1,202,120,7,-1,7,120,6,-1,218,2,120,-1,120,2,3,-1,120,3,87,-1,87,3,207,-1,87,207,219,-1,219,207,209,-1,219,209,220,-1,220,209,221,-1,222,223,195,-1,195,223,224,-1,195,224,194,-1,194,224,225,-1,194,225,226,-1,226,225,227,-1,199,228,178,-1,178,228,229,-1,178,229,214,-1,215,230,178,-1,178,230,231,-1,178,231,232,-1,125,132,124,-1,124,132,178,-1,124,178,233,-1,233,178,232,-1,233,232,234,-1,235,130,236,-1,236,130,152,-1,148,237,149,-1,149,237,238,-1,143,239,142,-1,142,239,240,-1,126,241,127,-1,127,241,242,-1,122,243,123,-1,123,243,244,-1,232,245,234,-1,234,245,246,-1,247,248,132,-1,132,248,249,-1,250,251,252,-1,253,254,255,-1,255,254,178,-1,252,256,257,-1,249,258,259,-1,260,261,178,-1,257,262,252,-1,252,262,263,-1,252,263,250,-1,259,264,249,-1,249,264,265,-1,249,265,266,-1,267,268,255,-1,255,268,269,-1,255,269,270,-1,271,272,251,-1,270,273,255,-1,255,273,274,-1,255,274,275,-1,261,276,178,-1,178,276,277,-1,178,277,255,-1,255,277,278,-1,255,278,267,-1,279,280,132,-1,281,282,178,-1,178,282,283,-1,178,283,260,-1,280,284,132,-1,132,284,285,-1,132,285,286,-1,287,251,288,-1,288,251,289,-1,287,290,251,-1,251,290,291,-1,251,291,252,-1,292,293,294,-1,294,293,295,-1,295,296,294,-1,294,296,297,-1,294,297,178,-1,178,297,298,-1,178,298,281,-1,272,299,251,-1,251,299,300,-1,251,300,301,-1,286,302,132,-1,132,302,303,-1,132,303,178,-1,178,303,304,-1,178,304,294,-1,301,305,251,-1,251,305,306,-1,251,306,289,-1,266,307,249,-1,249,307,308,-1,249,308,132,-1,132,308,309,-1,132,309,279,-1,251,310,271,-1,271,310,311,-1,271,311,294,-1,294,311,312,-1,294,312,292,-1,313,314,315,-1,316,317,318,-1,319,315,320,-1,315,319,321,-1,322,323,324,-1,315,314,325,-1,325,314,326,-1,325,326,327,-1,324,323,319,-1,319,323,328,-1,319,328,321,-1,329,325,330,-1,330,325,327,-1,330,327,331,-1,324,325,322,-1,322,325,329,-1,322,329,321,-1,321,329,332,-1,321,332,315,-1,315,332,331,-1,315,331,313,-1,313,331,327,-1,320,316,319,-1,319,316,318,-1,319,318,333,-1,333,318,334,-1,334,318,335,-1,335,318,336,-1,335,336,337,-1,336,324,337,-1,337,324,338,-1,337,338,333,-1,333,338,339,-1,333,339,319,-1,319,339,340,-1,319,340,324,-1,324,340,341,-1,324,341,338,-1,155,342,343,-1,155,343,187,-1,187,343,344,-1,187,344,186,-1,186,344,345,-1,186,345,185,-1,345,346,185,-1,185,346,347,-1,348,349,350,-1,105,348,106,-1,106,348,350,-1,106,350,351,-1,351,350,352,-1,349,353,350,-1,350,353,354,-1,350,354,355,-1,356,357,350,-1,350,357,358,-1,350,358,359,-1,347,360,185,-1,185,360,361,-1,185,361,184,-1,362,363,347,-1,347,363,364,-1,347,364,365,-1,366,356,367,-1,367,356,368,-1,369,119,118,-1,359,370,350,-1,350,370,371,-1,350,371,347,-1,347,371,372,-1,347,372,362,-1,365,373,347,-1,347,373,374,-1,347,374,360,-1,366,375,356,-1,356,375,369,-1,356,369,376,-1,376,369,118,-1,355,377,350,-1,350,377,378,-1,350,378,379,-1,379,380,350,-1,350,380,381,-1,350,381,356,-1,356,381,382,-1,356,382,368,-1,106,351,383,-1,106,383,108,-1,108,383,384,-1,108,384,116,-1,116,384,385,-1,116,385,117,-1,386,387,388,-1,388,389,386,-1,386,389,390,-1,386,390,391,-1,392,393,394,-1,391,395,386,-1,386,395,396,-1,386,396,253,-1,253,396,397,-1,253,397,254,-1,254,397,398,-1,398,399,254,-1,254,399,392,-1,254,392,400,-1,400,392,394,-1,325,347,315,-1,315,347,346,-1,315,346,320,-1,350,336,352,-1,352,336,318,-1,352,318,317,-1,174,401,402,-1,174,402,161,-1,161,402,403,-1,161,403,162,-1,162,403,404,-1,162,404,175,-1,175,404,405,-1,175,405,176,-1,176,405,406,-1,176,406,177,-1,177,406,407,-1,177,407,190,-1,190,407,247,-1,190,247,132,-1,178,254,400,-1,178,400,179,-1,179,400,394,-1,179,394,180,-1,180,394,393,-1,180,393,181,-1,181,393,392,-1,181,392,188,-1,188,392,399,-1,188,399,189,-1,189,399,398,-1,189,398,147,-1,147,398,397,-1,147,397,133,-1,397,396,133,-1,133,396,134,-1,134,396,395,-1,134,395,182,-1,182,395,391,-1,182,391,183,-1,183,391,390,-1,183,390,153,-1,153,390,389,-1,153,389,154,-1,408,342,409,-1,409,342,155,-1,409,155,410,-1,410,155,154,-1,410,154,388,-1,388,154,389,-1,411,412,413,-1,413,412,112,-1,413,112,414,-1,414,112,117,-1,414,117,415,-1,415,117,385,-1,112,412,416,-1,112,416,114,-1,114,416,417,-1,114,417,115,-1,115,417,418,-1,115,418,172,-1,172,418,419,-1,172,419,173,-1,419,401,173,-1,173,401,174,-1,420,421,411,-1,411,421,248,-1,401,248,247,-1,401,419,248,-1,248,419,418,-1,248,418,417,-1,417,416,248,-1,248,416,412,-1,248,412,411,-1,247,407,401,-1,401,407,406,-1,401,406,405,-1,405,404,401,-1,401,404,403,-1,401,403,402,-1,422,135,361,-1,361,135,184,-1,120,423,118,-1,118,423,376,-1,424,372,425,-1,425,372,371,-1,425,371,426,-1,426,371,370,-1,426,370,427,-1,427,370,359,-1,427,359,428,-1,428,359,358,-1,428,358,429,-1,429,358,357,-1,429,357,430,-1,430,357,356,-1,430,356,423,-1,423,356,376,-1,424,431,372,-1,372,431,362,-1,422,361,432,-1,432,361,360,-1,432,360,433,-1,433,360,374,-1,433,374,434,-1,434,374,373,-1,434,373,435,-1,435,373,365,-1,435,365,436,-1,436,365,364,-1,436,364,437,-1,437,364,363,-1,437,363,431,-1,431,363,362,-1,431,422,432,-1,432,433,431,-1,431,433,434,-1,431,434,437,-1,437,434,435,-1,437,435,436,-1,425,423,424,-1,424,423,120,-1,424,120,431,-1,431,120,135,-1,431,135,422,-1,427,428,429,-1,425,426,423,-1,423,426,427,-1,423,427,430,-1,430,427,429,-1,164,438,105,-1,105,438,348,-1,439,379,440,-1,440,379,378,-1,440,378,441,-1,441,378,377,-1,441,377,442,-1,442,377,355,-1,442,355,443,-1,443,355,354,-1,443,354,444,-1,444,354,353,-1,444,353,445,-1,445,353,349,-1,445,349,438,-1,438,349,348,-1,439,446,379,-1,379,446,380,-1,447,369,448,-1,448,369,375,-1,448,375,449,-1,449,375,366,-1,449,366,450,-1,450,366,367,-1,450,367,451,-1,451,367,368,-1,451,368,452,-1,452,368,382,-1,452,382,453,-1,453,382,381,-1,453,381,446,-1,446,381,380,-1,447,121,369,-1,369,121,119,-1,164,121,438,-1,438,121,447,-1,450,451,452,-1,439,438,446,-1,446,438,447,-1,446,447,448,-1,448,449,446,-1,446,449,450,-1,446,450,453,-1,453,450,452,-1,440,441,442,-1,442,443,440,-1,440,443,444,-1,440,444,439,-1,439,444,445,-1,439,445,438,-1,336,350,324,-1,324,350,347,-1,324,347,325,-1,275,454,455,-1,252,456,457,-1,351,352,317,-1,255,275,458,-1,458,275,455,-1,458,455,459,-1,343,342,256,-1,256,342,408,-1,256,408,455,-1,455,408,460,-1,455,460,459,-1,258,249,461,-1,461,462,463,-1,457,258,252,-1,252,258,345,-1,252,345,256,-1,256,345,344,-1,256,344,343,-1,415,385,463,-1,463,385,384,-1,463,384,383,-1,383,351,463,-1,463,351,317,-1,463,317,461,-1,461,317,316,-1,461,316,258,-1,258,316,320,-1,258,320,345,-1,345,320,346,-1,255,458,253,-1,253,458,386,-1,458,459,386,-1,386,459,387,-1,462,461,420,-1,420,461,421,-1,461,249,421,-1,421,249,248,-1,420,411,462,-1,462,411,413,-1,462,413,463,-1,463,413,464,-1,463,464,415,-1,415,464,414,-1,464,413,414,-1,465,460,409,-1,409,460,408,-1,460,465,459,-1,459,465,410,-1,459,410,387,-1,387,410,388,-1,465,409,410,-1,
        ]
    }
}
Shape{
    appearance Appearance {
        material  Material 	{
            diffuseColor 0.6470588235294118 0.5176470588235295 0.0
            specularColor 0.45098039215686275 0.3607843137254902 0.0
            ambientIntensity 0.4973
            transparency 0.0
            shininess 0.5
        }
    }
    geometry IndexedFaceSet {
        ccw TRUE
        solid FALSE
        coord DEF co Coordinate {
            point [
                -0.561 0.2245 0.0591, -0.561 0.2245 0.0787, -0.4626 0.2245 0.0591, -0.4626 0.2245 0.0787, -0.561 0.2252 0.054, -0.4626 0.2252 0.054, -0.561 0.2272 0.0492, -0.4626 0.2272 0.0492, -0.561 0.2303 0.0451, -0.4626 0.2303 0.0451, -0.561 0.2344 0.042, -0.4626 0.2344 0.042, -0.561 0.2391 0.04, -0.4626 0.2391 0.04, -0.561 0.2442 0.0394, -0.4626 0.2442 0.0394, -0.561 0.6497 0.0394, -0.4626 0.6497 0.0394, -0.561 0.6497 0.0, -0.4626 0.6497 0.0, -0.561 0.2442 0.0, -0.4626 0.2442 0.0, -0.4626 0.2289 0.002, -0.561 0.2289 0.002, -0.4626 0.2147 0.0079, -0.561 0.2147 0.0079, -0.4626 0.2025 0.0173, -0.561 0.2025 0.0173, -0.4626 0.1931 0.0295, -0.561 0.1931 0.0295, -0.4626 0.1872 0.0438, -0.561 0.1872 0.0438, -0.4626 0.1852 0.0591, -0.561 0.1852 0.0591, -0.561 0.1852 0.0787, -0.4626 0.1852 0.0787, -0.3051 0.2245 0.0591, -0.3051 0.2245 0.0787, -0.2067 0.2245 0.0591, -0.2067 0.2245 0.0787, -0.3051 0.2252 0.054, -0.2067 0.2252 0.054, -0.3051 0.2272 0.0492, -0.2067 0.2272 0.0492, -0.3051 0.2303 0.0451, -0.2067 0.2303 0.0451, -0.3051 0.2344 0.042, -0.2067 0.2344 0.042, -0.3051 0.2391 0.04, -0.2067 0.2391 0.04, -0.3051 0.2442 0.0394, -0.2067 0.2442 0.0394, -0.3051 0.6497 0.0394, -0.2067 0.6497 0.0394, -0.3051 0.6497 0.0, -0.2067 0.6497 0.0, -0.3051 0.2442 0.0, -0.2067 0.2442 0.0, -0.2067 0.2289 0.002, -0.3051 0.2289 0.002, -0.2067 0.2147 0.0079, -0.3051 0.2147 0.0079, -0.2067 0.2025 0.0173, -0.3051 0.2025 0.0173, -0.2067 0.1931 0.0295, -0.3051 0.1931 0.0295, -0.2067 0.1872 0.0438, -0.3051 0.1872 0.0438, -0.2067 0.1852 0.0591, -0.3051 0.1852 0.0591, -0.3051 0.1852 0.0787, -0.2067 0.1852 0.0787, -0.0492 0.2245 0.0591, -0.0492 0.2245 0.0787, 0.0492 0.2245 0.0591, 0.0492 0.2245 0.0787, -0.0492 0.2252 0.054, 0.0492 0.2252 0.054, -0.0492 0.2272 0.0492, 0.0492 0.2272 0.0492, -0.0492 0.2303 0.0451, 0.0492 0.2303 0.0451, -0.0492 0.2344 0.042, 0.0492 0.2344 0.042, -0.0492 0.2391 0.04, 0.0492 0.2391 0.04, -0.0492 0.2442 0.0394, 0.0492 0.2442 0.0394, -0.0492 0.6497 0.0394, 0.0492 0.6497 0.0394, -0.0492 0.6497 0.0, 0.0492 0.6497 0.0, -0.0492 0.2442 0.0, 0.0492 0.2442 0.0, 0.0492 0.2289 0.002, -0.0492 0.2289 0.002, 0.0492 0.2147 0.0079, -0.0492 0.2147 0.0079, 0.0492 0.2025 0.0173, -0.0492 0.2025 0.0173, 0.0492 0.1931 0.0295, -0.0492 0.1931 0.0295, 0.0492 0.1872 0.0438, -0.0492 0.1872 0.0438, 0.0492 0.1852 0.0591, -0.0492 0.1852 0.0591, -0.0492 0.1852 0.0787, 0.0492 0.1852 0.0787, 0.2067 0.2245 0.0591, 0.2067 0.2245 0.0787, 0.3051 0.2245 0.0591, 0.3051 0.2245 0.0787, 0.2067 0.2252 0.054, 0.3051 0.2252 0.054, 0.2067 0.2272 0.0492, 0.3051 0.2272 0.0492, 0.2067 0.2303 0.0451, 0.3051 0.2303 0.0451, 0.2067 0.2344 0.042, 0.3051 0.2344 0.042, 0.2067 0.2391 0.04, 0.3051 0.2391 0.04, 0.2067 0.2442 0.0394, 0.3051 0.2442 0.0394, 0.2067 0.6497 0.0394, 0.3051 0.6497 0.0394, 0.2067 0.6497 0.0, 0.3051 0.6497 0.0, 0.2067 0.2442 0.0, 0.3051 0.2442 0.0, 0.3051 0.2289 0.002, 0.2067 0.2289 0.002, 0.3051 0.2147 0.0079, 0.2067 0.2147 0.0079, 0.3051 0.2025 0.0173, 0.2067 0.2025 0.0173, 0.3051 0.1931 0.0295, 0.2067 0.1931 0.0295, 0.3051 0.1872 0.0438, 0.2067 0.1872 0.0438, 0.3051 0.1852 0.0591, 0.2067 0.1852 0.0591, 0.2067 0.1852 0.0787, 0.3051 0.1852 0.0787, 0.4626 0.2245 0.0591, 0.4626 0.2245 0.0787, 0.561 0.2245 0.0591, 0.561 0.2245 0.0787, 0.4626 0.2252 0.054, 0.561 0.2252 0.054, 0.4626 0.2272 0.0492, 0.561 0.2272 0.0492, 0.4626 0.2303 0.0451, 0.561 0.2303 0.0451, 0.4626 0.2344 0.042, 0.561 0.2344 0.042, 0.4626 0.2391 0.04, 0.561 0.2391 0.04, 0.4626 0.2442 0.0394, 0.561 0.2442 0.0394, 0.4626 0.6497 0.0394, 0.561 0.6497 0.0394, 0.4626 0.6497 0.0, 0.561 0.6497 0.0, 0.4626 0.2442 0.0, 0.561 0.2442 0.0, 0.561 0.2289 0.002, 0.4626 0.2289 0.002, 0.561 0.2147 0.0079, 0.4626 0.2147 0.0079, 0.561 0.2025 0.0173, 0.4626 0.2025 0.0173, 0.561 0.1931 0.0295, 0.4626 0.1931 0.0295, 0.561 0.1872 0.0438, 0.4626 0.1872 0.0438, 0.561 0.1852 0.0591, 0.4626 0.1852 0.0591, 0.4626 0.1852 0.0787, 0.561 0.1852 0.0787
            ]
        }
        coordIndex [
            0,1,2,-1,2,1,3,-1,0,2,4,-1,4,2,5,-1,4,5,6,-1,6,5,7,-1,6,7,8,-1,8,7,9,-1,8,9,10,-1,10,9,11,-1,10,11,12,-1,12,11,13,-1,12,13,14,-1,14,13,15,-1,16,14,17,-1,17,14,15,-1,18,16,19,-1,19,16,17,-1,20,18,21,-1,21,18,19,-1,20,21,22,-1,20,22,23,-1,23,22,24,-1,23,24,25,-1,25,24,26,-1,25,26,27,-1,27,26,28,-1,27,28,29,-1,29,28,30,-1,29,30,31,-1,31,30,32,-1,31,32,33,-1,34,33,35,-1,35,33,32,-1,16,18,14,-1,14,18,20,-1,14,20,12,-1,12,20,23,-1,12,23,10,-1,10,23,25,-1,10,25,8,-1,8,25,27,-1,8,27,6,-1,6,27,29,-1,6,29,4,-1,4,29,31,-1,4,31,0,-1,0,31,33,-1,0,33,1,-1,1,33,34,-1,3,35,2,-1,2,35,32,-1,2,32,5,-1,5,32,30,-1,5,30,7,-1,7,30,28,-1,7,28,9,-1,9,28,26,-1,9,26,11,-1,11,26,24,-1,11,24,13,-1,13,24,22,-1,13,22,15,-1,15,22,21,-1,15,21,17,-1,17,21,19,-1,36,37,38,-1,38,37,39,-1,36,38,40,-1,40,38,41,-1,40,41,42,-1,42,41,43,-1,42,43,44,-1,44,43,45,-1,44,45,46,-1,46,45,47,-1,46,47,48,-1,48,47,49,-1,48,49,50,-1,50,49,51,-1,52,50,53,-1,53,50,51,-1,54,52,55,-1,55,52,53,-1,56,54,57,-1,57,54,55,-1,56,57,58,-1,56,58,59,-1,59,58,60,-1,59,60,61,-1,61,60,62,-1,61,62,63,-1,63,62,64,-1,63,64,65,-1,65,64,66,-1,65,66,67,-1,67,66,68,-1,67,68,69,-1,70,69,71,-1,71,69,68,-1,52,54,50,-1,50,54,56,-1,50,56,48,-1,48,56,59,-1,48,59,46,-1,46,59,61,-1,46,61,44,-1,44,61,63,-1,44,63,42,-1,42,63,65,-1,42,65,40,-1,40,65,67,-1,40,67,36,-1,36,67,69,-1,36,69,37,-1,37,69,70,-1,39,71,38,-1,38,71,68,-1,38,68,41,-1,41,68,66,-1,41,66,43,-1,43,66,64,-1,43,64,45,-1,45,64,62,-1,45,62,47,-1,47,62,60,-1,47,60,49,-1,49,60,58,-1,49,58,51,-1,51,58,57,-1,51,57,53,-1,53,57,55,-1,72,73,74,-1,74,73,75,-1,72,74,76,-1,76,74,77,-1,76,77,78,-1,78,77,79,-1,78,79,80,-1,80,79,81,-1,80,81,82,-1,82,81,83,-1,82,83,84,-1,84,83,85,-1,84,85,86,-1,86,85,87,-1,88,86,89,-1,89,86,87,-1,90,88,91,-1,91,88,89,-1,92,90,93,-1,93,90,91,-1,92,93,94,-1,92,94,95,-1,95,94,96,-1,95,96,97,-1,97,96,98,-1,97,98,99,-1,99,98,100,-1,99,100,101,-1,101,100,102,-1,101,102,103,-1,103,102,104,-1,103,104,105,-1,106,105,107,-1,107,105,104,-1,88,90,86,-1,86,90,92,-1,86,92,84,-1,84,92,95,-1,84,95,82,-1,82,95,97,-1,82,97,80,-1,80,97,99,-1,80,99,78,-1,78,99,101,-1,78,101,76,-1,76,101,103,-1,76,103,72,-1,72,103,105,-1,72,105,73,-1,73,105,106,-1,75,107,74,-1,74,107,104,-1,74,104,77,-1,77,104,102,-1,77,102,79,-1,79,102,100,-1,79,100,81,-1,81,100,98,-1,81,98,83,-1,83,98,96,-1,83,96,85,-1,85,96,94,-1,85,94,87,-1,87,94,93,-1,87,93,89,-1,89,93,91,-1,108,109,110,-1,110,109,111,-1,108,110,112,-1,112,110,113,-1,112,113,114,-1,114,113,115,-1,114,115,116,-1,116,115,117,-1,116,117,118,-1,118,117,119,-1,118,119,120,-1,120,119,121,-1,120,121,122,-1,122,121,123,-1,124,122,125,-1,125,122,123,-1,126,124,127,-1,127,124,125,-1,128,126,129,-1,129,126,127,-1,128,129,130,-1,128,130,131,-1,131,130,132,-1,131,132,133,-1,133,132,134,-1,133,134,135,-1,135,134,136,-1,135,136,137,-1,137,136,138,-1,137,138,139,-1,139,138,140,-1,139,140,141,-1,142,141,143,-1,143,141,140,-1,124,126,122,-1,122,126,128,-1,122,128,120,-1,120,128,131,-1,120,131,118,-1,118,131,133,-1,118,133,116,-1,116,133,135,-1,116,135,114,-1,114,135,137,-1,114,137,112,-1,112,137,139,-1,112,139,108,-1,108,139,141,-1,108,141,109,-1,109,141,142,-1,111,143,110,-1,110,143,140,-1,110,140,113,-1,113,140,138,-1,113,138,115,-1,115,138,136,-1,115,136,117,-1,117,136,134,-1,117,134,119,-1,119,134,132,-1,119,132,121,-1,121,132,130,-1,121,130,123,-1,123,130,129,-1,123,129,125,-1,125,129,127,-1,144,145,146,-1,146,145,147,-1,144,146,148,-1,148,146,149,-1,148,149,150,-1,150,149,151,-1,150,151,152,-1,152,151,153,-1,152,153,154,-1,154,153,155,-1,154,155,156,-1,156,155,157,-1,156,157,158,-1,158,157,159,-1,160,158,161,-1,161,158,159,-1,162,160,163,-1,163,160,161,-1,164,162,165,-1,165,162,163,-1,164,165,166,-1,164,166,167,-1,167,166,168,-1,167,168,169,-1,169,168,170,-1,169,170,171,-1,171,170,172,-1,171,172,173,-1,173,172,174,-1,173,174,175,-1,175,174,176,-1,175,176,177,-1,178,177,179,-1,179,177,176,-1,160,162,158,-1,158,162,164,-1,158,164,156,-1,156,164,167,-1,156,167,154,-1,154,167,169,-1,154,169,152,-1,152,169,171,-1,152,171,150,-1,150,171,173,-1,150,173,148,-1,148,173,175,-1,148,175,144,-1,144,175,177,-1,144,177,145,-1,145,177,178,-1,147,179,146,-1,146,179,176,-1,146,176,149,-1,149,176,174,-1,149,174,151,-1,151,174,172,-1,151,172,153,-1,153,172,170,-1,153,170,155,-1,155,170,168,-1,155,168,157,-1,157,168,166,-1,157,166,159,-1,159,166,165,-1,159,165,161,-1,161,165,163,-1,
        ]
    }
}
Shape{
    appearance Appearance {
        material  Material 	{
            diffuseColor 0.20784313725490197 0.20784313725490197 0.20784313725490197
            specularColor 0.01568627450980392 0.01568627450980392 0.01568627450980392
            ambientIntensity 0.298
            transparency 0.0
            shininess 0.5
        }
    }
    geometry IndexedFaceSet {
        ccw TRUE
        solid FALSE
        coord DEF co Coordinate {
            point [
                0.4331 0.256 0.8189, 0.4331 0.3938 0.8189, 0.4331 0.256 0.8583, 0.4331 0.3938 0.8583, 0.2953 0.256 0.8583, 0.2953 0.3938 0.8583, 0.2953 0.256 0.8189, 0.2953 0.3938 0.8189, 0.4134 0.2364 0.8583, 0.315 0.2364 0.8583, 0.4134 0.2364 0.8189, 0.315 0.2364 0.8189, 0.4134 0.256 0.878, 0.4134 0.3938 0.878, 0.315 0.256 0.878, 0.315 0.3938 0.878, -0.2953 0.256 0.8189, -0.2953 0.3938 0.8189, -0.2953 0.256 0.8583, -0.2953 0.3938 0.8583, -0.4331 0.256 0.8583, -0.4331 0.3938 0.8583, -0.4331 0.256 0.8189, -0.4331 0.3938 0.8189, -0.315 0.2364 0.8583, -0.4134 0.2364 0.8583, -0.315 0.2364 0.8189, -0.4134 0.2364 0.8189, -0.315 0.256 0.878, -0.315 0.3938 0.878, -0.4134 0.256 0.878, -0.4134 0.3938 0.878, -0.6693 -0.8384 0.5039, -0.6693 -0.8384 0.7008, -0.6693 -0.051 0.5039, -0.6693 -0.051 0.7008, -0.6004 -0.8384 0.4843, -0.6496 -0.8384 0.4843, -0.6004 -0.051 0.4843, -0.6496 -0.051 0.4843, 0.6693 -0.051 0.5039, 0.6693 -0.051 0.7008, 0.6693 -0.8384 0.5039, 0.6693 -0.8384 0.7008, -0.6138 -1.0353 0.665, -0.6138 -1.0353 0.5398, -0.5807 -1.0353 0.5398, -0.4429 -1.0353 0.5398, -0.3248 -1.0353 0.5398, -0.187 -1.0353 0.5398, -0.0689 -1.0353 0.5398, 0.0689 -1.0353 0.5398, 0.6138 -1.0353 0.665, 0.187 -1.0353 0.5398, 0.3248 -1.0353 0.5398, 0.4429 -1.0353 0.5398, 0.5807 -1.0353 0.5398, 0.6138 -1.0353 0.5398, 0.6138 -1.0195 0.6843, 0.65 -0.8385 0.7205, 0.6496 -0.8384 0.7205, 0.561 -0.8384 0.7205, 0.4626 -0.8384 0.7205, 0.3051 -0.8384 0.7205, -0.65 -0.8385 0.7205, -0.6138 -1.0195 0.6843, -0.6496 -0.8384 0.7205, -0.561 -0.8384 0.7205, -0.2067 -0.8384 0.7205, -0.3051 -0.8384 0.7205, -0.4626 -0.8384 0.7205, 0.2067 -0.8384 0.7205, 0.0492 -0.8384 0.7205, -0.0492 -0.8384 0.7205, -0.6693 -0.8385 0.5036, -0.6331 -1.0195 0.5398, -0.6331 -1.0195 0.665, -0.6693 -0.8385 0.7012, 0.6693 -0.8385 0.7012, 0.6331 -1.0195 0.665, 0.6331 -1.0195 0.5398, 0.6693 -0.8385 0.5036, -0.6138 -1.0195 0.5205, -0.65 -0.8385 0.4843, -0.5807 -1.0195 0.5205, -0.5807 -0.9369 0.5039, 0.6496 -0.8384 0.4843, 0.6496 -0.051 0.4843, 0.65 -0.8385 0.4843, 0.6547 -0.051 0.4849, 0.6547 -0.8389 0.485, 0.6549 -0.8389 0.485, 0.6594 -0.051 0.4869, 0.6594 -0.8391 0.4869, 0.6596 -0.8391 0.487, 0.6635 -0.051 0.49, 0.6635 -0.8392 0.49, 0.6666 -0.8391 0.494, 0.6667 -0.051 0.4941, 0.6666 -0.8391 0.4941, 0.6686 -0.8389 0.4986, 0.6686 -0.051 0.4988, 0.6686 -0.8389 0.4988, -0.6686 -0.051 0.4988, -0.6686 -0.8389 0.4988, -0.6686 -0.8389 0.4986, -0.6667 -0.051 0.4941, -0.6666 -0.8391 0.4941, -0.6666 -0.8391 0.494, -0.6635 -0.051 0.49, -0.6635 -0.8392 0.49, -0.6596 -0.8391 0.487, -0.6594 -0.051 0.4869, -0.6594 -0.8391 0.4869, -0.6549 -0.8389 0.485, -0.6547 -0.051 0.4849, -0.6547 -0.8389 0.485, 0.6187 -1.0203 0.5213, 0.6323 -1.0202 0.5353, 0.6323 -1.0203 0.5349, 0.6272 -1.021 0.5264, 0.6279 -1.0209 0.5273, 0.6303 -1.0208 0.5303, 0.6259 -1.0209 0.5254, 0.6244 -1.0208 0.5242, 0.6232 -1.0208 0.5233, 0.6206 -1.0205 0.5221, 0.62 -1.0204 0.5219, 0.6149 -1.0197 0.5207, 0.6138 -1.0195 0.5205, 0.6163 -1.0199 0.5209, 0.6179 -1.0202 0.5211, -0.5807 -1.0238 0.5218, -0.6138 -1.0237 0.5219, -0.6138 -1.0236 0.5218, -0.5807 -1.0276 0.5242, -0.5807 -1.0308 0.5273, -0.6138 -1.0308 0.5273, -0.6138 -1.0308 0.5272, -0.6138 -1.0276 0.5242, -0.6138 -1.0275 0.5241, -0.6138 -1.0348 0.5353, -0.6138 -1.0348 0.5353, -0.5807 -1.0333 0.5311, -0.6138 -1.0333 0.5311, -0.6138 -1.0332 0.531, -0.5807 -1.0348 0.5353, -0.6149 -1.0197 0.5207, -0.6187 -1.0203 0.5213, -0.6179 -1.0202 0.5211, -0.6163 -1.0199 0.5209, -0.62 -1.0204 0.5219, -0.6206 -1.0205 0.5221, -0.6259 -1.0209 0.5254, -0.6244 -1.0208 0.5242, -0.6232 -1.0208 0.5233, -0.6272 -1.021 0.5264, -0.6279 -1.0209 0.5273, -0.6303 -1.0208 0.5303, -0.6323 -1.0203 0.5349, -0.6323 -1.0202 0.5353, 0.6686 -0.051 0.7059, 0.6686 -0.8389 0.7059, 0.6686 -0.8389 0.7061, 0.6667 -0.051 0.7106, 0.6666 -0.8391 0.7106, 0.6666 -0.8391 0.7107, 0.6635 -0.051 0.7147, 0.6635 -0.8392 0.7147, 0.6596 -0.8391 0.7178, 0.6594 -0.051 0.7178, 0.6594 -0.8391 0.7178, 0.6549 -0.8389 0.7197, 0.6547 -0.051 0.7198, 0.6547 -0.8389 0.7198, 0.6496 -0.051 0.7205, 0.6313 -1.0234 0.5353, 0.6276 -1.0218 0.5272, 0.6233 -1.0228 0.5241, 0.6189 -1.0218 0.5218, 0.6173 -1.0228 0.5218, 0.6156 -1.0234 0.5218, 0.6138 -1.0236 0.5218, 0.6318 -1.0236 0.5398, 0.6317 -1.0237 0.5398, 0.629 -1.0272 0.5353, 0.6295 -1.0275 0.5398, 0.6294 -1.0276 0.5398, 0.626 -1.0304 0.5353, 0.6263 -1.0308 0.5398, 0.6263 -1.0308 0.5398, 0.6223 -1.0328 0.5353, 0.6225 -1.0332 0.5398, 0.6225 -1.0333 0.5398, 0.6182 -1.0343 0.5353, 0.6138 -1.0348 0.5353, 0.6182 -1.0348 0.5398, 0.6183 -1.0348 0.5398, 0.6299 -1.0228 0.531, 0.6278 -1.0263 0.531, 0.625 -1.0292 0.531, 0.6216 -1.0314 0.531, 0.6178 -1.0328 0.531, 0.6138 -1.0348 0.5353, 0.6138 -1.0333 0.5311, 0.6138 -1.0332 0.531, 0.6138 -1.0308 0.5273, 0.6172 -1.0304 0.5272, 0.6205 -1.0292 0.5272, 0.6235 -1.0273 0.5272, 0.6259 -1.0248 0.5272, 0.6214 -1.0248 0.5241, 0.6191 -1.0263 0.5241, 0.6165 -1.0272 0.5241, 0.6138 -1.0308 0.5272, 0.6138 -1.0276 0.5242, 0.6138 -1.0275 0.5241, 0.6138 -1.0237 0.5219, -0.6317 -1.0237 0.5398, -0.6318 -1.0236 0.5398, -0.6313 -1.0234 0.5353, -0.6294 -1.0276 0.5398, -0.6295 -1.0275 0.5398, -0.629 -1.0272 0.5353, -0.6263 -1.0308 0.5398, -0.6263 -1.0308 0.5398, -0.626 -1.0304 0.5353, -0.6225 -1.0333 0.5398, -0.6225 -1.0332 0.5398, -0.6223 -1.0328 0.5353, -0.6189 -1.0218 0.5218, -0.6156 -1.0234 0.5218, -0.6214 -1.0248 0.5241, -0.6259 -1.0248 0.5272, -0.6233 -1.0228 0.5241, -0.6276 -1.0218 0.5272, -0.6299 -1.0228 0.531, -0.6183 -1.0348 0.5398, -0.6182 -1.0343 0.5353, -0.6182 -1.0348 0.5398, -0.6178 -1.0328 0.531, -0.6172 -1.0304 0.5272, -0.6278 -1.0263 0.531, -0.6165 -1.0272 0.5241, -0.625 -1.0292 0.531, -0.6235 -1.0273 0.5272, -0.6216 -1.0314 0.531, -0.6205 -1.0292 0.5272, -0.6191 -1.0263 0.5241, -0.6173 -1.0228 0.5218, -0.6496 -0.051 0.7205, -0.6547 -0.051 0.7198, -0.6547 -0.8389 0.7198, -0.6549 -0.8389 0.7197, -0.6594 -0.051 0.7178, -0.6594 -0.8391 0.7178, -0.6596 -0.8391 0.7178, -0.6635 -0.051 0.7147, -0.6635 -0.8392 0.7147, -0.6666 -0.8391 0.7107, -0.6667 -0.051 0.7106, -0.6666 -0.8391 0.7106, -0.6686 -0.8389 0.7061, -0.6686 -0.051 0.7059, -0.6686 -0.8389 0.7059, 0.6149 -1.0197 0.6841, 0.6187 -1.0203 0.6835, 0.6179 -1.0202 0.6836, 0.6163 -1.0199 0.6838, 0.62 -1.0204 0.6829, 0.6206 -1.0205 0.6826, 0.6259 -1.0209 0.6794, 0.6244 -1.0208 0.6806, 0.6232 -1.0208 0.6814, 0.6272 -1.021 0.6784, 0.6279 -1.0209 0.6774, 0.6303 -1.0208 0.6744, 0.6323 -1.0203 0.6698, 0.6323 -1.0202 0.6695, 0.6318 -1.0236 0.665, 0.6317 -1.0237 0.665, 0.6295 -1.0275 0.665, 0.6294 -1.0276 0.665, 0.6263 -1.0308 0.665, 0.6263 -1.0308 0.665, 0.6225 -1.0332 0.665, 0.6225 -1.0333 0.665, 0.6183 -1.0348 0.665, 0.6182 -1.0348 0.665, -0.6318 -1.0236 0.665, -0.6317 -1.0237 0.665, -0.6295 -1.0275 0.665, -0.6294 -1.0276 0.665, -0.6263 -1.0308 0.665, -0.6263 -1.0308 0.665, -0.6225 -1.0332 0.665, -0.6225 -1.0333 0.665, -0.6183 -1.0348 0.665, -0.6182 -1.0348 0.665, -0.6323 -1.0202 0.6695, -0.6323 -1.0203 0.6698, -0.6272 -1.021 0.6784, -0.6279 -1.0209 0.6774, -0.6303 -1.0208 0.6744, -0.6259 -1.0209 0.6794, -0.6244 -1.0208 0.6806, -0.6232 -1.0208 0.6814, -0.6206 -1.0205 0.6826, -0.62 -1.0204 0.6829, -0.6187 -1.0203 0.6835, -0.6179 -1.0202 0.6836, -0.6163 -1.0199 0.6838, -0.6149 -1.0197 0.6841, 0.6182 -1.0343 0.6695, 0.6223 -1.0328 0.6695, 0.626 -1.0304 0.6695, 0.629 -1.0272 0.6695, 0.6313 -1.0234 0.6695, 0.6189 -1.0218 0.6829, 0.6156 -1.0234 0.6829, 0.6214 -1.0248 0.6806, 0.6259 -1.0248 0.6775, 0.6233 -1.0228 0.6806, 0.6276 -1.0218 0.6775, 0.6299 -1.0228 0.6737, 0.6138 -1.0236 0.6829, 0.6138 -1.0237 0.6829, 0.6165 -1.0272 0.6806, 0.6138 -1.0275 0.6806, 0.6138 -1.0276 0.6806, 0.6172 -1.0304 0.6775, 0.6138 -1.0308 0.6775, 0.6138 -1.0308 0.6774, 0.6178 -1.0328 0.6737, 0.6138 -1.0332 0.6737, 0.6138 -1.0333 0.6737, 0.6278 -1.0263 0.6737, 0.625 -1.0292 0.6737, 0.6235 -1.0273 0.6775, 0.6216 -1.0314 0.6737, 0.6205 -1.0292 0.6775, 0.6191 -1.0263 0.6806, 0.6173 -1.0228 0.6829, 0.6138 -1.0348 0.6694, 0.6138 -1.0348 0.6695, -0.629 -1.0272 0.6695, -0.626 -1.0304 0.6695, -0.6223 -1.0328 0.6695, -0.6313 -1.0234 0.6695, -0.6276 -1.0218 0.6775, -0.6299 -1.0228 0.6737, -0.6233 -1.0228 0.6806, -0.6189 -1.0218 0.6829, -0.6138 -1.0236 0.6829, -0.6156 -1.0234 0.6829, -0.6138 -1.0237 0.6829, -0.6165 -1.0272 0.6806, -0.6172 -1.0304 0.6775, -0.6138 -1.0276 0.6806, -0.6138 -1.0275 0.6806, -0.6138 -1.0333 0.6737, -0.6138 -1.0332 0.6737, -0.6178 -1.0328 0.6737, -0.6138 -1.0308 0.6774, -0.6138 -1.0308 0.6775, -0.6182 -1.0343 0.6695, -0.6138 -1.0348 0.6695, -0.6138 -1.0348 0.6694, -0.6216 -1.0314 0.6737, -0.6205 -1.0292 0.6775, -0.6191 -1.0263 0.6806, -0.6173 -1.0228 0.6829, -0.625 -1.0292 0.6737, -0.6235 -1.0273 0.6775, -0.6214 -1.0248 0.6806, -0.6278 -1.0263 0.6737, -0.6259 -1.0248 0.6775
            ]
        }
        coordIndex [
            0,1,2,-1,2,1,3,-1,4,5,6,-1,6,5,7,-1,8,9,10,-1,10,9,11,-1,12,13,14,-1,14,13,15,-1,16,17,18,-1,18,17,19,-1,20,21,22,-1,22,21,23,-1,24,25,26,-1,26,25,27,-1,28,29,30,-1,30,29,31,-1,32,33,34,-1,34,33,35,-1,36,37,38,-1,38,37,39,-1,40,41,42,-1,42,41,43,-1,44,45,46,-1,46,47,44,-1,44,47,48,-1,44,48,49,-1,49,50,44,-1,44,50,51,-1,44,51,52,-1,52,51,53,-1,52,53,54,-1,54,55,52,-1,52,55,56,-1,52,56,57,-1,58,59,60,-1,60,61,58,-1,58,61,62,-1,58,62,63,-1,64,65,66,-1,66,65,67,-1,68,69,65,-1,65,69,70,-1,65,70,67,-1,63,71,58,-1,58,71,72,-1,58,72,65,-1,65,72,73,-1,65,73,68,-1,32,74,75,-1,32,75,33,-1,33,75,76,-1,33,76,77,-1,78,79,43,-1,43,79,80,-1,43,80,42,-1,42,80,81,-1,82,83,37,-1,84,82,85,-1,85,82,37,-1,85,37,36,-1,86,87,88,-1,88,87,89,-1,88,89,90,-1,90,89,91,-1,91,89,92,-1,91,92,93,-1,93,92,94,-1,94,92,95,-1,94,95,96,-1,96,95,97,-1,97,95,98,-1,97,98,99,-1,99,98,100,-1,100,98,101,-1,100,101,102,-1,40,42,101,-1,101,42,81,-1,101,81,102,-1,32,34,74,-1,74,34,103,-1,74,103,104,-1,104,103,105,-1,105,103,106,-1,105,106,107,-1,107,106,108,-1,108,106,109,-1,108,109,110,-1,110,109,111,-1,111,109,112,-1,111,112,113,-1,113,112,114,-1,114,112,115,-1,114,115,116,-1,39,37,115,-1,115,37,83,-1,115,83,116,-1,90,91,117,-1,81,80,102,-1,102,80,118,-1,102,118,100,-1,100,118,119,-1,100,119,99,-1,99,119,97,-1,120,96,121,-1,121,96,97,-1,121,97,122,-1,122,97,119,-1,120,123,96,-1,96,123,124,-1,96,124,94,-1,94,124,125,-1,94,125,93,-1,93,125,126,-1,93,126,91,-1,91,126,127,-1,91,127,117,-1,128,129,88,-1,128,88,130,-1,90,117,88,-1,88,117,131,-1,88,131,130,-1,132,133,84,-1,84,133,134,-1,84,134,82,-1,135,136,137,-1,137,138,135,-1,135,138,139,-1,135,139,132,-1,132,139,140,-1,132,140,133,-1,141,142,143,-1,143,142,144,-1,143,144,136,-1,136,144,145,-1,136,145,137,-1,143,146,141,-1,141,146,46,-1,141,46,45,-1,83,82,116,-1,116,82,147,-1,148,114,149,-1,149,114,116,-1,149,116,150,-1,150,116,147,-1,148,151,114,-1,114,151,152,-1,114,152,113,-1,113,152,111,-1,153,110,154,-1,154,110,111,-1,154,111,155,-1,155,111,152,-1,153,156,110,-1,110,156,157,-1,110,157,108,-1,108,157,158,-1,108,158,107,-1,107,158,159,-1,75,74,160,-1,160,74,104,-1,160,104,159,-1,159,104,105,-1,159,105,107,-1,43,41,78,-1,78,41,161,-1,78,161,162,-1,162,161,163,-1,163,161,164,-1,163,164,165,-1,165,164,166,-1,166,164,167,-1,166,167,168,-1,168,167,169,-1,169,167,170,-1,169,170,171,-1,171,170,172,-1,172,170,173,-1,172,173,174,-1,175,60,173,-1,173,60,59,-1,173,59,174,-1,119,118,176,-1,176,118,80,-1,120,121,177,-1,177,121,122,-1,125,124,178,-1,178,124,123,-1,117,127,179,-1,179,127,126,-1,117,179,131,-1,131,179,180,-1,131,180,130,-1,130,180,181,-1,130,181,128,-1,128,181,182,-1,128,182,129,-1,80,183,176,-1,176,183,184,-1,176,184,185,-1,184,186,185,-1,185,186,187,-1,185,187,188,-1,187,189,188,-1,188,189,190,-1,188,190,191,-1,190,192,191,-1,191,192,193,-1,191,193,194,-1,57,195,196,-1,196,195,194,-1,196,194,197,-1,197,194,193,-1,119,176,198,-1,198,176,185,-1,198,185,199,-1,199,185,188,-1,199,188,200,-1,200,188,191,-1,200,191,201,-1,201,191,194,-1,201,194,202,-1,195,203,194,-1,194,203,204,-1,194,204,202,-1,202,204,205,-1,202,205,206,-1,206,207,202,-1,202,207,208,-1,202,208,201,-1,201,208,209,-1,201,209,200,-1,200,209,210,-1,200,210,199,-1,199,210,177,-1,199,177,198,-1,198,177,122,-1,198,122,119,-1,120,177,123,-1,123,177,210,-1,123,210,178,-1,178,210,209,-1,178,209,211,-1,211,209,208,-1,211,208,212,-1,212,208,207,-1,212,207,213,-1,206,214,207,-1,207,214,215,-1,207,215,213,-1,213,215,216,-1,213,216,217,-1,125,178,126,-1,126,178,211,-1,126,211,179,-1,179,211,212,-1,179,212,180,-1,180,212,213,-1,180,213,181,-1,181,213,217,-1,181,217,182,-1,218,219,220,-1,221,222,223,-1,224,225,226,-1,227,228,229,-1,148,149,230,-1,231,147,82,-1,232,152,230,-1,230,152,151,-1,230,151,148,-1,233,153,234,-1,234,153,154,-1,234,154,155,-1,156,235,157,-1,157,235,236,-1,157,236,158,-1,158,236,159,-1,159,236,220,-1,159,220,160,-1,160,220,219,-1,160,219,75,-1,237,238,239,-1,239,238,141,-1,239,141,45,-1,240,144,238,-1,238,144,142,-1,238,142,141,-1,241,137,240,-1,240,137,145,-1,240,145,144,-1,222,218,223,-1,223,218,220,-1,223,220,242,-1,242,220,236,-1,242,236,233,-1,233,236,235,-1,233,235,153,-1,153,235,156,-1,243,139,241,-1,241,139,138,-1,241,138,137,-1,225,221,226,-1,226,221,223,-1,226,223,244,-1,244,223,242,-1,244,242,245,-1,245,242,233,-1,245,233,232,-1,232,233,234,-1,232,234,152,-1,152,234,155,-1,82,134,231,-1,231,134,133,-1,231,133,243,-1,243,133,140,-1,243,140,139,-1,237,227,238,-1,238,227,229,-1,238,229,240,-1,240,229,246,-1,240,246,241,-1,241,246,247,-1,241,247,243,-1,243,247,248,-1,243,248,231,-1,231,248,249,-1,231,249,147,-1,147,249,150,-1,228,224,229,-1,229,224,226,-1,229,226,246,-1,246,226,244,-1,246,244,247,-1,247,244,245,-1,247,245,248,-1,248,245,232,-1,248,232,249,-1,249,232,230,-1,249,230,150,-1,150,230,149,-1,66,250,64,-1,64,250,251,-1,64,251,252,-1,252,251,253,-1,253,251,254,-1,253,254,255,-1,255,254,256,-1,256,254,257,-1,256,257,258,-1,258,257,259,-1,259,257,260,-1,259,260,261,-1,261,260,262,-1,262,260,263,-1,262,263,264,-1,35,33,263,-1,263,33,77,-1,263,77,264,-1,59,58,174,-1,174,58,265,-1,266,172,267,-1,267,172,174,-1,267,174,268,-1,268,174,265,-1,266,269,172,-1,172,269,270,-1,172,270,171,-1,171,270,169,-1,271,168,272,-1,272,168,169,-1,272,169,273,-1,273,169,270,-1,271,274,168,-1,168,274,275,-1,168,275,166,-1,166,275,276,-1,166,276,165,-1,165,276,277,-1,165,277,163,-1,163,277,162,-1,162,277,78,-1,78,277,278,-1,78,278,79,-1,80,79,183,-1,183,79,279,-1,183,279,184,-1,184,279,280,-1,184,280,186,-1,186,280,281,-1,186,281,187,-1,187,281,282,-1,187,282,189,-1,189,282,283,-1,189,283,190,-1,190,283,284,-1,190,284,192,-1,192,284,285,-1,192,285,193,-1,193,285,286,-1,193,286,197,-1,197,286,287,-1,197,287,196,-1,287,288,196,-1,196,288,52,-1,196,52,57,-1,76,75,289,-1,289,75,219,-1,289,219,290,-1,290,219,218,-1,290,218,291,-1,291,218,222,-1,291,222,292,-1,292,222,221,-1,292,221,293,-1,293,221,225,-1,293,225,294,-1,294,225,224,-1,294,224,295,-1,295,224,228,-1,295,228,296,-1,296,228,227,-1,296,227,297,-1,297,227,237,-1,297,237,298,-1,237,239,298,-1,298,239,45,-1,298,45,44,-1,77,76,264,-1,264,76,299,-1,264,299,262,-1,262,299,300,-1,262,300,261,-1,261,300,259,-1,301,258,302,-1,302,258,259,-1,302,259,303,-1,303,259,300,-1,301,304,258,-1,258,304,305,-1,258,305,256,-1,256,305,306,-1,256,306,255,-1,255,306,307,-1,255,307,253,-1,253,307,308,-1,253,308,309,-1,310,64,309,-1,309,64,252,-1,309,252,253,-1,310,311,64,-1,64,311,312,-1,64,312,65,-1,288,287,313,-1,286,285,314,-1,284,283,315,-1,282,281,316,-1,280,279,317,-1,266,267,318,-1,319,265,58,-1,320,270,318,-1,318,270,269,-1,318,269,266,-1,321,271,322,-1,322,271,272,-1,322,272,273,-1,274,323,275,-1,275,323,324,-1,275,324,276,-1,276,324,277,-1,277,324,317,-1,277,317,278,-1,278,317,279,-1,278,279,79,-1,58,325,319,-1,319,325,326,-1,319,326,327,-1,326,328,327,-1,327,328,329,-1,327,329,330,-1,329,331,330,-1,330,331,332,-1,330,332,333,-1,332,334,333,-1,333,334,335,-1,333,335,313,-1,281,280,316,-1,316,280,317,-1,316,317,336,-1,336,317,324,-1,336,324,321,-1,321,324,323,-1,321,323,271,-1,271,323,274,-1,283,282,315,-1,315,282,316,-1,315,316,337,-1,337,316,336,-1,337,336,338,-1,338,336,321,-1,338,321,320,-1,320,321,322,-1,320,322,270,-1,270,322,273,-1,285,284,314,-1,314,284,315,-1,314,315,339,-1,339,315,337,-1,339,337,340,-1,340,337,338,-1,340,338,341,-1,341,338,320,-1,341,320,342,-1,342,320,318,-1,342,318,268,-1,268,318,267,-1,287,286,313,-1,313,286,314,-1,313,314,333,-1,333,314,339,-1,333,339,330,-1,330,339,340,-1,330,340,327,-1,327,340,341,-1,327,341,319,-1,319,341,342,-1,319,342,265,-1,265,342,268,-1,52,288,343,-1,343,288,313,-1,343,313,344,-1,344,313,335,-1,290,291,345,-1,292,293,346,-1,294,295,347,-1,76,289,348,-1,349,303,350,-1,350,303,300,-1,350,300,348,-1,348,300,299,-1,348,299,76,-1,304,301,349,-1,349,301,302,-1,349,302,303,-1,351,307,306,-1,352,310,309,-1,65,312,353,-1,353,312,354,-1,353,354,355,-1,355,354,356,-1,357,358,356,-1,356,358,359,-1,356,359,355,-1,360,361,362,-1,362,361,363,-1,362,363,357,-1,357,363,364,-1,357,364,358,-1,296,297,365,-1,365,297,298,-1,360,362,366,-1,366,362,365,-1,366,365,367,-1,367,365,298,-1,367,298,44,-1,295,296,347,-1,347,296,365,-1,347,365,368,-1,368,365,362,-1,368,362,369,-1,369,362,357,-1,369,357,370,-1,370,357,356,-1,370,356,371,-1,371,356,354,-1,371,354,311,-1,311,354,312,-1,293,294,346,-1,346,294,347,-1,346,347,372,-1,372,347,368,-1,372,368,373,-1,373,368,369,-1,373,369,374,-1,374,369,370,-1,374,370,352,-1,352,370,371,-1,352,371,310,-1,310,371,311,-1,291,292,345,-1,345,292,346,-1,345,346,375,-1,375,346,372,-1,375,372,376,-1,376,372,373,-1,376,373,351,-1,351,373,374,-1,351,374,307,-1,307,374,352,-1,307,352,308,-1,308,352,309,-1,289,290,348,-1,348,290,345,-1,348,345,350,-1,350,345,375,-1,350,375,349,-1,349,375,376,-1,349,376,304,-1,304,376,351,-1,304,351,305,-1,305,351,306,-1,58,65,325,-1,325,65,353,-1,325,353,326,-1,326,353,355,-1,326,355,328,-1,328,355,359,-1,328,359,329,-1,329,359,358,-1,329,358,331,-1,331,358,364,-1,331,364,332,-1,332,364,363,-1,332,363,334,-1,334,363,361,-1,334,361,335,-1,335,361,360,-1,335,360,344,-1,344,360,366,-1,344,366,343,-1,366,367,343,-1,343,367,44,-1,343,44,52,-1,
        ]
    }
}
Shape{
    appearance Appearance {
        material  Material 	{
            diffuseColor 0.6470588235294118 0.5176470588235295 0.0
            specularColor 0.45098039215686275 0.3607843137254902 0.0
            ambientIntensity 0.4973
            transparency 0.0
            shininess 0.5
        }
    }
    geometry IndexedFaceSet {
        ccw TRUE
        solid FALSE
        coord DEF co Coordinate {
            point [
                -0.561 -0.8384 0.7205, -0.561 -0.8384 0.7244, -0.561 -0.051 0.7205, -0.561 -0.051 0.7244, -0.4626 -0.8384 0.7244, -0.4626 -0.8384 0.7205, -0.4626 -0.051 0.7244, -0.4626 -0.051 0.7205, -0.2067 -0.8384 0.7244, -0.2067 -0.8384 0.7205, -0.2067 -0.051 0.7244, -0.2067 -0.051 0.7205, -0.3051 -0.8384 0.7244, -0.3051 -0.051 0.7244, -0.3051 -0.8384 0.7205, -0.3051 -0.051 0.7205, 0.0492 -0.8384 0.7244, 0.0492 -0.8384 0.7205, 0.0492 -0.051 0.7244, 0.0492 -0.051 0.7205, -0.0492 -0.8384 0.7244, -0.0492 -0.051 0.7244, -0.0492 -0.8384 0.7205, -0.0492 -0.051 0.7205, 0.3051 -0.8384 0.7244, 0.3051 -0.8384 0.7205, 0.3051 -0.051 0.7244, 0.3051 -0.051 0.7205, 0.2067 -0.8384 0.7244, 0.2067 -0.051 0.7244, 0.2067 -0.8384 0.7205, 0.2067 -0.051 0.7205, 0.561 -0.8384 0.7244, 0.561 -0.8384 0.7205, 0.561 -0.051 0.7244, 0.561 -0.051 0.7205, 0.4626 -0.8384 0.7244, 0.4626 -0.051 0.7244, 0.4626 -0.8384 0.7205, 0.4626 -0.051 0.7205
            ]
        }
        coordIndex [
            0,1,2,-1,2,1,3,-1,4,5,6,-1,6,5,7,-1,1,4,3,-1,3,4,6,-1,5,4,0,-1,0,4,1,-1,8,9,10,-1,10,9,11,-1,12,8,13,-1,13,8,10,-1,14,12,15,-1,15,12,13,-1,8,12,9,-1,9,12,14,-1,16,17,18,-1,18,17,19,-1,20,16,21,-1,21,16,18,-1,22,20,23,-1,23,20,21,-1,16,20,17,-1,17,20,22,-1,24,25,26,-1,26,25,27,-1,28,24,29,-1,29,24,26,-1,30,28,31,-1,31,28,29,-1,24,28,25,-1,25,28,30,-1,32,33,34,-1,34,33,35,-1,36,32,37,-1,37,32,34,-1,38,36,39,-1,39,36,37,-1,32,36,33,-1,33,36,38,-1,
        ]
    }
}
Shape{
    appearance Appearance {
        material  Material 	{
            diffuseColor 0.20784313725490197 0.20784313725490197 0.20784313725490197
            specularColor 0.01568627450980392 0.01568627450980392 0.01568627450980392
            ambientIntensity 0.298
            transparency 0.0
            shininess 0.5
        }
    }
    geometry IndexedFaceSet {
        ccw TRUE
        solid FALSE
        coord DEF co Coordinate {
            point [
                -0.4331 0.3938 0.8189, -0.4331 0.3938 0.8583, -0.4325 0.3982 0.8583, -0.4326 0.3982 0.8189, -0.4324 0.3989 0.8583, -0.4311 0.4024 0.8189, -0.431 0.4023 0.8583, -0.4304 0.4037 0.8583, -0.4288 0.4061 0.8189, -0.4286 0.406 0.8583, -0.4273 0.4078 0.8583, -0.4257 0.4092 0.8189, -0.4256 0.4091 0.8583, -0.4232 0.4109 0.8583, -0.4219 0.4116 0.8189, -0.4219 0.4114 0.8583, -0.4185 0.4128 0.8583, -0.4178 0.413 0.8189, -0.4178 0.4129 0.8583, -0.4134 0.4135 0.8583, -0.4134 0.4135 0.8189, -0.315 0.4135 0.8583, -0.4134 0.4128 0.8634, -0.315 0.4128 0.8634, -0.4134 0.4109 0.8681, -0.315 0.4109 0.8681, -0.4134 0.4078 0.8722, -0.315 0.4078 0.8722, -0.4134 0.4037 0.8753, -0.315 0.4037 0.8753, -0.4134 0.3989 0.8773, -0.315 0.3989 0.8773, -0.4134 0.3938 0.878, -0.315 0.3938 0.878, -0.315 0.4135 0.8189, -0.3099 0.4128 0.8583, -0.3099 0.4128 0.8189, -0.3051 0.4109 0.8583, -0.3051 0.4109 0.8189, -0.301 0.4078 0.8583, -0.301 0.4078 0.8189, -0.2979 0.4037 0.8583, -0.2979 0.4037 0.8189, -0.2959 0.3989 0.8583, -0.2959 0.3989 0.8189, -0.2953 0.3938 0.8583, -0.2953 0.3938 0.8189, -0.4183 0.4122 0.8634, -0.4229 0.4103 0.8634, -0.4268 0.4073 0.8634, -0.4299 0.4033 0.8634, -0.4318 0.3988 0.8634, -0.4324 0.3938 0.8634, -0.4299 0.3982 0.8681, -0.4304 0.3938 0.8681, -0.4268 0.3974 0.8722, -0.4273 0.3938 0.8722, -0.4229 0.3964 0.8753, -0.4232 0.3938 0.8753, -0.4183 0.3952 0.8773, -0.4185 0.3938 0.8773, -0.4281 0.4024 0.8681, -0.4254 0.4008 0.8722, -0.4219 0.3988 0.8753, -0.4178 0.3964 0.8773, -0.4254 0.4059 0.8681, -0.4232 0.4037 0.8722, -0.4203 0.4008 0.8753, -0.417 0.3974 0.8773, -0.4219 0.4086 0.8681, -0.4203 0.4059 0.8722, -0.4183 0.4024 0.8753, -0.4159 0.3982 0.8773, -0.4178 0.4103 0.8681, -0.417 0.4073 0.8722, -0.4159 0.4033 0.8753, -0.4147 0.3988 0.8773, -0.31 0.4122 0.8634, -0.31 0.4024 0.8753, -0.3124 0.3982 0.8773, -0.3114 0.3974 0.8773, -0.3099 0.3938 0.8773, -0.31 0.3952 0.8773, -0.3136 0.3988 0.8773, -0.3124 0.4033 0.8753, -0.3114 0.4073 0.8722, -0.308 0.4008 0.8753, -0.3105 0.3964 0.8773, -0.3064 0.3988 0.8753, -0.3055 0.3964 0.8753, -0.3051 0.3938 0.8753, -0.308 0.4059 0.8722, -0.3051 0.4037 0.8722, -0.3029 0.4008 0.8722, -0.3015 0.3974 0.8722, -0.301 0.3938 0.8722, -0.3105 0.4103 0.8681, -0.3064 0.4086 0.8681, -0.3029 0.4059 0.8681, -0.3002 0.4024 0.8681, -0.2985 0.3982 0.8681, -0.2979 0.3938 0.8681, -0.3055 0.4103 0.8634, -0.3015 0.4073 0.8634, -0.2985 0.4033 0.8634, -0.2966 0.3988 0.8634, -0.2959 0.3938 0.8634, -0.4331 0.256 0.8583, -0.4331 0.256 0.8189, -0.4324 0.2509 0.8189, -0.4324 0.2509 0.8583, -0.4304 0.2462 0.8189, -0.4304 0.2462 0.8583, -0.4273 0.2421 0.8189, -0.4273 0.2421 0.8583, -0.4232 0.239 0.8189, -0.4232 0.239 0.8583, -0.4185 0.237 0.8189, -0.4185 0.237 0.8583, -0.4134 0.2364 0.8189, -0.4134 0.2364 0.8583, -0.4134 0.256 0.878, -0.4185 0.256 0.8773, -0.4232 0.256 0.8753, -0.4273 0.256 0.8722, -0.4304 0.256 0.8681, -0.4324 0.256 0.8634, -0.315 0.256 0.878, -0.3099 0.256 0.8773, -0.3051 0.256 0.8753, -0.301 0.256 0.8722, -0.2979 0.256 0.8681, -0.2959 0.256 0.8634, -0.2953 0.256 0.8583, -0.315 0.2364 0.8189, -0.3106 0.2368 0.8189, -0.315 0.2364 0.8583, -0.3106 0.2369 0.8583, -0.3099 0.237 0.8583, -0.3064 0.2383 0.8189, -0.3065 0.2384 0.8583, -0.3051 0.239 0.8583, -0.3027 0.2406 0.8189, -0.3028 0.2408 0.8583, -0.301 0.2421 0.8583, -0.2996 0.2438 0.8189, -0.2997 0.2439 0.8583, -0.2979 0.2462 0.8583, -0.2972 0.2475 0.8189, -0.2974 0.2476 0.8583, -0.2959 0.2509 0.8583, -0.2958 0.2517 0.8189, -0.2959 0.2517 0.8583, -0.2953 0.256 0.8189, -0.4134 0.237 0.8634, -0.4183 0.2377 0.8634, -0.4183 0.2475 0.8753, -0.4159 0.2516 0.8773, -0.417 0.2524 0.8773, -0.4183 0.2547 0.8773, -0.4147 0.2511 0.8773, -0.4159 0.2465 0.8753, -0.417 0.2426 0.8722, -0.4134 0.2509 0.8773, -0.4203 0.2491 0.8753, -0.4178 0.2535 0.8773, -0.4219 0.2511 0.8753, -0.4229 0.2535 0.8753, -0.4134 0.2462 0.8753, -0.4134 0.2421 0.8722, -0.4134 0.239 0.8681, -0.4203 0.244 0.8722, -0.4232 0.2462 0.8722, -0.4254 0.2491 0.8722, -0.4268 0.2524 0.8722, -0.4178 0.2396 0.8681, -0.4219 0.2413 0.8681, -0.4254 0.244 0.8681, -0.4281 0.2475 0.8681, -0.4299 0.2516 0.8681, -0.4229 0.2396 0.8634, -0.4268 0.2426 0.8634, -0.4299 0.2465 0.8634, -0.4318 0.2511 0.8634, -0.31 0.2377 0.8634, -0.3055 0.2396 0.8634, -0.3015 0.2426 0.8634, -0.2985 0.2465 0.8634, -0.2966 0.2511 0.8634, -0.2985 0.2516 0.8681, -0.3015 0.2524 0.8722, -0.3055 0.2535 0.8753, -0.31 0.2547 0.8773, -0.3002 0.2475 0.8681, -0.3029 0.2491 0.8722, -0.3064 0.2511 0.8753, -0.3105 0.2535 0.8773, -0.3029 0.244 0.8681, -0.3051 0.2462 0.8722, -0.308 0.2491 0.8753, -0.3114 0.2524 0.8773, -0.3064 0.2413 0.8681, -0.308 0.244 0.8722, -0.31 0.2475 0.8753, -0.3124 0.2516 0.8773, -0.3105 0.2396 0.8681, -0.3114 0.2426 0.8722, -0.3124 0.2465 0.8753, -0.3136 0.2511 0.8773, -0.315 0.237 0.8634, -0.315 0.239 0.8681, -0.315 0.2421 0.8722, -0.315 0.2462 0.8753, -0.315 0.2509 0.8773, 0.2953 0.3938 0.8189, 0.2953 0.3938 0.8583, 0.2959 0.3982 0.8583, 0.2958 0.3982 0.8189, 0.2959 0.3989 0.8583, 0.2972 0.4024 0.8189, 0.2974 0.4023 0.8583, 0.2979 0.4037 0.8583, 0.2996 0.4061 0.8189, 0.2997 0.406 0.8583, 0.301 0.4078 0.8583, 0.3027 0.4092 0.8189, 0.3028 0.4091 0.8583, 0.3051 0.4109 0.8583, 0.3064 0.4116 0.8189, 0.3065 0.4114 0.8583, 0.3099 0.4128 0.8583, 0.3106 0.413 0.8189, 0.3106 0.4129 0.8583, 0.315 0.4135 0.8583, 0.315 0.4135 0.8189, 0.4134 0.4135 0.8583, 0.315 0.4128 0.8634, 0.4134 0.4128 0.8634, 0.315 0.4109 0.8681, 0.4134 0.4109 0.8681, 0.315 0.4078 0.8722, 0.4134 0.4078 0.8722, 0.315 0.4037 0.8753, 0.4134 0.4037 0.8753, 0.315 0.3989 0.8773, 0.4134 0.3989 0.8773, 0.315 0.3938 0.878, 0.4134 0.3938 0.878, 0.4134 0.4135 0.8189, 0.4185 0.4128 0.8583, 0.4185 0.4128 0.8189, 0.4232 0.4109 0.8583, 0.4232 0.4109 0.8189, 0.4273 0.4078 0.8583, 0.4273 0.4078 0.8189, 0.4304 0.4037 0.8583, 0.4304 0.4037 0.8189, 0.4324 0.3989 0.8583, 0.4324 0.3989 0.8189, 0.4331 0.3938 0.8583, 0.4331 0.3938 0.8189, 0.31 0.4122 0.8634, 0.3055 0.4103 0.8634, 0.3015 0.4073 0.8634, 0.2985 0.4033 0.8634, 0.2966 0.3988 0.8634, 0.2959 0.3938 0.8634, 0.2985 0.3982 0.8681, 0.2979 0.3938 0.8681, 0.3015 0.3974 0.8722, 0.301 0.3938 0.8722, 0.3055 0.3964 0.8753, 0.3051 0.3938 0.8753, 0.31 0.3952 0.8773, 0.3099 0.3938 0.8773, 0.3002 0.4024 0.8681, 0.3029 0.4008 0.8722, 0.3064 0.3988 0.8753, 0.3105 0.3964 0.8773, 0.3029 0.4059 0.8681, 0.3051 0.4037 0.8722, 0.308 0.4008 0.8753, 0.3114 0.3974 0.8773, 0.3064 0.4086 0.8681, 0.308 0.4059 0.8722, 0.31 0.4024 0.8753, 0.3124 0.3982 0.8773, 0.3105 0.4103 0.8681, 0.3114 0.4073 0.8722, 0.3124 0.4033 0.8753, 0.3136 0.3988 0.8773, 0.4183 0.4122 0.8634, 0.4183 0.4024 0.8753, 0.4159 0.3982 0.8773, 0.417 0.3974 0.8773, 0.4185 0.3938 0.8773, 0.4183 0.3952 0.8773, 0.4147 0.3988 0.8773, 0.4159 0.4033 0.8753, 0.417 0.4073 0.8722, 0.4203 0.4008 0.8753, 0.4178 0.3964 0.8773, 0.4219 0.3988 0.8753, 0.4229 0.3964 0.8753, 0.4232 0.3938 0.8753, 0.4203 0.4059 0.8722, 0.4232 0.4037 0.8722, 0.4254 0.4008 0.8722, 0.4268 0.3974 0.8722, 0.4273 0.3938 0.8722, 0.4178 0.4103 0.8681, 0.4219 0.4086 0.8681, 0.4254 0.4059 0.8681, 0.4281 0.4024 0.8681, 0.4299 0.3982 0.8681, 0.4304 0.3938 0.8681, 0.4229 0.4103 0.8634, 0.4268 0.4073 0.8634, 0.4299 0.4033 0.8634, 0.4318 0.3988 0.8634, 0.4324 0.3938 0.8634, 0.2953 0.256 0.8583, 0.2953 0.256 0.8189, 0.2959 0.2509 0.8189, 0.2959 0.2509 0.8583, 0.2979 0.2462 0.8189, 0.2979 0.2462 0.8583, 0.301 0.2421 0.8189, 0.301 0.2421 0.8583, 0.3051 0.239 0.8189, 0.3051 0.239 0.8583, 0.3099 0.237 0.8189, 0.3099 0.237 0.8583, 0.315 0.2364 0.8189, 0.315 0.2364 0.8583, 0.315 0.256 0.878, 0.3099 0.256 0.8773, 0.3051 0.256 0.8753, 0.301 0.256 0.8722, 0.2979 0.256 0.8681, 0.2959 0.256 0.8634, 0.4134 0.256 0.878, 0.4185 0.256 0.8773, 0.4232 0.256 0.8753, 0.4273 0.256 0.8722, 0.4304 0.256 0.8681, 0.4324 0.256 0.8634, 0.4331 0.256 0.8583, 0.4134 0.2364 0.8189, 0.4178 0.2368 0.8189, 0.4134 0.2364 0.8583, 0.4178 0.2369 0.8583, 0.4185 0.237 0.8583, 0.4219 0.2383 0.8189, 0.4219 0.2384 0.8583, 0.4232 0.239 0.8583, 0.4257 0.2406 0.8189, 0.4256 0.2408 0.8583, 0.4273 0.2421 0.8583, 0.4288 0.2438 0.8189, 0.4286 0.2439 0.8583, 0.4304 0.2462 0.8583, 0.4311 0.2475 0.8189, 0.431 0.2476 0.8583, 0.4324 0.2509 0.8583, 0.4326 0.2517 0.8189, 0.4325 0.2517 0.8583, 0.4331 0.256 0.8189, 0.315 0.237 0.8634, 0.31 0.2377 0.8634, 0.31 0.2475 0.8753, 0.3124 0.2516 0.8773, 0.3114 0.2524 0.8773, 0.31 0.2547 0.8773, 0.3136 0.2511 0.8773, 0.3124 0.2465 0.8753, 0.3114 0.2426 0.8722, 0.315 0.2509 0.8773, 0.308 0.2491 0.8753, 0.3105 0.2535 0.8773, 0.3064 0.2511 0.8753, 0.3055 0.2535 0.8753, 0.315 0.2462 0.8753, 0.315 0.2421 0.8722, 0.315 0.239 0.8681, 0.308 0.244 0.8722, 0.3051 0.2462 0.8722, 0.3029 0.2491 0.8722, 0.3015 0.2524 0.8722, 0.3105 0.2396 0.8681, 0.3064 0.2413 0.8681, 0.3029 0.244 0.8681, 0.3002 0.2475 0.8681, 0.2985 0.2516 0.8681, 0.3055 0.2396 0.8634, 0.3015 0.2426 0.8634, 0.2985 0.2465 0.8634, 0.2966 0.2511 0.8634, 0.4183 0.2377 0.8634, 0.4229 0.2396 0.8634, 0.4268 0.2426 0.8634, 0.4299 0.2465 0.8634, 0.4318 0.2511 0.8634, 0.4299 0.2516 0.8681, 0.4268 0.2524 0.8722, 0.4229 0.2535 0.8753, 0.4183 0.2547 0.8773, 0.4281 0.2475 0.8681, 0.4254 0.2491 0.8722, 0.4219 0.2511 0.8753, 0.4178 0.2535 0.8773, 0.4254 0.244 0.8681, 0.4232 0.2462 0.8722, 0.4203 0.2491 0.8753, 0.417 0.2524 0.8773, 0.4219 0.2413 0.8681, 0.4203 0.244 0.8722, 0.4183 0.2475 0.8753, 0.4159 0.2516 0.8773, 0.4178 0.2396 0.8681, 0.417 0.2426 0.8722, 0.4159 0.2465 0.8753, 0.4147 0.2511 0.8773, 0.4134 0.237 0.8634, 0.4134 0.239 0.8681, 0.4134 0.2421 0.8722, 0.4134 0.2462 0.8753, 0.4134 0.2509 0.8773, -0.4429 -0.051 0.5398, -0.4429 -0.051 0.5039, -0.4429 -1.0353 0.5398, -0.4429 -0.9369 0.5039, -0.4429 -1.0195 0.5205, -0.4429 -1.0238 0.5218, -0.4429 -1.0276 0.5242, -0.4429 -1.0348 0.5353, -0.4429 -1.0308 0.5273, -0.4429 -1.0333 0.5311, -0.5807 -0.051 0.5398, -0.561 -0.051 0.5398, -0.561 -0.8384 0.5398, -0.4626 -0.051 0.5398, -0.4626 -0.8384 0.5398, -0.5807 -1.0353 0.5398, -0.5807 -0.051 0.5039, -0.5807 -0.9369 0.5039, -0.5807 -1.0195 0.5205, -0.5807 -1.0333 0.5311, -0.5807 -1.0308 0.5273, -0.5807 -1.0348 0.5353, -0.5807 -1.0276 0.5242, -0.5807 -1.0238 0.5218, 0.5807 -0.051 0.5398, 0.5807 -0.051 0.5039, 0.5807 -1.0353 0.5398, 0.5807 -0.9369 0.5039, 0.5807 -1.0195 0.5205, 0.5807 -1.0238 0.5218, 0.5807 -1.0276 0.5242, 0.5807 -1.0348 0.5353, 0.5807 -1.0308 0.5273, 0.5807 -1.0333 0.5311, 0.4429 -0.051 0.5398, 0.4626 -0.051 0.5398, 0.4626 -0.8384 0.5398, 0.561 -0.051 0.5398, 0.561 -0.8384 0.5398, 0.4429 -1.0353 0.5398, 0.4429 -0.051 0.5039, 0.4429 -0.9369 0.5039, 0.4429 -1.0195 0.5205, 0.4429 -1.0333 0.5311, 0.4429 -1.0308 0.5273, 0.4429 -1.0348 0.5353, 0.4429 -1.0276 0.5242, 0.4429 -1.0238 0.5218, 0.3248 -0.051 0.5398, 0.3248 -0.051 0.5039, 0.3248 -1.0353 0.5398, 0.3248 -0.9369 0.5039, 0.3248 -1.0195 0.5205, 0.3248 -1.0238 0.5218, 0.3248 -1.0276 0.5242, 0.3248 -1.0348 0.5353, 0.3248 -1.0308 0.5273, 0.3248 -1.0333 0.5311, 0.187 -0.051 0.5398, 0.2067 -0.051 0.5398, 0.2067 -0.8384 0.5398, 0.3051 -0.051 0.5398, 0.3051 -0.8384 0.5398, 0.187 -1.0353 0.5398, 0.187 -0.051 0.5039, 0.187 -0.9369 0.5039, 0.187 -1.0195 0.5205, 0.187 -1.0333 0.5311, 0.187 -1.0308 0.5273, 0.187 -1.0348 0.5353, 0.187 -1.0276 0.5242, 0.187 -1.0238 0.5218, 0.0689 -0.051 0.5398, 0.0689 -0.051 0.5039, 0.0689 -1.0353 0.5398, 0.0689 -0.9369 0.5039, 0.0689 -1.0195 0.5205, 0.0689 -1.0238 0.5218, 0.0689 -1.0276 0.5242, 0.0689 -1.0308 0.5273, 0.0689 -1.0333 0.5311, 0.0689 -1.0348 0.5353, -0.0689 -0.051 0.5398, -0.0492 -0.051 0.5398, -0.0492 -0.8384 0.5398, 0.0492 -0.051 0.5398, 0.0492 -0.8384 0.5398, -0.0689 -1.0353 0.5398, -0.0689 -0.051 0.5039, -0.0689 -0.9369 0.5039, -0.0689 -1.0195 0.5205, -0.0689 -1.0333 0.5311, -0.0689 -1.0308 0.5273, -0.0689 -1.0348 0.5353, -0.0689 -1.0276 0.5242, -0.0689 -1.0238 0.5218, -0.187 -0.051 0.5398, -0.187 -0.051 0.5039, -0.187 -1.0353 0.5398, -0.187 -0.9369 0.5039, -0.187 -1.0195 0.5205, -0.187 -1.0238 0.5218, -0.187 -1.0276 0.5242, -0.187 -1.0348 0.5353, -0.187 -1.0308 0.5273, -0.187 -1.0333 0.5311, -0.3248 -0.051 0.5398, -0.3051 -0.051 0.5398, -0.3051 -0.8384 0.5398, -0.2067 -0.051 0.5398, -0.2067 -0.8384 0.5398, -0.3248 -1.0353 0.5398, -0.3248 -1.0276 0.5242, -0.3248 -1.0348 0.5353, -0.3248 -1.0308 0.5273, -0.3248 -1.0333 0.5311, -0.3248 -0.051 0.5039, -0.3248 -0.9369 0.5039, -0.3248 -1.0195 0.5205, -0.3248 -1.0238 0.5218, 0.4232 -0.051 0.4843, 0.4232 -0.8384 0.4843, 0.3445 -0.8384 0.4843, 0.3445 -0.051 0.4843, 0.6004 -0.8384 0.4843, 0.6004 -0.051 0.4843, 0.1673 -0.051 0.4843, 0.1673 -0.8384 0.4843, 0.0886 -0.8384 0.4843, 0.0886 -0.051 0.4843, -0.0886 -0.051 0.4843, -0.0886 -0.8384 0.4843, -0.1673 -0.8384 0.4843, -0.1673 -0.051 0.4843, -0.3445 -0.051 0.4843, -0.3445 -0.8384 0.4843, -0.4232 -0.8384 0.4843, -0.4232 -0.051 0.4843, -0.6004 -0.051 0.4843, -0.6004 -0.8384 0.4843
            ]
        }
        coordIndex [
            0,1,2,-1,0,2,3,-1,3,2,4,-1,3,4,5,-1,4,6,5,-1,5,6,7,-1,5,7,8,-1,7,9,8,-1,8,9,10,-1,8,10,11,-1,10,12,11,-1,11,12,13,-1,11,13,14,-1,13,15,14,-1,14,15,16,-1,14,16,17,-1,16,18,17,-1,17,18,19,-1,17,19,20,-1,21,19,22,-1,21,22,23,-1,23,22,24,-1,23,24,25,-1,25,24,26,-1,25,26,27,-1,27,26,28,-1,27,28,29,-1,29,28,30,-1,29,30,31,-1,31,30,32,-1,31,32,33,-1,34,21,35,-1,34,35,36,-1,36,35,37,-1,36,37,38,-1,38,37,39,-1,38,39,40,-1,40,39,41,-1,40,41,42,-1,42,41,43,-1,42,43,44,-1,44,43,45,-1,44,45,46,-1,18,16,47,-1,15,13,48,-1,12,10,49,-1,9,7,50,-1,6,4,51,-1,2,1,52,-1,4,2,51,-1,51,2,52,-1,51,52,53,-1,53,52,54,-1,53,54,55,-1,55,54,56,-1,55,56,57,-1,57,56,58,-1,57,58,59,-1,59,58,60,-1,59,60,32,-1,7,6,50,-1,50,6,51,-1,50,51,61,-1,61,51,53,-1,61,53,62,-1,62,53,55,-1,62,55,63,-1,63,55,57,-1,63,57,64,-1,64,57,59,-1,64,59,32,-1,10,9,49,-1,49,9,50,-1,49,50,65,-1,65,50,61,-1,65,61,66,-1,66,61,62,-1,66,62,67,-1,67,62,63,-1,67,63,68,-1,68,63,64,-1,68,64,32,-1,13,12,48,-1,48,12,49,-1,48,49,69,-1,69,49,65,-1,69,65,70,-1,70,65,66,-1,70,66,71,-1,71,66,67,-1,71,67,72,-1,72,67,68,-1,72,68,32,-1,16,15,47,-1,47,15,48,-1,47,48,73,-1,73,48,69,-1,73,69,74,-1,74,69,70,-1,74,70,75,-1,75,70,71,-1,75,71,76,-1,76,71,72,-1,76,72,32,-1,19,18,22,-1,22,18,47,-1,22,47,24,-1,24,47,73,-1,24,73,26,-1,26,73,74,-1,26,74,28,-1,28,74,75,-1,28,75,30,-1,30,75,76,-1,30,76,32,-1,21,23,77,-1,78,79,80,-1,33,81,82,-1,80,79,33,-1,83,33,79,-1,83,79,84,-1,84,79,78,-1,84,78,85,-1,31,33,83,-1,86,87,88,-1,88,87,82,-1,88,82,89,-1,89,82,81,-1,89,81,90,-1,31,83,29,-1,29,83,84,-1,29,84,27,-1,27,84,85,-1,27,85,25,-1,91,86,92,-1,92,86,88,-1,92,88,93,-1,93,88,89,-1,93,89,94,-1,94,89,90,-1,94,90,95,-1,96,91,97,-1,97,91,92,-1,97,92,98,-1,98,92,93,-1,98,93,99,-1,99,93,94,-1,99,94,100,-1,100,94,95,-1,100,95,101,-1,23,96,77,-1,77,96,97,-1,77,97,102,-1,102,97,98,-1,102,98,103,-1,103,98,99,-1,103,99,104,-1,104,99,100,-1,104,100,105,-1,105,100,101,-1,105,101,106,-1,21,77,35,-1,35,77,102,-1,35,102,37,-1,37,102,103,-1,37,103,39,-1,39,103,104,-1,39,104,41,-1,41,104,105,-1,41,105,43,-1,43,105,106,-1,43,106,45,-1,87,33,82,-1,23,25,96,-1,96,25,85,-1,96,85,91,-1,91,85,78,-1,91,78,86,-1,86,78,80,-1,86,80,87,-1,87,80,33,-1,107,108,109,-1,107,109,110,-1,110,109,111,-1,110,111,112,-1,112,111,113,-1,112,113,114,-1,114,113,115,-1,114,115,116,-1,116,115,117,-1,116,117,118,-1,118,117,119,-1,118,119,120,-1,121,32,60,-1,121,60,122,-1,122,60,58,-1,122,58,123,-1,123,58,56,-1,123,56,124,-1,124,56,54,-1,124,54,125,-1,125,54,52,-1,125,52,126,-1,126,52,1,-1,126,1,107,-1,33,127,128,-1,33,128,81,-1,81,128,129,-1,81,129,90,-1,90,129,130,-1,90,130,95,-1,95,130,131,-1,95,131,101,-1,101,131,132,-1,101,132,106,-1,106,132,133,-1,106,133,45,-1,134,135,136,-1,136,135,137,-1,137,135,138,-1,138,135,139,-1,138,139,140,-1,140,139,141,-1,141,139,142,-1,141,142,143,-1,143,142,144,-1,144,142,145,-1,144,145,146,-1,146,145,147,-1,147,145,148,-1,147,148,149,-1,149,148,150,-1,150,148,151,-1,150,151,152,-1,152,151,153,-1,152,153,133,-1,120,154,155,-1,156,157,158,-1,121,122,159,-1,158,157,121,-1,160,121,157,-1,160,157,161,-1,161,157,156,-1,161,156,162,-1,163,121,160,-1,164,165,166,-1,166,165,159,-1,166,159,167,-1,167,159,122,-1,167,122,123,-1,163,160,168,-1,168,160,161,-1,168,161,169,-1,169,161,162,-1,169,162,170,-1,171,164,172,-1,172,164,166,-1,172,166,173,-1,173,166,167,-1,173,167,174,-1,174,167,123,-1,174,123,124,-1,175,171,176,-1,176,171,172,-1,176,172,177,-1,177,172,173,-1,177,173,178,-1,178,173,174,-1,178,174,179,-1,179,174,124,-1,179,124,125,-1,154,175,155,-1,155,175,176,-1,155,176,180,-1,180,176,177,-1,180,177,181,-1,181,177,178,-1,181,178,182,-1,182,178,179,-1,182,179,183,-1,183,179,125,-1,183,125,126,-1,120,155,118,-1,118,155,180,-1,118,180,116,-1,116,180,181,-1,116,181,114,-1,114,181,182,-1,114,182,112,-1,112,182,183,-1,112,183,110,-1,110,183,126,-1,110,126,107,-1,165,121,159,-1,154,170,175,-1,175,170,162,-1,175,162,171,-1,171,162,156,-1,171,156,164,-1,164,156,158,-1,164,158,165,-1,165,158,121,-1,137,138,184,-1,140,141,185,-1,143,144,186,-1,146,147,187,-1,149,150,188,-1,152,133,132,-1,150,152,188,-1,188,152,132,-1,188,132,189,-1,189,132,131,-1,189,131,190,-1,190,131,130,-1,190,130,191,-1,191,130,129,-1,191,129,192,-1,192,129,128,-1,192,128,127,-1,147,149,187,-1,187,149,188,-1,187,188,193,-1,193,188,189,-1,193,189,194,-1,194,189,190,-1,194,190,195,-1,195,190,191,-1,195,191,196,-1,196,191,192,-1,196,192,127,-1,144,146,186,-1,186,146,187,-1,186,187,197,-1,197,187,193,-1,197,193,198,-1,198,193,194,-1,198,194,199,-1,199,194,195,-1,199,195,200,-1,200,195,196,-1,200,196,127,-1,141,143,185,-1,185,143,186,-1,185,186,201,-1,201,186,197,-1,201,197,202,-1,202,197,198,-1,202,198,203,-1,203,198,199,-1,203,199,204,-1,204,199,200,-1,204,200,127,-1,138,140,184,-1,184,140,185,-1,184,185,205,-1,205,185,201,-1,205,201,206,-1,206,201,202,-1,206,202,207,-1,207,202,203,-1,207,203,208,-1,208,203,204,-1,208,204,127,-1,136,137,209,-1,209,137,184,-1,209,184,210,-1,210,184,205,-1,210,205,211,-1,211,205,206,-1,211,206,212,-1,212,206,207,-1,212,207,213,-1,213,207,208,-1,213,208,127,-1,127,121,163,-1,127,163,213,-1,213,163,168,-1,213,168,212,-1,212,168,169,-1,212,169,211,-1,211,169,170,-1,211,170,210,-1,210,170,154,-1,210,154,209,-1,209,154,120,-1,209,120,136,-1,214,215,216,-1,214,216,217,-1,217,216,218,-1,217,218,219,-1,218,220,219,-1,219,220,221,-1,219,221,222,-1,221,223,222,-1,222,223,224,-1,222,224,225,-1,224,226,225,-1,225,226,227,-1,225,227,228,-1,227,229,228,-1,228,229,230,-1,228,230,231,-1,230,232,231,-1,231,232,233,-1,231,233,234,-1,235,233,236,-1,235,236,237,-1,237,236,238,-1,237,238,239,-1,239,238,240,-1,239,240,241,-1,241,240,242,-1,241,242,243,-1,243,242,244,-1,243,244,245,-1,245,244,246,-1,245,246,247,-1,248,235,249,-1,248,249,250,-1,250,249,251,-1,250,251,252,-1,252,251,253,-1,252,253,254,-1,254,253,255,-1,254,255,256,-1,256,255,257,-1,256,257,258,-1,258,257,259,-1,258,259,260,-1,232,230,261,-1,229,227,262,-1,226,224,263,-1,223,221,264,-1,220,218,265,-1,216,215,266,-1,218,216,265,-1,265,216,266,-1,265,266,267,-1,267,266,268,-1,267,268,269,-1,269,268,270,-1,269,270,271,-1,271,270,272,-1,271,272,273,-1,273,272,274,-1,273,274,246,-1,221,220,264,-1,264,220,265,-1,264,265,275,-1,275,265,267,-1,275,267,276,-1,276,267,269,-1,276,269,277,-1,277,269,271,-1,277,271,278,-1,278,271,273,-1,278,273,246,-1,224,223,263,-1,263,223,264,-1,263,264,279,-1,279,264,275,-1,279,275,280,-1,280,275,276,-1,280,276,281,-1,281,276,277,-1,281,277,282,-1,282,277,278,-1,282,278,246,-1,227,226,262,-1,262,226,263,-1,262,263,283,-1,283,263,279,-1,283,279,284,-1,284,279,280,-1,284,280,285,-1,285,280,281,-1,285,281,286,-1,286,281,282,-1,286,282,246,-1,230,229,261,-1,261,229,262,-1,261,262,287,-1,287,262,283,-1,287,283,288,-1,288,283,284,-1,288,284,289,-1,289,284,285,-1,289,285,290,-1,290,285,286,-1,290,286,246,-1,233,232,236,-1,236,232,261,-1,236,261,238,-1,238,261,287,-1,238,287,240,-1,240,287,288,-1,240,288,242,-1,242,288,289,-1,242,289,244,-1,244,289,290,-1,244,290,246,-1,235,237,291,-1,292,293,294,-1,247,295,296,-1,294,293,247,-1,297,247,293,-1,297,293,298,-1,298,293,292,-1,298,292,299,-1,245,247,297,-1,300,301,302,-1,302,301,296,-1,302,296,303,-1,303,296,295,-1,303,295,304,-1,245,297,243,-1,243,297,298,-1,243,298,241,-1,241,298,299,-1,241,299,239,-1,305,300,306,-1,306,300,302,-1,306,302,307,-1,307,302,303,-1,307,303,308,-1,308,303,304,-1,308,304,309,-1,310,305,311,-1,311,305,306,-1,311,306,312,-1,312,306,307,-1,312,307,313,-1,313,307,308,-1,313,308,314,-1,314,308,309,-1,314,309,315,-1,237,310,291,-1,291,310,311,-1,291,311,316,-1,316,311,312,-1,316,312,317,-1,317,312,313,-1,317,313,318,-1,318,313,314,-1,318,314,319,-1,319,314,315,-1,319,315,320,-1,235,291,249,-1,249,291,316,-1,249,316,251,-1,251,316,317,-1,251,317,253,-1,253,317,318,-1,253,318,255,-1,255,318,319,-1,255,319,257,-1,257,319,320,-1,257,320,259,-1,301,247,296,-1,237,239,310,-1,310,239,299,-1,310,299,305,-1,305,299,292,-1,305,292,300,-1,300,292,294,-1,300,294,301,-1,301,294,247,-1,321,322,323,-1,321,323,324,-1,324,323,325,-1,324,325,326,-1,326,325,327,-1,326,327,328,-1,328,327,329,-1,328,329,330,-1,330,329,331,-1,330,331,332,-1,332,331,333,-1,332,333,334,-1,335,246,274,-1,335,274,336,-1,336,274,272,-1,336,272,337,-1,337,272,270,-1,337,270,338,-1,338,270,268,-1,338,268,339,-1,339,268,266,-1,339,266,340,-1,340,266,215,-1,340,215,321,-1,247,341,342,-1,247,342,295,-1,295,342,343,-1,295,343,304,-1,304,343,344,-1,304,344,309,-1,309,344,345,-1,309,345,315,-1,315,345,346,-1,315,346,320,-1,320,346,347,-1,320,347,259,-1,348,349,350,-1,350,349,351,-1,351,349,352,-1,352,349,353,-1,352,353,354,-1,354,353,355,-1,355,353,356,-1,355,356,357,-1,357,356,358,-1,358,356,359,-1,358,359,360,-1,360,359,361,-1,361,359,362,-1,361,362,363,-1,363,362,364,-1,364,362,365,-1,364,365,366,-1,366,365,367,-1,366,367,347,-1,334,368,369,-1,370,371,372,-1,335,336,373,-1,372,371,335,-1,374,335,371,-1,374,371,375,-1,375,371,370,-1,375,370,376,-1,377,335,374,-1,378,379,380,-1,380,379,373,-1,380,373,381,-1,381,373,336,-1,381,336,337,-1,377,374,382,-1,382,374,375,-1,382,375,383,-1,383,375,376,-1,383,376,384,-1,385,378,386,-1,386,378,380,-1,386,380,387,-1,387,380,381,-1,387,381,388,-1,388,381,337,-1,388,337,338,-1,389,385,390,-1,390,385,386,-1,390,386,391,-1,391,386,387,-1,391,387,392,-1,392,387,388,-1,392,388,393,-1,393,388,338,-1,393,338,339,-1,368,389,369,-1,369,389,390,-1,369,390,394,-1,394,390,391,-1,394,391,395,-1,395,391,392,-1,395,392,396,-1,396,392,393,-1,396,393,397,-1,397,393,339,-1,397,339,340,-1,334,369,332,-1,332,369,394,-1,332,394,330,-1,330,394,395,-1,330,395,328,-1,328,395,396,-1,328,396,326,-1,326,396,397,-1,326,397,324,-1,324,397,340,-1,324,340,321,-1,379,335,373,-1,368,384,389,-1,389,384,376,-1,389,376,385,-1,385,376,370,-1,385,370,378,-1,378,370,372,-1,378,372,379,-1,379,372,335,-1,351,352,398,-1,354,355,399,-1,357,358,400,-1,360,361,401,-1,363,364,402,-1,366,347,346,-1,364,366,402,-1,402,366,346,-1,402,346,403,-1,403,346,345,-1,403,345,404,-1,404,345,344,-1,404,344,405,-1,405,344,343,-1,405,343,406,-1,406,343,342,-1,406,342,341,-1,361,363,401,-1,401,363,402,-1,401,402,407,-1,407,402,403,-1,407,403,408,-1,408,403,404,-1,408,404,409,-1,409,404,405,-1,409,405,410,-1,410,405,406,-1,410,406,341,-1,358,360,400,-1,400,360,401,-1,400,401,411,-1,411,401,407,-1,411,407,412,-1,412,407,408,-1,412,408,413,-1,413,408,409,-1,413,409,414,-1,414,409,410,-1,414,410,341,-1,355,357,399,-1,399,357,400,-1,399,400,415,-1,415,400,411,-1,415,411,416,-1,416,411,412,-1,416,412,417,-1,417,412,413,-1,417,413,418,-1,418,413,414,-1,418,414,341,-1,352,354,398,-1,398,354,399,-1,398,399,419,-1,419,399,415,-1,419,415,420,-1,420,415,416,-1,420,416,421,-1,421,416,417,-1,421,417,422,-1,422,417,418,-1,422,418,341,-1,350,351,423,-1,423,351,398,-1,423,398,424,-1,424,398,419,-1,424,419,425,-1,425,419,420,-1,425,420,426,-1,426,420,421,-1,426,421,427,-1,427,421,422,-1,427,422,341,-1,341,335,377,-1,341,377,427,-1,427,377,382,-1,427,382,426,-1,426,382,383,-1,426,383,425,-1,425,383,384,-1,425,384,424,-1,424,384,368,-1,424,368,423,-1,423,368,334,-1,423,334,350,-1,428,429,430,-1,430,429,431,-1,430,431,432,-1,432,433,430,-1,430,433,434,-1,430,434,435,-1,435,434,436,-1,435,436,437,-1,438,439,440,-1,441,428,442,-1,442,428,430,-1,442,430,440,-1,440,430,443,-1,440,443,438,-1,444,438,445,-1,445,438,443,-1,445,443,446,-1,447,448,449,-1,449,448,450,-1,449,450,443,-1,443,450,451,-1,443,451,446,-1,452,453,454,-1,454,453,455,-1,454,455,456,-1,456,457,454,-1,454,457,458,-1,454,458,459,-1,459,458,460,-1,459,460,461,-1,462,463,464,-1,465,452,466,-1,466,452,454,-1,466,454,464,-1,464,454,467,-1,464,467,462,-1,468,462,469,-1,469,462,467,-1,469,467,470,-1,471,472,473,-1,473,472,474,-1,473,474,467,-1,467,474,475,-1,467,475,470,-1,476,477,478,-1,478,477,479,-1,478,479,480,-1,480,481,478,-1,478,481,482,-1,478,482,483,-1,483,482,484,-1,483,484,485,-1,486,487,488,-1,489,476,490,-1,490,476,478,-1,490,478,488,-1,488,478,491,-1,488,491,486,-1,492,486,493,-1,493,486,491,-1,493,491,494,-1,495,496,497,-1,497,496,498,-1,497,498,491,-1,491,498,499,-1,491,499,494,-1,500,501,502,-1,502,501,503,-1,503,504,502,-1,502,504,505,-1,502,505,506,-1,506,507,502,-1,502,507,508,-1,502,508,509,-1,510,511,512,-1,513,500,514,-1,514,500,502,-1,514,502,512,-1,512,502,515,-1,512,515,510,-1,516,510,517,-1,517,510,515,-1,517,515,518,-1,519,520,521,-1,521,520,522,-1,521,522,515,-1,515,522,523,-1,515,523,518,-1,524,525,526,-1,526,525,527,-1,526,527,528,-1,528,529,526,-1,526,529,530,-1,526,530,531,-1,531,530,532,-1,531,532,533,-1,534,535,536,-1,537,524,538,-1,538,524,526,-1,538,526,536,-1,536,526,539,-1,536,539,534,-1,540,541,542,-1,542,541,543,-1,544,534,545,-1,545,534,539,-1,545,539,546,-1,546,539,541,-1,546,541,547,-1,547,541,540,-1,548,468,549,-1,549,468,469,-1,479,477,550,-1,550,477,551,-1,455,453,552,-1,552,453,553,-1,554,492,555,-1,555,492,493,-1,503,501,556,-1,556,501,557,-1,558,516,559,-1,559,516,517,-1,527,525,560,-1,560,525,561,-1,562,544,563,-1,563,544,545,-1,431,429,564,-1,564,429,565,-1,566,444,567,-1,567,444,445,-1,
        ]
    }
}
Shape{
    appearance Appearance {
        material  Material 	{
            diffuseColor 0.6470588235294118 0.5176470588235295 0.0
            specularColor 0.45098039215686275 0.3607843137254902 0.0
            ambientIntensity 0.4973
            transparency 0.0
            shininess 0.5
        }
    }
    geometry IndexedFaceSet {
        ccw TRUE
        solid FALSE
        coord DEF co Coordinate {
            point [
                -0.561 -0.8384 0.5358, -0.561 -0.8384 0.5398, -0.561 -0.051 0.5358, -0.561 -0.051 0.5398, -0.4626 -0.8384 0.5358, -0.4626 -0.051 0.5358, -0.4626 -0.8384 0.5398, -0.4626 -0.051 0.5398, -0.3051 -0.8384 0.5358, -0.3051 -0.8384 0.5398, -0.3051 -0.051 0.5358, -0.3051 -0.051 0.5398, -0.2067 -0.8384 0.5358, -0.2067 -0.051 0.5358, -0.2067 -0.8384 0.5398, -0.2067 -0.051 0.5398, -0.0492 -0.8384 0.5358, -0.0492 -0.8384 0.5398, -0.0492 -0.051 0.5358, -0.0492 -0.051 0.5398, 0.0492 -0.8384 0.5358, 0.0492 -0.051 0.5358, 0.0492 -0.8384 0.5398, 0.0492 -0.051 0.5398, 0.2067 -0.8384 0.5358, 0.2067 -0.8384 0.5398, 0.2067 -0.051 0.5358, 0.2067 -0.051 0.5398, 0.3051 -0.8384 0.5358, 0.3051 -0.051 0.5358, 0.3051 -0.8384 0.5398, 0.3051 -0.051 0.5398, 0.4626 -0.8384 0.5358, 0.4626 -0.8384 0.5398, 0.4626 -0.051 0.5358, 0.4626 -0.051 0.5398, 0.561 -0.8384 0.5358, 0.561 -0.051 0.5358, 0.561 -0.8384 0.5398, 0.561 -0.051 0.5398
            ]
        }
        coordIndex [
            0,1,2,-1,2,1,3,-1,4,0,5,-1,5,0,2,-1,6,4,7,-1,7,4,5,-1,4,6,0,-1,0,6,1,-1,8,9,10,-1,10,9,11,-1,12,8,13,-1,13,8,10,-1,14,12,15,-1,15,12,13,-1,8,12,9,-1,9,12,14,-1,16,17,18,-1,18,17,19,-1,20,16,21,-1,21,16,18,-1,22,20,23,-1,23,20,21,-1,16,20,17,-1,17,20,22,-1,24,25,26,-1,26,25,27,-1,28,24,29,-1,29,24,26,-1,30,28,31,-1,31,28,29,-1,24,28,25,-1,25,28,30,-1,32,33,34,-1,34,33,35,-1,36,32,37,-1,37,32,34,-1,38,36,39,-1,39,36,37,-1,32,36,33,-1,33,36,38,-1,
        ]
    }
}
Shape{
    appearance Appearance {
        material  Material 	{
            diffuseColor 0.8313725490196079 0.8313725490196079 0.8196078431372549
            specularColor 0.6666666666666666 0.6666666666666666 0.6549019607843137
            ambientIntensity 0.83
            transparency 0.0
            shininess 0.5
        }
    }
    geometry IndexedFaceSet {
        ccw TRUE
        solid FALSE
        coord DEF co Coordinate {
            point [
                -1.4764 -1.1083 0.6391, -1.4764 -1.1083 0.6036, -1.4764 -1.1243 0.6036, -1.4764 -1.214 0.5756, -1.4764 -1.2267 0.5756, -1.4764 -1.2267 0.587, -1.4764 -0.051 0.4535, -1.4764 -0.1392 0.4535, -1.4764 -0.1392 0.5194, -1.4764 -1.2581 0.5991, -1.4764 -1.254 0.61, -1.4764 -1.2393 0.61, -1.4764 -1.0141 0.6436, -1.4764 -1.0203 0.6395, -1.4764 -1.0868 0.6395, -1.4764 -1.0268 0.6351, -1.4764 -1.0362 0.6242, -1.4764 -1.0681 0.587, -1.4764 -1.0868 0.587, -1.4764 -1.0656 0.5933, -1.4764 -1.0597 0.6014, -1.4764 -1.052 0.6079, -1.4764 -1.0422 0.6126, -1.4764 -1.0435 0.6121, -1.4764 -0.9551 0.6395, -1.4764 -0.9609 0.6431, -1.4764 -0.1392 0.695, -1.4764 -0.974 0.6481, -1.4764 -1.0868 0.695, -1.4764 -0.9881 0.6499, -1.4764 -0.9998 0.6486, -1.4764 -0.7217 0.6007, -1.4764 -0.7256 0.6102, -1.4764 -0.3647 0.6007, -1.4764 -0.9236 0.6254, -1.4764 -0.9473 0.633, -1.4764 -0.8371 0.6007, -1.4764 -0.2492 0.6007, -1.4764 -0.2532 0.6102, -1.4764 -0.1392 0.6395, -1.4764 -0.2594 0.6184, -1.4764 -0.2676 0.6246, -1.4764 -0.7991 0.6299, -1.4764 -0.8093 0.6286, -1.4764 -0.8332 0.6102, -1.4764 -0.9539 0.6388, -1.4764 -0.3607 0.6102, -1.4764 -0.7319 0.6184, -1.4764 -0.74 0.6246, -1.4764 -0.9349 0.6268, -1.4764 -0.9381 0.6266, -1.4764 -0.9414 0.6262, -1.4764 -0.2771 0.6286, -1.4764 -0.2873 0.6299, -1.4764 -0.3266 0.6299, -1.4764 -0.7597 0.6299, -1.4764 -0.8188 0.6246, -1.4764 -0.8269 0.6184, -1.4764 -0.7203 0.5906, -1.4764 -0.366 0.5906, -1.4764 -0.7203 0.587, -1.4764 -0.9021 0.6131, -1.4764 -0.904 0.6149, -1.4764 -0.9131 0.6213, -1.4764 -0.3368 0.6286, -1.4764 -0.3463 0.6246, -1.4764 -0.3545 0.6184, -1.4764 -0.7495 0.6286, -1.4764 -0.9096 0.5421, -1.4764 -0.9007 0.5497, -1.4764 -0.8384 0.5352, -1.4764 -0.9199 0.5371, -1.4764 -0.8942 0.5589, -1.4764 -0.8901 0.5695, -1.4764 -0.8384 0.587, -1.4764 -0.8888 0.5807, -1.4764 -0.8888 0.5834, -1.4764 -0.8895 0.587, -1.4764 -0.8384 0.5906, -1.4764 -0.8907 0.5941, -1.4764 -0.8953 0.6043, -1.4764 -0.9235 0.536, -1.4764 -0.9238 0.5352, -1.4764 -0.9258 0.5308, -1.4764 -0.8384 0.5194, -1.4764 -0.9298 0.5254, -1.4764 -0.9353 0.521, -1.4764 -1.0868 0.4535, -1.4764 -1.0868 0.5194, -1.4764 -0.9623 0.5194, -1.4764 -0.8384 0.4535, -1.4764 -0.9417 0.518, -1.4764 -0.9388 0.5194, -1.4764 -0.9575 0.5175, -1.4764 -0.9505 0.5166, -1.4764 -0.9484 0.5167, -1.4764 -1.0868 0.5352, -1.4764 -0.9772 0.5352, -1.4764 -0.9771 0.535, -1.4764 -0.9737 0.5287, -1.4764 -0.9695 0.5239, -1.4764 -0.9638 0.5199, -1.4764 -1.0135 0.552, -1.4764 -1.0155 0.5528, -1.4764 -1.0188 0.569, -1.4764 -1.0598 0.5482, -1.4764 -1.0521 0.5417, -1.4764 -0.9719 0.5642, -1.4764 -1.01 0.5841, -1.4764 -0.9677 0.5681, -1.4764 -0.9618 0.5716, -1.4764 -1.0118 0.5508, -1.4764 -1.0655 0.5561, -1.4764 -1.0526 0.5772, -1.4764 -1.0513 0.5827, -1.4764 -1.0491 0.587, -1.4764 -0.9074 0.587, -1.4764 -1.069 0.5846, -1.4764 -1.0704 0.5753, -1.4764 -1.0691 0.5652, -1.4764 -1.0177 0.5531, -1.4764 -1.018 0.5531, -1.4764 -1.0188 0.5529, -1.4764 -0.9091 0.5698, -1.4764 -0.9124 0.5642, -1.4764 -0.9269 0.5612, -1.4764 -0.9175 0.5589, -1.4764 -0.9238 0.5551, -1.4764 -0.9374 0.5706, -1.4764 -0.9316 0.5665, -1.4764 -0.9067 0.5813, -1.4764 -0.907 0.5768, -1.4764 -0.9437 0.573, -1.4764 -0.9505 0.5739, -1.4764 -0.955 0.5735, -1.4764 -1.0089 0.5443, -1.4764 -1.009 0.5454, -1.4764 -0.979 0.548, -1.4764 -1.0095 0.5475, -1.4764 -1.0106 0.5495, -1.4764 -1.0155 0.5357, -1.4764 -1.0136 0.5364, -1.4764 -1.0118 0.5377, -1.4764 -1.0111 0.5384, -1.4764 -1.0099 0.5402, -1.4764 -1.0091 0.5421, -1.4764 -0.9788 0.542, -1.4764 -0.979 0.5451, -1.4764 -1.0472 0.5602, -1.4764 -1.0503 0.5647, -1.4764 -1.0521 0.5698, -1.4764 -1.0527 0.575, -1.4764 -1.0434 0.5374, -1.4764 -1.0339 0.5354, -1.4764 -1.0171 0.5354, -1.4764 -1.0194 0.5528, -1.4764 -1.0322 0.5528, -1.4764 -1.0361 0.5534, -1.4764 -1.0413 0.5555, -1.4764 -1.0457 0.5587, -1.4764 -1.022 0.6144, -1.4764 -1.0156 0.622, -1.4764 -0.9502 0.6055, -1.4764 -1.015 0.6226, -1.4764 -1.007 0.6282, -1.4764 -0.9546 0.6145, -1.4764 -0.9483 0.6065, -1.4764 -0.9419 0.6089, -1.4764 -1.0356 0.5966, -1.4764 -1.0305 0.5972, -1.4764 -1.0282 0.5972, -1.4764 -1.0265 0.6052, -1.4764 -1.0487 0.5877, -1.4764 -1.045 0.5918, -1.4764 -1.0406 0.5948, -1.4764 -0.9251 0.6079, -1.4764 -0.9187 0.6045, -1.4764 -0.9321 0.6096, -1.4764 -0.9139 0.6002, -1.4764 -0.91 0.5945, -1.4764 -0.961 0.6221, -1.4764 -0.9981 0.6316, -1.4764 -0.9686 0.6276, -1.4764 -0.9884 0.6328, -1.4764 -0.9779 0.6314, -1.4764 -0.9352 0.6097, -1.4764 -0.9075 0.5882, -1.4764 -1.2393 0.6294, -1.4764 -1.243 0.6391, -1.4764 -1.2393 0.6395, -1.4764 -1.2486 0.6391, -1.4764 -1.2393 0.587, -1.4764 -1.2638 0.5991, -1.4764 -1.3479 0.587, -1.4764 -1.3479 0.6395, -1.4764 -1.2335 0.5991, -1.4764 -1.2278 0.5991, -1.4764 -1.2374 0.61, -1.4764 -1.1845 0.6345, -1.4764 -1.1892 0.6395, -1.4764 -1.1845 0.6391, -1.4764 -1.1799 0.6395, -1.4764 -1.1799 0.6391, -1.4764 -1.1691 0.6171, -1.4764 -1.1691 0.6036, -1.4764 -1.1799 0.6171, -1.4764 -1.1799 0.6036, -1.4764 -1.1834 0.6171, -1.4764 -1.1854 0.6036, -1.4764 -1.1834 0.6217, -1.4764 -1.1691 0.6345, -1.4764 -1.1691 0.6217, -1.4764 -1.1799 0.6345, -1.4764 -1.1799 0.6217, -1.4764 -1.1639 0.6391, -1.4764 -1.1616 0.6395, -1.4764 -1.1639 0.5991, -1.4764 -1.1616 0.587, -1.4764 -1.1799 0.5991, -1.4764 -1.1799 0.587, -1.4764 -1.1854 0.5991, -1.4764 -1.1892 0.587, -1.4764 -1.1559 0.6382, -1.4764 -1.1519 0.6393, -1.4764 -1.1505 0.6395, -1.4764 -1.1455 0.603, -1.4764 -1.1472 0.6031, -1.4764 -1.1559 0.6327, -1.4764 -1.1518 0.6039, -1.4764 -1.1559 0.6057, -1.4764 -1.1559 0.6007, -1.4764 -1.1553 0.6005, -1.4764 -1.1378 0.5995, -1.4764 -1.1341 0.6013, -1.4764 -1.1277 0.587, -1.4764 -1.131 0.6039, -1.4764 -1.1303 0.6047, -1.4764 -1.1352 0.6303, -1.4764 -1.1333 0.6275, -1.4764 -1.1319 0.624, -1.4764 -1.1515 0.6345, -1.4764 -1.1464 0.6351, -1.4764 -1.1447 0.635, -1.4764 -1.1412 0.6343, -1.4764 -1.1313 0.6186, -1.4764 -1.1313 0.6183, -1.4764 -1.132 0.6134, -1.4764 -1.1362 0.6063, -1.4764 -1.1389 0.6045, -1.4764 -1.1418 0.6034, -1.4764 -1.1511 0.599, -1.4764 -1.1448 0.5984, -1.4764 -1.1421 0.5985, -1.4764 -1.1381 0.6328, -1.4764 -1.1355 0.6307, -1.4764 -1.1332 0.6101, -1.4764 -1.1353 0.6072, -1.4764 -1.1468 0.6398, -1.4764 -1.1616 0.695, -1.4764 -1.1464 0.6398, -1.4764 -1.1277 0.695, -1.4764 -1.1434 0.6395, -1.4764 -1.1277 0.6395, -1.4764 -1.1287 0.63, -1.4764 -1.1317 0.6339, -1.4764 -1.1328 0.6349, -1.4764 -1.1367 0.6376, -1.4764 -1.141 0.6392, -1.4764 -1.128 0.6082, -1.4764 -1.1277 0.6092, -1.4764 -1.1253 0.587, -1.4764 -1.1253 0.6395, -1.4764 -1.1269 0.6256, -1.4764 -1.1277 0.6276, -1.4764 -1.1265 0.6125, -1.4764 -1.1259 0.6183, -1.4764 -1.126 0.6203, -1.4764 -0.366 0.587, -1.4764 -0.366 0.5352, -1.4764 -0.7203 0.5352, -1.4764 -0.366 0.5194, -1.4764 -0.366 -0.315, -1.4764 -0.7203 -0.315, -1.4764 -0.7203 0.5194, -1.4764 -0.5235 -0.4724, -1.4764 -0.5629 -0.4724, -1.4764 -0.3714 -0.3557, -1.4764 -0.3871 -0.3937, -1.4764 -0.4121 -0.4263, -1.4764 -0.4447 -0.4513, -1.4764 -0.4827 -0.4671, -1.4764 -0.6416 -0.4513, -1.4764 -0.6742 -0.4263, -1.4764 -0.6036 -0.4671, -1.4764 -0.6992 -0.3937, -1.4764 -0.715 -0.3557, -1.4764 -0.2479 0.5906, -1.4764 -0.1392 0.587, -1.4764 -0.2479 0.587, -1.4764 -0.1392 0.5352, -1.4764 -0.2479 0.5352, -1.4764 -0.2479 0.5194, -1.4764 -0.2479 0.4535, -1.4764 -0.051 0.5194, -1.4764 -0.051 0.5352, -1.4764 -0.051 0.587, -1.4764 -0.0458 0.6102, -1.4764 -0.0497 0.6007, -1.4764 0.1799 0.6102, -1.4764 0.1736 0.6184, -1.4764 0.6104 0.6395, -1.4764 0.1655 0.6246, -1.4764 -0.051 0.5906, -1.4764 0.1852 0.587, -1.4764 0.1852 0.5906, -1.4764 0.1838 0.6007, -1.4764 -0.0219 0.6286, -1.4764 -0.0314 0.6246, -1.4764 -0.0395 0.6184, -1.4764 0.156 0.6286, -1.4764 0.1458 0.6299, -1.4764 -0.0117 0.6299, -1.4764 0.6104 0.587, -1.4764 0.6104 0.5352, -1.4764 0.1852 0.5352, -1.4764 0.6104 0.5194, -1.4764 0.1852 0.5194, -1.4764 0.6104 0.4535, -1.4764 0.1852 0.4535, -1.4764 -1.3479 0.4535, -1.4764 -1.3479 0.5194, -1.4764 -1.2393 0.4535, -1.4764 -1.2393 0.5194, -1.4764 -1.2267 0.4535, -1.4764 -1.2267 0.5194, -1.4764 -1.2113 0.4535, -1.4764 -1.2113 0.5194, -1.4764 -1.1892 0.4535, -1.4764 -1.1892 0.5194, -1.4764 -1.1799 0.4535, -1.4764 -1.1799 0.5194, -1.4764 -1.1616 0.4535, -1.4764 -1.1616 0.5194, -1.4764 -1.1277 0.5194, -1.4764 -1.1277 0.4535, -1.4764 -1.1253 0.4535, -1.4764 -1.1253 0.5194, -1.4764 -1.2267 0.6395, -1.4764 -1.2113 0.6395, -1.4764 -1.2113 0.6382, -1.4764 -1.2255 0.6172, -1.4764 -1.2245 0.6125, -1.4764 -1.2226 0.6084, -1.4764 -1.2195 0.6047, -1.4764 -1.2186 0.6039, -1.4764 -1.2154 0.6366, -1.4764 -1.2195 0.6338, -1.4764 -1.2211 0.6323, -1.4764 -1.2235 0.6288, -1.4764 -1.225 0.6249, -1.4764 -1.2256 0.6196, -1.4764 -1.2147 0.6013, -1.4764 -1.2113 0.6002, -1.4764 -1.2113 0.587, -1.4764 -1.2099 0.5997, -1.4764 -1.204 0.5991, -1.4764 -1.193 0.5991, -1.4764 -1.193 0.6391, -1.4764 -1.2044 0.6391, -1.4764 -1.2106 0.6384, -1.4764 -1.1305 0.5478, -1.4764 -1.1315 0.5492, -1.4764 -1.1323 0.5573, -1.4764 -1.1432 0.5359, -1.4764 -1.1413 0.5352, -1.4764 -1.1474 0.5356, -1.4764 -1.1449 0.5371, -1.4764 -1.1336 0.536, -1.4764 -1.1277 0.5352, -1.4764 -1.1355 0.5352, -1.4764 -1.1356 0.5352, -1.4764 -1.1303 0.5393, -1.4764 -1.1297 0.5409, -1.4764 -1.1295 0.5432, -1.4764 -1.1473 0.5639, -1.4764 -1.1601 0.5599, -1.4764 -1.161 0.5612, -1.4764 -1.1331 0.5505, -1.4764 -1.1352 0.5516, -1.4764 -1.1355 0.5593, -1.4764 -1.139 0.5526, -1.4764 -1.1433 0.5606, -1.4764 -1.1416 0.5607, -1.4764 -1.1386 0.5604, -1.4764 -1.1319 0.5371, -1.4764 -1.1314 0.5377, -1.4764 -1.1474 0.54, -1.4764 -1.1473 0.54, -1.4764 -1.1465 0.5388, -1.4764 -1.1295 0.5439, -1.4764 -1.1298 0.546, -1.4764 -1.1371 0.5642, -1.4764 -1.1421 0.5648, -1.4764 -1.1451 0.5645, -1.4764 -1.1323 0.5622, -1.4764 -1.1333 0.5628, -1.4764 -1.1489 0.5629, -1.4764 -1.1503 0.5617, -1.4764 -1.1595 0.5582, -1.4764 -1.1513 0.56, -1.4764 -1.1521 0.5578, -1.4764 -1.1474 0.5537, -1.4764 -1.1473 0.556, -1.4764 -1.1467 0.5577, -1.4764 -1.1462 0.5588, -1.4764 -1.1615 0.5511, -1.4764 -1.1593 0.5417, -1.4764 -1.1616 0.551, -1.4764 -1.1612 0.5405, -1.4764 -1.1616 0.5404, -1.4764 -1.1607 0.5519, -1.4764 -1.1601 0.553, -1.4764 -1.1525 0.554, -1.4764 -1.1595 0.5545, -1.4764 -1.1593 0.5564, -1.4764 -1.1454 0.5596, -1.4764 -1.1445 0.5602, -1.4764 -1.1385 0.5349, -1.4764 -1.1411 0.5352, -1.4764 -1.1593 0.5366, -1.4764 -1.1525 0.5356, -1.4764 -1.1616 0.5358, -1.4764 -1.1616 0.5352, -1.4764 -1.1628 0.5353, -1.4764 -1.1637 0.5352, -1.4764 -1.1702 0.5352, -1.4764 -1.167 0.5349, -1.4764 -1.1799 0.5352, -1.4764 -1.1711 0.5353, -1.4764 -1.1772 0.5635, -1.4764 -1.1772 0.5587, -1.4764 -1.1625 0.5625, -1.4764 -1.164 0.5634, -1.4764 -1.1783 0.5413, -1.4764 -1.1777 0.5397, -1.4764 -1.1768 0.5384, -1.4764 -1.1616 0.5617, -1.4764 -1.1667 0.5644, -1.4764 -1.1704 0.5648, -1.4764 -1.1732 0.5646, -1.4764 -1.1769 0.5481, -1.4764 -1.1778 0.5467, -1.4764 -1.1784 0.5452, -1.4764 -1.1786 0.5433, -1.4764 -1.1753 0.5372, -1.4764 -1.1739 0.5363, -1.4764 -1.1699 0.5607, -1.4764 -1.1684 0.5606, -1.4764 -1.1645 0.5569, -1.4764 -1.1671 0.5603, -1.4764 -1.166 0.5597, -1.4764 -1.1645 0.5562, -1.4764 -1.1647 0.5554, -1.4764 -1.1651 0.5548, -1.4764 -1.1655 0.5542, -1.4764 -1.1673 0.5531, -1.4764 -1.1732 0.5604, -1.4764 -1.1704 0.5518, -1.4764 -1.176 0.5593, -1.4764 -1.1724 0.551, -1.4764 -1.1757 0.5491, -1.4764 -1.1652 0.559, -1.4764 -1.1648 0.5584, -1.4764 -1.1645 0.5577, -1.4764 -1.1644 0.5394, -1.4764 -1.1669 0.5481, -1.4764 -1.1639 0.5495, -1.4764 -1.1675 0.539, -1.4764 -1.1677 0.539, -1.4764 -1.1702 0.5468, -1.4764 -1.1703 0.5393, -1.4764 -1.1734 0.5429, -1.4764 -1.1734 0.5435, -1.4764 -1.1716 0.5397, -1.4764 -1.172 0.54, -1.4764 -1.1726 0.5405, -1.4764 -1.1731 0.5412, -1.4764 -1.1733 0.5419, -1.4764 -1.1731 0.5443, -1.4764 -1.1728 0.5449, -1.4764 -1.1721 0.5456, -1.4764 -1.2034 0.5642, -1.4764 -1.2086 0.5642, -1.4764 -1.2113 0.5352, -1.4764 -1.1943 0.5427, -1.4764 -1.1949 0.5403, -1.4764 -1.195 0.5403, -1.4764 -1.1892 0.5572, -1.4764 -1.1956 0.5426, -1.4764 -1.1952 0.5413, -1.4764 -1.1892 0.5437, -1.4764 -1.1812 0.5642, -1.4764 -1.1868 0.5642, -1.4764 -1.1922 0.5352, -1.4764 -1.1924 0.5356, -1.4764 -1.1892 0.5286, -1.4764 -1.1892 0.5286, -1.4764 -1.1892 0.5352, -1.4764 -1.1902 0.5304, -1.4764 -1.1822 0.527, -1.4764 -1.1822 0.5225, -1.4764 -1.1832 0.5266, -1.4764 -1.1851 0.5264, -1.4764 -1.1863 0.5265, -1.4764 -1.1892 0.523, -1.4764 -1.1875 0.5223, -1.4764 -1.1854 0.5221, -1.4764 -1.1843 0.5221, -1.4764 -1.1874 0.5269, -1.4764 -1.1883 0.5276, -1.4764 -1.1956 0.5312, -1.4764 -1.1934 0.5268, -1.4764 -1.1972 0.5352, -1.4764 -1.1915 0.5246, -1.4764 -1.1912 0.5243, -1.4764 -1.1894 0.5231, -1.4764 -1.2346 0.5756, -1.4764 -1.2346 0.571, -1.4764 -1.2356 0.5401, -1.4764 -1.2393 0.5352, -1.4764 -1.2356 0.5356, -1.4764 -1.2267 0.5352, -1.4764 -1.2192 0.5536, -1.4764 -1.2192 0.5401, -1.4764 -1.2267 0.5536, -1.4764 -1.2267 0.5401, -1.4764 -1.2335 0.5536, -1.4764 -1.2335 0.5582, -1.4764 -1.2267 0.5582, -1.4764 -1.2267 0.571, -1.4764 -1.2192 0.5582, -1.4764 -1.2192 0.571, -1.4764 -1.2267 0.5356, -1.4764 -1.214 0.5356, -1.4764 -1.2836 0.5356, -1.4764 -1.2779 0.5356, -1.4764 -1.3479 0.5352, -1.4764 -1.3082 0.5356, -1.4764 -1.2875 0.5465, -1.4764 -1.3042 0.5465, -1.4764 -1.2751 0.5614, -1.4764 -1.2757 0.5561, -1.4764 -1.2932 0.5756, -1.4764 -1.2756 0.5537, -1.4764 -1.2747 0.549, -1.4764 -1.2727 0.5448, -1.4764 -1.2697 0.5412, -1.4764 -1.2688 0.5404, -1.4764 -1.2648 0.5378, -1.4764 -1.2987 0.5756, -1.4764 -1.314 0.5356, -1.4764 -1.2431 0.5756, -1.4764 -1.2431 0.5356, -1.4764 -1.2541 0.5356, -1.4764 -1.2601 0.5362, -1.4764 -1.2697 0.5703, -1.4764 -1.2712 0.5688, -1.4764 -1.2737 0.5653, -1.4764 -1.2545 0.5756, -1.4764 -1.2607 0.5749, -1.4764 -1.2655 0.5731, -1.4764 -1.3479 0.695, -1.4764 -1.2393 0.695, -1.4764 -1.2267 0.695, -1.4764 -1.2113 0.695, -1.4764 -1.1892 0.695, -1.4764 -1.1799 0.695, -1.4764 -1.1253 0.5352, -1.4764 -1.1247 0.5401, -1.4764 -1.1247 0.5356, -1.4764 -1.1032 0.5356, -1.4764 -1.1238 0.571, -1.4764 -1.1032 0.5756, -1.4764 -1.1238 0.5756, -1.4764 -1.1083 0.5536, -1.4764 -1.1083 0.5401, -1.4764 -1.1226 0.5536, -1.4764 -1.1226 0.5582, -1.4764 -1.1083 0.5582, -1.4764 -1.1083 0.571, -1.4764 -1.1032 0.5991, -1.4764 -1.1032 0.6391, -1.4764 -1.1243 0.5991, -1.4764 -1.1253 0.695, -1.4764 0.6104 0.695, -1.4764 -1.3479 0.7402, -1.4764 -1.2393 0.7402, -1.4764 -1.2267 0.7402, -1.4764 -1.2113 0.7402, -1.4764 -1.1892 0.7402, -1.4764 -1.1799 0.7402, -1.4764 -1.1616 0.7402, -1.4764 -1.1277 0.7402, -1.4764 -1.1253 0.7402, -1.4764 -1.0868 0.7402, -1.4764 -0.1392 0.7402, -1.4764 0.6104 0.7402
            ]
        }
        coordIndex [
            0,1,2,-1,3,4,5,-1,6,7,8,-1,9,10,11,-1,12,13,14,-1,14,13,15,-1,14,15,16,-1,17,18,19,-1,19,18,14,-1,19,14,20,-1,20,14,21,-1,16,22,14,-1,14,22,23,-1,14,23,21,-1,24,25,26,-1,26,25,27,-1,26,27,28,-1,28,27,29,-1,28,29,30,-1,31,32,33,-1,34,35,36,-1,37,38,39,-1,39,38,40,-1,39,40,41,-1,42,43,24,-1,36,35,44,-1,44,35,45,-1,44,45,24,-1,33,32,46,-1,46,32,47,-1,46,47,48,-1,34,49,35,-1,35,49,50,-1,35,50,51,-1,41,52,39,-1,39,52,53,-1,39,53,54,-1,42,24,55,-1,43,56,24,-1,24,56,57,-1,24,57,44,-1,31,33,58,-1,58,33,59,-1,58,59,60,-1,61,62,36,-1,36,62,63,-1,36,63,34,-1,64,65,24,-1,24,65,66,-1,24,66,55,-1,55,66,46,-1,55,46,67,-1,67,46,48,-1,68,69,70,-1,68,70,71,-1,69,72,70,-1,70,72,73,-1,70,73,74,-1,74,73,75,-1,75,76,74,-1,74,76,77,-1,74,77,78,-1,78,77,79,-1,78,79,36,-1,36,79,80,-1,36,80,61,-1,81,71,82,-1,82,71,70,-1,82,70,83,-1,83,70,84,-1,83,84,85,-1,85,84,86,-1,87,88,89,-1,90,91,84,-1,84,91,92,-1,84,92,86,-1,89,93,87,-1,87,93,94,-1,87,94,90,-1,90,94,95,-1,90,95,91,-1,96,97,88,-1,88,97,98,-1,88,98,99,-1,99,100,88,-1,88,100,101,-1,88,101,89,-1,102,103,104,-1,105,106,96,-1,107,108,109,-1,109,108,110,-1,102,104,111,-1,105,96,112,-1,113,114,108,-1,108,114,115,-1,108,115,116,-1,17,117,18,-1,18,117,118,-1,18,118,96,-1,96,118,119,-1,96,119,112,-1,103,120,104,-1,104,120,121,-1,104,121,122,-1,123,124,125,-1,125,124,126,-1,125,126,127,-1,128,116,129,-1,129,116,130,-1,129,130,125,-1,125,130,131,-1,125,131,123,-1,128,132,116,-1,116,132,133,-1,116,133,108,-1,108,133,134,-1,108,134,110,-1,135,136,137,-1,137,136,138,-1,137,138,104,-1,104,138,139,-1,104,139,111,-1,140,141,97,-1,97,141,142,-1,97,142,143,-1,143,144,97,-1,97,144,145,-1,97,145,146,-1,146,145,135,-1,146,135,147,-1,147,135,137,-1,148,149,104,-1,104,149,150,-1,104,150,108,-1,108,150,151,-1,108,151,113,-1,106,152,96,-1,96,152,153,-1,96,153,97,-1,97,153,154,-1,97,154,140,-1,122,155,104,-1,104,155,156,-1,104,156,157,-1,157,158,104,-1,104,158,159,-1,104,159,148,-1,160,161,162,-1,161,163,162,-1,162,163,164,-1,162,164,165,-1,115,162,116,-1,116,162,166,-1,116,166,167,-1,168,169,115,-1,115,169,170,-1,115,170,162,-1,162,170,171,-1,162,171,160,-1,172,173,115,-1,115,173,174,-1,115,174,168,-1,175,176,177,-1,177,176,178,-1,177,178,179,-1,165,164,180,-1,180,164,181,-1,180,181,182,-1,182,181,183,-1,182,183,184,-1,167,185,116,-1,116,185,177,-1,116,177,186,-1,186,177,179,-1,187,188,189,-1,189,188,190,-1,9,191,192,-1,192,191,193,-1,192,193,190,-1,190,193,194,-1,190,194,189,-1,195,196,5,-1,9,11,191,-1,191,11,197,-1,191,197,195,-1,198,199,200,-1,200,199,201,-1,200,201,202,-1,203,204,205,-1,205,204,206,-1,205,206,207,-1,207,206,208,-1,207,208,209,-1,210,211,212,-1,212,211,213,-1,212,213,198,-1,202,201,214,-1,214,201,215,-1,214,215,216,-1,216,215,217,-1,216,217,218,-1,218,217,219,-1,218,219,220,-1,220,219,221,-1,220,221,208,-1,222,215,223,-1,223,215,224,-1,225,226,227,-1,227,226,228,-1,227,228,229,-1,222,227,215,-1,215,227,229,-1,215,229,217,-1,217,229,230,-1,217,230,231,-1,232,233,234,-1,234,233,235,-1,234,235,236,-1,237,238,227,-1,227,238,239,-1,240,241,227,-1,227,241,242,-1,227,242,243,-1,239,244,227,-1,227,244,245,-1,227,245,246,-1,247,248,227,-1,227,248,249,-1,227,249,225,-1,231,250,217,-1,217,250,251,-1,217,251,234,-1,234,251,252,-1,234,252,232,-1,243,253,227,-1,227,253,254,-1,227,254,237,-1,246,255,227,-1,227,255,256,-1,227,256,247,-1,257,258,259,-1,259,258,260,-1,259,260,261,-1,262,263,264,-1,264,265,262,-1,262,265,266,-1,262,266,267,-1,236,268,234,-1,234,268,269,-1,234,269,270,-1,271,272,262,-1,262,272,273,-1,262,273,263,-1,269,274,270,-1,270,274,275,-1,270,275,271,-1,271,275,276,-1,271,276,272,-1,59,277,60,-1,60,277,278,-1,60,278,279,-1,279,278,280,-1,281,282,280,-1,280,282,283,-1,280,283,279,-1,282,284,285,-1,281,286,282,-1,282,286,287,-1,282,287,288,-1,288,289,282,-1,282,289,290,-1,282,290,284,-1,291,292,293,-1,293,292,294,-1,293,294,285,-1,285,294,295,-1,285,295,282,-1,37,39,296,-1,296,39,297,-1,296,297,298,-1,298,297,299,-1,298,299,300,-1,300,299,8,-1,300,8,301,-1,301,8,7,-1,301,7,302,-1,6,8,303,-1,303,8,299,-1,303,299,304,-1,304,299,297,-1,304,297,305,-1,39,306,307,-1,308,309,310,-1,310,309,311,-1,39,307,297,-1,297,307,312,-1,297,312,305,-1,313,314,310,-1,310,314,315,-1,310,315,308,-1,316,317,39,-1,39,317,318,-1,39,318,306,-1,311,319,310,-1,310,319,320,-1,310,320,39,-1,39,320,321,-1,39,321,316,-1,310,322,313,-1,313,322,323,-1,313,323,324,-1,324,323,325,-1,324,325,326,-1,326,325,327,-1,326,327,328,-1,329,330,331,-1,331,330,332,-1,331,332,333,-1,333,332,334,-1,333,334,335,-1,335,334,336,-1,335,336,337,-1,337,336,338,-1,337,338,339,-1,339,338,340,-1,339,340,341,-1,342,343,344,-1,344,343,345,-1,345,343,346,-1,345,346,87,-1,347,348,349,-1,350,351,5,-1,351,352,5,-1,5,352,353,-1,5,353,354,-1,349,355,347,-1,347,355,356,-1,347,356,357,-1,357,358,347,-1,347,358,359,-1,347,359,360,-1,187,189,196,-1,196,189,347,-1,196,347,5,-1,5,347,360,-1,5,360,350,-1,361,362,363,-1,363,362,364,-1,365,366,221,-1,221,366,199,-1,221,199,208,-1,208,199,198,-1,208,198,209,-1,209,198,213,-1,366,367,199,-1,199,367,368,-1,199,368,348,-1,348,368,369,-1,348,369,349,-1,370,371,372,-1,373,374,375,-1,373,375,376,-1,377,378,379,-1,379,378,380,-1,381,382,378,-1,378,382,383,-1,384,385,386,-1,371,387,372,-1,372,387,388,-1,372,388,389,-1,389,388,390,-1,391,392,390,-1,390,392,393,-1,390,393,389,-1,377,394,378,-1,378,394,395,-1,378,395,381,-1,396,397,375,-1,375,397,398,-1,375,398,376,-1,234,399,400,-1,401,402,234,-1,234,402,403,-1,370,372,400,-1,400,372,404,-1,400,404,234,-1,234,404,405,-1,234,405,401,-1,384,406,385,-1,385,406,407,-1,385,407,408,-1,408,407,409,-1,408,409,410,-1,411,412,390,-1,390,412,413,-1,390,413,414,-1,415,416,417,-1,417,416,418,-1,417,418,419,-1,420,421,422,-1,422,421,423,-1,422,423,410,-1,410,423,424,-1,410,424,408,-1,414,425,390,-1,390,425,426,-1,390,426,391,-1,427,343,428,-1,428,343,342,-1,428,342,374,-1,415,420,416,-1,416,420,422,-1,416,422,429,-1,429,422,430,-1,429,430,431,-1,431,430,432,-1,431,432,433,-1,433,432,434,-1,435,436,342,-1,436,434,342,-1,342,434,432,-1,342,432,374,-1,374,432,430,-1,374,430,375,-1,344,341,342,-1,342,341,340,-1,342,340,435,-1,435,340,437,-1,435,437,438,-1,439,440,437,-1,441,442,217,-1,443,444,437,-1,437,444,445,-1,403,384,234,-1,234,384,386,-1,234,386,217,-1,217,386,446,-1,217,446,441,-1,442,447,217,-1,217,447,448,-1,217,448,219,-1,219,448,449,-1,219,449,439,-1,450,451,440,-1,440,451,452,-1,440,452,437,-1,437,452,453,-1,437,453,443,-1,445,454,437,-1,437,454,455,-1,437,455,438,-1,456,457,458,-1,458,457,459,-1,458,459,460,-1,458,461,456,-1,456,461,462,-1,456,462,463,-1,463,464,456,-1,456,464,465,-1,456,465,466,-1,466,465,467,-1,466,467,468,-1,468,467,469,-1,468,469,440,-1,440,469,470,-1,440,470,450,-1,471,472,460,-1,460,472,473,-1,460,473,458,-1,474,475,419,-1,419,475,476,-1,419,476,417,-1,474,477,475,-1,475,477,478,-1,475,478,479,-1,479,478,480,-1,479,481,482,-1,480,483,479,-1,479,483,484,-1,479,484,485,-1,485,486,479,-1,479,486,487,-1,479,487,481,-1,482,488,479,-1,479,488,489,-1,479,489,490,-1,491,492,363,-1,363,492,493,-1,494,495,496,-1,364,365,363,-1,363,365,221,-1,363,221,491,-1,491,221,497,-1,491,497,498,-1,498,497,494,-1,498,494,499,-1,499,494,496,-1,500,501,437,-1,439,437,219,-1,219,437,501,-1,219,501,221,-1,221,501,502,-1,221,502,497,-1,503,504,500,-1,505,506,507,-1,507,506,508,-1,507,508,503,-1,503,500,507,-1,507,500,437,-1,507,437,509,-1,509,437,340,-1,509,340,510,-1,509,511,507,-1,507,511,512,-1,507,512,513,-1,514,515,338,-1,338,515,516,-1,338,516,340,-1,340,516,517,-1,340,517,510,-1,513,518,507,-1,507,518,519,-1,507,519,505,-1,520,521,336,-1,520,336,522,-1,521,523,336,-1,336,523,524,-1,336,524,338,-1,338,524,525,-1,338,525,514,-1,195,5,191,-1,191,5,4,-1,191,4,526,-1,526,527,191,-1,191,527,528,-1,191,528,529,-1,529,528,530,-1,529,530,531,-1,532,533,534,-1,534,533,535,-1,534,535,536,-1,536,535,528,-1,536,528,537,-1,537,528,527,-1,537,527,538,-1,538,527,539,-1,538,539,540,-1,540,539,541,-1,530,542,531,-1,531,542,543,-1,531,543,493,-1,493,543,3,-1,493,3,363,-1,363,3,5,-1,363,5,361,-1,361,5,354,-1,544,545,529,-1,529,546,544,-1,544,546,547,-1,544,547,548,-1,548,547,549,-1,550,551,552,-1,552,551,553,-1,552,553,545,-1,545,553,554,-1,545,554,555,-1,555,556,545,-1,545,556,557,-1,545,557,558,-1,191,552,193,-1,193,552,559,-1,193,559,546,-1,546,559,560,-1,546,560,547,-1,561,191,562,-1,562,191,529,-1,562,529,563,-1,563,529,545,-1,563,545,564,-1,564,545,558,-1,565,566,552,-1,552,566,567,-1,552,567,550,-1,561,568,191,-1,191,568,569,-1,191,569,552,-1,552,569,570,-1,552,570,565,-1,330,546,332,-1,332,546,529,-1,332,529,334,-1,334,529,531,-1,334,531,336,-1,336,531,493,-1,336,493,522,-1,522,493,492,-1,194,571,189,-1,189,571,572,-1,189,572,347,-1,347,572,573,-1,347,573,348,-1,348,573,574,-1,348,574,199,-1,199,574,575,-1,199,575,201,-1,201,575,576,-1,201,576,215,-1,215,576,258,-1,215,258,224,-1,224,258,257,-1,427,380,343,-1,343,380,378,-1,343,378,346,-1,346,378,577,-1,578,579,577,-1,577,579,580,-1,383,399,378,-1,378,399,234,-1,378,234,577,-1,577,234,270,-1,577,270,578,-1,578,270,581,-1,87,346,88,-1,88,346,577,-1,88,577,96,-1,96,577,580,-1,96,580,18,-1,18,580,582,-1,18,582,270,-1,270,582,583,-1,270,583,581,-1,584,585,586,-1,586,585,578,-1,586,578,587,-1,587,578,581,-1,587,581,588,-1,588,581,589,-1,590,591,14,-1,14,591,0,-1,14,0,271,-1,271,0,2,-1,271,2,270,-1,270,2,592,-1,270,592,18,-1,18,592,590,-1,18,590,14,-1,267,261,262,-1,262,261,260,-1,262,260,271,-1,271,260,593,-1,271,593,14,-1,14,593,28,-1,14,28,12,-1,12,28,30,-1,594,310,26,-1,26,310,39,-1,26,39,24,-1,24,39,54,-1,24,54,64,-1,571,595,572,-1,572,595,596,-1,572,596,573,-1,573,596,597,-1,573,597,574,-1,574,597,598,-1,574,598,575,-1,575,598,599,-1,575,599,576,-1,576,599,600,-1,576,600,258,-1,258,600,601,-1,258,601,260,-1,260,601,602,-1,260,602,593,-1,593,602,603,-1,593,603,28,-1,28,603,604,-1,28,604,26,-1,26,604,605,-1,26,605,594,-1,594,605,606,-1,
        ]
    }
}
Shape{
    appearance Appearance {
        material  Material 	{
            diffuseColor 0.20784313725490197 0.20784313725490197 0.20784313725490197
            specularColor 0.01568627450980392 0.01568627450980392 0.01568627450980392
            ambientIntensity 0.298
            transparency 0.0
            shininess 0.5
        }
    }
    geometry IndexedFaceSet {
        ccw TRUE
        solid FALSE
        coord DEF co Coordinate {
            point [
                1.0088 -1.3479 0.0866, 1.0088 -1.3818 0.0835, 1.0088 -1.3818 0.0866
            ]
        }
        coordIndex [
            0,1,2,-1,
        ]
    }
}
Shape{
    appearance Appearance {
        material  Material 	{
            diffuseColor 0.6470588235294118 0.5176470588235295 0.0
            specularColor 0.45098039215686275 0.3607843137254902 0.0
            ambientIntensity 0.4973
            transparency 0.0
            shininess 0.5
        }
    }
    geometry IndexedFaceSet {
        ccw TRUE
        solid FALSE
        coord DEF co Coordinate {
            point [
                -1.0088 -1.3818 0.0835, -1.0088 -1.3479 0.0866, -1.0088 -1.3818 0.0866, 1.2913 -1.3818 0.8417, 1.2913 -1.3479 0.8386, 1.2913 -1.3818 0.8386
            ]
        }
        coordIndex [
            0,1,2,-1,3,4,5,-1,
        ]
    }
}
Shape{
    appearance Appearance {
        material  Material 	{
            diffuseColor 0.20784313725490197 0.20784313725490197 0.20784313725490197
            specularColor 0.01568627450980392 0.01568627450980392 0.01568627450980392
            ambientIntensity 0.298
            transparency 0.0
            shininess 0.5
        }
    }
    geometry IndexedFaceSet {
        ccw TRUE
        solid FALSE
        coord DEF co Coordinate {
            point [
                -1.2913 -1.3479 0.8386, -1.2913 -1.3818 0.8417, -1.2913 -1.3818 0.8386, 1.3898 -1.3479 0.7402, 1.3929 -1.3818 0.7402, 1.3898 -1.3818 0.7402
            ]
        }
        coordIndex [
            0,1,2,-1,3,4,5,-1,
        ]
    }
}
Shape{
    appearance Appearance {
        material  Material 	{
            diffuseColor 0.6470588235294118 0.5176470588235295 0.0
            specularColor 0.45098039215686275 0.3607843137254902 0.0
            ambientIntensity 0.4973
            transparency 0.0
            shininess 0.5
        }
    }
    geometry IndexedFaceSet {
        ccw TRUE
        solid FALSE
        coord DEF co Coordinate {
            point [
                1.3929 -1.3818 0.4535, 1.3898 -1.3479 0.4535, 1.3898 -1.3818 0.4535
            ]
        }
        coordIndex [
            0,1,2,-1,
        ]
    }
}
Shape{
    appearance Appearance {
        material  Material 	{
            diffuseColor 0.20784313725490197 0.20784313725490197 0.20784313725490197
            specularColor 0.01568627450980392 0.01568627450980392 0.01568627450980392
            ambientIntensity 0.298
            transparency 0.0
            shininess 0.5
        }
    }
    geometry IndexedFaceSet {
        ccw TRUE
        solid FALSE
        coord DEF co Coordinate {
            point [
                -1.3929 -1.3818 0.7402, -1.3898 -1.3479 0.7402, -1.3898 -1.3818 0.7402, -1.3898 -1.3479 0.4535, -1.3929 -1.3818 0.4535, -1.3898 -1.3818 0.4535
            ]
        }
        coordIndex [
            0,1,2,-1,3,4,5,-1,
        ]
    }
}
Shape{
    appearance Appearance {
        material  Material 	{
            diffuseColor 0.8313725490196079 0.8313725490196079 0.8196078431372549
            specularColor 0.6666666666666666 0.6666666666666666 0.6549019607843137
            ambientIntensity 0.83
            transparency 0.0
            shininess 0.5
        }
    }
    geometry IndexedFaceSet {
        ccw TRUE
        solid FALSE
        coord DEF co Coordinate {
            point [
                0.0 -1.3479 0.0, 0.0 -0.051 0.0, 0.1181 -0.051 0.0, 0.399 -0.8188 0.0, 0.4052 -0.8269 0.0, 0.4134 -0.8332 0.0, 0.3976 -0.2702 0.0, 0.3947 -0.2785 0.0, 0.416 -0.2518 0.0, 0.4085 -0.2565 0.0, 0.5084 -0.0458 0.0, 0.3937 -0.2873 0.0, 0.3937 -0.7991 0.0, 0.395 -0.8093 0.0, 1.0088 -0.8384 0.0, 1.0088 -1.3479 0.0, 0.4331 -0.8384 0.0, 0.4229 -0.8371 0.0, 0.4023 -0.2627 0.0, 0.5003 -0.0395 0.0, 1.0088 -0.051 0.0, 1.0088 -0.2479 0.0, 0.5281 -0.051 0.0, 0.4331 -0.2479 0.0, 0.5179 -0.0497 0.0, 0.4243 -0.2489 0.0, 0.1473 0.0264 0.0, 0.1575 0.0277 0.0, 0.1195 -0.0015 0.0, 0.4168 0.0277 0.0, 0.4244 0.0269 0.0, 0.4318 0.0247 0.0, 0.1181 -0.0117 0.0, 0.4386 0.0211 0.0, 0.4446 0.0162 0.0, 0.1234 0.008 0.0, 0.1296 0.0162 0.0, 0.1378 0.0224 0.0, 0.0 -0.051 0.0866, 0.0 -1.3479 0.0866, 0.4331 -0.2479 0.0866, 1.0088 -0.2479 0.0866, 1.0088 -0.051 0.0866, 0.4052 -0.8269 0.0866, 0.4134 -0.8332 0.0866, 0.4229 -0.8371 0.0866, 0.4023 -0.2627 0.0866, 0.4085 -0.2565 0.0866, 0.5084 -0.0458 0.0866, 0.1181 -0.051 0.0866, 0.395 -0.8093 0.0866, 0.3937 -0.7991 0.0866, 0.3937 -0.2873 0.0866, 0.3947 -0.2785 0.0866, 0.3976 -0.2702 0.0866, 1.0088 -1.3479 0.0866, 1.0088 -0.8384 0.0866, 0.4331 -0.8384 0.0866, 0.399 -0.8188 0.0866, 0.5281 -0.051 0.0866, 0.5179 -0.0497 0.0866, 0.4243 -0.2489 0.0866, 0.416 -0.2518 0.0866, 0.5003 -0.0395 0.0866, 0.4446 0.0162 0.0866, 0.1575 0.0277 0.0866, 0.4168 0.0277 0.0866, 0.4244 0.0269 0.0866, 0.4386 0.0211 0.0866, 0.4318 0.0247 0.0866, 0.1473 0.0264 0.0866, 0.1195 -0.0015 0.0866, 0.1181 -0.0117 0.0866, 0.1378 0.0224 0.0866, 0.1296 0.0162 0.0866, 0.1234 0.008 0.0866, -0.4052 -0.8269 0.0, -0.0039 -1.3479 0.0, -0.4134 -0.8332 0.0, -0.4229 -0.8371 0.0, -0.1181 -0.051 0.0, -0.395 -0.8093 0.0, -0.3937 -0.7991 0.0, -0.3937 -0.2873 0.0, -0.395 -0.2771 0.0, -0.399 -0.2676 0.0, -1.0088 -1.3479 0.0, -1.0088 -0.8384 0.0, -0.4331 -0.8384 0.0, -0.0039 -0.051 0.0, -0.399 -0.8188 0.0, -0.4052 -0.2594 0.0, -0.5084 -0.0458 0.0, -0.5003 -0.0395 0.0, -0.4446 0.0162 0.0, -0.4331 -0.2479 0.0, -1.0088 -0.2479 0.0, -1.0088 -0.051 0.0, -0.4134 -0.2532 0.0, -0.4229 -0.2492 0.0, -0.5179 -0.0497 0.0, -0.5281 -0.051 0.0, -0.1195 -0.0015 0.0, -0.1181 -0.0117 0.0, -0.1575 0.0277 0.0, -0.4168 0.0277 0.0, -0.1378 0.0224 0.0, -0.1296 0.0162 0.0, -0.1234 0.008 0.0, -0.4364 0.0224 0.0, -0.427 0.0264 0.0, -0.1473 0.0264 0.0, -0.0039 -1.3479 0.0866, -0.0039 -0.051 0.0866, -0.1181 -0.051 0.0866, -0.5003 -0.0395 0.0866, -0.5084 -0.0458 0.0866, -0.399 -0.2676 0.0866, -0.395 -0.2771 0.0866, -0.395 -0.8093 0.0866, -0.3937 -0.7991 0.0866, -0.3937 -0.2873 0.0866, -0.399 -0.8188 0.0866, -0.4052 -0.8269 0.0866, -0.4134 -0.8332 0.0866, -0.4331 -0.2479 0.0866, -0.4229 -0.2492 0.0866, -0.4134 -0.2532 0.0866, -0.4052 -0.2594 0.0866, -1.0088 -0.8384 0.0866, -1.0088 -1.3479 0.0866, -0.4331 -0.8384 0.0866, -0.4229 -0.8371 0.0866, -0.1575 0.0277 0.0866, -0.1181 -0.0117 0.0866, -1.0088 -0.051 0.0866, -1.0088 -0.2479 0.0866, -0.5281 -0.051 0.0866, -0.5179 -0.0497 0.0866, -0.1234 0.008 0.0866, -0.1296 0.0162 0.0866, -0.1378 0.0224 0.0866, -0.427 0.0264 0.0866, -0.4364 0.0224 0.0866, -0.4446 0.0162 0.0866, -0.1195 -0.0015 0.0866, -0.1473 0.0264 0.0866, -0.4168 0.0277 0.0866, -0.8189 0.4332 0.9252, -0.7756 0.4332 0.9252, -0.7756 0.6104 0.9252, 0.8645 0.3304 0.9252, 1.2913 0.6104 0.9252, 0.8661 0.3427 0.9252, 0.8661 0.386 0.9252, 0.8523 0.4194 0.9252, 0.8598 0.4096 0.9252, 0.8645 0.3982 0.9252, -0.8598 0.4096 0.9252, -0.8523 0.4194 0.9252, -1.2913 0.6104 0.9252, -0.8425 0.4269 0.9252, -0.8311 0.4316 0.9252, 0.7756 0.4332 0.9252, 0.8189 0.4332 0.9252, 0.7756 0.6104 0.9252, 0.8311 0.4316 0.9252, 0.8425 0.4269 0.9252, 0.7598 -0.9881 0.9252, 0.7497 -0.9867 0.9252, -1.2913 -1.3479 0.9252, 0.7402 -0.9828 0.9252, 0.732 -0.9765 0.9252, -0.2772 0.2517 0.9252, -0.2819 0.2403 0.9252, 0.2819 0.2403 0.9252, -0.8661 0.3427 0.9252, -0.8661 0.386 0.9252, -0.8645 0.3982 0.9252, 1.1142 -0.9487 0.9252, 1.1128 -0.9589 0.9252, 1.2913 -1.3479 0.9252, 1.1089 -0.9684 0.9252, 1.1026 -0.9765 0.9252, 1.0945 -0.9828 0.9252, 1.085 -0.9867 0.9252, 1.0157 -0.9881 0.9252, 1.0142 -1.0013 0.9252, 1.0748 -0.9881 0.9252, -0.7215 -0.9574 0.9252, -0.7244 -0.9658 0.9252, -0.8204 -1.0013 0.9252, -0.8248 -1.0138 0.9252, -0.8319 -1.0251 0.9252, -0.7205 -0.8632 0.9252, 0.7265 -0.8331 0.9252, 0.7337 -0.8194 0.9252, 1.0098 -1.0138 0.9252, 1.0027 -1.0251 0.9252, 0.7257 -0.9684 0.9252, 0.7218 -0.9589 0.9252, 0.7205 -0.9487 0.9252, 0.3106 0.2183 0.9252, 0.2992 0.223 0.9252, -0.8045 -0.4172 0.9252, 0.2894 0.2305 0.9252, -0.8107 -0.409 0.9252, -0.8189 -0.4028 0.9252, -0.8284 -0.3988 0.9252, 1.1127 -0.8478 0.9252, 1.1142 -0.8632 0.9252, 0.2756 0.2639 0.9252, 0.2756 0.4253 0.9252, -0.2756 0.4253 0.9252, 0.9933 -1.0344 0.9252, 0.982 -1.0414 0.9252, 0.9694 -1.0457 0.9252, 0.8653 -1.0457 0.9252, 0.8527 -1.0414 0.9252, 0.8414 -1.0344 0.9252, 0.8319 -1.0251 0.9252, -0.982 -1.0414 0.9252, -0.9933 -1.0344 0.9252, 0.7205 -0.8632 0.9252, 0.722 -0.8478 0.9252, 0.8598 0.319 0.9252, 0.8523 0.3092 0.9252, 1.0341 -0.4267 0.9252, 0.8425 0.3017 0.9252, 1.0302 -0.4172 0.9252, 0.2772 0.2517 0.9252, -0.2756 0.2639 0.9252, -0.8425 0.3017 0.9252, -0.8523 0.3092 0.9252, -0.8598 0.319 0.9252, -0.8645 0.3304 0.9252, -0.7205 -0.9487 0.9252, -0.8006 -0.4267 0.9252, 0.4488 0.223 0.9252, 0.4374 0.2183 0.9252, 0.8107 -0.409 0.9252, 0.8189 -0.4028 0.9252, 0.4586 0.2305 0.9252, 0.8284 -0.3988 0.9252, 0.7435 -0.8075 0.9252, 0.7819 -0.7691 0.9252, -0.7232 -0.8428 0.9252, 0.7913 -0.7569 0.9252, 0.7972 -0.7427 0.9252, -0.3228 0.2167 0.9252, -0.4252 0.2167 0.9252, -1.0131 -0.4014 0.9252, -1.0048 -0.3985 0.9252, -0.4586 0.2305 0.9252, -1.0268 -0.4123 0.9252, -0.4661 0.2403 0.9252, -0.4708 0.2517 0.9252, -1.085 -0.9867 0.9252, -1.0945 -0.9828 0.9252, -1.1026 -0.9765 0.9252, -1.1089 -0.9684 0.9252, 0.9567 -1.0471 0.9252, 0.878 -1.0471 0.9252, 0.8248 -1.0138 0.9252, 0.8204 -1.0013 0.9252, 0.8189 -0.9881 0.9252, -0.7291 -0.9732 0.9252, -0.7353 -0.9795 0.9252, -0.7428 -0.9842 0.9252, -0.7511 -0.9871 0.9252, -0.7598 -0.9881 0.9252, -0.8189 -0.9881 0.9252, 0.4724 0.2797 0.9252, 0.4724 0.2639 0.9252, 0.4882 0.2954 0.9252, 0.8189 0.2954 0.9252, 1.0354 -0.7274 0.9252, 1.0374 -0.7427 0.9252, 1.0354 -0.4369 0.9252, 1.0433 -0.7569 0.9252, 1.0527 -0.7691 0.9252, 1.0911 -0.8075 0.9252, 1.1009 -0.8194 0.9252, 1.1082 -0.8331 0.9252, 0.4252 0.2167 0.9252, 0.3228 0.2167 0.9252, -0.2894 0.2305 0.9252, -0.2992 0.223 0.9252, -0.3106 0.2183 0.9252, -1.0206 -0.4061 0.9252, -0.4374 0.2183 0.9252, -0.4488 0.223 0.9252, -0.8386 -0.3975 0.9252, -0.9961 -0.3975 0.9252, -0.4724 0.2639 0.9252, -0.8189 0.2954 0.9252, -0.4724 0.2797 0.9252, -0.4882 0.2954 0.9252, -0.4847 0.295 0.9252, -0.8311 0.297 0.9252, -1.0157 -0.9881 0.9252, -1.0748 -0.9881 0.9252, -1.0142 -1.0013 0.9252, -1.0098 -1.0138 0.9252, -1.0027 -1.0251 0.9252, 1.0239 -0.409 0.9252, 0.8311 0.297 0.9252, -0.7435 -0.8075 0.9252, -0.731 -0.8238 0.9252, 0.7992 -0.7274 0.9252, 0.7992 -0.4369 0.9252, 0.8006 -0.4267 0.9252, 0.8045 -0.4172 0.9252, 0.8386 -0.3975 0.9252, 0.9961 -0.3975 0.9252, 1.0063 -0.3988 0.9252, -0.474 0.2865 0.9252, -0.4759 0.2895 0.9252, -0.4784 0.292 0.9252, -1.1128 -0.9589 0.9252, -1.1142 -0.9487 0.9252, -1.1142 -0.8632 0.9252, -0.878 -1.0471 0.9252, -0.9567 -1.0471 0.9252, -0.9694 -1.0457 0.9252, 1.0157 -0.4028 0.9252, 0.4661 0.2403 0.9252, 0.4708 0.2517 0.9252, -0.7992 -0.4369 0.9252, -0.7992 -0.7274 0.9252, -0.7972 -0.7427 0.9252, -0.4728 0.2832 0.9252, -1.0527 -0.7691 0.9252, -1.0354 -0.4369 0.9252, -1.0911 -0.8075 0.9252, -1.0344 -0.4281 0.9252, -1.1036 -0.8238 0.9252, -1.1115 -0.8428 0.9252, -0.8414 -1.0344 0.9252, -0.8527 -1.0414 0.9252, -0.8653 -1.0457 0.9252, -0.7913 -0.7569 0.9252, -0.7819 -0.7691 0.9252, -0.4814 0.2939 0.9252, -1.0315 -0.4198 0.9252, -1.0433 -0.7569 0.9252, -1.0374 -0.7427 0.9252, -1.0354 -0.7274 0.9252, 0.4759 0.2895 0.9252, 0.474 0.2865 0.9252, 0.4784 0.292 0.9252, 0.4814 0.2939 0.9252, 0.4847 0.295 0.9252, 0.4728 0.2832 0.9252, 0.8189 0.4332 0.8386, 0.7756 0.4332 0.8386, 0.7756 0.6104 0.8386, -1.1089 -0.9684 0.8386, -1.1026 -0.9765 0.8386, -1.2913 -1.3479 0.8386, -1.1142 -0.8632 0.8386, -1.2913 0.6104 0.8386, 0.8661 0.386 0.8386, 0.8645 0.3982 0.8386, 1.2913 0.6104 0.8386, 0.8598 0.4096 0.8386, -1.1142 -0.9487 0.8386, -1.1128 -0.9589 0.8386, -0.7756 0.4332 0.8386, -0.8189 0.4332 0.8386, -0.7756 0.6104 0.8386, -0.8311 0.4316 0.8386, -0.8425 0.4269 0.8386, -0.8523 0.4194 0.8386, -0.8425 0.3017 0.8386, -0.8311 0.297 0.8386, 0.7205 -0.8632 0.8386, 0.8598 0.319 0.8386, 0.8645 0.3304 0.8386, 0.8661 0.3427 0.8386, 0.8523 0.4194 0.8386, 0.8425 0.4269 0.8386, 0.8311 0.4316 0.8386, -0.8598 0.319 0.8386, -0.8523 0.3092 0.8386, 0.2819 0.2403 0.8386, -0.2819 0.2403 0.8386, -0.2772 0.2517 0.8386, -0.7992 -0.7274 0.8386, -0.7992 -0.4369 0.8386, -0.8006 -0.4267 0.8386, -0.8045 -0.4172 0.8386, -1.0911 -0.8075 0.8386, -1.1036 -0.8238 0.8386, -1.1115 -0.8428 0.8386, 1.0748 -0.9881 0.8386, 1.085 -0.9867 0.8386, 1.2913 -1.3479 0.8386, 1.0945 -0.9828 0.8386, 1.1026 -0.9765 0.8386, 0.732 -0.9765 0.8386, 0.7257 -0.9684 0.8386, 0.7218 -0.9589 0.8386, -0.8107 -0.409 0.8386, -0.8598 0.4096 0.8386, -0.8645 0.3982 0.8386, -0.8661 0.386 0.8386, -0.4724 0.2639 0.8386, -0.4708 0.2517 0.8386, -0.8189 0.2954 0.8386, -0.4661 0.2403 0.8386, -0.7353 -0.9795 0.8386, -0.7291 -0.9732 0.8386, -0.7232 -0.8428 0.8386, -0.731 -0.8238 0.8386, -0.7435 -0.8075 0.8386, -0.7819 -0.7691 0.8386, -0.8661 0.3427 0.8386, -0.8645 0.3304 0.8386, -0.2756 0.4253 0.8386, 0.2756 0.4253 0.8386, -0.2756 0.2639 0.8386, 0.2756 0.2639 0.8386, 0.2772 0.2517 0.8386, 0.7402 -0.9828 0.8386, 0.7497 -0.9867 0.8386, 0.7598 -0.9881 0.8386, 1.0063 -0.3988 0.8386, 0.4586 0.2305 0.8386, 1.0157 -0.4028 0.8386, 1.0239 -0.409 0.8386, -0.8189 -0.4028 0.8386, -0.8284 -0.3988 0.8386, -0.8386 -0.3975 0.8386, 0.2894 0.2305 0.8386, 0.2992 0.223 0.8386, 0.8284 -0.3988 0.8386, -1.0945 -0.9828 0.8386, -1.085 -0.9867 0.8386, -1.0748 -0.9881 0.8386, -0.7913 -0.7569 0.8386, -0.7972 -0.7427 0.8386, -0.9961 -0.3975 0.8386, -1.0048 -0.3985 0.8386, -1.0131 -0.4014 0.8386, -1.0206 -0.4061 0.8386, -1.0268 -0.4123 0.8386, -1.0315 -0.4198 0.8386, -1.0354 -0.7274 0.8386, -1.0374 -0.7427 0.8386, -1.0354 -0.4369 0.8386, -1.0433 -0.7569 0.8386, -1.0527 -0.7691 0.8386, -0.4784 0.292 0.8386, -0.4759 0.2895 0.8386, -0.474 0.2865 0.8386, 0.8189 -0.4028 0.8386, 0.8107 -0.409 0.8386, -0.2894 0.2305 0.8386, 0.8045 -0.4172 0.8386, -0.2992 0.223 0.8386, -0.3106 0.2183 0.8386, 1.1089 -0.9684 0.8386, 1.1128 -0.9589 0.8386, 1.1142 -0.9487 0.8386, -0.7598 -0.9881 0.8386, -0.7511 -0.9871 0.8386, -0.7428 -0.9842 0.8386, -0.4724 0.2797 0.8386, -0.4882 0.2954 0.8386, -0.4847 0.295 0.8386, -0.4814 0.2939 0.8386, -0.4728 0.2832 0.8386, -0.4586 0.2305 0.8386, -0.4488 0.223 0.8386, -0.4374 0.2183 0.8386, -0.4252 0.2167 0.8386, -0.3228 0.2167 0.8386, 0.722 -0.8478 0.8386, 0.7265 -0.8331 0.8386, 0.3106 0.2183 0.8386, 0.3228 0.2167 0.8386, 0.4252 0.2167 0.8386, 0.4374 0.2183 0.8386, 0.4488 0.223 0.8386, 0.8386 -0.3975 0.8386, 0.9961 -0.3975 0.8386, 0.8523 0.3092 0.8386, 1.0341 -0.4267 0.8386, 0.8425 0.3017 0.8386, 1.0302 -0.4172 0.8386, 0.8311 0.297 0.8386, 0.8189 0.2954 0.8386, -0.7244 -0.9658 0.8386, -0.7215 -0.9574 0.8386, 0.7205 -0.9487 0.8386, -0.7205 -0.9487 0.8386, -0.7205 -0.8632 0.8386, -1.0344 -0.4281 0.8386, 1.1142 -0.8632 0.8386, 1.1127 -0.8478 0.8386, 1.1082 -0.8331 0.8386, 1.1009 -0.8194 0.8386, 1.0911 -0.8075 0.8386, 1.0527 -0.7691 0.8386, 0.4661 0.2403 0.8386, 0.4708 0.2517 0.8386, 0.4724 0.2639 0.8386, 0.4724 0.2797 0.8386, 0.7819 -0.7691 0.8386, 0.7435 -0.8075 0.8386, 0.7337 -0.8194 0.8386, 0.8006 -0.4267 0.8386, 0.7992 -0.4369 0.8386, 0.7992 -0.7274 0.8386, 1.0433 -0.7569 0.8386, 1.0374 -0.7427 0.8386, 1.0354 -0.7274 0.8386, 1.0354 -0.4369 0.8386, 0.4814 0.2939 0.8386, 0.4847 0.295 0.8386, 0.4882 0.2954 0.8386, 0.4728 0.2832 0.8386, 0.474 0.2865 0.8386, 0.4784 0.292 0.8386, 0.4759 0.2895 0.8386, 0.7972 -0.7427 0.8386, 0.7913 -0.7569 0.8386, 1.4764 -0.8371 0.6007, 1.4764 -0.8332 0.6102, 1.4764 -1.3479 0.7402, 1.4764 -1.3479 0.4535, 1.4764 -0.8384 0.4535, 1.4764 -0.8384 0.5906, 1.4764 -0.74 0.6246, 1.4764 -0.7319 0.6184, 1.4764 -0.3607 0.6102, 1.4764 -0.7256 0.6102, 1.4764 -0.7217 0.6007, 1.4764 -0.2676 0.6246, 1.4764 -0.2594 0.6184, 1.4764 -0.0458 0.6102, 1.4764 -0.2532 0.6102, 1.4764 -0.2492 0.6007, 1.4764 -0.0395 0.6184, 1.4764 -0.0314 0.6246, 1.4764 -0.8269 0.6184, 1.4764 -0.8188 0.6246, 1.4764 -0.8093 0.6286, 1.4764 0.1852 0.4535, 1.4764 0.6104 0.4535, 1.4764 0.1852 0.5906, 1.4764 0.6104 0.7402, 1.4764 0.1842 0.5993, 1.4764 -0.2479 0.4535, 1.4764 -0.051 0.4535, 1.4764 -0.2479 0.5906, 1.4764 -0.051 0.5906, 1.4764 -0.0497 0.6007, 1.4764 0.1546 0.6289, 1.4764 0.1629 0.626, 1.4764 0.1704 0.6213, 1.4764 -0.7991 0.6299, 1.4764 -0.7597 0.6299, 1.4764 -0.7495 0.6286, 1.4764 -0.7203 -0.315, 1.4764 -0.5235 -0.4724, 1.4764 -0.4827 -0.4671, 1.4764 -0.3545 0.6184, 1.4764 -0.3463 0.6246, 1.4764 -0.3368 0.6286, 1.4764 -0.0219 0.6286, 1.4764 -0.0117 0.6299, 1.4764 0.1458 0.6299, 1.4764 0.1766 0.6151, 1.4764 0.1813 0.6076, 1.4764 -0.3266 0.6299, 1.4764 -0.2873 0.6299, 1.4764 -0.2771 0.6286, 1.4764 -0.4447 -0.4513, 1.4764 -0.4121 -0.4263, 1.4764 -0.3871 -0.3937, 1.4764 -0.715 -0.3557, 1.4764 -0.6036 -0.4671, 1.4764 -0.5629 -0.4724, 1.4764 -0.6992 -0.3937, 1.4764 -0.6742 -0.4263, 1.4764 -0.6416 -0.4513, 1.4764 -0.3714 -0.3557, 1.4764 -0.366 -0.315, 1.4764 -0.7203 0.5906, 1.4764 -0.366 0.5906, 1.4764 -0.3647 0.6007, 1.3898 -0.0395 0.6184, 1.3898 -0.0458 0.6102, 1.3898 -1.3479 0.7402, 1.3898 -0.0314 0.6246, 1.3898 0.6104 0.4535, 1.3898 0.1852 0.4535, 1.3898 0.6104 0.7402, 1.3898 0.1852 0.5906, 1.3898 0.1842 0.5993, 1.3898 0.1813 0.6076, 1.3898 0.1766 0.6151, 1.3898 -0.2492 0.6007, 1.3898 -0.2532 0.6102, 1.3898 -0.2594 0.6184, 1.3898 -0.2676 0.6246, 1.3898 -0.3368 0.6286, 1.3898 -0.3463 0.6246, 1.3898 -0.3545 0.6184, 1.3898 -0.3607 0.6102, 1.3898 -0.8384 0.4535, 1.3898 -1.3479 0.4535, 1.3898 -0.8384 0.5906, 1.3898 -0.8371 0.6007, 1.3898 -0.8332 0.6102, 1.3898 0.1704 0.6213, 1.3898 0.1629 0.626, 1.3898 0.1546 0.6289, 1.3898 0.1458 0.6299, 1.3898 -0.0117 0.6299, 1.3898 -0.0219 0.6286, 1.3898 -0.051 0.5906, 1.3898 -0.051 0.4535, 1.3898 -0.2479 0.4535, 1.3898 -0.3647 0.6007, 1.3898 -0.7217 0.6007, 1.3898 -0.366 0.5906, 1.3898 -0.7203 0.5906, 1.3898 -0.7256 0.6102, 1.3898 -0.7319 0.6184, 1.3898 -0.74 0.6246, 1.3898 -0.8093 0.6286, 1.3898 -0.8188 0.6246, 1.3898 -0.8269 0.6184, 1.3898 -0.0497 0.6007, 1.3898 -0.2479 0.5906, 1.3898 -0.2771 0.6286, 1.3898 -0.2873 0.6299, 1.3898 -0.3266 0.6299, 1.3898 -0.4827 -0.4671, 1.3898 -0.5235 -0.4724, 1.3898 -0.366 -0.315, 1.3898 -0.5629 -0.4724, 1.3898 -0.7203 -0.315, 1.3898 -0.7495 0.6286, 1.3898 -0.7597 0.6299, 1.3898 -0.7991 0.6299, 1.3898 -0.3871 -0.3937, 1.3898 -0.4121 -0.4263, 1.3898 -0.4447 -0.4513, 1.3898 -0.6416 -0.4513, 1.3898 -0.6742 -0.4263, 1.3898 -0.6992 -0.3937, 1.3898 -0.6036 -0.4671, 1.3898 -0.715 -0.3557, 1.3898 -0.3714 -0.3557, -1.3898 0.156 0.6286, -1.3898 0.1655 0.6246, -1.3898 0.6104 0.7402, -1.3898 0.1736 0.6184, -1.3898 0.1852 0.4535, -1.3898 0.6104 0.4535, -1.3898 0.1852 0.5906, -1.3898 -1.3479 0.4535, -1.3898 -0.8384 0.4535, -1.3898 -1.3479 0.7402, -1.3898 -0.8384 0.5906, -1.3898 -0.8371 0.6007, -1.3898 -0.0458 0.6102, -1.3898 -0.2532 0.6102, -1.3898 -0.2492 0.6007, -1.3898 -0.7217 0.6007, -1.3898 -0.3607 0.6102, -1.3898 -0.7256 0.6102, -1.3898 -0.3545 0.6184, -1.3898 0.1799 0.6102, -1.3898 0.1838 0.6007, -1.3898 -0.3463 0.6246, -1.3898 -0.3368 0.6286, -1.3898 -0.3266 0.6299, -1.3898 -0.0395 0.6184, -1.3898 -0.0314 0.6246, -1.3898 -0.7495 0.6286, -1.3898 -0.74 0.6246, -1.3898 -0.7319 0.6184, -1.3898 -0.0219 0.6286, -1.3898 -0.0117 0.6299, -1.3898 0.1458 0.6299, -1.3898 -0.8332 0.6102, -1.3898 -0.8269 0.6184, -1.3898 -0.8188 0.6246, -1.3898 -0.2771 0.6286, -1.3898 -0.2676 0.6246, -1.3898 -0.2594 0.6184, -1.3898 -0.2479 0.4535, -1.3898 -0.051 0.4535, -1.3898 -0.2479 0.5906, -1.3898 -0.051 0.5906, -1.3898 -0.0497 0.6007, -1.3898 -0.8093 0.6286, -1.3898 -0.7991 0.6299, -1.3898 -0.7597 0.6299, -1.3898 -0.7203 -0.315, -1.3898 -0.366 -0.315, -1.3898 -0.7203 0.5906, -1.3898 -0.366 0.5906, -1.3898 -0.3647 0.6007, -1.3898 -0.5629 -0.4724, -1.3898 -0.5235 -0.4724, -1.3898 -0.2873 0.6299, -1.3898 -0.715 -0.3557, -1.3898 -0.6992 -0.3937, -1.3898 -0.6742 -0.4263, -1.3898 -0.4447 -0.4513, -1.3898 -0.4121 -0.4263, -1.3898 -0.3871 -0.3937, -1.3898 -0.6416 -0.4513, -1.3898 -0.6036 -0.4671, -1.3898 -0.4827 -0.4671, -1.3898 -0.3714 -0.3557, -1.4764 -0.7597 0.6299, -1.4764 -0.7991 0.6299, 1.1362 0.6104 0.1704, 1.3591 0.6104 0.3821, 1.1959 0.6104 0.1076, 1.4188 0.6104 0.3193, -1.1959 0.6104 0.1076, -1.4188 0.6104 0.3193, -1.1362 0.6104 0.1704, -1.3591 0.6104 0.3821, -1.0088 -1.3818 0.0, -1.0552 -1.3818 0.0059, -1.0552 -0.8384 0.0059, -1.0986 -1.3818 0.0232, -1.0986 -0.8384 0.0232, -1.1362 -1.3818 0.0509, -1.1362 -0.8384 0.0509, -1.0552 -0.2479 0.0059, -1.0552 -0.051 0.0059, -1.0986 -0.2479 0.0232, -1.0986 -0.051 0.0232, -1.1362 -0.2479 0.0509, -1.1362 -0.051 0.0509, -1.4188 -0.8384 0.3193, -1.4188 -1.3818 0.3193, -1.4188 -0.2479 0.3193, -1.4188 -0.051 0.3193, -1.4188 0.1852 0.3193, -1.1959 0.1852 0.1076, -1.4432 -1.3818 0.3477, -1.4726 -1.3818 0.4162, -1.4764 -1.3818 0.4535, -1.4764 -1.3479 0.4535, -1.4432 -0.8384 0.3477, -1.4614 -1.3818 0.3805, -1.4614 -0.8384 0.3805, -1.4726 -0.8384 0.4162, -1.4764 -0.8384 0.4535, -1.4432 -0.2479 0.3477, -1.4432 -0.051 0.3477, -1.4614 -0.2479 0.3805, -1.4614 -0.051 0.3805, -1.4726 -0.2479 0.4162, -1.4726 -0.051 0.4162, -1.4764 -0.2479 0.4535, -1.4764 -0.051 0.4535, -1.4432 0.1852 0.3477, -1.4432 0.6104 0.3477, -1.4614 0.1852 0.3805, -1.4614 0.6104 0.3805, -1.4726 0.1852 0.4162, -1.4726 0.6104 0.4162, -1.4764 0.1852 0.4535, -1.4764 0.6104 0.4535, 1.4726 0.1852 0.4162, 1.4726 0.6104 0.4162, 1.4614 0.1852 0.3805, 1.4614 0.6104 0.3805, 1.4432 0.1852 0.3477, 1.4432 0.6104 0.3477, 1.4188 0.1852 0.3193, 1.4726 -0.2479 0.4162, 1.4726 -0.051 0.4162, 1.4614 -0.2479 0.3805, 1.4614 -0.051 0.3805, 1.4432 -0.2479 0.3477, 1.4432 -0.051 0.3477, 1.4188 -0.2479 0.3193, 1.4188 -0.051 0.3193, 1.4764 -1.3818 0.4535, 1.4726 -1.3818 0.4162, 1.4726 -0.8384 0.4162, 1.4614 -1.3818 0.3805, 1.4614 -0.8384 0.3805, 1.4432 -1.3818 0.3477, 1.4432 -0.8384 0.3477, 1.4188 -1.3818 0.3193, 1.4188 -0.8384 0.3193, 1.1362 -0.051 0.0509, 1.1362 -0.2479 0.0509, 1.1959 0.1852 0.1076, 1.1362 -0.8384 0.0509, 1.1362 -1.3818 0.0509, 1.0986 -0.2479 0.0232, 1.0986 -0.051 0.0232, 1.0552 -0.2479 0.0059, 1.0552 -0.051 0.0059, 1.0986 -1.3818 0.0232, 1.0552 -1.3818 0.0059, 1.0088 -1.3818 0.0, 1.0986 -0.8384 0.0232, 1.0552 -0.8384 0.0059, 1.0335 -0.051 0.0898, 1.0335 -0.2479 0.0898, 1.0565 -0.051 0.099, 1.0565 -0.2479 0.099, 1.0766 -0.051 0.1137, 1.0766 -0.2479 0.1137, 1.0088 -1.3818 0.0866, 1.0335 -1.3818 0.0898, 1.0766 -1.3818 0.1137, 1.0766 -0.8384 0.1137, 1.0565 -1.3818 0.099, 1.0565 -0.8384 0.099, 1.0335 -0.8384 0.0898, 1.3591 -0.2479 0.3821, 1.3591 -0.051 0.3821, 1.3591 0.1852 0.3821, 1.1362 0.1852 0.1704, 1.3591 -1.3818 0.3821, 1.3591 -0.8384 0.3821, 1.3721 0.6104 0.3972, 1.3721 0.1852 0.3972, 1.3818 0.6104 0.4146, 1.3818 0.1852 0.4146, 1.3877 0.6104 0.4336, 1.3877 0.1852 0.4336, 1.3721 -0.051 0.3972, 1.3721 -0.2479 0.3972, 1.3818 -0.051 0.4146, 1.3818 -0.2479 0.4146, 1.3877 -0.051 0.4336, 1.3877 -0.2479 0.4336, 1.3877 -0.8384 0.4336, 1.3898 -1.3818 0.4535, 1.3877 -1.3818 0.4336, 1.3818 -1.3818 0.4146, 1.3818 -0.8384 0.4146, 1.3721 -1.3818 0.3972, 1.3721 -0.8384 0.3972, -1.3898 -1.3818 0.4535, -1.3877 -1.3818 0.4336, -1.3591 -1.3818 0.3821, -1.3591 -0.8384 0.3821, -1.3721 -1.3818 0.3972, -1.3721 -0.8384 0.3972, -1.3818 -1.3818 0.4146, -1.3818 -0.8384 0.4146, -1.3877 -0.8384 0.4336, -1.3877 -0.051 0.4336, -1.3877 -0.2479 0.4336, -1.3818 -0.051 0.4146, -1.3818 -0.2479 0.4146, -1.3721 -0.051 0.3972, -1.3721 -0.2479 0.3972, -1.3591 -0.051 0.3821, -1.3591 -0.2479 0.3821, -1.3877 0.6104 0.4336, -1.3877 0.1852 0.4336, -1.3818 0.6104 0.4146, -1.3818 0.1852 0.4146, -1.3721 0.6104 0.3972, -1.3721 0.1852 0.3972, -1.3591 0.1852 0.3821, -1.0766 -1.3818 0.1137, -1.0766 -0.8384 0.1137, -1.0766 -0.051 0.1137, -1.0766 -0.2479 0.1137, -1.1362 0.1852 0.1704, -1.0335 -0.8384 0.0898, -1.0088 -1.3818 0.0866, -1.0335 -1.3818 0.0898, -1.0565 -1.3818 0.099, -1.0565 -0.8384 0.099, -1.0565 -0.051 0.099, -1.0565 -0.2479 0.099, -1.0335 -0.051 0.0898, -1.0335 -0.2479 0.0898, 1.0088 -1.3818 0.0835, 1.3929 -1.3818 0.4535, 1.3168 0.6104 0.8352, 1.3392 0.6104 0.9189, 1.3406 0.6104 0.8254, 1.3839 0.6104 0.9004, 1.3609 0.6104 0.8098, 1.4222 0.6104 0.871, 1.3766 0.6104 0.7894, 1.4516 0.6104 0.8327, 1.3864 0.6104 0.7656, 1.4701 0.6104 0.7881, 1.3929 -1.3818 0.7402, 1.4764 -1.3818 0.7402, 1.4701 -1.3818 0.7881, 1.2913 -1.3818 0.8417, 1.2913 -1.3818 0.8386, 1.3168 -1.3818 0.8352, 1.3898 -1.3818 0.7402, 1.3864 -1.3818 0.7656, 1.3766 -1.3818 0.7894, 1.4516 -1.3818 0.8327, 1.3609 -1.3818 0.8098, 1.4222 -1.3818 0.871, 1.3406 -1.3818 0.8254, 1.3839 -1.3818 0.9004, 1.3392 -1.3818 0.9189, 1.2913 -1.3818 0.9252, -1.4764 0.6104 0.7402, -1.3864 0.6104 0.7656, -1.4701 0.6104 0.7881, -1.3766 0.6104 0.7894, -1.4516 0.6104 0.8327, -1.3609 0.6104 0.8098, -1.4222 0.6104 0.871, -1.3406 0.6104 0.8254, -1.3839 0.6104 0.9004, -1.3168 0.6104 0.8352, -1.3392 0.6104 0.9189, -1.2913 -1.3818 0.8417, -1.2913 -1.3818 0.9252, -1.3392 -1.3818 0.9189, -1.3929 -1.3818 0.7402, -1.3898 -1.3818 0.7402, -1.3864 -1.3818 0.7656, -1.2913 -1.3818 0.8386, -1.3168 -1.3818 0.8352, -1.3406 -1.3818 0.8254, -1.3839 -1.3818 0.9004, -1.3609 -1.3818 0.8098, -1.4222 -1.3818 0.871, -1.3766 -1.3818 0.7894, -1.4516 -1.3818 0.8327, -1.4701 -1.3818 0.7881, -1.4764 -1.3818 0.7402, -1.3929 -1.3818 0.4535, -1.0088 -1.3818 0.0835, -1.4764 -1.3479 0.7402, 1.0157 -0.9881 0.9646, 0.8189 -0.9881 0.9646, -1.0157 -0.9881 0.9646, -0.8189 -0.9881 0.9646, 0.7501 0.4332 0.8352, 0.7277 0.4332 0.9189, 0.7264 0.4332 0.8254, 0.6831 0.4332 0.9004, 0.706 0.4332 0.8098, 0.6447 0.4332 0.871, 0.6904 0.4332 0.7894, 0.6153 0.4332 0.8327, 0.6805 0.4332 0.7656, 0.5969 0.4332 0.7881, 0.6772 0.4332 0.7402, 0.5906 0.4332 0.7402, 0.6772 0.6104 0.7402, 0.5906 0.6104 0.7402, 0.6805 0.6104 0.7656, 0.5969 0.6104 0.7881, 0.6904 0.6104 0.7894, 0.6153 0.6104 0.8327, 0.706 0.6104 0.8098, 0.6447 0.6104 0.871, 0.7264 0.6104 0.8254, 0.6831 0.6104 0.9004, 0.7501 0.6104 0.8352, 0.7277 0.6104 0.9189, 0.6772 0.6104 0.7283, 0.5906 0.6104 0.7283, 0.5906 0.4332 0.7283, 0.6772 0.4332 0.7283, -0.7501 0.6104 0.8352, -0.7277 0.6104 0.9189, -0.7264 0.6104 0.8254, -0.6831 0.6104 0.9004, -0.706 0.6104 0.8098, -0.6447 0.6104 0.871, -0.6904 0.6104 0.7894, -0.6153 0.6104 0.8327, -0.6805 0.6104 0.7656, -0.5969 0.6104 0.7881, -0.6772 0.6104 0.7402, -0.5906 0.6104 0.7402, -0.6772 0.4332 0.7402, -0.5906 0.4332 0.7402, -0.6805 0.4332 0.7656, -0.5969 0.4332 0.7881, -0.6904 0.4332 0.7894, -0.6153 0.4332 0.8327, -0.706 0.4332 0.8098, -0.6447 0.4332 0.871, -0.7264 0.4332 0.8254, -0.6831 0.4332 0.9004, -0.7501 0.4332 0.8352, -0.7277 0.4332 0.9189, -0.6772 0.4332 0.7283, -0.5906 0.4332 0.7283, -0.5906 0.6104 0.7283, -0.6772 0.6104 0.7283, 1.0157 -0.9914 0.9646, 0.819 -0.9914 0.9646, -1.0157 -0.9914 0.9646, -0.819 -0.9914 0.9646, -1.0142 -1.0013 0.9637, -1.013 -1.0058 0.9628, -1.0098 -1.0138 0.9602, -1.0064 -1.0192 0.9572, -1.0027 -1.0251 0.9541, -0.982 -1.0414 0.9369, -0.9834 -1.0405 0.9381, -0.9933 -1.0344 0.946, -0.9967 -1.031 0.949, -0.9694 -1.0457 0.9287, -0.96 -1.047 0.9255, -0.9633 -1.0467 0.9262, -0.8746 -1.047 0.9255, -0.8698 -1.0465 0.9267, -0.8653 -1.0457 0.9287, -0.8528 -1.0412 0.937, -0.8511 -1.0406 0.9382, -0.8417 -1.034 0.9459, -0.8376 -1.0312 0.9492, -0.8319 -1.0251 0.9541, -0.8282 -1.0192 0.9572, -0.8248 -1.0138 0.9602, -0.8216 -1.0058 0.9628, -0.8204 -1.0013 0.9637, -0.9701 -1.0443 0.9319, -0.8654 -1.0446 0.9313, 0.8204 -1.0013 0.9637, 0.8216 -1.0058 0.9628, 0.8248 -1.0138 0.9602, 0.8282 -1.0192 0.9572, 0.8319 -1.0251 0.9541, 0.8527 -1.0414 0.9369, 0.8512 -1.0405 0.9381, 0.8414 -1.0344 0.946, 0.8379 -1.031 0.949, 0.8653 -1.0457 0.9287, 0.8746 -1.047 0.9255, 0.8714 -1.0467 0.9262, 0.96 -1.047 0.9255, 0.9648 -1.0465 0.9267, 0.9694 -1.0457 0.9287, 0.9819 -1.0412 0.937, 0.9836 -1.0406 0.9382, 0.993 -1.034 0.9459, 0.997 -1.0312 0.9492, 1.0027 -1.0251 0.9541, 1.0064 -1.0192 0.9572, 1.0098 -1.0138 0.9602, 1.013 -1.0058 0.9628, 1.0142 -1.0013 0.9637, 0.8646 -1.0443 0.9319, 0.9693 -1.0446 0.9313, -1.4764 0.1852 0.5906, -1.4764 -0.051 0.5906, -1.4764 -0.0117 0.6299, -1.4764 0.1458 0.6299, -1.4764 -0.8384 0.5906, -1.4764 -0.2479 0.5906, -1.4764 -0.3266 0.6299, -1.4764 -0.2873 0.6299
            ]
        }
        coordIndex [
            0,1,2,-1,3,4,0,-1,0,4,5,-1,6,7,2,-1,8,9,10,-1,7,11,2,-1,2,11,12,-1,2,12,0,-1,0,12,13,-1,0,13,3,-1,14,15,16,-1,16,15,0,-1,16,0,17,-1,17,0,5,-1,9,18,10,-1,10,18,6,-1,10,6,19,-1,20,21,22,-1,22,21,23,-1,22,23,24,-1,24,23,10,-1,10,23,25,-1,10,25,8,-1,26,27,28,-1,27,29,6,-1,6,29,30,-1,6,30,31,-1,6,2,27,-1,27,2,32,-1,27,32,28,-1,31,33,6,-1,6,33,34,-1,6,34,19,-1,35,36,28,-1,28,36,37,-1,28,37,26,-1,38,1,39,-1,39,1,0,-1,40,41,42,-1,43,39,44,-1,44,39,45,-1,46,47,48,-1,49,50,51,-1,51,52,49,-1,49,52,53,-1,49,53,54,-1,55,56,39,-1,39,56,57,-1,39,57,45,-1,49,38,50,-1,50,38,39,-1,50,39,58,-1,58,39,43,-1,42,59,40,-1,40,59,60,-1,40,60,61,-1,61,60,48,-1,61,48,62,-1,62,48,47,-1,46,48,54,-1,54,48,63,-1,54,63,64,-1,65,49,66,-1,66,49,54,-1,66,54,67,-1,64,68,54,-1,54,68,69,-1,54,69,67,-1,70,71,65,-1,65,71,72,-1,65,72,49,-1,70,73,71,-1,71,73,74,-1,71,74,75,-1,76,77,78,-1,78,77,79,-1,80,81,82,-1,82,83,80,-1,80,83,84,-1,80,84,85,-1,86,87,77,-1,77,87,88,-1,77,88,79,-1,80,89,81,-1,81,89,77,-1,81,77,90,-1,90,77,76,-1,91,92,85,-1,85,92,93,-1,85,93,94,-1,95,96,97,-1,91,98,92,-1,92,98,99,-1,92,99,100,-1,100,99,95,-1,100,95,101,-1,101,95,97,-1,102,103,104,-1,104,103,80,-1,104,80,105,-1,105,80,85,-1,106,107,108,-1,94,109,85,-1,85,109,110,-1,85,110,105,-1,102,104,108,-1,108,104,111,-1,108,111,106,-1,112,113,114,-1,115,116,117,-1,117,118,114,-1,119,112,120,-1,120,112,114,-1,120,114,121,-1,121,114,118,-1,119,122,112,-1,112,122,123,-1,112,123,124,-1,125,126,116,-1,126,127,116,-1,116,127,128,-1,116,128,117,-1,129,130,131,-1,131,130,112,-1,131,112,132,-1,132,112,124,-1,133,114,134,-1,135,136,137,-1,137,136,125,-1,137,125,138,-1,138,125,116,-1,139,140,141,-1,142,143,117,-1,117,143,144,-1,117,144,115,-1,134,145,133,-1,133,145,139,-1,133,139,146,-1,146,139,141,-1,114,133,117,-1,117,133,147,-1,117,147,142,-1,89,113,77,-1,77,113,112,-1,148,149,150,-1,151,152,153,-1,153,152,154,-1,155,156,152,-1,152,156,157,-1,152,157,154,-1,158,159,160,-1,160,159,161,-1,160,161,150,-1,150,161,162,-1,150,162,148,-1,163,164,165,-1,165,164,166,-1,165,166,152,-1,152,166,167,-1,152,167,155,-1,168,169,170,-1,170,169,171,-1,170,171,172,-1,173,174,175,-1,176,177,160,-1,160,177,178,-1,160,178,158,-1,179,180,181,-1,181,180,182,-1,182,183,181,-1,181,183,184,-1,181,184,185,-1,186,187,188,-1,188,187,185,-1,189,190,172,-1,191,192,172,-1,172,192,193,-1,194,195,196,-1,185,187,181,-1,181,187,197,-1,181,197,198,-1,199,200,194,-1,194,200,201,-1,202,203,204,-1,204,203,205,-1,204,205,206,-1,206,205,175,-1,206,175,207,-1,207,175,208,-1,152,209,181,-1,181,209,210,-1,181,210,179,-1,211,212,213,-1,198,214,181,-1,181,214,215,-1,181,215,216,-1,170,181,217,-1,217,218,170,-1,170,218,219,-1,170,219,220,-1,221,222,170,-1,201,223,194,-1,194,223,224,-1,194,224,195,-1,225,226,227,-1,227,226,228,-1,227,228,229,-1,175,230,173,-1,173,230,211,-1,173,211,231,-1,231,211,213,-1,232,233,170,-1,170,233,234,-1,170,234,160,-1,160,234,235,-1,160,235,176,-1,199,194,172,-1,172,194,236,-1,172,236,189,-1,237,238,204,-1,204,238,239,-1,240,241,242,-1,242,241,243,-1,196,244,194,-1,194,244,245,-1,194,245,246,-1,246,245,247,-1,246,247,248,-1,249,250,208,-1,251,252,253,-1,254,255,256,-1,257,258,170,-1,170,258,259,-1,170,259,260,-1,216,261,181,-1,181,261,262,-1,181,262,217,-1,220,263,170,-1,170,263,264,-1,170,264,168,-1,168,264,265,-1,190,266,172,-1,172,266,267,-1,172,267,268,-1,268,269,172,-1,172,269,270,-1,172,270,191,-1,191,270,271,-1,272,273,274,-1,274,273,275,-1,276,277,278,-1,278,277,279,-1,278,279,280,-1,281,282,152,-1,152,282,283,-1,152,283,209,-1,239,284,204,-1,204,284,285,-1,204,285,202,-1,174,286,175,-1,175,286,287,-1,175,287,208,-1,208,287,288,-1,208,288,249,-1,255,254,253,-1,253,254,289,-1,253,289,251,-1,250,290,208,-1,208,290,291,-1,208,291,292,-1,292,291,253,-1,292,253,293,-1,293,253,252,-1,256,294,295,-1,295,294,296,-1,295,296,297,-1,297,296,298,-1,256,295,254,-1,254,295,299,-1,254,299,232,-1,300,301,302,-1,302,301,257,-1,302,257,303,-1,303,257,170,-1,303,170,304,-1,304,170,222,-1,229,228,305,-1,305,228,306,-1,305,306,275,-1,307,308,238,-1,238,308,242,-1,248,309,246,-1,246,309,310,-1,246,310,308,-1,308,310,311,-1,308,311,242,-1,242,311,312,-1,242,312,240,-1,243,313,242,-1,242,313,314,-1,242,314,315,-1,316,317,318,-1,260,319,170,-1,170,319,320,-1,170,320,321,-1,322,323,170,-1,170,323,324,-1,170,324,221,-1,315,325,242,-1,242,325,305,-1,242,305,326,-1,326,305,275,-1,326,275,327,-1,327,275,273,-1,237,328,238,-1,238,328,329,-1,238,329,330,-1,316,318,331,-1,332,333,334,-1,334,333,335,-1,334,335,336,-1,336,335,337,-1,193,338,172,-1,172,338,339,-1,172,339,170,-1,170,339,340,-1,170,340,322,-1,280,281,278,-1,278,281,152,-1,278,152,227,-1,227,152,151,-1,227,151,225,-1,330,341,238,-1,238,341,342,-1,238,342,307,-1,331,318,296,-1,296,318,343,-1,296,343,298,-1,321,337,170,-1,170,337,335,-1,170,335,232,-1,232,335,344,-1,232,344,254,-1,345,346,332,-1,332,346,347,-1,332,347,333,-1,348,349,350,-1,350,349,351,-1,274,352,272,-1,272,352,351,-1,272,351,353,-1,353,351,349,-1,354,355,356,-1,357,358,359,-1,360,359,361,-1,362,363,364,-1,364,363,365,-1,360,366,359,-1,359,366,367,-1,359,367,357,-1,368,369,370,-1,370,369,371,-1,370,371,361,-1,361,371,372,-1,361,372,373,-1,374,375,376,-1,377,378,364,-1,364,378,379,-1,364,379,362,-1,365,380,364,-1,364,380,381,-1,364,381,356,-1,356,381,382,-1,356,382,354,-1,383,384,361,-1,385,386,387,-1,388,389,376,-1,376,389,390,-1,376,390,391,-1,392,393,361,-1,361,393,394,-1,361,394,360,-1,395,396,397,-1,397,396,398,-1,397,398,399,-1,400,359,401,-1,401,359,402,-1,384,374,361,-1,361,374,376,-1,361,376,403,-1,403,376,391,-1,373,404,361,-1,361,404,405,-1,361,405,406,-1,407,408,409,-1,409,408,410,-1,409,410,375,-1,411,412,402,-1,413,414,376,-1,376,414,415,-1,376,415,416,-1,406,417,361,-1,361,417,418,-1,361,418,383,-1,419,420,421,-1,421,420,422,-1,421,422,387,-1,387,422,423,-1,387,423,385,-1,400,424,359,-1,359,424,425,-1,359,425,397,-1,397,425,426,-1,397,426,395,-1,427,428,429,-1,429,428,430,-1,403,431,361,-1,361,431,432,-1,361,432,433,-1,385,434,386,-1,386,434,435,-1,386,435,436,-1,358,437,359,-1,359,437,438,-1,359,438,439,-1,416,440,376,-1,376,440,441,-1,376,441,388,-1,433,442,361,-1,361,442,443,-1,361,443,444,-1,444,445,361,-1,361,445,446,-1,361,446,447,-1,448,449,450,-1,450,449,451,-1,450,451,452,-1,453,454,455,-1,436,456,386,-1,386,456,457,-1,386,457,458,-1,458,457,459,-1,458,459,460,-1,460,459,461,-1,399,462,397,-1,397,462,463,-1,397,463,464,-1,439,465,359,-1,359,465,466,-1,359,466,402,-1,402,466,467,-1,402,467,411,-1,407,409,468,-1,468,409,469,-1,468,469,470,-1,470,471,468,-1,468,471,453,-1,468,453,472,-1,472,453,455,-1,410,473,375,-1,375,473,474,-1,375,474,376,-1,376,474,475,-1,376,475,476,-1,476,477,376,-1,376,477,461,-1,376,461,478,-1,478,461,479,-1,435,480,436,-1,436,480,481,-1,436,481,482,-1,482,483,436,-1,436,483,484,-1,436,484,485,-1,485,484,428,-1,485,428,486,-1,486,428,427,-1,487,488,489,-1,489,488,490,-1,489,490,491,-1,491,490,430,-1,491,430,492,-1,412,493,402,-1,402,493,494,-1,402,494,495,-1,495,494,496,-1,495,496,376,-1,376,496,497,-1,376,497,413,-1,447,498,361,-1,361,498,450,-1,361,450,392,-1,392,450,452,-1,464,499,397,-1,397,499,500,-1,397,500,364,-1,364,500,501,-1,501,502,364,-1,364,502,503,-1,364,503,504,-1,428,505,430,-1,430,505,506,-1,430,506,492,-1,492,506,507,-1,492,507,508,-1,509,510,461,-1,461,510,511,-1,461,511,479,-1,459,512,461,-1,461,512,513,-1,461,513,514,-1,504,515,516,-1,516,517,504,-1,504,517,518,-1,504,518,364,-1,364,518,488,-1,364,488,377,-1,377,488,487,-1,519,520,508,-1,508,520,521,-1,508,521,492,-1,508,522,519,-1,519,522,523,-1,519,523,524,-1,524,523,525,-1,514,526,461,-1,461,526,527,-1,461,527,509,-1,528,529,530,-1,531,532,530,-1,530,532,533,-1,530,533,528,-1,534,535,536,-1,536,535,537,-1,536,537,538,-1,539,540,541,-1,541,540,542,-1,541,542,543,-1,541,544,530,-1,530,544,545,-1,529,546,530,-1,530,546,547,-1,530,547,548,-1,549,550,551,-1,551,550,552,-1,551,552,553,-1,554,555,556,-1,556,555,557,-1,556,557,543,-1,543,557,558,-1,543,558,541,-1,559,560,552,-1,552,560,561,-1,548,562,530,-1,530,562,563,-1,530,563,536,-1,536,563,564,-1,536,564,534,-1,565,566,567,-1,536,568,530,-1,530,568,569,-1,530,569,570,-1,545,571,530,-1,530,571,572,-1,530,572,552,-1,552,572,573,-1,552,573,559,-1,561,574,552,-1,552,574,575,-1,552,575,553,-1,570,576,530,-1,530,576,577,-1,530,577,541,-1,541,577,578,-1,541,578,539,-1,567,579,565,-1,565,579,580,-1,565,580,581,-1,582,583,565,-1,565,583,584,-1,565,584,566,-1,582,585,583,-1,583,585,586,-1,583,586,587,-1,581,588,565,-1,565,588,589,-1,565,589,590,-1,590,589,591,-1,590,591,538,-1,538,591,592,-1,538,592,536,-1,593,594,595,-1,593,595,596,-1,597,598,599,-1,599,598,600,-1,600,601,599,-1,599,601,602,-1,599,602,603,-1,604,605,594,-1,594,605,606,-1,594,606,607,-1,608,609,595,-1,595,609,610,-1,595,610,611,-1,612,613,614,-1,614,613,595,-1,614,595,615,-1,615,595,616,-1,603,617,599,-1,599,617,618,-1,599,618,619,-1,619,620,599,-1,599,620,621,-1,599,621,595,-1,595,621,622,-1,595,622,596,-1,623,624,625,-1,611,626,627,-1,627,626,628,-1,627,628,629,-1,627,630,611,-1,611,630,631,-1,611,631,632,-1,633,634,595,-1,595,634,635,-1,595,635,616,-1,594,636,604,-1,604,636,623,-1,604,623,637,-1,637,623,625,-1,607,638,594,-1,594,638,639,-1,594,639,595,-1,595,639,640,-1,595,640,608,-1,641,642,643,-1,643,642,644,-1,643,644,628,-1,628,644,645,-1,628,645,629,-1,632,646,611,-1,611,646,647,-1,611,647,595,-1,595,647,648,-1,595,648,633,-1,649,650,651,-1,652,653,654,-1,644,655,645,-1,645,655,652,-1,645,652,656,-1,656,652,654,-1,641,643,651,-1,651,643,657,-1,651,657,649,-1,658,659,660,-1,660,659,661,-1,662,663,664,-1,664,663,660,-1,665,666,667,-1,667,666,668,-1,667,668,669,-1,670,671,672,-1,673,674,675,-1,675,674,676,-1,661,677,660,-1,660,677,678,-1,660,678,664,-1,676,679,675,-1,675,679,680,-1,675,680,681,-1,670,682,667,-1,667,682,683,-1,684,685,681,-1,681,685,686,-1,681,686,675,-1,683,687,667,-1,667,687,688,-1,667,688,660,-1,660,688,689,-1,660,689,658,-1,669,690,667,-1,667,690,691,-1,667,691,692,-1,693,694,670,-1,670,694,695,-1,670,695,671,-1,696,697,698,-1,698,697,699,-1,698,699,672,-1,672,699,700,-1,672,700,670,-1,692,701,667,-1,667,701,702,-1,667,702,703,-1,704,705,706,-1,706,705,707,-1,706,707,673,-1,673,707,708,-1,673,708,674,-1,705,709,710,-1,693,670,711,-1,711,670,667,-1,711,667,681,-1,681,667,703,-1,681,703,684,-1,704,712,705,-1,705,712,713,-1,705,713,714,-1,715,716,717,-1,714,718,705,-1,705,718,719,-1,705,719,709,-1,710,720,705,-1,705,720,715,-1,705,715,721,-1,721,715,717,-1,421,231,419,-1,419,231,213,-1,211,422,212,-1,212,422,420,-1,640,639,576,-1,576,639,577,-1,648,647,562,-1,562,647,563,-1,703,702,722,-1,722,702,723,-1,724,725,726,-1,726,725,727,-1,728,729,730,-1,730,729,731,-1,86,732,733,-1,86,733,87,-1,87,733,734,-1,734,733,735,-1,734,735,736,-1,736,735,737,-1,736,737,738,-1,97,96,739,-1,97,739,740,-1,740,739,741,-1,740,741,742,-1,742,741,743,-1,742,743,744,-1,738,737,745,-1,745,737,746,-1,747,748,743,-1,743,748,744,-1,749,729,750,-1,750,729,728,-1,745,746,751,-1,752,753,754,-1,745,751,755,-1,755,751,756,-1,755,756,757,-1,757,756,752,-1,757,752,758,-1,758,752,754,-1,758,754,759,-1,748,747,760,-1,748,760,761,-1,761,760,762,-1,761,762,763,-1,763,762,764,-1,763,764,765,-1,765,764,766,-1,765,766,767,-1,729,749,768,-1,729,768,769,-1,769,768,770,-1,769,770,771,-1,771,770,772,-1,771,772,773,-1,773,772,774,-1,773,774,775,-1,550,549,776,-1,550,776,777,-1,777,776,778,-1,777,778,779,-1,779,778,780,-1,779,780,781,-1,781,780,782,-1,781,782,727,-1,555,554,783,-1,555,783,784,-1,784,783,785,-1,784,785,786,-1,786,785,787,-1,786,787,788,-1,788,787,789,-1,788,789,790,-1,531,791,792,-1,531,792,532,-1,532,792,793,-1,793,792,794,-1,793,794,795,-1,795,794,796,-1,795,796,797,-1,797,796,798,-1,797,798,799,-1,790,789,800,-1,800,789,801,-1,802,726,782,-1,782,726,727,-1,799,798,803,-1,803,798,804,-1,800,801,805,-1,800,805,806,-1,806,805,807,-1,806,807,808,-1,808,807,21,-1,808,21,20,-1,803,804,809,-1,810,811,15,-1,803,809,812,-1,812,809,810,-1,812,810,813,-1,813,810,15,-1,813,15,14,-1,42,41,814,-1,814,41,815,-1,814,815,816,-1,816,815,817,-1,816,817,818,-1,818,817,819,-1,55,820,821,-1,55,821,56,-1,822,823,824,-1,824,823,825,-1,824,825,821,-1,821,825,826,-1,821,826,56,-1,819,827,818,-1,818,827,828,-1,725,724,829,-1,829,724,830,-1,822,831,823,-1,823,831,832,-1,725,829,833,-1,833,829,834,-1,833,834,835,-1,835,834,836,-1,835,836,837,-1,837,836,838,-1,837,838,597,-1,597,838,598,-1,828,827,839,-1,839,827,840,-1,839,840,841,-1,841,840,842,-1,841,842,843,-1,843,842,844,-1,843,844,624,-1,624,844,625,-1,613,612,845,-1,846,613,847,-1,847,613,845,-1,847,845,848,-1,848,845,849,-1,848,849,850,-1,850,849,851,-1,850,851,831,-1,831,851,832,-1,665,852,853,-1,665,853,666,-1,854,855,856,-1,856,855,857,-1,856,857,858,-1,858,857,859,-1,858,859,853,-1,853,859,860,-1,853,860,666,-1,697,696,861,-1,861,696,862,-1,861,862,863,-1,863,862,864,-1,863,864,865,-1,865,864,866,-1,865,866,867,-1,867,866,868,-1,663,662,869,-1,869,662,870,-1,869,870,871,-1,871,870,872,-1,871,872,873,-1,873,872,874,-1,873,874,731,-1,731,874,875,-1,854,876,855,-1,855,876,877,-1,878,867,879,-1,879,867,868,-1,730,731,880,-1,880,731,875,-1,130,129,881,-1,882,130,883,-1,883,130,881,-1,883,881,884,-1,884,881,885,-1,884,885,876,-1,876,885,877,-1,878,879,886,-1,886,879,887,-1,886,887,888,-1,888,887,889,-1,888,889,135,-1,135,889,136,-1,148,369,149,-1,149,369,368,-1,165,152,356,-1,356,152,364,-1,354,164,355,-1,355,164,163,-1,890,811,810,-1,820,890,821,-1,821,890,810,-1,821,810,824,-1,824,810,809,-1,824,809,822,-1,822,809,804,-1,597,550,837,-1,837,550,777,-1,837,777,835,-1,835,777,779,-1,835,779,833,-1,833,779,781,-1,833,781,725,-1,725,781,727,-1,597,599,550,-1,550,599,552,-1,891,846,847,-1,831,798,850,-1,850,798,796,-1,850,796,848,-1,848,796,794,-1,848,794,847,-1,847,794,792,-1,847,792,891,-1,891,792,791,-1,831,822,798,-1,798,822,804,-1,364,152,892,-1,892,152,893,-1,892,893,894,-1,894,893,895,-1,894,895,896,-1,896,895,897,-1,896,897,898,-1,898,897,899,-1,898,899,900,-1,900,899,901,-1,900,901,599,-1,599,901,552,-1,361,160,370,-1,370,160,150,-1,902,903,904,-1,905,906,907,-1,908,902,909,-1,909,902,904,-1,909,904,910,-1,910,904,911,-1,910,911,912,-1,912,911,913,-1,912,913,914,-1,914,913,915,-1,914,915,907,-1,907,915,916,-1,907,916,905,-1,905,916,917,-1,660,918,919,-1,919,918,920,-1,919,920,921,-1,921,920,922,-1,921,922,923,-1,923,922,924,-1,923,924,925,-1,925,924,926,-1,925,926,927,-1,927,926,928,-1,927,928,361,-1,361,928,160,-1,660,663,918,-1,918,663,775,-1,929,930,931,-1,932,933,934,-1,935,929,936,-1,936,929,931,-1,936,931,937,-1,937,931,938,-1,937,938,939,-1,939,938,940,-1,939,940,941,-1,941,940,942,-1,941,942,934,-1,934,942,943,-1,934,943,932,-1,932,943,944,-1,731,729,873,-1,873,729,769,-1,873,769,871,-1,871,769,771,-1,871,771,869,-1,869,771,773,-1,869,773,663,-1,663,773,775,-1,945,753,752,-1,852,945,853,-1,853,945,752,-1,853,752,858,-1,858,752,756,-1,858,756,856,-1,856,756,751,-1,856,751,854,-1,854,751,746,-1,946,882,883,-1,876,737,884,-1,884,737,735,-1,884,735,883,-1,883,735,733,-1,883,733,946,-1,946,733,732,-1,876,854,737,-1,737,854,746,-1,947,944,943,-1,947,943,918,-1,931,930,170,-1,918,943,920,-1,920,943,942,-1,920,942,922,-1,922,942,940,-1,922,940,924,-1,924,940,938,-1,924,938,926,-1,926,938,931,-1,926,931,928,-1,928,931,170,-1,928,170,160,-1,181,917,916,-1,181,916,152,-1,904,903,530,-1,152,916,893,-1,893,916,915,-1,893,915,895,-1,895,915,913,-1,895,913,897,-1,897,913,911,-1,897,911,899,-1,899,911,904,-1,899,904,901,-1,901,904,530,-1,901,530,552,-1,397,364,892,-1,595,908,909,-1,595,909,599,-1,906,397,907,-1,907,397,892,-1,907,892,914,-1,914,892,894,-1,914,894,912,-1,912,894,896,-1,912,896,910,-1,910,896,898,-1,910,898,909,-1,909,898,900,-1,909,900,599,-1,667,660,919,-1,359,935,936,-1,359,936,361,-1,933,667,934,-1,934,667,919,-1,934,919,941,-1,941,919,921,-1,941,921,939,-1,939,921,923,-1,939,923,937,-1,937,923,925,-1,937,925,936,-1,936,925,927,-1,936,927,361,-1,514,309,248,-1,514,248,526,-1,526,248,247,-1,526,247,527,-1,527,247,245,-1,527,245,509,-1,309,514,310,-1,310,514,513,-1,485,313,436,-1,436,313,243,-1,436,243,456,-1,456,243,241,-1,456,241,457,-1,457,241,240,-1,457,240,459,-1,459,240,312,-1,459,312,512,-1,512,312,311,-1,512,311,513,-1,513,311,310,-1,313,485,314,-1,314,485,486,-1,518,278,488,-1,488,278,227,-1,488,227,490,-1,490,227,229,-1,490,229,430,-1,430,229,305,-1,430,305,429,-1,429,305,325,-1,429,325,427,-1,427,325,315,-1,427,315,486,-1,486,315,314,-1,278,518,276,-1,276,518,517,-1,504,280,279,-1,504,279,515,-1,515,279,277,-1,515,277,516,-1,516,277,276,-1,516,276,517,-1,280,504,281,-1,281,504,503,-1,499,210,500,-1,500,210,209,-1,500,209,501,-1,501,209,283,-1,501,283,502,-1,502,283,282,-1,502,282,503,-1,503,282,281,-1,210,499,179,-1,179,499,464,-1,395,188,396,-1,396,188,185,-1,396,185,398,-1,398,185,184,-1,398,184,399,-1,399,184,183,-1,399,183,462,-1,462,183,182,-1,462,182,463,-1,463,182,180,-1,463,180,464,-1,464,180,179,-1,426,168,395,-1,395,168,265,-1,188,395,186,-1,186,395,265,-1,186,265,948,-1,948,265,949,-1,495,201,402,-1,402,201,200,-1,402,200,401,-1,401,200,199,-1,401,199,400,-1,400,199,172,-1,400,172,424,-1,424,172,171,-1,424,171,425,-1,425,171,169,-1,425,169,426,-1,426,169,168,-1,201,495,223,-1,223,495,376,-1,510,244,511,-1,511,244,196,-1,511,196,479,-1,479,196,195,-1,479,195,478,-1,478,195,224,-1,478,224,376,-1,376,224,223,-1,244,510,245,-1,245,510,509,-1,442,293,443,-1,443,293,252,-1,443,252,444,-1,444,252,251,-1,444,251,445,-1,445,251,289,-1,445,289,446,-1,446,289,254,-1,446,254,447,-1,447,254,344,-1,447,344,498,-1,498,344,335,-1,498,335,450,-1,450,335,333,-1,293,442,292,-1,292,442,433,-1,389,328,390,-1,390,328,237,-1,390,237,391,-1,391,237,204,-1,391,204,403,-1,403,204,206,-1,403,206,431,-1,431,206,207,-1,431,207,432,-1,432,207,208,-1,432,208,433,-1,433,208,292,-1,328,389,329,-1,329,389,388,-1,416,342,341,-1,416,341,440,-1,440,341,330,-1,440,330,441,-1,441,330,329,-1,441,329,388,-1,342,416,307,-1,307,416,415,-1,497,194,413,-1,413,194,246,-1,413,246,414,-1,414,246,308,-1,414,308,415,-1,415,308,307,-1,194,497,236,-1,236,497,496,-1,465,270,466,-1,466,270,269,-1,466,269,467,-1,467,269,268,-1,467,268,411,-1,411,268,267,-1,411,267,412,-1,412,267,266,-1,412,266,493,-1,493,266,190,-1,493,190,494,-1,494,190,189,-1,494,189,496,-1,496,189,236,-1,271,270,465,-1,439,301,300,-1,950,951,300,-1,300,951,271,-1,300,271,439,-1,439,271,465,-1,366,320,367,-1,367,320,319,-1,367,319,357,-1,357,319,260,-1,357,260,358,-1,358,260,259,-1,358,259,437,-1,437,259,258,-1,437,258,438,-1,438,258,257,-1,438,257,439,-1,439,257,301,-1,320,366,321,-1,321,366,360,-1,392,334,393,-1,393,334,336,-1,393,336,394,-1,394,336,337,-1,394,337,360,-1,360,337,321,-1,334,392,332,-1,332,392,452,-1,448,347,346,-1,448,346,449,-1,449,346,345,-1,449,345,451,-1,451,345,332,-1,451,332,452,-1,347,448,333,-1,333,448,450,-1,477,249,461,-1,461,249,288,-1,461,288,460,-1,460,288,287,-1,460,287,458,-1,458,287,286,-1,458,286,386,-1,386,286,174,-1,386,174,387,-1,387,174,173,-1,387,173,421,-1,421,173,231,-1,249,477,250,-1,250,477,476,-1,407,294,408,-1,408,294,256,-1,408,256,410,-1,410,256,255,-1,410,255,473,-1,473,255,253,-1,473,253,474,-1,474,253,291,-1,474,291,475,-1,475,291,290,-1,475,290,476,-1,476,290,250,-1,294,407,296,-1,296,407,468,-1,469,297,298,-1,469,298,470,-1,470,298,343,-1,470,343,471,-1,471,343,318,-1,471,318,453,-1,453,318,317,-1,453,317,454,-1,454,317,316,-1,454,316,455,-1,455,316,331,-1,455,331,472,-1,472,331,296,-1,472,296,468,-1,297,469,295,-1,295,469,409,-1,417,176,418,-1,418,176,235,-1,418,235,383,-1,383,235,234,-1,383,234,384,-1,384,234,233,-1,384,233,374,-1,374,233,232,-1,374,232,375,-1,375,232,299,-1,375,299,409,-1,409,299,295,-1,176,417,177,-1,177,417,406,-1,369,148,371,-1,371,148,162,-1,371,162,372,-1,372,162,161,-1,372,161,373,-1,373,161,159,-1,373,159,404,-1,404,159,158,-1,404,158,405,-1,405,158,178,-1,405,178,406,-1,406,178,177,-1,508,272,353,-1,508,353,522,-1,522,353,349,-1,522,349,523,-1,523,349,348,-1,523,348,525,-1,525,348,350,-1,525,350,524,-1,524,350,351,-1,524,351,519,-1,519,351,352,-1,519,352,520,-1,520,352,274,-1,520,274,521,-1,272,508,273,-1,273,508,507,-1,482,284,483,-1,483,284,239,-1,483,239,484,-1,484,239,238,-1,484,238,428,-1,428,238,242,-1,428,242,505,-1,505,242,326,-1,505,326,506,-1,506,326,327,-1,506,327,507,-1,507,327,273,-1,284,482,285,-1,285,482,481,-1,422,211,423,-1,423,211,230,-1,423,230,385,-1,385,230,175,-1,385,175,434,-1,434,175,205,-1,434,205,435,-1,435,205,203,-1,435,203,480,-1,480,203,202,-1,480,202,481,-1,481,202,285,-1,362,154,363,-1,363,154,157,-1,363,157,365,-1,365,157,156,-1,365,156,380,-1,380,156,155,-1,380,155,381,-1,381,155,167,-1,381,167,382,-1,382,167,166,-1,382,166,354,-1,354,166,164,-1,154,362,153,-1,153,362,379,-1,492,275,491,-1,491,275,306,-1,491,306,489,-1,489,306,228,-1,489,228,487,-1,487,228,226,-1,487,226,377,-1,377,226,225,-1,377,225,378,-1,378,225,151,-1,378,151,379,-1,379,151,153,-1,275,492,274,-1,274,492,521,-1,355,163,952,-1,952,163,953,-1,952,953,954,-1,954,953,955,-1,954,955,956,-1,956,955,957,-1,956,957,958,-1,958,957,959,-1,958,959,960,-1,960,959,961,-1,960,961,962,-1,962,961,963,-1,964,965,966,-1,966,965,967,-1,966,967,968,-1,968,967,969,-1,968,969,970,-1,970,969,971,-1,970,971,972,-1,972,971,973,-1,972,973,974,-1,974,973,975,-1,974,975,356,-1,356,975,165,-1,163,165,975,-1,163,975,953,-1,953,975,973,-1,953,973,955,-1,955,973,971,-1,955,971,957,-1,957,971,969,-1,957,969,959,-1,959,969,967,-1,959,967,961,-1,961,967,965,-1,961,965,963,-1,962,964,960,-1,960,964,966,-1,960,966,958,-1,958,966,968,-1,958,968,956,-1,956,968,970,-1,956,970,954,-1,954,970,972,-1,954,972,952,-1,952,972,974,-1,952,974,355,-1,355,974,356,-1,964,976,965,-1,965,976,977,-1,963,978,962,-1,962,978,979,-1,965,977,963,-1,963,977,978,-1,979,976,962,-1,962,976,964,-1,978,977,979,-1,979,977,976,-1,370,150,980,-1,980,150,981,-1,980,981,982,-1,982,981,983,-1,982,983,984,-1,984,983,985,-1,984,985,986,-1,986,985,987,-1,986,987,988,-1,988,987,989,-1,988,989,990,-1,990,989,991,-1,992,993,994,-1,994,993,995,-1,994,995,996,-1,996,995,997,-1,996,997,998,-1,998,997,999,-1,998,999,1000,-1,1000,999,1001,-1,1000,1001,1002,-1,1002,1001,1003,-1,1002,1003,368,-1,368,1003,149,-1,150,149,1003,-1,150,1003,981,-1,981,1003,1001,-1,981,1001,983,-1,983,1001,999,-1,983,999,985,-1,985,999,997,-1,985,997,987,-1,987,997,995,-1,987,995,989,-1,989,995,993,-1,989,993,991,-1,990,992,988,-1,988,992,994,-1,988,994,986,-1,986,994,996,-1,986,996,984,-1,984,996,998,-1,984,998,982,-1,982,998,1000,-1,982,1000,980,-1,980,1000,1002,-1,980,1002,370,-1,370,1002,368,-1,992,1004,993,-1,993,1004,1005,-1,991,1006,990,-1,990,1006,1007,-1,993,1005,991,-1,991,1005,1006,-1,1007,1004,990,-1,990,1004,992,-1,1006,1005,1007,-1,1007,1005,1004,-1,948,949,1008,-1,1008,949,1009,-1,1010,1011,950,-1,950,1011,951,-1,950,300,1010,-1,1010,300,302,-1,1010,302,1012,-1,1012,302,1013,-1,1013,302,303,-1,1013,303,1014,-1,1014,303,1015,-1,1015,303,304,-1,1015,304,1016,-1,1017,1018,222,-1,222,1018,1019,-1,222,1019,304,-1,304,1019,1020,-1,304,1020,1016,-1,222,221,1017,-1,1017,221,324,-1,1017,324,1021,-1,323,1022,324,-1,324,1022,1023,-1,324,1023,1021,-1,322,340,1024,-1,1024,340,1025,-1,1025,340,1026,-1,1026,340,339,-1,1026,339,1027,-1,1027,339,1028,-1,1028,339,338,-1,1028,338,1029,-1,1029,338,1030,-1,1030,338,193,-1,1030,193,1031,-1,1031,193,1032,-1,1032,193,192,-1,1032,192,1033,-1,1033,192,1034,-1,1034,192,191,-1,1034,191,1035,-1,1035,191,1011,-1,1011,191,271,-1,1011,271,951,-1,1011,1010,1012,-1,1011,1012,1035,-1,1035,1012,1013,-1,1035,1013,1034,-1,1018,1017,1036,-1,1036,1017,1021,-1,1036,1021,1023,-1,1023,1022,1036,-1,1036,1022,323,-1,1036,323,322,-1,1024,1025,1037,-1,1037,1025,1026,-1,1037,1026,1027,-1,1034,1013,1033,-1,1033,1013,1014,-1,1033,1014,1032,-1,1032,1014,1015,-1,1032,1015,1031,-1,1031,1015,1016,-1,1031,1016,1030,-1,1030,1016,1020,-1,1030,1020,1029,-1,1029,1020,1019,-1,1029,1019,1028,-1,1028,1019,1018,-1,1028,1018,1027,-1,1027,1018,1036,-1,1027,1036,1037,-1,1037,1036,322,-1,1037,322,1024,-1,949,265,1009,-1,1009,265,264,-1,1009,264,1038,-1,1038,264,1039,-1,1039,264,263,-1,1039,263,1040,-1,1040,263,1041,-1,1041,263,220,-1,1041,220,1042,-1,1043,1044,219,-1,219,1044,1045,-1,219,1045,220,-1,220,1045,1046,-1,220,1046,1042,-1,219,218,1043,-1,1043,218,217,-1,1043,217,1047,-1,262,1048,217,-1,217,1048,1049,-1,217,1049,1047,-1,261,216,1050,-1,1050,216,1051,-1,1051,216,1052,-1,1052,216,215,-1,1052,215,1053,-1,1053,215,1054,-1,1054,215,214,-1,1054,214,1055,-1,1055,214,1056,-1,1056,214,198,-1,1056,198,1057,-1,1057,198,1058,-1,1058,198,197,-1,1058,197,1059,-1,1059,197,1060,-1,1060,197,187,-1,1060,187,1061,-1,1061,187,1008,-1,1008,187,186,-1,1008,186,948,-1,1008,1009,1038,-1,1008,1038,1061,-1,1061,1038,1039,-1,1061,1039,1060,-1,1044,1043,1062,-1,1062,1043,1047,-1,1062,1047,1049,-1,1049,1048,1062,-1,1062,1048,262,-1,1062,262,261,-1,1050,1051,1063,-1,1063,1051,1052,-1,1063,1052,1053,-1,1060,1039,1059,-1,1059,1039,1040,-1,1059,1040,1058,-1,1058,1040,1041,-1,1058,1041,1057,-1,1057,1041,1042,-1,1057,1042,1056,-1,1056,1042,1046,-1,1056,1046,1055,-1,1055,1046,1045,-1,1055,1045,1054,-1,1054,1045,1044,-1,1054,1044,1053,-1,1053,1044,1062,-1,1053,1062,1063,-1,1063,1062,261,-1,1063,261,1050,-1,875,749,880,-1,880,749,750,-1,748,867,744,-1,744,867,878,-1,880,750,730,-1,730,750,728,-1,104,105,133,-1,133,105,147,-1,115,144,93,-1,93,144,94,-1,101,97,137,-1,137,97,135,-1,80,114,89,-1,89,114,113,-1,134,114,103,-1,103,114,80,-1,135,97,888,-1,888,97,740,-1,888,740,886,-1,886,740,742,-1,886,742,878,-1,878,742,744,-1,1064,774,664,-1,664,774,662,-1,699,697,1065,-1,1065,697,767,-1,1066,1067,688,-1,688,1067,689,-1,662,774,870,-1,870,774,772,-1,870,772,872,-1,872,772,770,-1,872,770,874,-1,874,770,768,-1,874,768,875,-1,875,768,749,-1,867,748,865,-1,865,748,761,-1,865,761,863,-1,863,761,763,-1,863,763,861,-1,861,763,765,-1,861,765,697,-1,697,765,767,-1,88,87,131,-1,131,87,129,-1,83,82,121,-1,121,82,120,-1,125,136,95,-1,95,136,96,-1,129,87,881,-1,881,87,734,-1,881,734,885,-1,885,734,736,-1,885,736,877,-1,877,736,738,-1,879,743,887,-1,887,743,741,-1,887,741,889,-1,889,741,739,-1,889,739,136,-1,136,739,96,-1,745,855,738,-1,738,855,877,-1,879,868,743,-1,743,868,747,-1,668,666,1068,-1,1068,666,759,-1,1069,766,698,-1,698,766,696,-1,1070,1071,681,-1,681,1071,711,-1,855,745,857,-1,857,745,755,-1,857,755,859,-1,859,755,757,-1,859,757,860,-1,860,757,758,-1,860,758,666,-1,666,758,759,-1,696,766,862,-1,862,766,764,-1,862,764,864,-1,864,764,762,-1,864,762,866,-1,866,762,760,-1,866,760,868,-1,868,760,747,-1,23,21,40,-1,40,21,41,-1,52,51,11,-1,11,51,12,-1,57,56,16,-1,16,56,14,-1,637,625,556,-1,556,625,554,-1,533,532,614,-1,614,532,612,-1,827,789,840,-1,840,789,787,-1,840,787,842,-1,842,787,785,-1,842,785,844,-1,844,785,783,-1,844,783,625,-1,625,783,554,-1,612,532,845,-1,845,532,793,-1,845,793,849,-1,849,793,795,-1,849,795,851,-1,851,795,797,-1,851,797,832,-1,832,797,799,-1,819,801,827,-1,827,801,789,-1,832,799,823,-1,823,799,803,-1,41,21,815,-1,815,21,807,-1,815,807,817,-1,817,807,805,-1,817,805,819,-1,819,805,801,-1,823,803,825,-1,825,803,812,-1,825,812,826,-1,826,812,813,-1,826,813,56,-1,56,813,14,-1,573,572,620,-1,620,572,621,-1,600,598,551,-1,551,598,549,-1,557,555,623,-1,623,555,624,-1,782,829,802,-1,802,829,830,-1,800,818,790,-1,790,818,828,-1,724,726,830,-1,830,726,802,-1,829,782,834,-1,834,782,780,-1,834,780,836,-1,836,780,778,-1,836,778,838,-1,838,778,776,-1,838,776,598,-1,598,776,549,-1,624,555,843,-1,843,555,784,-1,843,784,841,-1,841,784,786,-1,841,786,839,-1,839,786,788,-1,839,788,828,-1,828,788,790,-1,818,800,816,-1,816,800,806,-1,816,806,814,-1,814,806,808,-1,814,808,42,-1,42,808,20,-1,29,27,66,-1,66,27,65,-1,32,2,72,-1,72,2,49,-1,1,38,2,-1,2,38,49,-1,59,42,22,-1,22,42,20,-1,19,34,63,-1,63,34,64,-1,
        ]
    }
}
Shape{
    appearance Appearance {
        material  Material 	{
            diffuseColor 1.0 1.0 1.0
            specularColor 0.8784313725490196 0.8784313725490196 0.8784313725490196
            ambientIntensity 1.0
            transparency 0.0
            shininess 0.5
        }
    }
    geometry IndexedFaceSet {
        ccw TRUE
        solid FALSE
        coord DEF co Coordinate {
            point [
                -1.4764 -0.7203 0.5906, -1.4764 -0.7203 -0.315, -1.3898 -0.7203 0.5906, -1.3898 -0.7203 -0.315, -1.4764 -0.715 -0.3557, -1.3898 -0.715 -0.3557, -1.4764 -0.6992 -0.3937, -1.3898 -0.6992 -0.3937, -1.4764 -0.6742 -0.4263, -1.3898 -0.6742 -0.4263, -1.4764 -0.6416 -0.4513, -1.3898 -0.6416 -0.4513, -1.4764 -0.6036 -0.4671, -1.3898 -0.6036 -0.4671, -1.4764 -0.5629 -0.4724, -1.3898 -0.5629 -0.4724, -1.3898 -0.5235 -0.4724, -1.4764 -0.5235 -0.4724, -1.4764 -0.4827 -0.4671, -1.3898 -0.4827 -0.4671, -1.4764 -0.4447 -0.4513, -1.3898 -0.4447 -0.4513, -1.4764 -0.4121 -0.4263, -1.3898 -0.4121 -0.4263, -1.4764 -0.3871 -0.3937, -1.3898 -0.3871 -0.3937, -1.4764 -0.3714 -0.3557, -1.3898 -0.3714 -0.3557, -1.4764 -0.366 -0.315, -1.3898 -0.366 -0.315, -1.3898 -0.366 0.5906, -1.4764 -0.366 0.5906, 1.4764 -0.366 0.5906, 1.4764 -0.366 -0.315, 1.3898 -0.366 0.5906, 1.3898 -0.366 -0.315, 1.4764 -0.3714 -0.3557, 1.3898 -0.3714 -0.3557, 1.4764 -0.3871 -0.3937, 1.3898 -0.3871 -0.3937, 1.4764 -0.4121 -0.4263, 1.3898 -0.4121 -0.4263, 1.4764 -0.4447 -0.4513, 1.3898 -0.4447 -0.4513, 1.4764 -0.4827 -0.4671, 1.3898 -0.4827 -0.4671, 1.4764 -0.5235 -0.4724, 1.3898 -0.5235 -0.4724, 1.3898 -0.5629 -0.4724, 1.4764 -0.5629 -0.4724, 1.4764 -0.6036 -0.4671, 1.3898 -0.6036 -0.4671, 1.4764 -0.6416 -0.4513, 1.3898 -0.6416 -0.4513, 1.4764 -0.6742 -0.4263, 1.3898 -0.6742 -0.4263, 1.4764 -0.6992 -0.3937, 1.3898 -0.6992 -0.3937, 1.4764 -0.715 -0.3557, 1.3898 -0.715 -0.3557, 1.4764 -0.7203 -0.315, 1.3898 -0.7203 -0.315, 1.3898 -0.7203 0.5906, 1.4764 -0.7203 0.5906
            ]
        }
        coordIndex [
            0,1,2,-1,2,1,3,-1,3,1,4,-1,3,4,5,-1,5,4,6,-1,5,6,7,-1,7,6,8,-1,7,8,9,-1,9,8,10,-1,9,10,11,-1,11,10,12,-1,11,12,13,-1,13,12,14,-1,13,14,15,-1,16,15,17,-1,17,15,14,-1,16,17,18,-1,16,18,19,-1,19,18,20,-1,19,20,21,-1,21,20,22,-1,21,22,23,-1,23,22,24,-1,23,24,25,-1,25,24,26,-1,25,26,27,-1,27,26,28,-1,27,28,29,-1,30,29,31,-1,31,29,28,-1,32,33,34,-1,34,33,35,-1,35,33,36,-1,35,36,37,-1,37,36,38,-1,37,38,39,-1,39,38,40,-1,39,40,41,-1,41,40,42,-1,41,42,43,-1,43,42,44,-1,43,44,45,-1,45,44,46,-1,45,46,47,-1,48,47,49,-1,49,47,46,-1,48,49,50,-1,48,50,51,-1,51,50,52,-1,51,52,53,-1,53,52,54,-1,53,54,55,-1,55,54,56,-1,55,56,57,-1,57,56,58,-1,57,58,59,-1,59,58,60,-1,59,60,61,-1,62,61,63,-1,63,61,60,-1,
        ]
    }
}
Shape{
    appearance Appearance {
        material  Material 	{
            diffuseColor 0.8313725490196079 0.8313725490196079 0.8196078431372549
            specularColor 0.6666666666666666 0.6666666666666666 0.6549019607843137
            ambientIntensity 0.83
            transparency 0.0
            shininess 0.5
        }
    }
    geometry IndexedFaceSet {
        ccw TRUE
        solid FALSE
        coord DEF co Coordinate {
            point [
                -0.2756 0.4253 0.8386, -0.2756 0.4253 0.9252, -0.2756 0.4508 0.8352, -0.2756 0.4732 0.9189, -0.2756 0.4745 0.8254, -0.2756 0.5179 0.9004, -0.2756 0.4949 0.8098, -0.2756 0.5562 0.871, -0.2756 0.5106 0.7894, -0.2756 0.5856 0.8327, -0.2756 0.5204 0.7656, -0.2756 0.6041 0.7881, -0.2756 0.5238 0.7402, -0.2756 0.6104 0.7402, 0.2756 0.5238 0.7402, 0.2756 0.6104 0.7402, 0.2756 0.5204 0.7656, 0.2756 0.6041 0.7881, 0.2756 0.5106 0.7894, 0.2756 0.5856 0.8327, 0.2756 0.4949 0.8098, 0.2756 0.5562 0.871, 0.2756 0.4745 0.8254, 0.2756 0.5179 0.9004, 0.2756 0.4508 0.8352, 0.2756 0.4732 0.9189, 0.2756 0.4253 0.8386, 0.2756 0.4253 0.9252, 0.2756 0.5238 0.563, 0.2756 0.6104 0.563, -0.2756 0.6104 0.563, -0.2756 0.5238 0.563, 0.2786 0.6104 0.5367, 0.2873 0.6104 0.5117, -0.2873 0.6104 0.5117, 0.3014 0.6104 0.4894, 0.7393 0.6104 0.2087, -0.3425 0.6104 0.4566, -0.3201 0.6104 0.4707, -0.9317 0.6104 -0.471, -0.9449 0.6104 -0.4724, -0.8873 0.6104 -0.4265, -0.8858 0.6104 -0.4134, -1.0236 0.6104 -0.4134, -0.8858 0.6104 0.0622, -1.0236 0.6104 0.1699, -0.8838 0.6104 0.0774, -0.7601 0.6104 0.4437, -0.7486 0.6104 0.4449, -0.7393 0.6104 0.2087, -0.3937 0.6104 0.4449, -0.3674 0.6104 0.4478, -0.3014 0.6104 0.4894, 0.7508 0.6104 0.2075, -0.9646 0.6104 -0.4724, -0.2786 0.6104 0.5367, 0.3425 0.6104 0.4566, 0.7721 0.6104 0.1987, 0.7619 0.6104 0.2042, 0.3201 0.6104 0.4707, -0.8917 0.6104 -0.439, -0.8987 0.6104 -0.4502, -0.7619 0.6104 0.2042, -0.7904 0.6104 0.4276, -0.7508 0.6104 0.2075, -0.7814 0.6104 0.4349, -0.7712 0.6104 0.4404, -1.0216 0.6104 0.1852, -0.8685 0.6104 0.1039, -0.8779 0.6104 0.0917, -0.7721 0.6104 0.1987, -0.7811 0.6104 0.1914, -1.0063 0.6104 0.2116, -1.0157 0.6104 0.1994, -0.9081 0.6104 -0.4596, -0.9193 0.6104 -0.4666, -0.9777 0.6104 -0.471, -0.9902 0.6104 -0.4666, -1.0014 0.6104 -0.4596, -1.0107 0.6104 -0.4502, -1.0178 0.6104 -0.439, -1.0221 0.6104 -0.4265, 0.8858 0.6104 0.0622, 1.0236 0.6104 0.1699, 0.8858 0.6104 -0.4134, 1.0236 0.6104 -0.4134, 0.3674 0.6104 0.4478, 0.3937 0.6104 0.4449, 0.7486 0.6104 0.4449, 0.9646 0.6104 -0.4724, 1.0221 0.6104 -0.4265, 0.8847 0.6104 0.0737, 0.8813 0.6104 0.0848, 1.0216 0.6104 0.1852, 0.8759 0.6104 0.095, 1.0157 0.6104 0.1994, 0.8685 0.6104 0.1039, 1.0063 0.6104 0.2116, 0.7904 0.6104 0.4276, 0.7811 0.6104 0.1914, 1.0178 0.6104 -0.439, 1.0107 0.6104 -0.4502, 0.9777 0.6104 -0.471, 1.0014 0.6104 -0.4596, 0.9902 0.6104 -0.4666, 0.7639 0.6104 0.4429, 0.7781 0.6104 0.437, 0.9449 0.6104 -0.4724, 0.8873 0.6104 -0.4265, 0.9317 0.6104 -0.471, 0.9193 0.6104 -0.4666, 0.9081 0.6104 -0.4596, 0.8987 0.6104 -0.4502, 0.8917 0.6104 -0.439, 0.3201 0.5238 0.4707, 0.3014 0.5238 0.4894, -0.2873 0.5238 0.5117, 0.2873 0.5238 0.5117, 0.2786 0.5238 0.5367, -0.8858 0.5238 0.0622, -1.0236 0.5238 0.1699, -0.8858 0.5238 -0.4134, -1.0236 0.5238 -0.4134, -0.9317 0.5238 -0.471, -0.9193 0.5238 -0.4666, -0.3201 0.5238 0.4707, 0.7393 0.5238 0.2087, -0.3014 0.5238 0.4894, -0.9777 0.5238 -0.471, -0.9646 0.5238 -0.4724, -1.0221 0.5238 -0.4265, -0.9449 0.5238 -0.4724, 0.3425 0.5238 0.4566, 0.3674 0.5238 0.4478, -0.8838 0.5238 0.0774, -0.8779 0.5238 0.0917, -1.0216 0.5238 0.1852, -0.8685 0.5238 0.1039, -1.0157 0.5238 0.1994, -1.0063 0.5238 0.2116, -0.7904 0.5238 0.4276, -0.7811 0.5238 0.1914, -0.7721 0.5238 0.1987, -0.3425 0.5238 0.4566, -0.3674 0.5238 0.4478, -0.7393 0.5238 0.2087, -0.9081 0.5238 -0.4596, -0.8987 0.5238 -0.4502, -0.8873 0.5238 -0.4265, -0.8917 0.5238 -0.439, -0.2786 0.5238 0.5367, -1.0178 0.5238 -0.439, -1.0107 0.5238 -0.4502, 0.7904 0.5238 0.4276, 0.7508 0.5238 0.2075, 0.7619 0.5238 0.2042, -1.0014 0.5238 -0.4596, -0.9902 0.5238 -0.4666, 0.7639 0.5238 0.4429, 0.7486 0.5238 0.4449, 0.3937 0.5238 0.4449, -0.3937 0.5238 0.4449, -0.7486 0.5238 0.4449, -0.7601 0.5238 0.4437, 0.8759 0.5238 0.095, 0.8813 0.5238 0.0848, 1.0236 0.5238 0.1699, 0.8847 0.5238 0.0737, 0.8858 0.5238 0.0622, -0.7619 0.5238 0.2042, -0.7508 0.5238 0.2075, -0.7814 0.5238 0.4349, -0.7712 0.5238 0.4404, 0.7781 0.5238 0.437, 1.0216 0.5238 0.1852, 1.0157 0.5238 0.1994, 0.8685 0.5238 0.1039, 1.0063 0.5238 0.2116, 0.7811 0.5238 0.1914, 0.7721 0.5238 0.1987, 0.9449 0.5238 -0.4724, 0.8858 0.5238 -0.4134, 0.8873 0.5238 -0.4265, 1.0221 0.5238 -0.4265, 1.0236 0.5238 -0.4134, 0.9646 0.5238 -0.4724, 0.9081 0.5238 -0.4596, 0.8987 0.5238 -0.4502, 0.8917 0.5238 -0.439, 0.9193 0.5238 -0.4666, 0.9317 0.5238 -0.471, 0.9902 0.5238 -0.4666, 1.0014 0.5238 -0.4596, 0.9777 0.5238 -0.471, 1.0107 0.5238 -0.4502, 1.0178 0.5238 -0.439
            ]
        }
        coordIndex [
            0,1,2,-1,2,1,3,-1,2,3,4,-1,4,3,5,-1,4,5,6,-1,6,5,7,-1,6,7,8,-1,8,7,9,-1,8,9,10,-1,10,9,11,-1,10,11,12,-1,12,11,13,-1,14,15,16,-1,16,15,17,-1,16,17,18,-1,18,17,19,-1,18,19,20,-1,20,19,21,-1,20,21,22,-1,22,21,23,-1,22,23,24,-1,24,23,25,-1,24,25,26,-1,26,25,27,-1,1,27,25,-1,1,25,3,-1,3,25,23,-1,3,23,5,-1,5,23,21,-1,5,21,7,-1,7,21,19,-1,7,19,9,-1,9,19,17,-1,9,17,11,-1,11,17,15,-1,11,15,13,-1,12,14,10,-1,10,14,16,-1,10,16,8,-1,8,16,18,-1,8,18,6,-1,6,18,20,-1,6,20,4,-1,4,20,22,-1,4,22,2,-1,2,22,24,-1,2,24,0,-1,0,24,26,-1,14,28,15,-1,15,28,29,-1,13,30,12,-1,12,30,31,-1,32,33,34,-1,34,33,35,-1,36,37,38,-1,39,40,41,-1,42,43,44,-1,44,43,45,-1,44,45,46,-1,47,48,49,-1,49,48,50,-1,49,50,36,-1,36,50,51,-1,36,51,37,-1,38,52,36,-1,36,52,34,-1,36,34,53,-1,30,13,15,-1,54,43,40,-1,40,43,42,-1,40,42,41,-1,34,55,32,-1,32,55,30,-1,32,30,29,-1,29,30,15,-1,56,57,58,-1,35,59,34,-1,34,59,56,-1,34,56,53,-1,53,56,58,-1,41,60,61,-1,62,63,64,-1,64,63,65,-1,64,65,49,-1,49,65,66,-1,49,66,47,-1,67,68,45,-1,45,68,69,-1,45,69,46,-1,62,70,63,-1,63,70,71,-1,63,71,72,-1,72,71,68,-1,72,68,73,-1,73,68,67,-1,61,74,41,-1,41,74,75,-1,41,75,39,-1,54,76,43,-1,43,76,77,-1,43,77,78,-1,78,79,43,-1,43,79,80,-1,43,80,81,-1,82,83,84,-1,84,83,85,-1,56,86,57,-1,57,86,87,-1,57,87,88,-1,89,85,90,-1,82,91,83,-1,83,91,92,-1,83,92,93,-1,93,92,94,-1,93,94,95,-1,95,94,96,-1,95,96,97,-1,97,96,98,-1,98,96,99,-1,98,99,57,-1,90,100,89,-1,89,100,101,-1,89,101,102,-1,102,101,103,-1,102,103,104,-1,88,105,57,-1,57,105,106,-1,57,106,98,-1,85,89,84,-1,84,89,107,-1,84,107,108,-1,108,107,109,-1,108,109,110,-1,110,111,108,-1,108,111,112,-1,108,112,113,-1,114,115,116,-1,116,115,117,-1,116,117,118,-1,119,120,121,-1,121,120,122,-1,123,124,121,-1,125,126,127,-1,127,126,116,-1,128,129,130,-1,130,129,122,-1,122,129,121,-1,121,129,131,-1,121,131,123,-1,114,116,132,-1,132,116,126,-1,132,126,133,-1,119,134,120,-1,120,134,135,-1,120,135,136,-1,136,135,137,-1,136,137,138,-1,138,137,139,-1,139,137,140,-1,140,137,141,-1,140,141,142,-1,125,143,126,-1,126,143,144,-1,126,144,145,-1,124,146,121,-1,121,146,147,-1,121,147,148,-1,148,147,149,-1,14,12,28,-1,28,12,31,-1,28,31,118,-1,118,31,150,-1,118,150,116,-1,130,151,152,-1,153,154,155,-1,152,156,130,-1,130,156,157,-1,130,157,128,-1,158,159,126,-1,126,159,160,-1,126,160,133,-1,144,161,145,-1,145,161,162,-1,145,162,163,-1,164,165,166,-1,166,165,167,-1,166,167,168,-1,142,169,140,-1,140,169,170,-1,140,170,171,-1,171,170,145,-1,171,145,172,-1,172,145,163,-1,154,153,126,-1,126,153,173,-1,126,173,158,-1,166,174,164,-1,164,174,175,-1,164,175,176,-1,176,175,177,-1,176,177,178,-1,178,177,153,-1,178,153,179,-1,179,153,155,-1,180,181,182,-1,183,184,185,-1,185,184,166,-1,185,166,180,-1,180,166,168,-1,180,168,181,-1,186,182,187,-1,187,182,188,-1,186,189,182,-1,182,189,190,-1,182,190,180,-1,191,192,193,-1,193,192,194,-1,193,194,185,-1,185,194,195,-1,185,195,183,-1,29,28,32,-1,32,28,118,-1,32,118,33,-1,33,118,117,-1,33,117,35,-1,35,117,115,-1,35,115,59,-1,59,115,114,-1,59,114,56,-1,56,114,132,-1,56,132,86,-1,86,132,133,-1,86,133,87,-1,87,133,160,-1,88,87,159,-1,159,87,160,-1,88,159,158,-1,88,158,105,-1,105,158,173,-1,105,173,106,-1,106,173,153,-1,106,153,98,-1,97,98,177,-1,177,98,153,-1,97,177,175,-1,97,175,95,-1,95,175,174,-1,95,174,93,-1,93,174,166,-1,93,166,83,-1,85,83,184,-1,184,83,166,-1,85,184,183,-1,85,183,90,-1,90,183,195,-1,90,195,100,-1,100,195,194,-1,100,194,101,-1,101,194,192,-1,101,192,103,-1,103,192,191,-1,103,191,104,-1,104,191,193,-1,104,193,102,-1,102,193,185,-1,102,185,89,-1,107,89,180,-1,180,89,185,-1,107,180,190,-1,107,190,109,-1,109,190,189,-1,109,189,110,-1,110,189,186,-1,110,186,111,-1,111,186,187,-1,111,187,112,-1,112,187,188,-1,112,188,113,-1,113,188,182,-1,113,182,108,-1,108,182,181,-1,108,181,84,-1,82,84,168,-1,168,84,181,-1,82,168,91,-1,91,168,167,-1,91,167,92,-1,92,167,165,-1,92,165,94,-1,94,165,164,-1,94,164,96,-1,96,164,176,-1,99,96,178,-1,178,96,176,-1,99,178,57,-1,57,178,179,-1,57,179,58,-1,58,179,155,-1,58,155,53,-1,53,155,154,-1,53,154,36,-1,36,154,126,-1,49,36,145,-1,145,36,126,-1,49,145,64,-1,64,145,170,-1,64,170,62,-1,62,170,169,-1,62,169,70,-1,70,169,142,-1,70,142,71,-1,71,142,141,-1,68,71,137,-1,137,71,141,-1,68,137,69,-1,69,137,135,-1,69,135,46,-1,46,135,134,-1,46,134,44,-1,44,134,119,-1,42,44,121,-1,121,44,119,-1,42,121,148,-1,42,148,41,-1,41,148,149,-1,41,149,60,-1,60,149,147,-1,60,147,61,-1,61,147,146,-1,61,146,74,-1,74,146,124,-1,74,124,75,-1,75,124,123,-1,75,123,39,-1,39,123,131,-1,39,131,40,-1,54,40,129,-1,129,40,131,-1,54,129,128,-1,54,128,76,-1,76,128,157,-1,76,157,77,-1,77,157,156,-1,77,156,78,-1,78,156,152,-1,78,152,79,-1,79,152,151,-1,79,151,80,-1,80,151,130,-1,80,130,81,-1,81,130,122,-1,81,122,43,-1,45,43,120,-1,120,43,122,-1,45,120,136,-1,45,136,67,-1,67,136,138,-1,67,138,73,-1,73,138,139,-1,73,139,72,-1,63,72,140,-1,140,72,139,-1,63,140,171,-1,63,171,65,-1,65,171,172,-1,65,172,66,-1,66,172,163,-1,66,163,47,-1,47,163,162,-1,47,162,48,-1,50,48,161,-1,161,48,162,-1,50,161,51,-1,51,161,144,-1,51,144,37,-1,37,144,143,-1,37,143,38,-1,38,143,125,-1,38,125,52,-1,52,125,127,-1,52,127,34,-1,34,127,116,-1,34,116,55,-1,55,116,150,-1,55,150,30,-1,30,150,31,-1,
        ]
    }
}
Shape{
    appearance Appearance {
        material  Material 	{
            diffuseColor 1.0 1.0 1.0
            specularColor 0.8784313725490196 0.8784313725490196 0.8784313725490196
            ambientIntensity 1.0
            transparency 0.0
            shininess 0.5
        }
    }
    geometry IndexedFaceSet {
        ccw TRUE
        solid FALSE
        coord DEF co Coordinate {
            point [
                -1.4764 -1.3479 0.4535, -1.4764 -1.3818 0.4535, -1.4788 -1.3694 0.4535, -1.4858 -1.39 0.4535, -1.429 -1.4618 0.4535, -1.4972 -1.4085 0.4535, -1.4076 -1.427 0.4535, -1.3943 -1.3884 0.4535, -1.3929 -1.3818 0.4535, -1.4858 -1.39 0.7402, -1.4764 -1.3818 0.7402, -1.4788 -1.3694 0.7402, -1.4764 -1.3479 0.7402, -1.4972 -1.4085 0.7402, -1.429 -1.4618 0.7402, -1.4076 -1.427 0.7402, -1.3943 -1.3884 0.7402, -1.3929 -1.3818 0.7402, -1.3898 -1.3479 0.4535, -1.3898 -1.3479 0.7402, -1.5085 -1.5636 0.7402, -1.5768 -1.5103 0.7402, -1.5768 -1.5103 0.4535, -1.5085 -1.5636 0.4535, -1.5148 -1.5716 0.4548, -1.5328 -1.5946 0.4928, -1.5319 -1.5936 0.4826, -1.5295 -1.5905 0.4731, -1.5257 -1.5855 0.465, -1.5148 -1.5716 0.7388, -1.5319 -1.5936 0.711, -1.5328 -1.5946 0.7008, -1.5207 -1.5791 0.4587, -1.5207 -1.5791 0.7349, -1.5257 -1.5855 0.7286, -1.5295 -1.5905 0.7205, -1.601 -1.5413 0.7008, -1.601 -1.5413 0.4928, -1.5889 -1.5258 0.7349, -1.5831 -1.5183 0.7388, -1.5939 -1.5322 0.7286, -1.6002 -1.5402 0.711, -1.5978 -1.5371 0.7205, -1.5831 -1.5183 0.4548, -1.5889 -1.5258 0.4587, -1.5939 -1.5322 0.465, -1.5978 -1.5371 0.4731, -1.6002 -1.5402 0.4826, 1.4764 -1.3479 0.7402, 1.4764 -1.3818 0.7402, 1.4788 -1.3694 0.7402, 1.4858 -1.39 0.7402, 1.429 -1.4618 0.7402, 1.4972 -1.4085 0.7402, 1.4076 -1.427 0.7402, 1.3943 -1.3884 0.7402, 1.3929 -1.3818 0.7402, 1.4858 -1.39 0.4535, 1.4764 -1.3818 0.4535, 1.4788 -1.3694 0.4535, 1.4764 -1.3479 0.4535, 1.4972 -1.4085 0.4535, 1.429 -1.4618 0.4535, 1.4076 -1.427 0.4535, 1.3943 -1.3884 0.4535, 1.3929 -1.3818 0.4535, 1.3898 -1.3479 0.7402, 1.3898 -1.3479 0.4535, 1.5085 -1.5636 0.4535, 1.5768 -1.5103 0.4535, 1.5768 -1.5103 0.7402, 1.5085 -1.5636 0.7402, 1.5207 -1.5791 0.4587, 1.5257 -1.5855 0.465, 1.5295 -1.5905 0.4731, 1.5319 -1.5936 0.4826, 1.5328 -1.5946 0.4928, 1.5328 -1.5946 0.7008, 1.5319 -1.5936 0.711, 1.5295 -1.5905 0.7205, 1.5257 -1.5855 0.7286, 1.5207 -1.5791 0.7349, 1.5148 -1.5716 0.7388, 1.5148 -1.5716 0.4548, 1.601 -1.5413 0.4928, 1.5978 -1.5371 0.4731, 1.5939 -1.5322 0.465, 1.5889 -1.5258 0.4587, 1.5978 -1.5371 0.7205, 1.6002 -1.5402 0.711, 1.5939 -1.5322 0.7286, 1.601 -1.5413 0.7008, 1.5889 -1.5258 0.7349, 1.6002 -1.5402 0.4826, 1.5831 -1.5183 0.4548, 1.5831 -1.5183 0.7388, -1.2913 -1.3479 0.9252, -1.2913 -1.3818 0.9252, -1.2913 -1.3694 0.9276, -1.2913 -1.39 0.9347, -1.2913 -1.4618 0.8778, -1.2913 -1.4085 0.9461, -1.2913 -1.427 0.8564, -1.2913 -1.3884 0.8431, -1.2913 -1.3818 0.8417, 1.2913 -1.39 0.9347, 1.2913 -1.3818 0.9252, 1.2913 -1.3694 0.9276, 1.2913 -1.3479 0.9252, 1.2913 -1.4085 0.9461, 1.2913 -1.4618 0.8778, 1.2913 -1.427 0.8564, 1.2913 -1.3884 0.8431, 1.2913 -1.3818 0.8417, -1.2913 -1.3479 0.8386, 1.2913 -1.3479 0.8386, 1.2913 -1.5636 0.9574, 1.2913 -1.5103 1.0256, -1.2913 -1.5103 1.0256, -1.2913 -1.5636 0.9574, -1.29 -1.5716 0.9636, -1.252 -1.5946 0.9816, 1.252 -1.5946 0.9816, -1.2622 -1.5936 0.9808, -1.2717 -1.5905 0.9783, -1.2798 -1.5855 0.9745, 1.2904 -1.5705 0.9627, 1.2691 -1.5915 0.9792, 1.2607 -1.5938 0.981, 1.2874 -1.5771 0.9679, 1.2827 -1.5829 0.9725, 1.2765 -1.5879 0.9763, -1.2861 -1.5791 0.9695, 1.2904 -1.5172 1.031, 1.2691 -1.5382 1.0474, 1.2607 -1.5405 1.0492, 1.252 -1.5413 1.0498, -1.252 -1.5413 1.0498, -1.29 -1.5183 1.0319, -1.2717 -1.5371 1.0466, -1.2622 -1.5402 1.049, -1.2798 -1.5322 1.0427, -1.2861 -1.5258 1.0377, 1.2765 -1.5345 1.0446, 1.2827 -1.5296 1.0407, 1.2874 -1.5237 1.0361, -0.0039 -1.3479 0.0, -0.0039 -1.3479 0.0866, -0.0039 -1.3694 -0.0024, -0.0039 -1.3884 0.0821, -0.0039 -1.39 -0.0095, -0.0039 -1.427 0.0688, -0.0039 -1.4085 -0.0209, -0.0039 -1.4618 0.0474, -1.0088 -1.39 -0.0095, -1.0088 -1.3818 0.0, -1.0088 -1.3694 -0.0024, -1.0088 -1.3479 0.0, -1.0088 -1.4085 -0.0209, -1.0088 -1.4618 0.0474, -1.0088 -1.427 0.0688, -1.0088 -1.3884 0.0821, -1.0088 -1.3818 0.0835, -1.0088 -1.3479 0.0866, -1.0088 -1.5636 -0.0322, -1.0088 -1.5103 -0.1004, -0.0039 -1.5946 -0.0564, -0.0039 -1.5413 -0.1246, -0.9694 -1.5946 -0.0564, -1.0075 -1.5716 -0.0384, -1.0035 -1.5791 -0.0443, -0.9973 -1.5855 -0.0493, -0.9891 -1.5905 -0.0531, -0.9796 -1.5936 -0.0556, -0.9694 -1.5413 -0.1246, -0.9891 -1.5371 -0.1214, -0.9973 -1.5322 -0.1175, -0.9796 -1.5402 -0.1238, -1.0035 -1.5258 -0.1125, -1.0075 -1.5183 -0.1067, 1.0088 -1.3479 0.0, 1.0088 -1.3818 0.0, 1.0088 -1.3694 -0.0024, 1.0088 -1.39 -0.0095, 1.0088 -1.4618 0.0474, 1.0088 -1.4085 -0.0209, 1.0088 -1.427 0.0688, 1.0088 -1.3884 0.0821, 1.0088 -1.3818 0.0835, 0.0 -1.4085 -0.0209, 0.0 -1.4618 0.0474, 0.0 -1.39 -0.0095, 0.0 -1.427 0.0688, 0.0 -1.3694 -0.0024, 0.0 -1.3884 0.0821, 0.0 -1.3479 0.0, 0.0 -1.3479 0.0866, 1.0088 -1.3479 0.0866, 0.0 -1.5413 -0.1246, 0.0 -1.5946 -0.0564, 1.0088 -1.5103 -0.1004, 1.0088 -1.5636 -0.0322, 0.9694 -1.5946 -0.0564, 1.0078 -1.5705 -0.0375, 1.0049 -1.5771 -0.0427, 0.9782 -1.5938 -0.0558, 0.9865 -1.5915 -0.054, 1.0002 -1.5829 -0.0473, 0.994 -1.5879 -0.0511, 0.9694 -1.5413 -0.1246, 1.0049 -1.5237 -0.1109, 1.0002 -1.5296 -0.1155, 1.0078 -1.5172 -0.1058, 0.994 -1.5345 -0.1194, 0.9865 -1.5382 -0.1222, 0.9782 -1.5405 -0.124
            ]
        }
        coordIndex [
            0,1,2,-1,2,1,3,-1,4,5,6,-1,6,5,3,-1,6,3,7,-1,7,3,1,-1,7,1,8,-1,9,10,11,-1,11,10,12,-1,13,14,9,-1,9,14,15,-1,9,15,10,-1,10,15,16,-1,10,16,17,-1,18,19,8,-1,8,19,17,-1,8,17,7,-1,17,16,7,-1,7,16,15,-1,7,15,6,-1,6,15,14,-1,6,14,4,-1,5,13,3,-1,3,13,9,-1,3,9,2,-1,2,9,11,-1,2,11,0,-1,0,11,12,-1,20,14,21,-1,21,14,13,-1,22,5,23,-1,23,5,4,-1,24,23,25,-1,23,4,25,-1,25,4,14,-1,25,14,20,-1,26,27,28,-1,29,30,20,-1,20,30,31,-1,20,31,25,-1,26,28,25,-1,25,28,32,-1,25,32,24,-1,29,33,30,-1,30,33,34,-1,30,34,35,-1,36,13,37,-1,37,13,5,-1,38,39,36,-1,36,39,21,-1,36,21,13,-1,38,36,40,-1,40,36,41,-1,40,41,42,-1,5,22,37,-1,37,22,43,-1,37,43,44,-1,44,45,37,-1,37,45,46,-1,37,46,47,-1,25,31,37,-1,37,31,36,-1,48,49,50,-1,50,49,51,-1,52,53,54,-1,54,53,51,-1,54,51,55,-1,55,51,49,-1,55,49,56,-1,57,58,59,-1,59,58,60,-1,61,62,57,-1,57,62,63,-1,57,63,58,-1,58,63,64,-1,58,64,65,-1,66,67,56,-1,56,67,65,-1,56,65,55,-1,65,64,55,-1,55,64,63,-1,55,63,54,-1,54,63,62,-1,54,62,52,-1,53,61,51,-1,51,61,57,-1,51,57,50,-1,50,57,59,-1,50,59,48,-1,48,59,60,-1,68,62,69,-1,69,62,61,-1,70,53,71,-1,71,53,52,-1,72,73,74,-1,75,76,68,-1,68,76,71,-1,68,71,62,-1,62,71,52,-1,76,77,71,-1,71,77,78,-1,71,78,79,-1,79,80,71,-1,71,80,81,-1,71,81,82,-1,75,68,74,-1,74,68,83,-1,74,83,72,-1,69,61,84,-1,85,86,87,-1,88,89,90,-1,90,89,91,-1,90,91,92,-1,84,93,69,-1,69,93,85,-1,69,85,94,-1,94,85,87,-1,61,53,84,-1,84,53,70,-1,84,70,91,-1,91,70,95,-1,91,95,92,-1,84,91,76,-1,76,91,77,-1,96,97,98,-1,98,97,99,-1,100,101,102,-1,102,101,99,-1,102,99,103,-1,103,99,97,-1,103,97,104,-1,105,106,107,-1,107,106,108,-1,109,110,105,-1,105,110,111,-1,105,111,106,-1,106,111,112,-1,106,112,113,-1,114,115,104,-1,104,115,113,-1,104,113,103,-1,113,112,103,-1,103,112,111,-1,103,111,102,-1,102,111,110,-1,102,110,100,-1,101,109,99,-1,99,109,105,-1,99,105,98,-1,98,105,107,-1,98,107,96,-1,96,107,108,-1,116,110,117,-1,117,110,109,-1,118,101,119,-1,119,101,100,-1,120,119,121,-1,121,119,100,-1,121,100,122,-1,122,100,110,-1,122,110,116,-1,123,124,125,-1,126,127,116,-1,116,127,128,-1,116,128,122,-1,126,129,127,-1,127,129,130,-1,127,130,131,-1,123,125,121,-1,121,125,132,-1,121,132,120,-1,109,101,118,-1,133,117,134,-1,134,117,135,-1,135,117,136,-1,136,117,109,-1,136,109,137,-1,137,109,118,-1,137,118,138,-1,139,140,141,-1,141,140,137,-1,141,137,142,-1,142,137,138,-1,143,144,134,-1,134,144,145,-1,134,145,133,-1,136,137,122,-1,122,137,121,-1,146,147,148,-1,148,147,149,-1,148,149,150,-1,150,149,151,-1,150,151,152,-1,152,151,153,-1,154,155,156,-1,156,155,157,-1,158,159,154,-1,154,159,160,-1,154,160,155,-1,155,160,161,-1,155,161,162,-1,163,162,147,-1,147,162,149,-1,162,161,149,-1,149,161,160,-1,149,160,151,-1,151,160,159,-1,151,159,153,-1,152,158,150,-1,150,158,154,-1,150,154,148,-1,148,154,156,-1,148,156,146,-1,146,156,157,-1,164,159,165,-1,165,159,158,-1,166,167,153,-1,153,167,152,-1,168,166,153,-1,153,159,164,-1,153,164,168,-1,168,164,169,-1,168,169,170,-1,170,171,168,-1,168,171,172,-1,168,172,173,-1,158,152,165,-1,165,152,167,-1,165,167,174,-1,175,176,177,-1,177,176,178,-1,177,178,174,-1,174,178,179,-1,174,179,165,-1,174,167,168,-1,168,167,166,-1,180,181,182,-1,182,181,183,-1,184,185,186,-1,186,185,183,-1,186,183,187,-1,187,183,181,-1,187,181,188,-1,189,190,191,-1,191,190,192,-1,191,192,193,-1,193,192,194,-1,193,194,195,-1,195,194,196,-1,197,196,188,-1,188,196,194,-1,188,194,187,-1,187,194,192,-1,187,192,186,-1,186,192,190,-1,186,190,184,-1,185,189,183,-1,183,189,191,-1,183,191,182,-1,182,191,193,-1,182,193,180,-1,180,193,195,-1,198,199,189,-1,189,199,190,-1,200,185,201,-1,201,185,184,-1,201,184,190,-1,190,199,201,-1,201,199,202,-1,201,202,203,-1,203,202,204,-1,202,205,204,-1,204,205,206,-1,204,206,207,-1,207,206,208,-1,198,189,209,-1,209,189,185,-1,210,211,212,-1,212,211,213,-1,212,213,214,-1,185,200,209,-1,209,200,212,-1,209,212,215,-1,215,212,214,-1,202,199,209,-1,209,199,198,-1,
        ]
    }
}
Shape{
    appearance Appearance {
        material  Material 	{
            diffuseColor 0.8313725490196079 0.8313725490196079 0.8196078431372549
            specularColor 0.6666666666666666 0.6666666666666666 0.6549019607843137
            ambientIntensity 0.83
            transparency 0.0
            shininess 0.5
        }
    }
    geometry IndexedFaceSet {
        ccw TRUE
        solid FALSE
        coord DEF co Coordinate {
            point [
                -1.0088 -1.5636 -0.0322, -1.0088 -1.5103 -0.1004, -1.0075 -1.5183 -0.1067, -1.0075 -1.5716 -0.0384, -1.0035 -1.5258 -0.1125, -1.0035 -1.5791 -0.0443, -0.9973 -1.5322 -0.1175, -0.9973 -1.5855 -0.0493, -0.9891 -1.5371 -0.1214, -0.9891 -1.5905 -0.0531, -0.9796 -1.5402 -0.1238, -0.9796 -1.5936 -0.0556, -0.9694 -1.5413 -0.1246, -0.9694 -1.5946 -0.0564, 0.9694 -1.5946 -0.0564, 0.9694 -1.5413 -0.1246, 0.9782 -1.5405 -0.124, 0.9782 -1.5938 -0.0558, 0.9865 -1.5382 -0.1222, 0.9865 -1.5915 -0.054, 0.994 -1.5345 -0.1194, 0.994 -1.5879 -0.0511, 1.0002 -1.5296 -0.1155, 1.0002 -1.5829 -0.0473, 1.0049 -1.5237 -0.1109, 1.0049 -1.5771 -0.0427, 1.0078 -1.5172 -0.1058, 1.0078 -1.5705 -0.0375, 1.0088 -1.5103 -0.1004, 1.0088 -1.5636 -0.0322, 1.5085 -1.5636 0.4535, 1.5768 -1.5103 0.4535, 1.5831 -1.5183 0.4548, 1.5148 -1.5716 0.4548, 1.5889 -1.5258 0.4587, 1.5207 -1.5791 0.4587, 1.5939 -1.5322 0.465, 1.5257 -1.5855 0.465, 1.5978 -1.5371 0.4731, 1.5295 -1.5905 0.4731, 1.6002 -1.5402 0.4826, 1.5319 -1.5936 0.4826, 1.601 -1.5413 0.4928, 1.5328 -1.5946 0.4928, 1.5328 -1.5946 0.7008, 1.601 -1.5413 0.7008, 1.6002 -1.5402 0.711, 1.5319 -1.5936 0.711, 1.5978 -1.5371 0.7205, 1.5295 -1.5905 0.7205, 1.5939 -1.5322 0.7286, 1.5257 -1.5855 0.7286, 1.5889 -1.5258 0.7349, 1.5207 -1.5791 0.7349, 1.5831 -1.5183 0.7388, 1.5148 -1.5716 0.7388, 1.5768 -1.5103 0.7402, 1.5085 -1.5636 0.7402, 1.2913 -1.5636 0.9574, 1.2913 -1.5103 1.0256, 1.2904 -1.5172 1.031, 1.2904 -1.5705 0.9627, 1.2874 -1.5237 1.0361, 1.2874 -1.5771 0.9679, 1.2827 -1.5296 1.0407, 1.2827 -1.5829 0.9725, 1.2765 -1.5345 1.0446, 1.2765 -1.5879 0.9763, 1.2691 -1.5382 1.0474, 1.2691 -1.5915 0.9792, 1.2607 -1.5405 1.0492, 1.2607 -1.5938 0.981, 1.252 -1.5413 1.0498, 1.252 -1.5946 0.9816, -1.252 -1.5946 0.9816, -1.252 -1.5413 1.0498, -1.2622 -1.5402 1.049, -1.2622 -1.5936 0.9808, -1.2717 -1.5371 1.0466, -1.2717 -1.5905 0.9783, -1.2798 -1.5322 1.0427, -1.2798 -1.5855 0.9745, -1.2861 -1.5258 1.0377, -1.2861 -1.5791 0.9695, -1.29 -1.5183 1.0319, -1.29 -1.5716 0.9636, -1.2913 -1.5103 1.0256, -1.2913 -1.5636 0.9574, -1.5328 -1.5946 0.4928, -1.601 -1.5413 0.4928, -1.6002 -1.5402 0.4826, -1.5319 -1.5936 0.4826, -1.5978 -1.5371 0.4731, -1.5295 -1.5905 0.4731, -1.5939 -1.5322 0.465, -1.5257 -1.5855 0.465, -1.5889 -1.5258 0.4587, -1.5207 -1.5791 0.4587, -1.5831 -1.5183 0.4548, -1.5148 -1.5716 0.4548, -1.5768 -1.5103 0.4535, -1.5085 -1.5636 0.4535, -1.5085 -1.5636 0.7402, -1.5768 -1.5103 0.7402, -1.5831 -1.5183 0.7388, -1.5148 -1.5716 0.7388, -1.5889 -1.5258 0.7349, -1.5207 -1.5791 0.7349, -1.5939 -1.5322 0.7286, -1.5257 -1.5855 0.7286, -1.5978 -1.5371 0.7205, -1.5295 -1.5905 0.7205, -1.6002 -1.5402 0.711, -1.5319 -1.5936 0.711, -1.601 -1.5413 0.7008, -1.5328 -1.5946 0.7008, 0.5281 -0.051 0.0866, 0.5281 -0.051 0.0, 0.5179 -0.0497 0.0866, 0.5179 -0.0497 0.0, 0.5084 -0.0458 0.0866, 0.5084 -0.0458 0.0, 0.5003 -0.0395 0.0866, 0.5003 -0.0395 0.0, 0.4168 0.0277 0.0, 0.4168 0.0277 0.0866, 0.4244 0.0269 0.0866, 0.4244 0.0269 0.0, 0.4318 0.0247 0.0866, 0.4318 0.0247 0.0, 0.4386 0.0211 0.0866, 0.4386 0.0211 0.0, 0.4446 0.0162 0.0866, 0.4446 0.0162 0.0, 0.1181 -0.0117 0.0, 0.1181 -0.0117 0.0866, 0.1195 -0.0015 0.0866, 0.1195 -0.0015 0.0, 0.1234 0.008 0.0866, 0.1234 0.008 0.0, 0.1296 0.0162 0.0866, 0.1296 0.0162 0.0, 0.1378 0.0224 0.0866, 0.1378 0.0224 0.0, 0.1473 0.0264 0.0866, 0.1473 0.0264 0.0, 0.1575 0.0277 0.0866, 0.1575 0.0277 0.0, -0.1575 0.0277 0.0, -0.1575 0.0277 0.0866, -0.1473 0.0264 0.0866, -0.1473 0.0264 0.0, -0.1378 0.0224 0.0866, -0.1378 0.0224 0.0, -0.1296 0.0162 0.0866, -0.1296 0.0162 0.0, -0.1234 0.008 0.0866, -0.1234 0.008 0.0, -0.1195 -0.0015 0.0866, -0.1195 -0.0015 0.0, -0.1181 -0.0117 0.0866, -0.1181 -0.0117 0.0, -0.5003 -0.0395 0.0866, -0.5003 -0.0395 0.0, -0.5084 -0.0458 0.0866, -0.5084 -0.0458 0.0, -0.5179 -0.0497 0.0866, -0.5179 -0.0497 0.0, -0.5281 -0.051 0.0866, -0.5281 -0.051 0.0, -0.4446 0.0162 0.0, -0.4446 0.0162 0.0866, -0.4364 0.0224 0.0866, -0.4364 0.0224 0.0, -0.427 0.0264 0.0866, -0.427 0.0264 0.0, -0.4168 0.0277 0.0866, -0.4168 0.0277 0.0, -1.4764 -0.7203 0.5906, -1.3898 -0.7203 0.5906, -1.4764 -0.7217 0.6007, -1.3898 -0.7217 0.6007, -1.4764 -0.7256 0.6102, -1.3898 -0.7256 0.6102, -1.4764 -0.7319 0.6184, -1.3898 -0.7319 0.6184, -1.4764 -0.74 0.6246, -1.3898 -0.74 0.6246, -1.4764 -0.7495 0.6286, -1.3898 -0.7495 0.6286, -1.4764 -0.7597 0.6299, -1.3898 -0.7597 0.6299, -1.3898 -0.051 0.5906, -1.4764 -0.051 0.5906, -1.3898 -0.0497 0.6007, -1.4764 -0.0497 0.6007, -1.3898 -0.0458 0.6102, -1.4764 -0.0458 0.6102, -1.3898 -0.0395 0.6184, -1.4764 -0.0395 0.6184, -1.3898 -0.0314 0.6246, -1.4764 -0.0314 0.6246, -1.3898 -0.0219 0.6286, -1.4764 -0.0219 0.6286, -1.3898 -0.0117 0.6299, -1.4764 -0.0117 0.6299, -1.4764 -0.3266 0.6299, -1.3898 -0.3266 0.6299, -1.4764 -0.3368 0.6286, -1.3898 -0.3368 0.6286, -1.4764 -0.3463 0.6246, -1.3898 -0.3463 0.6246, -1.4764 -0.3545 0.6184, -1.3898 -0.3545 0.6184, -1.4764 -0.3607 0.6102, -1.3898 -0.3607 0.6102, -1.4764 -0.3647 0.6007, -1.3898 -0.3647 0.6007, -1.4764 -0.366 0.5906, -1.3898 -0.366 0.5906, -1.4764 -0.7991 0.6299, -1.3898 -0.7991 0.6299, -1.4764 -0.8093 0.6286, -1.3898 -0.8093 0.6286, -1.4764 -0.8188 0.6246, -1.3898 -0.8188 0.6246, -1.4764 -0.8269 0.6184, -1.3898 -0.8269 0.6184, -1.4764 -0.8332 0.6102, -1.3898 -0.8332 0.6102, -1.4764 -0.8371 0.6007, -1.3898 -0.8371 0.6007, -1.4764 -0.8384 0.5906, -1.3898 -0.8384 0.5906, -1.3898 -0.2873 0.6299, -1.4764 -0.2873 0.6299, -1.3898 -0.2771 0.6286, -1.4764 -0.2771 0.6286, -1.3898 -0.2676 0.6246, -1.4764 -0.2676 0.6246, -1.3898 -0.2594 0.6184, -1.4764 -0.2594 0.6184, -1.3898 -0.2532 0.6102, -1.4764 -0.2532 0.6102, -1.3898 -0.2492 0.6007, -1.4764 -0.2492 0.6007, -1.3898 -0.2479 0.5906, -1.4764 -0.2479 0.5906, -1.4764 0.1852 0.5906, -1.3898 0.1852 0.5906, -1.4764 0.1838 0.6007, -1.3898 0.1838 0.6007, -1.4764 0.1799 0.6102, -1.3898 0.1799 0.6102, -1.4764 0.1736 0.6184, -1.3898 0.1736 0.6184, -1.4764 0.1655 0.6246, -1.3898 0.1655 0.6246, -1.4764 0.156 0.6286, -1.3898 0.156 0.6286, -1.4764 0.1458 0.6299, -1.3898 0.1458 0.6299, 1.3898 -0.3266 0.6299, 1.4764 -0.3266 0.6299, 1.3898 -0.3368 0.6286, 1.4764 -0.3368 0.6286, 1.3898 -0.3463 0.6246, 1.4764 -0.3463 0.6246, 1.3898 -0.3545 0.6184, 1.4764 -0.3545 0.6184, 1.3898 -0.3607 0.6102, 1.4764 -0.3607 0.6102, 1.3898 -0.3647 0.6007, 1.4764 -0.3647 0.6007, 1.3898 -0.366 0.5906, 1.4764 -0.366 0.5906, 1.4764 -0.8384 0.5906, 1.3898 -0.8384 0.5906, 1.4764 -0.8371 0.6007, 1.3898 -0.8371 0.6007, 1.4764 -0.8332 0.6102, 1.3898 -0.8332 0.6102, 1.4764 -0.8269 0.6184, 1.3898 -0.8269 0.6184, 1.4764 -0.8188 0.6246, 1.3898 -0.8188 0.6246, 1.4764 -0.8093 0.6286, 1.3898 -0.8093 0.6286, 1.4764 -0.7991 0.6299, 1.3898 -0.7991 0.6299, 1.3898 -0.7203 0.5906, 1.4764 -0.7203 0.5906, 1.3898 -0.7217 0.6007, 1.4764 -0.7217 0.6007, 1.3898 -0.7256 0.6102, 1.4764 -0.7256 0.6102, 1.3898 -0.7319 0.6184, 1.4764 -0.7319 0.6184, 1.3898 -0.74 0.6246, 1.4764 -0.74 0.6246, 1.3898 -0.7495 0.6286, 1.4764 -0.7495 0.6286, 1.3898 -0.7597 0.6299, 1.4764 -0.7597 0.6299, 1.3898 -0.2479 0.5906, 1.4764 -0.2479 0.5906, 1.3898 -0.2492 0.6007, 1.4764 -0.2492 0.6007, 1.3898 -0.2532 0.6102, 1.4764 -0.2532 0.6102, 1.3898 -0.2594 0.6184, 1.4764 -0.2594 0.6184, 1.3898 -0.2676 0.6246, 1.4764 -0.2676 0.6246, 1.3898 -0.2771 0.6286, 1.4764 -0.2771 0.6286, 1.3898 -0.2873 0.6299, 1.4764 -0.2873 0.6299, 1.4764 0.1458 0.6299, 1.3898 0.1458 0.6299, 1.4764 0.1546 0.6289, 1.3898 0.1546 0.6289, 1.4764 0.1629 0.626, 1.3898 0.1629 0.626, 1.4764 0.1704 0.6213, 1.3898 0.1704 0.6213, 1.4764 0.1766 0.6151, 1.3898 0.1766 0.6151, 1.4764 0.1813 0.6076, 1.3898 0.1813 0.6076, 1.4764 0.1842 0.5993, 1.3898 0.1842 0.5993, 1.4764 0.1852 0.5906, 1.3898 0.1852 0.5906, 1.4764 -0.051 0.5906, 1.3898 -0.051 0.5906, 1.4764 -0.0497 0.6007, 1.3898 -0.0497 0.6007, 1.4764 -0.0458 0.6102, 1.3898 -0.0458 0.6102, 1.4764 -0.0395 0.6184, 1.3898 -0.0395 0.6184, 1.4764 -0.0314 0.6246, 1.3898 -0.0314 0.6246, 1.4764 -0.0219 0.6286, 1.3898 -0.0219 0.6286, 1.4764 -0.0117 0.6299, 1.3898 -0.0117 0.6299, 0.4331 -0.2479 0.0, 0.4331 -0.2479 0.0866, 0.4243 -0.2489 0.0, 0.4243 -0.2489 0.0866, 0.416 -0.2518 0.0, 0.416 -0.2518 0.0866, 0.4085 -0.2565 0.0, 0.4085 -0.2565 0.0866, 0.4023 -0.2627 0.0, 0.4023 -0.2627 0.0866, 0.3976 -0.2702 0.0, 0.3976 -0.2702 0.0866, 0.3947 -0.2785 0.0, 0.3947 -0.2785 0.0866, 0.3937 -0.2873 0.0, 0.3937 -0.2873 0.0866, 0.4331 -0.8384 0.0866, 0.4331 -0.8384 0.0, 0.4229 -0.8371 0.0866, 0.4229 -0.8371 0.0, 0.4134 -0.8332 0.0866, 0.4134 -0.8332 0.0, 0.4052 -0.8269 0.0866, 0.4052 -0.8269 0.0, 0.399 -0.8188 0.0866, 0.399 -0.8188 0.0, 0.395 -0.8093 0.0866, 0.395 -0.8093 0.0, 0.3937 -0.7991 0.0866, 0.3937 -0.7991 0.0, -0.3937 -0.2873 0.0, -0.3937 -0.2873 0.0866, -0.395 -0.2771 0.0, -0.395 -0.2771 0.0866, -0.399 -0.2676 0.0, -0.399 -0.2676 0.0866, -0.4052 -0.2594 0.0, -0.4052 -0.2594 0.0866, -0.4134 -0.2532 0.0, -0.4134 -0.2532 0.0866, -0.4229 -0.2492 0.0, -0.4229 -0.2492 0.0866, -0.4331 -0.2479 0.0, -0.4331 -0.2479 0.0866, -0.3937 -0.7991 0.0866, -0.3937 -0.7991 0.0, -0.395 -0.8093 0.0866, -0.395 -0.8093 0.0, -0.399 -0.8188 0.0866, -0.399 -0.8188 0.0, -0.4052 -0.8269 0.0866, -0.4052 -0.8269 0.0, -0.4134 -0.8332 0.0866, -0.4134 -0.8332 0.0, -0.4229 -0.8371 0.0866, -0.4229 -0.8371 0.0, -0.4331 -0.8384 0.0866, -0.4331 -0.8384 0.0
            ]
        }
        coordIndex [
            0,1,2,-1,0,2,3,-1,3,2,4,-1,3,4,5,-1,5,4,6,-1,5,6,7,-1,7,6,8,-1,7,8,9,-1,9,8,10,-1,9,10,11,-1,11,10,12,-1,11,12,13,-1,14,15,16,-1,14,16,17,-1,17,16,18,-1,17,18,19,-1,19,18,20,-1,19,20,21,-1,21,20,22,-1,21,22,23,-1,23,22,24,-1,23,24,25,-1,25,24,26,-1,25,26,27,-1,27,26,28,-1,27,28,29,-1,30,31,32,-1,30,32,33,-1,33,32,34,-1,33,34,35,-1,35,34,36,-1,35,36,37,-1,37,36,38,-1,37,38,39,-1,39,38,40,-1,39,40,41,-1,41,40,42,-1,41,42,43,-1,44,45,46,-1,44,46,47,-1,47,46,48,-1,47,48,49,-1,49,48,50,-1,49,50,51,-1,51,50,52,-1,51,52,53,-1,53,52,54,-1,53,54,55,-1,55,54,56,-1,55,56,57,-1,58,59,60,-1,58,60,61,-1,61,60,62,-1,61,62,63,-1,63,62,64,-1,63,64,65,-1,65,64,66,-1,65,66,67,-1,67,66,68,-1,67,68,69,-1,69,68,70,-1,69,70,71,-1,71,70,72,-1,71,72,73,-1,74,75,76,-1,74,76,77,-1,77,76,78,-1,77,78,79,-1,79,78,80,-1,79,80,81,-1,81,80,82,-1,81,82,83,-1,83,82,84,-1,83,84,85,-1,85,84,86,-1,85,86,87,-1,88,89,90,-1,88,90,91,-1,91,90,92,-1,91,92,93,-1,93,92,94,-1,93,94,95,-1,95,94,96,-1,95,96,97,-1,97,96,98,-1,97,98,99,-1,99,98,100,-1,99,100,101,-1,102,103,104,-1,102,104,105,-1,105,104,106,-1,105,106,107,-1,107,106,108,-1,107,108,109,-1,109,108,110,-1,109,110,111,-1,111,110,112,-1,111,112,113,-1,113,112,114,-1,113,114,115,-1,116,117,118,-1,118,117,119,-1,118,119,120,-1,120,119,121,-1,120,121,122,-1,122,121,123,-1,124,125,126,-1,124,126,127,-1,127,126,128,-1,127,128,129,-1,129,128,130,-1,129,130,131,-1,131,130,132,-1,131,132,133,-1,134,135,136,-1,134,136,137,-1,137,136,138,-1,137,138,139,-1,139,138,140,-1,139,140,141,-1,141,140,142,-1,141,142,143,-1,143,142,144,-1,143,144,145,-1,145,144,146,-1,145,146,147,-1,148,149,150,-1,148,150,151,-1,151,150,152,-1,151,152,153,-1,153,152,154,-1,153,154,155,-1,155,154,156,-1,155,156,157,-1,157,156,158,-1,157,158,159,-1,159,158,160,-1,159,160,161,-1,162,163,164,-1,164,163,165,-1,164,165,166,-1,166,165,167,-1,166,167,168,-1,168,167,169,-1,170,171,172,-1,170,172,173,-1,173,172,174,-1,173,174,175,-1,175,174,176,-1,175,176,177,-1,178,179,180,-1,180,179,181,-1,180,181,182,-1,182,181,183,-1,182,183,184,-1,184,183,185,-1,184,185,186,-1,186,185,187,-1,186,187,188,-1,188,187,189,-1,188,189,190,-1,190,189,191,-1,192,193,194,-1,194,193,195,-1,194,195,196,-1,196,195,197,-1,196,197,198,-1,198,197,199,-1,198,199,200,-1,200,199,201,-1,200,201,202,-1,202,201,203,-1,202,203,204,-1,204,203,205,-1,206,207,208,-1,208,207,209,-1,208,209,210,-1,210,209,211,-1,210,211,212,-1,212,211,213,-1,212,213,214,-1,214,213,215,-1,214,215,216,-1,216,215,217,-1,216,217,218,-1,218,217,219,-1,220,221,222,-1,222,221,223,-1,222,223,224,-1,224,223,225,-1,224,225,226,-1,226,225,227,-1,226,227,228,-1,228,227,229,-1,228,229,230,-1,230,229,231,-1,230,231,232,-1,232,231,233,-1,234,235,236,-1,236,235,237,-1,236,237,238,-1,238,237,239,-1,238,239,240,-1,240,239,241,-1,240,241,242,-1,242,241,243,-1,242,243,244,-1,244,243,245,-1,244,245,246,-1,246,245,247,-1,248,249,250,-1,250,249,251,-1,250,251,252,-1,252,251,253,-1,252,253,254,-1,254,253,255,-1,254,255,256,-1,256,255,257,-1,256,257,258,-1,258,257,259,-1,258,259,260,-1,260,259,261,-1,262,263,264,-1,264,263,265,-1,264,265,266,-1,266,265,267,-1,266,267,268,-1,268,267,269,-1,268,269,270,-1,270,269,271,-1,270,271,272,-1,272,271,273,-1,272,273,274,-1,274,273,275,-1,276,277,278,-1,278,277,279,-1,278,279,280,-1,280,279,281,-1,280,281,282,-1,282,281,283,-1,282,283,284,-1,284,283,285,-1,284,285,286,-1,286,285,287,-1,286,287,288,-1,288,287,289,-1,290,291,292,-1,292,291,293,-1,292,293,294,-1,294,293,295,-1,294,295,296,-1,296,295,297,-1,296,297,298,-1,298,297,299,-1,298,299,300,-1,300,299,301,-1,300,301,302,-1,302,301,303,-1,304,305,306,-1,306,305,307,-1,306,307,308,-1,308,307,309,-1,308,309,310,-1,310,309,311,-1,310,311,312,-1,312,311,313,-1,312,313,314,-1,314,313,315,-1,314,315,316,-1,316,315,317,-1,318,319,320,-1,320,319,321,-1,320,321,322,-1,322,321,323,-1,322,323,324,-1,324,323,325,-1,324,325,326,-1,326,325,327,-1,326,327,328,-1,328,327,329,-1,328,329,330,-1,330,329,331,-1,330,331,332,-1,332,331,333,-1,334,335,336,-1,336,335,337,-1,336,337,338,-1,338,337,339,-1,338,339,340,-1,340,339,341,-1,340,341,342,-1,342,341,343,-1,342,343,344,-1,344,343,345,-1,344,345,346,-1,346,345,347,-1,348,349,350,-1,350,349,351,-1,350,351,352,-1,352,351,353,-1,352,353,354,-1,354,353,355,-1,354,355,356,-1,356,355,357,-1,356,357,358,-1,358,357,359,-1,358,359,360,-1,360,359,361,-1,360,361,362,-1,362,361,363,-1,364,365,366,-1,366,365,367,-1,366,367,368,-1,368,367,369,-1,368,369,370,-1,370,369,371,-1,370,371,372,-1,372,371,373,-1,372,373,374,-1,374,373,375,-1,374,375,376,-1,376,375,377,-1,378,379,380,-1,380,379,381,-1,380,381,382,-1,382,381,383,-1,382,383,384,-1,384,383,385,-1,384,385,386,-1,386,385,387,-1,386,387,388,-1,388,387,389,-1,388,389,390,-1,390,389,391,-1,392,393,394,-1,394,393,395,-1,394,395,396,-1,396,395,397,-1,396,397,398,-1,398,397,399,-1,398,399,400,-1,400,399,401,-1,400,401,402,-1,402,401,403,-1,402,403,404,-1,404,403,405,-1,
        ]
    }
}
Shape{
    appearance Appearance {
        material  Material 	{
            diffuseColor 0.20784313725490197 0.20784313725490197 0.20784313725490197
            specularColor 0.01568627450980392 0.01568627450980392 0.01568627450980392
            ambientIntensity 0.298
            transparency 0.0
            shininess 0.5
        }
    }
    geometry IndexedFaceSet {
        ccw TRUE
        solid FALSE
        coord DEF co Coordinate {
            point [
                -1.4803 -1.1243 0.6036, -1.4803 -1.1243 0.5991, -1.4764 -1.1243 0.6036, -1.4764 -1.1243 0.5991, -1.4803 -1.1083 0.6036, -1.4764 -1.1083 0.6036, -1.4803 -1.1083 0.6391, -1.4764 -1.1083 0.6391, -1.4803 -1.1032 0.6391, -1.4764 -1.1032 0.6391, -1.4803 -1.1032 0.5991, -1.4764 -1.1032 0.5991, -1.4803 -1.1448 0.5984, -1.4764 -1.1448 0.5984, -1.4764 -1.1511 0.599, -1.4803 -1.1511 0.599, -1.4764 -1.1553 0.6005, -1.4803 -1.1553 0.6005, -1.4764 -1.1559 0.6007, -1.4803 -1.1559 0.6007, -1.4803 -1.1559 0.6057, -1.4764 -1.1559 0.6057, -1.4764 -1.1518 0.6039, -1.4803 -1.1518 0.6039, -1.4764 -1.1472 0.6031, -1.4803 -1.1472 0.6031, -1.4764 -1.1455 0.603, -1.4803 -1.1455 0.603, -1.4764 -1.1418 0.6034, -1.4803 -1.1418 0.6034, -1.4764 -1.1389 0.6045, -1.4803 -1.1389 0.6045, -1.4764 -1.1362 0.6063, -1.4803 -1.1362 0.6063, -1.4764 -1.1353 0.6072, -1.4803 -1.1353 0.6072, -1.4764 -1.1332 0.6101, -1.4803 -1.1332 0.6101, -1.4764 -1.132 0.6134, -1.4803 -1.132 0.6134, -1.4764 -1.1313 0.6183, -1.4803 -1.1313 0.6183, -1.4764 -1.1313 0.6186, -1.4803 -1.1313 0.6186, -1.4764 -1.1319 0.624, -1.4803 -1.1319 0.624, -1.4764 -1.1333 0.6275, -1.4803 -1.1333 0.6275, -1.4764 -1.1352 0.6303, -1.4803 -1.1352 0.6303, -1.4764 -1.1355 0.6307, -1.4803 -1.1355 0.6307, -1.4764 -1.1381 0.6328, -1.4803 -1.1381 0.6328, -1.4764 -1.1412 0.6343, -1.4803 -1.1412 0.6343, -1.4764 -1.1447 0.635, -1.4803 -1.1447 0.635, -1.4764 -1.1464 0.6351, -1.4803 -1.1464 0.6351, -1.4764 -1.1515 0.6345, -1.4803 -1.1515 0.6345, -1.4764 -1.1559 0.6327, -1.4803 -1.1559 0.6327, -1.4803 -1.1559 0.6382, -1.4764 -1.1559 0.6382, -1.4764 -1.1464 0.6398, -1.4803 -1.1464 0.6398, -1.4803 -1.1468 0.6398, -1.4764 -1.1519 0.6393, -1.4803 -1.1519 0.6393, -1.4764 -1.1505 0.6395, -1.4764 -1.1468 0.6398, -1.4803 -1.141 0.6392, -1.4764 -1.1434 0.6395, -1.4764 -1.141 0.6392, -1.4764 -1.1367 0.6376, -1.4803 -1.1367 0.6376, -1.4764 -1.1328 0.6349, -1.4803 -1.1328 0.6349, -1.4764 -1.1317 0.6339, -1.4803 -1.1317 0.6339, -1.4764 -1.1287 0.63, -1.4803 -1.1287 0.63, -1.4764 -1.1277 0.6276, -1.4803 -1.1269 0.6256, -1.4764 -1.1269 0.6256, -1.4764 -1.126 0.6203, -1.4803 -1.126 0.6203, -1.4764 -1.1259 0.6183, -1.4803 -1.1259 0.6183, -1.4764 -1.1265 0.6125, -1.4803 -1.1265 0.6125, -1.4764 -1.1277 0.6092, -1.4803 -1.128 0.6082, -1.4764 -1.128 0.6082, -1.4764 -1.1303 0.6047, -1.4803 -1.1303 0.6047, -1.4764 -1.131 0.6039, -1.4803 -1.131 0.6039, -1.4764 -1.1341 0.6013, -1.4803 -1.1341 0.6013, -1.4764 -1.1378 0.5995, -1.4803 -1.1378 0.5995, -1.4764 -1.1421 0.5985, -1.4803 -1.1421 0.5985, -1.4803 -1.1854 0.6036, -1.4803 -1.1854 0.5991, -1.4764 -1.1854 0.6036, -1.4764 -1.1854 0.5991, -1.4764 -1.1691 0.6036, -1.4803 -1.1691 0.6036, -1.4764 -1.1799 0.6036, -1.4803 -1.1691 0.6171, -1.4764 -1.1691 0.6171, -1.4803 -1.1834 0.6171, -1.4764 -1.1799 0.6171, -1.4764 -1.1834 0.6171, -1.4803 -1.1834 0.6217, -1.4764 -1.1834 0.6217, -1.4764 -1.1691 0.6217, -1.4803 -1.1691 0.6217, -1.4764 -1.1799 0.6217, -1.4803 -1.1691 0.6345, -1.4764 -1.1691 0.6345, -1.4803 -1.1845 0.6345, -1.4764 -1.1799 0.6345, -1.4764 -1.1845 0.6345, -1.4803 -1.1845 0.6391, -1.4764 -1.1845 0.6391, -1.4764 -1.1639 0.6391, -1.4803 -1.1639 0.6391, -1.4764 -1.1799 0.6391, -1.4803 -1.1639 0.5991, -1.4764 -1.1639 0.5991, -1.4764 -1.1799 0.5991, -1.4803 -1.22 0.6172, -1.4803 -1.2255 0.6172, -1.4803 -1.2201 0.6195, -1.4803 -1.2256 0.6196, -1.4803 -1.2196 0.6241, -1.4803 -1.225 0.6249, -1.4803 -1.2186 0.6271, -1.4803 -1.2235 0.6288, -1.4803 -1.2171 0.6294, -1.4803 -1.2211 0.6323, -1.4803 -1.2158 0.6307, -1.4803 -1.2195 0.6338, -1.4803 -1.2127 0.6328, -1.4803 -1.2154 0.6366, -1.4803 -1.2092 0.634, -1.4803 -1.2106 0.6384, -1.4803 -1.2042 0.6345, -1.4803 -1.2044 0.6391, -1.4803 -1.1982 0.6345, -1.4803 -1.193 0.6391, -1.4803 -1.1982 0.6036, -1.4803 -1.193 0.5991, -1.4803 -1.204 0.6036, -1.4803 -1.204 0.5991, -1.4803 -1.2093 0.6043, -1.4803 -1.2099 0.5997, -1.4803 -1.2127 0.6055, -1.4803 -1.2147 0.6013, -1.4803 -1.2153 0.6073, -1.4803 -1.2186 0.6039, -1.4803 -1.2159 0.6078, -1.4803 -1.2195 0.6047, -1.4803 -1.218 0.6105, -1.4803 -1.2226 0.6084, -1.4803 -1.2193 0.6135, -1.4803 -1.2245 0.6125, -1.4764 -1.204 0.5991, -1.4764 -1.193 0.5991, -1.4764 -1.2099 0.5997, -1.4764 -1.2113 0.6002, -1.4764 -1.2147 0.6013, -1.4764 -1.2186 0.6039, -1.4764 -1.2195 0.6047, -1.4764 -1.2226 0.6084, -1.4764 -1.2245 0.6125, -1.4764 -1.2255 0.6172, -1.4764 -1.2256 0.6196, -1.4764 -1.225 0.6249, -1.4764 -1.2235 0.6288, -1.4764 -1.2211 0.6323, -1.4764 -1.2195 0.6338, -1.4764 -1.2044 0.6391, -1.4764 -1.2154 0.6366, -1.4764 -1.2113 0.6382, -1.4764 -1.2106 0.6384, -1.4764 -1.193 0.6391, -1.4764 -1.2042 0.6345, -1.4764 -1.1982 0.6345, -1.4764 -1.1982 0.6036, -1.4764 -1.204 0.6036, -1.4764 -1.2159 0.6078, -1.4764 -1.2153 0.6073, -1.4764 -1.2127 0.6055, -1.4764 -1.2093 0.6043, -1.4764 -1.2201 0.6195, -1.4764 -1.22 0.6172, -1.4764 -1.2193 0.6135, -1.4764 -1.218 0.6105, -1.4764 -1.2158 0.6307, -1.4764 -1.2171 0.6294, -1.4764 -1.2186 0.6271, -1.4764 -1.2196 0.6241, -1.4764 -1.2092 0.634, -1.4764 -1.2127 0.6328
            ]
        }
        coordIndex [
            0,1,2,-1,2,1,3,-1,4,0,5,-1,5,0,2,-1,6,4,7,-1,7,4,5,-1,8,6,9,-1,9,6,7,-1,10,8,11,-1,11,8,9,-1,1,10,3,-1,3,10,11,-1,6,8,4,-1,4,8,10,-1,4,10,0,-1,0,10,1,-1,12,13,14,-1,12,14,15,-1,15,14,16,-1,15,16,17,-1,17,16,18,-1,17,18,19,-1,20,19,21,-1,21,19,18,-1,20,21,22,-1,20,22,23,-1,23,22,24,-1,23,24,25,-1,25,24,26,-1,25,26,27,-1,27,26,28,-1,27,28,29,-1,29,28,30,-1,29,30,31,-1,31,30,32,-1,31,32,33,-1,33,32,34,-1,33,34,35,-1,35,34,36,-1,35,36,37,-1,37,36,38,-1,37,38,39,-1,39,38,40,-1,39,40,41,-1,41,40,42,-1,41,42,43,-1,43,42,44,-1,43,44,45,-1,45,44,46,-1,45,46,47,-1,47,46,48,-1,47,48,49,-1,49,48,50,-1,49,50,51,-1,51,50,52,-1,51,52,53,-1,53,52,54,-1,53,54,55,-1,55,54,56,-1,55,56,57,-1,57,56,58,-1,57,58,59,-1,59,58,60,-1,59,60,61,-1,61,60,62,-1,61,62,63,-1,64,63,65,-1,65,63,62,-1,66,67,68,-1,64,65,69,-1,64,69,70,-1,70,69,71,-1,70,71,68,-1,68,71,72,-1,68,72,66,-1,67,66,73,-1,73,66,74,-1,74,75,73,-1,73,75,76,-1,73,76,77,-1,77,76,78,-1,77,78,79,-1,79,78,80,-1,79,80,81,-1,81,80,82,-1,81,82,83,-1,83,82,84,-1,83,84,85,-1,84,86,85,-1,85,86,87,-1,85,87,88,-1,88,87,89,-1,88,89,90,-1,90,89,91,-1,90,91,92,-1,92,91,93,-1,92,93,94,-1,93,95,94,-1,94,95,96,-1,94,96,97,-1,97,96,98,-1,97,98,99,-1,99,98,100,-1,99,100,101,-1,101,100,102,-1,101,102,103,-1,103,102,104,-1,103,104,105,-1,105,104,13,-1,105,13,12,-1,37,39,92,-1,63,64,61,-1,61,64,70,-1,61,70,59,-1,59,70,68,-1,59,68,57,-1,57,68,67,-1,57,67,55,-1,55,67,73,-1,55,73,53,-1,92,39,90,-1,81,51,79,-1,79,51,53,-1,79,53,77,-1,77,53,73,-1,19,20,17,-1,17,20,23,-1,17,23,15,-1,15,23,12,-1,39,41,90,-1,90,41,43,-1,90,43,88,-1,88,43,45,-1,88,45,85,-1,85,45,83,-1,83,45,47,-1,83,47,81,-1,81,47,49,-1,81,49,51,-1,92,94,37,-1,37,94,97,-1,37,97,35,-1,35,97,99,-1,35,99,33,-1,33,99,101,-1,33,101,31,-1,31,101,103,-1,31,103,29,-1,29,103,105,-1,29,105,27,-1,27,105,12,-1,27,12,25,-1,25,12,23,-1,106,107,108,-1,108,107,109,-1,110,111,112,-1,112,111,106,-1,112,106,108,-1,113,111,114,-1,114,111,110,-1,113,114,115,-1,115,114,116,-1,115,116,117,-1,118,115,119,-1,119,115,117,-1,120,121,122,-1,122,121,118,-1,122,118,119,-1,123,121,124,-1,124,121,120,-1,123,124,125,-1,125,124,126,-1,125,126,127,-1,128,125,129,-1,129,125,127,-1,130,131,132,-1,132,131,128,-1,132,128,129,-1,133,131,134,-1,134,131,130,-1,133,134,107,-1,107,134,135,-1,107,135,109,-1,133,107,106,-1,106,111,133,-1,133,111,113,-1,133,113,131,-1,125,128,123,-1,123,128,131,-1,123,131,121,-1,121,131,113,-1,121,113,118,-1,118,113,115,-1,136,137,138,-1,138,137,139,-1,138,139,140,-1,140,139,141,-1,140,141,142,-1,142,141,143,-1,142,143,144,-1,144,143,145,-1,144,145,146,-1,146,145,147,-1,146,147,148,-1,148,147,149,-1,148,149,150,-1,150,149,151,-1,150,151,152,-1,152,151,153,-1,152,153,154,-1,154,153,155,-1,154,155,156,-1,156,155,157,-1,156,157,158,-1,158,157,159,-1,158,159,160,-1,160,159,161,-1,160,161,162,-1,162,161,163,-1,162,163,164,-1,164,163,165,-1,164,165,166,-1,166,165,167,-1,166,167,168,-1,168,167,169,-1,168,169,170,-1,170,169,171,-1,170,171,136,-1,136,171,137,-1,159,157,172,-1,172,157,173,-1,159,172,174,-1,159,174,161,-1,161,174,175,-1,161,175,163,-1,175,176,163,-1,163,176,177,-1,163,177,165,-1,165,177,178,-1,165,178,167,-1,167,178,179,-1,167,179,169,-1,169,179,180,-1,169,180,171,-1,171,180,181,-1,171,181,137,-1,137,181,182,-1,137,182,139,-1,139,182,183,-1,139,183,141,-1,141,183,184,-1,141,184,143,-1,143,184,185,-1,143,185,145,-1,145,185,186,-1,145,186,147,-1,187,153,151,-1,147,186,188,-1,147,188,149,-1,149,188,189,-1,149,189,151,-1,151,189,190,-1,151,190,187,-1,155,153,191,-1,191,153,187,-1,157,155,173,-1,173,155,191,-1,152,154,192,-1,192,154,193,-1,154,156,193,-1,193,156,194,-1,156,158,194,-1,194,158,195,-1,166,196,197,-1,166,197,164,-1,164,197,198,-1,164,198,162,-1,162,198,199,-1,162,199,160,-1,160,199,195,-1,160,195,158,-1,138,200,201,-1,138,201,136,-1,136,201,202,-1,136,202,170,-1,170,202,203,-1,170,203,168,-1,168,203,196,-1,168,196,166,-1,146,204,205,-1,146,205,144,-1,144,205,206,-1,144,206,142,-1,142,206,207,-1,142,207,140,-1,140,207,200,-1,140,200,138,-1,152,192,208,-1,152,208,150,-1,150,208,209,-1,150,209,148,-1,148,209,204,-1,148,204,146,-1,
        ]
    }
}
Shape{
    appearance Appearance {
        material  Material 	{
            diffuseColor 0.8313725490196079 0.8313725490196079 0.8196078431372549
            specularColor 0.6666666666666666 0.6666666666666666 0.6549019607843137
            ambientIntensity 0.83
            transparency 0.0
            shininess 0.5
        }
    }
    geometry IndexedFaceSet {
        ccw TRUE
        solid FALSE
        coord DEF co Coordinate {
            point [
                -1.4764 -1.1982 0.6345, -1.4764 -1.1982 0.6036, -1.4764 -1.2042 0.6345, -1.4764 -1.204 0.6036, -1.4764 -1.2093 0.6043, -1.4764 -1.2127 0.6055, -1.4764 -1.2153 0.6073, -1.4764 -1.2159 0.6078, -1.4764 -1.218 0.6105, -1.4764 -1.2193 0.6135, -1.4764 -1.22 0.6172, -1.4764 -1.2201 0.6195, -1.4764 -1.2196 0.6241, -1.4764 -1.2186 0.6271, -1.4764 -1.2171 0.6294, -1.4764 -1.2158 0.6307, -1.4764 -1.2092 0.634, -1.4764 -1.2127 0.6328
            ]
        }
        coordIndex [
            0,1,2,-1,2,1,3,-1,2,3,4,-1,4,5,2,-1,2,5,6,-1,2,6,7,-1,7,8,2,-1,2,8,9,-1,2,9,10,-1,10,11,2,-1,2,11,12,-1,2,12,13,-1,13,14,2,-1,2,14,15,-1,2,15,16,-1,16,15,17,-1,
        ]
    }
}
Shape{
    appearance Appearance {
        material  Material 	{
            diffuseColor 0.20784313725490197 0.20784313725490197 0.20784313725490197
            specularColor 0.01568627450980392 0.01568627450980392 0.01568627450980392
            ambientIntensity 0.298
            transparency 0.0
            shininess 0.5
        }
    }
    geometry IndexedFaceSet {
        ccw TRUE
        solid FALSE
        coord DEF co Coordinate {
            point [
                -1.4803 -1.239 0.6146, -1.4803 -1.245 0.6312, -1.4803 -1.243 0.6391, -1.4803 -1.2278 0.5991, -1.4803 -1.2335 0.5991, -1.4803 -1.2374 0.61, -1.4803 -1.2453 0.6324, -1.4803 -1.2456 0.634, -1.4803 -1.2486 0.6391, -1.4803 -1.2458 0.634, -1.4803 -1.2461 0.6323, -1.4803 -1.2464 0.6312, -1.4803 -1.2524 0.6146, -1.4803 -1.2638 0.5991, -1.4803 -1.2581 0.5991, -1.4803 -1.254 0.61, -1.4764 -1.2486 0.6391, -1.4764 -1.2638 0.5991, -1.4764 -1.243 0.6391, -1.4764 -1.2278 0.5991, -1.4764 -1.2393 0.6294, -1.4764 -1.2335 0.5991, -1.4764 -1.2374 0.61, -1.4764 -1.254 0.61, -1.4764 -1.2393 0.61, -1.4764 -1.2581 0.5991, -1.4764 -1.239 0.6146, -1.4764 -1.2524 0.6146, -1.4764 -1.2464 0.6312, -1.4764 -1.2458 0.634, -1.4764 -1.2461 0.6323, -1.4764 -1.2456 0.634, -1.4764 -1.245 0.6312, -1.4764 -1.2453 0.6324
            ]
        }
        coordIndex [
            0,1,2,-1,3,4,5,-1,1,6,2,-1,2,6,7,-1,2,7,8,-1,8,7,9,-1,8,9,10,-1,10,11,8,-1,8,11,12,-1,8,12,13,-1,14,13,15,-1,15,13,12,-1,15,12,5,-1,5,12,0,-1,5,0,3,-1,3,0,2,-1,8,13,16,-1,16,13,17,-1,2,8,18,-1,18,8,16,-1,19,3,20,-1,20,3,2,-1,20,2,18,-1,4,3,21,-1,21,3,19,-1,5,4,22,-1,22,4,21,-1,23,15,24,-1,24,15,5,-1,24,5,22,-1,14,15,25,-1,25,15,23,-1,13,14,17,-1,17,14,25,-1,0,12,26,-1,26,12,27,-1,12,11,27,-1,27,11,28,-1,9,29,30,-1,9,30,10,-1,10,30,28,-1,10,28,11,-1,9,7,29,-1,29,7,31,-1,1,32,33,-1,1,33,6,-1,6,33,31,-1,6,31,7,-1,1,0,32,-1,32,0,26,-1,
        ]
    }
}
Shape{
    appearance Appearance {
        material  Material 	{
            diffuseColor 0.8313725490196079 0.8313725490196079 0.8196078431372549
            specularColor 0.6666666666666666 0.6666666666666666 0.6549019607843137
            ambientIntensity 0.83
            transparency 0.0
            shininess 0.5
        }
    }
    geometry IndexedFaceSet {
        ccw TRUE
        solid FALSE
        coord DEF co Coordinate {
            point [
                -1.4764 -1.2458 0.634, -1.4764 -1.2456 0.634, -1.4764 -1.2461 0.6323, -1.4764 -1.2453 0.6324, -1.4764 -1.2464 0.6312, -1.4764 -1.245 0.6312, -1.4764 -1.2524 0.6146, -1.4764 -1.239 0.6146
            ]
        }
        coordIndex [
            0,1,2,-1,2,1,3,-1,2,3,4,-1,4,3,5,-1,4,5,6,-1,6,5,7,-1,
        ]
    }
}
Shape{
    appearance Appearance {
        material  Material 	{
            diffuseColor 0.20784313725490197 0.20784313725490197 0.20784313725490197
            specularColor 0.01568627450980392 0.01568627450980392 0.01568627450980392
            ambientIntensity 0.298
            transparency 0.0
            shininess 0.5
        }
    }
    geometry IndexedFaceSet {
        ccw TRUE
        solid FALSE
        coord DEF co Coordinate {
            point [
                -1.4803 -1.1247 0.5401, -1.4803 -1.1247 0.5356, -1.4764 -1.1247 0.5401, -1.4764 -1.1247 0.5356, -1.4803 -1.1083 0.5401, -1.4764 -1.1083 0.5401, -1.4803 -1.1083 0.5536, -1.4764 -1.1083 0.5536, -1.4803 -1.1226 0.5536, -1.4764 -1.1226 0.5536, -1.4803 -1.1226 0.5582, -1.4764 -1.1226 0.5582, -1.4803 -1.1083 0.5582, -1.4764 -1.1083 0.5582, -1.4803 -1.1083 0.571, -1.4764 -1.1083 0.571, -1.4803 -1.1238 0.571, -1.4764 -1.1238 0.571, -1.4803 -1.1238 0.5756, -1.4764 -1.1238 0.5756, -1.4803 -1.1032 0.5756, -1.4764 -1.1032 0.5756, -1.4803 -1.1032 0.5356, -1.4764 -1.1032 0.5356, -1.4803 -1.1474 0.5356, -1.4803 -1.1525 0.5356, -1.4803 -1.1474 0.54, -1.4803 -1.1525 0.554, -1.4803 -1.1474 0.5537, -1.4803 -1.1367 0.5478, -1.4803 -1.138 0.5484, -1.4803 -1.1407 0.549, -1.4803 -1.1474 0.5499, -1.4803 -1.1474 0.5472, -1.4803 -1.1473 0.54, -1.4803 -1.1447 0.5407, -1.4803 -1.1465 0.5388, -1.4803 -1.1432 0.5398, -1.4803 -1.1474 0.5468, -1.4803 -1.1471 0.5446, -1.4803 -1.1464 0.5428, -1.4803 -1.1453 0.5413, -1.4803 -1.1473 0.556, -1.4803 -1.1521 0.5578, -1.4803 -1.1467 0.5577, -1.4803 -1.1513 0.56, -1.4803 -1.1462 0.5588, -1.4803 -1.1503 0.5617, -1.4803 -1.1454 0.5596, -1.4803 -1.1489 0.5629, -1.4803 -1.1445 0.5602, -1.4803 -1.1473 0.5639, -1.4803 -1.1433 0.5606, -1.4803 -1.1451 0.5645, -1.4803 -1.1416 0.5607, -1.4803 -1.1421 0.5648, -1.4803 -1.1386 0.5604, -1.4803 -1.1371 0.5642, -1.4803 -1.1355 0.5593, -1.4803 -1.1333 0.5628, -1.4803 -1.1323 0.5573, -1.4803 -1.1323 0.5622, -1.4803 -1.1356 0.5407, -1.4803 -1.1319 0.5371, -1.4803 -1.136 0.5403, -1.4803 -1.1336 0.536, -1.4803 -1.137 0.5396, -1.4803 -1.1355 0.5352, -1.4803 -1.1382 0.5392, -1.4803 -1.1385 0.5349, -1.4803 -1.1398 0.539, -1.4803 -1.1411 0.5352, -1.4803 -1.1417 0.5392, -1.4803 -1.1432 0.5359, -1.4803 -1.1449 0.5371, -1.4803 -1.1346 0.5444, -1.4803 -1.1295 0.5439, -1.4803 -1.1346 0.5436, -1.4803 -1.1295 0.5432, -1.4803 -1.1347 0.5425, -1.4803 -1.1297 0.5409, -1.4803 -1.135 0.5416, -1.4803 -1.1303 0.5393, -1.4803 -1.1314 0.5377, -1.4803 -1.139 0.5526, -1.4803 -1.1352 0.5516, -1.4803 -1.1359 0.5473, -1.4803 -1.1331 0.5505, -1.4803 -1.1353 0.5465, -1.4803 -1.1315 0.5492, -1.4803 -1.1349 0.5456, -1.4803 -1.1305 0.5478, -1.4803 -1.1298 0.546, -1.4764 -1.1421 0.5648, -1.4764 -1.1371 0.5642, -1.4764 -1.1333 0.5628, -1.4764 -1.1323 0.5622, -1.4764 -1.1323 0.5573, -1.4764 -1.1355 0.5593, -1.4764 -1.1386 0.5604, -1.4764 -1.1416 0.5607, -1.4764 -1.1433 0.5606, -1.4764 -1.1445 0.5602, -1.4764 -1.1454 0.5596, -1.4764 -1.1462 0.5588, -1.4764 -1.1467 0.5577, -1.4764 -1.1473 0.556, -1.4764 -1.1474 0.5537, -1.4764 -1.139 0.5526, -1.4764 -1.1352 0.5516, -1.4764 -1.1331 0.5505, -1.4764 -1.1315 0.5492, -1.4764 -1.1305 0.5478, -1.4764 -1.1298 0.546, -1.4764 -1.1295 0.5439, -1.4764 -1.1295 0.5432, -1.4764 -1.1297 0.5409, -1.4764 -1.1303 0.5393, -1.4764 -1.1314 0.5377, -1.4764 -1.1319 0.5371, -1.4764 -1.1385 0.5349, -1.4764 -1.1356 0.5352, -1.4764 -1.1355 0.5352, -1.4764 -1.1336 0.536, -1.4764 -1.1411 0.5352, -1.4764 -1.1413 0.5352, -1.4764 -1.1432 0.5359, -1.4764 -1.1449 0.5371, -1.4764 -1.1465 0.5388, -1.4764 -1.1473 0.54, -1.4764 -1.1474 0.54, -1.4764 -1.1474 0.5356, -1.4764 -1.1525 0.5356, -1.4764 -1.1525 0.554, -1.4764 -1.1521 0.5578, -1.4764 -1.1513 0.56, -1.4764 -1.1503 0.5617, -1.4764 -1.1489 0.5629, -1.4764 -1.1473 0.5639, -1.4764 -1.1451 0.5645, -1.4764 -1.1359 0.5473, -1.4764 -1.1367 0.5478, -1.4764 -1.138 0.5484, -1.4764 -1.1407 0.549, -1.4764 -1.1346 0.5436, -1.4764 -1.1346 0.5444, -1.4764 -1.1349 0.5456, -1.4764 -1.1353 0.5465, -1.4764 -1.136 0.5403, -1.4764 -1.1356 0.5407, -1.4764 -1.135 0.5416, -1.4764 -1.1347 0.5425, -1.4764 -1.1398 0.539, -1.4764 -1.1382 0.5392, -1.4764 -1.137 0.5396, -1.4764 -1.1453 0.5413, -1.4764 -1.1447 0.5407, -1.4764 -1.1432 0.5398, -1.4764 -1.1417 0.5392, -1.4764 -1.1474 0.5472, -1.4764 -1.1474 0.5468, -1.4764 -1.1471 0.5446, -1.4764 -1.1464 0.5428, -1.4764 -1.1474 0.5499
            ]
        }
        coordIndex [
            0,1,2,-1,2,1,3,-1,4,0,5,-1,5,0,2,-1,6,4,7,-1,7,4,5,-1,8,6,9,-1,9,6,7,-1,10,8,11,-1,11,8,9,-1,12,10,13,-1,13,10,11,-1,14,12,15,-1,15,12,13,-1,16,14,17,-1,17,14,15,-1,18,16,19,-1,19,16,17,-1,20,18,21,-1,21,18,19,-1,22,20,23,-1,23,20,21,-1,1,22,3,-1,3,22,23,-1,1,0,22,-1,22,0,4,-1,8,10,6,-1,6,10,12,-1,16,18,14,-1,14,18,20,-1,14,20,12,-1,12,20,22,-1,12,22,6,-1,6,22,4,-1,24,25,26,-1,26,25,27,-1,28,29,30,-1,31,32,27,-1,27,32,33,-1,34,35,36,-1,36,35,37,-1,33,38,27,-1,27,38,39,-1,27,39,26,-1,26,39,40,-1,26,40,34,-1,34,40,41,-1,34,41,35,-1,30,31,28,-1,28,31,27,-1,28,27,42,-1,42,27,43,-1,42,43,44,-1,44,43,45,-1,44,45,46,-1,46,45,47,-1,46,47,48,-1,48,47,49,-1,48,49,50,-1,50,49,51,-1,50,51,52,-1,52,51,53,-1,52,53,54,-1,54,53,55,-1,54,55,56,-1,56,55,57,-1,56,57,58,-1,58,57,59,-1,58,59,60,-1,60,59,61,-1,62,63,64,-1,64,63,65,-1,64,65,66,-1,66,65,67,-1,66,67,68,-1,68,67,69,-1,68,69,70,-1,70,69,71,-1,70,71,72,-1,72,71,73,-1,72,73,37,-1,37,73,74,-1,37,74,36,-1,75,76,77,-1,77,76,78,-1,77,78,79,-1,79,78,80,-1,79,80,81,-1,81,80,82,-1,81,82,62,-1,62,82,83,-1,62,83,63,-1,28,84,29,-1,29,84,85,-1,29,85,86,-1,86,85,87,-1,86,87,88,-1,88,87,89,-1,88,89,90,-1,90,89,91,-1,90,91,75,-1,75,91,92,-1,75,92,76,-1,55,93,94,-1,55,94,57,-1,57,94,95,-1,57,95,59,-1,59,95,96,-1,59,96,61,-1,60,61,97,-1,97,61,96,-1,60,97,98,-1,60,98,58,-1,58,98,99,-1,58,99,56,-1,56,99,100,-1,56,100,54,-1,54,100,101,-1,54,101,52,-1,52,101,102,-1,52,102,50,-1,50,102,103,-1,50,103,48,-1,48,103,104,-1,48,104,46,-1,46,104,105,-1,46,105,44,-1,44,105,106,-1,44,106,42,-1,42,106,107,-1,42,107,28,-1,84,28,108,-1,108,28,107,-1,84,108,109,-1,84,109,85,-1,85,109,110,-1,85,110,87,-1,87,110,111,-1,87,111,89,-1,89,111,112,-1,89,112,91,-1,91,112,113,-1,91,113,92,-1,92,113,114,-1,92,114,76,-1,76,114,115,-1,76,115,78,-1,78,115,116,-1,78,116,80,-1,80,116,117,-1,80,117,82,-1,82,117,118,-1,82,118,83,-1,83,118,119,-1,83,119,63,-1,120,69,121,-1,121,69,67,-1,121,67,122,-1,122,67,65,-1,122,65,123,-1,123,65,63,-1,123,63,119,-1,69,120,124,-1,69,124,71,-1,71,124,125,-1,71,125,73,-1,125,126,73,-1,73,126,127,-1,73,127,74,-1,74,127,128,-1,74,128,36,-1,36,128,129,-1,36,129,34,-1,26,34,130,-1,130,34,129,-1,24,26,131,-1,131,26,130,-1,25,24,132,-1,132,24,131,-1,27,25,133,-1,133,25,132,-1,27,133,134,-1,27,134,43,-1,43,134,135,-1,43,135,45,-1,45,135,136,-1,45,136,47,-1,47,136,137,-1,47,137,49,-1,49,137,138,-1,49,138,51,-1,51,138,139,-1,51,139,53,-1,53,139,93,-1,53,93,55,-1,86,140,141,-1,86,141,29,-1,29,141,142,-1,29,142,30,-1,30,142,143,-1,30,143,31,-1,77,144,145,-1,77,145,75,-1,75,145,146,-1,75,146,90,-1,90,146,147,-1,90,147,88,-1,88,147,140,-1,88,140,86,-1,64,148,149,-1,64,149,62,-1,62,149,150,-1,62,150,81,-1,81,150,151,-1,81,151,79,-1,79,151,144,-1,79,144,77,-1,70,152,153,-1,70,153,68,-1,68,153,154,-1,68,154,66,-1,66,154,148,-1,66,148,64,-1,41,155,156,-1,41,156,35,-1,35,156,157,-1,35,157,37,-1,37,157,158,-1,37,158,72,-1,72,158,152,-1,72,152,70,-1,33,159,160,-1,33,160,38,-1,38,160,161,-1,38,161,39,-1,39,161,162,-1,39,162,40,-1,40,162,155,-1,40,155,41,-1,33,32,159,-1,159,32,163,-1,32,31,163,-1,163,31,143,-1,
        ]
    }
}
Shape{
    appearance Appearance {
        material  Material 	{
            diffuseColor 0.8313725490196079 0.8313725490196079 0.8196078431372549
            specularColor 0.6666666666666666 0.6666666666666666 0.6549019607843137
            ambientIntensity 0.83
            transparency 0.0
            shininess 0.5
        }
    }
    geometry IndexedFaceSet {
        ccw TRUE
        solid FALSE
        coord DEF co Coordinate {
            point [
                -1.4764 -1.1474 0.5499, -1.4764 -1.1407 0.549, -1.4764 -1.1474 0.5472, -1.4764 -1.138 0.5484, -1.4764 -1.1367 0.5478, -1.4764 -1.1359 0.5473, -1.4764 -1.1474 0.5468, -1.4764 -1.1471 0.5446, -1.4764 -1.1353 0.5465, -1.4764 -1.1464 0.5428, -1.4764 -1.1356 0.5407, -1.4764 -1.136 0.5403, -1.4764 -1.1447 0.5407, -1.4764 -1.135 0.5416, -1.4764 -1.1432 0.5398, -1.4764 -1.1417 0.5392, -1.4764 -1.1398 0.539, -1.4764 -1.1349 0.5456, -1.4764 -1.1346 0.5444, -1.4764 -1.1453 0.5413, -1.4764 -1.1346 0.5436, -1.4764 -1.1347 0.5425, -1.4764 -1.137 0.5396, -1.4764 -1.1382 0.5392
            ]
        }
        coordIndex [
            0,1,2,-1,2,1,3,-1,3,4,2,-1,2,4,5,-1,2,5,6,-1,6,5,7,-1,7,5,8,-1,7,8,9,-1,10,11,12,-1,10,12,13,-1,14,12,15,-1,15,12,16,-1,8,17,9,-1,9,17,18,-1,9,18,19,-1,19,18,20,-1,19,20,12,-1,12,20,21,-1,12,21,13,-1,11,22,12,-1,12,22,23,-1,12,23,16,-1,
        ]
    }
}
Shape{
    appearance Appearance {
        material  Material 	{
            diffuseColor 0.20784313725490197 0.20784313725490197 0.20784313725490197
            specularColor 0.01568627450980392 0.01568627450980392 0.01568627450980392
            ambientIntensity 0.298
            transparency 0.0
            shininess 0.5
        }
    }
    geometry IndexedFaceSet {
        ccw TRUE
        solid FALSE
        coord DEF co Coordinate {
            point [
                -1.4764 -1.1593 0.5417, -1.4803 -1.1593 0.5417, -1.4803 -1.1612 0.5405, -1.4803 -1.1675 0.539, -1.4764 -1.1675 0.539, -1.4764 -1.1644 0.5394, -1.4803 -1.1644 0.5394, -1.4764 -1.1616 0.5404, -1.4764 -1.1612 0.5405, -1.4803 -1.1593 0.5366, -1.4764 -1.1593 0.5366, -1.4764 -1.1616 0.5358, -1.4803 -1.1628 0.5353, -1.4764 -1.167 0.5349, -1.4803 -1.167 0.5349, -1.4764 -1.1637 0.5352, -1.4764 -1.1628 0.5353, -1.4764 -1.1702 0.5352, -1.4803 -1.1711 0.5353, -1.4764 -1.1711 0.5353, -1.4764 -1.1739 0.5363, -1.4803 -1.1739 0.5363, -1.4764 -1.1753 0.5372, -1.4803 -1.1753 0.5372, -1.4764 -1.1768 0.5384, -1.4803 -1.1768 0.5384, -1.4764 -1.1777 0.5397, -1.4803 -1.1777 0.5397, -1.4764 -1.1783 0.5413, -1.4803 -1.1783 0.5413, -1.4764 -1.1786 0.5433, -1.4803 -1.1786 0.5433, -1.4764 -1.1784 0.5452, -1.4803 -1.1784 0.5452, -1.4764 -1.1778 0.5467, -1.4803 -1.1778 0.5467, -1.4764 -1.1769 0.5481, -1.4803 -1.1769 0.5481, -1.4764 -1.1757 0.5491, -1.4803 -1.1757 0.5491, -1.4764 -1.1724 0.551, -1.4803 -1.1724 0.551, -1.4764 -1.1704 0.5518, -1.4803 -1.1704 0.5518, -1.4764 -1.1673 0.5531, -1.4803 -1.1673 0.5531, -1.4764 -1.1655 0.5542, -1.4803 -1.1655 0.5542, -1.4764 -1.1651 0.5548, -1.4803 -1.1651 0.5548, -1.4764 -1.1647 0.5554, -1.4803 -1.1647 0.5554, -1.4764 -1.1645 0.5562, -1.4803 -1.1645 0.5562, -1.4764 -1.1645 0.5569, -1.4803 -1.1645 0.5569, -1.4764 -1.1645 0.5577, -1.4803 -1.1645 0.5577, -1.4764 -1.1648 0.5584, -1.4803 -1.1648 0.5584, -1.4764 -1.1652 0.559, -1.4803 -1.1652 0.559, -1.4764 -1.166 0.5597, -1.4803 -1.166 0.5597, -1.4764 -1.1671 0.5603, -1.4803 -1.1671 0.5603, -1.4764 -1.1684 0.5606, -1.4803 -1.1684 0.5606, -1.4764 -1.1699 0.5607, -1.4803 -1.1699 0.5607, -1.4764 -1.1732 0.5604, -1.4803 -1.1732 0.5604, -1.4764 -1.176 0.5593, -1.4803 -1.176 0.5593, -1.4764 -1.1772 0.5587, -1.4803 -1.1772 0.5587, -1.4803 -1.1772 0.5635, -1.4764 -1.1772 0.5635, -1.4764 -1.1732 0.5646, -1.4803 -1.1732 0.5646, -1.4764 -1.1704 0.5648, -1.4803 -1.1704 0.5648, -1.4764 -1.1667 0.5644, -1.4803 -1.1667 0.5644, -1.4764 -1.164 0.5634, -1.4803 -1.164 0.5634, -1.4764 -1.1625 0.5625, -1.4803 -1.1625 0.5625, -1.4764 -1.1616 0.5617, -1.4803 -1.161 0.5612, -1.4764 -1.161 0.5612, -1.4764 -1.1601 0.5599, -1.4803 -1.1601 0.5599, -1.4764 -1.1595 0.5582, -1.4803 -1.1595 0.5582, -1.4764 -1.1593 0.5564, -1.4803 -1.1593 0.5564, -1.4764 -1.1595 0.5545, -1.4803 -1.1595 0.5545, -1.4764 -1.1601 0.553, -1.4803 -1.1601 0.553, -1.4764 -1.1607 0.5519, -1.4803 -1.1607 0.5519, -1.4764 -1.1669 0.5481, -1.4803 -1.1669 0.5481, -1.4803 -1.1639 0.5495, -1.4764 -1.1615 0.5511, -1.4803 -1.1615 0.5511, -1.4764 -1.1616 0.551, -1.4764 -1.1639 0.5495, -1.4764 -1.1702 0.5468, -1.4803 -1.1702 0.5468, -1.4764 -1.1721 0.5456, -1.4803 -1.1721 0.5456, -1.4764 -1.1728 0.5449, -1.4803 -1.1728 0.5449, -1.4764 -1.1731 0.5443, -1.4803 -1.1731 0.5443, -1.4764 -1.1734 0.5435, -1.4803 -1.1734 0.5435, -1.4764 -1.1734 0.5429, -1.4803 -1.1734 0.5429, -1.4764 -1.1733 0.5419, -1.4803 -1.1733 0.5419, -1.4764 -1.1731 0.5412, -1.4803 -1.1731 0.5412, -1.4764 -1.1726 0.5405, -1.4803 -1.1726 0.5405, -1.4764 -1.172 0.54, -1.4803 -1.172 0.54, -1.4764 -1.1716 0.5397, -1.4803 -1.1716 0.5397, -1.4764 -1.1703 0.5393, -1.4803 -1.1703 0.5393, -1.4764 -1.1677 0.539, -1.4803 -1.1677 0.539, -1.4803 -1.2034 0.5642, -1.4803 -1.2086 0.5642, -1.4764 -1.2034 0.5642, -1.4764 -1.2086 0.5642, -1.4803 -1.1956 0.5426, -1.4764 -1.1956 0.5426, -1.4764 -1.1952 0.5413, -1.4803 -1.1952 0.5413, -1.4764 -1.195 0.5403, -1.4803 -1.195 0.5403, -1.4803 -1.1949 0.5403, -1.4764 -1.1949 0.5403, -1.4803 -1.1943 0.5427, -1.4764 -1.1943 0.5427, -1.4803 -1.1868 0.5642, -1.4764 -1.1892 0.5572, -1.4764 -1.1868 0.5642, -1.4803 -1.1812 0.5642, -1.4764 -1.1812 0.5642, -1.4803 -1.1924 0.5356, -1.4764 -1.1892 0.5437, -1.4764 -1.1924 0.5356, -1.4764 -1.1902 0.5304, -1.4803 -1.1902 0.5304, -1.4764 -1.1922 0.5352, -1.4764 -1.1892 0.5286, -1.4764 -1.1892 0.5286, -1.4803 -1.1883 0.5276, -1.4803 -1.1892 0.5286, -1.4764 -1.1883 0.5276, -1.4764 -1.1874 0.5269, -1.4803 -1.1874 0.5269, -1.4764 -1.1863 0.5265, -1.4803 -1.1863 0.5265, -1.4764 -1.1851 0.5264, -1.4803 -1.1851 0.5264, -1.4764 -1.1832 0.5266, -1.4803 -1.1832 0.5266, -1.4764 -1.1822 0.527, -1.4803 -1.1822 0.527, -1.4803 -1.1822 0.5225, -1.4764 -1.1822 0.5225, -1.4764 -1.1843 0.5221, -1.4803 -1.1843 0.5221, -1.4764 -1.1854 0.5221, -1.4803 -1.1854 0.5221, -1.4764 -1.1875 0.5223, -1.4803 -1.1875 0.5223, -1.4764 -1.1892 0.523, -1.4803 -1.1894 0.5231, -1.4764 -1.1894 0.5231, -1.4764 -1.1912 0.5243, -1.4803 -1.1912 0.5243, -1.4764 -1.1915 0.5246, -1.4803 -1.1915 0.5246, -1.4764 -1.1934 0.5268, -1.4803 -1.1934 0.5268, -1.4764 -1.1956 0.5312, -1.4803 -1.1956 0.5312, -1.4764 -1.1972 0.5352, -1.4803 -1.2356 0.5401, -1.4803 -1.2356 0.5356, -1.4764 -1.2356 0.5401, -1.4764 -1.2356 0.5356, -1.4803 -1.2192 0.5401, -1.4764 -1.2267 0.5401, -1.4764 -1.2192 0.5401, -1.4803 -1.2192 0.5536, -1.4764 -1.2192 0.5536, -1.4803 -1.2335 0.5536, -1.4764 -1.2267 0.5536, -1.4764 -1.2335 0.5536, -1.4803 -1.2335 0.5582, -1.4764 -1.2335 0.5582, -1.4764 -1.2192 0.5582, -1.4803 -1.2192 0.5582, -1.4764 -1.2267 0.5582, -1.4803 -1.2192 0.571, -1.4764 -1.2192 0.571, -1.4764 -1.2346 0.571, -1.4803 -1.2346 0.571, -1.4764 -1.2267 0.571, -1.4803 -1.2346 0.5756, -1.4764 -1.2346 0.5756, -1.4764 -1.214 0.5756, -1.4803 -1.214 0.5756, -1.4764 -1.2267 0.5756, -1.4803 -1.214 0.5356, -1.4764 -1.214 0.5356, -1.4764 -1.2267 0.5356, -1.4803 -1.2702 0.5537, -1.4803 -1.2756 0.5537, -1.4803 -1.2703 0.556, -1.4803 -1.2757 0.5561, -1.4803 -1.2698 0.5606, -1.4803 -1.2751 0.5614, -1.4803 -1.2687 0.5636, -1.4803 -1.2737 0.5653, -1.4803 -1.2672 0.5659, -1.4803 -1.2712 0.5688, -1.4803 -1.2659 0.5672, -1.4803 -1.2697 0.5703, -1.4803 -1.2628 0.5692, -1.4803 -1.2655 0.5731, -1.4803 -1.2593 0.5705, -1.4803 -1.2607 0.5749, -1.4803 -1.2543 0.571, -1.4803 -1.2545 0.5756, -1.4803 -1.2483 0.571, -1.4803 -1.2431 0.5756, -1.4803 -1.2483 0.5401, -1.4803 -1.2431 0.5356, -1.4803 -1.2541 0.5401, -1.4803 -1.2541 0.5356, -1.4803 -1.2595 0.5407, -1.4803 -1.2601 0.5362, -1.4803 -1.2628 0.542, -1.4803 -1.2648 0.5378, -1.4803 -1.2654 0.5438, -1.4803 -1.2688 0.5404, -1.4803 -1.266 0.5443, -1.4803 -1.2697 0.5412, -1.4803 -1.2681 0.5469, -1.4803 -1.2727 0.5448, -1.4803 -1.2694 0.5499, -1.4803 -1.2747 0.549, -1.4764 -1.2541 0.5356, -1.4764 -1.2431 0.5356, -1.4764 -1.2601 0.5362, -1.4764 -1.2648 0.5378, -1.4764 -1.2688 0.5404, -1.4764 -1.2697 0.5412, -1.4764 -1.2727 0.5448, -1.4764 -1.2747 0.549, -1.4764 -1.2756 0.5537, -1.4764 -1.2757 0.5561, -1.4764 -1.2751 0.5614, -1.4764 -1.2737 0.5653, -1.4764 -1.2712 0.5688, -1.4764 -1.2697 0.5703, -1.4764 -1.2655 0.5731, -1.4764 -1.2607 0.5749, -1.4764 -1.2545 0.5756, -1.4764 -1.2431 0.5756, -1.4764 -1.2543 0.571, -1.4764 -1.2483 0.571, -1.4764 -1.2483 0.5401, -1.4764 -1.2541 0.5401, -1.4764 -1.266 0.5443, -1.4764 -1.2654 0.5438, -1.4764 -1.2628 0.542, -1.4764 -1.2595 0.5407, -1.4764 -1.2703 0.556, -1.4764 -1.2702 0.5537, -1.4764 -1.2694 0.5499, -1.4764 -1.2681 0.5469, -1.4764 -1.2659 0.5672, -1.4764 -1.2672 0.5659, -1.4764 -1.2687 0.5636, -1.4764 -1.2698 0.5606, -1.4764 -1.2593 0.5705, -1.4764 -1.2628 0.5692
            ]
        }
        coordIndex [
            0,1,2,-1,3,4,5,-1,3,5,6,-1,6,5,7,-1,6,7,2,-1,2,7,8,-1,2,8,0,-1,9,1,10,-1,10,1,0,-1,10,11,9,-1,9,11,12,-1,13,14,15,-1,15,14,12,-1,15,12,16,-1,16,12,11,-1,13,17,14,-1,14,17,18,-1,17,19,18,-1,18,19,20,-1,18,20,21,-1,21,20,22,-1,21,22,23,-1,23,22,24,-1,23,24,25,-1,25,24,26,-1,25,26,27,-1,27,26,28,-1,27,28,29,-1,29,28,30,-1,29,30,31,-1,31,30,32,-1,31,32,33,-1,33,32,34,-1,33,34,35,-1,35,34,36,-1,35,36,37,-1,37,36,38,-1,37,38,39,-1,39,38,40,-1,39,40,41,-1,41,40,42,-1,41,42,43,-1,43,42,44,-1,43,44,45,-1,45,44,46,-1,45,46,47,-1,47,46,48,-1,47,48,49,-1,49,48,50,-1,49,50,51,-1,51,50,52,-1,51,52,53,-1,53,52,54,-1,53,54,55,-1,55,54,56,-1,55,56,57,-1,57,56,58,-1,57,58,59,-1,59,58,60,-1,59,60,61,-1,61,60,62,-1,61,62,63,-1,63,62,64,-1,63,64,65,-1,65,64,66,-1,65,66,67,-1,67,66,68,-1,67,68,69,-1,69,68,70,-1,69,70,71,-1,71,70,72,-1,71,72,73,-1,73,72,74,-1,73,74,75,-1,76,75,77,-1,77,75,74,-1,76,77,78,-1,76,78,79,-1,79,78,80,-1,79,80,81,-1,81,80,82,-1,81,82,83,-1,83,82,84,-1,83,84,85,-1,85,84,86,-1,85,86,87,-1,86,88,87,-1,87,88,89,-1,88,90,89,-1,89,90,91,-1,89,91,92,-1,92,91,93,-1,92,93,94,-1,94,93,95,-1,94,95,96,-1,96,95,97,-1,96,97,98,-1,98,97,99,-1,98,99,100,-1,100,99,101,-1,100,101,102,-1,103,104,105,-1,102,101,106,-1,102,106,107,-1,107,106,108,-1,107,108,105,-1,105,108,109,-1,105,109,103,-1,104,103,110,-1,104,110,111,-1,111,110,112,-1,111,112,113,-1,113,112,114,-1,113,114,115,-1,115,114,116,-1,115,116,117,-1,117,116,118,-1,117,118,119,-1,119,118,120,-1,119,120,121,-1,121,120,122,-1,121,122,123,-1,123,122,124,-1,123,124,125,-1,125,124,126,-1,125,126,127,-1,127,126,128,-1,127,128,129,-1,129,128,130,-1,129,130,131,-1,131,130,132,-1,131,132,133,-1,133,132,134,-1,133,134,135,-1,135,134,4,-1,135,4,3,-1,61,63,85,-1,85,63,83,-1,111,43,104,-1,104,43,45,-1,21,23,127,-1,127,23,25,-1,127,25,125,-1,125,25,27,-1,125,27,123,-1,123,27,29,-1,123,29,121,-1,121,29,31,-1,121,31,119,-1,119,31,33,-1,119,33,117,-1,117,33,35,-1,117,35,115,-1,115,35,37,-1,115,37,113,-1,113,37,39,-1,113,39,111,-1,111,39,41,-1,111,41,43,-1,14,3,12,-1,12,3,6,-1,12,6,9,-1,9,6,2,-1,9,2,1,-1,63,65,83,-1,83,65,67,-1,83,67,81,-1,81,67,69,-1,81,69,79,-1,79,69,71,-1,79,71,76,-1,76,71,73,-1,76,73,75,-1,127,129,21,-1,21,129,131,-1,21,131,18,-1,18,131,133,-1,18,133,14,-1,14,133,135,-1,14,135,3,-1,85,87,61,-1,61,87,89,-1,61,89,59,-1,59,89,92,-1,59,92,57,-1,57,92,94,-1,57,94,55,-1,55,94,96,-1,55,96,53,-1,53,96,98,-1,53,98,51,-1,51,98,100,-1,51,100,49,-1,49,100,102,-1,49,102,47,-1,47,102,107,-1,47,107,45,-1,45,107,105,-1,45,105,104,-1,136,137,138,-1,138,137,139,-1,140,136,141,-1,141,136,138,-1,140,141,142,-1,140,142,143,-1,143,142,144,-1,143,144,145,-1,146,145,147,-1,147,145,144,-1,148,146,149,-1,149,146,147,-1,148,149,150,-1,150,149,151,-1,150,151,152,-1,153,150,154,-1,154,150,152,-1,153,154,155,-1,155,154,156,-1,155,156,157,-1,158,159,160,-1,160,159,155,-1,160,155,157,-1,159,158,161,-1,162,163,161,-1,161,163,164,-1,161,164,159,-1,162,165,163,-1,163,165,166,-1,163,166,167,-1,167,166,168,-1,167,168,169,-1,169,168,170,-1,169,170,171,-1,171,170,172,-1,171,172,173,-1,173,172,174,-1,173,174,175,-1,176,175,177,-1,177,175,174,-1,176,177,178,-1,176,178,179,-1,179,178,180,-1,179,180,181,-1,181,180,182,-1,181,182,183,-1,183,182,184,-1,183,184,185,-1,184,186,185,-1,185,186,187,-1,185,187,188,-1,188,187,189,-1,188,189,190,-1,190,189,191,-1,190,191,192,-1,192,191,193,-1,192,193,194,-1,139,137,195,-1,195,137,194,-1,195,194,193,-1,143,145,194,-1,137,136,194,-1,194,136,140,-1,194,140,143,-1,150,153,148,-1,148,153,155,-1,148,155,146,-1,192,164,190,-1,190,164,163,-1,175,176,173,-1,173,176,179,-1,173,179,171,-1,171,179,181,-1,171,181,169,-1,169,181,183,-1,169,183,167,-1,167,183,185,-1,167,185,163,-1,163,185,188,-1,163,188,190,-1,145,146,194,-1,194,146,155,-1,194,155,192,-1,192,155,159,-1,192,159,164,-1,196,197,198,-1,198,197,199,-1,196,198,200,-1,200,198,201,-1,200,201,202,-1,203,200,204,-1,204,200,202,-1,203,204,205,-1,205,204,206,-1,205,206,207,-1,208,205,209,-1,209,205,207,-1,210,211,212,-1,212,211,208,-1,212,208,209,-1,213,211,214,-1,214,211,210,-1,215,216,217,-1,217,216,213,-1,217,213,214,-1,218,216,219,-1,219,216,215,-1,220,221,222,-1,222,221,218,-1,222,218,219,-1,223,221,224,-1,224,221,220,-1,223,224,197,-1,197,224,225,-1,197,225,199,-1,223,197,196,-1,196,200,223,-1,223,200,203,-1,223,203,221,-1,216,218,213,-1,213,218,221,-1,213,221,211,-1,211,221,203,-1,211,203,208,-1,208,203,205,-1,226,227,228,-1,228,227,229,-1,228,229,230,-1,230,229,231,-1,230,231,232,-1,232,231,233,-1,232,233,234,-1,234,233,235,-1,234,235,236,-1,236,235,237,-1,236,237,238,-1,238,237,239,-1,238,239,240,-1,240,239,241,-1,240,241,242,-1,242,241,243,-1,242,243,244,-1,244,243,245,-1,244,245,246,-1,246,245,247,-1,246,247,248,-1,248,247,249,-1,248,249,250,-1,250,249,251,-1,250,251,252,-1,252,251,253,-1,252,253,254,-1,254,253,255,-1,254,255,256,-1,256,255,257,-1,256,257,258,-1,258,257,259,-1,258,259,260,-1,260,259,261,-1,260,261,226,-1,226,261,227,-1,249,247,262,-1,262,247,263,-1,249,262,264,-1,249,264,251,-1,251,264,265,-1,251,265,253,-1,253,265,266,-1,253,266,255,-1,255,266,267,-1,255,267,257,-1,257,267,268,-1,257,268,259,-1,259,268,269,-1,259,269,261,-1,261,269,270,-1,261,270,227,-1,227,270,271,-1,227,271,229,-1,229,271,272,-1,229,272,231,-1,231,272,273,-1,231,273,233,-1,233,273,274,-1,233,274,235,-1,235,274,275,-1,235,275,237,-1,237,275,276,-1,237,276,239,-1,239,276,277,-1,239,277,241,-1,241,277,278,-1,241,278,243,-1,245,243,279,-1,279,243,278,-1,247,245,263,-1,263,245,279,-1,242,244,280,-1,280,244,281,-1,244,246,281,-1,281,246,282,-1,246,248,282,-1,282,248,283,-1,256,284,285,-1,256,285,254,-1,254,285,286,-1,254,286,252,-1,252,286,287,-1,252,287,250,-1,250,287,283,-1,250,283,248,-1,228,288,289,-1,228,289,226,-1,226,289,290,-1,226,290,260,-1,260,290,291,-1,260,291,258,-1,258,291,284,-1,258,284,256,-1,236,292,293,-1,236,293,234,-1,234,293,294,-1,234,294,232,-1,232,294,295,-1,232,295,230,-1,230,295,288,-1,230,288,228,-1,242,280,296,-1,242,296,240,-1,240,296,297,-1,240,297,238,-1,238,297,292,-1,238,292,236,-1,
        ]
    }
}
Shape{
    appearance Appearance {
        material  Material 	{
            diffuseColor 0.8313725490196079 0.8313725490196079 0.8196078431372549
            specularColor 0.6666666666666666 0.6666666666666666 0.6549019607843137
            ambientIntensity 0.83
            transparency 0.0
            shininess 0.5
        }
    }
    geometry IndexedFaceSet {
        ccw TRUE
        solid FALSE
        coord DEF co Coordinate {
            point [
                -1.4764 -1.2483 0.571, -1.4764 -1.2483 0.5401, -1.4764 -1.2543 0.571, -1.4764 -1.2541 0.5401, -1.4764 -1.2595 0.5407, -1.4764 -1.2628 0.542, -1.4764 -1.2654 0.5438, -1.4764 -1.266 0.5443, -1.4764 -1.2681 0.5469, -1.4764 -1.2694 0.5499, -1.4764 -1.2702 0.5537, -1.4764 -1.2703 0.556, -1.4764 -1.2698 0.5606, -1.4764 -1.2687 0.5636, -1.4764 -1.2672 0.5659, -1.4764 -1.2659 0.5672, -1.4764 -1.2593 0.5705, -1.4764 -1.2628 0.5692
            ]
        }
        coordIndex [
            0,1,2,-1,2,1,3,-1,2,3,4,-1,4,5,2,-1,2,5,6,-1,2,6,7,-1,7,8,2,-1,2,8,9,-1,2,9,10,-1,10,11,2,-1,2,11,12,-1,2,12,13,-1,13,14,2,-1,2,14,15,-1,2,15,16,-1,16,15,17,-1,
        ]
    }
}
Shape{
    appearance Appearance {
        material  Material 	{
            diffuseColor 0.20784313725490197 0.20784313725490197 0.20784313725490197
            specularColor 0.01568627450980392 0.01568627450980392 0.01568627450980392
            ambientIntensity 0.298
            transparency 0.0
            shininess 0.5
        }
    }
    geometry IndexedFaceSet {
        ccw TRUE
        solid FALSE
        coord DEF co Coordinate {
            point [
                -1.4803 -1.2891 0.551, -1.4803 -1.2951 0.5677, -1.4803 -1.2932 0.5756, -1.4803 -1.2779 0.5356, -1.4803 -1.2836 0.5356, -1.4803 -1.2875 0.5465, -1.4803 -1.2955 0.5689, -1.4803 -1.2958 0.5705, -1.4803 -1.2987 0.5756, -1.4803 -1.2959 0.5705, -1.4803 -1.2962 0.5688, -1.4803 -1.2965 0.5677, -1.4803 -1.3026 0.551, -1.4803 -1.314 0.5356, -1.4803 -1.3082 0.5356, -1.4803 -1.3042 0.5465, -1.4764 -1.2987 0.5756, -1.4764 -1.314 0.5356, -1.4764 -1.2932 0.5756, -1.4764 -1.2779 0.5356, -1.4764 -1.2836 0.5356, -1.4764 -1.2875 0.5465, -1.4764 -1.3042 0.5465, -1.4764 -1.3082 0.5356, -1.4764 -1.2891 0.551, -1.4764 -1.3026 0.551, -1.4764 -1.2965 0.5677, -1.4764 -1.2959 0.5705, -1.4764 -1.2962 0.5688, -1.4764 -1.2958 0.5705, -1.4764 -1.2951 0.5677, -1.4764 -1.2955 0.5689
            ]
        }
        coordIndex [
            0,1,2,-1,3,4,5,-1,1,6,2,-1,2,6,7,-1,2,7,8,-1,8,7,9,-1,8,9,10,-1,10,11,8,-1,8,11,12,-1,8,12,13,-1,14,13,15,-1,15,13,12,-1,15,12,5,-1,5,12,0,-1,5,0,3,-1,3,0,2,-1,8,13,16,-1,16,13,17,-1,2,8,18,-1,18,8,16,-1,3,2,19,-1,19,2,18,-1,4,3,20,-1,20,3,19,-1,5,4,21,-1,21,4,20,-1,15,5,22,-1,22,5,21,-1,14,15,23,-1,23,15,22,-1,13,14,17,-1,17,14,23,-1,0,12,24,-1,24,12,25,-1,12,11,25,-1,25,11,26,-1,9,27,28,-1,9,28,10,-1,10,28,26,-1,10,26,11,-1,9,7,27,-1,27,7,29,-1,1,30,31,-1,1,31,6,-1,6,31,29,-1,6,29,7,-1,1,0,30,-1,30,0,24,-1,
        ]
    }
}
Shape{
    appearance Appearance {
        material  Material 	{
            diffuseColor 0.8313725490196079 0.8313725490196079 0.8196078431372549
            specularColor 0.6666666666666666 0.6666666666666666 0.6549019607843137
            ambientIntensity 0.83
            transparency 0.0
            shininess 0.5
        }
    }
    geometry IndexedFaceSet {
        ccw TRUE
        solid FALSE
        coord DEF co Coordinate {
            point [
                -1.4764 -1.2959 0.5705, -1.4764 -1.2958 0.5705, -1.4764 -1.2962 0.5688, -1.4764 -1.2955 0.5689, -1.4764 -1.2965 0.5677, -1.4764 -1.2951 0.5677, -1.4764 -1.3026 0.551, -1.4764 -1.2891 0.551
            ]
        }
        coordIndex [
            0,1,2,-1,2,1,3,-1,2,3,4,-1,4,3,5,-1,4,5,6,-1,6,5,7,-1,
        ]
    }
}
Shape{
    appearance Appearance {
        material  Material 	{
            diffuseColor 0.20784313725490197 0.20784313725490197 0.20784313725490197
            specularColor 0.01568627450980392 0.01568627450980392 0.01568627450980392
            ambientIntensity 0.298
            transparency 0.0
            shininess 0.5
        }
    }
    geometry IndexedFaceSet {
        ccw TRUE
        solid FALSE
        coord DEF co Coordinate {
            point [
                -1.4803 -1.0188 0.569, -1.4803 -1.01 0.5841, -1.4803 -0.9719 0.5642, -1.4803 -0.9526 0.5557, -1.4803 -0.9553 0.5547, -1.4803 -0.9187 0.6045, -1.4803 -0.9251 0.6079, -1.4803 -0.9236 0.6254, -1.4803 -0.9414 0.6262, -1.4803 -0.9502 0.6055, -1.4803 -0.9546 0.6145, -1.4803 -0.9353 0.521, -1.4803 -0.9238 0.5551, -1.4803 -0.9298 0.5254, -1.4803 -0.9258 0.5308, -1.4803 -1.0406 0.5948, -1.4803 -1.045 0.5918, -1.4803 -1.0597 0.6014, -1.4803 -0.9175 0.5589, -1.4803 -0.9199 0.5371, -1.4803 -0.9235 0.536, -1.4803 -0.9349 0.6268, -1.4803 -0.9575 0.5532, -1.4803 -0.9594 0.5511, -1.4803 -0.979 0.548, -1.4803 -0.9475 0.5556, -1.4803 -0.9437 0.573, -1.4803 -0.945 0.5546, -1.4803 -0.9374 0.5706, -1.4803 -0.9427 0.553, -1.4803 -0.9316 0.5665, -1.4803 -0.9416 0.5518, -1.4803 -0.9269 0.5612, -1.4803 -0.9402 0.5495, -1.4803 -0.9393 0.5468, -1.4803 -0.9392 0.544, -1.4803 -0.9618 0.5716, -1.4803 -0.955 0.5735, -1.4803 -0.9505 0.5739, -1.4803 -1.0656 0.5933, -1.4803 -1.0487 0.5877, -1.4803 -1.069 0.5846, -1.4803 -1.0513 0.5827, -1.4803 -1.0704 0.5753, -1.4803 -0.9473 0.633, -1.4803 -0.961 0.6221, -1.4803 -0.9539 0.6388, -1.4803 -0.9686 0.6276, -1.4803 -0.9609 0.6431, -1.4803 -0.9321 0.6096, -1.4803 -0.9352 0.6097, -1.4803 -0.9381 0.6266, -1.4803 -0.9419 0.6089, -1.4803 -0.9483 0.6065, -1.4803 -0.9606 0.5488, -1.4803 -0.9613 0.5462, -1.4803 -0.979 0.5451, -1.4803 -0.9613 0.5435, -1.4803 -1.0282 0.5972, -1.4803 -1.0305 0.5972, -1.4803 -1.0422 0.6126, -1.4803 -1.0356 0.5966, -1.4803 -1.0435 0.6121, -1.4803 -1.052 0.6079, -1.4803 -1.0598 0.5482, -1.4803 -1.0457 0.5587, -1.4803 -1.0521 0.5417, -1.4803 -1.0413 0.5555, -1.4803 -1.0434 0.5374, -1.4803 -1.0361 0.5534, -1.4803 -1.0339 0.5354, -1.4803 -1.0322 0.5528, -1.4803 -1.0171 0.5354, -1.4803 -1.0194 0.5528, -1.4803 -1.0155 0.5357, -1.4803 -0.9502 0.5559, -1.4803 -0.9677 0.5681, -1.4803 -1.0526 0.5772, -1.4803 -1.0527 0.575, -1.4803 -1.0691 0.5652, -1.4803 -1.0521 0.5698, -1.4803 -1.0655 0.5561, -1.4803 -1.0503 0.5647, -1.4803 -1.0472 0.5602, -1.4803 -1.0268 0.6351, -1.4803 -1.0156 0.622, -1.4803 -1.0362 0.6242, -1.4803 -1.022 0.6144, -1.4803 -1.0265 0.6052, -1.4803 -0.9075 0.5882, -1.4803 -0.8888 0.5834, -1.4803 -0.9067 0.5813, -1.4803 -0.8888 0.5807, -1.4803 -0.907 0.5768, -1.4803 -0.8901 0.5695, -1.4803 -0.9091 0.5698, -1.4803 -0.8942 0.5589, -1.4803 -0.9124 0.5642, -1.4803 -0.9007 0.5497, -1.4803 -0.9096 0.5421, -1.4803 -0.9131 0.6213, -1.4803 -0.904 0.6149, -1.4803 -0.9139 0.6002, -1.4803 -0.9021 0.6131, -1.4803 -0.91 0.5945, -1.4803 -0.8953 0.6043, -1.4803 -0.8907 0.5941, -1.4803 -0.974 0.6481, -1.4803 -0.9779 0.6314, -1.4803 -0.9881 0.6499, -1.4803 -0.9884 0.6328, -1.4803 -0.9998 0.6486, -1.4803 -0.9981 0.6316, -1.4803 -1.0141 0.6436, -1.4803 -1.007 0.6282, -1.4803 -1.015 0.6226, -1.4803 -0.9446 0.5353, -1.4803 -0.9472 0.5341, -1.4803 -0.9417 0.518, -1.4803 -0.9498 0.5337, -1.4803 -0.9484 0.5167, -1.4803 -0.9502 0.5337, -1.4803 -0.9505 0.5166, -1.4803 -0.9531 0.5341, -1.4803 -0.9575 0.5175, -1.4803 -0.9556 0.5351, -1.4803 -0.9638 0.5199, -1.4803 -0.9577 0.5366, -1.4803 -0.9695 0.5239, -1.4803 -0.9593 0.5384, -1.4803 -0.9737 0.5287, -1.4803 -0.9606 0.5408, -1.4803 -0.9771 0.535, -1.4803 -0.9788 0.542, -1.4803 -1.018 0.5531, -1.4803 -1.0111 0.5384, -1.4803 -1.0118 0.5377, -1.4803 -0.9425 0.5369, -1.4803 -0.9408 0.5389, -1.4803 -0.9397 0.5413, -1.4803 -1.0188 0.5529, -1.4803 -1.0136 0.5364, -1.4803 -1.0089 0.5443, -1.4803 -1.0091 0.5421, -1.4803 -1.0099 0.5402, -1.4803 -1.0155 0.5528, -1.4803 -1.0135 0.552, -1.4803 -1.009 0.5454, -1.4803 -1.0118 0.5508, -1.4803 -1.0106 0.5495, -1.4803 -1.0095 0.5475, -1.4803 -1.0177 0.5531, -1.4764 -1.0704 0.5753, -1.4764 -1.069 0.5846, -1.4764 -1.0681 0.587, -1.4764 -1.0656 0.5933, -1.4764 -1.0597 0.6014, -1.4764 -1.052 0.6079, -1.4764 -1.0435 0.6121, -1.4764 -1.0422 0.6126, -1.4764 -1.0362 0.6242, -1.4764 -1.0268 0.6351, -1.4764 -1.0203 0.6395, -1.4764 -1.0141 0.6436, -1.4764 -0.9998 0.6486, -1.4764 -0.9881 0.6499, -1.4764 -0.9539 0.6388, -1.4764 -0.9551 0.6395, -1.4764 -0.9609 0.6431, -1.4764 -0.974 0.6481, -1.4764 -0.9473 0.633, -1.4764 -0.9414 0.6262, -1.4764 -0.9381 0.6266, -1.4764 -0.9349 0.6268, -1.4764 -0.9236 0.6254, -1.4764 -0.9131 0.6213, -1.4764 -0.904 0.6149, -1.4764 -0.9021 0.6131, -1.4764 -0.8907 0.5941, -1.4764 -0.8953 0.6043, -1.4764 -0.8895 0.587, -1.4764 -0.8888 0.5834, -1.4764 -0.8888 0.5807, -1.4764 -0.8901 0.5695, -1.4764 -0.8942 0.5589, -1.4764 -0.9007 0.5497, -1.4764 -0.9096 0.5421, -1.4764 -0.9199 0.5371, -1.4764 -0.9235 0.536, -1.4764 -0.9238 0.5352, -1.4764 -0.9258 0.5308, -1.4764 -0.9298 0.5254, -1.4764 -0.9353 0.521, -1.4764 -0.9388 0.5194, -1.4764 -0.9417 0.518, -1.4764 -0.9484 0.5167, -1.4764 -0.9505 0.5166, -1.4764 -0.979 0.5451, -1.4764 -0.9575 0.5175, -1.4764 -0.9623 0.5194, -1.4764 -0.9638 0.5199, -1.4764 -0.9695 0.5239, -1.4764 -0.9737 0.5287, -1.4764 -0.9771 0.535, -1.4764 -0.9772 0.5352, -1.4764 -0.9788 0.542, -1.4764 -0.979 0.548, -1.4764 -1.0188 0.569, -1.4764 -1.01 0.5841, -1.4764 -0.9719 0.5642, -1.4764 -0.9677 0.5681, -1.4764 -0.9618 0.5716, -1.4764 -0.955 0.5735, -1.4764 -0.9505 0.5739, -1.4764 -0.9437 0.573, -1.4764 -0.9374 0.5706, -1.4764 -0.9316 0.5665, -1.4764 -0.9269 0.5612, -1.4764 -0.9238 0.5551, -1.4764 -0.9175 0.5589, -1.4764 -0.9124 0.5642, -1.4764 -0.9091 0.5698, -1.4764 -0.907 0.5768, -1.4764 -0.9067 0.5813, -1.4764 -0.9074 0.587, -1.4764 -0.9075 0.5882, -1.4764 -0.91 0.5945, -1.4764 -0.9139 0.6002, -1.4764 -0.9187 0.6045, -1.4764 -0.9251 0.6079, -1.4764 -0.9321 0.6096, -1.4764 -0.9352 0.6097, -1.4764 -0.9419 0.6089, -1.4764 -0.9483 0.6065, -1.4764 -0.9502 0.6055, -1.4764 -0.9546 0.6145, -1.4764 -0.961 0.6221, -1.4764 -0.9686 0.6276, -1.4764 -0.9779 0.6314, -1.4764 -0.9884 0.6328, -1.4764 -0.9981 0.6316, -1.4764 -1.007 0.6282, -1.4764 -1.015 0.6226, -1.4764 -1.0156 0.622, -1.4764 -1.022 0.6144, -1.4764 -1.0265 0.6052, -1.4764 -1.0282 0.5972, -1.4764 -1.0305 0.5972, -1.4764 -1.0356 0.5966, -1.4764 -1.0406 0.5948, -1.4764 -1.045 0.5918, -1.4764 -1.0487 0.5877, -1.4764 -1.0491 0.587, -1.4764 -1.0513 0.5827, -1.4764 -1.0526 0.5772, -1.4764 -1.0527 0.575, -1.4764 -1.0521 0.5698, -1.4764 -1.0503 0.5647, -1.4764 -1.0472 0.5602, -1.4764 -1.0457 0.5587, -1.4764 -1.0413 0.5555, -1.4764 -1.0361 0.5534, -1.4764 -1.0322 0.5528, -1.4764 -1.0194 0.5528, -1.4764 -1.0188 0.5529, -1.4764 -1.018 0.5531, -1.4764 -1.0177 0.5531, -1.4764 -1.0155 0.5528, -1.4764 -1.0135 0.552, -1.4764 -1.0118 0.5508, -1.4764 -1.0106 0.5495, -1.4764 -1.0095 0.5475, -1.4764 -1.009 0.5454, -1.4764 -1.0089 0.5443, -1.4764 -1.0091 0.5421, -1.4764 -1.0099 0.5402, -1.4764 -1.0111 0.5384, -1.4764 -1.0118 0.5377, -1.4764 -1.0136 0.5364, -1.4764 -1.0155 0.5357, -1.4764 -1.0171 0.5354, -1.4764 -1.0339 0.5354, -1.4764 -1.0434 0.5374, -1.4764 -1.0521 0.5417, -1.4764 -1.0598 0.5482, -1.4764 -1.0655 0.5561, -1.4764 -1.0691 0.5652, -1.4764 -0.9502 0.5559, -1.4764 -0.9526 0.5557, -1.4764 -0.9553 0.5547, -1.4764 -0.9575 0.5532, -1.4764 -0.9594 0.5511, -1.4764 -0.9606 0.5488, -1.4764 -0.9613 0.5462, -1.4764 -0.9613 0.5435, -1.4764 -0.9606 0.5408, -1.4764 -0.9593 0.5384, -1.4764 -0.9577 0.5366, -1.4764 -0.9556 0.5351, -1.4764 -0.9531 0.5341, -1.4764 -0.9502 0.5337, -1.4764 -0.9498 0.5337, -1.4764 -0.9472 0.5341, -1.4764 -0.9446 0.5353, -1.4764 -0.9425 0.5369, -1.4764 -0.9408 0.5389, -1.4764 -0.9397 0.5413, -1.4764 -0.9392 0.544, -1.4764 -0.9393 0.5468, -1.4764 -0.9402 0.5495, -1.4764 -0.9416 0.5518, -1.4764 -0.9427 0.553, -1.4764 -0.945 0.5546, -1.4764 -0.9475 0.5556
            ]
        }
        coordIndex [
            0,1,2,-1,3,4,0,-1,5,6,7,-1,8,9,10,-1,11,12,13,-1,13,12,14,-1,15,16,17,-1,18,19,12,-1,12,19,20,-1,12,20,14,-1,7,6,21,-1,4,22,0,-1,0,22,23,-1,0,23,24,-1,25,26,27,-1,27,26,28,-1,27,28,29,-1,29,28,30,-1,29,30,31,-1,31,30,32,-1,31,32,33,-1,33,32,12,-1,33,12,34,-1,34,12,35,-1,36,37,25,-1,25,37,38,-1,25,38,26,-1,17,16,39,-1,39,16,40,-1,39,40,41,-1,41,40,42,-1,41,42,43,-1,8,10,44,-1,44,10,45,-1,44,45,46,-1,46,45,47,-1,46,47,48,-1,6,49,21,-1,21,49,50,-1,21,50,51,-1,51,50,52,-1,51,52,8,-1,8,52,53,-1,8,53,9,-1,23,54,24,-1,24,54,55,-1,24,55,56,-1,56,55,57,-1,58,59,60,-1,60,59,61,-1,60,61,62,-1,62,61,15,-1,62,15,63,-1,63,15,17,-1,64,65,66,-1,66,65,67,-1,66,67,68,-1,68,67,69,-1,68,69,70,-1,70,69,71,-1,70,71,72,-1,72,71,73,-1,72,73,74,-1,3,0,75,-1,75,0,2,-1,75,2,25,-1,25,2,76,-1,25,76,36,-1,42,77,43,-1,43,77,78,-1,43,78,79,-1,79,78,80,-1,79,80,81,-1,81,80,82,-1,81,82,64,-1,64,82,83,-1,64,83,65,-1,84,85,86,-1,86,85,87,-1,86,87,60,-1,60,87,88,-1,60,88,58,-1,89,90,91,-1,91,90,92,-1,91,92,93,-1,93,92,94,-1,93,94,95,-1,95,94,96,-1,95,96,97,-1,97,96,98,-1,97,98,18,-1,18,98,99,-1,18,99,19,-1,7,100,5,-1,5,100,101,-1,5,101,102,-1,102,101,103,-1,102,103,104,-1,104,103,105,-1,104,105,89,-1,89,105,106,-1,89,106,90,-1,48,47,107,-1,107,47,108,-1,107,108,109,-1,109,108,110,-1,109,110,111,-1,111,110,112,-1,111,112,113,-1,113,112,114,-1,113,114,84,-1,84,114,115,-1,84,115,85,-1,116,11,117,-1,117,11,118,-1,117,118,119,-1,119,118,120,-1,119,120,121,-1,121,120,122,-1,121,122,123,-1,123,122,124,-1,123,124,125,-1,125,124,126,-1,125,126,127,-1,127,126,128,-1,127,128,129,-1,129,128,130,-1,129,130,131,-1,131,130,132,-1,131,132,57,-1,57,132,133,-1,57,133,56,-1,134,135,136,-1,116,137,11,-1,11,137,138,-1,11,138,12,-1,12,138,139,-1,12,139,35,-1,73,140,74,-1,74,140,134,-1,74,134,141,-1,141,134,136,-1,142,143,134,-1,134,143,144,-1,134,144,135,-1,145,146,147,-1,146,148,147,-1,147,148,149,-1,147,149,150,-1,142,134,147,-1,147,134,151,-1,147,151,145,-1,43,152,153,-1,43,153,41,-1,41,153,154,-1,41,154,39,-1,154,155,39,-1,39,155,156,-1,39,156,17,-1,17,156,157,-1,17,157,63,-1,63,157,158,-1,63,158,62,-1,62,158,159,-1,62,159,60,-1,60,159,160,-1,60,160,86,-1,86,160,161,-1,86,161,84,-1,84,161,113,-1,113,161,162,-1,162,163,113,-1,113,163,164,-1,113,164,111,-1,111,164,165,-1,111,165,109,-1,166,46,167,-1,167,46,48,-1,167,48,168,-1,168,48,107,-1,168,107,169,-1,169,107,109,-1,169,109,165,-1,46,166,170,-1,46,170,44,-1,44,170,171,-1,44,171,8,-1,8,171,172,-1,8,172,51,-1,51,172,173,-1,51,173,21,-1,21,173,174,-1,21,174,7,-1,7,174,175,-1,7,175,100,-1,100,175,176,-1,100,176,101,-1,101,176,177,-1,101,177,103,-1,178,105,179,-1,179,105,103,-1,179,103,177,-1,180,90,178,-1,178,90,106,-1,178,106,105,-1,180,181,90,-1,90,181,182,-1,90,182,92,-1,92,182,183,-1,92,183,94,-1,94,183,184,-1,94,184,96,-1,96,184,185,-1,96,185,98,-1,98,185,186,-1,98,186,99,-1,99,186,187,-1,99,187,19,-1,19,187,188,-1,19,188,20,-1,20,188,189,-1,20,189,14,-1,189,190,14,-1,14,190,191,-1,14,191,13,-1,13,191,192,-1,193,118,192,-1,192,118,11,-1,192,11,13,-1,193,194,118,-1,118,194,195,-1,118,195,120,-1,120,195,196,-1,120,196,122,-1,197,56,133,-1,122,196,198,-1,122,198,124,-1,124,198,199,-1,124,199,126,-1,199,200,126,-1,126,200,201,-1,126,201,128,-1,128,201,202,-1,128,202,130,-1,130,202,203,-1,130,203,132,-1,132,203,204,-1,132,204,133,-1,133,204,205,-1,133,205,197,-1,24,56,206,-1,206,56,197,-1,0,24,207,-1,207,24,206,-1,1,0,208,-1,208,0,207,-1,2,1,209,-1,209,1,208,-1,2,209,210,-1,2,210,76,-1,76,210,211,-1,76,211,36,-1,36,211,212,-1,36,212,37,-1,37,212,213,-1,37,213,38,-1,38,213,214,-1,38,214,26,-1,26,214,215,-1,26,215,28,-1,28,215,216,-1,28,216,30,-1,30,216,217,-1,30,217,32,-1,32,217,218,-1,32,218,12,-1,12,218,219,-1,12,219,18,-1,18,219,220,-1,18,220,97,-1,97,220,221,-1,97,221,95,-1,95,221,222,-1,95,222,93,-1,93,222,223,-1,93,223,91,-1,223,224,91,-1,91,224,89,-1,224,225,89,-1,89,225,226,-1,89,226,104,-1,104,226,227,-1,104,227,102,-1,102,227,228,-1,102,228,5,-1,5,228,229,-1,5,229,6,-1,6,229,230,-1,6,230,49,-1,49,230,231,-1,49,231,50,-1,50,231,232,-1,50,232,52,-1,52,232,233,-1,52,233,53,-1,53,233,234,-1,53,234,9,-1,9,234,235,-1,9,235,10,-1,10,235,236,-1,10,236,45,-1,45,236,237,-1,45,237,47,-1,47,237,238,-1,47,238,108,-1,108,238,239,-1,108,239,110,-1,110,239,240,-1,110,240,112,-1,112,240,241,-1,112,241,114,-1,114,241,242,-1,114,242,115,-1,115,242,243,-1,115,243,85,-1,85,243,244,-1,85,244,87,-1,87,244,245,-1,87,245,88,-1,88,245,246,-1,88,246,58,-1,59,58,247,-1,247,58,246,-1,59,247,248,-1,59,248,61,-1,61,248,249,-1,61,249,15,-1,15,249,250,-1,15,250,16,-1,16,250,251,-1,16,251,40,-1,40,251,252,-1,40,252,42,-1,252,253,42,-1,42,253,254,-1,42,254,77,-1,77,254,255,-1,77,255,78,-1,78,255,256,-1,78,256,80,-1,80,256,257,-1,80,257,82,-1,82,257,258,-1,82,258,83,-1,83,258,259,-1,83,259,65,-1,65,259,260,-1,65,260,67,-1,67,260,261,-1,67,261,69,-1,69,261,262,-1,69,262,71,-1,73,71,263,-1,263,71,262,-1,73,263,264,-1,73,264,140,-1,140,264,265,-1,140,265,134,-1,134,265,266,-1,134,266,151,-1,151,266,267,-1,151,267,145,-1,145,267,268,-1,145,268,146,-1,146,268,269,-1,146,269,148,-1,148,269,270,-1,148,270,149,-1,149,270,271,-1,149,271,150,-1,150,271,272,-1,150,272,147,-1,147,272,273,-1,147,273,142,-1,142,273,274,-1,142,274,143,-1,143,274,275,-1,143,275,144,-1,144,275,276,-1,144,276,135,-1,135,276,277,-1,135,277,136,-1,136,277,278,-1,136,278,141,-1,141,278,279,-1,141,279,74,-1,74,279,280,-1,74,280,72,-1,70,72,281,-1,281,72,280,-1,70,281,282,-1,70,282,68,-1,68,282,283,-1,68,283,66,-1,66,283,284,-1,66,284,64,-1,64,284,285,-1,64,285,81,-1,81,285,286,-1,81,286,79,-1,79,286,152,-1,79,152,43,-1,75,287,288,-1,75,288,3,-1,3,288,289,-1,3,289,4,-1,4,289,290,-1,4,290,22,-1,22,290,291,-1,22,291,23,-1,23,291,292,-1,23,292,54,-1,54,292,293,-1,54,293,55,-1,55,293,294,-1,55,294,57,-1,57,294,295,-1,57,295,131,-1,131,295,296,-1,131,296,129,-1,129,296,297,-1,129,297,127,-1,127,297,298,-1,127,298,125,-1,125,298,299,-1,125,299,123,-1,123,299,300,-1,123,300,121,-1,121,300,301,-1,121,301,119,-1,119,301,302,-1,119,302,117,-1,117,302,303,-1,117,303,116,-1,116,303,304,-1,116,304,137,-1,137,304,305,-1,137,305,138,-1,138,305,306,-1,138,306,139,-1,139,306,307,-1,139,307,35,-1,35,307,308,-1,35,308,34,-1,34,308,309,-1,34,309,33,-1,33,309,310,-1,33,310,31,-1,31,310,311,-1,31,311,29,-1,29,311,312,-1,29,312,27,-1,27,312,313,-1,27,313,25,-1,25,313,287,-1,25,287,75,-1,
        ]
    }
}
Shape{
    appearance Appearance {
        material  Material 	{
            diffuseColor 0.8313725490196079 0.8313725490196079 0.8196078431372549
            specularColor 0.6666666666666666 0.6666666666666666 0.6549019607843137
            ambientIntensity 0.83
            transparency 0.0
            shininess 0.5
        }
    }
    geometry IndexedFaceSet {
        ccw TRUE
        solid FALSE
        coord DEF co Coordinate {
            point [
                -1.4764 -0.9498 0.5337, -1.4764 -0.9427 0.553, -1.4764 -0.9416 0.5518, -1.4764 -0.9531 0.5341, -1.4764 -0.9556 0.5351, -1.4764 -0.9526 0.5557, -1.4764 -0.9502 0.5559, -1.4764 -0.9475 0.5556, -1.4764 -0.945 0.5546, -1.4764 -0.9397 0.5413, -1.4764 -0.9408 0.5389, -1.4764 -0.9425 0.5369, -1.4764 -0.9502 0.5337, -1.4764 -0.9402 0.5495, -1.4764 -0.9393 0.5468, -1.4764 -0.9392 0.544, -1.4764 -0.9446 0.5353, -1.4764 -0.9472 0.5341, -1.4764 -0.9577 0.5366, -1.4764 -0.9593 0.5384, -1.4764 -0.9606 0.5408, -1.4764 -0.9613 0.5435, -1.4764 -0.9613 0.5462, -1.4764 -0.9606 0.5488, -1.4764 -0.9594 0.5511, -1.4764 -0.9575 0.5532, -1.4764 -0.9553 0.5547
            ]
        }
        coordIndex [
            0,1,2,-1,3,4,5,-1,6,7,0,-1,0,7,8,-1,0,8,1,-1,9,10,2,-1,2,10,11,-1,6,0,5,-1,5,0,12,-1,5,12,3,-1,13,14,2,-1,2,14,15,-1,2,15,9,-1,11,16,2,-1,2,16,17,-1,2,17,0,-1,4,18,5,-1,5,18,19,-1,5,19,20,-1,20,21,5,-1,5,21,22,-1,5,22,23,-1,23,24,5,-1,5,24,25,-1,5,25,26,-1,
        ]
    }
}