#VRML V2.0 utf8
# 3D model generated by easyeda2kicad.py (https://github.com/uPesy/easyeda2kicad.py)

Shape{
    appearance Appearance {
        material  Material 	{
            diffuseColor 0.6470588235294118 0.6196078431372549 0.5882352941176471
            specularColor 0.45098039215686275 0.43529411764705883 0.4117647058823529
            ambientIntensity 0.6242
            transparency 0.0
            shininess 0.5
        }
    }
    geometry IndexedFaceSet {
        ccw TRUE
        solid FALSE
        coord DEF co Coordinate {
            point [
                1.6693 -0.8712 2.4803, 1.9449 -0.8712 3.0709, 0.8031 -0.8712 2.4803, 0.5275 -0.8712 3.0709, 0.8031 -0.8712 1.1417, 0.5275 -0.8712 0.748, 1.6693 -0.8712 1.1417, 1.9449 -0.8712 0.748, 1.6693 1.058 2.4803, 1.9449 1.058 3.0709, 1.6693 1.058 1.1417, 1.9449 1.058 0.748, 0.8031 1.058 1.1417, 0.5275 1.058 0.748, 0.8031 1.058 2.4803, 0.5275 1.058 3.0709, 0.8986 -0.2913 5.4724, 0.9518 -0.3321 5.4724, 1.7209 -0.0709 5.4724, 1.4627 -0.3656 5.4724, 1.5206 -0.3321 5.4724, 1.0716 -0.3912 5.4724, 1.7232 -0.0641 5.4724, 0.7492 -0.0641 5.4724, 0.7515 -0.0709 5.4724, 0.7771 -0.1328 5.4724, 1.5738 -0.2913 5.4724, 1.6211 -0.2439 5.4724, 1.6619 -0.1908 5.4724, 0.8105 -0.1908 5.4724, 0.8513 -0.2439 5.4724, 1.2697 -0.4173 5.4724, 1.3361 -0.4086 5.4724, 1.2027 -0.4173 5.4724, 1.1363 -0.4086 5.4724, 1.4008 -0.3912 5.4724, 1.0097 -0.3656 5.4724, 1.6953 -0.1328 5.4724, 0.572 -0.249 5.2362, 0.6141 -0.322 5.2362, 0.619 -0.3187 5.2888, 0.7465 -0.4717 5.2362, 0.8205 -0.5285 5.2362, 0.8238 -0.5236 5.2888, 0.9916 -0.6133 5.2362, 0.9957 -0.6149 5.2362, 0.9976 -0.6093 5.2888, 1.1299 -0.6455 5.2362, 1.1873 -0.653 5.2362, 1.1876 -0.6471 5.2888, 1.2718 -0.653 5.2362, 1.2851 -0.653 5.2362, 1.2848 -0.6471 5.2888, 1.4122 -0.6322 5.2362, 1.4767 -0.6149 5.2362, 1.4748 -0.6093 5.2888, 1.5465 -0.586 5.2362, 1.5672 -0.5774 5.2362, 1.5645 -0.5721 5.2888, 1.6694 -0.5151 5.2362, 1.7296 -0.4689 5.2362, 1.7257 -0.4644 5.2888, 1.8648 -0.3107 5.2362, 1.9072 -0.2372 5.2362, 1.9019 -0.2345 5.2888, 0.6779 -0.0641 5.4624, 0.6434 -0.0641 5.4495, 0.6544 -0.1038 5.4491, 0.5196 -0.1171 5.2362, 0.5277 -0.1467 5.2362, 0.5334 -0.1448 5.2888, 1.7604 -0.0641 5.4698, 1.7707 -0.0878 5.4665, 1.818 -0.1038 5.4491, 1.796 -0.0641 5.4619, 1.778 -0.0641 5.4659, 1.876 -0.0641 5.4207, 1.8731 -0.0641 5.4232, 1.8604 -0.1182 5.4209, 1.8621 -0.0641 5.4311, 1.8303 -0.0641 5.4489, 1.9004 -0.0641 5.3994, 1.8958 -0.1302 5.3835, 1.9141 -0.0641 5.3831, 1.9235 -0.0641 5.372, 1.9225 -0.1392 5.3387, 1.9296 -0.0641 5.3632, 1.939 -0.1448 5.2888, 1.9613 -0.0641 5.2888, 1.9611 -0.0641 5.29, 1.959 -0.0641 5.2982, 1.9468 -0.0641 5.3317, 1.9431 -0.0641 5.3385, 1.9667 -0.0641 5.2547, 1.9447 -0.1467 5.2362, 1.9675 -0.0641 5.2362, 0.5202 -0.0641 5.3189, 0.5113 -0.0641 5.2887, 0.5101 -0.0641 5.2848, 0.5053 -0.0641 5.2493, 0.5049 -0.0641 5.2362, 0.5226 -0.0641 5.325, 0.5499 -0.1392 5.3387, 0.5295 -0.0641 5.3384, 0.5766 -0.1302 5.3835, 0.5522 -0.0641 5.3765, 0.5389 -0.0641 5.3569, 0.6041 -0.0641 5.4268, 0.5966 -0.0641 5.4205, 0.612 -0.1182 5.4209, 0.5763 -0.0641 5.4036, 0.5581 -0.0641 5.3832, 0.6112 -0.0641 5.4316, 0.6849 -0.0641 5.4643, 0.7017 -0.0878 5.4665, 0.6944 -0.0641 5.466, 0.7218 -0.0641 5.471, 1.7425 -0.156 5.4665, 1.7873 -0.1781 5.4491, 1.8274 -0.1979 5.4209, 1.861 -0.2144 5.3835, 1.8862 -0.2268 5.3387, 1.6606 -0.2786 5.4665, 1.6084 -0.3308 5.4665, 1.6982 -0.3115 5.4491, 1.6414 -0.3684 5.4491, 1.7319 -0.341 5.4209, 1.6709 -0.402 5.4209, 1.76 -0.3657 5.3835, 1.6956 -0.4301 5.3835, 1.7812 -0.3842 5.3387, 1.7141 -0.4513 5.3387, 1.7943 -0.3957 5.2888, 0.9865 -0.4127 5.4665, 0.9225 -0.3758 5.4665, 0.9644 -0.4575 5.4491, 0.8948 -0.4173 5.4491, 0.9446 -0.4977 5.4209, 0.8699 -0.4545 5.4209, 0.928 -0.5312 5.3835, 0.8491 -0.4856 5.3835, 0.9156 -0.5565 5.3387, 0.8335 -0.509 5.3387, 0.9079 -0.5721 5.2888, 0.8118 -0.2786 5.4665, 0.7668 -0.22 5.4665, 0.7742 -0.3115 5.4491, 0.7253 -0.2477 5.4491, 0.7405 -0.341 5.4209, 0.688 -0.2726 5.4209, 0.7124 -0.3657 5.3835, 0.6569 -0.2933 5.3835, 0.6912 -0.3842 5.3387, 0.6335 -0.309 5.3387, 0.6781 -0.3957 5.2888, 1.9292 -0.184 5.2362, 1.8583 -0.322 5.2362, 1.8534 -0.3187 5.2888, 1.8389 -0.309 5.3387, 1.8155 -0.2933 5.3835, 1.7844 -0.2726 5.4209, 1.7471 -0.2477 5.4491, 1.7056 -0.22 5.4665, 1.7988 -0.3996 5.2362, 1.7766 -0.4218 5.2362, 1.6519 -0.5285 5.2362, 1.6486 -0.5236 5.2888, 1.6389 -0.509 5.3387, 1.6233 -0.4856 5.3835, 1.6025 -0.4545 5.4209, 1.5776 -0.4173 5.4491, 1.5499 -0.3758 5.4665, 1.4859 -0.4127 5.4665, 1.508 -0.4575 5.4491, 1.5278 -0.4977 5.4209, 1.5444 -0.5312 5.3835, 1.5568 -0.5565 5.3387, 1.4692 -0.5928 5.3387, 1.4602 -0.5661 5.3835, 1.4481 -0.5307 5.4209, 1.4337 -0.4883 5.4491, 1.4177 -0.441 5.4665, 1.3822 -0.6403 5.2362, 1.381 -0.6345 5.2888, 1.3776 -0.6173 5.3387, 1.3721 -0.5897 5.3835, 1.3648 -0.553 5.4209, 1.3561 -0.5091 5.4491, 1.3463 -0.4601 5.4665, 1.2731 -0.4698 5.4665, 1.2764 -0.5196 5.4491, 1.2793 -0.5643 5.4209, 1.2818 -0.6016 5.3835, 1.2836 -0.6297 5.3387, 1.1888 -0.6297 5.3387, 1.1906 -0.6016 5.3835, 1.1931 -0.5643 5.4209, 1.196 -0.5196 5.4491, 1.1993 -0.4698 5.4665, 1.0902 -0.6403 5.2362, 1.0914 -0.6345 5.2888, 1.0948 -0.6173 5.3387, 1.1003 -0.5897 5.3835, 1.1076 -0.553 5.4209, 1.1163 -0.5091 5.4491, 1.1261 -0.4601 5.4665, 1.0547 -0.441 5.4665, 1.0387 -0.4883 5.4491, 1.0243 -0.5307 5.4209, 1.0122 -0.5661 5.3835, 1.0032 -0.5928 5.3387, 0.9052 -0.5774 5.2362, 0.863 -0.553 5.2362, 0.7428 -0.4689 5.2362, 0.7467 -0.4644 5.2888, 0.7583 -0.4513 5.3387, 0.7768 -0.4301 5.3835, 0.8015 -0.402 5.4209, 0.831 -0.3684 5.4491, 0.864 -0.3308 5.4665, 0.6736 -0.3996 5.2362, 0.6494 -0.3681 5.2362, 0.5652 -0.2372 5.2362, 0.5705 -0.2345 5.2888, 0.5862 -0.2268 5.3387, 0.6114 -0.2144 5.3835, 0.645 -0.1979 5.4209, 0.6851 -0.1781 5.4491, 0.7299 -0.156 5.4665, 0.7492 0.2509 5.4724, 1.7232 0.2509 5.4724, 0.7515 0.2577 5.4724, 1.7209 0.2577 5.4724, 1.6953 0.3196 5.4724, 1.6619 0.3776 5.4724, 1.6211 0.4307 5.4724, 0.9518 0.5189 5.4724, 1.5206 0.5189 5.4724, 1.0097 0.5524 5.4724, 1.4627 0.5524 5.4724, 1.4008 0.578 5.4724, 1.2697 0.6041 5.4724, 1.2027 0.6041 5.4724, 1.1363 0.5954 5.4724, 0.8986 0.4781 5.4724, 0.8513 0.4307 5.4724, 0.8105 0.3776 5.4724, 1.5738 0.4781 5.4724, 0.7771 0.3196 5.4724, 1.3361 0.5954 5.4724, 1.0716 0.578 5.4724, 1.9292 0.3708 5.2362, 1.9072 0.4239 5.2362, 1.9019 0.4213 5.2888, 1.8648 0.4974 5.2362, 1.8583 0.5087 5.2362, 1.8534 0.5054 5.2888, 1.7766 0.6086 5.2362, 1.7296 0.6556 5.2362, 1.7257 0.6512 5.2888, 1.6694 0.7018 5.2362, 1.6519 0.7153 5.2362, 1.6486 0.7103 5.2888, 1.5465 0.7728 5.2362, 1.4767 0.8017 5.2362, 1.4748 0.7961 5.2888, 1.2718 0.8398 5.2362, 1.1873 0.8398 5.2362, 1.1876 0.8339 5.2888, 0.9916 0.8 5.2362, 0.9052 0.7642 5.2362, 0.9079 0.7589 5.2888, 0.863 0.7398 5.2362, 0.8205 0.7153 5.2362, 0.8238 0.7103 5.2888, 0.7465 0.6585 5.2362, 0.7428 0.6556 5.2362, 0.7467 0.6512 5.2888, 0.6494 0.5548 5.2362, 0.6141 0.5087 5.2362, 0.619 0.5054 5.2888, 0.572 0.4358 5.2362, 0.5652 0.4239 5.2362, 0.5705 0.4213 5.2888, 1.9558 0.2509 5.3086, 1.9608 0.2509 5.2886, 1.939 0.3316 5.2888, 1.9643 0.2509 5.2741, 1.9447 0.3335 5.2362, 1.9675 0.2509 5.2384, 1.9675 0.2509 5.2362, 1.9537 0.2509 5.3149, 1.9225 0.326 5.3387, 1.943 0.2509 5.3385, 1.9389 0.2509 5.3476, 1.8958 0.3169 5.3835, 1.9193 0.2509 5.3776, 1.8604 0.3049 5.4209, 1.8906 0.2509 5.4089, 1.9155 0.2509 5.3825, 1.818 0.2906 5.4491, 1.8298 0.2509 5.4487, 1.8567 0.2509 5.4345, 1.862 0.2509 5.4311, 1.8758 0.2509 5.4204, 1.7781 0.2509 5.4662, 1.7828 0.2509 5.4655, 1.7707 0.2745 5.4665, 1.7893 0.2509 5.4638, 1.8241 0.2509 5.4517, 1.7457 0.2509 5.4715, 0.712 0.2509 5.4698, 0.7017 0.2745 5.4665, 0.6944 0.2509 5.466, 0.6786 0.2509 5.4626, 0.6544 0.2906 5.4491, 0.6441 0.2509 5.4498, 0.5965 0.2509 5.4206, 0.601 0.2509 5.4245, 0.612 0.3049 5.4209, 0.6122 0.2509 5.4323, 0.6425 0.2509 5.4489, 0.5736 0.2509 5.401, 0.5766 0.3169 5.3835, 0.5581 0.2509 5.3832, 0.5499 0.326 5.3387, 0.5328 0.2509 5.3463, 0.5522 0.2509 5.3765, 0.5117 0.2509 5.2886, 0.5161 0.2509 5.3072, 0.5334 0.3316 5.2888, 0.5183 0.2509 5.3137, 0.5293 0.2509 5.3385, 0.5277 0.3335 5.2362, 0.5196 0.3038 5.2362, 0.5078 0.2509 5.2724, 0.5049 0.2509 5.2362, 1.1261 0.6469 5.4665, 1.1993 0.6566 5.4665, 1.1163 0.6959 5.4491, 1.196 0.7064 5.4491, 1.1076 0.7398 5.4209, 1.1931 0.7511 5.4209, 1.1003 0.7765 5.3835, 1.1906 0.7884 5.3835, 1.0948 0.8041 5.3387, 1.1888 0.8165 5.3387, 1.0914 0.8212 5.2888, 1.3463 0.6469 5.4665, 1.4177 0.6278 5.4665, 1.3561 0.6959 5.4491, 1.4337 0.6751 5.4491, 1.3648 0.7398 5.4209, 1.4481 0.7175 5.4209, 1.3721 0.7765 5.3835, 1.4602 0.7529 5.3835, 1.3776 0.8041 5.3387, 1.4692 0.7795 5.3387, 1.381 0.8212 5.2888, 0.7299 0.3428 5.4665, 0.6851 0.3648 5.4491, 0.645 0.3846 5.4209, 0.6114 0.4012 5.3835, 0.5862 0.4136 5.3387, 0.6335 0.4957 5.3387, 0.6569 0.4801 5.3835, 0.688 0.4593 5.4209, 0.7253 0.4345 5.4491, 0.7668 0.4068 5.4665, 0.6736 0.5864 5.2362, 0.6781 0.5825 5.2888, 0.6912 0.571 5.3387, 0.7124 0.5524 5.3835, 0.7405 0.5278 5.4209, 0.7742 0.4983 5.4491, 0.8118 0.4654 5.4665, 0.864 0.5176 5.4665, 0.831 0.5551 5.4491, 0.8015 0.5888 5.4209, 0.7768 0.6169 5.3835, 0.7583 0.6381 5.3387, 0.8335 0.6958 5.3387, 0.8491 0.6724 5.3835, 0.8699 0.6413 5.4209, 0.8948 0.6041 5.4491, 0.9225 0.5626 5.4665, 0.9156 0.7432 5.3387, 0.928 0.718 5.3835, 0.9446 0.6845 5.4209, 0.9644 0.6443 5.4491, 0.9865 0.5995 5.4665, 0.9957 0.8017 5.2362, 0.9976 0.7961 5.2888, 1.0032 0.7795 5.3387, 1.0122 0.7529 5.3835, 1.0243 0.7175 5.4209, 1.0387 0.6751 5.4491, 1.0547 0.6278 5.4665, 1.0902 0.827 5.2362, 1.1299 0.8323 5.2362, 1.2851 0.8398 5.2362, 1.2848 0.8339 5.2888, 1.2836 0.8165 5.3387, 1.2818 0.7884 5.3835, 1.2793 0.7511 5.4209, 1.2764 0.7064 5.4491, 1.2731 0.6566 5.4665, 1.3822 0.827 5.2362, 1.4122 0.819 5.2362, 1.5672 0.7642 5.2362, 1.5645 0.7589 5.2888, 1.5568 0.7432 5.3387, 1.5444 0.718 5.3835, 1.5278 0.6845 5.4209, 1.508 0.6443 5.4491, 1.4859 0.5995 5.4665, 1.5499 0.5626 5.4665, 1.5776 0.6041 5.4491, 1.6025 0.6413 5.4209, 1.6233 0.6724 5.3835, 1.6389 0.6958 5.3387, 1.7141 0.6381 5.3387, 1.6956 0.6169 5.3835, 1.6709 0.5888 5.4209, 1.6414 0.5551 5.4491, 1.6084 0.5176 5.4665, 1.7988 0.5864 5.2362, 1.7943 0.5825 5.2888, 1.7812 0.571 5.3387, 1.76 0.5524 5.3835, 1.7319 0.5278 5.4209, 1.6982 0.4983 5.4491, 1.6606 0.4654 5.4665, 1.7056 0.4068 5.4665, 1.7471 0.4345 5.4491, 1.7844 0.4593 5.4209, 1.8155 0.4801 5.3835, 1.8389 0.4957 5.3387, 1.8862 0.4136 5.3387, 1.861 0.4012 5.3835, 1.8274 0.3846 5.4209, 1.7873 0.3648 5.4491, 1.7425 0.3428 5.4665, 0.5049 0.2509 5.1575, 1.9298 -0.1843 5.0, 1.9675 -0.0641 5.1575, 1.9577 -0.1042 5.0, 1.9707 -0.0482 5.1575, 1.9691 -0.0479 5.0, 1.9776 -0.0063 5.0, 1.9842 0.0934 5.1575, 1.9842 0.0934 5.0, 1.9776 0.1931 5.0, 1.9707 0.235 5.1575, 1.9298 0.3711 5.0, 1.9675 0.2509 5.1575, 1.9577 0.291 5.0, 1.9691 0.2346 5.0, 0.4927 0.1643 5.0, 0.4898 0.1433 5.0, 0.4916 0.1645 5.1575, 0.4898 0.0434 5.0, 0.4916 0.0223 5.1575, 0.4927 0.0224 5.0, 0.5032 -0.0556 5.0, 0.5049 -0.0641 5.1575, 0.52 -0.117 5.0, 1.9249 -0.1986 5.0, 1.8798 -0.2878 5.0, 1.8644 -0.3103 5.0, 1.8233 -0.3702 5.0, 1.7765 -0.4219 5.0, 1.7562 -0.4443 5.0, 1.6799 -0.5088 5.0, 1.6697 -0.5153 5.0, 1.5957 -0.5626 5.0, 1.5462 -0.5855 5.0, 1.505 -0.6047 5.0, 1.4125 -0.6334 5.0, 1.4096 -0.6343 5.0, 1.3111 -0.6509 5.0, 1.2717 -0.6522 5.0, 1.2112 -0.6542 5.0, 1.1298 -0.646 5.0, 1.1118 -0.6442 5.0, 1.0146 -0.6211 5.0, 0.992 -0.6124 5.0, 0.9213 -0.5851 5.0, 0.8629 -0.5531 5.0, 0.8337 -0.5371 5.0, 0.7533 -0.4778 5.0, 0.7467 -0.4715 5.0, 0.6814 -0.4084 5.0, 0.6495 -0.368 5.0, 0.6195 -0.33 5.0, 0.5717 -0.2492 5.0, 0.5686 -0.244 5.0, 0.5296 -0.152 5.0, 0.5296 0.3388 5.0, 0.5686 0.4308 5.0, 0.5717 0.436 5.0, 0.5032 0.2424 5.0, 0.52 0.3037 5.0, 0.6195 0.5167 5.0, 0.6495 0.5548 5.0, 0.6814 0.5952 5.0, 0.7467 0.6583 5.0, 0.7533 0.6646 5.0, 0.8337 0.7239 5.0, 1.0146 0.8078 5.0, 1.1118 0.831 5.0, 1.1298 0.8328 5.0, 0.8629 0.7399 5.0, 0.9213 0.7719 5.0, 0.992 0.7991 5.0, 1.3111 0.8377 5.0, 1.4096 0.821 5.0, 1.4125 0.8201 5.0, 1.2112 0.841 5.0, 1.2717 0.839 5.0, 1.505 0.7914 5.0, 1.5462 0.7723 5.0, 1.5957 0.7494 5.0, 1.8233 0.557 5.0, 1.7765 0.6086 5.0, 1.7562 0.6311 5.0, 1.6799 0.6956 5.0, 1.6697 0.7021 5.0, 1.9249 0.3854 5.0, 1.8798 0.4746 5.0, 1.8644 0.4971 5.0, 1.9212 -0.1971 4.9694, 1.9538 -0.1032 4.9694, 1.8763 -0.2858 4.9694, 1.8201 -0.3677 4.9694, 1.7534 -0.4414 4.9694, 1.6775 -0.5056 4.9694, 1.5938 -0.5591 4.9694, 1.5036 -0.6009 4.9694, 1.4087 -0.6304 4.9694, 1.3107 -0.6469 4.9694, 1.2113 -0.6502 4.9694, 1.1125 -0.6403 4.9694, 1.0158 -0.6172 4.9694, 0.923 -0.5815 4.9694, 0.8359 -0.5337 4.9694, 0.7558 -0.4748 4.9694, 0.6844 -0.4057 4.9694, 0.6228 -0.3277 4.9694, 0.5722 -0.2422 4.9694, 0.5334 -0.1507 4.9694, 0.5071 -0.0548 4.9694, 0.4939 0.0437 4.9694, 0.4939 0.1431 4.9694, 0.5071 0.2416 4.9694, 0.5334 0.3374 4.9694, 0.5722 0.4289 4.9694, 0.6228 0.5145 4.9694, 0.6844 0.5925 4.9694, 0.7558 0.6615 4.9694, 0.8359 0.7205 4.9694, 0.923 0.7683 4.9694, 1.0158 0.804 4.9694, 1.1125 0.827 4.9694, 1.2113 0.837 4.9694, 1.3107 0.8337 4.9694, 1.4087 0.8171 4.9694, 1.5036 0.7877 4.9694, 1.5938 0.7458 4.9694, 1.6775 0.6924 4.9694, 1.7534 0.6282 4.9694, 1.8201 0.5545 4.9694, 1.8763 0.4725 4.9694, 1.9212 0.3838 4.9694, 1.9538 0.2899 4.9694, 1.9736 0.1926 4.9694, 1.9802 0.0934 4.9694, 1.9736 -0.0058 4.9694, 1.9619 0.191 4.9409, 1.9424 0.2868 4.9409, 1.9103 0.3792 4.9409, 1.8662 0.4665 4.9409, 1.8108 0.5472 4.9409, 1.7452 0.6197 4.9409, 1.6705 0.6829 4.9409, 1.5881 0.7355 4.9409, 1.4994 0.7767 4.9409, 1.4059 0.8056 4.9409, 1.3095 0.8219 4.9409, 1.2117 0.8252 4.9409, 1.1144 0.8154 4.9409, 1.0193 0.7927 4.9409, 0.928 0.7576 4.9409, 0.8422 0.7106 4.9409, 0.7635 0.6525 4.9409, 0.6932 0.5845 4.9409, 0.6325 0.5078 4.9409, 0.5827 0.4236 4.9409, 0.5445 0.3336 4.9409, 0.5187 0.2392 4.9409, 0.5056 0.1423 4.9409, 0.5056 0.0445 4.9409, 0.5187 -0.0525 4.9409, 0.5445 -0.1468 4.9409, 0.5827 -0.2368 4.9409, 0.6325 -0.321 4.9409, 0.6932 -0.3978 4.9409, 0.7635 -0.4658 4.9409, 0.8422 -0.5238 4.9409, 0.928 -0.5708 4.9409, 1.0193 -0.6059 4.9409, 1.1144 -0.6286 4.9409, 1.2117 -0.6384 4.9409, 1.3095 -0.6351 4.9409, 1.4059 -0.6189 4.9409, 1.4994 -0.5899 4.9409, 1.5881 -0.5487 4.9409, 1.6705 -0.4961 4.9409, 1.7452 -0.4329 4.9409, 1.8108 -0.3604 4.9409, 1.8662 -0.2798 4.9409, 1.9103 -0.1925 4.9409, 1.9424 -0.1001 4.9409, 1.9619 -0.0042 4.9409, 1.9684 0.0934 4.9409, 1.9433 0.1885 4.9165, 1.9243 0.2819 4.9165, 1.893 0.3719 4.9165, 1.85 0.457 4.9165, 1.7961 0.5355 4.9165, 1.7322 0.6062 4.9165, 1.6594 0.6678 4.9165, 1.5791 0.719 4.9165, 1.4926 0.7592 4.9165, 1.4016 0.7874 4.9165, 1.3076 0.8032 4.9165, 1.2124 0.8064 4.9165, 1.1175 0.7969 4.9165, 1.0248 0.7748 4.9165, 0.9359 0.7405 4.9165, 0.8523 0.6947 4.9165, 0.7756 0.6382 4.9165, 0.7071 0.5719 4.9165, 0.648 0.4972 4.9165, 0.5994 0.4152 4.9165, 0.5622 0.3274 4.9165, 0.5371 0.2355 4.9165, 0.5244 0.141 4.9165, 0.5244 0.0457 4.9165, 0.5371 -0.0487 4.9165, 0.5622 -0.1406 4.9165, 0.5994 -0.2284 4.9165, 0.648 -0.3104 4.9165, 0.7071 -0.3852 4.9165, 0.7756 -0.4514 4.9165, 0.8523 -0.508 4.9165, 0.9359 -0.5538 4.9165, 1.0248 -0.588 4.9165, 1.1175 -0.6101 4.9165, 1.2124 -0.6197 4.9165, 1.3076 -0.6165 4.9165, 1.4016 -0.6006 4.9165, 1.4926 -0.5724 4.9165, 1.5791 -0.5323 4.9165, 1.6594 -0.481 4.9165, 1.7322 -0.4194 4.9165, 1.7961 -0.3488 4.9165, 1.85 -0.2702 4.9165, 1.893 -0.1851 4.9165, 1.9243 -0.0951 4.9165, 1.9433 -0.0017 4.9165, 1.9496 0.0934 4.9165, 1.919 0.1852 4.8977, 1.9007 0.2754 4.8977, 1.8705 0.3624 4.8977, 1.829 0.4445 4.8977, 1.7769 0.5204 4.8977, 1.7152 0.5886 4.8977, 1.6449 0.6481 4.8977, 1.5673 0.6976 4.8977, 1.4838 0.7363 4.8977, 1.3959 0.7636 4.8977, 1.3052 0.7789 4.8977, 1.2132 0.782 4.8977, 1.1216 0.7728 4.8977, 1.0321 0.7514 4.8977, 0.9462 0.7184 4.8977, 0.8655 0.6741 4.8977, 0.7914 0.6195 4.8977, 0.7252 0.5555 4.8977, 0.6682 0.4833 4.8977, 0.6213 0.4041 4.8977, 0.5853 0.3194 4.8977, 0.561 0.2306 4.8977, 0.5488 0.1394 4.8977, 0.5488 0.0474 4.8977, 0.561 -0.0438 4.8977, 0.5853 -0.1326 4.8977, 0.6213 -0.2173 4.8977, 0.6682 -0.2965 4.8977, 0.7252 -0.3688 4.8977, 0.7914 -0.4328 4.8977, 0.8655 -0.4873 4.8977, 0.9462 -0.5316 4.8977, 1.0321 -0.5647 4.8977, 1.1216 -0.586 4.8977, 1.2132 -0.5952 4.8977, 1.3052 -0.5921 4.8977, 1.3959 -0.5768 4.8977, 1.4838 -0.5496 4.8977, 1.5673 -0.5108 4.8977, 1.6449 -0.4613 4.8977, 1.7152 -0.4019 4.8977, 1.7769 -0.3336 4.8977, 1.829 -0.2577 4.8977, 1.8705 -0.1756 4.8977, 1.9007 -0.0886 4.8977, 1.919 0.0016 4.8977, 1.9252 0.0934 4.8977, 1.8908 0.1814 4.8859, 1.8732 0.2679 4.8859, 1.8443 0.3512 4.8859, 1.8045 0.43 4.8859, 1.7546 0.5027 4.8859, 1.6954 0.5682 4.8859, 1.628 0.6251 4.8859, 1.5536 0.6726 4.8859, 1.4736 0.7097 4.8859, 1.3893 0.7359 4.8859, 1.3023 0.7506 4.8859, 1.2141 0.7535 4.8859, 1.1263 0.7447 4.8859, 1.0405 0.7242 4.8859, 0.9582 0.6925 4.8859, 0.8808 0.6501 4.8859, 0.8098 0.5978 4.8859, 0.7463 0.5364 4.8859, 0.6917 0.4672 4.8859, 0.6467 0.3913 4.8859, 0.6123 0.31 4.8859, 0.5889 0.2249 4.8859, 0.5772 0.1375 4.8859, 0.5772 0.0493 4.8859, 0.5889 -0.0382 4.8859, 0.6123 -0.1233 4.8859, 0.6467 -0.2045 4.8859, 0.6917 -0.2804 4.8859, 0.7463 -0.3497 4.8859, 0.8098 -0.411 4.8859, 0.8808 -0.4633 4.8859, 0.9582 -0.5057 4.8859, 1.0405 -0.5375 4.8859, 1.1263 -0.5579 4.8859, 1.2141 -0.5667 4.8859, 1.3023 -0.5638 4.8859, 1.3893 -0.5491 4.8859, 1.4736 -0.523 4.8859, 1.5536 -0.4858 4.8859, 1.628 -0.4384 4.8859, 1.6954 -0.3814 4.8859, 1.7546 -0.316 4.8859, 1.8045 -0.2432 4.8859, 1.8443 -0.1645 4.8859, 1.8732 -0.0811 4.8859, 1.8908 0.0054 4.8859, 1.8967 0.0934 4.8859, 1.8605 0.1773 4.8819, 1.8437 0.2598 4.8819, 1.8161 0.3393 4.8819, 1.7782 0.4144 4.8819, 1.7306 0.4838 4.8819, 1.6741 0.5462 4.8819, 1.6099 0.6005 4.8819, 1.5389 0.6458 4.8819, 1.4626 0.6812 4.8819, 1.3822 0.7061 4.8819, 1.2993 0.7201 4.8819, 1.2152 0.723 4.8819, 1.1314 0.7145 4.8819, 1.0496 0.695 4.8819, 0.971 0.6648 4.8819, 0.8973 0.6243 4.8819, 0.8295 0.5744 4.8819, 0.769 0.5159 4.8819, 0.7169 0.4499 4.8819, 0.674 0.3775 4.8819, 0.6411 0.3 4.8819, 0.6189 0.2189 4.8819, 0.6077 0.1355 4.8819, 0.6077 0.0513 4.8819, 0.6189 -0.0321 4.8819, 0.6411 -0.1132 4.8819, 0.674 -0.1907 4.8819, 0.7169 -0.2631 4.8819, 0.769 -0.3292 4.8819, 0.8295 -0.3877 4.8819, 0.8973 -0.4376 4.8819, 0.971 -0.478 4.8819, 1.0496 -0.5083 4.8819, 1.1314 -0.5278 4.8819, 1.2152 -0.5362 4.8819, 1.2993 -0.5334 4.8819, 1.3822 -0.5194 4.8819, 1.4626 -0.4944 4.8819, 1.5389 -0.459 4.8819, 1.6099 -0.4137 4.8819, 1.6741 -0.3594 4.8819, 1.7306 -0.297 4.8819, 1.7782 -0.2276 4.8819, 1.8161 -0.1525 4.8819, 1.8437 -0.073 4.8819, 1.8605 0.0094 4.8819, 1.8661 0.0934 4.8819, 1.5146 -0.185 4.8819, 1.5772 -0.1035 4.8819, 1.6165 -0.0085 4.8819, 1.6299 0.0934 4.8819, 0.8559 -0.0085 4.8819, 0.8425 0.0934 4.8819, 0.8559 0.1953 4.8819, 0.8952 -0.1035 4.8819, 1.0394 -0.2476 4.8819, 1.1343 -0.2869 4.8819, 1.2362 -0.3003 4.8819, 1.4331 -0.2476 4.8819, 1.6165 0.1953 4.8819, 1.5772 0.2902 4.8819, 1.0394 0.4343 4.8819, 0.9578 0.3718 4.8819, 0.9578 -0.185 4.8819, 1.3381 -0.2869 4.8819, 1.4331 0.4343 4.8819, 1.3381 0.4737 4.8819, 1.2362 0.4871 4.8819, 1.5146 0.3718 4.8819, 1.1343 0.4737 4.8819, 0.8952 0.2902 4.8819, 1.6165 0.1953 3.189, 1.5772 0.2902 3.189, 1.5146 0.3718 3.189, 1.4331 0.4343 3.189, 1.3381 0.4737 3.189, 1.2362 0.4871 3.189, 1.1343 0.4737 3.189, 1.0394 0.4343 3.189, 0.9578 0.3718 3.189, 0.8952 0.2902 3.189, 0.8559 0.1953 3.189, 0.8425 0.0934 3.189, 0.8559 -0.0085 3.189, 0.8952 -0.1035 3.189, 0.9578 -0.185 3.189, 1.0394 -0.2476 3.189, 1.1343 -0.2869 3.189, 1.2362 -0.3003 3.189, 1.3381 -0.2869 3.189, 1.4331 -0.2476 3.189, 1.5146 -0.185 3.189, 1.5772 -0.1035 3.189, 1.6165 -0.0085 3.189, 1.6299 0.0934 3.189, 0.5275 1.0539 3.1014, 1.9449 1.0539 3.1014, 0.5275 1.0421 3.1299, 1.9449 1.0421 3.1299, 0.5275 1.0234 3.1544, 1.9449 1.0234 3.1544, 0.5275 0.9989 3.1732, 1.9449 0.9989 3.1732, 0.5275 0.9704 3.185, 1.9449 0.9704 3.185, 0.5275 0.9398 3.189, 1.9449 0.9398 3.189, 1.9449 -0.7531 3.189, 0.5275 -0.7531 3.189, 0.5275 -0.7836 3.185, 1.9449 -0.7836 3.185, 0.5275 -0.8121 3.1732, 1.9449 -0.8121 3.1732, 0.5275 -0.8366 3.1544, 1.9449 -0.8366 3.1544, 0.5275 -0.8554 3.1299, 1.9449 -0.8554 3.1299, 0.5275 -0.8672 3.1014, 1.9449 -0.8672 3.1014, 0.5275 -0.8672 0.7175, 1.9449 -0.8672 0.7175, 0.5275 -0.8554 0.689, 1.9449 -0.8554 0.689, 0.5275 -0.8366 0.6645, 1.9449 -0.8366 0.6645, 0.5275 -0.8121 0.6457, 1.9449 -0.8121 0.6457, 0.5275 -0.7836 0.6339, 1.9449 -0.7836 0.6339, 0.5275 -0.7531 0.6299, 1.9449 -0.7531 0.6299, 1.9449 0.9398 0.6299, 0.5275 0.9398 0.6299, 0.5275 0.9704 0.6339, 1.9449 0.9704 0.6339, 0.5275 0.9989 0.6457, 1.9449 0.9989 0.6457, 0.5275 1.0234 0.6645, 1.9449 1.0234 0.6645, 0.5275 1.0421 0.689, 1.9449 1.0421 0.689, 0.5275 1.0539 0.7175, 1.9449 1.0539 0.7175, 1.6299 1.2049 2.1457, 0.8425 1.2049 2.1457, 1.6299 1.24 2.1457, 0.8425 1.24 2.1457, 1.6299 1.0789 2.1457, 0.8425 1.0789 2.1457, 1.6299 1.114 2.1457, 0.8425 1.114 2.1457, 1.6299 0.9529 2.1457, 0.8425 0.9529 2.1457, 1.6299 0.988 2.1457, 0.8425 0.988 2.1457, 1.6299 0.827 2.1457, 0.8425 0.827 2.1457, 1.6299 0.862 2.1457, 0.8425 0.862 2.1457, 1.6299 0.701 2.1457, 0.8425 0.701 2.1457, 1.6299 0.736 2.1457, 0.8425 0.736 2.1457, 1.6299 0.575 2.1457, 0.8425 0.575 2.1457, 1.6299 0.6101 2.1457, 0.8425 0.6101 2.1457, 1.6299 0.449 2.1457, 0.8425 0.449 2.1457, 1.6299 0.4841 2.1457, 0.8425 0.4841 2.1457, 1.6299 0.323 2.1457, 0.8425 0.323 2.1457, 1.6299 0.3581 2.1457, 0.8425 0.3581 2.1457, 1.6299 0.197 2.1457, 0.8425 0.197 2.1457, 1.6299 0.2321 2.1457, 0.8425 0.2321 2.1457, 1.6299 0.0711 2.1457, 0.8425 0.0711 2.1457, 1.6299 0.1061 2.1457, 0.8425 0.1061 2.1457, 1.6299 -0.0549 2.1457, 0.8425 -0.0549 2.1457, 1.6299 -0.0199 2.1457, 0.8425 -0.0199 2.1457, 1.6299 -0.1809 2.1457, 0.8425 -0.1809 2.1457, 1.6299 -0.1459 2.1457, 0.8425 -0.1459 2.1457, 1.6299 -0.3069 2.1457, 0.8425 -0.3069 2.1457, 1.6299 -0.2718 2.1457, 0.8425 -0.2718 2.1457, 1.6299 -0.4329 2.1457, 0.8425 -0.4329 2.1457, 1.6299 -0.3978 2.1457, 0.8425 -0.3978 2.1457, 1.6299 -0.5589 2.1457, 0.8425 -0.5589 2.1457, 1.6299 -0.5238 2.1457, 0.8425 -0.5238 2.1457, 1.6299 -0.6849 2.1457, 0.8425 -0.6849 2.1457, 1.6299 -0.6498 2.1457, 0.8425 -0.6498 2.1457, 1.6299 -1.2264 2.1457, 0.8425 -1.2264 2.1457, 1.6299 -0.7758 2.1457, 0.8425 -0.7758 2.1457, 1.4134 -0.124 0.0787, 1.059 -0.124 0.0787, 1.4134 -0.124 -0.9372, 1.059 -0.124 -0.9372, 1.2953 -0.124 -1.378, 1.1771 -0.124 -1.378, 1.2953 0.1909 -1.378, 1.1771 0.1909 -1.378, 1.4134 0.1909 -0.9372, 1.059 0.1909 -0.9372, 1.4134 0.1909 0.0787, 1.059 0.1909 0.0787, 1.059 0.1811 0.1663, 1.4134 0.1811 0.1663, 1.059 0.152 0.2496, 1.4134 0.152 0.2496, 1.059 0.1051 0.3242, 1.4134 0.1051 0.3242, 1.059 0.0427 0.3866, 1.4134 0.0427 0.3866, 1.059 -0.0319 0.4335, 1.4134 -0.0319 0.4335, 1.059 -0.1151 0.4626, 1.4134 -0.1151 0.4626, 1.059 -0.2028 0.4724, 1.4134 -0.2028 0.4724, 1.4134 -0.3799 0.4724, 1.059 -0.3799 0.4724, 1.6299 -0.5965 0.4724, 0.8425 -0.5965 0.4724, 1.6299 -1.2264 0.4724, 0.8425 -1.2264 0.4724, 1.6299 -1.2468 0.4751, 0.8425 -1.2468 0.4751, 1.6299 -1.2657 0.483, 0.8425 -1.2657 0.483, 1.6299 -1.2821 0.4955, 0.8425 -1.2821 0.4955, 1.6299 -1.2946 0.5118, 0.8425 -1.2946 0.5118, 1.6299 -1.3024 0.5308, 0.8425 -1.3024 0.5308, 1.6299 -1.3051 0.5512, 0.8425 -1.3051 0.5512, 1.6299 -1.3051 2.0669, 0.8425 -1.3051 2.0669, 1.6299 -1.3024 2.0873, 0.8425 -1.3024 2.0873, 1.6299 -1.2946 2.1063, 0.8425 -1.2946 2.1063, 1.6299 -1.2821 2.1226, 0.8425 -1.2821 2.1226, 1.6299 -1.2657 2.1351, 0.8425 -1.2657 2.1351, 1.6299 -1.2468 2.143, 0.8425 -1.2468 2.143, 0.8425 1.366 2.1457, 1.6299 1.366 2.1457, 0.8425 1.3309 2.1457, 1.6299 1.3309 2.1457, 0.8425 1.4114 2.4606, 1.6299 1.4114 2.4606, 0.8425 1.4114 2.2244, 1.6299 1.4114 2.2244, 1.6299 -1.2264 2.4606, 0.8425 -1.2264 2.4606, 0.8425 -1.314 2.4508, 1.6299 -1.314 2.4508, 0.8425 -1.3972 2.4216, 1.6299 -1.3972 2.4216, 0.8425 -1.4718 2.3747, 1.6299 -1.4718 2.3747, 0.8425 -1.5342 2.3124, 1.6299 -1.5342 2.3124, 0.8425 -1.5811 2.2378, 1.6299 -1.5811 2.2378, 0.8425 -1.6102 2.1545, 1.6299 -1.6102 2.1545, 0.8425 -1.6201 2.0669, 1.6299 -1.6201 2.0669, 1.6299 -1.6201 0.5512, 0.8425 -1.6201 0.5512, 0.8425 -1.6102 0.4636, 1.6299 -1.6102 0.4636, 0.8425 -1.5811 0.3804, 1.6299 -1.5811 0.3804, 0.8425 -1.5342 0.3057, 1.6299 -1.5342 0.3057, 0.8425 -1.4718 0.2434, 1.6299 -1.4718 0.2434, 0.8425 -1.3972 0.1965, 1.6299 -1.3972 0.1965, 0.8425 -1.314 0.1674, 1.6299 -1.314 0.1674, 0.8425 -1.2264 0.1575, 1.6299 -1.2264 0.1575, 1.059 -0.3799 0.1575, 1.059 -0.2028 0.1575, 1.4134 -0.2028 0.1575, 1.4134 -0.3799 0.1575, 1.6299 -0.5965 0.1575, 0.8425 -0.5965 0.1575, 1.4134 -0.1824 0.1548, 1.059 -0.1824 0.1548, 1.4134 -0.1634 0.1469, 1.059 -0.1634 0.1469, 1.4134 -0.1471 0.1344, 1.059 -0.1471 0.1344, 1.4134 -0.1346 0.1181, 1.059 -0.1346 0.1181, 1.4134 -0.1267 0.0991, 1.059 -0.1267 0.0991, 1.6299 -0.3524 2.2244, 1.6299 1.2854 2.2244, 1.6299 0.7815 2.2244, 1.6299 0.9075 2.2244, 1.6299 1.0335 2.2244, 1.6299 1.1594 2.2244, 1.6299 -0.7303 2.2244, 1.6299 -0.6043 2.2244, 1.6299 0.1516 2.2244, 1.6299 0.6555 2.2244, 1.6299 -0.4783 2.2244, 1.6299 -0.2264 2.2244, 1.6299 -0.1004 2.2244, 1.6299 0.0256 2.2244, 1.6299 0.2776 2.2244, 1.6299 0.4035 2.2244, 1.6299 0.5295 2.2244, 0.8425 1.0335 2.2244, 0.8425 1.2854 2.2244, 0.8425 0.9075 2.2244, 0.8425 0.7815 2.2244, 0.8425 1.1594 2.2244, 0.8425 0.6555 2.2244, 0.8425 0.5295 2.2244, 0.8425 -0.1004 2.2244, 0.8425 -0.2264 2.2244, 0.8425 -0.3524 2.2244, 0.8425 0.4035 2.2244, 0.8425 0.2776 2.2244, 0.8425 0.1516 2.2244, 0.8425 -0.6043 2.2244, 0.8425 0.0256 2.2244, 0.8425 -0.4783 2.2244, 0.8425 -0.7303 2.2244, -0.3701 1.2049 2.1457, -1.1575 1.2049 2.1457, -0.3701 1.24 2.1457, -1.1575 1.24 2.1457, -0.3701 1.0789 2.1457, -1.1575 1.0789 2.1457, -0.3701 1.114 2.1457, -1.1575 1.114 2.1457, -0.3701 0.9529 2.1457, -1.1575 0.9529 2.1457, -0.3701 0.988 2.1457, -1.1575 0.988 2.1457, -0.3701 0.827 2.1457, -1.1575 0.827 2.1457, -0.3701 0.862 2.1457, -1.1575 0.862 2.1457, -0.3701 0.701 2.1457, -1.1575 0.701 2.1457, -0.3701 0.736 2.1457, -1.1575 0.736 2.1457, -0.3701 0.575 2.1457, -1.1575 0.575 2.1457, -0.3701 0.6101 2.1457, -1.1575 0.6101 2.1457, -0.3701 0.449 2.1457, -1.1575 0.449 2.1457, -0.3701 0.4841 2.1457, -1.1575 0.4841 2.1457, -0.3701 0.323 2.1457, -1.1575 0.323 2.1457, -0.3701 0.3581 2.1457, -1.1575 0.3581 2.1457, -0.3701 0.197 2.1457, -1.1575 0.197 2.1457, -0.3701 0.2321 2.1457, -1.1575 0.2321 2.1457, -0.3701 0.0711 2.1457, -1.1575 0.0711 2.1457, -0.3701 0.1061 2.1457, -1.1575 0.1061 2.1457, -0.3701 -0.0549 2.1457, -1.1575 -0.0549 2.1457, -0.3701 -0.0199 2.1457, -1.1575 -0.0199 2.1457, -0.3701 -0.1809 2.1457, -1.1575 -0.1809 2.1457, -0.3701 -0.1459 2.1457, -1.1575 -0.1459 2.1457, -0.3701 -0.3069 2.1457, -1.1575 -0.3069 2.1457, -0.3701 -0.2718 2.1457, -1.1575 -0.2718 2.1457, -0.3701 -0.4329 2.1457, -1.1575 -0.4329 2.1457, -0.3701 -0.3978 2.1457, -1.1575 -0.3978 2.1457, -0.3701 -0.5589 2.1457, -1.1575 -0.5589 2.1457, -0.3701 -0.5238 2.1457, -1.1575 -0.5238 2.1457, -0.3701 -0.6849 2.1457, -1.1575 -0.6849 2.1457, -0.3701 -0.6498 2.1457, -1.1575 -0.6498 2.1457, -0.3701 -1.2264 2.1457, -1.1575 -1.2264 2.1457, -0.3701 -0.7758 2.1457, -1.1575 -0.7758 2.1457, -0.5866 -0.124 0.0787, -0.941 -0.124 0.0787, -0.5866 -0.124 -0.9372, -0.941 -0.124 -0.9372, -0.7047 -0.124 -1.378, -0.8229 -0.124 -1.378, -0.7047 0.1909 -1.378, -0.8229 0.1909 -1.378, -0.5866 0.1909 -0.9372, -0.941 0.1909 -0.9372, -0.5866 0.1909 0.0787, -0.941 0.1909 0.0787, -0.941 0.1811 0.1663, -0.5866 0.1811 0.1663, -0.941 0.152 0.2496, -0.5866 0.152 0.2496, -0.941 0.1051 0.3242, -0.5866 0.1051 0.3242, -0.941 0.0427 0.3866, -0.5866 0.0427 0.3866, -0.941 -0.0319 0.4335, -0.5866 -0.0319 0.4335, -0.941 -0.1151 0.4626, -0.5866 -0.1151 0.4626, -0.941 -0.2028 0.4724, -0.5866 -0.2028 0.4724, -0.5866 -0.3799 0.4724, -0.941 -0.3799 0.4724, -0.3701 -0.5965 0.4724, -1.1575 -0.5965 0.4724, -0.3701 -1.2264 0.4724, -1.1575 -1.2264 0.4724, -0.3701 -1.2468 0.4751, -1.1575 -1.2468 0.4751, -0.3701 -1.2657 0.483, -1.1575 -1.2657 0.483, -0.3701 -1.2821 0.4955, -1.1575 -1.2821 0.4955, -0.3701 -1.2946 0.5118, -1.1575 -1.2946 0.5118, -0.3701 -1.3024 0.5308, -1.1575 -1.3024 0.5308, -0.3701 -1.3051 0.5512, -1.1575 -1.3051 0.5512, -0.3701 -1.3051 2.0669, -1.1575 -1.3051 2.0669, -0.3701 -1.3024 2.0873, -1.1575 -1.3024 2.0873, -0.3701 -1.2946 2.1063, -1.1575 -1.2946 2.1063, -0.3701 -1.2821 2.1226, -1.1575 -1.2821 2.1226, -0.3701 -1.2657 2.1351, -1.1575 -1.2657 2.1351, -0.3701 -1.2468 2.143, -1.1575 -1.2468 2.143, -1.1575 1.366 2.1457, -0.3701 1.366 2.1457, -1.1575 1.3309 2.1457, -0.3701 1.3309 2.1457, -1.1575 1.4114 2.4606, -0.3701 1.4114 2.4606, -1.1575 1.4114 2.2244, -0.3701 1.4114 2.2244, -0.3701 -1.2264 2.4606, -1.1575 -1.2264 2.4606, -1.1575 -1.314 2.4508, -0.3701 -1.314 2.4508, -1.1575 -1.3972 2.4216, -0.3701 -1.3972 2.4216, -1.1575 -1.4718 2.3747, -0.3701 -1.4718 2.3747, -1.1575 -1.5342 2.3124, -0.3701 -1.5342 2.3124, -1.1575 -1.5811 2.2378, -0.3701 -1.5811 2.2378, -1.1575 -1.6102 2.1545, -0.3701 -1.6102 2.1545, -1.1575 -1.6201 2.0669, -0.3701 -1.6201 2.0669, -0.3701 -1.6201 0.5512, -1.1575 -1.6201 0.5512, -1.1575 -1.6102 0.4636, -0.3701 -1.6102 0.4636, -1.1575 -1.5811 0.3804, -0.3701 -1.5811 0.3804, -1.1575 -1.5342 0.3057, -0.3701 -1.5342 0.3057, -1.1575 -1.4718 0.2434, -0.3701 -1.4718 0.2434, -1.1575 -1.3972 0.1965, -0.3701 -1.3972 0.1965, -1.1575 -1.314 0.1674, -0.3701 -1.314 0.1674, -1.1575 -1.2264 0.1575, -0.3701 -1.2264 0.1575, -0.941 -0.3799 0.1575, -0.941 -0.2028 0.1575, -0.5866 -0.2028 0.1575, -0.5866 -0.3799 0.1575, -0.3701 -0.5965 0.1575, -1.1575 -0.5965 0.1575, -0.5866 -0.1824 0.1548, -0.941 -0.1824 0.1548, -0.5866 -0.1634 0.1469, -0.941 -0.1634 0.1469, -0.5866 -0.1471 0.1344, -0.941 -0.1471 0.1344, -0.5866 -0.1346 0.1181, -0.941 -0.1346 0.1181, -0.5866 -0.1267 0.0991, -0.941 -0.1267 0.0991, -0.3701 -0.3524 2.2244, -0.3701 1.2854 2.2244, -0.3701 0.7815 2.2244, -0.3701 0.9075 2.2244, -0.3701 1.0335 2.2244, -0.3701 1.1594 2.2244, -0.3701 -0.7303 2.2244, -0.3701 -0.6043 2.2244, -0.3701 0.1516 2.2244, -0.3701 0.6555 2.2244, -0.3701 -0.4783 2.2244, -0.3701 -0.2264 2.2244, -0.3701 -0.1004 2.2244, -0.3701 0.0256 2.2244, -0.3701 0.2776 2.2244, -0.3701 0.4035 2.2244, -0.3701 0.5295 2.2244, -1.1575 1.0335 2.2244, -1.1575 1.2854 2.2244, -1.1575 0.9075 2.2244, -1.1575 0.7815 2.2244, -1.1575 1.1594 2.2244, -1.1575 0.6555 2.2244, -1.1575 0.5295 2.2244, -1.1575 -0.1004 2.2244, -1.1575 -0.2264 2.2244, -1.1575 -0.3524 2.2244, -1.1575 0.4035 2.2244, -1.1575 0.2776 2.2244, -1.1575 0.1516 2.2244, -1.1575 -0.6043 2.2244, -1.1575 0.0256 2.2244, -1.1575 -0.4783 2.2244, -1.1575 -0.7303 2.2244, -0.3307 -0.8712 2.4803, -0.0551 -0.8712 3.0709, -1.1969 -0.8712 2.4803, -1.4725 -0.8712 3.0709, -1.1969 -0.8712 1.1417, -1.4725 -0.8712 0.748, -0.3307 -0.8712 1.1417, -0.0551 -0.8712 0.748, -0.3307 1.058 2.4803, -0.0551 1.058 3.0709, -0.3307 1.058 1.1417, -0.0551 1.058 0.748, -1.1969 1.058 1.1417, -1.4725 1.058 0.748, -1.1969 1.058 2.4803, -1.4725 1.058 3.0709, -0.2791 -0.0709 5.4724, -0.2768 -0.0641 5.4724, -1.2508 -0.0641 5.4724, -0.5373 -0.3656 5.4724, -0.4794 -0.3321 5.4724, -0.9284 -0.3912 5.4724, -1.2485 -0.0709 5.4724, -1.2229 -0.1328 5.4724, -1.1895 -0.1908 5.4724, -1.1487 -0.2439 5.4724, -1.1014 -0.2913 5.4724, -1.0482 -0.3321 5.4724, -0.7303 -0.4173 5.4724, -0.6639 -0.4086 5.4724, -0.7973 -0.4173 5.4724, -0.8637 -0.4086 5.4724, -0.5992 -0.3912 5.4724, -0.4262 -0.2913 5.4724, -0.3789 -0.2439 5.4724, -0.3381 -0.1908 5.4724, -0.9903 -0.3656 5.4724, -0.3047 -0.1328 5.4724, -1.428 -0.249 5.2362, -1.3859 -0.322 5.2362, -1.381 -0.3187 5.2888, -1.2535 -0.4717 5.2362, -1.1795 -0.5285 5.2362, -1.1762 -0.5236 5.2888, -1.0084 -0.6133 5.2362, -1.0043 -0.6149 5.2362, -1.0024 -0.6093 5.2888, -0.8701 -0.6455 5.2362, -0.8127 -0.653 5.2362, -0.8124 -0.6471 5.2888, -0.7282 -0.653 5.2362, -0.7149 -0.653 5.2362, -0.7152 -0.6471 5.2888, -0.5878 -0.6322 5.2362, -0.5233 -0.6149 5.2362, -0.5252 -0.6093 5.2888, -0.4535 -0.586 5.2362, -0.4328 -0.5774 5.2362, -0.4355 -0.5721 5.2888, -0.3306 -0.5151 5.2362, -0.2704 -0.4689 5.2362, -0.2743 -0.4644 5.2888, -0.1352 -0.3107 5.2362, -0.0928 -0.2372 5.2362, -0.0981 -0.2345 5.2888, -1.3221 -0.0641 5.4624, -1.3566 -0.0641 5.4495, -1.3456 -0.1038 5.4491, -1.4804 -0.1171 5.2362, -1.4723 -0.1467 5.2362, -1.4666 -0.1448 5.2888, -0.2396 -0.0641 5.4698, -0.2293 -0.0878 5.4665, -0.182 -0.1038 5.4491, -0.204 -0.0641 5.4619, -0.222 -0.0641 5.4659, -0.124 -0.0641 5.4207, -0.1269 -0.0641 5.4232, -0.1396 -0.1182 5.4209, -0.1379 -0.0641 5.4311, -0.1697 -0.0641 5.4489, -0.0996 -0.0641 5.3994, -0.1042 -0.1302 5.3835, -0.0859 -0.0641 5.3831, -0.0765 -0.0641 5.372, -0.0775 -0.1392 5.3387, -0.0704 -0.0641 5.3632, -0.061 -0.1448 5.2888, -0.0387 -0.0641 5.2888, -0.0389 -0.0641 5.29, -0.041 -0.0641 5.2982, -0.0532 -0.0641 5.3317, -0.0569 -0.0641 5.3385, -0.0333 -0.0641 5.2547, -0.0553 -0.1467 5.2362, -0.0325 -0.0641 5.2362, -1.4798 -0.0641 5.3189, -1.4887 -0.0641 5.2887, -1.4899 -0.0641 5.2848, -1.4947 -0.0641 5.2493, -1.4951 -0.0641 5.2362, -1.4774 -0.0641 5.325, -1.4501 -0.1392 5.3387, -1.4705 -0.0641 5.3384, -1.4234 -0.1302 5.3835, -1.4478 -0.0641 5.3765, -1.4611 -0.0641 5.3569, -1.3959 -0.0641 5.4268, -1.4034 -0.0641 5.4205, -1.388 -0.1182 5.4209, -1.4237 -0.0641 5.4036, -1.4419 -0.0641 5.3832, -1.3888 -0.0641 5.4316, -1.3151 -0.0641 5.4643, -1.2983 -0.0878 5.4665, -1.3056 -0.0641 5.466, -1.2782 -0.0641 5.471, -0.2575 -0.156 5.4665, -0.2127 -0.1781 5.4491, -0.1726 -0.1979 5.4209, -0.139 -0.2144 5.3835, -0.1138 -0.2268 5.3387, -0.3394 -0.2786 5.4665, -0.3916 -0.3308 5.4665, -0.3018 -0.3115 5.4491, -0.3586 -0.3684 5.4491, -0.2681 -0.341 5.4209, -0.3291 -0.402 5.4209, -0.24 -0.3657 5.3835, -0.3044 -0.4301 5.3835, -0.2188 -0.3842 5.3387, -0.2859 -0.4513 5.3387, -0.2057 -0.3957 5.2888, -1.0135 -0.4127 5.4665, -1.0775 -0.3758 5.4665, -1.0356 -0.4575 5.4491, -1.1052 -0.4173 5.4491, -1.0554 -0.4977 5.4209, -1.1301 -0.4545 5.4209, -1.072 -0.5312 5.3835, -1.1509 -0.4856 5.3835, -1.0844 -0.5565 5.3387, -1.1665 -0.509 5.3387, -1.0921 -0.5721 5.2888, -1.1882 -0.2786 5.4665, -1.2332 -0.22 5.4665, -1.2258 -0.3115 5.4491, -1.2747 -0.2477 5.4491, -1.2595 -0.341 5.4209, -1.312 -0.2726 5.4209, -1.2876 -0.3657 5.3835, -1.3431 -0.2933 5.3835, -1.3088 -0.3842 5.3387, -1.3665 -0.309 5.3387, -1.3219 -0.3957 5.2888, -0.0708 -0.184 5.2362, -0.1417 -0.322 5.2362, -0.1466 -0.3187 5.2888, -0.1611 -0.309 5.3387, -0.1845 -0.2933 5.3835, -0.2156 -0.2726 5.4209, -0.2529 -0.2477 5.4491, -0.2944 -0.22 5.4665, -0.2012 -0.3996 5.2362, -0.2234 -0.4218 5.2362, -0.3481 -0.5285 5.2362, -0.3514 -0.5236 5.2888, -0.3611 -0.509 5.3387, -0.3767 -0.4856 5.3835, -0.3975 -0.4545 5.4209, -0.4224 -0.4173 5.4491, -0.4501 -0.3758 5.4665, -0.5141 -0.4127 5.4665, -0.492 -0.4575 5.4491, -0.4722 -0.4977 5.4209, -0.4556 -0.5312 5.3835, -0.4432 -0.5565 5.3387, -0.5308 -0.5928 5.3387, -0.5398 -0.5661 5.3835, -0.5519 -0.5307 5.4209, -0.5663 -0.4883 5.4491, -0.5823 -0.441 5.4665, -0.6178 -0.6403 5.2362, -0.619 -0.6345 5.2888, -0.6224 -0.6173 5.3387, -0.6279 -0.5897 5.3835, -0.6352 -0.553 5.4209, -0.6439 -0.5091 5.4491, -0.6537 -0.4601 5.4665, -0.7269 -0.4698 5.4665, -0.7236 -0.5196 5.4491, -0.7207 -0.5643 5.4209, -0.7182 -0.6016 5.3835, -0.7164 -0.6297 5.3387, -0.8112 -0.6297 5.3387, -0.8094 -0.6016 5.3835, -0.8069 -0.5643 5.4209, -0.804 -0.5196 5.4491, -0.8007 -0.4698 5.4665, -0.9098 -0.6403 5.2362, -0.9086 -0.6345 5.2888, -0.9052 -0.6173 5.3387, -0.8997 -0.5897 5.3835, -0.8924 -0.553 5.4209, -0.8837 -0.5091 5.4491, -0.8739 -0.4601 5.4665, -0.9453 -0.441 5.4665, -0.9613 -0.4883 5.4491, -0.9757 -0.5307 5.4209, -0.9878 -0.5661 5.3835, -0.9968 -0.5928 5.3387, -1.0948 -0.5774 5.2362, -1.137 -0.553 5.2362, -1.2572 -0.4689 5.2362, -1.2533 -0.4644 5.2888, -1.2417 -0.4513 5.3387, -1.2232 -0.4301 5.3835, -1.1985 -0.402 5.4209, -1.169 -0.3684 5.4491, -1.136 -0.3308 5.4665, -1.3264 -0.3996 5.2362, -1.3506 -0.3681 5.2362, -1.4348 -0.2372 5.2362, -1.4295 -0.2345 5.2888, -1.4138 -0.2268 5.3387, -1.3886 -0.2144 5.3835, -1.355 -0.1979 5.4209, -1.3149 -0.1781 5.4491, -1.2701 -0.156 5.4665, -1.2508 0.2509 5.4724, -0.2768 0.2509 5.4724, -0.2791 0.2577 5.4724, -0.3381 0.3776 5.4724, -0.3789 0.4307 5.4724, -1.2485 0.2577 5.4724, -0.5373 0.5524 5.4724, -0.5992 0.578 5.4724, -0.9903 0.5524 5.4724, -1.1487 0.4307 5.4724, -1.1895 0.3776 5.4724, -0.4794 0.5189 5.4724, -0.3047 0.3196 5.4724, -1.1014 0.4781 5.4724, -0.4262 0.4781 5.4724, -1.2229 0.3196 5.4724, -0.7303 0.6041 5.4724, -0.7973 0.6041 5.4724, -0.8637 0.5954 5.4724, -0.6639 0.5954 5.4724, -0.9284 0.578 5.4724, -1.0482 0.5189 5.4724, -0.0708 0.3708 5.2362, -0.0928 0.4239 5.2362, -0.0981 0.4213 5.2888, -0.1352 0.4974 5.2362, -0.1417 0.5087 5.2362, -0.1466 0.5054 5.2888, -0.2234 0.6086 5.2362, -0.2704 0.6556 5.2362, -0.2743 0.6512 5.2888, -0.3306 0.7018 5.2362, -0.3481 0.7153 5.2362, -0.3514 0.7103 5.2888, -0.4535 0.7728 5.2362, -0.5233 0.8017 5.2362, -0.5252 0.7961 5.2888, -0.7282 0.8398 5.2362, -0.8127 0.8398 5.2362, -0.8124 0.8339 5.2888, -1.0084 0.8 5.2362, -1.0948 0.7642 5.2362, -1.0921 0.7589 5.2888, -1.137 0.7398 5.2362, -1.1795 0.7153 5.2362, -1.1762 0.7103 5.2888, -1.2535 0.6585 5.2362, -1.2572 0.6556 5.2362, -1.2533 0.6512 5.2888, -1.3506 0.5548 5.2362, -1.3859 0.5087 5.2362, -1.381 0.5054 5.2888, -1.428 0.4358 5.2362, -1.4348 0.4239 5.2362, -1.4295 0.4213 5.2888, -0.0442 0.2509 5.3086, -0.0392 0.2509 5.2886, -0.061 0.3316 5.2888, -0.0357 0.2509 5.2741, -0.0553 0.3335 5.2362, -0.0325 0.2509 5.2384, -0.0325 0.2509 5.2362, -0.0463 0.2509 5.3149, -0.0775 0.326 5.3387, -0.057 0.2509 5.3385, -0.0611 0.2509 5.3476, -0.1042 0.3169 5.3835, -0.0807 0.2509 5.3776, -0.1396 0.3049 5.4209, -0.1094 0.2509 5.4089, -0.0845 0.2509 5.3825, -0.182 0.2906 5.4491, -0.1702 0.2509 5.4487, -0.1433 0.2509 5.4345, -0.138 0.2509 5.4311, -0.1242 0.2509 5.4204, -0.2219 0.2509 5.4662, -0.2172 0.2509 5.4655, -0.2293 0.2745 5.4665, -0.2107 0.2509 5.4638, -0.1759 0.2509 5.4517, -0.2543 0.2509 5.4715, -1.288 0.2509 5.4698, -1.2983 0.2745 5.4665, -1.3056 0.2509 5.466, -1.3214 0.2509 5.4626, -1.3456 0.2906 5.4491, -1.3559 0.2509 5.4498, -1.4035 0.2509 5.4206, -1.399 0.2509 5.4245, -1.388 0.3049 5.4209, -1.3878 0.2509 5.4323, -1.3575 0.2509 5.4489, -1.4264 0.2509 5.401, -1.4234 0.3169 5.3835, -1.4419 0.2509 5.3832, -1.4501 0.326 5.3387, -1.4672 0.2509 5.3463, -1.4478 0.2509 5.3765, -1.4883 0.2509 5.2886, -1.4839 0.2509 5.3072, -1.4666 0.3316 5.2888, -1.4817 0.2509 5.3137, -1.4707 0.2509 5.3385, -1.4723 0.3335 5.2362, -1.4804 0.3038 5.2362, -1.4922 0.2509 5.2724, -1.4951 0.2509 5.2362, -0.8739 0.6469 5.4665, -0.8007 0.6566 5.4665, -0.8837 0.6959 5.4491, -0.804 0.7064 5.4491, -0.8924 0.7398 5.4209, -0.8069 0.7511 5.4209, -0.8997 0.7765 5.3835, -0.8094 0.7884 5.3835, -0.9052 0.8041 5.3387, -0.8112 0.8165 5.3387, -0.9086 0.8212 5.2888, -0.6537 0.6469 5.4665, -0.5823 0.6278 5.4665, -0.6439 0.6959 5.4491, -0.5663 0.6751 5.4491, -0.6352 0.7398 5.4209, -0.5519 0.7175 5.4209, -0.6279 0.7765 5.3835, -0.5398 0.7529 5.3835, -0.6224 0.8041 5.3387, -0.5308 0.7795 5.3387, -0.619 0.8212 5.2888, -1.2701 0.3428 5.4665, -1.3149 0.3648 5.4491, -1.355 0.3846 5.4209, -1.3886 0.4012 5.3835, -1.4138 0.4136 5.3387, -1.3665 0.4957 5.3387, -1.3431 0.4801 5.3835, -1.312 0.4593 5.4209, -1.2747 0.4345 5.4491, -1.2332 0.4068 5.4665, -1.3264 0.5864 5.2362, -1.3219 0.5825 5.2888, -1.3088 0.571 5.3387, -1.2876 0.5524 5.3835, -1.2595 0.5278 5.4209, -1.2258 0.4983 5.4491, -1.1882 0.4654 5.4665, -1.136 0.5176 5.4665, -1.169 0.5551 5.4491, -1.1985 0.5888 5.4209, -1.2232 0.6169 5.3835, -1.2417 0.6381 5.3387, -1.1665 0.6958 5.3387, -1.1509 0.6724 5.3835, -1.1301 0.6413 5.4209, -1.1052 0.6041 5.4491, -1.0775 0.5626 5.4665, -1.0844 0.7432 5.3387, -1.072 0.718 5.3835, -1.0554 0.6845 5.4209, -1.0356 0.6443 5.4491, -1.0135 0.5995 5.4665, -1.0043 0.8017 5.2362, -1.0024 0.7961 5.2888, -0.9968 0.7795 5.3387, -0.9878 0.7529 5.3835, -0.9757 0.7175 5.4209, -0.9613 0.6751 5.4491, -0.9453 0.6278 5.4665, -0.9098 0.827 5.2362, -0.8701 0.8323 5.2362, -0.7149 0.8398 5.2362, -0.7152 0.8339 5.2888, -0.7164 0.8165 5.3387, -0.7182 0.7884 5.3835, -0.7207 0.7511 5.4209, -0.7236 0.7064 5.4491, -0.7269 0.6566 5.4665, -0.6178 0.827 5.2362, -0.5878 0.819 5.2362, -0.4328 0.7642 5.2362, -0.4355 0.7589 5.2888, -0.4432 0.7432 5.3387, -0.4556 0.718 5.3835, -0.4722 0.6845 5.4209, -0.492 0.6443 5.4491, -0.5141 0.5995 5.4665, -0.4501 0.5626 5.4665, -0.4224 0.6041 5.4491, -0.3975 0.6413 5.4209, -0.3767 0.6724 5.3835, -0.3611 0.6958 5.3387, -0.2859 0.6381 5.3387, -0.3044 0.6169 5.3835, -0.3291 0.5888 5.4209, -0.3586 0.5551 5.4491, -0.3916 0.5176 5.4665, -0.2012 0.5864 5.2362, -0.2057 0.5825 5.2888, -0.2188 0.571 5.3387, -0.24 0.5524 5.3835, -0.2681 0.5278 5.4209, -0.3018 0.4983 5.4491, -0.3394 0.4654 5.4665, -0.2944 0.4068 5.4665, -0.2529 0.4345 5.4491, -0.2156 0.4593 5.4209, -0.1845 0.4801 5.3835, -0.1611 0.4957 5.3387, -0.1138 0.4136 5.3387, -0.139 0.4012 5.3835, -0.1726 0.3846 5.4209, -0.2127 0.3648 5.4491, -0.2575 0.3428 5.4665, -1.4951 0.2509 5.1575, -0.0702 -0.1843 5.0, -0.0325 -0.0641 5.1575, -0.0423 -0.1042 5.0, -0.0293 -0.0482 5.1575, -0.0309 -0.0479 5.0, -0.0224 -0.0063 5.0, -0.0158 0.0934 5.1575, -0.0158 0.0934 5.0, -0.0224 0.1931 5.0, -0.0293 0.235 5.1575, -0.0702 0.3711 5.0, -0.0325 0.2509 5.1575, -0.0423 0.291 5.0, -0.0309 0.2346 5.0, -1.5073 0.1643 5.0, -1.5102 0.1433 5.0, -1.5084 0.1645 5.1575, -1.5102 0.0434 5.0, -1.5084 0.0223 5.1575, -1.5073 0.0224 5.0, -1.4968 -0.0556 5.0, -1.4951 -0.0641 5.1575, -1.48 -0.117 5.0, -0.0751 -0.1986 5.0, -0.1202 -0.2878 5.0, -0.1356 -0.3103 5.0, -0.1767 -0.3702 5.0, -0.2235 -0.4219 5.0, -0.2438 -0.4443 5.0, -0.3201 -0.5088 5.0, -0.3303 -0.5153 5.0, -0.4043 -0.5626 5.0, -0.4538 -0.5855 5.0, -0.495 -0.6047 5.0, -0.5875 -0.6334 5.0, -0.5904 -0.6343 5.0, -0.6889 -0.6509 5.0, -0.7283 -0.6522 5.0, -0.7888 -0.6542 5.0, -0.8702 -0.646 5.0, -0.8882 -0.6442 5.0, -0.9854 -0.6211 5.0, -1.008 -0.6124 5.0, -1.0787 -0.5851 5.0, -1.1371 -0.5531 5.0, -1.1663 -0.5371 5.0, -1.2467 -0.4778 5.0, -1.2533 -0.4715 5.0, -1.3186 -0.4084 5.0, -1.3505 -0.368 5.0, -1.3805 -0.33 5.0, -1.4283 -0.2492 5.0, -1.4314 -0.244 5.0, -1.4704 -0.152 5.0, -1.4704 0.3388 5.0, -1.4314 0.4308 5.0, -1.4283 0.436 5.0, -1.4968 0.2424 5.0, -1.48 0.3037 5.0, -1.3805 0.5167 5.0, -1.3505 0.5548 5.0, -1.3186 0.5952 5.0, -1.2533 0.6583 5.0, -1.2467 0.6646 5.0, -1.1663 0.7239 5.0, -0.9854 0.8078 5.0, -0.8882 0.831 5.0, -0.8702 0.8328 5.0, -1.1371 0.7399 5.0, -1.0787 0.7719 5.0, -1.008 0.7991 5.0, -0.6889 0.8377 5.0, -0.5904 0.821 5.0, -0.5875 0.8201 5.0, -0.7888 0.841 5.0, -0.7283 0.839 5.0, -0.495 0.7914 5.0, -0.4538 0.7723 5.0, -0.4043 0.7494 5.0, -0.1767 0.557 5.0, -0.2235 0.6086 5.0, -0.2438 0.6311 5.0, -0.3201 0.6956 5.0, -0.3303 0.7021 5.0, -0.0751 0.3854 5.0, -0.1202 0.4746 5.0, -0.1356 0.4971 5.0, -0.0788 -0.1971 4.9694, -0.0462 -0.1032 4.9694, -0.1237 -0.2858 4.9694, -0.1799 -0.3677 4.9694, -0.2466 -0.4414 4.9694, -0.3225 -0.5056 4.9694, -0.4062 -0.5591 4.9694, -0.4964 -0.6009 4.9694, -0.5913 -0.6304 4.9694, -0.6893 -0.6469 4.9694, -0.7887 -0.6502 4.9694, -0.8875 -0.6403 4.9694, -0.9842 -0.6172 4.9694, -1.077 -0.5815 4.9694, -1.1641 -0.5337 4.9694, -1.2442 -0.4748 4.9694, -1.3156 -0.4057 4.9694, -1.3772 -0.3277 4.9694, -1.4278 -0.2422 4.9694, -1.4666 -0.1507 4.9694, -1.4929 -0.0548 4.9694, -1.5061 0.0437 4.9694, -1.5061 0.1431 4.9694, -1.4929 0.2416 4.9694, -1.4666 0.3374 4.9694, -1.4278 0.4289 4.9694, -1.3772 0.5145 4.9694, -1.3156 0.5925 4.9694, -1.2442 0.6615 4.9694, -1.1641 0.7205 4.9694, -1.077 0.7683 4.9694, -0.9842 0.804 4.9694, -0.8875 0.827 4.9694, -0.7887 0.837 4.9694, -0.6893 0.8337 4.9694, -0.5913 0.8171 4.9694, -0.4964 0.7877 4.9694, -0.4062 0.7458 4.9694, -0.3225 0.6924 4.9694, -0.2466 0.6282 4.9694, -0.1799 0.5545 4.9694, -0.1237 0.4725 4.9694, -0.0788 0.3838 4.9694, -0.0462 0.2899 4.9694, -0.0264 0.1926 4.9694, -0.0198 0.0934 4.9694, -0.0264 -0.0058 4.9694, -0.0381 0.191 4.9409, -0.0576 0.2868 4.9409, -0.0897 0.3792 4.9409, -0.1338 0.4665 4.9409, -0.1892 0.5472 4.9409, -0.2548 0.6197 4.9409, -0.3295 0.6829 4.9409, -0.4119 0.7355 4.9409, -0.5006 0.7767 4.9409, -0.5941 0.8056 4.9409, -0.6905 0.8219 4.9409, -0.7883 0.8252 4.9409, -0.8856 0.8154 4.9409, -0.9807 0.7927 4.9409, -1.072 0.7576 4.9409, -1.1578 0.7106 4.9409, -1.2365 0.6525 4.9409, -1.3068 0.5845 4.9409, -1.3675 0.5078 4.9409, -1.4173 0.4236 4.9409, -1.4555 0.3336 4.9409, -1.4813 0.2392 4.9409, -1.4944 0.1423 4.9409, -1.4944 0.0445 4.9409, -1.4813 -0.0525 4.9409, -1.4555 -0.1468 4.9409, -1.4173 -0.2368 4.9409, -1.3675 -0.321 4.9409, -1.3068 -0.3978 4.9409, -1.2365 -0.4658 4.9409, -1.1578 -0.5238 4.9409, -1.072 -0.5708 4.9409, -0.9807 -0.6059 4.9409, -0.8856 -0.6286 4.9409, -0.7883 -0.6384 4.9409, -0.6905 -0.6351 4.9409, -0.5941 -0.6189 4.9409, -0.5006 -0.5899 4.9409, -0.4119 -0.5487 4.9409, -0.3295 -0.4961 4.9409, -0.2548 -0.4329 4.9409, -0.1892 -0.3604 4.9409, -0.1338 -0.2798 4.9409, -0.0897 -0.1925 4.9409, -0.0576 -0.1001 4.9409, -0.0381 -0.0042 4.9409, -0.0316 0.0934 4.9409, -0.0567 0.1885 4.9165, -0.0757 0.2819 4.9165, -0.107 0.3719 4.9165, -0.15 0.457 4.9165, -0.2039 0.5355 4.9165, -0.2678 0.6062 4.9165, -0.3406 0.6678 4.9165, -0.4209 0.719 4.9165, -0.5074 0.7592 4.9165, -0.5984 0.7874 4.9165, -0.6924 0.8032 4.9165, -0.7876 0.8064 4.9165, -0.8825 0.7969 4.9165, -0.9752 0.7748 4.9165, -1.0641 0.7405 4.9165, -1.1477 0.6947 4.9165, -1.2244 0.6382 4.9165, -1.2929 0.5719 4.9165, -1.352 0.4972 4.9165, -1.4006 0.4152 4.9165, -1.4378 0.3274 4.9165, -1.4629 0.2355 4.9165, -1.4756 0.141 4.9165, -1.4756 0.0457 4.9165, -1.4629 -0.0487 4.9165, -1.4378 -0.1406 4.9165, -1.4006 -0.2284 4.9165, -1.352 -0.3104 4.9165, -1.2929 -0.3852 4.9165, -1.2244 -0.4514 4.9165, -1.1477 -0.508 4.9165, -1.0641 -0.5538 4.9165, -0.9752 -0.588 4.9165, -0.8825 -0.6101 4.9165, -0.7876 -0.6197 4.9165, -0.6924 -0.6165 4.9165, -0.5984 -0.6006 4.9165, -0.5074 -0.5724 4.9165, -0.4209 -0.5323 4.9165, -0.3406 -0.481 4.9165, -0.2678 -0.4194 4.9165, -0.2039 -0.3488 4.9165, -0.15 -0.2702 4.9165, -0.107 -0.1851 4.9165, -0.0757 -0.0951 4.9165, -0.0567 -0.0017 4.9165, -0.0504 0.0934 4.9165, -0.081 0.1852 4.8977, -0.0993 0.2754 4.8977, -0.1295 0.3624 4.8977, -0.171 0.4445 4.8977, -0.2231 0.5204 4.8977, -0.2848 0.5886 4.8977, -0.3551 0.6481 4.8977, -0.4327 0.6976 4.8977, -0.5162 0.7363 4.8977, -0.6041 0.7636 4.8977, -0.6948 0.7789 4.8977, -0.7868 0.782 4.8977, -0.8784 0.7728 4.8977, -0.9679 0.7514 4.8977, -1.0538 0.7184 4.8977, -1.1345 0.6741 4.8977, -1.2086 0.6195 4.8977, -1.2748 0.5555 4.8977, -1.3318 0.4833 4.8977, -1.3787 0.4041 4.8977, -1.4147 0.3194 4.8977, -1.439 0.2306 4.8977, -1.4512 0.1394 4.8977, -1.4512 0.0474 4.8977, -1.439 -0.0438 4.8977, -1.4147 -0.1326 4.8977, -1.3787 -0.2173 4.8977, -1.3318 -0.2965 4.8977, -1.2748 -0.3688 4.8977, -1.2086 -0.4328 4.8977, -1.1345 -0.4873 4.8977, -1.0538 -0.5316 4.8977, -0.9679 -0.5647 4.8977, -0.8784 -0.586 4.8977, -0.7868 -0.5952 4.8977, -0.6948 -0.5921 4.8977, -0.6041 -0.5768 4.8977, -0.5162 -0.5496 4.8977, -0.4327 -0.5108 4.8977, -0.3551 -0.4613 4.8977, -0.2848 -0.4019 4.8977, -0.2231 -0.3336 4.8977, -0.171 -0.2577 4.8977, -0.1295 -0.1756 4.8977, -0.0993 -0.0886 4.8977, -0.081 0.0016 4.8977, -0.0748 0.0934 4.8977, -0.1092 0.1814 4.8859, -0.1268 0.2679 4.8859, -0.1557 0.3512 4.8859, -0.1955 0.43 4.8859, -0.2454 0.5027 4.8859, -0.3046 0.5682 4.8859, -0.372 0.6251 4.8859, -0.4464 0.6726 4.8859, -0.5264 0.7097 4.8859, -0.6107 0.7359 4.8859, -0.6977 0.7506 4.8859, -0.7859 0.7535 4.8859, -0.8737 0.7447 4.8859, -0.9595 0.7242 4.8859, -1.0418 0.6925 4.8859, -1.1192 0.6501 4.8859, -1.1902 0.5978 4.8859, -1.2537 0.5364 4.8859, -1.3083 0.4672 4.8859, -1.3533 0.3913 4.8859, -1.3877 0.31 4.8859, -1.4111 0.2249 4.8859, -1.4228 0.1375 4.8859, -1.4228 0.0493 4.8859, -1.4111 -0.0382 4.8859, -1.3877 -0.1233 4.8859, -1.3533 -0.2045 4.8859, -1.3083 -0.2804 4.8859, -1.2537 -0.3497 4.8859, -1.1902 -0.411 4.8859, -1.1192 -0.4633 4.8859, -1.0418 -0.5057 4.8859, -0.9595 -0.5375 4.8859, -0.8737 -0.5579 4.8859, -0.7859 -0.5667 4.8859, -0.6977 -0.5638 4.8859, -0.6107 -0.5491 4.8859, -0.5264 -0.523 4.8859, -0.4464 -0.4858 4.8859, -0.372 -0.4384 4.8859, -0.3046 -0.3814 4.8859, -0.2454 -0.316 4.8859, -0.1955 -0.2432 4.8859, -0.1557 -0.1645 4.8859, -0.1268 -0.0811 4.8859, -0.1092 0.0054 4.8859, -0.1033 0.0934 4.8859, -0.1395 0.1773 4.8819, -0.1563 0.2598 4.8819, -0.1839 0.3393 4.8819, -0.2218 0.4144 4.8819, -0.2694 0.4838 4.8819, -0.3259 0.5462 4.8819, -0.3901 0.6005 4.8819, -0.4611 0.6458 4.8819, -0.5374 0.6812 4.8819, -0.6178 0.7061 4.8819, -0.7007 0.7201 4.8819, -0.7848 0.723 4.8819, -0.8686 0.7145 4.8819, -0.9504 0.695 4.8819, -1.029 0.6648 4.8819, -1.1027 0.6243 4.8819, -1.1705 0.5744 4.8819, -1.231 0.5159 4.8819, -1.2831 0.4499 4.8819, -1.326 0.3775 4.8819, -1.3589 0.3 4.8819, -1.3811 0.2189 4.8819, -1.3923 0.1355 4.8819, -1.3923 0.0513 4.8819, -1.3811 -0.0321 4.8819, -1.3589 -0.1132 4.8819, -1.326 -0.1907 4.8819, -1.2831 -0.2631 4.8819, -1.231 -0.3292 4.8819, -1.1705 -0.3877 4.8819, -1.1027 -0.4376 4.8819, -1.029 -0.478 4.8819, -0.9504 -0.5083 4.8819, -0.8686 -0.5278 4.8819, -0.7848 -0.5362 4.8819, -0.7007 -0.5334 4.8819, -0.6178 -0.5194 4.8819, -0.5374 -0.4944 4.8819, -0.4611 -0.459 4.8819, -0.3901 -0.4137 4.8819, -0.3259 -0.3594 4.8819, -0.2694 -0.297 4.8819, -0.2218 -0.2276 4.8819, -0.1839 -0.1525 4.8819, -0.1563 -0.073 4.8819, -0.1395 0.0094 4.8819, -0.1339 0.0934 4.8819, -1.1441 -0.0085 4.8819, -1.1575 0.0934 4.8819, -1.1441 0.1953 4.8819, -1.1048 -0.1035 4.8819, -1.0422 0.3718 4.8819, -1.1048 0.2902 4.8819, -1.0422 -0.185 4.8819, -0.9606 -0.2476 4.8819, -0.3835 -0.0085 4.8819, -0.3701 0.0934 4.8819, -0.8657 -0.2869 4.8819, -0.7638 -0.3003 4.8819, -0.5669 -0.2476 4.8819, -0.4854 -0.185 4.8819, -0.4228 -0.1035 4.8819, -0.6619 -0.2869 4.8819, -0.3835 0.1953 4.8819, -0.4228 0.2902 4.8819, -0.4854 0.3718 4.8819, -0.5669 0.4343 4.8819, -0.6619 0.4737 4.8819, -0.7638 0.4871 4.8819, -0.9606 0.4343 4.8819, -0.8657 0.4737 4.8819, -0.3835 0.1953 3.189, -0.4228 0.2902 3.189, -0.4854 0.3718 3.189, -0.5669 0.4343 3.189, -0.6619 0.4737 3.189, -0.7638 0.4871 3.189, -0.8657 0.4737 3.189, -0.9606 0.4343 3.189, -1.0422 0.3718 3.189, -1.1048 0.2902 3.189, -1.1441 0.1953 3.189, -1.1575 0.0934 3.189, -1.1441 -0.0085 3.189, -1.1048 -0.1035 3.189, -1.0422 -0.185 3.189, -0.9606 -0.2476 3.189, -0.8657 -0.2869 3.189, -0.7638 -0.3003 3.189, -0.6619 -0.2869 3.189, -0.5669 -0.2476 3.189, -0.4854 -0.185 3.189, -0.4228 -0.1035 3.189, -0.3835 -0.0085 3.189, -0.3701 0.0934 3.189, -1.4725 1.0539 3.1014, -0.0551 1.0539 3.1014, -1.4725 1.0421 3.1299, -0.0551 1.0421 3.1299, -1.4725 1.0234 3.1544, -0.0551 1.0234 3.1544, -1.4725 0.9989 3.1732, -0.0551 0.9989 3.1732, -1.4725 0.9704 3.185, -0.0551 0.9704 3.185, -1.4725 0.9398 3.189, -0.0551 0.9398 3.189, -0.0551 -0.7531 3.189, -1.4725 -0.7531 3.189, -1.4725 -0.7836 3.185, -0.0551 -0.7836 3.185, -1.4725 -0.8121 3.1732, -0.0551 -0.8121 3.1732, -1.4725 -0.8366 3.1544, -0.0551 -0.8366 3.1544, -1.4725 -0.8554 3.1299, -0.0551 -0.8554 3.1299, -1.4725 -0.8672 3.1014, -0.0551 -0.8672 3.1014, -1.4725 -0.8672 0.7175, -0.0551 -0.8672 0.7175, -1.4725 -0.8554 0.689, -0.0551 -0.8554 0.689, -1.4725 -0.8366 0.6645, -0.0551 -0.8366 0.6645, -1.4725 -0.8121 0.6457, -0.0551 -0.8121 0.6457, -1.4725 -0.7836 0.6339, -0.0551 -0.7836 0.6339, -1.4725 -0.7531 0.6299, -0.0551 -0.7531 0.6299, -0.0551 0.9398 0.6299, -1.4725 0.9398 0.6299, -1.4725 0.9704 0.6339, -0.0551 0.9704 0.6339, -1.4725 0.9989 0.6457, -0.0551 0.9989 0.6457, -1.4725 1.0234 0.6645, -0.0551 1.0234 0.6645, -1.4725 1.0421 0.689, -0.0551 1.0421 0.689, -1.4725 1.0539 0.7175, -0.0551 1.0539 0.7175
            ]
        }
        coordIndex [
            0,1,2,-1,2,1,3,-1,2,3,4,-1,4,3,5,-1,4,5,6,-1,6,5,7,-1,6,7,0,-1,0,7,1,-1,8,9,10,-1,10,9,11,-1,10,11,12,-1,12,11,13,-1,12,13,14,-1,14,13,15,-1,14,15,8,-1,8,15,9,-1,16,17,18,-1,19,20,21,-1,22,23,18,-1,18,23,24,-1,18,24,25,-1,20,26,21,-1,21,26,27,-1,21,27,28,-1,25,29,18,-1,18,29,30,-1,18,30,16,-1,31,32,33,-1,33,32,34,-1,34,32,21,-1,21,32,35,-1,21,35,19,-1,17,36,18,-1,18,36,21,-1,18,21,37,-1,37,21,28,-1,38,39,40,-1,41,42,43,-1,44,45,46,-1,47,48,49,-1,50,51,52,-1,53,54,55,-1,56,57,58,-1,59,60,61,-1,62,63,64,-1,65,66,67,-1,68,69,70,-1,22,18,71,-1,71,18,72,-1,73,74,72,-1,72,74,75,-1,72,75,71,-1,76,77,78,-1,78,77,79,-1,78,79,73,-1,73,79,80,-1,73,80,74,-1,76,78,81,-1,81,78,82,-1,81,82,83,-1,83,82,84,-1,84,82,85,-1,84,85,86,-1,87,88,89,-1,89,90,87,-1,87,90,91,-1,87,91,85,-1,85,91,92,-1,85,92,86,-1,88,87,93,-1,93,87,94,-1,93,94,95,-1,96,97,70,-1,70,97,98,-1,70,98,68,-1,68,98,99,-1,68,99,100,-1,96,70,101,-1,101,70,102,-1,101,102,103,-1,104,105,102,-1,102,105,106,-1,102,106,103,-1,107,108,109,-1,109,108,110,-1,109,110,104,-1,104,110,111,-1,104,111,105,-1,67,66,109,-1,109,66,112,-1,109,112,107,-1,65,67,113,-1,113,67,114,-1,113,114,115,-1,24,23,114,-1,114,23,116,-1,114,116,115,-1,18,37,72,-1,72,37,117,-1,72,117,73,-1,73,117,118,-1,73,118,78,-1,78,118,119,-1,78,119,82,-1,82,119,120,-1,82,120,85,-1,85,120,121,-1,85,121,87,-1,87,121,64,-1,27,26,122,-1,122,26,123,-1,122,123,124,-1,124,123,125,-1,124,125,126,-1,126,125,127,-1,126,127,128,-1,128,127,129,-1,128,129,130,-1,130,129,131,-1,130,131,132,-1,132,131,61,-1,36,17,133,-1,133,17,134,-1,133,134,135,-1,135,134,136,-1,135,136,137,-1,137,136,138,-1,137,138,139,-1,139,138,140,-1,139,140,141,-1,141,140,142,-1,141,142,143,-1,143,142,43,-1,30,29,144,-1,144,29,145,-1,144,145,146,-1,146,145,147,-1,146,147,148,-1,148,147,149,-1,148,149,150,-1,150,149,151,-1,150,151,152,-1,152,151,153,-1,152,153,154,-1,154,153,40,-1,64,63,87,-1,87,63,155,-1,87,155,94,-1,156,62,157,-1,157,62,64,-1,157,64,158,-1,158,64,121,-1,158,121,159,-1,159,121,120,-1,159,120,160,-1,160,120,119,-1,160,119,161,-1,161,119,118,-1,161,118,162,-1,162,118,117,-1,162,117,28,-1,28,117,37,-1,28,27,162,-1,162,27,122,-1,162,122,161,-1,161,122,124,-1,161,124,160,-1,160,124,126,-1,160,126,159,-1,159,126,128,-1,159,128,158,-1,158,128,130,-1,158,130,157,-1,157,130,132,-1,157,132,156,-1,156,132,163,-1,61,60,132,-1,132,60,164,-1,132,164,163,-1,165,59,166,-1,166,59,61,-1,166,61,167,-1,167,61,131,-1,167,131,168,-1,168,131,129,-1,168,129,169,-1,169,129,127,-1,169,127,170,-1,170,127,125,-1,170,125,171,-1,171,125,123,-1,171,123,20,-1,20,123,26,-1,20,19,171,-1,171,19,172,-1,171,172,170,-1,170,172,173,-1,170,173,169,-1,169,173,174,-1,169,174,168,-1,168,174,175,-1,168,175,167,-1,167,175,176,-1,167,176,166,-1,166,176,58,-1,166,58,165,-1,165,58,57,-1,54,56,55,-1,55,56,58,-1,55,58,177,-1,177,58,176,-1,177,176,178,-1,178,176,175,-1,178,175,179,-1,179,175,174,-1,179,174,180,-1,180,174,173,-1,180,173,181,-1,181,173,172,-1,181,172,35,-1,35,172,19,-1,182,53,183,-1,183,53,55,-1,183,55,184,-1,184,55,177,-1,184,177,185,-1,185,177,178,-1,185,178,186,-1,186,178,179,-1,186,179,187,-1,187,179,180,-1,187,180,188,-1,188,180,181,-1,188,181,32,-1,32,181,35,-1,32,31,188,-1,188,31,189,-1,188,189,187,-1,187,189,190,-1,187,190,186,-1,186,190,191,-1,186,191,185,-1,185,191,192,-1,185,192,184,-1,184,192,193,-1,184,193,183,-1,183,193,52,-1,183,52,182,-1,182,52,51,-1,48,50,49,-1,49,50,52,-1,49,52,194,-1,194,52,193,-1,194,193,195,-1,195,193,192,-1,195,192,196,-1,196,192,191,-1,196,191,197,-1,197,191,190,-1,197,190,198,-1,198,190,189,-1,198,189,33,-1,33,189,31,-1,199,47,200,-1,200,47,49,-1,200,49,201,-1,201,49,194,-1,201,194,202,-1,202,194,195,-1,202,195,203,-1,203,195,196,-1,203,196,204,-1,204,196,197,-1,204,197,205,-1,205,197,198,-1,205,198,34,-1,34,198,33,-1,34,21,205,-1,205,21,206,-1,205,206,204,-1,204,206,207,-1,204,207,203,-1,203,207,208,-1,203,208,202,-1,202,208,209,-1,202,209,201,-1,201,209,210,-1,201,210,200,-1,200,210,46,-1,200,46,199,-1,199,46,45,-1,211,44,143,-1,143,44,46,-1,143,46,141,-1,141,46,210,-1,141,210,139,-1,139,210,209,-1,139,209,137,-1,137,209,208,-1,137,208,135,-1,135,208,207,-1,135,207,133,-1,133,207,206,-1,133,206,36,-1,36,206,21,-1,43,42,143,-1,143,42,212,-1,143,212,211,-1,213,41,214,-1,214,41,43,-1,214,43,215,-1,215,43,142,-1,215,142,216,-1,216,142,140,-1,216,140,217,-1,217,140,138,-1,217,138,218,-1,218,138,136,-1,218,136,219,-1,219,136,134,-1,219,134,16,-1,16,134,17,-1,16,30,219,-1,219,30,144,-1,219,144,218,-1,218,144,146,-1,218,146,217,-1,217,146,148,-1,217,148,216,-1,216,148,150,-1,216,150,215,-1,215,150,152,-1,215,152,214,-1,214,152,154,-1,214,154,213,-1,213,154,220,-1,40,39,154,-1,154,39,221,-1,154,221,220,-1,222,38,223,-1,223,38,40,-1,223,40,224,-1,224,40,153,-1,224,153,225,-1,225,153,151,-1,225,151,226,-1,226,151,149,-1,226,149,227,-1,227,149,147,-1,227,147,228,-1,228,147,145,-1,228,145,25,-1,25,145,29,-1,25,24,228,-1,228,24,114,-1,228,114,227,-1,227,114,67,-1,227,67,226,-1,226,67,109,-1,226,109,225,-1,225,109,104,-1,225,104,224,-1,224,104,102,-1,224,102,223,-1,223,102,70,-1,223,70,222,-1,222,70,69,-1,229,230,231,-1,231,230,232,-1,232,233,231,-1,231,233,234,-1,231,234,235,-1,236,237,238,-1,238,237,239,-1,238,239,240,-1,241,242,243,-1,236,244,237,-1,237,244,245,-1,237,245,246,-1,235,247,231,-1,231,247,237,-1,231,237,248,-1,248,237,246,-1,240,249,238,-1,238,249,241,-1,238,241,250,-1,250,241,243,-1,251,252,253,-1,254,255,256,-1,257,258,259,-1,260,261,262,-1,263,264,265,-1,266,267,268,-1,269,270,271,-1,272,273,274,-1,275,276,277,-1,278,279,280,-1,281,282,283,-1,284,285,286,-1,286,285,287,-1,286,287,288,-1,288,287,289,-1,288,289,290,-1,284,286,291,-1,291,286,292,-1,291,292,293,-1,293,292,294,-1,294,292,295,-1,294,295,296,-1,297,298,295,-1,295,298,299,-1,295,299,296,-1,300,301,297,-1,297,301,302,-1,302,303,297,-1,297,303,304,-1,297,304,298,-1,305,306,307,-1,307,306,308,-1,307,308,300,-1,300,308,309,-1,300,309,301,-1,232,230,307,-1,307,230,310,-1,307,310,305,-1,229,231,311,-1,311,231,312,-1,311,312,313,-1,313,312,314,-1,314,312,315,-1,314,315,316,-1,317,318,319,-1,319,318,320,-1,319,320,315,-1,315,320,321,-1,315,321,316,-1,317,319,322,-1,322,319,323,-1,322,323,324,-1,325,326,323,-1,323,326,327,-1,323,327,324,-1,328,329,330,-1,330,329,331,-1,330,331,325,-1,325,331,332,-1,325,332,326,-1,330,333,334,-1,328,330,335,-1,335,330,334,-1,335,334,336,-1,243,242,337,-1,337,242,338,-1,337,338,339,-1,339,338,340,-1,339,340,341,-1,341,340,342,-1,341,342,343,-1,343,342,344,-1,343,344,345,-1,345,344,346,-1,345,346,347,-1,347,346,268,-1,249,240,348,-1,348,240,349,-1,348,349,350,-1,350,349,351,-1,350,351,352,-1,352,351,353,-1,352,353,354,-1,354,353,355,-1,354,355,356,-1,356,355,357,-1,356,357,358,-1,358,357,265,-1,231,248,312,-1,312,248,359,-1,312,359,315,-1,315,359,360,-1,315,360,319,-1,319,360,361,-1,319,361,323,-1,323,361,362,-1,323,362,325,-1,325,362,363,-1,325,363,330,-1,330,363,283,-1,330,283,333,-1,333,283,282,-1,279,281,280,-1,280,281,283,-1,280,283,364,-1,364,283,363,-1,364,363,365,-1,365,363,362,-1,365,362,366,-1,366,362,361,-1,366,361,367,-1,367,361,360,-1,367,360,368,-1,368,360,359,-1,368,359,246,-1,246,359,248,-1,369,278,370,-1,370,278,280,-1,370,280,371,-1,371,280,364,-1,371,364,372,-1,372,364,365,-1,372,365,373,-1,373,365,366,-1,373,366,374,-1,374,366,367,-1,374,367,375,-1,375,367,368,-1,375,368,245,-1,245,368,246,-1,245,244,375,-1,375,244,376,-1,375,376,374,-1,374,376,377,-1,374,377,373,-1,373,377,378,-1,373,378,372,-1,372,378,379,-1,372,379,371,-1,371,379,380,-1,371,380,370,-1,370,380,277,-1,370,277,369,-1,369,277,276,-1,273,275,274,-1,274,275,277,-1,274,277,381,-1,381,277,380,-1,381,380,382,-1,382,380,379,-1,382,379,383,-1,383,379,378,-1,383,378,384,-1,384,378,377,-1,384,377,385,-1,385,377,376,-1,385,376,236,-1,236,376,244,-1,270,272,271,-1,271,272,274,-1,271,274,386,-1,386,274,381,-1,386,381,387,-1,387,381,382,-1,387,382,388,-1,388,382,383,-1,388,383,389,-1,389,383,384,-1,389,384,390,-1,390,384,385,-1,390,385,238,-1,238,385,236,-1,391,269,392,-1,392,269,271,-1,392,271,393,-1,393,271,386,-1,393,386,394,-1,394,386,387,-1,394,387,395,-1,395,387,388,-1,395,388,396,-1,396,388,389,-1,396,389,397,-1,397,389,390,-1,397,390,250,-1,250,390,238,-1,250,243,397,-1,397,243,337,-1,397,337,396,-1,396,337,339,-1,396,339,395,-1,395,339,341,-1,395,341,394,-1,394,341,343,-1,394,343,393,-1,393,343,345,-1,393,345,392,-1,392,345,347,-1,392,347,391,-1,391,347,398,-1,268,267,347,-1,347,267,399,-1,347,399,398,-1,400,266,401,-1,401,266,268,-1,401,268,402,-1,402,268,346,-1,402,346,403,-1,403,346,344,-1,403,344,404,-1,404,344,342,-1,404,342,405,-1,405,342,340,-1,405,340,406,-1,406,340,338,-1,406,338,241,-1,241,338,242,-1,241,249,406,-1,406,249,348,-1,406,348,405,-1,405,348,350,-1,405,350,404,-1,404,350,352,-1,404,352,403,-1,403,352,354,-1,403,354,402,-1,402,354,356,-1,402,356,401,-1,401,356,358,-1,401,358,400,-1,400,358,407,-1,265,264,358,-1,358,264,408,-1,358,408,407,-1,409,263,410,-1,410,263,265,-1,410,265,411,-1,411,265,357,-1,411,357,412,-1,412,357,355,-1,412,355,413,-1,413,355,353,-1,413,353,414,-1,414,353,351,-1,414,351,415,-1,415,351,349,-1,415,349,239,-1,239,349,240,-1,239,237,415,-1,415,237,416,-1,415,416,414,-1,414,416,417,-1,414,417,413,-1,413,417,418,-1,413,418,412,-1,412,418,419,-1,412,419,411,-1,411,419,420,-1,411,420,410,-1,410,420,262,-1,410,262,409,-1,409,262,261,-1,258,260,259,-1,259,260,262,-1,259,262,421,-1,421,262,420,-1,421,420,422,-1,422,420,419,-1,422,419,423,-1,423,419,418,-1,423,418,424,-1,424,418,417,-1,424,417,425,-1,425,417,416,-1,425,416,247,-1,247,416,237,-1,426,257,427,-1,427,257,259,-1,427,259,428,-1,428,259,421,-1,428,421,429,-1,429,421,422,-1,429,422,430,-1,430,422,423,-1,430,423,431,-1,431,423,424,-1,431,424,432,-1,432,424,425,-1,432,425,235,-1,235,425,247,-1,235,234,432,-1,432,234,433,-1,432,433,431,-1,431,433,434,-1,431,434,430,-1,430,434,435,-1,430,435,429,-1,429,435,436,-1,429,436,428,-1,428,436,437,-1,428,437,427,-1,427,437,256,-1,427,256,426,-1,426,256,255,-1,252,254,253,-1,253,254,256,-1,253,256,438,-1,438,256,437,-1,438,437,439,-1,439,437,436,-1,439,436,440,-1,440,436,435,-1,440,435,441,-1,441,435,434,-1,441,434,442,-1,442,434,433,-1,442,433,233,-1,233,433,234,-1,288,251,286,-1,286,251,253,-1,286,253,292,-1,292,253,438,-1,292,438,295,-1,295,438,439,-1,295,439,297,-1,297,439,440,-1,297,440,300,-1,300,440,441,-1,300,441,307,-1,307,441,442,-1,307,442,232,-1,232,442,233,-1,443,336,334,-1,95,444,445,-1,445,444,446,-1,445,446,447,-1,446,448,447,-1,447,448,449,-1,447,449,450,-1,449,451,450,-1,450,451,452,-1,450,452,453,-1,454,455,456,-1,456,455,453,-1,456,453,457,-1,457,453,452,-1,458,459,460,-1,460,459,461,-1,460,461,462,-1,461,463,462,-1,462,463,464,-1,462,464,465,-1,465,464,466,-1,465,466,100,-1,95,94,444,-1,444,94,155,-1,444,155,467,-1,467,155,63,-1,467,63,468,-1,468,63,62,-1,468,62,469,-1,469,62,156,-1,469,156,470,-1,470,156,163,-1,470,163,471,-1,471,163,164,-1,471,164,472,-1,472,164,60,-1,472,60,473,-1,473,60,59,-1,473,59,474,-1,474,59,165,-1,474,165,475,-1,475,165,57,-1,475,57,476,-1,476,57,56,-1,476,56,477,-1,477,56,54,-1,477,54,478,-1,478,54,53,-1,478,53,479,-1,479,53,182,-1,479,182,480,-1,480,182,51,-1,480,51,481,-1,481,51,50,-1,481,50,482,-1,482,50,48,-1,482,48,483,-1,483,48,47,-1,483,47,484,-1,484,47,199,-1,484,199,485,-1,485,199,45,-1,485,45,486,-1,486,45,44,-1,486,44,487,-1,487,44,211,-1,487,211,488,-1,488,211,212,-1,488,212,489,-1,489,212,42,-1,489,42,490,-1,490,42,41,-1,490,41,491,-1,491,41,213,-1,491,213,492,-1,492,213,220,-1,492,220,493,-1,493,220,221,-1,493,221,494,-1,494,221,39,-1,494,39,495,-1,495,39,38,-1,495,38,496,-1,496,38,222,-1,496,222,497,-1,497,222,69,-1,497,69,466,-1,466,69,68,-1,466,68,100,-1,498,282,499,-1,499,282,281,-1,499,281,500,-1,458,460,501,-1,501,460,443,-1,501,443,502,-1,502,443,334,-1,502,334,498,-1,498,334,333,-1,498,333,282,-1,500,281,503,-1,503,281,279,-1,503,279,504,-1,504,279,278,-1,504,278,505,-1,278,369,505,-1,505,369,276,-1,505,276,506,-1,506,276,275,-1,506,275,507,-1,507,275,273,-1,507,273,508,-1,509,398,510,-1,510,398,399,-1,510,399,511,-1,508,273,512,-1,512,273,272,-1,512,272,513,-1,513,272,270,-1,513,270,514,-1,514,270,269,-1,514,269,509,-1,509,269,391,-1,509,391,398,-1,515,407,516,-1,516,407,408,-1,516,408,517,-1,511,399,518,-1,518,399,267,-1,518,267,519,-1,519,267,266,-1,519,266,515,-1,515,266,400,-1,515,400,407,-1,517,408,520,-1,520,408,264,-1,520,264,521,-1,521,264,263,-1,521,263,522,-1,523,524,257,-1,257,524,525,-1,257,525,258,-1,258,525,526,-1,258,526,260,-1,260,526,527,-1,260,527,261,-1,261,527,522,-1,261,522,409,-1,409,522,263,-1,290,455,288,-1,288,455,454,-1,288,454,251,-1,251,454,528,-1,251,528,252,-1,252,528,529,-1,252,529,254,-1,254,529,530,-1,254,530,255,-1,255,530,523,-1,255,523,426,-1,426,523,257,-1,444,531,532,-1,444,467,531,-1,531,467,468,-1,531,468,533,-1,533,468,469,-1,533,469,534,-1,534,469,470,-1,534,470,535,-1,535,470,471,-1,471,472,535,-1,535,472,473,-1,535,473,536,-1,536,473,474,-1,536,474,537,-1,537,474,475,-1,537,475,538,-1,538,475,476,-1,476,477,538,-1,538,477,478,-1,538,478,539,-1,478,479,539,-1,539,479,480,-1,539,480,540,-1,540,480,481,-1,540,481,541,-1,541,481,482,-1,541,482,542,-1,542,482,483,-1,483,484,542,-1,542,484,485,-1,542,485,543,-1,543,485,486,-1,543,486,544,-1,544,486,487,-1,544,487,545,-1,545,487,488,-1,488,489,545,-1,545,489,490,-1,545,490,546,-1,546,490,491,-1,546,491,547,-1,547,491,492,-1,547,492,548,-1,548,492,493,-1,493,494,548,-1,548,494,495,-1,548,495,549,-1,495,496,549,-1,549,496,497,-1,549,497,550,-1,550,497,466,-1,550,466,551,-1,551,466,464,-1,551,464,552,-1,552,464,463,-1,463,461,552,-1,552,461,459,-1,552,459,553,-1,553,459,458,-1,553,458,554,-1,554,458,501,-1,554,501,555,-1,555,501,502,-1,502,498,555,-1,555,498,499,-1,555,499,556,-1,556,499,500,-1,556,500,557,-1,500,503,557,-1,557,503,504,-1,557,504,558,-1,504,505,558,-1,558,505,506,-1,558,506,559,-1,506,507,559,-1,559,507,508,-1,559,508,560,-1,560,508,512,-1,560,512,561,-1,561,512,513,-1,561,513,562,-1,562,513,514,-1,514,509,562,-1,562,509,510,-1,562,510,563,-1,563,510,511,-1,563,511,564,-1,564,511,518,-1,564,518,565,-1,565,518,519,-1,519,515,565,-1,565,515,516,-1,565,516,566,-1,566,516,517,-1,566,517,567,-1,517,520,567,-1,567,520,521,-1,567,521,568,-1,521,522,568,-1,568,522,527,-1,568,527,569,-1,527,526,569,-1,569,526,525,-1,569,525,570,-1,570,525,524,-1,570,524,571,-1,571,524,523,-1,571,523,572,-1,572,523,530,-1,530,529,572,-1,572,529,528,-1,572,528,573,-1,573,528,454,-1,573,454,574,-1,574,454,456,-1,574,456,575,-1,575,456,457,-1,457,452,575,-1,575,452,451,-1,575,451,576,-1,576,451,449,-1,576,449,577,-1,577,449,448,-1,577,448,532,-1,532,448,446,-1,532,446,444,-1,576,578,575,-1,575,578,579,-1,575,579,574,-1,574,579,580,-1,574,580,573,-1,573,580,581,-1,573,581,572,-1,572,581,582,-1,572,582,571,-1,571,582,583,-1,571,583,570,-1,570,583,584,-1,570,584,569,-1,569,584,585,-1,569,585,568,-1,568,585,586,-1,568,586,567,-1,567,586,587,-1,567,587,566,-1,566,587,588,-1,566,588,565,-1,565,588,589,-1,565,589,564,-1,564,589,590,-1,564,590,563,-1,563,590,591,-1,563,591,562,-1,562,591,592,-1,562,592,561,-1,561,592,593,-1,561,593,560,-1,560,593,594,-1,560,594,559,-1,559,594,595,-1,559,595,558,-1,558,595,596,-1,558,596,557,-1,557,596,597,-1,557,597,556,-1,556,597,598,-1,556,598,555,-1,555,598,599,-1,555,599,554,-1,554,599,600,-1,554,600,553,-1,553,600,601,-1,553,601,552,-1,552,601,602,-1,552,602,551,-1,551,602,603,-1,551,603,550,-1,550,603,604,-1,550,604,549,-1,549,604,605,-1,549,605,548,-1,548,605,606,-1,548,606,547,-1,547,606,607,-1,547,607,546,-1,546,607,608,-1,546,608,545,-1,545,608,609,-1,545,609,544,-1,544,609,610,-1,544,610,543,-1,543,610,611,-1,543,611,542,-1,542,611,612,-1,542,612,541,-1,541,612,613,-1,541,613,540,-1,540,613,614,-1,540,614,539,-1,539,614,615,-1,539,615,538,-1,538,615,616,-1,538,616,537,-1,537,616,617,-1,537,617,536,-1,536,617,618,-1,536,618,535,-1,535,618,619,-1,535,619,534,-1,534,619,620,-1,534,620,533,-1,533,620,621,-1,533,621,531,-1,531,621,622,-1,531,622,532,-1,532,622,623,-1,532,623,577,-1,577,623,624,-1,577,624,576,-1,576,624,578,-1,624,625,578,-1,578,625,626,-1,578,626,579,-1,579,626,627,-1,579,627,580,-1,580,627,628,-1,580,628,581,-1,581,628,629,-1,581,629,582,-1,582,629,630,-1,582,630,583,-1,583,630,631,-1,583,631,584,-1,584,631,632,-1,584,632,585,-1,585,632,633,-1,585,633,586,-1,586,633,634,-1,586,634,587,-1,587,634,635,-1,587,635,588,-1,588,635,636,-1,588,636,589,-1,589,636,637,-1,589,637,590,-1,590,637,638,-1,590,638,591,-1,591,638,639,-1,591,639,592,-1,592,639,640,-1,592,640,593,-1,593,640,641,-1,593,641,594,-1,594,641,642,-1,594,642,595,-1,595,642,643,-1,595,643,596,-1,596,643,644,-1,596,644,597,-1,597,644,645,-1,597,645,598,-1,598,645,646,-1,598,646,599,-1,599,646,647,-1,599,647,600,-1,600,647,648,-1,600,648,601,-1,601,648,649,-1,601,649,602,-1,602,649,650,-1,602,650,603,-1,603,650,651,-1,603,651,604,-1,604,651,652,-1,604,652,605,-1,605,652,653,-1,605,653,606,-1,606,653,654,-1,606,654,607,-1,607,654,655,-1,607,655,608,-1,608,655,656,-1,608,656,609,-1,609,656,657,-1,609,657,610,-1,610,657,658,-1,610,658,611,-1,611,658,659,-1,611,659,612,-1,612,659,660,-1,612,660,613,-1,613,660,661,-1,613,661,614,-1,614,661,662,-1,614,662,615,-1,615,662,663,-1,615,663,616,-1,616,663,664,-1,616,664,617,-1,617,664,665,-1,617,665,618,-1,618,665,666,-1,618,666,619,-1,619,666,667,-1,619,667,620,-1,620,667,668,-1,620,668,621,-1,621,668,669,-1,621,669,622,-1,622,669,670,-1,622,670,623,-1,623,670,671,-1,623,671,624,-1,624,671,625,-1,671,672,625,-1,625,672,673,-1,625,673,626,-1,626,673,674,-1,626,674,627,-1,627,674,675,-1,627,675,628,-1,628,675,676,-1,628,676,629,-1,629,676,677,-1,629,677,630,-1,630,677,678,-1,630,678,631,-1,631,678,679,-1,631,679,632,-1,632,679,680,-1,632,680,633,-1,633,680,681,-1,633,681,634,-1,634,681,682,-1,634,682,635,-1,635,682,683,-1,635,683,636,-1,636,683,684,-1,636,684,637,-1,637,684,685,-1,637,685,638,-1,638,685,686,-1,638,686,639,-1,639,686,687,-1,639,687,640,-1,640,687,688,-1,640,688,641,-1,641,688,689,-1,641,689,642,-1,642,689,690,-1,642,690,643,-1,643,690,691,-1,643,691,644,-1,644,691,692,-1,644,692,645,-1,645,692,693,-1,645,693,646,-1,646,693,694,-1,646,694,647,-1,647,694,695,-1,647,695,648,-1,648,695,696,-1,648,696,649,-1,649,696,697,-1,649,697,650,-1,650,697,698,-1,650,698,651,-1,651,698,699,-1,651,699,652,-1,652,699,700,-1,652,700,653,-1,653,700,701,-1,653,701,654,-1,654,701,702,-1,654,702,655,-1,655,702,703,-1,655,703,656,-1,656,703,704,-1,656,704,657,-1,657,704,705,-1,657,705,658,-1,658,705,706,-1,658,706,659,-1,659,706,707,-1,659,707,660,-1,660,707,708,-1,660,708,661,-1,661,708,709,-1,661,709,662,-1,662,709,710,-1,662,710,663,-1,663,710,711,-1,663,711,664,-1,664,711,712,-1,664,712,665,-1,665,712,713,-1,665,713,666,-1,666,713,714,-1,666,714,667,-1,667,714,715,-1,667,715,668,-1,668,715,716,-1,668,716,669,-1,669,716,717,-1,669,717,670,-1,670,717,718,-1,670,718,671,-1,671,718,672,-1,718,719,672,-1,672,719,720,-1,672,720,673,-1,673,720,721,-1,673,721,674,-1,674,721,722,-1,674,722,675,-1,675,722,723,-1,675,723,676,-1,676,723,724,-1,676,724,677,-1,677,724,725,-1,677,725,678,-1,678,725,726,-1,678,726,679,-1,679,726,727,-1,679,727,680,-1,680,727,728,-1,680,728,681,-1,681,728,729,-1,681,729,682,-1,682,729,730,-1,682,730,683,-1,683,730,731,-1,683,731,684,-1,684,731,732,-1,684,732,685,-1,685,732,733,-1,685,733,686,-1,686,733,734,-1,686,734,687,-1,687,734,735,-1,687,735,688,-1,688,735,736,-1,688,736,689,-1,689,736,737,-1,689,737,690,-1,690,737,738,-1,690,738,691,-1,691,738,739,-1,691,739,692,-1,692,739,740,-1,692,740,693,-1,693,740,741,-1,693,741,694,-1,694,741,742,-1,694,742,695,-1,695,742,743,-1,695,743,696,-1,696,743,744,-1,696,744,697,-1,697,744,745,-1,697,745,698,-1,698,745,746,-1,698,746,699,-1,699,746,747,-1,699,747,700,-1,700,747,748,-1,700,748,701,-1,701,748,749,-1,701,749,702,-1,702,749,750,-1,702,750,703,-1,703,750,751,-1,703,751,704,-1,704,751,752,-1,704,752,705,-1,705,752,753,-1,705,753,706,-1,706,753,754,-1,706,754,707,-1,707,754,755,-1,707,755,708,-1,708,755,756,-1,708,756,709,-1,709,756,757,-1,709,757,710,-1,710,757,758,-1,710,758,711,-1,711,758,759,-1,711,759,712,-1,712,759,760,-1,712,760,713,-1,713,760,761,-1,713,761,714,-1,714,761,762,-1,714,762,715,-1,715,762,763,-1,715,763,716,-1,716,763,764,-1,716,764,717,-1,717,764,765,-1,717,765,718,-1,718,765,719,-1,765,766,719,-1,719,766,767,-1,719,767,720,-1,720,767,768,-1,720,768,721,-1,721,768,769,-1,721,769,722,-1,722,769,770,-1,722,770,723,-1,723,770,771,-1,723,771,724,-1,724,771,772,-1,724,772,725,-1,725,772,773,-1,725,773,726,-1,726,773,774,-1,726,774,727,-1,727,774,775,-1,727,775,728,-1,728,775,776,-1,728,776,729,-1,729,776,777,-1,729,777,730,-1,730,777,778,-1,730,778,731,-1,731,778,779,-1,731,779,732,-1,732,779,780,-1,732,780,733,-1,733,780,781,-1,733,781,734,-1,734,781,782,-1,734,782,735,-1,735,782,783,-1,735,783,736,-1,736,783,784,-1,736,784,737,-1,737,784,785,-1,737,785,738,-1,738,785,786,-1,738,786,739,-1,739,786,787,-1,739,787,740,-1,740,787,788,-1,740,788,741,-1,741,788,789,-1,741,789,742,-1,742,789,790,-1,742,790,743,-1,743,790,791,-1,743,791,744,-1,744,791,792,-1,744,792,745,-1,745,792,793,-1,745,793,746,-1,746,793,794,-1,746,794,747,-1,747,794,795,-1,747,795,748,-1,748,795,796,-1,748,796,749,-1,749,796,797,-1,749,797,750,-1,750,797,798,-1,750,798,751,-1,751,798,799,-1,751,799,752,-1,752,799,800,-1,752,800,753,-1,753,800,801,-1,753,801,754,-1,754,801,802,-1,754,802,755,-1,755,802,803,-1,755,803,756,-1,756,803,804,-1,756,804,757,-1,757,804,805,-1,757,805,758,-1,758,805,806,-1,758,806,759,-1,759,806,807,-1,759,807,760,-1,760,807,808,-1,760,808,761,-1,761,808,809,-1,761,809,762,-1,762,809,810,-1,762,810,763,-1,763,810,811,-1,763,811,764,-1,764,811,812,-1,764,812,765,-1,765,812,766,-1,807,813,814,-1,815,809,814,-1,814,809,808,-1,814,808,807,-1,816,811,815,-1,815,811,810,-1,815,810,809,-1,817,789,818,-1,818,789,788,-1,818,788,819,-1,820,791,817,-1,817,791,790,-1,817,790,789,-1,797,821,822,-1,823,799,822,-1,822,799,798,-1,822,798,797,-1,807,806,813,-1,813,806,805,-1,813,805,824,-1,825,766,816,-1,816,766,812,-1,816,812,811,-1,826,768,825,-1,825,768,767,-1,825,767,766,-1,827,828,782,-1,829,793,820,-1,820,793,792,-1,820,792,791,-1,797,796,821,-1,821,796,795,-1,821,795,829,-1,829,795,794,-1,829,794,793,-1,830,801,823,-1,823,801,800,-1,823,800,799,-1,805,804,824,-1,824,804,803,-1,824,803,830,-1,830,803,802,-1,830,802,801,-1,831,832,774,-1,833,776,832,-1,832,776,775,-1,832,775,774,-1,834,770,826,-1,826,770,769,-1,826,769,768,-1,774,773,831,-1,831,773,772,-1,831,772,834,-1,834,772,771,-1,834,771,770,-1,835,778,833,-1,833,778,777,-1,833,777,776,-1,782,781,827,-1,827,781,780,-1,827,780,835,-1,835,780,779,-1,835,779,778,-1,836,784,828,-1,828,784,783,-1,828,783,782,-1,788,787,819,-1,819,787,786,-1,819,786,836,-1,836,786,785,-1,836,785,784,-1,816,837,825,-1,825,837,838,-1,825,838,826,-1,826,838,839,-1,826,839,834,-1,834,839,840,-1,834,840,831,-1,831,840,841,-1,831,841,832,-1,832,841,842,-1,832,842,833,-1,833,842,843,-1,833,843,835,-1,835,843,844,-1,835,844,827,-1,827,844,845,-1,827,845,828,-1,828,845,846,-1,828,846,836,-1,836,846,847,-1,836,847,819,-1,819,847,848,-1,819,848,818,-1,818,848,849,-1,818,849,817,-1,817,849,850,-1,817,850,820,-1,820,850,851,-1,820,851,829,-1,829,851,852,-1,829,852,821,-1,821,852,853,-1,821,853,822,-1,822,853,854,-1,822,854,823,-1,823,854,855,-1,823,855,830,-1,830,855,856,-1,830,856,824,-1,824,856,857,-1,824,857,813,-1,813,857,858,-1,813,858,814,-1,814,858,859,-1,814,859,815,-1,815,859,860,-1,815,860,816,-1,816,860,837,-1,113,115,445,-1,106,105,445,-1,445,105,111,-1,445,111,110,-1,110,108,445,-1,445,108,107,-1,445,107,112,-1,115,83,84,-1,465,100,445,-1,445,100,99,-1,96,101,445,-1,445,101,103,-1,445,103,106,-1,112,66,445,-1,445,66,65,-1,445,65,113,-1,115,116,83,-1,83,116,23,-1,83,23,22,-1,74,80,79,-1,99,98,445,-1,445,98,97,-1,445,97,96,-1,76,81,75,-1,75,81,83,-1,75,83,71,-1,71,83,22,-1,74,79,75,-1,75,79,77,-1,75,77,76,-1,84,86,115,-1,115,86,92,-1,115,92,91,-1,91,90,115,-1,115,90,89,-1,115,89,88,-1,88,93,115,-1,115,93,95,-1,115,95,445,-1,455,290,443,-1,443,290,289,-1,293,443,291,-1,291,443,284,-1,306,305,443,-1,322,324,443,-1,289,287,443,-1,443,287,285,-1,443,285,284,-1,293,294,443,-1,443,294,296,-1,443,296,299,-1,301,443,302,-1,302,443,303,-1,329,328,324,-1,299,298,443,-1,443,298,304,-1,443,304,303,-1,305,310,443,-1,443,310,230,-1,443,230,229,-1,327,326,332,-1,301,309,443,-1,443,309,308,-1,443,308,306,-1,229,311,443,-1,443,311,313,-1,443,313,314,-1,328,335,324,-1,324,335,336,-1,324,336,443,-1,314,316,443,-1,443,316,321,-1,443,321,320,-1,320,318,443,-1,443,318,317,-1,443,317,322,-1,327,332,324,-1,324,332,331,-1,324,331,329,-1,465,445,462,-1,462,445,447,-1,447,450,462,-1,462,450,453,-1,462,453,460,-1,460,453,455,-1,460,455,443,-1,9,15,861,-1,9,861,862,-1,862,861,863,-1,862,863,864,-1,864,863,865,-1,864,865,866,-1,866,865,867,-1,866,867,868,-1,868,867,869,-1,868,869,870,-1,870,869,871,-1,870,871,872,-1,837,860,872,-1,858,857,873,-1,872,860,873,-1,873,860,859,-1,873,859,858,-1,846,845,871,-1,857,856,873,-1,873,856,855,-1,873,855,874,-1,874,855,854,-1,874,854,853,-1,853,852,874,-1,874,852,851,-1,874,851,850,-1,850,849,874,-1,874,849,848,-1,874,848,871,-1,871,848,847,-1,871,847,846,-1,845,844,871,-1,871,844,843,-1,871,843,872,-1,843,842,872,-1,872,842,841,-1,872,841,840,-1,840,839,872,-1,872,839,838,-1,872,838,837,-1,873,874,875,-1,873,875,876,-1,876,875,877,-1,876,877,878,-1,878,877,879,-1,878,879,880,-1,880,879,881,-1,880,881,882,-1,882,881,883,-1,882,883,884,-1,884,883,3,-1,884,3,1,-1,7,5,885,-1,7,885,886,-1,886,885,887,-1,886,887,888,-1,888,887,889,-1,888,889,890,-1,890,889,891,-1,890,891,892,-1,892,891,893,-1,892,893,894,-1,894,893,895,-1,894,895,896,-1,897,896,898,-1,898,896,895,-1,897,898,899,-1,897,899,900,-1,900,899,901,-1,900,901,902,-1,902,901,903,-1,902,903,904,-1,904,903,905,-1,904,905,906,-1,906,905,907,-1,906,907,908,-1,908,907,13,-1,908,13,11,-1,908,11,897,-1,873,896,872,-1,872,896,897,-1,900,902,904,-1,890,892,894,-1,897,11,872,-1,872,11,9,-1,872,9,870,-1,864,866,868,-1,873,876,1,-1,1,876,878,-1,1,878,884,-1,884,878,880,-1,884,880,882,-1,900,904,897,-1,897,904,906,-1,897,906,908,-1,890,894,888,-1,870,9,868,-1,868,9,862,-1,868,862,864,-1,873,1,896,-1,896,1,7,-1,896,7,894,-1,894,7,886,-1,894,886,888,-1,895,874,898,-1,898,874,871,-1,3,874,5,-1,5,874,895,-1,5,895,893,-1,893,891,889,-1,867,15,869,-1,869,15,871,-1,871,15,898,-1,898,15,13,-1,898,13,899,-1,907,905,903,-1,889,887,893,-1,893,887,885,-1,893,885,5,-1,881,879,883,-1,883,879,877,-1,883,877,3,-1,3,877,875,-1,3,875,874,-1,865,863,867,-1,867,863,861,-1,867,861,15,-1,907,903,13,-1,13,903,901,-1,13,901,899,-1,2,14,0,-1,0,14,8,-1,12,4,10,-1,10,4,6,-1,12,14,4,-1,4,14,2,-1,8,10,0,-1,0,10,6,-1,909,910,911,-1,911,910,912,-1,913,914,915,-1,915,914,916,-1,917,918,919,-1,919,918,920,-1,921,922,923,-1,923,922,924,-1,925,926,927,-1,927,926,928,-1,929,930,931,-1,931,930,932,-1,933,934,935,-1,935,934,936,-1,937,938,939,-1,939,938,940,-1,941,942,943,-1,943,942,944,-1,945,946,947,-1,947,946,948,-1,949,950,951,-1,951,950,952,-1,953,954,955,-1,955,954,956,-1,957,958,959,-1,959,958,960,-1,961,962,963,-1,963,962,964,-1,965,966,967,-1,967,966,968,-1,969,970,971,-1,971,970,972,-1,973,974,975,-1,975,974,976,-1,977,978,979,-1,979,978,980,-1,979,980,981,-1,981,980,982,-1,981,982,983,-1,983,982,984,-1,983,984,985,-1,985,984,986,-1,985,986,987,-1,987,986,988,-1,987,988,989,-1,987,989,990,-1,990,989,991,-1,990,991,992,-1,992,991,993,-1,992,993,994,-1,994,993,995,-1,994,995,996,-1,996,995,997,-1,996,997,998,-1,998,997,999,-1,998,999,1000,-1,1000,999,1001,-1,1000,1001,1002,-1,1002,1001,1003,-1,1003,1001,1004,-1,1003,1004,1005,-1,1005,1004,1006,-1,1005,1006,1007,-1,1007,1006,1008,-1,1007,1008,1009,-1,1009,1008,1010,-1,1009,1010,1011,-1,1011,1010,1012,-1,1011,1012,1013,-1,1013,1012,1014,-1,1013,1014,1015,-1,1015,1014,1016,-1,1015,1016,1017,-1,1017,1016,1018,-1,1017,1018,1019,-1,1019,1018,1020,-1,1021,1019,1022,-1,1022,1019,1020,-1,1021,1022,1023,-1,1023,1022,1024,-1,1023,1024,1025,-1,1025,1024,1026,-1,1025,1026,1027,-1,1027,1026,1028,-1,1027,1028,1029,-1,1029,1028,1030,-1,1029,1030,1031,-1,1031,1030,1032,-1,1031,1032,973,-1,973,1032,974,-1,1033,1034,1035,-1,1035,1034,1036,-1,1037,1038,1039,-1,1039,1038,1040,-1,1041,1038,1042,-1,1042,1038,1037,-1,1041,1042,1043,-1,1041,1043,1044,-1,1044,1043,1045,-1,1044,1045,1046,-1,1046,1045,1047,-1,1046,1047,1048,-1,1048,1047,1049,-1,1048,1049,1050,-1,1050,1049,1051,-1,1050,1051,1052,-1,1052,1051,1053,-1,1052,1053,1054,-1,1054,1053,1055,-1,1054,1055,1056,-1,1057,1056,1058,-1,1058,1056,1055,-1,1057,1058,1059,-1,1057,1059,1060,-1,1060,1059,1061,-1,1060,1061,1062,-1,1062,1061,1063,-1,1062,1063,1064,-1,1064,1063,1065,-1,1064,1065,1066,-1,1066,1065,1067,-1,1066,1067,1068,-1,1068,1067,1069,-1,1068,1069,1070,-1,1070,1069,1071,-1,1070,1071,1072,-1,1073,1074,1075,-1,1075,1076,1073,-1,1073,1076,1077,-1,1073,1077,1078,-1,1078,1077,1072,-1,1078,1072,1071,-1,1075,1074,1079,-1,1079,1074,1080,-1,1079,1080,1081,-1,1081,1080,1082,-1,1081,1082,1083,-1,1083,1082,1084,-1,1083,1084,1085,-1,1085,1084,1086,-1,1085,1086,1087,-1,1087,1086,1088,-1,1087,1088,977,-1,977,1088,978,-1,1089,957,959,-1,1090,1036,1034,-1,1091,921,923,-1,917,919,1092,-1,1092,919,1093,-1,1092,1093,1038,-1,909,911,1094,-1,1094,911,1090,-1,913,915,1093,-1,1093,915,1094,-1,1093,1094,1038,-1,1038,1094,1090,-1,1038,1090,1040,-1,1040,1090,1034,-1,969,971,1095,-1,1095,971,1096,-1,1095,1096,1041,-1,1097,1038,1041,-1,925,927,1098,-1,1098,927,1091,-1,961,963,1099,-1,1099,963,1089,-1,965,967,1096,-1,1096,967,1099,-1,1096,1099,1041,-1,1041,1099,1089,-1,1041,1089,1100,-1,1100,1089,959,-1,949,951,1101,-1,1101,951,1102,-1,1102,945,947,-1,975,1095,973,-1,973,1095,1041,-1,973,1041,1031,-1,1031,1041,1044,-1,1031,1044,1029,-1,953,955,1100,-1,1100,955,1101,-1,1100,1101,1041,-1,1041,1101,1102,-1,1041,1102,1097,-1,1097,1102,947,-1,1044,1046,1029,-1,1029,1046,1048,-1,1029,1048,1027,-1,1027,1048,1050,-1,1027,1050,1025,-1,1025,1050,1052,-1,1025,1052,1023,-1,1023,1052,1054,-1,1023,1054,1021,-1,1021,1054,1056,-1,1021,1056,1019,-1,1019,1056,1057,-1,1019,1057,1017,-1,1017,1057,1060,-1,1017,1060,1015,-1,1015,1060,1062,-1,1015,1062,1013,-1,937,939,1103,-1,1103,939,1104,-1,1104,933,935,-1,941,943,1097,-1,1097,943,1103,-1,1097,1103,1038,-1,1038,1103,1104,-1,1038,1104,1105,-1,1105,1104,935,-1,929,931,1105,-1,1105,931,1098,-1,1105,1098,1038,-1,1038,1098,1091,-1,1038,1091,1092,-1,1092,1091,923,-1,1077,1005,1072,-1,1072,1005,1007,-1,1072,1007,1070,-1,1070,1007,1009,-1,1070,1009,1068,-1,1068,1009,1011,-1,1068,1011,1066,-1,1066,1011,1013,-1,1066,1013,1064,-1,1064,1013,1062,-1,1106,920,918,-1,1033,1035,1039,-1,1039,1035,1107,-1,1039,1107,1037,-1,924,922,1108,-1,1108,922,1109,-1,1108,1109,1037,-1,916,914,1110,-1,1110,914,1106,-1,912,910,1107,-1,1107,910,1110,-1,1107,1110,1037,-1,1037,1110,1106,-1,1037,1106,1108,-1,1108,1106,918,-1,932,930,1111,-1,1111,930,1112,-1,1112,936,934,-1,1113,956,954,-1,960,958,1114,-1,1114,958,1115,-1,1114,1115,1042,-1,928,926,1109,-1,1109,926,1111,-1,1109,1111,1037,-1,1037,1111,1112,-1,1037,1112,1116,-1,1116,1112,934,-1,944,942,1117,-1,1117,942,1118,-1,940,938,1116,-1,1116,938,1117,-1,1116,1117,1037,-1,1037,1117,1118,-1,1037,1118,1042,-1,1119,972,970,-1,952,950,1120,-1,1120,950,1113,-1,968,966,1121,-1,1121,966,1119,-1,964,962,1115,-1,1115,962,1121,-1,1115,1121,1042,-1,1042,1121,1119,-1,1042,1119,1122,-1,1122,1119,970,-1,948,946,1118,-1,1118,946,1120,-1,1118,1120,1042,-1,1042,1120,1113,-1,1042,1113,1114,-1,1114,1113,954,-1,1028,1047,1030,-1,1030,1047,1045,-1,1030,1045,1032,-1,1032,1045,1043,-1,1032,1043,974,-1,974,1043,1042,-1,974,1042,976,-1,976,1042,1122,-1,1012,1065,1014,-1,1014,1065,1063,-1,1014,1063,1016,-1,1016,1063,1061,-1,1016,1061,1018,-1,1018,1061,1059,-1,1018,1059,1020,-1,1020,1059,1058,-1,1020,1058,1022,-1,1022,1058,1055,-1,1022,1055,1024,-1,1024,1055,1053,-1,1024,1053,1026,-1,1026,1053,1051,-1,1026,1051,1028,-1,1028,1051,1049,-1,1028,1049,1047,-1,1006,1078,1008,-1,1008,1078,1071,-1,1008,1071,1010,-1,1010,1071,1069,-1,1010,1069,1012,-1,1012,1069,1067,-1,1012,1067,1065,-1,986,980,988,-1,988,980,978,-1,988,978,989,-1,989,978,1088,-1,989,1088,991,-1,991,1088,1086,-1,991,1086,993,-1,993,1086,1084,-1,1073,1004,1074,-1,1074,1004,1001,-1,1074,1001,1080,-1,1080,1001,999,-1,1080,999,1082,-1,1082,999,997,-1,1082,997,1084,-1,1084,997,995,-1,1084,995,993,-1,1073,1078,1004,-1,1004,1078,1006,-1,1003,1076,1002,-1,1002,1076,1075,-1,1002,1075,1000,-1,1000,1075,1079,-1,1000,1079,998,-1,998,1079,1081,-1,998,1081,996,-1,996,1081,1083,-1,996,1083,994,-1,994,1083,1085,-1,979,985,977,-1,977,985,987,-1,977,987,1087,-1,1087,987,990,-1,1087,990,1085,-1,1085,990,992,-1,1085,992,994,-1,1077,1076,1005,-1,1005,1076,1003,-1,983,985,981,-1,981,985,979,-1,982,980,984,-1,984,980,986,-1,1033,1039,1034,-1,1034,1039,1040,-1,1095,1122,969,-1,969,1122,970,-1,1122,1095,976,-1,976,1095,975,-1,1096,1119,965,-1,965,1119,966,-1,1119,1096,972,-1,972,1096,971,-1,1099,1121,961,-1,961,1121,962,-1,1121,1099,968,-1,968,1099,967,-1,1089,1115,957,-1,957,1115,958,-1,1115,1089,964,-1,964,1089,963,-1,1100,1114,953,-1,953,1114,954,-1,1114,1100,960,-1,960,1100,959,-1,1101,1113,949,-1,949,1113,950,-1,1113,1101,956,-1,956,1101,955,-1,1102,1120,945,-1,945,1120,946,-1,1120,1102,952,-1,952,1102,951,-1,1097,1118,941,-1,941,1118,942,-1,1118,1097,948,-1,948,1097,947,-1,1103,1117,937,-1,937,1117,938,-1,1117,1103,944,-1,944,1103,943,-1,1104,1116,933,-1,933,1116,934,-1,1116,1104,940,-1,940,1104,939,-1,1105,1112,929,-1,929,1112,930,-1,1112,1105,936,-1,936,1105,935,-1,1098,1111,925,-1,925,1111,926,-1,1111,1098,932,-1,932,1098,931,-1,1091,1109,921,-1,921,1109,922,-1,1109,1091,928,-1,928,1091,927,-1,1092,1108,917,-1,917,1108,918,-1,1108,1092,924,-1,924,1092,923,-1,1093,1106,913,-1,913,1106,914,-1,1106,1093,920,-1,920,1093,919,-1,1094,1110,909,-1,909,1110,910,-1,1110,1094,916,-1,916,1094,915,-1,1107,1090,912,-1,912,1090,911,-1,1090,1107,1036,-1,1036,1107,1035,-1,1123,1124,1125,-1,1125,1124,1126,-1,1127,1128,1129,-1,1129,1128,1130,-1,1131,1132,1133,-1,1133,1132,1134,-1,1135,1136,1137,-1,1137,1136,1138,-1,1139,1140,1141,-1,1141,1140,1142,-1,1143,1144,1145,-1,1145,1144,1146,-1,1147,1148,1149,-1,1149,1148,1150,-1,1151,1152,1153,-1,1153,1152,1154,-1,1155,1156,1157,-1,1157,1156,1158,-1,1159,1160,1161,-1,1161,1160,1162,-1,1163,1164,1165,-1,1165,1164,1166,-1,1167,1168,1169,-1,1169,1168,1170,-1,1171,1172,1173,-1,1173,1172,1174,-1,1175,1176,1177,-1,1177,1176,1178,-1,1179,1180,1181,-1,1181,1180,1182,-1,1183,1184,1185,-1,1185,1184,1186,-1,1187,1188,1189,-1,1189,1188,1190,-1,1191,1192,1193,-1,1193,1192,1194,-1,1193,1194,1195,-1,1195,1194,1196,-1,1195,1196,1197,-1,1197,1196,1198,-1,1197,1198,1199,-1,1199,1198,1200,-1,1199,1200,1201,-1,1201,1200,1202,-1,1201,1202,1203,-1,1201,1203,1204,-1,1204,1203,1205,-1,1204,1205,1206,-1,1206,1205,1207,-1,1206,1207,1208,-1,1208,1207,1209,-1,1208,1209,1210,-1,1210,1209,1211,-1,1210,1211,1212,-1,1212,1211,1213,-1,1212,1213,1214,-1,1214,1213,1215,-1,1214,1215,1216,-1,1216,1215,1217,-1,1217,1215,1218,-1,1217,1218,1219,-1,1219,1218,1220,-1,1219,1220,1221,-1,1221,1220,1222,-1,1221,1222,1223,-1,1223,1222,1224,-1,1223,1224,1225,-1,1225,1224,1226,-1,1225,1226,1227,-1,1227,1226,1228,-1,1227,1228,1229,-1,1229,1228,1230,-1,1229,1230,1231,-1,1231,1230,1232,-1,1231,1232,1233,-1,1233,1232,1234,-1,1235,1233,1236,-1,1236,1233,1234,-1,1235,1236,1237,-1,1237,1236,1238,-1,1237,1238,1239,-1,1239,1238,1240,-1,1239,1240,1241,-1,1241,1240,1242,-1,1241,1242,1243,-1,1243,1242,1244,-1,1243,1244,1245,-1,1245,1244,1246,-1,1245,1246,1187,-1,1187,1246,1188,-1,1247,1248,1249,-1,1249,1248,1250,-1,1251,1252,1253,-1,1253,1252,1254,-1,1255,1252,1256,-1,1256,1252,1251,-1,1255,1256,1257,-1,1255,1257,1258,-1,1258,1257,1259,-1,1258,1259,1260,-1,1260,1259,1261,-1,1260,1261,1262,-1,1262,1261,1263,-1,1262,1263,1264,-1,1264,1263,1265,-1,1264,1265,1266,-1,1266,1265,1267,-1,1266,1267,1268,-1,1268,1267,1269,-1,1268,1269,1270,-1,1271,1270,1272,-1,1272,1270,1269,-1,1271,1272,1273,-1,1271,1273,1274,-1,1274,1273,1275,-1,1274,1275,1276,-1,1276,1275,1277,-1,1276,1277,1278,-1,1278,1277,1279,-1,1278,1279,1280,-1,1280,1279,1281,-1,1280,1281,1282,-1,1282,1281,1283,-1,1282,1283,1284,-1,1284,1283,1285,-1,1284,1285,1286,-1,1287,1288,1289,-1,1289,1290,1287,-1,1287,1290,1291,-1,1287,1291,1292,-1,1292,1291,1286,-1,1292,1286,1285,-1,1289,1288,1293,-1,1293,1288,1294,-1,1293,1294,1295,-1,1295,1294,1296,-1,1295,1296,1297,-1,1297,1296,1298,-1,1297,1298,1299,-1,1299,1298,1300,-1,1299,1300,1301,-1,1301,1300,1302,-1,1301,1302,1191,-1,1191,1302,1192,-1,1303,1171,1173,-1,1304,1250,1248,-1,1305,1135,1137,-1,1131,1133,1306,-1,1306,1133,1307,-1,1306,1307,1252,-1,1123,1125,1308,-1,1308,1125,1304,-1,1127,1129,1307,-1,1307,1129,1308,-1,1307,1308,1252,-1,1252,1308,1304,-1,1252,1304,1254,-1,1254,1304,1248,-1,1183,1185,1309,-1,1309,1185,1310,-1,1309,1310,1255,-1,1311,1252,1255,-1,1139,1141,1312,-1,1312,1141,1305,-1,1175,1177,1313,-1,1313,1177,1303,-1,1179,1181,1310,-1,1310,1181,1313,-1,1310,1313,1255,-1,1255,1313,1303,-1,1255,1303,1314,-1,1314,1303,1173,-1,1163,1165,1315,-1,1315,1165,1316,-1,1316,1159,1161,-1,1189,1309,1187,-1,1187,1309,1255,-1,1187,1255,1245,-1,1245,1255,1258,-1,1245,1258,1243,-1,1167,1169,1314,-1,1314,1169,1315,-1,1314,1315,1255,-1,1255,1315,1316,-1,1255,1316,1311,-1,1311,1316,1161,-1,1258,1260,1243,-1,1243,1260,1262,-1,1243,1262,1241,-1,1241,1262,1264,-1,1241,1264,1239,-1,1239,1264,1266,-1,1239,1266,1237,-1,1237,1266,1268,-1,1237,1268,1235,-1,1235,1268,1270,-1,1235,1270,1233,-1,1233,1270,1271,-1,1233,1271,1231,-1,1231,1271,1274,-1,1231,1274,1229,-1,1229,1274,1276,-1,1229,1276,1227,-1,1151,1153,1317,-1,1317,1153,1318,-1,1318,1147,1149,-1,1155,1157,1311,-1,1311,1157,1317,-1,1311,1317,1252,-1,1252,1317,1318,-1,1252,1318,1319,-1,1319,1318,1149,-1,1143,1145,1319,-1,1319,1145,1312,-1,1319,1312,1252,-1,1252,1312,1305,-1,1252,1305,1306,-1,1306,1305,1137,-1,1291,1219,1286,-1,1286,1219,1221,-1,1286,1221,1284,-1,1284,1221,1223,-1,1284,1223,1282,-1,1282,1223,1225,-1,1282,1225,1280,-1,1280,1225,1227,-1,1280,1227,1278,-1,1278,1227,1276,-1,1320,1134,1132,-1,1247,1249,1253,-1,1253,1249,1321,-1,1253,1321,1251,-1,1138,1136,1322,-1,1322,1136,1323,-1,1322,1323,1251,-1,1130,1128,1324,-1,1324,1128,1320,-1,1126,1124,1321,-1,1321,1124,1324,-1,1321,1324,1251,-1,1251,1324,1320,-1,1251,1320,1322,-1,1322,1320,1132,-1,1146,1144,1325,-1,1325,1144,1326,-1,1326,1150,1148,-1,1327,1170,1168,-1,1174,1172,1328,-1,1328,1172,1329,-1,1328,1329,1256,-1,1142,1140,1323,-1,1323,1140,1325,-1,1323,1325,1251,-1,1251,1325,1326,-1,1251,1326,1330,-1,1330,1326,1148,-1,1158,1156,1331,-1,1331,1156,1332,-1,1154,1152,1330,-1,1330,1152,1331,-1,1330,1331,1251,-1,1251,1331,1332,-1,1251,1332,1256,-1,1333,1186,1184,-1,1166,1164,1334,-1,1334,1164,1327,-1,1182,1180,1335,-1,1335,1180,1333,-1,1178,1176,1329,-1,1329,1176,1335,-1,1329,1335,1256,-1,1256,1335,1333,-1,1256,1333,1336,-1,1336,1333,1184,-1,1162,1160,1332,-1,1332,1160,1334,-1,1332,1334,1256,-1,1256,1334,1327,-1,1256,1327,1328,-1,1328,1327,1168,-1,1242,1261,1244,-1,1244,1261,1259,-1,1244,1259,1246,-1,1246,1259,1257,-1,1246,1257,1188,-1,1188,1257,1256,-1,1188,1256,1190,-1,1190,1256,1336,-1,1226,1279,1228,-1,1228,1279,1277,-1,1228,1277,1230,-1,1230,1277,1275,-1,1230,1275,1232,-1,1232,1275,1273,-1,1232,1273,1234,-1,1234,1273,1272,-1,1234,1272,1236,-1,1236,1272,1269,-1,1236,1269,1238,-1,1238,1269,1267,-1,1238,1267,1240,-1,1240,1267,1265,-1,1240,1265,1242,-1,1242,1265,1263,-1,1242,1263,1261,-1,1220,1292,1222,-1,1222,1292,1285,-1,1222,1285,1224,-1,1224,1285,1283,-1,1224,1283,1226,-1,1226,1283,1281,-1,1226,1281,1279,-1,1200,1194,1202,-1,1202,1194,1192,-1,1202,1192,1203,-1,1203,1192,1302,-1,1203,1302,1205,-1,1205,1302,1300,-1,1205,1300,1207,-1,1207,1300,1298,-1,1287,1218,1288,-1,1288,1218,1215,-1,1288,1215,1294,-1,1294,1215,1213,-1,1294,1213,1296,-1,1296,1213,1211,-1,1296,1211,1298,-1,1298,1211,1209,-1,1298,1209,1207,-1,1287,1292,1218,-1,1218,1292,1220,-1,1217,1290,1216,-1,1216,1290,1289,-1,1216,1289,1214,-1,1214,1289,1293,-1,1214,1293,1212,-1,1212,1293,1295,-1,1212,1295,1210,-1,1210,1295,1297,-1,1210,1297,1208,-1,1208,1297,1299,-1,1193,1199,1191,-1,1191,1199,1201,-1,1191,1201,1301,-1,1301,1201,1204,-1,1301,1204,1299,-1,1299,1204,1206,-1,1299,1206,1208,-1,1291,1290,1219,-1,1219,1290,1217,-1,1197,1199,1195,-1,1195,1199,1193,-1,1196,1194,1198,-1,1198,1194,1200,-1,1247,1253,1248,-1,1248,1253,1254,-1,1309,1336,1183,-1,1183,1336,1184,-1,1336,1309,1190,-1,1190,1309,1189,-1,1310,1333,1179,-1,1179,1333,1180,-1,1333,1310,1186,-1,1186,1310,1185,-1,1313,1335,1175,-1,1175,1335,1176,-1,1335,1313,1182,-1,1182,1313,1181,-1,1303,1329,1171,-1,1171,1329,1172,-1,1329,1303,1178,-1,1178,1303,1177,-1,1314,1328,1167,-1,1167,1328,1168,-1,1328,1314,1174,-1,1174,1314,1173,-1,1315,1327,1163,-1,1163,1327,1164,-1,1327,1315,1170,-1,1170,1315,1169,-1,1316,1334,1159,-1,1159,1334,1160,-1,1334,1316,1166,-1,1166,1316,1165,-1,1311,1332,1155,-1,1155,1332,1156,-1,1332,1311,1162,-1,1162,1311,1161,-1,1317,1331,1151,-1,1151,1331,1152,-1,1331,1317,1158,-1,1158,1317,1157,-1,1318,1330,1147,-1,1147,1330,1148,-1,1330,1318,1154,-1,1154,1318,1153,-1,1319,1326,1143,-1,1143,1326,1144,-1,1326,1319,1150,-1,1150,1319,1149,-1,1312,1325,1139,-1,1139,1325,1140,-1,1325,1312,1146,-1,1146,1312,1145,-1,1305,1323,1135,-1,1135,1323,1136,-1,1323,1305,1142,-1,1142,1305,1141,-1,1306,1322,1131,-1,1131,1322,1132,-1,1322,1306,1138,-1,1138,1306,1137,-1,1307,1320,1127,-1,1127,1320,1128,-1,1320,1307,1134,-1,1134,1307,1133,-1,1308,1324,1123,-1,1123,1324,1124,-1,1324,1308,1130,-1,1130,1308,1129,-1,1321,1304,1126,-1,1126,1304,1125,-1,1304,1321,1250,-1,1250,1321,1249,-1,1337,1338,1339,-1,1339,1338,1340,-1,1339,1340,1341,-1,1341,1340,1342,-1,1341,1342,1343,-1,1343,1342,1344,-1,1343,1344,1337,-1,1337,1344,1338,-1,1345,1346,1347,-1,1347,1346,1348,-1,1347,1348,1349,-1,1349,1348,1350,-1,1349,1350,1351,-1,1351,1350,1352,-1,1351,1352,1345,-1,1345,1352,1346,-1,1353,1354,1355,-1,1356,1357,1358,-1,1355,1359,1353,-1,1353,1359,1360,-1,1353,1360,1361,-1,1361,1362,1353,-1,1353,1362,1363,-1,1353,1363,1364,-1,1365,1366,1367,-1,1367,1366,1368,-1,1368,1366,1358,-1,1358,1366,1369,-1,1358,1369,1356,-1,1357,1370,1358,-1,1358,1370,1371,-1,1358,1371,1372,-1,1364,1373,1353,-1,1353,1373,1358,-1,1353,1358,1374,-1,1374,1358,1372,-1,1375,1376,1377,-1,1378,1379,1380,-1,1381,1382,1383,-1,1384,1385,1386,-1,1387,1388,1389,-1,1390,1391,1392,-1,1393,1394,1395,-1,1396,1397,1398,-1,1399,1400,1401,-1,1402,1403,1404,-1,1405,1406,1407,-1,1354,1353,1408,-1,1408,1353,1409,-1,1410,1411,1409,-1,1409,1411,1412,-1,1409,1412,1408,-1,1413,1414,1415,-1,1415,1414,1416,-1,1415,1416,1410,-1,1410,1416,1417,-1,1410,1417,1411,-1,1413,1415,1418,-1,1418,1415,1419,-1,1418,1419,1420,-1,1420,1419,1421,-1,1421,1419,1422,-1,1421,1422,1423,-1,1424,1425,1426,-1,1426,1427,1424,-1,1424,1427,1428,-1,1424,1428,1422,-1,1422,1428,1429,-1,1422,1429,1423,-1,1425,1424,1430,-1,1430,1424,1431,-1,1430,1431,1432,-1,1433,1434,1407,-1,1407,1434,1435,-1,1407,1435,1405,-1,1405,1435,1436,-1,1405,1436,1437,-1,1433,1407,1438,-1,1438,1407,1439,-1,1438,1439,1440,-1,1441,1442,1439,-1,1439,1442,1443,-1,1439,1443,1440,-1,1444,1445,1446,-1,1446,1445,1447,-1,1446,1447,1441,-1,1441,1447,1448,-1,1441,1448,1442,-1,1404,1403,1446,-1,1446,1403,1449,-1,1446,1449,1444,-1,1402,1404,1450,-1,1450,1404,1451,-1,1450,1451,1452,-1,1359,1355,1451,-1,1451,1355,1453,-1,1451,1453,1452,-1,1353,1374,1409,-1,1409,1374,1454,-1,1409,1454,1410,-1,1410,1454,1455,-1,1410,1455,1415,-1,1415,1455,1456,-1,1415,1456,1419,-1,1419,1456,1457,-1,1419,1457,1422,-1,1422,1457,1458,-1,1422,1458,1424,-1,1424,1458,1401,-1,1371,1370,1459,-1,1459,1370,1460,-1,1459,1460,1461,-1,1461,1460,1462,-1,1461,1462,1463,-1,1463,1462,1464,-1,1463,1464,1465,-1,1465,1464,1466,-1,1465,1466,1467,-1,1467,1466,1468,-1,1467,1468,1469,-1,1469,1468,1398,-1,1373,1364,1470,-1,1470,1364,1471,-1,1470,1471,1472,-1,1472,1471,1473,-1,1472,1473,1474,-1,1474,1473,1475,-1,1474,1475,1476,-1,1476,1475,1477,-1,1476,1477,1478,-1,1478,1477,1479,-1,1478,1479,1480,-1,1480,1479,1380,-1,1362,1361,1481,-1,1481,1361,1482,-1,1481,1482,1483,-1,1483,1482,1484,-1,1483,1484,1485,-1,1485,1484,1486,-1,1485,1486,1487,-1,1487,1486,1488,-1,1487,1488,1489,-1,1489,1488,1490,-1,1489,1490,1491,-1,1491,1490,1377,-1,1401,1400,1424,-1,1424,1400,1492,-1,1424,1492,1431,-1,1493,1399,1494,-1,1494,1399,1401,-1,1494,1401,1495,-1,1495,1401,1458,-1,1495,1458,1496,-1,1496,1458,1457,-1,1496,1457,1497,-1,1497,1457,1456,-1,1497,1456,1498,-1,1498,1456,1455,-1,1498,1455,1499,-1,1499,1455,1454,-1,1499,1454,1372,-1,1372,1454,1374,-1,1372,1371,1499,-1,1499,1371,1459,-1,1499,1459,1498,-1,1498,1459,1461,-1,1498,1461,1497,-1,1497,1461,1463,-1,1497,1463,1496,-1,1496,1463,1465,-1,1496,1465,1495,-1,1495,1465,1467,-1,1495,1467,1494,-1,1494,1467,1469,-1,1494,1469,1493,-1,1493,1469,1500,-1,1398,1397,1469,-1,1469,1397,1501,-1,1469,1501,1500,-1,1502,1396,1503,-1,1503,1396,1398,-1,1503,1398,1504,-1,1504,1398,1468,-1,1504,1468,1505,-1,1505,1468,1466,-1,1505,1466,1506,-1,1506,1466,1464,-1,1506,1464,1507,-1,1507,1464,1462,-1,1507,1462,1508,-1,1508,1462,1460,-1,1508,1460,1357,-1,1357,1460,1370,-1,1357,1356,1508,-1,1508,1356,1509,-1,1508,1509,1507,-1,1507,1509,1510,-1,1507,1510,1506,-1,1506,1510,1511,-1,1506,1511,1505,-1,1505,1511,1512,-1,1505,1512,1504,-1,1504,1512,1513,-1,1504,1513,1503,-1,1503,1513,1395,-1,1503,1395,1502,-1,1502,1395,1394,-1,1391,1393,1392,-1,1392,1393,1395,-1,1392,1395,1514,-1,1514,1395,1513,-1,1514,1513,1515,-1,1515,1513,1512,-1,1515,1512,1516,-1,1516,1512,1511,-1,1516,1511,1517,-1,1517,1511,1510,-1,1517,1510,1518,-1,1518,1510,1509,-1,1518,1509,1369,-1,1369,1509,1356,-1,1519,1390,1520,-1,1520,1390,1392,-1,1520,1392,1521,-1,1521,1392,1514,-1,1521,1514,1522,-1,1522,1514,1515,-1,1522,1515,1523,-1,1523,1515,1516,-1,1523,1516,1524,-1,1524,1516,1517,-1,1524,1517,1525,-1,1525,1517,1518,-1,1525,1518,1366,-1,1366,1518,1369,-1,1366,1365,1525,-1,1525,1365,1526,-1,1525,1526,1524,-1,1524,1526,1527,-1,1524,1527,1523,-1,1523,1527,1528,-1,1523,1528,1522,-1,1522,1528,1529,-1,1522,1529,1521,-1,1521,1529,1530,-1,1521,1530,1520,-1,1520,1530,1389,-1,1520,1389,1519,-1,1519,1389,1388,-1,1385,1387,1386,-1,1386,1387,1389,-1,1386,1389,1531,-1,1531,1389,1530,-1,1531,1530,1532,-1,1532,1530,1529,-1,1532,1529,1533,-1,1533,1529,1528,-1,1533,1528,1534,-1,1534,1528,1527,-1,1534,1527,1535,-1,1535,1527,1526,-1,1535,1526,1367,-1,1367,1526,1365,-1,1536,1384,1537,-1,1537,1384,1386,-1,1537,1386,1538,-1,1538,1386,1531,-1,1538,1531,1539,-1,1539,1531,1532,-1,1539,1532,1540,-1,1540,1532,1533,-1,1540,1533,1541,-1,1541,1533,1534,-1,1541,1534,1542,-1,1542,1534,1535,-1,1542,1535,1368,-1,1368,1535,1367,-1,1368,1358,1542,-1,1542,1358,1543,-1,1542,1543,1541,-1,1541,1543,1544,-1,1541,1544,1540,-1,1540,1544,1545,-1,1540,1545,1539,-1,1539,1545,1546,-1,1539,1546,1538,-1,1538,1546,1547,-1,1538,1547,1537,-1,1537,1547,1383,-1,1537,1383,1536,-1,1536,1383,1382,-1,1548,1381,1480,-1,1480,1381,1383,-1,1480,1383,1478,-1,1478,1383,1547,-1,1478,1547,1476,-1,1476,1547,1546,-1,1476,1546,1474,-1,1474,1546,1545,-1,1474,1545,1472,-1,1472,1545,1544,-1,1472,1544,1470,-1,1470,1544,1543,-1,1470,1543,1373,-1,1373,1543,1358,-1,1380,1379,1480,-1,1480,1379,1549,-1,1480,1549,1548,-1,1550,1378,1551,-1,1551,1378,1380,-1,1551,1380,1552,-1,1552,1380,1479,-1,1552,1479,1553,-1,1553,1479,1477,-1,1553,1477,1554,-1,1554,1477,1475,-1,1554,1475,1555,-1,1555,1475,1473,-1,1555,1473,1556,-1,1556,1473,1471,-1,1556,1471,1363,-1,1363,1471,1364,-1,1363,1362,1556,-1,1556,1362,1481,-1,1556,1481,1555,-1,1555,1481,1483,-1,1555,1483,1554,-1,1554,1483,1485,-1,1554,1485,1553,-1,1553,1485,1487,-1,1553,1487,1552,-1,1552,1487,1489,-1,1552,1489,1551,-1,1551,1489,1491,-1,1551,1491,1550,-1,1550,1491,1557,-1,1377,1376,1491,-1,1491,1376,1558,-1,1491,1558,1557,-1,1559,1375,1560,-1,1560,1375,1377,-1,1560,1377,1561,-1,1561,1377,1490,-1,1561,1490,1562,-1,1562,1490,1488,-1,1562,1488,1563,-1,1563,1488,1486,-1,1563,1486,1564,-1,1564,1486,1484,-1,1564,1484,1565,-1,1565,1484,1482,-1,1565,1482,1360,-1,1360,1482,1361,-1,1360,1359,1565,-1,1565,1359,1451,-1,1565,1451,1564,-1,1564,1451,1404,-1,1564,1404,1563,-1,1563,1404,1446,-1,1563,1446,1562,-1,1562,1446,1441,-1,1562,1441,1561,-1,1561,1441,1439,-1,1561,1439,1560,-1,1560,1439,1407,-1,1560,1407,1559,-1,1559,1407,1406,-1,1566,1567,1568,-1,1569,1570,1571,-1,1572,1573,1574,-1,1575,1576,1577,-1,1566,1568,1571,-1,1571,1568,1578,-1,1571,1578,1569,-1,1575,1577,1579,-1,1570,1580,1571,-1,1571,1580,1577,-1,1571,1577,1581,-1,1581,1577,1576,-1,1582,1583,1584,-1,1573,1585,1574,-1,1574,1585,1582,-1,1574,1582,1586,-1,1586,1582,1584,-1,1572,1574,1577,-1,1577,1574,1587,-1,1577,1587,1579,-1,1588,1589,1590,-1,1591,1592,1593,-1,1594,1595,1596,-1,1597,1598,1599,-1,1600,1601,1602,-1,1603,1604,1605,-1,1606,1607,1608,-1,1609,1610,1611,-1,1612,1613,1614,-1,1615,1616,1617,-1,1618,1619,1620,-1,1621,1622,1623,-1,1623,1622,1624,-1,1623,1624,1625,-1,1625,1624,1626,-1,1625,1626,1627,-1,1621,1623,1628,-1,1628,1623,1629,-1,1628,1629,1630,-1,1630,1629,1631,-1,1631,1629,1632,-1,1631,1632,1633,-1,1634,1635,1632,-1,1632,1635,1636,-1,1632,1636,1633,-1,1637,1638,1634,-1,1634,1638,1639,-1,1639,1640,1634,-1,1634,1640,1641,-1,1634,1641,1635,-1,1642,1643,1644,-1,1644,1643,1645,-1,1644,1645,1637,-1,1637,1645,1646,-1,1637,1646,1638,-1,1568,1567,1644,-1,1644,1567,1647,-1,1644,1647,1642,-1,1566,1571,1648,-1,1648,1571,1649,-1,1648,1649,1650,-1,1650,1649,1651,-1,1651,1649,1652,-1,1651,1652,1653,-1,1654,1655,1656,-1,1656,1655,1657,-1,1656,1657,1652,-1,1652,1657,1658,-1,1652,1658,1653,-1,1654,1656,1659,-1,1659,1656,1660,-1,1659,1660,1661,-1,1662,1663,1660,-1,1660,1663,1664,-1,1660,1664,1661,-1,1665,1666,1667,-1,1667,1666,1668,-1,1667,1668,1662,-1,1662,1668,1669,-1,1662,1669,1663,-1,1667,1670,1671,-1,1665,1667,1672,-1,1672,1667,1671,-1,1672,1671,1673,-1,1584,1583,1674,-1,1674,1583,1675,-1,1674,1675,1676,-1,1676,1675,1677,-1,1676,1677,1678,-1,1678,1677,1679,-1,1678,1679,1680,-1,1680,1679,1681,-1,1680,1681,1682,-1,1682,1681,1683,-1,1682,1683,1684,-1,1684,1683,1605,-1,1585,1573,1685,-1,1685,1573,1686,-1,1685,1686,1687,-1,1687,1686,1688,-1,1687,1688,1689,-1,1689,1688,1690,-1,1689,1690,1691,-1,1691,1690,1692,-1,1691,1692,1693,-1,1693,1692,1694,-1,1693,1694,1695,-1,1695,1694,1602,-1,1571,1581,1649,-1,1649,1581,1696,-1,1649,1696,1652,-1,1652,1696,1697,-1,1652,1697,1656,-1,1656,1697,1698,-1,1656,1698,1660,-1,1660,1698,1699,-1,1660,1699,1662,-1,1662,1699,1700,-1,1662,1700,1667,-1,1667,1700,1620,-1,1667,1620,1670,-1,1670,1620,1619,-1,1616,1618,1617,-1,1617,1618,1620,-1,1617,1620,1701,-1,1701,1620,1700,-1,1701,1700,1702,-1,1702,1700,1699,-1,1702,1699,1703,-1,1703,1699,1698,-1,1703,1698,1704,-1,1704,1698,1697,-1,1704,1697,1705,-1,1705,1697,1696,-1,1705,1696,1576,-1,1576,1696,1581,-1,1706,1615,1707,-1,1707,1615,1617,-1,1707,1617,1708,-1,1708,1617,1701,-1,1708,1701,1709,-1,1709,1701,1702,-1,1709,1702,1710,-1,1710,1702,1703,-1,1710,1703,1711,-1,1711,1703,1704,-1,1711,1704,1712,-1,1712,1704,1705,-1,1712,1705,1575,-1,1575,1705,1576,-1,1575,1579,1712,-1,1712,1579,1713,-1,1712,1713,1711,-1,1711,1713,1714,-1,1711,1714,1710,-1,1710,1714,1715,-1,1710,1715,1709,-1,1709,1715,1716,-1,1709,1716,1708,-1,1708,1716,1717,-1,1708,1717,1707,-1,1707,1717,1614,-1,1707,1614,1706,-1,1706,1614,1613,-1,1610,1612,1611,-1,1611,1612,1614,-1,1611,1614,1718,-1,1718,1614,1717,-1,1718,1717,1719,-1,1719,1717,1716,-1,1719,1716,1720,-1,1720,1716,1715,-1,1720,1715,1721,-1,1721,1715,1714,-1,1721,1714,1722,-1,1722,1714,1713,-1,1722,1713,1587,-1,1587,1713,1579,-1,1607,1609,1608,-1,1608,1609,1611,-1,1608,1611,1723,-1,1723,1611,1718,-1,1723,1718,1724,-1,1724,1718,1719,-1,1724,1719,1725,-1,1725,1719,1720,-1,1725,1720,1726,-1,1726,1720,1721,-1,1726,1721,1727,-1,1727,1721,1722,-1,1727,1722,1574,-1,1574,1722,1587,-1,1728,1606,1729,-1,1729,1606,1608,-1,1729,1608,1730,-1,1730,1608,1723,-1,1730,1723,1731,-1,1731,1723,1724,-1,1731,1724,1732,-1,1732,1724,1725,-1,1732,1725,1733,-1,1733,1725,1726,-1,1733,1726,1734,-1,1734,1726,1727,-1,1734,1727,1586,-1,1586,1727,1574,-1,1586,1584,1734,-1,1734,1584,1674,-1,1734,1674,1733,-1,1733,1674,1676,-1,1733,1676,1732,-1,1732,1676,1678,-1,1732,1678,1731,-1,1731,1678,1680,-1,1731,1680,1730,-1,1730,1680,1682,-1,1730,1682,1729,-1,1729,1682,1684,-1,1729,1684,1728,-1,1728,1684,1735,-1,1605,1604,1684,-1,1684,1604,1736,-1,1684,1736,1735,-1,1737,1603,1738,-1,1738,1603,1605,-1,1738,1605,1739,-1,1739,1605,1683,-1,1739,1683,1740,-1,1740,1683,1681,-1,1740,1681,1741,-1,1741,1681,1679,-1,1741,1679,1742,-1,1742,1679,1677,-1,1742,1677,1743,-1,1743,1677,1675,-1,1743,1675,1582,-1,1582,1675,1583,-1,1582,1585,1743,-1,1743,1585,1685,-1,1743,1685,1742,-1,1742,1685,1687,-1,1742,1687,1741,-1,1741,1687,1689,-1,1741,1689,1740,-1,1740,1689,1691,-1,1740,1691,1739,-1,1739,1691,1693,-1,1739,1693,1738,-1,1738,1693,1695,-1,1738,1695,1737,-1,1737,1695,1744,-1,1602,1601,1695,-1,1695,1601,1745,-1,1695,1745,1744,-1,1746,1600,1747,-1,1747,1600,1602,-1,1747,1602,1748,-1,1748,1602,1694,-1,1748,1694,1749,-1,1749,1694,1692,-1,1749,1692,1750,-1,1750,1692,1690,-1,1750,1690,1751,-1,1751,1690,1688,-1,1751,1688,1752,-1,1752,1688,1686,-1,1752,1686,1572,-1,1572,1686,1573,-1,1572,1577,1752,-1,1752,1577,1753,-1,1752,1753,1751,-1,1751,1753,1754,-1,1751,1754,1750,-1,1750,1754,1755,-1,1750,1755,1749,-1,1749,1755,1756,-1,1749,1756,1748,-1,1748,1756,1757,-1,1748,1757,1747,-1,1747,1757,1599,-1,1747,1599,1746,-1,1746,1599,1598,-1,1595,1597,1596,-1,1596,1597,1599,-1,1596,1599,1758,-1,1758,1599,1757,-1,1758,1757,1759,-1,1759,1757,1756,-1,1759,1756,1760,-1,1760,1756,1755,-1,1760,1755,1761,-1,1761,1755,1754,-1,1761,1754,1762,-1,1762,1754,1753,-1,1762,1753,1580,-1,1580,1753,1577,-1,1763,1594,1764,-1,1764,1594,1596,-1,1764,1596,1765,-1,1765,1596,1758,-1,1765,1758,1766,-1,1766,1758,1759,-1,1766,1759,1767,-1,1767,1759,1760,-1,1767,1760,1768,-1,1768,1760,1761,-1,1768,1761,1769,-1,1769,1761,1762,-1,1769,1762,1570,-1,1570,1762,1580,-1,1570,1569,1769,-1,1769,1569,1770,-1,1769,1770,1768,-1,1768,1770,1771,-1,1768,1771,1767,-1,1767,1771,1772,-1,1767,1772,1766,-1,1766,1772,1773,-1,1766,1773,1765,-1,1765,1773,1774,-1,1765,1774,1764,-1,1764,1774,1593,-1,1764,1593,1763,-1,1763,1593,1592,-1,1589,1591,1590,-1,1590,1591,1593,-1,1590,1593,1775,-1,1775,1593,1774,-1,1775,1774,1776,-1,1776,1774,1773,-1,1776,1773,1777,-1,1777,1773,1772,-1,1777,1772,1778,-1,1778,1772,1771,-1,1778,1771,1779,-1,1779,1771,1770,-1,1779,1770,1578,-1,1578,1770,1569,-1,1625,1588,1623,-1,1623,1588,1590,-1,1623,1590,1629,-1,1629,1590,1775,-1,1629,1775,1632,-1,1632,1775,1776,-1,1632,1776,1634,-1,1634,1776,1777,-1,1634,1777,1637,-1,1637,1777,1778,-1,1637,1778,1644,-1,1644,1778,1779,-1,1644,1779,1568,-1,1568,1779,1578,-1,1780,1673,1671,-1,1432,1781,1782,-1,1782,1781,1783,-1,1782,1783,1784,-1,1783,1785,1784,-1,1784,1785,1786,-1,1784,1786,1787,-1,1786,1788,1787,-1,1787,1788,1789,-1,1787,1789,1790,-1,1791,1792,1793,-1,1793,1792,1790,-1,1793,1790,1794,-1,1794,1790,1789,-1,1795,1796,1797,-1,1797,1796,1798,-1,1797,1798,1799,-1,1798,1800,1799,-1,1799,1800,1801,-1,1799,1801,1802,-1,1802,1801,1803,-1,1802,1803,1437,-1,1432,1431,1781,-1,1781,1431,1492,-1,1781,1492,1804,-1,1804,1492,1400,-1,1804,1400,1805,-1,1805,1400,1399,-1,1805,1399,1806,-1,1806,1399,1493,-1,1806,1493,1807,-1,1807,1493,1500,-1,1807,1500,1808,-1,1808,1500,1501,-1,1808,1501,1809,-1,1809,1501,1397,-1,1809,1397,1810,-1,1810,1397,1396,-1,1810,1396,1811,-1,1811,1396,1502,-1,1811,1502,1812,-1,1812,1502,1394,-1,1812,1394,1813,-1,1813,1394,1393,-1,1813,1393,1814,-1,1814,1393,1391,-1,1814,1391,1815,-1,1815,1391,1390,-1,1815,1390,1816,-1,1816,1390,1519,-1,1816,1519,1817,-1,1817,1519,1388,-1,1817,1388,1818,-1,1818,1388,1387,-1,1818,1387,1819,-1,1819,1387,1385,-1,1819,1385,1820,-1,1820,1385,1384,-1,1820,1384,1821,-1,1821,1384,1536,-1,1821,1536,1822,-1,1822,1536,1382,-1,1822,1382,1823,-1,1823,1382,1381,-1,1823,1381,1824,-1,1824,1381,1548,-1,1824,1548,1825,-1,1825,1548,1549,-1,1825,1549,1826,-1,1826,1549,1379,-1,1826,1379,1827,-1,1827,1379,1378,-1,1827,1378,1828,-1,1828,1378,1550,-1,1828,1550,1829,-1,1829,1550,1557,-1,1829,1557,1830,-1,1830,1557,1558,-1,1830,1558,1831,-1,1831,1558,1376,-1,1831,1376,1832,-1,1832,1376,1375,-1,1832,1375,1833,-1,1833,1375,1559,-1,1833,1559,1834,-1,1834,1559,1406,-1,1834,1406,1803,-1,1803,1406,1405,-1,1803,1405,1437,-1,1835,1619,1836,-1,1836,1619,1618,-1,1836,1618,1837,-1,1795,1797,1838,-1,1838,1797,1780,-1,1838,1780,1839,-1,1839,1780,1671,-1,1839,1671,1835,-1,1835,1671,1670,-1,1835,1670,1619,-1,1837,1618,1840,-1,1840,1618,1616,-1,1840,1616,1841,-1,1841,1616,1615,-1,1841,1615,1842,-1,1615,1706,1842,-1,1842,1706,1613,-1,1842,1613,1843,-1,1843,1613,1612,-1,1843,1612,1844,-1,1844,1612,1610,-1,1844,1610,1845,-1,1846,1735,1847,-1,1847,1735,1736,-1,1847,1736,1848,-1,1845,1610,1849,-1,1849,1610,1609,-1,1849,1609,1850,-1,1850,1609,1607,-1,1850,1607,1851,-1,1851,1607,1606,-1,1851,1606,1846,-1,1846,1606,1728,-1,1846,1728,1735,-1,1852,1744,1853,-1,1853,1744,1745,-1,1853,1745,1854,-1,1848,1736,1855,-1,1855,1736,1604,-1,1855,1604,1856,-1,1856,1604,1603,-1,1856,1603,1852,-1,1852,1603,1737,-1,1852,1737,1744,-1,1854,1745,1857,-1,1857,1745,1601,-1,1857,1601,1858,-1,1858,1601,1600,-1,1858,1600,1859,-1,1860,1861,1594,-1,1594,1861,1862,-1,1594,1862,1595,-1,1595,1862,1863,-1,1595,1863,1597,-1,1597,1863,1864,-1,1597,1864,1598,-1,1598,1864,1859,-1,1598,1859,1746,-1,1746,1859,1600,-1,1627,1792,1625,-1,1625,1792,1791,-1,1625,1791,1588,-1,1588,1791,1865,-1,1588,1865,1589,-1,1589,1865,1866,-1,1589,1866,1591,-1,1591,1866,1867,-1,1591,1867,1592,-1,1592,1867,1860,-1,1592,1860,1763,-1,1763,1860,1594,-1,1781,1868,1869,-1,1781,1804,1868,-1,1868,1804,1805,-1,1868,1805,1870,-1,1870,1805,1806,-1,1870,1806,1871,-1,1871,1806,1807,-1,1871,1807,1872,-1,1872,1807,1808,-1,1808,1809,1872,-1,1872,1809,1810,-1,1872,1810,1873,-1,1873,1810,1811,-1,1873,1811,1874,-1,1874,1811,1812,-1,1874,1812,1875,-1,1875,1812,1813,-1,1813,1814,1875,-1,1875,1814,1815,-1,1875,1815,1876,-1,1815,1816,1876,-1,1876,1816,1817,-1,1876,1817,1877,-1,1877,1817,1818,-1,1877,1818,1878,-1,1878,1818,1819,-1,1878,1819,1879,-1,1879,1819,1820,-1,1820,1821,1879,-1,1879,1821,1822,-1,1879,1822,1880,-1,1880,1822,1823,-1,1880,1823,1881,-1,1881,1823,1824,-1,1881,1824,1882,-1,1882,1824,1825,-1,1825,1826,1882,-1,1882,1826,1827,-1,1882,1827,1883,-1,1883,1827,1828,-1,1883,1828,1884,-1,1884,1828,1829,-1,1884,1829,1885,-1,1885,1829,1830,-1,1830,1831,1885,-1,1885,1831,1832,-1,1885,1832,1886,-1,1832,1833,1886,-1,1886,1833,1834,-1,1886,1834,1887,-1,1887,1834,1803,-1,1887,1803,1888,-1,1888,1803,1801,-1,1888,1801,1889,-1,1889,1801,1800,-1,1800,1798,1889,-1,1889,1798,1796,-1,1889,1796,1890,-1,1890,1796,1795,-1,1890,1795,1891,-1,1891,1795,1838,-1,1891,1838,1892,-1,1892,1838,1839,-1,1839,1835,1892,-1,1892,1835,1836,-1,1892,1836,1893,-1,1893,1836,1837,-1,1893,1837,1894,-1,1837,1840,1894,-1,1894,1840,1841,-1,1894,1841,1895,-1,1841,1842,1895,-1,1895,1842,1843,-1,1895,1843,1896,-1,1843,1844,1896,-1,1896,1844,1845,-1,1896,1845,1897,-1,1897,1845,1849,-1,1897,1849,1898,-1,1898,1849,1850,-1,1898,1850,1899,-1,1899,1850,1851,-1,1851,1846,1899,-1,1899,1846,1847,-1,1899,1847,1900,-1,1900,1847,1848,-1,1900,1848,1901,-1,1901,1848,1855,-1,1901,1855,1902,-1,1902,1855,1856,-1,1856,1852,1902,-1,1902,1852,1853,-1,1902,1853,1903,-1,1903,1853,1854,-1,1903,1854,1904,-1,1854,1857,1904,-1,1904,1857,1858,-1,1904,1858,1905,-1,1858,1859,1905,-1,1905,1859,1864,-1,1905,1864,1906,-1,1864,1863,1906,-1,1906,1863,1862,-1,1906,1862,1907,-1,1907,1862,1861,-1,1907,1861,1908,-1,1908,1861,1860,-1,1908,1860,1909,-1,1909,1860,1867,-1,1867,1866,1909,-1,1909,1866,1865,-1,1909,1865,1910,-1,1910,1865,1791,-1,1910,1791,1911,-1,1911,1791,1793,-1,1911,1793,1912,-1,1912,1793,1794,-1,1794,1789,1912,-1,1912,1789,1788,-1,1912,1788,1913,-1,1913,1788,1786,-1,1913,1786,1914,-1,1914,1786,1785,-1,1914,1785,1869,-1,1869,1785,1783,-1,1869,1783,1781,-1,1913,1915,1912,-1,1912,1915,1916,-1,1912,1916,1911,-1,1911,1916,1917,-1,1911,1917,1910,-1,1910,1917,1918,-1,1910,1918,1909,-1,1909,1918,1919,-1,1909,1919,1908,-1,1908,1919,1920,-1,1908,1920,1907,-1,1907,1920,1921,-1,1907,1921,1906,-1,1906,1921,1922,-1,1906,1922,1905,-1,1905,1922,1923,-1,1905,1923,1904,-1,1904,1923,1924,-1,1904,1924,1903,-1,1903,1924,1925,-1,1903,1925,1902,-1,1902,1925,1926,-1,1902,1926,1901,-1,1901,1926,1927,-1,1901,1927,1900,-1,1900,1927,1928,-1,1900,1928,1899,-1,1899,1928,1929,-1,1899,1929,1898,-1,1898,1929,1930,-1,1898,1930,1897,-1,1897,1930,1931,-1,1897,1931,1896,-1,1896,1931,1932,-1,1896,1932,1895,-1,1895,1932,1933,-1,1895,1933,1894,-1,1894,1933,1934,-1,1894,1934,1893,-1,1893,1934,1935,-1,1893,1935,1892,-1,1892,1935,1936,-1,1892,1936,1891,-1,1891,1936,1937,-1,1891,1937,1890,-1,1890,1937,1938,-1,1890,1938,1889,-1,1889,1938,1939,-1,1889,1939,1888,-1,1888,1939,1940,-1,1888,1940,1887,-1,1887,1940,1941,-1,1887,1941,1886,-1,1886,1941,1942,-1,1886,1942,1885,-1,1885,1942,1943,-1,1885,1943,1884,-1,1884,1943,1944,-1,1884,1944,1883,-1,1883,1944,1945,-1,1883,1945,1882,-1,1882,1945,1946,-1,1882,1946,1881,-1,1881,1946,1947,-1,1881,1947,1880,-1,1880,1947,1948,-1,1880,1948,1879,-1,1879,1948,1949,-1,1879,1949,1878,-1,1878,1949,1950,-1,1878,1950,1877,-1,1877,1950,1951,-1,1877,1951,1876,-1,1876,1951,1952,-1,1876,1952,1875,-1,1875,1952,1953,-1,1875,1953,1874,-1,1874,1953,1954,-1,1874,1954,1873,-1,1873,1954,1955,-1,1873,1955,1872,-1,1872,1955,1956,-1,1872,1956,1871,-1,1871,1956,1957,-1,1871,1957,1870,-1,1870,1957,1958,-1,1870,1958,1868,-1,1868,1958,1959,-1,1868,1959,1869,-1,1869,1959,1960,-1,1869,1960,1914,-1,1914,1960,1961,-1,1914,1961,1913,-1,1913,1961,1915,-1,1961,1962,1915,-1,1915,1962,1963,-1,1915,1963,1916,-1,1916,1963,1964,-1,1916,1964,1917,-1,1917,1964,1965,-1,1917,1965,1918,-1,1918,1965,1966,-1,1918,1966,1919,-1,1919,1966,1967,-1,1919,1967,1920,-1,1920,1967,1968,-1,1920,1968,1921,-1,1921,1968,1969,-1,1921,1969,1922,-1,1922,1969,1970,-1,1922,1970,1923,-1,1923,1970,1971,-1,1923,1971,1924,-1,1924,1971,1972,-1,1924,1972,1925,-1,1925,1972,1973,-1,1925,1973,1926,-1,1926,1973,1974,-1,1926,1974,1927,-1,1927,1974,1975,-1,1927,1975,1928,-1,1928,1975,1976,-1,1928,1976,1929,-1,1929,1976,1977,-1,1929,1977,1930,-1,1930,1977,1978,-1,1930,1978,1931,-1,1931,1978,1979,-1,1931,1979,1932,-1,1932,1979,1980,-1,1932,1980,1933,-1,1933,1980,1981,-1,1933,1981,1934,-1,1934,1981,1982,-1,1934,1982,1935,-1,1935,1982,1983,-1,1935,1983,1936,-1,1936,1983,1984,-1,1936,1984,1937,-1,1937,1984,1985,-1,1937,1985,1938,-1,1938,1985,1986,-1,1938,1986,1939,-1,1939,1986,1987,-1,1939,1987,1940,-1,1940,1987,1988,-1,1940,1988,1941,-1,1941,1988,1989,-1,1941,1989,1942,-1,1942,1989,1990,-1,1942,1990,1943,-1,1943,1990,1991,-1,1943,1991,1944,-1,1944,1991,1992,-1,1944,1992,1945,-1,1945,1992,1993,-1,1945,1993,1946,-1,1946,1993,1994,-1,1946,1994,1947,-1,1947,1994,1995,-1,1947,1995,1948,-1,1948,1995,1996,-1,1948,1996,1949,-1,1949,1996,1997,-1,1949,1997,1950,-1,1950,1997,1998,-1,1950,1998,1951,-1,1951,1998,1999,-1,1951,1999,1952,-1,1952,1999,2000,-1,1952,2000,1953,-1,1953,2000,2001,-1,1953,2001,1954,-1,1954,2001,2002,-1,1954,2002,1955,-1,1955,2002,2003,-1,1955,2003,1956,-1,1956,2003,2004,-1,1956,2004,1957,-1,1957,2004,2005,-1,1957,2005,1958,-1,1958,2005,2006,-1,1958,2006,1959,-1,1959,2006,2007,-1,1959,2007,1960,-1,1960,2007,2008,-1,1960,2008,1961,-1,1961,2008,1962,-1,2008,2009,1962,-1,1962,2009,2010,-1,1962,2010,1963,-1,1963,2010,2011,-1,1963,2011,1964,-1,1964,2011,2012,-1,1964,2012,1965,-1,1965,2012,2013,-1,1965,2013,1966,-1,1966,2013,2014,-1,1966,2014,1967,-1,1967,2014,2015,-1,1967,2015,1968,-1,1968,2015,2016,-1,1968,2016,1969,-1,1969,2016,2017,-1,1969,2017,1970,-1,1970,2017,2018,-1,1970,2018,1971,-1,1971,2018,2019,-1,1971,2019,1972,-1,1972,2019,2020,-1,1972,2020,1973,-1,1973,2020,2021,-1,1973,2021,1974,-1,1974,2021,2022,-1,1974,2022,1975,-1,1975,2022,2023,-1,1975,2023,1976,-1,1976,2023,2024,-1,1976,2024,1977,-1,1977,2024,2025,-1,1977,2025,1978,-1,1978,2025,2026,-1,1978,2026,1979,-1,1979,2026,2027,-1,1979,2027,1980,-1,1980,2027,2028,-1,1980,2028,1981,-1,1981,2028,2029,-1,1981,2029,1982,-1,1982,2029,2030,-1,1982,2030,1983,-1,1983,2030,2031,-1,1983,2031,1984,-1,1984,2031,2032,-1,1984,2032,1985,-1,1985,2032,2033,-1,1985,2033,1986,-1,1986,2033,2034,-1,1986,2034,1987,-1,1987,2034,2035,-1,1987,2035,1988,-1,1988,2035,2036,-1,1988,2036,1989,-1,1989,2036,2037,-1,1989,2037,1990,-1,1990,2037,2038,-1,1990,2038,1991,-1,1991,2038,2039,-1,1991,2039,1992,-1,1992,2039,2040,-1,1992,2040,1993,-1,1993,2040,2041,-1,1993,2041,1994,-1,1994,2041,2042,-1,1994,2042,1995,-1,1995,2042,2043,-1,1995,2043,1996,-1,1996,2043,2044,-1,1996,2044,1997,-1,1997,2044,2045,-1,1997,2045,1998,-1,1998,2045,2046,-1,1998,2046,1999,-1,1999,2046,2047,-1,1999,2047,2000,-1,2000,2047,2048,-1,2000,2048,2001,-1,2001,2048,2049,-1,2001,2049,2002,-1,2002,2049,2050,-1,2002,2050,2003,-1,2003,2050,2051,-1,2003,2051,2004,-1,2004,2051,2052,-1,2004,2052,2005,-1,2005,2052,2053,-1,2005,2053,2006,-1,2006,2053,2054,-1,2006,2054,2007,-1,2007,2054,2055,-1,2007,2055,2008,-1,2008,2055,2009,-1,2055,2056,2009,-1,2009,2056,2057,-1,2009,2057,2010,-1,2010,2057,2058,-1,2010,2058,2011,-1,2011,2058,2059,-1,2011,2059,2012,-1,2012,2059,2060,-1,2012,2060,2013,-1,2013,2060,2061,-1,2013,2061,2014,-1,2014,2061,2062,-1,2014,2062,2015,-1,2015,2062,2063,-1,2015,2063,2016,-1,2016,2063,2064,-1,2016,2064,2017,-1,2017,2064,2065,-1,2017,2065,2018,-1,2018,2065,2066,-1,2018,2066,2019,-1,2019,2066,2067,-1,2019,2067,2020,-1,2020,2067,2068,-1,2020,2068,2021,-1,2021,2068,2069,-1,2021,2069,2022,-1,2022,2069,2070,-1,2022,2070,2023,-1,2023,2070,2071,-1,2023,2071,2024,-1,2024,2071,2072,-1,2024,2072,2025,-1,2025,2072,2073,-1,2025,2073,2026,-1,2026,2073,2074,-1,2026,2074,2027,-1,2027,2074,2075,-1,2027,2075,2028,-1,2028,2075,2076,-1,2028,2076,2029,-1,2029,2076,2077,-1,2029,2077,2030,-1,2030,2077,2078,-1,2030,2078,2031,-1,2031,2078,2079,-1,2031,2079,2032,-1,2032,2079,2080,-1,2032,2080,2033,-1,2033,2080,2081,-1,2033,2081,2034,-1,2034,2081,2082,-1,2034,2082,2035,-1,2035,2082,2083,-1,2035,2083,2036,-1,2036,2083,2084,-1,2036,2084,2037,-1,2037,2084,2085,-1,2037,2085,2038,-1,2038,2085,2086,-1,2038,2086,2039,-1,2039,2086,2087,-1,2039,2087,2040,-1,2040,2087,2088,-1,2040,2088,2041,-1,2041,2088,2089,-1,2041,2089,2042,-1,2042,2089,2090,-1,2042,2090,2043,-1,2043,2090,2091,-1,2043,2091,2044,-1,2044,2091,2092,-1,2044,2092,2045,-1,2045,2092,2093,-1,2045,2093,2046,-1,2046,2093,2094,-1,2046,2094,2047,-1,2047,2094,2095,-1,2047,2095,2048,-1,2048,2095,2096,-1,2048,2096,2049,-1,2049,2096,2097,-1,2049,2097,2050,-1,2050,2097,2098,-1,2050,2098,2051,-1,2051,2098,2099,-1,2051,2099,2052,-1,2052,2099,2100,-1,2052,2100,2053,-1,2053,2100,2101,-1,2053,2101,2054,-1,2054,2101,2102,-1,2054,2102,2055,-1,2055,2102,2056,-1,2102,2103,2056,-1,2056,2103,2104,-1,2056,2104,2057,-1,2057,2104,2105,-1,2057,2105,2058,-1,2058,2105,2106,-1,2058,2106,2059,-1,2059,2106,2107,-1,2059,2107,2060,-1,2060,2107,2108,-1,2060,2108,2061,-1,2061,2108,2109,-1,2061,2109,2062,-1,2062,2109,2110,-1,2062,2110,2063,-1,2063,2110,2111,-1,2063,2111,2064,-1,2064,2111,2112,-1,2064,2112,2065,-1,2065,2112,2113,-1,2065,2113,2066,-1,2066,2113,2114,-1,2066,2114,2067,-1,2067,2114,2115,-1,2067,2115,2068,-1,2068,2115,2116,-1,2068,2116,2069,-1,2069,2116,2117,-1,2069,2117,2070,-1,2070,2117,2118,-1,2070,2118,2071,-1,2071,2118,2119,-1,2071,2119,2072,-1,2072,2119,2120,-1,2072,2120,2073,-1,2073,2120,2121,-1,2073,2121,2074,-1,2074,2121,2122,-1,2074,2122,2075,-1,2075,2122,2123,-1,2075,2123,2076,-1,2076,2123,2124,-1,2076,2124,2077,-1,2077,2124,2125,-1,2077,2125,2078,-1,2078,2125,2126,-1,2078,2126,2079,-1,2079,2126,2127,-1,2079,2127,2080,-1,2080,2127,2128,-1,2080,2128,2081,-1,2081,2128,2129,-1,2081,2129,2082,-1,2082,2129,2130,-1,2082,2130,2083,-1,2083,2130,2131,-1,2083,2131,2084,-1,2084,2131,2132,-1,2084,2132,2085,-1,2085,2132,2133,-1,2085,2133,2086,-1,2086,2133,2134,-1,2086,2134,2087,-1,2087,2134,2135,-1,2087,2135,2088,-1,2088,2135,2136,-1,2088,2136,2089,-1,2089,2136,2137,-1,2089,2137,2090,-1,2090,2137,2138,-1,2090,2138,2091,-1,2091,2138,2139,-1,2091,2139,2092,-1,2092,2139,2140,-1,2092,2140,2093,-1,2093,2140,2141,-1,2093,2141,2094,-1,2094,2141,2142,-1,2094,2142,2095,-1,2095,2142,2143,-1,2095,2143,2096,-1,2096,2143,2144,-1,2096,2144,2097,-1,2097,2144,2145,-1,2097,2145,2098,-1,2098,2145,2146,-1,2098,2146,2099,-1,2099,2146,2147,-1,2099,2147,2100,-1,2100,2147,2148,-1,2100,2148,2101,-1,2101,2148,2149,-1,2101,2149,2102,-1,2102,2149,2103,-1,2150,2126,2151,-1,2151,2126,2125,-1,2151,2125,2152,-1,2153,2128,2150,-1,2150,2128,2127,-1,2150,2127,2126,-1,2154,2155,2121,-1,2125,2124,2152,-1,2152,2124,2123,-1,2152,2123,2155,-1,2155,2123,2122,-1,2155,2122,2121,-1,2156,2130,2153,-1,2153,2130,2129,-1,2153,2129,2128,-1,2157,2132,2156,-1,2156,2132,2131,-1,2156,2131,2130,-1,2148,2158,2159,-1,2160,2134,2157,-1,2157,2134,2133,-1,2157,2133,2132,-1,2161,2136,2160,-1,2160,2136,2135,-1,2160,2135,2134,-1,2142,2162,2163,-1,2164,2144,2163,-1,2163,2144,2143,-1,2163,2143,2142,-1,2148,2147,2158,-1,2158,2147,2146,-1,2158,2146,2164,-1,2164,2146,2145,-1,2164,2145,2144,-1,2165,2138,2161,-1,2161,2138,2137,-1,2161,2137,2136,-1,2142,2141,2162,-1,2162,2141,2140,-1,2162,2140,2165,-1,2165,2140,2139,-1,2165,2139,2138,-1,2166,2103,2159,-1,2159,2103,2149,-1,2159,2149,2148,-1,2167,2105,2166,-1,2166,2105,2104,-1,2166,2104,2103,-1,2168,2107,2167,-1,2167,2107,2106,-1,2167,2106,2105,-1,2169,2109,2168,-1,2168,2109,2108,-1,2168,2108,2107,-1,2170,2111,2169,-1,2169,2111,2110,-1,2169,2110,2109,-1,2171,2113,2170,-1,2170,2113,2112,-1,2170,2112,2111,-1,2121,2120,2154,-1,2154,2120,2119,-1,2154,2119,2172,-1,2173,2115,2171,-1,2171,2115,2114,-1,2171,2114,2113,-1,2119,2118,2172,-1,2172,2118,2117,-1,2172,2117,2173,-1,2173,2117,2116,-1,2173,2116,2115,-1,2159,2174,2166,-1,2166,2174,2175,-1,2166,2175,2167,-1,2167,2175,2176,-1,2167,2176,2168,-1,2168,2176,2177,-1,2168,2177,2169,-1,2169,2177,2178,-1,2169,2178,2170,-1,2170,2178,2179,-1,2170,2179,2171,-1,2171,2179,2180,-1,2171,2180,2173,-1,2173,2180,2181,-1,2173,2181,2172,-1,2172,2181,2182,-1,2172,2182,2154,-1,2154,2182,2183,-1,2154,2183,2155,-1,2155,2183,2184,-1,2155,2184,2152,-1,2152,2184,2185,-1,2152,2185,2151,-1,2151,2185,2186,-1,2151,2186,2150,-1,2150,2186,2187,-1,2150,2187,2153,-1,2153,2187,2188,-1,2153,2188,2156,-1,2156,2188,2189,-1,2156,2189,2157,-1,2157,2189,2190,-1,2157,2190,2160,-1,2160,2190,2191,-1,2160,2191,2161,-1,2161,2191,2192,-1,2161,2192,2165,-1,2165,2192,2193,-1,2165,2193,2162,-1,2162,2193,2194,-1,2162,2194,2163,-1,2163,2194,2195,-1,2163,2195,2164,-1,2164,2195,2196,-1,2164,2196,2158,-1,2158,2196,2197,-1,2158,2197,2159,-1,2159,2197,2174,-1,1450,1452,1782,-1,1443,1442,1782,-1,1782,1442,1448,-1,1782,1448,1447,-1,1447,1445,1782,-1,1782,1445,1444,-1,1782,1444,1449,-1,1452,1420,1421,-1,1802,1437,1782,-1,1782,1437,1436,-1,1433,1438,1782,-1,1782,1438,1440,-1,1782,1440,1443,-1,1449,1403,1782,-1,1782,1403,1402,-1,1782,1402,1450,-1,1452,1453,1420,-1,1420,1453,1355,-1,1420,1355,1354,-1,1411,1417,1416,-1,1436,1435,1782,-1,1782,1435,1434,-1,1782,1434,1433,-1,1413,1418,1412,-1,1412,1418,1420,-1,1412,1420,1408,-1,1408,1420,1354,-1,1411,1416,1412,-1,1412,1416,1414,-1,1412,1414,1413,-1,1421,1423,1452,-1,1452,1423,1429,-1,1452,1429,1428,-1,1428,1427,1452,-1,1452,1427,1426,-1,1452,1426,1425,-1,1425,1430,1452,-1,1452,1430,1432,-1,1452,1432,1782,-1,1792,1627,1780,-1,1780,1627,1626,-1,1630,1780,1628,-1,1628,1780,1621,-1,1643,1642,1780,-1,1659,1661,1780,-1,1626,1624,1780,-1,1780,1624,1622,-1,1780,1622,1621,-1,1630,1631,1780,-1,1780,1631,1633,-1,1780,1633,1636,-1,1638,1780,1639,-1,1639,1780,1640,-1,1666,1665,1661,-1,1636,1635,1780,-1,1780,1635,1641,-1,1780,1641,1640,-1,1642,1647,1780,-1,1780,1647,1567,-1,1780,1567,1566,-1,1664,1663,1669,-1,1638,1646,1780,-1,1780,1646,1645,-1,1780,1645,1643,-1,1566,1648,1780,-1,1780,1648,1650,-1,1780,1650,1651,-1,1665,1672,1661,-1,1661,1672,1673,-1,1661,1673,1780,-1,1651,1653,1780,-1,1780,1653,1658,-1,1780,1658,1657,-1,1657,1655,1780,-1,1780,1655,1654,-1,1780,1654,1659,-1,1664,1669,1661,-1,1661,1669,1668,-1,1661,1668,1666,-1,1802,1782,1799,-1,1799,1782,1784,-1,1784,1787,1799,-1,1799,1787,1790,-1,1799,1790,1797,-1,1797,1790,1792,-1,1797,1792,1780,-1,1346,1352,2198,-1,1346,2198,2199,-1,2199,2198,2200,-1,2199,2200,2201,-1,2201,2200,2202,-1,2201,2202,2203,-1,2203,2202,2204,-1,2203,2204,2205,-1,2205,2204,2206,-1,2205,2206,2207,-1,2207,2206,2208,-1,2207,2208,2209,-1,2195,2194,2210,-1,2183,2182,2208,-1,2194,2193,2210,-1,2210,2193,2192,-1,2210,2192,2211,-1,2211,2192,2191,-1,2211,2191,2190,-1,2190,2189,2211,-1,2211,2189,2188,-1,2211,2188,2187,-1,2187,2186,2211,-1,2211,2186,2185,-1,2211,2185,2208,-1,2208,2185,2184,-1,2208,2184,2183,-1,2182,2181,2208,-1,2208,2181,2180,-1,2208,2180,2209,-1,2209,2180,2179,-1,2209,2179,2178,-1,2178,2177,2209,-1,2209,2177,2176,-1,2209,2176,2175,-1,2175,2174,2209,-1,2209,2174,2197,-1,2209,2197,2210,-1,2210,2197,2196,-1,2210,2196,2195,-1,2210,2211,2212,-1,2210,2212,2213,-1,2213,2212,2214,-1,2213,2214,2215,-1,2215,2214,2216,-1,2215,2216,2217,-1,2217,2216,2218,-1,2217,2218,2219,-1,2219,2218,2220,-1,2219,2220,2221,-1,2221,2220,1340,-1,2221,1340,1338,-1,1344,1342,2222,-1,1344,2222,2223,-1,2223,2222,2224,-1,2223,2224,2225,-1,2225,2224,2226,-1,2225,2226,2227,-1,2227,2226,2228,-1,2227,2228,2229,-1,2229,2228,2230,-1,2229,2230,2231,-1,2231,2230,2232,-1,2231,2232,2233,-1,2234,2233,2235,-1,2235,2233,2232,-1,2234,2235,2236,-1,2234,2236,2237,-1,2237,2236,2238,-1,2237,2238,2239,-1,2239,2238,2240,-1,2239,2240,2241,-1,2241,2240,2242,-1,2241,2242,2243,-1,2243,2242,2244,-1,2243,2244,2245,-1,2245,2244,1350,-1,2245,1350,1348,-1,2245,1348,2234,-1,2210,2233,2209,-1,2209,2233,2234,-1,2237,2239,2241,-1,2227,2229,2231,-1,2234,1348,2209,-1,2209,1348,1346,-1,2209,1346,2207,-1,2201,2203,2205,-1,2210,2213,1338,-1,1338,2213,2215,-1,1338,2215,2221,-1,2221,2215,2217,-1,2221,2217,2219,-1,2237,2241,2234,-1,2234,2241,2243,-1,2234,2243,2245,-1,2227,2231,2225,-1,2207,1346,2205,-1,2205,1346,2199,-1,2205,2199,2201,-1,2210,1338,2233,-1,2233,1338,1344,-1,2233,1344,2231,-1,2231,1344,2223,-1,2231,2223,2225,-1,2232,2211,2235,-1,2235,2211,2208,-1,1340,2211,1342,-1,1342,2211,2232,-1,1342,2232,2230,-1,2230,2228,2226,-1,2204,1352,2206,-1,2206,1352,2208,-1,2208,1352,2235,-1,2235,1352,1350,-1,2235,1350,2236,-1,2244,2242,2240,-1,2226,2224,2230,-1,2230,2224,2222,-1,2230,2222,1342,-1,2218,2216,2220,-1,2220,2216,2214,-1,2220,2214,1340,-1,1340,2214,2212,-1,1340,2212,2211,-1,2202,2200,2204,-1,2204,2200,2198,-1,2204,2198,1352,-1,2244,2240,1350,-1,1350,2240,2238,-1,1350,2238,2236,-1,1339,1351,1337,-1,1337,1351,1345,-1,1349,1341,1347,-1,1347,1341,1343,-1,1349,1351,1341,-1,1341,1351,1339,-1,1345,1347,1337,-1,1337,1347,1343,-1,
        ]
    }
}
Shape{
    appearance Appearance {
        material  Material 	{
            diffuseColor 0.0 0.8431372549019608 0.5098039215686274
            specularColor 0.0 0.4235294117647059 0.2549019607843137
            ambientIntensity 0.553
            transparency 0.0
            shininess 0.5
        }
    }
    geometry IndexedFaceSet {
        ccw TRUE
        solid FALSE
        coord DEF co Coordinate {
            point [
                -1.2559 -2.0925 1.8119, -1.7638 -2.0925 1.8119, -1.2559 -2.0925 1.0236, -1.7638 -2.0925 0.0, -0.2717 -2.0925 1.0236, 0.2362 -2.0925 0.0, -0.2717 -2.0925 1.8119, 0.2362 -2.0925 1.8119, 0.2362 1.9213 2.8536, 0.2362 1.8678 2.8514, 0.2362 2.1201 0.0, 0.2362 2.1201 2.6378, 0.2362 1.416 5.5512, 0.2362 -1.2292 5.5512, 0.2362 2.1134 2.691, 0.2362 2.094 2.7409, 0.2362 2.0628 2.7845, 0.2362 2.0219 2.8191, 0.2362 1.9738 2.8426, -1.7638 2.094 2.7409, -1.7638 2.1134 2.691, -1.7638 2.1201 2.6378, -1.7638 2.1201 0.0, -1.7638 -1.2292 5.5512, -1.7638 1.416 5.5512, -1.7638 1.8678 2.8514, -1.7638 1.9213 2.8536, -1.7638 1.9738 2.8426, -1.7638 2.0219 2.8191, -1.7638 2.0628 2.7845, -0.0514 -1.6201 1.0236, -0.0514 -1.6201 2.8346, -0.0514 -1.6201 3.8583, -1.4762 -1.6201 1.0236, -1.4762 -1.6201 2.8346, -1.4762 -1.6201 3.8583, -0.252 1.3631 0.0, -1.2756 1.3631 0.0, -1.2756 1.1072 0.0, -1.5118 1.1072 0.0, -1.5118 -0.9204 0.0, -0.0158 -1.1763 0.0, -1.2756 -0.9204 0.0, -1.2756 -1.1763 0.0, -1.5118 -1.1763 0.0, -1.5118 -1.8465 0.0, -0.0158 -1.8465 0.0, -0.252 1.1072 0.0, -0.0158 1.1072 0.0, -0.0158 -0.9204 0.0, -0.252 -0.9204 0.0, -0.252 -1.1763 0.0, -0.252 -1.1763 2.4409, -0.0158 -1.1763 2.8346, -1.2756 -1.1763 2.4409, -1.5118 -1.1763 2.8346, -1.2756 1.1072 2.4409, -0.252 1.1072 2.4409, -0.0158 1.1072 5.1378, -1.5118 1.1072 5.1378, -0.252 -0.9204 2.4409, -1.2756 -0.9204 2.4409, -1.5118 -0.9204 5.1378, -0.0158 -0.9204 5.1378, -1.4382 2.1201 0.7085, -1.4382 2.1201 2.5282, -0.0894 2.1201 2.5282, -0.0894 2.1201 0.7085, -0.014 0.2584 5.5512, 0.0039 0.0934 5.5512, -0.014 -0.0717 5.5512, -0.067 -0.229 5.5512, -1.048 -0.6198 5.5512, -1.1946 -0.542 5.5512, -1.3212 -0.4346 5.5512, -1.4216 -0.3024 5.5512, -1.4913 0.3385 5.5512, -1.4216 0.4892 5.5512, -1.3212 0.6213 5.5512, -1.1946 0.7288 5.5512, -0.5584 0.8331 5.5512, -0.4042 0.7717 5.5512, -0.2668 0.6785 5.5512, -0.1526 -0.3712 5.5512, -0.2668 -0.4917 5.5512, -0.4042 -0.5849 5.5512, -0.1526 0.558 5.5512, -0.067 0.4157 5.5512, -0.5584 -0.6463 5.5512, -0.7222 -0.6732 5.5512, -0.888 -0.6642 5.5512, -1.4913 -0.1517 5.5512, -1.527 0.0104 5.5512, -1.527 0.1764 5.5512, -1.048 0.8066 5.5512, -0.888 0.851 5.5512, -0.7222 0.86 5.5512, -1.5118 -1.8465 0.4724, -0.0158 -1.8465 0.4724, -1.5118 -1.6201 0.6988, -0.0158 -1.6201 0.6988, -1.5118 -1.6201 2.8346, -0.0158 -1.6201 2.8346, -1.5118 -0.7826 5.1378, -0.0158 -0.7826 5.1378, -1.5118 -0.7826 4.2126, -0.0158 -0.7826 4.2126, -1.2201 -0.0289 4.2126, -1.2362 0.0934 4.2126, -1.5118 0.9694 4.2126, -1.1729 -0.1428 4.2126, -1.0979 -0.2407 4.2126, -1.0 -0.3158 4.2126, -0.5276 -0.3158 4.2126, -0.4297 -0.2407 4.2126, -0.3547 -0.1428 4.2126, -0.8861 -0.363 4.2126, -0.7638 -0.3791 4.2126, -0.6415 -0.363 4.2126, -0.3075 0.2157 4.2126, -0.0158 0.9694 4.2126, -0.2914 0.0934 4.2126, -0.3075 -0.0289 4.2126, -0.3547 0.3296 4.2126, -0.4297 0.4275 4.2126, -0.5276 0.5025 4.2126, -1.0 0.5025 4.2126, -1.0979 0.4275 4.2126, -0.6415 0.5497 4.2126, -0.7638 0.5658 4.2126, -0.8861 0.5497 4.2126, -1.1729 0.3296 4.2126, -1.2201 0.2157 4.2126, -1.5118 0.9694 5.1378, -0.0158 0.9694 5.1378, -1.2756 1.3631 2.4409, -0.252 1.3631 2.4409, -0.2914 1.3631 0.8661, -1.2362 1.3631 0.8661, -1.2362 1.3631 2.0472, -0.2914 1.3631 2.0472, -0.0162 0.2579 5.3543, -0.0051 0.2106 5.3543, -0.0319 0.325 5.3543, -0.0682 0.4153 5.3543, -0.0758 0.434 5.3543, -0.1359 0.5351 5.3543, -0.2106 0.6257 5.3543, -0.1539 0.5569 5.3543, -0.4044 0.7711 5.3543, -0.397 0.7678 5.3543, -0.2984 0.7039 5.3543, -0.2681 0.677 5.3543, -0.5043 0.8159 5.3543, -0.559 0.8309 5.3543, -0.6176 0.8471 5.3543, -0.7223 0.8591 5.3543, -0.7344 0.8605 5.3543, -0.8518 0.856 5.3543, -0.9672 0.8337 5.3543, -0.8876 0.8491 5.3543, -1.194 0.728 5.3543, -1.1811 0.7378 5.3543, -1.0778 0.7939 5.3543, -1.0474 0.8049 5.3543, -1.2746 0.6665 5.3543, -1.3196 0.6198 5.3543, -1.3561 0.5818 5.3543, -1.4214 0.489 5.3543, -1.4237 0.4857 5.3543, -1.4759 0.3804 5.3543, -1.5113 0.2683 5.3543, -1.4893 0.3379 5.3543, -1.5256 0.0106 5.3543, -1.5293 0.0346 5.3543, -1.5293 0.1522 5.3543, -1.5256 0.1762 5.3543, -1.5113 -0.0815 5.3543, -1.4893 -0.1511 5.3543, -1.4759 -0.1936 5.3543, -1.4237 -0.2989 5.3543, -1.3561 -0.3951 5.3543, -1.4214 -0.3022 5.3543, -1.2746 -0.4798 5.3543, -1.3196 -0.433 5.3543, -1.0474 -0.6181 5.3543, -1.0778 -0.6072 5.3543, -1.1811 -0.551 5.3543, -1.194 -0.5412 5.3543, -0.9672 -0.6469 5.3543, -0.8876 -0.6623 5.3543, -0.8518 -0.6693 5.3543, -0.7344 -0.6738 5.3543, -0.6176 -0.6603 5.3543, -0.7223 -0.6724 5.3543, -0.5043 -0.6291 5.3543, -0.559 -0.6442 5.3543, -0.2681 -0.4902 5.3543, -0.2984 -0.5172 5.3543, -0.397 -0.5811 5.3543, -0.4044 -0.5844 5.3543, -0.2106 -0.439 5.3543, -0.1539 -0.3702 5.3543, -0.1359 -0.3483 5.3543, -0.0758 -0.2473 5.3543, -0.0319 -0.1382 5.3543, -0.0682 -0.2285 5.3543, 0.0039 0.0934 5.3543, -0.0051 -0.0238 5.3543, -0.0162 -0.0712 5.3543, -0.0463 0.3205 5.3435, -0.2215 0.6153 5.3435, -0.5094 0.8017 5.3435, -0.6205 0.8322 5.3435, -0.9632 0.8191 5.3435, -1.2645 0.6553 5.3435, -1.4107 0.478 5.3435, -1.4966 0.2649 5.3435, -1.4966 -0.0781 5.3435, -1.3444 -0.3855 5.3435, -1.2645 -0.4685 5.3435, -0.9632 -0.6323 5.3435, -0.6205 -0.6455 5.3435, -0.4043 -0.5678 5.3435, -0.2215 -0.4285 5.3435, -0.0463 -0.1337 5.3435, -0.0162 0.2579 5.2165, -0.0051 0.2106 5.2165, -0.02 0.2083 5.2274, -0.1539 0.5569 5.2165, -0.1359 0.5351 5.2165, -0.1482 0.5264 5.2274, -0.4044 0.7711 5.2165, -0.397 0.7678 5.2165, -0.4043 0.7546 5.2274, -0.559 0.8309 5.2165, -0.5043 0.8159 5.2165, -0.5094 0.8017 5.2274, -0.8876 0.8491 5.2165, -0.8518 0.856 5.2165, -0.8501 0.841 5.2274, -1.194 0.728 5.2165, -1.1811 0.7378 5.2165, -1.1729 0.7251 5.2274, -1.4214 0.489 5.2165, -1.3561 0.5818 5.2165, -1.3444 0.5722 5.2274, -1.4893 0.3379 5.2165, -1.4759 0.3804 5.2165, -1.4619 0.3747 5.2274, -1.5256 0.0106 5.2165, -1.5293 0.0346 5.2165, -1.5142 0.0358 5.2274, -1.4214 -0.3022 5.2165, -1.4237 -0.2989 5.2165, -1.4107 -0.2912 5.2274, -1.3196 -0.433 5.2165, -1.3561 -0.3951 5.2165, -1.3444 -0.3855 5.2274, -1.0474 -0.6181 5.2165, -1.0778 -0.6072 5.2165, -1.0717 -0.5934 5.2274, -0.7223 -0.6724 5.2165, -0.7344 -0.6738 5.2165, -0.735 -0.6587 5.2274, -0.4044 -0.5844 5.2165, -0.5043 -0.6291 5.2165, -0.5094 -0.6149 5.2274, -0.2681 -0.4902 5.2165, -0.2984 -0.5172 5.2165, -0.3075 -0.5052 5.2274, -0.0682 -0.2285 5.2165, -0.0758 -0.2473 5.2165, -0.0893 -0.2406 5.2274, -0.0319 -0.1382 5.2165, -0.2106 -0.439 5.2165, -0.6176 -0.6603 5.2165, -0.9672 -0.6469 5.2165, -1.2746 -0.4798 5.2165, -1.5113 -0.0815 5.2165, -1.5113 0.2683 5.2165, -1.2746 0.6665 5.2165, -0.9672 0.8337 5.2165, -0.6176 0.8471 5.2165, -0.2106 0.6257 5.2165, -0.0319 0.325 5.2165, -0.0051 -0.0238 5.2165, -0.0162 -0.0712 5.2165, -0.02 -0.0215 5.2274, -0.0463 -0.1337 5.2274, -0.032 -0.0196 5.2415, -0.0578 -0.13 5.2415, -0.0404 -0.0184 5.2581, -0.0659 -0.1275 5.2581, -0.0447 -0.0177 5.2761, -0.0701 -0.1262 5.2761, -0.0447 -0.0177 5.2947, -0.0701 -0.1262 5.2947, -0.0404 -0.0184 5.3128, -0.0659 -0.1275 5.3128, -0.032 -0.0196 5.3294, -0.0578 -0.13 5.3294, -0.02 -0.0215 5.3435, -0.1359 -0.3483 5.2165, -0.1539 -0.3702 5.2165, -0.1482 -0.3396 5.2274, -0.2215 -0.4285 5.2274, -0.1581 -0.3326 5.2415, -0.2303 -0.4201 5.2415, -0.1651 -0.3278 5.2581, -0.2364 -0.4142 5.2581, -0.1686 -0.3252 5.2761, -0.2395 -0.4112 5.2761, -0.1686 -0.3252 5.2947, -0.2395 -0.4112 5.2947, -0.1651 -0.3278 5.3128, -0.2364 -0.4142 5.3128, -0.1581 -0.3326 5.3294, -0.2303 -0.4201 5.3294, -0.1482 -0.3396 5.3435, -0.559 -0.6442 5.2165, -0.6205 -0.6455 5.2274, -0.5135 -0.6035 5.2415, -0.6228 -0.6336 5.2415, -0.5164 -0.5955 5.2581, -0.6244 -0.6252 5.2581, -0.5178 -0.5914 5.2761, -0.6253 -0.621 5.2761, -0.5178 -0.5914 5.2947, -0.6253 -0.621 5.2947, -0.5164 -0.5955 5.3128, -0.6244 -0.6252 5.3128, -0.5135 -0.6035 5.3294, -0.6228 -0.6336 5.3294, -0.5094 -0.6149 5.3435, -0.8518 -0.6693 5.2165, -0.8876 -0.6623 5.2165, -0.8501 -0.6543 5.2274, -0.9632 -0.6323 5.2274, -0.8487 -0.6422 5.2415, -0.96 -0.6206 5.2415, -0.8477 -0.6338 5.2581, -0.9578 -0.6125 5.2581, -0.8472 -0.6295 5.2761, -0.9566 -0.6083 5.2761, -0.8472 -0.6295 5.2947, -0.9566 -0.6083 5.2947, -0.8477 -0.6338 5.3128, -0.9578 -0.6125 5.3128, -0.8487 -0.6422 5.3294, -0.96 -0.6206 5.3294, -0.8501 -0.6543 5.3435, -1.1811 -0.551 5.2165, -1.194 -0.5412 5.2165, -1.1729 -0.5383 5.2274, -1.2645 -0.4685 5.2274, -1.1663 -0.5282 5.2415, -1.2565 -0.4594 5.2415, -1.1617 -0.521 5.2581, -1.2508 -0.4531 5.2581, -1.1593 -0.5174 5.2761, -1.2479 -0.4498 5.2761, -1.1593 -0.5174 5.2947, -1.2479 -0.4498 5.2947, -1.1617 -0.521 5.3128, -1.2508 -0.4531 5.3128, -1.1663 -0.5282 5.3294, -1.2565 -0.4594 5.3294, -1.1729 -0.5383 5.3435, -1.4759 -0.1936 5.2165, -1.4893 -0.1511 5.2165, -1.4619 -0.188 5.2274, -1.4966 -0.0781 5.2274, -1.4506 -0.1834 5.2415, -1.4848 -0.0753 5.2415, -1.4427 -0.1803 5.2581, -1.4766 -0.0734 5.2581, -1.4387 -0.1786 5.2761, -1.4723 -0.0724 5.2761, -1.4387 -0.1786 5.2947, -1.4723 -0.0724 5.2947, -1.4427 -0.1803 5.3128, -1.4766 -0.0734 5.3128, -1.4506 -0.1834 5.3294, -1.4848 -0.0753 5.3294, -1.4619 -0.188 5.3435, -1.5293 0.1522 5.2165, -1.5256 0.1762 5.2165, -1.5142 0.151 5.2274, -1.4966 0.2649 5.2274, -1.5021 0.1501 5.2415, -1.4848 0.2621 5.2415, -1.4937 0.1494 5.2581, -1.4766 0.2602 5.2581, -1.4893 0.1491 5.2761, -1.4723 0.2592 5.2761, -1.4893 0.1491 5.2947, -1.4723 0.2592 5.2947, -1.4937 0.1494 5.3128, -1.4766 0.2602 5.3128, -1.5021 0.1501 5.3294, -1.4848 0.2621 5.3294, -1.5142 0.151 5.3435, -1.3196 0.6198 5.2165, -1.2645 0.6553 5.2274, -1.3351 0.5645 5.2415, -1.2565 0.6462 5.2415, -1.3285 0.5591 5.2581, -1.2508 0.6399 5.2581, -1.3252 0.5563 5.2761, -1.2479 0.6366 5.2761, -1.3252 0.5563 5.2947, -1.2479 0.6366 5.2947, -1.3285 0.5591 5.3128, -1.2508 0.6399 5.3128, -1.3351 0.5645 5.3294, -1.2565 0.6462 5.3294, -1.3444 0.5722 5.3435, -1.0778 0.7939 5.2165, -1.0474 0.8049 5.2165, -1.0717 0.7802 5.2274, -0.9632 0.8191 5.2274, -1.0667 0.7691 5.2415, -0.96 0.8074 5.2415, -1.0632 0.7613 5.2581, -0.9578 0.7992 5.2581, -1.0615 0.7574 5.2761, -0.9566 0.795 5.2761, -1.0615 0.7574 5.2947, -0.9566 0.795 5.2947, -1.0632 0.7613 5.3128, -0.9578 0.7992 5.3128, -1.0667 0.7691 5.3294, -0.96 0.8074 5.3294, -1.0717 0.7802 5.3435, -0.7344 0.8605 5.2165, -0.7223 0.8591 5.2165, -0.735 0.8455 5.2274, -0.6205 0.8322 5.2274, -0.7354 0.8333 5.2415, -0.6228 0.8203 5.2415, -0.7358 0.8249 5.2581, -0.6244 0.812 5.2581, -0.7359 0.8205 5.2761, -0.6253 0.8077 5.2761, -0.7359 0.8205 5.2947, -0.6253 0.8077 5.2947, -0.7358 0.8249 5.3128, -0.6244 0.812 5.3128, -0.7354 0.8333 5.3294, -0.6228 0.8203 5.3294, -0.735 0.8455 5.3435, -0.2984 0.7039 5.2165, -0.2681 0.677 5.2165, -0.3075 0.6919 5.2274, -0.2215 0.6153 5.2274, -0.3149 0.6823 5.2415, -0.2303 0.6069 5.2415, -0.32 0.6755 5.2581, -0.2364 0.601 5.2581, -0.3227 0.6721 5.2761, -0.2395 0.598 5.2761, -0.3227 0.6721 5.2947, -0.2395 0.598 5.2947, -0.32 0.6755 5.3128, -0.2364 0.601 5.3128, -0.3149 0.6823 5.3294, -0.2303 0.6069 5.3294, -0.3075 0.6919 5.3435, -0.0758 0.434 5.2165, -0.0682 0.4153 5.2165, -0.0893 0.4273 5.2274, -0.0463 0.3205 5.2274, -0.1002 0.422 5.2415, -0.0578 0.3168 5.2415, -0.1078 0.4182 5.2581, -0.0659 0.3142 5.2581, -0.1117 0.4163 5.2761, -0.0701 0.3129 5.2761, -0.1117 0.4163 5.2947, -0.0701 0.3129 5.2947, -0.1078 0.4182 5.3128, -0.0659 0.3142 5.3128, -0.1002 0.422 5.3294, -0.0578 0.3168 5.3294, -0.0893 0.4273 5.3435, 0.0039 0.0934 5.2165, -0.0112 0.0934 5.2274, -0.0233 0.0934 5.2415, -0.0318 0.0934 5.2581, -0.0362 0.0934 5.2761, -0.0362 0.0934 5.2947, -0.0318 0.0934 5.3128, -0.0233 0.0934 5.3294, -0.0112 0.0934 5.3435, -0.0893 -0.2406 5.3435, -0.1002 -0.2352 5.3294, -0.1078 -0.2314 5.3128, -0.1117 -0.2295 5.2947, -0.1117 -0.2295 5.2761, -0.1078 -0.2314 5.2581, -0.1002 -0.2352 5.2415, -0.3075 -0.5052 5.3435, -0.3149 -0.4955 5.3294, -0.32 -0.4888 5.3128, -0.3227 -0.4853 5.2947, -0.3227 -0.4853 5.2761, -0.32 -0.4888 5.2581, -0.3149 -0.4955 5.2415, -0.397 -0.5811 5.2165, -0.4043 -0.5678 5.2274, -0.4101 -0.5571 5.2415, -0.4141 -0.5497 5.2581, -0.4162 -0.5459 5.2761, -0.4162 -0.5459 5.2947, -0.4141 -0.5497 5.3128, -0.4101 -0.5571 5.3294, -0.735 -0.6587 5.3435, -0.7354 -0.6466 5.3294, -0.7358 -0.6381 5.3128, -0.7359 -0.6337 5.2947, -0.7359 -0.6337 5.2761, -0.7358 -0.6381 5.2581, -0.7354 -0.6466 5.2415, -1.0717 -0.5934 5.3435, -1.0667 -0.5823 5.3294, -1.0632 -0.5746 5.3128, -1.0615 -0.5706 5.2947, -1.0615 -0.5706 5.2761, -1.0632 -0.5746 5.2581, -1.0667 -0.5823 5.2415, -1.3351 -0.3777 5.3294, -1.3285 -0.3723 5.3128, -1.3252 -0.3696 5.2947, -1.3252 -0.3696 5.2761, -1.3285 -0.3723 5.2581, -1.3351 -0.3777 5.2415, -1.4107 -0.2912 5.3435, -1.4003 -0.285 5.3294, -1.393 -0.2807 5.3128, -1.3893 -0.2785 5.2947, -1.3893 -0.2785 5.2761, -1.393 -0.2807 5.2581, -1.4003 -0.285 5.2415, -1.5142 0.0358 5.3435, -1.5021 0.0367 5.3294, -1.4937 0.0374 5.3128, -1.4893 0.0377 5.2947, -1.4893 0.0377 5.2761, -1.4937 0.0374 5.2581, -1.5021 0.0367 5.2415, -1.4619 0.3747 5.3435, -1.4506 0.3702 5.3294, -1.4427 0.367 5.3128, -1.4387 0.3654 5.2947, -1.4387 0.3654 5.2761, -1.4427 0.367 5.2581, -1.4506 0.3702 5.2415, -1.4237 0.4857 5.2165, -1.4107 0.478 5.2274, -1.4003 0.4718 5.2415, -1.393 0.4675 5.2581, -1.3893 0.4652 5.2761, -1.3893 0.4652 5.2947, -1.393 0.4675 5.3128, -1.4003 0.4718 5.3294, -1.1729 0.7251 5.3435, -1.1663 0.7149 5.3294, -1.1617 0.7078 5.3128, -1.1593 0.7041 5.2947, -1.1593 0.7041 5.2761, -1.1617 0.7078 5.2581, -1.1663 0.7149 5.2415, -0.8501 0.841 5.3435, -0.8487 0.829 5.3294, -0.8477 0.8206 5.3128, -0.8472 0.8162 5.2947, -0.8472 0.8162 5.2761, -0.8477 0.8206 5.2581, -0.8487 0.829 5.2415, -0.5135 0.7903 5.3294, -0.5164 0.7823 5.3128, -0.5178 0.7782 5.2947, -0.5178 0.7782 5.2761, -0.5164 0.7823 5.2581, -0.5135 0.7903 5.2415, -0.4043 0.7546 5.3435, -0.4101 0.7439 5.3294, -0.4141 0.7365 5.3128, -0.4162 0.7326 5.2947, -0.4162 0.7326 5.2761, -0.4141 0.7365 5.2581, -0.4101 0.7439 5.2415, -0.1482 0.5264 5.3435, -0.1581 0.5194 5.3294, -0.1651 0.5145 5.3128, -0.1686 0.512 5.2947, -0.1686 0.512 5.2761, -0.1651 0.5145 5.2581, -0.1581 0.5194 5.2415, -0.02 0.2083 5.3435, -0.032 0.2064 5.3294, -0.0404 0.2051 5.3128, -0.0447 0.2045 5.2947, -0.0447 0.2045 5.2761, -0.0404 0.2051 5.2581, -0.032 0.2064 5.2415, -0.014 0.2584 4.4095, 0.0039 0.0934 4.4095, -0.067 0.4157 4.4095, -0.1526 0.558 4.4095, -0.2668 0.6785 4.4095, -0.4042 0.7717 4.4095, -0.5584 0.8331 4.4095, -0.7222 0.86 4.4095, -0.888 0.851 4.4095, -1.048 0.8066 4.4095, -1.1946 0.7288 4.4095, -1.3212 0.6213 4.4095, -1.4216 0.4892 4.4095, -1.4913 0.3385 4.4095, -1.527 0.1764 4.4095, -1.527 0.0104 4.4095, -1.4913 -0.1517 4.4095, -1.4216 -0.3024 4.4095, -1.3212 -0.4346 4.4095, -1.1946 -0.542 4.4095, -1.048 -0.6198 4.4095, -0.888 -0.6642 4.4095, -0.7222 -0.6732 4.4095, -0.5584 -0.6463 4.4095, -0.4042 -0.5849 4.4095, -0.2668 -0.4917 4.4095, -0.1526 -0.3712 4.4095, -0.067 -0.229 4.4095, -0.014 -0.0717 4.4095, -1.2362 0.0934 4.4095, -1.2201 -0.0289 4.4095, -1.1729 -0.1428 4.4095, -1.0979 -0.2407 4.4095, -1.0 -0.3158 4.4095, -0.4297 -0.2407 4.4095, -0.3547 -0.1428 4.4095, -0.3075 -0.0289 4.4095, -0.2914 0.0934 4.4095, -0.3075 0.2157 4.4095, -0.3547 0.3296 4.4095, -0.8861 -0.363 4.4095, -0.7638 -0.3791 4.4095, -0.6415 -0.363 4.4095, -0.5276 -0.3158 4.4095, -0.8861 0.5497 4.4095, -1.0 0.5025 4.4095, -1.0979 0.4275 4.4095, -1.1729 0.3296 4.4095, -1.2201 0.2157 4.4095, -0.4297 0.4275 4.4095, -0.5276 0.5025 4.4095, -0.6415 0.5497 4.4095, -0.7638 0.5658 4.4095, -0.2914 1.687 2.0472, -1.2362 1.687 2.0472, -0.2914 1.687 0.8661, -1.2362 1.687 0.8661, 2.2362 0.2833 0.7871, 2.2362 0.2833 0.7237, 2.2362 0.4375 0.7237, 2.2362 0.2833 1.0411, 2.2362 0.2833 0.9942, 2.2362 0.4375 0.9942, 2.2362 0.8131 0.9302, 2.2362 0.8131 0.8789, 2.2362 0.843 0.8789, 2.2362 0.6225 0.7879, 2.2362 0.6156 0.7871, 2.2362 0.6558 0.7871, 2.2362 0.6125 1.1842, 2.2362 0.6125 1.133, 2.2362 0.6558 1.133, 2.2362 0.4985 1.2025, 2.2362 0.5108 1.204, 2.2362 0.4471 1.204, 2.2362 0.5399 1.0421, 2.2362 0.5296 1.0411, 2.2362 0.5826 1.0411, 2.2362 1.8678 2.8514, 2.2362 1.416 5.5512, 2.2362 0.8936 5.5512, 2.2362 2.0219 2.8191, 2.2362 1.9738 2.8426, 2.2362 1.7343 2.5591, 2.2362 1.9213 2.8536, 2.2362 1.5609 2.5591, 2.2362 2.1134 2.691, 2.2362 2.094 2.7409, 2.2362 2.0628 2.7845, 2.2362 1.7343 0.0, 2.2362 2.1201 0.0, 2.2362 1.7343 0.7237, 2.2362 2.1201 0.7237, 2.2362 1.7343 0.7871, 2.2362 2.1201 0.7871, 2.2362 1.7343 0.9942, 2.2362 2.1201 0.9942, 2.2362 1.7343 1.0411, 2.2362 2.1201 1.0411, 2.2362 1.7343 1.204, 2.2362 2.1201 1.204, 2.2362 2.1201 2.6378, 2.2362 0.9524 1.0863, 2.2362 0.8936 1.0863, 2.2362 0.9687 1.0425, 2.2362 0.8936 1.0411, 2.2362 0.9916 1.0425, 2.2362 0.8936 1.204, 2.2362 1.5609 1.204, 2.2362 0.9306 1.2026, 2.2362 1.5609 1.0411, 2.2362 1.5609 0.9942, 2.2362 0.9088 0.9486, 2.2362 0.8936 0.9942, 2.2362 0.9088 0.7884, 2.2362 0.8936 0.7871, 2.2362 0.9528 0.7884, 2.2362 1.1921 0.7884, 2.2362 1.1693 0.7884, 2.2362 1.1529 0.8322, 2.2362 1.0863 0.8322, 2.2362 1.0709 0.7884, 2.2362 1.048 0.7884, 2.2362 1.5609 0.7871, 2.2362 1.1311 0.9486, 2.2362 1.109 0.9486, 2.2362 1.0269 0.8251, 2.2362 1.015 0.8109, 2.2362 0.9984 0.799, 2.2362 0.9802 0.7918, 2.2362 1.015 0.9274, 2.2362 1.0205 0.922, 2.2362 1.0305 0.908, 2.2362 1.0364 0.8928, 2.2362 0.9544 0.9486, 2.2362 0.9789 0.9459, 2.2362 0.9982 0.9388, 2.2362 1.0391 0.8706, 2.2362 1.0387 0.8604, 2.2362 1.0348 0.8416, 2.2362 1.5609 0.7237, 2.2362 1.5609 0.0, 2.2362 0.8936 0.7237, 2.2362 0.2833 0.0, 2.2362 -0.2341 0.7161, 2.2362 -0.2616 0.7127, 2.2362 -1.1003 0.0, 2.2362 -0.266 0.7128, 2.2362 -0.2929 0.717, 2.2362 -1.1003 0.7237, 2.2362 -0.3087 0.7237, 2.2362 -0.3192 0.7281, 2.2362 -0.3415 0.7449, 2.2362 -0.3584 0.7658, 2.2362 -1.1003 0.7871, 2.2362 -0.3683 0.7871, 2.2362 -0.3698 0.7902, 2.2362 -0.3894 0.7964, 2.2362 -0.4299 0.8176, 2.2362 -0.4608 0.8448, 2.2362 -0.4651 0.8497, 2.2362 -0.4892 0.8864, 2.2362 -0.5043 0.9291, 2.2362 -1.1003 0.9942, 2.2362 -0.5087 0.9689, 2.2362 -0.5082 0.9823, 2.2362 -0.5058 0.9942, 2.2362 -1.1003 1.0411, 2.2362 -0.4552 1.0987, 2.2362 -0.445 1.1082, 2.2362 -1.1003 1.204, 2.2362 -0.4068 1.1338, 2.2362 -0.3643 1.149, 2.2362 -0.4993 1.0272, 2.2362 -0.4926 1.0411, 2.2362 -0.4801 1.0676, 2.2362 -0.3242 1.1534, 2.2362 -0.2479 1.2012, 2.2362 -0.2747 1.1783, 2.2362 -0.3111 1.1527, 2.2362 -0.298 1.1511, 2.2362 -1.2737 2.5591, 2.2362 -1.3006 5.2421, 2.2362 -1.3006 1.204, 2.2362 -0.0644 1.2407, 2.2362 -0.0072 1.2205, 2.2362 0.2833 5.5512, 2.2362 -1.1003 2.5591, 2.2362 -1.2292 5.5512, 2.2362 -0.1113 1.2456, 2.2362 -0.2434 1.204, 2.2362 -0.2203 1.2183, 2.2362 -0.1678 1.2386, 2.2362 -1.3006 0.0, 2.2362 -1.2737 0.0, 2.2362 -1.3006 0.7237, 2.2362 -1.2737 0.7237, 2.2362 -1.3006 0.7871, 2.2362 -1.2737 0.7871, 2.2362 -1.3006 0.9942, 2.2362 -1.2737 0.9942, 2.2362 -1.3006 1.0411, 2.2362 -1.2737 1.0411, 2.2362 -1.2737 1.204, 2.2362 0.75 0.9028, 2.2362 0.7708 0.9028, 2.2362 0.7816 0.9942, 2.2362 0.7133 0.8169, 2.2362 0.7158 0.8074, 2.2362 0.7163 0.8074, 2.2362 0.6931 0.9942, 2.2362 0.6931 0.875, 2.2362 0.7187 0.8167, 2.2362 0.7172 0.8114, 2.2362 0.6931 0.7871, 2.2362 0.6931 0.8211, 2.2362 0.661 0.9028, 2.2362 0.6558 0.9942, 2.2362 0.6834 0.9028, 2.2362 0.7058 0.7887, 2.2362 0.7052 0.7871, 2.2362 0.697 0.7679, 2.2362 0.6558 0.7237, 2.2362 0.6651 0.7362, 2.2362 0.6651 0.7541, 2.2362 0.6765 0.7518, 2.2362 0.6803 0.7521, 2.2362 0.6847 0.7535, 2.2362 0.6885 0.7558, 2.2362 0.6931 0.7382, 2.2362 0.6867 0.7356, 2.2362 0.6931 0.7237, 2.2362 0.6781 0.7346, 2.2362 0.6736 0.7347, 2.2362 0.6925 0.7598, 2.2362 0.6931 0.7609, 2.2362 0.7189 0.7712, 2.2362 0.7097 0.7533, 2.2362 0.7816 0.7237, 2.2362 0.7014 0.7437, 2.2362 0.6946 0.7388, 2.2362 0.5087 0.7897, 2.2362 0.5013 0.7871, 2.2362 0.5261 0.7884, 2.2362 0.4623 0.8429, 2.2362 0.4654 0.8753, 2.2362 0.4583 0.8372, 2.2362 0.4555 0.8301, 2.2362 0.516 0.7945, 2.2362 0.4471 0.7871, 2.2362 0.4578 0.8029, 2.2362 0.4553 0.8096, 2.2362 0.5098 0.8884, 2.2362 0.5029 0.8891, 2.2362 0.4922 0.8564, 2.2362 0.4684 0.8483, 2.2362 0.4769 0.8526, 2.2362 0.4793 0.884, 2.2362 0.4918 0.8881, 2.2362 0.4707 0.7901, 2.2362 0.464 0.7947, 2.2362 0.462 0.7968, 2.2362 0.5824 0.8504, 2.2362 0.5733 0.8132, 2.2362 0.5826 0.8503, 2.2362 0.5805 0.8087, 2.2362 0.5826 0.8078, 2.2362 0.4843 0.9029, 2.2362 0.4471 0.9942, 2.2362 0.4694 0.8971, 2.2362 0.4654 0.8948, 2.2362 0.5261 0.8061, 2.2362 0.5255 0.8061, 2.2362 0.5224 0.8013, 2.2362 0.5318 0.8981, 2.2362 0.5372 0.893, 2.2362 0.5763 0.8849, 2.2362 0.4542 0.8191, 2.2362 0.4543 0.8214, 2.2362 0.5261 0.8611, 2.2362 0.5254 0.8699, 2.2362 0.5233 0.8771, 2.2362 0.521 0.8812, 2.2362 0.5413 0.8866, 2.2362 0.5445 0.8775, 2.2362 0.5741 0.8784, 2.2362 0.5048 0.9054, 2.2362 0.5166 0.9044, 2.2362 0.5251 0.9018, 2.2362 0.5179 0.8845, 2.2362 0.5144 0.8868, 2.2362 0.5791 0.8539, 2.2362 0.5769 0.8573, 2.2362 0.5461 0.862, 2.2362 0.5745 0.8633, 2.2362 0.5734 0.872, 2.2362 0.5006 0.7868, 2.2362 0.5826 0.7237, 2.2362 0.4471 0.7237, 2.2362 0.4905 0.7857, 2.2362 0.4789 0.7871, 2.2362 0.4784 0.7872, 2.2362 0.543 1.2036, 2.2362 0.5598 1.1988, 2.2362 0.5826 1.204, 2.2362 0.5598 1.1772, 2.2362 0.5571 1.0478, 2.2362 0.526 1.0585, 2.2362 0.5441 1.0619, 2.2362 0.5598 1.0689, 2.2362 0.5598 1.0491, 2.2362 0.5418 1.1843, 2.2362 0.522 1.1867, 2.2362 0.4616 1.1208, 2.2362 0.4695 1.0859, 2.2362 0.4773 1.0751, 2.2362 0.4804 1.072, 2.2362 0.4909 1.0646, 2.2362 0.5023 1.0602, 2.2362 0.5184 1.0582, 2.2362 0.4784 1.1689, 2.2362 0.4697 1.1568, 2.2362 0.4893 1.1779, 2.2362 0.5019 1.1837, 2.2362 0.5158 1.1864, 2.2362 0.4643 1.143, 2.2362 0.558 1.1781, 2.2362 0.4618 1.1149, 2.2362 0.4643 1.0988, 2.2362 0.5218 1.2053, 2.2362 0.4471 5.5512, 2.2362 0.5826 5.5512, 2.2362 0.5221 1.2053, 2.2362 0.5389 1.204, 2.2362 0.4514 1.1666, 2.2362 0.463 1.1817, 2.2362 0.4669 1.1854, 2.2362 0.4818 1.196, 2.2362 0.4375 1.204, 2.2362 0.4438 1.1488, 2.2362 0.4471 1.1564, 2.2362 0.4471 1.0832, 2.2362 0.4431 1.0932, 2.2362 0.4375 1.0411, 2.2362 0.4399 1.1195, 2.2362 0.4402 1.1279, 2.2362 0.4733 1.0509, 2.2362 0.4604 1.0616, 2.2362 0.4471 1.0411, 2.2362 0.4497 1.0766, 2.2362 0.5155 1.0398, 2.2362 0.5058 1.0402, 2.2362 0.5014 1.0411, 2.2362 0.4884 1.0438, 2.2362 0.5798 0.8904, 2.2362 0.5826 0.9942, 2.2362 0.6558 1.204, 2.2362 0.6558 1.2026, 2.2362 0.6743 1.2026, 2.2362 0.6931 1.204, 2.2362 0.6743 1.1842, 2.2362 0.6931 1.0411, 2.2362 0.6125 1.0607, 2.2362 0.6558 1.0607, 2.2362 0.6125 1.1146, 2.2362 0.6558 1.1146, 2.2362 0.6698 1.1146, 2.2362 0.6698 1.133, 2.2362 0.6558 1.1842, 2.2362 0.678 1.0607, 2.2362 0.678 1.0425, 2.2362 0.6558 1.0411, 2.2362 0.6558 1.0425, 2.2362 0.5918 1.0425, 2.2362 0.5918 1.2026, 2.2362 0.7816 1.0411, 2.2362 0.7797 1.0459, 2.2362 0.7523 1.0425, 2.2362 0.7539 1.2026, 2.2362 0.7816 1.204, 2.2362 0.7082 1.0425, 2.2362 0.7082 1.2026, 2.2362 0.8343 1.0957, 2.2362 0.8264 1.0791, 2.2362 0.843 1.0411, 2.2362 0.82 1.176, 2.2362 0.8299 1.1621, 2.2362 0.843 1.204, 2.2362 0.8144 1.0649, 2.2362 0.7979 1.053, 2.2362 0.7816 1.0466, 2.2362 0.8144 1.1814, 2.2362 0.7783 1.1999, 2.2362 0.7816 1.1987, 2.2362 0.7977 1.1929, 2.2362 0.8359 1.1468, 2.2362 0.8386 1.1246, 2.2362 0.8381 1.1144, 2.2362 0.8857 1.0863, 2.2362 0.8703 1.0425, 2.2362 0.8475 1.0425, 2.2362 0.8936 1.1637, 2.2362 0.9085 1.2026, 2.2362 0.5733 0.7925, 2.2362 0.5461 0.7884, 2.2362 0.5826 0.7892, 2.2362 0.5826 0.7871, 2.2362 0.5874 0.7875, 2.2362 0.5914 0.7871, 2.2362 0.6043 0.7857, 2.2362 0.6692 0.7527, 2.2362 0.6438 0.8385, 2.2362 0.6476 0.833, 2.2362 0.6451 0.8809, 2.2362 0.5826 0.8929, 2.2362 0.5863 0.8963, 2.2362 0.5912 0.8994, 2.2362 0.6019 0.9035, 2.2362 0.618 0.9054, 2.2362 0.6471 0.8052, 2.2362 0.6434 0.7999, 2.2362 0.6497 0.8271, 2.2362 0.6505 0.8196, 2.2362 0.6496 0.8115, 2.2362 0.6451 0.9004, 2.2362 0.632 0.9042, 2.2362 0.6376 0.7948, 2.2362 0.6331 0.792, 2.2362 0.616 0.8891, 2.2362 0.6101 0.8887, 2.2362 0.5941 0.8738, 2.2362 0.6047 0.8873, 2.2362 0.6002 0.8849, 2.2362 0.5943 0.8711, 2.2362 0.5951 0.868, 2.2362 0.5965 0.8653, 2.2362 0.5985 0.8631, 2.2362 0.6055 0.8587, 2.2362 0.63 0.8874, 2.2362 0.618 0.8533, 2.2362 0.6414 0.883, 2.2362 0.6257 0.8501, 2.2362 0.639 0.8427, 2.2362 0.5972 0.8822, 2.2362 0.5954 0.8797, 2.2362 0.5945 0.877, 2.2362 0.5931 0.8037, 2.2362 0.6038 0.8387, 2.2362 0.5918 0.8442, 2.2362 0.6063 0.8021, 2.2362 0.6072 0.8021, 2.2362 0.617 0.8332, 2.2362 0.6175 0.8033, 2.2362 0.63 0.8176, 2.2362 0.6298 0.8201, 2.2362 0.6226 0.8052, 2.2362 0.6245 0.8063, 2.2362 0.6268 0.8083, 2.2362 0.6285 0.8109, 2.2362 0.6295 0.8138, 2.2362 0.6288 0.8232, 2.2362 0.6273 0.8259, 2.2362 0.6248 0.8285, 2.2362 0.8749 0.9486, 2.2362 0.8749 0.9302, 2.2362 0.8785 0.8067, 2.2362 0.8785 0.7884, 2.2362 0.843 0.7871, 2.2362 0.8131 0.8067, 2.2362 0.843 0.8067, 2.2362 0.8131 0.8606, 2.2362 0.843 0.8606, 2.2362 0.8703 0.8606, 2.2362 0.8703 0.8789, 2.2362 0.843 0.9302, 2.2362 0.843 0.7884, 2.2362 0.7924 0.7884, 2.2362 0.7816 0.7871, 2.2362 0.7924 0.9486, 2.2362 0.843 0.9486, 2.2362 0.843 0.9942, 2.2362 0.7251 0.7871, 2.2362 0.1455 1.0771, 2.2362 0.1762 1.0507, 2.2362 0.2833 1.204, 2.2362 0.0174 1.204, 2.2362 0.0435 1.1864, 2.2362 0.0807 1.1435, 2.2362 0.105 1.0964, 2.2362 0.1118 1.0941, 2.2362 -0.1549 0.7871, 2.2362 -0.155 0.7868, 2.2362 -0.1684 0.7614, 2.2362 -0.186 0.7416, 2.2362 -0.2087 0.7259, 2.2362 -0.2144 0.7237, 2.2362 0.1756 0.8391, 2.2362 0.1433 0.812, 2.2362 0.1974 0.8692, 2.2362 -0.1762 0.9029, 2.2362 -0.0236 0.9826, 2.2362 -0.1961 0.921, 2.2362 -0.2202 0.9339, 2.2362 0.1466 0.956, 2.2362 0.1413 0.9779, 2.2362 0.1325 0.9942, 2.2362 -0.4341 0.9942, 2.2362 -0.0013 0.8575, 2.2362 0.0117 0.9222, 2.2362 -0.0091 0.8545, 2.2362 -0.0162 0.8496, 2.2362 -0.0008 0.7887, 2.2362 -0.0083 0.7915, 2.2362 -0.0159 0.7966, 2.2362 -0.0193 0.8, 2.2362 -0.4275 0.9259, 2.2362 -0.4138 0.9027, 2.2362 -0.356 0.891, 2.2362 -0.3934 0.8817, 2.2362 -0.3686 0.8664, 2.2362 -0.3139 0.9287, 2.2362 -0.3372 0.9125, 2.2362 -0.4369 0.9712, 2.2362 -0.4356 0.9538, 2.2362 0.2128 0.9833, 2.2362 0.2177 0.9473, 2.2362 0.2177 0.9423, 2.2362 0.2121 0.905, 2.2362 0.1084 0.7954, 2.2362 0.072 0.7879, 2.2362 0.0048 0.7879, 2.2362 -0.2887 0.9383, 2.2362 -0.2616 0.9416, 2.2362 -0.2477 0.9408, 2.2362 0.0071 0.8585, 2.2362 0.0082 0.8584, 2.2362 0.0116 0.8576, 2.2362 -0.0282 0.8232, 2.2362 -0.0281 0.8263, 2.2362 -0.1477 0.838, 2.2362 -0.0261 0.835, 2.2362 -0.022 0.843, 2.2362 -0.0242 0.8072, 2.2362 -0.0272 0.815, 2.2362 -0.1483 0.8149, 2.2362 -0.1477 0.8266, 2.2362 0.1241 0.886, 2.2362 0.1366 0.9037, 2.2362 0.1444 0.924, 2.2362 0.1471 0.9461, 2.2362 0.0139 0.8573, 2.2362 0.0652 0.8573, 2.2362 0.0855 0.8612, 2.2362 0.1056 0.8705, 2.2362 0.1225 0.8842, 2.2362 0.0492 1.035, 2.2362 -0.4238 1.0241, 2.2362 -0.4336 0.9987, 2.2362 0.0583 1.035, 2.2362 0.1307 0.9975, 2.2362 0.1175 1.0123, 2.2362 0.0998 1.0247, 2.2362 0.08 1.0323, 2.2362 -0.412 1.0411, 2.2362 -0.2627 1.068, 2.2362 -0.2711 1.0725, 2.2362 0.0278 1.0983, 2.2362 0.0032 1.13, 2.2362 -0.0053 1.1379, 2.2362 -0.0375 1.1597, 2.2362 -0.0734 1.173, 2.2362 -0.2966 1.0818, 2.2362 -0.3231 1.0851, 2.2362 -0.3348 1.0845, 2.2362 0.048 1.0411, 2.2362 0.044 1.061, 2.2362 -0.1102 1.1773, 2.2362 -0.1148 1.1772, 2.2362 -0.2466 1.1021, 2.2362 -0.1527 1.1717, 2.2362 -0.2215 1.1329, 2.2362 -0.1899 1.1564, 2.2362 -0.3629 1.0778, 2.2362 -0.3883 1.0644, 2.2362 -0.408 1.0468, 2.2362 0.183 1.0411, 2.2362 0.1992 1.0182, 2.2362 0.2086 0.9942, 2.2362 -2.0925 0.0, 2.2362 -2.0925 0.7237, 2.2362 -2.0925 0.7871, 2.2362 -2.0925 0.9942, 2.2362 -2.0925 1.0411, 2.2362 -2.0925 1.204, 2.2362 -2.0925 1.8119, 2.2362 0.3696 1.2026, 2.2362 0.3696 1.0607, 2.2362 0.4333 1.0607, 2.2362 0.4333 1.0425, 2.2362 0.3489 1.0425, 2.2362 0.3489 1.2026, 2.2362 0.4314 0.9302, 2.2362 0.4375 0.7871, 2.2362 0.435 0.8067, 2.2362 0.435 0.7884, 2.2362 0.3489 0.7884, 2.2362 0.3696 0.8606, 2.2362 0.3696 0.8067, 2.2362 0.4268 0.8606, 2.2362 0.4268 0.8789, 2.2362 0.3696 0.8789, 2.2362 0.3696 0.9302, 2.2362 0.3489 0.9486, 2.2362 0.4314 0.9486, 2.2362 0.4375 5.5512, 2.2362 0.843 5.5512, 2.2362 0.7816 5.5512, 2.2362 0.6931 5.5512, 2.2362 0.6558 5.5512, 2.2362 0.843 0.7237, 2.2362 0.8936 0.0, 2.2362 0.843 0.0, 2.2362 0.7816 0.0, 2.2362 0.6931 0.0, 2.2362 0.6558 0.0, 2.2362 0.5826 0.0, 2.2362 0.4471 0.0, 2.2362 0.4375 0.0, 1.7283 -2.0925 1.0236, 0.7441 -2.0925 1.8119, 0.7441 -2.0925 1.0236, 1.7283 -2.0925 1.8119, 1.9486 -1.6201 1.0236, 1.9486 -1.6201 2.8346, 1.9486 -1.6201 3.8583, 0.5238 -1.6201 1.0236, 0.5238 -1.6201 2.8346, 0.5238 -1.6201 3.8583, 1.748 -1.1763 0.0, 1.748 -0.9204 0.0, 1.9842 -1.1763 0.0, 1.9842 -0.9204 0.0, 1.9842 1.1072 0.0, 2.0 1.4508 0.0, 2.0 -1.3839 0.0, 1.9842 -1.8465 0.0, 2.0 -0.9902 0.0, 2.0 1.8445 0.0, 0.7244 1.1072 0.0, 0.7244 1.3631 0.0, 1.748 1.3631 0.0, 1.748 1.1072 0.0, 0.4882 1.1072 0.0, 0.4882 -0.9204 0.0, 0.7244 -0.9204 0.0, 0.7244 -1.1763 0.0, 0.4882 -1.1763 0.0, 0.4882 -1.8465 0.0, 1.748 -1.1763 2.4409, 1.9842 -1.1763 2.8346, 0.7244 -1.1763 2.4409, 0.4882 -1.1763 2.8346, 0.7244 1.1072 2.4409, 1.748 1.1072 2.4409, 1.9842 1.1072 5.1378, 0.4882 1.1072 5.1378, 1.748 -0.9204 2.4409, 0.7244 -0.9204 2.4409, 0.4882 -0.9204 5.1378, 1.9842 -0.9204 5.1378, 0.5618 2.1201 0.7085, 0.5618 2.1201 2.5282, 1.9106 2.1201 2.5282, 1.9106 2.1201 0.7085, 1.4416 0.8331 5.5512, 1.5958 0.7717 5.5512, 1.933 -0.229 5.5512, 1.8474 -0.3712 5.5512, 1.7332 -0.4917 5.5512, 1.5958 -0.5849 5.5512, 0.5087 0.3385 5.5512, 0.5784 0.4892 5.5512, 0.6788 0.6213 5.5512, 0.8054 0.7288 5.5512, 1.933 0.4157 5.5512, 1.986 0.2584 5.5512, 2.0039 0.0934 5.5512, 1.986 -0.0717 5.5512, 1.4416 -0.6463 5.5512, 1.2778 -0.6732 5.5512, 1.112 -0.6642 5.5512, 0.952 -0.6198 5.5512, 0.8054 -0.542 5.5512, 0.6788 -0.4346 5.5512, 0.5784 -0.3024 5.5512, 0.5087 -0.1517 5.5512, 0.473 0.0104 5.5512, 0.473 0.1764 5.5512, 1.7332 0.6785 5.5512, 1.8474 0.558 5.5512, 0.952 0.8066 5.5512, 1.112 0.851 5.5512, 1.2778 0.86 5.5512, 0.4882 -1.8465 0.4724, 1.9842 -1.8465 0.4724, 0.4882 -1.6201 0.6988, 1.9842 -1.6201 0.6988, 0.4882 -1.6201 2.8346, 1.9842 -1.6201 2.8346, 0.4882 -0.7826 5.1378, 1.9842 -0.7826 5.1378, 0.4882 -0.7826 4.2126, 1.9842 -0.7826 4.2126, 0.8271 -0.1428 4.2126, 0.9021 -0.2407 4.2126, 1.0 -0.3158 4.2126, 1.4724 -0.3158 4.2126, 1.5703 -0.2407 4.2126, 1.6453 -0.1428 4.2126, 1.6925 0.2157 4.2126, 1.9842 0.9694 4.2126, 1.7086 0.0934 4.2126, 1.6925 -0.0289 4.2126, 1.6453 0.3296 4.2126, 1.5703 0.4275 4.2126, 1.4724 0.5025 4.2126, 1.1139 -0.363 4.2126, 1.2362 -0.3791 4.2126, 1.3585 -0.363 4.2126, 1.3585 0.5497 4.2126, 1.2362 0.5658 4.2126, 0.4882 0.9694 4.2126, 1.1139 0.5497 4.2126, 1.0 0.5025 4.2126, 0.9021 0.4275 4.2126, 0.8271 0.3296 4.2126, 0.7799 0.2157 4.2126, 0.7638 0.0934 4.2126, 0.7799 -0.0289 4.2126, 0.4882 0.9694 5.1378, 1.9842 0.9694 5.1378, 0.7244 1.3631 2.4409, 1.748 1.3631 2.4409, 1.7086 1.3631 0.8661, 0.7638 1.3631 0.8661, 0.7638 1.3631 2.0472, 1.7086 1.3631 2.0472, 1.9838 0.2579 5.3543, 1.9949 0.2106 5.3543, 1.9681 0.325 5.3543, 1.9318 0.4153 5.3543, 1.9242 0.434 5.3543, 1.8641 0.5351 5.3543, 1.7894 0.6257 5.3543, 1.8461 0.5569 5.3543, 1.5956 0.7711 5.3543, 1.603 0.7678 5.3543, 1.7016 0.7039 5.3543, 1.7319 0.677 5.3543, 1.4957 0.8159 5.3543, 1.441 0.8309 5.3543, 1.3824 0.8471 5.3543, 1.2777 0.8591 5.3543, 1.2656 0.8605 5.3543, 1.1482 0.856 5.3543, 1.0328 0.8337 5.3543, 1.1124 0.8491 5.3543, 0.806 0.728 5.3543, 0.8189 0.7378 5.3543, 0.9222 0.7939 5.3543, 0.9526 0.8049 5.3543, 0.7254 0.6665 5.3543, 0.6804 0.6198 5.3543, 0.6439 0.5818 5.3543, 0.5786 0.489 5.3543, 0.5763 0.4857 5.3543, 0.5241 0.3804 5.3543, 0.4887 0.2683 5.3543, 0.5107 0.3379 5.3543, 0.4744 0.0106 5.3543, 0.4707 0.0346 5.3543, 0.4707 0.1522 5.3543, 0.4744 0.1762 5.3543, 0.4887 -0.0815 5.3543, 0.5107 -0.1511 5.3543, 0.5241 -0.1936 5.3543, 0.5763 -0.2989 5.3543, 0.6439 -0.3951 5.3543, 0.5786 -0.3022 5.3543, 0.7254 -0.4798 5.3543, 0.6804 -0.433 5.3543, 0.9526 -0.6181 5.3543, 0.9222 -0.6072 5.3543, 0.8189 -0.551 5.3543, 0.806 -0.5412 5.3543, 1.0328 -0.6469 5.3543, 1.1124 -0.6623 5.3543, 1.1482 -0.6693 5.3543, 1.2656 -0.6738 5.3543, 1.3824 -0.6603 5.3543, 1.2777 -0.6724 5.3543, 1.4957 -0.6291 5.3543, 1.441 -0.6442 5.3543, 1.7319 -0.4902 5.3543, 1.7016 -0.5172 5.3543, 1.603 -0.5811 5.3543, 1.5956 -0.5844 5.3543, 1.7894 -0.439 5.3543, 1.8461 -0.3702 5.3543, 1.8641 -0.3483 5.3543, 1.9242 -0.2473 5.3543, 1.9681 -0.1382 5.3543, 1.9318 -0.2285 5.3543, 2.0039 0.0934 5.3543, 1.9949 -0.0238 5.3543, 1.9838 -0.0712 5.3543, 1.9537 0.3205 5.3435, 1.7785 0.6153 5.3435, 1.4906 0.8017 5.3435, 1.3795 0.8322 5.3435, 1.0368 0.8191 5.3435, 0.7355 0.6553 5.3435, 0.5893 0.478 5.3435, 0.5034 0.2649 5.3435, 0.5034 -0.0781 5.3435, 0.6556 -0.3855 5.3435, 0.7355 -0.4685 5.3435, 1.0368 -0.6323 5.3435, 1.3795 -0.6455 5.3435, 1.5957 -0.5678 5.3435, 1.7785 -0.4285 5.3435, 1.9537 -0.1337 5.3435, 1.9838 0.2579 5.2165, 1.9949 0.2106 5.2165, 1.98 0.2083 5.2274, 1.8461 0.5569 5.2165, 1.8641 0.5351 5.2165, 1.8518 0.5264 5.2274, 1.5956 0.7711 5.2165, 1.603 0.7678 5.2165, 1.5957 0.7546 5.2274, 1.441 0.8309 5.2165, 1.4957 0.8159 5.2165, 1.4906 0.8017 5.2274, 1.1124 0.8491 5.2165, 1.1482 0.856 5.2165, 1.1499 0.841 5.2274, 0.806 0.728 5.2165, 0.8189 0.7378 5.2165, 0.8271 0.7251 5.2274, 0.5786 0.489 5.2165, 0.6439 0.5818 5.2165, 0.6556 0.5722 5.2274, 0.5107 0.3379 5.2165, 0.5241 0.3804 5.2165, 0.5381 0.3747 5.2274, 0.4744 0.0106 5.2165, 0.4707 0.0346 5.2165, 0.4858 0.0358 5.2274, 0.5786 -0.3022 5.2165, 0.5763 -0.2989 5.2165, 0.5893 -0.2912 5.2274, 0.6804 -0.433 5.2165, 0.6439 -0.3951 5.2165, 0.6556 -0.3855 5.2274, 0.9526 -0.6181 5.2165, 0.9222 -0.6072 5.2165, 0.9283 -0.5934 5.2274, 1.2777 -0.6724 5.2165, 1.2656 -0.6738 5.2165, 1.265 -0.6587 5.2274, 1.5956 -0.5844 5.2165, 1.4957 -0.6291 5.2165, 1.4906 -0.6149 5.2274, 1.7319 -0.4902 5.2165, 1.7016 -0.5172 5.2165, 1.6925 -0.5052 5.2274, 1.9318 -0.2285 5.2165, 1.9242 -0.2473 5.2165, 1.9107 -0.2406 5.2274, 1.9681 -0.1382 5.2165, 1.7894 -0.439 5.2165, 1.3824 -0.6603 5.2165, 1.0328 -0.6469 5.2165, 0.7254 -0.4798 5.2165, 0.4887 -0.0815 5.2165, 0.4887 0.2683 5.2165, 0.7254 0.6665 5.2165, 1.0328 0.8337 5.2165, 1.3824 0.8471 5.2165, 1.7894 0.6257 5.2165, 1.9681 0.325 5.2165, 1.9949 -0.0238 5.2165, 1.9838 -0.0712 5.2165, 1.98 -0.0215 5.2274, 1.9537 -0.1337 5.2274, 1.968 -0.0196 5.2415, 1.9422 -0.13 5.2415, 1.9596 -0.0184 5.2581, 1.9341 -0.1275 5.2581, 1.9553 -0.0177 5.2761, 1.9299 -0.1262 5.2761, 1.9553 -0.0177 5.2947, 1.9299 -0.1262 5.2947, 1.9596 -0.0184 5.3128, 1.9341 -0.1275 5.3128, 1.968 -0.0196 5.3294, 1.9422 -0.13 5.3294, 1.98 -0.0215 5.3435, 1.8641 -0.3483 5.2165, 1.8461 -0.3702 5.2165, 1.8518 -0.3396 5.2274, 1.7785 -0.4285 5.2274, 1.8419 -0.3326 5.2415, 1.7697 -0.4201 5.2415, 1.8349 -0.3278 5.2581, 1.7636 -0.4142 5.2581, 1.8314 -0.3252 5.2761, 1.7605 -0.4112 5.2761, 1.8314 -0.3252 5.2947, 1.7605 -0.4112 5.2947, 1.8349 -0.3278 5.3128, 1.7636 -0.4142 5.3128, 1.8419 -0.3326 5.3294, 1.7697 -0.4201 5.3294, 1.8518 -0.3396 5.3435, 1.441 -0.6442 5.2165, 1.3795 -0.6455 5.2274, 1.4865 -0.6035 5.2415, 1.3772 -0.6336 5.2415, 1.4836 -0.5955 5.2581, 1.3756 -0.6252 5.2581, 1.4822 -0.5914 5.2761, 1.3747 -0.621 5.2761, 1.4822 -0.5914 5.2947, 1.3747 -0.621 5.2947, 1.4836 -0.5955 5.3128, 1.3756 -0.6252 5.3128, 1.4865 -0.6035 5.3294, 1.3772 -0.6336 5.3294, 1.4906 -0.6149 5.3435, 1.1482 -0.6693 5.2165, 1.1124 -0.6623 5.2165, 1.1499 -0.6543 5.2274, 1.0368 -0.6323 5.2274, 1.1513 -0.6422 5.2415, 1.04 -0.6206 5.2415, 1.1523 -0.6338 5.2581, 1.0422 -0.6125 5.2581, 1.1528 -0.6295 5.2761, 1.0434 -0.6083 5.2761, 1.1528 -0.6295 5.2947, 1.0434 -0.6083 5.2947, 1.1523 -0.6338 5.3128, 1.0422 -0.6125 5.3128, 1.1513 -0.6422 5.3294, 1.04 -0.6206 5.3294, 1.1499 -0.6543 5.3435, 0.8189 -0.551 5.2165, 0.806 -0.5412 5.2165, 0.8271 -0.5383 5.2274, 0.7355 -0.4685 5.2274, 0.8337 -0.5282 5.2415, 0.7435 -0.4594 5.2415, 0.8383 -0.521 5.2581, 0.7492 -0.4531 5.2581, 0.8407 -0.5174 5.2761, 0.7521 -0.4498 5.2761, 0.8407 -0.5174 5.2947, 0.7521 -0.4498 5.2947, 0.8383 -0.521 5.3128, 0.7492 -0.4531 5.3128, 0.8337 -0.5282 5.3294, 0.7435 -0.4594 5.3294, 0.8271 -0.5383 5.3435, 0.5241 -0.1936 5.2165, 0.5107 -0.1511 5.2165, 0.5381 -0.188 5.2274, 0.5034 -0.0781 5.2274, 0.5494 -0.1834 5.2415, 0.5152 -0.0753 5.2415, 0.5573 -0.1803 5.2581, 0.5234 -0.0734 5.2581, 0.5613 -0.1786 5.2761, 0.5277 -0.0724 5.2761, 0.5613 -0.1786 5.2947, 0.5277 -0.0724 5.2947, 0.5573 -0.1803 5.3128, 0.5234 -0.0734 5.3128, 0.5494 -0.1834 5.3294, 0.5152 -0.0753 5.3294, 0.5381 -0.188 5.3435, 0.4707 0.1522 5.2165, 0.4744 0.1762 5.2165, 0.4858 0.151 5.2274, 0.5034 0.2649 5.2274, 0.4979 0.1501 5.2415, 0.5152 0.2621 5.2415, 0.5063 0.1494 5.2581, 0.5234 0.2602 5.2581, 0.5107 0.1491 5.2761, 0.5277 0.2592 5.2761, 0.5107 0.1491 5.2947, 0.5277 0.2592 5.2947, 0.5063 0.1494 5.3128, 0.5234 0.2602 5.3128, 0.4979 0.1501 5.3294, 0.5152 0.2621 5.3294, 0.4858 0.151 5.3435, 0.6804 0.6198 5.2165, 0.7355 0.6553 5.2274, 0.6649 0.5645 5.2415, 0.7435 0.6462 5.2415, 0.6715 0.5591 5.2581, 0.7492 0.6399 5.2581, 0.6748 0.5563 5.2761, 0.7521 0.6366 5.2761, 0.6748 0.5563 5.2947, 0.7521 0.6366 5.2947, 0.6715 0.5591 5.3128, 0.7492 0.6399 5.3128, 0.6649 0.5645 5.3294, 0.7435 0.6462 5.3294, 0.6556 0.5722 5.3435, 0.9222 0.7939 5.2165, 0.9526 0.8049 5.2165, 0.9283 0.7802 5.2274, 1.0368 0.8191 5.2274, 0.9333 0.7691 5.2415, 1.04 0.8074 5.2415, 0.9368 0.7613 5.2581, 1.0422 0.7992 5.2581, 0.9385 0.7574 5.2761, 1.0434 0.795 5.2761, 0.9385 0.7574 5.2947, 1.0434 0.795 5.2947, 0.9368 0.7613 5.3128, 1.0422 0.7992 5.3128, 0.9333 0.7691 5.3294, 1.04 0.8074 5.3294, 0.9283 0.7802 5.3435, 1.2656 0.8605 5.2165, 1.2777 0.8591 5.2165, 1.265 0.8455 5.2274, 1.3795 0.8322 5.2274, 1.2646 0.8333 5.2415, 1.3772 0.8203 5.2415, 1.2642 0.8249 5.2581, 1.3756 0.812 5.2581, 1.2641 0.8205 5.2761, 1.3747 0.8077 5.2761, 1.2641 0.8205 5.2947, 1.3747 0.8077 5.2947, 1.2642 0.8249 5.3128, 1.3756 0.812 5.3128, 1.2646 0.8333 5.3294, 1.3772 0.8203 5.3294, 1.265 0.8455 5.3435, 1.7016 0.7039 5.2165, 1.7319 0.677 5.2165, 1.6925 0.6919 5.2274, 1.7785 0.6153 5.2274, 1.6851 0.6823 5.2415, 1.7697 0.6069 5.2415, 1.68 0.6755 5.2581, 1.7636 0.601 5.2581, 1.6773 0.6721 5.2761, 1.7605 0.598 5.2761, 1.6773 0.6721 5.2947, 1.7605 0.598 5.2947, 1.68 0.6755 5.3128, 1.7636 0.601 5.3128, 1.6851 0.6823 5.3294, 1.7697 0.6069 5.3294, 1.6925 0.6919 5.3435, 1.9242 0.434 5.2165, 1.9318 0.4153 5.2165, 1.9107 0.4273 5.2274, 1.9537 0.3205 5.2274, 1.8998 0.422 5.2415, 1.9422 0.3168 5.2415, 1.8922 0.4182 5.2581, 1.9341 0.3142 5.2581, 1.8883 0.4163 5.2761, 1.9299 0.3129 5.2761, 1.8883 0.4163 5.2947, 1.9299 0.3129 5.2947, 1.8922 0.4182 5.3128, 1.9341 0.3142 5.3128, 1.8998 0.422 5.3294, 1.9422 0.3168 5.3294, 1.9107 0.4273 5.3435, 2.0039 0.0934 5.2165, 1.9888 0.0934 5.2274, 1.9767 0.0934 5.2415, 1.9682 0.0934 5.2581, 1.9638 0.0934 5.2761, 1.9638 0.0934 5.2947, 1.9682 0.0934 5.3128, 1.9767 0.0934 5.3294, 1.9888 0.0934 5.3435, 1.9107 -0.2406 5.3435, 1.8998 -0.2352 5.3294, 1.8922 -0.2314 5.3128, 1.8883 -0.2295 5.2947, 1.8883 -0.2295 5.2761, 1.8922 -0.2314 5.2581, 1.8998 -0.2352 5.2415, 1.6925 -0.5052 5.3435, 1.6851 -0.4955 5.3294, 1.68 -0.4888 5.3128, 1.6773 -0.4853 5.2947, 1.6773 -0.4853 5.2761, 1.68 -0.4888 5.2581, 1.6851 -0.4955 5.2415, 1.603 -0.5811 5.2165, 1.5957 -0.5678 5.2274, 1.5899 -0.5571 5.2415, 1.5859 -0.5497 5.2581, 1.5838 -0.5459 5.2761, 1.5838 -0.5459 5.2947, 1.5859 -0.5497 5.3128, 1.5899 -0.5571 5.3294, 1.265 -0.6587 5.3435, 1.2646 -0.6466 5.3294, 1.2642 -0.6381 5.3128, 1.2641 -0.6337 5.2947, 1.2641 -0.6337 5.2761, 1.2642 -0.6381 5.2581, 1.2646 -0.6466 5.2415, 0.9283 -0.5934 5.3435, 0.9333 -0.5823 5.3294, 0.9368 -0.5746 5.3128, 0.9385 -0.5706 5.2947, 0.9385 -0.5706 5.2761, 0.9368 -0.5746 5.2581, 0.9333 -0.5823 5.2415, 0.6649 -0.3777 5.3294, 0.6715 -0.3723 5.3128, 0.6748 -0.3696 5.2947, 0.6748 -0.3696 5.2761, 0.6715 -0.3723 5.2581, 0.6649 -0.3777 5.2415, 0.5893 -0.2912 5.3435, 0.5997 -0.285 5.3294, 0.607 -0.2807 5.3128, 0.6107 -0.2785 5.2947, 0.6107 -0.2785 5.2761, 0.607 -0.2807 5.2581, 0.5997 -0.285 5.2415, 0.4858 0.0358 5.3435, 0.4979 0.0367 5.3294, 0.5063 0.0374 5.3128, 0.5107 0.0377 5.2947, 0.5107 0.0377 5.2761, 0.5063 0.0374 5.2581, 0.4979 0.0367 5.2415, 0.5381 0.3747 5.3435, 0.5494 0.3702 5.3294, 0.5573 0.367 5.3128, 0.5613 0.3654 5.2947, 0.5613 0.3654 5.2761, 0.5573 0.367 5.2581, 0.5494 0.3702 5.2415, 0.5763 0.4857 5.2165, 0.5893 0.478 5.2274, 0.5997 0.4718 5.2415, 0.607 0.4675 5.2581, 0.6107 0.4652 5.2761, 0.6107 0.4652 5.2947, 0.607 0.4675 5.3128, 0.5997 0.4718 5.3294, 0.8271 0.7251 5.3435, 0.8337 0.7149 5.3294, 0.8383 0.7078 5.3128, 0.8407 0.7041 5.2947, 0.8407 0.7041 5.2761, 0.8383 0.7078 5.2581, 0.8337 0.7149 5.2415, 1.1499 0.841 5.3435, 1.1513 0.829 5.3294, 1.1523 0.8206 5.3128, 1.1528 0.8162 5.2947, 1.1528 0.8162 5.2761, 1.1523 0.8206 5.2581, 1.1513 0.829 5.2415, 1.4865 0.7903 5.3294, 1.4836 0.7823 5.3128, 1.4822 0.7782 5.2947, 1.4822 0.7782 5.2761, 1.4836 0.7823 5.2581, 1.4865 0.7903 5.2415, 1.5957 0.7546 5.3435, 1.5899 0.7439 5.3294, 1.5859 0.7365 5.3128, 1.5838 0.7326 5.2947, 1.5838 0.7326 5.2761, 1.5859 0.7365 5.2581, 1.5899 0.7439 5.2415, 1.8518 0.5264 5.3435, 1.8419 0.5194 5.3294, 1.8349 0.5145 5.3128, 1.8314 0.512 5.2947, 1.8314 0.512 5.2761, 1.8349 0.5145 5.2581, 1.8419 0.5194 5.2415, 1.98 0.2083 5.3435, 1.968 0.2064 5.3294, 1.9596 0.2051 5.3128, 1.9553 0.2045 5.2947, 1.9553 0.2045 5.2761, 1.9596 0.2051 5.2581, 1.968 0.2064 5.2415, 1.986 0.2584 4.4095, 2.0039 0.0934 4.4095, 1.933 0.4157 4.4095, 1.8474 0.558 4.4095, 1.7332 0.6785 4.4095, 1.5958 0.7717 4.4095, 1.4416 0.8331 4.4095, 1.2778 0.86 4.4095, 1.112 0.851 4.4095, 0.952 0.8066 4.4095, 0.8054 0.7288 4.4095, 0.6788 0.6213 4.4095, 0.5784 0.4892 4.4095, 0.5087 0.3385 4.4095, 0.473 0.1764 4.4095, 0.473 0.0104 4.4095, 0.5087 -0.1517 4.4095, 0.5784 -0.3024 4.4095, 0.6788 -0.4346 4.4095, 0.8054 -0.542 4.4095, 0.952 -0.6198 4.4095, 1.112 -0.6642 4.4095, 1.2778 -0.6732 4.4095, 1.4416 -0.6463 4.4095, 1.5958 -0.5849 4.4095, 1.7332 -0.4917 4.4095, 1.8474 -0.3712 4.4095, 1.933 -0.229 4.4095, 1.986 -0.0717 4.4095, 1.0 -0.3158 4.4095, 1.1139 -0.363 4.4095, 1.2362 -0.3791 4.4095, 1.3585 -0.363 4.4095, 1.4724 -0.3158 4.4095, 1.5703 -0.2407 4.4095, 1.6453 -0.1428 4.4095, 1.6925 -0.0289 4.4095, 1.7086 0.0934 4.4095, 1.6925 0.2157 4.4095, 1.6453 0.3296 4.4095, 0.7638 0.0934 4.4095, 0.7799 -0.0289 4.4095, 0.8271 -0.1428 4.4095, 0.9021 -0.2407 4.4095, 1.5703 0.4275 4.4095, 1.4724 0.5025 4.4095, 1.3585 0.5497 4.4095, 1.2362 0.5658 4.4095, 1.1139 0.5497 4.4095, 1.0 0.5025 4.4095, 0.9021 0.4275 4.4095, 0.8271 0.3296 4.4095, 0.7799 0.2157 4.4095, 1.7086 1.687 2.0472, 0.7638 1.687 2.0472, 1.7086 1.687 0.8661, 0.7638 1.687 0.8661, 2.0 -1.3839 2.5591, 2.0 -0.9902 2.5591, 2.0 1.4508 2.5591, 2.0 1.8445 2.5591
            ]
        }
        coordIndex [
            0,1,2,-1,2,1,3,-1,2,3,4,-1,4,3,5,-1,4,5,6,-1,6,5,7,-1,8,9,5,-1,5,10,11,-1,5,9,7,-1,7,9,12,-1,7,12,13,-1,11,14,5,-1,5,14,15,-1,5,15,16,-1,16,17,5,-1,5,17,18,-1,5,18,8,-1,19,20,3,-1,3,20,21,-1,3,21,22,-1,23,24,1,-1,1,24,25,-1,1,25,3,-1,3,25,26,-1,3,26,27,-1,27,28,3,-1,3,28,29,-1,3,29,19,-1,30,4,31,-1,31,4,6,-1,31,6,32,-1,2,33,0,-1,0,33,34,-1,0,34,35,-1,10,36,22,-1,22,36,37,-1,22,37,38,-1,38,39,22,-1,22,39,40,-1,22,40,3,-1,41,10,5,-1,42,43,40,-1,40,43,44,-1,40,44,3,-1,3,44,45,-1,3,45,5,-1,5,45,46,-1,5,46,41,-1,47,36,48,-1,48,36,10,-1,48,10,49,-1,49,10,41,-1,49,41,50,-1,50,41,51,-1,51,41,52,-1,52,41,53,-1,52,53,54,-1,54,53,55,-1,54,55,43,-1,43,55,44,-1,39,38,56,-1,47,48,57,-1,57,48,58,-1,57,58,56,-1,56,58,59,-1,56,59,39,-1,49,50,60,-1,42,40,61,-1,61,40,62,-1,61,62,60,-1,60,62,63,-1,60,63,49,-1,64,22,65,-1,65,22,21,-1,65,21,66,-1,66,21,11,-1,66,11,67,-1,67,11,10,-1,67,10,64,-1,64,10,22,-1,11,21,20,-1,11,20,14,-1,14,20,19,-1,14,19,15,-1,15,19,29,-1,15,29,16,-1,16,29,28,-1,16,28,17,-1,17,28,27,-1,17,27,18,-1,18,27,26,-1,18,26,8,-1,8,26,25,-1,8,25,9,-1,12,9,24,-1,24,9,25,-1,68,69,12,-1,12,69,13,-1,13,69,70,-1,13,70,71,-1,72,73,23,-1,23,73,74,-1,23,74,75,-1,76,77,24,-1,24,77,78,-1,24,78,79,-1,80,81,12,-1,12,81,82,-1,71,83,13,-1,13,83,84,-1,13,84,85,-1,82,86,12,-1,12,86,87,-1,12,87,68,-1,85,88,13,-1,13,88,89,-1,13,89,23,-1,23,89,90,-1,23,90,72,-1,75,91,23,-1,23,91,92,-1,23,92,24,-1,24,92,93,-1,24,93,76,-1,79,94,24,-1,24,94,95,-1,24,95,12,-1,12,95,96,-1,12,96,80,-1,1,0,35,-1,6,7,32,-1,32,7,13,-1,32,13,35,-1,35,13,23,-1,35,23,1,-1,45,97,46,-1,46,97,98,-1,97,99,98,-1,98,99,100,-1,101,34,33,-1,31,102,30,-1,30,102,100,-1,30,100,33,-1,33,100,99,-1,33,99,101,-1,101,55,34,-1,34,55,53,-1,34,53,31,-1,31,53,102,-1,97,45,99,-1,99,45,44,-1,99,44,101,-1,101,44,55,-1,102,53,100,-1,100,53,41,-1,100,41,98,-1,98,41,46,-1,62,103,63,-1,63,103,104,-1,103,105,104,-1,104,105,106,-1,107,105,108,-1,108,105,109,-1,107,110,105,-1,105,110,111,-1,105,111,112,-1,113,114,106,-1,106,114,115,-1,112,116,105,-1,105,116,117,-1,105,117,106,-1,106,117,118,-1,106,118,113,-1,119,120,121,-1,121,120,106,-1,121,106,122,-1,122,106,115,-1,119,123,120,-1,120,123,124,-1,120,124,125,-1,109,126,127,-1,125,128,120,-1,120,128,129,-1,120,129,109,-1,109,129,130,-1,109,130,126,-1,127,131,109,-1,109,131,132,-1,109,132,108,-1,109,133,120,-1,120,133,134,-1,133,59,134,-1,134,59,58,-1,59,133,109,-1,103,62,105,-1,105,62,40,-1,105,40,109,-1,109,40,39,-1,109,39,59,-1,63,104,106,-1,134,58,120,-1,120,58,48,-1,120,48,106,-1,106,48,49,-1,106,49,63,-1,54,61,52,-1,52,61,60,-1,54,43,61,-1,61,43,42,-1,51,52,50,-1,50,52,60,-1,56,135,57,-1,57,135,136,-1,137,36,136,-1,36,137,37,-1,37,137,138,-1,37,138,135,-1,135,138,139,-1,135,139,136,-1,136,139,140,-1,136,140,137,-1,38,37,56,-1,56,37,135,-1,36,47,136,-1,136,47,57,-1,68,141,142,-1,68,142,69,-1,141,68,143,-1,143,68,87,-1,143,87,144,-1,144,87,145,-1,145,87,86,-1,145,86,146,-1,82,147,86,-1,86,147,148,-1,86,148,146,-1,149,150,81,-1,81,150,151,-1,81,151,82,-1,82,151,152,-1,82,152,147,-1,149,81,153,-1,153,81,80,-1,153,80,154,-1,154,80,155,-1,155,80,96,-1,155,96,156,-1,156,96,157,-1,157,96,95,-1,157,95,158,-1,94,159,95,-1,95,159,160,-1,95,160,158,-1,161,162,79,-1,79,162,163,-1,79,163,94,-1,94,163,164,-1,94,164,159,-1,161,79,165,-1,165,79,78,-1,165,78,166,-1,166,78,167,-1,167,78,77,-1,167,77,168,-1,168,77,169,-1,169,77,76,-1,169,76,170,-1,93,171,76,-1,76,171,172,-1,76,172,170,-1,173,174,92,-1,92,174,175,-1,92,175,93,-1,93,175,176,-1,93,176,171,-1,173,92,177,-1,177,92,91,-1,177,91,178,-1,178,91,179,-1,179,91,75,-1,179,75,180,-1,74,181,75,-1,75,181,182,-1,75,182,180,-1,73,183,74,-1,74,183,184,-1,74,184,181,-1,185,186,72,-1,72,186,187,-1,72,187,73,-1,73,187,188,-1,73,188,183,-1,185,72,189,-1,189,72,90,-1,189,90,190,-1,190,90,191,-1,191,90,89,-1,191,89,192,-1,88,193,89,-1,89,193,194,-1,89,194,192,-1,85,195,88,-1,88,195,196,-1,88,196,193,-1,197,198,84,-1,84,198,199,-1,84,199,85,-1,85,199,200,-1,85,200,195,-1,197,84,201,-1,201,84,83,-1,201,83,202,-1,202,83,203,-1,203,83,71,-1,203,71,204,-1,70,205,71,-1,71,205,206,-1,71,206,204,-1,142,207,69,-1,69,207,208,-1,69,208,70,-1,70,208,209,-1,70,209,205,-1,141,143,210,-1,148,147,211,-1,149,153,212,-1,154,155,213,-1,160,159,214,-1,161,165,215,-1,168,169,216,-1,172,171,217,-1,173,177,218,-1,182,181,219,-1,184,183,220,-1,185,189,221,-1,194,193,222,-1,200,199,223,-1,197,201,224,-1,206,205,225,-1,226,227,228,-1,229,230,231,-1,232,233,234,-1,235,236,237,-1,238,239,240,-1,241,242,243,-1,244,245,246,-1,247,248,249,-1,250,251,252,-1,253,254,255,-1,256,257,258,-1,259,260,261,-1,262,263,264,-1,265,266,267,-1,268,269,270,-1,271,272,273,-1,271,273,274,-1,268,270,275,-1,262,264,276,-1,259,261,277,-1,256,258,278,-1,250,252,279,-1,247,249,280,-1,241,243,281,-1,238,240,282,-1,235,237,283,-1,229,231,284,-1,226,228,285,-1,286,287,288,-1,288,287,289,-1,288,289,290,-1,290,289,291,-1,290,291,292,-1,292,291,293,-1,292,293,294,-1,294,293,295,-1,294,295,296,-1,296,295,297,-1,296,297,298,-1,298,297,299,-1,298,299,300,-1,300,299,301,-1,300,301,302,-1,302,301,225,-1,303,304,305,-1,305,304,306,-1,305,306,307,-1,307,306,308,-1,307,308,309,-1,309,308,310,-1,309,310,311,-1,311,310,312,-1,311,312,313,-1,313,312,314,-1,313,314,315,-1,315,314,316,-1,315,316,317,-1,317,316,318,-1,317,318,319,-1,319,318,224,-1,266,320,267,-1,267,320,321,-1,267,321,322,-1,322,321,323,-1,322,323,324,-1,324,323,325,-1,324,325,326,-1,326,325,327,-1,326,327,328,-1,328,327,329,-1,328,329,330,-1,330,329,331,-1,330,331,332,-1,332,331,333,-1,332,333,334,-1,334,333,222,-1,335,336,337,-1,337,336,338,-1,337,338,339,-1,339,338,340,-1,339,340,341,-1,341,340,342,-1,341,342,343,-1,343,342,344,-1,343,344,345,-1,345,344,346,-1,345,346,347,-1,347,346,348,-1,347,348,349,-1,349,348,350,-1,349,350,351,-1,351,350,221,-1,352,353,354,-1,354,353,355,-1,354,355,356,-1,356,355,357,-1,356,357,358,-1,358,357,359,-1,358,359,360,-1,360,359,361,-1,360,361,362,-1,362,361,363,-1,362,363,364,-1,364,363,365,-1,364,365,366,-1,366,365,367,-1,366,367,368,-1,368,367,220,-1,369,370,371,-1,371,370,372,-1,371,372,373,-1,373,372,374,-1,373,374,375,-1,375,374,376,-1,375,376,377,-1,377,376,378,-1,377,378,379,-1,379,378,380,-1,379,380,381,-1,381,380,382,-1,381,382,383,-1,383,382,384,-1,383,384,385,-1,385,384,218,-1,386,387,388,-1,388,387,389,-1,388,389,390,-1,390,389,391,-1,390,391,392,-1,392,391,393,-1,392,393,394,-1,394,393,395,-1,394,395,396,-1,396,395,397,-1,396,397,398,-1,398,397,399,-1,398,399,400,-1,400,399,401,-1,400,401,402,-1,402,401,217,-1,245,403,246,-1,246,403,404,-1,246,404,405,-1,405,404,406,-1,405,406,407,-1,407,406,408,-1,407,408,409,-1,409,408,410,-1,409,410,411,-1,411,410,412,-1,411,412,413,-1,413,412,414,-1,413,414,415,-1,415,414,416,-1,415,416,417,-1,417,416,215,-1,418,419,420,-1,420,419,421,-1,420,421,422,-1,422,421,423,-1,422,423,424,-1,424,423,425,-1,424,425,426,-1,426,425,427,-1,426,427,428,-1,428,427,429,-1,428,429,430,-1,430,429,431,-1,430,431,432,-1,432,431,433,-1,432,433,434,-1,434,433,214,-1,435,436,437,-1,437,436,438,-1,437,438,439,-1,439,438,440,-1,439,440,441,-1,441,440,442,-1,441,442,443,-1,443,442,444,-1,443,444,445,-1,445,444,446,-1,445,446,447,-1,447,446,448,-1,447,448,449,-1,449,448,450,-1,449,450,451,-1,451,450,213,-1,452,453,454,-1,454,453,455,-1,454,455,456,-1,456,455,457,-1,456,457,458,-1,458,457,459,-1,458,459,460,-1,460,459,461,-1,460,461,462,-1,462,461,463,-1,462,463,464,-1,464,463,465,-1,464,465,466,-1,466,465,467,-1,466,467,468,-1,468,467,211,-1,469,470,471,-1,471,470,472,-1,471,472,473,-1,473,472,474,-1,473,474,475,-1,475,474,476,-1,475,476,477,-1,477,476,478,-1,477,478,479,-1,479,478,480,-1,479,480,481,-1,481,480,482,-1,481,482,483,-1,483,482,484,-1,483,484,485,-1,485,484,210,-1,486,286,487,-1,487,286,288,-1,487,288,488,-1,488,288,290,-1,488,290,489,-1,489,290,292,-1,489,292,490,-1,490,292,294,-1,490,294,491,-1,491,294,296,-1,491,296,492,-1,492,296,298,-1,492,298,493,-1,493,298,300,-1,493,300,494,-1,494,300,302,-1,494,302,207,-1,207,302,208,-1,225,205,302,-1,302,205,209,-1,302,209,208,-1,204,206,495,-1,495,206,225,-1,495,225,496,-1,496,225,301,-1,496,301,497,-1,497,301,299,-1,497,299,498,-1,498,299,297,-1,498,297,499,-1,499,297,295,-1,499,295,500,-1,500,295,293,-1,500,293,501,-1,501,293,291,-1,501,291,273,-1,273,291,289,-1,273,289,274,-1,274,289,287,-1,272,303,273,-1,273,303,305,-1,273,305,501,-1,501,305,307,-1,501,307,500,-1,500,307,309,-1,500,309,499,-1,499,309,311,-1,499,311,498,-1,498,311,313,-1,498,313,497,-1,497,313,315,-1,497,315,496,-1,496,315,317,-1,496,317,495,-1,495,317,319,-1,495,319,204,-1,204,319,203,-1,224,201,319,-1,319,201,202,-1,319,202,203,-1,198,197,502,-1,502,197,224,-1,502,224,503,-1,503,224,318,-1,503,318,504,-1,504,318,316,-1,504,316,505,-1,505,316,314,-1,505,314,506,-1,506,314,312,-1,506,312,507,-1,507,312,310,-1,507,310,508,-1,508,310,308,-1,508,308,270,-1,270,308,306,-1,270,306,275,-1,275,306,304,-1,269,509,270,-1,270,509,510,-1,270,510,508,-1,508,510,511,-1,508,511,507,-1,507,511,512,-1,507,512,506,-1,506,512,513,-1,506,513,505,-1,505,513,514,-1,505,514,504,-1,504,514,515,-1,504,515,503,-1,503,515,516,-1,503,516,502,-1,502,516,223,-1,502,223,198,-1,198,223,199,-1,195,200,334,-1,334,200,223,-1,334,223,332,-1,332,223,516,-1,332,516,330,-1,330,516,515,-1,330,515,328,-1,328,515,514,-1,328,514,326,-1,326,514,513,-1,326,513,324,-1,324,513,512,-1,324,512,322,-1,322,512,511,-1,322,511,267,-1,267,511,510,-1,267,510,265,-1,265,510,509,-1,222,193,334,-1,334,193,196,-1,334,196,195,-1,192,194,517,-1,517,194,222,-1,517,222,518,-1,518,222,333,-1,518,333,519,-1,519,333,331,-1,519,331,520,-1,520,331,329,-1,520,329,521,-1,521,329,327,-1,521,327,522,-1,522,327,325,-1,522,325,523,-1,523,325,323,-1,523,323,264,-1,264,323,321,-1,264,321,276,-1,276,321,320,-1,263,335,264,-1,264,335,337,-1,264,337,523,-1,523,337,339,-1,523,339,522,-1,522,339,341,-1,522,341,521,-1,521,341,343,-1,521,343,520,-1,520,343,345,-1,520,345,519,-1,519,345,347,-1,519,347,518,-1,518,347,349,-1,518,349,517,-1,517,349,351,-1,517,351,192,-1,192,351,191,-1,221,189,351,-1,351,189,190,-1,351,190,191,-1,186,185,524,-1,524,185,221,-1,524,221,525,-1,525,221,350,-1,525,350,526,-1,526,350,348,-1,526,348,527,-1,527,348,346,-1,527,346,528,-1,528,346,344,-1,528,344,529,-1,529,344,342,-1,529,342,530,-1,530,342,340,-1,530,340,261,-1,261,340,338,-1,261,338,277,-1,277,338,336,-1,260,352,261,-1,261,352,354,-1,261,354,530,-1,530,354,356,-1,530,356,529,-1,529,356,358,-1,529,358,528,-1,528,358,360,-1,528,360,527,-1,527,360,362,-1,527,362,526,-1,526,362,364,-1,526,364,525,-1,525,364,366,-1,525,366,524,-1,524,366,368,-1,524,368,186,-1,186,368,187,-1,220,183,368,-1,368,183,188,-1,368,188,187,-1,181,184,219,-1,219,184,220,-1,219,220,531,-1,531,220,367,-1,531,367,532,-1,532,367,365,-1,532,365,533,-1,533,365,363,-1,533,363,534,-1,534,363,361,-1,534,361,535,-1,535,361,359,-1,535,359,536,-1,536,359,357,-1,536,357,258,-1,258,357,355,-1,258,355,278,-1,278,355,353,-1,180,182,537,-1,537,182,219,-1,537,219,538,-1,538,219,531,-1,538,531,539,-1,539,531,532,-1,539,532,540,-1,540,532,533,-1,540,533,541,-1,541,533,534,-1,541,534,542,-1,542,534,535,-1,542,535,543,-1,543,535,536,-1,543,536,255,-1,255,536,258,-1,255,258,253,-1,253,258,257,-1,254,369,255,-1,255,369,371,-1,255,371,543,-1,543,371,373,-1,543,373,542,-1,542,373,375,-1,542,375,541,-1,541,375,377,-1,541,377,540,-1,540,377,379,-1,540,379,539,-1,539,379,381,-1,539,381,538,-1,538,381,383,-1,538,383,537,-1,537,383,385,-1,537,385,180,-1,180,385,179,-1,218,177,385,-1,385,177,178,-1,385,178,179,-1,174,173,544,-1,544,173,218,-1,544,218,545,-1,545,218,384,-1,545,384,546,-1,546,384,382,-1,546,382,547,-1,547,382,380,-1,547,380,548,-1,548,380,378,-1,548,378,549,-1,549,378,376,-1,549,376,550,-1,550,376,374,-1,550,374,252,-1,252,374,372,-1,252,372,279,-1,279,372,370,-1,251,386,252,-1,252,386,388,-1,252,388,550,-1,550,388,390,-1,550,390,549,-1,549,390,392,-1,549,392,548,-1,548,392,394,-1,548,394,547,-1,547,394,396,-1,547,396,546,-1,546,396,398,-1,546,398,545,-1,545,398,400,-1,545,400,544,-1,544,400,402,-1,544,402,174,-1,174,402,175,-1,217,171,402,-1,402,171,176,-1,402,176,175,-1,170,172,551,-1,551,172,217,-1,551,217,552,-1,552,217,401,-1,552,401,553,-1,553,401,399,-1,553,399,554,-1,554,399,397,-1,554,397,555,-1,555,397,395,-1,555,395,556,-1,556,395,393,-1,556,393,557,-1,557,393,391,-1,557,391,249,-1,249,391,389,-1,249,389,280,-1,280,389,387,-1,248,558,249,-1,249,558,559,-1,249,559,557,-1,557,559,560,-1,557,560,556,-1,556,560,561,-1,556,561,555,-1,555,561,562,-1,555,562,554,-1,554,562,563,-1,554,563,553,-1,553,563,564,-1,553,564,552,-1,552,564,565,-1,552,565,551,-1,551,565,216,-1,551,216,170,-1,170,216,169,-1,167,168,417,-1,417,168,216,-1,417,216,415,-1,415,216,565,-1,415,565,413,-1,413,565,564,-1,413,564,411,-1,411,564,563,-1,411,563,409,-1,409,563,562,-1,409,562,407,-1,407,562,561,-1,407,561,405,-1,405,561,560,-1,405,560,246,-1,246,560,559,-1,246,559,244,-1,244,559,558,-1,215,165,417,-1,417,165,166,-1,417,166,167,-1,162,161,566,-1,566,161,215,-1,566,215,567,-1,567,215,416,-1,567,416,568,-1,568,416,414,-1,568,414,569,-1,569,414,412,-1,569,412,570,-1,570,412,410,-1,570,410,571,-1,571,410,408,-1,571,408,572,-1,572,408,406,-1,572,406,243,-1,243,406,404,-1,243,404,281,-1,281,404,403,-1,242,418,243,-1,243,418,420,-1,243,420,572,-1,572,420,422,-1,572,422,571,-1,571,422,424,-1,571,424,570,-1,570,424,426,-1,570,426,569,-1,569,426,428,-1,569,428,568,-1,568,428,430,-1,568,430,567,-1,567,430,432,-1,567,432,566,-1,566,432,434,-1,566,434,162,-1,162,434,163,-1,214,159,434,-1,434,159,164,-1,434,164,163,-1,158,160,573,-1,573,160,214,-1,573,214,574,-1,574,214,433,-1,574,433,575,-1,575,433,431,-1,575,431,576,-1,576,431,429,-1,576,429,577,-1,577,429,427,-1,577,427,578,-1,578,427,425,-1,578,425,579,-1,579,425,423,-1,579,423,240,-1,240,423,421,-1,240,421,282,-1,282,421,419,-1,239,435,240,-1,240,435,437,-1,240,437,579,-1,579,437,439,-1,579,439,578,-1,578,439,441,-1,578,441,577,-1,577,441,443,-1,577,443,576,-1,576,443,445,-1,576,445,575,-1,575,445,447,-1,575,447,574,-1,574,447,449,-1,574,449,573,-1,573,449,451,-1,573,451,158,-1,158,451,157,-1,213,155,451,-1,451,155,156,-1,451,156,157,-1,153,154,212,-1,212,154,213,-1,212,213,580,-1,580,213,450,-1,580,450,581,-1,581,450,448,-1,581,448,582,-1,582,448,446,-1,582,446,583,-1,583,446,444,-1,583,444,584,-1,584,444,442,-1,584,442,585,-1,585,442,440,-1,585,440,237,-1,237,440,438,-1,237,438,283,-1,283,438,436,-1,150,149,586,-1,586,149,212,-1,586,212,587,-1,587,212,580,-1,587,580,588,-1,588,580,581,-1,588,581,589,-1,589,581,582,-1,589,582,590,-1,590,582,583,-1,590,583,591,-1,591,583,584,-1,591,584,592,-1,592,584,585,-1,592,585,234,-1,234,585,237,-1,234,237,232,-1,232,237,236,-1,233,452,234,-1,234,452,454,-1,234,454,592,-1,592,454,456,-1,592,456,591,-1,591,456,458,-1,591,458,590,-1,590,458,460,-1,590,460,589,-1,589,460,462,-1,589,462,588,-1,588,462,464,-1,588,464,587,-1,587,464,466,-1,587,466,586,-1,586,466,468,-1,586,468,150,-1,150,468,151,-1,211,147,468,-1,468,147,152,-1,468,152,151,-1,146,148,593,-1,593,148,211,-1,593,211,594,-1,594,211,467,-1,594,467,595,-1,595,467,465,-1,595,465,596,-1,596,465,463,-1,596,463,597,-1,597,463,461,-1,597,461,598,-1,598,461,459,-1,598,459,599,-1,599,459,457,-1,599,457,231,-1,231,457,455,-1,231,455,284,-1,284,455,453,-1,230,469,231,-1,231,469,471,-1,231,471,599,-1,599,471,473,-1,599,473,598,-1,598,473,475,-1,598,475,597,-1,597,475,477,-1,597,477,596,-1,596,477,479,-1,596,479,595,-1,595,479,481,-1,595,481,594,-1,594,481,483,-1,594,483,593,-1,593,483,485,-1,593,485,146,-1,146,485,145,-1,210,143,485,-1,485,143,144,-1,485,144,145,-1,142,141,600,-1,600,141,210,-1,600,210,601,-1,601,210,484,-1,601,484,602,-1,602,484,482,-1,602,482,603,-1,603,482,480,-1,603,480,604,-1,604,480,478,-1,604,478,605,-1,605,478,476,-1,605,476,606,-1,606,476,474,-1,606,474,228,-1,228,474,472,-1,228,472,285,-1,285,472,470,-1,227,486,228,-1,228,486,487,-1,228,487,606,-1,606,487,488,-1,606,488,605,-1,605,488,489,-1,605,489,604,-1,604,489,490,-1,604,490,603,-1,603,490,491,-1,603,491,602,-1,602,491,492,-1,602,492,601,-1,601,492,493,-1,601,493,600,-1,600,493,494,-1,600,494,142,-1,142,494,207,-1,227,607,608,-1,470,609,285,-1,285,609,607,-1,285,607,226,-1,226,607,227,-1,470,469,609,-1,609,469,230,-1,609,230,610,-1,453,611,284,-1,284,611,610,-1,284,610,229,-1,229,610,230,-1,453,452,611,-1,611,452,233,-1,611,233,612,-1,233,232,612,-1,612,232,236,-1,612,236,613,-1,436,614,283,-1,283,614,613,-1,283,613,235,-1,235,613,236,-1,436,435,614,-1,614,435,239,-1,614,239,615,-1,419,616,282,-1,282,616,615,-1,282,615,238,-1,238,615,239,-1,419,418,616,-1,616,418,242,-1,616,242,617,-1,242,241,617,-1,617,241,281,-1,617,281,618,-1,281,403,618,-1,618,403,245,-1,618,245,619,-1,619,245,244,-1,619,244,620,-1,620,244,558,-1,620,558,248,-1,387,621,280,-1,280,621,620,-1,280,620,247,-1,247,620,248,-1,387,386,621,-1,621,386,251,-1,621,251,622,-1,370,623,279,-1,279,623,622,-1,279,622,250,-1,250,622,251,-1,370,369,623,-1,623,369,254,-1,623,254,624,-1,254,253,624,-1,624,253,257,-1,624,257,625,-1,353,626,278,-1,278,626,625,-1,278,625,256,-1,256,625,257,-1,353,352,626,-1,626,352,260,-1,626,260,627,-1,336,628,277,-1,277,628,627,-1,277,627,259,-1,259,627,260,-1,336,335,628,-1,628,335,263,-1,628,263,629,-1,263,262,629,-1,629,262,276,-1,629,276,630,-1,265,631,266,-1,266,631,630,-1,266,630,320,-1,320,630,276,-1,265,509,631,-1,631,509,269,-1,631,269,632,-1,304,633,275,-1,275,633,632,-1,275,632,268,-1,268,632,269,-1,304,303,633,-1,633,303,272,-1,633,272,634,-1,272,271,634,-1,634,271,274,-1,634,274,635,-1,274,287,635,-1,635,287,286,-1,635,286,608,-1,608,286,486,-1,608,486,227,-1,636,622,637,-1,637,622,623,-1,637,623,638,-1,638,623,624,-1,638,624,639,-1,639,624,625,-1,639,625,640,-1,641,633,642,-1,642,633,634,-1,642,634,643,-1,643,634,635,-1,643,635,644,-1,644,635,608,-1,644,608,645,-1,645,608,607,-1,645,607,646,-1,625,626,640,-1,640,626,627,-1,640,627,647,-1,647,627,628,-1,647,628,648,-1,648,628,629,-1,648,629,649,-1,649,629,630,-1,649,630,650,-1,650,630,631,-1,650,631,641,-1,641,631,632,-1,641,632,633,-1,651,616,652,-1,652,616,617,-1,652,617,653,-1,653,617,618,-1,653,618,654,-1,654,618,619,-1,654,619,655,-1,655,619,620,-1,655,620,636,-1,636,620,621,-1,636,621,622,-1,607,609,646,-1,646,609,610,-1,646,610,656,-1,656,610,611,-1,656,611,657,-1,657,611,612,-1,657,612,658,-1,658,612,613,-1,658,613,659,-1,659,613,614,-1,659,614,651,-1,651,614,615,-1,651,615,616,-1,121,644,119,-1,119,644,645,-1,119,645,123,-1,123,645,646,-1,123,646,124,-1,124,646,656,-1,124,656,125,-1,125,656,657,-1,125,657,128,-1,128,657,658,-1,128,658,129,-1,129,658,659,-1,129,659,130,-1,130,659,651,-1,130,651,126,-1,126,651,652,-1,126,652,127,-1,127,652,653,-1,127,653,131,-1,131,653,654,-1,131,654,132,-1,132,654,655,-1,132,655,108,-1,108,655,636,-1,108,636,107,-1,107,636,637,-1,107,637,110,-1,110,637,638,-1,110,638,111,-1,111,638,639,-1,111,639,112,-1,112,639,640,-1,112,640,116,-1,116,640,647,-1,116,647,117,-1,117,647,648,-1,117,648,118,-1,118,648,649,-1,118,649,113,-1,113,649,650,-1,113,650,114,-1,114,650,641,-1,114,641,115,-1,115,641,642,-1,115,642,122,-1,122,642,643,-1,122,643,121,-1,121,643,644,-1,31,32,34,-1,34,32,35,-1,2,4,33,-1,33,4,30,-1,660,140,661,-1,661,140,139,-1,662,137,660,-1,660,137,140,-1,663,138,662,-1,662,138,137,-1,661,139,663,-1,663,139,138,-1,65,66,661,-1,661,66,660,-1,67,64,662,-1,662,64,663,-1,67,662,66,-1,66,662,660,-1,65,661,64,-1,64,661,663,-1,664,665,666,-1,667,668,669,-1,670,671,672,-1,673,674,675,-1,676,677,678,-1,679,680,681,-1,682,683,684,-1,685,686,687,-1,688,689,690,-1,690,689,691,-1,690,691,692,-1,693,694,690,-1,690,694,695,-1,690,695,688,-1,696,697,698,-1,698,697,699,-1,698,699,700,-1,700,699,701,-1,700,701,702,-1,702,701,703,-1,702,703,704,-1,704,703,705,-1,704,705,706,-1,706,705,707,-1,706,707,690,-1,690,707,708,-1,690,708,693,-1,709,710,711,-1,711,710,712,-1,711,712,713,-1,692,714,715,-1,715,714,716,-1,715,716,717,-1,716,713,717,-1,717,713,712,-1,717,712,718,-1,719,720,721,-1,721,720,722,-1,721,722,723,-1,724,725,722,-1,726,727,725,-1,725,727,728,-1,725,728,722,-1,722,728,729,-1,722,729,723,-1,730,718,731,-1,731,718,720,-1,731,720,732,-1,729,733,734,-1,734,735,729,-1,729,735,736,-1,729,736,723,-1,737,738,732,-1,732,738,739,-1,732,739,740,-1,719,741,720,-1,720,741,742,-1,720,742,732,-1,732,742,743,-1,732,743,737,-1,740,744,732,-1,732,744,745,-1,732,745,729,-1,729,745,746,-1,729,746,733,-1,731,724,730,-1,730,724,722,-1,730,722,747,-1,748,747,749,-1,750,751,752,-1,750,752,753,-1,752,754,753,-1,753,754,755,-1,753,755,756,-1,756,755,757,-1,756,757,758,-1,758,759,756,-1,756,759,760,-1,756,760,761,-1,760,762,761,-1,761,762,763,-1,761,763,764,-1,764,765,761,-1,761,765,766,-1,761,766,767,-1,767,768,761,-1,761,768,769,-1,761,769,770,-1,770,769,771,-1,771,772,770,-1,770,772,773,-1,770,773,774,-1,775,776,777,-1,777,776,778,-1,777,778,779,-1,773,780,774,-1,774,780,781,-1,774,781,777,-1,777,781,782,-1,777,782,775,-1,779,783,784,-1,784,783,785,-1,785,783,786,-1,785,786,787,-1,788,789,790,-1,791,792,793,-1,788,794,789,-1,789,794,793,-1,789,793,795,-1,791,793,796,-1,779,784,777,-1,777,784,797,-1,777,797,794,-1,794,797,798,-1,794,798,793,-1,793,798,799,-1,793,799,796,-1,800,801,802,-1,802,801,803,-1,802,803,804,-1,804,803,805,-1,804,805,806,-1,806,805,807,-1,806,807,808,-1,808,807,809,-1,808,809,790,-1,790,809,810,-1,790,810,788,-1,811,812,813,-1,814,815,816,-1,813,817,811,-1,811,817,818,-1,811,818,819,-1,819,818,814,-1,819,814,820,-1,820,814,816,-1,821,822,675,-1,675,822,823,-1,675,823,824,-1,824,823,817,-1,817,823,825,-1,817,825,818,-1,826,822,827,-1,827,822,821,-1,827,821,828,-1,829,830,831,-1,832,833,821,-1,821,833,834,-1,821,834,835,-1,836,837,838,-1,838,837,839,-1,838,839,829,-1,829,839,840,-1,829,840,830,-1,835,841,821,-1,821,841,842,-1,821,842,828,-1,843,844,845,-1,845,844,846,-1,845,846,838,-1,838,846,847,-1,838,847,836,-1,848,849,850,-1,851,852,853,-1,853,852,854,-1,848,850,855,-1,856,857,858,-1,859,860,861,-1,851,862,852,-1,852,862,863,-1,852,863,864,-1,864,863,861,-1,864,861,865,-1,865,861,860,-1,866,867,856,-1,856,867,868,-1,856,868,857,-1,869,870,871,-1,871,870,872,-1,871,872,873,-1,874,875,876,-1,876,875,877,-1,878,879,850,-1,850,879,880,-1,850,880,855,-1,881,882,883,-1,858,884,856,-1,856,884,885,-1,856,885,875,-1,875,885,854,-1,875,854,877,-1,877,854,852,-1,886,887,861,-1,861,887,888,-1,861,888,889,-1,882,890,883,-1,883,890,891,-1,883,891,892,-1,874,893,875,-1,875,893,894,-1,875,894,895,-1,889,896,861,-1,861,896,897,-1,861,897,859,-1,898,899,900,-1,900,899,901,-1,900,901,891,-1,891,901,902,-1,891,902,892,-1,849,903,904,-1,904,903,905,-1,903,906,905,-1,905,906,907,-1,905,907,856,-1,856,907,908,-1,856,908,866,-1,909,910,911,-1,911,910,912,-1,911,912,684,-1,682,684,913,-1,914,915,912,-1,912,915,916,-1,912,916,684,-1,684,916,917,-1,684,917,913,-1,918,919,920,-1,921,922,912,-1,912,922,923,-1,912,923,924,-1,924,925,912,-1,912,925,926,-1,912,926,914,-1,927,928,929,-1,929,928,930,-1,919,931,920,-1,920,931,930,-1,920,930,932,-1,932,930,928,-1,918,920,933,-1,933,920,934,-1,933,934,912,-1,912,934,935,-1,912,935,921,-1,680,936,937,-1,937,936,938,-1,938,936,939,-1,938,939,940,-1,681,941,942,-1,942,943,681,-1,681,943,944,-1,681,944,679,-1,945,946,681,-1,681,946,947,-1,681,947,941,-1,948,949,950,-1,950,949,951,-1,950,951,945,-1,945,951,952,-1,945,952,946,-1,953,954,955,-1,955,954,956,-1,957,958,875,-1,875,958,959,-1,875,959,955,-1,955,959,960,-1,955,960,953,-1,881,883,895,-1,895,883,961,-1,895,961,875,-1,875,961,962,-1,875,962,957,-1,963,964,965,-1,963,965,966,-1,966,965,967,-1,966,967,968,-1,969,970,971,-1,971,970,972,-1,973,968,974,-1,974,968,967,-1,974,967,678,-1,678,967,975,-1,678,975,676,-1,972,970,973,-1,973,970,976,-1,973,976,968,-1,968,976,977,-1,968,977,978,-1,978,977,979,-1,978,979,980,-1,964,963,981,-1,981,963,911,-1,981,911,980,-1,980,911,684,-1,980,684,978,-1,982,983,984,-1,985,986,966,-1,982,984,968,-1,968,984,987,-1,968,987,966,-1,966,987,988,-1,966,988,985,-1,989,990,991,-1,992,993,994,-1,990,995,991,-1,991,995,996,-1,991,996,982,-1,982,996,997,-1,982,997,983,-1,992,994,998,-1,985,999,986,-1,986,999,1000,-1,986,1000,994,-1,994,1000,1001,-1,994,1001,998,-1,993,1002,994,-1,994,1002,1003,-1,994,1003,991,-1,991,1003,1004,-1,991,1004,989,-1,710,1005,712,-1,712,1005,1006,-1,712,1006,991,-1,991,1006,1007,-1,991,1007,994,-1,994,1007,1008,-1,994,1008,714,-1,714,1008,1009,-1,714,1009,716,-1,869,898,870,-1,870,898,900,-1,870,900,1010,-1,1010,900,1011,-1,1010,1011,1012,-1,1012,1011,1013,-1,1012,1013,1014,-1,1014,1013,1015,-1,1016,1015,904,-1,904,1015,1013,-1,904,1013,849,-1,849,1013,1011,-1,849,1011,850,-1,1016,904,674,-1,674,904,829,-1,674,829,675,-1,675,829,831,-1,675,831,821,-1,821,831,1017,-1,821,1017,832,-1,1018,1019,1020,-1,961,1021,962,-1,962,1021,1022,-1,962,1022,1023,-1,1023,1024,962,-1,962,1024,1025,-1,962,1025,824,-1,675,1026,1027,-1,1028,1029,675,-1,675,1029,1030,-1,675,1030,1026,-1,1019,1028,1020,-1,1020,1028,675,-1,1020,675,1031,-1,1031,675,824,-1,1031,824,1032,-1,1032,824,1025,-1,1027,1033,675,-1,675,1033,1034,-1,675,1034,673,-1,1035,1036,1037,-1,1037,1036,1038,-1,1037,1038,1039,-1,1037,1040,1035,-1,1035,1040,1041,-1,1035,1041,1042,-1,1042,1043,1035,-1,1035,1043,1044,-1,1035,1044,1045,-1,1045,1044,1046,-1,1045,1046,1047,-1,1047,1046,1048,-1,1047,1048,1020,-1,1020,1048,1049,-1,1020,1049,1018,-1,1050,1051,1039,-1,1039,1051,1052,-1,1039,1052,1037,-1,1053,1054,873,-1,873,1054,1055,-1,873,1055,871,-1,1053,1056,1054,-1,1054,1056,1057,-1,1054,1057,1058,-1,1058,1057,1059,-1,1058,1060,1061,-1,1059,1062,1058,-1,1058,1062,1063,-1,1058,1063,1064,-1,1064,1065,1058,-1,1058,1065,1066,-1,1058,1066,1060,-1,1061,1067,1058,-1,1058,1067,1068,-1,1058,1068,1069,-1,1070,1071,720,-1,720,1071,1072,-1,720,1072,722,-1,722,1072,1073,-1,722,1073,1074,-1,1075,1076,1077,-1,1077,1076,1078,-1,1078,1076,1079,-1,1079,1076,1072,-1,1079,1072,1080,-1,1080,1072,1071,-1,1080,1071,672,-1,672,1071,1081,-1,672,1081,670,-1,1073,1082,1074,-1,1074,1082,1083,-1,1074,1083,1084,-1,1084,1083,1085,-1,1070,720,1086,-1,1086,720,1087,-1,1086,1087,1085,-1,1085,1087,813,-1,1085,813,1084,-1,1084,813,812,-1,1084,812,1088,-1,1089,1090,1091,-1,1091,1090,667,-1,1092,1093,1091,-1,1091,1093,1094,-1,1094,1095,1091,-1,1091,1095,1096,-1,1091,1096,1089,-1,664,1097,665,-1,665,1097,1098,-1,665,1098,1099,-1,1099,1100,665,-1,665,1100,1101,-1,665,1101,1102,-1,1103,1104,664,-1,1103,664,1105,-1,1106,1107,1108,-1,1108,1107,1109,-1,1110,1111,1107,-1,1107,1111,1112,-1,1107,1112,1113,-1,1114,1115,1116,-1,1116,1115,1117,-1,1118,1119,1097,-1,1097,1119,1120,-1,1097,1120,1121,-1,1122,1123,1124,-1,1124,1123,1125,-1,1124,1125,1126,-1,1127,1113,1128,-1,1128,1113,1129,-1,1128,1129,1124,-1,1124,1129,1130,-1,1124,1130,1122,-1,1131,1132,668,-1,668,1132,1133,-1,668,1133,664,-1,664,1133,1134,-1,664,1134,1105,-1,1104,1135,664,-1,664,1135,1136,-1,664,1136,1097,-1,1097,1136,1137,-1,1097,1137,1118,-1,1127,1138,1113,-1,1113,1138,1139,-1,1113,1139,1107,-1,1107,1139,1140,-1,1107,1140,1109,-1,1114,1141,1115,-1,1115,1141,1142,-1,1115,1142,1143,-1,1144,1145,1146,-1,1146,1145,1147,-1,1146,1147,1115,-1,1115,1147,1148,-1,1115,1148,1117,-1,1121,1149,1097,-1,1097,1149,1150,-1,1097,1150,1151,-1,1151,1150,1144,-1,1151,1144,1152,-1,1152,1144,1146,-1,1153,1154,1115,-1,1115,1154,1155,-1,1115,1155,1107,-1,1107,1155,1156,-1,1107,1156,1110,-1,1143,1157,1115,-1,1115,1157,1158,-1,1115,1158,1159,-1,1159,1160,1115,-1,1115,1160,1161,-1,1115,1161,1153,-1,1162,1163,1164,-1,1164,1113,1162,-1,1162,1113,1112,-1,1162,1112,1165,-1,1165,1112,1166,-1,1166,1167,1165,-1,1165,1167,1168,-1,1165,1168,1169,-1,1170,1171,1172,-1,1173,1174,1171,-1,1174,1175,1171,-1,1171,1175,1176,-1,1171,1176,1177,-1,1172,1178,1170,-1,1170,1178,1179,-1,1170,1179,1180,-1,1163,1162,1170,-1,1170,1162,1181,-1,1170,1181,1171,-1,1171,1181,1182,-1,1171,1182,1173,-1,1177,1183,1171,-1,1171,1183,1184,-1,1171,1184,1185,-1,1185,1184,1186,-1,1185,1186,1187,-1,1187,1186,1188,-1,1189,1190,1180,-1,1180,1190,1191,-1,1180,1191,1170,-1,1090,1192,667,-1,667,1192,1193,-1,667,1193,668,-1,668,1193,1194,-1,668,1194,1131,-1,1195,800,1196,-1,1196,800,802,-1,1196,802,1197,-1,1197,802,804,-1,1197,804,1198,-1,1198,804,806,-1,1198,806,1199,-1,1199,806,808,-1,1199,808,1200,-1,1200,808,790,-1,1200,790,1201,-1,1201,790,789,-1,1202,945,1091,-1,1202,1203,945,-1,945,1203,1204,-1,945,1204,950,-1,950,1204,1205,-1,950,1205,1206,-1,669,950,667,-1,667,950,1206,-1,667,1206,1091,-1,1091,1206,1207,-1,1091,1207,1202,-1,1208,1209,669,-1,1208,1210,1209,-1,1209,1210,1211,-1,1209,1211,1212,-1,1213,1214,1215,-1,1215,1214,1210,-1,1215,1210,1216,-1,1216,1210,1208,-1,1216,1208,1217,-1,1217,1208,1218,-1,666,1209,664,-1,664,1209,1212,-1,664,1212,668,-1,668,1212,1219,-1,668,1219,669,-1,669,1219,1220,-1,669,1220,1208,-1,680,937,681,-1,681,937,1221,-1,681,1221,945,-1,945,1221,793,-1,945,793,1091,-1,1091,793,792,-1,1091,792,1092,-1,666,905,1209,-1,1209,905,856,-1,1209,856,669,-1,669,856,875,-1,669,875,950,-1,950,875,955,-1,950,955,948,-1,948,955,956,-1,691,685,692,-1,692,685,687,-1,692,687,714,-1,714,687,1222,-1,714,1222,994,-1,994,1222,1223,-1,994,1223,986,-1,986,1223,1224,-1,986,1224,966,-1,966,1224,1225,-1,966,1225,963,-1,963,1225,938,-1,963,938,911,-1,911,938,940,-1,911,940,909,-1,718,712,720,-1,720,712,991,-1,720,991,1087,-1,1087,991,982,-1,1087,982,813,-1,813,982,968,-1,813,968,817,-1,817,968,978,-1,817,978,824,-1,824,978,684,-1,824,684,962,-1,962,684,683,-1,962,683,957,-1,747,722,749,-1,749,722,1074,-1,749,1074,1226,-1,1226,1074,1084,-1,1226,1084,845,-1,845,1084,1088,-1,845,1088,843,-1,748,749,1227,-1,1227,749,1226,-1,1227,1226,1228,-1,1228,1226,845,-1,1228,845,1229,-1,1229,845,838,-1,1229,838,1230,-1,1230,838,829,-1,1230,829,1231,-1,1231,829,904,-1,1231,904,1232,-1,1232,904,905,-1,1232,905,1233,-1,1233,905,666,-1,1233,666,1234,-1,1234,666,665,-1,1234,665,750,-1,750,665,1102,-1,750,1102,751,-1,1235,1197,1198,-1,5,1195,1196,-1,1236,7,1237,-1,1237,7,5,-1,1237,5,1235,-1,1235,5,1196,-1,1235,1196,1197,-1,1201,1238,1200,-1,1200,1238,1235,-1,1200,1235,1199,-1,1199,1235,1198,-1,11,10,5,-1,13,12,7,-1,7,12,9,-1,7,9,5,-1,5,9,8,-1,8,18,5,-1,5,18,17,-1,5,17,16,-1,16,15,5,-1,5,15,14,-1,5,14,11,-1,1239,1235,1240,-1,1240,1235,1238,-1,1240,1238,1241,-1,1237,1242,1236,-1,1236,1242,1243,-1,1236,1243,1244,-1,1245,1246,1247,-1,1247,1246,1248,-1,1248,1249,1250,-1,1251,1252,1247,-1,748,1227,1250,-1,1250,1227,1228,-1,1250,1228,1229,-1,1248,1250,1247,-1,1247,1250,1253,-1,1247,1253,1251,-1,697,696,1254,-1,697,1254,10,-1,1255,10,1256,-1,1256,10,1254,-1,1256,1254,1257,-1,1257,1254,1250,-1,1257,1250,1258,-1,1258,1250,1249,-1,1255,1259,10,-1,10,1259,1260,-1,10,1260,5,-1,1229,1230,1250,-1,1250,1230,1231,-1,1250,1231,1232,-1,1232,1233,1250,-1,1250,1233,1234,-1,1250,1234,1253,-1,1253,1234,750,-1,1253,750,753,-1,1261,1262,1260,-1,1260,1262,1263,-1,1260,1263,5,-1,5,1263,1264,-1,5,1264,1195,-1,1195,1264,1252,-1,1195,1252,800,-1,800,1252,1251,-1,800,1251,801,-1,1245,1247,1265,-1,1265,1247,1266,-1,1265,1266,1267,-1,1267,1266,1268,-1,1267,1268,1262,-1,1262,1268,1263,-1,1259,1255,1269,-1,1258,1249,1270,-1,1270,1249,1271,-1,1270,1271,1269,-1,1269,1271,1272,-1,1269,1272,1259,-1,1248,1246,1273,-1,1261,1260,1274,-1,1274,1260,1275,-1,1274,1275,1273,-1,1273,1275,1276,-1,1273,1276,1248,-1,1277,10,1278,-1,1278,10,11,-1,1278,11,1279,-1,1279,11,708,-1,1279,708,1280,-1,1280,708,697,-1,1280,697,1277,-1,1277,697,10,-1,708,11,14,-1,708,14,693,-1,693,14,15,-1,693,15,694,-1,694,15,16,-1,694,16,695,-1,695,16,17,-1,695,17,688,-1,688,17,18,-1,688,18,689,-1,689,18,8,-1,689,8,691,-1,691,8,9,-1,691,9,685,-1,686,685,12,-1,12,685,9,-1,1281,1282,686,-1,1283,1284,795,-1,795,1284,1285,-1,795,1285,1286,-1,1287,1288,12,-1,12,1288,1289,-1,12,1289,1290,-1,1291,1292,686,-1,686,1292,1293,-1,686,1293,795,-1,795,1293,1294,-1,795,1294,1283,-1,1286,1295,795,-1,795,1295,1296,-1,795,1296,13,-1,13,1296,1297,-1,13,1297,1298,-1,1298,1299,13,-1,13,1299,1300,-1,13,1300,1301,-1,1301,1302,13,-1,13,1302,1303,-1,13,1303,12,-1,12,1303,1304,-1,12,1304,1287,-1,1282,1305,686,-1,686,1305,1306,-1,686,1306,1291,-1,1290,1307,12,-1,12,1307,1308,-1,12,1308,686,-1,686,1308,1309,-1,686,1309,1281,-1,7,1236,1244,-1,789,795,13,-1,1238,1201,1241,-1,1241,1201,789,-1,1241,789,1244,-1,1244,789,13,-1,1244,13,7,-1,1264,1310,1252,-1,1252,1310,1311,-1,1310,1312,1311,-1,1311,1312,1313,-1,1314,1243,1242,-1,1240,1315,1239,-1,1239,1315,1313,-1,1239,1313,1242,-1,1242,1313,1312,-1,1242,1312,1314,-1,1314,1268,1243,-1,1243,1268,1266,-1,1243,1266,1240,-1,1240,1266,1315,-1,1310,1264,1312,-1,1312,1264,1263,-1,1312,1263,1314,-1,1314,1263,1268,-1,1315,1266,1313,-1,1313,1266,1247,-1,1313,1247,1311,-1,1311,1247,1252,-1,1275,1316,1276,-1,1276,1316,1317,-1,1316,1318,1317,-1,1317,1318,1319,-1,1320,1321,1318,-1,1318,1321,1322,-1,1323,1324,1319,-1,1319,1324,1325,-1,1326,1327,1328,-1,1328,1327,1319,-1,1328,1319,1329,-1,1329,1319,1325,-1,1326,1330,1327,-1,1327,1330,1331,-1,1327,1331,1332,-1,1322,1333,1318,-1,1318,1333,1334,-1,1318,1334,1319,-1,1319,1334,1335,-1,1319,1335,1323,-1,1332,1336,1327,-1,1327,1336,1337,-1,1327,1337,1338,-1,1338,1337,1339,-1,1339,1340,1338,-1,1338,1340,1341,-1,1338,1341,1342,-1,1342,1343,1338,-1,1338,1343,1344,-1,1338,1344,1318,-1,1318,1344,1345,-1,1318,1345,1320,-1,1338,1346,1327,-1,1327,1346,1347,-1,1346,1272,1347,-1,1347,1272,1271,-1,1272,1346,1338,-1,1316,1275,1318,-1,1318,1275,1260,-1,1318,1260,1338,-1,1338,1260,1259,-1,1338,1259,1272,-1,1276,1317,1319,-1,1347,1271,1327,-1,1327,1271,1249,-1,1327,1249,1319,-1,1319,1249,1248,-1,1319,1248,1276,-1,1267,1274,1265,-1,1265,1274,1273,-1,1267,1262,1274,-1,1274,1262,1261,-1,1245,1265,1246,-1,1246,1265,1273,-1,1269,1348,1270,-1,1270,1348,1349,-1,1350,1257,1349,-1,1257,1350,1256,-1,1256,1350,1351,-1,1256,1351,1348,-1,1348,1351,1352,-1,1348,1352,1349,-1,1349,1352,1353,-1,1349,1353,1350,-1,1255,1256,1269,-1,1269,1256,1348,-1,1257,1258,1349,-1,1349,1258,1270,-1,1292,1354,1355,-1,1292,1355,1293,-1,1354,1292,1356,-1,1356,1292,1291,-1,1356,1291,1357,-1,1357,1291,1358,-1,1358,1291,1306,-1,1358,1306,1359,-1,1305,1360,1306,-1,1306,1360,1361,-1,1306,1361,1359,-1,1362,1363,1282,-1,1282,1363,1364,-1,1282,1364,1305,-1,1305,1364,1365,-1,1305,1365,1360,-1,1362,1282,1366,-1,1366,1282,1281,-1,1366,1281,1367,-1,1367,1281,1368,-1,1368,1281,1309,-1,1368,1309,1369,-1,1369,1309,1370,-1,1370,1309,1308,-1,1370,1308,1371,-1,1307,1372,1308,-1,1308,1372,1373,-1,1308,1373,1371,-1,1374,1375,1290,-1,1290,1375,1376,-1,1290,1376,1307,-1,1307,1376,1377,-1,1307,1377,1372,-1,1374,1290,1378,-1,1378,1290,1289,-1,1378,1289,1379,-1,1379,1289,1380,-1,1380,1289,1288,-1,1380,1288,1381,-1,1381,1288,1382,-1,1382,1288,1287,-1,1382,1287,1383,-1,1304,1384,1287,-1,1287,1384,1385,-1,1287,1385,1383,-1,1386,1387,1303,-1,1303,1387,1388,-1,1303,1388,1304,-1,1304,1388,1389,-1,1304,1389,1384,-1,1386,1303,1390,-1,1390,1303,1302,-1,1390,1302,1391,-1,1391,1302,1392,-1,1392,1302,1301,-1,1392,1301,1393,-1,1300,1394,1301,-1,1301,1394,1395,-1,1301,1395,1393,-1,1299,1396,1300,-1,1300,1396,1397,-1,1300,1397,1394,-1,1398,1399,1298,-1,1298,1399,1400,-1,1298,1400,1299,-1,1299,1400,1401,-1,1299,1401,1396,-1,1398,1298,1402,-1,1402,1298,1297,-1,1402,1297,1403,-1,1403,1297,1404,-1,1404,1297,1296,-1,1404,1296,1405,-1,1295,1406,1296,-1,1296,1406,1407,-1,1296,1407,1405,-1,1286,1408,1295,-1,1295,1408,1409,-1,1295,1409,1406,-1,1410,1411,1285,-1,1285,1411,1412,-1,1285,1412,1286,-1,1286,1412,1413,-1,1286,1413,1408,-1,1410,1285,1414,-1,1414,1285,1284,-1,1414,1284,1415,-1,1415,1284,1416,-1,1416,1284,1283,-1,1416,1283,1417,-1,1294,1418,1283,-1,1283,1418,1419,-1,1283,1419,1417,-1,1355,1420,1293,-1,1293,1420,1421,-1,1293,1421,1294,-1,1294,1421,1422,-1,1294,1422,1418,-1,1354,1356,1423,-1,1361,1360,1424,-1,1362,1366,1425,-1,1367,1368,1426,-1,1373,1372,1427,-1,1374,1378,1428,-1,1381,1382,1429,-1,1385,1384,1430,-1,1386,1390,1431,-1,1395,1394,1432,-1,1397,1396,1433,-1,1398,1402,1434,-1,1407,1406,1435,-1,1413,1412,1436,-1,1410,1414,1437,-1,1419,1418,1438,-1,1439,1440,1441,-1,1442,1443,1444,-1,1445,1446,1447,-1,1448,1449,1450,-1,1451,1452,1453,-1,1454,1455,1456,-1,1457,1458,1459,-1,1460,1461,1462,-1,1463,1464,1465,-1,1466,1467,1468,-1,1469,1470,1471,-1,1472,1473,1474,-1,1475,1476,1477,-1,1478,1479,1480,-1,1481,1482,1483,-1,1484,1485,1486,-1,1484,1486,1487,-1,1481,1483,1488,-1,1475,1477,1489,-1,1472,1474,1490,-1,1469,1471,1491,-1,1463,1465,1492,-1,1460,1462,1493,-1,1454,1456,1494,-1,1451,1453,1495,-1,1448,1450,1496,-1,1442,1444,1497,-1,1439,1441,1498,-1,1499,1500,1501,-1,1501,1500,1502,-1,1501,1502,1503,-1,1503,1502,1504,-1,1503,1504,1505,-1,1505,1504,1506,-1,1505,1506,1507,-1,1507,1506,1508,-1,1507,1508,1509,-1,1509,1508,1510,-1,1509,1510,1511,-1,1511,1510,1512,-1,1511,1512,1513,-1,1513,1512,1514,-1,1513,1514,1515,-1,1515,1514,1438,-1,1516,1517,1518,-1,1518,1517,1519,-1,1518,1519,1520,-1,1520,1519,1521,-1,1520,1521,1522,-1,1522,1521,1523,-1,1522,1523,1524,-1,1524,1523,1525,-1,1524,1525,1526,-1,1526,1525,1527,-1,1526,1527,1528,-1,1528,1527,1529,-1,1528,1529,1530,-1,1530,1529,1531,-1,1530,1531,1532,-1,1532,1531,1437,-1,1479,1533,1480,-1,1480,1533,1534,-1,1480,1534,1535,-1,1535,1534,1536,-1,1535,1536,1537,-1,1537,1536,1538,-1,1537,1538,1539,-1,1539,1538,1540,-1,1539,1540,1541,-1,1541,1540,1542,-1,1541,1542,1543,-1,1543,1542,1544,-1,1543,1544,1545,-1,1545,1544,1546,-1,1545,1546,1547,-1,1547,1546,1435,-1,1548,1549,1550,-1,1550,1549,1551,-1,1550,1551,1552,-1,1552,1551,1553,-1,1552,1553,1554,-1,1554,1553,1555,-1,1554,1555,1556,-1,1556,1555,1557,-1,1556,1557,1558,-1,1558,1557,1559,-1,1558,1559,1560,-1,1560,1559,1561,-1,1560,1561,1562,-1,1562,1561,1563,-1,1562,1563,1564,-1,1564,1563,1434,-1,1565,1566,1567,-1,1567,1566,1568,-1,1567,1568,1569,-1,1569,1568,1570,-1,1569,1570,1571,-1,1571,1570,1572,-1,1571,1572,1573,-1,1573,1572,1574,-1,1573,1574,1575,-1,1575,1574,1576,-1,1575,1576,1577,-1,1577,1576,1578,-1,1577,1578,1579,-1,1579,1578,1580,-1,1579,1580,1581,-1,1581,1580,1433,-1,1582,1583,1584,-1,1584,1583,1585,-1,1584,1585,1586,-1,1586,1585,1587,-1,1586,1587,1588,-1,1588,1587,1589,-1,1588,1589,1590,-1,1590,1589,1591,-1,1590,1591,1592,-1,1592,1591,1593,-1,1592,1593,1594,-1,1594,1593,1595,-1,1594,1595,1596,-1,1596,1595,1597,-1,1596,1597,1598,-1,1598,1597,1431,-1,1599,1600,1601,-1,1601,1600,1602,-1,1601,1602,1603,-1,1603,1602,1604,-1,1603,1604,1605,-1,1605,1604,1606,-1,1605,1606,1607,-1,1607,1606,1608,-1,1607,1608,1609,-1,1609,1608,1610,-1,1609,1610,1611,-1,1611,1610,1612,-1,1611,1612,1613,-1,1613,1612,1614,-1,1613,1614,1615,-1,1615,1614,1430,-1,1458,1616,1459,-1,1459,1616,1617,-1,1459,1617,1618,-1,1618,1617,1619,-1,1618,1619,1620,-1,1620,1619,1621,-1,1620,1621,1622,-1,1622,1621,1623,-1,1622,1623,1624,-1,1624,1623,1625,-1,1624,1625,1626,-1,1626,1625,1627,-1,1626,1627,1628,-1,1628,1627,1629,-1,1628,1629,1630,-1,1630,1629,1428,-1,1631,1632,1633,-1,1633,1632,1634,-1,1633,1634,1635,-1,1635,1634,1636,-1,1635,1636,1637,-1,1637,1636,1638,-1,1637,1638,1639,-1,1639,1638,1640,-1,1639,1640,1641,-1,1641,1640,1642,-1,1641,1642,1643,-1,1643,1642,1644,-1,1643,1644,1645,-1,1645,1644,1646,-1,1645,1646,1647,-1,1647,1646,1427,-1,1648,1649,1650,-1,1650,1649,1651,-1,1650,1651,1652,-1,1652,1651,1653,-1,1652,1653,1654,-1,1654,1653,1655,-1,1654,1655,1656,-1,1656,1655,1657,-1,1656,1657,1658,-1,1658,1657,1659,-1,1658,1659,1660,-1,1660,1659,1661,-1,1660,1661,1662,-1,1662,1661,1663,-1,1662,1663,1664,-1,1664,1663,1426,-1,1665,1666,1667,-1,1667,1666,1668,-1,1667,1668,1669,-1,1669,1668,1670,-1,1669,1670,1671,-1,1671,1670,1672,-1,1671,1672,1673,-1,1673,1672,1674,-1,1673,1674,1675,-1,1675,1674,1676,-1,1675,1676,1677,-1,1677,1676,1678,-1,1677,1678,1679,-1,1679,1678,1680,-1,1679,1680,1681,-1,1681,1680,1424,-1,1682,1683,1684,-1,1684,1683,1685,-1,1684,1685,1686,-1,1686,1685,1687,-1,1686,1687,1688,-1,1688,1687,1689,-1,1688,1689,1690,-1,1690,1689,1691,-1,1690,1691,1692,-1,1692,1691,1693,-1,1692,1693,1694,-1,1694,1693,1695,-1,1694,1695,1696,-1,1696,1695,1697,-1,1696,1697,1698,-1,1698,1697,1423,-1,1699,1499,1700,-1,1700,1499,1501,-1,1700,1501,1701,-1,1701,1501,1503,-1,1701,1503,1702,-1,1702,1503,1505,-1,1702,1505,1703,-1,1703,1505,1507,-1,1703,1507,1704,-1,1704,1507,1509,-1,1704,1509,1705,-1,1705,1509,1511,-1,1705,1511,1706,-1,1706,1511,1513,-1,1706,1513,1707,-1,1707,1513,1515,-1,1707,1515,1420,-1,1420,1515,1421,-1,1438,1418,1515,-1,1515,1418,1422,-1,1515,1422,1421,-1,1417,1419,1708,-1,1708,1419,1438,-1,1708,1438,1709,-1,1709,1438,1514,-1,1709,1514,1710,-1,1710,1514,1512,-1,1710,1512,1711,-1,1711,1512,1510,-1,1711,1510,1712,-1,1712,1510,1508,-1,1712,1508,1713,-1,1713,1508,1506,-1,1713,1506,1714,-1,1714,1506,1504,-1,1714,1504,1486,-1,1486,1504,1502,-1,1486,1502,1487,-1,1487,1502,1500,-1,1485,1516,1486,-1,1486,1516,1518,-1,1486,1518,1714,-1,1714,1518,1520,-1,1714,1520,1713,-1,1713,1520,1522,-1,1713,1522,1712,-1,1712,1522,1524,-1,1712,1524,1711,-1,1711,1524,1526,-1,1711,1526,1710,-1,1710,1526,1528,-1,1710,1528,1709,-1,1709,1528,1530,-1,1709,1530,1708,-1,1708,1530,1532,-1,1708,1532,1417,-1,1417,1532,1416,-1,1437,1414,1532,-1,1532,1414,1415,-1,1532,1415,1416,-1,1411,1410,1715,-1,1715,1410,1437,-1,1715,1437,1716,-1,1716,1437,1531,-1,1716,1531,1717,-1,1717,1531,1529,-1,1717,1529,1718,-1,1718,1529,1527,-1,1718,1527,1719,-1,1719,1527,1525,-1,1719,1525,1720,-1,1720,1525,1523,-1,1720,1523,1721,-1,1721,1523,1521,-1,1721,1521,1483,-1,1483,1521,1519,-1,1483,1519,1488,-1,1488,1519,1517,-1,1482,1722,1483,-1,1483,1722,1723,-1,1483,1723,1721,-1,1721,1723,1724,-1,1721,1724,1720,-1,1720,1724,1725,-1,1720,1725,1719,-1,1719,1725,1726,-1,1719,1726,1718,-1,1718,1726,1727,-1,1718,1727,1717,-1,1717,1727,1728,-1,1717,1728,1716,-1,1716,1728,1729,-1,1716,1729,1715,-1,1715,1729,1436,-1,1715,1436,1411,-1,1411,1436,1412,-1,1408,1413,1547,-1,1547,1413,1436,-1,1547,1436,1545,-1,1545,1436,1729,-1,1545,1729,1543,-1,1543,1729,1728,-1,1543,1728,1541,-1,1541,1728,1727,-1,1541,1727,1539,-1,1539,1727,1726,-1,1539,1726,1537,-1,1537,1726,1725,-1,1537,1725,1535,-1,1535,1725,1724,-1,1535,1724,1480,-1,1480,1724,1723,-1,1480,1723,1478,-1,1478,1723,1722,-1,1435,1406,1547,-1,1547,1406,1409,-1,1547,1409,1408,-1,1405,1407,1730,-1,1730,1407,1435,-1,1730,1435,1731,-1,1731,1435,1546,-1,1731,1546,1732,-1,1732,1546,1544,-1,1732,1544,1733,-1,1733,1544,1542,-1,1733,1542,1734,-1,1734,1542,1540,-1,1734,1540,1735,-1,1735,1540,1538,-1,1735,1538,1736,-1,1736,1538,1536,-1,1736,1536,1477,-1,1477,1536,1534,-1,1477,1534,1489,-1,1489,1534,1533,-1,1476,1548,1477,-1,1477,1548,1550,-1,1477,1550,1736,-1,1736,1550,1552,-1,1736,1552,1735,-1,1735,1552,1554,-1,1735,1554,1734,-1,1734,1554,1556,-1,1734,1556,1733,-1,1733,1556,1558,-1,1733,1558,1732,-1,1732,1558,1560,-1,1732,1560,1731,-1,1731,1560,1562,-1,1731,1562,1730,-1,1730,1562,1564,-1,1730,1564,1405,-1,1405,1564,1404,-1,1434,1402,1564,-1,1564,1402,1403,-1,1564,1403,1404,-1,1399,1398,1737,-1,1737,1398,1434,-1,1737,1434,1738,-1,1738,1434,1563,-1,1738,1563,1739,-1,1739,1563,1561,-1,1739,1561,1740,-1,1740,1561,1559,-1,1740,1559,1741,-1,1741,1559,1557,-1,1741,1557,1742,-1,1742,1557,1555,-1,1742,1555,1743,-1,1743,1555,1553,-1,1743,1553,1474,-1,1474,1553,1551,-1,1474,1551,1490,-1,1490,1551,1549,-1,1473,1565,1474,-1,1474,1565,1567,-1,1474,1567,1743,-1,1743,1567,1569,-1,1743,1569,1742,-1,1742,1569,1571,-1,1742,1571,1741,-1,1741,1571,1573,-1,1741,1573,1740,-1,1740,1573,1575,-1,1740,1575,1739,-1,1739,1575,1577,-1,1739,1577,1738,-1,1738,1577,1579,-1,1738,1579,1737,-1,1737,1579,1581,-1,1737,1581,1399,-1,1399,1581,1400,-1,1433,1396,1581,-1,1581,1396,1401,-1,1581,1401,1400,-1,1394,1397,1432,-1,1432,1397,1433,-1,1432,1433,1744,-1,1744,1433,1580,-1,1744,1580,1745,-1,1745,1580,1578,-1,1745,1578,1746,-1,1746,1578,1576,-1,1746,1576,1747,-1,1747,1576,1574,-1,1747,1574,1748,-1,1748,1574,1572,-1,1748,1572,1749,-1,1749,1572,1570,-1,1749,1570,1471,-1,1471,1570,1568,-1,1471,1568,1491,-1,1491,1568,1566,-1,1393,1395,1750,-1,1750,1395,1432,-1,1750,1432,1751,-1,1751,1432,1744,-1,1751,1744,1752,-1,1752,1744,1745,-1,1752,1745,1753,-1,1753,1745,1746,-1,1753,1746,1754,-1,1754,1746,1747,-1,1754,1747,1755,-1,1755,1747,1748,-1,1755,1748,1756,-1,1756,1748,1749,-1,1756,1749,1468,-1,1468,1749,1471,-1,1468,1471,1466,-1,1466,1471,1470,-1,1467,1582,1468,-1,1468,1582,1584,-1,1468,1584,1756,-1,1756,1584,1586,-1,1756,1586,1755,-1,1755,1586,1588,-1,1755,1588,1754,-1,1754,1588,1590,-1,1754,1590,1753,-1,1753,1590,1592,-1,1753,1592,1752,-1,1752,1592,1594,-1,1752,1594,1751,-1,1751,1594,1596,-1,1751,1596,1750,-1,1750,1596,1598,-1,1750,1598,1393,-1,1393,1598,1392,-1,1431,1390,1598,-1,1598,1390,1391,-1,1598,1391,1392,-1,1387,1386,1757,-1,1757,1386,1431,-1,1757,1431,1758,-1,1758,1431,1597,-1,1758,1597,1759,-1,1759,1597,1595,-1,1759,1595,1760,-1,1760,1595,1593,-1,1760,1593,1761,-1,1761,1593,1591,-1,1761,1591,1762,-1,1762,1591,1589,-1,1762,1589,1763,-1,1763,1589,1587,-1,1763,1587,1465,-1,1465,1587,1585,-1,1465,1585,1492,-1,1492,1585,1583,-1,1464,1599,1465,-1,1465,1599,1601,-1,1465,1601,1763,-1,1763,1601,1603,-1,1763,1603,1762,-1,1762,1603,1605,-1,1762,1605,1761,-1,1761,1605,1607,-1,1761,1607,1760,-1,1760,1607,1609,-1,1760,1609,1759,-1,1759,1609,1611,-1,1759,1611,1758,-1,1758,1611,1613,-1,1758,1613,1757,-1,1757,1613,1615,-1,1757,1615,1387,-1,1387,1615,1388,-1,1430,1384,1615,-1,1615,1384,1389,-1,1615,1389,1388,-1,1383,1385,1764,-1,1764,1385,1430,-1,1764,1430,1765,-1,1765,1430,1614,-1,1765,1614,1766,-1,1766,1614,1612,-1,1766,1612,1767,-1,1767,1612,1610,-1,1767,1610,1768,-1,1768,1610,1608,-1,1768,1608,1769,-1,1769,1608,1606,-1,1769,1606,1770,-1,1770,1606,1604,-1,1770,1604,1462,-1,1462,1604,1602,-1,1462,1602,1493,-1,1493,1602,1600,-1,1461,1771,1462,-1,1462,1771,1772,-1,1462,1772,1770,-1,1770,1772,1773,-1,1770,1773,1769,-1,1769,1773,1774,-1,1769,1774,1768,-1,1768,1774,1775,-1,1768,1775,1767,-1,1767,1775,1776,-1,1767,1776,1766,-1,1766,1776,1777,-1,1766,1777,1765,-1,1765,1777,1778,-1,1765,1778,1764,-1,1764,1778,1429,-1,1764,1429,1383,-1,1383,1429,1382,-1,1380,1381,1630,-1,1630,1381,1429,-1,1630,1429,1628,-1,1628,1429,1778,-1,1628,1778,1626,-1,1626,1778,1777,-1,1626,1777,1624,-1,1624,1777,1776,-1,1624,1776,1622,-1,1622,1776,1775,-1,1622,1775,1620,-1,1620,1775,1774,-1,1620,1774,1618,-1,1618,1774,1773,-1,1618,1773,1459,-1,1459,1773,1772,-1,1459,1772,1457,-1,1457,1772,1771,-1,1428,1378,1630,-1,1630,1378,1379,-1,1630,1379,1380,-1,1375,1374,1779,-1,1779,1374,1428,-1,1779,1428,1780,-1,1780,1428,1629,-1,1780,1629,1781,-1,1781,1629,1627,-1,1781,1627,1782,-1,1782,1627,1625,-1,1782,1625,1783,-1,1783,1625,1623,-1,1783,1623,1784,-1,1784,1623,1621,-1,1784,1621,1785,-1,1785,1621,1619,-1,1785,1619,1456,-1,1456,1619,1617,-1,1456,1617,1494,-1,1494,1617,1616,-1,1455,1631,1456,-1,1456,1631,1633,-1,1456,1633,1785,-1,1785,1633,1635,-1,1785,1635,1784,-1,1784,1635,1637,-1,1784,1637,1783,-1,1783,1637,1639,-1,1783,1639,1782,-1,1782,1639,1641,-1,1782,1641,1781,-1,1781,1641,1643,-1,1781,1643,1780,-1,1780,1643,1645,-1,1780,1645,1779,-1,1779,1645,1647,-1,1779,1647,1375,-1,1375,1647,1376,-1,1427,1372,1647,-1,1647,1372,1377,-1,1647,1377,1376,-1,1371,1373,1786,-1,1786,1373,1427,-1,1786,1427,1787,-1,1787,1427,1646,-1,1787,1646,1788,-1,1788,1646,1644,-1,1788,1644,1789,-1,1789,1644,1642,-1,1789,1642,1790,-1,1790,1642,1640,-1,1790,1640,1791,-1,1791,1640,1638,-1,1791,1638,1792,-1,1792,1638,1636,-1,1792,1636,1453,-1,1453,1636,1634,-1,1453,1634,1495,-1,1495,1634,1632,-1,1452,1648,1453,-1,1453,1648,1650,-1,1453,1650,1792,-1,1792,1650,1652,-1,1792,1652,1791,-1,1791,1652,1654,-1,1791,1654,1790,-1,1790,1654,1656,-1,1790,1656,1789,-1,1789,1656,1658,-1,1789,1658,1788,-1,1788,1658,1660,-1,1788,1660,1787,-1,1787,1660,1662,-1,1787,1662,1786,-1,1786,1662,1664,-1,1786,1664,1371,-1,1371,1664,1370,-1,1426,1368,1664,-1,1664,1368,1369,-1,1664,1369,1370,-1,1366,1367,1425,-1,1425,1367,1426,-1,1425,1426,1793,-1,1793,1426,1663,-1,1793,1663,1794,-1,1794,1663,1661,-1,1794,1661,1795,-1,1795,1661,1659,-1,1795,1659,1796,-1,1796,1659,1657,-1,1796,1657,1797,-1,1797,1657,1655,-1,1797,1655,1798,-1,1798,1655,1653,-1,1798,1653,1450,-1,1450,1653,1651,-1,1450,1651,1496,-1,1496,1651,1649,-1,1363,1362,1799,-1,1799,1362,1425,-1,1799,1425,1800,-1,1800,1425,1793,-1,1800,1793,1801,-1,1801,1793,1794,-1,1801,1794,1802,-1,1802,1794,1795,-1,1802,1795,1803,-1,1803,1795,1796,-1,1803,1796,1804,-1,1804,1796,1797,-1,1804,1797,1805,-1,1805,1797,1798,-1,1805,1798,1447,-1,1447,1798,1450,-1,1447,1450,1445,-1,1445,1450,1449,-1,1446,1665,1447,-1,1447,1665,1667,-1,1447,1667,1805,-1,1805,1667,1669,-1,1805,1669,1804,-1,1804,1669,1671,-1,1804,1671,1803,-1,1803,1671,1673,-1,1803,1673,1802,-1,1802,1673,1675,-1,1802,1675,1801,-1,1801,1675,1677,-1,1801,1677,1800,-1,1800,1677,1679,-1,1800,1679,1799,-1,1799,1679,1681,-1,1799,1681,1363,-1,1363,1681,1364,-1,1424,1360,1681,-1,1681,1360,1365,-1,1681,1365,1364,-1,1359,1361,1806,-1,1806,1361,1424,-1,1806,1424,1807,-1,1807,1424,1680,-1,1807,1680,1808,-1,1808,1680,1678,-1,1808,1678,1809,-1,1809,1678,1676,-1,1809,1676,1810,-1,1810,1676,1674,-1,1810,1674,1811,-1,1811,1674,1672,-1,1811,1672,1812,-1,1812,1672,1670,-1,1812,1670,1444,-1,1444,1670,1668,-1,1444,1668,1497,-1,1497,1668,1666,-1,1443,1682,1444,-1,1444,1682,1684,-1,1444,1684,1812,-1,1812,1684,1686,-1,1812,1686,1811,-1,1811,1686,1688,-1,1811,1688,1810,-1,1810,1688,1690,-1,1810,1690,1809,-1,1809,1690,1692,-1,1809,1692,1808,-1,1808,1692,1694,-1,1808,1694,1807,-1,1807,1694,1696,-1,1807,1696,1806,-1,1806,1696,1698,-1,1806,1698,1359,-1,1359,1698,1358,-1,1423,1356,1698,-1,1698,1356,1357,-1,1698,1357,1358,-1,1355,1354,1813,-1,1813,1354,1423,-1,1813,1423,1814,-1,1814,1423,1697,-1,1814,1697,1815,-1,1815,1697,1695,-1,1815,1695,1816,-1,1816,1695,1693,-1,1816,1693,1817,-1,1817,1693,1691,-1,1817,1691,1818,-1,1818,1691,1689,-1,1818,1689,1819,-1,1819,1689,1687,-1,1819,1687,1441,-1,1441,1687,1685,-1,1441,1685,1498,-1,1498,1685,1683,-1,1440,1699,1441,-1,1441,1699,1700,-1,1441,1700,1819,-1,1819,1700,1701,-1,1819,1701,1818,-1,1818,1701,1702,-1,1818,1702,1817,-1,1817,1702,1703,-1,1817,1703,1816,-1,1816,1703,1704,-1,1816,1704,1815,-1,1815,1704,1705,-1,1815,1705,1814,-1,1814,1705,1706,-1,1814,1706,1813,-1,1813,1706,1707,-1,1813,1707,1355,-1,1355,1707,1420,-1,1440,1820,1821,-1,1683,1822,1498,-1,1498,1822,1820,-1,1498,1820,1439,-1,1439,1820,1440,-1,1683,1682,1822,-1,1822,1682,1443,-1,1822,1443,1823,-1,1666,1824,1497,-1,1497,1824,1823,-1,1497,1823,1442,-1,1442,1823,1443,-1,1666,1665,1824,-1,1824,1665,1446,-1,1824,1446,1825,-1,1446,1445,1825,-1,1825,1445,1449,-1,1825,1449,1826,-1,1649,1827,1496,-1,1496,1827,1826,-1,1496,1826,1448,-1,1448,1826,1449,-1,1649,1648,1827,-1,1827,1648,1452,-1,1827,1452,1828,-1,1632,1829,1495,-1,1495,1829,1828,-1,1495,1828,1451,-1,1451,1828,1452,-1,1632,1631,1829,-1,1829,1631,1455,-1,1829,1455,1830,-1,1455,1454,1830,-1,1830,1454,1494,-1,1830,1494,1831,-1,1494,1616,1831,-1,1831,1616,1458,-1,1831,1458,1832,-1,1832,1458,1457,-1,1832,1457,1833,-1,1833,1457,1771,-1,1833,1771,1461,-1,1600,1834,1493,-1,1493,1834,1833,-1,1493,1833,1460,-1,1460,1833,1461,-1,1600,1599,1834,-1,1834,1599,1464,-1,1834,1464,1835,-1,1583,1836,1492,-1,1492,1836,1835,-1,1492,1835,1463,-1,1463,1835,1464,-1,1583,1582,1836,-1,1836,1582,1467,-1,1836,1467,1837,-1,1467,1466,1837,-1,1837,1466,1470,-1,1837,1470,1838,-1,1566,1839,1491,-1,1491,1839,1838,-1,1491,1838,1469,-1,1469,1838,1470,-1,1566,1565,1839,-1,1839,1565,1473,-1,1839,1473,1840,-1,1549,1841,1490,-1,1490,1841,1840,-1,1490,1840,1472,-1,1472,1840,1473,-1,1549,1548,1841,-1,1841,1548,1476,-1,1841,1476,1842,-1,1476,1475,1842,-1,1842,1475,1489,-1,1842,1489,1843,-1,1478,1844,1479,-1,1479,1844,1843,-1,1479,1843,1533,-1,1533,1843,1489,-1,1478,1722,1844,-1,1844,1722,1482,-1,1844,1482,1845,-1,1517,1846,1488,-1,1488,1846,1845,-1,1488,1845,1481,-1,1481,1845,1482,-1,1517,1516,1846,-1,1846,1516,1485,-1,1846,1485,1847,-1,1485,1484,1847,-1,1847,1484,1487,-1,1847,1487,1848,-1,1487,1500,1848,-1,1848,1500,1499,-1,1848,1499,1821,-1,1821,1499,1699,-1,1821,1699,1440,-1,1849,1840,1850,-1,1850,1840,1841,-1,1850,1841,1851,-1,1851,1841,1842,-1,1851,1842,1852,-1,1852,1842,1843,-1,1852,1843,1853,-1,1853,1843,1844,-1,1853,1844,1854,-1,1844,1845,1854,-1,1854,1845,1846,-1,1854,1846,1855,-1,1855,1846,1847,-1,1855,1847,1856,-1,1856,1847,1848,-1,1856,1848,1857,-1,1857,1848,1821,-1,1857,1821,1858,-1,1858,1821,1820,-1,1858,1820,1859,-1,1860,1835,1861,-1,1861,1835,1836,-1,1861,1836,1862,-1,1862,1836,1837,-1,1862,1837,1863,-1,1863,1837,1838,-1,1863,1838,1849,-1,1849,1838,1839,-1,1849,1839,1840,-1,1820,1822,1859,-1,1859,1822,1823,-1,1859,1823,1864,-1,1864,1823,1824,-1,1864,1824,1865,-1,1865,1824,1825,-1,1865,1825,1866,-1,1866,1825,1826,-1,1866,1826,1867,-1,1867,1826,1827,-1,1867,1827,1868,-1,1827,1828,1868,-1,1868,1828,1829,-1,1868,1829,1869,-1,1869,1829,1830,-1,1869,1830,1870,-1,1870,1830,1831,-1,1870,1831,1871,-1,1871,1831,1832,-1,1871,1832,1872,-1,1872,1832,1833,-1,1872,1833,1860,-1,1860,1833,1834,-1,1860,1834,1835,-1,1328,1857,1326,-1,1326,1857,1858,-1,1326,1858,1330,-1,1330,1858,1859,-1,1330,1859,1331,-1,1331,1859,1864,-1,1331,1864,1332,-1,1332,1864,1865,-1,1332,1865,1336,-1,1336,1865,1866,-1,1336,1866,1337,-1,1337,1866,1867,-1,1337,1867,1339,-1,1339,1867,1868,-1,1339,1868,1340,-1,1340,1868,1869,-1,1340,1869,1341,-1,1341,1869,1870,-1,1341,1870,1342,-1,1342,1870,1871,-1,1342,1871,1343,-1,1343,1871,1872,-1,1343,1872,1344,-1,1344,1872,1860,-1,1344,1860,1345,-1,1345,1860,1861,-1,1345,1861,1320,-1,1320,1861,1862,-1,1320,1862,1321,-1,1321,1862,1863,-1,1321,1863,1322,-1,1322,1863,1849,-1,1322,1849,1333,-1,1333,1849,1850,-1,1333,1850,1334,-1,1334,1850,1851,-1,1334,1851,1335,-1,1335,1851,1852,-1,1335,1852,1323,-1,1323,1852,1853,-1,1323,1853,1324,-1,1324,1853,1854,-1,1324,1854,1325,-1,1325,1854,1855,-1,1325,1855,1329,-1,1329,1855,1856,-1,1329,1856,1328,-1,1328,1856,1857,-1,1240,1241,1243,-1,1243,1241,1244,-1,1237,1235,1242,-1,1242,1235,1239,-1,1873,1353,1874,-1,1874,1353,1352,-1,1875,1350,1873,-1,1873,1350,1353,-1,1876,1351,1875,-1,1875,1351,1350,-1,1874,1352,1876,-1,1876,1352,1351,-1,1278,1279,1874,-1,1874,1279,1873,-1,1280,1277,1875,-1,1875,1277,1876,-1,1280,1875,1279,-1,1279,1875,1873,-1,1278,1874,1277,-1,1277,1874,1876,-1,1251,1253,1877,-1,1877,1253,1878,-1,1877,788,810,-1,1877,810,1251,-1,1251,810,809,-1,1251,809,807,-1,807,805,1251,-1,1251,805,803,-1,1251,803,801,-1,753,756,1253,-1,1253,756,761,-1,1253,761,770,-1,794,1878,777,-1,777,1878,1253,-1,777,1253,774,-1,774,1253,770,-1,788,1877,794,-1,794,1877,1878,-1,1250,1254,1879,-1,1879,1254,1880,-1,1879,692,715,-1,1879,715,1250,-1,1250,715,717,-1,1250,717,718,-1,718,730,1250,-1,1250,730,747,-1,1250,747,748,-1,696,698,1254,-1,1254,698,700,-1,1254,700,702,-1,690,1880,706,-1,706,1880,1254,-1,706,1254,704,-1,704,1254,702,-1,692,1879,690,-1,690,1879,1880,-1,
        ]
    }
}
Shape{
    appearance Appearance {
        material  Material 	{
            diffuseColor 0.0 0.0 0.0
            specularColor 0.0 0.0 0.0
            ambientIntensity 0.0
            transparency 0.0
            shininess 0.5
        }
    }
    geometry IndexedFaceSet {
        ccw TRUE
        solid FALSE
        coord DEF co Coordinate {
            point [
                2.2362 0.4333 1.0607, 2.2362 0.4333 1.0425, 2.2362 0.4333 1.0607, 2.2362 0.4333 1.0425, 2.2362 0.3696 1.0607, 2.2362 0.3696 1.0607, 2.2362 0.3696 1.2026, 2.2362 0.3696 1.2026, 2.2362 0.3489 1.2026, 2.2362 0.3489 1.2026, 2.2362 0.3489 1.0425, 2.2362 0.3489 1.0425, 2.2362 0.5155 1.0398, 2.2362 0.5155 1.0398, 2.2362 0.5296 1.0411, 2.2362 0.5399 1.0421, 2.2362 0.5399 1.0421, 2.2362 0.5571 1.0478, 2.2362 0.5571 1.0478, 2.2362 0.5598 1.0491, 2.2362 0.5598 1.0491, 2.2362 0.5598 1.0689, 2.2362 0.5598 1.0689, 2.2362 0.5441 1.0619, 2.2362 0.5441 1.0619, 2.2362 0.526 1.0585, 2.2362 0.526 1.0585, 2.2362 0.5184 1.0582, 2.2362 0.5184 1.0582, 2.2362 0.5023 1.0602, 2.2362 0.5023 1.0602, 2.2362 0.4909 1.0646, 2.2362 0.4909 1.0646, 2.2362 0.4804 1.072, 2.2362 0.4804 1.072, 2.2362 0.4773 1.0751, 2.2362 0.4773 1.0751, 2.2362 0.4695 1.0859, 2.2362 0.4695 1.0859, 2.2362 0.4643 1.0988, 2.2362 0.4643 1.0988, 2.2362 0.4618 1.1149, 2.2362 0.4618 1.1149, 2.2362 0.4616 1.1208, 2.2362 0.4616 1.1208, 2.2362 0.4643 1.143, 2.2362 0.4643 1.143, 2.2362 0.4697 1.1568, 2.2362 0.4697 1.1568, 2.2362 0.4784 1.1689, 2.2362 0.4784 1.1689, 2.2362 0.4893 1.1779, 2.2362 0.4893 1.1779, 2.2362 0.5019 1.1837, 2.2362 0.5019 1.1837, 2.2362 0.5158 1.1864, 2.2362 0.5158 1.1864, 2.2362 0.522 1.1867, 2.2362 0.522 1.1867, 2.2362 0.5418 1.1843, 2.2362 0.5418 1.1843, 2.2362 0.558 1.1781, 2.2362 0.558 1.1781, 2.2362 0.5598 1.1772, 2.2362 0.5598 1.1772, 2.2362 0.5598 1.1988, 2.2362 0.5598 1.1988, 2.2362 0.5218 1.2053, 2.2362 0.5218 1.2053, 2.2362 0.5221 1.2053, 2.2362 0.543 1.2036, 2.2362 0.543 1.2036, 2.2362 0.5389 1.204, 2.2362 0.5221 1.2053, 2.2362 0.5108 1.204, 2.2362 0.4985 1.2025, 2.2362 0.4985 1.2025, 2.2362 0.4818 1.196, 2.2362 0.4818 1.196, 2.2362 0.4669 1.1854, 2.2362 0.4669 1.1854, 2.2362 0.463 1.1817, 2.2362 0.463 1.1817, 2.2362 0.4514 1.1666, 2.2362 0.4514 1.1666, 2.2362 0.4471 1.1564, 2.2362 0.4438 1.1488, 2.2362 0.4438 1.1488, 2.2362 0.4402 1.1279, 2.2362 0.4402 1.1279, 2.2362 0.4399 1.1195, 2.2362 0.4399 1.1195, 2.2362 0.4604 1.0616, 2.2362 0.4604 1.0616, 2.2362 0.4497 1.0766, 2.2362 0.4431 1.0932, 2.2362 0.4431 1.0932, 2.2362 0.4471 1.0832, 2.2362 0.4497 1.0766, 2.2362 0.5058 1.0402, 2.2362 0.4733 1.0509, 2.2362 0.4733 1.0509, 2.2362 0.4884 1.0438, 2.2362 0.4884 1.0438, 2.2362 0.5014 1.0411, 2.2362 0.5058 1.0402, 2.2362 0.678 1.0607, 2.2362 0.678 1.0425, 2.2362 0.678 1.0607, 2.2362 0.678 1.0425, 2.2362 0.6125 1.0607, 2.2362 0.6125 1.0607, 2.2362 0.6558 1.0607, 2.2362 0.6125 1.1146, 2.2362 0.6125 1.1146, 2.2362 0.6698 1.1146, 2.2362 0.6698 1.1146, 2.2362 0.6558 1.1146, 2.2362 0.6698 1.133, 2.2362 0.6698 1.133, 2.2362 0.6125 1.133, 2.2362 0.6125 1.133, 2.2362 0.6558 1.133, 2.2362 0.6125 1.1842, 2.2362 0.6125 1.1842, 2.2362 0.6743 1.1842, 2.2362 0.6743 1.1842, 2.2362 0.6558 1.1842, 2.2362 0.6743 1.2026, 2.2362 0.6743 1.2026, 2.2362 0.5918 1.2026, 2.2362 0.5918 1.2026, 2.2362 0.6558 1.2026, 2.2362 0.5918 1.0425, 2.2362 0.5918 1.0425, 2.2362 0.6558 1.0425, 2.2362 0.8144 1.0649, 2.2362 0.7968 1.0748, 2.2362 0.7979 1.053, 2.2362 0.7862 1.0678, 2.2362 0.7797 1.0459, 2.2362 0.7725 1.0629, 2.2362 0.7523 1.0425, 2.2362 0.7521 1.0607, 2.2362 0.7082 1.0425, 2.2362 0.7289 1.0607, 2.2362 0.7082 1.2026, 2.2362 0.7289 1.1842, 2.2362 0.7539 1.2026, 2.2362 0.7531 1.1842, 2.2362 0.7783 1.1999, 2.2362 0.7737 1.1819, 2.2362 0.7977 1.1929, 2.2362 0.7876 1.1769, 2.2362 0.8144 1.1814, 2.2362 0.7993 1.1691, 2.2362 0.82 1.176, 2.2362 0.8036 1.1649, 2.2362 0.8299 1.1621, 2.2362 0.8099 1.1559, 2.2362 0.8359 1.1468, 2.2362 0.8144 1.1443, 2.2362 0.8386 1.1246, 2.2362 0.8169 1.124, 2.2362 0.8381 1.1144, 2.2362 0.8163 1.1139, 2.2362 0.8343 1.0957, 2.2362 0.8132 1.0992, 2.2362 0.8264 1.0791, 2.2362 0.8077 1.0873, 2.2362 0.7998 1.0774, 2.2362 0.7523 1.0425, 2.2362 0.7082 1.0425, 2.2362 0.8144 1.0649, 2.2362 0.7797 1.0459, 2.2362 0.7816 1.0466, 2.2362 0.7979 1.053, 2.2362 0.8264 1.0791, 2.2362 0.8343 1.0957, 2.2362 0.8381 1.1144, 2.2362 0.8386 1.1246, 2.2362 0.8359 1.1468, 2.2362 0.8299 1.1621, 2.2362 0.82 1.176, 2.2362 0.8144 1.1814, 2.2362 0.7539 1.2026, 2.2362 0.7977 1.1929, 2.2362 0.7816 1.1987, 2.2362 0.7783 1.1999, 2.2362 0.7082 1.2026, 2.2362 0.7531 1.1842, 2.2362 0.7289 1.1842, 2.2362 0.7289 1.0607, 2.2362 0.7521 1.0607, 2.2362 0.7998 1.0774, 2.2362 0.7968 1.0748, 2.2362 0.7862 1.0678, 2.2362 0.7725 1.0629, 2.2362 0.8169 1.124, 2.2362 0.8163 1.1139, 2.2362 0.8132 1.0992, 2.2362 0.8077 1.0873, 2.2362 0.7993 1.1691, 2.2362 0.8036 1.1649, 2.2362 0.8099 1.1559, 2.2362 0.8144 1.1443, 2.2362 0.7737 1.1819, 2.2362 0.7876 1.1769
            ]
        }
        coordIndex [
            0,1,2,-1,2,1,3,-1,4,0,5,-1,5,0,2,-1,6,4,7,-1,7,4,5,-1,8,6,9,-1,9,6,7,-1,10,8,11,-1,11,8,9,-1,1,10,3,-1,3,10,11,-1,6,8,4,-1,4,8,10,-1,4,10,0,-1,0,10,1,-1,12,13,14,-1,12,14,15,-1,14,16,15,-1,15,16,17,-1,15,17,18,-1,18,17,19,-1,18,19,20,-1,21,20,22,-1,22,20,19,-1,21,22,23,-1,21,23,24,-1,24,23,25,-1,24,25,26,-1,26,25,27,-1,26,27,28,-1,28,27,29,-1,28,29,30,-1,30,29,31,-1,30,31,32,-1,32,31,33,-1,32,33,34,-1,34,33,35,-1,34,35,36,-1,36,35,37,-1,36,37,38,-1,38,37,39,-1,38,39,40,-1,40,39,41,-1,40,41,42,-1,42,41,43,-1,42,43,44,-1,44,43,45,-1,44,45,46,-1,46,45,47,-1,46,47,48,-1,48,47,49,-1,48,49,50,-1,50,49,51,-1,50,51,52,-1,52,51,53,-1,52,53,54,-1,54,53,55,-1,54,55,56,-1,56,55,57,-1,56,57,58,-1,58,57,59,-1,58,59,60,-1,60,59,61,-1,60,61,62,-1,62,61,63,-1,62,63,64,-1,65,64,66,-1,66,64,63,-1,67,68,69,-1,65,66,70,-1,65,70,71,-1,71,70,72,-1,71,72,69,-1,69,72,73,-1,69,73,67,-1,68,67,74,-1,68,74,75,-1,74,76,75,-1,75,76,77,-1,75,77,78,-1,78,77,79,-1,78,79,80,-1,80,79,81,-1,80,81,82,-1,82,81,83,-1,82,83,84,-1,84,83,85,-1,84,85,86,-1,85,87,86,-1,86,87,88,-1,86,88,89,-1,89,88,90,-1,89,90,91,-1,92,93,94,-1,91,90,95,-1,91,95,96,-1,96,95,97,-1,96,97,94,-1,94,97,98,-1,94,98,92,-1,13,12,99,-1,93,92,100,-1,93,100,101,-1,101,100,102,-1,101,102,103,-1,103,102,104,-1,103,104,99,-1,99,104,105,-1,99,105,13,-1,62,64,65,-1,52,80,50,-1,50,80,82,-1,50,82,48,-1,48,82,84,-1,48,84,46,-1,62,65,60,-1,60,65,71,-1,60,71,58,-1,58,71,69,-1,58,69,56,-1,56,69,68,-1,56,68,54,-1,54,68,75,-1,54,75,52,-1,52,75,78,-1,52,78,80,-1,91,44,89,-1,89,44,46,-1,89,46,86,-1,86,46,84,-1,20,21,18,-1,18,21,24,-1,18,24,15,-1,15,24,26,-1,15,26,12,-1,12,26,28,-1,12,28,99,-1,99,28,30,-1,99,30,103,-1,103,30,32,-1,103,32,101,-1,101,32,34,-1,101,34,93,-1,93,34,36,-1,93,36,94,-1,94,36,38,-1,94,38,96,-1,96,38,40,-1,96,40,91,-1,91,40,42,-1,91,42,44,-1,106,107,108,-1,108,107,109,-1,110,111,112,-1,112,111,106,-1,112,106,108,-1,113,111,114,-1,114,111,110,-1,115,116,117,-1,117,116,113,-1,117,113,114,-1,118,116,119,-1,119,116,115,-1,120,121,122,-1,122,121,118,-1,122,118,119,-1,123,121,124,-1,124,121,120,-1,125,126,127,-1,127,126,123,-1,127,123,124,-1,128,126,129,-1,129,126,125,-1,130,131,132,-1,132,131,128,-1,132,128,129,-1,133,131,134,-1,134,131,130,-1,109,107,135,-1,135,107,133,-1,135,133,134,-1,133,107,106,-1,106,111,133,-1,133,111,113,-1,133,113,131,-1,126,128,123,-1,123,128,131,-1,123,131,121,-1,121,131,113,-1,121,113,118,-1,118,113,116,-1,136,137,138,-1,138,137,139,-1,138,139,140,-1,140,139,141,-1,140,141,142,-1,142,141,143,-1,142,143,144,-1,144,143,145,-1,144,145,146,-1,146,145,147,-1,146,147,148,-1,148,147,149,-1,148,149,150,-1,150,149,151,-1,150,151,152,-1,152,151,153,-1,152,153,154,-1,154,153,155,-1,154,155,156,-1,156,155,157,-1,156,157,158,-1,158,157,159,-1,158,159,160,-1,160,159,161,-1,160,161,162,-1,162,161,163,-1,162,163,164,-1,164,163,165,-1,164,165,166,-1,166,165,167,-1,166,167,168,-1,168,167,169,-1,168,169,136,-1,136,169,170,-1,136,170,137,-1,142,144,171,-1,171,144,172,-1,173,136,138,-1,142,171,174,-1,142,174,140,-1,140,174,175,-1,140,175,138,-1,138,175,176,-1,138,176,173,-1,136,173,177,-1,136,177,168,-1,168,177,178,-1,168,178,166,-1,166,178,179,-1,166,179,164,-1,164,179,180,-1,164,180,162,-1,162,180,181,-1,162,181,160,-1,160,181,182,-1,160,182,158,-1,158,182,183,-1,158,183,156,-1,156,183,184,-1,156,184,154,-1,185,148,150,-1,154,184,186,-1,154,186,152,-1,152,186,187,-1,152,187,150,-1,150,187,188,-1,150,188,185,-1,146,148,189,-1,189,148,185,-1,144,146,172,-1,172,146,189,-1,149,147,190,-1,190,147,191,-1,147,145,191,-1,191,145,192,-1,145,143,192,-1,192,143,193,-1,170,194,195,-1,170,195,137,-1,137,195,196,-1,137,196,139,-1,139,196,197,-1,139,197,141,-1,141,197,193,-1,141,193,143,-1,163,198,199,-1,163,199,165,-1,165,199,200,-1,165,200,167,-1,167,200,201,-1,167,201,169,-1,169,201,194,-1,169,194,170,-1,155,202,203,-1,155,203,157,-1,157,203,204,-1,157,204,159,-1,159,204,205,-1,159,205,161,-1,161,205,198,-1,161,198,163,-1,149,190,206,-1,149,206,151,-1,151,206,207,-1,151,207,153,-1,153,207,202,-1,153,202,155,-1,
        ]
    }
}
Shape{
    appearance Appearance {
        material  Material 	{
            diffuseColor 0.0 0.8431372549019608 0.5098039215686274
            specularColor 0.0 0.4235294117647059 0.2549019607843137
            ambientIntensity 0.553
            transparency 0.0
            shininess 0.5
        }
    }
    geometry IndexedFaceSet {
        ccw TRUE
        solid FALSE
        coord DEF co Coordinate {
            point [
                2.2362 0.7289 1.1842, 2.2362 0.7289 1.0607, 2.2362 0.7531 1.1842, 2.2362 0.7521 1.0607, 2.2362 0.7725 1.0629, 2.2362 0.7862 1.0678, 2.2362 0.7968 1.0748, 2.2362 0.7998 1.0774, 2.2362 0.8077 1.0873, 2.2362 0.8132 1.0992, 2.2362 0.8163 1.1139, 2.2362 0.8169 1.124, 2.2362 0.8144 1.1443, 2.2362 0.8099 1.1559, 2.2362 0.8036 1.1649, 2.2362 0.7993 1.1691, 2.2362 0.7737 1.1819, 2.2362 0.7876 1.1769
            ]
        }
        coordIndex [
            0,1,2,-1,2,1,3,-1,2,3,4,-1,4,5,2,-1,2,5,6,-1,2,6,7,-1,7,8,2,-1,2,8,9,-1,2,9,10,-1,10,11,2,-1,2,11,12,-1,2,12,13,-1,13,14,2,-1,2,14,15,-1,2,15,16,-1,16,15,17,-1,
        ]
    }
}
Shape{
    appearance Appearance {
        material  Material 	{
            diffuseColor 0.0 0.0 0.0
            specularColor 0.0 0.0 0.0
            ambientIntensity 0.0
            transparency 0.0
            shininess 0.5
        }
    }
    geometry IndexedFaceSet {
        ccw TRUE
        solid FALSE
        coord DEF co Coordinate {
            point [
                2.2362 0.8923 1.1044, 2.2362 0.8857 1.0863, 2.2362 0.946 1.1044, 2.2362 0.9524 1.0863, 2.2362 0.9162 1.1709, 2.2362 0.9085 1.2026, 2.2362 0.8475 1.0425, 2.2362 0.8703 1.0425, 2.2362 0.9176 1.1757, 2.2362 0.9188 1.1822, 2.2362 0.9306 1.2026, 2.2362 0.9193 1.1822, 2.2362 0.9206 1.1754, 2.2362 0.9218 1.1709, 2.2362 0.9916 1.0425, 2.2362 0.9687 1.0425, 2.2362 0.9306 1.2026, 2.2362 0.9916 1.0425, 2.2362 0.9085 1.2026, 2.2362 0.8475 1.0425, 2.2362 0.8936 1.1637, 2.2362 0.8703 1.0425, 2.2362 0.8857 1.0863, 2.2362 0.9524 1.0863, 2.2362 0.8936 1.0863, 2.2362 0.9687 1.0425, 2.2362 0.8923 1.1044, 2.2362 0.946 1.1044, 2.2362 0.9218 1.1709, 2.2362 0.9193 1.1822, 2.2362 0.9206 1.1754, 2.2362 0.9188 1.1822, 2.2362 0.9162 1.1709, 2.2362 0.9176 1.1757
            ]
        }
        coordIndex [
            0,1,2,-1,2,1,3,-1,4,5,0,-1,0,5,6,-1,0,6,1,-1,1,6,7,-1,4,8,5,-1,5,8,9,-1,5,9,10,-1,10,9,11,-1,10,11,12,-1,12,13,10,-1,10,13,2,-1,10,2,14,-1,14,2,3,-1,14,3,15,-1,10,14,16,-1,16,14,17,-1,5,10,18,-1,18,10,16,-1,19,6,20,-1,20,6,5,-1,20,5,18,-1,7,6,21,-1,21,6,19,-1,1,7,22,-1,22,7,21,-1,23,3,24,-1,24,3,1,-1,24,1,22,-1,15,3,25,-1,25,3,23,-1,14,15,17,-1,17,15,25,-1,0,2,26,-1,26,2,27,-1,2,13,27,-1,27,13,28,-1,11,29,30,-1,11,30,12,-1,12,30,28,-1,12,28,13,-1,11,9,29,-1,29,9,31,-1,4,32,33,-1,4,33,8,-1,8,33,31,-1,8,31,9,-1,4,0,32,-1,32,0,26,-1,
        ]
    }
}
Shape{
    appearance Appearance {
        material  Material 	{
            diffuseColor 0.0 0.8431372549019608 0.5098039215686274
            specularColor 0.0 0.4235294117647059 0.2549019607843137
            ambientIntensity 0.553
            transparency 0.0
            shininess 0.5
        }
    }
    geometry IndexedFaceSet {
        ccw TRUE
        solid FALSE
        coord DEF co Coordinate {
            point [
                2.2362 0.9193 1.1822, 2.2362 0.9188 1.1822, 2.2362 0.9206 1.1754, 2.2362 0.9176 1.1757, 2.2362 0.9218 1.1709, 2.2362 0.9162 1.1709, 2.2362 0.946 1.1044, 2.2362 0.8923 1.1044
            ]
        }
        coordIndex [
            0,1,2,-1,2,1,3,-1,2,3,4,-1,4,3,5,-1,4,5,6,-1,6,5,7,-1,
        ]
    }
}
Shape{
    appearance Appearance {
        material  Material 	{
            diffuseColor 0.0 0.0 0.0
            specularColor 0.0 0.0 0.0
            ambientIntensity 0.0
            transparency 0.0
            shininess 0.5
        }
    }
    geometry IndexedFaceSet {
        ccw TRUE
        solid FALSE
        coord DEF co Coordinate {
            point [
                2.2362 0.435 0.8067, 2.2362 0.435 0.7884, 2.2362 0.435 0.8067, 2.2362 0.435 0.7884, 2.2362 0.3696 0.8067, 2.2362 0.3696 0.8067, 2.2362 0.3696 0.8606, 2.2362 0.3696 0.8606, 2.2362 0.4268 0.8606, 2.2362 0.4268 0.8606, 2.2362 0.4268 0.8789, 2.2362 0.4268 0.8789, 2.2362 0.3696 0.8789, 2.2362 0.3696 0.8789, 2.2362 0.3696 0.9302, 2.2362 0.3696 0.9302, 2.2362 0.4314 0.9302, 2.2362 0.4314 0.9302, 2.2362 0.4314 0.9486, 2.2362 0.4314 0.9486, 2.2362 0.3489 0.9486, 2.2362 0.3489 0.9486, 2.2362 0.3489 0.7884, 2.2362 0.3489 0.7884, 2.2362 0.5255 0.8061, 2.2362 0.5261 0.8061, 2.2362 0.5247 0.8246, 2.2362 0.526 0.8335, 2.2362 0.5461 0.862, 2.2362 0.5261 0.8349, 2.2362 0.5261 0.8458, 2.2362 0.5261 0.7884, 2.2362 0.5461 0.7884, 2.2362 0.4747 0.8239, 2.2362 0.4757 0.8285, 2.2362 0.4583 0.8372, 2.2362 0.5218 0.8174, 2.2362 0.5175 0.8115, 2.2362 0.5224 0.8013, 2.2362 0.515 0.8091, 2.2362 0.516 0.7945, 2.2362 0.5093 0.8053, 2.2362 0.5087 0.7897, 2.2362 0.5032 0.803, 2.2362 0.5006 0.7868, 2.2362 0.4957 0.8022, 2.2362 0.4905 0.7857, 2.2362 0.4889 0.803, 2.2362 0.4784 0.7872, 2.2362 0.4844 0.8046, 2.2362 0.4707 0.7901, 2.2362 0.4804 0.8074, 2.2362 0.464 0.7947, 2.2362 0.4787 0.8091, 2.2362 0.4623 0.8429, 2.2362 0.4775 0.8322, 2.2362 0.4684 0.8483, 2.2362 0.4799 0.8352, 2.2362 0.4769 0.8526, 2.2362 0.4824 0.8371, 2.2362 0.4871 0.8394, 2.2362 0.4922 0.8564, 2.2362 0.4993 0.8422, 2.2362 0.5261 0.8611, 2.2362 0.4555 0.8301, 2.2362 0.4543 0.8214, 2.2362 0.4746 0.8207, 2.2362 0.4542 0.8191, 2.2362 0.4751 0.8161, 2.2362 0.4553 0.8096, 2.2362 0.4764 0.8125, 2.2362 0.4578 0.8029, 2.2362 0.462 0.7968, 2.2362 0.4654 0.8948, 2.2362 0.4654 0.8753, 2.2362 0.4694 0.8971, 2.2362 0.4793 0.884, 2.2362 0.4843 0.9029, 2.2362 0.4918 0.8881, 2.2362 0.5048 0.9054, 2.2362 0.5029 0.8891, 2.2362 0.5166 0.9044, 2.2362 0.5098 0.8884, 2.2362 0.5251 0.9018, 2.2362 0.5144 0.8868, 2.2362 0.5318 0.8981, 2.2362 0.5179 0.8845, 2.2362 0.5372 0.893, 2.2362 0.521 0.8812, 2.2362 0.5413 0.8866, 2.2362 0.5233 0.8771, 2.2362 0.5445 0.8775, 2.2362 0.5254 0.8699, 2.2362 0.5048 0.9054, 2.2362 0.4843 0.9029, 2.2362 0.4694 0.8971, 2.2362 0.4654 0.8948, 2.2362 0.4654 0.8753, 2.2362 0.4793 0.884, 2.2362 0.4918 0.8881, 2.2362 0.5029 0.8891, 2.2362 0.5098 0.8884, 2.2362 0.5144 0.8868, 2.2362 0.5179 0.8845, 2.2362 0.521 0.8812, 2.2362 0.5233 0.8771, 2.2362 0.5254 0.8699, 2.2362 0.5261 0.8611, 2.2362 0.4922 0.8564, 2.2362 0.4769 0.8526, 2.2362 0.4684 0.8483, 2.2362 0.4623 0.8429, 2.2362 0.4583 0.8372, 2.2362 0.4555 0.8301, 2.2362 0.4543 0.8214, 2.2362 0.4542 0.8191, 2.2362 0.4553 0.8096, 2.2362 0.4578 0.8029, 2.2362 0.462 0.7968, 2.2362 0.464 0.7947, 2.2362 0.4905 0.7857, 2.2362 0.4789 0.7871, 2.2362 0.4784 0.7872, 2.2362 0.4707 0.7901, 2.2362 0.5006 0.7868, 2.2362 0.5013 0.7871, 2.2362 0.5087 0.7897, 2.2362 0.516 0.7945, 2.2362 0.5224 0.8013, 2.2362 0.5255 0.8061, 2.2362 0.5261 0.8061, 2.2362 0.5261 0.7884, 2.2362 0.5461 0.7884, 2.2362 0.5461 0.862, 2.2362 0.5445 0.8775, 2.2362 0.5413 0.8866, 2.2362 0.5372 0.893, 2.2362 0.5318 0.8981, 2.2362 0.5251 0.9018, 2.2362 0.5166 0.9044, 2.2362 0.4799 0.8352, 2.2362 0.4824 0.8371, 2.2362 0.4871 0.8394, 2.2362 0.4993 0.8422, 2.2362 0.4746 0.8207, 2.2362 0.4747 0.8239, 2.2362 0.4757 0.8285, 2.2362 0.4775 0.8322, 2.2362 0.4804 0.8074, 2.2362 0.4787 0.8091, 2.2362 0.4764 0.8125, 2.2362 0.4751 0.8161, 2.2362 0.4957 0.8022, 2.2362 0.4889 0.803, 2.2362 0.4844 0.8046, 2.2362 0.5175 0.8115, 2.2362 0.515 0.8091, 2.2362 0.5093 0.8053, 2.2362 0.5032 0.803, 2.2362 0.5261 0.8349, 2.2362 0.526 0.8335, 2.2362 0.5247 0.8246, 2.2362 0.5218 0.8174, 2.2362 0.5261 0.8458
            ]
        }
        coordIndex [
            0,1,2,-1,2,1,3,-1,4,0,5,-1,5,0,2,-1,6,4,7,-1,7,4,5,-1,8,6,9,-1,9,6,7,-1,10,8,11,-1,11,8,9,-1,12,10,13,-1,13,10,11,-1,14,12,15,-1,15,12,13,-1,16,14,17,-1,17,14,15,-1,18,16,19,-1,19,16,17,-1,20,18,21,-1,21,18,19,-1,22,20,23,-1,23,20,21,-1,1,22,3,-1,3,22,23,-1,22,1,0,-1,0,4,22,-1,22,4,6,-1,22,6,20,-1,16,18,14,-1,14,18,20,-1,14,20,12,-1,12,20,6,-1,12,6,10,-1,10,6,8,-1,24,25,26,-1,27,28,29,-1,29,28,30,-1,31,32,25,-1,25,32,28,-1,25,28,26,-1,26,28,27,-1,33,34,35,-1,26,36,24,-1,24,36,37,-1,24,37,38,-1,38,37,39,-1,38,39,40,-1,40,39,41,-1,40,41,42,-1,42,41,43,-1,42,43,44,-1,44,43,45,-1,44,45,46,-1,46,45,47,-1,46,47,48,-1,48,47,49,-1,48,49,50,-1,50,49,51,-1,50,51,52,-1,52,51,53,-1,35,34,54,-1,54,34,55,-1,54,55,56,-1,56,55,57,-1,56,57,58,-1,57,59,58,-1,58,59,60,-1,58,60,61,-1,61,60,62,-1,61,62,63,-1,35,64,33,-1,33,64,65,-1,33,65,66,-1,66,65,67,-1,66,67,68,-1,68,67,69,-1,68,69,70,-1,70,69,71,-1,70,71,53,-1,53,71,72,-1,53,72,52,-1,73,74,75,-1,75,74,76,-1,75,76,77,-1,77,76,78,-1,77,78,79,-1,79,78,80,-1,79,80,81,-1,81,80,82,-1,81,82,83,-1,83,82,84,-1,83,84,85,-1,85,84,86,-1,85,86,87,-1,87,86,88,-1,87,88,89,-1,89,88,90,-1,89,90,91,-1,91,90,92,-1,91,92,28,-1,28,92,63,-1,28,63,30,-1,30,63,62,-1,79,93,94,-1,79,94,77,-1,77,94,95,-1,77,95,75,-1,75,95,96,-1,75,96,73,-1,74,73,97,-1,97,73,96,-1,74,97,98,-1,74,98,76,-1,76,98,99,-1,76,99,78,-1,78,99,100,-1,78,100,80,-1,80,100,101,-1,80,101,82,-1,82,101,102,-1,82,102,84,-1,84,102,103,-1,84,103,86,-1,86,103,104,-1,86,104,88,-1,88,104,105,-1,88,105,90,-1,90,105,106,-1,90,106,92,-1,92,106,107,-1,92,107,63,-1,61,63,108,-1,108,63,107,-1,61,108,109,-1,61,109,58,-1,58,109,110,-1,58,110,56,-1,56,110,111,-1,56,111,54,-1,54,111,112,-1,54,112,35,-1,35,112,113,-1,35,113,64,-1,64,113,114,-1,64,114,65,-1,65,114,115,-1,65,115,67,-1,67,115,116,-1,67,116,69,-1,69,116,117,-1,69,117,71,-1,71,117,118,-1,71,118,72,-1,72,118,119,-1,72,119,52,-1,120,46,121,-1,121,46,48,-1,121,48,122,-1,122,48,50,-1,122,50,123,-1,123,50,52,-1,123,52,119,-1,46,120,124,-1,46,124,44,-1,44,124,125,-1,44,125,42,-1,125,126,42,-1,42,126,127,-1,42,127,40,-1,40,127,128,-1,40,128,38,-1,38,128,129,-1,38,129,24,-1,25,24,130,-1,130,24,129,-1,31,25,131,-1,131,25,130,-1,32,31,132,-1,132,31,131,-1,28,32,133,-1,133,32,132,-1,28,133,134,-1,28,134,91,-1,91,134,135,-1,91,135,89,-1,89,135,136,-1,89,136,87,-1,87,136,137,-1,87,137,85,-1,85,137,138,-1,85,138,83,-1,83,138,139,-1,83,139,81,-1,81,139,93,-1,81,93,79,-1,57,140,141,-1,57,141,59,-1,59,141,142,-1,59,142,60,-1,60,142,143,-1,60,143,62,-1,66,144,145,-1,66,145,33,-1,33,145,146,-1,33,146,34,-1,34,146,147,-1,34,147,55,-1,55,147,140,-1,55,140,57,-1,51,148,149,-1,51,149,53,-1,53,149,150,-1,53,150,70,-1,70,150,151,-1,70,151,68,-1,68,151,144,-1,68,144,66,-1,45,152,153,-1,45,153,47,-1,47,153,154,-1,47,154,49,-1,49,154,148,-1,49,148,51,-1,37,155,156,-1,37,156,39,-1,39,156,157,-1,39,157,41,-1,41,157,158,-1,41,158,43,-1,43,158,152,-1,43,152,45,-1,29,159,160,-1,29,160,27,-1,27,160,161,-1,27,161,26,-1,26,161,162,-1,26,162,36,-1,36,162,155,-1,36,155,37,-1,29,30,159,-1,159,30,163,-1,30,62,163,-1,163,62,143,-1,
        ]
    }
}
Shape{
    appearance Appearance {
        material  Material 	{
            diffuseColor 0.0 0.8431372549019608 0.5098039215686274
            specularColor 0.0 0.4235294117647059 0.2549019607843137
            ambientIntensity 0.553
            transparency 0.0
            shininess 0.5
        }
    }
    geometry IndexedFaceSet {
        ccw TRUE
        solid FALSE
        coord DEF co Coordinate {
            point [
                2.2362 0.526 0.8335, 2.2362 0.5261 0.8349, 2.2362 0.4799 0.8352, 2.2362 0.5261 0.8458, 2.2362 0.4993 0.8422, 2.2362 0.4871 0.8394, 2.2362 0.4824 0.8371, 2.2362 0.5247 0.8246, 2.2362 0.4775 0.8322, 2.2362 0.5218 0.8174, 2.2362 0.4787 0.8091, 2.2362 0.4804 0.8074, 2.2362 0.515 0.8091, 2.2362 0.4764 0.8125, 2.2362 0.5093 0.8053, 2.2362 0.5032 0.803, 2.2362 0.4957 0.8022, 2.2362 0.4757 0.8285, 2.2362 0.4747 0.8239, 2.2362 0.5175 0.8115, 2.2362 0.4746 0.8207, 2.2362 0.4751 0.8161, 2.2362 0.4844 0.8046, 2.2362 0.4889 0.803
            ]
        }
        coordIndex [
            0,1,2,-1,1,3,4,-1,4,5,1,-1,1,5,6,-1,1,6,2,-1,0,2,7,-1,7,2,8,-1,7,8,9,-1,10,11,12,-1,10,12,13,-1,14,12,15,-1,15,12,16,-1,8,17,9,-1,9,17,18,-1,9,18,19,-1,19,18,20,-1,19,20,12,-1,12,20,21,-1,12,21,13,-1,11,22,12,-1,12,22,23,-1,12,23,16,-1,
        ]
    }
}
Shape{
    appearance Appearance {
        material  Material 	{
            diffuseColor 0.0 0.0 0.0
            specularColor 0.0 0.0 0.0
            ambientIntensity 0.0
            transparency 0.0
            shininess 0.5
        }
    }
    geometry IndexedFaceSet {
        ccw TRUE
        solid FALSE
        coord DEF co Coordinate {
            point [
                2.2362 0.5733 0.8132, 2.2362 0.5733 0.8132, 2.2362 0.5805 0.8087, 2.2362 0.6063 0.8021, 2.2362 0.6063 0.8021, 2.2362 0.5931 0.8037, 2.2362 0.5931 0.8037, 2.2362 0.5826 0.8078, 2.2362 0.5805 0.8087, 2.2362 0.5733 0.7925, 2.2362 0.5733 0.7925, 2.2362 0.5874 0.7875, 2.2362 0.5826 0.7892, 2.2362 0.6043 0.7857, 2.2362 0.6043 0.7857, 2.2362 0.5914 0.7871, 2.2362 0.5874 0.7875, 2.2362 0.6225 0.7879, 2.2362 0.6156 0.7871, 2.2362 0.6225 0.7879, 2.2362 0.6331 0.792, 2.2362 0.6331 0.792, 2.2362 0.6376 0.7948, 2.2362 0.6376 0.7948, 2.2362 0.6434 0.7999, 2.2362 0.6434 0.7999, 2.2362 0.6471 0.8052, 2.2362 0.6471 0.8052, 2.2362 0.6496 0.8115, 2.2362 0.6496 0.8115, 2.2362 0.6505 0.8196, 2.2362 0.6505 0.8196, 2.2362 0.6497 0.8271, 2.2362 0.6497 0.8271, 2.2362 0.6476 0.833, 2.2362 0.6476 0.833, 2.2362 0.6438 0.8385, 2.2362 0.6438 0.8385, 2.2362 0.639 0.8427, 2.2362 0.639 0.8427, 2.2362 0.6257 0.8501, 2.2362 0.6257 0.8501, 2.2362 0.618 0.8533, 2.2362 0.618 0.8533, 2.2362 0.6055 0.8587, 2.2362 0.6055 0.8587, 2.2362 0.5985 0.8631, 2.2362 0.5985 0.8631, 2.2362 0.5965 0.8653, 2.2362 0.5965 0.8653, 2.2362 0.5951 0.868, 2.2362 0.5951 0.868, 2.2362 0.5943 0.8711, 2.2362 0.5943 0.8711, 2.2362 0.5941 0.8738, 2.2362 0.5941 0.8738, 2.2362 0.5945 0.877, 2.2362 0.5945 0.877, 2.2362 0.5954 0.8797, 2.2362 0.5954 0.8797, 2.2362 0.5972 0.8822, 2.2362 0.5972 0.8822, 2.2362 0.6002 0.8849, 2.2362 0.6002 0.8849, 2.2362 0.6047 0.8873, 2.2362 0.6047 0.8873, 2.2362 0.6101 0.8887, 2.2362 0.6101 0.8887, 2.2362 0.616 0.8891, 2.2362 0.616 0.8891, 2.2362 0.63 0.8874, 2.2362 0.63 0.8874, 2.2362 0.6414 0.883, 2.2362 0.6414 0.883, 2.2362 0.6451 0.8809, 2.2362 0.6451 0.8809, 2.2362 0.6451 0.9004, 2.2362 0.6451 0.9004, 2.2362 0.632 0.9042, 2.2362 0.632 0.9042, 2.2362 0.618 0.9054, 2.2362 0.618 0.9054, 2.2362 0.6019 0.9035, 2.2362 0.6019 0.9035, 2.2362 0.5912 0.8994, 2.2362 0.5912 0.8994, 2.2362 0.5863 0.8963, 2.2362 0.5863 0.8963, 2.2362 0.5798 0.8904, 2.2362 0.5826 0.8929, 2.2362 0.5798 0.8904, 2.2362 0.5763 0.8849, 2.2362 0.5763 0.8849, 2.2362 0.5741 0.8784, 2.2362 0.5741 0.8784, 2.2362 0.5734 0.872, 2.2362 0.5734 0.872, 2.2362 0.5745 0.8633, 2.2362 0.5745 0.8633, 2.2362 0.5769 0.8573, 2.2362 0.5769 0.8573, 2.2362 0.5791 0.8539, 2.2362 0.5791 0.8539, 2.2362 0.6038 0.8387, 2.2362 0.6038 0.8387, 2.2362 0.5918 0.8442, 2.2362 0.5824 0.8504, 2.2362 0.5824 0.8504, 2.2362 0.5826 0.8503, 2.2362 0.5918 0.8442, 2.2362 0.617 0.8332, 2.2362 0.617 0.8332, 2.2362 0.6248 0.8285, 2.2362 0.6248 0.8285, 2.2362 0.6273 0.8259, 2.2362 0.6273 0.8259, 2.2362 0.6288 0.8232, 2.2362 0.6288 0.8232, 2.2362 0.6298 0.8201, 2.2362 0.6298 0.8201, 2.2362 0.63 0.8176, 2.2362 0.63 0.8176, 2.2362 0.6295 0.8138, 2.2362 0.6295 0.8138, 2.2362 0.6285 0.8109, 2.2362 0.6285 0.8109, 2.2362 0.6268 0.8083, 2.2362 0.6268 0.8083, 2.2362 0.6245 0.8063, 2.2362 0.6245 0.8063, 2.2362 0.6226 0.8052, 2.2362 0.6226 0.8052, 2.2362 0.6175 0.8033, 2.2362 0.6175 0.8033, 2.2362 0.6072 0.8021, 2.2362 0.6072 0.8021, 2.2362 0.75 0.9028, 2.2362 0.7708 0.9028, 2.2362 0.75 0.9028, 2.2362 0.7708 0.9028, 2.2362 0.7187 0.8167, 2.2362 0.7187 0.8167, 2.2362 0.7172 0.8114, 2.2362 0.7172 0.8114, 2.2362 0.7163 0.8074, 2.2362 0.7163 0.8074, 2.2362 0.7158 0.8074, 2.2362 0.7158 0.8074, 2.2362 0.7133 0.8169, 2.2362 0.7133 0.8169, 2.2362 0.6834 0.9028, 2.2362 0.6834 0.9028, 2.2362 0.6931 0.875, 2.2362 0.661 0.9028, 2.2362 0.661 0.9028, 2.2362 0.7058 0.7887, 2.2362 0.7058 0.7887, 2.2362 0.6931 0.8211, 2.2362 0.697 0.7679, 2.2362 0.697 0.7679, 2.2362 0.7052 0.7871, 2.2362 0.6925 0.7598, 2.2362 0.6931 0.7609, 2.2362 0.6925 0.7598, 2.2362 0.6885 0.7558, 2.2362 0.6885 0.7558, 2.2362 0.6847 0.7535, 2.2362 0.6847 0.7535, 2.2362 0.6803 0.7521, 2.2362 0.6803 0.7521, 2.2362 0.6765 0.7518, 2.2362 0.6765 0.7518, 2.2362 0.6692 0.7527, 2.2362 0.6692 0.7527, 2.2362 0.6651 0.7541, 2.2362 0.6651 0.7541, 2.2362 0.6651 0.7362, 2.2362 0.6651 0.7362, 2.2362 0.6736 0.7347, 2.2362 0.6736 0.7347, 2.2362 0.6781 0.7346, 2.2362 0.6781 0.7346, 2.2362 0.6867 0.7356, 2.2362 0.6867 0.7356, 2.2362 0.6931 0.7382, 2.2362 0.6946 0.7388, 2.2362 0.6946 0.7388, 2.2362 0.7014 0.7437, 2.2362 0.7014 0.7437, 2.2362 0.7097 0.7533, 2.2362 0.7097 0.7533, 2.2362 0.7189 0.7712, 2.2362 0.7189 0.7712, 2.2362 0.7251 0.7871, 2.2362 0.8785 0.8067, 2.2362 0.8785 0.7884, 2.2362 0.8785 0.8067, 2.2362 0.8785 0.7884, 2.2362 0.8131 0.8067, 2.2362 0.8131 0.8067, 2.2362 0.843 0.8067, 2.2362 0.8131 0.8606, 2.2362 0.8131 0.8606, 2.2362 0.8703 0.8606, 2.2362 0.8703 0.8606, 2.2362 0.843 0.8606, 2.2362 0.8703 0.8789, 2.2362 0.8703 0.8789, 2.2362 0.8131 0.8789, 2.2362 0.8131 0.8789, 2.2362 0.843 0.8789, 2.2362 0.8131 0.9302, 2.2362 0.8131 0.9302, 2.2362 0.8749 0.9302, 2.2362 0.8749 0.9302, 2.2362 0.843 0.9302, 2.2362 0.8749 0.9486, 2.2362 0.8749 0.9486, 2.2362 0.7924 0.9486, 2.2362 0.7924 0.9486, 2.2362 0.843 0.9486, 2.2362 0.7924 0.7884, 2.2362 0.7924 0.7884, 2.2362 0.843 0.7884, 2.2362 1.015 0.8109, 2.2362 0.9974 0.8207, 2.2362 0.9984 0.799, 2.2362 0.9867 0.8138, 2.2362 0.9802 0.7918, 2.2362 0.9731 0.8089, 2.2362 0.9528 0.7884, 2.2362 0.9527 0.8067, 2.2362 0.9088 0.7884, 2.2362 0.9294 0.8067, 2.2362 0.9088 0.9486, 2.2362 0.9294 0.9302, 2.2362 0.9544 0.9486, 2.2362 0.9536 0.9302, 2.2362 0.9789 0.9459, 2.2362 0.9742 0.9279, 2.2362 0.9982 0.9388, 2.2362 0.9881 0.9229, 2.2362 1.015 0.9274, 2.2362 0.9998 0.9151, 2.2362 1.0205 0.922, 2.2362 1.0042 0.9108, 2.2362 1.0305 0.908, 2.2362 1.0104 0.9019, 2.2362 1.0364 0.8928, 2.2362 1.015 0.8903, 2.2362 1.0391 0.8706, 2.2362 1.0174 0.87, 2.2362 1.0387 0.8604, 2.2362 1.0169 0.8599, 2.2362 1.0348 0.8416, 2.2362 1.0138 0.8452, 2.2362 1.0269 0.8251, 2.2362 1.0083 0.8333, 2.2362 1.0003 0.8234, 2.2362 0.9528 0.7884, 2.2362 0.9088 0.7884, 2.2362 0.9802 0.7918, 2.2362 0.9984 0.799, 2.2362 1.015 0.8109, 2.2362 1.0269 0.8251, 2.2362 1.0348 0.8416, 2.2362 1.0387 0.8604, 2.2362 1.0391 0.8706, 2.2362 1.0364 0.8928, 2.2362 1.0305 0.908, 2.2362 1.0205 0.922, 2.2362 1.015 0.9274, 2.2362 0.9982 0.9388, 2.2362 0.9789 0.9459, 2.2362 0.9544 0.9486, 2.2362 0.9088 0.9486, 2.2362 0.9536 0.9302, 2.2362 0.9294 0.9302, 2.2362 0.9294 0.8067, 2.2362 0.9527 0.8067, 2.2362 1.0003 0.8234, 2.2362 0.9974 0.8207, 2.2362 0.9867 0.8138, 2.2362 0.9731 0.8089, 2.2362 1.0174 0.87, 2.2362 1.0169 0.8599, 2.2362 1.0138 0.8452, 2.2362 1.0083 0.8333, 2.2362 0.9998 0.9151, 2.2362 1.0042 0.9108, 2.2362 1.0104 0.9019, 2.2362 1.015 0.8903, 2.2362 0.9742 0.9279, 2.2362 0.9881 0.9229
            ]
        }
        coordIndex [
            0,1,2,-1,3,4,5,-1,3,5,6,-1,6,5,7,-1,6,7,2,-1,2,7,8,-1,2,8,0,-1,9,1,10,-1,10,1,0,-1,11,9,12,-1,12,9,10,-1,13,14,15,-1,15,14,11,-1,15,11,16,-1,16,11,12,-1,17,14,18,-1,18,14,13,-1,18,19,17,-1,17,19,20,-1,17,20,21,-1,21,20,22,-1,21,22,23,-1,23,22,24,-1,23,24,25,-1,25,24,26,-1,25,26,27,-1,27,26,28,-1,27,28,29,-1,29,28,30,-1,29,30,31,-1,31,30,32,-1,31,32,33,-1,33,32,34,-1,33,34,35,-1,35,34,36,-1,35,36,37,-1,37,36,38,-1,37,38,39,-1,39,38,40,-1,39,40,41,-1,41,40,42,-1,41,42,43,-1,43,42,44,-1,43,44,45,-1,45,44,46,-1,45,46,47,-1,47,46,48,-1,47,48,49,-1,49,48,50,-1,49,50,51,-1,51,50,52,-1,51,52,53,-1,53,52,54,-1,53,54,55,-1,55,54,56,-1,55,56,57,-1,57,56,58,-1,57,58,59,-1,59,58,60,-1,59,60,61,-1,61,60,62,-1,61,62,63,-1,63,62,64,-1,63,64,65,-1,65,64,66,-1,65,66,67,-1,67,66,68,-1,67,68,69,-1,69,68,70,-1,69,70,71,-1,71,70,72,-1,71,72,73,-1,73,72,74,-1,73,74,75,-1,76,75,77,-1,77,75,74,-1,76,77,78,-1,76,78,79,-1,79,78,80,-1,79,80,81,-1,81,80,82,-1,81,82,83,-1,83,82,84,-1,83,84,85,-1,85,84,86,-1,85,86,87,-1,88,87,89,-1,89,87,86,-1,89,90,88,-1,88,90,91,-1,88,91,92,-1,92,91,93,-1,92,93,94,-1,94,93,95,-1,94,95,96,-1,96,95,97,-1,96,97,98,-1,98,97,99,-1,98,99,100,-1,100,99,101,-1,100,101,102,-1,103,104,105,-1,102,101,106,-1,102,106,107,-1,107,106,108,-1,107,108,105,-1,105,108,109,-1,105,109,103,-1,104,103,110,-1,104,110,111,-1,111,110,112,-1,111,112,113,-1,113,112,114,-1,113,114,115,-1,115,114,116,-1,115,116,117,-1,117,116,118,-1,117,118,119,-1,119,118,120,-1,119,120,121,-1,121,120,122,-1,121,122,123,-1,123,122,124,-1,123,124,125,-1,125,124,126,-1,125,126,127,-1,127,126,128,-1,127,128,129,-1,129,128,130,-1,129,130,131,-1,131,130,132,-1,131,132,133,-1,133,132,134,-1,133,134,135,-1,135,134,4,-1,135,4,3,-1,59,61,87,-1,87,61,85,-1,85,61,63,-1,85,63,83,-1,125,25,27,-1,111,43,104,-1,104,43,45,-1,96,98,51,-1,51,98,100,-1,51,100,49,-1,49,100,102,-1,49,102,47,-1,47,102,107,-1,47,107,45,-1,45,107,105,-1,45,105,104,-1,125,27,123,-1,123,27,29,-1,123,29,121,-1,121,29,31,-1,121,31,119,-1,119,31,33,-1,119,33,117,-1,117,33,35,-1,117,35,115,-1,115,35,37,-1,115,37,113,-1,113,37,39,-1,113,39,111,-1,111,39,41,-1,111,41,43,-1,25,125,23,-1,23,125,127,-1,23,127,21,-1,14,3,11,-1,11,3,6,-1,11,6,9,-1,9,6,2,-1,9,2,1,-1,63,65,83,-1,83,65,67,-1,83,67,81,-1,81,67,69,-1,81,69,79,-1,79,69,71,-1,79,71,76,-1,76,71,73,-1,76,73,75,-1,127,129,21,-1,21,129,131,-1,21,131,17,-1,17,131,133,-1,17,133,14,-1,14,133,135,-1,14,135,3,-1,87,88,59,-1,59,88,92,-1,59,92,57,-1,57,92,94,-1,57,94,55,-1,55,94,96,-1,55,96,53,-1,53,96,51,-1,136,137,138,-1,138,137,139,-1,140,136,141,-1,141,136,138,-1,140,141,142,-1,140,142,143,-1,143,142,144,-1,143,144,145,-1,146,145,147,-1,147,145,144,-1,148,146,149,-1,149,146,147,-1,150,151,152,-1,152,151,148,-1,152,148,149,-1,153,151,154,-1,154,151,150,-1,155,156,157,-1,157,156,153,-1,157,153,154,-1,158,159,160,-1,160,159,156,-1,160,156,155,-1,161,159,162,-1,162,159,158,-1,162,163,161,-1,161,163,164,-1,161,164,165,-1,165,164,166,-1,165,166,167,-1,167,166,168,-1,167,168,169,-1,169,168,170,-1,169,170,171,-1,171,170,172,-1,171,172,173,-1,173,172,174,-1,173,174,175,-1,176,175,177,-1,177,175,174,-1,176,177,178,-1,176,178,179,-1,179,178,180,-1,179,180,181,-1,181,180,182,-1,181,182,183,-1,183,182,184,-1,183,184,185,-1,184,186,185,-1,185,186,187,-1,185,187,188,-1,188,187,189,-1,188,189,190,-1,190,189,191,-1,190,191,192,-1,139,137,193,-1,193,137,192,-1,193,192,191,-1,143,145,192,-1,137,136,192,-1,192,136,140,-1,192,140,143,-1,151,153,148,-1,148,153,156,-1,148,156,146,-1,145,146,192,-1,192,146,156,-1,192,156,190,-1,156,159,190,-1,190,159,161,-1,190,161,188,-1,188,161,165,-1,188,165,185,-1,185,165,167,-1,185,167,183,-1,183,167,169,-1,183,169,181,-1,181,169,171,-1,181,171,179,-1,179,171,173,-1,179,173,176,-1,176,173,175,-1,194,195,196,-1,196,195,197,-1,198,199,200,-1,200,199,194,-1,200,194,196,-1,201,199,202,-1,202,199,198,-1,203,204,205,-1,205,204,201,-1,205,201,202,-1,206,204,207,-1,207,204,203,-1,208,209,210,-1,210,209,206,-1,210,206,207,-1,211,209,212,-1,212,209,208,-1,213,214,215,-1,215,214,211,-1,215,211,212,-1,216,214,217,-1,217,214,213,-1,218,219,220,-1,220,219,216,-1,220,216,217,-1,221,219,222,-1,222,219,218,-1,197,195,223,-1,223,195,221,-1,223,221,222,-1,214,216,211,-1,211,216,219,-1,211,219,209,-1,195,194,221,-1,221,194,199,-1,221,199,201,-1,204,206,201,-1,201,206,209,-1,201,209,221,-1,221,209,219,-1,224,225,226,-1,226,225,227,-1,226,227,228,-1,228,227,229,-1,228,229,230,-1,230,229,231,-1,230,231,232,-1,232,231,233,-1,232,233,234,-1,234,233,235,-1,234,235,236,-1,236,235,237,-1,236,237,238,-1,238,237,239,-1,238,239,240,-1,240,239,241,-1,240,241,242,-1,242,241,243,-1,242,243,244,-1,244,243,245,-1,244,245,246,-1,246,245,247,-1,246,247,248,-1,248,247,249,-1,248,249,250,-1,250,249,251,-1,250,251,252,-1,252,251,253,-1,252,253,254,-1,254,253,255,-1,254,255,256,-1,256,255,257,-1,256,257,224,-1,224,257,258,-1,224,258,225,-1,230,232,259,-1,259,232,260,-1,230,259,261,-1,230,261,228,-1,228,261,262,-1,228,262,226,-1,226,262,263,-1,226,263,224,-1,224,263,264,-1,224,264,256,-1,256,264,265,-1,256,265,254,-1,254,265,266,-1,254,266,252,-1,252,266,267,-1,252,267,250,-1,250,267,268,-1,250,268,248,-1,248,268,269,-1,248,269,246,-1,246,269,270,-1,246,270,244,-1,244,270,271,-1,244,271,242,-1,242,271,272,-1,242,272,240,-1,240,272,273,-1,240,273,238,-1,238,273,274,-1,238,274,236,-1,234,236,275,-1,275,236,274,-1,232,234,260,-1,260,234,275,-1,237,235,276,-1,276,235,277,-1,235,233,277,-1,277,233,278,-1,233,231,278,-1,278,231,279,-1,258,280,281,-1,258,281,225,-1,225,281,282,-1,225,282,227,-1,227,282,283,-1,227,283,229,-1,229,283,279,-1,229,279,231,-1,251,284,285,-1,251,285,253,-1,253,285,286,-1,253,286,255,-1,255,286,287,-1,255,287,257,-1,257,287,280,-1,257,280,258,-1,243,288,289,-1,243,289,245,-1,245,289,290,-1,245,290,247,-1,247,290,291,-1,247,291,249,-1,249,291,284,-1,249,284,251,-1,237,276,292,-1,237,292,239,-1,239,292,293,-1,239,293,241,-1,241,293,288,-1,241,288,243,-1,
        ]
    }
}
Shape{
    appearance Appearance {
        material  Material 	{
            diffuseColor 0.0 0.8431372549019608 0.5098039215686274
            specularColor 0.0 0.4235294117647059 0.2549019607843137
            ambientIntensity 0.553
            transparency 0.0
            shininess 0.5
        }
    }
    geometry IndexedFaceSet {
        ccw TRUE
        solid FALSE
        coord DEF co Coordinate {
            point [
                2.2362 0.9294 0.9302, 2.2362 0.9294 0.8067, 2.2362 0.9536 0.9302, 2.2362 0.9527 0.8067, 2.2362 0.9731 0.8089, 2.2362 0.9867 0.8138, 2.2362 0.9974 0.8207, 2.2362 1.0003 0.8234, 2.2362 1.0083 0.8333, 2.2362 1.0138 0.8452, 2.2362 1.0169 0.8599, 2.2362 1.0174 0.87, 2.2362 1.015 0.8903, 2.2362 1.0104 0.9019, 2.2362 1.0042 0.9108, 2.2362 0.9998 0.9151, 2.2362 0.9742 0.9279, 2.2362 0.9881 0.9229
            ]
        }
        coordIndex [
            0,1,2,-1,2,1,3,-1,2,3,4,-1,4,5,2,-1,2,5,6,-1,2,6,7,-1,7,8,2,-1,2,8,9,-1,2,9,10,-1,10,11,2,-1,2,11,12,-1,2,12,13,-1,13,14,2,-1,2,14,15,-1,2,15,16,-1,16,15,17,-1,
        ]
    }
}
Shape{
    appearance Appearance {
        material  Material 	{
            diffuseColor 0.0 0.0 0.0
            specularColor 0.0 0.0 0.0
            ambientIntensity 0.0
            transparency 0.0
            shininess 0.5
        }
    }
    geometry IndexedFaceSet {
        ccw TRUE
        solid FALSE
        coord DEF co Coordinate {
            point [
                2.2362 1.0928 0.8503, 2.2362 1.0863 0.8322, 2.2362 1.1466 0.8503, 2.2362 1.1529 0.8322, 2.2362 1.1168 0.9169, 2.2362 1.109 0.9486, 2.2362 1.048 0.7884, 2.2362 1.0709 0.7884, 2.2362 1.1181 0.9217, 2.2362 1.1194 0.9281, 2.2362 1.1311 0.9486, 2.2362 1.1199 0.9281, 2.2362 1.1212 0.9213, 2.2362 1.1224 0.9169, 2.2362 1.1921 0.7884, 2.2362 1.1693 0.7884, 2.2362 1.1311 0.9486, 2.2362 1.1921 0.7884, 2.2362 1.109 0.9486, 2.2362 1.048 0.7884, 2.2362 1.0709 0.7884, 2.2362 1.0863 0.8322, 2.2362 1.1529 0.8322, 2.2362 1.1693 0.7884, 2.2362 1.0928 0.8503, 2.2362 1.1466 0.8503, 2.2362 1.1224 0.9169, 2.2362 1.1199 0.9281, 2.2362 1.1212 0.9213, 2.2362 1.1194 0.9281, 2.2362 1.1168 0.9169, 2.2362 1.1181 0.9217
            ]
        }
        coordIndex [
            0,1,2,-1,2,1,3,-1,4,5,0,-1,0,5,6,-1,0,6,1,-1,1,6,7,-1,4,8,5,-1,5,8,9,-1,5,9,10,-1,10,9,11,-1,10,11,12,-1,12,13,10,-1,10,13,2,-1,10,2,14,-1,14,2,3,-1,14,3,15,-1,10,14,16,-1,16,14,17,-1,5,10,18,-1,18,10,16,-1,6,5,19,-1,19,5,18,-1,7,6,20,-1,20,6,19,-1,1,7,21,-1,21,7,20,-1,3,1,22,-1,22,1,21,-1,15,3,23,-1,23,3,22,-1,14,15,17,-1,17,15,23,-1,0,2,24,-1,24,2,25,-1,2,13,25,-1,25,13,26,-1,11,27,28,-1,11,28,12,-1,12,28,26,-1,12,26,13,-1,11,9,27,-1,27,9,29,-1,4,30,31,-1,4,31,8,-1,8,31,29,-1,8,29,9,-1,4,0,30,-1,30,0,24,-1,
        ]
    }
}
Shape{
    appearance Appearance {
        material  Material 	{
            diffuseColor 0.0 0.8431372549019608 0.5098039215686274
            specularColor 0.0 0.4235294117647059 0.2549019607843137
            ambientIntensity 0.553
            transparency 0.0
            shininess 0.5
        }
    }
    geometry IndexedFaceSet {
        ccw TRUE
        solid FALSE
        coord DEF co Coordinate {
            point [
                2.2362 1.1199 0.9281, 2.2362 1.1194 0.9281, 2.2362 1.1212 0.9213, 2.2362 1.1181 0.9217, 2.2362 1.1224 0.9169, 2.2362 1.1168 0.9169, 2.2362 1.1466 0.8503, 2.2362 1.0928 0.8503
            ]
        }
        coordIndex [
            0,1,2,-1,2,1,3,-1,2,3,4,-1,4,3,5,-1,4,5,6,-1,6,5,7,-1,
        ]
    }
}
Shape{
    appearance Appearance {
        material  Material 	{
            diffuseColor 0.0 0.0 0.0
            specularColor 0.0 0.0 0.0
            ambientIntensity 0.0
            transparency 0.0
            shininess 0.5
        }
    }
    geometry IndexedFaceSet {
        ccw TRUE
        solid FALSE
        coord DEF co Coordinate {
            point [
                2.2362 -0.3584 0.7658, 2.2362 -0.3415 0.7449, 2.2362 -0.3686 0.8664, 2.2362 -0.1684 0.7614, 2.2362 -0.155 0.7868, 2.2362 -0.1483 0.8149, 2.2362 -0.2923 0.7924, 2.2362 -0.2832 0.7861, 2.2362 -0.3192 0.7281, 2.2362 -0.2727 0.7822, 2.2362 0.1471 0.9461, 2.2362 0.1444 0.924, 2.2362 0.2121 0.905, 2.2362 0.0117 0.9222, 2.2362 -0.0236 0.9826, 2.2362 -0.1477 0.838, 2.2362 -0.1762 0.9029, 2.2362 -0.1477 0.8266, 2.2362 -0.2087 0.7259, 2.2362 -0.186 0.7416, 2.2362 -0.3934 0.8817, 2.2362 -0.3894 0.7964, 2.2362 -0.3698 0.7902, 2.2362 0.0492 1.035, 2.2362 0.0583 1.035, 2.2362 0.105 1.0964, 2.2362 0.08 1.0323, 2.2362 0.1118 1.0941, 2.2362 0.0998 1.0247, 2.2362 0.1455 1.0771, 2.2362 0.1762 1.0507, 2.2362 -0.2711 1.0725, 2.2362 -0.2627 1.068, 2.2362 -0.298 1.1511, 2.2362 -0.2466 1.1021, 2.2362 -0.2747 1.1783, 2.2362 -0.2215 1.1329, 2.2362 -0.2479 1.2012, 2.2362 -0.1899 1.1564, 2.2362 -0.2203 1.2183, 2.2362 -0.2929 0.717, 2.2362 -0.266 0.7128, 2.2362 -0.2627 0.7811, 2.2362 -0.2616 0.7127, 2.2362 -0.2531 0.7821, 2.2362 -0.2341 0.7161, 2.2362 -0.2431 0.7856, 2.2362 -0.2342 0.7914, 2.2362 -0.2267 0.7995, 2.2362 0.1974 0.8692, 2.2362 0.1366 0.9037, 2.2362 0.1756 0.8391, 2.2362 -0.1678 1.2386, 2.2362 -0.1527 1.1717, 2.2362 -0.1113 1.2456, 2.2362 0.0435 1.1864, 2.2362 0.0032 1.13, 2.2362 0.0807 1.1435, 2.2362 0.0278 1.0983, 2.2362 0.044 1.061, 2.2362 -0.4138 0.9027, 2.2362 -0.4608 0.8448, 2.2362 -0.4299 0.8176, 2.2362 -0.4336 0.9987, 2.2362 -0.5082 0.9823, 2.2362 -0.4369 0.9712, 2.2362 -0.5087 0.9689, 2.2362 -0.4356 0.9538, 2.2362 -0.5043 0.9291, 2.2362 -0.4275 0.9259, 2.2362 -0.4892 0.8864, 2.2362 -0.4651 0.8497, 2.2362 -0.2995 0.8006, 2.2362 -0.3044 0.81, 2.2362 -0.3069 0.8205, 2.2362 -0.2213 0.8414, 2.2362 -0.2187 0.8309, 2.2362 -0.2186 0.8202, 2.2362 -0.2214 0.8093, 2.2362 0.1175 1.0123, 2.2362 0.1307 0.9975, 2.2362 0.1992 1.0182, 2.2362 0.1413 0.9779, 2.2362 0.2128 0.9833, 2.2362 0.1466 0.956, 2.2362 0.2177 0.9473, 2.2362 0.2177 0.9423, 2.2362 0.1241 0.886, 2.2362 0.1225 0.8842, 2.2362 0.1433 0.812, 2.2362 0.1056 0.8705, 2.2362 0.1084 0.7954, 2.2362 0.0855 0.8612, 2.2362 0.072 0.7879, 2.2362 0.0652 0.8573, 2.2362 0.0048 0.7879, 2.2362 0.0139 0.8573, 2.2362 -0.0008 0.7887, 2.2362 -0.2966 1.0818, 2.2362 -0.3111 1.1527, 2.2362 -0.3231 1.0851, 2.2362 -0.3242 1.1534, 2.2362 -0.3348 1.0845, 2.2362 -0.3643 1.149, 2.2362 -0.3629 1.0778, 2.2362 -0.4068 1.1338, 2.2362 -0.3883 1.0644, 2.2362 -0.445 1.1082, 2.2362 -0.408 1.0468, 2.2362 -0.4552 1.0987, 2.2362 -0.4238 1.0241, 2.2362 -0.4801 1.0676, 2.2362 -0.4993 1.0272, 2.2362 -0.1148 1.1772, 2.2362 -0.1102 1.1773, 2.2362 -0.0644 1.2407, 2.2362 -0.0734 1.173, 2.2362 -0.0072 1.2205, 2.2362 -0.0375 1.1597, 2.2362 -0.0053 1.1379, 2.2362 -0.3069 0.8304, 2.2362 -0.3042 0.8413, 2.2362 -0.356 0.891, 2.2362 -0.2989 0.8512, 2.2362 -0.3372 0.9125, 2.2362 -0.2914 0.8593, 2.2362 -0.3139 0.9287, 2.2362 -0.2823 0.8653, 2.2362 -0.2887 0.9383, 2.2362 -0.2723 0.8688, 2.2362 -0.2616 0.9416, 2.2362 -0.2627 0.8699, 2.2362 -0.2477 0.9408, 2.2362 -0.2534 0.8689, 2.2362 -0.2202 0.9339, 2.2362 -0.2428 0.8651, 2.2362 -0.1961 0.921, 2.2362 -0.2336 0.8589, 2.2362 -0.2263 0.8508, 2.2362 0.0082 0.8584, 2.2362 -0.0193 0.8, 2.2362 -0.0159 0.7966, 2.2362 -0.0013 0.8575, 2.2362 -0.0091 0.8545, 2.2362 -0.0281 0.8263, 2.2362 -0.0282 0.8232, 2.2362 -0.0272 0.815, 2.2362 -0.0242 0.8072, 2.2362 0.0116 0.8576, 2.2362 -0.0083 0.7915, 2.2362 0.0071 0.8585, 2.2362 -0.0162 0.8496, 2.2362 -0.022 0.843, 2.2362 -0.0261 0.835, 2.2362 0.2177 0.9473, 2.2362 0.2128 0.9833, 2.2362 0.2086 0.9942, 2.2362 0.1992 1.0182, 2.2362 0.183 1.0411, 2.2362 0.1762 1.0507, 2.2362 0.1455 1.0771, 2.2362 0.1118 1.0941, 2.2362 0.105 1.0964, 2.2362 0.0807 1.1435, 2.2362 0.0435 1.1864, 2.2362 0.0174 1.204, 2.2362 -0.0072 1.2205, 2.2362 -0.0644 1.2407, 2.2362 -0.1113 1.2456, 2.2362 -0.2479 1.2012, 2.2362 -0.2434 1.204, 2.2362 -0.2203 1.2183, 2.2362 -0.1678 1.2386, 2.2362 -0.2747 1.1783, 2.2362 -0.298 1.1511, 2.2362 -0.3111 1.1527, 2.2362 -0.3242 1.1534, 2.2362 -0.3643 1.149, 2.2362 -0.4068 1.1338, 2.2362 -0.445 1.1082, 2.2362 -0.4552 1.0987, 2.2362 -0.5087 0.9689, 2.2362 -0.4801 1.0676, 2.2362 -0.4926 1.0411, 2.2362 -0.4993 1.0272, 2.2362 -0.5058 0.9942, 2.2362 -0.5082 0.9823, 2.2362 -0.5043 0.9291, 2.2362 -0.4892 0.8864, 2.2362 -0.4651 0.8497, 2.2362 -0.4608 0.8448, 2.2362 -0.4299 0.8176, 2.2362 -0.3894 0.7964, 2.2362 -0.3698 0.7902, 2.2362 -0.3683 0.7871, 2.2362 -0.3584 0.7658, 2.2362 -0.3415 0.7449, 2.2362 -0.3192 0.7281, 2.2362 -0.3087 0.7237, 2.2362 -0.2929 0.717, 2.2362 -0.266 0.7128, 2.2362 -0.2616 0.7127, 2.2362 -0.1477 0.8266, 2.2362 -0.2341 0.7161, 2.2362 -0.2144 0.7237, 2.2362 -0.2087 0.7259, 2.2362 -0.186 0.7416, 2.2362 -0.1684 0.7614, 2.2362 -0.155 0.7868, 2.2362 -0.1549 0.7871, 2.2362 -0.1483 0.8149, 2.2362 -0.1477 0.838, 2.2362 0.0117 0.9222, 2.2362 -0.0236 0.9826, 2.2362 -0.1762 0.9029, 2.2362 -0.1961 0.921, 2.2362 -0.2202 0.9339, 2.2362 -0.2477 0.9408, 2.2362 -0.2616 0.9416, 2.2362 -0.2887 0.9383, 2.2362 -0.3139 0.9287, 2.2362 -0.3372 0.9125, 2.2362 -0.356 0.891, 2.2362 -0.3686 0.8664, 2.2362 -0.3934 0.8817, 2.2362 -0.4138 0.9027, 2.2362 -0.4275 0.9259, 2.2362 -0.4356 0.9538, 2.2362 -0.4369 0.9712, 2.2362 -0.4341 0.9942, 2.2362 -0.4336 0.9987, 2.2362 -0.4238 1.0241, 2.2362 -0.412 1.0411, 2.2362 -0.408 1.0468, 2.2362 -0.3883 1.0644, 2.2362 -0.3629 1.0778, 2.2362 -0.3348 1.0845, 2.2362 -0.3231 1.0851, 2.2362 -0.2966 1.0818, 2.2362 -0.2711 1.0725, 2.2362 -0.2627 1.068, 2.2362 -0.2466 1.1021, 2.2362 -0.2215 1.1329, 2.2362 -0.1899 1.1564, 2.2362 -0.1527 1.1717, 2.2362 -0.1148 1.1772, 2.2362 -0.1102 1.1773, 2.2362 0.0492 1.035, 2.2362 0.048 1.0411, 2.2362 0.044 1.061, 2.2362 0.0278 1.0983, 2.2362 0.0032 1.13, 2.2362 -0.0053 1.1379, 2.2362 -0.0375 1.1597, 2.2362 -0.0734 1.173, 2.2362 0.0583 1.035, 2.2362 0.08 1.0323, 2.2362 0.0998 1.0247, 2.2362 0.1175 1.0123, 2.2362 0.1307 0.9975, 2.2362 0.1325 0.9942, 2.2362 0.1413 0.9779, 2.2362 0.1466 0.956, 2.2362 0.1471 0.9461, 2.2362 0.1444 0.924, 2.2362 0.1366 0.9037, 2.2362 0.1241 0.886, 2.2362 0.1225 0.8842, 2.2362 0.1056 0.8705, 2.2362 0.0855 0.8612, 2.2362 0.0652 0.8573, 2.2362 0.0139 0.8573, 2.2362 0.0116 0.8576, 2.2362 0.0082 0.8584, 2.2362 0.0071 0.8585, 2.2362 -0.0013 0.8575, 2.2362 -0.0091 0.8545, 2.2362 -0.0162 0.8496, 2.2362 -0.022 0.843, 2.2362 -0.0261 0.835, 2.2362 -0.0281 0.8263, 2.2362 -0.0282 0.8232, 2.2362 -0.0272 0.815, 2.2362 -0.0242 0.8072, 2.2362 -0.0193 0.8, 2.2362 -0.0159 0.7966, 2.2362 -0.0083 0.7915, 2.2362 -0.0008 0.7887, 2.2362 0.0048 0.7879, 2.2362 0.072 0.7879, 2.2362 0.1084 0.7954, 2.2362 0.1433 0.812, 2.2362 0.1756 0.8391, 2.2362 0.1974 0.8692, 2.2362 0.2121 0.905, 2.2362 0.2177 0.9423, 2.2362 -0.2627 0.8699, 2.2362 -0.2534 0.8689, 2.2362 -0.2428 0.8651, 2.2362 -0.2336 0.8589, 2.2362 -0.2263 0.8508, 2.2362 -0.2213 0.8414, 2.2362 -0.2187 0.8309, 2.2362 -0.2186 0.8202, 2.2362 -0.2214 0.8093, 2.2362 -0.2267 0.7995, 2.2362 -0.2342 0.7914, 2.2362 -0.2431 0.7856, 2.2362 -0.2531 0.7821, 2.2362 -0.2627 0.7811, 2.2362 -0.2727 0.7822, 2.2362 -0.2832 0.7861, 2.2362 -0.2923 0.7924, 2.2362 -0.2995 0.8006, 2.2362 -0.3044 0.81, 2.2362 -0.3069 0.8205, 2.2362 -0.3069 0.8304, 2.2362 -0.3042 0.8413, 2.2362 -0.2989 0.8512, 2.2362 -0.2914 0.8593, 2.2362 -0.2823 0.8653, 2.2362 -0.2723 0.8688
            ]
        }
        coordIndex [
            0,1,2,-1,3,4,5,-1,6,1,7,-1,7,1,8,-1,7,8,9,-1,10,11,12,-1,13,14,15,-1,15,14,16,-1,15,16,17,-1,17,16,18,-1,17,18,5,-1,5,18,19,-1,5,19,3,-1,20,21,2,-1,2,21,22,-1,2,22,0,-1,23,24,25,-1,25,24,26,-1,25,26,27,-1,27,26,28,-1,27,28,29,-1,29,28,30,-1,31,32,33,-1,33,32,34,-1,33,34,35,-1,35,34,36,-1,35,36,37,-1,37,36,38,-1,37,38,39,-1,8,40,9,-1,9,40,41,-1,9,41,42,-1,42,41,43,-1,42,43,44,-1,44,43,45,-1,44,45,46,-1,46,45,18,-1,46,18,47,-1,47,18,48,-1,12,11,49,-1,49,11,50,-1,49,50,51,-1,39,38,52,-1,52,38,53,-1,52,53,54,-1,55,56,57,-1,57,56,58,-1,57,58,25,-1,25,58,59,-1,25,59,23,-1,60,61,20,-1,20,61,62,-1,20,62,21,-1,63,64,65,-1,65,64,66,-1,65,66,67,-1,67,66,68,-1,67,68,69,-1,69,68,70,-1,69,70,60,-1,60,70,71,-1,60,71,61,-1,6,72,1,-1,1,72,73,-1,1,73,2,-1,2,73,74,-1,75,76,16,-1,16,76,77,-1,16,77,18,-1,18,77,78,-1,18,78,48,-1,28,79,30,-1,30,79,80,-1,30,80,81,-1,81,80,82,-1,81,82,83,-1,83,82,84,-1,83,84,85,-1,85,84,10,-1,85,10,86,-1,86,10,12,-1,50,87,51,-1,51,87,88,-1,51,88,89,-1,89,88,90,-1,89,90,91,-1,91,90,92,-1,91,92,93,-1,93,92,94,-1,93,94,95,-1,95,94,96,-1,95,96,97,-1,31,33,98,-1,98,33,99,-1,98,99,100,-1,100,99,101,-1,100,101,102,-1,102,101,103,-1,102,103,104,-1,104,103,105,-1,104,105,106,-1,106,105,107,-1,106,107,108,-1,108,107,109,-1,108,109,110,-1,110,109,111,-1,110,111,63,-1,63,111,112,-1,63,112,64,-1,53,113,54,-1,54,113,114,-1,54,114,115,-1,115,114,116,-1,115,116,117,-1,117,116,118,-1,117,118,55,-1,55,118,119,-1,55,119,56,-1,74,120,2,-1,2,120,121,-1,2,121,122,-1,122,121,123,-1,122,123,124,-1,124,123,125,-1,124,125,126,-1,126,125,127,-1,126,127,128,-1,128,127,129,-1,128,129,130,-1,130,129,131,-1,130,131,132,-1,132,131,133,-1,132,133,134,-1,134,133,135,-1,134,135,136,-1,136,135,137,-1,136,137,16,-1,16,137,138,-1,16,138,75,-1,139,140,141,-1,142,143,144,-1,145,146,139,-1,139,146,147,-1,139,147,140,-1,96,148,97,-1,97,148,139,-1,97,139,149,-1,149,139,141,-1,145,139,144,-1,144,139,150,-1,144,150,142,-1,143,151,144,-1,144,151,152,-1,144,152,153,-1,85,154,155,-1,85,155,83,-1,83,155,156,-1,83,156,81,-1,156,157,81,-1,81,157,158,-1,81,158,30,-1,158,159,30,-1,30,159,160,-1,30,160,29,-1,29,160,161,-1,29,161,27,-1,27,161,162,-1,27,162,25,-1,25,162,163,-1,25,163,57,-1,57,163,164,-1,57,164,55,-1,55,164,165,-1,55,165,117,-1,165,166,117,-1,117,166,167,-1,117,167,115,-1,115,167,168,-1,115,168,54,-1,169,37,170,-1,170,37,39,-1,170,39,171,-1,171,39,52,-1,171,52,172,-1,172,52,54,-1,172,54,168,-1,37,169,173,-1,37,173,35,-1,35,173,174,-1,35,174,33,-1,33,174,175,-1,33,175,99,-1,99,175,176,-1,99,176,101,-1,101,176,177,-1,101,177,103,-1,103,177,178,-1,103,178,105,-1,105,178,179,-1,105,179,107,-1,107,179,180,-1,107,180,109,-1,181,66,64,-1,109,180,182,-1,109,182,111,-1,111,182,183,-1,111,183,112,-1,183,184,112,-1,112,184,185,-1,112,185,64,-1,64,185,186,-1,64,186,181,-1,66,181,187,-1,66,187,68,-1,68,187,188,-1,68,188,70,-1,70,188,189,-1,70,189,71,-1,71,189,190,-1,71,190,61,-1,61,190,191,-1,61,191,62,-1,62,191,192,-1,62,192,21,-1,21,192,193,-1,21,193,22,-1,22,193,194,-1,22,194,0,-1,194,195,0,-1,0,195,196,-1,0,196,1,-1,1,196,197,-1,1,197,8,-1,8,197,198,-1,8,198,40,-1,198,199,40,-1,40,199,200,-1,40,200,41,-1,41,200,201,-1,41,201,43,-1,202,17,5,-1,43,201,203,-1,43,203,45,-1,45,203,204,-1,45,204,18,-1,204,205,18,-1,18,205,206,-1,18,206,19,-1,19,206,207,-1,19,207,3,-1,3,207,208,-1,3,208,4,-1,4,208,209,-1,4,209,5,-1,5,209,210,-1,5,210,202,-1,15,17,211,-1,211,17,202,-1,13,15,212,-1,212,15,211,-1,14,13,213,-1,213,13,212,-1,16,14,214,-1,214,14,213,-1,16,214,215,-1,16,215,136,-1,136,215,216,-1,136,216,134,-1,134,216,217,-1,134,217,132,-1,132,217,218,-1,132,218,130,-1,130,218,219,-1,130,219,128,-1,128,219,220,-1,128,220,126,-1,126,220,221,-1,126,221,124,-1,124,221,222,-1,124,222,122,-1,122,222,223,-1,122,223,2,-1,2,223,224,-1,2,224,20,-1,20,224,225,-1,20,225,60,-1,60,225,226,-1,60,226,69,-1,69,226,227,-1,69,227,67,-1,67,227,228,-1,67,228,65,-1,63,65,229,-1,229,65,228,-1,229,230,63,-1,63,230,231,-1,63,231,110,-1,110,231,232,-1,110,232,108,-1,232,233,108,-1,108,233,234,-1,108,234,106,-1,106,234,235,-1,106,235,104,-1,104,235,236,-1,104,236,102,-1,102,236,237,-1,102,237,100,-1,100,237,238,-1,100,238,98,-1,98,238,239,-1,98,239,31,-1,31,239,240,-1,31,240,32,-1,32,240,241,-1,32,241,34,-1,34,241,242,-1,34,242,36,-1,36,242,243,-1,36,243,38,-1,38,243,244,-1,38,244,53,-1,53,244,245,-1,53,245,113,-1,113,245,246,-1,113,246,114,-1,247,23,248,-1,248,23,59,-1,248,59,249,-1,249,59,58,-1,249,58,250,-1,250,58,56,-1,250,56,251,-1,251,56,119,-1,251,119,252,-1,252,119,118,-1,252,118,253,-1,253,118,116,-1,253,116,254,-1,254,116,114,-1,254,114,246,-1,24,23,255,-1,255,23,247,-1,24,255,256,-1,24,256,26,-1,26,256,257,-1,26,257,28,-1,28,257,258,-1,28,258,79,-1,79,258,259,-1,79,259,80,-1,80,259,260,-1,80,260,82,-1,260,261,82,-1,82,261,262,-1,82,262,84,-1,84,262,263,-1,84,263,10,-1,10,263,264,-1,10,264,11,-1,11,264,265,-1,11,265,50,-1,50,265,266,-1,50,266,87,-1,87,266,267,-1,87,267,88,-1,88,267,268,-1,88,268,90,-1,90,268,269,-1,90,269,92,-1,92,269,270,-1,92,270,94,-1,96,94,271,-1,271,94,270,-1,96,271,272,-1,96,272,148,-1,148,272,273,-1,148,273,139,-1,139,273,274,-1,139,274,150,-1,150,274,275,-1,150,275,142,-1,142,275,276,-1,142,276,143,-1,143,276,277,-1,143,277,151,-1,151,277,278,-1,151,278,152,-1,152,278,279,-1,152,279,153,-1,153,279,280,-1,153,280,144,-1,144,280,281,-1,144,281,145,-1,145,281,282,-1,145,282,146,-1,146,282,283,-1,146,283,147,-1,147,283,284,-1,147,284,140,-1,140,284,285,-1,140,285,141,-1,141,285,286,-1,141,286,149,-1,149,286,287,-1,149,287,97,-1,97,287,288,-1,97,288,95,-1,93,95,289,-1,289,95,288,-1,93,289,290,-1,93,290,91,-1,91,290,291,-1,91,291,89,-1,89,291,292,-1,89,292,51,-1,51,292,293,-1,51,293,49,-1,49,293,294,-1,49,294,12,-1,12,294,295,-1,12,295,86,-1,86,295,154,-1,86,154,85,-1,131,296,297,-1,131,297,133,-1,133,297,298,-1,133,298,135,-1,135,298,299,-1,135,299,137,-1,137,299,300,-1,137,300,138,-1,138,300,301,-1,138,301,75,-1,75,301,302,-1,75,302,76,-1,76,302,303,-1,76,303,77,-1,77,303,304,-1,77,304,78,-1,78,304,305,-1,78,305,48,-1,48,305,306,-1,48,306,47,-1,47,306,307,-1,47,307,46,-1,46,307,308,-1,46,308,44,-1,44,308,309,-1,44,309,42,-1,42,309,310,-1,42,310,9,-1,9,310,311,-1,9,311,7,-1,7,311,312,-1,7,312,6,-1,6,312,313,-1,6,313,72,-1,72,313,314,-1,72,314,73,-1,73,314,315,-1,73,315,74,-1,74,315,316,-1,74,316,120,-1,120,316,317,-1,120,317,121,-1,121,317,318,-1,121,318,123,-1,123,318,319,-1,123,319,125,-1,125,319,320,-1,125,320,127,-1,127,320,321,-1,127,321,129,-1,129,321,296,-1,129,296,131,-1,
        ]
    }
}
Shape{
    appearance Appearance {
        material  Material 	{
            diffuseColor 0.0 0.8431372549019608 0.5098039215686274
            specularColor 0.0 0.4235294117647059 0.2549019607843137
            ambientIntensity 0.553
            transparency 0.0
            shininess 0.5
        }
    }
    geometry IndexedFaceSet {
        ccw TRUE
        solid FALSE
        coord DEF co Coordinate {
            point [
                2.2362 -0.3069 0.8205, 2.2362 -0.2723 0.8688, 2.2362 -0.3069 0.8304, 2.2362 -0.2823 0.8653, 2.2362 -0.2213 0.8414, 2.2362 -0.2263 0.8508, 2.2362 -0.2431 0.7856, 2.2362 -0.2336 0.8589, 2.2362 -0.2914 0.8593, 2.2362 -0.2989 0.8512, 2.2362 -0.3042 0.8413, 2.2362 -0.3044 0.81, 2.2362 -0.2995 0.8006, 2.2362 -0.2923 0.7924, 2.2362 -0.2187 0.8309, 2.2362 -0.2342 0.7914, 2.2362 -0.2186 0.8202, 2.2362 -0.2267 0.7995, 2.2362 -0.2214 0.8093, 2.2362 -0.2627 0.7811, 2.2362 -0.2627 0.8699, 2.2362 -0.2531 0.7821, 2.2362 -0.2534 0.8689, 2.2362 -0.2428 0.8651, 2.2362 -0.2832 0.7861, 2.2362 -0.2727 0.7822, -1.7638 -1.2737 2.5591, -2.0 -1.3839 2.5591, -1.7638 -1.2737 0.0, -2.0 -1.3839 0.0, -1.7638 -1.1003 2.5591, -1.7638 -1.1003 0.0, -2.0 -0.9902 2.5591, -2.0 -0.9902 0.0, -1.7638 1.5609 2.5591, -2.0 1.4508 2.5591, -1.7638 1.5609 0.0, -2.0 1.4508 0.0, -1.7638 1.7343 2.5591, -1.7638 1.7343 0.0, -2.0 1.8445 2.5591, -2.0 1.8445 0.0
            ]
        }
        coordIndex [
            0,1,2,-1,2,1,3,-1,4,5,6,-1,6,5,7,-1,3,8,2,-1,2,8,9,-1,2,9,10,-1,0,11,1,-1,1,11,12,-1,1,12,13,-1,4,6,14,-1,14,6,15,-1,14,15,16,-1,16,15,17,-1,16,17,18,-1,1,19,20,-1,20,19,21,-1,20,21,22,-1,22,21,6,-1,22,6,23,-1,23,6,7,-1,13,24,1,-1,1,24,25,-1,1,25,19,-1,26,27,28,-1,28,27,29,-1,30,26,31,-1,31,26,28,-1,32,30,33,-1,33,30,31,-1,27,32,29,-1,29,32,33,-1,30,32,26,-1,26,32,27,-1,33,31,29,-1,29,31,28,-1,34,35,36,-1,36,35,37,-1,38,34,39,-1,39,34,36,-1,40,38,41,-1,41,38,39,-1,35,40,37,-1,37,40,41,-1,38,40,34,-1,34,40,35,-1,41,39,37,-1,37,39,36,-1,
        ]
    }
}