#VRML V2.0 utf8
# 3D model generated by easyeda2kicad.py (https://github.com/uPesy/easyeda2kicad.py)

Shape{
    appearance Appearance {
        material  Material 	{
            diffuseColor 0.48627450980392156 0.06666666666666667 0.06666666666666667
            specularColor 0.03529411764705882 0.00392156862745098 0.00392156862745098
            ambientIntensity 0.2763
            transparency 0.0
            shininess 0.5
        }
    }
    geometry IndexedFaceSet {
        ccw TRUE
        solid FALSE
        coord DEF co Coordinate {
            point [
                0.6452 0.9657 3.0315, 0.5906 1.0001 3.0315, 0.6452 -0.9657 3.0315, 0.5906 -1.0001 3.0315, 0.9657 0.6452 3.0315, 0.8978 0.7368 3.0315, 1.0243 0.5475 3.0315, 0.8212 0.8212 3.0315, 0.7368 0.8978 3.0315, 0.7368 -0.8978 3.0315, 0.8212 -0.8212 3.0315, 1.1114 0.3371 3.0315, 0.8978 -0.7368 3.0315, 0.9657 -0.6452 3.0315, 1.073 0.4445 3.0315, 1.1114 -0.3371 3.0315, 1.1391 -0.2266 3.0315, 1.1558 -0.1138 3.0315, 1.0243 -0.5475 3.0315, 1.073 -0.4445 3.0315, 1.1614 0.0 3.0315, 1.1558 0.1138 3.0315, 1.1391 0.2266 3.0315
            ]
        }
        coordIndex [
            0,1,2,-1,2,1,3,-1,4,5,2,-1,4,2,6,-1,5,7,2,-1,2,7,8,-1,2,8,0,-1,9,10,11,-1,11,10,12,-1,11,12,13,-1,9,11,2,-1,2,11,14,-1,2,14,6,-1,15,16,11,-1,11,16,17,-1,13,18,11,-1,11,18,19,-1,11,19,15,-1,20,21,17,-1,17,21,22,-1,17,22,11,-1,
        ]
    }
}
Shape{
    appearance Appearance {
        material  Material 	{
            diffuseColor 0.20784313725490197 0.20784313725490197 0.20784313725490197
            specularColor 0.01568627450980392 0.01568627450980392 0.01568627450980392
            ambientIntensity 0.298
            transparency 0.0
            shininess 0.5
        }
    }
    geometry IndexedFaceSet {
        ccw TRUE
        solid FALSE
        coord DEF co Coordinate {
            point [
                -0.1685 0.3031 0.0787, -0.1879 0.3053 0.0787, -0.126 0.4509 0.0787, -0.3601 0.2839 0.0787, -0.3601 0.4592 0.0787, -0.2857 0.4592 0.0787, -0.5315 0.2165 0.0787, -0.3865 0.4808 0.0787, -0.4755 0.2092 0.0787, -0.3865 0.2839 0.0787, -0.4232 0.1875 0.0787, -0.3784 0.1531 0.0787, -0.1446 0.3062 0.0787, -0.1224 0.449 0.0787, -0.1224 0.3157 0.0787, -0.1032 -1.2795 0.0787, -0.1224 0.2893 0.0787, -0.2026 0.3106 0.0787, -0.2163 0.3197 0.0787, -0.2282 0.3329 0.0787, -0.2425 0.3844 0.0787, -0.2405 0.4058 0.0787, -0.2351 0.4227 0.0787, -0.1913 0.4595 0.0787, -0.173 0.4616 0.0787, -0.2057 0.4542 0.0787, -0.2177 0.4461 0.0787, -0.227 0.4363 0.0787, -0.1468 0.4587 0.0787, -0.4232 -0.1875 0.0787, -0.3784 -0.1531 0.0787, -0.344 -0.1083 0.0787, -0.2363 0.3481 0.0787, -0.2415 0.3691 0.0787, -1.2795 -0.8071 0.0787, -1.2795 -0.2165 0.0787, -0.8071 -1.2795 0.0787, -0.5315 -0.2165 0.0787, -0.4755 -0.2092 0.0787, -0.3223 -0.056 0.0787, -0.315 -0.0 0.0787, -0.3223 0.056 0.0787, -0.344 0.1083 0.0787, -0.1882 0.482 0.0787, -0.2857 0.4808 0.0787, -0.2009 0.4807 0.0787, -0.2199 0.4741 0.0787, -0.2469 0.3174 0.0787, -0.2292 0.3003 0.0787, -0.2105 0.2895 0.0787, -0.1885 0.2831 0.0787, -0.2358 0.464 0.0787, -0.2506 0.4484 0.0787, -0.261 0.4297 0.0787, -0.267 0.4089 0.0787, -0.1688 0.2815 0.0787, -0.1452 0.2831 0.0787, -0.2689 0.3861 0.0787, -0.266 0.3581 0.0787, -0.2585 0.3358 0.0787, -0.1712 0.4831 0.0787, -0.1032 1.2795 0.0787, -0.1633 0.482 0.0787, -0.1032 0.482 0.0787, -0.1434 0.4792 0.0787, -0.1224 0.4706 0.0787, -0.1766 0.4832 0.0787, -0.8071 1.2795 0.0787, -1.2795 0.2165 0.0787, -1.2795 0.482 0.0787, -1.2795 0.8071 0.0787, 0.3817 0.4808 0.0787, 0.3618 0.4256 0.0787, 0.2805 0.4256 0.0787, 0.2329 0.4808 0.0787, 0.2157 0.4062 0.0787, 0.2086 0.4268 0.0787, 0.0216 0.4808 0.0787, -0.084 0.4808 0.0787, -0.084 0.2839 0.0787, 0.0168 0.2839 0.0787, 1.2795 -1.2795 0.0787, 0.0168 0.3055 0.0787, -0.0576 0.3055 0.0787, -0.0576 0.3703 0.0787, 0.1973 0.4444 0.0787, 0.1811 0.4599 0.0787, 0.1606 0.4719 0.0787, 0.3223 0.056 0.0787, 0.315 0.0 0.0787, 0.3073 0.2839 0.0787, 0.06 0.2839 0.0787, 0.012 0.3703 0.0787, 0.012 0.392 0.0787, 0.344 0.1083 0.0787, 0.2617 0.4808 0.0787, 1.2795 0.482 0.0787, 0.4105 0.4808 0.0787, 1.2795 0.2165 0.0787, -0.0576 0.392 0.0787, -0.0576 0.4592 0.0787, 0.0216 0.4592 0.0787, 0.06 0.4808 0.0787, 0.1135 0.4808 0.0787, 0.1379 0.4786 0.0787, 0.4232 -0.1875 0.0787, 0.4755 -0.2092 0.0787, 0.5315 -0.2165 0.0787, 1.2795 -0.2165 0.0787, 0.5315 0.2165 0.0787, 0.4755 0.2092 0.0787, 0.3337 0.2839 0.0787, 0.4232 0.1875 0.0787, 0.3784 0.1531 0.0787, 0.3784 -0.1531 0.0787, 0.344 -0.1083 0.0787, 0.3223 -0.056 0.0787, 0.1156 0.2839 0.0787, 0.144 0.287 0.0787, 0.2026 0.325 0.0787, 0.2117 0.342 0.0787, 0.217 0.3614 0.0787, 0.2185 0.3799 0.0787, 0.167 0.2951 0.0787, 0.1885 0.3094 0.0787, 0.1887 0.3096 0.0787, 1.2795 1.2795 0.0787, 0.4755 0.2092 0.1575, 0.5315 0.2165 0.1575, 0.5315 0.1378 0.1575, 1.2795 0.2165 0.1575, 0.5315 -0.1378 0.1575, 1.2795 -0.2165 0.1575, 0.5315 -0.2165 0.1575, 0.4134 -0.1378 0.1575, 0.3223 0.056 0.1575, 0.344 0.1083 0.1575, 0.4755 -0.2092 0.1575, 0.4232 -0.1875 0.1575, 0.3784 -0.1531 0.1575, 0.344 -0.1083 0.1575, 0.4134 0.1378 0.1575, 0.3784 0.1531 0.1575, 0.4232 0.1875 0.1575, 0.3223 -0.056 0.1575, 0.315 0.0 0.1575
            ]
        }
        coordIndex [
            0,1,2,-1,3,4,5,-1,6,7,8,-1,8,7,9,-1,8,9,10,-1,10,9,3,-1,10,3,11,-1,0,2,12,-1,12,2,13,-1,12,13,14,-1,14,13,15,-1,14,15,16,-1,1,17,2,-1,2,17,18,-1,2,18,19,-1,20,21,2,-1,2,21,22,-1,23,24,25,-1,25,24,26,-1,22,27,2,-1,2,27,26,-1,2,26,28,-1,28,26,24,-1,29,30,15,-1,15,30,31,-1,19,32,2,-1,2,32,33,-1,2,33,20,-1,34,35,36,-1,36,35,37,-1,36,37,15,-1,15,37,38,-1,15,38,29,-1,31,39,15,-1,15,39,40,-1,15,40,5,-1,5,40,41,-1,5,41,3,-1,3,41,42,-1,3,42,11,-1,7,43,44,-1,44,43,45,-1,44,45,46,-1,47,48,15,-1,15,48,49,-1,15,49,50,-1,46,51,44,-1,44,51,52,-1,44,52,5,-1,5,52,53,-1,5,53,54,-1,50,55,15,-1,15,55,56,-1,15,56,16,-1,54,57,5,-1,5,57,58,-1,5,58,15,-1,15,58,59,-1,15,59,47,-1,60,61,62,-1,62,61,63,-1,62,63,64,-1,64,63,65,-1,60,66,61,-1,61,66,43,-1,61,43,67,-1,6,68,7,-1,7,68,69,-1,7,69,43,-1,43,69,70,-1,43,70,67,-1,71,72,73,-1,74,75,76,-1,77,78,63,-1,63,78,79,-1,80,81,79,-1,79,81,15,-1,79,15,63,-1,63,15,13,-1,63,13,65,-1,82,83,84,-1,76,85,74,-1,74,85,86,-1,74,86,87,-1,88,89,90,-1,91,92,93,-1,88,90,94,-1,73,95,71,-1,71,95,96,-1,71,96,97,-1,97,96,98,-1,99,100,93,-1,93,100,101,-1,93,101,91,-1,91,101,77,-1,91,77,102,-1,102,77,63,-1,102,63,103,-1,103,63,74,-1,103,74,104,-1,104,74,87,-1,84,92,82,-1,82,92,91,-1,82,91,80,-1,105,106,81,-1,81,106,107,-1,81,107,108,-1,98,109,97,-1,97,109,110,-1,97,110,111,-1,111,110,112,-1,111,112,90,-1,90,112,113,-1,90,113,94,-1,105,81,114,-1,114,81,80,-1,114,80,115,-1,115,80,91,-1,115,91,116,-1,91,117,116,-1,116,117,118,-1,116,118,89,-1,119,120,90,-1,90,120,121,-1,90,121,74,-1,74,121,122,-1,74,122,75,-1,118,123,89,-1,89,123,124,-1,89,124,90,-1,90,124,125,-1,90,125,119,-1,95,74,96,-1,96,74,63,-1,96,63,126,-1,126,63,61,-1,127,128,129,-1,129,128,130,-1,129,130,131,-1,131,130,132,-1,131,132,133,-1,134,135,136,-1,133,137,131,-1,131,137,138,-1,131,138,134,-1,134,138,139,-1,134,139,140,-1,134,136,141,-1,141,136,142,-1,141,142,129,-1,129,142,143,-1,129,143,127,-1,140,144,134,-1,134,144,145,-1,134,145,135,-1,
        ]
    }
}
Shape{
    appearance Appearance {
        material  Material 	{
            diffuseColor 0.6666666666666666 0.6666666666666666 0.6666666666666666
            specularColor 0.4666666666666667 0.4666666666666667 0.4666666666666667
            ambientIntensity 0.6667
            transparency 0.0
            shininess 0.5
        }
    }
    geometry IndexedFaceSet {
        ccw TRUE
        solid FALSE
        coord DEF co Coordinate {
            point [
                0.5475 -1.0243 3.0315, -0.5475 1.0243 3.0315, -0.6452 0.9657 3.0315, -0.7368 0.8978 3.0315, -0.8212 0.8212 3.0315, -0.8978 0.7368 3.0315, 0.5906 -1.0001 3.0315, 0.5906 1.0001 3.0315, 0.5475 1.0243 3.0315, 0.4445 1.073 3.0315, -0.2266 -1.1391 3.0315, -0.1138 -1.1558 3.0315, 0.0 -1.1614 3.0315, 0.1138 -1.1558 3.0315, 0.2266 -1.1391 3.0315, 0.3371 -1.1114 3.0315, 0.4445 -1.073 3.0315, 0.3371 1.1114 3.0315, 0.2266 1.1391 3.0315, 0.1138 1.1558 3.0315, -0.9657 0.6452 3.0315, -0.4445 -1.073 3.0315, -0.3371 -1.1114 3.0315, 0.0 1.1614 3.0315, -0.1138 1.1558 3.0315, -0.2266 1.1391 3.0315, -0.3371 1.1114 3.0315, -0.4445 1.073 3.0315, -1.1391 0.2266 3.0315, -1.1558 0.1138 3.0315, -1.1614 -0.0 3.0315, -0.8978 -0.7368 3.0315, -1.073 0.4445 3.0315, -0.9657 -0.6452 3.0315, -1.0243 -0.5475 3.0315, -0.8212 -0.8212 3.0315, -0.7368 -0.8978 3.0315, -0.6452 -0.9657 3.0315, -1.0243 0.5475 3.0315, -0.5475 -1.0243 3.0315, -1.1558 -0.1138 3.0315, -1.1391 -0.2266 3.0315, -1.1114 -0.3371 3.0315, -1.1114 0.3371 3.0315, -1.073 -0.4445 3.0315, 1.0584 0.6436 2.9528, 1.0289 0.6875 2.9731, 1.0937 0.5846 2.9528, 1.0914 0.5833 2.9731, 1.1367 0.4937 2.9528, 1.1433 0.4736 2.9731, 1.1458 0.4746 2.9528, 1.1842 0.3592 2.9731, 1.1868 0.36 2.9528, 1.0312 0.689 2.9528, 0.9618 0.7825 2.9528, 0.9566 0.785 2.9731, 0.9587 0.7867 2.9528, 0.8769 0.8769 2.9528, 0.875 0.875 2.9731, 0.8456 0.9053 2.9528, 0.785 0.9566 2.9731, 0.7867 0.9587 2.9528, 0.6875 1.0289 2.9731, 0.7145 1.0122 2.9528, 0.689 1.0312 2.9528, 0.5846 1.0937 2.9528, 0.5833 1.0914 2.9731, 0.5703 1.1005 2.9528, 0.4736 1.1433 2.9731, 0.4746 1.1458 2.9528, 0.3592 1.1842 2.9731, 0.4148 1.1671 2.9528, 0.36 1.1868 2.9528, 0.2522 1.2138 2.9528, 0.2414 1.2137 2.9731, 0.2419 1.2163 2.9528, 0.1216 1.2342 2.9528, 0.1213 1.2315 2.9731, 0.0846 1.236 2.9528, 0.0 1.2375 2.9731, 0.0 1.2402 2.9528, -0.1213 1.2315 2.9731, -0.0846 1.236 2.9528, -0.1216 1.2342 2.9528, -0.2419 1.2163 2.9528, -0.2414 1.2137 2.9731, -0.2522 1.2138 2.9528, -0.3592 1.1842 2.9731, -0.36 1.1868 2.9528, -0.4148 1.1671 2.9528, -0.4736 1.1433 2.9731, -0.4746 1.1458 2.9528, -0.5833 1.0914 2.9731, -0.5703 1.1005 2.9528, -0.5846 1.0937 2.9528, -0.689 1.0312 2.9528, -0.6875 1.0289 2.9731, -0.7145 1.0122 2.9528, -0.785 0.9566 2.9731, -0.7867 0.9587 2.9528, -0.875 0.875 2.9731, -0.8456 0.9053 2.9528, -0.8769 0.8769 2.9528, -0.9587 0.7867 2.9528, -0.9566 0.785 2.9731, -0.9618 0.7825 2.9528, -1.0289 0.6875 2.9731, -1.0312 0.689 2.9528, -1.0584 0.6436 2.9528, -1.0914 0.5833 2.9731, -1.0937 0.5846 2.9528, -1.1433 0.4736 2.9731, -1.1367 0.4937 2.9528, -1.1458 0.4746 2.9528, -1.1868 0.36 2.9528, -1.1842 0.3592 2.9731, -1.1932 0.3343 2.9528, -1.2137 0.2414 2.9731, -1.2163 0.2419 2.9528, -1.2315 0.1213 2.9731, -1.2272 0.1687 2.9528, -1.2342 0.1216 2.9528, -1.2402 -0.0 2.9528, -1.2375 -0.0 2.9731, -1.2342 -0.1216 2.9528, -1.2315 -0.1213 2.9731, -1.2272 -0.1687 2.9528, -1.2137 -0.2414 2.9731, -1.2163 -0.2419 2.9528, -1.1842 -0.3592 2.9731, -1.1932 -0.3343 2.9528, -1.1868 -0.36 2.9528, -1.1458 -0.4746 2.9528, -1.1433 -0.4736 2.9731, -1.1367 -0.4937 2.9528, -1.0914 -0.5833 2.9731, -1.0937 -0.5846 2.9528, -1.0289 -0.6875 2.9731, -1.0584 -0.6436 2.9528, -1.0312 -0.689 2.9528, -0.9618 -0.7825 2.9528, -0.9566 -0.785 2.9731, -0.9587 -0.7867 2.9528, -0.8769 -0.8769 2.9528, -0.875 -0.875 2.9731, -0.8456 -0.9053 2.9528, -0.785 -0.9566 2.9731, -0.7867 -0.9587 2.9528, -0.6875 -1.0289 2.9731, -0.7145 -1.0122 2.9528, -0.689 -1.0312 2.9528, -0.5846 -1.0937 2.9528, -0.5833 -1.0914 2.9731, -0.5703 -1.1005 2.9528, -0.4736 -1.1433 2.9731, -0.4746 -1.1458 2.9528, -0.3592 -1.1842 2.9731, -0.4148 -1.1671 2.9528, -0.36 -1.1868 2.9528, -0.2522 -1.2138 2.9528, -0.2414 -1.2137 2.9731, -0.2419 -1.2163 2.9528, -0.1216 -1.2342 2.9528, -0.1213 -1.2315 2.9731, -0.0846 -1.236 2.9528, 0.0 -1.2375 2.9731, 0.0 -1.2402 2.9528, 0.1213 -1.2315 2.9731, 0.0846 -1.236 2.9528, 0.1216 -1.2342 2.9528, 0.2419 -1.2163 2.9528, 0.2414 -1.2137 2.9731, 0.2522 -1.2138 2.9528, 0.3592 -1.1842 2.9731, 0.36 -1.1868 2.9528, 0.4148 -1.1671 2.9528, 0.4736 -1.1433 2.9731, 0.4746 -1.1458 2.9528, 0.5833 -1.0914 2.9731, 0.5703 -1.1005 2.9528, 0.5846 -1.0937 2.9528, 0.8456 -0.9053 2.9528, 0.875 -0.875 2.9731, 0.7867 -0.9587 2.9528, 0.785 -0.9566 2.9731, 0.7145 -1.0122 2.9528, 0.6875 -1.0289 2.9731, 0.689 -1.0312 2.9528, 0.8769 -0.8769 2.9528, 0.9587 -0.7867 2.9528, 0.9566 -0.785 2.9731, 0.9618 -0.7825 2.9528, 1.0289 -0.6875 2.9731, 1.0312 -0.689 2.9528, 1.0584 -0.6436 2.9528, 1.0914 -0.5833 2.9731, 1.0937 -0.5846 2.9528, 1.1433 -0.4736 2.9731, 1.1367 -0.4937 2.9528, 1.1458 -0.4746 2.9528, 1.1868 -0.36 2.9528, 1.1842 -0.3592 2.9731, 1.1932 -0.3343 2.9528, 1.2137 -0.2414 2.9731, 1.2163 -0.2419 2.9528, 1.2315 -0.1213 2.9731, 1.2272 -0.1687 2.9528, 1.2342 -0.1216 2.9528, 1.2402 0.0 2.9528, 1.2375 0.0 2.9731, 1.2342 0.1216 2.9528, 1.2315 0.1213 2.9731, 1.2272 0.1687 2.9528, 1.2137 0.2414 2.9731, 1.2163 0.2419 2.9528, 1.1932 0.3343 2.9528, 0.5796 -1.0844 2.9921, 0.4706 -1.136 2.9921, 0.3569 -1.1767 2.9921, 0.2399 -1.206 2.9921, 0.1205 -1.2237 2.9921, 0.0 -1.2296 2.9921, -0.1205 -1.2237 2.9921, -0.2399 -1.206 2.9921, -0.3569 -1.1767 2.9921, -0.4706 -1.136 2.9921, -0.5796 -1.0844 2.9921, -0.6831 -1.0224 2.9921, -0.7801 -0.9505 2.9921, -0.8695 -0.8695 2.9921, -0.9505 -0.7801 2.9921, -1.0224 -0.6831 2.9921, -1.0844 -0.5796 2.9921, -1.136 -0.4706 2.9921, -1.1767 -0.3569 2.9921, -1.206 -0.2399 2.9921, -1.2237 -0.1205 2.9921, -1.2296 -0.0 2.9921, -1.2237 0.1205 2.9921, -1.206 0.2399 2.9921, -1.1767 0.3569 2.9921, -1.136 0.4706 2.9921, -1.0844 0.5796 2.9921, -1.0224 0.6831 2.9921, -0.9505 0.7801 2.9921, -0.8695 0.8695 2.9921, -0.7801 0.9505 2.9921, -0.6831 1.0224 2.9921, -0.5796 1.0844 2.9921, -0.4706 1.136 2.9921, -0.3569 1.1767 2.9921, -0.2399 1.206 2.9921, -0.1205 1.2237 2.9921, 0.0 1.2296 2.9921, 0.1205 1.2237 2.9921, 0.2399 1.206 2.9921, 0.3569 1.1767 2.9921, 0.4706 1.136 2.9921, 0.5796 1.0844 2.9921, 0.6831 1.0224 2.9921, 0.7801 0.9505 2.9921, 0.8695 0.8695 2.9921, 0.9505 0.7801 2.9921, 1.0224 0.6831 2.9921, 1.0844 0.5796 2.9921, 1.136 0.4706 2.9921, 1.1767 0.3569 2.9921, 1.206 0.2399 2.9921, 1.2237 0.1205 2.9921, 1.2296 0.0 2.9921, 1.2237 -0.1205 2.9921, 1.206 -0.2399 2.9921, 1.1767 -0.3569 2.9921, 1.136 -0.4706 2.9921, 1.0844 -0.5796 2.9921, 1.0224 -0.6831 2.9921, 0.9505 -0.7801 2.9921, 0.8695 -0.8695 2.9921, 0.7801 -0.9505 2.9921, 0.6831 -1.0224 2.9921, 0.5737 -1.0734 3.0084, 0.4658 -1.1244 3.0084, 0.3533 -1.1647 3.0084, 0.2374 -1.1937 3.0084, 0.1193 -1.2112 3.0084, 0.0 -1.2171 3.0084, -0.1193 -1.2112 3.0084, -0.2374 -1.1937 3.0084, -0.3533 -1.1647 3.0084, -0.4658 -1.1244 3.0084, -0.5737 -1.0734 3.0084, -0.6762 -1.012 3.0084, -0.7721 -0.9408 3.0084, -0.8606 -0.8606 3.0084, -0.9408 -0.7721 3.0084, -1.012 -0.6762 3.0084, -1.0734 -0.5737 3.0084, -1.1244 -0.4658 3.0084, -1.1647 -0.3533 3.0084, -1.1937 -0.2374 3.0084, -1.2112 -0.1193 3.0084, -1.2171 -0.0 3.0084, -1.2112 0.1193 3.0084, -1.1937 0.2374 3.0084, -1.1647 0.3533 3.0084, -1.1244 0.4658 3.0084, -1.0734 0.5737 3.0084, -1.012 0.6762 3.0084, -0.9408 0.7721 3.0084, -0.8606 0.8606 3.0084, -0.7721 0.9408 3.0084, -0.6762 1.012 3.0084, -0.5737 1.0734 3.0084, -0.4658 1.1244 3.0084, -0.3533 1.1647 3.0084, -0.2374 1.1937 3.0084, -0.1193 1.2112 3.0084, 0.0 1.2171 3.0084, 0.1193 1.2112 3.0084, 0.2374 1.1937 3.0084, 0.3533 1.1647 3.0084, 0.4658 1.1244 3.0084, 0.5737 1.0734 3.0084, 0.6762 1.012 3.0084, 0.7721 0.9408 3.0084, 0.8606 0.8606 3.0084, 0.9408 0.7721 3.0084, 1.012 0.6762 3.0084, 1.0734 0.5737 3.0084, 1.1244 0.4658 3.0084, 1.1647 0.3533 3.0084, 1.1937 0.2374 3.0084, 1.2112 0.1193 3.0084, 1.2171 0.0 3.0084, 1.2112 -0.1193 3.0084, 1.1937 -0.2374 3.0084, 1.1647 -0.3533 3.0084, 1.1244 -0.4658 3.0084, 1.0734 -0.5737 3.0084, 1.012 -0.6762 3.0084, 0.9408 -0.7721 3.0084, 0.8606 -0.8606 3.0084, 0.7721 -0.9408 3.0084, 0.6762 -1.012 3.0084, 0.566 -1.059 3.0209, 0.4595 -1.1094 3.0209, 0.3486 -1.1491 3.0209, 0.2343 -1.1777 3.0209, 0.1177 -1.195 3.0209, 0.0 -1.2008 3.0209, -0.1177 -1.195 3.0209, -0.2343 -1.1777 3.0209, -0.3486 -1.1491 3.0209, -0.4595 -1.1094 3.0209, -0.566 -1.059 3.0209, -0.6671 -0.9984 3.0209, -0.7618 -0.9282 3.0209, -0.8491 -0.8491 3.0209, -0.9282 -0.7618 3.0209, -0.9984 -0.6671 3.0209, -1.059 -0.566 3.0209, -1.1094 -0.4595 3.0209, -1.1491 -0.3486 3.0209, -1.1777 -0.2343 3.0209, -1.195 -0.1177 3.0209, -1.2008 -0.0 3.0209, -1.195 0.1177 3.0209, -1.1777 0.2343 3.0209, -1.1491 0.3486 3.0209, -1.1094 0.4595 3.0209, -1.059 0.566 3.0209, -0.9984 0.6671 3.0209, -0.9282 0.7618 3.0209, -0.8491 0.8491 3.0209, -0.7618 0.9282 3.0209, -0.6671 0.9984 3.0209, -0.566 1.059 3.0209, -0.4595 1.1094 3.0209, -0.3486 1.1491 3.0209, -0.2343 1.1777 3.0209, -0.1177 1.195 3.0209, 0.0 1.2008 3.0209, 0.1177 1.195 3.0209, 0.2343 1.1777 3.0209, 0.3486 1.1491 3.0209, 0.4595 1.1094 3.0209, 0.566 1.059 3.0209, 0.6671 0.9984 3.0209, 0.7618 0.9282 3.0209, 0.8491 0.8491 3.0209, 0.9282 0.7618 3.0209, 0.9984 0.6671 3.0209, 1.059 0.566 3.0209, 1.1094 0.4595 3.0209, 1.1491 0.3486 3.0209, 1.1777 0.2343 3.0209, 1.195 0.1177 3.0209, 1.2008 0.0 3.0209, 1.195 -0.1177 3.0209, 1.1777 -0.2343 3.0209, 1.1491 -0.3486 3.0209, 1.1094 -0.4595 3.0209, 1.059 -0.566 3.0209, 0.9984 -0.6671 3.0209, 0.9282 -0.7618 3.0209, 0.8491 -0.8491 3.0209, 0.7618 -0.9282 3.0209, 0.6671 -0.9984 3.0209, 0.5571 -1.0423 3.0288, 0.4523 -1.0918 3.0288, 0.3431 -1.1309 3.0288, 0.2306 -1.1591 3.0288, 0.1158 -1.1761 3.0288, 0.0 -1.1818 3.0288, -0.1158 -1.1761 3.0288, -0.2306 -1.1591 3.0288, -0.3431 -1.1309 3.0288, -0.4523 -1.0918 3.0288, -0.5571 -1.0423 3.0288, -0.6566 -0.9826 3.0288, -0.7497 -0.9135 3.0288, -0.8357 -0.8357 3.0288, -0.9135 -0.7497 3.0288, -0.9826 -0.6566 3.0288, -1.0423 -0.5571 3.0288, -1.0918 -0.4523 3.0288, -1.1309 -0.3431 3.0288, -1.1591 -0.2306 3.0288, -1.1761 -0.1158 3.0288, -1.1818 -0.0 3.0288, -1.1761 0.1158 3.0288, -1.1591 0.2306 3.0288, -1.1309 0.3431 3.0288, -1.0918 0.4523 3.0288, -1.0423 0.5571 3.0288, -0.9826 0.6566 3.0288, -0.9135 0.7497 3.0288, -0.8357 0.8357 3.0288, -0.7497 0.9135 3.0288, -0.6566 0.9826 3.0288, -0.5571 1.0423 3.0288, -0.4523 1.0918 3.0288, -0.3431 1.1309 3.0288, -0.2306 1.1591 3.0288, -0.1158 1.1761 3.0288, 0.0 1.1818 3.0288, 0.1158 1.1761 3.0288, 0.2306 1.1591 3.0288, 0.3431 1.1309 3.0288, 0.4523 1.0918 3.0288, 0.5571 1.0423 3.0288, 0.6566 0.9826 3.0288, 0.7497 0.9135 3.0288, 0.8357 0.8357 3.0288, 0.9135 0.7497 3.0288, 0.9826 0.6566 3.0288, 1.0423 0.5571 3.0288, 1.0918 0.4523 3.0288, 1.1309 0.3431 3.0288, 1.1591 0.2306 3.0288, 1.1761 0.1158 3.0288, 1.1818 0.0 3.0288, 1.1761 -0.1158 3.0288, 1.1591 -0.2306 3.0288, 1.1309 -0.3431 3.0288, 1.0918 -0.4523 3.0288, 1.0423 -0.5571 3.0288, 0.9826 -0.6566 3.0288, 0.9135 -0.7497 3.0288, 0.8357 -0.8357 3.0288, 0.7497 -0.9135 3.0288, 0.6566 -0.9826 3.0288, 0.6452 -0.9657 3.0315, 0.6452 0.9657 3.0315, 0.7368 0.8978 3.0315, 0.8212 0.8212 3.0315, 0.8978 0.7368 3.0315, 0.9657 0.6452 3.0315, 1.0243 0.5475 3.0315, 1.073 0.4445 3.0315, 1.1114 0.3371 3.0315, 1.1391 0.2266 3.0315, 1.1558 0.1138 3.0315, 1.1614 0.0 3.0315, 1.1558 -0.1138 3.0315, 1.1391 -0.2266 3.0315, 1.1114 -0.3371 3.0315, 1.073 -0.4445 3.0315, 1.0243 -0.5475 3.0315, 0.9657 -0.6452 3.0315, 0.8978 -0.7368 3.0315, 0.8212 -0.8212 3.0315, 0.7368 -0.8978 3.0315, 1.2342 -0.1216 1.227, 1.2402 0.0 1.227, 1.2342 0.1216 1.227, 1.2272 0.1687 1.227, 1.2163 0.2419 1.227, 1.1932 0.3343 1.227, 1.1868 0.36 1.227, 1.1458 0.4746 1.227, 1.1367 0.4937 1.227, 1.0937 0.5846 1.227, 1.0584 0.6436 1.227, 1.0312 0.689 1.227, 0.9618 0.7825 1.227, 0.9587 0.7867 1.227, 0.8769 0.8769 1.227, 0.8456 0.9053 1.227, 0.7867 0.9587 1.227, 0.7145 1.0122 1.227, 0.689 1.0312 1.227, 0.5846 1.0937 1.227, 0.5703 1.1005 1.227, 0.4746 1.1458 1.227, 0.4148 1.1671 1.227, 0.36 1.1868 1.227, 0.2522 1.2138 1.227, 0.2419 1.2163 1.227, 0.1216 1.2342 1.227, 0.0846 1.236 1.227, 0.0 1.2402 1.227, -0.0846 1.236 1.227, -0.1216 1.2342 1.227, -0.2419 1.2163 1.227, -0.2522 1.2138 1.227, -0.36 1.1868 1.227, -0.4148 1.1671 1.227, -0.4746 1.1458 1.227, -0.5703 1.1005 1.227, -0.5846 1.0937 1.227, -0.689 1.0312 1.227, -0.7145 1.0122 1.227, -0.7867 0.9587 1.227, -0.8456 0.9053 1.227, -0.8769 0.8769 1.227, -0.9587 0.7867 1.227, -0.9618 0.7825 1.227, -1.0312 0.689 1.227, -1.0584 0.6436 1.227, -1.0937 0.5846 1.227, -1.1367 0.4937 1.227, -1.1458 0.4746 1.227, -1.1868 0.36 1.227, -1.1932 0.3343 1.227, -1.2163 0.2419 1.227, -1.2272 0.1687 1.227, -1.2342 0.1216 1.227, -1.2402 -0.0 1.227, -1.2342 -0.1216 1.227, -1.2272 -0.1687 1.227, -1.2163 -0.2419 1.227, -1.1932 -0.3343 1.227, -1.1868 -0.36 1.227, -1.1458 -0.4746 1.227, -1.1367 -0.4937 1.227, -1.0937 -0.5846 1.227, -1.0584 -0.6436 1.227, -1.0312 -0.689 1.227, -0.9618 -0.7825 1.227, -0.9587 -0.7867 1.227, -0.8769 -0.8769 1.227, -0.8456 -0.9053 1.227, -0.7867 -0.9587 1.227, -0.7145 -1.0122 1.227, -0.689 -1.0312 1.227, -0.5846 -1.0937 1.227, -0.5703 -1.1005 1.227, -0.4746 -1.1458 1.227, -0.4148 -1.1671 1.227, -0.36 -1.1868 1.227, -0.2522 -1.2138 1.227, -0.2419 -1.2163 1.227, -0.1216 -1.2342 1.227, -0.0846 -1.236 1.227, 0.0 -1.2402 1.227, 0.0846 -1.236 1.227, 0.1216 -1.2342 1.227, 0.2419 -1.2163 1.227, 0.2522 -1.2138 1.227, 0.36 -1.1868 1.227, 0.4148 -1.1671 1.227, 0.4746 -1.1458 1.227, 0.5703 -1.1005 1.227, 0.5846 -1.0937 1.227, 0.689 -1.0312 1.227, 0.7145 -1.0122 1.227, 0.7867 -0.9587 1.227, 0.8456 -0.9053 1.227, 0.8769 -0.8769 1.227, 0.9587 -0.7867 1.227, 0.9618 -0.7825 1.227, 1.0312 -0.689 1.227, 1.0584 -0.6436 1.227, 1.0937 -0.5846 1.227, 1.1367 -0.4937 1.227, 1.1458 -0.4746 1.227, 1.1868 -0.36 1.227, 1.1932 -0.3343 1.227, 1.2163 -0.2419 1.227, 1.2272 -0.1687 1.227, 1.0919 -0.5836 1.2089, 0.957 -0.7854 1.2089, 0.7854 -0.957 1.2089, 0.4738 -1.1438 1.2089, 0.3594 -1.1847 1.2089, 0.2415 -1.2143 1.2089, 0.0 -1.2381 1.2089, -0.3594 -1.1847 1.2089, -0.4738 -1.1438 1.2089, -0.7854 -0.957 1.2089, -1.0294 -0.6878 1.2089, -1.0919 -0.5836 1.2089, -1.2143 -0.2415 1.2089, -1.2143 0.2415 1.2089, -1.0919 0.5836 1.2089, -0.957 0.7854 1.2089, -0.7854 0.957 1.2089, -0.4738 1.1438 1.2089, -0.3594 1.1847 1.2089, -0.2415 1.2143 1.2089, 0.0 1.2381 1.2089, 0.3594 1.1847 1.2089, 0.4738 1.1438 1.2089, 0.7854 0.957 1.2089, 1.0294 0.6878 1.2089, 1.0919 0.5836 1.2089, 1.0989 -0.4632 1.1548, 1.1021 -0.4565 1.1548, 1.1166 -0.4625 1.164, 1.0473 -0.5703 1.1548, 1.0521 -0.5623 1.1548, 1.0659 -0.5698 1.164, 0.9852 -0.6717 1.1548, 0.9919 -0.6627 1.1548, 1.005 -0.6715 1.164, -1.19 -0.0594 1.1548, -1.1872 -0.1169 1.1548, -1.2028 -0.1185 1.164, -1.19 0.0594 1.1548, -1.1929 -0.0 1.1548, -1.2087 -0.0 1.164, -1.1782 0.1776 1.1548, -1.1872 0.1169 1.1548, -1.2028 0.1185 1.164, -1.1546 0.294 1.1548, -1.17 0.2327 1.1548, -1.1854 0.2358 1.164, -1.1196 0.4075 1.1548, -1.1415 0.3463 1.1548, -1.1566 0.3509 1.164, -1.0735 0.517 1.1548, -1.1021 0.4565 1.1548, -1.1166 0.4625 1.164, -1.0167 0.6213 1.1548, -1.0521 0.5623 1.1548, -1.0659 0.5698 1.164, -0.9498 0.7195 1.1548, -0.9919 0.6627 1.1548, -1.005 0.6715 1.164, -0.8735 0.8105 1.1548, -0.9221 0.7568 1.1548, -0.9343 0.7668 1.164, -0.7884 0.8934 1.1548, -0.8435 0.8435 1.1548, -0.8546 0.8546 1.164, -0.6956 0.9675 1.1548, -0.7568 0.9221 1.1548, -0.7668 0.9343 1.164, -0.5958 1.032 1.1548, -0.6627 0.9919 1.1548, -0.6715 1.005 1.164, -0.4901 1.0862 1.1548, -0.5623 1.0521 1.1548, -0.5698 1.0659 1.164, -0.3795 1.1297 1.1548, -0.4565 1.1021 1.1548, -0.4625 1.1166 1.164, -0.2652 1.1619 1.1548, -0.3463 1.1415 1.1548, -0.3509 1.1566 1.164, -0.1482 1.1825 1.1548, -0.2327 1.17 1.1548, -0.2358 1.1854 1.164, -0.0297 1.1915 1.1548, -0.1169 1.1872 1.1548, -0.1185 1.2028 1.164, 0.0891 1.1885 1.1548, 0.0 1.1929 1.1548, 0.0 1.2087 1.164, 0.207 1.1738 1.1548, 0.1169 1.1872 1.1548, 0.1185 1.2028 1.164, 0.3229 1.1474 1.1548, 0.2327 1.17 1.1548, 0.2358 1.1854 1.164, 0.4355 1.1096 1.1548, 0.3463 1.1415 1.1548, 0.3509 1.1566 1.164, 0.5439 1.0608 1.1548, 0.4565 1.1021 1.1548, 0.4625 1.1166 1.164, 0.6468 1.0014 1.1548, 0.5623 1.0521 1.1548, 0.5698 1.0659 1.164, 0.7433 0.9321 1.1548, 0.6627 0.9919 1.1548, 0.6715 1.005 1.164, 0.8325 0.8535 1.1548, 0.7568 0.9221 1.1548, 0.7668 0.9343 1.164, 0.9134 0.7664 1.1548, 0.8435 0.8435 1.1548, 0.8546 0.8546 1.164, 0.9852 0.6717 1.1548, 0.9221 0.7568 1.1548, 0.9343 0.7668 1.164, 1.0473 0.5703 1.1548, 0.9919 0.6627 1.1548, 1.005 0.6715 1.164, 1.0989 0.4632 1.1548, 1.0521 0.5623 1.1548, 1.0659 0.5698 1.164, 1.1397 0.3515 1.1548, 1.1021 0.4565 1.1548, 1.1166 0.4625 1.164, 1.1691 0.2363 1.1548, 1.1415 0.3463 1.1548, 1.1566 0.3509 1.164, -1.17 -0.2327 1.1548, -1.1546 -0.294 1.1548, -1.1566 -0.3509 1.164, -1.1415 -0.3463 1.1548, -1.1196 -0.4075 1.1548, -1.1166 -0.4625 1.164, -1.1021 -0.4565 1.1548, -1.0735 -0.517 1.1548, -1.0659 -0.5698 1.164, -1.0521 -0.5623 1.1548, -1.0167 -0.6213 1.1548, -1.005 -0.6715 1.164, -0.9919 -0.6627 1.1548, -0.9498 -0.7195 1.1548, -0.9343 -0.7668 1.164, -0.9221 -0.7568 1.1548, -0.8735 -0.8105 1.1548, -0.8546 -0.8546 1.164, -0.8435 -0.8435 1.1548, -0.7884 -0.8934 1.1548, -0.7668 -0.9343 1.164, -0.7568 -0.9221 1.1548, -0.6956 -0.9675 1.1548, -0.6715 -1.005 1.164, -0.6627 -0.9919 1.1548, -0.5958 -1.032 1.1548, -0.5698 -1.0659 1.164, -0.5623 -1.0521 1.1548, -0.4901 -1.0862 1.1548, -0.4625 -1.1166 1.164, -0.4565 -1.1021 1.1548, -0.3795 -1.1297 1.1548, -0.3509 -1.1566 1.164, -0.3463 -1.1415 1.1548, -0.2652 -1.1619 1.1548, -0.2358 -1.1854 1.164, -0.2327 -1.17 1.1548, -0.1482 -1.1825 1.1548, -0.1185 -1.2028 1.164, -0.1169 -1.1872 1.1548, -0.0297 -1.1915 1.1548, 0.0 -1.2087 1.164, 0.0 -1.1929 1.1548, 0.0891 -1.1885 1.1548, 0.1185 -1.2028 1.164, 0.1169 -1.1872 1.1548, 0.207 -1.1738 1.1548, 0.2358 -1.1854 1.164, 0.2327 -1.17 1.1548, 0.3229 -1.1474 1.1548, 0.3509 -1.1566 1.164, 0.3463 -1.1415 1.1548, 0.4355 -1.1096 1.1548, 0.4625 -1.1166 1.164, 0.4565 -1.1021 1.1548, 0.5439 -1.0608 1.1548, 0.5698 -1.0659 1.164, 0.5623 -1.0521 1.1548, 0.6468 -1.0014 1.1548, 0.6715 -1.005 1.164, 0.6627 -0.9919 1.1548, 0.7433 -0.9321 1.1548, 0.7668 -0.9343 1.164, 0.7568 -0.9221 1.1548, 0.8325 -0.8535 1.1548, 0.8546 -0.8546 1.164, 0.8435 -0.8435 1.1548, 0.9134 -0.7664 1.1548, 0.9343 -0.7668 1.164, 0.9221 -0.7568 1.1548, 1.1397 -0.3515 1.1548, 1.1415 -0.3463 1.1548, 1.1566 -0.3509 1.164, 1.1691 -0.2363 1.1548, 1.1854 -0.2358 1.164, 1.17 -0.2327 1.1548, 1.1869 -0.1188 1.1548, 1.2028 -0.1185 1.164, 1.17 0.2327 1.1548, 1.1854 0.2358 1.164, 1.1869 0.1188 1.1548, 1.2028 0.1185 1.164, 1.1872 0.1169 1.1548, 1.2087 0.0 1.164, 1.1929 0.0 1.1548, 1.1872 -0.1169 1.1548, 1.1984 0.2384 1.1765, 1.216 0.1198 1.1765, 1.2219 0.0 1.1765, 1.216 -0.1198 1.1765, 1.1984 -0.2384 1.1765, 1.1693 -0.3547 1.1765, 1.2082 0.2403 1.1918, 1.2259 0.1207 1.1918, 1.2318 0.0 1.1918, 1.2259 -0.1207 1.1918, 1.2082 -0.2403 1.1918, 1.1788 -0.3576 1.1918, 1.2143 0.2415 1.2089, 1.2321 0.1213 1.2089, 1.1289 0.4676 1.1765, 1.0776 0.576 1.1765, 1.1381 0.4714 1.1918, 1.0864 0.5807 1.1918, 1.1438 0.4738 1.2089, 0.864 0.864 1.1765, 0.7751 0.9445 1.1765, 0.871 0.871 1.1918, 0.7815 0.9522 1.1918, 0.8754 0.8754 1.2089, 0.576 1.0776 1.1765, 0.4676 1.1289 1.1765, 0.5807 1.0864 1.1918, 0.4714 1.1381 1.1918, 0.5836 1.0919 1.2089, 0.1198 1.216 1.1765, 0.0 1.2219 1.1765, 0.1207 1.2259 1.1918, 0.0 1.2318 1.1918, 0.1213 1.2321 1.2089, -0.6788 1.0159 1.1765, -0.7751 0.9445 1.1765, -0.6844 1.0242 1.1918, -0.7815 0.9522 1.1918, -0.6878 1.0294 1.2089, -1.0159 0.6788 1.1765, -1.0776 0.576 1.1765, -1.0242 0.6844 1.1918, -1.0864 0.5807 1.1918, -1.0294 0.6878 1.2089, -1.1693 0.3547 1.1765, -1.1984 0.2384 1.1765, -1.1788 0.3576 1.1918, -1.2082 0.2403 1.1918, -1.1847 0.3594 1.2089, -1.1782 -0.1776 1.1548, -1.1854 -0.2358 1.164, -1.216 -0.1198 1.1765, -1.1984 -0.2384 1.1765, -1.2259 -0.1207 1.1918, -1.2082 -0.2403 1.1918, -1.2321 -0.1213 1.2089, -1.1289 -0.4676 1.1765, -1.0776 -0.576 1.1765, -1.1381 -0.4714 1.1918, -1.0864 -0.5807 1.1918, -1.1438 -0.4738 1.2089, -0.864 -0.864 1.1765, -0.7751 -0.9445 1.1765, -0.871 -0.871 1.1918, -0.7815 -0.9522 1.1918, -0.8754 -0.8754 1.2089, -0.576 -1.0776 1.1765, -0.4676 -1.1289 1.1765, -0.5807 -1.0864 1.1918, -0.4714 -1.1381 1.1918, -0.5836 -1.0919 1.2089, -0.1198 -1.216 1.1765, 0.0 -1.2219 1.1765, -0.1207 -1.2259 1.1918, 0.0 -1.2318 1.1918, -0.1213 -1.2321 1.2089, 0.6788 -1.0159 1.1765, 0.7751 -0.9445 1.1765, 0.6844 -1.0242 1.1918, 0.7815 -0.9522 1.1918, 0.6878 -1.0294 1.2089, 1.0159 -0.6788 1.1765, 1.0776 -0.576 1.1765, 1.0242 -0.6844 1.1918, 1.0864 -0.5807 1.1918, 1.0294 -0.6878 1.2089, 1.2381 0.0 1.2089, 1.2321 -0.1213 1.2089, 1.2143 -0.2415 1.2089, 1.1847 -0.3594 1.2089, 1.1847 0.3594 1.2089, 1.1788 0.3576 1.1918, 1.1693 0.3547 1.1765, 1.0242 0.6844 1.1918, 1.0159 0.6788 1.1765, 0.957 0.7854 1.2089, 0.9522 0.7815 1.1918, 0.9445 0.7751 1.1765, 0.6878 1.0294 1.2089, 0.6844 1.0242 1.1918, 0.6788 1.0159 1.1765, 0.3576 1.1788 1.1918, 0.3547 1.1693 1.1765, 0.2415 1.2143 1.2089, 0.2403 1.2082 1.1918, 0.2384 1.1984 1.1765, -0.1213 1.2321 1.2089, -0.1207 1.2259 1.1918, -0.1198 1.216 1.1765, -0.2384 1.1984 1.1765, -0.2403 1.2082 1.1918, -0.3576 1.1788 1.1918, -0.3547 1.1693 1.1765, -0.4676 1.1289 1.1765, -0.4714 1.1381 1.1918, -0.5836 1.0919 1.2089, -0.5807 1.0864 1.1918, -0.576 1.0776 1.1765, -0.8754 0.8754 1.2089, -0.871 0.871 1.1918, -0.864 0.864 1.1765, -0.9445 0.7751 1.1765, -0.9522 0.7815 1.1918, -1.1438 0.4738 1.2089, -1.1381 0.4714 1.1918, -1.1289 0.4676 1.1765, -1.2321 0.1213 1.2089, -1.2259 0.1207 1.1918, -1.216 0.1198 1.1765, -1.2219 -0.0 1.1765, -1.2318 -0.0 1.1918, -1.2381 -0.0 1.2089, -1.1847 -0.3594 1.2089, -1.1788 -0.3576 1.1918, -1.1693 -0.3547 1.1765, -1.0242 -0.6844 1.1918, -1.0159 -0.6788 1.1765, -0.957 -0.7854 1.2089, -0.9522 -0.7815 1.1918, -0.9445 -0.7751 1.1765, -0.6878 -1.0294 1.2089, -0.6844 -1.0242 1.1918, -0.6788 -1.0159 1.1765, -0.3576 -1.1788 1.1918, -0.3547 -1.1693 1.1765, -0.2415 -1.2143 1.2089, -0.2403 -1.2082 1.1918, -0.2384 -1.1984 1.1765, 0.1213 -1.2321 1.2089, 0.1207 -1.2259 1.1918, 0.1198 -1.216 1.1765, 0.2384 -1.1984 1.1765, 0.2403 -1.2082 1.1918, 0.3576 -1.1788 1.1918, 0.3547 -1.1693 1.1765, 0.4676 -1.1289 1.1765, 0.4714 -1.1381 1.1918, 0.5836 -1.0919 1.2089, 0.5807 -1.0864 1.1918, 0.576 -1.0776 1.1765, 0.8754 -0.8754 1.2089, 0.871 -0.871 1.1918, 0.864 -0.864 1.1765, 0.9445 -0.7751 1.1765, 0.9522 -0.7815 1.1918, 1.1438 -0.4738 1.2089, 1.1381 -0.4714 1.1918, 1.1289 -0.4676 1.1765, 1.1611 -0.1162 1.1392, 1.1438 -0.2312 1.1392, 1.1151 -0.3439 1.1392, 1.0753 -0.4533 1.1392, 1.0248 -0.5581 1.1392, 0.9641 -0.6573 1.1392, 0.8939 -0.7501 1.1392, 0.8148 -0.8353 1.1392, 0.7275 -0.9123 1.1392, 0.316 -1.1233 1.1392, 0.2026 -1.1492 1.1392, 0.0872 -1.1636 1.1392, -0.0291 -1.1665 1.1392, -0.1451 -1.1578 1.1392, -0.2597 -1.1376 1.1392, -0.3716 -1.1061 1.1392, -0.4799 -1.0636 1.1392, -0.5834 -1.0106 1.1392, -0.6812 -0.9474 1.1392, -0.7721 -0.8749 1.1392, -0.8554 -0.7937 1.1392, -0.9302 -0.7046 1.1392, -0.9957 -0.6085 1.1392, -1.0513 -0.5063 1.1392, -1.0965 -0.3991 1.1392, -1.1308 -0.2879 1.1392, -1.1539 -0.1739 1.1392, -1.1654 -0.0582 1.1392, 0.8939 -0.7501 0.9539, 0.9641 -0.6573 0.9539, 0.9466 -0.6454 0.9756, 0.7563 -0.9216 0.9383, 0.8329 -0.854 0.9383, 0.8148 -0.8353 0.9539, 0.6623 -0.9912 0.9383, 0.7438 -0.9327 0.9383, 0.7275 -0.9123 0.9539, 0.5619 -1.0513 0.9383, 0.6472 -1.0021 0.9383, 0.6331 -0.9802 0.9539, 0.4561 -1.1013 0.9383, 0.5442 -1.0615 0.9383, 0.5323 -1.0384 0.9539, 0.346 -1.1406 0.9383, 0.4358 -1.1105 0.9383, 0.4263 -1.0862 0.9539, 0.2325 -1.169 0.9383, 0.3231 -1.1483 0.9383, 0.316 -1.1233 0.9539, 0.1168 -1.1861 0.9383, 0.2071 -1.1748 0.9383, 0.2026 -1.1492 0.9539, -0.0 -1.1918 0.9383, 0.0891 -1.1896 0.9383, 0.0872 -1.1636 0.9539, -0.1168 -1.186 0.9383, -0.0297 -1.1925 0.9383, -0.0291 -1.1665 0.9539, -0.2325 -1.1688 0.9383, -0.1483 -1.1837 0.9383, -0.1451 -1.1578 0.9539, -0.3459 -1.1404 0.9383, -0.2654 -1.163 0.9383, -0.2597 -1.1376 0.9539, -1.1857 0.1168 0.9383, -1.1914 0.0595 0.9383, -1.1654 0.0582 0.9539, -1.1685 0.2324 0.9383, -1.1796 0.1778 0.9383, -1.1539 0.1739 0.9539, -1.1401 0.3459 0.9383, -1.156 0.2944 0.9383, -1.1308 0.2879 0.9539, -1.1008 0.4559 0.9383, -1.121 0.408 0.9383, -1.0965 0.3991 0.9539, -1.0508 0.5616 0.9383, -1.0748 0.5176 0.9383, -1.0513 0.5063 0.9539, -0.9907 0.6619 0.9383, -1.0179 0.622 0.9383, -0.9957 0.6085 0.9539, -0.9211 0.7559 0.9383, -0.9509 0.7203 0.9383, -0.9302 0.7046 0.9539, -0.8425 0.8425 0.9383, -0.8745 0.8114 0.9383, -0.8554 0.7937 0.9539, -0.7559 0.9211 0.9383, -0.7893 0.8944 0.9383, -0.7721 0.8749 0.9539, -0.662 0.9907 0.9383, -0.6964 0.9686 0.9383, -0.6812 0.9474 0.9539, -0.5617 1.0509 0.9383, -0.5965 1.0331 0.9383, -0.5834 1.0106 0.9539, -0.456 1.1009 0.9383, -0.4906 1.0873 0.9383, -0.4799 1.0636 0.9539, -0.3459 1.1404 0.9383, -0.3799 1.1308 0.9383, -0.3716 1.1061 0.9539, -0.2325 1.1688 0.9383, -0.2654 1.163 0.9383, -0.2597 1.1376 0.9539, -0.1168 1.186 0.9383, -0.1483 1.1837 0.9383, -0.1451 1.1578 0.9539, -0.0 1.1918 0.9383, -0.0297 1.1925 0.9383, -0.0291 1.1665 0.9539, 0.1168 1.1861 0.9383, 0.0891 1.1896 0.9383, 0.0872 1.1636 0.9539, 0.2325 1.169 0.9383, 0.2071 1.1748 0.9383, 0.2026 1.1492 0.9539, 0.346 1.1406 0.9383, 0.3231 1.1483 0.9383, 0.316 1.1233 0.9539, 0.4561 1.1013 0.9383, 0.4358 1.1105 0.9383, 0.4263 1.0862 0.9539, 0.5619 1.0513 0.9383, 0.5442 1.0615 0.9383, 0.5323 1.0384 0.9539, 0.6623 0.9912 0.9383, 0.6472 1.0021 0.9383, 0.6331 0.9802 0.9539, 1.1669 0.0 0.9539, 1.1929 0.0 0.9383, 1.1871 0.1169 0.9383, 1.187 0.1188 0.9383, 1.1611 0.1162 0.9539, 1.1698 0.2327 0.9383, 1.1693 0.2364 0.9383, 1.1438 0.2312 0.9539, 1.1413 0.3462 0.9383, 1.1399 0.3516 0.9383, 1.1151 0.3439 0.9539, 1.1018 0.4564 0.9383, 1.0992 0.4634 0.9383, 1.0753 0.4533 0.9539, 1.0517 0.5622 0.9383, 1.0476 0.5705 0.9383, 1.0248 0.5581 0.9539, 0.9914 0.6625 0.9383, 0.9856 0.672 0.9383, 0.9641 0.6573 0.9539, 0.9217 0.7564 0.9383, 0.9138 0.7668 0.9383, 0.8939 0.7501 0.9539, 0.843 0.8431 0.9383, 0.8329 0.854 0.9383, 0.8148 0.8353 0.9539, 0.7563 0.9216 0.9383, 0.7438 0.9327 0.9383, 0.7275 0.9123 0.9539, -1.1914 -0.0 0.9383, -1.1654 -0.0582 0.9539, -1.1914 -0.0595 0.9383, -1.1857 -0.1168 0.9383, -1.1796 -0.1778 0.9383, -1.1539 -0.1739 0.9539, -1.1685 -0.2324 0.9383, -1.156 -0.2944 0.9383, -1.1308 -0.2879 0.9539, -1.1401 -0.3459 0.9383, -1.121 -0.408 0.9383, -1.0965 -0.3991 0.9539, -1.1008 -0.4559 0.9383, -1.0748 -0.5176 0.9383, -1.0513 -0.5063 0.9539, -1.0508 -0.5616 0.9383, -1.0179 -0.622 0.9383, -0.9957 -0.6085 0.9539, -0.9907 -0.6619 0.9383, -0.9509 -0.7203 0.9383, -0.9302 -0.7046 0.9539, -0.9211 -0.7559 0.9383, -0.8745 -0.8114 0.9383, -0.8554 -0.7937 0.9539, -0.8425 -0.8425 0.9383, -0.7893 -0.8944 0.9383, -0.7721 -0.8749 0.9539, -0.7559 -0.9211 0.9383, -0.6964 -0.9686 0.9383, -0.6812 -0.9474 0.9539, -0.662 -0.9907 0.9383, -0.5965 -1.0331 0.9383, -0.5834 -1.0106 0.9539, -0.5617 -1.0509 0.9383, -0.4906 -1.0873 0.9383, -0.4799 -1.0636 0.9539, -0.456 -1.1009 0.9383, -0.3799 -1.1308 0.9383, -0.3716 -1.1061 0.9539, 0.843 -0.8431 0.9383, 0.9138 -0.7668 0.9383, 0.9217 -0.7564 0.9383, 0.9856 -0.672 0.9383, 0.9914 -0.6625 0.9383, 1.0248 -0.5581 0.9539, 1.0476 -0.5705 0.9383, 1.0517 -0.5622 0.9383, 1.0753 -0.4533 0.9539, 1.0992 -0.4634 0.9383, 1.1018 -0.4564 0.9383, 1.1151 -0.3439 0.9539, 1.1399 -0.3516 0.9383, 1.1413 -0.3462 0.9383, 1.1438 -0.2312 0.9539, 1.1693 -0.2364 0.9383, 1.1698 -0.2327 0.9383, 1.1611 -0.1162 0.9539, 1.187 -0.1188 0.9383, 1.1871 -0.1169 0.9383, 0.9931 -0.5408 1.002, 1.0062 -0.5479 0.9756, 1.0348 -0.4362 1.0314, 1.042 -0.4392 1.002, 1.0557 -0.445 0.9756, 1.0731 -0.331 1.0617, 1.0731 -0.331 1.0314, 1.0805 -0.3333 1.002, 1.0948 -0.3377 0.9756, 1.1083 -0.2241 1.0911, 1.1008 -0.2225 1.0617, 1.1008 -0.2225 1.0314, 1.1083 -0.2241 1.002, 1.123 -0.227 0.9756, 1.14 -0.1141 1.1175, 1.1251 -0.1126 1.0911, 1.1174 -0.1118 1.0617, 1.1174 -0.1118 1.0314, 1.1251 -0.1126 1.002, 1.14 -0.1141 0.9756, 1.1669 0.0 1.1392, 1.1457 0.0 1.1175, 1.1308 0.0 1.0911, 1.123 0.0 1.0617, 1.123 0.0 1.0314, 1.1308 0.0 1.002, 1.1457 0.0 0.9756, 0.5323 -1.0384 1.1392, 0.4263 -1.0862 1.1392, 0.4186 -1.0665 1.1175, 1.1611 0.1162 1.1392, 1.14 0.1141 0.9756, 1.1251 0.1126 1.002, 1.1174 0.1118 1.0314, 1.1174 0.1118 1.0617, 1.1251 0.1126 1.0911, 1.14 0.1141 1.1175, 1.1438 0.2312 1.1392, 1.123 0.227 0.9756, 1.1083 0.2241 1.002, 1.1008 0.2225 1.0314, 1.1008 0.2225 1.0617, 1.1083 0.2241 1.0911, 1.123 0.227 1.1175, 1.1151 0.3439 1.1392, 1.0948 0.3377 0.9756, 1.0805 0.3333 1.002, 1.0731 0.331 1.0314, 1.0731 0.331 1.0617, 1.0805 0.3333 1.0911, 1.0948 0.3377 1.1175, 1.0753 0.4533 1.1392, 1.0557 0.445 0.9756, 1.042 0.4392 1.002, 1.0348 0.4362 1.0314, 1.0348 0.4362 1.0617, 1.042 0.4392 1.0911, 1.0557 0.445 1.1175, 1.0248 0.5581 1.1392, 1.0062 0.5479 0.9756, 0.9931 0.5408 1.002, 0.9863 0.5371 1.0314, 0.9863 0.5371 1.0617, 0.9931 0.5408 1.0911, 1.0062 0.5479 1.1175, 0.9641 0.6573 1.1392, 0.9466 0.6454 0.9756, 0.9343 0.637 1.002, 0.9279 0.6326 1.0314, 0.9279 0.6326 1.0617, 0.9343 0.637 1.0911, 0.9466 0.6454 1.1175, 0.8939 0.7501 1.1392, 0.8777 0.7364 0.9756, 0.8662 0.7268 1.002, 0.8603 0.7219 1.0314, 0.8603 0.7219 1.0617, 0.8662 0.7268 1.0911, 0.8777 0.7364 1.1175, 0.8148 0.8353 1.1392, 0.8 0.8202 0.9756, 0.7895 0.8095 1.002, 0.7841 0.8039 1.0314, 0.7841 0.8039 1.0617, 0.7895 0.8095 1.0911, 0.8 0.8202 1.1175, 0.7275 0.9123 1.1392, 0.7143 0.8958 0.9756, 0.705 0.8841 1.002, 0.7002 0.878 1.0314, 0.7002 0.878 1.0617, 0.705 0.8841 1.0911, 0.7143 0.8958 1.1175, 0.6331 0.9802 1.1392, 0.6216 0.9624 0.9756, 0.6135 0.9499 1.002, 0.6093 0.9434 1.0314, 0.6093 0.9434 1.0617, 0.6135 0.9499 1.0911, 0.6216 0.9624 1.1175, 0.5323 1.0384 1.1392, 0.5227 1.0195 0.9756, 0.5159 1.0062 1.002, 0.5123 0.9993 1.0314, 0.5123 0.9993 1.0617, 0.5159 1.0062 1.0911, 0.5227 1.0195 1.1175, 0.4263 1.0862 1.1392, 0.4186 1.0665 0.9756, 0.4131 1.0526 1.002, 0.4103 1.0454 1.0314, 0.4103 1.0454 1.0617, 0.4131 1.0526 1.0911, 0.4186 1.0665 1.1175, 0.316 1.1233 1.1392, 0.3103 1.1029 0.9756, 0.3063 1.0885 1.002, 0.3042 1.0811 1.0314, 0.3042 1.0811 1.0617, 0.3063 1.0885 1.0911, 0.3103 1.1029 1.1175, 0.2026 1.1492 1.1392, 0.199 1.1283 0.9756, 0.1964 1.1136 1.002, 0.195 1.106 1.0314, 0.195 1.106 1.0617, 0.1964 1.1136 1.0911, 0.199 1.1283 1.1175, 0.0872 1.1636 1.1392, 0.0856 1.1425 0.9756, 0.0845 1.1276 1.002, 0.0839 1.1199 1.0314, 0.0839 1.1199 1.0617, 0.0845 1.1276 1.0911, 0.0856 1.1425 1.1175, -0.0291 1.1665 1.1392, -0.0286 1.1454 0.9756, -0.0282 1.1304 1.002, -0.028 1.1227 1.0314, -0.028 1.1227 1.0617, -0.0282 1.1304 1.0911, -0.0286 1.1454 1.1175, -0.1451 1.1578 1.1392, -0.1425 1.1368 0.9756, -0.1406 1.122 1.002, -0.1396 1.1143 1.0314, -0.1396 1.1143 1.0617, -0.1406 1.122 1.0911, -0.1425 1.1368 1.1175, -0.2597 1.1376 1.1392, -0.2549 1.117 0.9756, -0.2516 1.1024 1.002, -0.2499 1.0949 1.0314, -0.2499 1.0949 1.0617, -0.2516 1.1024 1.0911, -0.2549 1.117 1.1175, -0.3716 1.1061 1.1392, -0.3649 1.086 0.9756, -0.3601 1.0719 1.002, -0.3577 1.0645 1.0314, -0.3577 1.0645 1.0617, -0.3601 1.0719 1.0911, -0.3649 1.086 1.1175, -0.4799 1.0636 1.1392, -0.4712 1.0443 0.9756, -0.4651 1.0307 1.002, -0.4619 1.0236 1.0314, -0.4619 1.0236 1.0617, -0.4651 1.0307 1.0911, -0.4712 1.0443 1.1175, -0.5834 1.0106 1.1392, -0.5729 0.9922 0.9756, -0.5654 0.9793 1.002, -0.5615 0.9726 1.0314, -0.5615 0.9726 1.0617, -0.5654 0.9793 1.0911, -0.5729 0.9922 1.1175, -0.6812 0.9474 1.1392, -0.6688 0.9302 0.9756, -0.6601 0.9181 1.002, -0.6556 0.9118 1.0314, -0.6556 0.9118 1.0617, -0.6601 0.9181 1.0911, -0.6688 0.9302 1.1175, -0.7721 0.8749 1.1392, -0.7581 0.859 0.9756, -0.7482 0.8478 1.002, -0.7431 0.842 1.0314, -0.7431 0.842 1.0617, -0.7482 0.8478 1.0911, -0.7581 0.859 1.1175, -0.8554 0.7937 1.1392, -0.8399 0.7793 0.9756, -0.8289 0.7691 1.002, -0.8232 0.7639 1.0314, -0.8232 0.7639 1.0617, -0.8289 0.7691 1.0911, -0.8399 0.7793 1.1175, -0.9302 0.7046 1.1392, -0.9133 0.6918 0.9756, -0.9014 0.6828 1.002, -0.8952 0.6781 1.0314, -0.8952 0.6781 1.0617, -0.9014 0.6828 1.0911, -0.9133 0.6918 1.1175, -0.9957 0.6085 1.1392, -0.9776 0.5974 0.9756, -0.9649 0.5896 1.002, -0.9583 0.5856 1.0314, -0.9583 0.5856 1.0617, -0.9649 0.5896 1.0911, -0.9776 0.5974 1.1175, -1.0513 0.5063 1.1392, -1.0322 0.4971 0.9756, -1.0188 0.4906 1.002, -1.0118 0.4873 1.0314, -1.0118 0.4873 1.0617, -1.0188 0.4906 1.0911, -1.0322 0.4971 1.1175, -1.0965 0.3991 1.1392, -1.0766 0.3919 0.9756, -1.0626 0.3867 1.002, -1.0553 0.3841 1.0314, -1.0553 0.3841 1.0617, -1.0626 0.3867 1.0911, -1.0766 0.3919 1.1175, -1.1308 0.2879 1.1392, -1.1103 0.2827 0.9756, -1.0958 0.279 1.002, -1.0883 0.2771 1.0314, -1.0883 0.2771 1.0617, -1.0958 0.279 1.0911, -1.1103 0.2827 1.1175, -1.1539 0.1739 1.1392, -1.1329 0.1708 0.9756, -1.1181 0.1685 1.002, -1.1105 0.1674 1.0314, -1.1105 0.1674 1.0617, -1.1181 0.1685 1.0911, -1.1329 0.1708 1.1175, -1.1654 0.0582 1.1392, -1.1443 0.0571 0.9756, -1.1294 0.0564 1.002, -1.1216 0.056 1.0314, -1.1216 0.056 1.0617, -1.1294 0.0564 1.0911, -1.1443 0.0571 1.1175, -1.1443 -0.0571 0.9756, -1.1294 -0.0564 1.002, -1.1216 -0.056 1.0314, -1.1216 -0.056 1.0617, -1.1294 -0.0564 1.0911, -1.1443 -0.0571 1.1175, -1.1329 -0.1708 0.9756, -1.1181 -0.1685 1.002, -1.1105 -0.1674 1.0314, -1.1105 -0.1674 1.0617, -1.1181 -0.1685 1.0911, -1.1329 -0.1708 1.1175, -1.1103 -0.2827 0.9756, -1.0958 -0.279 1.002, -1.0883 -0.2771 1.0314, -1.0883 -0.2771 1.0617, -1.0958 -0.279 1.0911, -1.1103 -0.2827 1.1175, -1.0766 -0.3919 0.9756, -1.0626 -0.3867 1.002, -1.0553 -0.3841 1.0314, -1.0553 -0.3841 1.0617, -1.0626 -0.3867 1.0911, -1.0766 -0.3919 1.1175, -1.0322 -0.4971 0.9756, -1.0188 -0.4906 1.002, -1.0118 -0.4873 1.0314, -1.0118 -0.4873 1.0617, -1.0188 -0.4906 1.0911, -1.0322 -0.4971 1.1175, -0.9776 -0.5974 0.9756, -0.9649 -0.5896 1.002, -0.9583 -0.5856 1.0314, -0.9583 -0.5856 1.0617, -0.9649 -0.5896 1.0911, -0.9776 -0.5974 1.1175, -0.9133 -0.6918 0.9756, -0.9014 -0.6828 1.002, -0.8952 -0.6781 1.0314, -0.8952 -0.6781 1.0617, -0.9014 -0.6828 1.0911, -0.9133 -0.6918 1.1175, -0.8399 -0.7793 0.9756, -0.8289 -0.7691 1.002, -0.8232 -0.7639 1.0314, -0.8232 -0.7639 1.0617, -0.8289 -0.7691 1.0911, -0.8399 -0.7793 1.1175, -0.7581 -0.859 0.9756, -0.7482 -0.8478 1.002, -0.7431 -0.842 1.0314, -0.7431 -0.842 1.0617, -0.7482 -0.8478 1.0911, -0.7581 -0.859 1.1175, -0.6688 -0.9302 0.9756, -0.6601 -0.9181 1.002, -0.6556 -0.9118 1.0314, -0.6556 -0.9118 1.0617, -0.6601 -0.9181 1.0911, -0.6688 -0.9302 1.1175, -0.5729 -0.9922 0.9756, -0.5654 -0.9793 1.002, -0.5615 -0.9726 1.0314, -0.5615 -0.9726 1.0617, -0.5654 -0.9793 1.0911, -0.5729 -0.9922 1.1175, -0.4712 -1.0443 0.9756, -0.4651 -1.0307 1.002, -0.4619 -1.0236 1.0314, -0.4619 -1.0236 1.0617, -0.4651 -1.0307 1.0911, -0.4712 -1.0443 1.1175, -0.3649 -1.086 0.9756, -0.3601 -1.0719 1.002, -0.3577 -1.0645 1.0314, -0.3577 -1.0645 1.0617, -0.3601 -1.0719 1.0911, -0.3649 -1.086 1.1175, -0.2549 -1.117 0.9756, -0.2516 -1.1024 1.002, -0.2499 -1.0949 1.0314, -0.2499 -1.0949 1.0617, -0.2516 -1.1024 1.0911, -0.2549 -1.117 1.1175, -0.1425 -1.1368 0.9756, -0.1406 -1.122 1.002, -0.1396 -1.1143 1.0314, -0.1396 -1.1143 1.0617, -0.1406 -1.122 1.0911, -0.1425 -1.1368 1.1175, -0.0282 -1.1304 1.002, -0.028 -1.1227 1.0314, -0.028 -1.1227 1.0617, -0.0282 -1.1304 1.0911, -0.0286 -1.1454 1.1175, 0.0839 -1.1199 1.0314, 0.0839 -1.1199 1.0617, 0.0845 -1.1276 1.0911, 0.0856 -1.1425 1.1175, 0.195 -1.106 1.0617, 0.1964 -1.1136 1.0911, 0.199 -1.1283 1.1175, 0.3063 -1.0885 1.0911, 0.3103 -1.1029 1.1175, 0.6331 -0.9802 1.1392, 0.5227 -1.0195 1.1175, 0.4131 -1.0526 1.0911, 0.3042 -1.0811 1.0617, 0.195 -1.106 1.0314, 0.0845 -1.1276 1.002, -0.0286 -1.1454 0.9756, 0.6216 -0.9624 1.1175, 0.5159 -1.0062 1.0911, 0.4103 -1.0454 1.0617, 0.3042 -1.0811 1.0314, 0.1964 -1.1136 1.002, 0.0856 -1.1425 0.9756, 0.7143 -0.8958 1.1175, 0.6135 -0.9499 1.0911, 0.5123 -0.9993 1.0617, 0.4103 -1.0454 1.0314, 0.3063 -1.0885 1.002, 0.199 -1.1283 0.9756, 0.8 -0.8202 1.1175, 0.705 -0.8841 1.0911, 0.6093 -0.9434 1.0617, 0.5123 -0.9993 1.0314, 0.4131 -1.0526 1.002, 0.3103 -1.1029 0.9756, 0.8777 -0.7364 1.1175, 0.7895 -0.8095 1.0911, 0.7002 -0.878 1.0617, 0.6093 -0.9434 1.0314, 0.5159 -1.0062 1.002, 0.4186 -1.0665 0.9756, 0.9466 -0.6454 1.1175, 0.8662 -0.7268 1.0911, 0.7841 -0.8039 1.0617, 0.7002 -0.878 1.0314, 0.6135 -0.9499 1.002, 0.5227 -1.0195 0.9756, 1.0062 -0.5479 1.1175, 0.9343 -0.637 1.0911, 0.8603 -0.7219 1.0617, 0.7841 -0.8039 1.0314, 0.705 -0.8841 1.002, 0.6216 -0.9624 0.9756, 1.0557 -0.445 1.1175, 0.9931 -0.5408 1.0911, 0.9279 -0.6326 1.0617, 0.8603 -0.7219 1.0314, 0.7895 -0.8095 1.002, 0.7143 -0.8958 0.9756, 1.0948 -0.3377 1.1175, 1.042 -0.4392 1.0911, 0.9863 -0.5371 1.0617, 0.9279 -0.6326 1.0314, 0.8662 -0.7268 1.002, 0.8 -0.8202 0.9756, 1.123 -0.227 1.1175, 1.0805 -0.3333 1.0911, 1.0348 -0.4362 1.0617, 0.9863 -0.5371 1.0314, 0.9343 -0.637 1.002, 0.8777 -0.7364 0.9756, 1.1854 -0.2358 0.9291, 1.1566 -0.3509 0.9291, 1.1166 -0.4625 0.9291, 1.0659 -0.5698 0.9291, 1.005 -0.6715 0.9291, 0.9343 -0.7668 0.9291, 0.8546 -0.8546 0.9291, 0.7668 -0.9343 0.9291, 0.6715 -1.005 0.9291, 0.5698 -1.0659 0.9291, 0.4625 -1.1166 0.9291, 0.3509 -1.1566 0.9291, 0.2358 -1.1854 0.9291, 0.1185 -1.2028 0.9291, 0.0 -1.2087 0.9291, -0.1185 -1.2028 0.9291, -0.2358 -1.1854 0.9291, -0.3509 -1.1566 0.9291, -0.4625 -1.1166 0.9291, -0.5698 -1.0659 0.9291, -0.6715 -1.005 0.9291, -0.7668 -0.9343 0.9291, -0.8546 -0.8546 0.9291, -0.9343 -0.7668 0.9291, -1.005 -0.6715 0.9291, -1.0659 -0.5698 0.9291, -1.1166 -0.4625 0.9291, -1.1566 -0.3509 0.9291, -1.1854 -0.2358 0.9291, -1.2028 -0.1185 0.9291, -1.2087 -0.0 0.9291, -1.2028 0.1185 0.9291, -1.1854 0.2358 0.9291, -1.1566 0.3509 0.9291, -1.1166 0.4625 0.9291, -1.0659 0.5698 0.9291, -1.005 0.6715 0.9291, -0.6715 1.005 0.9291, -0.5698 1.0659 0.9291, -0.4625 1.1166 0.9291, -0.3509 1.1566 0.9291, -0.2358 1.1854 0.9291, -0.1185 1.2028 0.9291, 0.0 1.2087 0.9291, 0.1185 1.2028 0.9291, 0.2358 1.1854 0.9291, 0.3509 1.1566 0.9291, 0.4625 1.1166 0.9291, 0.5698 1.0659 0.9291, 0.6715 1.005 0.9291, 0.7668 0.9343 0.9291, 0.8546 0.8546 0.9291, 0.9343 0.7668 0.9291, 1.005 0.6715 0.9291, 1.0659 0.5698 0.9291, 1.1166 0.4625 0.9291, 1.1566 0.3509 0.9291, 1.1854 0.2358 0.9291, 1.2028 0.1185 0.9291, 1.1788 0.3576 0.9014, 1.1847 0.3594 0.8842, 1.1438 0.4738 0.8842, 1.2272 -0.1687 0.8661, 1.2342 -0.1216 0.8661, 1.2321 -0.1213 0.8842, 1.1367 -0.4937 0.8661, 1.1458 -0.4746 0.8661, 1.1438 -0.4738 0.8842, 0.9618 -0.7825 0.8661, 1.0312 -0.689 0.8661, 1.0294 -0.6878 0.8842, 0.8456 -0.9053 0.8661, 0.8769 -0.8769 0.8661, 0.8754 -0.8754 0.8842, 0.5703 -1.1005 0.8661, 0.5846 -1.0937 0.8661, 0.5836 -1.0919 0.8842, 0.2522 -1.2138 0.8661, 0.36 -1.1868 0.8661, 0.3594 -1.1847 0.8842, 0.0846 -1.236 0.8661, 0.1216 -1.2342 0.8661, 0.1213 -1.2321 0.8842, -0.2522 -1.2138 0.8661, -0.2419 -1.2163 0.8661, -0.2415 -1.2143 0.8842, -0.4148 -1.1671 0.8661, -0.36 -1.1868 0.8661, -0.3594 -1.1847 0.8842, -0.5703 -1.1005 0.8661, -0.4746 -1.1458 0.8661, -0.4738 -1.1438 0.8842, -0.7145 -1.0122 0.8661, -0.689 -1.0312 0.8661, -0.6878 -1.0294 0.8842, -0.9618 -0.7825 0.8661, -0.9587 -0.7867 0.8661, -0.957 -0.7854 0.8842, -1.0584 -0.6436 0.8661, -1.0312 -0.689 0.8661, -1.0294 -0.6878 0.8842, -1.1932 -0.3343 0.8661, -1.1868 -0.36 0.8661, -1.1847 -0.3594 0.8842, -1.2272 0.1687 0.8661, -1.2342 0.1216 0.8661, -1.2321 0.1213 0.8842, -1.1367 0.4937 0.8661, -1.1458 0.4746 0.8661, -1.1438 0.4738 0.8842, -0.9618 0.7825 0.8661, -1.0312 0.689 0.8661, -1.0294 0.6878 0.8842, -0.8456 0.9053 0.8661, -0.8769 0.8769 0.8661, -0.8754 0.8754 0.8842, -0.7145 1.0122 0.8661, -0.7867 0.9587 0.8661, -0.7854 0.957 0.8842, -0.4148 1.1671 0.8661, -0.4746 1.1458 0.8661, -0.4738 1.1438 0.8842, 0.0846 1.236 0.8661, 0.0 1.2402 0.8661, 0.0 1.2381 0.8842, 0.2415 1.2143 0.8842, 0.2419 1.2163 0.8661, 0.1216 1.2342 0.8661, 0.2522 1.2138 0.8661, 0.8456 0.9053 0.8661, 0.7867 0.9587 0.8661, 0.7854 0.957 0.8842, 0.957 0.7854 0.8842, 0.9587 0.7867 0.8661, 0.8769 0.8769 0.8661, 0.9618 0.7825 0.8661, 1.1367 0.4937 0.8661, 1.0937 0.5846 0.8661, 1.0919 0.5836 0.8842, 1.2163 0.2419 0.8661, 1.1932 0.3343 0.8661, 1.1868 0.36 0.8661, 1.1458 0.4746 0.8661, 1.0584 0.6436 0.8661, 1.0294 0.6878 0.8842, 1.0312 0.689 0.8661, 0.8754 0.8754 0.8842, 0.7145 1.0122 0.8661, 0.6878 1.0294 0.8842, 0.689 1.0312 0.8661, 0.5846 1.0937 0.8661, 0.5836 1.0919 0.8842, 0.5703 1.1005 0.8661, 0.4746 1.1458 0.8661, 0.4738 1.1438 0.8842, 0.4148 1.1671 0.8661, 0.36 1.1868 0.8661, 0.3594 1.1847 0.8842, 0.1213 1.2321 0.8842, -0.0846 1.236 0.8661, -0.1213 1.2321 0.8842, -0.1216 1.2342 0.8661, -0.2419 1.2163 0.8661, -0.2415 1.2143 0.8842, -0.2522 1.2138 0.8661, -0.36 1.1868 0.8661, -0.3594 1.1847 0.8842, -0.5703 1.1005 0.8661, -0.5836 1.0919 0.8842, -0.5846 1.0937 0.8661, -0.689 1.0312 0.8661, -0.6878 1.0294 0.8842, -1.0937 0.5846 0.8661, -1.2163 0.2419 0.8661, -1.2163 -0.2419 0.8661, -1.0937 -0.5846 0.8661, -0.7867 -0.9587 0.8661, 0.0 -1.2402 0.8661, 0.4746 -1.1458 0.8661, 0.7867 -0.9587 0.8661, 1.0937 -0.5846 0.8661, 1.2163 -0.2419 0.8661, 1.2272 0.1687 0.8661, 1.2143 0.2415 0.8842, 1.2082 0.2403 0.9014, 1.1984 0.2384 0.9166, 1.2342 0.1216 0.8661, 1.2321 0.1213 0.8842, 1.2259 0.1207 0.9014, 1.216 0.1198 0.9166, -0.864 0.864 0.9166, -0.8546 0.8546 0.9291, -0.7668 0.9343 0.9291, 1.2402 0.0 0.8661, 1.2381 0.0 0.8842, 1.2318 0.0 0.9014, 1.2219 0.0 0.9166, 1.2087 0.0 0.9291, 1.1381 0.4714 0.9014, 1.1693 0.3547 0.9166, 1.0864 0.5807 0.9014, 1.1289 0.4676 0.9166, 1.0242 0.6844 0.9014, 1.0776 0.576 0.9166, 0.9522 0.7815 0.9014, 1.0159 0.6788 0.9166, 0.871 0.871 0.9014, 0.9445 0.7751 0.9166, 0.7815 0.9522 0.9014, 0.864 0.864 0.9166, 0.6844 1.0242 0.9014, 0.7751 0.9445 0.9166, 0.5807 1.0864 0.9014, 0.6788 1.0159 0.9166, 0.4714 1.1381 0.9014, 0.576 1.0776 0.9166, 0.3576 1.1788 0.9014, 0.4676 1.1289 0.9166, 0.2403 1.2082 0.9014, 0.3547 1.1693 0.9166, 0.1207 1.2259 0.9014, 0.2384 1.1984 0.9166, 0.0 1.2318 0.9014, 0.1198 1.216 0.9166, -0.1207 1.2259 0.9014, 0.0 1.2219 0.9166, -0.2403 1.2082 0.9014, -0.1198 1.216 0.9166, -0.3576 1.1788 0.9014, -0.2384 1.1984 0.9166, -0.4714 1.1381 0.9014, -0.3547 1.1693 0.9166, -0.5807 1.0864 0.9014, -0.4676 1.1289 0.9166, -0.6844 1.0242 0.9014, -0.576 1.0776 0.9166, -0.7815 0.9522 0.9014, -0.6788 1.0159 0.9166, -0.871 0.871 0.9014, -0.7751 0.9445 0.9166, -0.9343 0.7668 0.9291, -0.9445 0.7751 0.9166, -0.9522 0.7815 0.9014, -0.957 0.7854 0.8842, -0.9587 0.7867 0.8661, -1.0242 0.6844 0.9014, -1.0159 0.6788 0.9166, -1.0584 0.6436 0.8661, -1.0919 0.5836 0.8842, -1.0864 0.5807 0.9014, -1.0776 0.576 0.9166, -1.1381 0.4714 0.9014, -1.1289 0.4676 0.9166, -1.1868 0.36 0.8661, -1.1847 0.3594 0.8842, -1.1788 0.3576 0.9014, -1.1693 0.3547 0.9166, -1.1932 0.3343 0.8661, -1.2143 0.2415 0.8842, -1.2082 0.2403 0.9014, -1.1984 0.2384 0.9166, -1.2259 0.1207 0.9014, -1.216 0.1198 0.9166, -1.2402 -0.0 0.8661, -1.2381 -0.0 0.8842, -1.2318 -0.0 0.9014, -1.2219 -0.0 0.9166, -1.216 -0.1198 0.9166, -1.2259 -0.1207 0.9014, -1.2321 -0.1213 0.8842, -1.2342 -0.1216 0.8661, -1.1984 -0.2384 0.9166, -1.2082 -0.2403 0.9014, -1.2143 -0.2415 0.8842, -1.2272 -0.1687 0.8661, -1.1693 -0.3547 0.9166, -1.1788 -0.3576 0.9014, -1.1289 -0.4676 0.9166, -1.1381 -0.4714 0.9014, -1.1438 -0.4738 0.8842, -1.1458 -0.4746 0.8661, -1.0776 -0.576 0.9166, -1.0864 -0.5807 0.9014, -1.0919 -0.5836 0.8842, -1.1367 -0.4937 0.8661, -1.0159 -0.6788 0.9166, -1.0242 -0.6844 0.9014, -0.9445 -0.7751 0.9166, -0.9522 -0.7815 0.9014, -0.864 -0.864 0.9166, -0.871 -0.871 0.9014, -0.8754 -0.8754 0.8842, -0.8769 -0.8769 0.8661, -0.7751 -0.9445 0.9166, -0.7815 -0.9522 0.9014, -0.7854 -0.957 0.8842, -0.8456 -0.9053 0.8661, -0.6788 -1.0159 0.9166, -0.6844 -1.0242 0.9014, -0.576 -1.0776 0.9166, -0.5807 -1.0864 0.9014, -0.5836 -1.0919 0.8842, -0.5846 -1.0937 0.8661, -0.4676 -1.1289 0.9166, -0.4714 -1.1381 0.9014, -0.3547 -1.1693 0.9166, -0.3576 -1.1788 0.9014, -0.2384 -1.1984 0.9166, -0.2403 -1.2082 0.9014, -0.1198 -1.216 0.9166, -0.1207 -1.2259 0.9014, -0.1213 -1.2321 0.8842, -0.1216 -1.2342 0.8661, 0.0 -1.2219 0.9166, 0.0 -1.2318 0.9014, 0.0 -1.2381 0.8842, -0.0846 -1.236 0.8661, 0.1198 -1.216 0.9166, 0.1207 -1.2259 0.9014, 0.2384 -1.1984 0.9166, 0.2403 -1.2082 0.9014, 0.2415 -1.2143 0.8842, 0.2419 -1.2163 0.8661, 0.3547 -1.1693 0.9166, 0.3576 -1.1788 0.9014, 0.4676 -1.1289 0.9166, 0.4714 -1.1381 0.9014, 0.4738 -1.1438 0.8842, 0.4148 -1.1671 0.8661, 0.576 -1.0776 0.9166, 0.5807 -1.0864 0.9014, 0.6788 -1.0159 0.9166, 0.6844 -1.0242 0.9014, 0.6878 -1.0294 0.8842, 0.689 -1.0312 0.8661, 0.7751 -0.9445 0.9166, 0.7815 -0.9522 0.9014, 0.7854 -0.957 0.8842, 0.7145 -1.0122 0.8661, 0.864 -0.864 0.9166, 0.871 -0.871 0.9014, 0.9445 -0.7751 0.9166, 0.9522 -0.7815 0.9014, 0.957 -0.7854 0.8842, 0.9587 -0.7867 0.8661, 1.0159 -0.6788 0.9166, 1.0242 -0.6844 0.9014, 1.0776 -0.576 0.9166, 1.0864 -0.5807 0.9014, 1.0919 -0.5836 0.8842, 1.0584 -0.6436 0.8661, 1.1289 -0.4676 0.9166, 1.1381 -0.4714 0.9014, 1.1693 -0.3547 0.9166, 1.1788 -0.3576 0.9014, 1.1847 -0.3594 0.8842, 1.1868 -0.36 0.8661, 1.1984 -0.2384 0.9166, 1.2082 -0.2403 0.9014, 1.2143 -0.2415 0.8842, 1.1932 -0.3343 0.8661, 1.2028 -0.1185 0.9291, 1.216 -0.1198 0.9166, 1.2259 -0.1207 0.9014, 1.2402 0.0 0.3937, 1.2286 0.1689 0.3937, 1.1942 0.3346 0.3937, 1.1375 0.4941 0.3937, 1.0596 0.6444 0.3937, 0.962 0.7826 0.3937, 0.8465 0.9064 0.3937, 0.7152 1.0132 0.3937, 0.5706 1.1011 0.3937, 0.4153 1.1686 0.3937, 0.2523 1.2142 0.3937, 0.0846 1.2373 0.3937, -0.0846 1.2373 0.3937, -0.2523 1.2142 0.3937, -0.4153 1.1686 0.3937, -0.5706 1.1011 0.3937, -0.7152 1.0132 0.3937, -0.8465 0.9064 0.3937, -0.962 0.7826 0.3937, -1.0596 0.6444 0.3937, -1.1375 0.4941 0.3937, -1.1942 0.3346 0.3937, -1.2286 0.1689 0.3937, -1.2402 -0.0 0.3937, -1.2286 -0.1689 0.3937, -1.1942 -0.3346 0.3937, -1.1375 -0.4941 0.3937, -1.0596 -0.6444 0.3937, -0.962 -0.7826 0.3937, -0.8465 -0.9064 0.3937, -0.7152 -1.0132 0.3937, -0.5706 -1.1011 0.3937, -0.4153 -1.1686 0.3937, -0.2523 -1.2142 0.3937, -0.0846 -1.2373 0.3937, 0.0846 -1.2373 0.3937, 0.2523 -1.2142 0.3937, 0.4153 -1.1686 0.3937, 0.5706 -1.1011 0.3937, 0.7152 -1.0132 0.3937, 0.8465 -0.9064 0.3937, 0.962 -0.7826 0.3937, 1.0596 -0.6444 0.3937, 1.1375 -0.4941 0.3937, 1.1942 -0.3346 0.3937, 1.2286 -0.1689 0.3937
            ]
        }
        coordIndex [
            0,1,2,-1,2,3,0,-1,0,3,4,-1,0,4,5,-1,6,7,0,-1,0,7,8,-1,0,8,9,-1,5,10,11,-1,11,12,5,-1,5,12,13,-1,5,13,14,-1,14,15,5,-1,5,15,16,-1,5,16,0,-1,9,17,0,-1,0,17,18,-1,0,18,19,-1,20,21,5,-1,5,21,22,-1,5,22,10,-1,19,23,0,-1,0,23,24,-1,0,24,25,-1,25,26,0,-1,0,26,27,-1,0,27,1,-1,28,29,30,-1,31,32,33,-1,33,32,34,-1,31,35,32,-1,32,35,36,-1,32,36,37,-1,20,38,21,-1,21,38,32,-1,21,32,39,-1,39,32,37,-1,30,40,28,-1,28,40,41,-1,28,41,42,-1,32,43,34,-1,34,43,28,-1,34,28,44,-1,44,28,42,-1,45,46,47,-1,47,46,48,-1,47,48,49,-1,49,48,50,-1,49,50,51,-1,51,50,52,-1,51,52,53,-1,45,54,46,-1,46,54,55,-1,46,55,56,-1,55,57,56,-1,56,57,58,-1,56,58,59,-1,59,58,60,-1,59,60,61,-1,61,60,62,-1,61,62,63,-1,63,62,64,-1,64,65,63,-1,63,65,66,-1,63,66,67,-1,67,66,68,-1,67,68,69,-1,69,68,70,-1,69,70,71,-1,71,70,72,-1,72,73,71,-1,71,73,74,-1,71,74,75,-1,74,76,75,-1,75,76,77,-1,75,77,78,-1,78,77,79,-1,78,79,80,-1,80,79,81,-1,80,81,82,-1,82,81,83,-1,83,84,82,-1,82,84,85,-1,82,85,86,-1,86,85,87,-1,86,87,88,-1,87,89,88,-1,88,89,90,-1,88,90,91,-1,91,90,92,-1,91,92,93,-1,93,92,94,-1,94,95,93,-1,93,95,96,-1,93,96,97,-1,97,96,98,-1,97,98,99,-1,99,98,100,-1,99,100,101,-1,101,100,102,-1,102,103,101,-1,101,103,104,-1,101,104,105,-1,105,104,106,-1,105,106,107,-1,106,108,107,-1,107,108,109,-1,107,109,110,-1,110,109,111,-1,110,111,112,-1,112,111,113,-1,113,114,112,-1,112,114,115,-1,112,115,116,-1,116,115,117,-1,116,117,118,-1,118,117,119,-1,118,119,120,-1,120,119,121,-1,121,122,120,-1,120,122,123,-1,120,123,124,-1,124,123,125,-1,124,125,126,-1,126,125,127,-1,126,127,128,-1,128,127,129,-1,128,129,130,-1,130,129,131,-1,131,132,130,-1,130,132,133,-1,130,133,134,-1,134,133,135,-1,134,135,136,-1,136,135,137,-1,136,137,138,-1,138,137,139,-1,139,140,138,-1,138,140,141,-1,138,141,142,-1,141,143,142,-1,142,143,144,-1,142,144,145,-1,145,144,146,-1,145,146,147,-1,147,146,148,-1,147,148,149,-1,149,148,150,-1,150,151,149,-1,149,151,152,-1,149,152,153,-1,153,152,154,-1,153,154,155,-1,155,154,156,-1,155,156,157,-1,157,156,158,-1,158,159,157,-1,157,159,160,-1,157,160,161,-1,160,162,161,-1,161,162,163,-1,161,163,164,-1,164,163,165,-1,164,165,166,-1,166,165,167,-1,166,167,168,-1,168,167,169,-1,169,170,168,-1,168,170,171,-1,168,171,172,-1,172,171,173,-1,172,173,174,-1,173,175,174,-1,174,175,176,-1,174,176,177,-1,177,176,178,-1,177,178,179,-1,179,178,180,-1,179,180,181,-1,182,183,184,-1,184,183,185,-1,184,185,186,-1,186,185,187,-1,186,187,188,-1,182,189,183,-1,183,189,190,-1,183,190,191,-1,191,190,192,-1,191,192,193,-1,192,194,193,-1,193,194,195,-1,193,195,196,-1,196,195,197,-1,196,197,198,-1,198,197,199,-1,199,200,198,-1,198,200,201,-1,198,201,202,-1,202,201,203,-1,202,203,204,-1,204,203,205,-1,204,205,206,-1,206,205,207,-1,207,208,206,-1,206,208,209,-1,206,209,210,-1,210,209,211,-1,210,211,212,-1,212,211,213,-1,212,213,214,-1,214,213,215,-1,214,215,52,-1,52,215,216,-1,52,216,53,-1,179,217,218,-1,179,218,177,-1,177,218,219,-1,177,219,174,-1,174,219,220,-1,174,220,172,-1,172,220,221,-1,172,221,168,-1,168,221,222,-1,168,222,166,-1,166,222,223,-1,166,223,164,-1,164,223,224,-1,164,224,161,-1,161,224,225,-1,161,225,157,-1,157,225,226,-1,157,226,155,-1,155,226,227,-1,155,227,153,-1,153,227,228,-1,153,228,149,-1,149,228,229,-1,149,229,147,-1,147,229,230,-1,147,230,145,-1,145,230,231,-1,145,231,142,-1,142,231,232,-1,142,232,138,-1,138,232,233,-1,138,233,136,-1,136,233,234,-1,136,234,134,-1,134,234,235,-1,134,235,130,-1,130,235,236,-1,130,236,128,-1,128,236,237,-1,128,237,126,-1,126,237,238,-1,126,238,124,-1,124,238,239,-1,124,239,120,-1,120,239,240,-1,120,240,118,-1,118,240,241,-1,118,241,116,-1,116,241,242,-1,116,242,112,-1,112,242,243,-1,112,243,110,-1,110,243,244,-1,110,244,107,-1,107,244,245,-1,107,245,105,-1,105,245,246,-1,105,246,101,-1,101,246,247,-1,101,247,99,-1,99,247,248,-1,99,248,97,-1,97,248,249,-1,97,249,93,-1,93,249,250,-1,93,250,91,-1,91,250,251,-1,91,251,88,-1,88,251,252,-1,88,252,86,-1,86,252,253,-1,86,253,82,-1,82,253,254,-1,82,254,80,-1,80,254,255,-1,80,255,78,-1,78,255,256,-1,78,256,75,-1,75,256,257,-1,75,257,71,-1,71,257,258,-1,71,258,69,-1,69,258,259,-1,69,259,67,-1,67,259,260,-1,67,260,63,-1,63,260,261,-1,63,261,61,-1,61,261,262,-1,61,262,59,-1,59,262,263,-1,59,263,56,-1,56,263,264,-1,56,264,46,-1,46,264,265,-1,46,265,48,-1,48,265,266,-1,48,266,50,-1,50,266,267,-1,50,267,52,-1,52,267,268,-1,52,268,214,-1,214,268,269,-1,214,269,212,-1,212,269,270,-1,212,270,210,-1,210,270,271,-1,210,271,206,-1,206,271,272,-1,206,272,204,-1,204,272,273,-1,204,273,202,-1,202,273,274,-1,202,274,198,-1,198,274,275,-1,198,275,196,-1,196,275,276,-1,196,276,193,-1,193,276,277,-1,193,277,191,-1,191,277,278,-1,191,278,183,-1,183,278,279,-1,183,279,185,-1,185,279,280,-1,185,280,187,-1,217,281,282,-1,217,282,218,-1,218,282,283,-1,218,283,219,-1,219,283,284,-1,219,284,220,-1,220,284,285,-1,220,285,221,-1,221,285,286,-1,221,286,222,-1,222,286,287,-1,222,287,223,-1,223,287,288,-1,223,288,224,-1,224,288,289,-1,224,289,225,-1,225,289,290,-1,225,290,226,-1,226,290,291,-1,226,291,227,-1,227,291,292,-1,227,292,228,-1,228,292,293,-1,228,293,229,-1,229,293,294,-1,229,294,230,-1,230,294,295,-1,230,295,231,-1,231,295,296,-1,231,296,232,-1,232,296,297,-1,232,297,233,-1,233,297,298,-1,233,298,234,-1,234,298,299,-1,234,299,235,-1,235,299,300,-1,235,300,236,-1,236,300,301,-1,236,301,237,-1,237,301,302,-1,237,302,238,-1,238,302,303,-1,238,303,239,-1,239,303,304,-1,239,304,240,-1,240,304,305,-1,240,305,241,-1,241,305,306,-1,241,306,242,-1,242,306,307,-1,242,307,243,-1,243,307,308,-1,243,308,244,-1,244,308,309,-1,244,309,245,-1,245,309,310,-1,245,310,246,-1,246,310,311,-1,246,311,247,-1,247,311,312,-1,247,312,248,-1,248,312,313,-1,248,313,249,-1,249,313,314,-1,249,314,250,-1,250,314,315,-1,250,315,251,-1,251,315,316,-1,251,316,252,-1,252,316,317,-1,252,317,253,-1,253,317,318,-1,253,318,254,-1,254,318,319,-1,254,319,255,-1,255,319,320,-1,255,320,256,-1,256,320,321,-1,256,321,257,-1,257,321,322,-1,257,322,258,-1,258,322,323,-1,258,323,259,-1,259,323,324,-1,259,324,260,-1,260,324,325,-1,260,325,261,-1,261,325,326,-1,261,326,262,-1,262,326,327,-1,262,327,263,-1,263,327,328,-1,263,328,264,-1,264,328,329,-1,264,329,265,-1,265,329,330,-1,265,330,266,-1,266,330,331,-1,266,331,267,-1,267,331,332,-1,267,332,268,-1,268,332,333,-1,268,333,269,-1,269,333,334,-1,269,334,270,-1,270,334,335,-1,270,335,271,-1,271,335,336,-1,271,336,272,-1,272,336,337,-1,272,337,273,-1,273,337,338,-1,273,338,274,-1,274,338,339,-1,274,339,275,-1,275,339,340,-1,275,340,276,-1,276,340,341,-1,276,341,277,-1,277,341,342,-1,277,342,278,-1,278,342,343,-1,278,343,279,-1,279,343,344,-1,279,344,280,-1,281,345,346,-1,281,346,282,-1,282,346,347,-1,282,347,283,-1,283,347,348,-1,283,348,284,-1,284,348,349,-1,284,349,285,-1,285,349,350,-1,285,350,286,-1,286,350,351,-1,286,351,287,-1,287,351,352,-1,287,352,288,-1,288,352,353,-1,288,353,289,-1,289,353,354,-1,289,354,290,-1,290,354,355,-1,290,355,291,-1,291,355,356,-1,291,356,292,-1,292,356,357,-1,292,357,293,-1,293,357,358,-1,293,358,294,-1,294,358,359,-1,294,359,295,-1,295,359,360,-1,295,360,296,-1,296,360,361,-1,296,361,297,-1,297,361,362,-1,297,362,298,-1,298,362,363,-1,298,363,299,-1,299,363,364,-1,299,364,300,-1,300,364,365,-1,300,365,301,-1,301,365,366,-1,301,366,302,-1,302,366,367,-1,302,367,303,-1,303,367,368,-1,303,368,304,-1,304,368,369,-1,304,369,305,-1,305,369,370,-1,305,370,306,-1,306,370,371,-1,306,371,307,-1,307,371,372,-1,307,372,308,-1,308,372,373,-1,308,373,309,-1,309,373,374,-1,309,374,310,-1,310,374,375,-1,310,375,311,-1,311,375,376,-1,311,376,312,-1,312,376,377,-1,312,377,313,-1,313,377,378,-1,313,378,314,-1,314,378,379,-1,314,379,315,-1,315,379,380,-1,315,380,316,-1,316,380,381,-1,316,381,317,-1,317,381,382,-1,317,382,318,-1,318,382,383,-1,318,383,319,-1,319,383,384,-1,319,384,320,-1,320,384,385,-1,320,385,321,-1,321,385,386,-1,321,386,322,-1,322,386,387,-1,322,387,323,-1,323,387,388,-1,323,388,324,-1,324,388,389,-1,324,389,325,-1,325,389,390,-1,325,390,326,-1,326,390,391,-1,326,391,327,-1,327,391,392,-1,327,392,328,-1,328,392,393,-1,328,393,329,-1,329,393,394,-1,329,394,330,-1,330,394,395,-1,330,395,331,-1,331,395,396,-1,331,396,332,-1,332,396,397,-1,332,397,333,-1,333,397,398,-1,333,398,334,-1,334,398,399,-1,334,399,335,-1,335,399,400,-1,335,400,336,-1,336,400,401,-1,336,401,337,-1,337,401,402,-1,337,402,338,-1,338,402,403,-1,338,403,339,-1,339,403,404,-1,339,404,340,-1,340,404,405,-1,340,405,341,-1,341,405,406,-1,341,406,342,-1,342,406,407,-1,342,407,343,-1,343,407,408,-1,343,408,344,-1,345,409,410,-1,345,410,346,-1,346,410,411,-1,346,411,347,-1,347,411,412,-1,347,412,348,-1,348,412,413,-1,348,413,349,-1,349,413,414,-1,349,414,350,-1,350,414,415,-1,350,415,351,-1,351,415,416,-1,351,416,352,-1,352,416,417,-1,352,417,353,-1,353,417,418,-1,353,418,354,-1,354,418,419,-1,354,419,355,-1,355,419,420,-1,355,420,356,-1,356,420,421,-1,356,421,357,-1,357,421,422,-1,357,422,358,-1,358,422,423,-1,358,423,359,-1,359,423,424,-1,359,424,360,-1,360,424,425,-1,360,425,361,-1,361,425,426,-1,361,426,362,-1,362,426,427,-1,362,427,363,-1,363,427,428,-1,363,428,364,-1,364,428,429,-1,364,429,365,-1,365,429,430,-1,365,430,366,-1,366,430,431,-1,366,431,367,-1,367,431,432,-1,367,432,368,-1,368,432,433,-1,368,433,369,-1,369,433,434,-1,369,434,370,-1,370,434,435,-1,370,435,371,-1,371,435,436,-1,371,436,372,-1,372,436,437,-1,372,437,373,-1,373,437,438,-1,373,438,374,-1,374,438,439,-1,374,439,375,-1,375,439,440,-1,375,440,376,-1,376,440,441,-1,376,441,377,-1,377,441,442,-1,377,442,378,-1,378,442,443,-1,378,443,379,-1,379,443,444,-1,379,444,380,-1,380,444,445,-1,380,445,381,-1,381,445,446,-1,381,446,382,-1,382,446,447,-1,382,447,383,-1,383,447,448,-1,383,448,384,-1,384,448,449,-1,384,449,385,-1,385,449,450,-1,385,450,386,-1,386,450,451,-1,386,451,387,-1,387,451,452,-1,387,452,388,-1,388,452,453,-1,388,453,389,-1,389,453,454,-1,389,454,390,-1,390,454,455,-1,390,455,391,-1,391,455,456,-1,391,456,392,-1,392,456,457,-1,392,457,393,-1,393,457,458,-1,393,458,394,-1,394,458,459,-1,394,459,395,-1,395,459,460,-1,395,460,396,-1,396,460,461,-1,396,461,397,-1,397,461,462,-1,397,462,398,-1,398,462,463,-1,398,463,399,-1,399,463,464,-1,399,464,400,-1,400,464,465,-1,400,465,401,-1,401,465,466,-1,401,466,402,-1,402,466,467,-1,402,467,403,-1,403,467,468,-1,403,468,404,-1,404,468,469,-1,404,469,405,-1,405,469,470,-1,405,470,406,-1,406,470,471,-1,406,471,407,-1,407,471,472,-1,407,472,408,-1,409,16,410,-1,410,16,15,-1,410,15,411,-1,411,15,14,-1,411,14,412,-1,412,14,13,-1,412,13,413,-1,413,13,12,-1,413,12,414,-1,414,12,11,-1,414,11,415,-1,415,11,10,-1,415,10,416,-1,416,10,22,-1,416,22,417,-1,417,22,21,-1,417,21,418,-1,418,21,39,-1,418,39,419,-1,419,39,37,-1,419,37,420,-1,420,37,36,-1,420,36,421,-1,421,36,35,-1,421,35,422,-1,422,35,31,-1,422,31,423,-1,423,31,33,-1,423,33,424,-1,424,33,34,-1,424,34,425,-1,425,34,44,-1,425,44,426,-1,426,44,42,-1,426,42,427,-1,427,42,41,-1,427,41,428,-1,428,41,40,-1,428,40,429,-1,429,40,30,-1,429,30,430,-1,430,30,29,-1,430,29,431,-1,431,29,28,-1,431,28,432,-1,432,28,43,-1,432,43,433,-1,433,43,32,-1,433,32,434,-1,434,32,38,-1,434,38,435,-1,435,38,20,-1,435,20,436,-1,436,20,5,-1,436,5,437,-1,437,5,4,-1,437,4,438,-1,438,4,3,-1,438,3,439,-1,439,3,2,-1,439,2,440,-1,440,2,1,-1,440,1,441,-1,441,1,27,-1,441,27,442,-1,442,27,26,-1,442,26,443,-1,443,26,25,-1,443,25,444,-1,444,25,24,-1,444,24,445,-1,445,24,23,-1,445,23,446,-1,446,23,19,-1,446,19,447,-1,447,19,18,-1,447,18,448,-1,448,18,17,-1,448,17,449,-1,449,17,9,-1,449,9,450,-1,450,9,8,-1,450,8,451,-1,451,8,7,-1,451,7,452,-1,473,6,409,-1,409,6,0,-1,409,0,16,-1,7,474,452,-1,452,474,475,-1,452,475,453,-1,453,475,476,-1,453,476,454,-1,454,476,477,-1,454,477,455,-1,455,477,478,-1,455,478,456,-1,456,478,479,-1,456,479,457,-1,457,479,480,-1,457,480,458,-1,458,480,481,-1,458,481,459,-1,459,481,482,-1,459,482,460,-1,460,482,483,-1,460,483,461,-1,461,483,484,-1,461,484,462,-1,462,484,485,-1,462,485,463,-1,463,485,486,-1,463,486,464,-1,464,486,487,-1,464,487,465,-1,465,487,488,-1,465,488,466,-1,466,488,489,-1,466,489,467,-1,467,489,490,-1,467,490,468,-1,468,490,491,-1,468,491,469,-1,469,491,492,-1,469,492,470,-1,470,492,493,-1,470,493,471,-1,471,493,473,-1,471,473,472,-1,472,473,409,-1,472,409,408,-1,408,409,345,-1,408,345,344,-1,344,345,281,-1,344,281,280,-1,280,281,217,-1,280,217,187,-1,187,217,179,-1,187,179,188,-1,188,179,181,-1,208,494,209,-1,209,494,495,-1,209,495,211,-1,211,495,496,-1,211,496,213,-1,213,496,497,-1,213,497,215,-1,215,497,498,-1,215,498,216,-1,216,498,499,-1,216,499,53,-1,53,499,500,-1,53,500,51,-1,51,500,501,-1,51,501,49,-1,49,501,502,-1,49,502,47,-1,47,502,503,-1,47,503,45,-1,45,503,504,-1,45,504,54,-1,54,504,505,-1,54,505,55,-1,55,505,506,-1,55,506,57,-1,57,506,507,-1,57,507,58,-1,58,507,508,-1,58,508,60,-1,60,508,509,-1,60,509,62,-1,62,509,510,-1,62,510,64,-1,64,510,511,-1,64,511,65,-1,65,511,512,-1,65,512,66,-1,66,512,513,-1,66,513,68,-1,68,513,514,-1,68,514,70,-1,70,514,515,-1,70,515,72,-1,72,515,516,-1,72,516,73,-1,73,516,517,-1,73,517,74,-1,74,517,518,-1,74,518,76,-1,76,518,519,-1,76,519,77,-1,77,519,520,-1,77,520,79,-1,79,520,521,-1,79,521,81,-1,81,521,522,-1,81,522,83,-1,83,522,523,-1,83,523,84,-1,84,523,524,-1,84,524,85,-1,85,524,525,-1,85,525,87,-1,87,525,526,-1,87,526,89,-1,89,526,527,-1,89,527,90,-1,90,527,528,-1,90,528,92,-1,92,528,529,-1,92,529,94,-1,94,529,530,-1,94,530,95,-1,95,530,531,-1,95,531,96,-1,96,531,532,-1,96,532,98,-1,98,532,533,-1,98,533,100,-1,100,533,534,-1,100,534,102,-1,102,534,535,-1,102,535,103,-1,103,535,536,-1,103,536,104,-1,104,536,537,-1,104,537,106,-1,106,537,538,-1,106,538,108,-1,108,538,539,-1,108,539,109,-1,109,539,540,-1,109,540,111,-1,111,540,541,-1,111,541,113,-1,113,541,542,-1,113,542,114,-1,114,542,543,-1,114,543,115,-1,115,543,544,-1,115,544,117,-1,117,544,545,-1,117,545,119,-1,119,545,546,-1,119,546,121,-1,121,546,547,-1,121,547,122,-1,122,547,548,-1,122,548,123,-1,123,548,549,-1,123,549,125,-1,125,549,550,-1,125,550,127,-1,127,550,551,-1,127,551,129,-1,129,551,552,-1,129,552,131,-1,131,552,553,-1,131,553,132,-1,132,553,554,-1,132,554,133,-1,133,554,555,-1,133,555,135,-1,135,555,556,-1,135,556,137,-1,137,556,557,-1,137,557,139,-1,139,557,558,-1,139,558,140,-1,140,558,559,-1,140,559,141,-1,141,559,560,-1,141,560,143,-1,143,560,561,-1,143,561,144,-1,144,561,562,-1,144,562,146,-1,146,562,563,-1,146,563,148,-1,148,563,564,-1,148,564,150,-1,150,564,565,-1,150,565,151,-1,151,565,566,-1,151,566,152,-1,152,566,567,-1,152,567,154,-1,154,567,568,-1,154,568,156,-1,156,568,569,-1,156,569,158,-1,158,569,570,-1,158,570,159,-1,159,570,571,-1,159,571,160,-1,160,571,572,-1,160,572,162,-1,162,572,573,-1,162,573,163,-1,163,573,574,-1,163,574,165,-1,165,574,575,-1,165,575,167,-1,167,575,576,-1,167,576,169,-1,169,576,577,-1,169,577,170,-1,170,577,578,-1,170,578,171,-1,171,578,579,-1,171,579,173,-1,173,579,580,-1,173,580,175,-1,175,580,581,-1,175,581,176,-1,176,581,582,-1,176,582,178,-1,178,582,583,-1,178,583,180,-1,180,583,584,-1,180,584,181,-1,181,584,585,-1,181,585,188,-1,188,585,586,-1,188,586,186,-1,186,586,587,-1,186,587,184,-1,184,587,588,-1,184,588,182,-1,182,588,589,-1,182,589,189,-1,189,589,590,-1,189,590,190,-1,190,590,591,-1,190,591,192,-1,192,591,592,-1,192,592,194,-1,194,592,593,-1,194,593,195,-1,195,593,594,-1,195,594,197,-1,197,594,595,-1,197,595,199,-1,199,595,596,-1,199,596,200,-1,200,596,597,-1,200,597,201,-1,201,597,598,-1,201,598,203,-1,203,598,599,-1,203,599,205,-1,205,599,600,-1,205,600,207,-1,207,600,601,-1,207,601,208,-1,208,601,494,-1,596,595,602,-1,592,591,603,-1,589,588,604,-1,584,583,605,-1,582,581,606,-1,580,579,607,-1,577,576,608,-1,572,571,609,-1,570,569,610,-1,565,564,611,-1,560,559,612,-1,558,557,613,-1,553,552,614,-1,547,546,615,-1,542,541,616,-1,538,537,617,-1,535,534,618,-1,530,529,619,-1,528,527,620,-1,526,525,621,-1,523,522,622,-1,518,517,623,-1,516,515,624,-1,511,510,625,-1,506,505,626,-1,504,503,627,-1,628,629,630,-1,631,632,633,-1,634,635,636,-1,637,638,639,-1,640,641,642,-1,643,644,645,-1,646,647,648,-1,649,650,651,-1,652,653,654,-1,655,656,657,-1,658,659,660,-1,661,662,663,-1,664,665,666,-1,667,668,669,-1,670,671,672,-1,673,674,675,-1,676,677,678,-1,679,680,681,-1,682,683,684,-1,685,686,687,-1,688,689,690,-1,691,692,693,-1,694,695,696,-1,697,698,699,-1,700,701,702,-1,703,704,705,-1,706,707,708,-1,709,710,711,-1,712,713,714,-1,715,716,717,-1,718,719,720,-1,721,722,723,-1,724,725,726,-1,727,728,729,-1,730,731,732,-1,733,734,735,-1,736,737,738,-1,739,740,741,-1,742,743,744,-1,745,746,747,-1,748,749,750,-1,751,752,753,-1,754,755,756,-1,757,758,759,-1,760,761,762,-1,763,764,765,-1,766,767,768,-1,769,770,771,-1,772,773,774,-1,775,776,777,-1,778,779,780,-1,781,782,783,-1,784,785,786,-1,787,788,789,-1,790,791,792,-1,793,794,795,-1,796,797,798,-1,634,636,799,-1,800,801,802,-1,802,801,803,-1,802,803,804,-1,803,805,804,-1,804,805,806,-1,804,806,807,-1,808,809,810,-1,810,809,811,-1,810,811,812,-1,812,811,813,-1,812,813,814,-1,814,813,807,-1,814,807,815,-1,815,807,806,-1,809,816,817,-1,809,817,811,-1,811,817,818,-1,811,818,813,-1,813,818,819,-1,813,819,807,-1,807,819,820,-1,807,820,804,-1,804,820,821,-1,804,821,802,-1,816,822,823,-1,816,823,817,-1,817,823,824,-1,817,824,818,-1,818,824,825,-1,818,825,819,-1,819,825,826,-1,819,826,820,-1,820,826,827,-1,820,827,821,-1,822,828,829,-1,725,721,726,-1,726,721,723,-1,726,723,830,-1,830,723,831,-1,830,831,832,-1,832,831,833,-1,832,833,834,-1,834,833,627,-1,713,709,714,-1,714,709,711,-1,714,711,835,-1,835,711,836,-1,835,836,837,-1,837,836,838,-1,837,838,839,-1,839,838,625,-1,704,700,705,-1,705,700,702,-1,705,702,840,-1,840,702,841,-1,840,841,842,-1,842,841,843,-1,842,843,844,-1,844,843,624,-1,692,688,693,-1,693,688,690,-1,693,690,845,-1,845,690,846,-1,845,846,847,-1,847,846,848,-1,847,848,849,-1,849,848,622,-1,671,667,672,-1,672,667,669,-1,672,669,850,-1,850,669,851,-1,850,851,852,-1,852,851,853,-1,852,853,854,-1,854,853,618,-1,659,655,660,-1,660,655,657,-1,660,657,855,-1,855,657,856,-1,855,856,857,-1,857,856,858,-1,857,858,859,-1,859,858,616,-1,650,646,651,-1,651,646,648,-1,651,648,860,-1,860,648,861,-1,860,861,862,-1,862,861,863,-1,862,863,864,-1,864,863,615,-1,638,865,639,-1,639,865,866,-1,639,866,867,-1,867,866,868,-1,867,868,869,-1,869,868,870,-1,869,870,871,-1,871,870,614,-1,734,736,735,-1,735,736,738,-1,735,738,872,-1,872,738,873,-1,872,873,874,-1,874,873,875,-1,874,875,876,-1,876,875,613,-1,746,748,747,-1,747,748,750,-1,747,750,877,-1,877,750,878,-1,877,878,879,-1,879,878,880,-1,879,880,881,-1,881,880,611,-1,755,757,756,-1,756,757,759,-1,756,759,882,-1,882,759,883,-1,882,883,884,-1,884,883,885,-1,884,885,886,-1,886,885,610,-1,767,769,768,-1,768,769,771,-1,768,771,887,-1,887,771,888,-1,887,888,889,-1,889,888,890,-1,889,890,891,-1,891,890,608,-1,788,790,789,-1,789,790,792,-1,789,792,892,-1,892,792,893,-1,892,893,894,-1,894,893,895,-1,894,895,896,-1,896,895,604,-1,635,631,636,-1,636,631,633,-1,636,633,897,-1,897,633,898,-1,897,898,899,-1,899,898,900,-1,899,900,901,-1,901,900,602,-1,822,829,823,-1,823,829,902,-1,823,902,824,-1,824,902,903,-1,824,903,825,-1,825,903,904,-1,825,904,826,-1,826,904,905,-1,826,905,827,-1,497,829,498,-1,498,829,828,-1,498,828,499,-1,500,499,906,-1,906,499,828,-1,906,828,907,-1,907,828,822,-1,907,822,908,-1,908,822,816,-1,908,816,729,-1,729,816,809,-1,729,809,727,-1,727,809,808,-1,728,724,729,-1,729,724,726,-1,729,726,908,-1,908,726,830,-1,908,830,907,-1,907,830,832,-1,907,832,906,-1,906,832,834,-1,906,834,500,-1,500,834,501,-1,627,503,834,-1,834,503,502,-1,834,502,501,-1,505,504,626,-1,626,504,627,-1,626,627,909,-1,909,627,833,-1,909,833,910,-1,910,833,831,-1,910,831,720,-1,720,831,723,-1,720,723,718,-1,718,723,722,-1,507,506,911,-1,911,506,626,-1,911,626,912,-1,912,626,909,-1,912,909,913,-1,913,909,910,-1,913,910,717,-1,717,910,720,-1,717,720,715,-1,715,720,719,-1,716,712,717,-1,717,712,714,-1,717,714,913,-1,913,714,835,-1,913,835,912,-1,912,835,837,-1,912,837,911,-1,911,837,839,-1,911,839,507,-1,507,839,508,-1,625,510,839,-1,839,510,509,-1,839,509,508,-1,512,511,914,-1,914,511,625,-1,914,625,915,-1,915,625,838,-1,915,838,916,-1,916,838,836,-1,916,836,708,-1,708,836,711,-1,708,711,706,-1,706,711,710,-1,707,703,708,-1,708,703,705,-1,708,705,916,-1,916,705,840,-1,916,840,915,-1,915,840,842,-1,915,842,914,-1,914,842,844,-1,914,844,512,-1,512,844,513,-1,624,515,844,-1,844,515,514,-1,844,514,513,-1,517,516,623,-1,623,516,624,-1,623,624,917,-1,917,624,843,-1,917,843,918,-1,918,843,841,-1,918,841,699,-1,699,841,702,-1,699,702,697,-1,697,702,701,-1,519,518,919,-1,919,518,623,-1,919,623,920,-1,920,623,917,-1,920,917,921,-1,921,917,918,-1,921,918,696,-1,696,918,699,-1,696,699,694,-1,694,699,698,-1,695,691,696,-1,696,691,693,-1,696,693,921,-1,921,693,845,-1,921,845,920,-1,920,845,847,-1,920,847,919,-1,919,847,849,-1,919,849,519,-1,519,849,520,-1,622,522,849,-1,849,522,521,-1,849,521,520,-1,524,523,922,-1,922,523,622,-1,922,622,923,-1,923,622,848,-1,923,848,924,-1,924,848,846,-1,924,846,687,-1,687,846,690,-1,687,690,685,-1,685,690,689,-1,686,682,687,-1,687,682,684,-1,687,684,924,-1,924,684,925,-1,924,925,923,-1,923,925,926,-1,923,926,922,-1,922,926,621,-1,922,621,524,-1,524,621,525,-1,527,526,620,-1,620,526,621,-1,620,621,927,-1,927,621,926,-1,927,926,928,-1,928,926,925,-1,928,925,681,-1,681,925,684,-1,681,684,679,-1,679,684,683,-1,680,676,681,-1,681,676,678,-1,681,678,928,-1,928,678,929,-1,928,929,927,-1,927,929,930,-1,927,930,620,-1,620,930,619,-1,620,619,528,-1,528,619,529,-1,531,530,931,-1,931,530,619,-1,931,619,932,-1,932,619,930,-1,932,930,933,-1,933,930,929,-1,933,929,675,-1,675,929,678,-1,675,678,673,-1,673,678,677,-1,674,670,675,-1,675,670,672,-1,675,672,933,-1,933,672,850,-1,933,850,932,-1,932,850,852,-1,932,852,931,-1,931,852,854,-1,931,854,531,-1,531,854,532,-1,618,534,854,-1,854,534,533,-1,854,533,532,-1,536,535,934,-1,934,535,618,-1,934,618,935,-1,935,618,853,-1,935,853,936,-1,936,853,851,-1,936,851,666,-1,666,851,669,-1,666,669,664,-1,664,669,668,-1,665,661,666,-1,666,661,663,-1,666,663,936,-1,936,663,937,-1,936,937,935,-1,935,937,938,-1,935,938,934,-1,934,938,617,-1,934,617,536,-1,536,617,537,-1,539,538,859,-1,859,538,617,-1,859,617,857,-1,857,617,938,-1,857,938,855,-1,855,938,937,-1,855,937,660,-1,660,937,663,-1,660,663,658,-1,658,663,662,-1,616,541,859,-1,859,541,540,-1,859,540,539,-1,543,542,939,-1,939,542,616,-1,939,616,940,-1,940,616,858,-1,940,858,941,-1,941,858,856,-1,941,856,654,-1,654,856,657,-1,654,657,652,-1,652,657,656,-1,653,649,654,-1,654,649,651,-1,654,651,941,-1,941,651,860,-1,941,860,940,-1,940,860,862,-1,940,862,939,-1,939,862,864,-1,939,864,543,-1,543,864,544,-1,615,546,864,-1,864,546,545,-1,864,545,544,-1,548,547,942,-1,942,547,615,-1,942,615,943,-1,943,615,863,-1,943,863,944,-1,944,863,861,-1,944,861,645,-1,645,861,648,-1,645,648,643,-1,643,648,647,-1,644,640,645,-1,645,640,642,-1,645,642,944,-1,944,642,945,-1,944,945,943,-1,943,945,946,-1,943,946,942,-1,942,946,947,-1,942,947,548,-1,548,947,549,-1,641,637,642,-1,642,637,639,-1,642,639,945,-1,945,639,867,-1,945,867,946,-1,946,867,869,-1,946,869,947,-1,947,869,871,-1,947,871,549,-1,549,871,550,-1,614,552,871,-1,871,552,551,-1,871,551,550,-1,554,553,948,-1,948,553,614,-1,948,614,949,-1,949,614,870,-1,949,870,950,-1,950,870,868,-1,950,868,732,-1,732,868,866,-1,732,866,730,-1,730,866,865,-1,731,733,732,-1,732,733,735,-1,732,735,950,-1,950,735,872,-1,950,872,949,-1,949,872,874,-1,949,874,948,-1,948,874,876,-1,948,876,554,-1,554,876,555,-1,613,557,876,-1,876,557,556,-1,876,556,555,-1,559,558,612,-1,612,558,613,-1,612,613,951,-1,951,613,875,-1,951,875,952,-1,952,875,873,-1,952,873,741,-1,741,873,738,-1,741,738,739,-1,739,738,737,-1,561,560,953,-1,953,560,612,-1,953,612,954,-1,954,612,951,-1,954,951,955,-1,955,951,952,-1,955,952,744,-1,744,952,741,-1,744,741,742,-1,742,741,740,-1,743,745,744,-1,744,745,747,-1,744,747,955,-1,955,747,877,-1,955,877,954,-1,954,877,879,-1,954,879,953,-1,953,879,881,-1,953,881,561,-1,561,881,562,-1,611,564,881,-1,881,564,563,-1,881,563,562,-1,566,565,956,-1,956,565,611,-1,956,611,957,-1,957,611,880,-1,957,880,958,-1,958,880,878,-1,958,878,753,-1,753,878,750,-1,753,750,751,-1,751,750,749,-1,752,754,753,-1,753,754,756,-1,753,756,958,-1,958,756,882,-1,958,882,957,-1,957,882,884,-1,957,884,956,-1,956,884,886,-1,956,886,566,-1,566,886,567,-1,610,569,886,-1,886,569,568,-1,886,568,567,-1,571,570,609,-1,609,570,610,-1,609,610,959,-1,959,610,885,-1,959,885,960,-1,960,885,883,-1,960,883,762,-1,762,883,759,-1,762,759,760,-1,760,759,758,-1,573,572,961,-1,961,572,609,-1,961,609,962,-1,962,609,959,-1,962,959,963,-1,963,959,960,-1,963,960,765,-1,765,960,762,-1,765,762,763,-1,763,762,761,-1,764,766,765,-1,765,766,768,-1,765,768,963,-1,963,768,887,-1,963,887,962,-1,962,887,889,-1,962,889,961,-1,961,889,891,-1,961,891,573,-1,573,891,574,-1,608,576,891,-1,891,576,575,-1,891,575,574,-1,578,577,964,-1,964,577,608,-1,964,608,965,-1,965,608,890,-1,965,890,966,-1,966,890,888,-1,966,888,774,-1,774,888,771,-1,774,771,772,-1,772,771,770,-1,773,775,774,-1,774,775,777,-1,774,777,966,-1,966,777,967,-1,966,967,965,-1,965,967,968,-1,965,968,964,-1,964,968,607,-1,964,607,578,-1,578,607,579,-1,581,580,606,-1,606,580,607,-1,606,607,969,-1,969,607,968,-1,969,968,970,-1,970,968,967,-1,970,967,780,-1,780,967,777,-1,780,777,778,-1,778,777,776,-1,779,781,780,-1,780,781,783,-1,780,783,970,-1,970,783,971,-1,970,971,969,-1,969,971,972,-1,969,972,606,-1,606,972,605,-1,606,605,582,-1,582,605,583,-1,585,584,973,-1,973,584,605,-1,973,605,974,-1,974,605,972,-1,974,972,975,-1,975,972,971,-1,975,971,786,-1,786,971,783,-1,786,783,784,-1,784,783,782,-1,785,787,786,-1,786,787,789,-1,786,789,975,-1,975,789,892,-1,975,892,974,-1,974,892,894,-1,974,894,973,-1,973,894,896,-1,973,896,585,-1,585,896,586,-1,604,588,896,-1,896,588,587,-1,896,587,586,-1,590,589,976,-1,976,589,604,-1,976,604,977,-1,977,604,895,-1,977,895,978,-1,978,895,893,-1,978,893,795,-1,795,893,792,-1,795,792,793,-1,793,792,791,-1,794,796,795,-1,795,796,798,-1,795,798,978,-1,978,798,979,-1,978,979,977,-1,977,979,980,-1,977,980,976,-1,976,980,603,-1,976,603,590,-1,590,603,591,-1,593,592,901,-1,901,592,603,-1,901,603,899,-1,899,603,980,-1,899,980,897,-1,897,980,979,-1,897,979,636,-1,636,979,798,-1,636,798,799,-1,799,798,797,-1,602,595,901,-1,901,595,594,-1,901,594,593,-1,597,596,981,-1,981,596,602,-1,981,602,982,-1,982,602,900,-1,982,900,983,-1,983,900,898,-1,983,898,630,-1,630,898,633,-1,630,633,628,-1,628,633,632,-1,629,800,630,-1,630,800,802,-1,630,802,983,-1,983,802,821,-1,983,821,982,-1,982,821,827,-1,982,827,981,-1,981,827,905,-1,981,905,597,-1,597,905,598,-1,497,496,829,-1,829,496,495,-1,829,495,902,-1,902,495,494,-1,902,494,903,-1,903,494,601,-1,903,601,904,-1,904,601,600,-1,904,600,905,-1,905,600,599,-1,905,599,598,-1,815,806,984,-1,805,803,985,-1,801,800,986,-1,629,628,987,-1,632,631,988,-1,635,634,989,-1,799,797,990,-1,796,794,991,-1,793,791,992,-1,781,779,993,-1,778,776,994,-1,775,773,995,-1,772,770,996,-1,769,767,997,-1,766,764,998,-1,763,761,999,-1,760,758,1000,-1,757,755,1001,-1,754,752,1002,-1,751,749,1003,-1,748,746,1004,-1,745,743,1005,-1,742,740,1006,-1,739,737,1007,-1,736,734,1008,-1,733,731,1009,-1,730,865,1010,-1,638,637,1011,-1,1012,1013,1014,-1,1015,1016,1017,-1,1018,1019,1020,-1,1021,1022,1023,-1,1024,1025,1026,-1,1027,1028,1029,-1,1030,1031,1032,-1,1033,1034,1035,-1,1036,1037,1038,-1,1039,1040,1041,-1,1042,1043,1044,-1,1045,1046,1047,-1,1048,1049,1050,-1,1051,1052,1053,-1,1054,1055,1056,-1,1057,1058,1059,-1,1060,1061,1062,-1,1063,1064,1065,-1,1066,1067,1068,-1,1069,1070,1071,-1,1072,1073,1074,-1,1075,1076,1077,-1,1078,1079,1080,-1,1081,1082,1083,-1,1084,1085,1086,-1,1087,1088,1089,-1,1090,1091,1092,-1,1093,1094,1095,-1,1096,1097,1098,-1,1099,1100,1101,-1,1102,1103,1104,-1,1105,1106,1107,-1,1108,1109,1110,-1,1111,1112,1113,-1,1114,1115,1116,-1,1116,1117,1118,-1,1118,1117,1119,-1,1119,1120,1121,-1,1121,1120,1122,-1,1122,1123,1124,-1,1124,1123,1125,-1,1125,1126,1127,-1,1127,1126,1128,-1,1128,1129,1130,-1,1130,1129,1131,-1,1131,1132,1133,-1,1133,1132,1134,-1,1134,1135,1136,-1,1136,1135,1137,-1,1137,1138,1139,-1,1139,1138,1140,-1,1140,1141,1142,-1,1142,1141,1111,-1,1108,1110,1112,-1,1105,1107,1109,-1,1102,1104,1106,-1,1099,1101,1103,-1,1096,1098,1100,-1,1093,1095,1097,-1,1090,1092,1094,-1,1087,1089,1091,-1,1084,1086,1088,-1,1081,1083,1085,-1,1078,1080,1082,-1,1075,1077,1079,-1,1072,1074,1076,-1,1069,1071,1073,-1,1066,1068,1070,-1,1063,1065,1067,-1,1060,1062,1064,-1,1057,1059,1061,-1,1054,1056,1058,-1,1051,1053,1055,-1,1048,1050,1052,-1,1049,1143,1144,-1,1144,1143,1145,-1,1144,1145,1146,-1,1146,1147,1148,-1,1148,1147,1149,-1,1149,1150,1151,-1,1151,1150,1152,-1,1152,1153,1154,-1,1154,1153,1155,-1,1155,1156,1157,-1,1157,1156,1158,-1,1158,1159,1160,-1,1160,1159,1161,-1,1161,1162,1163,-1,1163,1162,1164,-1,1164,1165,1166,-1,1166,1165,1167,-1,1167,1168,1169,-1,1169,1168,1170,-1,1170,1171,1172,-1,1172,1171,1173,-1,1173,1174,1175,-1,1175,1174,1176,-1,1176,1177,1178,-1,1178,1177,1179,-1,1179,1180,1181,-1,1181,1180,1045,-1,1182,1183,1012,-1,1012,1183,1184,-1,1012,1184,1013,-1,1013,1184,1185,-1,1013,1185,1186,-1,1187,1188,1189,-1,1190,1191,1192,-1,1193,1194,1195,-1,1196,1197,1198,-1,1199,1200,1201,-1,1202,1014,1203,-1,1203,1014,1013,-1,1203,1013,1187,-1,1187,1013,1186,-1,1187,1186,1188,-1,1204,1202,1205,-1,1205,1202,1203,-1,1205,1203,1206,-1,1206,1203,1187,-1,1206,1187,1190,-1,1190,1187,1189,-1,1190,1189,1191,-1,1207,1204,1208,-1,1208,1204,1205,-1,1208,1205,1209,-1,1209,1205,1206,-1,1209,1206,1210,-1,1210,1206,1190,-1,1210,1190,1193,-1,1193,1190,1192,-1,1193,1192,1194,-1,1211,1207,1212,-1,1212,1207,1208,-1,1212,1208,1213,-1,1213,1208,1209,-1,1213,1209,1214,-1,1214,1209,1210,-1,1214,1210,1215,-1,1215,1210,1193,-1,1215,1193,1196,-1,1196,1193,1195,-1,1196,1195,1197,-1,1216,1211,1217,-1,1217,1211,1212,-1,1217,1212,1218,-1,1218,1212,1213,-1,1218,1213,1219,-1,1219,1213,1214,-1,1219,1214,1220,-1,1220,1214,1215,-1,1220,1215,1221,-1,1221,1215,1196,-1,1221,1196,1199,-1,1199,1196,1198,-1,1199,1198,1200,-1,1222,1216,1223,-1,1223,1216,1217,-1,1223,1217,1224,-1,1224,1217,1218,-1,1224,1218,1225,-1,1225,1218,1219,-1,1225,1219,1226,-1,1226,1219,1220,-1,1226,1220,1227,-1,1227,1220,1221,-1,1227,1221,1228,-1,1228,1221,1199,-1,1228,1199,1114,-1,1114,1199,1201,-1,1114,1201,1115,-1,1229,1230,1231,-1,1232,810,812,-1,1116,1118,1114,-1,1114,1118,1233,-1,1114,1233,1228,-1,1228,1233,1234,-1,1228,1234,1227,-1,1227,1234,1235,-1,1227,1235,1226,-1,1226,1235,1236,-1,1226,1236,1225,-1,1225,1236,1237,-1,1225,1237,1224,-1,1224,1237,1238,-1,1224,1238,1223,-1,1223,1238,1232,-1,1223,1232,1222,-1,1222,1232,812,-1,1222,812,814,-1,1239,727,808,-1,1119,1121,1118,-1,1118,1121,1240,-1,1118,1240,1233,-1,1233,1240,1241,-1,1233,1241,1234,-1,1234,1241,1242,-1,1234,1242,1235,-1,1235,1242,1243,-1,1235,1243,1236,-1,1236,1243,1244,-1,1236,1244,1237,-1,1237,1244,1245,-1,1237,1245,1238,-1,1238,1245,1239,-1,1238,1239,1232,-1,1232,1239,808,-1,1232,808,810,-1,1246,724,728,-1,1122,1124,1121,-1,1121,1124,1247,-1,1121,1247,1240,-1,1240,1247,1248,-1,1240,1248,1241,-1,1241,1248,1249,-1,1241,1249,1242,-1,1242,1249,1250,-1,1242,1250,1243,-1,1243,1250,1251,-1,1243,1251,1244,-1,1244,1251,1252,-1,1244,1252,1245,-1,1245,1252,1246,-1,1245,1246,1239,-1,1239,1246,728,-1,1239,728,727,-1,1253,721,725,-1,1125,1127,1124,-1,1124,1127,1254,-1,1124,1254,1247,-1,1247,1254,1255,-1,1247,1255,1248,-1,1248,1255,1256,-1,1248,1256,1249,-1,1249,1256,1257,-1,1249,1257,1250,-1,1250,1257,1258,-1,1250,1258,1251,-1,1251,1258,1259,-1,1251,1259,1252,-1,1252,1259,1253,-1,1252,1253,1246,-1,1246,1253,725,-1,1246,725,724,-1,1260,718,722,-1,1128,1130,1127,-1,1127,1130,1261,-1,1127,1261,1254,-1,1254,1261,1262,-1,1254,1262,1255,-1,1255,1262,1263,-1,1255,1263,1256,-1,1256,1263,1264,-1,1256,1264,1257,-1,1257,1264,1265,-1,1257,1265,1258,-1,1258,1265,1266,-1,1258,1266,1259,-1,1259,1266,1260,-1,1259,1260,1253,-1,1253,1260,722,-1,1253,722,721,-1,1267,715,719,-1,1131,1133,1130,-1,1130,1133,1268,-1,1130,1268,1261,-1,1261,1268,1269,-1,1261,1269,1262,-1,1262,1269,1270,-1,1262,1270,1263,-1,1263,1270,1271,-1,1263,1271,1264,-1,1264,1271,1272,-1,1264,1272,1265,-1,1265,1272,1273,-1,1265,1273,1266,-1,1266,1273,1267,-1,1266,1267,1260,-1,1260,1267,719,-1,1260,719,718,-1,1274,712,716,-1,1134,1136,1133,-1,1133,1136,1275,-1,1133,1275,1268,-1,1268,1275,1276,-1,1268,1276,1269,-1,1269,1276,1277,-1,1269,1277,1270,-1,1270,1277,1278,-1,1270,1278,1271,-1,1271,1278,1279,-1,1271,1279,1272,-1,1272,1279,1280,-1,1272,1280,1273,-1,1273,1280,1274,-1,1273,1274,1267,-1,1267,1274,716,-1,1267,716,715,-1,1281,709,713,-1,1137,1139,1136,-1,1136,1139,1282,-1,1136,1282,1275,-1,1275,1282,1283,-1,1275,1283,1276,-1,1276,1283,1284,-1,1276,1284,1277,-1,1277,1284,1285,-1,1277,1285,1278,-1,1278,1285,1286,-1,1278,1286,1279,-1,1279,1286,1287,-1,1279,1287,1280,-1,1280,1287,1281,-1,1280,1281,1274,-1,1274,1281,713,-1,1274,713,712,-1,1288,706,710,-1,1140,1142,1139,-1,1139,1142,1289,-1,1139,1289,1282,-1,1282,1289,1290,-1,1282,1290,1283,-1,1283,1290,1291,-1,1283,1291,1284,-1,1284,1291,1292,-1,1284,1292,1285,-1,1285,1292,1293,-1,1285,1293,1286,-1,1286,1293,1294,-1,1286,1294,1287,-1,1287,1294,1288,-1,1287,1288,1281,-1,1281,1288,710,-1,1281,710,709,-1,1295,703,707,-1,1111,1113,1142,-1,1142,1113,1296,-1,1142,1296,1289,-1,1289,1296,1297,-1,1289,1297,1290,-1,1290,1297,1298,-1,1290,1298,1291,-1,1291,1298,1299,-1,1291,1299,1292,-1,1292,1299,1300,-1,1292,1300,1293,-1,1293,1300,1301,-1,1293,1301,1294,-1,1294,1301,1295,-1,1294,1295,1288,-1,1288,1295,707,-1,1288,707,706,-1,1302,700,704,-1,1112,1110,1113,-1,1113,1110,1303,-1,1113,1303,1296,-1,1296,1303,1304,-1,1296,1304,1297,-1,1297,1304,1305,-1,1297,1305,1298,-1,1298,1305,1306,-1,1298,1306,1299,-1,1299,1306,1307,-1,1299,1307,1300,-1,1300,1307,1308,-1,1300,1308,1301,-1,1301,1308,1302,-1,1301,1302,1295,-1,1295,1302,704,-1,1295,704,703,-1,1309,697,701,-1,1109,1107,1110,-1,1110,1107,1310,-1,1110,1310,1303,-1,1303,1310,1311,-1,1303,1311,1304,-1,1304,1311,1312,-1,1304,1312,1305,-1,1305,1312,1313,-1,1305,1313,1306,-1,1306,1313,1314,-1,1306,1314,1307,-1,1307,1314,1315,-1,1307,1315,1308,-1,1308,1315,1309,-1,1308,1309,1302,-1,1302,1309,701,-1,1302,701,700,-1,1316,694,698,-1,1106,1104,1107,-1,1107,1104,1317,-1,1107,1317,1310,-1,1310,1317,1318,-1,1310,1318,1311,-1,1311,1318,1319,-1,1311,1319,1312,-1,1312,1319,1320,-1,1312,1320,1313,-1,1313,1320,1321,-1,1313,1321,1314,-1,1314,1321,1322,-1,1314,1322,1315,-1,1315,1322,1316,-1,1315,1316,1309,-1,1309,1316,698,-1,1309,698,697,-1,1323,691,695,-1,1103,1101,1104,-1,1104,1101,1324,-1,1104,1324,1317,-1,1317,1324,1325,-1,1317,1325,1318,-1,1318,1325,1326,-1,1318,1326,1319,-1,1319,1326,1327,-1,1319,1327,1320,-1,1320,1327,1328,-1,1320,1328,1321,-1,1321,1328,1329,-1,1321,1329,1322,-1,1322,1329,1323,-1,1322,1323,1316,-1,1316,1323,695,-1,1316,695,694,-1,1330,688,692,-1,1100,1098,1101,-1,1101,1098,1331,-1,1101,1331,1324,-1,1324,1331,1332,-1,1324,1332,1325,-1,1325,1332,1333,-1,1325,1333,1326,-1,1326,1333,1334,-1,1326,1334,1327,-1,1327,1334,1335,-1,1327,1335,1328,-1,1328,1335,1336,-1,1328,1336,1329,-1,1329,1336,1330,-1,1329,1330,1323,-1,1323,1330,692,-1,1323,692,691,-1,1337,685,689,-1,1097,1095,1098,-1,1098,1095,1338,-1,1098,1338,1331,-1,1331,1338,1339,-1,1331,1339,1332,-1,1332,1339,1340,-1,1332,1340,1333,-1,1333,1340,1341,-1,1333,1341,1334,-1,1334,1341,1342,-1,1334,1342,1335,-1,1335,1342,1343,-1,1335,1343,1336,-1,1336,1343,1337,-1,1336,1337,1330,-1,1330,1337,689,-1,1330,689,688,-1,1344,682,686,-1,1094,1092,1095,-1,1095,1092,1345,-1,1095,1345,1338,-1,1338,1345,1346,-1,1338,1346,1339,-1,1339,1346,1347,-1,1339,1347,1340,-1,1340,1347,1348,-1,1340,1348,1341,-1,1341,1348,1349,-1,1341,1349,1342,-1,1342,1349,1350,-1,1342,1350,1343,-1,1343,1350,1344,-1,1343,1344,1337,-1,1337,1344,686,-1,1337,686,685,-1,1351,679,683,-1,1091,1089,1092,-1,1092,1089,1352,-1,1092,1352,1345,-1,1345,1352,1353,-1,1345,1353,1346,-1,1346,1353,1354,-1,1346,1354,1347,-1,1347,1354,1355,-1,1347,1355,1348,-1,1348,1355,1356,-1,1348,1356,1349,-1,1349,1356,1357,-1,1349,1357,1350,-1,1350,1357,1351,-1,1350,1351,1344,-1,1344,1351,683,-1,1344,683,682,-1,1358,676,680,-1,1088,1086,1089,-1,1089,1086,1359,-1,1089,1359,1352,-1,1352,1359,1360,-1,1352,1360,1353,-1,1353,1360,1361,-1,1353,1361,1354,-1,1354,1361,1362,-1,1354,1362,1355,-1,1355,1362,1363,-1,1355,1363,1356,-1,1356,1363,1364,-1,1356,1364,1357,-1,1357,1364,1358,-1,1357,1358,1351,-1,1351,1358,680,-1,1351,680,679,-1,1365,673,677,-1,1085,1083,1086,-1,1086,1083,1366,-1,1086,1366,1359,-1,1359,1366,1367,-1,1359,1367,1360,-1,1360,1367,1368,-1,1360,1368,1361,-1,1361,1368,1369,-1,1361,1369,1362,-1,1362,1369,1370,-1,1362,1370,1363,-1,1363,1370,1371,-1,1363,1371,1364,-1,1364,1371,1365,-1,1364,1365,1358,-1,1358,1365,677,-1,1358,677,676,-1,1372,670,674,-1,1082,1080,1083,-1,1083,1080,1373,-1,1083,1373,1366,-1,1366,1373,1374,-1,1366,1374,1367,-1,1367,1374,1375,-1,1367,1375,1368,-1,1368,1375,1376,-1,1368,1376,1369,-1,1369,1376,1377,-1,1369,1377,1370,-1,1370,1377,1378,-1,1370,1378,1371,-1,1371,1378,1372,-1,1371,1372,1365,-1,1365,1372,674,-1,1365,674,673,-1,1379,667,671,-1,1079,1077,1080,-1,1080,1077,1380,-1,1080,1380,1373,-1,1373,1380,1381,-1,1373,1381,1374,-1,1374,1381,1382,-1,1374,1382,1375,-1,1375,1382,1383,-1,1375,1383,1376,-1,1376,1383,1384,-1,1376,1384,1377,-1,1377,1384,1385,-1,1377,1385,1378,-1,1378,1385,1379,-1,1378,1379,1372,-1,1372,1379,671,-1,1372,671,670,-1,1386,664,668,-1,1076,1074,1077,-1,1077,1074,1387,-1,1077,1387,1380,-1,1380,1387,1388,-1,1380,1388,1381,-1,1381,1388,1389,-1,1381,1389,1382,-1,1382,1389,1390,-1,1382,1390,1383,-1,1383,1390,1391,-1,1383,1391,1384,-1,1384,1391,1392,-1,1384,1392,1385,-1,1385,1392,1386,-1,1385,1386,1379,-1,1379,1386,668,-1,1379,668,667,-1,1393,661,665,-1,1073,1071,1074,-1,1074,1071,1394,-1,1074,1394,1387,-1,1387,1394,1395,-1,1387,1395,1388,-1,1388,1395,1396,-1,1388,1396,1389,-1,1389,1396,1397,-1,1389,1397,1390,-1,1390,1397,1398,-1,1390,1398,1391,-1,1391,1398,1399,-1,1391,1399,1392,-1,1392,1399,1393,-1,1392,1393,1386,-1,1386,1393,665,-1,1386,665,664,-1,1400,658,662,-1,1070,1068,1071,-1,1071,1068,1401,-1,1071,1401,1394,-1,1394,1401,1402,-1,1394,1402,1395,-1,1395,1402,1403,-1,1395,1403,1396,-1,1396,1403,1404,-1,1396,1404,1397,-1,1397,1404,1405,-1,1397,1405,1398,-1,1398,1405,1406,-1,1398,1406,1399,-1,1399,1406,1400,-1,1399,1400,1393,-1,1393,1400,662,-1,1393,662,661,-1,1407,655,659,-1,1067,1065,1068,-1,1068,1065,1408,-1,1068,1408,1401,-1,1401,1408,1409,-1,1401,1409,1402,-1,1402,1409,1410,-1,1402,1410,1403,-1,1403,1410,1411,-1,1403,1411,1404,-1,1404,1411,1412,-1,1404,1412,1405,-1,1405,1412,1413,-1,1405,1413,1406,-1,1406,1413,1407,-1,1406,1407,1400,-1,1400,1407,659,-1,1400,659,658,-1,1414,652,656,-1,1064,1062,1065,-1,1065,1062,1415,-1,1065,1415,1408,-1,1408,1415,1416,-1,1408,1416,1409,-1,1409,1416,1417,-1,1409,1417,1410,-1,1410,1417,1418,-1,1410,1418,1411,-1,1411,1418,1419,-1,1411,1419,1412,-1,1412,1419,1420,-1,1412,1420,1413,-1,1413,1420,1414,-1,1413,1414,1407,-1,1407,1414,656,-1,1407,656,655,-1,1421,649,653,-1,1061,1059,1062,-1,1062,1059,1422,-1,1062,1422,1415,-1,1415,1422,1423,-1,1415,1423,1416,-1,1416,1423,1424,-1,1416,1424,1417,-1,1417,1424,1425,-1,1417,1425,1418,-1,1418,1425,1426,-1,1418,1426,1419,-1,1419,1426,1427,-1,1419,1427,1420,-1,1420,1427,1421,-1,1420,1421,1414,-1,1414,1421,653,-1,1414,653,652,-1,1428,646,650,-1,1058,1056,1059,-1,1059,1056,1429,-1,1059,1429,1422,-1,1422,1429,1430,-1,1422,1430,1423,-1,1423,1430,1431,-1,1423,1431,1424,-1,1424,1431,1432,-1,1424,1432,1425,-1,1425,1432,1433,-1,1425,1433,1426,-1,1426,1433,1434,-1,1426,1434,1427,-1,1427,1434,1428,-1,1427,1428,1421,-1,1421,1428,650,-1,1421,650,649,-1,1435,643,647,-1,1055,1053,1056,-1,1056,1053,1436,-1,1056,1436,1429,-1,1429,1436,1437,-1,1429,1437,1430,-1,1430,1437,1438,-1,1430,1438,1431,-1,1431,1438,1439,-1,1431,1439,1432,-1,1432,1439,1440,-1,1432,1440,1433,-1,1433,1440,1441,-1,1433,1441,1434,-1,1434,1441,1435,-1,1434,1435,1428,-1,1428,1435,647,-1,1428,647,646,-1,641,640,1442,-1,1442,640,644,-1,1052,1050,1053,-1,1053,1050,1443,-1,1053,1443,1436,-1,1436,1443,1444,-1,1436,1444,1437,-1,1437,1444,1445,-1,1437,1445,1438,-1,1438,1445,1446,-1,1438,1446,1439,-1,1439,1446,1447,-1,1439,1447,1440,-1,1440,1447,1448,-1,1440,1448,1441,-1,1441,1448,1442,-1,1441,1442,1435,-1,1435,1442,644,-1,1435,644,643,-1,1049,1144,1050,-1,1050,1144,1449,-1,1050,1449,1443,-1,1443,1449,1450,-1,1443,1450,1444,-1,1444,1450,1451,-1,1444,1451,1445,-1,1445,1451,1452,-1,1445,1452,1446,-1,1446,1452,1453,-1,1446,1453,1447,-1,1447,1453,1454,-1,1447,1454,1448,-1,1448,1454,1011,-1,1448,1011,1442,-1,1442,1011,637,-1,1442,637,641,-1,1146,1148,1144,-1,1144,1148,1455,-1,1144,1455,1449,-1,1449,1455,1456,-1,1449,1456,1450,-1,1450,1456,1457,-1,1450,1457,1451,-1,1451,1457,1458,-1,1451,1458,1452,-1,1452,1458,1459,-1,1452,1459,1453,-1,1453,1459,1460,-1,1453,1460,1454,-1,1454,1460,1010,-1,1454,1010,1011,-1,1011,1010,865,-1,1011,865,638,-1,1149,1151,1148,-1,1148,1151,1461,-1,1148,1461,1455,-1,1455,1461,1462,-1,1455,1462,1456,-1,1456,1462,1463,-1,1456,1463,1457,-1,1457,1463,1464,-1,1457,1464,1458,-1,1458,1464,1465,-1,1458,1465,1459,-1,1459,1465,1466,-1,1459,1466,1460,-1,1460,1466,1009,-1,1460,1009,1010,-1,1010,1009,731,-1,1010,731,730,-1,1152,1154,1151,-1,1151,1154,1467,-1,1151,1467,1461,-1,1461,1467,1468,-1,1461,1468,1462,-1,1462,1468,1469,-1,1462,1469,1463,-1,1463,1469,1470,-1,1463,1470,1464,-1,1464,1470,1471,-1,1464,1471,1465,-1,1465,1471,1472,-1,1465,1472,1466,-1,1466,1472,1008,-1,1466,1008,1009,-1,1009,1008,734,-1,1009,734,733,-1,1155,1157,1154,-1,1154,1157,1473,-1,1154,1473,1467,-1,1467,1473,1474,-1,1467,1474,1468,-1,1468,1474,1475,-1,1468,1475,1469,-1,1469,1475,1476,-1,1469,1476,1470,-1,1470,1476,1477,-1,1470,1477,1471,-1,1471,1477,1478,-1,1471,1478,1472,-1,1472,1478,1007,-1,1472,1007,1008,-1,1008,1007,737,-1,1008,737,736,-1,1158,1160,1157,-1,1157,1160,1479,-1,1157,1479,1473,-1,1473,1479,1480,-1,1473,1480,1474,-1,1474,1480,1481,-1,1474,1481,1475,-1,1475,1481,1482,-1,1475,1482,1476,-1,1476,1482,1483,-1,1476,1483,1477,-1,1477,1483,1484,-1,1477,1484,1478,-1,1478,1484,1006,-1,1478,1006,1007,-1,1007,1006,740,-1,1007,740,739,-1,1161,1163,1160,-1,1160,1163,1485,-1,1160,1485,1479,-1,1479,1485,1486,-1,1479,1486,1480,-1,1480,1486,1487,-1,1480,1487,1481,-1,1481,1487,1488,-1,1481,1488,1482,-1,1482,1488,1489,-1,1482,1489,1483,-1,1483,1489,1490,-1,1483,1490,1484,-1,1484,1490,1005,-1,1484,1005,1006,-1,1006,1005,743,-1,1006,743,742,-1,1164,1166,1163,-1,1163,1166,1491,-1,1163,1491,1485,-1,1485,1491,1492,-1,1485,1492,1486,-1,1486,1492,1493,-1,1486,1493,1487,-1,1487,1493,1494,-1,1487,1494,1488,-1,1488,1494,1495,-1,1488,1495,1489,-1,1489,1495,1496,-1,1489,1496,1490,-1,1490,1496,1004,-1,1490,1004,1005,-1,1005,1004,746,-1,1005,746,745,-1,1167,1169,1166,-1,1166,1169,1497,-1,1166,1497,1491,-1,1491,1497,1498,-1,1491,1498,1492,-1,1492,1498,1499,-1,1492,1499,1493,-1,1493,1499,1500,-1,1493,1500,1494,-1,1494,1500,1501,-1,1494,1501,1495,-1,1495,1501,1502,-1,1495,1502,1496,-1,1496,1502,1003,-1,1496,1003,1004,-1,1004,1003,749,-1,1004,749,748,-1,1170,1172,1169,-1,1169,1172,1503,-1,1169,1503,1497,-1,1497,1503,1504,-1,1497,1504,1498,-1,1498,1504,1505,-1,1498,1505,1499,-1,1499,1505,1506,-1,1499,1506,1500,-1,1500,1506,1507,-1,1500,1507,1501,-1,1501,1507,1508,-1,1501,1508,1502,-1,1502,1508,1002,-1,1502,1002,1003,-1,1003,1002,752,-1,1003,752,751,-1,1173,1175,1172,-1,1172,1175,1509,-1,1172,1509,1503,-1,1503,1509,1510,-1,1503,1510,1504,-1,1504,1510,1511,-1,1504,1511,1505,-1,1505,1511,1512,-1,1505,1512,1506,-1,1506,1512,1513,-1,1506,1513,1507,-1,1507,1513,1514,-1,1507,1514,1508,-1,1508,1514,1001,-1,1508,1001,1002,-1,1002,1001,755,-1,1002,755,754,-1,1176,1178,1175,-1,1175,1178,1515,-1,1175,1515,1509,-1,1509,1515,1516,-1,1509,1516,1510,-1,1510,1516,1517,-1,1510,1517,1511,-1,1511,1517,1518,-1,1511,1518,1512,-1,1512,1518,1519,-1,1512,1519,1513,-1,1513,1519,1520,-1,1513,1520,1514,-1,1514,1520,1000,-1,1514,1000,1001,-1,1001,1000,758,-1,1001,758,757,-1,1179,1181,1178,-1,1178,1181,1521,-1,1178,1521,1515,-1,1515,1521,1522,-1,1515,1522,1516,-1,1516,1522,1523,-1,1516,1523,1517,-1,1517,1523,1524,-1,1517,1524,1518,-1,1518,1524,1525,-1,1518,1525,1519,-1,1519,1525,1526,-1,1519,1526,1520,-1,1520,1526,999,-1,1520,999,1000,-1,1000,999,761,-1,1000,761,760,-1,1045,1047,1181,-1,1181,1047,1527,-1,1181,1527,1521,-1,1521,1527,1528,-1,1521,1528,1522,-1,1522,1528,1529,-1,1522,1529,1523,-1,1523,1529,1530,-1,1523,1530,1524,-1,1524,1530,1531,-1,1524,1531,1525,-1,1525,1531,1532,-1,1525,1532,1526,-1,1526,1532,998,-1,1526,998,999,-1,999,998,764,-1,999,764,763,-1,1047,1533,1527,-1,1527,1533,1534,-1,1527,1534,1528,-1,1528,1534,1535,-1,1528,1535,1529,-1,1529,1535,1536,-1,1529,1536,1530,-1,1530,1536,1537,-1,1530,1537,1531,-1,1531,1537,1538,-1,1531,1538,1532,-1,1532,1538,997,-1,1532,997,998,-1,998,997,767,-1,998,767,766,-1,1533,1539,1534,-1,1534,1539,1540,-1,1534,1540,1535,-1,1535,1540,1541,-1,1535,1541,1536,-1,1536,1541,1542,-1,1536,1542,1537,-1,1537,1542,1543,-1,1537,1543,1538,-1,1538,1543,996,-1,1538,996,997,-1,997,996,770,-1,997,770,769,-1,1539,1544,1540,-1,1540,1544,1545,-1,1540,1545,1541,-1,1541,1545,1546,-1,1541,1546,1542,-1,1542,1546,1547,-1,1542,1547,1543,-1,1543,1547,995,-1,1543,995,996,-1,996,995,773,-1,996,773,772,-1,1544,1548,1545,-1,1545,1548,1549,-1,1545,1549,1546,-1,1546,1549,1550,-1,1546,1550,1547,-1,1547,1550,994,-1,1547,994,995,-1,995,994,776,-1,995,776,775,-1,1548,1551,1549,-1,1549,1551,1552,-1,1549,1552,1550,-1,1550,1552,993,-1,1550,993,994,-1,994,993,779,-1,994,779,778,-1,1551,1231,1552,-1,1552,1231,1230,-1,1552,1230,993,-1,993,1230,782,-1,993,782,781,-1,790,788,1553,-1,1553,788,1229,-1,1553,1229,1554,-1,1554,1229,1231,-1,1554,1231,1555,-1,1555,1231,1551,-1,1555,1551,1556,-1,1556,1551,1548,-1,1556,1548,1557,-1,1557,1548,1544,-1,1557,1544,1558,-1,1558,1544,1539,-1,1558,1539,1559,-1,1559,1539,1533,-1,1559,1533,1044,-1,1044,1533,1047,-1,1044,1047,1042,-1,1042,1047,1046,-1,788,787,1229,-1,1229,787,785,-1,1229,785,1230,-1,1230,785,784,-1,1230,784,782,-1,791,790,992,-1,992,790,1553,-1,992,1553,1560,-1,1560,1553,1554,-1,1560,1554,1561,-1,1561,1554,1555,-1,1561,1555,1562,-1,1562,1555,1556,-1,1562,1556,1563,-1,1563,1556,1557,-1,1563,1557,1564,-1,1564,1557,1558,-1,1564,1558,1565,-1,1565,1558,1559,-1,1565,1559,1041,-1,1041,1559,1044,-1,1041,1044,1039,-1,1039,1044,1043,-1,794,793,991,-1,991,793,992,-1,991,992,1566,-1,1566,992,1560,-1,1566,1560,1567,-1,1567,1560,1561,-1,1567,1561,1568,-1,1568,1561,1562,-1,1568,1562,1569,-1,1569,1562,1563,-1,1569,1563,1570,-1,1570,1563,1564,-1,1570,1564,1571,-1,1571,1564,1565,-1,1571,1565,1038,-1,1038,1565,1041,-1,1038,1041,1036,-1,1036,1041,1040,-1,797,796,990,-1,990,796,991,-1,990,991,1572,-1,1572,991,1566,-1,1572,1566,1573,-1,1573,1566,1567,-1,1573,1567,1574,-1,1574,1567,1568,-1,1574,1568,1575,-1,1575,1568,1569,-1,1575,1569,1576,-1,1576,1569,1570,-1,1576,1570,1577,-1,1577,1570,1571,-1,1577,1571,1035,-1,1035,1571,1038,-1,1035,1038,1033,-1,1033,1038,1037,-1,634,799,989,-1,989,799,990,-1,989,990,1578,-1,1578,990,1572,-1,1578,1572,1579,-1,1579,1572,1573,-1,1579,1573,1580,-1,1580,1573,1574,-1,1580,1574,1581,-1,1581,1574,1575,-1,1581,1575,1582,-1,1582,1575,1576,-1,1582,1576,1583,-1,1583,1576,1577,-1,1583,1577,1032,-1,1032,1577,1035,-1,1032,1035,1030,-1,1030,1035,1034,-1,631,635,988,-1,988,635,989,-1,988,989,1584,-1,1584,989,1578,-1,1584,1578,1585,-1,1585,1578,1579,-1,1585,1579,1586,-1,1586,1579,1580,-1,1586,1580,1587,-1,1587,1580,1581,-1,1587,1581,1588,-1,1588,1581,1582,-1,1588,1582,1589,-1,1589,1582,1583,-1,1589,1583,1029,-1,1029,1583,1032,-1,1029,1032,1027,-1,1027,1032,1031,-1,628,632,987,-1,987,632,988,-1,987,988,1590,-1,1590,988,1584,-1,1590,1584,1591,-1,1591,1584,1585,-1,1591,1585,1592,-1,1592,1585,1586,-1,1592,1586,1593,-1,1593,1586,1587,-1,1593,1587,1594,-1,1594,1587,1588,-1,1594,1588,1595,-1,1595,1588,1589,-1,1595,1589,1026,-1,1026,1589,1029,-1,1026,1029,1024,-1,1024,1029,1028,-1,800,629,986,-1,986,629,987,-1,986,987,1596,-1,1596,987,1590,-1,1596,1590,1597,-1,1597,1590,1591,-1,1597,1591,1598,-1,1598,1591,1592,-1,1598,1592,1599,-1,1599,1592,1593,-1,1599,1593,1600,-1,1600,1593,1594,-1,1600,1594,1601,-1,1601,1594,1595,-1,1601,1595,1023,-1,1023,1595,1026,-1,1023,1026,1021,-1,1021,1026,1025,-1,803,801,985,-1,985,801,986,-1,985,986,1602,-1,1602,986,1596,-1,1602,1596,1603,-1,1603,1596,1597,-1,1603,1597,1604,-1,1604,1597,1598,-1,1604,1598,1605,-1,1605,1598,1599,-1,1605,1599,1606,-1,1606,1599,1600,-1,1606,1600,1607,-1,1607,1600,1601,-1,1607,1601,1020,-1,1020,1601,1023,-1,1020,1023,1018,-1,1018,1023,1022,-1,806,805,984,-1,984,805,985,-1,984,985,1608,-1,1608,985,1602,-1,1608,1602,1609,-1,1609,1602,1603,-1,1609,1603,1610,-1,1610,1603,1604,-1,1610,1604,1611,-1,1611,1604,1605,-1,1611,1605,1612,-1,1612,1605,1606,-1,1612,1606,1613,-1,1613,1606,1607,-1,1613,1607,1017,-1,1017,1607,1020,-1,1017,1020,1015,-1,1015,1020,1019,-1,814,815,1222,-1,1222,815,984,-1,1222,984,1216,-1,1216,984,1608,-1,1216,1608,1211,-1,1211,1608,1609,-1,1211,1609,1207,-1,1207,1609,1610,-1,1207,1610,1204,-1,1204,1610,1611,-1,1204,1611,1202,-1,1202,1611,1612,-1,1202,1612,1014,-1,1014,1612,1613,-1,1014,1613,1012,-1,1012,1613,1017,-1,1012,1017,1182,-1,1182,1017,1016,-1,1200,1198,1614,-1,1197,1195,1615,-1,1194,1192,1616,-1,1191,1189,1617,-1,1188,1186,1618,-1,1185,1184,1619,-1,1183,1182,1620,-1,1016,1015,1621,-1,1019,1018,1622,-1,1022,1021,1623,-1,1025,1024,1624,-1,1028,1027,1625,-1,1031,1030,1626,-1,1034,1033,1627,-1,1037,1036,1628,-1,1040,1039,1629,-1,1043,1042,1630,-1,1046,1045,1631,-1,1180,1179,1632,-1,1177,1176,1633,-1,1174,1173,1634,-1,1171,1170,1635,-1,1168,1167,1636,-1,1165,1164,1637,-1,1162,1161,1638,-1,1159,1158,1639,-1,1156,1155,1640,-1,1153,1152,1641,-1,1150,1149,1642,-1,1147,1146,1643,-1,1145,1143,1644,-1,1049,1048,1645,-1,1052,1051,1646,-1,1055,1054,1647,-1,1058,1057,1648,-1,1061,1060,1649,-1,1064,1063,1650,-1,1076,1075,1651,-1,1079,1078,1652,-1,1082,1081,1653,-1,1085,1084,1654,-1,1088,1087,1655,-1,1091,1090,1656,-1,1094,1093,1657,-1,1097,1096,1658,-1,1100,1099,1659,-1,1103,1102,1660,-1,1106,1105,1661,-1,1109,1108,1662,-1,1112,1111,1663,-1,1141,1140,1664,-1,1138,1137,1665,-1,1135,1134,1666,-1,1132,1131,1667,-1,1129,1128,1668,-1,1126,1125,1669,-1,1123,1122,1670,-1,1120,1119,1671,-1,1117,1116,1672,-1,1673,1674,1675,-1,1676,1677,1678,-1,1679,1680,1681,-1,1682,1683,1684,-1,1685,1686,1687,-1,1688,1689,1690,-1,1691,1692,1693,-1,1694,1695,1696,-1,1697,1698,1699,-1,1700,1701,1702,-1,1703,1704,1705,-1,1706,1707,1708,-1,1709,1710,1711,-1,1712,1713,1714,-1,1715,1716,1717,-1,1718,1719,1720,-1,1721,1722,1723,-1,1724,1725,1726,-1,1727,1728,1729,-1,1730,1731,1732,-1,1733,1734,1735,-1,1736,1737,1738,-1,1739,1740,1741,-1,1740,1739,1742,-1,1743,1744,1745,-1,1746,1747,1748,-1,1747,1746,1749,-1,1750,1751,1752,-1,1753,1754,1674,-1,1754,1755,1674,-1,1674,1755,1756,-1,1674,1756,1675,-1,1675,1756,1750,-1,1751,1757,1758,-1,1758,1757,1759,-1,1758,1759,1749,-1,1760,1748,1743,-1,1744,1761,1762,-1,1762,1761,1763,-1,1762,1763,1764,-1,1765,1764,1766,-1,1766,1767,1768,-1,1768,1767,1769,-1,1769,1770,1771,-1,1771,1770,1742,-1,1772,1741,1736,-1,1737,1773,1774,-1,1774,1773,1775,-1,1774,1775,1776,-1,1777,1776,1778,-1,1778,1779,1780,-1,1780,1779,1733,-1,1734,1781,1782,-1,1782,1781,1783,-1,1782,1783,1784,-1,1785,1784,1730,-1,1727,1729,1731,-1,1721,1723,1786,-1,1718,1720,1787,-1,1715,1717,1788,-1,1712,1714,1789,-1,1706,1708,1790,-1,1694,1696,1791,-1,1688,1690,1792,-1,1685,1687,1793,-1,1679,1681,1794,-1,1676,1678,1795,-1,1796,1753,1797,-1,1797,1753,1674,-1,1797,1674,1798,-1,1798,1674,1673,-1,1798,1673,1799,-1,1800,1796,1801,-1,1801,1796,1797,-1,1801,1797,1802,-1,1802,1797,1798,-1,1802,1798,1803,-1,1803,1798,1799,-1,1803,1799,1672,-1,1804,1805,1806,-1,1807,1800,1808,-1,1808,1800,1801,-1,1808,1801,1809,-1,1809,1801,1802,-1,1809,1802,1810,-1,1810,1802,1803,-1,1810,1803,1811,-1,1811,1803,1672,-1,1811,1672,1115,-1,1115,1672,1116,-1,1750,1752,1675,-1,1675,1752,1812,-1,1675,1812,1673,-1,1673,1812,1813,-1,1673,1813,1799,-1,1799,1813,1671,-1,1799,1671,1672,-1,1672,1671,1119,-1,1672,1119,1117,-1,1751,1758,1752,-1,1752,1758,1814,-1,1752,1814,1812,-1,1812,1814,1815,-1,1812,1815,1813,-1,1813,1815,1670,-1,1813,1670,1671,-1,1671,1670,1122,-1,1671,1122,1120,-1,1749,1746,1758,-1,1758,1746,1816,-1,1758,1816,1814,-1,1814,1816,1817,-1,1814,1817,1815,-1,1815,1817,1669,-1,1815,1669,1670,-1,1670,1669,1125,-1,1670,1125,1123,-1,1748,1760,1746,-1,1746,1760,1818,-1,1746,1818,1816,-1,1816,1818,1819,-1,1816,1819,1817,-1,1817,1819,1668,-1,1817,1668,1669,-1,1669,1668,1128,-1,1669,1128,1126,-1,1743,1745,1760,-1,1760,1745,1820,-1,1760,1820,1818,-1,1818,1820,1821,-1,1818,1821,1819,-1,1819,1821,1667,-1,1819,1667,1668,-1,1668,1667,1131,-1,1668,1131,1129,-1,1744,1762,1745,-1,1745,1762,1822,-1,1745,1822,1820,-1,1820,1822,1823,-1,1820,1823,1821,-1,1821,1823,1666,-1,1821,1666,1667,-1,1667,1666,1134,-1,1667,1134,1132,-1,1764,1765,1762,-1,1762,1765,1824,-1,1762,1824,1822,-1,1822,1824,1825,-1,1822,1825,1823,-1,1823,1825,1665,-1,1823,1665,1666,-1,1666,1665,1137,-1,1666,1137,1135,-1,1766,1768,1765,-1,1765,1768,1826,-1,1765,1826,1824,-1,1824,1826,1827,-1,1824,1827,1825,-1,1825,1827,1664,-1,1825,1664,1665,-1,1665,1664,1140,-1,1665,1140,1138,-1,1769,1771,1768,-1,1768,1771,1828,-1,1768,1828,1826,-1,1826,1828,1829,-1,1826,1829,1827,-1,1827,1829,1663,-1,1827,1663,1664,-1,1664,1663,1111,-1,1664,1111,1141,-1,1742,1739,1771,-1,1771,1739,1830,-1,1771,1830,1828,-1,1828,1830,1831,-1,1828,1831,1829,-1,1829,1831,1662,-1,1829,1662,1663,-1,1663,1662,1108,-1,1663,1108,1112,-1,1741,1772,1739,-1,1739,1772,1832,-1,1739,1832,1830,-1,1830,1832,1833,-1,1830,1833,1831,-1,1831,1833,1661,-1,1831,1661,1662,-1,1662,1661,1105,-1,1662,1105,1109,-1,1736,1738,1772,-1,1772,1738,1834,-1,1772,1834,1832,-1,1832,1834,1835,-1,1832,1835,1833,-1,1833,1835,1660,-1,1833,1660,1661,-1,1661,1660,1102,-1,1661,1102,1106,-1,1737,1774,1738,-1,1738,1774,1836,-1,1738,1836,1834,-1,1834,1836,1837,-1,1834,1837,1835,-1,1835,1837,1659,-1,1835,1659,1660,-1,1660,1659,1099,-1,1660,1099,1103,-1,1776,1777,1774,-1,1774,1777,1838,-1,1774,1838,1836,-1,1836,1838,1839,-1,1836,1839,1837,-1,1837,1839,1658,-1,1837,1658,1659,-1,1659,1658,1096,-1,1659,1096,1100,-1,1778,1780,1777,-1,1777,1780,1840,-1,1777,1840,1838,-1,1838,1840,1841,-1,1838,1841,1839,-1,1839,1841,1657,-1,1839,1657,1658,-1,1658,1657,1093,-1,1658,1093,1097,-1,1733,1735,1780,-1,1780,1735,1842,-1,1780,1842,1840,-1,1840,1842,1843,-1,1840,1843,1841,-1,1841,1843,1656,-1,1841,1656,1657,-1,1657,1656,1090,-1,1657,1090,1094,-1,1734,1782,1735,-1,1735,1782,1844,-1,1735,1844,1842,-1,1842,1844,1845,-1,1842,1845,1843,-1,1843,1845,1655,-1,1843,1655,1656,-1,1656,1655,1087,-1,1656,1087,1091,-1,1784,1785,1782,-1,1782,1785,1846,-1,1782,1846,1844,-1,1844,1846,1847,-1,1844,1847,1845,-1,1845,1847,1654,-1,1845,1654,1655,-1,1655,1654,1084,-1,1655,1084,1088,-1,1730,1732,1785,-1,1785,1732,1848,-1,1785,1848,1846,-1,1846,1848,1849,-1,1846,1849,1847,-1,1847,1849,1653,-1,1847,1653,1654,-1,1654,1653,1081,-1,1654,1081,1085,-1,1731,1729,1732,-1,1732,1729,1850,-1,1732,1850,1848,-1,1848,1850,1851,-1,1848,1851,1849,-1,1849,1851,1652,-1,1849,1652,1653,-1,1653,1652,1078,-1,1653,1078,1082,-1,1729,1852,1850,-1,1850,1852,1853,-1,1850,1853,1851,-1,1851,1853,1651,-1,1851,1651,1652,-1,1652,1651,1075,-1,1652,1075,1079,-1,1852,1804,1853,-1,1853,1804,1806,-1,1853,1806,1651,-1,1651,1806,1072,-1,1651,1072,1076,-1,1067,1066,1854,-1,1854,1066,1805,-1,1854,1805,1855,-1,1855,1805,1804,-1,1855,1804,1856,-1,1856,1804,1852,-1,1856,1852,1857,-1,1857,1852,1729,-1,1857,1729,1858,-1,1858,1729,1728,-1,1066,1070,1805,-1,1805,1070,1069,-1,1805,1069,1806,-1,1806,1069,1073,-1,1806,1073,1072,-1,1858,1724,1857,-1,1857,1724,1726,-1,1857,1726,1856,-1,1856,1726,1859,-1,1856,1859,1855,-1,1855,1859,1860,-1,1855,1860,1854,-1,1854,1860,1650,-1,1854,1650,1067,-1,1067,1650,1063,-1,1725,1861,1726,-1,1726,1861,1862,-1,1726,1862,1859,-1,1859,1862,1863,-1,1859,1863,1860,-1,1860,1863,1864,-1,1860,1864,1650,-1,1650,1864,1649,-1,1650,1649,1064,-1,1064,1649,1060,-1,1861,1786,1862,-1,1862,1786,1723,-1,1862,1723,1863,-1,1863,1723,1865,-1,1863,1865,1864,-1,1864,1865,1866,-1,1864,1866,1649,-1,1649,1866,1648,-1,1649,1648,1061,-1,1061,1648,1057,-1,1722,1867,1723,-1,1723,1867,1868,-1,1723,1868,1865,-1,1865,1868,1869,-1,1865,1869,1866,-1,1866,1869,1870,-1,1866,1870,1648,-1,1648,1870,1647,-1,1648,1647,1058,-1,1058,1647,1054,-1,1867,1871,1868,-1,1868,1871,1872,-1,1868,1872,1869,-1,1869,1872,1873,-1,1869,1873,1870,-1,1870,1873,1874,-1,1870,1874,1647,-1,1647,1874,1646,-1,1647,1646,1055,-1,1055,1646,1051,-1,1871,1787,1872,-1,1872,1787,1720,-1,1872,1720,1873,-1,1873,1720,1875,-1,1873,1875,1874,-1,1874,1875,1876,-1,1874,1876,1646,-1,1646,1876,1645,-1,1646,1645,1052,-1,1052,1645,1048,-1,1719,1877,1720,-1,1720,1877,1878,-1,1720,1878,1875,-1,1875,1878,1879,-1,1875,1879,1876,-1,1876,1879,1880,-1,1876,1880,1645,-1,1645,1880,1644,-1,1645,1644,1049,-1,1049,1644,1143,-1,1146,1145,1643,-1,1643,1145,1644,-1,1643,1644,1881,-1,1881,1644,1880,-1,1881,1880,1882,-1,1882,1880,1879,-1,1882,1879,1883,-1,1883,1879,1878,-1,1883,1878,1884,-1,1884,1878,1877,-1,1149,1147,1642,-1,1642,1147,1643,-1,1642,1643,1885,-1,1885,1643,1881,-1,1885,1881,1886,-1,1886,1881,1882,-1,1886,1882,1887,-1,1887,1882,1883,-1,1887,1883,1888,-1,1888,1883,1884,-1,1152,1150,1641,-1,1641,1150,1642,-1,1641,1642,1889,-1,1889,1642,1885,-1,1889,1885,1890,-1,1890,1885,1886,-1,1890,1886,1717,-1,1717,1886,1887,-1,1717,1887,1788,-1,1788,1887,1888,-1,1155,1153,1640,-1,1640,1153,1641,-1,1640,1641,1891,-1,1891,1641,1889,-1,1891,1889,1892,-1,1892,1889,1890,-1,1892,1890,1893,-1,1893,1890,1717,-1,1893,1717,1894,-1,1894,1717,1716,-1,1158,1156,1639,-1,1639,1156,1640,-1,1639,1640,1895,-1,1895,1640,1891,-1,1895,1891,1896,-1,1896,1891,1892,-1,1896,1892,1897,-1,1897,1892,1893,-1,1897,1893,1898,-1,1898,1893,1894,-1,1161,1159,1638,-1,1638,1159,1639,-1,1638,1639,1899,-1,1899,1639,1895,-1,1899,1895,1900,-1,1900,1895,1896,-1,1900,1896,1714,-1,1714,1896,1897,-1,1714,1897,1789,-1,1789,1897,1898,-1,1164,1162,1637,-1,1637,1162,1638,-1,1637,1638,1901,-1,1901,1638,1899,-1,1901,1899,1902,-1,1902,1899,1900,-1,1902,1900,1711,-1,1711,1900,1714,-1,1711,1714,1709,-1,1709,1714,1713,-1,1167,1165,1636,-1,1636,1165,1637,-1,1636,1637,1903,-1,1903,1637,1901,-1,1903,1901,1904,-1,1904,1901,1902,-1,1904,1902,1905,-1,1905,1902,1711,-1,1905,1711,1906,-1,1906,1711,1710,-1,1170,1168,1635,-1,1635,1168,1636,-1,1635,1636,1907,-1,1907,1636,1903,-1,1907,1903,1908,-1,1908,1903,1904,-1,1908,1904,1909,-1,1909,1904,1905,-1,1909,1905,1910,-1,1910,1905,1906,-1,1173,1171,1634,-1,1634,1171,1635,-1,1634,1635,1911,-1,1911,1635,1907,-1,1911,1907,1912,-1,1912,1907,1908,-1,1912,1908,1708,-1,1708,1908,1909,-1,1708,1909,1790,-1,1790,1909,1910,-1,1176,1174,1633,-1,1633,1174,1634,-1,1633,1634,1913,-1,1913,1634,1911,-1,1913,1911,1914,-1,1914,1911,1912,-1,1914,1912,1915,-1,1915,1912,1708,-1,1915,1708,1916,-1,1916,1708,1707,-1,1179,1177,1632,-1,1632,1177,1633,-1,1632,1633,1917,-1,1917,1633,1913,-1,1917,1913,1918,-1,1918,1913,1914,-1,1918,1914,1705,-1,1705,1914,1915,-1,1705,1915,1703,-1,1703,1915,1916,-1,1045,1180,1631,-1,1631,1180,1632,-1,1631,1632,1919,-1,1919,1632,1917,-1,1919,1917,1920,-1,1920,1917,1918,-1,1920,1918,1702,-1,1702,1918,1705,-1,1702,1705,1700,-1,1700,1705,1704,-1,1042,1046,1630,-1,1630,1046,1631,-1,1630,1631,1921,-1,1921,1631,1919,-1,1921,1919,1922,-1,1922,1919,1920,-1,1922,1920,1699,-1,1699,1920,1702,-1,1699,1702,1697,-1,1697,1702,1701,-1,1039,1043,1629,-1,1629,1043,1630,-1,1629,1630,1923,-1,1923,1630,1921,-1,1923,1921,1924,-1,1924,1921,1922,-1,1924,1922,1925,-1,1925,1922,1699,-1,1925,1699,1926,-1,1926,1699,1698,-1,1036,1040,1628,-1,1628,1040,1629,-1,1628,1629,1927,-1,1927,1629,1923,-1,1927,1923,1928,-1,1928,1923,1924,-1,1928,1924,1929,-1,1929,1924,1925,-1,1929,1925,1930,-1,1930,1925,1926,-1,1033,1037,1627,-1,1627,1037,1628,-1,1627,1628,1931,-1,1931,1628,1927,-1,1931,1927,1932,-1,1932,1927,1928,-1,1932,1928,1696,-1,1696,1928,1929,-1,1696,1929,1791,-1,1791,1929,1930,-1,1030,1034,1626,-1,1626,1034,1627,-1,1626,1627,1933,-1,1933,1627,1931,-1,1933,1931,1934,-1,1934,1931,1932,-1,1934,1932,1935,-1,1935,1932,1696,-1,1935,1696,1936,-1,1936,1696,1695,-1,1027,1031,1625,-1,1625,1031,1626,-1,1625,1626,1937,-1,1937,1626,1933,-1,1937,1933,1938,-1,1938,1933,1934,-1,1938,1934,1693,-1,1693,1934,1935,-1,1693,1935,1691,-1,1691,1935,1936,-1,1024,1028,1624,-1,1624,1028,1625,-1,1624,1625,1939,-1,1939,1625,1937,-1,1939,1937,1940,-1,1940,1937,1938,-1,1940,1938,1941,-1,1941,1938,1693,-1,1941,1693,1942,-1,1942,1693,1692,-1,1021,1025,1623,-1,1623,1025,1624,-1,1623,1624,1943,-1,1943,1624,1939,-1,1943,1939,1944,-1,1944,1939,1940,-1,1944,1940,1690,-1,1690,1940,1941,-1,1690,1941,1792,-1,1792,1941,1942,-1,1018,1022,1622,-1,1622,1022,1623,-1,1622,1623,1945,-1,1945,1623,1943,-1,1945,1943,1946,-1,1946,1943,1944,-1,1946,1944,1947,-1,1947,1944,1690,-1,1947,1690,1948,-1,1948,1690,1689,-1,1015,1019,1621,-1,1621,1019,1622,-1,1621,1622,1949,-1,1949,1622,1945,-1,1949,1945,1950,-1,1950,1945,1946,-1,1950,1946,1951,-1,1951,1946,1947,-1,1951,1947,1952,-1,1952,1947,1948,-1,1182,1016,1620,-1,1620,1016,1621,-1,1620,1621,1953,-1,1953,1621,1949,-1,1953,1949,1954,-1,1954,1949,1950,-1,1954,1950,1687,-1,1687,1950,1951,-1,1687,1951,1793,-1,1793,1951,1952,-1,1184,1183,1619,-1,1619,1183,1620,-1,1619,1620,1955,-1,1955,1620,1953,-1,1955,1953,1956,-1,1956,1953,1954,-1,1956,1954,1957,-1,1957,1954,1687,-1,1957,1687,1958,-1,1958,1687,1686,-1,1186,1185,1618,-1,1618,1185,1619,-1,1618,1619,1959,-1,1959,1619,1955,-1,1959,1955,1960,-1,1960,1955,1956,-1,1960,1956,1684,-1,1684,1956,1957,-1,1684,1957,1682,-1,1682,1957,1958,-1,1189,1188,1617,-1,1617,1188,1618,-1,1617,1618,1961,-1,1961,1618,1959,-1,1961,1959,1962,-1,1962,1959,1960,-1,1962,1960,1963,-1,1963,1960,1684,-1,1963,1684,1964,-1,1964,1684,1683,-1,1192,1191,1616,-1,1616,1191,1617,-1,1616,1617,1965,-1,1965,1617,1961,-1,1965,1961,1966,-1,1966,1961,1962,-1,1966,1962,1681,-1,1681,1962,1963,-1,1681,1963,1794,-1,1794,1963,1964,-1,1195,1194,1615,-1,1615,1194,1616,-1,1615,1616,1967,-1,1967,1616,1965,-1,1967,1965,1968,-1,1968,1965,1966,-1,1968,1966,1969,-1,1969,1966,1681,-1,1969,1681,1970,-1,1970,1681,1680,-1,1198,1197,1614,-1,1614,1197,1615,-1,1614,1615,1971,-1,1971,1615,1967,-1,1971,1967,1972,-1,1972,1967,1968,-1,1972,1968,1973,-1,1973,1968,1969,-1,1973,1969,1974,-1,1974,1969,1970,-1,1201,1200,1975,-1,1975,1200,1614,-1,1975,1614,1976,-1,1976,1614,1971,-1,1976,1971,1977,-1,1977,1971,1972,-1,1977,1972,1678,-1,1678,1972,1973,-1,1678,1973,1795,-1,1795,1973,1974,-1,1677,1807,1678,-1,1678,1807,1808,-1,1678,1808,1977,-1,1977,1808,1809,-1,1977,1809,1976,-1,1976,1809,1810,-1,1976,1810,1975,-1,1975,1810,1811,-1,1975,1811,1201,-1,1201,1811,1115,-1,1978,1979,1800,-1,1980,1753,1979,-1,1979,1753,1796,-1,1979,1796,1800,-1,1750,1756,1981,-1,1981,1756,1755,-1,1981,1755,1980,-1,1980,1755,1754,-1,1980,1754,1753,-1,1750,1981,1751,-1,1751,1981,1982,-1,1751,1982,1757,-1,1757,1982,1759,-1,1759,1982,1983,-1,1759,1983,1749,-1,1749,1983,1747,-1,1747,1983,1984,-1,1747,1984,1748,-1,1985,1744,1984,-1,1984,1744,1743,-1,1984,1743,1748,-1,1766,1764,1986,-1,1986,1764,1763,-1,1986,1763,1985,-1,1985,1763,1761,-1,1985,1761,1744,-1,1766,1986,1767,-1,1767,1986,1987,-1,1767,1987,1769,-1,1769,1987,1770,-1,1770,1987,1988,-1,1770,1988,1742,-1,1742,1988,1740,-1,1740,1988,1989,-1,1740,1989,1741,-1,1990,1737,1989,-1,1989,1737,1736,-1,1989,1736,1741,-1,1778,1776,1991,-1,1991,1776,1775,-1,1991,1775,1990,-1,1990,1775,1773,-1,1990,1773,1737,-1,1778,1991,1779,-1,1779,1991,1992,-1,1779,1992,1733,-1,1733,1992,1734,-1,1734,1992,1993,-1,1734,1993,1781,-1,1781,1993,1783,-1,1783,1993,1994,-1,1783,1994,1784,-1,1995,1731,1994,-1,1994,1731,1730,-1,1994,1730,1784,-1,1724,1858,1996,-1,1996,1858,1728,-1,1996,1728,1995,-1,1995,1728,1727,-1,1995,1727,1731,-1,1724,1996,1725,-1,1725,1996,1997,-1,1725,1997,1861,-1,1861,1997,1786,-1,1786,1997,1998,-1,1786,1998,1721,-1,1721,1998,1722,-1,1722,1998,1999,-1,1722,1999,1867,-1,2000,1787,1999,-1,1999,1787,1871,-1,1999,1871,1867,-1,2001,1719,2000,-1,2000,1719,1718,-1,2000,1718,1787,-1,2002,1884,2001,-1,2001,1884,1877,-1,2001,1877,1719,-1,2003,1788,2002,-1,2002,1788,1888,-1,2002,1888,1884,-1,1898,1894,2004,-1,2004,1894,1716,-1,2004,1716,2003,-1,2003,1716,1715,-1,2003,1715,1788,-1,1898,2004,1789,-1,1789,2004,2005,-1,1789,2005,1712,-1,1712,2005,1713,-1,1713,2005,2006,-1,1713,2006,1709,-1,1709,2006,1710,-1,1710,2006,2007,-1,1710,2007,1906,-1,2008,1790,2007,-1,2007,1790,1910,-1,2007,1910,1906,-1,1703,1916,2009,-1,2009,1916,1707,-1,2009,1707,2008,-1,2008,1707,1706,-1,2008,1706,1790,-1,1703,2009,1704,-1,1704,2009,2010,-1,1704,2010,1700,-1,1700,2010,1701,-1,1701,2010,2011,-1,1701,2011,1697,-1,1697,2011,1698,-1,1698,2011,2012,-1,1698,2012,1926,-1,2013,1791,2012,-1,2012,1791,1930,-1,2012,1930,1926,-1,1691,1936,2014,-1,2014,1936,1695,-1,2014,1695,2013,-1,2013,1695,1694,-1,2013,1694,1791,-1,1691,2014,1692,-1,1692,2014,2015,-1,1692,2015,1942,-1,1942,2015,1792,-1,1792,2015,2016,-1,1792,2016,1688,-1,1688,2016,1689,-1,1689,2016,2017,-1,1689,2017,1948,-1,2018,1793,2017,-1,2017,1793,1952,-1,2017,1952,1948,-1,1682,1958,2019,-1,2019,1958,1686,-1,2019,1686,2018,-1,2018,1686,1685,-1,2018,1685,1793,-1,1682,2019,1683,-1,1683,2019,2020,-1,1683,2020,1964,-1,1964,2020,1794,-1,1794,2020,2021,-1,1794,2021,1679,-1,1679,2021,1680,-1,1680,2021,2022,-1,1680,2022,1970,-1,2023,1795,2022,-1,2022,1795,1974,-1,2022,1974,1970,-1,1800,1807,1978,-1,1978,1807,1677,-1,1978,1677,2023,-1,2023,1677,1676,-1,2023,1676,1795,-1,
        ]
    }
}
Shape{
    appearance Appearance {
        material  Material 	{
            diffuseColor 0.20784313725490197 0.20784313725490197 0.20784313725490197
            specularColor 0.01568627450980392 0.01568627450980392 0.01568627450980392
            ambientIntensity 0.298
            transparency 0.0
            shininess 0.5
        }
    }
    geometry IndexedFaceSet {
        ccw TRUE
        solid FALSE
        coord DEF co Coordinate {
            point [
                1.2402 0.0 0.3937, 1.2795 -0.3937 0.3937, 1.2795 0.3937 0.3937, -0.0846 -1.2373 0.3937, -0.3937 -1.1967 0.3937, -0.3937 -1.2795 0.3937, 1.0596 0.6444 0.3937, 1.1375 0.4941 0.3937, 1.1967 0.3937 0.3937, 1.1942 0.3346 0.3937, 1.2286 0.1689 0.3937, 1.2286 -0.1689 0.3937, 1.1942 -0.3346 0.3937, 1.1967 -0.3937 0.3937, 1.1375 -0.4941 0.3937, 1.1336 -0.5496 0.3937, 1.0596 -0.6444 0.3937, 1.1336 0.5496 0.3937, 1.0503 0.6957 0.3937, 0.962 0.7826 0.3937, 0.9483 0.8294 0.3937, 0.8465 0.9064 0.3937, 0.8294 0.9483 0.3937, 0.7152 1.0132 0.3937, 0.6957 1.0503 0.3937, 0.5706 1.1011 0.3937, 0.5496 1.1336 0.3937, 0.4153 1.1686 0.3937, 0.3937 1.1967 0.3937, 0.2523 1.2142 0.3937, 0.0846 1.2373 0.3937, 0.3937 1.2795 0.3937, -0.0846 1.2373 0.3937, -0.3937 1.2795 0.3937, -0.2523 1.2142 0.3937, -0.3937 1.1967 0.3937, -0.4153 1.1686 0.3937, -1.1967 0.3937 0.3937, -1.1375 0.4941 0.3937, -1.1336 0.5496 0.3937, -1.0596 0.6444 0.3937, 0.0846 -1.2373 0.3937, 0.3937 -1.2795 0.3937, 0.2523 -1.2142 0.3937, 0.3937 -1.1967 0.3937, 0.4153 -1.1686 0.3937, 0.5706 -1.1011 0.3937, 0.5496 -1.1336 0.3937, 0.7152 -1.0132 0.3937, 0.6957 -1.0503 0.3937, 0.8465 -0.9064 0.3937, 0.8294 -0.9483 0.3937, 0.962 -0.7826 0.3937, 0.9483 -0.8294 0.3937, 1.0503 -0.6957 0.3937, -1.2795 -0.3937 0.3937, -1.2402 -0.0 0.3937, -1.2795 0.3937 0.3937, -1.2286 0.1689 0.3937, -1.1942 0.3346 0.3937, -0.5706 1.1011 0.3937, -0.5496 1.1336 0.3937, -0.7152 1.0132 0.3937, -0.6957 1.0503 0.3937, -0.8465 0.9064 0.3937, -0.8294 0.9483 0.3937, -0.962 0.7826 0.3937, -0.9483 0.8294 0.3937, -1.0503 0.6957 0.3937, -0.2523 -1.2142 0.3937, -0.4153 -1.1686 0.3937, -0.5496 -1.1336 0.3937, -0.5706 -1.1011 0.3937, -0.6957 -1.0503 0.3937, -0.7152 -1.0132 0.3937, -0.8294 -0.9483 0.3937, -0.8465 -0.9064 0.3937, -0.9483 -0.8294 0.3937, -0.962 -0.7826 0.3937, -1.0503 -0.6957 0.3937, -1.0596 -0.6444 0.3937, -1.1336 -0.5496 0.3937, -1.1375 -0.4941 0.3937, -1.1967 -0.3937 0.3937, -1.1942 -0.3346 0.3937, -1.2286 -0.1689 0.3937, -0.4755 -0.2092 0.1575, -0.5315 -0.2165 0.1575, -0.5315 -0.1378 0.1575, -1.2795 -0.2165 0.1575, -0.5315 0.1378 0.1575, -1.2795 0.2165 0.1575, -0.5315 0.2165 0.1575, -0.315 -0.0 0.1575, -0.3223 -0.056 0.1575, -0.4134 -0.1378 0.1575, -0.3223 0.056 0.1575, -0.344 -0.1083 0.1575, -0.3784 -0.1531 0.1575, -0.4232 -0.1875 0.1575, -0.4755 0.2092 0.1575, -0.4232 0.1875 0.1575, -0.4134 0.1378 0.1575, -0.3784 0.1531 0.1575, -0.344 0.1083 0.1575, 1.2795 -0.3937 0.7415, 1.2795 -1.2795 0.7415, 1.2795 -1.2795 0.0787, 1.2795 -0.2165 0.0787, 1.2795 -0.2165 0.1575, 1.2795 0.2165 0.1575, 1.2795 0.2165 0.0787, 1.2795 1.2795 0.7415, 1.2795 0.3937 0.7415, 1.2795 1.2795 0.0787, 1.2795 0.482 0.0787, -0.3937 1.1967 0.584, -0.5496 1.1336 0.584, -0.6957 1.0503 0.584, -0.8294 0.9483 0.584, -0.9483 0.8294 0.584, -1.0503 0.6957 0.584, -1.1336 0.5496 0.584, -1.1967 0.3937 0.584, -1.1967 -0.3937 0.584, -1.1336 -0.5496 0.584, -1.0503 -0.6957 0.584, -0.9483 -0.8294 0.584, -0.8294 -0.9483 0.584, -0.6957 -1.0503 0.584, -0.5496 -1.1336 0.584, -0.3937 -1.1967 0.584, -0.3937 -1.2795 0.584, -0.8071 -1.2795 0.584, 0.3937 -1.2795 0.7415, -0.1032 -1.2795 0.0787, -0.8071 -1.2795 0.0787, -1.2795 -0.8071 0.584, -1.2795 -0.8071 0.0787, -1.2795 0.482 0.0787, -1.2795 0.2165 0.0787, -1.2795 0.3937 0.584, -1.2795 0.8071 0.584, -1.2795 0.8071 0.0787, -1.2795 -0.2165 0.0787, -1.2795 -0.3937 0.584, -0.8071 1.2795 0.584, -0.8071 1.2795 0.0787, -0.3937 1.2795 0.584, 0.3937 1.2795 0.7415, -0.1032 1.2795 0.0787, 1.1967 0.3937 0.7415, 1.1336 0.5496 0.7415, 1.0503 0.6957 0.7415, 0.9483 0.8294 0.7415, 0.8294 0.9483 0.7415, 0.6957 1.0503 0.7415, 0.5496 1.1336 0.7415, 0.3937 1.1967 0.7415, 0.3937 -1.1967 0.7415, 0.5496 -1.1336 0.7415, 0.6957 -1.0503 0.7415, 0.8294 -0.9483 0.7415, 0.9483 -0.8294 0.7415, 1.0503 -0.6957 0.7415, 1.1336 -0.5496 0.7415, 1.1967 -0.3937 0.7415, -0.5315 -0.2165 0.0787, -0.5315 0.2165 0.0787, -0.4755 0.2092 0.0787, -0.4232 0.1875 0.0787, -0.3784 0.1531 0.0787, -0.344 0.1083 0.0787, -0.3223 0.056 0.0787, -0.315 -0.0 0.0787, -0.3223 -0.056 0.0787, -0.344 -0.1083 0.0787, -0.3784 -0.1531 0.0787, -0.4232 -0.1875 0.0787, -0.4755 -0.2092 0.0787, 0.5315 0.2165 0.0787, 0.5315 0.2165 0.1575, 0.5315 -0.2165 0.1575, 0.5315 -0.2165 0.0787, 0.4755 -0.2092 0.1575, 0.4755 -0.2092 0.0787, 0.4232 -0.1875 0.1575, 0.4232 -0.1875 0.0787, 0.3784 -0.1531 0.1575, 0.3784 -0.1531 0.0787, 0.344 -0.1083 0.1575, 0.344 -0.1083 0.0787, 0.3223 -0.056 0.1575, 0.3223 -0.056 0.0787, 0.315 0.0 0.1575, 0.315 0.0 0.0787, 0.3223 0.056 0.1575, 0.3223 0.056 0.0787, 0.344 0.1083 0.1575, 0.344 0.1083 0.0787, 0.3784 0.1531 0.1575, 0.3784 0.1531 0.0787, 0.4232 0.1875 0.1575, 0.4232 0.1875 0.0787, 0.4755 0.2092 0.1575, 0.4755 0.2092 0.0787
            ]
        }
        coordIndex [
            0,1,2,-1,3,4,5,-1,6,7,8,-1,8,7,9,-1,8,9,2,-1,2,9,10,-1,2,10,0,-1,0,11,1,-1,1,11,12,-1,1,12,13,-1,13,12,14,-1,13,14,15,-1,15,14,16,-1,8,17,6,-1,6,17,18,-1,6,18,19,-1,19,18,20,-1,19,20,21,-1,21,20,22,-1,21,22,23,-1,23,22,24,-1,23,24,25,-1,25,24,26,-1,25,26,27,-1,27,26,28,-1,27,28,29,-1,29,28,30,-1,30,28,31,-1,30,31,32,-1,32,31,33,-1,32,33,34,-1,34,33,35,-1,34,35,36,-1,37,38,39,-1,39,38,40,-1,3,5,41,-1,41,5,42,-1,41,42,43,-1,43,42,44,-1,43,44,45,-1,45,44,46,-1,46,44,47,-1,46,47,48,-1,48,47,49,-1,48,49,50,-1,50,49,51,-1,50,51,52,-1,52,51,53,-1,52,53,16,-1,16,53,54,-1,16,54,15,-1,55,56,57,-1,57,56,58,-1,57,58,37,-1,37,58,59,-1,37,59,38,-1,36,35,60,-1,60,35,61,-1,60,61,62,-1,62,61,63,-1,62,63,64,-1,64,63,65,-1,64,65,66,-1,66,65,67,-1,66,67,40,-1,40,67,68,-1,40,68,39,-1,3,69,4,-1,4,69,70,-1,4,70,71,-1,71,70,72,-1,71,72,73,-1,73,72,74,-1,73,74,75,-1,75,74,76,-1,75,76,77,-1,77,76,78,-1,77,78,79,-1,79,78,80,-1,79,80,81,-1,81,80,82,-1,81,82,83,-1,83,82,84,-1,83,84,55,-1,55,84,85,-1,55,85,56,-1,86,87,88,-1,88,87,89,-1,88,89,90,-1,90,89,91,-1,90,91,92,-1,93,94,95,-1,93,95,96,-1,94,97,95,-1,95,97,98,-1,95,98,88,-1,88,98,99,-1,88,99,86,-1,92,100,90,-1,90,100,101,-1,90,101,102,-1,102,101,103,-1,102,103,95,-1,95,103,104,-1,95,104,96,-1,105,106,1,-1,1,106,107,-1,107,108,1,-1,1,108,109,-1,1,109,2,-1,2,109,110,-1,2,110,111,-1,112,113,114,-1,114,113,2,-1,114,2,115,-1,115,2,111,-1,35,116,61,-1,61,116,117,-1,61,117,63,-1,63,117,118,-1,63,118,65,-1,65,118,119,-1,65,119,67,-1,67,119,120,-1,67,120,68,-1,68,120,121,-1,68,121,39,-1,39,121,122,-1,39,122,37,-1,37,122,123,-1,83,124,81,-1,81,124,125,-1,81,125,79,-1,79,125,126,-1,79,126,77,-1,77,126,127,-1,77,127,75,-1,75,127,128,-1,75,128,73,-1,73,128,129,-1,73,129,71,-1,71,129,130,-1,71,130,4,-1,4,130,131,-1,5,132,133,-1,106,134,107,-1,107,134,42,-1,107,42,135,-1,135,42,5,-1,135,5,136,-1,136,5,133,-1,137,138,133,-1,133,138,136,-1,139,140,91,-1,141,142,57,-1,57,142,143,-1,143,139,57,-1,57,139,91,-1,57,91,55,-1,55,91,89,-1,89,144,55,-1,55,144,138,-1,55,138,145,-1,145,138,137,-1,146,147,142,-1,142,147,143,-1,146,148,147,-1,147,148,33,-1,149,112,31,-1,31,112,114,-1,31,114,33,-1,33,114,150,-1,33,150,147,-1,35,33,116,-1,116,33,148,-1,5,4,132,-1,132,4,131,-1,83,55,124,-1,124,55,145,-1,57,37,141,-1,141,37,123,-1,8,151,17,-1,17,151,152,-1,17,152,18,-1,18,152,153,-1,18,153,20,-1,20,153,154,-1,20,154,22,-1,22,154,155,-1,22,155,24,-1,24,155,156,-1,24,156,26,-1,26,156,157,-1,26,157,28,-1,28,157,158,-1,149,158,112,-1,112,158,157,-1,157,156,112,-1,112,156,155,-1,112,155,154,-1,151,113,152,-1,152,113,112,-1,152,112,153,-1,153,112,154,-1,44,159,47,-1,47,159,160,-1,47,160,49,-1,49,160,161,-1,49,161,51,-1,51,161,162,-1,51,162,53,-1,53,162,163,-1,53,163,54,-1,54,163,164,-1,54,164,15,-1,15,164,165,-1,15,165,13,-1,13,165,166,-1,105,166,106,-1,106,166,165,-1,165,164,106,-1,106,164,163,-1,106,163,162,-1,159,134,160,-1,160,134,106,-1,160,106,161,-1,161,106,162,-1,31,28,149,-1,149,28,158,-1,134,159,42,-1,42,159,44,-1,113,151,2,-1,2,151,8,-1,1,13,105,-1,105,13,166,-1,141,123,142,-1,142,123,122,-1,119,146,120,-1,120,146,142,-1,120,142,121,-1,121,142,122,-1,116,148,117,-1,117,148,146,-1,117,146,118,-1,118,146,119,-1,124,145,125,-1,125,145,137,-1,125,137,126,-1,132,131,133,-1,133,131,130,-1,130,129,133,-1,133,129,128,-1,133,128,137,-1,137,128,127,-1,137,127,126,-1,87,167,89,-1,89,167,144,-1,92,168,100,-1,100,168,169,-1,100,169,101,-1,101,169,170,-1,101,170,103,-1,103,170,171,-1,103,171,104,-1,104,171,172,-1,104,172,96,-1,96,172,173,-1,96,173,93,-1,93,173,174,-1,93,174,94,-1,94,174,175,-1,94,175,97,-1,97,175,176,-1,97,176,98,-1,98,176,177,-1,98,177,99,-1,99,177,178,-1,99,178,86,-1,86,178,179,-1,86,179,87,-1,87,179,167,-1,168,92,140,-1,140,92,91,-1,180,111,181,-1,181,111,110,-1,182,183,184,-1,184,183,185,-1,184,185,186,-1,186,185,187,-1,186,187,188,-1,188,187,189,-1,188,189,190,-1,190,189,191,-1,190,191,192,-1,192,191,193,-1,192,193,194,-1,194,193,195,-1,194,195,196,-1,196,195,197,-1,196,197,198,-1,198,197,199,-1,198,199,200,-1,200,199,201,-1,200,201,202,-1,202,201,203,-1,202,203,204,-1,204,203,205,-1,204,205,181,-1,181,205,180,-1,182,109,183,-1,183,109,108,-1,
        ]
    }
}
Shape{
    appearance Appearance {
        material  Material 	{
            diffuseColor 0.6666666666666666 0.6666666666666666 0.6666666666666666
            specularColor 0.4666666666666667 0.4666666666666667 0.4666666666666667
            ambientIntensity 0.6667
            transparency 0.0
            shininess 0.5
        }
    }
    geometry IndexedFaceSet {
        ccw TRUE
        solid FALSE
        coord DEF co Coordinate {
            point [
                -1.4173 -0.1378 0.1181, -0.5709 -0.1378 0.1181, -1.4173 0.1378 0.1181, -0.5709 0.1378 0.1181, -1.4173 -0.1378 0.0, -1.4173 0.1378 0.0, -0.5709 -0.1378 0.0, -0.5709 0.1378 0.0, -0.5607 -0.1378 0.1195, -0.5301 -0.1378 0.0054, -0.5512 -0.1378 0.1234, -0.4921 -0.1378 0.0211, -0.543 -0.1378 0.1296, -0.4595 -0.1378 0.0461, -0.5368 -0.1378 0.1378, -0.4345 -0.1378 0.0787, -0.5328 -0.1378 0.1473, -0.4188 -0.1378 0.1167, -0.5315 -0.1378 0.1575, -0.4134 -0.1378 0.1575, -0.5315 0.1378 0.1575, -0.4134 0.1378 0.1575, -0.5328 0.1378 0.1473, -0.4188 0.1378 0.1167, -0.5368 0.1378 0.1378, -0.4345 0.1378 0.0787, -0.543 0.1378 0.1296, -0.4595 0.1378 0.0461, -0.5512 0.1378 0.1234, -0.4921 0.1378 0.0211, -0.5607 0.1378 0.1195, -0.5301 0.1378 0.0054, 0.5709 -0.1378 0.1181, 1.4173 -0.1378 0.1181, 0.5709 0.1378 0.1181, 1.4173 0.1378 0.1181, 0.5607 -0.1378 0.1195, 0.5607 0.1378 0.1195, 0.5512 -0.1378 0.1234, 0.5512 0.1378 0.1234, 0.543 -0.1378 0.1296, 0.543 0.1378 0.1296, 0.5368 -0.1378 0.1378, 0.5368 0.1378 0.1378, 0.5328 -0.1378 0.1473, 0.5328 0.1378 0.1473, 0.5315 -0.1378 0.1575, 0.5315 0.1378 0.1575, 0.4134 -0.1378 0.1575, 0.4134 0.1378 0.1575, 0.4188 0.1378 0.1167, 0.4188 -0.1378 0.1167, 0.4345 0.1378 0.0787, 0.4345 -0.1378 0.0787, 0.4595 0.1378 0.0461, 0.4595 -0.1378 0.0461, 0.4921 0.1378 0.0211, 0.4921 -0.1378 0.0211, 0.5301 0.1378 0.0054, 0.5301 -0.1378 0.0054, 0.5709 0.1378 0.0, 0.5709 -0.1378 0.0, 1.4173 -0.1378 0.0, 1.4173 0.1378 0.0
            ]
        }
        coordIndex [
            0,1,2,-1,2,1,3,-1,4,0,5,-1,5,0,2,-1,6,4,7,-1,7,4,5,-1,0,4,1,-1,1,4,6,-1,1,6,8,-1,8,6,9,-1,8,9,10,-1,10,9,11,-1,10,11,12,-1,12,11,13,-1,12,13,14,-1,14,13,15,-1,14,15,16,-1,16,15,17,-1,16,17,18,-1,18,17,19,-1,20,21,22,-1,22,21,23,-1,22,23,24,-1,24,23,25,-1,24,25,26,-1,26,25,27,-1,26,27,28,-1,28,27,29,-1,28,29,30,-1,30,29,31,-1,30,31,3,-1,3,31,7,-1,3,7,2,-1,2,7,5,-1,18,20,16,-1,16,20,22,-1,16,22,14,-1,14,22,24,-1,14,24,12,-1,12,24,26,-1,12,26,10,-1,10,26,28,-1,10,28,8,-1,8,28,30,-1,8,30,1,-1,1,30,3,-1,6,7,31,-1,6,31,9,-1,9,31,29,-1,9,29,11,-1,11,29,27,-1,11,27,13,-1,13,27,25,-1,13,25,15,-1,15,25,23,-1,15,23,17,-1,17,23,21,-1,17,21,19,-1,32,33,34,-1,34,33,35,-1,32,34,36,-1,36,34,37,-1,36,37,38,-1,38,37,39,-1,38,39,40,-1,40,39,41,-1,40,41,42,-1,42,41,43,-1,42,43,44,-1,44,43,45,-1,44,45,46,-1,46,45,47,-1,48,49,50,-1,48,50,51,-1,51,50,52,-1,51,52,53,-1,53,52,54,-1,53,54,55,-1,55,54,56,-1,55,56,57,-1,57,56,58,-1,57,58,59,-1,59,58,60,-1,59,60,61,-1,62,61,63,-1,63,61,60,-1,33,62,35,-1,35,62,63,-1,46,48,44,-1,44,48,51,-1,44,51,42,-1,42,51,53,-1,42,53,40,-1,40,53,55,-1,40,55,38,-1,38,55,57,-1,38,57,36,-1,36,57,59,-1,36,59,32,-1,32,59,61,-1,32,61,33,-1,33,61,62,-1,35,63,34,-1,34,63,60,-1,34,60,37,-1,37,60,58,-1,37,58,39,-1,39,58,56,-1,39,56,41,-1,41,56,54,-1,41,54,43,-1,43,54,52,-1,43,52,45,-1,45,52,50,-1,45,50,47,-1,47,50,49,-1,
        ]
    }
}
Shape{
    appearance Appearance {
        material  Material 	{
            diffuseColor 1.0 1.0 1.0
            specularColor 0.8784313725490196 0.8784313725490196 0.8784313725490196
            ambientIntensity 1.0
            transparency 0.0
            shininess 0.5
        }
    }
    geometry IndexedFaceSet {
        ccw TRUE
        solid FALSE
        coord DEF co Coordinate {
            point [
                0.3337 0.2839 0.0866, 0.4105 0.4808 0.0866, 0.3337 0.2839 0.0787, 0.4105 0.4808 0.0787, 0.3817 0.4808 0.0866, 0.3817 0.4808 0.0787, 0.3618 0.4256 0.0866, 0.3618 0.4256 0.0787, 0.2805 0.4256 0.0866, 0.2805 0.4256 0.0787, 0.2617 0.4808 0.0866, 0.2617 0.4808 0.0787, 0.2329 0.4808 0.0866, 0.2329 0.4808 0.0787, 0.3073 0.2839 0.0866, 0.3073 0.2839 0.0787, 0.2871 0.404 0.0866, 0.3165 0.3217 0.0866, 0.3184 0.3149 0.0866, 0.3196 0.3079 0.0866, 0.3203 0.3079 0.0866, 0.3215 0.3149 0.0866, 0.3529 0.404 0.0866, 0.3233 0.3217 0.0866, 0.2871 0.404 0.0787, 0.3529 0.404 0.0787, 0.3165 0.3217 0.0787, 0.3184 0.3149 0.0787, 0.3196 0.3079 0.0787, 0.3203 0.3079 0.0787, 0.3215 0.3149 0.0787, 0.3233 0.3217 0.0787, 0.1135 0.4808 0.0866, 0.06 0.4808 0.0866, 0.1135 0.4808 0.0787, 0.06 0.4808 0.0787, 0.06 0.2839 0.0866, 0.06 0.2839 0.0787, 0.1156 0.2839 0.0866, 0.1156 0.2839 0.0787, 0.2185 0.3799 0.0866, 0.2185 0.3799 0.0787, 0.217 0.3614 0.0787, 0.217 0.3614 0.0866, 0.2117 0.342 0.0787, 0.2117 0.342 0.0866, 0.2026 0.325 0.0787, 0.2026 0.325 0.0866, 0.1887 0.3096 0.0787, 0.1887 0.3096 0.0866, 0.1885 0.3094 0.0787, 0.1885 0.3094 0.0866, 0.167 0.2951 0.0787, 0.167 0.2951 0.0866, 0.144 0.287 0.0787, 0.144 0.287 0.0866, 0.1379 0.4786 0.0787, 0.1379 0.4786 0.0866, 0.1606 0.4719 0.0787, 0.1606 0.4719 0.0866, 0.1811 0.4599 0.0787, 0.1811 0.4599 0.0866, 0.1973 0.4444 0.0787, 0.1973 0.4444 0.0866, 0.2086 0.4268 0.0787, 0.2086 0.4268 0.0866, 0.2157 0.4062 0.0787, 0.2157 0.4062 0.0866, 0.1789 0.3331 0.0866, 0.1694 0.323 0.0866, 0.155 0.3137 0.0866, 0.1388 0.308 0.0866, 0.1155 0.3055 0.0866, 0.0864 0.3055 0.0866, 0.0864 0.4592 0.0866, 0.1144 0.4592 0.0866, 0.1351 0.4572 0.0866, 0.1517 0.4521 0.0866, 0.1651 0.4441 0.0866, 0.1762 0.4332 0.0866, 0.1845 0.4196 0.0866, 0.1902 0.4011 0.0866, 0.192 0.3804 0.0866, 0.1904 0.3608 0.0866, 0.1858 0.3453 0.0866, 0.1155 0.3055 0.0787, 0.0864 0.3055 0.0787, 0.1388 0.308 0.0787, 0.155 0.3137 0.0787, 0.1694 0.323 0.0787, 0.1789 0.3331 0.0787, 0.1858 0.3453 0.0787, 0.1904 0.3608 0.0787, 0.192 0.3804 0.0787, 0.1902 0.4011 0.0787, 0.1845 0.4196 0.0787, 0.1762 0.4332 0.0787, 0.1651 0.4441 0.0787, 0.1517 0.4521 0.0787, 0.1351 0.4572 0.0787, 0.1144 0.4592 0.0787, 0.0864 0.4592 0.0787, 0.0216 0.4592 0.0866, 0.0216 0.4808 0.0866, 0.0216 0.4592 0.0787, 0.0216 0.4808 0.0787, -0.084 0.4808 0.0866, -0.084 0.4808 0.0787, -0.084 0.2839 0.0866, -0.084 0.2839 0.0787, 0.0168 0.2839 0.0866, 0.0168 0.2839 0.0787, 0.0168 0.3055 0.0866, 0.0168 0.3055 0.0787, -0.0576 0.3055 0.0866, -0.0576 0.3055 0.0787, -0.0576 0.3703 0.0866, -0.0576 0.3703 0.0787, 0.012 0.3703 0.0866, 0.012 0.3703 0.0787, 0.012 0.392 0.0866, 0.012 0.392 0.0787, -0.0576 0.392 0.0866, -0.0576 0.392 0.0787, -0.0576 0.4592 0.0866, -0.0576 0.4592 0.0787, -0.1224 0.449 0.0866, -0.1224 0.4706 0.0866, -0.1224 0.449 0.0787, -0.1224 0.4706 0.0787, -0.1434 0.4792 0.0866, -0.1766 0.4832 0.0866, -0.1766 0.4832 0.0787, -0.1712 0.4831 0.0787, -0.1712 0.4831 0.0866, -0.1633 0.482 0.0787, -0.1434 0.4792 0.0787, -0.2689 0.3861 0.0866, -0.2689 0.3861 0.0787, -0.267 0.4089 0.0787, -0.267 0.4089 0.0866, -0.261 0.4297 0.0787, -0.261 0.4297 0.0866, -0.2506 0.4484 0.0787, -0.2506 0.4484 0.0866, -0.2358 0.464 0.0787, -0.2358 0.464 0.0866, -0.2199 0.4741 0.0787, -0.2199 0.4741 0.0866, -0.2009 0.4807 0.0787, -0.2009 0.4807 0.0866, -0.1882 0.482 0.0787, -0.1688 0.2815 0.0866, -0.1688 0.2815 0.0787, -0.1885 0.2831 0.0787, -0.1885 0.2831 0.0866, -0.2105 0.2895 0.0787, -0.2105 0.2895 0.0866, -0.2292 0.3003 0.0787, -0.2292 0.3003 0.0866, -0.2469 0.3174 0.0787, -0.2469 0.3174 0.0866, -0.2585 0.3358 0.0787, -0.2585 0.3358 0.0866, -0.266 0.3581 0.0787, -0.266 0.3581 0.0866, -0.1224 0.2893 0.0866, -0.1224 0.2893 0.0787, -0.1452 0.2831 0.0787, -0.1452 0.2831 0.0866, -0.1224 0.3157 0.0866, -0.1224 0.3157 0.0787, -0.1685 0.3031 0.0866, -0.1685 0.3031 0.0787, -0.1446 0.3062 0.0787, -0.1446 0.3062 0.0866, -0.2425 0.3844 0.0866, -0.2425 0.3844 0.0787, -0.2415 0.3691 0.0787, -0.2415 0.3691 0.0866, -0.2363 0.3481 0.0787, -0.2363 0.3481 0.0866, -0.2282 0.3329 0.0787, -0.2282 0.3329 0.0866, -0.2163 0.3197 0.0787, -0.2163 0.3197 0.0866, -0.2026 0.3106 0.0787, -0.2026 0.3106 0.0866, -0.1879 0.3053 0.0787, -0.1879 0.3053 0.0866, -0.173 0.4616 0.0866, -0.173 0.4616 0.0787, -0.1913 0.4595 0.0787, -0.1913 0.4595 0.0866, -0.2057 0.4542 0.0787, -0.2057 0.4542 0.0866, -0.2177 0.4461 0.0787, -0.2177 0.4461 0.0866, -0.227 0.4363 0.0787, -0.227 0.4363 0.0866, -0.2351 0.4227 0.0787, -0.2351 0.4227 0.0866, -0.2405 0.4058 0.0787, -0.2405 0.4058 0.0866, -0.126 0.4509 0.0787, -0.126 0.4509 0.0866, -0.1468 0.4587 0.0787, -0.1468 0.4587 0.0866, -0.2857 0.4592 0.0866, -0.2857 0.4808 0.0866, -0.2857 0.4592 0.0787, -0.2857 0.4808 0.0787, -0.3865 0.4808 0.0866, -0.3865 0.4808 0.0787, -0.3865 0.2839 0.0866, -0.3865 0.2839 0.0787, -0.3601 0.2839 0.0866, -0.3601 0.2839 0.0787, -0.3601 0.4592 0.0866, -0.3601 0.4592 0.0787
            ]
        }
        coordIndex [
            0,1,2,-1,2,1,3,-1,1,4,3,-1,3,4,5,-1,4,6,5,-1,5,6,7,-1,6,8,7,-1,7,8,9,-1,8,10,9,-1,9,10,11,-1,10,12,11,-1,11,12,13,-1,12,14,13,-1,13,14,15,-1,14,0,15,-1,15,0,2,-1,16,17,14,-1,12,10,8,-1,17,18,14,-1,14,18,19,-1,14,19,0,-1,0,19,20,-1,0,20,21,-1,14,12,16,-1,16,12,8,-1,16,8,22,-1,22,8,6,-1,21,23,0,-1,0,23,22,-1,0,22,1,-1,1,22,6,-1,1,6,4,-1,16,22,24,-1,24,22,25,-1,17,16,26,-1,26,16,24,-1,17,26,27,-1,17,27,18,-1,18,27,28,-1,18,28,19,-1,20,19,29,-1,29,19,28,-1,20,29,30,-1,20,30,21,-1,21,30,31,-1,21,31,23,-1,22,23,25,-1,25,23,31,-1,32,33,34,-1,34,33,35,-1,33,36,35,-1,35,36,37,-1,36,38,37,-1,37,38,39,-1,40,41,42,-1,40,42,43,-1,43,42,44,-1,43,44,45,-1,45,44,46,-1,45,46,47,-1,47,46,48,-1,47,48,49,-1,49,48,50,-1,49,50,51,-1,51,50,52,-1,51,52,53,-1,53,52,54,-1,53,54,55,-1,55,54,39,-1,55,39,38,-1,32,34,56,-1,32,56,57,-1,57,56,58,-1,57,58,59,-1,59,58,60,-1,59,60,61,-1,61,60,62,-1,61,62,63,-1,63,62,64,-1,63,64,65,-1,65,64,66,-1,65,66,67,-1,67,66,41,-1,67,41,40,-1,45,47,68,-1,68,47,49,-1,68,49,69,-1,69,49,51,-1,69,51,70,-1,70,51,53,-1,70,53,71,-1,71,53,55,-1,71,55,72,-1,72,55,38,-1,72,38,73,-1,73,38,36,-1,73,36,74,-1,74,36,33,-1,74,33,75,-1,75,33,32,-1,75,32,76,-1,76,32,57,-1,76,57,77,-1,77,57,59,-1,77,59,78,-1,78,59,61,-1,78,61,79,-1,79,61,63,-1,79,63,80,-1,80,63,65,-1,80,65,81,-1,81,65,67,-1,81,67,82,-1,82,67,40,-1,82,40,83,-1,83,40,43,-1,83,43,84,-1,84,43,45,-1,84,45,68,-1,72,73,85,-1,85,73,86,-1,72,85,87,-1,72,87,71,-1,71,87,88,-1,71,88,70,-1,70,88,89,-1,70,89,69,-1,69,89,90,-1,69,90,68,-1,68,90,91,-1,68,91,84,-1,84,91,92,-1,84,92,83,-1,83,92,93,-1,83,93,82,-1,82,93,94,-1,82,94,81,-1,81,94,95,-1,81,95,80,-1,80,95,96,-1,80,96,79,-1,79,96,97,-1,79,97,78,-1,78,97,98,-1,78,98,77,-1,77,98,99,-1,77,99,76,-1,76,99,100,-1,76,100,75,-1,74,75,101,-1,101,75,100,-1,73,74,86,-1,86,74,101,-1,102,103,104,-1,104,103,105,-1,103,106,105,-1,105,106,107,-1,106,108,107,-1,107,108,109,-1,108,110,109,-1,109,110,111,-1,110,112,111,-1,111,112,113,-1,112,114,113,-1,113,114,115,-1,114,116,115,-1,115,116,117,-1,116,118,117,-1,117,118,119,-1,118,120,119,-1,119,120,121,-1,120,122,121,-1,121,122,123,-1,122,124,123,-1,123,124,125,-1,124,102,125,-1,125,102,104,-1,106,103,102,-1,102,124,106,-1,106,124,122,-1,106,122,108,-1,112,110,114,-1,114,110,108,-1,114,108,116,-1,116,108,122,-1,116,122,118,-1,118,122,120,-1,126,127,128,-1,128,127,129,-1,129,127,130,-1,131,132,133,-1,131,133,134,-1,134,133,135,-1,134,135,130,-1,130,135,136,-1,130,136,129,-1,137,138,139,-1,137,139,140,-1,140,139,141,-1,140,141,142,-1,142,141,143,-1,142,143,144,-1,144,143,145,-1,144,145,146,-1,146,145,147,-1,146,147,148,-1,148,147,149,-1,148,149,150,-1,150,149,131,-1,131,149,151,-1,131,151,132,-1,152,153,154,-1,152,154,155,-1,155,154,156,-1,155,156,157,-1,157,156,158,-1,157,158,159,-1,159,158,160,-1,159,160,161,-1,161,160,162,-1,161,162,163,-1,163,162,164,-1,163,164,165,-1,165,164,138,-1,165,138,137,-1,166,167,168,-1,166,168,169,-1,169,168,153,-1,169,153,152,-1,166,170,167,-1,167,170,171,-1,172,173,174,-1,172,174,175,-1,175,174,171,-1,175,171,170,-1,176,177,178,-1,176,178,179,-1,179,178,180,-1,179,180,181,-1,181,180,182,-1,181,182,183,-1,183,182,184,-1,183,184,185,-1,185,184,186,-1,185,186,187,-1,187,186,188,-1,187,188,189,-1,189,188,173,-1,189,173,172,-1,190,191,192,-1,190,192,193,-1,193,192,194,-1,193,194,195,-1,195,194,196,-1,195,196,197,-1,197,196,198,-1,197,198,199,-1,199,198,200,-1,199,200,201,-1,201,200,202,-1,201,202,203,-1,203,202,177,-1,203,177,176,-1,126,128,204,-1,126,204,205,-1,205,204,206,-1,205,206,207,-1,207,206,191,-1,207,191,190,-1,193,131,190,-1,190,131,134,-1,190,134,207,-1,207,134,130,-1,207,130,205,-1,205,130,127,-1,205,127,126,-1,170,166,175,-1,175,166,169,-1,175,169,172,-1,172,169,152,-1,172,152,189,-1,189,152,155,-1,189,155,187,-1,187,155,157,-1,187,157,185,-1,185,157,159,-1,185,159,183,-1,183,159,161,-1,183,161,181,-1,181,161,163,-1,181,163,179,-1,179,163,165,-1,179,165,176,-1,176,165,137,-1,176,137,203,-1,203,137,140,-1,203,140,201,-1,201,140,142,-1,201,142,199,-1,199,142,144,-1,199,144,197,-1,197,144,146,-1,197,146,195,-1,195,146,148,-1,195,148,193,-1,193,148,150,-1,193,150,131,-1,208,209,210,-1,210,209,211,-1,209,212,211,-1,211,212,213,-1,212,214,213,-1,213,214,215,-1,214,216,215,-1,215,216,217,-1,216,218,217,-1,217,218,219,-1,218,208,219,-1,219,208,210,-1,216,214,218,-1,218,214,212,-1,218,212,208,-1,208,212,209,-1,
        ]
    }
}
Shape{
    appearance Appearance {
        material  Material 	{
            diffuseColor 0.20784313725490197 0.20784313725490197 0.20784313725490197
            specularColor 0.01568627450980392 0.01568627450980392 0.01568627450980392
            ambientIntensity 0.298
            transparency 0.0
            shininess 0.5
        }
    }
    geometry IndexedFaceSet {
        ccw TRUE
        solid FALSE
        coord DEF co Coordinate {
            point [
                0.2871 0.404 0.0787, 0.3529 0.404 0.0787, 0.3165 0.3217 0.0787, 0.3233 0.3217 0.0787, 0.3184 0.3149 0.0787, 0.3215 0.3149 0.0787, 0.3196 0.3079 0.0787, 0.3203 0.3079 0.0787, 0.0864 0.3055 0.0787, 0.0864 0.4592 0.0787, 0.1155 0.3055 0.0787, 0.1144 0.4592 0.0787, 0.1351 0.4572 0.0787, 0.192 0.3804 0.0787, 0.1904 0.3608 0.0787, 0.1858 0.3453 0.0787, 0.1388 0.308 0.0787, 0.1517 0.4521 0.0787, 0.1651 0.4441 0.0787, 0.1762 0.4332 0.0787, 0.1845 0.4196 0.0787, 0.1902 0.4011 0.0787, 0.1789 0.3331 0.0787, 0.1694 0.323 0.0787, 0.155 0.3137 0.0787
            ]
        }
        coordIndex [
            0,1,2,-1,2,1,3,-1,2,3,4,-1,4,3,5,-1,4,5,6,-1,6,5,7,-1,8,9,10,-1,10,9,11,-1,10,11,12,-1,13,14,10,-1,10,14,15,-1,10,15,16,-1,12,17,10,-1,10,17,18,-1,10,18,19,-1,19,20,10,-1,10,20,21,-1,10,21,13,-1,22,23,15,-1,15,23,24,-1,15,24,16,-1,
        ]
    }
}