#VRML V2.0 utf8
# 3D model generated by easyeda2kicad.py (https://github.com/uPesy/easyeda2kicad.py)

Shape{
    appearance Appearance {
        material  Material 	{
            diffuseColor 0.6470588235294118 0.6196078431372549 0.5882352941176471
            specularColor 0.45098039215686275 0.43529411764705883 0.4117647058823529
            ambientIntensity 0.6242
            transparency 0.0
            shininess 0.5
        }
    }
    geometry IndexedFaceSet {
        ccw TRUE
        solid FALSE
        coord DEF co Coordinate {
            point [
                1.4329 -0.9269 2.4409, 1.7085 -0.9269 3.0315, 0.5667 -0.9269 2.4409, 0.2911 -0.9269 3.0315, 0.5667 -0.9269 1.1024, 0.2911 -0.9269 0.7087, 1.4329 -0.9269 1.1024, 1.7085 -0.9269 0.7087, 1.4329 1.0022 2.4409, 1.7085 1.0022 3.0315, 1.4329 1.0022 1.1024, 1.7085 1.0022 0.7087, 0.5667 1.0022 1.1024, 0.2911 1.0022 0.7087, 0.5667 1.0022 2.4409, 0.2911 1.0022 3.0315, 1.4845 -0.1267 5.4331, 1.4868 -0.1199 5.4331, 0.5151 -0.1267 5.4331, 0.5128 -0.1199 5.4331, 0.5407 -0.1885 5.4331, 0.5741 -0.2466 5.4331, 0.6149 -0.2997 5.4331, 0.6622 -0.3471 5.4331, 0.7154 -0.3879 5.4331, 1.4589 -0.1885 5.4331, 1.4255 -0.2466 5.4331, 0.7734 -0.4214 5.4331, 1.3374 -0.3471 5.4331, 1.3847 -0.2997 5.4331, 0.8352 -0.447 5.4331, 0.8999 -0.4643 5.4331, 0.9663 -0.4731 5.4331, 1.0997 -0.4643 5.4331, 1.1644 -0.447 5.4331, 1.2263 -0.4214 5.4331, 1.0333 -0.4731 5.4331, 1.2842 -0.3879 5.4331, 0.3356 -0.3048 5.1969, 0.3777 -0.3777 5.1969, 0.3826 -0.3744 5.2494, 0.5101 -0.5275 5.1969, 0.5841 -0.5842 5.1969, 0.5874 -0.5793 5.2494, 0.7553 -0.669 5.1969, 0.7593 -0.6707 5.1969, 0.7612 -0.6651 5.2494, 0.8935 -0.7013 5.1969, 0.9509 -0.7088 5.1969, 0.9512 -0.7029 5.2494, 1.0354 -0.7088 5.1969, 1.0487 -0.7088 5.1969, 1.0484 -0.7029 5.2494, 1.1758 -0.688 5.1969, 1.2403 -0.6707 5.1969, 1.2384 -0.6651 5.2494, 1.3101 -0.6418 5.1969, 1.3308 -0.6332 5.1969, 1.3281 -0.6279 5.2494, 1.433 -0.5708 5.1969, 1.4932 -0.5246 5.1969, 1.4893 -0.5202 5.2494, 1.6284 -0.3664 5.1969, 1.6708 -0.2929 5.1969, 1.6655 -0.2903 5.2494, 0.4415 -0.1199 5.423, 0.407 -0.1199 5.4101, 0.418 -0.1596 5.4097, 0.2832 -0.1728 5.1969, 0.2914 -0.2025 5.1969, 0.297 -0.2006 5.2494, 1.524 -0.1199 5.4304, 1.5343 -0.1435 5.4272, 1.5816 -0.1596 5.4097, 1.5596 -0.1199 5.4226, 1.5416 -0.1199 5.4265, 1.6396 -0.1199 5.3813, 1.6367 -0.1199 5.3839, 1.624 -0.1739 5.3815, 1.6257 -0.1199 5.3917, 1.5939 -0.1199 5.4095, 1.664 -0.1199 5.36, 1.6594 -0.1859 5.3441, 1.6777 -0.1199 5.3437, 1.6871 -0.1199 5.3326, 1.6861 -0.195 5.2993, 1.6932 -0.1199 5.3238, 1.7026 -0.2006 5.2494, 1.7249 -0.1199 5.2494, 1.7247 -0.1199 5.2506, 1.7226 -0.1199 5.2589, 1.7104 -0.1199 5.2924, 1.7067 -0.1199 5.2991, 1.7303 -0.1199 5.2153, 1.7083 -0.2025 5.1969, 1.7311 -0.1199 5.1969, 0.2838 -0.1199 5.2796, 0.2749 -0.1199 5.2493, 0.2737 -0.1199 5.2454, 0.2689 -0.1199 5.2099, 0.2685 -0.1199 5.1969, 0.2862 -0.1199 5.2856, 0.3135 -0.195 5.2993, 0.2931 -0.1199 5.2991, 0.3402 -0.1859 5.3441, 0.3158 -0.1199 5.3371, 0.3025 -0.1199 5.3175, 0.3677 -0.1199 5.3874, 0.3602 -0.1199 5.3811, 0.3756 -0.1739 5.3815, 0.3399 -0.1199 5.3643, 0.3217 -0.1199 5.3438, 0.3748 -0.1199 5.3922, 0.4485 -0.1199 5.4249, 0.4653 -0.1435 5.4272, 0.458 -0.1199 5.4266, 0.4854 -0.1199 5.4316, 1.5061 -0.2118 5.4272, 1.5509 -0.2338 5.4097, 1.5911 -0.2536 5.3815, 1.6246 -0.2702 5.3441, 1.6499 -0.2826 5.2993, 1.4242 -0.3344 5.4272, 1.372 -0.3866 5.4272, 1.4618 -0.3673 5.4097, 1.405 -0.4241 5.4097, 1.4955 -0.3968 5.3815, 1.4345 -0.4578 5.3815, 1.5236 -0.4214 5.3441, 1.4592 -0.4859 5.3441, 1.5448 -0.44 5.2993, 1.4777 -0.5071 5.2993, 1.5579 -0.4515 5.2494, 0.7501 -0.4685 5.4272, 0.6861 -0.4316 5.4272, 0.728 -0.5133 5.4097, 0.6584 -0.4731 5.4097, 0.7082 -0.5534 5.3815, 0.6335 -0.5103 5.3815, 0.6916 -0.587 5.3441, 0.6127 -0.5414 5.3441, 0.6792 -0.6122 5.2993, 0.5971 -0.5648 5.2993, 0.6715 -0.6279 5.2494, 0.5754 -0.3344 5.4272, 0.5304 -0.2757 5.4272, 0.5378 -0.3673 5.4097, 0.4889 -0.3035 5.4097, 0.5041 -0.3968 5.3815, 0.4516 -0.3283 5.3815, 0.476 -0.4214 5.3441, 0.4205 -0.3491 5.3441, 0.4548 -0.44 5.2993, 0.3971 -0.3647 5.2993, 0.4417 -0.4515 5.2494, 1.6928 -0.2398 5.1969, 1.6219 -0.3777 5.1969, 1.617 -0.3744 5.2494, 1.6025 -0.3647 5.2993, 1.5791 -0.3491 5.3441, 1.548 -0.3283 5.3815, 1.5107 -0.3035 5.4097, 1.4692 -0.2757 5.4272, 1.5624 -0.4554 5.1969, 1.5402 -0.4776 5.1969, 1.4155 -0.5842 5.1969, 1.4122 -0.5793 5.2494, 1.4025 -0.5648 5.2993, 1.3869 -0.5414 5.3441, 1.3661 -0.5103 5.3815, 1.3412 -0.4731 5.4097, 1.3135 -0.4316 5.4272, 1.2495 -0.4685 5.4272, 1.2716 -0.5133 5.4097, 1.2914 -0.5534 5.3815, 1.308 -0.587 5.3441, 1.3204 -0.6122 5.2993, 1.2328 -0.6485 5.2993, 1.2238 -0.6219 5.3441, 1.2117 -0.5865 5.3815, 1.1973 -0.5441 5.4097, 1.1813 -0.4968 5.4272, 1.1458 -0.696 5.1969, 1.1446 -0.6902 5.2494, 1.1412 -0.6731 5.2993, 1.1357 -0.6455 5.3441, 1.1284 -0.6088 5.3815, 1.1197 -0.5649 5.4097, 1.11 -0.5159 5.4272, 1.0367 -0.5255 5.4272, 1.04 -0.5754 5.4097, 1.0429 -0.6201 5.3815, 1.0454 -0.6574 5.3441, 1.0472 -0.6855 5.2993, 0.9524 -0.6855 5.2993, 0.9542 -0.6574 5.3441, 0.9567 -0.6201 5.3815, 0.9596 -0.5754 5.4097, 0.9629 -0.5255 5.4272, 0.8538 -0.696 5.1969, 0.855 -0.6902 5.2494, 0.8584 -0.6731 5.2993, 0.8639 -0.6455 5.3441, 0.8712 -0.6088 5.3815, 0.8799 -0.5649 5.4097, 0.8897 -0.5159 5.4272, 0.8183 -0.4968 5.4272, 0.8023 -0.5441 5.4097, 0.7879 -0.5865 5.3815, 0.7758 -0.6219 5.3441, 0.7668 -0.6485 5.2993, 0.6688 -0.6332 5.1969, 0.6266 -0.6088 5.1969, 0.5064 -0.5246 5.1969, 0.5103 -0.5202 5.2494, 0.5219 -0.5071 5.2993, 0.5404 -0.4859 5.3441, 0.5651 -0.4578 5.3815, 0.5946 -0.4241 5.4097, 0.6276 -0.3866 5.4272, 0.4372 -0.4554 5.1969, 0.413 -0.4238 5.1969, 0.3288 -0.2929 5.1969, 0.3341 -0.2903 5.2494, 0.3498 -0.2826 5.2993, 0.375 -0.2702 5.3441, 0.4086 -0.2536 5.3815, 0.4487 -0.2338 5.4097, 0.4935 -0.2118 5.4272, 0.5128 0.1951 5.4331, 1.4868 0.1951 5.4331, 0.5151 0.2019 5.4331, 1.4845 0.2019 5.4331, 1.4589 0.2638 5.4331, 1.3374 0.4223 5.4331, 1.2842 0.4631 5.4331, 1.2263 0.4966 5.4331, 1.4255 0.3218 5.4331, 1.3847 0.375 5.4331, 0.8352 0.5222 5.4331, 0.7734 0.4966 5.4331, 0.7154 0.4631 5.4331, 0.6622 0.4223 5.4331, 1.1644 0.5222 5.4331, 1.0997 0.5396 5.4331, 1.0333 0.5483 5.4331, 0.9663 0.5483 5.4331, 0.8999 0.5396 5.4331, 0.6149 0.375 5.4331, 0.5741 0.3218 5.4331, 0.5407 0.2638 5.4331, 1.6928 0.315 5.1969, 1.6708 0.3682 5.1969, 1.6655 0.3656 5.2494, 1.6284 0.4417 5.1969, 1.6219 0.453 5.1969, 1.617 0.4497 5.2494, 1.5402 0.5528 5.1969, 1.4932 0.5999 5.1969, 1.4893 0.5954 5.2494, 1.433 0.6461 5.1969, 1.4155 0.6595 5.1969, 1.4122 0.6546 5.2494, 1.3101 0.717 5.1969, 1.2403 0.7459 5.1969, 1.2384 0.7403 5.2494, 1.0354 0.784 5.1969, 0.9509 0.784 5.1969, 0.9512 0.7781 5.2494, 0.7553 0.7443 5.1969, 0.6688 0.7084 5.1969, 0.6715 0.7031 5.2494, 0.6266 0.684 5.1969, 0.5841 0.6595 5.1969, 0.5874 0.6546 5.2494, 0.5101 0.6027 5.1969, 0.5064 0.5999 5.1969, 0.5103 0.5954 5.2494, 0.413 0.4991 5.1969, 0.3777 0.453 5.1969, 0.3826 0.4497 5.2494, 0.3356 0.38 5.1969, 0.3288 0.3682 5.1969, 0.3341 0.3656 5.2494, 1.7194 0.1951 5.2693, 1.7244 0.1951 5.2493, 1.7026 0.2758 5.2494, 1.7279 0.1951 5.2347, 1.7083 0.2777 5.1969, 1.7311 0.1951 5.1991, 1.7311 0.1951 5.1969, 1.7173 0.1951 5.2755, 1.6861 0.2702 5.2993, 1.7066 0.1951 5.2991, 1.7025 0.1951 5.3082, 1.6594 0.2612 5.3441, 1.6829 0.1951 5.3383, 1.624 0.2492 5.3815, 1.6542 0.1951 5.3695, 1.6791 0.1951 5.3431, 1.5816 0.2348 5.4097, 1.5934 0.1951 5.4093, 1.6203 0.1951 5.3951, 1.6256 0.1951 5.3918, 1.6394 0.1951 5.381, 1.5417 0.1951 5.4269, 1.5464 0.1951 5.4261, 1.5343 0.2188 5.4272, 1.5529 0.1951 5.4244, 1.5877 0.1951 5.4123, 1.5093 0.1951 5.4321, 0.4756 0.1951 5.4304, 0.4653 0.2188 5.4272, 0.458 0.1951 5.4266, 0.4422 0.1951 5.4232, 0.418 0.2348 5.4097, 0.4077 0.1951 5.4105, 0.3601 0.1951 5.3813, 0.3646 0.1951 5.3852, 0.3756 0.2492 5.3815, 0.3758 0.1951 5.3929, 0.4061 0.1951 5.4096, 0.3372 0.1951 5.3616, 0.3402 0.2612 5.3441, 0.3217 0.1951 5.3439, 0.3135 0.2702 5.2993, 0.2964 0.1951 5.3069, 0.3158 0.1951 5.3371, 0.2753 0.1951 5.2493, 0.2797 0.1951 5.2678, 0.297 0.2758 5.2494, 0.2819 0.1951 5.2743, 0.2929 0.1951 5.2992, 0.2914 0.2777 5.1969, 0.2832 0.2481 5.1969, 0.2714 0.1951 5.233, 0.2685 0.1951 5.1969, 0.8897 0.5911 5.4272, 0.9629 0.6008 5.4272, 0.8799 0.6401 5.4097, 0.9596 0.6506 5.4097, 0.8712 0.684 5.3815, 0.9567 0.6953 5.3815, 0.8639 0.7207 5.3441, 0.9542 0.7326 5.3441, 0.8584 0.7483 5.2993, 0.9524 0.7607 5.2993, 0.855 0.7655 5.2494, 1.11 0.5911 5.4272, 1.1813 0.572 5.4272, 1.1197 0.6401 5.4097, 1.1973 0.6193 5.4097, 1.1284 0.684 5.3815, 1.2117 0.6617 5.3815, 1.1357 0.7207 5.3441, 1.2238 0.6971 5.3441, 1.1412 0.7483 5.2993, 1.2328 0.7238 5.2993, 1.1446 0.7655 5.2494, 0.4935 0.287 5.4272, 0.4487 0.3091 5.4097, 0.4086 0.3289 5.3815, 0.375 0.3454 5.3441, 0.3498 0.3578 5.2993, 0.3971 0.44 5.2993, 0.4205 0.4243 5.3441, 0.4516 0.4036 5.3815, 0.4889 0.3787 5.4097, 0.5304 0.351 5.4272, 0.4372 0.5306 5.1969, 0.4417 0.5267 5.2494, 0.4548 0.5152 5.2993, 0.476 0.4967 5.3441, 0.5041 0.472 5.3815, 0.5378 0.4425 5.4097, 0.5754 0.4096 5.4272, 0.6276 0.4618 5.4272, 0.5946 0.4994 5.4097, 0.5651 0.533 5.3815, 0.5404 0.5611 5.3441, 0.5219 0.5823 5.2993, 0.5971 0.64 5.2993, 0.6127 0.6166 5.3441, 0.6335 0.5856 5.3815, 0.6584 0.5483 5.4097, 0.6861 0.5068 5.4272, 0.6792 0.6875 5.2993, 0.6916 0.6622 5.3441, 0.7082 0.6287 5.3815, 0.728 0.5885 5.4097, 0.7501 0.5437 5.4272, 0.7593 0.7459 5.1969, 0.7612 0.7403 5.2494, 0.7668 0.7238 5.2993, 0.7758 0.6971 5.3441, 0.7879 0.6617 5.3815, 0.8023 0.6193 5.4097, 0.8183 0.572 5.4272, 0.8538 0.7713 5.1969, 0.8935 0.7765 5.1969, 1.0487 0.784 5.1969, 1.0484 0.7781 5.2494, 1.0472 0.7607 5.2993, 1.0454 0.7326 5.3441, 1.0429 0.6953 5.3815, 1.04 0.6506 5.4097, 1.0367 0.6008 5.4272, 1.1458 0.7713 5.1969, 1.1758 0.7632 5.1969, 1.3308 0.7084 5.1969, 1.3281 0.7031 5.2494, 1.3204 0.6875 5.2993, 1.308 0.6622 5.3441, 1.2914 0.6287 5.3815, 1.2716 0.5885 5.4097, 1.2495 0.5437 5.4272, 1.3135 0.5068 5.4272, 1.3412 0.5483 5.4097, 1.3661 0.5856 5.3815, 1.3869 0.6166 5.3441, 1.4025 0.64 5.2993, 1.4777 0.5823 5.2993, 1.4592 0.5611 5.3441, 1.4345 0.533 5.3815, 1.405 0.4994 5.4097, 1.372 0.4618 5.4272, 1.5624 0.5306 5.1969, 1.5579 0.5267 5.2494, 1.5448 0.5152 5.2993, 1.5236 0.4967 5.3441, 1.4955 0.472 5.3815, 1.4618 0.4425 5.4097, 1.4242 0.4096 5.4272, 1.4692 0.351 5.4272, 1.5107 0.3787 5.4097, 1.548 0.4036 5.3815, 1.5791 0.4243 5.3441, 1.6025 0.44 5.2993, 1.6499 0.3578 5.2993, 1.6246 0.3454 5.3441, 1.5911 0.3289 5.3815, 1.5509 0.3091 5.4097, 1.5061 0.287 5.4272, 0.2685 0.1951 5.1181, 1.6934 -0.2401 4.9606, 1.7311 -0.1199 5.1181, 1.7213 -0.16 4.9606, 1.7343 -0.1039 5.1181, 1.7327 -0.1036 4.9606, 1.7412 -0.0621 4.9606, 1.7478 0.0376 5.1181, 1.7478 0.0376 4.9606, 1.7412 0.1373 4.9606, 1.7343 0.1792 5.1181, 1.6934 0.3154 4.9606, 1.7311 0.1951 5.1181, 1.7213 0.2352 4.9606, 1.7327 0.1789 4.9606, 0.2563 0.1086 4.9606, 0.2534 0.0876 4.9606, 0.2552 0.1087 5.1181, 0.2534 -0.0123 4.9606, 0.2552 -0.0335 5.1181, 0.2563 -0.0333 4.9606, 0.2668 -0.1114 4.9606, 0.2685 -0.1199 5.1181, 0.2836 -0.1727 4.9606, 1.6885 -0.2544 4.9606, 1.6434 -0.3436 4.9606, 1.628 -0.366 4.9606, 1.5869 -0.426 4.9606, 1.5401 -0.4776 4.9606, 1.5198 -0.5001 4.9606, 1.4435 -0.5646 4.9606, 1.4333 -0.5711 4.9606, 1.3593 -0.6184 4.9606, 1.3098 -0.6413 4.9606, 1.2687 -0.6604 4.9606, 1.1761 -0.6891 4.9606, 1.1732 -0.69 4.9606, 1.0747 -0.7067 4.9606, 1.0353 -0.708 4.9606, 0.9748 -0.71 4.9606, 0.8934 -0.7018 4.9606, 0.8754 -0.7 4.9606, 0.7782 -0.6768 4.9606, 0.7556 -0.6681 4.9606, 0.6849 -0.6409 4.9606, 0.6265 -0.6089 4.9606, 0.5973 -0.5929 4.9606, 0.5169 -0.5336 4.9606, 0.5103 -0.5273 4.9606, 0.445 -0.4641 4.9606, 0.4131 -0.4237 4.9606, 0.3831 -0.3857 4.9606, 0.3353 -0.305 4.9606, 0.3322 -0.2997 4.9606, 0.2932 -0.2078 4.9606, 0.2932 0.283 4.9606, 0.3322 0.375 4.9606, 0.3353 0.3802 4.9606, 0.2668 0.1866 4.9606, 0.2836 0.248 4.9606, 0.3831 0.461 4.9606, 0.4131 0.499 4.9606, 0.445 0.5394 4.9606, 0.5103 0.6025 4.9606, 0.5169 0.6089 4.9606, 0.5973 0.6681 4.9606, 0.7782 0.7521 4.9606, 0.8754 0.7752 4.9606, 0.8934 0.777 4.9606, 0.6265 0.6841 4.9606, 0.6849 0.7162 4.9606, 0.7556 0.7434 4.9606, 1.0747 0.7819 4.9606, 1.1732 0.7653 4.9606, 1.1761 0.7644 4.9606, 0.9748 0.7852 4.9606, 1.0353 0.7832 4.9606, 1.2687 0.7357 4.9606, 1.3098 0.7166 4.9606, 1.3593 0.6936 4.9606, 1.5869 0.5012 4.9606, 1.5401 0.5529 4.9606, 1.5198 0.5753 4.9606, 1.4435 0.6398 4.9606, 1.4333 0.6463 4.9606, 1.6885 0.3296 4.9606, 1.6434 0.4188 4.9606, 1.628 0.4413 4.9606, 1.6848 -0.2528 4.9301, 1.7174 -0.1589 4.9301, 1.6399 -0.3415 4.9301, 1.5837 -0.4235 4.9301, 1.517 -0.4972 4.9301, 1.4411 -0.5614 4.9301, 1.3574 -0.6148 4.9301, 1.2672 -0.6567 4.9301, 1.1723 -0.6861 4.9301, 1.0743 -0.7027 4.9301, 0.9749 -0.706 4.9301, 0.8761 -0.696 4.9301, 0.7794 -0.673 4.9301, 0.6866 -0.6373 4.9301, 0.5995 -0.5895 4.9301, 0.5195 -0.5305 4.9301, 0.448 -0.4614 4.9301, 0.3864 -0.3834 4.9301, 0.3358 -0.2979 4.9301, 0.297 -0.2064 4.9301, 0.2707 -0.1106 4.9301, 0.2575 -0.0121 4.9301, 0.2575 0.0873 4.9301, 0.2707 0.1858 4.9301, 0.297 0.2817 4.9301, 0.3358 0.3732 4.9301, 0.3864 0.4587 4.9301, 0.448 0.5367 4.9301, 0.5195 0.6058 4.9301, 0.5995 0.6647 4.9301, 0.6866 0.7125 4.9301, 0.7794 0.7482 4.9301, 0.8761 0.7713 4.9301, 0.9749 0.7812 4.9301, 1.0743 0.7779 4.9301, 1.1723 0.7614 4.9301, 1.2672 0.7319 4.9301, 1.3574 0.6901 4.9301, 1.4411 0.6366 4.9301, 1.517 0.5724 4.9301, 1.5837 0.4987 4.9301, 1.6399 0.4168 4.9301, 1.6848 0.3281 4.9301, 1.7174 0.2342 4.9301, 1.7372 0.1368 4.9301, 1.7438 0.0376 4.9301, 1.7372 -0.0615 4.9301, 1.7255 0.1352 4.9016, 1.706 0.2311 4.9016, 1.6739 0.3235 4.9016, 1.6298 0.4108 4.9016, 1.5744 0.4914 4.9016, 1.5088 0.5639 4.9016, 1.4341 0.6271 4.9016, 1.3517 0.6797 4.9016, 1.263 0.7209 4.9016, 1.1695 0.7499 4.9016, 1.0731 0.7662 4.9016, 0.9753 0.7694 4.9016, 0.878 0.7596 4.9016, 0.7829 0.737 4.9016, 0.6916 0.7018 4.9016, 0.6058 0.6548 4.9016, 0.5271 0.5968 4.9016, 0.4568 0.5288 4.9016, 0.3961 0.452 4.9016, 0.3463 0.3679 4.9016, 0.3081 0.2778 4.9016, 0.2823 0.1835 4.9016, 0.2692 0.0865 4.9016, 0.2692 -0.0113 4.9016, 0.2823 -0.1082 4.9016, 0.3081 -0.2026 4.9016, 0.3463 -0.2926 4.9016, 0.3961 -0.3768 4.9016, 0.4568 -0.4535 4.9016, 0.5271 -0.5215 4.9016, 0.6058 -0.5796 4.9016, 0.6916 -0.6266 4.9016, 0.7829 -0.6617 4.9016, 0.878 -0.6844 4.9016, 0.9753 -0.6942 4.9016, 1.0731 -0.6909 4.9016, 1.1695 -0.6746 4.9016, 1.263 -0.6457 4.9016, 1.3517 -0.6045 4.9016, 1.4341 -0.5519 4.9016, 1.5088 -0.4887 4.9016, 1.5744 -0.4162 4.9016, 1.6298 -0.3355 4.9016, 1.6739 -0.2482 4.9016, 1.706 -0.1558 4.9016, 1.7255 -0.06 4.9016, 1.732 0.0376 4.9016, 1.7069 0.1327 4.8771, 1.6879 0.2261 4.8771, 1.6566 0.3161 4.8771, 1.6136 0.4012 4.8771, 1.5597 0.4798 4.8771, 1.4958 0.5505 4.8771, 1.423 0.612 4.8771, 1.3427 0.6633 4.8771, 1.2562 0.7034 4.8771, 1.1652 0.7316 4.8771, 1.0712 0.7475 4.8771, 0.976 0.7507 4.8771, 0.8811 0.7411 4.8771, 0.7884 0.719 4.8771, 0.6995 0.6848 4.8771, 0.6159 0.639 4.8771, 0.5392 0.5824 4.8771, 0.4707 0.5162 4.8771, 0.4116 0.4414 4.8771, 0.363 0.3594 4.8771, 0.3258 0.2716 4.8771, 0.3007 0.1797 4.8771, 0.288 0.0853 4.8771, 0.288 -0.01 4.8771, 0.3007 -0.1045 4.8771, 0.3258 -0.1964 4.8771, 0.363 -0.2841 4.8771, 0.4116 -0.3661 4.8771, 0.4707 -0.4409 4.8771, 0.5392 -0.5072 4.8771, 0.6159 -0.5637 4.8771, 0.6995 -0.6095 4.8771, 0.7884 -0.6438 4.8771, 0.8811 -0.6659 4.8771, 0.976 -0.6754 4.8771, 1.0712 -0.6722 4.8771, 1.1652 -0.6564 4.8771, 1.2562 -0.6281 4.8771, 1.3427 -0.588 4.8771, 1.423 -0.5367 4.8771, 1.4958 -0.4752 4.8771, 1.5597 -0.4045 4.8771, 1.6136 -0.326 4.8771, 1.6566 -0.2409 4.8771, 1.6879 -0.1509 4.8771, 1.7069 -0.0575 4.8771, 1.7132 0.0376 4.8771, 1.6826 0.1295 4.8583, 1.6643 0.2196 4.8583, 1.6341 0.3066 4.8583, 1.5926 0.3887 4.8583, 1.5405 0.4646 4.8583, 1.4788 0.5329 4.8583, 1.4085 0.5923 4.8583, 1.3309 0.6418 4.8583, 1.2474 0.6806 4.8583, 1.1595 0.7078 4.8583, 1.0688 0.7231 4.8583, 0.9768 0.7262 4.8583, 0.8852 0.717 4.8583, 0.7957 0.6957 4.8583, 0.7098 0.6626 4.8583, 0.6291 0.6184 4.8583, 0.555 0.5638 4.8583, 0.4888 0.4998 4.8583, 0.4318 0.4275 4.8583, 0.3849 0.3484 4.8583, 0.3489 0.2636 4.8583, 0.3246 0.1749 4.8583, 0.3124 0.0836 4.8583, 0.3124 -0.0084 4.8583, 0.3246 -0.0996 4.8583, 0.3489 -0.1884 4.8583, 0.3849 -0.2731 4.8583, 0.4318 -0.3523 4.8583, 0.4888 -0.4245 4.8583, 0.555 -0.4885 4.8583, 0.6291 -0.5431 4.8583, 0.7098 -0.5873 4.8583, 0.7957 -0.6204 4.8583, 0.8852 -0.6418 4.8583, 0.9768 -0.651 4.8583, 1.0688 -0.6479 4.8583, 1.1595 -0.6326 4.8583, 1.2474 -0.6053 4.8583, 1.3309 -0.5666 4.8583, 1.4085 -0.5171 4.8583, 1.4788 -0.4576 4.8583, 1.5405 -0.3894 4.8583, 1.5926 -0.3135 4.8583, 1.6341 -0.2313 4.8583, 1.6643 -0.1444 4.8583, 1.6826 -0.0542 4.8583, 1.6888 0.0376 4.8583, 1.6544 0.1257 4.8465, 1.6368 0.2121 4.8465, 1.6079 0.2955 4.8465, 1.5681 0.3742 4.8465, 1.5182 0.447 4.8465, 1.459 0.5124 4.8465, 1.3916 0.5694 4.8465, 1.3172 0.6168 4.8465, 1.2372 0.654 4.8465, 1.1529 0.6801 4.8465, 1.0659 0.6948 4.8465, 0.9777 0.6977 4.8465, 0.8899 0.6889 4.8465, 0.8041 0.6685 4.8465, 0.7218 0.6367 4.8465, 0.6444 0.5943 4.8465, 0.5734 0.542 4.8465, 0.5099 0.4807 4.8465, 0.4553 0.4114 4.8465, 0.4103 0.3355 4.8465, 0.3759 0.2543 4.8465, 0.3525 0.1692 4.8465, 0.3408 0.0817 4.8465, 0.3408 -0.0065 4.8465, 0.3525 -0.0939 4.8465, 0.3759 -0.179 4.8465, 0.4103 -0.2603 4.8465, 0.4553 -0.3362 4.8465, 0.5099 -0.4054 4.8465, 0.5734 -0.4668 4.8465, 0.6444 -0.5191 4.8465, 0.7218 -0.5615 4.8465, 0.8041 -0.5932 4.8465, 0.8899 -0.6137 4.8465, 0.9777 -0.6225 4.8465, 1.0659 -0.6196 4.8465, 1.1529 -0.6049 4.8465, 1.2372 -0.5787 4.8465, 1.3172 -0.5416 4.8465, 1.3916 -0.4941 4.8465, 1.459 -0.4372 4.8465, 1.5182 -0.3717 4.8465, 1.5681 -0.299 4.8465, 1.6079 -0.2202 4.8465, 1.6368 -0.1369 4.8465, 1.6544 -0.0504 4.8465, 1.6603 0.0376 4.8465, 1.6241 0.1216 4.8425, 1.6073 0.204 4.8425, 1.5797 0.2835 4.8425, 1.5418 0.3586 4.8425, 1.4942 0.428 4.8425, 1.4377 0.4904 4.8425, 1.3735 0.5448 4.8425, 1.3025 0.59 4.8425, 1.2262 0.6255 4.8425, 1.1458 0.6504 4.8425, 1.0629 0.6644 4.8425, 0.9788 0.6672 4.8425, 0.895 0.6588 4.8425, 0.8132 0.6393 4.8425, 0.7346 0.609 4.8425, 0.6609 0.5686 4.8425, 0.5931 0.5187 4.8425, 0.5326 0.4602 4.8425, 0.4805 0.3941 4.8425, 0.4376 0.3217 4.8425, 0.4047 0.2442 4.8425, 0.3825 0.1631 4.8425, 0.3713 0.0797 4.8425, 0.3713 -0.0045 4.8425, 0.3825 -0.0879 4.8425, 0.4047 -0.169 4.8425, 0.4376 -0.2465 4.8425, 0.4805 -0.3189 4.8425, 0.5326 -0.3849 4.8425, 0.5931 -0.4434 4.8425, 0.6609 -0.4933 4.8425, 0.7346 -0.5338 4.8425, 0.8132 -0.564 4.8425, 0.895 -0.5835 4.8425, 0.9788 -0.5919 4.8425, 1.0629 -0.5891 4.8425, 1.1458 -0.5751 4.8425, 1.2262 -0.5502 4.8425, 1.3025 -0.5148 4.8425, 1.3735 -0.4695 4.8425, 1.4377 -0.4152 4.8425, 1.4942 -0.3528 4.8425, 1.5418 -0.2834 4.8425, 1.5797 -0.2083 4.8425, 1.6073 -0.1288 4.8425, 1.6241 -0.0463 4.8425, 1.6297 0.0376 4.8425, 0.6195 -0.0643 4.8425, 0.6061 0.0376 4.8425, 0.6195 0.1395 4.8425, 0.6588 -0.1592 4.8425, 0.7214 -0.2408 4.8425, 1.2782 0.316 4.8425, 1.1967 0.3786 4.8425, 1.1967 -0.3033 4.8425, 1.2782 -0.2408 4.8425, 1.3408 0.2345 4.8425, 1.1017 0.4179 4.8425, 0.9998 0.4313 4.8425, 0.803 -0.3033 4.8425, 0.8979 -0.3427 4.8425, 0.9998 -0.3561 4.8425, 1.3408 -0.1592 4.8425, 1.3935 0.0376 4.8425, 1.3801 0.1395 4.8425, 0.8979 0.4179 4.8425, 1.1017 -0.3427 4.8425, 1.3801 -0.0643 4.8425, 0.803 0.3786 4.8425, 0.7214 0.316 4.8425, 0.6588 0.2345 4.8425, 1.3801 0.1395 3.1496, 1.3408 0.2345 3.1496, 1.2782 0.316 3.1496, 1.1967 0.3786 3.1496, 1.1017 0.4179 3.1496, 0.9998 0.4313 3.1496, 0.8979 0.4179 3.1496, 0.803 0.3786 3.1496, 0.7214 0.316 3.1496, 0.6588 0.2345 3.1496, 0.6195 0.1395 3.1496, 0.6061 0.0376 3.1496, 0.6195 -0.0643 3.1496, 0.6588 -0.1592 3.1496, 0.7214 -0.2408 3.1496, 0.803 -0.3033 3.1496, 0.8979 -0.3427 3.1496, 0.9998 -0.3561 3.1496, 1.1017 -0.3427 3.1496, 1.1967 -0.3033 3.1496, 1.2782 -0.2408 3.1496, 1.3408 -0.1592 3.1496, 1.3801 -0.0643 3.1496, 1.3935 0.0376 3.1496, 0.2911 0.9982 3.0621, 1.7085 0.9982 3.0621, 0.2911 0.9864 3.0906, 1.7085 0.9864 3.0906, 0.2911 0.9676 3.115, 1.7085 0.9676 3.115, 0.2911 0.9431 3.1338, 1.7085 0.9431 3.1338, 0.2911 0.9146 3.1456, 1.7085 0.9146 3.1456, 0.2911 0.8841 3.1496, 1.7085 0.8841 3.1496, 1.7085 -0.8088 3.1496, 0.2911 -0.8088 3.1496, 0.2911 -0.8394 3.1456, 1.7085 -0.8394 3.1456, 0.2911 -0.8679 3.1338, 1.7085 -0.8679 3.1338, 0.2911 -0.8924 3.115, 1.7085 -0.8924 3.115, 0.2911 -0.9111 3.0906, 1.7085 -0.9111 3.0906, 0.2911 -0.9229 3.0621, 1.7085 -0.9229 3.0621, 0.2911 -0.9229 0.6781, 1.7085 -0.9229 0.6781, 0.2911 -0.9111 0.6496, 1.7085 -0.9111 0.6496, 0.2911 -0.8924 0.6251, 1.7085 -0.8924 0.6251, 0.2911 -0.8679 0.6064, 1.7085 -0.8679 0.6064, 0.2911 -0.8394 0.5946, 1.7085 -0.8394 0.5946, 0.2911 -0.8088 0.5906, 1.7085 -0.8088 0.5906, 1.7085 0.8841 0.5906, 0.2911 0.8841 0.5906, 0.2911 0.9146 0.5946, 1.7085 0.9146 0.5946, 0.2911 0.9431 0.6064, 1.7085 0.9431 0.6064, 0.2911 0.9676 0.6251, 1.7085 0.9676 0.6251, 0.2911 0.9864 0.6496, 1.7085 0.9864 0.6496, 0.2911 0.9982 0.6781, 1.7085 0.9982 0.6781, 1.3935 1.0081 2.1063, 0.6061 1.0081 2.1063, 1.3935 1.0431 2.1063, 0.6061 1.0431 2.1063, 1.3935 0.8821 2.1063, 0.6061 0.8821 2.1063, 1.3935 0.9171 2.1063, 0.6061 0.9171 2.1063, 1.3935 0.7561 2.1063, 0.6061 0.7561 2.1063, 1.3935 0.7911 2.1063, 0.6061 0.7911 2.1063, 1.3935 0.6301 2.1063, 0.6061 0.6301 2.1063, 1.3935 0.6652 2.1063, 0.6061 0.6652 2.1063, 1.3935 0.5041 2.1063, 0.6061 0.5041 2.1063, 1.3935 0.5392 2.1063, 0.6061 0.5392 2.1063, 1.3935 0.3781 2.1063, 0.6061 0.3781 2.1063, 1.3935 0.4132 2.1063, 0.6061 0.4132 2.1063, 1.3935 0.2521 2.1063, 0.6061 0.2521 2.1063, 1.3935 0.2872 2.1063, 0.6061 0.2872 2.1063, 1.3935 0.1262 2.1063, 0.6061 0.1262 2.1063, 1.3935 0.1612 2.1063, 0.6061 0.1612 2.1063, 1.3935 0.0002 2.1063, 0.6061 0.0002 2.1063, 1.3935 0.0352 2.1063, 0.6061 0.0352 2.1063, 1.3935 -0.1258 2.1063, 0.6061 -0.1258 2.1063, 1.3935 -0.0907 2.1063, 0.6061 -0.0907 2.1063, 1.3935 -0.2518 2.1063, 0.6061 -0.2518 2.1063, 1.3935 -0.2167 2.1063, 0.6061 -0.2167 2.1063, 1.3935 -0.3778 2.1063, 0.6061 -0.3778 2.1063, 1.3935 -0.3427 2.1063, 0.6061 -0.3427 2.1063, 1.3935 -0.5038 2.1063, 0.6061 -0.5038 2.1063, 1.3935 -0.4687 2.1063, 0.6061 -0.4687 2.1063, 1.3935 -0.6297 2.1063, 0.6061 -0.6297 2.1063, 1.3935 -0.5947 2.1063, 0.6061 -0.5947 2.1063, 1.3935 -0.7557 2.1063, 0.6061 -0.7557 2.1063, 1.3935 -0.7207 2.1063, 0.6061 -0.7207 2.1063, 1.3935 -0.8817 2.1063, 0.6061 -0.8817 2.1063, 1.3935 -0.8466 2.1063, 0.6061 -0.8466 2.1063, 1.3935 -1.1476 2.1063, 0.6061 -1.1476 2.1063, 1.3935 -0.9726 2.1063, 0.6061 -0.9726 2.1063, 0.9407 -0.1634 -1.378, 1.0589 -0.1634 -1.378, 0.8226 -0.1634 -0.9372, 1.177 -0.1634 -0.9372, 0.8226 -0.1634 0.0787, 1.177 -0.1634 0.0787, 1.0589 0.1516 -1.378, 0.9407 0.1516 -1.378, 1.177 0.1516 -0.9372, 0.8226 0.1516 -0.9372, 1.177 0.1516 0.0787, 0.8226 0.1516 0.0787, 0.8226 0.1417 0.1663, 1.177 0.1417 0.1663, 0.8226 0.1126 0.2496, 1.177 0.1126 0.2496, 0.8226 0.0657 0.3242, 1.177 0.0657 0.3242, 0.8226 0.0033 0.3866, 1.177 0.0033 0.3866, 0.8226 -0.0713 0.4335, 1.177 -0.0713 0.4335, 0.8226 -0.1545 0.4626, 1.177 -0.1545 0.4626, 0.8226 -0.2421 0.4724, 1.177 -0.2421 0.4724, 1.177 -0.4193 0.4724, 0.8226 -0.4193 0.4724, 0.6061 -0.6358 0.4724, 1.3935 -0.6358 0.4724, 0.6061 -1.1476 0.4724, 1.3935 -1.1476 0.4724, 1.3935 -1.168 0.4751, 0.6061 -1.168 0.4751, 1.3935 -1.187 0.483, 0.6061 -1.187 0.483, 1.3935 -1.2033 0.4955, 0.6061 -1.2033 0.4955, 1.3935 -1.2158 0.5118, 0.6061 -1.2158 0.5118, 1.3935 -1.2237 0.5308, 0.6061 -1.2237 0.5308, 1.3935 -1.2264 0.5512, 0.6061 -1.2264 0.5512, 1.3935 -1.2264 2.0276, 0.6061 -1.2264 2.0276, 1.3935 -1.2237 2.0479, 0.6061 -1.2237 2.0479, 1.3935 -1.2158 2.0669, 0.6061 -1.2158 2.0669, 1.3935 -1.2033 2.0832, 0.6061 -1.2033 2.0832, 1.3935 -1.187 2.0958, 0.6061 -1.187 2.0958, 1.3935 -1.168 2.1036, 0.6061 -1.168 2.1036, 0.6061 1.1691 2.1063, 1.3935 1.1691 2.1063, 0.6061 1.134 2.1063, 1.3935 1.134 2.1063, 0.6061 1.2146 2.4213, 1.3935 1.2146 2.4213, 0.6061 1.2146 2.185, 1.3935 1.2146 2.185, 1.3935 -1.1476 2.4213, 0.6061 -1.1476 2.4213, 0.6061 -1.2352 2.4114, 1.3935 -1.2352 2.4114, 0.6061 -1.3185 2.3823, 1.3935 -1.3185 2.3823, 0.6061 -1.3931 2.3354, 1.3935 -1.3931 2.3354, 0.6061 -1.4555 2.273, 1.3935 -1.4555 2.273, 0.6061 -1.5024 2.1984, 1.3935 -1.5024 2.1984, 0.6061 -1.5315 2.1152, 1.3935 -1.5315 2.1152, 0.6061 -1.5413 2.0276, 1.3935 -1.5413 2.0276, 1.3935 -1.5413 0.5512, 0.6061 -1.5413 0.5512, 0.6061 -1.5315 0.4636, 1.3935 -1.5315 0.4636, 0.6061 -1.5024 0.3804, 1.3935 -1.5024 0.3804, 0.6061 -1.4555 0.3057, 1.3935 -1.4555 0.3057, 0.6061 -1.3931 0.2434, 1.3935 -1.3931 0.2434, 0.6061 -1.3185 0.1965, 1.3935 -1.3185 0.1965, 0.6061 -1.2352 0.1674, 1.3935 -1.2352 0.1674, 0.6061 -1.1476 0.1575, 1.3935 -1.1476 0.1575, 0.8226 -0.4193 0.1575, 0.8226 -0.2421 0.1575, 1.177 -0.2421 0.1575, 1.177 -0.4193 0.1575, 1.3935 -0.6358 0.1575, 0.6061 -0.6358 0.1575, 1.177 -0.2218 0.1548, 0.8226 -0.2218 0.1548, 1.177 -0.2028 0.1469, 0.8226 -0.2028 0.1469, 1.177 -0.1865 0.1344, 0.8226 -0.1865 0.1344, 1.177 -0.1739 0.1181, 0.8226 -0.1739 0.1181, 1.177 -0.1661 0.0991, 0.8226 -0.1661 0.0991, 1.3935 1.0886 2.185, 1.3935 0.9626 2.185, 1.3935 -0.8012 2.185, 1.3935 -0.4232 2.185, 1.3935 -0.5492 2.185, 1.3935 -0.9272 2.185, 1.3935 -0.6752 2.185, 1.3935 -0.2972 2.185, 1.3935 -0.1713 2.185, 1.3935 -0.0453 2.185, 1.3935 0.0807 2.185, 1.3935 0.3327 2.185, 1.3935 0.2067 2.185, 1.3935 0.4587 2.185, 1.3935 0.5846 2.185, 1.3935 0.7106 2.185, 1.3935 0.8366 2.185, 0.6061 1.0886 2.185, 0.6061 0.8366 2.185, 0.6061 0.9626 2.185, 0.6061 0.7106 2.185, 0.6061 0.5846 2.185, 0.6061 0.4587 2.185, 0.6061 -0.9272 2.185, 0.6061 0.3327 2.185, 0.6061 0.2067 2.185, 0.6061 0.0807 2.185, 0.6061 -0.0453 2.185, 0.6061 -0.1713 2.185, 0.6061 -0.8012 2.185, 0.6061 -0.2972 2.185, 0.6061 -0.4232 2.185, 0.6061 -0.6752 2.185, 0.6061 -0.5492 2.185, -0.6065 1.0081 2.1063, -1.3939 1.0081 2.1063, -0.6065 1.0431 2.1063, -1.3939 1.0431 2.1063, -0.6065 0.8821 2.1063, -1.3939 0.8821 2.1063, -0.6065 0.9171 2.1063, -1.3939 0.9171 2.1063, -0.6065 0.7561 2.1063, -1.3939 0.7561 2.1063, -0.6065 0.7911 2.1063, -1.3939 0.7911 2.1063, -0.6065 0.6301 2.1063, -1.3939 0.6301 2.1063, -0.6065 0.6652 2.1063, -1.3939 0.6652 2.1063, -0.6065 0.5041 2.1063, -1.3939 0.5041 2.1063, -0.6065 0.5392 2.1063, -1.3939 0.5392 2.1063, -0.6065 0.3781 2.1063, -1.3939 0.3781 2.1063, -0.6065 0.4132 2.1063, -1.3939 0.4132 2.1063, -0.6065 0.2521 2.1063, -1.3939 0.2521 2.1063, -0.6065 0.2872 2.1063, -1.3939 0.2872 2.1063, -0.6065 0.1262 2.1063, -1.3939 0.1262 2.1063, -0.6065 0.1612 2.1063, -1.3939 0.1612 2.1063, -0.6065 0.0002 2.1063, -1.3939 0.0002 2.1063, -0.6065 0.0352 2.1063, -1.3939 0.0352 2.1063, -0.6065 -0.1258 2.1063, -1.3939 -0.1258 2.1063, -0.6065 -0.0907 2.1063, -1.3939 -0.0907 2.1063, -0.6065 -0.2518 2.1063, -1.3939 -0.2518 2.1063, -0.6065 -0.2167 2.1063, -1.3939 -0.2167 2.1063, -0.6065 -0.3778 2.1063, -1.3939 -0.3778 2.1063, -0.6065 -0.3427 2.1063, -1.3939 -0.3427 2.1063, -0.6065 -0.5038 2.1063, -1.3939 -0.5038 2.1063, -0.6065 -0.4687 2.1063, -1.3939 -0.4687 2.1063, -0.6065 -0.6297 2.1063, -1.3939 -0.6297 2.1063, -0.6065 -0.5947 2.1063, -1.3939 -0.5947 2.1063, -0.6065 -0.7557 2.1063, -1.3939 -0.7557 2.1063, -0.6065 -0.7207 2.1063, -1.3939 -0.7207 2.1063, -0.6065 -0.8817 2.1063, -1.3939 -0.8817 2.1063, -0.6065 -0.8466 2.1063, -1.3939 -0.8466 2.1063, -0.6065 -1.1476 2.1063, -1.3939 -1.1476 2.1063, -0.6065 -0.9726 2.1063, -1.3939 -0.9726 2.1063, -1.0593 -0.1634 -1.378, -0.9411 -0.1634 -1.378, -1.1774 -0.1634 -0.9372, -0.823 -0.1634 -0.9372, -1.1774 -0.1634 0.0787, -0.823 -0.1634 0.0787, -0.9411 0.1516 -1.378, -1.0593 0.1516 -1.378, -0.823 0.1516 -0.9372, -1.1774 0.1516 -0.9372, -0.823 0.1516 0.0787, -1.1774 0.1516 0.0787, -1.1774 0.1417 0.1663, -0.823 0.1417 0.1663, -1.1774 0.1126 0.2496, -0.823 0.1126 0.2496, -1.1774 0.0657 0.3242, -0.823 0.0657 0.3242, -1.1774 0.0033 0.3866, -0.823 0.0033 0.3866, -1.1774 -0.0713 0.4335, -0.823 -0.0713 0.4335, -1.1774 -0.1545 0.4626, -0.823 -0.1545 0.4626, -1.1774 -0.2421 0.4724, -0.823 -0.2421 0.4724, -0.823 -0.4193 0.4724, -1.1774 -0.4193 0.4724, -1.3939 -0.6358 0.4724, -0.6065 -0.6358 0.4724, -1.3939 -1.1476 0.4724, -0.6065 -1.1476 0.4724, -0.6065 -1.168 0.4751, -1.3939 -1.168 0.4751, -0.6065 -1.187 0.483, -1.3939 -1.187 0.483, -0.6065 -1.2033 0.4955, -1.3939 -1.2033 0.4955, -0.6065 -1.2158 0.5118, -1.3939 -1.2158 0.5118, -0.6065 -1.2237 0.5308, -1.3939 -1.2237 0.5308, -0.6065 -1.2264 0.5512, -1.3939 -1.2264 0.5512, -0.6065 -1.2264 2.0276, -1.3939 -1.2264 2.0276, -0.6065 -1.2237 2.0479, -1.3939 -1.2237 2.0479, -0.6065 -1.2158 2.0669, -1.3939 -1.2158 2.0669, -0.6065 -1.2033 2.0832, -1.3939 -1.2033 2.0832, -0.6065 -1.187 2.0958, -1.3939 -1.187 2.0958, -0.6065 -1.168 2.1036, -1.3939 -1.168 2.1036, -1.3939 1.1691 2.1063, -0.6065 1.1691 2.1063, -1.3939 1.134 2.1063, -0.6065 1.134 2.1063, -1.3939 1.2146 2.4213, -0.6065 1.2146 2.4213, -1.3939 1.2146 2.185, -0.6065 1.2146 2.185, -0.6065 -1.1476 2.4213, -1.3939 -1.1476 2.4213, -1.3939 -1.2352 2.4114, -0.6065 -1.2352 2.4114, -1.3939 -1.3185 2.3823, -0.6065 -1.3185 2.3823, -1.3939 -1.3931 2.3354, -0.6065 -1.3931 2.3354, -1.3939 -1.4555 2.273, -0.6065 -1.4555 2.273, -1.3939 -1.5024 2.1984, -0.6065 -1.5024 2.1984, -1.3939 -1.5315 2.1152, -0.6065 -1.5315 2.1152, -1.3939 -1.5413 2.0276, -0.6065 -1.5413 2.0276, -0.6065 -1.5413 0.5512, -1.3939 -1.5413 0.5512, -1.3939 -1.5315 0.4636, -0.6065 -1.5315 0.4636, -1.3939 -1.5024 0.3804, -0.6065 -1.5024 0.3804, -1.3939 -1.4555 0.3057, -0.6065 -1.4555 0.3057, -1.3939 -1.3931 0.2434, -0.6065 -1.3931 0.2434, -1.3939 -1.3185 0.1965, -0.6065 -1.3185 0.1965, -1.3939 -1.2352 0.1674, -0.6065 -1.2352 0.1674, -1.3939 -1.1476 0.1575, -0.6065 -1.1476 0.1575, -1.1774 -0.4193 0.1575, -1.1774 -0.2421 0.1575, -0.823 -0.2421 0.1575, -0.823 -0.4193 0.1575, -0.6065 -0.6358 0.1575, -1.3939 -0.6358 0.1575, -0.823 -0.2218 0.1548, -1.1774 -0.2218 0.1548, -0.823 -0.2028 0.1469, -1.1774 -0.2028 0.1469, -0.823 -0.1865 0.1344, -1.1774 -0.1865 0.1344, -0.823 -0.1739 0.1181, -1.1774 -0.1739 0.1181, -0.823 -0.1661 0.0991, -1.1774 -0.1661 0.0991, -0.6065 1.0886 2.185, -0.6065 0.9626 2.185, -0.6065 -0.8012 2.185, -0.6065 -0.4232 2.185, -0.6065 -0.5492 2.185, -0.6065 -0.9272 2.185, -0.6065 -0.6752 2.185, -0.6065 -0.2972 2.185, -0.6065 -0.1713 2.185, -0.6065 -0.0453 2.185, -0.6065 0.0807 2.185, -0.6065 0.3327 2.185, -0.6065 0.2067 2.185, -0.6065 0.4587 2.185, -0.6065 0.5846 2.185, -0.6065 0.7106 2.185, -0.6065 0.8366 2.185, -1.3939 1.0886 2.185, -1.3939 0.8366 2.185, -1.3939 0.9626 2.185, -1.3939 0.7106 2.185, -1.3939 0.5846 2.185, -1.3939 0.4587 2.185, -1.3939 -0.9272 2.185, -1.3939 0.3327 2.185, -1.3939 0.2067 2.185, -1.3939 0.0807 2.185, -1.3939 -0.0453 2.185, -1.3939 -0.1713 2.185, -1.3939 -0.8012 2.185, -1.3939 -0.2972 2.185, -1.3939 -0.4232 2.185, -1.3939 -0.6752 2.185, -1.3939 -0.5492 2.185, -0.5671 -0.9269 2.4409, -0.2915 -0.9269 3.0315, -1.4333 -0.9269 2.4409, -1.7089 -0.9269 3.0315, -1.4333 -0.9269 1.1024, -1.7089 -0.9269 0.7087, -0.5671 -0.9269 1.1024, -0.2915 -0.9269 0.7087, -0.5671 1.0022 2.4409, -0.2915 1.0022 3.0315, -0.5671 1.0022 1.1024, -0.2915 1.0022 0.7087, -1.4333 1.0022 1.1024, -1.7089 1.0022 0.7087, -1.4333 1.0022 2.4409, -1.7089 1.0022 3.0315, -0.5155 -0.1267 5.4331, -0.5132 -0.1199 5.4331, -1.4849 -0.1267 5.4331, -1.4872 -0.1199 5.4331, -1.4593 -0.1885 5.4331, -1.4259 -0.2466 5.4331, -1.3851 -0.2997 5.4331, -1.3378 -0.3471 5.4331, -1.2846 -0.3879 5.4331, -0.5411 -0.1885 5.4331, -0.5745 -0.2466 5.4331, -1.2266 -0.4214 5.4331, -0.6626 -0.3471 5.4331, -0.6153 -0.2997 5.4331, -1.1648 -0.447 5.4331, -1.1001 -0.4643 5.4331, -1.0337 -0.4731 5.4331, -0.9003 -0.4643 5.4331, -0.8356 -0.447 5.4331, -0.7737 -0.4214 5.4331, -0.9667 -0.4731 5.4331, -0.7158 -0.3879 5.4331, -1.6644 -0.3048 5.1969, -1.6223 -0.3777 5.1969, -1.6174 -0.3744 5.2494, -1.4899 -0.5275 5.1969, -1.4159 -0.5842 5.1969, -1.4126 -0.5793 5.2494, -1.2447 -0.669 5.1969, -1.2407 -0.6707 5.1969, -1.2388 -0.6651 5.2494, -1.1065 -0.7013 5.1969, -1.0491 -0.7088 5.1969, -1.0488 -0.7029 5.2494, -0.9646 -0.7088 5.1969, -0.9513 -0.7088 5.1969, -0.9516 -0.7029 5.2494, -0.8242 -0.688 5.1969, -0.7597 -0.6707 5.1969, -0.7616 -0.6651 5.2494, -0.6899 -0.6418 5.1969, -0.6692 -0.6332 5.1969, -0.6719 -0.6279 5.2494, -0.567 -0.5708 5.1969, -0.5068 -0.5246 5.1969, -0.5107 -0.5202 5.2494, -0.3716 -0.3664 5.1969, -0.3292 -0.2929 5.1969, -0.3345 -0.2903 5.2494, -1.5585 -0.1199 5.423, -1.593 -0.1199 5.4101, -1.582 -0.1596 5.4097, -1.7168 -0.1728 5.1969, -1.7086 -0.2025 5.1969, -1.703 -0.2006 5.2494, -0.476 -0.1199 5.4304, -0.4657 -0.1435 5.4272, -0.4184 -0.1596 5.4097, -0.4404 -0.1199 5.4226, -0.4584 -0.1199 5.4265, -0.3604 -0.1199 5.3813, -0.3633 -0.1199 5.3839, -0.376 -0.1739 5.3815, -0.3743 -0.1199 5.3917, -0.4061 -0.1199 5.4095, -0.336 -0.1199 5.36, -0.3406 -0.1859 5.3441, -0.3223 -0.1199 5.3437, -0.3129 -0.1199 5.3326, -0.3139 -0.195 5.2993, -0.3068 -0.1199 5.3238, -0.2974 -0.2006 5.2494, -0.2751 -0.1199 5.2494, -0.2753 -0.1199 5.2506, -0.2774 -0.1199 5.2589, -0.2896 -0.1199 5.2924, -0.2933 -0.1199 5.2991, -0.2697 -0.1199 5.2153, -0.2917 -0.2025 5.1969, -0.2689 -0.1199 5.1969, -1.7162 -0.1199 5.2796, -1.7251 -0.1199 5.2493, -1.7263 -0.1199 5.2454, -1.7311 -0.1199 5.2099, -1.7315 -0.1199 5.1969, -1.7138 -0.1199 5.2856, -1.6865 -0.195 5.2993, -1.7069 -0.1199 5.2991, -1.6598 -0.1859 5.3441, -1.6842 -0.1199 5.3371, -1.6975 -0.1199 5.3175, -1.6323 -0.1199 5.3874, -1.6398 -0.1199 5.3811, -1.6244 -0.1739 5.3815, -1.6601 -0.1199 5.3643, -1.6783 -0.1199 5.3438, -1.6252 -0.1199 5.3922, -1.5515 -0.1199 5.4249, -1.5347 -0.1435 5.4272, -1.542 -0.1199 5.4266, -1.5146 -0.1199 5.4316, -0.4939 -0.2118 5.4272, -0.4491 -0.2338 5.4097, -0.4089 -0.2536 5.3815, -0.3754 -0.2702 5.3441, -0.3501 -0.2826 5.2993, -0.5758 -0.3344 5.4272, -0.628 -0.3866 5.4272, -0.5382 -0.3673 5.4097, -0.595 -0.4241 5.4097, -0.5045 -0.3968 5.3815, -0.5655 -0.4578 5.3815, -0.4764 -0.4214 5.3441, -0.5408 -0.4859 5.3441, -0.4552 -0.44 5.2993, -0.5223 -0.5071 5.2993, -0.4421 -0.4515 5.2494, -1.2499 -0.4685 5.4272, -1.3139 -0.4316 5.4272, -1.272 -0.5133 5.4097, -1.3416 -0.4731 5.4097, -1.2918 -0.5534 5.3815, -1.3665 -0.5103 5.3815, -1.3084 -0.587 5.3441, -1.3873 -0.5414 5.3441, -1.3208 -0.6122 5.2993, -1.4029 -0.5648 5.2993, -1.3285 -0.6279 5.2494, -1.4246 -0.3344 5.4272, -1.4696 -0.2757 5.4272, -1.4622 -0.3673 5.4097, -1.5111 -0.3035 5.4097, -1.4959 -0.3968 5.3815, -1.5484 -0.3283 5.3815, -1.524 -0.4214 5.3441, -1.5795 -0.3491 5.3441, -1.5452 -0.44 5.2993, -1.6029 -0.3647 5.2993, -1.5583 -0.4515 5.2494, -0.3072 -0.2398 5.1969, -0.3781 -0.3777 5.1969, -0.383 -0.3744 5.2494, -0.3975 -0.3647 5.2993, -0.4209 -0.3491 5.3441, -0.452 -0.3283 5.3815, -0.4893 -0.3035 5.4097, -0.5308 -0.2757 5.4272, -0.4376 -0.4554 5.1969, -0.4598 -0.4776 5.1969, -0.5845 -0.5842 5.1969, -0.5878 -0.5793 5.2494, -0.5975 -0.5648 5.2993, -0.6131 -0.5414 5.3441, -0.6339 -0.5103 5.3815, -0.6588 -0.4731 5.4097, -0.6865 -0.4316 5.4272, -0.7505 -0.4685 5.4272, -0.7284 -0.5133 5.4097, -0.7086 -0.5534 5.3815, -0.692 -0.587 5.3441, -0.6796 -0.6122 5.2993, -0.7672 -0.6485 5.2993, -0.7762 -0.6219 5.3441, -0.7883 -0.5865 5.3815, -0.8027 -0.5441 5.4097, -0.8187 -0.4968 5.4272, -0.8542 -0.696 5.1969, -0.8554 -0.6902 5.2494, -0.8588 -0.6731 5.2993, -0.8643 -0.6455 5.3441, -0.8716 -0.6088 5.3815, -0.8803 -0.5649 5.4097, -0.89 -0.5159 5.4272, -0.9633 -0.5255 5.4272, -0.96 -0.5754 5.4097, -0.9571 -0.6201 5.3815, -0.9546 -0.6574 5.3441, -0.9528 -0.6855 5.2993, -1.0476 -0.6855 5.2993, -1.0458 -0.6574 5.3441, -1.0433 -0.6201 5.3815, -1.0404 -0.5754 5.4097, -1.0371 -0.5255 5.4272, -1.1462 -0.696 5.1969, -1.145 -0.6902 5.2494, -1.1416 -0.6731 5.2993, -1.1361 -0.6455 5.3441, -1.1288 -0.6088 5.3815, -1.1201 -0.5649 5.4097, -1.1103 -0.5159 5.4272, -1.1817 -0.4968 5.4272, -1.1977 -0.5441 5.4097, -1.2121 -0.5865 5.3815, -1.2242 -0.6219 5.3441, -1.2332 -0.6485 5.2993, -1.3312 -0.6332 5.1969, -1.3734 -0.6088 5.1969, -1.4936 -0.5246 5.1969, -1.4897 -0.5202 5.2494, -1.4781 -0.5071 5.2993, -1.4596 -0.4859 5.3441, -1.4349 -0.4578 5.3815, -1.4054 -0.4241 5.4097, -1.3724 -0.3866 5.4272, -1.5628 -0.4554 5.1969, -1.587 -0.4238 5.1969, -1.6712 -0.2929 5.1969, -1.6659 -0.2903 5.2494, -1.6502 -0.2826 5.2993, -1.625 -0.2702 5.3441, -1.5914 -0.2536 5.3815, -1.5513 -0.2338 5.4097, -1.5065 -0.2118 5.4272, -1.4872 0.1951 5.4331, -0.5132 0.1951 5.4331, -0.5155 0.2019 5.4331, -0.5745 0.3218 5.4331, -0.6153 0.375 5.4331, -1.4849 0.2019 5.4331, -0.6626 0.4223 5.4331, -0.7158 0.4631 5.4331, -0.7737 0.4966 5.4331, -0.5411 0.2638 5.4331, -1.1648 0.5222 5.4331, -1.2266 0.4966 5.4331, -1.2846 0.4631 5.4331, -1.3378 0.4223 5.4331, -0.8356 0.5222 5.4331, -0.9003 0.5396 5.4331, -0.9667 0.5483 5.4331, -1.0337 0.5483 5.4331, -1.1001 0.5396 5.4331, -1.3851 0.375 5.4331, -1.4259 0.3218 5.4331, -1.4593 0.2638 5.4331, -0.3072 0.315 5.1969, -0.3292 0.3682 5.1969, -0.3345 0.3656 5.2494, -0.3716 0.4417 5.1969, -0.3781 0.453 5.1969, -0.383 0.4497 5.2494, -0.4598 0.5528 5.1969, -0.5068 0.5999 5.1969, -0.5107 0.5954 5.2494, -0.567 0.6461 5.1969, -0.5845 0.6595 5.1969, -0.5878 0.6546 5.2494, -0.6899 0.717 5.1969, -0.7597 0.7459 5.1969, -0.7616 0.7403 5.2494, -0.9646 0.784 5.1969, -1.0491 0.784 5.1969, -1.0488 0.7781 5.2494, -1.2447 0.7443 5.1969, -1.3312 0.7084 5.1969, -1.3285 0.7031 5.2494, -1.3734 0.684 5.1969, -1.4159 0.6595 5.1969, -1.4126 0.6546 5.2494, -1.4899 0.6027 5.1969, -1.4936 0.5999 5.1969, -1.4897 0.5954 5.2494, -1.587 0.4991 5.1969, -1.6223 0.453 5.1969, -1.6174 0.4497 5.2494, -1.6644 0.38 5.1969, -1.6712 0.3682 5.1969, -1.6659 0.3656 5.2494, -0.2806 0.1951 5.2693, -0.2756 0.1951 5.2493, -0.2974 0.2758 5.2494, -0.2721 0.1951 5.2347, -0.2917 0.2777 5.1969, -0.2689 0.1951 5.1991, -0.2689 0.1951 5.1969, -0.2827 0.1951 5.2755, -0.3139 0.2702 5.2993, -0.2934 0.1951 5.2991, -0.2975 0.1951 5.3082, -0.3406 0.2612 5.3441, -0.3171 0.1951 5.3383, -0.376 0.2492 5.3815, -0.3458 0.1951 5.3695, -0.3209 0.1951 5.3431, -0.4184 0.2348 5.4097, -0.4066 0.1951 5.4093, -0.3797 0.1951 5.3951, -0.3744 0.1951 5.3918, -0.3606 0.1951 5.381, -0.4583 0.1951 5.4269, -0.4536 0.1951 5.4261, -0.4657 0.2188 5.4272, -0.4471 0.1951 5.4244, -0.4123 0.1951 5.4123, -0.4907 0.1951 5.4321, -1.5244 0.1951 5.4304, -1.5347 0.2188 5.4272, -1.542 0.1951 5.4266, -1.5578 0.1951 5.4232, -1.582 0.2348 5.4097, -1.5923 0.1951 5.4105, -1.6399 0.1951 5.3813, -1.6354 0.1951 5.3852, -1.6244 0.2492 5.3815, -1.6242 0.1951 5.3929, -1.5939 0.1951 5.4096, -1.6628 0.1951 5.3616, -1.6598 0.2612 5.3441, -1.6783 0.1951 5.3439, -1.6865 0.2702 5.2993, -1.7036 0.1951 5.3069, -1.6842 0.1951 5.3371, -1.7247 0.1951 5.2493, -1.7203 0.1951 5.2678, -1.703 0.2758 5.2494, -1.7181 0.1951 5.2743, -1.7071 0.1951 5.2992, -1.7086 0.2777 5.1969, -1.7168 0.2481 5.1969, -1.7286 0.1951 5.233, -1.7315 0.1951 5.1969, -1.1103 0.5911 5.4272, -1.0371 0.6008 5.4272, -1.1201 0.6401 5.4097, -1.0404 0.6506 5.4097, -1.1288 0.684 5.3815, -1.0433 0.6953 5.3815, -1.1361 0.7207 5.3441, -1.0458 0.7326 5.3441, -1.1416 0.7483 5.2993, -1.0476 0.7607 5.2993, -1.145 0.7655 5.2494, -0.89 0.5911 5.4272, -0.8187 0.572 5.4272, -0.8803 0.6401 5.4097, -0.8027 0.6193 5.4097, -0.8716 0.684 5.3815, -0.7883 0.6617 5.3815, -0.8643 0.7207 5.3441, -0.7762 0.6971 5.3441, -0.8588 0.7483 5.2993, -0.7672 0.7238 5.2993, -0.8554 0.7655 5.2494, -1.5065 0.287 5.4272, -1.5513 0.3091 5.4097, -1.5914 0.3289 5.3815, -1.625 0.3454 5.3441, -1.6502 0.3578 5.2993, -1.6029 0.44 5.2993, -1.5795 0.4243 5.3441, -1.5484 0.4036 5.3815, -1.5111 0.3787 5.4097, -1.4696 0.351 5.4272, -1.5628 0.5306 5.1969, -1.5583 0.5267 5.2494, -1.5452 0.5152 5.2993, -1.524 0.4967 5.3441, -1.4959 0.472 5.3815, -1.4622 0.4425 5.4097, -1.4246 0.4096 5.4272, -1.3724 0.4618 5.4272, -1.4054 0.4994 5.4097, -1.4349 0.533 5.3815, -1.4596 0.5611 5.3441, -1.4781 0.5823 5.2993, -1.4029 0.64 5.2993, -1.3873 0.6166 5.3441, -1.3665 0.5856 5.3815, -1.3416 0.5483 5.4097, -1.3139 0.5068 5.4272, -1.3208 0.6875 5.2993, -1.3084 0.6622 5.3441, -1.2918 0.6287 5.3815, -1.272 0.5885 5.4097, -1.2499 0.5437 5.4272, -1.2407 0.7459 5.1969, -1.2388 0.7403 5.2494, -1.2332 0.7238 5.2993, -1.2242 0.6971 5.3441, -1.2121 0.6617 5.3815, -1.1977 0.6193 5.4097, -1.1817 0.572 5.4272, -1.1462 0.7713 5.1969, -1.1065 0.7765 5.1969, -0.9513 0.784 5.1969, -0.9516 0.7781 5.2494, -0.9528 0.7607 5.2993, -0.9546 0.7326 5.3441, -0.9571 0.6953 5.3815, -0.96 0.6506 5.4097, -0.9633 0.6008 5.4272, -0.8542 0.7713 5.1969, -0.8242 0.7632 5.1969, -0.6692 0.7084 5.1969, -0.6719 0.7031 5.2494, -0.6796 0.6875 5.2993, -0.692 0.6622 5.3441, -0.7086 0.6287 5.3815, -0.7284 0.5885 5.4097, -0.7505 0.5437 5.4272, -0.6865 0.5068 5.4272, -0.6588 0.5483 5.4097, -0.6339 0.5856 5.3815, -0.6131 0.6166 5.3441, -0.5975 0.64 5.2993, -0.5223 0.5823 5.2993, -0.5408 0.5611 5.3441, -0.5655 0.533 5.3815, -0.595 0.4994 5.4097, -0.628 0.4618 5.4272, -0.4376 0.5306 5.1969, -0.4421 0.5267 5.2494, -0.4552 0.5152 5.2993, -0.4764 0.4967 5.3441, -0.5045 0.472 5.3815, -0.5382 0.4425 5.4097, -0.5758 0.4096 5.4272, -0.5308 0.351 5.4272, -0.4893 0.3787 5.4097, -0.452 0.4036 5.3815, -0.4209 0.4243 5.3441, -0.3975 0.44 5.2993, -0.3501 0.3578 5.2993, -0.3754 0.3454 5.3441, -0.4089 0.3289 5.3815, -0.4491 0.3091 5.4097, -0.4939 0.287 5.4272, -1.7315 0.1951 5.1181, -0.3066 -0.2401 4.9606, -0.2689 -0.1199 5.1181, -0.2787 -0.16 4.9606, -0.2657 -0.1039 5.1181, -0.2673 -0.1036 4.9606, -0.2588 -0.0621 4.9606, -0.2522 0.0376 5.1181, -0.2522 0.0376 4.9606, -0.2588 0.1373 4.9606, -0.2657 0.1792 5.1181, -0.3066 0.3154 4.9606, -0.2689 0.1951 5.1181, -0.2787 0.2352 4.9606, -0.2673 0.1789 4.9606, -1.7437 0.1086 4.9606, -1.7466 0.0876 4.9606, -1.7448 0.1087 5.1181, -1.7466 -0.0123 4.9606, -1.7448 -0.0335 5.1181, -1.7437 -0.0333 4.9606, -1.7332 -0.1114 4.9606, -1.7315 -0.1199 5.1181, -1.7164 -0.1727 4.9606, -0.3115 -0.2544 4.9606, -0.3566 -0.3436 4.9606, -0.372 -0.366 4.9606, -0.4131 -0.426 4.9606, -0.4599 -0.4776 4.9606, -0.4802 -0.5001 4.9606, -0.5565 -0.5646 4.9606, -0.5667 -0.5711 4.9606, -0.6407 -0.6184 4.9606, -0.6902 -0.6413 4.9606, -0.7313 -0.6604 4.9606, -0.8239 -0.6891 4.9606, -0.8268 -0.69 4.9606, -0.9253 -0.7067 4.9606, -0.9647 -0.708 4.9606, -1.0252 -0.71 4.9606, -1.1066 -0.7018 4.9606, -1.1246 -0.7 4.9606, -1.2218 -0.6768 4.9606, -1.2444 -0.6681 4.9606, -1.3151 -0.6409 4.9606, -1.3735 -0.6089 4.9606, -1.4027 -0.5929 4.9606, -1.4831 -0.5336 4.9606, -1.4897 -0.5273 4.9606, -1.555 -0.4641 4.9606, -1.5869 -0.4237 4.9606, -1.6169 -0.3857 4.9606, -1.6647 -0.305 4.9606, -1.6678 -0.2997 4.9606, -1.7068 -0.2078 4.9606, -1.7068 0.283 4.9606, -1.6678 0.375 4.9606, -1.6647 0.3802 4.9606, -1.7332 0.1866 4.9606, -1.7164 0.248 4.9606, -1.6169 0.461 4.9606, -1.5869 0.499 4.9606, -1.555 0.5394 4.9606, -1.4897 0.6025 4.9606, -1.4831 0.6089 4.9606, -1.4027 0.6681 4.9606, -1.2218 0.7521 4.9606, -1.1246 0.7752 4.9606, -1.1066 0.777 4.9606, -1.3735 0.6841 4.9606, -1.3151 0.7162 4.9606, -1.2444 0.7434 4.9606, -0.9253 0.7819 4.9606, -0.8268 0.7653 4.9606, -0.8239 0.7644 4.9606, -1.0252 0.7852 4.9606, -0.9647 0.7832 4.9606, -0.7313 0.7357 4.9606, -0.6902 0.7166 4.9606, -0.6407 0.6936 4.9606, -0.4131 0.5012 4.9606, -0.4599 0.5529 4.9606, -0.4802 0.5753 4.9606, -0.5565 0.6398 4.9606, -0.5667 0.6463 4.9606, -0.3115 0.3296 4.9606, -0.3566 0.4188 4.9606, -0.372 0.4413 4.9606, -0.3152 -0.2528 4.9301, -0.2826 -0.1589 4.9301, -0.3601 -0.3415 4.9301, -0.4163 -0.4235 4.9301, -0.483 -0.4972 4.9301, -0.5589 -0.5614 4.9301, -0.6426 -0.6148 4.9301, -0.7328 -0.6567 4.9301, -0.8277 -0.6861 4.9301, -0.9257 -0.7027 4.9301, -1.0251 -0.706 4.9301, -1.1239 -0.696 4.9301, -1.2206 -0.673 4.9301, -1.3134 -0.6373 4.9301, -1.4005 -0.5895 4.9301, -1.4805 -0.5305 4.9301, -1.552 -0.4614 4.9301, -1.6136 -0.3834 4.9301, -1.6642 -0.2979 4.9301, -1.703 -0.2064 4.9301, -1.7293 -0.1106 4.9301, -1.7425 -0.0121 4.9301, -1.7425 0.0873 4.9301, -1.7293 0.1858 4.9301, -1.703 0.2817 4.9301, -1.6642 0.3732 4.9301, -1.6136 0.4587 4.9301, -1.552 0.5367 4.9301, -1.4805 0.6058 4.9301, -1.4005 0.6647 4.9301, -1.3134 0.7125 4.9301, -1.2206 0.7482 4.9301, -1.1239 0.7713 4.9301, -1.0251 0.7812 4.9301, -0.9257 0.7779 4.9301, -0.8277 0.7614 4.9301, -0.7328 0.7319 4.9301, -0.6426 0.6901 4.9301, -0.5589 0.6366 4.9301, -0.483 0.5724 4.9301, -0.4163 0.4987 4.9301, -0.3601 0.4168 4.9301, -0.3152 0.3281 4.9301, -0.2826 0.2342 4.9301, -0.2628 0.1368 4.9301, -0.2562 0.0376 4.9301, -0.2628 -0.0615 4.9301, -0.2745 0.1352 4.9016, -0.294 0.2311 4.9016, -0.3261 0.3235 4.9016, -0.3702 0.4108 4.9016, -0.4256 0.4914 4.9016, -0.4912 0.5639 4.9016, -0.5659 0.6271 4.9016, -0.6483 0.6797 4.9016, -0.737 0.7209 4.9016, -0.8305 0.7499 4.9016, -0.9269 0.7662 4.9016, -1.0247 0.7694 4.9016, -1.122 0.7596 4.9016, -1.2171 0.737 4.9016, -1.3084 0.7018 4.9016, -1.3942 0.6548 4.9016, -1.4729 0.5968 4.9016, -1.5432 0.5288 4.9016, -1.6039 0.452 4.9016, -1.6537 0.3679 4.9016, -1.6919 0.2778 4.9016, -1.7177 0.1835 4.9016, -1.7308 0.0865 4.9016, -1.7308 -0.0113 4.9016, -1.7177 -0.1082 4.9016, -1.6919 -0.2026 4.9016, -1.6537 -0.2926 4.9016, -1.6039 -0.3768 4.9016, -1.5432 -0.4535 4.9016, -1.4729 -0.5215 4.9016, -1.3942 -0.5796 4.9016, -1.3084 -0.6266 4.9016, -1.2171 -0.6617 4.9016, -1.122 -0.6844 4.9016, -1.0247 -0.6942 4.9016, -0.9269 -0.6909 4.9016, -0.8305 -0.6746 4.9016, -0.737 -0.6457 4.9016, -0.6483 -0.6045 4.9016, -0.5659 -0.5519 4.9016, -0.4912 -0.4887 4.9016, -0.4256 -0.4162 4.9016, -0.3702 -0.3355 4.9016, -0.3261 -0.2482 4.9016, -0.294 -0.1558 4.9016, -0.2745 -0.06 4.9016, -0.268 0.0376 4.9016, -0.2931 0.1327 4.8771, -0.3121 0.2261 4.8771, -0.3434 0.3161 4.8771, -0.3864 0.4012 4.8771, -0.4403 0.4798 4.8771, -0.5042 0.5505 4.8771, -0.577 0.612 4.8771, -0.6573 0.6633 4.8771, -0.7438 0.7034 4.8771, -0.8348 0.7316 4.8771, -0.9288 0.7475 4.8771, -1.024 0.7507 4.8771, -1.1189 0.7411 4.8771, -1.2116 0.719 4.8771, -1.3005 0.6848 4.8771, -1.3841 0.639 4.8771, -1.4608 0.5824 4.8771, -1.5293 0.5162 4.8771, -1.5884 0.4414 4.8771, -1.637 0.3594 4.8771, -1.6742 0.2716 4.8771, -1.6993 0.1797 4.8771, -1.712 0.0853 4.8771, -1.712 -0.01 4.8771, -1.6993 -0.1045 4.8771, -1.6742 -0.1964 4.8771, -1.637 -0.2841 4.8771, -1.5884 -0.3661 4.8771, -1.5293 -0.4409 4.8771, -1.4608 -0.5072 4.8771, -1.3841 -0.5637 4.8771, -1.3005 -0.6095 4.8771, -1.2116 -0.6438 4.8771, -1.1189 -0.6659 4.8771, -1.024 -0.6754 4.8771, -0.9288 -0.6722 4.8771, -0.8348 -0.6564 4.8771, -0.7438 -0.6281 4.8771, -0.6573 -0.588 4.8771, -0.577 -0.5367 4.8771, -0.5042 -0.4752 4.8771, -0.4403 -0.4045 4.8771, -0.3864 -0.326 4.8771, -0.3434 -0.2409 4.8771, -0.3121 -0.1509 4.8771, -0.2931 -0.0575 4.8771, -0.2868 0.0376 4.8771, -0.3174 0.1295 4.8583, -0.3357 0.2196 4.8583, -0.3659 0.3066 4.8583, -0.4074 0.3887 4.8583, -0.4595 0.4646 4.8583, -0.5212 0.5329 4.8583, -0.5915 0.5923 4.8583, -0.6691 0.6418 4.8583, -0.7526 0.6806 4.8583, -0.8405 0.7078 4.8583, -0.9312 0.7231 4.8583, -1.0232 0.7262 4.8583, -1.1148 0.717 4.8583, -1.2043 0.6957 4.8583, -1.2902 0.6626 4.8583, -1.3709 0.6184 4.8583, -1.445 0.5638 4.8583, -1.5112 0.4998 4.8583, -1.5682 0.4275 4.8583, -1.6151 0.3484 4.8583, -1.6511 0.2636 4.8583, -1.6754 0.1749 4.8583, -1.6876 0.0836 4.8583, -1.6876 -0.0084 4.8583, -1.6754 -0.0996 4.8583, -1.6511 -0.1884 4.8583, -1.6151 -0.2731 4.8583, -1.5682 -0.3523 4.8583, -1.5112 -0.4245 4.8583, -1.445 -0.4885 4.8583, -1.3709 -0.5431 4.8583, -1.2902 -0.5873 4.8583, -1.2043 -0.6204 4.8583, -1.1148 -0.6418 4.8583, -1.0232 -0.651 4.8583, -0.9312 -0.6479 4.8583, -0.8405 -0.6326 4.8583, -0.7526 -0.6053 4.8583, -0.6691 -0.5666 4.8583, -0.5915 -0.5171 4.8583, -0.5212 -0.4576 4.8583, -0.4595 -0.3894 4.8583, -0.4074 -0.3135 4.8583, -0.3659 -0.2313 4.8583, -0.3357 -0.1444 4.8583, -0.3174 -0.0542 4.8583, -0.3112 0.0376 4.8583, -0.3456 0.1257 4.8465, -0.3632 0.2121 4.8465, -0.3921 0.2955 4.8465, -0.4319 0.3742 4.8465, -0.4818 0.447 4.8465, -0.541 0.5124 4.8465, -0.6084 0.5694 4.8465, -0.6828 0.6168 4.8465, -0.7628 0.654 4.8465, -0.8471 0.6801 4.8465, -0.9341 0.6948 4.8465, -1.0223 0.6977 4.8465, -1.1101 0.6889 4.8465, -1.1959 0.6685 4.8465, -1.2782 0.6367 4.8465, -1.3556 0.5943 4.8465, -1.4266 0.542 4.8465, -1.4901 0.4807 4.8465, -1.5447 0.4114 4.8465, -1.5897 0.3355 4.8465, -1.6241 0.2543 4.8465, -1.6475 0.1692 4.8465, -1.6592 0.0817 4.8465, -1.6592 -0.0065 4.8465, -1.6475 -0.0939 4.8465, -1.6241 -0.179 4.8465, -1.5897 -0.2603 4.8465, -1.5447 -0.3362 4.8465, -1.4901 -0.4054 4.8465, -1.4266 -0.4668 4.8465, -1.3556 -0.5191 4.8465, -1.2782 -0.5615 4.8465, -1.1959 -0.5932 4.8465, -1.1101 -0.6137 4.8465, -1.0223 -0.6225 4.8465, -0.9341 -0.6196 4.8465, -0.8471 -0.6049 4.8465, -0.7628 -0.5787 4.8465, -0.6828 -0.5416 4.8465, -0.6084 -0.4941 4.8465, -0.541 -0.4372 4.8465, -0.4818 -0.3717 4.8465, -0.4319 -0.299 4.8465, -0.3921 -0.2202 4.8465, -0.3632 -0.1369 4.8465, -0.3456 -0.0504 4.8465, -0.3397 0.0376 4.8465, -0.3759 0.1216 4.8425, -0.3927 0.204 4.8425, -0.4203 0.2835 4.8425, -0.4582 0.3586 4.8425, -0.5058 0.428 4.8425, -0.5623 0.4904 4.8425, -0.6265 0.5448 4.8425, -0.6975 0.59 4.8425, -0.7738 0.6255 4.8425, -0.8542 0.6504 4.8425, -0.9371 0.6644 4.8425, -1.0212 0.6672 4.8425, -1.105 0.6588 4.8425, -1.1868 0.6393 4.8425, -1.2654 0.609 4.8425, -1.3391 0.5686 4.8425, -1.4069 0.5187 4.8425, -1.4674 0.4602 4.8425, -1.5195 0.3941 4.8425, -1.5624 0.3217 4.8425, -1.5953 0.2442 4.8425, -1.6175 0.1631 4.8425, -1.6287 0.0797 4.8425, -1.6287 -0.0045 4.8425, -1.6175 -0.0879 4.8425, -1.5953 -0.169 4.8425, -1.5624 -0.2465 4.8425, -1.5195 -0.3189 4.8425, -1.4674 -0.3849 4.8425, -1.4069 -0.4434 4.8425, -1.3391 -0.4933 4.8425, -1.2654 -0.5338 4.8425, -1.1868 -0.564 4.8425, -1.105 -0.5835 4.8425, -1.0212 -0.5919 4.8425, -0.9371 -0.5891 4.8425, -0.8542 -0.5751 4.8425, -0.7738 -0.5502 4.8425, -0.6975 -0.5148 4.8425, -0.6265 -0.4695 4.8425, -0.5623 -0.4152 4.8425, -0.5058 -0.3528 4.8425, -0.4582 -0.2834 4.8425, -0.4203 -0.2083 4.8425, -0.3927 -0.1288 4.8425, -0.3759 -0.0463 4.8425, -0.3703 0.0376 4.8425, -1.3805 -0.0643 4.8425, -1.3939 0.0376 4.8425, -1.3805 0.1395 4.8425, -1.3412 -0.1592 4.8425, -1.2786 -0.2408 4.8425, -0.8033 0.3786 4.8425, -0.8983 0.4179 4.8425, -1.0002 0.4313 4.8425, -1.1021 0.4179 4.8425, -1.197 -0.3033 4.8425, -1.1021 -0.3427 4.8425, -1.0002 -0.3561 4.8425, -0.8033 -0.3033 4.8425, -0.7218 -0.2408 4.8425, -0.6199 -0.0643 4.8425, -0.6065 0.0376 4.8425, -1.197 0.3786 4.8425, -1.2786 0.316 4.8425, -1.3412 0.2345 4.8425, -0.8983 -0.3427 4.8425, -0.6592 -0.1592 4.8425, -0.7218 0.316 4.8425, -0.6199 0.1395 4.8425, -0.6592 0.2345 4.8425, -0.6199 0.1395 3.1496, -0.6592 0.2345 3.1496, -0.7218 0.316 3.1496, -0.8033 0.3786 3.1496, -0.8983 0.4179 3.1496, -1.0002 0.4313 3.1496, -1.1021 0.4179 3.1496, -1.197 0.3786 3.1496, -1.2786 0.316 3.1496, -1.3412 0.2345 3.1496, -1.3805 0.1395 3.1496, -1.3939 0.0376 3.1496, -1.3805 -0.0643 3.1496, -1.3412 -0.1592 3.1496, -1.2786 -0.2408 3.1496, -1.197 -0.3033 3.1496, -1.1021 -0.3427 3.1496, -1.0002 -0.3561 3.1496, -0.8983 -0.3427 3.1496, -0.8033 -0.3033 3.1496, -0.7218 -0.2408 3.1496, -0.6592 -0.1592 3.1496, -0.6199 -0.0643 3.1496, -0.6065 0.0376 3.1496, -1.7089 0.9982 3.0621, -0.2915 0.9982 3.0621, -1.7089 0.9864 3.0906, -0.2915 0.9864 3.0906, -1.7089 0.9676 3.115, -0.2915 0.9676 3.115, -1.7089 0.9431 3.1338, -0.2915 0.9431 3.1338, -1.7089 0.9146 3.1456, -0.2915 0.9146 3.1456, -1.7089 0.8841 3.1496, -0.2915 0.8841 3.1496, -0.2915 -0.8088 3.1496, -1.7089 -0.8088 3.1496, -1.7089 -0.8394 3.1456, -0.2915 -0.8394 3.1456, -1.7089 -0.8679 3.1338, -0.2915 -0.8679 3.1338, -1.7089 -0.8924 3.115, -0.2915 -0.8924 3.115, -1.7089 -0.9111 3.0906, -0.2915 -0.9111 3.0906, -1.7089 -0.9229 3.0621, -0.2915 -0.9229 3.0621, -1.7089 -0.9229 0.6781, -0.2915 -0.9229 0.6781, -1.7089 -0.9111 0.6496, -0.2915 -0.9111 0.6496, -1.7089 -0.8924 0.6251, -0.2915 -0.8924 0.6251, -1.7089 -0.8679 0.6064, -0.2915 -0.8679 0.6064, -1.7089 -0.8394 0.5946, -0.2915 -0.8394 0.5946, -1.7089 -0.8088 0.5906, -0.2915 -0.8088 0.5906, -0.2915 0.8841 0.5906, -1.7089 0.8841 0.5906, -1.7089 0.9146 0.5946, -0.2915 0.9146 0.5946, -1.7089 0.9431 0.6064, -0.2915 0.9431 0.6064, -1.7089 0.9676 0.6251, -0.2915 0.9676 0.6251, -1.7089 0.9864 0.6496, -0.2915 0.9864 0.6496, -1.7089 0.9982 0.6781, -0.2915 0.9982 0.6781
            ]
        }
        coordIndex [
            0,1,2,-1,2,1,3,-1,2,3,4,-1,4,3,5,-1,4,5,6,-1,6,5,7,-1,6,7,0,-1,0,7,1,-1,8,9,10,-1,10,9,11,-1,10,11,12,-1,12,11,13,-1,12,13,14,-1,14,13,15,-1,14,15,8,-1,8,15,9,-1,16,17,18,-1,18,17,19,-1,18,20,16,-1,16,20,21,-1,16,21,22,-1,22,23,16,-1,16,23,24,-1,16,24,25,-1,25,24,26,-1,27,28,24,-1,24,28,29,-1,24,29,26,-1,27,30,28,-1,28,30,31,-1,28,31,32,-1,33,34,35,-1,32,36,28,-1,28,36,33,-1,28,33,37,-1,37,33,35,-1,38,39,40,-1,41,42,43,-1,44,45,46,-1,47,48,49,-1,50,51,52,-1,53,54,55,-1,56,57,58,-1,59,60,61,-1,62,63,64,-1,65,66,67,-1,68,69,70,-1,17,16,71,-1,71,16,72,-1,73,74,72,-1,72,74,75,-1,72,75,71,-1,76,77,78,-1,78,77,79,-1,78,79,73,-1,73,79,80,-1,73,80,74,-1,76,78,81,-1,81,78,82,-1,81,82,83,-1,83,82,84,-1,84,82,85,-1,84,85,86,-1,87,88,89,-1,89,90,87,-1,87,90,91,-1,87,91,85,-1,85,91,92,-1,85,92,86,-1,88,87,93,-1,93,87,94,-1,93,94,95,-1,96,97,70,-1,70,97,98,-1,70,98,68,-1,68,98,99,-1,68,99,100,-1,96,70,101,-1,101,70,102,-1,101,102,103,-1,104,105,102,-1,102,105,106,-1,102,106,103,-1,107,108,109,-1,109,108,110,-1,109,110,104,-1,104,110,111,-1,104,111,105,-1,67,66,109,-1,109,66,112,-1,109,112,107,-1,65,67,113,-1,113,67,114,-1,113,114,115,-1,18,19,114,-1,114,19,116,-1,114,116,115,-1,16,25,72,-1,72,25,117,-1,72,117,73,-1,73,117,118,-1,73,118,78,-1,78,118,119,-1,78,119,82,-1,82,119,120,-1,82,120,85,-1,85,120,121,-1,85,121,87,-1,87,121,64,-1,29,28,122,-1,122,28,123,-1,122,123,124,-1,124,123,125,-1,124,125,126,-1,126,125,127,-1,126,127,128,-1,128,127,129,-1,128,129,130,-1,130,129,131,-1,130,131,132,-1,132,131,61,-1,27,24,133,-1,133,24,134,-1,133,134,135,-1,135,134,136,-1,135,136,137,-1,137,136,138,-1,137,138,139,-1,139,138,140,-1,139,140,141,-1,141,140,142,-1,141,142,143,-1,143,142,43,-1,22,21,144,-1,144,21,145,-1,144,145,146,-1,146,145,147,-1,146,147,148,-1,148,147,149,-1,148,149,150,-1,150,149,151,-1,150,151,152,-1,152,151,153,-1,152,153,154,-1,154,153,40,-1,64,63,87,-1,87,63,155,-1,87,155,94,-1,156,62,157,-1,157,62,64,-1,157,64,158,-1,158,64,121,-1,158,121,159,-1,159,121,120,-1,159,120,160,-1,160,120,119,-1,160,119,161,-1,161,119,118,-1,161,118,162,-1,162,118,117,-1,162,117,26,-1,26,117,25,-1,26,29,162,-1,162,29,122,-1,162,122,161,-1,161,122,124,-1,161,124,160,-1,160,124,126,-1,160,126,159,-1,159,126,128,-1,159,128,158,-1,158,128,130,-1,158,130,157,-1,157,130,132,-1,157,132,156,-1,156,132,163,-1,61,60,132,-1,132,60,164,-1,132,164,163,-1,165,59,166,-1,166,59,61,-1,166,61,167,-1,167,61,131,-1,167,131,168,-1,168,131,129,-1,168,129,169,-1,169,129,127,-1,169,127,170,-1,170,127,125,-1,170,125,171,-1,171,125,123,-1,171,123,37,-1,37,123,28,-1,37,35,171,-1,171,35,172,-1,171,172,170,-1,170,172,173,-1,170,173,169,-1,169,173,174,-1,169,174,168,-1,168,174,175,-1,168,175,167,-1,167,175,176,-1,167,176,166,-1,166,176,58,-1,166,58,165,-1,165,58,57,-1,54,56,55,-1,55,56,58,-1,55,58,177,-1,177,58,176,-1,177,176,178,-1,178,176,175,-1,178,175,179,-1,179,175,174,-1,179,174,180,-1,180,174,173,-1,180,173,181,-1,181,173,172,-1,181,172,34,-1,34,172,35,-1,182,53,183,-1,183,53,55,-1,183,55,184,-1,184,55,177,-1,184,177,185,-1,185,177,178,-1,185,178,186,-1,186,178,179,-1,186,179,187,-1,187,179,180,-1,187,180,188,-1,188,180,181,-1,188,181,33,-1,33,181,34,-1,33,36,188,-1,188,36,189,-1,188,189,187,-1,187,189,190,-1,187,190,186,-1,186,190,191,-1,186,191,185,-1,185,191,192,-1,185,192,184,-1,184,192,193,-1,184,193,183,-1,183,193,52,-1,183,52,182,-1,182,52,51,-1,48,50,49,-1,49,50,52,-1,49,52,194,-1,194,52,193,-1,194,193,195,-1,195,193,192,-1,195,192,196,-1,196,192,191,-1,196,191,197,-1,197,191,190,-1,197,190,198,-1,198,190,189,-1,198,189,32,-1,32,189,36,-1,199,47,200,-1,200,47,49,-1,200,49,201,-1,201,49,194,-1,201,194,202,-1,202,194,195,-1,202,195,203,-1,203,195,196,-1,203,196,204,-1,204,196,197,-1,204,197,205,-1,205,197,198,-1,205,198,31,-1,31,198,32,-1,31,30,205,-1,205,30,206,-1,205,206,204,-1,204,206,207,-1,204,207,203,-1,203,207,208,-1,203,208,202,-1,202,208,209,-1,202,209,201,-1,201,209,210,-1,201,210,200,-1,200,210,46,-1,200,46,199,-1,199,46,45,-1,211,44,143,-1,143,44,46,-1,143,46,141,-1,141,46,210,-1,141,210,139,-1,139,210,209,-1,139,209,137,-1,137,209,208,-1,137,208,135,-1,135,208,207,-1,135,207,133,-1,133,207,206,-1,133,206,27,-1,27,206,30,-1,43,42,143,-1,143,42,212,-1,143,212,211,-1,213,41,214,-1,214,41,43,-1,214,43,215,-1,215,43,142,-1,215,142,216,-1,216,142,140,-1,216,140,217,-1,217,140,138,-1,217,138,218,-1,218,138,136,-1,218,136,219,-1,219,136,134,-1,219,134,23,-1,23,134,24,-1,23,22,219,-1,219,22,144,-1,219,144,218,-1,218,144,146,-1,218,146,217,-1,217,146,148,-1,217,148,216,-1,216,148,150,-1,216,150,215,-1,215,150,152,-1,215,152,214,-1,214,152,154,-1,214,154,213,-1,213,154,220,-1,40,39,154,-1,154,39,221,-1,154,221,220,-1,222,38,223,-1,223,38,40,-1,223,40,224,-1,224,40,153,-1,224,153,225,-1,225,153,151,-1,225,151,226,-1,226,151,149,-1,226,149,227,-1,227,149,147,-1,227,147,228,-1,228,147,145,-1,228,145,20,-1,20,145,21,-1,20,18,228,-1,228,18,114,-1,228,114,227,-1,227,114,67,-1,227,67,226,-1,226,67,109,-1,226,109,225,-1,225,109,104,-1,225,104,224,-1,224,104,102,-1,224,102,223,-1,223,102,70,-1,223,70,222,-1,222,70,69,-1,229,230,231,-1,231,230,232,-1,231,232,233,-1,234,235,231,-1,231,235,236,-1,233,237,231,-1,231,237,238,-1,231,238,234,-1,239,240,231,-1,231,240,241,-1,231,241,242,-1,236,243,231,-1,231,243,244,-1,231,244,245,-1,245,246,231,-1,231,246,247,-1,231,247,239,-1,242,248,231,-1,231,248,249,-1,231,249,250,-1,251,252,253,-1,254,255,256,-1,257,258,259,-1,260,261,262,-1,263,264,265,-1,266,267,268,-1,269,270,271,-1,272,273,274,-1,275,276,277,-1,278,279,280,-1,281,282,283,-1,284,285,286,-1,286,285,287,-1,286,287,288,-1,288,287,289,-1,288,289,290,-1,284,286,291,-1,291,286,292,-1,291,292,293,-1,293,292,294,-1,294,292,295,-1,294,295,296,-1,297,298,295,-1,295,298,299,-1,295,299,296,-1,300,301,297,-1,297,301,302,-1,302,303,297,-1,297,303,304,-1,297,304,298,-1,305,306,307,-1,307,306,308,-1,307,308,300,-1,300,308,309,-1,300,309,301,-1,232,230,307,-1,307,230,310,-1,307,310,305,-1,229,231,311,-1,311,231,312,-1,311,312,313,-1,313,312,314,-1,314,312,315,-1,314,315,316,-1,317,318,319,-1,319,318,320,-1,319,320,315,-1,315,320,321,-1,315,321,316,-1,317,319,322,-1,322,319,323,-1,322,323,324,-1,325,326,323,-1,323,326,327,-1,323,327,324,-1,328,329,330,-1,330,329,331,-1,330,331,325,-1,325,331,332,-1,325,332,326,-1,330,333,334,-1,328,330,335,-1,335,330,334,-1,335,334,336,-1,247,246,337,-1,337,246,338,-1,337,338,339,-1,339,338,340,-1,339,340,341,-1,341,340,342,-1,341,342,343,-1,343,342,344,-1,343,344,345,-1,345,344,346,-1,345,346,347,-1,347,346,268,-1,244,243,348,-1,348,243,349,-1,348,349,350,-1,350,349,351,-1,350,351,352,-1,352,351,353,-1,352,353,354,-1,354,353,355,-1,354,355,356,-1,356,355,357,-1,356,357,358,-1,358,357,265,-1,231,250,312,-1,312,250,359,-1,312,359,315,-1,315,359,360,-1,315,360,319,-1,319,360,361,-1,319,361,323,-1,323,361,362,-1,323,362,325,-1,325,362,363,-1,325,363,330,-1,330,363,283,-1,330,283,333,-1,333,283,282,-1,279,281,280,-1,280,281,283,-1,280,283,364,-1,364,283,363,-1,364,363,365,-1,365,363,362,-1,365,362,366,-1,366,362,361,-1,366,361,367,-1,367,361,360,-1,367,360,368,-1,368,360,359,-1,368,359,249,-1,249,359,250,-1,369,278,370,-1,370,278,280,-1,370,280,371,-1,371,280,364,-1,371,364,372,-1,372,364,365,-1,372,365,373,-1,373,365,366,-1,373,366,374,-1,374,366,367,-1,374,367,375,-1,375,367,368,-1,375,368,248,-1,248,368,249,-1,248,242,375,-1,375,242,376,-1,375,376,374,-1,374,376,377,-1,374,377,373,-1,373,377,378,-1,373,378,372,-1,372,378,379,-1,372,379,371,-1,371,379,380,-1,371,380,370,-1,370,380,277,-1,370,277,369,-1,369,277,276,-1,273,275,274,-1,274,275,277,-1,274,277,381,-1,381,277,380,-1,381,380,382,-1,382,380,379,-1,382,379,383,-1,383,379,378,-1,383,378,384,-1,384,378,377,-1,384,377,385,-1,385,377,376,-1,385,376,241,-1,241,376,242,-1,270,272,271,-1,271,272,274,-1,271,274,386,-1,386,274,381,-1,386,381,387,-1,387,381,382,-1,387,382,388,-1,388,382,383,-1,388,383,389,-1,389,383,384,-1,389,384,390,-1,390,384,385,-1,390,385,240,-1,240,385,241,-1,391,269,392,-1,392,269,271,-1,392,271,393,-1,393,271,386,-1,393,386,394,-1,394,386,387,-1,394,387,395,-1,395,387,388,-1,395,388,396,-1,396,388,389,-1,396,389,397,-1,397,389,390,-1,397,390,239,-1,239,390,240,-1,239,247,397,-1,397,247,337,-1,397,337,396,-1,396,337,339,-1,396,339,395,-1,395,339,341,-1,395,341,394,-1,394,341,343,-1,394,343,393,-1,393,343,345,-1,393,345,392,-1,392,345,347,-1,392,347,391,-1,391,347,398,-1,268,267,347,-1,347,267,399,-1,347,399,398,-1,400,266,401,-1,401,266,268,-1,401,268,402,-1,402,268,346,-1,402,346,403,-1,403,346,344,-1,403,344,404,-1,404,344,342,-1,404,342,405,-1,405,342,340,-1,405,340,406,-1,406,340,338,-1,406,338,245,-1,245,338,246,-1,245,244,406,-1,406,244,348,-1,406,348,405,-1,405,348,350,-1,405,350,404,-1,404,350,352,-1,404,352,403,-1,403,352,354,-1,403,354,402,-1,402,354,356,-1,402,356,401,-1,401,356,358,-1,401,358,400,-1,400,358,407,-1,265,264,358,-1,358,264,408,-1,358,408,407,-1,409,263,410,-1,410,263,265,-1,410,265,411,-1,411,265,357,-1,411,357,412,-1,412,357,355,-1,412,355,413,-1,413,355,353,-1,413,353,414,-1,414,353,351,-1,414,351,415,-1,415,351,349,-1,415,349,236,-1,236,349,243,-1,236,235,415,-1,415,235,416,-1,415,416,414,-1,414,416,417,-1,414,417,413,-1,413,417,418,-1,413,418,412,-1,412,418,419,-1,412,419,411,-1,411,419,420,-1,411,420,410,-1,410,420,262,-1,410,262,409,-1,409,262,261,-1,258,260,259,-1,259,260,262,-1,259,262,421,-1,421,262,420,-1,421,420,422,-1,422,420,419,-1,422,419,423,-1,423,419,418,-1,423,418,424,-1,424,418,417,-1,424,417,425,-1,425,417,416,-1,425,416,234,-1,234,416,235,-1,426,257,427,-1,427,257,259,-1,427,259,428,-1,428,259,421,-1,428,421,429,-1,429,421,422,-1,429,422,430,-1,430,422,423,-1,430,423,431,-1,431,423,424,-1,431,424,432,-1,432,424,425,-1,432,425,238,-1,238,425,234,-1,238,237,432,-1,432,237,433,-1,432,433,431,-1,431,433,434,-1,431,434,430,-1,430,434,435,-1,430,435,429,-1,429,435,436,-1,429,436,428,-1,428,436,437,-1,428,437,427,-1,427,437,256,-1,427,256,426,-1,426,256,255,-1,252,254,253,-1,253,254,256,-1,253,256,438,-1,438,256,437,-1,438,437,439,-1,439,437,436,-1,439,436,440,-1,440,436,435,-1,440,435,441,-1,441,435,434,-1,441,434,442,-1,442,434,433,-1,442,433,233,-1,233,433,237,-1,288,251,286,-1,286,251,253,-1,286,253,292,-1,292,253,438,-1,292,438,295,-1,295,438,439,-1,295,439,297,-1,297,439,440,-1,297,440,300,-1,300,440,441,-1,300,441,307,-1,307,441,442,-1,307,442,232,-1,232,442,233,-1,443,336,334,-1,95,444,445,-1,445,444,446,-1,445,446,447,-1,446,448,447,-1,447,448,449,-1,447,449,450,-1,449,451,450,-1,450,451,452,-1,450,452,453,-1,454,455,456,-1,456,455,453,-1,456,453,457,-1,457,453,452,-1,458,459,460,-1,460,459,461,-1,460,461,462,-1,461,463,462,-1,462,463,464,-1,462,464,465,-1,465,464,466,-1,465,466,100,-1,95,94,444,-1,444,94,155,-1,444,155,467,-1,467,155,63,-1,467,63,468,-1,468,63,62,-1,468,62,469,-1,469,62,156,-1,469,156,470,-1,470,156,163,-1,470,163,471,-1,471,163,164,-1,471,164,472,-1,472,164,60,-1,472,60,473,-1,473,60,59,-1,473,59,474,-1,474,59,165,-1,474,165,475,-1,475,165,57,-1,475,57,476,-1,476,57,56,-1,476,56,477,-1,477,56,54,-1,477,54,478,-1,478,54,53,-1,478,53,479,-1,479,53,182,-1,479,182,480,-1,480,182,51,-1,480,51,481,-1,481,51,50,-1,481,50,482,-1,482,50,48,-1,482,48,483,-1,483,48,47,-1,483,47,484,-1,484,47,199,-1,484,199,485,-1,485,199,45,-1,485,45,486,-1,486,45,44,-1,486,44,487,-1,487,44,211,-1,487,211,488,-1,488,211,212,-1,488,212,489,-1,489,212,42,-1,489,42,490,-1,490,42,41,-1,490,41,491,-1,491,41,213,-1,491,213,492,-1,492,213,220,-1,492,220,493,-1,493,220,221,-1,493,221,494,-1,494,221,39,-1,494,39,495,-1,495,39,38,-1,495,38,496,-1,496,38,222,-1,496,222,497,-1,497,222,69,-1,497,69,466,-1,466,69,68,-1,466,68,100,-1,498,282,499,-1,499,282,281,-1,499,281,500,-1,458,460,501,-1,501,460,443,-1,501,443,502,-1,502,443,334,-1,502,334,498,-1,498,334,333,-1,498,333,282,-1,500,281,503,-1,503,281,279,-1,503,279,504,-1,504,279,278,-1,504,278,505,-1,278,369,505,-1,505,369,276,-1,505,276,506,-1,506,276,275,-1,506,275,507,-1,507,275,273,-1,507,273,508,-1,509,398,510,-1,510,398,399,-1,510,399,511,-1,508,273,512,-1,512,273,272,-1,512,272,513,-1,513,272,270,-1,513,270,514,-1,514,270,269,-1,514,269,509,-1,509,269,391,-1,509,391,398,-1,515,407,516,-1,516,407,408,-1,516,408,517,-1,511,399,518,-1,518,399,267,-1,518,267,519,-1,519,267,266,-1,519,266,515,-1,515,266,400,-1,515,400,407,-1,517,408,520,-1,520,408,264,-1,520,264,521,-1,521,264,263,-1,521,263,522,-1,523,524,257,-1,257,524,525,-1,257,525,258,-1,258,525,526,-1,258,526,260,-1,260,526,527,-1,260,527,261,-1,261,527,522,-1,261,522,409,-1,409,522,263,-1,290,455,288,-1,288,455,454,-1,288,454,251,-1,251,454,528,-1,251,528,252,-1,252,528,529,-1,252,529,254,-1,254,529,530,-1,254,530,255,-1,255,530,523,-1,255,523,426,-1,426,523,257,-1,444,531,532,-1,444,467,531,-1,531,467,468,-1,531,468,533,-1,533,468,469,-1,533,469,534,-1,534,469,470,-1,534,470,535,-1,535,470,471,-1,471,472,535,-1,535,472,473,-1,535,473,536,-1,536,473,474,-1,536,474,537,-1,537,474,475,-1,537,475,538,-1,538,475,476,-1,476,477,538,-1,538,477,478,-1,538,478,539,-1,478,479,539,-1,539,479,480,-1,539,480,540,-1,540,480,481,-1,540,481,541,-1,541,481,482,-1,541,482,542,-1,542,482,483,-1,483,484,542,-1,542,484,485,-1,542,485,543,-1,543,485,486,-1,543,486,544,-1,544,486,487,-1,544,487,545,-1,545,487,488,-1,488,489,545,-1,545,489,490,-1,545,490,546,-1,546,490,491,-1,546,491,547,-1,547,491,492,-1,547,492,548,-1,548,492,493,-1,493,494,548,-1,548,494,495,-1,548,495,549,-1,495,496,549,-1,549,496,497,-1,549,497,550,-1,550,497,466,-1,550,466,551,-1,551,466,464,-1,551,464,552,-1,552,464,463,-1,463,461,552,-1,552,461,459,-1,552,459,553,-1,553,459,458,-1,553,458,554,-1,554,458,501,-1,554,501,555,-1,555,501,502,-1,502,498,555,-1,555,498,499,-1,555,499,556,-1,556,499,500,-1,556,500,557,-1,500,503,557,-1,557,503,504,-1,557,504,558,-1,504,505,558,-1,558,505,506,-1,558,506,559,-1,506,507,559,-1,559,507,508,-1,559,508,560,-1,560,508,512,-1,560,512,561,-1,561,512,513,-1,561,513,562,-1,562,513,514,-1,514,509,562,-1,562,509,510,-1,562,510,563,-1,563,510,511,-1,563,511,564,-1,564,511,518,-1,564,518,565,-1,565,518,519,-1,519,515,565,-1,565,515,516,-1,565,516,566,-1,566,516,517,-1,566,517,567,-1,517,520,567,-1,567,520,521,-1,567,521,568,-1,521,522,568,-1,568,522,527,-1,568,527,569,-1,527,526,569,-1,569,526,525,-1,569,525,570,-1,570,525,524,-1,570,524,571,-1,571,524,523,-1,571,523,572,-1,572,523,530,-1,530,529,572,-1,572,529,528,-1,572,528,573,-1,573,528,454,-1,573,454,574,-1,574,454,456,-1,574,456,575,-1,575,456,457,-1,457,452,575,-1,575,452,451,-1,575,451,576,-1,576,451,449,-1,576,449,577,-1,577,449,448,-1,577,448,532,-1,532,448,446,-1,532,446,444,-1,576,578,575,-1,575,578,579,-1,575,579,574,-1,574,579,580,-1,574,580,573,-1,573,580,581,-1,573,581,572,-1,572,581,582,-1,572,582,571,-1,571,582,583,-1,571,583,570,-1,570,583,584,-1,570,584,569,-1,569,584,585,-1,569,585,568,-1,568,585,586,-1,568,586,567,-1,567,586,587,-1,567,587,566,-1,566,587,588,-1,566,588,565,-1,565,588,589,-1,565,589,564,-1,564,589,590,-1,564,590,563,-1,563,590,591,-1,563,591,562,-1,562,591,592,-1,562,592,561,-1,561,592,593,-1,561,593,560,-1,560,593,594,-1,560,594,559,-1,559,594,595,-1,559,595,558,-1,558,595,596,-1,558,596,557,-1,557,596,597,-1,557,597,556,-1,556,597,598,-1,556,598,555,-1,555,598,599,-1,555,599,554,-1,554,599,600,-1,554,600,553,-1,553,600,601,-1,553,601,552,-1,552,601,602,-1,552,602,551,-1,551,602,603,-1,551,603,550,-1,550,603,604,-1,550,604,549,-1,549,604,605,-1,549,605,548,-1,548,605,606,-1,548,606,547,-1,547,606,607,-1,547,607,546,-1,546,607,608,-1,546,608,545,-1,545,608,609,-1,545,609,544,-1,544,609,610,-1,544,610,543,-1,543,610,611,-1,543,611,542,-1,542,611,612,-1,542,612,541,-1,541,612,613,-1,541,613,540,-1,540,613,614,-1,540,614,539,-1,539,614,615,-1,539,615,538,-1,538,615,616,-1,538,616,537,-1,537,616,617,-1,537,617,536,-1,536,617,618,-1,536,618,535,-1,535,618,619,-1,535,619,534,-1,534,619,620,-1,534,620,533,-1,533,620,621,-1,533,621,531,-1,531,621,622,-1,531,622,532,-1,532,622,623,-1,532,623,577,-1,577,623,624,-1,577,624,576,-1,576,624,578,-1,624,625,578,-1,578,625,626,-1,578,626,579,-1,579,626,627,-1,579,627,580,-1,580,627,628,-1,580,628,581,-1,581,628,629,-1,581,629,582,-1,582,629,630,-1,582,630,583,-1,583,630,631,-1,583,631,584,-1,584,631,632,-1,584,632,585,-1,585,632,633,-1,585,633,586,-1,586,633,634,-1,586,634,587,-1,587,634,635,-1,587,635,588,-1,588,635,636,-1,588,636,589,-1,589,636,637,-1,589,637,590,-1,590,637,638,-1,590,638,591,-1,591,638,639,-1,591,639,592,-1,592,639,640,-1,592,640,593,-1,593,640,641,-1,593,641,594,-1,594,641,642,-1,594,642,595,-1,595,642,643,-1,595,643,596,-1,596,643,644,-1,596,644,597,-1,597,644,645,-1,597,645,598,-1,598,645,646,-1,598,646,599,-1,599,646,647,-1,599,647,600,-1,600,647,648,-1,600,648,601,-1,601,648,649,-1,601,649,602,-1,602,649,650,-1,602,650,603,-1,603,650,651,-1,603,651,604,-1,604,651,652,-1,604,652,605,-1,605,652,653,-1,605,653,606,-1,606,653,654,-1,606,654,607,-1,607,654,655,-1,607,655,608,-1,608,655,656,-1,608,656,609,-1,609,656,657,-1,609,657,610,-1,610,657,658,-1,610,658,611,-1,611,658,659,-1,611,659,612,-1,612,659,660,-1,612,660,613,-1,613,660,661,-1,613,661,614,-1,614,661,662,-1,614,662,615,-1,615,662,663,-1,615,663,616,-1,616,663,664,-1,616,664,617,-1,617,664,665,-1,617,665,618,-1,618,665,666,-1,618,666,619,-1,619,666,667,-1,619,667,620,-1,620,667,668,-1,620,668,621,-1,621,668,669,-1,621,669,622,-1,622,669,670,-1,622,670,623,-1,623,670,671,-1,623,671,624,-1,624,671,625,-1,671,672,625,-1,625,672,673,-1,625,673,626,-1,626,673,674,-1,626,674,627,-1,627,674,675,-1,627,675,628,-1,628,675,676,-1,628,676,629,-1,629,676,677,-1,629,677,630,-1,630,677,678,-1,630,678,631,-1,631,678,679,-1,631,679,632,-1,632,679,680,-1,632,680,633,-1,633,680,681,-1,633,681,634,-1,634,681,682,-1,634,682,635,-1,635,682,683,-1,635,683,636,-1,636,683,684,-1,636,684,637,-1,637,684,685,-1,637,685,638,-1,638,685,686,-1,638,686,639,-1,639,686,687,-1,639,687,640,-1,640,687,688,-1,640,688,641,-1,641,688,689,-1,641,689,642,-1,642,689,690,-1,642,690,643,-1,643,690,691,-1,643,691,644,-1,644,691,692,-1,644,692,645,-1,645,692,693,-1,645,693,646,-1,646,693,694,-1,646,694,647,-1,647,694,695,-1,647,695,648,-1,648,695,696,-1,648,696,649,-1,649,696,697,-1,649,697,650,-1,650,697,698,-1,650,698,651,-1,651,698,699,-1,651,699,652,-1,652,699,700,-1,652,700,653,-1,653,700,701,-1,653,701,654,-1,654,701,702,-1,654,702,655,-1,655,702,703,-1,655,703,656,-1,656,703,704,-1,656,704,657,-1,657,704,705,-1,657,705,658,-1,658,705,706,-1,658,706,659,-1,659,706,707,-1,659,707,660,-1,660,707,708,-1,660,708,661,-1,661,708,709,-1,661,709,662,-1,662,709,710,-1,662,710,663,-1,663,710,711,-1,663,711,664,-1,664,711,712,-1,664,712,665,-1,665,712,713,-1,665,713,666,-1,666,713,714,-1,666,714,667,-1,667,714,715,-1,667,715,668,-1,668,715,716,-1,668,716,669,-1,669,716,717,-1,669,717,670,-1,670,717,718,-1,670,718,671,-1,671,718,672,-1,718,719,672,-1,672,719,720,-1,672,720,673,-1,673,720,721,-1,673,721,674,-1,674,721,722,-1,674,722,675,-1,675,722,723,-1,675,723,676,-1,676,723,724,-1,676,724,677,-1,677,724,725,-1,677,725,678,-1,678,725,726,-1,678,726,679,-1,679,726,727,-1,679,727,680,-1,680,727,728,-1,680,728,681,-1,681,728,729,-1,681,729,682,-1,682,729,730,-1,682,730,683,-1,683,730,731,-1,683,731,684,-1,684,731,732,-1,684,732,685,-1,685,732,733,-1,685,733,686,-1,686,733,734,-1,686,734,687,-1,687,734,735,-1,687,735,688,-1,688,735,736,-1,688,736,689,-1,689,736,737,-1,689,737,690,-1,690,737,738,-1,690,738,691,-1,691,738,739,-1,691,739,692,-1,692,739,740,-1,692,740,693,-1,693,740,741,-1,693,741,694,-1,694,741,742,-1,694,742,695,-1,695,742,743,-1,695,743,696,-1,696,743,744,-1,696,744,697,-1,697,744,745,-1,697,745,698,-1,698,745,746,-1,698,746,699,-1,699,746,747,-1,699,747,700,-1,700,747,748,-1,700,748,701,-1,701,748,749,-1,701,749,702,-1,702,749,750,-1,702,750,703,-1,703,750,751,-1,703,751,704,-1,704,751,752,-1,704,752,705,-1,705,752,753,-1,705,753,706,-1,706,753,754,-1,706,754,707,-1,707,754,755,-1,707,755,708,-1,708,755,756,-1,708,756,709,-1,709,756,757,-1,709,757,710,-1,710,757,758,-1,710,758,711,-1,711,758,759,-1,711,759,712,-1,712,759,760,-1,712,760,713,-1,713,760,761,-1,713,761,714,-1,714,761,762,-1,714,762,715,-1,715,762,763,-1,715,763,716,-1,716,763,764,-1,716,764,717,-1,717,764,765,-1,717,765,718,-1,718,765,719,-1,765,766,719,-1,719,766,767,-1,719,767,720,-1,720,767,768,-1,720,768,721,-1,721,768,769,-1,721,769,722,-1,722,769,770,-1,722,770,723,-1,723,770,771,-1,723,771,724,-1,724,771,772,-1,724,772,725,-1,725,772,773,-1,725,773,726,-1,726,773,774,-1,726,774,727,-1,727,774,775,-1,727,775,728,-1,728,775,776,-1,728,776,729,-1,729,776,777,-1,729,777,730,-1,730,777,778,-1,730,778,731,-1,731,778,779,-1,731,779,732,-1,732,779,780,-1,732,780,733,-1,733,780,781,-1,733,781,734,-1,734,781,782,-1,734,782,735,-1,735,782,783,-1,735,783,736,-1,736,783,784,-1,736,784,737,-1,737,784,785,-1,737,785,738,-1,738,785,786,-1,738,786,739,-1,739,786,787,-1,739,787,740,-1,740,787,788,-1,740,788,741,-1,741,788,789,-1,741,789,742,-1,742,789,790,-1,742,790,743,-1,743,790,791,-1,743,791,744,-1,744,791,792,-1,744,792,745,-1,745,792,793,-1,745,793,746,-1,746,793,794,-1,746,794,747,-1,747,794,795,-1,747,795,748,-1,748,795,796,-1,748,796,749,-1,749,796,797,-1,749,797,750,-1,750,797,798,-1,750,798,751,-1,751,798,799,-1,751,799,752,-1,752,799,800,-1,752,800,753,-1,753,800,801,-1,753,801,754,-1,754,801,802,-1,754,802,755,-1,755,802,803,-1,755,803,756,-1,756,803,804,-1,756,804,757,-1,757,804,805,-1,757,805,758,-1,758,805,806,-1,758,806,759,-1,759,806,807,-1,759,807,760,-1,760,807,808,-1,760,808,761,-1,761,808,809,-1,761,809,762,-1,762,809,810,-1,762,810,763,-1,763,810,811,-1,763,811,764,-1,764,811,812,-1,764,812,765,-1,765,812,766,-1,813,789,814,-1,814,789,788,-1,814,788,815,-1,816,791,813,-1,813,791,790,-1,813,790,789,-1,817,793,816,-1,816,793,792,-1,816,792,791,-1,818,819,772,-1,805,820,821,-1,772,771,818,-1,818,771,770,-1,818,770,822,-1,823,774,819,-1,819,774,773,-1,819,773,772,-1,824,776,823,-1,823,776,775,-1,823,775,774,-1,825,795,817,-1,817,795,794,-1,817,794,793,-1,826,797,825,-1,825,797,796,-1,825,796,795,-1,827,799,826,-1,826,799,798,-1,826,798,797,-1,828,807,821,-1,821,807,806,-1,821,806,805,-1,829,830,766,-1,770,769,822,-1,822,769,768,-1,822,768,830,-1,830,768,767,-1,830,767,766,-1,831,778,824,-1,824,778,777,-1,824,777,776,-1,832,801,827,-1,827,801,800,-1,827,800,799,-1,805,804,820,-1,820,804,803,-1,820,803,832,-1,832,803,802,-1,832,802,801,-1,833,809,828,-1,828,809,808,-1,828,808,807,-1,766,812,829,-1,829,812,811,-1,829,811,833,-1,833,811,810,-1,833,810,809,-1,834,780,831,-1,831,780,779,-1,831,779,778,-1,835,782,834,-1,834,782,781,-1,834,781,780,-1,836,784,835,-1,835,784,783,-1,835,783,782,-1,788,787,815,-1,815,787,786,-1,815,786,836,-1,836,786,785,-1,836,785,784,-1,829,837,830,-1,830,837,838,-1,830,838,822,-1,822,838,839,-1,822,839,818,-1,818,839,840,-1,818,840,819,-1,819,840,841,-1,819,841,823,-1,823,841,842,-1,823,842,824,-1,824,842,843,-1,824,843,831,-1,831,843,844,-1,831,844,834,-1,834,844,845,-1,834,845,835,-1,835,845,846,-1,835,846,836,-1,836,846,847,-1,836,847,815,-1,815,847,848,-1,815,848,814,-1,814,848,849,-1,814,849,813,-1,813,849,850,-1,813,850,816,-1,816,850,851,-1,816,851,817,-1,817,851,852,-1,817,852,825,-1,825,852,853,-1,825,853,826,-1,826,853,854,-1,826,854,827,-1,827,854,855,-1,827,855,832,-1,832,855,856,-1,832,856,820,-1,820,856,857,-1,820,857,821,-1,821,857,858,-1,821,858,828,-1,828,858,859,-1,828,859,833,-1,833,859,860,-1,833,860,829,-1,829,860,837,-1,110,108,445,-1,113,115,108,-1,106,105,445,-1,445,105,111,-1,445,111,110,-1,112,66,65,-1,81,83,108,-1,108,83,84,-1,17,71,75,-1,465,100,445,-1,445,100,99,-1,96,101,445,-1,445,101,103,-1,445,103,106,-1,113,108,65,-1,65,108,107,-1,65,107,112,-1,80,79,108,-1,84,86,108,-1,108,86,92,-1,108,92,91,-1,91,90,108,-1,108,90,89,-1,108,89,88,-1,88,93,108,-1,108,93,95,-1,108,95,445,-1,99,98,445,-1,445,98,97,-1,445,97,96,-1,79,77,108,-1,108,77,76,-1,108,76,81,-1,115,116,108,-1,108,116,19,-1,108,19,17,-1,17,75,108,-1,108,75,74,-1,108,74,80,-1,455,290,443,-1,443,290,289,-1,293,443,291,-1,291,443,284,-1,306,305,443,-1,322,324,443,-1,289,287,443,-1,443,287,285,-1,443,285,284,-1,293,294,443,-1,443,294,296,-1,443,296,299,-1,301,443,302,-1,302,443,303,-1,329,328,324,-1,299,298,443,-1,443,298,304,-1,443,304,303,-1,305,310,443,-1,443,310,230,-1,443,230,229,-1,327,326,332,-1,301,309,443,-1,443,309,308,-1,443,308,306,-1,229,311,443,-1,443,311,313,-1,443,313,314,-1,328,335,324,-1,324,335,336,-1,324,336,443,-1,314,316,443,-1,443,316,321,-1,443,321,320,-1,320,318,443,-1,443,318,317,-1,443,317,322,-1,327,332,324,-1,324,332,331,-1,324,331,329,-1,465,445,462,-1,462,445,447,-1,447,450,462,-1,462,450,453,-1,462,453,460,-1,460,453,455,-1,460,455,443,-1,9,15,861,-1,9,861,862,-1,862,861,863,-1,862,863,864,-1,864,863,865,-1,864,865,866,-1,866,865,867,-1,866,867,868,-1,868,867,869,-1,868,869,870,-1,870,869,871,-1,870,871,872,-1,858,857,873,-1,871,846,845,-1,857,856,873,-1,873,856,855,-1,873,855,874,-1,874,855,854,-1,874,854,853,-1,841,840,872,-1,872,840,839,-1,872,839,838,-1,838,837,872,-1,872,837,860,-1,872,860,873,-1,873,860,859,-1,873,859,858,-1,853,852,874,-1,874,852,851,-1,874,851,850,-1,845,844,871,-1,871,844,843,-1,871,843,872,-1,872,843,842,-1,872,842,841,-1,850,849,874,-1,874,849,848,-1,874,848,871,-1,871,848,847,-1,871,847,846,-1,873,874,875,-1,873,875,876,-1,876,875,877,-1,876,877,878,-1,878,877,879,-1,878,879,880,-1,880,879,881,-1,880,881,882,-1,882,881,883,-1,882,883,884,-1,884,883,3,-1,884,3,1,-1,7,5,885,-1,7,885,886,-1,886,885,887,-1,886,887,888,-1,888,887,889,-1,888,889,890,-1,890,889,891,-1,890,891,892,-1,892,891,893,-1,892,893,894,-1,894,893,895,-1,894,895,896,-1,897,896,898,-1,898,896,895,-1,897,898,899,-1,897,899,900,-1,900,899,901,-1,900,901,902,-1,902,901,903,-1,902,903,904,-1,904,903,905,-1,904,905,906,-1,906,905,907,-1,906,907,908,-1,908,907,13,-1,908,13,11,-1,897,872,896,-1,896,872,873,-1,906,897,904,-1,904,897,900,-1,904,900,902,-1,864,866,868,-1,906,908,897,-1,897,908,11,-1,897,11,872,-1,872,11,9,-1,872,9,870,-1,870,9,868,-1,868,9,862,-1,868,862,864,-1,876,884,873,-1,873,884,1,-1,873,1,896,-1,876,878,884,-1,884,878,880,-1,884,880,882,-1,890,892,894,-1,1,7,896,-1,896,7,886,-1,896,886,894,-1,894,886,888,-1,894,888,890,-1,15,13,898,-1,869,867,15,-1,903,13,905,-1,905,13,907,-1,903,901,13,-1,13,901,899,-1,13,899,898,-1,889,887,885,-1,877,883,879,-1,879,883,881,-1,5,3,874,-1,874,3,883,-1,874,883,875,-1,875,883,877,-1,865,863,867,-1,867,863,861,-1,867,861,15,-1,869,15,871,-1,871,15,898,-1,871,898,874,-1,874,898,895,-1,874,895,5,-1,5,895,893,-1,5,893,885,-1,885,893,891,-1,885,891,889,-1,2,14,0,-1,0,14,8,-1,12,4,10,-1,10,4,6,-1,12,14,4,-1,4,14,2,-1,8,10,0,-1,0,10,6,-1,909,910,911,-1,911,910,912,-1,913,914,915,-1,915,914,916,-1,917,918,919,-1,919,918,920,-1,921,922,923,-1,923,922,924,-1,925,926,927,-1,927,926,928,-1,929,930,931,-1,931,930,932,-1,933,934,935,-1,935,934,936,-1,937,938,939,-1,939,938,940,-1,941,942,943,-1,943,942,944,-1,945,946,947,-1,947,946,948,-1,949,950,951,-1,951,950,952,-1,953,954,955,-1,955,954,956,-1,957,958,959,-1,959,958,960,-1,961,962,963,-1,963,962,964,-1,965,966,967,-1,967,966,968,-1,969,970,971,-1,971,970,972,-1,973,974,975,-1,975,974,976,-1,977,978,979,-1,979,978,980,-1,979,980,981,-1,981,980,982,-1,978,977,983,-1,983,977,984,-1,983,984,985,-1,985,984,986,-1,985,986,987,-1,987,986,988,-1,987,988,989,-1,987,989,990,-1,990,989,991,-1,990,991,992,-1,992,991,993,-1,992,993,994,-1,994,993,995,-1,994,995,996,-1,996,995,997,-1,996,997,998,-1,998,997,999,-1,998,999,1000,-1,1000,999,1001,-1,1000,1001,1002,-1,1003,1002,1001,-1,1001,1004,1003,-1,1003,1004,1005,-1,1003,1005,1006,-1,1006,1005,1007,-1,1006,1007,1008,-1,1008,1007,1009,-1,1009,1007,1010,-1,1009,1010,1011,-1,1011,1010,1012,-1,1011,1012,1013,-1,1013,1012,1014,-1,1013,1014,1015,-1,1015,1014,1016,-1,1015,1016,1017,-1,1017,1016,1018,-1,1017,1018,1019,-1,1019,1018,1020,-1,1021,1019,1022,-1,1022,1019,1020,-1,1021,1022,1023,-1,1023,1022,1024,-1,1023,1024,1025,-1,1025,1024,1026,-1,1025,1026,1027,-1,1027,1026,1028,-1,1027,1028,1029,-1,1029,1028,1030,-1,1029,1030,1031,-1,1031,1030,1032,-1,1031,1032,973,-1,973,1032,974,-1,1033,1034,1035,-1,1035,1034,1036,-1,1037,1038,1039,-1,1039,1038,1040,-1,1041,1038,1042,-1,1042,1038,1037,-1,1041,1042,1043,-1,1041,1043,1044,-1,1044,1043,1045,-1,1044,1045,1046,-1,1046,1045,1047,-1,1046,1047,1048,-1,1048,1047,1049,-1,1048,1049,1050,-1,1050,1049,1051,-1,1050,1051,1052,-1,1052,1051,1053,-1,1052,1053,1054,-1,1054,1053,1055,-1,1054,1055,1056,-1,1057,1056,1058,-1,1058,1056,1055,-1,1057,1058,1059,-1,1057,1059,1060,-1,1060,1059,1061,-1,1060,1061,1062,-1,1062,1061,1063,-1,1062,1063,1064,-1,1064,1063,1065,-1,1064,1065,1066,-1,1066,1065,1067,-1,1066,1067,1068,-1,1068,1067,1069,-1,1068,1069,1070,-1,1070,1069,1071,-1,1070,1071,1072,-1,1073,1074,1075,-1,1075,1076,1073,-1,1073,1076,1077,-1,1073,1077,1078,-1,1078,1077,1072,-1,1078,1072,1071,-1,1075,1074,1079,-1,1079,1074,1080,-1,1079,1080,1081,-1,1081,1080,1082,-1,1081,1082,1083,-1,1083,1082,1084,-1,1083,1084,1085,-1,1085,1084,1086,-1,1085,1086,1087,-1,1087,1086,1088,-1,1087,1088,982,-1,982,1088,981,-1,1089,1036,1034,-1,909,911,1090,-1,1090,911,1089,-1,1091,965,967,-1,1092,953,955,-1,973,1041,1031,-1,1031,1041,1044,-1,1031,1044,1029,-1,1029,1044,1046,-1,1029,1046,1027,-1,957,959,1093,-1,1093,959,1092,-1,969,971,1094,-1,1094,971,1091,-1,967,1095,1091,-1,1091,1095,1041,-1,1091,1041,1094,-1,1094,1041,973,-1,1094,973,975,-1,961,963,1095,-1,1095,963,1093,-1,1095,1093,1041,-1,1041,1093,1092,-1,1041,1092,1096,-1,1096,1092,955,-1,1077,1006,1072,-1,1072,1006,1008,-1,1072,1008,1070,-1,1070,1008,1009,-1,1070,1009,1068,-1,1068,1009,1011,-1,1068,1011,1066,-1,1066,1011,1013,-1,945,947,1097,-1,1097,947,1098,-1,1099,1038,1041,-1,1098,941,943,-1,1100,929,931,-1,1046,1048,1027,-1,1027,1048,1050,-1,1027,1050,1025,-1,1025,1050,1052,-1,1025,1052,1023,-1,1023,1052,1054,-1,1023,1054,1021,-1,1021,1054,1056,-1,1021,1056,1019,-1,1019,1056,1057,-1,1019,1057,1017,-1,1017,1057,1060,-1,1017,1060,1015,-1,1015,1060,1062,-1,1015,1062,1013,-1,1013,1062,1064,-1,1013,1064,1066,-1,949,951,1096,-1,1096,951,1097,-1,1096,1097,1041,-1,1041,1097,1098,-1,1041,1098,1099,-1,1099,1098,943,-1,933,935,1101,-1,1101,935,1100,-1,937,939,1099,-1,1099,939,1101,-1,1099,1101,1038,-1,1038,1101,1100,-1,1038,1100,1102,-1,1102,1100,931,-1,921,923,1103,-1,1103,923,1104,-1,1104,917,919,-1,925,927,1102,-1,1102,927,1103,-1,1102,1103,1038,-1,1038,1103,1104,-1,1038,1104,1105,-1,1105,1104,919,-1,913,915,1105,-1,1105,915,1090,-1,1105,1090,1038,-1,1038,1090,1089,-1,1038,1089,1040,-1,1040,1089,1034,-1,1033,1035,1039,-1,1039,1035,1106,-1,1039,1106,1037,-1,1107,920,918,-1,916,914,1108,-1,1108,914,1107,-1,912,910,1106,-1,1106,910,1108,-1,1106,1108,1037,-1,1037,1108,1107,-1,1037,1107,1109,-1,1109,1107,918,-1,928,926,1110,-1,1110,926,1111,-1,1111,932,930,-1,1112,976,1042,-1,1042,976,974,-1,1042,974,1043,-1,1043,974,1032,-1,1043,1032,1045,-1,1045,1032,1030,-1,1045,1030,1047,-1,1047,1030,1028,-1,1047,1028,1049,-1,1049,1028,1026,-1,1005,1078,1007,-1,1007,1078,1071,-1,1007,1071,1010,-1,1010,1071,1069,-1,1010,1069,1012,-1,924,922,1109,-1,1109,922,1110,-1,1109,1110,1037,-1,1037,1110,1111,-1,1037,1111,1113,-1,1113,1111,930,-1,940,938,1114,-1,1114,938,1115,-1,1116,948,946,-1,944,942,1115,-1,1115,942,1116,-1,936,934,1113,-1,1113,934,1114,-1,1113,1114,1037,-1,1037,1114,1115,-1,1037,1115,1042,-1,1042,1115,1116,-1,1042,1116,1117,-1,1117,1116,946,-1,1118,972,970,-1,1069,1067,1012,-1,1012,1067,1065,-1,1012,1065,1014,-1,1014,1065,1063,-1,1014,1063,1016,-1,1016,1063,1061,-1,1016,1061,1018,-1,1018,1061,1059,-1,1018,1059,1020,-1,1020,1059,1058,-1,1020,1058,1022,-1,1022,1058,1055,-1,1022,1055,1024,-1,1024,1055,1053,-1,1024,1053,1026,-1,1026,1053,1051,-1,1026,1051,1049,-1,956,954,1119,-1,1119,954,1120,-1,1120,960,958,-1,968,966,1121,-1,1121,966,1118,-1,952,950,1117,-1,1117,950,1119,-1,1117,1119,1042,-1,1042,1119,1120,-1,1042,1120,1122,-1,1122,1120,958,-1,964,962,1122,-1,1122,962,1121,-1,1122,1121,1042,-1,1042,1121,1118,-1,1042,1118,1112,-1,1112,1118,970,-1,986,979,988,-1,988,979,981,-1,988,981,989,-1,989,981,1088,-1,989,1088,991,-1,991,1088,1086,-1,991,1086,993,-1,993,1086,1084,-1,1073,1004,1074,-1,1074,1004,1001,-1,1074,1001,1080,-1,1080,1001,999,-1,1080,999,1082,-1,1082,999,997,-1,1082,997,1084,-1,1084,997,995,-1,1084,995,993,-1,1073,1078,1004,-1,1004,1078,1005,-1,1003,1076,1002,-1,1002,1076,1075,-1,1002,1075,1000,-1,1000,1075,1079,-1,1000,1079,998,-1,998,1079,1081,-1,998,1081,996,-1,996,1081,1083,-1,996,1083,994,-1,994,1083,1085,-1,980,985,982,-1,982,985,987,-1,982,987,1087,-1,1087,987,990,-1,1087,990,1085,-1,1085,990,992,-1,1085,992,994,-1,1077,1076,1006,-1,1006,1076,1003,-1,983,985,978,-1,978,985,980,-1,977,979,984,-1,984,979,986,-1,1033,1039,1034,-1,1034,1039,1040,-1,1094,1112,969,-1,969,1112,970,-1,1112,1094,976,-1,976,1094,975,-1,1091,1118,965,-1,965,1118,966,-1,1118,1091,972,-1,972,1091,971,-1,1095,1121,961,-1,961,1121,962,-1,1121,1095,968,-1,968,1095,967,-1,1093,1122,957,-1,957,1122,958,-1,1122,1093,964,-1,964,1093,963,-1,1092,1120,953,-1,953,1120,954,-1,1120,1092,960,-1,960,1092,959,-1,1096,1119,949,-1,949,1119,950,-1,1119,1096,956,-1,956,1096,955,-1,1097,1117,945,-1,945,1117,946,-1,1117,1097,952,-1,952,1097,951,-1,1098,1116,941,-1,941,1116,942,-1,1116,1098,948,-1,948,1098,947,-1,1099,1115,937,-1,937,1115,938,-1,1115,1099,944,-1,944,1099,943,-1,1101,1114,933,-1,933,1114,934,-1,1114,1101,940,-1,940,1101,939,-1,1100,1113,929,-1,929,1113,930,-1,1113,1100,936,-1,936,1100,935,-1,1102,1111,925,-1,925,1111,926,-1,1111,1102,932,-1,932,1102,931,-1,1103,1110,921,-1,921,1110,922,-1,1110,1103,928,-1,928,1103,927,-1,1104,1109,917,-1,917,1109,918,-1,1109,1104,924,-1,924,1104,923,-1,1105,1107,913,-1,913,1107,914,-1,1107,1105,920,-1,920,1105,919,-1,1090,1108,909,-1,909,1108,910,-1,1108,1090,916,-1,916,1090,915,-1,1106,1089,912,-1,912,1089,911,-1,1089,1106,1036,-1,1036,1106,1035,-1,1123,1124,1125,-1,1125,1124,1126,-1,1127,1128,1129,-1,1129,1128,1130,-1,1131,1132,1133,-1,1133,1132,1134,-1,1135,1136,1137,-1,1137,1136,1138,-1,1139,1140,1141,-1,1141,1140,1142,-1,1143,1144,1145,-1,1145,1144,1146,-1,1147,1148,1149,-1,1149,1148,1150,-1,1151,1152,1153,-1,1153,1152,1154,-1,1155,1156,1157,-1,1157,1156,1158,-1,1159,1160,1161,-1,1161,1160,1162,-1,1163,1164,1165,-1,1165,1164,1166,-1,1167,1168,1169,-1,1169,1168,1170,-1,1171,1172,1173,-1,1173,1172,1174,-1,1175,1176,1177,-1,1177,1176,1178,-1,1179,1180,1181,-1,1181,1180,1182,-1,1183,1184,1185,-1,1185,1184,1186,-1,1187,1188,1189,-1,1189,1188,1190,-1,1191,1192,1193,-1,1193,1192,1194,-1,1193,1194,1195,-1,1195,1194,1196,-1,1192,1191,1197,-1,1197,1191,1198,-1,1197,1198,1199,-1,1199,1198,1200,-1,1199,1200,1201,-1,1201,1200,1202,-1,1201,1202,1203,-1,1201,1203,1204,-1,1204,1203,1205,-1,1204,1205,1206,-1,1206,1205,1207,-1,1206,1207,1208,-1,1208,1207,1209,-1,1208,1209,1210,-1,1210,1209,1211,-1,1210,1211,1212,-1,1212,1211,1213,-1,1212,1213,1214,-1,1214,1213,1215,-1,1214,1215,1216,-1,1217,1216,1215,-1,1215,1218,1217,-1,1217,1218,1219,-1,1217,1219,1220,-1,1220,1219,1221,-1,1220,1221,1222,-1,1222,1221,1223,-1,1223,1221,1224,-1,1223,1224,1225,-1,1225,1224,1226,-1,1225,1226,1227,-1,1227,1226,1228,-1,1227,1228,1229,-1,1229,1228,1230,-1,1229,1230,1231,-1,1231,1230,1232,-1,1231,1232,1233,-1,1233,1232,1234,-1,1235,1233,1236,-1,1236,1233,1234,-1,1235,1236,1237,-1,1237,1236,1238,-1,1237,1238,1239,-1,1239,1238,1240,-1,1239,1240,1241,-1,1241,1240,1242,-1,1241,1242,1243,-1,1243,1242,1244,-1,1243,1244,1245,-1,1245,1244,1246,-1,1245,1246,1187,-1,1187,1246,1188,-1,1247,1248,1249,-1,1249,1248,1250,-1,1251,1252,1253,-1,1253,1252,1254,-1,1255,1252,1256,-1,1256,1252,1251,-1,1255,1256,1257,-1,1255,1257,1258,-1,1258,1257,1259,-1,1258,1259,1260,-1,1260,1259,1261,-1,1260,1261,1262,-1,1262,1261,1263,-1,1262,1263,1264,-1,1264,1263,1265,-1,1264,1265,1266,-1,1266,1265,1267,-1,1266,1267,1268,-1,1268,1267,1269,-1,1268,1269,1270,-1,1271,1270,1272,-1,1272,1270,1269,-1,1271,1272,1273,-1,1271,1273,1274,-1,1274,1273,1275,-1,1274,1275,1276,-1,1276,1275,1277,-1,1276,1277,1278,-1,1278,1277,1279,-1,1278,1279,1280,-1,1280,1279,1281,-1,1280,1281,1282,-1,1282,1281,1283,-1,1282,1283,1284,-1,1284,1283,1285,-1,1284,1285,1286,-1,1287,1288,1289,-1,1289,1290,1287,-1,1287,1290,1291,-1,1287,1291,1292,-1,1292,1291,1286,-1,1292,1286,1285,-1,1289,1288,1293,-1,1293,1288,1294,-1,1293,1294,1295,-1,1295,1294,1296,-1,1295,1296,1297,-1,1297,1296,1298,-1,1297,1298,1299,-1,1299,1298,1300,-1,1299,1300,1301,-1,1301,1300,1302,-1,1301,1302,1196,-1,1196,1302,1195,-1,1303,1250,1248,-1,1123,1125,1304,-1,1304,1125,1303,-1,1305,1179,1181,-1,1306,1167,1169,-1,1187,1255,1245,-1,1245,1255,1258,-1,1245,1258,1243,-1,1243,1258,1260,-1,1243,1260,1241,-1,1171,1173,1307,-1,1307,1173,1306,-1,1183,1185,1308,-1,1308,1185,1305,-1,1181,1309,1305,-1,1305,1309,1255,-1,1305,1255,1308,-1,1308,1255,1187,-1,1308,1187,1189,-1,1175,1177,1309,-1,1309,1177,1307,-1,1309,1307,1255,-1,1255,1307,1306,-1,1255,1306,1310,-1,1310,1306,1169,-1,1291,1220,1286,-1,1286,1220,1222,-1,1286,1222,1284,-1,1284,1222,1223,-1,1284,1223,1282,-1,1282,1223,1225,-1,1282,1225,1280,-1,1280,1225,1227,-1,1159,1161,1311,-1,1311,1161,1312,-1,1313,1252,1255,-1,1312,1155,1157,-1,1314,1143,1145,-1,1260,1262,1241,-1,1241,1262,1264,-1,1241,1264,1239,-1,1239,1264,1266,-1,1239,1266,1237,-1,1237,1266,1268,-1,1237,1268,1235,-1,1235,1268,1270,-1,1235,1270,1233,-1,1233,1270,1271,-1,1233,1271,1231,-1,1231,1271,1274,-1,1231,1274,1229,-1,1229,1274,1276,-1,1229,1276,1227,-1,1227,1276,1278,-1,1227,1278,1280,-1,1163,1165,1310,-1,1310,1165,1311,-1,1310,1311,1255,-1,1255,1311,1312,-1,1255,1312,1313,-1,1313,1312,1157,-1,1147,1149,1315,-1,1315,1149,1314,-1,1151,1153,1313,-1,1313,1153,1315,-1,1313,1315,1252,-1,1252,1315,1314,-1,1252,1314,1316,-1,1316,1314,1145,-1,1135,1137,1317,-1,1317,1137,1318,-1,1318,1131,1133,-1,1139,1141,1316,-1,1316,1141,1317,-1,1316,1317,1252,-1,1252,1317,1318,-1,1252,1318,1319,-1,1319,1318,1133,-1,1127,1129,1319,-1,1319,1129,1304,-1,1319,1304,1252,-1,1252,1304,1303,-1,1252,1303,1254,-1,1254,1303,1248,-1,1247,1249,1253,-1,1253,1249,1320,-1,1253,1320,1251,-1,1321,1134,1132,-1,1130,1128,1322,-1,1322,1128,1321,-1,1126,1124,1320,-1,1320,1124,1322,-1,1320,1322,1251,-1,1251,1322,1321,-1,1251,1321,1323,-1,1323,1321,1132,-1,1142,1140,1324,-1,1324,1140,1325,-1,1325,1146,1144,-1,1326,1190,1256,-1,1256,1190,1188,-1,1256,1188,1257,-1,1257,1188,1246,-1,1257,1246,1259,-1,1259,1246,1244,-1,1259,1244,1261,-1,1261,1244,1242,-1,1261,1242,1263,-1,1263,1242,1240,-1,1219,1292,1221,-1,1221,1292,1285,-1,1221,1285,1224,-1,1224,1285,1283,-1,1224,1283,1226,-1,1138,1136,1323,-1,1323,1136,1324,-1,1323,1324,1251,-1,1251,1324,1325,-1,1251,1325,1327,-1,1327,1325,1144,-1,1154,1152,1328,-1,1328,1152,1329,-1,1330,1162,1160,-1,1158,1156,1329,-1,1329,1156,1330,-1,1150,1148,1327,-1,1327,1148,1328,-1,1327,1328,1251,-1,1251,1328,1329,-1,1251,1329,1256,-1,1256,1329,1330,-1,1256,1330,1331,-1,1331,1330,1160,-1,1332,1186,1184,-1,1283,1281,1226,-1,1226,1281,1279,-1,1226,1279,1228,-1,1228,1279,1277,-1,1228,1277,1230,-1,1230,1277,1275,-1,1230,1275,1232,-1,1232,1275,1273,-1,1232,1273,1234,-1,1234,1273,1272,-1,1234,1272,1236,-1,1236,1272,1269,-1,1236,1269,1238,-1,1238,1269,1267,-1,1238,1267,1240,-1,1240,1267,1265,-1,1240,1265,1263,-1,1170,1168,1333,-1,1333,1168,1334,-1,1334,1174,1172,-1,1182,1180,1335,-1,1335,1180,1332,-1,1166,1164,1331,-1,1331,1164,1333,-1,1331,1333,1256,-1,1256,1333,1334,-1,1256,1334,1336,-1,1336,1334,1172,-1,1178,1176,1336,-1,1336,1176,1335,-1,1336,1335,1256,-1,1256,1335,1332,-1,1256,1332,1326,-1,1326,1332,1184,-1,1200,1193,1202,-1,1202,1193,1195,-1,1202,1195,1203,-1,1203,1195,1302,-1,1203,1302,1205,-1,1205,1302,1300,-1,1205,1300,1207,-1,1207,1300,1298,-1,1287,1218,1288,-1,1288,1218,1215,-1,1288,1215,1294,-1,1294,1215,1213,-1,1294,1213,1296,-1,1296,1213,1211,-1,1296,1211,1298,-1,1298,1211,1209,-1,1298,1209,1207,-1,1287,1292,1218,-1,1218,1292,1219,-1,1217,1290,1216,-1,1216,1290,1289,-1,1216,1289,1214,-1,1214,1289,1293,-1,1214,1293,1212,-1,1212,1293,1295,-1,1212,1295,1210,-1,1210,1295,1297,-1,1210,1297,1208,-1,1208,1297,1299,-1,1194,1199,1196,-1,1196,1199,1201,-1,1196,1201,1301,-1,1301,1201,1204,-1,1301,1204,1299,-1,1299,1204,1206,-1,1299,1206,1208,-1,1291,1290,1220,-1,1220,1290,1217,-1,1197,1199,1192,-1,1192,1199,1194,-1,1191,1193,1198,-1,1198,1193,1200,-1,1247,1253,1248,-1,1248,1253,1254,-1,1308,1326,1183,-1,1183,1326,1184,-1,1326,1308,1190,-1,1190,1308,1189,-1,1305,1332,1179,-1,1179,1332,1180,-1,1332,1305,1186,-1,1186,1305,1185,-1,1309,1335,1175,-1,1175,1335,1176,-1,1335,1309,1182,-1,1182,1309,1181,-1,1307,1336,1171,-1,1171,1336,1172,-1,1336,1307,1178,-1,1178,1307,1177,-1,1306,1334,1167,-1,1167,1334,1168,-1,1334,1306,1174,-1,1174,1306,1173,-1,1310,1333,1163,-1,1163,1333,1164,-1,1333,1310,1170,-1,1170,1310,1169,-1,1311,1331,1159,-1,1159,1331,1160,-1,1331,1311,1166,-1,1166,1311,1165,-1,1312,1330,1155,-1,1155,1330,1156,-1,1330,1312,1162,-1,1162,1312,1161,-1,1313,1329,1151,-1,1151,1329,1152,-1,1329,1313,1158,-1,1158,1313,1157,-1,1315,1328,1147,-1,1147,1328,1148,-1,1328,1315,1154,-1,1154,1315,1153,-1,1314,1327,1143,-1,1143,1327,1144,-1,1327,1314,1150,-1,1150,1314,1149,-1,1316,1325,1139,-1,1139,1325,1140,-1,1325,1316,1146,-1,1146,1316,1145,-1,1317,1324,1135,-1,1135,1324,1136,-1,1324,1317,1142,-1,1142,1317,1141,-1,1318,1323,1131,-1,1131,1323,1132,-1,1323,1318,1138,-1,1138,1318,1137,-1,1319,1321,1127,-1,1127,1321,1128,-1,1321,1319,1134,-1,1134,1319,1133,-1,1304,1322,1123,-1,1123,1322,1124,-1,1322,1304,1130,-1,1130,1304,1129,-1,1320,1303,1126,-1,1126,1303,1125,-1,1303,1320,1250,-1,1250,1320,1249,-1,1337,1338,1339,-1,1339,1338,1340,-1,1339,1340,1341,-1,1341,1340,1342,-1,1341,1342,1343,-1,1343,1342,1344,-1,1343,1344,1337,-1,1337,1344,1338,-1,1345,1346,1347,-1,1347,1346,1348,-1,1347,1348,1349,-1,1349,1348,1350,-1,1349,1350,1351,-1,1351,1350,1352,-1,1351,1352,1345,-1,1345,1352,1346,-1,1353,1354,1355,-1,1355,1354,1356,-1,1355,1357,1353,-1,1353,1357,1358,-1,1353,1358,1359,-1,1359,1360,1353,-1,1353,1360,1361,-1,1353,1361,1362,-1,1362,1361,1363,-1,1364,1365,1361,-1,1361,1365,1366,-1,1361,1366,1363,-1,1364,1367,1365,-1,1365,1367,1368,-1,1365,1368,1369,-1,1370,1371,1372,-1,1369,1373,1365,-1,1365,1373,1370,-1,1365,1370,1374,-1,1374,1370,1372,-1,1375,1376,1377,-1,1378,1379,1380,-1,1381,1382,1383,-1,1384,1385,1386,-1,1387,1388,1389,-1,1390,1391,1392,-1,1393,1394,1395,-1,1396,1397,1398,-1,1399,1400,1401,-1,1402,1403,1404,-1,1405,1406,1407,-1,1354,1353,1408,-1,1408,1353,1409,-1,1410,1411,1409,-1,1409,1411,1412,-1,1409,1412,1408,-1,1413,1414,1415,-1,1415,1414,1416,-1,1415,1416,1410,-1,1410,1416,1417,-1,1410,1417,1411,-1,1413,1415,1418,-1,1418,1415,1419,-1,1418,1419,1420,-1,1420,1419,1421,-1,1421,1419,1422,-1,1421,1422,1423,-1,1424,1425,1426,-1,1426,1427,1424,-1,1424,1427,1428,-1,1424,1428,1422,-1,1422,1428,1429,-1,1422,1429,1423,-1,1425,1424,1430,-1,1430,1424,1431,-1,1430,1431,1432,-1,1433,1434,1407,-1,1407,1434,1435,-1,1407,1435,1405,-1,1405,1435,1436,-1,1405,1436,1437,-1,1433,1407,1438,-1,1438,1407,1439,-1,1438,1439,1440,-1,1441,1442,1439,-1,1439,1442,1443,-1,1439,1443,1440,-1,1444,1445,1446,-1,1446,1445,1447,-1,1446,1447,1441,-1,1441,1447,1448,-1,1441,1448,1442,-1,1404,1403,1446,-1,1446,1403,1449,-1,1446,1449,1444,-1,1402,1404,1450,-1,1450,1404,1451,-1,1450,1451,1452,-1,1355,1356,1451,-1,1451,1356,1453,-1,1451,1453,1452,-1,1353,1362,1409,-1,1409,1362,1454,-1,1409,1454,1410,-1,1410,1454,1455,-1,1410,1455,1415,-1,1415,1455,1456,-1,1415,1456,1419,-1,1419,1456,1457,-1,1419,1457,1422,-1,1422,1457,1458,-1,1422,1458,1424,-1,1424,1458,1401,-1,1366,1365,1459,-1,1459,1365,1460,-1,1459,1460,1461,-1,1461,1460,1462,-1,1461,1462,1463,-1,1463,1462,1464,-1,1463,1464,1465,-1,1465,1464,1466,-1,1465,1466,1467,-1,1467,1466,1468,-1,1467,1468,1469,-1,1469,1468,1398,-1,1364,1361,1470,-1,1470,1361,1471,-1,1470,1471,1472,-1,1472,1471,1473,-1,1472,1473,1474,-1,1474,1473,1475,-1,1474,1475,1476,-1,1476,1475,1477,-1,1476,1477,1478,-1,1478,1477,1479,-1,1478,1479,1480,-1,1480,1479,1380,-1,1359,1358,1481,-1,1481,1358,1482,-1,1481,1482,1483,-1,1483,1482,1484,-1,1483,1484,1485,-1,1485,1484,1486,-1,1485,1486,1487,-1,1487,1486,1488,-1,1487,1488,1489,-1,1489,1488,1490,-1,1489,1490,1491,-1,1491,1490,1377,-1,1401,1400,1424,-1,1424,1400,1492,-1,1424,1492,1431,-1,1493,1399,1494,-1,1494,1399,1401,-1,1494,1401,1495,-1,1495,1401,1458,-1,1495,1458,1496,-1,1496,1458,1457,-1,1496,1457,1497,-1,1497,1457,1456,-1,1497,1456,1498,-1,1498,1456,1455,-1,1498,1455,1499,-1,1499,1455,1454,-1,1499,1454,1363,-1,1363,1454,1362,-1,1363,1366,1499,-1,1499,1366,1459,-1,1499,1459,1498,-1,1498,1459,1461,-1,1498,1461,1497,-1,1497,1461,1463,-1,1497,1463,1496,-1,1496,1463,1465,-1,1496,1465,1495,-1,1495,1465,1467,-1,1495,1467,1494,-1,1494,1467,1469,-1,1494,1469,1493,-1,1493,1469,1500,-1,1398,1397,1469,-1,1469,1397,1501,-1,1469,1501,1500,-1,1502,1396,1503,-1,1503,1396,1398,-1,1503,1398,1504,-1,1504,1398,1468,-1,1504,1468,1505,-1,1505,1468,1466,-1,1505,1466,1506,-1,1506,1466,1464,-1,1506,1464,1507,-1,1507,1464,1462,-1,1507,1462,1508,-1,1508,1462,1460,-1,1508,1460,1374,-1,1374,1460,1365,-1,1374,1372,1508,-1,1508,1372,1509,-1,1508,1509,1507,-1,1507,1509,1510,-1,1507,1510,1506,-1,1506,1510,1511,-1,1506,1511,1505,-1,1505,1511,1512,-1,1505,1512,1504,-1,1504,1512,1513,-1,1504,1513,1503,-1,1503,1513,1395,-1,1503,1395,1502,-1,1502,1395,1394,-1,1391,1393,1392,-1,1392,1393,1395,-1,1392,1395,1514,-1,1514,1395,1513,-1,1514,1513,1515,-1,1515,1513,1512,-1,1515,1512,1516,-1,1516,1512,1511,-1,1516,1511,1517,-1,1517,1511,1510,-1,1517,1510,1518,-1,1518,1510,1509,-1,1518,1509,1371,-1,1371,1509,1372,-1,1519,1390,1520,-1,1520,1390,1392,-1,1520,1392,1521,-1,1521,1392,1514,-1,1521,1514,1522,-1,1522,1514,1515,-1,1522,1515,1523,-1,1523,1515,1516,-1,1523,1516,1524,-1,1524,1516,1517,-1,1524,1517,1525,-1,1525,1517,1518,-1,1525,1518,1370,-1,1370,1518,1371,-1,1370,1373,1525,-1,1525,1373,1526,-1,1525,1526,1524,-1,1524,1526,1527,-1,1524,1527,1523,-1,1523,1527,1528,-1,1523,1528,1522,-1,1522,1528,1529,-1,1522,1529,1521,-1,1521,1529,1530,-1,1521,1530,1520,-1,1520,1530,1389,-1,1520,1389,1519,-1,1519,1389,1388,-1,1385,1387,1386,-1,1386,1387,1389,-1,1386,1389,1531,-1,1531,1389,1530,-1,1531,1530,1532,-1,1532,1530,1529,-1,1532,1529,1533,-1,1533,1529,1528,-1,1533,1528,1534,-1,1534,1528,1527,-1,1534,1527,1535,-1,1535,1527,1526,-1,1535,1526,1369,-1,1369,1526,1373,-1,1536,1384,1537,-1,1537,1384,1386,-1,1537,1386,1538,-1,1538,1386,1531,-1,1538,1531,1539,-1,1539,1531,1532,-1,1539,1532,1540,-1,1540,1532,1533,-1,1540,1533,1541,-1,1541,1533,1534,-1,1541,1534,1542,-1,1542,1534,1535,-1,1542,1535,1368,-1,1368,1535,1369,-1,1368,1367,1542,-1,1542,1367,1543,-1,1542,1543,1541,-1,1541,1543,1544,-1,1541,1544,1540,-1,1540,1544,1545,-1,1540,1545,1539,-1,1539,1545,1546,-1,1539,1546,1538,-1,1538,1546,1547,-1,1538,1547,1537,-1,1537,1547,1383,-1,1537,1383,1536,-1,1536,1383,1382,-1,1548,1381,1480,-1,1480,1381,1383,-1,1480,1383,1478,-1,1478,1383,1547,-1,1478,1547,1476,-1,1476,1547,1546,-1,1476,1546,1474,-1,1474,1546,1545,-1,1474,1545,1472,-1,1472,1545,1544,-1,1472,1544,1470,-1,1470,1544,1543,-1,1470,1543,1364,-1,1364,1543,1367,-1,1380,1379,1480,-1,1480,1379,1549,-1,1480,1549,1548,-1,1550,1378,1551,-1,1551,1378,1380,-1,1551,1380,1552,-1,1552,1380,1479,-1,1552,1479,1553,-1,1553,1479,1477,-1,1553,1477,1554,-1,1554,1477,1475,-1,1554,1475,1555,-1,1555,1475,1473,-1,1555,1473,1556,-1,1556,1473,1471,-1,1556,1471,1360,-1,1360,1471,1361,-1,1360,1359,1556,-1,1556,1359,1481,-1,1556,1481,1555,-1,1555,1481,1483,-1,1555,1483,1554,-1,1554,1483,1485,-1,1554,1485,1553,-1,1553,1485,1487,-1,1553,1487,1552,-1,1552,1487,1489,-1,1552,1489,1551,-1,1551,1489,1491,-1,1551,1491,1550,-1,1550,1491,1557,-1,1377,1376,1491,-1,1491,1376,1558,-1,1491,1558,1557,-1,1559,1375,1560,-1,1560,1375,1377,-1,1560,1377,1561,-1,1561,1377,1490,-1,1561,1490,1562,-1,1562,1490,1488,-1,1562,1488,1563,-1,1563,1488,1486,-1,1563,1486,1564,-1,1564,1486,1484,-1,1564,1484,1565,-1,1565,1484,1482,-1,1565,1482,1357,-1,1357,1482,1358,-1,1357,1355,1565,-1,1565,1355,1451,-1,1565,1451,1564,-1,1564,1451,1404,-1,1564,1404,1563,-1,1563,1404,1446,-1,1563,1446,1562,-1,1562,1446,1441,-1,1562,1441,1561,-1,1561,1441,1439,-1,1561,1439,1560,-1,1560,1439,1407,-1,1560,1407,1559,-1,1559,1407,1406,-1,1566,1567,1568,-1,1569,1570,1571,-1,1570,1572,1571,-1,1571,1572,1573,-1,1571,1573,1574,-1,1566,1568,1571,-1,1571,1568,1575,-1,1571,1575,1569,-1,1576,1577,1571,-1,1571,1577,1578,-1,1571,1578,1579,-1,1574,1580,1571,-1,1571,1580,1581,-1,1571,1581,1582,-1,1582,1583,1571,-1,1571,1583,1584,-1,1571,1584,1576,-1,1579,1585,1571,-1,1571,1585,1586,-1,1571,1586,1587,-1,1588,1589,1590,-1,1591,1592,1593,-1,1594,1595,1596,-1,1597,1598,1599,-1,1600,1601,1602,-1,1603,1604,1605,-1,1606,1607,1608,-1,1609,1610,1611,-1,1612,1613,1614,-1,1615,1616,1617,-1,1618,1619,1620,-1,1621,1622,1623,-1,1623,1622,1624,-1,1623,1624,1625,-1,1625,1624,1626,-1,1625,1626,1627,-1,1621,1623,1628,-1,1628,1623,1629,-1,1628,1629,1630,-1,1630,1629,1631,-1,1631,1629,1632,-1,1631,1632,1633,-1,1634,1635,1632,-1,1632,1635,1636,-1,1632,1636,1633,-1,1637,1638,1634,-1,1634,1638,1639,-1,1639,1640,1634,-1,1634,1640,1641,-1,1634,1641,1635,-1,1642,1643,1644,-1,1644,1643,1645,-1,1644,1645,1637,-1,1637,1645,1646,-1,1637,1646,1638,-1,1568,1567,1644,-1,1644,1567,1647,-1,1644,1647,1642,-1,1566,1571,1648,-1,1648,1571,1649,-1,1648,1649,1650,-1,1650,1649,1651,-1,1651,1649,1652,-1,1651,1652,1653,-1,1654,1655,1656,-1,1656,1655,1657,-1,1656,1657,1652,-1,1652,1657,1658,-1,1652,1658,1653,-1,1654,1656,1659,-1,1659,1656,1660,-1,1659,1660,1661,-1,1662,1663,1660,-1,1660,1663,1664,-1,1660,1664,1661,-1,1665,1666,1667,-1,1667,1666,1668,-1,1667,1668,1662,-1,1662,1668,1669,-1,1662,1669,1663,-1,1667,1670,1671,-1,1665,1667,1672,-1,1672,1667,1671,-1,1672,1671,1673,-1,1584,1583,1674,-1,1674,1583,1675,-1,1674,1675,1676,-1,1676,1675,1677,-1,1676,1677,1678,-1,1678,1677,1679,-1,1678,1679,1680,-1,1680,1679,1681,-1,1680,1681,1682,-1,1682,1681,1683,-1,1682,1683,1684,-1,1684,1683,1605,-1,1581,1580,1685,-1,1685,1580,1686,-1,1685,1686,1687,-1,1687,1686,1688,-1,1687,1688,1689,-1,1689,1688,1690,-1,1689,1690,1691,-1,1691,1690,1692,-1,1691,1692,1693,-1,1693,1692,1694,-1,1693,1694,1695,-1,1695,1694,1602,-1,1571,1587,1649,-1,1649,1587,1696,-1,1649,1696,1652,-1,1652,1696,1697,-1,1652,1697,1656,-1,1656,1697,1698,-1,1656,1698,1660,-1,1660,1698,1699,-1,1660,1699,1662,-1,1662,1699,1700,-1,1662,1700,1667,-1,1667,1700,1620,-1,1667,1620,1670,-1,1670,1620,1619,-1,1616,1618,1617,-1,1617,1618,1620,-1,1617,1620,1701,-1,1701,1620,1700,-1,1701,1700,1702,-1,1702,1700,1699,-1,1702,1699,1703,-1,1703,1699,1698,-1,1703,1698,1704,-1,1704,1698,1697,-1,1704,1697,1705,-1,1705,1697,1696,-1,1705,1696,1586,-1,1586,1696,1587,-1,1706,1615,1707,-1,1707,1615,1617,-1,1707,1617,1708,-1,1708,1617,1701,-1,1708,1701,1709,-1,1709,1701,1702,-1,1709,1702,1710,-1,1710,1702,1703,-1,1710,1703,1711,-1,1711,1703,1704,-1,1711,1704,1712,-1,1712,1704,1705,-1,1712,1705,1585,-1,1585,1705,1586,-1,1585,1579,1712,-1,1712,1579,1713,-1,1712,1713,1711,-1,1711,1713,1714,-1,1711,1714,1710,-1,1710,1714,1715,-1,1710,1715,1709,-1,1709,1715,1716,-1,1709,1716,1708,-1,1708,1716,1717,-1,1708,1717,1707,-1,1707,1717,1614,-1,1707,1614,1706,-1,1706,1614,1613,-1,1610,1612,1611,-1,1611,1612,1614,-1,1611,1614,1718,-1,1718,1614,1717,-1,1718,1717,1719,-1,1719,1717,1716,-1,1719,1716,1720,-1,1720,1716,1715,-1,1720,1715,1721,-1,1721,1715,1714,-1,1721,1714,1722,-1,1722,1714,1713,-1,1722,1713,1578,-1,1578,1713,1579,-1,1607,1609,1608,-1,1608,1609,1611,-1,1608,1611,1723,-1,1723,1611,1718,-1,1723,1718,1724,-1,1724,1718,1719,-1,1724,1719,1725,-1,1725,1719,1720,-1,1725,1720,1726,-1,1726,1720,1721,-1,1726,1721,1727,-1,1727,1721,1722,-1,1727,1722,1577,-1,1577,1722,1578,-1,1728,1606,1729,-1,1729,1606,1608,-1,1729,1608,1730,-1,1730,1608,1723,-1,1730,1723,1731,-1,1731,1723,1724,-1,1731,1724,1732,-1,1732,1724,1725,-1,1732,1725,1733,-1,1733,1725,1726,-1,1733,1726,1734,-1,1734,1726,1727,-1,1734,1727,1576,-1,1576,1727,1577,-1,1576,1584,1734,-1,1734,1584,1674,-1,1734,1674,1733,-1,1733,1674,1676,-1,1733,1676,1732,-1,1732,1676,1678,-1,1732,1678,1731,-1,1731,1678,1680,-1,1731,1680,1730,-1,1730,1680,1682,-1,1730,1682,1729,-1,1729,1682,1684,-1,1729,1684,1728,-1,1728,1684,1735,-1,1605,1604,1684,-1,1684,1604,1736,-1,1684,1736,1735,-1,1737,1603,1738,-1,1738,1603,1605,-1,1738,1605,1739,-1,1739,1605,1683,-1,1739,1683,1740,-1,1740,1683,1681,-1,1740,1681,1741,-1,1741,1681,1679,-1,1741,1679,1742,-1,1742,1679,1677,-1,1742,1677,1743,-1,1743,1677,1675,-1,1743,1675,1582,-1,1582,1675,1583,-1,1582,1581,1743,-1,1743,1581,1685,-1,1743,1685,1742,-1,1742,1685,1687,-1,1742,1687,1741,-1,1741,1687,1689,-1,1741,1689,1740,-1,1740,1689,1691,-1,1740,1691,1739,-1,1739,1691,1693,-1,1739,1693,1738,-1,1738,1693,1695,-1,1738,1695,1737,-1,1737,1695,1744,-1,1602,1601,1695,-1,1695,1601,1745,-1,1695,1745,1744,-1,1746,1600,1747,-1,1747,1600,1602,-1,1747,1602,1748,-1,1748,1602,1694,-1,1748,1694,1749,-1,1749,1694,1692,-1,1749,1692,1750,-1,1750,1692,1690,-1,1750,1690,1751,-1,1751,1690,1688,-1,1751,1688,1752,-1,1752,1688,1686,-1,1752,1686,1574,-1,1574,1686,1580,-1,1574,1573,1752,-1,1752,1573,1753,-1,1752,1753,1751,-1,1751,1753,1754,-1,1751,1754,1750,-1,1750,1754,1755,-1,1750,1755,1749,-1,1749,1755,1756,-1,1749,1756,1748,-1,1748,1756,1757,-1,1748,1757,1747,-1,1747,1757,1599,-1,1747,1599,1746,-1,1746,1599,1598,-1,1595,1597,1596,-1,1596,1597,1599,-1,1596,1599,1758,-1,1758,1599,1757,-1,1758,1757,1759,-1,1759,1757,1756,-1,1759,1756,1760,-1,1760,1756,1755,-1,1760,1755,1761,-1,1761,1755,1754,-1,1761,1754,1762,-1,1762,1754,1753,-1,1762,1753,1572,-1,1572,1753,1573,-1,1763,1594,1764,-1,1764,1594,1596,-1,1764,1596,1765,-1,1765,1596,1758,-1,1765,1758,1766,-1,1766,1758,1759,-1,1766,1759,1767,-1,1767,1759,1760,-1,1767,1760,1768,-1,1768,1760,1761,-1,1768,1761,1769,-1,1769,1761,1762,-1,1769,1762,1570,-1,1570,1762,1572,-1,1570,1569,1769,-1,1769,1569,1770,-1,1769,1770,1768,-1,1768,1770,1771,-1,1768,1771,1767,-1,1767,1771,1772,-1,1767,1772,1766,-1,1766,1772,1773,-1,1766,1773,1765,-1,1765,1773,1774,-1,1765,1774,1764,-1,1764,1774,1593,-1,1764,1593,1763,-1,1763,1593,1592,-1,1589,1591,1590,-1,1590,1591,1593,-1,1590,1593,1775,-1,1775,1593,1774,-1,1775,1774,1776,-1,1776,1774,1773,-1,1776,1773,1777,-1,1777,1773,1772,-1,1777,1772,1778,-1,1778,1772,1771,-1,1778,1771,1779,-1,1779,1771,1770,-1,1779,1770,1575,-1,1575,1770,1569,-1,1625,1588,1623,-1,1623,1588,1590,-1,1623,1590,1629,-1,1629,1590,1775,-1,1629,1775,1632,-1,1632,1775,1776,-1,1632,1776,1634,-1,1634,1776,1777,-1,1634,1777,1637,-1,1637,1777,1778,-1,1637,1778,1644,-1,1644,1778,1779,-1,1644,1779,1568,-1,1568,1779,1575,-1,1780,1673,1671,-1,1432,1781,1782,-1,1782,1781,1783,-1,1782,1783,1784,-1,1783,1785,1784,-1,1784,1785,1786,-1,1784,1786,1787,-1,1786,1788,1787,-1,1787,1788,1789,-1,1787,1789,1790,-1,1791,1792,1793,-1,1793,1792,1790,-1,1793,1790,1794,-1,1794,1790,1789,-1,1795,1796,1797,-1,1797,1796,1798,-1,1797,1798,1799,-1,1798,1800,1799,-1,1799,1800,1801,-1,1799,1801,1802,-1,1802,1801,1803,-1,1802,1803,1437,-1,1432,1431,1781,-1,1781,1431,1492,-1,1781,1492,1804,-1,1804,1492,1400,-1,1804,1400,1805,-1,1805,1400,1399,-1,1805,1399,1806,-1,1806,1399,1493,-1,1806,1493,1807,-1,1807,1493,1500,-1,1807,1500,1808,-1,1808,1500,1501,-1,1808,1501,1809,-1,1809,1501,1397,-1,1809,1397,1810,-1,1810,1397,1396,-1,1810,1396,1811,-1,1811,1396,1502,-1,1811,1502,1812,-1,1812,1502,1394,-1,1812,1394,1813,-1,1813,1394,1393,-1,1813,1393,1814,-1,1814,1393,1391,-1,1814,1391,1815,-1,1815,1391,1390,-1,1815,1390,1816,-1,1816,1390,1519,-1,1816,1519,1817,-1,1817,1519,1388,-1,1817,1388,1818,-1,1818,1388,1387,-1,1818,1387,1819,-1,1819,1387,1385,-1,1819,1385,1820,-1,1820,1385,1384,-1,1820,1384,1821,-1,1821,1384,1536,-1,1821,1536,1822,-1,1822,1536,1382,-1,1822,1382,1823,-1,1823,1382,1381,-1,1823,1381,1824,-1,1824,1381,1548,-1,1824,1548,1825,-1,1825,1548,1549,-1,1825,1549,1826,-1,1826,1549,1379,-1,1826,1379,1827,-1,1827,1379,1378,-1,1827,1378,1828,-1,1828,1378,1550,-1,1828,1550,1829,-1,1829,1550,1557,-1,1829,1557,1830,-1,1830,1557,1558,-1,1830,1558,1831,-1,1831,1558,1376,-1,1831,1376,1832,-1,1832,1376,1375,-1,1832,1375,1833,-1,1833,1375,1559,-1,1833,1559,1834,-1,1834,1559,1406,-1,1834,1406,1803,-1,1803,1406,1405,-1,1803,1405,1437,-1,1835,1619,1836,-1,1836,1619,1618,-1,1836,1618,1837,-1,1795,1797,1838,-1,1838,1797,1780,-1,1838,1780,1839,-1,1839,1780,1671,-1,1839,1671,1835,-1,1835,1671,1670,-1,1835,1670,1619,-1,1837,1618,1840,-1,1840,1618,1616,-1,1840,1616,1841,-1,1841,1616,1615,-1,1841,1615,1842,-1,1615,1706,1842,-1,1842,1706,1613,-1,1842,1613,1843,-1,1843,1613,1612,-1,1843,1612,1844,-1,1844,1612,1610,-1,1844,1610,1845,-1,1846,1735,1847,-1,1847,1735,1736,-1,1847,1736,1848,-1,1845,1610,1849,-1,1849,1610,1609,-1,1849,1609,1850,-1,1850,1609,1607,-1,1850,1607,1851,-1,1851,1607,1606,-1,1851,1606,1846,-1,1846,1606,1728,-1,1846,1728,1735,-1,1852,1744,1853,-1,1853,1744,1745,-1,1853,1745,1854,-1,1848,1736,1855,-1,1855,1736,1604,-1,1855,1604,1856,-1,1856,1604,1603,-1,1856,1603,1852,-1,1852,1603,1737,-1,1852,1737,1744,-1,1854,1745,1857,-1,1857,1745,1601,-1,1857,1601,1858,-1,1858,1601,1600,-1,1858,1600,1859,-1,1860,1861,1594,-1,1594,1861,1862,-1,1594,1862,1595,-1,1595,1862,1863,-1,1595,1863,1597,-1,1597,1863,1864,-1,1597,1864,1598,-1,1598,1864,1859,-1,1598,1859,1746,-1,1746,1859,1600,-1,1627,1792,1625,-1,1625,1792,1791,-1,1625,1791,1588,-1,1588,1791,1865,-1,1588,1865,1589,-1,1589,1865,1866,-1,1589,1866,1591,-1,1591,1866,1867,-1,1591,1867,1592,-1,1592,1867,1860,-1,1592,1860,1763,-1,1763,1860,1594,-1,1781,1868,1869,-1,1781,1804,1868,-1,1868,1804,1805,-1,1868,1805,1870,-1,1870,1805,1806,-1,1870,1806,1871,-1,1871,1806,1807,-1,1871,1807,1872,-1,1872,1807,1808,-1,1808,1809,1872,-1,1872,1809,1810,-1,1872,1810,1873,-1,1873,1810,1811,-1,1873,1811,1874,-1,1874,1811,1812,-1,1874,1812,1875,-1,1875,1812,1813,-1,1813,1814,1875,-1,1875,1814,1815,-1,1875,1815,1876,-1,1815,1816,1876,-1,1876,1816,1817,-1,1876,1817,1877,-1,1877,1817,1818,-1,1877,1818,1878,-1,1878,1818,1819,-1,1878,1819,1879,-1,1879,1819,1820,-1,1820,1821,1879,-1,1879,1821,1822,-1,1879,1822,1880,-1,1880,1822,1823,-1,1880,1823,1881,-1,1881,1823,1824,-1,1881,1824,1882,-1,1882,1824,1825,-1,1825,1826,1882,-1,1882,1826,1827,-1,1882,1827,1883,-1,1883,1827,1828,-1,1883,1828,1884,-1,1884,1828,1829,-1,1884,1829,1885,-1,1885,1829,1830,-1,1830,1831,1885,-1,1885,1831,1832,-1,1885,1832,1886,-1,1832,1833,1886,-1,1886,1833,1834,-1,1886,1834,1887,-1,1887,1834,1803,-1,1887,1803,1888,-1,1888,1803,1801,-1,1888,1801,1889,-1,1889,1801,1800,-1,1800,1798,1889,-1,1889,1798,1796,-1,1889,1796,1890,-1,1890,1796,1795,-1,1890,1795,1891,-1,1891,1795,1838,-1,1891,1838,1892,-1,1892,1838,1839,-1,1839,1835,1892,-1,1892,1835,1836,-1,1892,1836,1893,-1,1893,1836,1837,-1,1893,1837,1894,-1,1837,1840,1894,-1,1894,1840,1841,-1,1894,1841,1895,-1,1841,1842,1895,-1,1895,1842,1843,-1,1895,1843,1896,-1,1843,1844,1896,-1,1896,1844,1845,-1,1896,1845,1897,-1,1897,1845,1849,-1,1897,1849,1898,-1,1898,1849,1850,-1,1898,1850,1899,-1,1899,1850,1851,-1,1851,1846,1899,-1,1899,1846,1847,-1,1899,1847,1900,-1,1900,1847,1848,-1,1900,1848,1901,-1,1901,1848,1855,-1,1901,1855,1902,-1,1902,1855,1856,-1,1856,1852,1902,-1,1902,1852,1853,-1,1902,1853,1903,-1,1903,1853,1854,-1,1903,1854,1904,-1,1854,1857,1904,-1,1904,1857,1858,-1,1904,1858,1905,-1,1858,1859,1905,-1,1905,1859,1864,-1,1905,1864,1906,-1,1864,1863,1906,-1,1906,1863,1862,-1,1906,1862,1907,-1,1907,1862,1861,-1,1907,1861,1908,-1,1908,1861,1860,-1,1908,1860,1909,-1,1909,1860,1867,-1,1867,1866,1909,-1,1909,1866,1865,-1,1909,1865,1910,-1,1910,1865,1791,-1,1910,1791,1911,-1,1911,1791,1793,-1,1911,1793,1912,-1,1912,1793,1794,-1,1794,1789,1912,-1,1912,1789,1788,-1,1912,1788,1913,-1,1913,1788,1786,-1,1913,1786,1914,-1,1914,1786,1785,-1,1914,1785,1869,-1,1869,1785,1783,-1,1869,1783,1781,-1,1913,1915,1912,-1,1912,1915,1916,-1,1912,1916,1911,-1,1911,1916,1917,-1,1911,1917,1910,-1,1910,1917,1918,-1,1910,1918,1909,-1,1909,1918,1919,-1,1909,1919,1908,-1,1908,1919,1920,-1,1908,1920,1907,-1,1907,1920,1921,-1,1907,1921,1906,-1,1906,1921,1922,-1,1906,1922,1905,-1,1905,1922,1923,-1,1905,1923,1904,-1,1904,1923,1924,-1,1904,1924,1903,-1,1903,1924,1925,-1,1903,1925,1902,-1,1902,1925,1926,-1,1902,1926,1901,-1,1901,1926,1927,-1,1901,1927,1900,-1,1900,1927,1928,-1,1900,1928,1899,-1,1899,1928,1929,-1,1899,1929,1898,-1,1898,1929,1930,-1,1898,1930,1897,-1,1897,1930,1931,-1,1897,1931,1896,-1,1896,1931,1932,-1,1896,1932,1895,-1,1895,1932,1933,-1,1895,1933,1894,-1,1894,1933,1934,-1,1894,1934,1893,-1,1893,1934,1935,-1,1893,1935,1892,-1,1892,1935,1936,-1,1892,1936,1891,-1,1891,1936,1937,-1,1891,1937,1890,-1,1890,1937,1938,-1,1890,1938,1889,-1,1889,1938,1939,-1,1889,1939,1888,-1,1888,1939,1940,-1,1888,1940,1887,-1,1887,1940,1941,-1,1887,1941,1886,-1,1886,1941,1942,-1,1886,1942,1885,-1,1885,1942,1943,-1,1885,1943,1884,-1,1884,1943,1944,-1,1884,1944,1883,-1,1883,1944,1945,-1,1883,1945,1882,-1,1882,1945,1946,-1,1882,1946,1881,-1,1881,1946,1947,-1,1881,1947,1880,-1,1880,1947,1948,-1,1880,1948,1879,-1,1879,1948,1949,-1,1879,1949,1878,-1,1878,1949,1950,-1,1878,1950,1877,-1,1877,1950,1951,-1,1877,1951,1876,-1,1876,1951,1952,-1,1876,1952,1875,-1,1875,1952,1953,-1,1875,1953,1874,-1,1874,1953,1954,-1,1874,1954,1873,-1,1873,1954,1955,-1,1873,1955,1872,-1,1872,1955,1956,-1,1872,1956,1871,-1,1871,1956,1957,-1,1871,1957,1870,-1,1870,1957,1958,-1,1870,1958,1868,-1,1868,1958,1959,-1,1868,1959,1869,-1,1869,1959,1960,-1,1869,1960,1914,-1,1914,1960,1961,-1,1914,1961,1913,-1,1913,1961,1915,-1,1961,1962,1915,-1,1915,1962,1963,-1,1915,1963,1916,-1,1916,1963,1964,-1,1916,1964,1917,-1,1917,1964,1965,-1,1917,1965,1918,-1,1918,1965,1966,-1,1918,1966,1919,-1,1919,1966,1967,-1,1919,1967,1920,-1,1920,1967,1968,-1,1920,1968,1921,-1,1921,1968,1969,-1,1921,1969,1922,-1,1922,1969,1970,-1,1922,1970,1923,-1,1923,1970,1971,-1,1923,1971,1924,-1,1924,1971,1972,-1,1924,1972,1925,-1,1925,1972,1973,-1,1925,1973,1926,-1,1926,1973,1974,-1,1926,1974,1927,-1,1927,1974,1975,-1,1927,1975,1928,-1,1928,1975,1976,-1,1928,1976,1929,-1,1929,1976,1977,-1,1929,1977,1930,-1,1930,1977,1978,-1,1930,1978,1931,-1,1931,1978,1979,-1,1931,1979,1932,-1,1932,1979,1980,-1,1932,1980,1933,-1,1933,1980,1981,-1,1933,1981,1934,-1,1934,1981,1982,-1,1934,1982,1935,-1,1935,1982,1983,-1,1935,1983,1936,-1,1936,1983,1984,-1,1936,1984,1937,-1,1937,1984,1985,-1,1937,1985,1938,-1,1938,1985,1986,-1,1938,1986,1939,-1,1939,1986,1987,-1,1939,1987,1940,-1,1940,1987,1988,-1,1940,1988,1941,-1,1941,1988,1989,-1,1941,1989,1942,-1,1942,1989,1990,-1,1942,1990,1943,-1,1943,1990,1991,-1,1943,1991,1944,-1,1944,1991,1992,-1,1944,1992,1945,-1,1945,1992,1993,-1,1945,1993,1946,-1,1946,1993,1994,-1,1946,1994,1947,-1,1947,1994,1995,-1,1947,1995,1948,-1,1948,1995,1996,-1,1948,1996,1949,-1,1949,1996,1997,-1,1949,1997,1950,-1,1950,1997,1998,-1,1950,1998,1951,-1,1951,1998,1999,-1,1951,1999,1952,-1,1952,1999,2000,-1,1952,2000,1953,-1,1953,2000,2001,-1,1953,2001,1954,-1,1954,2001,2002,-1,1954,2002,1955,-1,1955,2002,2003,-1,1955,2003,1956,-1,1956,2003,2004,-1,1956,2004,1957,-1,1957,2004,2005,-1,1957,2005,1958,-1,1958,2005,2006,-1,1958,2006,1959,-1,1959,2006,2007,-1,1959,2007,1960,-1,1960,2007,2008,-1,1960,2008,1961,-1,1961,2008,1962,-1,2008,2009,1962,-1,1962,2009,2010,-1,1962,2010,1963,-1,1963,2010,2011,-1,1963,2011,1964,-1,1964,2011,2012,-1,1964,2012,1965,-1,1965,2012,2013,-1,1965,2013,1966,-1,1966,2013,2014,-1,1966,2014,1967,-1,1967,2014,2015,-1,1967,2015,1968,-1,1968,2015,2016,-1,1968,2016,1969,-1,1969,2016,2017,-1,1969,2017,1970,-1,1970,2017,2018,-1,1970,2018,1971,-1,1971,2018,2019,-1,1971,2019,1972,-1,1972,2019,2020,-1,1972,2020,1973,-1,1973,2020,2021,-1,1973,2021,1974,-1,1974,2021,2022,-1,1974,2022,1975,-1,1975,2022,2023,-1,1975,2023,1976,-1,1976,2023,2024,-1,1976,2024,1977,-1,1977,2024,2025,-1,1977,2025,1978,-1,1978,2025,2026,-1,1978,2026,1979,-1,1979,2026,2027,-1,1979,2027,1980,-1,1980,2027,2028,-1,1980,2028,1981,-1,1981,2028,2029,-1,1981,2029,1982,-1,1982,2029,2030,-1,1982,2030,1983,-1,1983,2030,2031,-1,1983,2031,1984,-1,1984,2031,2032,-1,1984,2032,1985,-1,1985,2032,2033,-1,1985,2033,1986,-1,1986,2033,2034,-1,1986,2034,1987,-1,1987,2034,2035,-1,1987,2035,1988,-1,1988,2035,2036,-1,1988,2036,1989,-1,1989,2036,2037,-1,1989,2037,1990,-1,1990,2037,2038,-1,1990,2038,1991,-1,1991,2038,2039,-1,1991,2039,1992,-1,1992,2039,2040,-1,1992,2040,1993,-1,1993,2040,2041,-1,1993,2041,1994,-1,1994,2041,2042,-1,1994,2042,1995,-1,1995,2042,2043,-1,1995,2043,1996,-1,1996,2043,2044,-1,1996,2044,1997,-1,1997,2044,2045,-1,1997,2045,1998,-1,1998,2045,2046,-1,1998,2046,1999,-1,1999,2046,2047,-1,1999,2047,2000,-1,2000,2047,2048,-1,2000,2048,2001,-1,2001,2048,2049,-1,2001,2049,2002,-1,2002,2049,2050,-1,2002,2050,2003,-1,2003,2050,2051,-1,2003,2051,2004,-1,2004,2051,2052,-1,2004,2052,2005,-1,2005,2052,2053,-1,2005,2053,2006,-1,2006,2053,2054,-1,2006,2054,2007,-1,2007,2054,2055,-1,2007,2055,2008,-1,2008,2055,2009,-1,2055,2056,2009,-1,2009,2056,2057,-1,2009,2057,2010,-1,2010,2057,2058,-1,2010,2058,2011,-1,2011,2058,2059,-1,2011,2059,2012,-1,2012,2059,2060,-1,2012,2060,2013,-1,2013,2060,2061,-1,2013,2061,2014,-1,2014,2061,2062,-1,2014,2062,2015,-1,2015,2062,2063,-1,2015,2063,2016,-1,2016,2063,2064,-1,2016,2064,2017,-1,2017,2064,2065,-1,2017,2065,2018,-1,2018,2065,2066,-1,2018,2066,2019,-1,2019,2066,2067,-1,2019,2067,2020,-1,2020,2067,2068,-1,2020,2068,2021,-1,2021,2068,2069,-1,2021,2069,2022,-1,2022,2069,2070,-1,2022,2070,2023,-1,2023,2070,2071,-1,2023,2071,2024,-1,2024,2071,2072,-1,2024,2072,2025,-1,2025,2072,2073,-1,2025,2073,2026,-1,2026,2073,2074,-1,2026,2074,2027,-1,2027,2074,2075,-1,2027,2075,2028,-1,2028,2075,2076,-1,2028,2076,2029,-1,2029,2076,2077,-1,2029,2077,2030,-1,2030,2077,2078,-1,2030,2078,2031,-1,2031,2078,2079,-1,2031,2079,2032,-1,2032,2079,2080,-1,2032,2080,2033,-1,2033,2080,2081,-1,2033,2081,2034,-1,2034,2081,2082,-1,2034,2082,2035,-1,2035,2082,2083,-1,2035,2083,2036,-1,2036,2083,2084,-1,2036,2084,2037,-1,2037,2084,2085,-1,2037,2085,2038,-1,2038,2085,2086,-1,2038,2086,2039,-1,2039,2086,2087,-1,2039,2087,2040,-1,2040,2087,2088,-1,2040,2088,2041,-1,2041,2088,2089,-1,2041,2089,2042,-1,2042,2089,2090,-1,2042,2090,2043,-1,2043,2090,2091,-1,2043,2091,2044,-1,2044,2091,2092,-1,2044,2092,2045,-1,2045,2092,2093,-1,2045,2093,2046,-1,2046,2093,2094,-1,2046,2094,2047,-1,2047,2094,2095,-1,2047,2095,2048,-1,2048,2095,2096,-1,2048,2096,2049,-1,2049,2096,2097,-1,2049,2097,2050,-1,2050,2097,2098,-1,2050,2098,2051,-1,2051,2098,2099,-1,2051,2099,2052,-1,2052,2099,2100,-1,2052,2100,2053,-1,2053,2100,2101,-1,2053,2101,2054,-1,2054,2101,2102,-1,2054,2102,2055,-1,2055,2102,2056,-1,2102,2103,2056,-1,2056,2103,2104,-1,2056,2104,2057,-1,2057,2104,2105,-1,2057,2105,2058,-1,2058,2105,2106,-1,2058,2106,2059,-1,2059,2106,2107,-1,2059,2107,2060,-1,2060,2107,2108,-1,2060,2108,2061,-1,2061,2108,2109,-1,2061,2109,2062,-1,2062,2109,2110,-1,2062,2110,2063,-1,2063,2110,2111,-1,2063,2111,2064,-1,2064,2111,2112,-1,2064,2112,2065,-1,2065,2112,2113,-1,2065,2113,2066,-1,2066,2113,2114,-1,2066,2114,2067,-1,2067,2114,2115,-1,2067,2115,2068,-1,2068,2115,2116,-1,2068,2116,2069,-1,2069,2116,2117,-1,2069,2117,2070,-1,2070,2117,2118,-1,2070,2118,2071,-1,2071,2118,2119,-1,2071,2119,2072,-1,2072,2119,2120,-1,2072,2120,2073,-1,2073,2120,2121,-1,2073,2121,2074,-1,2074,2121,2122,-1,2074,2122,2075,-1,2075,2122,2123,-1,2075,2123,2076,-1,2076,2123,2124,-1,2076,2124,2077,-1,2077,2124,2125,-1,2077,2125,2078,-1,2078,2125,2126,-1,2078,2126,2079,-1,2079,2126,2127,-1,2079,2127,2080,-1,2080,2127,2128,-1,2080,2128,2081,-1,2081,2128,2129,-1,2081,2129,2082,-1,2082,2129,2130,-1,2082,2130,2083,-1,2083,2130,2131,-1,2083,2131,2084,-1,2084,2131,2132,-1,2084,2132,2085,-1,2085,2132,2133,-1,2085,2133,2086,-1,2086,2133,2134,-1,2086,2134,2087,-1,2087,2134,2135,-1,2087,2135,2088,-1,2088,2135,2136,-1,2088,2136,2089,-1,2089,2136,2137,-1,2089,2137,2090,-1,2090,2137,2138,-1,2090,2138,2091,-1,2091,2138,2139,-1,2091,2139,2092,-1,2092,2139,2140,-1,2092,2140,2093,-1,2093,2140,2141,-1,2093,2141,2094,-1,2094,2141,2142,-1,2094,2142,2095,-1,2095,2142,2143,-1,2095,2143,2096,-1,2096,2143,2144,-1,2096,2144,2097,-1,2097,2144,2145,-1,2097,2145,2098,-1,2098,2145,2146,-1,2098,2146,2099,-1,2099,2146,2147,-1,2099,2147,2100,-1,2100,2147,2148,-1,2100,2148,2101,-1,2101,2148,2149,-1,2101,2149,2102,-1,2102,2149,2103,-1,2150,2126,2151,-1,2151,2126,2125,-1,2151,2125,2152,-1,2153,2128,2150,-1,2150,2128,2127,-1,2150,2127,2126,-1,2154,2130,2153,-1,2153,2130,2129,-1,2153,2129,2128,-1,2155,2156,2111,-1,2157,2113,2156,-1,2156,2113,2112,-1,2156,2112,2111,-1,2158,2115,2157,-1,2157,2115,2114,-1,2157,2114,2113,-1,2159,2132,2154,-1,2154,2132,2131,-1,2154,2131,2130,-1,2160,2134,2159,-1,2159,2134,2133,-1,2159,2133,2132,-1,2161,2136,2160,-1,2160,2136,2135,-1,2160,2135,2134,-1,2142,2162,2163,-1,2148,2164,2165,-1,2166,2117,2158,-1,2158,2117,2116,-1,2158,2116,2115,-1,2167,2119,2166,-1,2166,2119,2118,-1,2166,2118,2117,-1,2168,2121,2167,-1,2167,2121,2120,-1,2167,2120,2119,-1,2125,2124,2152,-1,2152,2124,2123,-1,2152,2123,2168,-1,2168,2123,2122,-1,2168,2122,2121,-1,2169,2138,2161,-1,2161,2138,2137,-1,2161,2137,2136,-1,2142,2141,2162,-1,2162,2141,2140,-1,2162,2140,2169,-1,2169,2140,2139,-1,2169,2139,2138,-1,2170,2144,2163,-1,2163,2144,2143,-1,2163,2143,2142,-1,2148,2147,2164,-1,2164,2147,2146,-1,2164,2146,2170,-1,2170,2146,2145,-1,2170,2145,2144,-1,2111,2110,2155,-1,2155,2110,2109,-1,2155,2109,2171,-1,2172,2103,2165,-1,2165,2103,2149,-1,2165,2149,2148,-1,2173,2105,2172,-1,2172,2105,2104,-1,2172,2104,2103,-1,2109,2108,2171,-1,2171,2108,2107,-1,2171,2107,2173,-1,2173,2107,2106,-1,2173,2106,2105,-1,2165,2174,2172,-1,2172,2174,2175,-1,2172,2175,2173,-1,2173,2175,2176,-1,2173,2176,2171,-1,2171,2176,2177,-1,2171,2177,2155,-1,2155,2177,2178,-1,2155,2178,2156,-1,2156,2178,2179,-1,2156,2179,2157,-1,2157,2179,2180,-1,2157,2180,2158,-1,2158,2180,2181,-1,2158,2181,2166,-1,2166,2181,2182,-1,2166,2182,2167,-1,2167,2182,2183,-1,2167,2183,2168,-1,2168,2183,2184,-1,2168,2184,2152,-1,2152,2184,2185,-1,2152,2185,2151,-1,2151,2185,2186,-1,2151,2186,2150,-1,2150,2186,2187,-1,2150,2187,2153,-1,2153,2187,2188,-1,2153,2188,2154,-1,2154,2188,2189,-1,2154,2189,2159,-1,2159,2189,2190,-1,2159,2190,2160,-1,2160,2190,2191,-1,2160,2191,2161,-1,2161,2191,2192,-1,2161,2192,2169,-1,2169,2192,2193,-1,2169,2193,2162,-1,2162,2193,2194,-1,2162,2194,2163,-1,2163,2194,2195,-1,2163,2195,2170,-1,2170,2195,2196,-1,2170,2196,2164,-1,2164,2196,2197,-1,2164,2197,2165,-1,2165,2197,2174,-1,1447,1445,1782,-1,1450,1452,1445,-1,1443,1442,1782,-1,1782,1442,1448,-1,1782,1448,1447,-1,1449,1403,1402,-1,1418,1420,1445,-1,1445,1420,1421,-1,1354,1408,1412,-1,1802,1437,1782,-1,1782,1437,1436,-1,1433,1438,1782,-1,1782,1438,1440,-1,1782,1440,1443,-1,1450,1445,1402,-1,1402,1445,1444,-1,1402,1444,1449,-1,1417,1416,1445,-1,1421,1423,1445,-1,1445,1423,1429,-1,1445,1429,1428,-1,1428,1427,1445,-1,1445,1427,1426,-1,1445,1426,1425,-1,1425,1430,1445,-1,1445,1430,1432,-1,1445,1432,1782,-1,1436,1435,1782,-1,1782,1435,1434,-1,1782,1434,1433,-1,1416,1414,1445,-1,1445,1414,1413,-1,1445,1413,1418,-1,1452,1453,1445,-1,1445,1453,1356,-1,1445,1356,1354,-1,1354,1412,1445,-1,1445,1412,1411,-1,1445,1411,1417,-1,1792,1627,1780,-1,1780,1627,1626,-1,1630,1780,1628,-1,1628,1780,1621,-1,1643,1642,1780,-1,1659,1661,1780,-1,1626,1624,1780,-1,1780,1624,1622,-1,1780,1622,1621,-1,1630,1631,1780,-1,1780,1631,1633,-1,1780,1633,1636,-1,1638,1780,1639,-1,1639,1780,1640,-1,1666,1665,1661,-1,1636,1635,1780,-1,1780,1635,1641,-1,1780,1641,1640,-1,1642,1647,1780,-1,1780,1647,1567,-1,1780,1567,1566,-1,1664,1663,1669,-1,1638,1646,1780,-1,1780,1646,1645,-1,1780,1645,1643,-1,1566,1648,1780,-1,1780,1648,1650,-1,1780,1650,1651,-1,1665,1672,1661,-1,1661,1672,1673,-1,1661,1673,1780,-1,1651,1653,1780,-1,1780,1653,1658,-1,1780,1658,1657,-1,1657,1655,1780,-1,1780,1655,1654,-1,1780,1654,1659,-1,1664,1669,1661,-1,1661,1669,1668,-1,1661,1668,1666,-1,1802,1782,1799,-1,1799,1782,1784,-1,1784,1787,1799,-1,1799,1787,1790,-1,1799,1790,1797,-1,1797,1790,1792,-1,1797,1792,1780,-1,1346,1352,2198,-1,1346,2198,2199,-1,2199,2198,2200,-1,2199,2200,2201,-1,2201,2200,2202,-1,2201,2202,2203,-1,2203,2202,2204,-1,2203,2204,2205,-1,2205,2204,2206,-1,2205,2206,2207,-1,2207,2206,2208,-1,2207,2208,2209,-1,2183,2182,2208,-1,2210,2209,2197,-1,2197,2196,2210,-1,2210,2196,2195,-1,2210,2195,2194,-1,2194,2193,2210,-1,2210,2193,2192,-1,2210,2192,2211,-1,2211,2192,2191,-1,2211,2191,2190,-1,2176,2209,2177,-1,2177,2209,2178,-1,2176,2175,2209,-1,2209,2175,2174,-1,2209,2174,2197,-1,2190,2189,2211,-1,2211,2189,2188,-1,2211,2188,2187,-1,2182,2181,2208,-1,2208,2181,2180,-1,2208,2180,2209,-1,2209,2180,2179,-1,2209,2179,2178,-1,2187,2186,2211,-1,2211,2186,2185,-1,2211,2185,2208,-1,2208,2185,2184,-1,2208,2184,2183,-1,2210,2211,2212,-1,2210,2212,2213,-1,2213,2212,2214,-1,2213,2214,2215,-1,2215,2214,2216,-1,2215,2216,2217,-1,2217,2216,2218,-1,2217,2218,2219,-1,2219,2218,2220,-1,2219,2220,2221,-1,2221,2220,1340,-1,2221,1340,1338,-1,1344,1342,2222,-1,1344,2222,2223,-1,2223,2222,2224,-1,2223,2224,2225,-1,2225,2224,2226,-1,2225,2226,2227,-1,2227,2226,2228,-1,2227,2228,2229,-1,2229,2228,2230,-1,2229,2230,2231,-1,2231,2230,2232,-1,2231,2232,2233,-1,2234,2233,2235,-1,2235,2233,2232,-1,2234,2235,2236,-1,2234,2236,2237,-1,2237,2236,2238,-1,2237,2238,2239,-1,2239,2238,2240,-1,2239,2240,2241,-1,2241,2240,2242,-1,2241,2242,2243,-1,2243,2242,2244,-1,2243,2244,2245,-1,2245,2244,1350,-1,2245,1350,1348,-1,2234,2209,2233,-1,2233,2209,2210,-1,2243,2234,2241,-1,2241,2234,2237,-1,2241,2237,2239,-1,2201,2203,2205,-1,2243,2245,2234,-1,2234,2245,1348,-1,2234,1348,2209,-1,2209,1348,1346,-1,2209,1346,2207,-1,2207,1346,2205,-1,2205,1346,2199,-1,2205,2199,2201,-1,2213,2221,2210,-1,2210,2221,1338,-1,2210,1338,2233,-1,2213,2215,2221,-1,2221,2215,2217,-1,2221,2217,2219,-1,2227,2229,2231,-1,1338,1344,2233,-1,2233,1344,2223,-1,2233,2223,2231,-1,2231,2223,2225,-1,2231,2225,2227,-1,1352,1350,2235,-1,2206,2204,1352,-1,2240,1350,2242,-1,2242,1350,2244,-1,2240,2238,1350,-1,1350,2238,2236,-1,1350,2236,2235,-1,2226,2224,2222,-1,2214,2220,2216,-1,2216,2220,2218,-1,1342,1340,2211,-1,2211,1340,2220,-1,2211,2220,2212,-1,2212,2220,2214,-1,2202,2200,2204,-1,2204,2200,2198,-1,2204,2198,1352,-1,2206,1352,2208,-1,2208,1352,2235,-1,2208,2235,2211,-1,2211,2235,2232,-1,2211,2232,1342,-1,1342,2232,2230,-1,1342,2230,2222,-1,2222,2230,2228,-1,2222,2228,2226,-1,1339,1351,1337,-1,1337,1351,1345,-1,1349,1341,1347,-1,1347,1341,1343,-1,1349,1351,1341,-1,1341,1351,1339,-1,1345,1347,1337,-1,1337,1347,1343,-1,
        ]
    }
}
Shape{
    appearance Appearance {
        material  Material 	{
            diffuseColor 0.0 0.9058823529411765 0.6705882352941176
            specularColor 0.0 0.45098039215686275 0.3333333333333333
            ambientIntensity 0.6082
            transparency 0.0
            shininess 0.5
        }
    }
    geometry IndexedFaceSet {
        ccw TRUE
        solid FALSE
        coord DEF co Coordinate {
            point [
                -0.3819 1.4567 0.0, -0.362 1.5119 0.0, -0.2807 1.5119 0.0, -2.0002 -1.4706 0.0, -2.2364 -1.5807 0.0, -2.2364 -1.187 0.0, -2.2364 1.2539 0.0, -2.2364 1.6476 0.0, -2.0002 1.3641 0.0, -2.0002 1.5375 0.0, -1.7482 -1.2321 0.0, -1.7482 -1.7677 0.0, -2.0002 -1.2972 0.0, -0.4884 1.3073 0.0, -1.512 1.3073 0.0, -0.4107 1.4567 0.0, -1.7482 -0.9762 0.0, -1.512 -0.9762 0.0, -1.512 -1.2321 0.0, -2.0002 -2.0138 0.0, -0.2522 -1.2321 0.0, -0.0602 1.4567 0.0, -0.0002 -2.0138 0.0, -0.0002 1.9232 0.0, -0.0002 1.6535 0.0, -0.017 1.6535 0.0, -0.0602 1.6535 0.0, -0.1158 1.6535 0.0, -0.3075 1.6535 0.0, -0.3339 1.6535 0.0, -2.0002 1.9232 0.0, -1.512 1.0514 0.0, -1.7482 1.0514 0.0, -0.2522 -1.7677 0.0, -0.1889 1.6279 0.0, -0.2028 1.6124 0.0, -0.2119 1.5955 0.0, -0.2088 1.5106 0.0, -0.1975 1.493 0.0, -0.2331 1.4567 0.0, -0.1813 1.4775 0.0, -0.1608 1.4656 0.0, -0.0002 1.6319 0.0, -0.0002 1.5671 0.0, -0.017 1.6319 0.0, -0.0122 1.5671 0.0, -0.1442 1.6505 0.0, -0.1672 1.6424 0.0, -0.1887 1.628 0.0, -0.0122 1.5455 0.0, -0.4884 1.0514 0.0, -0.2619 1.4567 0.0, -0.2522 1.0514 0.0, -0.4884 -1.2321 0.0, -0.4884 -0.9762 0.0, -0.2522 -0.9762 0.0, -0.1137 1.4567 0.0, -0.1381 1.4588 0.0, -0.0002 1.4567 0.0, -0.0218 1.4567 0.0, -0.0218 1.4783 0.0, -0.0002 1.4783 0.0, -0.0002 1.5455 0.0, -0.2172 1.5761 0.0, -0.2187 1.5576 0.0, -0.2159 1.5312 0.0, -0.0002 1.5455 0.0039, -0.0002 1.5671 0.0039, -0.0002 1.9232 2.6378, -0.0002 1.7245 2.8536, -0.0002 1.6709 2.8514, -0.0002 1.4567 0.0039, -0.0002 1.4783 0.0039, -0.0002 1.8971 2.7409, -0.0002 1.866 2.7845, -0.0002 1.6535 0.0039, -0.0002 1.6319 0.0039, -0.0002 1.9166 2.691, -0.0002 1.2257 5.5118, -0.0002 -1.1505 5.5118, -0.0002 -1.5413 3.8189, -0.0002 -2.0138 3.8189, -0.0002 1.8251 2.8191, -0.0002 1.7769 2.8426, -2.0002 1.9232 2.6378, -2.0002 1.5375 2.6378, -2.0002 -1.1505 5.5118, -2.0002 1.2257 5.5118, -2.0002 1.6709 2.8514, -2.0002 -1.2972 2.6378, -2.0002 1.3641 2.6378, -2.0002 1.866 2.7845, -2.0002 1.8251 2.8191, -2.0002 1.7769 2.8426, -2.0002 1.8971 2.7409, -2.0002 1.9166 2.691, -2.0002 -1.4706 2.6378, -2.0002 -2.0138 3.8189, -2.0002 -1.5413 3.8189, -2.0002 1.7245 2.8536, -0.5081 -2.0138 3.8189, -0.2878 -1.5413 3.8189, -0.4884 -1.2321 2.4409, -0.2522 -1.2321 2.8346, -1.512 -1.2321 2.4409, -1.7482 -1.2321 2.8346, -1.512 1.0514 2.4409, -0.4884 1.0514 2.4409, -0.2522 1.0514 5.0984, -1.7482 1.0514 5.0984, -0.4884 -0.9762 2.4409, -1.512 -0.9762 2.4409, -1.7482 -0.9762 5.0984, -0.2522 -0.9762 5.0984, -1.6746 1.9232 0.7085, -1.6746 1.9232 2.5282, -0.3258 1.9232 2.5282, -0.3258 1.9232 0.7085, -0.3791 0.4889 5.5118, -0.2989 0.3499 5.5118, -1.2374 -0.6925 5.5118, -1.3841 -0.6272 5.5118, -1.5139 -0.5329 5.5118, -1.7511 -0.122 5.5118, -1.7679 0.0376 5.5118, -1.7511 0.1972 5.5118, -1.7015 0.3499 5.5118, -1.6213 0.4889 5.5118, -1.5139 0.6081 5.5118, -1.3841 0.7025 5.5118, -0.2493 0.1972 5.5118, -0.2325 0.0376 5.5118, -0.2493 -0.122 5.5118, -0.2989 -0.2746 5.5118, -1.6213 -0.4136 5.5118, -1.7015 -0.2746 5.5118, -1.2374 0.7678 5.5118, -1.0804 0.8011 5.5118, -0.9199 0.8011 5.5118, -0.763 0.7678 5.5118, -0.6163 0.7025 5.5118, -0.4865 0.6081 5.5118, -0.3791 -0.4136 5.5118, -0.4865 -0.5329 5.5118, -0.6163 -0.6272 5.5118, -0.763 -0.6925 5.5118, -0.9199 -0.7259 5.5118, -1.0804 -0.7259 5.5118, -1.7126 -1.5413 3.8189, -1.4923 -2.0138 3.8189, -1.4923 -2.0138 0.9843, -0.5081 -2.0138 0.9843, -1.7482 -1.7677 0.4724, -0.2522 -1.7677 0.4724, -1.7482 -1.5413 0.6988, -0.2522 -1.5413 0.6988, -1.7482 -1.5413 2.8346, -1.7126 -1.5413 2.8346, -1.7126 -1.5413 0.9843, -0.2878 -1.5413 2.8346, -0.2522 -1.5413 2.8346, -0.2878 -1.5413 0.9843, -1.7482 -0.8384 5.0984, -0.2522 -0.8384 5.0984, -1.7482 -0.8384 4.1732, -0.2522 -0.8384 4.1732, -1.4565 -0.0847 4.1732, -1.4726 0.0376 4.1732, -1.7482 0.9136 4.1732, -1.4093 -0.1986 4.1732, -1.3343 -0.2964 4.1732, -1.2364 -0.3715 4.1732, -1.2364 0.4468 4.1732, -1.3343 0.3717 4.1732, -0.764 -0.3715 4.1732, -0.6661 -0.2964 4.1732, -0.5911 -0.1986 4.1732, -1.4093 0.2738 4.1732, -1.4565 0.1599 4.1732, -0.5439 0.1599 4.1732, -0.2522 0.9136 4.1732, -0.5278 0.0376 4.1732, -0.5439 -0.0847 4.1732, -0.5911 0.2738 4.1732, -0.6661 0.3717 4.1732, -0.764 0.4468 4.1732, -1.1225 -0.4187 4.1732, -1.0002 -0.4348 4.1732, -0.8779 -0.4187 4.1732, -0.8779 0.494 4.1732, -1.0002 0.5101 4.1732, -1.1225 0.494 4.1732, -1.7482 0.9136 5.0984, -0.2522 0.9136 5.0984, -1.512 1.3073 2.4409, -0.4884 1.3073 2.4409, -0.5278 1.3073 0.8661, -1.4726 1.3073 0.8661, -1.4726 1.3073 2.0472, -0.5278 1.3073 2.0472, -0.2411 0.152 5.315, -0.2666 0.2639 5.315, -0.2513 0.1968 5.315, -0.3802 0.488 5.315, -0.3659 0.4701 5.315, -0.3085 0.3707 5.315, -0.3001 0.3494 5.315, -0.4374 0.5598 5.315, -0.4879 0.6066 5.315, -0.5215 0.6378 5.315, -0.6163 0.7025 5.315, -0.7197 0.7523 5.315, -0.7636 0.7658 5.315, -0.8294 0.7861 5.315, -0.9202 0.7998 5.315, -0.9428 0.8032 5.315, -1.0576 0.8032 5.315, -1.171 0.7861 5.315, -1.0802 0.7998 5.315, -1.2807 0.7523 5.315, -1.2368 0.7658 5.315, -1.4789 0.6378 5.315, -1.3841 0.7025 5.315, -1.563 0.5598 5.315, -1.5125 0.6066 5.315, -1.7003 0.3494 5.315, -1.6919 0.3707 5.315, -1.6345 0.4701 5.315, -1.6202 0.488 5.315, -1.7338 0.2639 5.315, -1.7491 0.1968 5.315, -1.7593 0.152 5.315, -1.7679 0.0376 5.315, -1.7593 -0.0768 5.315, -1.7491 -0.1215 5.315, -1.7338 -0.1887 5.315, -1.7003 -0.2741 5.315, -1.6919 -0.2955 5.315, -1.6345 -0.3949 5.315, -1.563 -0.4846 5.315, -1.6202 -0.4128 5.315, -1.4789 -0.5626 5.315, -1.5125 -0.5314 5.315, -1.2807 -0.677 5.315, -1.3841 -0.6272 5.315, -1.171 -0.7108 5.315, -1.2368 -0.6906 5.315, -0.9202 -0.7245 5.315, -0.9428 -0.7279 5.315, -1.0576 -0.7279 5.315, -1.0802 -0.7245 5.315, -0.8294 -0.7108 5.315, -0.7636 -0.6906 5.315, -0.7197 -0.677 5.315, -0.6163 -0.6272 5.315, -0.5215 -0.5626 5.315, -0.4879 -0.5314 5.315, -0.4374 -0.4846 5.315, -0.3802 -0.4128 5.315, -0.3659 -0.3949 5.315, -0.3085 -0.2955 5.315, -0.2666 -0.1887 5.315, -0.3001 -0.2741 5.315, -0.2325 0.0376 5.315, -0.2411 -0.0768 5.315, -0.2513 -0.1215 5.315, -0.281 0.2595 5.3041, -0.4485 0.5495 5.3041, -0.8327 0.7714 5.3041, -1.1677 0.7714 5.3041, -1.5519 0.5495 5.3041, -1.7194 0.2595 5.3041, -1.7194 -0.1842 5.3041, -1.5519 -0.4743 5.3041, -1.1677 -0.6961 5.3041, -0.8327 -0.6961 5.3041, -0.4485 -0.4743 5.3041, -0.281 -0.1842 5.3041, -0.2513 0.1968 5.1772, -0.2411 0.152 5.1772, -0.256 0.1498 5.188, -0.3802 0.488 5.1772, -0.3659 0.4701 5.1772, -0.3784 0.4616 5.188, -0.7636 0.7658 5.1772, -0.7197 0.7523 5.1772, -0.7252 0.7382 5.188, -1.0802 0.7998 5.1772, -1.0576 0.8032 5.1772, -1.0564 0.7881 5.188, -1.5125 0.6066 5.1772, -1.4789 0.6378 5.1772, -1.4694 0.626 5.188, -1.7003 0.3494 5.1772, -1.6919 0.3707 5.1772, -1.6783 0.3642 5.188, -1.7491 -0.1215 5.1772, -1.7593 -0.0768 5.1772, -1.7444 -0.0746 5.188, -1.6202 -0.4128 5.1772, -1.6345 -0.3949 5.1772, -1.622 -0.3863 5.188, -1.2368 -0.6906 5.1772, -1.2807 -0.677 5.1772, -1.2752 -0.663 5.188, -0.9202 -0.7245 5.1772, -0.9428 -0.7279 5.1772, -0.944 -0.7129 5.188, -0.4879 -0.5314 5.1772, -0.5215 -0.5626 5.1772, -0.5309 -0.5508 5.188, -0.3001 -0.2741 5.1772, -0.3085 -0.2955 5.1772, -0.3221 -0.2889 5.188, -0.2666 -0.1887 5.1772, -0.4374 -0.4846 5.1772, -0.8294 -0.7108 5.1772, -1.171 -0.7108 5.1772, -1.563 -0.4846 5.1772, -1.7338 -0.1887 5.1772, -1.7338 0.2639 5.1772, -1.563 0.5598 5.1772, -1.171 0.7861 5.1772, -0.8294 0.7861 5.1772, -0.4374 0.5598 5.1772, -0.2666 0.2639 5.1772, -0.2411 -0.0768 5.1772, -0.2513 -0.1215 5.1772, -0.256 -0.0746 5.188, -0.281 -0.1842 5.188, -0.268 -0.0727 5.2021, -0.2926 -0.1806 5.2021, -0.2764 -0.0715 5.2187, -0.3007 -0.1781 5.2187, -0.2807 -0.0708 5.2368, -0.3049 -0.1769 5.2368, -0.2807 -0.0708 5.2554, -0.3049 -0.1769 5.2554, -0.2764 -0.0715 5.2734, -0.3007 -0.1781 5.2734, -0.268 -0.0727 5.29, -0.2926 -0.1806 5.29, -0.256 -0.0746 5.3041, -0.3659 -0.3949 5.1772, -0.3802 -0.4128 5.1772, -0.3784 -0.3863 5.188, -0.4485 -0.4743 5.188, -0.3884 -0.3795 5.2021, -0.4574 -0.466 5.2021, -0.3954 -0.3747 5.2187, -0.4636 -0.4603 5.2187, -0.399 -0.3723 5.2368, -0.4668 -0.4573 5.2368, -0.399 -0.3723 5.2554, -0.4668 -0.4573 5.2554, -0.3954 -0.3747 5.2734, -0.4636 -0.4603 5.2734, -0.3884 -0.3795 5.29, -0.4574 -0.466 5.29, -0.3784 -0.3863 5.3041, -0.7197 -0.677 5.1772, -0.7636 -0.6906 5.1772, -0.7252 -0.663 5.188, -0.8327 -0.6961 5.188, -0.7297 -0.6517 5.2021, -0.8354 -0.6843 5.2021, -0.7328 -0.6438 5.2187, -0.8373 -0.676 5.2187, -0.7344 -0.6397 5.2368, -0.8383 -0.6718 5.2368, -0.7344 -0.6397 5.2554, -0.8383 -0.6718 5.2554, -0.7328 -0.6438 5.2734, -0.8373 -0.676 5.2734, -0.7297 -0.6517 5.29, -0.8354 -0.6843 5.29, -0.7252 -0.663 5.3041, -1.0576 -0.7279 5.1772, -1.0802 -0.7245 5.1772, -1.0564 -0.7129 5.188, -1.1677 -0.6961 5.188, -1.0555 -0.7008 5.2021, -1.165 -0.6843 5.2021, -1.0549 -0.6923 5.2187, -1.1631 -0.676 5.2187, -1.0546 -0.688 5.2368, -1.1621 -0.6718 5.2368, -1.0546 -0.688 5.2554, -1.1621 -0.6718 5.2554, -1.0549 -0.6923 5.2734, -1.1631 -0.676 5.2734, -1.0555 -0.7008 5.29, -1.165 -0.6843 5.29, -1.0564 -0.7129 5.3041, -1.4789 -0.5626 5.1772, -1.5125 -0.5314 5.1772, -1.4694 -0.5508 5.188, -1.5519 -0.4743 5.188, -1.4619 -0.5413 5.2021, -1.543 -0.466 5.2021, -1.4566 -0.5347 5.2187, -1.5368 -0.4603 5.2187, -1.4539 -0.5313 5.2368, -1.5336 -0.4573 5.2368, -1.4539 -0.5313 5.2554, -1.5336 -0.4573 5.2554, -1.4566 -0.5347 5.2734, -1.5368 -0.4603 5.2734, -1.4619 -0.5413 5.29, -1.543 -0.466 5.29, -1.4694 -0.5508 5.3041, -1.6919 -0.2955 5.1772, -1.7003 -0.2741 5.1772, -1.6783 -0.2889 5.188, -1.7194 -0.1842 5.188, -1.6674 -0.2837 5.2021, -1.7078 -0.1806 5.2021, -1.6597 -0.28 5.2187, -1.6997 -0.1781 5.2187, -1.6558 -0.2781 5.2368, -1.6955 -0.1769 5.2368, -1.6558 -0.2781 5.2554, -1.6955 -0.1769 5.2554, -1.6597 -0.28 5.2734, -1.6997 -0.1781 5.2734, -1.6674 -0.2837 5.29, -1.7078 -0.1806 5.29, -1.6783 -0.2889 5.3041, -1.7593 0.152 5.1772, -1.7491 0.1968 5.1772, -1.7444 0.1498 5.188, -1.7194 0.2595 5.188, -1.7324 0.148 5.2021, -1.7078 0.2559 5.2021, -1.724 0.1467 5.2187, -1.6997 0.2534 5.2187, -1.7197 0.1461 5.2368, -1.6955 0.2521 5.2368, -1.7197 0.1461 5.2554, -1.6955 0.2521 5.2554, -1.724 0.1467 5.2734, -1.6997 0.2534 5.2734, -1.7324 0.148 5.29, -1.7078 0.2559 5.29, -1.7444 0.1498 5.3041, -1.6345 0.4701 5.1772, -1.6202 0.488 5.1772, -1.622 0.4616 5.188, -1.5519 0.5495 5.188, -1.612 0.4548 5.2021, -1.543 0.5413 5.2021, -1.605 0.45 5.2187, -1.5368 0.5355 5.2187, -1.6014 0.4475 5.2368, -1.5336 0.5325 5.2368, -1.6014 0.4475 5.2554, -1.5336 0.5325 5.2554, -1.605 0.45 5.2734, -1.5368 0.5355 5.2734, -1.612 0.4548 5.29, -1.543 0.5413 5.29, -1.622 0.4616 5.3041, -1.2807 0.7523 5.1772, -1.2368 0.7658 5.1772, -1.2752 0.7382 5.188, -1.1677 0.7714 5.188, -1.2707 0.7269 5.2021, -1.165 0.7595 5.2021, -1.2676 0.719 5.2187, -1.1631 0.7513 5.2187, -1.266 0.715 5.2368, -1.1621 0.747 5.2368, -1.266 0.715 5.2554, -1.1621 0.747 5.2554, -1.2676 0.719 5.2734, -1.1631 0.7513 5.2734, -1.2707 0.7269 5.29, -1.165 0.7595 5.29, -1.2752 0.7382 5.3041, -0.9428 0.8032 5.1772, -0.9202 0.7998 5.1772, -0.944 0.7881 5.188, -0.8327 0.7714 5.188, -0.9449 0.776 5.2021, -0.8354 0.7595 5.2021, -0.9455 0.7676 5.2187, -0.8373 0.7513 5.2187, -0.9458 0.7632 5.2368, -0.8383 0.747 5.2368, -0.9458 0.7632 5.2554, -0.8383 0.747 5.2554, -0.9455 0.7676 5.2734, -0.8373 0.7513 5.2734, -0.9449 0.776 5.29, -0.8354 0.7595 5.29, -0.944 0.7881 5.3041, -0.5215 0.6378 5.1772, -0.4879 0.6066 5.1772, -0.5309 0.626 5.188, -0.4485 0.5495 5.188, -0.5385 0.6166 5.2021, -0.4574 0.5413 5.2021, -0.5438 0.6099 5.2187, -0.4636 0.5355 5.2187, -0.5465 0.6065 5.2368, -0.4668 0.5325 5.2368, -0.5465 0.6065 5.2554, -0.4668 0.5325 5.2554, -0.5438 0.6099 5.2734, -0.4636 0.5355 5.2734, -0.5385 0.6166 5.29, -0.4574 0.5413 5.29, -0.5309 0.626 5.3041, -0.3085 0.3707 5.1772, -0.3001 0.3494 5.1772, -0.3221 0.3642 5.188, -0.281 0.2595 5.188, -0.333 0.3589 5.2021, -0.2926 0.2559 5.2021, -0.3407 0.3552 5.2187, -0.3007 0.2534 5.2187, -0.3446 0.3533 5.2368, -0.3049 0.2521 5.2368, -0.3446 0.3533 5.2554, -0.3049 0.2521 5.2554, -0.3407 0.3552 5.2734, -0.3007 0.2534 5.2734, -0.333 0.3589 5.29, -0.2926 0.2559 5.29, -0.3221 0.3642 5.3041, -0.2325 0.0376 5.1772, -0.2476 0.0376 5.188, -0.2597 0.0376 5.2021, -0.2682 0.0376 5.2187, -0.2725 0.0376 5.2368, -0.2725 0.0376 5.2554, -0.2682 0.0376 5.2734, -0.2597 0.0376 5.29, -0.2476 0.0376 5.3041, -0.3221 -0.2889 5.3041, -0.333 -0.2837 5.29, -0.3407 -0.28 5.2734, -0.3446 -0.2781 5.2554, -0.3446 -0.2781 5.2368, -0.3407 -0.28 5.2187, -0.333 -0.2837 5.2021, -0.5309 -0.5508 5.3041, -0.5385 -0.5413 5.29, -0.5438 -0.5347 5.2734, -0.5465 -0.5313 5.2554, -0.5465 -0.5313 5.2368, -0.5438 -0.5347 5.2187, -0.5385 -0.5413 5.2021, -0.6163 -0.6272 5.1772, -0.6239 -0.6142 5.188, -0.63 -0.6037 5.2021, -0.6342 -0.5963 5.2187, -0.6364 -0.5925 5.2368, -0.6364 -0.5925 5.2554, -0.6342 -0.5963 5.2734, -0.63 -0.6037 5.29, -0.6239 -0.6142 5.3041, -0.944 -0.7129 5.3041, -0.9449 -0.7008 5.29, -0.9455 -0.6923 5.2734, -0.9458 -0.688 5.2554, -0.9458 -0.688 5.2368, -0.9455 -0.6923 5.2187, -0.9449 -0.7008 5.2021, -1.2752 -0.663 5.3041, -1.2707 -0.6517 5.29, -1.2676 -0.6438 5.2734, -1.266 -0.6397 5.2554, -1.266 -0.6397 5.2368, -1.2676 -0.6438 5.2187, -1.2707 -0.6517 5.2021, -1.3841 -0.6272 5.1772, -1.3765 -0.6142 5.188, -1.3704 -0.6037 5.2021, -1.3662 -0.5963 5.2187, -1.364 -0.5925 5.2368, -1.364 -0.5925 5.2554, -1.3662 -0.5963 5.2734, -1.3704 -0.6037 5.29, -1.3765 -0.6142 5.3041, -1.622 -0.3863 5.3041, -1.612 -0.3795 5.29, -1.605 -0.3747 5.2734, -1.6014 -0.3723 5.2554, -1.6014 -0.3723 5.2368, -1.605 -0.3747 5.2187, -1.612 -0.3795 5.2021, -1.7444 -0.0746 5.3041, -1.7324 -0.0727 5.29, -1.724 -0.0715 5.2734, -1.7197 -0.0708 5.2554, -1.7197 -0.0708 5.2368, -1.724 -0.0715 5.2187, -1.7324 -0.0727 5.2021, -1.7679 0.0376 5.1772, -1.7528 0.0376 5.188, -1.7407 0.0376 5.2021, -1.7322 0.0376 5.2187, -1.7278 0.0376 5.2368, -1.7278 0.0376 5.2554, -1.7322 0.0376 5.2734, -1.7407 0.0376 5.29, -1.7528 0.0376 5.3041, -1.6783 0.3642 5.3041, -1.6674 0.3589 5.29, -1.6597 0.3552 5.2734, -1.6558 0.3533 5.2554, -1.6558 0.3533 5.2368, -1.6597 0.3552 5.2187, -1.6674 0.3589 5.2021, -1.4694 0.626 5.3041, -1.4619 0.6166 5.29, -1.4566 0.6099 5.2734, -1.4539 0.6065 5.2554, -1.4539 0.6065 5.2368, -1.4566 0.6099 5.2187, -1.4619 0.6166 5.2021, -1.3841 0.7025 5.1772, -1.3765 0.6894 5.188, -1.3704 0.6789 5.2021, -1.3662 0.6716 5.2187, -1.364 0.6678 5.2368, -1.364 0.6678 5.2554, -1.3662 0.6716 5.2734, -1.3704 0.6789 5.29, -1.3765 0.6894 5.3041, -1.0564 0.7881 5.3041, -1.0555 0.776 5.29, -1.0549 0.7676 5.2734, -1.0546 0.7632 5.2554, -1.0546 0.7632 5.2368, -1.0549 0.7676 5.2187, -1.0555 0.776 5.2021, -0.7252 0.7382 5.3041, -0.7297 0.7269 5.29, -0.7328 0.719 5.2734, -0.7344 0.715 5.2554, -0.7344 0.715 5.2368, -0.7328 0.719 5.2187, -0.7297 0.7269 5.2021, -0.6163 0.7025 5.1772, -0.6239 0.6894 5.188, -0.63 0.6789 5.2021, -0.6342 0.6716 5.2187, -0.6364 0.6678 5.2368, -0.6364 0.6678 5.2554, -0.6342 0.6716 5.2734, -0.63 0.6789 5.29, -0.6239 0.6894 5.3041, -0.3784 0.4616 5.3041, -0.3884 0.4548 5.29, -0.3954 0.45 5.2734, -0.399 0.4475 5.2554, -0.399 0.4475 5.2368, -0.3954 0.45 5.2187, -0.3884 0.4548 5.2021, -0.256 0.1498 5.3041, -0.268 0.148 5.29, -0.2764 0.1467 5.2734, -0.2807 0.1461 5.2554, -0.2807 0.1461 5.2368, -0.2764 0.1467 5.2187, -0.268 0.148 5.2021, -0.2493 0.1972 4.3701, -0.2325 0.0376 4.3701, -0.2989 0.3499 4.3701, -0.3791 0.4889 4.3701, -0.4865 0.6081 4.3701, -0.6163 0.7025 4.3701, -0.763 0.7678 4.3701, -0.9199 0.8011 4.3701, -1.0804 0.8011 4.3701, -1.2374 0.7678 4.3701, -1.3841 0.7025 4.3701, -1.5139 0.6081 4.3701, -1.6213 0.4889 4.3701, -1.7015 0.3499 4.3701, -1.7511 0.1972 4.3701, -1.7679 0.0376 4.3701, -1.7511 -0.122 4.3701, -1.7015 -0.2746 4.3701, -1.6213 -0.4136 4.3701, -1.5139 -0.5329 4.3701, -1.3841 -0.6272 4.3701, -1.2374 -0.6925 4.3701, -1.0804 -0.7259 4.3701, -0.9199 -0.7259 4.3701, -0.763 -0.6925 4.3701, -0.6163 -0.6272 4.3701, -0.4865 -0.5329 4.3701, -0.3791 -0.4136 4.3701, -0.2989 -0.2746 4.3701, -0.2493 -0.122 4.3701, -0.5911 -0.1986 4.3701, -0.5439 -0.0847 4.3701, -0.5278 0.0376 4.3701, -0.5439 0.1599 4.3701, -1.4565 -0.0847 4.3701, -1.4093 -0.1986 4.3701, -1.3343 -0.2964 4.3701, -1.2364 -0.3715 4.3701, -1.1225 -0.4187 4.3701, -1.0002 -0.4348 4.3701, -1.3343 0.3717 4.3701, -1.4093 0.2738 4.3701, -1.4565 0.1599 4.3701, -1.4726 0.0376 4.3701, -0.8779 0.494 4.3701, -1.0002 0.5101 4.3701, -1.1225 0.494 4.3701, -1.2364 0.4468 4.3701, -0.5911 0.2738 4.3701, -0.6661 0.3717 4.3701, -0.764 0.4468 4.3701, -0.8779 -0.4187 4.3701, -0.764 -0.3715 4.3701, -0.6661 -0.2964 4.3701, -0.5278 1.4902 2.0472, -1.4726 1.4902 2.0472, -0.5278 1.4902 0.8661, -1.4726 1.4902 0.8661, -2.2364 -1.187 2.6378, -2.2364 -1.5807 2.6378, -2.2364 1.6476 2.6378, -2.2364 1.2539 2.6378
            ]
        }
        coordIndex [
            0,1,2,-1,3,4,5,-1,6,7,8,-1,8,7,9,-1,10,11,12,-1,13,14,15,-1,16,17,18,-1,5,12,3,-1,3,12,11,-1,3,11,19,-1,20,21,22,-1,23,24,25,-1,23,26,27,-1,23,28,29,-1,15,14,29,-1,29,14,30,-1,29,30,23,-1,14,31,32,-1,19,11,22,-1,22,11,33,-1,22,33,20,-1,34,35,28,-1,28,35,36,-1,37,38,39,-1,39,38,40,-1,39,40,41,-1,18,10,16,-1,16,10,12,-1,16,12,32,-1,32,12,8,-1,32,8,14,-1,14,8,9,-1,14,9,30,-1,42,43,44,-1,44,43,45,-1,27,46,23,-1,23,46,47,-1,23,47,28,-1,28,47,48,-1,28,48,34,-1,23,25,26,-1,26,25,44,-1,26,44,21,-1,21,44,45,-1,21,45,49,-1,15,0,13,-1,13,0,2,-1,13,2,50,-1,50,2,51,-1,50,51,52,-1,52,51,39,-1,53,54,20,-1,20,54,55,-1,20,55,21,-1,21,55,52,-1,21,52,56,-1,56,52,39,-1,56,39,57,-1,57,39,41,-1,58,22,59,-1,59,22,21,-1,59,21,60,-1,60,21,49,-1,60,49,61,-1,61,49,62,-1,36,63,28,-1,28,63,64,-1,28,64,39,-1,39,64,65,-1,39,65,37,-1,66,67,68,-1,69,70,71,-1,72,61,62,-1,73,74,71,-1,24,23,75,-1,75,23,68,-1,75,68,76,-1,76,68,67,-1,76,67,42,-1,42,67,43,-1,62,66,72,-1,72,66,68,-1,72,68,71,-1,71,68,77,-1,71,77,73,-1,78,79,70,-1,70,79,80,-1,70,80,71,-1,71,80,81,-1,71,81,58,-1,58,81,22,-1,74,82,71,-1,71,82,83,-1,71,83,69,-1,30,9,84,-1,84,9,85,-1,86,87,88,-1,12,89,8,-1,8,89,90,-1,91,85,92,-1,92,85,93,-1,91,94,85,-1,85,94,95,-1,85,95,84,-1,3,19,96,-1,96,19,97,-1,96,97,89,-1,97,98,89,-1,89,98,86,-1,89,86,90,-1,90,86,88,-1,90,88,85,-1,85,88,99,-1,85,99,93,-1,100,81,101,-1,101,81,80,-1,53,20,102,-1,102,20,103,-1,102,103,104,-1,104,103,105,-1,104,105,18,-1,18,105,10,-1,32,31,106,-1,50,52,107,-1,107,52,108,-1,107,108,106,-1,106,108,109,-1,106,109,32,-1,55,54,110,-1,17,16,111,-1,111,16,112,-1,111,112,110,-1,110,112,113,-1,110,113,55,-1,114,30,115,-1,115,30,84,-1,115,84,116,-1,116,84,68,-1,116,68,117,-1,117,68,23,-1,117,23,114,-1,114,23,30,-1,68,84,95,-1,68,95,77,-1,77,95,94,-1,77,94,73,-1,73,94,91,-1,73,91,74,-1,74,91,92,-1,74,92,82,-1,82,92,93,-1,82,93,83,-1,83,93,99,-1,83,99,69,-1,69,99,88,-1,69,88,70,-1,78,70,87,-1,87,70,88,-1,118,119,78,-1,120,121,86,-1,86,121,122,-1,86,123,124,-1,86,124,87,-1,87,124,125,-1,87,125,126,-1,126,127,87,-1,87,127,128,-1,87,128,129,-1,119,130,78,-1,78,130,131,-1,78,131,79,-1,79,131,132,-1,79,132,133,-1,122,134,86,-1,86,134,135,-1,86,135,123,-1,129,136,87,-1,87,136,137,-1,87,137,78,-1,78,137,138,-1,78,138,139,-1,139,140,78,-1,78,140,141,-1,78,141,118,-1,133,142,79,-1,79,142,143,-1,79,143,144,-1,144,145,79,-1,79,145,146,-1,79,146,86,-1,86,146,147,-1,86,147,120,-1,80,79,101,-1,101,79,86,-1,101,86,148,-1,148,86,98,-1,148,98,149,-1,149,98,97,-1,149,97,150,-1,150,97,19,-1,150,19,151,-1,151,19,22,-1,151,22,100,-1,100,22,81,-1,11,152,33,-1,33,152,153,-1,152,154,153,-1,153,154,155,-1,156,157,158,-1,159,160,161,-1,161,160,155,-1,161,155,158,-1,158,155,154,-1,158,154,156,-1,156,105,157,-1,157,105,103,-1,157,103,159,-1,159,103,160,-1,152,11,154,-1,154,11,10,-1,154,10,156,-1,156,10,105,-1,160,103,155,-1,155,103,20,-1,155,20,153,-1,153,20,33,-1,112,162,113,-1,113,162,163,-1,162,164,163,-1,163,164,165,-1,166,164,167,-1,167,164,168,-1,166,169,164,-1,164,169,170,-1,164,170,171,-1,172,173,168,-1,174,175,165,-1,165,175,176,-1,173,177,168,-1,168,177,178,-1,168,178,167,-1,179,180,181,-1,181,180,165,-1,181,165,182,-1,182,165,176,-1,179,183,180,-1,180,183,184,-1,180,184,185,-1,171,186,164,-1,164,186,187,-1,164,187,165,-1,165,187,188,-1,165,188,174,-1,185,189,180,-1,180,189,190,-1,180,190,168,-1,168,190,191,-1,168,191,172,-1,168,192,180,-1,180,192,193,-1,192,109,193,-1,193,109,108,-1,109,192,168,-1,162,112,164,-1,164,112,16,-1,164,16,168,-1,168,16,32,-1,168,32,109,-1,113,163,165,-1,193,108,180,-1,180,108,52,-1,180,52,165,-1,165,52,55,-1,165,55,113,-1,104,111,102,-1,102,111,110,-1,104,18,111,-1,111,18,17,-1,53,102,54,-1,54,102,110,-1,106,194,107,-1,107,194,195,-1,196,13,195,-1,13,196,14,-1,14,196,197,-1,14,197,194,-1,194,197,198,-1,194,198,195,-1,195,198,199,-1,195,199,196,-1,31,14,106,-1,106,14,194,-1,13,50,195,-1,195,50,107,-1,131,130,200,-1,119,201,130,-1,130,201,202,-1,130,202,200,-1,203,204,118,-1,118,204,205,-1,118,205,119,-1,119,205,206,-1,119,206,201,-1,203,118,207,-1,207,118,141,-1,207,141,208,-1,208,141,209,-1,209,141,140,-1,209,140,210,-1,210,140,211,-1,211,140,139,-1,211,139,212,-1,212,139,213,-1,213,139,138,-1,213,138,214,-1,214,138,215,-1,215,138,137,-1,215,137,216,-1,136,217,137,-1,137,217,218,-1,137,218,216,-1,129,219,136,-1,136,219,220,-1,136,220,217,-1,128,221,129,-1,129,221,222,-1,129,222,219,-1,127,223,128,-1,128,223,224,-1,128,224,221,-1,225,226,126,-1,126,226,227,-1,126,227,127,-1,127,227,228,-1,127,228,223,-1,225,126,229,-1,229,126,125,-1,229,125,230,-1,230,125,231,-1,231,125,124,-1,231,124,232,-1,232,124,233,-1,233,124,123,-1,233,123,234,-1,234,123,235,-1,235,123,135,-1,235,135,236,-1,236,135,237,-1,237,135,134,-1,237,134,238,-1,122,239,134,-1,134,239,240,-1,134,240,238,-1,121,241,122,-1,122,241,242,-1,122,242,239,-1,120,243,121,-1,121,243,244,-1,121,244,241,-1,147,245,120,-1,120,245,246,-1,120,246,243,-1,247,248,146,-1,146,248,249,-1,146,249,147,-1,147,249,250,-1,147,250,245,-1,247,146,251,-1,251,146,145,-1,251,145,252,-1,252,145,253,-1,253,145,144,-1,253,144,254,-1,254,144,255,-1,255,144,143,-1,255,143,256,-1,256,143,257,-1,257,143,142,-1,257,142,258,-1,258,142,259,-1,259,142,133,-1,259,133,260,-1,132,261,133,-1,133,261,262,-1,133,262,260,-1,200,263,131,-1,131,263,264,-1,131,264,132,-1,132,264,265,-1,132,265,261,-1,202,201,266,-1,203,207,267,-1,212,213,268,-1,218,217,269,-1,224,223,270,-1,225,229,271,-1,234,235,272,-1,240,239,273,-1,246,245,274,-1,247,251,275,-1,256,257,276,-1,262,261,277,-1,278,279,280,-1,281,282,283,-1,284,285,286,-1,287,288,289,-1,290,291,292,-1,293,294,295,-1,296,297,298,-1,299,300,301,-1,302,303,304,-1,305,306,307,-1,308,309,310,-1,311,312,313,-1,311,313,314,-1,308,310,315,-1,305,307,316,-1,302,304,317,-1,299,301,318,-1,296,298,319,-1,293,295,320,-1,290,292,321,-1,287,289,322,-1,284,286,323,-1,281,283,324,-1,278,280,325,-1,326,327,328,-1,328,327,329,-1,328,329,330,-1,330,329,331,-1,330,331,332,-1,332,331,333,-1,332,333,334,-1,334,333,335,-1,334,335,336,-1,336,335,337,-1,336,337,338,-1,338,337,339,-1,338,339,340,-1,340,339,341,-1,340,341,342,-1,342,341,277,-1,343,344,345,-1,345,344,346,-1,345,346,347,-1,347,346,348,-1,347,348,349,-1,349,348,350,-1,349,350,351,-1,351,350,352,-1,351,352,353,-1,353,352,354,-1,353,354,355,-1,355,354,356,-1,355,356,357,-1,357,356,358,-1,357,358,359,-1,359,358,276,-1,360,361,362,-1,362,361,363,-1,362,363,364,-1,364,363,365,-1,364,365,366,-1,366,365,367,-1,366,367,368,-1,368,367,369,-1,368,369,370,-1,370,369,371,-1,370,371,372,-1,372,371,373,-1,372,373,374,-1,374,373,375,-1,374,375,376,-1,376,375,275,-1,377,378,379,-1,379,378,380,-1,379,380,381,-1,381,380,382,-1,381,382,383,-1,383,382,384,-1,383,384,385,-1,385,384,386,-1,385,386,387,-1,387,386,388,-1,387,388,389,-1,389,388,390,-1,389,390,391,-1,391,390,392,-1,391,392,393,-1,393,392,274,-1,394,395,396,-1,396,395,397,-1,396,397,398,-1,398,397,399,-1,398,399,400,-1,400,399,401,-1,400,401,402,-1,402,401,403,-1,402,403,404,-1,404,403,405,-1,404,405,406,-1,406,405,407,-1,406,407,408,-1,408,407,409,-1,408,409,410,-1,410,409,273,-1,411,412,413,-1,413,412,414,-1,413,414,415,-1,415,414,416,-1,415,416,417,-1,417,416,418,-1,417,418,419,-1,419,418,420,-1,419,420,421,-1,421,420,422,-1,421,422,423,-1,423,422,424,-1,423,424,425,-1,425,424,426,-1,425,426,427,-1,427,426,272,-1,428,429,430,-1,430,429,431,-1,430,431,432,-1,432,431,433,-1,432,433,434,-1,434,433,435,-1,434,435,436,-1,436,435,437,-1,436,437,438,-1,438,437,439,-1,438,439,440,-1,440,439,441,-1,440,441,442,-1,442,441,443,-1,442,443,444,-1,444,443,271,-1,445,446,447,-1,447,446,448,-1,447,448,449,-1,449,448,450,-1,449,450,451,-1,451,450,452,-1,451,452,453,-1,453,452,454,-1,453,454,455,-1,455,454,456,-1,455,456,457,-1,457,456,458,-1,457,458,459,-1,459,458,460,-1,459,460,461,-1,461,460,270,-1,462,463,464,-1,464,463,465,-1,464,465,466,-1,466,465,467,-1,466,467,468,-1,468,467,469,-1,468,469,470,-1,470,469,471,-1,470,471,472,-1,472,471,473,-1,472,473,474,-1,474,473,475,-1,474,475,476,-1,476,475,477,-1,476,477,478,-1,478,477,269,-1,479,480,481,-1,481,480,482,-1,481,482,483,-1,483,482,484,-1,483,484,485,-1,485,484,486,-1,485,486,487,-1,487,486,488,-1,487,488,489,-1,489,488,490,-1,489,490,491,-1,491,490,492,-1,491,492,493,-1,493,492,494,-1,493,494,495,-1,495,494,268,-1,496,497,498,-1,498,497,499,-1,498,499,500,-1,500,499,501,-1,500,501,502,-1,502,501,503,-1,502,503,504,-1,504,503,505,-1,504,505,506,-1,506,505,507,-1,506,507,508,-1,508,507,509,-1,508,509,510,-1,510,509,511,-1,510,511,512,-1,512,511,267,-1,513,514,515,-1,515,514,516,-1,515,516,517,-1,517,516,518,-1,517,518,519,-1,519,518,520,-1,519,520,521,-1,521,520,522,-1,521,522,523,-1,523,522,524,-1,523,524,525,-1,525,524,526,-1,525,526,527,-1,527,526,528,-1,527,528,529,-1,529,528,266,-1,530,326,531,-1,531,326,328,-1,531,328,532,-1,532,328,330,-1,532,330,533,-1,533,330,332,-1,533,332,534,-1,534,332,334,-1,534,334,535,-1,535,334,336,-1,535,336,536,-1,536,336,338,-1,536,338,537,-1,537,338,340,-1,537,340,538,-1,538,340,342,-1,538,342,263,-1,263,342,264,-1,277,261,342,-1,342,261,265,-1,342,265,264,-1,260,262,539,-1,539,262,277,-1,539,277,540,-1,540,277,341,-1,540,341,541,-1,541,341,339,-1,541,339,542,-1,542,339,337,-1,542,337,543,-1,543,337,335,-1,543,335,544,-1,544,335,333,-1,544,333,545,-1,545,333,331,-1,545,331,313,-1,313,331,329,-1,313,329,314,-1,314,329,327,-1,312,343,313,-1,313,343,345,-1,313,345,545,-1,545,345,347,-1,545,347,544,-1,544,347,349,-1,544,349,543,-1,543,349,351,-1,543,351,542,-1,542,351,353,-1,542,353,541,-1,541,353,355,-1,541,355,540,-1,540,355,357,-1,540,357,539,-1,539,357,359,-1,539,359,260,-1,260,359,259,-1,276,257,359,-1,359,257,258,-1,359,258,259,-1,255,256,546,-1,546,256,276,-1,546,276,547,-1,547,276,358,-1,547,358,548,-1,548,358,356,-1,548,356,549,-1,549,356,354,-1,549,354,550,-1,550,354,352,-1,550,352,551,-1,551,352,350,-1,551,350,552,-1,552,350,348,-1,552,348,310,-1,310,348,346,-1,310,346,315,-1,315,346,344,-1,309,553,310,-1,310,553,554,-1,310,554,552,-1,552,554,555,-1,552,555,551,-1,551,555,556,-1,551,556,550,-1,550,556,557,-1,550,557,549,-1,549,557,558,-1,549,558,548,-1,548,558,559,-1,548,559,547,-1,547,559,560,-1,547,560,546,-1,546,560,561,-1,546,561,255,-1,255,561,254,-1,553,360,554,-1,554,360,362,-1,554,362,555,-1,555,362,364,-1,555,364,556,-1,556,364,366,-1,556,366,557,-1,557,366,368,-1,557,368,558,-1,558,368,370,-1,558,370,559,-1,559,370,372,-1,559,372,560,-1,560,372,374,-1,560,374,561,-1,561,374,376,-1,561,376,254,-1,254,376,253,-1,275,251,376,-1,376,251,252,-1,376,252,253,-1,248,247,562,-1,562,247,275,-1,562,275,563,-1,563,275,375,-1,563,375,564,-1,564,375,373,-1,564,373,565,-1,565,373,371,-1,565,371,566,-1,566,371,369,-1,566,369,567,-1,567,369,367,-1,567,367,568,-1,568,367,365,-1,568,365,307,-1,307,365,363,-1,307,363,316,-1,316,363,361,-1,306,377,307,-1,307,377,379,-1,307,379,568,-1,568,379,381,-1,568,381,567,-1,567,381,383,-1,567,383,566,-1,566,383,385,-1,566,385,565,-1,565,385,387,-1,565,387,564,-1,564,387,389,-1,564,389,563,-1,563,389,391,-1,563,391,562,-1,562,391,393,-1,562,393,248,-1,248,393,249,-1,274,245,393,-1,393,245,250,-1,393,250,249,-1,243,246,569,-1,569,246,274,-1,569,274,570,-1,570,274,392,-1,570,392,571,-1,571,392,390,-1,571,390,572,-1,572,390,388,-1,572,388,573,-1,573,388,386,-1,573,386,574,-1,574,386,384,-1,574,384,575,-1,575,384,382,-1,575,382,304,-1,304,382,380,-1,304,380,317,-1,317,380,378,-1,303,576,304,-1,304,576,577,-1,304,577,575,-1,575,577,578,-1,575,578,574,-1,574,578,579,-1,574,579,573,-1,573,579,580,-1,573,580,572,-1,572,580,581,-1,572,581,571,-1,571,581,582,-1,571,582,570,-1,570,582,583,-1,570,583,569,-1,569,583,584,-1,569,584,243,-1,243,584,244,-1,576,394,577,-1,577,394,396,-1,577,396,578,-1,578,396,398,-1,578,398,579,-1,579,398,400,-1,579,400,580,-1,580,400,402,-1,580,402,581,-1,581,402,404,-1,581,404,582,-1,582,404,406,-1,582,406,583,-1,583,406,408,-1,583,408,584,-1,584,408,410,-1,584,410,244,-1,244,410,241,-1,273,239,410,-1,410,239,242,-1,410,242,241,-1,238,240,585,-1,585,240,273,-1,585,273,586,-1,586,273,409,-1,586,409,587,-1,587,409,407,-1,587,407,588,-1,588,407,405,-1,588,405,589,-1,589,405,403,-1,589,403,590,-1,590,403,401,-1,590,401,591,-1,591,401,399,-1,591,399,301,-1,301,399,397,-1,301,397,318,-1,318,397,395,-1,300,411,301,-1,301,411,413,-1,301,413,591,-1,591,413,415,-1,591,415,590,-1,590,415,417,-1,590,417,589,-1,589,417,419,-1,589,419,588,-1,588,419,421,-1,588,421,587,-1,587,421,423,-1,587,423,586,-1,586,423,425,-1,586,425,585,-1,585,425,427,-1,585,427,238,-1,238,427,237,-1,272,235,427,-1,427,235,236,-1,427,236,237,-1,233,234,592,-1,592,234,272,-1,592,272,593,-1,593,272,426,-1,593,426,594,-1,594,426,424,-1,594,424,595,-1,595,424,422,-1,595,422,596,-1,596,422,420,-1,596,420,597,-1,597,420,418,-1,597,418,598,-1,598,418,416,-1,598,416,298,-1,298,416,414,-1,298,414,319,-1,319,414,412,-1,297,599,298,-1,298,599,600,-1,298,600,598,-1,598,600,601,-1,598,601,597,-1,597,601,602,-1,597,602,596,-1,596,602,603,-1,596,603,595,-1,595,603,604,-1,595,604,594,-1,594,604,605,-1,594,605,593,-1,593,605,606,-1,593,606,592,-1,592,606,607,-1,592,607,233,-1,233,607,232,-1,599,428,600,-1,600,428,430,-1,600,430,601,-1,601,430,432,-1,601,432,602,-1,602,432,434,-1,602,434,603,-1,603,434,436,-1,603,436,604,-1,604,436,438,-1,604,438,605,-1,605,438,440,-1,605,440,606,-1,606,440,442,-1,606,442,607,-1,607,442,444,-1,607,444,232,-1,232,444,231,-1,271,229,444,-1,444,229,230,-1,444,230,231,-1,226,225,608,-1,608,225,271,-1,608,271,609,-1,609,271,443,-1,609,443,610,-1,610,443,441,-1,610,441,611,-1,611,441,439,-1,611,439,612,-1,612,439,437,-1,612,437,613,-1,613,437,435,-1,613,435,614,-1,614,435,433,-1,614,433,295,-1,295,433,431,-1,295,431,320,-1,320,431,429,-1,294,445,295,-1,295,445,447,-1,295,447,614,-1,614,447,449,-1,614,449,613,-1,613,449,451,-1,613,451,612,-1,612,451,453,-1,612,453,611,-1,611,453,455,-1,611,455,610,-1,610,455,457,-1,610,457,609,-1,609,457,459,-1,609,459,608,-1,608,459,461,-1,608,461,226,-1,226,461,227,-1,270,223,461,-1,461,223,228,-1,461,228,227,-1,221,224,615,-1,615,224,270,-1,615,270,616,-1,616,270,460,-1,616,460,617,-1,617,460,458,-1,617,458,618,-1,618,458,456,-1,618,456,619,-1,619,456,454,-1,619,454,620,-1,620,454,452,-1,620,452,621,-1,621,452,450,-1,621,450,292,-1,292,450,448,-1,292,448,321,-1,321,448,446,-1,291,622,292,-1,292,622,623,-1,292,623,621,-1,621,623,624,-1,621,624,620,-1,620,624,625,-1,620,625,619,-1,619,625,626,-1,619,626,618,-1,618,626,627,-1,618,627,617,-1,617,627,628,-1,617,628,616,-1,616,628,629,-1,616,629,615,-1,615,629,630,-1,615,630,221,-1,221,630,222,-1,622,462,623,-1,623,462,464,-1,623,464,624,-1,624,464,466,-1,624,466,625,-1,625,466,468,-1,625,468,626,-1,626,468,470,-1,626,470,627,-1,627,470,472,-1,627,472,628,-1,628,472,474,-1,628,474,629,-1,629,474,476,-1,629,476,630,-1,630,476,478,-1,630,478,222,-1,222,478,219,-1,269,217,478,-1,478,217,220,-1,478,220,219,-1,216,218,631,-1,631,218,269,-1,631,269,632,-1,632,269,477,-1,632,477,633,-1,633,477,475,-1,633,475,634,-1,634,475,473,-1,634,473,635,-1,635,473,471,-1,635,471,636,-1,636,471,469,-1,636,469,637,-1,637,469,467,-1,637,467,289,-1,289,467,465,-1,289,465,322,-1,322,465,463,-1,288,479,289,-1,289,479,481,-1,289,481,637,-1,637,481,483,-1,637,483,636,-1,636,483,485,-1,636,485,635,-1,635,485,487,-1,635,487,634,-1,634,487,489,-1,634,489,633,-1,633,489,491,-1,633,491,632,-1,632,491,493,-1,632,493,631,-1,631,493,495,-1,631,495,216,-1,216,495,215,-1,268,213,495,-1,495,213,214,-1,495,214,215,-1,211,212,638,-1,638,212,268,-1,638,268,639,-1,639,268,494,-1,639,494,640,-1,640,494,492,-1,640,492,641,-1,641,492,490,-1,641,490,642,-1,642,490,488,-1,642,488,643,-1,643,488,486,-1,643,486,644,-1,644,486,484,-1,644,484,286,-1,286,484,482,-1,286,482,323,-1,323,482,480,-1,285,645,286,-1,286,645,646,-1,286,646,644,-1,644,646,647,-1,644,647,643,-1,643,647,648,-1,643,648,642,-1,642,648,649,-1,642,649,641,-1,641,649,650,-1,641,650,640,-1,640,650,651,-1,640,651,639,-1,639,651,652,-1,639,652,638,-1,638,652,653,-1,638,653,211,-1,211,653,210,-1,645,496,646,-1,646,496,498,-1,646,498,647,-1,647,498,500,-1,647,500,648,-1,648,500,502,-1,648,502,649,-1,649,502,504,-1,649,504,650,-1,650,504,506,-1,650,506,651,-1,651,506,508,-1,651,508,652,-1,652,508,510,-1,652,510,653,-1,653,510,512,-1,653,512,210,-1,210,512,209,-1,267,207,512,-1,512,207,208,-1,512,208,209,-1,204,203,654,-1,654,203,267,-1,654,267,655,-1,655,267,511,-1,655,511,656,-1,656,511,509,-1,656,509,657,-1,657,509,507,-1,657,507,658,-1,658,507,505,-1,658,505,659,-1,659,505,503,-1,659,503,660,-1,660,503,501,-1,660,501,283,-1,283,501,499,-1,283,499,324,-1,324,499,497,-1,282,513,283,-1,283,513,515,-1,283,515,660,-1,660,515,517,-1,660,517,659,-1,659,517,519,-1,659,519,658,-1,658,519,521,-1,658,521,657,-1,657,521,523,-1,657,523,656,-1,656,523,525,-1,656,525,655,-1,655,525,527,-1,655,527,654,-1,654,527,529,-1,654,529,204,-1,204,529,205,-1,266,201,529,-1,529,201,206,-1,529,206,205,-1,200,202,661,-1,661,202,266,-1,661,266,662,-1,662,266,528,-1,662,528,663,-1,663,528,526,-1,663,526,664,-1,664,526,524,-1,664,524,665,-1,665,524,522,-1,665,522,666,-1,666,522,520,-1,666,520,667,-1,667,520,518,-1,667,518,280,-1,280,518,516,-1,280,516,325,-1,325,516,514,-1,279,530,280,-1,280,530,531,-1,280,531,667,-1,667,531,532,-1,667,532,666,-1,666,532,533,-1,666,533,665,-1,665,533,534,-1,665,534,664,-1,664,534,535,-1,664,535,663,-1,663,535,536,-1,663,536,662,-1,662,536,537,-1,662,537,661,-1,661,537,538,-1,661,538,200,-1,200,538,263,-1,279,668,669,-1,514,670,325,-1,325,670,668,-1,325,668,278,-1,278,668,279,-1,514,513,670,-1,670,513,282,-1,670,282,671,-1,282,281,671,-1,671,281,324,-1,671,324,672,-1,324,497,672,-1,672,497,496,-1,672,496,673,-1,496,645,673,-1,673,645,285,-1,673,285,674,-1,480,675,323,-1,323,675,674,-1,323,674,284,-1,284,674,285,-1,480,479,675,-1,675,479,288,-1,675,288,676,-1,288,287,676,-1,676,287,322,-1,676,322,677,-1,322,463,677,-1,677,463,462,-1,677,462,678,-1,462,622,678,-1,678,622,291,-1,678,291,679,-1,446,680,321,-1,321,680,679,-1,321,679,290,-1,290,679,291,-1,446,445,680,-1,680,445,294,-1,680,294,681,-1,294,293,681,-1,681,293,320,-1,681,320,682,-1,320,429,682,-1,682,429,428,-1,682,428,683,-1,428,599,683,-1,683,599,297,-1,683,297,684,-1,412,685,319,-1,319,685,684,-1,319,684,296,-1,296,684,297,-1,412,411,685,-1,685,411,300,-1,685,300,686,-1,300,299,686,-1,686,299,318,-1,686,318,687,-1,318,395,687,-1,687,395,394,-1,687,394,688,-1,394,576,688,-1,688,576,303,-1,688,303,689,-1,378,690,317,-1,317,690,689,-1,317,689,302,-1,302,689,303,-1,378,377,690,-1,690,377,306,-1,690,306,691,-1,306,305,691,-1,691,305,316,-1,691,316,692,-1,316,361,692,-1,692,361,360,-1,692,360,693,-1,360,553,693,-1,693,553,309,-1,693,309,694,-1,344,695,315,-1,315,695,694,-1,315,694,308,-1,308,694,309,-1,344,343,695,-1,695,343,312,-1,695,312,696,-1,312,311,696,-1,696,311,314,-1,696,314,697,-1,314,327,697,-1,697,327,326,-1,697,326,669,-1,669,326,530,-1,669,530,279,-1,698,696,699,-1,699,696,697,-1,699,697,700,-1,700,697,669,-1,700,669,701,-1,702,685,703,-1,703,685,686,-1,703,686,704,-1,704,686,687,-1,704,687,705,-1,705,687,688,-1,705,688,706,-1,706,688,689,-1,706,689,707,-1,708,680,709,-1,709,680,681,-1,709,681,710,-1,710,681,682,-1,710,682,711,-1,711,682,683,-1,711,683,702,-1,702,683,684,-1,702,684,685,-1,712,675,713,-1,713,675,676,-1,713,676,714,-1,714,676,677,-1,714,677,715,-1,715,677,678,-1,715,678,708,-1,708,678,679,-1,708,679,680,-1,669,668,701,-1,701,668,670,-1,701,670,716,-1,716,670,671,-1,716,671,717,-1,717,671,672,-1,717,672,718,-1,718,672,673,-1,718,673,712,-1,712,673,674,-1,712,674,675,-1,689,690,707,-1,707,690,691,-1,707,691,719,-1,719,691,692,-1,719,692,720,-1,720,692,693,-1,720,693,721,-1,721,693,694,-1,721,694,698,-1,698,694,695,-1,698,695,696,-1,181,700,179,-1,179,700,701,-1,179,701,183,-1,183,701,716,-1,183,716,184,-1,184,716,717,-1,184,717,185,-1,185,717,718,-1,185,718,189,-1,189,718,712,-1,189,712,190,-1,190,712,713,-1,190,713,191,-1,191,713,714,-1,191,714,172,-1,172,714,715,-1,172,715,173,-1,173,715,708,-1,173,708,177,-1,177,708,709,-1,177,709,178,-1,178,709,710,-1,178,710,167,-1,167,710,711,-1,167,711,166,-1,166,711,702,-1,166,702,169,-1,169,702,703,-1,169,703,170,-1,170,703,704,-1,170,704,171,-1,171,704,705,-1,171,705,186,-1,186,705,706,-1,186,706,187,-1,187,706,707,-1,187,707,188,-1,188,707,719,-1,188,719,174,-1,174,719,720,-1,174,720,175,-1,175,720,721,-1,175,721,176,-1,176,721,698,-1,176,698,182,-1,182,698,699,-1,182,699,181,-1,181,699,700,-1,161,151,159,-1,159,151,100,-1,159,100,101,-1,150,158,149,-1,149,158,157,-1,149,157,148,-1,159,101,157,-1,157,101,148,-1,150,151,158,-1,158,151,161,-1,722,199,723,-1,723,199,198,-1,724,196,722,-1,722,196,199,-1,725,197,724,-1,724,197,196,-1,723,198,725,-1,725,198,197,-1,115,116,723,-1,723,116,722,-1,117,114,724,-1,724,114,725,-1,117,724,116,-1,116,724,722,-1,115,723,114,-1,114,723,725,-1,726,89,5,-1,5,89,12,-1,727,726,4,-1,4,726,5,-1,96,727,3,-1,3,727,4,-1,726,727,89,-1,89,727,96,-1,728,85,7,-1,7,85,9,-1,729,728,6,-1,6,728,7,-1,90,729,8,-1,8,729,6,-1,728,729,85,-1,85,729,90,-1,
        ]
    }
}
Shape{
    appearance Appearance {
        material  Material 	{
            diffuseColor 1.0 1.0 1.0
            specularColor 0.5019607843137255 0.5019607843137255 0.5019607843137255
            ambientIntensity 1.0
            transparency 0.0
            shininess 0.5
        }
    }
    geometry IndexedFaceSet {
        ccw TRUE
        solid FALSE
        coord DEF co Coordinate {
            point [
                -0.017 1.6535 0.0039, -0.0002 1.6535 0.0039, -0.017 1.6319 0.0039, -0.0002 1.6319 0.0039, -0.017 1.6319 0.0, -0.0002 1.6319 0.0, -0.017 1.6535 0.0, -0.0002 1.6535 0.0, -0.0122 1.5671 0.0039, -0.0002 1.5671 0.0039, -0.0122 1.5455 0.0039, -0.0002 1.5455 0.0039, -0.0122 1.5455 0.0, -0.0002 1.5455 0.0, -0.0122 1.5671 0.0, -0.0002 1.5671 0.0, -0.0218 1.4567 0.0, -0.0218 1.4567 0.0039, -0.0002 1.4567 0.0, -0.0002 1.4567 0.0039, -0.0218 1.4783 0.0039, -0.0218 1.4783 0.0, -0.0002 1.4783 0.0039, -0.0002 1.4783 0.0, -0.3339 1.6535 0.0039, -0.4107 1.4567 0.0039, -0.3339 1.6535 0.0, -0.4107 1.4567 0.0, -0.3819 1.4567 0.0039, -0.3819 1.4567 0.0, -0.362 1.5119 0.0039, -0.362 1.5119 0.0, -0.2807 1.5119 0.0039, -0.2807 1.5119 0.0, -0.2619 1.4567 0.0039, -0.2619 1.4567 0.0, -0.2331 1.4567 0.0039, -0.2331 1.4567 0.0, -0.3075 1.6535 0.0039, -0.3075 1.6535 0.0, -0.2873 1.5335 0.0039, -0.3167 1.6157 0.0039, -0.3186 1.6226 0.0039, -0.3198 1.6295 0.0039, -0.3205 1.6295 0.0039, -0.3217 1.6226 0.0039, -0.3235 1.6157 0.0039, -0.3531 1.5335 0.0039, -0.2873 1.5335 0.0, -0.3531 1.5335 0.0, -0.3167 1.6157 0.0, -0.3186 1.6226 0.0, -0.3198 1.6295 0.0, -0.3205 1.6295 0.0, -0.3217 1.6226 0.0, -0.3235 1.6157 0.0, -0.1137 1.4567 0.0039, -0.0602 1.4567 0.0039, -0.1137 1.4567 0.0, -0.0602 1.4567 0.0, -0.0602 1.6535 0.0039, -0.0602 1.6535 0.0, -0.1158 1.6535 0.0039, -0.1158 1.6535 0.0, -0.2187 1.5576 0.0039, -0.2187 1.5576 0.0, -0.2172 1.5761 0.0, -0.2172 1.5761 0.0039, -0.2119 1.5955 0.0, -0.2119 1.5955 0.0039, -0.2028 1.6124 0.0, -0.2028 1.6124 0.0039, -0.1889 1.6279 0.0, -0.1889 1.6279 0.0039, -0.1887 1.628 0.0, -0.1887 1.628 0.0039, -0.1672 1.6424 0.0, -0.1672 1.6424 0.0039, -0.1442 1.6505 0.0, -0.1442 1.6505 0.0039, -0.1381 1.4588 0.0, -0.1381 1.4588 0.0039, -0.1608 1.4656 0.0, -0.1608 1.4656 0.0039, -0.1813 1.4775 0.0, -0.1813 1.4775 0.0039, -0.1975 1.493 0.0, -0.1975 1.493 0.0039, -0.2088 1.5106 0.0, -0.2088 1.5106 0.0039, -0.2159 1.5312 0.0, -0.2159 1.5312 0.0039, -0.1791 1.6043 0.0039, -0.1696 1.6145 0.0039, -0.1552 1.6238 0.0039, -0.139 1.6295 0.0039, -0.1157 1.6319 0.0039, -0.0866 1.6319 0.0039, -0.0866 1.4783 0.0039, -0.1146 1.4783 0.0039, -0.1353 1.4802 0.0039, -0.1519 1.4854 0.0039, -0.1653 1.4934 0.0039, -0.1764 1.5043 0.0039, -0.1847 1.5178 0.0039, -0.1904 1.5363 0.0039, -0.1922 1.557 0.0039, -0.1906 1.5766 0.0039, -0.186 1.5922 0.0039, -0.1157 1.6319 0.0, -0.0866 1.6319 0.0, -0.139 1.6295 0.0, -0.1552 1.6238 0.0, -0.1696 1.6145 0.0, -0.1791 1.6043 0.0, -0.186 1.5922 0.0, -0.1906 1.5766 0.0, -0.1922 1.557 0.0, -0.1904 1.5363 0.0, -0.1847 1.5178 0.0, -0.1764 1.5043 0.0, -0.1653 1.4934 0.0, -0.1519 1.4854 0.0, -0.1353 1.4802 0.0, -0.1146 1.4783 0.0, -0.0866 1.4783 0.0
            ]
        }
        coordIndex [
            0,1,2,-1,2,1,3,-1,4,2,5,-1,5,2,3,-1,0,6,1,-1,1,6,7,-1,0,2,6,-1,6,2,4,-1,8,9,10,-1,10,9,11,-1,12,10,13,-1,13,10,11,-1,8,14,9,-1,9,14,15,-1,8,10,14,-1,14,10,12,-1,16,17,18,-1,18,17,19,-1,20,21,22,-1,22,21,23,-1,20,22,17,-1,17,22,19,-1,20,17,21,-1,21,17,16,-1,24,25,26,-1,26,25,27,-1,25,28,27,-1,27,28,29,-1,28,30,29,-1,29,30,31,-1,30,32,31,-1,31,32,33,-1,32,34,33,-1,33,34,35,-1,34,36,35,-1,35,36,37,-1,36,38,37,-1,37,38,39,-1,38,24,39,-1,39,24,26,-1,40,41,38,-1,36,34,32,-1,41,42,38,-1,38,42,43,-1,38,43,24,-1,24,43,44,-1,24,44,45,-1,45,46,24,-1,24,46,47,-1,24,47,25,-1,28,25,30,-1,30,25,47,-1,30,47,32,-1,32,47,40,-1,32,40,36,-1,36,40,38,-1,40,47,48,-1,48,47,49,-1,41,40,50,-1,50,40,48,-1,41,50,51,-1,41,51,42,-1,42,51,52,-1,42,52,43,-1,44,43,53,-1,53,43,52,-1,44,53,54,-1,44,54,45,-1,45,54,55,-1,45,55,46,-1,47,46,49,-1,49,46,55,-1,56,57,58,-1,58,57,59,-1,57,60,59,-1,59,60,61,-1,60,62,61,-1,61,62,63,-1,64,65,66,-1,64,66,67,-1,67,66,68,-1,67,68,69,-1,69,68,70,-1,69,70,71,-1,71,70,72,-1,71,72,73,-1,73,72,74,-1,73,74,75,-1,75,74,76,-1,75,76,77,-1,77,76,78,-1,77,78,79,-1,79,78,63,-1,79,63,62,-1,56,58,80,-1,56,80,81,-1,81,80,82,-1,81,82,83,-1,83,82,84,-1,83,84,85,-1,85,84,86,-1,85,86,87,-1,87,86,88,-1,87,88,89,-1,89,88,90,-1,89,90,91,-1,91,90,65,-1,91,65,64,-1,69,71,92,-1,92,71,73,-1,92,73,93,-1,93,73,75,-1,93,75,94,-1,94,75,77,-1,94,77,95,-1,95,77,79,-1,95,79,96,-1,96,79,62,-1,96,62,97,-1,97,62,60,-1,97,60,98,-1,98,60,57,-1,98,57,99,-1,99,57,56,-1,99,56,100,-1,100,56,81,-1,100,81,101,-1,101,81,83,-1,101,83,102,-1,102,83,85,-1,102,85,103,-1,103,85,87,-1,103,87,104,-1,104,87,89,-1,104,89,105,-1,105,89,91,-1,105,91,106,-1,106,91,64,-1,106,64,107,-1,107,64,67,-1,107,67,108,-1,108,67,69,-1,108,69,92,-1,96,97,109,-1,109,97,110,-1,96,109,111,-1,96,111,95,-1,95,111,112,-1,95,112,94,-1,94,112,113,-1,94,113,93,-1,93,113,114,-1,93,114,92,-1,92,114,115,-1,92,115,108,-1,108,115,116,-1,108,116,107,-1,107,116,117,-1,107,117,106,-1,106,117,118,-1,106,118,105,-1,105,118,119,-1,105,119,104,-1,104,119,120,-1,104,120,103,-1,103,120,121,-1,103,121,102,-1,102,121,122,-1,102,122,101,-1,101,122,123,-1,101,123,100,-1,100,123,124,-1,100,124,99,-1,98,99,125,-1,125,99,124,-1,97,98,110,-1,110,98,125,-1,
        ]
    }
}
Shape{
    appearance Appearance {
        material  Material 	{
            diffuseColor 0.6470588235294118 0.6196078431372549 0.5882352941176471
            specularColor 0.45098039215686275 0.43529411764705883 0.4117647058823529
            ambientIntensity 0.6242
            transparency 0.0
            shininess 0.5
        }
    }
    geometry IndexedFaceSet {
        ccw TRUE
        solid FALSE
        coord DEF co Coordinate {
            point [
                -0.2873 1.5335 0.0, -0.3531 1.5335 0.0, -0.3167 1.6157 0.0, -0.3235 1.6157 0.0, -0.3186 1.6226 0.0, -0.3217 1.6226 0.0, -0.3198 1.6295 0.0, -0.3205 1.6295 0.0
            ]
        }
        coordIndex [
            0,1,2,-1,2,1,3,-1,2,3,4,-1,4,3,5,-1,4,5,6,-1,6,5,7,-1,
        ]
    }
}
Shape{
    appearance Appearance {
        material  Material 	{
            diffuseColor 0.0 0.9058823529411765 0.6705882352941176
            specularColor 0.0 0.45098039215686275 0.3333333333333333
            ambientIntensity 0.6082
            transparency 0.0
            shininess 0.5
        }
    }
    geometry IndexedFaceSet {
        ccw TRUE
        solid FALSE
        coord DEF co Coordinate {
            point [
                -0.0866 1.6319 0.0, -0.0866 1.4783 0.0, -0.1157 1.6319 0.0, -0.1146 1.4783 0.0, -0.1353 1.4802 0.0, -0.1922 1.557 0.0, -0.1906 1.5766 0.0, -0.186 1.5922 0.0, -0.139 1.6295 0.0, -0.1519 1.4854 0.0, -0.1653 1.4934 0.0, -0.1764 1.5043 0.0, -0.1847 1.5178 0.0, -0.1904 1.5363 0.0, -0.1791 1.6043 0.0, -0.1696 1.6145 0.0, -0.1552 1.6238 0.0, 1.9998 0.0284 4.4874, 1.9998 0.0284 4.424, 1.9998 0.1825 4.424, 1.9998 0.0284 4.7415, 1.9998 0.0284 4.6945, 1.9998 0.1825 4.6945, 1.9998 0.2436 4.9028, 1.9998 0.2559 4.9043, 1.9998 0.1921 4.9043, 1.9998 0.2849 4.7425, 1.9998 0.2746 4.7415, 1.9998 0.3276 4.7415, 1.9998 0.3576 4.8846, 1.9998 0.3576 4.8333, 1.9998 0.4008 4.8333, 1.9998 0.3676 4.4883, 1.9998 0.3606 4.4874, 1.9998 0.4008 4.4874, 1.9998 0.3324 4.4879, 1.9998 0.3276 4.4895, 1.9998 0.3276 4.4874, 1.9998 0.5581 4.6305, 1.9998 0.5581 4.5793, 1.9998 0.5881 4.5793, 1.9998 -0.7631 4.6832, 1.9998 -0.7608 4.6945, 1.9998 -1.3392 4.6945, 1.9998 -0.109 4.7771, 1.9998 -0.0784 4.7507, 1.9998 0.0284 4.9043, 1.9998 -0.2376 4.9043, 1.9998 -0.2114 4.8867, 1.9998 -0.1742 4.8438, 1.9998 -0.1499 4.7968, 1.9998 -0.1427 4.7943, 1.9998 -0.3193 4.941, 1.9998 -0.2622 4.9209, 1.9998 0.0284 5.5118, 1.9998 -0.4753 4.9187, 1.9998 -0.4228 4.939, 1.9998 -1.1505 5.5118, 1.9998 -0.3663 4.9459, 1.9998 -0.7101 4.7991, 1.9998 -0.6995 4.8089, 1.9998 -1.2908 4.9043, 1.9998 -0.4984 4.9043, 1.9998 -0.5029 4.9015, 1.9998 -0.6613 4.8344, 1.9998 -0.6187 4.8494, 1.9998 -0.5792 4.8537, 1.9998 -0.5297 4.8786, 1.9998 -0.5661 4.853, 1.9998 -0.553 4.8514, 1.9998 -1.3283 4.7415, 1.9998 -0.7541 4.728, 1.9998 -0.7476 4.7415, 1.9998 -0.7348 4.7683, 1.9998 -0.6449 4.4969, 1.9998 -0.6853 4.5183, 1.9998 -1.387 4.4874, 1.9998 -0.7158 4.5452, 1.9998 -0.7204 4.5505, 1.9998 -0.7444 4.5872, 1.9998 -0.7594 4.6299, 1.9998 -0.7636 4.6693, 1.9998 -0.5636 4.424, 1.9998 -0.5742 4.4284, 1.9998 -1.3887 4.424, 1.9998 -0.5964 4.4452, 1.9998 -0.6133 4.4661, 1.9998 -1.3887 4.48, 1.9998 -0.6233 4.4874, 1.9998 -0.6247 4.4905, 1.9998 -1.2972 2.6378, 1.9998 -0.4694 4.424, 1.9998 -0.4891 4.4165, 1.9998 -0.5166 4.4131, 1.9998 -0.521 4.4132, 1.9998 -1.3887 2.6378, 1.9998 -0.5479 4.4174, 1.9998 -0.4099 4.4874, 1.9998 -0.4099 4.4872, 1.9998 -0.4233 4.4618, 1.9998 -0.441 4.442, 1.9998 -0.4637 4.4262, 1.9998 -0.0794 4.5395, 1.9998 -0.1121 4.5121, 1.9998 -0.0578 4.5691, 1.9998 -0.4312 4.6032, 1.9998 -0.2786 4.6829, 1.9998 -0.451 4.6213, 1.9998 -0.4752 4.6343, 1.9998 -0.1084 4.6563, 1.9998 -0.1137 4.6782, 1.9998 -0.1224 4.6945, 1.9998 -0.6891 4.6945, 1.9998 -0.2561 4.5578, 1.9998 -0.2433 4.6226, 1.9998 -0.264 4.5549, 1.9998 -0.2711 4.55, 1.9998 -0.2554 4.489, 1.9998 -0.263 4.4917, 1.9998 -0.2706 4.4967, 1.9998 -0.2744 4.5005, 1.9998 -0.6825 4.6263, 1.9998 -0.6688 4.603, 1.9998 -0.611 4.5913, 1.9998 -0.6484 4.582, 1.9998 -0.6236 4.5668, 1.9998 -0.5688 4.629, 1.9998 -0.5921 4.6128, 1.9998 -0.6919 4.6715, 1.9998 -0.6906 4.6542, 1.9998 -0.042 4.6832, 1.9998 -0.0372 4.6476, 1.9998 -0.0373 4.6422, 1.9998 -0.043 4.6049, 1.9998 -0.147 4.4956, 1.9998 -0.183 4.4882, 1.9998 -0.2501 4.4882, 1.9998 -0.5437 4.6386, 1.9998 -0.5166 4.6419, 1.9998 -0.5027 4.6411, 1.9998 -0.2479 4.5588, 1.9998 -0.2468 4.5587, 1.9998 -0.2433 4.558, 1.9998 -0.2832 4.5235, 1.9998 -0.283 4.5267, 1.9998 -0.4027 4.5383, 1.9998 -0.2811 4.5355, 1.9998 -0.2769 4.5434, 1.9998 -0.2793 4.5077, 1.9998 -0.2822 4.5154, 1.9998 -0.4033 4.5153, 1.9998 -0.4027 4.5269, 1.9998 -0.1309 4.5863, 1.9998 -0.1184 4.6041, 1.9998 -0.1105 4.6244, 1.9998 -0.1078 4.6465, 1.9998 -0.241 4.5577, 1.9998 -0.1898 4.5577, 1.9998 -0.1695 4.5616, 1.9998 -0.1494 4.5708, 1.9998 -0.1325 4.5846, 1.9998 -0.2057 4.7353, 1.9998 -0.6788 4.7244, 1.9998 -0.6885 4.6991, 1.9998 -0.1966 4.7353, 1.9998 -0.1242 4.6979, 1.9998 -0.1375 4.7127, 1.9998 -0.1551 4.725, 1.9998 -0.175 4.7326, 1.9998 -0.6669 4.7415, 1.9998 -0.5177 4.7683, 1.9998 -0.5261 4.7729, 1.9998 -0.2264 4.7974, 1.9998 -0.2507 4.8293, 1.9998 -0.2607 4.8386, 1.9998 -0.2929 4.8603, 1.9998 -0.3288 4.8734, 1.9998 -0.5516 4.7822, 1.9998 -0.578 4.7854, 1.9998 -0.5897 4.7848, 1.9998 -0.2069 4.7415, 1.9998 -0.2105 4.7599, 1.9998 -0.3651 4.8776, 1.9998 -0.3702 4.8776, 1.9998 -0.5018 4.802, 1.9998 -0.4082 4.8719, 1.9998 -0.4768 4.8329, 1.9998 -0.4453 4.8566, 1.9998 -0.6178 4.7782, 1.9998 -0.6432 4.7648, 1.9998 -0.663 4.7471, 1.9998 -0.072 4.7415, 1.9998 -0.0555 4.7181, 1.9998 -0.0464 4.6945, 1.9998 0.6235 4.507, 1.9998 0.6235 4.4888, 1.9998 0.6387 4.4874, 1.9998 0.5881 4.4874, 1.9998 0.6387 4.6945, 1.9998 0.6199 4.6305, 1.9998 0.6199 4.6489, 1.9998 0.5581 4.507, 1.9998 0.5881 4.507, 1.9998 0.5581 4.5609, 1.9998 0.5881 4.5609, 1.9998 0.6154 4.5609, 1.9998 0.6154 4.5793, 1.9998 0.5881 4.6305, 1.9998 0.5881 4.4888, 1.9998 0.5374 4.4888, 1.9998 0.5266 4.4874, 1.9998 0.5374 4.6489, 1.9998 0.2073 4.5433, 1.9998 0.2104 4.5757, 1.9998 0.2033 4.5375, 1.9998 0.2006 4.5304, 1.9998 0.261 4.4948, 1.9998 0.2537 4.49, 1.9998 0.2711 4.4888, 1.9998 0.2463 4.4874, 1.9998 0.2912 4.4888, 1.9998 0.2233 4.4875, 1.9998 0.2157 4.4905, 1.9998 0.1921 4.4874, 1.9998 0.2028 4.5033, 1.9998 0.2003 4.51, 1.9998 0.2548 4.5888, 1.9998 0.2479 4.5895, 1.9998 0.2372 4.5567, 1.9998 0.2294 4.6033, 1.9998 0.1921 4.6945, 1.9998 0.2145 4.5975, 1.9998 0.2104 4.5951, 1.9998 0.2135 4.5486, 1.9998 0.222 4.553, 1.9998 0.2243 4.5844, 1.9998 0.2369 4.5884, 1.9998 0.2091 4.4951, 1.9998 0.207 4.4972, 1.9998 0.3274 4.5508, 1.9998 0.3183 4.5135, 1.9998 0.3276 4.5507, 1.9998 0.3255 4.509, 1.9998 0.3276 4.5082, 1.9998 0.2711 4.5065, 1.9998 0.2706 4.5065, 1.9998 0.2673 4.5016, 1.9998 0.3241 4.5542, 1.9998 0.2912 4.5624, 1.9998 0.3183 4.4928, 1.9998 0.2769 4.5984, 1.9998 0.2823 4.5933, 1.9998 0.3213 4.5854, 1.9998 0.1993 4.5194, 1.9998 0.1993 4.5218, 1.9998 0.2711 4.5615, 1.9998 0.2704 4.5702, 1.9998 0.2684 4.5774, 1.9998 0.266 4.5816, 1.9998 0.2864 4.5869, 1.9998 0.2895 4.5779, 1.9998 0.3191 4.5789, 1.9998 0.2498 4.6058, 1.9998 0.2617 4.6047, 1.9998 0.2702 4.6022, 1.9998 0.263 4.5848, 1.9998 0.2594 4.5871, 1.9998 0.3218 4.5578, 1.9998 0.3195 4.5638, 1.9998 0.3185 4.5723, 1.9998 0.3364 4.4874, 1.9998 0.3276 4.424, 1.9998 0.3494 4.4861, 1.9998 0.3901 4.6007, 1.9998 0.3901 4.5812, 1.9998 0.3889 4.5388, 1.9998 0.3922 4.534, 1.9998 0.3925 4.5061, 1.9998 0.3889 4.5008, 1.9998 0.3249 4.5908, 1.9998 0.3276 4.5933, 1.9998 0.3276 4.6945, 1.9998 0.3313 4.5967, 1.9998 0.3362 4.5997, 1.9998 0.3469 4.6038, 1.9998 0.363 4.6058, 1.9998 0.4008 4.6945, 1.9998 0.3771 4.6045, 1.9998 0.3827 4.4952, 1.9998 0.3781 4.4924, 1.9998 0.3945 4.5282, 1.9998 0.3956 4.5199, 1.9998 0.3948 4.5125, 1.9998 0.361 4.5895, 1.9998 0.3551 4.589, 1.9998 0.3391 4.5741, 1.9998 0.3497 4.5876, 1.9998 0.3452 4.5852, 1.9998 0.3393 4.5714, 1.9998 0.3401 4.5683, 1.9998 0.3416 4.5656, 1.9998 0.3435 4.5635, 1.9998 0.3506 4.559, 1.9998 0.3751 4.5878, 1.9998 0.363 4.5536, 1.9998 0.3864 4.5834, 1.9998 0.3708 4.5505, 1.9998 0.3841 4.5431, 1.9998 0.3422 4.5826, 1.9998 0.3405 4.58, 1.9998 0.3395 4.5773, 1.9998 0.3381 4.5041, 1.9998 0.3488 4.5391, 1.9998 0.3369 4.5445, 1.9998 0.3513 4.5025, 1.9998 0.3522 4.5025, 1.9998 0.362 4.5335, 1.9998 0.3625 4.5036, 1.9998 0.375 4.5179, 1.9998 0.3748 4.5204, 1.9998 0.3677 4.5055, 1.9998 0.3695 4.5066, 1.9998 0.3718 4.5087, 1.9998 0.3736 4.5113, 1.9998 0.3746 4.5141, 1.9998 0.3739 4.5236, 1.9998 0.3723 4.5262, 1.9998 0.3698 4.5288, 1.9998 0.6974 4.7866, 1.9998 0.6387 4.7866, 1.9998 0.7138 4.7428, 1.9998 0.6387 4.7415, 1.9998 0.7366 4.7428, 1.9998 0.6308 4.7866, 1.9998 0.6154 4.7428, 1.9998 0.5881 4.7415, 1.9998 0.5925 4.7428, 1.9998 0.5881 4.9043, 1.9998 0.6387 4.864, 1.9998 0.6387 4.9043, 1.9998 0.6535 4.903, 1.9998 0.6756 4.903, 1.9998 0.5266 4.7415, 1.9998 0.5247 4.7462, 1.9998 0.4973 4.7428, 1.9998 0.4381 4.7415, 1.9998 0.4533 4.7428, 1.9998 0.4533 4.903, 1.9998 0.4381 4.9043, 1.9998 0.4989 4.903, 1.9998 0.5266 4.9043, 1.9998 0.5793 4.796, 1.9998 0.5714 4.7795, 1.9998 0.565 4.8764, 1.9998 0.575 4.8624, 1.9998 0.5595 4.7653, 1.9998 0.5429 4.7534, 1.9998 0.5266 4.7469, 1.9998 0.5595 4.8818, 1.9998 0.5234 4.9003, 1.9998 0.5266 4.8991, 1.9998 0.5427 4.8932, 1.9998 0.5809 4.8472, 1.9998 0.5836 4.825, 1.9998 0.5832 4.8148, 1.9998 0.423 4.7611, 1.9998 0.423 4.7428, 1.9998 0.4008 4.7415, 1.9998 0.4008 4.9043, 1.9998 0.4194 4.903, 1.9998 0.4008 4.903, 1.9998 0.4194 4.8846, 1.9998 0.4148 4.815, 1.9998 0.4008 4.815, 1.9998 0.4008 4.7611, 1.9998 0.3576 4.815, 1.9998 0.3576 4.7611, 1.9998 0.4148 4.8333, 1.9998 0.4008 4.8846, 1.9998 0.3369 4.903, 1.9998 0.3276 4.9043, 1.9998 0.3369 4.7428, 1.9998 1.3641 0.0, 1.9998 1.3641 2.6378, 1.9998 0.6387 4.424, 1.9998 1.5375 2.6378, 1.9998 1.5375 0.0, 1.9998 1.9232 0.0, 1.9998 1.9232 2.6378, 1.9998 1.9166 2.691, 1.9998 1.8251 2.8191, 1.9998 1.7769 2.8426, 1.9998 1.8971 2.7409, 1.9998 1.866 2.7845, 1.9998 -2.0138 0.0, 1.9998 -1.4706 0.0, 1.9998 -2.0138 3.8189, 1.9998 -1.4706 2.6378, 1.9998 -1.5413 3.8189, 1.9998 -1.4016 4.424, 1.9998 1.2257 5.5118, 1.9998 1.3274 4.9043, 1.9998 1.3547 4.7415, 1.9998 0.6978 4.4888, 1.9998 0.6538 4.4888, 1.9998 0.7931 4.4888, 1.9998 0.7837 4.5608, 1.9998 0.7798 4.542, 1.9998 0.6538 4.6489, 1.9998 0.8541 4.6489, 1.9998 0.8762 4.6489, 1.9998 0.772 4.5254, 1.9998 0.76 4.5112, 1.9998 0.7435 4.4993, 1.9998 0.7842 4.5709, 1.9998 0.7815 4.5932, 1.9998 0.76 4.6277, 1.9998 0.7656 4.6223, 1.9998 0.7755 4.6084, 1.9998 0.6995 4.6489, 1.9998 0.7239 4.6462, 1.9998 0.7433 4.6392, 1.9998 1.3625 4.6945, 1.9998 1.3972 4.4874, 1.9998 0.9372 4.4888, 1.9998 0.9143 4.4888, 1.9998 0.898 4.5326, 1.9998 0.8313 4.5326, 1.9998 0.8159 4.4888, 1.9998 1.7245 2.8536, 1.9998 1.6709 2.8514, 1.9998 1.4078 4.424, 1.9998 0.2881 4.904, 1.9998 0.3048 4.8991, 1.9998 0.4008 4.7428, 1.9998 0.3048 4.8775, 1.9998 0.3021 4.7481, 1.9998 0.271 4.7588, 1.9998 0.2891 4.7622, 1.9998 0.3048 4.7693, 1.9998 0.3048 4.7495, 1.9998 0.2068 4.8152, 1.9998 0.303 4.8785, 1.9998 0.2868 4.8847, 1.9998 0.2145 4.7863, 1.9998 0.2223 4.7754, 1.9998 0.2255 4.7723, 1.9998 0.2359 4.7649, 1.9998 0.2473 4.7605, 1.9998 0.2635 4.7586, 1.9998 0.2234 4.8692, 1.9998 0.2147 4.8571, 1.9998 0.2344 4.8783, 1.9998 0.247 4.8841, 1.9998 0.2671 4.887, 1.9998 0.2609 4.8868, 1.9998 0.2066 4.8211, 1.9998 0.2093 4.8434, 1.9998 0.2094 4.7992, 1.9998 0.2669 4.9057, 1.9998 0.1921 5.5118, 1.9998 0.3276 5.5118, 1.9998 0.2672 4.9057, 1.9998 0.2839 4.9043, 1.9998 0.1964 4.8669, 1.9998 0.2081 4.8821, 1.9998 0.2119 4.8858, 1.9998 0.2269 4.8963, 1.9998 0.1921 4.7836, 1.9998 0.1882 4.7935, 1.9998 0.1825 4.7415, 1.9998 0.1849 4.8199, 1.9998 0.1852 4.8282, 1.9998 0.1825 4.9043, 1.9998 0.1888 4.8491, 1.9998 0.1921 4.8567, 1.9998 0.2184 4.7513, 1.9998 0.2055 4.762, 1.9998 0.1921 4.7415, 1.9998 0.1947 4.7769, 1.9998 0.2605 4.7401, 1.9998 0.2508 4.7406, 1.9998 0.2465 4.7415, 1.9998 0.2335 4.7442, 1.9998 0.2241 4.4874, 1.9998 0.1921 4.424, 1.9998 0.2349 4.4861, 1.9998 0.2455 4.4871, 1.9998 0.2355 4.4861, 1.9998 0.495 4.6032, 1.9998 0.5158 4.6032, 1.9998 0.5266 4.6945, 1.9998 0.5881 4.6489, 1.9998 0.5881 4.6945, 1.9998 0.4702 4.4874, 1.9998 0.4583 4.5172, 1.9998 0.4608 4.5078, 1.9998 0.4613 4.5078, 1.9998 0.4381 4.6945, 1.9998 0.4381 4.5753, 1.9998 0.4638 4.517, 1.9998 0.4622 4.5117, 1.9998 0.4381 4.4874, 1.9998 0.4381 4.5215, 1.9998 0.406 4.6032, 1.9998 0.4285 4.6032, 1.9998 0.4509 4.489, 1.9998 0.4502 4.4874, 1.9998 0.4421 4.4682, 1.9998 0.4008 4.424, 1.9998 0.4102 4.4366, 1.9998 0.4102 4.4544, 1.9998 0.4143 4.4531, 1.9998 0.4215 4.4521, 1.9998 0.4254 4.4524, 1.9998 0.4298 4.4538, 1.9998 0.4335 4.4561, 1.9998 0.4381 4.4385, 1.9998 0.4316 4.436, 1.9998 0.4381 4.424, 1.9998 0.4231 4.4349, 1.9998 0.4187 4.4351, 1.9998 0.4376 4.4603, 1.9998 0.4381 4.4612, 1.9998 0.4639 4.4715, 1.9998 0.4547 4.4537, 1.9998 0.5266 4.424, 1.9998 0.4465 4.4441, 1.9998 0.4395 4.4391, 1.9998 0.1784 4.7611, 1.9998 0.1784 4.7428, 1.9998 0.0939 4.7428, 1.9998 0.1146 4.903, 1.9998 0.1146 4.7611, 1.9998 0.0939 4.903, 1.9998 0.1825 4.4874, 1.9998 0.1801 4.4888, 1.9998 0.0939 4.4888, 1.9998 0.1801 4.507, 1.9998 0.1764 4.6305, 1.9998 0.1146 4.5609, 1.9998 0.1146 4.507, 1.9998 0.1719 4.5609, 1.9998 0.1719 4.5793, 1.9998 0.1146 4.5793, 1.9998 0.1146 4.6305, 1.9998 0.0939 4.6489, 1.9998 0.1764 4.6489, 1.9998 0.1825 5.5118, 1.9998 0.6387 5.5118, 1.9998 0.5881 5.5118, 1.9998 0.5266 5.5118, 1.9998 0.4381 5.5118, 1.9998 0.4008 5.5118, 1.9998 0.7253 4.4922, 1.9998 0.5881 4.424, 1.9998 0.6387 0.0, 1.9998 0.5881 0.0, 1.9998 0.5266 0.0, 1.9998 0.4381 0.0, 1.9998 0.4008 0.0, 1.9998 0.3276 0.0, 1.9998 0.1921 0.0, 1.9998 0.1825 0.0, 1.9998 0.0284 0.0, 1.9998 -1.2972 0.0, 0.1683 1.6343 0.0, 0.1877 1.6322 0.0, 0.1258 1.4865 0.0, 0.0838 1.6535 0.0, -0.0002 1.6535 0.0, -0.0002 1.9232 0.0, 0.1444 1.6312 0.0, 0.1222 1.4885 0.0, 0.1222 1.6217 0.0, 1.5116 -1.2321 0.0, 1.5116 -0.9762 0.0, 1.7478 -1.2321 0.0, 1.7478 -0.9762 0.0, 1.7478 1.0514 0.0, 1.7636 1.6476 0.0, 1.7636 1.2539 0.0, 1.7636 -1.187 0.0, 1.7478 -1.7677 0.0, 1.7636 -1.5807 0.0, 0.2025 1.6268 0.0, 0.2161 1.6177 0.0, 0.228 1.6046 0.0, 0.2423 1.553 0.0, 0.2403 1.5317 0.0, 0.2349 1.5148 0.0, 0.1911 1.4779 0.0, 0.1728 1.4759 0.0, 0.2055 1.4832 0.0, 0.2175 1.4914 0.0, 0.2268 1.5011 0.0, 0.1466 1.4788 0.0, 1.5116 1.0514 0.0, 1.5116 1.3073 0.0, 0.3863 1.6535 0.0, 0.3599 1.6535 0.0, 0.2361 1.5894 0.0, 0.2413 1.5683 0.0, 0.488 1.0514 0.0, 0.2518 1.0514 0.0, -0.0002 1.4567 0.0, 0.2518 -0.9762 0.0, -0.0002 -2.0138 0.0, 0.488 1.3073 0.0, 0.2855 1.4567 0.0, 0.3863 1.4567 0.0, 0.1222 1.4669 0.0, 0.0838 1.4567 0.0, 0.1222 1.6481 0.0, 0.2518 -1.7677 0.0, 0.2518 -1.2321 0.0, 0.488 -1.2321 0.0, 0.488 -0.9762 0.0, 0.2356 1.4735 0.0, 0.2504 1.489 0.0, 0.2855 1.4783 0.0, 0.2608 1.5078 0.0, 0.3599 1.4783 0.0, 0.1432 1.4583 0.0, 0.2583 1.6017 0.0, 0.2467 1.6201 0.0, 0.229 1.6372 0.0, 0.2103 1.6479 0.0, 0.1883 1.6543 0.0, 0.1686 1.6559 0.0, 0.145 1.6543 0.0, 0.171 1.4544 0.0, 0.1764 1.4543 0.0, 0.2007 1.4568 0.0, 0.2197 1.4634 0.0, 0.2668 1.5286 0.0, 0.2687 1.5514 0.0, 0.2658 1.5794 0.0, 0.0574 1.5671 0.0, -0.0002 1.5671 0.0, 0.0574 1.6319 0.0, -0.0002 1.6319 0.0, 0.0574 1.4783 0.0, -0.0002 1.4783 0.0, 0.0574 1.5455 0.0, -0.0002 1.5455 0.0, -0.0002 1.6319 0.0039, -0.0002 1.9232 2.6378, -0.0002 1.6535 0.0039, -0.0002 1.5671 0.0039, -0.0002 1.5455 0.0039, -0.0002 1.4567 0.0039, -0.0002 -2.0138 3.8189, -0.0002 -1.5413 3.8189, -0.0002 1.2257 5.5118, -0.0002 1.6709 2.8514, -0.0002 -1.1505 5.5118, -0.0002 1.7245 2.8536, -0.0002 1.7769 2.8426, -0.0002 1.8971 2.7409, -0.0002 1.9166 2.691, -0.0002 1.4783 0.0039, -0.0002 1.8251 2.8191, -0.0002 1.866 2.7845, 1.4919 -2.0138 3.8189, 1.7122 -1.5413 3.8189, 1.5116 -1.2321 2.4409, 1.7478 -1.2321 2.8346, 0.488 -1.2321 2.4409, 0.2518 -1.2321 2.8346, 0.488 1.0514 2.4409, 1.5116 1.0514 2.4409, 1.7478 1.0514 5.0984, 0.2518 1.0514 5.0984, 1.5116 -0.9762 2.4409, 0.488 -0.9762 2.4409, 0.2518 -0.9762 5.0984, 1.7478 -0.9762 5.0984, 0.3254 1.9232 0.7085, 0.3254 1.9232 2.5282, 1.6742 1.9232 2.5282, 1.6742 1.9232 0.7085, 1.7011 -0.2746 5.5118, 1.6209 -0.4136 5.5118, 1.5135 -0.5329 5.5118, 1.3837 -0.6272 5.5118, 0.7626 -0.6925 5.5118, 0.6159 -0.6272 5.5118, 0.2985 0.3499 5.5118, 0.3787 0.4889 5.5118, 0.4861 0.6081 5.5118, 0.6159 0.7025 5.5118, 1.6209 0.4889 5.5118, 1.7011 0.3499 5.5118, 1.7507 0.1972 5.5118, 1.7675 0.0376 5.5118, 1.7507 -0.122 5.5118, 0.4861 -0.5329 5.5118, 0.3787 -0.4136 5.5118, 0.2985 -0.2746 5.5118, 0.2489 -0.122 5.5118, 0.2321 0.0376 5.5118, 0.2489 0.1972 5.5118, 0.7626 0.7678 5.5118, 0.9196 0.8011 5.5118, 1.0801 0.8011 5.5118, 1.237 0.7678 5.5118, 1.3837 0.7025 5.5118, 1.5135 0.6081 5.5118, 1.237 -0.6925 5.5118, 1.0801 -0.7259 5.5118, 0.9196 -0.7259 5.5118, 0.2874 -1.5413 3.8189, 0.5077 -2.0138 3.8189, 0.5077 -2.0138 0.9843, 1.4919 -2.0138 0.9843, 0.2518 -1.7677 0.4724, 1.7478 -1.7677 0.4724, 0.2518 -1.5413 0.6988, 1.7478 -1.5413 0.6988, 0.2518 -1.5413 2.8346, 0.2874 -1.5413 2.8346, 0.2874 -1.5413 0.9843, 1.7122 -1.5413 2.8346, 1.7478 -1.5413 2.8346, 1.7122 -1.5413 0.9843, 0.2518 -0.8384 5.0984, 1.7478 -0.8384 5.0984, 0.2518 -0.8384 4.1732, 1.7478 -0.8384 4.1732, 0.5435 -0.0847 4.1732, 0.5274 0.0376 4.1732, 0.2518 0.9136 4.1732, 1.4089 0.2738 4.1732, 1.3339 0.3717 4.1732, 1.7478 0.9136 4.1732, 1.236 0.4468 4.1732, 0.5907 -0.1986 4.1732, 0.6657 -0.2964 4.1732, 0.7636 -0.3715 4.1732, 0.7636 0.4468 4.1732, 0.6657 0.3717 4.1732, 1.236 -0.3715 4.1732, 1.3339 -0.2964 4.1732, 1.4089 -0.1986 4.1732, 1.4561 -0.0847 4.1732, 1.4722 0.0376 4.1732, 1.4561 0.1599 4.1732, 1.1221 0.494 4.1732, 0.9998 0.5101 4.1732, 0.8775 0.494 4.1732, 0.5907 0.2738 4.1732, 0.5435 0.1599 4.1732, 0.8775 -0.4187 4.1732, 0.9998 -0.4348 4.1732, 1.1221 -0.4187 4.1732, 0.2518 0.9136 5.0984, 1.7478 0.9136 5.0984, 0.488 1.3073 2.4409, 1.5116 1.3073 2.4409, 1.4722 1.3073 0.8661, 0.5274 1.3073 0.8661, 0.5274 1.3073 2.0472, 1.4722 1.3073 2.0472, 1.7589 0.152 5.315, 1.7334 0.2639 5.315, 1.7487 0.1968 5.315, 1.6198 0.488 5.315, 1.6341 0.4701 5.315, 1.6915 0.3707 5.315, 1.6999 0.3494 5.315, 1.5626 0.5598 5.315, 1.5121 0.6066 5.315, 1.4785 0.6378 5.315, 1.3837 0.7025 5.315, 1.2803 0.7523 5.315, 1.2364 0.7658 5.315, 1.1706 0.7861 5.315, 1.0798 0.7998 5.315, 1.0572 0.8032 5.315, 0.9424 0.8032 5.315, 0.829 0.7861 5.315, 0.9198 0.7998 5.315, 0.7193 0.7523 5.315, 0.7632 0.7658 5.315, 0.5211 0.6378 5.315, 0.6159 0.7025 5.315, 0.437 0.5598 5.315, 0.4875 0.6066 5.315, 0.2997 0.3494 5.315, 0.3081 0.3707 5.315, 0.3655 0.4701 5.315, 0.3798 0.488 5.315, 0.2662 0.2639 5.315, 0.2509 0.1968 5.315, 0.2407 0.152 5.315, 0.2321 0.0376 5.315, 0.2407 -0.0768 5.315, 0.2509 -0.1215 5.315, 0.2662 -0.1887 5.315, 0.2997 -0.2741 5.315, 0.3081 -0.2955 5.315, 0.3655 -0.3949 5.315, 0.437 -0.4846 5.315, 0.3798 -0.4128 5.315, 0.5211 -0.5626 5.315, 0.4875 -0.5314 5.315, 0.7193 -0.677 5.315, 0.6159 -0.6272 5.315, 0.829 -0.7108 5.315, 0.7632 -0.6906 5.315, 1.0798 -0.7245 5.315, 1.0572 -0.7279 5.315, 0.9424 -0.7279 5.315, 0.9198 -0.7245 5.315, 1.1706 -0.7108 5.315, 1.2364 -0.6906 5.315, 1.2803 -0.677 5.315, 1.3837 -0.6272 5.315, 1.4785 -0.5626 5.315, 1.5121 -0.5314 5.315, 1.5626 -0.4846 5.315, 1.6198 -0.4128 5.315, 1.6341 -0.3949 5.315, 1.6915 -0.2955 5.315, 1.7334 -0.1887 5.315, 1.6999 -0.2741 5.315, 1.7675 0.0376 5.315, 1.7589 -0.0768 5.315, 1.7487 -0.1215 5.315, 1.719 0.2595 5.3041, 1.5515 0.5495 5.3041, 1.1673 0.7714 5.3041, 0.8323 0.7714 5.3041, 0.4481 0.5495 5.3041, 0.2806 0.2595 5.3041, 0.2806 -0.1842 5.3041, 0.4481 -0.4743 5.3041, 0.8323 -0.6961 5.3041, 1.1673 -0.6961 5.3041, 1.5515 -0.4743 5.3041, 1.719 -0.1842 5.3041, 1.7487 0.1968 5.1772, 1.7589 0.152 5.1772, 1.744 0.1498 5.188, 1.6198 0.488 5.1772, 1.6341 0.4701 5.1772, 1.6216 0.4616 5.188, 1.2364 0.7658 5.1772, 1.2803 0.7523 5.1772, 1.2748 0.7382 5.188, 0.9198 0.7998 5.1772, 0.9424 0.8032 5.1772, 0.9436 0.7881 5.188, 0.4875 0.6066 5.1772, 0.5211 0.6378 5.1772, 0.5306 0.626 5.188, 0.2997 0.3494 5.1772, 0.3081 0.3707 5.1772, 0.3217 0.3642 5.188, 0.2509 -0.1215 5.1772, 0.2407 -0.0768 5.1772, 0.2556 -0.0746 5.188, 0.3798 -0.4128 5.1772, 0.3655 -0.3949 5.1772, 0.378 -0.3863 5.188, 0.7632 -0.6906 5.1772, 0.7193 -0.677 5.1772, 0.7248 -0.663 5.188, 1.0798 -0.7245 5.1772, 1.0572 -0.7279 5.1772, 1.056 -0.7129 5.188, 1.5121 -0.5314 5.1772, 1.4785 -0.5626 5.1772, 1.4691 -0.5508 5.188, 1.6999 -0.2741 5.1772, 1.6915 -0.2955 5.1772, 1.6779 -0.2889 5.188, 1.7334 -0.1887 5.1772, 1.5626 -0.4846 5.1772, 1.1706 -0.7108 5.1772, 0.829 -0.7108 5.1772, 0.437 -0.4846 5.1772, 0.2662 -0.1887 5.1772, 0.2662 0.2639 5.1772, 0.437 0.5598 5.1772, 0.829 0.7861 5.1772, 1.1706 0.7861 5.1772, 1.5626 0.5598 5.1772, 1.7334 0.2639 5.1772, 1.7589 -0.0768 5.1772, 1.7487 -0.1215 5.1772, 1.744 -0.0746 5.188, 1.719 -0.1842 5.188, 1.732 -0.0727 5.2021, 1.7074 -0.1806 5.2021, 1.7236 -0.0715 5.2187, 1.6993 -0.1781 5.2187, 1.7193 -0.0708 5.2368, 1.6951 -0.1769 5.2368, 1.7193 -0.0708 5.2554, 1.6951 -0.1769 5.2554, 1.7236 -0.0715 5.2734, 1.6993 -0.1781 5.2734, 1.732 -0.0727 5.29, 1.7074 -0.1806 5.29, 1.744 -0.0746 5.3041, 1.6341 -0.3949 5.1772, 1.6198 -0.4128 5.1772, 1.6216 -0.3863 5.188, 1.5515 -0.4743 5.188, 1.6116 -0.3795 5.2021, 1.5426 -0.466 5.2021, 1.6046 -0.3747 5.2187, 1.5364 -0.4603 5.2187, 1.601 -0.3723 5.2368, 1.5332 -0.4573 5.2368, 1.601 -0.3723 5.2554, 1.5332 -0.4573 5.2554, 1.6046 -0.3747 5.2734, 1.5364 -0.4603 5.2734, 1.6116 -0.3795 5.29, 1.5426 -0.466 5.29, 1.6216 -0.3863 5.3041, 1.2803 -0.677 5.1772, 1.2364 -0.6906 5.1772, 1.2748 -0.663 5.188, 1.1673 -0.6961 5.188, 1.2703 -0.6517 5.2021, 1.1646 -0.6843 5.2021, 1.2672 -0.6438 5.2187, 1.1627 -0.676 5.2187, 1.2656 -0.6397 5.2368, 1.1617 -0.6718 5.2368, 1.2656 -0.6397 5.2554, 1.1617 -0.6718 5.2554, 1.2672 -0.6438 5.2734, 1.1627 -0.676 5.2734, 1.2703 -0.6517 5.29, 1.1646 -0.6843 5.29, 1.2748 -0.663 5.3041, 0.9424 -0.7279 5.1772, 0.9198 -0.7245 5.1772, 0.9436 -0.7129 5.188, 0.8323 -0.6961 5.188, 0.9445 -0.7008 5.2021, 0.835 -0.6843 5.2021, 0.9451 -0.6923 5.2187, 0.8369 -0.676 5.2187, 0.9454 -0.688 5.2368, 0.8379 -0.6718 5.2368, 0.9454 -0.688 5.2554, 0.8379 -0.6718 5.2554, 0.9451 -0.6923 5.2734, 0.8369 -0.676 5.2734, 0.9445 -0.7008 5.29, 0.835 -0.6843 5.29, 0.9436 -0.7129 5.3041, 0.5211 -0.5626 5.1772, 0.4875 -0.5314 5.1772, 0.5306 -0.5508 5.188, 0.4481 -0.4743 5.188, 0.5381 -0.5413 5.2021, 0.457 -0.466 5.2021, 0.5434 -0.5347 5.2187, 0.4632 -0.4603 5.2187, 0.5461 -0.5313 5.2368, 0.4664 -0.4573 5.2368, 0.5461 -0.5313 5.2554, 0.4664 -0.4573 5.2554, 0.5434 -0.5347 5.2734, 0.4632 -0.4603 5.2734, 0.5381 -0.5413 5.29, 0.457 -0.466 5.29, 0.5306 -0.5508 5.3041, 0.3081 -0.2955 5.1772, 0.2997 -0.2741 5.1772, 0.3217 -0.2889 5.188, 0.2806 -0.1842 5.188, 0.3326 -0.2837 5.2021, 0.2922 -0.1806 5.2021, 0.3403 -0.28 5.2187, 0.3003 -0.1781 5.2187, 0.3442 -0.2781 5.2368, 0.3045 -0.1769 5.2368, 0.3442 -0.2781 5.2554, 0.3045 -0.1769 5.2554, 0.3403 -0.28 5.2734, 0.3003 -0.1781 5.2734, 0.3326 -0.2837 5.29, 0.2922 -0.1806 5.29, 0.3217 -0.2889 5.3041, 0.2407 0.152 5.1772, 0.2509 0.1968 5.1772, 0.2556 0.1498 5.188, 0.2806 0.2595 5.188, 0.2676 0.148 5.2021, 0.2922 0.2559 5.2021, 0.276 0.1467 5.2187, 0.3003 0.2534 5.2187, 0.2803 0.1461 5.2368, 0.3045 0.2521 5.2368, 0.2803 0.1461 5.2554, 0.3045 0.2521 5.2554, 0.276 0.1467 5.2734, 0.3003 0.2534 5.2734, 0.2676 0.148 5.29, 0.2922 0.2559 5.29, 0.2556 0.1498 5.3041, 0.3655 0.4701 5.1772, 0.3798 0.488 5.1772, 0.378 0.4616 5.188, 0.4481 0.5495 5.188, 0.388 0.4548 5.2021, 0.457 0.5413 5.2021, 0.395 0.45 5.2187, 0.4632 0.5355 5.2187, 0.3986 0.4475 5.2368, 0.4664 0.5325 5.2368, 0.3986 0.4475 5.2554, 0.4664 0.5325 5.2554, 0.395 0.45 5.2734, 0.4632 0.5355 5.2734, 0.388 0.4548 5.29, 0.457 0.5413 5.29, 0.378 0.4616 5.3041, 0.7193 0.7523 5.1772, 0.7632 0.7658 5.1772, 0.7248 0.7382 5.188, 0.8323 0.7714 5.188, 0.7293 0.7269 5.2021, 0.835 0.7595 5.2021, 0.7324 0.719 5.2187, 0.8369 0.7513 5.2187, 0.734 0.715 5.2368, 0.8379 0.747 5.2368, 0.734 0.715 5.2554, 0.8379 0.747 5.2554, 0.7324 0.719 5.2734, 0.8369 0.7513 5.2734, 0.7293 0.7269 5.29, 0.835 0.7595 5.29, 0.7248 0.7382 5.3041, 1.0572 0.8032 5.1772, 1.0798 0.7998 5.1772, 1.056 0.7881 5.188, 1.1673 0.7714 5.188, 1.0551 0.776 5.2021, 1.1646 0.7595 5.2021, 1.0545 0.7676 5.2187, 1.1627 0.7513 5.2187, 1.0542 0.7632 5.2368, 1.1617 0.747 5.2368, 1.0542 0.7632 5.2554, 1.1617 0.747 5.2554, 1.0545 0.7676 5.2734, 1.1627 0.7513 5.2734, 1.0551 0.776 5.29, 1.1646 0.7595 5.29, 1.056 0.7881 5.3041, 1.4785 0.6378 5.1772, 1.5121 0.6066 5.1772, 1.4691 0.626 5.188, 1.5515 0.5495 5.188, 1.4615 0.6166 5.2021, 1.5426 0.5413 5.2021, 1.4562 0.6099 5.2187, 1.5364 0.5355 5.2187, 1.4535 0.6065 5.2368, 1.5332 0.5325 5.2368, 1.4535 0.6065 5.2554, 1.5332 0.5325 5.2554, 1.4562 0.6099 5.2734, 1.5364 0.5355 5.2734, 1.4615 0.6166 5.29, 1.5426 0.5413 5.29, 1.4691 0.626 5.3041, 1.6915 0.3707 5.1772, 1.6999 0.3494 5.1772, 1.6779 0.3642 5.188, 1.719 0.2595 5.188, 1.667 0.3589 5.2021, 1.7074 0.2559 5.2021, 1.6593 0.3552 5.2187, 1.6993 0.2534 5.2187, 1.6554 0.3533 5.2368, 1.6951 0.2521 5.2368, 1.6554 0.3533 5.2554, 1.6951 0.2521 5.2554, 1.6593 0.3552 5.2734, 1.6993 0.2534 5.2734, 1.667 0.3589 5.29, 1.7074 0.2559 5.29, 1.6779 0.3642 5.3041, 1.7675 0.0376 5.1772, 1.7524 0.0376 5.188, 1.7403 0.0376 5.2021, 1.7318 0.0376 5.2187, 1.7275 0.0376 5.2368, 1.7275 0.0376 5.2554, 1.7318 0.0376 5.2734, 1.7403 0.0376 5.29, 1.7524 0.0376 5.3041, 1.6779 -0.2889 5.3041, 1.667 -0.2837 5.29, 1.6593 -0.28 5.2734, 1.6554 -0.2781 5.2554, 1.6554 -0.2781 5.2368, 1.6593 -0.28 5.2187, 1.667 -0.2837 5.2021, 1.4691 -0.5508 5.3041, 1.4615 -0.5413 5.29, 1.4562 -0.5347 5.2734, 1.4535 -0.5313 5.2554, 1.4535 -0.5313 5.2368, 1.4562 -0.5347 5.2187, 1.4615 -0.5413 5.2021, 1.3837 -0.6272 5.1772, 1.3761 -0.6142 5.188, 1.37 -0.6037 5.2021, 1.3658 -0.5963 5.2187, 1.3636 -0.5925 5.2368, 1.3636 -0.5925 5.2554, 1.3658 -0.5963 5.2734, 1.37 -0.6037 5.29, 1.3761 -0.6142 5.3041, 1.056 -0.7129 5.3041, 1.0551 -0.7008 5.29, 1.0545 -0.6923 5.2734, 1.0542 -0.688 5.2554, 1.0542 -0.688 5.2368, 1.0545 -0.6923 5.2187, 1.0551 -0.7008 5.2021, 0.7248 -0.663 5.3041, 0.7293 -0.6517 5.29, 0.7324 -0.6438 5.2734, 0.734 -0.6397 5.2554, 0.734 -0.6397 5.2368, 0.7324 -0.6438 5.2187, 0.7293 -0.6517 5.2021, 0.6159 -0.6272 5.1772, 0.6235 -0.6142 5.188, 0.6296 -0.6037 5.2021, 0.6338 -0.5963 5.2187, 0.636 -0.5925 5.2368, 0.636 -0.5925 5.2554, 0.6338 -0.5963 5.2734, 0.6296 -0.6037 5.29, 0.6235 -0.6142 5.3041, 0.378 -0.3863 5.3041, 0.388 -0.3795 5.29, 0.395 -0.3747 5.2734, 0.3986 -0.3723 5.2554, 0.3986 -0.3723 5.2368, 0.395 -0.3747 5.2187, 0.388 -0.3795 5.2021, 0.2556 -0.0746 5.3041, 0.2676 -0.0727 5.29, 0.276 -0.0715 5.2734, 0.2803 -0.0708 5.2554, 0.2803 -0.0708 5.2368, 0.276 -0.0715 5.2187, 0.2676 -0.0727 5.2021, 0.2321 0.0376 5.1772, 0.2472 0.0376 5.188, 0.2593 0.0376 5.2021, 0.2678 0.0376 5.2187, 0.2722 0.0376 5.2368, 0.2722 0.0376 5.2554, 0.2678 0.0376 5.2734, 0.2593 0.0376 5.29, 0.2472 0.0376 5.3041, 0.3217 0.3642 5.3041, 0.3326 0.3589 5.29, 0.3403 0.3552 5.2734, 0.3442 0.3533 5.2554, 0.3442 0.3533 5.2368, 0.3403 0.3552 5.2187, 0.3326 0.3589 5.2021, 0.5306 0.626 5.3041, 0.5381 0.6166 5.29, 0.5434 0.6099 5.2734, 0.5461 0.6065 5.2554, 0.5461 0.6065 5.2368, 0.5434 0.6099 5.2187, 0.5381 0.6166 5.2021, 0.6159 0.7025 5.1772, 0.6235 0.6894 5.188, 0.6296 0.6789 5.2021, 0.6338 0.6716 5.2187, 0.636 0.6678 5.2368, 0.636 0.6678 5.2554, 0.6338 0.6716 5.2734, 0.6296 0.6789 5.29, 0.6235 0.6894 5.3041, 0.9436 0.7881 5.3041, 0.9445 0.776 5.29, 0.9451 0.7676 5.2734, 0.9454 0.7632 5.2554, 0.9454 0.7632 5.2368, 0.9451 0.7676 5.2187, 0.9445 0.776 5.2021, 1.2748 0.7382 5.3041, 1.2703 0.7269 5.29, 1.2672 0.719 5.2734, 1.2656 0.715 5.2554, 1.2656 0.715 5.2368, 1.2672 0.719 5.2187, 1.2703 0.7269 5.2021, 1.3837 0.7025 5.1772, 1.3761 0.6894 5.188, 1.37 0.6789 5.2021, 1.3658 0.6716 5.2187, 1.3636 0.6678 5.2368, 1.3636 0.6678 5.2554, 1.3658 0.6716 5.2734, 1.37 0.6789 5.29, 1.3761 0.6894 5.3041, 1.6216 0.4616 5.3041, 1.6116 0.4548 5.29, 1.6046 0.45 5.2734, 1.601 0.4475 5.2554, 1.601 0.4475 5.2368, 1.6046 0.45 5.2187, 1.6116 0.4548 5.2021, 1.744 0.1498 5.3041, 1.732 0.148 5.29, 1.7236 0.1467 5.2734, 1.7193 0.1461 5.2554, 1.7193 0.1461 5.2368, 1.7236 0.1467 5.2187, 1.732 0.148 5.2021, 1.7507 0.1972 4.3701, 1.7675 0.0376 4.3701, 1.7011 0.3499 4.3701, 1.6209 0.4889 4.3701, 1.5135 0.6081 4.3701, 1.3837 0.7025 4.3701, 1.237 0.7678 4.3701, 1.0801 0.8011 4.3701, 0.9196 0.8011 4.3701, 0.7626 0.7678 4.3701, 0.6159 0.7025 4.3701, 0.4861 0.6081 4.3701, 0.3787 0.4889 4.3701, 0.2985 0.3499 4.3701, 0.2489 0.1972 4.3701, 0.2321 0.0376 4.3701, 0.2489 -0.122 4.3701, 0.2985 -0.2746 4.3701, 0.3787 -0.4136 4.3701, 0.4861 -0.5329 4.3701, 0.6159 -0.6272 4.3701, 0.7626 -0.6925 4.3701, 0.9196 -0.7259 4.3701, 1.0801 -0.7259 4.3701, 1.237 -0.6925 4.3701, 1.3837 -0.6272 4.3701, 1.5135 -0.5329 4.3701, 1.6209 -0.4136 4.3701, 1.7011 -0.2746 4.3701, 1.7507 -0.122 4.3701, 0.9998 -0.4348 4.3701, 1.1221 -0.4187 4.3701, 1.236 -0.3715 4.3701, 1.3339 -0.2964 4.3701, 1.4089 -0.1986 4.3701, 0.5907 -0.1986 4.3701, 0.6657 -0.2964 4.3701, 0.7636 -0.3715 4.3701, 0.8775 -0.4187 4.3701, 1.4561 -0.0847 4.3701, 1.4722 0.0376 4.3701, 1.4561 0.1599 4.3701, 1.4089 0.2738 4.3701, 0.5907 0.2738 4.3701, 0.5435 0.1599 4.3701, 0.5274 0.0376 4.3701, 0.5435 -0.0847 4.3701, 1.3339 0.3717 4.3701, 1.236 0.4468 4.3701, 1.1221 0.494 4.3701, 0.9998 0.5101 4.3701, 0.8775 0.494 4.3701, 0.7636 0.4468 4.3701, 0.6657 0.3717 4.3701, 1.4722 1.4902 2.0472, 0.5274 1.4902 2.0472, 1.4722 1.4902 0.8661, 0.5274 1.4902 0.8661, 1.7636 -1.187 2.6378, 1.7636 -1.5807 2.6378, 1.7636 1.6476 2.6378, 1.7636 1.2539 2.6378
            ]
        }
        coordIndex [
            0,1,2,-1,2,1,3,-1,2,3,4,-1,5,6,2,-1,2,6,7,-1,2,7,8,-1,4,9,2,-1,2,9,10,-1,2,10,11,-1,11,12,2,-1,2,12,13,-1,2,13,5,-1,14,15,7,-1,7,15,16,-1,7,16,8,-1,17,18,19,-1,20,21,22,-1,23,24,25,-1,26,27,28,-1,29,30,31,-1,32,33,34,-1,35,36,37,-1,38,39,40,-1,41,42,43,-1,44,45,46,-1,46,45,20,-1,47,48,46,-1,46,48,49,-1,49,50,46,-1,46,50,51,-1,46,51,44,-1,52,53,54,-1,55,56,57,-1,57,56,54,-1,54,56,58,-1,54,58,52,-1,59,60,61,-1,55,57,62,-1,62,57,61,-1,62,61,63,-1,60,64,61,-1,61,64,65,-1,61,65,63,-1,63,65,66,-1,63,66,67,-1,67,66,68,-1,67,68,69,-1,43,42,70,-1,42,71,70,-1,70,71,72,-1,70,72,61,-1,61,72,73,-1,61,73,59,-1,74,75,76,-1,76,75,77,-1,76,77,78,-1,78,79,76,-1,76,79,80,-1,76,80,43,-1,43,80,81,-1,43,81,41,-1,82,83,84,-1,84,83,85,-1,84,85,86,-1,87,88,76,-1,76,88,89,-1,76,89,74,-1,90,18,91,-1,91,92,90,-1,90,92,93,-1,90,93,94,-1,84,95,82,-1,82,95,90,-1,82,90,96,-1,96,90,94,-1,17,97,18,-1,18,97,98,-1,18,98,99,-1,99,100,18,-1,18,100,101,-1,18,101,91,-1,102,103,17,-1,102,17,104,-1,105,106,107,-1,107,106,108,-1,109,110,106,-1,106,110,111,-1,106,111,112,-1,113,114,115,-1,115,114,116,-1,117,118,97,-1,97,118,119,-1,97,119,120,-1,121,122,123,-1,123,122,124,-1,123,124,125,-1,126,112,127,-1,127,112,128,-1,127,128,123,-1,123,128,129,-1,123,129,121,-1,130,131,21,-1,21,131,132,-1,21,132,17,-1,17,132,133,-1,17,133,104,-1,103,134,17,-1,17,134,135,-1,17,135,97,-1,97,135,136,-1,97,136,117,-1,126,137,112,-1,112,137,138,-1,112,138,106,-1,106,138,139,-1,106,139,108,-1,113,140,114,-1,114,140,141,-1,114,141,142,-1,143,144,145,-1,145,144,146,-1,145,146,114,-1,114,146,147,-1,114,147,116,-1,120,148,97,-1,97,148,149,-1,97,149,150,-1,150,149,143,-1,150,143,151,-1,151,143,145,-1,152,153,114,-1,114,153,154,-1,114,154,106,-1,106,154,155,-1,106,155,109,-1,142,156,114,-1,114,156,157,-1,114,157,158,-1,158,159,114,-1,114,159,160,-1,114,160,152,-1,161,162,163,-1,163,112,161,-1,161,112,111,-1,161,111,164,-1,164,111,165,-1,165,166,164,-1,164,166,167,-1,164,167,168,-1,169,170,171,-1,172,173,170,-1,173,174,170,-1,170,174,175,-1,170,175,176,-1,171,177,169,-1,169,177,178,-1,169,178,179,-1,162,161,169,-1,169,161,180,-1,169,180,170,-1,170,180,181,-1,170,181,172,-1,176,182,170,-1,170,182,183,-1,170,183,184,-1,184,183,185,-1,184,185,186,-1,186,185,187,-1,188,189,179,-1,179,189,190,-1,179,190,169,-1,45,191,20,-1,20,191,192,-1,20,192,21,-1,21,192,193,-1,21,193,130,-1,194,195,196,-1,196,195,197,-1,194,198,199,-1,199,198,200,-1,201,202,203,-1,203,202,204,-1,204,202,205,-1,205,202,194,-1,205,194,206,-1,206,194,199,-1,206,199,40,-1,40,199,207,-1,40,207,38,-1,195,208,197,-1,197,208,209,-1,197,209,210,-1,210,209,211,-1,212,213,214,-1,214,213,215,-1,216,217,218,-1,218,217,219,-1,218,219,220,-1,221,222,223,-1,223,224,225,-1,226,227,228,-1,229,230,231,-1,231,230,232,-1,212,233,213,-1,213,233,234,-1,213,234,235,-1,235,234,228,-1,235,228,236,-1,236,228,227,-1,222,237,223,-1,223,237,238,-1,223,238,224,-1,239,240,241,-1,241,240,242,-1,241,242,243,-1,244,245,218,-1,218,245,246,-1,218,246,216,-1,239,247,240,-1,240,247,248,-1,240,248,249,-1,249,248,220,-1,249,220,36,-1,250,251,252,-1,225,253,223,-1,223,253,254,-1,223,254,230,-1,230,254,215,-1,230,215,232,-1,232,215,213,-1,255,256,228,-1,228,256,257,-1,228,257,258,-1,251,259,252,-1,252,259,260,-1,252,260,261,-1,229,262,230,-1,230,262,263,-1,230,263,264,-1,258,265,228,-1,228,265,266,-1,228,266,226,-1,247,267,248,-1,248,267,268,-1,248,268,260,-1,260,268,269,-1,260,269,261,-1,35,37,270,-1,270,37,271,-1,270,271,272,-1,273,274,34,-1,275,276,274,-1,277,278,34,-1,279,280,281,-1,281,280,282,-1,281,282,283,-1,283,284,281,-1,281,284,285,-1,281,285,286,-1,286,285,287,-1,286,287,273,-1,278,288,34,-1,34,288,289,-1,34,289,32,-1,276,290,274,-1,274,290,291,-1,274,291,34,-1,34,291,292,-1,34,292,277,-1,293,294,295,-1,295,294,296,-1,295,296,297,-1,295,298,293,-1,293,298,299,-1,293,299,300,-1,300,301,293,-1,293,301,302,-1,293,302,303,-1,303,302,304,-1,303,304,305,-1,305,304,306,-1,305,306,274,-1,274,306,307,-1,274,307,275,-1,308,309,297,-1,297,309,310,-1,297,310,295,-1,311,312,243,-1,243,312,313,-1,243,313,241,-1,311,314,312,-1,312,314,315,-1,312,315,316,-1,316,315,317,-1,316,318,319,-1,317,320,316,-1,316,320,321,-1,316,321,322,-1,322,323,316,-1,316,323,324,-1,316,324,318,-1,319,325,316,-1,316,325,326,-1,316,326,327,-1,328,329,330,-1,330,329,331,-1,330,331,332,-1,329,333,331,-1,331,333,334,-1,331,334,335,-1,335,334,336,-1,335,336,337,-1,337,336,338,-1,337,338,339,-1,339,338,340,-1,339,340,341,-1,342,343,344,-1,342,344,345,-1,346,347,348,-1,348,347,349,-1,348,349,350,-1,351,352,335,-1,353,354,337,-1,352,355,335,-1,335,355,356,-1,335,356,342,-1,342,356,357,-1,342,357,343,-1,353,337,358,-1,349,359,350,-1,350,359,360,-1,350,360,337,-1,337,360,361,-1,337,361,358,-1,354,362,337,-1,337,362,363,-1,337,363,335,-1,335,363,364,-1,335,364,351,-1,365,366,345,-1,345,366,367,-1,348,368,369,-1,369,368,370,-1,344,346,345,-1,345,346,348,-1,345,348,371,-1,371,348,369,-1,372,373,374,-1,374,373,375,-1,374,375,376,-1,374,365,372,-1,372,365,345,-1,372,345,377,-1,377,345,371,-1,377,371,31,-1,31,371,378,-1,31,378,29,-1,370,368,379,-1,379,368,380,-1,379,380,381,-1,382,383,384,-1,384,383,385,-1,386,387,385,-1,385,387,388,-1,385,388,389,-1,385,390,391,-1,389,392,385,-1,385,392,393,-1,385,393,390,-1,394,395,396,-1,396,395,397,-1,396,397,398,-1,398,397,95,-1,398,95,399,-1,399,95,84,-1,399,84,87,-1,87,84,86,-1,87,86,88,-1,400,339,401,-1,401,339,341,-1,401,341,402,-1,403,404,196,-1,405,406,407,-1,194,196,198,-1,198,196,404,-1,198,404,408,-1,198,409,410,-1,407,411,405,-1,405,411,412,-1,405,412,413,-1,406,405,414,-1,414,405,409,-1,414,409,415,-1,416,417,409,-1,409,417,418,-1,409,418,415,-1,408,419,198,-1,198,419,420,-1,198,420,409,-1,409,420,421,-1,409,421,416,-1,402,198,422,-1,422,198,410,-1,422,410,423,-1,423,410,424,-1,423,424,425,-1,426,427,425,-1,425,427,428,-1,425,428,423,-1,423,428,405,-1,391,429,385,-1,385,429,430,-1,385,430,384,-1,384,430,431,-1,384,431,423,-1,432,433,380,-1,366,434,367,-1,367,434,381,-1,367,381,28,-1,28,381,380,-1,28,380,435,-1,435,380,433,-1,26,28,436,-1,437,438,435,-1,435,438,439,-1,435,439,28,-1,28,439,440,-1,28,440,436,-1,441,442,443,-1,444,445,435,-1,435,445,446,-1,435,446,447,-1,447,448,435,-1,435,448,449,-1,435,449,437,-1,450,451,452,-1,452,451,453,-1,443,454,441,-1,441,454,455,-1,441,455,456,-1,456,455,453,-1,456,453,457,-1,457,453,451,-1,442,441,435,-1,435,441,458,-1,435,458,444,-1,24,459,460,-1,460,459,461,-1,461,459,462,-1,461,462,463,-1,25,464,465,-1,465,466,25,-1,25,466,467,-1,25,467,23,-1,468,469,470,-1,471,472,473,-1,473,472,474,-1,473,474,25,-1,25,474,475,-1,25,475,464,-1,476,477,478,-1,478,477,479,-1,480,481,230,-1,230,481,482,-1,230,482,478,-1,478,482,483,-1,478,483,476,-1,250,252,264,-1,264,252,279,-1,264,279,230,-1,230,279,281,-1,230,281,480,-1,221,223,484,-1,484,223,485,-1,484,485,486,-1,36,220,37,-1,37,220,219,-1,37,219,271,-1,271,219,487,-1,271,487,485,-1,485,487,488,-1,485,488,486,-1,489,490,491,-1,200,198,492,-1,492,198,493,-1,492,493,211,-1,211,493,491,-1,211,491,210,-1,210,491,490,-1,210,490,494,-1,495,496,497,-1,491,498,489,-1,489,498,499,-1,489,499,500,-1,500,499,495,-1,500,495,501,-1,501,495,497,-1,502,503,34,-1,34,503,504,-1,273,34,286,-1,286,34,504,-1,286,504,498,-1,498,504,505,-1,498,505,499,-1,506,503,507,-1,507,503,502,-1,507,502,508,-1,509,510,511,-1,272,271,33,-1,33,271,509,-1,33,509,34,-1,34,509,511,-1,34,511,502,-1,502,511,512,-1,502,512,513,-1,513,514,502,-1,502,514,515,-1,502,515,516,-1,517,518,519,-1,519,518,520,-1,519,520,509,-1,509,520,521,-1,509,521,510,-1,516,522,502,-1,502,522,523,-1,502,523,508,-1,524,525,526,-1,526,525,527,-1,526,527,519,-1,519,527,528,-1,519,528,517,-1,529,530,470,-1,470,530,531,-1,532,473,46,-1,469,471,470,-1,470,471,473,-1,470,473,529,-1,529,473,532,-1,529,532,533,-1,22,470,20,-1,20,470,531,-1,20,531,46,-1,46,531,534,-1,46,534,532,-1,535,536,537,-1,536,535,538,-1,538,535,22,-1,538,22,539,-1,540,541,542,-1,542,541,538,-1,542,538,543,-1,543,538,539,-1,543,539,544,-1,544,539,545,-1,19,535,17,-1,17,535,537,-1,17,537,21,-1,21,537,546,-1,21,546,22,-1,22,546,547,-1,22,547,539,-1,24,460,25,-1,25,460,548,-1,25,548,473,-1,473,548,54,-1,473,54,46,-1,46,54,53,-1,46,53,47,-1,19,485,535,-1,535,485,223,-1,535,223,22,-1,22,223,230,-1,22,230,470,-1,470,230,478,-1,470,478,468,-1,468,478,479,-1,400,549,339,-1,339,549,550,-1,339,550,337,-1,337,550,551,-1,337,551,350,-1,350,551,552,-1,350,552,348,-1,348,552,553,-1,348,553,368,-1,368,553,461,-1,368,461,380,-1,380,461,463,-1,380,463,432,-1,341,332,402,-1,402,332,331,-1,402,331,198,-1,198,331,335,-1,198,335,493,-1,493,335,342,-1,493,342,491,-1,491,342,345,-1,491,345,498,-1,498,345,367,-1,498,367,286,-1,286,367,28,-1,286,28,281,-1,281,28,27,-1,281,27,480,-1,413,554,405,-1,405,554,403,-1,405,403,423,-1,423,403,196,-1,423,196,384,-1,384,196,197,-1,384,197,555,-1,555,197,210,-1,555,210,526,-1,526,210,494,-1,526,494,524,-1,382,384,556,-1,556,384,555,-1,556,555,557,-1,557,555,526,-1,557,526,558,-1,558,526,519,-1,558,519,559,-1,559,519,509,-1,559,509,560,-1,560,509,271,-1,560,271,561,-1,561,271,485,-1,561,485,562,-1,562,485,19,-1,562,19,563,-1,563,19,18,-1,563,18,564,-1,564,18,90,-1,564,90,565,-1,566,567,568,-1,569,570,571,-1,566,568,572,-1,572,568,573,-1,572,573,574,-1,575,576,577,-1,577,576,578,-1,578,579,580,-1,382,565,581,-1,581,565,582,-1,578,580,577,-1,577,580,581,-1,577,581,583,-1,583,581,582,-1,583,582,584,-1,567,585,568,-1,568,585,586,-1,568,586,587,-1,588,589,568,-1,568,589,590,-1,591,592,593,-1,593,592,594,-1,590,595,568,-1,568,595,594,-1,568,594,596,-1,596,594,592,-1,579,597,580,-1,580,597,598,-1,580,598,599,-1,600,571,599,-1,599,571,387,-1,599,387,580,-1,580,387,386,-1,587,601,568,-1,568,601,602,-1,568,602,588,-1,603,604,605,-1,605,604,606,-1,605,606,607,-1,608,609,598,-1,598,609,610,-1,598,610,599,-1,611,612,573,-1,573,612,569,-1,573,569,574,-1,574,569,613,-1,584,395,583,-1,583,395,394,-1,583,394,614,-1,614,394,607,-1,614,607,615,-1,615,607,606,-1,615,606,616,-1,616,606,617,-1,618,619,620,-1,620,619,621,-1,620,621,622,-1,605,612,603,-1,603,612,611,-1,603,611,608,-1,608,611,623,-1,624,625,600,-1,600,625,626,-1,600,626,571,-1,571,626,627,-1,627,628,571,-1,571,628,629,-1,571,629,569,-1,569,629,630,-1,569,630,613,-1,623,631,608,-1,608,631,632,-1,608,632,609,-1,609,632,633,-1,609,633,620,-1,620,633,634,-1,620,634,618,-1,621,635,622,-1,622,635,636,-1,622,636,600,-1,600,636,637,-1,600,637,624,-1,638,639,640,-1,640,639,641,-1,642,643,644,-1,644,643,645,-1,646,647,648,-1,648,647,571,-1,648,571,570,-1,641,639,646,-1,646,639,649,-1,646,649,647,-1,647,649,650,-1,605,607,651,-1,651,607,652,-1,651,652,653,-1,654,655,656,-1,656,655,653,-1,653,655,651,-1,651,655,657,-1,651,657,658,-1,659,660,651,-1,651,660,647,-1,651,647,661,-1,661,647,650,-1,661,650,643,-1,643,650,645,-1,658,662,651,-1,651,662,663,-1,651,663,659,-1,664,396,665,-1,665,396,398,-1,575,577,666,-1,666,577,667,-1,666,667,668,-1,668,667,669,-1,668,669,616,-1,616,669,615,-1,604,603,670,-1,597,579,671,-1,671,579,672,-1,671,672,670,-1,670,672,673,-1,670,673,604,-1,578,576,674,-1,617,606,675,-1,675,606,676,-1,675,676,674,-1,674,676,677,-1,674,677,578,-1,678,571,679,-1,679,571,647,-1,679,647,680,-1,680,647,388,-1,680,388,681,-1,681,388,387,-1,681,387,678,-1,678,387,571,-1,388,647,660,-1,388,660,389,-1,389,660,659,-1,389,659,392,-1,392,659,663,-1,392,663,393,-1,393,663,662,-1,393,662,390,-1,390,662,658,-1,390,658,391,-1,391,658,657,-1,391,657,429,-1,429,657,655,-1,429,655,430,-1,400,430,654,-1,654,430,655,-1,682,683,57,-1,57,683,684,-1,57,684,685,-1,686,687,656,-1,688,689,654,-1,654,689,690,-1,654,690,691,-1,400,692,693,-1,693,694,400,-1,400,694,695,-1,400,695,57,-1,57,695,696,-1,57,696,682,-1,687,697,656,-1,656,697,698,-1,656,698,699,-1,699,700,656,-1,656,700,701,-1,656,701,654,-1,654,701,702,-1,654,702,688,-1,691,703,654,-1,654,703,704,-1,654,704,400,-1,400,704,705,-1,400,705,706,-1,706,707,400,-1,400,707,708,-1,400,708,692,-1,685,709,57,-1,57,709,710,-1,57,710,656,-1,656,710,711,-1,656,711,686,-1,398,57,665,-1,665,57,656,-1,665,656,712,-1,712,656,653,-1,712,653,713,-1,713,653,652,-1,713,652,714,-1,714,652,607,-1,714,607,715,-1,715,607,394,-1,715,394,664,-1,664,394,396,-1,614,716,583,-1,583,716,717,-1,716,718,717,-1,717,718,719,-1,720,721,722,-1,723,724,725,-1,725,724,719,-1,725,719,722,-1,722,719,718,-1,722,718,720,-1,720,669,721,-1,721,669,667,-1,721,667,723,-1,723,667,724,-1,716,614,718,-1,718,614,615,-1,718,615,720,-1,720,615,669,-1,724,667,719,-1,719,667,577,-1,719,577,717,-1,717,577,583,-1,676,726,677,-1,677,726,727,-1,726,728,727,-1,727,728,729,-1,730,728,731,-1,731,728,732,-1,733,734,735,-1,735,734,736,-1,730,737,728,-1,728,737,738,-1,728,738,739,-1,740,741,732,-1,742,743,729,-1,729,743,744,-1,744,745,729,-1,729,745,746,-1,729,746,735,-1,735,746,747,-1,735,747,733,-1,736,748,735,-1,735,748,749,-1,735,749,732,-1,732,749,750,-1,732,750,740,-1,741,751,732,-1,732,751,752,-1,732,752,731,-1,739,753,728,-1,728,753,754,-1,728,754,729,-1,729,754,755,-1,729,755,742,-1,732,756,735,-1,735,756,757,-1,756,673,757,-1,757,673,672,-1,673,756,732,-1,726,676,728,-1,728,676,606,-1,728,606,732,-1,732,606,604,-1,732,604,673,-1,677,727,729,-1,757,672,735,-1,735,672,579,-1,735,579,729,-1,729,579,578,-1,729,578,677,-1,668,675,666,-1,666,675,674,-1,668,616,675,-1,675,616,617,-1,575,666,576,-1,576,666,674,-1,670,758,671,-1,671,758,759,-1,760,598,759,-1,598,760,608,-1,608,760,761,-1,608,761,758,-1,758,761,762,-1,758,762,759,-1,759,762,763,-1,759,763,760,-1,603,608,670,-1,670,608,758,-1,598,597,759,-1,759,597,671,-1,695,694,764,-1,693,765,694,-1,694,765,766,-1,694,766,764,-1,767,768,692,-1,692,768,769,-1,692,769,693,-1,693,769,770,-1,693,770,765,-1,767,692,771,-1,771,692,708,-1,771,708,772,-1,772,708,773,-1,773,708,707,-1,773,707,774,-1,774,707,775,-1,775,707,706,-1,775,706,776,-1,776,706,777,-1,777,706,705,-1,777,705,778,-1,778,705,779,-1,779,705,704,-1,779,704,780,-1,703,781,704,-1,704,781,782,-1,704,782,780,-1,691,783,703,-1,703,783,784,-1,703,784,781,-1,690,785,691,-1,691,785,786,-1,691,786,783,-1,689,787,690,-1,690,787,788,-1,690,788,785,-1,789,790,688,-1,688,790,791,-1,688,791,689,-1,689,791,792,-1,689,792,787,-1,789,688,793,-1,793,688,702,-1,793,702,794,-1,794,702,795,-1,795,702,701,-1,795,701,796,-1,796,701,797,-1,797,701,700,-1,797,700,798,-1,798,700,799,-1,799,700,699,-1,799,699,800,-1,800,699,801,-1,801,699,698,-1,801,698,802,-1,697,803,698,-1,698,803,804,-1,698,804,802,-1,687,805,697,-1,697,805,806,-1,697,806,803,-1,686,807,687,-1,687,807,808,-1,687,808,805,-1,711,809,686,-1,686,809,810,-1,686,810,807,-1,811,812,710,-1,710,812,813,-1,710,813,711,-1,711,813,814,-1,711,814,809,-1,811,710,815,-1,815,710,709,-1,815,709,816,-1,816,709,817,-1,817,709,685,-1,817,685,818,-1,818,685,819,-1,819,685,684,-1,819,684,820,-1,820,684,821,-1,821,684,683,-1,821,683,822,-1,822,683,823,-1,823,683,682,-1,823,682,824,-1,696,825,682,-1,682,825,826,-1,682,826,824,-1,764,827,695,-1,695,827,828,-1,695,828,696,-1,696,828,829,-1,696,829,825,-1,766,765,830,-1,767,771,831,-1,776,777,832,-1,782,781,833,-1,788,787,834,-1,789,793,835,-1,798,799,836,-1,804,803,837,-1,810,809,838,-1,811,815,839,-1,820,821,840,-1,826,825,841,-1,842,843,844,-1,845,846,847,-1,848,849,850,-1,851,852,853,-1,854,855,856,-1,857,858,859,-1,860,861,862,-1,863,864,865,-1,866,867,868,-1,869,870,871,-1,872,873,874,-1,875,876,877,-1,875,877,878,-1,872,874,879,-1,869,871,880,-1,866,868,881,-1,863,865,882,-1,860,862,883,-1,857,859,884,-1,854,856,885,-1,851,853,886,-1,848,850,887,-1,845,847,888,-1,842,844,889,-1,890,891,892,-1,892,891,893,-1,892,893,894,-1,894,893,895,-1,894,895,896,-1,896,895,897,-1,896,897,898,-1,898,897,899,-1,898,899,900,-1,900,899,901,-1,900,901,902,-1,902,901,903,-1,902,903,904,-1,904,903,905,-1,904,905,906,-1,906,905,841,-1,907,908,909,-1,909,908,910,-1,909,910,911,-1,911,910,912,-1,911,912,913,-1,913,912,914,-1,913,914,915,-1,915,914,916,-1,915,916,917,-1,917,916,918,-1,917,918,919,-1,919,918,920,-1,919,920,921,-1,921,920,922,-1,921,922,923,-1,923,922,840,-1,924,925,926,-1,926,925,927,-1,926,927,928,-1,928,927,929,-1,928,929,930,-1,930,929,931,-1,930,931,932,-1,932,931,933,-1,932,933,934,-1,934,933,935,-1,934,935,936,-1,936,935,937,-1,936,937,938,-1,938,937,939,-1,938,939,940,-1,940,939,839,-1,941,942,943,-1,943,942,944,-1,943,944,945,-1,945,944,946,-1,945,946,947,-1,947,946,948,-1,947,948,949,-1,949,948,950,-1,949,950,951,-1,951,950,952,-1,951,952,953,-1,953,952,954,-1,953,954,955,-1,955,954,956,-1,955,956,957,-1,957,956,838,-1,958,959,960,-1,960,959,961,-1,960,961,962,-1,962,961,963,-1,962,963,964,-1,964,963,965,-1,964,965,966,-1,966,965,967,-1,966,967,968,-1,968,967,969,-1,968,969,970,-1,970,969,971,-1,970,971,972,-1,972,971,973,-1,972,973,974,-1,974,973,837,-1,975,976,977,-1,977,976,978,-1,977,978,979,-1,979,978,980,-1,979,980,981,-1,981,980,982,-1,981,982,983,-1,983,982,984,-1,983,984,985,-1,985,984,986,-1,985,986,987,-1,987,986,988,-1,987,988,989,-1,989,988,990,-1,989,990,991,-1,991,990,836,-1,992,993,994,-1,994,993,995,-1,994,995,996,-1,996,995,997,-1,996,997,998,-1,998,997,999,-1,998,999,1000,-1,1000,999,1001,-1,1000,1001,1002,-1,1002,1001,1003,-1,1002,1003,1004,-1,1004,1003,1005,-1,1004,1005,1006,-1,1006,1005,1007,-1,1006,1007,1008,-1,1008,1007,835,-1,1009,1010,1011,-1,1011,1010,1012,-1,1011,1012,1013,-1,1013,1012,1014,-1,1013,1014,1015,-1,1015,1014,1016,-1,1015,1016,1017,-1,1017,1016,1018,-1,1017,1018,1019,-1,1019,1018,1020,-1,1019,1020,1021,-1,1021,1020,1022,-1,1021,1022,1023,-1,1023,1022,1024,-1,1023,1024,1025,-1,1025,1024,834,-1,1026,1027,1028,-1,1028,1027,1029,-1,1028,1029,1030,-1,1030,1029,1031,-1,1030,1031,1032,-1,1032,1031,1033,-1,1032,1033,1034,-1,1034,1033,1035,-1,1034,1035,1036,-1,1036,1035,1037,-1,1036,1037,1038,-1,1038,1037,1039,-1,1038,1039,1040,-1,1040,1039,1041,-1,1040,1041,1042,-1,1042,1041,833,-1,1043,1044,1045,-1,1045,1044,1046,-1,1045,1046,1047,-1,1047,1046,1048,-1,1047,1048,1049,-1,1049,1048,1050,-1,1049,1050,1051,-1,1051,1050,1052,-1,1051,1052,1053,-1,1053,1052,1054,-1,1053,1054,1055,-1,1055,1054,1056,-1,1055,1056,1057,-1,1057,1056,1058,-1,1057,1058,1059,-1,1059,1058,832,-1,1060,1061,1062,-1,1062,1061,1063,-1,1062,1063,1064,-1,1064,1063,1065,-1,1064,1065,1066,-1,1066,1065,1067,-1,1066,1067,1068,-1,1068,1067,1069,-1,1068,1069,1070,-1,1070,1069,1071,-1,1070,1071,1072,-1,1072,1071,1073,-1,1072,1073,1074,-1,1074,1073,1075,-1,1074,1075,1076,-1,1076,1075,831,-1,1077,1078,1079,-1,1079,1078,1080,-1,1079,1080,1081,-1,1081,1080,1082,-1,1081,1082,1083,-1,1083,1082,1084,-1,1083,1084,1085,-1,1085,1084,1086,-1,1085,1086,1087,-1,1087,1086,1088,-1,1087,1088,1089,-1,1089,1088,1090,-1,1089,1090,1091,-1,1091,1090,1092,-1,1091,1092,1093,-1,1093,1092,830,-1,1094,890,1095,-1,1095,890,892,-1,1095,892,1096,-1,1096,892,894,-1,1096,894,1097,-1,1097,894,896,-1,1097,896,1098,-1,1098,896,898,-1,1098,898,1099,-1,1099,898,900,-1,1099,900,1100,-1,1100,900,902,-1,1100,902,1101,-1,1101,902,904,-1,1101,904,1102,-1,1102,904,906,-1,1102,906,827,-1,827,906,828,-1,841,825,906,-1,906,825,829,-1,906,829,828,-1,824,826,1103,-1,1103,826,841,-1,1103,841,1104,-1,1104,841,905,-1,1104,905,1105,-1,1105,905,903,-1,1105,903,1106,-1,1106,903,901,-1,1106,901,1107,-1,1107,901,899,-1,1107,899,1108,-1,1108,899,897,-1,1108,897,1109,-1,1109,897,895,-1,1109,895,877,-1,877,895,893,-1,877,893,878,-1,878,893,891,-1,876,907,877,-1,877,907,909,-1,877,909,1109,-1,1109,909,911,-1,1109,911,1108,-1,1108,911,913,-1,1108,913,1107,-1,1107,913,915,-1,1107,915,1106,-1,1106,915,917,-1,1106,917,1105,-1,1105,917,919,-1,1105,919,1104,-1,1104,919,921,-1,1104,921,1103,-1,1103,921,923,-1,1103,923,824,-1,824,923,823,-1,840,821,923,-1,923,821,822,-1,923,822,823,-1,819,820,1110,-1,1110,820,840,-1,1110,840,1111,-1,1111,840,922,-1,1111,922,1112,-1,1112,922,920,-1,1112,920,1113,-1,1113,920,918,-1,1113,918,1114,-1,1114,918,916,-1,1114,916,1115,-1,1115,916,914,-1,1115,914,1116,-1,1116,914,912,-1,1116,912,874,-1,874,912,910,-1,874,910,879,-1,879,910,908,-1,873,1117,874,-1,874,1117,1118,-1,874,1118,1116,-1,1116,1118,1119,-1,1116,1119,1115,-1,1115,1119,1120,-1,1115,1120,1114,-1,1114,1120,1121,-1,1114,1121,1113,-1,1113,1121,1122,-1,1113,1122,1112,-1,1112,1122,1123,-1,1112,1123,1111,-1,1111,1123,1124,-1,1111,1124,1110,-1,1110,1124,1125,-1,1110,1125,819,-1,819,1125,818,-1,1117,924,1118,-1,1118,924,926,-1,1118,926,1119,-1,1119,926,928,-1,1119,928,1120,-1,1120,928,930,-1,1120,930,1121,-1,1121,930,932,-1,1121,932,1122,-1,1122,932,934,-1,1122,934,1123,-1,1123,934,936,-1,1123,936,1124,-1,1124,936,938,-1,1124,938,1125,-1,1125,938,940,-1,1125,940,818,-1,818,940,817,-1,839,815,940,-1,940,815,816,-1,940,816,817,-1,812,811,1126,-1,1126,811,839,-1,1126,839,1127,-1,1127,839,939,-1,1127,939,1128,-1,1128,939,937,-1,1128,937,1129,-1,1129,937,935,-1,1129,935,1130,-1,1130,935,933,-1,1130,933,1131,-1,1131,933,931,-1,1131,931,1132,-1,1132,931,929,-1,1132,929,871,-1,871,929,927,-1,871,927,880,-1,880,927,925,-1,870,941,871,-1,871,941,943,-1,871,943,1132,-1,1132,943,945,-1,1132,945,1131,-1,1131,945,947,-1,1131,947,1130,-1,1130,947,949,-1,1130,949,1129,-1,1129,949,951,-1,1129,951,1128,-1,1128,951,953,-1,1128,953,1127,-1,1127,953,955,-1,1127,955,1126,-1,1126,955,957,-1,1126,957,812,-1,812,957,813,-1,838,809,957,-1,957,809,814,-1,957,814,813,-1,807,810,1133,-1,1133,810,838,-1,1133,838,1134,-1,1134,838,956,-1,1134,956,1135,-1,1135,956,954,-1,1135,954,1136,-1,1136,954,952,-1,1136,952,1137,-1,1137,952,950,-1,1137,950,1138,-1,1138,950,948,-1,1138,948,1139,-1,1139,948,946,-1,1139,946,868,-1,868,946,944,-1,868,944,881,-1,881,944,942,-1,867,1140,868,-1,868,1140,1141,-1,868,1141,1139,-1,1139,1141,1142,-1,1139,1142,1138,-1,1138,1142,1143,-1,1138,1143,1137,-1,1137,1143,1144,-1,1137,1144,1136,-1,1136,1144,1145,-1,1136,1145,1135,-1,1135,1145,1146,-1,1135,1146,1134,-1,1134,1146,1147,-1,1134,1147,1133,-1,1133,1147,1148,-1,1133,1148,807,-1,807,1148,808,-1,1140,958,1141,-1,1141,958,960,-1,1141,960,1142,-1,1142,960,962,-1,1142,962,1143,-1,1143,962,964,-1,1143,964,1144,-1,1144,964,966,-1,1144,966,1145,-1,1145,966,968,-1,1145,968,1146,-1,1146,968,970,-1,1146,970,1147,-1,1147,970,972,-1,1147,972,1148,-1,1148,972,974,-1,1148,974,808,-1,808,974,805,-1,837,803,974,-1,974,803,806,-1,974,806,805,-1,802,804,1149,-1,1149,804,837,-1,1149,837,1150,-1,1150,837,973,-1,1150,973,1151,-1,1151,973,971,-1,1151,971,1152,-1,1152,971,969,-1,1152,969,1153,-1,1153,969,967,-1,1153,967,1154,-1,1154,967,965,-1,1154,965,1155,-1,1155,965,963,-1,1155,963,865,-1,865,963,961,-1,865,961,882,-1,882,961,959,-1,864,975,865,-1,865,975,977,-1,865,977,1155,-1,1155,977,979,-1,1155,979,1154,-1,1154,979,981,-1,1154,981,1153,-1,1153,981,983,-1,1153,983,1152,-1,1152,983,985,-1,1152,985,1151,-1,1151,985,987,-1,1151,987,1150,-1,1150,987,989,-1,1150,989,1149,-1,1149,989,991,-1,1149,991,802,-1,802,991,801,-1,836,799,991,-1,991,799,800,-1,991,800,801,-1,797,798,1156,-1,1156,798,836,-1,1156,836,1157,-1,1157,836,990,-1,1157,990,1158,-1,1158,990,988,-1,1158,988,1159,-1,1159,988,986,-1,1159,986,1160,-1,1160,986,984,-1,1160,984,1161,-1,1161,984,982,-1,1161,982,1162,-1,1162,982,980,-1,1162,980,862,-1,862,980,978,-1,862,978,883,-1,883,978,976,-1,861,1163,862,-1,862,1163,1164,-1,862,1164,1162,-1,1162,1164,1165,-1,1162,1165,1161,-1,1161,1165,1166,-1,1161,1166,1160,-1,1160,1166,1167,-1,1160,1167,1159,-1,1159,1167,1168,-1,1159,1168,1158,-1,1158,1168,1169,-1,1158,1169,1157,-1,1157,1169,1170,-1,1157,1170,1156,-1,1156,1170,1171,-1,1156,1171,797,-1,797,1171,796,-1,1163,992,1164,-1,1164,992,994,-1,1164,994,1165,-1,1165,994,996,-1,1165,996,1166,-1,1166,996,998,-1,1166,998,1167,-1,1167,998,1000,-1,1167,1000,1168,-1,1168,1000,1002,-1,1168,1002,1169,-1,1169,1002,1004,-1,1169,1004,1170,-1,1170,1004,1006,-1,1170,1006,1171,-1,1171,1006,1008,-1,1171,1008,796,-1,796,1008,795,-1,835,793,1008,-1,1008,793,794,-1,1008,794,795,-1,790,789,1172,-1,1172,789,835,-1,1172,835,1173,-1,1173,835,1007,-1,1173,1007,1174,-1,1174,1007,1005,-1,1174,1005,1175,-1,1175,1005,1003,-1,1175,1003,1176,-1,1176,1003,1001,-1,1176,1001,1177,-1,1177,1001,999,-1,1177,999,1178,-1,1178,999,997,-1,1178,997,859,-1,859,997,995,-1,859,995,884,-1,884,995,993,-1,858,1009,859,-1,859,1009,1011,-1,859,1011,1178,-1,1178,1011,1013,-1,1178,1013,1177,-1,1177,1013,1015,-1,1177,1015,1176,-1,1176,1015,1017,-1,1176,1017,1175,-1,1175,1017,1019,-1,1175,1019,1174,-1,1174,1019,1021,-1,1174,1021,1173,-1,1173,1021,1023,-1,1173,1023,1172,-1,1172,1023,1025,-1,1172,1025,790,-1,790,1025,791,-1,834,787,1025,-1,1025,787,792,-1,1025,792,791,-1,785,788,1179,-1,1179,788,834,-1,1179,834,1180,-1,1180,834,1024,-1,1180,1024,1181,-1,1181,1024,1022,-1,1181,1022,1182,-1,1182,1022,1020,-1,1182,1020,1183,-1,1183,1020,1018,-1,1183,1018,1184,-1,1184,1018,1016,-1,1184,1016,1185,-1,1185,1016,1014,-1,1185,1014,856,-1,856,1014,1012,-1,856,1012,885,-1,885,1012,1010,-1,855,1186,856,-1,856,1186,1187,-1,856,1187,1185,-1,1185,1187,1188,-1,1185,1188,1184,-1,1184,1188,1189,-1,1184,1189,1183,-1,1183,1189,1190,-1,1183,1190,1182,-1,1182,1190,1191,-1,1182,1191,1181,-1,1181,1191,1192,-1,1181,1192,1180,-1,1180,1192,1193,-1,1180,1193,1179,-1,1179,1193,1194,-1,1179,1194,785,-1,785,1194,786,-1,1186,1026,1187,-1,1187,1026,1028,-1,1187,1028,1188,-1,1188,1028,1030,-1,1188,1030,1189,-1,1189,1030,1032,-1,1189,1032,1190,-1,1190,1032,1034,-1,1190,1034,1191,-1,1191,1034,1036,-1,1191,1036,1192,-1,1192,1036,1038,-1,1192,1038,1193,-1,1193,1038,1040,-1,1193,1040,1194,-1,1194,1040,1042,-1,1194,1042,786,-1,786,1042,783,-1,833,781,1042,-1,1042,781,784,-1,1042,784,783,-1,780,782,1195,-1,1195,782,833,-1,1195,833,1196,-1,1196,833,1041,-1,1196,1041,1197,-1,1197,1041,1039,-1,1197,1039,1198,-1,1198,1039,1037,-1,1198,1037,1199,-1,1199,1037,1035,-1,1199,1035,1200,-1,1200,1035,1033,-1,1200,1033,1201,-1,1201,1033,1031,-1,1201,1031,853,-1,853,1031,1029,-1,853,1029,886,-1,886,1029,1027,-1,852,1043,853,-1,853,1043,1045,-1,853,1045,1201,-1,1201,1045,1047,-1,1201,1047,1200,-1,1200,1047,1049,-1,1200,1049,1199,-1,1199,1049,1051,-1,1199,1051,1198,-1,1198,1051,1053,-1,1198,1053,1197,-1,1197,1053,1055,-1,1197,1055,1196,-1,1196,1055,1057,-1,1196,1057,1195,-1,1195,1057,1059,-1,1195,1059,780,-1,780,1059,779,-1,832,777,1059,-1,1059,777,778,-1,1059,778,779,-1,775,776,1202,-1,1202,776,832,-1,1202,832,1203,-1,1203,832,1058,-1,1203,1058,1204,-1,1204,1058,1056,-1,1204,1056,1205,-1,1205,1056,1054,-1,1205,1054,1206,-1,1206,1054,1052,-1,1206,1052,1207,-1,1207,1052,1050,-1,1207,1050,1208,-1,1208,1050,1048,-1,1208,1048,850,-1,850,1048,1046,-1,850,1046,887,-1,887,1046,1044,-1,849,1209,850,-1,850,1209,1210,-1,850,1210,1208,-1,1208,1210,1211,-1,1208,1211,1207,-1,1207,1211,1212,-1,1207,1212,1206,-1,1206,1212,1213,-1,1206,1213,1205,-1,1205,1213,1214,-1,1205,1214,1204,-1,1204,1214,1215,-1,1204,1215,1203,-1,1203,1215,1216,-1,1203,1216,1202,-1,1202,1216,1217,-1,1202,1217,775,-1,775,1217,774,-1,1209,1060,1210,-1,1210,1060,1062,-1,1210,1062,1211,-1,1211,1062,1064,-1,1211,1064,1212,-1,1212,1064,1066,-1,1212,1066,1213,-1,1213,1066,1068,-1,1213,1068,1214,-1,1214,1068,1070,-1,1214,1070,1215,-1,1215,1070,1072,-1,1215,1072,1216,-1,1216,1072,1074,-1,1216,1074,1217,-1,1217,1074,1076,-1,1217,1076,774,-1,774,1076,773,-1,831,771,1076,-1,1076,771,772,-1,1076,772,773,-1,768,767,1218,-1,1218,767,831,-1,1218,831,1219,-1,1219,831,1075,-1,1219,1075,1220,-1,1220,1075,1073,-1,1220,1073,1221,-1,1221,1073,1071,-1,1221,1071,1222,-1,1222,1071,1069,-1,1222,1069,1223,-1,1223,1069,1067,-1,1223,1067,1224,-1,1224,1067,1065,-1,1224,1065,847,-1,847,1065,1063,-1,847,1063,888,-1,888,1063,1061,-1,846,1077,847,-1,847,1077,1079,-1,847,1079,1224,-1,1224,1079,1081,-1,1224,1081,1223,-1,1223,1081,1083,-1,1223,1083,1222,-1,1222,1083,1085,-1,1222,1085,1221,-1,1221,1085,1087,-1,1221,1087,1220,-1,1220,1087,1089,-1,1220,1089,1219,-1,1219,1089,1091,-1,1219,1091,1218,-1,1218,1091,1093,-1,1218,1093,768,-1,768,1093,769,-1,830,765,1093,-1,1093,765,770,-1,1093,770,769,-1,764,766,1225,-1,1225,766,830,-1,1225,830,1226,-1,1226,830,1092,-1,1226,1092,1227,-1,1227,1092,1090,-1,1227,1090,1228,-1,1228,1090,1088,-1,1228,1088,1229,-1,1229,1088,1086,-1,1229,1086,1230,-1,1230,1086,1084,-1,1230,1084,1231,-1,1231,1084,1082,-1,1231,1082,844,-1,844,1082,1080,-1,844,1080,889,-1,889,1080,1078,-1,843,1094,844,-1,844,1094,1095,-1,844,1095,1231,-1,1231,1095,1096,-1,1231,1096,1230,-1,1230,1096,1097,-1,1230,1097,1229,-1,1229,1097,1098,-1,1229,1098,1228,-1,1228,1098,1099,-1,1228,1099,1227,-1,1227,1099,1100,-1,1227,1100,1226,-1,1226,1100,1101,-1,1226,1101,1225,-1,1225,1101,1102,-1,1225,1102,764,-1,764,1102,827,-1,843,1232,1233,-1,1078,1234,889,-1,889,1234,1232,-1,889,1232,842,-1,842,1232,843,-1,1078,1077,1234,-1,1234,1077,846,-1,1234,846,1235,-1,846,845,1235,-1,1235,845,888,-1,1235,888,1236,-1,888,1061,1236,-1,1236,1061,1060,-1,1236,1060,1237,-1,1060,1209,1237,-1,1237,1209,849,-1,1237,849,1238,-1,1044,1239,887,-1,887,1239,1238,-1,887,1238,848,-1,848,1238,849,-1,1044,1043,1239,-1,1239,1043,852,-1,1239,852,1240,-1,852,851,1240,-1,1240,851,886,-1,1240,886,1241,-1,886,1027,1241,-1,1241,1027,1026,-1,1241,1026,1242,-1,1026,1186,1242,-1,1242,1186,855,-1,1242,855,1243,-1,1010,1244,885,-1,885,1244,1243,-1,885,1243,854,-1,854,1243,855,-1,1010,1009,1244,-1,1244,1009,858,-1,1244,858,1245,-1,858,857,1245,-1,1245,857,884,-1,1245,884,1246,-1,884,993,1246,-1,1246,993,992,-1,1246,992,1247,-1,992,1163,1247,-1,1247,1163,861,-1,1247,861,1248,-1,976,1249,883,-1,883,1249,1248,-1,883,1248,860,-1,860,1248,861,-1,976,975,1249,-1,1249,975,864,-1,1249,864,1250,-1,864,863,1250,-1,1250,863,882,-1,1250,882,1251,-1,882,959,1251,-1,1251,959,958,-1,1251,958,1252,-1,958,1140,1252,-1,1252,1140,867,-1,1252,867,1253,-1,942,1254,881,-1,881,1254,1253,-1,881,1253,866,-1,866,1253,867,-1,942,941,1254,-1,1254,941,870,-1,1254,870,1255,-1,870,869,1255,-1,1255,869,880,-1,1255,880,1256,-1,880,925,1256,-1,1256,925,924,-1,1256,924,1257,-1,924,1117,1257,-1,1257,1117,873,-1,1257,873,1258,-1,908,1259,879,-1,879,1259,1258,-1,879,1258,872,-1,872,1258,873,-1,908,907,1259,-1,1259,907,876,-1,1259,876,1260,-1,876,875,1260,-1,1260,875,878,-1,1260,878,1261,-1,878,891,1261,-1,1261,891,890,-1,1261,890,1233,-1,1233,890,1094,-1,1233,1094,843,-1,1262,1255,1263,-1,1263,1255,1256,-1,1263,1256,1264,-1,1264,1256,1257,-1,1264,1257,1265,-1,1265,1257,1258,-1,1265,1258,1266,-1,1267,1250,1268,-1,1268,1250,1251,-1,1268,1251,1269,-1,1269,1251,1252,-1,1269,1252,1270,-1,1270,1252,1253,-1,1270,1253,1262,-1,1262,1253,1254,-1,1262,1254,1255,-1,1258,1259,1266,-1,1266,1259,1260,-1,1266,1260,1271,-1,1271,1260,1261,-1,1271,1261,1272,-1,1272,1261,1233,-1,1272,1233,1273,-1,1273,1233,1232,-1,1273,1232,1274,-1,1275,1245,1276,-1,1276,1245,1246,-1,1276,1246,1277,-1,1277,1246,1247,-1,1277,1247,1278,-1,1278,1247,1248,-1,1278,1248,1267,-1,1267,1248,1249,-1,1267,1249,1250,-1,1232,1234,1274,-1,1274,1234,1235,-1,1274,1235,1279,-1,1279,1235,1236,-1,1279,1236,1280,-1,1280,1236,1237,-1,1280,1237,1281,-1,1237,1238,1281,-1,1281,1238,1239,-1,1281,1239,1282,-1,1282,1239,1240,-1,1282,1240,1283,-1,1283,1240,1241,-1,1283,1241,1284,-1,1284,1241,1242,-1,1284,1242,1285,-1,1285,1242,1243,-1,1285,1243,1275,-1,1275,1243,1244,-1,1275,1244,1245,-1,746,1272,747,-1,747,1272,1273,-1,747,1273,733,-1,733,1273,1274,-1,733,1274,734,-1,734,1274,1279,-1,734,1279,736,-1,736,1279,1280,-1,736,1280,748,-1,748,1280,1281,-1,748,1281,749,-1,749,1281,1282,-1,749,1282,750,-1,750,1282,1283,-1,750,1283,740,-1,740,1283,1284,-1,740,1284,741,-1,741,1284,1285,-1,741,1285,751,-1,751,1285,1275,-1,751,1275,752,-1,752,1275,1276,-1,752,1276,731,-1,731,1276,1277,-1,731,1277,730,-1,730,1277,1278,-1,730,1278,737,-1,737,1278,1267,-1,737,1267,738,-1,738,1267,1268,-1,738,1268,739,-1,739,1268,1269,-1,739,1269,753,-1,753,1269,1270,-1,753,1270,754,-1,754,1270,1262,-1,754,1262,755,-1,755,1262,1263,-1,755,1263,742,-1,742,1263,1264,-1,742,1264,743,-1,743,1264,1265,-1,743,1265,744,-1,744,1265,1266,-1,744,1266,745,-1,745,1266,1271,-1,745,1271,746,-1,746,1271,1272,-1,725,715,723,-1,723,715,664,-1,723,664,665,-1,714,722,713,-1,713,722,721,-1,713,721,712,-1,723,665,721,-1,721,665,712,-1,714,715,722,-1,722,715,725,-1,1286,763,1287,-1,1287,763,762,-1,1288,760,1286,-1,1286,760,763,-1,1289,761,1288,-1,1288,761,760,-1,1287,762,1289,-1,1289,762,761,-1,679,680,1287,-1,1287,680,1286,-1,681,678,1288,-1,1288,678,1289,-1,681,1288,680,-1,680,1288,1286,-1,679,1287,678,-1,678,1287,1289,-1,90,1290,565,-1,565,1290,582,-1,1290,1291,582,-1,582,1291,584,-1,1291,397,584,-1,584,397,395,-1,1291,1290,397,-1,397,1290,90,-1,385,1292,386,-1,386,1292,580,-1,1292,1293,580,-1,580,1293,581,-1,1293,383,581,-1,581,383,382,-1,1293,1292,383,-1,383,1292,385,-1,
        ]
    }
}
Shape{
    appearance Appearance {
        material  Material 	{
            diffuseColor 1.0 1.0 1.0
            specularColor 0.5019607843137255 0.5019607843137255 0.5019607843137255
            ambientIntensity 1.0
            transparency 0.0
            shininess 0.5
        }
    }
    geometry IndexedFaceSet {
        ccw TRUE
        solid FALSE
        coord DEF co Coordinate {
            point [
                0.0838 1.4567 0.0, -0.0002 1.4567 0.0, 0.0838 1.4567 0.0039, -0.0002 1.4567 0.0039, 0.0838 1.6535 0.0039, 0.0838 1.6535 0.0, -0.0002 1.6535 0.0039, -0.0002 1.6535 0.0, 0.0574 1.6319 0.0, -0.0002 1.6319 0.0, 0.0574 1.6319 0.0039, -0.0002 1.6319 0.0039, 0.0574 1.5671 0.0039, 0.0574 1.5671 0.0, -0.0002 1.5671 0.0039, -0.0002 1.5671 0.0, 0.0574 1.5455 0.0, -0.0002 1.5455 0.0, 0.0574 1.5455 0.0039, -0.0002 1.5455 0.0039, 0.0574 1.4783 0.0039, 0.0574 1.4783 0.0, -0.0002 1.4783 0.0039, -0.0002 1.4783 0.0, 0.1222 1.4885 0.0039, 0.1222 1.4669 0.0039, 0.1222 1.4885 0.0, 0.1222 1.4669 0.0, 0.1764 1.4543 0.0039, 0.1764 1.4543 0.0, 0.171 1.4544 0.0, 0.171 1.4544 0.0039, 0.1432 1.4583 0.0, 0.1432 1.4583 0.0039, 0.2687 1.5514 0.0039, 0.2687 1.5514 0.0, 0.2668 1.5286 0.0, 0.2668 1.5286 0.0039, 0.2608 1.5078 0.0, 0.2608 1.5078 0.0039, 0.2504 1.489 0.0, 0.2504 1.489 0.0039, 0.2356 1.4735 0.0, 0.2356 1.4735 0.0039, 0.2197 1.4634 0.0, 0.2197 1.4634 0.0039, 0.2007 1.4568 0.0, 0.2007 1.4568 0.0039, 0.1686 1.6559 0.0039, 0.1686 1.6559 0.0, 0.1883 1.6543 0.0, 0.1883 1.6543 0.0039, 0.2103 1.6479 0.0, 0.2103 1.6479 0.0039, 0.229 1.6372 0.0, 0.229 1.6372 0.0039, 0.2467 1.6201 0.0, 0.2467 1.6201 0.0039, 0.2583 1.6017 0.0, 0.2583 1.6017 0.0039, 0.2658 1.5794 0.0, 0.2658 1.5794 0.0039, 0.1222 1.6481 0.0039, 0.1222 1.6481 0.0, 0.145 1.6543 0.0, 0.145 1.6543 0.0039, 0.1222 1.6217 0.0039, 0.1222 1.6217 0.0, 0.1683 1.6343 0.0039, 0.1683 1.6343 0.0, 0.1444 1.6312 0.0, 0.1444 1.6312 0.0039, 0.2423 1.553 0.0039, 0.2423 1.553 0.0, 0.2413 1.5683 0.0, 0.2413 1.5683 0.0039, 0.2361 1.5894 0.0, 0.2361 1.5894 0.0039, 0.228 1.6046 0.0, 0.228 1.6046 0.0039, 0.2161 1.6177 0.0, 0.2161 1.6177 0.0039, 0.2025 1.6268 0.0, 0.2025 1.6268 0.0039, 0.1877 1.6322 0.0, 0.1877 1.6322 0.0039, 0.1728 1.4759 0.0039, 0.1728 1.4759 0.0, 0.1911 1.4779 0.0, 0.1911 1.4779 0.0039, 0.2055 1.4832 0.0, 0.2055 1.4832 0.0039, 0.2175 1.4914 0.0, 0.2175 1.4914 0.0039, 0.2268 1.5011 0.0, 0.2268 1.5011 0.0039, 0.2349 1.5148 0.0, 0.2349 1.5148 0.0039, 0.2403 1.5317 0.0, 0.2403 1.5317 0.0039, 0.1258 1.4865 0.0, 0.1258 1.4865 0.0039, 0.1466 1.4788 0.0, 0.1466 1.4788 0.0039, 0.2855 1.4783 0.0039, 0.2855 1.4567 0.0039, 0.2855 1.4783 0.0, 0.2855 1.4567 0.0, 0.3863 1.4567 0.0039, 0.3863 1.4567 0.0, 0.3863 1.6535 0.0039, 0.3863 1.6535 0.0, 0.3599 1.6535 0.0039, 0.3599 1.6535 0.0, 0.3599 1.4783 0.0039, 0.3599 1.4783 0.0
            ]
        }
        coordIndex [
            0,1,2,-1,2,1,3,-1,2,4,0,-1,0,4,5,-1,4,6,5,-1,5,6,7,-1,8,9,10,-1,10,9,11,-1,10,12,8,-1,8,12,13,-1,12,14,13,-1,13,14,15,-1,16,17,18,-1,18,17,19,-1,18,20,16,-1,16,20,21,-1,20,22,21,-1,21,22,23,-1,2,3,22,-1,22,20,2,-1,2,20,18,-1,2,18,4,-1,11,6,10,-1,10,6,4,-1,10,4,12,-1,12,4,18,-1,12,18,14,-1,14,18,19,-1,24,25,26,-1,26,25,27,-1,28,29,30,-1,28,30,31,-1,31,30,32,-1,31,32,33,-1,33,32,27,-1,33,27,25,-1,34,35,36,-1,34,36,37,-1,37,36,38,-1,37,38,39,-1,39,38,40,-1,39,40,41,-1,41,40,42,-1,41,42,43,-1,43,42,44,-1,43,44,45,-1,45,44,46,-1,45,46,47,-1,47,46,29,-1,47,29,28,-1,48,49,50,-1,48,50,51,-1,51,50,52,-1,51,52,53,-1,53,52,54,-1,53,54,55,-1,55,54,56,-1,55,56,57,-1,57,56,58,-1,57,58,59,-1,59,58,60,-1,59,60,61,-1,61,60,35,-1,61,35,34,-1,62,63,64,-1,62,64,65,-1,65,64,49,-1,65,49,48,-1,62,66,63,-1,63,66,67,-1,68,69,70,-1,68,70,71,-1,71,70,67,-1,71,67,66,-1,72,73,74,-1,72,74,75,-1,75,74,76,-1,75,76,77,-1,77,76,78,-1,77,78,79,-1,79,78,80,-1,79,80,81,-1,81,80,82,-1,81,82,83,-1,83,82,84,-1,83,84,85,-1,85,84,69,-1,85,69,68,-1,86,87,88,-1,86,88,89,-1,89,88,90,-1,89,90,91,-1,91,90,92,-1,91,92,93,-1,93,92,94,-1,93,94,95,-1,95,94,96,-1,95,96,97,-1,97,96,98,-1,97,98,99,-1,99,98,73,-1,99,73,72,-1,24,26,100,-1,24,100,101,-1,101,100,102,-1,101,102,103,-1,103,102,87,-1,103,87,86,-1,89,28,86,-1,86,28,31,-1,86,31,103,-1,103,31,33,-1,103,33,101,-1,101,33,25,-1,101,25,24,-1,66,62,71,-1,71,62,65,-1,71,65,68,-1,68,65,48,-1,68,48,85,-1,85,48,51,-1,85,51,83,-1,83,51,53,-1,83,53,81,-1,81,53,55,-1,81,55,79,-1,79,55,57,-1,79,57,77,-1,77,57,59,-1,77,59,75,-1,75,59,61,-1,75,61,72,-1,72,61,34,-1,72,34,99,-1,99,34,37,-1,99,37,97,-1,97,37,39,-1,97,39,95,-1,95,39,41,-1,95,41,93,-1,93,41,43,-1,93,43,91,-1,91,43,45,-1,91,45,89,-1,89,45,47,-1,89,47,28,-1,104,105,106,-1,106,105,107,-1,105,108,107,-1,107,108,109,-1,108,110,109,-1,109,110,111,-1,110,112,111,-1,111,112,113,-1,112,114,113,-1,113,114,115,-1,114,104,115,-1,115,104,106,-1,112,110,114,-1,114,110,108,-1,114,108,104,-1,104,108,105,-1,
        ]
    }
}
Shape{
    appearance Appearance {
        material  Material 	{
            diffuseColor 0.0 0.0 0.0
            specularColor 0.0 0.0 0.0
            ambientIntensity 0.0
            transparency 0.0
            shininess 0.5
        }
    }
    geometry IndexedFaceSet {
        ccw TRUE
        solid FALSE
        coord DEF co Coordinate {
            point [
                2.0002 0.1784 4.7611, 2.0002 0.1784 4.7428, 1.9998 0.1784 4.7611, 1.9998 0.1784 4.7428, 2.0002 0.1146 4.7611, 1.9998 0.1146 4.7611, 2.0002 0.1146 4.903, 1.9998 0.1146 4.903, 2.0002 0.0939 4.903, 1.9998 0.0939 4.903, 2.0002 0.0939 4.7428, 1.9998 0.0939 4.7428, 2.0002 0.2849 4.7425, 2.0002 0.2605 4.7401, 1.9998 0.2746 4.7415, 1.9998 0.2605 4.7401, 1.9998 0.2849 4.7425, 1.9998 0.3021 4.7481, 2.0002 0.3021 4.7481, 1.9998 0.3048 4.7495, 2.0002 0.3048 4.7495, 2.0002 0.3048 4.7693, 1.9998 0.3048 4.7693, 1.9998 0.2891 4.7622, 2.0002 0.2891 4.7622, 1.9998 0.271 4.7588, 2.0002 0.271 4.7588, 1.9998 0.2635 4.7586, 2.0002 0.2635 4.7586, 1.9998 0.2473 4.7605, 2.0002 0.2473 4.7605, 1.9998 0.2359 4.7649, 2.0002 0.2359 4.7649, 1.9998 0.2255 4.7723, 2.0002 0.2255 4.7723, 1.9998 0.2223 4.7754, 2.0002 0.2223 4.7754, 1.9998 0.2145 4.7863, 2.0002 0.2145 4.7863, 1.9998 0.2094 4.7992, 2.0002 0.2094 4.7992, 1.9998 0.2068 4.8152, 2.0002 0.2068 4.8152, 1.9998 0.2066 4.8211, 2.0002 0.2066 4.8211, 1.9998 0.2093 4.8434, 2.0002 0.2093 4.8434, 1.9998 0.2147 4.8571, 2.0002 0.2147 4.8571, 1.9998 0.2234 4.8692, 2.0002 0.2234 4.8692, 1.9998 0.2344 4.8783, 2.0002 0.2344 4.8783, 1.9998 0.247 4.8841, 2.0002 0.247 4.8841, 1.9998 0.2609 4.8868, 2.0002 0.2609 4.8868, 1.9998 0.2671 4.887, 2.0002 0.2671 4.887, 1.9998 0.2868 4.8847, 2.0002 0.2868 4.8847, 1.9998 0.303 4.8785, 2.0002 0.303 4.8785, 1.9998 0.3048 4.8775, 2.0002 0.3048 4.8775, 2.0002 0.3048 4.8991, 1.9998 0.3048 4.8991, 1.9998 0.2669 4.9057, 2.0002 0.2669 4.9057, 2.0002 0.2672 4.9057, 1.9998 0.2881 4.904, 2.0002 0.2881 4.904, 1.9998 0.2839 4.9043, 1.9998 0.2672 4.9057, 1.9998 0.2559 4.9043, 2.0002 0.2436 4.9028, 1.9998 0.2436 4.9028, 1.9998 0.2269 4.8963, 2.0002 0.2269 4.8963, 1.9998 0.2119 4.8858, 2.0002 0.2119 4.8858, 1.9998 0.2081 4.8821, 2.0002 0.2081 4.8821, 1.9998 0.1964 4.8669, 2.0002 0.1964 4.8669, 1.9998 0.1921 4.8567, 2.0002 0.1888 4.8491, 1.9998 0.1888 4.8491, 1.9998 0.1852 4.8282, 2.0002 0.1852 4.8282, 1.9998 0.1849 4.8199, 2.0002 0.1849 4.8199, 1.9998 0.2055 4.762, 2.0002 0.2055 4.762, 2.0002 0.1947 4.7769, 1.9998 0.1882 4.7935, 2.0002 0.1882 4.7935, 1.9998 0.1921 4.7836, 1.9998 0.1947 4.7769, 2.0002 0.2508 4.7406, 1.9998 0.2184 4.7513, 2.0002 0.2184 4.7513, 1.9998 0.2335 4.7442, 2.0002 0.2335 4.7442, 1.9998 0.2465 4.7415, 1.9998 0.2508 4.7406, 2.0002 0.423 4.7611, 2.0002 0.423 4.7428, 1.9998 0.423 4.7611, 1.9998 0.423 4.7428, 1.9998 0.3576 4.7611, 2.0002 0.3576 4.7611, 1.9998 0.4008 4.7611, 2.0002 0.3576 4.815, 1.9998 0.3576 4.815, 1.9998 0.4148 4.815, 2.0002 0.4148 4.815, 1.9998 0.4008 4.815, 2.0002 0.4148 4.8333, 1.9998 0.4148 4.8333, 1.9998 0.3576 4.8333, 2.0002 0.3576 4.8333, 1.9998 0.4008 4.8333, 2.0002 0.3576 4.8846, 1.9998 0.3576 4.8846, 1.9998 0.4194 4.8846, 2.0002 0.4194 4.8846, 1.9998 0.4008 4.8846, 2.0002 0.4194 4.903, 1.9998 0.4194 4.903, 1.9998 0.3369 4.903, 2.0002 0.3369 4.903, 1.9998 0.4008 4.903, 2.0002 0.3369 4.7428, 1.9998 0.3369 4.7428, 1.9998 0.4008 4.7428, 2.0002 0.5528 4.7877, 2.0002 0.5448 4.7778, 2.0002 0.5595 4.7653, 2.0002 0.5418 4.7751, 2.0002 0.5429 4.7534, 2.0002 0.5312 4.7682, 2.0002 0.5247 4.7462, 2.0002 0.5175 4.7633, 2.0002 0.4973 4.7428, 2.0002 0.4972 4.7611, 2.0002 0.4533 4.7428, 2.0002 0.4739 4.7611, 2.0002 0.4533 4.903, 2.0002 0.4739 4.8846, 2.0002 0.4989 4.903, 2.0002 0.4981 4.8846, 2.0002 0.5234 4.9003, 2.0002 0.5187 4.8823, 2.0002 0.5427 4.8932, 2.0002 0.5326 4.8773, 2.0002 0.5595 4.8818, 2.0002 0.5443 4.8695, 2.0002 0.565 4.8764, 2.0002 0.5496 4.8642, 2.0002 0.575 4.8624, 2.0002 0.5556 4.855, 2.0002 0.5809 4.8472, 2.0002 0.5599 4.8428, 2.0002 0.5836 4.825, 2.0002 0.5619 4.8244, 2.0002 0.5832 4.8148, 2.0002 0.5614 4.8143, 2.0002 0.5793 4.796, 2.0002 0.5583 4.7996, 2.0002 0.5714 4.7795, 1.9998 0.4973 4.7428, 1.9998 0.4533 4.7428, 1.9998 0.5595 4.7653, 1.9998 0.5247 4.7462, 1.9998 0.5266 4.7469, 1.9998 0.5429 4.7534, 1.9998 0.5714 4.7795, 1.9998 0.5793 4.796, 1.9998 0.5832 4.8148, 1.9998 0.5836 4.825, 1.9998 0.5809 4.8472, 1.9998 0.575 4.8624, 1.9998 0.565 4.8764, 1.9998 0.5595 4.8818, 1.9998 0.4989 4.903, 1.9998 0.5427 4.8932, 1.9998 0.5266 4.8991, 1.9998 0.5234 4.9003, 1.9998 0.4533 4.903, 1.9998 0.4981 4.8846, 1.9998 0.4739 4.8846, 1.9998 0.4739 4.7611, 1.9998 0.4972 4.7611, 1.9998 0.5448 4.7778, 1.9998 0.5418 4.7751, 1.9998 0.5312 4.7682, 1.9998 0.5175 4.7633, 1.9998 0.5619 4.8244, 1.9998 0.5614 4.8143, 1.9998 0.5583 4.7996, 1.9998 0.5528 4.7877, 1.9998 0.5443 4.8695, 1.9998 0.5496 4.8642, 1.9998 0.5556 4.855, 1.9998 0.5599 4.8428, 1.9998 0.5187 4.8823, 1.9998 0.5326 4.8773
            ]
        }
        coordIndex [
            0,1,2,-1,2,1,3,-1,4,0,5,-1,5,0,2,-1,6,4,7,-1,7,4,5,-1,8,6,9,-1,9,6,7,-1,10,8,11,-1,11,8,9,-1,1,10,3,-1,3,10,11,-1,6,8,4,-1,4,8,10,-1,4,10,0,-1,0,10,1,-1,12,13,14,-1,14,13,15,-1,14,16,12,-1,12,16,17,-1,12,17,18,-1,18,17,19,-1,18,19,20,-1,21,20,22,-1,22,20,19,-1,21,22,23,-1,21,23,24,-1,24,23,25,-1,24,25,26,-1,26,25,27,-1,26,27,28,-1,28,27,29,-1,28,29,30,-1,30,29,31,-1,30,31,32,-1,32,31,33,-1,32,33,34,-1,34,33,35,-1,34,35,36,-1,36,35,37,-1,36,37,38,-1,38,37,39,-1,38,39,40,-1,40,39,41,-1,40,41,42,-1,42,41,43,-1,42,43,44,-1,44,43,45,-1,44,45,46,-1,46,45,47,-1,46,47,48,-1,48,47,49,-1,48,49,50,-1,50,49,51,-1,50,51,52,-1,52,51,53,-1,52,53,54,-1,54,53,55,-1,54,55,56,-1,56,55,57,-1,56,57,58,-1,58,57,59,-1,58,59,60,-1,60,59,61,-1,60,61,62,-1,62,61,63,-1,62,63,64,-1,65,64,66,-1,66,64,63,-1,67,68,69,-1,65,66,70,-1,65,70,71,-1,71,70,72,-1,71,72,69,-1,69,72,73,-1,69,73,67,-1,68,67,74,-1,68,74,75,-1,74,76,75,-1,75,76,77,-1,75,77,78,-1,78,77,79,-1,78,79,80,-1,80,79,81,-1,80,81,82,-1,82,81,83,-1,82,83,84,-1,84,83,85,-1,84,85,86,-1,85,87,86,-1,86,87,88,-1,86,88,89,-1,89,88,90,-1,89,90,91,-1,92,93,94,-1,91,90,95,-1,91,95,96,-1,96,95,97,-1,96,97,94,-1,94,97,98,-1,94,98,92,-1,15,13,99,-1,93,92,100,-1,93,100,101,-1,101,100,102,-1,101,102,103,-1,103,102,104,-1,103,104,99,-1,99,104,105,-1,99,105,15,-1,62,64,65,-1,52,80,50,-1,50,80,82,-1,50,82,48,-1,48,82,84,-1,48,84,46,-1,62,65,60,-1,60,65,71,-1,60,71,58,-1,58,71,69,-1,58,69,56,-1,56,69,68,-1,56,68,54,-1,54,68,75,-1,54,75,52,-1,52,75,78,-1,52,78,80,-1,91,44,89,-1,89,44,46,-1,89,46,86,-1,86,46,84,-1,20,21,18,-1,18,21,24,-1,18,24,12,-1,12,24,26,-1,12,26,13,-1,13,26,28,-1,13,28,99,-1,99,28,30,-1,99,30,103,-1,103,30,32,-1,103,32,101,-1,101,32,34,-1,101,34,93,-1,93,34,36,-1,93,36,94,-1,94,36,38,-1,94,38,96,-1,96,38,40,-1,96,40,91,-1,91,40,42,-1,91,42,44,-1,106,107,108,-1,108,107,109,-1,110,111,112,-1,112,111,106,-1,112,106,108,-1,113,111,114,-1,114,111,110,-1,115,116,117,-1,117,116,113,-1,117,113,114,-1,118,116,119,-1,119,116,115,-1,120,121,122,-1,122,121,118,-1,122,118,119,-1,123,121,124,-1,124,121,120,-1,125,126,127,-1,127,126,123,-1,127,123,124,-1,128,126,129,-1,129,126,125,-1,130,131,132,-1,132,131,128,-1,132,128,129,-1,133,131,134,-1,134,131,130,-1,109,107,135,-1,135,107,133,-1,135,133,134,-1,133,107,106,-1,106,111,133,-1,133,111,113,-1,133,113,131,-1,126,128,123,-1,123,128,131,-1,123,131,121,-1,121,131,113,-1,121,113,118,-1,118,113,116,-1,136,137,138,-1,138,137,139,-1,138,139,140,-1,140,139,141,-1,140,141,142,-1,142,141,143,-1,142,143,144,-1,144,143,145,-1,144,145,146,-1,146,145,147,-1,146,147,148,-1,148,147,149,-1,148,149,150,-1,150,149,151,-1,150,151,152,-1,152,151,153,-1,152,153,154,-1,154,153,155,-1,154,155,156,-1,156,155,157,-1,156,157,158,-1,158,157,159,-1,158,159,160,-1,160,159,161,-1,160,161,162,-1,162,161,163,-1,162,163,164,-1,164,163,165,-1,164,165,166,-1,166,165,167,-1,166,167,168,-1,168,167,169,-1,168,169,170,-1,170,169,136,-1,170,136,138,-1,144,146,171,-1,171,146,172,-1,173,138,140,-1,144,171,174,-1,144,174,142,-1,142,174,175,-1,142,175,140,-1,140,175,176,-1,140,176,173,-1,138,173,177,-1,138,177,170,-1,170,177,178,-1,170,178,168,-1,168,178,179,-1,168,179,166,-1,166,179,180,-1,166,180,164,-1,164,180,181,-1,164,181,162,-1,162,181,182,-1,162,182,160,-1,160,182,183,-1,160,183,158,-1,158,183,184,-1,158,184,156,-1,185,150,152,-1,156,184,186,-1,156,186,154,-1,154,186,187,-1,154,187,152,-1,152,187,188,-1,152,188,185,-1,148,150,189,-1,189,150,185,-1,146,148,172,-1,172,148,189,-1,151,149,190,-1,190,149,191,-1,149,147,191,-1,191,147,192,-1,147,145,192,-1,192,145,193,-1,137,194,195,-1,137,195,139,-1,139,195,196,-1,139,196,141,-1,141,196,197,-1,141,197,143,-1,143,197,193,-1,143,193,145,-1,165,198,199,-1,165,199,167,-1,167,199,200,-1,167,200,169,-1,169,200,201,-1,169,201,136,-1,136,201,194,-1,136,194,137,-1,157,202,203,-1,157,203,159,-1,159,203,204,-1,159,204,161,-1,161,204,205,-1,161,205,163,-1,163,205,198,-1,163,198,165,-1,151,190,206,-1,151,206,153,-1,153,206,207,-1,153,207,155,-1,155,207,202,-1,155,202,157,-1,
        ]
    }
}
Shape{
    appearance Appearance {
        material  Material 	{
            diffuseColor 0.0 0.9058823529411765 0.6705882352941176
            specularColor 0.0 0.45098039215686275 0.3333333333333333
            ambientIntensity 0.6082
            transparency 0.0
            shininess 0.5
        }
    }
    geometry IndexedFaceSet {
        ccw TRUE
        solid FALSE
        coord DEF co Coordinate {
            point [
                1.9998 0.4739 4.8846, 1.9998 0.4739 4.7611, 1.9998 0.4981 4.8846, 1.9998 0.4972 4.7611, 1.9998 0.5175 4.7633, 1.9998 0.5312 4.7682, 1.9998 0.5418 4.7751, 1.9998 0.5448 4.7778, 1.9998 0.5528 4.7877, 1.9998 0.5583 4.7996, 1.9998 0.5614 4.8143, 1.9998 0.5619 4.8244, 1.9998 0.5599 4.8428, 1.9998 0.5556 4.855, 1.9998 0.5496 4.8642, 1.9998 0.5443 4.8695, 1.9998 0.5187 4.8823, 1.9998 0.5326 4.8773
            ]
        }
        coordIndex [
            0,1,2,-1,2,1,3,-1,2,3,4,-1,4,5,2,-1,2,5,6,-1,2,6,7,-1,7,8,2,-1,2,8,9,-1,2,9,10,-1,10,11,2,-1,2,11,12,-1,2,12,13,-1,13,14,2,-1,2,14,15,-1,2,15,16,-1,16,15,17,-1,
        ]
    }
}
Shape{
    appearance Appearance {
        material  Material 	{
            diffuseColor 0.0 0.0 0.0
            specularColor 0.0 0.0 0.0
            ambientIntensity 0.0
            transparency 0.0
            shininess 0.5
        }
    }
    geometry IndexedFaceSet {
        ccw TRUE
        solid FALSE
        coord DEF co Coordinate {
            point [
                2.0002 0.6373 4.8047, 2.0002 0.6308 4.7866, 2.0002 0.6911 4.8047, 2.0002 0.6974 4.7866, 2.0002 0.6613 4.8713, 2.0002 0.6535 4.903, 2.0002 0.5925 4.7428, 2.0002 0.6154 4.7428, 2.0002 0.6626 4.8761, 2.0002 0.6639 4.8825, 2.0002 0.6756 4.903, 2.0002 0.6644 4.8825, 2.0002 0.6657 4.8757, 2.0002 0.6669 4.8713, 2.0002 0.7366 4.7428, 2.0002 0.7138 4.7428, 1.9998 0.6756 4.903, 1.9998 0.7366 4.7428, 1.9998 0.6535 4.903, 1.9998 0.5925 4.7428, 1.9998 0.6387 4.864, 1.9998 0.6154 4.7428, 1.9998 0.6308 4.7866, 1.9998 0.6974 4.7866, 1.9998 0.6387 4.7866, 1.9998 0.7138 4.7428, 1.9998 0.6373 4.8047, 1.9998 0.6911 4.8047, 1.9998 0.6669 4.8713, 1.9998 0.6644 4.8825, 1.9998 0.6657 4.8757, 1.9998 0.6639 4.8825, 1.9998 0.6613 4.8713, 1.9998 0.6626 4.8761
            ]
        }
        coordIndex [
            0,1,2,-1,2,1,3,-1,4,5,0,-1,0,5,6,-1,0,6,1,-1,1,6,7,-1,4,8,5,-1,5,8,9,-1,5,9,10,-1,10,9,11,-1,10,11,12,-1,12,13,10,-1,10,13,2,-1,10,2,14,-1,14,2,3,-1,14,3,15,-1,10,14,16,-1,16,14,17,-1,5,10,18,-1,18,10,16,-1,19,6,20,-1,20,6,5,-1,20,5,18,-1,7,6,21,-1,21,6,19,-1,1,7,22,-1,22,7,21,-1,23,3,24,-1,24,3,1,-1,24,1,22,-1,15,3,25,-1,25,3,23,-1,14,15,17,-1,17,15,25,-1,0,2,26,-1,26,2,27,-1,2,13,27,-1,27,13,28,-1,11,29,30,-1,11,30,12,-1,12,30,28,-1,12,28,13,-1,11,9,29,-1,29,9,31,-1,4,32,33,-1,4,33,8,-1,8,33,31,-1,8,31,9,-1,4,0,32,-1,32,0,26,-1,
        ]
    }
}
Shape{
    appearance Appearance {
        material  Material 	{
            diffuseColor 0.0 0.9058823529411765 0.6705882352941176
            specularColor 0.0 0.45098039215686275 0.3333333333333333
            ambientIntensity 0.6082
            transparency 0.0
            shininess 0.5
        }
    }
    geometry IndexedFaceSet {
        ccw TRUE
        solid FALSE
        coord DEF co Coordinate {
            point [
                1.9998 0.6644 4.8825, 1.9998 0.6639 4.8825, 1.9998 0.6657 4.8757, 1.9998 0.6626 4.8761, 1.9998 0.6669 4.8713, 1.9998 0.6613 4.8713, 1.9998 0.6911 4.8047, 1.9998 0.6373 4.8047
            ]
        }
        coordIndex [
            0,1,2,-1,2,1,3,-1,2,3,4,-1,4,3,5,-1,4,5,6,-1,6,5,7,-1,
        ]
    }
}
Shape{
    appearance Appearance {
        material  Material 	{
            diffuseColor 0.0 0.0 0.0
            specularColor 0.0 0.0 0.0
            ambientIntensity 0.0
            transparency 0.0
            shininess 0.5
        }
    }
    geometry IndexedFaceSet {
        ccw TRUE
        solid FALSE
        coord DEF co Coordinate {
            point [
                2.0002 0.1801 4.507, 2.0002 0.1801 4.4888, 1.9998 0.1801 4.507, 1.9998 0.1801 4.4888, 2.0002 0.1146 4.507, 1.9998 0.1146 4.507, 2.0002 0.1146 4.5609, 1.9998 0.1146 4.5609, 2.0002 0.1719 4.5609, 1.9998 0.1719 4.5609, 2.0002 0.1719 4.5793, 1.9998 0.1719 4.5793, 2.0002 0.1146 4.5793, 1.9998 0.1146 4.5793, 2.0002 0.1146 4.6305, 1.9998 0.1146 4.6305, 2.0002 0.1764 4.6305, 1.9998 0.1764 4.6305, 2.0002 0.1764 4.6489, 1.9998 0.1764 4.6489, 2.0002 0.0939 4.6489, 1.9998 0.0939 4.6489, 2.0002 0.0939 4.4888, 1.9998 0.0939 4.4888, 2.0002 0.2912 4.5624, 2.0002 0.2711 4.5462, 2.0002 0.2711 4.5352, 2.0002 0.2706 4.5065, 2.0002 0.2711 4.5065, 2.0002 0.27 4.5257, 2.0002 0.2711 4.4888, 2.0002 0.2912 4.4888, 2.0002 0.2198 4.5242, 2.0002 0.2208 4.5288, 2.0002 0.2033 4.5375, 2.0002 0.2237 4.5094, 2.0002 0.2091 4.4951, 2.0002 0.2254 4.5077, 2.0002 0.2157 4.4905, 2.0002 0.2294 4.505, 2.0002 0.2233 4.4875, 2.0002 0.2339 4.5033, 2.0002 0.2073 4.5433, 2.0002 0.2225 4.5326, 2.0002 0.2135 4.5486, 2.0002 0.2249 4.5355, 2.0002 0.222 4.553, 2.0002 0.2349 4.4861, 2.0002 0.2355 4.4861, 2.0002 0.2407 4.5025, 2.0002 0.2455 4.4871, 2.0002 0.249 4.5036, 2.0002 0.2537 4.49, 2.0002 0.255 4.506, 2.0002 0.261 4.4948, 2.0002 0.2605 4.5099, 2.0002 0.2673 4.5016, 2.0002 0.2625 4.5119, 2.0002 0.2672 4.5184, 2.0002 0.2275 4.5375, 2.0002 0.2322 4.5398, 2.0002 0.2372 4.5567, 2.0002 0.2443 4.5426, 2.0002 0.2711 4.5615, 2.0002 0.2006 4.5304, 2.0002 0.1993 4.5218, 2.0002 0.2196 4.521, 2.0002 0.1993 4.5194, 2.0002 0.2201 4.5164, 2.0002 0.2003 4.51, 2.0002 0.2214 4.5128, 2.0002 0.2028 4.5033, 2.0002 0.207 4.4972, 2.0002 0.2104 4.5951, 2.0002 0.2104 4.5757, 2.0002 0.2145 4.5975, 2.0002 0.2243 4.5844, 2.0002 0.2294 4.6033, 2.0002 0.2369 4.5884, 2.0002 0.2498 4.6058, 2.0002 0.2479 4.5895, 2.0002 0.2617 4.6047, 2.0002 0.2548 4.5888, 2.0002 0.2702 4.6022, 2.0002 0.2594 4.5871, 2.0002 0.2769 4.5984, 2.0002 0.263 4.5848, 2.0002 0.2823 4.5933, 2.0002 0.266 4.5816, 2.0002 0.2864 4.5869, 2.0002 0.2684 4.5774, 2.0002 0.2895 4.5779, 2.0002 0.2704 4.5702, 1.9998 0.2498 4.6058, 1.9998 0.2294 4.6033, 1.9998 0.2145 4.5975, 1.9998 0.2104 4.5951, 1.9998 0.2104 4.5757, 1.9998 0.2243 4.5844, 1.9998 0.2369 4.5884, 1.9998 0.2479 4.5895, 1.9998 0.2548 4.5888, 1.9998 0.2594 4.5871, 1.9998 0.263 4.5848, 1.9998 0.266 4.5816, 1.9998 0.2684 4.5774, 1.9998 0.2704 4.5702, 1.9998 0.2711 4.5615, 1.9998 0.2372 4.5567, 1.9998 0.222 4.553, 1.9998 0.2135 4.5486, 1.9998 0.2073 4.5433, 1.9998 0.2033 4.5375, 1.9998 0.2006 4.5304, 1.9998 0.1993 4.5218, 1.9998 0.1993 4.5194, 1.9998 0.2003 4.51, 1.9998 0.2028 4.5033, 1.9998 0.207 4.4972, 1.9998 0.2091 4.4951, 1.9998 0.2355 4.4861, 1.9998 0.2157 4.4905, 1.9998 0.2233 4.4875, 1.9998 0.2241 4.4874, 1.9998 0.2349 4.4861, 1.9998 0.2455 4.4871, 1.9998 0.2463 4.4874, 1.9998 0.2537 4.49, 1.9998 0.261 4.4948, 1.9998 0.2673 4.5016, 1.9998 0.2706 4.5065, 1.9998 0.2711 4.5065, 1.9998 0.2711 4.4888, 1.9998 0.2912 4.4888, 1.9998 0.2912 4.5624, 1.9998 0.2895 4.5779, 1.9998 0.2864 4.5869, 1.9998 0.2823 4.5933, 1.9998 0.2769 4.5984, 1.9998 0.2702 4.6022, 1.9998 0.2617 4.6047, 1.9998 0.2249 4.5355, 1.9998 0.2275 4.5375, 1.9998 0.2322 4.5398, 1.9998 0.2443 4.5426, 1.9998 0.2196 4.521, 1.9998 0.2198 4.5242, 1.9998 0.2208 4.5288, 1.9998 0.2225 4.5326, 1.9998 0.2254 4.5077, 1.9998 0.2237 4.5094, 1.9998 0.2214 4.5128, 1.9998 0.2201 4.5164, 1.9998 0.2407 4.5025, 1.9998 0.2339 4.5033, 1.9998 0.2294 4.505, 1.9998 0.2625 4.5119, 1.9998 0.2605 4.5099, 1.9998 0.255 4.506, 1.9998 0.249 4.5036, 1.9998 0.2711 4.5352, 1.9998 0.27 4.5257, 1.9998 0.2672 4.5184, 1.9998 0.2711 4.5462
            ]
        }
        coordIndex [
            0,1,2,-1,2,1,3,-1,4,0,5,-1,5,0,2,-1,6,4,7,-1,7,4,5,-1,8,6,9,-1,9,6,7,-1,10,8,11,-1,11,8,9,-1,12,10,13,-1,13,10,11,-1,14,12,15,-1,15,12,13,-1,16,14,17,-1,17,14,15,-1,18,16,19,-1,19,16,17,-1,20,18,21,-1,21,18,19,-1,22,20,23,-1,23,20,21,-1,1,22,3,-1,3,22,23,-1,16,18,14,-1,14,18,20,-1,14,20,12,-1,1,0,22,-1,22,0,4,-1,22,4,6,-1,8,10,6,-1,6,10,12,-1,6,12,22,-1,22,12,20,-1,24,25,26,-1,27,28,29,-1,30,31,28,-1,28,31,24,-1,28,24,29,-1,29,24,26,-1,32,33,34,-1,35,36,37,-1,37,36,38,-1,37,38,39,-1,39,38,40,-1,39,40,41,-1,34,33,42,-1,42,33,43,-1,42,43,44,-1,44,43,45,-1,44,45,46,-1,40,47,41,-1,41,47,48,-1,41,48,49,-1,49,48,50,-1,49,50,51,-1,51,50,52,-1,51,52,53,-1,53,52,54,-1,53,54,55,-1,55,54,56,-1,55,56,57,-1,57,56,27,-1,57,27,58,-1,58,27,29,-1,45,59,46,-1,46,59,60,-1,46,60,61,-1,61,60,62,-1,61,62,63,-1,34,64,32,-1,32,64,65,-1,32,65,66,-1,66,65,67,-1,66,67,68,-1,68,67,69,-1,68,69,70,-1,70,69,71,-1,70,71,35,-1,35,71,72,-1,35,72,36,-1,73,74,75,-1,75,74,76,-1,75,76,77,-1,77,76,78,-1,77,78,79,-1,79,78,80,-1,79,80,81,-1,81,80,82,-1,81,82,83,-1,83,82,84,-1,83,84,85,-1,85,84,86,-1,85,86,87,-1,87,86,88,-1,87,88,89,-1,89,88,90,-1,89,90,91,-1,91,90,92,-1,91,92,24,-1,24,92,63,-1,24,63,25,-1,25,63,62,-1,79,93,94,-1,79,94,77,-1,77,94,95,-1,77,95,75,-1,75,95,96,-1,75,96,73,-1,74,73,97,-1,97,73,96,-1,74,97,98,-1,74,98,76,-1,76,98,99,-1,76,99,78,-1,78,99,100,-1,78,100,80,-1,80,100,101,-1,80,101,82,-1,82,101,102,-1,82,102,84,-1,84,102,103,-1,84,103,86,-1,86,103,104,-1,86,104,88,-1,88,104,105,-1,88,105,90,-1,90,105,106,-1,90,106,92,-1,92,106,107,-1,92,107,63,-1,61,63,108,-1,108,63,107,-1,61,108,109,-1,61,109,46,-1,46,109,110,-1,46,110,44,-1,44,110,111,-1,44,111,42,-1,42,111,112,-1,42,112,34,-1,34,112,113,-1,34,113,64,-1,64,113,114,-1,64,114,65,-1,65,114,115,-1,65,115,67,-1,67,115,116,-1,67,116,69,-1,69,116,117,-1,69,117,71,-1,71,117,118,-1,71,118,72,-1,72,118,119,-1,72,119,36,-1,120,48,47,-1,36,119,121,-1,36,121,38,-1,38,121,122,-1,38,122,40,-1,40,122,123,-1,40,123,47,-1,47,123,124,-1,47,124,120,-1,48,120,125,-1,48,125,50,-1,50,125,126,-1,50,126,52,-1,126,127,52,-1,52,127,128,-1,52,128,54,-1,54,128,129,-1,54,129,56,-1,56,129,130,-1,56,130,27,-1,28,27,131,-1,131,27,130,-1,30,28,132,-1,132,28,131,-1,31,30,133,-1,133,30,132,-1,24,31,134,-1,134,31,133,-1,24,134,135,-1,24,135,91,-1,91,135,136,-1,91,136,89,-1,89,136,137,-1,89,137,87,-1,87,137,138,-1,87,138,85,-1,85,138,139,-1,85,139,83,-1,83,139,140,-1,83,140,81,-1,81,140,93,-1,81,93,79,-1,45,141,142,-1,45,142,59,-1,59,142,143,-1,59,143,60,-1,60,143,144,-1,60,144,62,-1,66,145,146,-1,66,146,32,-1,32,146,147,-1,32,147,33,-1,33,147,148,-1,33,148,43,-1,43,148,141,-1,43,141,45,-1,37,149,150,-1,37,150,35,-1,35,150,151,-1,35,151,70,-1,70,151,152,-1,70,152,68,-1,68,152,145,-1,68,145,66,-1,49,153,154,-1,49,154,41,-1,41,154,155,-1,41,155,39,-1,39,155,149,-1,39,149,37,-1,57,156,157,-1,57,157,55,-1,55,157,158,-1,55,158,53,-1,53,158,159,-1,53,159,51,-1,51,159,153,-1,51,153,49,-1,26,160,161,-1,26,161,29,-1,29,161,162,-1,29,162,58,-1,58,162,156,-1,58,156,57,-1,26,25,160,-1,160,25,163,-1,25,62,163,-1,163,62,144,-1,
        ]
    }
}
Shape{
    appearance Appearance {
        material  Material 	{
            diffuseColor 0.0 0.9058823529411765 0.6705882352941176
            specularColor 0.0 0.45098039215686275 0.3333333333333333
            ambientIntensity 0.6082
            transparency 0.0
            shininess 0.5
        }
    }
    geometry IndexedFaceSet {
        ccw TRUE
        solid FALSE
        coord DEF co Coordinate {
            point [
                1.9998 0.2711 4.5352, 1.9998 0.2711 4.5462, 1.9998 0.2443 4.5426, 1.9998 0.2605 4.5099, 1.9998 0.2625 4.5119, 1.9998 0.2322 4.5398, 1.9998 0.2275 4.5375, 1.9998 0.249 4.5036, 1.9998 0.255 4.506, 1.9998 0.2672 4.5184, 1.9998 0.27 4.5257, 1.9998 0.2249 4.5355, 1.9998 0.2225 4.5326, 1.9998 0.2208 4.5288, 1.9998 0.2198 4.5242, 1.9998 0.2196 4.521, 1.9998 0.2201 4.5164, 1.9998 0.2294 4.505, 1.9998 0.2339 4.5033, 1.9998 0.2254 4.5077, 1.9998 0.2407 4.5025, 1.9998 0.2214 4.5128, 1.9998 0.2237 4.5094
            ]
        }
        coordIndex [
            0,1,2,-1,3,4,2,-1,5,6,7,-1,5,7,2,-1,2,7,8,-1,2,8,3,-1,4,9,2,-1,2,9,10,-1,2,10,0,-1,6,11,7,-1,7,11,12,-1,7,12,13,-1,13,14,7,-1,7,14,15,-1,7,15,16,-1,17,18,19,-1,19,18,20,-1,19,20,7,-1,16,21,7,-1,7,21,22,-1,7,22,19,-1,
        ]
    }
}
Shape{
    appearance Appearance {
        material  Material 	{
            diffuseColor 0.0 0.0 0.0
            specularColor 0.0 0.0 0.0
            ambientIntensity 0.0
            transparency 0.0
            shininess 0.5
        }
    }
    geometry IndexedFaceSet {
        ccw TRUE
        solid FALSE
        coord DEF co Coordinate {
            point [
                1.9998 0.3183 4.5135, 2.0002 0.3183 4.5135, 2.0002 0.3255 4.509, 2.0002 0.3513 4.5025, 1.9998 0.3513 4.5025, 1.9998 0.3381 4.5041, 2.0002 0.3381 4.5041, 1.9998 0.3276 4.5082, 1.9998 0.3255 4.509, 2.0002 0.3183 4.4928, 1.9998 0.3183 4.4928, 2.0002 0.3324 4.4879, 1.9998 0.3276 4.4895, 1.9998 0.3494 4.4861, 2.0002 0.3494 4.4861, 1.9998 0.3364 4.4874, 1.9998 0.3324 4.4879, 2.0002 0.3676 4.4883, 1.9998 0.3606 4.4874, 1.9998 0.3676 4.4883, 1.9998 0.3781 4.4924, 2.0002 0.3781 4.4924, 1.9998 0.3827 4.4952, 2.0002 0.3827 4.4952, 1.9998 0.3889 4.5008, 2.0002 0.3889 4.5008, 1.9998 0.3925 4.5061, 2.0002 0.3925 4.5061, 1.9998 0.3948 4.5125, 2.0002 0.3948 4.5125, 1.9998 0.3956 4.5199, 2.0002 0.3956 4.5199, 1.9998 0.3945 4.5282, 2.0002 0.3945 4.5282, 1.9998 0.3922 4.534, 2.0002 0.3922 4.534, 1.9998 0.3889 4.5388, 2.0002 0.3889 4.5388, 1.9998 0.3841 4.5431, 2.0002 0.3841 4.5431, 1.9998 0.3708 4.5505, 2.0002 0.3708 4.5505, 1.9998 0.363 4.5536, 2.0002 0.363 4.5536, 1.9998 0.3506 4.559, 2.0002 0.3506 4.559, 1.9998 0.3435 4.5635, 2.0002 0.3435 4.5635, 1.9998 0.3416 4.5656, 2.0002 0.3416 4.5656, 1.9998 0.3401 4.5683, 2.0002 0.3401 4.5683, 1.9998 0.3393 4.5714, 2.0002 0.3393 4.5714, 1.9998 0.3391 4.5741, 2.0002 0.3391 4.5741, 1.9998 0.3395 4.5773, 2.0002 0.3395 4.5773, 1.9998 0.3405 4.58, 2.0002 0.3405 4.58, 1.9998 0.3422 4.5826, 2.0002 0.3422 4.5826, 1.9998 0.3452 4.5852, 2.0002 0.3452 4.5852, 1.9998 0.3497 4.5876, 2.0002 0.3497 4.5876, 1.9998 0.3551 4.589, 2.0002 0.3551 4.589, 1.9998 0.361 4.5895, 2.0002 0.361 4.5895, 1.9998 0.3751 4.5878, 2.0002 0.3751 4.5878, 1.9998 0.3864 4.5834, 2.0002 0.3864 4.5834, 1.9998 0.3901 4.5812, 2.0002 0.3901 4.5812, 2.0002 0.3901 4.6007, 1.9998 0.3901 4.6007, 1.9998 0.3771 4.6045, 2.0002 0.3771 4.6045, 1.9998 0.363 4.6058, 2.0002 0.363 4.6058, 1.9998 0.3469 4.6038, 2.0002 0.3469 4.6038, 1.9998 0.3362 4.5997, 2.0002 0.3362 4.5997, 1.9998 0.3313 4.5967, 2.0002 0.3313 4.5967, 2.0002 0.3249 4.5908, 1.9998 0.3276 4.5933, 1.9998 0.3249 4.5908, 1.9998 0.3213 4.5854, 2.0002 0.3213 4.5854, 1.9998 0.3191 4.5789, 2.0002 0.3191 4.5789, 1.9998 0.3185 4.5723, 2.0002 0.3185 4.5723, 1.9998 0.3195 4.5638, 2.0002 0.3195 4.5638, 1.9998 0.3218 4.5578, 2.0002 0.3218 4.5578, 1.9998 0.3241 4.5542, 2.0002 0.3241 4.5542, 1.9998 0.3488 4.5391, 2.0002 0.3488 4.5391, 2.0002 0.3369 4.5445, 1.9998 0.3274 4.5508, 2.0002 0.3274 4.5508, 1.9998 0.3276 4.5507, 1.9998 0.3369 4.5445, 1.9998 0.362 4.5335, 2.0002 0.362 4.5335, 1.9998 0.3698 4.5288, 2.0002 0.3698 4.5288, 1.9998 0.3723 4.5262, 2.0002 0.3723 4.5262, 1.9998 0.3739 4.5236, 2.0002 0.3739 4.5236, 1.9998 0.3748 4.5204, 2.0002 0.3748 4.5204, 1.9998 0.375 4.5179, 2.0002 0.375 4.5179, 1.9998 0.3746 4.5141, 2.0002 0.3746 4.5141, 1.9998 0.3736 4.5113, 2.0002 0.3736 4.5113, 1.9998 0.3718 4.5087, 2.0002 0.3718 4.5087, 1.9998 0.3695 4.5066, 2.0002 0.3695 4.5066, 1.9998 0.3677 4.5055, 2.0002 0.3677 4.5055, 1.9998 0.3625 4.5036, 2.0002 0.3625 4.5036, 1.9998 0.3522 4.5025, 2.0002 0.3522 4.5025, 2.0002 0.495 4.6032, 2.0002 0.5158 4.6032, 1.9998 0.495 4.6032, 1.9998 0.5158 4.6032, 2.0002 0.4638 4.517, 1.9998 0.4638 4.517, 1.9998 0.4622 4.5117, 2.0002 0.4622 4.5117, 1.9998 0.4613 4.5078, 2.0002 0.4613 4.5078, 2.0002 0.4608 4.5078, 1.9998 0.4608 4.5078, 2.0002 0.4583 4.5172, 1.9998 0.4583 4.5172, 1.9998 0.4285 4.6032, 2.0002 0.4285 4.6032, 1.9998 0.4381 4.5753, 2.0002 0.406 4.6032, 1.9998 0.406 4.6032, 1.9998 0.4509 4.489, 2.0002 0.4509 4.489, 1.9998 0.4381 4.5215, 1.9998 0.4421 4.4682, 2.0002 0.4421 4.4682, 1.9998 0.4502 4.4874, 2.0002 0.4376 4.4603, 1.9998 0.4381 4.4612, 1.9998 0.4376 4.4603, 1.9998 0.4335 4.4561, 2.0002 0.4335 4.4561, 1.9998 0.4298 4.4538, 2.0002 0.4298 4.4538, 1.9998 0.4254 4.4524, 2.0002 0.4254 4.4524, 1.9998 0.4215 4.4521, 2.0002 0.4215 4.4521, 1.9998 0.4143 4.4531, 2.0002 0.4143 4.4531, 1.9998 0.4102 4.4544, 2.0002 0.4102 4.4544, 2.0002 0.4102 4.4366, 1.9998 0.4102 4.4366, 1.9998 0.4187 4.4351, 2.0002 0.4187 4.4351, 1.9998 0.4231 4.4349, 2.0002 0.4231 4.4349, 1.9998 0.4316 4.436, 2.0002 0.4316 4.436, 1.9998 0.4381 4.4385, 2.0002 0.4395 4.4391, 1.9998 0.4395 4.4391, 1.9998 0.4465 4.4441, 2.0002 0.4465 4.4441, 1.9998 0.4547 4.4537, 2.0002 0.4547 4.4537, 1.9998 0.4639 4.4715, 2.0002 0.4639 4.4715, 1.9998 0.4702 4.4874, 2.0002 0.6235 4.507, 2.0002 0.6235 4.4888, 1.9998 0.6235 4.507, 1.9998 0.6235 4.4888, 1.9998 0.5581 4.507, 2.0002 0.5581 4.507, 1.9998 0.5881 4.507, 2.0002 0.5581 4.5609, 1.9998 0.5581 4.5609, 1.9998 0.6154 4.5609, 2.0002 0.6154 4.5609, 1.9998 0.5881 4.5609, 2.0002 0.6154 4.5793, 1.9998 0.6154 4.5793, 1.9998 0.5581 4.5793, 2.0002 0.5581 4.5793, 1.9998 0.5881 4.5793, 2.0002 0.5581 4.6305, 1.9998 0.5581 4.6305, 1.9998 0.6199 4.6305, 2.0002 0.6199 4.6305, 1.9998 0.5881 4.6305, 2.0002 0.6199 4.6489, 1.9998 0.6199 4.6489, 1.9998 0.5374 4.6489, 2.0002 0.5374 4.6489, 1.9998 0.5881 4.6489, 2.0002 0.5374 4.4888, 1.9998 0.5374 4.4888, 1.9998 0.5881 4.4888, 2.0002 0.7533 4.5336, 2.0002 0.7453 4.5237, 2.0002 0.76 4.5112, 2.0002 0.7424 4.5211, 2.0002 0.7435 4.4993, 2.0002 0.7318 4.5141, 2.0002 0.7253 4.4922, 2.0002 0.7181 4.5092, 2.0002 0.6978 4.4888, 2.0002 0.6977 4.507, 2.0002 0.6538 4.4888, 2.0002 0.6745 4.507, 2.0002 0.6538 4.6489, 2.0002 0.6745 4.6305, 2.0002 0.6995 4.6489, 2.0002 0.6987 4.6305, 2.0002 0.7239 4.6462, 2.0002 0.7193 4.6282, 2.0002 0.7433 4.6392, 2.0002 0.7332 4.6232, 2.0002 0.76 4.6277, 2.0002 0.7449 4.6154, 2.0002 0.7656 4.6223, 2.0002 0.7501 4.6101, 2.0002 0.7755 4.6084, 2.0002 0.7561 4.6009, 2.0002 0.7815 4.5932, 2.0002 0.7605 4.5888, 2.0002 0.7842 4.5709, 2.0002 0.7624 4.5703, 2.0002 0.7837 4.5608, 2.0002 0.7619 4.5602, 2.0002 0.7798 4.542, 2.0002 0.7588 4.5455, 2.0002 0.772 4.5254, 1.9998 0.6978 4.4888, 1.9998 0.6538 4.4888, 1.9998 0.7253 4.4922, 1.9998 0.7435 4.4993, 1.9998 0.76 4.5112, 1.9998 0.772 4.5254, 1.9998 0.7798 4.542, 1.9998 0.7837 4.5608, 1.9998 0.7842 4.5709, 1.9998 0.7815 4.5932, 1.9998 0.7755 4.6084, 1.9998 0.7656 4.6223, 1.9998 0.76 4.6277, 1.9998 0.7433 4.6392, 1.9998 0.7239 4.6462, 1.9998 0.6995 4.6489, 1.9998 0.6538 4.6489, 1.9998 0.6987 4.6305, 1.9998 0.6745 4.6305, 1.9998 0.6745 4.507, 1.9998 0.6977 4.507, 1.9998 0.7453 4.5237, 1.9998 0.7424 4.5211, 1.9998 0.7318 4.5141, 1.9998 0.7181 4.5092, 1.9998 0.7624 4.5703, 1.9998 0.7619 4.5602, 1.9998 0.7588 4.5455, 1.9998 0.7533 4.5336, 1.9998 0.7449 4.6154, 1.9998 0.7501 4.6101, 1.9998 0.7561 4.6009, 1.9998 0.7605 4.5888, 1.9998 0.7193 4.6282, 1.9998 0.7332 4.6232
            ]
        }
        coordIndex [
            0,1,2,-1,3,4,5,-1,3,5,6,-1,6,5,7,-1,6,7,2,-1,2,7,8,-1,2,8,0,-1,9,1,10,-1,10,1,0,-1,11,9,12,-1,12,9,10,-1,13,14,15,-1,15,14,11,-1,15,11,16,-1,16,11,12,-1,17,14,18,-1,18,14,13,-1,18,19,17,-1,17,19,20,-1,17,20,21,-1,21,20,22,-1,21,22,23,-1,23,22,24,-1,23,24,25,-1,25,24,26,-1,25,26,27,-1,27,26,28,-1,27,28,29,-1,29,28,30,-1,29,30,31,-1,31,30,32,-1,31,32,33,-1,33,32,34,-1,33,34,35,-1,35,34,36,-1,35,36,37,-1,37,36,38,-1,37,38,39,-1,39,38,40,-1,39,40,41,-1,41,40,42,-1,41,42,43,-1,43,42,44,-1,43,44,45,-1,45,44,46,-1,45,46,47,-1,47,46,48,-1,47,48,49,-1,49,48,50,-1,49,50,51,-1,51,50,52,-1,51,52,53,-1,53,52,54,-1,53,54,55,-1,55,54,56,-1,55,56,57,-1,57,56,58,-1,57,58,59,-1,59,58,60,-1,59,60,61,-1,61,60,62,-1,61,62,63,-1,63,62,64,-1,63,64,65,-1,65,64,66,-1,65,66,67,-1,67,66,68,-1,67,68,69,-1,69,68,70,-1,69,70,71,-1,71,70,72,-1,71,72,73,-1,73,72,74,-1,73,74,75,-1,76,75,77,-1,77,75,74,-1,76,77,78,-1,76,78,79,-1,79,78,80,-1,79,80,81,-1,81,80,82,-1,81,82,83,-1,83,82,84,-1,83,84,85,-1,85,84,86,-1,85,86,87,-1,88,87,89,-1,89,87,86,-1,89,90,88,-1,88,90,91,-1,88,91,92,-1,92,91,93,-1,92,93,94,-1,94,93,95,-1,94,95,96,-1,96,95,97,-1,96,97,98,-1,98,97,99,-1,98,99,100,-1,100,99,101,-1,100,101,102,-1,103,104,105,-1,102,101,106,-1,102,106,107,-1,107,106,108,-1,107,108,105,-1,105,108,109,-1,105,109,103,-1,104,103,110,-1,104,110,111,-1,111,110,112,-1,111,112,113,-1,113,112,114,-1,113,114,115,-1,115,114,116,-1,115,116,117,-1,117,116,118,-1,117,118,119,-1,119,118,120,-1,119,120,121,-1,121,120,122,-1,121,122,123,-1,123,122,124,-1,123,124,125,-1,125,124,126,-1,125,126,127,-1,127,126,128,-1,127,128,129,-1,129,128,130,-1,129,130,131,-1,131,130,132,-1,131,132,133,-1,133,132,134,-1,133,134,135,-1,135,134,4,-1,135,4,3,-1,59,61,87,-1,87,61,85,-1,85,61,63,-1,85,63,83,-1,125,25,27,-1,111,43,104,-1,104,43,45,-1,125,27,123,-1,123,27,29,-1,123,29,121,-1,121,29,31,-1,121,31,119,-1,119,31,33,-1,119,33,117,-1,117,33,35,-1,117,35,115,-1,115,35,37,-1,115,37,113,-1,113,37,39,-1,113,39,111,-1,111,39,41,-1,111,41,43,-1,25,125,23,-1,23,125,127,-1,23,127,21,-1,14,3,11,-1,11,3,6,-1,11,6,9,-1,9,6,2,-1,9,2,1,-1,63,65,83,-1,83,65,67,-1,83,67,81,-1,81,67,69,-1,81,69,79,-1,79,69,71,-1,79,71,76,-1,76,71,73,-1,76,73,75,-1,127,129,21,-1,21,129,131,-1,21,131,17,-1,17,131,133,-1,17,133,14,-1,14,133,135,-1,14,135,3,-1,87,88,59,-1,59,88,92,-1,59,92,57,-1,57,92,94,-1,57,94,55,-1,55,94,96,-1,55,96,53,-1,53,96,98,-1,53,98,51,-1,51,98,100,-1,51,100,49,-1,49,100,102,-1,49,102,47,-1,47,102,107,-1,47,107,45,-1,45,107,105,-1,45,105,104,-1,136,137,138,-1,138,137,139,-1,140,136,141,-1,141,136,138,-1,140,141,142,-1,140,142,143,-1,143,142,144,-1,143,144,145,-1,146,145,147,-1,147,145,144,-1,148,146,149,-1,149,146,147,-1,150,151,152,-1,152,151,148,-1,152,148,149,-1,153,151,154,-1,154,151,150,-1,155,156,157,-1,157,156,153,-1,157,153,154,-1,158,159,160,-1,160,159,156,-1,160,156,155,-1,159,158,161,-1,161,158,162,-1,162,163,161,-1,161,163,164,-1,161,164,165,-1,165,164,166,-1,165,166,167,-1,167,166,168,-1,167,168,169,-1,169,168,170,-1,169,170,171,-1,171,170,172,-1,171,172,173,-1,173,172,174,-1,173,174,175,-1,176,175,177,-1,177,175,174,-1,176,177,178,-1,176,178,179,-1,179,178,180,-1,179,180,181,-1,181,180,182,-1,181,182,183,-1,183,182,184,-1,183,184,185,-1,184,186,185,-1,185,186,187,-1,185,187,188,-1,188,187,189,-1,188,189,190,-1,190,189,191,-1,190,191,192,-1,139,137,193,-1,193,137,192,-1,193,192,191,-1,143,145,192,-1,137,136,192,-1,192,136,140,-1,192,140,143,-1,151,153,148,-1,148,153,156,-1,148,156,146,-1,145,146,192,-1,192,146,156,-1,192,156,190,-1,156,159,190,-1,190,159,161,-1,190,161,188,-1,188,161,165,-1,188,165,185,-1,185,165,167,-1,185,167,183,-1,183,167,169,-1,183,169,181,-1,181,169,171,-1,181,171,179,-1,179,171,173,-1,179,173,176,-1,176,173,175,-1,194,195,196,-1,196,195,197,-1,198,199,200,-1,200,199,194,-1,200,194,196,-1,201,199,202,-1,202,199,198,-1,203,204,205,-1,205,204,201,-1,205,201,202,-1,206,204,207,-1,207,204,203,-1,208,209,210,-1,210,209,206,-1,210,206,207,-1,211,209,212,-1,212,209,208,-1,213,214,215,-1,215,214,211,-1,215,211,212,-1,216,214,217,-1,217,214,213,-1,218,219,220,-1,220,219,216,-1,220,216,217,-1,221,219,222,-1,222,219,218,-1,197,195,223,-1,223,195,221,-1,223,221,222,-1,221,195,194,-1,194,199,221,-1,221,199,201,-1,221,201,219,-1,214,216,211,-1,211,216,219,-1,211,219,209,-1,209,219,201,-1,209,201,206,-1,206,201,204,-1,224,225,226,-1,226,225,227,-1,226,227,228,-1,228,227,229,-1,228,229,230,-1,230,229,231,-1,230,231,232,-1,232,231,233,-1,232,233,234,-1,234,233,235,-1,234,235,236,-1,236,235,237,-1,236,237,238,-1,238,237,239,-1,238,239,240,-1,240,239,241,-1,240,241,242,-1,242,241,243,-1,242,243,244,-1,244,243,245,-1,244,245,246,-1,246,245,247,-1,246,247,248,-1,248,247,249,-1,248,249,250,-1,250,249,251,-1,250,251,252,-1,252,251,253,-1,252,253,254,-1,254,253,255,-1,254,255,256,-1,256,255,257,-1,256,257,258,-1,258,257,224,-1,258,224,226,-1,232,234,259,-1,259,234,260,-1,232,259,261,-1,232,261,230,-1,230,261,262,-1,230,262,228,-1,228,262,263,-1,228,263,226,-1,226,263,264,-1,226,264,258,-1,258,264,265,-1,258,265,256,-1,256,265,266,-1,256,266,254,-1,254,266,267,-1,254,267,252,-1,252,267,268,-1,252,268,250,-1,250,268,269,-1,250,269,248,-1,248,269,270,-1,248,270,246,-1,246,270,271,-1,246,271,244,-1,244,271,272,-1,244,272,242,-1,242,272,273,-1,242,273,240,-1,240,273,274,-1,240,274,238,-1,236,238,275,-1,275,238,274,-1,234,236,260,-1,260,236,275,-1,239,237,276,-1,276,237,277,-1,237,235,277,-1,277,235,278,-1,235,233,278,-1,278,233,279,-1,225,280,281,-1,225,281,227,-1,227,281,282,-1,227,282,229,-1,229,282,283,-1,229,283,231,-1,231,283,279,-1,231,279,233,-1,253,284,285,-1,253,285,255,-1,255,285,286,-1,255,286,257,-1,257,286,287,-1,257,287,224,-1,224,287,280,-1,224,280,225,-1,245,288,289,-1,245,289,247,-1,247,289,290,-1,247,290,249,-1,249,290,291,-1,249,291,251,-1,251,291,284,-1,251,284,253,-1,239,276,292,-1,239,292,241,-1,241,292,293,-1,241,293,243,-1,243,293,288,-1,243,288,245,-1,
        ]
    }
}
Shape{
    appearance Appearance {
        material  Material 	{
            diffuseColor 0.0 0.9058823529411765 0.6705882352941176
            specularColor 0.0 0.45098039215686275 0.3333333333333333
            ambientIntensity 0.6082
            transparency 0.0
            shininess 0.5
        }
    }
    geometry IndexedFaceSet {
        ccw TRUE
        solid FALSE
        coord DEF co Coordinate {
            point [
                1.9998 0.6745 4.6305, 1.9998 0.6745 4.507, 1.9998 0.6987 4.6305, 1.9998 0.6977 4.507, 1.9998 0.7181 4.5092, 1.9998 0.7318 4.5141, 1.9998 0.7424 4.5211, 1.9998 0.7453 4.5237, 1.9998 0.7533 4.5336, 1.9998 0.7588 4.5455, 1.9998 0.7619 4.5602, 1.9998 0.7624 4.5703, 1.9998 0.7605 4.5888, 1.9998 0.7561 4.6009, 1.9998 0.7501 4.6101, 1.9998 0.7449 4.6154, 1.9998 0.7193 4.6282, 1.9998 0.7332 4.6232
            ]
        }
        coordIndex [
            0,1,2,-1,2,1,3,-1,2,3,4,-1,4,5,2,-1,2,5,6,-1,2,6,7,-1,7,8,2,-1,2,8,9,-1,2,9,10,-1,10,11,2,-1,2,11,12,-1,2,12,13,-1,13,14,2,-1,2,14,15,-1,2,15,16,-1,16,15,17,-1,
        ]
    }
}
Shape{
    appearance Appearance {
        material  Material 	{
            diffuseColor 0.0 0.0 0.0
            specularColor 0.0 0.0 0.0
            ambientIntensity 0.0
            transparency 0.0
            shininess 0.5
        }
    }
    geometry IndexedFaceSet {
        ccw TRUE
        solid FALSE
        coord DEF co Coordinate {
            point [
                2.0002 0.8378 4.5507, 2.0002 0.8313 4.5326, 2.0002 0.8916 4.5507, 2.0002 0.898 4.5326, 2.0002 0.8618 4.6172, 2.0002 0.8541 4.6489, 2.0002 0.7931 4.4888, 2.0002 0.8159 4.4888, 2.0002 0.8632 4.622, 2.0002 0.8644 4.6285, 2.0002 0.8762 4.6489, 2.0002 0.8649 4.6285, 2.0002 0.8662 4.6217, 2.0002 0.8674 4.6172, 2.0002 0.9372 4.4888, 2.0002 0.9143 4.4888, 1.9998 0.8762 4.6489, 1.9998 0.9372 4.4888, 1.9998 0.8541 4.6489, 1.9998 0.7931 4.4888, 1.9998 0.8159 4.4888, 1.9998 0.8313 4.5326, 1.9998 0.898 4.5326, 1.9998 0.9143 4.4888, 1.9998 0.8378 4.5507, 1.9998 0.8916 4.5507, 1.9998 0.8674 4.6172, 1.9998 0.8649 4.6285, 1.9998 0.8662 4.6217, 1.9998 0.8644 4.6285, 1.9998 0.8618 4.6172, 1.9998 0.8632 4.622
            ]
        }
        coordIndex [
            0,1,2,-1,2,1,3,-1,4,5,0,-1,0,5,6,-1,0,6,1,-1,1,6,7,-1,4,8,5,-1,5,8,9,-1,5,9,10,-1,10,9,11,-1,10,11,12,-1,12,13,10,-1,10,13,2,-1,10,2,14,-1,14,2,3,-1,14,3,15,-1,10,14,16,-1,16,14,17,-1,5,10,18,-1,18,10,16,-1,6,5,19,-1,19,5,18,-1,7,6,20,-1,20,6,19,-1,1,7,21,-1,21,7,20,-1,3,1,22,-1,22,1,21,-1,15,3,23,-1,23,3,22,-1,14,15,17,-1,17,15,23,-1,0,2,24,-1,24,2,25,-1,2,13,25,-1,25,13,26,-1,11,27,28,-1,11,28,12,-1,12,28,26,-1,12,26,13,-1,11,9,27,-1,27,9,29,-1,4,30,31,-1,4,31,8,-1,8,31,29,-1,8,29,9,-1,4,0,30,-1,30,0,24,-1,
        ]
    }
}
Shape{
    appearance Appearance {
        material  Material 	{
            diffuseColor 0.0 0.9058823529411765 0.6705882352941176
            specularColor 0.0 0.45098039215686275 0.3333333333333333
            ambientIntensity 0.6082
            transparency 0.0
            shininess 0.5
        }
    }
    geometry IndexedFaceSet {
        ccw TRUE
        solid FALSE
        coord DEF co Coordinate {
            point [
                1.9998 0.8649 4.6285, 1.9998 0.8644 4.6285, 1.9998 0.8662 4.6217, 1.9998 0.8632 4.622, 1.9998 0.8674 4.6172, 1.9998 0.8618 4.6172, 1.9998 0.8916 4.5507, 1.9998 0.8378 4.5507
            ]
        }
        coordIndex [
            0,1,2,-1,2,1,3,-1,2,3,4,-1,4,3,5,-1,4,5,6,-1,6,5,7,-1,
        ]
    }
}
Shape{
    appearance Appearance {
        material  Material 	{
            diffuseColor 0.0 0.0 0.0
            specularColor 0.0 0.0 0.0
            ambientIntensity 0.0
            transparency 0.0
            shininess 0.5
        }
    }
    geometry IndexedFaceSet {
        ccw TRUE
        solid FALSE
        coord DEF co Coordinate {
            point [
                2.0002 -0.6133 4.4661, 2.0002 -0.5964 4.4452, 2.0002 -0.6236 4.5668, 2.0002 -0.4233 4.4618, 2.0002 -0.4099 4.4872, 2.0002 -0.4033 4.5153, 2.0002 -0.5472 4.4926, 2.0002 -0.5381 4.4864, 2.0002 -0.5742 4.4284, 2.0002 -0.5275 4.4825, 2.0002 -0.1078 4.6465, 2.0002 -0.1105 4.6244, 2.0002 -0.043 4.6049, 2.0002 -0.2433 4.6226, 2.0002 -0.2786 4.6829, 2.0002 -0.4027 4.5383, 2.0002 -0.4312 4.6032, 2.0002 -0.4027 4.5269, 2.0002 -0.4637 4.4262, 2.0002 -0.441 4.442, 2.0002 -0.6484 4.582, 2.0002 -0.6449 4.4969, 2.0002 -0.6247 4.4905, 2.0002 -0.2057 4.7353, 2.0002 -0.1966 4.7353, 2.0002 -0.1499 4.7968, 2.0002 -0.175 4.7326, 2.0002 -0.1427 4.7943, 2.0002 -0.1551 4.725, 2.0002 -0.109 4.7771, 2.0002 -0.0784 4.7507, 2.0002 -0.5261 4.7729, 2.0002 -0.5177 4.7683, 2.0002 -0.553 4.8514, 2.0002 -0.5018 4.802, 2.0002 -0.5297 4.8786, 2.0002 -0.4768 4.8329, 2.0002 -0.5029 4.9015, 2.0002 -0.4453 4.8566, 2.0002 -0.4753 4.9187, 2.0002 -0.5544 4.5009, 2.0002 -0.5593 4.5103, 2.0002 -0.5618 4.5207, 2.0002 -0.5479 4.4174, 2.0002 -0.521 4.4132, 2.0002 -0.5177 4.4814, 2.0002 -0.5166 4.4131, 2.0002 -0.5082 4.4824, 2.0002 -0.4891 4.4165, 2.0002 -0.4982 4.4859, 2.0002 -0.4893 4.4917, 2.0002 -0.4817 4.4998, 2.0002 -0.0578 4.5691, 2.0002 -0.1184 4.6041, 2.0002 -0.0794 4.5395, 2.0002 -0.4228 4.939, 2.0002 -0.4082 4.8719, 2.0002 -0.3663 4.9459, 2.0002 -0.2114 4.8867, 2.0002 -0.2507 4.8293, 2.0002 -0.1742 4.8438, 2.0002 -0.2264 4.7974, 2.0002 -0.2105 4.7599, 2.0002 -0.6688 4.603, 2.0002 -0.7158 4.5452, 2.0002 -0.6853 4.5183, 2.0002 -0.6885 4.6991, 2.0002 -0.7631 4.6832, 2.0002 -0.6919 4.6715, 2.0002 -0.7636 4.6693, 2.0002 -0.6906 4.6542, 2.0002 -0.7594 4.6299, 2.0002 -0.6825 4.6263, 2.0002 -0.7444 4.5872, 2.0002 -0.7204 4.5505, 2.0002 -0.4763 4.5419, 2.0002 -0.4736 4.5314, 2.0002 -0.4736 4.5205, 2.0002 -0.4764 4.5096, 2.0002 -0.1375 4.7127, 2.0002 -0.1242 4.6979, 2.0002 -0.0555 4.7181, 2.0002 -0.1137 4.6782, 2.0002 -0.042 4.6832, 2.0002 -0.1084 4.6563, 2.0002 -0.0372 4.6476, 2.0002 -0.0373 4.6422, 2.0002 -0.1309 4.5863, 2.0002 -0.1325 4.5846, 2.0002 -0.1121 4.5121, 2.0002 -0.1494 4.5708, 2.0002 -0.147 4.4956, 2.0002 -0.1695 4.5616, 2.0002 -0.183 4.4882, 2.0002 -0.1898 4.5577, 2.0002 -0.2501 4.4882, 2.0002 -0.241 4.5577, 2.0002 -0.2554 4.489, 2.0002 -0.5516 4.7822, 2.0002 -0.5661 4.853, 2.0002 -0.578 4.7854, 2.0002 -0.5792 4.8537, 2.0002 -0.5897 4.7848, 2.0002 -0.6187 4.8494, 2.0002 -0.6178 4.7782, 2.0002 -0.6613 4.8344, 2.0002 -0.6432 4.7648, 2.0002 -0.6995 4.8089, 2.0002 -0.663 4.7471, 2.0002 -0.7101 4.7991, 2.0002 -0.6788 4.7244, 2.0002 -0.7348 4.7683, 2.0002 -0.7541 4.728, 2.0002 -0.3702 4.8776, 2.0002 -0.3651 4.8776, 2.0002 -0.3193 4.941, 2.0002 -0.3288 4.8734, 2.0002 -0.2622 4.9209, 2.0002 -0.2929 4.8603, 2.0002 -0.2607 4.8386, 2.0002 -0.5618 4.5309, 2.0002 -0.5591 4.5418, 2.0002 -0.611 4.5913, 2.0002 -0.5538 4.5517, 2.0002 -0.5921 4.6128, 2.0002 -0.5463 4.5597, 2.0002 -0.5688 4.629, 2.0002 -0.5372 4.5657, 2.0002 -0.5437 4.6386, 2.0002 -0.5271 4.5692, 2.0002 -0.5166 4.6419, 2.0002 -0.5177 4.5702, 2.0002 -0.5027 4.6411, 2.0002 -0.5085 4.5692, 2.0002 -0.4752 4.6343, 2.0002 -0.4979 4.5655, 2.0002 -0.451 4.6213, 2.0002 -0.4887 4.5594, 2.0002 -0.4813 4.5512, 2.0002 -0.2468 4.5587, 2.0002 -0.2744 4.5005, 2.0002 -0.2706 4.4967, 2.0002 -0.2561 4.5578, 2.0002 -0.264 4.5549, 2.0002 -0.283 4.5267, 2.0002 -0.2832 4.5235, 2.0002 -0.2822 4.5154, 2.0002 -0.2793 4.5077, 2.0002 -0.2433 4.558, 2.0002 -0.263 4.4917, 2.0002 -0.2479 4.5588, 2.0002 -0.2711 4.55, 2.0002 -0.2769 4.5434, 2.0002 -0.2811 4.5355, 1.9998 -0.0372 4.6476, 1.9998 -0.042 4.6832, 1.9998 -0.072 4.7415, 1.9998 -0.0464 4.6945, 1.9998 -0.0555 4.7181, 1.9998 -0.0784 4.7507, 1.9998 -0.109 4.7771, 1.9998 -0.1427 4.7943, 1.9998 -0.1499 4.7968, 1.9998 -0.1742 4.8438, 1.9998 -0.2114 4.8867, 1.9998 -0.2376 4.9043, 1.9998 -0.2622 4.9209, 1.9998 -0.3193 4.941, 1.9998 -0.3663 4.9459, 1.9998 -0.5029 4.9015, 1.9998 -0.4984 4.9043, 1.9998 -0.4753 4.9187, 1.9998 -0.4228 4.939, 1.9998 -0.5297 4.8786, 1.9998 -0.553 4.8514, 1.9998 -0.5661 4.853, 1.9998 -0.5792 4.8537, 1.9998 -0.6187 4.8494, 1.9998 -0.6613 4.8344, 1.9998 -0.6995 4.8089, 1.9998 -0.7101 4.7991, 1.9998 -0.7636 4.6693, 1.9998 -0.7348 4.7683, 1.9998 -0.7476 4.7415, 1.9998 -0.7541 4.728, 1.9998 -0.7608 4.6945, 1.9998 -0.7631 4.6832, 1.9998 -0.7594 4.6299, 1.9998 -0.7444 4.5872, 1.9998 -0.7204 4.5505, 1.9998 -0.7158 4.5452, 1.9998 -0.6853 4.5183, 1.9998 -0.6449 4.4969, 1.9998 -0.6247 4.4905, 1.9998 -0.6233 4.4874, 1.9998 -0.6133 4.4661, 1.9998 -0.5964 4.4452, 1.9998 -0.5742 4.4284, 1.9998 -0.5636 4.424, 1.9998 -0.5479 4.4174, 1.9998 -0.521 4.4132, 1.9998 -0.5166 4.4131, 1.9998 -0.4027 4.5269, 1.9998 -0.4891 4.4165, 1.9998 -0.4694 4.424, 1.9998 -0.4637 4.4262, 1.9998 -0.441 4.442, 1.9998 -0.4233 4.4618, 1.9998 -0.4099 4.4872, 1.9998 -0.4099 4.4874, 1.9998 -0.4033 4.5153, 1.9998 -0.4027 4.5383, 1.9998 -0.2433 4.6226, 1.9998 -0.2786 4.6829, 1.9998 -0.4312 4.6032, 1.9998 -0.451 4.6213, 1.9998 -0.4752 4.6343, 1.9998 -0.5027 4.6411, 1.9998 -0.5166 4.6419, 1.9998 -0.5437 4.6386, 1.9998 -0.5688 4.629, 1.9998 -0.5921 4.6128, 1.9998 -0.611 4.5913, 1.9998 -0.6236 4.5668, 1.9998 -0.6484 4.582, 1.9998 -0.6688 4.603, 1.9998 -0.6825 4.6263, 1.9998 -0.6906 4.6542, 1.9998 -0.6919 4.6715, 1.9998 -0.6891 4.6945, 1.9998 -0.6885 4.6991, 1.9998 -0.6788 4.7244, 1.9998 -0.6669 4.7415, 1.9998 -0.663 4.7471, 1.9998 -0.6432 4.7648, 1.9998 -0.6178 4.7782, 1.9998 -0.5897 4.7848, 1.9998 -0.578 4.7854, 1.9998 -0.5516 4.7822, 1.9998 -0.5261 4.7729, 1.9998 -0.5177 4.7683, 1.9998 -0.5018 4.802, 1.9998 -0.4768 4.8329, 1.9998 -0.4453 4.8566, 1.9998 -0.4082 4.8719, 1.9998 -0.3702 4.8776, 1.9998 -0.3651 4.8776, 1.9998 -0.2057 4.7353, 1.9998 -0.2069 4.7415, 1.9998 -0.2105 4.7599, 1.9998 -0.2264 4.7974, 1.9998 -0.2507 4.8293, 1.9998 -0.2607 4.8386, 1.9998 -0.2929 4.8603, 1.9998 -0.3288 4.8734, 1.9998 -0.1966 4.7353, 1.9998 -0.175 4.7326, 1.9998 -0.1551 4.725, 1.9998 -0.1375 4.7127, 1.9998 -0.1242 4.6979, 1.9998 -0.1224 4.6945, 1.9998 -0.1137 4.6782, 1.9998 -0.1084 4.6563, 1.9998 -0.1078 4.6465, 1.9998 -0.1105 4.6244, 1.9998 -0.1184 4.6041, 1.9998 -0.1309 4.5863, 1.9998 -0.1325 4.5846, 1.9998 -0.1494 4.5708, 1.9998 -0.1695 4.5616, 1.9998 -0.1898 4.5577, 1.9998 -0.241 4.5577, 1.9998 -0.2433 4.558, 1.9998 -0.2468 4.5587, 1.9998 -0.2479 4.5588, 1.9998 -0.2561 4.5578, 1.9998 -0.264 4.5549, 1.9998 -0.2711 4.55, 1.9998 -0.2769 4.5434, 1.9998 -0.2811 4.5355, 1.9998 -0.283 4.5267, 1.9998 -0.2832 4.5235, 1.9998 -0.2822 4.5154, 1.9998 -0.2793 4.5077, 1.9998 -0.2744 4.5005, 1.9998 -0.2706 4.4967, 1.9998 -0.263 4.4917, 1.9998 -0.2554 4.489, 1.9998 -0.2501 4.4882, 1.9998 -0.183 4.4882, 1.9998 -0.147 4.4956, 1.9998 -0.1121 4.5121, 1.9998 -0.0794 4.5395, 1.9998 -0.0578 4.5691, 1.9998 -0.043 4.6049, 1.9998 -0.0373 4.6422, 1.9998 -0.5177 4.5702, 1.9998 -0.5085 4.5692, 1.9998 -0.4979 4.5655, 1.9998 -0.4887 4.5594, 1.9998 -0.4813 4.5512, 1.9998 -0.4763 4.5419, 1.9998 -0.4736 4.5314, 1.9998 -0.4736 4.5205, 1.9998 -0.4764 4.5096, 1.9998 -0.4817 4.4998, 1.9998 -0.4893 4.4917, 1.9998 -0.4982 4.4859, 1.9998 -0.5082 4.4824, 1.9998 -0.5177 4.4814, 1.9998 -0.5275 4.4825, 1.9998 -0.5381 4.4864, 1.9998 -0.5472 4.4926, 1.9998 -0.5544 4.5009, 1.9998 -0.5593 4.5103, 1.9998 -0.5618 4.5207, 1.9998 -0.5618 4.5309, 1.9998 -0.5591 4.5418, 1.9998 -0.5538 4.5517, 1.9998 -0.5463 4.5597, 1.9998 -0.5372 4.5657, 1.9998 -0.5271 4.5692
            ]
        }
        coordIndex [
            0,1,2,-1,3,4,5,-1,6,1,7,-1,7,1,8,-1,7,8,9,-1,10,11,12,-1,13,14,15,-1,15,14,16,-1,15,16,17,-1,17,16,18,-1,17,18,5,-1,5,18,19,-1,5,19,3,-1,20,21,2,-1,2,21,22,-1,2,22,0,-1,23,24,25,-1,25,24,26,-1,25,26,27,-1,27,26,28,-1,27,28,29,-1,29,28,30,-1,31,32,33,-1,33,32,34,-1,33,34,35,-1,35,34,36,-1,35,36,37,-1,37,36,38,-1,37,38,39,-1,6,40,1,-1,1,40,41,-1,1,41,2,-1,2,41,42,-1,8,43,9,-1,9,43,44,-1,9,44,45,-1,45,44,46,-1,45,46,47,-1,47,46,48,-1,47,48,49,-1,49,48,18,-1,49,18,50,-1,50,18,51,-1,12,11,52,-1,52,11,53,-1,52,53,54,-1,39,38,55,-1,55,38,56,-1,55,56,57,-1,58,59,60,-1,60,59,61,-1,60,61,25,-1,25,61,62,-1,25,62,23,-1,63,64,20,-1,20,64,65,-1,20,65,21,-1,66,67,68,-1,68,67,69,-1,68,69,70,-1,70,69,71,-1,70,71,72,-1,72,71,73,-1,72,73,63,-1,63,73,74,-1,63,74,64,-1,75,76,16,-1,16,76,77,-1,16,77,18,-1,18,77,78,-1,18,78,51,-1,28,79,30,-1,30,79,80,-1,30,80,81,-1,81,80,82,-1,81,82,83,-1,83,82,84,-1,83,84,85,-1,85,84,10,-1,85,10,86,-1,86,10,12,-1,53,87,54,-1,54,87,88,-1,54,88,89,-1,89,88,90,-1,89,90,91,-1,91,90,92,-1,91,92,93,-1,93,92,94,-1,93,94,95,-1,95,94,96,-1,95,96,97,-1,31,33,98,-1,98,33,99,-1,98,99,100,-1,100,99,101,-1,100,101,102,-1,102,101,103,-1,102,103,104,-1,104,103,105,-1,104,105,106,-1,106,105,107,-1,106,107,108,-1,108,107,109,-1,108,109,110,-1,110,109,111,-1,110,111,66,-1,66,111,112,-1,66,112,67,-1,56,113,57,-1,57,113,114,-1,57,114,115,-1,115,114,116,-1,115,116,117,-1,117,116,118,-1,117,118,58,-1,58,118,119,-1,58,119,59,-1,42,120,2,-1,2,120,121,-1,2,121,122,-1,122,121,123,-1,122,123,124,-1,124,123,125,-1,124,125,126,-1,126,125,127,-1,126,127,128,-1,128,127,129,-1,128,129,130,-1,130,129,131,-1,130,131,132,-1,132,131,133,-1,132,133,134,-1,134,133,135,-1,134,135,136,-1,136,135,137,-1,136,137,16,-1,16,137,138,-1,16,138,75,-1,139,140,141,-1,142,143,144,-1,145,146,139,-1,139,146,147,-1,139,147,140,-1,96,148,97,-1,97,148,139,-1,97,139,149,-1,149,139,141,-1,145,139,144,-1,144,139,150,-1,144,150,142,-1,143,151,144,-1,144,151,152,-1,144,152,153,-1,85,154,155,-1,156,30,81,-1,85,155,83,-1,83,155,157,-1,83,157,81,-1,81,157,158,-1,81,158,156,-1,156,159,30,-1,30,159,160,-1,30,160,29,-1,29,160,161,-1,29,161,27,-1,27,161,162,-1,27,162,25,-1,25,162,163,-1,25,163,60,-1,60,163,164,-1,60,164,58,-1,117,58,165,-1,165,58,164,-1,165,166,117,-1,117,166,167,-1,117,167,115,-1,115,167,168,-1,115,168,57,-1,169,37,170,-1,170,37,39,-1,170,39,171,-1,171,39,55,-1,171,55,172,-1,172,55,57,-1,172,57,168,-1,37,169,173,-1,37,173,35,-1,35,173,174,-1,35,174,33,-1,33,174,175,-1,33,175,99,-1,99,175,176,-1,99,176,101,-1,101,176,177,-1,101,177,103,-1,103,177,178,-1,103,178,105,-1,105,178,179,-1,105,179,107,-1,107,179,180,-1,107,180,109,-1,181,69,67,-1,109,180,182,-1,109,182,111,-1,111,182,183,-1,111,183,112,-1,183,184,112,-1,112,184,185,-1,112,185,67,-1,67,185,186,-1,67,186,181,-1,69,181,187,-1,69,187,71,-1,71,187,188,-1,71,188,73,-1,73,188,189,-1,73,189,74,-1,74,189,190,-1,74,190,64,-1,64,190,191,-1,64,191,65,-1,65,191,192,-1,65,192,21,-1,21,192,193,-1,21,193,22,-1,22,193,194,-1,22,194,0,-1,194,195,0,-1,0,195,196,-1,0,196,1,-1,1,196,197,-1,1,197,8,-1,8,197,198,-1,8,198,43,-1,198,199,43,-1,43,199,200,-1,43,200,44,-1,44,200,201,-1,44,201,46,-1,202,17,5,-1,46,201,203,-1,46,203,48,-1,48,203,204,-1,48,204,18,-1,204,205,18,-1,18,205,206,-1,18,206,19,-1,19,206,207,-1,19,207,3,-1,3,207,208,-1,3,208,4,-1,4,208,209,-1,4,209,5,-1,5,209,210,-1,5,210,202,-1,15,17,211,-1,211,17,202,-1,13,15,212,-1,212,15,211,-1,14,13,213,-1,213,13,212,-1,16,14,214,-1,214,14,213,-1,16,214,215,-1,16,215,136,-1,136,215,216,-1,136,216,134,-1,134,216,217,-1,134,217,132,-1,132,217,218,-1,132,218,130,-1,130,218,219,-1,130,219,128,-1,128,219,220,-1,128,220,126,-1,126,220,221,-1,126,221,124,-1,124,221,222,-1,124,222,122,-1,122,222,223,-1,122,223,2,-1,2,223,224,-1,2,224,20,-1,20,224,225,-1,20,225,63,-1,63,225,226,-1,63,226,72,-1,72,226,227,-1,72,227,70,-1,70,227,228,-1,70,228,68,-1,66,68,229,-1,229,68,228,-1,229,230,66,-1,66,230,231,-1,66,231,110,-1,110,231,232,-1,110,232,108,-1,232,233,108,-1,108,233,234,-1,108,234,106,-1,106,234,235,-1,106,235,104,-1,104,235,236,-1,104,236,102,-1,102,236,237,-1,102,237,100,-1,100,237,238,-1,100,238,98,-1,98,238,239,-1,98,239,31,-1,31,239,240,-1,31,240,32,-1,32,240,241,-1,32,241,34,-1,34,241,242,-1,34,242,36,-1,36,242,243,-1,36,243,38,-1,38,243,244,-1,38,244,56,-1,56,244,245,-1,56,245,113,-1,113,245,246,-1,113,246,114,-1,247,23,248,-1,248,23,62,-1,248,62,249,-1,249,62,61,-1,249,61,250,-1,250,61,59,-1,250,59,251,-1,251,59,119,-1,251,119,252,-1,252,119,118,-1,252,118,253,-1,253,118,116,-1,253,116,254,-1,254,116,114,-1,254,114,246,-1,24,23,255,-1,255,23,247,-1,24,255,256,-1,24,256,26,-1,26,256,257,-1,26,257,28,-1,28,257,258,-1,28,258,79,-1,79,258,259,-1,79,259,80,-1,80,259,260,-1,80,260,82,-1,260,261,82,-1,82,261,262,-1,82,262,84,-1,84,262,263,-1,84,263,10,-1,10,263,264,-1,10,264,11,-1,11,264,265,-1,11,265,53,-1,53,265,266,-1,53,266,87,-1,87,266,267,-1,87,267,88,-1,88,267,268,-1,88,268,90,-1,90,268,269,-1,90,269,92,-1,92,269,270,-1,92,270,94,-1,96,94,271,-1,271,94,270,-1,96,271,272,-1,96,272,148,-1,148,272,273,-1,148,273,139,-1,139,273,274,-1,139,274,150,-1,150,274,275,-1,150,275,142,-1,142,275,276,-1,142,276,143,-1,143,276,277,-1,143,277,151,-1,151,277,278,-1,151,278,152,-1,152,278,279,-1,152,279,153,-1,153,279,280,-1,153,280,144,-1,144,280,281,-1,144,281,145,-1,145,281,282,-1,145,282,146,-1,146,282,283,-1,146,283,147,-1,147,283,284,-1,147,284,140,-1,140,284,285,-1,140,285,141,-1,141,285,286,-1,141,286,149,-1,149,286,287,-1,149,287,97,-1,97,287,288,-1,97,288,95,-1,93,95,289,-1,289,95,288,-1,93,289,290,-1,93,290,91,-1,91,290,291,-1,91,291,89,-1,89,291,292,-1,89,292,54,-1,54,292,293,-1,54,293,52,-1,52,293,294,-1,52,294,12,-1,12,294,295,-1,12,295,86,-1,86,295,154,-1,86,154,85,-1,131,296,297,-1,131,297,133,-1,133,297,298,-1,133,298,135,-1,135,298,299,-1,135,299,137,-1,137,299,300,-1,137,300,138,-1,138,300,301,-1,138,301,75,-1,75,301,302,-1,75,302,76,-1,76,302,303,-1,76,303,77,-1,77,303,304,-1,77,304,78,-1,78,304,305,-1,78,305,51,-1,51,305,306,-1,51,306,50,-1,50,306,307,-1,50,307,49,-1,49,307,308,-1,49,308,47,-1,47,308,309,-1,47,309,45,-1,45,309,310,-1,45,310,9,-1,9,310,311,-1,9,311,7,-1,7,311,312,-1,7,312,6,-1,6,312,313,-1,6,313,40,-1,40,313,314,-1,40,314,41,-1,41,314,315,-1,41,315,42,-1,42,315,316,-1,42,316,120,-1,120,316,317,-1,120,317,121,-1,121,317,318,-1,121,318,123,-1,123,318,319,-1,123,319,125,-1,125,319,320,-1,125,320,127,-1,127,320,321,-1,127,321,129,-1,129,321,296,-1,129,296,131,-1,
        ]
    }
}
Shape{
    appearance Appearance {
        material  Material 	{
            diffuseColor 0.0 0.9058823529411765 0.6705882352941176
            specularColor 0.0 0.45098039215686275 0.3333333333333333
            ambientIntensity 0.6082
            transparency 0.0
            shininess 0.5
        }
    }
    geometry IndexedFaceSet {
        ccw TRUE
        solid FALSE
        coord DEF co Coordinate {
            point [
                1.9998 -0.5271 4.5692, 1.9998 -0.5177 4.4814, 1.9998 -0.5177 4.5702, 1.9998 -0.5082 4.4824, 1.9998 -0.5085 4.5692, 1.9998 -0.5618 4.5207, 1.9998 -0.5618 4.5309, 1.9998 -0.5372 4.5657, 1.9998 -0.5593 4.5103, 1.9998 -0.5544 4.5009, 1.9998 -0.5472 4.4926, 1.9998 -0.4893 4.4917, 1.9998 -0.4813 4.5512, 1.9998 -0.4887 4.5594, 1.9998 -0.5463 4.5597, 1.9998 -0.5538 4.5517, 1.9998 -0.5591 4.5418, 1.9998 -0.5381 4.4864, 1.9998 -0.5275 4.4825, 1.9998 -0.4982 4.4859, 1.9998 -0.4979 4.5655, 1.9998 -0.4764 4.5096, 1.9998 -0.4736 4.5205, 1.9998 -0.4817 4.4998, 1.9998 -0.4736 4.5314, 1.9998 -0.4763 4.5419
            ]
        }
        coordIndex [
            0,1,2,-1,2,1,3,-1,2,3,4,-1,5,0,6,-1,6,0,7,-1,5,8,0,-1,0,8,9,-1,0,9,10,-1,11,12,13,-1,7,14,6,-1,6,14,15,-1,6,15,16,-1,10,17,0,-1,0,17,18,-1,0,18,1,-1,3,19,4,-1,4,19,11,-1,4,11,20,-1,20,11,13,-1,21,22,23,-1,23,22,24,-1,23,24,11,-1,11,24,25,-1,11,25,12,-1,
        ]
    }
}