--track-width not given; using the board Default net-class 0.2mm.
--hole-to-hole-clearance not given; using the board min_hole_to_hole 0.25mm.
Loading C:\dev\ai-ee3\boards\lumina-carrier\kicad\lumina-carrier.kicad_pcb to expand net patterns...
Routing 20 nets: ['/ETH_INTn', '/ETH_LED_ACT', '/ETH_LED_LINK', '/ETH_MISO', '/ETH_MOSI']...
Loaded per-net clearances for 7/85 nets from C:\dev\ai-ee3\boards\lumina-carrier\work\p7\krtf_sig_netclr.json
Loading C:\dev\ai-ee3\boards\lumina-carrier\kicad\lumina-carrier.kicad_pcb...
Auto-read netclass track widths for 9 non-Default net(s) (#435 single-ended companion).
Using 4 routing layers: ['F.Cu', 'In1.Cu', 'In2.Cu', 'B.Cu']
  Layer costs: F.Cu=1.0x, In1.Cu=-1.0x, In2.Cu=-1.0x, B.Cu=1.3x
No BGA components detected - no exclusion zones needed

Using MPS ordering strategy...
MPS: Using segment intersection method (no nets on BGA chips)
MPS: 20 nets with 50 crossing conflicts detected
MPS Round 1: 8 units: /ETH_MISO, /ETH_INTn, /ETH_RSTn, /mcu/STATUS, /mcu/FAULT_M, /PWM5, /PWM4, /poe/LED_Y_A
MPS Round 2: 4 units: /ETH_MOSI, /ETH_SCLK, /mcu/BOOT, /PWM3
MPS Round 3: 4 units: /PWM1, /ETH_LED_LINK, /PWM0, /ETH_LED_ACT
MPS Round 4: 1 units: /mcu/RXD0
MPS Round 5: 1 units: /mcu/TXD0
MPS Round 6: 1 units: /mcu/ENABLE_M
MPS Round 7: 1 units: /PWM2

Routing 20 single-ended net(s)...
============================================================
20 pre-existing net(s) eligible for rip-up: /IMON, /mcu/IO3_STRAP, /ADC0, /expansion/ID_ADC_CONN, /ID_ADC, /mcu/EN...
Building base obstacle map...
Base obstacle map built in 11.43s
Found 85 unrouted nets in PCB for stub proximity
Pre-computing net obstacle cache...
Net obstacle cache built in 1.04s (85 nets)

[1/20] Routing /ETH_MISO (id=53)
----------------------------------------
Probe: forward=5000, backward=5000 iters, trying forward with full iterations...
Route found in 152974 iterations, path length: 505
  SUCCESS: 26 segments, 2 vias, 152974 iterations, length=33.39mm (stubs=0.00mm) (0.10s)

[2/20] Routing /ETH_INTn (id=55)
----------------------------------------
Probe: forward=5000, backward=5000 iters, trying forward with full iterations...
Route found in 208937 iterations, path length: 585
  SUCCESS: 22 segments, 2 vias, 208937 iterations, length=36.72mm (stubs=0.00mm) (0.10s)

[3/20] Routing /ETH_RSTn (id=56)
----------------------------------------
Probe: forward=5000, backward=5000 iters, trying forward with full iterations...
No route found after 200000 iterations (forward), trying backward...
No route found after 410000 iterations (both directions)
  FAILED: Could not find route (0.19s)
  Forward direction failed fastest (205000 iterations, 6576 blocked cells)
  Frontier blocked by 10 nets (1894 cells, 1894 unique; near: 254 src, 0 tgt)
  Coverage: 1894/6576 frontier cells attributed to routed nets; 4682 static/unrippable
  Top blockers:
    1. /ETH_CSn: 546 (28.8%), 546 uniq (100%)
    2. /mcu/EN: 455 (24.0%), 455 uniq (100%), near: 177 src, 0 tgt
    3. /ETH_MISO: 285 (15.0%), 285 uniq (100%)
    4. /mcu/IMON_M: 221 (11.7%), 221 uniq (100%)
    5. /I2C_SCL: 105 (5.5%), 105 uniq (100%)
    6. /mcu/IO3_STRAP: 97 (5.1%), 97 uniq (100%)
    7. /I2C_SDA: 81 (4.3%), 81 uniq (100%)
    8. /eth/SCLK_PHY: 73 (3.9%), 73 uniq (100%), near: 73 src, 0 tgt
    9. /ADC0: 27 (1.4%), 27 uniq (100%)
    10. /eth/MOSI_PHY: 4 (0.2%), 4 uniq (100%), near: 4 src, 0 tgt
  Ripping up /ETH_CSn to retry...
    Ripped /ETH_CSn
Probe: forward=5000, backward=5000 iters, trying forward with full iterations...
No route found after 200000 iterations (forward), trying backward...
No route found after 410000 iterations (both directions)
  RETRY FAILED (N=1)
    Retry had 9353 blocked cells
  Re-analyzing 9353 blocked cells from N=1 retry:
    Frontier blocked by 11 nets (2393 cells, 2393 unique; near: 218 src, 128 tgt)
    Coverage: 2393/9353 frontier cells attributed to routed nets; 6960 static/unrippable
    Top blockers:
      1. /mcu/EN: 521 (21.8%), 521 uniq (100%), near: 177 src, 0 tgt
      2. /mcu/IMON_M: 471 (19.7%), 471 uniq (100%)
      3. /ID_ADC: 323 (13.5%), 323 uniq (100%), near: 0 src, 104 tgt
      4. /ETH_MISO: 313 (13.1%), 313 uniq (100%)
      5. /ETH_INTn: 298 (12.5%), 298 uniq (100%), near: 0 src, 24 tgt
      6. /mcu/IO3_STRAP: 159 (6.6%), 159 uniq (100%)
      7. /ADC0: 113 (4.7%), 113 uniq (100%)
      8. /I2C_SCL: 82 (3.4%), 82 uniq (100%)
      9. /I2C_SDA: 72 (3.0%), 72 uniq (100%)
      10. /eth/SCLK_PHY: 37 (1.5%), 37 uniq (100%), near: 37 src, 0 tgt
      ... and 1 more nets (4 cells)
  Slot-0 guard: re-analysis refutes /ETH_CSn -> retrying /mcu/EN ALONE first
  Ripping up /mcu/EN to retry...
    Ripped /mcu/EN
Probe: forward=5000, backward=5000 iters, trying forward with full iterations...
No route found after 200000 iterations (forward), trying backward...
No route found after 410000 iterations (both directions)
  RETRY FAILED (N=1)
    Retry had 8883 blocked cells
  Re-analyzing 8883 blocked cells from N=1 retry:
    Frontier blocked by 10 nets (2023 cells, 2023 unique; near: 45 src, 133 tgt)
    Coverage: 2023/8883 frontier cells attributed to routed nets; 6860 static/unrippable
    Top blockers:
      1. /ETH_INTn: 613 (30.3%), 613 uniq (100%), near: 0 src, 24 tgt
      2. /mcu/IMON_M: 392 (19.4%), 392 uniq (100%)
      3. /ID_ADC: 310 (15.3%), 310 uniq (100%), near: 0 src, 109 tgt
      4. /ETH_MISO: 295 (14.6%), 295 uniq (100%)
      5. /mcu/IO3_STRAP: 128 (6.3%), 128 uniq (100%)
      6. /I2C_SCL: 84 (4.2%), 84 uniq (100%)
      7. /ADC0: 83 (4.1%), 83 uniq (100%)
      8. /I2C_SDA: 73 (3.6%), 73 uniq (100%)
      9. /eth/SCLK_PHY: 41 (2.0%), 41 uniq (100%), near: 41 src, 0 tgt
      10. /eth/MOSI_PHY: 4 (0.2%), 4 uniq (100%), near: 4 src, 0 tgt
  Extending to N=2: ripping /ETH_INTn...
    Ripped /ETH_INTn
Probe: forward=5000, backward=5000 iters, trying forward with full iterations...
No route found after 200000 iterations (forward), trying backward...
No route found after 410000 iterations (both directions)
  RETRY FAILED (N=2)
    Retry had 8597 blocked cells
  Re-analyzing 8597 blocked cells from N=2 retry:
    Frontier blocked by 9 nets (1754 cells, 1754 unique; near: 33 src, 131 tgt)
    Coverage: 1754/8597 frontier cells attributed to routed nets; 6843 static/unrippable
    Top blockers:
      1. /ETH_MISO: 475 (27.1%), 475 uniq (100%)
      2. /mcu/IMON_M: 397 (22.6%), 397 uniq (100%)
      3. /ID_ADC: 332 (18.9%), 332 uniq (100%), near: 0 src, 131 tgt
      4. /I2C_SDA: 154 (8.8%), 154 uniq (100%)
      5. /I2C_SCL: 133 (7.6%), 133 uniq (100%)
      6. /mcu/IO3_STRAP: 128 (7.3%), 128 uniq (100%)
      7. /ADC0: 102 (5.8%), 102 uniq (100%)
      8. /eth/SCLK_PHY: 29 (1.7%), 29 uniq (100%), near: 29 src, 0 tgt
      9. /eth/MOSI_PHY: 4 (0.2%), 4 uniq (100%), near: 4 src, 0 tgt
  Extending to N=3: ripping /ETH_MISO...
    Ripped /ETH_MISO
Probe: forward=5000, backward=5000 iters, trying forward with full iterations...
No route found after 200000 iterations (forward), trying backward...
No route found after 410000 iterations (both directions)
  RETRY FAILED (N=3)
    Retry had 8248 blocked cells
  [91mAll rip-up attempts failed: Restoring 3 net(s)[0m
  [91mROUTE FAILED - no rippable blockers found[0m
  Hint: the blocking copper belongs to pre-existing net(s) '/eth/XI' '/ETH_TXN' '/ETH_TXP' '/mcu/STATUS_A' '/eth/EXRES' '/eth/XO' (committed by an earlier run/step), which this run is not allowed to rip. Retry with --rip-existing-nets '/eth/XI' '/ETH_TXN' '/ETH_TXP' '/mcu/STATUS_A' '/eth/EXRES' '/eth/XO' to rip and re-route them in this run (issue #103) -- the decisive blocker may be any of them, so start with the full set (each ripped net is re-routed and the run reports honestly if one cannot be), then bisect if you want a minimal rip.

[4/20 (1 failed)] Routing /mcu/STATUS (id=73)
----------------------------------------
Probe: forward=5000, backward=5000 iters, trying forward with full iterations...
Route found in 132128 iterations, path length: 712
  SUCCESS: 25 segments, 2 vias, 132128 iterations, length=42.61mm (stubs=0.00mm) (0.08s)

[5/20 (1 failed)] Routing /mcu/FAULT_M (id=11)
----------------------------------------
Probe: forward=5000, backward=5000 iters, trying forward with full iterations...
Route found in 167786 iterations, path length: 796
  SUCCESS: 56 segments, 2 vias, 167786 iterations, length=56.77mm (stubs=7.42mm) (0.10s)

[6/20 (1 failed)] Routing /PWM5 (id=69)
----------------------------------------
Probe: forward=5000, backward=5000 iters, trying forward with full iterations...
Route found in 42407 iterations, path length: 874
  SUCCESS: 9 segments, 1 vias, 42407 iterations, length=52.68mm (stubs=0.00mm) (0.05s)

[7/20 (1 failed)] Routing /PWM4 (id=68)
----------------------------------------
Probe: forward=5000, backward=5000 iters, trying forward with full iterations...
Route found in 127877 iterations, path length: 1032
  SUCCESS: 88 segments, 1 vias, 127877 iterations, length=64.15mm (stubs=0.00mm) (0.08s)

[8/20 (1 failed)] Routing /poe/LED_Y_A (id=38)
----------------------------------------
Probe: forward=5000, backward=5000 iters, trying forward with full iterations...
Route found in 126697 iterations, path length: 1080
  SUCCESS: 36 segments, 2 vias, 126697 iterations, length=70.23mm (stubs=0.00mm) (0.07s)

[9/20 (1 failed)] Routing /ETH_MOSI (id=72)
----------------------------------------
Probe: forward=5000, backward=5000 iters, trying forward with full iterations...
No route found after 200000 iterations (forward), trying backward...
No route found after 410000 iterations (both directions)
  FAILED: Could not find route (0.17s)
  Forward direction failed fastest (205000 iterations, 2257 blocked cells)
  Frontier blocked by 6 nets (840 cells, 840 unique; near: 280 src, 0 tgt)
  Coverage: 840/2257 frontier cells attributed to routed nets; 1417 static/unrippable
  Top blockers:
    1. /mcu/IMON_M: 401 (47.7%), 401 uniq (100%)
    2. /ID_ADC: 300 (35.7%), 300 uniq (100%), near: 182 src, 0 tgt
    3. /ETH_MISO: 61 (7.3%), 61 uniq (100%), near: 59 src, 0 tgt
    4. /ADC0: 42 (5.0%), 42 uniq (100%), near: 34 src, 0 tgt
    5. /mcu/IO3_STRAP: 31 (3.7%), 31 uniq (100%)
    6. /I2C_SCL: 5 (0.6%), 5 uniq (100%), near: 5 src, 0 tgt
  Ripping up /mcu/IMON_M to retry...
    Ripped /mcu/IMON_M
Probe: forward=5000, backward=5000 iters, trying forward with full iterations...
No route found after 200000 iterations (forward), trying backward...
No route found after 410000 iterations (both directions)
  RETRY FAILED (N=1)
    Retry had 8098 blocked cells
  Re-analyzing 8098 blocked cells from N=1 retry:
    Frontier blocked by 8 nets (1386 cells, 1386 unique; near: 280 src, 150 tgt)
    Coverage: 1386/8098 frontier cells attributed to routed nets; 6712 static/unrippable
    Top blockers:
      1. /poe/LED_Y_A: 355 (25.6%), 355 uniq (100%)
      2. /ETH_MISO: 313 (22.6%), 313 uniq (100%), near: 59 src, 0 tgt
      3. /ID_ADC: 281 (20.3%), 281 uniq (100%), near: 182 src, 0 tgt
      4. /mcu/IO3_STRAP: 153 (11.0%), 153 uniq (100%)
      5. /eth/SCLK_PHY: 152 (11.0%), 152 uniq (100%), near: 0 src, 143 tgt
      6. /ADC0: 120 (8.7%), 120 uniq (100%), near: 34 src, 0 tgt
      7. /eth/MOSI_PHY: 7 (0.5%), 7 uniq (100%), near: 0 src, 7 tgt
      8. /I2C_SCL: 5 (0.4%), 5 uniq (100%), near: 5 src, 0 tgt
  Slot-0 guard: re-analysis refutes /mcu/IMON_M -> retrying /poe/LED_Y_A ALONE first
  Ripping up /poe/LED_Y_A to retry...
    Ripped /poe/LED_Y_A
Probe: forward=5000, backward=5000 iters, trying forward with full iterations...
No route found after 200000 iterations (forward), trying backward...
No route found after 410000 iterations (both directions)
  RETRY FAILED (N=1)
    Retry had 8570 blocked cells
  Re-analyzing 8570 blocked cells from N=1 retry:
    Frontier blocked by 8 nets (1096 cells, 1096 unique; near: 280 src, 150 tgt)
    Coverage: 1096/8570 frontier cells attributed to routed nets; 7474 static/unrippable
    Top blockers:
      1. /ETH_MISO: 318 (29.0%), 318 uniq (100%), near: 59 src, 0 tgt
      2. /ID_ADC: 300 (27.4%), 300 uniq (100%), near: 182 src, 0 tgt
      3. /eth/SCLK_PHY: 152 (13.9%), 152 uniq (100%), near: 0 src, 143 tgt
      4. /mcu/IO3_STRAP: 128 (11.7%), 128 uniq (100%)
      5. /I2C_SDA: 70 (6.4%), 70 uniq (100%)
      6. /ADC0: 69 (6.3%), 69 uniq (100%), near: 34 src, 0 tgt
      7. /I2C_SCL: 52 (4.7%), 52 uniq (100%), near: 5 src, 0 tgt
      8. /eth/MOSI_PHY: 7 (0.6%), 7 uniq (100%), near: 0 src, 7 tgt
  Extending to N=2: ripping /ETH_MISO...
    Ripped /ETH_MISO
Probe: forward=5000, backward=5000 iters, trying forward with full iterations...
No route found after 200000 iterations (forward), trying backward...
No route found after 410000 iterations (both directions)
  RETRY FAILED (N=2)
    Retry had 8370 blocked cells
  Re-analyzing 8370 blocked cells from N=2 retry:
    Frontier blocked by 8 nets (1066 cells, 1066 unique; near: 221 src, 150 tgt)
    Coverage: 1066/8370 frontier cells attributed to routed nets; 7304 static/unrippable
    Top blockers:
      1. /ID_ADC: 300 (28.1%), 300 uniq (100%), near: 182 src, 0 tgt
      2. /ETH_INTn: 236 (22.1%), 236 uniq (100%)
      3. /I2C_SCL: 164 (15.4%), 164 uniq (100%), near: 5 src, 0 tgt
      4. /eth/SCLK_PHY: 152 (14.3%), 152 uniq (100%), near: 0 src, 143 tgt
      5. /ADC0: 85 (8.0%), 85 uniq (100%), near: 34 src, 0 tgt
      6. /mcu/IO3_STRAP: 70 (6.6%), 70 uniq (100%)
      7. /I2C_SDA: 52 (4.9%), 52 uniq (100%)
      8. /eth/MOSI_PHY: 7 (0.7%), 7 uniq (100%), near: 0 src, 7 tgt
  Extending to N=3: ripping /ID_ADC...
    Ripped /ID_ADC
Probe: forward=5000, backward=5000 iters, trying forward with full iterations...
No route found after 200000 iterations (forward), trying backward...
No route found after 410000 iterations (both directions)
  RETRY FAILED (N=3)
    Retry had 8005 blocked cells
  [91mAll rip-up attempts failed: Restoring 3 net(s)[0m
  [91mROUTE FAILED - no rippable blockers found[0m
  Hint: the blocking copper belongs to pre-existing net(s) '/ETH_RXP' '/ETH_RXN' '/T2P' '/eth/XI' '/ETH_RSTn' (committed by an earlier run/step), which this run is not allowed to rip. Retry with --rip-existing-nets '/ETH_RXP' '/ETH_RXN' '/T2P' '/eth/XI' '/ETH_RSTn' to rip and re-route them in this run (issue #103) -- the decisive blocker may be any of them, so start with the full set (each ripped net is re-routed and the run reports honestly if one cannot be), then bisect if you want a minimal rip.

[10/20 (2 failed)] Routing /ETH_SCLK (id=61)
----------------------------------------
Probe: forward=5000, backward=5000 iters, trying forward with full iterations...
No route found after 200000 iterations (forward), trying backward...
No route found after 410000 iterations (both directions)
  FAILED: Could not find route (0.17s)
  Forward direction failed fastest (205000 iterations, 4684 blocked cells)
  Frontier blocked by 4 nets (720 cells, 720 unique; near: 50 src, 0 tgt)
  Coverage: 720/4684 frontier cells attributed to routed nets; 3964 static/unrippable
  Top blockers:
    1. /poe/LED_Y_A: 365 (50.7%), 365 uniq (100%)
    2. /ETH_MISO: 206 (28.6%), 206 uniq (100%)
    3. /eth/SCLK_PHY: 142 (19.7%), 142 uniq (100%), near: 50 src, 0 tgt
    4. /eth/MOSI_PHY: 7 (1.0%), 7 uniq (100%)
  Ripping up /poe/LED_Y_A to retry...
    Ripped /poe/LED_Y_A
Probe: forward=5000, backward=5000 iters, trying forward with full iterations...
No route found after 200000 iterations (forward), trying backward...
No route found after 410000 iterations (both directions)
  RETRY FAILED (N=1)
    Retry had 6964 blocked cells
  Re-analyzing 6964 blocked cells from N=1 retry:
    Frontier blocked by 5 nets (346 cells, 346 unique; near: 22 src, 57 tgt)
    Coverage: 346/6964 frontier cells attributed to routed nets; 6618 static/unrippable
    Top blockers:
      1. /ETH_MISO: 192 (55.5%), 192 uniq (100%), near: 0 src, 57 tgt
      2. /eth/SCLK_PHY: 76 (22.0%), 76 uniq (100%), near: 22 src, 0 tgt
      3. /ADC0: 42 (12.1%), 42 uniq (100%)
      4. /mcu/IO3_STRAP: 31 (9.0%), 31 uniq (100%)
      5. /I2C_SCL: 5 (1.4%), 5 uniq (100%)
  Slot-0 guard: re-analysis refutes /poe/LED_Y_A -> retrying /ETH_MISO ALONE first
  Ripping up /ETH_MISO to retry...
    Ripped /ETH_MISO
Probe: forward=5000, backward=5000 iters, trying forward with full iterations...
No route found after 200000 iterations (forward), trying backward...
No route found after 410000 iterations (both directions)
  RETRY FAILED (N=1)
    Retry had 6831 blocked cells
  Re-analyzing 6831 blocked cells from N=1 retry:
    Frontier blocked by 7 nets (736 cells, 736 unique; near: 50 src, 0 tgt)
    Coverage: 736/6831 frontier cells attributed to routed nets; 6095 static/unrippable
    Top blockers:
      1. /poe/LED_Y_A: 365 (49.6%), 365 uniq (100%)
      2. /ETH_INTn: 144 (19.6%), 144 uniq (100%)
      3. /eth/SCLK_PHY: 142 (19.3%), 142 uniq (100%), near: 50 src, 0 tgt
      4. /ADC0: 42 (5.7%), 42 uniq (100%)
      5. /mcu/IO3_STRAP: 31 (4.2%), 31 uniq (100%)
      6. /eth/MOSI_PHY: 7 (1.0%), 7 uniq (100%)
      7. /I2C_SCL: 5 (0.7%), 5 uniq (100%)
  Extending to N=2: ripping /poe/LED_Y_A...
    Ripped /poe/LED_Y_A
Probe: forward=5000, backward=5000 iters, trying forward with full iterations...
No route found after 200000 iterations (forward), trying backward...
No route found after 410000 iterations (both directions)
  RETRY FAILED (N=2)
    Retry had 6913 blocked cells
  Re-analyzing 6913 blocked cells from N=2 retry:
    Frontier blocked by 5 nets (236 cells, 236 unique; near: 22 src, 0 tgt)
    Coverage: 236/6913 frontier cells attributed to routed nets; 6677 static/unrippable
    Top blockers:
      1. /ETH_INTn: 82 (34.7%), 82 uniq (100%)
      2. /eth/SCLK_PHY: 76 (32.2%), 76 uniq (100%), near: 22 src, 0 tgt
      3. /ADC0: 42 (17.8%), 42 uniq (100%)
      4. /mcu/IO3_STRAP: 31 (13.1%), 31 uniq (100%)
      5. /I2C_SCL: 5 (2.1%), 5 uniq (100%)
  Extending to N=3: ripping /ETH_INTn...
    Ripped /ETH_INTn
Probe: forward=5000, backward=5000 iters, trying forward with full iterations...
No route found after 200000 iterations (forward), trying backward...
No route found after 410000 iterations (both directions)
  RETRY FAILED (N=3)
    Retry had 6805 blocked cells
  [91mAll rip-up attempts failed: Restoring 3 net(s)[0m
  [91mROUTE FAILED - no rippable blockers found[0m
  Hint: the blocking copper belongs to pre-existing net(s) '/eth/XI' '/eth/EXRES' '/ETH_TXN' '/ETH_TXP' '/ETH_RSTn' (committed by an earlier run/step), which this run is not allowed to rip. Retry with --rip-existing-nets '/eth/XI' '/eth/EXRES' '/ETH_TXN' '/ETH_TXP' '/ETH_RSTn' to rip and re-route them in this run (issue #103) -- the decisive blocker may be any of them, so start with the full set (each ripped net is re-routed and the run reports honestly if one cannot be), then bisect if you want a minimal rip.

[11/20 (3 failed)] Routing /mcu/BOOT (id=41)
----------------------------------------
Probe: forward=5000, backward=5000 iters, trying forward with full iterations...
No route found after 200000 iterations (forward), trying backward...
No route found after 410000 iterations (both directions)
  FAILED: Could not find route (0.22s)
  Forward direction failed fastest (205000 iterations, 7366 blocked cells)
  Frontier blocked by 8 nets (2293 cells, 2293 unique; near: 0 src, 19 tgt)
  Coverage: 2293/7366 frontier cells attributed to routed nets; 5073 static/unrippable
  Top blockers:
    1. /mcu/FAULT_M: 640 (27.9%), 640 uniq (100%)
    2. /PWM4: 587 (25.6%), 587 uniq (100%)
    3. /PWM5: 246 (10.7%), 246 uniq (100%), near: 0 src, 19 tgt
    4. /I2C_SDA: 239 (10.4%), 239 uniq (100%)
    5. /mcu/STATUS: 210 (9.2%), 210 uniq (100%)
    6. /mcu/IO3_STRAP: 166 (7.2%), 166 uniq (100%)
    7. /ADC0: 131 (5.7%), 131 uniq (100%)
    8. /I2C_SCL: 74 (3.2%), 74 uniq (100%)
  Ripping up /mcu/FAULT_M to retry...
    Ripped /mcu/FAULT_M
Probe: forward=5000, backward=5000 iters, trying forward with full iterations...
No route found after 200000 iterations (forward), trying backward...
No route found after 410000 iterations (both directions)
  RETRY FAILED (N=1)
    Retry had 9116 blocked cells
  Re-analyzing 9116 blocked cells from N=1 retry:
    Frontier blocked by 6 nets (1156 cells, 1156 unique; near: 0 src, 114 tgt)
    Coverage: 1156/9116 frontier cells attributed to routed nets; 7960 static/unrippable
    Top blockers:
      1. /PWM4: 579 (50.1%), 579 uniq (100%)
      2. /PWM5: 206 (17.8%), 206 uniq (100%), near: 0 src, 63 tgt
      3. /mcu/STATUS: 162 (14.0%), 162 uniq (100%)
      4. /mcu/IO3_STRAP: 155 (13.4%), 155 uniq (100%)
      5. /PWM6: 51 (4.4%), 51 uniq (100%), near: 0 src, 51 tgt
      6. /ADC0: 3 (0.3%), 3 uniq (100%)
  Slot-0 guard: re-analysis refutes /mcu/FAULT_M -> retrying /PWM4 ALONE first
  Ripping up /PWM4 to retry...
    Ripped /PWM4
Probe: forward=5000, backward=5000 iters, trying forward with full iterations...
No route found after 200000 iterations (forward), trying backward...
No route found after 410000 iterations (both directions)
  RETRY FAILED (N=1)
    Retry had 8808 blocked cells
  Re-analyzing 8808 blocked cells from N=1 retry:
    Frontier blocked by 8 nets (1721 cells, 1721 unique; near: 0 src, 114 tgt)
    Coverage: 1721/8808 frontier cells attributed to routed nets; 7087 static/unrippable
    Top blockers:
      1. /mcu/FAULT_M: 629 (36.5%), 629 uniq (100%)
      2. /mcu/IO3_STRAP: 272 (15.8%), 272 uniq (100%)
      3. /PWM5: 211 (12.3%), 211 uniq (100%), near: 0 src, 63 tgt
      4. /I2C_SDA: 210 (12.2%), 210 uniq (100%)
      5. /mcu/STATUS: 162 (9.4%), 162 uniq (100%)
      6. /ADC0: 118 (6.9%), 118 uniq (100%)
      7. /I2C_SCL: 68 (4.0%), 68 uniq (100%)
      8. /PWM6: 51 (3.0%), 51 uniq (100%), near: 0 src, 51 tgt
  Extending to N=2: ripping /mcu/FAULT_M...
    Ripped /mcu/FAULT_M
Probe: forward=5000, backward=5000 iters, trying forward with full iterations...
No route found after 200000 iterations (forward), trying backward...
No route found after 410000 iterations (both directions)
  RETRY FAILED (N=2)
    Retry had 8270 blocked cells
  Re-analyzing 8270 blocked cells from N=2 retry:
    Frontier blocked by 5 nets (667 cells, 667 unique; near: 0 src, 114 tgt)
    Coverage: 667/8270 frontier cells attributed to routed nets; 7603 static/unrippable
    Top blockers:
      1. /mcu/IO3_STRAP: 256 (38.4%), 256 uniq (100%)
      2. /PWM5: 206 (30.9%), 206 uniq (100%), near: 0 src, 63 tgt
      3. /mcu/STATUS: 151 (22.6%), 151 uniq (100%)
      4. /PWM6: 51 (7.6%), 51 uniq (100%), near: 0 src, 51 tgt
      5. /ADC0: 3 (0.4%), 3 uniq (100%)
  Extending to N=3: ripping /mcu/IO3_STRAP...
    Ripped /mcu/IO3_STRAP
Probe: forward=5000, backward=5000 iters, trying forward with full iterations...
No route found after 200000 iterations (forward), trying backward...
No route found after 410000 iterations (both directions)
  RETRY FAILED (N=3)
    Retry had 8199 blocked cells
  [91mAll rip-up attempts failed: Restoring 3 net(s)[0m
  [91mROUTE FAILED - no rippable blockers found[0m
  Hint: the blocking copper belongs to pre-existing net(s) '/eth/TOCAP' '/pwr/FLT_LED' (committed by an earlier run/step), which this run is not allowed to rip. Retry with --rip-existing-nets '/eth/TOCAP' '/pwr/FLT_LED' to rip and re-route them in this run (issue #103) -- the decisive blocker may be any of them, so start with the full set (each ripped net is re-routed and the run reports honestly if one cannot be), then bisect if you want a minimal rip.

[12/20 (4 failed)] Routing /PWM3 (id=67)
----------------------------------------
Probe: forward=5000, backward=5000 iters, trying forward with full iterations...
No route found after 200000 iterations (forward), trying backward...
No route found after 410000 iterations (both directions)
  FAILED: Could not find route (0.18s)
  Forward direction failed fastest (205000 iterations, 6684 blocked cells)
  Frontier blocked by 8 nets (3070 cells, 3070 unique; near: 148 src, 0 tgt)
  Coverage: 3070/6684 frontier cells attributed to routed nets; 3614 static/unrippable
  Top blockers:
    1. /PWM4: 1150 (37.5%), 1150 uniq (100%), near: 71 src, 0 tgt
    2. /mcu/FAULT_M: 660 (21.5%), 660 uniq (100%)
    3. /DSPI_MISO: 465 (15.1%), 465 uniq (100%)
    4. /PWM5: 279 (9.1%), 279 uniq (100%)
    5. /mcu/STATUS: 211 (6.9%), 211 uniq (100%), near: 77 src, 0 tgt
    6. /ADC0: 159 (5.2%), 159 uniq (100%)
    7. /I2C_SDA: 122 (4.0%), 122 uniq (100%)
    8. /PWM7: 24 (0.8%), 24 uniq (100%)
  Ripping up /PWM4 to retry...
    Ripped /PWM4
Probe: forward=5000, backward=5000 iters, trying forward with full iterations...
No route found after 200000 iterations (forward), trying backward...
No route found after 410000 iterations (both directions)
  RETRY FAILED (N=1)
    Retry had 10278 blocked cells
  Re-analyzing 10278 blocked cells from N=1 retry:
    Frontier blocked by 12 nets (3867 cells, 3867 unique; near: 85 src, 0 tgt)
    Coverage: 3867/10278 frontier cells attributed to routed nets; 6411 static/unrippable
    Top blockers:
      1. /DSPI_MOSI: 936 (24.2%), 936 uniq (100%)
      2. /PWM7: 594 (15.4%), 594 uniq (100%)
      3. /mcu/FAULT_M: 516 (13.3%), 516 uniq (100%)
      4. /PWM6: 479 (12.4%), 479 uniq (100%)
      5. /PWM5: 412 (10.7%), 412 uniq (100%), near: 9 src, 0 tgt
      6. /mcu/STATUS: 244 (6.3%), 244 uniq (100%), near: 76 src, 0 tgt
      7. /DSPI_SCK: 205 (5.3%), 205 uniq (100%)
      8. /I2C_SDA: 186 (4.8%), 186 uniq (100%)
      9. /I2C_SCL: 174 (4.5%), 174 uniq (100%)
      10. /ETH_INTn: 58 (1.5%), 58 uniq (100%)
      ... and 2 more nets (63 cells)
  Slot-0 guard: re-analysis refutes /PWM4 -> retrying /DSPI_MOSI ALONE first
  Ripping up /DSPI_MOSI to retry...
    Ripped /DSPI_MOSI
Probe: forward=5000, backward=5000 iters, trying forward with full iterations...
No route found after 200000 iterations (forward), trying backward...
No route found after 410000 iterations (both directions)
  RETRY FAILED (N=1)
    Retry had 10251 blocked cells
  Re-analyzing 10251 blocked cells from N=1 retry:
    Frontier blocked by 10 nets (4607 cells, 4605 unique; near: 146 src, 0 tgt)
    Coverage: 4606/10251 frontier cells attributed to routed nets; 5645 static/unrippable
    Top blockers:
      1. /PWM4: 1150 (25.0%), 1150 uniq (100%), near: 71 src, 0 tgt
      2. /PWM6: 773 (16.8%), 773 uniq (100%)
      3. /mcu/FAULT_M: 600 (13.0%), 600 uniq (100%)
      4. /PWM7: 492 (10.7%), 492 uniq (100%)
      5. /PWM5: 329 (7.1%), 329 uniq (100%)
      6. /mcu/STATUS: 209 (4.5%), 209 uniq (100%), near: 75 src, 0 tgt
      7. /ADC0: 155 (3.4%), 155 uniq (100%)
      8. /I2C_SCL: 85 (1.8%), 85 uniq (100%)
      9. /DSPI_MISO: 559 (12.1%), 558 uniq (100%)
      10. /I2C_SDA: 255 (5.5%), 254 uniq (100%)
  Extending to N=2: ripping /PWM4...
    Ripped /PWM4
Probe: forward=5000, backward=5000 iters, trying forward with full iterations...
No route found after 200000 iterations (forward), trying backward...
No route found after 410000 iterations (both directions)
  RETRY FAILED (N=2)
    Retry had 7824 blocked cells
  Re-analyzing 7824 blocked cells from N=2 retry:
    Frontier blocked by 11 nets (2738 cells, 2738 unique; near: 90 src, 0 tgt)
    Coverage: 2738/7824 frontier cells attributed to routed nets; 5086 static/unrippable
    Top blockers:
      1. /PWM6: 773 (28.2%), 773 uniq (100%)
      2. /mcu/FAULT_M: 532 (19.4%), 532 uniq (100%)
      3. /PWM7: 481 (17.6%), 481 uniq (100%)
      4. /PWM5: 336 (12.3%), 336 uniq (100%), near: 9 src, 0 tgt
      5. /mcu/STATUS: 249 (9.1%), 249 uniq (100%), near: 81 src, 0 tgt
      6. /I2C_SDA: 90 (3.3%), 90 uniq (100%)
      7. /I2C_SCL: 85 (3.1%), 85 uniq (100%)
      8. /DSPI_SCK: 78 (2.8%), 78 uniq (100%)
      9. /ETH_INTn: 60 (2.2%), 60 uniq (100%)
      10. /ADC0: 45 (1.6%), 45 uniq (100%)
      ... and 1 more nets (9 cells)
  Extending to N=3: ripping /PWM6...
    Ripped /PWM6
Probe: forward=5000, backward=5000 iters, trying forward with full iterations...
No route found after 200000 iterations (forward), trying backward...
No route found after 410000 iterations (both directions)
  RETRY FAILED (N=3)
    Retry had 7160 blocked cells
  [91mAll rip-up attempts failed: Restoring 3 net(s)[0m
      restore skipped (net 77): saved copper would short other-net copper; left ripped (#134)
  [91mROUTE FAILED - no rippable blockers found[0m
  Hint: the blocking copper belongs to pre-existing net(s) '/DSPI_CSn' '/mcu/ENABLE_M' (committed by an earlier run/step), which this run is not allowed to rip. Retry with --rip-existing-nets '/DSPI_CSn' '/mcu/ENABLE_M' to rip and re-route them in this run (issue #103) -- the decisive blocker may be any of them, so start with the full set (each ripped net is re-routed and the run reports honestly if one cannot be), then bisect if you want a minimal rip.

[13/20 (5 failed)] Routing /PWM1 (id=65)
----------------------------------------
Probe: forward=5000, backward=5000 iters, trying forward with full iterations...
No route found after 200000 iterations (forward), trying backward...
No route found after 410000 iterations (both directions)
  FAILED: Could not find route (0.18s)
  Forward direction failed fastest (205000 iterations, 7353 blocked cells)
  Frontier blocked by 10 nets (3374 cells, 3374 unique; near: 154 src, 0 tgt)
  Coverage: 3374/7353 frontier cells attributed to routed nets; 3979 static/unrippable
  Top blockers:
    1. /PWM4: 1078 (32.0%), 1078 uniq (100%)
    2. /mcu/FAULT_M: 947 (28.1%), 947 uniq (100%), near: 154 src, 0 tgt
    3. /PWM5: 333 (9.9%), 333 uniq (100%)
    4. /I2C_SDA: 313 (9.3%), 313 uniq (100%)
    5. /DSPI_MISO: 287 (8.5%), 287 uniq (100%)
    6. /mcu/STATUS: 182 (5.4%), 182 uniq (100%)
    7. /ADC0: 169 (5.0%), 169 uniq (100%)
    8. /I2C_SCL: 33 (1.0%), 33 uniq (100%)
    9. /PWM7: 24 (0.7%), 24 uniq (100%)
    10. /DSPI_SCK: 8 (0.2%), 8 uniq (100%)
  Ripping up /PWM4 to retry...
    Ripped /PWM4
Probe: forward=5000, backward=5000 iters, trying forward with full iterations...
No route found after 200000 iterations (forward), trying backward...
No route found after 410000 iterations (both directions)
  RETRY FAILED (N=1)
    Retry had 9203 blocked cells
  Re-analyzing 9203 blocked cells from N=1 retry:
    Frontier blocked by 9 nets (2561 cells, 2561 unique; near: 114 src, 0 tgt)
    Coverage: 2561/9203 frontier cells attributed to routed nets; 6642 static/unrippable
    Top blockers:
      1. /mcu/FAULT_M: 881 (34.4%), 881 uniq (100%), near: 114 src, 0 tgt
      2. /PWM5: 502 (19.6%), 502 uniq (100%)
      3. /PWM7: 461 (18.0%), 461 uniq (100%)
      4. /mcu/STATUS: 204 (8.0%), 204 uniq (100%)
      5. /I2C_SDA: 193 (7.5%), 193 uniq (100%)
      6. /I2C_SCL: 157 (6.1%), 157 uniq (100%)
      7. /DSPI_SCK: 73 (2.9%), 73 uniq (100%)
      8. /ADC0: 52 (2.0%), 52 uniq (100%)
      9. /ETH_INTn: 38 (1.5%), 38 uniq (100%)
  Slot-0 guard: re-analysis refutes /PWM4 -> retrying /mcu/FAULT_M ALONE first
  Ripping up /mcu/FAULT_M to retry...
    Ripped /mcu/FAULT_M
Probe: forward=5000, backward=5000 iters, trying forward with full iterations...
No route found after 200000 iterations (forward), trying backward...
No route found after 410000 iterations (both directions)
  RETRY FAILED (N=1)
    Retry had 9503 blocked cells
  Re-analyzing 9503 blocked cells from N=1 retry:
    Frontier blocked by 9 nets (2694 cells, 2694 unique)
    Coverage: 2694/9503 frontier cells attributed to routed nets; 6809 static/unrippable
    Top blockers:
      1. /PWM4: 1000 (37.1%), 1000 uniq (100%)
      2. /PWM7: 464 (17.2%), 464 uniq (100%)
      3. /PWM5: 370 (13.7%), 370 uniq (100%)
      4. /I2C_SDA: 262 (9.7%), 262 uniq (100%)
      5. /ADC0: 178 (6.6%), 178 uniq (100%)
      6. /mcu/STATUS: 171 (6.3%), 171 uniq (100%)
      7. /I2C_SCL: 157 (5.8%), 157 uniq (100%)
      8. /DSPI_MISO: 84 (3.1%), 84 uniq (100%)
      9. /DSPI_SCK: 8 (0.3%), 8 uniq (100%)
  Extending to N=2: ripping /PWM4...
    Ripped /PWM4
Probe: forward=5000, backward=5000 iters, trying forward with full iterations...
No route found after 200000 iterations (forward), trying backward...
No route found after 410000 iterations (both directions)
  RETRY FAILED (N=2)
    Retry had 7847 blocked cells
  Re-analyzing 7847 blocked cells from N=2 retry:
    Frontier blocked by 8 nets (1508 cells, 1508 unique)
    Coverage: 1508/7847 frontier cells attributed to routed nets; 6339 static/unrippable
    Top blockers:
      1. /PWM5: 464 (30.8%), 464 uniq (100%)
      2. /PWM7: 440 (29.2%), 440 uniq (100%)
      3. /mcu/STATUS: 191 (12.7%), 191 uniq (100%)
      4. /I2C_SCL: 157 (10.4%), 157 uniq (100%)
      5. /I2C_SDA: 148 (9.8%), 148 uniq (100%)
      6. /DSPI_SCK: 64 (4.2%), 64 uniq (100%)
      7. /ETH_INTn: 28 (1.9%), 28 uniq (100%)
      8. /ADC0: 16 (1.1%), 16 uniq (100%)
  Extending to N=3: ripping /PWM5...
    Ripped /PWM5
Probe: forward=5000, backward=5000 iters, trying forward with full iterations...
No route found after 200000 iterations (forward), trying backward...
Route found in 404228 iterations, path length: 898
  RETRY SUCCESS (N=3): 26 segments, 2 vias, length=61.99mm

[14/20 (5 failed)] Routing /ETH_LED_LINK (id=37)
----------------------------------------
Probe: forward=5000, backward=5000 iters, trying forward with full iterations...
No route found after 200000 iterations (forward), trying backward...
Route found in 248562 iterations, path length: 1114
  SUCCESS: 31 segments, 1 vias, 248562 iterations, length=63.75mm (stubs=0.00mm) (0.11s)

[15/20 (5 failed)] Routing /PWM0 (id=64)
----------------------------------------
Probe: forward=5000, backward=5000 iters, trying forward with full iterations...
No route found after 200000 iterations (forward), trying backward...
No route found after 410000 iterations (both directions)
  FAILED: Could not find route (0.20s)
  Forward direction failed fastest (205000 iterations, 3238 blocked cells)
  Frontier blocked by 5 nets (575 cells, 575 unique; near: 38 src, 0 tgt)
  Coverage: 575/3238 frontier cells attributed to routed nets; 2663 static/unrippable
  Top blockers:
    1. /PWM1: 321 (55.8%), 321 uniq (100%), near: 38 src, 0 tgt
    2. /I2C_SDA: 97 (16.9%), 97 uniq (100%)
    3. /DSPI_SCK: 73 (12.7%), 73 uniq (100%)
    4. /ADC0: 48 (8.3%), 48 uniq (100%)
    5. /PWM7: 36 (6.3%), 36 uniq (100%)
  Ripping up /PWM1 to retry...
    Ripped /PWM1
Probe: forward=5000, backward=5000 iters, trying forward with full iterations...
No route found after 200000 iterations (forward), trying backward...
No route found after 410000 iterations (both directions)
  RETRY FAILED (N=1)
    Retry had 8316 blocked cells
  Re-analyzing 8316 blocked cells from N=1 retry:
    Frontier blocked by 8 nets (1310 cells, 1310 unique)
    Coverage: 1310/8316 frontier cells attributed to routed nets; 7006 static/unrippable
    Top blockers:
      1. /PWM7: 333 (25.4%), 333 uniq (100%)
      2. /I2C_SCL: 232 (17.7%), 232 uniq (100%)
      3. /mcu/STATUS: 218 (16.6%), 218 uniq (100%)
      4. /I2C_SDA: 217 (16.6%), 217 uniq (100%)
      5. /ADC0: 152 (11.6%), 152 uniq (100%)
      6. /DSPI_SCK: 73 (5.6%), 73 uniq (100%)
      7. /ETH_MISO: 61 (4.7%), 61 uniq (100%)
      8. /ETH_INTn: 24 (1.8%), 24 uniq (100%)
  Slot-0 guard: re-analysis refutes /PWM1 -> retrying /PWM7 ALONE first
  Ripping up /PWM7 to retry...
    Ripped /PWM7
Probe: forward=5000, backward=5000 iters, trying forward with full iterations...
No route found after 200000 iterations (forward), trying backward...
No route found after 410000 iterations (both directions)
  RETRY FAILED (N=1)
    Retry had 9049 blocked cells
  Re-analyzing 9049 blocked cells from N=1 retry:
    Frontier blocked by 7 nets (2749 cells, 2749 unique; near: 38 src, 0 tgt)
    Coverage: 2749/9049 frontier cells attributed to routed nets; 6300 static/unrippable
    Top blockers:
      1. /PWM1: 1381 (50.2%), 1381 uniq (100%), near: 38 src, 0 tgt
      2. /I2C_SCL: 686 (25.0%), 686 uniq (100%)
      3. /DSPI_SCK: 268 (9.7%), 268 uniq (100%)
      4. /I2C_SDA: 250 (9.1%), 250 uniq (100%)
      5. /mcu/STATUS: 99 (3.6%), 99 uniq (100%)
      6. /ADC0: 41 (1.5%), 41 uniq (100%)
      7. /ETH_INTn: 24 (0.9%), 24 uniq (100%)
  Extending to N=2: ripping /PWM1...
    Ripped /PWM1
Probe: forward=5000, backward=5000 iters, trying forward with full iterations...
No route found after 200000 iterations (forward), trying backward...
No route found after 410000 iterations (both directions)
  RETRY FAILED (N=2)
    Retry had 7761 blocked cells
  Re-analyzing 7761 blocked cells from N=2 retry:
    Frontier blocked by 6 nets (952 cells, 952 unique)
    Coverage: 952/7761 frontier cells attributed to routed nets; 6809 static/unrippable
    Top blockers:
      1. /DSPI_SCK: 268 (28.2%), 268 uniq (100%)
      2. /I2C_SCL: 250 (26.3%), 250 uniq (100%)
      3. /I2C_SDA: 207 (21.7%), 207 uniq (100%)
      4. /mcu/STATUS: 118 (12.4%), 118 uniq (100%)
      5. /ADC0: 85 (8.9%), 85 uniq (100%)
      6. /ETH_INTn: 24 (2.5%), 24 uniq (100%)
  Extending to N=3: ripping /DSPI_SCK...
    Ripped /DSPI_SCK
Probe: forward=5000, backward=5000 iters, trying forward with full iterations...
No route found after 200000 iterations (forward), trying backward...
No route found after 410000 iterations (both directions)
  RETRY FAILED (N=3)
    Retry had 7183 blocked cells
  [91mAll rip-up attempts failed: Restoring 3 net(s)[0m
      restore skipped (net 76): saved copper would short other-net copper; left ripped (#134)
  [91mROUTE FAILED - no rippable blockers found[0m
  Hint: the blocking copper belongs to pre-existing net(s) '/mcu/ENABLE_M' (committed by an earlier run/step), which this run is not allowed to rip. Retry with --rip-existing-nets '/mcu/ENABLE_M' to rip and re-route them in this run (issue #103) -- the decisive blocker may be any of them, so start with the full set (each ripped net is re-routed and the run reports honestly if one cannot be), then bisect if you want a minimal rip.

[16/20 (6 failed)] Routing /ETH_LED_ACT (id=39)
----------------------------------------
backward stuck (119 < 5000), forward=5000
  backward cell (1964, 1489, layer=0): ok, 3/8 neighbors blocked
No route found after 5119 iterations (both directions)
  FAILED: Could not find route (0.18s)
  Backward direction failed fastest (119 iterations, 86 blocked cells)
  Frontier blocked by 1 nets (10 cells, 10 unique; near: 0 src, 10 tgt)
  Coverage: 10/86 frontier cells attributed to routed nets; 76 static/unrippable
  Top blockers:
    1. /ETH_LED_LINK: 10 (100.0%), 10 uniq (100%), near: 0 src, 10 tgt
  Via-in-pad decline blamed PRE-EXISTING net(s) '+3V3' - not rippable this run; retry with --rip-existing-nets to authorize
  Ripping up /ETH_LED_LINK to retry...
    Ripped /ETH_LED_LINK
Probe: forward=5000, backward=5000 iters, trying forward with full iterations...
No route found after 200000 iterations (forward), trying backward...
Route found in 245158 iterations, path length: 1302
  RETRY SUCCESS (N=1): 27 segments, 1 vias, length=74.93mm

[17/20 (6 failed)] Routing /mcu/RXD0 (id=80)
----------------------------------------
Probe: forward=5000, backward=5000 iters, trying forward with full iterations...
Route found in 139857 iterations, path length: 960
  SUCCESS: 41 segments, 1 vias, 139857 iterations, length=53.01mm (stubs=0.00mm) (0.10s)

[18/20 (6 failed)] Routing /mcu/TXD0 (id=81)
----------------------------------------
Probe: forward=5000, backward=5000 iters, trying forward with full iterations...
Route found in 122695 iterations, path length: 1008
  SUCCESS: 45 segments, 1 vias, 122695 iterations, length=57.56mm (stubs=0.00mm) (0.10s)

[19/20 (6 failed)] Routing /mcu/ENABLE_M (id=43)
----------------------------------------
Probe: forward=5000, backward=5000 iters, trying forward with full iterations...
No route found after 200000 iterations (forward), trying backward...
No route found after 410000 iterations (both directions)
  FAILED: Could not find route (0.21s)
  Forward direction failed fastest (205000 iterations, 5786 blocked cells)
  Frontier blocked by 7 nets (2077 cells, 2077 unique; near: 227 src, 0 tgt)
  Coverage: 2077/5786 frontier cells attributed to routed nets; 3709 static/unrippable
  Top blockers:
    1. /I2C_SDA: 534 (25.7%), 534 uniq (100%), near: 162 src, 0 tgt
    2. /mcu/TXD0: 433 (20.8%), 433 uniq (100%)
    3. /PWM1: 397 (19.1%), 397 uniq (100%)
    4. /ADC0: 332 (16.0%), 332 uniq (100%)
    5. /I2C_SCL: 238 (11.5%), 238 uniq (100%), near: 65 src, 0 tgt
    6. /DSPI_MISO: 83 (4.0%), 83 uniq (100%)
    7. /ETH_LED_ACT: 60 (2.9%), 60 uniq (100%)
  Ripping up /I2C_SDA to retry...
    Ripped /I2C_SDA
Probe: forward=5000, backward=5000 iters, trying forward with full iterations...
No route found after 200000 iterations (forward), trying backward...
No route found after 410000 iterations (both directions)
  RETRY FAILED (N=1)
    Retry had 9851 blocked cells
  Re-analyzing 9851 blocked cells from N=1 retry:
    Frontier blocked by 9 nets (3597 cells, 3595 unique; near: 78 src, 163 tgt)
    Coverage: 3596/9851 frontier cells attributed to routed nets; 6255 static/unrippable
    Top blockers:
      1. /mcu/TXD0: 758 (21.1%), 758 uniq (100%)
      2. /PWM1: 575 (16.0%), 575 uniq (100%)
      3. /mcu/STATUS: 473 (13.1%), 473 uniq (100%)
      4. /ADC0: 376 (10.5%), 376 uniq (100%)
      5. /I2C_SCL: 320 (8.9%), 320 uniq (100%), near: 78 src, 0 tgt
      6. /mcu/RXD0: 290 (8.1%), 290 uniq (100%), near: 0 src, 163 tgt
      7. /DSPI_MISO: 105 (2.9%), 105 uniq (100%)
      8. /ETH_INTn: 548 (15.2%), 547 uniq (100%)
      9. /ETH_MISO: 152 (4.2%), 151 uniq (99%)
  Slot-0 guard: re-analysis refutes /I2C_SDA -> retrying /mcu/TXD0 ALONE first
      restore skipped (net 58): saved copper would short other-net copper; left ripped (#134)
  Ripping up /mcu/TXD0 to retry...
    Ripped /mcu/TXD0
Probe: forward=5000, backward=5000 iters, trying forward with full iterations...
No route found after 200000 iterations (forward), trying backward...
No route found after 410000 iterations (both directions)
  RETRY FAILED (N=1)
    Retry had 9038 blocked cells
  Re-analyzing 9038 blocked cells from N=1 retry:
    Frontier blocked by 9 nets (2974 cells, 2972 unique; near: 60 src, 142 tgt)
    Coverage: 2973/9038 frontier cells attributed to routed nets; 6065 static/unrippable
    Top blockers:
      1. /PWM1: 573 (19.3%), 573 uniq (100%)
      2. /mcu/STATUS: 503 (16.9%), 503 uniq (100%)
      3. /mcu/RXD0: 386 (13.0%), 386 uniq (100%), near: 0 src, 142 tgt
      4. /ADC0: 376 (12.6%), 376 uniq (100%)
      5. /I2C_SCL: 302 (10.2%), 302 uniq (100%), near: 60 src, 0 tgt
      6. /DSPI_MISO: 96 (3.2%), 96 uniq (100%)
      7. /ETH_LED_ACT: 59 (2.0%), 59 uniq (100%)
      8. /ETH_INTn: 539 (18.1%), 538 uniq (100%)
      9. /ETH_MISO: 140 (4.7%), 139 uniq (99%)
  Extending to N=2: ripping /PWM1...
    Ripped /PWM1
Probe: forward=5000, backward=5000 iters, trying forward with full iterations...
No route found after 200000 iterations (forward), trying backward...
No route found after 410000 iterations (both directions)
  RETRY FAILED (N=2)
    Retry had 8674 blocked cells
  Re-analyzing 8674 blocked cells from N=2 retry:
    Frontier blocked by 8 nets (2690 cells, 2688 unique; near: 24 src, 142 tgt)
    Coverage: 2689/8674 frontier cells attributed to routed nets; 5985 static/unrippable
    Top blockers:
      1. /mcu/STATUS: 879 (32.7%), 879 uniq (100%)
      2. /mcu/RXD0: 386 (14.3%), 386 uniq (100%), near: 0 src, 142 tgt
      3. /ADC0: 368 (13.7%), 368 uniq (100%)
      4. /I2C_SCL: 266 (9.9%), 266 uniq (100%), near: 24 src, 0 tgt
      5. /DSPI_MISO: 89 (3.3%), 89 uniq (100%)
      6. /ETH_LED_ACT: 59 (2.2%), 59 uniq (100%)
      7. /ETH_INTn: 523 (19.4%), 522 uniq (100%)
      8. /ETH_MISO: 120 (4.5%), 119 uniq (99%)
  Extending to N=3: ripping /mcu/STATUS...
    Ripped /mcu/STATUS
Probe: forward=5000, backward=5000 iters, trying forward with full iterations...
No route found after 200000 iterations (forward), trying backward...
No route found after 410000 iterations (both directions)
  RETRY FAILED (N=3)
    Retry had 6192 blocked cells
  [91mAll rip-up attempts failed: Restoring 3 net(s)[0m
  [91mROUTE FAILED - no rippable blockers found[0m
  Hint: the blocking copper belongs to pre-existing net(s) '/mcu/BOOT' '/eth/1V2O' (committed by an earlier run/step), which this run is not allowed to rip. Retry with --rip-existing-nets '/mcu/BOOT' '/eth/1V2O' to rip and re-route them in this run (issue #103) -- the decisive blocker may be any of them, so start with the full set (each ripped net is re-routed and the run reports honestly if one cannot be), then bisect if you want a minimal rip.

[20/20 (7 failed)] Routing /PWM2 (id=66)
----------------------------------------
Probe: forward=5000, backward=5000 iters, trying forward with full iterations...
No route found after 200000 iterations (forward), trying backward...
No route found after 410000 iterations (both directions)
  FAILED: Could not find route (0.21s)
  Forward direction failed fastest (205000 iterations, 5794 blocked cells)
  Frontier blocked by 8 nets (2907 cells, 2905 unique; near: 324 src, 0 tgt)
  Coverage: 2906/5794 frontier cells attributed to routed nets; 2888 static/unrippable
  Top blockers:
    1. /PWM1: 634 (21.8%), 634 uniq (100%), near: 145 src, 0 tgt
    2. /I2C_SCL: 406 (14.0%), 406 uniq (100%)
    3. /mcu/RXD0: 400 (13.8%), 400 uniq (100%), near: 97 src, 0 tgt
    4. /mcu/TXD0: 390 (13.4%), 390 uniq (100%), near: 82 src, 0 tgt
    5. /ADC0: 353 (12.1%), 353 uniq (100%)
    6. /mcu/STATUS: 161 (5.5%), 161 uniq (100%)
    7. /ETH_INTn: 366 (12.6%), 365 uniq (100%)
    8. /ETH_MISO: 197 (6.8%), 196 uniq (99%)
  Ripping up /PWM1 to retry...
    Ripped /PWM1
Probe: forward=5000, backward=5000 iters, trying forward with full iterations...
Route found in 148817 iterations, path length: 927
  RETRY SUCCESS (N=1): 33 segments, 1 vias, length=58.01mm

[REROUTE 21/25 (7 failed)] Re-routing ripped net /mcu/FAULT_M
----------------------------------------
Probe: forward=5000, backward=5000 iters, trying forward with full iterations...
No route found after 200000 iterations (forward), trying backward...
No route found after 410000 iterations (both directions)
  REROUTE FAILED: (0.21s) - attempting rip-up and retry...
  Frontier blocked by 2 nets (187 cells, 187 unique)
  Coverage: 187/6843 frontier cells attributed to routed nets; 6656 static/unrippable
  Top blockers:
    1. /mcu/RXD0: 113 (60.4%), 113 uniq (100%)
    2. /PWM2: 74 (39.6%), 74 uniq (100%)
  Ripping up /mcu/RXD0 to retry reroute...
Probe: forward=5000, backward=5000 iters, trying forward with full iterations...
No route found after 200000 iterations (forward), trying backward...
No route found after 410000 iterations (both directions)
  REROUTE RETRY FAILED (N=1)
    Retry had 10517 blocked cells
  Re-analyzing 10517 blocked cells from N=1 retry:
    Frontier blocked by 7 nets (1797 cells, 1795 unique; near: 0 src, 59 tgt)
    Coverage: 1796/10517 frontier cells attributed to routed nets; 8721 static/unrippable
    Top blockers:
      1. /PWM2: 554 (30.8%), 554 uniq (100%), near: 0 src, 48 tgt
      2. /ADC0: 368 (20.5%), 368 uniq (100%)
      3. /mcu/TXD0: 312 (17.4%), 312 uniq (100%)
      4. /I2C_SCL: 241 (13.4%), 241 uniq (100%), near: 0 src, 11 tgt
      5. /mcu/STATUS: 109 (6.1%), 109 uniq (100%)
      6. /ETH_MISO: 110 (6.1%), 109 uniq (99%)
      7. /ETH_INTn: 103 (5.7%), 102 uniq (99%)
  Extending to N=2: ripping /PWM2...
Probe: forward=5000, backward=5000 iters, trying forward with full iterations...
No route found after 200000 iterations (forward), trying backward...
No route found after 410000 iterations (both directions)
  REROUTE RETRY FAILED (N=2)
    Retry had 9925 blocked cells
  Re-analyzing 9925 blocked cells from N=2 retry:
    Frontier blocked by 6 nets (1306 cells, 1304 unique; near: 0 src, 11 tgt)
    Coverage: 1305/9925 frontier cells attributed to routed nets; 8620 static/unrippable
    Top blockers:
      1. /ADC0: 368 (28.2%), 368 uniq (100%)
      2. /mcu/TXD0: 309 (23.7%), 309 uniq (100%)
      3. /I2C_SCL: 241 (18.5%), 241 uniq (100%), near: 0 src, 11 tgt
      4. /mcu/STATUS: 175 (13.4%), 175 uniq (100%)
      5. /ETH_MISO: 110 (8.4%), 109 uniq (99%)
      6. /ETH_INTn: 103 (7.9%), 102 uniq (99%)
  Extending to N=3: ripping /ADC0...
Probe: forward=5000, backward=5000 iters, trying forward with full iterations...
No route found after 200000 iterations (forward), trying backward...
No route found after 410000 iterations (both directions)
  REROUTE RETRY FAILED (N=3)
    Retry had 9752 blocked cells
  [91mAll rip-up attempts failed: Restoring 3 net(s)[0m
      restore skipped (net 21): saved copper would short other-net copper; left ripped (#134)
  RIP-RESTORE (#468): /mcu/FAULT_M kept its escape stub (2 seg(s), 0 via(s)) -- full restore would short against copper routed since the rip

[REROUTE 22/25 (8 failed)] Re-routing ripped net /PWM4
----------------------------------------
Probe: forward=5000, backward=5000 iters, trying forward with full iterations...
No route found after 200000 iterations (forward), trying backward...
No route found after 410000 iterations (both directions)
  REROUTE FAILED: (0.22s) - attempting rip-up and retry...
  Frontier blocked by 8 nets (2398 cells, 2396 unique; near: 300 src, 0 tgt)
  Coverage: 2397/5780 frontier cells attributed to routed nets; 3383 static/unrippable
  Top blockers:
    1. /mcu/TXD0: 531 (22.1%), 531 uniq (100%), near: 24 src, 0 tgt
    2. /I2C_SCL: 433 (18.1%), 433 uniq (100%), near: 21 src, 0 tgt
    3. /PWM2: 420 (17.5%), 420 uniq (100%), near: 81 src, 0 tgt
    4. /mcu/STATUS: 213 (8.9%), 213 uniq (100%), near: 106 src, 0 tgt
    5. /DSPI_MISO: 111 (4.6%), 111 uniq (100%)
    6. /mcu/RXD0: 102 (4.3%), 102 uniq (100%)
    7. /ETH_INTn: 385 (16.1%), 384 uniq (100%), near: 68 src, 0 tgt
    8. /ETH_MISO: 203 (8.5%), 202 uniq (100%)
  Ripping up /mcu/TXD0 to retry reroute...
Probe: forward=5000, backward=5000 iters, trying forward with full iterations...
No route found after 200000 iterations (forward), trying backward...
No route found after 410000 iterations (both directions)
  REROUTE RETRY FAILED (N=1)
    Retry had 8887 blocked cells
  Re-analyzing 8887 blocked cells from N=1 retry:
    Frontier blocked by 7 nets (2188 cells, 2186 unique; near: 348 src, 0 tgt)
    Coverage: 2187/8887 frontier cells attributed to routed nets; 6700 static/unrippable
    Top blockers:
      1. /I2C_SCL: 584 (26.7%), 584 uniq (100%), near: 21 src, 0 tgt
      2. /PWM2: 404 (18.5%), 404 uniq (100%), near: 76 src, 0 tgt
      3. /mcu/STATUS: 319 (14.6%), 319 uniq (100%), near: 183 src, 0 tgt
      4. /DSPI_MISO: 278 (12.7%), 278 uniq (100%)
      5. /mcu/RXD0: 44 (2.0%), 44 uniq (100%)
      6. /ETH_INTn: 372 (17.0%), 371 uniq (100%), near: 68 src, 0 tgt
      7. /ETH_MISO: 187 (8.5%), 186 uniq (99%)
  Extending to N=2: ripping /I2C_SCL...
Probe: forward=5000, backward=5000 iters, trying forward with full iterations...
Route found in 164550 iterations, path length: 957
  REROUTE RETRY SUCCESS (N=2): 36 segments, 2 vias, length=59.41mm (stubs=0.00mm)

[REROUTE 23/27 (8 failed)] Re-routing ripped net /PWM5
----------------------------------------
Probe: forward=5000, backward=5000 iters, trying forward with full iterations...
Route found in 158848 iterations, path length: 1037
  REROUTE SUCCESS: 35 segments, 1 vias, length=62.38mm (stubs=0.00mm) (0.12s)

[REROUTE 24/27 (8 failed)] Re-routing ripped net /ETH_LED_LINK
----------------------------------------
Probe: forward=5000, backward=5000 iters, trying forward with full iterations...
No route found after 200000 iterations (forward), trying backward...
Route found in 296237 iterations, path length: 1213
  REROUTE SUCCESS: 53 segments, 2 vias, length=67.26mm (stubs=0.00mm) (0.14s)

[REROUTE 25/27 (8 failed)] Re-routing ripped net /PWM1
----------------------------------------
Probe: forward=5000, backward=5000 iters, trying forward with full iterations...
No route found after 200000 iterations (forward), trying backward...
No route found after 410000 iterations (both directions)
  REROUTE FAILED: (0.22s) - attempting rip-up and retry...
  Frontier blocked by 6 nets (2211 cells, 2211 unique; near: 133 src, 0 tgt)
  Coverage: 2211/5960 frontier cells attributed to routed nets; 3749 static/unrippable
  Top blockers:
    1. /PWM5: 857 (38.8%), 857 uniq (100%)
    2. /mcu/RXD0: 681 (30.8%), 681 uniq (100%), near: 133 src, 0 tgt
    3. /ETH_INTn: 270 (12.2%), 270 uniq (100%)
    4. /ETH_MISO: 147 (6.6%), 147 uniq (100%)
    5. /mcu/STATUS: 132 (6.0%), 132 uniq (100%)
    6. /PWM4: 124 (5.6%), 124 uniq (100%)
  Ripping up /PWM5 to retry reroute...
Probe: forward=5000, backward=5000 iters, trying forward with full iterations...
No route found after 200000 iterations (forward), trying backward...
No route found after 410000 iterations (both directions)
  REROUTE RETRY FAILED (N=1)
    Retry had 7797 blocked cells
  Re-analyzing 7797 blocked cells from N=1 retry:
    Frontier blocked by 6 nets (1471 cells, 1471 unique; near: 131 src, 0 tgt)
    Coverage: 1471/7797 frontier cells attributed to routed nets; 6326 static/unrippable
    Top blockers:
      1. /mcu/RXD0: 679 (46.2%), 679 uniq (100%), near: 131 src, 0 tgt
      2. /ETH_INTn: 269 (18.3%), 269 uniq (100%)
      3. /mcu/STATUS: 164 (11.1%), 164 uniq (100%)
      4. /ETH_MISO: 145 (9.9%), 145 uniq (100%)
      5. /PWM4: 125 (8.5%), 125 uniq (100%)
      6. /DSPI_MISO: 89 (6.1%), 89 uniq (100%)
  Extending to N=2: ripping /mcu/RXD0...
Probe: forward=5000, backward=5000 iters, trying forward with full iterations...
No route found after 200000 iterations (forward), trying backward...
No route found after 410000 iterations (both directions)
  REROUTE RETRY FAILED (N=2)
    Retry had 6698 blocked cells
  Re-analyzing 6698 blocked cells from N=2 retry:
    Frontier blocked by 5 nets (771 cells, 771 unique)
    Coverage: 771/6698 frontier cells attributed to routed nets; 5927 static/unrippable
    Top blockers:
      1. /ETH_INTn: 266 (34.5%), 266 uniq (100%)
      2. /mcu/STATUS: 158 (20.5%), 158 uniq (100%)
      3. /ETH_MISO: 141 (18.3%), 141 uniq (100%)
      4. /PWM4: 117 (15.2%), 117 uniq (100%)
      5. /DSPI_MISO: 89 (11.5%), 89 uniq (100%)
  Extending to N=3: ripping /ETH_INTn...
Probe: forward=5000, backward=5000 iters, trying forward with full iterations...
Route found in 161068 iterations, path length: 882
  REROUTE RETRY SUCCESS (N=3): 15 segments, 2 vias, length=59.41mm (stubs=0.00mm)

[REROUTE 26/30 (8 failed)] Re-routing ripped net /mcu/TXD0
----------------------------------------
Probe: forward=5000, backward=5000 iters, trying forward with full iterations...
Route found in 198967 iterations, path length: 950
  REROUTE SUCCESS: 29 segments, 1 vias, length=55.15mm (stubs=0.00mm) (0.13s)

[REROUTE 27/30 (8 failed)] Re-routing ripped net /I2C_SCL
----------------------------------------
  Multi-point net with 3 pads - routing main + taps
  Multi-point net Phase 1: routing longest MST edge (pads 0 and 1, length=26.67mm)
  Probe: forward=5000, backward=5000 iters, trying forward with full iterations...
  No route found after 200000 iterations (forward), trying backward...
  Phase 1 edge (pads 0,1) failed after 410000 iterations - trying next MST edge
  Multi-point net Phase 1: retrying with next MST edge (2/2) (pads 1 and 2, length=23.54mm)
  Probe: forward=5000, backward=5000 iters, trying forward with full iterations...
  Phase 1 routed in 467454 iterations, 12 segments
  Multi-point net Phase 3: routing 1 remaining MST edges (longest first)
    [1/0] Routing MST edge: pad 1 -> pad 0 (length=26.67mm) target=(100.15, 88.23)
      Probe: forward=5000, backward=5000 iters, trying forward with full iterations...
      No route found after 200000 iterations (forward), trying backward...
      Probe: forward=5000, backward=5000 iters, trying forward with full iterations...
      No route found after 5000 iterations (forward), trying backward...
      [93mFailed to route MST edge after 410000 iterations (0.23s)[0m
    Fallback: attempting orphaned pad 0 directly from connected copper
    [2/0] (1 failed) Routing MST edge: pad 1 -> pad 0 (length=26.67mm) target=(100.15, 88.23)
      Probe: forward=5000, backward=5000 iters, trying forward with full iterations...
      No route found after 200000 iterations (forward), trying backward...
      Probe: forward=5000, backward=5000 iters, trying forward with full iterations...
      No route found after 5000 iterations (forward), trying backward...
      [93mFailed to route MST edge after 410000 iterations (0.21s)[0m
  [93mWarning: 1 pad(s) not connected (1 MST edge(s) failed)[0m
  Phase 3 routing complete: 0 edges, 12 total segments, 1 total vias
    Tap routing: 0 segments, 0 vias
    [91mNOT CONNECTED (so far): /I2C_SCL - U30 pad 10 at (100.15, 88.23) - may still be recovered; final verdict in the end-of-run summary[0m
  REROUTE SUCCESS: 12 segments, 1 vias, length=29.43mm (stubs=0.00mm) (0.66s)

[REROUTE 28/30 (8 failed)] Re-routing ripped net /PWM5
----------------------------------------
Probe: forward=5000, backward=5000 iters, trying forward with full iterations...
No route found after 200000 iterations (forward), trying backward...
No route found after 410000 iterations (both directions)
  REROUTE FAILED: (0.20s) - attempting rip-up and retry...
  Frontier blocked by 5 nets (1088 cells, 1088 unique; near: 553 src, 0 tgt)
  Coverage: 1088/5595 frontier cells attributed to routed nets; 4507 static/unrippable
  Top blockers:
    1. /ETH_MISO: 411 (37.8%), 411 uniq (100%), near: 176 src, 0 tgt
    2. /PWM4: 331 (30.4%), 331 uniq (100%), near: 151 src, 0 tgt
    3. /mcu/STATUS: 181 (16.6%), 181 uniq (100%), near: 116 src, 0 tgt
    4. /mcu/TXD0: 137 (12.6%), 137 uniq (100%), near: 110 src, 0 tgt
    5. /DSPI_MISO: 28 (2.6%), 28 uniq (100%)
  Ripping up /ETH_MISO to retry reroute...
Probe: forward=5000, backward=5000 iters, trying forward with full iterations...
Route found in 122715 iterations, path length: 921
  REROUTE RETRY SUCCESS (N=1): 30 segments, 4 vias, length=59.69mm (stubs=0.00mm)

[REROUTE 29/31 (8 failed)] Re-routing ripped net /mcu/RXD0
----------------------------------------
Probe: forward=5000, backward=5000 iters, trying forward with full iterations...
Route found in 102904 iterations, path length: 950
  REROUTE SUCCESS: 36 segments, 1 vias, length=52.76mm (stubs=0.00mm) (0.08s)

[REROUTE 30/31 (8 failed)] Re-routing ripped net /ETH_INTn
----------------------------------------
Probe: forward=5000, backward=5000 iters, trying forward with full iterations...
No route found after 200000 iterations (forward), trying backward...
No route found after 410000 iterations (both directions)
  REROUTE FAILED: (0.19s) - attempting rip-up and retry...
  Frontier blocked by 7 nets (1410 cells, 1410 unique; near: 167 src, 0 tgt)
  Coverage: 1410/7569 frontier cells attributed to routed nets; 6159 static/unrippable
  Top blockers:
    1. /ETH_LED_ACT: 458 (32.5%), 458 uniq (100%), near: 54 src, 0 tgt
    2. /mcu/TXD0: 378 (26.8%), 378 uniq (100%)
    3. /PWM5: 180 (12.8%), 180 uniq (100%)
    4. /eth/SCLK_PHY: 135 (9.6%), 135 uniq (100%), near: 106 src, 0 tgt
    5. /poe/LED_Y_A: 130 (9.2%), 130 uniq (100%)
    6. /PWM4: 122 (8.7%), 122 uniq (100%)
    7. /eth/MOSI_PHY: 7 (0.5%), 7 uniq (100%), near: 7 src, 0 tgt
  Ripping up /ETH_LED_ACT to retry reroute...
Probe: forward=5000, backward=5000 iters, trying forward with full iterations...
No route found after 200000 iterations (forward), trying backward...
No route found after 410000 iterations (both directions)
  REROUTE RETRY FAILED (N=1)
    Retry had 10702 blocked cells
  Re-analyzing 10702 blocked cells from N=1 retry:
    Frontier blocked by 6 nets (1546 cells, 1546 unique; near: 79 src, 231 tgt)
    Coverage: 1546/10702 frontier cells attributed to routed nets; 9156 static/unrippable
    Top blockers:
      1. /PWM4: 533 (34.5%), 533 uniq (100%), near: 0 src, 230 tgt
      2. /mcu/TXD0: 450 (29.1%), 450 uniq (100%)
      3. /PWM5: 347 (22.4%), 347 uniq (100%), near: 0 src, 1 tgt
      4. /eth/SCLK_PHY: 108 (7.0%), 108 uniq (100%), near: 79 src, 0 tgt
      5. /poe/LED_Y_A: 94 (6.1%), 94 uniq (100%)
      6. /mcu/STATUS: 14 (0.9%), 14 uniq (100%)
  Extending to N=2: ripping /PWM4...
Probe: forward=5000, backward=5000 iters, trying forward with full iterations...
Route found in 151749 iterations, path length: 509
  REROUTE RETRY SUCCESS (N=2): 21 segments, 2 vias, length=31.35mm (stubs=0.00mm)

[REROUTE 31/33 (8 failed)] Re-routing ripped net /ETH_MISO
----------------------------------------
Probe: forward=5000, backward=5000 iters, trying forward with full iterations...
No route found after 200000 iterations (forward), trying backward...
No route found after 410000 iterations (both directions)
  REROUTE FAILED: (0.19s) - attempting rip-up and retry...
  Frontier blocked by 6 nets (1691 cells, 1689 unique; near: 131 src, 2 tgt)
  Coverage: 1690/8508 frontier cells attributed to routed nets; 6818 static/unrippable
  Top blockers:
    1. /ETH_INTn: 697 (41.2%), 697 uniq (100%), near: 80 src, 2 tgt
    2. /mcu/RXD0: 285 (16.9%), 285 uniq (100%)
    3. /eth/SCLK_PHY: 37 (2.2%), 37 uniq (100%), near: 37 src, 0 tgt
    4. /eth/MOSI_PHY: 14 (0.8%), 14 uniq (100%), near: 14 src, 0 tgt
    5. /mcu/TXD0: 605 (35.8%), 604 uniq (100%)
    6. /mcu/STATUS: 53 (3.1%), 52 uniq (98%)
  Ripping up /ETH_INTn to retry reroute...
Probe: forward=5000, backward=5000 iters, trying forward with full iterations...
Route found in 171842 iterations, path length: 482
  REROUTE RETRY SUCCESS (N=1): 19 segments, 2 vias, length=30.86mm (stubs=0.00mm)

[REROUTE 32/34 (8 failed)] Re-routing ripped net /ETH_LED_ACT
----------------------------------------
Probe: forward=5000, backward=5000 iters, trying forward with full iterations...
No route found after 200000 iterations (forward), trying backward...
Route found in 291289 iterations, path length: 1307
  REROUTE SUCCESS: 62 segments, 1 vias, length=73.42mm (stubs=0.00mm) (0.13s)

[REROUTE 33/34 (8 failed)] Re-routing ripped net /PWM4
----------------------------------------
Probe: forward=5000, backward=5000 iters, trying forward with full iterations...
Route found in 183023 iterations, path length: 1110
  REROUTE SUCCESS: 51 segments, 2 vias, length=66.50mm (stubs=0.00mm) (0.12s)

[REROUTE 34/34 (8 failed)] Re-routing ripped net /ETH_INTn
----------------------------------------
Probe: forward=5000, backward=5000 iters, trying forward with full iterations...
No route found after 200000 iterations (forward), trying backward...
No route found after 410000 iterations (both directions)
  REROUTE FAILED: (0.17s) - attempting rip-up and retry...
  Frontier blocked by 4 nets (412 cells, 412 unique; near: 101 src, 0 tgt)
  Coverage: 412/6348 frontier cells attributed to routed nets; 5936 static/unrippable
  Top blockers:
    1. /ETH_LED_ACT: 232 (56.3%), 232 uniq (100%), near: 101 src, 0 tgt
    2. /poe/LED_Y_A: 150 (36.4%), 150 uniq (100%)
    3. /eth/SCLK_PHY: 29 (7.0%), 29 uniq (100%)
    4. /PWM4: 1 (0.2%), 1 uniq (100%)
  Ripping up /ETH_LED_ACT to retry reroute...
Probe: forward=5000, backward=5000 iters, trying forward with full iterations...
No route found after 200000 iterations (forward), trying backward...
No route found after 410000 iterations (both directions)
  REROUTE RETRY FAILED (N=1)
    Retry had 10945 blocked cells
  Re-analyzing 10945 blocked cells from N=1 retry:
    Frontier blocked by 4 nets (586 cells, 586 unique; near: 79 src, 0 tgt)
    Coverage: 586/10945 frontier cells attributed to routed nets; 10359 static/unrippable
    Top blockers:
      1. /mcu/TXD0: 379 (64.7%), 379 uniq (100%)
      2. /eth/SCLK_PHY: 108 (18.4%), 108 uniq (100%), near: 79 src, 0 tgt
      3. /poe/LED_Y_A: 98 (16.7%), 98 uniq (100%)
      4. /PWM4: 1 (0.2%), 1 uniq (100%)
  Extending to N=2: ripping /mcu/TXD0...
Probe: forward=5000, backward=5000 iters, trying forward with full iterations...
No route found after 200000 iterations (forward), trying backward...
No route found after 410000 iterations (both directions)
  REROUTE RETRY FAILED (N=2)
    Retry had 10518 blocked cells
  Re-analyzing 10518 blocked cells from N=2 retry:
    Frontier blocked by 4 nets (203 cells, 203 unique; near: 79 src, 0 tgt)
    Coverage: 203/10518 frontier cells attributed to routed nets; 10315 static/unrippable
    Top blockers:
      1. /eth/SCLK_PHY: 108 (53.2%), 108 uniq (100%), near: 79 src, 0 tgt
      2. /poe/LED_Y_A: 92 (45.3%), 92 uniq (100%)
      3. /mcu/STATUS: 2 (1.0%), 2 uniq (100%)
      4. /PWM4: 1 (0.5%), 1 uniq (100%)
  Extending to N=3: ripping /eth/SCLK_PHY...
Probe: forward=5000, backward=5000 iters, trying forward with full iterations...
No route found after 200000 iterations (forward), trying backward...
No route found after 410000 iterations (both directions)
  REROUTE RETRY FAILED (N=3)
    Retry had 10479 blocked cells
  [91mAll rip-up attempts failed: Restoring 3 net(s)[0m
  RIP-RESTORE (#468): /ETH_INTn kept its escape stub (2 seg(s), 0 via(s)) -- full restore would short against copper routed since the rip

Sync pcb_data: 2400 -> 1999 (kept stubs) -> 2400 (after adding 401)
Issue #134 recovery: re-routing 4 net(s) left ripped to avoid a short: /ADC0, /I2C_SDA, /DSPI_SCK, /DSPI_MOSI

[REROUTE 35/38] Re-routing ripped net /mcu/FAULT_M
----------------------------------------
Probe: forward=5000, backward=5000 iters, trying forward with full iterations...
No route found after 200000 iterations (forward), trying backward...
Route found in 401815 iterations, path length: 819
  REROUTE SUCCESS: 22 segments, 2 vias, length=61.04mm (stubs=9.15mm) (0.20s)

[REROUTE 36/38] Re-routing ripped net /ETH_INTn
----------------------------------------
Probe: forward=5000, backward=5000 iters, trying forward with full iterations...
No route found after 200000 iterations (forward), trying backward...
No route found after 410000 iterations (both directions)
  REROUTE FAILED: (0.18s) - attempting rip-up and retry...
  Frontier blocked by 3 nets (383 cells, 383 unique; near: 101 src, 0 tgt)
  Coverage: 383/6354 frontier cells attributed to routed nets; 5971 static/unrippable
  Top blockers:
    1. /ETH_LED_ACT: 232 (60.6%), 232 uniq (100%), near: 101 src, 0 tgt
    2. /poe/LED_Y_A: 150 (39.2%), 150 uniq (100%)
    3. /PWM4: 1 (0.3%), 1 uniq (100%)
  Ripping up /ETH_LED_ACT to retry reroute...
Probe: forward=5000, backward=5000 iters, trying forward with full iterations...
No route found after 200000 iterations (forward), trying backward...
No route found after 410000 iterations (both directions)
  REROUTE RETRY FAILED (N=1)
    Retry had 10945 blocked cells
  Re-analyzing 10945 blocked cells from N=1 retry:
    Frontier blocked by 3 nets (478 cells, 478 unique)
    Coverage: 478/10945 frontier cells attributed to routed nets; 10467 static/unrippable
    Top blockers:
      1. /mcu/TXD0: 379 (79.3%), 379 uniq (100%)
      2. /poe/LED_Y_A: 98 (20.5%), 98 uniq (100%)
      3. /PWM4: 1 (0.2%), 1 uniq (100%)
  Extending to N=2: ripping /mcu/TXD0...
Probe: forward=5000, backward=5000 iters, trying forward with full iterations...
No route found after 200000 iterations (forward), trying backward...
No route found after 410000 iterations (both directions)
  REROUTE RETRY FAILED (N=2)
    Retry had 10518 blocked cells
  Re-analyzing 10518 blocked cells from N=2 retry:
    Frontier blocked by 3 nets (95 cells, 95 unique)
    Coverage: 95/10518 frontier cells attributed to routed nets; 10423 static/unrippable
    Top blockers:
      1. /poe/LED_Y_A: 92 (96.8%), 92 uniq (100%)
      2. /mcu/STATUS: 2 (2.1%), 2 uniq (100%)
      3. /PWM4: 1 (1.1%), 1 uniq (100%)
  Extending to N=3: ripping /poe/LED_Y_A...
Probe: forward=5000, backward=5000 iters, trying forward with full iterations...
No route found after 200000 iterations (forward), trying backward...
No route found after 410000 iterations (both directions)
  REROUTE RETRY FAILED (N=3)
    Retry had 10710 blocked cells
  [91mAll rip-up attempts failed: Restoring 3 net(s)[0m
  RIP-RESTORE (#468): /ETH_INTn kept its escape stub (2 seg(s), 0 via(s)) -- full restore would short against copper routed since the rip

[REROUTE 37/38 (1 failed)] Re-routing ripped net /ETH_INTn
----------------------------------------
Probe: forward=5000, backward=5000 iters, trying forward with full iterations...
No route found after 200000 iterations (forward), trying backward...
No route found after 410000 iterations (both directions)
  REROUTE FAILED: (0.18s) - attempting rip-up and retry...
  Frontier blocked by 3 nets (383 cells, 383 unique; near: 101 src, 0 tgt)
  Coverage: 383/6354 frontier cells attributed to routed nets; 5971 static/unrippable
  Top blockers:
    1. /ETH_LED_ACT: 232 (60.6%), 232 uniq (100%), near: 101 src, 0 tgt
    2. /poe/LED_Y_A: 150 (39.2%), 150 uniq (100%)
    3. /PWM4: 1 (0.3%), 1 uniq (100%)
  Ripping up /ETH_LED_ACT to retry reroute...
Probe: forward=5000, backward=5000 iters, trying forward with full iterations...
No route found after 200000 iterations (forward), trying backward...
No route found after 410000 iterations (both directions)
  REROUTE RETRY FAILED (N=1)
    Retry had 10945 blocked cells
  Re-analyzing 10945 blocked cells from N=1 retry:
    Frontier blocked by 3 nets (478 cells, 478 unique)
    Coverage: 478/10945 frontier cells attributed to routed nets; 10467 static/unrippable
    Top blockers:
      1. /mcu/TXD0: 379 (79.3%), 379 uniq (100%)
      2. /poe/LED_Y_A: 98 (20.5%), 98 uniq (100%)
      3. /PWM4: 1 (0.2%), 1 uniq (100%)
  Extending to N=2: ripping /mcu/TXD0...
Probe: forward=5000, backward=5000 iters, trying forward with full iterations...
No route found after 200000 iterations (forward), trying backward...
No route found after 410000 iterations (both directions)
  REROUTE RETRY FAILED (N=2)
    Retry had 10518 blocked cells
  Re-analyzing 10518 blocked cells from N=2 retry:
    Frontier blocked by 3 nets (95 cells, 95 unique)
    Coverage: 95/10518 frontier cells attributed to routed nets; 10423 static/unrippable
    Top blockers:
      1. /poe/LED_Y_A: 92 (96.8%), 92 uniq (100%)
      2. /mcu/STATUS: 2 (2.1%), 2 uniq (100%)
      3. /PWM4: 1 (1.1%), 1 uniq (100%)
  Extending to N=3: ripping /poe/LED_Y_A...
Probe: forward=5000, backward=5000 iters, trying forward with full iterations...
No route found after 200000 iterations (forward), trying backward...
No route found after 410000 iterations (both directions)
  REROUTE RETRY FAILED (N=3)
    Retry had 10710 blocked cells
  [91mAll rip-up attempts failed: Restoring 3 net(s)[0m
  RIP-RESTORE (#468): /ETH_INTn kept its escape stub (2 seg(s), 0 via(s)) -- full restore would short against copper routed since the rip

[REROUTE 38/38 (2 failed)] Re-routing ripped net /ADC0
----------------------------------------
  Multi-point net with 3 pads - routing main + taps
  Multi-point net Phase 1: routing longest MST edge (pads 1 and 2, length=46.70mm)
  Probe: forward=5000, backward=5000 iters, trying forward with full iterations...
  No route found after 200000 iterations (forward), trying backward...
  Phase 1 edge (pads 1,2) failed after 410000 iterations - trying next MST edge
  Multi-point net Phase 1: retrying with next MST edge (2/2) (pads 0 and 1, length=16.53mm)
  Probe: forward=5000, backward=5000 iters, trying forward with full iterations...
  Phase 1 routed in 445835 iterations, 24 segments
  Multi-point net Phase 3: routing 1 remaining MST edges (longest first)
    [1/0] Routing MST edge: pad 1 -> pad 2 (length=46.70mm) target=(90.39, 79.25)
      Probe: forward=5000, backward=5000 iters, trying forward with full iterations...
      No route found after 200000 iterations (forward), trying backward...
      Probe: forward=5000, backward=5000 iters, trying forward with full iterations...
      No route found after 5000 iterations (forward), trying backward...
      [93mFailed to route MST edge after 410000 iterations (0.21s)[0m
    Fallback: attempting orphaned pad 2 directly from connected copper
    [2/0] (1 failed) Routing MST edge: pad 1 -> pad 2 (length=46.70mm) target=(90.39, 79.25)
      Probe: forward=5000, backward=5000 iters, trying forward with full iterations...
      No route found after 200000 iterations (forward), trying backward...
      Probe: forward=5000, backward=5000 iters, trying forward with full iterations...
      No route found after 5000 iterations (forward), trying backward...
      [93mFailed to route MST edge after 410000 iterations (0.24s)[0m
  [93mWarning: 1 pad(s) not connected (1 MST edge(s) failed)[0m
  Phase 3 routing complete: 0 edges, 24 total segments, 2 total vias
    Tap routing: 0 segments, 0 vias
    [91mNOT CONNECTED (so far): /ADC0 - D41 pad 1 at (90.39, 79.25) - may still be recovered; final verdict in the end-of-run summary[0m
  REROUTE SUCCESS: 24 segments, 2 vias, length=19.00mm (stubs=0.00mm) (0.67s)

[REROUTE 39/38 (2 failed)] Re-routing ripped net /I2C_SDA
----------------------------------------
  Multi-point net with 3 pads - routing main + taps
  Multi-point net Phase 1: routing longest MST edge (pads 0 and 2, length=24.62mm)
  Probe: forward=5000, backward=5000 iters, trying forward with full iterations...
  Phase 1 routed in 77017 iterations, 86 segments
  Multi-point net Phase 3: routing 1 remaining MST edges (longest first)
    [1/0] Routing MST edge: pad 0 -> pad 1 (length=22.14mm) target=(98.88, 88.23)
      Probe: forward=5000, backward=5000 iters, trying forward with full iterations...
      No route found after 200000 iterations (forward), trying backward...
      Probe: forward=5000, backward=5000 iters, trying forward with full iterations...
      No route found after 5000 iterations (forward), trying backward...
      [93mFailed to route MST edge after 410000 iterations (0.21s)[0m
    Fallback: attempting orphaned pad 1 directly from connected copper
    [2/0] (1 failed) Routing MST edge: pad 0 -> pad 1 (length=22.14mm) target=(98.88, 88.23)
      Probe: forward=5000, backward=5000 iters, trying forward with full iterations...
      No route found after 200000 iterations (forward), trying backward...
      Probe: forward=5000, backward=5000 iters, trying forward with full iterations...
      No route found after 5000 iterations (forward), trying backward...
      [93mFailed to route MST edge after 410000 iterations (0.22s)[0m
  [93mWarning: 1 pad(s) not connected (1 MST edge(s) failed)[0m
  Phase 3 routing complete: 0 edges, 86 total segments, 0 total vias
    Tap routing: 0 segments, 0 vias
    [91mNOT CONNECTED (so far): /I2C_SDA - U30 pad 11 at (98.88, 88.23) - may still be recovered; final verdict in the end-of-run summary[0m
  REROUTE SUCCESS: 86 segments, 0 vias, length=34.25mm (stubs=0.00mm) (0.50s)

[REROUTE 40/38 (2 failed)] Re-routing ripped net /DSPI_SCK
----------------------------------------
Probe: forward=5000, backward=5000 iters, trying forward with full iterations...
Route found in 65964 iterations, path length: 531
  REROUTE SUCCESS: 34 segments, 2 vias, length=34.61mm (stubs=0.00mm) (0.06s)

[REROUTE 41/38 (2 failed)] Re-routing ripped net /DSPI_MOSI
----------------------------------------
Probe: forward=5000, backward=5000 iters, trying forward with full iterations...
Route found in 43554 iterations, path length: 603
  REROUTE SUCCESS: 38 segments, 1 vias, length=36.48mm (stubs=0.00mm) (0.05s)

============================================================
Final reconciliation (casualties-only, depth 1): 1 net(s)/pair(s) ripped during routing never re-routed
============================================================
      restore skipped (net 55): saved copper would short other-net copper; left ripped (#134)
Probe: forward=5000, backward=5000 iters, trying forward with full iterations...
No route found after 200000 iterations (forward), trying backward...
No route found after 410000 iterations (both directions)
  [91mPARTIAL[0m /ETH_INTn: reroute failed; restored 20 segment(s) + 2 via(s) of its pre-rip route (dropped 1 colliding piece(s)); net remains PARTIAL for a later pass

Per-net fine-parameter rescue (#331/#371): 8 candidate net(s)
  Rescuing /ETH_INTn (failed, 2 disconnected parts)
Probe: forward=5000, backward=5000 iters, trying forward with full iterations...
Route found in 65685 iterations, path length: 891
    [92mrescued a gap[0m: grid 0.025, clearance 0.2, track 0.2 (102 segs, 0 vias, 65685 iters)
    [92mfully reconnected[0m (2 -> 1 parts, 5.5s)
  Rescuing /ETH_MOSI (failed, 2 disconnected parts)
Probe: forward=5000, backward=5000 iters, trying forward with full iterations...
No route found after 1000000 iterations (forward), trying backward...
No route found after 2010000 iterations (both directions)
Probe: forward=5000, backward=5000 iters, trying forward with full iterations...
Route found in 1004975 iterations, path length: 1005
    [92mrescued a gap[0m: grid 0.025, clearance 0.2, track 0.1 (79 segs, 4 vias, 1004975 iters)
    [92mfully reconnected[0m (2 -> 1 parts, 16.0s)
  Rescuing /ETH_RSTn (failed, 2 disconnected parts)
Probe: forward=5000, backward=5000 iters, trying forward with full iterations...
No route found after 1000000 iterations (forward), trying backward...
No route found after 2010000 iterations (both directions)
Probe: forward=5000, backward=5000 iters, trying forward with full iterations...
Route found in 592043 iterations, path length: 1131
    [92mrescued a gap[0m: grid 0.025, clearance 0.2, track 0.1 (38 segs, 2 vias, 592043 iters)
    [92mfully reconnected[0m (2 -> 1 parts, 14.9s)
  Rescuing /ETH_SCLK (failed, 2 disconnected parts)
Probe: forward=5000, backward=5000 iters, trying forward with full iterations...
No route found after 1000000 iterations (forward), trying backward...
Route found in 1955871 iterations, path length: 1150
    [92mrescued a gap[0m: grid 0.025, clearance 0.2, track 0.2 (31 segs, 2 vias, 1955871 iters)
    [92mfully reconnected[0m (2 -> 1 parts, 8.7s)
  Rescuing /PWM0 (failed, 2 disconnected parts)
    [93mgap 55.7mm exceeds rescue limit 40mm - skipped[0m
    [91mrescue failed[0m (0.0s)
  Rescuing /PWM3 (failed, 2 disconnected parts)
    [93mgap 49.0mm exceeds rescue limit 40mm - skipped[0m
    [91mrescue failed[0m (0.0s)
  Rescuing /mcu/BOOT (failed, 2 disconnected parts)
Probe: forward=5000, backward=5000 iters, trying forward with full iterations...
No route found after 1000000 iterations (forward), trying backward...
No route found after 2010000 iterations (both directions)
Probe: forward=5000, backward=5000 iters, trying forward with full iterations...
No route found after 1000000 iterations (forward), trying backward...
No route found after 2010000 iterations (both directions)
Probe: forward=5000, backward=5000 iters, trying forward with full iterations...
No route found after 1000000 iterations (forward), trying backward...
No route found after 2010000 iterations (both directions)
    [91mrescue failed[0m (33.6s)
  Rescuing /mcu/ENABLE_M (failed, 2 disconnected parts)
    [93mgap 45.4mm exceeds rescue limit 40mm - skipped[0m
    [91mrescue failed[0m (0.0s)
Rescue pass: 4 recovered, 0 improved, 4 unchanged (78.6s)
Dropped 1 superseded rip-reroute result(s) from the write-list
Closed 6 stub gap(s) to same-net copper
Dropped 17 orphan routed segment(s) from the board (rip/reroute copper no result references)
Dropped 2 orphan routed via(s) from the board
Cycle prune: removed 37 redundant loop segment(s) across 18 net(s)
Strict collapse: removed 5 redundant segment(s) (superseded parallel/buried copper)
Orphan islands: removed 1 pad-less copper island(s) (102 segment(s))
Stripped 225 stale input segment(s) of ripped/re-routed nets not on the final board (#220)
Stripping 18 stale input via(s) of ripped/re-routed nets not on the final board

============================================================
Routing complete
============================================================
  [91mSingle-ended:  14/20 routed (4 FAILED)[0m
  [91mMulti-point:   6/9 pads connected (3 FAILED)[0m
  Total vias:    36
  Total time:    5.61s
  Iterations:    12,163,888

[91mFailed single-ended nets:[0m
  [91m/mcu/BOOT[0m
  [91m/PWM3[0m
  [91m/PWM0[0m
  [91m/mcu/ENABLE_M[0m

[91mFailed multi-point connections:[0m
  [91m/I2C_SCL: U30 pad ? at (100.15, 88.23) not connected[0m
  [91m/mcu/FAULT_M: U30 pad ? at (98.88, 106.03) not connected[0m
  [91m/ADC0: D41 pad ? at (90.39, 79.25) not connected[0m
  [91m/I2C_SDA: U30 pad ? at (98.88, 88.23) not connected[0m
  [91m/ETH_INTn: U30 pad ? at (93.68, 99.04) not connected[0m

============================================================
FAILED NET HISTORIES
============================================================

/mcu/BOOT:
  [0] blocked_by
  [0] Re-route FAILED: all rip-up attempts failed
         Blocked by: /PWM4, /mcu/FAULT_M, /mcu/IO3_STRAP
  [0] Re-route FAILED: no rippable blockers found
  [0] preexisting_blockers
  [0] rescue_failed

/PWM3:
  [0] blocked_by
  [0] Re-route FAILED: all rip-up attempts failed
         Blocked by: /DSPI_MOSI, /PWM4, /PWM6
  [0] Re-route FAILED: no rippable blockers found
  [0] preexisting_blockers
  [0] rescue_failed

/PWM0:
  [0] blocked_by
  [0] Re-route FAILED: all rip-up attempts failed
         Blocked by: /PWM7, /PWM1, /DSPI_SCK
  [0] Re-route FAILED: no rippable blockers found
  [0] preexisting_blockers
  [0] rescue_failed

/mcu/ENABLE_M:
  [0] blocked_by
  [0] Re-route FAILED: all rip-up attempts failed
         Blocked by: /mcu/TXD0, /PWM1, /mcu/STATUS
  [0] Re-route FAILED: no rippable blockers found
  [0] preexisting_blockers
  [0] rescue_failed
JSON_SUMMARY: {"routed_single": ["/ETH_MISO", "/ETH_RSTn", "/mcu/STATUS", "/PWM5", "/PWM4", "/poe/LED_Y_A", "/ETH_MOSI", "/ETH_SCLK", "/PWM1", "/ETH_LED_LINK", "/ETH_LED_ACT", "/mcu/RXD0", "/mcu/TXD0", "/PWM2"], "failed_single": ["/mcu/BOOT", "/PWM3", "/PWM0", "/mcu/ENABLE_M"], "failed_multipoint": [{"net_name": "/I2C_SCL", "failed_pads": [{"component_ref": "U30", "pad_number": "?", "x": 100.14999999999999, "y": 88.232}]}, {"net_name": "/mcu/FAULT_M", "failed_pads": [{"component_ref": "U30", "pad_number": "?", "x": 98.88, "y": 106.03200000000001}]}, {"net_name": "/ADC0", "failed_pads": [{"component_ref": "D41", "pad_number": "?", "x": 90.39, "y": 79.25}]}, {"net_name": "/I2C_SDA", "failed_pads": [{"component_ref": "U30", "pad_number": "?", "x": 98.88, "y": 88.232}]}, {"net_name": "/ETH_INTn", "failed_pads": [{"component_ref": "U30", "pad_number": "?", "x": 93.67999999999999, "y": 99.042}]}], "multipoint_nets": 3, "multipoint_pads_connected": 6, "multipoint_pads_total": 9, "multipoint_edges_routed": 3, "multipoint_edges_failed": 3, "ripup_success_pairs": [], "rerouted_pairs": [], "single_ended_target_swaps": [], "layer_swaps": 0, "successful": 14, "failed": 6, "total_time": 5.61, "total_iterations": 12163888, "total_vias": 36, "cleanup_disconnected": [], "min_clearance_used": 0.2, "rescue": {"attempted": 8, "recovered": ["/ETH_INTn", "/ETH_MOSI", "/ETH_RSTn", "/ETH_SCLK"], "improved": [], "unchanged": ["/PWM0", "/PWM3", "/mcu/BOOT", "/mcu/ENABLE_M"], "pads_reconnected": 0, "time": 78.64}, "casualty_reconcile": {"attempted": 1, "restored": [], "rerouted": [], "partial": ["/ETH_INTn"], "unrecovered": []}}

Writing output to C:\dev\ai-ee3\boards\lumina-carrier\work\p7\krtf_sig.kicad_pcb...
Removed 229 dead-end input segment(s) from the output
Removed 18 stale input via(s) from the output
Successfully wrote C:\dev\ai-ee3\boards\lumina-carrier\work\p7\krtf_sig.kicad_pcb

Final reconciliation: retrying 9 incomplete net(s) against the finished board: /mcu/BOOT, /PWM3, /PWM0, /mcu/ENABLE_M, /I2C_SCL, /mcu/FAULT_M, /ADC0, /I2C_SDA, /ETH_INTn
  Reconciliation rip authority (#103): --rip-existing-nets over hinted blockers /mcu/ENABLE_M, /mcu/BOOT
Loading C:\dev\ai-ee3\boards\lumina-carrier\work\p7\krtf_sig.kicad_pcb...
Using 4 routing layers: ['F.Cu', 'In1.Cu', 'In2.Cu', 'B.Cu']
  Layer costs: F.Cu=1.0x, In1.Cu=-1.0x, In2.Cu=-1.0x, B.Cu=1.3x
No BGA components detected - no exclusion zones needed

Using MPS ordering strategy...
MPS: Using segment intersection method (no nets on BGA chips)
MPS: 9 nets with 23 crossing conflicts detected
MPS Round 1: 3 units: /ETH_INTn, /mcu/FAULT_M, /I2C_SCL
MPS Round 2: 2 units: /mcu/BOOT, /PWM3
MPS Round 3: 1 units: /I2C_SDA
MPS Round 4: 1 units: /ADC0
MPS Round 5: 1 units: /mcu/ENABLE_M
MPS Round 6: 1 units: /PWM0

Routing 9 single-ended net(s)...
============================================================
17 pre-existing net(s) eligible for rip-up: /IMON, /mcu/IO3_STRAP, /expansion/ID_ADC_CONN, /ID_ADC, /mcu/EN, /CDB...
Building base obstacle map...
Base obstacle map built in 11.43s
Found 85 unrouted nets in PCB for stub proximity
Pre-computing net obstacle cache...
Net obstacle cache built in 1.14s (85 nets)

[1/9] Routing /ETH_INTn (id=55)
----------------------------------------
  Detected multi-point net with 3 pads (Phase 1: main route only)
  Existing copper joins 3 terminals into 2 group(s)
  Multi-point net Phase 1: routing longest MST edge (pads 0 and 2, length=24.47mm)
  Probe: forward=5000, backward=5000 iters, trying forward with full iterations...
  Phase 1 routed in 61302 iterations, 19 segments
  SUCCESS: 19 segments, 2 vias, 61302 iterations, length=30.92mm (stubs=0.04mm) (0.07s)

[2/9] Routing /mcu/FAULT_M (id=11)
----------------------------------------
Route found in 25 iterations, path length: 25
  SUCCESS: 1 segments, 0 vias, 25 iterations, length=57.83mm (stubs=56.14mm) (0.05s)

[3/9] Routing /I2C_SCL (id=70)
----------------------------------------
Probe: forward=5000, backward=5000 iters, trying forward with full iterations...
No route found after 200000 iterations (forward), trying backward...
No route found after 410000 iterations (both directions)
  FAILED: Could not find route (0.21s)
  Forward direction failed fastest (205000 iterations, 6500 blocked cells)
  Frontier blocked by 5 nets (1750 cells, 1750 unique; near: 513 src, 0 tgt)
  Coverage: 1750/6500 frontier cells attributed to routed nets; 4750 static/unrippable
  Top blockers:
    1. /ID_ADC: 680 (38.9%), 680 uniq (100%), near: 259 src, 0 tgt
    2. /PWM6: 474 (27.1%), 474 uniq (100%), near: 254 src, 0 tgt
    3. /mcu/IO3_STRAP: 244 (13.9%), 244 uniq (100%)
    4. /PWM7: 225 (12.9%), 225 uniq (100%)
    5. /mcu/FAULT_M: 127 (7.3%), 127 uniq (100%)
  Ripping up /ID_ADC to retry...
    Ripped /ID_ADC
Probe: forward=5000, backward=5000 iters, trying forward with full iterations...
No route found after 200000 iterations (forward), trying backward...
No route found after 410000 iterations (both directions)
  RETRY FAILED (N=1)
    Retry had 11892 blocked cells
  Re-analyzing 11892 blocked cells from N=1 retry:
    Frontier blocked by 6 nets (2467 cells, 2467 unique; near: 263 src, 19 tgt)
    Coverage: 2467/11892 frontier cells attributed to routed nets; 9425 static/unrippable
    Top blockers:
      1. /mcu/FAULT_M: 1013 (41.1%), 1013 uniq (100%)
      2. /PWM6: 498 (20.2%), 498 uniq (100%), near: 263 src, 0 tgt
      3. /mcu/IO3_STRAP: 479 (19.4%), 479 uniq (100%)
      4. /PWM7: 289 (11.7%), 289 uniq (100%)
      5. /mcu/EN: 131 (5.3%), 131 uniq (100%)
      6. /mcu/IMON_M: 57 (2.3%), 57 uniq (100%), near: 0 src, 19 tgt
  Slot-0 guard: re-analysis refutes /ID_ADC -> retrying /mcu/FAULT_M ALONE first
  Ripping up /mcu/FAULT_M to retry...
    Ripped /mcu/FAULT_M
Probe: forward=5000, backward=5000 iters, trying forward with full iterations...
No route found after 200000 iterations (forward), trying backward...
No route found after 410000 iterations (both directions)
  RETRY FAILED (N=1)
    Retry had 13138 blocked cells
  Re-analyzing 13138 blocked cells from N=1 retry:
    Frontier blocked by 5 nets (1412 cells, 1412 unique; near: 254 src, 19 tgt)
    Coverage: 1412/13138 frontier cells attributed to routed nets; 11726 static/unrippable
    Top blockers:
      1. /mcu/IO3_STRAP: 549 (38.9%), 549 uniq (100%)
      2. /PWM6: 460 (32.6%), 460 uniq (100%), near: 254 src, 0 tgt
      3. /PWM7: 215 (15.2%), 215 uniq (100%)
      4. /mcu/EN: 131 (9.3%), 131 uniq (100%)
      5. /mcu/IMON_M: 57 (4.0%), 57 uniq (100%), near: 0 src, 19 tgt
  Extending to N=2: ripping /mcu/IO3_STRAP...
    Ripped /mcu/IO3_STRAP
Probe: forward=5000, backward=5000 iters, trying forward with full iterations...
Route found in 46378 iterations, path length: 446
  RETRY SUCCESS (N=2): 25 segments, 2 vias, length=29.08mm

[4/9] Routing /mcu/BOOT (id=41)
----------------------------------------
Probe: forward=5000, backward=5000 iters, trying forward with full iterations...
No route found after 200000 iterations (forward), trying backward...
No route found after 410000 iterations (both directions)
  FAILED: Could not find route (0.25s)
  Forward direction failed fastest (205000 iterations, 6156 blocked cells)
  Frontier blocked by 1 nets (654 cells, 654 unique)
  Coverage: 654/6156 frontier cells attributed to routed nets; 5502 static/unrippable
  Top blockers:
    1. /mcu/EN: 654 (100.0%), 654 uniq (100%)
  Ripping up /mcu/EN to retry...
    Ripped /mcu/EN
Probe: forward=5000, backward=5000 iters, trying forward with full iterations...
No route found after 200000 iterations (forward), trying backward...
No route found after 410000 iterations (both directions)
  RETRY FAILED (N=1)
    Retry had 10530 blocked cells
  Re-analyzing 10530 blocked cells from N=1 retry:
    Frontier blocked by 6 nets (1444 cells, 1444 unique; near: 0 src, 224 tgt)
    Coverage: 1444/10530 frontier cells attributed to routed nets; 9086 static/unrippable
    Top blockers:
      1. /I2C_SCL: 687 (47.6%), 687 uniq (100%), near: 0 src, 93 tgt
      2. /mcu/IMON_M: 497 (34.4%), 497 uniq (100%)
      3. /PWM6: 182 (12.6%), 182 uniq (100%), near: 0 src, 131 tgt
      4. /ETH_CSn: 69 (4.8%), 69 uniq (100%)
      5. /ETH_INTn: 7 (0.5%), 7 uniq (100%)
      6. /IMON: 2 (0.1%), 2 uniq (100%)
  Slot-0 guard: re-analysis refutes /mcu/EN -> retrying /I2C_SCL ALONE first
  Ripping up /I2C_SCL to retry...
    Ripped /I2C_SCL
Probe: forward=5000, backward=5000 iters, trying forward with full iterations...
No route found after 200000 iterations (forward), trying backward...
No route found after 410000 iterations (both directions)
  RETRY FAILED (N=1)
    Retry had 12900 blocked cells
  Re-analyzing 12900 blocked cells from N=1 retry:
    Frontier blocked by 4 nets (605 cells, 605 unique; near: 0 src, 164 tgt)
    Coverage: 605/12900 frontier cells attributed to routed nets; 12295 static/unrippable
    Top blockers:
      1. /mcu/IMON_M: 312 (51.6%), 312 uniq (100%)
      2. /PWM6: 215 (35.5%), 215 uniq (100%), near: 0 src, 164 tgt
      3. /ETH_CSn: 71 (11.7%), 71 uniq (100%)
      4. /ETH_INTn: 7 (1.2%), 7 uniq (100%)
  Extending to N=2: ripping /mcu/IMON_M...
    Ripped /mcu/IMON_M
Probe: forward=5000, backward=5000 iters, trying forward with full iterations...
No route found after 200000 iterations (forward), trying backward...
No route found after 410000 iterations (both directions)
  RETRY FAILED (N=2)
    Retry had 13405 blocked cells
  Re-analyzing 13405 blocked cells from N=2 retry:
    Frontier blocked by 3 nets (380 cells, 380 unique; near: 0 src, 164 tgt)
    Coverage: 380/13405 frontier cells attributed to routed nets; 13025 static/unrippable
    Top blockers:
      1. /PWM6: 215 (56.6%), 215 uniq (100%), near: 0 src, 164 tgt
      2. /ETH_CSn: 103 (27.1%), 103 uniq (100%)
      3. /ETH_INTn: 62 (16.3%), 62 uniq (100%)
  Extending to N=3: ripping /PWM6...
    Ripped /PWM6
Probe: forward=5000, backward=5000 iters, trying forward with full iterations...
No route found after 200000 iterations (forward), trying backward...
No route found after 410000 iterations (both directions)
  RETRY FAILED (N=3)
    Retry had 10093 blocked cells
  [91mAll rip-up attempts failed: Restoring 3 net(s)[0m
  [91mROUTE FAILED - no rippable blockers found[0m
  Hint: the blocking copper belongs to pre-existing net(s) '/mcu/FAULT_M' '/mcu/RXD0' '/mcu/STATUS' '/mcu/TXD0' '/PWM4' '/PWM1' (committed by an earlier run/step), which this run is not allowed to rip. Retry with --rip-existing-nets '/mcu/FAULT_M' '/mcu/RXD0' '/mcu/STATUS' '/mcu/TXD0' '/PWM4' '/PWM1' to rip and re-route them in this run (issue #103) -- the decisive blocker may be any of them, so start with the full set (each ripped net is re-routed and the run reports honestly if one cannot be), then bisect if you want a minimal rip.

[5/9 (1 failed)] Routing /PWM3 (id=67)
----------------------------------------
Probe: forward=5000, backward=5000 iters, trying forward with full iterations...
No route found after 200000 iterations (forward), trying backward...
No route found after 410000 iterations (both directions)
  FAILED: Could not find route (0.20s)
  Forward direction failed fastest (205000 iterations, 6097 blocked cells)
  Frontier blocked by 3 nets (225 cells, 225 unique)
  Coverage: 225/6097 frontier cells attributed to routed nets; 5872 static/unrippable
  Top blockers:
    1. /I2C_SCL: 128 (56.9%), 128 uniq (100%)
    2. /DSPI_MOSI: 85 (37.8%), 85 uniq (100%)
    3. /PWM7: 12 (5.3%), 12 uniq (100%)
  Ripping up /I2C_SCL to retry...
    Ripped /I2C_SCL
Probe: forward=5000, backward=5000 iters, trying forward with full iterations...
Route found in 130528 iterations, path length: 885
  RETRY SUCCESS (N=1): 33 segments, 3 vias, length=58.55mm

[6/9 (1 failed)] Routing /I2C_SDA (id=58)
----------------------------------------
Probe: forward=5000, backward=5000 iters, trying forward with full iterations...
Route found in 133290 iterations, path length: 440
  SUCCESS: 21 segments, 4 vias, 133290 iterations, length=64.11mm (stubs=34.25mm) (0.14s)

[7/9 (1 failed)] Routing /ADC0 (id=21)
----------------------------------------
Probe: forward=5000, backward=5000 iters, trying forward with full iterations...
No route found after 200000 iterations (forward), trying backward...
No route found after 236666 iterations (both directions)
  FAILED: Could not find route (0.16s)
  Backward direction failed fastest (31666 iterations, 1748 blocked cells)
  Frontier blocked by 2 nets (311 cells, 311 unique; near: 0 src, 97 tgt)
  Coverage: 311/1748 frontier cells attributed to routed nets; 1437 static/unrippable
  Top blockers:
    1. /ETH_INTn: 189 (60.8%), 189 uniq (100%)
    2. /ETH_CSn: 122 (39.2%), 122 uniq (100%), near: 0 src, 97 tgt
  Ripping up /ETH_INTn to retry...
    Ripped /ETH_INTn
Probe: forward=5000, backward=5000 iters, trying forward with full iterations...
No route found after 200000 iterations (forward), trying backward...
No route found after 410000 iterations (both directions)
  RETRY FAILED (N=1)
    Retry had 14424 blocked cells
  Re-analyzing 14424 blocked cells from N=1 retry:
    Frontier blocked by 7 nets (1845 cells, 1845 unique; near: 93 src, 97 tgt)
    Coverage: 1845/14424 frontier cells attributed to routed nets; 12579 static/unrippable
    Top blockers:
      1. /ADC1: 545 (29.5%), 545 uniq (100%)
      2. /PWM3: 371 (20.1%), 371 uniq (100%)
      3. /ETH_CSn: 317 (17.2%), 317 uniq (100%), near: 0 src, 97 tgt
      4. /DSPI_MISO: 265 (14.4%), 265 uniq (100%), near: 40 src, 0 tgt
      5. /I2C_SDA: 169 (9.2%), 169 uniq (100%)
      6. /DSPI_MOSI: 111 (6.0%), 111 uniq (100%), near: 47 src, 0 tgt
      7. /DSPI_SCK: 67 (3.6%), 67 uniq (100%), near: 6 src, 0 tgt
  Slot-0 guard: re-analysis refutes /ETH_INTn -> retrying /ADC1 ALONE first
  Ripping up /ADC1 to retry...
    Ripped /ADC1
Probe: forward=5000, backward=5000 iters, trying forward with full iterations...
No route found after 200000 iterations (forward), trying backward...
No route found after 236666 iterations (both directions)
  RETRY FAILED (N=1)
    Retry had 6646 blocked cells
  Re-analyzing 6646 blocked cells from N=1 retry:
    Frontier blocked by 5 nets (623 cells, 623 unique; near: 62 src, 97 tgt)
    Coverage: 623/6646 frontier cells attributed to routed nets; 6023 static/unrippable
    Top blockers:
      1. /DSPI_MISO: 203 (32.6%), 203 uniq (100%), near: 19 src, 0 tgt
      2. /ETH_INTn: 189 (30.3%), 189 uniq (100%)
      3. /ETH_CSn: 122 (19.6%), 122 uniq (100%), near: 0 src, 97 tgt
      4. /DSPI_MOSI: 101 (16.2%), 101 uniq (100%), near: 43 src, 0 tgt
      5. /I2C_SDA: 8 (1.3%), 8 uniq (100%)
  Extending to N=2: ripping /DSPI_MISO...
    Ripped /DSPI_MISO
Probe: forward=5000, backward=5000 iters, trying forward with full iterations...
No route found after 200000 iterations (forward), trying backward...
No route found after 236666 iterations (both directions)
  RETRY FAILED (N=2)
    Retry had 6775 blocked cells
  Re-analyzing 6775 blocked cells from N=2 retry:
    Frontier blocked by 5 nets (660 cells, 660 unique; near: 50 src, 97 tgt)
    Coverage: 660/6775 frontier cells attributed to routed nets; 6115 static/unrippable
    Top blockers:
      1. /ETH_INTn: 189 (28.6%), 189 uniq (100%)
      2. /DSPI_MOSI: 187 (28.3%), 187 uniq (100%), near: 27 src, 0 tgt
      3. /DSPI_SCK: 154 (23.3%), 154 uniq (100%), near: 23 src, 0 tgt
      4. /ETH_CSn: 122 (18.5%), 122 uniq (100%), near: 0 src, 97 tgt
      5. /I2C_SDA: 8 (1.2%), 8 uniq (100%)
  Extending to N=3: ripping /ETH_INTn...
    Ripped /ETH_INTn
Probe: forward=5000, backward=5000 iters, trying forward with full iterations...
No route found after 200000 iterations (forward), trying backward...
No route found after 410000 iterations (both directions)
  RETRY FAILED (N=3)
    Retry had 13332 blocked cells
  [91mAll rip-up attempts failed: Restoring 3 net(s)[0m
  [91mROUTE FAILED - no rippable blockers found[0m
  Hint: the blocking copper belongs to pre-existing net(s) '/ETH_MOSI' '/eth/EXRES' '/ETH_TXP' '/ETH_RSTn' '/ETH_TXN' '/ETH_MISO' '/DSPI_CSn' (committed by an earlier run/step), which this run is not allowed to rip. Retry with --rip-existing-nets '/ETH_MOSI' '/eth/EXRES' '/ETH_TXP' '/ETH_RSTn' '/ETH_TXN' '/ETH_MISO' '/DSPI_CSn' to rip and re-route them in this run (issue #103) -- the decisive blocker may be any of them, so start with the full set (each ripped net is re-routed and the run reports honestly if one cannot be), then bisect if you want a minimal rip.

[8/9 (2 failed)] Routing /mcu/ENABLE_M (id=43)
----------------------------------------
Probe: forward=5000, backward=5000 iters, trying forward with full iterations...
No route found after 200000 iterations (forward), trying backward...
No route found after 410000 iterations (both directions)
  FAILED: Could not find route (0.23s)
  Forward direction failed fastest (205000 iterations, 7416 blocked cells)
  Frontier blocked by 5 nets (1161 cells, 1161 unique; near: 201 src, 0 tgt)
  Coverage: 1161/7416 frontier cells attributed to routed nets; 6255 static/unrippable
  Top blockers:
    1. /I2C_SDA: 530 (45.7%), 530 uniq (100%), near: 180 src, 0 tgt
    2. /PWM3: 269 (23.2%), 269 uniq (100%)
    3. /DSPI_SCK: 200 (17.2%), 200 uniq (100%)
    4. /PWM7: 125 (10.8%), 125 uniq (100%), near: 21 src, 0 tgt
    5. /DSPI_MOSI: 37 (3.2%), 37 uniq (100%)
  Ripping up /I2C_SDA to retry...
    Ripped /I2C_SDA
Probe: forward=5000, backward=5000 iters, trying forward with full iterations...
No route found after 200000 iterations (forward), trying backward...
No route found after 410000 iterations (both directions)
  RETRY FAILED (N=1)
    Retry had 13033 blocked cells
  Re-analyzing 13033 blocked cells from N=1 retry:
    Frontier blocked by 5 nets (706 cells, 706 unique; near: 21 src, 0 tgt)
    Coverage: 706/13033 frontier cells attributed to routed nets; 12327 static/unrippable
    Top blockers:
      1. /PWM3: 520 (73.7%), 520 uniq (100%)
      2. /PWM7: 81 (11.5%), 81 uniq (100%), near: 21 src, 0 tgt
      3. /DSPI_SCK: 46 (6.5%), 46 uniq (100%)
      4. /DSPI_MOSI: 37 (5.2%), 37 uniq (100%)
      5. /ETH_CSn: 22 (3.1%), 22 uniq (100%)
  Slot-0 guard: re-analysis refutes /I2C_SDA -> retrying /PWM3 ALONE first
  Ripping up /PWM3 to retry...
    Ripped /PWM3
Probe: forward=5000, backward=5000 iters, trying forward with full iterations...
No route found after 200000 iterations (forward), trying backward...
No route found after 410000 iterations (both directions)
  RETRY FAILED (N=1)
    Retry had 13536 blocked cells
  Re-analyzing 13536 blocked cells from N=1 retry:
    Frontier blocked by 3 nets (538 cells, 538 unique; near: 65 src, 0 tgt)
    Coverage: 538/13536 frontier cells attributed to routed nets; 12998 static/unrippable
    Top blockers:
      1. /I2C_SDA: 486 (90.3%), 486 uniq (100%), near: 44 src, 0 tgt
      2. /PWM7: 30 (5.6%), 30 uniq (100%), near: 21 src, 0 tgt
      3. /ETH_CSn: 22 (4.1%), 22 uniq (100%)
  Extending to N=2: ripping /I2C_SDA...
    Ripped /I2C_SDA
Probe: forward=5000, backward=5000 iters, trying forward with full iterations...
No route found after 200000 iterations (forward), trying backward...
No route found after 410000 iterations (both directions)
  RETRY FAILED (N=2)
    Retry had 12986 blocked cells
  Re-analyzing 12986 blocked cells from N=2 retry:
    Frontier blocked by 4 nets (152 cells, 152 unique; near: 21 src, 0 tgt)
    Coverage: 152/12986 frontier cells attributed to routed nets; 12834 static/unrippable
    Top blockers:
      1. /PWM7: 47 (30.9%), 47 uniq (100%), near: 21 src, 0 tgt
      2. /DSPI_SCK: 46 (30.3%), 46 uniq (100%)
      3. /DSPI_MOSI: 37 (24.3%), 37 uniq (100%)
      4. /ETH_CSn: 22 (14.5%), 22 uniq (100%)
  Extending to N=3: ripping /PWM7...
    Ripped /PWM7
Probe: forward=5000, backward=5000 iters, trying forward with full iterations...
No route found after 200000 iterations (forward), trying backward...
No route found after 410000 iterations (both directions)
  RETRY FAILED (N=3)
    Retry had 12757 blocked cells
  [91mAll rip-up attempts failed: Restoring 3 net(s)[0m
  [91mROUTE FAILED - no rippable blockers found[0m
  Hint: the blocking copper belongs to pre-existing net(s) '/PWM2' '/PWM5' '/mcu/TXD0' '/mcu/RXD0' '/mcu/FAULT_M' '/PWM4' (committed by an earlier run/step), which this run is not allowed to rip. Retry with --rip-existing-nets '/PWM2' '/PWM5' '/mcu/TXD0' '/mcu/RXD0' '/mcu/FAULT_M' '/PWM4' to rip and re-route them in this run (issue #103) -- the decisive blocker may be any of them, so start with the full set (each ripped net is re-routed and the run reports honestly if one cannot be), then bisect if you want a minimal rip.

[9/9 (3 failed)] Routing /PWM0 (id=64)
----------------------------------------
Probe: forward=5000, backward=5000 iters, trying forward with full iterations...
No route found after 200000 iterations (forward), trying backward...
No route found after 410000 iterations (both directions)
  FAILED: Could not find route (0.21s)
  Forward direction failed fastest (205000 iterations, 7306 blocked cells)
  Frontier blocked by 3 nets (669 cells, 669 unique)
  Coverage: 669/7306 frontier cells attributed to routed nets; 6637 static/unrippable
  Top blockers:
    1. /DSPI_MOSI: 298 (44.5%), 298 uniq (100%)
    2. /DSPI_SCK: 200 (29.9%), 200 uniq (100%)
    3. /I2C_SDA: 171 (25.6%), 171 uniq (100%)
  Ripping up /DSPI_MOSI to retry...
    Ripped /DSPI_MOSI
Probe: forward=5000, backward=5000 iters, trying forward with full iterations...
No route found after 200000 iterations (forward), trying backward...
No route found after 410000 iterations (both directions)
  RETRY FAILED (N=1)
    Retry had 12384 blocked cells
  Re-analyzing 12384 blocked cells from N=1 retry:
    Frontier blocked by 3 nets (1055 cells, 1055 unique)
    Coverage: 1055/12384 frontier cells attributed to routed nets; 11329 static/unrippable
    Top blockers:
      1. /I2C_SDA: 444 (42.1%), 444 uniq (100%)
      2. /DSPI_SCK: 315 (29.9%), 315 uniq (100%)
      3. /PWM3: 296 (28.1%), 296 uniq (100%)
  Slot-0 guard: re-analysis refutes /DSPI_MOSI -> retrying /I2C_SDA ALONE first
  Ripping up /I2C_SDA to retry...
    Ripped /I2C_SDA
Probe: forward=5000, backward=5000 iters, trying forward with full iterations...
No route found after 200000 iterations (forward), trying backward...
No route found after 410000 iterations (both directions)
  RETRY FAILED (N=1)
    Retry had 11187 blocked cells
  Re-analyzing 11187 blocked cells from N=1 retry:
    Frontier blocked by 2 nets (570 cells, 570 unique)
    Coverage: 570/11187 frontier cells attributed to routed nets; 10617 static/unrippable
    Top blockers:
      1. /PWM3: 378 (66.3%), 378 uniq (100%)
      2. /DSPI_SCK: 192 (33.7%), 192 uniq (100%)
  Extending to N=2: ripping /PWM3...
    Ripped /PWM3
Probe: forward=5000, backward=5000 iters, trying forward with full iterations...
No route found after 200000 iterations (forward), trying backward...
No route found after 410000 iterations (both directions)
  RETRY FAILED (N=2)
    Retry had 10928 blocked cells
  Re-analyzing 10928 blocked cells from N=2 retry:
    Frontier blocked by 1 nets (188 cells, 188 unique)
    Coverage: 188/10928 frontier cells attributed to routed nets; 10740 static/unrippable
    Top blockers:
      1. /DSPI_SCK: 188 (100.0%), 188 uniq (100%)
  Extending to N=3: ripping /DSPI_SCK...
    Ripped /DSPI_SCK
Probe: forward=5000, backward=5000 iters, trying forward with full iterations...
No route found after 200000 iterations (forward), trying backward...
No route found after 410000 iterations (both directions)
  RETRY FAILED (N=3)
    Retry had 11159 blocked cells
  [91mAll rip-up attempts failed: Restoring 3 net(s)[0m
  [91mROUTE FAILED - no rippable blockers found[0m
  Hint: the blocking copper belongs to pre-existing net(s) '/mcu/FAULT_M' '/PWM1' '/mcu/TXD0' '/DSPI_CSn' '/mcu/RXD0' '/PWM4' (committed by an earlier run/step), which this run is not allowed to rip. Retry with --rip-existing-nets '/mcu/FAULT_M' '/PWM1' '/mcu/TXD0' '/DSPI_CSn' '/mcu/RXD0' '/PWM4' to rip and re-route them in this run (issue #103) -- the decisive blocker may be any of them, so start with the full set (each ripped net is re-routed and the run reports honestly if one cannot be), then bisect if you want a minimal rip.

[REROUTE 10/12 (4 failed)] Re-routing ripped net /mcu/FAULT_M
----------------------------------------
Route found in 143 iterations, path length: 25
  REROUTE SUCCESS: 1 segments, 0 vias, length=57.83mm (stubs=56.14mm) (0.05s)

[REROUTE 11/12 (4 failed)] Re-routing ripped net /mcu/IO3_STRAP
----------------------------------------
Probe: forward=5000, backward=5000 iters, trying forward with full iterations...
No route found after 200000 iterations (forward), trying backward...
No route found after 410000 iterations (both directions)
  REROUTE FAILED: (0.21s) - attempting rip-up and retry...
  Frontier blocked by 3 nets (630 cells, 630 unique)
  Coverage: 630/6482 frontier cells attributed to routed nets; 5852 static/unrippable
  Top blockers:
    1. /mcu/FAULT_M: 452 (71.7%), 452 uniq (100%)
    2. /I2C_SDA: 133 (21.1%), 133 uniq (100%)
    3. /expansion/ADC1_CONN: 45 (7.1%), 45 uniq (100%)
  Ripping up /mcu/FAULT_M to retry reroute...
Probe: forward=5000, backward=5000 iters, trying forward with full iterations...
No route found after 200000 iterations (forward), trying backward...
No route found after 410000 iterations (both directions)
  REROUTE RETRY FAILED (N=1)
    Retry had 10691 blocked cells
  Re-analyzing 10691 blocked cells from N=1 retry:
    Frontier blocked by 5 nets (692 cells, 692 unique; near: 0 src, 185 tgt)
    Coverage: 692/10691 frontier cells attributed to routed nets; 9999 static/unrippable
    Top blockers:
      1. /PWM3: 286 (41.3%), 286 uniq (100%)
      2. /ETH_CSn: 192 (27.7%), 192 uniq (100%), near: 0 src, 185 tgt
      3. /I2C_SDA: 165 (23.8%), 165 uniq (100%)
      4. /expansion/ADC1_CONN: 44 (6.4%), 44 uniq (100%)
      5. /ETH_INTn: 5 (0.7%), 5 uniq (100%)
  Extending to N=2: ripping /PWM3...
Probe: forward=5000, backward=5000 iters, trying forward with full iterations...
No route found after 200000 iterations (forward), trying backward...
No route found after 410000 iterations (both directions)
  REROUTE RETRY FAILED (N=2)
    Retry had 10776 blocked cells
  Re-analyzing 10776 blocked cells from N=2 retry:
    Frontier blocked by 3 nets (565 cells, 565 unique; near: 0 src, 185 tgt)
    Coverage: 565/10776 frontier cells attributed to routed nets; 10211 static/unrippable
    Top blockers:
      1. /I2C_SDA: 328 (58.1%), 328 uniq (100%)
      2. /ETH_CSn: 192 (34.0%), 192 uniq (100%), near: 0 src, 185 tgt
      3. /expansion/ADC1_CONN: 45 (8.0%), 45 uniq (100%)
  Extending to N=3: ripping /I2C_SDA...
Probe: forward=5000, backward=5000 iters, trying forward with full iterations...
Route found in 186050 iterations, path length: 403
  REROUTE RETRY SUCCESS (N=3): 23 segments, 4 vias, length=32.25mm (stubs=0.00mm)

[REROUTE 12/15 (4 failed)] Re-routing ripped net /I2C_SCL
----------------------------------------
Probe: forward=5000, backward=5000 iters, trying forward with full iterations...
No route found after 200000 iterations (forward), trying backward...
No route found after 410000 iterations (both directions)
  REROUTE FAILED: (0.21s) - attempting rip-up and retry...
  Frontier blocked by 1 nets (182 cells, 182 unique)
  Coverage: 182/6159 frontier cells attributed to routed nets; 5977 static/unrippable
  Top blockers:
    1. /mcu/IO3_STRAP: 182 (100.0%), 182 uniq (100%)
  Ripping up /mcu/IO3_STRAP to retry reroute...
Probe: forward=5000, backward=5000 iters, trying forward with full iterations...
Route found in 83914 iterations, path length: 443
  REROUTE RETRY SUCCESS (N=1): 44 segments, 2 vias, length=56.50mm (stubs=27.84mm)

[REROUTE 13/16 (4 failed)] Re-routing ripped net /mcu/FAULT_M
----------------------------------------
Route found in 143 iterations, path length: 25
  REROUTE SUCCESS: 1 segments, 0 vias, length=57.83mm (stubs=56.14mm) (0.05s)

[REROUTE 14/16 (4 failed)] Re-routing ripped net /PWM3
----------------------------------------
Probe: forward=5000, backward=5000 iters, trying forward with full iterations...
No route found after 200000 iterations (forward), trying backward...
No route found after 410000 iterations (both directions)
  REROUTE FAILED: (0.19s) - attempting rip-up and retry...
  Frontier blocked by 1 nets (503 cells, 503 unique; near: 30 src, 0 tgt)
  Coverage: 503/6754 frontier cells attributed to routed nets; 6251 static/unrippable
  Top blockers:
    1. /mcu/FAULT_M: 503 (100.0%), 503 uniq (100%), near: 30 src, 0 tgt
  Ripping up /mcu/FAULT_M to retry reroute...
Probe: forward=5000, backward=5000 iters, trying forward with full iterations...
No route found after 200000 iterations (forward), trying backward...
No route found after 410000 iterations (both directions)
  REROUTE RETRY FAILED (N=1)
    Retry had 12379 blocked cells
  Re-analyzing 12379 blocked cells from N=1 retry:
    No previously-routed nets blocking (likely blocked by pads/stubs/zones)
  No additional rippable blockers from retry analysis
  [91mAll rip-up attempts failed: Restoring 1 net(s)[0m
  RIP-RESTORE (#468): /PWM3 kept its escape stub (2 seg(s), 0 via(s)) -- full restore would short against copper routed since the rip

[REROUTE 15/16 (5 failed)] Re-routing ripped net /I2C_SDA
----------------------------------------
Probe: forward=5000, backward=5000 iters, trying forward with full iterations...
Route found in 178928 iterations, path length: 440
  REROUTE SUCCESS: 20 segments, 4 vias, length=64.69mm (stubs=34.25mm) (0.15s)

[REROUTE 16/16 (5 failed)] Re-routing ripped net /mcu/IO3_STRAP
----------------------------------------
Probe: forward=5000, backward=5000 iters, trying forward with full iterations...
No route found after 200000 iterations (forward), trying backward...
No route found after 410000 iterations (both directions)
  REROUTE FAILED: (0.21s) - attempting rip-up and retry...
  Frontier blocked by 3 nets (683 cells, 683 unique)
  Coverage: 683/7022 frontier cells attributed to routed nets; 6339 static/unrippable
  Top blockers:
    1. /mcu/FAULT_M: 404 (59.2%), 404 uniq (100%)
    2. /I2C_SDA: 254 (37.2%), 254 uniq (100%)
    3. /expansion/ADC1_CONN: 25 (3.7%), 25 uniq (100%)
  Ripping up /mcu/FAULT_M to retry reroute...
Probe: forward=5000, backward=5000 iters, trying forward with full iterations...
No route found after 200000 iterations (forward), trying backward...
No route found after 410000 iterations (both directions)
  REROUTE RETRY FAILED (N=1)
    Retry had 11223 blocked cells
  Re-analyzing 11223 blocked cells from N=1 retry:
    Frontier blocked by 4 nets (478 cells, 478 unique; near: 0 src, 185 tgt)
    Coverage: 478/11223 frontier cells attributed to routed nets; 10745 static/unrippable
    Top blockers:
      1. /I2C_SDA: 254 (53.1%), 254 uniq (100%)
      2. /ETH_CSn: 192 (40.2%), 192 uniq (100%), near: 0 src, 185 tgt
      3. /expansion/ADC1_CONN: 25 (5.2%), 25 uniq (100%)
      4. /ETH_INTn: 7 (1.5%), 7 uniq (100%)
  Extending to N=2: ripping /I2C_SDA...
Probe: forward=5000, backward=5000 iters, trying forward with full iterations...
No route found after 200000 iterations (forward), trying backward...
No route found after 410000 iterations (both directions)
  REROUTE RETRY FAILED (N=2)
    Retry had 10876 blocked cells
  Re-analyzing 10876 blocked cells from N=2 retry:
    Frontier blocked by 2 nets (199 cells, 199 unique; near: 0 src, 185 tgt)
    Coverage: 199/10876 frontier cells attributed to routed nets; 10677 static/unrippable
    Top blockers:
      1. /ETH_CSn: 192 (96.5%), 192 uniq (100%), near: 0 src, 185 tgt
      2. /ETH_INTn: 7 (3.5%), 7 uniq (100%)
  Extending to N=3: ripping /ETH_CSn...
Probe: forward=5000, backward=5000 iters, trying forward with full iterations...
No route found after 200000 iterations (forward), trying backward...
No route found after 410000 iterations (both directions)
  REROUTE RETRY FAILED (N=3)
    Retry had 10702 blocked cells
  [91mAll rip-up attempts failed: Restoring 3 net(s)[0m
  RIP-RESTORE (#468): /mcu/IO3_STRAP kept its escape stub (2 seg(s), 0 via(s)) -- full restore would short against copper routed since the rip

Sync pcb_data: 2787 -> 2703 (kept stubs) -> 2787 (after adding 84)

============================================================
Multi-point Phase 3: Routing 0 tap connections
============================================================

/ETH_INTn (net 55):
  No remaining MST edges to route in Phase 3
  Net total time: 0.07s, 61302 iterations

============================================================
Final reconciliation (casualties-only, depth 1): 2 net(s)/pair(s) ripped during routing never re-routed
============================================================
      restore skipped (net 16): saved copper would short other-net copper; left ripped (#134)
      restore skipped (net 67): saved copper would short other-net copper; left ripped (#134)
Probe: forward=5000, backward=5000 iters, trying forward with full iterations...
No route found after 200000 iterations (forward), trying backward...
No route found after 410000 iterations (both directions)
  [91mPARTIAL[0m /mcu/IO3_STRAP: reroute failed; restored 20 segment(s) + 4 via(s) of its pre-rip route (dropped 3 colliding piece(s)); net remains PARTIAL for a later pass
Probe: forward=5000, backward=5000 iters, trying forward with full iterations...
No route found after 200000 iterations (forward), trying backward...
No route found after 410000 iterations (both directions)
  [91mPARTIAL[0m /PWM3: reroute failed; restored 26 segment(s) + 3 via(s) of its pre-rip route (dropped 7 colliding piece(s)); net remains PARTIAL for a later pass

Per-net fine-parameter rescue (#331/#371): 5 candidate net(s)
  Rescuing /ADC0 (failed, 2 disconnected parts)
Probe: forward=5000, backward=5000 iters, trying forward with full iterations...
No route found after 1000000 iterations (forward), trying backward...
No route found after 1676216 iterations (both directions)
Probe: forward=5000, backward=5000 iters, trying forward with full iterations...
No route found after 1000000 iterations (forward), trying backward...
No route found after 1694741 iterations (both directions)
Probe: forward=5000, backward=5000 iters, trying forward with full iterations...
No route found after 1000000 iterations (forward), trying backward...
No route found after 1701039 iterations (both directions)
    [91mrescue failed[0m (36.4s)
  Rescuing /PWM0 (failed, 2 disconnected parts)
    [93mgap 55.7mm exceeds rescue limit 40mm - skipped[0m
    [91mrescue failed[0m (0.0s)
  Rescuing /PWM3 (failed, 2 disconnected parts)
Probe: forward=5000, backward=5000 iters, trying forward with full iterations...
Route found in 221877 iterations, path length: 818
    [91mrescue failed[0m (10.6s)
  Rescuing /mcu/BOOT (failed, 2 disconnected parts)
Probe: forward=5000, backward=5000 iters, trying forward with full iterations...
No route found after 1000000 iterations (forward), trying backward...
No route found after 2010000 iterations (both directions)
Probe: forward=5000, backward=5000 iters, trying forward with full iterations...
No route found after 1000000 iterations (forward), trying backward...
No route found after 2010000 iterations (both directions)
Probe: forward=5000, backward=5000 iters, trying forward with full iterations...
No route found after 1000000 iterations (forward), trying backward...
No route found after 2010000 iterations (both directions)
    [91mrescue failed[0m (34.0s)
  Rescuing /mcu/ENABLE_M (failed, 2 disconnected parts)
    [93mgap 45.4mm exceeds rescue limit 40mm - skipped[0m
    [91mrescue failed[0m (0.0s)
Rescue pass: 0 recovered, 0 improved, 5 unchanged (81.0s)
Dropped 2 superseded rip-reroute result(s) from the write-list
Closed 5 stub gap(s) to same-net copper
Dropped 31 orphan routed segment(s) from the board (rip/reroute copper no result references)
Dropped 7 orphan routed via(s) from the board
Cycle prune: removed 9 redundant loop segment(s) across 6 net(s)
Strict collapse: removed 4 redundant segment(s) (superseded parallel/buried copper)
Stripped 13 stale input segment(s) of ripped/re-routed nets not on the final board (#220)
Stripping 4 stale input via(s) of ripped/re-routed nets not on the final board
[91mCOVERAGE GATE: /mcu/IO3_STRAP was disturbed by this run (ripped/stripped) and ships with 1 disconnected pad(s) -- reporting as failed and queuing for the final reconciliation[0m

============================================================
Routing complete
============================================================
  [91mSingle-ended:  4/9 routed (5 FAILED)[0m
  Multi-point:   2/2 pads connected (1 nets)
  Total vias:    8
  Total time:    2.58s
  Iterations:    4,747,367

[91mFailed single-ended nets:[0m
  [91m/mcu/BOOT[0m
  [91m/PWM3[0m
  [91m/ADC0[0m
  [91m/mcu/ENABLE_M[0m
  [91m/PWM0[0m

[91mFailed multi-point connections:[0m
  [91m/mcu/IO3_STRAP: U30 pad ? at (93.68, 90.15) not connected[0m

============================================================
FAILED NET HISTORIES
============================================================

/mcu/BOOT:
  [0] blocked_by
  [0] Re-route FAILED: all rip-up attempts failed
         Blocked by: /I2C_SCL, /mcu/IMON_M, /PWM6
  [0] Re-route FAILED: no rippable blockers found
  [0] preexisting_blockers
  [0] rescue_failed

/PWM3:
  [0] blocked_by
  [0] Re-route succeeded
  [0] Ripped by /mcu/ENABLE_M (rip-up retry N=1)
  [0] Ripped by /PWM0 (rip-up retry N=2)
  [0] Ripped by /mcu/IO3_STRAP (reroute_loop rip-up retry N=2)
  [0] rescue_failed

/ADC0:
  [0] blocked_by
  [0] Re-route FAILED: all rip-up attempts failed
         Blocked by: /ADC1, /DSPI_MISO, /ETH_INTn
  [0] Re-route FAILED: no rippable blockers found
  [0] preexisting_blockers
  [0] rescue_failed

/mcu/ENABLE_M:
  [0] blocked_by
  [0] Re-route FAILED: all rip-up attempts failed
         Blocked by: /PWM3, /I2C_SDA, /PWM7
  [0] Re-route FAILED: no rippable blockers found
  [0] preexisting_blockers
  [0] rescue_failed

/PWM0:
  [0] blocked_by
  [0] Re-route FAILED: all rip-up attempts failed
         Blocked by: /I2C_SDA, /PWM3, /DSPI_SCK
  [0] Re-route FAILED: no rippable blockers found
  [0] preexisting_blockers
  [0] rescue_failed
JSON_SUMMARY: {"routed_single": ["/ETH_INTn", "/mcu/FAULT_M", "/I2C_SCL", "/I2C_SDA"], "failed_single": ["/mcu/BOOT", "/PWM3", "/ADC0", "/mcu/ENABLE_M", "/PWM0"], "failed_multipoint": [{"net_name": "/mcu/IO3_STRAP", "failed_pads": [{"component_ref": "U30", "pad_number": "?", "x": 93.67999999999999, "y": 90.152}]}], "multipoint_nets": 1, "multipoint_pads_connected": 2, "multipoint_pads_total": 2, "multipoint_edges_routed": 1, "multipoint_edges_failed": 0, "ripup_success_pairs": [], "rerouted_pairs": [], "single_ended_target_swaps": [], "layer_swaps": 0, "successful": 4, "failed": 5, "total_time": 2.58, "total_iterations": 4747367, "total_vias": 8, "cleanup_disconnected": [], "min_clearance_used": 0.2, "rescue": {"attempted": 5, "recovered": [], "improved": [], "unchanged": ["/ADC0", "/PWM0", "/PWM3", "/mcu/BOOT", "/mcu/ENABLE_M"], "pads_reconnected": 0, "time": 81.04}, "casualty_reconcile": {"attempted": 2, "restored": [], "rerouted": [], "partial": ["/mcu/IO3_STRAP", "/PWM3"], "unrecovered": []}, "coverage_gate_nets": ["/mcu/IO3_STRAP"]}

Writing output to C:\dev\ai-ee3\boards\lumina-carrier\work\p7\krtf_sig.kicad_pcb...
Removed 17 dead-end input segment(s) from the output
Removed 4 stale input via(s) from the output
Successfully wrote C:\dev\ai-ee3\boards\lumina-carrier\work\p7\krtf_sig.kicad_pcb
Note: the JSON_SUMMARY above covers only the reconciliation subset; the run's full tally is the earlier JSON_SUMMARY plus these recoveries.
