--track-width not given; using the board Default net-class 0.2mm.
--hole-to-hole-clearance not given; using the board min_hole_to_hole 0.25mm.
Loading C:\dev\ai-ee3\boards\lumina-carrier\kicad\lumina-carrier.kicad_pcb to expand net patterns...
Routing 28 nets: ['+12V', '+3V3', '+48V_SW', '/ENABLE', '/ETH_INTn']...
Loaded per-net clearances for 7/85 nets from C:\dev\ai-ee3\boards\lumina-carrier\work\p7\krt_net_clearances.json
Loading C:\dev\ai-ee3\boards\lumina-carrier\kicad\lumina-carrier.kicad_pcb...
Auto-read netclass track widths for 9 non-Default net(s) (#435 single-ended companion).
Using 4 routing layers: ['F.Cu', 'In1.Cu', 'In2.Cu', 'B.Cu']
  Layer costs: F.Cu=1.0x, In1.Cu=-1.0x, In2.Cu=-1.0x, B.Cu=3.0x
No BGA components detected - no exclusion zones needed

Analyzing layer swaps for 1 multi-point net(s) spanning layers...

Using MPS ordering strategy...
MPS: Using segment intersection method (no nets on BGA chips)
MPS: 28 nets with 84 crossing conflicts detected
MPS Round 1: 12 units: /pwr/UVLO, /FAULT, +12V, V48_RAW, /ETH_MISO, /ETH_INTn, /ETH_RSTn, /mcu/STATUS, /mcu/FAULT_M, /PWM5, /PWM4, /poe/LED_Y_A
MPS Round 2: 6 units: +48V_SW, /PWM3, /PWM2, GND, /ETH_LED_LINK, /ETH_LED_ACT
MPS Round 3: 4 units: /ETH_MOSI, /ETH_SCLK, /mcu/BOOT, /ENABLE
MPS Round 4: 3 units: +3V3, /PWM1, /PWM0
MPS Round 5: 1 units: /mcu/RXD0
MPS Round 6: 1 units: /mcu/TXD0
MPS Round 7: 1 units: /mcu/ENABLE_M

Routing 28 single-ended net(s)...
============================================================
Building base obstacle map...
Base obstacle map built in 11.32s
Found 85 unrouted nets in PCB for stub proximity
Pre-computing net obstacle cache...
Net obstacle cache built in 1.40s (85 nets)

[1/28] Routing /pwr/UVLO (id=83)
----------------------------------------
backward stuck (1 < 5000), forward=5000
  backward cell (823, 1940, layer=0): ok, 8/8 neighbors blocked
    ALL neighbors blocked: (822,1939), (822,1940), (822,1941), (823,1939), (823,1941), (824,1939), (824,1940), (824,1941)
No route found after 5001 iterations (both directions)
  FAILED: Could not find route (0.22s)
  [91mROUTE FAILED - no rippable blockers found[0m
  Hint: search exhausted after only 5001 iterations with no rippable blockers - the start/target pads are boxed in by static obstacles (neighboring pads + clearance), not by congestion. For fine-pitch parts try a finer grid and/or smaller clearance/track, e.g. --grid-step 0.025 scoped to just the failing nets via --nets (board-global it is ~13M cells/layer and may exhaust memory) --clearance 0.15 --track-width 0.15 (current: grid 0.05, clearance 0.2, track 0.2 mm)
  Hint: the blocking copper belongs to pre-existing net(s) 'V48_RAW' '/pwr/OVP' (committed by an earlier run/step), which this run is not allowed to rip. Retry with --rip-existing-nets 'V48_RAW' '/pwr/OVP' to rip and re-route them in this run (issue #103) -- the decisive blocker may be any of them, so start with the full set (each ripped net is re-routed and the run reports honestly if one cannot be), then bisect if you want a minimal rip.

[2/28 (1 failed)] Routing /FAULT (id=10)
----------------------------------------
  Detected multi-point net with 4 pads (Phase 1: main route only)
  Existing copper joins 4 terminals into 3 group(s)
  Multi-point net Phase 1: routing longest MST edge (pads 1 and 2, length=91.96mm)
  backward stuck (1 < 5000), forward=5000
    backward cell (937, 1926, layer=0): ok, 8/8 neighbors blocked
      ALL neighbors blocked: (936,1925), (936,1926), (936,1927), (937,1925), (937,1927), (938,1925), (938,1926), (938,1927)
  Phase 1 edge (pads 1,2) failed after 5001 iterations - trying next MST edge
  Multi-point net Phase 1: retrying with next MST edge (2/2) (pads 1 and 3, length=69.81mm)
  Probe: forward=5000, backward=5000 iters, trying forward with full iterations...
  No route found after 200000 iterations (forward), trying backward...
  Phase 1 edge (pads 1,3) failed after 410000 iterations
  Stub layer switch: /FAULT stub at (115.75,73.25) F.Cu -> B.Cu
  Existing copper joins 4 terminals into 3 group(s)
  Multi-point net Phase 1: routing longest MST edge (pads 3 and 2, length=93.22mm)
  backward stuck (1 < 5000), forward=5000
    backward cell (937, 1926, layer=0): ok, 8/8 neighbors blocked
      ALL neighbors blocked: (936,1925), (936,1926), (936,1927), (937,1925), (937,1927), (938,1925), (938,1926), (938,1927)
  Phase 1 edge (pads 3,2) failed after 5001 iterations - trying next MST edge
  Multi-point net Phase 1: retrying with next MST edge (2/2) (pads 1 and 3, length=71.91mm)
  Probe: forward=5000, backward=5000 iters, trying forward with full iterations...
  No route found after 200000 iterations (forward), trying backward...
  Phase 1 edge (pads 1,3) failed after 410000 iterations
  Phase 1 exhausted from the pads; deferring 2 edge(s) to Phase 3's island-copper sources (base component: 2 terminal(s))
  Phase 1 exhausted from the pads; deferring 2 edge(s) to Phase 3's island-copper sources (base component: 2 terminal(s))
  SUCCESS: 0 segments, 0 vias, 415001 iterations, length=16.20mm (stubs=16.20mm) (0.56s)

[3/28 (1 failed)] Routing +12V (id=2)
----------------------------------------
  Detected multi-point net with 5 pads (Phase 1: main route only)
  Existing copper joins 5 terminals into 2 group(s)
  Multi-point net Phase 1: routing longest MST edge (pads 0 and 4, length=10.90mm)
  backward stuck (1 < 5000), forward=5000
    backward cell (1253, 2260, layer=0): ok, 8/8 neighbors blocked (margin=9)
      ALL neighbors blocked: (1252,2259), (1252,2260), (1252,2261), (1253,2259), (1253,2261), (1254,2259), (1254,2260), (1254,2261)
      Blocking obstacles: /pwr/BST33(1), /pwr/FB33(1)
  backward stuck (1 < 5000), forward=5000
    backward cell (1253, 2260, layer=0): ok, 8/8 neighbors blocked (margin=4)
      ALL neighbors blocked: (1252,2259), (1252,2260), (1252,2261), (1253,2259), (1253,2261), (1254,2259), (1254,2260), (1254,2261)
  backward stuck (1 < 5000), forward=5000
    backward cell (1253, 2260, layer=0): ok, 8/8 neighbors blocked (margin=1)
      ALL neighbors blocked: (1252,2259), (1252,2260), (1252,2261), (1253,2259), (1253,2261), (1254,2259), (1254,2260), (1254,2261)
  backward stuck (1 < 5000), forward=5000
    backward cell (1253, 2260, layer=0): ok, 8/8 neighbors blocked
      ALL neighbors blocked: (1252,2259), (1252,2260), (1252,2261), (1253,2259), (1253,2261), (1254,2259), (1254,2260), (1254,2261)
  Phase 1 edge (pads 0,4) failed after 20004 iterations
  Phase 1 exhausted from the pads; deferring 1 edge(s) to Phase 3's island-copper sources (base component: 4 terminal(s))
  SUCCESS: 0 segments, 0 vias, 20004 iterations, length=108.00mm (stubs=108.00mm) (0.41s)

[4/28 (1 failed)] Routing V48_RAW (id=8)
----------------------------------------
  Detected multi-point net with 8 pads (Phase 1: main route only)
  Existing copper joins 8 terminals into 4 group(s)
  Multi-point net Phase 1: routing longest MST edge (pads 2 and 4, length=11.55mm)
  Phase 1 routed in 2069 iterations, 1 segments
  SUCCESS: 1 segments, 0 vias, 2069 iterations, length=112.86mm (stubs=109.71mm) (0.09s)

[5/28 (1 failed)] Routing /ETH_MISO (id=53)
----------------------------------------
Both directions stuck (forward=1, backward=178 < 5000)
  forward cell (1894, 1489, layer=0): ok, 8/8 neighbors blocked
    ALL neighbors blocked: (1893,1488), (1893,1489), (1893,1490), (1894,1488), (1894,1490), (1895,1488), (1895,1489), (1895,1490)
    Blocking obstacles: /eth/SCLK_PHY(2)
  backward cell (1874, 1955, layer=0): ok, 0/8 neighbors blocked
No route found after 179 iterations (both directions)
  FAILED: Could not find route (0.27s)
  Forward direction failed fastest (1 iterations, 8 blocked cells)
  No previously-routed nets blocking (likely blocked by pads/stubs/zones)
  Via-in-pad decline blamed PRE-EXISTING net(s) '/eth/SCLK_PHY' - not rippable this run; retry with --rip-existing-nets to authorize
  [91mROUTE FAILED - no rippable blockers found[0m
  Hint: search exhausted after only 179 iterations with no rippable blockers - the start/target pads are boxed in by static obstacles (neighboring pads + clearance), not by congestion. For fine-pitch parts try a finer grid and/or smaller clearance/track, e.g. --grid-step 0.025 scoped to just the failing nets via --nets (board-global it is ~13M cells/layer and may exhaust memory) --clearance 0.15 --track-width 0.15 (current: grid 0.05, clearance 0.2, track 0.2 mm)
  Hint: the blocking copper belongs to pre-existing net(s) '/eth/SCLK_PHY' '/ETH_CSn' '/eth/MOSI_PHY' (committed by an earlier run/step), which this run is not allowed to rip. Retry with --rip-existing-nets '/eth/SCLK_PHY' '/ETH_CSn' '/eth/MOSI_PHY' to rip and re-route them in this run (issue #103) -- the decisive blocker may be any of them, so start with the full set (each ripped net is re-routed and the run reports honestly if one cannot be), then bisect if you want a minimal rip.

[6/28 (2 failed)] Routing /ETH_INTn (id=55)
----------------------------------------
Both directions stuck (forward=1, backward=160 < 5000)
  forward cell (1874, 1489, layer=0): ok, 8/8 neighbors blocked
    ALL neighbors blocked: (1873,1488), (1873,1489), (1873,1490), (1874,1488), (1874,1490), (1875,1488), (1875,1489), (1875,1490)
  backward cell (1874, 1981, layer=0): ok, 0/8 neighbors blocked
No route found after 161 iterations (both directions)
  FAILED: Could not find route (0.26s)
  Forward direction failed fastest (1 iterations, 8 blocked cells)
  No previously-routed nets blocking (likely blocked by pads/stubs/zones)
  Via-in-pad decline blamed PRE-EXISTING net(s) '/eth/MOSI_PHY' - not rippable this run; retry with --rip-existing-nets to authorize
  [91mROUTE FAILED - no rippable blockers found[0m
  Hint: search exhausted after only 161 iterations with no rippable blockers - the start/target pads are boxed in by static obstacles (neighboring pads + clearance), not by congestion. For fine-pitch parts try a finer grid and/or smaller clearance/track, e.g. --grid-step 0.025 scoped to just the failing nets via --nets (board-global it is ~13M cells/layer and may exhaust memory) --clearance 0.15 --track-width 0.15 (current: grid 0.05, clearance 0.2, track 0.2 mm)
  Hint: the blocking copper belongs to pre-existing net(s) '/eth/SCLK_PHY' '/eth/MOSI_PHY' (committed by an earlier run/step), which this run is not allowed to rip. Retry with --rip-existing-nets '/eth/SCLK_PHY' '/eth/MOSI_PHY' to rip and re-route them in this run (issue #103) -- the decisive blocker may be any of them, so start with the full set (each ripped net is re-routed and the run reports honestly if one cannot be), then bisect if you want a minimal rip.

[7/28 (3 failed)] Routing /ETH_RSTn (id=56)
----------------------------------------
backward stuck (153 < 5000), forward=5000
  backward cell (1874, 2006, layer=0): ok, 0/8 neighbors blocked
No route found after 5153 iterations (both directions)
  FAILED: Could not find route (0.13s)
  Backward direction failed fastest (153 iterations, 83 blocked cells)
  No previously-routed nets blocking (likely blocked by pads/stubs/zones)
  [91mROUTE FAILED - no rippable blockers found[0m
  Hint: search exhausted after only 5153 iterations with no rippable blockers - the start/target pads are boxed in by static obstacles (neighboring pads + clearance), not by congestion. For fine-pitch parts try a finer grid and/or smaller clearance/track, e.g. --grid-step 0.025 scoped to just the failing nets via --nets (board-global it is ~13M cells/layer and may exhaust memory) --clearance 0.15 --track-width 0.15 (current: grid 0.05, clearance 0.2, track 0.2 mm)
  Hint: the blocking copper belongs to pre-existing net(s) '/eth/XI' '/eth/MOSI_PHY' (committed by an earlier run/step), which this run is not allowed to rip. Retry with --rip-existing-nets '/eth/XI' '/eth/MOSI_PHY' to rip and re-route them in this run (issue #103) -- the decisive blocker may be any of them, so start with the full set (each ripped net is re-routed and the run reports honestly if one cannot be), then bisect if you want a minimal rip.

[8/28 (4 failed)] Routing /mcu/STATUS (id=73)
----------------------------------------
forward stuck (175 < 5000), backward=5000
  forward cell (1874, 2057, layer=0): ok, 0/8 neighbors blocked
No route found after 5175 iterations (both directions)
  FAILED: Could not find route (0.14s)
  Forward direction failed fastest (175 iterations, 92 blocked cells)
  No previously-routed nets blocking (likely blocked by pads/stubs/zones)
  [91mROUTE FAILED - no rippable blockers found[0m
  Hint: search exhausted after only 5175 iterations with no rippable blockers - the start/target pads are boxed in by static obstacles (neighboring pads + clearance), not by congestion. For fine-pitch parts try a finer grid and/or smaller clearance/track, e.g. --grid-step 0.025 scoped to just the failing nets via --nets (board-global it is ~13M cells/layer and may exhaust memory) --clearance 0.15 --track-width 0.15 (current: grid 0.05, clearance 0.2, track 0.2 mm)

[9/28 (5 failed)] Routing /mcu/FAULT_M (id=11)
----------------------------------------
Probe: forward=5000, backward=5000 iters, trying forward with full iterations...
No route found after 200000 iterations (forward), trying backward...
No route found after 410000 iterations (both directions)
  FAILED: Could not find route (0.23s)
  Forward direction failed fastest (205000 iterations, 7927 blocked cells)
  No previously-routed nets blocking
  Static blockers: pre-existing tracks: /FAULT, /mcu/EN, /poe/LED_G_A (+1 more)
  [91mROUTE FAILED - no rippable blockers found[0m
  Hint: the blocking copper belongs to pre-existing net(s) '/mcu/BOOT' '/I2C_SDA' (committed by an earlier run/step), which this run is not allowed to rip. Retry with --rip-existing-nets '/mcu/BOOT' '/I2C_SDA' to rip and re-route them in this run (issue #103) -- the decisive blocker may be any of them, so start with the full set (each ripped net is re-routed and the run reports honestly if one cannot be), then bisect if you want a minimal rip.

[10/28 (6 failed)] Routing /PWM5 (id=69)
----------------------------------------
Probe: forward=5000, backward=5000 iters, trying forward with full iterations...
No route found after 200000 iterations (forward), trying backward...
No route found after 410000 iterations (both directions)
  FAILED: Could not find route (0.21s)
  Forward direction failed fastest (205000 iterations, 4435 blocked cells)
  No previously-routed nets blocking
  Static blockers: pre-existing tracks: /ADC0, /I2C_SCL, /I2C_SDA (+1 more)
  [91mROUTE FAILED - no rippable blockers found[0m
  Hint: the blocking copper belongs to pre-existing net(s) '/I2C_SCL' (committed by an earlier run/step), which this run is not allowed to rip. Retry with --rip-existing-nets '/I2C_SCL' to rip and re-route them in this run (issue #103) -- the decisive blocker may be any of them, so start with the full set (each ripped net is re-routed and the run reports honestly if one cannot be), then bisect if you want a minimal rip.

[11/28 (7 failed)] Routing /PWM4 (id=68)
----------------------------------------
Probe: forward=5000, backward=5000 iters, trying forward with full iterations...
No route found after 200000 iterations (forward), trying backward...
No route found after 215737 iterations (both directions)
  FAILED: Could not find route (0.14s)
  Backward direction failed fastest (10737 iterations, 568 blocked cells)
  No previously-routed nets blocking (likely blocked by pads/stubs/zones)
  [91mROUTE FAILED - no rippable blockers found[0m
  Hint: the blocking copper belongs to pre-existing net(s) '/PWM6' (committed by an earlier run/step), which this run is not allowed to rip. Retry with --rip-existing-nets '/PWM6' to rip and re-route them in this run (issue #103) -- the decisive blocker may be any of them, so start with the full set (each ripped net is re-routed and the run reports honestly if one cannot be), then bisect if you want a minimal rip.

[12/28 (8 failed)] Routing /poe/LED_Y_A (id=38)
----------------------------------------
backward stuck (1 < 5000), forward=5000
  backward cell (1805, 1720, layer=0): ok, 8/8 neighbors blocked
    ALL neighbors blocked: (1804,1719), (1804,1720), (1804,1721), (1805,1719), (1805,1721), (1806,1719), (1806,1720), (1806,1721)
Probe: forward=5000, backward=5000 iters, trying forward with full iterations...
No route found after 5000 iterations (forward), trying backward...
No route found after 5001 iterations (both directions)
  FAILED: Could not find route (0.13s)
  Backward direction failed fastest (1 iterations, 8 blocked cells)
  No previously-routed nets blocking (likely blocked by pads/stubs/zones)
  [91mROUTE FAILED - no rippable blockers found[0m
  Hint: search exhausted after only 5001 iterations with no rippable blockers - the start/target pads are boxed in by static obstacles (neighboring pads + clearance), not by congestion. For fine-pitch parts try a finer grid and/or smaller clearance/track, e.g. --grid-step 0.025 scoped to just the failing nets via --nets (board-global it is ~13M cells/layer and may exhaust memory) --clearance 0.15 --track-width 0.15 (current: grid 0.05, clearance 0.2, track 0.2 mm)
  Hint: the blocking copper belongs to pre-existing net(s) '/ETH_CSn' (committed by an earlier run/step), which this run is not allowed to rip. Retry with --rip-existing-nets '/ETH_CSn' to rip and re-route them in this run (issue #103) -- the decisive blocker may be any of them, so start with the full set (each ripped net is re-routed and the run reports honestly if one cannot be), then bisect if you want a minimal rip.

[13/28 (9 failed)] Routing +48V_SW (id=3)
----------------------------------------
  Detected multi-point net with 4 pads (Phase 1: main route only)
  Existing copper joins 4 terminals into 2 group(s)
  Multi-point net Phase 1: routing longest MST edge (pads 0 and 3, length=46.85mm)
  backward stuck (1 < 5000), forward=5000
    backward cell (937, 1888, layer=0): ok, 8/8 neighbors blocked (margin=3)
      ALL neighbors blocked: (936,1887), (936,1888), (936,1889), (937,1887), (937,1889), (938,1887), (938,1888), (938,1889)
  backward stuck (1 < 5000), forward=5000
    backward cell (937, 1888, layer=0): ok, 8/8 neighbors blocked (margin=1)
      ALL neighbors blocked: (936,1887), (936,1888), (936,1889), (937,1887), (937,1889), (938,1887), (938,1888), (938,1889)
  backward stuck (1 < 5000), forward=5000
    backward cell (937, 1888, layer=0): ok, 8/8 neighbors blocked
      ALL neighbors blocked: (936,1887), (936,1888), (936,1889), (937,1887), (937,1889), (938,1887), (938,1888), (938,1889)
  Phase 1 edge (pads 0,3) failed after 15003 iterations
  Phase 1 exhausted from the pads; deferring 1 edge(s) to Phase 3's island-copper sources (base component: 3 terminal(s))
  SUCCESS: 0 segments, 0 vias, 15003 iterations, length=80.53mm (stubs=80.53mm) (0.30s)

[14/28 (9 failed)] Routing /PWM3 (id=67)
----------------------------------------
Probe: forward=5000, backward=5000 iters, trying forward with full iterations...
No route found after 200000 iterations (forward), trying backward...
No route found after 410000 iterations (both directions)
  FAILED: Could not find route (0.21s)
  Forward direction failed fastest (205000 iterations, 4379 blocked cells)
  No previously-routed nets blocking
  Static blockers: pre-existing tracks: /ADC0, /DSPI_SCK, /I2C_SCL (+2 more)
  [91mROUTE FAILED - no rippable blockers found[0m
  Hint: the blocking copper belongs to pre-existing net(s) '/I2C_SCL' (committed by an earlier run/step), which this run is not allowed to rip. Retry with --rip-existing-nets '/I2C_SCL' to rip and re-route them in this run (issue #103) -- the decisive blocker may be any of them, so start with the full set (each ripped net is re-routed and the run reports honestly if one cannot be), then bisect if you want a minimal rip.

[15/28 (10 failed)] Routing /PWM2 (id=66)
----------------------------------------
Probe: forward=5000, backward=5000 iters, trying forward with full iterations...
No route found after 200000 iterations (forward), trying backward...
No route found after 215750 iterations (both directions)
  FAILED: Could not find route (0.14s)
  Backward direction failed fastest (10750 iterations, 572 blocked cells)
  No previously-routed nets blocking (likely blocked by pads/stubs/zones)
  [91mROUTE FAILED - no rippable blockers found[0m
  Hint: the blocking copper belongs to pre-existing net(s) '/PWM6' (committed by an earlier run/step), which this run is not allowed to rip. Retry with --rip-existing-nets '/PWM6' to rip and re-route them in this run (issue #103) -- the decisive blocker may be any of them, so start with the full set (each ripped net is re-routed and the run reports honestly if one cannot be), then bisect if you want a minimal rip.

[16/28 (11 failed)] Routing GND (id=4)
----------------------------------------
  Detected multi-point net with 108 pads (Phase 1: main route only)
  Existing copper joins 108 terminals into 4 group(s)
  Multi-point net Phase 1: routing longest MST edge (pads 3 and 40, length=4.09mm)
  backward stuck (1 < 5000), forward=5000
    backward cell (2014, 1569, layer=0): ok, 8/8 neighbors blocked
      ALL neighbors blocked: (2013,1568), (2013,1569), (2013,1570), (2014,1568), (2014,1570), (2015,1568), (2015,1569), (2015,1570)
  Phase 1 edge (pads 3,40) failed after 5001 iterations - trying next MST edge
  Multi-point net Phase 1: retrying with next MST edge (2/3) (pads 10 and 39, length=3.98mm)
  backward stuck (1 < 5000), forward=5000
    backward cell (1954, 1659, layer=0): ok, 8/8 neighbors blocked
      ALL neighbors blocked: (1953,1658), (1953,1659), (1953,1660), (1954,1658), (1954,1660), (1955,1658), (1955,1659), (1955,1660)
      Blocking obstacles: /eth/EXRES(2)
  Phase 1 edge (pads 10,39) failed after 5001 iterations - trying next MST edge
  Multi-point net Phase 1: retrying with next MST edge (3/3) (pads 40 and 41, length=2.00mm)
  Both directions stuck (forward=1, backward=1 < 5000)
    forward cell (2014, 1569, layer=0): ok, 8/8 neighbors blocked
      ALL neighbors blocked: (2013,1568), (2013,1569), (2013,1570), (2014,1568), (2014,1570), (2015,1568), (2015,1569), (2015,1570)
    backward cell (2014, 1529, layer=0): ok, 8/8 neighbors blocked
      ALL neighbors blocked: (2013,1528), (2013,1529), (2013,1530), (2014,1528), (2014,1530), (2015,1528), (2015,1529), (2015,1530)
      Blocking obstacles: /eth/1V2O(2)
  Phase 1 edge (pads 40,41) failed after 2 iterations
  Stub layer switch: GND stub at (104.70,78.50) F.Cu -> B.Cu
  Stub layer switch: GND stub at (97.63,86.86) F.Cu -> B.Cu
  Existing copper joins 109 terminals into 4 group(s)
  Multi-point net Phase 1: routing longest MST edge (pads 11 and 40, length=3.98mm)
  backward stuck (1 < 5000), forward=5000
    backward cell (1954, 1659, layer=0): ok, 8/8 neighbors blocked
      ALL neighbors blocked: (1953,1658), (1953,1659), (1953,1660), (1954,1658), (1954,1660), (1955,1658), (1955,1659), (1955,1660)
      Blocking obstacles: /eth/EXRES(2)
  Phase 1 edge (pads 11,40) failed after 5001 iterations - trying next MST edge
  Multi-point net Phase 1: retrying with next MST edge (2/3) (pads 3 and 41, length=3.49mm)
  backward stuck (1 < 5000), forward=5000
    backward cell (2014, 1569, layer=0): ok, 8/8 neighbors blocked
      ALL neighbors blocked: (2013,1568), (2013,1569), (2013,1570), (2014,1568), (2014,1570), (2015,1568), (2015,1569), (2015,1570)
  Phase 1 edge (pads 3,41) failed after 5001 iterations - trying next MST edge
  Multi-point net Phase 1: retrying with next MST edge (3/3) (pads 41 and 42, length=2.00mm)
  Both directions stuck (forward=1, backward=1 < 5000)
    forward cell (2014, 1569, layer=0): ok, 8/8 neighbors blocked
      ALL neighbors blocked: (2013,1568), (2013,1569), (2013,1570), (2014,1568), (2014,1570), (2015,1568), (2015,1569), (2015,1570)
    backward cell (2014, 1529, layer=0): ok, 8/8 neighbors blocked
      ALL neighbors blocked: (2013,1528), (2013,1529), (2013,1530), (2014,1528), (2014,1530), (2015,1528), (2015,1529), (2015,1530)
      Blocking obstacles: /eth/1V2O(2)
  Phase 1 edge (pads 41,42) failed after 2 iterations
  Phase 1 exhausted from the pads; deferring 3 edge(s) to Phase 3's island-copper sources (base component: 106 terminal(s))
  Phase 1 exhausted from the pads; deferring 3 edge(s) to Phase 3's island-copper sources (base component: 105 terminal(s))
  SUCCESS: 0 segments, 0 vias, 10004 iterations, length=74.09mm (stubs=74.09mm) (0.89s)

[17/28 (11 failed)] Routing /ETH_LED_LINK (id=37)
----------------------------------------
backward stuck (1 < 5000), forward=5000
  backward cell (1984, 1489, layer=0): ok, 8/8 neighbors blocked
    ALL neighbors blocked: (1983,1488), (1983,1489), (1983,1490), (1984,1488), (1984,1490), (1985,1488), (1985,1489), (1985,1490)
No route found after 5001 iterations (both directions)
  FAILED: Could not find route (0.18s)
  Backward direction failed fastest (1 iterations, 8 blocked cells)
  No previously-routed nets blocking (likely blocked by pads/stubs/zones)
  [91mROUTE FAILED - no rippable blockers found[0m
  Hint: search exhausted after only 5001 iterations with no rippable blockers - the start/target pads are boxed in by static obstacles (neighboring pads + clearance), not by congestion. For fine-pitch parts try a finer grid and/or smaller clearance/track, e.g. --grid-step 0.025 scoped to just the failing nets via --nets (board-global it is ~13M cells/layer and may exhaust memory) --clearance 0.15 --track-width 0.15 (current: grid 0.05, clearance 0.2, track 0.2 mm)

[18/28 (12 failed)] Routing /ETH_LED_ACT (id=39)
----------------------------------------
backward stuck (1 < 5000), forward=5000
  backward cell (1964, 1489, layer=0): ok, 8/8 neighbors blocked
    ALL neighbors blocked: (1963,1488), (1963,1489), (1963,1490), (1964,1488), (1964,1490), (1965,1488), (1965,1489), (1965,1490)
No route found after 5001 iterations (both directions)
  FAILED: Could not find route (0.18s)
  Backward direction failed fastest (1 iterations, 8 blocked cells)
  No previously-routed nets blocking (likely blocked by pads/stubs/zones)
  Via-in-pad decline blamed PRE-EXISTING net(s) '+3V3' - not rippable this run; retry with --rip-existing-nets to authorize
  [91mROUTE FAILED - no rippable blockers found[0m
  Hint: search exhausted after only 5001 iterations with no rippable blockers - the start/target pads are boxed in by static obstacles (neighboring pads + clearance), not by congestion. For fine-pitch parts try a finer grid and/or smaller clearance/track, e.g. --grid-step 0.025 scoped to just the failing nets via --nets (board-global it is ~13M cells/layer and may exhaust memory) --clearance 0.15 --track-width 0.15 (current: grid 0.05, clearance 0.2, track 0.2 mm)

[19/28 (13 failed)] Routing /ETH_MOSI (id=72)
----------------------------------------
Both directions stuck (forward=224, backward=1 < 5000)
  forward cell (1874, 1905, layer=0): ok, 0/8 neighbors blocked
  backward cell (1855, 1416, layer=0): ok, 8/8 neighbors blocked
    ALL neighbors blocked: (1854,1415), (1854,1416), (1854,1417), (1855,1415), (1855,1417), (1856,1415), (1856,1416), (1856,1417)
No route found after 225 iterations (both directions)
  FAILED: Could not find route (0.23s)
  Backward direction failed fastest (1 iterations, 8 blocked cells)
  No previously-routed nets blocking (likely blocked by pads/stubs/zones)
  [91mROUTE FAILED - no rippable blockers found[0m
  Hint: search exhausted after only 225 iterations with no rippable blockers - the start/target pads are boxed in by static obstacles (neighboring pads + clearance), not by congestion. For fine-pitch parts try a finer grid and/or smaller clearance/track, e.g. --grid-step 0.025 scoped to just the failing nets via --nets (board-global it is ~13M cells/layer and may exhaust memory) --clearance 0.15 --track-width 0.15 (current: grid 0.05, clearance 0.2, track 0.2 mm)
  Hint: the blocking copper belongs to pre-existing net(s) '/eth/XI' '/ETH_RSTn' (committed by an earlier run/step), which this run is not allowed to rip. Retry with --rip-existing-nets '/eth/XI' '/ETH_RSTn' to rip and re-route them in this run (issue #103) -- the decisive blocker may be any of them, so start with the full set (each ripped net is re-routed and the run reports honestly if one cannot be), then bisect if you want a minimal rip.

[20/28 (14 failed)] Routing /ETH_SCLK (id=61)
----------------------------------------
backward stuck (157 < 5000), forward=5000
  backward cell (1874, 1930, layer=0): ok, 0/8 neighbors blocked
No route found after 5157 iterations (both directions)
  FAILED: Could not find route (0.12s)
  Backward direction failed fastest (157 iterations, 84 blocked cells)
  No previously-routed nets blocking
  Static blockers: pre-existing tracks: /ADC0
  [91mROUTE FAILED - no rippable blockers found[0m
  Hint: search exhausted after only 5157 iterations with no rippable blockers - the start/target pads are boxed in by static obstacles (neighboring pads + clearance), not by congestion. For fine-pitch parts try a finer grid and/or smaller clearance/track, e.g. --grid-step 0.025 scoped to just the failing nets via --nets (board-global it is ~13M cells/layer and may exhaust memory) --clearance 0.15 --track-width 0.15 (current: grid 0.05, clearance 0.2, track 0.2 mm)
  Hint: the blocking copper belongs to pre-existing net(s) '/eth/XI' (committed by an earlier run/step), which this run is not allowed to rip. Retry with --rip-existing-nets '/eth/XI' to rip and re-route them in this run (issue #103) -- the decisive blocker may be any of them, so start with the full set (each ripped net is re-routed and the run reports honestly if one cannot be), then bisect if you want a minimal rip.

[21/28 (15 failed)] Routing /mcu/BOOT (id=41)
----------------------------------------
Probe: forward=5000, backward=5000 iters, trying forward with full iterations...
No route found after 200000 iterations (forward), trying backward...
No route found after 410000 iterations (both directions)
  FAILED: Could not find route (0.22s)
  Forward direction failed fastest (205000 iterations, 8376 blocked cells)
  No previously-routed nets blocking
  Static blockers: pre-existing tracks: /eth/1V2O, /eth/XO, /mcu/EN
  [91mROUTE FAILED - no rippable blockers found[0m
  Hint: the blocking copper belongs to pre-existing net(s) '/mcu/EN' (committed by an earlier run/step), which this run is not allowed to rip. Retry with --rip-existing-nets '/mcu/EN' to rip and re-route them in this run (issue #103) -- the decisive blocker may be any of them, so start with the full set (each ripped net is re-routed and the run reports honestly if one cannot be), then bisect if you want a minimal rip.

[22/28 (16 failed)] Routing /ENABLE (id=42)
----------------------------------------
  Detected multi-point net with 3 pads (Phase 1: main route only)
  Multi-point net Phase 1: routing longest MST edge (pads 0 and 1, length=89.55mm)
  backward stuck (1 < 5000), forward=5000
    backward cell (865, 2040, layer=0): ok, 8/8 neighbors blocked
      ALL neighbors blocked: (864,2039), (864,2040), (864,2041), (865,2039), (865,2041), (866,2039), (866,2040), (866,2041)
  Phase 1 edge (pads 0,1) failed after 5001 iterations - trying next MST edge
  Multi-point net Phase 1: retrying with next MST edge (2/2) (pads 1 and 2, length=7.99mm)
  Both directions stuck (forward=1, backward=1 < 5000)
    forward cell (865, 2040, layer=0): ok, 8/8 neighbors blocked
      ALL neighbors blocked: (864,2039), (864,2040), (864,2041), (865,2039), (865,2041), (866,2039), (866,2040), (866,2041)
    backward cell (937, 1952, layer=0): ok, 8/8 neighbors blocked
      ALL neighbors blocked: (936,1951), (936,1952), (936,1953), (937,1951), (937,1953), (938,1951), (938,1952), (938,1953)
  Phase 1 edge (pads 1,2) failed after 2 iterations
  Phase 1 exhausted from the pads; deferring 2 edge(s) to Phase 3's island-copper sources (base component: 1 terminal(s))
  SUCCESS: 0 segments, 0 vias, 5003 iterations, length=18.77mm (stubs=18.77mm) (0.34s)

[23/28 (16 failed)] Routing +3V3 (id=5)
----------------------------------------
  Detected multi-point net with 38 pads (Phase 1: main route only)
  Existing copper joins 38 terminals into 6 group(s)
  Multi-point net Phase 1: routing longest MST edge (pads 32 and 12, length=43.99mm)
  Probe: forward=5000, backward=5000 iters, trying forward with full iterations...
  No route found after 200000 iterations (forward), trying backward...
  [93mWide route blocked - retrying at default track width (neck-down)[0m
  Probe: forward=5000, backward=5000 iters, trying forward with full iterations...
  No route found after 200000 iterations (forward), trying backward...
  Phase 1 edge (pads 32,12) failed after 820000 iterations - trying next MST edge
  Multi-point net Phase 1: retrying with next MST edge (2/5) (pads 10 and 18, length=2.98mm)
  backward stuck (1 < 5000), forward=5000
    backward cell (1974, 1659, layer=0): ok, 8/8 neighbors blocked (margin=3)
      ALL neighbors blocked: (1973,1658), (1973,1659), (1973,1660), (1974,1658), (1974,1660), (1975,1658), (1975,1659), (1975,1660)
      Blocking obstacles: /eth/EXRES(3)
  backward stuck (1 < 5000), forward=5000
    backward cell (1974, 1659, layer=0): ok, 8/8 neighbors blocked (margin=1)
      ALL neighbors blocked: (1973,1658), (1973,1659), (1973,1660), (1974,1658), (1974,1660), (1975,1658), (1975,1659), (1975,1660)
      Blocking obstacles: /eth/EXRES(2)
  backward stuck (1 < 5000), forward=5000
    backward cell (1974, 1659, layer=0): ok, 8/8 neighbors blocked
      ALL neighbors blocked: (1973,1658), (1973,1659), (1973,1660), (1974,1658), (1974,1660), (1975,1658), (1975,1659), (1975,1660)
  Phase 1 edge (pads 10,18) failed after 15003 iterations - trying next MST edge
  Multi-point net Phase 1: retrying with next MST edge (3/5) (pads 19 and 7, length=2.14mm)
  forward stuck (1 < 5000), backward=5000
    forward cell (2014, 1609, layer=0): ok, 8/8 neighbors blocked (margin=3)
      ALL neighbors blocked: (2013,1608), (2013,1609), (2013,1610), (2014,1608), (2014,1610), (2015,1608), (2015,1609), (2015,1610)
      Blocking obstacles: GND(5)
  forward stuck (1 < 5000), backward=5000
    forward cell (2014, 1609, layer=0): ok, 8/8 neighbors blocked (margin=1)
      ALL neighbors blocked: (2013,1608), (2013,1609), (2013,1610), (2014,1608), (2014,1610), (2015,1608), (2015,1609), (2015,1610)
      Blocking obstacles: GND(3)
  forward stuck (1 < 5000), backward=5000
    forward cell (2014, 1609, layer=0): ok, 8/8 neighbors blocked
      ALL neighbors blocked: (2013,1608), (2013,1609), (2013,1610), (2014,1608), (2014,1610), (2015,1608), (2015,1609), (2015,1610)
      Blocking obstacles: GND(1)
  Phase 1 edge (pads 19,7) failed after 15003 iterations - trying next MST edge
  Multi-point net Phase 1: retrying with next MST edge (4/5) (pads 18 and 17, length=1.50mm)
  Both directions stuck (forward=1, backward=1 < 5000)
    forward cell (1974, 1659, layer=0): ok, 8/8 neighbors blocked (margin=3)
      ALL neighbors blocked: (1973,1658), (1973,1659), (1973,1660), (1974,1658), (1974,1660), (1975,1658), (1975,1659), (1975,1660)
      Blocking obstacles: /eth/EXRES(3)
    backward cell (1944, 1659, layer=0): ok, 8/8 neighbors blocked (margin=3)
      ALL neighbors blocked: (1943,1658), (1943,1659), (1943,1660), (1944,1658), (1944,1660), (1945,1658), (1945,1659), (1945,1660)
      Blocking obstacles: GND(1)
  Both directions stuck (forward=1, backward=1 < 5000)
    forward cell (1974, 1659, layer=0): ok, 8/8 neighbors blocked (margin=1)
      ALL neighbors blocked: (1973,1658), (1973,1659), (1973,1660), (1974,1658), (1974,1660), (1975,1658), (1975,1659), (1975,1660)
      Blocking obstacles: /eth/EXRES(2)
    backward cell (1944, 1659, layer=0): ok, 8/8 neighbors blocked (margin=1)
      ALL neighbors blocked: (1943,1658), (1943,1659), (1943,1660), (1944,1658), (1944,1660), (1945,1658), (1945,1659), (1945,1660)
      Blocking obstacles: GND(1)
  Both directions stuck (forward=1, backward=1 < 5000)
    forward cell (1974, 1659, layer=0): ok, 8/8 neighbors blocked
      ALL neighbors blocked: (1973,1658), (1973,1659), (1973,1660), (1974,1658), (1974,1660), (1975,1658), (1975,1659), (1975,1660)
    backward cell (1944, 1659, layer=0): ok, 8/8 neighbors blocked
      ALL neighbors blocked: (1943,1658), (1943,1659), (1943,1660), (1944,1658), (1944,1660), (1945,1658), (1945,1659), (1945,1660)
  Phase 1 edge (pads 18,17) failed after 6 iterations - trying next MST edge
  Multi-point net Phase 1: retrying with next MST edge (5/5) (pads 1 and 19, length=1.00mm)
  Both directions stuck (forward=70, backward=1 < 5000)
    forward cell (2006, 1588, layer=0): ok, 8/8 neighbors blocked (margin=3)
      ALL neighbors blocked: (2005,1587), (2005,1588), (2005,1589), (2006,1587), (2006,1589), (2007,1587), (2007,1588), (2007,1589)
      Blocking obstacles: GND(3)
    forward cell (1997, 1550, layer=0): ok, 8/8 neighbors blocked (margin=3)
      ALL neighbors blocked: (1996,1549), (1996,1550), (1996,1551), (1997,1549), (1997,1551), (1998,1549), (1998,1550), (1998,1551)
      Blocking obstacles: /eth/1V2O(3), /eth/TOCAP(1)
    forward cell (1995, 1552, layer=0): ok, 8/8 neighbors blocked (margin=3)
      ALL neighbors blocked: (1994,1551), (1994,1552), (1994,1553), (1995,1551), (1995,1553), (1996,1551), (1996,1552), (1996,1553)
      Blocking obstacles: /eth/TOCAP(1)
    backward cell (2014, 1609, layer=0): ok, 8/8 neighbors blocked (margin=3)
      ALL neighbors blocked: (2013,1608), (2013,1609), (2013,1610), (2014,1608), (2014,1610), (2015,1608), (2015,1609), (2015,1610)
      Blocking obstacles: GND(5)
  Both directions stuck (forward=70, backward=1 < 5000)
    forward cell (2006, 1588, layer=0): ok, 8/8 neighbors blocked (margin=1)
      ALL neighbors blocked: (2005,1587), (2005,1588), (2005,1589), (2006,1587), (2006,1589), (2007,1587), (2007,1588), (2007,1589)
      Blocking obstacles: GND(2)
    forward cell (1997, 1550, layer=0): ok, 8/8 neighbors blocked (margin=1)
      ALL neighbors blocked: (1996,1549), (1996,1550), (1996,1551), (1997,1549), (1997,1551), (1998,1549), (1998,1550), (1998,1551)
      Blocking obstacles: /eth/TOCAP(1)
    forward cell (1995, 1552, layer=0): ok, 8/8 neighbors blocked (margin=1)
      ALL neighbors blocked: (1994,1551), (1994,1552), (1994,1553), (1995,1551), (1995,1553), (1996,1551), (1996,1552), (1996,1553)
      Blocking obstacles: /eth/TOCAP(1)
    backward cell (2014, 1609, layer=0): ok, 8/8 neighbors blocked (margin=1)
      ALL neighbors blocked: (2013,1608), (2013,1609), (2013,1610), (2014,1608), (2014,1610), (2015,1608), (2015,1609), (2015,1610)
      Blocking obstacles: GND(3)
  Both directions stuck (forward=70, backward=1 < 5000)
    forward cell (2006, 1588, layer=0): ok, 6/8 neighbors blocked
    forward cell (1997, 1550, layer=0): ok, 6/8 neighbors blocked
      Blocking obstacles: /eth/TOCAP(1)
    forward cell (1995, 1552, layer=0): ok, 6/8 neighbors blocked
      Blocking obstacles: /eth/TOCAP(1)
    backward cell (2014, 1609, layer=0): ok, 8/8 neighbors blocked
      ALL neighbors blocked: (2013,1608), (2013,1609), (2013,1610), (2014,1608), (2014,1610), (2015,1608), (2015,1609), (2015,1610)
      Blocking obstacles: GND(1)
  Phase 1 edge (pads 1,19) failed after 213 iterations
  Stub layer switch: +3V3 stub at (100.09,84.50) F.Cu -> B.Cu
  Existing copper joins 38 terminals into 6 group(s)
  Multi-point net Phase 1: routing longest MST edge (pads 32 and 12, length=43.99mm)
  Probe: forward=5000, backward=5000 iters, trying forward with full iterations...
  No route found after 200000 iterations (forward), trying backward...
  [93mWide route blocked - retrying at default track width (neck-down)[0m
  Probe: forward=5000, backward=5000 iters, trying forward with full iterations...
  No route found after 200000 iterations (forward), trying backward...
  Phase 1 edge (pads 32,12) failed after 820000 iterations - trying next MST edge
  Multi-point net Phase 1: retrying with next MST edge (2/5) (pads 10 and 18, length=2.98mm)
  backward stuck (1 < 5000), forward=5000
    backward cell (1974, 1659, layer=0): ok, 8/8 neighbors blocked (margin=3)
      ALL neighbors blocked: (1973,1658), (1973,1659), (1973,1660), (1974,1658), (1974,1660), (1975,1658), (1975,1659), (1975,1660)
      Blocking obstacles: /eth/EXRES(3)
  backward stuck (1 < 5000), forward=5000
    backward cell (1974, 1659, layer=0): ok, 8/8 neighbors blocked (margin=1)
      ALL neighbors blocked: (1973,1658), (1973,1659), (1973,1660), (1974,1658), (1974,1660), (1975,1658), (1975,1659), (1975,1660)
      Blocking obstacles: /eth/EXRES(2)
  backward stuck (1 < 5000), forward=5000
    backward cell (1974, 1659, layer=0): ok, 8/8 neighbors blocked
      ALL neighbors blocked: (1973,1658), (1973,1659), (1973,1660), (1974,1658), (1974,1660), (1975,1658), (1975,1659), (1975,1660)
  Phase 1 edge (pads 10,18) failed after 15003 iterations - trying next MST edge
  Multi-point net Phase 1: retrying with next MST edge (3/5) (pads 19 and 7, length=2.14mm)
  forward stuck (1 < 5000), backward=5000
    forward cell (2014, 1609, layer=0): ok, 8/8 neighbors blocked (margin=3)
      ALL neighbors blocked: (2013,1608), (2013,1609), (2013,1610), (2014,1608), (2014,1610), (2015,1608), (2015,1609), (2015,1610)
      Blocking obstacles: GND(5)
  forward stuck (1 < 5000), backward=5000
    forward cell (2014, 1609, layer=0): ok, 8/8 neighbors blocked (margin=1)
      ALL neighbors blocked: (2013,1608), (2013,1609), (2013,1610), (2014,1608), (2014,1610), (2015,1608), (2015,1609), (2015,1610)
      Blocking obstacles: GND(3)
  forward stuck (1 < 5000), backward=5000
    forward cell (2014, 1609, layer=0): ok, 8/8 neighbors blocked
      ALL neighbors blocked: (2013,1608), (2013,1609), (2013,1610), (2014,1608), (2014,1610), (2015,1608), (2015,1609), (2015,1610)
      Blocking obstacles: GND(1)
  Phase 1 edge (pads 19,7) failed after 15003 iterations - trying next MST edge
  Multi-point net Phase 1: retrying with next MST edge (4/5) (pads 18 and 17, length=1.50mm)
  Both directions stuck (forward=1, backward=1 < 5000)
    forward cell (1974, 1659, layer=0): ok, 8/8 neighbors blocked (margin=3)
      ALL neighbors blocked: (1973,1658), (1973,1659), (1973,1660), (1974,1658), (1974,1660), (1975,1658), (1975,1659), (1975,1660)
      Blocking obstacles: /eth/EXRES(3)
    backward cell (1944, 1659, layer=0): ok, 8/8 neighbors blocked (margin=3)
      ALL neighbors blocked: (1943,1658), (1943,1659), (1943,1660), (1944,1658), (1944,1660), (1945,1658), (1945,1659), (1945,1660)
      Blocking obstacles: GND(1)
  Both directions stuck (forward=1, backward=1 < 5000)
    forward cell (1974, 1659, layer=0): ok, 8/8 neighbors blocked (margin=1)
      ALL neighbors blocked: (1973,1658), (1973,1659), (1973,1660), (1974,1658), (1974,1660), (1975,1658), (1975,1659), (1975,1660)
      Blocking obstacles: /eth/EXRES(2)
    backward cell (1944, 1659, layer=0): ok, 8/8 neighbors blocked (margin=1)
      ALL neighbors blocked: (1943,1658), (1943,1659), (1943,1660), (1944,1658), (1944,1660), (1945,1658), (1945,1659), (1945,1660)
      Blocking obstacles: GND(1)
  Both directions stuck (forward=1, backward=1 < 5000)
    forward cell (1974, 1659, layer=0): ok, 8/8 neighbors blocked
      ALL neighbors blocked: (1973,1658), (1973,1659), (1973,1660), (1974,1658), (1974,1660), (1975,1658), (1975,1659), (1975,1660)
    backward cell (1944, 1659, layer=0): ok, 8/8 neighbors blocked
      ALL neighbors blocked: (1943,1658), (1943,1659), (1943,1660), (1944,1658), (1944,1660), (1945,1658), (1945,1659), (1945,1660)
  Phase 1 edge (pads 18,17) failed after 6 iterations - trying next MST edge
  Multi-point net Phase 1: retrying with next MST edge (5/5) (pads 1 and 19, length=1.00mm)
  Both directions stuck (forward=70, backward=1 < 5000)
    forward cell (2006, 1588, layer=0): ok, 8/8 neighbors blocked (margin=3)
      ALL neighbors blocked: (2005,1587), (2005,1588), (2005,1589), (2006,1587), (2006,1589), (2007,1587), (2007,1588), (2007,1589)
      Blocking obstacles: GND(3)
    forward cell (1997, 1550, layer=0): ok, 8/8 neighbors blocked (margin=3)
      ALL neighbors blocked: (1996,1549), (1996,1550), (1996,1551), (1997,1549), (1997,1551), (1998,1549), (1998,1550), (1998,1551)
      Blocking obstacles: /eth/1V2O(3), /eth/TOCAP(1)
    forward cell (1995, 1552, layer=0): ok, 8/8 neighbors blocked (margin=3)
      ALL neighbors blocked: (1994,1551), (1994,1552), (1994,1553), (1995,1551), (1995,1553), (1996,1551), (1996,1552), (1996,1553)
      Blocking obstacles: /eth/TOCAP(1)
    backward cell (2014, 1609, layer=0): ok, 8/8 neighbors blocked (margin=3)
      ALL neighbors blocked: (2013,1608), (2013,1609), (2013,1610), (2014,1608), (2014,1610), (2015,1608), (2015,1609), (2015,1610)
      Blocking obstacles: GND(5)
  Both directions stuck (forward=70, backward=1 < 5000)
    forward cell (2006, 1588, layer=0): ok, 8/8 neighbors blocked (margin=1)
      ALL neighbors blocked: (2005,1587), (2005,1588), (2005,1589), (2006,1587), (2006,1589), (2007,1587), (2007,1588), (2007,1589)
      Blocking obstacles: GND(2)
    forward cell (1997, 1550, layer=0): ok, 8/8 neighbors blocked (margin=1)
      ALL neighbors blocked: (1996,1549), (1996,1550), (1996,1551), (1997,1549), (1997,1551), (1998,1549), (1998,1550), (1998,1551)
      Blocking obstacles: /eth/TOCAP(1)
    forward cell (1995, 1552, layer=0): ok, 8/8 neighbors blocked (margin=1)
      ALL neighbors blocked: (1994,1551), (1994,1552), (1994,1553), (1995,1551), (1995,1553), (1996,1551), (1996,1552), (1996,1553)
      Blocking obstacles: /eth/TOCAP(1)
    backward cell (2014, 1609, layer=0): ok, 8/8 neighbors blocked (margin=1)
      ALL neighbors blocked: (2013,1608), (2013,1609), (2013,1610), (2014,1608), (2014,1610), (2015,1608), (2015,1609), (2015,1610)
      Blocking obstacles: GND(3)
  Both directions stuck (forward=70, backward=1 < 5000)
    forward cell (2006, 1588, layer=0): ok, 6/8 neighbors blocked
    forward cell (1997, 1550, layer=0): ok, 6/8 neighbors blocked
      Blocking obstacles: /eth/TOCAP(1)
    forward cell (1995, 1552, layer=0): ok, 6/8 neighbors blocked
      Blocking obstacles: /eth/TOCAP(1)
    backward cell (2014, 1609, layer=0): ok, 8/8 neighbors blocked
      ALL neighbors blocked: (2013,1608), (2013,1609), (2013,1610), (2014,1608), (2014,1610), (2015,1608), (2015,1609), (2015,1610)
      Blocking obstacles: GND(1)
  Phase 1 edge (pads 1,19) failed after 213 iterations
  Phase 1 exhausted from the pads; deferring 5 edge(s) to Phase 3's island-copper sources (base component: 33 terminal(s))
  Phase 1 exhausted from the pads; deferring 5 edge(s) to Phase 3's island-copper sources (base component: 33 terminal(s))
  SUCCESS: 0 segments, 0 vias, 850225 iterations, length=47.99mm (stubs=47.99mm) (4.43s)

[24/28 (16 failed)] Routing /PWM1 (id=65)
----------------------------------------
Probe: forward=5000, backward=5000 iters, trying forward with full iterations...
No route found after 200000 iterations (forward), trying backward...
No route found after 410000 iterations (both directions)
  FAILED: Could not find route (0.20s)
  Forward direction failed fastest (205000 iterations, 4375 blocked cells)
  No previously-routed nets blocking
  Static blockers: pre-existing tracks: /ADC0, /DSPI_SCK, /I2C_SCL (+2 more)
  [91mROUTE FAILED - no rippable blockers found[0m
  Hint: the blocking copper belongs to pre-existing net(s) '/I2C_SCL' (committed by an earlier run/step), which this run is not allowed to rip. Retry with --rip-existing-nets '/I2C_SCL' to rip and re-route them in this run (issue #103) -- the decisive blocker may be any of them, so start with the full set (each ripped net is re-routed and the run reports honestly if one cannot be), then bisect if you want a minimal rip.

[25/28 (17 failed)] Routing /PWM0 (id=64)
----------------------------------------
Probe: forward=5000, backward=5000 iters, trying forward with full iterations...
No route found after 200000 iterations (forward), trying backward...
No route found after 410000 iterations (both directions)
  FAILED: Could not find route (0.20s)
  Forward direction failed fastest (205000 iterations, 4460 blocked cells)
  No previously-routed nets blocking
  Static blockers: pre-existing tracks: /ADC0, /DSPI_SCK, /I2C_SCL (+3 more)
  [91mROUTE FAILED - no rippable blockers found[0m
  Hint: the blocking copper belongs to pre-existing net(s) '/I2C_SCL' (committed by an earlier run/step), which this run is not allowed to rip. Retry with --rip-existing-nets '/I2C_SCL' to rip and re-route them in this run (issue #103) -- the decisive blocker may be any of them, so start with the full set (each ripped net is re-routed and the run reports honestly if one cannot be), then bisect if you want a minimal rip.

[26/28 (18 failed)] Routing /mcu/RXD0 (id=80)
----------------------------------------
forward stuck (118 < 5000), backward=5000
  forward cell (2130, 2121, layer=0): ok, 0/8 neighbors blocked
No route found after 5118 iterations (both directions)
  FAILED: Could not find route (0.13s)
  Forward direction failed fastest (118 iterations, 82 blocked cells)
  No previously-routed nets blocking (likely blocked by pads/stubs/zones)
  [91mROUTE FAILED - no rippable blockers found[0m
  Hint: search exhausted after only 5118 iterations with no rippable blockers - the start/target pads are boxed in by static obstacles (neighboring pads + clearance), not by congestion. For fine-pitch parts try a finer grid and/or smaller clearance/track, e.g. --grid-step 0.025 scoped to just the failing nets via --nets (board-global it is ~13M cells/layer and may exhaust memory) --clearance 0.15 --track-width 0.15 (current: grid 0.05, clearance 0.2, track 0.2 mm)
  Hint: the blocking copper belongs to pre-existing net(s) '/ADC0' (committed by an earlier run/step), which this run is not allowed to rip. Retry with --rip-existing-nets '/ADC0' to rip and re-route them in this run (issue #103) -- the decisive blocker may be any of them, so start with the full set (each ripped net is re-routed and the run reports honestly if one cannot be), then bisect if you want a minimal rip.

[27/28 (19 failed)] Routing /mcu/TXD0 (id=81)
----------------------------------------
forward stuck (112 < 5000), backward=5000
  forward cell (2155, 2121, layer=0): ok, 0/8 neighbors blocked
No route found after 5112 iterations (both directions)
  FAILED: Could not find route (0.12s)
  Forward direction failed fastest (112 iterations, 66 blocked cells)
  No previously-routed nets blocking (likely blocked by pads/stubs/zones)
  Via-in-pad decline blamed PRE-EXISTING net(s) '/mcu/IO3_STRAP' - not rippable this run; retry with --rip-existing-nets to authorize
  [91mROUTE FAILED - no rippable blockers found[0m
  Hint: search exhausted after only 5112 iterations with no rippable blockers - the start/target pads are boxed in by static obstacles (neighboring pads + clearance), not by congestion. For fine-pitch parts try a finer grid and/or smaller clearance/track, e.g. --grid-step 0.025 scoped to just the failing nets via --nets (board-global it is ~13M cells/layer and may exhaust memory) --clearance 0.15 --track-width 0.15 (current: grid 0.05, clearance 0.2, track 0.2 mm)
  Hint: the blocking copper belongs to pre-existing net(s) '/mcu/IO3_STRAP' '/ADC0' (committed by an earlier run/step), which this run is not allowed to rip. Retry with --rip-existing-nets '/mcu/IO3_STRAP' '/ADC0' to rip and re-route them in this run (issue #103) -- the decisive blocker may be any of them, so start with the full set (each ripped net is re-routed and the run reports honestly if one cannot be), then bisect if you want a minimal rip.

[28/28 (20 failed)] Routing /mcu/ENABLE_M (id=43)
----------------------------------------
Probe: forward=5000, backward=5000 iters, trying forward with full iterations...
No route found after 200000 iterations (forward), trying backward...
No route found after 410000 iterations (both directions)
  FAILED: Could not find route (0.20s)
  Forward direction failed fastest (205000 iterations, 4589 blocked cells)
  No previously-routed nets blocking
  Static blockers: pre-existing tracks: /ADC0, /DSPI_MISO, /DSPI_MOSI (+6 more)
  [91mROUTE FAILED - no rippable blockers found[0m
  Hint: the blocking copper belongs to pre-existing net(s) '/I2C_SDA' '/DSPI_MISO' '/I2C_SCL' (committed by an earlier run/step), which this run is not allowed to rip. Retry with --rip-existing-nets '/I2C_SDA' '/DSPI_MISO' '/I2C_SCL' to rip and re-route them in this run (issue #103) -- the decisive blocker may be any of them, so start with the full set (each ripped net is re-routed and the run reports honestly if one cannot be), then bisect if you want a minimal rip.

Sync pcb_data: 2221 -> 2220 (kept stubs) -> 2221 (after adding 1)

============================================================
Multi-point Phase 3: Routing 16 tap connections
============================================================
Phase 3 order (boxed-in risk first): GND, +3V3, /FAULT, +12V, V48_RAW, /ENABLE, +48V_SW

GND (net 4):
  Seeding tap sources from the base island's existing copper: 129 segment(s), 23 via(s)
  Multi-point net Phase 3: routing 3 remaining MST edges (longest first)
    [1/16] Routing MST edge: pad 3 -> pad 40 (length=4.09mm) target=(100.68, 78.43)
      backward stuck (1 < 5000), forward=5000
        backward cell (2014, 1569, layer=0): ok, 8/8 neighbors blocked
          ALL neighbors blocked: (2013,1568), (2013,1569), (2013,1570), (2014,1568), (2014,1570), (2015,1568), (2015,1569), (2015,1570)
      [93mFailed to route MST edge after 5001 iterations (0.04s)[0m
    [2/16] (1 failed) Routing MST edge: pad 10 -> pad 39 (length=3.98mm) target=(97.68, 82.93)
      backward stuck (1 < 5000), forward=5000
        backward cell (1954, 1659, layer=0): ok, 8/8 neighbors blocked
          ALL neighbors blocked: (1953,1658), (1953,1659), (1953,1660), (1954,1658), (1954,1660), (1955,1658), (1955,1659), (1955,1660)
          Blocking obstacles: /eth/EXRES(2)
      [93mFailed to route MST edge after 5001 iterations (0.04s)[0m
    Fallback: attempting orphaned pad 39 directly from connected copper
    [3/16] (2 failed) Routing MST edge: pad 10 -> pad 39 (length=3.98mm) target=(97.68, 82.93)
      backward stuck (1 < 5000), forward=5000
        backward cell (1954, 1659, layer=0): ok, 8/8 neighbors blocked
          ALL neighbors blocked: (1953,1658), (1953,1659), (1953,1660), (1954,1658), (1954,1660), (1955,1658), (1955,1659), (1955,1660)
          Blocking obstacles: /eth/EXRES(2)
      [93mFailed to route MST edge after 5001 iterations (0.04s)[0m
    Fallback: attempting orphaned pad 40 directly from connected copper
    [3/16] (2 failed) Routing MST edge: pad 3 -> pad 40 (length=4.09mm) target=(100.68, 78.43)
      backward stuck (1 < 5000), forward=5000
        backward cell (2014, 1569, layer=0): ok, 8/8 neighbors blocked
          ALL neighbors blocked: (2013,1568), (2013,1569), (2013,1570), (2014,1568), (2014,1570), (2015,1568), (2015,1569), (2015,1570)
      [93mFailed to route MST edge after 5001 iterations (0.04s)[0m
    Fallback: attempting orphaned pad 41 directly from connected copper
    [3/16] (2 failed) Routing MST edge: pad 100 -> pad 41 (length=4.41mm) target=(100.68, 76.43)
      backward stuck (1 < 5000), forward=5000
        backward cell (2014, 1529, layer=0): ok, 8/8 neighbors blocked
          ALL neighbors blocked: (2013,1528), (2013,1529), (2013,1530), (2014,1528), (2014,1530), (2015,1528), (2015,1529), (2015,1530)
          Blocking obstacles: /eth/1V2O(2)
      [93mFailed to route MST edge after 5001 iterations (0.04s)[0m
  [93mWarning: 3 pad(s) not connected (3 MST edge(s) failed)[0m
  Phase 3 routing complete: 0 edges, 0 total segments, 0 total vias
  [91mNOT CONNECTED (so far): GND - U10 pad 9 at (97.68, 82.93) - may still be recovered; final verdict in the end-of-run summary[0m
  [91mNOT CONNECTED (so far): GND - U10 pad 19 at (100.68, 78.43) - may still be recovered; final verdict in the end-of-run summary[0m
  [91mNOT CONNECTED (so far): GND - U10 pad 23 at (100.68, 76.43) - may still be recovered; final verdict in the end-of-run summary[0m
  Net total time: 0.43s, 35009 iterations

+3V3 (net 5):
  Seeding tap sources from the base island's existing copper: 62 segment(s), 14 via(s)
  Multi-point net Phase 3: routing 5 remaining MST edges (longest first)
    [3/16] (3 failed) Routing MST edge: pad 32 -> pad 12 (length=43.99mm) target=(42.49, 74.52)
      Probe: forward=5000, backward=5000 iters, trying forward with full iterations...
      No route found after 200000 iterations (forward), trying backward...
      [93mWide route blocked - retrying at default track width (neck-down)[0m
      Probe: forward=5000, backward=5000 iters, trying forward with full iterations...
      No route found after 200000 iterations (forward), trying backward...
      [93mFailed to route MST edge after 820000 iterations (1.04s)[0m
    [4/16] (4 failed) Routing MST edge: pad 10 -> pad 18 (length=2.98mm) target=(98.68, 82.93)
      backward stuck (1 < 5000), forward=5000
        backward cell (1974, 1659, layer=0): ok, 8/8 neighbors blocked (margin=3)
          ALL neighbors blocked: (1973,1658), (1973,1659), (1973,1660), (1974,1658), (1974,1660), (1975,1658), (1975,1659), (1975,1660)
          Blocking obstacles: /eth/EXRES(3)
      backward stuck (1 < 5000), forward=5000
        backward cell (1974, 1659, layer=0): ok, 8/8 neighbors blocked (margin=1)
          ALL neighbors blocked: (1973,1658), (1973,1659), (1973,1660), (1974,1658), (1974,1660), (1975,1658), (1975,1659), (1975,1660)
          Blocking obstacles: /eth/EXRES(2)
      backward stuck (1 < 5000), forward=5000
        backward cell (1974, 1659, layer=0): ok, 8/8 neighbors blocked
          ALL neighbors blocked: (1973,1658), (1973,1659), (1973,1660), (1974,1658), (1974,1660), (1975,1658), (1975,1659), (1975,1660)
      [93mFailed to route MST edge after 15003 iterations (0.13s)[0m
    [5/16] (5 failed) Routing MST edge: pad 7 -> pad 19 (length=2.14mm) target=(100.68, 80.43)
      backward stuck (1 < 5000), forward=5000
        backward cell (2014, 1609, layer=0): ok, 8/8 neighbors blocked (margin=3)
          ALL neighbors blocked: (2013,1608), (2013,1609), (2013,1610), (2014,1608), (2014,1610), (2015,1608), (2015,1609), (2015,1610)
          Blocking obstacles: GND(5)
      backward stuck (1 < 5000), forward=5000
        backward cell (2014, 1609, layer=0): ok, 8/8 neighbors blocked (margin=1)
          ALL neighbors blocked: (2013,1608), (2013,1609), (2013,1610), (2014,1608), (2014,1610), (2015,1608), (2015,1609), (2015,1610)
          Blocking obstacles: GND(3)
      backward stuck (1 < 5000), forward=5000
        backward cell (2014, 1609, layer=0): ok, 8/8 neighbors blocked
          ALL neighbors blocked: (2013,1608), (2013,1609), (2013,1610), (2014,1608), (2014,1610), (2015,1608), (2015,1609), (2015,1610)
          Blocking obstacles: GND(1)
      [93mFailed to route MST edge after 15003 iterations (0.13s)[0m
    Fallback: attempting orphaned pad 19 directly from connected copper
    [6/16] (6 failed) Routing MST edge: pad 7 -> pad 19 (length=2.14mm) target=(100.68, 80.43)
      backward stuck (1 < 5000), forward=5000
        backward cell (2014, 1609, layer=0): ok, 8/8 neighbors blocked (margin=3)
          ALL neighbors blocked: (2013,1608), (2013,1609), (2013,1610), (2014,1608), (2014,1610), (2015,1608), (2015,1609), (2015,1610)
          Blocking obstacles: GND(5)
      backward stuck (1 < 5000), forward=5000
        backward cell (2014, 1609, layer=0): ok, 8/8 neighbors blocked (margin=1)
          ALL neighbors blocked: (2013,1608), (2013,1609), (2013,1610), (2014,1608), (2014,1610), (2015,1608), (2015,1609), (2015,1610)
          Blocking obstacles: GND(3)
      backward stuck (1 < 5000), forward=5000
        backward cell (2014, 1609, layer=0): ok, 8/8 neighbors blocked
          ALL neighbors blocked: (2013,1608), (2013,1609), (2013,1610), (2014,1608), (2014,1610), (2015,1608), (2015,1609), (2015,1610)
          Blocking obstacles: GND(1)
      [93mFailed to route MST edge after 15003 iterations (0.13s)[0m
    Fallback: attempting orphaned pad 1 directly from connected copper
    [6/16] (6 failed) Routing MST edge: pad 9 -> pad 1 (length=2.51mm) target=(100.68, 79.43)
      backward stuck (1 < 5000), forward=5000
        backward cell (2014, 1589, layer=0): ok, 8/8 neighbors blocked (margin=3)
          ALL neighbors blocked: (2013,1588), (2013,1589), (2013,1590), (2014,1588), (2014,1590), (2015,1588), (2015,1589), (2015,1590)
          Blocking obstacles: GND(3)
      backward stuck (1 < 5000), forward=5000
        backward cell (2014, 1589, layer=0): ok, 8/8 neighbors blocked (margin=1)
          ALL neighbors blocked: (2013,1588), (2013,1589), (2013,1590), (2014,1588), (2014,1590), (2015,1588), (2015,1589), (2015,1590)
          Blocking obstacles: GND(3)
      backward stuck (1 < 5000), forward=5000
        backward cell (2014, 1589, layer=0): ok, 8/8 neighbors blocked
          ALL neighbors blocked: (2013,1588), (2013,1589), (2013,1590), (2014,1588), (2014,1590), (2015,1588), (2015,1589), (2015,1590)
          Blocking obstacles: GND(2)
      [93mFailed to route MST edge after 15003 iterations (0.13s)[0m
    Fallback: attempting orphaned pad 18 directly from connected copper
    [7/16] (7 failed) Routing MST edge: pad 10 -> pad 18 (length=2.98mm) target=(98.68, 82.93)
      backward stuck (1 < 5000), forward=5000
        backward cell (1974, 1659, layer=0): ok, 8/8 neighbors blocked (margin=3)
          ALL neighbors blocked: (1973,1658), (1973,1659), (1973,1660), (1974,1658), (1974,1660), (1975,1658), (1975,1659), (1975,1660)
          Blocking obstacles: /eth/EXRES(3)
      backward stuck (1 < 5000), forward=5000
        backward cell (1974, 1659, layer=0): ok, 8/8 neighbors blocked (margin=1)
          ALL neighbors blocked: (1973,1658), (1973,1659), (1973,1660), (1974,1658), (1974,1660), (1975,1658), (1975,1659), (1975,1660)
          Blocking obstacles: /eth/EXRES(2)
      backward stuck (1 < 5000), forward=5000
        backward cell (1974, 1659, layer=0): ok, 8/8 neighbors blocked
          ALL neighbors blocked: (1973,1658), (1973,1659), (1973,1660), (1974,1658), (1974,1660), (1975,1658), (1975,1659), (1975,1660)
      [93mFailed to route MST edge after 15003 iterations (0.14s)[0m
    Fallback: attempting orphaned pad 17 directly from connected copper
    [7/16] (7 failed) Routing MST edge: pad 0 -> pad 17 (length=3.92mm) target=(97.18, 82.93)
      backward stuck (1 < 5000), forward=5000
        backward cell (1944, 1659, layer=0): ok, 8/8 neighbors blocked (margin=3)
          ALL neighbors blocked: (1943,1658), (1943,1659), (1943,1660), (1944,1658), (1944,1660), (1945,1658), (1945,1659), (1945,1660)
          Blocking obstacles: GND(1)
      backward stuck (1 < 5000), forward=5000
        backward cell (1944, 1659, layer=0): ok, 8/8 neighbors blocked (margin=1)
          ALL neighbors blocked: (1943,1658), (1943,1659), (1943,1660), (1944,1658), (1944,1660), (1945,1658), (1945,1659), (1945,1660)
          Blocking obstacles: GND(1)
      backward stuck (1 < 5000), forward=5000
        backward cell (1944, 1659, layer=0): ok, 8/8 neighbors blocked
          ALL neighbors blocked: (1943,1658), (1943,1659), (1943,1660), (1944,1658), (1944,1660), (1945,1658), (1945,1659), (1945,1660)
      [93mFailed to route MST edge after 15003 iterations (0.13s)[0m
    Fallback: attempting orphaned pad 12 directly from connected copper
    [8/16] (8 failed) Routing MST edge: pad 32 -> pad 12 (length=43.99mm) target=(42.49, 74.52)
      Probe: forward=5000, backward=5000 iters, trying forward with full iterations...
      No route found after 200000 iterations (forward), trying backward...
      [93mWide route blocked - retrying at default track width (neck-down)[0m
      Probe: forward=5000, backward=5000 iters, trying forward with full iterations...
      No route found after 200000 iterations (forward), trying backward...
      [93mFailed to route MST edge after 820000 iterations (1.02s)[0m
  [93mWarning: 5 pad(s) not connected (5 MST edge(s) failed)[0m
  Phase 3 routing complete: 0 edges, 0 total segments, 0 total vias
    Ripping GND (net 4) to retry tap route...
  Seeding tap sources from the base island's existing copper: 62 segment(s), 14 via(s)
  Multi-point net Phase 3: routing 5 remaining MST edges (longest first)
    [7/16] (8 failed) Routing MST edge: pad 32 -> pad 12 (length=43.99mm) target=(42.49, 74.52)
      Probe: forward=5000, backward=5000 iters, trying forward with full iterations...
      No route found after 200000 iterations (forward), trying backward...
      [93mWide route blocked - retrying at default track width (neck-down)[0m
      Probe: forward=5000, backward=5000 iters, trying forward with full iterations...
      No route found after 200000 iterations (forward), trying backward...
      [93mFailed to route MST edge after 820000 iterations (1.03s)[0m
    [8/16] (9 failed) Routing MST edge: pad 10 -> pad 18 (length=2.98mm) target=(98.68, 82.93)
      backward stuck (1 < 5000), forward=5000
        backward cell (1974, 1659, layer=0): ok, 8/8 neighbors blocked (margin=3)
          ALL neighbors blocked: (1973,1658), (1973,1659), (1973,1660), (1974,1658), (1974,1660), (1975,1658), (1975,1659), (1975,1660)
          Blocking obstacles: /eth/EXRES(3)
      backward stuck (1 < 5000), forward=5000
        backward cell (1974, 1659, layer=0): ok, 8/8 neighbors blocked (margin=1)
          ALL neighbors blocked: (1973,1658), (1973,1659), (1973,1660), (1974,1658), (1974,1660), (1975,1658), (1975,1659), (1975,1660)
          Blocking obstacles: /eth/EXRES(2)
      backward stuck (1 < 5000), forward=5000
        backward cell (1974, 1659, layer=0): ok, 8/8 neighbors blocked
          ALL neighbors blocked: (1973,1658), (1973,1659), (1973,1660), (1974,1658), (1974,1660), (1975,1658), (1975,1659), (1975,1660)
      [93mFailed to route MST edge after 15003 iterations (0.13s)[0m
    [9/16] (10 failed) Routing MST edge: pad 7 -> pad 19 (length=2.14mm) target=(100.68, 80.43)
      backward stuck (1 < 5000), forward=5000
        backward cell (2014, 1609, layer=0): ok, 8/8 neighbors blocked (margin=3)
          ALL neighbors blocked: (2013,1608), (2013,1609), (2013,1610), (2014,1608), (2014,1610), (2015,1608), (2015,1609), (2015,1610)
          Blocking obstacles: GND(5)
      backward stuck (1 < 5000), forward=5000
        backward cell (2014, 1609, layer=0): ok, 8/8 neighbors blocked (margin=1)
          ALL neighbors blocked: (2013,1608), (2013,1609), (2013,1610), (2014,1608), (2014,1610), (2015,1608), (2015,1609), (2015,1610)
          Blocking obstacles: GND(3)
      backward stuck (1 < 5000), forward=5000
        backward cell (2014, 1609, layer=0): ok, 8/8 neighbors blocked
          ALL neighbors blocked: (2013,1608), (2013,1609), (2013,1610), (2014,1608), (2014,1610), (2015,1608), (2015,1609), (2015,1610)
          Blocking obstacles: GND(1)
      [93mFailed to route MST edge after 15003 iterations (0.13s)[0m
    Fallback: attempting orphaned pad 17 directly from connected copper
    [10/16] (11 failed) Routing MST edge: pad 0 -> pad 17 (length=3.92mm) target=(97.18, 82.93)
      backward stuck (1 < 5000), forward=5000
        backward cell (1944, 1659, layer=0): ok, 8/8 neighbors blocked (margin=3)
          ALL neighbors blocked: (1943,1658), (1943,1659), (1943,1660), (1944,1658), (1944,1660), (1945,1658), (1945,1659), (1945,1660)
          Blocking obstacles: GND(1)
      backward stuck (1 < 5000), forward=5000
        backward cell (1944, 1659, layer=0): ok, 8/8 neighbors blocked (margin=1)
          ALL neighbors blocked: (1943,1658), (1943,1659), (1943,1660), (1944,1658), (1944,1660), (1945,1658), (1945,1659), (1945,1660)
          Blocking obstacles: GND(1)
      backward stuck (1 < 5000), forward=5000
        backward cell (1944, 1659, layer=0): ok, 8/8 neighbors blocked
          ALL neighbors blocked: (1943,1658), (1943,1659), (1943,1660), (1944,1658), (1944,1660), (1945,1658), (1945,1659), (1945,1660)
      [93mFailed to route MST edge after 15003 iterations (0.13s)[0m
    Fallback: attempting orphaned pad 18 directly from connected copper
    [11/16] (12 failed) Routing MST edge: pad 0 -> pad 18 (length=5.42mm) target=(98.68, 82.93)
      backward stuck (1 < 5000), forward=5000
        backward cell (1974, 1659, layer=0): ok, 8/8 neighbors blocked (margin=3)
          ALL neighbors blocked: (1973,1658), (1973,1659), (1973,1660), (1974,1658), (1974,1660), (1975,1658), (1975,1659), (1975,1660)
          Blocking obstacles: /eth/EXRES(3)
      backward stuck (1 < 5000), forward=5000
        backward cell (1974, 1659, layer=0): ok, 8/8 neighbors blocked (margin=1)
          ALL neighbors blocked: (1973,1658), (1973,1659), (1973,1660), (1974,1658), (1974,1660), (1975,1658), (1975,1659), (1975,1660)
          Blocking obstacles: /eth/EXRES(2)
      backward stuck (1 < 5000), forward=5000
        backward cell (1974, 1659, layer=0): ok, 8/8 neighbors blocked
          ALL neighbors blocked: (1973,1658), (1973,1659), (1973,1660), (1974,1658), (1974,1660), (1975,1658), (1975,1659), (1975,1660)
      [93mFailed to route MST edge after 15003 iterations (0.14s)[0m
    Fallback: attempting orphaned pad 19 directly from connected copper
    [12/16] (13 failed) Routing MST edge: pad 0 -> pad 19 (length=9.92mm) target=(100.68, 80.43)
      backward stuck (1 < 5000), forward=5000
        backward cell (2014, 1609, layer=0): ok, 8/8 neighbors blocked (margin=3)
          ALL neighbors blocked: (2013,1608), (2013,1609), (2013,1610), (2014,1608), (2014,1610), (2015,1608), (2015,1609), (2015,1610)
          Blocking obstacles: GND(5)
      backward stuck (1 < 5000), forward=5000
        backward cell (2014, 1609, layer=0): ok, 8/8 neighbors blocked (margin=1)
          ALL neighbors blocked: (2013,1608), (2013,1609), (2013,1610), (2014,1608), (2014,1610), (2015,1608), (2015,1609), (2015,1610)
          Blocking obstacles: GND(3)
      backward stuck (1 < 5000), forward=5000
        backward cell (2014, 1609, layer=0): ok, 8/8 neighbors blocked
          ALL neighbors blocked: (2013,1608), (2013,1609), (2013,1610), (2014,1608), (2014,1610), (2015,1608), (2015,1609), (2015,1610)
          Blocking obstacles: GND(1)
      [93mFailed to route MST edge after 15003 iterations (0.12s)[0m
    Fallback: attempting orphaned pad 1 directly from connected copper
    [13/16] (14 failed) Routing MST edge: pad 0 -> pad 1 (length=10.92mm) target=(100.68, 79.43)
      backward stuck (1 < 5000), forward=5000
        backward cell (2014, 1589, layer=0): ok, 8/8 neighbors blocked (margin=3)
          ALL neighbors blocked: (2013,1588), (2013,1589), (2013,1590), (2014,1588), (2014,1590), (2015,1588), (2015,1589), (2015,1590)
          Blocking obstacles: GND(3)
      backward stuck (1 < 5000), forward=5000
        backward cell (2014, 1589, layer=0): ok, 8/8 neighbors blocked (margin=1)
          ALL neighbors blocked: (2013,1588), (2013,1589), (2013,1590), (2014,1588), (2014,1590), (2015,1588), (2015,1589), (2015,1590)
          Blocking obstacles: GND(3)
      backward stuck (1 < 5000), forward=5000
        backward cell (2014, 1589, layer=0): ok, 8/8 neighbors blocked
          ALL neighbors blocked: (2013,1588), (2013,1589), (2013,1590), (2014,1588), (2014,1590), (2015,1588), (2015,1589), (2015,1590)
          Blocking obstacles: GND(2)
      [93mFailed to route MST edge after 15003 iterations (0.13s)[0m
    Fallback: attempting orphaned pad 12 directly from connected copper
    [14/16] (15 failed) Routing MST edge: pad 0 -> pad 12 (length=62.81mm) target=(42.49, 74.52)
      Probe: forward=5000, backward=5000 iters, trying forward with full iterations...
      No route found after 200000 iterations (forward), trying backward...
      [93mWide route blocked - retrying at default track width (neck-down)[0m
      Probe: forward=5000, backward=5000 iters, trying forward with full iterations...
      No route found after 200000 iterations (forward), trying backward...
      [93mFailed to route MST edge after 820000 iterations (1.02s)[0m
  [93mWarning: 5 pad(s) not connected (8 MST edge(s) failed)[0m
  Phase 3 routing complete: 0 edges, 0 total segments, 0 total vias
    +3V3: Retry FAILED (N=1): still 8 failed edges
      Retry had 19896 blocked cells
    Re-analyzing 19896 blocked cells from N=1 retry:
      No previously-routed nets blocking (likely blocked by pads/stubs/zones)
    No additional rippable blockers from retry analysis
    [91m+3V3: All rip-up attempts failed, restoring 1 net(s)...[0m
  Stub layer switch: +3V3 stub at (102.25,78.50) F.Cu -> B.Cu
  Seeding tap sources from the base island's existing copper: 62 segment(s), 15 via(s)
  Multi-point net Phase 3: routing 5 remaining MST edges (longest first)
    [7/16] (8 failed) Routing MST edge: pad 32 -> pad 12 (length=43.99mm) target=(42.49, 74.52)
      Probe: forward=5000, backward=5000 iters, trying forward with full iterations...
      No route found after 200000 iterations (forward), trying backward...
      [93mWide route blocked - retrying at default track width (neck-down)[0m
      Probe: forward=5000, backward=5000 iters, trying forward with full iterations...
      No route found after 200000 iterations (forward), trying backward...
      [93mFailed to route MST edge after 820000 iterations (1.09s)[0m
    [8/16] (9 failed) Routing MST edge: pad 10 -> pad 18 (length=2.98mm) target=(98.68, 82.93)
      backward stuck (1 < 5000), forward=5000
        backward cell (1974, 1659, layer=0): ok, 8/8 neighbors blocked (margin=3)
          ALL neighbors blocked: (1973,1658), (1973,1659), (1973,1660), (1974,1658), (1974,1660), (1975,1658), (1975,1659), (1975,1660)
          Blocking obstacles: /eth/EXRES(3)
      backward stuck (1 < 5000), forward=5000
        backward cell (1974, 1659, layer=0): ok, 8/8 neighbors blocked (margin=1)
          ALL neighbors blocked: (1973,1658), (1973,1659), (1973,1660), (1974,1658), (1974,1660), (1975,1658), (1975,1659), (1975,1660)
          Blocking obstacles: /eth/EXRES(2)
      backward stuck (1 < 5000), forward=5000
        backward cell (1974, 1659, layer=0): ok, 8/8 neighbors blocked
          ALL neighbors blocked: (1973,1658), (1973,1659), (1973,1660), (1974,1658), (1974,1660), (1975,1658), (1975,1659), (1975,1660)
      [93mFailed to route MST edge after 15003 iterations (0.15s)[0m
    [9/16] (10 failed) Routing MST edge: pad 7 -> pad 19 (length=2.14mm) target=(100.68, 80.43)
      backward stuck (1 < 5000), forward=5000
        backward cell (2014, 1609, layer=0): ok, 8/8 neighbors blocked (margin=3)
          ALL neighbors blocked: (2013,1608), (2013,1609), (2013,1610), (2014,1608), (2014,1610), (2015,1608), (2015,1609), (2015,1610)
          Blocking obstacles: GND(5)
      backward stuck (1 < 5000), forward=5000
        backward cell (2014, 1609, layer=0): ok, 8/8 neighbors blocked (margin=1)
          ALL neighbors blocked: (2013,1608), (2013,1609), (2013,1610), (2014,1608), (2014,1610), (2015,1608), (2015,1609), (2015,1610)
          Blocking obstacles: GND(3)
      backward stuck (1 < 5000), forward=5000
        backward cell (2014, 1609, layer=0): ok, 8/8 neighbors blocked
          ALL neighbors blocked: (2013,1608), (2013,1609), (2013,1610), (2014,1608), (2014,1610), (2015,1608), (2015,1609), (2015,1610)
          Blocking obstacles: GND(1)
      [93mFailed to route MST edge after 15003 iterations (0.15s)[0m
    Fallback: attempting orphaned pad 19 directly from connected copper
    [10/16] (11 failed) Routing MST edge: pad 7 -> pad 19 (length=2.14mm) target=(100.68, 80.43)
      backward stuck (1 < 5000), forward=5000
        backward cell (2014, 1609, layer=0): ok, 8/8 neighbors blocked (margin=3)
          ALL neighbors blocked: (2013,1608), (2013,1609), (2013,1610), (2014,1608), (2014,1610), (2015,1608), (2015,1609), (2015,1610)
          Blocking obstacles: GND(5)
      backward stuck (1 < 5000), forward=5000
        backward cell (2014, 1609, layer=0): ok, 8/8 neighbors blocked (margin=1)
          ALL neighbors blocked: (2013,1608), (2013,1609), (2013,1610), (2014,1608), (2014,1610), (2015,1608), (2015,1609), (2015,1610)
          Blocking obstacles: GND(3)
      backward stuck (1 < 5000), forward=5000
        backward cell (2014, 1609, layer=0): ok, 8/8 neighbors blocked
          ALL neighbors blocked: (2013,1608), (2013,1609), (2013,1610), (2014,1608), (2014,1610), (2015,1608), (2015,1609), (2015,1610)
          Blocking obstacles: GND(1)
      [93mFailed to route MST edge after 15003 iterations (0.17s)[0m
    Fallback: attempting orphaned pad 1 directly from connected copper
    [10/16] (11 failed) Routing MST edge: pad 9 -> pad 1 (length=2.51mm) target=(100.68, 79.43)
      backward stuck (1 < 5000), forward=5000
        backward cell (2014, 1589, layer=0): ok, 8/8 neighbors blocked (margin=3)
          ALL neighbors blocked: (2013,1588), (2013,1589), (2013,1590), (2014,1588), (2014,1590), (2015,1588), (2015,1589), (2015,1590)
          Blocking obstacles: GND(3)
      backward stuck (1 < 5000), forward=5000
        backward cell (2014, 1589, layer=0): ok, 8/8 neighbors blocked (margin=1)
          ALL neighbors blocked: (2013,1588), (2013,1589), (2013,1590), (2014,1588), (2014,1590), (2015,1588), (2015,1589), (2015,1590)
          Blocking obstacles: GND(3)
      backward stuck (1 < 5000), forward=5000
        backward cell (2014, 1589, layer=0): ok, 8/8 neighbors blocked
          ALL neighbors blocked: (2013,1588), (2013,1589), (2013,1590), (2014,1588), (2014,1590), (2015,1588), (2015,1589), (2015,1590)
          Blocking obstacles: GND(2)
      [93mFailed to route MST edge after 15003 iterations (0.15s)[0m
    Fallback: attempting orphaned pad 18 directly from connected copper
    [11/16] (12 failed) Routing MST edge: pad 10 -> pad 18 (length=2.98mm) target=(98.68, 82.93)
      backward stuck (1 < 5000), forward=5000
        backward cell (1974, 1659, layer=0): ok, 8/8 neighbors blocked (margin=3)
          ALL neighbors blocked: (1973,1658), (1973,1659), (1973,1660), (1974,1658), (1974,1660), (1975,1658), (1975,1659), (1975,1660)
          Blocking obstacles: /eth/EXRES(3)
      backward stuck (1 < 5000), forward=5000
        backward cell (1974, 1659, layer=0): ok, 8/8 neighbors blocked (margin=1)
          ALL neighbors blocked: (1973,1658), (1973,1659), (1973,1660), (1974,1658), (1974,1660), (1975,1658), (1975,1659), (1975,1660)
          Blocking obstacles: /eth/EXRES(2)
      backward stuck (1 < 5000), forward=5000
        backward cell (1974, 1659, layer=0): ok, 8/8 neighbors blocked
          ALL neighbors blocked: (1973,1658), (1973,1659), (1973,1660), (1974,1658), (1974,1660), (1975,1658), (1975,1659), (1975,1660)
      [93mFailed to route MST edge after 15003 iterations (0.16s)[0m
    Fallback: attempting orphaned pad 17 directly from connected copper
    [11/16] (12 failed) Routing MST edge: pad 0 -> pad 17 (length=3.92mm) target=(97.18, 82.93)
      backward stuck (1 < 5000), forward=5000
        backward cell (1944, 1659, layer=0): ok, 8/8 neighbors blocked (margin=3)
          ALL neighbors blocked: (1943,1658), (1943,1659), (1943,1660), (1944,1658), (1944,1660), (1945,1658), (1945,1659), (1945,1660)
          Blocking obstacles: GND(1)
      backward stuck (1 < 5000), forward=5000
        backward cell (1944, 1659, layer=0): ok, 8/8 neighbors blocked (margin=1)
          ALL neighbors blocked: (1943,1658), (1943,1659), (1943,1660), (1944,1658), (1944,1660), (1945,1658), (1945,1659), (1945,1660)
          Blocking obstacles: GND(1)
      backward stuck (1 < 5000), forward=5000
        backward cell (1944, 1659, layer=0): ok, 8/8 neighbors blocked
          ALL neighbors blocked: (1943,1658), (1943,1659), (1943,1660), (1944,1658), (1944,1660), (1945,1658), (1945,1659), (1945,1660)
      [93mFailed to route MST edge after 15003 iterations (0.16s)[0m
    Fallback: attempting orphaned pad 12 directly from connected copper
    [12/16] (13 failed) Routing MST edge: pad 32 -> pad 12 (length=43.99mm) target=(42.49, 74.52)
      Probe: forward=5000, backward=5000 iters, trying forward with full iterations...
      No route found after 200000 iterations (forward), trying backward...
      [93mWide route blocked - retrying at default track width (neck-down)[0m
      Probe: forward=5000, backward=5000 iters, trying forward with full iterations...
      No route found after 200000 iterations (forward), trying backward...
      [93mFailed to route MST edge after 820000 iterations (1.15s)[0m
  [93mWarning: 5 pad(s) not connected (5 MST edge(s) failed)[0m
  Phase 3 routing complete: 0 edges, 0 total segments, 0 total vias
  [91mNOT CONNECTED (so far): +3V3 - U10 pad 17 at (100.68, 79.43) - may still be recovered; final verdict in the end-of-run summary[0m
  [91mNOT CONNECTED (so far): +3V3 - J1 pad 4 at (42.49, 74.52) - may still be recovered; final verdict in the end-of-run summary[0m
  [91mNOT CONNECTED (so far): +3V3 - U10 pad 8 at (97.18, 82.93) - may still be recovered; final verdict in the end-of-run summary[0m
  [91mNOT CONNECTED (so far): +3V3 - U10 pad 11 at (98.68, 82.93) - may still be recovered; final verdict in the end-of-run summary[0m
  [91mNOT CONNECTED (so far): +3V3 - U10 pad 15 at (100.68, 80.43) - may still be recovered; final verdict in the end-of-run summary[0m
  Net total time: 9.84s, 2580243 iterations

/FAULT (net 10):
  Seeding tap sources from the base island's existing copper: 8 segment(s), 4 via(s)
  Multi-point net Phase 3: routing 2 remaining MST edges (longest first)
    [7/16] (8 failed) Routing MST edge: pad 1 -> pad 2 (length=91.96mm) target=(46.86, 96.33)
      backward stuck (1 < 5000), forward=5000
        backward cell (937, 1926, layer=0): ok, 8/8 neighbors blocked
          ALL neighbors blocked: (936,1925), (936,1926), (936,1927), (937,1925), (937,1927), (938,1925), (938,1926), (938,1927)
      [93mFailed to route MST edge after 5001 iterations (0.04s)[0m
    [8/16] (9 failed) Routing MST edge: pad 1 -> pad 3 (length=69.81mm) target=(104.55, 131.86)
      Probe: forward=5000, backward=5000 iters, trying forward with full iterations...
      No route found after 200000 iterations (forward), trying backward...
      [93mFailed to route MST edge after 410000 iterations (0.17s)[0m
    Fallback: attempting orphaned pad 3 directly from connected copper
    [9/16] (10 failed) Routing MST edge: pad 1 -> pad 3 (length=69.81mm) target=(104.55, 131.86)
      Probe: forward=5000, backward=5000 iters, trying forward with full iterations...
      No route found after 200000 iterations (forward), trying backward...
      [93mFailed to route MST edge after 410000 iterations (0.16s)[0m
    Fallback: attempting orphaned pad 2 directly from connected copper
    [9/16] (10 failed) Routing MST edge: pad 1 -> pad 2 (length=91.96mm) target=(46.86, 96.33)
      backward stuck (1 < 5000), forward=5000
        backward cell (937, 1926, layer=0): ok, 8/8 neighbors blocked
          ALL neighbors blocked: (936,1925), (936,1926), (936,1927), (937,1925), (937,1927), (938,1925), (938,1926), (938,1927)
      [93mFailed to route MST edge after 5001 iterations (0.04s)[0m
  [93mWarning: 2 pad(s) not connected (2 MST edge(s) failed)[0m
  Phase 3 routing complete: 0 edges, 0 total segments, 0 total vias
  [91mNOT CONNECTED (so far): /FAULT - U22 pad 15 at (46.86, 96.33) - may still be recovered; final verdict in the end-of-run summary[0m
  [91mNOT CONNECTED (so far): /FAULT - J4 pad 24 at (104.55, 131.86) - may still be recovered; final verdict in the end-of-run summary[0m
  Net total time: 0.50s, 1245003 iterations

+12V (net 2):
  Seeding tap sources from the base island's existing copper: 116 segment(s), 6 via(s)
  Multi-point net Phase 3: routing 1 remaining MST edges (longest first)
    [8/16] (10 failed) Routing MST edge: pad 0 -> pad 4 (length=10.90mm) target=(62.65, 113.00)
      backward stuck (1 < 5000), forward=5000
        backward cell (1253, 2260, layer=0): ok, 8/8 neighbors blocked (margin=9)
          ALL neighbors blocked: (1252,2259), (1252,2260), (1252,2261), (1253,2259), (1253,2261), (1254,2259), (1254,2260), (1254,2261)
          Blocking obstacles: /pwr/BST33(1), /pwr/FB33(1)
      backward stuck (1 < 5000), forward=5000
        backward cell (1253, 2260, layer=0): ok, 8/8 neighbors blocked (margin=4)
          ALL neighbors blocked: (1252,2259), (1252,2260), (1252,2261), (1253,2259), (1253,2261), (1254,2259), (1254,2260), (1254,2261)
      backward stuck (1 < 5000), forward=5000
        backward cell (1253, 2260, layer=0): ok, 8/8 neighbors blocked (margin=1)
          ALL neighbors blocked: (1252,2259), (1252,2260), (1252,2261), (1253,2259), (1253,2261), (1254,2259), (1254,2260), (1254,2261)
      backward stuck (1 < 5000), forward=5000
        backward cell (1253, 2260, layer=0): ok, 8/8 neighbors blocked
          ALL neighbors blocked: (1252,2259), (1252,2260), (1252,2261), (1253,2259), (1253,2261), (1254,2259), (1254,2260), (1254,2261)
      [93mFailed to route MST edge after 20004 iterations (0.23s)[0m
    Fallback: attempting orphaned pad 4 directly from connected copper
    [9/16] (11 failed) Routing MST edge: pad 0 -> pad 4 (length=10.90mm) target=(62.65, 113.00)
      backward stuck (1 < 5000), forward=5000
        backward cell (1253, 2260, layer=0): ok, 8/8 neighbors blocked (margin=9)
          ALL neighbors blocked: (1252,2259), (1252,2260), (1252,2261), (1253,2259), (1253,2261), (1254,2259), (1254,2260), (1254,2261)
          Blocking obstacles: /pwr/BST33(1), /pwr/FB33(1)
      backward stuck (1 < 5000), forward=5000
        backward cell (1253, 2260, layer=0): ok, 8/8 neighbors blocked (margin=4)
          ALL neighbors blocked: (1252,2259), (1252,2260), (1252,2261), (1253,2259), (1253,2261), (1254,2259), (1254,2260), (1254,2261)
      backward stuck (1 < 5000), forward=5000
        backward cell (1253, 2260, layer=0): ok, 8/8 neighbors blocked (margin=1)
          ALL neighbors blocked: (1252,2259), (1252,2260), (1252,2261), (1253,2259), (1253,2261), (1254,2259), (1254,2260), (1254,2261)
      backward stuck (1 < 5000), forward=5000
        backward cell (1253, 2260, layer=0): ok, 8/8 neighbors blocked
          ALL neighbors blocked: (1252,2259), (1252,2260), (1252,2261), (1253,2259), (1253,2261), (1254,2259), (1254,2260), (1254,2261)
      [93mFailed to route MST edge after 20004 iterations (0.23s)[0m
  [93mWarning: 1 pad(s) not connected (1 MST edge(s) failed)[0m
  Phase 3 routing complete: 0 edges, 0 total segments, 0 total vias
  [91mNOT CONNECTED (so far): +12V - U21 pad 5 at (62.65, 113.00) - may still be recovered; final verdict in the end-of-run summary[0m
  Net total time: 0.56s, 60012 iterations

V48_RAW (net 8):
  Multi-point net Phase 3: routing 2 remaining MST edges (longest first)
    [8/16] (11 failed) Routing MST edge: pad 4 -> pad 7 (length=5.11mm) target=(41.14, 96.33)
      backward stuck (1 < 5000), forward=5000
        backward cell (823, 1926, layer=0): ok, 8/8 neighbors blocked (margin=7)
          ALL neighbors blocked: (822,1925), (822,1926), (822,1927), (823,1925), (823,1927), (824,1925), (824,1926), (824,1927)
          Blocking obstacles: /pwr/UVLO(1)
      backward stuck (1 < 5000), forward=5000
        backward cell (823, 1926, layer=0): ok, 8/8 neighbors blocked (margin=2)
          ALL neighbors blocked: (822,1925), (822,1926), (822,1927), (823,1925), (823,1927), (824,1925), (824,1926), (824,1927)
      backward stuck (1 < 5000), forward=5000
        backward cell (823, 1926, layer=0): ok, 8/8 neighbors blocked
          ALL neighbors blocked: (822,1925), (822,1926), (822,1927), (823,1925), (823,1927), (824,1925), (824,1926), (824,1927)
      [93mFailed to route MST edge after 15003 iterations (0.30s)[0m
    Fallback: attempting orphaned pad 7 directly from connected copper
    [9/16] (12 failed) Routing MST edge: pad 4 -> pad 7 (length=5.11mm) target=(41.14, 96.33)
      backward stuck (1 < 5000), forward=5000
        backward cell (823, 1926, layer=0): ok, 8/8 neighbors blocked (margin=7)
          ALL neighbors blocked: (822,1925), (822,1926), (822,1927), (823,1925), (823,1927), (824,1925), (824,1926), (824,1927)
          Blocking obstacles: /pwr/UVLO(1)
      backward stuck (1 < 5000), forward=5000
        backward cell (823, 1926, layer=0): ok, 8/8 neighbors blocked (margin=2)
          ALL neighbors blocked: (822,1925), (822,1926), (822,1927), (823,1925), (823,1927), (824,1925), (824,1926), (824,1927)
      backward stuck (1 < 5000), forward=5000
        backward cell (823, 1926, layer=0): ok, 8/8 neighbors blocked
          ALL neighbors blocked: (822,1925), (822,1926), (822,1927), (823,1925), (823,1927), (824,1925), (824,1926), (824,1927)
      [93mFailed to route MST edge after 15003 iterations (0.19s)[0m
    Fallback: attempting orphaned pad 6 directly from connected copper
    [9/16] (12 failed) Routing MST edge: pad 4 -> pad 6 (length=6.41mm) target=(41.14, 94.38)
      backward stuck (1 < 5000), forward=5000
        backward cell (823, 1888, layer=0): ok, 8/8 neighbors blocked (margin=7)
          ALL neighbors blocked: (822,1887), (822,1888), (822,1889), (823,1887), (823,1889), (824,1887), (824,1888), (824,1889)
      backward stuck (1 < 5000), forward=5000
        backward cell (823, 1888, layer=0): ok, 8/8 neighbors blocked (margin=2)
          ALL neighbors blocked: (822,1887), (822,1888), (822,1889), (823,1887), (823,1889), (824,1887), (824,1888), (824,1889)
      backward stuck (1 < 5000), forward=5000
        backward cell (823, 1888, layer=0): ok, 8/8 neighbors blocked
          ALL neighbors blocked: (822,1887), (822,1888), (822,1889), (823,1887), (823,1889), (824,1887), (824,1888), (824,1889)
      [93mFailed to route MST edge after 15003 iterations (0.27s)[0m
  [93mWarning: 2 pad(s) not connected (2 MST edge(s) failed)[0m
  Phase 3 routing complete: 0 edges, 1 total segments, 0 total vias
  Stub layer switch: V48_RAW stub at (41.15,93.50) F.Cu -> B.Cu
  Multi-point net Phase 3: routing 2 remaining MST edges (longest first)
    [10/16] (13 failed) Routing MST edge: pad 4 -> pad 7 (length=5.11mm) target=(41.14, 96.33)
      backward stuck (1 < 5000), forward=5000
        backward cell (823, 1926, layer=0): ok, 8/8 neighbors blocked (margin=7)
          ALL neighbors blocked: (822,1925), (822,1926), (822,1927), (823,1925), (823,1927), (824,1925), (824,1926), (824,1927)
          Blocking obstacles: /pwr/UVLO(1)
      backward stuck (1 < 5000), forward=5000
        backward cell (823, 1926, layer=0): ok, 8/8 neighbors blocked (margin=2)
          ALL neighbors blocked: (822,1925), (822,1926), (822,1927), (823,1925), (823,1927), (824,1925), (824,1926), (824,1927)
      backward stuck (1 < 5000), forward=5000
        backward cell (823, 1926, layer=0): ok, 8/8 neighbors blocked
          ALL neighbors blocked: (822,1925), (822,1926), (822,1927), (823,1925), (823,1927), (824,1925), (824,1926), (824,1927)
      [93mFailed to route MST edge after 15003 iterations (0.17s)[0m
    Fallback: attempting orphaned pad 7 directly from connected copper
    [11/16] (14 failed) Routing MST edge: pad 4 -> pad 7 (length=5.11mm) target=(41.14, 96.33)
      backward stuck (1 < 5000), forward=5000
        backward cell (823, 1926, layer=0): ok, 8/8 neighbors blocked (margin=7)
          ALL neighbors blocked: (822,1925), (822,1926), (822,1927), (823,1925), (823,1927), (824,1925), (824,1926), (824,1927)
          Blocking obstacles: /pwr/UVLO(1)
      backward stuck (1 < 5000), forward=5000
        backward cell (823, 1926, layer=0): ok, 8/8 neighbors blocked (margin=2)
          ALL neighbors blocked: (822,1925), (822,1926), (822,1927), (823,1925), (823,1927), (824,1925), (824,1926), (824,1927)
      backward stuck (1 < 5000), forward=5000
        backward cell (823, 1926, layer=0): ok, 8/8 neighbors blocked
          ALL neighbors blocked: (822,1925), (822,1926), (822,1927), (823,1925), (823,1927), (824,1925), (824,1926), (824,1927)
      [93mFailed to route MST edge after 15003 iterations (0.18s)[0m
    Fallback: attempting orphaned pad 6 directly from connected copper
    [11/16] (14 failed) Routing MST edge: pad 4 -> pad 6 (length=6.41mm) target=(41.14, 94.38)
      backward stuck (1 < 5000), forward=5000
        backward cell (823, 1888, layer=0): ok, 8/8 neighbors blocked (margin=7)
          ALL neighbors blocked: (822,1887), (822,1888), (822,1889), (823,1887), (823,1889), (824,1887), (824,1888), (824,1889)
      backward stuck (1 < 5000), forward=5000
        backward cell (823, 1888, layer=0): ok, 8/8 neighbors blocked (margin=2)
          ALL neighbors blocked: (822,1887), (822,1888), (822,1889), (823,1887), (823,1889), (824,1887), (824,1888), (824,1889)
      backward stuck (1 < 5000), forward=5000
        backward cell (823, 1888, layer=0): ok, 8/8 neighbors blocked
          ALL neighbors blocked: (822,1887), (822,1888), (822,1889), (823,1887), (823,1889), (824,1887), (824,1888), (824,1889)
      [93mFailed to route MST edge after 15003 iterations (0.17s)[0m
  [93mWarning: 2 pad(s) not connected (2 MST edge(s) failed)[0m
  Phase 3 routing complete: 0 edges, 1 total segments, 0 total vias
  [91mNOT CONNECTED (so far): V48_RAW - U22 pad 3 at (41.14, 94.38) - may still be recovered; final verdict in the end-of-run summary[0m
  [91mNOT CONNECTED (so far): V48_RAW - U22 pad 6 at (41.14, 96.33) - may still be recovered; final verdict in the end-of-run summary[0m
  Net total time: 1.35s, 47078 iterations

/ENABLE (net 42):
  Seeding tap sources from the base island's existing copper: 13 segment(s), 3 via(s)
  Multi-point net Phase 3: routing 2 remaining MST edges (longest first)
    [10/16] (13 failed) Routing MST edge: pad 0 -> pad 1 (length=89.55mm) target=(43.25, 102.00)
      backward stuck (1 < 5000), forward=5000
        backward cell (865, 2040, layer=0): ok, 8/8 neighbors blocked
          ALL neighbors blocked: (864,2039), (864,2040), (864,2041), (865,2039), (865,2041), (866,2039), (866,2040), (866,2041)
      [93mFailed to route MST edge after 5001 iterations (0.05s)[0m
    Fallback: attempting orphaned pad 1 directly from connected copper
    [11/16] (14 failed) Routing MST edge: pad 0 -> pad 1 (length=89.55mm) target=(43.25, 102.00)
      backward stuck (1 < 5000), forward=5000
        backward cell (865, 2040, layer=0): ok, 8/8 neighbors blocked
          ALL neighbors blocked: (864,2039), (864,2040), (864,2041), (865,2039), (865,2041), (866,2039), (866,2040), (866,2041)
      [93mFailed to route MST edge after 5001 iterations (0.05s)[0m
    Fallback: attempting orphaned pad 2 directly from connected copper
    [11/16] (14 failed) Routing MST edge: pad 0 -> pad 2 (length=90.31mm) target=(46.86, 97.62)
      backward stuck (1 < 5000), forward=5000
        backward cell (937, 1952, layer=0): ok, 8/8 neighbors blocked
          ALL neighbors blocked: (936,1951), (936,1952), (936,1953), (937,1951), (937,1953), (938,1951), (938,1952), (938,1953)
      [93mFailed to route MST edge after 5001 iterations (0.05s)[0m
  [93mWarning: 2 pad(s) not connected (2 MST edge(s) failed)[0m
  Phase 3 routing complete: 0 edges, 0 total segments, 0 total vias
  [91mNOT CONNECTED (so far): /ENABLE - R69 pad 1 at (43.25, 102.00) - may still be recovered; final verdict in the end-of-run summary[0m
  [91mNOT CONNECTED (so far): /ENABLE - U22 pad 13 at (46.86, 97.62) - may still be recovered; final verdict in the end-of-run summary[0m
  Net total time: 0.28s, 20006 iterations

+48V_SW (net 3):
  Seeding tap sources from the base island's existing copper: 85 segment(s), 0 via(s)
  Multi-point net Phase 3: routing 1 remaining MST edges (longest first)
    [11/16] (15 failed) Routing MST edge: pad 0 -> pad 3 (length=46.85mm) target=(46.86, 94.38)
      backward stuck (1 < 5000), forward=5000
        backward cell (937, 1888, layer=0): ok, 8/8 neighbors blocked (margin=3)
          ALL neighbors blocked: (936,1887), (936,1888), (936,1889), (937,1887), (937,1889), (938,1887), (938,1888), (938,1889)
      backward stuck (1 < 5000), forward=5000
        backward cell (937, 1888, layer=0): ok, 8/8 neighbors blocked (margin=1)
          ALL neighbors blocked: (936,1887), (936,1888), (936,1889), (937,1887), (937,1889), (938,1887), (938,1888), (938,1889)
      backward stuck (1 < 5000), forward=5000
        backward cell (937, 1888, layer=0): ok, 8/8 neighbors blocked
          ALL neighbors blocked: (936,1887), (936,1888), (936,1889), (937,1887), (937,1889), (938,1887), (938,1888), (938,1889)
      [93mFailed to route MST edge after 15003 iterations (0.15s)[0m
    Fallback: attempting orphaned pad 3 directly from connected copper
    [12/16] (16 failed) Routing MST edge: pad 0 -> pad 3 (length=46.85mm) target=(46.86, 94.38)
      backward stuck (1 < 5000), forward=5000
        backward cell (937, 1888, layer=0): ok, 8/8 neighbors blocked (margin=3)
          ALL neighbors blocked: (936,1887), (936,1888), (936,1889), (937,1887), (937,1889), (938,1887), (938,1888), (938,1889)
      backward stuck (1 < 5000), forward=5000
        backward cell (937, 1888, layer=0): ok, 8/8 neighbors blocked (margin=1)
          ALL neighbors blocked: (936,1887), (936,1888), (936,1889), (937,1887), (937,1889), (938,1887), (938,1888), (938,1889)
      backward stuck (1 < 5000), forward=5000
        backward cell (937, 1888, layer=0): ok, 8/8 neighbors blocked
          ALL neighbors blocked: (936,1887), (936,1888), (936,1889), (937,1887), (937,1889), (938,1887), (938,1888), (938,1889)
      [93mFailed to route MST edge after 15003 iterations (0.16s)[0m
  [93mWarning: 1 pad(s) not connected (1 MST edge(s) failed)[0m
  Phase 3 routing complete: 0 edges, 0 total segments, 0 total vias
  [91mNOT CONNECTED (so far): +48V_SW - U22 pad 18 at (46.86, 94.38) - may still be recovered; final verdict in the end-of-run summary[0m
  Net total time: 0.39s, 45009 iterations

Per-net fine-parameter rescue (#331/#371): 28 candidate net(s)
  Rescuing +12V (partial, 2 disconnected parts)
Route found in 3268 iterations, path length: 43
    [91mrescue failed[0m (1.5s)
  Rescuing +3V3 (partial, 6 disconnected parts)
Route found in 1159 iterations, path length: 17
Route found in 1625 iterations, path length: 27
Route found in 5148 iterations, path length: 131
Probe: forward=5000, backward=5000 iters, trying forward with full iterations...
Route found in 44377 iterations, path length: 81
    [93mgap 41.5mm exceeds rescue limit 40mm - skipped[0m
    [91mrescue failed[0m (6.2s)
  Rescuing +48V_SW (partial, 2 disconnected parts)
Probe: forward=5000, backward=5000 iters, trying forward with full iterations...
No route found after 86444 iterations (forward), trying backward...
[93mWide power route blocked - routed short edge at 0.2500mm (down from 0.5000)[0m
Route found in 112117 iterations, path length: 121
    [91mrescue failed[0m (2.0s)
  Rescuing /ENABLE (partial, 3 disconnected parts)
    [93mgap 57.0mm exceeds rescue limit 40mm - skipped[0m
    [91mrescue failed[0m (0.0s)
  Rescuing /ETH_INTn (failed, 2 disconnected parts)
Probe: forward=5000, backward=5000 iters, trying forward with full iterations...
No route found after 1000000 iterations (forward), trying backward...
No route found after 2010000 iterations (both directions)
Probe: forward=5000, backward=5000 iters, trying forward with full iterations...
No route found after 1000000 iterations (forward), trying backward...
No route found after 2010000 iterations (both directions)
Probe: forward=5000, backward=5000 iters, trying forward with full iterations...
No route found after 1000000 iterations (forward), trying backward...
No route found after 2010000 iterations (both directions)
    [91mrescue failed[0m (23.8s)
  Rescuing /ETH_LED_ACT (failed, 2 disconnected parts)
    [93mgap 65.0mm exceeds rescue limit 40mm - skipped[0m
    [91mrescue failed[0m (0.0s)
  Rescuing /ETH_LED_LINK (failed, 2 disconnected parts)
    [93mgap 55.5mm exceeds rescue limit 40mm - skipped[0m
    [91mrescue failed[0m (0.0s)
  Rescuing /ETH_MISO (failed, 2 disconnected parts)
Probe: forward=5000, backward=5000 iters, trying forward with full iterations...
No route found after 1000000 iterations (forward), trying backward...
No route found after 2010000 iterations (both directions)
Probe: forward=5000, backward=5000 iters, trying forward with full iterations...
No route found after 1000000 iterations (forward), trying backward...
No route found after 2010000 iterations (both directions)
Probe: forward=5000, backward=5000 iters, trying forward with full iterations...
No route found after 1000000 iterations (forward), trying backward...
No route found after 2010000 iterations (both directions)
    [91mrescue failed[0m (22.3s)
  Rescuing /ETH_MOSI (failed, 2 disconnected parts)
Probe: forward=5000, backward=5000 iters, trying forward with full iterations...
No route found after 1000000 iterations (forward), trying backward...
No route found after 2010000 iterations (both directions)
Probe: forward=5000, backward=5000 iters, trying forward with full iterations...
No route found after 1000000 iterations (forward), trying backward...
No route found after 2010000 iterations (both directions)
Probe: forward=5000, backward=5000 iters, trying forward with full iterations...
No route found after 1000000 iterations (forward), trying backward...
No route found after 2010000 iterations (both directions)
    [91mrescue failed[0m (23.5s)
  Rescuing /ETH_RSTn (failed, 2 disconnected parts)
Probe: forward=5000, backward=5000 iters, trying forward with full iterations...
No route found after 1000000 iterations (forward), trying backward...
No route found after 2010000 iterations (both directions)
Probe: forward=5000, backward=5000 iters, trying forward with full iterations...
No route found after 1000000 iterations (forward), trying backward...
No route found after 2010000 iterations (both directions)
Probe: forward=5000, backward=5000 iters, trying forward with full iterations...
No route found after 1000000 iterations (forward), trying backward...
No route found after 2010000 iterations (both directions)
    [91mrescue failed[0m (23.2s)
  Rescuing /ETH_SCLK (failed, 2 disconnected parts)
Probe: forward=5000, backward=5000 iters, trying forward with full iterations...
No route found after 1000000 iterations (forward), trying backward...
No route found after 2010000 iterations (both directions)
Probe: forward=5000, backward=5000 iters, trying forward with full iterations...
No route found after 1000000 iterations (forward), trying backward...
No route found after 2010000 iterations (both directions)
Probe: forward=5000, backward=5000 iters, trying forward with full iterations...
No route found after 1000000 iterations (forward), trying backward...
No route found after 2010000 iterations (both directions)
    [91mrescue failed[0m (25.7s)
  Rescuing /FAULT (partial, 3 disconnected parts)
    [93mgap 59.7mm exceeds rescue limit 40mm - skipped[0m
    [91mrescue failed[0m (0.0s)
  Rescuing /PWM0 (failed, 2 disconnected parts)
    [93mgap 55.7mm exceeds rescue limit 40mm - skipped[0m
    [91mrescue failed[0m (0.0s)
  Rescuing /PWM1 (failed, 2 disconnected parts)
    [93mgap 52.9mm exceeds rescue limit 40mm - skipped[0m
    [91mrescue failed[0m (0.0s)
  Rescuing /PWM2 (failed, 2 disconnected parts)
    [93mgap 51.8mm exceeds rescue limit 40mm - skipped[0m
    [91mrescue failed[0m (0.0s)
  Rescuing /PWM3 (failed, 2 disconnected parts)
    [93mgap 49.0mm exceeds rescue limit 40mm - skipped[0m
    [91mrescue failed[0m (0.0s)
  Rescuing /PWM4 (failed, 2 disconnected parts)
    [93mgap 49.7mm exceeds rescue limit 40mm - skipped[0m
    [91mrescue failed[0m (0.0s)
  Rescuing /PWM5 (failed, 2 disconnected parts)
    [93mgap 46.9mm exceeds rescue limit 40mm - skipped[0m
    [91mrescue failed[0m (0.0s)
  Rescuing /mcu/BOOT (failed, 2 disconnected parts)
Probe: forward=5000, backward=5000 iters, trying forward with full iterations...
No route found after 1000000 iterations (forward), trying backward...
No route found after 2010000 iterations (both directions)
Probe: forward=5000, backward=5000 iters, trying forward with full iterations...
No route found after 1000000 iterations (forward), trying backward...
No route found after 2010000 iterations (both directions)
Probe: forward=5000, backward=5000 iters, trying forward with full iterations...
No route found after 1000000 iterations (forward), trying backward...
No route found after 2010000 iterations (both directions)
    [91mrescue failed[0m (33.2s)
  Rescuing /mcu/ENABLE_M (failed, 2 disconnected parts)
    [93mgap 45.4mm exceeds rescue limit 40mm - skipped[0m
    [91mrescue failed[0m (0.0s)
  Rescuing /mcu/FAULT_M (failed, 2 disconnected parts)
Probe: forward=5000, backward=5000 iters, trying forward with full iterations...
No route found after 1000000 iterations (forward), trying backward...
No route found after 2010000 iterations (both directions)
Probe: forward=5000, backward=5000 iters, trying forward with full iterations...
No route found after 1000000 iterations (forward), trying backward...
No route found after 2010000 iterations (both directions)
Probe: forward=5000, backward=5000 iters, trying forward with full iterations...
No route found after 1000000 iterations (forward), trying backward...
No route found after 2010000 iterations (both directions)
    [91mrescue failed[0m (35.3s)
  Rescuing /mcu/RXD0 (failed, 2 disconnected parts)
    [93mgap 47.6mm exceeds rescue limit 40mm - skipped[0m
    [91mrescue failed[0m (0.0s)
  Rescuing /mcu/STATUS (failed, 2 disconnected parts)
Probe: forward=5000, backward=5000 iters, trying forward with full iterations...
No route found after 1000000 iterations (forward), trying backward...
No route found after 2010000 iterations (both directions)
Probe: forward=5000, backward=5000 iters, trying forward with full iterations...
No route found after 1000000 iterations (forward), trying backward...
No route found after 2010000 iterations (both directions)
Probe: forward=5000, backward=5000 iters, trying forward with full iterations...
No route found after 1000000 iterations (forward), trying backward...
No route found after 2010000 iterations (both directions)
    [91mrescue failed[0m (39.5s)
  Rescuing /mcu/TXD0 (failed, 2 disconnected parts)
    [93mgap 48.2mm exceeds rescue limit 40mm - skipped[0m
    [91mrescue failed[0m (0.0s)
  Rescuing /poe/LED_Y_A (failed, 2 disconnected parts)
    [93mgap 58.0mm exceeds rescue limit 40mm - skipped[0m
    [91mrescue failed[0m (0.0s)
  Rescuing /pwr/UVLO (failed, 2 disconnected parts)
backward stuck (1 < 5000), forward=5000
  backward cell (1646, 3879, layer=0): ok, 8/8 neighbors blocked
    ALL neighbors blocked: (1645,3878), (1645,3879), (1645,3880), (1646,3878), (1646,3880), (1647,3878), (1647,3879), (1647,3880)
No route found after 5001 iterations (both directions)
backward stuck (1 < 5000), forward=5000
  backward cell (1646, 3879, layer=0): ok, 8/8 neighbors blocked
    ALL neighbors blocked: (1645,3878), (1645,3879), (1645,3880), (1646,3878), (1646,3880), (1647,3878), (1647,3879), (1647,3880)
No route found after 5001 iterations (both directions)
backward stuck (1 < 5000), forward=5000
  backward cell (1646, 3879, layer=0): ok, 8/8 neighbors blocked
    ALL neighbors blocked: (1645,3878), (1645,3879), (1645,3880), (1646,3878), (1646,3880), (1647,3878), (1647,3879), (1647,3880)
No route found after 5001 iterations (both directions)
    [91mrescue failed[0m (4.1s)
  Rescuing GND (partial, 4 disconnected parts)
Route found in 2 iterations, path length: 2
Route found in 2629 iterations, path length: 136
Route found in 27 iterations, path length: 27
    [91mrescue failed[0m (4.2s)
  Rescuing V48_RAW (partial, 3 disconnected parts)
Route found in 2239 iterations, path length: 17
Probe: forward=5000, backward=5000 iters, trying forward with full iterations...
Route found in 16598 iterations, path length: 51
    [91mrescue failed[0m (3.3s)
Rescue pass: 0 recovered, 0 improved, 28 unchanged (247.8s)
Width neck: narrowed 1 wide segment(s) grazing a foreign pad
Stripped 1 stale input segment(s) of ripped/re-routed nets not on the final board (#220)

============================================================
Routing complete
============================================================
  [91mSingle-ended:  0/28 routed (21 FAILED)[0m
  [91mMulti-point:   188/206 pads connected (18 FAILED)[0m
  Total vias:    0
  Total time:    10.89s
  Iterations:    4,665,080

[91mFailed single-ended nets:[0m
  [91m/pwr/UVLO[0m
  [91m/ETH_MISO[0m
  [91m/ETH_INTn[0m
  [91m/ETH_RSTn[0m
  [91m/mcu/STATUS[0m
  [91m/mcu/FAULT_M[0m
  [91m/PWM5[0m
  [91m/PWM4[0m
  [91m/poe/LED_Y_A[0m
  [91m/PWM3[0m
  [91m/PWM2[0m
  [91m/ETH_LED_LINK[0m
  [91m/ETH_LED_ACT[0m
  [91m/ETH_MOSI[0m
  [91m/ETH_SCLK[0m
  [91m/mcu/BOOT[0m
  [91m/PWM1[0m
  [91m/PWM0[0m
  [91m/mcu/RXD0[0m
  [91m/mcu/TXD0[0m
  [91m/mcu/ENABLE_M[0m

[91mFailed multi-point connections:[0m
  [91m/FAULT: U22 pad ? at (46.86, 96.33) not connected[0m
  [91m/FAULT: J4 pad ? at (104.55, 131.86) not connected[0m
  [91m+12V: U21 pad ? at (62.65, 113.00) not connected[0m
  [91mV48_RAW: U22 pad ? at (41.14, 94.38) not connected[0m
  [91mV48_RAW: U22 pad ? at (41.14, 96.33) not connected[0m
  [91m+48V_SW: U22 pad ? at (46.86, 94.38) not connected[0m
  [91m/ENABLE: R69 pad ? at (43.25, 102.00) not connected[0m
  [91m/ENABLE: U22 pad ? at (46.86, 97.62) not connected[0m
  [91m+3V3: J1 pad ? at (42.49, 74.52) not connected[0m
  [91m+3V3: J1 pad ? at (41.22, 77.06) not connected[0m
  [91m+3V3: U10 pad ? at (97.18, 82.93) not connected[0m
  [91m+3V3: U10 pad ? at (98.68, 82.93) not connected[0m
  [91m+3V3: U10 pad ? at (100.68, 80.43) not connected[0m
  [91m+3V3: U10 pad ? at (100.68, 79.43) not connected[0m
  [91m+3V3: U10 pad ? at (100.68, 77.43) not connected[0m
  [91mGND: U10 pad ? at (97.68, 82.93) not connected[0m
  [91mGND: U10 pad ? at (100.68, 78.43) not connected[0m
  [91mGND: U10 pad ? at (100.68, 76.43) not connected[0m

============================================================
FAILED NET HISTORIES
============================================================

/pwr/UVLO:
  [0] Re-route FAILED: no rippable blockers found
  [0] preexisting_blockers
  [0] rescue_failed

/ETH_MISO:
  [0] blocked_by
  [0] Re-route FAILED: no rippable blockers found
  [0] preexisting_blockers
  [0] rescue_failed

/ETH_INTn:
  [0] blocked_by
  [0] Re-route FAILED: no rippable blockers found
  [0] preexisting_blockers
  [0] rescue_failed

/ETH_RSTn:
  [0] blocked_by
  [0] Re-route FAILED: no rippable blockers found
  [0] preexisting_blockers
  [0] rescue_failed

/mcu/STATUS:
  [0] blocked_by
  [0] Re-route FAILED: no rippable blockers found
  [0] rescue_failed

/mcu/FAULT_M:
  [0] blocked_by
  [0] Re-route FAILED: no rippable blockers found
  [0] preexisting_blockers
  [0] rescue_failed

/PWM5:
  [0] blocked_by
  [0] Re-route FAILED: no rippable blockers found
  [0] preexisting_blockers
  [0] rescue_failed

/PWM4:
  [0] blocked_by
  [0] Re-route FAILED: no rippable blockers found
  [0] preexisting_blockers
  [0] rescue_failed

/poe/LED_Y_A:
  [0] blocked_by
  [0] Re-route FAILED: no rippable blockers found
  [0] preexisting_blockers
  [0] rescue_failed

/PWM3:
  [0] blocked_by
  [0] Re-route FAILED: no rippable blockers found
  [0] preexisting_blockers
  [0] rescue_failed

/PWM2:
  [0] blocked_by
  [0] Re-route FAILED: no rippable blockers found
  [0] preexisting_blockers
  [0] rescue_failed

/ETH_LED_LINK:
  [0] blocked_by
  [0] Re-route FAILED: no rippable blockers found
  [0] rescue_failed

/ETH_LED_ACT:
  [0] blocked_by
  [0] Re-route FAILED: no rippable blockers found
  [0] rescue_failed

/ETH_MOSI:
  [0] blocked_by
  [0] Re-route FAILED: no rippable blockers found
  [0] preexisting_blockers
  [0] rescue_failed

/ETH_SCLK:
  [0] blocked_by
  [0] Re-route FAILED: no rippable blockers found
  [0] preexisting_blockers
  [0] rescue_failed

/mcu/BOOT:
  [0] blocked_by
  [0] Re-route FAILED: no rippable blockers found
  [0] preexisting_blockers
  [0] rescue_failed

/PWM1:
  [0] blocked_by
  [0] Re-route FAILED: no rippable blockers found
  [0] preexisting_blockers
  [0] rescue_failed

/PWM0:
  [0] blocked_by
  [0] Re-route FAILED: no rippable blockers found
  [0] preexisting_blockers
  [0] rescue_failed

/mcu/RXD0:
  [0] blocked_by
  [0] Re-route FAILED: no rippable blockers found
  [0] preexisting_blockers
  [0] rescue_failed

/mcu/TXD0:
  [0] blocked_by
  [0] Re-route FAILED: no rippable blockers found
  [0] preexisting_blockers
  [0] rescue_failed

/mcu/ENABLE_M:
  [0] blocked_by
  [0] Re-route FAILED: no rippable blockers found
  [0] preexisting_blockers
  [0] rescue_failed
JSON_SUMMARY: {"routed_single": [], "failed_single": ["/pwr/UVLO", "/ETH_MISO", "/ETH_INTn", "/ETH_RSTn", "/mcu/STATUS", "/mcu/FAULT_M", "/PWM5", "/PWM4", "/poe/LED_Y_A", "/PWM3", "/PWM2", "/ETH_LED_LINK", "/ETH_LED_ACT", "/ETH_MOSI", "/ETH_SCLK", "/mcu/BOOT", "/PWM1", "/PWM0", "/mcu/RXD0", "/mcu/TXD0", "/mcu/ENABLE_M"], "failed_multipoint": [{"net_name": "/FAULT", "failed_pads": [{"component_ref": "U22", "pad_number": "?", "x": 46.8625, "y": 96.325}, {"component_ref": "J4", "pad_number": "?", "x": 104.55, "y": 131.862}]}, {"net_name": "+12V", "failed_pads": [{"component_ref": "U21", "pad_number": "?", "x": 62.65, "y": 113.0}]}, {"net_name": "V48_RAW", "failed_pads": [{"component_ref": "U22", "pad_number": "?", "x": 41.1375, "y": 94.375}, {"component_ref": "U22", "pad_number": "?", "x": 41.1375, "y": 96.325}]}, {"net_name": "+48V_SW", "failed_pads": [{"component_ref": "U22", "pad_number": "?", "x": 46.8625, "y": 94.375}]}, {"net_name": "/ENABLE", "failed_pads": [{"component_ref": "R69", "pad_number": "?", "x": 43.25, "y": 102.0}, {"component_ref": "U22", "pad_number": "?", "x": 46.8625, "y": 97.625}]}, {"net_name": "+3V3", "failed_pads": [{"component_ref": "J1", "pad_number": "?", "x": 42.489999999999995, "y": 74.52300000000001}, {"component_ref": "J1", "pad_number": "?", "x": 41.22, "y": 77.063}, {"component_ref": "U10", "pad_number": "?", "x": 97.1758, "y": 82.9319}, {"component_ref": "U10", "pad_number": "?", "x": 98.6758, "y": 82.9319}, {"component_ref": "U10", "pad_number": "?", "x": 100.6758, "y": 80.4319}, {"component_ref": "U10", "pad_number": "?", "x": 100.6758, "y": 79.4319}, {"component_ref": "U10", "pad_number": "?", "x": 100.6758, "y": 77.4319}]}, {"net_name": "GND", "failed_pads": [{"component_ref": "U10", "pad_number": "?", "x": 97.6758, "y": 82.9319}, {"component_ref": "U10", "pad_number": "?", "x": 100.6758, "y": 78.4319}, {"component_ref": "U10", "pad_number": "?", "x": 100.6758, "y": 76.4319}]}], "multipoint_nets": 7, "multipoint_pads_connected": 188, "multipoint_pads_total": 206, "multipoint_edges_routed": 1, "multipoint_edges_failed": 16, "ripup_success_pairs": [], "rerouted_pairs": [], "single_ended_target_swaps": [], "layer_swaps": 0, "successful": 0, "failed": 28, "total_time": 10.89, "total_iterations": 4665080, "total_vias": 0, "cleanup_disconnected": [], "min_clearance_used": 0.2, "rescue": {"attempted": 28, "recovered": [], "improved": [], "unchanged": ["+12V", "+3V3", "+48V_SW", "/ENABLE", "/ETH_INTn", "/ETH_LED_ACT", "/ETH_LED_LINK", "/ETH_MISO", "/ETH_MOSI", "/ETH_RSTn", "/ETH_SCLK", "/FAULT", "/PWM0", "/PWM1", "/PWM2", "/PWM3", "/PWM4", "/PWM5", "/mcu/BOOT", "/mcu/ENABLE_M", "/mcu/FAULT_M", "/mcu/RXD0", "/mcu/STATUS", "/mcu/TXD0", "/poe/LED_Y_A", "/pwr/UVLO", "GND", "V48_RAW"], "pads_reconnected": 0, "time": 247.8}}

Writing output to C:\dev\ai-ee3\boards\lumina-carrier\work\p7\krtf1.kicad_pcb...
Removed 1 dead-end input segment(s) from the output
Successfully wrote C:\dev\ai-ee3\boards\lumina-carrier\work\p7\krtf1.kicad_pcb

Final reconciliation: retrying 28 incomplete net(s) against the finished board: /pwr/UVLO, /ETH_MISO, /ETH_INTn, /ETH_RSTn, /mcu/STATUS, /mcu/FAULT_M, /PWM5, /PWM4, /poe/LED_Y_A, /PWM3, /PWM2, /ETH_LED_LINK, /ETH_LED_ACT, /ETH_MOSI, /ETH_SCLK, /mcu/BOOT, /PWM1, /PWM0, /mcu/RXD0, /mcu/TXD0, /mcu/ENABLE_M, /FAULT, +12V, V48_RAW, +48V_SW, /ENABLE, +3V3, GND
  Reconciliation rip authority (#103): --rip-existing-nets over hinted blockers /mcu/BOOT, /ETH_RSTn, V48_RAW
Loading C:\dev\ai-ee3\boards\lumina-carrier\work\p7\krtf1.kicad_pcb...
Using 4 routing layers: ['F.Cu', 'In1.Cu', 'In2.Cu', 'B.Cu']
  Layer costs: F.Cu=1.0x, In1.Cu=-1.0x, In2.Cu=-1.0x, B.Cu=3.0x
No BGA components detected - no exclusion zones needed

Analyzing layer swaps for 1 multi-point net(s) spanning layers...

Using MPS ordering strategy...
MPS: Using segment intersection method (no nets on BGA chips)
MPS: 28 nets with 84 crossing conflicts detected
MPS Round 1: 12 units: /pwr/UVLO, /FAULT, +12V, V48_RAW, /ETH_MISO, /ETH_INTn, /ETH_RSTn, /mcu/STATUS, /mcu/FAULT_M, /PWM5, /PWM4, /poe/LED_Y_A
MPS Round 2: 6 units: +48V_SW, /PWM3, /PWM2, GND, /ETH_LED_LINK, /ETH_LED_ACT
MPS Round 3: 4 units: /ETH_MOSI, /ETH_SCLK, /mcu/BOOT, /ENABLE
MPS Round 4: 3 units: +3V3, /PWM1, /PWM0
MPS Round 5: 1 units: /mcu/RXD0
MPS Round 6: 1 units: /mcu/TXD0
MPS Round 7: 1 units: /mcu/ENABLE_M

Routing 28 single-ended net(s)...
============================================================
Building base obstacle map...
Base obstacle map built in 11.33s
Found 85 unrouted nets in PCB for stub proximity
Pre-computing net obstacle cache...
Net obstacle cache built in 1.37s (85 nets)

[1/28] Routing /pwr/UVLO (id=83)
----------------------------------------
backward stuck (1 < 5000), forward=5000
  backward cell (823, 1940, layer=0): ok, 8/8 neighbors blocked
    ALL neighbors blocked: (822,1939), (822,1940), (822,1941), (823,1939), (823,1941), (824,1939), (824,1940), (824,1941)
No route found after 5001 iterations (both directions)
  FAILED: Could not find route (0.21s)
  [91mROUTE FAILED - no rippable blockers found[0m
  Hint: search exhausted after only 5001 iterations with no rippable blockers - the start/target pads are boxed in by static obstacles (neighboring pads + clearance), not by congestion. For fine-pitch parts try a finer grid and/or smaller clearance/track, e.g. --grid-step 0.025 scoped to just the failing nets via --nets (board-global it is ~13M cells/layer and may exhaust memory) --clearance 0.15 --track-width 0.15 (current: grid 0.05, clearance 0.2, track 0.2 mm)
  Hint: the blocking copper belongs to pre-existing net(s) 'V48_RAW' '/pwr/OVP' (committed by an earlier run/step), which this run is not allowed to rip. Retry with --rip-existing-nets 'V48_RAW' '/pwr/OVP' to rip and re-route them in this run (issue #103) -- the decisive blocker may be any of them, so start with the full set (each ripped net is re-routed and the run reports honestly if one cannot be), then bisect if you want a minimal rip.

[2/28 (1 failed)] Routing /FAULT (id=10)
----------------------------------------
  Detected multi-point net with 4 pads (Phase 1: main route only)
  Existing copper joins 4 terminals into 3 group(s)
  Multi-point net Phase 1: routing longest MST edge (pads 1 and 2, length=91.96mm)
  backward stuck (1 < 5000), forward=5000
    backward cell (937, 1926, layer=0): ok, 8/8 neighbors blocked
      ALL neighbors blocked: (936,1925), (936,1926), (936,1927), (937,1925), (937,1927), (938,1925), (938,1926), (938,1927)
  Phase 1 edge (pads 1,2) failed after 5001 iterations - trying next MST edge
  Multi-point net Phase 1: retrying with next MST edge (2/2) (pads 1 and 3, length=69.81mm)
  Probe: forward=5000, backward=5000 iters, trying forward with full iterations...
  No route found after 200000 iterations (forward), trying backward...
  Phase 1 edge (pads 1,3) failed after 410000 iterations
  Stub layer switch: /FAULT stub at (115.75,73.25) F.Cu -> B.Cu
  Existing copper joins 4 terminals into 3 group(s)
  Multi-point net Phase 1: routing longest MST edge (pads 3 and 2, length=93.22mm)
  backward stuck (1 < 5000), forward=5000
    backward cell (937, 1926, layer=0): ok, 8/8 neighbors blocked
      ALL neighbors blocked: (936,1925), (936,1926), (936,1927), (937,1925), (937,1927), (938,1925), (938,1926), (938,1927)
  Phase 1 edge (pads 3,2) failed after 5001 iterations - trying next MST edge
  Multi-point net Phase 1: retrying with next MST edge (2/2) (pads 1 and 3, length=71.91mm)
  Probe: forward=5000, backward=5000 iters, trying forward with full iterations...
  No route found after 200000 iterations (forward), trying backward...
  Phase 1 edge (pads 1,3) failed after 410000 iterations
  Phase 1 exhausted from the pads; deferring 2 edge(s) to Phase 3's island-copper sources (base component: 2 terminal(s))
  Phase 1 exhausted from the pads; deferring 2 edge(s) to Phase 3's island-copper sources (base component: 2 terminal(s))
  SUCCESS: 0 segments, 0 vias, 415001 iterations, length=16.20mm (stubs=16.20mm) (0.55s)

[3/28 (1 failed)] Routing +12V (id=2)
----------------------------------------
  Detected multi-point net with 5 pads (Phase 1: main route only)
  Existing copper joins 5 terminals into 2 group(s)
  Multi-point net Phase 1: routing longest MST edge (pads 0 and 4, length=10.90mm)
  backward stuck (1 < 5000), forward=5000
    backward cell (1253, 2260, layer=0): ok, 8/8 neighbors blocked
      ALL neighbors blocked: (1252,2259), (1252,2260), (1252,2261), (1253,2259), (1253,2261), (1254,2259), (1254,2260), (1254,2261)
  Phase 1 edge (pads 0,4) failed after 5001 iterations
  Phase 1 exhausted from the pads; deferring 1 edge(s) to Phase 3's island-copper sources (base component: 4 terminal(s))
  SUCCESS: 0 segments, 0 vias, 5001 iterations, length=108.00mm (stubs=108.00mm) (0.21s)

[4/28 (1 failed)] Routing V48_RAW (id=8)
----------------------------------------
  Detected multi-point net with 8 pads (Phase 1: main route only)
  Existing copper joins 8 terminals into 4 group(s)
  Multi-point net Phase 1: routing longest MST edge (pads 2 and 4, length=11.55mm)
  Phase 1 routed in 3352 iterations, 1 segments
  SUCCESS: 1 segments, 0 vias, 3352 iterations, length=112.86mm (stubs=109.71mm) (0.08s)

[5/28 (1 failed)] Routing /ETH_MISO (id=53)
----------------------------------------
Both directions stuck (forward=1, backward=178 < 5000)
  forward cell (1894, 1489, layer=0): ok, 8/8 neighbors blocked
    ALL neighbors blocked: (1893,1488), (1893,1489), (1893,1490), (1894,1488), (1894,1490), (1895,1488), (1895,1489), (1895,1490)
    Blocking obstacles: /eth/SCLK_PHY(2)
  backward cell (1874, 1955, layer=0): ok, 0/8 neighbors blocked
No route found after 179 iterations (both directions)
  FAILED: Could not find route (0.28s)
  Forward direction failed fastest (1 iterations, 8 blocked cells)
  No previously-routed nets blocking (likely blocked by pads/stubs/zones)
  Via-in-pad decline blamed PRE-EXISTING net(s) '/eth/SCLK_PHY' - not rippable this run; retry with --rip-existing-nets to authorize
  [91mROUTE FAILED - no rippable blockers found[0m
  Hint: search exhausted after only 179 iterations with no rippable blockers - the start/target pads are boxed in by static obstacles (neighboring pads + clearance), not by congestion. For fine-pitch parts try a finer grid and/or smaller clearance/track, e.g. --grid-step 0.025 scoped to just the failing nets via --nets (board-global it is ~13M cells/layer and may exhaust memory) --clearance 0.15 --track-width 0.15 (current: grid 0.05, clearance 0.2, track 0.2 mm)
  Hint: the blocking copper belongs to pre-existing net(s) '/eth/SCLK_PHY' '/ETH_CSn' '/eth/MOSI_PHY' (committed by an earlier run/step), which this run is not allowed to rip. Retry with --rip-existing-nets '/eth/SCLK_PHY' '/ETH_CSn' '/eth/MOSI_PHY' to rip and re-route them in this run (issue #103) -- the decisive blocker may be any of them, so start with the full set (each ripped net is re-routed and the run reports honestly if one cannot be), then bisect if you want a minimal rip.

[6/28 (2 failed)] Routing /ETH_INTn (id=55)
----------------------------------------
Both directions stuck (forward=1, backward=160 < 5000)
  forward cell (1874, 1489, layer=0): ok, 8/8 neighbors blocked
    ALL neighbors blocked: (1873,1488), (1873,1489), (1873,1490), (1874,1488), (1874,1490), (1875,1488), (1875,1489), (1875,1490)
  backward cell (1874, 1981, layer=0): ok, 0/8 neighbors blocked
No route found after 161 iterations (both directions)
  FAILED: Could not find route (0.28s)
  Forward direction failed fastest (1 iterations, 8 blocked cells)
  No previously-routed nets blocking (likely blocked by pads/stubs/zones)
  Via-in-pad decline blamed PRE-EXISTING net(s) '/eth/MOSI_PHY' - not rippable this run; retry with --rip-existing-nets to authorize
  [91mROUTE FAILED - no rippable blockers found[0m
  Hint: search exhausted after only 161 iterations with no rippable blockers - the start/target pads are boxed in by static obstacles (neighboring pads + clearance), not by congestion. For fine-pitch parts try a finer grid and/or smaller clearance/track, e.g. --grid-step 0.025 scoped to just the failing nets via --nets (board-global it is ~13M cells/layer and may exhaust memory) --clearance 0.15 --track-width 0.15 (current: grid 0.05, clearance 0.2, track 0.2 mm)
  Hint: the blocking copper belongs to pre-existing net(s) '/eth/SCLK_PHY' '/eth/MOSI_PHY' (committed by an earlier run/step), which this run is not allowed to rip. Retry with --rip-existing-nets '/eth/SCLK_PHY' '/eth/MOSI_PHY' to rip and re-route them in this run (issue #103) -- the decisive blocker may be any of them, so start with the full set (each ripped net is re-routed and the run reports honestly if one cannot be), then bisect if you want a minimal rip.

[7/28 (3 failed)] Routing /ETH_RSTn (id=56)
----------------------------------------
backward stuck (153 < 5000), forward=5000
  backward cell (1874, 2006, layer=0): ok, 0/8 neighbors blocked
No route found after 5153 iterations (both directions)
  FAILED: Could not find route (0.13s)
  Backward direction failed fastest (153 iterations, 83 blocked cells)
  No previously-routed nets blocking (likely blocked by pads/stubs/zones)
  [91mROUTE FAILED - no rippable blockers found[0m
  Hint: search exhausted after only 5153 iterations with no rippable blockers - the start/target pads are boxed in by static obstacles (neighboring pads + clearance), not by congestion. For fine-pitch parts try a finer grid and/or smaller clearance/track, e.g. --grid-step 0.025 scoped to just the failing nets via --nets (board-global it is ~13M cells/layer and may exhaust memory) --clearance 0.15 --track-width 0.15 (current: grid 0.05, clearance 0.2, track 0.2 mm)
  Hint: the blocking copper belongs to pre-existing net(s) '/eth/XI' '/eth/MOSI_PHY' (committed by an earlier run/step), which this run is not allowed to rip. Retry with --rip-existing-nets '/eth/XI' '/eth/MOSI_PHY' to rip and re-route them in this run (issue #103) -- the decisive blocker may be any of them, so start with the full set (each ripped net is re-routed and the run reports honestly if one cannot be), then bisect if you want a minimal rip.

[8/28 (4 failed)] Routing /mcu/STATUS (id=73)
----------------------------------------
forward stuck (175 < 5000), backward=5000
  forward cell (1874, 2057, layer=0): ok, 0/8 neighbors blocked
No route found after 5175 iterations (both directions)
  FAILED: Could not find route (0.13s)
  Forward direction failed fastest (175 iterations, 92 blocked cells)
  No previously-routed nets blocking (likely blocked by pads/stubs/zones)
  [91mROUTE FAILED - no rippable blockers found[0m
  Hint: search exhausted after only 5175 iterations with no rippable blockers - the start/target pads are boxed in by static obstacles (neighboring pads + clearance), not by congestion. For fine-pitch parts try a finer grid and/or smaller clearance/track, e.g. --grid-step 0.025 scoped to just the failing nets via --nets (board-global it is ~13M cells/layer and may exhaust memory) --clearance 0.15 --track-width 0.15 (current: grid 0.05, clearance 0.2, track 0.2 mm)

[9/28 (5 failed)] Routing /mcu/FAULT_M (id=11)
----------------------------------------
Probe: forward=5000, backward=5000 iters, trying forward with full iterations...
No route found after 200000 iterations (forward), trying backward...
No route found after 410000 iterations (both directions)
  FAILED: Could not find route (0.25s)
  Forward direction failed fastest (205000 iterations, 7927 blocked cells)
  No previously-routed nets blocking
  Static blockers: pre-existing tracks: /FAULT, /mcu/EN, /poe/LED_G_A (+1 more)
  [91mROUTE FAILED - no rippable blockers found[0m
  Hint: the blocking copper belongs to pre-existing net(s) '/mcu/BOOT' '/I2C_SDA' (committed by an earlier run/step), which this run is not allowed to rip. Retry with --rip-existing-nets '/mcu/BOOT' '/I2C_SDA' to rip and re-route them in this run (issue #103) -- the decisive blocker may be any of them, so start with the full set (each ripped net is re-routed and the run reports honestly if one cannot be), then bisect if you want a minimal rip.

[10/28 (6 failed)] Routing /PWM5 (id=69)
----------------------------------------
Probe: forward=5000, backward=5000 iters, trying forward with full iterations...
No route found after 200000 iterations (forward), trying backward...
No route found after 410000 iterations (both directions)
  FAILED: Could not find route (0.20s)
  Forward direction failed fastest (205000 iterations, 4435 blocked cells)
  No previously-routed nets blocking
  Static blockers: pre-existing tracks: /ADC0, /I2C_SCL, /I2C_SDA (+1 more)
  [91mROUTE FAILED - no rippable blockers found[0m
  Hint: the blocking copper belongs to pre-existing net(s) '/I2C_SCL' (committed by an earlier run/step), which this run is not allowed to rip. Retry with --rip-existing-nets '/I2C_SCL' to rip and re-route them in this run (issue #103) -- the decisive blocker may be any of them, so start with the full set (each ripped net is re-routed and the run reports honestly if one cannot be), then bisect if you want a minimal rip.

[11/28 (7 failed)] Routing /PWM4 (id=68)
----------------------------------------
Probe: forward=5000, backward=5000 iters, trying forward with full iterations...
No route found after 200000 iterations (forward), trying backward...
No route found after 215737 iterations (both directions)
  FAILED: Could not find route (0.14s)
  Backward direction failed fastest (10737 iterations, 568 blocked cells)
  No previously-routed nets blocking (likely blocked by pads/stubs/zones)
  [91mROUTE FAILED - no rippable blockers found[0m
  Hint: the blocking copper belongs to pre-existing net(s) '/PWM6' (committed by an earlier run/step), which this run is not allowed to rip. Retry with --rip-existing-nets '/PWM6' to rip and re-route them in this run (issue #103) -- the decisive blocker may be any of them, so start with the full set (each ripped net is re-routed and the run reports honestly if one cannot be), then bisect if you want a minimal rip.

[12/28 (8 failed)] Routing /poe/LED_Y_A (id=38)
----------------------------------------
backward stuck (1 < 5000), forward=5000
  backward cell (1805, 1720, layer=0): ok, 8/8 neighbors blocked
    ALL neighbors blocked: (1804,1719), (1804,1720), (1804,1721), (1805,1719), (1805,1721), (1806,1719), (1806,1720), (1806,1721)
Probe: forward=5000, backward=5000 iters, trying forward with full iterations...
No route found after 5000 iterations (forward), trying backward...
No route found after 5001 iterations (both directions)
  FAILED: Could not find route (0.13s)
  Backward direction failed fastest (1 iterations, 8 blocked cells)
  No previously-routed nets blocking (likely blocked by pads/stubs/zones)
  [91mROUTE FAILED - no rippable blockers found[0m
  Hint: search exhausted after only 5001 iterations with no rippable blockers - the start/target pads are boxed in by static obstacles (neighboring pads + clearance), not by congestion. For fine-pitch parts try a finer grid and/or smaller clearance/track, e.g. --grid-step 0.025 scoped to just the failing nets via --nets (board-global it is ~13M cells/layer and may exhaust memory) --clearance 0.15 --track-width 0.15 (current: grid 0.05, clearance 0.2, track 0.2 mm)
  Hint: the blocking copper belongs to pre-existing net(s) '/ETH_CSn' (committed by an earlier run/step), which this run is not allowed to rip. Retry with --rip-existing-nets '/ETH_CSn' to rip and re-route them in this run (issue #103) -- the decisive blocker may be any of them, so start with the full set (each ripped net is re-routed and the run reports honestly if one cannot be), then bisect if you want a minimal rip.

[13/28 (9 failed)] Routing +48V_SW (id=3)
----------------------------------------
  Detected multi-point net with 4 pads (Phase 1: main route only)
  Existing copper joins 4 terminals into 2 group(s)
  Multi-point net Phase 1: routing longest MST edge (pads 0 and 3, length=46.85mm)
  backward stuck (1 < 5000), forward=5000
    backward cell (937, 1888, layer=0): ok, 8/8 neighbors blocked
      ALL neighbors blocked: (936,1887), (936,1888), (936,1889), (937,1887), (937,1889), (938,1887), (938,1888), (938,1889)
  Phase 1 edge (pads 0,3) failed after 5001 iterations
  Phase 1 exhausted from the pads; deferring 1 edge(s) to Phase 3's island-copper sources (base component: 3 terminal(s))
  SUCCESS: 0 segments, 0 vias, 5001 iterations, length=80.53mm (stubs=80.53mm) (0.22s)

[14/28 (9 failed)] Routing /PWM3 (id=67)
----------------------------------------
Probe: forward=5000, backward=5000 iters, trying forward with full iterations...
No route found after 200000 iterations (forward), trying backward...
No route found after 410000 iterations (both directions)
  FAILED: Could not find route (0.20s)
  Forward direction failed fastest (205000 iterations, 4379 blocked cells)
  No previously-routed nets blocking
  Static blockers: pre-existing tracks: /ADC0, /DSPI_SCK, /I2C_SCL (+2 more)
  [91mROUTE FAILED - no rippable blockers found[0m
  Hint: the blocking copper belongs to pre-existing net(s) '/I2C_SCL' (committed by an earlier run/step), which this run is not allowed to rip. Retry with --rip-existing-nets '/I2C_SCL' to rip and re-route them in this run (issue #103) -- the decisive blocker may be any of them, so start with the full set (each ripped net is re-routed and the run reports honestly if one cannot be), then bisect if you want a minimal rip.

[15/28 (10 failed)] Routing /PWM2 (id=66)
----------------------------------------
Probe: forward=5000, backward=5000 iters, trying forward with full iterations...
No route found after 200000 iterations (forward), trying backward...
No route found after 215750 iterations (both directions)
  FAILED: Could not find route (0.15s)
  Backward direction failed fastest (10750 iterations, 572 blocked cells)
  No previously-routed nets blocking (likely blocked by pads/stubs/zones)
  [91mROUTE FAILED - no rippable blockers found[0m
  Hint: the blocking copper belongs to pre-existing net(s) '/PWM6' (committed by an earlier run/step), which this run is not allowed to rip. Retry with --rip-existing-nets '/PWM6' to rip and re-route them in this run (issue #103) -- the decisive blocker may be any of them, so start with the full set (each ripped net is re-routed and the run reports honestly if one cannot be), then bisect if you want a minimal rip.

[16/28 (11 failed)] Routing GND (id=4)
----------------------------------------
  Detected multi-point net with 108 pads (Phase 1: main route only)
  Existing copper joins 108 terminals into 4 group(s)
  Multi-point net Phase 1: routing longest MST edge (pads 3 and 40, length=4.09mm)
  backward stuck (1 < 5000), forward=5000
    backward cell (2014, 1569, layer=0): ok, 8/8 neighbors blocked
      ALL neighbors blocked: (2013,1568), (2013,1569), (2013,1570), (2014,1568), (2014,1570), (2015,1568), (2015,1569), (2015,1570)
  Phase 1 edge (pads 3,40) failed after 5001 iterations - trying next MST edge
  Multi-point net Phase 1: retrying with next MST edge (2/3) (pads 10 and 39, length=3.98mm)
  backward stuck (1 < 5000), forward=5000
    backward cell (1954, 1659, layer=0): ok, 8/8 neighbors blocked
      ALL neighbors blocked: (1953,1658), (1953,1659), (1953,1660), (1954,1658), (1954,1660), (1955,1658), (1955,1659), (1955,1660)
      Blocking obstacles: /eth/EXRES(2)
  Phase 1 edge (pads 10,39) failed after 5001 iterations - trying next MST edge
  Multi-point net Phase 1: retrying with next MST edge (3/3) (pads 40 and 41, length=2.00mm)
  Both directions stuck (forward=1, backward=1 < 5000)
    forward cell (2014, 1569, layer=0): ok, 8/8 neighbors blocked
      ALL neighbors blocked: (2013,1568), (2013,1569), (2013,1570), (2014,1568), (2014,1570), (2015,1568), (2015,1569), (2015,1570)
    backward cell (2014, 1529, layer=0): ok, 8/8 neighbors blocked
      ALL neighbors blocked: (2013,1528), (2013,1529), (2013,1530), (2014,1528), (2014,1530), (2015,1528), (2015,1529), (2015,1530)
      Blocking obstacles: /eth/1V2O(2)
  Phase 1 edge (pads 40,41) failed after 2 iterations
  Stub layer switch: GND stub at (104.70,78.50) F.Cu -> B.Cu
  Stub layer switch: GND stub at (97.63,86.86) F.Cu -> B.Cu
  Existing copper joins 109 terminals into 4 group(s)
  Multi-point net Phase 1: routing longest MST edge (pads 11 and 40, length=3.98mm)
  backward stuck (1 < 5000), forward=5000
    backward cell (1954, 1659, layer=0): ok, 8/8 neighbors blocked
      ALL neighbors blocked: (1953,1658), (1953,1659), (1953,1660), (1954,1658), (1954,1660), (1955,1658), (1955,1659), (1955,1660)
      Blocking obstacles: /eth/EXRES(2)
  Phase 1 edge (pads 11,40) failed after 5001 iterations - trying next MST edge
  Multi-point net Phase 1: retrying with next MST edge (2/3) (pads 3 and 41, length=3.49mm)
  backward stuck (1 < 5000), forward=5000
    backward cell (2014, 1569, layer=0): ok, 8/8 neighbors blocked
      ALL neighbors blocked: (2013,1568), (2013,1569), (2013,1570), (2014,1568), (2014,1570), (2015,1568), (2015,1569), (2015,1570)
  Phase 1 edge (pads 3,41) failed after 5001 iterations - trying next MST edge
  Multi-point net Phase 1: retrying with next MST edge (3/3) (pads 41 and 42, length=2.00mm)
  Both directions stuck (forward=1, backward=1 < 5000)
    forward cell (2014, 1569, layer=0): ok, 8/8 neighbors blocked
      ALL neighbors blocked: (2013,1568), (2013,1569), (2013,1570), (2014,1568), (2014,1570), (2015,1568), (2015,1569), (2015,1570)
    backward cell (2014, 1529, layer=0): ok, 8/8 neighbors blocked
      ALL neighbors blocked: (2013,1528), (2013,1529), (2013,1530), (2014,1528), (2014,1530), (2015,1528), (2015,1529), (2015,1530)
      Blocking obstacles: /eth/1V2O(2)
  Phase 1 edge (pads 41,42) failed after 2 iterations
  Phase 1 exhausted from the pads; deferring 3 edge(s) to Phase 3's island-copper sources (base component: 106 terminal(s))
  Phase 1 exhausted from the pads; deferring 3 edge(s) to Phase 3's island-copper sources (base component: 105 terminal(s))
  SUCCESS: 0 segments, 0 vias, 10004 iterations, length=74.09mm (stubs=74.09mm) (0.88s)

[17/28 (11 failed)] Routing /ETH_LED_LINK (id=37)
----------------------------------------
backward stuck (1 < 5000), forward=5000
  backward cell (1984, 1489, layer=0): ok, 8/8 neighbors blocked
    ALL neighbors blocked: (1983,1488), (1983,1489), (1983,1490), (1984,1488), (1984,1490), (1985,1488), (1985,1489), (1985,1490)
No route found after 5001 iterations (both directions)
  FAILED: Could not find route (0.17s)
  Backward direction failed fastest (1 iterations, 8 blocked cells)
  No previously-routed nets blocking (likely blocked by pads/stubs/zones)
  [91mROUTE FAILED - no rippable blockers found[0m
  Hint: search exhausted after only 5001 iterations with no rippable blockers - the start/target pads are boxed in by static obstacles (neighboring pads + clearance), not by congestion. For fine-pitch parts try a finer grid and/or smaller clearance/track, e.g. --grid-step 0.025 scoped to just the failing nets via --nets (board-global it is ~13M cells/layer and may exhaust memory) --clearance 0.15 --track-width 0.15 (current: grid 0.05, clearance 0.2, track 0.2 mm)

[18/28 (12 failed)] Routing /ETH_LED_ACT (id=39)
----------------------------------------
backward stuck (1 < 5000), forward=5000
  backward cell (1964, 1489, layer=0): ok, 8/8 neighbors blocked
    ALL neighbors blocked: (1963,1488), (1963,1489), (1963,1490), (1964,1488), (1964,1490), (1965,1488), (1965,1489), (1965,1490)
No route found after 5001 iterations (both directions)
  FAILED: Could not find route (0.17s)
  Backward direction failed fastest (1 iterations, 8 blocked cells)
  No previously-routed nets blocking (likely blocked by pads/stubs/zones)
  Via-in-pad decline blamed PRE-EXISTING net(s) '+3V3' - not rippable this run; retry with --rip-existing-nets to authorize
  [91mROUTE FAILED - no rippable blockers found[0m
  Hint: search exhausted after only 5001 iterations with no rippable blockers - the start/target pads are boxed in by static obstacles (neighboring pads + clearance), not by congestion. For fine-pitch parts try a finer grid and/or smaller clearance/track, e.g. --grid-step 0.025 scoped to just the failing nets via --nets (board-global it is ~13M cells/layer and may exhaust memory) --clearance 0.15 --track-width 0.15 (current: grid 0.05, clearance 0.2, track 0.2 mm)

[19/28 (13 failed)] Routing /ETH_MOSI (id=72)
----------------------------------------
Both directions stuck (forward=224, backward=1 < 5000)
  forward cell (1874, 1905, layer=0): ok, 0/8 neighbors blocked
  backward cell (1855, 1416, layer=0): ok, 8/8 neighbors blocked
    ALL neighbors blocked: (1854,1415), (1854,1416), (1854,1417), (1855,1415), (1855,1417), (1856,1415), (1856,1416), (1856,1417)
No route found after 225 iterations (both directions)
  FAILED: Could not find route (0.23s)
  Backward direction failed fastest (1 iterations, 8 blocked cells)
  No previously-routed nets blocking (likely blocked by pads/stubs/zones)
  [91mROUTE FAILED - no rippable blockers found[0m
  Hint: search exhausted after only 225 iterations with no rippable blockers - the start/target pads are boxed in by static obstacles (neighboring pads + clearance), not by congestion. For fine-pitch parts try a finer grid and/or smaller clearance/track, e.g. --grid-step 0.025 scoped to just the failing nets via --nets (board-global it is ~13M cells/layer and may exhaust memory) --clearance 0.15 --track-width 0.15 (current: grid 0.05, clearance 0.2, track 0.2 mm)
  Hint: the blocking copper belongs to pre-existing net(s) '/eth/XI' '/ETH_RSTn' (committed by an earlier run/step), which this run is not allowed to rip. Retry with --rip-existing-nets '/eth/XI' '/ETH_RSTn' to rip and re-route them in this run (issue #103) -- the decisive blocker may be any of them, so start with the full set (each ripped net is re-routed and the run reports honestly if one cannot be), then bisect if you want a minimal rip.

[20/28 (14 failed)] Routing /ETH_SCLK (id=61)
----------------------------------------
backward stuck (157 < 5000), forward=5000
  backward cell (1874, 1930, layer=0): ok, 0/8 neighbors blocked
No route found after 5157 iterations (both directions)
  FAILED: Could not find route (0.12s)
  Backward direction failed fastest (157 iterations, 84 blocked cells)
  No previously-routed nets blocking
  Static blockers: pre-existing tracks: /ADC0
  [91mROUTE FAILED - no rippable blockers found[0m
  Hint: search exhausted after only 5157 iterations with no rippable blockers - the start/target pads are boxed in by static obstacles (neighboring pads + clearance), not by congestion. For fine-pitch parts try a finer grid and/or smaller clearance/track, e.g. --grid-step 0.025 scoped to just the failing nets via --nets (board-global it is ~13M cells/layer and may exhaust memory) --clearance 0.15 --track-width 0.15 (current: grid 0.05, clearance 0.2, track 0.2 mm)
  Hint: the blocking copper belongs to pre-existing net(s) '/eth/XI' (committed by an earlier run/step), which this run is not allowed to rip. Retry with --rip-existing-nets '/eth/XI' to rip and re-route them in this run (issue #103) -- the decisive blocker may be any of them, so start with the full set (each ripped net is re-routed and the run reports honestly if one cannot be), then bisect if you want a minimal rip.

[21/28 (15 failed)] Routing /mcu/BOOT (id=41)
----------------------------------------
Probe: forward=5000, backward=5000 iters, trying forward with full iterations...
No route found after 200000 iterations (forward), trying backward...
No route found after 410000 iterations (both directions)
  FAILED: Could not find route (0.25s)
  Forward direction failed fastest (205000 iterations, 8376 blocked cells)
  No previously-routed nets blocking
  Static blockers: pre-existing tracks: /eth/1V2O, /eth/XO, /mcu/EN
  [91mROUTE FAILED - no rippable blockers found[0m
  Hint: the blocking copper belongs to pre-existing net(s) '/mcu/EN' (committed by an earlier run/step), which this run is not allowed to rip. Retry with --rip-existing-nets '/mcu/EN' to rip and re-route them in this run (issue #103) -- the decisive blocker may be any of them, so start with the full set (each ripped net is re-routed and the run reports honestly if one cannot be), then bisect if you want a minimal rip.

[22/28 (16 failed)] Routing /ENABLE (id=42)
----------------------------------------
  Detected multi-point net with 3 pads (Phase 1: main route only)
  Multi-point net Phase 1: routing longest MST edge (pads 0 and 1, length=89.55mm)
  backward stuck (1 < 5000), forward=5000
    backward cell (865, 2040, layer=0): ok, 8/8 neighbors blocked
      ALL neighbors blocked: (864,2039), (864,2040), (864,2041), (865,2039), (865,2041), (866,2039), (866,2040), (866,2041)
  Phase 1 edge (pads 0,1) failed after 5001 iterations - trying next MST edge
  Multi-point net Phase 1: retrying with next MST edge (2/2) (pads 1 and 2, length=7.99mm)
  Both directions stuck (forward=1, backward=1 < 5000)
    forward cell (865, 2040, layer=0): ok, 8/8 neighbors blocked
      ALL neighbors blocked: (864,2039), (864,2040), (864,2041), (865,2039), (865,2041), (866,2039), (866,2040), (866,2041)
    backward cell (937, 1952, layer=0): ok, 8/8 neighbors blocked
      ALL neighbors blocked: (936,1951), (936,1952), (936,1953), (937,1951), (937,1953), (938,1951), (938,1952), (938,1953)
  Phase 1 edge (pads 1,2) failed after 2 iterations
  Phase 1 exhausted from the pads; deferring 2 edge(s) to Phase 3's island-copper sources (base component: 1 terminal(s))
  SUCCESS: 0 segments, 0 vias, 5003 iterations, length=18.77mm (stubs=18.77mm) (0.37s)

[23/28 (16 failed)] Routing +3V3 (id=5)
----------------------------------------
  Detected multi-point net with 38 pads (Phase 1: main route only)
  Existing copper joins 38 terminals into 6 group(s)
  Multi-point net Phase 1: routing longest MST edge (pads 32 and 12, length=43.99mm)
  Probe: forward=5000, backward=5000 iters, trying forward with full iterations...
  No route found after 200000 iterations (forward), trying backward...
  Phase 1 edge (pads 32,12) failed after 410000 iterations - trying next MST edge
  Multi-point net Phase 1: retrying with next MST edge (2/5) (pads 10 and 18, length=2.98mm)
  backward stuck (1 < 5000), forward=5000
    backward cell (1974, 1659, layer=0): ok, 8/8 neighbors blocked
      ALL neighbors blocked: (1973,1658), (1973,1659), (1973,1660), (1974,1658), (1974,1660), (1975,1658), (1975,1659), (1975,1660)
  Phase 1 edge (pads 10,18) failed after 5001 iterations - trying next MST edge
  Multi-point net Phase 1: retrying with next MST edge (3/5) (pads 19 and 7, length=2.14mm)
  forward stuck (1 < 5000), backward=5000
    forward cell (2014, 1609, layer=0): ok, 8/8 neighbors blocked
      ALL neighbors blocked: (2013,1608), (2013,1609), (2013,1610), (2014,1608), (2014,1610), (2015,1608), (2015,1609), (2015,1610)
      Blocking obstacles: GND(1)
  Phase 1 edge (pads 19,7) failed after 5001 iterations - trying next MST edge
  Multi-point net Phase 1: retrying with next MST edge (4/5) (pads 18 and 17, length=1.50mm)
  Both directions stuck (forward=1, backward=1 < 5000)
    forward cell (1974, 1659, layer=0): ok, 8/8 neighbors blocked
      ALL neighbors blocked: (1973,1658), (1973,1659), (1973,1660), (1974,1658), (1974,1660), (1975,1658), (1975,1659), (1975,1660)
    backward cell (1944, 1659, layer=0): ok, 8/8 neighbors blocked
      ALL neighbors blocked: (1943,1658), (1943,1659), (1943,1660), (1944,1658), (1944,1660), (1945,1658), (1945,1659), (1945,1660)
  Phase 1 edge (pads 18,17) failed after 2 iterations - trying next MST edge
  Multi-point net Phase 1: retrying with next MST edge (5/5) (pads 1 and 19, length=1.00mm)
  Both directions stuck (forward=70, backward=1 < 5000)
    forward cell (2006, 1588, layer=0): ok, 6/8 neighbors blocked
    forward cell (1997, 1550, layer=0): ok, 6/8 neighbors blocked
      Blocking obstacles: /eth/TOCAP(1)
    forward cell (1995, 1552, layer=0): ok, 6/8 neighbors blocked
      Blocking obstacles: /eth/TOCAP(1)
    backward cell (2014, 1609, layer=0): ok, 8/8 neighbors blocked
      ALL neighbors blocked: (2013,1608), (2013,1609), (2013,1610), (2014,1608), (2014,1610), (2015,1608), (2015,1609), (2015,1610)
      Blocking obstacles: GND(1)
  Phase 1 edge (pads 1,19) failed after 71 iterations
  Stub layer switch: +3V3 stub at (100.09,84.50) F.Cu -> B.Cu
  Existing copper joins 38 terminals into 6 group(s)
  Multi-point net Phase 1: routing longest MST edge (pads 32 and 12, length=43.99mm)
  Probe: forward=5000, backward=5000 iters, trying forward with full iterations...
  No route found after 200000 iterations (forward), trying backward...
  Phase 1 edge (pads 32,12) failed after 410000 iterations - trying next MST edge
  Multi-point net Phase 1: retrying with next MST edge (2/5) (pads 10 and 18, length=2.98mm)
  backward stuck (1 < 5000), forward=5000
    backward cell (1974, 1659, layer=0): ok, 8/8 neighbors blocked
      ALL neighbors blocked: (1973,1658), (1973,1659), (1973,1660), (1974,1658), (1974,1660), (1975,1658), (1975,1659), (1975,1660)
  Phase 1 edge (pads 10,18) failed after 5001 iterations - trying next MST edge
  Multi-point net Phase 1: retrying with next MST edge (3/5) (pads 19 and 7, length=2.14mm)
  forward stuck (1 < 5000), backward=5000
    forward cell (2014, 1609, layer=0): ok, 8/8 neighbors blocked
      ALL neighbors blocked: (2013,1608), (2013,1609), (2013,1610), (2014,1608), (2014,1610), (2015,1608), (2015,1609), (2015,1610)
      Blocking obstacles: GND(1)
  Phase 1 edge (pads 19,7) failed after 5001 iterations - trying next MST edge
  Multi-point net Phase 1: retrying with next MST edge (4/5) (pads 18 and 17, length=1.50mm)
  Both directions stuck (forward=1, backward=1 < 5000)
    forward cell (1974, 1659, layer=0): ok, 8/8 neighbors blocked
      ALL neighbors blocked: (1973,1658), (1973,1659), (1973,1660), (1974,1658), (1974,1660), (1975,1658), (1975,1659), (1975,1660)
    backward cell (1944, 1659, layer=0): ok, 8/8 neighbors blocked
      ALL neighbors blocked: (1943,1658), (1943,1659), (1943,1660), (1944,1658), (1944,1660), (1945,1658), (1945,1659), (1945,1660)
  Phase 1 edge (pads 18,17) failed after 2 iterations - trying next MST edge
  Multi-point net Phase 1: retrying with next MST edge (5/5) (pads 1 and 19, length=1.00mm)
  Both directions stuck (forward=70, backward=1 < 5000)
    forward cell (2006, 1588, layer=0): ok, 6/8 neighbors blocked
    forward cell (1997, 1550, layer=0): ok, 6/8 neighbors blocked
      Blocking obstacles: /eth/TOCAP(1)
    forward cell (1995, 1552, layer=0): ok, 6/8 neighbors blocked
      Blocking obstacles: /eth/TOCAP(1)
    backward cell (2014, 1609, layer=0): ok, 8/8 neighbors blocked
      ALL neighbors blocked: (2013,1608), (2013,1609), (2013,1610), (2014,1608), (2014,1610), (2015,1608), (2015,1609), (2015,1610)
      Blocking obstacles: GND(1)
  Phase 1 edge (pads 1,19) failed after 71 iterations
  Phase 1 exhausted from the pads; deferring 5 edge(s) to Phase 3's island-copper sources (base component: 33 terminal(s))
  Phase 1 exhausted from the pads; deferring 5 edge(s) to Phase 3's island-copper sources (base component: 33 terminal(s))
  SUCCESS: 0 segments, 0 vias, 420075 iterations, length=47.99mm (stubs=47.99mm) (1.46s)

[24/28 (16 failed)] Routing /PWM1 (id=65)
----------------------------------------
Probe: forward=5000, backward=5000 iters, trying forward with full iterations...
No route found after 200000 iterations (forward), trying backward...
No route found after 410000 iterations (both directions)
  FAILED: Could not find route (0.20s)
  Forward direction failed fastest (205000 iterations, 4375 blocked cells)
  No previously-routed nets blocking
  Static blockers: pre-existing tracks: /ADC0, /DSPI_SCK, /I2C_SCL (+2 more)
  [91mROUTE FAILED - no rippable blockers found[0m
  Hint: the blocking copper belongs to pre-existing net(s) '/I2C_SCL' (committed by an earlier run/step), which this run is not allowed to rip. Retry with --rip-existing-nets '/I2C_SCL' to rip and re-route them in this run (issue #103) -- the decisive blocker may be any of them, so start with the full set (each ripped net is re-routed and the run reports honestly if one cannot be), then bisect if you want a minimal rip.

[25/28 (17 failed)] Routing /PWM0 (id=64)
----------------------------------------
Probe: forward=5000, backward=5000 iters, trying forward with full iterations...
No route found after 200000 iterations (forward), trying backward...
No route found after 410000 iterations (both directions)
  FAILED: Could not find route (0.21s)
  Forward direction failed fastest (205000 iterations, 4460 blocked cells)
  No previously-routed nets blocking
  Static blockers: pre-existing tracks: /ADC0, /DSPI_SCK, /I2C_SCL (+3 more)
  [91mROUTE FAILED - no rippable blockers found[0m
  Hint: the blocking copper belongs to pre-existing net(s) '/I2C_SCL' (committed by an earlier run/step), which this run is not allowed to rip. Retry with --rip-existing-nets '/I2C_SCL' to rip and re-route them in this run (issue #103) -- the decisive blocker may be any of them, so start with the full set (each ripped net is re-routed and the run reports honestly if one cannot be), then bisect if you want a minimal rip.

[26/28 (18 failed)] Routing /mcu/RXD0 (id=80)
----------------------------------------
forward stuck (118 < 5000), backward=5000
  forward cell (2130, 2121, layer=0): ok, 0/8 neighbors blocked
No route found after 5118 iterations (both directions)
  FAILED: Could not find route (0.13s)
  Forward direction failed fastest (118 iterations, 82 blocked cells)
  No previously-routed nets blocking (likely blocked by pads/stubs/zones)
  [91mROUTE FAILED - no rippable blockers found[0m
  Hint: search exhausted after only 5118 iterations with no rippable blockers - the start/target pads are boxed in by static obstacles (neighboring pads + clearance), not by congestion. For fine-pitch parts try a finer grid and/or smaller clearance/track, e.g. --grid-step 0.025 scoped to just the failing nets via --nets (board-global it is ~13M cells/layer and may exhaust memory) --clearance 0.15 --track-width 0.15 (current: grid 0.05, clearance 0.2, track 0.2 mm)
  Hint: the blocking copper belongs to pre-existing net(s) '/ADC0' (committed by an earlier run/step), which this run is not allowed to rip. Retry with --rip-existing-nets '/ADC0' to rip and re-route them in this run (issue #103) -- the decisive blocker may be any of them, so start with the full set (each ripped net is re-routed and the run reports honestly if one cannot be), then bisect if you want a minimal rip.

[27/28 (19 failed)] Routing /mcu/TXD0 (id=81)
----------------------------------------
forward stuck (112 < 5000), backward=5000
  forward cell (2155, 2121, layer=0): ok, 0/8 neighbors blocked
No route found after 5112 iterations (both directions)
  FAILED: Could not find route (0.12s)
  Forward direction failed fastest (112 iterations, 66 blocked cells)
  No previously-routed nets blocking (likely blocked by pads/stubs/zones)
  Via-in-pad decline blamed PRE-EXISTING net(s) '/mcu/IO3_STRAP' - not rippable this run; retry with --rip-existing-nets to authorize
  [91mROUTE FAILED - no rippable blockers found[0m
  Hint: search exhausted after only 5112 iterations with no rippable blockers - the start/target pads are boxed in by static obstacles (neighboring pads + clearance), not by congestion. For fine-pitch parts try a finer grid and/or smaller clearance/track, e.g. --grid-step 0.025 scoped to just the failing nets via --nets (board-global it is ~13M cells/layer and may exhaust memory) --clearance 0.15 --track-width 0.15 (current: grid 0.05, clearance 0.2, track 0.2 mm)
  Hint: the blocking copper belongs to pre-existing net(s) '/mcu/IO3_STRAP' '/ADC0' (committed by an earlier run/step), which this run is not allowed to rip. Retry with --rip-existing-nets '/mcu/IO3_STRAP' '/ADC0' to rip and re-route them in this run (issue #103) -- the decisive blocker may be any of them, so start with the full set (each ripped net is re-routed and the run reports honestly if one cannot be), then bisect if you want a minimal rip.

[28/28 (20 failed)] Routing /mcu/ENABLE_M (id=43)
----------------------------------------
Probe: forward=5000, backward=5000 iters, trying forward with full iterations...
No route found after 200000 iterations (forward), trying backward...
No route found after 410000 iterations (both directions)
  FAILED: Could not find route (0.19s)
  Forward direction failed fastest (205000 iterations, 4589 blocked cells)
  No previously-routed nets blocking
  Static blockers: pre-existing tracks: /ADC0, /DSPI_MISO, /DSPI_MOSI (+6 more)
  [91mROUTE FAILED - no rippable blockers found[0m
  Hint: the blocking copper belongs to pre-existing net(s) '/I2C_SDA' '/DSPI_MISO' '/I2C_SCL' (committed by an earlier run/step), which this run is not allowed to rip. Retry with --rip-existing-nets '/I2C_SDA' '/DSPI_MISO' '/I2C_SCL' to rip and re-route them in this run (issue #103) -- the decisive blocker may be any of them, so start with the full set (each ripped net is re-routed and the run reports honestly if one cannot be), then bisect if you want a minimal rip.

Sync pcb_data: 2221 -> 2220 (kept stubs) -> 2221 (after adding 1)

============================================================
Multi-point Phase 3: Routing 16 tap connections
============================================================
Phase 3 order (boxed-in risk first): GND, +3V3, /FAULT, +12V, V48_RAW, /ENABLE, +48V_SW

GND (net 4):
  Seeding tap sources from the base island's existing copper: 129 segment(s), 23 via(s)
  Multi-point net Phase 3: routing 3 remaining MST edges (longest first)
    [1/16] Routing MST edge: pad 3 -> pad 40 (length=4.09mm) target=(100.68, 78.43)
      backward stuck (1 < 5000), forward=5000
        backward cell (2014, 1569, layer=0): ok, 8/8 neighbors blocked
          ALL neighbors blocked: (2013,1568), (2013,1569), (2013,1570), (2014,1568), (2014,1570), (2015,1568), (2015,1569), (2015,1570)
      [93mFailed to route MST edge after 5001 iterations (0.04s)[0m
    [2/16] (1 failed) Routing MST edge: pad 10 -> pad 39 (length=3.98mm) target=(97.68, 82.93)
      backward stuck (1 < 5000), forward=5000
        backward cell (1954, 1659, layer=0): ok, 8/8 neighbors blocked
          ALL neighbors blocked: (1953,1658), (1953,1659), (1953,1660), (1954,1658), (1954,1660), (1955,1658), (1955,1659), (1955,1660)
          Blocking obstacles: /eth/EXRES(2)
      [93mFailed to route MST edge after 5001 iterations (0.04s)[0m
    Fallback: attempting orphaned pad 39 directly from connected copper
    [3/16] (2 failed) Routing MST edge: pad 10 -> pad 39 (length=3.98mm) target=(97.68, 82.93)
      backward stuck (1 < 5000), forward=5000
        backward cell (1954, 1659, layer=0): ok, 8/8 neighbors blocked
          ALL neighbors blocked: (1953,1658), (1953,1659), (1953,1660), (1954,1658), (1954,1660), (1955,1658), (1955,1659), (1955,1660)
          Blocking obstacles: /eth/EXRES(2)
      [93mFailed to route MST edge after 5001 iterations (0.04s)[0m
    Fallback: attempting orphaned pad 40 directly from connected copper
    [3/16] (2 failed) Routing MST edge: pad 3 -> pad 40 (length=4.09mm) target=(100.68, 78.43)
      backward stuck (1 < 5000), forward=5000
        backward cell (2014, 1569, layer=0): ok, 8/8 neighbors blocked
          ALL neighbors blocked: (2013,1568), (2013,1569), (2013,1570), (2014,1568), (2014,1570), (2015,1568), (2015,1569), (2015,1570)
      [93mFailed to route MST edge after 5001 iterations (0.04s)[0m
    Fallback: attempting orphaned pad 41 directly from connected copper
    [3/16] (2 failed) Routing MST edge: pad 100 -> pad 41 (length=4.41mm) target=(100.68, 76.43)
      backward stuck (1 < 5000), forward=5000
        backward cell (2014, 1529, layer=0): ok, 8/8 neighbors blocked
          ALL neighbors blocked: (2013,1528), (2013,1529), (2013,1530), (2014,1528), (2014,1530), (2015,1528), (2015,1529), (2015,1530)
          Blocking obstacles: /eth/1V2O(2)
      [93mFailed to route MST edge after 5001 iterations (0.04s)[0m
  [93mWarning: 3 pad(s) not connected (3 MST edge(s) failed)[0m
  Phase 3 routing complete: 0 edges, 0 total segments, 0 total vias
  [91mNOT CONNECTED (so far): GND - U10 pad 9 at (97.68, 82.93) - may still be recovered; final verdict in the end-of-run summary[0m
  [91mNOT CONNECTED (so far): GND - U10 pad 19 at (100.68, 78.43) - may still be recovered; final verdict in the end-of-run summary[0m
  [91mNOT CONNECTED (so far): GND - U10 pad 23 at (100.68, 76.43) - may still be recovered; final verdict in the end-of-run summary[0m
  Net total time: 0.43s, 35009 iterations

+3V3 (net 5):
  Seeding tap sources from the base island's existing copper: 62 segment(s), 14 via(s)
  Multi-point net Phase 3: routing 5 remaining MST edges (longest first)
    [3/16] (3 failed) Routing MST edge: pad 32 -> pad 12 (length=43.99mm) target=(42.49, 74.52)
      Probe: forward=5000, backward=5000 iters, trying forward with full iterations...
      No route found after 200000 iterations (forward), trying backward...
      [93mFailed to route MST edge after 410000 iterations (0.15s)[0m
    [4/16] (4 failed) Routing MST edge: pad 10 -> pad 18 (length=2.98mm) target=(98.68, 82.93)
      backward stuck (1 < 5000), forward=5000
        backward cell (1974, 1659, layer=0): ok, 8/8 neighbors blocked
          ALL neighbors blocked: (1973,1658), (1973,1659), (1973,1660), (1974,1658), (1974,1660), (1975,1658), (1975,1659), (1975,1660)
      [93mFailed to route MST edge after 5001 iterations (0.04s)[0m
    [5/16] (5 failed) Routing MST edge: pad 7 -> pad 19 (length=2.14mm) target=(100.68, 80.43)
      backward stuck (1 < 5000), forward=5000
        backward cell (2014, 1609, layer=0): ok, 8/8 neighbors blocked
          ALL neighbors blocked: (2013,1608), (2013,1609), (2013,1610), (2014,1608), (2014,1610), (2015,1608), (2015,1609), (2015,1610)
          Blocking obstacles: GND(1)
      [93mFailed to route MST edge after 5001 iterations (0.04s)[0m
    Fallback: attempting orphaned pad 19 directly from connected copper
    [6/16] (6 failed) Routing MST edge: pad 7 -> pad 19 (length=2.14mm) target=(100.68, 80.43)
      backward stuck (1 < 5000), forward=5000
        backward cell (2014, 1609, layer=0): ok, 8/8 neighbors blocked
          ALL neighbors blocked: (2013,1608), (2013,1609), (2013,1610), (2014,1608), (2014,1610), (2015,1608), (2015,1609), (2015,1610)
          Blocking obstacles: GND(1)
      [93mFailed to route MST edge after 5001 iterations (0.04s)[0m
    Fallback: attempting orphaned pad 1 directly from connected copper
    [6/16] (6 failed) Routing MST edge: pad 9 -> pad 1 (length=2.51mm) target=(100.68, 79.43)
      backward stuck (1 < 5000), forward=5000
        backward cell (2014, 1589, layer=0): ok, 8/8 neighbors blocked
          ALL neighbors blocked: (2013,1588), (2013,1589), (2013,1590), (2014,1588), (2014,1590), (2015,1588), (2015,1589), (2015,1590)
          Blocking obstacles: GND(2)
      [93mFailed to route MST edge after 5001 iterations (0.04s)[0m
    Fallback: attempting orphaned pad 18 directly from connected copper
    [7/16] (7 failed) Routing MST edge: pad 10 -> pad 18 (length=2.98mm) target=(98.68, 82.93)
      backward stuck (1 < 5000), forward=5000
        backward cell (1974, 1659, layer=0): ok, 8/8 neighbors blocked
          ALL neighbors blocked: (1973,1658), (1973,1659), (1973,1660), (1974,1658), (1974,1660), (1975,1658), (1975,1659), (1975,1660)
      [93mFailed to route MST edge after 5001 iterations (0.04s)[0m
    Fallback: attempting orphaned pad 17 directly from connected copper
    [7/16] (7 failed) Routing MST edge: pad 0 -> pad 17 (length=3.92mm) target=(97.18, 82.93)
      backward stuck (1 < 5000), forward=5000
        backward cell (1944, 1659, layer=0): ok, 8/8 neighbors blocked
          ALL neighbors blocked: (1943,1658), (1943,1659), (1943,1660), (1944,1658), (1944,1660), (1945,1658), (1945,1659), (1945,1660)
      [93mFailed to route MST edge after 5001 iterations (0.04s)[0m
    Fallback: attempting orphaned pad 12 directly from connected copper
    [8/16] (8 failed) Routing MST edge: pad 32 -> pad 12 (length=43.99mm) target=(42.49, 74.52)
      Probe: forward=5000, backward=5000 iters, trying forward with full iterations...
      No route found after 200000 iterations (forward), trying backward...
      [93mFailed to route MST edge after 410000 iterations (0.15s)[0m
  [93mWarning: 5 pad(s) not connected (5 MST edge(s) failed)[0m
  Phase 3 routing complete: 0 edges, 0 total segments, 0 total vias
    Ripping GND (net 4) to retry tap route...
  Seeding tap sources from the base island's existing copper: 62 segment(s), 14 via(s)
  Multi-point net Phase 3: routing 5 remaining MST edges (longest first)
    [7/16] (8 failed) Routing MST edge: pad 32 -> pad 12 (length=43.99mm) target=(42.49, 74.52)
      Probe: forward=5000, backward=5000 iters, trying forward with full iterations...
      No route found after 200000 iterations (forward), trying backward...
      [93mFailed to route MST edge after 410000 iterations (0.16s)[0m
    [8/16] (9 failed) Routing MST edge: pad 10 -> pad 18 (length=2.98mm) target=(98.68, 82.93)
      backward stuck (1 < 5000), forward=5000
        backward cell (1974, 1659, layer=0): ok, 8/8 neighbors blocked
          ALL neighbors blocked: (1973,1658), (1973,1659), (1973,1660), (1974,1658), (1974,1660), (1975,1658), (1975,1659), (1975,1660)
      [93mFailed to route MST edge after 5001 iterations (0.04s)[0m
    [9/16] (10 failed) Routing MST edge: pad 7 -> pad 19 (length=2.14mm) target=(100.68, 80.43)
      backward stuck (1 < 5000), forward=5000
        backward cell (2014, 1609, layer=0): ok, 8/8 neighbors blocked
          ALL neighbors blocked: (2013,1608), (2013,1609), (2013,1610), (2014,1608), (2014,1610), (2015,1608), (2015,1609), (2015,1610)
          Blocking obstacles: GND(1)
      [93mFailed to route MST edge after 5001 iterations (0.04s)[0m
    Fallback: attempting orphaned pad 17 directly from connected copper
    [10/16] (11 failed) Routing MST edge: pad 0 -> pad 17 (length=3.92mm) target=(97.18, 82.93)
      backward stuck (1 < 5000), forward=5000
        backward cell (1944, 1659, layer=0): ok, 8/8 neighbors blocked
          ALL neighbors blocked: (1943,1658), (1943,1659), (1943,1660), (1944,1658), (1944,1660), (1945,1658), (1945,1659), (1945,1660)
      [93mFailed to route MST edge after 5001 iterations (0.04s)[0m
    Fallback: attempting orphaned pad 18 directly from connected copper
    [11/16] (12 failed) Routing MST edge: pad 0 -> pad 18 (length=5.42mm) target=(98.68, 82.93)
      backward stuck (1 < 5000), forward=5000
        backward cell (1974, 1659, layer=0): ok, 8/8 neighbors blocked
          ALL neighbors blocked: (1973,1658), (1973,1659), (1973,1660), (1974,1658), (1974,1660), (1975,1658), (1975,1659), (1975,1660)
      [93mFailed to route MST edge after 5001 iterations (0.05s)[0m
    Fallback: attempting orphaned pad 19 directly from connected copper
    [12/16] (13 failed) Routing MST edge: pad 0 -> pad 19 (length=9.92mm) target=(100.68, 80.43)
      backward stuck (1 < 5000), forward=5000
        backward cell (2014, 1609, layer=0): ok, 8/8 neighbors blocked
          ALL neighbors blocked: (2013,1608), (2013,1609), (2013,1610), (2014,1608), (2014,1610), (2015,1608), (2015,1609), (2015,1610)
          Blocking obstacles: GND(1)
      [93mFailed to route MST edge after 5001 iterations (0.04s)[0m
    Fallback: attempting orphaned pad 1 directly from connected copper
    [13/16] (14 failed) Routing MST edge: pad 0 -> pad 1 (length=10.92mm) target=(100.68, 79.43)
      backward stuck (1 < 5000), forward=5000
        backward cell (2014, 1589, layer=0): ok, 8/8 neighbors blocked
          ALL neighbors blocked: (2013,1588), (2013,1589), (2013,1590), (2014,1588), (2014,1590), (2015,1588), (2015,1589), (2015,1590)
          Blocking obstacles: GND(2)
      [93mFailed to route MST edge after 5001 iterations (0.04s)[0m
    Fallback: attempting orphaned pad 12 directly from connected copper
    [14/16] (15 failed) Routing MST edge: pad 0 -> pad 12 (length=62.81mm) target=(42.49, 74.52)
      Probe: forward=5000, backward=5000 iters, trying forward with full iterations...
      No route found after 200000 iterations (forward), trying backward...
      [93mFailed to route MST edge after 410000 iterations (0.16s)[0m
  [93mWarning: 5 pad(s) not connected (8 MST edge(s) failed)[0m
  Phase 3 routing complete: 0 edges, 0 total segments, 0 total vias
    +3V3: Retry FAILED (N=1): still 8 failed edges
      Retry had 20568 blocked cells
    Re-analyzing 20568 blocked cells from N=1 retry:
      No previously-routed nets blocking (likely blocked by pads/stubs/zones)
    No additional rippable blockers from retry analysis
    [91m+3V3: All rip-up attempts failed, restoring 1 net(s)...[0m
  Stub layer switch: +3V3 stub at (102.25,78.50) F.Cu -> B.Cu
  Seeding tap sources from the base island's existing copper: 62 segment(s), 15 via(s)
  Multi-point net Phase 3: routing 5 remaining MST edges (longest first)
    [7/16] (8 failed) Routing MST edge: pad 32 -> pad 12 (length=43.99mm) target=(42.49, 74.52)
      Probe: forward=5000, backward=5000 iters, trying forward with full iterations...
      No route found after 200000 iterations (forward), trying backward...
      [93mFailed to route MST edge after 410000 iterations (0.16s)[0m
    [8/16] (9 failed) Routing MST edge: pad 10 -> pad 18 (length=2.98mm) target=(98.68, 82.93)
      backward stuck (1 < 5000), forward=5000
        backward cell (1974, 1659, layer=0): ok, 8/8 neighbors blocked
          ALL neighbors blocked: (1973,1658), (1973,1659), (1973,1660), (1974,1658), (1974,1660), (1975,1658), (1975,1659), (1975,1660)
      [93mFailed to route MST edge after 5001 iterations (0.04s)[0m
    [9/16] (10 failed) Routing MST edge: pad 7 -> pad 19 (length=2.14mm) target=(100.68, 80.43)
      backward stuck (1 < 5000), forward=5000
        backward cell (2014, 1609, layer=0): ok, 8/8 neighbors blocked
          ALL neighbors blocked: (2013,1608), (2013,1609), (2013,1610), (2014,1608), (2014,1610), (2015,1608), (2015,1609), (2015,1610)
          Blocking obstacles: GND(1)
      [93mFailed to route MST edge after 5001 iterations (0.04s)[0m
    Fallback: attempting orphaned pad 19 directly from connected copper
    [10/16] (11 failed) Routing MST edge: pad 7 -> pad 19 (length=2.14mm) target=(100.68, 80.43)
      backward stuck (1 < 5000), forward=5000
        backward cell (2014, 1609, layer=0): ok, 8/8 neighbors blocked
          ALL neighbors blocked: (2013,1608), (2013,1609), (2013,1610), (2014,1608), (2014,1610), (2015,1608), (2015,1609), (2015,1610)
          Blocking obstacles: GND(1)
      [93mFailed to route MST edge after 5001 iterations (0.04s)[0m
    Fallback: attempting orphaned pad 1 directly from connected copper
    [10/16] (11 failed) Routing MST edge: pad 9 -> pad 1 (length=2.51mm) target=(100.68, 79.43)
      backward stuck (1 < 5000), forward=5000
        backward cell (2014, 1589, layer=0): ok, 8/8 neighbors blocked
          ALL neighbors blocked: (2013,1588), (2013,1589), (2013,1590), (2014,1588), (2014,1590), (2015,1588), (2015,1589), (2015,1590)
          Blocking obstacles: GND(2)
      [93mFailed to route MST edge after 5001 iterations (0.04s)[0m
    Fallback: attempting orphaned pad 18 directly from connected copper
    [11/16] (12 failed) Routing MST edge: pad 10 -> pad 18 (length=2.98mm) target=(98.68, 82.93)
      backward stuck (1 < 5000), forward=5000
        backward cell (1974, 1659, layer=0): ok, 8/8 neighbors blocked
          ALL neighbors blocked: (1973,1658), (1973,1659), (1973,1660), (1974,1658), (1974,1660), (1975,1658), (1975,1659), (1975,1660)
      [93mFailed to route MST edge after 5001 iterations (0.04s)[0m
    Fallback: attempting orphaned pad 17 directly from connected copper
    [11/16] (12 failed) Routing MST edge: pad 0 -> pad 17 (length=3.92mm) target=(97.18, 82.93)
      backward stuck (1 < 5000), forward=5000
        backward cell (1944, 1659, layer=0): ok, 8/8 neighbors blocked
          ALL neighbors blocked: (1943,1658), (1943,1659), (1943,1660), (1944,1658), (1944,1660), (1945,1658), (1945,1659), (1945,1660)
      [93mFailed to route MST edge after 5001 iterations (0.04s)[0m
    Fallback: attempting orphaned pad 12 directly from connected copper
    [12/16] (13 failed) Routing MST edge: pad 32 -> pad 12 (length=43.99mm) target=(42.49, 74.52)
      Probe: forward=5000, backward=5000 iters, trying forward with full iterations...
      No route found after 200000 iterations (forward), trying backward...
      [93mFailed to route MST edge after 410000 iterations (0.16s)[0m
  [93mWarning: 5 pad(s) not connected (5 MST edge(s) failed)[0m
  Phase 3 routing complete: 0 edges, 0 total segments, 0 total vias
  [91mNOT CONNECTED (so far): +3V3 - U10 pad 17 at (100.68, 79.43) - may still be recovered; final verdict in the end-of-run summary[0m
  [91mNOT CONNECTED (so far): +3V3 - J1 pad 4 at (42.49, 74.52) - may still be recovered; final verdict in the end-of-run summary[0m
  [91mNOT CONNECTED (so far): +3V3 - U10 pad 8 at (97.18, 82.93) - may still be recovered; final verdict in the end-of-run summary[0m
  [91mNOT CONNECTED (so far): +3V3 - U10 pad 11 at (98.68, 82.93) - may still be recovered; final verdict in the end-of-run summary[0m
  [91mNOT CONNECTED (so far): +3V3 - U10 pad 15 at (100.68, 80.43) - may still be recovered; final verdict in the end-of-run summary[0m
  Net total time: 2.61s, 1270081 iterations

/FAULT (net 10):
  Seeding tap sources from the base island's existing copper: 8 segment(s), 4 via(s)
  Multi-point net Phase 3: routing 2 remaining MST edges (longest first)
    [7/16] (8 failed) Routing MST edge: pad 1 -> pad 2 (length=91.96mm) target=(46.86, 96.33)
      backward stuck (1 < 5000), forward=5000
        backward cell (937, 1926, layer=0): ok, 8/8 neighbors blocked
          ALL neighbors blocked: (936,1925), (936,1926), (936,1927), (937,1925), (937,1927), (938,1925), (938,1926), (938,1927)
      [93mFailed to route MST edge after 5001 iterations (0.04s)[0m
    [8/16] (9 failed) Routing MST edge: pad 1 -> pad 3 (length=69.81mm) target=(104.55, 131.86)
      Probe: forward=5000, backward=5000 iters, trying forward with full iterations...
      No route found after 200000 iterations (forward), trying backward...
      [93mFailed to route MST edge after 410000 iterations (0.16s)[0m
    Fallback: attempting orphaned pad 3 directly from connected copper
    [9/16] (10 failed) Routing MST edge: pad 1 -> pad 3 (length=69.81mm) target=(104.55, 131.86)
      Probe: forward=5000, backward=5000 iters, trying forward with full iterations...
      No route found after 200000 iterations (forward), trying backward...
      [93mFailed to route MST edge after 410000 iterations (0.16s)[0m
    Fallback: attempting orphaned pad 2 directly from connected copper
    [9/16] (10 failed) Routing MST edge: pad 1 -> pad 2 (length=91.96mm) target=(46.86, 96.33)
      backward stuck (1 < 5000), forward=5000
        backward cell (937, 1926, layer=0): ok, 8/8 neighbors blocked
          ALL neighbors blocked: (936,1925), (936,1926), (936,1927), (937,1925), (937,1927), (938,1925), (938,1926), (938,1927)
      [93mFailed to route MST edge after 5001 iterations (0.04s)[0m
  [93mWarning: 2 pad(s) not connected (2 MST edge(s) failed)[0m
  Phase 3 routing complete: 0 edges, 0 total segments, 0 total vias
  [91mNOT CONNECTED (so far): /FAULT - U22 pad 15 at (46.86, 96.33) - may still be recovered; final verdict in the end-of-run summary[0m
  [91mNOT CONNECTED (so far): /FAULT - J4 pad 24 at (104.55, 131.86) - may still be recovered; final verdict in the end-of-run summary[0m
  Net total time: 0.48s, 1245003 iterations

+12V (net 2):
  Seeding tap sources from the base island's existing copper: 116 segment(s), 6 via(s)
  Multi-point net Phase 3: routing 1 remaining MST edges (longest first)
    [8/16] (10 failed) Routing MST edge: pad 0 -> pad 4 (length=10.90mm) target=(62.65, 113.00)
      backward stuck (1 < 5000), forward=5000
        backward cell (1253, 2260, layer=0): ok, 8/8 neighbors blocked
          ALL neighbors blocked: (1252,2259), (1252,2260), (1252,2261), (1253,2259), (1253,2261), (1254,2259), (1254,2260), (1254,2261)
      [93mFailed to route MST edge after 5001 iterations (0.04s)[0m
    Fallback: attempting orphaned pad 4 directly from connected copper
    [9/16] (11 failed) Routing MST edge: pad 0 -> pad 4 (length=10.90mm) target=(62.65, 113.00)
      backward stuck (1 < 5000), forward=5000
        backward cell (1253, 2260, layer=0): ok, 8/8 neighbors blocked
          ALL neighbors blocked: (1252,2259), (1252,2260), (1252,2261), (1253,2259), (1253,2261), (1254,2259), (1254,2260), (1254,2261)
      [93mFailed to route MST edge after 5001 iterations (0.04s)[0m
  [93mWarning: 1 pad(s) not connected (1 MST edge(s) failed)[0m
  Phase 3 routing complete: 0 edges, 0 total segments, 0 total vias
  [91mNOT CONNECTED (so far): +12V - U21 pad 5 at (62.65, 113.00) - may still be recovered; final verdict in the end-of-run summary[0m
  Net total time: 0.17s, 15003 iterations

V48_RAW (net 8):
  Multi-point net Phase 3: routing 2 remaining MST edges (longest first)
    [8/16] (11 failed) Routing MST edge: pad 4 -> pad 7 (length=5.11mm) target=(41.14, 96.33)
      backward stuck (1 < 5000), forward=5000
        backward cell (823, 1926, layer=0): ok, 8/8 neighbors blocked
          ALL neighbors blocked: (822,1925), (822,1926), (822,1927), (823,1925), (823,1927), (824,1925), (824,1926), (824,1927)
      [93mFailed to route MST edge after 5001 iterations (0.14s)[0m
    Fallback: attempting orphaned pad 7 directly from connected copper
    [9/16] (12 failed) Routing MST edge: pad 4 -> pad 7 (length=5.11mm) target=(41.14, 96.33)
      backward stuck (1 < 5000), forward=5000
        backward cell (823, 1926, layer=0): ok, 8/8 neighbors blocked
          ALL neighbors blocked: (822,1925), (822,1926), (822,1927), (823,1925), (823,1927), (824,1925), (824,1926), (824,1927)
      [93mFailed to route MST edge after 5001 iterations (0.04s)[0m
    Fallback: attempting orphaned pad 6 directly from connected copper
    [9/16] (12 failed) Routing MST edge: pad 4 -> pad 6 (length=6.41mm) target=(41.14, 94.38)
      backward stuck (1 < 5000), forward=5000
        backward cell (823, 1888, layer=0): ok, 8/8 neighbors blocked
          ALL neighbors blocked: (822,1887), (822,1888), (822,1889), (823,1887), (823,1889), (824,1887), (824,1888), (824,1889)
      [93mFailed to route MST edge after 5001 iterations (0.13s)[0m
  [93mWarning: 2 pad(s) not connected (2 MST edge(s) failed)[0m
  Phase 3 routing complete: 0 edges, 1 total segments, 0 total vias
  Stub layer switch: V48_RAW stub at (41.15,93.50) F.Cu -> B.Cu
  Multi-point net Phase 3: routing 2 remaining MST edges (longest first)
    [10/16] (13 failed) Routing MST edge: pad 4 -> pad 7 (length=5.11mm) target=(41.14, 96.33)
      backward stuck (1 < 5000), forward=5000
        backward cell (823, 1926, layer=0): ok, 8/8 neighbors blocked
          ALL neighbors blocked: (822,1925), (822,1926), (822,1927), (823,1925), (823,1927), (824,1925), (824,1926), (824,1927)
      [93mFailed to route MST edge after 5001 iterations (0.04s)[0m
    Fallback: attempting orphaned pad 7 directly from connected copper
    [11/16] (14 failed) Routing MST edge: pad 4 -> pad 7 (length=5.11mm) target=(41.14, 96.33)
      backward stuck (1 < 5000), forward=5000
        backward cell (823, 1926, layer=0): ok, 8/8 neighbors blocked
          ALL neighbors blocked: (822,1925), (822,1926), (822,1927), (823,1925), (823,1927), (824,1925), (824,1926), (824,1927)
      [93mFailed to route MST edge after 5001 iterations (0.04s)[0m
    Fallback: attempting orphaned pad 6 directly from connected copper
    [11/16] (14 failed) Routing MST edge: pad 4 -> pad 6 (length=6.41mm) target=(41.14, 94.38)
      backward stuck (1 < 5000), forward=5000
        backward cell (823, 1888, layer=0): ok, 8/8 neighbors blocked
          ALL neighbors blocked: (822,1887), (822,1888), (822,1889), (823,1887), (823,1889), (824,1887), (824,1888), (824,1889)
      [93mFailed to route MST edge after 5001 iterations (0.04s)[0m
  [93mWarning: 2 pad(s) not connected (2 MST edge(s) failed)[0m
  Phase 3 routing complete: 0 edges, 1 total segments, 0 total vias
  [91mNOT CONNECTED (so far): V48_RAW - U22 pad 3 at (41.14, 94.38) - may still be recovered; final verdict in the end-of-run summary[0m
  [91mNOT CONNECTED (so far): V48_RAW - U22 pad 6 at (41.14, 96.33) - may still be recovered; final verdict in the end-of-run summary[0m
  Net total time: 0.50s, 18355 iterations

/ENABLE (net 42):
  Seeding tap sources from the base island's existing copper: 13 segment(s), 3 via(s)
  Multi-point net Phase 3: routing 2 remaining MST edges (longest first)
    [10/16] (13 failed) Routing MST edge: pad 0 -> pad 1 (length=89.55mm) target=(43.25, 102.00)
      backward stuck (1 < 5000), forward=5000
        backward cell (865, 2040, layer=0): ok, 8/8 neighbors blocked
          ALL neighbors blocked: (864,2039), (864,2040), (864,2041), (865,2039), (865,2041), (866,2039), (866,2040), (866,2041)
      [93mFailed to route MST edge after 5001 iterations (0.04s)[0m
    Fallback: attempting orphaned pad 1 directly from connected copper
    [11/16] (14 failed) Routing MST edge: pad 0 -> pad 1 (length=89.55mm) target=(43.25, 102.00)
      backward stuck (1 < 5000), forward=5000
        backward cell (865, 2040, layer=0): ok, 8/8 neighbors blocked
          ALL neighbors blocked: (864,2039), (864,2040), (864,2041), (865,2039), (865,2041), (866,2039), (866,2040), (866,2041)
      [93mFailed to route MST edge after 5001 iterations (0.04s)[0m
    Fallback: attempting orphaned pad 2 directly from connected copper
    [11/16] (14 failed) Routing MST edge: pad 0 -> pad 2 (length=90.31mm) target=(46.86, 97.62)
      backward stuck (1 < 5000), forward=5000
        backward cell (937, 1952, layer=0): ok, 8/8 neighbors blocked
          ALL neighbors blocked: (936,1951), (936,1952), (936,1953), (937,1951), (937,1953), (938,1951), (938,1952), (938,1953)
      [93mFailed to route MST edge after 5001 iterations (0.04s)[0m
  [93mWarning: 2 pad(s) not connected (2 MST edge(s) failed)[0m
  Phase 3 routing complete: 0 edges, 0 total segments, 0 total vias
  [91mNOT CONNECTED (so far): /ENABLE - R69 pad 1 at (43.25, 102.00) - may still be recovered; final verdict in the end-of-run summary[0m
  [91mNOT CONNECTED (so far): /ENABLE - U22 pad 13 at (46.86, 97.62) - may still be recovered; final verdict in the end-of-run summary[0m
  Net total time: 0.24s, 20006 iterations

+48V_SW (net 3):
  Seeding tap sources from the base island's existing copper: 85 segment(s), 0 via(s)
  Multi-point net Phase 3: routing 1 remaining MST edges (longest first)
    [11/16] (15 failed) Routing MST edge: pad 0 -> pad 3 (length=46.85mm) target=(46.86, 94.38)
      backward stuck (1 < 5000), forward=5000
        backward cell (937, 1888, layer=0): ok, 8/8 neighbors blocked
          ALL neighbors blocked: (936,1887), (936,1888), (936,1889), (937,1887), (937,1889), (938,1887), (938,1888), (938,1889)
      [93mFailed to route MST edge after 5001 iterations (0.04s)[0m
    Fallback: attempting orphaned pad 3 directly from connected copper
    [12/16] (16 failed) Routing MST edge: pad 0 -> pad 3 (length=46.85mm) target=(46.86, 94.38)
      backward stuck (1 < 5000), forward=5000
        backward cell (937, 1888, layer=0): ok, 8/8 neighbors blocked
          ALL neighbors blocked: (936,1887), (936,1888), (936,1889), (937,1887), (937,1889), (938,1887), (938,1888), (938,1889)
      [93mFailed to route MST edge after 5001 iterations (0.04s)[0m
  [93mWarning: 1 pad(s) not connected (1 MST edge(s) failed)[0m
  Phase 3 routing complete: 0 edges, 0 total segments, 0 total vias
  [91mNOT CONNECTED (so far): +48V_SW - U22 pad 18 at (46.86, 94.38) - may still be recovered; final verdict in the end-of-run summary[0m
  Net total time: 0.16s, 15003 iterations

Per-net fine-parameter rescue (#331/#371): 28 candidate net(s)
  Rescuing +12V (partial, 2 disconnected parts)
Route found in 4837 iterations, path length: 43
    [91mrescue failed[0m (1.3s)
  Rescuing +3V3 (partial, 6 disconnected parts)
Route found in 1303 iterations, path length: 17
Route found in 1462 iterations, path length: 31
Route found in 4691 iterations, path length: 20
Probe: forward=5000, backward=5000 iters, trying forward with full iterations...
Route found in 47387 iterations, path length: 81
    [93mgap 41.5mm exceeds rescue limit 40mm - skipped[0m
    [91mrescue failed[0m (5.7s)
  Rescuing +48V_SW (partial, 2 disconnected parts)
Route found in 5122 iterations, path length: 121
    [91mrescue failed[0m (1.6s)
  Rescuing /ENABLE (partial, 3 disconnected parts)
    [93mgap 57.0mm exceeds rescue limit 40mm - skipped[0m
    [91mrescue failed[0m (0.0s)
  Rescuing /ETH_INTn (failed, 2 disconnected parts)
Probe: forward=5000, backward=5000 iters, trying forward with full iterations...
No route found after 1000000 iterations (forward), trying backward...
No route found after 2010000 iterations (both directions)
Probe: forward=5000, backward=5000 iters, trying forward with full iterations...
No route found after 1000000 iterations (forward), trying backward...
No route found after 2010000 iterations (both directions)
Probe: forward=5000, backward=5000 iters, trying forward with full iterations...
No route found after 1000000 iterations (forward), trying backward...
No route found after 2010000 iterations (both directions)
    [91mrescue failed[0m (23.7s)
  Rescuing /ETH_LED_ACT (failed, 2 disconnected parts)
    [93mgap 65.0mm exceeds rescue limit 40mm - skipped[0m
    [91mrescue failed[0m (0.0s)
  Rescuing /ETH_LED_LINK (failed, 2 disconnected parts)
    [93mgap 55.5mm exceeds rescue limit 40mm - skipped[0m
    [91mrescue failed[0m (0.0s)
  Rescuing /ETH_MISO (failed, 2 disconnected parts)
Probe: forward=5000, backward=5000 iters, trying forward with full iterations...
No route found after 1000000 iterations (forward), trying backward...
No route found after 2010000 iterations (both directions)
Probe: forward=5000, backward=5000 iters, trying forward with full iterations...
No route found after 1000000 iterations (forward), trying backward...
No route found after 2010000 iterations (both directions)
Probe: forward=5000, backward=5000 iters, trying forward with full iterations...
No route found after 1000000 iterations (forward), trying backward...
No route found after 2010000 iterations (both directions)
    [91mrescue failed[0m (22.4s)
  Rescuing /ETH_MOSI (failed, 2 disconnected parts)
Probe: forward=5000, backward=5000 iters, trying forward with full iterations...
No route found after 1000000 iterations (forward), trying backward...
No route found after 2010000 iterations (both directions)
Probe: forward=5000, backward=5000 iters, trying forward with full iterations...
No route found after 1000000 iterations (forward), trying backward...
No route found after 2010000 iterations (both directions)
Probe: forward=5000, backward=5000 iters, trying forward with full iterations...
No route found after 1000000 iterations (forward), trying backward...
No route found after 2010000 iterations (both directions)
    [91mrescue failed[0m (24.5s)
  Rescuing /ETH_RSTn (failed, 2 disconnected parts)
Probe: forward=5000, backward=5000 iters, trying forward with full iterations...
No route found after 1000000 iterations (forward), trying backward...
No route found after 2010000 iterations (both directions)
Probe: forward=5000, backward=5000 iters, trying forward with full iterations...
No route found after 1000000 iterations (forward), trying backward...
No route found after 2010000 iterations (both directions)
Probe: forward=5000, backward=5000 iters, trying forward with full iterations...
No route found after 1000000 iterations (forward), trying backward...
No route found after 2010000 iterations (both directions)
    [91mrescue failed[0m (24.2s)
  Rescuing /ETH_SCLK (failed, 2 disconnected parts)
Probe: forward=5000, backward=5000 iters, trying forward with full iterations...
No route found after 1000000 iterations (forward), trying backward...
No route found after 2010000 iterations (both directions)
Probe: forward=5000, backward=5000 iters, trying forward with full iterations...
No route found after 1000000 iterations (forward), trying backward...
No route found after 2010000 iterations (both directions)
Probe: forward=5000, backward=5000 iters, trying forward with full iterations...
No route found after 1000000 iterations (forward), trying backward...
No route found after 2010000 iterations (both directions)
    [91mrescue failed[0m (26.6s)
  Rescuing /FAULT (partial, 3 disconnected parts)
    [93mgap 59.7mm exceeds rescue limit 40mm - skipped[0m
    [91mrescue failed[0m (0.0s)
  Rescuing /PWM0 (failed, 2 disconnected parts)
    [93mgap 55.7mm exceeds rescue limit 40mm - skipped[0m
    [91mrescue failed[0m (0.0s)
  Rescuing /PWM1 (failed, 2 disconnected parts)
    [93mgap 52.9mm exceeds rescue limit 40mm - skipped[0m
    [91mrescue failed[0m (0.0s)
  Rescuing /PWM2 (failed, 2 disconnected parts)
    [93mgap 51.8mm exceeds rescue limit 40mm - skipped[0m
    [91mrescue failed[0m (0.0s)
  Rescuing /PWM3 (failed, 2 disconnected parts)
    [93mgap 49.0mm exceeds rescue limit 40mm - skipped[0m
    [91mrescue failed[0m (0.0s)
  Rescuing /PWM4 (failed, 2 disconnected parts)
    [93mgap 49.7mm exceeds rescue limit 40mm - skipped[0m
    [91mrescue failed[0m (0.0s)
  Rescuing /PWM5 (failed, 2 disconnected parts)
    [93mgap 46.9mm exceeds rescue limit 40mm - skipped[0m
    [91mrescue failed[0m (0.0s)
  Rescuing /mcu/BOOT (failed, 2 disconnected parts)
Probe: forward=5000, backward=5000 iters, trying forward with full iterations...
No route found after 1000000 iterations (forward), trying backward...
No route found after 2010000 iterations (both directions)
Probe: forward=5000, backward=5000 iters, trying forward with full iterations...
No route found after 1000000 iterations (forward), trying backward...
No route found after 2010000 iterations (both directions)
Probe: forward=5000, backward=5000 iters, trying forward with full iterations...
No route found after 1000000 iterations (forward), trying backward...
No route found after 2010000 iterations (both directions)
    [91mrescue failed[0m (33.0s)
  Rescuing /mcu/ENABLE_M (failed, 2 disconnected parts)
    [93mgap 45.4mm exceeds rescue limit 40mm - skipped[0m
    [91mrescue failed[0m (0.0s)
  Rescuing /mcu/FAULT_M (failed, 2 disconnected parts)
Probe: forward=5000, backward=5000 iters, trying forward with full iterations...
No route found after 1000000 iterations (forward), trying backward...
No route found after 2010000 iterations (both directions)
Probe: forward=5000, backward=5000 iters, trying forward with full iterations...
No route found after 1000000 iterations (forward), trying backward...
No route found after 2010000 iterations (both directions)
Probe: forward=5000, backward=5000 iters, trying forward with full iterations...
No route found after 1000000 iterations (forward), trying backward...
No route found after 2010000 iterations (both directions)
    [91mrescue failed[0m (35.2s)
  Rescuing /mcu/RXD0 (failed, 2 disconnected parts)
    [93mgap 47.6mm exceeds rescue limit 40mm - skipped[0m
    [91mrescue failed[0m (0.0s)
  Rescuing /mcu/STATUS (failed, 2 disconnected parts)
Probe: forward=5000, backward=5000 iters, trying forward with full iterations...
No route found after 1000000 iterations (forward), trying backward...
No route found after 2010000 iterations (both directions)
Probe: forward=5000, backward=5000 iters, trying forward with full iterations...
No route found after 1000000 iterations (forward), trying backward...
No route found after 2010000 iterations (both directions)
Probe: forward=5000, backward=5000 iters, trying forward with full iterations...
No route found after 1000000 iterations (forward), trying backward...
No route found after 2010000 iterations (both directions)
    [91mrescue failed[0m (39.6s)
  Rescuing /mcu/TXD0 (failed, 2 disconnected parts)
    [93mgap 48.2mm exceeds rescue limit 40mm - skipped[0m
    [91mrescue failed[0m (0.0s)
  Rescuing /poe/LED_Y_A (failed, 2 disconnected parts)
    [93mgap 58.0mm exceeds rescue limit 40mm - skipped[0m
    [91mrescue failed[0m (0.0s)
  Rescuing /pwr/UVLO (failed, 2 disconnected parts)
backward stuck (1 < 5000), forward=5000
  backward cell (1646, 3879, layer=0): ok, 8/8 neighbors blocked
    ALL neighbors blocked: (1645,3878), (1645,3879), (1645,3880), (1646,3878), (1646,3880), (1647,3878), (1647,3879), (1647,3880)
No route found after 5001 iterations (both directions)
backward stuck (1 < 5000), forward=5000
  backward cell (1646, 3879, layer=0): ok, 8/8 neighbors blocked
    ALL neighbors blocked: (1645,3878), (1645,3879), (1645,3880), (1646,3878), (1646,3880), (1647,3878), (1647,3879), (1647,3880)
No route found after 5001 iterations (both directions)
backward stuck (1 < 5000), forward=5000
  backward cell (1646, 3879, layer=0): ok, 8/8 neighbors blocked
    ALL neighbors blocked: (1645,3878), (1645,3879), (1645,3880), (1646,3878), (1646,3880), (1647,3878), (1647,3879), (1647,3880)
No route found after 5001 iterations (both directions)
    [91mrescue failed[0m (4.5s)
  Rescuing GND (partial, 4 disconnected parts)
Route found in 2 iterations, path length: 2
Route found in 2629 iterations, path length: 136
Route found in 27 iterations, path length: 27
    [91mrescue failed[0m (4.4s)
  Rescuing V48_RAW (partial, 3 disconnected parts)
Route found in 3666 iterations, path length: 17
Route found in 62 iterations, path length: 58
    [91mrescue failed[0m (3.3s)
Rescue pass: 0 recovered, 0 improved, 28 unchanged (250.0s)
Stripped 1 stale input segment(s) of ripped/re-routed nets not on the final board (#220)

============================================================
Routing complete
============================================================
  [91mSingle-ended:  0/28 routed (21 FAILED)[0m
  [91mMulti-point:   188/206 pads connected (18 FAILED)[0m
  Total vias:    0
  Total time:    7.66s
  Iterations:    4,211,208

[91mFailed single-ended nets:[0m
  [91m/pwr/UVLO[0m
  [91m/ETH_MISO[0m
  [91m/ETH_INTn[0m
  [91m/ETH_RSTn[0m
  [91m/mcu/STATUS[0m
  [91m/mcu/FAULT_M[0m
  [91m/PWM5[0m
  [91m/PWM4[0m
  [91m/poe/LED_Y_A[0m
  [91m/PWM3[0m
  [91m/PWM2[0m
  [91m/ETH_LED_LINK[0m
  [91m/ETH_LED_ACT[0m
  [91m/ETH_MOSI[0m
  [91m/ETH_SCLK[0m
  [91m/mcu/BOOT[0m
  [91m/PWM1[0m
  [91m/PWM0[0m
  [91m/mcu/RXD0[0m
  [91m/mcu/TXD0[0m
  [91m/mcu/ENABLE_M[0m

[91mFailed multi-point connections:[0m
  [91m/FAULT: U22 pad ? at (46.86, 96.33) not connected[0m
  [91m/FAULT: J4 pad ? at (104.55, 131.86) not connected[0m
  [91m+12V: U21 pad ? at (62.65, 113.00) not connected[0m
  [91mV48_RAW: U22 pad ? at (41.14, 94.38) not connected[0m
  [91mV48_RAW: U22 pad ? at (41.14, 96.33) not connected[0m
  [91m+48V_SW: U22 pad ? at (46.86, 94.38) not connected[0m
  [91m/ENABLE: R69 pad ? at (43.25, 102.00) not connected[0m
  [91m/ENABLE: U22 pad ? at (46.86, 97.62) not connected[0m
  [91m+3V3: J1 pad ? at (42.49, 74.52) not connected[0m
  [91m+3V3: J1 pad ? at (41.22, 77.06) not connected[0m
  [91m+3V3: U10 pad ? at (97.18, 82.93) not connected[0m
  [91m+3V3: U10 pad ? at (98.68, 82.93) not connected[0m
  [91m+3V3: U10 pad ? at (100.68, 80.43) not connected[0m
  [91m+3V3: U10 pad ? at (100.68, 79.43) not connected[0m
  [91m+3V3: U10 pad ? at (100.68, 77.43) not connected[0m
  [91mGND: U10 pad ? at (97.68, 82.93) not connected[0m
  [91mGND: U10 pad ? at (100.68, 78.43) not connected[0m
  [91mGND: U10 pad ? at (100.68, 76.43) not connected[0m

============================================================
FAILED NET HISTORIES
============================================================

/pwr/UVLO:
  [0] Re-route FAILED: no rippable blockers found
  [0] preexisting_blockers
  [0] rescue_failed

/ETH_MISO:
  [0] blocked_by
  [0] Re-route FAILED: no rippable blockers found
  [0] preexisting_blockers
  [0] rescue_failed

/ETH_INTn:
  [0] blocked_by
  [0] Re-route FAILED: no rippable blockers found
  [0] preexisting_blockers
  [0] rescue_failed

/ETH_RSTn:
  [0] blocked_by
  [0] Re-route FAILED: no rippable blockers found
  [0] preexisting_blockers
  [0] rescue_failed

/mcu/STATUS:
  [0] blocked_by
  [0] Re-route FAILED: no rippable blockers found
  [0] rescue_failed

/mcu/FAULT_M:
  [0] blocked_by
  [0] Re-route FAILED: no rippable blockers found
  [0] preexisting_blockers
  [0] rescue_failed

/PWM5:
  [0] blocked_by
  [0] Re-route FAILED: no rippable blockers found
  [0] preexisting_blockers
  [0] rescue_failed

/PWM4:
  [0] blocked_by
  [0] Re-route FAILED: no rippable blockers found
  [0] preexisting_blockers
  [0] rescue_failed

/poe/LED_Y_A:
  [0] blocked_by
  [0] Re-route FAILED: no rippable blockers found
  [0] preexisting_blockers
  [0] rescue_failed

/PWM3:
  [0] blocked_by
  [0] Re-route FAILED: no rippable blockers found
  [0] preexisting_blockers
  [0] rescue_failed

/PWM2:
  [0] blocked_by
  [0] Re-route FAILED: no rippable blockers found
  [0] preexisting_blockers
  [0] rescue_failed

/ETH_LED_LINK:
  [0] blocked_by
  [0] Re-route FAILED: no rippable blockers found
  [0] rescue_failed

/ETH_LED_ACT:
  [0] blocked_by
  [0] Re-route FAILED: no rippable blockers found
  [0] rescue_failed

/ETH_MOSI:
  [0] blocked_by
  [0] Re-route FAILED: no rippable blockers found
  [0] preexisting_blockers
  [0] rescue_failed

/ETH_SCLK:
  [0] blocked_by
  [0] Re-route FAILED: no rippable blockers found
  [0] preexisting_blockers
  [0] rescue_failed

/mcu/BOOT:
  [0] blocked_by
  [0] Re-route FAILED: no rippable blockers found
  [0] preexisting_blockers
  [0] rescue_failed

/PWM1:
  [0] blocked_by
  [0] Re-route FAILED: no rippable blockers found
  [0] preexisting_blockers
  [0] rescue_failed

/PWM0:
  [0] blocked_by
  [0] Re-route FAILED: no rippable blockers found
  [0] preexisting_blockers
  [0] rescue_failed

/mcu/RXD0:
  [0] blocked_by
  [0] Re-route FAILED: no rippable blockers found
  [0] preexisting_blockers
  [0] rescue_failed

/mcu/TXD0:
  [0] blocked_by
  [0] Re-route FAILED: no rippable blockers found
  [0] preexisting_blockers
  [0] rescue_failed

/mcu/ENABLE_M:
  [0] blocked_by
  [0] Re-route FAILED: no rippable blockers found
  [0] preexisting_blockers
  [0] rescue_failed
JSON_SUMMARY: {"routed_single": [], "failed_single": ["/pwr/UVLO", "/ETH_MISO", "/ETH_INTn", "/ETH_RSTn", "/mcu/STATUS", "/mcu/FAULT_M", "/PWM5", "/PWM4", "/poe/LED_Y_A", "/PWM3", "/PWM2", "/ETH_LED_LINK", "/ETH_LED_ACT", "/ETH_MOSI", "/ETH_SCLK", "/mcu/BOOT", "/PWM1", "/PWM0", "/mcu/RXD0", "/mcu/TXD0", "/mcu/ENABLE_M"], "failed_multipoint": [{"net_name": "/FAULT", "failed_pads": [{"component_ref": "U22", "pad_number": "?", "x": 46.8625, "y": 96.325}, {"component_ref": "J4", "pad_number": "?", "x": 104.55, "y": 131.862}]}, {"net_name": "+12V", "failed_pads": [{"component_ref": "U21", "pad_number": "?", "x": 62.65, "y": 113.0}]}, {"net_name": "V48_RAW", "failed_pads": [{"component_ref": "U22", "pad_number": "?", "x": 41.1375, "y": 94.375}, {"component_ref": "U22", "pad_number": "?", "x": 41.1375, "y": 96.325}]}, {"net_name": "+48V_SW", "failed_pads": [{"component_ref": "U22", "pad_number": "?", "x": 46.8625, "y": 94.375}]}, {"net_name": "/ENABLE", "failed_pads": [{"component_ref": "R69", "pad_number": "?", "x": 43.25, "y": 102.0}, {"component_ref": "U22", "pad_number": "?", "x": 46.8625, "y": 97.625}]}, {"net_name": "+3V3", "failed_pads": [{"component_ref": "J1", "pad_number": "?", "x": 42.489999999999995, "y": 74.52300000000001}, {"component_ref": "J1", "pad_number": "?", "x": 41.22, "y": 77.063}, {"component_ref": "U10", "pad_number": "?", "x": 97.1758, "y": 82.9319}, {"component_ref": "U10", "pad_number": "?", "x": 98.6758, "y": 82.9319}, {"component_ref": "U10", "pad_number": "?", "x": 100.6758, "y": 80.4319}, {"component_ref": "U10", "pad_number": "?", "x": 100.6758, "y": 79.4319}, {"component_ref": "U10", "pad_number": "?", "x": 100.6758, "y": 77.4319}]}, {"net_name": "GND", "failed_pads": [{"component_ref": "U10", "pad_number": "?", "x": 97.6758, "y": 82.9319}, {"component_ref": "U10", "pad_number": "?", "x": 100.6758, "y": 78.4319}, {"component_ref": "U10", "pad_number": "?", "x": 100.6758, "y": 76.4319}]}], "multipoint_nets": 7, "multipoint_pads_connected": 188, "multipoint_pads_total": 206, "multipoint_edges_routed": 1, "multipoint_edges_failed": 16, "ripup_success_pairs": [], "rerouted_pairs": [], "single_ended_target_swaps": [], "layer_swaps": 0, "successful": 0, "failed": 28, "total_time": 7.66, "total_iterations": 4211208, "total_vias": 0, "cleanup_disconnected": [], "min_clearance_used": 0.2, "rescue": {"attempted": 28, "recovered": [], "improved": [], "unchanged": ["+12V", "+3V3", "+48V_SW", "/ENABLE", "/ETH_INTn", "/ETH_LED_ACT", "/ETH_LED_LINK", "/ETH_MISO", "/ETH_MOSI", "/ETH_RSTn", "/ETH_SCLK", "/FAULT", "/PWM0", "/PWM1", "/PWM2", "/PWM3", "/PWM4", "/PWM5", "/mcu/BOOT", "/mcu/ENABLE_M", "/mcu/FAULT_M", "/mcu/RXD0", "/mcu/STATUS", "/mcu/TXD0", "/poe/LED_Y_A", "/pwr/UVLO", "GND", "V48_RAW"], "pads_reconnected": 0, "time": 250.01}}

Writing output to C:\dev\ai-ee3\boards\lumina-carrier\work\p7\krtf1.kicad_pcb...
Removed 1 dead-end input segment(s) from the output
Successfully wrote C:\dev\ai-ee3\boards\lumina-carrier\work\p7\krtf1.kicad_pcb
Note: the JSON_SUMMARY above covers only the reconciliation subset; the run's full tally is the earlier JSON_SUMMARY plus these recoveries.
