#VRML V2.0 utf8
# 3D model generated by easyeda2kicad.py (https://github.com/uPesy/easyeda2kicad.py)

Shape{
    appearance Appearance {
        material  Material 	{
            diffuseColor 0.0 1.0 1.0
            specularColor 0.0 0.5019607843137255 0.5019607843137255
            ambientIntensity 0.701
            transparency 0.0
            shininess 0.5
        }
    }
    geometry IndexedFaceSet {
        ccw TRUE
        solid FALSE
        coord DEF co Coordinate {
            point [
                0.4883 1.4195 1.0976, 0.5083 1.4127 1.0724, 0.4831 1.4212 1.0907, 0.4797 1.4223 1.0828, 0.4952 1.4172 1.1035, 0.5032 1.4145 1.1072, 0.5123 1.4114 1.1088, 0.5044 1.4141 1.0361, 0.497 1.4166 1.0391, 0.4901 1.4189 1.0442, 0.4843 1.4208 1.0511, 0.4809 1.4219 1.0576, 0.4787 1.4226 1.066, 0.4784 1.4227 1.0754, 0.5479 1.3985 1.0664, 0.5458 1.3992 1.0581, 0.5175 1.4096 1.0718, 0.5425 1.4005 1.0514, 0.537 1.4025 1.0446, 0.5298 1.4052 1.0392, 0.5218 1.408 1.036, 0.5175 1.4095 1.0354, 0.5175 1.4095 1.1082, 0.5223 1.4078 1.1075, 0.5298 1.4052 1.1045, 0.5367 1.4026 1.0993, 0.5424 1.4005 1.0923, 0.5459 1.3992 1.0851, 0.5479 1.3985 1.0765, 0.5134 1.411 1.1088, 0.5134 1.411 1.0348
            ]
        }
        coordIndex [
            0,1,2,-1,2,1,3,-1,0,4,1,-1,1,4,5,-1,1,5,6,-1,1,7,8,-1,8,9,1,-1,1,9,10,-1,1,10,11,-1,11,12,1,-1,1,12,13,-1,1,13,3,-1,14,15,16,-1,16,15,17,-1,16,17,18,-1,18,19,16,-1,16,19,20,-1,16,20,21,-1,16,22,23,-1,23,24,16,-1,16,24,25,-1,16,25,26,-1,26,27,16,-1,16,27,28,-1,16,28,14,-1,6,29,1,-1,1,29,22,-1,1,22,7,-1,7,22,16,-1,7,16,30,-1,30,16,21,-1,
        ]
    }
}
Shape{
    appearance Appearance {
        material  Material 	{
            diffuseColor 0.0 0.0 0.0
            specularColor 0.0 0.0 0.0
            ambientIntensity 0.0
            transparency 0.0
            shininess 0.5
        }
    }
    geometry IndexedFaceSet {
        ccw TRUE
        solid FALSE
        coord DEF co Coordinate {
            point [
                0.2691 1.4739 1.2775, 0.2618 1.4751 1.2464, 0.2158 1.4819 1.2976, 0.2543 1.4763 1.2464, 0.2345 1.4793 1.2437, 0.2074 1.483 1.2946, 0.2194 1.4814 1.2376, 0.2052 1.4833 1.2273, 0.1788 1.4863 1.2792, 0.1794 1.4863 1.2795, 0.1898 1.4851 1.1366, 0.1315 1.4906 1.127, 0.1836 1.4858 1.1521, 0.1264 1.491 1.1402, 0.1809 1.4861 1.1724, 0.1223 1.4913 1.1733, 0.1815 1.486 1.1816, 0.127 1.491 1.2057, 0.1856 1.4856 1.1988, 0.1315 1.4906 1.2169, 0.1932 1.4847 1.2134, 0.1379 1.4901 1.2328, 0.1565 1.4885 1.2592, 0.2982 1.4687 1.0405, 0.2486 1.4772 1.0405, 0.2486 1.4772 1.0984, 0.2458 1.4776 1.0405, 0.243 1.478 1.0405, 0.2302 1.4799 1.1021, 0.211 1.4825 1.0474, 0.2141 1.4821 1.11, 0.1825 1.4859 1.0616, 0.2002 1.4839 1.1221, 0.1573 1.4885 1.0832, 0.138 1.4901 1.1102, 0.2907 1.47 1.0984, 0.2963 1.469 1.0993, 0.3046 1.4674 1.098, 0.3106 1.4662 1.0954, 0.3162 1.4651 1.0911, 0.3052 1.4673 1.042, 0.3117 1.466 1.0451, 0.305 1.4673 1.3309, 0.2994 1.4684 1.3963, 0.3209 1.4641 1.3423, 0.3209 1.4641 1.406, 0.3304 1.4622 1.3491, 0.2702 1.4737 1.2795, 0.2326 1.4796 1.3318, 0.2839 1.4713 1.3064, 0.2567 1.4759 1.3629, 0.2664 1.4743 1.3726, 0.3173 1.4649 1.0499, 0.3203 1.4643 1.0863, 0.3209 1.4642 1.0548, 0.3209 1.4642 1.085, 0.3235 1.4636 1.0797, 0.325 1.4633 1.0726, 0.3252 1.4633 1.0699, 0.3213 1.4641 1.0553, 0.3239 1.4635 1.0616, 0.4996 1.4157 1.3042, 0.5164 1.41 1.2757, 0.5108 1.4119 1.2795, 0.5134 1.411 1.2739, 0.4576 1.4293 1.3465, 0.5017 1.415 1.3849, 0.4823 1.4215 1.3266, 0.5175 1.4095 1.3699, 0.5175 1.4095 1.2762, 0.3926 1.4476 1.4219, 0.4306 1.4373 1.4179, 0.4318 1.4369 1.3586, 0.4662 1.4266 1.4061, 0.498 1.4163 1.3876, 0.401 1.4454 1.3646, 0.3917 1.4478 1.365, 0.3732 1.4524 1.4208, 0.36 1.4556 1.3609, 0.3526 1.4572 1.3579, 0.3354 1.4611 1.4125, 0.3526 1.4572 1.4163, 0.5218 1.408 1.036, 0.5298 1.4052 1.0392, 0.5584 1.3944 0.9912, 0.5458 1.3992 1.0581, 0.5479 1.3985 1.0664, 0.5958 1.3794 1.106, 0.5662 1.3914 0.9977, 0.537 1.4025 1.0446, 0.5425 1.4005 1.0514, 0.5479 1.3985 1.0765, 0.5459 1.3992 1.0851, 0.5866 1.3832 1.1256, 0.5424 1.4005 1.0923, 0.5727 1.3889 1.1432, 0.5367 1.4026 1.0993, 0.5662 1.3914 1.1482, 0.5298 1.4052 1.1045, 0.5551 1.3957 1.1569, 0.5354 1.4031 1.1654, 0.5223 1.4078 1.1075, 0.5175 1.4095 1.1679, 0.5276 1.406 1.3603, 0.541 1.401 1.3432, 0.5254 1.4067 1.2795, 0.6309 1.3642 1.137, 0.6712 1.3455 1.095, 0.6659 1.348 1.0879, 0.6161 1.3708 1.1198, 0.6874 1.3375 1.1233, 0.6416 1.3594 1.1579, 0.6979 1.3322 1.1562, 0.6469 1.357 1.1793, 0.7016 1.3304 1.1914, 0.6479 1.3565 1.1933, 0.7009 1.3307 1.2064, 0.6449 1.3579 1.2179, 0.6945 1.334 1.2404, 0.6813 1.3406 1.2719, 0.6365 1.3617 1.2402, 0.6758 1.3432 1.2795, 0.6237 1.3675 1.2589, 0.6616 1.3501 1.2995, 0.6507 1.3552 1.3104, 0.6093 1.3737 1.2721, 0.6241 1.3673 1.3292, 0.5957 1.3794 1.2795, 0.594 1.3802 1.341, 0.5898 1.3819 1.2827, 0.5662 1.3913 1.3445, 0.5687 1.3904 1.2877, 0.5663 1.3914 1.2878, 0.5614 1.3933 1.3451, 0.5606 1.3936 1.2881, 0.5381 1.4021 1.2849, 0.5752 1.3878 1.0051, 0.5869 1.3831 1.0205, 0.6414 1.3595 1.0646, 0.6164 1.3707 1.0496, 0.5966 1.3791 1.0424, 0.4272 1.4382 1.0412, 0.4224 1.4396 1.0641, 0.4451 1.433 1.0315, 0.422 1.4397 1.0728, 0.422 1.4397 1.0822, 0.4681 1.426 0.9903, 0.4502 1.4315 1.0043, 0.4374 1.4353 1.0201, 0.4448 1.4331 1.1363, 0.4272 1.4382 1.1459, 0.3524 1.4564 1.1201, 0.3524 1.4565 1.1861, 0.3209 1.464 1.1372, 0.3215 1.4641 1.2027, 0.5175 1.4095 1.1082, 0.5134 1.411 1.1088, 0.5125 1.4113 1.1686, 0.5123 1.4114 1.1088, 0.502 1.4149 1.1679, 0.4807 1.422 1.1626, 0.5032 1.4145 1.1072, 0.4617 1.428 1.1522, 0.4952 1.4172 1.1035, 0.4883 1.4195 1.0976, 0.4831 1.4212 1.0907, 0.4797 1.4223 1.0828, 0.4784 1.4227 1.0754, 0.4787 1.4226 1.066, 0.4809 1.4219 1.0576, 0.4843 1.4208 1.0511, 0.5402 1.4013 0.9824, 0.5186 1.4092 0.9781, 0.5175 1.4095 1.0354, 0.5175 1.4096 0.9781, 0.5134 1.411 1.0348, 0.5125 1.4113 0.9779, 0.5044 1.4141 1.0361, 0.4893 1.4192 0.9811, 0.497 1.4166 1.0391, 0.4901 1.4189 1.0442, 0.3209 1.4642 1.2018, 0.3161 1.4651 1.1398, 0.2926 1.4697 1.1525, -0.5544 1.3803 1.041, -0.5719 1.3729 1.041, -0.5837 1.3677 1.0775, -0.6341 1.3444 1.0775, -0.6293 1.3467 1.0925, -0.5887 1.3655 1.0925, -0.601 1.36 1.1744, -0.6092 1.3562 1.1574, -0.6177 1.3522 1.1744, -0.6088 1.3564 1.1574, -0.6068 1.3573 1.148, -0.6111 1.3553 1.148, -0.6633 1.3298 1.041, -0.6463 1.3384 1.041
            ]
        }
        coordIndex [
            0,1,2,-1,1,3,2,-1,2,3,4,-1,2,4,5,-1,5,4,6,-1,7,8,6,-1,6,8,9,-1,6,9,5,-1,10,11,12,-1,12,11,13,-1,12,13,14,-1,14,13,15,-1,14,15,16,-1,16,15,17,-1,16,17,18,-1,18,17,19,-1,18,19,20,-1,20,19,21,-1,20,21,7,-1,7,21,22,-1,7,22,8,-1,23,24,25,-1,24,26,25,-1,25,26,27,-1,25,27,28,-1,28,27,29,-1,28,29,30,-1,30,29,31,-1,30,31,32,-1,32,31,33,-1,32,33,10,-1,10,33,34,-1,10,34,11,-1,25,35,23,-1,23,35,36,-1,23,36,37,-1,37,38,23,-1,23,38,39,-1,23,39,40,-1,40,39,41,-1,42,43,44,-1,44,43,45,-1,44,45,46,-1,0,2,47,-1,47,2,48,-1,47,48,49,-1,49,48,50,-1,49,50,42,-1,42,50,51,-1,42,51,43,-1,41,39,52,-1,52,39,53,-1,52,53,54,-1,54,53,55,-1,54,55,56,-1,56,57,54,-1,54,57,58,-1,54,58,59,-1,59,58,60,-1,61,62,63,-1,63,62,64,-1,65,66,67,-1,67,66,68,-1,67,68,61,-1,61,68,69,-1,61,69,62,-1,70,71,72,-1,72,71,73,-1,72,73,65,-1,65,73,74,-1,65,74,66,-1,72,75,70,-1,70,75,76,-1,70,76,77,-1,77,76,78,-1,46,45,79,-1,79,45,80,-1,79,80,78,-1,78,80,81,-1,78,81,77,-1,82,83,84,-1,85,86,87,-1,84,83,88,-1,88,83,89,-1,88,89,90,-1,86,91,87,-1,87,91,92,-1,87,92,93,-1,93,92,94,-1,93,94,95,-1,95,94,96,-1,95,96,97,-1,97,96,98,-1,97,98,99,-1,99,98,100,-1,100,98,101,-1,100,101,102,-1,68,103,69,-1,69,103,104,-1,69,104,105,-1,106,107,108,-1,106,108,109,-1,107,106,110,-1,110,106,111,-1,110,111,112,-1,112,111,113,-1,112,113,114,-1,114,113,115,-1,114,115,116,-1,116,115,117,-1,116,117,118,-1,118,117,119,-1,119,117,120,-1,119,120,121,-1,121,120,122,-1,121,122,123,-1,123,122,124,-1,124,122,125,-1,124,125,126,-1,126,125,127,-1,126,127,128,-1,128,127,129,-1,128,129,130,-1,129,131,130,-1,130,131,132,-1,130,132,133,-1,133,132,134,-1,133,134,104,-1,104,134,135,-1,104,135,105,-1,90,85,88,-1,88,85,87,-1,88,87,136,-1,136,87,137,-1,108,138,109,-1,109,138,139,-1,109,139,87,-1,87,139,140,-1,87,140,137,-1,141,142,143,-1,143,142,144,-1,143,144,145,-1,146,147,143,-1,143,147,148,-1,143,148,141,-1,146,143,149,-1,149,143,145,-1,149,145,150,-1,150,145,151,-1,150,151,152,-1,152,151,153,-1,152,153,154,-1,101,155,102,-1,102,155,156,-1,102,156,157,-1,157,156,158,-1,157,158,159,-1,159,158,160,-1,160,158,161,-1,160,161,162,-1,162,161,163,-1,162,163,149,-1,163,164,149,-1,149,164,165,-1,149,165,166,-1,166,167,149,-1,149,167,168,-1,149,168,146,-1,146,168,169,-1,146,169,170,-1,84,171,82,-1,82,171,172,-1,82,172,173,-1,173,172,174,-1,173,174,175,-1,175,174,176,-1,175,176,177,-1,177,176,178,-1,177,178,179,-1,179,178,146,-1,179,146,180,-1,180,146,170,-1,154,153,181,-1,181,153,182,-1,181,182,183,-1,184,185,186,-1,187,188,186,-1,186,188,189,-1,186,189,184,-1,184,189,190,-1,191,192,193,-1,193,192,190,-1,193,190,194,-1,194,190,189,-1,191,195,192,-1,192,195,188,-1,192,188,196,-1,196,188,187,-1,196,187,197,-1,
        ]
    }
}
Shape{
    appearance Appearance {
        material  Material 	{
            diffuseColor 0.0 1.0 1.0
            specularColor 0.0 0.5019607843137255 0.5019607843137255
            ambientIntensity 0.701
            transparency 0.0
            shininess 0.5
        }
    }
    geometry IndexedFaceSet {
        ccw TRUE
        solid FALSE
        coord DEF co Coordinate {
            point [
                -0.6092 1.3562 1.1574, -0.6088 1.3564 1.1574, -0.6111 1.3553 1.148, -0.6068 1.3573 1.148, -0.6293 1.3467 1.0925, -0.5887 1.3655 1.0925, -0.5168 1.3953 1.0694, -0.481 1.4085 1.1591, -0.5078 1.3987 1.0626, -0.4968 1.4028 1.0582, -0.5175 1.3951 1.0701, -0.5234 1.3928 1.078, -0.5279 1.391 1.088, -0.5304 1.39 1.1021, -0.5307 1.3899 1.1089, -0.529 1.3905 1.1249, -0.5259 1.3918 1.1342, -0.5206 1.3938 1.1428, -0.4957 1.4032 1.1575, -0.5171 1.3952 1.1465, -0.5068 1.3991 1.1536, -0.4619 1.4152 1.1591, -0.4619 1.4152 1.0562, -0.4802 1.4088 1.0562, -0.0864 1.491 1.3001, -0.0807 1.4914 1.3179, -0.0827 1.4913 1.3007, 0.6813 1.3406 1.2719, 0.6758 1.3432 1.2795, 0.7677 1.2944 1.2795, -1.3282 -0.6504 0.5906, -1.3282 -0.6504 0.0, -1.2164 -0.844 0.0, -1.1859 0.8846 0.5906, -1.1859 0.8846 1.2795, -1.077 1.0163 1.2795, -0.5709 1.3733 0.3937, -0.5709 1.3733 0.0, -0.7283 1.2944 0.0, -0.5544 1.3803 1.041, -0.5269 1.3914 0.3937, -0.5719 1.3729 1.041, -0.5269 1.3914 1.1582, -0.5289 1.3906 1.1567, -0.601 1.36 1.1744, -0.5334 1.3888 1.1518, -0.5406 1.3859 1.1411, -0.5452 1.3841 1.129, -0.5475 1.3831 1.1094, -0.5473 1.3832 1.1032, -0.5442 1.3845 1.0855, -0.5386 1.3867 1.0725, -0.5289 1.3906 1.0597, -0.5269 1.3914 1.2795, -0.501 1.4011 1.2795, -0.5107 1.3976 1.2527, -0.4187 1.4291 1.1744, -0.4151 1.4302 1.2527, -0.3525 1.4478 1.1744, -0.3968 1.4357 1.2527, -0.4998 1.4017 1.1723, -0.5154 1.3959 1.1664, -0.7283 1.2944 1.2795, -0.6177 1.3522 1.1744, -0.6633 1.3298 1.041, -0.4816 1.4083 1.1744, -0.4928 1.4043 1.2527, -0.4456 1.4206 1.1744, -0.3692 1.4434 1.1591, -0.3692 1.4434 1.1164, -0.4187 1.4291 1.1591, -0.4151 1.4302 1.1164, -0.3692 1.4434 1.1011, -0.3692 1.4434 1.0562, -0.4151 1.4302 1.1011, -0.4216 1.4282 1.0562, -0.37 1.4432 1.2711, -0.3564 1.4468 1.2612, -0.3182 1.4562 1.1363, -0.341 1.4507 1.2552, -0.32 1.4557 1.2527, -0.3132 1.4572 1.2527, -0.3132 1.4573 1.1222, -0.5286 1.3907 1.0594, -0.5269 1.3914 1.0581, -0.5155 1.3958 1.0495, -0.4456 1.4206 1.041, -0.4216 1.4282 1.041, -0.3525 1.4478 1.041, -0.3132 1.4573 0.3937, -0.4803 1.4088 1.041, -0.5006 1.4014 1.0435, -0.3214 1.4554 1.3861, -0.3401 1.4509 1.384, -0.3132 1.4573 2.5591, -0.3563 1.4468 1.3781, -0.3703 1.4431 1.3684, -0.4454 1.4207 1.3861, -0.375 1.4418 1.3635, -0.3824 1.4397 1.3528, -0.3703 1.4431 1.2714, -0.3768 1.4413 1.2795, -0.4066 1.4326 1.2795, -0.3804 1.4403 1.2842, -0.3863 1.4387 1.2972, -0.3872 1.4384 1.3407, -0.3897 1.4377 1.3211, -0.3895 1.4378 1.3149, -0.4628 1.4149 1.3861, -0.5269 1.3914 2.5591, -0.0921 1.4906 1.3766, -0.0983 1.4901 1.381, -0.0921 1.4906 2.5591, -0.1104 1.4891 1.3857, -0.1308 1.4872 1.3884, -0.2842 1.4636 1.2795, -0.2842 1.4636 1.3861, -0.2565 1.4691 1.3708, -0.2565 1.4691 1.3861, -0.1887 1.4802 1.3861, -0.3132 1.4573 1.3861, -0.2057 1.4777 1.3128, -0.2057 1.4777 1.2795, -0.2528 1.4698 1.3128, -0.2528 1.4698 1.3281, -0.2057 1.4777 1.3281, -0.2057 1.4777 1.3708, -0.1309 1.4872 1.3728, -0.1277 1.4875 1.3727, -0.1887 1.4802 1.2795, -0.1469 1.4855 1.3871, -0.1622 1.4837 1.3829, -0.1622 1.4837 1.3649, -0.1483 1.4853 1.3705, -0.1144 1.4888 1.3704, -0.1049 1.4896 1.3661, -0.0947 1.4904 1.358, -0.0921 1.4906 1.2822, -0.0938 1.4905 1.2798, -0.186 1.4806 1.0401, -0.1734 1.4823 1.0443, -0.1509 1.4851 1.041, -0.2489 1.4705 0.9974, -0.2142 1.4764 1.0407, -0.199 1.4787 1.0387, -0.1734 1.4823 1.0616, -0.1457 1.4856 1.1249, -0.149 1.4853 1.117, -0.1509 1.4851 1.1023, -0.335 1.4521 1.1363, -0.3132 1.4571 1.0794, -0.2929 1.4618 1.0266, -0.2857 1.4633 1.0122, -0.2794 1.4646 1.0044, -0.2736 1.4658 1.0, -0.0921 1.4906 0.3937, -0.2595 1.4685 0.9961, -0.2675 1.467 0.9973, -0.1343 1.4869 1.041, -0.1343 1.4869 1.0557, -0.1338 1.4869 1.0557, -0.1322 1.4871 1.0532, -0.1262 1.4877 1.0463, -0.1205 1.4882 1.0424, -0.114 1.4888 1.0399, -0.1047 1.4896 1.0387, -0.0952 1.4904 1.0398, -0.0921 1.4906 1.0409, -0.237 1.4726 1.0669, -0.2364 1.4727 1.0615, -0.2823 1.464 1.0412, -0.2348 1.473 1.0561, -0.2751 1.4655 1.0238, -0.232 1.4735 1.0516, -0.2511 1.4701 1.0116, -0.2489 1.4705 1.0123, -0.2264 1.4744 1.0463, -0.2234 1.4749 1.0445, -0.2583 1.4688 1.0104, -0.2621 1.468 1.0109, -0.2656 1.4673 1.0122, -0.2685 1.4668 1.0141, -0.2713 1.4662 1.0172, -0.1052 1.4896 1.271, -0.1135 1.4889 1.2677, -0.1279 1.4875 1.2658, -0.0975 1.4902 1.2764, -0.131 1.4872 1.2659, -0.0941 1.4905 1.2795, -0.1482 1.4854 1.2686, -0.1622 1.4837 1.2747, -0.2006 1.4785 1.0524, -0.206 1.4777 1.0527, -0.1985 1.4788 1.0829, -0.2184 1.4757 1.0591, -0.2195 1.4756 1.0617, -0.2128 1.4766 1.0572, -0.2169 1.476 1.0571, -0.212 1.4768 1.054, -0.2149 1.4763 1.0554, -0.2201 1.4755 1.0653, -0.2199 1.4755 1.0674, -0.2192 1.4756 1.0698, -0.2182 1.4758 1.0717, -0.2158 1.4762 1.0743, -0.2141 1.4764 1.0755, -0.1818 1.4812 1.0919, -0.1926 1.4797 1.0855, -0.1798 1.4814 1.0577, -0.1907 1.4799 1.0536, -0.1782 1.4817 1.0955, -0.1767 1.4819 1.0977, -0.1744 1.4822 1.1035, -0.1735 1.4823 1.1106, -0.1739 1.4822 1.1152, -0.1755 1.482 1.1207, -0.1782 1.4817 1.1252, -0.1866 1.4805 1.1325, -0.1965 1.4791 1.1366, -0.2842 1.4636 1.2527, -0.1841 1.4809 1.1309, -0.2325 1.4734 1.1342, -0.2182 1.4758 1.1379, -0.2102 1.477 1.1385, -0.2883 1.4628 1.0646, -0.2903 1.4623 1.0568, -0.2908 1.4622 1.0568, -0.2928 1.4618 1.0645, -0.2639 1.4677 1.1363, -0.2456 1.4711 1.1363, -0.2325 1.4734 1.118, -0.2057 1.4777 1.2679, -0.2595 1.4685 1.2679, -0.2595 1.4685 1.2527, -0.0921 1.4906 1.1333, -0.0992 1.4901 1.1361, -0.1887 1.4802 1.2527, -0.1166 1.4886 1.1385, -0.1226 1.488 1.1381, -0.142 1.486 1.1298, -0.1379 1.4865 1.1331, -0.1322 1.4871 1.1359, -0.1622 1.4837 1.2582, -0.1479 1.4854 1.253, -0.1255 1.4877 1.2504, -0.1201 1.4883 1.2506, -0.2086 1.4773 1.1249, -0.2063 1.4776 1.1248, -0.2102 1.477 1.095, -0.1956 1.4792 1.1213, -0.1931 1.4796 1.1191, -0.1959 1.4792 1.1019, -0.2 1.4786 1.1235, -0.1924 1.4797 1.1054, -0.1911 1.4799 1.1156, -0.1911 1.4799 1.1082, -0.1905 1.48 1.1121, -0.1918 1.4798 1.1174, -0.1941 1.4794 1.1032, -0.236 1.4728 1.0736, -0.2338 1.4732 1.0793, -0.2207 1.4754 1.1232, -0.2117 1.4768 1.0944, -0.2309 1.4737 1.1189, -0.2263 1.4744 1.087, -0.2315 1.4736 1.0827, -1.1859 0.8846 2.5591, -1.077 1.0163 2.5591, -1.2164 0.8415 0.5906, -1.077 1.0163 0.0, -1.2164 0.8415 0.0, -1.3282 0.6479 0.0, -1.3282 0.6479 0.5906, -1.3931 0.4909 0.0, -1.3931 0.4909 0.3937, -1.4099 0.4397 0.5906, -1.4099 -0.4422 0.3937, -1.4597 -0.2242 0.5906, -1.4597 -0.2242 0.3937, -1.4764 -0.0013 0.5906, -1.4764 -0.0013 0.3937, -1.4597 0.2217 0.5906, -1.4597 0.2217 0.3937, -1.4099 0.4397 0.3937, -1.3931 -0.4934 0.0, -1.3931 -0.4934 0.3937, -1.4099 -0.4422 0.5906, -1.077 -1.0188 1.2795, -1.1859 -0.8871 1.2795, -1.1859 -0.8871 0.5906, -0.0556 1.4929 1.1591, -0.0041 1.4946 1.1591, -0.0041 1.4946 1.1164, -0.0518 1.4931 1.1164, -0.0755 1.4918 1.0743, -0.0839 1.4912 1.1134, -0.0775 1.4916 1.0805, -0.0807 1.4914 1.0856, -0.0041 1.4946 1.0562, -0.0586 1.4928 1.0562, -0.0041 1.4946 1.1011, -0.0518 1.4931 1.1011, -0.0746 1.4918 1.0665, -0.0886 1.4909 1.0422, -0.0828 1.4913 1.0462, -0.0586 1.4928 1.041, -0.0821 1.4913 1.0469, -0.0781 1.4916 1.0521, -0.0759 1.4917 1.0572, 0.1315 1.4906 0.3937, 0.0131 1.4948 1.041, 0.0131 1.4948 1.1744, 0.1315 1.4906 1.2795, 0.1315 1.4906 1.2169, 0.1315 1.4906 1.127, 0.1264 1.491 1.1402, 0.1223 1.4913 1.1733, 0.127 1.491 1.2057, -0.0041 1.4946 1.2679, -0.0572 1.4928 1.2679, -0.072 1.492 1.2795, -0.0795 1.4915 1.269, -0.1035 1.4897 1.2536, -0.0921 1.4906 1.2588, -0.0915 1.4907 1.2591, -0.0856 1.4911 1.1306, -0.0572 1.4928 1.2527, -0.0798 1.4915 1.2686, -0.0556 1.4929 1.1744, -0.0839 1.4912 1.1296, 0.1809 1.4861 1.1724, 0.1815 1.486 1.1816, 0.2926 1.4697 1.1525, 0.1856 1.4856 1.1988, 0.1932 1.4847 1.2134, 0.2052 1.4833 1.2273, 0.2194 1.4814 1.2376, 0.2345 1.4793 1.2437, 0.2543 1.4763 1.2464, 0.3209 1.4642 1.2018, 0.3209 1.4642 1.085, 0.3203 1.4643 1.0863, 0.3162 1.4651 1.0911, 0.3106 1.4662 1.0954, 0.3046 1.4674 1.098, 0.2963 1.469 1.0993, 0.2907 1.47 1.0984, 0.2486 1.4772 1.0984, 0.2302 1.4799 1.1021, 0.2141 1.4821 1.11, 0.2002 1.4839 1.1221, 0.1898 1.4851 1.1366, 0.1836 1.4858 1.1521, 0.2618 1.4751 1.2464, 0.2691 1.4739 1.2775, 0.3215 1.4641 1.2027, 0.2702 1.4737 1.2795, 0.3524 1.4565 1.1861, 0.138 1.4901 1.1102, 0.1573 1.4885 1.0832, 0.1825 1.4859 1.0616, 0.2486 1.4772 1.0405, 0.2982 1.4687 1.0405, 0.3526 1.4573 0.3937, 0.3052 1.4673 1.042, 0.3117 1.466 1.0451, 0.211 1.4825 1.0474, 0.243 1.478 1.0405, 0.2458 1.4776 1.0405, 0.3173 1.4649 1.0499, 0.3209 1.4642 1.0548, 0.3213 1.4641 1.0553, 0.3239 1.4635 1.0616, 0.3252 1.4633 1.0699, 0.3524 1.4564 1.1201, 0.325 1.4633 1.0726, 0.3235 1.4636 1.0797, 0.3209 1.464 1.1372, 0.3161 1.4651 1.1398, 0.422 1.4397 1.0822, 0.422 1.4397 1.0728, 0.4224 1.4396 1.0641, 0.4272 1.4382 1.0412, 0.4374 1.4353 1.0201, 0.4502 1.4315 1.0043, 0.5186 1.4092 0.9781, 0.5402 1.4013 0.9824, 0.5663 1.3914 0.3937, 0.5175 1.4096 0.9781, 0.4681 1.426 0.9903, 0.4893 1.4192 0.9811, 0.5125 1.4113 0.9779, 0.5584 1.3944 0.9912, 0.5662 1.3914 0.9977, 0.7677 1.2944 0.3937, 0.5752 1.3878 1.0051, 0.5869 1.3831 1.0205, 0.5966 1.3791 1.0424, 0.6164 1.3707 1.0496, 0.6414 1.3595 1.0646, 0.6659 1.348 1.0879, 0.6712 1.3455 1.095, 0.6874 1.3375 1.1233, 0.6979 1.3322 1.1562, 0.7016 1.3304 1.1914, 0.7009 1.3307 1.2064, 0.6945 1.334 1.2404, 0.9525 1.1684 0.0, 0.8071 1.2708 0.0, 0.8071 1.2708 0.3937, 0.7677 -1.2969 0.3937, 0.8071 -1.2733 0.3937, 0.9525 -1.1709 1.2795, 0.7677 -1.2969 1.2795, 0.5663 -1.3939 1.2795, 0.5663 -1.3939 0.3937, 0.3526 -1.4598 1.2795, 0.3526 -1.4598 0.3937, 0.1315 -1.4931 1.2795, 0.1315 -1.4931 0.3937, -0.0921 -1.4931 1.2795, -0.0921 -1.4931 0.3937, -0.3132 -1.4598 1.2795, -0.3132 -1.4598 0.3937, -0.5269 -1.3939 1.2795, -0.5269 -1.3939 0.3937, -0.7283 -1.2969 0.0, -0.5709 -1.3758 0.0, -0.5709 -1.3758 0.3937, 0.0131 1.4948 1.2527, 0.0131 1.4948 1.2795, 0.0131 1.4948 1.3861, -0.0041 1.4946 1.3861, 0.1315 1.4906 2.5591, -0.0041 1.4946 1.2795, -0.0706 1.4921 1.2816, -0.065 1.4924 1.2963, -0.0658 1.4924 1.3407, -0.0627 1.4925 1.3199, -0.0627 1.4925 1.3169, -0.0717 1.492 1.355, -0.0819 1.4914 1.3687, -0.0851 1.4911 1.3717, -0.0921 1.4906 1.3544, -0.0873 1.491 1.3476, -0.0827 1.4913 1.3355, -0.0947 1.4904 1.358, -0.0867 1.491 1.29, -0.4834 1.4077 1.2795, -0.4241 1.4275 1.2795, -0.48 1.4089 1.2892, -0.4273 1.4265 1.2892, -0.0852 1.4911 1.09, -0.0917 1.4907 1.0937, -0.0921 1.4906 1.1184, -0.0921 1.4906 1.0938, -0.096 1.4903 1.1207, -0.1061 1.4895 1.0976, -0.1343 1.4869 1.1015, -0.1338 1.4869 1.1077, -0.1321 1.4871 1.1144, -0.1302 1.4873 1.1181, -0.1281 1.4875 1.1204, -0.1251 1.4878 1.1225, -0.1212 1.4882 1.124, -0.115 1.4887 1.1249, -0.1068 1.4895 1.1241, 0.3209 1.4641 1.406, 0.2994 1.4684 1.3963, 0.2664 1.4743 1.3726, 0.2567 1.4759 1.3629, 0.2326 1.4796 1.3318, 0.541 1.401 1.3432, 0.5276 1.406 1.3603, 0.5614 1.3933 1.3451, 0.5175 1.4095 1.3699, 0.5663 1.3914 2.5591, 0.5017 1.415 1.3849, 0.498 1.4163 1.3876, 0.4662 1.4266 1.4061, 0.4306 1.4373 1.4179, 0.3526 1.4573 2.5591, 0.3926 1.4476 1.4219, 0.3732 1.4524 1.4208, 0.3526 1.4572 1.4163, 0.3354 1.4611 1.4125, 0.6616 1.3501 1.2995, 0.7677 1.2944 2.5591, 0.6507 1.3552 1.3104, 0.6241 1.3673 1.3292, 0.594 1.3802 1.341, 0.5662 1.3913 1.3445, 0.5134 1.411 1.2739, 0.4807 1.422 1.1626, 0.4617 1.428 1.1522, 0.4448 1.4331 1.1363, 0.4272 1.4382 1.1459, 0.3526 1.4573 1.2795, 0.5354 1.4031 1.1654, 0.5663 1.3914 1.2795, 0.5551 1.3957 1.1569, 0.5662 1.3914 1.1482, 0.5175 1.4095 1.1679, 0.5254 1.4067 1.2795, 0.5175 1.4095 1.2762, 0.5125 1.4113 1.1686, 0.5164 1.41 1.2757, 0.502 1.4149 1.1679, 0.5958 1.3794 1.106, 0.5866 1.3832 1.1256, 0.6161 1.3708 1.1198, 0.6309 1.3642 1.137, 0.6449 1.3579 1.2179, 0.6479 1.3565 1.1933, 0.5727 1.3889 1.1432, 0.6469 1.357 1.1793, 0.6416 1.3594 1.1579, 0.6365 1.3617 1.2402, 0.6237 1.3675 1.2589, 0.5606 1.3936 1.2881, 0.5663 1.3914 1.2878, 0.5687 1.3904 1.2877, 0.5898 1.3819 1.2827, 0.5957 1.3794 1.2795, 0.6093 1.3737 1.2721, 0.5381 1.4021 1.2849, 0.3917 1.4478 1.365, 0.401 1.4454 1.3646, 0.36 1.4556 1.3609, 0.4318 1.4369 1.3586, 0.4576 1.4293 1.3465, 0.4823 1.4215 1.3266, 0.4996 1.4157 1.3042, 0.5108 1.4119 1.2795, 0.305 1.4673 1.3309, 0.3209 1.4641 1.3423, 0.2839 1.4713 1.3064, 0.3304 1.4622 1.3491, 0.3526 1.4572 1.3579, 0.2158 1.4819 1.2976, 0.2074 1.483 1.2946, 0.1794 1.4863 1.2795, 0.1788 1.4863 1.2792, 0.1565 1.4885 1.2592, 0.1379 1.4901 1.2328, -0.7283 -1.2969 1.2795, -0.9131 -1.1709 1.2795, -0.9131 -1.1709 0.0, -1.077 -1.0188 0.0, -1.2164 -0.844 0.5906, 0.9525 1.1684 1.2795, 1.1164 1.0163 1.2795, 1.1164 1.0163 0.0, 1.2558 0.8415 1.2795, 1.2558 0.8415 0.0, 1.3676 0.6479 1.2795, 1.3676 0.6479 0.0, 1.4493 0.4397 1.2795, 1.4493 0.4397 0.0, 1.499 0.2217 1.2795, 1.499 0.2217 0.0, 1.5157 -0.0013 1.2795, 1.5157 -0.0013 0.0, 1.499 -0.2242 1.2795, 1.499 -0.2242 0.0, 1.4493 -0.4422 1.2795, 1.4493 -0.4422 0.0, 1.3676 -0.6504 1.2795, 1.3676 -0.6504 0.0, 1.2558 -0.844 1.2795, 1.2558 -0.844 0.0, 1.1164 -1.0188 1.2795, 1.1164 -1.0188 0.0, 0.9525 -1.1709 0.0, 0.8071 -1.2733 0.0, 0.9525 1.1684 2.5591, 1.1164 1.0163 2.5591, 1.2558 0.8415 2.5591, 1.3676 0.6479 2.5591, 1.4493 0.4397 2.5591, 1.499 0.2217 2.5591, 1.5157 -0.0013 2.5591, 1.499 -0.2242 2.5591, 1.4493 -0.4422 2.5591, 1.3676 -0.6504 2.5591, 1.2558 -0.844 2.5591, 1.1164 -1.0188 2.5591, 0.9525 -1.1709 2.5591, 0.7677 -1.2969 2.5591, 0.5663 -1.3939 2.5591, 0.3526 -1.4598 2.5591, 0.1315 -1.4931 2.5591, -0.0921 -1.4931 2.5591, -0.3132 -1.4598 2.5591, -0.5269 -1.3939 2.5591, -0.7283 -1.2969 2.5591, -0.9131 -1.1709 2.5591, -1.077 -1.0188 2.5591, -1.1859 -0.8871 2.5591, -0.9131 1.1684 1.2795, -0.9131 1.1684 0.0, -0.6463 1.3384 1.041, -0.6341 1.3444 1.0775, -0.5837 1.3677 1.0775, -0.9131 1.1684 2.5591, -0.7283 1.2944 2.5591
            ]
        }
        coordIndex [
            0,1,2,-1,2,1,3,-1,2,3,4,-1,4,3,5,-1,6,7,8,-1,8,7,9,-1,6,10,7,-1,7,10,11,-1,7,11,12,-1,12,13,7,-1,7,13,14,-1,7,14,15,-1,15,16,7,-1,7,16,17,-1,7,17,18,-1,18,17,19,-1,18,19,20,-1,21,22,7,-1,7,22,23,-1,7,23,9,-1,24,25,26,-1,27,28,29,-1,30,31,32,-1,33,34,35,-1,36,37,38,-1,39,40,41,-1,41,40,36,-1,42,43,44,-1,43,45,44,-1,44,45,46,-1,44,46,47,-1,47,48,44,-1,44,48,49,-1,44,49,39,-1,49,50,39,-1,39,50,51,-1,39,51,52,-1,53,54,55,-1,56,57,58,-1,58,57,59,-1,60,61,55,-1,55,61,42,-1,55,42,53,-1,53,42,44,-1,53,44,62,-1,62,44,63,-1,62,63,64,-1,60,55,65,-1,65,55,66,-1,65,66,67,-1,68,69,70,-1,70,69,71,-1,72,73,74,-1,74,73,75,-1,74,75,71,-1,76,77,78,-1,78,77,79,-1,79,80,78,-1,78,80,81,-1,78,81,82,-1,52,83,39,-1,39,83,84,-1,39,84,40,-1,40,84,85,-1,86,67,75,-1,87,88,89,-1,75,87,86,-1,86,87,89,-1,86,89,90,-1,90,89,40,-1,90,40,91,-1,91,40,85,-1,92,93,94,-1,95,96,97,-1,97,96,98,-1,97,98,99,-1,100,59,101,-1,101,59,102,-1,101,102,103,-1,103,102,104,-1,99,105,97,-1,97,105,106,-1,97,106,102,-1,102,106,107,-1,102,107,104,-1,108,109,97,-1,97,109,94,-1,97,94,95,-1,95,94,93,-1,110,111,112,-1,112,111,113,-1,112,113,114,-1,115,116,117,-1,117,116,118,-1,119,118,112,-1,112,118,116,-1,112,116,94,-1,94,116,120,-1,94,120,92,-1,121,122,123,-1,123,122,115,-1,123,115,124,-1,124,115,117,-1,124,117,125,-1,125,117,126,-1,127,128,129,-1,114,130,112,-1,112,130,131,-1,112,131,119,-1,119,131,132,-1,119,132,129,-1,129,132,133,-1,129,133,127,-1,128,134,129,-1,129,134,135,-1,129,135,136,-1,137,138,129,-1,139,140,141,-1,142,143,144,-1,145,146,147,-1,145,147,140,-1,140,147,148,-1,140,148,141,-1,100,76,59,-1,59,76,78,-1,59,78,58,-1,58,78,149,-1,58,149,88,-1,88,149,150,-1,88,150,89,-1,89,150,151,-1,151,152,89,-1,89,152,153,-1,89,153,154,-1,142,155,156,-1,156,155,89,-1,156,89,157,-1,157,89,154,-1,144,139,142,-1,142,139,141,-1,142,141,155,-1,155,141,158,-1,158,159,160,-1,160,161,158,-1,158,161,162,-1,158,162,163,-1,163,164,158,-1,158,164,165,-1,158,165,155,-1,155,165,166,-1,155,166,167,-1,168,169,170,-1,170,169,171,-1,170,171,172,-1,172,171,173,-1,174,173,175,-1,175,173,176,-1,175,176,142,-1,142,176,177,-1,142,177,143,-1,174,178,173,-1,173,178,179,-1,173,179,180,-1,180,181,173,-1,173,181,182,-1,173,182,172,-1,183,184,185,-1,183,185,186,-1,186,185,187,-1,186,187,188,-1,188,187,189,-1,188,189,190,-1,191,192,193,-1,194,195,196,-1,194,196,197,-1,192,198,196,-1,196,198,199,-1,196,199,197,-1,195,200,196,-1,196,200,201,-1,196,201,192,-1,192,201,202,-1,192,202,203,-1,203,204,192,-1,192,204,205,-1,192,205,193,-1,206,145,207,-1,207,145,208,-1,207,208,193,-1,193,208,209,-1,193,209,191,-1,206,210,145,-1,145,210,211,-1,145,211,146,-1,146,211,212,-1,146,212,213,-1,213,214,146,-1,146,214,215,-1,146,215,216,-1,217,218,219,-1,217,219,220,-1,221,81,222,-1,222,81,219,-1,222,219,223,-1,223,219,218,-1,224,225,226,-1,226,227,224,-1,224,227,82,-1,224,82,228,-1,228,82,81,-1,228,81,229,-1,229,81,221,-1,229,221,230,-1,122,231,115,-1,115,231,232,-1,115,232,219,-1,219,232,233,-1,234,235,236,-1,236,235,237,-1,236,237,238,-1,216,220,146,-1,146,220,219,-1,146,219,239,-1,239,219,233,-1,239,233,240,-1,240,233,236,-1,240,236,241,-1,241,236,238,-1,138,188,129,-1,129,188,190,-1,129,190,236,-1,236,190,242,-1,236,242,234,-1,242,243,234,-1,234,243,244,-1,234,244,245,-1,246,247,248,-1,249,250,251,-1,248,247,251,-1,251,247,252,-1,251,252,249,-1,253,254,255,-1,255,254,256,-1,250,257,251,-1,251,257,254,-1,251,254,258,-1,258,254,253,-1,170,229,168,-1,168,229,230,-1,168,230,259,-1,259,230,260,-1,246,248,261,-1,261,248,262,-1,261,262,263,-1,263,262,264,-1,263,264,230,-1,230,264,265,-1,230,265,260,-1,34,266,267,-1,268,33,269,-1,269,270,268,-1,268,270,271,-1,268,271,272,-1,271,273,272,-1,272,273,274,-1,272,274,275,-1,276,277,278,-1,278,277,279,-1,278,279,280,-1,280,279,281,-1,280,281,282,-1,282,281,275,-1,282,275,283,-1,283,275,274,-1,284,31,285,-1,285,31,30,-1,285,30,276,-1,276,30,286,-1,276,286,277,-1,287,288,289,-1,290,291,292,-1,293,294,295,-1,295,294,296,-1,295,296,297,-1,298,299,300,-1,300,299,301,-1,293,301,294,-1,294,301,299,-1,294,299,302,-1,303,304,305,-1,304,306,305,-1,305,306,307,-1,305,307,299,-1,299,307,308,-1,299,308,302,-1,167,303,155,-1,155,303,305,-1,155,305,309,-1,309,305,310,-1,311,312,313,-1,314,309,315,-1,315,309,310,-1,315,310,316,-1,316,310,311,-1,316,311,317,-1,317,311,313,-1,318,319,320,-1,320,319,321,-1,245,322,234,-1,234,322,323,-1,234,323,324,-1,325,234,326,-1,326,234,324,-1,326,324,319,-1,319,324,327,-1,319,327,321,-1,292,293,290,-1,290,293,295,-1,290,295,328,-1,328,295,329,-1,330,331,332,-1,332,331,333,-1,333,334,332,-1,332,334,335,-1,332,335,336,-1,336,337,332,-1,332,337,338,-1,332,338,339,-1,340,341,332,-1,341,342,332,-1,332,342,343,-1,332,343,344,-1,344,345,332,-1,332,345,346,-1,332,346,347,-1,347,348,332,-1,332,348,349,-1,332,349,350,-1,350,351,332,-1,332,351,352,-1,332,352,330,-1,338,353,339,-1,339,353,354,-1,339,354,355,-1,355,354,356,-1,355,356,357,-1,314,358,309,-1,309,358,359,-1,309,359,360,-1,361,362,363,-1,363,362,364,-1,363,364,365,-1,360,366,309,-1,309,366,367,-1,309,367,363,-1,363,367,368,-1,363,368,361,-1,365,369,363,-1,363,369,370,-1,363,370,371,-1,372,373,374,-1,373,375,374,-1,374,375,376,-1,374,376,377,-1,340,332,376,-1,376,332,378,-1,376,378,377,-1,374,379,380,-1,380,381,374,-1,374,381,363,-1,374,363,372,-1,372,363,371,-1,381,382,363,-1,363,382,383,-1,363,383,384,-1,385,386,387,-1,385,387,388,-1,384,389,363,-1,363,389,390,-1,363,390,387,-1,387,390,391,-1,387,391,388,-1,386,392,387,-1,387,392,393,-1,387,393,394,-1,394,393,395,-1,394,395,396,-1,396,397,394,-1,394,397,398,-1,394,398,399,-1,399,400,394,-1,394,400,401,-1,394,401,402,-1,29,403,404,-1,404,405,29,-1,29,405,406,-1,29,406,27,-1,407,408,409,-1,410,411,412,-1,412,413,410,-1,410,413,414,-1,410,414,415,-1,415,414,416,-1,415,416,417,-1,417,416,418,-1,417,418,419,-1,419,418,420,-1,419,420,421,-1,421,420,422,-1,421,422,423,-1,423,422,424,-1,423,424,425,-1,426,427,428,-1,329,325,328,-1,328,325,326,-1,328,326,311,-1,311,326,429,-1,311,429,312,-1,312,429,430,-1,312,430,431,-1,432,112,431,-1,431,112,433,-1,431,433,312,-1,318,320,434,-1,434,320,435,-1,434,435,436,-1,437,432,438,-1,438,432,434,-1,438,434,439,-1,439,434,436,-1,437,440,432,-1,432,440,441,-1,432,441,112,-1,112,441,442,-1,112,442,110,-1,443,444,24,-1,24,444,445,-1,24,445,25,-1,136,446,129,-1,129,446,443,-1,129,443,137,-1,137,443,24,-1,137,24,447,-1,447,24,26,-1,71,75,70,-1,70,75,67,-1,70,67,56,-1,56,67,66,-1,56,66,57,-1,57,66,448,-1,57,448,449,-1,449,448,450,-1,449,450,451,-1,297,452,295,-1,295,452,453,-1,295,453,454,-1,454,453,455,-1,454,455,456,-1,456,455,457,-1,458,459,457,-1,457,459,460,-1,457,460,461,-1,461,462,457,-1,457,462,463,-1,457,463,464,-1,464,465,457,-1,457,465,466,-1,457,466,456,-1,467,468,433,-1,468,469,433,-1,433,469,470,-1,433,470,471,-1,472,473,474,-1,474,473,475,-1,474,475,476,-1,476,475,477,-1,476,477,478,-1,478,479,476,-1,476,479,480,-1,476,480,481,-1,481,480,482,-1,482,483,481,-1,481,483,484,-1,481,484,433,-1,433,484,485,-1,433,485,467,-1,28,486,487,-1,487,486,488,-1,488,489,487,-1,487,489,490,-1,487,490,476,-1,476,490,491,-1,476,491,474,-1,492,493,494,-1,494,495,496,-1,492,494,497,-1,497,494,496,-1,497,496,357,-1,498,499,500,-1,500,499,501,-1,498,502,503,-1,503,502,504,-1,504,502,505,-1,504,505,506,-1,506,505,492,-1,492,505,507,-1,492,507,493,-1,508,509,510,-1,510,509,511,-1,512,513,514,-1,514,513,515,-1,514,515,509,-1,509,515,516,-1,509,516,511,-1,512,514,517,-1,517,514,501,-1,517,501,518,-1,519,520,499,-1,499,520,521,-1,521,522,499,-1,499,522,523,-1,499,523,501,-1,501,523,524,-1,501,524,518,-1,498,503,499,-1,499,503,525,-1,499,525,519,-1,526,527,497,-1,526,497,528,-1,527,529,497,-1,497,529,530,-1,497,530,531,-1,531,532,497,-1,497,532,533,-1,497,533,492,-1,534,535,497,-1,357,356,497,-1,497,356,536,-1,497,536,534,-1,535,537,497,-1,497,537,538,-1,497,538,528,-1,471,539,433,-1,433,539,540,-1,433,540,312,-1,312,540,541,-1,312,541,542,-1,542,543,312,-1,312,543,544,-1,312,544,313,-1,425,424,428,-1,428,424,545,-1,428,545,426,-1,426,545,546,-1,426,546,547,-1,547,546,287,-1,547,287,548,-1,548,287,289,-1,548,289,32,-1,32,289,549,-1,32,549,30,-1,402,403,394,-1,394,403,29,-1,394,29,409,-1,409,29,550,-1,409,550,407,-1,407,550,551,-1,407,551,552,-1,552,551,553,-1,552,553,554,-1,554,553,555,-1,554,555,556,-1,556,555,557,-1,556,557,558,-1,558,557,559,-1,558,559,560,-1,560,559,561,-1,560,561,562,-1,562,561,563,-1,562,563,564,-1,564,563,565,-1,564,565,566,-1,566,565,567,-1,566,567,568,-1,568,567,569,-1,568,569,570,-1,570,569,571,-1,570,571,572,-1,572,571,412,-1,572,412,573,-1,573,412,411,-1,573,411,574,-1,28,487,29,-1,29,487,575,-1,29,575,550,-1,550,575,576,-1,550,576,551,-1,551,576,577,-1,551,577,553,-1,553,577,578,-1,553,578,555,-1,555,578,579,-1,555,579,557,-1,557,579,580,-1,557,580,559,-1,559,580,581,-1,559,581,561,-1,561,581,582,-1,561,582,563,-1,563,582,583,-1,563,583,565,-1,565,583,584,-1,565,584,567,-1,567,584,585,-1,567,585,569,-1,569,585,586,-1,569,586,571,-1,571,586,587,-1,571,587,412,-1,412,587,588,-1,412,588,413,-1,413,588,589,-1,413,589,414,-1,414,589,590,-1,414,590,416,-1,416,590,591,-1,416,591,418,-1,418,591,592,-1,418,592,420,-1,420,592,593,-1,420,593,422,-1,422,593,594,-1,422,594,424,-1,424,594,595,-1,424,595,545,-1,545,595,596,-1,545,596,546,-1,546,596,597,-1,546,597,287,-1,287,597,598,-1,287,598,288,-1,33,35,269,-1,269,35,599,-1,269,599,600,-1,600,599,62,-1,600,62,38,-1,38,62,64,-1,38,64,36,-1,36,64,601,-1,36,601,41,-1,41,601,602,-1,41,602,603,-1,34,267,35,-1,35,267,604,-1,35,604,599,-1,599,604,605,-1,599,605,62,-1,62,605,109,-1,62,109,53,-1,53,109,108,-1,53,108,54,-1,
        ]
    }
}
Shape{
    appearance Appearance {
        material  Material 	{
            diffuseColor 0.0 0.0 0.0
            specularColor 0.0 0.0 0.0
            ambientIntensity 0.0
            transparency 0.0
            shininess 0.5
        }
    }
    geometry IndexedFaceSet {
        ccw TRUE
        solid FALSE
        coord DEF co Coordinate {
            point [
                -0.4216 1.4282 1.041, -0.4216 1.4282 1.0562, -0.3525 1.4478 1.041, -0.3692 1.4434 1.0562, -0.4151 1.4302 1.1011, -0.4151 1.4302 1.1164, -0.3692 1.4434 1.1011, -0.3692 1.4434 1.1164, -0.4187 1.4291 1.1591, -0.4187 1.4291 1.1744, -0.3692 1.4434 1.1591, -0.3525 1.4478 1.1744, -0.335 1.4521 1.1363, -0.3182 1.4562 1.1363, -0.3132 1.4573 1.1222, -0.3132 1.4571 1.0794, -0.2928 1.4618 1.0645, -0.2929 1.4618 1.0266, -0.2857 1.4633 1.0122, -0.2823 1.464 1.0412, -0.2751 1.4655 1.0238, -0.2713 1.4662 1.0172, -0.2794 1.4646 1.0044, -0.2685 1.4668 1.0141, -0.2736 1.4658 1.0, -0.2656 1.4673 1.0122, -0.2675 1.467 0.9973, -0.2621 1.468 1.0109, -0.2595 1.4685 0.9961, -0.2583 1.4688 1.0104, -0.2489 1.4705 0.9974, -0.2511 1.4701 1.0116, -0.2489 1.4705 1.0123, -0.2639 1.4677 1.1363, -0.2456 1.4711 1.1363, -0.2883 1.4628 1.0646, -0.2903 1.4623 1.0568, -0.2908 1.4622 1.0568, -0.2195 1.4756 1.0617, -0.2184 1.4757 1.0591, -0.232 1.4735 1.0516, -0.2264 1.4744 1.0463, -0.2169 1.476 1.0571, -0.2234 1.4749 1.0445, -0.2149 1.4763 1.0554, -0.2142 1.4764 1.0407, -0.212 1.4768 1.054, -0.206 1.4777 1.0527, -0.199 1.4787 1.0387, -0.2006 1.4785 1.0524, -0.186 1.4806 1.0401, -0.1907 1.4799 1.0536, -0.1734 1.4823 1.0443, -0.1798 1.4814 1.0577, -0.1734 1.4823 1.0616, -0.2348 1.473 1.0561, -0.2364 1.4727 1.0615, -0.2201 1.4755 1.0653, -0.237 1.4726 1.0669, -0.2199 1.4755 1.0674, -0.236 1.4728 1.0736, -0.2192 1.4756 1.0698, -0.2338 1.4732 1.0793, -0.2182 1.4758 1.0717, -0.2315 1.4736 1.0827, -0.2158 1.4762 1.0743, -0.2263 1.4744 1.087, -0.2141 1.4764 1.0755, -0.2117 1.4768 1.0944, -0.1985 1.4788 1.0829, -0.2102 1.477 1.095, -0.1926 1.4797 1.0855, -0.1959 1.4792 1.1019, -0.1818 1.4812 1.0919, -0.1941 1.4794 1.1032, -0.1782 1.4817 1.0955, -0.1924 1.4797 1.1054, -0.1767 1.4819 1.0977, -0.1911 1.4799 1.1082, -0.1744 1.4822 1.1035, -0.1735 1.4823 1.1106, -0.1905 1.48 1.1121, -0.1739 1.4822 1.1152, -0.1911 1.4799 1.1156, -0.1755 1.482 1.1207, -0.1782 1.4817 1.1252, -0.1918 1.4798 1.1174, -0.1841 1.4809 1.1309, -0.1931 1.4796 1.1191, -0.1866 1.4805 1.1325, -0.1956 1.4792 1.1213, -0.1965 1.4791 1.1366, -0.2 1.4786 1.1235, -0.2102 1.477 1.1385, -0.2063 1.4776 1.1248, -0.2086 1.4773 1.1249, -0.2182 1.4758 1.1379, -0.2207 1.4754 1.1232, -0.2325 1.4734 1.1342, -0.2309 1.4737 1.1189, -0.2325 1.4734 1.118
            ]
        }
        coordIndex [
            0,1,2,-1,2,1,3,-1,4,5,6,-1,6,5,7,-1,8,9,10,-1,10,9,11,-1,10,11,7,-1,7,11,2,-1,7,2,6,-1,6,2,3,-1,12,13,14,-1,12,14,15,-1,15,14,16,-1,15,16,17,-1,18,17,19,-1,19,20,18,-1,18,20,21,-1,18,21,22,-1,22,21,23,-1,22,23,24,-1,24,23,25,-1,24,25,26,-1,26,25,27,-1,26,27,28,-1,28,27,29,-1,28,29,30,-1,30,29,31,-1,30,31,32,-1,33,34,35,-1,35,34,19,-1,35,19,36,-1,36,19,17,-1,36,17,37,-1,37,17,16,-1,38,39,40,-1,40,39,41,-1,41,39,42,-1,41,42,43,-1,43,42,44,-1,43,44,45,-1,44,46,45,-1,45,46,47,-1,45,47,48,-1,48,47,49,-1,48,49,50,-1,50,49,51,-1,50,51,52,-1,52,51,53,-1,52,53,54,-1,40,55,38,-1,38,55,56,-1,38,56,57,-1,57,56,58,-1,57,58,59,-1,59,58,60,-1,59,60,61,-1,61,60,62,-1,61,62,63,-1,63,62,64,-1,63,64,65,-1,65,64,66,-1,65,66,67,-1,67,66,68,-1,67,68,69,-1,69,68,70,-1,69,70,71,-1,71,70,72,-1,71,72,73,-1,73,72,74,-1,73,74,75,-1,75,74,76,-1,75,76,77,-1,77,76,78,-1,77,78,79,-1,79,78,80,-1,80,78,81,-1,80,81,82,-1,82,81,83,-1,82,83,84,-1,84,83,85,-1,85,83,86,-1,85,86,87,-1,87,86,88,-1,87,88,89,-1,89,88,90,-1,89,90,91,-1,91,90,92,-1,91,92,93,-1,92,94,93,-1,93,94,95,-1,93,95,96,-1,96,95,97,-1,96,97,98,-1,98,97,99,-1,98,99,100,-1,
        ]
    }
}
Shape{
    appearance Appearance {
        material  Material 	{
            diffuseColor 0.0 1.0 1.0
            specularColor 0.0 0.5019607843137255 0.5019607843137255
            ambientIntensity 0.701
            transparency 0.0
            shininess 0.5
        }
    }
    geometry IndexedFaceSet {
        ccw TRUE
        solid FALSE
        coord DEF co Coordinate {
            point [
                -0.1206 1.4882 1.0551, -0.1251 1.4878 1.0583, -0.112 1.489 1.0858, -0.1271 1.4876 1.0602, -0.1312 1.4872 1.066, -0.1332 1.487 1.0714, -0.1343 1.4869 1.0796, -0.1343 1.4869 1.0888, -0.1017 1.4899 1.0832, -0.0971 1.4902 1.0808, -0.0957 1.4903 1.0574, -0.0959 1.4903 1.0799, -0.0923 1.4906 1.0731, -0.0915 1.4907 1.0678, -0.0921 1.4906 1.0638, -0.0937 1.4905 1.0767, -0.0935 1.4905 1.0605, -0.1001 1.49 1.0544, -0.1045 1.4896 1.053, -0.0963 1.4903 1.0567, -0.1091 1.4893 1.0524, -0.1161 1.4886 1.0534
            ]
        }
        coordIndex [
            0,1,2,-1,2,1,3,-1,2,3,4,-1,4,5,2,-1,2,5,6,-1,2,6,7,-1,8,9,10,-1,10,9,11,-1,12,13,14,-1,11,15,10,-1,10,15,12,-1,10,12,16,-1,16,12,14,-1,17,18,2,-1,8,10,2,-1,2,10,19,-1,2,19,17,-1,18,20,2,-1,2,20,21,-1,2,21,0,-1,
        ]
    }
}
Shape{
    appearance Appearance {
        material  Material 	{
            diffuseColor 0.0 0.0 0.0
            specularColor 0.0 0.0 0.0
            ambientIntensity 0.0
            transparency 0.0
            shininess 0.5
        }
    }
    geometry IndexedFaceSet {
        ccw TRUE
        solid FALSE
        coord DEF co Coordinate {
            point [
                -0.0839 1.4912 1.1296, -0.0839 1.4912 1.1134, -0.0856 1.4911 1.1306, -0.0921 1.4906 1.1184, -0.0921 1.4906 1.1333, -0.096 1.4903 1.1207, -0.0992 1.4901 1.1361, -0.1068 1.4895 1.1241, -0.1166 1.4886 1.1385, -0.115 1.4887 1.1249, -0.1226 1.488 1.1381, -0.1212 1.4882 1.124, -0.1322 1.4871 1.1359, -0.1251 1.4878 1.1225, -0.1379 1.4865 1.1331, -0.1281 1.4875 1.1204, -0.142 1.486 1.1298, -0.1302 1.4873 1.1181, -0.1457 1.4856 1.1249, -0.1321 1.4871 1.1144, -0.149 1.4853 1.117, -0.1338 1.4869 1.1077, -0.1509 1.4851 1.1023, -0.1343 1.4869 1.1015, -0.1017 1.4899 1.0832, -0.1206 1.4882 1.0551, -0.1161 1.4886 1.0534, -0.1205 1.4882 1.0424, -0.114 1.4888 1.0399, -0.1091 1.4893 1.0524, -0.1047 1.4896 1.0387, -0.1045 1.4896 1.053, -0.0952 1.4904 1.0398, -0.1001 1.49 1.0544, -0.0921 1.4906 1.0409, -0.0886 1.4909 1.0422, -0.0963 1.4903 1.0567, -0.0828 1.4913 1.0462, -0.0957 1.4903 1.0574, -0.0821 1.4913 1.0469, -0.0935 1.4905 1.0605, -0.0781 1.4916 1.0521, -0.0759 1.4917 1.0572, -0.0921 1.4906 1.0638, -0.0746 1.4918 1.0665, -0.0915 1.4907 1.0678, -0.0755 1.4918 1.0743, -0.0923 1.4906 1.0731, -0.0775 1.4916 1.0805, -0.0937 1.4905 1.0767, -0.0807 1.4914 1.0856, -0.0852 1.4911 1.09, -0.0959 1.4903 1.0799, -0.0917 1.4907 1.0937, -0.0971 1.4902 1.0808, -0.0921 1.4906 1.0938, -0.1061 1.4895 1.0976, -0.112 1.489 1.0858, -0.1343 1.4869 1.0888, -0.1343 1.4869 1.0796, -0.1343 1.4869 1.0557, -0.1332 1.487 1.0714, -0.1312 1.4872 1.066, -0.1338 1.4869 1.0557, -0.1262 1.4877 1.0463, -0.1322 1.4871 1.0532, -0.1251 1.4878 1.0583, -0.1271 1.4876 1.0602, -0.1343 1.4869 1.041, -0.1509 1.4851 1.041, -0.0586 1.4928 1.041, -0.0586 1.4928 1.0562, 0.0131 1.4948 1.041, -0.0041 1.4946 1.0562, -0.0518 1.4931 1.1011, -0.0518 1.4931 1.1164, -0.0041 1.4946 1.1011, -0.0041 1.4946 1.1164, -0.0556 1.4929 1.1591, -0.0556 1.4929 1.1744, -0.0041 1.4946 1.1591, 0.0131 1.4948 1.1744, -0.4151 1.4302 1.2527, -0.4241 1.4275 1.2795, -0.3968 1.4357 1.2527, -0.4066 1.4326 1.2795, -0.475 1.4107 1.3042, -0.4325 1.4248 1.3042, -0.4273 1.4265 1.2892, -0.4928 1.4043 1.2527, -0.5107 1.3976 1.2527, -0.4834 1.4077 1.2795, -0.501 1.4011 1.2795, -0.48 1.4089 1.2892, -0.4454 1.4207 1.3861, -0.4515 1.4187 1.3597, -0.4536 1.418 1.3691, -0.4628 1.4149 1.3861, -0.4559 1.4172 1.3597, -0.454 1.4178 1.3691
            ]
        }
        coordIndex [
            0,1,2,-1,2,1,3,-1,2,3,4,-1,4,3,5,-1,4,5,6,-1,6,5,7,-1,6,7,8,-1,8,7,9,-1,8,9,10,-1,10,9,11,-1,10,11,12,-1,12,11,13,-1,12,13,14,-1,14,13,15,-1,14,15,16,-1,16,15,17,-1,16,17,18,-1,18,17,19,-1,18,19,20,-1,20,19,21,-1,20,21,22,-1,22,21,23,-1,22,23,24,-1,25,26,27,-1,27,26,28,-1,28,26,29,-1,28,29,30,-1,30,29,31,-1,30,31,32,-1,32,31,33,-1,32,33,34,-1,34,33,35,-1,35,33,36,-1,35,36,37,-1,37,36,38,-1,37,38,39,-1,39,38,40,-1,39,40,41,-1,41,40,42,-1,42,40,43,-1,42,43,44,-1,44,43,45,-1,44,45,46,-1,46,45,47,-1,46,47,48,-1,48,47,49,-1,48,49,50,-1,50,49,51,-1,51,49,52,-1,51,52,53,-1,53,52,54,-1,53,54,55,-1,24,23,54,-1,54,23,56,-1,54,56,55,-1,24,57,22,-1,22,57,58,-1,22,58,59,-1,60,61,62,-1,60,62,63,-1,27,64,25,-1,25,64,65,-1,25,65,66,-1,66,65,63,-1,66,63,67,-1,67,63,62,-1,68,69,60,-1,60,69,22,-1,60,22,61,-1,61,22,59,-1,70,71,72,-1,72,71,73,-1,74,75,76,-1,76,75,77,-1,78,79,80,-1,80,79,81,-1,80,81,77,-1,77,81,72,-1,77,72,76,-1,76,72,73,-1,82,83,84,-1,84,83,85,-1,86,87,88,-1,89,90,91,-1,91,90,92,-1,91,92,93,-1,83,88,85,-1,85,88,87,-1,85,87,94,-1,87,95,94,-1,94,95,96,-1,94,96,97,-1,88,93,86,-1,86,93,92,-1,86,92,98,-1,98,92,97,-1,98,97,99,-1,99,97,96,-1,
        ]
    }
}
Shape{
    appearance Appearance {
        material  Material 	{
            diffuseColor 0.0 1.0 1.0
            specularColor 0.0 0.5019607843137255 0.5019607843137255
            ambientIntensity 0.701
            transparency 0.0
            shininess 0.5
        }
    }
    geometry IndexedFaceSet {
        ccw TRUE
        solid FALSE
        coord DEF co Coordinate {
            point [
                -0.454 1.4178 1.3691, -0.4536 1.418 1.3691, -0.4559 1.4172 1.3597, -0.4515 1.4187 1.3597, -0.475 1.4107 1.3042, -0.4325 1.4248 1.3042, -0.3578 1.4464 1.2811, -0.3207 1.4556 1.3708, -0.3484 1.4488 1.2743, -0.337 1.4517 1.2699, -0.3585 1.4462 1.2818, -0.3646 1.4446 1.2897, -0.3692 1.4434 1.2997, -0.3719 1.4426 1.3138, -0.3722 1.4426 1.3206, -0.3705 1.443 1.3367, -0.3672 1.4439 1.3459, -0.3617 1.4454 1.3545, -0.3359 1.4519 1.3692, -0.3581 1.4463 1.3582, -0.3474 1.4491 1.3653, -0.301 1.46 1.3708, -0.301 1.46 1.2679, -0.3199 1.4557 1.2679
            ]
        }
        coordIndex [
            0,1,2,-1,2,1,3,-1,2,3,4,-1,4,3,5,-1,6,7,8,-1,8,7,9,-1,6,10,7,-1,7,10,11,-1,7,11,12,-1,12,13,7,-1,7,13,14,-1,7,14,15,-1,15,16,7,-1,7,16,17,-1,7,17,18,-1,18,17,19,-1,18,19,20,-1,21,22,7,-1,7,22,23,-1,7,23,9,-1,
        ]
    }
}
Shape{
    appearance Appearance {
        material  Material 	{
            diffuseColor 0.0 0.0 0.0
            specularColor 0.0 0.0 0.0
            ambientIntensity 0.0
            transparency 0.0
            shininess 0.5
        }
    }
    geometry IndexedFaceSet {
        ccw TRUE
        solid FALSE
        coord DEF co Coordinate {
            point [
                -0.5206 1.3938 1.1428, -0.5289 1.3906 1.1567, -0.5171 1.3952 1.1465, -0.5269 1.3914 1.1582, -0.5068 1.3991 1.1536, -0.5154 1.3959 1.1664, -0.4957 1.4032 1.1575, -0.4998 1.4017 1.1723, -0.481 1.4085 1.1591, -0.4816 1.4083 1.1744, -0.4619 1.4152 1.1591, -0.4456 1.4206 1.1744, -0.4619 1.4152 1.0562, -0.4456 1.4206 1.041, -0.4802 1.4088 1.0562, -0.4803 1.4088 1.041, -0.4968 1.4028 1.0582, -0.5006 1.4014 1.0435, -0.5078 1.3987 1.0626, -0.5155 1.3958 1.0495, -0.5168 1.3953 1.0694, -0.5269 1.3914 1.0581, -0.5175 1.3951 1.0701, -0.5286 1.3907 1.0594, -0.5289 1.3906 1.0597, -0.5234 1.3928 1.078, -0.5386 1.3867 1.0725, -0.5279 1.391 1.088, -0.5442 1.3845 1.0855, -0.5304 1.39 1.1021, -0.5473 1.3832 1.1032, -0.5307 1.3899 1.1089, -0.5475 1.3831 1.1094, -0.529 1.3905 1.1249, -0.5452 1.3841 1.129, -0.5259 1.3918 1.1342, -0.5406 1.3859 1.1411, -0.5334 1.3888 1.1518, -0.2595 1.4685 1.2527, -0.2595 1.4685 1.2679, -0.1887 1.4802 1.2527, -0.2057 1.4777 1.2679, -0.1887 1.4802 1.2795, -0.2057 1.4777 1.2795, -0.2528 1.4698 1.3128, -0.2528 1.4698 1.3281, -0.2057 1.4777 1.3128, -0.2057 1.4777 1.3281, -0.2565 1.4691 1.3708, -0.2565 1.4691 1.3861, -0.2057 1.4777 1.3708, -0.1887 1.4802 1.3861, -0.1622 1.4837 1.2582, -0.1622 1.4837 1.2747, -0.1479 1.4854 1.253, -0.1482 1.4854 1.2686, -0.1255 1.4877 1.2504, -0.131 1.4872 1.2659, -0.1279 1.4875 1.2658, -0.1201 1.4883 1.2506, -0.1135 1.4889 1.2677, -0.1035 1.4897 1.2536, -0.0921 1.4906 1.2588, -0.1052 1.4896 1.271, -0.0915 1.4907 1.2591, -0.0867 1.491 1.29, -0.072 1.492 1.2795, -0.0921 1.4906 1.2822, -0.0795 1.4915 1.269, -0.0938 1.4905 1.2798, -0.0798 1.4915 1.2686, -0.0941 1.4905 1.2795, -0.0975 1.4902 1.2764, -0.0717 1.492 1.355, -0.0658 1.4924 1.3407, -0.0827 1.4913 1.3355, -0.0627 1.4925 1.3199, -0.0807 1.4914 1.3179, -0.0627 1.4925 1.3169, -0.0827 1.4913 1.3007, -0.065 1.4924 1.2963, -0.0706 1.4921 1.2816, -0.0873 1.491 1.3476, -0.0921 1.4906 1.3544, -0.0819 1.4914 1.3687, -0.0947 1.4904 1.358, -0.0947 1.4904 1.358, -0.0851 1.4911 1.3717, -0.1049 1.4896 1.3661, -0.0921 1.4906 1.3766, -0.0983 1.4901 1.381, -0.1104 1.4891 1.3857, -0.1144 1.4888 1.3704, -0.1308 1.4872 1.3884, -0.1622 1.4837 1.3649, -0.1622 1.4837 1.3829, -0.1483 1.4853 1.3705, -0.1469 1.4855 1.3871, -0.1309 1.4872 1.3728, -0.1277 1.4875 1.3727, -0.0572 1.4928 1.2527, -0.0572 1.4928 1.2679, 0.0131 1.4948 1.2527, -0.0041 1.4946 1.2679, 0.0131 1.4948 1.2795, -0.0041 1.4946 1.2795, 0.0131 1.4948 1.3861, -0.0041 1.4946 1.3861
            ]
        }
        coordIndex [
            0,1,2,-1,2,1,3,-1,2,3,4,-1,4,3,5,-1,4,5,6,-1,6,5,7,-1,6,7,8,-1,8,7,9,-1,8,9,10,-1,10,9,11,-1,10,11,12,-1,12,11,13,-1,12,13,14,-1,14,13,15,-1,14,15,16,-1,16,15,17,-1,16,17,18,-1,18,17,19,-1,18,19,20,-1,20,19,21,-1,20,21,22,-1,21,23,22,-1,22,23,24,-1,22,24,25,-1,25,24,26,-1,25,26,27,-1,27,26,28,-1,27,28,29,-1,29,28,30,-1,29,30,31,-1,31,30,32,-1,31,32,33,-1,33,32,34,-1,33,34,35,-1,35,34,36,-1,35,36,0,-1,0,36,37,-1,0,37,1,-1,38,39,40,-1,40,39,41,-1,40,41,42,-1,42,41,43,-1,44,45,46,-1,46,45,47,-1,48,49,50,-1,50,49,51,-1,50,51,47,-1,47,51,42,-1,47,42,46,-1,46,42,43,-1,52,53,54,-1,54,53,55,-1,54,55,56,-1,55,57,56,-1,56,57,58,-1,56,58,59,-1,59,58,60,-1,59,60,61,-1,61,60,62,-1,62,60,63,-1,62,63,64,-1,65,66,67,-1,67,66,68,-1,67,68,69,-1,69,68,70,-1,69,70,71,-1,71,70,64,-1,71,64,72,-1,72,64,63,-1,73,74,75,-1,75,74,76,-1,75,76,77,-1,77,76,78,-1,77,78,79,-1,79,78,80,-1,79,80,65,-1,65,80,81,-1,65,81,66,-1,75,82,73,-1,73,82,83,-1,73,83,84,-1,83,85,84,-1,84,85,86,-1,84,86,87,-1,87,86,88,-1,87,88,89,-1,89,88,90,-1,90,88,91,-1,91,88,92,-1,91,92,93,-1,94,95,96,-1,96,95,97,-1,96,97,98,-1,98,97,93,-1,98,93,99,-1,99,93,92,-1,100,101,102,-1,102,101,103,-1,102,103,104,-1,104,103,105,-1,104,105,106,-1,106,105,107,-1,
        ]
    }
}
Shape{
    appearance Appearance {
        material  Material 	{
            diffuseColor 0.0 1.0 1.0
            specularColor 0.0 0.5019607843137255 0.5019607843137255
            ambientIntensity 0.701
            transparency 0.0
            shininess 0.5
        }
    }
    geometry IndexedFaceSet {
        ccw TRUE
        solid FALSE
        coord DEF co Coordinate {
            point [
                -1.1827 0.4909 0.0, -1.3931 0.4909 0.0, -1.1756 0.508 0.0, -1.3282 0.6479 0.0, -1.0784 0.6931 0.0, -1.2164 0.8415 0.0, -0.9528 0.8603 0.0, -1.1056 0.8178 0.0, -0.802 1.0051 0.0, -0.7994 1.124 0.0, -0.6299 1.1239 0.0, -0.5709 1.3733 0.0, -0.5709 1.156 0.0, -0.7283 1.2944 0.0, -0.855 1.1797 0.0, -1.1613 0.8735 0.0, -1.077 1.0163 0.0, -0.9131 1.1684 0.0, -0.7283 -1.2969 0.0, -0.9131 -1.1709 0.0, -0.855 -1.1822 0.0, -1.077 -1.0188 0.0, -1.1613 -0.876 0.0, -0.7994 -1.1265 0.0, -0.6299 -1.1264 0.0, -0.5709 -1.3758 0.0, -0.5709 -1.1585 0.0, -1.3931 -0.4934 0.0, -1.1827 -0.4934 0.0, -1.3282 -0.6504 0.0, -1.1756 -0.5105 0.0, -1.2164 -0.844 0.0, -1.0784 -0.6956 0.0, -1.1056 -0.8203 0.0, -0.9528 -0.8628 0.0, -0.802 -1.0076 0.0, 0.8387 -1.1265 0.0, 0.8944 -1.1822 0.0, 0.8071 -1.2733 0.0, 1.0583 -0.7818 0.0, 1.145 -0.8203 0.0, 0.9197 -0.9383 0.0, 0.8071 -1.0347 0.0, 1.1701 -0.605 0.0, 1.3676 -0.6504 0.0, 1.2558 -0.844 0.0, 1.2006 -0.876 0.0, 1.1164 -1.0188 0.0, 0.9525 -1.1709 0.0, 1.4493 -0.4422 0.0, 1.252 -0.4127 0.0, 1.499 -0.2242 0.0, 1.3021 -0.2097 0.0, 1.5157 -0.0013 0.0, 1.3189 -0.0013 0.0, 1.499 0.2217 0.0, 1.3021 0.2072 0.0, 1.4493 0.4397 0.0, 1.252 0.4102 0.0, 1.3676 0.6479 0.0, 1.1701 0.6025 0.0, 1.2558 0.8415 0.0, 1.0583 0.7792 0.0, 1.1164 1.0163 0.0, 0.9197 0.9357 0.0, 0.9525 1.1684 0.0, 0.8071 1.0322 0.0, 0.8071 1.2708 0.0, 0.0197 -1.3398 2.4409, 0.0197 -0.4343 2.4409, 0.0197 -1.3398 2.4803, 0.0197 -0.4343 2.4803, 0.0197 0.4318 2.4409, 0.0197 0.4318 2.4803, -0.0924 0.4171 2.4409, -0.0924 0.4171 2.4803, -0.1969 0.3738 2.4409, -0.1969 0.3738 2.4803, -0.2865 0.305 2.4409, -0.2865 0.305 2.4803, -0.3554 0.2153 2.4409, -0.3554 0.2153 2.4803, -0.3986 0.1108 2.4409, -0.3986 0.1108 2.4803, -0.4134 -0.0013 2.4409, -0.4134 -0.0013 2.4803, -0.3986 -0.1133 2.4409, -0.3986 -0.1133 2.4803, -0.3554 -0.2178 2.4409, -0.3554 -0.2178 2.4803, -0.2865 -0.3075 2.4409, -0.2865 -0.3075 2.4803, -0.1969 -0.3763 2.4409, -0.1969 -0.3763 2.4803, -0.0924 -0.4196 2.4409, -0.0924 -0.4196 2.4803, 0.0197 1.3373 2.4409, 0.0197 1.3373 2.4803
            ]
        }
        coordIndex [
            0,1,2,-1,2,1,3,-1,2,3,4,-1,4,3,5,-1,6,7,8,-1,8,7,9,-1,8,9,10,-1,11,12,13,-1,13,12,10,-1,13,10,14,-1,14,10,9,-1,6,4,7,-1,7,4,5,-1,7,5,15,-1,15,5,16,-1,15,16,14,-1,14,16,17,-1,14,17,13,-1,18,19,20,-1,20,19,21,-1,20,21,22,-1,20,23,18,-1,18,23,24,-1,18,24,25,-1,25,24,26,-1,27,28,29,-1,29,28,30,-1,29,30,31,-1,31,30,32,-1,21,31,22,-1,22,31,32,-1,22,32,33,-1,33,32,34,-1,33,34,23,-1,23,34,35,-1,23,35,24,-1,36,37,38,-1,39,40,41,-1,41,40,36,-1,41,36,42,-1,42,36,38,-1,43,44,45,-1,39,43,40,-1,40,43,45,-1,40,45,46,-1,46,45,47,-1,46,47,37,-1,37,47,48,-1,37,48,38,-1,44,43,49,-1,49,43,50,-1,49,50,51,-1,51,50,52,-1,51,52,53,-1,53,52,54,-1,53,54,55,-1,55,54,56,-1,55,56,57,-1,57,56,58,-1,57,58,59,-1,59,58,60,-1,59,60,61,-1,61,60,62,-1,61,62,63,-1,63,62,64,-1,63,64,65,-1,65,64,66,-1,65,66,67,-1,68,69,70,-1,70,69,71,-1,72,73,74,-1,74,73,75,-1,74,75,76,-1,76,75,77,-1,76,77,78,-1,78,77,79,-1,78,79,80,-1,80,79,81,-1,80,81,82,-1,82,81,83,-1,82,83,84,-1,84,83,85,-1,84,85,86,-1,86,85,87,-1,86,87,88,-1,88,87,89,-1,88,89,90,-1,90,89,91,-1,90,91,92,-1,92,91,93,-1,92,93,94,-1,94,93,95,-1,94,95,69,-1,69,95,71,-1,72,96,73,-1,73,96,97,-1,
        ]
    }
}
Shape{
    appearance Appearance {
        material  Material 	{
            diffuseColor 0.7529411764705882 0.7529411764705882 0.0
            specularColor 0.3764705882352941 0.3764705882352941 0.0
            ambientIntensity 0.6671
            transparency 0.0
            shininess 0.5
        }
    }
    geometry IndexedFaceSet {
        ccw TRUE
        solid FALSE
        coord DEF co Coordinate {
            point [
                0.2657 0.4249 3.937, 0.1575 0.4712 3.937, 0.1575 -0.4737 3.937, 0.3677 -0.3492 3.937, 0.495 0.1261 3.937, 0.4459 0.2448 3.937, 0.5118 -0.0013 3.937, 0.4459 -0.2473 3.937, 0.495 -0.1286 3.937, 0.2657 -0.4275 3.937, 0.3677 0.3467 3.937
            ]
        }
        coordIndex [
            0,1,2,-1,3,4,5,-1,4,3,6,-1,6,3,7,-1,6,7,8,-1,2,9,0,-1,0,9,3,-1,0,3,10,-1,10,3,5,-1,
        ]
    }
}
Shape{
    appearance Appearance {
        material  Material 	{
            diffuseColor 0.0 1.0 1.0
            specularColor 0.0 0.5019607843137255 0.5019607843137255
            ambientIntensity 0.701
            transparency 0.0
            shininess 0.5
        }
    }
    geometry IndexedFaceSet {
        ccw TRUE
        solid FALSE
        coord DEF co Coordinate {
            point [
                0.2682 -1.2765 2.4409, 0.0591 -1.2999 2.4409, 0.0197 -1.3398 2.4409, 0.0197 -0.4343 2.4409, 0.0591 -0.393 2.4409, -0.0924 -0.4196 2.4409, -0.0418 -0.3901 2.4409, -0.1969 -0.3763 2.4409, -0.1387 -0.3617 2.4409, -0.2865 -0.3075 2.4409, -0.2251 -0.3096 2.4409, -0.3554 -0.2178 2.4409, -0.2955 -0.2372 2.4409, -0.3986 -0.1133 2.4409, -0.3451 -0.1493 2.4409, -0.4134 -0.0013 2.4409, 0.181 -1.3301 2.4409, 0.3921 -1.287 2.4409, 0.4708 -1.2196 2.4409, 0.5935 -1.2106 2.4409, 0.6616 -1.1308 2.4409, 0.7801 -1.1029 2.4409, 0.8355 -1.0124 2.4409, 0.947 -0.9666 2.4409, 0.9881 -0.8674 2.4409, 1.0898 -0.8054 2.4409, 1.1152 -0.6997 2.4409, 1.2049 -0.6233 2.4409, 1.2136 -0.5136 2.4409, 1.2894 -0.4251 2.4409, 1.2807 -0.3142 2.4409, 1.3409 -0.216 2.4409, 1.3146 -0.1065 2.4409, 1.3583 -0.0013 2.4409, 1.3146 0.104 2.4409, 1.3409 0.2135 2.4409, 1.2807 0.3116 2.4409, 1.2894 0.4226 2.4409, 1.2136 0.5111 2.4409, 1.2049 0.6208 2.4409, 1.1152 0.6972 2.4409, 1.0898 0.8029 2.4409, 0.9881 0.8649 2.4409, 0.947 0.9641 2.4409, 0.8355 1.0098 2.4409, 0.7801 1.1004 2.4409, 0.6616 1.1283 2.4409, 0.5935 1.2081 2.4409, 0.4708 1.2171 2.4409, 0.3921 1.2845 2.4409, 0.2682 1.274 2.4409, 0.181 1.3276 2.4409, 0.0591 1.2974 2.4409, 0.0197 1.3373 2.4409, 0.0591 0.3905 2.4409, 0.0197 0.4318 2.4409, -0.0418 0.3876 2.4409, -0.0924 0.4171 2.4409, -0.1387 0.3592 2.4409, -0.1969 0.3738 2.4409, -0.2251 0.3071 2.4409, -0.2865 0.305 2.4409, -0.2955 0.2347 2.4409, -0.3554 0.2153 2.4409, -0.3451 0.1468 2.4409, -0.3986 0.1108 2.4409, -0.3708 0.0492 2.4409, -0.3708 -0.0517 2.4409
            ]
        }
        coordIndex [
            0,1,2,-1,2,1,3,-1,3,1,4,-1,3,4,5,-1,5,4,6,-1,5,6,7,-1,7,6,8,-1,7,8,9,-1,9,8,10,-1,9,10,11,-1,11,10,12,-1,11,12,13,-1,13,12,14,-1,13,14,15,-1,2,16,0,-1,0,16,17,-1,0,17,18,-1,18,17,19,-1,18,19,20,-1,20,19,21,-1,20,21,22,-1,22,21,23,-1,22,23,24,-1,24,23,25,-1,24,25,26,-1,26,25,27,-1,26,27,28,-1,28,27,29,-1,28,29,30,-1,30,29,31,-1,30,31,32,-1,32,31,33,-1,32,33,34,-1,34,33,35,-1,34,35,36,-1,36,35,37,-1,36,37,38,-1,38,37,39,-1,38,39,40,-1,40,39,41,-1,40,41,42,-1,42,41,43,-1,42,43,44,-1,44,43,45,-1,44,45,46,-1,46,45,47,-1,46,47,48,-1,48,47,49,-1,48,49,50,-1,50,49,51,-1,50,51,52,-1,52,51,53,-1,52,53,54,-1,54,53,55,-1,54,55,56,-1,56,55,57,-1,56,57,58,-1,58,57,59,-1,58,59,60,-1,60,59,61,-1,60,61,62,-1,62,61,63,-1,62,63,64,-1,64,63,65,-1,64,65,66,-1,66,65,15,-1,66,15,67,-1,67,15,14,-1,
        ]
    }
}
Shape{
    appearance Appearance {
        material  Material 	{
            diffuseColor 0.0 0.0 0.0
            specularColor 0.0 0.0 0.0
            ambientIntensity 0.0
            transparency 0.0
            shininess 0.5
        }
    }
    geometry IndexedFaceSet {
        ccw TRUE
        solid FALSE
        coord DEF co Coordinate {
            point [
                -0.3199 1.4557 1.2679, -0.301 1.46 1.2679, -0.2842 1.4636 1.2527, -0.3132 1.4572 1.2527, -0.32 1.4557 1.2527, -0.337 1.4517 1.2699, -0.341 1.4507 1.2552, -0.3484 1.4488 1.2743, -0.3564 1.4468 1.2612, -0.3578 1.4464 1.2811, -0.37 1.4432 1.2711, -0.3585 1.4462 1.2818, -0.3703 1.4431 1.2714, -0.3646 1.4446 1.2897, -0.3207 1.4556 1.3708, -0.3132 1.4573 1.3861, -0.301 1.46 1.3708, -0.2842 1.4636 1.3861, -0.2842 1.4636 1.2795, -0.3768 1.4413 1.2795, -0.3804 1.4403 1.2842, -0.3692 1.4434 1.2997, -0.3863 1.4387 1.2972, -0.3719 1.4426 1.3138, -0.3895 1.4378 1.3149, -0.3722 1.4426 1.3206, -0.3897 1.4377 1.3211, -0.3705 1.443 1.3367, -0.3872 1.4384 1.3407, -0.3672 1.4439 1.3459, -0.3824 1.4397 1.3528, -0.3617 1.4454 1.3545, -0.375 1.4418 1.3635, -0.3581 1.4463 1.3582, -0.3703 1.4431 1.3684, -0.3474 1.4491 1.3653, -0.3563 1.4468 1.3781, -0.3359 1.4519 1.3692, -0.3401 1.4509 1.384, -0.3214 1.4554 1.3861
            ]
        }
        coordIndex [
            0,1,2,-1,2,3,0,-1,0,3,4,-1,0,4,5,-1,5,4,6,-1,5,6,7,-1,7,6,8,-1,7,8,9,-1,9,8,10,-1,9,10,11,-1,11,10,12,-1,11,12,13,-1,14,15,16,-1,16,15,17,-1,16,17,1,-1,1,17,18,-1,1,18,2,-1,12,19,13,-1,13,19,20,-1,13,20,21,-1,21,20,22,-1,21,22,23,-1,23,22,24,-1,23,24,25,-1,25,24,26,-1,25,26,27,-1,27,26,28,-1,27,28,29,-1,29,28,30,-1,29,30,31,-1,31,30,32,-1,31,32,33,-1,33,32,34,-1,33,34,35,-1,35,34,36,-1,35,36,37,-1,37,36,38,-1,37,38,14,-1,14,38,39,-1,14,39,15,-1,
        ]
    }
}
Shape{
    appearance Appearance {
        material  Material 	{
            diffuseColor 0.0 1.0 1.0
            specularColor 0.0 0.5019607843137255 0.5019607843137255
            ambientIntensity 0.701
            transparency 0.0
            shininess 0.5
        }
    }
    geometry IndexedFaceSet {
        ccw TRUE
        solid FALSE
        coord DEF co Coordinate {
            point [
                -1.6574 0.5302 2.5591, -1.6692 0.5587 2.5591, -1.8307 0.3924 2.5591, -1.6732 -0.5918 2.5591, -1.6692 -0.5612 2.5591, -1.6732 -0.395 2.5591, -1.6574 -0.5328 2.5591, -1.8307 -0.395 2.5591, -1.8307 -0.6902 2.5591, -1.6692 -0.6224 2.5591, -1.6574 -0.6509 2.5591, -1.8307 0.6877 2.5591, -1.6732 0.5893 2.5591, -1.6692 0.6199 2.5591, -1.4528 0.6483 2.5591, -1.441 0.6199 2.5591, -1.1117 0.7142 2.5591, -1.437 0.5893 2.5591, -1.2118 0.5234 2.5591, -1.441 0.5587 2.5591, -1.28 0.3191 2.5591, -0.8269 -1.0381 2.5591, -1.1859 -0.8871 2.5591, -0.6496 -1.1605 2.5591, -1.077 -1.0188 2.5591, -1.5857 0.4752 2.5591, -1.6732 0.3924 2.5591, -1.6142 0.487 2.5591, -1.6386 0.5058 2.5591, -1.437 -0.5918 2.5591, -1.441 -0.6224 2.5591, -1.4528 -0.6509 2.5591, -0.9131 -1.1709 2.5591, -0.7283 -1.2969 2.5591, -0.455 -1.2529 2.5591, -0.5269 -1.3939 2.5591, -0.2481 -1.3128 2.5591, -0.3132 -1.4598 2.5591, -0.0342 -1.3388 2.5591, -0.0921 -1.4931 2.5591, 0.181 -1.3301 2.5591, 0.1315 -1.4931 2.5591, 0.3921 -1.287 2.5591, 0.3526 -1.4598 2.5591, 0.5935 -1.2106 2.5591, 0.5663 -1.3939 2.5591, 0.7801 -1.1029 2.5591, -1.6574 0.6483 2.5591, -1.6386 0.6728 2.5591, -1.6339 0.8846 2.5591, -1.6142 0.6916 2.5591, -1.5857 0.7034 2.5591, -1.4528 0.5302 2.5591, -1.4716 0.5058 2.5591, -1.3146 0.1065 2.5591, -1.4961 0.487 2.5591, -1.3146 -0.109 2.5591, -1.5245 0.4752 2.5591, -1.28 -0.3216 2.5591, -1.4716 -0.6753 2.5591, -1.4961 -0.6941 2.5591, -1.6339 -0.8871 2.5591, -1.5245 -0.7059 2.5591, -1.5551 -0.7099 2.5591, -1.5857 -0.7059 2.5591, -1.6142 -0.6941 2.5591, -1.6386 -0.6753 2.5591, 0.7677 -1.2969 2.5591, 0.9525 -1.1709 2.5591, 0.947 -0.9666 2.5591, 1.1164 -1.0188 2.5591, 1.0898 -0.8054 2.5591, 1.2558 -0.844 2.5591, 1.2049 -0.6233 2.5591, 1.3676 -0.6504 2.5591, 1.2894 -0.4251 2.5591, 1.4493 -0.4422 2.5591, 1.3409 -0.216 2.5591, 1.499 -0.2242 2.5591, 1.3583 -0.0013 2.5591, 1.5157 -0.0013 2.5591, 1.3409 0.2135 2.5591, 1.499 0.2217 2.5591, 1.2894 0.4226 2.5591, 1.4493 0.4397 2.5591, 1.2049 0.6208 2.5591, 1.3676 0.6479 2.5591, 1.0898 0.8029 2.5591, 1.2558 0.8415 2.5591, 0.947 0.9641 2.5591, 1.1164 1.0163 2.5591, 0.7801 1.1004 2.5591, 0.9525 1.1684 2.5591, 0.5935 1.2081 2.5591, -1.5551 0.7074 2.5591, -1.5245 0.7034 2.5591, -1.1859 0.8846 2.5591, -1.4961 0.6916 2.5591, -1.4716 0.6728 2.5591, -1.077 1.0163 2.5591, -0.9823 0.8864 2.5591, -0.9131 1.1684 2.5591, -0.8269 1.0356 2.5591, -0.7283 1.2944 2.5591, -0.6496 1.158 2.5591, -0.5269 1.3914 2.5591, -0.455 1.2503 2.5591, -0.3132 1.4573 2.5591, -0.2481 1.3103 2.5591, -0.0921 1.4906 2.5591, -0.0342 1.3362 2.5591, 0.1315 1.4906 2.5591, 0.181 1.3276 2.5591, 0.3526 1.4573 2.5591, 0.3921 1.2845 2.5591, 0.5663 1.3914 2.5591, 0.7677 1.2944 2.5591, -1.6386 -0.5083 2.5591, -1.6142 -0.4895 2.5591, -1.5857 -0.4777 2.5591, -1.5551 0.4712 2.5591, -1.5551 -0.4737 2.5591, -1.5245 -0.4777 2.5591, -1.4961 -0.4895 2.5591, -0.9823 -0.8889 2.5591, -1.1117 -0.7167 2.5591, -1.441 -0.5612 2.5591, -1.2118 -0.5259 2.5591, -1.4528 -0.5328 2.5591, -1.4716 -0.5083 2.5591, -1.8307 -0.6902 0.5906, -1.8307 -0.395 0.5906, -1.6732 -0.395 0.5906, -1.6339 -0.8871 0.5906, -1.3282 0.6479 0.5906, -1.6732 0.3924 0.5906, -1.2164 0.8415 0.5906, -1.1859 0.8846 0.5906, -1.8307 0.3924 0.5906, -1.8307 0.6877 0.5906, -1.6339 0.8846 0.5906, -1.4099 0.4397 0.5906, -1.4597 0.2217 0.5906, -1.4764 -0.0013 0.5906, -1.4597 -0.2242 0.5906, -1.4099 -0.4422 0.5906, -1.3282 -0.6504 0.5906, -1.2164 -0.844 0.5906, -1.1859 -0.8871 0.5906, 0.0197 1.3373 2.4803, 0.0197 1.3373 2.4409, 0.181 1.3276 2.4409, -0.0342 1.3362 2.4803, -0.2481 1.3103 2.4803, -0.455 1.2503 2.4803, -0.6496 1.158 2.4803, -0.8269 1.0356 2.4803, -0.9823 0.8864 2.4803, -1.1117 0.7142 2.4803, -1.2118 0.5234 2.4803, -1.28 0.3191 2.4803, -1.3146 0.1065 2.4803, -1.3146 -0.109 2.4803, -1.28 -0.3216 2.4803, -1.2118 -0.5259 2.4803, -1.1117 -0.7167 2.4803, -0.9823 -0.8889 2.4803, -0.8269 -1.0381 2.4803, -0.6496 -1.1605 2.4803, -0.455 -1.2529 2.4803, -0.2481 -1.3128 2.4803, -0.0342 -1.3388 2.4803, 0.0197 -1.3398 2.4803, 0.0197 -1.3398 2.4409, 0.3921 1.2845 2.4409, 0.5935 1.2081 2.4409, 0.7801 1.1004 2.4409, 0.947 0.9641 2.4409, 1.0898 0.8029 2.4409, 1.2049 0.6208 2.4409, 1.2894 0.4226 2.4409, 1.3409 0.2135 2.4409, 1.3583 -0.0013 2.4409, 1.3409 -0.216 2.4409, 1.2894 -0.4251 2.4409, 1.2049 -0.6233 2.4409, 1.0898 -0.8054 2.4409, 0.947 -0.9666 2.4409, 0.7801 -1.1029 2.4409, 0.5935 -1.2106 2.4409, 0.3921 -1.287 2.4409, 0.181 -1.3301 2.4409
            ]
        }
        coordIndex [
            0,1,2,-1,3,4,5,-1,5,4,6,-1,5,7,3,-1,3,7,8,-1,3,8,9,-1,9,8,10,-1,2,1,11,-1,11,1,12,-1,11,12,13,-1,14,15,16,-1,16,15,17,-1,16,17,18,-1,18,17,19,-1,18,19,20,-1,21,22,23,-1,23,22,24,-1,5,25,26,-1,26,25,27,-1,26,27,2,-1,2,27,28,-1,2,28,0,-1,21,29,22,-1,22,29,30,-1,22,30,31,-1,24,32,23,-1,23,32,33,-1,23,33,34,-1,34,33,35,-1,34,35,36,-1,36,35,37,-1,36,37,38,-1,38,37,39,-1,38,39,40,-1,40,39,41,-1,40,41,42,-1,42,41,43,-1,42,43,44,-1,44,43,45,-1,44,45,46,-1,13,47,11,-1,11,47,48,-1,11,48,49,-1,49,48,50,-1,49,50,51,-1,19,52,20,-1,20,52,53,-1,20,53,54,-1,54,53,55,-1,54,55,56,-1,56,55,57,-1,56,57,58,-1,31,59,22,-1,22,59,60,-1,22,60,61,-1,61,60,62,-1,61,62,63,-1,63,64,61,-1,61,64,65,-1,61,65,8,-1,8,65,66,-1,8,66,10,-1,45,67,46,-1,46,67,68,-1,46,68,69,-1,69,68,70,-1,69,70,71,-1,71,70,72,-1,71,72,73,-1,73,72,74,-1,73,74,75,-1,75,74,76,-1,75,76,77,-1,77,76,78,-1,77,78,79,-1,79,78,80,-1,79,80,81,-1,81,80,82,-1,81,82,83,-1,83,82,84,-1,83,84,85,-1,85,84,86,-1,85,86,87,-1,87,86,88,-1,87,88,89,-1,89,88,90,-1,89,90,91,-1,91,90,92,-1,91,92,93,-1,51,94,49,-1,49,94,95,-1,49,95,96,-1,96,95,97,-1,96,97,98,-1,98,14,96,-1,96,14,16,-1,96,16,99,-1,99,16,100,-1,99,100,101,-1,101,100,102,-1,101,102,103,-1,103,102,104,-1,103,104,105,-1,105,104,106,-1,105,106,107,-1,107,106,108,-1,107,108,109,-1,109,108,110,-1,109,110,111,-1,111,110,112,-1,111,112,113,-1,113,112,114,-1,113,114,115,-1,115,114,93,-1,115,93,116,-1,116,93,92,-1,6,117,5,-1,5,117,118,-1,5,118,25,-1,25,118,119,-1,25,119,120,-1,120,119,121,-1,120,121,57,-1,57,121,122,-1,57,122,58,-1,58,122,123,-1,21,124,29,-1,29,124,125,-1,29,125,126,-1,126,125,127,-1,126,127,128,-1,128,127,58,-1,128,58,129,-1,129,58,123,-1,130,131,132,-1,130,132,133,-1,134,135,136,-1,136,135,137,-1,138,139,135,-1,135,139,140,-1,135,140,137,-1,134,141,135,-1,135,141,142,-1,135,142,132,-1,132,142,143,-1,143,144,132,-1,132,144,145,-1,132,145,146,-1,146,147,132,-1,132,147,148,-1,132,148,133,-1,149,150,151,-1,112,110,152,-1,152,110,153,-1,153,110,108,-1,153,108,154,-1,154,108,106,-1,154,106,155,-1,155,106,104,-1,155,104,156,-1,156,104,102,-1,156,102,157,-1,157,102,100,-1,157,100,158,-1,158,100,16,-1,158,16,159,-1,159,16,18,-1,159,18,160,-1,160,18,20,-1,160,20,161,-1,161,20,54,-1,161,54,162,-1,162,54,56,-1,162,56,163,-1,163,56,58,-1,163,58,164,-1,164,58,127,-1,164,127,165,-1,165,127,125,-1,165,125,166,-1,166,125,124,-1,166,124,167,-1,167,124,21,-1,167,21,168,-1,168,21,23,-1,168,23,169,-1,169,23,34,-1,169,34,170,-1,170,34,36,-1,170,36,171,-1,171,36,38,-1,171,38,172,-1,172,38,40,-1,172,40,173,-1,152,149,112,-1,112,149,151,-1,112,151,114,-1,114,151,174,-1,114,174,93,-1,93,174,175,-1,93,175,91,-1,91,175,176,-1,91,176,89,-1,89,176,177,-1,89,177,87,-1,87,177,178,-1,87,178,85,-1,85,178,179,-1,85,179,83,-1,83,179,180,-1,83,180,81,-1,81,180,181,-1,81,181,79,-1,79,181,182,-1,79,182,77,-1,77,182,183,-1,77,183,75,-1,75,183,184,-1,75,184,73,-1,73,184,185,-1,73,185,71,-1,71,185,186,-1,71,186,69,-1,69,186,187,-1,69,187,46,-1,46,187,188,-1,46,188,44,-1,44,188,189,-1,44,189,42,-1,42,189,190,-1,42,190,40,-1,40,190,191,-1,40,191,173,-1,
        ]
    }
}
Shape{
    appearance Appearance {
        material  Material 	{
            diffuseColor 0.7529411764705882 0.7529411764705882 0.0
            specularColor 0.3764705882352941 0.3764705882352941 0.0
            ambientIntensity 0.6671
            transparency 0.0
            shininess 0.5
        }
    }
    geometry IndexedFaceSet {
        ccw TRUE
        solid FALSE
        coord DEF co Coordinate {
            point [
                0.0591 0.3905 2.5591, 0.0591 0.3905 2.4409, -0.0418 0.3876 2.4409, -0.0418 0.3876 2.5591, -0.1387 0.3592 2.4409, -0.1387 0.3592 2.5591, -0.2251 0.3071 2.4409, -0.2251 0.3071 2.5591, -0.2955 0.2347 2.4409, -0.2955 0.2347 2.5591, -0.3451 0.1468 2.4409, -0.3451 0.1468 2.5591, -0.3708 0.0492 2.4409, -0.3708 0.0492 2.5591, -0.3708 -0.0517 2.4409, -0.3708 -0.0517 2.5591, -0.3451 -0.1493 2.4409, -0.3451 -0.1493 2.5591, -0.2955 -0.2372 2.4409, -0.2955 -0.2372 2.5591, -0.2251 -0.3096 2.4409, -0.2251 -0.3096 2.5591, -0.1387 -0.3617 2.4409, -0.1387 -0.3617 2.5591, -0.0418 -0.3901 2.4409, -0.0418 -0.3901 2.5591, 0.0591 -0.393 2.4409, 0.0591 -0.393 2.5591, 0.0591 -1.2999 2.5591, 0.0591 -1.2999 2.4409, 0.2682 -1.2765 2.4409, 0.2682 -1.2765 2.5591, 0.4708 -1.2196 2.4409, 0.4708 -1.2196 2.5591, 0.6616 -1.1308 2.4409, 0.6616 -1.1308 2.5591, 0.8355 -1.0124 2.4409, 0.8355 -1.0124 2.5591, 0.9881 -0.8674 2.4409, 0.9881 -0.8674 2.5591, 1.1152 -0.6997 2.4409, 1.1152 -0.6997 2.5591, 1.2136 -0.5136 2.4409, 1.2136 -0.5136 2.5591, 1.2807 -0.3142 2.4409, 1.2807 -0.3142 2.5591, 1.3146 -0.1065 2.4409, 1.3146 -0.1065 2.5591, 1.3146 0.104 2.4409, 1.3146 0.104 2.5591, 1.2807 0.3116 2.4409, 1.2807 0.3116 2.5591, 1.2136 0.5111 2.4409, 1.2136 0.5111 2.5591, 1.1152 0.6972 2.4409, 1.1152 0.6972 2.5591, 0.9881 0.8649 2.4409, 0.9881 0.8649 2.5591, 0.8355 1.0098 2.4409, 0.8355 1.0098 2.5591, 0.6616 1.1283 2.4409, 0.6616 1.1283 2.5591, 0.4708 1.2171 2.4409, 0.4708 1.2171 2.5591, 0.2682 1.274 2.4409, 0.2682 1.274 2.5591, 0.0591 1.2974 2.4409, 0.0591 1.2974 2.5591, 0.3239 -0.0828 2.5591, 0.3346 -0.0013 2.5591, 0.3239 0.0803 2.5591, 0.2924 0.1562 2.5591, 0.2424 -0.224 2.5591, 0.1772 -0.274 2.5591, 0.2924 -0.1587 2.5591, -0.2953 -0.0013 2.5591, -0.2845 -0.0828 2.5591, -0.2531 -0.1587 2.5591, -0.203 -0.224 2.5591, -0.1378 -0.274 2.5591, -0.0618 -0.3055 2.5591, 0.0197 -0.3162 2.5591, 0.1012 -0.3055 2.5591, 0.0197 0.3137 2.5591, -0.0618 0.303 2.5591, -0.1378 0.2715 2.5591, -0.203 0.2215 2.5591, -0.2531 0.1562 2.5591, -0.2845 0.0803 2.5591, 0.1012 0.303 2.5591, 0.1772 0.2715 2.5591, 0.2424 0.2215 2.5591, -0.2845 0.0803 2.874, -0.2531 0.1562 2.874, -0.203 0.2215 2.874, -0.1378 0.2715 2.874, -0.0618 0.303 2.874, 0.0197 0.3137 2.874, 0.1012 0.303 2.874, 0.1772 0.2715 2.874, 0.2424 0.2215 2.874, 0.2924 0.1562 2.874, 0.3239 0.0803 2.874, 0.3346 -0.0013 2.874, 0.3239 -0.0828 2.874, 0.2924 -0.1587 2.874, 0.2424 -0.224 2.874, 0.1772 -0.274 2.874, 0.1012 -0.3055 2.874, 0.0197 -0.3162 2.874, -0.0618 -0.3055 2.874, -0.1378 -0.274 2.874, -0.203 -0.224 2.874, -0.2531 -0.1587 2.874, -0.2845 -0.0828 2.874, -0.2953 -0.0013 2.874, -0.4724 -0.0013 2.874, -0.4557 0.1261 3.4646, -0.4557 0.1261 2.874, -0.4065 0.2448 3.4646, -0.4065 0.2448 2.874, -0.3283 0.3467 3.4646, -0.3283 0.3467 2.874, -0.2264 0.4249 3.4646, -0.2264 0.4249 2.874, -0.1077 0.4741 3.4646, -0.1077 0.4741 2.874, 0.0197 0.4909 3.4646, 0.0197 0.4909 2.874, 0.1471 0.4741 3.4646, 0.1471 0.4741 2.874, 0.2657 0.4249 3.4646, 0.2657 0.4249 2.874, 0.3677 0.3467 3.4646, 0.3677 0.3467 2.874, 0.4459 0.2448 3.4646, 0.4459 0.2448 2.874, 0.495 0.1261 3.4646, 0.495 0.1261 2.874, 0.5118 -0.0013 3.4646, 0.5118 -0.0013 2.874, 0.495 -0.1286 3.4646, 0.495 -0.1286 2.874, 0.4459 -0.2473 3.4646, 0.4459 -0.2473 2.874, 0.3677 -0.3492 3.4646, 0.3677 -0.3492 2.874, 0.2657 -0.4275 3.4646, 0.2657 -0.4275 2.874, 0.1471 -0.4766 3.4646, 0.1471 -0.4766 2.874, 0.0197 -0.4934 3.4646, 0.0197 -0.4934 2.874, -0.1077 -0.4766 3.4646, -0.1077 -0.4766 2.874, -0.2264 -0.4275 3.4646, -0.2264 -0.4275 2.874, -0.3283 -0.3492 3.4646, -0.3283 -0.3492 2.874, -0.4065 -0.2473 3.4646, -0.4065 -0.2473 2.874, -0.4557 -0.1286 3.4646, -0.4557 -0.1286 2.874, -0.4724 -0.0013 3.4646, -0.3213 0.1956 3.4646, -0.3606 0.1006 3.4646, -0.374 -0.0013 3.4646, -0.3606 -0.1032 3.4646, -0.3213 -0.1981 3.4646, -0.2587 -0.2796 3.4646, -0.1772 -0.3422 3.4646, -0.0822 -0.3815 3.4646, 0.0197 -0.395 3.4646, 0.1216 -0.3815 3.4646, 0.2165 -0.3422 3.4646, 0.2981 -0.2796 3.4646, 0.3606 -0.1981 3.4646, 0.4 -0.1032 3.4646, 0.4134 -0.0013 3.4646, 0.4 0.1006 3.4646, 0.3606 0.1956 3.4646, 0.2981 0.2771 3.4646, 0.2165 0.3397 3.4646, 0.1216 0.379 3.4646, 0.0197 0.3924 3.4646, -0.0822 0.379 3.4646, -0.1772 0.3397 3.4646, -0.2587 0.2771 3.4646, -0.3606 0.1006 3.5827, -0.3213 0.1956 3.5827, -0.2587 0.2771 3.5827, -0.1772 0.3397 3.5827, -0.0822 0.379 3.5827, 0.0197 0.3924 3.5827, 0.1216 0.379 3.5827, 0.2165 0.3397 3.5827, 0.2981 0.2771 3.5827, 0.3606 0.1956 3.5827, 0.4 0.1006 3.5827, 0.4134 -0.0013 3.5827, 0.4 -0.1032 3.5827, 0.3606 -0.1981 3.5827, 0.2981 -0.2796 3.5827, 0.2165 -0.3422 3.5827, 0.1216 -0.3815 3.5827, 0.0197 -0.395 3.5827, -0.0822 -0.3815 3.5827, -0.1772 -0.3422 3.5827, -0.2587 -0.2796 3.5827, -0.3213 -0.1981 3.5827, -0.3606 -0.1032 3.5827, -0.374 -0.0013 3.5827, 0.1575 0.4712 3.7402, 0.1575 0.4712 3.937, 0.2657 0.4249 3.937, -0.1181 -0.4737 3.7402, -0.1181 -0.4737 3.937, -0.2264 -0.4275 3.937, -0.1077 0.4741 3.5827, -0.2264 0.4249 3.5827, -0.1181 0.4712 3.7402, -0.1077 -0.4766 3.7402, -0.2264 -0.4275 3.5827, 0.1471 -0.4766 3.5827, 0.0197 -0.4934 3.7402, 0.0197 -0.4934 3.5827, -0.1077 -0.4766 3.5827, 0.2657 -0.4275 3.5827, 0.1575 -0.4737 3.7402, 0.1471 -0.4766 3.7402, 0.1471 0.4741 3.7402, 0.2657 0.4249 3.5827, -0.1077 0.4741 3.7402, 0.0197 0.4909 3.7402, 0.0197 0.4909 3.5827, 0.1471 0.4741 3.5827, 0.3677 0.3467 3.937, 0.3677 0.3467 3.5827, 0.4459 0.2448 3.937, 0.4459 0.2448 3.5827, 0.495 0.1261 3.937, 0.495 0.1261 3.5827, 0.5118 -0.0013 3.937, 0.5118 -0.0013 3.5827, 0.495 -0.1286 3.937, 0.495 -0.1286 3.5827, 0.4459 -0.2473 3.937, 0.4459 -0.2473 3.5827, 0.3677 -0.3492 3.937, 0.3677 -0.3492 3.5827, 0.2657 -0.4275 3.937, 0.1575 -0.4737 3.937, -0.3283 -0.3492 3.937, -0.3283 -0.3492 3.5827, -0.4065 -0.2473 3.937, -0.4065 -0.2473 3.5827, -0.4557 -0.1286 3.937, -0.4557 -0.1286 3.5827, -0.4724 -0.0013 3.937, -0.4724 -0.0013 3.5827, -0.4557 0.1261 3.937, -0.4557 0.1261 3.5827, -0.4065 0.2448 3.937, -0.4065 0.2448 3.5827, -0.3283 0.3467 3.937, -0.3283 0.3467 3.5827, -0.2264 0.4249 3.937, -0.1181 0.4712 3.937
            ]
        }
        coordIndex [
            0,1,2,-1,0,2,3,-1,3,2,4,-1,3,4,5,-1,5,4,6,-1,5,6,7,-1,7,6,8,-1,7,8,9,-1,9,8,10,-1,9,10,11,-1,11,10,12,-1,11,12,13,-1,13,12,14,-1,13,14,15,-1,15,14,16,-1,15,16,17,-1,17,16,18,-1,17,18,19,-1,19,18,20,-1,19,20,21,-1,21,20,22,-1,21,22,23,-1,23,22,24,-1,23,24,25,-1,25,24,26,-1,25,26,27,-1,28,27,29,-1,29,27,26,-1,28,29,30,-1,28,30,31,-1,31,30,32,-1,31,32,33,-1,33,32,34,-1,33,34,35,-1,35,34,36,-1,35,36,37,-1,37,36,38,-1,37,38,39,-1,39,38,40,-1,39,40,41,-1,41,40,42,-1,41,42,43,-1,43,42,44,-1,43,44,45,-1,45,44,46,-1,45,46,47,-1,47,46,48,-1,47,48,49,-1,49,48,50,-1,49,50,51,-1,51,50,52,-1,51,52,53,-1,53,52,54,-1,53,54,55,-1,55,54,56,-1,55,56,57,-1,57,56,58,-1,57,58,59,-1,59,58,60,-1,59,60,61,-1,61,60,62,-1,61,62,63,-1,63,62,64,-1,63,64,65,-1,65,64,66,-1,65,66,67,-1,0,67,1,-1,1,67,66,-1,68,47,69,-1,69,47,49,-1,69,49,70,-1,70,49,71,-1,0,49,51,-1,57,59,0,-1,0,59,61,-1,61,63,0,-1,0,63,65,-1,0,65,67,-1,27,72,73,-1,74,43,68,-1,68,43,45,-1,68,45,47,-1,72,39,74,-1,74,39,41,-1,74,41,43,-1,51,53,0,-1,0,53,55,-1,0,55,57,-1,27,28,31,-1,31,33,27,-1,27,33,35,-1,27,35,72,-1,72,35,37,-1,72,37,39,-1,75,15,76,-1,76,15,17,-1,76,17,77,-1,77,17,19,-1,77,19,78,-1,78,19,21,-1,78,21,79,-1,79,21,23,-1,79,23,80,-1,80,23,25,-1,80,25,81,-1,81,25,27,-1,81,27,82,-1,82,27,73,-1,83,0,84,-1,84,0,3,-1,84,3,85,-1,85,3,5,-1,85,5,86,-1,86,5,7,-1,86,7,87,-1,87,7,9,-1,87,9,88,-1,88,9,11,-1,88,11,75,-1,75,11,13,-1,75,13,15,-1,83,89,0,-1,0,89,90,-1,0,90,49,-1,49,90,91,-1,49,91,71,-1,75,92,88,-1,88,92,93,-1,88,93,87,-1,87,93,94,-1,87,94,86,-1,86,94,95,-1,86,95,85,-1,85,95,96,-1,85,96,84,-1,84,96,97,-1,84,97,83,-1,83,97,98,-1,83,98,89,-1,89,98,99,-1,89,99,90,-1,90,99,100,-1,90,100,91,-1,91,100,101,-1,91,101,71,-1,71,101,102,-1,71,102,70,-1,70,102,103,-1,70,103,69,-1,69,103,104,-1,69,104,68,-1,68,104,105,-1,68,105,74,-1,74,105,106,-1,74,106,72,-1,72,106,107,-1,72,107,73,-1,73,107,108,-1,73,108,82,-1,82,108,109,-1,82,109,81,-1,81,109,110,-1,81,110,80,-1,80,110,111,-1,80,111,79,-1,79,111,112,-1,79,112,78,-1,78,112,113,-1,78,113,77,-1,77,113,114,-1,77,114,76,-1,76,114,115,-1,76,115,75,-1,75,115,92,-1,116,117,118,-1,118,117,119,-1,118,119,120,-1,120,119,121,-1,120,121,122,-1,122,121,123,-1,122,123,124,-1,124,123,125,-1,124,125,126,-1,126,125,127,-1,126,127,128,-1,128,127,129,-1,128,129,130,-1,130,129,131,-1,130,131,132,-1,132,131,133,-1,132,133,134,-1,134,133,135,-1,134,135,136,-1,136,135,137,-1,136,137,138,-1,138,137,139,-1,138,139,140,-1,140,139,141,-1,140,141,142,-1,142,141,143,-1,142,143,144,-1,144,143,145,-1,144,145,146,-1,146,145,147,-1,146,147,148,-1,148,147,149,-1,148,149,150,-1,150,149,151,-1,150,151,152,-1,152,151,153,-1,152,153,154,-1,154,153,155,-1,154,155,156,-1,156,155,157,-1,156,157,158,-1,158,157,159,-1,158,159,160,-1,160,159,161,-1,160,161,162,-1,162,161,163,-1,162,163,116,-1,116,163,117,-1,164,119,165,-1,165,119,117,-1,165,117,166,-1,166,117,163,-1,166,163,167,-1,167,163,161,-1,167,161,168,-1,168,161,159,-1,168,159,169,-1,169,159,157,-1,169,157,170,-1,170,157,155,-1,170,155,171,-1,171,155,153,-1,171,153,172,-1,172,153,151,-1,172,151,173,-1,173,151,149,-1,173,149,174,-1,174,149,147,-1,174,147,175,-1,175,147,145,-1,175,145,176,-1,176,145,143,-1,176,143,177,-1,177,143,141,-1,177,141,178,-1,178,141,139,-1,178,139,179,-1,179,139,137,-1,179,137,180,-1,180,137,135,-1,180,135,181,-1,181,135,133,-1,181,133,182,-1,182,133,131,-1,182,131,183,-1,183,131,129,-1,183,129,184,-1,184,129,127,-1,184,127,185,-1,185,127,125,-1,185,125,186,-1,186,125,123,-1,186,123,187,-1,187,123,121,-1,187,121,164,-1,164,121,119,-1,96,126,97,-1,97,126,128,-1,97,128,98,-1,98,128,130,-1,98,130,99,-1,99,130,132,-1,99,132,100,-1,100,132,134,-1,100,134,101,-1,101,134,136,-1,101,136,102,-1,102,136,138,-1,102,138,103,-1,103,138,140,-1,103,140,104,-1,104,140,142,-1,104,142,105,-1,105,142,144,-1,105,144,106,-1,106,144,146,-1,106,146,107,-1,107,146,148,-1,107,148,108,-1,108,148,150,-1,108,150,109,-1,109,150,152,-1,109,152,110,-1,110,152,154,-1,110,154,111,-1,111,154,156,-1,111,156,112,-1,112,156,158,-1,112,158,113,-1,113,158,160,-1,113,160,114,-1,114,160,162,-1,114,162,115,-1,115,162,116,-1,115,116,92,-1,92,116,118,-1,92,118,93,-1,93,118,120,-1,93,120,94,-1,94,120,122,-1,94,122,95,-1,95,122,124,-1,95,124,96,-1,96,124,126,-1,166,188,165,-1,165,188,189,-1,165,189,164,-1,164,189,190,-1,164,190,187,-1,187,190,191,-1,187,191,186,-1,186,191,192,-1,186,192,185,-1,185,192,193,-1,185,193,184,-1,184,193,194,-1,184,194,183,-1,183,194,195,-1,183,195,182,-1,182,195,196,-1,182,196,181,-1,181,196,197,-1,181,197,180,-1,180,197,198,-1,180,198,179,-1,179,198,199,-1,179,199,178,-1,178,199,200,-1,178,200,177,-1,177,200,201,-1,177,201,176,-1,176,201,202,-1,176,202,175,-1,175,202,203,-1,175,203,174,-1,174,203,204,-1,174,204,173,-1,173,204,205,-1,173,205,172,-1,172,205,206,-1,172,206,171,-1,171,206,207,-1,171,207,170,-1,170,207,208,-1,170,208,169,-1,169,208,209,-1,169,209,168,-1,168,209,210,-1,168,210,167,-1,167,210,211,-1,167,211,166,-1,166,211,188,-1,212,213,214,-1,215,216,217,-1,218,219,220,-1,221,215,222,-1,223,224,225,-1,225,224,221,-1,225,221,226,-1,226,221,222,-1,227,228,223,-1,223,228,229,-1,223,229,224,-1,230,212,231,-1,220,232,218,-1,218,232,233,-1,218,233,234,-1,234,233,230,-1,234,230,235,-1,235,230,231,-1,212,214,231,-1,231,214,236,-1,231,236,237,-1,237,236,238,-1,237,238,239,-1,239,238,240,-1,239,240,241,-1,241,240,242,-1,241,242,243,-1,243,242,244,-1,243,244,245,-1,245,244,246,-1,245,246,247,-1,247,246,248,-1,247,248,249,-1,249,248,250,-1,249,250,227,-1,227,250,251,-1,227,251,228,-1,215,217,222,-1,222,217,252,-1,222,252,253,-1,253,252,254,-1,253,254,255,-1,255,254,256,-1,255,256,257,-1,257,256,258,-1,257,258,259,-1,259,258,260,-1,259,260,261,-1,261,260,262,-1,261,262,263,-1,263,262,264,-1,263,264,265,-1,265,264,266,-1,265,266,219,-1,219,266,267,-1,219,267,220,-1,203,227,204,-1,204,227,223,-1,204,223,205,-1,205,223,225,-1,205,225,206,-1,206,225,226,-1,206,226,207,-1,207,226,222,-1,207,222,208,-1,208,222,253,-1,208,253,209,-1,209,253,255,-1,209,255,210,-1,210,255,257,-1,210,257,211,-1,211,257,259,-1,211,259,188,-1,188,259,261,-1,188,261,189,-1,189,261,263,-1,189,263,190,-1,190,263,265,-1,190,265,191,-1,191,265,219,-1,191,219,192,-1,192,219,218,-1,192,218,193,-1,193,218,234,-1,193,234,194,-1,194,234,235,-1,194,235,195,-1,195,235,231,-1,195,231,196,-1,196,231,237,-1,196,237,197,-1,197,237,239,-1,197,239,198,-1,198,239,241,-1,198,241,199,-1,199,241,243,-1,199,243,200,-1,200,243,245,-1,200,245,201,-1,201,245,247,-1,201,247,202,-1,202,247,249,-1,202,249,203,-1,203,249,227,-1,216,267,217,-1,217,267,266,-1,266,264,217,-1,217,264,262,-1,217,262,252,-1,258,256,254,-1,252,262,254,-1,254,262,260,-1,254,260,258,-1,220,215,232,-1,232,215,221,-1,232,221,233,-1,233,221,230,-1,228,212,229,-1,229,212,230,-1,229,230,224,-1,224,230,221,-1,212,228,213,-1,213,228,251,-1,215,220,216,-1,216,220,267,-1,
        ]
    }
}
Shape{
    appearance Appearance {
        material  Material 	{
            diffuseColor 0.0 1.0 1.0
            specularColor 0.0 0.5019607843137255 0.5019607843137255
            ambientIntensity 0.701
            transparency 0.0
            shininess 0.5
        }
    }
    geometry IndexedFaceSet {
        ccw TRUE
        solid FALSE
        coord DEF co Coordinate {
            point [
                -1.1859 -0.8871 2.5591, -1.6339 -0.8871 2.5591, -1.1859 -0.8871 1.2795, -1.6339 -0.8871 0.5906, -1.1859 -0.8871 0.5906, -1.6339 0.8846 2.5591, -1.1859 0.8846 2.5591, -1.6339 0.8846 0.5906, -1.1859 0.8846 1.2795, -1.1859 0.8846 0.5906, -1.8307 -0.6902 2.5591, -1.8307 -0.395 2.5591, -1.8307 -0.6902 0.5906, -1.8307 -0.395 0.5906, -1.6732 -0.395 2.5591, -1.6732 -0.395 0.5906, -1.6732 0.3924 2.5591, -1.6732 0.3924 0.5906, -1.8307 0.3924 2.5591, -1.8307 0.3924 0.5906, -1.8307 0.6877 0.5906, -1.8307 0.6877 2.5591, 0.0197 -1.3398 2.4803, 0.0197 -0.4343 2.4803, -0.0342 -1.3388 2.4803, -0.0924 -0.4196 2.4803, -0.1969 -0.3763 2.4803, -0.455 -1.2529 2.4803, -0.2481 -1.3128 2.4803, -0.3554 0.2153 2.4803, -0.2865 0.305 2.4803, -0.9823 0.8864 2.4803, -0.2865 -0.3075 2.4803, -0.8269 -1.0381 2.4803, -0.6496 -1.1605 2.4803, -0.3986 -0.1133 2.4803, -1.2118 -0.5259 2.4803, -0.3554 -0.2178 2.4803, -1.1117 -0.7167 2.4803, -0.9823 -0.8889 2.4803, -0.8269 1.0356 2.4803, -0.1969 0.3738 2.4803, -0.6496 1.158 2.4803, -0.3986 0.1108 2.4803, -1.3146 0.1065 2.4803, -0.4134 -0.0013 2.4803, -1.3146 -0.109 2.4803, -1.28 -0.3216 2.4803, -1.1117 0.7142 2.4803, -1.2118 0.5234 2.4803, -1.28 0.3191 2.4803, -0.455 1.2503 2.4803, -0.0924 0.4171 2.4803, -0.2481 1.3103 2.4803, -0.0342 1.3362 2.4803, 0.0197 0.4318 2.4803, 0.0197 1.3373 2.4803, -1.437 0.5893 2.5591, -1.465 0.5652 3.2705, -1.441 0.5587 2.5591, -1.4743 0.5427 3.2705, -1.4528 0.5302 2.5591, -1.4892 0.5233 3.2705, -1.4716 0.5058 2.5591, -1.5085 0.5085 3.2705, -1.4961 0.487 2.5591, -1.531 0.4992 3.2705, -1.5245 0.4752 2.5591, -1.5551 0.496 3.2705, -1.5551 0.4712 2.5591, -1.5793 0.4992 3.2705, -1.5857 0.4752 2.5591, -1.6018 0.5085 3.2705, -1.6142 0.487 2.5591, -1.6211 0.5233 3.2705, -1.6386 0.5058 2.5591, -1.6359 0.5427 3.2705, -1.6574 0.5302 2.5591, -1.6452 0.5652 3.2705, -1.6692 0.5587 2.5591, -1.6484 0.5893 3.2705, -1.6732 0.5893 2.5591, -1.6452 0.6134 3.2705, -1.6692 0.6199 2.5591, -1.6359 0.6359 3.2705, -1.6574 0.6483 2.5591, -1.6211 0.6552 3.2705, -1.6386 0.6728 2.5591, -1.6018 0.6701 3.2705, -1.6142 0.6916 2.5591, -1.5793 0.6794 3.2705, -1.5857 0.7034 2.5591, -1.5551 0.6826 3.2705, -1.5551 0.7074 2.5591, -1.531 0.6794 3.2705, -1.5245 0.7034 2.5591, -1.5085 0.6701 3.2705, -1.4961 0.6916 2.5591, -1.4892 0.6552 3.2705, -1.4716 0.6728 2.5591, -1.4743 0.6359 3.2705, -1.4528 0.6483 2.5591, -1.465 0.6134 3.2705, -1.441 0.6199 2.5591, -1.4619 0.5893 3.2705, -1.5425 0.582 3.3465, -1.541 0.5855 3.3465, -1.5551 0.5893 3.3465, -1.5405 0.5893 3.3465, -1.541 0.5931 3.3465, -1.5513 0.5752 3.3465, -1.5478 0.5767 3.3465, -1.5448 0.579 3.3465, -1.5624 0.5767 3.3465, -1.5589 0.5752 3.3465, -1.5551 0.5747 3.3465, -1.5692 0.5855 3.3465, -1.5677 0.582 3.3465, -1.5654 0.579 3.3465, -1.5677 0.5966 3.3465, -1.5692 0.5931 3.3465, -1.5697 0.5893 3.3465, -1.5589 0.6034 3.3465, -1.5624 0.6019 3.3465, -1.5654 0.5996 3.3465, -1.5478 0.6019 3.3465, -1.5513 0.6034 3.3465, -1.5551 0.6039 3.3465, -1.5425 0.5966 3.3465, -1.5448 0.5996 3.3465, -1.6732 -0.5918 2.5591, -1.6452 -0.5677 3.2705, -1.6692 -0.5612 2.5591, -1.6359 -0.5452 3.2705, -1.6574 -0.5328 2.5591, -1.6211 -0.5259 3.2705, -1.6386 -0.5083 2.5591, -1.6018 -0.511 3.2705, -1.6142 -0.4895 2.5591, -1.5793 -0.5017 3.2705, -1.5857 -0.4777 2.5591, -1.5551 -0.4985 3.2705, -1.5551 -0.4737 2.5591, -1.531 -0.5017 3.2705, -1.5245 -0.4777 2.5591, -1.5085 -0.511 3.2705, -1.4961 -0.4895 2.5591, -1.4892 -0.5259 3.2705, -1.4716 -0.5083 2.5591, -1.4743 -0.5452 3.2705, -1.4528 -0.5328 2.5591, -1.465 -0.5677 3.2705, -1.441 -0.5612 2.5591, -1.4619 -0.5918 3.2705, -1.437 -0.5918 2.5591, -1.465 -0.6159 3.2705, -1.441 -0.6224 2.5591, -1.4743 -0.6384 3.2705, -1.4528 -0.6509 2.5591, -1.4892 -0.6578 3.2705, -1.4716 -0.6753 2.5591, -1.5085 -0.6726 3.2705, -1.4961 -0.6941 2.5591, -1.531 -0.6819 3.2705, -1.5245 -0.7059 2.5591, -1.5551 -0.6851 3.2705, -1.5551 -0.7099 2.5591, -1.5793 -0.6819 3.2705, -1.5857 -0.7059 2.5591, -1.6018 -0.6726 3.2705, -1.6142 -0.6941 2.5591, -1.6211 -0.6578 3.2705, -1.6386 -0.6753 2.5591, -1.6359 -0.6384 3.2705, -1.6574 -0.6509 2.5591, -1.6452 -0.6159 3.2705, -1.6692 -0.6224 2.5591, -1.6484 -0.5918 3.2705, -1.5677 -0.5845 3.3465, -1.5692 -0.588 3.3465, -1.5551 -0.5918 3.3465, -1.5697 -0.5918 3.3465, -1.5692 -0.5956 3.3465, -1.5589 -0.5777 3.3465, -1.5624 -0.5792 3.3465, -1.5654 -0.5815 3.3465, -1.5478 -0.5792 3.3465, -1.5513 -0.5777 3.3465, -1.5551 -0.5772 3.3465, -1.541 -0.588 3.3465, -1.5425 -0.5845 3.3465, -1.5448 -0.5815 3.3465, -1.5425 -0.5991 3.3465, -1.541 -0.5956 3.3465, -1.5405 -0.5918 3.3465, -1.5513 -0.6059 3.3465, -1.5478 -0.6044 3.3465, -1.5448 -0.6021 3.3465, -1.5624 -0.6044 3.3465, -1.5589 -0.6059 3.3465, -1.5551 -0.6064 3.3465, -1.5677 -0.5991 3.3465, -1.5654 -0.6021 3.3465, -1.5218 0.5982 3.3439, -1.5252 0.6065 3.3439, -1.5307 0.6137 3.3439, -1.5379 0.6192 3.3439, -1.5462 0.6226 3.3439, -1.5551 0.6238 3.3439, -1.5641 0.6226 3.3439, -1.5724 0.6192 3.3439, -1.5795 0.6137 3.3439, -1.585 0.6065 3.3439, -1.5885 0.5982 3.3439, -1.5896 0.5893 3.3439, -1.5885 0.5804 3.3439, -1.585 0.572 3.3439, -1.5795 0.5649 3.3439, -1.5724 0.5594 3.3439, -1.5641 0.556 3.3439, -1.5551 0.5548 3.3439, -1.5462 0.556 3.3439, -1.5379 0.5594 3.3439, -1.5307 0.5649 3.3439, -1.5252 0.572 3.3439, -1.5218 0.5804 3.3439, -1.5206 0.5893 3.3439, -1.5038 0.603 3.3364, -1.5091 0.6159 3.3364, -1.5175 0.6269 3.3364, -1.5285 0.6353 3.3364, -1.5414 0.6406 3.3364, -1.5551 0.6424 3.3364, -1.5689 0.6406 3.3364, -1.5817 0.6353 3.3364, -1.5927 0.6269 3.3364, -1.6011 0.6159 3.3364, -1.6065 0.603 3.3364, -1.6083 0.5893 3.3364, -1.6065 0.5755 3.3364, -1.6011 0.5627 3.3364, -1.5927 0.5517 3.3364, -1.5817 0.5433 3.3364, -1.5689 0.538 3.3364, -1.5551 0.5361 3.3364, -1.5414 0.538 3.3364, -1.5285 0.5433 3.3364, -1.5175 0.5517 3.3364, -1.5091 0.5627 3.3364, -1.5038 0.5755 3.3364, -1.502 0.5893 3.3364, -1.4882 0.6072 3.3244, -1.4951 0.6239 3.3244, -1.5061 0.6383 3.3244, -1.5205 0.6493 3.3244, -1.5372 0.6562 3.3244, -1.5551 0.6586 3.3244, -1.573 0.6562 3.3244, -1.5898 0.6493 3.3244, -1.6041 0.6383 3.3244, -1.6151 0.6239 3.3244, -1.622 0.6072 3.3244, -1.6244 0.5893 3.3244, -1.622 0.5714 3.3244, -1.6151 0.5547 3.3244, -1.6041 0.5403 3.3244, -1.5898 0.5293 3.3244, -1.573 0.5224 3.3244, -1.5551 0.52 3.3244, -1.5372 0.5224 3.3244, -1.5205 0.5293 3.3244, -1.5061 0.5403 3.3244, -1.4951 0.5547 3.3244, -1.4882 0.5714 3.3244, -1.4858 0.5893 3.3244, -1.4761 0.6105 3.3087, -1.4842 0.6302 3.3087, -1.4973 0.6472 3.3087, -1.5142 0.6602 3.3087, -1.5339 0.6683 3.3087, -1.5551 0.6711 3.3087, -1.5763 0.6683 3.3087, -1.596 0.6602 3.3087, -1.613 0.6472 3.3087, -1.626 0.6302 3.3087, -1.6342 0.6105 3.3087, -1.6369 0.5893 3.3087, -1.6342 0.5681 3.3087, -1.626 0.5484 3.3087, -1.613 0.5314 3.3087, -1.596 0.5184 3.3087, -1.5763 0.5102 3.3087, -1.5551 0.5075 3.3087, -1.5339 0.5102 3.3087, -1.5142 0.5184 3.3087, -1.4973 0.5314 3.3087, -1.4842 0.5484 3.3087, -1.4761 0.5681 3.3087, -1.4733 0.5893 3.3087, -1.4682 0.6126 3.2903, -1.4772 0.6343 3.2903, -1.4915 0.6529 3.2903, -1.5101 0.6672 3.2903, -1.5318 0.6762 3.2903, -1.5551 0.6793 3.2903, -1.5784 0.6762 3.2903, -1.6001 0.6672 3.2903, -1.6188 0.6529 3.2903, -1.6331 0.6343 3.2903, -1.6421 0.6126 3.2903, -1.6451 0.5893 3.2903, -1.6421 0.566 3.2903, -1.6331 0.5443 3.2903, -1.6188 0.5256 3.2903, -1.6001 0.5113 3.2903, -1.5784 0.5024 3.2903, -1.5551 0.4993 3.2903, -1.5318 0.5024 3.2903, -1.5101 0.5113 3.2903, -1.4915 0.5256 3.2903, -1.4772 0.5443 3.2903, -1.4682 0.566 3.2903, -1.4651 0.5893 3.2903, -1.6421 -0.5685 3.2903, -1.6331 -0.5468 3.2903, -1.6188 -0.5282 3.2903, -1.6001 -0.5139 3.2903, -1.5784 -0.5049 3.2903, -1.5551 -0.5018 3.2903, -1.5318 -0.5049 3.2903, -1.5101 -0.5139 3.2903, -1.4915 -0.5282 3.2903, -1.4772 -0.5468 3.2903, -1.4682 -0.5685 3.2903, -1.4651 -0.5918 3.2903, -1.4682 -0.6151 3.2903, -1.4772 -0.6368 3.2903, -1.4915 -0.6555 3.2903, -1.5101 -0.6698 3.2903, -1.5318 -0.6787 3.2903, -1.5551 -0.6818 3.2903, -1.5784 -0.6787 3.2903, -1.6001 -0.6698 3.2903, -1.6188 -0.6555 3.2903, -1.6331 -0.6368 3.2903, -1.6421 -0.6151 3.2903, -1.6451 -0.5918 3.2903, -1.6342 -0.5706 3.3087, -1.626 -0.5509 3.3087, -1.613 -0.5339 3.3087, -1.596 -0.5209 3.3087, -1.5763 -0.5128 3.3087, -1.5551 -0.51 3.3087, -1.5339 -0.5128 3.3087, -1.5142 -0.5209 3.3087, -1.4973 -0.5339 3.3087, -1.4842 -0.5509 3.3087, -1.4761 -0.5706 3.3087, -1.4733 -0.5918 3.3087, -1.4761 -0.613 3.3087, -1.4842 -0.6327 3.3087, -1.4973 -0.6497 3.3087, -1.5142 -0.6627 3.3087, -1.5339 -0.6709 3.3087, -1.5551 -0.6736 3.3087, -1.5763 -0.6709 3.3087, -1.596 -0.6627 3.3087, -1.613 -0.6497 3.3087, -1.626 -0.6327 3.3087, -1.6342 -0.613 3.3087, -1.6369 -0.5918 3.3087, -1.622 -0.5739 3.3244, -1.6151 -0.5572 3.3244, -1.6041 -0.5428 3.3244, -1.5898 -0.5318 3.3244, -1.573 -0.5249 3.3244, -1.5551 -0.5225 3.3244, -1.5372 -0.5249 3.3244, -1.5205 -0.5318 3.3244, -1.5061 -0.5428 3.3244, -1.4951 -0.5572 3.3244, -1.4882 -0.5739 3.3244, -1.4858 -0.5918 3.3244, -1.4882 -0.6097 3.3244, -1.4951 -0.6264 3.3244, -1.5061 -0.6408 3.3244, -1.5205 -0.6518 3.3244, -1.5372 -0.6587 3.3244, -1.5551 -0.6611 3.3244, -1.573 -0.6587 3.3244, -1.5898 -0.6518 3.3244, -1.6041 -0.6408 3.3244, -1.6151 -0.6264 3.3244, -1.622 -0.6097 3.3244, -1.6244 -0.5918 3.3244, -1.6065 -0.5781 3.3364, -1.6011 -0.5652 3.3364, -1.5927 -0.5542 3.3364, -1.5817 -0.5458 3.3364, -1.5689 -0.5405 3.3364, -1.5551 -0.5387 3.3364, -1.5414 -0.5405 3.3364, -1.5285 -0.5458 3.3364, -1.5175 -0.5542 3.3364, -1.5091 -0.5652 3.3364, -1.5038 -0.5781 3.3364, -1.502 -0.5918 3.3364, -1.5038 -0.6056 3.3364, -1.5091 -0.6184 3.3364, -1.5175 -0.6294 3.3364, -1.5285 -0.6378 3.3364, -1.5414 -0.6431 3.3364, -1.5551 -0.645 3.3364, -1.5689 -0.6431 3.3364, -1.5817 -0.6378 3.3364, -1.5927 -0.6294 3.3364, -1.6011 -0.6184 3.3364, -1.6065 -0.6056 3.3364, -1.6083 -0.5918 3.3364, -1.5885 -0.5829 3.3439, -1.585 -0.5746 3.3439, -1.5795 -0.5674 3.3439, -1.5724 -0.5619 3.3439, -1.5641 -0.5585 3.3439, -1.5551 -0.5573 3.3439, -1.5462 -0.5585 3.3439, -1.5379 -0.5619 3.3439, -1.5307 -0.5674 3.3439, -1.5252 -0.5746 3.3439, -1.5218 -0.5829 3.3439, -1.5206 -0.5918 3.3439, -1.5218 -0.6007 3.3439, -1.5252 -0.6091 3.3439, -1.5307 -0.6162 3.3439, -1.5379 -0.6217 3.3439, -1.5462 -0.6251 3.3439, -1.5551 -0.6263 3.3439, -1.5641 -0.6251 3.3439, -1.5724 -0.6217 3.3439, -1.5795 -0.6162 3.3439, -1.585 -0.6091 3.3439, -1.5885 -0.6007 3.3439, -1.5896 -0.5918 3.3439, 0.8071 1.0322 0.3937, 0.8071 1.0322 0.0, 0.9197 0.9357 0.0, -0.5709 -1.1585 0.3937, -0.5709 -1.1585 0.0, -0.6299 -1.1264 0.0, -1.2753 0.1033 0.3937, -1.2418 0.3097 0.3937, -1.2418 0.3097 0.5906, -1.1827 0.4909 0.3937, -1.1827 0.4909 0.0, -1.1756 0.508 0.0, -1.1756 0.508 0.5906, -1.2753 0.1033 0.5906, -1.2795 -0.0013 0.5906, -1.2753 -0.1058 0.3937, -1.2753 -0.1058 0.5906, -1.2418 -0.3122 0.3937, -1.2418 -0.3122 0.5906, -1.1827 -0.4934 0.3937, -1.1756 -0.5105 0.5906, -0.6299 -1.1264 0.5906, -0.441 -1.216 0.5906, -0.441 -1.216 0.3937, -0.2402 -1.2742 0.3937, -0.2402 -1.2742 0.5906, -0.0326 -1.2994 0.3937, -0.0326 -1.2994 0.5906, 0.1763 -1.291 0.3937, 0.1763 -1.291 0.5906, 0.3811 -1.2492 0.3937, 0.3811 -1.2492 0.5906, 0.5766 -1.175 0.3937, 0.5766 -1.175 0.5906, 0.7577 -1.0705 0.3937, 0.7577 -1.0705 0.5906, 0.8071 -1.0347 0.3937, 0.9197 -0.9383 0.5906, 0.8071 -1.0347 0.0, 0.9197 0.9357 0.5906, 0.7577 1.068 0.5906, 0.7577 1.068 0.3937, 0.5766 1.1725 0.3937, 0.5766 1.1725 0.5906, 0.3811 1.2467 0.3937, 0.3811 1.2467 0.5906, 0.1763 1.2885 0.3937, 0.1763 1.2885 0.5906, -0.0326 1.2969 0.3937, -0.0326 1.2969 0.5906, -0.2402 1.2717 0.3937, -0.2402 1.2717 0.5906, -0.441 1.2135 0.3937, -0.441 1.2135 0.5906, -0.5709 1.156 0.3937, -0.6299 1.1239 0.5906, -0.5709 1.156 0.0, -1.0784 0.6931 0.5906, -1.0784 0.6931 0.0, -0.9528 0.8603 0.5906, -0.9528 0.8603 0.0, -0.802 1.0051 0.5906, -0.802 1.0051 0.0, -0.6299 1.1239 0.0, -1.1827 -0.4934 0.0, -1.1756 -0.5105 0.0, -1.0784 -0.6956 0.0, -1.0784 -0.6956 0.5906, -0.9528 -0.8628 0.0, -0.9528 -0.8628 0.5906, -0.802 -1.0076 0.0, -0.802 -1.0076 0.5906, 1.0583 0.7792 0.5906, 1.0583 0.7792 0.0, 1.1701 0.6025 0.5906, 1.1701 0.6025 0.0, 1.252 0.4102 0.5906, 1.252 0.4102 0.0, 1.3021 0.2072 0.5906, 1.3021 0.2072 0.0, 1.3189 -0.0013 0.5906, 1.3189 -0.0013 0.0, 1.3021 -0.2097 0.5906, 1.3021 -0.2097 0.0, 1.252 -0.4127 0.5906, 1.252 -0.4127 0.0, 1.1701 -0.605 0.5906, 1.1701 -0.605 0.0, 1.0583 -0.7818 0.5906, 1.0583 -0.7818 0.0, 0.9197 -0.9383 0.0, 0.0197 -0.0013 0.5906, 0.8071 1.2708 0.3937, 0.8071 1.2708 0.0, -0.5709 1.3733 0.0, -0.5709 1.3733 0.3937, -0.5269 1.3914 0.3937, -0.3132 1.4573 0.3937, -0.0921 1.4906 0.3937, 0.1315 1.4906 0.3937, 0.3526 1.4573 0.3937, 0.5663 1.3914 0.3937, 0.7677 1.2944 0.3937, 0.8071 -1.2733 0.3937, 0.7677 -1.2969 0.3937, 0.5663 -1.3939 0.3937, 0.3526 -1.4598 0.3937, 0.1315 -1.4931 0.3937, -0.0921 -1.4931 0.3937, -0.3132 -1.4598 0.3937, -0.5269 -1.3939 0.3937, -0.5709 -1.3758 0.3937, -0.5709 -1.3758 0.0, 0.8071 -1.2733 0.0, -1.3931 0.4909 0.3937, -1.3931 0.4909 0.0, -1.3931 -0.4934 0.0, -1.3931 -0.4934 0.3937, -1.4099 -0.4422 0.3937, -1.4099 0.4397 0.3937, -1.4597 0.2217 0.3937, -1.4764 -0.0013 0.3937, -1.4597 -0.2242 0.3937
            ]
        }
        coordIndex [
            0,1,2,-1,2,1,3,-1,2,3,4,-1,5,6,7,-1,7,6,8,-1,7,8,9,-1,10,11,12,-1,12,11,13,-1,14,15,11,-1,11,15,13,-1,16,17,14,-1,14,17,15,-1,18,19,16,-1,16,19,17,-1,20,19,21,-1,21,19,18,-1,7,20,5,-1,5,20,21,-1,12,3,10,-1,10,3,1,-1,22,23,24,-1,24,23,25,-1,26,27,25,-1,25,27,28,-1,25,28,24,-1,29,30,31,-1,32,33,26,-1,26,33,34,-1,26,34,27,-1,35,36,37,-1,37,36,38,-1,37,38,32,-1,32,38,39,-1,32,39,33,-1,31,30,40,-1,40,30,41,-1,40,41,42,-1,43,44,45,-1,45,44,46,-1,45,46,35,-1,35,46,47,-1,35,47,36,-1,31,48,29,-1,29,48,49,-1,29,49,43,-1,43,49,50,-1,43,50,44,-1,42,41,51,-1,51,41,52,-1,51,52,53,-1,53,52,54,-1,54,52,55,-1,54,55,56,-1,57,58,59,-1,59,58,60,-1,59,60,61,-1,61,60,62,-1,61,62,63,-1,63,62,64,-1,63,64,65,-1,65,64,66,-1,65,66,67,-1,67,66,68,-1,67,68,69,-1,69,68,70,-1,69,70,71,-1,71,70,72,-1,71,72,73,-1,73,72,74,-1,73,74,75,-1,75,74,76,-1,75,76,77,-1,77,76,78,-1,77,78,79,-1,79,78,80,-1,79,80,81,-1,81,80,82,-1,81,82,83,-1,83,82,84,-1,83,84,85,-1,85,84,86,-1,85,86,87,-1,87,86,88,-1,87,88,89,-1,89,88,90,-1,89,90,91,-1,91,90,92,-1,91,92,93,-1,93,92,94,-1,93,94,95,-1,95,94,96,-1,95,96,97,-1,97,96,98,-1,97,98,99,-1,99,98,100,-1,99,100,101,-1,101,100,102,-1,101,102,103,-1,103,102,104,-1,103,104,57,-1,57,104,58,-1,105,106,107,-1,107,106,108,-1,107,108,109,-1,110,111,107,-1,107,111,112,-1,107,112,105,-1,113,114,107,-1,107,114,115,-1,107,115,110,-1,116,117,107,-1,107,117,118,-1,107,118,113,-1,119,120,107,-1,107,120,121,-1,107,121,116,-1,122,123,107,-1,107,123,124,-1,107,124,119,-1,125,126,107,-1,107,126,127,-1,107,127,122,-1,109,128,107,-1,107,128,129,-1,107,129,125,-1,130,131,132,-1,132,131,133,-1,132,133,134,-1,134,133,135,-1,134,135,136,-1,136,135,137,-1,136,137,138,-1,138,137,139,-1,138,139,140,-1,140,139,141,-1,140,141,142,-1,142,141,143,-1,142,143,144,-1,144,143,145,-1,144,145,146,-1,146,145,147,-1,146,147,148,-1,148,147,149,-1,148,149,150,-1,150,149,151,-1,150,151,152,-1,152,151,153,-1,152,153,154,-1,154,153,155,-1,154,155,156,-1,156,155,157,-1,156,157,158,-1,158,157,159,-1,158,159,160,-1,160,159,161,-1,160,161,162,-1,162,161,163,-1,162,163,164,-1,164,163,165,-1,164,165,166,-1,166,165,167,-1,166,167,168,-1,168,167,169,-1,168,169,170,-1,170,169,171,-1,170,171,172,-1,172,171,173,-1,172,173,174,-1,174,173,175,-1,174,175,176,-1,176,175,177,-1,176,177,130,-1,130,177,131,-1,178,179,180,-1,180,179,181,-1,180,181,182,-1,183,184,180,-1,180,184,185,-1,180,185,178,-1,186,187,180,-1,180,187,188,-1,180,188,183,-1,189,190,180,-1,180,190,191,-1,180,191,186,-1,192,193,180,-1,180,193,194,-1,180,194,189,-1,195,196,180,-1,180,196,197,-1,180,197,192,-1,198,199,180,-1,180,199,200,-1,180,200,195,-1,182,201,180,-1,180,201,202,-1,180,202,198,-1,108,203,109,-1,109,203,204,-1,109,204,128,-1,128,204,205,-1,128,205,129,-1,129,205,206,-1,129,206,125,-1,125,206,207,-1,125,207,126,-1,126,207,208,-1,126,208,127,-1,127,208,209,-1,127,209,122,-1,122,209,210,-1,122,210,123,-1,123,210,211,-1,123,211,124,-1,124,211,212,-1,124,212,119,-1,119,212,213,-1,119,213,120,-1,120,213,214,-1,120,214,121,-1,121,214,215,-1,121,215,116,-1,116,215,216,-1,116,216,117,-1,117,216,217,-1,117,217,118,-1,118,217,218,-1,118,218,113,-1,113,218,219,-1,113,219,114,-1,114,219,220,-1,114,220,115,-1,115,220,221,-1,115,221,110,-1,110,221,222,-1,110,222,111,-1,111,222,223,-1,111,223,112,-1,112,223,224,-1,112,224,105,-1,105,224,225,-1,105,225,106,-1,106,225,226,-1,106,226,108,-1,108,226,203,-1,226,227,203,-1,203,227,228,-1,203,228,204,-1,204,228,229,-1,204,229,205,-1,205,229,230,-1,205,230,206,-1,206,230,231,-1,206,231,207,-1,207,231,232,-1,207,232,208,-1,208,232,233,-1,208,233,209,-1,209,233,234,-1,209,234,210,-1,210,234,235,-1,210,235,211,-1,211,235,236,-1,211,236,212,-1,212,236,237,-1,212,237,213,-1,213,237,238,-1,213,238,214,-1,214,238,239,-1,214,239,215,-1,215,239,240,-1,215,240,216,-1,216,240,241,-1,216,241,217,-1,217,241,242,-1,217,242,218,-1,218,242,243,-1,218,243,219,-1,219,243,244,-1,219,244,220,-1,220,244,245,-1,220,245,221,-1,221,245,246,-1,221,246,222,-1,222,246,247,-1,222,247,223,-1,223,247,248,-1,223,248,224,-1,224,248,249,-1,224,249,225,-1,225,249,250,-1,225,250,226,-1,226,250,227,-1,250,251,227,-1,227,251,252,-1,227,252,228,-1,228,252,253,-1,228,253,229,-1,229,253,254,-1,229,254,230,-1,230,254,255,-1,230,255,231,-1,231,255,256,-1,231,256,232,-1,232,256,257,-1,232,257,233,-1,233,257,258,-1,233,258,234,-1,234,258,259,-1,234,259,235,-1,235,259,260,-1,235,260,236,-1,236,260,261,-1,236,261,237,-1,237,261,262,-1,237,262,238,-1,238,262,263,-1,238,263,239,-1,239,263,264,-1,239,264,240,-1,240,264,265,-1,240,265,241,-1,241,265,266,-1,241,266,242,-1,242,266,267,-1,242,267,243,-1,243,267,268,-1,243,268,244,-1,244,268,269,-1,244,269,245,-1,245,269,270,-1,245,270,246,-1,246,270,271,-1,246,271,247,-1,247,271,272,-1,247,272,248,-1,248,272,273,-1,248,273,249,-1,249,273,274,-1,249,274,250,-1,250,274,251,-1,274,275,251,-1,251,275,276,-1,251,276,252,-1,252,276,277,-1,252,277,253,-1,253,277,278,-1,253,278,254,-1,254,278,279,-1,254,279,255,-1,255,279,280,-1,255,280,256,-1,256,280,281,-1,256,281,257,-1,257,281,282,-1,257,282,258,-1,258,282,283,-1,258,283,259,-1,259,283,284,-1,259,284,260,-1,260,284,285,-1,260,285,261,-1,261,285,286,-1,261,286,262,-1,262,286,287,-1,262,287,263,-1,263,287,288,-1,263,288,264,-1,264,288,289,-1,264,289,265,-1,265,289,290,-1,265,290,266,-1,266,290,291,-1,266,291,267,-1,267,291,292,-1,267,292,268,-1,268,292,293,-1,268,293,269,-1,269,293,294,-1,269,294,270,-1,270,294,295,-1,270,295,271,-1,271,295,296,-1,271,296,272,-1,272,296,297,-1,272,297,273,-1,273,297,298,-1,273,298,274,-1,274,298,275,-1,298,299,275,-1,275,299,300,-1,275,300,276,-1,276,300,301,-1,276,301,277,-1,277,301,302,-1,277,302,278,-1,278,302,303,-1,278,303,279,-1,279,303,304,-1,279,304,280,-1,280,304,305,-1,280,305,281,-1,281,305,306,-1,281,306,282,-1,282,306,307,-1,282,307,283,-1,283,307,308,-1,283,308,284,-1,284,308,309,-1,284,309,285,-1,285,309,310,-1,285,310,286,-1,286,310,311,-1,286,311,287,-1,287,311,312,-1,287,312,288,-1,288,312,313,-1,288,313,289,-1,289,313,314,-1,289,314,290,-1,290,314,315,-1,290,315,291,-1,291,315,316,-1,291,316,292,-1,292,316,317,-1,292,317,293,-1,293,317,318,-1,293,318,294,-1,294,318,319,-1,294,319,295,-1,295,319,320,-1,295,320,296,-1,296,320,321,-1,296,321,297,-1,297,321,322,-1,297,322,298,-1,298,322,299,-1,322,102,299,-1,299,102,100,-1,299,100,300,-1,300,100,98,-1,300,98,301,-1,301,98,96,-1,301,96,302,-1,302,96,94,-1,302,94,303,-1,303,94,92,-1,303,92,304,-1,304,92,90,-1,304,90,305,-1,305,90,88,-1,305,88,306,-1,306,88,86,-1,306,86,307,-1,307,86,84,-1,307,84,308,-1,308,84,82,-1,308,82,309,-1,309,82,80,-1,309,80,310,-1,310,80,78,-1,310,78,311,-1,311,78,76,-1,311,76,312,-1,312,76,74,-1,312,74,313,-1,313,74,72,-1,313,72,314,-1,314,72,70,-1,314,70,315,-1,315,70,68,-1,315,68,316,-1,316,68,66,-1,316,66,317,-1,317,66,64,-1,317,64,318,-1,318,64,62,-1,318,62,319,-1,319,62,60,-1,319,60,320,-1,320,60,58,-1,320,58,321,-1,321,58,104,-1,321,104,322,-1,322,104,102,-1,177,323,131,-1,131,323,324,-1,131,324,133,-1,133,324,325,-1,133,325,135,-1,135,325,326,-1,135,326,137,-1,137,326,327,-1,137,327,139,-1,139,327,328,-1,139,328,141,-1,141,328,329,-1,141,329,143,-1,143,329,330,-1,143,330,145,-1,145,330,331,-1,145,331,147,-1,147,331,332,-1,147,332,149,-1,149,332,333,-1,149,333,151,-1,151,333,334,-1,151,334,153,-1,153,334,335,-1,153,335,155,-1,155,335,336,-1,155,336,157,-1,157,336,337,-1,157,337,159,-1,159,337,338,-1,159,338,161,-1,161,338,339,-1,161,339,163,-1,163,339,340,-1,163,340,165,-1,165,340,341,-1,165,341,167,-1,167,341,342,-1,167,342,169,-1,169,342,343,-1,169,343,171,-1,171,343,344,-1,171,344,173,-1,173,344,345,-1,173,345,175,-1,175,345,346,-1,175,346,177,-1,177,346,323,-1,346,347,323,-1,323,347,348,-1,323,348,324,-1,324,348,349,-1,324,349,325,-1,325,349,350,-1,325,350,326,-1,326,350,351,-1,326,351,327,-1,327,351,352,-1,327,352,328,-1,328,352,353,-1,328,353,329,-1,329,353,354,-1,329,354,330,-1,330,354,355,-1,330,355,331,-1,331,355,356,-1,331,356,332,-1,332,356,357,-1,332,357,333,-1,333,357,358,-1,333,358,334,-1,334,358,359,-1,334,359,335,-1,335,359,360,-1,335,360,336,-1,336,360,361,-1,336,361,337,-1,337,361,362,-1,337,362,338,-1,338,362,363,-1,338,363,339,-1,339,363,364,-1,339,364,340,-1,340,364,365,-1,340,365,341,-1,341,365,366,-1,341,366,342,-1,342,366,367,-1,342,367,343,-1,343,367,368,-1,343,368,344,-1,344,368,369,-1,344,369,345,-1,345,369,370,-1,345,370,346,-1,346,370,347,-1,370,371,347,-1,347,371,372,-1,347,372,348,-1,348,372,373,-1,348,373,349,-1,349,373,374,-1,349,374,350,-1,350,374,375,-1,350,375,351,-1,351,375,376,-1,351,376,352,-1,352,376,377,-1,352,377,353,-1,353,377,378,-1,353,378,354,-1,354,378,379,-1,354,379,355,-1,355,379,380,-1,355,380,356,-1,356,380,381,-1,356,381,357,-1,357,381,382,-1,357,382,358,-1,358,382,383,-1,358,383,359,-1,359,383,384,-1,359,384,360,-1,360,384,385,-1,360,385,361,-1,361,385,386,-1,361,386,362,-1,362,386,387,-1,362,387,363,-1,363,387,388,-1,363,388,364,-1,364,388,389,-1,364,389,365,-1,365,389,390,-1,365,390,366,-1,366,390,391,-1,366,391,367,-1,367,391,392,-1,367,392,368,-1,368,392,393,-1,368,393,369,-1,369,393,394,-1,369,394,370,-1,370,394,371,-1,394,395,371,-1,371,395,396,-1,371,396,372,-1,372,396,397,-1,372,397,373,-1,373,397,398,-1,373,398,374,-1,374,398,399,-1,374,399,375,-1,375,399,400,-1,375,400,376,-1,376,400,401,-1,376,401,377,-1,377,401,402,-1,377,402,378,-1,378,402,403,-1,378,403,379,-1,379,403,404,-1,379,404,380,-1,380,404,405,-1,380,405,381,-1,381,405,406,-1,381,406,382,-1,382,406,407,-1,382,407,383,-1,383,407,408,-1,383,408,384,-1,384,408,409,-1,384,409,385,-1,385,409,410,-1,385,410,386,-1,386,410,411,-1,386,411,387,-1,387,411,412,-1,387,412,388,-1,388,412,413,-1,388,413,389,-1,389,413,414,-1,389,414,390,-1,390,414,415,-1,390,415,391,-1,391,415,416,-1,391,416,392,-1,392,416,417,-1,392,417,393,-1,393,417,418,-1,393,418,394,-1,394,418,395,-1,418,419,395,-1,395,419,420,-1,395,420,396,-1,396,420,421,-1,396,421,397,-1,397,421,422,-1,397,422,398,-1,398,422,423,-1,398,423,399,-1,399,423,424,-1,399,424,400,-1,400,424,425,-1,400,425,401,-1,401,425,426,-1,401,426,402,-1,402,426,427,-1,402,427,403,-1,403,427,428,-1,403,428,404,-1,404,428,429,-1,404,429,405,-1,405,429,430,-1,405,430,406,-1,406,430,431,-1,406,431,407,-1,407,431,432,-1,407,432,408,-1,408,432,433,-1,408,433,409,-1,409,433,434,-1,409,434,410,-1,410,434,435,-1,410,435,411,-1,411,435,436,-1,411,436,412,-1,412,436,437,-1,412,437,413,-1,413,437,438,-1,413,438,414,-1,414,438,439,-1,414,439,415,-1,415,439,440,-1,415,440,416,-1,416,440,441,-1,416,441,417,-1,417,441,442,-1,417,442,418,-1,418,442,419,-1,442,179,419,-1,419,179,178,-1,419,178,420,-1,420,178,185,-1,420,185,421,-1,421,185,184,-1,421,184,422,-1,422,184,183,-1,422,183,423,-1,423,183,188,-1,423,188,424,-1,424,188,187,-1,424,187,425,-1,425,187,186,-1,425,186,426,-1,426,186,191,-1,426,191,427,-1,427,191,190,-1,427,190,428,-1,428,190,189,-1,428,189,429,-1,429,189,194,-1,429,194,430,-1,430,194,193,-1,430,193,431,-1,431,193,192,-1,431,192,432,-1,432,192,197,-1,432,197,433,-1,433,197,196,-1,433,196,434,-1,434,196,195,-1,434,195,435,-1,435,195,200,-1,435,200,436,-1,436,200,199,-1,436,199,437,-1,437,199,198,-1,437,198,438,-1,438,198,202,-1,438,202,439,-1,439,202,201,-1,439,201,440,-1,440,201,182,-1,440,182,441,-1,441,182,181,-1,441,181,442,-1,442,181,179,-1,443,444,445,-1,446,447,448,-1,449,450,451,-1,452,453,454,-1,451,450,455,-1,451,456,449,-1,449,456,457,-1,449,457,458,-1,458,457,459,-1,458,459,460,-1,460,459,461,-1,460,461,462,-1,462,461,463,-1,464,465,466,-1,466,465,467,-1,467,465,468,-1,467,468,469,-1,469,468,470,-1,469,470,471,-1,471,470,472,-1,471,472,473,-1,473,472,474,-1,473,474,475,-1,475,474,476,-1,475,476,477,-1,477,476,478,-1,477,478,479,-1,479,478,480,-1,479,480,481,-1,482,483,484,-1,484,483,485,-1,485,483,486,-1,485,486,487,-1,487,486,488,-1,487,488,489,-1,489,488,490,-1,489,490,491,-1,491,490,492,-1,491,492,493,-1,493,492,494,-1,493,494,495,-1,495,494,496,-1,495,496,497,-1,497,496,498,-1,497,498,499,-1,450,452,455,-1,455,452,454,-1,455,454,500,-1,500,454,501,-1,500,501,502,-1,502,501,503,-1,502,503,504,-1,504,503,505,-1,504,505,498,-1,498,505,506,-1,498,506,499,-1,507,462,508,-1,508,462,463,-1,508,463,509,-1,509,463,510,-1,509,510,511,-1,511,510,512,-1,511,512,513,-1,513,512,514,-1,513,514,448,-1,448,514,464,-1,448,464,446,-1,446,464,466,-1,484,443,482,-1,482,443,445,-1,482,445,515,-1,515,445,516,-1,515,516,517,-1,517,516,518,-1,517,518,519,-1,519,518,520,-1,519,520,521,-1,521,520,522,-1,521,522,523,-1,523,522,524,-1,523,524,525,-1,525,524,526,-1,525,526,527,-1,527,526,528,-1,527,528,529,-1,529,528,530,-1,529,530,531,-1,531,530,532,-1,531,532,480,-1,480,532,533,-1,480,533,481,-1,457,456,534,-1,463,461,534,-1,534,461,459,-1,534,459,457,-1,514,512,534,-1,534,512,510,-1,534,510,463,-1,468,465,534,-1,534,465,464,-1,534,464,514,-1,474,472,534,-1,534,472,470,-1,534,470,468,-1,480,478,534,-1,534,478,476,-1,534,476,474,-1,527,529,534,-1,534,529,531,-1,534,531,480,-1,521,523,534,-1,534,523,525,-1,534,525,527,-1,515,517,534,-1,534,517,519,-1,534,519,521,-1,486,483,534,-1,534,483,482,-1,534,482,515,-1,492,490,534,-1,534,490,488,-1,534,488,486,-1,498,496,534,-1,534,496,494,-1,534,494,492,-1,500,502,534,-1,534,502,504,-1,534,504,498,-1,456,451,534,-1,534,451,455,-1,534,455,500,-1,443,535,444,-1,444,535,536,-1,499,537,497,-1,497,537,538,-1,535,443,484,-1,497,538,495,-1,495,538,539,-1,495,539,493,-1,493,539,540,-1,493,540,491,-1,491,540,541,-1,491,541,489,-1,489,541,542,-1,489,542,487,-1,487,542,543,-1,487,543,485,-1,485,543,544,-1,485,544,484,-1,484,544,545,-1,484,545,535,-1,479,546,477,-1,477,546,547,-1,477,547,475,-1,475,547,548,-1,475,548,473,-1,473,548,549,-1,473,549,471,-1,471,549,550,-1,471,550,469,-1,469,550,551,-1,469,551,467,-1,467,551,552,-1,467,552,466,-1,466,552,553,-1,466,553,446,-1,446,553,554,-1,446,554,447,-1,447,554,555,-1,481,556,479,-1,479,556,546,-1,452,557,453,-1,453,557,558,-1,507,559,462,-1,462,559,560,-1,462,560,460,-1,460,560,561,-1,460,561,458,-1,557,452,562,-1,562,452,450,-1,562,450,563,-1,563,450,449,-1,563,449,564,-1,564,449,458,-1,564,458,565,-1,565,458,561,-1,
        ]
    }
}
Shape{
    appearance Appearance {
        material  Material 	{
            diffuseColor 0.7529411764705882 0.7529411764705882 0.7529411764705882
            specularColor 0.3764705882352941 0.3764705882352941 0.3764705882352941
            ambientIntensity 0.7529
            transparency 0.0
            shininess 0.5
        }
    }
    geometry IndexedFaceSet {
        ccw TRUE
        solid FALSE
        coord DEF co Coordinate {
            point [
                1.2006 -0.876 -1.3779, 1.2006 -0.876 0.0, 0.8944 -1.1822 0.0, 0.9976 -1.079 -1.5681, 1.0336 -1.043 -1.5748, 0.8944 -1.1822 -1.3779, 0.8992 -1.1775 -1.4289, 0.9131 -1.1636 -1.4764, 0.9352 -1.1414 -1.5171, 0.964 -1.1126 -1.5484, 1.1599 -0.9168 -1.5171, 1.182 -0.8946 -1.4764, 1.131 -0.9456 -1.5484, 1.0975 -0.9792 -1.5681, 1.0614 -1.0152 -1.5748, 1.1959 -0.8807 -1.4289, 1.145 -0.8203 -1.3779, 1.145 -0.8203 0.0, 0.8387 -1.1265 -1.3779, 0.8387 -1.1265 0.0, 1.0418 -0.9235 -1.5681, 1.0058 -0.9595 -1.5748, 1.1402 -0.825 -1.4289, 1.1263 -0.839 -1.4764, 1.1042 -0.8611 -1.5171, 1.0754 -0.8899 -1.5484, 0.8795 -1.0858 -1.5171, 0.8574 -1.1079 -1.4764, 0.9083 -1.0569 -1.5484, 0.9419 -1.0234 -1.5681, 0.9779 -0.9873 -1.5748, 0.8435 -1.1218 -1.4289, -0.855 -1.1822 0.0, -1.1613 -0.876 0.0, -0.855 -1.1822 -1.3779, -1.1613 -0.876 -1.3779, -0.9942 -1.043 -1.5748, -0.9582 -1.079 -1.5681, -0.9246 -1.1126 -1.5484, -0.8958 -1.1414 -1.5171, -0.8737 -1.1636 -1.4764, -0.8598 -1.1775 -1.4289, -1.0221 -1.0152 -1.5748, -1.1565 -0.8807 -1.4289, -1.1426 -0.8946 -1.4764, -1.1205 -0.9168 -1.5171, -1.0917 -0.9456 -1.5484, -1.0581 -0.9792 -1.5681, -0.7994 -1.1265 -1.3779, -0.7994 -1.1265 0.0, -1.1056 -0.8203 0.0, -1.1056 -0.8203 -1.3779, -1.1008 -0.825 -1.4289, -0.9664 -0.9595 -1.5748, -0.9386 -0.9873 -1.5748, -0.8041 -1.1218 -1.4289, -0.818 -1.1079 -1.4764, -0.8401 -1.0858 -1.5171, -0.869 -1.0569 -1.5484, -0.9025 -1.0234 -1.5681, -1.0024 -0.9235 -1.5681, -1.036 -0.8899 -1.5484, -1.0648 -0.8611 -1.5171, -1.0869 -0.839 -1.4764, -1.1613 0.8735 -1.3779, -1.1613 0.8735 0.0, -0.855 1.1797 0.0, -0.9582 1.0765 -1.5681, -0.9942 1.0405 -1.5748, -0.855 1.1797 -1.3779, -0.8598 1.175 -1.4289, -0.8737 1.161 -1.4764, -0.8958 1.1389 -1.5171, -0.9246 1.1101 -1.5484, -1.1205 0.9142 -1.5171, -1.1426 0.8921 -1.4764, -1.0917 0.9431 -1.5484, -1.0581 0.9766 -1.5681, -1.0221 1.0127 -1.5748, -1.1565 0.8782 -1.4289, -1.1056 0.8178 -1.3779, -1.1056 0.8178 0.0, -0.9664 0.957 -1.5748, -0.9386 0.9848 -1.5748, -0.7994 1.124 0.0, -0.7994 1.124 -1.3779, -1.0024 0.921 -1.5681, -0.9025 1.0208 -1.5681, -0.869 1.0544 -1.5484, -0.8401 1.0832 -1.5171, -0.818 1.1054 -1.4764, -0.8041 1.1193 -1.4289, -1.1008 0.8225 -1.4289, -1.0869 0.8364 -1.4764, -1.036 0.8874 -1.5484, -1.0648 0.8586 -1.5171
            ]
        }
        coordIndex [
            0,1,2,-1,3,4,0,-1,2,5,0,-1,0,5,6,-1,0,6,7,-1,7,8,0,-1,0,8,9,-1,0,9,3,-1,10,11,12,-1,12,11,13,-1,4,14,0,-1,0,14,13,-1,0,13,15,-1,15,13,11,-1,16,17,0,-1,0,17,1,-1,18,19,17,-1,20,21,18,-1,17,16,18,-1,18,16,22,-1,18,22,23,-1,23,24,18,-1,18,24,25,-1,18,25,20,-1,26,27,28,-1,28,27,29,-1,21,30,18,-1,18,30,29,-1,18,29,31,-1,31,29,27,-1,5,2,18,-1,18,2,19,-1,14,4,21,-1,21,4,30,-1,14,21,20,-1,14,20,13,-1,13,20,25,-1,13,25,12,-1,12,25,24,-1,12,24,10,-1,10,24,23,-1,10,23,11,-1,11,23,22,-1,11,22,15,-1,15,22,16,-1,15,16,0,-1,30,4,3,-1,30,3,29,-1,29,3,9,-1,29,9,28,-1,28,9,8,-1,28,8,26,-1,26,8,7,-1,26,7,27,-1,27,7,6,-1,27,6,31,-1,31,6,5,-1,31,5,18,-1,32,33,34,-1,34,33,35,-1,36,37,35,-1,35,37,38,-1,35,38,39,-1,39,40,35,-1,35,40,41,-1,35,41,34,-1,36,35,42,-1,42,35,43,-1,42,43,44,-1,44,45,42,-1,42,45,46,-1,42,46,47,-1,48,49,34,-1,34,49,32,-1,50,49,51,-1,51,49,48,-1,52,51,53,-1,53,51,54,-1,48,55,51,-1,51,55,56,-1,51,56,57,-1,57,58,51,-1,51,58,59,-1,51,59,54,-1,60,61,62,-1,60,62,53,-1,53,62,63,-1,53,63,52,-1,35,33,51,-1,51,33,50,-1,36,42,54,-1,54,42,53,-1,64,65,66,-1,67,68,64,-1,66,69,64,-1,64,69,70,-1,64,70,71,-1,71,72,64,-1,64,72,73,-1,64,73,67,-1,74,75,76,-1,76,75,77,-1,68,78,64,-1,64,78,77,-1,64,77,79,-1,79,77,75,-1,80,81,64,-1,64,81,65,-1,82,83,80,-1,84,81,85,-1,85,81,80,-1,82,80,86,-1,83,87,80,-1,80,87,88,-1,80,88,89,-1,89,90,80,-1,80,90,91,-1,80,91,85,-1,80,92,86,-1,86,92,93,-1,86,93,94,-1,94,93,95,-1,69,66,85,-1,85,66,84,-1,78,68,82,-1,82,68,83,-1,36,54,59,-1,36,59,37,-1,37,59,58,-1,37,58,38,-1,38,58,57,-1,38,57,39,-1,39,57,56,-1,39,56,40,-1,40,56,55,-1,40,55,41,-1,41,55,48,-1,41,48,34,-1,53,42,47,-1,53,47,60,-1,60,47,46,-1,60,46,61,-1,61,46,45,-1,61,45,62,-1,62,45,44,-1,62,44,63,-1,63,44,43,-1,63,43,52,-1,52,43,35,-1,52,35,51,-1,78,82,86,-1,78,86,77,-1,77,86,94,-1,77,94,76,-1,76,94,95,-1,76,95,74,-1,74,95,93,-1,74,93,75,-1,75,93,92,-1,75,92,79,-1,79,92,80,-1,79,80,64,-1,83,68,67,-1,83,67,87,-1,87,67,73,-1,87,73,88,-1,88,73,72,-1,88,72,89,-1,89,72,71,-1,89,71,90,-1,90,71,70,-1,90,70,91,-1,91,70,69,-1,91,69,85,-1,
        ]
    }
}
Shape{
    appearance Appearance {
        material  Material 	{
            diffuseColor 1.0 1.0 1.0
            specularColor 0.5019607843137255 0.5019607843137255 0.5019607843137255
            ambientIntensity 1.0
            transparency 0.0
            shininess 0.5
        }
    }
    geometry IndexedFaceSet {
        ccw TRUE
        solid FALSE
        coord DEF co Coordinate {
            point [
                -1.4764 -0.0013 2.5591, -1.4663 0.1724 2.7559, -1.4663 0.1724 2.5591, -1.4361 0.3438 2.7559, -1.4361 0.3438 2.5591, -1.3862 0.5104 2.7559, -1.3862 0.5104 2.5591, -1.3172 0.6702 2.7559, -1.3172 0.6702 2.5591, -1.2303 0.8208 2.7559, -1.2303 0.8208 2.5591, -1.1264 0.9604 2.7559, -1.1264 0.9604 2.5591, -1.007 1.0869 2.7559, -1.007 1.0869 2.5591, -0.8737 1.1988 2.7559, -0.8737 1.1988 2.5591, -0.7283 1.2944 2.7559, -0.7283 1.2944 2.5591, -0.5729 1.3725 2.7559, -0.5729 1.3725 2.5591, -0.4094 1.432 2.7559, -0.4094 1.432 2.5591, -0.2401 1.4721 2.7559, -0.2401 1.4721 2.5591, -0.0673 1.4923 2.7559, -0.0673 1.4923 2.5591, 0.1067 1.4923 2.7559, 0.1067 1.4923 2.5591, 0.2795 1.4721 2.7559, 0.2795 1.4721 2.5591, 0.4488 1.432 2.7559, 0.4488 1.432 2.5591, 0.6122 1.3725 2.7559, 0.6122 1.3725 2.5591, 0.7677 1.2944 2.7559, 0.7677 1.2944 2.5591, 0.9131 1.1988 2.7559, 0.9131 1.1988 2.5591, 1.0463 1.0869 2.7559, 1.0463 1.0869 2.5591, 1.1657 0.9604 2.7559, 1.1657 0.9604 2.5591, 1.2696 0.8208 2.7559, 1.2696 0.8208 2.5591, 1.3566 0.6702 2.7559, 1.3566 0.6702 2.5591, 1.4255 0.5104 2.7559, 1.4255 0.5104 2.5591, 1.4754 0.3438 2.7559, 1.4754 0.3438 2.5591, 1.5056 0.1724 2.7559, 1.5056 0.1724 2.5591, 1.5157 -0.0013 2.7559, 1.5157 -0.0013 2.5591, 1.5056 -0.1749 2.7559, 1.5056 -0.1749 2.5591, 1.4754 -0.3463 2.7559, 1.4754 -0.3463 2.5591, 1.4255 -0.5129 2.7559, 1.4255 -0.5129 2.5591, 1.3566 -0.6727 2.7559, 1.3566 -0.6727 2.5591, 1.2696 -0.8234 2.7559, 1.2696 -0.8234 2.5591, 1.1657 -0.9629 2.7559, 1.1657 -0.9629 2.5591, 1.0463 -1.0895 2.7559, 1.0463 -1.0895 2.5591, 0.9131 -1.2013 2.7559, 0.9131 -1.2013 2.5591, 0.7677 -1.2969 2.7559, 0.7677 -1.2969 2.5591, 0.6122 -1.375 2.7559, 0.6122 -1.375 2.5591, 0.4488 -1.4345 2.7559, 0.4488 -1.4345 2.5591, 0.2795 -1.4746 2.7559, 0.2795 -1.4746 2.5591, 0.1067 -1.4948 2.7559, 0.1067 -1.4948 2.5591, -0.0673 -1.4948 2.7559, -0.0673 -1.4948 2.5591, -0.2401 -1.4746 2.7559, -0.2401 -1.4746 2.5591, -0.4094 -1.4345 2.7559, -0.4094 -1.4345 2.5591, -0.5729 -1.375 2.7559, -0.5729 -1.375 2.5591, -0.7283 -1.2969 2.7559, -0.7283 -1.2969 2.5591, -0.8737 -1.2013 2.7559, -0.8737 -1.2013 2.5591, -1.007 -1.0895 2.7559, -1.007 -1.0895 2.5591, -1.1264 -0.9629 2.7559, -1.1264 -0.9629 2.5591, -1.2303 -0.8234 2.7559, -1.2303 -0.8234 2.5591, -1.3172 -0.6727 2.7559, -1.3172 -0.6727 2.5591, -1.3862 -0.5129 2.7559, -1.3862 -0.5129 2.5591, -1.4361 -0.3463 2.7559, -1.4361 -0.3463 2.5591, -1.4663 -0.1749 2.7559, -1.4663 -0.1749 2.5591, -1.4764 -0.0013 2.7559, 0.0197 -0.0013 2.7559, 0.0197 -0.0013 2.5591
            ]
        }
        coordIndex [
            0,1,2,-1,2,1,3,-1,2,3,4,-1,4,3,5,-1,4,5,6,-1,6,5,7,-1,6,7,8,-1,8,7,9,-1,8,9,10,-1,10,9,11,-1,10,11,12,-1,12,11,13,-1,12,13,14,-1,14,13,15,-1,14,15,16,-1,16,15,17,-1,16,17,18,-1,18,17,19,-1,18,19,20,-1,20,19,21,-1,20,21,22,-1,22,21,23,-1,22,23,24,-1,24,23,25,-1,24,25,26,-1,26,25,27,-1,26,27,28,-1,28,27,29,-1,28,29,30,-1,30,29,31,-1,30,31,32,-1,32,31,33,-1,32,33,34,-1,34,33,35,-1,34,35,36,-1,36,35,37,-1,36,37,38,-1,38,37,39,-1,38,39,40,-1,40,39,41,-1,40,41,42,-1,42,41,43,-1,42,43,44,-1,44,43,45,-1,44,45,46,-1,46,45,47,-1,46,47,48,-1,48,47,49,-1,48,49,50,-1,50,49,51,-1,50,51,52,-1,52,51,53,-1,52,53,54,-1,54,53,55,-1,54,55,56,-1,56,55,57,-1,56,57,58,-1,58,57,59,-1,58,59,60,-1,60,59,61,-1,60,61,62,-1,62,61,63,-1,62,63,64,-1,64,63,65,-1,64,65,66,-1,66,65,67,-1,66,67,68,-1,68,67,69,-1,68,69,70,-1,70,69,71,-1,70,71,72,-1,72,71,73,-1,72,73,74,-1,74,73,75,-1,74,75,76,-1,76,75,77,-1,76,77,78,-1,78,77,79,-1,78,79,80,-1,80,79,81,-1,80,81,82,-1,82,81,83,-1,82,83,84,-1,84,83,85,-1,84,85,86,-1,86,85,87,-1,86,87,88,-1,88,87,89,-1,88,89,90,-1,90,89,91,-1,90,91,92,-1,92,91,93,-1,92,93,94,-1,94,93,95,-1,94,95,96,-1,96,95,97,-1,96,97,98,-1,98,97,99,-1,98,99,100,-1,100,99,101,-1,100,101,102,-1,102,101,103,-1,102,103,104,-1,104,103,105,-1,104,105,106,-1,106,105,107,-1,106,107,0,-1,0,107,1,-1,57,55,108,-1,108,55,53,-1,108,53,51,-1,63,61,108,-1,108,61,59,-1,108,59,57,-1,69,67,108,-1,108,67,65,-1,108,65,63,-1,75,73,108,-1,108,73,71,-1,108,71,69,-1,81,79,108,-1,108,79,77,-1,108,77,75,-1,87,85,108,-1,108,85,83,-1,108,83,81,-1,93,91,108,-1,108,91,89,-1,108,89,87,-1,99,97,108,-1,108,97,95,-1,108,95,93,-1,105,103,108,-1,108,103,101,-1,108,101,99,-1,3,1,108,-1,108,1,107,-1,108,107,105,-1,9,7,108,-1,108,7,5,-1,108,5,3,-1,15,13,108,-1,108,13,11,-1,108,11,9,-1,21,19,108,-1,108,19,17,-1,108,17,15,-1,27,25,108,-1,108,25,23,-1,108,23,21,-1,33,31,108,-1,108,31,29,-1,108,29,27,-1,39,37,108,-1,108,37,35,-1,108,35,33,-1,45,43,108,-1,108,43,41,-1,108,41,39,-1,51,49,108,-1,108,49,47,-1,108,47,45,-1,50,52,109,-1,109,52,54,-1,109,54,56,-1,44,46,109,-1,109,46,48,-1,109,48,50,-1,38,40,109,-1,109,40,42,-1,109,42,44,-1,32,34,109,-1,109,34,36,-1,109,36,38,-1,26,28,109,-1,109,28,30,-1,109,30,32,-1,20,22,109,-1,109,22,24,-1,109,24,26,-1,14,16,109,-1,109,16,18,-1,109,18,20,-1,8,10,109,-1,109,10,12,-1,109,12,14,-1,2,4,109,-1,109,4,6,-1,109,6,8,-1,104,106,109,-1,109,106,0,-1,109,0,2,-1,98,100,109,-1,109,100,102,-1,109,102,104,-1,92,94,109,-1,109,94,96,-1,109,96,98,-1,86,88,109,-1,109,88,90,-1,109,90,92,-1,80,82,109,-1,109,82,84,-1,109,84,86,-1,74,76,109,-1,109,76,78,-1,109,78,80,-1,68,70,109,-1,109,70,72,-1,109,72,74,-1,62,64,109,-1,109,64,66,-1,109,66,68,-1,56,58,109,-1,109,58,60,-1,109,60,62,-1,
        ]
    }
}