2026-08-27 17:30:52.400 INFO   Freerouting v2.2.4 (build-date: 2026-05-13)
2026-08-27 17:30:53.799 INFO   [DE6662\207FB6] Job 'DE6662\207FB6' started at 2026-08-27T17:30:53.799117848Z.
2026-08-27 17:30:54.261 INFO   New version available: v2.3.0
2026-08-27 17:30:55.217 WARN   Polyline: must contain at least 2 different points
2026-08-27 17:30:55.217 WARN   Polyline: must contain at least 2 different points
2026-08-27 17:30:55.218 WARN   Polyline: must contain at least 2 different points
2026-08-27 17:30:55.218 WARN   Polyline: must contain at least 2 different points
2026-08-27 17:30:55.218 WARN   Polyline: must contain at least 2 different points
2026-08-27 17:30:55.219 WARN   Polyline: must contain at least 2 different points
2026-08-27 17:30:55.219 WARN   Polyline: must contain at least 2 different points
2026-08-27 17:30:55.220 WARN   Polyline: must contain at least 2 different points
2026-08-27 17:30:55.220 WARN   Polyline: must contain at least 2 different points
2026-08-27 17:30:55.221 WARN   Polyline: must contain at least 2 different points
2026-08-27 17:30:55.221 WARN   Polyline: must contain at least 2 different points
2026-08-27 17:30:55.222 WARN   Polyline: must contain at least 2 different points
2026-08-27 17:30:55.222 WARN   Polyline: must contain at least 2 different points
2026-08-27 17:30:55.223 WARN   Polyline: must contain at least 2 different points
2026-08-27 17:30:55.223 WARN   Polyline: must contain at least 2 different points
2026-08-27 17:30:55.223 WARN   Polyline: must contain at least 2 different points
2026-08-27 17:30:55.224 WARN   Polyline: must contain at least 2 different points
2026-08-27 17:30:55.224 WARN   Polyline: must contain at least 2 different points
2026-08-27 17:30:55.224 WARN   Polyline: must contain at least 2 different points
2026-08-27 17:30:55.225 WARN   Polyline: must contain at least 2 different points
2026-08-27 17:30:55.225 WARN   Polyline: must contain at least 2 different points
2026-08-27 17:30:55.226 WARN   Polyline: must contain at least 2 different points
2026-08-27 17:30:55.226 WARN   Polyline: must contain at least 2 different points
2026-08-27 17:30:55.226 WARN   Polyline: must contain at least 2 different points
2026-08-27 17:30:55.227 WARN   Polyline: must contain at least 2 different points
2026-08-27 17:30:55.227 WARN   Polyline: must contain at least 2 different points
2026-08-27 17:30:55.228 WARN   Polyline: must contain at least 2 different points
2026-08-27 17:30:55.228 WARN   Polyline: must contain at least 2 different points
2026-08-27 17:30:55.228 WARN   Polyline: must contain at least 2 different points
2026-08-27 17:30:55.229 WARN   Polyline: must contain at least 2 different points
2026-08-27 17:30:55.229 WARN   Polyline: must contain at least 2 different points
2026-08-27 17:30:55.230 WARN   Polyline: must contain at least 2 different points
2026-08-27 17:30:55.230 WARN   Polyline: must contain at least 2 different points
2026-08-27 17:30:55.231 WARN   Polyline: must contain at least 2 different points
2026-08-27 17:30:55.231 WARN   Polyline: must contain at least 2 different points
2026-08-27 17:30:55.232 WARN   Polyline: must contain at least 2 different points
2026-08-27 17:30:55.232 WARN   Polyline: must contain at least 2 different points
2026-08-27 17:30:55.232 WARN   Polyline: must contain at least 2 different points
2026-08-27 17:30:55.233 WARN   Polyline: must contain at least 2 different points
2026-08-27 17:30:55.233 WARN   Polyline: must contain at least 2 different points
2026-08-27 17:30:55.233 WARN   Polyline: must contain at least 2 different points
2026-08-27 17:30:55.234 WARN   Polyline: must contain at least 2 different points
2026-08-27 17:30:55.234 WARN   Polyline: must contain at least 2 different points
2026-08-27 17:30:55.235 WARN   Polyline: must contain at least 2 different points
2026-08-27 17:30:55.235 WARN   Polyline: must contain at least 2 different points
2026-08-27 17:30:55.235 WARN   Polyline: must contain at least 2 different points
2026-08-27 17:30:55.236 WARN   Polyline: must contain at least 2 different points
2026-08-27 17:30:55.236 WARN   Polyline: must contain at least 2 different points
2026-08-27 17:30:55.236 WARN   Polyline: must contain at least 2 different points
2026-08-27 17:30:55.238 WARN   Polyline: must contain at least 2 different points
2026-08-27 17:30:55.238 WARN   Polyline: must contain at least 2 different points
2026-08-27 17:30:55.239 WARN   Polyline: must contain at least 2 different points
2026-08-27 17:30:55.239 WARN   Polyline: must contain at least 2 different points
2026-08-27 17:30:55.239 WARN   Polyline: must contain at least 2 different points
2026-08-27 17:30:55.240 WARN   Polyline: must contain at least 2 different points
2026-08-27 17:30:55.240 WARN   Polyline: must contain at least 2 different points
2026-08-27 17:30:55.240 WARN   Polyline: must contain at least 2 different points
2026-08-27 17:30:55.241 WARN   Polyline: must contain at least 2 different points
2026-08-27 17:30:55.241 WARN   Polyline: must contain at least 2 different points
2026-08-27 17:30:55.242 WARN   Polyline: must contain at least 2 different points
2026-08-27 17:30:55.242 WARN   Polyline: must contain at least 2 different points
2026-08-27 17:30:55.242 WARN   Polyline: must contain at least 2 different points
2026-08-27 17:30:55.243 WARN   Polyline: must contain at least 2 different points
2026-08-27 17:30:55.244 WARN   Polyline: must contain at least 2 different points
2026-08-27 17:30:55.244 WARN   Polyline: must contain at least 2 different points
2026-08-27 17:30:55.244 WARN   Polyline: must contain at least 2 different points
2026-08-27 17:30:55.245 WARN   Polyline: must contain at least 2 different points
2026-08-27 17:30:55.245 WARN   Polyline: must contain at least 2 different points
2026-08-27 17:30:55.246 WARN   Polyline: must contain at least 2 different points
2026-08-27 17:30:55.246 WARN   Polyline: must contain at least 2 different points
2026-08-27 17:30:55.246 WARN   Polyline: must contain at least 2 different points
2026-08-27 17:30:55.247 WARN   Polyline: must contain at least 2 different points
2026-08-27 17:30:55.247 WARN   Polyline: must contain at least 2 different points
2026-08-27 17:30:55.247 WARN   Polyline: must contain at least 2 different points
2026-08-27 17:30:55.248 WARN   Polyline: must contain at least 2 different points
2026-08-27 17:30:55.248 WARN   Polyline: must contain at least 2 different points
2026-08-27 17:30:55.249 WARN   Polyline: must contain at least 2 different points
2026-08-27 17:30:55.249 WARN   Polyline: must contain at least 2 different points
2026-08-27 17:30:55.249 WARN   Polyline: must contain at least 2 different points
2026-08-27 17:30:55.250 WARN   Polyline: must contain at least 2 different points
2026-08-27 17:30:55.250 WARN   Polyline: must contain at least 2 different points
2026-08-27 17:30:55.250 WARN   Polyline: must contain at least 2 different points
2026-08-27 17:30:55.250 WARN   Polyline: must contain at least 2 different points
2026-08-27 17:30:55.251 WARN   Polyline: must contain at least 2 different points
2026-08-27 17:30:55.251 WARN   Polyline: must contain at least 2 different points
2026-08-27 17:30:55.252 WARN   Polyline: must contain at least 2 different points
2026-08-27 17:30:55.252 WARN   Polyline: must contain at least 2 different points
2026-08-27 17:30:55.253 WARN   Polyline: must contain at least 2 different points
2026-08-27 17:30:55.253 WARN   Polyline: must contain at least 2 different points
2026-08-27 17:30:55.253 WARN   Polyline: must contain at least 2 different points
2026-08-27 17:30:55.254 WARN   Polyline: must contain at least 2 different points
2026-08-27 17:30:55.254 WARN   Polyline: must contain at least 2 different points
2026-08-27 17:30:55.254 WARN   Polyline: must contain at least 2 different points
2026-08-27 17:30:55.255 WARN   Polyline: must contain at least 2 different points
2026-08-27 17:30:55.255 WARN   Polyline: must contain at least 2 different points
2026-08-27 17:30:55.256 WARN   Polyline: must contain at least 2 different points
2026-08-27 17:30:55.256 WARN   Polyline: must contain at least 2 different points
2026-08-27 17:30:55.256 WARN   Polyline: must contain at least 2 different points
2026-08-27 17:30:55.257 WARN   Polyline: must contain at least 2 different points
2026-08-27 17:30:55.257 WARN   Polyline: must contain at least 2 different points
2026-08-27 17:30:55.257 WARN   Polyline: must contain at least 2 different points
2026-08-27 17:30:55.258 WARN   Polyline: must contain at least 2 different points
2026-08-27 17:30:55.258 WARN   Polyline: must contain at least 2 different points
2026-08-27 17:30:55.258 WARN   Polyline: must contain at least 2 different points
2026-08-27 17:30:55.259 WARN   Polyline: must contain at least 2 different points
2026-08-27 17:30:55.259 WARN   Polyline: must contain at least 2 different points
2026-08-27 17:30:55.259 WARN   Polyline: must contain at least 2 different points
2026-08-27 17:30:55.260 WARN   Polyline: must contain at least 2 different points
2026-08-27 17:30:55.260 WARN   Polyline: must contain at least 2 different points
2026-08-27 17:30:55.260 WARN   Polyline: must contain at least 2 different points
2026-08-27 17:30:55.261 WARN   Polyline: must contain at least 2 different points
2026-08-27 17:30:55.261 WARN   Polyline: must contain at least 2 different points
2026-08-27 17:30:55.261 WARN   Polyline: must contain at least 2 different points
2026-08-27 17:30:55.262 WARN   Polyline: must contain at least 2 different points
2026-08-27 17:30:55.262 WARN   Polyline: must contain at least 2 different points
2026-08-27 17:30:55.262 WARN   Polyline: must contain at least 2 different points
2026-08-27 17:30:55.263 WARN   Polyline: must contain at least 2 different points
2026-08-27 17:30:55.263 WARN   Polyline: must contain at least 2 different points
2026-08-27 17:30:55.263 WARN   Polyline: must contain at least 2 different points
2026-08-27 17:30:55.264 WARN   Polyline: must contain at least 2 different points
2026-08-27 17:30:55.264 WARN   Polyline: must contain at least 2 different points
2026-08-27 17:30:55.264 WARN   Polyline: must contain at least 2 different points
2026-08-27 17:30:55.265 WARN   Polyline: must contain at least 2 different points
2026-08-27 17:30:55.265 WARN   Polyline: must contain at least 2 different points
2026-08-27 17:30:55.265 WARN   Polyline: must contain at least 2 different points
2026-08-27 17:30:55.266 WARN   Polyline: must contain at least 2 different points
2026-08-27 17:30:55.266 WARN   Polyline: must contain at least 2 different points
2026-08-27 17:30:55.266 WARN   Polyline: must contain at least 2 different points
2026-08-27 17:30:55.267 WARN   Polyline: must contain at least 2 different points
2026-08-27 17:30:55.267 WARN   Polyline: must contain at least 2 different points
2026-08-27 17:30:55.267 WARN   Polyline: must contain at least 2 different points
2026-08-27 17:30:55.268 WARN   Polyline: must contain at least 2 different points
2026-08-27 17:30:55.268 WARN   Polyline: must contain at least 2 different points
2026-08-27 17:30:55.268 WARN   Polyline: must contain at least 2 different points
2026-08-27 17:30:55.269 WARN   Polyline: must contain at least 2 different points
2026-08-27 17:30:55.269 WARN   Polyline: must contain at least 2 different points
2026-08-27 17:30:55.270 WARN   Polyline: must contain at least 2 different points
2026-08-27 17:30:55.270 WARN   Polyline: must contain at least 2 different points
2026-08-27 17:30:55.271 WARN   Polyline: must contain at least 2 different points
2026-08-27 17:30:55.271 WARN   Polyline: must contain at least 2 different points
2026-08-27 17:30:55.271 WARN   Polyline: must contain at least 2 different points
2026-08-27 17:30:55.272 WARN   Polyline: must contain at least 2 different points
2026-08-27 17:30:55.272 WARN   Polyline: must contain at least 2 different points
2026-08-27 17:30:55.272 WARN   Polyline: must contain at least 2 different points
2026-08-27 17:30:55.273 WARN   Polyline: must contain at least 2 different points
2026-08-27 17:30:55.273 WARN   Polyline: must contain at least 2 different points
2026-08-27 17:30:55.273 WARN   Polyline: must contain at least 2 different points
2026-08-27 17:30:55.274 WARN   Polyline: must contain at least 2 different points
2026-08-27 17:30:55.274 WARN   Polyline: must contain at least 2 different points
2026-08-27 17:30:55.274 WARN   Polyline: must contain at least 2 different points
2026-08-27 17:30:55.274 WARN   Polyline: must contain at least 2 different points
2026-08-27 17:30:55.275 WARN   Polyline: must contain at least 2 different points
2026-08-27 17:30:55.275 WARN   Polyline: must contain at least 2 different points
2026-08-27 17:30:55.275 WARN   Polyline: must contain at least 2 different points
2026-08-27 17:30:55.276 WARN   Polyline: must contain at least 2 different points
2026-08-27 17:30:55.276 WARN   Polyline: must contain at least 2 different points
2026-08-27 17:30:55.276 WARN   Polyline: must contain at least 2 different points
2026-08-27 17:30:55.276 WARN   Polyline: must contain at least 2 different points
2026-08-27 17:30:55.277 WARN   Polyline: must contain at least 2 different points
2026-08-27 17:30:55.277 WARN   Polyline: must contain at least 2 different points
2026-08-27 17:30:55.277 WARN   Polyline: must contain at least 2 different points
2026-08-27 17:30:55.278 WARN   Polyline: must contain at least 2 different points
2026-08-27 17:30:55.278 WARN   Polyline: must contain at least 2 different points
2026-08-27 17:30:55.278 WARN   Polyline: must contain at least 2 different points
2026-08-27 17:30:55.279 WARN   Polyline: must contain at least 2 different points
2026-08-27 17:30:55.279 WARN   Polyline: must contain at least 2 different points
2026-08-27 17:30:55.279 WARN   Polyline: must contain at least 2 different points
2026-08-27 17:30:55.280 WARN   Polyline: must contain at least 2 different points
2026-08-27 17:30:55.280 WARN   Polyline: must contain at least 2 different points
2026-08-27 17:30:55.280 WARN   Polyline: must contain at least 2 different points
2026-08-27 17:30:55.280 WARN   Polyline: must contain at least 2 different points
2026-08-27 17:30:55.281 WARN   Polyline: must contain at least 2 different points
2026-08-27 17:30:55.281 WARN   Polyline: must contain at least 2 different points
2026-08-27 17:30:55.281 WARN   Polyline: must contain at least 2 different points
2026-08-27 17:30:55.281 WARN   Polyline: must contain at least 2 different points
2026-08-27 17:30:55.282 WARN   Polyline: must contain at least 2 different points
2026-08-27 17:30:55.282 WARN   Polyline: must contain at least 2 different points
2026-08-27 17:30:55.282 WARN   Polyline: must contain at least 2 different points
2026-08-27 17:30:55.283 WARN   Polyline: must contain at least 2 different points
2026-08-27 17:30:55.283 WARN   Polyline: must contain at least 2 different points
2026-08-27 17:30:55.283 WARN   Polyline: must contain at least 2 different points
2026-08-27 17:30:55.284 WARN   Polyline: must contain at least 2 different points
2026-08-27 17:30:55.284 WARN   Polyline: must contain at least 2 different points
2026-08-27 17:30:55.284 WARN   Polyline: must contain at least 2 different points
2026-08-27 17:30:55.285 WARN   Polyline: must contain at least 2 different points
2026-08-27 17:30:55.285 WARN   Polyline: must contain at least 2 different points
2026-08-27 17:30:55.285 WARN   Polyline: must contain at least 2 different points
2026-08-27 17:30:55.286 WARN   Polyline: must contain at least 2 different points
2026-08-27 17:30:55.286 WARN   Polyline: must contain at least 2 different points
2026-08-27 17:30:55.286 WARN   Polyline: must contain at least 2 different points
2026-08-27 17:30:55.287 WARN   Polyline: must contain at least 2 different points
2026-08-27 17:30:55.287 WARN   Polyline: must contain at least 2 different points
2026-08-27 17:30:55.287 WARN   Polyline: must contain at least 2 different points
2026-08-27 17:30:55.288 WARN   Polyline: must contain at least 2 different points
2026-08-27 17:30:55.288 WARN   Polyline: must contain at least 2 different points
2026-08-27 17:30:55.288 WARN   Polyline: must contain at least 2 different points
2026-08-27 17:30:55.288 WARN   Polyline: must contain at least 2 different points
2026-08-27 17:30:55.289 WARN   Polyline: must contain at least 2 different points
2026-08-27 17:30:55.289 WARN   Polyline: must contain at least 2 different points
2026-08-27 17:30:55.289 WARN   Polyline: must contain at least 2 different points
2026-08-27 17:30:55.290 WARN   Polyline: must contain at least 2 different points
2026-08-27 17:30:55.290 WARN   Polyline: must contain at least 2 different points
2026-08-27 17:30:55.290 WARN   Polyline: must contain at least 2 different points
2026-08-27 17:30:55.291 WARN   Polyline: must contain at least 2 different points
2026-08-27 17:30:55.291 WARN   Polyline: must contain at least 2 different points
2026-08-27 17:30:55.291 WARN   Polyline: must contain at least 2 different points
2026-08-27 17:30:55.292 WARN   Polyline: must contain at least 2 different points
2026-08-27 17:30:55.292 WARN   Polyline: must contain at least 2 different points
2026-08-27 17:30:55.292 WARN   Polyline: must contain at least 2 different points
2026-08-27 17:30:55.293 WARN   Polyline: must contain at least 2 different points
2026-08-27 17:30:55.293 WARN   Polyline: must contain at least 2 different points
2026-08-27 17:30:55.293 WARN   Polyline: must contain at least 2 different points
2026-08-27 17:30:55.294 WARN   Polyline: must contain at least 2 different points
2026-08-27 17:30:55.294 WARN   Polyline: must contain at least 2 different points
2026-08-27 17:30:55.294 WARN   Polyline: must contain at least 2 different points
2026-08-27 17:30:55.295 WARN   Polyline: must contain at least 2 different points
2026-08-27 17:30:55.295 WARN   Polyline: must contain at least 2 different points
2026-08-27 17:30:55.295 WARN   Polyline: must contain at least 2 different points
2026-08-27 17:30:55.296 WARN   Polyline: must contain at least 2 different points
2026-08-27 17:30:55.296 WARN   Polyline: must contain at least 2 different points
2026-08-27 17:30:55.296 WARN   Polyline: must contain at least 2 different points
2026-08-27 17:30:55.296 WARN   Polyline: must contain at least 2 different points
2026-08-27 17:30:55.297 WARN   Polyline: must contain at least 2 different points
2026-08-27 17:30:55.297 WARN   Polyline: must contain at least 2 different points
2026-08-27 17:30:55.297 WARN   Polyline: must contain at least 2 different points
2026-08-27 17:30:55.298 WARN   Polyline: must contain at least 2 different points
2026-08-27 17:30:55.298 WARN   Polyline: must contain at least 2 different points
2026-08-27 17:30:55.298 WARN   Polyline: must contain at least 2 different points
2026-08-27 17:30:55.298 WARN   Polyline: must contain at least 2 different points
2026-08-27 17:30:55.299 WARN   Polyline: must contain at least 2 different points
2026-08-27 17:30:55.299 WARN   Polyline: must contain at least 2 different points
2026-08-27 17:30:55.299 WARN   Polyline: must contain at least 2 different points
2026-08-27 17:30:55.300 WARN   Polyline: must contain at least 2 different points
2026-08-27 17:30:55.300 WARN   Polyline: must contain at least 2 different points
2026-08-27 17:30:55.300 WARN   Polyline: must contain at least 2 different points
2026-08-27 17:30:55.300 WARN   Polyline: must contain at least 2 different points
2026-08-27 17:30:55.301 WARN   Polyline: must contain at least 2 different points
2026-08-27 17:30:55.301 WARN   Polyline: must contain at least 2 different points
2026-08-27 17:30:55.301 WARN   Polyline: must contain at least 2 different points
2026-08-27 17:30:55.301 WARN   Polyline: must contain at least 2 different points
2026-08-27 17:30:55.302 WARN   Polyline: must contain at least 2 different points
2026-08-27 17:30:55.302 WARN   Polyline: must contain at least 2 different points
2026-08-27 17:30:55.302 WARN   Polyline: must contain at least 2 different points
2026-08-27 17:30:55.303 WARN   Polyline: must contain at least 2 different points
2026-08-27 17:30:55.303 WARN   Polyline: must contain at least 2 different points
2026-08-27 17:30:55.303 WARN   Polyline: must contain at least 2 different points
2026-08-27 17:30:55.303 WARN   Polyline: must contain at least 2 different points
2026-08-27 17:30:55.304 WARN   Polyline: must contain at least 2 different points
2026-08-27 17:30:55.304 WARN   Polyline: must contain at least 2 different points
2026-08-27 17:30:55.304 WARN   Polyline: must contain at least 2 different points
2026-08-27 17:30:55.304 WARN   Polyline: must contain at least 2 different points
2026-08-27 17:30:55.305 WARN   Polyline: must contain at least 2 different points
2026-08-27 17:30:55.305 WARN   Polyline: must contain at least 2 different points
2026-08-27 17:30:55.305 WARN   Polyline: must contain at least 2 different points
2026-08-27 17:30:55.306 WARN   Polyline: must contain at least 2 different points
2026-08-27 17:30:55.306 WARN   Polyline: must contain at least 2 different points
2026-08-27 17:30:55.306 WARN   Polyline: must contain at least 2 different points
2026-08-27 17:30:55.307 WARN   Polyline: must contain at least 2 different points
2026-08-27 17:30:55.307 WARN   Polyline: must contain at least 2 different points
2026-08-27 17:30:55.307 WARN   Polyline: must contain at least 2 different points
2026-08-27 17:30:55.308 WARN   Polyline: must contain at least 2 different points
2026-08-27 17:30:55.308 WARN   Polyline: must contain at least 2 different points
2026-08-27 17:30:55.308 WARN   Polyline: must contain at least 2 different points
2026-08-27 17:30:55.308 WARN   Polyline: must contain at least 2 different points
2026-08-27 17:30:55.308 WARN   Polyline: must contain at least 2 different points
2026-08-27 17:30:55.309 WARN   Polyline: must contain at least 2 different points
2026-08-27 17:30:55.309 WARN   Polyline: must contain at least 2 different points
2026-08-27 17:30:55.309 WARN   Polyline: must contain at least 2 different points
2026-08-27 17:30:55.309 WARN   Polyline: must contain at least 2 different points
2026-08-27 17:30:55.310 WARN   Polyline: must contain at least 2 different points
2026-08-27 17:30:55.310 WARN   Polyline: must contain at least 2 different points
2026-08-27 17:30:55.310 WARN   Polyline: must contain at least 2 different points
2026-08-27 17:30:55.313 WARN   Polyline: must contain at least 2 different points
2026-08-27 17:30:55.314 WARN   Polyline: must contain at least 2 different points
2026-08-27 17:30:55.314 WARN   Polyline: must contain at least 2 different points
2026-08-27 17:30:55.314 WARN   Polyline: must contain at least 2 different points
2026-08-27 17:30:55.315 WARN   Polyline: must contain at least 2 different points
2026-08-27 17:30:55.315 WARN   Polyline: must contain at least 2 different points
2026-08-27 17:30:55.315 WARN   Polyline: must contain at least 2 different points
2026-08-27 17:30:55.315 WARN   Polyline: must contain at least 2 different points
2026-08-27 17:30:55.316 WARN   Polyline: must contain at least 2 different points
2026-08-27 17:30:55.316 WARN   Polyline: must contain at least 2 different points
2026-08-27 17:30:55.316 WARN   Polyline: must contain at least 2 different points
2026-08-27 17:30:55.317 WARN   Polyline: must contain at least 2 different points
2026-08-27 17:30:55.317 WARN   Polyline: must contain at least 2 different points
2026-08-27 17:30:55.317 WARN   Polyline: must contain at least 2 different points
2026-08-27 17:30:55.317 WARN   Polyline: must contain at least 2 different points
2026-08-27 17:30:55.318 WARN   Polyline: must contain at least 2 different points
2026-08-27 17:30:55.318 WARN   Polyline: must contain at least 2 different points
2026-08-27 17:30:55.318 WARN   Polyline: must contain at least 2 different points
2026-08-27 17:30:55.318 WARN   Polyline: must contain at least 2 different points
2026-08-27 17:30:55.319 WARN   Polyline: must contain at least 2 different points
2026-08-27 17:30:55.319 WARN   Polyline: must contain at least 2 different points
2026-08-27 17:30:55.319 WARN   Polyline: must contain at least 2 different points
2026-08-27 17:30:55.319 WARN   Polyline: must contain at least 2 different points
2026-08-27 17:30:55.320 WARN   Polyline: must contain at least 2 different points
2026-08-27 17:30:55.320 WARN   Polyline: must contain at least 2 different points
2026-08-27 17:30:55.320 WARN   Polyline: must contain at least 2 different points
2026-08-27 17:30:55.320 WARN   Polyline: must contain at least 2 different points
2026-08-27 17:30:55.321 WARN   Polyline: must contain at least 2 different points
2026-08-27 17:30:55.321 WARN   Polyline: must contain at least 2 different points
2026-08-27 17:30:55.321 WARN   Polyline: must contain at least 2 different points
2026-08-27 17:30:55.322 WARN   Polyline: must contain at least 2 different points
2026-08-27 17:30:55.322 WARN   Polyline: must contain at least 2 different points
2026-08-27 17:30:55.322 WARN   Polyline: must contain at least 2 different points
2026-08-27 17:30:55.322 WARN   Polyline: must contain at least 2 different points
2026-08-27 17:30:55.323 WARN   Polyline: must contain at least 2 different points
2026-08-27 17:30:55.323 WARN   Polyline: must contain at least 2 different points
2026-08-27 17:30:55.323 WARN   Polyline: must contain at least 2 different points
2026-08-27 17:30:55.323 WARN   Polyline: must contain at least 2 different points
2026-08-27 17:30:55.324 WARN   Polyline: must contain at least 2 different points
2026-08-27 17:30:55.324 WARN   Polyline: must contain at least 2 different points
2026-08-27 17:30:55.325 WARN   Polyline: must contain at least 2 different points
2026-08-27 17:30:55.325 WARN   Polyline: must contain at least 2 different points
2026-08-27 17:30:55.325 WARN   Polyline: must contain at least 2 different points
2026-08-27 17:30:55.325 WARN   Polyline: must contain at least 2 different points
2026-08-27 17:30:55.326 WARN   Polyline: must contain at least 2 different points
2026-08-27 17:30:55.326 WARN   Polyline: must contain at least 2 different points
2026-08-27 17:30:55.326 WARN   Polyline: must contain at least 2 different points
2026-08-27 17:30:55.327 WARN   Polyline: must contain at least 2 different points
2026-08-27 17:30:55.327 WARN   Polyline: must contain at least 2 different points
2026-08-27 17:30:55.327 WARN   Polyline: must contain at least 2 different points
2026-08-27 17:30:55.327 WARN   Polyline: must contain at least 2 different points
2026-08-27 17:30:55.328 WARN   Polyline: must contain at least 2 different points
2026-08-27 17:30:55.328 WARN   Polyline: must contain at least 2 different points
2026-08-27 17:30:55.328 WARN   Polyline: must contain at least 2 different points
2026-08-27 17:30:55.328 WARN   Polyline: must contain at least 2 different points
2026-08-27 17:30:55.329 WARN   Polyline: must contain at least 2 different points
2026-08-27 17:30:55.329 WARN   Polyline: must contain at least 2 different points
2026-08-27 17:30:55.329 WARN   Polyline: must contain at least 2 different points
2026-08-27 17:30:55.329 WARN   Polyline: must contain at least 2 different points
2026-08-27 17:30:55.329 WARN   Polyline: must contain at least 2 different points
2026-08-27 17:30:55.330 WARN   Polyline: must contain at least 2 different points
2026-08-27 17:30:55.330 WARN   Polyline: must contain at least 2 different points
2026-08-27 17:30:55.330 WARN   Polyline: must contain at least 2 different points
2026-08-27 17:30:55.330 WARN   Polyline: must contain at least 2 different points
2026-08-27 17:30:55.331 WARN   Polyline: must contain at least 2 different points
2026-08-27 17:30:55.331 WARN   Polyline: must contain at least 2 different points
2026-08-27 17:30:55.331 WARN   Polyline: must contain at least 2 different points
2026-08-27 17:30:55.331 WARN   Polyline: must contain at least 2 different points
2026-08-27 17:30:55.332 WARN   Polyline: must contain at least 2 different points
2026-08-27 17:30:55.332 WARN   Polyline: must contain at least 2 different points
2026-08-27 17:30:55.332 WARN   Polyline: must contain at least 2 different points
2026-08-27 17:30:55.332 WARN   Polyline: must contain at least 2 different points
2026-08-27 17:30:55.333 WARN   Polyline: must contain at least 2 different points
2026-08-27 17:30:55.333 WARN   Polyline: must contain at least 2 different points
2026-08-27 17:30:55.333 WARN   Polyline: must contain at least 2 different points
2026-08-27 17:30:55.333 WARN   Polyline: must contain at least 2 different points
2026-08-27 17:30:55.333 WARN   Polyline: must contain at least 2 different points
2026-08-27 17:30:55.334 WARN   Polyline: must contain at least 2 different points
2026-08-27 17:30:55.334 WARN   Polyline: must contain at least 2 different points
2026-08-27 17:30:55.334 WARN   Polyline: must contain at least 2 different points
2026-08-27 17:30:55.334 WARN   Polyline: must contain at least 2 different points
2026-08-27 17:30:55.335 WARN   Polyline: must contain at least 2 different points
2026-08-27 17:30:55.335 WARN   Polyline: must contain at least 2 different points
2026-08-27 17:30:55.335 WARN   Polyline: must contain at least 2 different points
2026-08-27 17:30:55.335 WARN   Polyline: must contain at least 2 different points
2026-08-27 17:30:55.336 WARN   Polyline: must contain at least 2 different points
2026-08-27 17:30:55.336 WARN   Polyline: must contain at least 2 different points
2026-08-27 17:30:55.336 WARN   Polyline: must contain at least 2 different points
2026-08-27 17:30:55.336 WARN   Polyline: must contain at least 2 different points
2026-08-27 17:30:55.336 WARN   Polyline: must contain at least 2 different points
2026-08-27 17:30:55.337 WARN   Polyline: must contain at least 2 different points
2026-08-27 17:30:55.337 WARN   Polyline: must contain at least 2 different points
2026-08-27 17:30:55.337 WARN   Polyline: must contain at least 2 different points
2026-08-27 17:30:55.337 WARN   Polyline: must contain at least 2 different points
2026-08-27 17:30:55.338 WARN   Polyline: must contain at least 2 different points
2026-08-27 17:30:55.338 WARN   Polyline: must contain at least 2 different points
2026-08-27 17:30:55.338 WARN   Polyline: must contain at least 2 different points
2026-08-27 17:30:55.338 WARN   Polyline: must contain at least 2 different points
2026-08-27 17:30:55.339 WARN   Polyline: must contain at least 2 different points
2026-08-27 17:30:55.339 WARN   Polyline: must contain at least 2 different points
2026-08-27 17:30:55.339 WARN   Polyline: must contain at least 2 different points
2026-08-27 17:30:55.339 WARN   Polyline: must contain at least 2 different points
2026-08-27 17:30:55.340 WARN   Polyline: must contain at least 2 different points
2026-08-27 17:30:55.340 WARN   Polyline: must contain at least 2 different points
2026-08-27 17:30:55.340 WARN   Polyline: must contain at least 2 different points
2026-08-27 17:30:55.340 WARN   Polyline: must contain at least 2 different points
2026-08-27 17:30:55.340 WARN   Polyline: must contain at least 2 different points
2026-08-27 17:30:55.341 WARN   Polyline: must contain at least 2 different points
2026-08-27 17:30:55.341 WARN   Polyline: must contain at least 2 different points
2026-08-27 17:30:55.341 WARN   Polyline: must contain at least 2 different points
2026-08-27 17:30:55.341 WARN   Polyline: must contain at least 2 different points
2026-08-27 17:30:55.342 WARN   Polyline: must contain at least 2 different points
2026-08-27 17:30:55.342 WARN   Polyline: must contain at least 2 different points
2026-08-27 17:30:55.342 WARN   Polyline: must contain at least 2 different points
2026-08-27 17:30:55.342 WARN   Polyline: must contain at least 2 different points
2026-08-27 17:30:55.343 WARN   Polyline: must contain at least 2 different points
2026-08-27 17:30:55.343 WARN   Polyline: must contain at least 2 different points
2026-08-27 17:30:55.343 WARN   Polyline: must contain at least 2 different points
2026-08-27 17:30:55.343 WARN   Polyline: must contain at least 2 different points
2026-08-27 17:30:55.343 WARN   Polyline: must contain at least 2 different points
2026-08-27 17:30:55.344 WARN   Polyline: must contain at least 2 different points
2026-08-27 17:30:55.344 WARN   Polyline: must contain at least 2 different points
2026-08-27 17:30:55.344 WARN   Polyline: must contain at least 2 different points
2026-08-27 17:30:55.344 WARN   Polyline: must contain at least 2 different points
2026-08-27 17:30:55.345 WARN   Polyline: must contain at least 2 different points
2026-08-27 17:30:55.345 WARN   Polyline: must contain at least 2 different points
2026-08-27 17:30:55.345 WARN   Polyline: must contain at least 2 different points
2026-08-27 17:30:55.345 WARN   Polyline: must contain at least 2 different points
2026-08-27 17:30:55.346 WARN   Polyline: must contain at least 2 different points
2026-08-27 17:30:55.346 WARN   Polyline: must contain at least 2 different points
2026-08-27 17:30:55.346 WARN   Polyline: must contain at least 2 different points
2026-08-27 17:30:55.346 WARN   Polyline: must contain at least 2 different points
2026-08-27 17:30:55.346 WARN   Polyline: must contain at least 2 different points
2026-08-27 17:30:55.347 WARN   Polyline: must contain at least 2 different points
2026-08-27 17:30:55.347 WARN   Polyline: must contain at least 2 different points
2026-08-27 17:30:55.347 WARN   Polyline: must contain at least 2 different points
2026-08-27 17:30:55.347 WARN   Polyline: must contain at least 2 different points
2026-08-27 17:30:55.348 WARN   Polyline: must contain at least 2 different points
2026-08-27 17:30:55.348 WARN   Polyline: must contain at least 2 different points
2026-08-27 17:30:55.348 WARN   Polyline: must contain at least 2 different points
2026-08-27 17:30:55.348 WARN   Polyline: must contain at least 2 different points
2026-08-27 17:30:55.348 WARN   Polyline: must contain at least 2 different points
2026-08-27 17:30:55.349 WARN   Polyline: must contain at least 2 different points
2026-08-27 17:30:55.349 WARN   Polyline: must contain at least 2 different points
2026-08-27 17:30:55.349 WARN   Polyline: must contain at least 2 different points
2026-08-27 17:30:55.349 WARN   Polyline: must contain at least 2 different points
2026-08-27 17:30:55.349 WARN   Polyline: must contain at least 2 different points
2026-08-27 17:30:55.350 WARN   Polyline: must contain at least 2 different points
2026-08-27 17:30:55.350 WARN   Polyline: must contain at least 2 different points
2026-08-27 17:30:55.350 WARN   Polyline: must contain at least 2 different points
2026-08-27 17:30:55.350 WARN   Polyline: must contain at least 2 different points
2026-08-27 17:30:55.350 WARN   Polyline: must contain at least 2 different points
2026-08-27 17:30:55.351 WARN   Polyline: must contain at least 2 different points
2026-08-27 17:30:55.351 WARN   Polyline: must contain at least 2 different points
2026-08-27 17:30:55.351 WARN   Polyline: must contain at least 2 different points
2026-08-27 17:30:55.351 WARN   Polyline: must contain at least 2 different points
2026-08-27 17:30:55.352 WARN   Polyline: must contain at least 2 different points
2026-08-27 17:30:55.352 WARN   Polyline: must contain at least 2 different points
2026-08-27 17:30:55.352 WARN   Polyline: must contain at least 2 different points
2026-08-27 17:30:55.352 WARN   Polyline: must contain at least 2 different points
2026-08-27 17:30:55.352 WARN   Polyline: must contain at least 2 different points
2026-08-27 17:30:55.353 WARN   Polyline: must contain at least 2 different points
2026-08-27 17:30:55.353 WARN   Polyline: must contain at least 2 different points
2026-08-27 17:30:55.353 WARN   Polyline: must contain at least 2 different points
2026-08-27 17:30:55.353 WARN   Polyline: must contain at least 2 different points
2026-08-27 17:30:55.354 WARN   Polyline: must contain at least 2 different points
2026-08-27 17:30:55.354 WARN   Polyline: must contain at least 2 different points
2026-08-27 17:30:55.354 WARN   Polyline: must contain at least 2 different points
2026-08-27 17:30:55.354 WARN   Polyline: must contain at least 2 different points
2026-08-27 17:30:55.355 WARN   Polyline: must contain at least 2 different points
2026-08-27 17:30:55.355 WARN   Polyline: must contain at least 2 different points
2026-08-27 17:30:55.355 WARN   Polyline: must contain at least 2 different points
2026-08-27 17:30:55.355 WARN   Polyline: must contain at least 2 different points
2026-08-27 17:30:55.356 WARN   Polyline: must contain at least 2 different points
2026-08-27 17:30:55.356 WARN   Polyline: must contain at least 2 different points
2026-08-27 17:30:55.356 WARN   Polyline: must contain at least 2 different points
2026-08-27 17:30:55.357 WARN   Polyline: must contain at least 2 different points
2026-08-27 17:30:55.357 WARN   Polyline: must contain at least 2 different points
2026-08-27 17:30:55.357 WARN   Polyline: must contain at least 2 different points
2026-08-27 17:30:55.357 WARN   Polyline: must contain at least 2 different points
2026-08-27 17:30:55.357 WARN   Polyline: must contain at least 2 different points
2026-08-27 17:30:55.358 WARN   Polyline: must contain at least 2 different points
2026-08-27 17:30:55.358 WARN   Polyline: must contain at least 2 different points
2026-08-27 17:30:55.358 WARN   Polyline: must contain at least 2 different points
2026-08-27 17:30:55.358 WARN   Polyline: must contain at least 2 different points
2026-08-27 17:30:55.359 WARN   Polyline: must contain at least 2 different points
2026-08-27 17:30:55.359 WARN   Polyline: must contain at least 2 different points
2026-08-27 17:30:55.359 WARN   Polyline: must contain at least 2 different points
2026-08-27 17:30:55.359 WARN   Polyline: must contain at least 2 different points
2026-08-27 17:30:55.359 WARN   Polyline: must contain at least 2 different points
2026-08-27 17:30:55.360 WARN   Polyline: must contain at least 2 different points
2026-08-27 17:30:55.360 WARN   Polyline: must contain at least 2 different points
2026-08-27 17:30:55.360 WARN   Polyline: must contain at least 2 different points
2026-08-27 17:30:55.360 WARN   Polyline: must contain at least 2 different points
2026-08-27 17:30:55.361 WARN   Polyline: must contain at least 2 different points
2026-08-27 17:30:55.361 WARN   Polyline: must contain at least 2 different points
2026-08-27 17:30:55.361 WARN   Polyline: must contain at least 2 different points
2026-08-27 17:30:55.361 WARN   Polyline: must contain at least 2 different points
2026-08-27 17:30:55.361 WARN   Polyline: must contain at least 2 different points
2026-08-27 17:30:55.362 WARN   Polyline: must contain at least 2 different points
2026-08-27 17:30:55.363 WARN   Polyline: must contain at least 2 different points
2026-08-27 17:30:55.363 WARN   Polyline: must contain at least 2 different points
2026-08-27 17:30:55.363 WARN   Polyline: must contain at least 2 different points
2026-08-27 17:30:55.363 WARN   Polyline: must contain at least 2 different points
2026-08-27 17:30:55.363 WARN   Polyline: must contain at least 2 different points
2026-08-27 17:30:55.364 WARN   Polyline: must contain at least 2 different points
2026-08-27 17:30:55.364 WARN   Polyline: must contain at least 2 different points
2026-08-27 17:30:55.364 WARN   Polyline: must contain at least 2 different points
2026-08-27 17:30:55.364 WARN   Polyline: must contain at least 2 different points
2026-08-27 17:30:55.364 WARN   Polyline: must contain at least 2 different points
2026-08-27 17:30:55.365 WARN   Polyline: must contain at least 2 different points
2026-08-27 17:30:55.365 WARN   Polyline: must contain at least 2 different points
2026-08-27 17:30:55.365 WARN   Polyline: must contain at least 2 different points
2026-08-27 17:30:55.365 WARN   Polyline: must contain at least 2 different points
2026-08-27 17:30:55.366 WARN   Polyline: must contain at least 2 different points
2026-08-27 17:30:55.366 WARN   Polyline: must contain at least 2 different points
2026-08-27 17:30:55.366 WARN   Polyline: must contain at least 2 different points
2026-08-27 17:30:55.366 WARN   Polyline: must contain at least 2 different points
2026-08-27 17:30:55.366 WARN   Polyline: must contain at least 2 different points
2026-08-27 17:30:55.367 WARN   Polyline: must contain at least 2 different points
2026-08-27 17:30:55.367 WARN   Polyline: must contain at least 2 different points
2026-08-27 17:30:55.367 WARN   Polyline: must contain at least 2 different points
2026-08-27 17:30:55.367 WARN   Polyline: must contain at least 2 different points
2026-08-27 17:30:55.367 WARN   Polyline: must contain at least 2 different points
2026-08-27 17:30:55.368 WARN   Polyline: must contain at least 2 different points
2026-08-27 17:30:55.368 WARN   Polyline: must contain at least 2 different points
2026-08-27 17:30:55.368 WARN   Polyline: must contain at least 2 different points
2026-08-27 17:30:55.368 WARN   Polyline: must contain at least 2 different points
2026-08-27 17:30:55.368 WARN   Polyline: must contain at least 2 different points
2026-08-27 17:30:55.369 WARN   Polyline: must contain at least 2 different points
2026-08-27 17:30:55.369 WARN   Polyline: must contain at least 2 different points
2026-08-27 17:30:55.369 WARN   Polyline: must contain at least 2 different points
2026-08-27 17:30:55.369 WARN   Polyline: must contain at least 2 different points
2026-08-27 17:30:55.369 WARN   Polyline: must contain at least 2 different points
2026-08-27 17:30:55.370 WARN   Polyline: must contain at least 2 different points
2026-08-27 17:30:55.370 WARN   Polyline: must contain at least 2 different points
2026-08-27 17:30:55.370 WARN   Polyline: must contain at least 2 different points
2026-08-27 17:30:55.371 WARN   Polyline: must contain at least 2 different points
2026-08-27 17:30:55.371 WARN   Polyline: must contain at least 2 different points
2026-08-27 17:30:55.371 WARN   Polyline: must contain at least 2 different points
2026-08-27 17:30:55.371 WARN   Polyline: must contain at least 2 different points
2026-08-27 17:30:55.371 WARN   Polyline: must contain at least 2 different points
2026-08-27 17:30:55.372 WARN   Polyline: must contain at least 2 different points
2026-08-27 17:30:55.372 WARN   Polyline: must contain at least 2 different points
2026-08-27 17:30:55.372 WARN   Polyline: must contain at least 2 different points
2026-08-27 17:30:55.372 WARN   Polyline: must contain at least 2 different points
2026-08-27 17:30:55.372 WARN   Polyline: must contain at least 2 different points
2026-08-27 17:30:55.373 WARN   Polyline: must contain at least 2 different points
2026-08-27 17:30:55.373 WARN   Polyline: must contain at least 2 different points
2026-08-27 17:30:55.373 WARN   Polyline: must contain at least 2 different points
2026-08-27 17:30:55.373 WARN   Polyline: must contain at least 2 different points
2026-08-27 17:30:55.373 WARN   Polyline: must contain at least 2 different points
2026-08-27 17:30:55.374 WARN   Polyline: must contain at least 2 different points
2026-08-27 17:30:55.374 WARN   Polyline: must contain at least 2 different points
2026-08-27 17:30:55.374 WARN   Polyline: must contain at least 2 different points
2026-08-27 17:30:55.374 WARN   Polyline: must contain at least 2 different points
2026-08-27 17:30:55.374 WARN   Polyline: must contain at least 2 different points
2026-08-27 17:30:55.375 WARN   Polyline: must contain at least 2 different points
2026-08-27 17:30:55.375 WARN   Polyline: must contain at least 2 different points
2026-08-27 17:30:55.375 WARN   Polyline: must contain at least 2 different points
2026-08-27 17:30:55.375 WARN   Polyline: must contain at least 2 different points
2026-08-27 17:30:55.376 WARN   Polyline: must contain at least 2 different points
2026-08-27 17:30:55.376 WARN   Polyline: must contain at least 2 different points
2026-08-27 17:30:55.376 WARN   Polyline: must contain at least 2 different points
2026-08-27 17:30:55.376 WARN   Polyline: must contain at least 2 different points
2026-08-27 17:30:55.376 WARN   Polyline: must contain at least 2 different points
2026-08-27 17:30:55.377 WARN   Polyline: must contain at least 2 different points
2026-08-27 17:30:55.377 WARN   Polyline: must contain at least 2 different points
2026-08-27 17:30:55.377 WARN   Polyline: must contain at least 2 different points
2026-08-27 17:30:55.377 WARN   Polyline: must contain at least 2 different points
2026-08-27 17:30:55.377 WARN   Polyline: must contain at least 2 different points
2026-08-27 17:30:55.378 WARN   Polyline: must contain at least 2 different points
2026-08-27 17:30:55.378 WARN   Polyline: must contain at least 2 different points
2026-08-27 17:30:55.378 WARN   Polyline: must contain at least 2 different points
2026-08-27 17:30:55.378 WARN   Polyline: must contain at least 2 different points
2026-08-27 17:30:55.378 WARN   Polyline: must contain at least 2 different points
2026-08-27 17:30:55.379 WARN   Polyline: must contain at least 2 different points
2026-08-27 17:30:55.379 WARN   Polyline: must contain at least 2 different points
2026-08-27 17:30:55.379 WARN   Polyline: must contain at least 2 different points
2026-08-27 17:30:55.379 WARN   Polyline: must contain at least 2 different points
2026-08-27 17:30:55.379 WARN   Polyline: must contain at least 2 different points
2026-08-27 17:30:55.380 WARN   Polyline: must contain at least 2 different points
2026-08-27 17:30:55.380 WARN   Polyline: must contain at least 2 different points
2026-08-27 17:30:55.380 WARN   Polyline: must contain at least 2 different points
2026-08-27 17:30:55.380 WARN   Polyline: must contain at least 2 different points
2026-08-27 17:30:55.380 WARN   Polyline: must contain at least 2 different points
2026-08-27 17:30:55.381 WARN   Polyline: must contain at least 2 different points
2026-08-27 17:30:55.381 WARN   Polyline: must contain at least 2 different points
2026-08-27 17:30:55.381 WARN   Polyline: must contain at least 2 different points
2026-08-27 17:30:55.381 WARN   Polyline: must contain at least 2 different points
2026-08-27 17:30:55.382 WARN   Polyline: must contain at least 2 different points
2026-08-27 17:30:55.382 WARN   Polyline: must contain at least 2 different points
2026-08-27 17:30:55.382 WARN   Polyline: must contain at least 2 different points
2026-08-27 17:30:55.382 WARN   Polyline: must contain at least 2 different points
2026-08-27 17:30:55.382 WARN   Polyline: must contain at least 2 different points
2026-08-27 17:30:55.383 WARN   Polyline: must contain at least 2 different points
2026-08-27 17:30:55.383 WARN   Polyline: must contain at least 2 different points
2026-08-27 17:30:55.383 WARN   Polyline: must contain at least 2 different points
2026-08-27 17:30:55.383 WARN   Polyline: must contain at least 2 different points
2026-08-27 17:30:55.383 WARN   Polyline: must contain at least 2 different points
2026-08-27 17:30:55.384 WARN   Polyline: must contain at least 2 different points
2026-08-27 17:30:55.384 WARN   Polyline: must contain at least 2 different points
2026-08-27 17:30:55.384 WARN   Polyline: must contain at least 2 different points
2026-08-27 17:30:55.384 WARN   Polyline: must contain at least 2 different points
2026-08-27 17:30:55.384 WARN   Polyline: must contain at least 2 different points
2026-08-27 17:30:55.385 WARN   Polyline: must contain at least 2 different points
2026-08-27 17:30:55.385 WARN   Polyline: must contain at least 2 different points
2026-08-27 17:30:55.385 WARN   Polyline: must contain at least 2 different points
2026-08-27 17:30:55.385 WARN   Polyline: must contain at least 2 different points
2026-08-27 17:30:55.385 WARN   Polyline: must contain at least 2 different points
2026-08-27 17:30:55.386 WARN   Polyline: must contain at least 2 different points
2026-08-27 17:30:55.386 WARN   Polyline: must contain at least 2 different points
2026-08-27 17:30:55.386 WARN   Polyline: must contain at least 2 different points
2026-08-27 17:30:55.386 WARN   Polyline: must contain at least 2 different points
2026-08-27 17:30:55.386 WARN   Polyline: must contain at least 2 different points
2026-08-27 17:30:55.387 WARN   Polyline: must contain at least 2 different points
2026-08-27 17:30:55.387 WARN   Polyline: must contain at least 2 different points
2026-08-27 17:30:55.387 WARN   Polyline: must contain at least 2 different points
2026-08-27 17:30:55.387 WARN   Polyline: must contain at least 2 different points
2026-08-27 17:30:55.387 WARN   Polyline: must contain at least 2 different points
2026-08-27 17:30:55.388 WARN   Polyline: must contain at least 2 different points
2026-08-27 17:30:55.388 WARN   Polyline: must contain at least 2 different points
2026-08-27 17:30:55.388 WARN   Polyline: must contain at least 2 different points
2026-08-27 17:30:55.388 WARN   Polyline: must contain at least 2 different points
2026-08-27 17:30:55.388 WARN   Polyline: must contain at least 2 different points
2026-08-27 17:30:55.389 WARN   Polyline: must contain at least 2 different points
2026-08-27 17:30:55.389 WARN   Polyline: must contain at least 2 different points
2026-08-27 17:30:55.389 WARN   Polyline: must contain at least 2 different points
2026-08-27 17:30:55.389 WARN   Polyline: must contain at least 2 different points
2026-08-27 17:30:55.389 WARN   Polyline: must contain at least 2 different points
2026-08-27 17:30:55.390 WARN   Polyline: must contain at least 2 different points
2026-08-27 17:30:55.390 WARN   Polyline: must contain at least 2 different points
2026-08-27 17:30:55.390 WARN   Polyline: must contain at least 2 different points
2026-08-27 17:30:55.390 WARN   Polyline: must contain at least 2 different points
2026-08-27 17:30:55.391 WARN   Polyline: must contain at least 2 different points
2026-08-27 17:30:55.391 WARN   Polyline: must contain at least 2 different points
2026-08-27 17:30:55.391 WARN   Polyline: must contain at least 2 different points
2026-08-27 17:30:55.391 WARN   Polyline: must contain at least 2 different points
2026-08-27 17:30:55.391 WARN   Polyline: must contain at least 2 different points
2026-08-27 17:30:55.392 WARN   Polyline: must contain at least 2 different points
2026-08-27 17:30:55.392 WARN   Polyline: must contain at least 2 different points
2026-08-27 17:30:55.392 WARN   Polyline: must contain at least 2 different points
2026-08-27 17:30:55.392 WARN   Polyline: must contain at least 2 different points
2026-08-27 17:30:55.392 WARN   Polyline: must contain at least 2 different points
2026-08-27 17:30:55.393 WARN   Polyline: must contain at least 2 different points
2026-08-27 17:30:55.393 WARN   Polyline: must contain at least 2 different points
2026-08-27 17:30:55.393 WARN   Polyline: must contain at least 2 different points
2026-08-27 17:30:55.393 WARN   Polyline: must contain at least 2 different points
2026-08-27 17:30:55.393 WARN   Polyline: must contain at least 2 different points
2026-08-27 17:30:55.394 WARN   Polyline: must contain at least 2 different points
2026-08-27 17:30:55.394 WARN   Polyline: must contain at least 2 different points
2026-08-27 17:30:55.394 WARN   Polyline: must contain at least 2 different points
2026-08-27 17:30:55.394 WARN   Polyline: must contain at least 2 different points
2026-08-27 17:30:55.394 WARN   Polyline: must contain at least 2 different points
2026-08-27 17:30:55.395 WARN   Polyline: must contain at least 2 different points
2026-08-27 17:30:55.395 WARN   Polyline: must contain at least 2 different points
2026-08-27 17:30:55.395 WARN   Polyline: must contain at least 2 different points
2026-08-27 17:30:55.395 WARN   Polyline: must contain at least 2 different points
2026-08-27 17:30:55.396 WARN   Polyline: must contain at least 2 different points
2026-08-27 17:30:55.396 WARN   Polyline: must contain at least 2 different points
2026-08-27 17:30:55.396 WARN   Polyline: must contain at least 2 different points
2026-08-27 17:30:55.396 WARN   Polyline: must contain at least 2 different points
2026-08-27 17:30:55.396 WARN   Polyline: must contain at least 2 different points
2026-08-27 17:30:55.397 WARN   Polyline: must contain at least 2 different points
2026-08-27 17:30:55.397 WARN   Polyline: must contain at least 2 different points
2026-08-27 17:30:55.397 WARN   Polyline: must contain at least 2 different points
2026-08-27 17:30:55.397 WARN   Polyline: must contain at least 2 different points
2026-08-27 17:30:55.398 WARN   Polyline: must contain at least 2 different points
2026-08-27 17:30:55.398 WARN   Polyline: must contain at least 2 different points
2026-08-27 17:30:55.398 WARN   Polyline: must contain at least 2 different points
2026-08-27 17:30:55.398 WARN   Polyline: must contain at least 2 different points
2026-08-27 17:30:55.398 WARN   Polyline: must contain at least 2 different points
2026-08-27 17:30:55.399 WARN   Polyline: must contain at least 2 different points
2026-08-27 17:30:55.399 WARN   Polyline: must contain at least 2 different points
2026-08-27 17:30:55.399 WARN   Polyline: must contain at least 2 different points
2026-08-27 17:30:55.399 WARN   Polyline: must contain at least 2 different points
2026-08-27 17:30:55.399 WARN   Polyline: must contain at least 2 different points
2026-08-27 17:30:55.400 WARN   Polyline: must contain at least 2 different points
2026-08-27 17:30:55.400 WARN   Polyline: must contain at least 2 different points
2026-08-27 17:30:55.400 WARN   Polyline: must contain at least 2 different points
2026-08-27 17:30:55.400 WARN   Polyline: must contain at least 2 different points
2026-08-27 17:30:55.400 WARN   Polyline: must contain at least 2 different points
2026-08-27 17:30:55.401 WARN   Polyline: must contain at least 2 different points
2026-08-27 17:30:55.401 WARN   Polyline: must contain at least 2 different points
2026-08-27 17:30:55.401 WARN   Polyline: must contain at least 2 different points
2026-08-27 17:30:55.401 WARN   Polyline: must contain at least 2 different points
2026-08-27 17:30:55.401 WARN   Polyline: must contain at least 2 different points
2026-08-27 17:30:55.401 WARN   Polyline: must contain at least 2 different points
2026-08-27 17:30:55.402 WARN   Polyline: must contain at least 2 different points
2026-08-27 17:30:55.402 WARN   Polyline: must contain at least 2 different points
2026-08-27 17:30:55.402 WARN   Polyline: must contain at least 2 different points
2026-08-27 17:30:55.402 WARN   Polyline: must contain at least 2 different points
2026-08-27 17:30:55.402 WARN   Polyline: must contain at least 2 different points
2026-08-27 17:30:55.403 WARN   Polyline: must contain at least 2 different points
2026-08-27 17:30:55.403 WARN   Polyline: must contain at least 2 different points
2026-08-27 17:30:55.403 WARN   Polyline: must contain at least 2 different points
2026-08-27 17:30:55.403 WARN   Polyline: must contain at least 2 different points
2026-08-27 17:30:55.403 WARN   Polyline: must contain at least 2 different points
2026-08-27 17:30:55.404 WARN   Polyline: must contain at least 2 different points
2026-08-27 17:30:55.404 WARN   Polyline: must contain at least 2 different points
2026-08-27 17:30:55.404 WARN   Polyline: must contain at least 2 different points
2026-08-27 17:30:55.404 WARN   Polyline: must contain at least 2 different points
2026-08-27 17:30:55.404 WARN   Polyline: must contain at least 2 different points
2026-08-27 17:30:55.405 WARN   Polyline: must contain at least 2 different points
2026-08-27 17:30:55.405 WARN   Polyline: must contain at least 2 different points
2026-08-27 17:30:55.405 WARN   Polyline: must contain at least 2 different points
2026-08-27 17:30:55.405 WARN   Polyline: must contain at least 2 different points
2026-08-27 17:30:55.405 WARN   Polyline: must contain at least 2 different points
2026-08-27 17:30:55.406 WARN   Polyline: must contain at least 2 different points
2026-08-27 17:30:55.406 WARN   Polyline: must contain at least 2 different points
2026-08-27 17:30:55.406 WARN   Polyline: must contain at least 2 different points
2026-08-27 17:30:55.406 WARN   Polyline: must contain at least 2 different points
2026-08-27 17:30:55.406 WARN   Polyline: must contain at least 2 different points
2026-08-27 17:30:55.407 WARN   Polyline: must contain at least 2 different points
2026-08-27 17:30:55.407 WARN   Polyline: must contain at least 2 different points
2026-08-27 17:30:55.407 WARN   Polyline: must contain at least 2 different points
2026-08-27 17:30:55.407 WARN   Polyline: must contain at least 2 different points
2026-08-27 17:30:55.407 WARN   Polyline: must contain at least 2 different points
2026-08-27 17:30:55.408 WARN   Polyline: must contain at least 2 different points
2026-08-27 17:30:55.408 WARN   Polyline: must contain at least 2 different points
2026-08-27 17:30:55.408 WARN   Polyline: must contain at least 2 different points
2026-08-27 17:30:55.408 WARN   Polyline: must contain at least 2 different points
2026-08-27 17:30:55.408 WARN   Polyline: must contain at least 2 different points
2026-08-27 17:30:55.408 WARN   Polyline: must contain at least 2 different points
2026-08-27 17:30:55.409 WARN   Polyline: must contain at least 2 different points
2026-08-27 17:30:55.409 WARN   Polyline: must contain at least 2 different points
2026-08-27 17:30:55.409 WARN   Polyline: must contain at least 2 different points
2026-08-27 17:30:55.409 WARN   Polyline: must contain at least 2 different points
2026-08-27 17:30:55.409 WARN   Polyline: must contain at least 2 different points
2026-08-27 17:30:55.410 WARN   Polyline: must contain at least 2 different points
2026-08-27 17:30:55.410 WARN   Polyline: must contain at least 2 different points
2026-08-27 17:30:55.410 WARN   Polyline: must contain at least 2 different points
2026-08-27 17:30:55.410 WARN   Polyline: must contain at least 2 different points
2026-08-27 17:30:55.410 WARN   Polyline: must contain at least 2 different points
2026-08-27 17:30:55.410 WARN   Polyline: must contain at least 2 different points
2026-08-27 17:30:55.411 WARN   Polyline: must contain at least 2 different points
2026-08-27 17:30:55.411 WARN   Polyline: must contain at least 2 different points
2026-08-27 17:30:55.411 WARN   Polyline: must contain at least 2 different points
2026-08-27 17:30:55.411 WARN   Polyline: must contain at least 2 different points
2026-08-27 17:30:55.411 WARN   Polyline: must contain at least 2 different points
2026-08-27 17:30:55.411 WARN   Polyline: must contain at least 2 different points
2026-08-27 17:30:55.412 WARN   Polyline: must contain at least 2 different points
2026-08-27 17:30:55.412 WARN   Polyline: must contain at least 2 different points
2026-08-27 17:30:55.412 WARN   Polyline: must contain at least 2 different points
2026-08-27 17:30:55.412 WARN   Polyline: must contain at least 2 different points
2026-08-27 17:30:55.412 WARN   Polyline: must contain at least 2 different points
2026-08-27 17:30:55.413 WARN   Polyline: must contain at least 2 different points
2026-08-27 17:30:55.413 WARN   Polyline: must contain at least 2 different points
2026-08-27 17:30:55.413 WARN   Polyline: must contain at least 2 different points
2026-08-27 17:30:55.413 WARN   Polyline: must contain at least 2 different points
2026-08-27 17:30:55.413 WARN   Polyline: must contain at least 2 different points
2026-08-27 17:30:55.413 WARN   Polyline: must contain at least 2 different points
2026-08-27 17:30:55.414 WARN   Polyline: must contain at least 2 different points
2026-08-27 17:30:55.414 WARN   Polyline: must contain at least 2 different points
2026-08-27 17:30:55.414 WARN   Polyline: must contain at least 2 different points
2026-08-27 17:30:55.414 WARN   Polyline: must contain at least 2 different points
2026-08-27 17:30:55.414 WARN   Polyline: must contain at least 2 different points
2026-08-27 17:30:55.415 WARN   Polyline: must contain at least 2 different points
2026-08-27 17:30:55.415 WARN   Polyline: must contain at least 2 different points
2026-08-27 17:30:55.415 WARN   Polyline: must contain at least 2 different points
2026-08-27 17:30:55.415 WARN   Polyline: must contain at least 2 different points
2026-08-27 17:30:55.415 WARN   Polyline: must contain at least 2 different points
2026-08-27 17:30:55.415 WARN   Polyline: must contain at least 2 different points
2026-08-27 17:30:55.416 WARN   Polyline: must contain at least 2 different points
2026-08-27 17:30:55.416 WARN   Polyline: must contain at least 2 different points
2026-08-27 17:30:55.416 WARN   Polyline: must contain at least 2 different points
2026-08-27 17:30:55.416 WARN   Polyline: must contain at least 2 different points
2026-08-27 17:30:55.416 WARN   Polyline: must contain at least 2 different points
2026-08-27 17:30:55.417 WARN   Polyline: must contain at least 2 different points
2026-08-27 17:30:55.417 WARN   Polyline: must contain at least 2 different points
2026-08-27 17:30:55.417 WARN   Polyline: must contain at least 2 different points
2026-08-27 17:30:55.417 WARN   Polyline: must contain at least 2 different points
2026-08-27 17:30:55.417 WARN   Polyline: must contain at least 2 different points
2026-08-27 17:30:55.418 WARN   Polyline: must contain at least 2 different points
2026-08-27 17:30:55.418 WARN   Polyline: must contain at least 2 different points
2026-08-27 17:30:55.418 WARN   Polyline: must contain at least 2 different points
2026-08-27 17:30:55.418 WARN   Polyline: must contain at least 2 different points
2026-08-27 17:30:55.418 WARN   Polyline: must contain at least 2 different points
2026-08-27 17:30:55.419 WARN   Polyline: must contain at least 2 different points
2026-08-27 17:30:55.419 WARN   Polyline: must contain at least 2 different points
2026-08-27 17:30:55.419 WARN   Polyline: must contain at least 2 different points
2026-08-27 17:30:55.419 WARN   Polyline: must contain at least 2 different points
2026-08-27 17:30:55.419 WARN   Polyline: must contain at least 2 different points
2026-08-27 17:30:55.419 WARN   Polyline: must contain at least 2 different points
2026-08-27 17:30:55.420 WARN   Polyline: must contain at least 2 different points
2026-08-27 17:30:55.420 WARN   Polyline: must contain at least 2 different points
2026-08-27 17:30:55.420 WARN   Polyline: must contain at least 2 different points
2026-08-27 17:30:55.420 WARN   Polyline: must contain at least 2 different points
2026-08-27 17:30:55.420 WARN   Polyline: must contain at least 2 different points
2026-08-27 17:30:55.421 WARN   Polyline: must contain at least 2 different points
2026-08-27 17:30:55.421 WARN   Polyline: must contain at least 2 different points
2026-08-27 17:30:55.421 WARN   Polyline: must contain at least 2 different points
2026-08-27 17:30:55.421 WARN   Polyline: must contain at least 2 different points
2026-08-27 17:30:55.421 WARN   Polyline: must contain at least 2 different points
2026-08-27 17:30:55.422 WARN   Polyline: must contain at least 2 different points
2026-08-27 17:30:55.422 WARN   Polyline: must contain at least 2 different points
2026-08-27 17:30:55.422 WARN   Polyline: must contain at least 2 different points
2026-08-27 17:30:55.422 WARN   Polyline: must contain at least 2 different points
2026-08-27 17:30:55.422 WARN   Polyline: must contain at least 2 different points
2026-08-27 17:30:55.423 WARN   Polyline: must contain at least 2 different points
2026-08-27 17:30:55.423 WARN   Polyline: must contain at least 2 different points
2026-08-27 17:30:55.423 WARN   Polyline: must contain at least 2 different points
2026-08-27 17:30:55.423 WARN   Polyline: must contain at least 2 different points
2026-08-27 17:30:55.424 WARN   Polyline: must contain at least 2 different points
2026-08-27 17:30:55.424 WARN   Polyline: must contain at least 2 different points
2026-08-27 17:30:55.424 WARN   Polyline: must contain at least 2 different points
2026-08-27 17:30:55.424 WARN   Polyline: must contain at least 2 different points
2026-08-27 17:30:55.424 WARN   Polyline: must contain at least 2 different points
2026-08-27 17:30:55.424 WARN   Polyline: must contain at least 2 different points
2026-08-27 17:30:55.425 WARN   Polyline: must contain at least 2 different points
2026-08-27 17:30:55.425 WARN   Polyline: must contain at least 2 different points
2026-08-27 17:30:55.425 WARN   Polyline: must contain at least 2 different points
2026-08-27 17:30:55.425 WARN   Polyline: must contain at least 2 different points
2026-08-27 17:30:55.425 WARN   Polyline: must contain at least 2 different points
2026-08-27 17:30:55.426 WARN   Polyline: must contain at least 2 different points
2026-08-27 17:30:55.426 WARN   Polyline: must contain at least 2 different points
2026-08-27 17:30:55.426 WARN   Polyline: must contain at least 2 different points
2026-08-27 17:30:55.426 WARN   Polyline: must contain at least 2 different points
2026-08-27 17:30:55.426 WARN   Polyline: must contain at least 2 different points
2026-08-27 17:30:55.427 WARN   Polyline: must contain at least 2 different points
2026-08-27 17:30:55.427 WARN   Polyline: must contain at least 2 different points
2026-08-27 17:30:55.427 WARN   Polyline: must contain at least 2 different points
2026-08-27 17:30:55.427 WARN   Polyline: must contain at least 2 different points
2026-08-27 17:30:55.427 WARN   Polyline: must contain at least 2 different points
2026-08-27 17:30:55.428 WARN   Polyline: must contain at least 2 different points
2026-08-27 17:30:55.428 WARN   Polyline: must contain at least 2 different points
2026-08-27 17:30:55.428 WARN   Polyline: must contain at least 2 different points
2026-08-27 17:30:55.428 WARN   Polyline: must contain at least 2 different points
2026-08-27 17:30:55.428 WARN   Polyline: must contain at least 2 different points
2026-08-27 17:30:55.428 WARN   Polyline: must contain at least 2 different points
2026-08-27 17:30:55.429 WARN   Polyline: must contain at least 2 different points
2026-08-27 17:30:55.429 WARN   Polyline: must contain at least 2 different points
2026-08-27 17:30:55.429 WARN   Polyline: must contain at least 2 different points
2026-08-27 17:30:55.429 WARN   Polyline: must contain at least 2 different points
2026-08-27 17:30:55.429 WARN   Polyline: must contain at least 2 different points
2026-08-27 17:30:55.430 WARN   Polyline: must contain at least 2 different points
2026-08-27 17:30:55.430 WARN   Polyline: must contain at least 2 different points
2026-08-27 17:30:55.430 WARN   Polyline: must contain at least 2 different points
2026-08-27 17:30:55.430 WARN   Polyline: must contain at least 2 different points
2026-08-27 17:30:55.430 WARN   Polyline: must contain at least 2 different points
2026-08-27 17:30:55.430 WARN   Polyline: must contain at least 2 different points
2026-08-27 17:30:55.431 WARN   Polyline: must contain at least 2 different points
2026-08-27 17:30:55.431 WARN   Polyline: must contain at least 2 different points
2026-08-27 17:30:55.431 WARN   Polyline: must contain at least 2 different points
2026-08-27 17:30:55.431 WARN   Polyline: must contain at least 2 different points
2026-08-27 17:30:55.431 WARN   Polyline: must contain at least 2 different points
2026-08-27 17:30:55.431 WARN   Polyline: must contain at least 2 different points
2026-08-27 17:30:55.432 WARN   Polyline: must contain at least 2 different points
2026-08-27 17:30:55.432 WARN   Polyline: must contain at least 2 different points
2026-08-27 17:30:55.432 WARN   Polyline: must contain at least 2 different points
2026-08-27 17:30:55.432 WARN   Polyline: must contain at least 2 different points
2026-08-27 17:30:55.432 WARN   Polyline: must contain at least 2 different points
2026-08-27 17:30:55.433 WARN   Polyline: must contain at least 2 different points
2026-08-27 17:30:55.433 WARN   Polyline: must contain at least 2 different points
2026-08-27 17:30:55.433 WARN   Polyline: must contain at least 2 different points
2026-08-27 17:30:55.433 WARN   Polyline: must contain at least 2 different points
2026-08-27 17:30:55.433 WARN   Polyline: must contain at least 2 different points
2026-08-27 17:30:55.433 WARN   Polyline: must contain at least 2 different points
2026-08-27 17:30:55.434 WARN   Polyline: must contain at least 2 different points
2026-08-27 17:30:55.434 WARN   Polyline: must contain at least 2 different points
2026-08-27 17:30:55.434 WARN   Polyline: must contain at least 2 different points
2026-08-27 17:30:55.434 WARN   Polyline: must contain at least 2 different points
2026-08-27 17:30:55.434 WARN   Polyline: must contain at least 2 different points
2026-08-27 17:30:55.435 WARN   Polyline: must contain at least 2 different points
2026-08-27 17:30:55.435 WARN   Polyline: must contain at least 2 different points
2026-08-27 17:30:55.435 WARN   Polyline: must contain at least 2 different points
2026-08-27 17:30:55.435 WARN   Polyline: must contain at least 2 different points
2026-08-27 17:30:55.435 WARN   Polyline: must contain at least 2 different points
2026-08-27 17:30:55.435 WARN   Polyline: must contain at least 2 different points
2026-08-27 17:30:55.436 WARN   Polyline: must contain at least 2 different points
2026-08-27 17:30:55.436 WARN   Polyline: must contain at least 2 different points
2026-08-27 17:30:55.436 WARN   Polyline: must contain at least 2 different points
2026-08-27 17:30:55.436 WARN   Polyline: must contain at least 2 different points
2026-08-27 17:30:55.436 WARN   Polyline: must contain at least 2 different points
2026-08-27 17:30:55.437 WARN   Polyline: must contain at least 2 different points
2026-08-27 17:30:55.437 WARN   Polyline: must contain at least 2 different points
2026-08-27 17:30:55.437 WARN   Polyline: must contain at least 2 different points
2026-08-27 17:30:55.437 WARN   Polyline: must contain at least 2 different points
2026-08-27 17:30:55.437 WARN   Polyline: must contain at least 2 different points
2026-08-27 17:30:55.437 WARN   Polyline: must contain at least 2 different points
2026-08-27 17:30:55.438 WARN   Polyline: must contain at least 2 different points
2026-08-27 17:30:55.438 WARN   Polyline: must contain at least 2 different points
2026-08-27 17:30:55.438 WARN   Polyline: must contain at least 2 different points
2026-08-27 17:30:55.438 WARN   Polyline: must contain at least 2 different points
2026-08-27 17:30:55.438 WARN   Polyline: must contain at least 2 different points
2026-08-27 17:30:55.439 WARN   Polyline: must contain at least 2 different points
2026-08-27 17:30:55.439 WARN   Polyline: must contain at least 2 different points
2026-08-27 17:30:55.439 WARN   Polyline: must contain at least 2 different points
2026-08-27 17:30:55.439 WARN   Polyline: must contain at least 2 different points
2026-08-27 17:30:55.439 WARN   Polyline: must contain at least 2 different points
2026-08-27 17:30:55.439 WARN   Polyline: must contain at least 2 different points
2026-08-27 17:30:55.440 WARN   Polyline: must contain at least 2 different points
2026-08-27 17:30:55.440 WARN   Polyline: must contain at least 2 different points
2026-08-27 17:30:55.440 WARN   Polyline: must contain at least 2 different points
2026-08-27 17:30:55.440 WARN   Polyline: must contain at least 2 different points
2026-08-27 17:30:55.440 WARN   Polyline: must contain at least 2 different points
2026-08-27 17:30:55.440 WARN   Polyline: must contain at least 2 different points
2026-08-27 17:30:55.441 WARN   Polyline: must contain at least 2 different points
2026-08-27 17:30:55.441 WARN   Polyline: must contain at least 2 different points
2026-08-27 17:30:55.441 WARN   Polyline: must contain at least 2 different points
2026-08-27 17:30:55.441 WARN   Polyline: must contain at least 2 different points
2026-08-27 17:30:55.441 WARN   Polyline: must contain at least 2 different points
2026-08-27 17:30:55.441 WARN   Polyline: must contain at least 2 different points
2026-08-27 17:30:55.442 WARN   Polyline: must contain at least 2 different points
2026-08-27 17:30:55.442 WARN   Polyline: must contain at least 2 different points
2026-08-27 17:30:55.442 WARN   Polyline: must contain at least 2 different points
2026-08-27 17:30:55.442 WARN   Polyline: must contain at least 2 different points
2026-08-27 17:30:55.442 WARN   Polyline: must contain at least 2 different points
2026-08-27 17:30:55.442 WARN   Polyline: must contain at least 2 different points
2026-08-27 17:30:55.443 WARN   Polyline: must contain at least 2 different points
2026-08-27 17:30:55.443 WARN   Polyline: must contain at least 2 different points
2026-08-27 17:30:55.443 WARN   Polyline: must contain at least 2 different points
2026-08-27 17:30:55.443 WARN   Polyline: must contain at least 2 different points
2026-08-27 17:30:55.443 WARN   Polyline: must contain at least 2 different points
2026-08-27 17:30:55.443 WARN   Polyline: must contain at least 2 different points
2026-08-27 17:30:55.444 WARN   Polyline: must contain at least 2 different points
2026-08-27 17:30:55.444 WARN   Polyline: must contain at least 2 different points
2026-08-27 17:30:55.444 WARN   Polyline: must contain at least 2 different points
2026-08-27 17:30:55.444 WARN   Polyline: must contain at least 2 different points
2026-08-27 17:30:55.444 WARN   Polyline: must contain at least 2 different points
2026-08-27 17:30:55.445 WARN   Polyline: must contain at least 2 different points
2026-08-27 17:30:55.445 WARN   Polyline: must contain at least 2 different points
2026-08-27 17:30:55.445 WARN   Polyline: must contain at least 2 different points
2026-08-27 17:30:55.445 WARN   Polyline: must contain at least 2 different points
2026-08-27 17:30:55.445 WARN   Polyline: must contain at least 2 different points
2026-08-27 17:30:55.445 WARN   Polyline: must contain at least 2 different points
2026-08-27 17:30:55.446 WARN   Polyline: must contain at least 2 different points
2026-08-27 17:30:55.446 WARN   Polyline: must contain at least 2 different points
2026-08-27 17:30:55.446 WARN   Polyline: must contain at least 2 different points
2026-08-27 17:30:55.451 WARN   Polyline: must contain at least 2 different points
2026-08-27 17:30:55.451 WARN   Polyline: must contain at least 2 different points
2026-08-27 17:30:55.451 WARN   Polyline: must contain at least 2 different points
2026-08-27 17:30:55.451 WARN   Polyline: must contain at least 2 different points
2026-08-27 17:30:55.452 WARN   Polyline: must contain at least 2 different points
2026-08-27 17:30:55.452 WARN   Polyline: must contain at least 2 different points
2026-08-27 17:30:55.452 WARN   Polyline: must contain at least 2 different points
2026-08-27 17:30:55.452 WARN   Polyline: must contain at least 2 different points
2026-08-27 17:30:55.452 WARN   Polyline: must contain at least 2 different points
2026-08-27 17:30:55.453 WARN   Polyline: must contain at least 2 different points
2026-08-27 17:30:55.453 WARN   Polyline: must contain at least 2 different points
2026-08-27 17:30:55.453 WARN   Polyline: must contain at least 2 different points
2026-08-27 17:30:55.453 WARN   Polyline: must contain at least 2 different points
2026-08-27 17:30:55.454 WARN   Polyline: must contain at least 2 different points
2026-08-27 17:30:55.454 WARN   Polyline: must contain at least 2 different points
2026-08-27 17:30:55.454 WARN   Polyline: must contain at least 2 different points
2026-08-27 17:30:55.455 WARN   Polyline: must contain at least 2 different points
2026-08-27 17:30:55.455 WARN   Polyline: must contain at least 2 different points
2026-08-27 17:30:55.455 WARN   Polyline: must contain at least 2 different points
2026-08-27 17:30:55.455 WARN   Polyline: must contain at least 2 different points
2026-08-27 17:30:55.456 WARN   Polyline: must contain at least 2 different points
2026-08-27 17:30:55.456 WARN   Polyline: must contain at least 2 different points
2026-08-27 17:30:55.456 WARN   Polyline: must contain at least 2 different points
2026-08-27 17:30:55.457 WARN   Polyline: must contain at least 2 different points
2026-08-27 17:30:55.457 WARN   Polyline: must contain at least 2 different points
2026-08-27 17:30:55.457 WARN   Polyline: must contain at least 2 different points
2026-08-27 17:30:55.457 WARN   Polyline: must contain at least 2 different points
2026-08-27 17:30:55.458 WARN   Polyline: must contain at least 2 different points
2026-08-27 17:30:55.458 WARN   Polyline: must contain at least 2 different points
2026-08-27 17:30:55.458 WARN   Polyline: must contain at least 2 different points
2026-08-27 17:30:55.459 WARN   Polyline: must contain at least 2 different points
2026-08-27 17:30:55.459 WARN   Polyline: must contain at least 2 different points
2026-08-27 17:30:55.459 WARN   Polyline: must contain at least 2 different points
2026-08-27 17:30:55.459 WARN   Polyline: must contain at least 2 different points
2026-08-27 17:30:55.460 WARN   Polyline: must contain at least 2 different points
2026-08-27 17:30:55.460 WARN   Polyline: must contain at least 2 different points
2026-08-27 17:30:55.460 WARN   Polyline: must contain at least 2 different points
2026-08-27 17:30:55.460 WARN   Polyline: must contain at least 2 different points
2026-08-27 17:30:55.461 WARN   Polyline: must contain at least 2 different points
2026-08-27 17:30:55.461 WARN   Polyline: must contain at least 2 different points
2026-08-27 17:30:55.461 WARN   Polyline: must contain at least 2 different points
2026-08-27 17:30:55.462 WARN   Polyline: must contain at least 2 different points
2026-08-27 17:30:55.462 WARN   Polyline: must contain at least 2 different points
2026-08-27 17:30:55.462 WARN   Polyline: must contain at least 2 different points
2026-08-27 17:30:55.462 WARN   Polyline: must contain at least 2 different points
2026-08-27 17:30:55.463 WARN   Polyline: must contain at least 2 different points
2026-08-27 17:30:55.463 WARN   Polyline: must contain at least 2 different points
2026-08-27 17:30:55.463 WARN   Polyline: must contain at least 2 different points
2026-08-27 17:30:55.464 WARN   Polyline: must contain at least 2 different points
2026-08-27 17:30:55.464 WARN   Polyline: must contain at least 2 different points
2026-08-27 17:30:55.464 WARN   Polyline: must contain at least 2 different points
2026-08-27 17:30:55.464 WARN   Polyline: must contain at least 2 different points
2026-08-27 17:30:55.465 WARN   Polyline: must contain at least 2 different points
2026-08-27 17:30:55.465 WARN   Polyline: must contain at least 2 different points
2026-08-27 17:30:55.465 WARN   Polyline: must contain at least 2 different points
2026-08-27 17:30:55.465 WARN   Polyline: must contain at least 2 different points
2026-08-27 17:30:55.466 WARN   Polyline: must contain at least 2 different points
2026-08-27 17:30:55.466 WARN   Polyline: must contain at least 2 different points
2026-08-27 17:30:55.466 WARN   Polyline: must contain at least 2 different points
2026-08-27 17:30:55.467 WARN   Polyline: must contain at least 2 different points
2026-08-27 17:30:55.467 WARN   Polyline: must contain at least 2 different points
2026-08-27 17:30:55.467 WARN   Polyline: must contain at least 2 different points
2026-08-27 17:30:55.467 WARN   Polyline: must contain at least 2 different points
2026-08-27 17:30:55.468 WARN   Polyline: must contain at least 2 different points
2026-08-27 17:30:55.468 WARN   Polyline: must contain at least 2 different points
2026-08-27 17:30:55.468 WARN   Polyline: must contain at least 2 different points
2026-08-27 17:30:55.468 WARN   Polyline: must contain at least 2 different points
2026-08-27 17:30:55.469 WARN   Polyline: must contain at least 2 different points
2026-08-27 17:30:55.469 WARN   Polyline: must contain at least 2 different points
2026-08-27 17:30:55.469 WARN   Polyline: must contain at least 2 different points
2026-08-27 17:30:55.469 WARN   Polyline: must contain at least 2 different points
2026-08-27 17:30:55.470 WARN   Polyline: must contain at least 2 different points
2026-08-27 17:30:55.470 WARN   Polyline: must contain at least 2 different points
2026-08-27 17:30:55.470 WARN   Polyline: must contain at least 2 different points
2026-08-27 17:30:55.470 WARN   Polyline: must contain at least 2 different points
2026-08-27 17:30:55.471 WARN   Polyline: must contain at least 2 different points
2026-08-27 17:30:55.471 WARN   Polyline: must contain at least 2 different points
2026-08-27 17:30:55.471 WARN   Polyline: must contain at least 2 different points
2026-08-27 17:30:55.471 WARN   Polyline: must contain at least 2 different points
2026-08-27 17:30:55.472 WARN   Polyline: must contain at least 2 different points
2026-08-27 17:30:55.472 WARN   Polyline: must contain at least 2 different points
2026-08-27 17:30:55.472 WARN   Polyline: must contain at least 2 different points
2026-08-27 17:30:55.472 WARN   Polyline: must contain at least 2 different points
2026-08-27 17:30:55.473 WARN   Polyline: must contain at least 2 different points
2026-08-27 17:30:55.473 WARN   Polyline: must contain at least 2 different points
2026-08-27 17:30:55.474 WARN   Polyline: must contain at least 2 different points
2026-08-27 17:30:55.474 WARN   Polyline: must contain at least 2 different points
2026-08-27 17:30:55.474 WARN   Polyline: must contain at least 2 different points
2026-08-27 17:30:55.474 WARN   Polyline: must contain at least 2 different points
2026-08-27 17:30:55.475 WARN   Polyline: must contain at least 2 different points
2026-08-27 17:30:55.475 WARN   Polyline: must contain at least 2 different points
2026-08-27 17:30:55.475 WARN   Polyline: must contain at least 2 different points
2026-08-27 17:30:55.475 WARN   Polyline: must contain at least 2 different points
2026-08-27 17:30:55.476 WARN   Polyline: must contain at least 2 different points
2026-08-27 17:30:55.476 WARN   Polyline: must contain at least 2 different points
2026-08-27 17:30:55.476 WARN   Polyline: must contain at least 2 different points
2026-08-27 17:30:55.476 WARN   Polyline: must contain at least 2 different points
2026-08-27 17:30:55.477 WARN   Polyline: must contain at least 2 different points
2026-08-27 17:30:55.477 WARN   Polyline: must contain at least 2 different points
2026-08-27 17:30:55.477 WARN   Polyline: must contain at least 2 different points
2026-08-27 17:30:55.477 WARN   Polyline: must contain at least 2 different points
2026-08-27 17:30:55.478 WARN   Polyline: must contain at least 2 different points
2026-08-27 17:30:55.478 WARN   Polyline: must contain at least 2 different points
2026-08-27 17:30:55.478 WARN   Polyline: must contain at least 2 different points
2026-08-27 17:30:55.478 WARN   Polyline: must contain at least 2 different points
2026-08-27 17:30:55.479 WARN   Polyline: must contain at least 2 different points
2026-08-27 17:30:55.479 WARN   Polyline: must contain at least 2 different points
2026-08-27 17:30:55.479 WARN   Polyline: must contain at least 2 different points
2026-08-27 17:30:55.479 WARN   Polyline: must contain at least 2 different points
2026-08-27 17:30:55.480 WARN   Polyline: must contain at least 2 different points
2026-08-27 17:30:55.480 WARN   Polyline: must contain at least 2 different points
2026-08-27 17:30:55.480 WARN   Polyline: must contain at least 2 different points
2026-08-27 17:30:55.480 WARN   Polyline: must contain at least 2 different points
2026-08-27 17:30:55.481 WARN   Polyline: must contain at least 2 different points
2026-08-27 17:30:55.481 WARN   Polyline: must contain at least 2 different points
2026-08-27 17:30:55.481 WARN   Polyline: must contain at least 2 different points
2026-08-27 17:30:55.482 WARN   Polyline: must contain at least 2 different points
2026-08-27 17:30:55.482 WARN   Polyline: must contain at least 2 different points
2026-08-27 17:30:55.482 WARN   Polyline: must contain at least 2 different points
2026-08-27 17:30:55.482 WARN   Polyline: must contain at least 2 different points
2026-08-27 17:30:55.483 WARN   Polyline: must contain at least 2 different points
2026-08-27 17:30:55.483 WARN   Polyline: must contain at least 2 different points
2026-08-27 17:30:55.483 WARN   Polyline: must contain at least 2 different points
2026-08-27 17:30:55.483 WARN   Polyline: must contain at least 2 different points
2026-08-27 17:30:55.484 WARN   Polyline: must contain at least 2 different points
2026-08-27 17:30:55.484 WARN   Polyline: must contain at least 2 different points
2026-08-27 17:30:55.484 WARN   Polyline: must contain at least 2 different points
2026-08-27 17:30:55.485 WARN   Polyline: must contain at least 2 different points
2026-08-27 17:30:55.485 WARN   Polyline: must contain at least 2 different points
2026-08-27 17:30:55.485 WARN   Polyline: must contain at least 2 different points
2026-08-27 17:30:55.485 WARN   Polyline: must contain at least 2 different points
2026-08-27 17:30:55.486 WARN   Polyline: must contain at least 2 different points
2026-08-27 17:30:55.486 WARN   Polyline: must contain at least 2 different points
2026-08-27 17:30:55.486 WARN   Polyline: must contain at least 2 different points
2026-08-27 17:30:55.486 WARN   Polyline: must contain at least 2 different points
2026-08-27 17:30:55.487 WARN   Polyline: must contain at least 2 different points
2026-08-27 17:30:55.487 WARN   Polyline: must contain at least 2 different points
2026-08-27 17:30:55.487 WARN   Polyline: must contain at least 2 different points
2026-08-27 17:30:55.487 WARN   Polyline: must contain at least 2 different points
2026-08-27 17:30:55.488 WARN   Polyline: must contain at least 2 different points
2026-08-27 17:30:55.488 WARN   Polyline: must contain at least 2 different points
2026-08-27 17:30:55.488 WARN   Polyline: must contain at least 2 different points
2026-08-27 17:30:55.489 WARN   Polyline: must contain at least 2 different points
2026-08-27 17:30:55.489 WARN   Polyline: must contain at least 2 different points
2026-08-27 17:30:55.489 WARN   Polyline: must contain at least 2 different points
2026-08-27 17:30:55.489 WARN   Polyline: must contain at least 2 different points
2026-08-27 17:30:55.490 WARN   Polyline: must contain at least 2 different points
2026-08-27 17:30:55.490 WARN   Polyline: must contain at least 2 different points
2026-08-27 17:30:55.490 WARN   Polyline: must contain at least 2 different points
2026-08-27 17:30:55.490 WARN   Polyline: must contain at least 2 different points
2026-08-27 17:30:55.491 WARN   Polyline: must contain at least 2 different points
2026-08-27 17:30:55.491 WARN   Polyline: must contain at least 2 different points
2026-08-27 17:30:55.491 WARN   Polyline: must contain at least 2 different points
2026-08-27 17:30:55.491 WARN   Polyline: must contain at least 2 different points
2026-08-27 17:30:55.492 WARN   Polyline: must contain at least 2 different points
2026-08-27 17:30:55.492 WARN   Polyline: must contain at least 2 different points
2026-08-27 17:30:55.492 WARN   Polyline: must contain at least 2 different points
2026-08-27 17:30:55.492 WARN   Polyline: must contain at least 2 different points
2026-08-27 17:30:55.493 WARN   Polyline: must contain at least 2 different points
2026-08-27 17:30:55.493 WARN   Polyline: must contain at least 2 different points
2026-08-27 17:30:55.493 WARN   Polyline: must contain at least 2 different points
2026-08-27 17:30:55.493 WARN   Polyline: must contain at least 2 different points
2026-08-27 17:30:55.494 WARN   Polyline: must contain at least 2 different points
2026-08-27 17:30:55.494 WARN   Polyline: must contain at least 2 different points
2026-08-27 17:30:55.494 WARN   Polyline: must contain at least 2 different points
2026-08-27 17:30:55.495 WARN   Polyline: must contain at least 2 different points
2026-08-27 17:30:55.495 WARN   Polyline: must contain at least 2 different points
2026-08-27 17:30:55.495 WARN   Polyline: must contain at least 2 different points
2026-08-27 17:30:55.495 WARN   Polyline: must contain at least 2 different points
2026-08-27 17:30:55.496 WARN   Polyline: must contain at least 2 different points
2026-08-27 17:30:55.496 WARN   Polyline: must contain at least 2 different points
2026-08-27 17:30:55.496 WARN   Polyline: must contain at least 2 different points
2026-08-27 17:30:55.496 WARN   Polyline: must contain at least 2 different points
2026-08-27 17:30:55.497 WARN   Polyline: must contain at least 2 different points
2026-08-27 17:30:55.497 WARN   Polyline: must contain at least 2 different points
2026-08-27 17:30:55.497 WARN   Polyline: must contain at least 2 different points
2026-08-27 17:30:55.497 WARN   Polyline: must contain at least 2 different points
2026-08-27 17:30:55.498 WARN   Polyline: must contain at least 2 different points
2026-08-27 17:30:55.498 WARN   Polyline: must contain at least 2 different points
2026-08-27 17:30:55.498 WARN   Polyline: must contain at least 2 different points
2026-08-27 17:30:55.498 WARN   Polyline: must contain at least 2 different points
2026-08-27 17:30:55.499 WARN   Polyline: must contain at least 2 different points
2026-08-27 17:30:55.499 WARN   Polyline: must contain at least 2 different points
2026-08-27 17:30:55.499 WARN   Polyline: must contain at least 2 different points
2026-08-27 17:30:55.499 WARN   Polyline: must contain at least 2 different points
2026-08-27 17:30:55.500 WARN   Polyline: must contain at least 2 different points
2026-08-27 17:30:55.500 WARN   Polyline: must contain at least 2 different points
2026-08-27 17:30:55.500 WARN   Polyline: must contain at least 2 different points
2026-08-27 17:30:55.501 WARN   Polyline: must contain at least 2 different points
2026-08-27 17:30:55.502 WARN   Polyline: must contain at least 2 different points
2026-08-27 17:30:55.502 WARN   Polyline: must contain at least 2 different points
2026-08-27 17:30:55.502 WARN   Polyline: must contain at least 2 different points
2026-08-27 17:30:55.503 WARN   Polyline: must contain at least 2 different points
2026-08-27 17:30:55.503 WARN   Polyline: must contain at least 2 different points
2026-08-27 17:30:55.503 WARN   Polyline: must contain at least 2 different points
2026-08-27 17:30:55.503 WARN   Polyline: must contain at least 2 different points
2026-08-27 17:30:55.504 WARN   Polyline: must contain at least 2 different points
2026-08-27 17:30:55.504 WARN   Polyline: must contain at least 2 different points
2026-08-27 17:30:55.504 WARN   Polyline: must contain at least 2 different points
2026-08-27 17:30:55.504 WARN   Polyline: must contain at least 2 different points
2026-08-27 17:30:55.505 WARN   Polyline: must contain at least 2 different points
2026-08-27 17:30:55.505 WARN   Polyline: must contain at least 2 different points
2026-08-27 17:30:55.505 WARN   Polyline: must contain at least 2 different points
2026-08-27 17:30:55.505 WARN   Polyline: must contain at least 2 different points
2026-08-27 17:30:55.506 WARN   Polyline: must contain at least 2 different points
2026-08-27 17:30:55.506 WARN   Polyline: must contain at least 2 different points
2026-08-27 17:30:55.507 WARN   Polyline: must contain at least 2 different points
2026-08-27 17:30:55.507 WARN   Polyline: must contain at least 2 different points
2026-08-27 17:30:55.507 WARN   Polyline: must contain at least 2 different points
2026-08-27 17:30:55.508 WARN   Polyline: must contain at least 2 different points
2026-08-27 17:30:55.508 WARN   Polyline: must contain at least 2 different points
2026-08-27 17:30:55.508 WARN   Polyline: must contain at least 2 different points
2026-08-27 17:30:55.508 WARN   Polyline: must contain at least 2 different points
2026-08-27 17:30:55.509 WARN   Polyline: must contain at least 2 different points
2026-08-27 17:30:55.509 WARN   Polyline: must contain at least 2 different points
2026-08-27 17:30:55.509 WARN   Polyline: must contain at least 2 different points
2026-08-27 17:30:55.509 WARN   Polyline: must contain at least 2 different points
2026-08-27 17:30:55.509 WARN   Polyline: must contain at least 2 different points
2026-08-27 17:30:55.510 WARN   Polyline: must contain at least 2 different points
2026-08-27 17:30:55.510 WARN   Polyline: must contain at least 2 different points
2026-08-27 17:30:55.510 WARN   Polyline: must contain at least 2 different points
2026-08-27 17:30:55.510 WARN   Polyline: must contain at least 2 different points
2026-08-27 17:30:55.511 WARN   Polyline: must contain at least 2 different points
2026-08-27 17:30:55.511 WARN   Polyline: must contain at least 2 different points
2026-08-27 17:30:55.511 WARN   Polyline: must contain at least 2 different points
2026-08-27 17:30:55.512 WARN   Polyline: must contain at least 2 different points
2026-08-27 17:30:55.512 WARN   Polyline: must contain at least 2 different points
2026-08-27 17:30:55.514 WARN   Polyline: must contain at least 2 different points
2026-08-27 17:30:55.514 WARN   Polyline: must contain at least 2 different points
2026-08-27 17:30:55.514 WARN   Polyline: must contain at least 2 different points
2026-08-27 17:30:55.514 WARN   Polyline: must contain at least 2 different points
2026-08-27 17:30:55.515 WARN   Polyline: must contain at least 2 different points
2026-08-27 17:30:55.515 WARN   Polyline: must contain at least 2 different points
2026-08-27 17:30:55.515 WARN   Polyline: must contain at least 2 different points
2026-08-27 17:30:55.515 WARN   Polyline: must contain at least 2 different points
2026-08-27 17:30:55.516 WARN   Polyline: must contain at least 2 different points
2026-08-27 17:30:55.516 WARN   Polyline: must contain at least 2 different points
2026-08-27 17:30:55.516 WARN   Polyline: must contain at least 2 different points
2026-08-27 17:30:55.516 WARN   Polyline: must contain at least 2 different points
2026-08-27 17:30:55.517 WARN   Polyline: must contain at least 2 different points
2026-08-27 17:30:55.517 WARN   Polyline: must contain at least 2 different points
2026-08-27 17:30:55.517 WARN   Polyline: must contain at least 2 different points
2026-08-27 17:30:55.517 WARN   Polyline: must contain at least 2 different points
2026-08-27 17:30:55.517 WARN   Polyline: must contain at least 2 different points
2026-08-27 17:30:55.518 WARN   Polyline: must contain at least 2 different points
2026-08-27 17:30:55.518 WARN   Polyline: must contain at least 2 different points
2026-08-27 17:30:55.518 WARN   Polyline: must contain at least 2 different points
2026-08-27 17:30:55.518 WARN   Polyline: must contain at least 2 different points
2026-08-27 17:30:55.519 WARN   Polyline: must contain at least 2 different points
2026-08-27 17:30:55.519 WARN   Polyline: must contain at least 2 different points
2026-08-27 17:30:55.519 WARN   Polyline: must contain at least 2 different points
2026-08-27 17:30:55.519 WARN   Polyline: must contain at least 2 different points
2026-08-27 17:30:55.520 WARN   Polyline: must contain at least 2 different points
2026-08-27 17:30:55.520 WARN   Polyline: must contain at least 2 different points
2026-08-27 17:30:55.520 WARN   Polyline: must contain at least 2 different points
2026-08-27 17:30:55.520 WARN   Polyline: must contain at least 2 different points
2026-08-27 17:30:55.521 WARN   Polyline: must contain at least 2 different points
2026-08-27 17:30:55.521 WARN   Polyline: must contain at least 2 different points
2026-08-27 17:30:55.521 WARN   Polyline: must contain at least 2 different points
2026-08-27 17:30:55.522 WARN   Polyline: must contain at least 2 different points
2026-08-27 17:30:55.522 WARN   Polyline: must contain at least 2 different points
2026-08-27 17:30:55.522 WARN   Polyline: must contain at least 2 different points
2026-08-27 17:30:55.522 WARN   Polyline: must contain at least 2 different points
2026-08-27 17:30:55.523 WARN   Polyline: must contain at least 2 different points
2026-08-27 17:30:55.523 WARN   Polyline: must contain at least 2 different points
2026-08-27 17:30:55.523 WARN   Polyline: must contain at least 2 different points
2026-08-27 17:30:55.524 WARN   Polyline: must contain at least 2 different points
2026-08-27 17:30:55.524 WARN   Polyline: must contain at least 2 different points
2026-08-27 17:30:55.524 WARN   Polyline: must contain at least 2 different points
2026-08-27 17:30:55.524 WARN   Polyline: must contain at least 2 different points
2026-08-27 17:30:55.525 WARN   Polyline: must contain at least 2 different points
2026-08-27 17:30:55.525 WARN   Polyline: must contain at least 2 different points
2026-08-27 17:30:55.525 WARN   Polyline: must contain at least 2 different points
2026-08-27 17:30:55.525 WARN   Polyline: must contain at least 2 different points
2026-08-27 17:30:55.526 WARN   Polyline: must contain at least 2 different points
2026-08-27 17:30:55.526 WARN   Polyline: must contain at least 2 different points
2026-08-27 17:30:55.526 WARN   Polyline: must contain at least 2 different points
2026-08-27 17:30:55.527 WARN   Polyline: must contain at least 2 different points
2026-08-27 17:30:55.527 WARN   Polyline: must contain at least 2 different points
2026-08-27 17:30:55.527 WARN   Polyline: must contain at least 2 different points
2026-08-27 17:30:55.528 WARN   Polyline: must contain at least 2 different points
2026-08-27 17:30:55.528 WARN   Polyline: must contain at least 2 different points
2026-08-27 17:30:55.528 WARN   Polyline: must contain at least 2 different points
2026-08-27 17:30:55.528 WARN   Polyline: must contain at least 2 different points
2026-08-27 17:30:55.529 WARN   Polyline: must contain at least 2 different points
2026-08-27 17:30:55.529 WARN   Polyline: must contain at least 2 different points
2026-08-27 17:30:55.529 WARN   Polyline: must contain at least 2 different points
2026-08-27 17:30:55.529 WARN   Polyline: must contain at least 2 different points
2026-08-27 17:30:55.531 WARN   Polyline: must contain at least 2 different points
2026-08-27 17:30:55.531 WARN   Polyline: must contain at least 2 different points
2026-08-27 17:30:55.531 WARN   Polyline: must contain at least 2 different points
2026-08-27 17:30:55.532 WARN   Polyline: must contain at least 2 different points
2026-08-27 17:30:55.532 WARN   Polyline: must contain at least 2 different points
2026-08-27 17:30:55.532 WARN   Polyline: must contain at least 2 different points
2026-08-27 17:30:55.532 WARN   Polyline: must contain at least 2 different points
2026-08-27 17:30:55.533 WARN   Polyline: must contain at least 2 different points
2026-08-27 17:30:55.533 WARN   Polyline: must contain at least 2 different points
2026-08-27 17:30:55.533 WARN   Polyline: must contain at least 2 different points
2026-08-27 17:30:55.533 WARN   Polyline: must contain at least 2 different points
2026-08-27 17:30:55.534 WARN   Polyline: must contain at least 2 different points
2026-08-27 17:30:55.534 WARN   Polyline: must contain at least 2 different points
2026-08-27 17:30:55.534 WARN   Polyline: must contain at least 2 different points
2026-08-27 17:30:55.535 WARN   Polyline: must contain at least 2 different points
2026-08-27 17:30:55.535 WARN   Polyline: must contain at least 2 different points
2026-08-27 17:30:55.535 WARN   Polyline: must contain at least 2 different points
2026-08-27 17:30:55.535 WARN   Polyline: must contain at least 2 different points
2026-08-27 17:30:55.536 WARN   Polyline: must contain at least 2 different points
2026-08-27 17:30:55.536 WARN   Polyline: must contain at least 2 different points
2026-08-27 17:30:55.536 WARN   Polyline: must contain at least 2 different points
2026-08-27 17:30:55.536 WARN   Polyline: must contain at least 2 different points
2026-08-27 17:30:55.537 WARN   Polyline: must contain at least 2 different points
2026-08-27 17:30:55.537 WARN   Polyline: must contain at least 2 different points
2026-08-27 17:30:55.537 WARN   Polyline: must contain at least 2 different points
2026-08-27 17:30:55.538 WARN   Polyline: must contain at least 2 different points
2026-08-27 17:30:55.538 WARN   Polyline: must contain at least 2 different points
2026-08-27 17:30:55.538 WARN   Polyline: must contain at least 2 different points
2026-08-27 17:30:55.538 WARN   Polyline: must contain at least 2 different points
2026-08-27 17:30:55.539 WARN   Polyline: must contain at least 2 different points
2026-08-27 17:30:55.539 WARN   Polyline: must contain at least 2 different points
2026-08-27 17:30:55.539 WARN   Polyline: must contain at least 2 different points
2026-08-27 17:30:55.540 WARN   Polyline: must contain at least 2 different points
2026-08-27 17:30:55.540 WARN   Polyline: must contain at least 2 different points
2026-08-27 17:30:55.540 WARN   Polyline: must contain at least 2 different points
2026-08-27 17:30:55.540 WARN   Polyline: must contain at least 2 different points
2026-08-27 17:30:55.541 WARN   Polyline: must contain at least 2 different points
2026-08-27 17:30:55.541 WARN   Polyline: must contain at least 2 different points
2026-08-27 17:30:55.541 WARN   Polyline: must contain at least 2 different points
2026-08-27 17:30:55.541 WARN   Polyline: must contain at least 2 different points
2026-08-27 17:30:55.542 WARN   Polyline: must contain at least 2 different points
2026-08-27 17:30:55.542 WARN   Polyline: must contain at least 2 different points
2026-08-27 17:30:55.542 WARN   Polyline: must contain at least 2 different points
2026-08-27 17:30:55.543 WARN   Polyline: must contain at least 2 different points
2026-08-27 17:30:55.543 WARN   Polyline: must contain at least 2 different points
2026-08-27 17:30:55.543 WARN   Polyline: must contain at least 2 different points
2026-08-27 17:30:55.543 WARN   Polyline: must contain at least 2 different points
2026-08-27 17:30:55.543 WARN   Polyline: must contain at least 2 different points
2026-08-27 17:30:55.543 WARN   Polyline: must contain at least 2 different points
2026-08-27 17:30:55.544 WARN   Polyline: must contain at least 2 different points
2026-08-27 17:30:55.544 WARN   Polyline: must contain at least 2 different points
2026-08-27 17:30:55.544 WARN   Polyline: must contain at least 2 different points
2026-08-27 17:30:55.544 WARN   Polyline: must contain at least 2 different points
2026-08-27 17:30:55.544 WARN   Polyline: must contain at least 2 different points
2026-08-27 17:30:55.545 WARN   Polyline: must contain at least 2 different points
2026-08-27 17:30:55.545 WARN   Polyline: must contain at least 2 different points
2026-08-27 17:30:55.545 WARN   Polyline: must contain at least 2 different points
2026-08-27 17:30:55.545 WARN   Polyline: must contain at least 2 different points
2026-08-27 17:30:55.545 WARN   Polyline: must contain at least 2 different points
2026-08-27 17:30:55.546 WARN   Polyline: must contain at least 2 different points
2026-08-27 17:30:55.546 WARN   Polyline: must contain at least 2 different points
2026-08-27 17:30:55.546 WARN   Polyline: must contain at least 2 different points
2026-08-27 17:30:55.546 WARN   Polyline: must contain at least 2 different points
2026-08-27 17:30:55.547 WARN   Polyline: must contain at least 2 different points
2026-08-27 17:30:55.547 WARN   Polyline: must contain at least 2 different points
2026-08-27 17:30:55.547 WARN   Polyline: must contain at least 2 different points
2026-08-27 17:30:55.547 WARN   Polyline: must contain at least 2 different points
2026-08-27 17:30:55.548 WARN   Polyline: must contain at least 2 different points
2026-08-27 17:30:55.548 WARN   Polyline: must contain at least 2 different points
2026-08-27 17:30:55.548 WARN   Polyline: must contain at least 2 different points
2026-08-27 17:30:55.548 WARN   Polyline: must contain at least 2 different points
2026-08-27 17:30:55.548 WARN   Polyline: must contain at least 2 different points
2026-08-27 17:30:55.549 WARN   Polyline: must contain at least 2 different points
2026-08-27 17:30:55.549 WARN   Polyline: must contain at least 2 different points
2026-08-27 17:30:55.549 WARN   Polyline: must contain at least 2 different points
2026-08-27 17:30:55.549 WARN   Polyline: must contain at least 2 different points
2026-08-27 17:30:55.549 WARN   Polyline: must contain at least 2 different points
2026-08-27 17:30:55.549 WARN   Polyline: must contain at least 2 different points
2026-08-27 17:30:55.550 WARN   Polyline: must contain at least 2 different points
2026-08-27 17:30:55.550 WARN   Polyline: must contain at least 2 different points
2026-08-27 17:30:55.550 WARN   Polyline: must contain at least 2 different points
2026-08-27 17:30:55.550 WARN   Polyline: must contain at least 2 different points
2026-08-27 17:30:55.550 WARN   Polyline: must contain at least 2 different points
2026-08-27 17:30:55.551 WARN   Polyline: must contain at least 2 different points
2026-08-27 17:30:55.551 WARN   Polyline: must contain at least 2 different points
2026-08-27 17:30:55.551 WARN   Polyline: must contain at least 2 different points
2026-08-27 17:30:55.551 WARN   Polyline: must contain at least 2 different points
2026-08-27 17:30:55.552 WARN   Polyline: must contain at least 2 different points
2026-08-27 17:30:55.552 WARN   Polyline: must contain at least 2 different points
2026-08-27 17:30:55.552 WARN   Polyline: must contain at least 2 different points
2026-08-27 17:30:55.552 WARN   Polyline: must contain at least 2 different points
2026-08-27 17:30:55.553 WARN   Polyline: must contain at least 2 different points
2026-08-27 17:30:55.553 WARN   Polyline: must contain at least 2 different points
2026-08-27 17:30:55.554 WARN   Polyline: must contain at least 2 different points
2026-08-27 17:30:55.554 WARN   Polyline: must contain at least 2 different points
2026-08-27 17:30:55.554 WARN   Polyline: must contain at least 2 different points
2026-08-27 17:30:55.554 WARN   Polyline: must contain at least 2 different points
2026-08-27 17:30:55.554 WARN   Polyline: must contain at least 2 different points
2026-08-27 17:30:55.555 WARN   Polyline: must contain at least 2 different points
2026-08-27 17:30:55.555 WARN   Polyline: must contain at least 2 different points
2026-08-27 17:30:55.555 WARN   Polyline: must contain at least 2 different points
2026-08-27 17:30:55.555 WARN   Polyline: must contain at least 2 different points
2026-08-27 17:30:55.556 WARN   Polyline: must contain at least 2 different points
2026-08-27 17:30:55.556 WARN   Polyline: must contain at least 2 different points
2026-08-27 17:30:55.556 WARN   Polyline: must contain at least 2 different points
2026-08-27 17:30:55.556 WARN   Polyline: must contain at least 2 different points
2026-08-27 17:30:55.556 WARN   Polyline: must contain at least 2 different points
2026-08-27 17:30:55.557 WARN   Polyline: must contain at least 2 different points
2026-08-27 17:30:55.557 WARN   Polyline: must contain at least 2 different points
2026-08-27 17:30:55.557 WARN   Polyline: must contain at least 2 different points
2026-08-27 17:30:55.557 WARN   Polyline: must contain at least 2 different points
2026-08-27 17:30:55.557 WARN   Polyline: must contain at least 2 different points
2026-08-27 17:30:55.558 WARN   Polyline: must contain at least 2 different points
2026-08-27 17:30:55.558 WARN   Polyline: must contain at least 2 different points
2026-08-27 17:30:55.558 WARN   Polyline: must contain at least 2 different points
2026-08-27 17:30:55.558 WARN   Polyline: must contain at least 2 different points
2026-08-27 17:30:55.558 WARN   Polyline: must contain at least 2 different points
2026-08-27 17:30:55.559 WARN   Polyline: must contain at least 2 different points
2026-08-27 17:30:55.559 WARN   Polyline: must contain at least 2 different points
2026-08-27 17:30:55.560 WARN   Polyline: must contain at least 2 different points
2026-08-27 17:30:55.560 WARN   Polyline: must contain at least 2 different points
2026-08-27 17:30:55.560 WARN   Polyline: must contain at least 2 different points
2026-08-27 17:30:55.560 WARN   Polyline: must contain at least 2 different points
2026-08-27 17:30:55.560 WARN   Polyline: must contain at least 2 different points
2026-08-27 17:30:55.561 WARN   Polyline: must contain at least 2 different points
2026-08-27 17:30:55.561 WARN   Polyline: must contain at least 2 different points
2026-08-27 17:30:55.561 WARN   Polyline: must contain at least 2 different points
2026-08-27 17:30:55.561 WARN   Polyline: must contain at least 2 different points
2026-08-27 17:30:55.561 WARN   Polyline: must contain at least 2 different points
2026-08-27 17:30:55.561 WARN   Polyline: must contain at least 2 different points
2026-08-27 17:30:55.562 WARN   Polyline: must contain at least 2 different points
2026-08-27 17:30:55.562 WARN   Polyline: must contain at least 2 different points
2026-08-27 17:30:55.562 WARN   Polyline: must contain at least 2 different points
2026-08-27 17:30:55.562 WARN   Polyline: must contain at least 2 different points
2026-08-27 17:30:55.562 WARN   Polyline: must contain at least 2 different points
2026-08-27 17:30:55.562 WARN   Polyline: must contain at least 2 different points
2026-08-27 17:30:55.563 WARN   Polyline: must contain at least 2 different points
2026-08-27 17:30:55.563 WARN   Polyline: must contain at least 2 different points
2026-08-27 17:30:55.563 WARN   Polyline: must contain at least 2 different points
2026-08-27 17:30:55.563 WARN   Polyline: must contain at least 2 different points
2026-08-27 17:30:55.563 WARN   Polyline: must contain at least 2 different points
2026-08-27 17:30:55.564 WARN   Polyline: must contain at least 2 different points
2026-08-27 17:30:55.564 WARN   Polyline: must contain at least 2 different points
2026-08-27 17:30:55.564 WARN   Polyline: must contain at least 2 different points
2026-08-27 17:30:55.564 WARN   Polyline: must contain at least 2 different points
2026-08-27 17:30:55.564 WARN   Polyline: must contain at least 2 different points
2026-08-27 17:30:55.565 WARN   Polyline: must contain at least 2 different points
2026-08-27 17:30:55.565 WARN   Polyline: must contain at least 2 different points
2026-08-27 17:30:55.565 WARN   Polyline: must contain at least 2 different points
2026-08-27 17:30:55.565 WARN   Polyline: must contain at least 2 different points
2026-08-27 17:30:55.565 WARN   Polyline: must contain at least 2 different points
2026-08-27 17:30:55.566 WARN   Polyline: must contain at least 2 different points
2026-08-27 17:30:55.566 WARN   Polyline: must contain at least 2 different points
2026-08-27 17:30:55.566 WARN   Polyline: must contain at least 2 different points
2026-08-27 17:30:55.566 WARN   Polyline: must contain at least 2 different points
2026-08-27 17:30:55.566 WARN   Polyline: must contain at least 2 different points
2026-08-27 17:30:55.567 WARN   Polyline: must contain at least 2 different points
2026-08-27 17:30:55.567 WARN   Polyline: must contain at least 2 different points
2026-08-27 17:30:55.567 WARN   Polyline: must contain at least 2 different points
2026-08-27 17:30:55.567 WARN   Polyline: must contain at least 2 different points
2026-08-27 17:30:55.567 WARN   Polyline: must contain at least 2 different points
2026-08-27 17:30:55.567 WARN   Polyline: must contain at least 2 different points
2026-08-27 17:30:55.568 WARN   Polyline: must contain at least 2 different points
2026-08-27 17:30:55.568 WARN   Polyline: must contain at least 2 different points
2026-08-27 17:30:55.568 WARN   Polyline: must contain at least 2 different points
2026-08-27 17:30:55.568 WARN   Polyline: must contain at least 2 different points
2026-08-27 17:30:55.568 WARN   Polyline: must contain at least 2 different points
2026-08-27 17:30:55.569 WARN   Polyline: must contain at least 2 different points
2026-08-27 17:30:55.569 WARN   Polyline: must contain at least 2 different points
2026-08-27 17:30:55.569 WARN   Polyline: must contain at least 2 different points
2026-08-27 17:30:55.572 WARN   Polyline: must contain at least 2 different points
2026-08-27 17:30:55.572 WARN   Polyline: must contain at least 2 different points
2026-08-27 17:30:55.572 WARN   Polyline: must contain at least 2 different points
2026-08-27 17:30:55.572 WARN   Polyline: must contain at least 2 different points
2026-08-27 17:30:55.572 WARN   Polyline: must contain at least 2 different points
2026-08-27 17:30:55.573 WARN   Polyline: must contain at least 2 different points
2026-08-27 17:30:55.573 WARN   Polyline: must contain at least 2 different points
2026-08-27 17:30:55.573 WARN   Polyline: must contain at least 2 different points
2026-08-27 17:30:55.573 WARN   Polyline: must contain at least 2 different points
2026-08-27 17:30:55.573 WARN   Polyline: must contain at least 2 different points
2026-08-27 17:30:55.574 WARN   Polyline: must contain at least 2 different points
2026-08-27 17:30:55.574 WARN   Polyline: must contain at least 2 different points
2026-08-27 17:30:55.574 WARN   Polyline: must contain at least 2 different points
2026-08-27 17:30:55.574 WARN   Polyline: must contain at least 2 different points
2026-08-27 17:30:55.574 WARN   Polyline: must contain at least 2 different points
2026-08-27 17:30:55.574 WARN   Polyline: must contain at least 2 different points
2026-08-27 17:30:55.575 WARN   Polyline: must contain at least 2 different points
2026-08-27 17:30:55.575 WARN   Polyline: must contain at least 2 different points
2026-08-27 17:30:55.575 WARN   Polyline: must contain at least 2 different points
2026-08-27 17:30:55.575 WARN   Polyline: must contain at least 2 different points
2026-08-27 17:30:55.575 WARN   Polyline: must contain at least 2 different points
2026-08-27 17:30:55.576 WARN   Polyline: must contain at least 2 different points
2026-08-27 17:30:55.576 WARN   Polyline: must contain at least 2 different points
2026-08-27 17:30:55.576 WARN   Polyline: must contain at least 2 different points
2026-08-27 17:30:55.576 WARN   Polyline: must contain at least 2 different points
2026-08-27 17:30:55.576 WARN   Polyline: must contain at least 2 different points
2026-08-27 17:30:55.577 WARN   Polyline: must contain at least 2 different points
2026-08-27 17:30:55.577 WARN   Polyline: must contain at least 2 different points
2026-08-27 17:30:55.577 WARN   Polyline: must contain at least 2 different points
2026-08-27 17:30:55.577 WARN   Polyline: must contain at least 2 different points
2026-08-27 17:30:55.577 WARN   Polyline: must contain at least 2 different points
2026-08-27 17:30:55.578 WARN   Polyline: must contain at least 2 different points
2026-08-27 17:30:55.578 WARN   Polyline: must contain at least 2 different points
2026-08-27 17:30:55.578 WARN   Polyline: must contain at least 2 different points
2026-08-27 17:30:55.578 WARN   Polyline: must contain at least 2 different points
2026-08-27 17:30:55.578 WARN   Polyline: must contain at least 2 different points
2026-08-27 17:30:55.578 WARN   Polyline: must contain at least 2 different points
2026-08-27 17:30:55.579 WARN   Polyline: must contain at least 2 different points
2026-08-27 17:30:55.579 WARN   Polyline: must contain at least 2 different points
2026-08-27 17:30:55.579 WARN   Polyline: must contain at least 2 different points
2026-08-27 17:30:55.579 WARN   Polyline: must contain at least 2 different points
2026-08-27 17:30:55.579 WARN   Polyline: must contain at least 2 different points
2026-08-27 17:30:55.580 WARN   Polyline: must contain at least 2 different points
2026-08-27 17:30:55.580 WARN   Polyline: must contain at least 2 different points
2026-08-27 17:30:55.580 WARN   Polyline: must contain at least 2 different points
2026-08-27 17:30:55.580 WARN   Polyline: must contain at least 2 different points
2026-08-27 17:30:55.580 WARN   Polyline: must contain at least 2 different points
2026-08-27 17:30:55.581 WARN   Polyline: must contain at least 2 different points
2026-08-27 17:30:55.581 WARN   Polyline: must contain at least 2 different points
2026-08-27 17:30:55.581 WARN   Polyline: must contain at least 2 different points
2026-08-27 17:30:55.581 WARN   Polyline: must contain at least 2 different points
2026-08-27 17:30:55.581 WARN   Polyline: must contain at least 2 different points
2026-08-27 17:30:55.582 WARN   Polyline: must contain at least 2 different points
2026-08-27 17:30:55.582 WARN   Polyline: must contain at least 2 different points
2026-08-27 17:30:55.582 WARN   Polyline: must contain at least 2 different points
2026-08-27 17:30:55.582 WARN   Polyline: must contain at least 2 different points
2026-08-27 17:30:55.582 WARN   Polyline: must contain at least 2 different points
2026-08-27 17:30:55.583 WARN   Polyline: must contain at least 2 different points
2026-08-27 17:30:55.583 WARN   Polyline: must contain at least 2 different points
2026-08-27 17:30:55.583 WARN   Polyline: must contain at least 2 different points
2026-08-27 17:30:55.583 WARN   Polyline: must contain at least 2 different points
2026-08-27 17:30:55.583 WARN   Polyline: must contain at least 2 different points
2026-08-27 17:30:55.583 WARN   Polyline: must contain at least 2 different points
2026-08-27 17:30:55.584 WARN   Polyline: must contain at least 2 different points
2026-08-27 17:30:55.584 WARN   Polyline: must contain at least 2 different points
2026-08-27 17:30:55.584 WARN   Polyline: must contain at least 2 different points
2026-08-27 17:30:55.584 WARN   Polyline: must contain at least 2 different points
2026-08-27 17:30:55.584 WARN   Polyline: must contain at least 2 different points
2026-08-27 17:30:55.585 WARN   Polyline: must contain at least 2 different points
2026-08-27 17:30:55.585 WARN   Polyline: must contain at least 2 different points
2026-08-27 17:30:55.585 WARN   Polyline: must contain at least 2 different points
2026-08-27 17:30:55.585 WARN   Polyline: must contain at least 2 different points
2026-08-27 17:30:55.585 WARN   Polyline: must contain at least 2 different points
2026-08-27 17:30:55.586 WARN   Polyline: must contain at least 2 different points
2026-08-27 17:30:55.586 WARN   Polyline: must contain at least 2 different points
2026-08-27 17:30:55.586 WARN   Polyline: must contain at least 2 different points
2026-08-27 17:30:55.586 WARN   Polyline: must contain at least 2 different points
2026-08-27 17:30:55.587 WARN   Polyline: must contain at least 2 different points
2026-08-27 17:30:55.587 WARN   Polyline: must contain at least 2 different points
2026-08-27 17:30:55.587 WARN   Polyline: must contain at least 2 different points
2026-08-27 17:30:55.587 WARN   Polyline: must contain at least 2 different points
2026-08-27 17:30:55.587 WARN   Polyline: must contain at least 2 different points
2026-08-27 17:30:55.587 WARN   Polyline: must contain at least 2 different points
2026-08-27 17:30:55.588 WARN   Polyline: must contain at least 2 different points
2026-08-27 17:30:55.588 WARN   Polyline: must contain at least 2 different points
2026-08-27 17:30:55.588 WARN   Polyline: must contain at least 2 different points
2026-08-27 17:30:55.588 WARN   Polyline: must contain at least 2 different points
2026-08-27 17:30:55.589 WARN   Polyline: must contain at least 2 different points
2026-08-27 17:30:55.589 WARN   Polyline: must contain at least 2 different points
2026-08-27 17:30:55.589 WARN   Polyline: must contain at least 2 different points
2026-08-27 17:30:55.589 WARN   Polyline: must contain at least 2 different points
2026-08-27 17:30:55.589 WARN   Polyline: must contain at least 2 different points
2026-08-27 17:30:55.589 WARN   Polyline: must contain at least 2 different points
2026-08-27 17:30:55.590 WARN   Polyline: must contain at least 2 different points
2026-08-27 17:30:55.590 WARN   Polyline: must contain at least 2 different points
2026-08-27 17:30:55.590 WARN   Polyline: must contain at least 2 different points
2026-08-27 17:30:55.590 WARN   Polyline: must contain at least 2 different points
2026-08-27 17:30:55.590 WARN   Polyline: must contain at least 2 different points
2026-08-27 17:30:55.591 WARN   Polyline: must contain at least 2 different points
2026-08-27 17:30:55.591 WARN   Polyline: must contain at least 2 different points
2026-08-27 17:30:55.591 WARN   Polyline: must contain at least 2 different points
2026-08-27 17:30:55.591 WARN   Polyline: must contain at least 2 different points
2026-08-27 17:30:55.591 WARN   Polyline: must contain at least 2 different points
2026-08-27 17:30:55.592 WARN   Polyline: must contain at least 2 different points
2026-08-27 17:30:55.592 WARN   Polyline: must contain at least 2 different points
2026-08-27 17:30:55.592 WARN   Polyline: must contain at least 2 different points
2026-08-27 17:30:55.592 WARN   Polyline: must contain at least 2 different points
2026-08-27 17:30:55.592 WARN   Polyline: must contain at least 2 different points
2026-08-27 17:30:55.593 WARN   Polyline: must contain at least 2 different points
2026-08-27 17:30:55.593 WARN   Polyline: must contain at least 2 different points
2026-08-27 17:30:55.593 WARN   Polyline: must contain at least 2 different points
2026-08-27 17:30:55.593 WARN   Polyline: must contain at least 2 different points
2026-08-27 17:30:55.593 WARN   Polyline: must contain at least 2 different points
2026-08-27 17:30:55.594 WARN   Polyline: must contain at least 2 different points
2026-08-27 17:30:55.594 WARN   Polyline: must contain at least 2 different points
2026-08-27 17:30:55.594 WARN   Polyline: must contain at least 2 different points
2026-08-27 17:30:55.594 WARN   Polyline: must contain at least 2 different points
2026-08-27 17:30:55.594 WARN   Polyline: must contain at least 2 different points
2026-08-27 17:30:55.595 WARN   Polyline: must contain at least 2 different points
2026-08-27 17:30:55.595 WARN   Polyline: must contain at least 2 different points
2026-08-27 17:30:55.595 WARN   Polyline: must contain at least 2 different points
2026-08-27 17:30:55.595 WARN   Polyline: must contain at least 2 different points
2026-08-27 17:30:55.595 WARN   Polyline: must contain at least 2 different points
2026-08-27 17:30:55.595 WARN   Polyline: must contain at least 2 different points
2026-08-27 17:30:55.596 WARN   Polyline: must contain at least 2 different points
2026-08-27 17:30:55.596 WARN   Polyline: must contain at least 2 different points
2026-08-27 17:30:55.596 WARN   Polyline: must contain at least 2 different points
2026-08-27 17:30:55.596 WARN   Polyline: must contain at least 2 different points
2026-08-27 17:30:55.596 WARN   Polyline: must contain at least 2 different points
2026-08-27 17:30:55.597 WARN   Polyline: must contain at least 2 different points
2026-08-27 17:30:55.597 WARN   Polyline: must contain at least 2 different points
2026-08-27 17:30:55.597 WARN   Polyline: must contain at least 2 different points
2026-08-27 17:30:55.597 WARN   Polyline: must contain at least 2 different points
2026-08-27 17:30:55.597 WARN   Polyline: must contain at least 2 different points
2026-08-27 17:30:55.598 WARN   Polyline: must contain at least 2 different points
2026-08-27 17:30:55.598 WARN   Polyline: must contain at least 2 different points
2026-08-27 17:30:55.598 WARN   Polyline: must contain at least 2 different points
2026-08-27 17:30:55.598 WARN   Polyline: must contain at least 2 different points
2026-08-27 17:30:55.598 WARN   Polyline: must contain at least 2 different points
2026-08-27 17:30:55.598 WARN   Polyline: must contain at least 2 different points
2026-08-27 17:30:55.599 WARN   Polyline: must contain at least 2 different points
2026-08-27 17:30:55.599 WARN   Polyline: must contain at least 2 different points
2026-08-27 17:30:55.599 WARN   Polyline: must contain at least 2 different points
2026-08-27 17:30:55.599 WARN   Polyline: must contain at least 2 different points
2026-08-27 17:30:55.599 WARN   Polyline: must contain at least 2 different points
2026-08-27 17:30:55.599 WARN   Polyline: must contain at least 2 different points
2026-08-27 17:30:55.600 WARN   Polyline: must contain at least 2 different points
2026-08-27 17:30:55.600 WARN   Polyline: must contain at least 2 different points
2026-08-27 17:30:55.600 WARN   Polyline: must contain at least 2 different points
2026-08-27 17:30:55.600 WARN   Polyline: must contain at least 2 different points
2026-08-27 17:30:55.600 WARN   Polyline: must contain at least 2 different points
2026-08-27 17:30:55.601 WARN   Polyline: must contain at least 2 different points
2026-08-27 17:30:55.601 WARN   Polyline: must contain at least 2 different points
2026-08-27 17:30:55.601 WARN   Polyline: must contain at least 2 different points
2026-08-27 17:30:55.601 WARN   Polyline: must contain at least 2 different points
2026-08-27 17:30:55.601 WARN   Polyline: must contain at least 2 different points
2026-08-27 17:30:55.602 WARN   Polyline: must contain at least 2 different points
2026-08-27 17:30:55.602 WARN   Polyline: must contain at least 2 different points
2026-08-27 17:30:55.602 WARN   Polyline: must contain at least 2 different points
2026-08-27 17:30:55.602 WARN   Polyline: must contain at least 2 different points
2026-08-27 17:30:55.602 WARN   Polyline: must contain at least 2 different points
2026-08-27 17:30:55.602 WARN   Polyline: must contain at least 2 different points
2026-08-27 17:30:55.603 WARN   Polyline: must contain at least 2 different points
2026-08-27 17:30:55.603 WARN   Polyline: must contain at least 2 different points
2026-08-27 17:30:55.603 WARN   Polyline: must contain at least 2 different points
2026-08-27 17:30:55.603 WARN   Polyline: must contain at least 2 different points
2026-08-27 17:30:55.603 WARN   Polyline: must contain at least 2 different points
2026-08-27 17:30:55.604 WARN   Polyline: must contain at least 2 different points
2026-08-27 17:30:55.604 WARN   Polyline: must contain at least 2 different points
2026-08-27 17:30:55.604 WARN   Polyline: must contain at least 2 different points
2026-08-27 17:30:55.604 WARN   Polyline: must contain at least 2 different points
2026-08-27 17:30:55.604 WARN   Polyline: must contain at least 2 different points
2026-08-27 17:30:55.604 WARN   Polyline: must contain at least 2 different points
2026-08-27 17:30:55.605 WARN   Polyline: must contain at least 2 different points
2026-08-27 17:30:55.605 WARN   Polyline: must contain at least 2 different points
2026-08-27 17:30:55.605 WARN   Polyline: must contain at least 2 different points
2026-08-27 17:30:55.605 WARN   Polyline: must contain at least 2 different points
2026-08-27 17:30:55.605 WARN   Polyline: must contain at least 2 different points
2026-08-27 17:30:55.606 WARN   Polyline: must contain at least 2 different points
2026-08-27 17:30:55.606 WARN   Polyline: must contain at least 2 different points
2026-08-27 17:30:55.606 WARN   Polyline: must contain at least 2 different points
2026-08-27 17:30:55.606 WARN   Polyline: must contain at least 2 different points
2026-08-27 17:30:55.606 WARN   Polyline: must contain at least 2 different points
2026-08-27 17:30:55.607 WARN   Polyline: must contain at least 2 different points
2026-08-27 17:30:55.607 WARN   Polyline: must contain at least 2 different points
2026-08-27 17:30:55.607 WARN   Polyline: must contain at least 2 different points
2026-08-27 17:30:55.607 WARN   Polyline: must contain at least 2 different points
2026-08-27 17:30:55.607 WARN   Polyline: must contain at least 2 different points
2026-08-27 17:30:55.608 WARN   Polyline: must contain at least 2 different points
2026-08-27 17:30:55.608 WARN   Polyline: must contain at least 2 different points
2026-08-27 17:30:55.608 WARN   Polyline: must contain at least 2 different points
2026-08-27 17:30:55.608 WARN   Polyline: must contain at least 2 different points
2026-08-27 17:30:55.608 WARN   Polyline: must contain at least 2 different points
2026-08-27 17:30:55.608 WARN   Polyline: must contain at least 2 different points
2026-08-27 17:30:55.609 WARN   Polyline: must contain at least 2 different points
2026-08-27 17:30:55.609 WARN   Polyline: must contain at least 2 different points
2026-08-27 17:30:55.609 WARN   Polyline: must contain at least 2 different points
2026-08-27 17:30:55.609 WARN   Polyline: must contain at least 2 different points
2026-08-27 17:30:55.609 WARN   Polyline: must contain at least 2 different points
2026-08-27 17:30:55.610 WARN   Polyline: must contain at least 2 different points
2026-08-27 17:30:55.610 WARN   Polyline: must contain at least 2 different points
2026-08-27 17:30:55.610 WARN   Polyline: must contain at least 2 different points
2026-08-27 17:30:55.610 WARN   Polyline: must contain at least 2 different points
2026-08-27 17:30:55.610 WARN   Polyline: must contain at least 2 different points
2026-08-27 17:30:55.611 WARN   Polyline: must contain at least 2 different points
2026-08-27 17:30:55.611 WARN   Polyline: must contain at least 2 different points
2026-08-27 17:30:55.611 WARN   Polyline: must contain at least 2 different points
2026-08-27 17:30:55.611 WARN   Polyline: must contain at least 2 different points
2026-08-27 17:30:55.611 WARN   Polyline: must contain at least 2 different points
2026-08-27 17:30:55.612 WARN   Polyline: must contain at least 2 different points
2026-08-27 17:30:55.612 WARN   Polyline: must contain at least 2 different points
2026-08-27 17:30:55.612 WARN   Polyline: must contain at least 2 different points
2026-08-27 17:30:55.612 WARN   Polyline: must contain at least 2 different points
2026-08-27 17:30:55.612 WARN   Polyline: must contain at least 2 different points
2026-08-27 17:30:55.612 WARN   Polyline: must contain at least 2 different points
2026-08-27 17:30:55.613 WARN   Polyline: must contain at least 2 different points
2026-08-27 17:30:55.613 WARN   Polyline: must contain at least 2 different points
2026-08-27 17:30:55.613 WARN   Polyline: must contain at least 2 different points
2026-08-27 17:30:55.613 WARN   Polyline: must contain at least 2 different points
2026-08-27 17:30:55.613 WARN   Polyline: must contain at least 2 different points
2026-08-27 17:30:55.614 WARN   Polyline: must contain at least 2 different points
2026-08-27 17:30:55.614 WARN   Polyline: must contain at least 2 different points
2026-08-27 17:30:55.614 WARN   Polyline: must contain at least 2 different points
2026-08-27 17:30:55.614 WARN   Polyline: must contain at least 2 different points
2026-08-27 17:30:55.614 WARN   Polyline: must contain at least 2 different points
2026-08-27 17:30:55.614 WARN   Polyline: must contain at least 2 different points
2026-08-27 17:30:55.615 WARN   Polyline: must contain at least 2 different points
2026-08-27 17:30:55.615 WARN   Polyline: must contain at least 2 different points
2026-08-27 17:30:55.615 WARN   Polyline: must contain at least 2 different points
2026-08-27 17:30:55.615 WARN   Polyline: must contain at least 2 different points
2026-08-27 17:30:55.615 WARN   Polyline: must contain at least 2 different points
2026-08-27 17:30:55.616 WARN   Polyline: must contain at least 2 different points
2026-08-27 17:30:55.616 WARN   Polyline: must contain at least 2 different points
2026-08-27 17:30:55.616 WARN   Polyline: must contain at least 2 different points
2026-08-27 17:30:55.616 WARN   Polyline: must contain at least 2 different points
2026-08-27 17:30:55.616 WARN   Polyline: must contain at least 2 different points
2026-08-27 17:30:55.617 WARN   Polyline: must contain at least 2 different points
2026-08-27 17:30:55.617 WARN   Polyline: must contain at least 2 different points
2026-08-27 17:30:55.617 WARN   Polyline: must contain at least 2 different points
2026-08-27 17:30:55.617 WARN   Polyline: must contain at least 2 different points
2026-08-27 17:30:55.617 WARN   Polyline: must contain at least 2 different points
2026-08-27 17:30:55.618 WARN   Polyline: must contain at least 2 different points
2026-08-27 17:30:55.618 WARN   Polyline: must contain at least 2 different points
2026-08-27 17:30:55.618 WARN   Polyline: must contain at least 2 different points
2026-08-27 17:30:55.618 WARN   Polyline: must contain at least 2 different points
2026-08-27 17:30:55.618 WARN   Polyline: must contain at least 2 different points
2026-08-27 17:30:55.619 WARN   Polyline: must contain at least 2 different points
2026-08-27 17:30:55.619 WARN   Polyline: must contain at least 2 different points
2026-08-27 17:30:55.619 WARN   Polyline: must contain at least 2 different points
2026-08-27 17:30:55.619 WARN   Polyline: must contain at least 2 different points
2026-08-27 17:30:55.619 WARN   Polyline: must contain at least 2 different points
2026-08-27 17:30:55.619 WARN   Polyline: must contain at least 2 different points
2026-08-27 17:30:55.620 WARN   Polyline: must contain at least 2 different points
2026-08-27 17:30:55.620 WARN   Polyline: must contain at least 2 different points
2026-08-27 17:30:55.620 WARN   Polyline: must contain at least 2 different points
2026-08-27 17:30:55.620 WARN   Polyline: must contain at least 2 different points
2026-08-27 17:30:55.620 WARN   Polyline: must contain at least 2 different points
2026-08-27 17:30:55.621 WARN   Polyline: must contain at least 2 different points
2026-08-27 17:30:55.621 WARN   Polyline: must contain at least 2 different points
2026-08-27 17:30:55.621 WARN   Polyline: must contain at least 2 different points
2026-08-27 17:30:55.621 WARN   Polyline: must contain at least 2 different points
2026-08-27 17:30:55.621 WARN   Polyline: must contain at least 2 different points
2026-08-27 17:30:55.622 WARN   Polyline: must contain at least 2 different points
2026-08-27 17:30:55.622 WARN   Polyline: must contain at least 2 different points
2026-08-27 17:30:55.622 WARN   Polyline: must contain at least 2 different points
2026-08-27 17:30:55.622 WARN   Polyline: must contain at least 2 different points
2026-08-27 17:30:55.622 WARN   Polyline: must contain at least 2 different points
2026-08-27 17:30:55.622 WARN   Polyline: must contain at least 2 different points
2026-08-27 17:30:55.623 WARN   Polyline: must contain at least 2 different points
2026-08-27 17:30:55.623 WARN   Polyline: must contain at least 2 different points
2026-08-27 17:30:55.623 WARN   Polyline: must contain at least 2 different points
2026-08-27 17:30:55.623 WARN   Polyline: must contain at least 2 different points
2026-08-27 17:30:55.623 WARN   Polyline: must contain at least 2 different points
2026-08-27 17:30:55.624 WARN   Polyline: must contain at least 2 different points
2026-08-27 17:30:55.624 WARN   Polyline: must contain at least 2 different points
2026-08-27 17:30:55.624 WARN   Polyline: must contain at least 2 different points
2026-08-27 17:30:55.624 WARN   Polyline: must contain at least 2 different points
2026-08-27 17:30:55.624 WARN   Polyline: must contain at least 2 different points
2026-08-27 17:30:55.624 WARN   Polyline: must contain at least 2 different points
2026-08-27 17:30:55.625 WARN   Polyline: must contain at least 2 different points
2026-08-27 17:30:55.625 WARN   Polyline: must contain at least 2 different points
2026-08-27 17:30:55.625 WARN   Polyline: must contain at least 2 different points
2026-08-27 17:30:55.625 WARN   Polyline: must contain at least 2 different points
2026-08-27 17:30:55.625 WARN   Polyline: must contain at least 2 different points
2026-08-27 17:30:55.626 WARN   Polyline: must contain at least 2 different points
2026-08-27 17:30:55.626 WARN   Polyline: must contain at least 2 different points
2026-08-27 17:30:55.626 WARN   Polyline: must contain at least 2 different points
2026-08-27 17:30:55.626 WARN   Polyline: must contain at least 2 different points
2026-08-27 17:30:55.626 WARN   Polyline: must contain at least 2 different points
2026-08-27 17:30:55.627 WARN   Polyline: must contain at least 2 different points
2026-08-27 17:30:55.627 WARN   Polyline: must contain at least 2 different points
2026-08-27 17:30:55.627 WARN   Polyline: must contain at least 2 different points
2026-08-27 17:30:55.627 WARN   Polyline: must contain at least 2 different points
2026-08-27 17:30:55.627 WARN   Polyline: must contain at least 2 different points
2026-08-27 17:30:55.628 WARN   Polyline: must contain at least 2 different points
2026-08-27 17:30:55.628 WARN   Polyline: must contain at least 2 different points
2026-08-27 17:30:55.628 WARN   Polyline: must contain at least 2 different points
2026-08-27 17:30:55.628 WARN   Polyline: must contain at least 2 different points
2026-08-27 17:30:55.628 WARN   Polyline: must contain at least 2 different points
2026-08-27 17:30:55.628 WARN   Polyline: must contain at least 2 different points
2026-08-27 17:30:55.629 WARN   Polyline: must contain at least 2 different points
2026-08-27 17:30:55.629 WARN   Polyline: must contain at least 2 different points
2026-08-27 17:30:55.629 WARN   Polyline: must contain at least 2 different points
2026-08-27 17:30:55.629 WARN   Polyline: must contain at least 2 different points
2026-08-27 17:30:55.629 WARN   Polyline: must contain at least 2 different points
2026-08-27 17:30:55.630 WARN   Polyline: must contain at least 2 different points
2026-08-27 17:30:55.630 WARN   Polyline: must contain at least 2 different points
2026-08-27 17:30:55.630 WARN   Polyline: must contain at least 2 different points
2026-08-27 17:30:55.630 WARN   Polyline: must contain at least 2 different points
2026-08-27 17:30:55.630 WARN   Polyline: must contain at least 2 different points
2026-08-27 17:30:55.631 WARN   Polyline: must contain at least 2 different points
2026-08-27 17:30:55.631 WARN   Polyline: must contain at least 2 different points
2026-08-27 17:30:55.631 WARN   Polyline: must contain at least 2 different points
2026-08-27 17:30:55.631 WARN   Polyline: must contain at least 2 different points
2026-08-27 17:30:55.631 WARN   Polyline: must contain at least 2 different points
2026-08-27 17:30:55.631 WARN   Polyline: must contain at least 2 different points
2026-08-27 17:30:55.632 WARN   Polyline: must contain at least 2 different points
2026-08-27 17:30:55.632 WARN   Polyline: must contain at least 2 different points
2026-08-27 17:30:55.632 WARN   Polyline: must contain at least 2 different points
2026-08-27 17:30:55.632 WARN   Polyline: must contain at least 2 different points
2026-08-27 17:30:55.632 WARN   Polyline: must contain at least 2 different points
2026-08-27 17:30:55.633 WARN   Polyline: must contain at least 2 different points
2026-08-27 17:30:55.633 WARN   Polyline: must contain at least 2 different points
2026-08-27 17:30:55.633 WARN   Polyline: must contain at least 2 different points
2026-08-27 17:30:55.633 WARN   Polyline: must contain at least 2 different points
2026-08-27 17:30:55.633 WARN   Polyline: must contain at least 2 different points
2026-08-27 17:30:55.634 WARN   Polyline: must contain at least 2 different points
2026-08-27 17:30:55.634 WARN   Polyline: must contain at least 2 different points
2026-08-27 17:30:55.634 WARN   Polyline: must contain at least 2 different points
2026-08-27 17:30:55.634 WARN   Polyline: must contain at least 2 different points
2026-08-27 17:30:55.634 WARN   Polyline: must contain at least 2 different points
2026-08-27 17:30:55.634 WARN   Polyline: must contain at least 2 different points
2026-08-27 17:30:55.635 WARN   Polyline: must contain at least 2 different points
2026-08-27 17:30:55.635 WARN   Polyline: must contain at least 2 different points
2026-08-27 17:30:55.635 WARN   Polyline: must contain at least 2 different points
2026-08-27 17:30:55.635 WARN   Polyline: must contain at least 2 different points
2026-08-27 17:30:55.635 WARN   Polyline: must contain at least 2 different points
2026-08-27 17:30:55.636 WARN   Polyline: must contain at least 2 different points
2026-08-27 17:30:55.636 WARN   Polyline: must contain at least 2 different points
2026-08-27 17:30:55.636 WARN   Polyline: must contain at least 2 different points
2026-08-27 17:30:55.636 WARN   Polyline: must contain at least 2 different points
2026-08-27 17:30:55.636 WARN   Polyline: must contain at least 2 different points
2026-08-27 17:30:55.637 WARN   Polyline: must contain at least 2 different points
2026-08-27 17:30:55.637 WARN   Polyline: must contain at least 2 different points
2026-08-27 17:30:55.637 WARN   Polyline: must contain at least 2 different points
2026-08-27 17:30:55.637 WARN   Polyline: must contain at least 2 different points
2026-08-27 17:30:55.637 WARN   Polyline: must contain at least 2 different points
2026-08-27 17:30:55.637 WARN   Polyline: must contain at least 2 different points
2026-08-27 17:30:55.638 WARN   Polyline: must contain at least 2 different points
2026-08-27 17:30:55.638 WARN   Polyline: must contain at least 2 different points
2026-08-27 17:30:55.638 WARN   Polyline: must contain at least 2 different points
2026-08-27 17:30:55.638 WARN   Polyline: must contain at least 2 different points
2026-08-27 17:30:55.638 WARN   Polyline: must contain at least 2 different points
2026-08-27 17:30:55.639 WARN   Polyline: must contain at least 2 different points
2026-08-27 17:30:55.639 WARN   Polyline: must contain at least 2 different points
2026-08-27 17:30:55.640 WARN   Polyline: must contain at least 2 different points
2026-08-27 17:30:55.640 WARN   Polyline: must contain at least 2 different points
2026-08-27 17:30:55.640 WARN   Polyline: must contain at least 2 different points
2026-08-27 17:30:55.640 WARN   Polyline: must contain at least 2 different points
2026-08-27 17:30:55.641 WARN   Polyline: must contain at least 2 different points
2026-08-27 17:30:55.641 WARN   Polyline: must contain at least 2 different points
2026-08-27 17:30:55.641 WARN   Polyline: must contain at least 2 different points
2026-08-27 17:30:55.641 WARN   Polyline: must contain at least 2 different points
2026-08-27 17:30:55.641 WARN   Polyline: must contain at least 2 different points
2026-08-27 17:30:55.642 WARN   Polyline: must contain at least 2 different points
2026-08-27 17:30:55.642 WARN   Polyline: must contain at least 2 different points
2026-08-27 17:30:55.642 WARN   Polyline: must contain at least 2 different points
2026-08-27 17:30:55.642 WARN   Polyline: must contain at least 2 different points
2026-08-27 17:30:55.642 WARN   Polyline: must contain at least 2 different points
2026-08-27 17:30:55.642 WARN   Polyline: must contain at least 2 different points
2026-08-27 17:30:55.643 WARN   Polyline: must contain at least 2 different points
2026-08-27 17:30:55.643 WARN   Polyline: must contain at least 2 different points
2026-08-27 17:30:55.643 WARN   Polyline: must contain at least 2 different points
2026-08-27 17:30:55.643 WARN   Polyline: must contain at least 2 different points
2026-08-27 17:30:55.643 WARN   Polyline: must contain at least 2 different points
2026-08-27 17:30:55.643 WARN   Polyline: must contain at least 2 different points
2026-08-27 17:30:55.644 WARN   Polyline: must contain at least 2 different points
2026-08-27 17:30:55.644 WARN   Polyline: must contain at least 2 different points
2026-08-27 17:30:55.644 WARN   Polyline: must contain at least 2 different points
2026-08-27 17:30:55.644 WARN   Polyline: must contain at least 2 different points
2026-08-27 17:30:55.644 WARN   Polyline: must contain at least 2 different points
2026-08-27 17:30:55.645 WARN   Polyline: must contain at least 2 different points
2026-08-27 17:30:55.645 WARN   Polyline: must contain at least 2 different points
2026-08-27 17:30:55.645 WARN   Polyline: must contain at least 2 different points
2026-08-27 17:30:55.645 WARN   Polyline: must contain at least 2 different points
2026-08-27 17:30:55.645 WARN   Polyline: must contain at least 2 different points
2026-08-27 17:30:55.646 WARN   Polyline: must contain at least 2 different points
2026-08-27 17:30:55.646 WARN   Polyline: must contain at least 2 different points
2026-08-27 17:30:55.646 WARN   Polyline: must contain at least 2 different points
2026-08-27 17:30:55.646 WARN   Polyline: must contain at least 2 different points
2026-08-27 17:30:55.646 WARN   Polyline: must contain at least 2 different points
2026-08-27 17:30:55.646 WARN   Polyline: must contain at least 2 different points
2026-08-27 17:30:55.647 WARN   Polyline: must contain at least 2 different points
2026-08-27 17:30:55.647 WARN   Polyline: must contain at least 2 different points
2026-08-27 17:30:55.647 WARN   Polyline: must contain at least 2 different points
2026-08-27 17:30:55.647 WARN   Polyline: must contain at least 2 different points
2026-08-27 17:30:55.647 WARN   Polyline: must contain at least 2 different points
2026-08-27 17:30:55.648 WARN   Polyline: must contain at least 2 different points
2026-08-27 17:30:55.648 WARN   Polyline: must contain at least 2 different points
2026-08-27 17:30:55.648 WARN   Polyline: must contain at least 2 different points
2026-08-27 17:30:55.648 WARN   Polyline: must contain at least 2 different points
2026-08-27 17:30:55.648 WARN   Polyline: must contain at least 2 different points
2026-08-27 17:30:55.648 WARN   Polyline: must contain at least 2 different points
2026-08-27 17:30:55.649 WARN   Polyline: must contain at least 2 different points
2026-08-27 17:30:55.649 WARN   Polyline: must contain at least 2 different points
2026-08-27 17:30:55.649 WARN   Polyline: must contain at least 2 different points
2026-08-27 17:30:55.649 WARN   Polyline: must contain at least 2 different points
2026-08-27 17:30:55.649 WARN   Polyline: must contain at least 2 different points
2026-08-27 17:30:55.650 WARN   Polyline: must contain at least 2 different points
2026-08-27 17:30:55.650 WARN   Polyline: must contain at least 2 different points
2026-08-27 17:30:55.650 WARN   Polyline: must contain at least 2 different points
2026-08-27 17:30:55.650 WARN   Polyline: must contain at least 2 different points
2026-08-27 17:30:55.650 WARN   Polyline: must contain at least 2 different points
2026-08-27 17:30:55.650 WARN   Polyline: must contain at least 2 different points
2026-08-27 17:30:55.651 WARN   Polyline: must contain at least 2 different points
2026-08-27 17:30:55.651 WARN   Polyline: must contain at least 2 different points
2026-08-27 17:30:55.651 WARN   Polyline: must contain at least 2 different points
2026-08-27 17:30:55.651 WARN   Polyline: must contain at least 2 different points
2026-08-27 17:30:55.651 WARN   Polyline: must contain at least 2 different points
2026-08-27 17:30:55.652 WARN   Polyline: must contain at least 2 different points
2026-08-27 17:30:55.652 WARN   Polyline: must contain at least 2 different points
2026-08-27 17:30:55.652 WARN   Polyline: must contain at least 2 different points
2026-08-27 17:30:55.652 WARN   Polyline: must contain at least 2 different points
2026-08-27 17:30:55.652 WARN   Polyline: must contain at least 2 different points
2026-08-27 17:30:55.653 WARN   Polyline: must contain at least 2 different points
2026-08-27 17:30:55.653 WARN   Polyline: must contain at least 2 different points
2026-08-27 17:30:55.653 WARN   Polyline: must contain at least 2 different points
2026-08-27 17:30:55.653 WARN   Polyline: must contain at least 2 different points
2026-08-27 17:30:55.653 WARN   Polyline: must contain at least 2 different points
2026-08-27 17:30:55.654 WARN   Polyline: must contain at least 2 different points
2026-08-27 17:30:55.654 WARN   Polyline: must contain at least 2 different points
2026-08-27 17:30:55.654 WARN   Polyline: must contain at least 2 different points
2026-08-27 17:30:55.654 WARN   Polyline: must contain at least 2 different points
2026-08-27 17:30:55.654 WARN   Polyline: must contain at least 2 different points
2026-08-27 17:30:55.655 WARN   Polyline: must contain at least 2 different points
2026-08-27 17:30:55.655 WARN   Polyline: must contain at least 2 different points
2026-08-27 17:30:55.655 WARN   Polyline: must contain at least 2 different points
2026-08-27 17:30:55.655 WARN   Polyline: must contain at least 2 different points
2026-08-27 17:30:55.655 WARN   Polyline: must contain at least 2 different points
2026-08-27 17:30:55.655 WARN   Polyline: must contain at least 2 different points
2026-08-27 17:30:55.656 WARN   Polyline: must contain at least 2 different points
2026-08-27 17:30:55.656 WARN   Polyline: must contain at least 2 different points
2026-08-27 17:30:55.656 WARN   Polyline: must contain at least 2 different points
2026-08-27 17:30:55.656 WARN   Polyline: must contain at least 2 different points
2026-08-27 17:30:55.656 WARN   Polyline: must contain at least 2 different points
2026-08-27 17:30:55.657 WARN   Polyline: must contain at least 2 different points
2026-08-27 17:30:55.657 WARN   Polyline: must contain at least 2 different points
2026-08-27 17:30:55.657 WARN   Polyline: must contain at least 2 different points
2026-08-27 17:30:55.657 WARN   Polyline: must contain at least 2 different points
2026-08-27 17:30:55.657 WARN   Polyline: must contain at least 2 different points
2026-08-27 17:30:55.658 WARN   Polyline: must contain at least 2 different points
2026-08-27 17:30:55.658 WARN   Polyline: must contain at least 2 different points
2026-08-27 17:30:55.658 WARN   Polyline: must contain at least 2 different points
2026-08-27 17:30:55.658 WARN   Polyline: must contain at least 2 different points
2026-08-27 17:30:55.658 WARN   Polyline: must contain at least 2 different points
2026-08-27 17:30:55.658 WARN   Polyline: must contain at least 2 different points
2026-08-27 17:30:55.659 WARN   Polyline: must contain at least 2 different points
2026-08-27 17:30:55.659 WARN   Polyline: must contain at least 2 different points
2026-08-27 17:30:55.659 WARN   Polyline: must contain at least 2 different points
2026-08-27 17:30:55.659 WARN   Polyline: must contain at least 2 different points
2026-08-27 17:30:55.659 WARN   Polyline: must contain at least 2 different points
2026-08-27 17:30:55.660 WARN   Polyline: must contain at least 2 different points
2026-08-27 17:30:55.660 WARN   Polyline: must contain at least 2 different points
2026-08-27 17:30:55.660 WARN   Polyline: must contain at least 2 different points
2026-08-27 17:30:55.660 WARN   Polyline: must contain at least 2 different points
2026-08-27 17:30:55.660 WARN   Polyline: must contain at least 2 different points
2026-08-27 17:30:55.660 WARN   Polyline: must contain at least 2 different points
2026-08-27 17:30:55.661 WARN   Polyline: must contain at least 2 different points
2026-08-27 17:30:55.661 WARN   Polyline: must contain at least 2 different points
2026-08-27 17:30:55.661 WARN   Polyline: must contain at least 2 different points
2026-08-27 17:30:55.667 WARN   Polyline: must contain at least 2 different points
2026-08-27 17:30:55.667 WARN   Polyline: must contain at least 2 different points
2026-08-27 17:30:55.667 WARN   Polyline: must contain at least 2 different points
2026-08-27 17:30:55.667 WARN   Polyline: must contain at least 2 different points
2026-08-27 17:30:55.667 WARN   Polyline: must contain at least 2 different points
2026-08-27 17:30:55.668 WARN   Polyline: must contain at least 2 different points
2026-08-27 17:30:55.668 WARN   Polyline: must contain at least 2 different points
2026-08-27 17:30:55.668 WARN   Polyline: must contain at least 2 different points
2026-08-27 17:30:55.668 WARN   Polyline: must contain at least 2 different points
2026-08-27 17:30:55.668 WARN   Polyline: must contain at least 2 different points
2026-08-27 17:30:55.668 WARN   Polyline: must contain at least 2 different points
2026-08-27 17:30:55.669 WARN   Polyline: must contain at least 2 different points
2026-08-27 17:30:55.669 WARN   Polyline: must contain at least 2 different points
2026-08-27 17:30:55.669 WARN   Polyline: must contain at least 2 different points
2026-08-27 17:30:55.669 WARN   Polyline: must contain at least 2 different points
2026-08-27 17:30:55.669 WARN   Polyline: must contain at least 2 different points
2026-08-27 17:30:55.669 WARN   Polyline: must contain at least 2 different points
2026-08-27 17:30:55.670 WARN   Polyline: must contain at least 2 different points
2026-08-27 17:30:55.670 WARN   Polyline: must contain at least 2 different points
2026-08-27 17:30:55.670 WARN   Polyline: must contain at least 2 different points
2026-08-27 17:30:55.670 WARN   Polyline: must contain at least 2 different points
2026-08-27 17:30:55.670 WARN   Polyline: must contain at least 2 different points
2026-08-27 17:30:55.670 WARN   Polyline: must contain at least 2 different points
2026-08-27 17:30:55.671 WARN   Polyline: must contain at least 2 different points
2026-08-27 17:30:55.671 WARN   Polyline: must contain at least 2 different points
2026-08-27 17:30:55.671 WARN   Polyline: must contain at least 2 different points
2026-08-27 17:30:55.671 WARN   Polyline: must contain at least 2 different points
2026-08-27 17:30:55.671 WARN   Polyline: must contain at least 2 different points
2026-08-27 17:30:55.672 WARN   Polyline: must contain at least 2 different points
2026-08-27 17:30:55.672 WARN   Polyline: must contain at least 2 different points
2026-08-27 17:30:55.672 WARN   Polyline: must contain at least 2 different points
2026-08-27 17:30:55.672 WARN   Polyline: must contain at least 2 different points
2026-08-27 17:30:55.672 WARN   Polyline: must contain at least 2 different points
2026-08-27 17:30:55.672 WARN   Polyline: must contain at least 2 different points
2026-08-27 17:30:55.673 WARN   Polyline: must contain at least 2 different points
2026-08-27 17:30:55.673 WARN   Polyline: must contain at least 2 different points
2026-08-27 17:30:55.673 WARN   Polyline: must contain at least 2 different points
2026-08-27 17:30:55.673 WARN   Polyline: must contain at least 2 different points
2026-08-27 17:30:55.673 WARN   Polyline: must contain at least 2 different points
2026-08-27 17:30:55.674 WARN   Polyline: must contain at least 2 different points
2026-08-27 17:30:55.674 WARN   Polyline: must contain at least 2 different points
2026-08-27 17:30:55.674 WARN   Polyline: must contain at least 2 different points
2026-08-27 17:30:55.674 WARN   Polyline: must contain at least 2 different points
2026-08-27 17:30:55.674 WARN   Polyline: must contain at least 2 different points
2026-08-27 17:30:55.674 WARN   Polyline: must contain at least 2 different points
2026-08-27 17:30:55.675 WARN   Polyline: must contain at least 2 different points
2026-08-27 17:30:55.675 WARN   Polyline: must contain at least 2 different points
2026-08-27 17:30:55.675 WARN   Polyline: must contain at least 2 different points
2026-08-27 17:30:55.675 WARN   Polyline: must contain at least 2 different points
2026-08-27 17:30:55.675 WARN   Polyline: must contain at least 2 different points
2026-08-27 17:30:55.675 WARN   Polyline: must contain at least 2 different points
2026-08-27 17:30:55.676 WARN   Polyline: must contain at least 2 different points
2026-08-27 17:30:55.676 WARN   Polyline: must contain at least 2 different points
2026-08-27 17:30:55.676 WARN   Polyline: must contain at least 2 different points
2026-08-27 17:30:55.676 WARN   Polyline: must contain at least 2 different points
2026-08-27 17:30:55.676 WARN   Polyline: must contain at least 2 different points
2026-08-27 17:30:55.676 WARN   Polyline: must contain at least 2 different points
2026-08-27 17:30:55.677 WARN   Polyline: must contain at least 2 different points
2026-08-27 17:30:55.677 WARN   Polyline: must contain at least 2 different points
2026-08-27 17:30:55.677 WARN   Polyline: must contain at least 2 different points
2026-08-27 17:30:55.677 WARN   Polyline: must contain at least 2 different points
2026-08-27 17:30:55.677 WARN   Polyline: must contain at least 2 different points
2026-08-27 17:30:55.677 WARN   Polyline: must contain at least 2 different points
2026-08-27 17:30:55.678 WARN   Polyline: must contain at least 2 different points
2026-08-27 17:30:55.678 WARN   Polyline: must contain at least 2 different points
2026-08-27 17:30:55.678 WARN   Polyline: must contain at least 2 different points
2026-08-27 17:30:55.678 WARN   Polyline: must contain at least 2 different points
2026-08-27 17:30:55.678 WARN   Polyline: must contain at least 2 different points
2026-08-27 17:30:55.678 WARN   Polyline: must contain at least 2 different points
2026-08-27 17:30:55.679 WARN   Polyline: must contain at least 2 different points
2026-08-27 17:30:55.679 WARN   Polyline: must contain at least 2 different points
2026-08-27 17:30:55.679 WARN   Polyline: must contain at least 2 different points
2026-08-27 17:30:55.679 WARN   Polyline: must contain at least 2 different points
2026-08-27 17:30:55.679 WARN   Polyline: must contain at least 2 different points
2026-08-27 17:30:55.679 WARN   Polyline: must contain at least 2 different points
2026-08-27 17:30:55.680 WARN   Polyline: must contain at least 2 different points
2026-08-27 17:30:55.680 WARN   Polyline: must contain at least 2 different points
2026-08-27 17:30:55.680 WARN   Polyline: must contain at least 2 different points
2026-08-27 17:30:55.680 WARN   Polyline: must contain at least 2 different points
2026-08-27 17:30:55.680 WARN   Polyline: must contain at least 2 different points
2026-08-27 17:30:55.680 WARN   Polyline: must contain at least 2 different points
2026-08-27 17:30:55.681 WARN   Polyline: must contain at least 2 different points
2026-08-27 17:30:55.681 WARN   Polyline: must contain at least 2 different points
2026-08-27 17:30:55.681 WARN   Polyline: must contain at least 2 different points
2026-08-27 17:30:55.681 WARN   Polyline: must contain at least 2 different points
2026-08-27 17:30:55.681 WARN   Polyline: must contain at least 2 different points
2026-08-27 17:30:55.681 WARN   Polyline: must contain at least 2 different points
2026-08-27 17:30:55.682 WARN   Polyline: must contain at least 2 different points
2026-08-27 17:30:55.682 WARN   Polyline: must contain at least 2 different points
2026-08-27 17:30:55.682 WARN   Polyline: must contain at least 2 different points
2026-08-27 17:30:55.682 WARN   Polyline: must contain at least 2 different points
2026-08-27 17:30:55.682 WARN   Polyline: must contain at least 2 different points
2026-08-27 17:30:55.683 WARN   Polyline: must contain at least 2 different points
2026-08-27 17:30:55.683 WARN   Polyline: must contain at least 2 different points
2026-08-27 17:30:55.683 WARN   Polyline: must contain at least 2 different points
2026-08-27 17:30:55.683 WARN   Polyline: must contain at least 2 different points
2026-08-27 17:30:55.683 WARN   Polyline: must contain at least 2 different points
2026-08-27 17:30:55.683 WARN   Polyline: must contain at least 2 different points
2026-08-27 17:30:55.684 WARN   Polyline: must contain at least 2 different points
2026-08-27 17:30:55.684 WARN   Polyline: must contain at least 2 different points
2026-08-27 17:30:55.684 WARN   Polyline: must contain at least 2 different points
2026-08-27 17:30:55.684 WARN   Polyline: must contain at least 2 different points
2026-08-27 17:30:55.684 WARN   Polyline: must contain at least 2 different points
2026-08-27 17:30:55.684 WARN   Polyline: must contain at least 2 different points
2026-08-27 17:30:55.684 WARN   Polyline: must contain at least 2 different points
2026-08-27 17:30:55.685 WARN   Polyline: must contain at least 2 different points
2026-08-27 17:30:55.685 WARN   Polyline: must contain at least 2 different points
2026-08-27 17:30:55.685 WARN   Polyline: must contain at least 2 different points
2026-08-27 17:30:55.685 WARN   Polyline: must contain at least 2 different points
2026-08-27 17:30:55.685 WARN   Polyline: must contain at least 2 different points
2026-08-27 17:30:55.685 WARN   Polyline: must contain at least 2 different points
2026-08-27 17:30:55.686 WARN   Polyline: must contain at least 2 different points
2026-08-27 17:30:55.686 WARN   Polyline: must contain at least 2 different points
2026-08-27 17:30:55.686 WARN   Polyline: must contain at least 2 different points
2026-08-27 17:30:55.686 WARN   Polyline: must contain at least 2 different points
2026-08-27 17:30:55.686 WARN   Polyline: must contain at least 2 different points
2026-08-27 17:30:55.687 WARN   Polyline: must contain at least 2 different points
2026-08-27 17:30:55.687 WARN   Polyline: must contain at least 2 different points
2026-08-27 17:30:55.687 WARN   Polyline: must contain at least 2 different points
2026-08-27 17:30:55.687 WARN   Polyline: must contain at least 2 different points
2026-08-27 17:30:55.687 WARN   Polyline: must contain at least 2 different points
2026-08-27 17:30:55.687 WARN   Polyline: must contain at least 2 different points
2026-08-27 17:30:55.688 WARN   Polyline: must contain at least 2 different points
2026-08-27 17:30:55.688 WARN   Polyline: must contain at least 2 different points
2026-08-27 17:30:55.688 WARN   Polyline: must contain at least 2 different points
2026-08-27 17:30:55.688 WARN   Polyline: must contain at least 2 different points
2026-08-27 17:30:55.688 WARN   Polyline: must contain at least 2 different points
2026-08-27 17:30:55.688 WARN   Polyline: must contain at least 2 different points
2026-08-27 17:30:55.689 WARN   Polyline: must contain at least 2 different points
2026-08-27 17:30:55.689 WARN   Polyline: must contain at least 2 different points
2026-08-27 17:30:55.689 WARN   Polyline: must contain at least 2 different points
2026-08-27 17:30:55.689 WARN   Polyline: must contain at least 2 different points
2026-08-27 17:30:55.689 WARN   Polyline: must contain at least 2 different points
2026-08-27 17:30:55.690 WARN   Polyline: must contain at least 2 different points
2026-08-27 17:30:55.690 WARN   Polyline: must contain at least 2 different points
2026-08-27 17:30:55.690 WARN   Polyline: must contain at least 2 different points
2026-08-27 17:30:55.690 WARN   Polyline: must contain at least 2 different points
2026-08-27 17:30:55.690 WARN   Polyline: must contain at least 2 different points
2026-08-27 17:30:55.690 WARN   Polyline: must contain at least 2 different points
2026-08-27 17:30:55.691 WARN   Polyline: must contain at least 2 different points
2026-08-27 17:30:55.691 WARN   Polyline: must contain at least 2 different points
2026-08-27 17:30:55.691 WARN   Polyline: must contain at least 2 different points
2026-08-27 17:30:55.691 WARN   Polyline: must contain at least 2 different points
2026-08-27 17:30:55.691 WARN   Polyline: must contain at least 2 different points
2026-08-27 17:30:55.691 WARN   Polyline: must contain at least 2 different points
2026-08-27 17:30:55.692 WARN   Polyline: must contain at least 2 different points
2026-08-27 17:30:55.692 WARN   Polyline: must contain at least 2 different points
2026-08-27 17:30:55.692 WARN   Polyline: must contain at least 2 different points
2026-08-27 17:30:55.692 WARN   Polyline: must contain at least 2 different points
2026-08-27 17:30:55.692 WARN   Polyline: must contain at least 2 different points
2026-08-27 17:30:55.693 WARN   Polyline: must contain at least 2 different points
2026-08-27 17:30:55.693 WARN   Polyline: must contain at least 2 different points
2026-08-27 17:30:55.693 WARN   Polyline: must contain at least 2 different points
2026-08-27 17:30:55.693 WARN   Polyline: must contain at least 2 different points
2026-08-27 17:30:55.693 WARN   Polyline: must contain at least 2 different points
2026-08-27 17:30:55.694 WARN   Polyline: must contain at least 2 different points
2026-08-27 17:30:55.694 WARN   Polyline: must contain at least 2 different points
2026-08-27 17:30:55.694 WARN   Polyline: must contain at least 2 different points
2026-08-27 17:30:55.694 WARN   Polyline: must contain at least 2 different points
2026-08-27 17:30:55.694 WARN   Polyline: must contain at least 2 different points
2026-08-27 17:30:55.695 WARN   Polyline: must contain at least 2 different points
2026-08-27 17:30:55.695 WARN   Polyline: must contain at least 2 different points
2026-08-27 17:30:55.695 WARN   Polyline: must contain at least 2 different points
2026-08-27 17:30:55.695 WARN   Polyline: must contain at least 2 different points
2026-08-27 17:30:55.695 WARN   Polyline: must contain at least 2 different points
2026-08-27 17:30:55.695 WARN   Polyline: must contain at least 2 different points
2026-08-27 17:30:55.695 WARN   Polyline: must contain at least 2 different points
2026-08-27 17:30:55.696 WARN   Polyline: must contain at least 2 different points
2026-08-27 17:30:55.696 WARN   Polyline: must contain at least 2 different points
2026-08-27 17:30:55.696 WARN   Polyline: must contain at least 2 different points
2026-08-27 17:30:55.696 WARN   Polyline: must contain at least 2 different points
2026-08-27 17:30:55.696 WARN   Polyline: must contain at least 2 different points
2026-08-27 17:30:55.697 WARN   Polyline: must contain at least 2 different points
2026-08-27 17:30:55.698 WARN   Polyline: must contain at least 2 different points
2026-08-27 17:30:55.699 WARN   Polyline: must contain at least 2 different points
2026-08-27 17:30:55.699 WARN   Polyline: must contain at least 2 different points
2026-08-27 17:30:55.699 WARN   Polyline: must contain at least 2 different points
2026-08-27 17:30:55.699 WARN   Polyline: must contain at least 2 different points
2026-08-27 17:30:55.699 WARN   Polyline: must contain at least 2 different points
2026-08-27 17:30:55.700 WARN   Polyline: must contain at least 2 different points
2026-08-27 17:30:55.700 WARN   Polyline: must contain at least 2 different points
2026-08-27 17:30:55.700 WARN   Polyline: must contain at least 2 different points
2026-08-27 17:30:55.700 WARN   Polyline: must contain at least 2 different points
2026-08-27 17:30:55.700 WARN   Polyline: must contain at least 2 different points
2026-08-27 17:30:55.700 WARN   Polyline: must contain at least 2 different points
2026-08-27 17:30:55.701 WARN   Polyline: must contain at least 2 different points
2026-08-27 17:30:55.701 WARN   Polyline: must contain at least 2 different points
2026-08-27 17:30:55.702 WARN   Polyline: must contain at least 2 different points
2026-08-27 17:30:55.702 WARN   Polyline: must contain at least 2 different points
2026-08-27 17:30:55.702 WARN   Polyline: must contain at least 2 different points
2026-08-27 17:30:55.702 WARN   Polyline: must contain at least 2 different points
2026-08-27 17:30:55.703 WARN   Polyline: must contain at least 2 different points
2026-08-27 17:30:55.703 WARN   Polyline: must contain at least 2 different points
2026-08-27 17:30:55.703 WARN   Polyline: must contain at least 2 different points
2026-08-27 17:30:55.703 WARN   Polyline: must contain at least 2 different points
2026-08-27 17:30:55.703 WARN   Polyline: must contain at least 2 different points
2026-08-27 17:30:55.703 WARN   Polyline: must contain at least 2 different points
2026-08-27 17:30:55.704 WARN   Polyline: must contain at least 2 different points
2026-08-27 17:30:55.704 WARN   Polyline: must contain at least 2 different points
2026-08-27 17:30:55.704 WARN   Polyline: must contain at least 2 different points
2026-08-27 17:30:55.704 WARN   Polyline: must contain at least 2 different points
2026-08-27 17:30:55.704 WARN   Polyline: must contain at least 2 different points
2026-08-27 17:30:55.704 WARN   Polyline: must contain at least 2 different points
2026-08-27 17:30:55.705 WARN   Polyline: must contain at least 2 different points
2026-08-27 17:30:55.705 WARN   Polyline: must contain at least 2 different points
2026-08-27 17:30:55.705 WARN   Polyline: must contain at least 2 different points
2026-08-27 17:30:55.705 WARN   Polyline: must contain at least 2 different points
2026-08-27 17:30:55.705 WARN   Polyline: must contain at least 2 different points
2026-08-27 17:30:55.706 WARN   Polyline: must contain at least 2 different points
2026-08-27 17:30:55.706 WARN   Polyline: must contain at least 2 different points
2026-08-27 17:30:55.706 WARN   Polyline: must contain at least 2 different points
2026-08-27 17:30:55.706 WARN   Polyline: must contain at least 2 different points
2026-08-27 17:30:55.706 WARN   Polyline: must contain at least 2 different points
2026-08-27 17:30:55.707 WARN   Polyline: must contain at least 2 different points
2026-08-27 17:30:55.707 WARN   Polyline: must contain at least 2 different points
2026-08-27 17:30:55.707 WARN   Polyline: must contain at least 2 different points
2026-08-27 17:30:55.708 WARN   Polyline: must contain at least 2 different points
2026-08-27 17:30:55.708 WARN   Polyline: must contain at least 2 different points
2026-08-27 17:30:55.708 WARN   Polyline: must contain at least 2 different points
2026-08-27 17:30:55.708 WARN   Polyline: must contain at least 2 different points
2026-08-27 17:30:55.708 WARN   Polyline: must contain at least 2 different points
2026-08-27 17:30:55.708 WARN   Polyline: must contain at least 2 different points
2026-08-27 17:30:55.709 WARN   Polyline: must contain at least 2 different points
2026-08-27 17:30:55.709 WARN   Polyline: must contain at least 2 different points
2026-08-27 17:30:55.709 WARN   Polyline: must contain at least 2 different points
2026-08-27 17:30:55.709 WARN   Polyline: must contain at least 2 different points
2026-08-27 17:30:55.709 WARN   Polyline: must contain at least 2 different points
2026-08-27 17:30:55.710 WARN   Polyline: must contain at least 2 different points
2026-08-27 17:30:55.710 WARN   Polyline: must contain at least 2 different points
2026-08-27 17:30:55.717 WARN   Polyline: must contain at least 2 different points
2026-08-27 17:30:55.717 WARN   Polyline: must contain at least 2 different points
2026-08-27 17:30:55.721 WARN   Polyline: must contain at least 2 different points
2026-08-27 17:30:55.721 WARN   Polyline: must contain at least 2 different points
2026-08-27 17:30:55.721 WARN   Polyline: must contain at least 2 different points
2026-08-27 17:30:55.721 WARN   Polyline: must contain at least 2 different points
2026-08-27 17:30:55.721 WARN   Polyline: must contain at least 2 different points
2026-08-27 17:30:55.722 WARN   Polyline: must contain at least 2 different points
2026-08-27 17:30:55.722 WARN   Polyline: must contain at least 2 different points
2026-08-27 17:30:55.722 WARN   Polyline: must contain at least 2 different points
2026-08-27 17:30:55.722 WARN   Polyline: must contain at least 2 different points
2026-08-27 17:30:55.725 WARN   Polyline: must contain at least 2 different points
2026-08-27 17:30:55.726 WARN   Polyline: must contain at least 2 different points
2026-08-27 17:30:55.726 WARN   Polyline: must contain at least 2 different points
2026-08-27 17:30:55.726 WARN   Polyline: must contain at least 2 different points
2026-08-27 17:30:55.726 WARN   Polyline: must contain at least 2 different points
2026-08-27 17:30:55.726 WARN   Polyline: must contain at least 2 different points
2026-08-27 17:30:55.727 WARN   Polyline: must contain at least 2 different points
2026-08-27 17:30:55.727 WARN   Polyline: must contain at least 2 different points
2026-08-27 17:30:55.727 WARN   Polyline: must contain at least 2 different points
2026-08-27 17:30:55.727 WARN   Polyline: must contain at least 2 different points
2026-08-27 17:30:55.727 WARN   Polyline: must contain at least 2 different points
2026-08-27 17:30:55.728 WARN   Polyline: must contain at least 2 different points
2026-08-27 17:30:55.728 WARN   Polyline: must contain at least 2 different points
2026-08-27 17:30:55.728 WARN   Polyline: must contain at least 2 different points
2026-08-27 17:30:55.728 WARN   Polyline: must contain at least 2 different points
2026-08-27 17:30:55.728 WARN   Polyline: must contain at least 2 different points
2026-08-27 17:30:55.729 WARN   Polyline: must contain at least 2 different points
2026-08-27 17:30:55.729 WARN   Polyline: must contain at least 2 different points
2026-08-27 17:30:55.729 WARN   Polyline: must contain at least 2 different points
2026-08-27 17:30:55.729 WARN   Polyline: must contain at least 2 different points
2026-08-27 17:30:55.732 WARN   Polyline: must contain at least 2 different points
2026-08-27 17:30:55.733 WARN   Polyline: must contain at least 2 different points
2026-08-27 17:30:55.733 WARN   Polyline: must contain at least 2 different points
2026-08-27 17:30:55.733 WARN   Polyline: must contain at least 2 different points
2026-08-27 17:30:55.733 WARN   Polyline: must contain at least 2 different points
2026-08-27 17:30:55.733 WARN   Polyline: must contain at least 2 different points
2026-08-27 17:30:55.734 WARN   Polyline: must contain at least 2 different points
2026-08-27 17:30:55.734 WARN   Polyline: must contain at least 2 different points
2026-08-27 17:30:55.734 WARN   Polyline: must contain at least 2 different points
2026-08-27 17:30:55.735 WARN   Polyline: must contain at least 2 different points
2026-08-27 17:30:55.735 WARN   Polyline: must contain at least 2 different points
2026-08-27 17:30:55.735 WARN   Polyline: must contain at least 2 different points
2026-08-27 17:30:55.735 WARN   Polyline: must contain at least 2 different points
2026-08-27 17:30:55.736 WARN   Polyline: must contain at least 2 different points
2026-08-27 17:30:55.736 WARN   Polyline: must contain at least 2 different points
2026-08-27 17:30:55.736 WARN   Polyline: must contain at least 2 different points
2026-08-27 17:30:55.736 WARN   Polyline: must contain at least 2 different points
2026-08-27 17:30:55.736 WARN   Polyline: must contain at least 2 different points
2026-08-27 17:30:55.736 WARN   Polyline: must contain at least 2 different points
2026-08-27 17:30:55.737 WARN   Polyline: must contain at least 2 different points
2026-08-27 17:30:55.737 WARN   Polyline: must contain at least 2 different points
2026-08-27 17:30:55.737 WARN   Polyline: must contain at least 2 different points
2026-08-27 17:30:55.737 WARN   Polyline: must contain at least 2 different points
2026-08-27 17:30:55.737 WARN   Polyline: must contain at least 2 different points
2026-08-27 17:30:55.737 WARN   Polyline: must contain at least 2 different points
2026-08-27 17:30:55.738 WARN   Polyline: must contain at least 2 different points
2026-08-27 17:30:55.738 WARN   Polyline: must contain at least 2 different points
2026-08-27 17:30:55.738 WARN   Polyline: must contain at least 2 different points
2026-08-27 17:30:55.738 WARN   Polyline: must contain at least 2 different points
2026-08-27 17:30:55.738 WARN   Polyline: must contain at least 2 different points
2026-08-27 17:30:55.738 WARN   Polyline: must contain at least 2 different points
2026-08-27 17:30:55.739 WARN   Polyline: must contain at least 2 different points
2026-08-27 17:30:55.739 WARN   Polyline: must contain at least 2 different points
2026-08-27 17:30:55.739 WARN   Polyline: must contain at least 2 different points
2026-08-27 17:30:55.739 WARN   Polyline: must contain at least 2 different points
2026-08-27 17:30:55.739 WARN   Polyline: must contain at least 2 different points
2026-08-27 17:30:55.739 WARN   Polyline: must contain at least 2 different points
2026-08-27 17:30:55.740 WARN   Polyline: must contain at least 2 different points
2026-08-27 17:30:55.740 WARN   Polyline: must contain at least 2 different points
2026-08-27 17:30:55.740 WARN   Polyline: must contain at least 2 different points
2026-08-27 17:30:55.740 WARN   Polyline: must contain at least 2 different points
2026-08-27 17:30:55.740 WARN   Polyline: must contain at least 2 different points
2026-08-27 17:30:55.741 WARN   Polyline: must contain at least 2 different points
2026-08-27 17:30:55.741 WARN   Polyline: must contain at least 2 different points
2026-08-27 17:30:55.741 WARN   Polyline: must contain at least 2 different points
2026-08-27 17:30:55.741 WARN   Polyline: must contain at least 2 different points
2026-08-27 17:30:55.741 WARN   Polyline: must contain at least 2 different points
2026-08-27 17:30:55.742 WARN   Polyline: must contain at least 2 different points
2026-08-27 17:30:55.742 WARN   Polyline: must contain at least 2 different points
2026-08-27 17:30:55.742 WARN   Polyline: must contain at least 2 different points
2026-08-27 17:30:55.742 WARN   Polyline: must contain at least 2 different points
2026-08-27 17:30:55.742 WARN   Polyline: must contain at least 2 different points
2026-08-27 17:30:55.742 WARN   Polyline: must contain at least 2 different points
2026-08-27 17:30:55.743 WARN   Polyline: must contain at least 2 different points
2026-08-27 17:30:55.743 WARN   Polyline: must contain at least 2 different points
2026-08-27 17:30:55.743 WARN   Polyline: must contain at least 2 different points
2026-08-27 17:30:55.743 WARN   Polyline: must contain at least 2 different points
2026-08-27 17:30:55.743 WARN   Polyline: must contain at least 2 different points
2026-08-27 17:30:55.744 WARN   Polyline: must contain at least 2 different points
2026-08-27 17:30:55.744 WARN   Polyline: must contain at least 2 different points
2026-08-27 17:30:55.744 WARN   Polyline: must contain at least 2 different points
2026-08-27 17:30:55.744 WARN   Polyline: must contain at least 2 different points
2026-08-27 17:30:55.744 WARN   Polyline: must contain at least 2 different points
2026-08-27 17:30:55.744 WARN   Polyline: must contain at least 2 different points
2026-08-27 17:30:55.745 WARN   Polyline: must contain at least 2 different points
2026-08-27 17:30:55.745 WARN   Polyline: must contain at least 2 different points
2026-08-27 17:30:55.745 WARN   Polyline: must contain at least 2 different points
2026-08-27 17:30:55.745 WARN   Polyline: must contain at least 2 different points
2026-08-27 17:30:55.745 WARN   Polyline: must contain at least 2 different points
2026-08-27 17:30:55.746 WARN   Polyline: must contain at least 2 different points
2026-08-27 17:30:55.746 WARN   Polyline: must contain at least 2 different points
2026-08-27 17:30:55.746 WARN   Polyline: must contain at least 2 different points
2026-08-27 17:30:55.746 WARN   Polyline: must contain at least 2 different points
2026-08-27 17:30:55.746 WARN   Polyline: must contain at least 2 different points
2026-08-27 17:30:55.746 WARN   Polyline: must contain at least 2 different points
2026-08-27 17:30:55.746 WARN   Polyline: must contain at least 2 different points
2026-08-27 17:30:55.747 WARN   Polyline: must contain at least 2 different points
2026-08-27 17:30:55.747 WARN   Polyline: must contain at least 2 different points
2026-08-27 17:30:55.747 WARN   Polyline: must contain at least 2 different points
2026-08-27 17:30:55.747 WARN   Polyline: must contain at least 2 different points
2026-08-27 17:30:55.747 WARN   Polyline: must contain at least 2 different points
2026-08-27 17:30:55.748 WARN   Polyline: must contain at least 2 different points
2026-08-27 17:30:55.748 WARN   Polyline: must contain at least 2 different points
2026-08-27 17:30:55.748 WARN   Polyline: must contain at least 2 different points
2026-08-27 17:30:55.748 WARN   Polyline: must contain at least 2 different points
2026-08-27 17:30:55.748 WARN   Polyline: must contain at least 2 different points
2026-08-27 17:30:55.749 WARN   Polyline: must contain at least 2 different points
2026-08-27 17:30:55.749 WARN   Polyline: must contain at least 2 different points
2026-08-27 17:30:55.749 WARN   Polyline: must contain at least 2 different points
2026-08-27 17:30:55.749 WARN   Polyline: must contain at least 2 different points
2026-08-27 17:30:55.749 WARN   Polyline: must contain at least 2 different points
2026-08-27 17:30:55.750 WARN   Polyline: must contain at least 2 different points
2026-08-27 17:30:55.750 WARN   Polyline: must contain at least 2 different points
2026-08-27 17:30:55.750 WARN   Polyline: must contain at least 2 different points
2026-08-27 17:30:55.751 WARN   Polyline: must contain at least 2 different points
2026-08-27 17:30:55.751 WARN   Polyline: must contain at least 2 different points
2026-08-27 17:30:55.751 WARN   Polyline: must contain at least 2 different points
2026-08-27 17:30:55.751 WARN   Polyline: must contain at least 2 different points
2026-08-27 17:30:55.752 WARN   Polyline: must contain at least 2 different points
2026-08-27 17:30:55.752 WARN   Polyline: must contain at least 2 different points
2026-08-27 17:30:55.752 WARN   Polyline: must contain at least 2 different points
2026-08-27 17:30:55.752 WARN   Polyline: must contain at least 2 different points
2026-08-27 17:30:55.752 WARN   Polyline: must contain at least 2 different points
2026-08-27 17:30:55.752 WARN   Polyline: must contain at least 2 different points
2026-08-27 17:30:55.753 WARN   Polyline: must contain at least 2 different points
2026-08-27 17:30:55.753 WARN   Polyline: must contain at least 2 different points
2026-08-27 17:30:55.753 WARN   Polyline: must contain at least 2 different points
2026-08-27 17:30:55.753 WARN   Polyline: must contain at least 2 different points
2026-08-27 17:30:55.753 WARN   Polyline: must contain at least 2 different points
2026-08-27 17:30:55.753 WARN   Polyline: must contain at least 2 different points
2026-08-27 17:30:55.754 WARN   Polyline: must contain at least 2 different points
2026-08-27 17:30:55.754 WARN   Polyline: must contain at least 2 different points
2026-08-27 17:30:55.754 WARN   Polyline: must contain at least 2 different points
2026-08-27 17:30:55.754 WARN   Polyline: must contain at least 2 different points
2026-08-27 17:30:55.754 WARN   Polyline: must contain at least 2 different points
2026-08-27 17:30:55.754 WARN   Polyline: must contain at least 2 different points
2026-08-27 17:30:55.755 WARN   Polyline: must contain at least 2 different points
2026-08-27 17:30:55.755 WARN   Polyline: must contain at least 2 different points
2026-08-27 17:30:55.755 WARN   Polyline: must contain at least 2 different points
2026-08-27 17:30:55.755 WARN   Polyline: must contain at least 2 different points
2026-08-27 17:30:55.755 WARN   Polyline: must contain at least 2 different points
2026-08-27 17:30:55.756 WARN   Polyline: must contain at least 2 different points
2026-08-27 17:30:55.756 WARN   Polyline: must contain at least 2 different points
2026-08-27 17:30:55.756 WARN   Polyline: must contain at least 2 different points
2026-08-27 17:30:55.756 WARN   Polyline: must contain at least 2 different points
2026-08-27 17:30:55.756 WARN   Polyline: must contain at least 2 different points
2026-08-27 17:30:55.756 WARN   Polyline: must contain at least 2 different points
2026-08-27 17:30:55.756 WARN   Polyline: must contain at least 2 different points
2026-08-27 17:30:55.757 WARN   Polyline: must contain at least 2 different points
2026-08-27 17:30:55.757 WARN   Polyline: must contain at least 2 different points
2026-08-27 17:30:55.757 WARN   Polyline: must contain at least 2 different points
2026-08-27 17:30:55.757 WARN   Polyline: must contain at least 2 different points
2026-08-27 17:30:55.757 WARN   Polyline: must contain at least 2 different points
2026-08-27 17:30:55.757 WARN   Polyline: must contain at least 2 different points
2026-08-27 17:30:55.758 WARN   Polyline: must contain at least 2 different points
2026-08-27 17:30:55.758 WARN   Polyline: must contain at least 2 different points
2026-08-27 17:30:55.758 WARN   Polyline: must contain at least 2 different points
2026-08-27 17:30:55.758 WARN   Polyline: must contain at least 2 different points
2026-08-27 17:30:55.758 WARN   Polyline: must contain at least 2 different points
2026-08-27 17:30:55.758 WARN   Polyline: must contain at least 2 different points
2026-08-27 17:30:55.759 WARN   Polyline: must contain at least 2 different points
2026-08-27 17:30:55.759 WARN   Polyline: must contain at least 2 different points
2026-08-27 17:30:55.759 WARN   Polyline: must contain at least 2 different points
2026-08-27 17:30:55.759 WARN   Polyline: must contain at least 2 different points
2026-08-27 17:30:55.759 WARN   Polyline: must contain at least 2 different points
2026-08-27 17:30:55.759 WARN   Polyline: must contain at least 2 different points
2026-08-27 17:30:55.760 WARN   Polyline: must contain at least 2 different points
2026-08-27 17:30:55.760 WARN   Polyline: must contain at least 2 different points
2026-08-27 17:30:55.760 WARN   Polyline: must contain at least 2 different points
2026-08-27 17:30:55.760 WARN   Polyline: must contain at least 2 different points
2026-08-27 17:30:55.760 WARN   Polyline: must contain at least 2 different points
2026-08-27 17:30:55.760 WARN   Polyline: must contain at least 2 different points
2026-08-27 17:30:55.761 WARN   Polyline: must contain at least 2 different points
2026-08-27 17:30:55.761 WARN   Polyline: must contain at least 2 different points
2026-08-27 17:30:55.761 WARN   Polyline: must contain at least 2 different points
2026-08-27 17:30:55.761 WARN   Polyline: must contain at least 2 different points
2026-08-27 17:30:55.761 WARN   Polyline: must contain at least 2 different points
2026-08-27 17:30:55.761 WARN   Polyline: must contain at least 2 different points
2026-08-27 17:30:55.762 WARN   Polyline: must contain at least 2 different points
2026-08-27 17:30:55.762 WARN   Polyline: must contain at least 2 different points
2026-08-27 17:30:55.762 WARN   Polyline: must contain at least 2 different points
2026-08-27 17:30:55.762 WARN   Polyline: must contain at least 2 different points
2026-08-27 17:30:55.762 WARN   Polyline: must contain at least 2 different points
2026-08-27 17:30:55.763 WARN   Polyline: must contain at least 2 different points
2026-08-27 17:30:55.763 WARN   Polyline: must contain at least 2 different points
2026-08-27 17:30:55.763 WARN   Polyline: must contain at least 2 different points
2026-08-27 17:30:55.763 WARN   Polyline: must contain at least 2 different points
2026-08-27 17:30:55.763 WARN   Polyline: must contain at least 2 different points
2026-08-27 17:30:55.764 WARN   Polyline: must contain at least 2 different points
2026-08-27 17:30:55.764 WARN   Polyline: must contain at least 2 different points
2026-08-27 17:30:55.764 WARN   Polyline: must contain at least 2 different points
2026-08-27 17:30:55.764 WARN   Polyline: must contain at least 2 different points
2026-08-27 17:30:55.764 WARN   Polyline: must contain at least 2 different points
2026-08-27 17:30:55.764 WARN   Polyline: must contain at least 2 different points
2026-08-27 17:30:55.765 WARN   Polyline: must contain at least 2 different points
2026-08-27 17:30:55.765 WARN   Polyline: must contain at least 2 different points
2026-08-27 17:30:55.765 WARN   Polyline: must contain at least 2 different points
2026-08-27 17:30:55.765 WARN   Polyline: must contain at least 2 different points
2026-08-27 17:30:55.765 WARN   Polyline: must contain at least 2 different points
2026-08-27 17:30:55.765 WARN   Polyline: must contain at least 2 different points
2026-08-27 17:30:55.766 WARN   Polyline: must contain at least 2 different points
2026-08-27 17:30:55.766 WARN   Polyline: must contain at least 2 different points
2026-08-27 17:30:55.766 WARN   Polyline: must contain at least 2 different points
2026-08-27 17:30:55.766 WARN   Polyline: must contain at least 2 different points
2026-08-27 17:30:55.766 WARN   Polyline: must contain at least 2 different points
2026-08-27 17:30:55.767 WARN   Polyline: must contain at least 2 different points
2026-08-27 17:30:55.767 WARN   Polyline: must contain at least 2 different points
2026-08-27 17:30:55.767 WARN   Polyline: must contain at least 2 different points
2026-08-27 17:30:55.767 WARN   Polyline: must contain at least 2 different points
2026-08-27 17:30:55.767 WARN   Polyline: must contain at least 2 different points
2026-08-27 17:30:55.767 WARN   Polyline: must contain at least 2 different points
2026-08-27 17:30:55.768 WARN   Polyline: must contain at least 2 different points
2026-08-27 17:30:55.768 WARN   Polyline: must contain at least 2 different points
2026-08-27 17:30:55.768 WARN   Polyline: must contain at least 2 different points
2026-08-27 17:30:55.768 WARN   Polyline: must contain at least 2 different points
2026-08-27 17:30:55.768 WARN   Polyline: must contain at least 2 different points
2026-08-27 17:30:55.768 WARN   Polyline: must contain at least 2 different points
2026-08-27 17:30:55.769 WARN   Polyline: must contain at least 2 different points
2026-08-27 17:30:55.769 WARN   Polyline: must contain at least 2 different points
2026-08-27 17:30:55.769 WARN   Polyline: must contain at least 2 different points
2026-08-27 17:30:55.769 WARN   Polyline: must contain at least 2 different points
2026-08-27 17:30:55.769 WARN   Polyline: must contain at least 2 different points
2026-08-27 17:30:55.769 WARN   Polyline: must contain at least 2 different points
2026-08-27 17:30:55.770 WARN   Polyline: must contain at least 2 different points
2026-08-27 17:30:55.770 WARN   Polyline: must contain at least 2 different points
2026-08-27 17:30:55.770 WARN   Polyline: must contain at least 2 different points
2026-08-27 17:30:55.770 WARN   Polyline: must contain at least 2 different points
2026-08-27 17:30:55.770 WARN   Polyline: must contain at least 2 different points
2026-08-27 17:30:55.770 WARN   Polyline: must contain at least 2 different points
2026-08-27 17:30:55.771 WARN   Polyline: must contain at least 2 different points
2026-08-27 17:30:55.771 WARN   Polyline: must contain at least 2 different points
2026-08-27 17:30:55.771 WARN   Polyline: must contain at least 2 different points
2026-08-27 17:30:55.771 WARN   Polyline: must contain at least 2 different points
2026-08-27 17:30:55.771 WARN   Polyline: must contain at least 2 different points
2026-08-27 17:30:55.772 WARN   Polyline: must contain at least 2 different points
2026-08-27 17:30:55.772 WARN   Polyline: must contain at least 2 different points
2026-08-27 17:30:55.772 WARN   Polyline: must contain at least 2 different points
2026-08-27 17:30:55.772 WARN   Polyline: must contain at least 2 different points
2026-08-27 17:30:55.772 WARN   Polyline: must contain at least 2 different points
2026-08-27 17:30:55.773 WARN   Polyline: must contain at least 2 different points
2026-08-27 17:30:55.773 WARN   Polyline: must contain at least 2 different points
2026-08-27 17:30:55.773 WARN   Polyline: must contain at least 2 different points
2026-08-27 17:30:55.773 WARN   Polyline: must contain at least 2 different points
2026-08-27 17:30:55.773 WARN   Polyline: must contain at least 2 different points
2026-08-27 17:30:55.774 WARN   Polyline: must contain at least 2 different points
2026-08-27 17:30:55.774 WARN   Polyline: must contain at least 2 different points
2026-08-27 17:30:55.774 WARN   Polyline: must contain at least 2 different points
2026-08-27 17:30:55.774 WARN   Polyline: must contain at least 2 different points
2026-08-27 17:30:55.774 WARN   Polyline: must contain at least 2 different points
2026-08-27 17:30:55.775 WARN   Polyline: must contain at least 2 different points
2026-08-27 17:30:55.775 WARN   Polyline: must contain at least 2 different points
2026-08-27 17:30:55.775 WARN   Polyline: must contain at least 2 different points
2026-08-27 17:30:55.775 WARN   Polyline: must contain at least 2 different points
2026-08-27 17:30:55.775 WARN   Polyline: must contain at least 2 different points
2026-08-27 17:30:55.776 WARN   Polyline: must contain at least 2 different points
2026-08-27 17:30:55.776 WARN   Polyline: must contain at least 2 different points
2026-08-27 17:30:55.776 WARN   Polyline: must contain at least 2 different points
2026-08-27 17:30:55.776 WARN   Polyline: must contain at least 2 different points
2026-08-27 17:30:55.776 WARN   Polyline: must contain at least 2 different points
2026-08-27 17:30:55.777 WARN   Polyline: must contain at least 2 different points
2026-08-27 17:30:55.777 WARN   Polyline: must contain at least 2 different points
2026-08-27 17:30:55.777 WARN   Polyline: must contain at least 2 different points
2026-08-27 17:30:55.777 WARN   Polyline: must contain at least 2 different points
2026-08-27 17:30:55.777 WARN   Polyline: must contain at least 2 different points
2026-08-27 17:30:55.777 WARN   Polyline: must contain at least 2 different points
2026-08-27 17:30:55.778 WARN   Polyline: must contain at least 2 different points
2026-08-27 17:30:55.778 WARN   Polyline: must contain at least 2 different points
2026-08-27 17:30:55.778 WARN   Polyline: must contain at least 2 different points
2026-08-27 17:30:55.778 WARN   Polyline: must contain at least 2 different points
2026-08-27 17:30:55.778 WARN   Polyline: must contain at least 2 different points
2026-08-27 17:30:55.778 WARN   Polyline: must contain at least 2 different points
2026-08-27 17:30:55.779 WARN   Polyline: must contain at least 2 different points
2026-08-27 17:30:55.779 WARN   Polyline: must contain at least 2 different points
2026-08-27 17:30:55.779 WARN   Polyline: must contain at least 2 different points
2026-08-27 17:30:55.779 WARN   Polyline: must contain at least 2 different points
2026-08-27 17:30:55.779 WARN   Polyline: must contain at least 2 different points
2026-08-27 17:30:55.779 WARN   Polyline: must contain at least 2 different points
2026-08-27 17:30:55.779 WARN   Polyline: must contain at least 2 different points
2026-08-27 17:30:55.780 WARN   Polyline: must contain at least 2 different points
2026-08-27 17:30:55.780 WARN   Polyline: must contain at least 2 different points
2026-08-27 17:30:55.780 WARN   Polyline: must contain at least 2 different points
2026-08-27 17:30:55.780 WARN   Polyline: must contain at least 2 different points
2026-08-27 17:30:55.780 WARN   Polyline: must contain at least 2 different points
2026-08-27 17:30:55.780 WARN   Polyline: must contain at least 2 different points
2026-08-27 17:30:55.780 WARN   Polyline: must contain at least 2 different points
2026-08-27 17:30:55.781 WARN   Polyline: must contain at least 2 different points
2026-08-27 17:30:55.781 WARN   Polyline: must contain at least 2 different points
2026-08-27 17:30:55.781 WARN   Polyline: must contain at least 2 different points
2026-08-27 17:30:55.781 WARN   Polyline: must contain at least 2 different points
2026-08-27 17:30:55.781 WARN   Polyline: must contain at least 2 different points
2026-08-27 17:30:55.781 WARN   Polyline: must contain at least 2 different points
2026-08-27 17:30:55.781 WARN   Polyline: must contain at least 2 different points
2026-08-27 17:30:55.782 WARN   Polyline: must contain at least 2 different points
2026-08-27 17:30:55.782 WARN   Polyline: must contain at least 2 different points
2026-08-27 17:30:55.782 WARN   Polyline: must contain at least 2 different points
2026-08-27 17:30:55.782 WARN   Polyline: must contain at least 2 different points
2026-08-27 17:30:55.782 WARN   Polyline: must contain at least 2 different points
2026-08-27 17:30:55.782 WARN   Polyline: must contain at least 2 different points
2026-08-27 17:30:55.783 WARN   Polyline: must contain at least 2 different points
2026-08-27 17:30:55.783 WARN   Polyline: must contain at least 2 different points
2026-08-27 17:30:55.783 WARN   Polyline: must contain at least 2 different points
2026-08-27 17:30:55.783 WARN   Polyline: must contain at least 2 different points
2026-08-27 17:30:55.783 WARN   Polyline: must contain at least 2 different points
2026-08-27 17:30:55.783 WARN   Polyline: must contain at least 2 different points
2026-08-27 17:30:55.783 WARN   Polyline: must contain at least 2 different points
2026-08-27 17:30:55.784 WARN   Polyline: must contain at least 2 different points
2026-08-27 17:30:55.784 WARN   Polyline: must contain at least 2 different points
2026-08-27 17:30:55.784 WARN   Polyline: must contain at least 2 different points
2026-08-27 17:30:55.784 WARN   Polyline: must contain at least 2 different points
2026-08-27 17:30:55.784 WARN   Polyline: must contain at least 2 different points
2026-08-27 17:30:55.784 WARN   Polyline: must contain at least 2 different points
2026-08-27 17:30:55.784 WARN   Polyline: must contain at least 2 different points
2026-08-27 17:30:55.785 WARN   Polyline: must contain at least 2 different points
2026-08-27 17:30:55.785 WARN   Polyline: must contain at least 2 different points
2026-08-27 17:30:55.785 WARN   Polyline: must contain at least 2 different points
2026-08-27 17:30:55.785 WARN   Polyline: must contain at least 2 different points
2026-08-27 17:30:55.785 WARN   Polyline: must contain at least 2 different points
2026-08-27 17:30:55.786 WARN   Polyline: must contain at least 2 different points
2026-08-27 17:30:55.786 WARN   Polyline: must contain at least 2 different points
2026-08-27 17:30:55.786 WARN   Polyline: must contain at least 2 different points
2026-08-27 17:30:55.786 WARN   Polyline: must contain at least 2 different points
2026-08-27 17:30:55.786 WARN   Polyline: must contain at least 2 different points
2026-08-27 17:30:55.787 WARN   Polyline: must contain at least 2 different points
2026-08-27 17:30:55.787 WARN   Polyline: must contain at least 2 different points
2026-08-27 17:30:55.787 WARN   Polyline: must contain at least 2 different points
2026-08-27 17:30:55.787 WARN   Polyline: must contain at least 2 different points
2026-08-27 17:30:55.787 WARN   Polyline: must contain at least 2 different points
2026-08-27 17:30:55.787 WARN   Polyline: must contain at least 2 different points
2026-08-27 17:30:55.787 WARN   Polyline: must contain at least 2 different points
2026-08-27 17:30:55.788 WARN   Polyline: must contain at least 2 different points
2026-08-27 17:30:55.788 WARN   Polyline: must contain at least 2 different points
2026-08-27 17:30:55.788 WARN   Polyline: must contain at least 2 different points
2026-08-27 17:30:55.788 WARN   Polyline: must contain at least 2 different points
2026-08-27 17:30:55.788 WARN   Polyline: must contain at least 2 different points
2026-08-27 17:30:55.788 WARN   Polyline: must contain at least 2 different points
2026-08-27 17:30:55.789 WARN   Polyline: must contain at least 2 different points
2026-08-27 17:30:55.789 WARN   Polyline: must contain at least 2 different points
2026-08-27 17:30:55.789 WARN   Polyline: must contain at least 2 different points
2026-08-27 17:30:55.789 WARN   Polyline: must contain at least 2 different points
2026-08-27 17:30:55.789 WARN   Polyline: must contain at least 2 different points
2026-08-27 17:30:55.789 WARN   Polyline: must contain at least 2 different points
2026-08-27 17:30:55.790 WARN   Polyline: must contain at least 2 different points
2026-08-27 17:30:55.790 WARN   Polyline: must contain at least 2 different points
2026-08-27 17:30:55.790 WARN   Polyline: must contain at least 2 different points
2026-08-27 17:30:55.790 WARN   Polyline: must contain at least 2 different points
2026-08-27 17:30:55.790 WARN   Polyline: must contain at least 2 different points
2026-08-27 17:30:55.790 WARN   Polyline: must contain at least 2 different points
2026-08-27 17:30:55.791 WARN   Polyline: must contain at least 2 different points
2026-08-27 17:30:55.791 WARN   Polyline: must contain at least 2 different points
2026-08-27 17:30:55.791 WARN   Polyline: must contain at least 2 different points
2026-08-27 17:30:55.791 WARN   Polyline: must contain at least 2 different points
2026-08-27 17:30:55.791 WARN   Polyline: must contain at least 2 different points
2026-08-27 17:30:55.792 WARN   Polyline: must contain at least 2 different points
2026-08-27 17:30:55.792 WARN   Polyline: must contain at least 2 different points
2026-08-27 17:30:55.792 WARN   Polyline: must contain at least 2 different points
2026-08-27 17:30:55.792 WARN   Polyline: must contain at least 2 different points
2026-08-27 17:30:55.792 WARN   Polyline: must contain at least 2 different points
2026-08-27 17:30:55.792 WARN   Polyline: must contain at least 2 different points
2026-08-27 17:30:55.793 WARN   Polyline: must contain at least 2 different points
2026-08-27 17:30:55.793 WARN   Polyline: must contain at least 2 different points
2026-08-27 17:30:55.793 WARN   Polyline: must contain at least 2 different points
2026-08-27 17:30:55.793 WARN   Polyline: must contain at least 2 different points
2026-08-27 17:30:55.793 WARN   Polyline: must contain at least 2 different points
2026-08-27 17:30:55.793 WARN   Polyline: must contain at least 2 different points
2026-08-27 17:30:55.794 WARN   Polyline: must contain at least 2 different points
2026-08-27 17:30:55.794 WARN   Polyline: must contain at least 2 different points
2026-08-27 17:30:55.794 WARN   Polyline: must contain at least 2 different points
2026-08-27 17:30:55.794 WARN   Polyline: must contain at least 2 different points
2026-08-27 17:30:55.794 WARN   Polyline: must contain at least 2 different points
2026-08-27 17:30:55.795 WARN   Polyline: must contain at least 2 different points
2026-08-27 17:30:55.795 WARN   Polyline: must contain at least 2 different points
2026-08-27 17:30:55.795 WARN   Polyline: must contain at least 2 different points
2026-08-27 17:30:55.795 WARN   Polyline: must contain at least 2 different points
2026-08-27 17:30:55.795 WARN   Polyline: must contain at least 2 different points
2026-08-27 17:30:55.795 WARN   Polyline: must contain at least 2 different points
2026-08-27 17:30:55.796 WARN   Polyline: must contain at least 2 different points
2026-08-27 17:30:55.796 WARN   Polyline: must contain at least 2 different points
2026-08-27 17:30:55.796 WARN   Polyline: must contain at least 2 different points
2026-08-27 17:30:55.796 WARN   Polyline: must contain at least 2 different points
2026-08-27 17:30:55.796 WARN   Polyline: must contain at least 2 different points
2026-08-27 17:30:55.797 WARN   Polyline: must contain at least 2 different points
2026-08-27 17:30:55.797 WARN   Polyline: must contain at least 2 different points
2026-08-27 17:30:55.797 WARN   Polyline: must contain at least 2 different points
2026-08-27 17:30:55.797 WARN   Polyline: must contain at least 2 different points
2026-08-27 17:30:55.797 WARN   Polyline: must contain at least 2 different points
2026-08-27 17:30:55.797 WARN   Polyline: must contain at least 2 different points
2026-08-27 17:30:55.798 WARN   Polyline: must contain at least 2 different points
2026-08-27 17:30:55.798 WARN   Polyline: must contain at least 2 different points
2026-08-27 17:30:55.798 WARN   Polyline: must contain at least 2 different points
2026-08-27 17:30:55.798 WARN   Polyline: must contain at least 2 different points
2026-08-27 17:30:55.798 WARN   Polyline: must contain at least 2 different points
2026-08-27 17:30:55.798 WARN   Polyline: must contain at least 2 different points
2026-08-27 17:30:55.799 WARN   Polyline: must contain at least 2 different points
2026-08-27 17:30:55.799 WARN   Polyline: must contain at least 2 different points
2026-08-27 17:30:55.799 WARN   Polyline: must contain at least 2 different points
2026-08-27 17:30:55.799 WARN   Polyline: must contain at least 2 different points
2026-08-27 17:30:55.800 WARN   Polyline: must contain at least 2 different points
2026-08-27 17:30:55.800 WARN   Polyline: must contain at least 2 different points
2026-08-27 17:30:55.800 WARN   Polyline: must contain at least 2 different points
2026-08-27 17:30:55.800 WARN   Polyline: must contain at least 2 different points
2026-08-27 17:30:55.800 WARN   Polyline: must contain at least 2 different points
2026-08-27 17:30:55.800 WARN   Polyline: must contain at least 2 different points
2026-08-27 17:30:55.801 WARN   Polyline: must contain at least 2 different points
2026-08-27 17:30:55.801 WARN   Polyline: must contain at least 2 different points
2026-08-27 17:30:55.801 WARN   Polyline: must contain at least 2 different points
2026-08-27 17:30:55.801 WARN   Polyline: must contain at least 2 different points
2026-08-27 17:30:55.801 WARN   Polyline: must contain at least 2 different points
2026-08-27 17:30:55.801 WARN   Polyline: must contain at least 2 different points
2026-08-27 17:30:55.802 WARN   Polyline: must contain at least 2 different points
2026-08-27 17:30:55.802 WARN   Polyline: must contain at least 2 different points
2026-08-27 17:30:55.802 WARN   Polyline: must contain at least 2 different points
2026-08-27 17:30:55.802 WARN   Polyline: must contain at least 2 different points
2026-08-27 17:30:55.802 WARN   Polyline: must contain at least 2 different points
2026-08-27 17:30:55.802 WARN   Polyline: must contain at least 2 different points
2026-08-27 17:30:55.803 WARN   Polyline: must contain at least 2 different points
2026-08-27 17:30:55.803 WARN   Polyline: must contain at least 2 different points
2026-08-27 17:30:55.803 WARN   Polyline: must contain at least 2 different points
2026-08-27 17:30:55.803 WARN   Polyline: must contain at least 2 different points
2026-08-27 17:30:55.803 WARN   Polyline: must contain at least 2 different points
2026-08-27 17:30:55.804 WARN   Polyline: must contain at least 2 different points
2026-08-27 17:30:55.804 WARN   Polyline: must contain at least 2 different points
2026-08-27 17:30:55.804 WARN   Polyline: must contain at least 2 different points
2026-08-27 17:30:55.804 WARN   Polyline: must contain at least 2 different points
2026-08-27 17:30:55.804 WARN   Polyline: must contain at least 2 different points
2026-08-27 17:30:55.804 WARN   Polyline: must contain at least 2 different points
2026-08-27 17:30:55.805 WARN   Polyline: must contain at least 2 different points
2026-08-27 17:30:55.805 WARN   Polyline: must contain at least 2 different points
2026-08-27 17:30:55.805 WARN   Polyline: must contain at least 2 different points
2026-08-27 17:30:55.805 WARN   Polyline: must contain at least 2 different points
2026-08-27 17:30:55.805 WARN   Polyline: must contain at least 2 different points
2026-08-27 17:30:55.805 WARN   Polyline: must contain at least 2 different points
2026-08-27 17:30:55.806 WARN   Polyline: must contain at least 2 different points
2026-08-27 17:30:55.806 WARN   Polyline: must contain at least 2 different points
2026-08-27 17:30:55.806 WARN   Polyline: must contain at least 2 different points
2026-08-27 17:30:55.806 WARN   Polyline: must contain at least 2 different points
2026-08-27 17:30:55.806 WARN   Polyline: must contain at least 2 different points
2026-08-27 17:30:55.806 WARN   Polyline: must contain at least 2 different points
2026-08-27 17:30:55.807 WARN   Polyline: must contain at least 2 different points
2026-08-27 17:30:55.807 WARN   Polyline: must contain at least 2 different points
2026-08-27 17:30:55.807 WARN   Polyline: must contain at least 2 different points
2026-08-27 17:30:55.807 WARN   Polyline: must contain at least 2 different points
2026-08-27 17:30:55.807 WARN   Polyline: must contain at least 2 different points
2026-08-27 17:30:55.807 WARN   Polyline: must contain at least 2 different points
2026-08-27 17:30:55.807 WARN   Polyline: must contain at least 2 different points
2026-08-27 17:30:55.808 WARN   Polyline: must contain at least 2 different points
2026-08-27 17:30:55.808 WARN   Polyline: must contain at least 2 different points
2026-08-27 17:30:55.808 WARN   Polyline: must contain at least 2 different points
2026-08-27 17:30:55.808 WARN   Polyline: must contain at least 2 different points
2026-08-27 17:30:55.808 WARN   Polyline: must contain at least 2 different points
2026-08-27 17:30:55.809 WARN   Polyline: must contain at least 2 different points
2026-08-27 17:30:55.809 WARN   Polyline: must contain at least 2 different points
2026-08-27 17:30:55.809 WARN   Polyline: must contain at least 2 different points
2026-08-27 17:30:55.809 WARN   Polyline: must contain at least 2 different points
2026-08-27 17:30:55.809 WARN   Polyline: must contain at least 2 different points
2026-08-27 17:30:55.809 WARN   Polyline: must contain at least 2 different points
2026-08-27 17:30:55.809 WARN   Polyline: must contain at least 2 different points
2026-08-27 17:30:55.810 WARN   Polyline: must contain at least 2 different points
2026-08-27 17:30:55.810 WARN   Polyline: must contain at least 2 different points
2026-08-27 17:30:55.810 WARN   Polyline: must contain at least 2 different points
2026-08-27 17:30:55.810 WARN   Polyline: must contain at least 2 different points
2026-08-27 17:30:55.810 WARN   Polyline: must contain at least 2 different points
2026-08-27 17:30:55.810 WARN   Polyline: must contain at least 2 different points
2026-08-27 17:30:55.811 WARN   Polyline: must contain at least 2 different points
2026-08-27 17:30:55.811 WARN   Polyline: must contain at least 2 different points
2026-08-27 17:30:55.811 WARN   Polyline: must contain at least 2 different points
2026-08-27 17:30:55.811 WARN   Polyline: must contain at least 2 different points
2026-08-27 17:30:55.811 WARN   Polyline: must contain at least 2 different points
2026-08-27 17:30:55.811 WARN   Polyline: must contain at least 2 different points
2026-08-27 17:30:55.812 WARN   Polyline: must contain at least 2 different points
2026-08-27 17:30:55.812 WARN   Polyline: must contain at least 2 different points
2026-08-27 17:30:55.812 WARN   Polyline: must contain at least 2 different points
2026-08-27 17:30:55.812 WARN   Polyline: must contain at least 2 different points
2026-08-27 17:30:55.812 WARN   Polyline: must contain at least 2 different points
2026-08-27 17:30:55.813 WARN   Polyline: must contain at least 2 different points
2026-08-27 17:30:55.813 WARN   Polyline: must contain at least 2 different points
2026-08-27 17:30:55.813 WARN   Polyline: must contain at least 2 different points
2026-08-27 17:30:55.813 WARN   Polyline: must contain at least 2 different points
2026-08-27 17:30:55.813 WARN   Polyline: must contain at least 2 different points
2026-08-27 17:30:55.813 WARN   Polyline: must contain at least 2 different points
2026-08-27 17:30:55.814 WARN   Polyline: must contain at least 2 different points
2026-08-27 17:30:55.814 WARN   Polyline: must contain at least 2 different points
2026-08-27 17:30:55.814 WARN   Polyline: must contain at least 2 different points
2026-08-27 17:30:55.814 WARN   Polyline: must contain at least 2 different points
2026-08-27 17:30:55.814 WARN   Polyline: must contain at least 2 different points
2026-08-27 17:30:55.814 WARN   Polyline: must contain at least 2 different points
2026-08-27 17:30:55.815 WARN   Polyline: must contain at least 2 different points
2026-08-27 17:30:55.815 WARN   Polyline: must contain at least 2 different points
2026-08-27 17:30:55.815 WARN   Polyline: must contain at least 2 different points
2026-08-27 17:30:55.815 WARN   Polyline: must contain at least 2 different points
2026-08-27 17:30:55.815 WARN   Polyline: must contain at least 2 different points
2026-08-27 17:30:55.815 WARN   Polyline: must contain at least 2 different points
2026-08-27 17:30:55.816 WARN   Polyline: must contain at least 2 different points
2026-08-27 17:30:55.816 WARN   Polyline: must contain at least 2 different points
2026-08-27 17:30:55.816 WARN   Polyline: must contain at least 2 different points
2026-08-27 17:30:55.816 WARN   Polyline: must contain at least 2 different points
2026-08-27 17:30:55.816 WARN   Polyline: must contain at least 2 different points
2026-08-27 17:30:55.817 WARN   Polyline: must contain at least 2 different points
2026-08-27 17:30:55.817 WARN   Polyline: must contain at least 2 different points
2026-08-27 17:30:55.817 WARN   Polyline: must contain at least 2 different points
2026-08-27 17:30:55.817 WARN   Polyline: must contain at least 2 different points
2026-08-27 17:30:55.817 WARN   Polyline: must contain at least 2 different points
2026-08-27 17:30:55.817 WARN   Polyline: must contain at least 2 different points
2026-08-27 17:30:55.818 WARN   Polyline: must contain at least 2 different points
2026-08-27 17:30:55.818 WARN   Polyline: must contain at least 2 different points
2026-08-27 17:30:55.818 WARN   Polyline: must contain at least 2 different points
2026-08-27 17:30:55.818 WARN   Polyline: must contain at least 2 different points
2026-08-27 17:30:55.818 WARN   Polyline: must contain at least 2 different points
2026-08-27 17:30:55.818 WARN   Polyline: must contain at least 2 different points
2026-08-27 17:30:55.819 WARN   Polyline: must contain at least 2 different points
2026-08-27 17:30:55.819 WARN   Polyline: must contain at least 2 different points
2026-08-27 17:30:55.819 WARN   Polyline: must contain at least 2 different points
2026-08-27 17:30:55.819 WARN   Polyline: must contain at least 2 different points
2026-08-27 17:30:55.819 WARN   Polyline: must contain at least 2 different points
2026-08-27 17:30:55.819 WARN   Polyline: must contain at least 2 different points
2026-08-27 17:30:55.820 WARN   Polyline: must contain at least 2 different points
2026-08-27 17:30:55.820 WARN   Polyline: must contain at least 2 different points
2026-08-27 17:30:55.820 WARN   Polyline: must contain at least 2 different points
2026-08-27 17:30:55.820 WARN   Polyline: must contain at least 2 different points
2026-08-27 17:30:55.820 WARN   Polyline: must contain at least 2 different points
2026-08-27 17:30:55.820 WARN   Polyline: must contain at least 2 different points
2026-08-27 17:30:55.821 WARN   Polyline: must contain at least 2 different points
2026-08-27 17:30:55.821 WARN   Polyline: must contain at least 2 different points
2026-08-27 17:30:55.821 WARN   Polyline: must contain at least 2 different points
2026-08-27 17:30:55.821 WARN   Polyline: must contain at least 2 different points
2026-08-27 17:30:55.821 WARN   Polyline: must contain at least 2 different points
2026-08-27 17:30:55.821 WARN   Polyline: must contain at least 2 different points
2026-08-27 17:30:55.822 WARN   Polyline: must contain at least 2 different points
2026-08-27 17:30:55.822 WARN   Polyline: must contain at least 2 different points
2026-08-27 17:30:55.822 WARN   Polyline: must contain at least 2 different points
2026-08-27 17:30:55.822 WARN   Polyline: must contain at least 2 different points
2026-08-27 17:30:55.822 WARN   Polyline: must contain at least 2 different points
2026-08-27 17:30:55.822 WARN   Polyline: must contain at least 2 different points
2026-08-27 17:30:55.823 WARN   Polyline: must contain at least 2 different points
2026-08-27 17:30:55.823 WARN   Polyline: must contain at least 2 different points
2026-08-27 17:30:55.823 WARN   Polyline: must contain at least 2 different points
2026-08-27 17:30:55.823 WARN   Polyline: must contain at least 2 different points
2026-08-27 17:30:55.823 WARN   Polyline: must contain at least 2 different points
2026-08-27 17:30:55.823 WARN   Polyline: must contain at least 2 different points
2026-08-27 17:30:55.824 WARN   Polyline: must contain at least 2 different points
2026-08-27 17:30:55.824 WARN   Polyline: must contain at least 2 different points
2026-08-27 17:30:55.824 WARN   Polyline: must contain at least 2 different points
2026-08-27 17:30:55.824 WARN   Polyline: must contain at least 2 different points
2026-08-27 17:30:55.824 WARN   Polyline: must contain at least 2 different points
2026-08-27 17:30:55.824 WARN   Polyline: must contain at least 2 different points
2026-08-27 17:30:55.825 WARN   Polyline: must contain at least 2 different points
2026-08-27 17:30:55.825 WARN   Polyline: must contain at least 2 different points
2026-08-27 17:30:55.825 WARN   Polyline: must contain at least 2 different points
2026-08-27 17:30:55.825 WARN   Polyline: must contain at least 2 different points
2026-08-27 17:30:55.825 WARN   Polyline: must contain at least 2 different points
2026-08-27 17:30:55.826 WARN   Polyline: must contain at least 2 different points
2026-08-27 17:30:55.826 WARN   Polyline: must contain at least 2 different points
2026-08-27 17:30:55.826 WARN   Polyline: must contain at least 2 different points
2026-08-27 17:30:55.826 WARN   Polyline: must contain at least 2 different points
2026-08-27 17:30:55.826 WARN   Polyline: must contain at least 2 different points
2026-08-27 17:30:55.826 WARN   Polyline: must contain at least 2 different points
2026-08-27 17:30:55.827 WARN   Polyline: must contain at least 2 different points
2026-08-27 17:30:55.827 WARN   Polyline: must contain at least 2 different points
2026-08-27 17:30:55.827 WARN   Polyline: must contain at least 2 different points
2026-08-27 17:30:55.827 WARN   Polyline: must contain at least 2 different points
2026-08-27 17:30:55.827 WARN   Polyline: must contain at least 2 different points
2026-08-27 17:30:55.827 WARN   Polyline: must contain at least 2 different points
2026-08-27 17:30:55.828 WARN   Polyline: must contain at least 2 different points
2026-08-27 17:30:55.828 WARN   Polyline: must contain at least 2 different points
2026-08-27 17:30:55.828 WARN   Polyline: must contain at least 2 different points
2026-08-27 17:30:55.828 WARN   Polyline: must contain at least 2 different points
2026-08-27 17:30:55.828 WARN   Polyline: must contain at least 2 different points
2026-08-27 17:30:55.829 WARN   Polyline: must contain at least 2 different points
2026-08-27 17:30:55.829 WARN   Polyline: must contain at least 2 different points
2026-08-27 17:30:55.829 WARN   Polyline: must contain at least 2 different points
2026-08-27 17:30:55.829 WARN   Polyline: must contain at least 2 different points
2026-08-27 17:30:55.829 WARN   Polyline: must contain at least 2 different points
2026-08-27 17:30:55.829 WARN   Polyline: must contain at least 2 different points
2026-08-27 17:30:55.830 WARN   Polyline: must contain at least 2 different points
2026-08-27 17:30:55.830 WARN   Polyline: must contain at least 2 different points
2026-08-27 17:30:55.830 WARN   Polyline: must contain at least 2 different points
2026-08-27 17:30:55.830 WARN   Polyline: must contain at least 2 different points
2026-08-27 17:30:55.830 WARN   Polyline: must contain at least 2 different points
2026-08-27 17:30:55.830 WARN   Polyline: must contain at least 2 different points
2026-08-27 17:30:55.831 WARN   Polyline: must contain at least 2 different points
2026-08-27 17:30:55.831 WARN   Polyline: must contain at least 2 different points
2026-08-27 17:30:55.831 WARN   Polyline: must contain at least 2 different points
2026-08-27 17:30:55.831 WARN   Polyline: must contain at least 2 different points
2026-08-27 17:30:55.831 WARN   Polyline: must contain at least 2 different points
2026-08-27 17:30:55.831 WARN   Polyline: must contain at least 2 different points
2026-08-27 17:30:55.832 WARN   Polyline: must contain at least 2 different points
2026-08-27 17:30:55.832 WARN   Polyline: must contain at least 2 different points
2026-08-27 17:30:55.832 WARN   Polyline: must contain at least 2 different points
2026-08-27 17:30:55.832 WARN   Polyline: must contain at least 2 different points
2026-08-27 17:30:55.832 WARN   Polyline: must contain at least 2 different points
2026-08-27 17:30:55.832 WARN   Polyline: must contain at least 2 different points
2026-08-27 17:30:55.833 WARN   Polyline: must contain at least 2 different points
2026-08-27 17:30:55.833 WARN   Polyline: must contain at least 2 different points
2026-08-27 17:30:55.833 WARN   Polyline: must contain at least 2 different points
2026-08-27 17:30:55.837 WARN   Polyline: must contain at least 2 different points
2026-08-27 17:30:55.837 WARN   Polyline: must contain at least 2 different points
2026-08-27 17:30:55.837 WARN   Polyline: must contain at least 2 different points
2026-08-27 17:30:55.838 WARN   Polyline: must contain at least 2 different points
2026-08-27 17:30:55.838 WARN   Polyline: must contain at least 2 different points
2026-08-27 17:30:55.838 WARN   Polyline: must contain at least 2 different points
2026-08-27 17:30:55.838 WARN   Polyline: must contain at least 2 different points
2026-08-27 17:30:55.838 WARN   Polyline: must contain at least 2 different points
2026-08-27 17:30:55.838 WARN   Polyline: must contain at least 2 different points
2026-08-27 17:30:55.839 WARN   Polyline: must contain at least 2 different points
2026-08-27 17:30:55.839 WARN   Polyline: must contain at least 2 different points
2026-08-27 17:30:55.839 WARN   Polyline: must contain at least 2 different points
2026-08-27 17:30:55.839 WARN   Polyline: must contain at least 2 different points
2026-08-27 17:30:55.839 WARN   Polyline: must contain at least 2 different points
2026-08-27 17:30:55.839 WARN   Polyline: must contain at least 2 different points
2026-08-27 17:30:55.839 WARN   Polyline: must contain at least 2 different points
2026-08-27 17:30:55.840 WARN   Polyline: must contain at least 2 different points
2026-08-27 17:30:55.840 WARN   Polyline: must contain at least 2 different points
2026-08-27 17:30:55.840 WARN   Polyline: must contain at least 2 different points
2026-08-27 17:30:55.840 WARN   Polyline: must contain at least 2 different points
2026-08-27 17:30:55.840 WARN   Polyline: must contain at least 2 different points
2026-08-27 17:30:55.840 WARN   Polyline: must contain at least 2 different points
2026-08-27 17:30:55.841 WARN   Polyline: must contain at least 2 different points
2026-08-27 17:30:55.841 WARN   Polyline: must contain at least 2 different points
2026-08-27 17:30:55.841 WARN   Polyline: must contain at least 2 different points
2026-08-27 17:30:55.841 WARN   Polyline: must contain at least 2 different points
2026-08-27 17:30:55.841 WARN   Polyline: must contain at least 2 different points
2026-08-27 17:30:55.841 WARN   Polyline: must contain at least 2 different points
2026-08-27 17:30:55.842 WARN   Polyline: must contain at least 2 different points
2026-08-27 17:30:55.842 WARN   Polyline: must contain at least 2 different points
2026-08-27 17:30:55.842 WARN   Polyline: must contain at least 2 different points
2026-08-27 17:30:55.842 WARN   Polyline: must contain at least 2 different points
2026-08-27 17:30:55.842 WARN   Polyline: must contain at least 2 different points
2026-08-27 17:30:55.842 WARN   Polyline: must contain at least 2 different points
2026-08-27 17:30:55.843 WARN   Polyline: must contain at least 2 different points
2026-08-27 17:30:55.843 WARN   Polyline: must contain at least 2 different points
2026-08-27 17:30:55.843 WARN   Polyline: must contain at least 2 different points
2026-08-27 17:30:55.843 WARN   Polyline: must contain at least 2 different points
2026-08-27 17:30:55.843 WARN   Polyline: must contain at least 2 different points
2026-08-27 17:30:55.843 WARN   Polyline: must contain at least 2 different points
2026-08-27 17:30:55.844 WARN   Polyline: must contain at least 2 different points
2026-08-27 17:30:55.844 WARN   Polyline: must contain at least 2 different points
2026-08-27 17:30:55.844 WARN   Polyline: must contain at least 2 different points
2026-08-27 17:30:55.844 WARN   Polyline: must contain at least 2 different points
2026-08-27 17:30:55.844 WARN   Polyline: must contain at least 2 different points
2026-08-27 17:30:55.844 WARN   Polyline: must contain at least 2 different points
2026-08-27 17:30:55.845 WARN   Polyline: must contain at least 2 different points
2026-08-27 17:30:55.845 WARN   Polyline: must contain at least 2 different points
2026-08-27 17:30:55.845 WARN   Polyline: must contain at least 2 different points
2026-08-27 17:30:55.845 WARN   Polyline: must contain at least 2 different points
2026-08-27 17:30:55.845 WARN   Polyline: must contain at least 2 different points
2026-08-27 17:30:55.845 WARN   Polyline: must contain at least 2 different points
2026-08-27 17:30:55.846 WARN   Polyline: must contain at least 2 different points
2026-08-27 17:30:55.846 WARN   Polyline: must contain at least 2 different points
2026-08-27 17:30:55.846 WARN   Polyline: must contain at least 2 different points
2026-08-27 17:30:55.846 WARN   Polyline: must contain at least 2 different points
2026-08-27 17:30:55.846 WARN   Polyline: must contain at least 2 different points
2026-08-27 17:30:55.846 WARN   Polyline: must contain at least 2 different points
2026-08-27 17:30:55.847 WARN   Polyline: must contain at least 2 different points
2026-08-27 17:30:55.847 WARN   Polyline: must contain at least 2 different points
2026-08-27 17:30:55.847 WARN   Polyline: must contain at least 2 different points
2026-08-27 17:30:55.847 WARN   Polyline: must contain at least 2 different points
2026-08-27 17:30:55.847 WARN   Polyline: must contain at least 2 different points
2026-08-27 17:30:55.847 WARN   Polyline: must contain at least 2 different points
2026-08-27 17:30:55.848 WARN   Polyline: must contain at least 2 different points
2026-08-27 17:30:55.848 WARN   Polyline: must contain at least 2 different points
2026-08-27 17:30:55.848 WARN   Polyline: must contain at least 2 different points
2026-08-27 17:30:55.848 WARN   Polyline: must contain at least 2 different points
2026-08-27 17:30:55.848 WARN   Polyline: must contain at least 2 different points
2026-08-27 17:30:55.848 WARN   Polyline: must contain at least 2 different points
2026-08-27 17:30:55.849 WARN   Polyline: must contain at least 2 different points
2026-08-27 17:30:55.849 WARN   Polyline: must contain at least 2 different points
2026-08-27 17:30:55.849 WARN   Polyline: must contain at least 2 different points
2026-08-27 17:30:55.849 WARN   Polyline: must contain at least 2 different points
2026-08-27 17:30:55.849 WARN   Polyline: must contain at least 2 different points
2026-08-27 17:30:55.849 WARN   Polyline: must contain at least 2 different points
2026-08-27 17:30:55.850 WARN   Polyline: must contain at least 2 different points
2026-08-27 17:30:55.850 WARN   Polyline: must contain at least 2 different points
2026-08-27 17:30:55.850 WARN   Polyline: must contain at least 2 different points
2026-08-27 17:30:55.850 WARN   Polyline: must contain at least 2 different points
2026-08-27 17:30:55.850 WARN   Polyline: must contain at least 2 different points
2026-08-27 17:30:55.851 WARN   Polyline: must contain at least 2 different points
2026-08-27 17:30:55.851 WARN   Polyline: must contain at least 2 different points
2026-08-27 17:30:55.851 WARN   Polyline: must contain at least 2 different points
2026-08-27 17:30:55.851 WARN   Polyline: must contain at least 2 different points
2026-08-27 17:30:55.851 WARN   Polyline: must contain at least 2 different points
2026-08-27 17:30:55.851 WARN   Polyline: must contain at least 2 different points
2026-08-27 17:30:55.852 WARN   Polyline: must contain at least 2 different points
2026-08-27 17:30:55.852 WARN   Polyline: must contain at least 2 different points
2026-08-27 17:30:55.852 WARN   Polyline: must contain at least 2 different points
2026-08-27 17:30:55.852 WARN   Polyline: must contain at least 2 different points
2026-08-27 17:30:55.852 WARN   Polyline: must contain at least 2 different points
2026-08-27 17:30:55.852 WARN   Polyline: must contain at least 2 different points
2026-08-27 17:30:55.853 WARN   Polyline: must contain at least 2 different points
2026-08-27 17:30:55.853 WARN   Polyline: must contain at least 2 different points
2026-08-27 17:30:55.853 WARN   Polyline: must contain at least 2 different points
2026-08-27 17:30:55.853 WARN   Polyline: must contain at least 2 different points
2026-08-27 17:30:55.853 WARN   Polyline: must contain at least 2 different points
2026-08-27 17:30:55.853 WARN   Polyline: must contain at least 2 different points
2026-08-27 17:30:55.854 WARN   Polyline: must contain at least 2 different points
2026-08-27 17:30:55.854 WARN   Polyline: must contain at least 2 different points
2026-08-27 17:30:55.854 WARN   Polyline: must contain at least 2 different points
2026-08-27 17:30:55.854 WARN   Polyline: must contain at least 2 different points
2026-08-27 17:30:55.854 WARN   Polyline: must contain at least 2 different points
2026-08-27 17:30:55.854 WARN   Polyline: must contain at least 2 different points
2026-08-27 17:30:55.855 WARN   Polyline: must contain at least 2 different points
2026-08-27 17:30:55.855 WARN   Polyline: must contain at least 2 different points
2026-08-27 17:30:55.855 WARN   Polyline: must contain at least 2 different points
2026-08-27 17:30:55.855 WARN   Polyline: must contain at least 2 different points
2026-08-27 17:30:55.855 WARN   Polyline: must contain at least 2 different points
2026-08-27 17:30:55.855 WARN   Polyline: must contain at least 2 different points
2026-08-27 17:30:55.855 WARN   Polyline: must contain at least 2 different points
2026-08-27 17:30:55.856 WARN   Polyline: must contain at least 2 different points
2026-08-27 17:30:55.856 WARN   Polyline: must contain at least 2 different points
2026-08-27 17:30:55.856 WARN   Polyline: must contain at least 2 different points
2026-08-27 17:30:55.856 WARN   Polyline: must contain at least 2 different points
2026-08-27 17:30:55.856 WARN   Polyline: must contain at least 2 different points
2026-08-27 17:30:55.857 WARN   Polyline: must contain at least 2 different points
2026-08-27 17:30:55.857 WARN   Polyline: must contain at least 2 different points
2026-08-27 17:30:55.857 WARN   Polyline: must contain at least 2 different points
2026-08-27 17:30:55.857 WARN   Polyline: must contain at least 2 different points
2026-08-27 17:30:55.857 WARN   Polyline: must contain at least 2 different points
2026-08-27 17:30:55.857 WARN   Polyline: must contain at least 2 different points
2026-08-27 17:30:55.858 WARN   Polyline: must contain at least 2 different points
2026-08-27 17:30:55.858 WARN   Polyline: must contain at least 2 different points
2026-08-27 17:30:55.858 WARN   Polyline: must contain at least 2 different points
2026-08-27 17:30:55.858 WARN   Polyline: must contain at least 2 different points
2026-08-27 17:30:55.858 WARN   Polyline: must contain at least 2 different points
2026-08-27 17:30:55.858 WARN   Polyline: must contain at least 2 different points
2026-08-27 17:30:55.858 WARN   Polyline: must contain at least 2 different points
2026-08-27 17:30:55.859 WARN   Polyline: must contain at least 2 different points
2026-08-27 17:30:55.859 WARN   Polyline: must contain at least 2 different points
2026-08-27 17:30:55.859 WARN   Polyline: must contain at least 2 different points
2026-08-27 17:30:55.859 WARN   Polyline: must contain at least 2 different points
2026-08-27 17:30:55.859 WARN   Polyline: must contain at least 2 different points
2026-08-27 17:30:55.859 WARN   Polyline: must contain at least 2 different points
2026-08-27 17:30:55.860 WARN   Polyline: must contain at least 2 different points
2026-08-27 17:30:55.860 WARN   Polyline: must contain at least 2 different points
2026-08-27 17:30:55.860 WARN   Polyline: must contain at least 2 different points
2026-08-27 17:30:55.860 WARN   Polyline: must contain at least 2 different points
2026-08-27 17:30:55.860 WARN   Polyline: must contain at least 2 different points
2026-08-27 17:30:55.860 WARN   Polyline: must contain at least 2 different points
2026-08-27 17:30:55.861 WARN   Polyline: must contain at least 2 different points
2026-08-27 17:30:55.861 WARN   Polyline: must contain at least 2 different points
2026-08-27 17:30:55.861 WARN   Polyline: must contain at least 2 different points
2026-08-27 17:30:55.861 WARN   Polyline: must contain at least 2 different points
2026-08-27 17:30:55.861 WARN   Polyline: must contain at least 2 different points
2026-08-27 17:30:55.861 WARN   Polyline: must contain at least 2 different points
2026-08-27 17:30:55.862 WARN   Polyline: must contain at least 2 different points
2026-08-27 17:30:55.862 WARN   Polyline: must contain at least 2 different points
2026-08-27 17:30:55.862 WARN   Polyline: must contain at least 2 different points
2026-08-27 17:30:55.862 WARN   Polyline: must contain at least 2 different points
2026-08-27 17:30:55.862 WARN   Polyline: must contain at least 2 different points
2026-08-27 17:30:55.862 WARN   Polyline: must contain at least 2 different points
2026-08-27 17:30:55.863 WARN   Polyline: must contain at least 2 different points
2026-08-27 17:30:55.863 WARN   Polyline: must contain at least 2 different points
2026-08-27 17:30:55.863 WARN   Polyline: must contain at least 2 different points
2026-08-27 17:30:55.863 WARN   Polyline: must contain at least 2 different points
2026-08-27 17:30:55.863 WARN   Polyline: must contain at least 2 different points
2026-08-27 17:30:55.863 WARN   Polyline: must contain at least 2 different points
2026-08-27 17:30:55.864 WARN   Polyline: must contain at least 2 different points
2026-08-27 17:30:55.864 WARN   Polyline: must contain at least 2 different points
2026-08-27 17:30:55.864 WARN   Polyline: must contain at least 2 different points
2026-08-27 17:30:55.864 WARN   Polyline: must contain at least 2 different points
2026-08-27 17:30:55.864 WARN   Polyline: must contain at least 2 different points
2026-08-27 17:30:55.864 WARN   Polyline: must contain at least 2 different points
2026-08-27 17:30:55.865 WARN   Polyline: must contain at least 2 different points
2026-08-27 17:30:55.865 WARN   Polyline: must contain at least 2 different points
2026-08-27 17:30:55.865 WARN   Polyline: must contain at least 2 different points
2026-08-27 17:30:55.865 WARN   Polyline: must contain at least 2 different points
2026-08-27 17:30:55.865 WARN   Polyline: must contain at least 2 different points
2026-08-27 17:30:55.865 WARN   Polyline: must contain at least 2 different points
2026-08-27 17:30:55.865 WARN   Polyline: must contain at least 2 different points
2026-08-27 17:30:55.866 WARN   Polyline: must contain at least 2 different points
2026-08-27 17:30:55.866 WARN   Polyline: must contain at least 2 different points
2026-08-27 17:30:55.866 WARN   Polyline: must contain at least 2 different points
2026-08-27 17:30:55.866 WARN   Polyline: must contain at least 2 different points
2026-08-27 17:30:55.866 WARN   Polyline: must contain at least 2 different points
2026-08-27 17:30:55.866 WARN   Polyline: must contain at least 2 different points
2026-08-27 17:30:55.867 WARN   Polyline: must contain at least 2 different points
2026-08-27 17:30:55.867 WARN   Polyline: must contain at least 2 different points
2026-08-27 17:30:55.867 WARN   Polyline: must contain at least 2 different points
2026-08-27 17:30:55.867 WARN   Polyline: must contain at least 2 different points
2026-08-27 17:30:55.867 WARN   Polyline: must contain at least 2 different points
2026-08-27 17:30:55.867 WARN   Polyline: must contain at least 2 different points
2026-08-27 17:30:55.867 WARN   Polyline: must contain at least 2 different points
2026-08-27 17:30:55.868 WARN   Polyline: must contain at least 2 different points
2026-08-27 17:30:55.868 WARN   Polyline: must contain at least 2 different points
2026-08-27 17:30:55.868 WARN   Polyline: must contain at least 2 different points
2026-08-27 17:30:55.868 WARN   Polyline: must contain at least 2 different points
2026-08-27 17:30:55.868 WARN   Polyline: must contain at least 2 different points
2026-08-27 17:30:55.868 WARN   Polyline: must contain at least 2 different points
2026-08-27 17:30:55.869 WARN   Polyline: must contain at least 2 different points
2026-08-27 17:30:55.869 WARN   Polyline: must contain at least 2 different points
2026-08-27 17:30:55.869 WARN   Polyline: must contain at least 2 different points
2026-08-27 17:30:55.869 WARN   Polyline: must contain at least 2 different points
2026-08-27 17:30:55.869 WARN   Polyline: must contain at least 2 different points
2026-08-27 17:30:55.869 WARN   Polyline: must contain at least 2 different points
2026-08-27 17:30:55.870 WARN   Polyline: must contain at least 2 different points
2026-08-27 17:30:55.870 WARN   Polyline: must contain at least 2 different points
2026-08-27 17:30:55.870 WARN   Polyline: must contain at least 2 different points
2026-08-27 17:30:55.870 WARN   Polyline: must contain at least 2 different points
2026-08-27 17:30:55.870 WARN   Polyline: must contain at least 2 different points
2026-08-27 17:30:55.870 WARN   Polyline: must contain at least 2 different points
2026-08-27 17:30:55.871 WARN   Polyline: must contain at least 2 different points
2026-08-27 17:30:55.871 WARN   Polyline: must contain at least 2 different points
2026-08-27 17:30:55.871 WARN   Polyline: must contain at least 2 different points
2026-08-27 17:30:55.871 WARN   Polyline: must contain at least 2 different points
2026-08-27 17:30:55.871 WARN   Polyline: must contain at least 2 different points
2026-08-27 17:30:55.871 WARN   Polyline: must contain at least 2 different points
2026-08-27 17:30:55.871 WARN   Polyline: must contain at least 2 different points
2026-08-27 17:30:55.872 WARN   Polyline: must contain at least 2 different points
2026-08-27 17:30:55.872 WARN   Polyline: must contain at least 2 different points
2026-08-27 17:30:55.872 WARN   Polyline: must contain at least 2 different points
2026-08-27 17:30:55.872 WARN   Polyline: must contain at least 2 different points
2026-08-27 17:30:55.872 WARN   Polyline: must contain at least 2 different points
2026-08-27 17:30:55.872 WARN   Polyline: must contain at least 2 different points
2026-08-27 17:30:55.873 WARN   Polyline: must contain at least 2 different points
2026-08-27 17:30:55.873 WARN   Polyline: must contain at least 2 different points
2026-08-27 17:30:55.873 WARN   Polyline: must contain at least 2 different points
2026-08-27 17:30:55.873 WARN   Polyline: must contain at least 2 different points
2026-08-27 17:30:55.873 WARN   Polyline: must contain at least 2 different points
2026-08-27 17:30:55.873 WARN   Polyline: must contain at least 2 different points
2026-08-27 17:30:55.874 WARN   Polyline: must contain at least 2 different points
2026-08-27 17:30:55.874 WARN   Polyline: must contain at least 2 different points
2026-08-27 17:30:55.874 WARN   Polyline: must contain at least 2 different points
2026-08-27 17:30:55.874 WARN   Polyline: must contain at least 2 different points
2026-08-27 17:30:55.874 WARN   Polyline: must contain at least 2 different points
2026-08-27 17:30:55.874 WARN   Polyline: must contain at least 2 different points
2026-08-27 17:30:55.874 WARN   Polyline: must contain at least 2 different points
2026-08-27 17:30:55.875 WARN   Polyline: must contain at least 2 different points
2026-08-27 17:30:55.875 WARN   Polyline: must contain at least 2 different points
2026-08-27 17:30:55.875 WARN   Polyline: must contain at least 2 different points
2026-08-27 17:30:55.875 WARN   Polyline: must contain at least 2 different points
2026-08-27 17:30:55.875 WARN   Polyline: must contain at least 2 different points
2026-08-27 17:30:55.875 WARN   Polyline: must contain at least 2 different points
2026-08-27 17:30:55.876 WARN   Polyline: must contain at least 2 different points
2026-08-27 17:30:55.876 WARN   Polyline: must contain at least 2 different points
2026-08-27 17:30:55.876 WARN   Polyline: must contain at least 2 different points
2026-08-27 17:30:55.876 WARN   Polyline: must contain at least 2 different points
2026-08-27 17:30:55.876 WARN   Polyline: must contain at least 2 different points
2026-08-27 17:30:55.876 WARN   Polyline: must contain at least 2 different points
2026-08-27 17:30:55.877 WARN   Polyline: must contain at least 2 different points
2026-08-27 17:30:55.877 WARN   Polyline: must contain at least 2 different points
2026-08-27 17:30:55.877 WARN   Polyline: must contain at least 2 different points
2026-08-27 17:30:55.877 WARN   Polyline: must contain at least 2 different points
2026-08-27 17:30:55.877 WARN   Polyline: must contain at least 2 different points
2026-08-27 17:30:55.877 WARN   Polyline: must contain at least 2 different points
2026-08-27 17:30:55.878 WARN   Polyline: must contain at least 2 different points
2026-08-27 17:30:55.878 WARN   Polyline: must contain at least 2 different points
2026-08-27 17:30:55.878 WARN   Polyline: must contain at least 2 different points
2026-08-27 17:30:55.878 WARN   Polyline: must contain at least 2 different points
2026-08-27 17:30:55.878 WARN   Polyline: must contain at least 2 different points
2026-08-27 17:30:55.878 WARN   Polyline: must contain at least 2 different points
2026-08-27 17:30:55.878 WARN   Polyline: must contain at least 2 different points
2026-08-27 17:30:55.879 WARN   Polyline: must contain at least 2 different points
2026-08-27 17:30:55.879 WARN   Polyline: must contain at least 2 different points
2026-08-27 17:30:55.879 WARN   Polyline: must contain at least 2 different points
2026-08-27 17:30:55.879 WARN   Polyline: must contain at least 2 different points
2026-08-27 17:30:55.879 WARN   Polyline: must contain at least 2 different points
2026-08-27 17:30:55.879 WARN   Polyline: must contain at least 2 different points
2026-08-27 17:30:55.880 WARN   Polyline: must contain at least 2 different points
2026-08-27 17:30:55.880 WARN   Polyline: must contain at least 2 different points
2026-08-27 17:30:55.880 WARN   Polyline: must contain at least 2 different points
2026-08-27 17:30:55.880 WARN   Polyline: must contain at least 2 different points
2026-08-27 17:30:55.880 WARN   Polyline: must contain at least 2 different points
2026-08-27 17:30:55.880 WARN   Polyline: must contain at least 2 different points
2026-08-27 17:30:55.880 WARN   Polyline: must contain at least 2 different points
2026-08-27 17:30:55.881 WARN   Polyline: must contain at least 2 different points
2026-08-27 17:30:55.881 WARN   Polyline: must contain at least 2 different points
2026-08-27 17:30:55.881 WARN   Polyline: must contain at least 2 different points
2026-08-27 17:30:55.881 WARN   Polyline: must contain at least 2 different points
2026-08-27 17:30:55.881 WARN   Polyline: must contain at least 2 different points
2026-08-27 17:30:55.882 WARN   Polyline: must contain at least 2 different points
2026-08-27 17:30:55.882 WARN   Polyline: must contain at least 2 different points
2026-08-27 17:30:55.882 WARN   Polyline: must contain at least 2 different points
2026-08-27 17:30:55.882 WARN   Polyline: must contain at least 2 different points
2026-08-27 17:30:55.882 WARN   Polyline: must contain at least 2 different points
2026-08-27 17:30:55.882 WARN   Polyline: must contain at least 2 different points
2026-08-27 17:30:55.882 WARN   Polyline: must contain at least 2 different points
2026-08-27 17:30:55.883 WARN   Polyline: must contain at least 2 different points
2026-08-27 17:30:55.883 WARN   Polyline: must contain at least 2 different points
2026-08-27 17:30:55.883 WARN   Polyline: must contain at least 2 different points
2026-08-27 17:30:55.883 WARN   Polyline: must contain at least 2 different points
2026-08-27 17:30:55.883 WARN   Polyline: must contain at least 2 different points
2026-08-27 17:30:55.883 WARN   Polyline: must contain at least 2 different points
2026-08-27 17:30:55.884 WARN   Polyline: must contain at least 2 different points
2026-08-27 17:30:55.884 WARN   Polyline: must contain at least 2 different points
2026-08-27 17:30:55.884 WARN   Polyline: must contain at least 2 different points
2026-08-27 17:30:55.884 WARN   Polyline: must contain at least 2 different points
2026-08-27 17:30:55.884 WARN   Polyline: must contain at least 2 different points
2026-08-27 17:30:55.884 WARN   Polyline: must contain at least 2 different points
2026-08-27 17:30:55.885 WARN   Polyline: must contain at least 2 different points
2026-08-27 17:30:55.885 WARN   Polyline: must contain at least 2 different points
2026-08-27 17:30:55.885 WARN   Polyline: must contain at least 2 different points
2026-08-27 17:30:55.885 WARN   Polyline: must contain at least 2 different points
2026-08-27 17:30:55.885 WARN   Polyline: must contain at least 2 different points
2026-08-27 17:30:55.885 WARN   Polyline: must contain at least 2 different points
2026-08-27 17:30:55.886 WARN   Polyline: must contain at least 2 different points
2026-08-27 17:30:55.886 WARN   Polyline: must contain at least 2 different points
2026-08-27 17:30:55.886 WARN   Polyline: must contain at least 2 different points
2026-08-27 17:30:55.886 WARN   Polyline: must contain at least 2 different points
2026-08-27 17:30:55.886 WARN   Polyline: must contain at least 2 different points
2026-08-27 17:30:55.886 WARN   Polyline: must contain at least 2 different points
2026-08-27 17:30:55.887 WARN   Polyline: must contain at least 2 different points
2026-08-27 17:30:55.887 WARN   Polyline: must contain at least 2 different points
2026-08-27 17:30:55.887 WARN   Polyline: must contain at least 2 different points
2026-08-27 17:30:55.887 WARN   Polyline: must contain at least 2 different points
2026-08-27 17:30:55.887 WARN   Polyline: must contain at least 2 different points
2026-08-27 17:30:55.887 WARN   Polyline: must contain at least 2 different points
2026-08-27 17:30:55.887 WARN   Polyline: must contain at least 2 different points
2026-08-27 17:30:55.888 WARN   Polyline: must contain at least 2 different points
2026-08-27 17:30:55.888 WARN   Polyline: must contain at least 2 different points
2026-08-27 17:30:55.888 WARN   Polyline: must contain at least 2 different points
2026-08-27 17:30:55.888 WARN   Polyline: must contain at least 2 different points
2026-08-27 17:30:55.888 WARN   Polyline: must contain at least 2 different points
2026-08-27 17:30:55.888 WARN   Polyline: must contain at least 2 different points
2026-08-27 17:30:55.889 WARN   Polyline: must contain at least 2 different points
2026-08-27 17:30:55.889 WARN   Polyline: must contain at least 2 different points
2026-08-27 17:30:55.889 WARN   Polyline: must contain at least 2 different points
2026-08-27 17:30:55.889 WARN   Polyline: must contain at least 2 different points
2026-08-27 17:30:55.889 WARN   Polyline: must contain at least 2 different points
2026-08-27 17:30:55.889 WARN   Polyline: must contain at least 2 different points
2026-08-27 17:30:55.890 WARN   Polyline: must contain at least 2 different points
2026-08-27 17:30:55.890 WARN   Polyline: must contain at least 2 different points
2026-08-27 17:30:55.890 WARN   Polyline: must contain at least 2 different points
2026-08-27 17:30:55.890 WARN   Polyline: must contain at least 2 different points
2026-08-27 17:30:55.890 WARN   Polyline: must contain at least 2 different points
2026-08-27 17:30:55.890 WARN   Polyline: must contain at least 2 different points
2026-08-27 17:30:55.891 WARN   Polyline: must contain at least 2 different points
2026-08-27 17:30:55.891 WARN   Polyline: must contain at least 2 different points
2026-08-27 17:30:55.891 WARN   Polyline: must contain at least 2 different points
2026-08-27 17:30:55.891 WARN   Polyline: must contain at least 2 different points
2026-08-27 17:30:55.891 WARN   Polyline: must contain at least 2 different points
2026-08-27 17:30:55.891 WARN   Polyline: must contain at least 2 different points
2026-08-27 17:30:55.892 WARN   Polyline: must contain at least 2 different points
2026-08-27 17:30:55.892 WARN   Polyline: must contain at least 2 different points
2026-08-27 17:30:55.892 WARN   Polyline: must contain at least 2 different points
2026-08-27 17:30:55.892 WARN   Polyline: must contain at least 2 different points
2026-08-27 17:30:55.892 WARN   Polyline: must contain at least 2 different points
2026-08-27 17:30:55.892 WARN   Polyline: must contain at least 2 different points
2026-08-27 17:30:55.892 WARN   Polyline: must contain at least 2 different points
2026-08-27 17:30:55.893 WARN   Polyline: must contain at least 2 different points
2026-08-27 17:30:55.893 WARN   Polyline: must contain at least 2 different points
2026-08-27 17:30:55.893 WARN   Polyline: must contain at least 2 different points
2026-08-27 17:30:55.893 WARN   Polyline: must contain at least 2 different points
2026-08-27 17:30:55.893 WARN   Polyline: must contain at least 2 different points
2026-08-27 17:30:55.893 WARN   Polyline: must contain at least 2 different points
2026-08-27 17:30:55.894 WARN   Polyline: must contain at least 2 different points
2026-08-27 17:30:55.894 WARN   Polyline: must contain at least 2 different points
2026-08-27 17:30:55.894 WARN   Polyline: must contain at least 2 different points
2026-08-27 17:30:55.894 WARN   Polyline: must contain at least 2 different points
2026-08-27 17:30:55.894 WARN   Polyline: must contain at least 2 different points
2026-08-27 17:30:55.894 WARN   Polyline: must contain at least 2 different points
2026-08-27 17:30:55.895 WARN   Polyline: must contain at least 2 different points
2026-08-27 17:30:55.895 WARN   Polyline: must contain at least 2 different points
2026-08-27 17:30:55.895 WARN   Polyline: must contain at least 2 different points
2026-08-27 17:30:55.895 WARN   Polyline: must contain at least 2 different points
2026-08-27 17:30:55.895 WARN   Polyline: must contain at least 2 different points
2026-08-27 17:30:55.896 WARN   Polyline: must contain at least 2 different points
2026-08-27 17:30:55.896 WARN   Polyline: must contain at least 2 different points
2026-08-27 17:30:55.896 WARN   Polyline: must contain at least 2 different points
2026-08-27 17:30:55.896 WARN   Polyline: must contain at least 2 different points
2026-08-27 17:30:55.896 WARN   Polyline: must contain at least 2 different points
2026-08-27 17:30:55.896 WARN   Polyline: must contain at least 2 different points
2026-08-27 17:30:55.897 WARN   Polyline: must contain at least 2 different points
2026-08-27 17:30:55.897 WARN   Polyline: must contain at least 2 different points
2026-08-27 17:30:55.897 WARN   Polyline: must contain at least 2 different points
2026-08-27 17:30:55.897 WARN   Polyline: must contain at least 2 different points
2026-08-27 17:30:55.897 WARN   Polyline: must contain at least 2 different points
2026-08-27 17:30:55.897 WARN   Polyline: must contain at least 2 different points
2026-08-27 17:30:55.898 WARN   Polyline: must contain at least 2 different points
2026-08-27 17:30:55.898 WARN   Polyline: must contain at least 2 different points
2026-08-27 17:30:55.898 WARN   Polyline: must contain at least 2 different points
2026-08-27 17:30:55.898 WARN   Polyline: must contain at least 2 different points
2026-08-27 17:30:55.898 WARN   Polyline: must contain at least 2 different points
2026-08-27 17:30:55.898 WARN   Polyline: must contain at least 2 different points
2026-08-27 17:30:55.899 WARN   Polyline: must contain at least 2 different points
2026-08-27 17:30:55.899 WARN   Polyline: must contain at least 2 different points
2026-08-27 17:30:55.899 WARN   Polyline: must contain at least 2 different points
2026-08-27 17:30:55.899 WARN   Polyline: must contain at least 2 different points
2026-08-27 17:30:55.899 WARN   Polyline: must contain at least 2 different points
2026-08-27 17:30:55.899 WARN   Polyline: must contain at least 2 different points
2026-08-27 17:30:55.900 WARN   Polyline: must contain at least 2 different points
2026-08-27 17:30:55.900 WARN   Polyline: must contain at least 2 different points
2026-08-27 17:30:55.900 WARN   Polyline: must contain at least 2 different points
2026-08-27 17:30:55.900 WARN   Polyline: must contain at least 2 different points
2026-08-27 17:30:55.900 WARN   Polyline: must contain at least 2 different points
2026-08-27 17:30:55.900 WARN   Polyline: must contain at least 2 different points
2026-08-27 17:30:55.901 WARN   Polyline: must contain at least 2 different points
2026-08-27 17:30:55.901 WARN   Polyline: must contain at least 2 different points
2026-08-27 17:30:55.901 WARN   Polyline: must contain at least 2 different points
2026-08-27 17:30:55.901 WARN   Polyline: must contain at least 2 different points
2026-08-27 17:30:55.901 WARN   Polyline: must contain at least 2 different points
2026-08-27 17:30:55.901 WARN   Polyline: must contain at least 2 different points
2026-08-27 17:30:55.902 WARN   Polyline: must contain at least 2 different points
2026-08-27 17:30:55.902 WARN   Polyline: must contain at least 2 different points
2026-08-27 17:30:55.902 WARN   Polyline: must contain at least 2 different points
2026-08-27 17:30:55.902 WARN   Polyline: must contain at least 2 different points
2026-08-27 17:30:55.902 WARN   Polyline: must contain at least 2 different points
2026-08-27 17:30:55.902 WARN   Polyline: must contain at least 2 different points
2026-08-27 17:30:55.903 WARN   Polyline: must contain at least 2 different points
2026-08-27 17:30:55.903 WARN   Polyline: must contain at least 2 different points
2026-08-27 17:30:55.903 WARN   Polyline: must contain at least 2 different points
2026-08-27 17:30:55.903 WARN   Polyline: must contain at least 2 different points
2026-08-27 17:30:55.903 WARN   Polyline: must contain at least 2 different points
2026-08-27 17:30:55.904 WARN   Polyline: must contain at least 2 different points
2026-08-27 17:30:55.904 WARN   Polyline: must contain at least 2 different points
2026-08-27 17:30:55.904 WARN   Polyline: must contain at least 2 different points
2026-08-27 17:30:55.904 WARN   Polyline: must contain at least 2 different points
2026-08-27 17:30:55.904 WARN   Polyline: must contain at least 2 different points
2026-08-27 17:30:55.904 WARN   Polyline: must contain at least 2 different points
2026-08-27 17:30:55.905 WARN   Polyline: must contain at least 2 different points
2026-08-27 17:30:55.905 WARN   Polyline: must contain at least 2 different points
2026-08-27 17:30:55.905 WARN   Polyline: must contain at least 2 different points
2026-08-27 17:30:55.905 WARN   Polyline: must contain at least 2 different points
2026-08-27 17:30:55.905 WARN   Polyline: must contain at least 2 different points
2026-08-27 17:30:55.906 WARN   Polyline: must contain at least 2 different points
2026-08-27 17:30:55.906 WARN   Polyline: must contain at least 2 different points
2026-08-27 17:30:55.906 WARN   Polyline: must contain at least 2 different points
2026-08-27 17:30:55.906 WARN   Polyline: must contain at least 2 different points
2026-08-27 17:30:55.906 WARN   Polyline: must contain at least 2 different points
2026-08-27 17:30:55.906 WARN   Polyline: must contain at least 2 different points
2026-08-27 17:30:55.907 WARN   Polyline: must contain at least 2 different points
2026-08-27 17:30:55.907 WARN   Polyline: must contain at least 2 different points
2026-08-27 17:30:55.907 WARN   Polyline: must contain at least 2 different points
2026-08-27 17:30:55.907 WARN   Polyline: must contain at least 2 different points
2026-08-27 17:30:55.907 WARN   Polyline: must contain at least 2 different points
2026-08-27 17:30:55.907 WARN   Polyline: must contain at least 2 different points
2026-08-27 17:30:55.907 WARN   Polyline: must contain at least 2 different points
2026-08-27 17:30:55.908 WARN   Polyline: must contain at least 2 different points
2026-08-27 17:30:55.908 WARN   Polyline: must contain at least 2 different points
2026-08-27 17:30:55.908 WARN   Polyline: must contain at least 2 different points
2026-08-27 17:30:55.908 WARN   Polyline: must contain at least 2 different points
2026-08-27 17:30:55.908 WARN   Polyline: must contain at least 2 different points
2026-08-27 17:30:55.908 WARN   Polyline: must contain at least 2 different points
2026-08-27 17:30:55.909 WARN   Polyline: must contain at least 2 different points
2026-08-27 17:30:55.909 WARN   Polyline: must contain at least 2 different points
2026-08-27 17:30:55.909 WARN   Polyline: must contain at least 2 different points
2026-08-27 17:30:55.909 WARN   Polyline: must contain at least 2 different points
2026-08-27 17:30:55.909 WARN   Polyline: must contain at least 2 different points
2026-08-27 17:30:55.909 WARN   Polyline: must contain at least 2 different points
2026-08-27 17:30:55.910 WARN   Polyline: must contain at least 2 different points
2026-08-27 17:30:55.910 WARN   Polyline: must contain at least 2 different points
2026-08-27 17:30:55.910 WARN   Polyline: must contain at least 2 different points
2026-08-27 17:30:55.910 WARN   Polyline: must contain at least 2 different points
2026-08-27 17:30:55.910 WARN   Polyline: must contain at least 2 different points
2026-08-27 17:30:55.910 WARN   Polyline: must contain at least 2 different points
2026-08-27 17:30:55.911 WARN   Polyline: must contain at least 2 different points
2026-08-27 17:30:55.911 WARN   Polyline: must contain at least 2 different points
2026-08-27 17:30:55.911 WARN   Polyline: must contain at least 2 different points
2026-08-27 17:30:55.911 WARN   Polyline: must contain at least 2 different points
2026-08-27 17:30:55.911 WARN   Polyline: must contain at least 2 different points
2026-08-27 17:30:55.911 WARN   Polyline: must contain at least 2 different points
2026-08-27 17:30:55.912 WARN   Polyline: must contain at least 2 different points
2026-08-27 17:30:55.912 WARN   Polyline: must contain at least 2 different points
2026-08-27 17:30:55.912 WARN   Polyline: must contain at least 2 different points
2026-08-27 17:30:55.912 WARN   Polyline: must contain at least 2 different points
2026-08-27 17:30:55.912 WARN   Polyline: must contain at least 2 different points
2026-08-27 17:30:55.912 WARN   Polyline: must contain at least 2 different points
2026-08-27 17:30:55.913 WARN   Polyline: must contain at least 2 different points
2026-08-27 17:30:55.913 WARN   Polyline: must contain at least 2 different points
2026-08-27 17:30:55.913 WARN   Polyline: must contain at least 2 different points
2026-08-27 17:30:55.913 WARN   Polyline: must contain at least 2 different points
2026-08-27 17:30:55.913 WARN   Polyline: must contain at least 2 different points
2026-08-27 17:30:55.914 WARN   Polyline: must contain at least 2 different points
2026-08-27 17:30:55.914 WARN   Polyline: must contain at least 2 different points
2026-08-27 17:30:55.914 WARN   Polyline: must contain at least 2 different points
2026-08-27 17:30:55.914 WARN   Polyline: must contain at least 2 different points
2026-08-27 17:30:55.914 WARN   Polyline: must contain at least 2 different points
2026-08-27 17:30:55.914 WARN   Polyline: must contain at least 2 different points
2026-08-27 17:30:55.915 WARN   Polyline: must contain at least 2 different points
2026-08-27 17:30:55.915 WARN   Polyline: must contain at least 2 different points
2026-08-27 17:30:55.915 WARN   Polyline: must contain at least 2 different points
2026-08-27 17:30:55.915 WARN   Polyline: must contain at least 2 different points
2026-08-27 17:30:55.915 WARN   Polyline: must contain at least 2 different points
2026-08-27 17:30:55.915 WARN   Polyline: must contain at least 2 different points
2026-08-27 17:30:55.915 WARN   Polyline: must contain at least 2 different points
2026-08-27 17:30:55.916 WARN   Polyline: must contain at least 2 different points
2026-08-27 17:30:55.916 WARN   Polyline: must contain at least 2 different points
2026-08-27 17:30:55.916 WARN   Polyline: must contain at least 2 different points
2026-08-27 17:30:55.916 WARN   Polyline: must contain at least 2 different points
2026-08-27 17:30:55.916 WARN   Polyline: must contain at least 2 different points
2026-08-27 17:30:55.916 WARN   Polyline: must contain at least 2 different points
2026-08-27 17:30:55.917 WARN   Polyline: must contain at least 2 different points
2026-08-27 17:30:55.917 WARN   Polyline: must contain at least 2 different points
2026-08-27 17:30:55.917 WARN   Polyline: must contain at least 2 different points
2026-08-27 17:30:55.917 WARN   Polyline: must contain at least 2 different points
2026-08-27 17:30:55.917 WARN   Polyline: must contain at least 2 different points
2026-08-27 17:30:55.917 WARN   Polyline: must contain at least 2 different points
2026-08-27 17:30:55.917 WARN   Polyline: must contain at least 2 different points
2026-08-27 17:30:55.918 WARN   Polyline: must contain at least 2 different points
2026-08-27 17:30:55.918 WARN   Polyline: must contain at least 2 different points
2026-08-27 17:30:55.918 WARN   Polyline: must contain at least 2 different points
2026-08-27 17:30:55.918 WARN   Polyline: must contain at least 2 different points
2026-08-27 17:30:55.918 WARN   Polyline: must contain at least 2 different points
2026-08-27 17:30:55.918 WARN   Polyline: must contain at least 2 different points
2026-08-27 17:30:55.919 WARN   Polyline: must contain at least 2 different points
2026-08-27 17:30:55.919 WARN   Polyline: must contain at least 2 different points
2026-08-27 17:30:55.919 WARN   Polyline: must contain at least 2 different points
2026-08-27 17:30:55.919 WARN   Polyline: must contain at least 2 different points
2026-08-27 17:30:55.919 WARN   Polyline: must contain at least 2 different points
2026-08-27 17:30:55.919 WARN   Polyline: must contain at least 2 different points
2026-08-27 17:30:55.920 WARN   Polyline: must contain at least 2 different points
2026-08-27 17:30:55.920 WARN   Polyline: must contain at least 2 different points
2026-08-27 17:30:55.920 WARN   Polyline: must contain at least 2 different points
2026-08-27 17:30:55.920 WARN   Polyline: must contain at least 2 different points
2026-08-27 17:30:55.920 WARN   Polyline: must contain at least 2 different points
2026-08-27 17:30:55.920 WARN   Polyline: must contain at least 2 different points
2026-08-27 17:30:55.921 WARN   Polyline: must contain at least 2 different points
2026-08-27 17:30:55.921 WARN   Polyline: must contain at least 2 different points
2026-08-27 17:30:55.921 WARN   Polyline: must contain at least 2 different points
2026-08-27 17:30:55.921 WARN   Polyline: must contain at least 2 different points
2026-08-27 17:30:55.921 WARN   Polyline: must contain at least 2 different points
2026-08-27 17:30:55.921 WARN   Polyline: must contain at least 2 different points
2026-08-27 17:30:55.921 WARN   Polyline: must contain at least 2 different points
2026-08-27 17:30:55.922 WARN   Polyline: must contain at least 2 different points
2026-08-27 17:30:55.922 WARN   Polyline: must contain at least 2 different points
2026-08-27 17:30:55.922 WARN   Polyline: must contain at least 2 different points
2026-08-27 17:30:55.922 WARN   Polyline: must contain at least 2 different points
2026-08-27 17:30:55.922 WARN   Polyline: must contain at least 2 different points
2026-08-27 17:30:55.922 WARN   Polyline: must contain at least 2 different points
2026-08-27 17:30:55.922 WARN   Polyline: must contain at least 2 different points
2026-08-27 17:30:55.923 WARN   Polyline: must contain at least 2 different points
2026-08-27 17:30:55.923 WARN   Polyline: must contain at least 2 different points
2026-08-27 17:30:55.923 WARN   Polyline: must contain at least 2 different points
2026-08-27 17:30:55.923 WARN   Polyline: must contain at least 2 different points
2026-08-27 17:30:55.923 WARN   Polyline: must contain at least 2 different points
2026-08-27 17:30:55.923 WARN   Polyline: must contain at least 2 different points
2026-08-27 17:30:55.924 WARN   Polyline: must contain at least 2 different points
2026-08-27 17:30:55.924 WARN   Polyline: must contain at least 2 different points
2026-08-27 17:30:55.924 WARN   Polyline: must contain at least 2 different points
2026-08-27 17:30:55.924 WARN   Polyline: must contain at least 2 different points
2026-08-27 17:30:55.924 WARN   Polyline: must contain at least 2 different points
2026-08-27 17:30:55.924 WARN   Polyline: must contain at least 2 different points
2026-08-27 17:30:55.925 WARN   Polyline: must contain at least 2 different points
2026-08-27 17:30:55.925 WARN   Polyline: must contain at least 2 different points
2026-08-27 17:30:55.925 WARN   Polyline: must contain at least 2 different points
2026-08-27 17:30:55.925 WARN   Polyline: must contain at least 2 different points
2026-08-27 17:30:55.925 WARN   Polyline: must contain at least 2 different points
2026-08-27 17:30:55.925 WARN   Polyline: must contain at least 2 different points
2026-08-27 17:30:55.925 WARN   Polyline: must contain at least 2 different points
2026-08-27 17:30:55.926 WARN   Polyline: must contain at least 2 different points
2026-08-27 17:30:55.926 WARN   Polyline: must contain at least 2 different points
2026-08-27 17:30:55.926 WARN   Polyline: must contain at least 2 different points
2026-08-27 17:30:55.926 WARN   Polyline: must contain at least 2 different points
2026-08-27 17:30:55.926 WARN   Polyline: must contain at least 2 different points
2026-08-27 17:30:55.926 WARN   Polyline: must contain at least 2 different points
2026-08-27 17:30:55.927 WARN   Polyline: must contain at least 2 different points
2026-08-27 17:30:55.927 WARN   Polyline: must contain at least 2 different points
2026-08-27 17:30:55.927 WARN   Polyline: must contain at least 2 different points
2026-08-27 17:30:55.927 WARN   Polyline: must contain at least 2 different points
2026-08-27 17:30:55.927 WARN   Polyline: must contain at least 2 different points
2026-08-27 17:30:55.927 WARN   Polyline: must contain at least 2 different points
2026-08-27 17:30:55.928 WARN   Polyline: must contain at least 2 different points
2026-08-27 17:30:55.928 WARN   Polyline: must contain at least 2 different points
2026-08-27 17:30:55.928 WARN   Polyline: must contain at least 2 different points
2026-08-27 17:30:55.928 WARN   Polyline: must contain at least 2 different points
2026-08-27 17:30:55.928 WARN   Polyline: must contain at least 2 different points
2026-08-27 17:30:55.928 WARN   Polyline: must contain at least 2 different points
2026-08-27 17:30:55.929 WARN   Polyline: must contain at least 2 different points
2026-08-27 17:30:55.929 WARN   Polyline: must contain at least 2 different points
2026-08-27 17:30:55.929 WARN   Polyline: must contain at least 2 different points
2026-08-27 17:30:55.929 WARN   Polyline: must contain at least 2 different points
2026-08-27 17:30:55.929 WARN   Polyline: must contain at least 2 different points
2026-08-27 17:30:55.929 WARN   Polyline: must contain at least 2 different points
2026-08-27 17:30:55.930 WARN   Polyline: must contain at least 2 different points
2026-08-27 17:30:55.930 WARN   Polyline: must contain at least 2 different points
2026-08-27 17:30:55.930 WARN   Polyline: must contain at least 2 different points
2026-08-27 17:30:55.930 WARN   Polyline: must contain at least 2 different points
2026-08-27 17:30:55.930 WARN   Polyline: must contain at least 2 different points
2026-08-27 17:30:55.930 WARN   Polyline: must contain at least 2 different points
2026-08-27 17:30:55.931 WARN   Polyline: must contain at least 2 different points
2026-08-27 17:30:55.931 WARN   Polyline: must contain at least 2 different points
2026-08-27 17:30:55.931 WARN   Polyline: must contain at least 2 different points
2026-08-27 17:30:55.931 WARN   Polyline: must contain at least 2 different points
2026-08-27 17:30:55.931 WARN   Polyline: must contain at least 2 different points
2026-08-27 17:30:55.931 WARN   Polyline: must contain at least 2 different points
2026-08-27 17:30:55.932 WARN   Polyline: must contain at least 2 different points
2026-08-27 17:30:55.932 WARN   Polyline: must contain at least 2 different points
2026-08-27 17:30:55.932 WARN   Polyline: must contain at least 2 different points
2026-08-27 17:30:55.932 WARN   Polyline: must contain at least 2 different points
2026-08-27 17:30:55.932 WARN   Polyline: must contain at least 2 different points
2026-08-27 17:30:55.933 WARN   Polyline: must contain at least 2 different points
2026-08-27 17:30:55.933 WARN   Polyline: must contain at least 2 different points
2026-08-27 17:30:55.933 WARN   Polyline: must contain at least 2 different points
2026-08-27 17:30:55.933 WARN   Polyline: must contain at least 2 different points
2026-08-27 17:30:55.933 WARN   Polyline: must contain at least 2 different points
2026-08-27 17:30:55.933 WARN   Polyline: must contain at least 2 different points
2026-08-27 17:30:55.934 WARN   Polyline: must contain at least 2 different points
2026-08-27 17:30:55.934 WARN   Polyline: must contain at least 2 different points
2026-08-27 17:30:55.934 WARN   Polyline: must contain at least 2 different points
2026-08-27 17:30:55.934 WARN   Polyline: must contain at least 2 different points
2026-08-27 17:30:55.934 WARN   Polyline: must contain at least 2 different points
2026-08-27 17:30:55.934 WARN   Polyline: must contain at least 2 different points
2026-08-27 17:30:55.935 WARN   Polyline: must contain at least 2 different points
2026-08-27 17:30:55.935 WARN   Polyline: must contain at least 2 different points
2026-08-27 17:30:55.935 WARN   Polyline: must contain at least 2 different points
2026-08-27 17:30:55.935 WARN   Polyline: must contain at least 2 different points
2026-08-27 17:30:55.935 WARN   Polyline: must contain at least 2 different points
2026-08-27 17:30:55.935 WARN   Polyline: must contain at least 2 different points
2026-08-27 17:30:55.936 WARN   Polyline: must contain at least 2 different points
2026-08-27 17:30:55.936 WARN   Polyline: must contain at least 2 different points
2026-08-27 17:30:55.936 WARN   Polyline: must contain at least 2 different points
2026-08-27 17:30:55.936 WARN   Polyline: must contain at least 2 different points
2026-08-27 17:30:55.936 WARN   Polyline: must contain at least 2 different points
2026-08-27 17:30:55.936 WARN   Polyline: must contain at least 2 different points
2026-08-27 17:30:55.937 WARN   Polyline: must contain at least 2 different points
2026-08-27 17:30:55.937 WARN   Polyline: must contain at least 2 different points
2026-08-27 17:30:55.937 WARN   Polyline: must contain at least 2 different points
2026-08-27 17:30:55.937 WARN   Polyline: must contain at least 2 different points
2026-08-27 17:30:55.937 WARN   Polyline: must contain at least 2 different points
2026-08-27 17:30:55.937 WARN   Polyline: must contain at least 2 different points
2026-08-27 17:30:55.938 WARN   Polyline: must contain at least 2 different points
2026-08-27 17:30:55.938 WARN   Polyline: must contain at least 2 different points
2026-08-27 17:30:55.938 WARN   Polyline: must contain at least 2 different points
2026-08-27 17:30:55.938 WARN   Polyline: must contain at least 2 different points
2026-08-27 17:30:55.938 WARN   Polyline: must contain at least 2 different points
2026-08-27 17:30:55.938 WARN   Polyline: must contain at least 2 different points
2026-08-27 17:30:55.938 WARN   Polyline: must contain at least 2 different points
2026-08-27 17:30:55.939 WARN   Polyline: must contain at least 2 different points
2026-08-27 17:30:55.939 WARN   Polyline: must contain at least 2 different points
2026-08-27 17:30:55.939 WARN   Polyline: must contain at least 2 different points
2026-08-27 17:30:55.939 WARN   Polyline: must contain at least 2 different points
2026-08-27 17:30:55.939 WARN   Polyline: must contain at least 2 different points
2026-08-27 17:30:55.939 WARN   Polyline: must contain at least 2 different points
2026-08-27 17:30:55.940 WARN   Polyline: must contain at least 2 different points
2026-08-27 17:30:55.940 WARN   Polyline: must contain at least 2 different points
2026-08-27 17:30:55.940 WARN   Polyline: must contain at least 2 different points
2026-08-27 17:30:55.940 WARN   Polyline: must contain at least 2 different points
2026-08-27 17:30:55.940 WARN   Polyline: must contain at least 2 different points
2026-08-27 17:30:55.940 WARN   Polyline: must contain at least 2 different points
2026-08-27 17:30:55.941 WARN   Polyline: must contain at least 2 different points
2026-08-27 17:30:55.941 WARN   Polyline: must contain at least 2 different points
2026-08-27 17:30:55.941 WARN   Polyline: must contain at least 2 different points
2026-08-27 17:30:55.941 WARN   Polyline: must contain at least 2 different points
2026-08-27 17:30:55.941 WARN   Polyline: must contain at least 2 different points
2026-08-27 17:30:55.941 WARN   Polyline: must contain at least 2 different points
2026-08-27 17:30:55.941 WARN   Polyline: must contain at least 2 different points
2026-08-27 17:30:55.942 WARN   Polyline: must contain at least 2 different points
2026-08-27 17:30:55.942 WARN   Polyline: must contain at least 2 different points
2026-08-27 17:30:55.942 WARN   Polyline: must contain at least 2 different points
2026-08-27 17:30:55.942 WARN   Polyline: must contain at least 2 different points
2026-08-27 17:30:55.942 WARN   Polyline: must contain at least 2 different points
2026-08-27 17:30:55.942 WARN   Polyline: must contain at least 2 different points
2026-08-27 17:30:55.942 WARN   Polyline: must contain at least 2 different points
2026-08-27 17:30:55.943 WARN   Polyline: must contain at least 2 different points
2026-08-27 17:30:55.943 WARN   Polyline: must contain at least 2 different points
2026-08-27 17:30:55.943 WARN   Polyline: must contain at least 2 different points
2026-08-27 17:30:55.943 WARN   Polyline: must contain at least 2 different points
2026-08-27 17:30:55.943 WARN   Polyline: must contain at least 2 different points
2026-08-27 17:30:55.943 WARN   Polyline: must contain at least 2 different points
2026-08-27 17:30:55.944 WARN   Polyline: must contain at least 2 different points
2026-08-27 17:30:55.944 WARN   Polyline: must contain at least 2 different points
2026-08-27 17:30:55.944 WARN   Polyline: must contain at least 2 different points
2026-08-27 17:30:55.944 WARN   Polyline: must contain at least 2 different points
2026-08-27 17:30:55.944 WARN   Polyline: must contain at least 2 different points
2026-08-27 17:30:55.944 WARN   Polyline: must contain at least 2 different points
2026-08-27 17:30:55.944 WARN   Polyline: must contain at least 2 different points
2026-08-27 17:30:55.945 WARN   Polyline: must contain at least 2 different points
2026-08-27 17:30:55.945 WARN   Polyline: must contain at least 2 different points
2026-08-27 17:30:55.945 WARN   Polyline: must contain at least 2 different points
2026-08-27 17:30:55.945 WARN   Polyline: must contain at least 2 different points
2026-08-27 17:30:55.945 WARN   Polyline: must contain at least 2 different points
2026-08-27 17:30:55.945 WARN   Polyline: must contain at least 2 different points
2026-08-27 17:30:55.946 WARN   Polyline: must contain at least 2 different points
2026-08-27 17:30:55.946 WARN   Polyline: must contain at least 2 different points
2026-08-27 17:30:55.946 WARN   Polyline: must contain at least 2 different points
2026-08-27 17:30:55.946 WARN   Polyline: must contain at least 2 different points
2026-08-27 17:30:55.946 WARN   Polyline: must contain at least 2 different points
2026-08-27 17:30:55.946 WARN   Polyline: must contain at least 2 different points
2026-08-27 17:30:55.947 WARN   Polyline: must contain at least 2 different points
2026-08-27 17:30:55.947 WARN   Polyline: must contain at least 2 different points
2026-08-27 17:30:55.947 WARN   Polyline: must contain at least 2 different points
2026-08-27 17:30:55.947 WARN   Polyline: must contain at least 2 different points
2026-08-27 17:30:55.947 WARN   Polyline: must contain at least 2 different points
2026-08-27 17:30:55.947 WARN   Polyline: must contain at least 2 different points
2026-08-27 17:30:55.947 WARN   Polyline: must contain at least 2 different points
2026-08-27 17:30:55.948 WARN   Polyline: must contain at least 2 different points
2026-08-27 17:30:55.948 WARN   Polyline: must contain at least 2 different points
2026-08-27 17:30:55.948 WARN   Polyline: must contain at least 2 different points
2026-08-27 17:30:55.948 WARN   Polyline: must contain at least 2 different points
2026-08-27 17:30:55.948 WARN   Polyline: must contain at least 2 different points
2026-08-27 17:30:55.948 WARN   Polyline: must contain at least 2 different points
2026-08-27 17:30:55.949 WARN   Polyline: must contain at least 2 different points
2026-08-27 17:30:55.949 WARN   Polyline: must contain at least 2 different points
2026-08-27 17:30:55.949 WARN   Polyline: must contain at least 2 different points
2026-08-27 17:30:55.949 WARN   Polyline: must contain at least 2 different points
2026-08-27 17:30:55.949 WARN   Polyline: must contain at least 2 different points
2026-08-27 17:30:55.949 WARN   Polyline: must contain at least 2 different points
2026-08-27 17:30:55.949 WARN   Polyline: must contain at least 2 different points
2026-08-27 17:30:55.950 WARN   Polyline: must contain at least 2 different points
2026-08-27 17:30:55.950 WARN   Polyline: must contain at least 2 different points
2026-08-27 17:30:55.950 WARN   Polyline: must contain at least 2 different points
2026-08-27 17:30:55.950 WARN   Polyline: must contain at least 2 different points
2026-08-27 17:30:55.950 WARN   Polyline: must contain at least 2 different points
2026-08-27 17:30:55.950 WARN   Polyline: must contain at least 2 different points
2026-08-27 17:30:55.951 WARN   Polyline: must contain at least 2 different points
2026-08-27 17:30:55.951 WARN   Polyline: must contain at least 2 different points
2026-08-27 17:30:55.951 WARN   Polyline: must contain at least 2 different points
2026-08-27 17:30:55.951 WARN   Polyline: must contain at least 2 different points
2026-08-27 17:30:55.951 WARN   Polyline: must contain at least 2 different points
2026-08-27 17:30:55.951 WARN   Polyline: must contain at least 2 different points
2026-08-27 17:30:55.952 WARN   Polyline: must contain at least 2 different points
2026-08-27 17:30:55.952 WARN   Polyline: must contain at least 2 different points
2026-08-27 17:30:55.952 WARN   Polyline: must contain at least 2 different points
2026-08-27 17:30:55.952 WARN   Polyline: must contain at least 2 different points
2026-08-27 17:30:55.952 WARN   Polyline: must contain at least 2 different points
2026-08-27 17:30:55.952 WARN   Polyline: must contain at least 2 different points
2026-08-27 17:30:55.952 WARN   Polyline: must contain at least 2 different points
2026-08-27 17:30:55.953 WARN   Polyline: must contain at least 2 different points
2026-08-27 17:30:55.953 WARN   Polyline: must contain at least 2 different points
2026-08-27 17:30:55.953 WARN   Polyline: must contain at least 2 different points
2026-08-27 17:30:55.953 WARN   Polyline: must contain at least 2 different points
2026-08-27 17:30:55.953 WARN   Polyline: must contain at least 2 different points
2026-08-27 17:30:55.953 WARN   Polyline: must contain at least 2 different points
2026-08-27 17:30:55.954 WARN   Polyline: must contain at least 2 different points
2026-08-27 17:30:55.954 WARN   Polyline: must contain at least 2 different points
2026-08-27 17:30:55.954 WARN   Polyline: must contain at least 2 different points
2026-08-27 17:30:55.954 WARN   Polyline: must contain at least 2 different points
2026-08-27 17:30:55.954 WARN   Polyline: must contain at least 2 different points
2026-08-27 17:30:55.954 WARN   Polyline: must contain at least 2 different points
2026-08-27 17:30:55.955 WARN   Polyline: must contain at least 2 different points
2026-08-27 17:30:55.955 WARN   Polyline: must contain at least 2 different points
2026-08-27 17:30:55.955 WARN   Polyline: must contain at least 2 different points
2026-08-27 17:30:55.955 WARN   Polyline: must contain at least 2 different points
2026-08-27 17:30:55.955 WARN   Polyline: must contain at least 2 different points
2026-08-27 17:30:55.955 WARN   Polyline: must contain at least 2 different points
2026-08-27 17:30:55.956 WARN   Polyline: must contain at least 2 different points
2026-08-27 17:30:55.956 WARN   Polyline: must contain at least 2 different points
2026-08-27 17:30:55.956 WARN   Polyline: must contain at least 2 different points
2026-08-27 17:30:55.956 WARN   Polyline: must contain at least 2 different points
2026-08-27 17:30:55.956 WARN   Polyline: must contain at least 2 different points
2026-08-27 17:30:55.956 WARN   Polyline: must contain at least 2 different points
2026-08-27 17:30:55.957 WARN   Polyline: must contain at least 2 different points
2026-08-27 17:30:55.957 WARN   Polyline: must contain at least 2 different points
2026-08-27 17:30:55.957 WARN   Polyline: must contain at least 2 different points
2026-08-27 17:30:55.957 WARN   Polyline: must contain at least 2 different points
2026-08-27 17:30:55.957 WARN   Polyline: must contain at least 2 different points
2026-08-27 17:30:55.957 WARN   Polyline: must contain at least 2 different points
2026-08-27 17:30:55.958 WARN   Polyline: must contain at least 2 different points
2026-08-27 17:30:55.958 WARN   Polyline: must contain at least 2 different points
2026-08-27 17:30:55.958 WARN   Polyline: must contain at least 2 different points
2026-08-27 17:30:55.958 WARN   Polyline: must contain at least 2 different points
2026-08-27 17:30:55.958 WARN   Polyline: must contain at least 2 different points
2026-08-27 17:30:55.958 WARN   Polyline: must contain at least 2 different points
2026-08-27 17:30:55.958 WARN   Polyline: must contain at least 2 different points
2026-08-27 17:30:55.959 WARN   Polyline: must contain at least 2 different points
2026-08-27 17:30:55.959 WARN   Polyline: must contain at least 2 different points
2026-08-27 17:30:55.959 WARN   Polyline: must contain at least 2 different points
2026-08-27 17:30:55.959 WARN   Polyline: must contain at least 2 different points
2026-08-27 17:30:55.959 WARN   Polyline: must contain at least 2 different points
2026-08-27 17:30:55.959 WARN   Polyline: must contain at least 2 different points
2026-08-27 17:30:55.960 WARN   Polyline: must contain at least 2 different points
2026-08-27 17:30:55.960 WARN   Polyline: must contain at least 2 different points
2026-08-27 17:30:55.960 WARN   Polyline: must contain at least 2 different points
2026-08-27 17:30:55.960 WARN   Polyline: must contain at least 2 different points
2026-08-27 17:30:55.960 WARN   Polyline: must contain at least 2 different points
2026-08-27 17:30:55.960 WARN   Polyline: must contain at least 2 different points
2026-08-27 17:30:55.961 WARN   Polyline: must contain at least 2 different points
2026-08-27 17:30:55.961 WARN   Polyline: must contain at least 2 different points
2026-08-27 17:30:55.961 WARN   Polyline: must contain at least 2 different points
2026-08-27 17:30:55.961 WARN   Polyline: must contain at least 2 different points
2026-08-27 17:30:55.961 WARN   Polyline: must contain at least 2 different points
2026-08-27 17:30:55.961 WARN   Polyline: must contain at least 2 different points
2026-08-27 17:30:55.962 WARN   Polyline: must contain at least 2 different points
2026-08-27 17:30:55.962 WARN   Polyline: must contain at least 2 different points
2026-08-27 17:30:55.962 WARN   Polyline: must contain at least 2 different points
2026-08-27 17:30:55.962 WARN   Polyline: must contain at least 2 different points
2026-08-27 17:30:55.962 WARN   Polyline: must contain at least 2 different points
2026-08-27 17:30:55.962 WARN   Polyline: must contain at least 2 different points
2026-08-27 17:30:55.962 WARN   Polyline: must contain at least 2 different points
2026-08-27 17:30:55.963 WARN   Polyline: must contain at least 2 different points
2026-08-27 17:30:55.963 WARN   Polyline: must contain at least 2 different points
2026-08-27 17:30:55.963 WARN   Polyline: must contain at least 2 different points
2026-08-27 17:30:55.963 WARN   Polyline: must contain at least 2 different points
2026-08-27 17:30:55.963 WARN   Polyline: must contain at least 2 different points
2026-08-27 17:30:55.963 WARN   Polyline: must contain at least 2 different points
2026-08-27 17:30:55.964 WARN   Polyline: must contain at least 2 different points
2026-08-27 17:30:55.964 WARN   Polyline: must contain at least 2 different points
2026-08-27 17:30:55.964 WARN   Polyline: must contain at least 2 different points
2026-08-27 17:30:55.964 WARN   Polyline: must contain at least 2 different points
2026-08-27 17:30:55.964 WARN   Polyline: must contain at least 2 different points
2026-08-27 17:30:55.964 WARN   Polyline: must contain at least 2 different points
2026-08-27 17:30:55.965 WARN   Polyline: must contain at least 2 different points
2026-08-27 17:30:55.965 WARN   Polyline: must contain at least 2 different points
2026-08-27 17:30:55.965 WARN   Polyline: must contain at least 2 different points
2026-08-27 17:30:55.965 WARN   Polyline: must contain at least 2 different points
2026-08-27 17:30:55.965 WARN   Polyline: must contain at least 2 different points
2026-08-27 17:30:55.965 WARN   Polyline: must contain at least 2 different points
2026-08-27 17:30:55.966 WARN   Polyline: must contain at least 2 different points
2026-08-27 17:30:55.966 WARN   Polyline: must contain at least 2 different points
2026-08-27 17:30:55.966 WARN   Polyline: must contain at least 2 different points
2026-08-27 17:30:55.966 WARN   Polyline: must contain at least 2 different points
2026-08-27 17:30:55.966 WARN   Polyline: must contain at least 2 different points
2026-08-27 17:30:55.966 WARN   Polyline: must contain at least 2 different points
2026-08-27 17:30:55.966 WARN   Polyline: must contain at least 2 different points
2026-08-27 17:30:55.967 WARN   Polyline: must contain at least 2 different points
2026-08-27 17:30:55.967 WARN   Polyline: must contain at least 2 different points
2026-08-27 17:30:55.967 WARN   Polyline: must contain at least 2 different points
2026-08-27 17:30:55.967 WARN   Polyline: must contain at least 2 different points
2026-08-27 17:30:55.967 WARN   Polyline: must contain at least 2 different points
2026-08-27 17:30:55.967 WARN   Polyline: must contain at least 2 different points
2026-08-27 17:30:55.968 WARN   Polyline: must contain at least 2 different points
2026-08-27 17:30:55.968 WARN   Polyline: must contain at least 2 different points
2026-08-27 17:30:55.968 WARN   Polyline: must contain at least 2 different points
2026-08-27 17:30:55.968 WARN   Polyline: must contain at least 2 different points
2026-08-27 17:30:55.968 WARN   Polyline: must contain at least 2 different points
2026-08-27 17:30:55.968 WARN   Polyline: must contain at least 2 different points
2026-08-27 17:30:55.969 WARN   Polyline: must contain at least 2 different points
2026-08-27 17:30:55.969 WARN   Polyline: must contain at least 2 different points
2026-08-27 17:30:55.969 WARN   Polyline: must contain at least 2 different points
2026-08-27 17:30:55.969 WARN   Polyline: must contain at least 2 different points
2026-08-27 17:30:55.969 WARN   Polyline: must contain at least 2 different points
2026-08-27 17:30:55.969 WARN   Polyline: must contain at least 2 different points
2026-08-27 17:30:55.970 WARN   Polyline: must contain at least 2 different points
2026-08-27 17:30:55.970 WARN   Polyline: must contain at least 2 different points
2026-08-27 17:30:55.970 WARN   Polyline: must contain at least 2 different points
2026-08-27 17:30:55.970 WARN   Polyline: must contain at least 2 different points
2026-08-27 17:30:55.970 WARN   Polyline: must contain at least 2 different points
2026-08-27 17:30:55.970 WARN   Polyline: must contain at least 2 different points
2026-08-27 17:30:55.971 WARN   Polyline: must contain at least 2 different points
2026-08-27 17:30:55.971 WARN   Polyline: must contain at least 2 different points
2026-08-27 17:30:55.971 WARN   Polyline: must contain at least 2 different points
2026-08-27 17:30:55.971 WARN   Polyline: must contain at least 2 different points
2026-08-27 17:30:55.971 WARN   Polyline: must contain at least 2 different points
2026-08-27 17:30:55.971 WARN   Polyline: must contain at least 2 different points
2026-08-27 17:30:55.972 WARN   Polyline: must contain at least 2 different points
2026-08-27 17:30:55.972 WARN   Polyline: must contain at least 2 different points
2026-08-27 17:30:55.972 WARN   Polyline: must contain at least 2 different points
2026-08-27 17:30:55.972 WARN   Polyline: must contain at least 2 different points
2026-08-27 17:30:55.972 WARN   Polyline: must contain at least 2 different points
2026-08-27 17:30:55.972 WARN   Polyline: must contain at least 2 different points
2026-08-27 17:30:55.973 WARN   Polyline: must contain at least 2 different points
2026-08-27 17:30:55.973 WARN   Polyline: must contain at least 2 different points
2026-08-27 17:30:55.973 WARN   Polyline: must contain at least 2 different points
2026-08-27 17:30:55.973 WARN   Polyline: must contain at least 2 different points
2026-08-27 17:30:55.973 WARN   Polyline: must contain at least 2 different points
2026-08-27 17:30:55.973 WARN   Polyline: must contain at least 2 different points
2026-08-27 17:30:55.974 WARN   Polyline: must contain at least 2 different points
2026-08-27 17:30:55.974 WARN   Polyline: must contain at least 2 different points
2026-08-27 17:30:55.974 WARN   Polyline: must contain at least 2 different points
2026-08-27 17:30:55.974 WARN   Polyline: must contain at least 2 different points
2026-08-27 17:30:55.974 WARN   Polyline: must contain at least 2 different points
2026-08-27 17:30:55.974 WARN   Polyline: must contain at least 2 different points
2026-08-27 17:30:55.974 WARN   Polyline: must contain at least 2 different points
2026-08-27 17:30:55.975 WARN   Polyline: must contain at least 2 different points
2026-08-27 17:30:55.975 WARN   Polyline: must contain at least 2 different points
2026-08-27 17:30:55.975 WARN   Polyline: must contain at least 2 different points
2026-08-27 17:30:55.975 WARN   Polyline: must contain at least 2 different points
2026-08-27 17:30:55.975 WARN   Polyline: must contain at least 2 different points
2026-08-27 17:30:55.975 WARN   Polyline: must contain at least 2 different points
2026-08-27 17:30:55.976 WARN   Polyline: must contain at least 2 different points
2026-08-27 17:30:55.976 WARN   Polyline: must contain at least 2 different points
2026-08-27 17:30:55.976 WARN   Polyline: must contain at least 2 different points
2026-08-27 17:30:55.976 WARN   Polyline: must contain at least 2 different points
2026-08-27 17:30:55.976 WARN   Polyline: must contain at least 2 different points
2026-08-27 17:30:55.976 WARN   Polyline: must contain at least 2 different points
2026-08-27 17:30:55.977 WARN   Polyline: must contain at least 2 different points
2026-08-27 17:30:55.977 WARN   Polyline: must contain at least 2 different points
2026-08-27 17:30:55.977 WARN   Polyline: must contain at least 2 different points
2026-08-27 17:30:55.977 WARN   Polyline: must contain at least 2 different points
2026-08-27 17:30:55.977 WARN   Polyline: must contain at least 2 different points
2026-08-27 17:30:55.977 WARN   Polyline: must contain at least 2 different points
2026-08-27 17:30:55.978 WARN   Polyline: must contain at least 2 different points
2026-08-27 17:30:55.978 WARN   Polyline: must contain at least 2 different points
2026-08-27 17:30:55.978 WARN   Polyline: must contain at least 2 different points
2026-08-27 17:30:55.978 WARN   Polyline: must contain at least 2 different points
2026-08-27 17:30:55.978 WARN   Polyline: must contain at least 2 different points
2026-08-27 17:30:55.978 WARN   Polyline: must contain at least 2 different points
2026-08-27 17:30:55.979 WARN   Polyline: must contain at least 2 different points
2026-08-27 17:30:55.979 WARN   Polyline: must contain at least 2 different points
2026-08-27 17:30:55.979 WARN   Polyline: must contain at least 2 different points
2026-08-27 17:30:55.979 WARN   Polyline: must contain at least 2 different points
2026-08-27 17:30:55.979 WARN   Polyline: must contain at least 2 different points
2026-08-27 17:30:55.979 WARN   Polyline: must contain at least 2 different points
2026-08-27 17:30:55.979 WARN   Polyline: must contain at least 2 different points
2026-08-27 17:30:55.980 WARN   Polyline: must contain at least 2 different points
2026-08-27 17:30:55.980 WARN   Polyline: must contain at least 2 different points
2026-08-27 17:30:55.980 WARN   Polyline: must contain at least 2 different points
2026-08-27 17:30:55.980 WARN   Polyline: must contain at least 2 different points
2026-08-27 17:30:55.980 WARN   Polyline: must contain at least 2 different points
2026-08-27 17:30:55.980 WARN   Polyline: must contain at least 2 different points
2026-08-27 17:30:55.981 WARN   Polyline: must contain at least 2 different points
2026-08-27 17:30:55.981 WARN   Polyline: must contain at least 2 different points
2026-08-27 17:30:55.981 WARN   Polyline: must contain at least 2 different points
2026-08-27 17:30:55.981 WARN   Polyline: must contain at least 2 different points
2026-08-27 17:30:55.981 WARN   Polyline: must contain at least 2 different points
2026-08-27 17:30:55.981 WARN   Polyline: must contain at least 2 different points
2026-08-27 17:30:55.981 WARN   Polyline: must contain at least 2 different points
2026-08-27 17:30:55.982 WARN   Polyline: must contain at least 2 different points
2026-08-27 17:30:55.982 WARN   Polyline: must contain at least 2 different points
2026-08-27 17:30:55.982 WARN   Polyline: must contain at least 2 different points
2026-08-27 17:30:55.982 WARN   Polyline: must contain at least 2 different points
2026-08-27 17:30:55.982 WARN   Polyline: must contain at least 2 different points
2026-08-27 17:30:55.982 WARN   Polyline: must contain at least 2 different points
2026-08-27 17:30:55.983 WARN   Polyline: must contain at least 2 different points
2026-08-27 17:30:55.983 WARN   Polyline: must contain at least 2 different points
2026-08-27 17:30:55.983 WARN   Polyline: must contain at least 2 different points
2026-08-27 17:30:55.983 WARN   Polyline: must contain at least 2 different points
2026-08-27 17:30:55.983 WARN   Polyline: must contain at least 2 different points
2026-08-27 17:30:55.983 WARN   Polyline: must contain at least 2 different points
2026-08-27 17:30:55.984 WARN   Polyline: must contain at least 2 different points
2026-08-27 17:30:55.984 WARN   Polyline: must contain at least 2 different points
2026-08-27 17:30:55.984 WARN   Polyline: must contain at least 2 different points
2026-08-27 17:30:55.984 WARN   Polyline: must contain at least 2 different points
2026-08-27 17:30:55.984 WARN   Polyline: must contain at least 2 different points
2026-08-27 17:30:55.984 WARN   Polyline: must contain at least 2 different points
2026-08-27 17:30:55.984 WARN   Polyline: must contain at least 2 different points
2026-08-27 17:30:55.985 WARN   Polyline: must contain at least 2 different points
2026-08-27 17:30:55.985 WARN   Polyline: must contain at least 2 different points
2026-08-27 17:30:55.985 WARN   Polyline: must contain at least 2 different points
2026-08-27 17:30:55.985 WARN   Polyline: must contain at least 2 different points
2026-08-27 17:30:55.985 WARN   Polyline: must contain at least 2 different points
2026-08-27 17:30:55.985 WARN   Polyline: must contain at least 2 different points
2026-08-27 17:30:55.986 WARN   Polyline: must contain at least 2 different points
2026-08-27 17:30:55.986 WARN   Polyline: must contain at least 2 different points
2026-08-27 17:30:55.986 WARN   Polyline: must contain at least 2 different points
2026-08-27 17:30:55.986 WARN   Polyline: must contain at least 2 different points
2026-08-27 17:30:55.986 WARN   Polyline: must contain at least 2 different points
2026-08-27 17:30:55.986 WARN   Polyline: must contain at least 2 different points
2026-08-27 17:30:55.986 WARN   Polyline: must contain at least 2 different points
2026-08-27 17:30:55.987 WARN   Polyline: must contain at least 2 different points
2026-08-27 17:30:55.990 WARN   Polyline: must contain at least 2 different points
2026-08-27 17:30:55.990 WARN   Polyline: must contain at least 2 different points
2026-08-27 17:30:55.990 WARN   Polyline: must contain at least 2 different points
2026-08-27 17:30:55.990 WARN   Polyline: must contain at least 2 different points
2026-08-27 17:30:55.990 WARN   Polyline: must contain at least 2 different points
2026-08-27 17:30:55.991 WARN   Polyline: must contain at least 2 different points
2026-08-27 17:30:55.991 WARN   Polyline: must contain at least 2 different points
2026-08-27 17:30:55.991 WARN   Polyline: must contain at least 2 different points
2026-08-27 17:30:55.991 WARN   Polyline: must contain at least 2 different points
2026-08-27 17:30:55.991 WARN   Polyline: must contain at least 2 different points
2026-08-27 17:30:55.991 WARN   Polyline: must contain at least 2 different points
2026-08-27 17:30:55.992 WARN   Polyline: must contain at least 2 different points
2026-08-27 17:30:55.992 WARN   Polyline: must contain at least 2 different points
2026-08-27 17:30:55.992 WARN   Polyline: must contain at least 2 different points
2026-08-27 17:30:55.992 WARN   Polyline: must contain at least 2 different points
2026-08-27 17:30:55.992 WARN   Polyline: must contain at least 2 different points
2026-08-27 17:30:55.992 WARN   Polyline: must contain at least 2 different points
2026-08-27 17:30:55.992 WARN   Polyline: must contain at least 2 different points
2026-08-27 17:30:55.993 WARN   Polyline: must contain at least 2 different points
2026-08-27 17:30:55.993 WARN   Polyline: must contain at least 2 different points
2026-08-27 17:30:55.993 WARN   Polyline: must contain at least 2 different points
2026-08-27 17:30:55.993 WARN   Polyline: must contain at least 2 different points
2026-08-27 17:30:55.993 WARN   Polyline: must contain at least 2 different points
2026-08-27 17:30:55.993 WARN   Polyline: must contain at least 2 different points
2026-08-27 17:30:55.993 WARN   Polyline: must contain at least 2 different points
2026-08-27 17:30:55.994 WARN   Polyline: must contain at least 2 different points
2026-08-27 17:30:55.994 WARN   Polyline: must contain at least 2 different points
2026-08-27 17:30:55.994 WARN   Polyline: must contain at least 2 different points
2026-08-27 17:30:55.994 WARN   Polyline: must contain at least 2 different points
2026-08-27 17:30:55.994 WARN   Polyline: must contain at least 2 different points
2026-08-27 17:30:55.994 WARN   Polyline: must contain at least 2 different points
2026-08-27 17:30:55.994 WARN   Polyline: must contain at least 2 different points
2026-08-27 17:30:55.995 WARN   Polyline: must contain at least 2 different points
2026-08-27 17:30:55.995 WARN   Polyline: must contain at least 2 different points
2026-08-27 17:30:55.995 WARN   Polyline: must contain at least 2 different points
2026-08-27 17:30:55.995 WARN   Polyline: must contain at least 2 different points
2026-08-27 17:30:55.995 WARN   Polyline: must contain at least 2 different points
2026-08-27 17:30:55.995 WARN   Polyline: must contain at least 2 different points
2026-08-27 17:30:55.995 WARN   Polyline: must contain at least 2 different points
2026-08-27 17:30:55.996 WARN   Polyline: must contain at least 2 different points
2026-08-27 17:30:55.996 WARN   Polyline: must contain at least 2 different points
2026-08-27 17:30:55.996 WARN   Polyline: must contain at least 2 different points
2026-08-27 17:30:55.996 WARN   Polyline: must contain at least 2 different points
2026-08-27 17:30:55.996 WARN   Polyline: must contain at least 2 different points
2026-08-27 17:30:55.996 WARN   Polyline: must contain at least 2 different points
2026-08-27 17:30:55.996 WARN   Polyline: must contain at least 2 different points
2026-08-27 17:30:55.997 WARN   Polyline: must contain at least 2 different points
2026-08-27 17:30:55.997 WARN   Polyline: must contain at least 2 different points
2026-08-27 17:30:55.997 WARN   Polyline: must contain at least 2 different points
2026-08-27 17:30:55.997 WARN   Polyline: must contain at least 2 different points
2026-08-27 17:30:55.997 WARN   Polyline: must contain at least 2 different points
2026-08-27 17:30:55.997 WARN   Polyline: must contain at least 2 different points
2026-08-27 17:30:55.997 WARN   Polyline: must contain at least 2 different points
2026-08-27 17:30:55.998 WARN   Polyline: must contain at least 2 different points
2026-08-27 17:30:55.998 WARN   Polyline: must contain at least 2 different points
2026-08-27 17:30:55.998 WARN   Polyline: must contain at least 2 different points
2026-08-27 17:30:55.998 WARN   Polyline: must contain at least 2 different points
2026-08-27 17:30:55.998 WARN   Polyline: must contain at least 2 different points
2026-08-27 17:30:55.998 WARN   Polyline: must contain at least 2 different points
2026-08-27 17:30:55.999 WARN   Polyline: must contain at least 2 different points
2026-08-27 17:30:55.999 WARN   Polyline: must contain at least 2 different points
2026-08-27 17:30:55.999 WARN   Polyline: must contain at least 2 different points
2026-08-27 17:30:55.999 WARN   Polyline: must contain at least 2 different points
2026-08-27 17:30:55.999 WARN   Polyline: must contain at least 2 different points
2026-08-27 17:30:55.999 WARN   Polyline: must contain at least 2 different points
2026-08-27 17:30:55.999 WARN   Polyline: must contain at least 2 different points
2026-08-27 17:30:56.000 WARN   Polyline: must contain at least 2 different points
2026-08-27 17:30:56.000 WARN   Polyline: must contain at least 2 different points
2026-08-27 17:30:56.000 WARN   Polyline: must contain at least 2 different points
2026-08-27 17:30:56.000 WARN   Polyline: must contain at least 2 different points
2026-08-27 17:30:56.000 WARN   Polyline: must contain at least 2 different points
2026-08-27 17:30:56.000 WARN   Polyline: must contain at least 2 different points
2026-08-27 17:30:56.000 WARN   Polyline: must contain at least 2 different points
2026-08-27 17:30:56.001 WARN   Polyline: must contain at least 2 different points
2026-08-27 17:30:56.001 WARN   Polyline: must contain at least 2 different points
2026-08-27 17:30:56.001 WARN   Polyline: must contain at least 2 different points
2026-08-27 17:30:56.001 WARN   Polyline: must contain at least 2 different points
2026-08-27 17:30:56.001 WARN   Polyline: must contain at least 2 different points
2026-08-27 17:30:56.001 WARN   Polyline: must contain at least 2 different points
2026-08-27 17:30:56.002 WARN   Polyline: must contain at least 2 different points
2026-08-27 17:30:56.002 WARN   Polyline: must contain at least 2 different points
2026-08-27 17:30:56.002 WARN   Polyline: must contain at least 2 different points
2026-08-27 17:30:56.002 WARN   Polyline: must contain at least 2 different points
2026-08-27 17:30:56.002 WARN   Polyline: must contain at least 2 different points
2026-08-27 17:30:56.002 WARN   Polyline: must contain at least 2 different points
2026-08-27 17:30:56.002 WARN   Polyline: must contain at least 2 different points
2026-08-27 17:30:56.003 WARN   Polyline: must contain at least 2 different points
2026-08-27 17:30:56.003 WARN   Polyline: must contain at least 2 different points
2026-08-27 17:30:56.003 WARN   Polyline: must contain at least 2 different points
2026-08-27 17:30:56.003 WARN   Polyline: must contain at least 2 different points
2026-08-27 17:30:56.003 WARN   Polyline: must contain at least 2 different points
2026-08-27 17:30:56.003 WARN   Polyline: must contain at least 2 different points
2026-08-27 17:30:56.004 WARN   Polyline: must contain at least 2 different points
2026-08-27 17:30:56.004 WARN   Polyline: must contain at least 2 different points
2026-08-27 17:30:56.004 WARN   Polyline: must contain at least 2 different points
2026-08-27 17:30:56.004 WARN   Polyline: must contain at least 2 different points
2026-08-27 17:30:56.004 WARN   Polyline: must contain at least 2 different points
2026-08-27 17:30:56.004 WARN   Polyline: must contain at least 2 different points
2026-08-27 17:30:56.005 WARN   Polyline: must contain at least 2 different points
2026-08-27 17:30:56.005 WARN   Polyline: must contain at least 2 different points
2026-08-27 17:30:56.005 WARN   Polyline: must contain at least 2 different points
2026-08-27 17:30:56.005 WARN   Polyline: must contain at least 2 different points
2026-08-27 17:30:56.005 WARN   Polyline: must contain at least 2 different points
2026-08-27 17:30:56.005 WARN   Polyline: must contain at least 2 different points
2026-08-27 17:30:56.006 WARN   Polyline: must contain at least 2 different points
2026-08-27 17:30:56.006 WARN   Polyline: must contain at least 2 different points
2026-08-27 17:30:56.006 WARN   Polyline: must contain at least 2 different points
2026-08-27 17:30:56.006 WARN   Polyline: must contain at least 2 different points
2026-08-27 17:30:56.006 WARN   Polyline: must contain at least 2 different points
2026-08-27 17:30:56.006 WARN   Polyline: must contain at least 2 different points
2026-08-27 17:30:56.006 WARN   Polyline: must contain at least 2 different points
2026-08-27 17:30:56.007 WARN   Polyline: must contain at least 2 different points
2026-08-27 17:30:56.007 WARN   Polyline: must contain at least 2 different points
2026-08-27 17:30:56.007 WARN   Polyline: must contain at least 2 different points
2026-08-27 17:30:56.007 WARN   Polyline: must contain at least 2 different points
2026-08-27 17:30:56.007 WARN   Polyline: must contain at least 2 different points
2026-08-27 17:30:56.007 WARN   Polyline: must contain at least 2 different points
2026-08-27 17:30:56.008 WARN   Polyline: must contain at least 2 different points
2026-08-27 17:30:56.008 WARN   Polyline: must contain at least 2 different points
2026-08-27 17:30:56.008 WARN   Polyline: must contain at least 2 different points
2026-08-27 17:30:56.008 WARN   Polyline: must contain at least 2 different points
2026-08-27 17:30:56.008 WARN   Polyline: must contain at least 2 different points
2026-08-27 17:30:56.008 WARN   Polyline: must contain at least 2 different points
2026-08-27 17:30:56.009 WARN   Polyline: must contain at least 2 different points
2026-08-27 17:30:56.009 WARN   Polyline: must contain at least 2 different points
2026-08-27 17:30:56.009 WARN   Polyline: must contain at least 2 different points
2026-08-27 17:30:56.009 WARN   Polyline: must contain at least 2 different points
2026-08-27 17:30:56.009 WARN   Polyline: must contain at least 2 different points
2026-08-27 17:30:56.009 WARN   Polyline: must contain at least 2 different points
2026-08-27 17:30:56.009 WARN   Polyline: must contain at least 2 different points
2026-08-27 17:30:56.010 WARN   Polyline: must contain at least 2 different points
2026-08-27 17:30:56.010 WARN   Polyline: must contain at least 2 different points
2026-08-27 17:30:56.010 WARN   Polyline: must contain at least 2 different points
2026-08-27 17:30:56.010 WARN   Polyline: must contain at least 2 different points
2026-08-27 17:30:56.010 WARN   Polyline: must contain at least 2 different points
2026-08-27 17:30:56.010 WARN   Polyline: must contain at least 2 different points
2026-08-27 17:30:56.011 WARN   Polyline: must contain at least 2 different points
2026-08-27 17:30:56.011 WARN   Polyline: must contain at least 2 different points
2026-08-27 17:30:56.011 WARN   Polyline: must contain at least 2 different points
2026-08-27 17:30:56.011 WARN   Polyline: must contain at least 2 different points
2026-08-27 17:30:56.011 WARN   Polyline: must contain at least 2 different points
2026-08-27 17:30:56.011 WARN   Polyline: must contain at least 2 different points
2026-08-27 17:30:56.012 WARN   Polyline: must contain at least 2 different points
2026-08-27 17:30:56.012 WARN   Polyline: must contain at least 2 different points
2026-08-27 17:30:56.012 WARN   Polyline: must contain at least 2 different points
2026-08-27 17:30:56.012 WARN   Polyline: must contain at least 2 different points
2026-08-27 17:30:56.012 WARN   Polyline: must contain at least 2 different points
2026-08-27 17:30:56.012 WARN   Polyline: must contain at least 2 different points
2026-08-27 17:30:56.013 WARN   Polyline: must contain at least 2 different points
2026-08-27 17:30:56.013 WARN   Polyline: must contain at least 2 different points
2026-08-27 17:30:56.013 WARN   Polyline: must contain at least 2 different points
2026-08-27 17:30:56.013 WARN   Polyline: must contain at least 2 different points
2026-08-27 17:30:56.013 WARN   Polyline: must contain at least 2 different points
2026-08-27 17:30:56.013 WARN   Polyline: must contain at least 2 different points
2026-08-27 17:30:56.014 WARN   Polyline: must contain at least 2 different points
2026-08-27 17:30:56.014 WARN   Polyline: must contain at least 2 different points
2026-08-27 17:30:56.014 WARN   Polyline: must contain at least 2 different points
2026-08-27 17:30:56.014 WARN   Polyline: must contain at least 2 different points
2026-08-27 17:30:56.014 WARN   Polyline: must contain at least 2 different points
2026-08-27 17:30:56.014 WARN   Polyline: must contain at least 2 different points
2026-08-27 17:30:56.015 WARN   Polyline: must contain at least 2 different points
2026-08-27 17:30:56.015 WARN   Polyline: must contain at least 2 different points
2026-08-27 17:30:56.015 WARN   Polyline: must contain at least 2 different points
2026-08-27 17:30:56.015 WARN   Polyline: must contain at least 2 different points
2026-08-27 17:30:56.015 WARN   Polyline: must contain at least 2 different points
2026-08-27 17:30:56.015 WARN   Polyline: must contain at least 2 different points
2026-08-27 17:30:56.016 WARN   Polyline: must contain at least 2 different points
2026-08-27 17:30:56.016 WARN   Polyline: must contain at least 2 different points
2026-08-27 17:30:56.016 WARN   Polyline: must contain at least 2 different points
2026-08-27 17:30:56.016 WARN   Polyline: must contain at least 2 different points
2026-08-27 17:30:56.016 WARN   Polyline: must contain at least 2 different points
2026-08-27 17:30:56.016 WARN   Polyline: must contain at least 2 different points
2026-08-27 17:30:56.016 WARN   Polyline: must contain at least 2 different points
2026-08-27 17:30:56.017 WARN   Polyline: must contain at least 2 different points
2026-08-27 17:30:56.017 WARN   Polyline: must contain at least 2 different points
2026-08-27 17:30:56.017 WARN   Polyline: must contain at least 2 different points
2026-08-27 17:30:56.017 WARN   Polyline: must contain at least 2 different points
2026-08-27 17:30:56.017 WARN   Polyline: must contain at least 2 different points
2026-08-27 17:30:56.017 WARN   Polyline: must contain at least 2 different points
2026-08-27 17:30:56.018 WARN   Polyline: must contain at least 2 different points
2026-08-27 17:30:56.018 WARN   Polyline: must contain at least 2 different points
2026-08-27 17:30:56.018 WARN   Polyline: must contain at least 2 different points
2026-08-27 17:30:56.018 WARN   Polyline: must contain at least 2 different points
2026-08-27 17:30:56.018 WARN   Polyline: must contain at least 2 different points
2026-08-27 17:30:56.018 WARN   Polyline: must contain at least 2 different points
2026-08-27 17:30:56.019 WARN   Polyline: must contain at least 2 different points
2026-08-27 17:30:56.019 WARN   Polyline: must contain at least 2 different points
2026-08-27 17:30:56.019 WARN   Polyline: must contain at least 2 different points
2026-08-27 17:30:56.019 WARN   Polyline: must contain at least 2 different points
2026-08-27 17:30:56.019 WARN   Polyline: must contain at least 2 different points
2026-08-27 17:30:56.019 WARN   Polyline: must contain at least 2 different points
2026-08-27 17:30:56.020 WARN   Polyline: must contain at least 2 different points
2026-08-27 17:30:56.020 WARN   Polyline: must contain at least 2 different points
2026-08-27 17:30:56.020 WARN   Polyline: must contain at least 2 different points
2026-08-27 17:30:56.020 WARN   Polyline: must contain at least 2 different points
2026-08-27 17:30:56.020 WARN   Polyline: must contain at least 2 different points
2026-08-27 17:30:56.020 WARN   Polyline: must contain at least 2 different points
2026-08-27 17:30:56.020 WARN   Polyline: must contain at least 2 different points
2026-08-27 17:30:56.021 WARN   Polyline: must contain at least 2 different points
2026-08-27 17:30:56.021 WARN   Polyline: must contain at least 2 different points
2026-08-27 17:30:56.021 WARN   Polyline: must contain at least 2 different points
2026-08-27 17:30:56.021 WARN   Polyline: must contain at least 2 different points
2026-08-27 17:30:56.021 WARN   Polyline: must contain at least 2 different points
2026-08-27 17:30:56.021 WARN   Polyline: must contain at least 2 different points
2026-08-27 17:30:56.022 WARN   Polyline: must contain at least 2 different points
2026-08-27 17:30:56.022 WARN   Polyline: must contain at least 2 different points
2026-08-27 17:30:56.022 WARN   Polyline: must contain at least 2 different points
2026-08-27 17:30:56.022 WARN   Polyline: must contain at least 2 different points
2026-08-27 17:30:56.022 WARN   Polyline: must contain at least 2 different points
2026-08-27 17:30:56.022 WARN   Polyline: must contain at least 2 different points
2026-08-27 17:30:56.023 WARN   Polyline: must contain at least 2 different points
2026-08-27 17:30:56.023 WARN   Polyline: must contain at least 2 different points
2026-08-27 17:30:56.023 WARN   Polyline: must contain at least 2 different points
2026-08-27 17:30:56.023 WARN   Polyline: must contain at least 2 different points
2026-08-27 17:30:56.023 WARN   Polyline: must contain at least 2 different points
2026-08-27 17:30:56.023 WARN   Polyline: must contain at least 2 different points
2026-08-27 17:30:56.024 WARN   Polyline: must contain at least 2 different points
2026-08-27 17:30:56.024 WARN   Polyline: must contain at least 2 different points
2026-08-27 17:30:56.024 WARN   Polyline: must contain at least 2 different points
2026-08-27 17:30:56.024 WARN   Polyline: must contain at least 2 different points
2026-08-27 17:30:56.024 WARN   Polyline: must contain at least 2 different points
2026-08-27 17:30:56.024 WARN   Polyline: must contain at least 2 different points
2026-08-27 17:30:56.024 WARN   Polyline: must contain at least 2 different points
2026-08-27 17:30:56.025 WARN   Polyline: must contain at least 2 different points
2026-08-27 17:30:56.025 WARN   Polyline: must contain at least 2 different points
2026-08-27 17:30:56.025 WARN   Polyline: must contain at least 2 different points
2026-08-27 17:30:56.025 WARN   Polyline: must contain at least 2 different points
2026-08-27 17:30:56.025 WARN   Polyline: must contain at least 2 different points
2026-08-27 17:30:56.025 WARN   Polyline: must contain at least 2 different points
2026-08-27 17:30:56.025 WARN   Polyline: must contain at least 2 different points
2026-08-27 17:30:56.026 WARN   Polyline: must contain at least 2 different points
2026-08-27 17:30:56.026 WARN   Polyline: must contain at least 2 different points
2026-08-27 17:30:56.026 WARN   Polyline: must contain at least 2 different points
2026-08-27 17:30:56.026 WARN   Polyline: must contain at least 2 different points
2026-08-27 17:30:56.026 WARN   Polyline: must contain at least 2 different points
2026-08-27 17:30:56.026 WARN   Polyline: must contain at least 2 different points
2026-08-27 17:30:56.027 WARN   Polyline: must contain at least 2 different points
2026-08-27 17:30:56.027 WARN   Polyline: must contain at least 2 different points
2026-08-27 17:30:56.027 WARN   Polyline: must contain at least 2 different points
2026-08-27 17:30:56.027 WARN   Polyline: must contain at least 2 different points
2026-08-27 17:30:56.027 WARN   Polyline: must contain at least 2 different points
2026-08-27 17:30:56.027 WARN   Polyline: must contain at least 2 different points
2026-08-27 17:30:56.028 WARN   Polyline: must contain at least 2 different points
2026-08-27 17:30:56.028 WARN   Polyline: must contain at least 2 different points
2026-08-27 17:30:56.028 WARN   Polyline: must contain at least 2 different points
2026-08-27 17:30:56.028 WARN   Polyline: must contain at least 2 different points
2026-08-27 17:30:56.028 WARN   Polyline: must contain at least 2 different points
2026-08-27 17:30:56.028 WARN   Polyline: must contain at least 2 different points
2026-08-27 17:30:56.028 WARN   Polyline: must contain at least 2 different points
2026-08-27 17:30:56.029 WARN   Polyline: must contain at least 2 different points
2026-08-27 17:30:56.029 WARN   Polyline: must contain at least 2 different points
2026-08-27 17:30:56.029 WARN   Polyline: must contain at least 2 different points
2026-08-27 17:30:56.029 WARN   Polyline: must contain at least 2 different points
2026-08-27 17:30:56.029 WARN   Polyline: must contain at least 2 different points
2026-08-27 17:30:56.029 WARN   Polyline: must contain at least 2 different points
2026-08-27 17:30:56.029 WARN   Polyline: must contain at least 2 different points
2026-08-27 17:30:56.030 WARN   Polyline: must contain at least 2 different points
2026-08-27 17:30:56.030 WARN   Polyline: must contain at least 2 different points
2026-08-27 17:30:56.030 WARN   Polyline: must contain at least 2 different points
2026-08-27 17:30:56.030 WARN   Polyline: must contain at least 2 different points
2026-08-27 17:30:56.030 WARN   Polyline: must contain at least 2 different points
2026-08-27 17:30:56.030 WARN   Polyline: must contain at least 2 different points
2026-08-27 17:30:56.031 WARN   Polyline: must contain at least 2 different points
2026-08-27 17:30:56.031 WARN   Polyline: must contain at least 2 different points
2026-08-27 17:30:56.031 WARN   Polyline: must contain at least 2 different points
2026-08-27 17:30:56.031 WARN   Polyline: must contain at least 2 different points
2026-08-27 17:30:56.031 WARN   Polyline: must contain at least 2 different points
2026-08-27 17:30:56.031 WARN   Polyline: must contain at least 2 different points
2026-08-27 17:30:56.031 WARN   Polyline: must contain at least 2 different points
2026-08-27 17:30:56.032 WARN   Polyline: must contain at least 2 different points
2026-08-27 17:30:56.032 WARN   Polyline: must contain at least 2 different points
2026-08-27 17:30:56.032 WARN   Polyline: must contain at least 2 different points
2026-08-27 17:30:56.032 WARN   Polyline: must contain at least 2 different points
2026-08-27 17:30:56.032 WARN   Polyline: must contain at least 2 different points
2026-08-27 17:30:56.032 WARN   Polyline: must contain at least 2 different points
2026-08-27 17:30:56.032 WARN   Polyline: must contain at least 2 different points
2026-08-27 17:30:56.033 WARN   Polyline: must contain at least 2 different points
2026-08-27 17:30:56.033 WARN   Polyline: must contain at least 2 different points
2026-08-27 17:30:56.033 WARN   Polyline: must contain at least 2 different points
2026-08-27 17:30:56.033 WARN   Polyline: must contain at least 2 different points
2026-08-27 17:30:56.033 WARN   Polyline: must contain at least 2 different points
2026-08-27 17:30:56.033 WARN   Polyline: must contain at least 2 different points
2026-08-27 17:30:56.034 WARN   Polyline: must contain at least 2 different points
2026-08-27 17:30:56.034 WARN   Polyline: must contain at least 2 different points
2026-08-27 17:30:56.034 WARN   Polyline: must contain at least 2 different points
2026-08-27 17:30:56.034 WARN   Polyline: must contain at least 2 different points
2026-08-27 17:30:56.034 WARN   Polyline: must contain at least 2 different points
2026-08-27 17:30:56.034 WARN   Polyline: must contain at least 2 different points
2026-08-27 17:30:56.035 WARN   Polyline: must contain at least 2 different points
2026-08-27 17:30:56.035 WARN   Polyline: must contain at least 2 different points
2026-08-27 17:30:56.035 WARN   Polyline: must contain at least 2 different points
2026-08-27 17:30:56.035 WARN   Polyline: must contain at least 2 different points
2026-08-27 17:30:56.035 WARN   Polyline: must contain at least 2 different points
2026-08-27 17:30:56.035 WARN   Polyline: must contain at least 2 different points
2026-08-27 17:30:56.035 WARN   Polyline: must contain at least 2 different points
2026-08-27 17:30:56.036 WARN   Polyline: must contain at least 2 different points
2026-08-27 17:30:56.036 WARN   Polyline: must contain at least 2 different points
2026-08-27 17:30:56.036 WARN   Polyline: must contain at least 2 different points
2026-08-27 17:30:56.036 WARN   Polyline: must contain at least 2 different points
2026-08-27 17:30:56.036 WARN   Polyline: must contain at least 2 different points
2026-08-27 17:30:56.036 WARN   Polyline: must contain at least 2 different points
2026-08-27 17:30:56.037 WARN   Polyline: must contain at least 2 different points
2026-08-27 17:30:56.037 WARN   Polyline: must contain at least 2 different points
2026-08-27 17:30:56.037 WARN   Polyline: must contain at least 2 different points
2026-08-27 17:30:56.037 WARN   Polyline: must contain at least 2 different points
2026-08-27 17:30:56.037 WARN   Polyline: must contain at least 2 different points
2026-08-27 17:30:56.037 WARN   Polyline: must contain at least 2 different points
2026-08-27 17:30:56.038 WARN   Polyline: must contain at least 2 different points
2026-08-27 17:30:56.038 WARN   Polyline: must contain at least 2 different points
2026-08-27 17:30:56.038 WARN   Polyline: must contain at least 2 different points
2026-08-27 17:30:56.038 WARN   Polyline: must contain at least 2 different points
2026-08-27 17:30:56.038 WARN   Polyline: must contain at least 2 different points
2026-08-27 17:30:56.038 WARN   Polyline: must contain at least 2 different points
2026-08-27 17:30:56.038 WARN   Polyline: must contain at least 2 different points
2026-08-27 17:30:56.039 WARN   Polyline: must contain at least 2 different points
2026-08-27 17:30:56.039 WARN   Polyline: must contain at least 2 different points
2026-08-27 17:30:56.039 WARN   Polyline: must contain at least 2 different points
2026-08-27 17:30:56.039 WARN   Polyline: must contain at least 2 different points
2026-08-27 17:30:56.039 WARN   Polyline: must contain at least 2 different points
2026-08-27 17:30:56.039 WARN   Polyline: must contain at least 2 different points
2026-08-27 17:30:56.040 WARN   Polyline: must contain at least 2 different points
2026-08-27 17:30:56.040 WARN   Polyline: must contain at least 2 different points
2026-08-27 17:30:56.040 WARN   Polyline: must contain at least 2 different points
2026-08-27 17:30:56.040 WARN   Polyline: must contain at least 2 different points
2026-08-27 17:30:56.040 WARN   Polyline: must contain at least 2 different points
2026-08-27 17:30:56.040 WARN   Polyline: must contain at least 2 different points
2026-08-27 17:30:56.040 WARN   Polyline: must contain at least 2 different points
2026-08-27 17:30:56.041 WARN   Polyline: must contain at least 2 different points
2026-08-27 17:30:56.041 WARN   Polyline: must contain at least 2 different points
2026-08-27 17:30:56.041 WARN   Polyline: must contain at least 2 different points
2026-08-27 17:30:56.041 WARN   Polyline: must contain at least 2 different points
2026-08-27 17:30:56.041 WARN   Polyline: must contain at least 2 different points
2026-08-27 17:30:56.041 WARN   Polyline: must contain at least 2 different points
2026-08-27 17:30:56.042 WARN   Polyline: must contain at least 2 different points
2026-08-27 17:30:56.042 WARN   Polyline: must contain at least 2 different points
2026-08-27 17:30:56.042 WARN   Polyline: must contain at least 2 different points
2026-08-27 17:30:56.042 WARN   Polyline: must contain at least 2 different points
2026-08-27 17:30:56.042 WARN   Polyline: must contain at least 2 different points
2026-08-27 17:30:56.042 WARN   Polyline: must contain at least 2 different points
2026-08-27 17:30:56.043 WARN   Polyline: must contain at least 2 different points
2026-08-27 17:30:56.043 WARN   Polyline: must contain at least 2 different points
2026-08-27 17:30:56.043 WARN   Polyline: must contain at least 2 different points
2026-08-27 17:30:56.043 WARN   Polyline: must contain at least 2 different points
2026-08-27 17:30:56.043 WARN   Polyline: must contain at least 2 different points
2026-08-27 17:30:56.043 WARN   Polyline: must contain at least 2 different points
2026-08-27 17:30:56.043 WARN   Polyline: must contain at least 2 different points
2026-08-27 17:30:56.044 WARN   Polyline: must contain at least 2 different points
2026-08-27 17:30:56.044 WARN   Polyline: must contain at least 2 different points
2026-08-27 17:30:56.044 WARN   Polyline: must contain at least 2 different points
2026-08-27 17:30:56.044 WARN   Polyline: must contain at least 2 different points
2026-08-27 17:30:56.044 WARN   Polyline: must contain at least 2 different points
2026-08-27 17:30:56.044 WARN   Polyline: must contain at least 2 different points
2026-08-27 17:30:56.045 WARN   Polyline: must contain at least 2 different points
2026-08-27 17:30:56.045 WARN   Polyline: must contain at least 2 different points
2026-08-27 17:30:56.045 WARN   Polyline: must contain at least 2 different points
2026-08-27 17:30:56.045 WARN   Polyline: must contain at least 2 different points
2026-08-27 17:30:56.045 WARN   Polyline: must contain at least 2 different points
2026-08-27 17:30:56.045 WARN   Polyline: must contain at least 2 different points
2026-08-27 17:30:56.045 WARN   Polyline: must contain at least 2 different points
2026-08-27 17:30:56.046 WARN   Polyline: must contain at least 2 different points
2026-08-27 17:30:56.046 WARN   Polyline: must contain at least 2 different points
2026-08-27 17:30:56.046 WARN   Polyline: must contain at least 2 different points
2026-08-27 17:30:56.046 WARN   Polyline: must contain at least 2 different points
2026-08-27 17:30:56.046 WARN   Polyline: must contain at least 2 different points
2026-08-27 17:30:56.046 WARN   Polyline: must contain at least 2 different points
2026-08-27 17:30:56.046 WARN   Polyline: must contain at least 2 different points
2026-08-27 17:30:56.047 WARN   Polyline: must contain at least 2 different points
2026-08-27 17:30:56.047 WARN   Polyline: must contain at least 2 different points
2026-08-27 17:30:56.047 WARN   Polyline: must contain at least 2 different points
2026-08-27 17:30:56.047 WARN   Polyline: must contain at least 2 different points
2026-08-27 17:30:56.047 WARN   Polyline: must contain at least 2 different points
2026-08-27 17:30:56.047 WARN   Polyline: must contain at least 2 different points
2026-08-27 17:30:56.047 WARN   Polyline: must contain at least 2 different points
2026-08-27 17:30:56.048 WARN   Polyline: must contain at least 2 different points
2026-08-27 17:30:56.048 WARN   Polyline: must contain at least 2 different points
2026-08-27 17:30:56.048 WARN   Polyline: must contain at least 2 different points
2026-08-27 17:30:56.048 WARN   Polyline: must contain at least 2 different points
2026-08-27 17:30:56.048 WARN   Polyline: must contain at least 2 different points
2026-08-27 17:30:56.048 WARN   Polyline: must contain at least 2 different points
2026-08-27 17:30:56.049 WARN   Polyline: must contain at least 2 different points
2026-08-27 17:30:56.049 WARN   Polyline: must contain at least 2 different points
2026-08-27 17:30:56.049 WARN   Polyline: must contain at least 2 different points
2026-08-27 17:30:56.049 WARN   Polyline: must contain at least 2 different points
2026-08-27 17:30:56.049 WARN   Polyline: must contain at least 2 different points
2026-08-27 17:30:56.049 WARN   Polyline: must contain at least 2 different points
2026-08-27 17:30:56.049 WARN   Polyline: must contain at least 2 different points
2026-08-27 17:30:56.050 WARN   Polyline: must contain at least 2 different points
2026-08-27 17:30:56.050 WARN   Polyline: must contain at least 2 different points
2026-08-27 17:30:56.050 WARN   Polyline: must contain at least 2 different points
2026-08-27 17:30:56.050 WARN   Polyline: must contain at least 2 different points
2026-08-27 17:30:56.050 WARN   Polyline: must contain at least 2 different points
2026-08-27 17:30:56.050 WARN   Polyline: must contain at least 2 different points
2026-08-27 17:30:56.051 WARN   Polyline: must contain at least 2 different points
2026-08-27 17:30:56.051 WARN   Polyline: must contain at least 2 different points
2026-08-27 17:30:56.051 WARN   Polyline: must contain at least 2 different points
2026-08-27 17:30:56.051 WARN   Polyline: must contain at least 2 different points
2026-08-27 17:30:56.051 WARN   Polyline: must contain at least 2 different points
2026-08-27 17:30:56.051 WARN   Polyline: must contain at least 2 different points
2026-08-27 17:30:56.051 WARN   Polyline: must contain at least 2 different points
2026-08-27 17:30:56.052 WARN   Polyline: must contain at least 2 different points
2026-08-27 17:30:56.052 WARN   Polyline: must contain at least 2 different points
2026-08-27 17:30:56.052 WARN   Polyline: must contain at least 2 different points
2026-08-27 17:30:56.052 WARN   Polyline: must contain at least 2 different points
2026-08-27 17:30:56.052 WARN   Polyline: must contain at least 2 different points
2026-08-27 17:30:56.052 WARN   Polyline: must contain at least 2 different points
2026-08-27 17:30:56.053 WARN   Polyline: must contain at least 2 different points
2026-08-27 17:30:56.053 WARN   Polyline: must contain at least 2 different points
2026-08-27 17:30:56.053 WARN   Polyline: must contain at least 2 different points
2026-08-27 17:30:56.053 WARN   Polyline: must contain at least 2 different points
2026-08-27 17:30:56.053 WARN   Polyline: must contain at least 2 different points
2026-08-27 17:30:56.053 WARN   Polyline: must contain at least 2 different points
2026-08-27 17:30:56.053 WARN   Polyline: must contain at least 2 different points
2026-08-27 17:30:56.054 WARN   Polyline: must contain at least 2 different points
2026-08-27 17:30:56.054 WARN   Polyline: must contain at least 2 different points
2026-08-27 17:30:56.054 WARN   Polyline: must contain at least 2 different points
2026-08-27 17:30:56.054 WARN   Polyline: must contain at least 2 different points
2026-08-27 17:30:56.054 WARN   Polyline: must contain at least 2 different points
2026-08-27 17:30:56.054 WARN   Polyline: must contain at least 2 different points
2026-08-27 17:30:56.055 WARN   Polyline: must contain at least 2 different points
2026-08-27 17:30:56.055 WARN   Polyline: must contain at least 2 different points
2026-08-27 17:30:56.055 WARN   Polyline: must contain at least 2 different points
2026-08-27 17:30:56.055 WARN   Polyline: must contain at least 2 different points
2026-08-27 17:30:56.055 WARN   Polyline: must contain at least 2 different points
2026-08-27 17:30:56.055 WARN   Polyline: must contain at least 2 different points
2026-08-27 17:30:56.055 WARN   Polyline: must contain at least 2 different points
2026-08-27 17:30:56.056 WARN   Polyline: must contain at least 2 different points
2026-08-27 17:30:56.056 WARN   Polyline: must contain at least 2 different points
2026-08-27 17:30:56.056 WARN   Polyline: must contain at least 2 different points
2026-08-27 17:30:56.056 WARN   Polyline: must contain at least 2 different points
2026-08-27 17:30:56.056 WARN   Polyline: must contain at least 2 different points
2026-08-27 17:30:56.056 WARN   Polyline: must contain at least 2 different points
2026-08-27 17:30:56.057 WARN   Polyline: must contain at least 2 different points
2026-08-27 17:30:56.057 WARN   Polyline: must contain at least 2 different points
2026-08-27 17:30:56.057 WARN   Polyline: must contain at least 2 different points
2026-08-27 17:30:56.057 WARN   Polyline: must contain at least 2 different points
2026-08-27 17:30:56.057 WARN   Polyline: must contain at least 2 different points
2026-08-27 17:30:56.057 WARN   Polyline: must contain at least 2 different points
2026-08-27 17:30:56.058 WARN   Polyline: must contain at least 2 different points
2026-08-27 17:30:56.058 WARN   Polyline: must contain at least 2 different points
2026-08-27 17:30:56.058 WARN   Polyline: must contain at least 2 different points
2026-08-27 17:30:56.058 WARN   Polyline: must contain at least 2 different points
2026-08-27 17:30:56.058 WARN   Polyline: must contain at least 2 different points
2026-08-27 17:30:56.058 WARN   Polyline: must contain at least 2 different points
2026-08-27 17:30:56.058 WARN   Polyline: must contain at least 2 different points
2026-08-27 17:30:56.059 WARN   Polyline: must contain at least 2 different points
2026-08-27 17:30:56.059 WARN   Polyline: must contain at least 2 different points
2026-08-27 17:30:56.059 WARN   Polyline: must contain at least 2 different points
2026-08-27 17:30:56.059 WARN   Polyline: must contain at least 2 different points
2026-08-27 17:30:56.059 WARN   Polyline: must contain at least 2 different points
2026-08-27 17:30:56.059 WARN   Polyline: must contain at least 2 different points
2026-08-27 17:30:56.060 WARN   Polyline: must contain at least 2 different points
2026-08-27 17:30:56.060 WARN   Polyline: must contain at least 2 different points
2026-08-27 17:30:56.060 WARN   Polyline: must contain at least 2 different points
2026-08-27 17:30:56.060 WARN   Polyline: must contain at least 2 different points
2026-08-27 17:30:56.060 WARN   Polyline: must contain at least 2 different points
2026-08-27 17:30:56.060 WARN   Polyline: must contain at least 2 different points
2026-08-27 17:30:56.061 WARN   Polyline: must contain at least 2 different points
2026-08-27 17:30:56.061 WARN   Polyline: must contain at least 2 different points
2026-08-27 17:30:56.061 WARN   Polyline: must contain at least 2 different points
2026-08-27 17:30:56.061 WARN   Polyline: must contain at least 2 different points
2026-08-27 17:30:56.061 WARN   Polyline: must contain at least 2 different points
2026-08-27 17:30:56.061 WARN   Polyline: must contain at least 2 different points
2026-08-27 17:30:56.061 WARN   Polyline: must contain at least 2 different points
2026-08-27 17:30:56.062 WARN   Polyline: must contain at least 2 different points
2026-08-27 17:30:56.062 WARN   Polyline: must contain at least 2 different points
2026-08-27 17:30:56.062 WARN   Polyline: must contain at least 2 different points
2026-08-27 17:30:56.062 WARN   Polyline: must contain at least 2 different points
2026-08-27 17:30:56.062 WARN   Polyline: must contain at least 2 different points
2026-08-27 17:30:56.062 WARN   Polyline: must contain at least 2 different points
2026-08-27 17:30:56.063 WARN   Polyline: must contain at least 2 different points
2026-08-27 17:30:56.063 WARN   Polyline: must contain at least 2 different points
2026-08-27 17:30:56.063 WARN   Polyline: must contain at least 2 different points
2026-08-27 17:30:56.063 WARN   Polyline: must contain at least 2 different points
2026-08-27 17:30:56.063 WARN   Polyline: must contain at least 2 different points
2026-08-27 17:30:56.063 WARN   Polyline: must contain at least 2 different points
2026-08-27 17:30:56.064 WARN   Polyline: must contain at least 2 different points
2026-08-27 17:30:56.064 WARN   Polyline: must contain at least 2 different points
2026-08-27 17:30:56.064 WARN   Polyline: must contain at least 2 different points
2026-08-27 17:30:56.064 WARN   Polyline: must contain at least 2 different points
2026-08-27 17:30:56.064 WARN   Polyline: must contain at least 2 different points
2026-08-27 17:30:56.064 WARN   Polyline: must contain at least 2 different points
2026-08-27 17:30:56.064 WARN   Polyline: must contain at least 2 different points
2026-08-27 17:30:56.065 WARN   Polyline: must contain at least 2 different points
2026-08-27 17:30:56.065 WARN   Polyline: must contain at least 2 different points
2026-08-27 17:30:56.065 WARN   Polyline: must contain at least 2 different points
2026-08-27 17:30:56.065 WARN   Polyline: must contain at least 2 different points
2026-08-27 17:30:56.065 WARN   Polyline: must contain at least 2 different points
2026-08-27 17:30:56.065 WARN   Polyline: must contain at least 2 different points
2026-08-27 17:30:56.066 WARN   Polyline: must contain at least 2 different points
2026-08-27 17:30:56.066 WARN   Polyline: must contain at least 2 different points
2026-08-27 17:30:56.066 WARN   Polyline: must contain at least 2 different points
2026-08-27 17:30:56.066 WARN   Polyline: must contain at least 2 different points
2026-08-27 17:30:56.066 WARN   Polyline: must contain at least 2 different points
2026-08-27 17:30:56.066 WARN   Polyline: must contain at least 2 different points
2026-08-27 17:30:56.066 WARN   Polyline: must contain at least 2 different points
2026-08-27 17:30:56.067 WARN   Polyline: must contain at least 2 different points
2026-08-27 17:30:56.067 WARN   Polyline: must contain at least 2 different points
2026-08-27 17:30:56.067 WARN   Polyline: must contain at least 2 different points
2026-08-27 17:30:56.067 WARN   Polyline: must contain at least 2 different points
2026-08-27 17:30:56.067 WARN   Polyline: must contain at least 2 different points
2026-08-27 17:30:56.067 WARN   Polyline: must contain at least 2 different points
2026-08-27 17:30:56.068 WARN   Polyline: must contain at least 2 different points
2026-08-27 17:30:56.068 WARN   Polyline: must contain at least 2 different points
2026-08-27 17:30:56.068 WARN   Polyline: must contain at least 2 different points
2026-08-27 17:30:56.068 WARN   Polyline: must contain at least 2 different points
2026-08-27 17:30:56.068 WARN   Polyline: must contain at least 2 different points
2026-08-27 17:30:56.068 WARN   Polyline: must contain at least 2 different points
2026-08-27 17:30:56.068 WARN   Polyline: must contain at least 2 different points
2026-08-27 17:30:56.069 WARN   Polyline: must contain at least 2 different points
2026-08-27 17:30:56.069 WARN   Polyline: must contain at least 2 different points
2026-08-27 17:30:56.069 WARN   Polyline: must contain at least 2 different points
2026-08-27 17:30:56.069 WARN   Polyline: must contain at least 2 different points
2026-08-27 17:30:56.069 WARN   Polyline: must contain at least 2 different points
2026-08-27 17:30:56.069 WARN   Polyline: must contain at least 2 different points
2026-08-27 17:30:56.070 WARN   Polyline: must contain at least 2 different points
2026-08-27 17:30:56.070 WARN   Polyline: must contain at least 2 different points
2026-08-27 17:30:56.070 WARN   Polyline: must contain at least 2 different points
2026-08-27 17:30:56.070 WARN   Polyline: must contain at least 2 different points
2026-08-27 17:30:56.070 WARN   Polyline: must contain at least 2 different points
2026-08-27 17:30:56.070 WARN   Polyline: must contain at least 2 different points
2026-08-27 17:30:56.070 WARN   Polyline: must contain at least 2 different points
2026-08-27 17:30:56.071 WARN   Polyline: must contain at least 2 different points
2026-08-27 17:30:56.071 WARN   Polyline: must contain at least 2 different points
2026-08-27 17:30:56.071 WARN   Polyline: must contain at least 2 different points
2026-08-27 17:30:56.071 WARN   Polyline: must contain at least 2 different points
2026-08-27 17:30:56.071 WARN   Polyline: must contain at least 2 different points
2026-08-27 17:30:56.071 WARN   Polyline: must contain at least 2 different points
2026-08-27 17:30:56.072 WARN   Polyline: must contain at least 2 different points
2026-08-27 17:30:56.072 WARN   Polyline: must contain at least 2 different points
2026-08-27 17:30:56.072 WARN   Polyline: must contain at least 2 different points
2026-08-27 17:30:56.072 WARN   Polyline: must contain at least 2 different points
2026-08-27 17:30:56.072 WARN   Polyline: must contain at least 2 different points
2026-08-27 17:30:56.072 WARN   Polyline: must contain at least 2 different points
2026-08-27 17:30:56.072 WARN   Polyline: must contain at least 2 different points
2026-08-27 17:30:56.073 WARN   Polyline: must contain at least 2 different points
2026-08-27 17:30:56.073 WARN   Polyline: must contain at least 2 different points
2026-08-27 17:30:56.073 WARN   Polyline: must contain at least 2 different points
2026-08-27 17:30:56.073 WARN   Polyline: must contain at least 2 different points
2026-08-27 17:30:56.073 WARN   Polyline: must contain at least 2 different points
2026-08-27 17:30:56.073 WARN   Polyline: must contain at least 2 different points
2026-08-27 17:30:56.074 WARN   Polyline: must contain at least 2 different points
2026-08-27 17:30:56.074 WARN   Polyline: must contain at least 2 different points
2026-08-27 17:30:56.074 WARN   Polyline: must contain at least 2 different points
2026-08-27 17:30:56.074 WARN   Polyline: must contain at least 2 different points
2026-08-27 17:30:56.074 WARN   Polyline: must contain at least 2 different points
2026-08-27 17:30:56.074 WARN   Polyline: must contain at least 2 different points
2026-08-27 17:30:56.075 WARN   Polyline: must contain at least 2 different points
2026-08-27 17:30:56.075 WARN   Polyline: must contain at least 2 different points
2026-08-27 17:30:56.075 WARN   Polyline: must contain at least 2 different points
2026-08-27 17:30:56.075 WARN   Polyline: must contain at least 2 different points
2026-08-27 17:30:56.075 WARN   Polyline: must contain at least 2 different points
2026-08-27 17:30:56.075 WARN   Polyline: must contain at least 2 different points
2026-08-27 17:30:56.075 WARN   Polyline: must contain at least 2 different points
2026-08-27 17:30:56.076 WARN   Polyline: must contain at least 2 different points
2026-08-27 17:30:56.076 WARN   Polyline: must contain at least 2 different points
2026-08-27 17:30:56.076 WARN   Polyline: must contain at least 2 different points
2026-08-27 17:30:56.076 WARN   Polyline: must contain at least 2 different points
2026-08-27 17:30:56.076 WARN   Polyline: must contain at least 2 different points
2026-08-27 17:30:56.076 WARN   Polyline: must contain at least 2 different points
2026-08-27 17:30:56.077 WARN   Polyline: must contain at least 2 different points
2026-08-27 17:30:56.077 WARN   Polyline: must contain at least 2 different points
2026-08-27 17:30:56.077 WARN   Polyline: must contain at least 2 different points
2026-08-27 17:30:56.077 WARN   Polyline: must contain at least 2 different points
2026-08-27 17:30:56.077 WARN   Polyline: must contain at least 2 different points
2026-08-27 17:30:56.077 WARN   Polyline: must contain at least 2 different points
2026-08-27 17:30:56.078 WARN   Polyline: must contain at least 2 different points
2026-08-27 17:30:56.078 WARN   Polyline: must contain at least 2 different points
2026-08-27 17:30:56.078 WARN   Polyline: must contain at least 2 different points
2026-08-27 17:30:56.078 WARN   Polyline: must contain at least 2 different points
2026-08-27 17:30:56.078 WARN   Polyline: must contain at least 2 different points
2026-08-27 17:30:56.078 WARN   Polyline: must contain at least 2 different points
2026-08-27 17:30:56.079 WARN   Polyline: must contain at least 2 different points
2026-08-27 17:30:56.079 WARN   Polyline: must contain at least 2 different points
2026-08-27 17:30:56.079 WARN   Polyline: must contain at least 2 different points
2026-08-27 17:30:56.079 WARN   Polyline: must contain at least 2 different points
2026-08-27 17:30:56.079 WARN   Polyline: must contain at least 2 different points
2026-08-27 17:30:56.079 WARN   Polyline: must contain at least 2 different points
2026-08-27 17:30:56.079 WARN   Polyline: must contain at least 2 different points
2026-08-27 17:30:56.080 WARN   Polyline: must contain at least 2 different points
2026-08-27 17:30:56.080 WARN   Polyline: must contain at least 2 different points
2026-08-27 17:30:56.080 WARN   Polyline: must contain at least 2 different points
2026-08-27 17:30:56.080 WARN   Polyline: must contain at least 2 different points
2026-08-27 17:30:56.080 WARN   Polyline: must contain at least 2 different points
2026-08-27 17:30:56.080 WARN   Polyline: must contain at least 2 different points
2026-08-27 17:30:56.080 WARN   Polyline: must contain at least 2 different points
2026-08-27 17:30:56.081 WARN   Polyline: must contain at least 2 different points
2026-08-27 17:30:56.081 WARN   Polyline: must contain at least 2 different points
2026-08-27 17:30:56.081 WARN   Polyline: must contain at least 2 different points
2026-08-27 17:30:56.081 WARN   Polyline: must contain at least 2 different points
2026-08-27 17:30:56.081 WARN   Polyline: must contain at least 2 different points
2026-08-27 17:30:56.081 WARN   Polyline: must contain at least 2 different points
2026-08-27 17:30:56.082 WARN   Polyline: must contain at least 2 different points
2026-08-27 17:30:56.082 WARN   Polyline: must contain at least 2 different points
2026-08-27 17:30:56.082 WARN   Polyline: must contain at least 2 different points
2026-08-27 17:30:56.082 WARN   Polyline: must contain at least 2 different points
2026-08-27 17:30:56.082 WARN   Polyline: must contain at least 2 different points
2026-08-27 17:30:56.082 WARN   Polyline: must contain at least 2 different points
2026-08-27 17:30:56.082 WARN   Polyline: must contain at least 2 different points
2026-08-27 17:30:56.083 WARN   Polyline: must contain at least 2 different points
2026-08-27 17:30:56.083 WARN   Polyline: must contain at least 2 different points
2026-08-27 17:30:56.083 WARN   Polyline: must contain at least 2 different points
2026-08-27 17:30:56.083 WARN   Polyline: must contain at least 2 different points
2026-08-27 17:30:56.083 WARN   Polyline: must contain at least 2 different points
2026-08-27 17:30:56.083 WARN   Polyline: must contain at least 2 different points
2026-08-27 17:30:56.083 WARN   Polyline: must contain at least 2 different points
2026-08-27 17:30:56.084 WARN   Polyline: must contain at least 2 different points
2026-08-27 17:30:56.084 WARN   Polyline: must contain at least 2 different points
2026-08-27 17:30:56.084 WARN   Polyline: must contain at least 2 different points
2026-08-27 17:30:56.084 WARN   Polyline: must contain at least 2 different points
2026-08-27 17:30:56.084 WARN   Polyline: must contain at least 2 different points
2026-08-27 17:30:56.084 WARN   Polyline: must contain at least 2 different points
2026-08-27 17:30:56.085 WARN   Polyline: must contain at least 2 different points
2026-08-27 17:30:56.085 WARN   Polyline: must contain at least 2 different points
2026-08-27 17:30:56.085 WARN   Polyline: must contain at least 2 different points
2026-08-27 17:30:56.085 WARN   Polyline: must contain at least 2 different points
2026-08-27 17:30:56.085 WARN   Polyline: must contain at least 2 different points
2026-08-27 17:30:56.085 WARN   Polyline: must contain at least 2 different points
2026-08-27 17:30:56.086 WARN   Polyline: must contain at least 2 different points
2026-08-27 17:30:56.086 WARN   Polyline: must contain at least 2 different points
2026-08-27 17:30:56.086 WARN   Polyline: must contain at least 2 different points
2026-08-27 17:30:56.086 WARN   Polyline: must contain at least 2 different points
2026-08-27 17:30:56.086 WARN   Polyline: must contain at least 2 different points
2026-08-27 17:30:56.086 WARN   Polyline: must contain at least 2 different points
2026-08-27 17:30:56.087 WARN   Polyline: must contain at least 2 different points
2026-08-27 17:30:56.087 WARN   Polyline: must contain at least 2 different points
2026-08-27 17:30:56.087 WARN   Polyline: must contain at least 2 different points
2026-08-27 17:30:56.087 WARN   Polyline: must contain at least 2 different points
2026-08-27 17:30:56.087 WARN   Polyline: must contain at least 2 different points
2026-08-27 17:30:56.087 WARN   Polyline: must contain at least 2 different points
2026-08-27 17:30:56.087 WARN   Polyline: must contain at least 2 different points
2026-08-27 17:30:56.088 WARN   Polyline: must contain at least 2 different points
2026-08-27 17:30:56.088 WARN   Polyline: must contain at least 2 different points
2026-08-27 17:30:56.088 WARN   Polyline: must contain at least 2 different points
2026-08-27 17:30:56.088 WARN   Polyline: must contain at least 2 different points
2026-08-27 17:30:56.088 WARN   Polyline: must contain at least 2 different points
2026-08-27 17:30:56.088 WARN   Polyline: must contain at least 2 different points
2026-08-27 17:30:56.089 WARN   Polyline: must contain at least 2 different points
2026-08-27 17:30:56.089 WARN   Polyline: must contain at least 2 different points
2026-08-27 17:30:56.089 WARN   Polyline: must contain at least 2 different points
2026-08-27 17:30:56.089 WARN   Polyline: must contain at least 2 different points
2026-08-27 17:30:56.089 WARN   Polyline: must contain at least 2 different points
2026-08-27 17:30:56.089 WARN   Polyline: must contain at least 2 different points
2026-08-27 17:30:56.089 WARN   Polyline: must contain at least 2 different points
2026-08-27 17:30:56.090 WARN   Polyline: must contain at least 2 different points
2026-08-27 17:30:56.090 WARN   Polyline: must contain at least 2 different points
2026-08-27 17:30:56.090 WARN   Polyline: must contain at least 2 different points
2026-08-27 17:30:56.090 WARN   Polyline: must contain at least 2 different points
2026-08-27 17:30:56.090 WARN   Polyline: must contain at least 2 different points
2026-08-27 17:30:56.090 WARN   Polyline: must contain at least 2 different points
2026-08-27 17:30:56.091 WARN   Polyline: must contain at least 2 different points
2026-08-27 17:30:56.091 WARN   Polyline: must contain at least 2 different points
2026-08-27 17:30:56.091 WARN   Polyline: must contain at least 2 different points
2026-08-27 17:30:56.091 WARN   Polyline: must contain at least 2 different points
2026-08-27 17:30:56.091 WARN   Polyline: must contain at least 2 different points
2026-08-27 17:30:56.091 WARN   Polyline: must contain at least 2 different points
2026-08-27 17:30:56.091 WARN   Polyline: must contain at least 2 different points
2026-08-27 17:30:56.092 WARN   Polyline: must contain at least 2 different points
2026-08-27 17:30:56.092 WARN   Polyline: must contain at least 2 different points
2026-08-27 17:30:56.092 WARN   Polyline: must contain at least 2 different points
2026-08-27 17:30:56.092 WARN   Polyline: must contain at least 2 different points
2026-08-27 17:30:56.092 WARN   Polyline: must contain at least 2 different points
2026-08-27 17:30:56.092 WARN   Polyline: must contain at least 2 different points
2026-08-27 17:30:56.092 WARN   Polyline: must contain at least 2 different points
2026-08-27 17:30:56.093 WARN   Polyline: must contain at least 2 different points
2026-08-27 17:30:56.093 WARN   Polyline: must contain at least 2 different points
2026-08-27 17:30:56.093 WARN   Polyline: must contain at least 2 different points
2026-08-27 17:30:56.093 WARN   Polyline: must contain at least 2 different points
2026-08-27 17:30:56.093 WARN   Polyline: must contain at least 2 different points
2026-08-27 17:30:56.093 WARN   Polyline: must contain at least 2 different points
2026-08-27 17:30:56.094 WARN   Polyline: must contain at least 2 different points
2026-08-27 17:30:56.094 WARN   Polyline: must contain at least 2 different points
2026-08-27 17:30:56.094 WARN   Polyline: must contain at least 2 different points
2026-08-27 17:30:56.094 WARN   Polyline: must contain at least 2 different points
2026-08-27 17:30:56.094 WARN   Polyline: must contain at least 2 different points
2026-08-27 17:30:56.094 WARN   Polyline: must contain at least 2 different points
2026-08-27 17:30:56.094 WARN   Polyline: must contain at least 2 different points
2026-08-27 17:30:56.095 WARN   Polyline: must contain at least 2 different points
2026-08-27 17:30:56.095 WARN   Polyline: must contain at least 2 different points
2026-08-27 17:30:56.095 WARN   Polyline: must contain at least 2 different points
2026-08-27 17:30:56.095 WARN   Polyline: must contain at least 2 different points
2026-08-27 17:30:56.095 WARN   Polyline: must contain at least 2 different points
2026-08-27 17:30:56.096 WARN   Polyline: must contain at least 2 different points
2026-08-27 17:30:56.096 WARN   Polyline: must contain at least 2 different points
2026-08-27 17:30:56.096 WARN   Polyline: must contain at least 2 different points
2026-08-27 17:30:56.096 WARN   Polyline: must contain at least 2 different points
2026-08-27 17:30:56.096 WARN   Polyline: must contain at least 2 different points
2026-08-27 17:30:56.096 WARN   Polyline: must contain at least 2 different points
2026-08-27 17:30:56.097 WARN   Polyline: must contain at least 2 different points
2026-08-27 17:30:56.097 WARN   Polyline: must contain at least 2 different points
2026-08-27 17:30:56.097 WARN   Polyline: must contain at least 2 different points
2026-08-27 17:30:56.097 WARN   Polyline: must contain at least 2 different points
2026-08-27 17:30:56.097 WARN   Polyline: must contain at least 2 different points
2026-08-27 17:30:56.097 WARN   Polyline: must contain at least 2 different points
2026-08-27 17:30:56.098 WARN   Polyline: must contain at least 2 different points
2026-08-27 17:30:56.098 WARN   Polyline: must contain at least 2 different points
2026-08-27 17:30:56.098 WARN   Polyline: must contain at least 2 different points
2026-08-27 17:30:56.098 WARN   Polyline: must contain at least 2 different points
2026-08-27 17:30:56.098 WARN   Polyline: must contain at least 2 different points
2026-08-27 17:30:56.098 WARN   Polyline: must contain at least 2 different points
2026-08-27 17:30:56.099 WARN   Polyline: must contain at least 2 different points
2026-08-27 17:30:56.099 WARN   Polyline: must contain at least 2 different points
2026-08-27 17:30:56.099 WARN   Polyline: must contain at least 2 different points
2026-08-27 17:30:56.099 WARN   Polyline: must contain at least 2 different points
2026-08-27 17:30:56.099 WARN   Polyline: must contain at least 2 different points
2026-08-27 17:30:56.099 WARN   Polyline: must contain at least 2 different points
2026-08-27 17:30:56.100 WARN   Polyline: must contain at least 2 different points
2026-08-27 17:30:56.100 WARN   Polyline: must contain at least 2 different points
2026-08-27 17:30:56.100 WARN   Polyline: must contain at least 2 different points
2026-08-27 17:30:56.100 WARN   Polyline: must contain at least 2 different points
2026-08-27 17:30:56.100 WARN   Polyline: must contain at least 2 different points
2026-08-27 17:30:56.101 WARN   Polyline: must contain at least 2 different points
2026-08-27 17:30:56.101 WARN   Polyline: must contain at least 2 different points
2026-08-27 17:30:56.101 WARN   Polyline: must contain at least 2 different points
2026-08-27 17:30:56.101 WARN   Polyline: must contain at least 2 different points
2026-08-27 17:30:56.101 WARN   Polyline: must contain at least 2 different points
2026-08-27 17:30:56.101 WARN   Polyline: must contain at least 2 different points
2026-08-27 17:30:56.101 WARN   Polyline: must contain at least 2 different points
2026-08-27 17:30:56.102 WARN   Polyline: must contain at least 2 different points
2026-08-27 17:30:56.102 WARN   Polyline: must contain at least 2 different points
2026-08-27 17:30:56.102 WARN   Polyline: must contain at least 2 different points
2026-08-27 17:30:56.102 WARN   Polyline: must contain at least 2 different points
2026-08-27 17:30:56.102 WARN   Polyline: must contain at least 2 different points
2026-08-27 17:30:56.102 WARN   Polyline: must contain at least 2 different points
2026-08-27 17:30:56.103 WARN   Polyline: must contain at least 2 different points
2026-08-27 17:30:56.103 WARN   Polyline: must contain at least 2 different points
2026-08-27 17:30:56.103 WARN   Polyline: must contain at least 2 different points
2026-08-27 17:30:56.103 WARN   Polyline: must contain at least 2 different points
2026-08-27 17:30:56.103 WARN   Polyline: must contain at least 2 different points
2026-08-27 17:30:56.103 WARN   Polyline: must contain at least 2 different points
2026-08-27 17:30:56.104 WARN   Polyline: must contain at least 2 different points
2026-08-27 17:30:56.104 WARN   Polyline: must contain at least 2 different points
2026-08-27 17:30:56.104 WARN   Polyline: must contain at least 2 different points
2026-08-27 17:30:56.104 WARN   Polyline: must contain at least 2 different points
2026-08-27 17:30:56.104 WARN   Polyline: must contain at least 2 different points
2026-08-27 17:30:56.104 WARN   Polyline: must contain at least 2 different points
2026-08-27 17:30:56.104 WARN   Polyline: must contain at least 2 different points
2026-08-27 17:30:56.105 WARN   Polyline: must contain at least 2 different points
2026-08-27 17:30:56.105 WARN   Polyline: must contain at least 2 different points
2026-08-27 17:30:56.105 WARN   Polyline: must contain at least 2 different points
2026-08-27 17:30:56.105 WARN   Polyline: must contain at least 2 different points
2026-08-27 17:30:56.105 WARN   Polyline: must contain at least 2 different points
2026-08-27 17:30:56.105 WARN   Polyline: must contain at least 2 different points
2026-08-27 17:30:56.106 WARN   Polyline: must contain at least 2 different points
2026-08-27 17:30:56.106 WARN   Polyline: must contain at least 2 different points
2026-08-27 17:30:56.106 WARN   Polyline: must contain at least 2 different points
2026-08-27 17:30:56.106 WARN   Polyline: must contain at least 2 different points
2026-08-27 17:30:56.106 WARN   Polyline: must contain at least 2 different points
2026-08-27 17:30:56.106 WARN   Polyline: must contain at least 2 different points
2026-08-27 17:30:56.106 WARN   Polyline: must contain at least 2 different points
2026-08-27 17:30:56.107 WARN   Polyline: must contain at least 2 different points
2026-08-27 17:30:56.107 WARN   Polyline: must contain at least 2 different points
2026-08-27 17:30:56.107 WARN   Polyline: must contain at least 2 different points
2026-08-27 17:30:56.107 WARN   Polyline: must contain at least 2 different points
2026-08-27 17:30:56.107 WARN   Polyline: must contain at least 2 different points
2026-08-27 17:30:56.107 WARN   Polyline: must contain at least 2 different points
2026-08-27 17:30:56.108 WARN   Polyline: must contain at least 2 different points
2026-08-27 17:30:56.108 WARN   Polyline: must contain at least 2 different points
2026-08-27 17:30:56.108 WARN   Polyline: must contain at least 2 different points
2026-08-27 17:30:56.108 WARN   Polyline: must contain at least 2 different points
2026-08-27 17:30:56.108 WARN   Polyline: must contain at least 2 different points
2026-08-27 17:30:56.108 WARN   Polyline: must contain at least 2 different points
2026-08-27 17:30:56.108 WARN   Polyline: must contain at least 2 different points
2026-08-27 17:30:56.109 WARN   Polyline: must contain at least 2 different points
2026-08-27 17:30:56.109 WARN   Polyline: must contain at least 2 different points
2026-08-27 17:30:56.109 WARN   Polyline: must contain at least 2 different points
2026-08-27 17:30:56.109 WARN   Polyline: must contain at least 2 different points
2026-08-27 17:30:56.109 WARN   Polyline: must contain at least 2 different points
2026-08-27 17:30:56.109 WARN   Polyline: must contain at least 2 different points
2026-08-27 17:30:56.110 WARN   Polyline: must contain at least 2 different points
2026-08-27 17:30:56.110 WARN   Polyline: must contain at least 2 different points
2026-08-27 17:30:56.110 WARN   Polyline: must contain at least 2 different points
2026-08-27 17:30:56.110 WARN   Polyline: must contain at least 2 different points
2026-08-27 17:30:56.110 WARN   Polyline: must contain at least 2 different points
2026-08-27 17:30:56.110 WARN   Polyline: must contain at least 2 different points
2026-08-27 17:30:56.110 WARN   Polyline: must contain at least 2 different points
2026-08-27 17:30:56.111 WARN   Polyline: must contain at least 2 different points
2026-08-27 17:30:56.111 WARN   Polyline: must contain at least 2 different points
2026-08-27 17:30:56.111 WARN   Polyline: must contain at least 2 different points
2026-08-27 17:30:56.111 WARN   Polyline: must contain at least 2 different points
2026-08-27 17:30:56.111 WARN   Polyline: must contain at least 2 different points
2026-08-27 17:30:56.111 WARN   Polyline: must contain at least 2 different points
2026-08-27 17:30:56.112 WARN   Polyline: must contain at least 2 different points
2026-08-27 17:30:56.112 WARN   Polyline: must contain at least 2 different points
2026-08-27 17:30:56.112 WARN   Polyline: must contain at least 2 different points
2026-08-27 17:30:56.112 WARN   Polyline: must contain at least 2 different points
2026-08-27 17:30:56.112 WARN   Polyline: must contain at least 2 different points
2026-08-27 17:30:56.112 WARN   Polyline: must contain at least 2 different points
2026-08-27 17:30:56.112 WARN   Polyline: must contain at least 2 different points
2026-08-27 17:30:56.113 WARN   Polyline: must contain at least 2 different points
2026-08-27 17:30:56.113 WARN   Polyline: must contain at least 2 different points
2026-08-27 17:30:56.113 WARN   Polyline: must contain at least 2 different points
2026-08-27 17:30:56.113 WARN   Polyline: must contain at least 2 different points
2026-08-27 17:30:56.113 WARN   Polyline: must contain at least 2 different points
2026-08-27 17:30:56.113 WARN   Polyline: must contain at least 2 different points
2026-08-27 17:30:56.114 WARN   Polyline: must contain at least 2 different points
2026-08-27 17:30:56.114 WARN   Polyline: must contain at least 2 different points
2026-08-27 17:30:56.114 WARN   Polyline: must contain at least 2 different points
2026-08-27 17:30:56.114 WARN   Polyline: must contain at least 2 different points
2026-08-27 17:30:56.114 WARN   Polyline: must contain at least 2 different points
2026-08-27 17:30:56.114 WARN   Polyline: must contain at least 2 different points
2026-08-27 17:30:56.114 WARN   Polyline: must contain at least 2 different points
2026-08-27 17:30:56.115 WARN   Polyline: must contain at least 2 different points
2026-08-27 17:30:56.115 WARN   Polyline: must contain at least 2 different points
2026-08-27 17:30:56.115 WARN   Polyline: must contain at least 2 different points
2026-08-27 17:30:56.115 WARN   Polyline: must contain at least 2 different points
2026-08-27 17:30:56.115 WARN   Polyline: must contain at least 2 different points
2026-08-27 17:30:56.115 WARN   Polyline: must contain at least 2 different points
2026-08-27 17:30:56.115 WARN   Polyline: must contain at least 2 different points
2026-08-27 17:30:56.116 WARN   Polyline: must contain at least 2 different points
2026-08-27 17:30:56.116 WARN   Polyline: must contain at least 2 different points
2026-08-27 17:30:56.116 WARN   Polyline: must contain at least 2 different points
2026-08-27 17:30:56.116 WARN   Polyline: must contain at least 2 different points
2026-08-27 17:30:56.116 WARN   Polyline: must contain at least 2 different points
2026-08-27 17:30:56.116 WARN   Polyline: must contain at least 2 different points
2026-08-27 17:30:56.117 WARN   Polyline: must contain at least 2 different points
2026-08-27 17:30:56.117 WARN   Polyline: must contain at least 2 different points
2026-08-27 17:30:56.117 WARN   Polyline: must contain at least 2 different points
2026-08-27 17:30:56.117 WARN   Polyline: must contain at least 2 different points
2026-08-27 17:30:56.117 WARN   Polyline: must contain at least 2 different points
2026-08-27 17:30:56.117 WARN   Polyline: must contain at least 2 different points
2026-08-27 17:30:56.118 WARN   Polyline: must contain at least 2 different points
2026-08-27 17:30:56.118 WARN   Polyline: must contain at least 2 different points
2026-08-27 17:30:56.118 WARN   Polyline: must contain at least 2 different points
2026-08-27 17:30:56.118 WARN   Polyline: must contain at least 2 different points
2026-08-27 17:30:56.118 WARN   Polyline: must contain at least 2 different points
2026-08-27 17:30:56.118 WARN   Polyline: must contain at least 2 different points
2026-08-27 17:30:56.118 WARN   Polyline: must contain at least 2 different points
2026-08-27 17:30:56.119 WARN   Polyline: must contain at least 2 different points
2026-08-27 17:30:56.119 WARN   Polyline: must contain at least 2 different points
2026-08-27 17:30:56.119 WARN   Polyline: must contain at least 2 different points
2026-08-27 17:30:56.119 WARN   Polyline: must contain at least 2 different points
2026-08-27 17:30:56.119 WARN   Polyline: must contain at least 2 different points
2026-08-27 17:30:56.119 WARN   Polyline: must contain at least 2 different points
2026-08-27 17:30:56.120 WARN   Polyline: must contain at least 2 different points
2026-08-27 17:30:56.120 WARN   Polyline: must contain at least 2 different points
2026-08-27 17:30:56.120 WARN   Polyline: must contain at least 2 different points
2026-08-27 17:30:56.120 WARN   Polyline: must contain at least 2 different points
2026-08-27 17:30:56.120 WARN   Polyline: must contain at least 2 different points
2026-08-27 17:30:56.120 WARN   Polyline: must contain at least 2 different points
2026-08-27 17:30:56.120 WARN   Polyline: must contain at least 2 different points
2026-08-27 17:30:56.121 WARN   Polyline: must contain at least 2 different points
2026-08-27 17:30:56.121 WARN   Polyline: must contain at least 2 different points
2026-08-27 17:30:56.121 WARN   Polyline: must contain at least 2 different points
2026-08-27 17:30:56.121 WARN   Polyline: must contain at least 2 different points
2026-08-27 17:30:56.121 WARN   Polyline: must contain at least 2 different points
2026-08-27 17:30:56.121 WARN   Polyline: must contain at least 2 different points
2026-08-27 17:30:56.121 WARN   Polyline: must contain at least 2 different points
2026-08-27 17:30:56.122 WARN   Polyline: must contain at least 2 different points
2026-08-27 17:30:56.122 WARN   Polyline: must contain at least 2 different points
2026-08-27 17:30:56.122 WARN   Polyline: must contain at least 2 different points
2026-08-27 17:30:56.122 WARN   Polyline: must contain at least 2 different points
2026-08-27 17:30:56.122 WARN   Polyline: must contain at least 2 different points
2026-08-27 17:30:56.122 WARN   Polyline: must contain at least 2 different points
2026-08-27 17:30:56.123 WARN   Polyline: must contain at least 2 different points
2026-08-27 17:30:56.123 WARN   Polyline: must contain at least 2 different points
2026-08-27 17:30:56.123 WARN   Polyline: must contain at least 2 different points
2026-08-27 17:30:56.123 WARN   Polyline: must contain at least 2 different points
2026-08-27 17:30:56.123 WARN   Polyline: must contain at least 2 different points
2026-08-27 17:30:56.123 WARN   Polyline: must contain at least 2 different points
2026-08-27 17:30:56.123 WARN   Polyline: must contain at least 2 different points
2026-08-27 17:30:56.124 WARN   Polyline: must contain at least 2 different points
2026-08-27 17:30:56.124 WARN   Polyline: must contain at least 2 different points
2026-08-27 17:30:56.124 WARN   Polyline: must contain at least 2 different points
2026-08-27 17:30:56.124 WARN   Polyline: must contain at least 2 different points
2026-08-27 17:30:56.124 WARN   Polyline: must contain at least 2 different points
2026-08-27 17:30:56.124 WARN   Polyline: must contain at least 2 different points
2026-08-27 17:30:56.125 WARN   Polyline: must contain at least 2 different points
2026-08-27 17:30:56.125 WARN   Polyline: must contain at least 2 different points
2026-08-27 17:30:56.125 WARN   Polyline: must contain at least 2 different points
2026-08-27 17:30:56.125 WARN   Polyline: must contain at least 2 different points
2026-08-27 17:30:56.125 WARN   Polyline: must contain at least 2 different points
2026-08-27 17:30:56.126 WARN   Polyline: must contain at least 2 different points
2026-08-27 17:30:56.126 WARN   Polyline: must contain at least 2 different points
2026-08-27 17:30:56.126 WARN   Polyline: must contain at least 2 different points
2026-08-27 17:30:56.126 WARN   Polyline: must contain at least 2 different points
2026-08-27 17:30:56.126 WARN   Polyline: must contain at least 2 different points
2026-08-27 17:30:56.126 WARN   Polyline: must contain at least 2 different points
2026-08-27 17:30:56.126 WARN   Polyline: must contain at least 2 different points
2026-08-27 17:30:56.127 WARN   Polyline: must contain at least 2 different points
2026-08-27 17:30:56.127 WARN   Polyline: must contain at least 2 different points
2026-08-27 17:30:56.127 WARN   Polyline: must contain at least 2 different points
2026-08-27 17:30:56.127 WARN   Polyline: must contain at least 2 different points
2026-08-27 17:30:56.127 WARN   Polyline: must contain at least 2 different points
2026-08-27 17:30:56.127 WARN   Polyline: must contain at least 2 different points
2026-08-27 17:30:56.128 WARN   Polyline: must contain at least 2 different points
2026-08-27 17:30:56.128 WARN   Polyline: must contain at least 2 different points
2026-08-27 17:30:56.128 WARN   Polyline: must contain at least 2 different points
2026-08-27 17:30:56.128 WARN   Polyline: must contain at least 2 different points
2026-08-27 17:30:56.128 WARN   Polyline: must contain at least 2 different points
2026-08-27 17:30:56.128 WARN   Polyline: must contain at least 2 different points
2026-08-27 17:30:56.129 WARN   Polyline: must contain at least 2 different points
2026-08-27 17:30:56.129 WARN   Polyline: must contain at least 2 different points
2026-08-27 17:30:56.129 WARN   Polyline: must contain at least 2 different points
2026-08-27 17:30:56.129 WARN   Polyline: must contain at least 2 different points
2026-08-27 17:30:56.129 WARN   Polyline: must contain at least 2 different points
2026-08-27 17:30:56.129 WARN   Polyline: must contain at least 2 different points
2026-08-27 17:30:56.129 WARN   Polyline: must contain at least 2 different points
2026-08-27 17:30:56.130 WARN   Polyline: must contain at least 2 different points
2026-08-27 17:30:56.130 WARN   Polyline: must contain at least 2 different points
2026-08-27 17:30:56.130 WARN   Polyline: must contain at least 2 different points
2026-08-27 17:30:56.130 WARN   Polyline: must contain at least 2 different points
2026-08-27 17:30:56.130 WARN   Polyline: must contain at least 2 different points
2026-08-27 17:30:56.130 WARN   Polyline: must contain at least 2 different points
2026-08-27 17:30:56.131 WARN   Polyline: must contain at least 2 different points
2026-08-27 17:30:56.131 WARN   Polyline: must contain at least 2 different points
2026-08-27 17:30:56.131 WARN   Polyline: must contain at least 2 different points
2026-08-27 17:30:56.131 WARN   Polyline: must contain at least 2 different points
2026-08-27 17:30:56.131 WARN   Polyline: must contain at least 2 different points
2026-08-27 17:30:56.132 WARN   Polyline: must contain at least 2 different points
2026-08-27 17:30:56.132 WARN   Polyline: must contain at least 2 different points
2026-08-27 17:30:56.132 WARN   Polyline: must contain at least 2 different points
2026-08-27 17:30:56.132 WARN   Polyline: must contain at least 2 different points
2026-08-27 17:30:56.132 WARN   Polyline: must contain at least 2 different points
2026-08-27 17:30:56.132 WARN   Polyline: must contain at least 2 different points
2026-08-27 17:30:56.133 WARN   Polyline: must contain at least 2 different points
2026-08-27 17:30:56.133 WARN   Polyline: must contain at least 2 different points
2026-08-27 17:30:56.133 WARN   Polyline: must contain at least 2 different points
2026-08-27 17:30:56.133 WARN   Polyline: must contain at least 2 different points
2026-08-27 17:30:56.133 WARN   Polyline: must contain at least 2 different points
2026-08-27 17:30:56.133 WARN   Polyline: must contain at least 2 different points
2026-08-27 17:30:56.133 WARN   Polyline: must contain at least 2 different points
2026-08-27 17:30:56.134 WARN   Polyline: must contain at least 2 different points
2026-08-27 17:30:56.134 WARN   Polyline: must contain at least 2 different points
2026-08-27 17:30:56.134 WARN   Polyline: must contain at least 2 different points
2026-08-27 17:30:56.134 WARN   Polyline: must contain at least 2 different points
2026-08-27 17:30:56.134 WARN   Polyline: must contain at least 2 different points
2026-08-27 17:30:56.134 WARN   Polyline: must contain at least 2 different points
2026-08-27 17:30:56.135 WARN   Polyline: must contain at least 2 different points
2026-08-27 17:30:56.135 WARN   Polyline: must contain at least 2 different points
2026-08-27 17:30:56.135 WARN   Polyline: must contain at least 2 different points
2026-08-27 17:30:56.135 WARN   Polyline: must contain at least 2 different points
2026-08-27 17:30:56.135 WARN   Polyline: must contain at least 2 different points
2026-08-27 17:30:56.135 WARN   Polyline: must contain at least 2 different points
2026-08-27 17:30:56.136 WARN   Polyline: must contain at least 2 different points
2026-08-27 17:30:56.136 WARN   Polyline: must contain at least 2 different points
2026-08-27 17:30:56.136 WARN   Polyline: must contain at least 2 different points
2026-08-27 17:30:56.136 WARN   Polyline: must contain at least 2 different points
2026-08-27 17:30:56.136 WARN   Polyline: must contain at least 2 different points
2026-08-27 17:30:56.136 WARN   Polyline: must contain at least 2 different points
2026-08-27 17:30:56.137 WARN   Polyline: must contain at least 2 different points
2026-08-27 17:30:56.137 WARN   Polyline: must contain at least 2 different points
2026-08-27 17:30:56.137 WARN   Polyline: must contain at least 2 different points
2026-08-27 17:30:56.137 WARN   Polyline: must contain at least 2 different points
2026-08-27 17:30:56.137 WARN   Polyline: must contain at least 2 different points
2026-08-27 17:30:56.137 WARN   Polyline: must contain at least 2 different points
2026-08-27 17:30:56.138 WARN   Polyline: must contain at least 2 different points
2026-08-27 17:30:56.138 WARN   Polyline: must contain at least 2 different points
2026-08-27 17:30:56.138 WARN   Polyline: must contain at least 2 different points
2026-08-27 17:30:56.138 WARN   Polyline: must contain at least 2 different points
2026-08-27 17:30:56.138 WARN   Polyline: must contain at least 2 different points
2026-08-27 17:30:56.138 WARN   Polyline: must contain at least 2 different points
2026-08-27 17:30:56.138 WARN   Polyline: must contain at least 2 different points
2026-08-27 17:30:56.139 WARN   Polyline: must contain at least 2 different points
2026-08-27 17:30:56.139 WARN   Polyline: must contain at least 2 different points
2026-08-27 17:30:56.139 WARN   Polyline: must contain at least 2 different points
2026-08-27 17:30:56.139 WARN   Polyline: must contain at least 2 different points
2026-08-27 17:30:56.139 WARN   Polyline: must contain at least 2 different points
2026-08-27 17:30:56.139 WARN   Polyline: must contain at least 2 different points
2026-08-27 17:30:56.142 WARN   Polyline: must contain at least 2 different points
2026-08-27 17:30:56.142 WARN   Polyline: must contain at least 2 different points
2026-08-27 17:30:56.143 WARN   Polyline: must contain at least 2 different points
2026-08-27 17:30:56.143 WARN   Polyline: must contain at least 2 different points
2026-08-27 17:30:56.143 WARN   Polyline: must contain at least 2 different points
2026-08-27 17:30:56.143 WARN   Polyline: must contain at least 2 different points
2026-08-27 17:30:56.143 WARN   Polyline: must contain at least 2 different points
2026-08-27 17:30:56.143 WARN   Polyline: must contain at least 2 different points
2026-08-27 17:30:56.144 WARN   Polyline: must contain at least 2 different points
2026-08-27 17:30:56.144 WARN   Polyline: must contain at least 2 different points
2026-08-27 17:30:56.144 WARN   Polyline: must contain at least 2 different points
2026-08-27 17:30:56.144 WARN   Polyline: must contain at least 2 different points
2026-08-27 17:30:56.144 WARN   Polyline: must contain at least 2 different points
2026-08-27 17:30:56.144 WARN   Polyline: must contain at least 2 different points
2026-08-27 17:30:56.145 WARN   Polyline: must contain at least 2 different points
2026-08-27 17:30:56.145 WARN   Polyline: must contain at least 2 different points
2026-08-27 17:30:56.145 WARN   Polyline: must contain at least 2 different points
2026-08-27 17:30:56.145 WARN   Polyline: must contain at least 2 different points
2026-08-27 17:30:56.145 WARN   Polyline: must contain at least 2 different points
2026-08-27 17:30:56.145 WARN   Polyline: must contain at least 2 different points
2026-08-27 17:30:56.145 WARN   Polyline: must contain at least 2 different points
2026-08-27 17:30:56.146 WARN   Polyline: must contain at least 2 different points
2026-08-27 17:30:56.146 WARN   Polyline: must contain at least 2 different points
2026-08-27 17:30:56.146 WARN   Polyline: must contain at least 2 different points
2026-08-27 17:30:56.146 WARN   Polyline: must contain at least 2 different points
2026-08-27 17:30:56.146 WARN   Polyline: must contain at least 2 different points
2026-08-27 17:30:56.146 WARN   Polyline: must contain at least 2 different points
2026-08-27 17:30:56.146 WARN   Polyline: must contain at least 2 different points
2026-08-27 17:30:56.147 WARN   Polyline: must contain at least 2 different points
2026-08-27 17:30:56.147 WARN   Polyline: must contain at least 2 different points
2026-08-27 17:30:56.147 WARN   Polyline: must contain at least 2 different points
2026-08-27 17:30:56.147 WARN   Polyline: must contain at least 2 different points
2026-08-27 17:30:56.147 WARN   Polyline: must contain at least 2 different points
2026-08-27 17:30:56.147 WARN   Polyline: must contain at least 2 different points
2026-08-27 17:30:56.148 WARN   Polyline: must contain at least 2 different points
2026-08-27 17:30:56.148 WARN   Polyline: must contain at least 2 different points
2026-08-27 17:30:56.148 WARN   Polyline: must contain at least 2 different points
2026-08-27 17:30:56.148 WARN   Polyline: must contain at least 2 different points
2026-08-27 17:30:56.148 WARN   Polyline: must contain at least 2 different points
2026-08-27 17:30:56.148 WARN   Polyline: must contain at least 2 different points
2026-08-27 17:30:56.149 WARN   Polyline: must contain at least 2 different points
2026-08-27 17:30:56.149 WARN   Polyline: must contain at least 2 different points
2026-08-27 17:30:56.149 WARN   Polyline: must contain at least 2 different points
2026-08-27 17:30:56.149 WARN   Polyline: must contain at least 2 different points
2026-08-27 17:30:56.149 WARN   Polyline: must contain at least 2 different points
2026-08-27 17:30:56.149 WARN   Polyline: must contain at least 2 different points
2026-08-27 17:30:56.150 WARN   Polyline: must contain at least 2 different points
2026-08-27 17:30:56.150 WARN   Polyline: must contain at least 2 different points
2026-08-27 17:30:56.150 WARN   Polyline: must contain at least 2 different points
2026-08-27 17:30:56.150 WARN   Polyline: must contain at least 2 different points
2026-08-27 17:30:56.150 WARN   Polyline: must contain at least 2 different points
2026-08-27 17:30:56.150 WARN   Polyline: must contain at least 2 different points
2026-08-27 17:30:56.151 WARN   Polyline: must contain at least 2 different points
2026-08-27 17:30:56.151 WARN   Polyline: must contain at least 2 different points
2026-08-27 17:30:56.151 WARN   Polyline: must contain at least 2 different points
2026-08-27 17:30:56.151 WARN   Polyline: must contain at least 2 different points
2026-08-27 17:30:56.151 WARN   Polyline: must contain at least 2 different points
2026-08-27 17:30:56.151 WARN   Polyline: must contain at least 2 different points
2026-08-27 17:30:56.152 WARN   Polyline: must contain at least 2 different points
2026-08-27 17:30:56.152 WARN   Polyline: must contain at least 2 different points
2026-08-27 17:30:56.152 WARN   Polyline: must contain at least 2 different points
2026-08-27 17:30:56.152 WARN   Polyline: must contain at least 2 different points
2026-08-27 17:30:56.152 WARN   Polyline: must contain at least 2 different points
2026-08-27 17:30:56.152 WARN   Polyline: must contain at least 2 different points
2026-08-27 17:30:56.153 WARN   Polyline: must contain at least 2 different points
2026-08-27 17:30:56.153 WARN   Polyline: must contain at least 2 different points
2026-08-27 17:30:56.153 WARN   Polyline: must contain at least 2 different points
2026-08-27 17:30:56.153 WARN   Polyline: must contain at least 2 different points
2026-08-27 17:30:56.153 WARN   Polyline: must contain at least 2 different points
2026-08-27 17:30:56.154 WARN   Polyline: must contain at least 2 different points
2026-08-27 17:30:56.154 WARN   Polyline: must contain at least 2 different points
2026-08-27 17:30:56.154 WARN   Polyline: must contain at least 2 different points
2026-08-27 17:30:56.154 WARN   Polyline: must contain at least 2 different points
2026-08-27 17:30:56.154 WARN   Polyline: must contain at least 2 different points
2026-08-27 17:30:56.154 WARN   Polyline: must contain at least 2 different points
2026-08-27 17:30:56.154 WARN   Polyline: must contain at least 2 different points
2026-08-27 17:30:56.155 WARN   Polyline: must contain at least 2 different points
2026-08-27 17:30:56.155 WARN   Polyline: must contain at least 2 different points
2026-08-27 17:30:56.155 WARN   Polyline: must contain at least 2 different points
2026-08-27 17:30:56.155 WARN   Polyline: must contain at least 2 different points
2026-08-27 17:30:56.155 WARN   Polyline: must contain at least 2 different points
2026-08-27 17:30:56.155 WARN   Polyline: must contain at least 2 different points
2026-08-27 17:30:56.156 WARN   Polyline: must contain at least 2 different points
2026-08-27 17:30:56.156 WARN   Polyline: must contain at least 2 different points
2026-08-27 17:30:56.156 WARN   Polyline: must contain at least 2 different points
2026-08-27 17:30:56.156 WARN   Polyline: must contain at least 2 different points
2026-08-27 17:30:56.156 WARN   Polyline: must contain at least 2 different points
2026-08-27 17:30:56.156 WARN   Polyline: must contain at least 2 different points
2026-08-27 17:30:56.157 WARN   Polyline: must contain at least 2 different points
2026-08-27 17:30:56.157 WARN   Polyline: must contain at least 2 different points
2026-08-27 17:30:56.157 WARN   Polyline: must contain at least 2 different points
2026-08-27 17:30:56.157 WARN   Polyline: must contain at least 2 different points
2026-08-27 17:30:56.157 WARN   Polyline: must contain at least 2 different points
2026-08-27 17:30:56.157 WARN   Polyline: must contain at least 2 different points
2026-08-27 17:30:56.157 WARN   Polyline: must contain at least 2 different points
2026-08-27 17:30:56.158 WARN   Polyline: must contain at least 2 different points
2026-08-27 17:30:56.158 WARN   Polyline: must contain at least 2 different points
2026-08-27 17:30:56.158 WARN   Polyline: must contain at least 2 different points
2026-08-27 17:30:56.158 WARN   Polyline: must contain at least 2 different points
2026-08-27 17:30:56.158 WARN   Polyline: must contain at least 2 different points
2026-08-27 17:30:56.158 WARN   Polyline: must contain at least 2 different points
2026-08-27 17:30:56.159 WARN   Polyline: must contain at least 2 different points
2026-08-27 17:30:56.159 WARN   Polyline: must contain at least 2 different points
2026-08-27 17:30:56.159 WARN   Polyline: must contain at least 2 different points
2026-08-27 17:30:56.159 WARN   Polyline: must contain at least 2 different points
2026-08-27 17:30:56.159 WARN   Polyline: must contain at least 2 different points
2026-08-27 17:30:56.159 WARN   Polyline: must contain at least 2 different points
2026-08-27 17:30:56.160 WARN   Polyline: must contain at least 2 different points
2026-08-27 17:30:56.160 WARN   Polyline: must contain at least 2 different points
2026-08-27 17:30:56.160 WARN   Polyline: must contain at least 2 different points
2026-08-27 17:30:56.160 WARN   Polyline: must contain at least 2 different points
2026-08-27 17:30:56.160 WARN   Polyline: must contain at least 2 different points
2026-08-27 17:30:56.160 WARN   Polyline: must contain at least 2 different points
2026-08-27 17:30:56.161 WARN   Polyline: must contain at least 2 different points
2026-08-27 17:30:56.161 WARN   Polyline: must contain at least 2 different points
2026-08-27 17:30:56.161 WARN   Polyline: must contain at least 2 different points
2026-08-27 17:30:56.161 WARN   Polyline: must contain at least 2 different points
2026-08-27 17:30:56.161 WARN   Polyline: must contain at least 2 different points
2026-08-27 17:30:56.161 WARN   Polyline: must contain at least 2 different points
2026-08-27 17:30:56.162 WARN   Polyline: must contain at least 2 different points
2026-08-27 17:30:56.162 WARN   Polyline: must contain at least 2 different points
2026-08-27 17:30:56.162 WARN   Polyline: must contain at least 2 different points
2026-08-27 17:30:56.162 WARN   Polyline: must contain at least 2 different points
2026-08-27 17:30:56.162 WARN   Polyline: must contain at least 2 different points
2026-08-27 17:30:56.162 WARN   Polyline: must contain at least 2 different points
2026-08-27 17:30:56.162 WARN   Polyline: must contain at least 2 different points
2026-08-27 17:30:56.163 WARN   Polyline: must contain at least 2 different points
2026-08-27 17:30:56.163 WARN   Polyline: must contain at least 2 different points
2026-08-27 17:30:56.163 WARN   Polyline: must contain at least 2 different points
2026-08-27 17:30:56.163 WARN   Polyline: must contain at least 2 different points
2026-08-27 17:30:56.163 WARN   Polyline: must contain at least 2 different points
2026-08-27 17:30:56.163 WARN   Polyline: must contain at least 2 different points
2026-08-27 17:30:56.164 WARN   Polyline: must contain at least 2 different points
2026-08-27 17:30:56.164 WARN   Polyline: must contain at least 2 different points
2026-08-27 17:30:56.164 WARN   Polyline: must contain at least 2 different points
2026-08-27 17:30:56.164 WARN   Polyline: must contain at least 2 different points
2026-08-27 17:30:56.164 WARN   Polyline: must contain at least 2 different points
2026-08-27 17:30:56.164 WARN   Polyline: must contain at least 2 different points
2026-08-27 17:30:56.165 WARN   Polyline: must contain at least 2 different points
2026-08-27 17:30:56.165 WARN   Polyline: must contain at least 2 different points
2026-08-27 17:30:56.165 WARN   Polyline: must contain at least 2 different points
2026-08-27 17:30:56.165 WARN   Polyline: must contain at least 2 different points
2026-08-27 17:30:56.165 WARN   Polyline: must contain at least 2 different points
2026-08-27 17:30:56.165 WARN   Polyline: must contain at least 2 different points
2026-08-27 17:30:56.165 WARN   Polyline: must contain at least 2 different points
2026-08-27 17:30:56.166 WARN   Polyline: must contain at least 2 different points
2026-08-27 17:30:56.166 WARN   Polyline: must contain at least 2 different points
2026-08-27 17:30:56.166 WARN   Polyline: must contain at least 2 different points
2026-08-27 17:30:56.166 WARN   Polyline: must contain at least 2 different points
2026-08-27 17:30:56.166 WARN   Polyline: must contain at least 2 different points
2026-08-27 17:30:56.166 WARN   Polyline: must contain at least 2 different points
2026-08-27 17:30:56.167 WARN   Polyline: must contain at least 2 different points
2026-08-27 17:30:56.167 WARN   Polyline: must contain at least 2 different points
2026-08-27 17:30:56.167 WARN   Polyline: must contain at least 2 different points
2026-08-27 17:30:56.167 WARN   Polyline: must contain at least 2 different points
2026-08-27 17:30:56.167 WARN   Polyline: must contain at least 2 different points
2026-08-27 17:30:56.167 WARN   Polyline: must contain at least 2 different points
2026-08-27 17:30:56.168 WARN   Polyline: must contain at least 2 different points
2026-08-27 17:30:56.168 WARN   Polyline: must contain at least 2 different points
2026-08-27 17:30:56.168 WARN   Polyline: must contain at least 2 different points
2026-08-27 17:30:56.168 WARN   Polyline: must contain at least 2 different points
2026-08-27 17:30:56.168 WARN   Polyline: must contain at least 2 different points
2026-08-27 17:30:56.168 WARN   Polyline: must contain at least 2 different points
2026-08-27 17:30:56.169 WARN   Polyline: must contain at least 2 different points
2026-08-27 17:30:56.169 WARN   Polyline: must contain at least 2 different points
2026-08-27 17:30:56.169 WARN   Polyline: must contain at least 2 different points
2026-08-27 17:30:56.169 WARN   Polyline: must contain at least 2 different points
2026-08-27 17:30:56.169 WARN   Polyline: must contain at least 2 different points
2026-08-27 17:30:56.169 WARN   Polyline: must contain at least 2 different points
2026-08-27 17:30:56.169 WARN   Polyline: must contain at least 2 different points
2026-08-27 17:30:56.170 WARN   Polyline: must contain at least 2 different points
2026-08-27 17:30:56.170 WARN   Polyline: must contain at least 2 different points
2026-08-27 17:30:56.170 WARN   Polyline: must contain at least 2 different points
2026-08-27 17:30:56.170 WARN   Polyline: must contain at least 2 different points
2026-08-27 17:30:56.170 WARN   Polyline: must contain at least 2 different points
2026-08-27 17:30:56.170 WARN   Polyline: must contain at least 2 different points
2026-08-27 17:30:56.170 WARN   Polyline: must contain at least 2 different points
2026-08-27 17:30:56.171 WARN   Polyline: must contain at least 2 different points
2026-08-27 17:30:56.171 WARN   Polyline: must contain at least 2 different points
2026-08-27 17:30:56.171 WARN   Polyline: must contain at least 2 different points
2026-08-27 17:30:56.171 WARN   Polyline: must contain at least 2 different points
2026-08-27 17:30:56.171 WARN   Polyline: must contain at least 2 different points
2026-08-27 17:30:56.171 WARN   Polyline: must contain at least 2 different points
2026-08-27 17:30:56.172 WARN   Polyline: must contain at least 2 different points
2026-08-27 17:30:56.172 WARN   Polyline: must contain at least 2 different points
2026-08-27 17:30:56.172 WARN   Polyline: must contain at least 2 different points
2026-08-27 17:30:56.172 WARN   Polyline: must contain at least 2 different points
2026-08-27 17:30:56.172 WARN   Polyline: must contain at least 2 different points
2026-08-27 17:30:56.172 WARN   Polyline: must contain at least 2 different points
2026-08-27 17:30:56.173 WARN   Polyline: must contain at least 2 different points
2026-08-27 17:30:56.173 WARN   Polyline: must contain at least 2 different points
2026-08-27 17:30:56.173 WARN   Polyline: must contain at least 2 different points
2026-08-27 17:30:56.173 WARN   Polyline: must contain at least 2 different points
2026-08-27 17:30:56.173 WARN   Polyline: must contain at least 2 different points
2026-08-27 17:30:56.173 WARN   Polyline: must contain at least 2 different points
2026-08-27 17:30:56.173 WARN   Polyline: must contain at least 2 different points
2026-08-27 17:30:56.174 WARN   Polyline: must contain at least 2 different points
2026-08-27 17:30:56.174 WARN   Polyline: must contain at least 2 different points
2026-08-27 17:30:56.174 WARN   Polyline: must contain at least 2 different points
2026-08-27 17:30:56.174 WARN   Polyline: must contain at least 2 different points
2026-08-27 17:30:56.174 WARN   Polyline: must contain at least 2 different points
2026-08-27 17:30:56.174 WARN   Polyline: must contain at least 2 different points
2026-08-27 17:30:56.175 WARN   Polyline: must contain at least 2 different points
2026-08-27 17:30:56.175 WARN   Polyline: must contain at least 2 different points
2026-08-27 17:30:56.175 WARN   Polyline: must contain at least 2 different points
2026-08-27 17:30:56.175 WARN   Polyline: must contain at least 2 different points
2026-08-27 17:30:56.175 WARN   Polyline: must contain at least 2 different points
2026-08-27 17:30:56.175 WARN   Polyline: must contain at least 2 different points
2026-08-27 17:30:56.176 WARN   Polyline: must contain at least 2 different points
2026-08-27 17:30:56.176 WARN   Polyline: must contain at least 2 different points
2026-08-27 17:30:56.176 WARN   Polyline: must contain at least 2 different points
2026-08-27 17:30:56.176 WARN   Polyline: must contain at least 2 different points
2026-08-27 17:30:56.176 WARN   Polyline: must contain at least 2 different points
2026-08-27 17:30:56.176 WARN   Polyline: must contain at least 2 different points
2026-08-27 17:30:56.177 WARN   Polyline: must contain at least 2 different points
2026-08-27 17:30:56.177 WARN   Polyline: must contain at least 2 different points
2026-08-27 17:30:56.177 WARN   Polyline: must contain at least 2 different points
2026-08-27 17:30:56.177 WARN   Polyline: must contain at least 2 different points
2026-08-27 17:30:56.177 WARN   Polyline: must contain at least 2 different points
2026-08-27 17:30:56.177 WARN   Polyline: must contain at least 2 different points
2026-08-27 17:30:56.177 WARN   Polyline: must contain at least 2 different points
2026-08-27 17:30:56.178 WARN   Polyline: must contain at least 2 different points
2026-08-27 17:30:56.178 WARN   Polyline: must contain at least 2 different points
2026-08-27 17:30:56.178 WARN   Polyline: must contain at least 2 different points
2026-08-27 17:30:56.178 WARN   Polyline: must contain at least 2 different points
2026-08-27 17:30:56.178 WARN   Polyline: must contain at least 2 different points
2026-08-27 17:30:56.178 WARN   Polyline: must contain at least 2 different points
2026-08-27 17:30:56.179 WARN   Polyline: must contain at least 2 different points
2026-08-27 17:30:56.179 WARN   Polyline: must contain at least 2 different points
2026-08-27 17:30:56.179 WARN   Polyline: must contain at least 2 different points
2026-08-27 17:30:56.179 WARN   Polyline: must contain at least 2 different points
2026-08-27 17:30:56.179 WARN   Polyline: must contain at least 2 different points
2026-08-27 17:30:56.179 WARN   Polyline: must contain at least 2 different points
2026-08-27 17:30:56.180 WARN   Polyline: must contain at least 2 different points
2026-08-27 17:30:56.180 WARN   Polyline: must contain at least 2 different points
2026-08-27 17:30:56.180 WARN   Polyline: must contain at least 2 different points
2026-08-27 17:30:56.180 WARN   Polyline: must contain at least 2 different points
2026-08-27 17:30:56.180 WARN   Polyline: must contain at least 2 different points
2026-08-27 17:30:56.180 WARN   Polyline: must contain at least 2 different points
2026-08-27 17:30:56.181 WARN   Polyline: must contain at least 2 different points
2026-08-27 17:30:56.181 WARN   Polyline: must contain at least 2 different points
2026-08-27 17:30:56.181 WARN   Polyline: must contain at least 2 different points
2026-08-27 17:30:56.181 WARN   Polyline: must contain at least 2 different points
2026-08-27 17:30:56.181 WARN   Polyline: must contain at least 2 different points
2026-08-27 17:30:56.181 WARN   Polyline: must contain at least 2 different points
2026-08-27 17:30:56.181 WARN   Polyline: must contain at least 2 different points
2026-08-27 17:30:56.182 WARN   Polyline: must contain at least 2 different points
2026-08-27 17:30:56.182 WARN   Polyline: must contain at least 2 different points
2026-08-27 17:30:56.182 WARN   Polyline: must contain at least 2 different points
2026-08-27 17:30:56.182 WARN   Polyline: must contain at least 2 different points
2026-08-27 17:30:56.182 WARN   Polyline: must contain at least 2 different points
2026-08-27 17:30:56.182 WARN   Polyline: must contain at least 2 different points
2026-08-27 17:30:56.183 WARN   Polyline: must contain at least 2 different points
2026-08-27 17:30:56.183 WARN   Polyline: must contain at least 2 different points
2026-08-27 17:30:56.183 WARN   Polyline: must contain at least 2 different points
2026-08-27 17:30:56.183 WARN   Polyline: must contain at least 2 different points
2026-08-27 17:30:56.183 WARN   Polyline: must contain at least 2 different points
2026-08-27 17:30:56.183 WARN   Polyline: must contain at least 2 different points
2026-08-27 17:30:56.183 WARN   Polyline: must contain at least 2 different points
2026-08-27 17:30:56.184 WARN   Polyline: must contain at least 2 different points
2026-08-27 17:30:56.184 WARN   Polyline: must contain at least 2 different points
2026-08-27 17:30:56.184 WARN   Polyline: must contain at least 2 different points
2026-08-27 17:30:56.184 WARN   Polyline: must contain at least 2 different points
2026-08-27 17:30:56.184 WARN   Polyline: must contain at least 2 different points
2026-08-27 17:30:56.184 WARN   Polyline: must contain at least 2 different points
2026-08-27 17:30:56.185 WARN   Polyline: must contain at least 2 different points
2026-08-27 17:30:56.185 WARN   Polyline: must contain at least 2 different points
2026-08-27 17:30:56.185 WARN   Polyline: must contain at least 2 different points
2026-08-27 17:30:56.185 WARN   Polyline: must contain at least 2 different points
2026-08-27 17:30:56.185 WARN   Polyline: must contain at least 2 different points
2026-08-27 17:30:56.185 WARN   Polyline: must contain at least 2 different points
2026-08-27 17:30:56.185 WARN   Polyline: must contain at least 2 different points
2026-08-27 17:30:56.186 WARN   Polyline: must contain at least 2 different points
2026-08-27 17:30:56.186 WARN   Polyline: must contain at least 2 different points
2026-08-27 17:30:56.186 WARN   Polyline: must contain at least 2 different points
2026-08-27 17:30:56.186 WARN   Polyline: must contain at least 2 different points
2026-08-27 17:30:56.186 WARN   Polyline: must contain at least 2 different points
2026-08-27 17:30:56.186 WARN   Polyline: must contain at least 2 different points
2026-08-27 17:30:56.187 WARN   Polyline: must contain at least 2 different points
2026-08-27 17:30:56.187 WARN   Polyline: must contain at least 2 different points
2026-08-27 17:30:56.187 WARN   Polyline: must contain at least 2 different points
2026-08-27 17:30:56.187 WARN   Polyline: must contain at least 2 different points
2026-08-27 17:30:56.187 WARN   Polyline: must contain at least 2 different points
2026-08-27 17:30:56.187 WARN   Polyline: must contain at least 2 different points
2026-08-27 17:30:56.188 WARN   Polyline: must contain at least 2 different points
2026-08-27 17:30:56.188 WARN   Polyline: must contain at least 2 different points
2026-08-27 17:30:56.188 WARN   Polyline: must contain at least 2 different points
2026-08-27 17:30:56.188 WARN   Polyline: must contain at least 2 different points
2026-08-27 17:30:56.188 WARN   Polyline: must contain at least 2 different points
2026-08-27 17:30:56.188 WARN   Polyline: must contain at least 2 different points
2026-08-27 17:30:56.189 WARN   Polyline: must contain at least 2 different points
2026-08-27 17:30:56.189 WARN   Polyline: must contain at least 2 different points
2026-08-27 17:30:56.189 WARN   Polyline: must contain at least 2 different points
2026-08-27 17:30:56.189 WARN   Polyline: must contain at least 2 different points
2026-08-27 17:30:56.189 WARN   Polyline: must contain at least 2 different points
2026-08-27 17:30:56.189 WARN   Polyline: must contain at least 2 different points
2026-08-27 17:30:56.190 WARN   Polyline: must contain at least 2 different points
2026-08-27 17:30:56.190 WARN   Polyline: must contain at least 2 different points
2026-08-27 17:30:56.190 WARN   Polyline: must contain at least 2 different points
2026-08-27 17:30:56.190 WARN   Polyline: must contain at least 2 different points
2026-08-27 17:30:56.190 WARN   Polyline: must contain at least 2 different points
2026-08-27 17:30:56.190 WARN   Polyline: must contain at least 2 different points
2026-08-27 17:30:56.191 WARN   Polyline: must contain at least 2 different points
2026-08-27 17:30:56.191 WARN   Polyline: must contain at least 2 different points
2026-08-27 17:30:56.191 WARN   Polyline: must contain at least 2 different points
2026-08-27 17:30:56.191 WARN   Polyline: must contain at least 2 different points
2026-08-27 17:30:56.191 WARN   Polyline: must contain at least 2 different points
2026-08-27 17:30:56.191 WARN   Polyline: must contain at least 2 different points
2026-08-27 17:30:56.191 WARN   Polyline: must contain at least 2 different points
2026-08-27 17:30:56.192 WARN   Polyline: must contain at least 2 different points
2026-08-27 17:30:56.192 WARN   Polyline: must contain at least 2 different points
2026-08-27 17:30:56.192 WARN   Polyline: must contain at least 2 different points
2026-08-27 17:30:56.192 WARN   Polyline: must contain at least 2 different points
2026-08-27 17:30:56.192 WARN   Polyline: must contain at least 2 different points
2026-08-27 17:30:56.192 WARN   Polyline: must contain at least 2 different points
2026-08-27 17:30:56.193 WARN   Polyline: must contain at least 2 different points
2026-08-27 17:30:56.193 WARN   Polyline: must contain at least 2 different points
2026-08-27 17:30:56.193 WARN   Polyline: must contain at least 2 different points
2026-08-27 17:30:56.193 WARN   Polyline: must contain at least 2 different points
2026-08-27 17:30:56.193 WARN   Polyline: must contain at least 2 different points
2026-08-27 17:30:56.193 WARN   Polyline: must contain at least 2 different points
2026-08-27 17:30:56.194 WARN   Polyline: must contain at least 2 different points
2026-08-27 17:30:56.194 WARN   Polyline: must contain at least 2 different points
2026-08-27 17:30:56.194 WARN   Polyline: must contain at least 2 different points
2026-08-27 17:30:56.194 WARN   Polyline: must contain at least 2 different points
2026-08-27 17:30:56.194 WARN   Polyline: must contain at least 2 different points
2026-08-27 17:30:56.194 WARN   Polyline: must contain at least 2 different points
2026-08-27 17:30:56.194 WARN   Polyline: must contain at least 2 different points
2026-08-27 17:30:56.195 WARN   Polyline: must contain at least 2 different points
2026-08-27 17:30:56.195 WARN   Polyline: must contain at least 2 different points
2026-08-27 17:30:56.195 WARN   Polyline: must contain at least 2 different points
2026-08-27 17:30:56.195 WARN   Polyline: must contain at least 2 different points
2026-08-27 17:30:56.195 WARN   Polyline: must contain at least 2 different points
2026-08-27 17:30:56.195 WARN   Polyline: must contain at least 2 different points
2026-08-27 17:30:56.196 WARN   Polyline: must contain at least 2 different points
2026-08-27 17:30:56.196 WARN   Polyline: must contain at least 2 different points
2026-08-27 17:30:56.196 WARN   Polyline: must contain at least 2 different points
2026-08-27 17:30:56.196 WARN   Polyline: must contain at least 2 different points
2026-08-27 17:30:56.196 WARN   Polyline: must contain at least 2 different points
2026-08-27 17:30:56.196 WARN   Polyline: must contain at least 2 different points
2026-08-27 17:30:56.197 WARN   Polyline: must contain at least 2 different points
2026-08-27 17:30:56.197 WARN   Polyline: must contain at least 2 different points
2026-08-27 17:30:56.197 WARN   Polyline: must contain at least 2 different points
2026-08-27 17:30:56.197 WARN   Polyline: must contain at least 2 different points
2026-08-27 17:30:56.197 WARN   Polyline: must contain at least 2 different points
2026-08-27 17:30:56.197 WARN   Polyline: must contain at least 2 different points
2026-08-27 17:30:56.198 WARN   Polyline: must contain at least 2 different points
2026-08-27 17:30:56.198 WARN   Polyline: must contain at least 2 different points
2026-08-27 17:30:56.198 WARN   Polyline: must contain at least 2 different points
2026-08-27 17:30:56.198 WARN   Polyline: must contain at least 2 different points
2026-08-27 17:30:56.198 WARN   Polyline: must contain at least 2 different points
2026-08-27 17:30:56.198 WARN   Polyline: must contain at least 2 different points
2026-08-27 17:30:56.198 WARN   Polyline: must contain at least 2 different points
2026-08-27 17:30:56.199 WARN   Polyline: must contain at least 2 different points
2026-08-27 17:30:56.199 WARN   Polyline: must contain at least 2 different points
2026-08-27 17:30:56.199 WARN   Polyline: must contain at least 2 different points
2026-08-27 17:30:56.199 WARN   Polyline: must contain at least 2 different points
2026-08-27 17:30:56.199 WARN   Polyline: must contain at least 2 different points
2026-08-27 17:30:56.199 WARN   Polyline: must contain at least 2 different points
2026-08-27 17:30:56.200 WARN   Polyline: must contain at least 2 different points
2026-08-27 17:30:56.200 WARN   Polyline: must contain at least 2 different points
2026-08-27 17:30:56.200 WARN   Polyline: must contain at least 2 different points
2026-08-27 17:30:56.200 WARN   Polyline: must contain at least 2 different points
2026-08-27 17:30:56.200 WARN   Polyline: must contain at least 2 different points
2026-08-27 17:30:56.200 WARN   Polyline: must contain at least 2 different points
2026-08-27 17:30:56.200 WARN   Polyline: must contain at least 2 different points
2026-08-27 17:30:56.201 WARN   Polyline: must contain at least 2 different points
2026-08-27 17:30:56.201 WARN   Polyline: must contain at least 2 different points
2026-08-27 17:30:56.201 WARN   Polyline: must contain at least 2 different points
2026-08-27 17:30:56.201 WARN   Polyline: must contain at least 2 different points
2026-08-27 17:30:56.201 WARN   Polyline: must contain at least 2 different points
2026-08-27 17:30:56.201 WARN   Polyline: must contain at least 2 different points
2026-08-27 17:30:56.202 WARN   Polyline: must contain at least 2 different points
2026-08-27 17:30:56.202 WARN   Polyline: must contain at least 2 different points
2026-08-27 17:30:56.202 WARN   Polyline: must contain at least 2 different points
2026-08-27 17:30:56.202 WARN   Polyline: must contain at least 2 different points
2026-08-27 17:30:56.202 WARN   Polyline: must contain at least 2 different points
2026-08-27 17:30:56.202 WARN   Polyline: must contain at least 2 different points
2026-08-27 17:30:56.203 WARN   Polyline: must contain at least 2 different points
2026-08-27 17:30:56.203 WARN   Polyline: must contain at least 2 different points
2026-08-27 17:30:56.203 WARN   Polyline: must contain at least 2 different points
2026-08-27 17:30:56.203 WARN   Polyline: must contain at least 2 different points
2026-08-27 17:30:56.203 WARN   Polyline: must contain at least 2 different points
2026-08-27 17:30:56.203 WARN   Polyline: must contain at least 2 different points
2026-08-27 17:30:56.203 WARN   Polyline: must contain at least 2 different points
2026-08-27 17:30:56.204 WARN   Polyline: must contain at least 2 different points
2026-08-27 17:30:56.204 WARN   Polyline: must contain at least 2 different points
2026-08-27 17:30:56.204 WARN   Polyline: must contain at least 2 different points
2026-08-27 17:30:56.204 WARN   Polyline: must contain at least 2 different points
2026-08-27 17:30:56.204 WARN   Polyline: must contain at least 2 different points
2026-08-27 17:30:56.204 WARN   Polyline: must contain at least 2 different points
2026-08-27 17:30:56.205 WARN   Polyline: must contain at least 2 different points
2026-08-27 17:30:56.205 WARN   Polyline: must contain at least 2 different points
2026-08-27 17:30:56.205 WARN   Polyline: must contain at least 2 different points
2026-08-27 17:30:56.205 WARN   Polyline: must contain at least 2 different points
2026-08-27 17:30:56.205 WARN   Polyline: must contain at least 2 different points
2026-08-27 17:30:56.205 WARN   Polyline: must contain at least 2 different points
2026-08-27 17:30:56.205 WARN   Polyline: must contain at least 2 different points
2026-08-27 17:30:56.206 WARN   Polyline: must contain at least 2 different points
2026-08-27 17:30:56.206 WARN   Polyline: must contain at least 2 different points
2026-08-27 17:30:56.206 WARN   Polyline: must contain at least 2 different points
2026-08-27 17:30:56.206 WARN   Polyline: must contain at least 2 different points
2026-08-27 17:30:56.206 WARN   Polyline: must contain at least 2 different points
2026-08-27 17:30:56.206 WARN   Polyline: must contain at least 2 different points
2026-08-27 17:30:56.207 WARN   Polyline: must contain at least 2 different points
2026-08-27 17:30:56.207 WARN   Polyline: must contain at least 2 different points
2026-08-27 17:30:56.207 WARN   Polyline: must contain at least 2 different points
2026-08-27 17:30:56.207 WARN   Polyline: must contain at least 2 different points
2026-08-27 17:30:56.207 WARN   Polyline: must contain at least 2 different points
2026-08-27 17:30:56.207 WARN   Polyline: must contain at least 2 different points
2026-08-27 17:30:56.207 WARN   Polyline: must contain at least 2 different points
2026-08-27 17:30:56.208 WARN   Polyline: must contain at least 2 different points
2026-08-27 17:30:56.208 WARN   Polyline: must contain at least 2 different points
2026-08-27 17:30:56.208 WARN   Polyline: must contain at least 2 different points
2026-08-27 17:30:56.208 WARN   Polyline: must contain at least 2 different points
2026-08-27 17:30:56.208 WARN   Polyline: must contain at least 2 different points
2026-08-27 17:30:56.208 WARN   Polyline: must contain at least 2 different points
2026-08-27 17:30:56.209 WARN   Polyline: must contain at least 2 different points
2026-08-27 17:30:56.209 WARN   Polyline: must contain at least 2 different points
2026-08-27 17:30:56.209 WARN   Polyline: must contain at least 2 different points
2026-08-27 17:30:56.209 WARN   Polyline: must contain at least 2 different points
2026-08-27 17:30:56.209 WARN   Polyline: must contain at least 2 different points
2026-08-27 17:30:56.209 WARN   Polyline: must contain at least 2 different points
2026-08-27 17:30:56.209 WARN   Polyline: must contain at least 2 different points
2026-08-27 17:30:56.210 WARN   Polyline: must contain at least 2 different points
2026-08-27 17:30:56.210 WARN   Polyline: must contain at least 2 different points
2026-08-27 17:30:56.210 WARN   Polyline: must contain at least 2 different points
2026-08-27 17:30:56.210 WARN   Polyline: must contain at least 2 different points
2026-08-27 17:30:56.210 WARN   Polyline: must contain at least 2 different points
2026-08-27 17:30:56.210 WARN   Polyline: must contain at least 2 different points
2026-08-27 17:30:56.211 WARN   Polyline: must contain at least 2 different points
2026-08-27 17:30:56.211 WARN   Polyline: must contain at least 2 different points
2026-08-27 17:30:56.211 WARN   Polyline: must contain at least 2 different points
2026-08-27 17:30:56.211 WARN   Polyline: must contain at least 2 different points
2026-08-27 17:30:56.211 WARN   Polyline: must contain at least 2 different points
2026-08-27 17:30:56.211 WARN   Polyline: must contain at least 2 different points
2026-08-27 17:30:56.211 WARN   Polyline: must contain at least 2 different points
2026-08-27 17:30:56.212 WARN   Polyline: must contain at least 2 different points
2026-08-27 17:30:56.212 WARN   Polyline: must contain at least 2 different points
2026-08-27 17:30:56.212 WARN   Polyline: must contain at least 2 different points
2026-08-27 17:30:56.212 WARN   Polyline: must contain at least 2 different points
2026-08-27 17:30:56.212 WARN   Polyline: must contain at least 2 different points
2026-08-27 17:30:56.212 WARN   Polyline: must contain at least 2 different points
2026-08-27 17:30:56.213 WARN   Polyline: must contain at least 2 different points
2026-08-27 17:30:56.213 WARN   Polyline: must contain at least 2 different points
2026-08-27 17:30:56.213 WARN   Polyline: must contain at least 2 different points
2026-08-27 17:30:56.213 WARN   Polyline: must contain at least 2 different points
2026-08-27 17:30:56.213 WARN   Polyline: must contain at least 2 different points
2026-08-27 17:30:56.213 WARN   Polyline: must contain at least 2 different points
2026-08-27 17:30:56.213 WARN   Polyline: must contain at least 2 different points
2026-08-27 17:30:56.214 WARN   Polyline: must contain at least 2 different points
2026-08-27 17:30:56.214 WARN   Polyline: must contain at least 2 different points
2026-08-27 17:30:56.214 WARN   Polyline: must contain at least 2 different points
2026-08-27 17:30:56.214 WARN   Polyline: must contain at least 2 different points
2026-08-27 17:30:56.214 WARN   Polyline: must contain at least 2 different points
2026-08-27 17:30:56.214 WARN   Polyline: must contain at least 2 different points
2026-08-27 17:30:56.215 WARN   Polyline: must contain at least 2 different points
2026-08-27 17:30:56.215 WARN   Polyline: must contain at least 2 different points
2026-08-27 17:30:56.215 WARN   Polyline: must contain at least 2 different points
2026-08-27 17:30:56.215 WARN   Polyline: must contain at least 2 different points
2026-08-27 17:30:56.215 WARN   Polyline: must contain at least 2 different points
2026-08-27 17:30:56.215 WARN   Polyline: must contain at least 2 different points
2026-08-27 17:30:56.301 INFO   [DE6662\207FB6] Auto-router pass #1 on board '5ba5b8a0ec90d6b898d7606846303f65' was completed in 2.35 seconds with the score of 958.41 (7 unrouted), using 1.77 CPU seconds and the job allocated 0.64 GB of memory so far.
2026-08-27 17:30:56.541 INFO   [DE6662\207FB6] Auto-router pass #2 on board 'dba101d6976060f014ab6620f5de443d' was completed in 0.22 seconds with the score of 952.52 (8 unrouted), using 1.77 CPU seconds and the job allocated 0.64 GB of memory so far.
2026-08-27 17:30:56.697 INFO   [DE6662\207FB6] Auto-router pass #3 on board 'a79479bf06f45f7854f675b941924e2f' was completed in 0.14 seconds with the score of 958.52 (7 unrouted), using 1.77 CPU seconds and the job allocated 0.64 GB of memory so far.
2026-08-27 17:30:56.843 INFO   [DE6662\207FB6] Auto-router pass #4 on board 'adfa5b86493ef291f7f691b11f8a833e' was completed in 0.12 seconds with the score of 958.52 (7 unrouted), using 2.73 CPU seconds and the job allocated 1.21 GB of memory so far.
2026-08-27 17:30:56.848 INFO   [DE6662\207FB6] Board state has not changed since pass #4 (hash adfa5b86493ef291f7f691b11f8a833e). The auto-router cannot make further progress; stopping.
2026-08-27 17:30:56.858 INFO   [DE6662\207FB6] Auto-router session completed: started with 48 unrouted nets, completed in 3.00 seconds, final score: 958.52 (7 unrouted), using 2.73 total CPU seconds, 1.21 GB total allocated, and 482.39 MB peak heap usage.

