2026-08-27 17:30:58.508 INFO   Freerouting v2.2.4 (build-date: 2026-05-13)
2026-08-27 17:30:59.944 INFO   [7B1E34\3544CC] Job '7B1E34\3544CC' started at 2026-08-27T17:30:59.944597810Z.
2026-08-27 17:31:00.348 INFO   New version available: v2.3.0
2026-08-27 17:31:01.241 WARN   Polyline: must contain at least 2 different points
2026-08-27 17:31:01.242 WARN   Polyline: must contain at least 2 different points
2026-08-27 17:31:01.242 WARN   Polyline: must contain at least 2 different points
2026-08-27 17:31:01.243 WARN   Polyline: must contain at least 2 different points
2026-08-27 17:31:01.243 WARN   Polyline: must contain at least 2 different points
2026-08-27 17:31:01.243 WARN   Polyline: must contain at least 2 different points
2026-08-27 17:31:01.244 WARN   Polyline: must contain at least 2 different points
2026-08-27 17:31:01.244 WARN   Polyline: must contain at least 2 different points
2026-08-27 17:31:01.245 WARN   Polyline: must contain at least 2 different points
2026-08-27 17:31:01.245 WARN   Polyline: must contain at least 2 different points
2026-08-27 17:31:01.245 WARN   Polyline: must contain at least 2 different points
2026-08-27 17:31:01.246 WARN   Polyline: must contain at least 2 different points
2026-08-27 17:31:01.246 WARN   Polyline: must contain at least 2 different points
2026-08-27 17:31:01.247 WARN   Polyline: must contain at least 2 different points
2026-08-27 17:31:01.247 WARN   Polyline: must contain at least 2 different points
2026-08-27 17:31:01.247 WARN   Polyline: must contain at least 2 different points
2026-08-27 17:31:01.248 WARN   Polyline: must contain at least 2 different points
2026-08-27 17:31:01.248 WARN   Polyline: must contain at least 2 different points
2026-08-27 17:31:01.249 WARN   Polyline: must contain at least 2 different points
2026-08-27 17:31:01.249 WARN   Polyline: must contain at least 2 different points
2026-08-27 17:31:01.249 WARN   Polyline: must contain at least 2 different points
2026-08-27 17:31:01.250 WARN   Polyline: must contain at least 2 different points
2026-08-27 17:31:01.250 WARN   Polyline: must contain at least 2 different points
2026-08-27 17:31:01.251 WARN   Polyline: must contain at least 2 different points
2026-08-27 17:31:01.251 WARN   Polyline: must contain at least 2 different points
2026-08-27 17:31:01.251 WARN   Polyline: must contain at least 2 different points
2026-08-27 17:31:01.252 WARN   Polyline: must contain at least 2 different points
2026-08-27 17:31:01.252 WARN   Polyline: must contain at least 2 different points
2026-08-27 17:31:01.253 WARN   Polyline: must contain at least 2 different points
2026-08-27 17:31:01.253 WARN   Polyline: must contain at least 2 different points
2026-08-27 17:31:01.254 WARN   Polyline: must contain at least 2 different points
2026-08-27 17:31:01.254 WARN   Polyline: must contain at least 2 different points
2026-08-27 17:31:01.254 WARN   Polyline: must contain at least 2 different points
2026-08-27 17:31:01.255 WARN   Polyline: must contain at least 2 different points
2026-08-27 17:31:01.255 WARN   Polyline: must contain at least 2 different points
2026-08-27 17:31:01.256 WARN   Polyline: must contain at least 2 different points
2026-08-27 17:31:01.256 WARN   Polyline: must contain at least 2 different points
2026-08-27 17:31:01.256 WARN   Polyline: must contain at least 2 different points
2026-08-27 17:31:01.257 WARN   Polyline: must contain at least 2 different points
2026-08-27 17:31:01.257 WARN   Polyline: must contain at least 2 different points
2026-08-27 17:31:01.258 WARN   Polyline: must contain at least 2 different points
2026-08-27 17:31:01.258 WARN   Polyline: must contain at least 2 different points
2026-08-27 17:31:01.258 WARN   Polyline: must contain at least 2 different points
2026-08-27 17:31:01.259 WARN   Polyline: must contain at least 2 different points
2026-08-27 17:31:01.259 WARN   Polyline: must contain at least 2 different points
2026-08-27 17:31:01.259 WARN   Polyline: must contain at least 2 different points
2026-08-27 17:31:01.260 WARN   Polyline: must contain at least 2 different points
2026-08-27 17:31:01.260 WARN   Polyline: must contain at least 2 different points
2026-08-27 17:31:01.260 WARN   Polyline: must contain at least 2 different points
2026-08-27 17:31:01.261 WARN   Polyline: must contain at least 2 different points
2026-08-27 17:31:01.261 WARN   Polyline: must contain at least 2 different points
2026-08-27 17:31:01.262 WARN   Polyline: must contain at least 2 different points
2026-08-27 17:31:01.262 WARN   Polyline: must contain at least 2 different points
2026-08-27 17:31:01.262 WARN   Polyline: must contain at least 2 different points
2026-08-27 17:31:01.263 WARN   Polyline: must contain at least 2 different points
2026-08-27 17:31:01.263 WARN   Polyline: must contain at least 2 different points
2026-08-27 17:31:01.263 WARN   Polyline: must contain at least 2 different points
2026-08-27 17:31:01.264 WARN   Polyline: must contain at least 2 different points
2026-08-27 17:31:01.264 WARN   Polyline: must contain at least 2 different points
2026-08-27 17:31:01.265 WARN   Polyline: must contain at least 2 different points
2026-08-27 17:31:01.265 WARN   Polyline: must contain at least 2 different points
2026-08-27 17:31:01.265 WARN   Polyline: must contain at least 2 different points
2026-08-27 17:31:01.266 WARN   Polyline: must contain at least 2 different points
2026-08-27 17:31:01.266 WARN   Polyline: must contain at least 2 different points
2026-08-27 17:31:01.266 WARN   Polyline: must contain at least 2 different points
2026-08-27 17:31:01.267 WARN   Polyline: must contain at least 2 different points
2026-08-27 17:31:01.267 WARN   Polyline: must contain at least 2 different points
2026-08-27 17:31:01.267 WARN   Polyline: must contain at least 2 different points
2026-08-27 17:31:01.268 WARN   Polyline: must contain at least 2 different points
2026-08-27 17:31:01.268 WARN   Polyline: must contain at least 2 different points
2026-08-27 17:31:01.268 WARN   Polyline: must contain at least 2 different points
2026-08-27 17:31:01.269 WARN   Polyline: must contain at least 2 different points
2026-08-27 17:31:01.269 WARN   Polyline: must contain at least 2 different points
2026-08-27 17:31:01.270 WARN   Polyline: must contain at least 2 different points
2026-08-27 17:31:01.270 WARN   Polyline: must contain at least 2 different points
2026-08-27 17:31:01.270 WARN   Polyline: must contain at least 2 different points
2026-08-27 17:31:01.271 WARN   Polyline: must contain at least 2 different points
2026-08-27 17:31:01.271 WARN   Polyline: must contain at least 2 different points
2026-08-27 17:31:01.271 WARN   Polyline: must contain at least 2 different points
2026-08-27 17:31:01.272 WARN   Polyline: must contain at least 2 different points
2026-08-27 17:31:01.272 WARN   Polyline: must contain at least 2 different points
2026-08-27 17:31:01.272 WARN   Polyline: must contain at least 2 different points
2026-08-27 17:31:01.273 WARN   Polyline: must contain at least 2 different points
2026-08-27 17:31:01.273 WARN   Polyline: must contain at least 2 different points
2026-08-27 17:31:01.273 WARN   Polyline: must contain at least 2 different points
2026-08-27 17:31:01.274 WARN   Polyline: must contain at least 2 different points
2026-08-27 17:31:01.274 WARN   Polyline: must contain at least 2 different points
2026-08-27 17:31:01.274 WARN   Polyline: must contain at least 2 different points
2026-08-27 17:31:01.275 WARN   Polyline: must contain at least 2 different points
2026-08-27 17:31:01.275 WARN   Polyline: must contain at least 2 different points
2026-08-27 17:31:01.275 WARN   Polyline: must contain at least 2 different points
2026-08-27 17:31:01.275 WARN   Polyline: must contain at least 2 different points
2026-08-27 17:31:01.276 WARN   Polyline: must contain at least 2 different points
2026-08-27 17:31:01.276 WARN   Polyline: must contain at least 2 different points
2026-08-27 17:31:01.276 WARN   Polyline: must contain at least 2 different points
2026-08-27 17:31:01.277 WARN   Polyline: must contain at least 2 different points
2026-08-27 17:31:01.277 WARN   Polyline: must contain at least 2 different points
2026-08-27 17:31:01.277 WARN   Polyline: must contain at least 2 different points
2026-08-27 17:31:01.278 WARN   Polyline: must contain at least 2 different points
2026-08-27 17:31:01.278 WARN   Polyline: must contain at least 2 different points
2026-08-27 17:31:01.278 WARN   Polyline: must contain at least 2 different points
2026-08-27 17:31:01.278 WARN   Polyline: must contain at least 2 different points
2026-08-27 17:31:01.279 WARN   Polyline: must contain at least 2 different points
2026-08-27 17:31:01.279 WARN   Polyline: must contain at least 2 different points
2026-08-27 17:31:01.279 WARN   Polyline: must contain at least 2 different points
2026-08-27 17:31:01.280 WARN   Polyline: must contain at least 2 different points
2026-08-27 17:31:01.280 WARN   Polyline: must contain at least 2 different points
2026-08-27 17:31:01.280 WARN   Polyline: must contain at least 2 different points
2026-08-27 17:31:01.281 WARN   Polyline: must contain at least 2 different points
2026-08-27 17:31:01.281 WARN   Polyline: must contain at least 2 different points
2026-08-27 17:31:01.281 WARN   Polyline: must contain at least 2 different points
2026-08-27 17:31:01.281 WARN   Polyline: must contain at least 2 different points
2026-08-27 17:31:01.282 WARN   Polyline: must contain at least 2 different points
2026-08-27 17:31:01.282 WARN   Polyline: must contain at least 2 different points
2026-08-27 17:31:01.282 WARN   Polyline: must contain at least 2 different points
2026-08-27 17:31:01.282 WARN   Polyline: must contain at least 2 different points
2026-08-27 17:31:01.283 WARN   Polyline: must contain at least 2 different points
2026-08-27 17:31:01.283 WARN   Polyline: must contain at least 2 different points
2026-08-27 17:31:01.283 WARN   Polyline: must contain at least 2 different points
2026-08-27 17:31:01.284 WARN   Polyline: must contain at least 2 different points
2026-08-27 17:31:01.284 WARN   Polyline: must contain at least 2 different points
2026-08-27 17:31:01.284 WARN   Polyline: must contain at least 2 different points
2026-08-27 17:31:01.285 WARN   Polyline: must contain at least 2 different points
2026-08-27 17:31:01.285 WARN   Polyline: must contain at least 2 different points
2026-08-27 17:31:01.285 WARN   Polyline: must contain at least 2 different points
2026-08-27 17:31:01.285 WARN   Polyline: must contain at least 2 different points
2026-08-27 17:31:01.286 WARN   Polyline: must contain at least 2 different points
2026-08-27 17:31:01.286 WARN   Polyline: must contain at least 2 different points
2026-08-27 17:31:01.286 WARN   Polyline: must contain at least 2 different points
2026-08-27 17:31:01.287 WARN   Polyline: must contain at least 2 different points
2026-08-27 17:31:01.287 WARN   Polyline: must contain at least 2 different points
2026-08-27 17:31:01.287 WARN   Polyline: must contain at least 2 different points
2026-08-27 17:31:01.288 WARN   Polyline: must contain at least 2 different points
2026-08-27 17:31:01.288 WARN   Polyline: must contain at least 2 different points
2026-08-27 17:31:01.288 WARN   Polyline: must contain at least 2 different points
2026-08-27 17:31:01.288 WARN   Polyline: must contain at least 2 different points
2026-08-27 17:31:01.289 WARN   Polyline: must contain at least 2 different points
2026-08-27 17:31:01.289 WARN   Polyline: must contain at least 2 different points
2026-08-27 17:31:01.289 WARN   Polyline: must contain at least 2 different points
2026-08-27 17:31:01.290 WARN   Polyline: must contain at least 2 different points
2026-08-27 17:31:01.290 WARN   Polyline: must contain at least 2 different points
2026-08-27 17:31:01.290 WARN   Polyline: must contain at least 2 different points
2026-08-27 17:31:01.290 WARN   Polyline: must contain at least 2 different points
2026-08-27 17:31:01.291 WARN   Polyline: must contain at least 2 different points
2026-08-27 17:31:01.291 WARN   Polyline: must contain at least 2 different points
2026-08-27 17:31:01.291 WARN   Polyline: must contain at least 2 different points
2026-08-27 17:31:01.291 WARN   Polyline: must contain at least 2 different points
2026-08-27 17:31:01.292 WARN   Polyline: must contain at least 2 different points
2026-08-27 17:31:01.292 WARN   Polyline: must contain at least 2 different points
2026-08-27 17:31:01.292 WARN   Polyline: must contain at least 2 different points
2026-08-27 17:31:01.293 WARN   Polyline: must contain at least 2 different points
2026-08-27 17:31:01.293 WARN   Polyline: must contain at least 2 different points
2026-08-27 17:31:01.293 WARN   Polyline: must contain at least 2 different points
2026-08-27 17:31:01.293 WARN   Polyline: must contain at least 2 different points
2026-08-27 17:31:01.294 WARN   Polyline: must contain at least 2 different points
2026-08-27 17:31:01.294 WARN   Polyline: must contain at least 2 different points
2026-08-27 17:31:01.294 WARN   Polyline: must contain at least 2 different points
2026-08-27 17:31:01.294 WARN   Polyline: must contain at least 2 different points
2026-08-27 17:31:01.295 WARN   Polyline: must contain at least 2 different points
2026-08-27 17:31:01.295 WARN   Polyline: must contain at least 2 different points
2026-08-27 17:31:01.295 WARN   Polyline: must contain at least 2 different points
2026-08-27 17:31:01.296 WARN   Polyline: must contain at least 2 different points
2026-08-27 17:31:01.296 WARN   Polyline: must contain at least 2 different points
2026-08-27 17:31:01.296 WARN   Polyline: must contain at least 2 different points
2026-08-27 17:31:01.296 WARN   Polyline: must contain at least 2 different points
2026-08-27 17:31:01.297 WARN   Polyline: must contain at least 2 different points
2026-08-27 17:31:01.297 WARN   Polyline: must contain at least 2 different points
2026-08-27 17:31:01.297 WARN   Polyline: must contain at least 2 different points
2026-08-27 17:31:01.297 WARN   Polyline: must contain at least 2 different points
2026-08-27 17:31:01.298 WARN   Polyline: must contain at least 2 different points
2026-08-27 17:31:01.298 WARN   Polyline: must contain at least 2 different points
2026-08-27 17:31:01.298 WARN   Polyline: must contain at least 2 different points
2026-08-27 17:31:01.298 WARN   Polyline: must contain at least 2 different points
2026-08-27 17:31:01.299 WARN   Polyline: must contain at least 2 different points
2026-08-27 17:31:01.299 WARN   Polyline: must contain at least 2 different points
2026-08-27 17:31:01.299 WARN   Polyline: must contain at least 2 different points
2026-08-27 17:31:01.300 WARN   Polyline: must contain at least 2 different points
2026-08-27 17:31:01.300 WARN   Polyline: must contain at least 2 different points
2026-08-27 17:31:01.300 WARN   Polyline: must contain at least 2 different points
2026-08-27 17:31:01.300 WARN   Polyline: must contain at least 2 different points
2026-08-27 17:31:01.301 WARN   Polyline: must contain at least 2 different points
2026-08-27 17:31:01.301 WARN   Polyline: must contain at least 2 different points
2026-08-27 17:31:01.301 WARN   Polyline: must contain at least 2 different points
2026-08-27 17:31:01.301 WARN   Polyline: must contain at least 2 different points
2026-08-27 17:31:01.302 WARN   Polyline: must contain at least 2 different points
2026-08-27 17:31:01.302 WARN   Polyline: must contain at least 2 different points
2026-08-27 17:31:01.302 WARN   Polyline: must contain at least 2 different points
2026-08-27 17:31:01.303 WARN   Polyline: must contain at least 2 different points
2026-08-27 17:31:01.303 WARN   Polyline: must contain at least 2 different points
2026-08-27 17:31:01.303 WARN   Polyline: must contain at least 2 different points
2026-08-27 17:31:01.303 WARN   Polyline: must contain at least 2 different points
2026-08-27 17:31:01.304 WARN   Polyline: must contain at least 2 different points
2026-08-27 17:31:01.304 WARN   Polyline: must contain at least 2 different points
2026-08-27 17:31:01.304 WARN   Polyline: must contain at least 2 different points
2026-08-27 17:31:01.305 WARN   Polyline: must contain at least 2 different points
2026-08-27 17:31:01.305 WARN   Polyline: must contain at least 2 different points
2026-08-27 17:31:01.305 WARN   Polyline: must contain at least 2 different points
2026-08-27 17:31:01.305 WARN   Polyline: must contain at least 2 different points
2026-08-27 17:31:01.306 WARN   Polyline: must contain at least 2 different points
2026-08-27 17:31:01.306 WARN   Polyline: must contain at least 2 different points
2026-08-27 17:31:01.306 WARN   Polyline: must contain at least 2 different points
2026-08-27 17:31:01.306 WARN   Polyline: must contain at least 2 different points
2026-08-27 17:31:01.307 WARN   Polyline: must contain at least 2 different points
2026-08-27 17:31:01.307 WARN   Polyline: must contain at least 2 different points
2026-08-27 17:31:01.307 WARN   Polyline: must contain at least 2 different points
2026-08-27 17:31:01.308 WARN   Polyline: must contain at least 2 different points
2026-08-27 17:31:01.308 WARN   Polyline: must contain at least 2 different points
2026-08-27 17:31:01.308 WARN   Polyline: must contain at least 2 different points
2026-08-27 17:31:01.313 WARN   Polyline: must contain at least 2 different points
2026-08-27 17:31:01.313 WARN   Polyline: must contain at least 2 different points
2026-08-27 17:31:01.314 WARN   Polyline: must contain at least 2 different points
2026-08-27 17:31:01.314 WARN   Polyline: must contain at least 2 different points
2026-08-27 17:31:01.314 WARN   Polyline: must contain at least 2 different points
2026-08-27 17:31:01.314 WARN   Polyline: must contain at least 2 different points
2026-08-27 17:31:01.315 WARN   Polyline: must contain at least 2 different points
2026-08-27 17:31:01.315 WARN   Polyline: must contain at least 2 different points
2026-08-27 17:31:01.315 WARN   Polyline: must contain at least 2 different points
2026-08-27 17:31:01.315 WARN   Polyline: must contain at least 2 different points
2026-08-27 17:31:01.316 WARN   Polyline: must contain at least 2 different points
2026-08-27 17:31:01.316 WARN   Polyline: must contain at least 2 different points
2026-08-27 17:31:01.316 WARN   Polyline: must contain at least 2 different points
2026-08-27 17:31:01.317 WARN   Polyline: must contain at least 2 different points
2026-08-27 17:31:01.317 WARN   Polyline: must contain at least 2 different points
2026-08-27 17:31:01.317 WARN   Polyline: must contain at least 2 different points
2026-08-27 17:31:01.317 WARN   Polyline: must contain at least 2 different points
2026-08-27 17:31:01.318 WARN   Polyline: must contain at least 2 different points
2026-08-27 17:31:01.318 WARN   Polyline: must contain at least 2 different points
2026-08-27 17:31:01.318 WARN   Polyline: must contain at least 2 different points
2026-08-27 17:31:01.318 WARN   Polyline: must contain at least 2 different points
2026-08-27 17:31:01.319 WARN   Polyline: must contain at least 2 different points
2026-08-27 17:31:01.319 WARN   Polyline: must contain at least 2 different points
2026-08-27 17:31:01.319 WARN   Polyline: must contain at least 2 different points
2026-08-27 17:31:01.320 WARN   Polyline: must contain at least 2 different points
2026-08-27 17:31:01.320 WARN   Polyline: must contain at least 2 different points
2026-08-27 17:31:01.320 WARN   Polyline: must contain at least 2 different points
2026-08-27 17:31:01.320 WARN   Polyline: must contain at least 2 different points
2026-08-27 17:31:01.321 WARN   Polyline: must contain at least 2 different points
2026-08-27 17:31:01.321 WARN   Polyline: must contain at least 2 different points
2026-08-27 17:31:01.321 WARN   Polyline: must contain at least 2 different points
2026-08-27 17:31:01.321 WARN   Polyline: must contain at least 2 different points
2026-08-27 17:31:01.322 WARN   Polyline: must contain at least 2 different points
2026-08-27 17:31:01.322 WARN   Polyline: must contain at least 2 different points
2026-08-27 17:31:01.322 WARN   Polyline: must contain at least 2 different points
2026-08-27 17:31:01.322 WARN   Polyline: must contain at least 2 different points
2026-08-27 17:31:01.323 WARN   Polyline: must contain at least 2 different points
2026-08-27 17:31:01.323 WARN   Polyline: must contain at least 2 different points
2026-08-27 17:31:01.323 WARN   Polyline: must contain at least 2 different points
2026-08-27 17:31:01.323 WARN   Polyline: must contain at least 2 different points
2026-08-27 17:31:01.324 WARN   Polyline: must contain at least 2 different points
2026-08-27 17:31:01.324 WARN   Polyline: must contain at least 2 different points
2026-08-27 17:31:01.324 WARN   Polyline: must contain at least 2 different points
2026-08-27 17:31:01.324 WARN   Polyline: must contain at least 2 different points
2026-08-27 17:31:01.325 WARN   Polyline: must contain at least 2 different points
2026-08-27 17:31:01.325 WARN   Polyline: must contain at least 2 different points
2026-08-27 17:31:01.325 WARN   Polyline: must contain at least 2 different points
2026-08-27 17:31:01.326 WARN   Polyline: must contain at least 2 different points
2026-08-27 17:31:01.326 WARN   Polyline: must contain at least 2 different points
2026-08-27 17:31:01.326 WARN   Polyline: must contain at least 2 different points
2026-08-27 17:31:01.327 WARN   Polyline: must contain at least 2 different points
2026-08-27 17:31:01.327 WARN   Polyline: must contain at least 2 different points
2026-08-27 17:31:01.327 WARN   Polyline: must contain at least 2 different points
2026-08-27 17:31:01.327 WARN   Polyline: must contain at least 2 different points
2026-08-27 17:31:01.328 WARN   Polyline: must contain at least 2 different points
2026-08-27 17:31:01.328 WARN   Polyline: must contain at least 2 different points
2026-08-27 17:31:01.328 WARN   Polyline: must contain at least 2 different points
2026-08-27 17:31:01.328 WARN   Polyline: must contain at least 2 different points
2026-08-27 17:31:01.328 WARN   Polyline: must contain at least 2 different points
2026-08-27 17:31:01.329 WARN   Polyline: must contain at least 2 different points
2026-08-27 17:31:01.329 WARN   Polyline: must contain at least 2 different points
2026-08-27 17:31:01.329 WARN   Polyline: must contain at least 2 different points
2026-08-27 17:31:01.329 WARN   Polyline: must contain at least 2 different points
2026-08-27 17:31:01.330 WARN   Polyline: must contain at least 2 different points
2026-08-27 17:31:01.330 WARN   Polyline: must contain at least 2 different points
2026-08-27 17:31:01.330 WARN   Polyline: must contain at least 2 different points
2026-08-27 17:31:01.330 WARN   Polyline: must contain at least 2 different points
2026-08-27 17:31:01.331 WARN   Polyline: must contain at least 2 different points
2026-08-27 17:31:01.331 WARN   Polyline: must contain at least 2 different points
2026-08-27 17:31:01.331 WARN   Polyline: must contain at least 2 different points
2026-08-27 17:31:01.331 WARN   Polyline: must contain at least 2 different points
2026-08-27 17:31:01.332 WARN   Polyline: must contain at least 2 different points
2026-08-27 17:31:01.332 WARN   Polyline: must contain at least 2 different points
2026-08-27 17:31:01.332 WARN   Polyline: must contain at least 2 different points
2026-08-27 17:31:01.332 WARN   Polyline: must contain at least 2 different points
2026-08-27 17:31:01.333 WARN   Polyline: must contain at least 2 different points
2026-08-27 17:31:01.333 WARN   Polyline: must contain at least 2 different points
2026-08-27 17:31:01.333 WARN   Polyline: must contain at least 2 different points
2026-08-27 17:31:01.333 WARN   Polyline: must contain at least 2 different points
2026-08-27 17:31:01.334 WARN   Polyline: must contain at least 2 different points
2026-08-27 17:31:01.334 WARN   Polyline: must contain at least 2 different points
2026-08-27 17:31:01.334 WARN   Polyline: must contain at least 2 different points
2026-08-27 17:31:01.334 WARN   Polyline: must contain at least 2 different points
2026-08-27 17:31:01.335 WARN   Polyline: must contain at least 2 different points
2026-08-27 17:31:01.335 WARN   Polyline: must contain at least 2 different points
2026-08-27 17:31:01.335 WARN   Polyline: must contain at least 2 different points
2026-08-27 17:31:01.335 WARN   Polyline: must contain at least 2 different points
2026-08-27 17:31:01.336 WARN   Polyline: must contain at least 2 different points
2026-08-27 17:31:01.336 WARN   Polyline: must contain at least 2 different points
2026-08-27 17:31:01.336 WARN   Polyline: must contain at least 2 different points
2026-08-27 17:31:01.336 WARN   Polyline: must contain at least 2 different points
2026-08-27 17:31:01.337 WARN   Polyline: must contain at least 2 different points
2026-08-27 17:31:01.337 WARN   Polyline: must contain at least 2 different points
2026-08-27 17:31:01.337 WARN   Polyline: must contain at least 2 different points
2026-08-27 17:31:01.337 WARN   Polyline: must contain at least 2 different points
2026-08-27 17:31:01.338 WARN   Polyline: must contain at least 2 different points
2026-08-27 17:31:01.338 WARN   Polyline: must contain at least 2 different points
2026-08-27 17:31:01.338 WARN   Polyline: must contain at least 2 different points
2026-08-27 17:31:01.338 WARN   Polyline: must contain at least 2 different points
2026-08-27 17:31:01.339 WARN   Polyline: must contain at least 2 different points
2026-08-27 17:31:01.339 WARN   Polyline: must contain at least 2 different points
2026-08-27 17:31:01.339 WARN   Polyline: must contain at least 2 different points
2026-08-27 17:31:01.339 WARN   Polyline: must contain at least 2 different points
2026-08-27 17:31:01.340 WARN   Polyline: must contain at least 2 different points
2026-08-27 17:31:01.340 WARN   Polyline: must contain at least 2 different points
2026-08-27 17:31:01.340 WARN   Polyline: must contain at least 2 different points
2026-08-27 17:31:01.340 WARN   Polyline: must contain at least 2 different points
2026-08-27 17:31:01.341 WARN   Polyline: must contain at least 2 different points
2026-08-27 17:31:01.341 WARN   Polyline: must contain at least 2 different points
2026-08-27 17:31:01.341 WARN   Polyline: must contain at least 2 different points
2026-08-27 17:31:01.341 WARN   Polyline: must contain at least 2 different points
2026-08-27 17:31:01.342 WARN   Polyline: must contain at least 2 different points
2026-08-27 17:31:01.342 WARN   Polyline: must contain at least 2 different points
2026-08-27 17:31:01.342 WARN   Polyline: must contain at least 2 different points
2026-08-27 17:31:01.342 WARN   Polyline: must contain at least 2 different points
2026-08-27 17:31:01.343 WARN   Polyline: must contain at least 2 different points
2026-08-27 17:31:01.343 WARN   Polyline: must contain at least 2 different points
2026-08-27 17:31:01.343 WARN   Polyline: must contain at least 2 different points
2026-08-27 17:31:01.343 WARN   Polyline: must contain at least 2 different points
2026-08-27 17:31:01.343 WARN   Polyline: must contain at least 2 different points
2026-08-27 17:31:01.344 WARN   Polyline: must contain at least 2 different points
2026-08-27 17:31:01.344 WARN   Polyline: must contain at least 2 different points
2026-08-27 17:31:01.344 WARN   Polyline: must contain at least 2 different points
2026-08-27 17:31:01.344 WARN   Polyline: must contain at least 2 different points
2026-08-27 17:31:01.345 WARN   Polyline: must contain at least 2 different points
2026-08-27 17:31:01.345 WARN   Polyline: must contain at least 2 different points
2026-08-27 17:31:01.345 WARN   Polyline: must contain at least 2 different points
2026-08-27 17:31:01.345 WARN   Polyline: must contain at least 2 different points
2026-08-27 17:31:01.346 WARN   Polyline: must contain at least 2 different points
2026-08-27 17:31:01.346 WARN   Polyline: must contain at least 2 different points
2026-08-27 17:31:01.346 WARN   Polyline: must contain at least 2 different points
2026-08-27 17:31:01.346 WARN   Polyline: must contain at least 2 different points
2026-08-27 17:31:01.347 WARN   Polyline: must contain at least 2 different points
2026-08-27 17:31:01.347 WARN   Polyline: must contain at least 2 different points
2026-08-27 17:31:01.347 WARN   Polyline: must contain at least 2 different points
2026-08-27 17:31:01.347 WARN   Polyline: must contain at least 2 different points
2026-08-27 17:31:01.348 WARN   Polyline: must contain at least 2 different points
2026-08-27 17:31:01.348 WARN   Polyline: must contain at least 2 different points
2026-08-27 17:31:01.348 WARN   Polyline: must contain at least 2 different points
2026-08-27 17:31:01.348 WARN   Polyline: must contain at least 2 different points
2026-08-27 17:31:01.348 WARN   Polyline: must contain at least 2 different points
2026-08-27 17:31:01.349 WARN   Polyline: must contain at least 2 different points
2026-08-27 17:31:01.349 WARN   Polyline: must contain at least 2 different points
2026-08-27 17:31:01.349 WARN   Polyline: must contain at least 2 different points
2026-08-27 17:31:01.349 WARN   Polyline: must contain at least 2 different points
2026-08-27 17:31:01.350 WARN   Polyline: must contain at least 2 different points
2026-08-27 17:31:01.350 WARN   Polyline: must contain at least 2 different points
2026-08-27 17:31:01.350 WARN   Polyline: must contain at least 2 different points
2026-08-27 17:31:01.350 WARN   Polyline: must contain at least 2 different points
2026-08-27 17:31:01.351 WARN   Polyline: must contain at least 2 different points
2026-08-27 17:31:01.351 WARN   Polyline: must contain at least 2 different points
2026-08-27 17:31:01.351 WARN   Polyline: must contain at least 2 different points
2026-08-27 17:31:01.351 WARN   Polyline: must contain at least 2 different points
2026-08-27 17:31:01.351 WARN   Polyline: must contain at least 2 different points
2026-08-27 17:31:01.352 WARN   Polyline: must contain at least 2 different points
2026-08-27 17:31:01.352 WARN   Polyline: must contain at least 2 different points
2026-08-27 17:31:01.352 WARN   Polyline: must contain at least 2 different points
2026-08-27 17:31:01.352 WARN   Polyline: must contain at least 2 different points
2026-08-27 17:31:01.353 WARN   Polyline: must contain at least 2 different points
2026-08-27 17:31:01.353 WARN   Polyline: must contain at least 2 different points
2026-08-27 17:31:01.353 WARN   Polyline: must contain at least 2 different points
2026-08-27 17:31:01.353 WARN   Polyline: must contain at least 2 different points
2026-08-27 17:31:01.354 WARN   Polyline: must contain at least 2 different points
2026-08-27 17:31:01.354 WARN   Polyline: must contain at least 2 different points
2026-08-27 17:31:01.354 WARN   Polyline: must contain at least 2 different points
2026-08-27 17:31:01.354 WARN   Polyline: must contain at least 2 different points
2026-08-27 17:31:01.354 WARN   Polyline: must contain at least 2 different points
2026-08-27 17:31:01.355 WARN   Polyline: must contain at least 2 different points
2026-08-27 17:31:01.355 WARN   Polyline: must contain at least 2 different points
2026-08-27 17:31:01.355 WARN   Polyline: must contain at least 2 different points
2026-08-27 17:31:01.355 WARN   Polyline: must contain at least 2 different points
2026-08-27 17:31:01.356 WARN   Polyline: must contain at least 2 different points
2026-08-27 17:31:01.356 WARN   Polyline: must contain at least 2 different points
2026-08-27 17:31:01.356 WARN   Polyline: must contain at least 2 different points
2026-08-27 17:31:01.356 WARN   Polyline: must contain at least 2 different points
2026-08-27 17:31:01.357 WARN   Polyline: must contain at least 2 different points
2026-08-27 17:31:01.357 WARN   Polyline: must contain at least 2 different points
2026-08-27 17:31:01.357 WARN   Polyline: must contain at least 2 different points
2026-08-27 17:31:01.357 WARN   Polyline: must contain at least 2 different points
2026-08-27 17:31:01.358 WARN   Polyline: must contain at least 2 different points
2026-08-27 17:31:01.358 WARN   Polyline: must contain at least 2 different points
2026-08-27 17:31:01.358 WARN   Polyline: must contain at least 2 different points
2026-08-27 17:31:01.358 WARN   Polyline: must contain at least 2 different points
2026-08-27 17:31:01.359 WARN   Polyline: must contain at least 2 different points
2026-08-27 17:31:01.359 WARN   Polyline: must contain at least 2 different points
2026-08-27 17:31:01.359 WARN   Polyline: must contain at least 2 different points
2026-08-27 17:31:01.359 WARN   Polyline: must contain at least 2 different points
2026-08-27 17:31:01.360 WARN   Polyline: must contain at least 2 different points
2026-08-27 17:31:01.360 WARN   Polyline: must contain at least 2 different points
2026-08-27 17:31:01.360 WARN   Polyline: must contain at least 2 different points
2026-08-27 17:31:01.360 WARN   Polyline: must contain at least 2 different points
2026-08-27 17:31:01.361 WARN   Polyline: must contain at least 2 different points
2026-08-27 17:31:01.361 WARN   Polyline: must contain at least 2 different points
2026-08-27 17:31:01.361 WARN   Polyline: must contain at least 2 different points
2026-08-27 17:31:01.361 WARN   Polyline: must contain at least 2 different points
2026-08-27 17:31:01.361 WARN   Polyline: must contain at least 2 different points
2026-08-27 17:31:01.362 WARN   Polyline: must contain at least 2 different points
2026-08-27 17:31:01.362 WARN   Polyline: must contain at least 2 different points
2026-08-27 17:31:01.362 WARN   Polyline: must contain at least 2 different points
2026-08-27 17:31:01.362 WARN   Polyline: must contain at least 2 different points
2026-08-27 17:31:01.362 WARN   Polyline: must contain at least 2 different points
2026-08-27 17:31:01.363 WARN   Polyline: must contain at least 2 different points
2026-08-27 17:31:01.363 WARN   Polyline: must contain at least 2 different points
2026-08-27 17:31:01.363 WARN   Polyline: must contain at least 2 different points
2026-08-27 17:31:01.363 WARN   Polyline: must contain at least 2 different points
2026-08-27 17:31:01.363 WARN   Polyline: must contain at least 2 different points
2026-08-27 17:31:01.364 WARN   Polyline: must contain at least 2 different points
2026-08-27 17:31:01.364 WARN   Polyline: must contain at least 2 different points
2026-08-27 17:31:01.364 WARN   Polyline: must contain at least 2 different points
2026-08-27 17:31:01.364 WARN   Polyline: must contain at least 2 different points
2026-08-27 17:31:01.364 WARN   Polyline: must contain at least 2 different points
2026-08-27 17:31:01.365 WARN   Polyline: must contain at least 2 different points
2026-08-27 17:31:01.365 WARN   Polyline: must contain at least 2 different points
2026-08-27 17:31:01.365 WARN   Polyline: must contain at least 2 different points
2026-08-27 17:31:01.365 WARN   Polyline: must contain at least 2 different points
2026-08-27 17:31:01.365 WARN   Polyline: must contain at least 2 different points
2026-08-27 17:31:01.366 WARN   Polyline: must contain at least 2 different points
2026-08-27 17:31:01.366 WARN   Polyline: must contain at least 2 different points
2026-08-27 17:31:01.366 WARN   Polyline: must contain at least 2 different points
2026-08-27 17:31:01.366 WARN   Polyline: must contain at least 2 different points
2026-08-27 17:31:01.366 WARN   Polyline: must contain at least 2 different points
2026-08-27 17:31:01.367 WARN   Polyline: must contain at least 2 different points
2026-08-27 17:31:01.367 WARN   Polyline: must contain at least 2 different points
2026-08-27 17:31:01.367 WARN   Polyline: must contain at least 2 different points
2026-08-27 17:31:01.367 WARN   Polyline: must contain at least 2 different points
2026-08-27 17:31:01.368 WARN   Polyline: must contain at least 2 different points
2026-08-27 17:31:01.368 WARN   Polyline: must contain at least 2 different points
2026-08-27 17:31:01.368 WARN   Polyline: must contain at least 2 different points
2026-08-27 17:31:01.368 WARN   Polyline: must contain at least 2 different points
2026-08-27 17:31:01.369 WARN   Polyline: must contain at least 2 different points
2026-08-27 17:31:01.369 WARN   Polyline: must contain at least 2 different points
2026-08-27 17:31:01.369 WARN   Polyline: must contain at least 2 different points
2026-08-27 17:31:01.369 WARN   Polyline: must contain at least 2 different points
2026-08-27 17:31:01.369 WARN   Polyline: must contain at least 2 different points
2026-08-27 17:31:01.370 WARN   Polyline: must contain at least 2 different points
2026-08-27 17:31:01.370 WARN   Polyline: must contain at least 2 different points
2026-08-27 17:31:01.370 WARN   Polyline: must contain at least 2 different points
2026-08-27 17:31:01.370 WARN   Polyline: must contain at least 2 different points
2026-08-27 17:31:01.371 WARN   Polyline: must contain at least 2 different points
2026-08-27 17:31:01.371 WARN   Polyline: must contain at least 2 different points
2026-08-27 17:31:01.371 WARN   Polyline: must contain at least 2 different points
2026-08-27 17:31:01.371 WARN   Polyline: must contain at least 2 different points
2026-08-27 17:31:01.371 WARN   Polyline: must contain at least 2 different points
2026-08-27 17:31:01.372 WARN   Polyline: must contain at least 2 different points
2026-08-27 17:31:01.372 WARN   Polyline: must contain at least 2 different points
2026-08-27 17:31:01.372 WARN   Polyline: must contain at least 2 different points
2026-08-27 17:31:01.372 WARN   Polyline: must contain at least 2 different points
2026-08-27 17:31:01.373 WARN   Polyline: must contain at least 2 different points
2026-08-27 17:31:01.373 WARN   Polyline: must contain at least 2 different points
2026-08-27 17:31:01.373 WARN   Polyline: must contain at least 2 different points
2026-08-27 17:31:01.373 WARN   Polyline: must contain at least 2 different points
2026-08-27 17:31:01.374 WARN   Polyline: must contain at least 2 different points
2026-08-27 17:31:01.374 WARN   Polyline: must contain at least 2 different points
2026-08-27 17:31:01.374 WARN   Polyline: must contain at least 2 different points
2026-08-27 17:31:01.374 WARN   Polyline: must contain at least 2 different points
2026-08-27 17:31:01.375 WARN   Polyline: must contain at least 2 different points
2026-08-27 17:31:01.375 WARN   Polyline: must contain at least 2 different points
2026-08-27 17:31:01.375 WARN   Polyline: must contain at least 2 different points
2026-08-27 17:31:01.375 WARN   Polyline: must contain at least 2 different points
2026-08-27 17:31:01.376 WARN   Polyline: must contain at least 2 different points
2026-08-27 17:31:01.376 WARN   Polyline: must contain at least 2 different points
2026-08-27 17:31:01.376 WARN   Polyline: must contain at least 2 different points
2026-08-27 17:31:01.376 WARN   Polyline: must contain at least 2 different points
2026-08-27 17:31:01.376 WARN   Polyline: must contain at least 2 different points
2026-08-27 17:31:01.377 WARN   Polyline: must contain at least 2 different points
2026-08-27 17:31:01.377 WARN   Polyline: must contain at least 2 different points
2026-08-27 17:31:01.377 WARN   Polyline: must contain at least 2 different points
2026-08-27 17:31:01.377 WARN   Polyline: must contain at least 2 different points
2026-08-27 17:31:01.378 WARN   Polyline: must contain at least 2 different points
2026-08-27 17:31:01.378 WARN   Polyline: must contain at least 2 different points
2026-08-27 17:31:01.378 WARN   Polyline: must contain at least 2 different points
2026-08-27 17:31:01.378 WARN   Polyline: must contain at least 2 different points
2026-08-27 17:31:01.379 WARN   Polyline: must contain at least 2 different points
2026-08-27 17:31:01.379 WARN   Polyline: must contain at least 2 different points
2026-08-27 17:31:01.379 WARN   Polyline: must contain at least 2 different points
2026-08-27 17:31:01.379 WARN   Polyline: must contain at least 2 different points
2026-08-27 17:31:01.380 WARN   Polyline: must contain at least 2 different points
2026-08-27 17:31:01.380 WARN   Polyline: must contain at least 2 different points
2026-08-27 17:31:01.380 WARN   Polyline: must contain at least 2 different points
2026-08-27 17:31:01.380 WARN   Polyline: must contain at least 2 different points
2026-08-27 17:31:01.380 WARN   Polyline: must contain at least 2 different points
2026-08-27 17:31:01.381 WARN   Polyline: must contain at least 2 different points
2026-08-27 17:31:01.381 WARN   Polyline: must contain at least 2 different points
2026-08-27 17:31:01.381 WARN   Polyline: must contain at least 2 different points
2026-08-27 17:31:01.381 WARN   Polyline: must contain at least 2 different points
2026-08-27 17:31:01.382 WARN   Polyline: must contain at least 2 different points
2026-08-27 17:31:01.382 WARN   Polyline: must contain at least 2 different points
2026-08-27 17:31:01.382 WARN   Polyline: must contain at least 2 different points
2026-08-27 17:31:01.382 WARN   Polyline: must contain at least 2 different points
2026-08-27 17:31:01.382 WARN   Polyline: must contain at least 2 different points
2026-08-27 17:31:01.383 WARN   Polyline: must contain at least 2 different points
2026-08-27 17:31:01.383 WARN   Polyline: must contain at least 2 different points
2026-08-27 17:31:01.383 WARN   Polyline: must contain at least 2 different points
2026-08-27 17:31:01.383 WARN   Polyline: must contain at least 2 different points
2026-08-27 17:31:01.384 WARN   Polyline: must contain at least 2 different points
2026-08-27 17:31:01.384 WARN   Polyline: must contain at least 2 different points
2026-08-27 17:31:01.384 WARN   Polyline: must contain at least 2 different points
2026-08-27 17:31:01.384 WARN   Polyline: must contain at least 2 different points
2026-08-27 17:31:01.385 WARN   Polyline: must contain at least 2 different points
2026-08-27 17:31:01.385 WARN   Polyline: must contain at least 2 different points
2026-08-27 17:31:01.385 WARN   Polyline: must contain at least 2 different points
2026-08-27 17:31:01.385 WARN   Polyline: must contain at least 2 different points
2026-08-27 17:31:01.386 WARN   Polyline: must contain at least 2 different points
2026-08-27 17:31:01.386 WARN   Polyline: must contain at least 2 different points
2026-08-27 17:31:01.386 WARN   Polyline: must contain at least 2 different points
2026-08-27 17:31:01.386 WARN   Polyline: must contain at least 2 different points
2026-08-27 17:31:01.387 WARN   Polyline: must contain at least 2 different points
2026-08-27 17:31:01.387 WARN   Polyline: must contain at least 2 different points
2026-08-27 17:31:01.387 WARN   Polyline: must contain at least 2 different points
2026-08-27 17:31:01.387 WARN   Polyline: must contain at least 2 different points
2026-08-27 17:31:01.388 WARN   Polyline: must contain at least 2 different points
2026-08-27 17:31:01.388 WARN   Polyline: must contain at least 2 different points
2026-08-27 17:31:01.388 WARN   Polyline: must contain at least 2 different points
2026-08-27 17:31:01.388 WARN   Polyline: must contain at least 2 different points
2026-08-27 17:31:01.388 WARN   Polyline: must contain at least 2 different points
2026-08-27 17:31:01.389 WARN   Polyline: must contain at least 2 different points
2026-08-27 17:31:01.389 WARN   Polyline: must contain at least 2 different points
2026-08-27 17:31:01.389 WARN   Polyline: must contain at least 2 different points
2026-08-27 17:31:01.389 WARN   Polyline: must contain at least 2 different points
2026-08-27 17:31:01.390 WARN   Polyline: must contain at least 2 different points
2026-08-27 17:31:01.390 WARN   Polyline: must contain at least 2 different points
2026-08-27 17:31:01.390 WARN   Polyline: must contain at least 2 different points
2026-08-27 17:31:01.390 WARN   Polyline: must contain at least 2 different points
2026-08-27 17:31:01.391 WARN   Polyline: must contain at least 2 different points
2026-08-27 17:31:01.391 WARN   Polyline: must contain at least 2 different points
2026-08-27 17:31:01.391 WARN   Polyline: must contain at least 2 different points
2026-08-27 17:31:01.391 WARN   Polyline: must contain at least 2 different points
2026-08-27 17:31:01.391 WARN   Polyline: must contain at least 2 different points
2026-08-27 17:31:01.392 WARN   Polyline: must contain at least 2 different points
2026-08-27 17:31:01.392 WARN   Polyline: must contain at least 2 different points
2026-08-27 17:31:01.392 WARN   Polyline: must contain at least 2 different points
2026-08-27 17:31:01.392 WARN   Polyline: must contain at least 2 different points
2026-08-27 17:31:01.393 WARN   Polyline: must contain at least 2 different points
2026-08-27 17:31:01.393 WARN   Polyline: must contain at least 2 different points
2026-08-27 17:31:01.393 WARN   Polyline: must contain at least 2 different points
2026-08-27 17:31:01.393 WARN   Polyline: must contain at least 2 different points
2026-08-27 17:31:01.394 WARN   Polyline: must contain at least 2 different points
2026-08-27 17:31:01.394 WARN   Polyline: must contain at least 2 different points
2026-08-27 17:31:01.394 WARN   Polyline: must contain at least 2 different points
2026-08-27 17:31:01.394 WARN   Polyline: must contain at least 2 different points
2026-08-27 17:31:01.394 WARN   Polyline: must contain at least 2 different points
2026-08-27 17:31:01.395 WARN   Polyline: must contain at least 2 different points
2026-08-27 17:31:01.395 WARN   Polyline: must contain at least 2 different points
2026-08-27 17:31:01.395 WARN   Polyline: must contain at least 2 different points
2026-08-27 17:31:01.395 WARN   Polyline: must contain at least 2 different points
2026-08-27 17:31:01.395 WARN   Polyline: must contain at least 2 different points
2026-08-27 17:31:01.396 WARN   Polyline: must contain at least 2 different points
2026-08-27 17:31:01.396 WARN   Polyline: must contain at least 2 different points
2026-08-27 17:31:01.396 WARN   Polyline: must contain at least 2 different points
2026-08-27 17:31:01.396 WARN   Polyline: must contain at least 2 different points
2026-08-27 17:31:01.397 WARN   Polyline: must contain at least 2 different points
2026-08-27 17:31:01.397 WARN   Polyline: must contain at least 2 different points
2026-08-27 17:31:01.397 WARN   Polyline: must contain at least 2 different points
2026-08-27 17:31:01.397 WARN   Polyline: must contain at least 2 different points
2026-08-27 17:31:01.397 WARN   Polyline: must contain at least 2 different points
2026-08-27 17:31:01.398 WARN   Polyline: must contain at least 2 different points
2026-08-27 17:31:01.398 WARN   Polyline: must contain at least 2 different points
2026-08-27 17:31:01.398 WARN   Polyline: must contain at least 2 different points
2026-08-27 17:31:01.398 WARN   Polyline: must contain at least 2 different points
2026-08-27 17:31:01.399 WARN   Polyline: must contain at least 2 different points
2026-08-27 17:31:01.400 WARN   Polyline: must contain at least 2 different points
2026-08-27 17:31:01.400 WARN   Polyline: must contain at least 2 different points
2026-08-27 17:31:01.400 WARN   Polyline: must contain at least 2 different points
2026-08-27 17:31:01.401 WARN   Polyline: must contain at least 2 different points
2026-08-27 17:31:01.401 WARN   Polyline: must contain at least 2 different points
2026-08-27 17:31:01.401 WARN   Polyline: must contain at least 2 different points
2026-08-27 17:31:01.401 WARN   Polyline: must contain at least 2 different points
2026-08-27 17:31:01.401 WARN   Polyline: must contain at least 2 different points
2026-08-27 17:31:01.402 WARN   Polyline: must contain at least 2 different points
2026-08-27 17:31:01.402 WARN   Polyline: must contain at least 2 different points
2026-08-27 17:31:01.402 WARN   Polyline: must contain at least 2 different points
2026-08-27 17:31:01.402 WARN   Polyline: must contain at least 2 different points
2026-08-27 17:31:01.402 WARN   Polyline: must contain at least 2 different points
2026-08-27 17:31:01.403 WARN   Polyline: must contain at least 2 different points
2026-08-27 17:31:01.403 WARN   Polyline: must contain at least 2 different points
2026-08-27 17:31:01.403 WARN   Polyline: must contain at least 2 different points
2026-08-27 17:31:01.403 WARN   Polyline: must contain at least 2 different points
2026-08-27 17:31:01.404 WARN   Polyline: must contain at least 2 different points
2026-08-27 17:31:01.404 WARN   Polyline: must contain at least 2 different points
2026-08-27 17:31:01.404 WARN   Polyline: must contain at least 2 different points
2026-08-27 17:31:01.404 WARN   Polyline: must contain at least 2 different points
2026-08-27 17:31:01.404 WARN   Polyline: must contain at least 2 different points
2026-08-27 17:31:01.405 WARN   Polyline: must contain at least 2 different points
2026-08-27 17:31:01.405 WARN   Polyline: must contain at least 2 different points
2026-08-27 17:31:01.405 WARN   Polyline: must contain at least 2 different points
2026-08-27 17:31:01.405 WARN   Polyline: must contain at least 2 different points
2026-08-27 17:31:01.405 WARN   Polyline: must contain at least 2 different points
2026-08-27 17:31:01.406 WARN   Polyline: must contain at least 2 different points
2026-08-27 17:31:01.406 WARN   Polyline: must contain at least 2 different points
2026-08-27 17:31:01.408 WARN   Polyline: must contain at least 2 different points
2026-08-27 17:31:01.408 WARN   Polyline: must contain at least 2 different points
2026-08-27 17:31:01.409 WARN   Polyline: must contain at least 2 different points
2026-08-27 17:31:01.409 WARN   Polyline: must contain at least 2 different points
2026-08-27 17:31:01.409 WARN   Polyline: must contain at least 2 different points
2026-08-27 17:31:01.409 WARN   Polyline: must contain at least 2 different points
2026-08-27 17:31:01.410 WARN   Polyline: must contain at least 2 different points
2026-08-27 17:31:01.410 WARN   Polyline: must contain at least 2 different points
2026-08-27 17:31:01.410 WARN   Polyline: must contain at least 2 different points
2026-08-27 17:31:01.410 WARN   Polyline: must contain at least 2 different points
2026-08-27 17:31:01.410 WARN   Polyline: must contain at least 2 different points
2026-08-27 17:31:01.411 WARN   Polyline: must contain at least 2 different points
2026-08-27 17:31:01.411 WARN   Polyline: must contain at least 2 different points
2026-08-27 17:31:01.411 WARN   Polyline: must contain at least 2 different points
2026-08-27 17:31:01.411 WARN   Polyline: must contain at least 2 different points
2026-08-27 17:31:01.412 WARN   Polyline: must contain at least 2 different points
2026-08-27 17:31:01.412 WARN   Polyline: must contain at least 2 different points
2026-08-27 17:31:01.412 WARN   Polyline: must contain at least 2 different points
2026-08-27 17:31:01.412 WARN   Polyline: must contain at least 2 different points
2026-08-27 17:31:01.412 WARN   Polyline: must contain at least 2 different points
2026-08-27 17:31:01.413 WARN   Polyline: must contain at least 2 different points
2026-08-27 17:31:01.413 WARN   Polyline: must contain at least 2 different points
2026-08-27 17:31:01.413 WARN   Polyline: must contain at least 2 different points
2026-08-27 17:31:01.413 WARN   Polyline: must contain at least 2 different points
2026-08-27 17:31:01.414 WARN   Polyline: must contain at least 2 different points
2026-08-27 17:31:01.414 WARN   Polyline: must contain at least 2 different points
2026-08-27 17:31:01.415 WARN   Polyline: must contain at least 2 different points
2026-08-27 17:31:01.415 WARN   Polyline: must contain at least 2 different points
2026-08-27 17:31:01.415 WARN   Polyline: must contain at least 2 different points
2026-08-27 17:31:01.415 WARN   Polyline: must contain at least 2 different points
2026-08-27 17:31:01.415 WARN   Polyline: must contain at least 2 different points
2026-08-27 17:31:01.416 WARN   Polyline: must contain at least 2 different points
2026-08-27 17:31:01.416 WARN   Polyline: must contain at least 2 different points
2026-08-27 17:31:01.416 WARN   Polyline: must contain at least 2 different points
2026-08-27 17:31:01.416 WARN   Polyline: must contain at least 2 different points
2026-08-27 17:31:01.416 WARN   Polyline: must contain at least 2 different points
2026-08-27 17:31:01.417 WARN   Polyline: must contain at least 2 different points
2026-08-27 17:31:01.417 WARN   Polyline: must contain at least 2 different points
2026-08-27 17:31:01.417 WARN   Polyline: must contain at least 2 different points
2026-08-27 17:31:01.417 WARN   Polyline: must contain at least 2 different points
2026-08-27 17:31:01.418 WARN   Polyline: must contain at least 2 different points
2026-08-27 17:31:01.418 WARN   Polyline: must contain at least 2 different points
2026-08-27 17:31:01.419 WARN   Polyline: must contain at least 2 different points
2026-08-27 17:31:01.419 WARN   Polyline: must contain at least 2 different points
2026-08-27 17:31:01.419 WARN   Polyline: must contain at least 2 different points
2026-08-27 17:31:01.421 WARN   Polyline: must contain at least 2 different points
2026-08-27 17:31:01.421 WARN   Polyline: must contain at least 2 different points
2026-08-27 17:31:01.421 WARN   Polyline: must contain at least 2 different points
2026-08-27 17:31:01.422 WARN   Polyline: must contain at least 2 different points
2026-08-27 17:31:01.422 WARN   Polyline: must contain at least 2 different points
2026-08-27 17:31:01.422 WARN   Polyline: must contain at least 2 different points
2026-08-27 17:31:01.422 WARN   Polyline: must contain at least 2 different points
2026-08-27 17:31:01.422 WARN   Polyline: must contain at least 2 different points
2026-08-27 17:31:01.423 WARN   Polyline: must contain at least 2 different points
2026-08-27 17:31:01.423 WARN   Polyline: must contain at least 2 different points
2026-08-27 17:31:01.423 WARN   Polyline: must contain at least 2 different points
2026-08-27 17:31:01.423 WARN   Polyline: must contain at least 2 different points
2026-08-27 17:31:01.423 WARN   Polyline: must contain at least 2 different points
2026-08-27 17:31:01.424 WARN   Polyline: must contain at least 2 different points
2026-08-27 17:31:01.426 WARN   Polyline: must contain at least 2 different points
2026-08-27 17:31:01.427 WARN   Polyline: must contain at least 2 different points
2026-08-27 17:31:01.427 WARN   Polyline: must contain at least 2 different points
2026-08-27 17:31:01.427 WARN   Polyline: must contain at least 2 different points
2026-08-27 17:31:01.427 WARN   Polyline: must contain at least 2 different points
2026-08-27 17:31:01.427 WARN   Polyline: must contain at least 2 different points
2026-08-27 17:31:01.428 WARN   Polyline: must contain at least 2 different points
2026-08-27 17:31:01.428 WARN   Polyline: must contain at least 2 different points
2026-08-27 17:31:01.428 WARN   Polyline: must contain at least 2 different points
2026-08-27 17:31:01.428 WARN   Polyline: must contain at least 2 different points
2026-08-27 17:31:01.428 WARN   Polyline: must contain at least 2 different points
2026-08-27 17:31:01.429 WARN   Polyline: must contain at least 2 different points
2026-08-27 17:31:01.429 WARN   Polyline: must contain at least 2 different points
2026-08-27 17:31:01.429 WARN   Polyline: must contain at least 2 different points
2026-08-27 17:31:01.429 WARN   Polyline: must contain at least 2 different points
2026-08-27 17:31:01.429 WARN   Polyline: must contain at least 2 different points
2026-08-27 17:31:01.430 WARN   Polyline: must contain at least 2 different points
2026-08-27 17:31:01.430 WARN   Polyline: must contain at least 2 different points
2026-08-27 17:31:01.430 WARN   Polyline: must contain at least 2 different points
2026-08-27 17:31:01.430 WARN   Polyline: must contain at least 2 different points
2026-08-27 17:31:01.430 WARN   Polyline: must contain at least 2 different points
2026-08-27 17:31:01.431 WARN   Polyline: must contain at least 2 different points
2026-08-27 17:31:01.431 WARN   Polyline: must contain at least 2 different points
2026-08-27 17:31:01.431 WARN   Polyline: must contain at least 2 different points
2026-08-27 17:31:01.431 WARN   Polyline: must contain at least 2 different points
2026-08-27 17:31:01.432 WARN   Polyline: must contain at least 2 different points
2026-08-27 17:31:01.432 WARN   Polyline: must contain at least 2 different points
2026-08-27 17:31:01.432 WARN   Polyline: must contain at least 2 different points
2026-08-27 17:31:01.432 WARN   Polyline: must contain at least 2 different points
2026-08-27 17:31:01.432 WARN   Polyline: must contain at least 2 different points
2026-08-27 17:31:01.432 WARN   Polyline: must contain at least 2 different points
2026-08-27 17:31:01.433 WARN   Polyline: must contain at least 2 different points
2026-08-27 17:31:01.433 WARN   Polyline: must contain at least 2 different points
2026-08-27 17:31:01.433 WARN   Polyline: must contain at least 2 different points
2026-08-27 17:31:01.433 WARN   Polyline: must contain at least 2 different points
2026-08-27 17:31:01.433 WARN   Polyline: must contain at least 2 different points
2026-08-27 17:31:01.434 WARN   Polyline: must contain at least 2 different points
2026-08-27 17:31:01.434 WARN   Polyline: must contain at least 2 different points
2026-08-27 17:31:01.434 WARN   Polyline: must contain at least 2 different points
2026-08-27 17:31:01.434 WARN   Polyline: must contain at least 2 different points
2026-08-27 17:31:01.434 WARN   Polyline: must contain at least 2 different points
2026-08-27 17:31:01.435 WARN   Polyline: must contain at least 2 different points
2026-08-27 17:31:01.435 WARN   Polyline: must contain at least 2 different points
2026-08-27 17:31:01.435 WARN   Polyline: must contain at least 2 different points
2026-08-27 17:31:01.435 WARN   Polyline: must contain at least 2 different points
2026-08-27 17:31:01.435 WARN   Polyline: must contain at least 2 different points
2026-08-27 17:31:01.436 WARN   Polyline: must contain at least 2 different points
2026-08-27 17:31:01.436 WARN   Polyline: must contain at least 2 different points
2026-08-27 17:31:01.436 WARN   Polyline: must contain at least 2 different points
2026-08-27 17:31:01.436 WARN   Polyline: must contain at least 2 different points
2026-08-27 17:31:01.437 WARN   Polyline: must contain at least 2 different points
2026-08-27 17:31:01.437 WARN   Polyline: must contain at least 2 different points
2026-08-27 17:31:01.437 WARN   Polyline: must contain at least 2 different points
2026-08-27 17:31:01.437 WARN   Polyline: must contain at least 2 different points
2026-08-27 17:31:01.437 WARN   Polyline: must contain at least 2 different points
2026-08-27 17:31:01.438 WARN   Polyline: must contain at least 2 different points
2026-08-27 17:31:01.438 WARN   Polyline: must contain at least 2 different points
2026-08-27 17:31:01.438 WARN   Polyline: must contain at least 2 different points
2026-08-27 17:31:01.438 WARN   Polyline: must contain at least 2 different points
2026-08-27 17:31:01.438 WARN   Polyline: must contain at least 2 different points
2026-08-27 17:31:01.438 WARN   Polyline: must contain at least 2 different points
2026-08-27 17:31:01.439 WARN   Polyline: must contain at least 2 different points
2026-08-27 17:31:01.439 WARN   Polyline: must contain at least 2 different points
2026-08-27 17:31:01.439 WARN   Polyline: must contain at least 2 different points
2026-08-27 17:31:01.439 WARN   Polyline: must contain at least 2 different points
2026-08-27 17:31:01.439 WARN   Polyline: must contain at least 2 different points
2026-08-27 17:31:01.440 WARN   Polyline: must contain at least 2 different points
2026-08-27 17:31:01.440 WARN   Polyline: must contain at least 2 different points
2026-08-27 17:31:01.440 WARN   Polyline: must contain at least 2 different points
2026-08-27 17:31:01.440 WARN   Polyline: must contain at least 2 different points
2026-08-27 17:31:01.440 WARN   Polyline: must contain at least 2 different points
2026-08-27 17:31:01.441 WARN   Polyline: must contain at least 2 different points
2026-08-27 17:31:01.441 WARN   Polyline: must contain at least 2 different points
2026-08-27 17:31:01.441 WARN   Polyline: must contain at least 2 different points
2026-08-27 17:31:01.441 WARN   Polyline: must contain at least 2 different points
2026-08-27 17:31:01.441 WARN   Polyline: must contain at least 2 different points
2026-08-27 17:31:01.442 WARN   Polyline: must contain at least 2 different points
2026-08-27 17:31:01.442 WARN   Polyline: must contain at least 2 different points
2026-08-27 17:31:01.442 WARN   Polyline: must contain at least 2 different points
2026-08-27 17:31:01.442 WARN   Polyline: must contain at least 2 different points
2026-08-27 17:31:01.442 WARN   Polyline: must contain at least 2 different points
2026-08-27 17:31:01.442 WARN   Polyline: must contain at least 2 different points
2026-08-27 17:31:01.443 WARN   Polyline: must contain at least 2 different points
2026-08-27 17:31:01.443 WARN   Polyline: must contain at least 2 different points
2026-08-27 17:31:01.443 WARN   Polyline: must contain at least 2 different points
2026-08-27 17:31:01.443 WARN   Polyline: must contain at least 2 different points
2026-08-27 17:31:01.443 WARN   Polyline: must contain at least 2 different points
2026-08-27 17:31:01.444 WARN   Polyline: must contain at least 2 different points
2026-08-27 17:31:01.444 WARN   Polyline: must contain at least 2 different points
2026-08-27 17:31:01.444 WARN   Polyline: must contain at least 2 different points
2026-08-27 17:31:01.444 WARN   Polyline: must contain at least 2 different points
2026-08-27 17:31:01.444 WARN   Polyline: must contain at least 2 different points
2026-08-27 17:31:01.445 WARN   Polyline: must contain at least 2 different points
2026-08-27 17:31:01.445 WARN   Polyline: must contain at least 2 different points
2026-08-27 17:31:01.445 WARN   Polyline: must contain at least 2 different points
2026-08-27 17:31:01.445 WARN   Polyline: must contain at least 2 different points
2026-08-27 17:31:01.445 WARN   Polyline: must contain at least 2 different points
2026-08-27 17:31:01.446 WARN   Polyline: must contain at least 2 different points
2026-08-27 17:31:01.448 WARN   Polyline: must contain at least 2 different points
2026-08-27 17:31:01.449 WARN   Polyline: must contain at least 2 different points
2026-08-27 17:31:01.449 WARN   Polyline: must contain at least 2 different points
2026-08-27 17:31:01.449 WARN   Polyline: must contain at least 2 different points
2026-08-27 17:31:01.449 WARN   Polyline: must contain at least 2 different points
2026-08-27 17:31:01.449 WARN   Polyline: must contain at least 2 different points
2026-08-27 17:31:01.450 WARN   Polyline: must contain at least 2 different points
2026-08-27 17:31:01.450 WARN   Polyline: must contain at least 2 different points
2026-08-27 17:31:01.450 WARN   Polyline: must contain at least 2 different points
2026-08-27 17:31:01.450 WARN   Polyline: must contain at least 2 different points
2026-08-27 17:31:01.450 WARN   Polyline: must contain at least 2 different points
2026-08-27 17:31:01.451 WARN   Polyline: must contain at least 2 different points
2026-08-27 17:31:01.451 WARN   Polyline: must contain at least 2 different points
2026-08-27 17:31:01.451 WARN   Polyline: must contain at least 2 different points
2026-08-27 17:31:01.451 WARN   Polyline: must contain at least 2 different points
2026-08-27 17:31:01.451 WARN   Polyline: must contain at least 2 different points
2026-08-27 17:31:01.452 WARN   Polyline: must contain at least 2 different points
2026-08-27 17:31:01.452 WARN   Polyline: must contain at least 2 different points
2026-08-27 17:31:01.452 WARN   Polyline: must contain at least 2 different points
2026-08-27 17:31:01.452 WARN   Polyline: must contain at least 2 different points
2026-08-27 17:31:01.452 WARN   Polyline: must contain at least 2 different points
2026-08-27 17:31:01.453 WARN   Polyline: must contain at least 2 different points
2026-08-27 17:31:01.453 WARN   Polyline: must contain at least 2 different points
2026-08-27 17:31:01.453 WARN   Polyline: must contain at least 2 different points
2026-08-27 17:31:01.453 WARN   Polyline: must contain at least 2 different points
2026-08-27 17:31:01.453 WARN   Polyline: must contain at least 2 different points
2026-08-27 17:31:01.453 WARN   Polyline: must contain at least 2 different points
2026-08-27 17:31:01.454 WARN   Polyline: must contain at least 2 different points
2026-08-27 17:31:01.454 WARN   Polyline: must contain at least 2 different points
2026-08-27 17:31:01.454 WARN   Polyline: must contain at least 2 different points
2026-08-27 17:31:01.454 WARN   Polyline: must contain at least 2 different points
2026-08-27 17:31:01.454 WARN   Polyline: must contain at least 2 different points
2026-08-27 17:31:01.455 WARN   Polyline: must contain at least 2 different points
2026-08-27 17:31:01.455 WARN   Polyline: must contain at least 2 different points
2026-08-27 17:31:01.455 WARN   Polyline: must contain at least 2 different points
2026-08-27 17:31:01.455 WARN   Polyline: must contain at least 2 different points
2026-08-27 17:31:01.455 WARN   Polyline: must contain at least 2 different points
2026-08-27 17:31:01.456 WARN   Polyline: must contain at least 2 different points
2026-08-27 17:31:01.456 WARN   Polyline: must contain at least 2 different points
2026-08-27 17:31:01.456 WARN   Polyline: must contain at least 2 different points
2026-08-27 17:31:01.456 WARN   Polyline: must contain at least 2 different points
2026-08-27 17:31:01.456 WARN   Polyline: must contain at least 2 different points
2026-08-27 17:31:01.456 WARN   Polyline: must contain at least 2 different points
2026-08-27 17:31:01.457 WARN   Polyline: must contain at least 2 different points
2026-08-27 17:31:01.457 WARN   Polyline: must contain at least 2 different points
2026-08-27 17:31:01.457 WARN   Polyline: must contain at least 2 different points
2026-08-27 17:31:01.457 WARN   Polyline: must contain at least 2 different points
2026-08-27 17:31:01.457 WARN   Polyline: must contain at least 2 different points
2026-08-27 17:31:01.458 WARN   Polyline: must contain at least 2 different points
2026-08-27 17:31:01.458 WARN   Polyline: must contain at least 2 different points
2026-08-27 17:31:01.458 WARN   Polyline: must contain at least 2 different points
2026-08-27 17:31:01.458 WARN   Polyline: must contain at least 2 different points
2026-08-27 17:31:01.458 WARN   Polyline: must contain at least 2 different points
2026-08-27 17:31:01.459 WARN   Polyline: must contain at least 2 different points
2026-08-27 17:31:01.459 WARN   Polyline: must contain at least 2 different points
2026-08-27 17:31:01.459 WARN   Polyline: must contain at least 2 different points
2026-08-27 17:31:01.459 WARN   Polyline: must contain at least 2 different points
2026-08-27 17:31:01.459 WARN   Polyline: must contain at least 2 different points
2026-08-27 17:31:01.459 WARN   Polyline: must contain at least 2 different points
2026-08-27 17:31:01.460 WARN   Polyline: must contain at least 2 different points
2026-08-27 17:31:01.460 WARN   Polyline: must contain at least 2 different points
2026-08-27 17:31:01.460 WARN   Polyline: must contain at least 2 different points
2026-08-27 17:31:01.460 WARN   Polyline: must contain at least 2 different points
2026-08-27 17:31:01.460 WARN   Polyline: must contain at least 2 different points
2026-08-27 17:31:01.460 WARN   Polyline: must contain at least 2 different points
2026-08-27 17:31:01.461 WARN   Polyline: must contain at least 2 different points
2026-08-27 17:31:01.461 WARN   Polyline: must contain at least 2 different points
2026-08-27 17:31:01.461 WARN   Polyline: must contain at least 2 different points
2026-08-27 17:31:01.461 WARN   Polyline: must contain at least 2 different points
2026-08-27 17:31:01.461 WARN   Polyline: must contain at least 2 different points
2026-08-27 17:31:01.461 WARN   Polyline: must contain at least 2 different points
2026-08-27 17:31:01.462 WARN   Polyline: must contain at least 2 different points
2026-08-27 17:31:01.462 WARN   Polyline: must contain at least 2 different points
2026-08-27 17:31:01.462 WARN   Polyline: must contain at least 2 different points
2026-08-27 17:31:01.462 WARN   Polyline: must contain at least 2 different points
2026-08-27 17:31:01.462 WARN   Polyline: must contain at least 2 different points
2026-08-27 17:31:01.463 WARN   Polyline: must contain at least 2 different points
2026-08-27 17:31:01.463 WARN   Polyline: must contain at least 2 different points
2026-08-27 17:31:01.463 WARN   Polyline: must contain at least 2 different points
2026-08-27 17:31:01.463 WARN   Polyline: must contain at least 2 different points
2026-08-27 17:31:01.463 WARN   Polyline: must contain at least 2 different points
2026-08-27 17:31:01.464 WARN   Polyline: must contain at least 2 different points
2026-08-27 17:31:01.464 WARN   Polyline: must contain at least 2 different points
2026-08-27 17:31:01.464 WARN   Polyline: must contain at least 2 different points
2026-08-27 17:31:01.464 WARN   Polyline: must contain at least 2 different points
2026-08-27 17:31:01.464 WARN   Polyline: must contain at least 2 different points
2026-08-27 17:31:01.464 WARN   Polyline: must contain at least 2 different points
2026-08-27 17:31:01.465 WARN   Polyline: must contain at least 2 different points
2026-08-27 17:31:01.465 WARN   Polyline: must contain at least 2 different points
2026-08-27 17:31:01.465 WARN   Polyline: must contain at least 2 different points
2026-08-27 17:31:01.465 WARN   Polyline: must contain at least 2 different points
2026-08-27 17:31:01.465 WARN   Polyline: must contain at least 2 different points
2026-08-27 17:31:01.465 WARN   Polyline: must contain at least 2 different points
2026-08-27 17:31:01.466 WARN   Polyline: must contain at least 2 different points
2026-08-27 17:31:01.466 WARN   Polyline: must contain at least 2 different points
2026-08-27 17:31:01.466 WARN   Polyline: must contain at least 2 different points
2026-08-27 17:31:01.466 WARN   Polyline: must contain at least 2 different points
2026-08-27 17:31:01.466 WARN   Polyline: must contain at least 2 different points
2026-08-27 17:31:01.467 WARN   Polyline: must contain at least 2 different points
2026-08-27 17:31:01.467 WARN   Polyline: must contain at least 2 different points
2026-08-27 17:31:01.467 WARN   Polyline: must contain at least 2 different points
2026-08-27 17:31:01.467 WARN   Polyline: must contain at least 2 different points
2026-08-27 17:31:01.467 WARN   Polyline: must contain at least 2 different points
2026-08-27 17:31:01.467 WARN   Polyline: must contain at least 2 different points
2026-08-27 17:31:01.468 WARN   Polyline: must contain at least 2 different points
2026-08-27 17:31:01.468 WARN   Polyline: must contain at least 2 different points
2026-08-27 17:31:01.468 WARN   Polyline: must contain at least 2 different points
2026-08-27 17:31:01.468 WARN   Polyline: must contain at least 2 different points
2026-08-27 17:31:01.468 WARN   Polyline: must contain at least 2 different points
2026-08-27 17:31:01.469 WARN   Polyline: must contain at least 2 different points
2026-08-27 17:31:01.469 WARN   Polyline: must contain at least 2 different points
2026-08-27 17:31:01.469 WARN   Polyline: must contain at least 2 different points
2026-08-27 17:31:01.469 WARN   Polyline: must contain at least 2 different points
2026-08-27 17:31:01.469 WARN   Polyline: must contain at least 2 different points
2026-08-27 17:31:01.470 WARN   Polyline: must contain at least 2 different points
2026-08-27 17:31:01.470 WARN   Polyline: must contain at least 2 different points
2026-08-27 17:31:01.470 WARN   Polyline: must contain at least 2 different points
2026-08-27 17:31:01.470 WARN   Polyline: must contain at least 2 different points
2026-08-27 17:31:01.470 WARN   Polyline: must contain at least 2 different points
2026-08-27 17:31:01.470 WARN   Polyline: must contain at least 2 different points
2026-08-27 17:31:01.471 WARN   Polyline: must contain at least 2 different points
2026-08-27 17:31:01.471 WARN   Polyline: must contain at least 2 different points
2026-08-27 17:31:01.471 WARN   Polyline: must contain at least 2 different points
2026-08-27 17:31:01.471 WARN   Polyline: must contain at least 2 different points
2026-08-27 17:31:01.471 WARN   Polyline: must contain at least 2 different points
2026-08-27 17:31:01.471 WARN   Polyline: must contain at least 2 different points
2026-08-27 17:31:01.472 WARN   Polyline: must contain at least 2 different points
2026-08-27 17:31:01.472 WARN   Polyline: must contain at least 2 different points
2026-08-27 17:31:01.472 WARN   Polyline: must contain at least 2 different points
2026-08-27 17:31:01.472 WARN   Polyline: must contain at least 2 different points
2026-08-27 17:31:01.472 WARN   Polyline: must contain at least 2 different points
2026-08-27 17:31:01.473 WARN   Polyline: must contain at least 2 different points
2026-08-27 17:31:01.473 WARN   Polyline: must contain at least 2 different points
2026-08-27 17:31:01.473 WARN   Polyline: must contain at least 2 different points
2026-08-27 17:31:01.473 WARN   Polyline: must contain at least 2 different points
2026-08-27 17:31:01.473 WARN   Polyline: must contain at least 2 different points
2026-08-27 17:31:01.473 WARN   Polyline: must contain at least 2 different points
2026-08-27 17:31:01.474 WARN   Polyline: must contain at least 2 different points
2026-08-27 17:31:01.474 WARN   Polyline: must contain at least 2 different points
2026-08-27 17:31:01.474 WARN   Polyline: must contain at least 2 different points
2026-08-27 17:31:01.474 WARN   Polyline: must contain at least 2 different points
2026-08-27 17:31:01.474 WARN   Polyline: must contain at least 2 different points
2026-08-27 17:31:01.475 WARN   Polyline: must contain at least 2 different points
2026-08-27 17:31:01.475 WARN   Polyline: must contain at least 2 different points
2026-08-27 17:31:01.475 WARN   Polyline: must contain at least 2 different points
2026-08-27 17:31:01.475 WARN   Polyline: must contain at least 2 different points
2026-08-27 17:31:01.475 WARN   Polyline: must contain at least 2 different points
2026-08-27 17:31:01.476 WARN   Polyline: must contain at least 2 different points
2026-08-27 17:31:01.476 WARN   Polyline: must contain at least 2 different points
2026-08-27 17:31:01.476 WARN   Polyline: must contain at least 2 different points
2026-08-27 17:31:01.476 WARN   Polyline: must contain at least 2 different points
2026-08-27 17:31:01.476 WARN   Polyline: must contain at least 2 different points
2026-08-27 17:31:01.477 WARN   Polyline: must contain at least 2 different points
2026-08-27 17:31:01.477 WARN   Polyline: must contain at least 2 different points
2026-08-27 17:31:01.477 WARN   Polyline: must contain at least 2 different points
2026-08-27 17:31:01.477 WARN   Polyline: must contain at least 2 different points
2026-08-27 17:31:01.477 WARN   Polyline: must contain at least 2 different points
2026-08-27 17:31:01.477 WARN   Polyline: must contain at least 2 different points
2026-08-27 17:31:01.478 WARN   Polyline: must contain at least 2 different points
2026-08-27 17:31:01.478 WARN   Polyline: must contain at least 2 different points
2026-08-27 17:31:01.478 WARN   Polyline: must contain at least 2 different points
2026-08-27 17:31:01.478 WARN   Polyline: must contain at least 2 different points
2026-08-27 17:31:01.478 WARN   Polyline: must contain at least 2 different points
2026-08-27 17:31:01.478 WARN   Polyline: must contain at least 2 different points
2026-08-27 17:31:01.479 WARN   Polyline: must contain at least 2 different points
2026-08-27 17:31:01.479 WARN   Polyline: must contain at least 2 different points
2026-08-27 17:31:01.479 WARN   Polyline: must contain at least 2 different points
2026-08-27 17:31:01.479 WARN   Polyline: must contain at least 2 different points
2026-08-27 17:31:01.479 WARN   Polyline: must contain at least 2 different points
2026-08-27 17:31:01.480 WARN   Polyline: must contain at least 2 different points
2026-08-27 17:31:01.480 WARN   Polyline: must contain at least 2 different points
2026-08-27 17:31:01.480 WARN   Polyline: must contain at least 2 different points
2026-08-27 17:31:01.480 WARN   Polyline: must contain at least 2 different points
2026-08-27 17:31:01.480 WARN   Polyline: must contain at least 2 different points
2026-08-27 17:31:01.481 WARN   Polyline: must contain at least 2 different points
2026-08-27 17:31:01.481 WARN   Polyline: must contain at least 2 different points
2026-08-27 17:31:01.481 WARN   Polyline: must contain at least 2 different points
2026-08-27 17:31:01.481 WARN   Polyline: must contain at least 2 different points
2026-08-27 17:31:01.481 WARN   Polyline: must contain at least 2 different points
2026-08-27 17:31:01.481 WARN   Polyline: must contain at least 2 different points
2026-08-27 17:31:01.482 WARN   Polyline: must contain at least 2 different points
2026-08-27 17:31:01.482 WARN   Polyline: must contain at least 2 different points
2026-08-27 17:31:01.482 WARN   Polyline: must contain at least 2 different points
2026-08-27 17:31:01.482 WARN   Polyline: must contain at least 2 different points
2026-08-27 17:31:01.482 WARN   Polyline: must contain at least 2 different points
2026-08-27 17:31:01.482 WARN   Polyline: must contain at least 2 different points
2026-08-27 17:31:01.483 WARN   Polyline: must contain at least 2 different points
2026-08-27 17:31:01.483 WARN   Polyline: must contain at least 2 different points
2026-08-27 17:31:01.483 WARN   Polyline: must contain at least 2 different points
2026-08-27 17:31:01.483 WARN   Polyline: must contain at least 2 different points
2026-08-27 17:31:01.483 WARN   Polyline: must contain at least 2 different points
2026-08-27 17:31:01.484 WARN   Polyline: must contain at least 2 different points
2026-08-27 17:31:01.484 WARN   Polyline: must contain at least 2 different points
2026-08-27 17:31:01.484 WARN   Polyline: must contain at least 2 different points
2026-08-27 17:31:01.484 WARN   Polyline: must contain at least 2 different points
2026-08-27 17:31:01.484 WARN   Polyline: must contain at least 2 different points
2026-08-27 17:31:01.484 WARN   Polyline: must contain at least 2 different points
2026-08-27 17:31:01.485 WARN   Polyline: must contain at least 2 different points
2026-08-27 17:31:01.485 WARN   Polyline: must contain at least 2 different points
2026-08-27 17:31:01.485 WARN   Polyline: must contain at least 2 different points
2026-08-27 17:31:01.485 WARN   Polyline: must contain at least 2 different points
2026-08-27 17:31:01.486 WARN   Polyline: must contain at least 2 different points
2026-08-27 17:31:01.486 WARN   Polyline: must contain at least 2 different points
2026-08-27 17:31:01.486 WARN   Polyline: must contain at least 2 different points
2026-08-27 17:31:01.486 WARN   Polyline: must contain at least 2 different points
2026-08-27 17:31:01.486 WARN   Polyline: must contain at least 2 different points
2026-08-27 17:31:01.486 WARN   Polyline: must contain at least 2 different points
2026-08-27 17:31:01.487 WARN   Polyline: must contain at least 2 different points
2026-08-27 17:31:01.487 WARN   Polyline: must contain at least 2 different points
2026-08-27 17:31:01.487 WARN   Polyline: must contain at least 2 different points
2026-08-27 17:31:01.487 WARN   Polyline: must contain at least 2 different points
2026-08-27 17:31:01.487 WARN   Polyline: must contain at least 2 different points
2026-08-27 17:31:01.488 WARN   Polyline: must contain at least 2 different points
2026-08-27 17:31:01.488 WARN   Polyline: must contain at least 2 different points
2026-08-27 17:31:01.488 WARN   Polyline: must contain at least 2 different points
2026-08-27 17:31:01.488 WARN   Polyline: must contain at least 2 different points
2026-08-27 17:31:01.488 WARN   Polyline: must contain at least 2 different points
2026-08-27 17:31:01.488 WARN   Polyline: must contain at least 2 different points
2026-08-27 17:31:01.489 WARN   Polyline: must contain at least 2 different points
2026-08-27 17:31:01.489 WARN   Polyline: must contain at least 2 different points
2026-08-27 17:31:01.489 WARN   Polyline: must contain at least 2 different points
2026-08-27 17:31:01.489 WARN   Polyline: must contain at least 2 different points
2026-08-27 17:31:01.489 WARN   Polyline: must contain at least 2 different points
2026-08-27 17:31:01.490 WARN   Polyline: must contain at least 2 different points
2026-08-27 17:31:01.490 WARN   Polyline: must contain at least 2 different points
2026-08-27 17:31:01.490 WARN   Polyline: must contain at least 2 different points
2026-08-27 17:31:01.490 WARN   Polyline: must contain at least 2 different points
2026-08-27 17:31:01.490 WARN   Polyline: must contain at least 2 different points
2026-08-27 17:31:01.491 WARN   Polyline: must contain at least 2 different points
2026-08-27 17:31:01.491 WARN   Polyline: must contain at least 2 different points
2026-08-27 17:31:01.491 WARN   Polyline: must contain at least 2 different points
2026-08-27 17:31:01.491 WARN   Polyline: must contain at least 2 different points
2026-08-27 17:31:01.491 WARN   Polyline: must contain at least 2 different points
2026-08-27 17:31:01.491 WARN   Polyline: must contain at least 2 different points
2026-08-27 17:31:01.492 WARN   Polyline: must contain at least 2 different points
2026-08-27 17:31:01.492 WARN   Polyline: must contain at least 2 different points
2026-08-27 17:31:01.492 WARN   Polyline: must contain at least 2 different points
2026-08-27 17:31:01.492 WARN   Polyline: must contain at least 2 different points
2026-08-27 17:31:01.492 WARN   Polyline: must contain at least 2 different points
2026-08-27 17:31:01.492 WARN   Polyline: must contain at least 2 different points
2026-08-27 17:31:01.493 WARN   Polyline: must contain at least 2 different points
2026-08-27 17:31:01.493 WARN   Polyline: must contain at least 2 different points
2026-08-27 17:31:01.493 WARN   Polyline: must contain at least 2 different points
2026-08-27 17:31:01.493 WARN   Polyline: must contain at least 2 different points
2026-08-27 17:31:01.493 WARN   Polyline: must contain at least 2 different points
2026-08-27 17:31:01.493 WARN   Polyline: must contain at least 2 different points
2026-08-27 17:31:01.494 WARN   Polyline: must contain at least 2 different points
2026-08-27 17:31:01.494 WARN   Polyline: must contain at least 2 different points
2026-08-27 17:31:01.494 WARN   Polyline: must contain at least 2 different points
2026-08-27 17:31:01.494 WARN   Polyline: must contain at least 2 different points
2026-08-27 17:31:01.494 WARN   Polyline: must contain at least 2 different points
2026-08-27 17:31:01.495 WARN   Polyline: must contain at least 2 different points
2026-08-27 17:31:01.495 WARN   Polyline: must contain at least 2 different points
2026-08-27 17:31:01.495 WARN   Polyline: must contain at least 2 different points
2026-08-27 17:31:01.495 WARN   Polyline: must contain at least 2 different points
2026-08-27 17:31:01.495 WARN   Polyline: must contain at least 2 different points
2026-08-27 17:31:01.495 WARN   Polyline: must contain at least 2 different points
2026-08-27 17:31:01.496 WARN   Polyline: must contain at least 2 different points
2026-08-27 17:31:01.496 WARN   Polyline: must contain at least 2 different points
2026-08-27 17:31:01.496 WARN   Polyline: must contain at least 2 different points
2026-08-27 17:31:01.496 WARN   Polyline: must contain at least 2 different points
2026-08-27 17:31:01.496 WARN   Polyline: must contain at least 2 different points
2026-08-27 17:31:01.497 WARN   Polyline: must contain at least 2 different points
2026-08-27 17:31:01.497 WARN   Polyline: must contain at least 2 different points
2026-08-27 17:31:01.497 WARN   Polyline: must contain at least 2 different points
2026-08-27 17:31:01.497 WARN   Polyline: must contain at least 2 different points
2026-08-27 17:31:01.497 WARN   Polyline: must contain at least 2 different points
2026-08-27 17:31:01.498 WARN   Polyline: must contain at least 2 different points
2026-08-27 17:31:01.498 WARN   Polyline: must contain at least 2 different points
2026-08-27 17:31:01.498 WARN   Polyline: must contain at least 2 different points
2026-08-27 17:31:01.498 WARN   Polyline: must contain at least 2 different points
2026-08-27 17:31:01.498 WARN   Polyline: must contain at least 2 different points
2026-08-27 17:31:01.498 WARN   Polyline: must contain at least 2 different points
2026-08-27 17:31:01.499 WARN   Polyline: must contain at least 2 different points
2026-08-27 17:31:01.499 WARN   Polyline: must contain at least 2 different points
2026-08-27 17:31:01.499 WARN   Polyline: must contain at least 2 different points
2026-08-27 17:31:01.499 WARN   Polyline: must contain at least 2 different points
2026-08-27 17:31:01.499 WARN   Polyline: must contain at least 2 different points
2026-08-27 17:31:01.499 WARN   Polyline: must contain at least 2 different points
2026-08-27 17:31:01.500 WARN   Polyline: must contain at least 2 different points
2026-08-27 17:31:01.500 WARN   Polyline: must contain at least 2 different points
2026-08-27 17:31:01.500 WARN   Polyline: must contain at least 2 different points
2026-08-27 17:31:01.500 WARN   Polyline: must contain at least 2 different points
2026-08-27 17:31:01.500 WARN   Polyline: must contain at least 2 different points
2026-08-27 17:31:01.500 WARN   Polyline: must contain at least 2 different points
2026-08-27 17:31:01.501 WARN   Polyline: must contain at least 2 different points
2026-08-27 17:31:01.501 WARN   Polyline: must contain at least 2 different points
2026-08-27 17:31:01.501 WARN   Polyline: must contain at least 2 different points
2026-08-27 17:31:01.501 WARN   Polyline: must contain at least 2 different points
2026-08-27 17:31:01.501 WARN   Polyline: must contain at least 2 different points
2026-08-27 17:31:01.501 WARN   Polyline: must contain at least 2 different points
2026-08-27 17:31:01.502 WARN   Polyline: must contain at least 2 different points
2026-08-27 17:31:01.502 WARN   Polyline: must contain at least 2 different points
2026-08-27 17:31:01.502 WARN   Polyline: must contain at least 2 different points
2026-08-27 17:31:01.502 WARN   Polyline: must contain at least 2 different points
2026-08-27 17:31:01.502 WARN   Polyline: must contain at least 2 different points
2026-08-27 17:31:01.503 WARN   Polyline: must contain at least 2 different points
2026-08-27 17:31:01.503 WARN   Polyline: must contain at least 2 different points
2026-08-27 17:31:01.503 WARN   Polyline: must contain at least 2 different points
2026-08-27 17:31:01.503 WARN   Polyline: must contain at least 2 different points
2026-08-27 17:31:01.503 WARN   Polyline: must contain at least 2 different points
2026-08-27 17:31:01.503 WARN   Polyline: must contain at least 2 different points
2026-08-27 17:31:01.504 WARN   Polyline: must contain at least 2 different points
2026-08-27 17:31:01.504 WARN   Polyline: must contain at least 2 different points
2026-08-27 17:31:01.504 WARN   Polyline: must contain at least 2 different points
2026-08-27 17:31:01.504 WARN   Polyline: must contain at least 2 different points
2026-08-27 17:31:01.504 WARN   Polyline: must contain at least 2 different points
2026-08-27 17:31:01.504 WARN   Polyline: must contain at least 2 different points
2026-08-27 17:31:01.505 WARN   Polyline: must contain at least 2 different points
2026-08-27 17:31:01.505 WARN   Polyline: must contain at least 2 different points
2026-08-27 17:31:01.505 WARN   Polyline: must contain at least 2 different points
2026-08-27 17:31:01.505 WARN   Polyline: must contain at least 2 different points
2026-08-27 17:31:01.505 WARN   Polyline: must contain at least 2 different points
2026-08-27 17:31:01.505 WARN   Polyline: must contain at least 2 different points
2026-08-27 17:31:01.506 WARN   Polyline: must contain at least 2 different points
2026-08-27 17:31:01.506 WARN   Polyline: must contain at least 2 different points
2026-08-27 17:31:01.506 WARN   Polyline: must contain at least 2 different points
2026-08-27 17:31:01.506 WARN   Polyline: must contain at least 2 different points
2026-08-27 17:31:01.506 WARN   Polyline: must contain at least 2 different points
2026-08-27 17:31:01.506 WARN   Polyline: must contain at least 2 different points
2026-08-27 17:31:01.507 WARN   Polyline: must contain at least 2 different points
2026-08-27 17:31:01.507 WARN   Polyline: must contain at least 2 different points
2026-08-27 17:31:01.507 WARN   Polyline: must contain at least 2 different points
2026-08-27 17:31:01.507 WARN   Polyline: must contain at least 2 different points
2026-08-27 17:31:01.507 WARN   Polyline: must contain at least 2 different points
2026-08-27 17:31:01.508 WARN   Polyline: must contain at least 2 different points
2026-08-27 17:31:01.508 WARN   Polyline: must contain at least 2 different points
2026-08-27 17:31:01.508 WARN   Polyline: must contain at least 2 different points
2026-08-27 17:31:01.508 WARN   Polyline: must contain at least 2 different points
2026-08-27 17:31:01.508 WARN   Polyline: must contain at least 2 different points
2026-08-27 17:31:01.508 WARN   Polyline: must contain at least 2 different points
2026-08-27 17:31:01.509 WARN   Polyline: must contain at least 2 different points
2026-08-27 17:31:01.509 WARN   Polyline: must contain at least 2 different points
2026-08-27 17:31:01.509 WARN   Polyline: must contain at least 2 different points
2026-08-27 17:31:01.509 WARN   Polyline: must contain at least 2 different points
2026-08-27 17:31:01.509 WARN   Polyline: must contain at least 2 different points
2026-08-27 17:31:01.510 WARN   Polyline: must contain at least 2 different points
2026-08-27 17:31:01.510 WARN   Polyline: must contain at least 2 different points
2026-08-27 17:31:01.510 WARN   Polyline: must contain at least 2 different points
2026-08-27 17:31:01.510 WARN   Polyline: must contain at least 2 different points
2026-08-27 17:31:01.510 WARN   Polyline: must contain at least 2 different points
2026-08-27 17:31:01.510 WARN   Polyline: must contain at least 2 different points
2026-08-27 17:31:01.511 WARN   Polyline: must contain at least 2 different points
2026-08-27 17:31:01.511 WARN   Polyline: must contain at least 2 different points
2026-08-27 17:31:01.511 WARN   Polyline: must contain at least 2 different points
2026-08-27 17:31:01.511 WARN   Polyline: must contain at least 2 different points
2026-08-27 17:31:01.511 WARN   Polyline: must contain at least 2 different points
2026-08-27 17:31:01.511 WARN   Polyline: must contain at least 2 different points
2026-08-27 17:31:01.512 WARN   Polyline: must contain at least 2 different points
2026-08-27 17:31:01.512 WARN   Polyline: must contain at least 2 different points
2026-08-27 17:31:01.512 WARN   Polyline: must contain at least 2 different points
2026-08-27 17:31:01.512 WARN   Polyline: must contain at least 2 different points
2026-08-27 17:31:01.512 WARN   Polyline: must contain at least 2 different points
2026-08-27 17:31:01.513 WARN   Polyline: must contain at least 2 different points
2026-08-27 17:31:01.513 WARN   Polyline: must contain at least 2 different points
2026-08-27 17:31:01.513 WARN   Polyline: must contain at least 2 different points
2026-08-27 17:31:01.513 WARN   Polyline: must contain at least 2 different points
2026-08-27 17:31:01.514 WARN   Polyline: must contain at least 2 different points
2026-08-27 17:31:01.514 WARN   Polyline: must contain at least 2 different points
2026-08-27 17:31:01.514 WARN   Polyline: must contain at least 2 different points
2026-08-27 17:31:01.514 WARN   Polyline: must contain at least 2 different points
2026-08-27 17:31:01.514 WARN   Polyline: must contain at least 2 different points
2026-08-27 17:31:01.515 WARN   Polyline: must contain at least 2 different points
2026-08-27 17:31:01.515 WARN   Polyline: must contain at least 2 different points
2026-08-27 17:31:01.515 WARN   Polyline: must contain at least 2 different points
2026-08-27 17:31:01.515 WARN   Polyline: must contain at least 2 different points
2026-08-27 17:31:01.515 WARN   Polyline: must contain at least 2 different points
2026-08-27 17:31:01.515 WARN   Polyline: must contain at least 2 different points
2026-08-27 17:31:01.516 WARN   Polyline: must contain at least 2 different points
2026-08-27 17:31:01.516 WARN   Polyline: must contain at least 2 different points
2026-08-27 17:31:01.516 WARN   Polyline: must contain at least 2 different points
2026-08-27 17:31:01.516 WARN   Polyline: must contain at least 2 different points
2026-08-27 17:31:01.516 WARN   Polyline: must contain at least 2 different points
2026-08-27 17:31:01.517 WARN   Polyline: must contain at least 2 different points
2026-08-27 17:31:01.517 WARN   Polyline: must contain at least 2 different points
2026-08-27 17:31:01.517 WARN   Polyline: must contain at least 2 different points
2026-08-27 17:31:01.517 WARN   Polyline: must contain at least 2 different points
2026-08-27 17:31:01.517 WARN   Polyline: must contain at least 2 different points
2026-08-27 17:31:01.517 WARN   Polyline: must contain at least 2 different points
2026-08-27 17:31:01.518 WARN   Polyline: must contain at least 2 different points
2026-08-27 17:31:01.518 WARN   Polyline: must contain at least 2 different points
2026-08-27 17:31:01.518 WARN   Polyline: must contain at least 2 different points
2026-08-27 17:31:01.518 WARN   Polyline: must contain at least 2 different points
2026-08-27 17:31:01.518 WARN   Polyline: must contain at least 2 different points
2026-08-27 17:31:01.518 WARN   Polyline: must contain at least 2 different points
2026-08-27 17:31:01.519 WARN   Polyline: must contain at least 2 different points
2026-08-27 17:31:01.519 WARN   Polyline: must contain at least 2 different points
2026-08-27 17:31:01.519 WARN   Polyline: must contain at least 2 different points
2026-08-27 17:31:01.519 WARN   Polyline: must contain at least 2 different points
2026-08-27 17:31:01.519 WARN   Polyline: must contain at least 2 different points
2026-08-27 17:31:01.519 WARN   Polyline: must contain at least 2 different points
2026-08-27 17:31:01.520 WARN   Polyline: must contain at least 2 different points
2026-08-27 17:31:01.520 WARN   Polyline: must contain at least 2 different points
2026-08-27 17:31:01.520 WARN   Polyline: must contain at least 2 different points
2026-08-27 17:31:01.520 WARN   Polyline: must contain at least 2 different points
2026-08-27 17:31:01.520 WARN   Polyline: must contain at least 2 different points
2026-08-27 17:31:01.521 WARN   Polyline: must contain at least 2 different points
2026-08-27 17:31:01.521 WARN   Polyline: must contain at least 2 different points
2026-08-27 17:31:01.521 WARN   Polyline: must contain at least 2 different points
2026-08-27 17:31:01.521 WARN   Polyline: must contain at least 2 different points
2026-08-27 17:31:01.521 WARN   Polyline: must contain at least 2 different points
2026-08-27 17:31:01.521 WARN   Polyline: must contain at least 2 different points
2026-08-27 17:31:01.522 WARN   Polyline: must contain at least 2 different points
2026-08-27 17:31:01.522 WARN   Polyline: must contain at least 2 different points
2026-08-27 17:31:01.522 WARN   Polyline: must contain at least 2 different points
2026-08-27 17:31:01.522 WARN   Polyline: must contain at least 2 different points
2026-08-27 17:31:01.522 WARN   Polyline: must contain at least 2 different points
2026-08-27 17:31:01.522 WARN   Polyline: must contain at least 2 different points
2026-08-27 17:31:01.523 WARN   Polyline: must contain at least 2 different points
2026-08-27 17:31:01.523 WARN   Polyline: must contain at least 2 different points
2026-08-27 17:31:01.523 WARN   Polyline: must contain at least 2 different points
2026-08-27 17:31:01.523 WARN   Polyline: must contain at least 2 different points
2026-08-27 17:31:01.523 WARN   Polyline: must contain at least 2 different points
2026-08-27 17:31:01.524 WARN   Polyline: must contain at least 2 different points
2026-08-27 17:31:01.524 WARN   Polyline: must contain at least 2 different points
2026-08-27 17:31:01.524 WARN   Polyline: must contain at least 2 different points
2026-08-27 17:31:01.524 WARN   Polyline: must contain at least 2 different points
2026-08-27 17:31:01.524 WARN   Polyline: must contain at least 2 different points
2026-08-27 17:31:01.524 WARN   Polyline: must contain at least 2 different points
2026-08-27 17:31:01.525 WARN   Polyline: must contain at least 2 different points
2026-08-27 17:31:01.525 WARN   Polyline: must contain at least 2 different points
2026-08-27 17:31:01.525 WARN   Polyline: must contain at least 2 different points
2026-08-27 17:31:01.525 WARN   Polyline: must contain at least 2 different points
2026-08-27 17:31:01.525 WARN   Polyline: must contain at least 2 different points
2026-08-27 17:31:01.525 WARN   Polyline: must contain at least 2 different points
2026-08-27 17:31:01.526 WARN   Polyline: must contain at least 2 different points
2026-08-27 17:31:01.526 WARN   Polyline: must contain at least 2 different points
2026-08-27 17:31:01.526 WARN   Polyline: must contain at least 2 different points
2026-08-27 17:31:01.526 WARN   Polyline: must contain at least 2 different points
2026-08-27 17:31:01.526 WARN   Polyline: must contain at least 2 different points
2026-08-27 17:31:01.526 WARN   Polyline: must contain at least 2 different points
2026-08-27 17:31:01.527 WARN   Polyline: must contain at least 2 different points
2026-08-27 17:31:01.527 WARN   Polyline: must contain at least 2 different points
2026-08-27 17:31:01.527 WARN   Polyline: must contain at least 2 different points
2026-08-27 17:31:01.527 WARN   Polyline: must contain at least 2 different points
2026-08-27 17:31:01.527 WARN   Polyline: must contain at least 2 different points
2026-08-27 17:31:01.527 WARN   Polyline: must contain at least 2 different points
2026-08-27 17:31:01.528 WARN   Polyline: must contain at least 2 different points
2026-08-27 17:31:01.528 WARN   Polyline: must contain at least 2 different points
2026-08-27 17:31:01.528 WARN   Polyline: must contain at least 2 different points
2026-08-27 17:31:01.528 WARN   Polyline: must contain at least 2 different points
2026-08-27 17:31:01.528 WARN   Polyline: must contain at least 2 different points
2026-08-27 17:31:01.528 WARN   Polyline: must contain at least 2 different points
2026-08-27 17:31:01.529 WARN   Polyline: must contain at least 2 different points
2026-08-27 17:31:01.529 WARN   Polyline: must contain at least 2 different points
2026-08-27 17:31:01.529 WARN   Polyline: must contain at least 2 different points
2026-08-27 17:31:01.529 WARN   Polyline: must contain at least 2 different points
2026-08-27 17:31:01.529 WARN   Polyline: must contain at least 2 different points
2026-08-27 17:31:01.530 WARN   Polyline: must contain at least 2 different points
2026-08-27 17:31:01.530 WARN   Polyline: must contain at least 2 different points
2026-08-27 17:31:01.530 WARN   Polyline: must contain at least 2 different points
2026-08-27 17:31:01.530 WARN   Polyline: must contain at least 2 different points
2026-08-27 17:31:01.530 WARN   Polyline: must contain at least 2 different points
2026-08-27 17:31:01.530 WARN   Polyline: must contain at least 2 different points
2026-08-27 17:31:01.530 WARN   Polyline: must contain at least 2 different points
2026-08-27 17:31:01.531 WARN   Polyline: must contain at least 2 different points
2026-08-27 17:31:01.531 WARN   Polyline: must contain at least 2 different points
2026-08-27 17:31:01.531 WARN   Polyline: must contain at least 2 different points
2026-08-27 17:31:01.531 WARN   Polyline: must contain at least 2 different points
2026-08-27 17:31:01.531 WARN   Polyline: must contain at least 2 different points
2026-08-27 17:31:01.532 WARN   Polyline: must contain at least 2 different points
2026-08-27 17:31:01.532 WARN   Polyline: must contain at least 2 different points
2026-08-27 17:31:01.532 WARN   Polyline: must contain at least 2 different points
2026-08-27 17:31:01.532 WARN   Polyline: must contain at least 2 different points
2026-08-27 17:31:01.532 WARN   Polyline: must contain at least 2 different points
2026-08-27 17:31:01.532 WARN   Polyline: must contain at least 2 different points
2026-08-27 17:31:01.533 WARN   Polyline: must contain at least 2 different points
2026-08-27 17:31:01.533 WARN   Polyline: must contain at least 2 different points
2026-08-27 17:31:01.533 WARN   Polyline: must contain at least 2 different points
2026-08-27 17:31:01.533 WARN   Polyline: must contain at least 2 different points
2026-08-27 17:31:01.533 WARN   Polyline: must contain at least 2 different points
2026-08-27 17:31:01.533 WARN   Polyline: must contain at least 2 different points
2026-08-27 17:31:01.534 WARN   Polyline: must contain at least 2 different points
2026-08-27 17:31:01.534 WARN   Polyline: must contain at least 2 different points
2026-08-27 17:31:01.534 WARN   Polyline: must contain at least 2 different points
2026-08-27 17:31:01.534 WARN   Polyline: must contain at least 2 different points
2026-08-27 17:31:01.534 WARN   Polyline: must contain at least 2 different points
2026-08-27 17:31:01.535 WARN   Polyline: must contain at least 2 different points
2026-08-27 17:31:01.535 WARN   Polyline: must contain at least 2 different points
2026-08-27 17:31:01.535 WARN   Polyline: must contain at least 2 different points
2026-08-27 17:31:01.535 WARN   Polyline: must contain at least 2 different points
2026-08-27 17:31:01.535 WARN   Polyline: must contain at least 2 different points
2026-08-27 17:31:01.535 WARN   Polyline: must contain at least 2 different points
2026-08-27 17:31:01.536 WARN   Polyline: must contain at least 2 different points
2026-08-27 17:31:01.536 WARN   Polyline: must contain at least 2 different points
2026-08-27 17:31:01.536 WARN   Polyline: must contain at least 2 different points
2026-08-27 17:31:01.536 WARN   Polyline: must contain at least 2 different points
2026-08-27 17:31:01.536 WARN   Polyline: must contain at least 2 different points
2026-08-27 17:31:01.537 WARN   Polyline: must contain at least 2 different points
2026-08-27 17:31:01.537 WARN   Polyline: must contain at least 2 different points
2026-08-27 17:31:01.537 WARN   Polyline: must contain at least 2 different points
2026-08-27 17:31:01.537 WARN   Polyline: must contain at least 2 different points
2026-08-27 17:31:01.537 WARN   Polyline: must contain at least 2 different points
2026-08-27 17:31:01.537 WARN   Polyline: must contain at least 2 different points
2026-08-27 17:31:01.538 WARN   Polyline: must contain at least 2 different points
2026-08-27 17:31:01.538 WARN   Polyline: must contain at least 2 different points
2026-08-27 17:31:01.538 WARN   Polyline: must contain at least 2 different points
2026-08-27 17:31:01.538 WARN   Polyline: must contain at least 2 different points
2026-08-27 17:31:01.538 WARN   Polyline: must contain at least 2 different points
2026-08-27 17:31:01.539 WARN   Polyline: must contain at least 2 different points
2026-08-27 17:31:01.539 WARN   Polyline: must contain at least 2 different points
2026-08-27 17:31:01.539 WARN   Polyline: must contain at least 2 different points
2026-08-27 17:31:01.539 WARN   Polyline: must contain at least 2 different points
2026-08-27 17:31:01.539 WARN   Polyline: must contain at least 2 different points
2026-08-27 17:31:01.540 WARN   Polyline: must contain at least 2 different points
2026-08-27 17:31:01.540 WARN   Polyline: must contain at least 2 different points
2026-08-27 17:31:01.540 WARN   Polyline: must contain at least 2 different points
2026-08-27 17:31:01.540 WARN   Polyline: must contain at least 2 different points
2026-08-27 17:31:01.540 WARN   Polyline: must contain at least 2 different points
2026-08-27 17:31:01.540 WARN   Polyline: must contain at least 2 different points
2026-08-27 17:31:01.541 WARN   Polyline: must contain at least 2 different points
2026-08-27 17:31:01.541 WARN   Polyline: must contain at least 2 different points
2026-08-27 17:31:01.541 WARN   Polyline: must contain at least 2 different points
2026-08-27 17:31:01.541 WARN   Polyline: must contain at least 2 different points
2026-08-27 17:31:01.541 WARN   Polyline: must contain at least 2 different points
2026-08-27 17:31:01.542 WARN   Polyline: must contain at least 2 different points
2026-08-27 17:31:01.542 WARN   Polyline: must contain at least 2 different points
2026-08-27 17:31:01.542 WARN   Polyline: must contain at least 2 different points
2026-08-27 17:31:01.542 WARN   Polyline: must contain at least 2 different points
2026-08-27 17:31:01.542 WARN   Polyline: must contain at least 2 different points
2026-08-27 17:31:01.542 WARN   Polyline: must contain at least 2 different points
2026-08-27 17:31:01.543 WARN   Polyline: must contain at least 2 different points
2026-08-27 17:31:01.543 WARN   Polyline: must contain at least 2 different points
2026-08-27 17:31:01.543 WARN   Polyline: must contain at least 2 different points
2026-08-27 17:31:01.543 WARN   Polyline: must contain at least 2 different points
2026-08-27 17:31:01.543 WARN   Polyline: must contain at least 2 different points
2026-08-27 17:31:01.543 WARN   Polyline: must contain at least 2 different points
2026-08-27 17:31:01.544 WARN   Polyline: must contain at least 2 different points
2026-08-27 17:31:01.544 WARN   Polyline: must contain at least 2 different points
2026-08-27 17:31:01.544 WARN   Polyline: must contain at least 2 different points
2026-08-27 17:31:01.544 WARN   Polyline: must contain at least 2 different points
2026-08-27 17:31:01.544 WARN   Polyline: must contain at least 2 different points
2026-08-27 17:31:01.544 WARN   Polyline: must contain at least 2 different points
2026-08-27 17:31:01.545 WARN   Polyline: must contain at least 2 different points
2026-08-27 17:31:01.545 WARN   Polyline: must contain at least 2 different points
2026-08-27 17:31:01.545 WARN   Polyline: must contain at least 2 different points
2026-08-27 17:31:01.545 WARN   Polyline: must contain at least 2 different points
2026-08-27 17:31:01.545 WARN   Polyline: must contain at least 2 different points
2026-08-27 17:31:01.546 WARN   Polyline: must contain at least 2 different points
2026-08-27 17:31:01.546 WARN   Polyline: must contain at least 2 different points
2026-08-27 17:31:01.546 WARN   Polyline: must contain at least 2 different points
2026-08-27 17:31:01.546 WARN   Polyline: must contain at least 2 different points
2026-08-27 17:31:01.546 WARN   Polyline: must contain at least 2 different points
2026-08-27 17:31:01.546 WARN   Polyline: must contain at least 2 different points
2026-08-27 17:31:01.547 WARN   Polyline: must contain at least 2 different points
2026-08-27 17:31:01.547 WARN   Polyline: must contain at least 2 different points
2026-08-27 17:31:01.547 WARN   Polyline: must contain at least 2 different points
2026-08-27 17:31:01.547 WARN   Polyline: must contain at least 2 different points
2026-08-27 17:31:01.547 WARN   Polyline: must contain at least 2 different points
2026-08-27 17:31:01.548 WARN   Polyline: must contain at least 2 different points
2026-08-27 17:31:01.548 WARN   Polyline: must contain at least 2 different points
2026-08-27 17:31:01.548 WARN   Polyline: must contain at least 2 different points
2026-08-27 17:31:01.548 WARN   Polyline: must contain at least 2 different points
2026-08-27 17:31:01.548 WARN   Polyline: must contain at least 2 different points
2026-08-27 17:31:01.548 WARN   Polyline: must contain at least 2 different points
2026-08-27 17:31:01.549 WARN   Polyline: must contain at least 2 different points
2026-08-27 17:31:01.549 WARN   Polyline: must contain at least 2 different points
2026-08-27 17:31:01.549 WARN   Polyline: must contain at least 2 different points
2026-08-27 17:31:01.549 WARN   Polyline: must contain at least 2 different points
2026-08-27 17:31:01.549 WARN   Polyline: must contain at least 2 different points
2026-08-27 17:31:01.549 WARN   Polyline: must contain at least 2 different points
2026-08-27 17:31:01.550 WARN   Polyline: must contain at least 2 different points
2026-08-27 17:31:01.550 WARN   Polyline: must contain at least 2 different points
2026-08-27 17:31:01.550 WARN   Polyline: must contain at least 2 different points
2026-08-27 17:31:01.550 WARN   Polyline: must contain at least 2 different points
2026-08-27 17:31:01.550 WARN   Polyline: must contain at least 2 different points
2026-08-27 17:31:01.551 WARN   Polyline: must contain at least 2 different points
2026-08-27 17:31:01.551 WARN   Polyline: must contain at least 2 different points
2026-08-27 17:31:01.551 WARN   Polyline: must contain at least 2 different points
2026-08-27 17:31:01.551 WARN   Polyline: must contain at least 2 different points
2026-08-27 17:31:01.551 WARN   Polyline: must contain at least 2 different points
2026-08-27 17:31:01.551 WARN   Polyline: must contain at least 2 different points
2026-08-27 17:31:01.552 WARN   Polyline: must contain at least 2 different points
2026-08-27 17:31:01.552 WARN   Polyline: must contain at least 2 different points
2026-08-27 17:31:01.552 WARN   Polyline: must contain at least 2 different points
2026-08-27 17:31:01.552 WARN   Polyline: must contain at least 2 different points
2026-08-27 17:31:01.552 WARN   Polyline: must contain at least 2 different points
2026-08-27 17:31:01.552 WARN   Polyline: must contain at least 2 different points
2026-08-27 17:31:01.553 WARN   Polyline: must contain at least 2 different points
2026-08-27 17:31:01.553 WARN   Polyline: must contain at least 2 different points
2026-08-27 17:31:01.553 WARN   Polyline: must contain at least 2 different points
2026-08-27 17:31:01.553 WARN   Polyline: must contain at least 2 different points
2026-08-27 17:31:01.553 WARN   Polyline: must contain at least 2 different points
2026-08-27 17:31:01.553 WARN   Polyline: must contain at least 2 different points
2026-08-27 17:31:01.554 WARN   Polyline: must contain at least 2 different points
2026-08-27 17:31:01.554 WARN   Polyline: must contain at least 2 different points
2026-08-27 17:31:01.554 WARN   Polyline: must contain at least 2 different points
2026-08-27 17:31:01.554 WARN   Polyline: must contain at least 2 different points
2026-08-27 17:31:01.554 WARN   Polyline: must contain at least 2 different points
2026-08-27 17:31:01.554 WARN   Polyline: must contain at least 2 different points
2026-08-27 17:31:01.555 WARN   Polyline: must contain at least 2 different points
2026-08-27 17:31:01.555 WARN   Polyline: must contain at least 2 different points
2026-08-27 17:31:01.555 WARN   Polyline: must contain at least 2 different points
2026-08-27 17:31:01.555 WARN   Polyline: must contain at least 2 different points
2026-08-27 17:31:01.555 WARN   Polyline: must contain at least 2 different points
2026-08-27 17:31:01.555 WARN   Polyline: must contain at least 2 different points
2026-08-27 17:31:01.556 WARN   Polyline: must contain at least 2 different points
2026-08-27 17:31:01.556 WARN   Polyline: must contain at least 2 different points
2026-08-27 17:31:01.556 WARN   Polyline: must contain at least 2 different points
2026-08-27 17:31:01.556 WARN   Polyline: must contain at least 2 different points
2026-08-27 17:31:01.556 WARN   Polyline: must contain at least 2 different points
2026-08-27 17:31:01.557 WARN   Polyline: must contain at least 2 different points
2026-08-27 17:31:01.557 WARN   Polyline: must contain at least 2 different points
2026-08-27 17:31:01.557 WARN   Polyline: must contain at least 2 different points
2026-08-27 17:31:01.557 WARN   Polyline: must contain at least 2 different points
2026-08-27 17:31:01.557 WARN   Polyline: must contain at least 2 different points
2026-08-27 17:31:01.557 WARN   Polyline: must contain at least 2 different points
2026-08-27 17:31:01.558 WARN   Polyline: must contain at least 2 different points
2026-08-27 17:31:01.558 WARN   Polyline: must contain at least 2 different points
2026-08-27 17:31:01.558 WARN   Polyline: must contain at least 2 different points
2026-08-27 17:31:01.558 WARN   Polyline: must contain at least 2 different points
2026-08-27 17:31:01.558 WARN   Polyline: must contain at least 2 different points
2026-08-27 17:31:01.558 WARN   Polyline: must contain at least 2 different points
2026-08-27 17:31:01.559 WARN   Polyline: must contain at least 2 different points
2026-08-27 17:31:01.559 WARN   Polyline: must contain at least 2 different points
2026-08-27 17:31:01.559 WARN   Polyline: must contain at least 2 different points
2026-08-27 17:31:01.559 WARN   Polyline: must contain at least 2 different points
2026-08-27 17:31:01.559 WARN   Polyline: must contain at least 2 different points
2026-08-27 17:31:01.560 WARN   Polyline: must contain at least 2 different points
2026-08-27 17:31:01.560 WARN   Polyline: must contain at least 2 different points
2026-08-27 17:31:01.560 WARN   Polyline: must contain at least 2 different points
2026-08-27 17:31:01.560 WARN   Polyline: must contain at least 2 different points
2026-08-27 17:31:01.560 WARN   Polyline: must contain at least 2 different points
2026-08-27 17:31:01.560 WARN   Polyline: must contain at least 2 different points
2026-08-27 17:31:01.561 WARN   Polyline: must contain at least 2 different points
2026-08-27 17:31:01.561 WARN   Polyline: must contain at least 2 different points
2026-08-27 17:31:01.561 WARN   Polyline: must contain at least 2 different points
2026-08-27 17:31:01.561 WARN   Polyline: must contain at least 2 different points
2026-08-27 17:31:01.561 WARN   Polyline: must contain at least 2 different points
2026-08-27 17:31:01.561 WARN   Polyline: must contain at least 2 different points
2026-08-27 17:31:01.562 WARN   Polyline: must contain at least 2 different points
2026-08-27 17:31:01.562 WARN   Polyline: must contain at least 2 different points
2026-08-27 17:31:01.562 WARN   Polyline: must contain at least 2 different points
2026-08-27 17:31:01.562 WARN   Polyline: must contain at least 2 different points
2026-08-27 17:31:01.562 WARN   Polyline: must contain at least 2 different points
2026-08-27 17:31:01.562 WARN   Polyline: must contain at least 2 different points
2026-08-27 17:31:01.563 WARN   Polyline: must contain at least 2 different points
2026-08-27 17:31:01.563 WARN   Polyline: must contain at least 2 different points
2026-08-27 17:31:01.563 WARN   Polyline: must contain at least 2 different points
2026-08-27 17:31:01.563 WARN   Polyline: must contain at least 2 different points
2026-08-27 17:31:01.563 WARN   Polyline: must contain at least 2 different points
2026-08-27 17:31:01.563 WARN   Polyline: must contain at least 2 different points
2026-08-27 17:31:01.564 WARN   Polyline: must contain at least 2 different points
2026-08-27 17:31:01.564 WARN   Polyline: must contain at least 2 different points
2026-08-27 17:31:01.564 WARN   Polyline: must contain at least 2 different points
2026-08-27 17:31:01.564 WARN   Polyline: must contain at least 2 different points
2026-08-27 17:31:01.564 WARN   Polyline: must contain at least 2 different points
2026-08-27 17:31:01.565 WARN   Polyline: must contain at least 2 different points
2026-08-27 17:31:01.565 WARN   Polyline: must contain at least 2 different points
2026-08-27 17:31:01.565 WARN   Polyline: must contain at least 2 different points
2026-08-27 17:31:01.565 WARN   Polyline: must contain at least 2 different points
2026-08-27 17:31:01.565 WARN   Polyline: must contain at least 2 different points
2026-08-27 17:31:01.565 WARN   Polyline: must contain at least 2 different points
2026-08-27 17:31:01.566 WARN   Polyline: must contain at least 2 different points
2026-08-27 17:31:01.566 WARN   Polyline: must contain at least 2 different points
2026-08-27 17:31:01.566 WARN   Polyline: must contain at least 2 different points
2026-08-27 17:31:01.566 WARN   Polyline: must contain at least 2 different points
2026-08-27 17:31:01.566 WARN   Polyline: must contain at least 2 different points
2026-08-27 17:31:01.566 WARN   Polyline: must contain at least 2 different points
2026-08-27 17:31:01.567 WARN   Polyline: must contain at least 2 different points
2026-08-27 17:31:01.567 WARN   Polyline: must contain at least 2 different points
2026-08-27 17:31:01.567 WARN   Polyline: must contain at least 2 different points
2026-08-27 17:31:01.567 WARN   Polyline: must contain at least 2 different points
2026-08-27 17:31:01.567 WARN   Polyline: must contain at least 2 different points
2026-08-27 17:31:01.567 WARN   Polyline: must contain at least 2 different points
2026-08-27 17:31:01.568 WARN   Polyline: must contain at least 2 different points
2026-08-27 17:31:01.568 WARN   Polyline: must contain at least 2 different points
2026-08-27 17:31:01.568 WARN   Polyline: must contain at least 2 different points
2026-08-27 17:31:01.568 WARN   Polyline: must contain at least 2 different points
2026-08-27 17:31:01.568 WARN   Polyline: must contain at least 2 different points
2026-08-27 17:31:01.568 WARN   Polyline: must contain at least 2 different points
2026-08-27 17:31:01.569 WARN   Polyline: must contain at least 2 different points
2026-08-27 17:31:01.569 WARN   Polyline: must contain at least 2 different points
2026-08-27 17:31:01.569 WARN   Polyline: must contain at least 2 different points
2026-08-27 17:31:01.569 WARN   Polyline: must contain at least 2 different points
2026-08-27 17:31:01.569 WARN   Polyline: must contain at least 2 different points
2026-08-27 17:31:01.570 WARN   Polyline: must contain at least 2 different points
2026-08-27 17:31:01.570 WARN   Polyline: must contain at least 2 different points
2026-08-27 17:31:01.570 WARN   Polyline: must contain at least 2 different points
2026-08-27 17:31:01.570 WARN   Polyline: must contain at least 2 different points
2026-08-27 17:31:01.570 WARN   Polyline: must contain at least 2 different points
2026-08-27 17:31:01.570 WARN   Polyline: must contain at least 2 different points
2026-08-27 17:31:01.571 WARN   Polyline: must contain at least 2 different points
2026-08-27 17:31:01.571 WARN   Polyline: must contain at least 2 different points
2026-08-27 17:31:01.571 WARN   Polyline: must contain at least 2 different points
2026-08-27 17:31:01.571 WARN   Polyline: must contain at least 2 different points
2026-08-27 17:31:01.571 WARN   Polyline: must contain at least 2 different points
2026-08-27 17:31:01.571 WARN   Polyline: must contain at least 2 different points
2026-08-27 17:31:01.572 WARN   Polyline: must contain at least 2 different points
2026-08-27 17:31:01.572 WARN   Polyline: must contain at least 2 different points
2026-08-27 17:31:01.572 WARN   Polyline: must contain at least 2 different points
2026-08-27 17:31:01.572 WARN   Polyline: must contain at least 2 different points
2026-08-27 17:31:01.572 WARN   Polyline: must contain at least 2 different points
2026-08-27 17:31:01.573 WARN   Polyline: must contain at least 2 different points
2026-08-27 17:31:01.573 WARN   Polyline: must contain at least 2 different points
2026-08-27 17:31:01.573 WARN   Polyline: must contain at least 2 different points
2026-08-27 17:31:01.573 WARN   Polyline: must contain at least 2 different points
2026-08-27 17:31:01.573 WARN   Polyline: must contain at least 2 different points
2026-08-27 17:31:01.573 WARN   Polyline: must contain at least 2 different points
2026-08-27 17:31:01.574 WARN   Polyline: must contain at least 2 different points
2026-08-27 17:31:01.574 WARN   Polyline: must contain at least 2 different points
2026-08-27 17:31:01.574 WARN   Polyline: must contain at least 2 different points
2026-08-27 17:31:01.574 WARN   Polyline: must contain at least 2 different points
2026-08-27 17:31:01.574 WARN   Polyline: must contain at least 2 different points
2026-08-27 17:31:01.575 WARN   Polyline: must contain at least 2 different points
2026-08-27 17:31:01.575 WARN   Polyline: must contain at least 2 different points
2026-08-27 17:31:01.575 WARN   Polyline: must contain at least 2 different points
2026-08-27 17:31:01.575 WARN   Polyline: must contain at least 2 different points
2026-08-27 17:31:01.575 WARN   Polyline: must contain at least 2 different points
2026-08-27 17:31:01.575 WARN   Polyline: must contain at least 2 different points
2026-08-27 17:31:01.576 WARN   Polyline: must contain at least 2 different points
2026-08-27 17:31:01.579 WARN   Polyline: must contain at least 2 different points
2026-08-27 17:31:01.580 WARN   Polyline: must contain at least 2 different points
2026-08-27 17:31:01.580 WARN   Polyline: must contain at least 2 different points
2026-08-27 17:31:01.580 WARN   Polyline: must contain at least 2 different points
2026-08-27 17:31:01.580 WARN   Polyline: must contain at least 2 different points
2026-08-27 17:31:01.580 WARN   Polyline: must contain at least 2 different points
2026-08-27 17:31:01.581 WARN   Polyline: must contain at least 2 different points
2026-08-27 17:31:01.581 WARN   Polyline: must contain at least 2 different points
2026-08-27 17:31:01.581 WARN   Polyline: must contain at least 2 different points
2026-08-27 17:31:01.581 WARN   Polyline: must contain at least 2 different points
2026-08-27 17:31:01.581 WARN   Polyline: must contain at least 2 different points
2026-08-27 17:31:01.582 WARN   Polyline: must contain at least 2 different points
2026-08-27 17:31:01.582 WARN   Polyline: must contain at least 2 different points
2026-08-27 17:31:01.582 WARN   Polyline: must contain at least 2 different points
2026-08-27 17:31:01.582 WARN   Polyline: must contain at least 2 different points
2026-08-27 17:31:01.583 WARN   Polyline: must contain at least 2 different points
2026-08-27 17:31:01.583 WARN   Polyline: must contain at least 2 different points
2026-08-27 17:31:01.583 WARN   Polyline: must contain at least 2 different points
2026-08-27 17:31:01.583 WARN   Polyline: must contain at least 2 different points
2026-08-27 17:31:01.584 WARN   Polyline: must contain at least 2 different points
2026-08-27 17:31:01.584 WARN   Polyline: must contain at least 2 different points
2026-08-27 17:31:01.584 WARN   Polyline: must contain at least 2 different points
2026-08-27 17:31:01.584 WARN   Polyline: must contain at least 2 different points
2026-08-27 17:31:01.585 WARN   Polyline: must contain at least 2 different points
2026-08-27 17:31:01.585 WARN   Polyline: must contain at least 2 different points
2026-08-27 17:31:01.585 WARN   Polyline: must contain at least 2 different points
2026-08-27 17:31:01.585 WARN   Polyline: must contain at least 2 different points
2026-08-27 17:31:01.586 WARN   Polyline: must contain at least 2 different points
2026-08-27 17:31:01.586 WARN   Polyline: must contain at least 2 different points
2026-08-27 17:31:01.586 WARN   Polyline: must contain at least 2 different points
2026-08-27 17:31:01.587 WARN   Polyline: must contain at least 2 different points
2026-08-27 17:31:01.587 WARN   Polyline: must contain at least 2 different points
2026-08-27 17:31:01.587 WARN   Polyline: must contain at least 2 different points
2026-08-27 17:31:01.587 WARN   Polyline: must contain at least 2 different points
2026-08-27 17:31:01.588 WARN   Polyline: must contain at least 2 different points
2026-08-27 17:31:01.588 WARN   Polyline: must contain at least 2 different points
2026-08-27 17:31:01.588 WARN   Polyline: must contain at least 2 different points
2026-08-27 17:31:01.588 WARN   Polyline: must contain at least 2 different points
2026-08-27 17:31:01.589 WARN   Polyline: must contain at least 2 different points
2026-08-27 17:31:01.589 WARN   Polyline: must contain at least 2 different points
2026-08-27 17:31:01.589 WARN   Polyline: must contain at least 2 different points
2026-08-27 17:31:01.589 WARN   Polyline: must contain at least 2 different points
2026-08-27 17:31:01.590 WARN   Polyline: must contain at least 2 different points
2026-08-27 17:31:01.590 WARN   Polyline: must contain at least 2 different points
2026-08-27 17:31:01.590 WARN   Polyline: must contain at least 2 different points
2026-08-27 17:31:01.590 WARN   Polyline: must contain at least 2 different points
2026-08-27 17:31:01.591 WARN   Polyline: must contain at least 2 different points
2026-08-27 17:31:01.591 WARN   Polyline: must contain at least 2 different points
2026-08-27 17:31:01.591 WARN   Polyline: must contain at least 2 different points
2026-08-27 17:31:01.592 WARN   Polyline: must contain at least 2 different points
2026-08-27 17:31:01.592 WARN   Polyline: must contain at least 2 different points
2026-08-27 17:31:01.592 WARN   Polyline: must contain at least 2 different points
2026-08-27 17:31:01.592 WARN   Polyline: must contain at least 2 different points
2026-08-27 17:31:01.593 WARN   Polyline: must contain at least 2 different points
2026-08-27 17:31:01.593 WARN   Polyline: must contain at least 2 different points
2026-08-27 17:31:01.593 WARN   Polyline: must contain at least 2 different points
2026-08-27 17:31:01.593 WARN   Polyline: must contain at least 2 different points
2026-08-27 17:31:01.594 WARN   Polyline: must contain at least 2 different points
2026-08-27 17:31:01.594 WARN   Polyline: must contain at least 2 different points
2026-08-27 17:31:01.594 WARN   Polyline: must contain at least 2 different points
2026-08-27 17:31:01.594 WARN   Polyline: must contain at least 2 different points
2026-08-27 17:31:01.595 WARN   Polyline: must contain at least 2 different points
2026-08-27 17:31:01.595 WARN   Polyline: must contain at least 2 different points
2026-08-27 17:31:01.595 WARN   Polyline: must contain at least 2 different points
2026-08-27 17:31:01.595 WARN   Polyline: must contain at least 2 different points
2026-08-27 17:31:01.596 WARN   Polyline: must contain at least 2 different points
2026-08-27 17:31:01.596 WARN   Polyline: must contain at least 2 different points
2026-08-27 17:31:01.596 WARN   Polyline: must contain at least 2 different points
2026-08-27 17:31:01.597 WARN   Polyline: must contain at least 2 different points
2026-08-27 17:31:01.597 WARN   Polyline: must contain at least 2 different points
2026-08-27 17:31:01.597 WARN   Polyline: must contain at least 2 different points
2026-08-27 17:31:01.597 WARN   Polyline: must contain at least 2 different points
2026-08-27 17:31:01.598 WARN   Polyline: must contain at least 2 different points
2026-08-27 17:31:01.598 WARN   Polyline: must contain at least 2 different points
2026-08-27 17:31:01.598 WARN   Polyline: must contain at least 2 different points
2026-08-27 17:31:01.598 WARN   Polyline: must contain at least 2 different points
2026-08-27 17:31:01.599 WARN   Polyline: must contain at least 2 different points
2026-08-27 17:31:01.599 WARN   Polyline: must contain at least 2 different points
2026-08-27 17:31:01.599 WARN   Polyline: must contain at least 2 different points
2026-08-27 17:31:01.600 WARN   Polyline: must contain at least 2 different points
2026-08-27 17:31:01.600 WARN   Polyline: must contain at least 2 different points
2026-08-27 17:31:01.600 WARN   Polyline: must contain at least 2 different points
2026-08-27 17:31:01.600 WARN   Polyline: must contain at least 2 different points
2026-08-27 17:31:01.601 WARN   Polyline: must contain at least 2 different points
2026-08-27 17:31:01.601 WARN   Polyline: must contain at least 2 different points
2026-08-27 17:31:01.601 WARN   Polyline: must contain at least 2 different points
2026-08-27 17:31:01.601 WARN   Polyline: must contain at least 2 different points
2026-08-27 17:31:01.602 WARN   Polyline: must contain at least 2 different points
2026-08-27 17:31:01.602 WARN   Polyline: must contain at least 2 different points
2026-08-27 17:31:01.602 WARN   Polyline: must contain at least 2 different points
2026-08-27 17:31:01.602 WARN   Polyline: must contain at least 2 different points
2026-08-27 17:31:01.603 WARN   Polyline: must contain at least 2 different points
2026-08-27 17:31:01.603 WARN   Polyline: must contain at least 2 different points
2026-08-27 17:31:01.603 WARN   Polyline: must contain at least 2 different points
2026-08-27 17:31:01.604 WARN   Polyline: must contain at least 2 different points
2026-08-27 17:31:01.604 WARN   Polyline: must contain at least 2 different points
2026-08-27 17:31:01.604 WARN   Polyline: must contain at least 2 different points
2026-08-27 17:31:01.604 WARN   Polyline: must contain at least 2 different points
2026-08-27 17:31:01.605 WARN   Polyline: must contain at least 2 different points
2026-08-27 17:31:01.605 WARN   Polyline: must contain at least 2 different points
2026-08-27 17:31:01.605 WARN   Polyline: must contain at least 2 different points
2026-08-27 17:31:01.605 WARN   Polyline: must contain at least 2 different points
2026-08-27 17:31:01.606 WARN   Polyline: must contain at least 2 different points
2026-08-27 17:31:01.606 WARN   Polyline: must contain at least 2 different points
2026-08-27 17:31:01.606 WARN   Polyline: must contain at least 2 different points
2026-08-27 17:31:01.606 WARN   Polyline: must contain at least 2 different points
2026-08-27 17:31:01.607 WARN   Polyline: must contain at least 2 different points
2026-08-27 17:31:01.607 WARN   Polyline: must contain at least 2 different points
2026-08-27 17:31:01.607 WARN   Polyline: must contain at least 2 different points
2026-08-27 17:31:01.607 WARN   Polyline: must contain at least 2 different points
2026-08-27 17:31:01.608 WARN   Polyline: must contain at least 2 different points
2026-08-27 17:31:01.608 WARN   Polyline: must contain at least 2 different points
2026-08-27 17:31:01.608 WARN   Polyline: must contain at least 2 different points
2026-08-27 17:31:01.609 WARN   Polyline: must contain at least 2 different points
2026-08-27 17:31:01.609 WARN   Polyline: must contain at least 2 different points
2026-08-27 17:31:01.609 WARN   Polyline: must contain at least 2 different points
2026-08-27 17:31:01.609 WARN   Polyline: must contain at least 2 different points
2026-08-27 17:31:01.610 WARN   Polyline: must contain at least 2 different points
2026-08-27 17:31:01.610 WARN   Polyline: must contain at least 2 different points
2026-08-27 17:31:01.610 WARN   Polyline: must contain at least 2 different points
2026-08-27 17:31:01.610 WARN   Polyline: must contain at least 2 different points
2026-08-27 17:31:01.611 WARN   Polyline: must contain at least 2 different points
2026-08-27 17:31:01.611 WARN   Polyline: must contain at least 2 different points
2026-08-27 17:31:01.611 WARN   Polyline: must contain at least 2 different points
2026-08-27 17:31:01.612 WARN   Polyline: must contain at least 2 different points
2026-08-27 17:31:01.612 WARN   Polyline: must contain at least 2 different points
2026-08-27 17:31:01.612 WARN   Polyline: must contain at least 2 different points
2026-08-27 17:31:01.612 WARN   Polyline: must contain at least 2 different points
2026-08-27 17:31:01.613 WARN   Polyline: must contain at least 2 different points
2026-08-27 17:31:01.613 WARN   Polyline: must contain at least 2 different points
2026-08-27 17:31:01.613 WARN   Polyline: must contain at least 2 different points
2026-08-27 17:31:01.613 WARN   Polyline: must contain at least 2 different points
2026-08-27 17:31:01.614 WARN   Polyline: must contain at least 2 different points
2026-08-27 17:31:01.614 WARN   Polyline: must contain at least 2 different points
2026-08-27 17:31:01.614 WARN   Polyline: must contain at least 2 different points
2026-08-27 17:31:01.614 WARN   Polyline: must contain at least 2 different points
2026-08-27 17:31:01.615 WARN   Polyline: must contain at least 2 different points
2026-08-27 17:31:01.615 WARN   Polyline: must contain at least 2 different points
2026-08-27 17:31:01.615 WARN   Polyline: must contain at least 2 different points
2026-08-27 17:31:01.616 WARN   Polyline: must contain at least 2 different points
2026-08-27 17:31:01.616 WARN   Polyline: must contain at least 2 different points
2026-08-27 17:31:01.616 WARN   Polyline: must contain at least 2 different points
2026-08-27 17:31:01.616 WARN   Polyline: must contain at least 2 different points
2026-08-27 17:31:01.617 WARN   Polyline: must contain at least 2 different points
2026-08-27 17:31:01.617 WARN   Polyline: must contain at least 2 different points
2026-08-27 17:31:01.617 WARN   Polyline: must contain at least 2 different points
2026-08-27 17:31:01.617 WARN   Polyline: must contain at least 2 different points
2026-08-27 17:31:01.618 WARN   Polyline: must contain at least 2 different points
2026-08-27 17:31:01.618 WARN   Polyline: must contain at least 2 different points
2026-08-27 17:31:01.618 WARN   Polyline: must contain at least 2 different points
2026-08-27 17:31:01.618 WARN   Polyline: must contain at least 2 different points
2026-08-27 17:31:01.619 WARN   Polyline: must contain at least 2 different points
2026-08-27 17:31:01.619 WARN   Polyline: must contain at least 2 different points
2026-08-27 17:31:01.619 WARN   Polyline: must contain at least 2 different points
2026-08-27 17:31:01.619 WARN   Polyline: must contain at least 2 different points
2026-08-27 17:31:01.620 WARN   Polyline: must contain at least 2 different points
2026-08-27 17:31:01.620 WARN   Polyline: must contain at least 2 different points
2026-08-27 17:31:01.620 WARN   Polyline: must contain at least 2 different points
2026-08-27 17:31:01.620 WARN   Polyline: must contain at least 2 different points
2026-08-27 17:31:01.621 WARN   Polyline: must contain at least 2 different points
2026-08-27 17:31:01.621 WARN   Polyline: must contain at least 2 different points
2026-08-27 17:31:01.621 WARN   Polyline: must contain at least 2 different points
2026-08-27 17:31:01.621 WARN   Polyline: must contain at least 2 different points
2026-08-27 17:31:01.622 WARN   Polyline: must contain at least 2 different points
2026-08-27 17:31:01.622 WARN   Polyline: must contain at least 2 different points
2026-08-27 17:31:01.622 WARN   Polyline: must contain at least 2 different points
2026-08-27 17:31:01.623 WARN   Polyline: must contain at least 2 different points
2026-08-27 17:31:01.623 WARN   Polyline: must contain at least 2 different points
2026-08-27 17:31:01.623 WARN   Polyline: must contain at least 2 different points
2026-08-27 17:31:01.623 WARN   Polyline: must contain at least 2 different points
2026-08-27 17:31:01.624 WARN   Polyline: must contain at least 2 different points
2026-08-27 17:31:01.624 WARN   Polyline: must contain at least 2 different points
2026-08-27 17:31:01.624 WARN   Polyline: must contain at least 2 different points
2026-08-27 17:31:01.624 WARN   Polyline: must contain at least 2 different points
2026-08-27 17:31:01.625 WARN   Polyline: must contain at least 2 different points
2026-08-27 17:31:01.625 WARN   Polyline: must contain at least 2 different points
2026-08-27 17:31:01.625 WARN   Polyline: must contain at least 2 different points
2026-08-27 17:31:01.626 WARN   Polyline: must contain at least 2 different points
2026-08-27 17:31:01.626 WARN   Polyline: must contain at least 2 different points
2026-08-27 17:31:01.626 WARN   Polyline: must contain at least 2 different points
2026-08-27 17:31:01.626 WARN   Polyline: must contain at least 2 different points
2026-08-27 17:31:01.627 WARN   Polyline: must contain at least 2 different points
2026-08-27 17:31:01.627 WARN   Polyline: must contain at least 2 different points
2026-08-27 17:31:01.627 WARN   Polyline: must contain at least 2 different points
2026-08-27 17:31:01.627 WARN   Polyline: must contain at least 2 different points
2026-08-27 17:31:01.628 WARN   Polyline: must contain at least 2 different points
2026-08-27 17:31:01.628 WARN   Polyline: must contain at least 2 different points
2026-08-27 17:31:01.628 WARN   Polyline: must contain at least 2 different points
2026-08-27 17:31:01.629 WARN   Polyline: must contain at least 2 different points
2026-08-27 17:31:01.629 WARN   Polyline: must contain at least 2 different points
2026-08-27 17:31:01.629 WARN   Polyline: must contain at least 2 different points
2026-08-27 17:31:01.629 WARN   Polyline: must contain at least 2 different points
2026-08-27 17:31:01.630 WARN   Polyline: must contain at least 2 different points
2026-08-27 17:31:01.630 WARN   Polyline: must contain at least 2 different points
2026-08-27 17:31:01.630 WARN   Polyline: must contain at least 2 different points
2026-08-27 17:31:01.630 WARN   Polyline: must contain at least 2 different points
2026-08-27 17:31:01.631 WARN   Polyline: must contain at least 2 different points
2026-08-27 17:31:01.631 WARN   Polyline: must contain at least 2 different points
2026-08-27 17:31:01.631 WARN   Polyline: must contain at least 2 different points
2026-08-27 17:31:01.632 WARN   Polyline: must contain at least 2 different points
2026-08-27 17:31:01.632 WARN   Polyline: must contain at least 2 different points
2026-08-27 17:31:01.632 WARN   Polyline: must contain at least 2 different points
2026-08-27 17:31:01.632 WARN   Polyline: must contain at least 2 different points
2026-08-27 17:31:01.633 WARN   Polyline: must contain at least 2 different points
2026-08-27 17:31:01.633 WARN   Polyline: must contain at least 2 different points
2026-08-27 17:31:01.633 WARN   Polyline: must contain at least 2 different points
2026-08-27 17:31:01.633 WARN   Polyline: must contain at least 2 different points
2026-08-27 17:31:01.634 WARN   Polyline: must contain at least 2 different points
2026-08-27 17:31:01.634 WARN   Polyline: must contain at least 2 different points
2026-08-27 17:31:01.634 WARN   Polyline: must contain at least 2 different points
2026-08-27 17:31:01.634 WARN   Polyline: must contain at least 2 different points
2026-08-27 17:31:01.635 WARN   Polyline: must contain at least 2 different points
2026-08-27 17:31:01.635 WARN   Polyline: must contain at least 2 different points
2026-08-27 17:31:01.635 WARN   Polyline: must contain at least 2 different points
2026-08-27 17:31:01.636 WARN   Polyline: must contain at least 2 different points
2026-08-27 17:31:01.636 WARN   Polyline: must contain at least 2 different points
2026-08-27 17:31:01.636 WARN   Polyline: must contain at least 2 different points
2026-08-27 17:31:01.636 WARN   Polyline: must contain at least 2 different points
2026-08-27 17:31:01.637 WARN   Polyline: must contain at least 2 different points
2026-08-27 17:31:01.637 WARN   Polyline: must contain at least 2 different points
2026-08-27 17:31:01.637 WARN   Polyline: must contain at least 2 different points
2026-08-27 17:31:01.637 WARN   Polyline: must contain at least 2 different points
2026-08-27 17:31:01.638 WARN   Polyline: must contain at least 2 different points
2026-08-27 17:31:01.638 WARN   Polyline: must contain at least 2 different points
2026-08-27 17:31:01.638 WARN   Polyline: must contain at least 2 different points
2026-08-27 17:31:01.638 WARN   Polyline: must contain at least 2 different points
2026-08-27 17:31:01.639 WARN   Polyline: must contain at least 2 different points
2026-08-27 17:31:01.639 WARN   Polyline: must contain at least 2 different points
2026-08-27 17:31:01.639 WARN   Polyline: must contain at least 2 different points
2026-08-27 17:31:01.640 WARN   Polyline: must contain at least 2 different points
2026-08-27 17:31:01.640 WARN   Polyline: must contain at least 2 different points
2026-08-27 17:31:01.640 WARN   Polyline: must contain at least 2 different points
2026-08-27 17:31:01.640 WARN   Polyline: must contain at least 2 different points
2026-08-27 17:31:01.641 WARN   Polyline: must contain at least 2 different points
2026-08-27 17:31:01.641 WARN   Polyline: must contain at least 2 different points
2026-08-27 17:31:01.641 WARN   Polyline: must contain at least 2 different points
2026-08-27 17:31:01.641 WARN   Polyline: must contain at least 2 different points
2026-08-27 17:31:01.642 WARN   Polyline: must contain at least 2 different points
2026-08-27 17:31:01.642 WARN   Polyline: must contain at least 2 different points
2026-08-27 17:31:01.642 WARN   Polyline: must contain at least 2 different points
2026-08-27 17:31:01.643 WARN   Polyline: must contain at least 2 different points
2026-08-27 17:31:01.643 WARN   Polyline: must contain at least 2 different points
2026-08-27 17:31:01.643 WARN   Polyline: must contain at least 2 different points
2026-08-27 17:31:01.643 WARN   Polyline: must contain at least 2 different points
2026-08-27 17:31:01.644 WARN   Polyline: must contain at least 2 different points
2026-08-27 17:31:01.644 WARN   Polyline: must contain at least 2 different points
2026-08-27 17:31:01.644 WARN   Polyline: must contain at least 2 different points
2026-08-27 17:31:01.644 WARN   Polyline: must contain at least 2 different points
2026-08-27 17:31:01.645 WARN   Polyline: must contain at least 2 different points
2026-08-27 17:31:01.645 WARN   Polyline: must contain at least 2 different points
2026-08-27 17:31:01.645 WARN   Polyline: must contain at least 2 different points
2026-08-27 17:31:01.645 WARN   Polyline: must contain at least 2 different points
2026-08-27 17:31:01.646 WARN   Polyline: must contain at least 2 different points
2026-08-27 17:31:01.646 WARN   Polyline: must contain at least 2 different points
2026-08-27 17:31:01.646 WARN   Polyline: must contain at least 2 different points
2026-08-27 17:31:01.646 WARN   Polyline: must contain at least 2 different points
2026-08-27 17:31:01.647 WARN   Polyline: must contain at least 2 different points
2026-08-27 17:31:01.647 WARN   Polyline: must contain at least 2 different points
2026-08-27 17:31:01.647 WARN   Polyline: must contain at least 2 different points
2026-08-27 17:31:01.648 WARN   Polyline: must contain at least 2 different points
2026-08-27 17:31:01.648 WARN   Polyline: must contain at least 2 different points
2026-08-27 17:31:01.648 WARN   Polyline: must contain at least 2 different points
2026-08-27 17:31:01.648 WARN   Polyline: must contain at least 2 different points
2026-08-27 17:31:01.649 WARN   Polyline: must contain at least 2 different points
2026-08-27 17:31:01.649 WARN   Polyline: must contain at least 2 different points
2026-08-27 17:31:01.649 WARN   Polyline: must contain at least 2 different points
2026-08-27 17:31:01.649 WARN   Polyline: must contain at least 2 different points
2026-08-27 17:31:01.650 WARN   Polyline: must contain at least 2 different points
2026-08-27 17:31:01.650 WARN   Polyline: must contain at least 2 different points
2026-08-27 17:31:01.650 WARN   Polyline: must contain at least 2 different points
2026-08-27 17:31:01.651 WARN   Polyline: must contain at least 2 different points
2026-08-27 17:31:01.651 WARN   Polyline: must contain at least 2 different points
2026-08-27 17:31:01.651 WARN   Polyline: must contain at least 2 different points
2026-08-27 17:31:01.651 WARN   Polyline: must contain at least 2 different points
2026-08-27 17:31:01.652 WARN   Polyline: must contain at least 2 different points
2026-08-27 17:31:01.652 WARN   Polyline: must contain at least 2 different points
2026-08-27 17:31:01.652 WARN   Polyline: must contain at least 2 different points
2026-08-27 17:31:01.653 WARN   Polyline: must contain at least 2 different points
2026-08-27 17:31:01.653 WARN   Polyline: must contain at least 2 different points
2026-08-27 17:31:01.653 WARN   Polyline: must contain at least 2 different points
2026-08-27 17:31:01.653 WARN   Polyline: must contain at least 2 different points
2026-08-27 17:31:01.654 WARN   Polyline: must contain at least 2 different points
2026-08-27 17:31:01.654 WARN   Polyline: must contain at least 2 different points
2026-08-27 17:31:01.654 WARN   Polyline: must contain at least 2 different points
2026-08-27 17:31:01.655 WARN   Polyline: must contain at least 2 different points
2026-08-27 17:31:01.655 WARN   Polyline: must contain at least 2 different points
2026-08-27 17:31:01.655 WARN   Polyline: must contain at least 2 different points
2026-08-27 17:31:01.655 WARN   Polyline: must contain at least 2 different points
2026-08-27 17:31:01.656 WARN   Polyline: must contain at least 2 different points
2026-08-27 17:31:01.656 WARN   Polyline: must contain at least 2 different points
2026-08-27 17:31:01.656 WARN   Polyline: must contain at least 2 different points
2026-08-27 17:31:01.656 WARN   Polyline: must contain at least 2 different points
2026-08-27 17:31:01.657 WARN   Polyline: must contain at least 2 different points
2026-08-27 17:31:01.657 WARN   Polyline: must contain at least 2 different points
2026-08-27 17:31:01.657 WARN   Polyline: must contain at least 2 different points
2026-08-27 17:31:01.657 WARN   Polyline: must contain at least 2 different points
2026-08-27 17:31:01.658 WARN   Polyline: must contain at least 2 different points
2026-08-27 17:31:01.658 WARN   Polyline: must contain at least 2 different points
2026-08-27 17:31:01.658 WARN   Polyline: must contain at least 2 different points
2026-08-27 17:31:01.658 WARN   Polyline: must contain at least 2 different points
2026-08-27 17:31:01.659 WARN   Polyline: must contain at least 2 different points
2026-08-27 17:31:01.659 WARN   Polyline: must contain at least 2 different points
2026-08-27 17:31:01.659 WARN   Polyline: must contain at least 2 different points
2026-08-27 17:31:01.659 WARN   Polyline: must contain at least 2 different points
2026-08-27 17:31:01.660 WARN   Polyline: must contain at least 2 different points
2026-08-27 17:31:01.660 WARN   Polyline: must contain at least 2 different points
2026-08-27 17:31:01.660 WARN   Polyline: must contain at least 2 different points
2026-08-27 17:31:01.661 WARN   Polyline: must contain at least 2 different points
2026-08-27 17:31:01.661 WARN   Polyline: must contain at least 2 different points
2026-08-27 17:31:01.661 WARN   Polyline: must contain at least 2 different points
2026-08-27 17:31:01.661 WARN   Polyline: must contain at least 2 different points
2026-08-27 17:31:01.662 WARN   Polyline: must contain at least 2 different points
2026-08-27 17:31:01.662 WARN   Polyline: must contain at least 2 different points
2026-08-27 17:31:01.662 WARN   Polyline: must contain at least 2 different points
2026-08-27 17:31:01.662 WARN   Polyline: must contain at least 2 different points
2026-08-27 17:31:01.663 WARN   Polyline: must contain at least 2 different points
2026-08-27 17:31:01.663 WARN   Polyline: must contain at least 2 different points
2026-08-27 17:31:01.663 WARN   Polyline: must contain at least 2 different points
2026-08-27 17:31:01.663 WARN   Polyline: must contain at least 2 different points
2026-08-27 17:31:01.664 WARN   Polyline: must contain at least 2 different points
2026-08-27 17:31:01.664 WARN   Polyline: must contain at least 2 different points
2026-08-27 17:31:01.664 WARN   Polyline: must contain at least 2 different points
2026-08-27 17:31:01.664 WARN   Polyline: must contain at least 2 different points
2026-08-27 17:31:01.665 WARN   Polyline: must contain at least 2 different points
2026-08-27 17:31:01.665 WARN   Polyline: must contain at least 2 different points
2026-08-27 17:31:01.665 WARN   Polyline: must contain at least 2 different points
2026-08-27 17:31:01.665 WARN   Polyline: must contain at least 2 different points
2026-08-27 17:31:01.666 WARN   Polyline: must contain at least 2 different points
2026-08-27 17:31:01.666 WARN   Polyline: must contain at least 2 different points
2026-08-27 17:31:01.666 WARN   Polyline: must contain at least 2 different points
2026-08-27 17:31:01.667 WARN   Polyline: must contain at least 2 different points
2026-08-27 17:31:01.667 WARN   Polyline: must contain at least 2 different points
2026-08-27 17:31:01.667 WARN   Polyline: must contain at least 2 different points
2026-08-27 17:31:01.667 WARN   Polyline: must contain at least 2 different points
2026-08-27 17:31:01.668 WARN   Polyline: must contain at least 2 different points
2026-08-27 17:31:01.668 WARN   Polyline: must contain at least 2 different points
2026-08-27 17:31:01.668 WARN   Polyline: must contain at least 2 different points
2026-08-27 17:31:01.668 WARN   Polyline: must contain at least 2 different points
2026-08-27 17:31:01.669 WARN   Polyline: must contain at least 2 different points
2026-08-27 17:31:01.669 WARN   Polyline: must contain at least 2 different points
2026-08-27 17:31:01.669 WARN   Polyline: must contain at least 2 different points
2026-08-27 17:31:01.669 WARN   Polyline: must contain at least 2 different points
2026-08-27 17:31:01.670 WARN   Polyline: must contain at least 2 different points
2026-08-27 17:31:01.670 WARN   Polyline: must contain at least 2 different points
2026-08-27 17:31:01.670 WARN   Polyline: must contain at least 2 different points
2026-08-27 17:31:01.671 WARN   Polyline: must contain at least 2 different points
2026-08-27 17:31:01.671 WARN   Polyline: must contain at least 2 different points
2026-08-27 17:31:01.671 WARN   Polyline: must contain at least 2 different points
2026-08-27 17:31:01.671 WARN   Polyline: must contain at least 2 different points
2026-08-27 17:31:01.672 WARN   Polyline: must contain at least 2 different points
2026-08-27 17:31:01.672 WARN   Polyline: must contain at least 2 different points
2026-08-27 17:31:01.672 WARN   Polyline: must contain at least 2 different points
2026-08-27 17:31:01.672 WARN   Polyline: must contain at least 2 different points
2026-08-27 17:31:01.673 WARN   Polyline: must contain at least 2 different points
2026-08-27 17:31:01.673 WARN   Polyline: must contain at least 2 different points
2026-08-27 17:31:01.673 WARN   Polyline: must contain at least 2 different points
2026-08-27 17:31:01.673 WARN   Polyline: must contain at least 2 different points
2026-08-27 17:31:01.673 WARN   Polyline: must contain at least 2 different points
2026-08-27 17:31:01.673 WARN   Polyline: must contain at least 2 different points
2026-08-27 17:31:01.674 WARN   Polyline: must contain at least 2 different points
2026-08-27 17:31:01.674 WARN   Polyline: must contain at least 2 different points
2026-08-27 17:31:01.674 WARN   Polyline: must contain at least 2 different points
2026-08-27 17:31:01.674 WARN   Polyline: must contain at least 2 different points
2026-08-27 17:31:01.674 WARN   Polyline: must contain at least 2 different points
2026-08-27 17:31:01.675 WARN   Polyline: must contain at least 2 different points
2026-08-27 17:31:01.675 WARN   Polyline: must contain at least 2 different points
2026-08-27 17:31:01.675 WARN   Polyline: must contain at least 2 different points
2026-08-27 17:31:01.675 WARN   Polyline: must contain at least 2 different points
2026-08-27 17:31:01.675 WARN   Polyline: must contain at least 2 different points
2026-08-27 17:31:01.675 WARN   Polyline: must contain at least 2 different points
2026-08-27 17:31:01.676 WARN   Polyline: must contain at least 2 different points
2026-08-27 17:31:01.676 WARN   Polyline: must contain at least 2 different points
2026-08-27 17:31:01.676 WARN   Polyline: must contain at least 2 different points
2026-08-27 17:31:01.676 WARN   Polyline: must contain at least 2 different points
2026-08-27 17:31:01.676 WARN   Polyline: must contain at least 2 different points
2026-08-27 17:31:01.676 WARN   Polyline: must contain at least 2 different points
2026-08-27 17:31:01.677 WARN   Polyline: must contain at least 2 different points
2026-08-27 17:31:01.677 WARN   Polyline: must contain at least 2 different points
2026-08-27 17:31:01.677 WARN   Polyline: must contain at least 2 different points
2026-08-27 17:31:01.677 WARN   Polyline: must contain at least 2 different points
2026-08-27 17:31:01.677 WARN   Polyline: must contain at least 2 different points
2026-08-27 17:31:01.677 WARN   Polyline: must contain at least 2 different points
2026-08-27 17:31:01.677 WARN   Polyline: must contain at least 2 different points
2026-08-27 17:31:01.678 WARN   Polyline: must contain at least 2 different points
2026-08-27 17:31:01.678 WARN   Polyline: must contain at least 2 different points
2026-08-27 17:31:01.678 WARN   Polyline: must contain at least 2 different points
2026-08-27 17:31:01.678 WARN   Polyline: must contain at least 2 different points
2026-08-27 17:31:01.678 WARN   Polyline: must contain at least 2 different points
2026-08-27 17:31:01.679 WARN   Polyline: must contain at least 2 different points
2026-08-27 17:31:01.679 WARN   Polyline: must contain at least 2 different points
2026-08-27 17:31:01.679 WARN   Polyline: must contain at least 2 different points
2026-08-27 17:31:01.679 WARN   Polyline: must contain at least 2 different points
2026-08-27 17:31:01.679 WARN   Polyline: must contain at least 2 different points
2026-08-27 17:31:01.679 WARN   Polyline: must contain at least 2 different points
2026-08-27 17:31:01.680 WARN   Polyline: must contain at least 2 different points
2026-08-27 17:31:01.680 WARN   Polyline: must contain at least 2 different points
2026-08-27 17:31:01.680 WARN   Polyline: must contain at least 2 different points
2026-08-27 17:31:01.680 WARN   Polyline: must contain at least 2 different points
2026-08-27 17:31:01.680 WARN   Polyline: must contain at least 2 different points
2026-08-27 17:31:01.680 WARN   Polyline: must contain at least 2 different points
2026-08-27 17:31:01.681 WARN   Polyline: must contain at least 2 different points
2026-08-27 17:31:01.681 WARN   Polyline: must contain at least 2 different points
2026-08-27 17:31:01.681 WARN   Polyline: must contain at least 2 different points
2026-08-27 17:31:01.681 WARN   Polyline: must contain at least 2 different points
2026-08-27 17:31:01.681 WARN   Polyline: must contain at least 2 different points
2026-08-27 17:31:01.681 WARN   Polyline: must contain at least 2 different points
2026-08-27 17:31:01.682 WARN   Polyline: must contain at least 2 different points
2026-08-27 17:31:01.682 WARN   Polyline: must contain at least 2 different points
2026-08-27 17:31:01.682 WARN   Polyline: must contain at least 2 different points
2026-08-27 17:31:01.682 WARN   Polyline: must contain at least 2 different points
2026-08-27 17:31:01.682 WARN   Polyline: must contain at least 2 different points
2026-08-27 17:31:01.682 WARN   Polyline: must contain at least 2 different points
2026-08-27 17:31:01.683 WARN   Polyline: must contain at least 2 different points
2026-08-27 17:31:01.683 WARN   Polyline: must contain at least 2 different points
2026-08-27 17:31:01.683 WARN   Polyline: must contain at least 2 different points
2026-08-27 17:31:01.683 WARN   Polyline: must contain at least 2 different points
2026-08-27 17:31:01.683 WARN   Polyline: must contain at least 2 different points
2026-08-27 17:31:01.684 WARN   Polyline: must contain at least 2 different points
2026-08-27 17:31:01.684 WARN   Polyline: must contain at least 2 different points
2026-08-27 17:31:01.684 WARN   Polyline: must contain at least 2 different points
2026-08-27 17:31:01.684 WARN   Polyline: must contain at least 2 different points
2026-08-27 17:31:01.684 WARN   Polyline: must contain at least 2 different points
2026-08-27 17:31:01.684 WARN   Polyline: must contain at least 2 different points
2026-08-27 17:31:01.685 WARN   Polyline: must contain at least 2 different points
2026-08-27 17:31:01.685 WARN   Polyline: must contain at least 2 different points
2026-08-27 17:31:01.685 WARN   Polyline: must contain at least 2 different points
2026-08-27 17:31:01.685 WARN   Polyline: must contain at least 2 different points
2026-08-27 17:31:01.685 WARN   Polyline: must contain at least 2 different points
2026-08-27 17:31:01.686 WARN   Polyline: must contain at least 2 different points
2026-08-27 17:31:01.686 WARN   Polyline: must contain at least 2 different points
2026-08-27 17:31:01.686 WARN   Polyline: must contain at least 2 different points
2026-08-27 17:31:01.686 WARN   Polyline: must contain at least 2 different points
2026-08-27 17:31:01.686 WARN   Polyline: must contain at least 2 different points
2026-08-27 17:31:01.686 WARN   Polyline: must contain at least 2 different points
2026-08-27 17:31:01.687 WARN   Polyline: must contain at least 2 different points
2026-08-27 17:31:01.687 WARN   Polyline: must contain at least 2 different points
2026-08-27 17:31:01.687 WARN   Polyline: must contain at least 2 different points
2026-08-27 17:31:01.687 WARN   Polyline: must contain at least 2 different points
2026-08-27 17:31:01.687 WARN   Polyline: must contain at least 2 different points
2026-08-27 17:31:01.688 WARN   Polyline: must contain at least 2 different points
2026-08-27 17:31:01.688 WARN   Polyline: must contain at least 2 different points
2026-08-27 17:31:01.688 WARN   Polyline: must contain at least 2 different points
2026-08-27 17:31:01.688 WARN   Polyline: must contain at least 2 different points
2026-08-27 17:31:01.688 WARN   Polyline: must contain at least 2 different points
2026-08-27 17:31:01.688 WARN   Polyline: must contain at least 2 different points
2026-08-27 17:31:01.689 WARN   Polyline: must contain at least 2 different points
2026-08-27 17:31:01.689 WARN   Polyline: must contain at least 2 different points
2026-08-27 17:31:01.689 WARN   Polyline: must contain at least 2 different points
2026-08-27 17:31:01.689 WARN   Polyline: must contain at least 2 different points
2026-08-27 17:31:01.689 WARN   Polyline: must contain at least 2 different points
2026-08-27 17:31:01.690 WARN   Polyline: must contain at least 2 different points
2026-08-27 17:31:01.690 WARN   Polyline: must contain at least 2 different points
2026-08-27 17:31:01.690 WARN   Polyline: must contain at least 2 different points
2026-08-27 17:31:01.690 WARN   Polyline: must contain at least 2 different points
2026-08-27 17:31:01.690 WARN   Polyline: must contain at least 2 different points
2026-08-27 17:31:01.690 WARN   Polyline: must contain at least 2 different points
2026-08-27 17:31:01.691 WARN   Polyline: must contain at least 2 different points
2026-08-27 17:31:01.691 WARN   Polyline: must contain at least 2 different points
2026-08-27 17:31:01.691 WARN   Polyline: must contain at least 2 different points
2026-08-27 17:31:01.691 WARN   Polyline: must contain at least 2 different points
2026-08-27 17:31:01.691 WARN   Polyline: must contain at least 2 different points
2026-08-27 17:31:01.691 WARN   Polyline: must contain at least 2 different points
2026-08-27 17:31:01.692 WARN   Polyline: must contain at least 2 different points
2026-08-27 17:31:01.692 WARN   Polyline: must contain at least 2 different points
2026-08-27 17:31:01.692 WARN   Polyline: must contain at least 2 different points
2026-08-27 17:31:01.692 WARN   Polyline: must contain at least 2 different points
2026-08-27 17:31:01.693 WARN   Polyline: must contain at least 2 different points
2026-08-27 17:31:01.693 WARN   Polyline: must contain at least 2 different points
2026-08-27 17:31:01.693 WARN   Polyline: must contain at least 2 different points
2026-08-27 17:31:01.693 WARN   Polyline: must contain at least 2 different points
2026-08-27 17:31:01.693 WARN   Polyline: must contain at least 2 different points
2026-08-27 17:31:01.694 WARN   Polyline: must contain at least 2 different points
2026-08-27 17:31:01.694 WARN   Polyline: must contain at least 2 different points
2026-08-27 17:31:01.694 WARN   Polyline: must contain at least 2 different points
2026-08-27 17:31:01.694 WARN   Polyline: must contain at least 2 different points
2026-08-27 17:31:01.694 WARN   Polyline: must contain at least 2 different points
2026-08-27 17:31:01.695 WARN   Polyline: must contain at least 2 different points
2026-08-27 17:31:01.695 WARN   Polyline: must contain at least 2 different points
2026-08-27 17:31:01.695 WARN   Polyline: must contain at least 2 different points
2026-08-27 17:31:01.695 WARN   Polyline: must contain at least 2 different points
2026-08-27 17:31:01.695 WARN   Polyline: must contain at least 2 different points
2026-08-27 17:31:01.695 WARN   Polyline: must contain at least 2 different points
2026-08-27 17:31:01.696 WARN   Polyline: must contain at least 2 different points
2026-08-27 17:31:01.696 WARN   Polyline: must contain at least 2 different points
2026-08-27 17:31:01.696 WARN   Polyline: must contain at least 2 different points
2026-08-27 17:31:01.696 WARN   Polyline: must contain at least 2 different points
2026-08-27 17:31:01.696 WARN   Polyline: must contain at least 2 different points
2026-08-27 17:31:01.696 WARN   Polyline: must contain at least 2 different points
2026-08-27 17:31:01.697 WARN   Polyline: must contain at least 2 different points
2026-08-27 17:31:01.697 WARN   Polyline: must contain at least 2 different points
2026-08-27 17:31:01.697 WARN   Polyline: must contain at least 2 different points
2026-08-27 17:31:01.697 WARN   Polyline: must contain at least 2 different points
2026-08-27 17:31:01.697 WARN   Polyline: must contain at least 2 different points
2026-08-27 17:31:01.698 WARN   Polyline: must contain at least 2 different points
2026-08-27 17:31:01.698 WARN   Polyline: must contain at least 2 different points
2026-08-27 17:31:01.698 WARN   Polyline: must contain at least 2 different points
2026-08-27 17:31:01.698 WARN   Polyline: must contain at least 2 different points
2026-08-27 17:31:01.698 WARN   Polyline: must contain at least 2 different points
2026-08-27 17:31:01.699 WARN   Polyline: must contain at least 2 different points
2026-08-27 17:31:01.699 WARN   Polyline: must contain at least 2 different points
2026-08-27 17:31:01.699 WARN   Polyline: must contain at least 2 different points
2026-08-27 17:31:01.699 WARN   Polyline: must contain at least 2 different points
2026-08-27 17:31:01.699 WARN   Polyline: must contain at least 2 different points
2026-08-27 17:31:01.699 WARN   Polyline: must contain at least 2 different points
2026-08-27 17:31:01.700 WARN   Polyline: must contain at least 2 different points
2026-08-27 17:31:01.700 WARN   Polyline: must contain at least 2 different points
2026-08-27 17:31:01.700 WARN   Polyline: must contain at least 2 different points
2026-08-27 17:31:01.700 WARN   Polyline: must contain at least 2 different points
2026-08-27 17:31:01.700 WARN   Polyline: must contain at least 2 different points
2026-08-27 17:31:01.700 WARN   Polyline: must contain at least 2 different points
2026-08-27 17:31:01.701 WARN   Polyline: must contain at least 2 different points
2026-08-27 17:31:01.701 WARN   Polyline: must contain at least 2 different points
2026-08-27 17:31:01.701 WARN   Polyline: must contain at least 2 different points
2026-08-27 17:31:01.701 WARN   Polyline: must contain at least 2 different points
2026-08-27 17:31:01.701 WARN   Polyline: must contain at least 2 different points
2026-08-27 17:31:01.701 WARN   Polyline: must contain at least 2 different points
2026-08-27 17:31:01.702 WARN   Polyline: must contain at least 2 different points
2026-08-27 17:31:01.702 WARN   Polyline: must contain at least 2 different points
2026-08-27 17:31:01.702 WARN   Polyline: must contain at least 2 different points
2026-08-27 17:31:01.702 WARN   Polyline: must contain at least 2 different points
2026-08-27 17:31:01.702 WARN   Polyline: must contain at least 2 different points
2026-08-27 17:31:01.703 WARN   Polyline: must contain at least 2 different points
2026-08-27 17:31:01.703 WARN   Polyline: must contain at least 2 different points
2026-08-27 17:31:01.703 WARN   Polyline: must contain at least 2 different points
2026-08-27 17:31:01.703 WARN   Polyline: must contain at least 2 different points
2026-08-27 17:31:01.703 WARN   Polyline: must contain at least 2 different points
2026-08-27 17:31:01.703 WARN   Polyline: must contain at least 2 different points
2026-08-27 17:31:01.704 WARN   Polyline: must contain at least 2 different points
2026-08-27 17:31:01.704 WARN   Polyline: must contain at least 2 different points
2026-08-27 17:31:01.704 WARN   Polyline: must contain at least 2 different points
2026-08-27 17:31:01.704 WARN   Polyline: must contain at least 2 different points
2026-08-27 17:31:01.704 WARN   Polyline: must contain at least 2 different points
2026-08-27 17:31:01.704 WARN   Polyline: must contain at least 2 different points
2026-08-27 17:31:01.705 WARN   Polyline: must contain at least 2 different points
2026-08-27 17:31:01.705 WARN   Polyline: must contain at least 2 different points
2026-08-27 17:31:01.705 WARN   Polyline: must contain at least 2 different points
2026-08-27 17:31:01.705 WARN   Polyline: must contain at least 2 different points
2026-08-27 17:31:01.705 WARN   Polyline: must contain at least 2 different points
2026-08-27 17:31:01.706 WARN   Polyline: must contain at least 2 different points
2026-08-27 17:31:01.706 WARN   Polyline: must contain at least 2 different points
2026-08-27 17:31:01.706 WARN   Polyline: must contain at least 2 different points
2026-08-27 17:31:01.706 WARN   Polyline: must contain at least 2 different points
2026-08-27 17:31:01.706 WARN   Polyline: must contain at least 2 different points
2026-08-27 17:31:01.706 WARN   Polyline: must contain at least 2 different points
2026-08-27 17:31:01.706 WARN   Polyline: must contain at least 2 different points
2026-08-27 17:31:01.707 WARN   Polyline: must contain at least 2 different points
2026-08-27 17:31:01.707 WARN   Polyline: must contain at least 2 different points
2026-08-27 17:31:01.707 WARN   Polyline: must contain at least 2 different points
2026-08-27 17:31:01.707 WARN   Polyline: must contain at least 2 different points
2026-08-27 17:31:01.707 WARN   Polyline: must contain at least 2 different points
2026-08-27 17:31:01.707 WARN   Polyline: must contain at least 2 different points
2026-08-27 17:31:01.708 WARN   Polyline: must contain at least 2 different points
2026-08-27 17:31:01.708 WARN   Polyline: must contain at least 2 different points
2026-08-27 17:31:01.708 WARN   Polyline: must contain at least 2 different points
2026-08-27 17:31:01.708 WARN   Polyline: must contain at least 2 different points
2026-08-27 17:31:01.708 WARN   Polyline: must contain at least 2 different points
2026-08-27 17:31:01.708 WARN   Polyline: must contain at least 2 different points
2026-08-27 17:31:01.709 WARN   Polyline: must contain at least 2 different points
2026-08-27 17:31:01.709 WARN   Polyline: must contain at least 2 different points
2026-08-27 17:31:01.709 WARN   Polyline: must contain at least 2 different points
2026-08-27 17:31:01.709 WARN   Polyline: must contain at least 2 different points
2026-08-27 17:31:01.709 WARN   Polyline: must contain at least 2 different points
2026-08-27 17:31:01.709 WARN   Polyline: must contain at least 2 different points
2026-08-27 17:31:01.710 WARN   Polyline: must contain at least 2 different points
2026-08-27 17:31:01.710 WARN   Polyline: must contain at least 2 different points
2026-08-27 17:31:01.710 WARN   Polyline: must contain at least 2 different points
2026-08-27 17:31:01.710 WARN   Polyline: must contain at least 2 different points
2026-08-27 17:31:01.710 WARN   Polyline: must contain at least 2 different points
2026-08-27 17:31:01.711 WARN   Polyline: must contain at least 2 different points
2026-08-27 17:31:01.711 WARN   Polyline: must contain at least 2 different points
2026-08-27 17:31:01.711 WARN   Polyline: must contain at least 2 different points
2026-08-27 17:31:01.711 WARN   Polyline: must contain at least 2 different points
2026-08-27 17:31:01.711 WARN   Polyline: must contain at least 2 different points
2026-08-27 17:31:01.711 WARN   Polyline: must contain at least 2 different points
2026-08-27 17:31:01.712 WARN   Polyline: must contain at least 2 different points
2026-08-27 17:31:01.712 WARN   Polyline: must contain at least 2 different points
2026-08-27 17:31:01.712 WARN   Polyline: must contain at least 2 different points
2026-08-27 17:31:01.712 WARN   Polyline: must contain at least 2 different points
2026-08-27 17:31:01.712 WARN   Polyline: must contain at least 2 different points
2026-08-27 17:31:01.713 WARN   Polyline: must contain at least 2 different points
2026-08-27 17:31:01.713 WARN   Polyline: must contain at least 2 different points
2026-08-27 17:31:01.713 WARN   Polyline: must contain at least 2 different points
2026-08-27 17:31:01.713 WARN   Polyline: must contain at least 2 different points
2026-08-27 17:31:01.713 WARN   Polyline: must contain at least 2 different points
2026-08-27 17:31:01.713 WARN   Polyline: must contain at least 2 different points
2026-08-27 17:31:01.714 WARN   Polyline: must contain at least 2 different points
2026-08-27 17:31:01.714 WARN   Polyline: must contain at least 2 different points
2026-08-27 17:31:01.714 WARN   Polyline: must contain at least 2 different points
2026-08-27 17:31:01.714 WARN   Polyline: must contain at least 2 different points
2026-08-27 17:31:01.714 WARN   Polyline: must contain at least 2 different points
2026-08-27 17:31:01.715 WARN   Polyline: must contain at least 2 different points
2026-08-27 17:31:01.715 WARN   Polyline: must contain at least 2 different points
2026-08-27 17:31:01.715 WARN   Polyline: must contain at least 2 different points
2026-08-27 17:31:01.715 WARN   Polyline: must contain at least 2 different points
2026-08-27 17:31:01.715 WARN   Polyline: must contain at least 2 different points
2026-08-27 17:31:01.715 WARN   Polyline: must contain at least 2 different points
2026-08-27 17:31:01.716 WARN   Polyline: must contain at least 2 different points
2026-08-27 17:31:01.716 WARN   Polyline: must contain at least 2 different points
2026-08-27 17:31:01.716 WARN   Polyline: must contain at least 2 different points
2026-08-27 17:31:01.716 WARN   Polyline: must contain at least 2 different points
2026-08-27 17:31:01.716 WARN   Polyline: must contain at least 2 different points
2026-08-27 17:31:01.716 WARN   Polyline: must contain at least 2 different points
2026-08-27 17:31:01.717 WARN   Polyline: must contain at least 2 different points
2026-08-27 17:31:01.717 WARN   Polyline: must contain at least 2 different points
2026-08-27 17:31:01.717 WARN   Polyline: must contain at least 2 different points
2026-08-27 17:31:01.717 WARN   Polyline: must contain at least 2 different points
2026-08-27 17:31:01.717 WARN   Polyline: must contain at least 2 different points
2026-08-27 17:31:01.718 WARN   Polyline: must contain at least 2 different points
2026-08-27 17:31:01.718 WARN   Polyline: must contain at least 2 different points
2026-08-27 17:31:01.718 WARN   Polyline: must contain at least 2 different points
2026-08-27 17:31:01.718 WARN   Polyline: must contain at least 2 different points
2026-08-27 17:31:01.718 WARN   Polyline: must contain at least 2 different points
2026-08-27 17:31:01.718 WARN   Polyline: must contain at least 2 different points
2026-08-27 17:31:01.719 WARN   Polyline: must contain at least 2 different points
2026-08-27 17:31:01.719 WARN   Polyline: must contain at least 2 different points
2026-08-27 17:31:01.719 WARN   Polyline: must contain at least 2 different points
2026-08-27 17:31:01.719 WARN   Polyline: must contain at least 2 different points
2026-08-27 17:31:01.719 WARN   Polyline: must contain at least 2 different points
2026-08-27 17:31:01.719 WARN   Polyline: must contain at least 2 different points
2026-08-27 17:31:01.720 WARN   Polyline: must contain at least 2 different points
2026-08-27 17:31:01.720 WARN   Polyline: must contain at least 2 different points
2026-08-27 17:31:01.720 WARN   Polyline: must contain at least 2 different points
2026-08-27 17:31:01.720 WARN   Polyline: must contain at least 2 different points
2026-08-27 17:31:01.720 WARN   Polyline: must contain at least 2 different points
2026-08-27 17:31:01.720 WARN   Polyline: must contain at least 2 different points
2026-08-27 17:31:01.721 WARN   Polyline: must contain at least 2 different points
2026-08-27 17:31:01.721 WARN   Polyline: must contain at least 2 different points
2026-08-27 17:31:01.721 WARN   Polyline: must contain at least 2 different points
2026-08-27 17:31:01.721 WARN   Polyline: must contain at least 2 different points
2026-08-27 17:31:01.721 WARN   Polyline: must contain at least 2 different points
2026-08-27 17:31:01.721 WARN   Polyline: must contain at least 2 different points
2026-08-27 17:31:01.722 WARN   Polyline: must contain at least 2 different points
2026-08-27 17:31:01.722 WARN   Polyline: must contain at least 2 different points
2026-08-27 17:31:01.722 WARN   Polyline: must contain at least 2 different points
2026-08-27 17:31:01.722 WARN   Polyline: must contain at least 2 different points
2026-08-27 17:31:01.722 WARN   Polyline: must contain at least 2 different points
2026-08-27 17:31:01.723 WARN   Polyline: must contain at least 2 different points
2026-08-27 17:31:01.723 WARN   Polyline: must contain at least 2 different points
2026-08-27 17:31:01.723 WARN   Polyline: must contain at least 2 different points
2026-08-27 17:31:01.723 WARN   Polyline: must contain at least 2 different points
2026-08-27 17:31:01.723 WARN   Polyline: must contain at least 2 different points
2026-08-27 17:31:01.723 WARN   Polyline: must contain at least 2 different points
2026-08-27 17:31:01.724 WARN   Polyline: must contain at least 2 different points
2026-08-27 17:31:01.724 WARN   Polyline: must contain at least 2 different points
2026-08-27 17:31:01.724 WARN   Polyline: must contain at least 2 different points
2026-08-27 17:31:01.724 WARN   Polyline: must contain at least 2 different points
2026-08-27 17:31:01.724 WARN   Polyline: must contain at least 2 different points
2026-08-27 17:31:01.724 WARN   Polyline: must contain at least 2 different points
2026-08-27 17:31:01.725 WARN   Polyline: must contain at least 2 different points
2026-08-27 17:31:01.725 WARN   Polyline: must contain at least 2 different points
2026-08-27 17:31:01.725 WARN   Polyline: must contain at least 2 different points
2026-08-27 17:31:01.725 WARN   Polyline: must contain at least 2 different points
2026-08-27 17:31:01.725 WARN   Polyline: must contain at least 2 different points
2026-08-27 17:31:01.725 WARN   Polyline: must contain at least 2 different points
2026-08-27 17:31:01.726 WARN   Polyline: must contain at least 2 different points
2026-08-27 17:31:01.726 WARN   Polyline: must contain at least 2 different points
2026-08-27 17:31:01.726 WARN   Polyline: must contain at least 2 different points
2026-08-27 17:31:01.726 WARN   Polyline: must contain at least 2 different points
2026-08-27 17:31:01.726 WARN   Polyline: must contain at least 2 different points
2026-08-27 17:31:01.726 WARN   Polyline: must contain at least 2 different points
2026-08-27 17:31:01.727 WARN   Polyline: must contain at least 2 different points
2026-08-27 17:31:01.727 WARN   Polyline: must contain at least 2 different points
2026-08-27 17:31:01.727 WARN   Polyline: must contain at least 2 different points
2026-08-27 17:31:01.727 WARN   Polyline: must contain at least 2 different points
2026-08-27 17:31:01.727 WARN   Polyline: must contain at least 2 different points
2026-08-27 17:31:01.727 WARN   Polyline: must contain at least 2 different points
2026-08-27 17:31:01.728 WARN   Polyline: must contain at least 2 different points
2026-08-27 17:31:01.728 WARN   Polyline: must contain at least 2 different points
2026-08-27 17:31:01.728 WARN   Polyline: must contain at least 2 different points
2026-08-27 17:31:01.728 WARN   Polyline: must contain at least 2 different points
2026-08-27 17:31:01.728 WARN   Polyline: must contain at least 2 different points
2026-08-27 17:31:01.729 WARN   Polyline: must contain at least 2 different points
2026-08-27 17:31:01.729 WARN   Polyline: must contain at least 2 different points
2026-08-27 17:31:01.729 WARN   Polyline: must contain at least 2 different points
2026-08-27 17:31:01.729 WARN   Polyline: must contain at least 2 different points
2026-08-27 17:31:01.729 WARN   Polyline: must contain at least 2 different points
2026-08-27 17:31:01.729 WARN   Polyline: must contain at least 2 different points
2026-08-27 17:31:01.730 WARN   Polyline: must contain at least 2 different points
2026-08-27 17:31:01.730 WARN   Polyline: must contain at least 2 different points
2026-08-27 17:31:01.730 WARN   Polyline: must contain at least 2 different points
2026-08-27 17:31:01.730 WARN   Polyline: must contain at least 2 different points
2026-08-27 17:31:01.730 WARN   Polyline: must contain at least 2 different points
2026-08-27 17:31:01.731 WARN   Polyline: must contain at least 2 different points
2026-08-27 17:31:01.731 WARN   Polyline: must contain at least 2 different points
2026-08-27 17:31:01.731 WARN   Polyline: must contain at least 2 different points
2026-08-27 17:31:01.731 WARN   Polyline: must contain at least 2 different points
2026-08-27 17:31:01.731 WARN   Polyline: must contain at least 2 different points
2026-08-27 17:31:01.731 WARN   Polyline: must contain at least 2 different points
2026-08-27 17:31:01.732 WARN   Polyline: must contain at least 2 different points
2026-08-27 17:31:01.732 WARN   Polyline: must contain at least 2 different points
2026-08-27 17:31:01.732 WARN   Polyline: must contain at least 2 different points
2026-08-27 17:31:01.732 WARN   Polyline: must contain at least 2 different points
2026-08-27 17:31:01.732 WARN   Polyline: must contain at least 2 different points
2026-08-27 17:31:01.732 WARN   Polyline: must contain at least 2 different points
2026-08-27 17:31:01.733 WARN   Polyline: must contain at least 2 different points
2026-08-27 17:31:01.733 WARN   Polyline: must contain at least 2 different points
2026-08-27 17:31:01.733 WARN   Polyline: must contain at least 2 different points
2026-08-27 17:31:01.733 WARN   Polyline: must contain at least 2 different points
2026-08-27 17:31:01.733 WARN   Polyline: must contain at least 2 different points
2026-08-27 17:31:01.733 WARN   Polyline: must contain at least 2 different points
2026-08-27 17:31:01.734 WARN   Polyline: must contain at least 2 different points
2026-08-27 17:31:01.734 WARN   Polyline: must contain at least 2 different points
2026-08-27 17:31:01.734 WARN   Polyline: must contain at least 2 different points
2026-08-27 17:31:01.734 WARN   Polyline: must contain at least 2 different points
2026-08-27 17:31:01.734 WARN   Polyline: must contain at least 2 different points
2026-08-27 17:31:01.735 WARN   Polyline: must contain at least 2 different points
2026-08-27 17:31:01.735 WARN   Polyline: must contain at least 2 different points
2026-08-27 17:31:01.735 WARN   Polyline: must contain at least 2 different points
2026-08-27 17:31:01.735 WARN   Polyline: must contain at least 2 different points
2026-08-27 17:31:01.735 WARN   Polyline: must contain at least 2 different points
2026-08-27 17:31:01.735 WARN   Polyline: must contain at least 2 different points
2026-08-27 17:31:01.736 WARN   Polyline: must contain at least 2 different points
2026-08-27 17:31:01.736 WARN   Polyline: must contain at least 2 different points
2026-08-27 17:31:01.736 WARN   Polyline: must contain at least 2 different points
2026-08-27 17:31:01.736 WARN   Polyline: must contain at least 2 different points
2026-08-27 17:31:01.736 WARN   Polyline: must contain at least 2 different points
2026-08-27 17:31:01.736 WARN   Polyline: must contain at least 2 different points
2026-08-27 17:31:01.737 WARN   Polyline: must contain at least 2 different points
2026-08-27 17:31:01.737 WARN   Polyline: must contain at least 2 different points
2026-08-27 17:31:01.737 WARN   Polyline: must contain at least 2 different points
2026-08-27 17:31:01.737 WARN   Polyline: must contain at least 2 different points
2026-08-27 17:31:01.737 WARN   Polyline: must contain at least 2 different points
2026-08-27 17:31:01.737 WARN   Polyline: must contain at least 2 different points
2026-08-27 17:31:01.738 WARN   Polyline: must contain at least 2 different points
2026-08-27 17:31:01.738 WARN   Polyline: must contain at least 2 different points
2026-08-27 17:31:01.738 WARN   Polyline: must contain at least 2 different points
2026-08-27 17:31:01.738 WARN   Polyline: must contain at least 2 different points
2026-08-27 17:31:01.738 WARN   Polyline: must contain at least 2 different points
2026-08-27 17:31:01.739 WARN   Polyline: must contain at least 2 different points
2026-08-27 17:31:01.739 WARN   Polyline: must contain at least 2 different points
2026-08-27 17:31:01.739 WARN   Polyline: must contain at least 2 different points
2026-08-27 17:31:01.739 WARN   Polyline: must contain at least 2 different points
2026-08-27 17:31:01.739 WARN   Polyline: must contain at least 2 different points
2026-08-27 17:31:01.739 WARN   Polyline: must contain at least 2 different points
2026-08-27 17:31:01.740 WARN   Polyline: must contain at least 2 different points
2026-08-27 17:31:01.740 WARN   Polyline: must contain at least 2 different points
2026-08-27 17:31:01.740 WARN   Polyline: must contain at least 2 different points
2026-08-27 17:31:01.740 WARN   Polyline: must contain at least 2 different points
2026-08-27 17:31:01.740 WARN   Polyline: must contain at least 2 different points
2026-08-27 17:31:01.740 WARN   Polyline: must contain at least 2 different points
2026-08-27 17:31:01.741 WARN   Polyline: must contain at least 2 different points
2026-08-27 17:31:01.741 WARN   Polyline: must contain at least 2 different points
2026-08-27 17:31:01.741 WARN   Polyline: must contain at least 2 different points
2026-08-27 17:31:01.741 WARN   Polyline: must contain at least 2 different points
2026-08-27 17:31:01.741 WARN   Polyline: must contain at least 2 different points
2026-08-27 17:31:01.741 WARN   Polyline: must contain at least 2 different points
2026-08-27 17:31:01.742 WARN   Polyline: must contain at least 2 different points
2026-08-27 17:31:01.742 WARN   Polyline: must contain at least 2 different points
2026-08-27 17:31:01.742 WARN   Polyline: must contain at least 2 different points
2026-08-27 17:31:01.742 WARN   Polyline: must contain at least 2 different points
2026-08-27 17:31:01.742 WARN   Polyline: must contain at least 2 different points
2026-08-27 17:31:01.743 WARN   Polyline: must contain at least 2 different points
2026-08-27 17:31:01.743 WARN   Polyline: must contain at least 2 different points
2026-08-27 17:31:01.743 WARN   Polyline: must contain at least 2 different points
2026-08-27 17:31:01.743 WARN   Polyline: must contain at least 2 different points
2026-08-27 17:31:01.743 WARN   Polyline: must contain at least 2 different points
2026-08-27 17:31:01.743 WARN   Polyline: must contain at least 2 different points
2026-08-27 17:31:01.744 WARN   Polyline: must contain at least 2 different points
2026-08-27 17:31:01.744 WARN   Polyline: must contain at least 2 different points
2026-08-27 17:31:01.744 WARN   Polyline: must contain at least 2 different points
2026-08-27 17:31:01.744 WARN   Polyline: must contain at least 2 different points
2026-08-27 17:31:01.744 WARN   Polyline: must contain at least 2 different points
2026-08-27 17:31:01.744 WARN   Polyline: must contain at least 2 different points
2026-08-27 17:31:01.745 WARN   Polyline: must contain at least 2 different points
2026-08-27 17:31:01.745 WARN   Polyline: must contain at least 2 different points
2026-08-27 17:31:01.745 WARN   Polyline: must contain at least 2 different points
2026-08-27 17:31:01.745 WARN   Polyline: must contain at least 2 different points
2026-08-27 17:31:01.745 WARN   Polyline: must contain at least 2 different points
2026-08-27 17:31:01.745 WARN   Polyline: must contain at least 2 different points
2026-08-27 17:31:01.746 WARN   Polyline: must contain at least 2 different points
2026-08-27 17:31:01.746 WARN   Polyline: must contain at least 2 different points
2026-08-27 17:31:01.746 WARN   Polyline: must contain at least 2 different points
2026-08-27 17:31:01.746 WARN   Polyline: must contain at least 2 different points
2026-08-27 17:31:01.746 WARN   Polyline: must contain at least 2 different points
2026-08-27 17:31:01.747 WARN   Polyline: must contain at least 2 different points
2026-08-27 17:31:01.747 WARN   Polyline: must contain at least 2 different points
2026-08-27 17:31:01.747 WARN   Polyline: must contain at least 2 different points
2026-08-27 17:31:01.747 WARN   Polyline: must contain at least 2 different points
2026-08-27 17:31:01.747 WARN   Polyline: must contain at least 2 different points
2026-08-27 17:31:01.747 WARN   Polyline: must contain at least 2 different points
2026-08-27 17:31:01.748 WARN   Polyline: must contain at least 2 different points
2026-08-27 17:31:01.748 WARN   Polyline: must contain at least 2 different points
2026-08-27 17:31:01.748 WARN   Polyline: must contain at least 2 different points
2026-08-27 17:31:01.748 WARN   Polyline: must contain at least 2 different points
2026-08-27 17:31:01.748 WARN   Polyline: must contain at least 2 different points
2026-08-27 17:31:01.748 WARN   Polyline: must contain at least 2 different points
2026-08-27 17:31:01.749 WARN   Polyline: must contain at least 2 different points
2026-08-27 17:31:01.749 WARN   Polyline: must contain at least 2 different points
2026-08-27 17:31:01.749 WARN   Polyline: must contain at least 2 different points
2026-08-27 17:31:01.749 WARN   Polyline: must contain at least 2 different points
2026-08-27 17:31:01.749 WARN   Polyline: must contain at least 2 different points
2026-08-27 17:31:01.750 WARN   Polyline: must contain at least 2 different points
2026-08-27 17:31:01.750 WARN   Polyline: must contain at least 2 different points
2026-08-27 17:31:01.750 WARN   Polyline: must contain at least 2 different points
2026-08-27 17:31:01.750 WARN   Polyline: must contain at least 2 different points
2026-08-27 17:31:01.750 WARN   Polyline: must contain at least 2 different points
2026-08-27 17:31:01.750 WARN   Polyline: must contain at least 2 different points
2026-08-27 17:31:01.751 WARN   Polyline: must contain at least 2 different points
2026-08-27 17:31:01.751 WARN   Polyline: must contain at least 2 different points
2026-08-27 17:31:01.751 WARN   Polyline: must contain at least 2 different points
2026-08-27 17:31:01.751 WARN   Polyline: must contain at least 2 different points
2026-08-27 17:31:01.751 WARN   Polyline: must contain at least 2 different points
2026-08-27 17:31:01.751 WARN   Polyline: must contain at least 2 different points
2026-08-27 17:31:01.752 WARN   Polyline: must contain at least 2 different points
2026-08-27 17:31:01.752 WARN   Polyline: must contain at least 2 different points
2026-08-27 17:31:01.752 WARN   Polyline: must contain at least 2 different points
2026-08-27 17:31:01.752 WARN   Polyline: must contain at least 2 different points
2026-08-27 17:31:01.752 WARN   Polyline: must contain at least 2 different points
2026-08-27 17:31:01.752 WARN   Polyline: must contain at least 2 different points
2026-08-27 17:31:01.753 WARN   Polyline: must contain at least 2 different points
2026-08-27 17:31:01.753 WARN   Polyline: must contain at least 2 different points
2026-08-27 17:31:01.753 WARN   Polyline: must contain at least 2 different points
2026-08-27 17:31:01.753 WARN   Polyline: must contain at least 2 different points
2026-08-27 17:31:01.753 WARN   Polyline: must contain at least 2 different points
2026-08-27 17:31:01.754 WARN   Polyline: must contain at least 2 different points
2026-08-27 17:31:01.754 WARN   Polyline: must contain at least 2 different points
2026-08-27 17:31:01.754 WARN   Polyline: must contain at least 2 different points
2026-08-27 17:31:01.754 WARN   Polyline: must contain at least 2 different points
2026-08-27 17:31:01.754 WARN   Polyline: must contain at least 2 different points
2026-08-27 17:31:01.754 WARN   Polyline: must contain at least 2 different points
2026-08-27 17:31:01.755 WARN   Polyline: must contain at least 2 different points
2026-08-27 17:31:01.755 WARN   Polyline: must contain at least 2 different points
2026-08-27 17:31:01.755 WARN   Polyline: must contain at least 2 different points
2026-08-27 17:31:01.755 WARN   Polyline: must contain at least 2 different points
2026-08-27 17:31:01.755 WARN   Polyline: must contain at least 2 different points
2026-08-27 17:31:01.755 WARN   Polyline: must contain at least 2 different points
2026-08-27 17:31:01.756 WARN   Polyline: must contain at least 2 different points
2026-08-27 17:31:01.756 WARN   Polyline: must contain at least 2 different points
2026-08-27 17:31:01.756 WARN   Polyline: must contain at least 2 different points
2026-08-27 17:31:01.756 WARN   Polyline: must contain at least 2 different points
2026-08-27 17:31:01.756 WARN   Polyline: must contain at least 2 different points
2026-08-27 17:31:01.757 WARN   Polyline: must contain at least 2 different points
2026-08-27 17:31:01.757 WARN   Polyline: must contain at least 2 different points
2026-08-27 17:31:01.757 WARN   Polyline: must contain at least 2 different points
2026-08-27 17:31:01.757 WARN   Polyline: must contain at least 2 different points
2026-08-27 17:31:01.757 WARN   Polyline: must contain at least 2 different points
2026-08-27 17:31:01.758 WARN   Polyline: must contain at least 2 different points
2026-08-27 17:31:01.758 WARN   Polyline: must contain at least 2 different points
2026-08-27 17:31:01.758 WARN   Polyline: must contain at least 2 different points
2026-08-27 17:31:01.758 WARN   Polyline: must contain at least 2 different points
2026-08-27 17:31:01.758 WARN   Polyline: must contain at least 2 different points
2026-08-27 17:31:01.759 WARN   Polyline: must contain at least 2 different points
2026-08-27 17:31:01.759 WARN   Polyline: must contain at least 2 different points
2026-08-27 17:31:01.759 WARN   Polyline: must contain at least 2 different points
2026-08-27 17:31:01.759 WARN   Polyline: must contain at least 2 different points
2026-08-27 17:31:01.759 WARN   Polyline: must contain at least 2 different points
2026-08-27 17:31:01.760 WARN   Polyline: must contain at least 2 different points
2026-08-27 17:31:01.760 WARN   Polyline: must contain at least 2 different points
2026-08-27 17:31:01.760 WARN   Polyline: must contain at least 2 different points
2026-08-27 17:31:01.760 WARN   Polyline: must contain at least 2 different points
2026-08-27 17:31:01.760 WARN   Polyline: must contain at least 2 different points
2026-08-27 17:31:01.761 WARN   Polyline: must contain at least 2 different points
2026-08-27 17:31:01.761 WARN   Polyline: must contain at least 2 different points
2026-08-27 17:31:01.761 WARN   Polyline: must contain at least 2 different points
2026-08-27 17:31:01.761 WARN   Polyline: must contain at least 2 different points
2026-08-27 17:31:01.761 WARN   Polyline: must contain at least 2 different points
2026-08-27 17:31:01.762 WARN   Polyline: must contain at least 2 different points
2026-08-27 17:31:01.762 WARN   Polyline: must contain at least 2 different points
2026-08-27 17:31:01.762 WARN   Polyline: must contain at least 2 different points
2026-08-27 17:31:01.762 WARN   Polyline: must contain at least 2 different points
2026-08-27 17:31:01.762 WARN   Polyline: must contain at least 2 different points
2026-08-27 17:31:01.762 WARN   Polyline: must contain at least 2 different points
2026-08-27 17:31:01.763 WARN   Polyline: must contain at least 2 different points
2026-08-27 17:31:01.763 WARN   Polyline: must contain at least 2 different points
2026-08-27 17:31:01.763 WARN   Polyline: must contain at least 2 different points
2026-08-27 17:31:01.763 WARN   Polyline: must contain at least 2 different points
2026-08-27 17:31:01.763 WARN   Polyline: must contain at least 2 different points
2026-08-27 17:31:01.764 WARN   Polyline: must contain at least 2 different points
2026-08-27 17:31:01.764 WARN   Polyline: must contain at least 2 different points
2026-08-27 17:31:01.764 WARN   Polyline: must contain at least 2 different points
2026-08-27 17:31:01.764 WARN   Polyline: must contain at least 2 different points
2026-08-27 17:31:01.764 WARN   Polyline: must contain at least 2 different points
2026-08-27 17:31:01.764 WARN   Polyline: must contain at least 2 different points
2026-08-27 17:31:01.765 WARN   Polyline: must contain at least 2 different points
2026-08-27 17:31:01.765 WARN   Polyline: must contain at least 2 different points
2026-08-27 17:31:01.765 WARN   Polyline: must contain at least 2 different points
2026-08-27 17:31:01.765 WARN   Polyline: must contain at least 2 different points
2026-08-27 17:31:01.765 WARN   Polyline: must contain at least 2 different points
2026-08-27 17:31:01.766 WARN   Polyline: must contain at least 2 different points
2026-08-27 17:31:01.766 WARN   Polyline: must contain at least 2 different points
2026-08-27 17:31:01.766 WARN   Polyline: must contain at least 2 different points
2026-08-27 17:31:01.766 WARN   Polyline: must contain at least 2 different points
2026-08-27 17:31:01.766 WARN   Polyline: must contain at least 2 different points
2026-08-27 17:31:01.766 WARN   Polyline: must contain at least 2 different points
2026-08-27 17:31:01.767 WARN   Polyline: must contain at least 2 different points
2026-08-27 17:31:01.767 WARN   Polyline: must contain at least 2 different points
2026-08-27 17:31:01.767 WARN   Polyline: must contain at least 2 different points
2026-08-27 17:31:01.767 WARN   Polyline: must contain at least 2 different points
2026-08-27 17:31:01.767 WARN   Polyline: must contain at least 2 different points
2026-08-27 17:31:01.768 WARN   Polyline: must contain at least 2 different points
2026-08-27 17:31:01.768 WARN   Polyline: must contain at least 2 different points
2026-08-27 17:31:01.768 WARN   Polyline: must contain at least 2 different points
2026-08-27 17:31:01.768 WARN   Polyline: must contain at least 2 different points
2026-08-27 17:31:01.768 WARN   Polyline: must contain at least 2 different points
2026-08-27 17:31:01.769 WARN   Polyline: must contain at least 2 different points
2026-08-27 17:31:01.769 WARN   Polyline: must contain at least 2 different points
2026-08-27 17:31:01.769 WARN   Polyline: must contain at least 2 different points
2026-08-27 17:31:01.769 WARN   Polyline: must contain at least 2 different points
2026-08-27 17:31:01.769 WARN   Polyline: must contain at least 2 different points
2026-08-27 17:31:01.769 WARN   Polyline: must contain at least 2 different points
2026-08-27 17:31:01.770 WARN   Polyline: must contain at least 2 different points
2026-08-27 17:31:01.770 WARN   Polyline: must contain at least 2 different points
2026-08-27 17:31:01.770 WARN   Polyline: must contain at least 2 different points
2026-08-27 17:31:01.770 WARN   Polyline: must contain at least 2 different points
2026-08-27 17:31:01.770 WARN   Polyline: must contain at least 2 different points
2026-08-27 17:31:01.771 WARN   Polyline: must contain at least 2 different points
2026-08-27 17:31:01.771 WARN   Polyline: must contain at least 2 different points
2026-08-27 17:31:01.771 WARN   Polyline: must contain at least 2 different points
2026-08-27 17:31:01.771 WARN   Polyline: must contain at least 2 different points
2026-08-27 17:31:01.771 WARN   Polyline: must contain at least 2 different points
2026-08-27 17:31:01.772 WARN   Polyline: must contain at least 2 different points
2026-08-27 17:31:01.772 WARN   Polyline: must contain at least 2 different points
2026-08-27 17:31:01.772 WARN   Polyline: must contain at least 2 different points
2026-08-27 17:31:01.772 WARN   Polyline: must contain at least 2 different points
2026-08-27 17:31:01.772 WARN   Polyline: must contain at least 2 different points
2026-08-27 17:31:01.772 WARN   Polyline: must contain at least 2 different points
2026-08-27 17:31:01.773 WARN   Polyline: must contain at least 2 different points
2026-08-27 17:31:01.773 WARN   Polyline: must contain at least 2 different points
2026-08-27 17:31:01.773 WARN   Polyline: must contain at least 2 different points
2026-08-27 17:31:01.773 WARN   Polyline: must contain at least 2 different points
2026-08-27 17:31:01.773 WARN   Polyline: must contain at least 2 different points
2026-08-27 17:31:01.773 WARN   Polyline: must contain at least 2 different points
2026-08-27 17:31:01.774 WARN   Polyline: must contain at least 2 different points
2026-08-27 17:31:01.774 WARN   Polyline: must contain at least 2 different points
2026-08-27 17:31:01.774 WARN   Polyline: must contain at least 2 different points
2026-08-27 17:31:01.774 WARN   Polyline: must contain at least 2 different points
2026-08-27 17:31:01.774 WARN   Polyline: must contain at least 2 different points
2026-08-27 17:31:01.775 WARN   Polyline: must contain at least 2 different points
2026-08-27 17:31:01.775 WARN   Polyline: must contain at least 2 different points
2026-08-27 17:31:01.775 WARN   Polyline: must contain at least 2 different points
2026-08-27 17:31:01.775 WARN   Polyline: must contain at least 2 different points
2026-08-27 17:31:01.775 WARN   Polyline: must contain at least 2 different points
2026-08-27 17:31:01.775 WARN   Polyline: must contain at least 2 different points
2026-08-27 17:31:01.775 WARN   Polyline: must contain at least 2 different points
2026-08-27 17:31:01.776 WARN   Polyline: must contain at least 2 different points
2026-08-27 17:31:01.776 WARN   Polyline: must contain at least 2 different points
2026-08-27 17:31:01.776 WARN   Polyline: must contain at least 2 different points
2026-08-27 17:31:01.776 WARN   Polyline: must contain at least 2 different points
2026-08-27 17:31:01.776 WARN   Polyline: must contain at least 2 different points
2026-08-27 17:31:01.777 WARN   Polyline: must contain at least 2 different points
2026-08-27 17:31:01.777 WARN   Polyline: must contain at least 2 different points
2026-08-27 17:31:01.777 WARN   Polyline: must contain at least 2 different points
2026-08-27 17:31:01.777 WARN   Polyline: must contain at least 2 different points
2026-08-27 17:31:01.777 WARN   Polyline: must contain at least 2 different points
2026-08-27 17:31:01.777 WARN   Polyline: must contain at least 2 different points
2026-08-27 17:31:01.778 WARN   Polyline: must contain at least 2 different points
2026-08-27 17:31:01.778 WARN   Polyline: must contain at least 2 different points
2026-08-27 17:31:01.778 WARN   Polyline: must contain at least 2 different points
2026-08-27 17:31:01.778 WARN   Polyline: must contain at least 2 different points
2026-08-27 17:31:01.778 WARN   Polyline: must contain at least 2 different points
2026-08-27 17:31:01.779 WARN   Polyline: must contain at least 2 different points
2026-08-27 17:31:01.779 WARN   Polyline: must contain at least 2 different points
2026-08-27 17:31:01.779 WARN   Polyline: must contain at least 2 different points
2026-08-27 17:31:01.779 WARN   Polyline: must contain at least 2 different points
2026-08-27 17:31:01.779 WARN   Polyline: must contain at least 2 different points
2026-08-27 17:31:01.779 WARN   Polyline: must contain at least 2 different points
2026-08-27 17:31:01.780 WARN   Polyline: must contain at least 2 different points
2026-08-27 17:31:01.780 WARN   Polyline: must contain at least 2 different points
2026-08-27 17:31:01.780 WARN   Polyline: must contain at least 2 different points
2026-08-27 17:31:01.780 WARN   Polyline: must contain at least 2 different points
2026-08-27 17:31:01.780 WARN   Polyline: must contain at least 2 different points
2026-08-27 17:31:01.783 WARN   Polyline: must contain at least 2 different points
2026-08-27 17:31:01.784 WARN   Polyline: must contain at least 2 different points
2026-08-27 17:31:01.784 WARN   Polyline: must contain at least 2 different points
2026-08-27 17:31:01.784 WARN   Polyline: must contain at least 2 different points
2026-08-27 17:31:01.784 WARN   Polyline: must contain at least 2 different points
2026-08-27 17:31:01.784 WARN   Polyline: must contain at least 2 different points
2026-08-27 17:31:01.784 WARN   Polyline: must contain at least 2 different points
2026-08-27 17:31:01.785 WARN   Polyline: must contain at least 2 different points
2026-08-27 17:31:01.785 WARN   Polyline: must contain at least 2 different points
2026-08-27 17:31:01.785 WARN   Polyline: must contain at least 2 different points
2026-08-27 17:31:01.785 WARN   Polyline: must contain at least 2 different points
2026-08-27 17:31:01.785 WARN   Polyline: must contain at least 2 different points
2026-08-27 17:31:01.786 WARN   Polyline: must contain at least 2 different points
2026-08-27 17:31:01.786 WARN   Polyline: must contain at least 2 different points
2026-08-27 17:31:01.786 WARN   Polyline: must contain at least 2 different points
2026-08-27 17:31:01.786 WARN   Polyline: must contain at least 2 different points
2026-08-27 17:31:01.786 WARN   Polyline: must contain at least 2 different points
2026-08-27 17:31:01.787 WARN   Polyline: must contain at least 2 different points
2026-08-27 17:31:01.787 WARN   Polyline: must contain at least 2 different points
2026-08-27 17:31:01.787 WARN   Polyline: must contain at least 2 different points
2026-08-27 17:31:01.787 WARN   Polyline: must contain at least 2 different points
2026-08-27 17:31:01.787 WARN   Polyline: must contain at least 2 different points
2026-08-27 17:31:01.787 WARN   Polyline: must contain at least 2 different points
2026-08-27 17:31:01.788 WARN   Polyline: must contain at least 2 different points
2026-08-27 17:31:01.788 WARN   Polyline: must contain at least 2 different points
2026-08-27 17:31:01.788 WARN   Polyline: must contain at least 2 different points
2026-08-27 17:31:01.788 WARN   Polyline: must contain at least 2 different points
2026-08-27 17:31:01.788 WARN   Polyline: must contain at least 2 different points
2026-08-27 17:31:01.788 WARN   Polyline: must contain at least 2 different points
2026-08-27 17:31:01.789 WARN   Polyline: must contain at least 2 different points
2026-08-27 17:31:01.789 WARN   Polyline: must contain at least 2 different points
2026-08-27 17:31:01.789 WARN   Polyline: must contain at least 2 different points
2026-08-27 17:31:01.789 WARN   Polyline: must contain at least 2 different points
2026-08-27 17:31:01.789 WARN   Polyline: must contain at least 2 different points
2026-08-27 17:31:01.790 WARN   Polyline: must contain at least 2 different points
2026-08-27 17:31:01.790 WARN   Polyline: must contain at least 2 different points
2026-08-27 17:31:01.790 WARN   Polyline: must contain at least 2 different points
2026-08-27 17:31:01.790 WARN   Polyline: must contain at least 2 different points
2026-08-27 17:31:01.790 WARN   Polyline: must contain at least 2 different points
2026-08-27 17:31:01.790 WARN   Polyline: must contain at least 2 different points
2026-08-27 17:31:01.791 WARN   Polyline: must contain at least 2 different points
2026-08-27 17:31:01.791 WARN   Polyline: must contain at least 2 different points
2026-08-27 17:31:01.791 WARN   Polyline: must contain at least 2 different points
2026-08-27 17:31:01.791 WARN   Polyline: must contain at least 2 different points
2026-08-27 17:31:01.791 WARN   Polyline: must contain at least 2 different points
2026-08-27 17:31:01.792 WARN   Polyline: must contain at least 2 different points
2026-08-27 17:31:01.792 WARN   Polyline: must contain at least 2 different points
2026-08-27 17:31:01.792 WARN   Polyline: must contain at least 2 different points
2026-08-27 17:31:01.792 WARN   Polyline: must contain at least 2 different points
2026-08-27 17:31:01.792 WARN   Polyline: must contain at least 2 different points
2026-08-27 17:31:01.792 WARN   Polyline: must contain at least 2 different points
2026-08-27 17:31:01.793 WARN   Polyline: must contain at least 2 different points
2026-08-27 17:31:01.793 WARN   Polyline: must contain at least 2 different points
2026-08-27 17:31:01.793 WARN   Polyline: must contain at least 2 different points
2026-08-27 17:31:01.793 WARN   Polyline: must contain at least 2 different points
2026-08-27 17:31:01.793 WARN   Polyline: must contain at least 2 different points
2026-08-27 17:31:01.793 WARN   Polyline: must contain at least 2 different points
2026-08-27 17:31:01.794 WARN   Polyline: must contain at least 2 different points
2026-08-27 17:31:01.794 WARN   Polyline: must contain at least 2 different points
2026-08-27 17:31:01.794 WARN   Polyline: must contain at least 2 different points
2026-08-27 17:31:01.794 WARN   Polyline: must contain at least 2 different points
2026-08-27 17:31:01.794 WARN   Polyline: must contain at least 2 different points
2026-08-27 17:31:01.795 WARN   Polyline: must contain at least 2 different points
2026-08-27 17:31:01.795 WARN   Polyline: must contain at least 2 different points
2026-08-27 17:31:01.795 WARN   Polyline: must contain at least 2 different points
2026-08-27 17:31:01.795 WARN   Polyline: must contain at least 2 different points
2026-08-27 17:31:01.795 WARN   Polyline: must contain at least 2 different points
2026-08-27 17:31:01.795 WARN   Polyline: must contain at least 2 different points
2026-08-27 17:31:01.796 WARN   Polyline: must contain at least 2 different points
2026-08-27 17:31:01.796 WARN   Polyline: must contain at least 2 different points
2026-08-27 17:31:01.796 WARN   Polyline: must contain at least 2 different points
2026-08-27 17:31:01.796 WARN   Polyline: must contain at least 2 different points
2026-08-27 17:31:01.796 WARN   Polyline: must contain at least 2 different points
2026-08-27 17:31:01.797 WARN   Polyline: must contain at least 2 different points
2026-08-27 17:31:01.797 WARN   Polyline: must contain at least 2 different points
2026-08-27 17:31:01.797 WARN   Polyline: must contain at least 2 different points
2026-08-27 17:31:01.797 WARN   Polyline: must contain at least 2 different points
2026-08-27 17:31:01.797 WARN   Polyline: must contain at least 2 different points
2026-08-27 17:31:01.798 WARN   Polyline: must contain at least 2 different points
2026-08-27 17:31:01.798 WARN   Polyline: must contain at least 2 different points
2026-08-27 17:31:01.798 WARN   Polyline: must contain at least 2 different points
2026-08-27 17:31:01.798 WARN   Polyline: must contain at least 2 different points
2026-08-27 17:31:01.798 WARN   Polyline: must contain at least 2 different points
2026-08-27 17:31:01.798 WARN   Polyline: must contain at least 2 different points
2026-08-27 17:31:01.799 WARN   Polyline: must contain at least 2 different points
2026-08-27 17:31:01.799 WARN   Polyline: must contain at least 2 different points
2026-08-27 17:31:01.799 WARN   Polyline: must contain at least 2 different points
2026-08-27 17:31:01.799 WARN   Polyline: must contain at least 2 different points
2026-08-27 17:31:01.799 WARN   Polyline: must contain at least 2 different points
2026-08-27 17:31:01.799 WARN   Polyline: must contain at least 2 different points
2026-08-27 17:31:01.800 WARN   Polyline: must contain at least 2 different points
2026-08-27 17:31:01.800 WARN   Polyline: must contain at least 2 different points
2026-08-27 17:31:01.800 WARN   Polyline: must contain at least 2 different points
2026-08-27 17:31:01.800 WARN   Polyline: must contain at least 2 different points
2026-08-27 17:31:01.800 WARN   Polyline: must contain at least 2 different points
2026-08-27 17:31:01.800 WARN   Polyline: must contain at least 2 different points
2026-08-27 17:31:01.801 WARN   Polyline: must contain at least 2 different points
2026-08-27 17:31:01.801 WARN   Polyline: must contain at least 2 different points
2026-08-27 17:31:01.801 WARN   Polyline: must contain at least 2 different points
2026-08-27 17:31:01.801 WARN   Polyline: must contain at least 2 different points
2026-08-27 17:31:01.801 WARN   Polyline: must contain at least 2 different points
2026-08-27 17:31:01.802 WARN   Polyline: must contain at least 2 different points
2026-08-27 17:31:01.802 WARN   Polyline: must contain at least 2 different points
2026-08-27 17:31:01.802 WARN   Polyline: must contain at least 2 different points
2026-08-27 17:31:01.802 WARN   Polyline: must contain at least 2 different points
2026-08-27 17:31:01.802 WARN   Polyline: must contain at least 2 different points
2026-08-27 17:31:01.802 WARN   Polyline: must contain at least 2 different points
2026-08-27 17:31:01.803 WARN   Polyline: must contain at least 2 different points
2026-08-27 17:31:01.803 WARN   Polyline: must contain at least 2 different points
2026-08-27 17:31:01.803 WARN   Polyline: must contain at least 2 different points
2026-08-27 17:31:01.803 WARN   Polyline: must contain at least 2 different points
2026-08-27 17:31:01.803 WARN   Polyline: must contain at least 2 different points
2026-08-27 17:31:01.803 WARN   Polyline: must contain at least 2 different points
2026-08-27 17:31:01.804 WARN   Polyline: must contain at least 2 different points
2026-08-27 17:31:01.804 WARN   Polyline: must contain at least 2 different points
2026-08-27 17:31:01.804 WARN   Polyline: must contain at least 2 different points
2026-08-27 17:31:01.804 WARN   Polyline: must contain at least 2 different points
2026-08-27 17:31:01.804 WARN   Polyline: must contain at least 2 different points
2026-08-27 17:31:01.805 WARN   Polyline: must contain at least 2 different points
2026-08-27 17:31:01.805 WARN   Polyline: must contain at least 2 different points
2026-08-27 17:31:01.805 WARN   Polyline: must contain at least 2 different points
2026-08-27 17:31:01.805 WARN   Polyline: must contain at least 2 different points
2026-08-27 17:31:01.805 WARN   Polyline: must contain at least 2 different points
2026-08-27 17:31:01.805 WARN   Polyline: must contain at least 2 different points
2026-08-27 17:31:01.806 WARN   Polyline: must contain at least 2 different points
2026-08-27 17:31:01.806 WARN   Polyline: must contain at least 2 different points
2026-08-27 17:31:01.806 WARN   Polyline: must contain at least 2 different points
2026-08-27 17:31:01.806 WARN   Polyline: must contain at least 2 different points
2026-08-27 17:31:01.806 WARN   Polyline: must contain at least 2 different points
2026-08-27 17:31:01.806 WARN   Polyline: must contain at least 2 different points
2026-08-27 17:31:01.807 WARN   Polyline: must contain at least 2 different points
2026-08-27 17:31:01.807 WARN   Polyline: must contain at least 2 different points
2026-08-27 17:31:01.807 WARN   Polyline: must contain at least 2 different points
2026-08-27 17:31:01.807 WARN   Polyline: must contain at least 2 different points
2026-08-27 17:31:01.807 WARN   Polyline: must contain at least 2 different points
2026-08-27 17:31:01.808 WARN   Polyline: must contain at least 2 different points
2026-08-27 17:31:01.808 WARN   Polyline: must contain at least 2 different points
2026-08-27 17:31:01.808 WARN   Polyline: must contain at least 2 different points
2026-08-27 17:31:01.808 WARN   Polyline: must contain at least 2 different points
2026-08-27 17:31:01.808 WARN   Polyline: must contain at least 2 different points
2026-08-27 17:31:01.808 WARN   Polyline: must contain at least 2 different points
2026-08-27 17:31:01.809 WARN   Polyline: must contain at least 2 different points
2026-08-27 17:31:01.809 WARN   Polyline: must contain at least 2 different points
2026-08-27 17:31:01.809 WARN   Polyline: must contain at least 2 different points
2026-08-27 17:31:01.809 WARN   Polyline: must contain at least 2 different points
2026-08-27 17:31:01.809 WARN   Polyline: must contain at least 2 different points
2026-08-27 17:31:01.810 WARN   Polyline: must contain at least 2 different points
2026-08-27 17:31:01.810 WARN   Polyline: must contain at least 2 different points
2026-08-27 17:31:01.810 WARN   Polyline: must contain at least 2 different points
2026-08-27 17:31:01.810 WARN   Polyline: must contain at least 2 different points
2026-08-27 17:31:01.810 WARN   Polyline: must contain at least 2 different points
2026-08-27 17:31:01.810 WARN   Polyline: must contain at least 2 different points
2026-08-27 17:31:01.811 WARN   Polyline: must contain at least 2 different points
2026-08-27 17:31:01.811 WARN   Polyline: must contain at least 2 different points
2026-08-27 17:31:01.811 WARN   Polyline: must contain at least 2 different points
2026-08-27 17:31:01.811 WARN   Polyline: must contain at least 2 different points
2026-08-27 17:31:01.811 WARN   Polyline: must contain at least 2 different points
2026-08-27 17:31:01.812 WARN   Polyline: must contain at least 2 different points
2026-08-27 17:31:01.812 WARN   Polyline: must contain at least 2 different points
2026-08-27 17:31:01.812 WARN   Polyline: must contain at least 2 different points
2026-08-27 17:31:01.812 WARN   Polyline: must contain at least 2 different points
2026-08-27 17:31:01.812 WARN   Polyline: must contain at least 2 different points
2026-08-27 17:31:01.812 WARN   Polyline: must contain at least 2 different points
2026-08-27 17:31:01.813 WARN   Polyline: must contain at least 2 different points
2026-08-27 17:31:01.813 WARN   Polyline: must contain at least 2 different points
2026-08-27 17:31:01.813 WARN   Polyline: must contain at least 2 different points
2026-08-27 17:31:01.813 WARN   Polyline: must contain at least 2 different points
2026-08-27 17:31:01.813 WARN   Polyline: must contain at least 2 different points
2026-08-27 17:31:01.813 WARN   Polyline: must contain at least 2 different points
2026-08-27 17:31:01.814 WARN   Polyline: must contain at least 2 different points
2026-08-27 17:31:01.814 WARN   Polyline: must contain at least 2 different points
2026-08-27 17:31:01.814 WARN   Polyline: must contain at least 2 different points
2026-08-27 17:31:01.814 WARN   Polyline: must contain at least 2 different points
2026-08-27 17:31:01.814 WARN   Polyline: must contain at least 2 different points
2026-08-27 17:31:01.814 WARN   Polyline: must contain at least 2 different points
2026-08-27 17:31:01.815 WARN   Polyline: must contain at least 2 different points
2026-08-27 17:31:01.815 WARN   Polyline: must contain at least 2 different points
2026-08-27 17:31:01.815 WARN   Polyline: must contain at least 2 different points
2026-08-27 17:31:01.815 WARN   Polyline: must contain at least 2 different points
2026-08-27 17:31:01.815 WARN   Polyline: must contain at least 2 different points
2026-08-27 17:31:01.816 WARN   Polyline: must contain at least 2 different points
2026-08-27 17:31:01.816 WARN   Polyline: must contain at least 2 different points
2026-08-27 17:31:01.816 WARN   Polyline: must contain at least 2 different points
2026-08-27 17:31:01.816 WARN   Polyline: must contain at least 2 different points
2026-08-27 17:31:01.816 WARN   Polyline: must contain at least 2 different points
2026-08-27 17:31:01.816 WARN   Polyline: must contain at least 2 different points
2026-08-27 17:31:01.817 WARN   Polyline: must contain at least 2 different points
2026-08-27 17:31:01.817 WARN   Polyline: must contain at least 2 different points
2026-08-27 17:31:01.817 WARN   Polyline: must contain at least 2 different points
2026-08-27 17:31:01.817 WARN   Polyline: must contain at least 2 different points
2026-08-27 17:31:01.817 WARN   Polyline: must contain at least 2 different points
2026-08-27 17:31:01.817 WARN   Polyline: must contain at least 2 different points
2026-08-27 17:31:01.818 WARN   Polyline: must contain at least 2 different points
2026-08-27 17:31:01.818 WARN   Polyline: must contain at least 2 different points
2026-08-27 17:31:01.818 WARN   Polyline: must contain at least 2 different points
2026-08-27 17:31:01.818 WARN   Polyline: must contain at least 2 different points
2026-08-27 17:31:01.818 WARN   Polyline: must contain at least 2 different points
2026-08-27 17:31:01.818 WARN   Polyline: must contain at least 2 different points
2026-08-27 17:31:01.819 WARN   Polyline: must contain at least 2 different points
2026-08-27 17:31:01.819 WARN   Polyline: must contain at least 2 different points
2026-08-27 17:31:01.819 WARN   Polyline: must contain at least 2 different points
2026-08-27 17:31:01.819 WARN   Polyline: must contain at least 2 different points
2026-08-27 17:31:01.819 WARN   Polyline: must contain at least 2 different points
2026-08-27 17:31:01.819 WARN   Polyline: must contain at least 2 different points
2026-08-27 17:31:01.820 WARN   Polyline: must contain at least 2 different points
2026-08-27 17:31:01.820 WARN   Polyline: must contain at least 2 different points
2026-08-27 17:31:01.820 WARN   Polyline: must contain at least 2 different points
2026-08-27 17:31:01.820 WARN   Polyline: must contain at least 2 different points
2026-08-27 17:31:01.820 WARN   Polyline: must contain at least 2 different points
2026-08-27 17:31:01.820 WARN   Polyline: must contain at least 2 different points
2026-08-27 17:31:01.821 WARN   Polyline: must contain at least 2 different points
2026-08-27 17:31:01.821 WARN   Polyline: must contain at least 2 different points
2026-08-27 17:31:01.821 WARN   Polyline: must contain at least 2 different points
2026-08-27 17:31:01.821 WARN   Polyline: must contain at least 2 different points
2026-08-27 17:31:01.821 WARN   Polyline: must contain at least 2 different points
2026-08-27 17:31:01.821 WARN   Polyline: must contain at least 2 different points
2026-08-27 17:31:01.822 WARN   Polyline: must contain at least 2 different points
2026-08-27 17:31:01.822 WARN   Polyline: must contain at least 2 different points
2026-08-27 17:31:01.822 WARN   Polyline: must contain at least 2 different points
2026-08-27 17:31:01.822 WARN   Polyline: must contain at least 2 different points
2026-08-27 17:31:01.822 WARN   Polyline: must contain at least 2 different points
2026-08-27 17:31:01.822 WARN   Polyline: must contain at least 2 different points
2026-08-27 17:31:01.823 WARN   Polyline: must contain at least 2 different points
2026-08-27 17:31:01.823 WARN   Polyline: must contain at least 2 different points
2026-08-27 17:31:01.823 WARN   Polyline: must contain at least 2 different points
2026-08-27 17:31:01.823 WARN   Polyline: must contain at least 2 different points
2026-08-27 17:31:01.823 WARN   Polyline: must contain at least 2 different points
2026-08-27 17:31:01.823 WARN   Polyline: must contain at least 2 different points
2026-08-27 17:31:01.824 WARN   Polyline: must contain at least 2 different points
2026-08-27 17:31:01.824 WARN   Polyline: must contain at least 2 different points
2026-08-27 17:31:01.824 WARN   Polyline: must contain at least 2 different points
2026-08-27 17:31:01.824 WARN   Polyline: must contain at least 2 different points
2026-08-27 17:31:01.824 WARN   Polyline: must contain at least 2 different points
2026-08-27 17:31:01.824 WARN   Polyline: must contain at least 2 different points
2026-08-27 17:31:01.825 WARN   Polyline: must contain at least 2 different points
2026-08-27 17:31:01.825 WARN   Polyline: must contain at least 2 different points
2026-08-27 17:31:01.825 WARN   Polyline: must contain at least 2 different points
2026-08-27 17:31:01.825 WARN   Polyline: must contain at least 2 different points
2026-08-27 17:31:01.825 WARN   Polyline: must contain at least 2 different points
2026-08-27 17:31:01.826 WARN   Polyline: must contain at least 2 different points
2026-08-27 17:31:01.826 WARN   Polyline: must contain at least 2 different points
2026-08-27 17:31:01.826 WARN   Polyline: must contain at least 2 different points
2026-08-27 17:31:01.826 WARN   Polyline: must contain at least 2 different points
2026-08-27 17:31:01.826 WARN   Polyline: must contain at least 2 different points
2026-08-27 17:31:01.826 WARN   Polyline: must contain at least 2 different points
2026-08-27 17:31:01.827 WARN   Polyline: must contain at least 2 different points
2026-08-27 17:31:01.827 WARN   Polyline: must contain at least 2 different points
2026-08-27 17:31:01.827 WARN   Polyline: must contain at least 2 different points
2026-08-27 17:31:01.827 WARN   Polyline: must contain at least 2 different points
2026-08-27 17:31:01.827 WARN   Polyline: must contain at least 2 different points
2026-08-27 17:31:01.827 WARN   Polyline: must contain at least 2 different points
2026-08-27 17:31:01.828 WARN   Polyline: must contain at least 2 different points
2026-08-27 17:31:01.828 WARN   Polyline: must contain at least 2 different points
2026-08-27 17:31:01.828 WARN   Polyline: must contain at least 2 different points
2026-08-27 17:31:01.828 WARN   Polyline: must contain at least 2 different points
2026-08-27 17:31:01.828 WARN   Polyline: must contain at least 2 different points
2026-08-27 17:31:01.829 WARN   Polyline: must contain at least 2 different points
2026-08-27 17:31:01.829 WARN   Polyline: must contain at least 2 different points
2026-08-27 17:31:01.829 WARN   Polyline: must contain at least 2 different points
2026-08-27 17:31:01.829 WARN   Polyline: must contain at least 2 different points
2026-08-27 17:31:01.829 WARN   Polyline: must contain at least 2 different points
2026-08-27 17:31:01.829 WARN   Polyline: must contain at least 2 different points
2026-08-27 17:31:01.830 WARN   Polyline: must contain at least 2 different points
2026-08-27 17:31:01.830 WARN   Polyline: must contain at least 2 different points
2026-08-27 17:31:01.830 WARN   Polyline: must contain at least 2 different points
2026-08-27 17:31:01.830 WARN   Polyline: must contain at least 2 different points
2026-08-27 17:31:01.830 WARN   Polyline: must contain at least 2 different points
2026-08-27 17:31:01.830 WARN   Polyline: must contain at least 2 different points
2026-08-27 17:31:01.831 WARN   Polyline: must contain at least 2 different points
2026-08-27 17:31:01.831 WARN   Polyline: must contain at least 2 different points
2026-08-27 17:31:01.831 WARN   Polyline: must contain at least 2 different points
2026-08-27 17:31:01.831 WARN   Polyline: must contain at least 2 different points
2026-08-27 17:31:01.831 WARN   Polyline: must contain at least 2 different points
2026-08-27 17:31:01.832 WARN   Polyline: must contain at least 2 different points
2026-08-27 17:31:01.832 WARN   Polyline: must contain at least 2 different points
2026-08-27 17:31:01.832 WARN   Polyline: must contain at least 2 different points
2026-08-27 17:31:01.832 WARN   Polyline: must contain at least 2 different points
2026-08-27 17:31:01.832 WARN   Polyline: must contain at least 2 different points
2026-08-27 17:31:01.832 WARN   Polyline: must contain at least 2 different points
2026-08-27 17:31:01.833 WARN   Polyline: must contain at least 2 different points
2026-08-27 17:31:01.833 WARN   Polyline: must contain at least 2 different points
2026-08-27 17:31:01.833 WARN   Polyline: must contain at least 2 different points
2026-08-27 17:31:01.833 WARN   Polyline: must contain at least 2 different points
2026-08-27 17:31:01.833 WARN   Polyline: must contain at least 2 different points
2026-08-27 17:31:01.833 WARN   Polyline: must contain at least 2 different points
2026-08-27 17:31:01.834 WARN   Polyline: must contain at least 2 different points
2026-08-27 17:31:01.834 WARN   Polyline: must contain at least 2 different points
2026-08-27 17:31:01.834 WARN   Polyline: must contain at least 2 different points
2026-08-27 17:31:01.834 WARN   Polyline: must contain at least 2 different points
2026-08-27 17:31:01.834 WARN   Polyline: must contain at least 2 different points
2026-08-27 17:31:01.834 WARN   Polyline: must contain at least 2 different points
2026-08-27 17:31:01.835 WARN   Polyline: must contain at least 2 different points
2026-08-27 17:31:01.835 WARN   Polyline: must contain at least 2 different points
2026-08-27 17:31:01.835 WARN   Polyline: must contain at least 2 different points
2026-08-27 17:31:01.835 WARN   Polyline: must contain at least 2 different points
2026-08-27 17:31:01.835 WARN   Polyline: must contain at least 2 different points
2026-08-27 17:31:01.835 WARN   Polyline: must contain at least 2 different points
2026-08-27 17:31:01.836 WARN   Polyline: must contain at least 2 different points
2026-08-27 17:31:01.836 WARN   Polyline: must contain at least 2 different points
2026-08-27 17:31:01.836 WARN   Polyline: must contain at least 2 different points
2026-08-27 17:31:01.836 WARN   Polyline: must contain at least 2 different points
2026-08-27 17:31:01.836 WARN   Polyline: must contain at least 2 different points
2026-08-27 17:31:01.836 WARN   Polyline: must contain at least 2 different points
2026-08-27 17:31:01.837 WARN   Polyline: must contain at least 2 different points
2026-08-27 17:31:01.837 WARN   Polyline: must contain at least 2 different points
2026-08-27 17:31:01.837 WARN   Polyline: must contain at least 2 different points
2026-08-27 17:31:01.837 WARN   Polyline: must contain at least 2 different points
2026-08-27 17:31:01.837 WARN   Polyline: must contain at least 2 different points
2026-08-27 17:31:01.837 WARN   Polyline: must contain at least 2 different points
2026-08-27 17:31:01.838 WARN   Polyline: must contain at least 2 different points
2026-08-27 17:31:01.838 WARN   Polyline: must contain at least 2 different points
2026-08-27 17:31:01.838 WARN   Polyline: must contain at least 2 different points
2026-08-27 17:31:01.838 WARN   Polyline: must contain at least 2 different points
2026-08-27 17:31:01.838 WARN   Polyline: must contain at least 2 different points
2026-08-27 17:31:01.838 WARN   Polyline: must contain at least 2 different points
2026-08-27 17:31:01.839 WARN   Polyline: must contain at least 2 different points
2026-08-27 17:31:01.839 WARN   Polyline: must contain at least 2 different points
2026-08-27 17:31:01.839 WARN   Polyline: must contain at least 2 different points
2026-08-27 17:31:01.839 WARN   Polyline: must contain at least 2 different points
2026-08-27 17:31:01.839 WARN   Polyline: must contain at least 2 different points
2026-08-27 17:31:01.840 WARN   Polyline: must contain at least 2 different points
2026-08-27 17:31:01.840 WARN   Polyline: must contain at least 2 different points
2026-08-27 17:31:01.840 WARN   Polyline: must contain at least 2 different points
2026-08-27 17:31:01.840 WARN   Polyline: must contain at least 2 different points
2026-08-27 17:31:01.840 WARN   Polyline: must contain at least 2 different points
2026-08-27 17:31:01.840 WARN   Polyline: must contain at least 2 different points
2026-08-27 17:31:01.841 WARN   Polyline: must contain at least 2 different points
2026-08-27 17:31:01.841 WARN   Polyline: must contain at least 2 different points
2026-08-27 17:31:01.841 WARN   Polyline: must contain at least 2 different points
2026-08-27 17:31:01.841 WARN   Polyline: must contain at least 2 different points
2026-08-27 17:31:01.841 WARN   Polyline: must contain at least 2 different points
2026-08-27 17:31:01.842 WARN   Polyline: must contain at least 2 different points
2026-08-27 17:31:01.842 WARN   Polyline: must contain at least 2 different points
2026-08-27 17:31:01.842 WARN   Polyline: must contain at least 2 different points
2026-08-27 17:31:01.842 WARN   Polyline: must contain at least 2 different points
2026-08-27 17:31:01.842 WARN   Polyline: must contain at least 2 different points
2026-08-27 17:31:01.842 WARN   Polyline: must contain at least 2 different points
2026-08-27 17:31:01.843 WARN   Polyline: must contain at least 2 different points
2026-08-27 17:31:01.843 WARN   Polyline: must contain at least 2 different points
2026-08-27 17:31:01.843 WARN   Polyline: must contain at least 2 different points
2026-08-27 17:31:01.843 WARN   Polyline: must contain at least 2 different points
2026-08-27 17:31:01.843 WARN   Polyline: must contain at least 2 different points
2026-08-27 17:31:01.843 WARN   Polyline: must contain at least 2 different points
2026-08-27 17:31:01.844 WARN   Polyline: must contain at least 2 different points
2026-08-27 17:31:01.844 WARN   Polyline: must contain at least 2 different points
2026-08-27 17:31:01.844 WARN   Polyline: must contain at least 2 different points
2026-08-27 17:31:01.844 WARN   Polyline: must contain at least 2 different points
2026-08-27 17:31:01.844 WARN   Polyline: must contain at least 2 different points
2026-08-27 17:31:01.844 WARN   Polyline: must contain at least 2 different points
2026-08-27 17:31:01.845 WARN   Polyline: must contain at least 2 different points
2026-08-27 17:31:01.845 WARN   Polyline: must contain at least 2 different points
2026-08-27 17:31:01.845 WARN   Polyline: must contain at least 2 different points
2026-08-27 17:31:01.845 WARN   Polyline: must contain at least 2 different points
2026-08-27 17:31:01.845 WARN   Polyline: must contain at least 2 different points
2026-08-27 17:31:01.845 WARN   Polyline: must contain at least 2 different points
2026-08-27 17:31:01.846 WARN   Polyline: must contain at least 2 different points
2026-08-27 17:31:01.846 WARN   Polyline: must contain at least 2 different points
2026-08-27 17:31:01.846 WARN   Polyline: must contain at least 2 different points
2026-08-27 17:31:01.846 WARN   Polyline: must contain at least 2 different points
2026-08-27 17:31:01.846 WARN   Polyline: must contain at least 2 different points
2026-08-27 17:31:01.846 WARN   Polyline: must contain at least 2 different points
2026-08-27 17:31:01.847 WARN   Polyline: must contain at least 2 different points
2026-08-27 17:31:01.847 WARN   Polyline: must contain at least 2 different points
2026-08-27 17:31:01.847 WARN   Polyline: must contain at least 2 different points
2026-08-27 17:31:01.847 WARN   Polyline: must contain at least 2 different points
2026-08-27 17:31:01.847 WARN   Polyline: must contain at least 2 different points
2026-08-27 17:31:01.847 WARN   Polyline: must contain at least 2 different points
2026-08-27 17:31:01.848 WARN   Polyline: must contain at least 2 different points
2026-08-27 17:31:01.848 WARN   Polyline: must contain at least 2 different points
2026-08-27 17:31:01.848 WARN   Polyline: must contain at least 2 different points
2026-08-27 17:31:01.848 WARN   Polyline: must contain at least 2 different points
2026-08-27 17:31:01.848 WARN   Polyline: must contain at least 2 different points
2026-08-27 17:31:01.848 WARN   Polyline: must contain at least 2 different points
2026-08-27 17:31:01.849 WARN   Polyline: must contain at least 2 different points
2026-08-27 17:31:01.849 WARN   Polyline: must contain at least 2 different points
2026-08-27 17:31:01.849 WARN   Polyline: must contain at least 2 different points
2026-08-27 17:31:01.849 WARN   Polyline: must contain at least 2 different points
2026-08-27 17:31:01.849 WARN   Polyline: must contain at least 2 different points
2026-08-27 17:31:01.849 WARN   Polyline: must contain at least 2 different points
2026-08-27 17:31:01.850 WARN   Polyline: must contain at least 2 different points
2026-08-27 17:31:01.850 WARN   Polyline: must contain at least 2 different points
2026-08-27 17:31:01.850 WARN   Polyline: must contain at least 2 different points
2026-08-27 17:31:01.850 WARN   Polyline: must contain at least 2 different points
2026-08-27 17:31:01.850 WARN   Polyline: must contain at least 2 different points
2026-08-27 17:31:01.850 WARN   Polyline: must contain at least 2 different points
2026-08-27 17:31:01.851 WARN   Polyline: must contain at least 2 different points
2026-08-27 17:31:01.851 WARN   Polyline: must contain at least 2 different points
2026-08-27 17:31:01.851 WARN   Polyline: must contain at least 2 different points
2026-08-27 17:31:01.851 WARN   Polyline: must contain at least 2 different points
2026-08-27 17:31:01.851 WARN   Polyline: must contain at least 2 different points
2026-08-27 17:31:01.851 WARN   Polyline: must contain at least 2 different points
2026-08-27 17:31:01.852 WARN   Polyline: must contain at least 2 different points
2026-08-27 17:31:01.852 WARN   Polyline: must contain at least 2 different points
2026-08-27 17:31:01.852 WARN   Polyline: must contain at least 2 different points
2026-08-27 17:31:01.852 WARN   Polyline: must contain at least 2 different points
2026-08-27 17:31:01.852 WARN   Polyline: must contain at least 2 different points
2026-08-27 17:31:01.852 WARN   Polyline: must contain at least 2 different points
2026-08-27 17:31:01.853 WARN   Polyline: must contain at least 2 different points
2026-08-27 17:31:01.853 WARN   Polyline: must contain at least 2 different points
2026-08-27 17:31:01.853 WARN   Polyline: must contain at least 2 different points
2026-08-27 17:31:01.853 WARN   Polyline: must contain at least 2 different points
2026-08-27 17:31:01.853 WARN   Polyline: must contain at least 2 different points
2026-08-27 17:31:01.853 WARN   Polyline: must contain at least 2 different points
2026-08-27 17:31:01.854 WARN   Polyline: must contain at least 2 different points
2026-08-27 17:31:01.854 WARN   Polyline: must contain at least 2 different points
2026-08-27 17:31:01.854 WARN   Polyline: must contain at least 2 different points
2026-08-27 17:31:01.854 WARN   Polyline: must contain at least 2 different points
2026-08-27 17:31:01.854 WARN   Polyline: must contain at least 2 different points
2026-08-27 17:31:01.854 WARN   Polyline: must contain at least 2 different points
2026-08-27 17:31:01.855 WARN   Polyline: must contain at least 2 different points
2026-08-27 17:31:01.855 WARN   Polyline: must contain at least 2 different points
2026-08-27 17:31:01.855 WARN   Polyline: must contain at least 2 different points
2026-08-27 17:31:01.855 WARN   Polyline: must contain at least 2 different points
2026-08-27 17:31:01.855 WARN   Polyline: must contain at least 2 different points
2026-08-27 17:31:01.855 WARN   Polyline: must contain at least 2 different points
2026-08-27 17:31:01.856 WARN   Polyline: must contain at least 2 different points
2026-08-27 17:31:01.856 WARN   Polyline: must contain at least 2 different points
2026-08-27 17:31:01.856 WARN   Polyline: must contain at least 2 different points
2026-08-27 17:31:01.856 WARN   Polyline: must contain at least 2 different points
2026-08-27 17:31:01.856 WARN   Polyline: must contain at least 2 different points
2026-08-27 17:31:01.856 WARN   Polyline: must contain at least 2 different points
2026-08-27 17:31:01.857 WARN   Polyline: must contain at least 2 different points
2026-08-27 17:31:01.857 WARN   Polyline: must contain at least 2 different points
2026-08-27 17:31:01.857 WARN   Polyline: must contain at least 2 different points
2026-08-27 17:31:01.857 WARN   Polyline: must contain at least 2 different points
2026-08-27 17:31:01.857 WARN   Polyline: must contain at least 2 different points
2026-08-27 17:31:01.857 WARN   Polyline: must contain at least 2 different points
2026-08-27 17:31:01.858 WARN   Polyline: must contain at least 2 different points
2026-08-27 17:31:01.858 WARN   Polyline: must contain at least 2 different points
2026-08-27 17:31:01.858 WARN   Polyline: must contain at least 2 different points
2026-08-27 17:31:01.858 WARN   Polyline: must contain at least 2 different points
2026-08-27 17:31:01.858 WARN   Polyline: must contain at least 2 different points
2026-08-27 17:31:01.858 WARN   Polyline: must contain at least 2 different points
2026-08-27 17:31:01.859 WARN   Polyline: must contain at least 2 different points
2026-08-27 17:31:01.859 WARN   Polyline: must contain at least 2 different points
2026-08-27 17:31:01.859 WARN   Polyline: must contain at least 2 different points
2026-08-27 17:31:01.859 WARN   Polyline: must contain at least 2 different points
2026-08-27 17:31:01.859 WARN   Polyline: must contain at least 2 different points
2026-08-27 17:31:01.859 WARN   Polyline: must contain at least 2 different points
2026-08-27 17:31:01.860 WARN   Polyline: must contain at least 2 different points
2026-08-27 17:31:01.860 WARN   Polyline: must contain at least 2 different points
2026-08-27 17:31:01.860 WARN   Polyline: must contain at least 2 different points
2026-08-27 17:31:01.860 WARN   Polyline: must contain at least 2 different points
2026-08-27 17:31:01.860 WARN   Polyline: must contain at least 2 different points
2026-08-27 17:31:01.860 WARN   Polyline: must contain at least 2 different points
2026-08-27 17:31:01.861 WARN   Polyline: must contain at least 2 different points
2026-08-27 17:31:01.861 WARN   Polyline: must contain at least 2 different points
2026-08-27 17:31:01.861 WARN   Polyline: must contain at least 2 different points
2026-08-27 17:31:01.861 WARN   Polyline: must contain at least 2 different points
2026-08-27 17:31:01.861 WARN   Polyline: must contain at least 2 different points
2026-08-27 17:31:01.862 WARN   Polyline: must contain at least 2 different points
2026-08-27 17:31:01.862 WARN   Polyline: must contain at least 2 different points
2026-08-27 17:31:01.862 WARN   Polyline: must contain at least 2 different points
2026-08-27 17:31:01.862 WARN   Polyline: must contain at least 2 different points
2026-08-27 17:31:01.862 WARN   Polyline: must contain at least 2 different points
2026-08-27 17:31:01.862 WARN   Polyline: must contain at least 2 different points
2026-08-27 17:31:01.863 WARN   Polyline: must contain at least 2 different points
2026-08-27 17:31:01.863 WARN   Polyline: must contain at least 2 different points
2026-08-27 17:31:01.863 WARN   Polyline: must contain at least 2 different points
2026-08-27 17:31:01.863 WARN   Polyline: must contain at least 2 different points
2026-08-27 17:31:01.863 WARN   Polyline: must contain at least 2 different points
2026-08-27 17:31:01.863 WARN   Polyline: must contain at least 2 different points
2026-08-27 17:31:01.864 WARN   Polyline: must contain at least 2 different points
2026-08-27 17:31:01.864 WARN   Polyline: must contain at least 2 different points
2026-08-27 17:31:01.864 WARN   Polyline: must contain at least 2 different points
2026-08-27 17:31:01.864 WARN   Polyline: must contain at least 2 different points
2026-08-27 17:31:01.864 WARN   Polyline: must contain at least 2 different points
2026-08-27 17:31:01.864 WARN   Polyline: must contain at least 2 different points
2026-08-27 17:31:01.865 WARN   Polyline: must contain at least 2 different points
2026-08-27 17:31:01.865 WARN   Polyline: must contain at least 2 different points
2026-08-27 17:31:01.865 WARN   Polyline: must contain at least 2 different points
2026-08-27 17:31:01.865 WARN   Polyline: must contain at least 2 different points
2026-08-27 17:31:01.865 WARN   Polyline: must contain at least 2 different points
2026-08-27 17:31:01.865 WARN   Polyline: must contain at least 2 different points
2026-08-27 17:31:01.866 WARN   Polyline: must contain at least 2 different points
2026-08-27 17:31:01.866 WARN   Polyline: must contain at least 2 different points
2026-08-27 17:31:01.866 WARN   Polyline: must contain at least 2 different points
2026-08-27 17:31:01.866 WARN   Polyline: must contain at least 2 different points
2026-08-27 17:31:01.866 WARN   Polyline: must contain at least 2 different points
2026-08-27 17:31:01.866 WARN   Polyline: must contain at least 2 different points
2026-08-27 17:31:01.867 WARN   Polyline: must contain at least 2 different points
2026-08-27 17:31:01.867 WARN   Polyline: must contain at least 2 different points
2026-08-27 17:31:01.867 WARN   Polyline: must contain at least 2 different points
2026-08-27 17:31:01.867 WARN   Polyline: must contain at least 2 different points
2026-08-27 17:31:01.867 WARN   Polyline: must contain at least 2 different points
2026-08-27 17:31:01.867 WARN   Polyline: must contain at least 2 different points
2026-08-27 17:31:01.868 WARN   Polyline: must contain at least 2 different points
2026-08-27 17:31:01.868 WARN   Polyline: must contain at least 2 different points
2026-08-27 17:31:01.868 WARN   Polyline: must contain at least 2 different points
2026-08-27 17:31:01.868 WARN   Polyline: must contain at least 2 different points
2026-08-27 17:31:01.868 WARN   Polyline: must contain at least 2 different points
2026-08-27 17:31:01.868 WARN   Polyline: must contain at least 2 different points
2026-08-27 17:31:01.869 WARN   Polyline: must contain at least 2 different points
2026-08-27 17:31:01.869 WARN   Polyline: must contain at least 2 different points
2026-08-27 17:31:01.869 WARN   Polyline: must contain at least 2 different points
2026-08-27 17:31:01.869 WARN   Polyline: must contain at least 2 different points
2026-08-27 17:31:01.869 WARN   Polyline: must contain at least 2 different points
2026-08-27 17:31:01.869 WARN   Polyline: must contain at least 2 different points
2026-08-27 17:31:01.870 WARN   Polyline: must contain at least 2 different points
2026-08-27 17:31:01.870 WARN   Polyline: must contain at least 2 different points
2026-08-27 17:31:01.870 WARN   Polyline: must contain at least 2 different points
2026-08-27 17:31:01.870 WARN   Polyline: must contain at least 2 different points
2026-08-27 17:31:01.870 WARN   Polyline: must contain at least 2 different points
2026-08-27 17:31:01.870 WARN   Polyline: must contain at least 2 different points
2026-08-27 17:31:01.871 WARN   Polyline: must contain at least 2 different points
2026-08-27 17:31:01.871 WARN   Polyline: must contain at least 2 different points
2026-08-27 17:31:01.871 WARN   Polyline: must contain at least 2 different points
2026-08-27 17:31:01.871 WARN   Polyline: must contain at least 2 different points
2026-08-27 17:31:01.871 WARN   Polyline: must contain at least 2 different points
2026-08-27 17:31:01.871 WARN   Polyline: must contain at least 2 different points
2026-08-27 17:31:01.872 WARN   Polyline: must contain at least 2 different points
2026-08-27 17:31:01.872 WARN   Polyline: must contain at least 2 different points
2026-08-27 17:31:01.872 WARN   Polyline: must contain at least 2 different points
2026-08-27 17:31:01.872 WARN   Polyline: must contain at least 2 different points
2026-08-27 17:31:01.872 WARN   Polyline: must contain at least 2 different points
2026-08-27 17:31:01.872 WARN   Polyline: must contain at least 2 different points
2026-08-27 17:31:01.873 WARN   Polyline: must contain at least 2 different points
2026-08-27 17:31:01.873 WARN   Polyline: must contain at least 2 different points
2026-08-27 17:31:01.873 WARN   Polyline: must contain at least 2 different points
2026-08-27 17:31:01.873 WARN   Polyline: must contain at least 2 different points
2026-08-27 17:31:01.873 WARN   Polyline: must contain at least 2 different points
2026-08-27 17:31:01.874 WARN   Polyline: must contain at least 2 different points
2026-08-27 17:31:01.874 WARN   Polyline: must contain at least 2 different points
2026-08-27 17:31:01.874 WARN   Polyline: must contain at least 2 different points
2026-08-27 17:31:01.874 WARN   Polyline: must contain at least 2 different points
2026-08-27 17:31:01.874 WARN   Polyline: must contain at least 2 different points
2026-08-27 17:31:01.874 WARN   Polyline: must contain at least 2 different points
2026-08-27 17:31:01.875 WARN   Polyline: must contain at least 2 different points
2026-08-27 17:31:01.875 WARN   Polyline: must contain at least 2 different points
2026-08-27 17:31:01.875 WARN   Polyline: must contain at least 2 different points
2026-08-27 17:31:01.875 WARN   Polyline: must contain at least 2 different points
2026-08-27 17:31:01.875 WARN   Polyline: must contain at least 2 different points
2026-08-27 17:31:01.875 WARN   Polyline: must contain at least 2 different points
2026-08-27 17:31:01.875 WARN   Polyline: must contain at least 2 different points
2026-08-27 17:31:01.876 WARN   Polyline: must contain at least 2 different points
2026-08-27 17:31:01.876 WARN   Polyline: must contain at least 2 different points
2026-08-27 17:31:01.876 WARN   Polyline: must contain at least 2 different points
2026-08-27 17:31:01.876 WARN   Polyline: must contain at least 2 different points
2026-08-27 17:31:01.876 WARN   Polyline: must contain at least 2 different points
2026-08-27 17:31:01.876 WARN   Polyline: must contain at least 2 different points
2026-08-27 17:31:01.877 WARN   Polyline: must contain at least 2 different points
2026-08-27 17:31:01.877 WARN   Polyline: must contain at least 2 different points
2026-08-27 17:31:01.877 WARN   Polyline: must contain at least 2 different points
2026-08-27 17:31:01.877 WARN   Polyline: must contain at least 2 different points
2026-08-27 17:31:01.877 WARN   Polyline: must contain at least 2 different points
2026-08-27 17:31:01.877 WARN   Polyline: must contain at least 2 different points
2026-08-27 17:31:01.878 WARN   Polyline: must contain at least 2 different points
2026-08-27 17:31:01.878 WARN   Polyline: must contain at least 2 different points
2026-08-27 17:31:01.878 WARN   Polyline: must contain at least 2 different points
2026-08-27 17:31:01.878 WARN   Polyline: must contain at least 2 different points
2026-08-27 17:31:01.878 WARN   Polyline: must contain at least 2 different points
2026-08-27 17:31:01.878 WARN   Polyline: must contain at least 2 different points
2026-08-27 17:31:01.879 WARN   Polyline: must contain at least 2 different points
2026-08-27 17:31:01.879 WARN   Polyline: must contain at least 2 different points
2026-08-27 17:31:01.879 WARN   Polyline: must contain at least 2 different points
2026-08-27 17:31:01.879 WARN   Polyline: must contain at least 2 different points
2026-08-27 17:31:01.879 WARN   Polyline: must contain at least 2 different points
2026-08-27 17:31:01.880 WARN   Polyline: must contain at least 2 different points
2026-08-27 17:31:01.880 WARN   Polyline: must contain at least 2 different points
2026-08-27 17:31:01.880 WARN   Polyline: must contain at least 2 different points
2026-08-27 17:31:01.880 WARN   Polyline: must contain at least 2 different points
2026-08-27 17:31:01.880 WARN   Polyline: must contain at least 2 different points
2026-08-27 17:31:01.880 WARN   Polyline: must contain at least 2 different points
2026-08-27 17:31:01.880 WARN   Polyline: must contain at least 2 different points
2026-08-27 17:31:01.881 WARN   Polyline: must contain at least 2 different points
2026-08-27 17:31:01.881 WARN   Polyline: must contain at least 2 different points
2026-08-27 17:31:01.881 WARN   Polyline: must contain at least 2 different points
2026-08-27 17:31:01.881 WARN   Polyline: must contain at least 2 different points
2026-08-27 17:31:01.881 WARN   Polyline: must contain at least 2 different points
2026-08-27 17:31:01.881 WARN   Polyline: must contain at least 2 different points
2026-08-27 17:31:01.882 WARN   Polyline: must contain at least 2 different points
2026-08-27 17:31:01.882 WARN   Polyline: must contain at least 2 different points
2026-08-27 17:31:01.882 WARN   Polyline: must contain at least 2 different points
2026-08-27 17:31:01.882 WARN   Polyline: must contain at least 2 different points
2026-08-27 17:31:01.882 WARN   Polyline: must contain at least 2 different points
2026-08-27 17:31:01.882 WARN   Polyline: must contain at least 2 different points
2026-08-27 17:31:01.883 WARN   Polyline: must contain at least 2 different points
2026-08-27 17:31:01.883 WARN   Polyline: must contain at least 2 different points
2026-08-27 17:31:01.883 WARN   Polyline: must contain at least 2 different points
2026-08-27 17:31:01.883 WARN   Polyline: must contain at least 2 different points
2026-08-27 17:31:01.883 WARN   Polyline: must contain at least 2 different points
2026-08-27 17:31:01.883 WARN   Polyline: must contain at least 2 different points
2026-08-27 17:31:01.884 WARN   Polyline: must contain at least 2 different points
2026-08-27 17:31:01.884 WARN   Polyline: must contain at least 2 different points
2026-08-27 17:31:01.884 WARN   Polyline: must contain at least 2 different points
2026-08-27 17:31:01.884 WARN   Polyline: must contain at least 2 different points
2026-08-27 17:31:01.884 WARN   Polyline: must contain at least 2 different points
2026-08-27 17:31:01.885 WARN   Polyline: must contain at least 2 different points
2026-08-27 17:31:01.885 WARN   Polyline: must contain at least 2 different points
2026-08-27 17:31:01.885 WARN   Polyline: must contain at least 2 different points
2026-08-27 17:31:01.885 WARN   Polyline: must contain at least 2 different points
2026-08-27 17:31:01.885 WARN   Polyline: must contain at least 2 different points
2026-08-27 17:31:01.885 WARN   Polyline: must contain at least 2 different points
2026-08-27 17:31:01.886 WARN   Polyline: must contain at least 2 different points
2026-08-27 17:31:01.886 WARN   Polyline: must contain at least 2 different points
2026-08-27 17:31:01.886 WARN   Polyline: must contain at least 2 different points
2026-08-27 17:31:01.886 WARN   Polyline: must contain at least 2 different points
2026-08-27 17:31:01.886 WARN   Polyline: must contain at least 2 different points
2026-08-27 17:31:01.887 WARN   Polyline: must contain at least 2 different points
2026-08-27 17:31:01.887 WARN   Polyline: must contain at least 2 different points
2026-08-27 17:31:01.887 WARN   Polyline: must contain at least 2 different points
2026-08-27 17:31:01.887 WARN   Polyline: must contain at least 2 different points
2026-08-27 17:31:01.887 WARN   Polyline: must contain at least 2 different points
2026-08-27 17:31:01.887 WARN   Polyline: must contain at least 2 different points
2026-08-27 17:31:01.888 WARN   Polyline: must contain at least 2 different points
2026-08-27 17:31:01.888 WARN   Polyline: must contain at least 2 different points
2026-08-27 17:31:01.888 WARN   Polyline: must contain at least 2 different points
2026-08-27 17:31:01.888 WARN   Polyline: must contain at least 2 different points
2026-08-27 17:31:01.888 WARN   Polyline: must contain at least 2 different points
2026-08-27 17:31:01.888 WARN   Polyline: must contain at least 2 different points
2026-08-27 17:31:01.889 WARN   Polyline: must contain at least 2 different points
2026-08-27 17:31:01.889 WARN   Polyline: must contain at least 2 different points
2026-08-27 17:31:01.889 WARN   Polyline: must contain at least 2 different points
2026-08-27 17:31:01.889 WARN   Polyline: must contain at least 2 different points
2026-08-27 17:31:01.889 WARN   Polyline: must contain at least 2 different points
2026-08-27 17:31:01.889 WARN   Polyline: must contain at least 2 different points
2026-08-27 17:31:01.890 WARN   Polyline: must contain at least 2 different points
2026-08-27 17:31:01.890 WARN   Polyline: must contain at least 2 different points
2026-08-27 17:31:01.890 WARN   Polyline: must contain at least 2 different points
2026-08-27 17:31:01.890 WARN   Polyline: must contain at least 2 different points
2026-08-27 17:31:01.890 WARN   Polyline: must contain at least 2 different points
2026-08-27 17:31:01.890 WARN   Polyline: must contain at least 2 different points
2026-08-27 17:31:01.890 WARN   Polyline: must contain at least 2 different points
2026-08-27 17:31:01.891 WARN   Polyline: must contain at least 2 different points
2026-08-27 17:31:01.891 WARN   Polyline: must contain at least 2 different points
2026-08-27 17:31:01.891 WARN   Polyline: must contain at least 2 different points
2026-08-27 17:31:01.891 WARN   Polyline: must contain at least 2 different points
2026-08-27 17:31:01.891 WARN   Polyline: must contain at least 2 different points
2026-08-27 17:31:01.891 WARN   Polyline: must contain at least 2 different points
2026-08-27 17:31:01.892 WARN   Polyline: must contain at least 2 different points
2026-08-27 17:31:01.892 WARN   Polyline: must contain at least 2 different points
2026-08-27 17:31:01.892 WARN   Polyline: must contain at least 2 different points
2026-08-27 17:31:01.892 WARN   Polyline: must contain at least 2 different points
2026-08-27 17:31:01.892 WARN   Polyline: must contain at least 2 different points
2026-08-27 17:31:01.892 WARN   Polyline: must contain at least 2 different points
2026-08-27 17:31:01.893 WARN   Polyline: must contain at least 2 different points
2026-08-27 17:31:01.893 WARN   Polyline: must contain at least 2 different points
2026-08-27 17:31:01.893 WARN   Polyline: must contain at least 2 different points
2026-08-27 17:31:01.893 WARN   Polyline: must contain at least 2 different points
2026-08-27 17:31:01.893 WARN   Polyline: must contain at least 2 different points
2026-08-27 17:31:01.893 WARN   Polyline: must contain at least 2 different points
2026-08-27 17:31:01.894 WARN   Polyline: must contain at least 2 different points
2026-08-27 17:31:01.894 WARN   Polyline: must contain at least 2 different points
2026-08-27 17:31:01.894 WARN   Polyline: must contain at least 2 different points
2026-08-27 17:31:01.894 WARN   Polyline: must contain at least 2 different points
2026-08-27 17:31:01.894 WARN   Polyline: must contain at least 2 different points
2026-08-27 17:31:01.894 WARN   Polyline: must contain at least 2 different points
2026-08-27 17:31:01.895 WARN   Polyline: must contain at least 2 different points
2026-08-27 17:31:01.895 WARN   Polyline: must contain at least 2 different points
2026-08-27 17:31:01.895 WARN   Polyline: must contain at least 2 different points
2026-08-27 17:31:01.895 WARN   Polyline: must contain at least 2 different points
2026-08-27 17:31:01.895 WARN   Polyline: must contain at least 2 different points
2026-08-27 17:31:01.895 WARN   Polyline: must contain at least 2 different points
2026-08-27 17:31:01.896 WARN   Polyline: must contain at least 2 different points
2026-08-27 17:31:01.896 WARN   Polyline: must contain at least 2 different points
2026-08-27 17:31:01.896 WARN   Polyline: must contain at least 2 different points
2026-08-27 17:31:01.896 WARN   Polyline: must contain at least 2 different points
2026-08-27 17:31:01.896 WARN   Polyline: must contain at least 2 different points
2026-08-27 17:31:01.896 WARN   Polyline: must contain at least 2 different points
2026-08-27 17:31:01.897 WARN   Polyline: must contain at least 2 different points
2026-08-27 17:31:01.897 WARN   Polyline: must contain at least 2 different points
2026-08-27 17:31:01.897 WARN   Polyline: must contain at least 2 different points
2026-08-27 17:31:01.897 WARN   Polyline: must contain at least 2 different points
2026-08-27 17:31:01.897 WARN   Polyline: must contain at least 2 different points
2026-08-27 17:31:01.897 WARN   Polyline: must contain at least 2 different points
2026-08-27 17:31:01.898 WARN   Polyline: must contain at least 2 different points
2026-08-27 17:31:01.898 WARN   Polyline: must contain at least 2 different points
2026-08-27 17:31:01.898 WARN   Polyline: must contain at least 2 different points
2026-08-27 17:31:01.898 WARN   Polyline: must contain at least 2 different points
2026-08-27 17:31:01.898 WARN   Polyline: must contain at least 2 different points
2026-08-27 17:31:01.898 WARN   Polyline: must contain at least 2 different points
2026-08-27 17:31:01.899 WARN   Polyline: must contain at least 2 different points
2026-08-27 17:31:01.899 WARN   Polyline: must contain at least 2 different points
2026-08-27 17:31:01.899 WARN   Polyline: must contain at least 2 different points
2026-08-27 17:31:01.899 WARN   Polyline: must contain at least 2 different points
2026-08-27 17:31:01.899 WARN   Polyline: must contain at least 2 different points
2026-08-27 17:31:01.899 WARN   Polyline: must contain at least 2 different points
2026-08-27 17:31:01.900 WARN   Polyline: must contain at least 2 different points
2026-08-27 17:31:01.900 WARN   Polyline: must contain at least 2 different points
2026-08-27 17:31:01.900 WARN   Polyline: must contain at least 2 different points
2026-08-27 17:31:01.900 WARN   Polyline: must contain at least 2 different points
2026-08-27 17:31:01.900 WARN   Polyline: must contain at least 2 different points
2026-08-27 17:31:01.900 WARN   Polyline: must contain at least 2 different points
2026-08-27 17:31:01.901 WARN   Polyline: must contain at least 2 different points
2026-08-27 17:31:01.901 WARN   Polyline: must contain at least 2 different points
2026-08-27 17:31:01.901 WARN   Polyline: must contain at least 2 different points
2026-08-27 17:31:01.901 WARN   Polyline: must contain at least 2 different points
2026-08-27 17:31:01.901 WARN   Polyline: must contain at least 2 different points
2026-08-27 17:31:01.901 WARN   Polyline: must contain at least 2 different points
2026-08-27 17:31:01.901 WARN   Polyline: must contain at least 2 different points
2026-08-27 17:31:01.902 WARN   Polyline: must contain at least 2 different points
2026-08-27 17:31:01.902 WARN   Polyline: must contain at least 2 different points
2026-08-27 17:31:01.902 WARN   Polyline: must contain at least 2 different points
2026-08-27 17:31:01.902 WARN   Polyline: must contain at least 2 different points
2026-08-27 17:31:01.902 WARN   Polyline: must contain at least 2 different points
2026-08-27 17:31:01.902 WARN   Polyline: must contain at least 2 different points
2026-08-27 17:31:01.903 WARN   Polyline: must contain at least 2 different points
2026-08-27 17:31:01.903 WARN   Polyline: must contain at least 2 different points
2026-08-27 17:31:01.903 WARN   Polyline: must contain at least 2 different points
2026-08-27 17:31:01.903 WARN   Polyline: must contain at least 2 different points
2026-08-27 17:31:01.903 WARN   Polyline: must contain at least 2 different points
2026-08-27 17:31:01.903 WARN   Polyline: must contain at least 2 different points
2026-08-27 17:31:01.904 WARN   Polyline: must contain at least 2 different points
2026-08-27 17:31:01.904 WARN   Polyline: must contain at least 2 different points
2026-08-27 17:31:01.904 WARN   Polyline: must contain at least 2 different points
2026-08-27 17:31:01.904 WARN   Polyline: must contain at least 2 different points
2026-08-27 17:31:01.904 WARN   Polyline: must contain at least 2 different points
2026-08-27 17:31:01.904 WARN   Polyline: must contain at least 2 different points
2026-08-27 17:31:01.905 WARN   Polyline: must contain at least 2 different points
2026-08-27 17:31:01.905 WARN   Polyline: must contain at least 2 different points
2026-08-27 17:31:01.905 WARN   Polyline: must contain at least 2 different points
2026-08-27 17:31:01.905 WARN   Polyline: must contain at least 2 different points
2026-08-27 17:31:01.905 WARN   Polyline: must contain at least 2 different points
2026-08-27 17:31:01.905 WARN   Polyline: must contain at least 2 different points
2026-08-27 17:31:01.906 WARN   Polyline: must contain at least 2 different points
2026-08-27 17:31:01.906 WARN   Polyline: must contain at least 2 different points
2026-08-27 17:31:01.906 WARN   Polyline: must contain at least 2 different points
2026-08-27 17:31:01.906 WARN   Polyline: must contain at least 2 different points
2026-08-27 17:31:01.906 WARN   Polyline: must contain at least 2 different points
2026-08-27 17:31:01.906 WARN   Polyline: must contain at least 2 different points
2026-08-27 17:31:01.907 WARN   Polyline: must contain at least 2 different points
2026-08-27 17:31:01.907 WARN   Polyline: must contain at least 2 different points
2026-08-27 17:31:01.907 WARN   Polyline: must contain at least 2 different points
2026-08-27 17:31:01.907 WARN   Polyline: must contain at least 2 different points
2026-08-27 17:31:01.907 WARN   Polyline: must contain at least 2 different points
2026-08-27 17:31:01.907 WARN   Polyline: must contain at least 2 different points
2026-08-27 17:31:01.908 WARN   Polyline: must contain at least 2 different points
2026-08-27 17:31:01.908 WARN   Polyline: must contain at least 2 different points
2026-08-27 17:31:01.908 WARN   Polyline: must contain at least 2 different points
2026-08-27 17:31:01.908 WARN   Polyline: must contain at least 2 different points
2026-08-27 17:31:01.908 WARN   Polyline: must contain at least 2 different points
2026-08-27 17:31:01.908 WARN   Polyline: must contain at least 2 different points
2026-08-27 17:31:01.909 WARN   Polyline: must contain at least 2 different points
2026-08-27 17:31:01.909 WARN   Polyline: must contain at least 2 different points
2026-08-27 17:31:01.909 WARN   Polyline: must contain at least 2 different points
2026-08-27 17:31:01.909 WARN   Polyline: must contain at least 2 different points
2026-08-27 17:31:01.909 WARN   Polyline: must contain at least 2 different points
2026-08-27 17:31:01.910 WARN   Polyline: must contain at least 2 different points
2026-08-27 17:31:01.910 WARN   Polyline: must contain at least 2 different points
2026-08-27 17:31:01.910 WARN   Polyline: must contain at least 2 different points
2026-08-27 17:31:01.910 WARN   Polyline: must contain at least 2 different points
2026-08-27 17:31:01.910 WARN   Polyline: must contain at least 2 different points
2026-08-27 17:31:01.910 WARN   Polyline: must contain at least 2 different points
2026-08-27 17:31:01.911 WARN   Polyline: must contain at least 2 different points
2026-08-27 17:31:01.911 WARN   Polyline: must contain at least 2 different points
2026-08-27 17:31:01.911 WARN   Polyline: must contain at least 2 different points
2026-08-27 17:31:01.911 WARN   Polyline: must contain at least 2 different points
2026-08-27 17:31:01.911 WARN   Polyline: must contain at least 2 different points
2026-08-27 17:31:01.911 WARN   Polyline: must contain at least 2 different points
2026-08-27 17:31:01.911 WARN   Polyline: must contain at least 2 different points
2026-08-27 17:31:01.912 WARN   Polyline: must contain at least 2 different points
2026-08-27 17:31:01.912 WARN   Polyline: must contain at least 2 different points
2026-08-27 17:31:01.912 WARN   Polyline: must contain at least 2 different points
2026-08-27 17:31:01.912 WARN   Polyline: must contain at least 2 different points
2026-08-27 17:31:01.912 WARN   Polyline: must contain at least 2 different points
2026-08-27 17:31:01.912 WARN   Polyline: must contain at least 2 different points
2026-08-27 17:31:01.913 WARN   Polyline: must contain at least 2 different points
2026-08-27 17:31:01.913 WARN   Polyline: must contain at least 2 different points
2026-08-27 17:31:01.913 WARN   Polyline: must contain at least 2 different points
2026-08-27 17:31:01.913 WARN   Polyline: must contain at least 2 different points
2026-08-27 17:31:01.913 WARN   Polyline: must contain at least 2 different points
2026-08-27 17:31:01.913 WARN   Polyline: must contain at least 2 different points
2026-08-27 17:31:01.914 WARN   Polyline: must contain at least 2 different points
2026-08-27 17:31:01.914 WARN   Polyline: must contain at least 2 different points
2026-08-27 17:31:01.914 WARN   Polyline: must contain at least 2 different points
2026-08-27 17:31:01.914 WARN   Polyline: must contain at least 2 different points
2026-08-27 17:31:01.914 WARN   Polyline: must contain at least 2 different points
2026-08-27 17:31:01.914 WARN   Polyline: must contain at least 2 different points
2026-08-27 17:31:01.915 WARN   Polyline: must contain at least 2 different points
2026-08-27 17:31:01.915 WARN   Polyline: must contain at least 2 different points
2026-08-27 17:31:01.915 WARN   Polyline: must contain at least 2 different points
2026-08-27 17:31:01.915 WARN   Polyline: must contain at least 2 different points
2026-08-27 17:31:01.915 WARN   Polyline: must contain at least 2 different points
2026-08-27 17:31:01.915 WARN   Polyline: must contain at least 2 different points
2026-08-27 17:31:01.916 WARN   Polyline: must contain at least 2 different points
2026-08-27 17:31:01.916 WARN   Polyline: must contain at least 2 different points
2026-08-27 17:31:01.916 WARN   Polyline: must contain at least 2 different points
2026-08-27 17:31:01.916 WARN   Polyline: must contain at least 2 different points
2026-08-27 17:31:01.916 WARN   Polyline: must contain at least 2 different points
2026-08-27 17:31:01.916 WARN   Polyline: must contain at least 2 different points
2026-08-27 17:31:01.917 WARN   Polyline: must contain at least 2 different points
2026-08-27 17:31:01.917 WARN   Polyline: must contain at least 2 different points
2026-08-27 17:31:01.917 WARN   Polyline: must contain at least 2 different points
2026-08-27 17:31:01.917 WARN   Polyline: must contain at least 2 different points
2026-08-27 17:31:01.917 WARN   Polyline: must contain at least 2 different points
2026-08-27 17:31:01.917 WARN   Polyline: must contain at least 2 different points
2026-08-27 17:31:01.918 WARN   Polyline: must contain at least 2 different points
2026-08-27 17:31:01.918 WARN   Polyline: must contain at least 2 different points
2026-08-27 17:31:01.918 WARN   Polyline: must contain at least 2 different points
2026-08-27 17:31:01.918 WARN   Polyline: must contain at least 2 different points
2026-08-27 17:31:01.918 WARN   Polyline: must contain at least 2 different points
2026-08-27 17:31:01.918 WARN   Polyline: must contain at least 2 different points
2026-08-27 17:31:01.919 WARN   Polyline: must contain at least 2 different points
2026-08-27 17:31:01.919 WARN   Polyline: must contain at least 2 different points
2026-08-27 17:31:01.919 WARN   Polyline: must contain at least 2 different points
2026-08-27 17:31:01.919 WARN   Polyline: must contain at least 2 different points
2026-08-27 17:31:01.919 WARN   Polyline: must contain at least 2 different points
2026-08-27 17:31:01.919 WARN   Polyline: must contain at least 2 different points
2026-08-27 17:31:01.920 WARN   Polyline: must contain at least 2 different points
2026-08-27 17:31:01.920 WARN   Polyline: must contain at least 2 different points
2026-08-27 17:31:01.920 WARN   Polyline: must contain at least 2 different points
2026-08-27 17:31:01.920 WARN   Polyline: must contain at least 2 different points
2026-08-27 17:31:01.920 WARN   Polyline: must contain at least 2 different points
2026-08-27 17:31:01.920 WARN   Polyline: must contain at least 2 different points
2026-08-27 17:31:01.921 WARN   Polyline: must contain at least 2 different points
2026-08-27 17:31:01.921 WARN   Polyline: must contain at least 2 different points
2026-08-27 17:31:01.921 WARN   Polyline: must contain at least 2 different points
2026-08-27 17:31:01.921 WARN   Polyline: must contain at least 2 different points
2026-08-27 17:31:01.921 WARN   Polyline: must contain at least 2 different points
2026-08-27 17:31:01.921 WARN   Polyline: must contain at least 2 different points
2026-08-27 17:31:01.922 WARN   Polyline: must contain at least 2 different points
2026-08-27 17:31:01.922 WARN   Polyline: must contain at least 2 different points
2026-08-27 17:31:01.922 WARN   Polyline: must contain at least 2 different points
2026-08-27 17:31:01.922 WARN   Polyline: must contain at least 2 different points
2026-08-27 17:31:01.922 WARN   Polyline: must contain at least 2 different points
2026-08-27 17:31:01.922 WARN   Polyline: must contain at least 2 different points
2026-08-27 17:31:01.923 WARN   Polyline: must contain at least 2 different points
2026-08-27 17:31:01.923 WARN   Polyline: must contain at least 2 different points
2026-08-27 17:31:01.923 WARN   Polyline: must contain at least 2 different points
2026-08-27 17:31:01.923 WARN   Polyline: must contain at least 2 different points
2026-08-27 17:31:01.923 WARN   Polyline: must contain at least 2 different points
2026-08-27 17:31:01.924 WARN   Polyline: must contain at least 2 different points
2026-08-27 17:31:01.924 WARN   Polyline: must contain at least 2 different points
2026-08-27 17:31:01.924 WARN   Polyline: must contain at least 2 different points
2026-08-27 17:31:01.924 WARN   Polyline: must contain at least 2 different points
2026-08-27 17:31:01.924 WARN   Polyline: must contain at least 2 different points
2026-08-27 17:31:01.924 WARN   Polyline: must contain at least 2 different points
2026-08-27 17:31:01.925 WARN   Polyline: must contain at least 2 different points
2026-08-27 17:31:01.925 WARN   Polyline: must contain at least 2 different points
2026-08-27 17:31:01.925 WARN   Polyline: must contain at least 2 different points
2026-08-27 17:31:01.925 WARN   Polyline: must contain at least 2 different points
2026-08-27 17:31:01.925 WARN   Polyline: must contain at least 2 different points
2026-08-27 17:31:01.925 WARN   Polyline: must contain at least 2 different points
2026-08-27 17:31:01.926 WARN   Polyline: must contain at least 2 different points
2026-08-27 17:31:01.926 WARN   Polyline: must contain at least 2 different points
2026-08-27 17:31:01.926 WARN   Polyline: must contain at least 2 different points
2026-08-27 17:31:01.926 WARN   Polyline: must contain at least 2 different points
2026-08-27 17:31:01.926 WARN   Polyline: must contain at least 2 different points
2026-08-27 17:31:01.926 WARN   Polyline: must contain at least 2 different points
2026-08-27 17:31:01.927 WARN   Polyline: must contain at least 2 different points
2026-08-27 17:31:01.927 WARN   Polyline: must contain at least 2 different points
2026-08-27 17:31:01.927 WARN   Polyline: must contain at least 2 different points
2026-08-27 17:31:01.927 WARN   Polyline: must contain at least 2 different points
2026-08-27 17:31:01.927 WARN   Polyline: must contain at least 2 different points
2026-08-27 17:31:01.927 WARN   Polyline: must contain at least 2 different points
2026-08-27 17:31:01.928 WARN   Polyline: must contain at least 2 different points
2026-08-27 17:31:01.928 WARN   Polyline: must contain at least 2 different points
2026-08-27 17:31:01.928 WARN   Polyline: must contain at least 2 different points
2026-08-27 17:31:01.928 WARN   Polyline: must contain at least 2 different points
2026-08-27 17:31:01.928 WARN   Polyline: must contain at least 2 different points
2026-08-27 17:31:01.928 WARN   Polyline: must contain at least 2 different points
2026-08-27 17:31:01.929 WARN   Polyline: must contain at least 2 different points
2026-08-27 17:31:01.929 WARN   Polyline: must contain at least 2 different points
2026-08-27 17:31:01.929 WARN   Polyline: must contain at least 2 different points
2026-08-27 17:31:01.929 WARN   Polyline: must contain at least 2 different points
2026-08-27 17:31:01.929 WARN   Polyline: must contain at least 2 different points
2026-08-27 17:31:01.929 WARN   Polyline: must contain at least 2 different points
2026-08-27 17:31:01.930 WARN   Polyline: must contain at least 2 different points
2026-08-27 17:31:01.930 WARN   Polyline: must contain at least 2 different points
2026-08-27 17:31:01.930 WARN   Polyline: must contain at least 2 different points
2026-08-27 17:31:01.930 WARN   Polyline: must contain at least 2 different points
2026-08-27 17:31:01.930 WARN   Polyline: must contain at least 2 different points
2026-08-27 17:31:01.930 WARN   Polyline: must contain at least 2 different points
2026-08-27 17:31:01.931 WARN   Polyline: must contain at least 2 different points
2026-08-27 17:31:01.931 WARN   Polyline: must contain at least 2 different points
2026-08-27 17:31:01.931 WARN   Polyline: must contain at least 2 different points
2026-08-27 17:31:01.931 WARN   Polyline: must contain at least 2 different points
2026-08-27 17:31:01.931 WARN   Polyline: must contain at least 2 different points
2026-08-27 17:31:01.931 WARN   Polyline: must contain at least 2 different points
2026-08-27 17:31:01.932 WARN   Polyline: must contain at least 2 different points
2026-08-27 17:31:01.932 WARN   Polyline: must contain at least 2 different points
2026-08-27 17:31:01.932 WARN   Polyline: must contain at least 2 different points
2026-08-27 17:31:01.932 WARN   Polyline: must contain at least 2 different points
2026-08-27 17:31:01.932 WARN   Polyline: must contain at least 2 different points
2026-08-27 17:31:01.932 WARN   Polyline: must contain at least 2 different points
2026-08-27 17:31:01.933 WARN   Polyline: must contain at least 2 different points
2026-08-27 17:31:01.933 WARN   Polyline: must contain at least 2 different points
2026-08-27 17:31:01.933 WARN   Polyline: must contain at least 2 different points
2026-08-27 17:31:01.933 WARN   Polyline: must contain at least 2 different points
2026-08-27 17:31:01.933 WARN   Polyline: must contain at least 2 different points
2026-08-27 17:31:01.933 WARN   Polyline: must contain at least 2 different points
2026-08-27 17:31:01.934 WARN   Polyline: must contain at least 2 different points
2026-08-27 17:31:01.934 WARN   Polyline: must contain at least 2 different points
2026-08-27 17:31:01.934 WARN   Polyline: must contain at least 2 different points
2026-08-27 17:31:01.934 WARN   Polyline: must contain at least 2 different points
2026-08-27 17:31:01.934 WARN   Polyline: must contain at least 2 different points
2026-08-27 17:31:01.935 WARN   Polyline: must contain at least 2 different points
2026-08-27 17:31:01.935 WARN   Polyline: must contain at least 2 different points
2026-08-27 17:31:01.935 WARN   Polyline: must contain at least 2 different points
2026-08-27 17:31:01.935 WARN   Polyline: must contain at least 2 different points
2026-08-27 17:31:01.935 WARN   Polyline: must contain at least 2 different points
2026-08-27 17:31:01.935 WARN   Polyline: must contain at least 2 different points
2026-08-27 17:31:01.936 WARN   Polyline: must contain at least 2 different points
2026-08-27 17:31:01.936 WARN   Polyline: must contain at least 2 different points
2026-08-27 17:31:01.936 WARN   Polyline: must contain at least 2 different points
2026-08-27 17:31:01.936 WARN   Polyline: must contain at least 2 different points
2026-08-27 17:31:01.936 WARN   Polyline: must contain at least 2 different points
2026-08-27 17:31:01.936 WARN   Polyline: must contain at least 2 different points
2026-08-27 17:31:01.936 WARN   Polyline: must contain at least 2 different points
2026-08-27 17:31:01.937 WARN   Polyline: must contain at least 2 different points
2026-08-27 17:31:01.937 WARN   Polyline: must contain at least 2 different points
2026-08-27 17:31:01.937 WARN   Polyline: must contain at least 2 different points
2026-08-27 17:31:01.937 WARN   Polyline: must contain at least 2 different points
2026-08-27 17:31:01.937 WARN   Polyline: must contain at least 2 different points
2026-08-27 17:31:01.937 WARN   Polyline: must contain at least 2 different points
2026-08-27 17:31:01.938 WARN   Polyline: must contain at least 2 different points
2026-08-27 17:31:01.938 WARN   Polyline: must contain at least 2 different points
2026-08-27 17:31:01.938 WARN   Polyline: must contain at least 2 different points
2026-08-27 17:31:01.938 WARN   Polyline: must contain at least 2 different points
2026-08-27 17:31:01.938 WARN   Polyline: must contain at least 2 different points
2026-08-27 17:31:01.938 WARN   Polyline: must contain at least 2 different points
2026-08-27 17:31:01.939 WARN   Polyline: must contain at least 2 different points
2026-08-27 17:31:01.939 WARN   Polyline: must contain at least 2 different points
2026-08-27 17:31:01.939 WARN   Polyline: must contain at least 2 different points
2026-08-27 17:31:01.939 WARN   Polyline: must contain at least 2 different points
2026-08-27 17:31:01.941 WARN   Polyline: must contain at least 2 different points
2026-08-27 17:31:01.942 WARN   Polyline: must contain at least 2 different points
2026-08-27 17:31:01.942 WARN   Polyline: must contain at least 2 different points
2026-08-27 17:31:01.942 WARN   Polyline: must contain at least 2 different points
2026-08-27 17:31:01.942 WARN   Polyline: must contain at least 2 different points
2026-08-27 17:31:01.942 WARN   Polyline: must contain at least 2 different points
2026-08-27 17:31:01.943 WARN   Polyline: must contain at least 2 different points
2026-08-27 17:31:01.943 WARN   Polyline: must contain at least 2 different points
2026-08-27 17:31:01.943 WARN   Polyline: must contain at least 2 different points
2026-08-27 17:31:01.943 WARN   Polyline: must contain at least 2 different points
2026-08-27 17:31:01.943 WARN   Polyline: must contain at least 2 different points
2026-08-27 17:31:01.943 WARN   Polyline: must contain at least 2 different points
2026-08-27 17:31:01.944 WARN   Polyline: must contain at least 2 different points
2026-08-27 17:31:01.944 WARN   Polyline: must contain at least 2 different points
2026-08-27 17:31:01.944 WARN   Polyline: must contain at least 2 different points
2026-08-27 17:31:01.944 WARN   Polyline: must contain at least 2 different points
2026-08-27 17:31:01.944 WARN   Polyline: must contain at least 2 different points
2026-08-27 17:31:01.944 WARN   Polyline: must contain at least 2 different points
2026-08-27 17:31:01.945 WARN   Polyline: must contain at least 2 different points
2026-08-27 17:31:01.945 WARN   Polyline: must contain at least 2 different points
2026-08-27 17:31:01.945 WARN   Polyline: must contain at least 2 different points
2026-08-27 17:31:01.945 WARN   Polyline: must contain at least 2 different points
2026-08-27 17:31:01.945 WARN   Polyline: must contain at least 2 different points
2026-08-27 17:31:01.946 WARN   Polyline: must contain at least 2 different points
2026-08-27 17:31:01.946 WARN   Polyline: must contain at least 2 different points
2026-08-27 17:31:01.946 WARN   Polyline: must contain at least 2 different points
2026-08-27 17:31:01.946 WARN   Polyline: must contain at least 2 different points
2026-08-27 17:31:01.946 WARN   Polyline: must contain at least 2 different points
2026-08-27 17:31:01.946 WARN   Polyline: must contain at least 2 different points
2026-08-27 17:31:01.947 WARN   Polyline: must contain at least 2 different points
2026-08-27 17:31:01.947 WARN   Polyline: must contain at least 2 different points
2026-08-27 17:31:01.947 WARN   Polyline: must contain at least 2 different points
2026-08-27 17:31:01.947 WARN   Polyline: must contain at least 2 different points
2026-08-27 17:31:01.947 WARN   Polyline: must contain at least 2 different points
2026-08-27 17:31:01.947 WARN   Polyline: must contain at least 2 different points
2026-08-27 17:31:01.948 WARN   Polyline: must contain at least 2 different points
2026-08-27 17:31:01.948 WARN   Polyline: must contain at least 2 different points
2026-08-27 17:31:01.948 WARN   Polyline: must contain at least 2 different points
2026-08-27 17:31:01.948 WARN   Polyline: must contain at least 2 different points
2026-08-27 17:31:01.948 WARN   Polyline: must contain at least 2 different points
2026-08-27 17:31:01.948 WARN   Polyline: must contain at least 2 different points
2026-08-27 17:31:01.949 WARN   Polyline: must contain at least 2 different points
2026-08-27 17:31:01.949 WARN   Polyline: must contain at least 2 different points
2026-08-27 17:31:01.949 WARN   Polyline: must contain at least 2 different points
2026-08-27 17:31:01.949 WARN   Polyline: must contain at least 2 different points
2026-08-27 17:31:01.949 WARN   Polyline: must contain at least 2 different points
2026-08-27 17:31:01.950 WARN   Polyline: must contain at least 2 different points
2026-08-27 17:31:01.950 WARN   Polyline: must contain at least 2 different points
2026-08-27 17:31:01.950 WARN   Polyline: must contain at least 2 different points
2026-08-27 17:31:01.950 WARN   Polyline: must contain at least 2 different points
2026-08-27 17:31:01.950 WARN   Polyline: must contain at least 2 different points
2026-08-27 17:31:01.950 WARN   Polyline: must contain at least 2 different points
2026-08-27 17:31:01.951 WARN   Polyline: must contain at least 2 different points
2026-08-27 17:31:01.951 WARN   Polyline: must contain at least 2 different points
2026-08-27 17:31:01.951 WARN   Polyline: must contain at least 2 different points
2026-08-27 17:31:01.951 WARN   Polyline: must contain at least 2 different points
2026-08-27 17:31:01.951 WARN   Polyline: must contain at least 2 different points
2026-08-27 17:31:01.951 WARN   Polyline: must contain at least 2 different points
2026-08-27 17:31:01.952 WARN   Polyline: must contain at least 2 different points
2026-08-27 17:31:01.952 WARN   Polyline: must contain at least 2 different points
2026-08-27 17:31:01.952 WARN   Polyline: must contain at least 2 different points
2026-08-27 17:31:01.952 WARN   Polyline: must contain at least 2 different points
2026-08-27 17:31:01.952 WARN   Polyline: must contain at least 2 different points
2026-08-27 17:31:01.953 WARN   Polyline: must contain at least 2 different points
2026-08-27 17:31:01.953 WARN   Polyline: must contain at least 2 different points
2026-08-27 17:31:01.953 WARN   Polyline: must contain at least 2 different points
2026-08-27 17:31:01.953 WARN   Polyline: must contain at least 2 different points
2026-08-27 17:31:01.953 WARN   Polyline: must contain at least 2 different points
2026-08-27 17:31:01.953 WARN   Polyline: must contain at least 2 different points
2026-08-27 17:31:01.954 WARN   Polyline: must contain at least 2 different points
2026-08-27 17:31:01.954 WARN   Polyline: must contain at least 2 different points
2026-08-27 17:31:01.954 WARN   Polyline: must contain at least 2 different points
2026-08-27 17:31:01.954 WARN   Polyline: must contain at least 2 different points
2026-08-27 17:31:01.954 WARN   Polyline: must contain at least 2 different points
2026-08-27 17:31:01.954 WARN   Polyline: must contain at least 2 different points
2026-08-27 17:31:01.955 WARN   Polyline: must contain at least 2 different points
2026-08-27 17:31:01.955 WARN   Polyline: must contain at least 2 different points
2026-08-27 17:31:01.955 WARN   Polyline: must contain at least 2 different points
2026-08-27 17:31:01.955 WARN   Polyline: must contain at least 2 different points
2026-08-27 17:31:01.955 WARN   Polyline: must contain at least 2 different points
2026-08-27 17:31:01.956 WARN   Polyline: must contain at least 2 different points
2026-08-27 17:31:01.956 WARN   Polyline: must contain at least 2 different points
2026-08-27 17:31:01.956 WARN   Polyline: must contain at least 2 different points
2026-08-27 17:31:01.956 WARN   Polyline: must contain at least 2 different points
2026-08-27 17:31:01.956 WARN   Polyline: must contain at least 2 different points
2026-08-27 17:31:01.956 WARN   Polyline: must contain at least 2 different points
2026-08-27 17:31:01.957 WARN   Polyline: must contain at least 2 different points
2026-08-27 17:31:01.957 WARN   Polyline: must contain at least 2 different points
2026-08-27 17:31:01.957 WARN   Polyline: must contain at least 2 different points
2026-08-27 17:31:01.957 WARN   Polyline: must contain at least 2 different points
2026-08-27 17:31:01.957 WARN   Polyline: must contain at least 2 different points
2026-08-27 17:31:01.957 WARN   Polyline: must contain at least 2 different points
2026-08-27 17:31:01.958 WARN   Polyline: must contain at least 2 different points
2026-08-27 17:31:01.958 WARN   Polyline: must contain at least 2 different points
2026-08-27 17:31:01.958 WARN   Polyline: must contain at least 2 different points
2026-08-27 17:31:01.958 WARN   Polyline: must contain at least 2 different points
2026-08-27 17:31:01.958 WARN   Polyline: must contain at least 2 different points
2026-08-27 17:31:01.959 WARN   Polyline: must contain at least 2 different points
2026-08-27 17:31:01.959 WARN   Polyline: must contain at least 2 different points
2026-08-27 17:31:01.959 WARN   Polyline: must contain at least 2 different points
2026-08-27 17:31:01.959 WARN   Polyline: must contain at least 2 different points
2026-08-27 17:31:01.959 WARN   Polyline: must contain at least 2 different points
2026-08-27 17:31:01.960 WARN   Polyline: must contain at least 2 different points
2026-08-27 17:31:01.960 WARN   Polyline: must contain at least 2 different points
2026-08-27 17:31:01.960 WARN   Polyline: must contain at least 2 different points
2026-08-27 17:31:01.960 WARN   Polyline: must contain at least 2 different points
2026-08-27 17:31:01.960 WARN   Polyline: must contain at least 2 different points
2026-08-27 17:31:01.960 WARN   Polyline: must contain at least 2 different points
2026-08-27 17:31:01.961 WARN   Polyline: must contain at least 2 different points
2026-08-27 17:31:01.961 WARN   Polyline: must contain at least 2 different points
2026-08-27 17:31:01.961 WARN   Polyline: must contain at least 2 different points
2026-08-27 17:31:01.961 WARN   Polyline: must contain at least 2 different points
2026-08-27 17:31:01.961 WARN   Polyline: must contain at least 2 different points
2026-08-27 17:31:01.961 WARN   Polyline: must contain at least 2 different points
2026-08-27 17:31:01.962 WARN   Polyline: must contain at least 2 different points
2026-08-27 17:31:01.962 WARN   Polyline: must contain at least 2 different points
2026-08-27 17:31:01.962 WARN   Polyline: must contain at least 2 different points
2026-08-27 17:31:01.962 WARN   Polyline: must contain at least 2 different points
2026-08-27 17:31:01.962 WARN   Polyline: must contain at least 2 different points
2026-08-27 17:31:01.962 WARN   Polyline: must contain at least 2 different points
2026-08-27 17:31:01.963 WARN   Polyline: must contain at least 2 different points
2026-08-27 17:31:01.963 WARN   Polyline: must contain at least 2 different points
2026-08-27 17:31:01.963 WARN   Polyline: must contain at least 2 different points
2026-08-27 17:31:01.963 WARN   Polyline: must contain at least 2 different points
2026-08-27 17:31:01.963 WARN   Polyline: must contain at least 2 different points
2026-08-27 17:31:01.963 WARN   Polyline: must contain at least 2 different points
2026-08-27 17:31:01.964 WARN   Polyline: must contain at least 2 different points
2026-08-27 17:31:01.964 WARN   Polyline: must contain at least 2 different points
2026-08-27 17:31:01.964 WARN   Polyline: must contain at least 2 different points
2026-08-27 17:31:01.964 WARN   Polyline: must contain at least 2 different points
2026-08-27 17:31:01.964 WARN   Polyline: must contain at least 2 different points
2026-08-27 17:31:01.964 WARN   Polyline: must contain at least 2 different points
2026-08-27 17:31:01.965 WARN   Polyline: must contain at least 2 different points
2026-08-27 17:31:01.965 WARN   Polyline: must contain at least 2 different points
2026-08-27 17:31:01.965 WARN   Polyline: must contain at least 2 different points
2026-08-27 17:31:01.965 WARN   Polyline: must contain at least 2 different points
2026-08-27 17:31:01.965 WARN   Polyline: must contain at least 2 different points
2026-08-27 17:31:01.965 WARN   Polyline: must contain at least 2 different points
2026-08-27 17:31:01.966 WARN   Polyline: must contain at least 2 different points
2026-08-27 17:31:01.966 WARN   Polyline: must contain at least 2 different points
2026-08-27 17:31:01.966 WARN   Polyline: must contain at least 2 different points
2026-08-27 17:31:01.966 WARN   Polyline: must contain at least 2 different points
2026-08-27 17:31:01.966 WARN   Polyline: must contain at least 2 different points
2026-08-27 17:31:01.966 WARN   Polyline: must contain at least 2 different points
2026-08-27 17:31:01.967 WARN   Polyline: must contain at least 2 different points
2026-08-27 17:31:01.967 WARN   Polyline: must contain at least 2 different points
2026-08-27 17:31:01.967 WARN   Polyline: must contain at least 2 different points
2026-08-27 17:31:01.967 WARN   Polyline: must contain at least 2 different points
2026-08-27 17:31:01.967 WARN   Polyline: must contain at least 2 different points
2026-08-27 17:31:01.967 WARN   Polyline: must contain at least 2 different points
2026-08-27 17:31:01.968 WARN   Polyline: must contain at least 2 different points
2026-08-27 17:31:01.968 WARN   Polyline: must contain at least 2 different points
2026-08-27 17:31:01.968 WARN   Polyline: must contain at least 2 different points
2026-08-27 17:31:01.968 WARN   Polyline: must contain at least 2 different points
2026-08-27 17:31:01.968 WARN   Polyline: must contain at least 2 different points
2026-08-27 17:31:01.968 WARN   Polyline: must contain at least 2 different points
2026-08-27 17:31:01.969 WARN   Polyline: must contain at least 2 different points
2026-08-27 17:31:01.969 WARN   Polyline: must contain at least 2 different points
2026-08-27 17:31:01.969 WARN   Polyline: must contain at least 2 different points
2026-08-27 17:31:01.969 WARN   Polyline: must contain at least 2 different points
2026-08-27 17:31:01.969 WARN   Polyline: must contain at least 2 different points
2026-08-27 17:31:01.969 WARN   Polyline: must contain at least 2 different points
2026-08-27 17:31:01.970 WARN   Polyline: must contain at least 2 different points
2026-08-27 17:31:01.970 WARN   Polyline: must contain at least 2 different points
2026-08-27 17:31:01.970 WARN   Polyline: must contain at least 2 different points
2026-08-27 17:31:01.970 WARN   Polyline: must contain at least 2 different points
2026-08-27 17:31:01.970 WARN   Polyline: must contain at least 2 different points
2026-08-27 17:31:01.970 WARN   Polyline: must contain at least 2 different points
2026-08-27 17:31:01.971 WARN   Polyline: must contain at least 2 different points
2026-08-27 17:31:01.971 WARN   Polyline: must contain at least 2 different points
2026-08-27 17:31:01.971 WARN   Polyline: must contain at least 2 different points
2026-08-27 17:31:01.971 WARN   Polyline: must contain at least 2 different points
2026-08-27 17:31:01.971 WARN   Polyline: must contain at least 2 different points
2026-08-27 17:31:01.971 WARN   Polyline: must contain at least 2 different points
2026-08-27 17:31:01.972 WARN   Polyline: must contain at least 2 different points
2026-08-27 17:31:01.972 WARN   Polyline: must contain at least 2 different points
2026-08-27 17:31:01.972 WARN   Polyline: must contain at least 2 different points
2026-08-27 17:31:01.972 WARN   Polyline: must contain at least 2 different points
2026-08-27 17:31:01.972 WARN   Polyline: must contain at least 2 different points
2026-08-27 17:31:01.972 WARN   Polyline: must contain at least 2 different points
2026-08-27 17:31:01.973 WARN   Polyline: must contain at least 2 different points
2026-08-27 17:31:01.973 WARN   Polyline: must contain at least 2 different points
2026-08-27 17:31:01.973 WARN   Polyline: must contain at least 2 different points
2026-08-27 17:31:01.973 WARN   Polyline: must contain at least 2 different points
2026-08-27 17:31:01.973 WARN   Polyline: must contain at least 2 different points
2026-08-27 17:31:01.974 WARN   Polyline: must contain at least 2 different points
2026-08-27 17:31:01.974 WARN   Polyline: must contain at least 2 different points
2026-08-27 17:31:01.974 WARN   Polyline: must contain at least 2 different points
2026-08-27 17:31:01.974 WARN   Polyline: must contain at least 2 different points
2026-08-27 17:31:01.974 WARN   Polyline: must contain at least 2 different points
2026-08-27 17:31:01.974 WARN   Polyline: must contain at least 2 different points
2026-08-27 17:31:01.975 WARN   Polyline: must contain at least 2 different points
2026-08-27 17:31:01.975 WARN   Polyline: must contain at least 2 different points
2026-08-27 17:31:01.975 WARN   Polyline: must contain at least 2 different points
2026-08-27 17:31:01.975 WARN   Polyline: must contain at least 2 different points
2026-08-27 17:31:01.975 WARN   Polyline: must contain at least 2 different points
2026-08-27 17:31:01.975 WARN   Polyline: must contain at least 2 different points
2026-08-27 17:31:01.975 WARN   Polyline: must contain at least 2 different points
2026-08-27 17:31:01.976 WARN   Polyline: must contain at least 2 different points
2026-08-27 17:31:01.976 WARN   Polyline: must contain at least 2 different points
2026-08-27 17:31:01.976 WARN   Polyline: must contain at least 2 different points
2026-08-27 17:31:01.976 WARN   Polyline: must contain at least 2 different points
2026-08-27 17:31:01.976 WARN   Polyline: must contain at least 2 different points
2026-08-27 17:31:01.976 WARN   Polyline: must contain at least 2 different points
2026-08-27 17:31:01.977 WARN   Polyline: must contain at least 2 different points
2026-08-27 17:31:01.977 WARN   Polyline: must contain at least 2 different points
2026-08-27 17:31:01.977 WARN   Polyline: must contain at least 2 different points
2026-08-27 17:31:01.977 WARN   Polyline: must contain at least 2 different points
2026-08-27 17:31:01.977 WARN   Polyline: must contain at least 2 different points
2026-08-27 17:31:01.977 WARN   Polyline: must contain at least 2 different points
2026-08-27 17:31:01.978 WARN   Polyline: must contain at least 2 different points
2026-08-27 17:31:01.978 WARN   Polyline: must contain at least 2 different points
2026-08-27 17:31:01.978 WARN   Polyline: must contain at least 2 different points
2026-08-27 17:31:01.978 WARN   Polyline: must contain at least 2 different points
2026-08-27 17:31:01.978 WARN   Polyline: must contain at least 2 different points
2026-08-27 17:31:01.978 WARN   Polyline: must contain at least 2 different points
2026-08-27 17:31:01.979 WARN   Polyline: must contain at least 2 different points
2026-08-27 17:31:01.979 WARN   Polyline: must contain at least 2 different points
2026-08-27 17:31:01.979 WARN   Polyline: must contain at least 2 different points
2026-08-27 17:31:01.979 WARN   Polyline: must contain at least 2 different points
2026-08-27 17:31:01.979 WARN   Polyline: must contain at least 2 different points
2026-08-27 17:31:01.979 WARN   Polyline: must contain at least 2 different points
2026-08-27 17:31:01.980 WARN   Polyline: must contain at least 2 different points
2026-08-27 17:31:01.980 WARN   Polyline: must contain at least 2 different points
2026-08-27 17:31:01.980 WARN   Polyline: must contain at least 2 different points
2026-08-27 17:31:01.980 WARN   Polyline: must contain at least 2 different points
2026-08-27 17:31:01.980 WARN   Polyline: must contain at least 2 different points
2026-08-27 17:31:01.981 WARN   Polyline: must contain at least 2 different points
2026-08-27 17:31:01.981 WARN   Polyline: must contain at least 2 different points
2026-08-27 17:31:01.981 WARN   Polyline: must contain at least 2 different points
2026-08-27 17:31:01.981 WARN   Polyline: must contain at least 2 different points
2026-08-27 17:31:01.981 WARN   Polyline: must contain at least 2 different points
2026-08-27 17:31:01.981 WARN   Polyline: must contain at least 2 different points
2026-08-27 17:31:01.981 WARN   Polyline: must contain at least 2 different points
2026-08-27 17:31:01.982 WARN   Polyline: must contain at least 2 different points
2026-08-27 17:31:01.982 WARN   Polyline: must contain at least 2 different points
2026-08-27 17:31:01.982 WARN   Polyline: must contain at least 2 different points
2026-08-27 17:31:01.982 WARN   Polyline: must contain at least 2 different points
2026-08-27 17:31:01.982 WARN   Polyline: must contain at least 2 different points
2026-08-27 17:31:01.983 WARN   Polyline: must contain at least 2 different points
2026-08-27 17:31:01.983 WARN   Polyline: must contain at least 2 different points
2026-08-27 17:31:01.983 WARN   Polyline: must contain at least 2 different points
2026-08-27 17:31:01.983 WARN   Polyline: must contain at least 2 different points
2026-08-27 17:31:01.983 WARN   Polyline: must contain at least 2 different points
2026-08-27 17:31:01.983 WARN   Polyline: must contain at least 2 different points
2026-08-27 17:31:01.984 WARN   Polyline: must contain at least 2 different points
2026-08-27 17:31:01.984 WARN   Polyline: must contain at least 2 different points
2026-08-27 17:31:01.984 WARN   Polyline: must contain at least 2 different points
2026-08-27 17:31:01.984 WARN   Polyline: must contain at least 2 different points
2026-08-27 17:31:01.984 WARN   Polyline: must contain at least 2 different points
2026-08-27 17:31:01.984 WARN   Polyline: must contain at least 2 different points
2026-08-27 17:31:01.985 WARN   Polyline: must contain at least 2 different points
2026-08-27 17:31:01.985 WARN   Polyline: must contain at least 2 different points
2026-08-27 17:31:01.985 WARN   Polyline: must contain at least 2 different points
2026-08-27 17:31:01.985 WARN   Polyline: must contain at least 2 different points
2026-08-27 17:31:01.985 WARN   Polyline: must contain at least 2 different points
2026-08-27 17:31:01.985 WARN   Polyline: must contain at least 2 different points
2026-08-27 17:31:01.986 WARN   Polyline: must contain at least 2 different points
2026-08-27 17:31:01.986 WARN   Polyline: must contain at least 2 different points
2026-08-27 17:31:01.986 WARN   Polyline: must contain at least 2 different points
2026-08-27 17:31:01.986 WARN   Polyline: must contain at least 2 different points
2026-08-27 17:31:01.986 WARN   Polyline: must contain at least 2 different points
2026-08-27 17:31:01.986 WARN   Polyline: must contain at least 2 different points
2026-08-27 17:31:01.987 WARN   Polyline: must contain at least 2 different points
2026-08-27 17:31:01.987 WARN   Polyline: must contain at least 2 different points
2026-08-27 17:31:01.987 WARN   Polyline: must contain at least 2 different points
2026-08-27 17:31:01.987 WARN   Polyline: must contain at least 2 different points
2026-08-27 17:31:01.987 WARN   Polyline: must contain at least 2 different points
2026-08-27 17:31:01.988 WARN   Polyline: must contain at least 2 different points
2026-08-27 17:31:01.988 WARN   Polyline: must contain at least 2 different points
2026-08-27 17:31:01.988 WARN   Polyline: must contain at least 2 different points
2026-08-27 17:31:01.988 WARN   Polyline: must contain at least 2 different points
2026-08-27 17:31:01.988 WARN   Polyline: must contain at least 2 different points
2026-08-27 17:31:01.988 WARN   Polyline: must contain at least 2 different points
2026-08-27 17:31:01.989 WARN   Polyline: must contain at least 2 different points
2026-08-27 17:31:01.989 WARN   Polyline: must contain at least 2 different points
2026-08-27 17:31:01.989 WARN   Polyline: must contain at least 2 different points
2026-08-27 17:31:01.989 WARN   Polyline: must contain at least 2 different points
2026-08-27 17:31:01.989 WARN   Polyline: must contain at least 2 different points
2026-08-27 17:31:01.989 WARN   Polyline: must contain at least 2 different points
2026-08-27 17:31:01.990 WARN   Polyline: must contain at least 2 different points
2026-08-27 17:31:01.990 WARN   Polyline: must contain at least 2 different points
2026-08-27 17:31:01.990 WARN   Polyline: must contain at least 2 different points
2026-08-27 17:31:01.990 WARN   Polyline: must contain at least 2 different points
2026-08-27 17:31:01.990 WARN   Polyline: must contain at least 2 different points
2026-08-27 17:31:01.990 WARN   Polyline: must contain at least 2 different points
2026-08-27 17:31:01.991 WARN   Polyline: must contain at least 2 different points
2026-08-27 17:31:01.991 WARN   Polyline: must contain at least 2 different points
2026-08-27 17:31:01.991 WARN   Polyline: must contain at least 2 different points
2026-08-27 17:31:01.991 WARN   Polyline: must contain at least 2 different points
2026-08-27 17:31:01.991 WARN   Polyline: must contain at least 2 different points
2026-08-27 17:31:01.991 WARN   Polyline: must contain at least 2 different points
2026-08-27 17:31:01.992 WARN   Polyline: must contain at least 2 different points
2026-08-27 17:31:01.992 WARN   Polyline: must contain at least 2 different points
2026-08-27 17:31:01.992 WARN   Polyline: must contain at least 2 different points
2026-08-27 17:31:01.992 WARN   Polyline: must contain at least 2 different points
2026-08-27 17:31:01.992 WARN   Polyline: must contain at least 2 different points
2026-08-27 17:31:01.993 WARN   Polyline: must contain at least 2 different points
2026-08-27 17:31:01.993 WARN   Polyline: must contain at least 2 different points
2026-08-27 17:31:01.993 WARN   Polyline: must contain at least 2 different points
2026-08-27 17:31:01.993 WARN   Polyline: must contain at least 2 different points
2026-08-27 17:31:01.993 WARN   Polyline: must contain at least 2 different points
2026-08-27 17:31:01.993 WARN   Polyline: must contain at least 2 different points
2026-08-27 17:31:01.994 WARN   Polyline: must contain at least 2 different points
2026-08-27 17:31:01.994 WARN   Polyline: must contain at least 2 different points
2026-08-27 17:31:01.994 WARN   Polyline: must contain at least 2 different points
2026-08-27 17:31:01.994 WARN   Polyline: must contain at least 2 different points
2026-08-27 17:31:01.994 WARN   Polyline: must contain at least 2 different points
2026-08-27 17:31:01.994 WARN   Polyline: must contain at least 2 different points
2026-08-27 17:31:01.995 WARN   Polyline: must contain at least 2 different points
2026-08-27 17:31:01.995 WARN   Polyline: must contain at least 2 different points
2026-08-27 17:31:01.995 WARN   Polyline: must contain at least 2 different points
2026-08-27 17:31:01.995 WARN   Polyline: must contain at least 2 different points
2026-08-27 17:31:01.995 WARN   Polyline: must contain at least 2 different points
2026-08-27 17:31:01.995 WARN   Polyline: must contain at least 2 different points
2026-08-27 17:31:01.996 WARN   Polyline: must contain at least 2 different points
2026-08-27 17:31:01.996 WARN   Polyline: must contain at least 2 different points
2026-08-27 17:31:01.996 WARN   Polyline: must contain at least 2 different points
2026-08-27 17:31:01.996 WARN   Polyline: must contain at least 2 different points
2026-08-27 17:31:01.996 WARN   Polyline: must contain at least 2 different points
2026-08-27 17:31:01.997 WARN   Polyline: must contain at least 2 different points
2026-08-27 17:31:01.997 WARN   Polyline: must contain at least 2 different points
2026-08-27 17:31:01.997 WARN   Polyline: must contain at least 2 different points
2026-08-27 17:31:01.997 WARN   Polyline: must contain at least 2 different points
2026-08-27 17:31:01.997 WARN   Polyline: must contain at least 2 different points
2026-08-27 17:31:01.997 WARN   Polyline: must contain at least 2 different points
2026-08-27 17:31:01.998 WARN   Polyline: must contain at least 2 different points
2026-08-27 17:31:01.998 WARN   Polyline: must contain at least 2 different points
2026-08-27 17:31:01.998 WARN   Polyline: must contain at least 2 different points
2026-08-27 17:31:01.998 WARN   Polyline: must contain at least 2 different points
2026-08-27 17:31:01.998 WARN   Polyline: must contain at least 2 different points
2026-08-27 17:31:01.999 WARN   Polyline: must contain at least 2 different points
2026-08-27 17:31:01.999 WARN   Polyline: must contain at least 2 different points
2026-08-27 17:31:01.999 WARN   Polyline: must contain at least 2 different points
2026-08-27 17:31:01.999 WARN   Polyline: must contain at least 2 different points
2026-08-27 17:31:01.999 WARN   Polyline: must contain at least 2 different points
2026-08-27 17:31:01.999 WARN   Polyline: must contain at least 2 different points
2026-08-27 17:31:02.000 WARN   Polyline: must contain at least 2 different points
2026-08-27 17:31:02.000 WARN   Polyline: must contain at least 2 different points
2026-08-27 17:31:02.000 WARN   Polyline: must contain at least 2 different points
2026-08-27 17:31:02.000 WARN   Polyline: must contain at least 2 different points
2026-08-27 17:31:02.000 WARN   Polyline: must contain at least 2 different points
2026-08-27 17:31:02.001 WARN   Polyline: must contain at least 2 different points
2026-08-27 17:31:02.001 WARN   Polyline: must contain at least 2 different points
2026-08-27 17:31:02.001 WARN   Polyline: must contain at least 2 different points
2026-08-27 17:31:02.001 WARN   Polyline: must contain at least 2 different points
2026-08-27 17:31:02.001 WARN   Polyline: must contain at least 2 different points
2026-08-27 17:31:02.001 WARN   Polyline: must contain at least 2 different points
2026-08-27 17:31:02.002 WARN   Polyline: must contain at least 2 different points
2026-08-27 17:31:02.002 WARN   Polyline: must contain at least 2 different points
2026-08-27 17:31:02.002 WARN   Polyline: must contain at least 2 different points
2026-08-27 17:31:02.002 WARN   Polyline: must contain at least 2 different points
2026-08-27 17:31:02.002 WARN   Polyline: must contain at least 2 different points
2026-08-27 17:31:02.002 WARN   Polyline: must contain at least 2 different points
2026-08-27 17:31:02.003 WARN   Polyline: must contain at least 2 different points
2026-08-27 17:31:02.003 WARN   Polyline: must contain at least 2 different points
2026-08-27 17:31:02.003 WARN   Polyline: must contain at least 2 different points
2026-08-27 17:31:02.003 WARN   Polyline: must contain at least 2 different points
2026-08-27 17:31:02.003 WARN   Polyline: must contain at least 2 different points
2026-08-27 17:31:02.003 WARN   Polyline: must contain at least 2 different points
2026-08-27 17:31:02.004 WARN   Polyline: must contain at least 2 different points
2026-08-27 17:31:02.004 WARN   Polyline: must contain at least 2 different points
2026-08-27 17:31:02.004 WARN   Polyline: must contain at least 2 different points
2026-08-27 17:31:02.004 WARN   Polyline: must contain at least 2 different points
2026-08-27 17:31:02.004 WARN   Polyline: must contain at least 2 different points
2026-08-27 17:31:02.004 WARN   Polyline: must contain at least 2 different points
2026-08-27 17:31:02.005 WARN   Polyline: must contain at least 2 different points
2026-08-27 17:31:02.005 WARN   Polyline: must contain at least 2 different points
2026-08-27 17:31:02.005 WARN   Polyline: must contain at least 2 different points
2026-08-27 17:31:02.005 WARN   Polyline: must contain at least 2 different points
2026-08-27 17:31:02.005 WARN   Polyline: must contain at least 2 different points
2026-08-27 17:31:02.005 WARN   Polyline: must contain at least 2 different points
2026-08-27 17:31:02.006 WARN   Polyline: must contain at least 2 different points
2026-08-27 17:31:02.006 WARN   Polyline: must contain at least 2 different points
2026-08-27 17:31:02.006 WARN   Polyline: must contain at least 2 different points
2026-08-27 17:31:02.006 WARN   Polyline: must contain at least 2 different points
2026-08-27 17:31:02.006 WARN   Polyline: must contain at least 2 different points
2026-08-27 17:31:02.006 WARN   Polyline: must contain at least 2 different points
2026-08-27 17:31:02.007 WARN   Polyline: must contain at least 2 different points
2026-08-27 17:31:02.007 WARN   Polyline: must contain at least 2 different points
2026-08-27 17:31:02.007 WARN   Polyline: must contain at least 2 different points
2026-08-27 17:31:02.007 WARN   Polyline: must contain at least 2 different points
2026-08-27 17:31:02.007 WARN   Polyline: must contain at least 2 different points
2026-08-27 17:31:02.007 WARN   Polyline: must contain at least 2 different points
2026-08-27 17:31:02.008 WARN   Polyline: must contain at least 2 different points
2026-08-27 17:31:02.008 WARN   Polyline: must contain at least 2 different points
2026-08-27 17:31:02.008 WARN   Polyline: must contain at least 2 different points
2026-08-27 17:31:02.008 WARN   Polyline: must contain at least 2 different points
2026-08-27 17:31:02.008 WARN   Polyline: must contain at least 2 different points
2026-08-27 17:31:02.008 WARN   Polyline: must contain at least 2 different points
2026-08-27 17:31:02.009 WARN   Polyline: must contain at least 2 different points
2026-08-27 17:31:02.009 WARN   Polyline: must contain at least 2 different points
2026-08-27 17:31:02.009 WARN   Polyline: must contain at least 2 different points
2026-08-27 17:31:02.009 WARN   Polyline: must contain at least 2 different points
2026-08-27 17:31:02.009 WARN   Polyline: must contain at least 2 different points
2026-08-27 17:31:02.009 WARN   Polyline: must contain at least 2 different points
2026-08-27 17:31:02.010 WARN   Polyline: must contain at least 2 different points
2026-08-27 17:31:02.010 WARN   Polyline: must contain at least 2 different points
2026-08-27 17:31:02.010 WARN   Polyline: must contain at least 2 different points
2026-08-27 17:31:02.010 WARN   Polyline: must contain at least 2 different points
2026-08-27 17:31:02.010 WARN   Polyline: must contain at least 2 different points
2026-08-27 17:31:02.010 WARN   Polyline: must contain at least 2 different points
2026-08-27 17:31:02.011 WARN   Polyline: must contain at least 2 different points
2026-08-27 17:31:02.011 WARN   Polyline: must contain at least 2 different points
2026-08-27 17:31:02.011 WARN   Polyline: must contain at least 2 different points
2026-08-27 17:31:02.011 WARN   Polyline: must contain at least 2 different points
2026-08-27 17:31:02.011 WARN   Polyline: must contain at least 2 different points
2026-08-27 17:31:02.011 WARN   Polyline: must contain at least 2 different points
2026-08-27 17:31:02.012 WARN   Polyline: must contain at least 2 different points
2026-08-27 17:31:02.012 WARN   Polyline: must contain at least 2 different points
2026-08-27 17:31:02.012 WARN   Polyline: must contain at least 2 different points
2026-08-27 17:31:02.012 WARN   Polyline: must contain at least 2 different points
2026-08-27 17:31:02.012 WARN   Polyline: must contain at least 2 different points
2026-08-27 17:31:02.012 WARN   Polyline: must contain at least 2 different points
2026-08-27 17:31:02.013 WARN   Polyline: must contain at least 2 different points
2026-08-27 17:31:02.013 WARN   Polyline: must contain at least 2 different points
2026-08-27 17:31:02.013 WARN   Polyline: must contain at least 2 different points
2026-08-27 17:31:02.013 WARN   Polyline: must contain at least 2 different points
2026-08-27 17:31:02.013 WARN   Polyline: must contain at least 2 different points
2026-08-27 17:31:02.014 WARN   Polyline: must contain at least 2 different points
2026-08-27 17:31:02.014 WARN   Polyline: must contain at least 2 different points
2026-08-27 17:31:02.014 WARN   Polyline: must contain at least 2 different points
2026-08-27 17:31:02.014 WARN   Polyline: must contain at least 2 different points
2026-08-27 17:31:02.014 WARN   Polyline: must contain at least 2 different points
2026-08-27 17:31:02.014 WARN   Polyline: must contain at least 2 different points
2026-08-27 17:31:02.015 WARN   Polyline: must contain at least 2 different points
2026-08-27 17:31:02.015 WARN   Polyline: must contain at least 2 different points
2026-08-27 17:31:02.015 WARN   Polyline: must contain at least 2 different points
2026-08-27 17:31:02.015 WARN   Polyline: must contain at least 2 different points
2026-08-27 17:31:02.015 WARN   Polyline: must contain at least 2 different points
2026-08-27 17:31:02.015 WARN   Polyline: must contain at least 2 different points
2026-08-27 17:31:02.016 WARN   Polyline: must contain at least 2 different points
2026-08-27 17:31:02.016 WARN   Polyline: must contain at least 2 different points
2026-08-27 17:31:02.016 WARN   Polyline: must contain at least 2 different points
2026-08-27 17:31:02.016 WARN   Polyline: must contain at least 2 different points
2026-08-27 17:31:02.016 WARN   Polyline: must contain at least 2 different points
2026-08-27 17:31:02.017 WARN   Polyline: must contain at least 2 different points
2026-08-27 17:31:02.017 WARN   Polyline: must contain at least 2 different points
2026-08-27 17:31:02.017 WARN   Polyline: must contain at least 2 different points
2026-08-27 17:31:02.017 WARN   Polyline: must contain at least 2 different points
2026-08-27 17:31:02.017 WARN   Polyline: must contain at least 2 different points
2026-08-27 17:31:02.017 WARN   Polyline: must contain at least 2 different points
2026-08-27 17:31:02.018 WARN   Polyline: must contain at least 2 different points
2026-08-27 17:31:02.018 WARN   Polyline: must contain at least 2 different points
2026-08-27 17:31:02.018 WARN   Polyline: must contain at least 2 different points
2026-08-27 17:31:02.018 WARN   Polyline: must contain at least 2 different points
2026-08-27 17:31:02.018 WARN   Polyline: must contain at least 2 different points
2026-08-27 17:31:02.018 WARN   Polyline: must contain at least 2 different points
2026-08-27 17:31:02.019 WARN   Polyline: must contain at least 2 different points
2026-08-27 17:31:02.019 WARN   Polyline: must contain at least 2 different points
2026-08-27 17:31:02.019 WARN   Polyline: must contain at least 2 different points
2026-08-27 17:31:02.019 WARN   Polyline: must contain at least 2 different points
2026-08-27 17:31:02.019 WARN   Polyline: must contain at least 2 different points
2026-08-27 17:31:02.019 WARN   Polyline: must contain at least 2 different points
2026-08-27 17:31:02.020 WARN   Polyline: must contain at least 2 different points
2026-08-27 17:31:02.020 WARN   Polyline: must contain at least 2 different points
2026-08-27 17:31:02.020 WARN   Polyline: must contain at least 2 different points
2026-08-27 17:31:02.020 WARN   Polyline: must contain at least 2 different points
2026-08-27 17:31:02.020 WARN   Polyline: must contain at least 2 different points
2026-08-27 17:31:02.020 WARN   Polyline: must contain at least 2 different points
2026-08-27 17:31:02.021 WARN   Polyline: must contain at least 2 different points
2026-08-27 17:31:02.021 WARN   Polyline: must contain at least 2 different points
2026-08-27 17:31:02.021 WARN   Polyline: must contain at least 2 different points
2026-08-27 17:31:02.021 WARN   Polyline: must contain at least 2 different points
2026-08-27 17:31:02.021 WARN   Polyline: must contain at least 2 different points
2026-08-27 17:31:02.021 WARN   Polyline: must contain at least 2 different points
2026-08-27 17:31:02.022 WARN   Polyline: must contain at least 2 different points
2026-08-27 17:31:02.022 WARN   Polyline: must contain at least 2 different points
2026-08-27 17:31:02.022 WARN   Polyline: must contain at least 2 different points
2026-08-27 17:31:02.022 WARN   Polyline: must contain at least 2 different points
2026-08-27 17:31:02.022 WARN   Polyline: must contain at least 2 different points
2026-08-27 17:31:02.022 WARN   Polyline: must contain at least 2 different points
2026-08-27 17:31:02.023 WARN   Polyline: must contain at least 2 different points
2026-08-27 17:31:02.023 WARN   Polyline: must contain at least 2 different points
2026-08-27 17:31:02.023 WARN   Polyline: must contain at least 2 different points
2026-08-27 17:31:02.023 WARN   Polyline: must contain at least 2 different points
2026-08-27 17:31:02.023 WARN   Polyline: must contain at least 2 different points
2026-08-27 17:31:02.023 WARN   Polyline: must contain at least 2 different points
2026-08-27 17:31:02.024 WARN   Polyline: must contain at least 2 different points
2026-08-27 17:31:02.024 WARN   Polyline: must contain at least 2 different points
2026-08-27 17:31:02.024 WARN   Polyline: must contain at least 2 different points
2026-08-27 17:31:02.024 WARN   Polyline: must contain at least 2 different points
2026-08-27 17:31:02.024 WARN   Polyline: must contain at least 2 different points
2026-08-27 17:31:02.024 WARN   Polyline: must contain at least 2 different points
2026-08-27 17:31:02.025 WARN   Polyline: must contain at least 2 different points
2026-08-27 17:31:02.025 WARN   Polyline: must contain at least 2 different points
2026-08-27 17:31:02.025 WARN   Polyline: must contain at least 2 different points
2026-08-27 17:31:02.025 WARN   Polyline: must contain at least 2 different points
2026-08-27 17:31:02.025 WARN   Polyline: must contain at least 2 different points
2026-08-27 17:31:02.025 WARN   Polyline: must contain at least 2 different points
2026-08-27 17:31:02.026 WARN   Polyline: must contain at least 2 different points
2026-08-27 17:31:02.026 WARN   Polyline: must contain at least 2 different points
2026-08-27 17:31:02.026 WARN   Polyline: must contain at least 2 different points
2026-08-27 17:31:02.026 WARN   Polyline: must contain at least 2 different points
2026-08-27 17:31:02.026 WARN   Polyline: must contain at least 2 different points
2026-08-27 17:31:02.027 WARN   Polyline: must contain at least 2 different points
2026-08-27 17:31:02.027 WARN   Polyline: must contain at least 2 different points
2026-08-27 17:31:02.027 WARN   Polyline: must contain at least 2 different points
2026-08-27 17:31:02.027 WARN   Polyline: must contain at least 2 different points
2026-08-27 17:31:02.027 WARN   Polyline: must contain at least 2 different points
2026-08-27 17:31:02.027 WARN   Polyline: must contain at least 2 different points
2026-08-27 17:31:02.028 WARN   Polyline: must contain at least 2 different points
2026-08-27 17:31:02.028 WARN   Polyline: must contain at least 2 different points
2026-08-27 17:31:02.028 WARN   Polyline: must contain at least 2 different points
2026-08-27 17:31:02.028 WARN   Polyline: must contain at least 2 different points
2026-08-27 17:31:02.028 WARN   Polyline: must contain at least 2 different points
2026-08-27 17:31:02.029 WARN   Polyline: must contain at least 2 different points
2026-08-27 17:31:02.029 WARN   Polyline: must contain at least 2 different points
2026-08-27 17:31:02.029 WARN   Polyline: must contain at least 2 different points
2026-08-27 17:31:02.029 WARN   Polyline: must contain at least 2 different points
2026-08-27 17:31:02.029 WARN   Polyline: must contain at least 2 different points
2026-08-27 17:31:02.030 WARN   Polyline: must contain at least 2 different points
2026-08-27 17:31:02.030 WARN   Polyline: must contain at least 2 different points
2026-08-27 17:31:02.030 WARN   Polyline: must contain at least 2 different points
2026-08-27 17:31:02.030 WARN   Polyline: must contain at least 2 different points
2026-08-27 17:31:02.030 WARN   Polyline: must contain at least 2 different points
2026-08-27 17:31:02.030 WARN   Polyline: must contain at least 2 different points
2026-08-27 17:31:02.031 WARN   Polyline: must contain at least 2 different points
2026-08-27 17:31:02.031 WARN   Polyline: must contain at least 2 different points
2026-08-27 17:31:02.031 WARN   Polyline: must contain at least 2 different points
2026-08-27 17:31:02.031 WARN   Polyline: must contain at least 2 different points
2026-08-27 17:31:02.031 WARN   Polyline: must contain at least 2 different points
2026-08-27 17:31:02.031 WARN   Polyline: must contain at least 2 different points
2026-08-27 17:31:02.032 WARN   Polyline: must contain at least 2 different points
2026-08-27 17:31:02.032 WARN   Polyline: must contain at least 2 different points
2026-08-27 17:31:02.032 WARN   Polyline: must contain at least 2 different points
2026-08-27 17:31:02.032 WARN   Polyline: must contain at least 2 different points
2026-08-27 17:31:02.032 WARN   Polyline: must contain at least 2 different points
2026-08-27 17:31:02.033 WARN   Polyline: must contain at least 2 different points
2026-08-27 17:31:02.033 WARN   Polyline: must contain at least 2 different points
2026-08-27 17:31:02.033 WARN   Polyline: must contain at least 2 different points
2026-08-27 17:31:02.033 WARN   Polyline: must contain at least 2 different points
2026-08-27 17:31:02.033 WARN   Polyline: must contain at least 2 different points
2026-08-27 17:31:02.033 WARN   Polyline: must contain at least 2 different points
2026-08-27 17:31:02.034 WARN   Polyline: must contain at least 2 different points
2026-08-27 17:31:02.034 WARN   Polyline: must contain at least 2 different points
2026-08-27 17:31:02.034 WARN   Polyline: must contain at least 2 different points
2026-08-27 17:31:02.034 WARN   Polyline: must contain at least 2 different points
2026-08-27 17:31:02.034 WARN   Polyline: must contain at least 2 different points
2026-08-27 17:31:02.034 WARN   Polyline: must contain at least 2 different points
2026-08-27 17:31:02.035 WARN   Polyline: must contain at least 2 different points
2026-08-27 17:31:02.035 WARN   Polyline: must contain at least 2 different points
2026-08-27 17:31:02.035 WARN   Polyline: must contain at least 2 different points
2026-08-27 17:31:02.035 WARN   Polyline: must contain at least 2 different points
2026-08-27 17:31:02.035 WARN   Polyline: must contain at least 2 different points
2026-08-27 17:31:02.035 WARN   Polyline: must contain at least 2 different points
2026-08-27 17:31:02.036 WARN   Polyline: must contain at least 2 different points
2026-08-27 17:31:02.036 WARN   Polyline: must contain at least 2 different points
2026-08-27 17:31:02.036 WARN   Polyline: must contain at least 2 different points
2026-08-27 17:31:02.036 WARN   Polyline: must contain at least 2 different points
2026-08-27 17:31:02.036 WARN   Polyline: must contain at least 2 different points
2026-08-27 17:31:02.036 WARN   Polyline: must contain at least 2 different points
2026-08-27 17:31:02.037 WARN   Polyline: must contain at least 2 different points
2026-08-27 17:31:02.037 WARN   Polyline: must contain at least 2 different points
2026-08-27 17:31:02.037 WARN   Polyline: must contain at least 2 different points
2026-08-27 17:31:02.037 WARN   Polyline: must contain at least 2 different points
2026-08-27 17:31:02.037 WARN   Polyline: must contain at least 2 different points
2026-08-27 17:31:02.037 WARN   Polyline: must contain at least 2 different points
2026-08-27 17:31:02.038 WARN   Polyline: must contain at least 2 different points
2026-08-27 17:31:02.038 WARN   Polyline: must contain at least 2 different points
2026-08-27 17:31:02.038 WARN   Polyline: must contain at least 2 different points
2026-08-27 17:31:02.038 WARN   Polyline: must contain at least 2 different points
2026-08-27 17:31:02.038 WARN   Polyline: must contain at least 2 different points
2026-08-27 17:31:02.038 WARN   Polyline: must contain at least 2 different points
2026-08-27 17:31:02.039 WARN   Polyline: must contain at least 2 different points
2026-08-27 17:31:02.039 WARN   Polyline: must contain at least 2 different points
2026-08-27 17:31:02.039 WARN   Polyline: must contain at least 2 different points
2026-08-27 17:31:02.039 WARN   Polyline: must contain at least 2 different points
2026-08-27 17:31:02.039 WARN   Polyline: must contain at least 2 different points
2026-08-27 17:31:02.039 WARN   Polyline: must contain at least 2 different points
2026-08-27 17:31:02.040 WARN   Polyline: must contain at least 2 different points
2026-08-27 17:31:02.040 WARN   Polyline: must contain at least 2 different points
2026-08-27 17:31:02.040 WARN   Polyline: must contain at least 2 different points
2026-08-27 17:31:02.040 WARN   Polyline: must contain at least 2 different points
2026-08-27 17:31:02.040 WARN   Polyline: must contain at least 2 different points
2026-08-27 17:31:02.040 WARN   Polyline: must contain at least 2 different points
2026-08-27 17:31:02.040 WARN   Polyline: must contain at least 2 different points
2026-08-27 17:31:02.041 WARN   Polyline: must contain at least 2 different points
2026-08-27 17:31:02.041 WARN   Polyline: must contain at least 2 different points
2026-08-27 17:31:02.041 WARN   Polyline: must contain at least 2 different points
2026-08-27 17:31:02.041 WARN   Polyline: must contain at least 2 different points
2026-08-27 17:31:02.041 WARN   Polyline: must contain at least 2 different points
2026-08-27 17:31:02.041 WARN   Polyline: must contain at least 2 different points
2026-08-27 17:31:02.042 WARN   Polyline: must contain at least 2 different points
2026-08-27 17:31:02.042 WARN   Polyline: must contain at least 2 different points
2026-08-27 17:31:02.042 WARN   Polyline: must contain at least 2 different points
2026-08-27 17:31:02.042 WARN   Polyline: must contain at least 2 different points
2026-08-27 17:31:02.042 WARN   Polyline: must contain at least 2 different points
2026-08-27 17:31:02.042 WARN   Polyline: must contain at least 2 different points
2026-08-27 17:31:02.043 WARN   Polyline: must contain at least 2 different points
2026-08-27 17:31:02.043 WARN   Polyline: must contain at least 2 different points
2026-08-27 17:31:02.043 WARN   Polyline: must contain at least 2 different points
2026-08-27 17:31:02.043 WARN   Polyline: must contain at least 2 different points
2026-08-27 17:31:02.043 WARN   Polyline: must contain at least 2 different points
2026-08-27 17:31:02.043 WARN   Polyline: must contain at least 2 different points
2026-08-27 17:31:02.044 WARN   Polyline: must contain at least 2 different points
2026-08-27 17:31:02.044 WARN   Polyline: must contain at least 2 different points
2026-08-27 17:31:02.044 WARN   Polyline: must contain at least 2 different points
2026-08-27 17:31:02.044 WARN   Polyline: must contain at least 2 different points
2026-08-27 17:31:02.044 WARN   Polyline: must contain at least 2 different points
2026-08-27 17:31:02.044 WARN   Polyline: must contain at least 2 different points
2026-08-27 17:31:02.045 WARN   Polyline: must contain at least 2 different points
2026-08-27 17:31:02.045 WARN   Polyline: must contain at least 2 different points
2026-08-27 17:31:02.045 WARN   Polyline: must contain at least 2 different points
2026-08-27 17:31:02.045 WARN   Polyline: must contain at least 2 different points
2026-08-27 17:31:02.045 WARN   Polyline: must contain at least 2 different points
2026-08-27 17:31:02.045 WARN   Polyline: must contain at least 2 different points
2026-08-27 17:31:02.046 WARN   Polyline: must contain at least 2 different points
2026-08-27 17:31:02.046 WARN   Polyline: must contain at least 2 different points
2026-08-27 17:31:02.046 WARN   Polyline: must contain at least 2 different points
2026-08-27 17:31:02.046 WARN   Polyline: must contain at least 2 different points
2026-08-27 17:31:02.046 WARN   Polyline: must contain at least 2 different points
2026-08-27 17:31:02.046 WARN   Polyline: must contain at least 2 different points
2026-08-27 17:31:02.047 WARN   Polyline: must contain at least 2 different points
2026-08-27 17:31:02.047 WARN   Polyline: must contain at least 2 different points
2026-08-27 17:31:02.047 WARN   Polyline: must contain at least 2 different points
2026-08-27 17:31:02.047 WARN   Polyline: must contain at least 2 different points
2026-08-27 17:31:02.047 WARN   Polyline: must contain at least 2 different points
2026-08-27 17:31:02.047 WARN   Polyline: must contain at least 2 different points
2026-08-27 17:31:02.048 WARN   Polyline: must contain at least 2 different points
2026-08-27 17:31:02.048 WARN   Polyline: must contain at least 2 different points
2026-08-27 17:31:02.048 WARN   Polyline: must contain at least 2 different points
2026-08-27 17:31:02.048 WARN   Polyline: must contain at least 2 different points
2026-08-27 17:31:02.048 WARN   Polyline: must contain at least 2 different points
2026-08-27 17:31:02.048 WARN   Polyline: must contain at least 2 different points
2026-08-27 17:31:02.049 WARN   Polyline: must contain at least 2 different points
2026-08-27 17:31:02.049 WARN   Polyline: must contain at least 2 different points
2026-08-27 17:31:02.049 WARN   Polyline: must contain at least 2 different points
2026-08-27 17:31:02.049 WARN   Polyline: must contain at least 2 different points
2026-08-27 17:31:02.049 WARN   Polyline: must contain at least 2 different points
2026-08-27 17:31:02.049 WARN   Polyline: must contain at least 2 different points
2026-08-27 17:31:02.049 WARN   Polyline: must contain at least 2 different points
2026-08-27 17:31:02.050 WARN   Polyline: must contain at least 2 different points
2026-08-27 17:31:02.050 WARN   Polyline: must contain at least 2 different points
2026-08-27 17:31:02.050 WARN   Polyline: must contain at least 2 different points
2026-08-27 17:31:02.050 WARN   Polyline: must contain at least 2 different points
2026-08-27 17:31:02.050 WARN   Polyline: must contain at least 2 different points
2026-08-27 17:31:02.051 WARN   Polyline: must contain at least 2 different points
2026-08-27 17:31:02.051 WARN   Polyline: must contain at least 2 different points
2026-08-27 17:31:02.051 WARN   Polyline: must contain at least 2 different points
2026-08-27 17:31:02.051 WARN   Polyline: must contain at least 2 different points
2026-08-27 17:31:02.051 WARN   Polyline: must contain at least 2 different points
2026-08-27 17:31:02.051 WARN   Polyline: must contain at least 2 different points
2026-08-27 17:31:02.052 WARN   Polyline: must contain at least 2 different points
2026-08-27 17:31:02.052 WARN   Polyline: must contain at least 2 different points
2026-08-27 17:31:02.052 WARN   Polyline: must contain at least 2 different points
2026-08-27 17:31:02.052 WARN   Polyline: must contain at least 2 different points
2026-08-27 17:31:02.052 WARN   Polyline: must contain at least 2 different points
2026-08-27 17:31:02.052 WARN   Polyline: must contain at least 2 different points
2026-08-27 17:31:02.053 WARN   Polyline: must contain at least 2 different points
2026-08-27 17:31:02.053 WARN   Polyline: must contain at least 2 different points
2026-08-27 17:31:02.053 WARN   Polyline: must contain at least 2 different points
2026-08-27 17:31:02.053 WARN   Polyline: must contain at least 2 different points
2026-08-27 17:31:02.053 WARN   Polyline: must contain at least 2 different points
2026-08-27 17:31:02.053 WARN   Polyline: must contain at least 2 different points
2026-08-27 17:31:02.054 WARN   Polyline: must contain at least 2 different points
2026-08-27 17:31:02.054 WARN   Polyline: must contain at least 2 different points
2026-08-27 17:31:02.054 WARN   Polyline: must contain at least 2 different points
2026-08-27 17:31:02.054 WARN   Polyline: must contain at least 2 different points
2026-08-27 17:31:02.054 WARN   Polyline: must contain at least 2 different points
2026-08-27 17:31:02.055 WARN   Polyline: must contain at least 2 different points
2026-08-27 17:31:02.055 WARN   Polyline: must contain at least 2 different points
2026-08-27 17:31:02.055 WARN   Polyline: must contain at least 2 different points
2026-08-27 17:31:02.055 WARN   Polyline: must contain at least 2 different points
2026-08-27 17:31:02.055 WARN   Polyline: must contain at least 2 different points
2026-08-27 17:31:02.055 WARN   Polyline: must contain at least 2 different points
2026-08-27 17:31:02.055 WARN   Polyline: must contain at least 2 different points
2026-08-27 17:31:02.056 WARN   Polyline: must contain at least 2 different points
2026-08-27 17:31:02.056 WARN   Polyline: must contain at least 2 different points
2026-08-27 17:31:02.056 WARN   Polyline: must contain at least 2 different points
2026-08-27 17:31:02.056 WARN   Polyline: must contain at least 2 different points
2026-08-27 17:31:02.056 WARN   Polyline: must contain at least 2 different points
2026-08-27 17:31:02.057 WARN   Polyline: must contain at least 2 different points
2026-08-27 17:31:02.057 WARN   Polyline: must contain at least 2 different points
2026-08-27 17:31:02.057 WARN   Polyline: must contain at least 2 different points
2026-08-27 17:31:02.057 WARN   Polyline: must contain at least 2 different points
2026-08-27 17:31:02.057 WARN   Polyline: must contain at least 2 different points
2026-08-27 17:31:02.057 WARN   Polyline: must contain at least 2 different points
2026-08-27 17:31:02.058 WARN   Polyline: must contain at least 2 different points
2026-08-27 17:31:02.058 WARN   Polyline: must contain at least 2 different points
2026-08-27 17:31:02.058 WARN   Polyline: must contain at least 2 different points
2026-08-27 17:31:02.058 WARN   Polyline: must contain at least 2 different points
2026-08-27 17:31:02.058 WARN   Polyline: must contain at least 2 different points
2026-08-27 17:31:02.058 WARN   Polyline: must contain at least 2 different points
2026-08-27 17:31:02.059 WARN   Polyline: must contain at least 2 different points
2026-08-27 17:31:02.059 WARN   Polyline: must contain at least 2 different points
2026-08-27 17:31:02.059 WARN   Polyline: must contain at least 2 different points
2026-08-27 17:31:02.059 WARN   Polyline: must contain at least 2 different points
2026-08-27 17:31:02.059 WARN   Polyline: must contain at least 2 different points
2026-08-27 17:31:02.059 WARN   Polyline: must contain at least 2 different points
2026-08-27 17:31:02.060 WARN   Polyline: must contain at least 2 different points
2026-08-27 17:31:02.060 WARN   Polyline: must contain at least 2 different points
2026-08-27 17:31:02.060 WARN   Polyline: must contain at least 2 different points
2026-08-27 17:31:02.060 WARN   Polyline: must contain at least 2 different points
2026-08-27 17:31:02.060 WARN   Polyline: must contain at least 2 different points
2026-08-27 17:31:02.061 WARN   Polyline: must contain at least 2 different points
2026-08-27 17:31:02.061 WARN   Polyline: must contain at least 2 different points
2026-08-27 17:31:02.061 WARN   Polyline: must contain at least 2 different points
2026-08-27 17:31:02.061 WARN   Polyline: must contain at least 2 different points
2026-08-27 17:31:02.061 WARN   Polyline: must contain at least 2 different points
2026-08-27 17:31:02.061 WARN   Polyline: must contain at least 2 different points
2026-08-27 17:31:02.062 WARN   Polyline: must contain at least 2 different points
2026-08-27 17:31:02.062 WARN   Polyline: must contain at least 2 different points
2026-08-27 17:31:02.062 WARN   Polyline: must contain at least 2 different points
2026-08-27 17:31:02.062 WARN   Polyline: must contain at least 2 different points
2026-08-27 17:31:02.062 WARN   Polyline: must contain at least 2 different points
2026-08-27 17:31:02.063 WARN   Polyline: must contain at least 2 different points
2026-08-27 17:31:02.063 WARN   Polyline: must contain at least 2 different points
2026-08-27 17:31:02.063 WARN   Polyline: must contain at least 2 different points
2026-08-27 17:31:02.063 WARN   Polyline: must contain at least 2 different points
2026-08-27 17:31:02.063 WARN   Polyline: must contain at least 2 different points
2026-08-27 17:31:02.063 WARN   Polyline: must contain at least 2 different points
2026-08-27 17:31:02.064 WARN   Polyline: must contain at least 2 different points
2026-08-27 17:31:02.064 WARN   Polyline: must contain at least 2 different points
2026-08-27 17:31:02.064 WARN   Polyline: must contain at least 2 different points
2026-08-27 17:31:02.064 WARN   Polyline: must contain at least 2 different points
2026-08-27 17:31:02.064 WARN   Polyline: must contain at least 2 different points
2026-08-27 17:31:02.064 WARN   Polyline: must contain at least 2 different points
2026-08-27 17:31:02.065 WARN   Polyline: must contain at least 2 different points
2026-08-27 17:31:02.065 WARN   Polyline: must contain at least 2 different points
2026-08-27 17:31:02.065 WARN   Polyline: must contain at least 2 different points
2026-08-27 17:31:02.065 WARN   Polyline: must contain at least 2 different points
2026-08-27 17:31:02.065 WARN   Polyline: must contain at least 2 different points
2026-08-27 17:31:02.065 WARN   Polyline: must contain at least 2 different points
2026-08-27 17:31:02.066 WARN   Polyline: must contain at least 2 different points
2026-08-27 17:31:02.066 WARN   Polyline: must contain at least 2 different points
2026-08-27 17:31:02.066 WARN   Polyline: must contain at least 2 different points
2026-08-27 17:31:02.066 WARN   Polyline: must contain at least 2 different points
2026-08-27 17:31:02.066 WARN   Polyline: must contain at least 2 different points
2026-08-27 17:31:02.066 WARN   Polyline: must contain at least 2 different points
2026-08-27 17:31:02.067 WARN   Polyline: must contain at least 2 different points
2026-08-27 17:31:02.067 WARN   Polyline: must contain at least 2 different points
2026-08-27 17:31:02.067 WARN   Polyline: must contain at least 2 different points
2026-08-27 17:31:02.067 WARN   Polyline: must contain at least 2 different points
2026-08-27 17:31:02.067 WARN   Polyline: must contain at least 2 different points
2026-08-27 17:31:02.068 WARN   Polyline: must contain at least 2 different points
2026-08-27 17:31:02.068 WARN   Polyline: must contain at least 2 different points
2026-08-27 17:31:02.068 WARN   Polyline: must contain at least 2 different points
2026-08-27 17:31:02.068 WARN   Polyline: must contain at least 2 different points
2026-08-27 17:31:02.068 WARN   Polyline: must contain at least 2 different points
2026-08-27 17:31:02.068 WARN   Polyline: must contain at least 2 different points
2026-08-27 17:31:02.069 WARN   Polyline: must contain at least 2 different points
2026-08-27 17:31:02.069 WARN   Polyline: must contain at least 2 different points
2026-08-27 17:31:02.069 WARN   Polyline: must contain at least 2 different points
2026-08-27 17:31:02.069 WARN   Polyline: must contain at least 2 different points
2026-08-27 17:31:02.069 WARN   Polyline: must contain at least 2 different points
2026-08-27 17:31:02.069 WARN   Polyline: must contain at least 2 different points
2026-08-27 17:31:02.070 WARN   Polyline: must contain at least 2 different points
2026-08-27 17:31:02.070 WARN   Polyline: must contain at least 2 different points
2026-08-27 17:31:02.070 WARN   Polyline: must contain at least 2 different points
2026-08-27 17:31:02.070 WARN   Polyline: must contain at least 2 different points
2026-08-27 17:31:02.070 WARN   Polyline: must contain at least 2 different points
2026-08-27 17:31:02.071 WARN   Polyline: must contain at least 2 different points
2026-08-27 17:31:02.071 WARN   Polyline: must contain at least 2 different points
2026-08-27 17:31:02.071 WARN   Polyline: must contain at least 2 different points
2026-08-27 17:31:02.071 WARN   Polyline: must contain at least 2 different points
2026-08-27 17:31:02.071 WARN   Polyline: must contain at least 2 different points
2026-08-27 17:31:02.072 WARN   Polyline: must contain at least 2 different points
2026-08-27 17:31:02.072 WARN   Polyline: must contain at least 2 different points
2026-08-27 17:31:02.072 WARN   Polyline: must contain at least 2 different points
2026-08-27 17:31:02.072 WARN   Polyline: must contain at least 2 different points
2026-08-27 17:31:02.072 WARN   Polyline: must contain at least 2 different points
2026-08-27 17:31:02.072 WARN   Polyline: must contain at least 2 different points
2026-08-27 17:31:02.073 WARN   Polyline: must contain at least 2 different points
2026-08-27 17:31:02.073 WARN   Polyline: must contain at least 2 different points
2026-08-27 17:31:02.073 WARN   Polyline: must contain at least 2 different points
2026-08-27 17:31:02.073 WARN   Polyline: must contain at least 2 different points
2026-08-27 17:31:02.073 WARN   Polyline: must contain at least 2 different points
2026-08-27 17:31:02.073 WARN   Polyline: must contain at least 2 different points
2026-08-27 17:31:02.074 WARN   Polyline: must contain at least 2 different points
2026-08-27 17:31:02.074 WARN   Polyline: must contain at least 2 different points
2026-08-27 17:31:02.074 WARN   Polyline: must contain at least 2 different points
2026-08-27 17:31:02.074 WARN   Polyline: must contain at least 2 different points
2026-08-27 17:31:02.074 WARN   Polyline: must contain at least 2 different points
2026-08-27 17:31:02.075 WARN   Polyline: must contain at least 2 different points
2026-08-27 17:31:02.075 WARN   Polyline: must contain at least 2 different points
2026-08-27 17:31:02.075 WARN   Polyline: must contain at least 2 different points
2026-08-27 17:31:02.075 WARN   Polyline: must contain at least 2 different points
2026-08-27 17:31:02.075 WARN   Polyline: must contain at least 2 different points
2026-08-27 17:31:02.075 WARN   Polyline: must contain at least 2 different points
2026-08-27 17:31:02.076 WARN   Polyline: must contain at least 2 different points
2026-08-27 17:31:02.076 WARN   Polyline: must contain at least 2 different points
2026-08-27 17:31:02.076 WARN   Polyline: must contain at least 2 different points
2026-08-27 17:31:02.076 WARN   Polyline: must contain at least 2 different points
2026-08-27 17:31:02.076 WARN   Polyline: must contain at least 2 different points
2026-08-27 17:31:02.076 WARN   Polyline: must contain at least 2 different points
2026-08-27 17:31:02.077 WARN   Polyline: must contain at least 2 different points
2026-08-27 17:31:02.077 WARN   Polyline: must contain at least 2 different points
2026-08-27 17:31:02.077 WARN   Polyline: must contain at least 2 different points
2026-08-27 17:31:02.077 WARN   Polyline: must contain at least 2 different points
2026-08-27 17:31:02.077 WARN   Polyline: must contain at least 2 different points
2026-08-27 17:31:02.078 WARN   Polyline: must contain at least 2 different points
2026-08-27 17:31:02.078 WARN   Polyline: must contain at least 2 different points
2026-08-27 17:31:02.078 WARN   Polyline: must contain at least 2 different points
2026-08-27 17:31:02.078 WARN   Polyline: must contain at least 2 different points
2026-08-27 17:31:02.078 WARN   Polyline: must contain at least 2 different points
2026-08-27 17:31:02.078 WARN   Polyline: must contain at least 2 different points
2026-08-27 17:31:02.079 WARN   Polyline: must contain at least 2 different points
2026-08-27 17:31:02.079 WARN   Polyline: must contain at least 2 different points
2026-08-27 17:31:02.079 WARN   Polyline: must contain at least 2 different points
2026-08-27 17:31:02.079 WARN   Polyline: must contain at least 2 different points
2026-08-27 17:31:02.079 WARN   Polyline: must contain at least 2 different points
2026-08-27 17:31:02.079 WARN   Polyline: must contain at least 2 different points
2026-08-27 17:31:02.080 WARN   Polyline: must contain at least 2 different points
2026-08-27 17:31:02.080 WARN   Polyline: must contain at least 2 different points
2026-08-27 17:31:02.080 WARN   Polyline: must contain at least 2 different points
2026-08-27 17:31:02.080 WARN   Polyline: must contain at least 2 different points
2026-08-27 17:31:02.080 WARN   Polyline: must contain at least 2 different points
2026-08-27 17:31:02.080 WARN   Polyline: must contain at least 2 different points
2026-08-27 17:31:02.081 WARN   Polyline: must contain at least 2 different points
2026-08-27 17:31:02.081 WARN   Polyline: must contain at least 2 different points
2026-08-27 17:31:02.081 WARN   Polyline: must contain at least 2 different points
2026-08-27 17:31:02.081 WARN   Polyline: must contain at least 2 different points
2026-08-27 17:31:02.081 WARN   Polyline: must contain at least 2 different points
2026-08-27 17:31:02.081 WARN   Polyline: must contain at least 2 different points
2026-08-27 17:31:02.081 WARN   Polyline: must contain at least 2 different points
2026-08-27 17:31:02.082 WARN   Polyline: must contain at least 2 different points
2026-08-27 17:31:02.082 WARN   Polyline: must contain at least 2 different points
2026-08-27 17:31:02.082 WARN   Polyline: must contain at least 2 different points
2026-08-27 17:31:02.082 WARN   Polyline: must contain at least 2 different points
2026-08-27 17:31:02.082 WARN   Polyline: must contain at least 2 different points
2026-08-27 17:31:02.082 WARN   Polyline: must contain at least 2 different points
2026-08-27 17:31:02.083 WARN   Polyline: must contain at least 2 different points
2026-08-27 17:31:02.083 WARN   Polyline: must contain at least 2 different points
2026-08-27 17:31:02.083 WARN   Polyline: must contain at least 2 different points
2026-08-27 17:31:02.083 WARN   Polyline: must contain at least 2 different points
2026-08-27 17:31:02.083 WARN   Polyline: must contain at least 2 different points
2026-08-27 17:31:02.083 WARN   Polyline: must contain at least 2 different points
2026-08-27 17:31:02.084 WARN   Polyline: must contain at least 2 different points
2026-08-27 17:31:02.084 WARN   Polyline: must contain at least 2 different points
2026-08-27 17:31:02.084 WARN   Polyline: must contain at least 2 different points
2026-08-27 17:31:02.084 WARN   Polyline: must contain at least 2 different points
2026-08-27 17:31:02.084 WARN   Polyline: must contain at least 2 different points
2026-08-27 17:31:02.084 WARN   Polyline: must contain at least 2 different points
2026-08-27 17:31:02.084 WARN   Polyline: must contain at least 2 different points
2026-08-27 17:31:02.085 WARN   Polyline: must contain at least 2 different points
2026-08-27 17:31:02.085 WARN   Polyline: must contain at least 2 different points
2026-08-27 17:31:02.085 WARN   Polyline: must contain at least 2 different points
2026-08-27 17:31:02.085 WARN   Polyline: must contain at least 2 different points
2026-08-27 17:31:02.085 WARN   Polyline: must contain at least 2 different points
2026-08-27 17:31:02.085 WARN   Polyline: must contain at least 2 different points
2026-08-27 17:31:02.086 WARN   Polyline: must contain at least 2 different points
2026-08-27 17:31:02.086 WARN   Polyline: must contain at least 2 different points
2026-08-27 17:31:02.086 WARN   Polyline: must contain at least 2 different points
2026-08-27 17:31:02.086 WARN   Polyline: must contain at least 2 different points
2026-08-27 17:31:02.086 WARN   Polyline: must contain at least 2 different points
2026-08-27 17:31:02.086 WARN   Polyline: must contain at least 2 different points
2026-08-27 17:31:02.087 WARN   Polyline: must contain at least 2 different points
2026-08-27 17:31:02.087 WARN   Polyline: must contain at least 2 different points
2026-08-27 17:31:02.087 WARN   Polyline: must contain at least 2 different points
2026-08-27 17:31:02.087 WARN   Polyline: must contain at least 2 different points
2026-08-27 17:31:02.087 WARN   Polyline: must contain at least 2 different points
2026-08-27 17:31:02.087 WARN   Polyline: must contain at least 2 different points
2026-08-27 17:31:02.088 WARN   Polyline: must contain at least 2 different points
2026-08-27 17:31:02.088 WARN   Polyline: must contain at least 2 different points
2026-08-27 17:31:02.088 WARN   Polyline: must contain at least 2 different points
2026-08-27 17:31:02.088 WARN   Polyline: must contain at least 2 different points
2026-08-27 17:31:02.088 WARN   Polyline: must contain at least 2 different points
2026-08-27 17:31:02.088 WARN   Polyline: must contain at least 2 different points
2026-08-27 17:31:02.088 WARN   Polyline: must contain at least 2 different points
2026-08-27 17:31:02.089 WARN   Polyline: must contain at least 2 different points
2026-08-27 17:31:02.089 WARN   Polyline: must contain at least 2 different points
2026-08-27 17:31:02.089 WARN   Polyline: must contain at least 2 different points
2026-08-27 17:31:02.089 WARN   Polyline: must contain at least 2 different points
2026-08-27 17:31:02.089 WARN   Polyline: must contain at least 2 different points
2026-08-27 17:31:02.089 WARN   Polyline: must contain at least 2 different points
2026-08-27 17:31:02.090 WARN   Polyline: must contain at least 2 different points
2026-08-27 17:31:02.090 WARN   Polyline: must contain at least 2 different points
2026-08-27 17:31:02.090 WARN   Polyline: must contain at least 2 different points
2026-08-27 17:31:02.090 WARN   Polyline: must contain at least 2 different points
2026-08-27 17:31:02.090 WARN   Polyline: must contain at least 2 different points
2026-08-27 17:31:02.091 WARN   Polyline: must contain at least 2 different points
2026-08-27 17:31:02.091 WARN   Polyline: must contain at least 2 different points
2026-08-27 17:31:02.091 WARN   Polyline: must contain at least 2 different points
2026-08-27 17:31:02.091 WARN   Polyline: must contain at least 2 different points
2026-08-27 17:31:02.091 WARN   Polyline: must contain at least 2 different points
2026-08-27 17:31:02.091 WARN   Polyline: must contain at least 2 different points
2026-08-27 17:31:02.092 WARN   Polyline: must contain at least 2 different points
2026-08-27 17:31:02.092 WARN   Polyline: must contain at least 2 different points
2026-08-27 17:31:02.092 WARN   Polyline: must contain at least 2 different points
2026-08-27 17:31:02.092 WARN   Polyline: must contain at least 2 different points
2026-08-27 17:31:02.092 WARN   Polyline: must contain at least 2 different points
2026-08-27 17:31:02.092 WARN   Polyline: must contain at least 2 different points
2026-08-27 17:31:02.093 WARN   Polyline: must contain at least 2 different points
2026-08-27 17:31:02.093 WARN   Polyline: must contain at least 2 different points
2026-08-27 17:31:02.093 WARN   Polyline: must contain at least 2 different points
2026-08-27 17:31:02.093 WARN   Polyline: must contain at least 2 different points
2026-08-27 17:31:02.093 WARN   Polyline: must contain at least 2 different points
2026-08-27 17:31:02.093 WARN   Polyline: must contain at least 2 different points
2026-08-27 17:31:02.094 WARN   Polyline: must contain at least 2 different points
2026-08-27 17:31:02.094 WARN   Polyline: must contain at least 2 different points
2026-08-27 17:31:02.094 WARN   Polyline: must contain at least 2 different points
2026-08-27 17:31:02.094 WARN   Polyline: must contain at least 2 different points
2026-08-27 17:31:02.094 WARN   Polyline: must contain at least 2 different points
2026-08-27 17:31:02.094 WARN   Polyline: must contain at least 2 different points
2026-08-27 17:31:02.094 WARN   Polyline: must contain at least 2 different points
2026-08-27 17:31:02.095 WARN   Polyline: must contain at least 2 different points
2026-08-27 17:31:02.095 WARN   Polyline: must contain at least 2 different points
2026-08-27 17:31:02.095 WARN   Polyline: must contain at least 2 different points
2026-08-27 17:31:02.095 WARN   Polyline: must contain at least 2 different points
2026-08-27 17:31:02.095 WARN   Polyline: must contain at least 2 different points
2026-08-27 17:31:02.095 WARN   Polyline: must contain at least 2 different points
2026-08-27 17:31:02.096 WARN   Polyline: must contain at least 2 different points
2026-08-27 17:31:02.096 WARN   Polyline: must contain at least 2 different points
2026-08-27 17:31:02.098 WARN   Polyline: must contain at least 2 different points
2026-08-27 17:31:02.098 WARN   Polyline: must contain at least 2 different points
2026-08-27 17:31:02.099 WARN   Polyline: must contain at least 2 different points
2026-08-27 17:31:02.099 WARN   Polyline: must contain at least 2 different points
2026-08-27 17:31:02.099 WARN   Polyline: must contain at least 2 different points
2026-08-27 17:31:02.099 WARN   Polyline: must contain at least 2 different points
2026-08-27 17:31:02.099 WARN   Polyline: must contain at least 2 different points
2026-08-27 17:31:02.099 WARN   Polyline: must contain at least 2 different points
2026-08-27 17:31:02.100 WARN   Polyline: must contain at least 2 different points
2026-08-27 17:31:02.100 WARN   Polyline: must contain at least 2 different points
2026-08-27 17:31:02.100 WARN   Polyline: must contain at least 2 different points
2026-08-27 17:31:02.100 WARN   Polyline: must contain at least 2 different points
2026-08-27 17:31:02.100 WARN   Polyline: must contain at least 2 different points
2026-08-27 17:31:02.100 WARN   Polyline: must contain at least 2 different points
2026-08-27 17:31:02.101 WARN   Polyline: must contain at least 2 different points
2026-08-27 17:31:02.101 WARN   Polyline: must contain at least 2 different points
2026-08-27 17:31:02.101 WARN   Polyline: must contain at least 2 different points
2026-08-27 17:31:02.101 WARN   Polyline: must contain at least 2 different points
2026-08-27 17:31:02.101 WARN   Polyline: must contain at least 2 different points
2026-08-27 17:31:02.101 WARN   Polyline: must contain at least 2 different points
2026-08-27 17:31:02.102 WARN   Polyline: must contain at least 2 different points
2026-08-27 17:31:02.102 WARN   Polyline: must contain at least 2 different points
2026-08-27 17:31:02.102 WARN   Polyline: must contain at least 2 different points
2026-08-27 17:31:02.102 WARN   Polyline: must contain at least 2 different points
2026-08-27 17:31:02.102 WARN   Polyline: must contain at least 2 different points
2026-08-27 17:31:02.102 WARN   Polyline: must contain at least 2 different points
2026-08-27 17:31:02.102 WARN   Polyline: must contain at least 2 different points
2026-08-27 17:31:02.103 WARN   Polyline: must contain at least 2 different points
2026-08-27 17:31:02.103 WARN   Polyline: must contain at least 2 different points
2026-08-27 17:31:02.103 WARN   Polyline: must contain at least 2 different points
2026-08-27 17:31:02.103 WARN   Polyline: must contain at least 2 different points
2026-08-27 17:31:02.103 WARN   Polyline: must contain at least 2 different points
2026-08-27 17:31:02.103 WARN   Polyline: must contain at least 2 different points
2026-08-27 17:31:02.104 WARN   Polyline: must contain at least 2 different points
2026-08-27 17:31:02.104 WARN   Polyline: must contain at least 2 different points
2026-08-27 17:31:02.104 WARN   Polyline: must contain at least 2 different points
2026-08-27 17:31:02.104 WARN   Polyline: must contain at least 2 different points
2026-08-27 17:31:02.104 WARN   Polyline: must contain at least 2 different points
2026-08-27 17:31:02.104 WARN   Polyline: must contain at least 2 different points
2026-08-27 17:31:02.105 WARN   Polyline: must contain at least 2 different points
2026-08-27 17:31:02.105 WARN   Polyline: must contain at least 2 different points
2026-08-27 17:31:02.105 WARN   Polyline: must contain at least 2 different points
2026-08-27 17:31:02.105 WARN   Polyline: must contain at least 2 different points
2026-08-27 17:31:02.105 WARN   Polyline: must contain at least 2 different points
2026-08-27 17:31:02.105 WARN   Polyline: must contain at least 2 different points
2026-08-27 17:31:02.106 WARN   Polyline: must contain at least 2 different points
2026-08-27 17:31:02.106 WARN   Polyline: must contain at least 2 different points
2026-08-27 17:31:02.106 WARN   Polyline: must contain at least 2 different points
2026-08-27 17:31:02.106 WARN   Polyline: must contain at least 2 different points
2026-08-27 17:31:02.106 WARN   Polyline: must contain at least 2 different points
2026-08-27 17:31:02.106 WARN   Polyline: must contain at least 2 different points
2026-08-27 17:31:02.106 WARN   Polyline: must contain at least 2 different points
2026-08-27 17:31:02.107 WARN   Polyline: must contain at least 2 different points
2026-08-27 17:31:02.107 WARN   Polyline: must contain at least 2 different points
2026-08-27 17:31:02.107 WARN   Polyline: must contain at least 2 different points
2026-08-27 17:31:02.107 WARN   Polyline: must contain at least 2 different points
2026-08-27 17:31:02.107 WARN   Polyline: must contain at least 2 different points
2026-08-27 17:31:02.107 WARN   Polyline: must contain at least 2 different points
2026-08-27 17:31:02.108 WARN   Polyline: must contain at least 2 different points
2026-08-27 17:31:02.108 WARN   Polyline: must contain at least 2 different points
2026-08-27 17:31:02.108 WARN   Polyline: must contain at least 2 different points
2026-08-27 17:31:02.108 WARN   Polyline: must contain at least 2 different points
2026-08-27 17:31:02.108 WARN   Polyline: must contain at least 2 different points
2026-08-27 17:31:02.108 WARN   Polyline: must contain at least 2 different points
2026-08-27 17:31:02.109 WARN   Polyline: must contain at least 2 different points
2026-08-27 17:31:02.109 WARN   Polyline: must contain at least 2 different points
2026-08-27 17:31:02.109 WARN   Polyline: must contain at least 2 different points
2026-08-27 17:31:02.109 WARN   Polyline: must contain at least 2 different points
2026-08-27 17:31:02.109 WARN   Polyline: must contain at least 2 different points
2026-08-27 17:31:02.109 WARN   Polyline: must contain at least 2 different points
2026-08-27 17:31:02.109 WARN   Polyline: must contain at least 2 different points
2026-08-27 17:31:02.110 WARN   Polyline: must contain at least 2 different points
2026-08-27 17:31:02.110 WARN   Polyline: must contain at least 2 different points
2026-08-27 17:31:02.110 WARN   Polyline: must contain at least 2 different points
2026-08-27 17:31:02.110 WARN   Polyline: must contain at least 2 different points
2026-08-27 17:31:02.110 WARN   Polyline: must contain at least 2 different points
2026-08-27 17:31:02.110 WARN   Polyline: must contain at least 2 different points
2026-08-27 17:31:02.111 WARN   Polyline: must contain at least 2 different points
2026-08-27 17:31:02.111 WARN   Polyline: must contain at least 2 different points
2026-08-27 17:31:02.111 WARN   Polyline: must contain at least 2 different points
2026-08-27 17:31:02.111 WARN   Polyline: must contain at least 2 different points
2026-08-27 17:31:02.111 WARN   Polyline: must contain at least 2 different points
2026-08-27 17:31:02.111 WARN   Polyline: must contain at least 2 different points
2026-08-27 17:31:02.111 WARN   Polyline: must contain at least 2 different points
2026-08-27 17:31:02.112 WARN   Polyline: must contain at least 2 different points
2026-08-27 17:31:02.112 WARN   Polyline: must contain at least 2 different points
2026-08-27 17:31:02.112 WARN   Polyline: must contain at least 2 different points
2026-08-27 17:31:02.112 WARN   Polyline: must contain at least 2 different points
2026-08-27 17:31:02.112 WARN   Polyline: must contain at least 2 different points
2026-08-27 17:31:02.112 WARN   Polyline: must contain at least 2 different points
2026-08-27 17:31:02.113 WARN   Polyline: must contain at least 2 different points
2026-08-27 17:31:02.113 WARN   Polyline: must contain at least 2 different points
2026-08-27 17:31:02.113 WARN   Polyline: must contain at least 2 different points
2026-08-27 17:31:02.113 WARN   Polyline: must contain at least 2 different points
2026-08-27 17:31:02.113 WARN   Polyline: must contain at least 2 different points
2026-08-27 17:31:02.113 WARN   Polyline: must contain at least 2 different points
2026-08-27 17:31:02.113 WARN   Polyline: must contain at least 2 different points
2026-08-27 17:31:02.114 WARN   Polyline: must contain at least 2 different points
2026-08-27 17:31:02.114 WARN   Polyline: must contain at least 2 different points
2026-08-27 17:31:02.114 WARN   Polyline: must contain at least 2 different points
2026-08-27 17:31:02.114 WARN   Polyline: must contain at least 2 different points
2026-08-27 17:31:02.114 WARN   Polyline: must contain at least 2 different points
2026-08-27 17:31:02.114 WARN   Polyline: must contain at least 2 different points
2026-08-27 17:31:02.115 WARN   Polyline: must contain at least 2 different points
2026-08-27 17:31:02.115 WARN   Polyline: must contain at least 2 different points
2026-08-27 17:31:02.115 WARN   Polyline: must contain at least 2 different points
2026-08-27 17:31:02.115 WARN   Polyline: must contain at least 2 different points
2026-08-27 17:31:02.115 WARN   Polyline: must contain at least 2 different points
2026-08-27 17:31:02.115 WARN   Polyline: must contain at least 2 different points
2026-08-27 17:31:02.115 WARN   Polyline: must contain at least 2 different points
2026-08-27 17:31:02.116 WARN   Polyline: must contain at least 2 different points
2026-08-27 17:31:02.116 WARN   Polyline: must contain at least 2 different points
2026-08-27 17:31:02.116 WARN   Polyline: must contain at least 2 different points
2026-08-27 17:31:02.116 WARN   Polyline: must contain at least 2 different points
2026-08-27 17:31:02.116 WARN   Polyline: must contain at least 2 different points
2026-08-27 17:31:02.116 WARN   Polyline: must contain at least 2 different points
2026-08-27 17:31:02.117 WARN   Polyline: must contain at least 2 different points
2026-08-27 17:31:02.117 WARN   Polyline: must contain at least 2 different points
2026-08-27 17:31:02.117 WARN   Polyline: must contain at least 2 different points
2026-08-27 17:31:02.117 WARN   Polyline: must contain at least 2 different points
2026-08-27 17:31:02.117 WARN   Polyline: must contain at least 2 different points
2026-08-27 17:31:02.117 WARN   Polyline: must contain at least 2 different points
2026-08-27 17:31:02.117 WARN   Polyline: must contain at least 2 different points
2026-08-27 17:31:02.118 WARN   Polyline: must contain at least 2 different points
2026-08-27 17:31:02.118 WARN   Polyline: must contain at least 2 different points
2026-08-27 17:31:02.118 WARN   Polyline: must contain at least 2 different points
2026-08-27 17:31:02.118 WARN   Polyline: must contain at least 2 different points
2026-08-27 17:31:02.118 WARN   Polyline: must contain at least 2 different points
2026-08-27 17:31:02.118 WARN   Polyline: must contain at least 2 different points
2026-08-27 17:31:02.118 WARN   Polyline: must contain at least 2 different points
2026-08-27 17:31:02.119 WARN   Polyline: must contain at least 2 different points
2026-08-27 17:31:02.119 WARN   Polyline: must contain at least 2 different points
2026-08-27 17:31:02.119 WARN   Polyline: must contain at least 2 different points
2026-08-27 17:31:02.119 WARN   Polyline: must contain at least 2 different points
2026-08-27 17:31:02.119 WARN   Polyline: must contain at least 2 different points
2026-08-27 17:31:02.119 WARN   Polyline: must contain at least 2 different points
2026-08-27 17:31:02.120 WARN   Polyline: must contain at least 2 different points
2026-08-27 17:31:02.120 WARN   Polyline: must contain at least 2 different points
2026-08-27 17:31:02.120 WARN   Polyline: must contain at least 2 different points
2026-08-27 17:31:02.120 WARN   Polyline: must contain at least 2 different points
2026-08-27 17:31:02.120 WARN   Polyline: must contain at least 2 different points
2026-08-27 17:31:02.120 WARN   Polyline: must contain at least 2 different points
2026-08-27 17:31:02.120 WARN   Polyline: must contain at least 2 different points
2026-08-27 17:31:02.121 WARN   Polyline: must contain at least 2 different points
2026-08-27 17:31:02.121 WARN   Polyline: must contain at least 2 different points
2026-08-27 17:31:02.121 WARN   Polyline: must contain at least 2 different points
2026-08-27 17:31:02.121 WARN   Polyline: must contain at least 2 different points
2026-08-27 17:31:02.121 WARN   Polyline: must contain at least 2 different points
2026-08-27 17:31:02.121 WARN   Polyline: must contain at least 2 different points
2026-08-27 17:31:02.122 WARN   Polyline: must contain at least 2 different points
2026-08-27 17:31:02.122 WARN   Polyline: must contain at least 2 different points
2026-08-27 17:31:02.122 WARN   Polyline: must contain at least 2 different points
2026-08-27 17:31:02.122 WARN   Polyline: must contain at least 2 different points
2026-08-27 17:31:02.122 WARN   Polyline: must contain at least 2 different points
2026-08-27 17:31:02.122 WARN   Polyline: must contain at least 2 different points
2026-08-27 17:31:02.122 WARN   Polyline: must contain at least 2 different points
2026-08-27 17:31:02.123 WARN   Polyline: must contain at least 2 different points
2026-08-27 17:31:02.123 WARN   Polyline: must contain at least 2 different points
2026-08-27 17:31:02.123 WARN   Polyline: must contain at least 2 different points
2026-08-27 17:31:02.123 WARN   Polyline: must contain at least 2 different points
2026-08-27 17:31:02.123 WARN   Polyline: must contain at least 2 different points
2026-08-27 17:31:02.123 WARN   Polyline: must contain at least 2 different points
2026-08-27 17:31:02.124 WARN   Polyline: must contain at least 2 different points
2026-08-27 17:31:02.124 WARN   Polyline: must contain at least 2 different points
2026-08-27 17:31:02.124 WARN   Polyline: must contain at least 2 different points
2026-08-27 17:31:02.124 WARN   Polyline: must contain at least 2 different points
2026-08-27 17:31:02.124 WARN   Polyline: must contain at least 2 different points
2026-08-27 17:31:02.124 WARN   Polyline: must contain at least 2 different points
2026-08-27 17:31:02.124 WARN   Polyline: must contain at least 2 different points
2026-08-27 17:31:02.125 WARN   Polyline: must contain at least 2 different points
2026-08-27 17:31:02.125 WARN   Polyline: must contain at least 2 different points
2026-08-27 17:31:02.125 WARN   Polyline: must contain at least 2 different points
2026-08-27 17:31:02.125 WARN   Polyline: must contain at least 2 different points
2026-08-27 17:31:02.125 WARN   Polyline: must contain at least 2 different points
2026-08-27 17:31:02.125 WARN   Polyline: must contain at least 2 different points
2026-08-27 17:31:02.126 WARN   Polyline: must contain at least 2 different points
2026-08-27 17:31:02.126 WARN   Polyline: must contain at least 2 different points
2026-08-27 17:31:02.126 WARN   Polyline: must contain at least 2 different points
2026-08-27 17:31:02.126 WARN   Polyline: must contain at least 2 different points
2026-08-27 17:31:02.126 WARN   Polyline: must contain at least 2 different points
2026-08-27 17:31:02.126 WARN   Polyline: must contain at least 2 different points
2026-08-27 17:31:02.126 WARN   Polyline: must contain at least 2 different points
2026-08-27 17:31:02.127 WARN   Polyline: must contain at least 2 different points
2026-08-27 17:31:02.127 WARN   Polyline: must contain at least 2 different points
2026-08-27 17:31:02.127 WARN   Polyline: must contain at least 2 different points
2026-08-27 17:31:02.127 WARN   Polyline: must contain at least 2 different points
2026-08-27 17:31:02.127 WARN   Polyline: must contain at least 2 different points
2026-08-27 17:31:02.127 WARN   Polyline: must contain at least 2 different points
2026-08-27 17:31:02.128 WARN   Polyline: must contain at least 2 different points
2026-08-27 17:31:02.128 WARN   Polyline: must contain at least 2 different points
2026-08-27 17:31:02.128 WARN   Polyline: must contain at least 2 different points
2026-08-27 17:31:02.128 WARN   Polyline: must contain at least 2 different points
2026-08-27 17:31:02.128 WARN   Polyline: must contain at least 2 different points
2026-08-27 17:31:02.128 WARN   Polyline: must contain at least 2 different points
2026-08-27 17:31:02.129 WARN   Polyline: must contain at least 2 different points
2026-08-27 17:31:02.129 WARN   Polyline: must contain at least 2 different points
2026-08-27 17:31:02.129 WARN   Polyline: must contain at least 2 different points
2026-08-27 17:31:02.129 WARN   Polyline: must contain at least 2 different points
2026-08-27 17:31:02.129 WARN   Polyline: must contain at least 2 different points
2026-08-27 17:31:02.129 WARN   Polyline: must contain at least 2 different points
2026-08-27 17:31:02.129 WARN   Polyline: must contain at least 2 different points
2026-08-27 17:31:02.130 WARN   Polyline: must contain at least 2 different points
2026-08-27 17:31:02.130 WARN   Polyline: must contain at least 2 different points
2026-08-27 17:31:02.130 WARN   Polyline: must contain at least 2 different points
2026-08-27 17:31:02.130 WARN   Polyline: must contain at least 2 different points
2026-08-27 17:31:02.130 WARN   Polyline: must contain at least 2 different points
2026-08-27 17:31:02.130 WARN   Polyline: must contain at least 2 different points
2026-08-27 17:31:02.131 WARN   Polyline: must contain at least 2 different points
2026-08-27 17:31:02.131 WARN   Polyline: must contain at least 2 different points
2026-08-27 17:31:02.131 WARN   Polyline: must contain at least 2 different points
2026-08-27 17:31:02.131 WARN   Polyline: must contain at least 2 different points
2026-08-27 17:31:02.131 WARN   Polyline: must contain at least 2 different points
2026-08-27 17:31:02.131 WARN   Polyline: must contain at least 2 different points
2026-08-27 17:31:02.131 WARN   Polyline: must contain at least 2 different points
2026-08-27 17:31:02.132 WARN   Polyline: must contain at least 2 different points
2026-08-27 17:31:02.132 WARN   Polyline: must contain at least 2 different points
2026-08-27 17:31:02.132 WARN   Polyline: must contain at least 2 different points
2026-08-27 17:31:02.132 WARN   Polyline: must contain at least 2 different points
2026-08-27 17:31:02.132 WARN   Polyline: must contain at least 2 different points
2026-08-27 17:31:02.132 WARN   Polyline: must contain at least 2 different points
2026-08-27 17:31:02.133 WARN   Polyline: must contain at least 2 different points
2026-08-27 17:31:02.133 WARN   Polyline: must contain at least 2 different points
2026-08-27 17:31:02.133 WARN   Polyline: must contain at least 2 different points
2026-08-27 17:31:02.133 WARN   Polyline: must contain at least 2 different points
2026-08-27 17:31:02.133 WARN   Polyline: must contain at least 2 different points
2026-08-27 17:31:02.133 WARN   Polyline: must contain at least 2 different points
2026-08-27 17:31:02.133 WARN   Polyline: must contain at least 2 different points
2026-08-27 17:31:02.134 WARN   Polyline: must contain at least 2 different points
2026-08-27 17:31:02.134 WARN   Polyline: must contain at least 2 different points
2026-08-27 17:31:02.134 WARN   Polyline: must contain at least 2 different points
2026-08-27 17:31:02.134 WARN   Polyline: must contain at least 2 different points
2026-08-27 17:31:02.134 WARN   Polyline: must contain at least 2 different points
2026-08-27 17:31:02.134 WARN   Polyline: must contain at least 2 different points
2026-08-27 17:31:02.135 WARN   Polyline: must contain at least 2 different points
2026-08-27 17:31:02.135 WARN   Polyline: must contain at least 2 different points
2026-08-27 17:31:02.135 WARN   Polyline: must contain at least 2 different points
2026-08-27 17:31:02.135 WARN   Polyline: must contain at least 2 different points
2026-08-27 17:31:02.135 WARN   Polyline: must contain at least 2 different points
2026-08-27 17:31:02.135 WARN   Polyline: must contain at least 2 different points
2026-08-27 17:31:02.136 WARN   Polyline: must contain at least 2 different points
2026-08-27 17:31:02.136 WARN   Polyline: must contain at least 2 different points
2026-08-27 17:31:02.136 WARN   Polyline: must contain at least 2 different points
2026-08-27 17:31:02.136 WARN   Polyline: must contain at least 2 different points
2026-08-27 17:31:02.136 WARN   Polyline: must contain at least 2 different points
2026-08-27 17:31:02.136 WARN   Polyline: must contain at least 2 different points
2026-08-27 17:31:02.136 WARN   Polyline: must contain at least 2 different points
2026-08-27 17:31:02.137 WARN   Polyline: must contain at least 2 different points
2026-08-27 17:31:02.137 WARN   Polyline: must contain at least 2 different points
2026-08-27 17:31:02.137 WARN   Polyline: must contain at least 2 different points
2026-08-27 17:31:02.137 WARN   Polyline: must contain at least 2 different points
2026-08-27 17:31:02.137 WARN   Polyline: must contain at least 2 different points
2026-08-27 17:31:02.137 WARN   Polyline: must contain at least 2 different points
2026-08-27 17:31:02.138 WARN   Polyline: must contain at least 2 different points
2026-08-27 17:31:02.138 WARN   Polyline: must contain at least 2 different points
2026-08-27 17:31:02.138 WARN   Polyline: must contain at least 2 different points
2026-08-27 17:31:02.138 WARN   Polyline: must contain at least 2 different points
2026-08-27 17:31:02.138 WARN   Polyline: must contain at least 2 different points
2026-08-27 17:31:02.138 WARN   Polyline: must contain at least 2 different points
2026-08-27 17:31:02.139 WARN   Polyline: must contain at least 2 different points
2026-08-27 17:31:02.139 WARN   Polyline: must contain at least 2 different points
2026-08-27 17:31:02.139 WARN   Polyline: must contain at least 2 different points
2026-08-27 17:31:02.139 WARN   Polyline: must contain at least 2 different points
2026-08-27 17:31:02.139 WARN   Polyline: must contain at least 2 different points
2026-08-27 17:31:02.139 WARN   Polyline: must contain at least 2 different points
2026-08-27 17:31:02.139 WARN   Polyline: must contain at least 2 different points
2026-08-27 17:31:02.140 WARN   Polyline: must contain at least 2 different points
2026-08-27 17:31:02.140 WARN   Polyline: must contain at least 2 different points
2026-08-27 17:31:02.140 WARN   Polyline: must contain at least 2 different points
2026-08-27 17:31:02.140 WARN   Polyline: must contain at least 2 different points
2026-08-27 17:31:02.140 WARN   Polyline: must contain at least 2 different points
2026-08-27 17:31:02.140 WARN   Polyline: must contain at least 2 different points
2026-08-27 17:31:02.141 WARN   Polyline: must contain at least 2 different points
2026-08-27 17:31:02.141 WARN   Polyline: must contain at least 2 different points
2026-08-27 17:31:02.141 WARN   Polyline: must contain at least 2 different points
2026-08-27 17:31:02.141 WARN   Polyline: must contain at least 2 different points
2026-08-27 17:31:02.141 WARN   Polyline: must contain at least 2 different points
2026-08-27 17:31:02.141 WARN   Polyline: must contain at least 2 different points
2026-08-27 17:31:02.142 WARN   Polyline: must contain at least 2 different points
2026-08-27 17:31:02.142 WARN   Polyline: must contain at least 2 different points
2026-08-27 17:31:02.142 WARN   Polyline: must contain at least 2 different points
2026-08-27 17:31:02.142 WARN   Polyline: must contain at least 2 different points
2026-08-27 17:31:02.142 WARN   Polyline: must contain at least 2 different points
2026-08-27 17:31:02.142 WARN   Polyline: must contain at least 2 different points
2026-08-27 17:31:02.143 WARN   Polyline: must contain at least 2 different points
2026-08-27 17:31:02.143 WARN   Polyline: must contain at least 2 different points
2026-08-27 17:31:02.143 WARN   Polyline: must contain at least 2 different points
2026-08-27 17:31:02.143 WARN   Polyline: must contain at least 2 different points
2026-08-27 17:31:02.143 WARN   Polyline: must contain at least 2 different points
2026-08-27 17:31:02.143 WARN   Polyline: must contain at least 2 different points
2026-08-27 17:31:02.143 WARN   Polyline: must contain at least 2 different points
2026-08-27 17:31:02.144 WARN   Polyline: must contain at least 2 different points
2026-08-27 17:31:02.144 WARN   Polyline: must contain at least 2 different points
2026-08-27 17:31:02.144 WARN   Polyline: must contain at least 2 different points
2026-08-27 17:31:02.144 WARN   Polyline: must contain at least 2 different points
2026-08-27 17:31:02.144 WARN   Polyline: must contain at least 2 different points
2026-08-27 17:31:02.144 WARN   Polyline: must contain at least 2 different points
2026-08-27 17:31:02.145 WARN   Polyline: must contain at least 2 different points
2026-08-27 17:31:02.145 WARN   Polyline: must contain at least 2 different points
2026-08-27 17:31:02.145 WARN   Polyline: must contain at least 2 different points
2026-08-27 17:31:02.145 WARN   Polyline: must contain at least 2 different points
2026-08-27 17:31:02.145 WARN   Polyline: must contain at least 2 different points
2026-08-27 17:31:02.145 WARN   Polyline: must contain at least 2 different points
2026-08-27 17:31:02.146 WARN   Polyline: must contain at least 2 different points
2026-08-27 17:31:02.146 WARN   Polyline: must contain at least 2 different points
2026-08-27 17:31:02.146 WARN   Polyline: must contain at least 2 different points
2026-08-27 17:31:02.146 WARN   Polyline: must contain at least 2 different points
2026-08-27 17:31:02.146 WARN   Polyline: must contain at least 2 different points
2026-08-27 17:31:02.146 WARN   Polyline: must contain at least 2 different points
2026-08-27 17:31:02.146 WARN   Polyline: must contain at least 2 different points
2026-08-27 17:31:02.147 WARN   Polyline: must contain at least 2 different points
2026-08-27 17:31:02.147 WARN   Polyline: must contain at least 2 different points
2026-08-27 17:31:02.147 WARN   Polyline: must contain at least 2 different points
2026-08-27 17:31:02.147 WARN   Polyline: must contain at least 2 different points
2026-08-27 17:31:02.147 WARN   Polyline: must contain at least 2 different points
2026-08-27 17:31:02.147 WARN   Polyline: must contain at least 2 different points
2026-08-27 17:31:02.148 WARN   Polyline: must contain at least 2 different points
2026-08-27 17:31:02.148 WARN   Polyline: must contain at least 2 different points
2026-08-27 17:31:02.148 WARN   Polyline: must contain at least 2 different points
2026-08-27 17:31:02.148 WARN   Polyline: must contain at least 2 different points
2026-08-27 17:31:02.148 WARN   Polyline: must contain at least 2 different points
2026-08-27 17:31:02.148 WARN   Polyline: must contain at least 2 different points
2026-08-27 17:31:02.149 WARN   Polyline: must contain at least 2 different points
2026-08-27 17:31:02.149 WARN   Polyline: must contain at least 2 different points
2026-08-27 17:31:02.149 WARN   Polyline: must contain at least 2 different points
2026-08-27 17:31:02.149 WARN   Polyline: must contain at least 2 different points
2026-08-27 17:31:02.149 WARN   Polyline: must contain at least 2 different points
2026-08-27 17:31:02.149 WARN   Polyline: must contain at least 2 different points
2026-08-27 17:31:02.149 WARN   Polyline: must contain at least 2 different points
2026-08-27 17:31:02.150 WARN   Polyline: must contain at least 2 different points
2026-08-27 17:31:02.150 WARN   Polyline: must contain at least 2 different points
2026-08-27 17:31:02.150 WARN   Polyline: must contain at least 2 different points
2026-08-27 17:31:02.150 WARN   Polyline: must contain at least 2 different points
2026-08-27 17:31:02.150 WARN   Polyline: must contain at least 2 different points
2026-08-27 17:31:02.150 WARN   Polyline: must contain at least 2 different points
2026-08-27 17:31:02.151 WARN   Polyline: must contain at least 2 different points
2026-08-27 17:31:02.151 WARN   Polyline: must contain at least 2 different points
2026-08-27 17:31:02.151 WARN   Polyline: must contain at least 2 different points
2026-08-27 17:31:02.151 WARN   Polyline: must contain at least 2 different points
2026-08-27 17:31:02.151 WARN   Polyline: must contain at least 2 different points
2026-08-27 17:31:02.151 WARN   Polyline: must contain at least 2 different points
2026-08-27 17:31:02.151 WARN   Polyline: must contain at least 2 different points
2026-08-27 17:31:02.152 WARN   Polyline: must contain at least 2 different points
2026-08-27 17:31:02.152 WARN   Polyline: must contain at least 2 different points
2026-08-27 17:31:02.152 WARN   Polyline: must contain at least 2 different points
2026-08-27 17:31:02.152 WARN   Polyline: must contain at least 2 different points
2026-08-27 17:31:02.152 WARN   Polyline: must contain at least 2 different points
2026-08-27 17:31:02.152 WARN   Polyline: must contain at least 2 different points
2026-08-27 17:31:02.153 WARN   Polyline: must contain at least 2 different points
2026-08-27 17:31:02.153 WARN   Polyline: must contain at least 2 different points
2026-08-27 17:31:02.153 WARN   Polyline: must contain at least 2 different points
2026-08-27 17:31:02.153 WARN   Polyline: must contain at least 2 different points
2026-08-27 17:31:02.153 WARN   Polyline: must contain at least 2 different points
2026-08-27 17:31:02.153 WARN   Polyline: must contain at least 2 different points
2026-08-27 17:31:02.153 WARN   Polyline: must contain at least 2 different points
2026-08-27 17:31:02.154 WARN   Polyline: must contain at least 2 different points
2026-08-27 17:31:02.154 WARN   Polyline: must contain at least 2 different points
2026-08-27 17:31:02.154 WARN   Polyline: must contain at least 2 different points
2026-08-27 17:31:02.154 WARN   Polyline: must contain at least 2 different points
2026-08-27 17:31:02.154 WARN   Polyline: must contain at least 2 different points
2026-08-27 17:31:02.154 WARN   Polyline: must contain at least 2 different points
2026-08-27 17:31:02.155 WARN   Polyline: must contain at least 2 different points
2026-08-27 17:31:02.155 WARN   Polyline: must contain at least 2 different points
2026-08-27 17:31:02.155 WARN   Polyline: must contain at least 2 different points
2026-08-27 17:31:02.155 WARN   Polyline: must contain at least 2 different points
2026-08-27 17:31:02.155 WARN   Polyline: must contain at least 2 different points
2026-08-27 17:31:02.155 WARN   Polyline: must contain at least 2 different points
2026-08-27 17:31:02.155 WARN   Polyline: must contain at least 2 different points
2026-08-27 17:31:02.156 WARN   Polyline: must contain at least 2 different points
2026-08-27 17:31:02.156 WARN   Polyline: must contain at least 2 different points
2026-08-27 17:31:02.156 WARN   Polyline: must contain at least 2 different points
2026-08-27 17:31:02.156 WARN   Polyline: must contain at least 2 different points
2026-08-27 17:31:02.156 WARN   Polyline: must contain at least 2 different points
2026-08-27 17:31:02.156 WARN   Polyline: must contain at least 2 different points
2026-08-27 17:31:02.157 WARN   Polyline: must contain at least 2 different points
2026-08-27 17:31:02.157 WARN   Polyline: must contain at least 2 different points
2026-08-27 17:31:02.157 WARN   Polyline: must contain at least 2 different points
2026-08-27 17:31:02.157 WARN   Polyline: must contain at least 2 different points
2026-08-27 17:31:02.157 WARN   Polyline: must contain at least 2 different points
2026-08-27 17:31:02.157 WARN   Polyline: must contain at least 2 different points
2026-08-27 17:31:02.157 WARN   Polyline: must contain at least 2 different points
2026-08-27 17:31:02.158 WARN   Polyline: must contain at least 2 different points
2026-08-27 17:31:02.158 WARN   Polyline: must contain at least 2 different points
2026-08-27 17:31:02.158 WARN   Polyline: must contain at least 2 different points
2026-08-27 17:31:02.158 WARN   Polyline: must contain at least 2 different points
2026-08-27 17:31:02.158 WARN   Polyline: must contain at least 2 different points
2026-08-27 17:31:02.158 WARN   Polyline: must contain at least 2 different points
2026-08-27 17:31:02.158 WARN   Polyline: must contain at least 2 different points
2026-08-27 17:31:02.159 WARN   Polyline: must contain at least 2 different points
2026-08-27 17:31:02.159 WARN   Polyline: must contain at least 2 different points
2026-08-27 17:31:02.159 WARN   Polyline: must contain at least 2 different points
2026-08-27 17:31:02.159 WARN   Polyline: must contain at least 2 different points
2026-08-27 17:31:02.159 WARN   Polyline: must contain at least 2 different points
2026-08-27 17:31:02.159 WARN   Polyline: must contain at least 2 different points
2026-08-27 17:31:02.159 WARN   Polyline: must contain at least 2 different points
2026-08-27 17:31:02.160 WARN   Polyline: must contain at least 2 different points
2026-08-27 17:31:02.160 WARN   Polyline: must contain at least 2 different points
2026-08-27 17:31:02.160 WARN   Polyline: must contain at least 2 different points
2026-08-27 17:31:02.160 WARN   Polyline: must contain at least 2 different points
2026-08-27 17:31:02.160 WARN   Polyline: must contain at least 2 different points
2026-08-27 17:31:02.160 WARN   Polyline: must contain at least 2 different points
2026-08-27 17:31:02.161 WARN   Polyline: must contain at least 2 different points
2026-08-27 17:31:02.161 WARN   Polyline: must contain at least 2 different points
2026-08-27 17:31:02.161 WARN   Polyline: must contain at least 2 different points
2026-08-27 17:31:02.161 WARN   Polyline: must contain at least 2 different points
2026-08-27 17:31:02.161 WARN   Polyline: must contain at least 2 different points
2026-08-27 17:31:02.161 WARN   Polyline: must contain at least 2 different points
2026-08-27 17:31:02.162 WARN   Polyline: must contain at least 2 different points
2026-08-27 17:31:02.162 WARN   Polyline: must contain at least 2 different points
2026-08-27 17:31:02.162 WARN   Polyline: must contain at least 2 different points
2026-08-27 17:31:02.162 WARN   Polyline: must contain at least 2 different points
2026-08-27 17:31:02.162 WARN   Polyline: must contain at least 2 different points
2026-08-27 17:31:02.162 WARN   Polyline: must contain at least 2 different points
2026-08-27 17:31:02.162 WARN   Polyline: must contain at least 2 different points
2026-08-27 17:31:02.163 WARN   Polyline: must contain at least 2 different points
2026-08-27 17:31:02.163 WARN   Polyline: must contain at least 2 different points
2026-08-27 17:31:02.163 WARN   Polyline: must contain at least 2 different points
2026-08-27 17:31:02.163 WARN   Polyline: must contain at least 2 different points
2026-08-27 17:31:02.163 WARN   Polyline: must contain at least 2 different points
2026-08-27 17:31:02.163 WARN   Polyline: must contain at least 2 different points
2026-08-27 17:31:02.164 WARN   Polyline: must contain at least 2 different points
2026-08-27 17:31:02.164 WARN   Polyline: must contain at least 2 different points
2026-08-27 17:31:02.164 WARN   Polyline: must contain at least 2 different points
2026-08-27 17:31:02.164 WARN   Polyline: must contain at least 2 different points
2026-08-27 17:31:02.164 WARN   Polyline: must contain at least 2 different points
2026-08-27 17:31:02.164 WARN   Polyline: must contain at least 2 different points
2026-08-27 17:31:02.165 WARN   Polyline: must contain at least 2 different points
2026-08-27 17:31:02.165 WARN   Polyline: must contain at least 2 different points
2026-08-27 17:31:02.165 WARN   Polyline: must contain at least 2 different points
2026-08-27 17:31:02.165 WARN   Polyline: must contain at least 2 different points
2026-08-27 17:31:02.165 WARN   Polyline: must contain at least 2 different points
2026-08-27 17:31:02.165 WARN   Polyline: must contain at least 2 different points
2026-08-27 17:31:02.166 WARN   Polyline: must contain at least 2 different points
2026-08-27 17:31:02.166 WARN   Polyline: must contain at least 2 different points
2026-08-27 17:31:02.166 WARN   Polyline: must contain at least 2 different points
2026-08-27 17:31:02.166 WARN   Polyline: must contain at least 2 different points
2026-08-27 17:31:02.166 WARN   Polyline: must contain at least 2 different points
2026-08-27 17:31:02.166 WARN   Polyline: must contain at least 2 different points
2026-08-27 17:31:02.166 WARN   Polyline: must contain at least 2 different points
2026-08-27 17:31:02.167 WARN   Polyline: must contain at least 2 different points
2026-08-27 17:31:02.167 WARN   Polyline: must contain at least 2 different points
2026-08-27 17:31:02.167 WARN   Polyline: must contain at least 2 different points
2026-08-27 17:31:02.167 WARN   Polyline: must contain at least 2 different points
2026-08-27 17:31:02.167 WARN   Polyline: must contain at least 2 different points
2026-08-27 17:31:02.167 WARN   Polyline: must contain at least 2 different points
2026-08-27 17:31:02.168 WARN   Polyline: must contain at least 2 different points
2026-08-27 17:31:02.168 WARN   Polyline: must contain at least 2 different points
2026-08-27 17:31:02.168 WARN   Polyline: must contain at least 2 different points
2026-08-27 17:31:02.168 WARN   Polyline: must contain at least 2 different points
2026-08-27 17:31:02.168 WARN   Polyline: must contain at least 2 different points
2026-08-27 17:31:02.168 WARN   Polyline: must contain at least 2 different points
2026-08-27 17:31:02.169 WARN   Polyline: must contain at least 2 different points
2026-08-27 17:31:02.169 WARN   Polyline: must contain at least 2 different points
2026-08-27 17:31:02.169 WARN   Polyline: must contain at least 2 different points
2026-08-27 17:31:02.169 WARN   Polyline: must contain at least 2 different points
2026-08-27 17:31:02.169 WARN   Polyline: must contain at least 2 different points
2026-08-27 17:31:02.169 WARN   Polyline: must contain at least 2 different points
2026-08-27 17:31:02.170 WARN   Polyline: must contain at least 2 different points
2026-08-27 17:31:02.170 WARN   Polyline: must contain at least 2 different points
2026-08-27 17:31:02.170 WARN   Polyline: must contain at least 2 different points
2026-08-27 17:31:02.170 WARN   Polyline: must contain at least 2 different points
2026-08-27 17:31:02.170 WARN   Polyline: must contain at least 2 different points
2026-08-27 17:31:02.170 WARN   Polyline: must contain at least 2 different points
2026-08-27 17:31:02.171 WARN   Polyline: must contain at least 2 different points
2026-08-27 17:31:02.171 WARN   Polyline: must contain at least 2 different points
2026-08-27 17:31:02.171 WARN   Polyline: must contain at least 2 different points
2026-08-27 17:31:02.171 WARN   Polyline: must contain at least 2 different points
2026-08-27 17:31:02.171 WARN   Polyline: must contain at least 2 different points
2026-08-27 17:31:02.171 WARN   Polyline: must contain at least 2 different points
2026-08-27 17:31:02.172 WARN   Polyline: must contain at least 2 different points
2026-08-27 17:31:02.172 WARN   Polyline: must contain at least 2 different points
2026-08-27 17:31:02.172 WARN   Polyline: must contain at least 2 different points
2026-08-27 17:31:02.172 WARN   Polyline: must contain at least 2 different points
2026-08-27 17:31:02.172 WARN   Polyline: must contain at least 2 different points
2026-08-27 17:31:02.172 WARN   Polyline: must contain at least 2 different points
2026-08-27 17:31:02.173 WARN   Polyline: must contain at least 2 different points
2026-08-27 17:31:02.173 WARN   Polyline: must contain at least 2 different points
2026-08-27 17:31:02.173 WARN   Polyline: must contain at least 2 different points
2026-08-27 17:31:02.173 WARN   Polyline: must contain at least 2 different points
2026-08-27 17:31:02.173 WARN   Polyline: must contain at least 2 different points
2026-08-27 17:31:02.173 WARN   Polyline: must contain at least 2 different points
2026-08-27 17:31:02.173 WARN   Polyline: must contain at least 2 different points
2026-08-27 17:31:02.174 WARN   Polyline: must contain at least 2 different points
2026-08-27 17:31:02.174 WARN   Polyline: must contain at least 2 different points
2026-08-27 17:31:02.174 WARN   Polyline: must contain at least 2 different points
2026-08-27 17:31:02.174 WARN   Polyline: must contain at least 2 different points
2026-08-27 17:31:02.174 WARN   Polyline: must contain at least 2 different points
2026-08-27 17:31:02.174 WARN   Polyline: must contain at least 2 different points
2026-08-27 17:31:02.175 WARN   Polyline: must contain at least 2 different points
2026-08-27 17:31:02.175 WARN   Polyline: must contain at least 2 different points
2026-08-27 17:31:02.175 WARN   Polyline: must contain at least 2 different points
2026-08-27 17:31:02.175 WARN   Polyline: must contain at least 2 different points
2026-08-27 17:31:02.175 WARN   Polyline: must contain at least 2 different points
2026-08-27 17:31:02.175 WARN   Polyline: must contain at least 2 different points
2026-08-27 17:31:02.176 WARN   Polyline: must contain at least 2 different points
2026-08-27 17:31:02.176 WARN   Polyline: must contain at least 2 different points
2026-08-27 17:31:02.176 WARN   Polyline: must contain at least 2 different points
2026-08-27 17:31:02.176 WARN   Polyline: must contain at least 2 different points
2026-08-27 17:31:02.176 WARN   Polyline: must contain at least 2 different points
2026-08-27 17:31:02.176 WARN   Polyline: must contain at least 2 different points
2026-08-27 17:31:02.176 WARN   Polyline: must contain at least 2 different points
2026-08-27 17:31:02.177 WARN   Polyline: must contain at least 2 different points
2026-08-27 17:31:02.177 WARN   Polyline: must contain at least 2 different points
2026-08-27 17:31:02.177 WARN   Polyline: must contain at least 2 different points
2026-08-27 17:31:02.177 WARN   Polyline: must contain at least 2 different points
2026-08-27 17:31:02.177 WARN   Polyline: must contain at least 2 different points
2026-08-27 17:31:02.177 WARN   Polyline: must contain at least 2 different points
2026-08-27 17:31:02.178 WARN   Polyline: must contain at least 2 different points
2026-08-27 17:31:02.178 WARN   Polyline: must contain at least 2 different points
2026-08-27 17:31:02.178 WARN   Polyline: must contain at least 2 different points
2026-08-27 17:31:02.178 WARN   Polyline: must contain at least 2 different points
2026-08-27 17:31:02.178 WARN   Polyline: must contain at least 2 different points
2026-08-27 17:31:02.178 WARN   Polyline: must contain at least 2 different points
2026-08-27 17:31:02.179 WARN   Polyline: must contain at least 2 different points
2026-08-27 17:31:02.179 WARN   Polyline: must contain at least 2 different points
2026-08-27 17:31:02.179 WARN   Polyline: must contain at least 2 different points
2026-08-27 17:31:02.179 WARN   Polyline: must contain at least 2 different points
2026-08-27 17:31:02.179 WARN   Polyline: must contain at least 2 different points
2026-08-27 17:31:02.179 WARN   Polyline: must contain at least 2 different points
2026-08-27 17:31:02.180 WARN   Polyline: must contain at least 2 different points
2026-08-27 17:31:02.180 WARN   Polyline: must contain at least 2 different points
2026-08-27 17:31:02.180 WARN   Polyline: must contain at least 2 different points
2026-08-27 17:31:02.180 WARN   Polyline: must contain at least 2 different points
2026-08-27 17:31:02.180 WARN   Polyline: must contain at least 2 different points
2026-08-27 17:31:02.180 WARN   Polyline: must contain at least 2 different points
2026-08-27 17:31:02.181 WARN   Polyline: must contain at least 2 different points
2026-08-27 17:31:02.181 WARN   Polyline: must contain at least 2 different points
2026-08-27 17:31:02.181 WARN   Polyline: must contain at least 2 different points
2026-08-27 17:31:02.181 WARN   Polyline: must contain at least 2 different points
2026-08-27 17:31:02.181 WARN   Polyline: must contain at least 2 different points
2026-08-27 17:31:02.181 WARN   Polyline: must contain at least 2 different points
2026-08-27 17:31:02.182 WARN   Polyline: must contain at least 2 different points
2026-08-27 17:31:02.182 WARN   Polyline: must contain at least 2 different points
2026-08-27 17:31:02.182 WARN   Polyline: must contain at least 2 different points
2026-08-27 17:31:02.182 WARN   Polyline: must contain at least 2 different points
2026-08-27 17:31:02.182 WARN   Polyline: must contain at least 2 different points
2026-08-27 17:31:02.182 WARN   Polyline: must contain at least 2 different points
2026-08-27 17:31:02.183 WARN   Polyline: must contain at least 2 different points
2026-08-27 17:31:02.183 WARN   Polyline: must contain at least 2 different points
2026-08-27 17:31:02.183 WARN   Polyline: must contain at least 2 different points
2026-08-27 17:31:02.183 WARN   Polyline: must contain at least 2 different points
2026-08-27 17:31:02.183 WARN   Polyline: must contain at least 2 different points
2026-08-27 17:31:02.184 WARN   Polyline: must contain at least 2 different points
2026-08-27 17:31:02.184 WARN   Polyline: must contain at least 2 different points
2026-08-27 17:31:02.184 WARN   Polyline: must contain at least 2 different points
2026-08-27 17:31:02.184 WARN   Polyline: must contain at least 2 different points
2026-08-27 17:31:02.184 WARN   Polyline: must contain at least 2 different points
2026-08-27 17:31:02.184 WARN   Polyline: must contain at least 2 different points
2026-08-27 17:31:02.185 WARN   Polyline: must contain at least 2 different points
2026-08-27 17:31:02.185 WARN   Polyline: must contain at least 2 different points
2026-08-27 17:31:02.185 WARN   Polyline: must contain at least 2 different points
2026-08-27 17:31:02.185 WARN   Polyline: must contain at least 2 different points
2026-08-27 17:31:02.185 WARN   Polyline: must contain at least 2 different points
2026-08-27 17:31:02.185 WARN   Polyline: must contain at least 2 different points
2026-08-27 17:31:02.186 WARN   Polyline: must contain at least 2 different points
2026-08-27 17:31:02.186 WARN   Polyline: must contain at least 2 different points
2026-08-27 17:31:02.186 WARN   Polyline: must contain at least 2 different points
2026-08-27 17:31:02.186 WARN   Polyline: must contain at least 2 different points
2026-08-27 17:31:02.186 WARN   Polyline: must contain at least 2 different points
2026-08-27 17:31:02.186 WARN   Polyline: must contain at least 2 different points
2026-08-27 17:31:02.187 WARN   Polyline: must contain at least 2 different points
2026-08-27 17:31:02.187 WARN   Polyline: must contain at least 2 different points
2026-08-27 17:31:02.187 WARN   Polyline: must contain at least 2 different points
2026-08-27 17:31:02.187 WARN   Polyline: must contain at least 2 different points
2026-08-27 17:31:02.187 WARN   Polyline: must contain at least 2 different points
2026-08-27 17:31:02.188 WARN   Polyline: must contain at least 2 different points
2026-08-27 17:31:02.188 WARN   Polyline: must contain at least 2 different points
2026-08-27 17:31:02.188 WARN   Polyline: must contain at least 2 different points
2026-08-27 17:31:02.188 WARN   Polyline: must contain at least 2 different points
2026-08-27 17:31:02.188 WARN   Polyline: must contain at least 2 different points
2026-08-27 17:31:02.188 WARN   Polyline: must contain at least 2 different points
2026-08-27 17:31:02.189 WARN   Polyline: must contain at least 2 different points
2026-08-27 17:31:02.189 WARN   Polyline: must contain at least 2 different points
2026-08-27 17:31:02.189 WARN   Polyline: must contain at least 2 different points
2026-08-27 17:31:02.189 WARN   Polyline: must contain at least 2 different points
2026-08-27 17:31:02.189 WARN   Polyline: must contain at least 2 different points
2026-08-27 17:31:02.189 WARN   Polyline: must contain at least 2 different points
2026-08-27 17:31:02.190 WARN   Polyline: must contain at least 2 different points
2026-08-27 17:31:02.190 WARN   Polyline: must contain at least 2 different points
2026-08-27 17:31:02.190 WARN   Polyline: must contain at least 2 different points
2026-08-27 17:31:02.190 WARN   Polyline: must contain at least 2 different points
2026-08-27 17:31:02.190 WARN   Polyline: must contain at least 2 different points
2026-08-27 17:31:02.190 WARN   Polyline: must contain at least 2 different points
2026-08-27 17:31:02.191 WARN   Polyline: must contain at least 2 different points
2026-08-27 17:31:02.191 WARN   Polyline: must contain at least 2 different points
2026-08-27 17:31:02.191 WARN   Polyline: must contain at least 2 different points
2026-08-27 17:31:02.191 WARN   Polyline: must contain at least 2 different points
2026-08-27 17:31:02.191 WARN   Polyline: must contain at least 2 different points
2026-08-27 17:31:02.192 WARN   Polyline: must contain at least 2 different points
2026-08-27 17:31:02.192 WARN   Polyline: must contain at least 2 different points
2026-08-27 17:31:02.192 WARN   Polyline: must contain at least 2 different points
2026-08-27 17:31:02.192 WARN   Polyline: must contain at least 2 different points
2026-08-27 17:31:02.192 WARN   Polyline: must contain at least 2 different points
2026-08-27 17:31:02.192 WARN   Polyline: must contain at least 2 different points
2026-08-27 17:31:02.193 WARN   Polyline: must contain at least 2 different points
2026-08-27 17:31:02.193 WARN   Polyline: must contain at least 2 different points
2026-08-27 17:31:02.193 WARN   Polyline: must contain at least 2 different points
2026-08-27 17:31:02.193 WARN   Polyline: must contain at least 2 different points
2026-08-27 17:31:02.193 WARN   Polyline: must contain at least 2 different points
2026-08-27 17:31:02.193 WARN   Polyline: must contain at least 2 different points
2026-08-27 17:31:02.194 WARN   Polyline: must contain at least 2 different points
2026-08-27 17:31:02.194 WARN   Polyline: must contain at least 2 different points
2026-08-27 17:31:02.194 WARN   Polyline: must contain at least 2 different points
2026-08-27 17:31:02.194 WARN   Polyline: must contain at least 2 different points
2026-08-27 17:31:02.194 WARN   Polyline: must contain at least 2 different points
2026-08-27 17:31:02.194 WARN   Polyline: must contain at least 2 different points
2026-08-27 17:31:02.195 WARN   Polyline: must contain at least 2 different points
2026-08-27 17:31:02.195 WARN   Polyline: must contain at least 2 different points
2026-08-27 17:31:02.195 WARN   Polyline: must contain at least 2 different points
2026-08-27 17:31:02.195 WARN   Polyline: must contain at least 2 different points
2026-08-27 17:31:02.195 WARN   Polyline: must contain at least 2 different points
2026-08-27 17:31:02.196 WARN   Polyline: must contain at least 2 different points
2026-08-27 17:31:02.196 WARN   Polyline: must contain at least 2 different points
2026-08-27 17:31:02.196 WARN   Polyline: must contain at least 2 different points
2026-08-27 17:31:02.196 WARN   Polyline: must contain at least 2 different points
2026-08-27 17:31:02.196 WARN   Polyline: must contain at least 2 different points
2026-08-27 17:31:02.196 WARN   Polyline: must contain at least 2 different points
2026-08-27 17:31:02.197 WARN   Polyline: must contain at least 2 different points
2026-08-27 17:31:02.197 WARN   Polyline: must contain at least 2 different points
2026-08-27 17:31:02.197 WARN   Polyline: must contain at least 2 different points
2026-08-27 17:31:02.197 WARN   Polyline: must contain at least 2 different points
2026-08-27 17:31:02.197 WARN   Polyline: must contain at least 2 different points
2026-08-27 17:31:02.197 WARN   Polyline: must contain at least 2 different points
2026-08-27 17:31:02.198 WARN   Polyline: must contain at least 2 different points
2026-08-27 17:31:02.198 WARN   Polyline: must contain at least 2 different points
2026-08-27 17:31:02.198 WARN   Polyline: must contain at least 2 different points
2026-08-27 17:31:02.198 WARN   Polyline: must contain at least 2 different points
2026-08-27 17:31:02.198 WARN   Polyline: must contain at least 2 different points
2026-08-27 17:31:02.198 WARN   Polyline: must contain at least 2 different points
2026-08-27 17:31:02.199 WARN   Polyline: must contain at least 2 different points
2026-08-27 17:31:02.199 WARN   Polyline: must contain at least 2 different points
2026-08-27 17:31:02.199 WARN   Polyline: must contain at least 2 different points
2026-08-27 17:31:02.199 WARN   Polyline: must contain at least 2 different points
2026-08-27 17:31:02.199 WARN   Polyline: must contain at least 2 different points
2026-08-27 17:31:02.199 WARN   Polyline: must contain at least 2 different points
2026-08-27 17:31:02.200 WARN   Polyline: must contain at least 2 different points
2026-08-27 17:31:02.200 WARN   Polyline: must contain at least 2 different points
2026-08-27 17:31:02.200 WARN   Polyline: must contain at least 2 different points
2026-08-27 17:31:02.200 WARN   Polyline: must contain at least 2 different points
2026-08-27 17:31:02.200 WARN   Polyline: must contain at least 2 different points
2026-08-27 17:31:02.200 WARN   Polyline: must contain at least 2 different points
2026-08-27 17:31:02.201 WARN   Polyline: must contain at least 2 different points
2026-08-27 17:31:02.201 WARN   Polyline: must contain at least 2 different points
2026-08-27 17:31:02.201 WARN   Polyline: must contain at least 2 different points
2026-08-27 17:31:02.201 WARN   Polyline: must contain at least 2 different points
2026-08-27 17:31:02.201 WARN   Polyline: must contain at least 2 different points
2026-08-27 17:31:02.201 WARN   Polyline: must contain at least 2 different points
2026-08-27 17:31:02.202 WARN   Polyline: must contain at least 2 different points
2026-08-27 17:31:02.202 WARN   Polyline: must contain at least 2 different points
2026-08-27 17:31:02.202 WARN   Polyline: must contain at least 2 different points
2026-08-27 17:31:02.202 WARN   Polyline: must contain at least 2 different points
2026-08-27 17:31:02.202 WARN   Polyline: must contain at least 2 different points
2026-08-27 17:31:02.202 WARN   Polyline: must contain at least 2 different points
2026-08-27 17:31:02.203 WARN   Polyline: must contain at least 2 different points
2026-08-27 17:31:02.203 WARN   Polyline: must contain at least 2 different points
2026-08-27 17:31:02.203 WARN   Polyline: must contain at least 2 different points
2026-08-27 17:31:02.203 WARN   Polyline: must contain at least 2 different points
2026-08-27 17:31:02.203 WARN   Polyline: must contain at least 2 different points
2026-08-27 17:31:02.204 WARN   Polyline: must contain at least 2 different points
2026-08-27 17:31:02.204 WARN   Polyline: must contain at least 2 different points
2026-08-27 17:31:02.204 WARN   Polyline: must contain at least 2 different points
2026-08-27 17:31:02.204 WARN   Polyline: must contain at least 2 different points
2026-08-27 17:31:02.204 WARN   Polyline: must contain at least 2 different points
2026-08-27 17:31:02.205 WARN   Polyline: must contain at least 2 different points
2026-08-27 17:31:02.205 WARN   Polyline: must contain at least 2 different points
2026-08-27 17:31:02.205 WARN   Polyline: must contain at least 2 different points
2026-08-27 17:31:02.205 WARN   Polyline: must contain at least 2 different points
2026-08-27 17:31:02.205 WARN   Polyline: must contain at least 2 different points
2026-08-27 17:31:02.205 WARN   Polyline: must contain at least 2 different points
2026-08-27 17:31:02.206 WARN   Polyline: must contain at least 2 different points
2026-08-27 17:31:02.206 WARN   Polyline: must contain at least 2 different points
2026-08-27 17:31:02.206 WARN   Polyline: must contain at least 2 different points
2026-08-27 17:31:02.206 WARN   Polyline: must contain at least 2 different points
2026-08-27 17:31:02.206 WARN   Polyline: must contain at least 2 different points
2026-08-27 17:31:02.206 WARN   Polyline: must contain at least 2 different points
2026-08-27 17:31:02.207 WARN   Polyline: must contain at least 2 different points
2026-08-27 17:31:02.207 WARN   Polyline: must contain at least 2 different points
2026-08-27 17:31:02.207 WARN   Polyline: must contain at least 2 different points
2026-08-27 17:31:02.207 WARN   Polyline: must contain at least 2 different points
2026-08-27 17:31:02.207 WARN   Polyline: must contain at least 2 different points
2026-08-27 17:31:02.207 WARN   Polyline: must contain at least 2 different points
2026-08-27 17:31:02.208 WARN   Polyline: must contain at least 2 different points
2026-08-27 17:31:02.208 WARN   Polyline: must contain at least 2 different points
2026-08-27 17:31:02.208 WARN   Polyline: must contain at least 2 different points
2026-08-27 17:31:02.208 WARN   Polyline: must contain at least 2 different points
2026-08-27 17:31:02.208 WARN   Polyline: must contain at least 2 different points
2026-08-27 17:31:02.208 WARN   Polyline: must contain at least 2 different points
2026-08-27 17:31:02.209 WARN   Polyline: must contain at least 2 different points
2026-08-27 17:31:02.209 WARN   Polyline: must contain at least 2 different points
2026-08-27 17:31:02.209 WARN   Polyline: must contain at least 2 different points
2026-08-27 17:31:02.209 WARN   Polyline: must contain at least 2 different points
2026-08-27 17:31:02.209 WARN   Polyline: must contain at least 2 different points
2026-08-27 17:31:02.209 WARN   Polyline: must contain at least 2 different points
2026-08-27 17:31:02.210 WARN   Polyline: must contain at least 2 different points
2026-08-27 17:31:02.210 WARN   Polyline: must contain at least 2 different points
2026-08-27 17:31:02.210 WARN   Polyline: must contain at least 2 different points
2026-08-27 17:31:02.210 WARN   Polyline: must contain at least 2 different points
2026-08-27 17:31:02.210 WARN   Polyline: must contain at least 2 different points
2026-08-27 17:31:02.210 WARN   Polyline: must contain at least 2 different points
2026-08-27 17:31:02.210 WARN   Polyline: must contain at least 2 different points
2026-08-27 17:31:02.211 WARN   Polyline: must contain at least 2 different points
2026-08-27 17:31:02.211 WARN   Polyline: must contain at least 2 different points
2026-08-27 17:31:02.211 WARN   Polyline: must contain at least 2 different points
2026-08-27 17:31:02.211 WARN   Polyline: must contain at least 2 different points
2026-08-27 17:31:02.211 WARN   Polyline: must contain at least 2 different points
2026-08-27 17:31:02.211 WARN   Polyline: must contain at least 2 different points
2026-08-27 17:31:02.212 WARN   Polyline: must contain at least 2 different points
2026-08-27 17:31:02.212 WARN   Polyline: must contain at least 2 different points
2026-08-27 17:31:02.212 WARN   Polyline: must contain at least 2 different points
2026-08-27 17:31:02.212 WARN   Polyline: must contain at least 2 different points
2026-08-27 17:31:02.212 WARN   Polyline: must contain at least 2 different points
2026-08-27 17:31:02.212 WARN   Polyline: must contain at least 2 different points
2026-08-27 17:31:02.212 WARN   Polyline: must contain at least 2 different points
2026-08-27 17:31:02.213 WARN   Polyline: must contain at least 2 different points
2026-08-27 17:31:02.213 WARN   Polyline: must contain at least 2 different points
2026-08-27 17:31:02.213 WARN   Polyline: must contain at least 2 different points
2026-08-27 17:31:02.213 WARN   Polyline: must contain at least 2 different points
2026-08-27 17:31:02.213 WARN   Polyline: must contain at least 2 different points
2026-08-27 17:31:02.213 WARN   Polyline: must contain at least 2 different points
2026-08-27 17:31:02.214 WARN   Polyline: must contain at least 2 different points
2026-08-27 17:31:02.214 WARN   Polyline: must contain at least 2 different points
2026-08-27 17:31:02.214 WARN   Polyline: must contain at least 2 different points
2026-08-27 17:31:02.214 WARN   Polyline: must contain at least 2 different points
2026-08-27 17:31:02.214 WARN   Polyline: must contain at least 2 different points
2026-08-27 17:31:02.214 WARN   Polyline: must contain at least 2 different points
2026-08-27 17:31:02.215 WARN   Polyline: must contain at least 2 different points
2026-08-27 17:31:02.215 WARN   Polyline: must contain at least 2 different points
2026-08-27 17:31:02.215 WARN   Polyline: must contain at least 2 different points
2026-08-27 17:31:02.215 WARN   Polyline: must contain at least 2 different points
2026-08-27 17:31:02.215 WARN   Polyline: must contain at least 2 different points
2026-08-27 17:31:02.215 WARN   Polyline: must contain at least 2 different points
2026-08-27 17:31:02.216 WARN   Polyline: must contain at least 2 different points
2026-08-27 17:31:02.216 WARN   Polyline: must contain at least 2 different points
2026-08-27 17:31:02.216 WARN   Polyline: must contain at least 2 different points
2026-08-27 17:31:02.216 WARN   Polyline: must contain at least 2 different points
2026-08-27 17:31:02.216 WARN   Polyline: must contain at least 2 different points
2026-08-27 17:31:02.216 WARN   Polyline: must contain at least 2 different points
2026-08-27 17:31:02.217 WARN   Polyline: must contain at least 2 different points
2026-08-27 17:31:02.217 WARN   Polyline: must contain at least 2 different points
2026-08-27 17:31:02.217 WARN   Polyline: must contain at least 2 different points
2026-08-27 17:31:02.217 WARN   Polyline: must contain at least 2 different points
2026-08-27 17:31:02.217 WARN   Polyline: must contain at least 2 different points
2026-08-27 17:31:02.217 WARN   Polyline: must contain at least 2 different points
2026-08-27 17:31:02.218 WARN   Polyline: must contain at least 2 different points
2026-08-27 17:31:02.218 WARN   Polyline: must contain at least 2 different points
2026-08-27 17:31:02.218 WARN   Polyline: must contain at least 2 different points
2026-08-27 17:31:02.218 WARN   Polyline: must contain at least 2 different points
2026-08-27 17:31:02.218 WARN   Polyline: must contain at least 2 different points
2026-08-27 17:31:02.218 WARN   Polyline: must contain at least 2 different points
2026-08-27 17:31:02.219 WARN   Polyline: must contain at least 2 different points
2026-08-27 17:31:02.219 WARN   Polyline: must contain at least 2 different points
2026-08-27 17:31:02.219 WARN   Polyline: must contain at least 2 different points
2026-08-27 17:31:02.219 WARN   Polyline: must contain at least 2 different points
2026-08-27 17:31:02.219 WARN   Polyline: must contain at least 2 different points
2026-08-27 17:31:02.219 WARN   Polyline: must contain at least 2 different points
2026-08-27 17:31:02.220 WARN   Polyline: must contain at least 2 different points
2026-08-27 17:31:02.220 WARN   Polyline: must contain at least 2 different points
2026-08-27 17:31:02.220 WARN   Polyline: must contain at least 2 different points
2026-08-27 17:31:02.220 WARN   Polyline: must contain at least 2 different points
2026-08-27 17:31:02.220 WARN   Polyline: must contain at least 2 different points
2026-08-27 17:31:02.220 WARN   Polyline: must contain at least 2 different points
2026-08-27 17:31:02.221 WARN   Polyline: must contain at least 2 different points
2026-08-27 17:31:02.221 WARN   Polyline: must contain at least 2 different points
2026-08-27 17:31:02.221 WARN   Polyline: must contain at least 2 different points
2026-08-27 17:31:02.221 WARN   Polyline: must contain at least 2 different points
2026-08-27 17:31:02.221 WARN   Polyline: must contain at least 2 different points
2026-08-27 17:31:02.222 WARN   Polyline: must contain at least 2 different points
2026-08-27 17:31:02.222 WARN   Polyline: must contain at least 2 different points
2026-08-27 17:31:02.222 WARN   Polyline: must contain at least 2 different points
2026-08-27 17:31:02.222 WARN   Polyline: must contain at least 2 different points
2026-08-27 17:31:02.222 WARN   Polyline: must contain at least 2 different points
2026-08-27 17:31:02.222 WARN   Polyline: must contain at least 2 different points
2026-08-27 17:31:02.222 WARN   Polyline: must contain at least 2 different points
2026-08-27 17:31:02.223 WARN   Polyline: must contain at least 2 different points
2026-08-27 17:31:02.223 WARN   Polyline: must contain at least 2 different points
2026-08-27 17:31:02.223 WARN   Polyline: must contain at least 2 different points
2026-08-27 17:31:02.223 WARN   Polyline: must contain at least 2 different points
2026-08-27 17:31:02.223 WARN   Polyline: must contain at least 2 different points
2026-08-27 17:31:02.223 WARN   Polyline: must contain at least 2 different points
2026-08-27 17:31:02.224 WARN   Polyline: must contain at least 2 different points
2026-08-27 17:31:02.224 WARN   Polyline: must contain at least 2 different points
2026-08-27 17:31:02.224 WARN   Polyline: must contain at least 2 different points
2026-08-27 17:31:02.224 WARN   Polyline: must contain at least 2 different points
2026-08-27 17:31:02.224 WARN   Polyline: must contain at least 2 different points
2026-08-27 17:31:02.224 WARN   Polyline: must contain at least 2 different points
2026-08-27 17:31:02.225 WARN   Polyline: must contain at least 2 different points
2026-08-27 17:31:02.225 WARN   Polyline: must contain at least 2 different points
2026-08-27 17:31:02.225 WARN   Polyline: must contain at least 2 different points
2026-08-27 17:31:02.225 WARN   Polyline: must contain at least 2 different points
2026-08-27 17:31:02.225 WARN   Polyline: must contain at least 2 different points
2026-08-27 17:31:02.225 WARN   Polyline: must contain at least 2 different points
2026-08-27 17:31:02.226 WARN   Polyline: must contain at least 2 different points
2026-08-27 17:31:02.226 WARN   Polyline: must contain at least 2 different points
2026-08-27 17:31:02.226 WARN   Polyline: must contain at least 2 different points
2026-08-27 17:31:02.226 WARN   Polyline: must contain at least 2 different points
2026-08-27 17:31:02.226 WARN   Polyline: must contain at least 2 different points
2026-08-27 17:31:02.226 WARN   Polyline: must contain at least 2 different points
2026-08-27 17:31:02.226 WARN   Polyline: must contain at least 2 different points
2026-08-27 17:31:02.227 WARN   Polyline: must contain at least 2 different points
2026-08-27 17:31:02.227 WARN   Polyline: must contain at least 2 different points
2026-08-27 17:31:02.227 WARN   Polyline: must contain at least 2 different points
2026-08-27 17:31:02.227 WARN   Polyline: must contain at least 2 different points
2026-08-27 17:31:02.227 WARN   Polyline: must contain at least 2 different points
2026-08-27 17:31:02.227 WARN   Polyline: must contain at least 2 different points
2026-08-27 17:31:02.228 WARN   Polyline: must contain at least 2 different points
2026-08-27 17:31:02.228 WARN   Polyline: must contain at least 2 different points
2026-08-27 17:31:02.228 WARN   Polyline: must contain at least 2 different points
2026-08-27 17:31:02.228 WARN   Polyline: must contain at least 2 different points
2026-08-27 17:31:02.228 WARN   Polyline: must contain at least 2 different points
2026-08-27 17:31:02.228 WARN   Polyline: must contain at least 2 different points
2026-08-27 17:31:02.229 WARN   Polyline: must contain at least 2 different points
2026-08-27 17:31:02.229 WARN   Polyline: must contain at least 2 different points
2026-08-27 17:31:02.229 WARN   Polyline: must contain at least 2 different points
2026-08-27 17:31:02.229 WARN   Polyline: must contain at least 2 different points
2026-08-27 17:31:02.229 WARN   Polyline: must contain at least 2 different points
2026-08-27 17:31:02.229 WARN   Polyline: must contain at least 2 different points
2026-08-27 17:31:02.229 WARN   Polyline: must contain at least 2 different points
2026-08-27 17:31:02.230 WARN   Polyline: must contain at least 2 different points
2026-08-27 17:31:02.230 WARN   Polyline: must contain at least 2 different points
2026-08-27 17:31:02.230 WARN   Polyline: must contain at least 2 different points
2026-08-27 17:31:02.230 WARN   Polyline: must contain at least 2 different points
2026-08-27 17:31:02.230 WARN   Polyline: must contain at least 2 different points
2026-08-27 17:31:02.230 WARN   Polyline: must contain at least 2 different points
2026-08-27 17:31:02.231 WARN   Polyline: must contain at least 2 different points
2026-08-27 17:31:02.231 WARN   Polyline: must contain at least 2 different points
2026-08-27 17:31:02.231 WARN   Polyline: must contain at least 2 different points
2026-08-27 17:31:02.231 WARN   Polyline: must contain at least 2 different points
2026-08-27 17:31:02.231 WARN   Polyline: must contain at least 2 different points
2026-08-27 17:31:02.231 WARN   Polyline: must contain at least 2 different points
2026-08-27 17:31:02.231 WARN   Polyline: must contain at least 2 different points
2026-08-27 17:31:02.232 WARN   Polyline: must contain at least 2 different points
2026-08-27 17:31:02.232 WARN   Polyline: must contain at least 2 different points
2026-08-27 17:31:02.232 WARN   Polyline: must contain at least 2 different points
2026-08-27 17:31:02.232 WARN   Polyline: must contain at least 2 different points
2026-08-27 17:31:02.232 WARN   Polyline: must contain at least 2 different points
2026-08-27 17:31:02.232 WARN   Polyline: must contain at least 2 different points
2026-08-27 17:31:02.233 WARN   Polyline: must contain at least 2 different points
2026-08-27 17:31:02.233 WARN   Polyline: must contain at least 2 different points
2026-08-27 17:31:02.233 WARN   Polyline: must contain at least 2 different points
2026-08-27 17:31:02.233 WARN   Polyline: must contain at least 2 different points
2026-08-27 17:31:02.233 WARN   Polyline: must contain at least 2 different points
2026-08-27 17:31:02.233 WARN   Polyline: must contain at least 2 different points
2026-08-27 17:31:02.234 WARN   Polyline: must contain at least 2 different points
2026-08-27 17:31:02.234 WARN   Polyline: must contain at least 2 different points
2026-08-27 17:31:02.234 WARN   Polyline: must contain at least 2 different points
2026-08-27 17:31:02.234 WARN   Polyline: must contain at least 2 different points
2026-08-27 17:31:02.234 WARN   Polyline: must contain at least 2 different points
2026-08-27 17:31:02.234 WARN   Polyline: must contain at least 2 different points
2026-08-27 17:31:02.234 WARN   Polyline: must contain at least 2 different points
2026-08-27 17:31:02.235 WARN   Polyline: must contain at least 2 different points
2026-08-27 17:31:02.235 WARN   Polyline: must contain at least 2 different points
2026-08-27 17:31:02.235 WARN   Polyline: must contain at least 2 different points
2026-08-27 17:31:02.235 WARN   Polyline: must contain at least 2 different points
2026-08-27 17:31:02.235 WARN   Polyline: must contain at least 2 different points
2026-08-27 17:31:02.235 WARN   Polyline: must contain at least 2 different points
2026-08-27 17:31:02.236 WARN   Polyline: must contain at least 2 different points
2026-08-27 17:31:02.236 WARN   Polyline: must contain at least 2 different points
2026-08-27 17:31:02.236 WARN   Polyline: must contain at least 2 different points
2026-08-27 17:31:02.236 WARN   Polyline: must contain at least 2 different points
2026-08-27 17:31:02.236 WARN   Polyline: must contain at least 2 different points
2026-08-27 17:31:02.236 WARN   Polyline: must contain at least 2 different points
2026-08-27 17:31:02.237 WARN   Polyline: must contain at least 2 different points
2026-08-27 17:31:02.237 WARN   Polyline: must contain at least 2 different points
2026-08-27 17:31:02.237 WARN   Polyline: must contain at least 2 different points
2026-08-27 17:31:02.237 WARN   Polyline: must contain at least 2 different points
2026-08-27 17:31:02.237 WARN   Polyline: must contain at least 2 different points
2026-08-27 17:31:02.237 WARN   Polyline: must contain at least 2 different points
2026-08-27 17:31:02.238 WARN   Polyline: must contain at least 2 different points
2026-08-27 17:31:02.238 WARN   Polyline: must contain at least 2 different points
2026-08-27 17:31:02.238 WARN   Polyline: must contain at least 2 different points
2026-08-27 17:31:02.238 WARN   Polyline: must contain at least 2 different points
2026-08-27 17:31:02.238 WARN   Polyline: must contain at least 2 different points
2026-08-27 17:31:02.238 WARN   Polyline: must contain at least 2 different points
2026-08-27 17:31:02.238 WARN   Polyline: must contain at least 2 different points
2026-08-27 17:31:02.239 WARN   Polyline: must contain at least 2 different points
2026-08-27 17:31:02.239 WARN   Polyline: must contain at least 2 different points
2026-08-27 17:31:02.239 WARN   Polyline: must contain at least 2 different points
2026-08-27 17:31:02.239 WARN   Polyline: must contain at least 2 different points
2026-08-27 17:31:02.239 WARN   Polyline: must contain at least 2 different points
2026-08-27 17:31:02.239 WARN   Polyline: must contain at least 2 different points
2026-08-27 17:31:02.240 WARN   Polyline: must contain at least 2 different points
2026-08-27 17:31:02.330 INFO   [7B1E34\3544CC] Auto-router pass #1 on board '5ba5b8a0ec90d6b898d7606846303f65' was completed in 2.25 seconds with the score of 958.41 (7 unrouted), using 1.85 CPU seconds and the job allocated 0.75 GB of memory so far.
2026-08-27 17:31:02.580 INFO   [7B1E34\3544CC] Auto-router pass #2 on board 'dba101d6976060f014ab6620f5de443d' was completed in 0.23 seconds with the score of 952.52 (8 unrouted), using 1.85 CPU seconds and the job allocated 0.75 GB of memory so far.
2026-08-27 17:31:02.743 INFO   [7B1E34\3544CC] Auto-router pass #3 on board 'a79479bf06f45f7854f675b941924e2f' was completed in 0.14 seconds with the score of 958.52 (7 unrouted), using 1.85 CPU seconds and the job allocated 0.75 GB of memory so far.
2026-08-27 17:31:02.898 INFO   [7B1E34\3544CC] Auto-router pass #4 on board 'adfa5b86493ef291f7f691b11f8a833e' was completed in 0.13 seconds with the score of 958.52 (7 unrouted), using 1.85 CPU seconds and the job allocated 0.75 GB of memory so far.
2026-08-27 17:31:02.905 INFO   [7B1E34\3544CC] Board state has not changed since pass #4 (hash adfa5b86493ef291f7f691b11f8a833e). The auto-router cannot make further progress; stopping.
2026-08-27 17:31:02.916 INFO   [7B1E34\3544CC] Auto-router session completed: started with 48 unrouted nets, completed in 2.91 seconds, final score: 958.52 (7 unrouted), using 1.85 total CPU seconds, 0.75 GB total allocated, and 226.30 MB peak heap usage.

