2026-08-27 17:30:46.236 INFO   Freerouting v2.2.4 (build-date: 2026-05-13)
2026-08-27 17:30:47.682 INFO   [DF4990\1FD94F] Job 'DF4990\1FD94F' started at 2026-08-27T17:30:47.682635132Z.
2026-08-27 17:30:48.154 INFO   New version available: v2.3.0
2026-08-27 17:30:49.239 WARN   Polyline: must contain at least 2 different points
2026-08-27 17:30:49.240 WARN   Polyline: must contain at least 2 different points
2026-08-27 17:30:49.240 WARN   Polyline: must contain at least 2 different points
2026-08-27 17:30:49.241 WARN   Polyline: must contain at least 2 different points
2026-08-27 17:30:49.241 WARN   Polyline: must contain at least 2 different points
2026-08-27 17:30:49.242 WARN   Polyline: must contain at least 2 different points
2026-08-27 17:30:49.242 WARN   Polyline: must contain at least 2 different points
2026-08-27 17:30:49.242 WARN   Polyline: must contain at least 2 different points
2026-08-27 17:30:49.243 WARN   Polyline: must contain at least 2 different points
2026-08-27 17:30:49.243 WARN   Polyline: must contain at least 2 different points
2026-08-27 17:30:49.244 WARN   Polyline: must contain at least 2 different points
2026-08-27 17:30:49.244 WARN   Polyline: must contain at least 2 different points
2026-08-27 17:30:49.244 WARN   Polyline: must contain at least 2 different points
2026-08-27 17:30:49.245 WARN   Polyline: must contain at least 2 different points
2026-08-27 17:30:49.246 WARN   Polyline: must contain at least 2 different points
2026-08-27 17:30:49.246 WARN   Polyline: must contain at least 2 different points
2026-08-27 17:30:49.247 WARN   Polyline: must contain at least 2 different points
2026-08-27 17:30:49.247 WARN   Polyline: must contain at least 2 different points
2026-08-27 17:30:49.248 WARN   Polyline: must contain at least 2 different points
2026-08-27 17:30:49.248 WARN   Polyline: must contain at least 2 different points
2026-08-27 17:30:49.248 WARN   Polyline: must contain at least 2 different points
2026-08-27 17:30:49.249 WARN   Polyline: must contain at least 2 different points
2026-08-27 17:30:49.249 WARN   Polyline: must contain at least 2 different points
2026-08-27 17:30:49.250 WARN   Polyline: must contain at least 2 different points
2026-08-27 17:30:49.250 WARN   Polyline: must contain at least 2 different points
2026-08-27 17:30:49.250 WARN   Polyline: must contain at least 2 different points
2026-08-27 17:30:49.251 WARN   Polyline: must contain at least 2 different points
2026-08-27 17:30:49.251 WARN   Polyline: must contain at least 2 different points
2026-08-27 17:30:49.253 WARN   Polyline: must contain at least 2 different points
2026-08-27 17:30:49.255 WARN   Polyline: must contain at least 2 different points
2026-08-27 17:30:49.255 WARN   Polyline: must contain at least 2 different points
2026-08-27 17:30:49.256 WARN   Polyline: must contain at least 2 different points
2026-08-27 17:30:49.256 WARN   Polyline: must contain at least 2 different points
2026-08-27 17:30:49.256 WARN   Polyline: must contain at least 2 different points
2026-08-27 17:30:49.257 WARN   Polyline: must contain at least 2 different points
2026-08-27 17:30:49.257 WARN   Polyline: must contain at least 2 different points
2026-08-27 17:30:49.257 WARN   Polyline: must contain at least 2 different points
2026-08-27 17:30:49.258 WARN   Polyline: must contain at least 2 different points
2026-08-27 17:30:49.258 WARN   Polyline: must contain at least 2 different points
2026-08-27 17:30:49.259 WARN   Polyline: must contain at least 2 different points
2026-08-27 17:30:49.259 WARN   Polyline: must contain at least 2 different points
2026-08-27 17:30:49.259 WARN   Polyline: must contain at least 2 different points
2026-08-27 17:30:49.260 WARN   Polyline: must contain at least 2 different points
2026-08-27 17:30:49.260 WARN   Polyline: must contain at least 2 different points
2026-08-27 17:30:49.260 WARN   Polyline: must contain at least 2 different points
2026-08-27 17:30:49.261 WARN   Polyline: must contain at least 2 different points
2026-08-27 17:30:49.261 WARN   Polyline: must contain at least 2 different points
2026-08-27 17:30:49.261 WARN   Polyline: must contain at least 2 different points
2026-08-27 17:30:49.262 WARN   Polyline: must contain at least 2 different points
2026-08-27 17:30:49.262 WARN   Polyline: must contain at least 2 different points
2026-08-27 17:30:49.262 WARN   Polyline: must contain at least 2 different points
2026-08-27 17:30:49.263 WARN   Polyline: must contain at least 2 different points
2026-08-27 17:30:49.263 WARN   Polyline: must contain at least 2 different points
2026-08-27 17:30:49.264 WARN   Polyline: must contain at least 2 different points
2026-08-27 17:30:49.264 WARN   Polyline: must contain at least 2 different points
2026-08-27 17:30:49.264 WARN   Polyline: must contain at least 2 different points
2026-08-27 17:30:49.265 WARN   Polyline: must contain at least 2 different points
2026-08-27 17:30:49.265 WARN   Polyline: must contain at least 2 different points
2026-08-27 17:30:49.265 WARN   Polyline: must contain at least 2 different points
2026-08-27 17:30:49.266 WARN   Polyline: must contain at least 2 different points
2026-08-27 17:30:49.266 WARN   Polyline: must contain at least 2 different points
2026-08-27 17:30:49.267 WARN   Polyline: must contain at least 2 different points
2026-08-27 17:30:49.267 WARN   Polyline: must contain at least 2 different points
2026-08-27 17:30:49.267 WARN   Polyline: must contain at least 2 different points
2026-08-27 17:30:49.268 WARN   Polyline: must contain at least 2 different points
2026-08-27 17:30:49.268 WARN   Polyline: must contain at least 2 different points
2026-08-27 17:30:49.269 WARN   Polyline: must contain at least 2 different points
2026-08-27 17:30:49.269 WARN   Polyline: must contain at least 2 different points
2026-08-27 17:30:49.269 WARN   Polyline: must contain at least 2 different points
2026-08-27 17:30:49.270 WARN   Polyline: must contain at least 2 different points
2026-08-27 17:30:49.270 WARN   Polyline: must contain at least 2 different points
2026-08-27 17:30:49.271 WARN   Polyline: must contain at least 2 different points
2026-08-27 17:30:49.271 WARN   Polyline: must contain at least 2 different points
2026-08-27 17:30:49.272 WARN   Polyline: must contain at least 2 different points
2026-08-27 17:30:49.272 WARN   Polyline: must contain at least 2 different points
2026-08-27 17:30:49.273 WARN   Polyline: must contain at least 2 different points
2026-08-27 17:30:49.273 WARN   Polyline: must contain at least 2 different points
2026-08-27 17:30:49.273 WARN   Polyline: must contain at least 2 different points
2026-08-27 17:30:49.274 WARN   Polyline: must contain at least 2 different points
2026-08-27 17:30:49.274 WARN   Polyline: must contain at least 2 different points
2026-08-27 17:30:49.274 WARN   Polyline: must contain at least 2 different points
2026-08-27 17:30:49.275 WARN   Polyline: must contain at least 2 different points
2026-08-27 17:30:49.275 WARN   Polyline: must contain at least 2 different points
2026-08-27 17:30:49.275 WARN   Polyline: must contain at least 2 different points
2026-08-27 17:30:49.276 WARN   Polyline: must contain at least 2 different points
2026-08-27 17:30:49.276 WARN   Polyline: must contain at least 2 different points
2026-08-27 17:30:49.276 WARN   Polyline: must contain at least 2 different points
2026-08-27 17:30:49.277 WARN   Polyline: must contain at least 2 different points
2026-08-27 17:30:49.277 WARN   Polyline: must contain at least 2 different points
2026-08-27 17:30:49.277 WARN   Polyline: must contain at least 2 different points
2026-08-27 17:30:49.278 WARN   Polyline: must contain at least 2 different points
2026-08-27 17:30:49.278 WARN   Polyline: must contain at least 2 different points
2026-08-27 17:30:49.278 WARN   Polyline: must contain at least 2 different points
2026-08-27 17:30:49.278 WARN   Polyline: must contain at least 2 different points
2026-08-27 17:30:49.279 WARN   Polyline: must contain at least 2 different points
2026-08-27 17:30:49.279 WARN   Polyline: must contain at least 2 different points
2026-08-27 17:30:49.279 WARN   Polyline: must contain at least 2 different points
2026-08-27 17:30:49.280 WARN   Polyline: must contain at least 2 different points
2026-08-27 17:30:49.280 WARN   Polyline: must contain at least 2 different points
2026-08-27 17:30:49.280 WARN   Polyline: must contain at least 2 different points
2026-08-27 17:30:49.281 WARN   Polyline: must contain at least 2 different points
2026-08-27 17:30:49.281 WARN   Polyline: must contain at least 2 different points
2026-08-27 17:30:49.281 WARN   Polyline: must contain at least 2 different points
2026-08-27 17:30:49.282 WARN   Polyline: must contain at least 2 different points
2026-08-27 17:30:49.282 WARN   Polyline: must contain at least 2 different points
2026-08-27 17:30:49.282 WARN   Polyline: must contain at least 2 different points
2026-08-27 17:30:49.283 WARN   Polyline: must contain at least 2 different points
2026-08-27 17:30:49.283 WARN   Polyline: must contain at least 2 different points
2026-08-27 17:30:49.283 WARN   Polyline: must contain at least 2 different points
2026-08-27 17:30:49.284 WARN   Polyline: must contain at least 2 different points
2026-08-27 17:30:49.284 WARN   Polyline: must contain at least 2 different points
2026-08-27 17:30:49.284 WARN   Polyline: must contain at least 2 different points
2026-08-27 17:30:49.285 WARN   Polyline: must contain at least 2 different points
2026-08-27 17:30:49.285 WARN   Polyline: must contain at least 2 different points
2026-08-27 17:30:49.285 WARN   Polyline: must contain at least 2 different points
2026-08-27 17:30:49.286 WARN   Polyline: must contain at least 2 different points
2026-08-27 17:30:49.286 WARN   Polyline: must contain at least 2 different points
2026-08-27 17:30:49.286 WARN   Polyline: must contain at least 2 different points
2026-08-27 17:30:49.287 WARN   Polyline: must contain at least 2 different points
2026-08-27 17:30:49.287 WARN   Polyline: must contain at least 2 different points
2026-08-27 17:30:49.288 WARN   Polyline: must contain at least 2 different points
2026-08-27 17:30:49.288 WARN   Polyline: must contain at least 2 different points
2026-08-27 17:30:49.288 WARN   Polyline: must contain at least 2 different points
2026-08-27 17:30:49.289 WARN   Polyline: must contain at least 2 different points
2026-08-27 17:30:49.289 WARN   Polyline: must contain at least 2 different points
2026-08-27 17:30:49.289 WARN   Polyline: must contain at least 2 different points
2026-08-27 17:30:49.290 WARN   Polyline: must contain at least 2 different points
2026-08-27 17:30:49.290 WARN   Polyline: must contain at least 2 different points
2026-08-27 17:30:49.290 WARN   Polyline: must contain at least 2 different points
2026-08-27 17:30:49.291 WARN   Polyline: must contain at least 2 different points
2026-08-27 17:30:49.291 WARN   Polyline: must contain at least 2 different points
2026-08-27 17:30:49.291 WARN   Polyline: must contain at least 2 different points
2026-08-27 17:30:49.292 WARN   Polyline: must contain at least 2 different points
2026-08-27 17:30:49.292 WARN   Polyline: must contain at least 2 different points
2026-08-27 17:30:49.292 WARN   Polyline: must contain at least 2 different points
2026-08-27 17:30:49.293 WARN   Polyline: must contain at least 2 different points
2026-08-27 17:30:49.293 WARN   Polyline: must contain at least 2 different points
2026-08-27 17:30:49.293 WARN   Polyline: must contain at least 2 different points
2026-08-27 17:30:49.293 WARN   Polyline: must contain at least 2 different points
2026-08-27 17:30:49.294 WARN   Polyline: must contain at least 2 different points
2026-08-27 17:30:49.294 WARN   Polyline: must contain at least 2 different points
2026-08-27 17:30:49.294 WARN   Polyline: must contain at least 2 different points
2026-08-27 17:30:49.295 WARN   Polyline: must contain at least 2 different points
2026-08-27 17:30:49.295 WARN   Polyline: must contain at least 2 different points
2026-08-27 17:30:49.295 WARN   Polyline: must contain at least 2 different points
2026-08-27 17:30:49.296 WARN   Polyline: must contain at least 2 different points
2026-08-27 17:30:49.296 WARN   Polyline: must contain at least 2 different points
2026-08-27 17:30:49.296 WARN   Polyline: must contain at least 2 different points
2026-08-27 17:30:49.297 WARN   Polyline: must contain at least 2 different points
2026-08-27 17:30:49.297 WARN   Polyline: must contain at least 2 different points
2026-08-27 17:30:49.297 WARN   Polyline: must contain at least 2 different points
2026-08-27 17:30:49.297 WARN   Polyline: must contain at least 2 different points
2026-08-27 17:30:49.298 WARN   Polyline: must contain at least 2 different points
2026-08-27 17:30:49.298 WARN   Polyline: must contain at least 2 different points
2026-08-27 17:30:49.298 WARN   Polyline: must contain at least 2 different points
2026-08-27 17:30:49.299 WARN   Polyline: must contain at least 2 different points
2026-08-27 17:30:49.299 WARN   Polyline: must contain at least 2 different points
2026-08-27 17:30:49.299 WARN   Polyline: must contain at least 2 different points
2026-08-27 17:30:49.300 WARN   Polyline: must contain at least 2 different points
2026-08-27 17:30:49.300 WARN   Polyline: must contain at least 2 different points
2026-08-27 17:30:49.300 WARN   Polyline: must contain at least 2 different points
2026-08-27 17:30:49.300 WARN   Polyline: must contain at least 2 different points
2026-08-27 17:30:49.301 WARN   Polyline: must contain at least 2 different points
2026-08-27 17:30:49.301 WARN   Polyline: must contain at least 2 different points
2026-08-27 17:30:49.301 WARN   Polyline: must contain at least 2 different points
2026-08-27 17:30:49.302 WARN   Polyline: must contain at least 2 different points
2026-08-27 17:30:49.302 WARN   Polyline: must contain at least 2 different points
2026-08-27 17:30:49.302 WARN   Polyline: must contain at least 2 different points
2026-08-27 17:30:49.303 WARN   Polyline: must contain at least 2 different points
2026-08-27 17:30:49.305 WARN   Polyline: must contain at least 2 different points
2026-08-27 17:30:49.306 WARN   Polyline: must contain at least 2 different points
2026-08-27 17:30:49.306 WARN   Polyline: must contain at least 2 different points
2026-08-27 17:30:49.306 WARN   Polyline: must contain at least 2 different points
2026-08-27 17:30:49.307 WARN   Polyline: must contain at least 2 different points
2026-08-27 17:30:49.307 WARN   Polyline: must contain at least 2 different points
2026-08-27 17:30:49.307 WARN   Polyline: must contain at least 2 different points
2026-08-27 17:30:49.307 WARN   Polyline: must contain at least 2 different points
2026-08-27 17:30:49.308 WARN   Polyline: must contain at least 2 different points
2026-08-27 17:30:49.308 WARN   Polyline: must contain at least 2 different points
2026-08-27 17:30:49.308 WARN   Polyline: must contain at least 2 different points
2026-08-27 17:30:49.309 WARN   Polyline: must contain at least 2 different points
2026-08-27 17:30:49.309 WARN   Polyline: must contain at least 2 different points
2026-08-27 17:30:49.309 WARN   Polyline: must contain at least 2 different points
2026-08-27 17:30:49.309 WARN   Polyline: must contain at least 2 different points
2026-08-27 17:30:49.310 WARN   Polyline: must contain at least 2 different points
2026-08-27 17:30:49.310 WARN   Polyline: must contain at least 2 different points
2026-08-27 17:30:49.310 WARN   Polyline: must contain at least 2 different points
2026-08-27 17:30:49.310 WARN   Polyline: must contain at least 2 different points
2026-08-27 17:30:49.311 WARN   Polyline: must contain at least 2 different points
2026-08-27 17:30:49.311 WARN   Polyline: must contain at least 2 different points
2026-08-27 17:30:49.312 WARN   Polyline: must contain at least 2 different points
2026-08-27 17:30:49.313 WARN   Polyline: must contain at least 2 different points
2026-08-27 17:30:49.313 WARN   Polyline: must contain at least 2 different points
2026-08-27 17:30:49.314 WARN   Polyline: must contain at least 2 different points
2026-08-27 17:30:49.314 WARN   Polyline: must contain at least 2 different points
2026-08-27 17:30:49.315 WARN   Polyline: must contain at least 2 different points
2026-08-27 17:30:49.316 WARN   Polyline: must contain at least 2 different points
2026-08-27 17:30:49.316 WARN   Polyline: must contain at least 2 different points
2026-08-27 17:30:49.316 WARN   Polyline: must contain at least 2 different points
2026-08-27 17:30:49.317 WARN   Polyline: must contain at least 2 different points
2026-08-27 17:30:49.317 WARN   Polyline: must contain at least 2 different points
2026-08-27 17:30:49.317 WARN   Polyline: must contain at least 2 different points
2026-08-27 17:30:49.317 WARN   Polyline: must contain at least 2 different points
2026-08-27 17:30:49.319 WARN   Polyline: must contain at least 2 different points
2026-08-27 17:30:49.319 WARN   Polyline: must contain at least 2 different points
2026-08-27 17:30:49.320 WARN   Polyline: must contain at least 2 different points
2026-08-27 17:30:49.321 WARN   Polyline: must contain at least 2 different points
2026-08-27 17:30:49.321 WARN   Polyline: must contain at least 2 different points
2026-08-27 17:30:49.321 WARN   Polyline: must contain at least 2 different points
2026-08-27 17:30:49.322 WARN   Polyline: must contain at least 2 different points
2026-08-27 17:30:49.322 WARN   Polyline: must contain at least 2 different points
2026-08-27 17:30:49.322 WARN   Polyline: must contain at least 2 different points
2026-08-27 17:30:49.323 WARN   Polyline: must contain at least 2 different points
2026-08-27 17:30:49.323 WARN   Polyline: must contain at least 2 different points
2026-08-27 17:30:49.323 WARN   Polyline: must contain at least 2 different points
2026-08-27 17:30:49.323 WARN   Polyline: must contain at least 2 different points
2026-08-27 17:30:49.324 WARN   Polyline: must contain at least 2 different points
2026-08-27 17:30:49.324 WARN   Polyline: must contain at least 2 different points
2026-08-27 17:30:49.324 WARN   Polyline: must contain at least 2 different points
2026-08-27 17:30:49.324 WARN   Polyline: must contain at least 2 different points
2026-08-27 17:30:49.325 WARN   Polyline: must contain at least 2 different points
2026-08-27 17:30:49.325 WARN   Polyline: must contain at least 2 different points
2026-08-27 17:30:49.325 WARN   Polyline: must contain at least 2 different points
2026-08-27 17:30:49.326 WARN   Polyline: must contain at least 2 different points
2026-08-27 17:30:49.326 WARN   Polyline: must contain at least 2 different points
2026-08-27 17:30:49.326 WARN   Polyline: must contain at least 2 different points
2026-08-27 17:30:49.326 WARN   Polyline: must contain at least 2 different points
2026-08-27 17:30:49.327 WARN   Polyline: must contain at least 2 different points
2026-08-27 17:30:49.327 WARN   Polyline: must contain at least 2 different points
2026-08-27 17:30:49.327 WARN   Polyline: must contain at least 2 different points
2026-08-27 17:30:49.328 WARN   Polyline: must contain at least 2 different points
2026-08-27 17:30:49.328 WARN   Polyline: must contain at least 2 different points
2026-08-27 17:30:49.328 WARN   Polyline: must contain at least 2 different points
2026-08-27 17:30:49.328 WARN   Polyline: must contain at least 2 different points
2026-08-27 17:30:49.329 WARN   Polyline: must contain at least 2 different points
2026-08-27 17:30:49.329 WARN   Polyline: must contain at least 2 different points
2026-08-27 17:30:49.329 WARN   Polyline: must contain at least 2 different points
2026-08-27 17:30:49.329 WARN   Polyline: must contain at least 2 different points
2026-08-27 17:30:49.330 WARN   Polyline: must contain at least 2 different points
2026-08-27 17:30:49.330 WARN   Polyline: must contain at least 2 different points
2026-08-27 17:30:49.330 WARN   Polyline: must contain at least 2 different points
2026-08-27 17:30:49.331 WARN   Polyline: must contain at least 2 different points
2026-08-27 17:30:49.331 WARN   Polyline: must contain at least 2 different points
2026-08-27 17:30:49.331 WARN   Polyline: must contain at least 2 different points
2026-08-27 17:30:49.331 WARN   Polyline: must contain at least 2 different points
2026-08-27 17:30:49.331 WARN   Polyline: must contain at least 2 different points
2026-08-27 17:30:49.332 WARN   Polyline: must contain at least 2 different points
2026-08-27 17:30:49.332 WARN   Polyline: must contain at least 2 different points
2026-08-27 17:30:49.332 WARN   Polyline: must contain at least 2 different points
2026-08-27 17:30:49.333 WARN   Polyline: must contain at least 2 different points
2026-08-27 17:30:49.333 WARN   Polyline: must contain at least 2 different points
2026-08-27 17:30:49.333 WARN   Polyline: must contain at least 2 different points
2026-08-27 17:30:49.333 WARN   Polyline: must contain at least 2 different points
2026-08-27 17:30:49.334 WARN   Polyline: must contain at least 2 different points
2026-08-27 17:30:49.334 WARN   Polyline: must contain at least 2 different points
2026-08-27 17:30:49.334 WARN   Polyline: must contain at least 2 different points
2026-08-27 17:30:49.335 WARN   Polyline: must contain at least 2 different points
2026-08-27 17:30:49.335 WARN   Polyline: must contain at least 2 different points
2026-08-27 17:30:49.335 WARN   Polyline: must contain at least 2 different points
2026-08-27 17:30:49.336 WARN   Polyline: must contain at least 2 different points
2026-08-27 17:30:49.336 WARN   Polyline: must contain at least 2 different points
2026-08-27 17:30:49.336 WARN   Polyline: must contain at least 2 different points
2026-08-27 17:30:49.336 WARN   Polyline: must contain at least 2 different points
2026-08-27 17:30:49.337 WARN   Polyline: must contain at least 2 different points
2026-08-27 17:30:49.337 WARN   Polyline: must contain at least 2 different points
2026-08-27 17:30:49.337 WARN   Polyline: must contain at least 2 different points
2026-08-27 17:30:49.337 WARN   Polyline: must contain at least 2 different points
2026-08-27 17:30:49.338 WARN   Polyline: must contain at least 2 different points
2026-08-27 17:30:49.338 WARN   Polyline: must contain at least 2 different points
2026-08-27 17:30:49.338 WARN   Polyline: must contain at least 2 different points
2026-08-27 17:30:49.338 WARN   Polyline: must contain at least 2 different points
2026-08-27 17:30:49.338 WARN   Polyline: must contain at least 2 different points
2026-08-27 17:30:49.339 WARN   Polyline: must contain at least 2 different points
2026-08-27 17:30:49.339 WARN   Polyline: must contain at least 2 different points
2026-08-27 17:30:49.339 WARN   Polyline: must contain at least 2 different points
2026-08-27 17:30:49.339 WARN   Polyline: must contain at least 2 different points
2026-08-27 17:30:49.340 WARN   Polyline: must contain at least 2 different points
2026-08-27 17:30:49.340 WARN   Polyline: must contain at least 2 different points
2026-08-27 17:30:49.340 WARN   Polyline: must contain at least 2 different points
2026-08-27 17:30:49.340 WARN   Polyline: must contain at least 2 different points
2026-08-27 17:30:49.341 WARN   Polyline: must contain at least 2 different points
2026-08-27 17:30:49.341 WARN   Polyline: must contain at least 2 different points
2026-08-27 17:30:49.341 WARN   Polyline: must contain at least 2 different points
2026-08-27 17:30:49.342 WARN   Polyline: must contain at least 2 different points
2026-08-27 17:30:49.342 WARN   Polyline: must contain at least 2 different points
2026-08-27 17:30:49.342 WARN   Polyline: must contain at least 2 different points
2026-08-27 17:30:49.342 WARN   Polyline: must contain at least 2 different points
2026-08-27 17:30:49.343 WARN   Polyline: must contain at least 2 different points
2026-08-27 17:30:49.343 WARN   Polyline: must contain at least 2 different points
2026-08-27 17:30:49.343 WARN   Polyline: must contain at least 2 different points
2026-08-27 17:30:49.344 WARN   Polyline: must contain at least 2 different points
2026-08-27 17:30:49.344 WARN   Polyline: must contain at least 2 different points
2026-08-27 17:30:49.344 WARN   Polyline: must contain at least 2 different points
2026-08-27 17:30:49.345 WARN   Polyline: must contain at least 2 different points
2026-08-27 17:30:49.345 WARN   Polyline: must contain at least 2 different points
2026-08-27 17:30:49.345 WARN   Polyline: must contain at least 2 different points
2026-08-27 17:30:49.345 WARN   Polyline: must contain at least 2 different points
2026-08-27 17:30:49.346 WARN   Polyline: must contain at least 2 different points
2026-08-27 17:30:49.346 WARN   Polyline: must contain at least 2 different points
2026-08-27 17:30:49.346 WARN   Polyline: must contain at least 2 different points
2026-08-27 17:30:49.346 WARN   Polyline: must contain at least 2 different points
2026-08-27 17:30:49.347 WARN   Polyline: must contain at least 2 different points
2026-08-27 17:30:49.347 WARN   Polyline: must contain at least 2 different points
2026-08-27 17:30:49.347 WARN   Polyline: must contain at least 2 different points
2026-08-27 17:30:49.348 WARN   Polyline: must contain at least 2 different points
2026-08-27 17:30:49.348 WARN   Polyline: must contain at least 2 different points
2026-08-27 17:30:49.348 WARN   Polyline: must contain at least 2 different points
2026-08-27 17:30:49.348 WARN   Polyline: must contain at least 2 different points
2026-08-27 17:30:49.349 WARN   Polyline: must contain at least 2 different points
2026-08-27 17:30:49.349 WARN   Polyline: must contain at least 2 different points
2026-08-27 17:30:49.349 WARN   Polyline: must contain at least 2 different points
2026-08-27 17:30:49.349 WARN   Polyline: must contain at least 2 different points
2026-08-27 17:30:49.350 WARN   Polyline: must contain at least 2 different points
2026-08-27 17:30:49.350 WARN   Polyline: must contain at least 2 different points
2026-08-27 17:30:49.350 WARN   Polyline: must contain at least 2 different points
2026-08-27 17:30:49.350 WARN   Polyline: must contain at least 2 different points
2026-08-27 17:30:49.351 WARN   Polyline: must contain at least 2 different points
2026-08-27 17:30:49.351 WARN   Polyline: must contain at least 2 different points
2026-08-27 17:30:49.351 WARN   Polyline: must contain at least 2 different points
2026-08-27 17:30:49.352 WARN   Polyline: must contain at least 2 different points
2026-08-27 17:30:49.352 WARN   Polyline: must contain at least 2 different points
2026-08-27 17:30:49.352 WARN   Polyline: must contain at least 2 different points
2026-08-27 17:30:49.352 WARN   Polyline: must contain at least 2 different points
2026-08-27 17:30:49.353 WARN   Polyline: must contain at least 2 different points
2026-08-27 17:30:49.353 WARN   Polyline: must contain at least 2 different points
2026-08-27 17:30:49.353 WARN   Polyline: must contain at least 2 different points
2026-08-27 17:30:49.354 WARN   Polyline: must contain at least 2 different points
2026-08-27 17:30:49.354 WARN   Polyline: must contain at least 2 different points
2026-08-27 17:30:49.354 WARN   Polyline: must contain at least 2 different points
2026-08-27 17:30:49.354 WARN   Polyline: must contain at least 2 different points
2026-08-27 17:30:49.355 WARN   Polyline: must contain at least 2 different points
2026-08-27 17:30:49.355 WARN   Polyline: must contain at least 2 different points
2026-08-27 17:30:49.355 WARN   Polyline: must contain at least 2 different points
2026-08-27 17:30:49.355 WARN   Polyline: must contain at least 2 different points
2026-08-27 17:30:49.356 WARN   Polyline: must contain at least 2 different points
2026-08-27 17:30:49.356 WARN   Polyline: must contain at least 2 different points
2026-08-27 17:30:49.356 WARN   Polyline: must contain at least 2 different points
2026-08-27 17:30:49.356 WARN   Polyline: must contain at least 2 different points
2026-08-27 17:30:49.357 WARN   Polyline: must contain at least 2 different points
2026-08-27 17:30:49.357 WARN   Polyline: must contain at least 2 different points
2026-08-27 17:30:49.357 WARN   Polyline: must contain at least 2 different points
2026-08-27 17:30:49.357 WARN   Polyline: must contain at least 2 different points
2026-08-27 17:30:49.358 WARN   Polyline: must contain at least 2 different points
2026-08-27 17:30:49.358 WARN   Polyline: must contain at least 2 different points
2026-08-27 17:30:49.358 WARN   Polyline: must contain at least 2 different points
2026-08-27 17:30:49.359 WARN   Polyline: must contain at least 2 different points
2026-08-27 17:30:49.359 WARN   Polyline: must contain at least 2 different points
2026-08-27 17:30:49.359 WARN   Polyline: must contain at least 2 different points
2026-08-27 17:30:49.359 WARN   Polyline: must contain at least 2 different points
2026-08-27 17:30:49.360 WARN   Polyline: must contain at least 2 different points
2026-08-27 17:30:49.360 WARN   Polyline: must contain at least 2 different points
2026-08-27 17:30:49.360 WARN   Polyline: must contain at least 2 different points
2026-08-27 17:30:49.360 WARN   Polyline: must contain at least 2 different points
2026-08-27 17:30:49.360 WARN   Polyline: must contain at least 2 different points
2026-08-27 17:30:49.361 WARN   Polyline: must contain at least 2 different points
2026-08-27 17:30:49.361 WARN   Polyline: must contain at least 2 different points
2026-08-27 17:30:49.361 WARN   Polyline: must contain at least 2 different points
2026-08-27 17:30:49.361 WARN   Polyline: must contain at least 2 different points
2026-08-27 17:30:49.362 WARN   Polyline: must contain at least 2 different points
2026-08-27 17:30:49.362 WARN   Polyline: must contain at least 2 different points
2026-08-27 17:30:49.362 WARN   Polyline: must contain at least 2 different points
2026-08-27 17:30:49.362 WARN   Polyline: must contain at least 2 different points
2026-08-27 17:30:49.363 WARN   Polyline: must contain at least 2 different points
2026-08-27 17:30:49.363 WARN   Polyline: must contain at least 2 different points
2026-08-27 17:30:49.363 WARN   Polyline: must contain at least 2 different points
2026-08-27 17:30:49.363 WARN   Polyline: must contain at least 2 different points
2026-08-27 17:30:49.363 WARN   Polyline: must contain at least 2 different points
2026-08-27 17:30:49.364 WARN   Polyline: must contain at least 2 different points
2026-08-27 17:30:49.364 WARN   Polyline: must contain at least 2 different points
2026-08-27 17:30:49.364 WARN   Polyline: must contain at least 2 different points
2026-08-27 17:30:49.364 WARN   Polyline: must contain at least 2 different points
2026-08-27 17:30:49.365 WARN   Polyline: must contain at least 2 different points
2026-08-27 17:30:49.368 WARN   Polyline: must contain at least 2 different points
2026-08-27 17:30:49.368 WARN   Polyline: must contain at least 2 different points
2026-08-27 17:30:49.369 WARN   Polyline: must contain at least 2 different points
2026-08-27 17:30:49.369 WARN   Polyline: must contain at least 2 different points
2026-08-27 17:30:49.370 WARN   Polyline: must contain at least 2 different points
2026-08-27 17:30:49.370 WARN   Polyline: must contain at least 2 different points
2026-08-27 17:30:49.370 WARN   Polyline: must contain at least 2 different points
2026-08-27 17:30:49.371 WARN   Polyline: must contain at least 2 different points
2026-08-27 17:30:49.371 WARN   Polyline: must contain at least 2 different points
2026-08-27 17:30:49.373 WARN   Polyline: must contain at least 2 different points
2026-08-27 17:30:49.373 WARN   Polyline: must contain at least 2 different points
2026-08-27 17:30:49.374 WARN   Polyline: must contain at least 2 different points
2026-08-27 17:30:49.374 WARN   Polyline: must contain at least 2 different points
2026-08-27 17:30:49.375 WARN   Polyline: must contain at least 2 different points
2026-08-27 17:30:49.375 WARN   Polyline: must contain at least 2 different points
2026-08-27 17:30:49.375 WARN   Polyline: must contain at least 2 different points
2026-08-27 17:30:49.377 WARN   Polyline: must contain at least 2 different points
2026-08-27 17:30:49.377 WARN   Polyline: must contain at least 2 different points
2026-08-27 17:30:49.377 WARN   Polyline: must contain at least 2 different points
2026-08-27 17:30:49.378 WARN   Polyline: must contain at least 2 different points
2026-08-27 17:30:49.378 WARN   Polyline: must contain at least 2 different points
2026-08-27 17:30:49.379 WARN   Polyline: must contain at least 2 different points
2026-08-27 17:30:49.379 WARN   Polyline: must contain at least 2 different points
2026-08-27 17:30:49.379 WARN   Polyline: must contain at least 2 different points
2026-08-27 17:30:49.380 WARN   Polyline: must contain at least 2 different points
2026-08-27 17:30:49.380 WARN   Polyline: must contain at least 2 different points
2026-08-27 17:30:49.380 WARN   Polyline: must contain at least 2 different points
2026-08-27 17:30:49.381 WARN   Polyline: must contain at least 2 different points
2026-08-27 17:30:49.381 WARN   Polyline: must contain at least 2 different points
2026-08-27 17:30:49.381 WARN   Polyline: must contain at least 2 different points
2026-08-27 17:30:49.382 WARN   Polyline: must contain at least 2 different points
2026-08-27 17:30:49.382 WARN   Polyline: must contain at least 2 different points
2026-08-27 17:30:49.382 WARN   Polyline: must contain at least 2 different points
2026-08-27 17:30:49.383 WARN   Polyline: must contain at least 2 different points
2026-08-27 17:30:49.383 WARN   Polyline: must contain at least 2 different points
2026-08-27 17:30:49.384 WARN   Polyline: must contain at least 2 different points
2026-08-27 17:30:49.384 WARN   Polyline: must contain at least 2 different points
2026-08-27 17:30:49.384 WARN   Polyline: must contain at least 2 different points
2026-08-27 17:30:49.385 WARN   Polyline: must contain at least 2 different points
2026-08-27 17:30:49.385 WARN   Polyline: must contain at least 2 different points
2026-08-27 17:30:49.385 WARN   Polyline: must contain at least 2 different points
2026-08-27 17:30:49.385 WARN   Polyline: must contain at least 2 different points
2026-08-27 17:30:49.386 WARN   Polyline: must contain at least 2 different points
2026-08-27 17:30:49.386 WARN   Polyline: must contain at least 2 different points
2026-08-27 17:30:49.386 WARN   Polyline: must contain at least 2 different points
2026-08-27 17:30:49.387 WARN   Polyline: must contain at least 2 different points
2026-08-27 17:30:49.387 WARN   Polyline: must contain at least 2 different points
2026-08-27 17:30:49.387 WARN   Polyline: must contain at least 2 different points
2026-08-27 17:30:49.387 WARN   Polyline: must contain at least 2 different points
2026-08-27 17:30:49.388 WARN   Polyline: must contain at least 2 different points
2026-08-27 17:30:49.388 WARN   Polyline: must contain at least 2 different points
2026-08-27 17:30:49.388 WARN   Polyline: must contain at least 2 different points
2026-08-27 17:30:49.389 WARN   Polyline: must contain at least 2 different points
2026-08-27 17:30:49.389 WARN   Polyline: must contain at least 2 different points
2026-08-27 17:30:49.389 WARN   Polyline: must contain at least 2 different points
2026-08-27 17:30:49.389 WARN   Polyline: must contain at least 2 different points
2026-08-27 17:30:49.390 WARN   Polyline: must contain at least 2 different points
2026-08-27 17:30:49.390 WARN   Polyline: must contain at least 2 different points
2026-08-27 17:30:49.390 WARN   Polyline: must contain at least 2 different points
2026-08-27 17:30:49.390 WARN   Polyline: must contain at least 2 different points
2026-08-27 17:30:49.391 WARN   Polyline: must contain at least 2 different points
2026-08-27 17:30:49.391 WARN   Polyline: must contain at least 2 different points
2026-08-27 17:30:49.392 WARN   Polyline: must contain at least 2 different points
2026-08-27 17:30:49.392 WARN   Polyline: must contain at least 2 different points
2026-08-27 17:30:49.392 WARN   Polyline: must contain at least 2 different points
2026-08-27 17:30:49.393 WARN   Polyline: must contain at least 2 different points
2026-08-27 17:30:49.393 WARN   Polyline: must contain at least 2 different points
2026-08-27 17:30:49.393 WARN   Polyline: must contain at least 2 different points
2026-08-27 17:30:49.394 WARN   Polyline: must contain at least 2 different points
2026-08-27 17:30:49.394 WARN   Polyline: must contain at least 2 different points
2026-08-27 17:30:49.394 WARN   Polyline: must contain at least 2 different points
2026-08-27 17:30:49.395 WARN   Polyline: must contain at least 2 different points
2026-08-27 17:30:49.395 WARN   Polyline: must contain at least 2 different points
2026-08-27 17:30:49.395 WARN   Polyline: must contain at least 2 different points
2026-08-27 17:30:49.395 WARN   Polyline: must contain at least 2 different points
2026-08-27 17:30:49.396 WARN   Polyline: must contain at least 2 different points
2026-08-27 17:30:49.396 WARN   Polyline: must contain at least 2 different points
2026-08-27 17:30:49.396 WARN   Polyline: must contain at least 2 different points
2026-08-27 17:30:49.397 WARN   Polyline: must contain at least 2 different points
2026-08-27 17:30:49.397 WARN   Polyline: must contain at least 2 different points
2026-08-27 17:30:49.397 WARN   Polyline: must contain at least 2 different points
2026-08-27 17:30:49.398 WARN   Polyline: must contain at least 2 different points
2026-08-27 17:30:49.398 WARN   Polyline: must contain at least 2 different points
2026-08-27 17:30:49.398 WARN   Polyline: must contain at least 2 different points
2026-08-27 17:30:49.399 WARN   Polyline: must contain at least 2 different points
2026-08-27 17:30:49.399 WARN   Polyline: must contain at least 2 different points
2026-08-27 17:30:49.399 WARN   Polyline: must contain at least 2 different points
2026-08-27 17:30:49.399 WARN   Polyline: must contain at least 2 different points
2026-08-27 17:30:49.400 WARN   Polyline: must contain at least 2 different points
2026-08-27 17:30:49.400 WARN   Polyline: must contain at least 2 different points
2026-08-27 17:30:49.400 WARN   Polyline: must contain at least 2 different points
2026-08-27 17:30:49.401 WARN   Polyline: must contain at least 2 different points
2026-08-27 17:30:49.401 WARN   Polyline: must contain at least 2 different points
2026-08-27 17:30:49.401 WARN   Polyline: must contain at least 2 different points
2026-08-27 17:30:49.401 WARN   Polyline: must contain at least 2 different points
2026-08-27 17:30:49.402 WARN   Polyline: must contain at least 2 different points
2026-08-27 17:30:49.402 WARN   Polyline: must contain at least 2 different points
2026-08-27 17:30:49.402 WARN   Polyline: must contain at least 2 different points
2026-08-27 17:30:49.402 WARN   Polyline: must contain at least 2 different points
2026-08-27 17:30:49.403 WARN   Polyline: must contain at least 2 different points
2026-08-27 17:30:49.403 WARN   Polyline: must contain at least 2 different points
2026-08-27 17:30:49.404 WARN   Polyline: must contain at least 2 different points
2026-08-27 17:30:49.404 WARN   Polyline: must contain at least 2 different points
2026-08-27 17:30:49.404 WARN   Polyline: must contain at least 2 different points
2026-08-27 17:30:49.405 WARN   Polyline: must contain at least 2 different points
2026-08-27 17:30:49.405 WARN   Polyline: must contain at least 2 different points
2026-08-27 17:30:49.405 WARN   Polyline: must contain at least 2 different points
2026-08-27 17:30:49.405 WARN   Polyline: must contain at least 2 different points
2026-08-27 17:30:49.406 WARN   Polyline: must contain at least 2 different points
2026-08-27 17:30:49.406 WARN   Polyline: must contain at least 2 different points
2026-08-27 17:30:49.406 WARN   Polyline: must contain at least 2 different points
2026-08-27 17:30:49.406 WARN   Polyline: must contain at least 2 different points
2026-08-27 17:30:49.407 WARN   Polyline: must contain at least 2 different points
2026-08-27 17:30:49.407 WARN   Polyline: must contain at least 2 different points
2026-08-27 17:30:49.407 WARN   Polyline: must contain at least 2 different points
2026-08-27 17:30:49.407 WARN   Polyline: must contain at least 2 different points
2026-08-27 17:30:49.408 WARN   Polyline: must contain at least 2 different points
2026-08-27 17:30:49.408 WARN   Polyline: must contain at least 2 different points
2026-08-27 17:30:49.408 WARN   Polyline: must contain at least 2 different points
2026-08-27 17:30:49.408 WARN   Polyline: must contain at least 2 different points
2026-08-27 17:30:49.409 WARN   Polyline: must contain at least 2 different points
2026-08-27 17:30:49.410 WARN   Polyline: must contain at least 2 different points
2026-08-27 17:30:49.410 WARN   Polyline: must contain at least 2 different points
2026-08-27 17:30:49.410 WARN   Polyline: must contain at least 2 different points
2026-08-27 17:30:49.410 WARN   Polyline: must contain at least 2 different points
2026-08-27 17:30:49.411 WARN   Polyline: must contain at least 2 different points
2026-08-27 17:30:49.411 WARN   Polyline: must contain at least 2 different points
2026-08-27 17:30:49.411 WARN   Polyline: must contain at least 2 different points
2026-08-27 17:30:49.411 WARN   Polyline: must contain at least 2 different points
2026-08-27 17:30:49.412 WARN   Polyline: must contain at least 2 different points
2026-08-27 17:30:49.412 WARN   Polyline: must contain at least 2 different points
2026-08-27 17:30:49.412 WARN   Polyline: must contain at least 2 different points
2026-08-27 17:30:49.413 WARN   Polyline: must contain at least 2 different points
2026-08-27 17:30:49.413 WARN   Polyline: must contain at least 2 different points
2026-08-27 17:30:49.413 WARN   Polyline: must contain at least 2 different points
2026-08-27 17:30:49.414 WARN   Polyline: must contain at least 2 different points
2026-08-27 17:30:49.414 WARN   Polyline: must contain at least 2 different points
2026-08-27 17:30:49.415 WARN   Polyline: must contain at least 2 different points
2026-08-27 17:30:49.415 WARN   Polyline: must contain at least 2 different points
2026-08-27 17:30:49.416 WARN   Polyline: must contain at least 2 different points
2026-08-27 17:30:49.416 WARN   Polyline: must contain at least 2 different points
2026-08-27 17:30:49.416 WARN   Polyline: must contain at least 2 different points
2026-08-27 17:30:49.416 WARN   Polyline: must contain at least 2 different points
2026-08-27 17:30:49.417 WARN   Polyline: must contain at least 2 different points
2026-08-27 17:30:49.417 WARN   Polyline: must contain at least 2 different points
2026-08-27 17:30:49.417 WARN   Polyline: must contain at least 2 different points
2026-08-27 17:30:49.419 WARN   Polyline: must contain at least 2 different points
2026-08-27 17:30:49.419 WARN   Polyline: must contain at least 2 different points
2026-08-27 17:30:49.419 WARN   Polyline: must contain at least 2 different points
2026-08-27 17:30:49.420 WARN   Polyline: must contain at least 2 different points
2026-08-27 17:30:49.420 WARN   Polyline: must contain at least 2 different points
2026-08-27 17:30:49.420 WARN   Polyline: must contain at least 2 different points
2026-08-27 17:30:49.421 WARN   Polyline: must contain at least 2 different points
2026-08-27 17:30:49.421 WARN   Polyline: must contain at least 2 different points
2026-08-27 17:30:49.421 WARN   Polyline: must contain at least 2 different points
2026-08-27 17:30:49.421 WARN   Polyline: must contain at least 2 different points
2026-08-27 17:30:49.422 WARN   Polyline: must contain at least 2 different points
2026-08-27 17:30:49.422 WARN   Polyline: must contain at least 2 different points
2026-08-27 17:30:49.422 WARN   Polyline: must contain at least 2 different points
2026-08-27 17:30:49.423 WARN   Polyline: must contain at least 2 different points
2026-08-27 17:30:49.423 WARN   Polyline: must contain at least 2 different points
2026-08-27 17:30:49.423 WARN   Polyline: must contain at least 2 different points
2026-08-27 17:30:49.423 WARN   Polyline: must contain at least 2 different points
2026-08-27 17:30:49.424 WARN   Polyline: must contain at least 2 different points
2026-08-27 17:30:49.424 WARN   Polyline: must contain at least 2 different points
2026-08-27 17:30:49.424 WARN   Polyline: must contain at least 2 different points
2026-08-27 17:30:49.425 WARN   Polyline: must contain at least 2 different points
2026-08-27 17:30:49.425 WARN   Polyline: must contain at least 2 different points
2026-08-27 17:30:49.425 WARN   Polyline: must contain at least 2 different points
2026-08-27 17:30:49.425 WARN   Polyline: must contain at least 2 different points
2026-08-27 17:30:49.426 WARN   Polyline: must contain at least 2 different points
2026-08-27 17:30:49.426 WARN   Polyline: must contain at least 2 different points
2026-08-27 17:30:49.426 WARN   Polyline: must contain at least 2 different points
2026-08-27 17:30:49.427 WARN   Polyline: must contain at least 2 different points
2026-08-27 17:30:49.427 WARN   Polyline: must contain at least 2 different points
2026-08-27 17:30:49.427 WARN   Polyline: must contain at least 2 different points
2026-08-27 17:30:49.427 WARN   Polyline: must contain at least 2 different points
2026-08-27 17:30:49.428 WARN   Polyline: must contain at least 2 different points
2026-08-27 17:30:49.428 WARN   Polyline: must contain at least 2 different points
2026-08-27 17:30:49.428 WARN   Polyline: must contain at least 2 different points
2026-08-27 17:30:49.429 WARN   Polyline: must contain at least 2 different points
2026-08-27 17:30:49.429 WARN   Polyline: must contain at least 2 different points
2026-08-27 17:30:49.429 WARN   Polyline: must contain at least 2 different points
2026-08-27 17:30:49.430 WARN   Polyline: must contain at least 2 different points
2026-08-27 17:30:49.430 WARN   Polyline: must contain at least 2 different points
2026-08-27 17:30:49.430 WARN   Polyline: must contain at least 2 different points
2026-08-27 17:30:49.430 WARN   Polyline: must contain at least 2 different points
2026-08-27 17:30:49.431 WARN   Polyline: must contain at least 2 different points
2026-08-27 17:30:49.431 WARN   Polyline: must contain at least 2 different points
2026-08-27 17:30:49.431 WARN   Polyline: must contain at least 2 different points
2026-08-27 17:30:49.432 WARN   Polyline: must contain at least 2 different points
2026-08-27 17:30:49.432 WARN   Polyline: must contain at least 2 different points
2026-08-27 17:30:49.432 WARN   Polyline: must contain at least 2 different points
2026-08-27 17:30:49.432 WARN   Polyline: must contain at least 2 different points
2026-08-27 17:30:49.433 WARN   Polyline: must contain at least 2 different points
2026-08-27 17:30:49.433 WARN   Polyline: must contain at least 2 different points
2026-08-27 17:30:49.433 WARN   Polyline: must contain at least 2 different points
2026-08-27 17:30:49.434 WARN   Polyline: must contain at least 2 different points
2026-08-27 17:30:49.434 WARN   Polyline: must contain at least 2 different points
2026-08-27 17:30:49.434 WARN   Polyline: must contain at least 2 different points
2026-08-27 17:30:49.435 WARN   Polyline: must contain at least 2 different points
2026-08-27 17:30:49.435 WARN   Polyline: must contain at least 2 different points
2026-08-27 17:30:49.435 WARN   Polyline: must contain at least 2 different points
2026-08-27 17:30:49.436 WARN   Polyline: must contain at least 2 different points
2026-08-27 17:30:49.436 WARN   Polyline: must contain at least 2 different points
2026-08-27 17:30:49.436 WARN   Polyline: must contain at least 2 different points
2026-08-27 17:30:49.436 WARN   Polyline: must contain at least 2 different points
2026-08-27 17:30:49.437 WARN   Polyline: must contain at least 2 different points
2026-08-27 17:30:49.437 WARN   Polyline: must contain at least 2 different points
2026-08-27 17:30:49.437 WARN   Polyline: must contain at least 2 different points
2026-08-27 17:30:49.438 WARN   Polyline: must contain at least 2 different points
2026-08-27 17:30:49.438 WARN   Polyline: must contain at least 2 different points
2026-08-27 17:30:49.438 WARN   Polyline: must contain at least 2 different points
2026-08-27 17:30:49.439 WARN   Polyline: must contain at least 2 different points
2026-08-27 17:30:49.439 WARN   Polyline: must contain at least 2 different points
2026-08-27 17:30:49.439 WARN   Polyline: must contain at least 2 different points
2026-08-27 17:30:49.439 WARN   Polyline: must contain at least 2 different points
2026-08-27 17:30:49.440 WARN   Polyline: must contain at least 2 different points
2026-08-27 17:30:49.440 WARN   Polyline: must contain at least 2 different points
2026-08-27 17:30:49.440 WARN   Polyline: must contain at least 2 different points
2026-08-27 17:30:49.440 WARN   Polyline: must contain at least 2 different points
2026-08-27 17:30:49.441 WARN   Polyline: must contain at least 2 different points
2026-08-27 17:30:49.441 WARN   Polyline: must contain at least 2 different points
2026-08-27 17:30:49.441 WARN   Polyline: must contain at least 2 different points
2026-08-27 17:30:49.442 WARN   Polyline: must contain at least 2 different points
2026-08-27 17:30:49.442 WARN   Polyline: must contain at least 2 different points
2026-08-27 17:30:49.442 WARN   Polyline: must contain at least 2 different points
2026-08-27 17:30:49.442 WARN   Polyline: must contain at least 2 different points
2026-08-27 17:30:49.443 WARN   Polyline: must contain at least 2 different points
2026-08-27 17:30:49.443 WARN   Polyline: must contain at least 2 different points
2026-08-27 17:30:49.443 WARN   Polyline: must contain at least 2 different points
2026-08-27 17:30:49.444 WARN   Polyline: must contain at least 2 different points
2026-08-27 17:30:49.444 WARN   Polyline: must contain at least 2 different points
2026-08-27 17:30:49.444 WARN   Polyline: must contain at least 2 different points
2026-08-27 17:30:49.444 WARN   Polyline: must contain at least 2 different points
2026-08-27 17:30:49.445 WARN   Polyline: must contain at least 2 different points
2026-08-27 17:30:49.445 WARN   Polyline: must contain at least 2 different points
2026-08-27 17:30:49.445 WARN   Polyline: must contain at least 2 different points
2026-08-27 17:30:49.446 WARN   Polyline: must contain at least 2 different points
2026-08-27 17:30:49.446 WARN   Polyline: must contain at least 2 different points
2026-08-27 17:30:49.446 WARN   Polyline: must contain at least 2 different points
2026-08-27 17:30:49.447 WARN   Polyline: must contain at least 2 different points
2026-08-27 17:30:49.447 WARN   Polyline: must contain at least 2 different points
2026-08-27 17:30:49.447 WARN   Polyline: must contain at least 2 different points
2026-08-27 17:30:49.448 WARN   Polyline: must contain at least 2 different points
2026-08-27 17:30:49.448 WARN   Polyline: must contain at least 2 different points
2026-08-27 17:30:49.448 WARN   Polyline: must contain at least 2 different points
2026-08-27 17:30:49.449 WARN   Polyline: must contain at least 2 different points
2026-08-27 17:30:49.449 WARN   Polyline: must contain at least 2 different points
2026-08-27 17:30:49.449 WARN   Polyline: must contain at least 2 different points
2026-08-27 17:30:49.449 WARN   Polyline: must contain at least 2 different points
2026-08-27 17:30:49.450 WARN   Polyline: must contain at least 2 different points
2026-08-27 17:30:49.450 WARN   Polyline: must contain at least 2 different points
2026-08-27 17:30:49.450 WARN   Polyline: must contain at least 2 different points
2026-08-27 17:30:49.451 WARN   Polyline: must contain at least 2 different points
2026-08-27 17:30:49.451 WARN   Polyline: must contain at least 2 different points
2026-08-27 17:30:49.451 WARN   Polyline: must contain at least 2 different points
2026-08-27 17:30:49.451 WARN   Polyline: must contain at least 2 different points
2026-08-27 17:30:49.452 WARN   Polyline: must contain at least 2 different points
2026-08-27 17:30:49.452 WARN   Polyline: must contain at least 2 different points
2026-08-27 17:30:49.452 WARN   Polyline: must contain at least 2 different points
2026-08-27 17:30:49.453 WARN   Polyline: must contain at least 2 different points
2026-08-27 17:30:49.453 WARN   Polyline: must contain at least 2 different points
2026-08-27 17:30:49.453 WARN   Polyline: must contain at least 2 different points
2026-08-27 17:30:49.454 WARN   Polyline: must contain at least 2 different points
2026-08-27 17:30:49.454 WARN   Polyline: must contain at least 2 different points
2026-08-27 17:30:49.454 WARN   Polyline: must contain at least 2 different points
2026-08-27 17:30:49.455 WARN   Polyline: must contain at least 2 different points
2026-08-27 17:30:49.455 WARN   Polyline: must contain at least 2 different points
2026-08-27 17:30:49.455 WARN   Polyline: must contain at least 2 different points
2026-08-27 17:30:49.455 WARN   Polyline: must contain at least 2 different points
2026-08-27 17:30:49.456 WARN   Polyline: must contain at least 2 different points
2026-08-27 17:30:49.456 WARN   Polyline: must contain at least 2 different points
2026-08-27 17:30:49.456 WARN   Polyline: must contain at least 2 different points
2026-08-27 17:30:49.457 WARN   Polyline: must contain at least 2 different points
2026-08-27 17:30:49.457 WARN   Polyline: must contain at least 2 different points
2026-08-27 17:30:49.457 WARN   Polyline: must contain at least 2 different points
2026-08-27 17:30:49.458 WARN   Polyline: must contain at least 2 different points
2026-08-27 17:30:49.458 WARN   Polyline: must contain at least 2 different points
2026-08-27 17:30:49.458 WARN   Polyline: must contain at least 2 different points
2026-08-27 17:30:49.459 WARN   Polyline: must contain at least 2 different points
2026-08-27 17:30:49.459 WARN   Polyline: must contain at least 2 different points
2026-08-27 17:30:49.459 WARN   Polyline: must contain at least 2 different points
2026-08-27 17:30:49.460 WARN   Polyline: must contain at least 2 different points
2026-08-27 17:30:49.460 WARN   Polyline: must contain at least 2 different points
2026-08-27 17:30:49.460 WARN   Polyline: must contain at least 2 different points
2026-08-27 17:30:49.460 WARN   Polyline: must contain at least 2 different points
2026-08-27 17:30:49.461 WARN   Polyline: must contain at least 2 different points
2026-08-27 17:30:49.461 WARN   Polyline: must contain at least 2 different points
2026-08-27 17:30:49.461 WARN   Polyline: must contain at least 2 different points
2026-08-27 17:30:49.462 WARN   Polyline: must contain at least 2 different points
2026-08-27 17:30:49.462 WARN   Polyline: must contain at least 2 different points
2026-08-27 17:30:49.462 WARN   Polyline: must contain at least 2 different points
2026-08-27 17:30:49.463 WARN   Polyline: must contain at least 2 different points
2026-08-27 17:30:49.463 WARN   Polyline: must contain at least 2 different points
2026-08-27 17:30:49.463 WARN   Polyline: must contain at least 2 different points
2026-08-27 17:30:49.463 WARN   Polyline: must contain at least 2 different points
2026-08-27 17:30:49.464 WARN   Polyline: must contain at least 2 different points
2026-08-27 17:30:49.464 WARN   Polyline: must contain at least 2 different points
2026-08-27 17:30:49.464 WARN   Polyline: must contain at least 2 different points
2026-08-27 17:30:49.465 WARN   Polyline: must contain at least 2 different points
2026-08-27 17:30:49.465 WARN   Polyline: must contain at least 2 different points
2026-08-27 17:30:49.465 WARN   Polyline: must contain at least 2 different points
2026-08-27 17:30:49.466 WARN   Polyline: must contain at least 2 different points
2026-08-27 17:30:49.466 WARN   Polyline: must contain at least 2 different points
2026-08-27 17:30:49.466 WARN   Polyline: must contain at least 2 different points
2026-08-27 17:30:49.466 WARN   Polyline: must contain at least 2 different points
2026-08-27 17:30:49.467 WARN   Polyline: must contain at least 2 different points
2026-08-27 17:30:49.467 WARN   Polyline: must contain at least 2 different points
2026-08-27 17:30:49.467 WARN   Polyline: must contain at least 2 different points
2026-08-27 17:30:49.468 WARN   Polyline: must contain at least 2 different points
2026-08-27 17:30:49.468 WARN   Polyline: must contain at least 2 different points
2026-08-27 17:30:49.468 WARN   Polyline: must contain at least 2 different points
2026-08-27 17:30:49.469 WARN   Polyline: must contain at least 2 different points
2026-08-27 17:30:49.469 WARN   Polyline: must contain at least 2 different points
2026-08-27 17:30:49.469 WARN   Polyline: must contain at least 2 different points
2026-08-27 17:30:49.470 WARN   Polyline: must contain at least 2 different points
2026-08-27 17:30:49.470 WARN   Polyline: must contain at least 2 different points
2026-08-27 17:30:49.470 WARN   Polyline: must contain at least 2 different points
2026-08-27 17:30:49.470 WARN   Polyline: must contain at least 2 different points
2026-08-27 17:30:49.471 WARN   Polyline: must contain at least 2 different points
2026-08-27 17:30:49.471 WARN   Polyline: must contain at least 2 different points
2026-08-27 17:30:49.471 WARN   Polyline: must contain at least 2 different points
2026-08-27 17:30:49.472 WARN   Polyline: must contain at least 2 different points
2026-08-27 17:30:49.472 WARN   Polyline: must contain at least 2 different points
2026-08-27 17:30:49.473 WARN   Polyline: must contain at least 2 different points
2026-08-27 17:30:49.473 WARN   Polyline: must contain at least 2 different points
2026-08-27 17:30:49.473 WARN   Polyline: must contain at least 2 different points
2026-08-27 17:30:49.474 WARN   Polyline: must contain at least 2 different points
2026-08-27 17:30:49.474 WARN   Polyline: must contain at least 2 different points
2026-08-27 17:30:49.474 WARN   Polyline: must contain at least 2 different points
2026-08-27 17:30:49.474 WARN   Polyline: must contain at least 2 different points
2026-08-27 17:30:49.475 WARN   Polyline: must contain at least 2 different points
2026-08-27 17:30:49.475 WARN   Polyline: must contain at least 2 different points
2026-08-27 17:30:49.475 WARN   Polyline: must contain at least 2 different points
2026-08-27 17:30:49.476 WARN   Polyline: must contain at least 2 different points
2026-08-27 17:30:49.476 WARN   Polyline: must contain at least 2 different points
2026-08-27 17:30:49.476 WARN   Polyline: must contain at least 2 different points
2026-08-27 17:30:49.476 WARN   Polyline: must contain at least 2 different points
2026-08-27 17:30:49.477 WARN   Polyline: must contain at least 2 different points
2026-08-27 17:30:49.477 WARN   Polyline: must contain at least 2 different points
2026-08-27 17:30:49.477 WARN   Polyline: must contain at least 2 different points
2026-08-27 17:30:49.478 WARN   Polyline: must contain at least 2 different points
2026-08-27 17:30:49.478 WARN   Polyline: must contain at least 2 different points
2026-08-27 17:30:49.478 WARN   Polyline: must contain at least 2 different points
2026-08-27 17:30:49.479 WARN   Polyline: must contain at least 2 different points
2026-08-27 17:30:49.479 WARN   Polyline: must contain at least 2 different points
2026-08-27 17:30:49.479 WARN   Polyline: must contain at least 2 different points
2026-08-27 17:30:49.480 WARN   Polyline: must contain at least 2 different points
2026-08-27 17:30:49.480 WARN   Polyline: must contain at least 2 different points
2026-08-27 17:30:49.481 WARN   Polyline: must contain at least 2 different points
2026-08-27 17:30:49.481 WARN   Polyline: must contain at least 2 different points
2026-08-27 17:30:49.481 WARN   Polyline: must contain at least 2 different points
2026-08-27 17:30:49.482 WARN   Polyline: must contain at least 2 different points
2026-08-27 17:30:49.482 WARN   Polyline: must contain at least 2 different points
2026-08-27 17:30:49.482 WARN   Polyline: must contain at least 2 different points
2026-08-27 17:30:49.483 WARN   Polyline: must contain at least 2 different points
2026-08-27 17:30:49.483 WARN   Polyline: must contain at least 2 different points
2026-08-27 17:30:49.483 WARN   Polyline: must contain at least 2 different points
2026-08-27 17:30:49.484 WARN   Polyline: must contain at least 2 different points
2026-08-27 17:30:49.484 WARN   Polyline: must contain at least 2 different points
2026-08-27 17:30:49.484 WARN   Polyline: must contain at least 2 different points
2026-08-27 17:30:49.484 WARN   Polyline: must contain at least 2 different points
2026-08-27 17:30:49.485 WARN   Polyline: must contain at least 2 different points
2026-08-27 17:30:49.485 WARN   Polyline: must contain at least 2 different points
2026-08-27 17:30:49.485 WARN   Polyline: must contain at least 2 different points
2026-08-27 17:30:49.486 WARN   Polyline: must contain at least 2 different points
2026-08-27 17:30:49.486 WARN   Polyline: must contain at least 2 different points
2026-08-27 17:30:49.486 WARN   Polyline: must contain at least 2 different points
2026-08-27 17:30:49.487 WARN   Polyline: must contain at least 2 different points
2026-08-27 17:30:49.487 WARN   Polyline: must contain at least 2 different points
2026-08-27 17:30:49.487 WARN   Polyline: must contain at least 2 different points
2026-08-27 17:30:49.488 WARN   Polyline: must contain at least 2 different points
2026-08-27 17:30:49.488 WARN   Polyline: must contain at least 2 different points
2026-08-27 17:30:49.488 WARN   Polyline: must contain at least 2 different points
2026-08-27 17:30:49.488 WARN   Polyline: must contain at least 2 different points
2026-08-27 17:30:49.489 WARN   Polyline: must contain at least 2 different points
2026-08-27 17:30:49.489 WARN   Polyline: must contain at least 2 different points
2026-08-27 17:30:49.489 WARN   Polyline: must contain at least 2 different points
2026-08-27 17:30:49.489 WARN   Polyline: must contain at least 2 different points
2026-08-27 17:30:49.490 WARN   Polyline: must contain at least 2 different points
2026-08-27 17:30:49.490 WARN   Polyline: must contain at least 2 different points
2026-08-27 17:30:49.490 WARN   Polyline: must contain at least 2 different points
2026-08-27 17:30:49.491 WARN   Polyline: must contain at least 2 different points
2026-08-27 17:30:49.491 WARN   Polyline: must contain at least 2 different points
2026-08-27 17:30:49.491 WARN   Polyline: must contain at least 2 different points
2026-08-27 17:30:49.491 WARN   Polyline: must contain at least 2 different points
2026-08-27 17:30:49.492 WARN   Polyline: must contain at least 2 different points
2026-08-27 17:30:49.492 WARN   Polyline: must contain at least 2 different points
2026-08-27 17:30:49.492 WARN   Polyline: must contain at least 2 different points
2026-08-27 17:30:49.492 WARN   Polyline: must contain at least 2 different points
2026-08-27 17:30:49.493 WARN   Polyline: must contain at least 2 different points
2026-08-27 17:30:49.493 WARN   Polyline: must contain at least 2 different points
2026-08-27 17:30:49.493 WARN   Polyline: must contain at least 2 different points
2026-08-27 17:30:49.494 WARN   Polyline: must contain at least 2 different points
2026-08-27 17:30:49.494 WARN   Polyline: must contain at least 2 different points
2026-08-27 17:30:49.494 WARN   Polyline: must contain at least 2 different points
2026-08-27 17:30:49.495 WARN   Polyline: must contain at least 2 different points
2026-08-27 17:30:49.495 WARN   Polyline: must contain at least 2 different points
2026-08-27 17:30:49.495 WARN   Polyline: must contain at least 2 different points
2026-08-27 17:30:49.495 WARN   Polyline: must contain at least 2 different points
2026-08-27 17:30:49.496 WARN   Polyline: must contain at least 2 different points
2026-08-27 17:30:49.496 WARN   Polyline: must contain at least 2 different points
2026-08-27 17:30:49.496 WARN   Polyline: must contain at least 2 different points
2026-08-27 17:30:49.497 WARN   Polyline: must contain at least 2 different points
2026-08-27 17:30:49.497 WARN   Polyline: must contain at least 2 different points
2026-08-27 17:30:49.497 WARN   Polyline: must contain at least 2 different points
2026-08-27 17:30:49.498 WARN   Polyline: must contain at least 2 different points
2026-08-27 17:30:49.498 WARN   Polyline: must contain at least 2 different points
2026-08-27 17:30:49.498 WARN   Polyline: must contain at least 2 different points
2026-08-27 17:30:49.498 WARN   Polyline: must contain at least 2 different points
2026-08-27 17:30:49.499 WARN   Polyline: must contain at least 2 different points
2026-08-27 17:30:49.501 WARN   Polyline: must contain at least 2 different points
2026-08-27 17:30:49.502 WARN   Polyline: must contain at least 2 different points
2026-08-27 17:30:49.502 WARN   Polyline: must contain at least 2 different points
2026-08-27 17:30:49.502 WARN   Polyline: must contain at least 2 different points
2026-08-27 17:30:49.503 WARN   Polyline: must contain at least 2 different points
2026-08-27 17:30:49.503 WARN   Polyline: must contain at least 2 different points
2026-08-27 17:30:49.503 WARN   Polyline: must contain at least 2 different points
2026-08-27 17:30:49.504 WARN   Polyline: must contain at least 2 different points
2026-08-27 17:30:49.504 WARN   Polyline: must contain at least 2 different points
2026-08-27 17:30:49.504 WARN   Polyline: must contain at least 2 different points
2026-08-27 17:30:49.504 WARN   Polyline: must contain at least 2 different points
2026-08-27 17:30:49.505 WARN   Polyline: must contain at least 2 different points
2026-08-27 17:30:49.505 WARN   Polyline: must contain at least 2 different points
2026-08-27 17:30:49.505 WARN   Polyline: must contain at least 2 different points
2026-08-27 17:30:49.505 WARN   Polyline: must contain at least 2 different points
2026-08-27 17:30:49.506 WARN   Polyline: must contain at least 2 different points
2026-08-27 17:30:49.506 WARN   Polyline: must contain at least 2 different points
2026-08-27 17:30:49.506 WARN   Polyline: must contain at least 2 different points
2026-08-27 17:30:49.506 WARN   Polyline: must contain at least 2 different points
2026-08-27 17:30:49.507 WARN   Polyline: must contain at least 2 different points
2026-08-27 17:30:49.507 WARN   Polyline: must contain at least 2 different points
2026-08-27 17:30:49.507 WARN   Polyline: must contain at least 2 different points
2026-08-27 17:30:49.508 WARN   Polyline: must contain at least 2 different points
2026-08-27 17:30:49.508 WARN   Polyline: must contain at least 2 different points
2026-08-27 17:30:49.508 WARN   Polyline: must contain at least 2 different points
2026-08-27 17:30:49.508 WARN   Polyline: must contain at least 2 different points
2026-08-27 17:30:49.509 WARN   Polyline: must contain at least 2 different points
2026-08-27 17:30:49.509 WARN   Polyline: must contain at least 2 different points
2026-08-27 17:30:49.509 WARN   Polyline: must contain at least 2 different points
2026-08-27 17:30:49.509 WARN   Polyline: must contain at least 2 different points
2026-08-27 17:30:49.510 WARN   Polyline: must contain at least 2 different points
2026-08-27 17:30:49.510 WARN   Polyline: must contain at least 2 different points
2026-08-27 17:30:49.510 WARN   Polyline: must contain at least 2 different points
2026-08-27 17:30:49.510 WARN   Polyline: must contain at least 2 different points
2026-08-27 17:30:49.511 WARN   Polyline: must contain at least 2 different points
2026-08-27 17:30:49.511 WARN   Polyline: must contain at least 2 different points
2026-08-27 17:30:49.511 WARN   Polyline: must contain at least 2 different points
2026-08-27 17:30:49.512 WARN   Polyline: must contain at least 2 different points
2026-08-27 17:30:49.512 WARN   Polyline: must contain at least 2 different points
2026-08-27 17:30:49.512 WARN   Polyline: must contain at least 2 different points
2026-08-27 17:30:49.512 WARN   Polyline: must contain at least 2 different points
2026-08-27 17:30:49.513 WARN   Polyline: must contain at least 2 different points
2026-08-27 17:30:49.513 WARN   Polyline: must contain at least 2 different points
2026-08-27 17:30:49.513 WARN   Polyline: must contain at least 2 different points
2026-08-27 17:30:49.514 WARN   Polyline: must contain at least 2 different points
2026-08-27 17:30:49.514 WARN   Polyline: must contain at least 2 different points
2026-08-27 17:30:49.514 WARN   Polyline: must contain at least 2 different points
2026-08-27 17:30:49.514 WARN   Polyline: must contain at least 2 different points
2026-08-27 17:30:49.515 WARN   Polyline: must contain at least 2 different points
2026-08-27 17:30:49.515 WARN   Polyline: must contain at least 2 different points
2026-08-27 17:30:49.515 WARN   Polyline: must contain at least 2 different points
2026-08-27 17:30:49.516 WARN   Polyline: must contain at least 2 different points
2026-08-27 17:30:49.516 WARN   Polyline: must contain at least 2 different points
2026-08-27 17:30:49.516 WARN   Polyline: must contain at least 2 different points
2026-08-27 17:30:49.516 WARN   Polyline: must contain at least 2 different points
2026-08-27 17:30:49.517 WARN   Polyline: must contain at least 2 different points
2026-08-27 17:30:49.517 WARN   Polyline: must contain at least 2 different points
2026-08-27 17:30:49.517 WARN   Polyline: must contain at least 2 different points
2026-08-27 17:30:49.518 WARN   Polyline: must contain at least 2 different points
2026-08-27 17:30:49.518 WARN   Polyline: must contain at least 2 different points
2026-08-27 17:30:49.518 WARN   Polyline: must contain at least 2 different points
2026-08-27 17:30:49.518 WARN   Polyline: must contain at least 2 different points
2026-08-27 17:30:49.519 WARN   Polyline: must contain at least 2 different points
2026-08-27 17:30:49.519 WARN   Polyline: must contain at least 2 different points
2026-08-27 17:30:49.519 WARN   Polyline: must contain at least 2 different points
2026-08-27 17:30:49.519 WARN   Polyline: must contain at least 2 different points
2026-08-27 17:30:49.520 WARN   Polyline: must contain at least 2 different points
2026-08-27 17:30:49.520 WARN   Polyline: must contain at least 2 different points
2026-08-27 17:30:49.520 WARN   Polyline: must contain at least 2 different points
2026-08-27 17:30:49.520 WARN   Polyline: must contain at least 2 different points
2026-08-27 17:30:49.521 WARN   Polyline: must contain at least 2 different points
2026-08-27 17:30:49.521 WARN   Polyline: must contain at least 2 different points
2026-08-27 17:30:49.521 WARN   Polyline: must contain at least 2 different points
2026-08-27 17:30:49.521 WARN   Polyline: must contain at least 2 different points
2026-08-27 17:30:49.522 WARN   Polyline: must contain at least 2 different points
2026-08-27 17:30:49.522 WARN   Polyline: must contain at least 2 different points
2026-08-27 17:30:49.522 WARN   Polyline: must contain at least 2 different points
2026-08-27 17:30:49.522 WARN   Polyline: must contain at least 2 different points
2026-08-27 17:30:49.523 WARN   Polyline: must contain at least 2 different points
2026-08-27 17:30:49.523 WARN   Polyline: must contain at least 2 different points
2026-08-27 17:30:49.523 WARN   Polyline: must contain at least 2 different points
2026-08-27 17:30:49.523 WARN   Polyline: must contain at least 2 different points
2026-08-27 17:30:49.524 WARN   Polyline: must contain at least 2 different points
2026-08-27 17:30:49.524 WARN   Polyline: must contain at least 2 different points
2026-08-27 17:30:49.524 WARN   Polyline: must contain at least 2 different points
2026-08-27 17:30:49.524 WARN   Polyline: must contain at least 2 different points
2026-08-27 17:30:49.525 WARN   Polyline: must contain at least 2 different points
2026-08-27 17:30:49.525 WARN   Polyline: must contain at least 2 different points
2026-08-27 17:30:49.525 WARN   Polyline: must contain at least 2 different points
2026-08-27 17:30:49.526 WARN   Polyline: must contain at least 2 different points
2026-08-27 17:30:49.526 WARN   Polyline: must contain at least 2 different points
2026-08-27 17:30:49.526 WARN   Polyline: must contain at least 2 different points
2026-08-27 17:30:49.526 WARN   Polyline: must contain at least 2 different points
2026-08-27 17:30:49.527 WARN   Polyline: must contain at least 2 different points
2026-08-27 17:30:49.527 WARN   Polyline: must contain at least 2 different points
2026-08-27 17:30:49.527 WARN   Polyline: must contain at least 2 different points
2026-08-27 17:30:49.527 WARN   Polyline: must contain at least 2 different points
2026-08-27 17:30:49.528 WARN   Polyline: must contain at least 2 different points
2026-08-27 17:30:49.528 WARN   Polyline: must contain at least 2 different points
2026-08-27 17:30:49.528 WARN   Polyline: must contain at least 2 different points
2026-08-27 17:30:49.528 WARN   Polyline: must contain at least 2 different points
2026-08-27 17:30:49.529 WARN   Polyline: must contain at least 2 different points
2026-08-27 17:30:49.529 WARN   Polyline: must contain at least 2 different points
2026-08-27 17:30:49.529 WARN   Polyline: must contain at least 2 different points
2026-08-27 17:30:49.530 WARN   Polyline: must contain at least 2 different points
2026-08-27 17:30:49.530 WARN   Polyline: must contain at least 2 different points
2026-08-27 17:30:49.530 WARN   Polyline: must contain at least 2 different points
2026-08-27 17:30:49.530 WARN   Polyline: must contain at least 2 different points
2026-08-27 17:30:49.531 WARN   Polyline: must contain at least 2 different points
2026-08-27 17:30:49.531 WARN   Polyline: must contain at least 2 different points
2026-08-27 17:30:49.531 WARN   Polyline: must contain at least 2 different points
2026-08-27 17:30:49.531 WARN   Polyline: must contain at least 2 different points
2026-08-27 17:30:49.532 WARN   Polyline: must contain at least 2 different points
2026-08-27 17:30:49.532 WARN   Polyline: must contain at least 2 different points
2026-08-27 17:30:49.532 WARN   Polyline: must contain at least 2 different points
2026-08-27 17:30:49.533 WARN   Polyline: must contain at least 2 different points
2026-08-27 17:30:49.533 WARN   Polyline: must contain at least 2 different points
2026-08-27 17:30:49.533 WARN   Polyline: must contain at least 2 different points
2026-08-27 17:30:49.533 WARN   Polyline: must contain at least 2 different points
2026-08-27 17:30:49.534 WARN   Polyline: must contain at least 2 different points
2026-08-27 17:30:49.534 WARN   Polyline: must contain at least 2 different points
2026-08-27 17:30:49.534 WARN   Polyline: must contain at least 2 different points
2026-08-27 17:30:49.535 WARN   Polyline: must contain at least 2 different points
2026-08-27 17:30:49.535 WARN   Polyline: must contain at least 2 different points
2026-08-27 17:30:49.535 WARN   Polyline: must contain at least 2 different points
2026-08-27 17:30:49.535 WARN   Polyline: must contain at least 2 different points
2026-08-27 17:30:49.536 WARN   Polyline: must contain at least 2 different points
2026-08-27 17:30:49.536 WARN   Polyline: must contain at least 2 different points
2026-08-27 17:30:49.536 WARN   Polyline: must contain at least 2 different points
2026-08-27 17:30:49.536 WARN   Polyline: must contain at least 2 different points
2026-08-27 17:30:49.537 WARN   Polyline: must contain at least 2 different points
2026-08-27 17:30:49.537 WARN   Polyline: must contain at least 2 different points
2026-08-27 17:30:49.537 WARN   Polyline: must contain at least 2 different points
2026-08-27 17:30:49.537 WARN   Polyline: must contain at least 2 different points
2026-08-27 17:30:49.538 WARN   Polyline: must contain at least 2 different points
2026-08-27 17:30:49.538 WARN   Polyline: must contain at least 2 different points
2026-08-27 17:30:49.538 WARN   Polyline: must contain at least 2 different points
2026-08-27 17:30:49.538 WARN   Polyline: must contain at least 2 different points
2026-08-27 17:30:49.539 WARN   Polyline: must contain at least 2 different points
2026-08-27 17:30:49.539 WARN   Polyline: must contain at least 2 different points
2026-08-27 17:30:49.539 WARN   Polyline: must contain at least 2 different points
2026-08-27 17:30:49.540 WARN   Polyline: must contain at least 2 different points
2026-08-27 17:30:49.540 WARN   Polyline: must contain at least 2 different points
2026-08-27 17:30:49.540 WARN   Polyline: must contain at least 2 different points
2026-08-27 17:30:49.540 WARN   Polyline: must contain at least 2 different points
2026-08-27 17:30:49.541 WARN   Polyline: must contain at least 2 different points
2026-08-27 17:30:49.541 WARN   Polyline: must contain at least 2 different points
2026-08-27 17:30:49.541 WARN   Polyline: must contain at least 2 different points
2026-08-27 17:30:49.541 WARN   Polyline: must contain at least 2 different points
2026-08-27 17:30:49.542 WARN   Polyline: must contain at least 2 different points
2026-08-27 17:30:49.542 WARN   Polyline: must contain at least 2 different points
2026-08-27 17:30:49.542 WARN   Polyline: must contain at least 2 different points
2026-08-27 17:30:49.542 WARN   Polyline: must contain at least 2 different points
2026-08-27 17:30:49.543 WARN   Polyline: must contain at least 2 different points
2026-08-27 17:30:49.543 WARN   Polyline: must contain at least 2 different points
2026-08-27 17:30:49.543 WARN   Polyline: must contain at least 2 different points
2026-08-27 17:30:49.543 WARN   Polyline: must contain at least 2 different points
2026-08-27 17:30:49.544 WARN   Polyline: must contain at least 2 different points
2026-08-27 17:30:49.544 WARN   Polyline: must contain at least 2 different points
2026-08-27 17:30:49.544 WARN   Polyline: must contain at least 2 different points
2026-08-27 17:30:49.545 WARN   Polyline: must contain at least 2 different points
2026-08-27 17:30:49.545 WARN   Polyline: must contain at least 2 different points
2026-08-27 17:30:49.545 WARN   Polyline: must contain at least 2 different points
2026-08-27 17:30:49.545 WARN   Polyline: must contain at least 2 different points
2026-08-27 17:30:49.546 WARN   Polyline: must contain at least 2 different points
2026-08-27 17:30:49.546 WARN   Polyline: must contain at least 2 different points
2026-08-27 17:30:49.546 WARN   Polyline: must contain at least 2 different points
2026-08-27 17:30:49.546 WARN   Polyline: must contain at least 2 different points
2026-08-27 17:30:49.547 WARN   Polyline: must contain at least 2 different points
2026-08-27 17:30:49.547 WARN   Polyline: must contain at least 2 different points
2026-08-27 17:30:49.547 WARN   Polyline: must contain at least 2 different points
2026-08-27 17:30:49.547 WARN   Polyline: must contain at least 2 different points
2026-08-27 17:30:49.548 WARN   Polyline: must contain at least 2 different points
2026-08-27 17:30:49.548 WARN   Polyline: must contain at least 2 different points
2026-08-27 17:30:49.548 WARN   Polyline: must contain at least 2 different points
2026-08-27 17:30:49.548 WARN   Polyline: must contain at least 2 different points
2026-08-27 17:30:49.549 WARN   Polyline: must contain at least 2 different points
2026-08-27 17:30:49.549 WARN   Polyline: must contain at least 2 different points
2026-08-27 17:30:49.549 WARN   Polyline: must contain at least 2 different points
2026-08-27 17:30:49.549 WARN   Polyline: must contain at least 2 different points
2026-08-27 17:30:49.549 WARN   Polyline: must contain at least 2 different points
2026-08-27 17:30:49.550 WARN   Polyline: must contain at least 2 different points
2026-08-27 17:30:49.550 WARN   Polyline: must contain at least 2 different points
2026-08-27 17:30:49.550 WARN   Polyline: must contain at least 2 different points
2026-08-27 17:30:49.550 WARN   Polyline: must contain at least 2 different points
2026-08-27 17:30:49.551 WARN   Polyline: must contain at least 2 different points
2026-08-27 17:30:49.551 WARN   Polyline: must contain at least 2 different points
2026-08-27 17:30:49.551 WARN   Polyline: must contain at least 2 different points
2026-08-27 17:30:49.551 WARN   Polyline: must contain at least 2 different points
2026-08-27 17:30:49.552 WARN   Polyline: must contain at least 2 different points
2026-08-27 17:30:49.552 WARN   Polyline: must contain at least 2 different points
2026-08-27 17:30:49.552 WARN   Polyline: must contain at least 2 different points
2026-08-27 17:30:49.552 WARN   Polyline: must contain at least 2 different points
2026-08-27 17:30:49.552 WARN   Polyline: must contain at least 2 different points
2026-08-27 17:30:49.553 WARN   Polyline: must contain at least 2 different points
2026-08-27 17:30:49.553 WARN   Polyline: must contain at least 2 different points
2026-08-27 17:30:49.553 WARN   Polyline: must contain at least 2 different points
2026-08-27 17:30:49.553 WARN   Polyline: must contain at least 2 different points
2026-08-27 17:30:49.554 WARN   Polyline: must contain at least 2 different points
2026-08-27 17:30:49.554 WARN   Polyline: must contain at least 2 different points
2026-08-27 17:30:49.554 WARN   Polyline: must contain at least 2 different points
2026-08-27 17:30:49.554 WARN   Polyline: must contain at least 2 different points
2026-08-27 17:30:49.555 WARN   Polyline: must contain at least 2 different points
2026-08-27 17:30:49.555 WARN   Polyline: must contain at least 2 different points
2026-08-27 17:30:49.555 WARN   Polyline: must contain at least 2 different points
2026-08-27 17:30:49.555 WARN   Polyline: must contain at least 2 different points
2026-08-27 17:30:49.556 WARN   Polyline: must contain at least 2 different points
2026-08-27 17:30:49.556 WARN   Polyline: must contain at least 2 different points
2026-08-27 17:30:49.557 WARN   Polyline: must contain at least 2 different points
2026-08-27 17:30:49.557 WARN   Polyline: must contain at least 2 different points
2026-08-27 17:30:49.557 WARN   Polyline: must contain at least 2 different points
2026-08-27 17:30:49.557 WARN   Polyline: must contain at least 2 different points
2026-08-27 17:30:49.558 WARN   Polyline: must contain at least 2 different points
2026-08-27 17:30:49.558 WARN   Polyline: must contain at least 2 different points
2026-08-27 17:30:49.558 WARN   Polyline: must contain at least 2 different points
2026-08-27 17:30:49.558 WARN   Polyline: must contain at least 2 different points
2026-08-27 17:30:49.559 WARN   Polyline: must contain at least 2 different points
2026-08-27 17:30:49.559 WARN   Polyline: must contain at least 2 different points
2026-08-27 17:30:49.559 WARN   Polyline: must contain at least 2 different points
2026-08-27 17:30:49.559 WARN   Polyline: must contain at least 2 different points
2026-08-27 17:30:49.559 WARN   Polyline: must contain at least 2 different points
2026-08-27 17:30:49.560 WARN   Polyline: must contain at least 2 different points
2026-08-27 17:30:49.560 WARN   Polyline: must contain at least 2 different points
2026-08-27 17:30:49.560 WARN   Polyline: must contain at least 2 different points
2026-08-27 17:30:49.561 WARN   Polyline: must contain at least 2 different points
2026-08-27 17:30:49.561 WARN   Polyline: must contain at least 2 different points
2026-08-27 17:30:49.561 WARN   Polyline: must contain at least 2 different points
2026-08-27 17:30:49.561 WARN   Polyline: must contain at least 2 different points
2026-08-27 17:30:49.562 WARN   Polyline: must contain at least 2 different points
2026-08-27 17:30:49.562 WARN   Polyline: must contain at least 2 different points
2026-08-27 17:30:49.562 WARN   Polyline: must contain at least 2 different points
2026-08-27 17:30:49.562 WARN   Polyline: must contain at least 2 different points
2026-08-27 17:30:49.563 WARN   Polyline: must contain at least 2 different points
2026-08-27 17:30:49.563 WARN   Polyline: must contain at least 2 different points
2026-08-27 17:30:49.563 WARN   Polyline: must contain at least 2 different points
2026-08-27 17:30:49.563 WARN   Polyline: must contain at least 2 different points
2026-08-27 17:30:49.564 WARN   Polyline: must contain at least 2 different points
2026-08-27 17:30:49.564 WARN   Polyline: must contain at least 2 different points
2026-08-27 17:30:49.564 WARN   Polyline: must contain at least 2 different points
2026-08-27 17:30:49.564 WARN   Polyline: must contain at least 2 different points
2026-08-27 17:30:49.565 WARN   Polyline: must contain at least 2 different points
2026-08-27 17:30:49.565 WARN   Polyline: must contain at least 2 different points
2026-08-27 17:30:49.565 WARN   Polyline: must contain at least 2 different points
2026-08-27 17:30:49.565 WARN   Polyline: must contain at least 2 different points
2026-08-27 17:30:49.566 WARN   Polyline: must contain at least 2 different points
2026-08-27 17:30:49.566 WARN   Polyline: must contain at least 2 different points
2026-08-27 17:30:49.566 WARN   Polyline: must contain at least 2 different points
2026-08-27 17:30:49.567 WARN   Polyline: must contain at least 2 different points
2026-08-27 17:30:49.567 WARN   Polyline: must contain at least 2 different points
2026-08-27 17:30:49.567 WARN   Polyline: must contain at least 2 different points
2026-08-27 17:30:49.567 WARN   Polyline: must contain at least 2 different points
2026-08-27 17:30:49.568 WARN   Polyline: must contain at least 2 different points
2026-08-27 17:30:49.568 WARN   Polyline: must contain at least 2 different points
2026-08-27 17:30:49.568 WARN   Polyline: must contain at least 2 different points
2026-08-27 17:30:49.569 WARN   Polyline: must contain at least 2 different points
2026-08-27 17:30:49.570 WARN   Polyline: must contain at least 2 different points
2026-08-27 17:30:49.570 WARN   Polyline: must contain at least 2 different points
2026-08-27 17:30:49.570 WARN   Polyline: must contain at least 2 different points
2026-08-27 17:30:49.570 WARN   Polyline: must contain at least 2 different points
2026-08-27 17:30:49.571 WARN   Polyline: must contain at least 2 different points
2026-08-27 17:30:49.571 WARN   Polyline: must contain at least 2 different points
2026-08-27 17:30:49.571 WARN   Polyline: must contain at least 2 different points
2026-08-27 17:30:49.571 WARN   Polyline: must contain at least 2 different points
2026-08-27 17:30:49.572 WARN   Polyline: must contain at least 2 different points
2026-08-27 17:30:49.572 WARN   Polyline: must contain at least 2 different points
2026-08-27 17:30:49.572 WARN   Polyline: must contain at least 2 different points
2026-08-27 17:30:49.572 WARN   Polyline: must contain at least 2 different points
2026-08-27 17:30:49.573 WARN   Polyline: must contain at least 2 different points
2026-08-27 17:30:49.573 WARN   Polyline: must contain at least 2 different points
2026-08-27 17:30:49.573 WARN   Polyline: must contain at least 2 different points
2026-08-27 17:30:49.573 WARN   Polyline: must contain at least 2 different points
2026-08-27 17:30:49.574 WARN   Polyline: must contain at least 2 different points
2026-08-27 17:30:49.574 WARN   Polyline: must contain at least 2 different points
2026-08-27 17:30:49.574 WARN   Polyline: must contain at least 2 different points
2026-08-27 17:30:49.574 WARN   Polyline: must contain at least 2 different points
2026-08-27 17:30:49.575 WARN   Polyline: must contain at least 2 different points
2026-08-27 17:30:49.575 WARN   Polyline: must contain at least 2 different points
2026-08-27 17:30:49.575 WARN   Polyline: must contain at least 2 different points
2026-08-27 17:30:49.575 WARN   Polyline: must contain at least 2 different points
2026-08-27 17:30:49.575 WARN   Polyline: must contain at least 2 different points
2026-08-27 17:30:49.576 WARN   Polyline: must contain at least 2 different points
2026-08-27 17:30:49.576 WARN   Polyline: must contain at least 2 different points
2026-08-27 17:30:49.576 WARN   Polyline: must contain at least 2 different points
2026-08-27 17:30:49.576 WARN   Polyline: must contain at least 2 different points
2026-08-27 17:30:49.577 WARN   Polyline: must contain at least 2 different points
2026-08-27 17:30:49.577 WARN   Polyline: must contain at least 2 different points
2026-08-27 17:30:49.577 WARN   Polyline: must contain at least 2 different points
2026-08-27 17:30:49.577 WARN   Polyline: must contain at least 2 different points
2026-08-27 17:30:49.578 WARN   Polyline: must contain at least 2 different points
2026-08-27 17:30:49.578 WARN   Polyline: must contain at least 2 different points
2026-08-27 17:30:49.578 WARN   Polyline: must contain at least 2 different points
2026-08-27 17:30:49.578 WARN   Polyline: must contain at least 2 different points
2026-08-27 17:30:49.579 WARN   Polyline: must contain at least 2 different points
2026-08-27 17:30:49.579 WARN   Polyline: must contain at least 2 different points
2026-08-27 17:30:49.579 WARN   Polyline: must contain at least 2 different points
2026-08-27 17:30:49.579 WARN   Polyline: must contain at least 2 different points
2026-08-27 17:30:49.579 WARN   Polyline: must contain at least 2 different points
2026-08-27 17:30:49.580 WARN   Polyline: must contain at least 2 different points
2026-08-27 17:30:49.580 WARN   Polyline: must contain at least 2 different points
2026-08-27 17:30:49.580 WARN   Polyline: must contain at least 2 different points
2026-08-27 17:30:49.580 WARN   Polyline: must contain at least 2 different points
2026-08-27 17:30:49.581 WARN   Polyline: must contain at least 2 different points
2026-08-27 17:30:49.581 WARN   Polyline: must contain at least 2 different points
2026-08-27 17:30:49.581 WARN   Polyline: must contain at least 2 different points
2026-08-27 17:30:49.581 WARN   Polyline: must contain at least 2 different points
2026-08-27 17:30:49.582 WARN   Polyline: must contain at least 2 different points
2026-08-27 17:30:49.582 WARN   Polyline: must contain at least 2 different points
2026-08-27 17:30:49.582 WARN   Polyline: must contain at least 2 different points
2026-08-27 17:30:49.583 WARN   Polyline: must contain at least 2 different points
2026-08-27 17:30:49.583 WARN   Polyline: must contain at least 2 different points
2026-08-27 17:30:49.583 WARN   Polyline: must contain at least 2 different points
2026-08-27 17:30:49.583 WARN   Polyline: must contain at least 2 different points
2026-08-27 17:30:49.584 WARN   Polyline: must contain at least 2 different points
2026-08-27 17:30:49.584 WARN   Polyline: must contain at least 2 different points
2026-08-27 17:30:49.584 WARN   Polyline: must contain at least 2 different points
2026-08-27 17:30:49.584 WARN   Polyline: must contain at least 2 different points
2026-08-27 17:30:49.585 WARN   Polyline: must contain at least 2 different points
2026-08-27 17:30:49.585 WARN   Polyline: must contain at least 2 different points
2026-08-27 17:30:49.585 WARN   Polyline: must contain at least 2 different points
2026-08-27 17:30:49.585 WARN   Polyline: must contain at least 2 different points
2026-08-27 17:30:49.586 WARN   Polyline: must contain at least 2 different points
2026-08-27 17:30:49.586 WARN   Polyline: must contain at least 2 different points
2026-08-27 17:30:49.586 WARN   Polyline: must contain at least 2 different points
2026-08-27 17:30:49.586 WARN   Polyline: must contain at least 2 different points
2026-08-27 17:30:49.587 WARN   Polyline: must contain at least 2 different points
2026-08-27 17:30:49.587 WARN   Polyline: must contain at least 2 different points
2026-08-27 17:30:49.587 WARN   Polyline: must contain at least 2 different points
2026-08-27 17:30:49.588 WARN   Polyline: must contain at least 2 different points
2026-08-27 17:30:49.588 WARN   Polyline: must contain at least 2 different points
2026-08-27 17:30:49.588 WARN   Polyline: must contain at least 2 different points
2026-08-27 17:30:49.588 WARN   Polyline: must contain at least 2 different points
2026-08-27 17:30:49.589 WARN   Polyline: must contain at least 2 different points
2026-08-27 17:30:49.589 WARN   Polyline: must contain at least 2 different points
2026-08-27 17:30:49.589 WARN   Polyline: must contain at least 2 different points
2026-08-27 17:30:49.589 WARN   Polyline: must contain at least 2 different points
2026-08-27 17:30:49.590 WARN   Polyline: must contain at least 2 different points
2026-08-27 17:30:49.590 WARN   Polyline: must contain at least 2 different points
2026-08-27 17:30:49.590 WARN   Polyline: must contain at least 2 different points
2026-08-27 17:30:49.590 WARN   Polyline: must contain at least 2 different points
2026-08-27 17:30:49.591 WARN   Polyline: must contain at least 2 different points
2026-08-27 17:30:49.591 WARN   Polyline: must contain at least 2 different points
2026-08-27 17:30:49.591 WARN   Polyline: must contain at least 2 different points
2026-08-27 17:30:49.591 WARN   Polyline: must contain at least 2 different points
2026-08-27 17:30:49.592 WARN   Polyline: must contain at least 2 different points
2026-08-27 17:30:49.592 WARN   Polyline: must contain at least 2 different points
2026-08-27 17:30:49.592 WARN   Polyline: must contain at least 2 different points
2026-08-27 17:30:49.593 WARN   Polyline: must contain at least 2 different points
2026-08-27 17:30:49.593 WARN   Polyline: must contain at least 2 different points
2026-08-27 17:30:49.593 WARN   Polyline: must contain at least 2 different points
2026-08-27 17:30:49.593 WARN   Polyline: must contain at least 2 different points
2026-08-27 17:30:49.594 WARN   Polyline: must contain at least 2 different points
2026-08-27 17:30:49.594 WARN   Polyline: must contain at least 2 different points
2026-08-27 17:30:49.594 WARN   Polyline: must contain at least 2 different points
2026-08-27 17:30:49.594 WARN   Polyline: must contain at least 2 different points
2026-08-27 17:30:49.595 WARN   Polyline: must contain at least 2 different points
2026-08-27 17:30:49.595 WARN   Polyline: must contain at least 2 different points
2026-08-27 17:30:49.595 WARN   Polyline: must contain at least 2 different points
2026-08-27 17:30:49.596 WARN   Polyline: must contain at least 2 different points
2026-08-27 17:30:49.596 WARN   Polyline: must contain at least 2 different points
2026-08-27 17:30:49.596 WARN   Polyline: must contain at least 2 different points
2026-08-27 17:30:49.597 WARN   Polyline: must contain at least 2 different points
2026-08-27 17:30:49.597 WARN   Polyline: must contain at least 2 different points
2026-08-27 17:30:49.597 WARN   Polyline: must contain at least 2 different points
2026-08-27 17:30:49.597 WARN   Polyline: must contain at least 2 different points
2026-08-27 17:30:49.598 WARN   Polyline: must contain at least 2 different points
2026-08-27 17:30:49.598 WARN   Polyline: must contain at least 2 different points
2026-08-27 17:30:49.598 WARN   Polyline: must contain at least 2 different points
2026-08-27 17:30:49.599 WARN   Polyline: must contain at least 2 different points
2026-08-27 17:30:49.599 WARN   Polyline: must contain at least 2 different points
2026-08-27 17:30:49.599 WARN   Polyline: must contain at least 2 different points
2026-08-27 17:30:49.600 WARN   Polyline: must contain at least 2 different points
2026-08-27 17:30:49.600 WARN   Polyline: must contain at least 2 different points
2026-08-27 17:30:49.600 WARN   Polyline: must contain at least 2 different points
2026-08-27 17:30:49.600 WARN   Polyline: must contain at least 2 different points
2026-08-27 17:30:49.601 WARN   Polyline: must contain at least 2 different points
2026-08-27 17:30:49.601 WARN   Polyline: must contain at least 2 different points
2026-08-27 17:30:49.601 WARN   Polyline: must contain at least 2 different points
2026-08-27 17:30:49.601 WARN   Polyline: must contain at least 2 different points
2026-08-27 17:30:49.602 WARN   Polyline: must contain at least 2 different points
2026-08-27 17:30:49.602 WARN   Polyline: must contain at least 2 different points
2026-08-27 17:30:49.602 WARN   Polyline: must contain at least 2 different points
2026-08-27 17:30:49.603 WARN   Polyline: must contain at least 2 different points
2026-08-27 17:30:49.603 WARN   Polyline: must contain at least 2 different points
2026-08-27 17:30:49.603 WARN   Polyline: must contain at least 2 different points
2026-08-27 17:30:49.603 WARN   Polyline: must contain at least 2 different points
2026-08-27 17:30:49.604 WARN   Polyline: must contain at least 2 different points
2026-08-27 17:30:49.604 WARN   Polyline: must contain at least 2 different points
2026-08-27 17:30:49.604 WARN   Polyline: must contain at least 2 different points
2026-08-27 17:30:49.604 WARN   Polyline: must contain at least 2 different points
2026-08-27 17:30:49.605 WARN   Polyline: must contain at least 2 different points
2026-08-27 17:30:49.605 WARN   Polyline: must contain at least 2 different points
2026-08-27 17:30:49.605 WARN   Polyline: must contain at least 2 different points
2026-08-27 17:30:49.605 WARN   Polyline: must contain at least 2 different points
2026-08-27 17:30:49.606 WARN   Polyline: must contain at least 2 different points
2026-08-27 17:30:49.606 WARN   Polyline: must contain at least 2 different points
2026-08-27 17:30:49.606 WARN   Polyline: must contain at least 2 different points
2026-08-27 17:30:49.606 WARN   Polyline: must contain at least 2 different points
2026-08-27 17:30:49.607 WARN   Polyline: must contain at least 2 different points
2026-08-27 17:30:49.607 WARN   Polyline: must contain at least 2 different points
2026-08-27 17:30:49.607 WARN   Polyline: must contain at least 2 different points
2026-08-27 17:30:49.607 WARN   Polyline: must contain at least 2 different points
2026-08-27 17:30:49.608 WARN   Polyline: must contain at least 2 different points
2026-08-27 17:30:49.608 WARN   Polyline: must contain at least 2 different points
2026-08-27 17:30:49.608 WARN   Polyline: must contain at least 2 different points
2026-08-27 17:30:49.609 WARN   Polyline: must contain at least 2 different points
2026-08-27 17:30:49.609 WARN   Polyline: must contain at least 2 different points
2026-08-27 17:30:49.609 WARN   Polyline: must contain at least 2 different points
2026-08-27 17:30:49.609 WARN   Polyline: must contain at least 2 different points
2026-08-27 17:30:49.610 WARN   Polyline: must contain at least 2 different points
2026-08-27 17:30:49.610 WARN   Polyline: must contain at least 2 different points
2026-08-27 17:30:49.610 WARN   Polyline: must contain at least 2 different points
2026-08-27 17:30:49.610 WARN   Polyline: must contain at least 2 different points
2026-08-27 17:30:49.611 WARN   Polyline: must contain at least 2 different points
2026-08-27 17:30:49.611 WARN   Polyline: must contain at least 2 different points
2026-08-27 17:30:49.611 WARN   Polyline: must contain at least 2 different points
2026-08-27 17:30:49.611 WARN   Polyline: must contain at least 2 different points
2026-08-27 17:30:49.612 WARN   Polyline: must contain at least 2 different points
2026-08-27 17:30:49.612 WARN   Polyline: must contain at least 2 different points
2026-08-27 17:30:49.612 WARN   Polyline: must contain at least 2 different points
2026-08-27 17:30:49.612 WARN   Polyline: must contain at least 2 different points
2026-08-27 17:30:49.613 WARN   Polyline: must contain at least 2 different points
2026-08-27 17:30:49.613 WARN   Polyline: must contain at least 2 different points
2026-08-27 17:30:49.613 WARN   Polyline: must contain at least 2 different points
2026-08-27 17:30:49.613 WARN   Polyline: must contain at least 2 different points
2026-08-27 17:30:49.614 WARN   Polyline: must contain at least 2 different points
2026-08-27 17:30:49.614 WARN   Polyline: must contain at least 2 different points
2026-08-27 17:30:49.614 WARN   Polyline: must contain at least 2 different points
2026-08-27 17:30:49.614 WARN   Polyline: must contain at least 2 different points
2026-08-27 17:30:49.615 WARN   Polyline: must contain at least 2 different points
2026-08-27 17:30:49.615 WARN   Polyline: must contain at least 2 different points
2026-08-27 17:30:49.615 WARN   Polyline: must contain at least 2 different points
2026-08-27 17:30:49.615 WARN   Polyline: must contain at least 2 different points
2026-08-27 17:30:49.616 WARN   Polyline: must contain at least 2 different points
2026-08-27 17:30:49.616 WARN   Polyline: must contain at least 2 different points
2026-08-27 17:30:49.616 WARN   Polyline: must contain at least 2 different points
2026-08-27 17:30:49.617 WARN   Polyline: must contain at least 2 different points
2026-08-27 17:30:49.617 WARN   Polyline: must contain at least 2 different points
2026-08-27 17:30:49.617 WARN   Polyline: must contain at least 2 different points
2026-08-27 17:30:49.617 WARN   Polyline: must contain at least 2 different points
2026-08-27 17:30:49.618 WARN   Polyline: must contain at least 2 different points
2026-08-27 17:30:49.618 WARN   Polyline: must contain at least 2 different points
2026-08-27 17:30:49.618 WARN   Polyline: must contain at least 2 different points
2026-08-27 17:30:49.618 WARN   Polyline: must contain at least 2 different points
2026-08-27 17:30:49.619 WARN   Polyline: must contain at least 2 different points
2026-08-27 17:30:49.619 WARN   Polyline: must contain at least 2 different points
2026-08-27 17:30:49.619 WARN   Polyline: must contain at least 2 different points
2026-08-27 17:30:49.619 WARN   Polyline: must contain at least 2 different points
2026-08-27 17:30:49.620 WARN   Polyline: must contain at least 2 different points
2026-08-27 17:30:49.620 WARN   Polyline: must contain at least 2 different points
2026-08-27 17:30:49.620 WARN   Polyline: must contain at least 2 different points
2026-08-27 17:30:49.620 WARN   Polyline: must contain at least 2 different points
2026-08-27 17:30:49.621 WARN   Polyline: must contain at least 2 different points
2026-08-27 17:30:49.621 WARN   Polyline: must contain at least 2 different points
2026-08-27 17:30:49.621 WARN   Polyline: must contain at least 2 different points
2026-08-27 17:30:49.622 WARN   Polyline: must contain at least 2 different points
2026-08-27 17:30:49.622 WARN   Polyline: must contain at least 2 different points
2026-08-27 17:30:49.622 WARN   Polyline: must contain at least 2 different points
2026-08-27 17:30:49.622 WARN   Polyline: must contain at least 2 different points
2026-08-27 17:30:49.623 WARN   Polyline: must contain at least 2 different points
2026-08-27 17:30:49.623 WARN   Polyline: must contain at least 2 different points
2026-08-27 17:30:49.623 WARN   Polyline: must contain at least 2 different points
2026-08-27 17:30:49.623 WARN   Polyline: must contain at least 2 different points
2026-08-27 17:30:49.624 WARN   Polyline: must contain at least 2 different points
2026-08-27 17:30:49.624 WARN   Polyline: must contain at least 2 different points
2026-08-27 17:30:49.624 WARN   Polyline: must contain at least 2 different points
2026-08-27 17:30:49.624 WARN   Polyline: must contain at least 2 different points
2026-08-27 17:30:49.625 WARN   Polyline: must contain at least 2 different points
2026-08-27 17:30:49.625 WARN   Polyline: must contain at least 2 different points
2026-08-27 17:30:49.625 WARN   Polyline: must contain at least 2 different points
2026-08-27 17:30:49.625 WARN   Polyline: must contain at least 2 different points
2026-08-27 17:30:49.626 WARN   Polyline: must contain at least 2 different points
2026-08-27 17:30:49.626 WARN   Polyline: must contain at least 2 different points
2026-08-27 17:30:49.626 WARN   Polyline: must contain at least 2 different points
2026-08-27 17:30:49.626 WARN   Polyline: must contain at least 2 different points
2026-08-27 17:30:49.627 WARN   Polyline: must contain at least 2 different points
2026-08-27 17:30:49.627 WARN   Polyline: must contain at least 2 different points
2026-08-27 17:30:49.627 WARN   Polyline: must contain at least 2 different points
2026-08-27 17:30:49.627 WARN   Polyline: must contain at least 2 different points
2026-08-27 17:30:49.628 WARN   Polyline: must contain at least 2 different points
2026-08-27 17:30:49.628 WARN   Polyline: must contain at least 2 different points
2026-08-27 17:30:49.628 WARN   Polyline: must contain at least 2 different points
2026-08-27 17:30:49.628 WARN   Polyline: must contain at least 2 different points
2026-08-27 17:30:49.629 WARN   Polyline: must contain at least 2 different points
2026-08-27 17:30:49.629 WARN   Polyline: must contain at least 2 different points
2026-08-27 17:30:49.629 WARN   Polyline: must contain at least 2 different points
2026-08-27 17:30:49.629 WARN   Polyline: must contain at least 2 different points
2026-08-27 17:30:49.629 WARN   Polyline: must contain at least 2 different points
2026-08-27 17:30:49.630 WARN   Polyline: must contain at least 2 different points
2026-08-27 17:30:49.630 WARN   Polyline: must contain at least 2 different points
2026-08-27 17:30:49.630 WARN   Polyline: must contain at least 2 different points
2026-08-27 17:30:49.630 WARN   Polyline: must contain at least 2 different points
2026-08-27 17:30:49.631 WARN   Polyline: must contain at least 2 different points
2026-08-27 17:30:49.631 WARN   Polyline: must contain at least 2 different points
2026-08-27 17:30:49.631 WARN   Polyline: must contain at least 2 different points
2026-08-27 17:30:49.632 WARN   Polyline: must contain at least 2 different points
2026-08-27 17:30:49.633 WARN   Polyline: must contain at least 2 different points
2026-08-27 17:30:49.633 WARN   Polyline: must contain at least 2 different points
2026-08-27 17:30:49.633 WARN   Polyline: must contain at least 2 different points
2026-08-27 17:30:49.634 WARN   Polyline: must contain at least 2 different points
2026-08-27 17:30:49.634 WARN   Polyline: must contain at least 2 different points
2026-08-27 17:30:49.634 WARN   Polyline: must contain at least 2 different points
2026-08-27 17:30:49.634 WARN   Polyline: must contain at least 2 different points
2026-08-27 17:30:49.635 WARN   Polyline: must contain at least 2 different points
2026-08-27 17:30:49.635 WARN   Polyline: must contain at least 2 different points
2026-08-27 17:30:49.635 WARN   Polyline: must contain at least 2 different points
2026-08-27 17:30:49.635 WARN   Polyline: must contain at least 2 different points
2026-08-27 17:30:49.636 WARN   Polyline: must contain at least 2 different points
2026-08-27 17:30:49.636 WARN   Polyline: must contain at least 2 different points
2026-08-27 17:30:49.636 WARN   Polyline: must contain at least 2 different points
2026-08-27 17:30:49.637 WARN   Polyline: must contain at least 2 different points
2026-08-27 17:30:49.637 WARN   Polyline: must contain at least 2 different points
2026-08-27 17:30:49.637 WARN   Polyline: must contain at least 2 different points
2026-08-27 17:30:49.637 WARN   Polyline: must contain at least 2 different points
2026-08-27 17:30:49.638 WARN   Polyline: must contain at least 2 different points
2026-08-27 17:30:49.638 WARN   Polyline: must contain at least 2 different points
2026-08-27 17:30:49.638 WARN   Polyline: must contain at least 2 different points
2026-08-27 17:30:49.638 WARN   Polyline: must contain at least 2 different points
2026-08-27 17:30:49.639 WARN   Polyline: must contain at least 2 different points
2026-08-27 17:30:49.639 WARN   Polyline: must contain at least 2 different points
2026-08-27 17:30:49.639 WARN   Polyline: must contain at least 2 different points
2026-08-27 17:30:49.640 WARN   Polyline: must contain at least 2 different points
2026-08-27 17:30:49.640 WARN   Polyline: must contain at least 2 different points
2026-08-27 17:30:49.640 WARN   Polyline: must contain at least 2 different points
2026-08-27 17:30:49.640 WARN   Polyline: must contain at least 2 different points
2026-08-27 17:30:49.641 WARN   Polyline: must contain at least 2 different points
2026-08-27 17:30:49.641 WARN   Polyline: must contain at least 2 different points
2026-08-27 17:30:49.641 WARN   Polyline: must contain at least 2 different points
2026-08-27 17:30:49.641 WARN   Polyline: must contain at least 2 different points
2026-08-27 17:30:49.642 WARN   Polyline: must contain at least 2 different points
2026-08-27 17:30:49.642 WARN   Polyline: must contain at least 2 different points
2026-08-27 17:30:49.642 WARN   Polyline: must contain at least 2 different points
2026-08-27 17:30:49.642 WARN   Polyline: must contain at least 2 different points
2026-08-27 17:30:49.643 WARN   Polyline: must contain at least 2 different points
2026-08-27 17:30:49.643 WARN   Polyline: must contain at least 2 different points
2026-08-27 17:30:49.643 WARN   Polyline: must contain at least 2 different points
2026-08-27 17:30:49.643 WARN   Polyline: must contain at least 2 different points
2026-08-27 17:30:49.644 WARN   Polyline: must contain at least 2 different points
2026-08-27 17:30:49.644 WARN   Polyline: must contain at least 2 different points
2026-08-27 17:30:49.644 WARN   Polyline: must contain at least 2 different points
2026-08-27 17:30:49.644 WARN   Polyline: must contain at least 2 different points
2026-08-27 17:30:49.645 WARN   Polyline: must contain at least 2 different points
2026-08-27 17:30:49.645 WARN   Polyline: must contain at least 2 different points
2026-08-27 17:30:49.645 WARN   Polyline: must contain at least 2 different points
2026-08-27 17:30:49.646 WARN   Polyline: must contain at least 2 different points
2026-08-27 17:30:49.646 WARN   Polyline: must contain at least 2 different points
2026-08-27 17:30:49.646 WARN   Polyline: must contain at least 2 different points
2026-08-27 17:30:49.646 WARN   Polyline: must contain at least 2 different points
2026-08-27 17:30:49.647 WARN   Polyline: must contain at least 2 different points
2026-08-27 17:30:49.647 WARN   Polyline: must contain at least 2 different points
2026-08-27 17:30:49.647 WARN   Polyline: must contain at least 2 different points
2026-08-27 17:30:49.647 WARN   Polyline: must contain at least 2 different points
2026-08-27 17:30:49.648 WARN   Polyline: must contain at least 2 different points
2026-08-27 17:30:49.648 WARN   Polyline: must contain at least 2 different points
2026-08-27 17:30:49.648 WARN   Polyline: must contain at least 2 different points
2026-08-27 17:30:49.648 WARN   Polyline: must contain at least 2 different points
2026-08-27 17:30:49.649 WARN   Polyline: must contain at least 2 different points
2026-08-27 17:30:49.649 WARN   Polyline: must contain at least 2 different points
2026-08-27 17:30:49.649 WARN   Polyline: must contain at least 2 different points
2026-08-27 17:30:49.649 WARN   Polyline: must contain at least 2 different points
2026-08-27 17:30:49.650 WARN   Polyline: must contain at least 2 different points
2026-08-27 17:30:49.650 WARN   Polyline: must contain at least 2 different points
2026-08-27 17:30:49.650 WARN   Polyline: must contain at least 2 different points
2026-08-27 17:30:49.651 WARN   Polyline: must contain at least 2 different points
2026-08-27 17:30:49.651 WARN   Polyline: must contain at least 2 different points
2026-08-27 17:30:49.651 WARN   Polyline: must contain at least 2 different points
2026-08-27 17:30:49.651 WARN   Polyline: must contain at least 2 different points
2026-08-27 17:30:49.652 WARN   Polyline: must contain at least 2 different points
2026-08-27 17:30:49.652 WARN   Polyline: must contain at least 2 different points
2026-08-27 17:30:49.652 WARN   Polyline: must contain at least 2 different points
2026-08-27 17:30:49.652 WARN   Polyline: must contain at least 2 different points
2026-08-27 17:30:49.653 WARN   Polyline: must contain at least 2 different points
2026-08-27 17:30:49.653 WARN   Polyline: must contain at least 2 different points
2026-08-27 17:30:49.653 WARN   Polyline: must contain at least 2 different points
2026-08-27 17:30:49.653 WARN   Polyline: must contain at least 2 different points
2026-08-27 17:30:49.654 WARN   Polyline: must contain at least 2 different points
2026-08-27 17:30:49.654 WARN   Polyline: must contain at least 2 different points
2026-08-27 17:30:49.654 WARN   Polyline: must contain at least 2 different points
2026-08-27 17:30:49.655 WARN   Polyline: must contain at least 2 different points
2026-08-27 17:30:49.655 WARN   Polyline: must contain at least 2 different points
2026-08-27 17:30:49.655 WARN   Polyline: must contain at least 2 different points
2026-08-27 17:30:49.656 WARN   Polyline: must contain at least 2 different points
2026-08-27 17:30:49.656 WARN   Polyline: must contain at least 2 different points
2026-08-27 17:30:49.656 WARN   Polyline: must contain at least 2 different points
2026-08-27 17:30:49.656 WARN   Polyline: must contain at least 2 different points
2026-08-27 17:30:49.657 WARN   Polyline: must contain at least 2 different points
2026-08-27 17:30:49.657 WARN   Polyline: must contain at least 2 different points
2026-08-27 17:30:49.657 WARN   Polyline: must contain at least 2 different points
2026-08-27 17:30:49.657 WARN   Polyline: must contain at least 2 different points
2026-08-27 17:30:49.658 WARN   Polyline: must contain at least 2 different points
2026-08-27 17:30:49.658 WARN   Polyline: must contain at least 2 different points
2026-08-27 17:30:49.658 WARN   Polyline: must contain at least 2 different points
2026-08-27 17:30:49.658 WARN   Polyline: must contain at least 2 different points
2026-08-27 17:30:49.659 WARN   Polyline: must contain at least 2 different points
2026-08-27 17:30:49.659 WARN   Polyline: must contain at least 2 different points
2026-08-27 17:30:49.659 WARN   Polyline: must contain at least 2 different points
2026-08-27 17:30:49.659 WARN   Polyline: must contain at least 2 different points
2026-08-27 17:30:49.660 WARN   Polyline: must contain at least 2 different points
2026-08-27 17:30:49.660 WARN   Polyline: must contain at least 2 different points
2026-08-27 17:30:49.660 WARN   Polyline: must contain at least 2 different points
2026-08-27 17:30:49.660 WARN   Polyline: must contain at least 2 different points
2026-08-27 17:30:49.661 WARN   Polyline: must contain at least 2 different points
2026-08-27 17:30:49.661 WARN   Polyline: must contain at least 2 different points
2026-08-27 17:30:49.661 WARN   Polyline: must contain at least 2 different points
2026-08-27 17:30:49.661 WARN   Polyline: must contain at least 2 different points
2026-08-27 17:30:49.662 WARN   Polyline: must contain at least 2 different points
2026-08-27 17:30:49.662 WARN   Polyline: must contain at least 2 different points
2026-08-27 17:30:49.662 WARN   Polyline: must contain at least 2 different points
2026-08-27 17:30:49.662 WARN   Polyline: must contain at least 2 different points
2026-08-27 17:30:49.663 WARN   Polyline: must contain at least 2 different points
2026-08-27 17:30:49.663 WARN   Polyline: must contain at least 2 different points
2026-08-27 17:30:49.663 WARN   Polyline: must contain at least 2 different points
2026-08-27 17:30:49.663 WARN   Polyline: must contain at least 2 different points
2026-08-27 17:30:49.664 WARN   Polyline: must contain at least 2 different points
2026-08-27 17:30:49.664 WARN   Polyline: must contain at least 2 different points
2026-08-27 17:30:49.664 WARN   Polyline: must contain at least 2 different points
2026-08-27 17:30:49.664 WARN   Polyline: must contain at least 2 different points
2026-08-27 17:30:49.665 WARN   Polyline: must contain at least 2 different points
2026-08-27 17:30:49.665 WARN   Polyline: must contain at least 2 different points
2026-08-27 17:30:49.665 WARN   Polyline: must contain at least 2 different points
2026-08-27 17:30:49.665 WARN   Polyline: must contain at least 2 different points
2026-08-27 17:30:49.665 WARN   Polyline: must contain at least 2 different points
2026-08-27 17:30:49.666 WARN   Polyline: must contain at least 2 different points
2026-08-27 17:30:49.666 WARN   Polyline: must contain at least 2 different points
2026-08-27 17:30:49.666 WARN   Polyline: must contain at least 2 different points
2026-08-27 17:30:49.666 WARN   Polyline: must contain at least 2 different points
2026-08-27 17:30:49.667 WARN   Polyline: must contain at least 2 different points
2026-08-27 17:30:49.667 WARN   Polyline: must contain at least 2 different points
2026-08-27 17:30:49.667 WARN   Polyline: must contain at least 2 different points
2026-08-27 17:30:49.667 WARN   Polyline: must contain at least 2 different points
2026-08-27 17:30:49.668 WARN   Polyline: must contain at least 2 different points
2026-08-27 17:30:49.668 WARN   Polyline: must contain at least 2 different points
2026-08-27 17:30:49.668 WARN   Polyline: must contain at least 2 different points
2026-08-27 17:30:49.668 WARN   Polyline: must contain at least 2 different points
2026-08-27 17:30:49.668 WARN   Polyline: must contain at least 2 different points
2026-08-27 17:30:49.669 WARN   Polyline: must contain at least 2 different points
2026-08-27 17:30:49.669 WARN   Polyline: must contain at least 2 different points
2026-08-27 17:30:49.669 WARN   Polyline: must contain at least 2 different points
2026-08-27 17:30:49.670 WARN   Polyline: must contain at least 2 different points
2026-08-27 17:30:49.670 WARN   Polyline: must contain at least 2 different points
2026-08-27 17:30:49.670 WARN   Polyline: must contain at least 2 different points
2026-08-27 17:30:49.670 WARN   Polyline: must contain at least 2 different points
2026-08-27 17:30:49.671 WARN   Polyline: must contain at least 2 different points
2026-08-27 17:30:49.671 WARN   Polyline: must contain at least 2 different points
2026-08-27 17:30:49.671 WARN   Polyline: must contain at least 2 different points
2026-08-27 17:30:49.672 WARN   Polyline: must contain at least 2 different points
2026-08-27 17:30:49.672 WARN   Polyline: must contain at least 2 different points
2026-08-27 17:30:49.672 WARN   Polyline: must contain at least 2 different points
2026-08-27 17:30:49.672 WARN   Polyline: must contain at least 2 different points
2026-08-27 17:30:49.673 WARN   Polyline: must contain at least 2 different points
2026-08-27 17:30:49.673 WARN   Polyline: must contain at least 2 different points
2026-08-27 17:30:49.673 WARN   Polyline: must contain at least 2 different points
2026-08-27 17:30:49.674 WARN   Polyline: must contain at least 2 different points
2026-08-27 17:30:49.674 WARN   Polyline: must contain at least 2 different points
2026-08-27 17:30:49.674 WARN   Polyline: must contain at least 2 different points
2026-08-27 17:30:49.674 WARN   Polyline: must contain at least 2 different points
2026-08-27 17:30:49.675 WARN   Polyline: must contain at least 2 different points
2026-08-27 17:30:49.675 WARN   Polyline: must contain at least 2 different points
2026-08-27 17:30:49.675 WARN   Polyline: must contain at least 2 different points
2026-08-27 17:30:49.675 WARN   Polyline: must contain at least 2 different points
2026-08-27 17:30:49.676 WARN   Polyline: must contain at least 2 different points
2026-08-27 17:30:49.676 WARN   Polyline: must contain at least 2 different points
2026-08-27 17:30:49.676 WARN   Polyline: must contain at least 2 different points
2026-08-27 17:30:49.676 WARN   Polyline: must contain at least 2 different points
2026-08-27 17:30:49.677 WARN   Polyline: must contain at least 2 different points
2026-08-27 17:30:49.677 WARN   Polyline: must contain at least 2 different points
2026-08-27 17:30:49.677 WARN   Polyline: must contain at least 2 different points
2026-08-27 17:30:49.677 WARN   Polyline: must contain at least 2 different points
2026-08-27 17:30:49.678 WARN   Polyline: must contain at least 2 different points
2026-08-27 17:30:49.678 WARN   Polyline: must contain at least 2 different points
2026-08-27 17:30:49.678 WARN   Polyline: must contain at least 2 different points
2026-08-27 17:30:49.678 WARN   Polyline: must contain at least 2 different points
2026-08-27 17:30:49.679 WARN   Polyline: must contain at least 2 different points
2026-08-27 17:30:49.679 WARN   Polyline: must contain at least 2 different points
2026-08-27 17:30:49.679 WARN   Polyline: must contain at least 2 different points
2026-08-27 17:30:49.680 WARN   Polyline: must contain at least 2 different points
2026-08-27 17:30:49.680 WARN   Polyline: must contain at least 2 different points
2026-08-27 17:30:49.680 WARN   Polyline: must contain at least 2 different points
2026-08-27 17:30:49.681 WARN   Polyline: must contain at least 2 different points
2026-08-27 17:30:49.681 WARN   Polyline: must contain at least 2 different points
2026-08-27 17:30:49.681 WARN   Polyline: must contain at least 2 different points
2026-08-27 17:30:49.682 WARN   Polyline: must contain at least 2 different points
2026-08-27 17:30:49.682 WARN   Polyline: must contain at least 2 different points
2026-08-27 17:30:49.682 WARN   Polyline: must contain at least 2 different points
2026-08-27 17:30:49.682 WARN   Polyline: must contain at least 2 different points
2026-08-27 17:30:49.683 WARN   Polyline: must contain at least 2 different points
2026-08-27 17:30:49.683 WARN   Polyline: must contain at least 2 different points
2026-08-27 17:30:49.683 WARN   Polyline: must contain at least 2 different points
2026-08-27 17:30:49.684 WARN   Polyline: must contain at least 2 different points
2026-08-27 17:30:49.684 WARN   Polyline: must contain at least 2 different points
2026-08-27 17:30:49.684 WARN   Polyline: must contain at least 2 different points
2026-08-27 17:30:49.684 WARN   Polyline: must contain at least 2 different points
2026-08-27 17:30:49.685 WARN   Polyline: must contain at least 2 different points
2026-08-27 17:30:49.685 WARN   Polyline: must contain at least 2 different points
2026-08-27 17:30:49.685 WARN   Polyline: must contain at least 2 different points
2026-08-27 17:30:49.685 WARN   Polyline: must contain at least 2 different points
2026-08-27 17:30:49.686 WARN   Polyline: must contain at least 2 different points
2026-08-27 17:30:49.686 WARN   Polyline: must contain at least 2 different points
2026-08-27 17:30:49.686 WARN   Polyline: must contain at least 2 different points
2026-08-27 17:30:49.686 WARN   Polyline: must contain at least 2 different points
2026-08-27 17:30:49.687 WARN   Polyline: must contain at least 2 different points
2026-08-27 17:30:49.687 WARN   Polyline: must contain at least 2 different points
2026-08-27 17:30:49.687 WARN   Polyline: must contain at least 2 different points
2026-08-27 17:30:49.688 WARN   Polyline: must contain at least 2 different points
2026-08-27 17:30:49.688 WARN   Polyline: must contain at least 2 different points
2026-08-27 17:30:49.688 WARN   Polyline: must contain at least 2 different points
2026-08-27 17:30:49.688 WARN   Polyline: must contain at least 2 different points
2026-08-27 17:30:49.688 WARN   Polyline: must contain at least 2 different points
2026-08-27 17:30:49.689 WARN   Polyline: must contain at least 2 different points
2026-08-27 17:30:49.689 WARN   Polyline: must contain at least 2 different points
2026-08-27 17:30:49.689 WARN   Polyline: must contain at least 2 different points
2026-08-27 17:30:49.689 WARN   Polyline: must contain at least 2 different points
2026-08-27 17:30:49.689 WARN   Polyline: must contain at least 2 different points
2026-08-27 17:30:49.689 WARN   Polyline: must contain at least 2 different points
2026-08-27 17:30:49.690 WARN   Polyline: must contain at least 2 different points
2026-08-27 17:30:49.690 WARN   Polyline: must contain at least 2 different points
2026-08-27 17:30:49.690 WARN   Polyline: must contain at least 2 different points
2026-08-27 17:30:49.690 WARN   Polyline: must contain at least 2 different points
2026-08-27 17:30:49.690 WARN   Polyline: must contain at least 2 different points
2026-08-27 17:30:49.690 WARN   Polyline: must contain at least 2 different points
2026-08-27 17:30:49.691 WARN   Polyline: must contain at least 2 different points
2026-08-27 17:30:49.691 WARN   Polyline: must contain at least 2 different points
2026-08-27 17:30:49.691 WARN   Polyline: must contain at least 2 different points
2026-08-27 17:30:49.691 WARN   Polyline: must contain at least 2 different points
2026-08-27 17:30:49.691 WARN   Polyline: must contain at least 2 different points
2026-08-27 17:30:49.691 WARN   Polyline: must contain at least 2 different points
2026-08-27 17:30:49.692 WARN   Polyline: must contain at least 2 different points
2026-08-27 17:30:49.692 WARN   Polyline: must contain at least 2 different points
2026-08-27 17:30:49.692 WARN   Polyline: must contain at least 2 different points
2026-08-27 17:30:49.692 WARN   Polyline: must contain at least 2 different points
2026-08-27 17:30:49.692 WARN   Polyline: must contain at least 2 different points
2026-08-27 17:30:49.692 WARN   Polyline: must contain at least 2 different points
2026-08-27 17:30:49.693 WARN   Polyline: must contain at least 2 different points
2026-08-27 17:30:49.693 WARN   Polyline: must contain at least 2 different points
2026-08-27 17:30:49.693 WARN   Polyline: must contain at least 2 different points
2026-08-27 17:30:49.693 WARN   Polyline: must contain at least 2 different points
2026-08-27 17:30:49.693 WARN   Polyline: must contain at least 2 different points
2026-08-27 17:30:49.693 WARN   Polyline: must contain at least 2 different points
2026-08-27 17:30:49.694 WARN   Polyline: must contain at least 2 different points
2026-08-27 17:30:49.694 WARN   Polyline: must contain at least 2 different points
2026-08-27 17:30:49.694 WARN   Polyline: must contain at least 2 different points
2026-08-27 17:30:49.694 WARN   Polyline: must contain at least 2 different points
2026-08-27 17:30:49.695 WARN   Polyline: must contain at least 2 different points
2026-08-27 17:30:49.695 WARN   Polyline: must contain at least 2 different points
2026-08-27 17:30:49.695 WARN   Polyline: must contain at least 2 different points
2026-08-27 17:30:49.695 WARN   Polyline: must contain at least 2 different points
2026-08-27 17:30:49.695 WARN   Polyline: must contain at least 2 different points
2026-08-27 17:30:49.696 WARN   Polyline: must contain at least 2 different points
2026-08-27 17:30:49.696 WARN   Polyline: must contain at least 2 different points
2026-08-27 17:30:49.696 WARN   Polyline: must contain at least 2 different points
2026-08-27 17:30:49.696 WARN   Polyline: must contain at least 2 different points
2026-08-27 17:30:49.696 WARN   Polyline: must contain at least 2 different points
2026-08-27 17:30:49.696 WARN   Polyline: must contain at least 2 different points
2026-08-27 17:30:49.697 WARN   Polyline: must contain at least 2 different points
2026-08-27 17:30:49.697 WARN   Polyline: must contain at least 2 different points
2026-08-27 17:30:49.697 WARN   Polyline: must contain at least 2 different points
2026-08-27 17:30:49.697 WARN   Polyline: must contain at least 2 different points
2026-08-27 17:30:49.697 WARN   Polyline: must contain at least 2 different points
2026-08-27 17:30:49.697 WARN   Polyline: must contain at least 2 different points
2026-08-27 17:30:49.698 WARN   Polyline: must contain at least 2 different points
2026-08-27 17:30:49.698 WARN   Polyline: must contain at least 2 different points
2026-08-27 17:30:49.698 WARN   Polyline: must contain at least 2 different points
2026-08-27 17:30:49.698 WARN   Polyline: must contain at least 2 different points
2026-08-27 17:30:49.698 WARN   Polyline: must contain at least 2 different points
2026-08-27 17:30:49.698 WARN   Polyline: must contain at least 2 different points
2026-08-27 17:30:49.699 WARN   Polyline: must contain at least 2 different points
2026-08-27 17:30:49.699 WARN   Polyline: must contain at least 2 different points
2026-08-27 17:30:49.699 WARN   Polyline: must contain at least 2 different points
2026-08-27 17:30:49.699 WARN   Polyline: must contain at least 2 different points
2026-08-27 17:30:49.699 WARN   Polyline: must contain at least 2 different points
2026-08-27 17:30:49.699 WARN   Polyline: must contain at least 2 different points
2026-08-27 17:30:49.700 WARN   Polyline: must contain at least 2 different points
2026-08-27 17:30:49.700 WARN   Polyline: must contain at least 2 different points
2026-08-27 17:30:49.700 WARN   Polyline: must contain at least 2 different points
2026-08-27 17:30:49.700 WARN   Polyline: must contain at least 2 different points
2026-08-27 17:30:49.700 WARN   Polyline: must contain at least 2 different points
2026-08-27 17:30:49.700 WARN   Polyline: must contain at least 2 different points
2026-08-27 17:30:49.701 WARN   Polyline: must contain at least 2 different points
2026-08-27 17:30:49.701 WARN   Polyline: must contain at least 2 different points
2026-08-27 17:30:49.701 WARN   Polyline: must contain at least 2 different points
2026-08-27 17:30:49.701 WARN   Polyline: must contain at least 2 different points
2026-08-27 17:30:49.701 WARN   Polyline: must contain at least 2 different points
2026-08-27 17:30:49.702 WARN   Polyline: must contain at least 2 different points
2026-08-27 17:30:49.702 WARN   Polyline: must contain at least 2 different points
2026-08-27 17:30:49.702 WARN   Polyline: must contain at least 2 different points
2026-08-27 17:30:49.702 WARN   Polyline: must contain at least 2 different points
2026-08-27 17:30:49.702 WARN   Polyline: must contain at least 2 different points
2026-08-27 17:30:49.702 WARN   Polyline: must contain at least 2 different points
2026-08-27 17:30:49.703 WARN   Polyline: must contain at least 2 different points
2026-08-27 17:30:49.703 WARN   Polyline: must contain at least 2 different points
2026-08-27 17:30:49.703 WARN   Polyline: must contain at least 2 different points
2026-08-27 17:30:49.703 WARN   Polyline: must contain at least 2 different points
2026-08-27 17:30:49.703 WARN   Polyline: must contain at least 2 different points
2026-08-27 17:30:49.703 WARN   Polyline: must contain at least 2 different points
2026-08-27 17:30:49.704 WARN   Polyline: must contain at least 2 different points
2026-08-27 17:30:49.704 WARN   Polyline: must contain at least 2 different points
2026-08-27 17:30:49.704 WARN   Polyline: must contain at least 2 different points
2026-08-27 17:30:49.704 WARN   Polyline: must contain at least 2 different points
2026-08-27 17:30:49.704 WARN   Polyline: must contain at least 2 different points
2026-08-27 17:30:49.704 WARN   Polyline: must contain at least 2 different points
2026-08-27 17:30:49.705 WARN   Polyline: must contain at least 2 different points
2026-08-27 17:30:49.705 WARN   Polyline: must contain at least 2 different points
2026-08-27 17:30:49.705 WARN   Polyline: must contain at least 2 different points
2026-08-27 17:30:49.705 WARN   Polyline: must contain at least 2 different points
2026-08-27 17:30:49.705 WARN   Polyline: must contain at least 2 different points
2026-08-27 17:30:49.706 WARN   Polyline: must contain at least 2 different points
2026-08-27 17:30:49.706 WARN   Polyline: must contain at least 2 different points
2026-08-27 17:30:49.706 WARN   Polyline: must contain at least 2 different points
2026-08-27 17:30:49.706 WARN   Polyline: must contain at least 2 different points
2026-08-27 17:30:49.706 WARN   Polyline: must contain at least 2 different points
2026-08-27 17:30:49.706 WARN   Polyline: must contain at least 2 different points
2026-08-27 17:30:49.707 WARN   Polyline: must contain at least 2 different points
2026-08-27 17:30:49.707 WARN   Polyline: must contain at least 2 different points
2026-08-27 17:30:49.707 WARN   Polyline: must contain at least 2 different points
2026-08-27 17:30:49.707 WARN   Polyline: must contain at least 2 different points
2026-08-27 17:30:49.707 WARN   Polyline: must contain at least 2 different points
2026-08-27 17:30:49.707 WARN   Polyline: must contain at least 2 different points
2026-08-27 17:30:49.708 WARN   Polyline: must contain at least 2 different points
2026-08-27 17:30:49.708 WARN   Polyline: must contain at least 2 different points
2026-08-27 17:30:49.708 WARN   Polyline: must contain at least 2 different points
2026-08-27 17:30:49.708 WARN   Polyline: must contain at least 2 different points
2026-08-27 17:30:49.708 WARN   Polyline: must contain at least 2 different points
2026-08-27 17:30:49.709 WARN   Polyline: must contain at least 2 different points
2026-08-27 17:30:49.709 WARN   Polyline: must contain at least 2 different points
2026-08-27 17:30:49.709 WARN   Polyline: must contain at least 2 different points
2026-08-27 17:30:49.709 WARN   Polyline: must contain at least 2 different points
2026-08-27 17:30:49.709 WARN   Polyline: must contain at least 2 different points
2026-08-27 17:30:49.710 WARN   Polyline: must contain at least 2 different points
2026-08-27 17:30:49.710 WARN   Polyline: must contain at least 2 different points
2026-08-27 17:30:49.710 WARN   Polyline: must contain at least 2 different points
2026-08-27 17:30:49.710 WARN   Polyline: must contain at least 2 different points
2026-08-27 17:30:49.710 WARN   Polyline: must contain at least 2 different points
2026-08-27 17:30:49.710 WARN   Polyline: must contain at least 2 different points
2026-08-27 17:30:49.710 WARN   Polyline: must contain at least 2 different points
2026-08-27 17:30:49.711 WARN   Polyline: must contain at least 2 different points
2026-08-27 17:30:49.711 WARN   Polyline: must contain at least 2 different points
2026-08-27 17:30:49.711 WARN   Polyline: must contain at least 2 different points
2026-08-27 17:30:49.711 WARN   Polyline: must contain at least 2 different points
2026-08-27 17:30:49.711 WARN   Polyline: must contain at least 2 different points
2026-08-27 17:30:49.711 WARN   Polyline: must contain at least 2 different points
2026-08-27 17:30:49.712 WARN   Polyline: must contain at least 2 different points
2026-08-27 17:30:49.712 WARN   Polyline: must contain at least 2 different points
2026-08-27 17:30:49.712 WARN   Polyline: must contain at least 2 different points
2026-08-27 17:30:49.712 WARN   Polyline: must contain at least 2 different points
2026-08-27 17:30:49.712 WARN   Polyline: must contain at least 2 different points
2026-08-27 17:30:49.712 WARN   Polyline: must contain at least 2 different points
2026-08-27 17:30:49.713 WARN   Polyline: must contain at least 2 different points
2026-08-27 17:30:49.713 WARN   Polyline: must contain at least 2 different points
2026-08-27 17:30:49.713 WARN   Polyline: must contain at least 2 different points
2026-08-27 17:30:49.713 WARN   Polyline: must contain at least 2 different points
2026-08-27 17:30:49.713 WARN   Polyline: must contain at least 2 different points
2026-08-27 17:30:49.713 WARN   Polyline: must contain at least 2 different points
2026-08-27 17:30:49.714 WARN   Polyline: must contain at least 2 different points
2026-08-27 17:30:49.714 WARN   Polyline: must contain at least 2 different points
2026-08-27 17:30:49.714 WARN   Polyline: must contain at least 2 different points
2026-08-27 17:30:49.714 WARN   Polyline: must contain at least 2 different points
2026-08-27 17:30:49.714 WARN   Polyline: must contain at least 2 different points
2026-08-27 17:30:49.714 WARN   Polyline: must contain at least 2 different points
2026-08-27 17:30:49.715 WARN   Polyline: must contain at least 2 different points
2026-08-27 17:30:49.715 WARN   Polyline: must contain at least 2 different points
2026-08-27 17:30:49.715 WARN   Polyline: must contain at least 2 different points
2026-08-27 17:30:49.715 WARN   Polyline: must contain at least 2 different points
2026-08-27 17:30:49.715 WARN   Polyline: must contain at least 2 different points
2026-08-27 17:30:49.715 WARN   Polyline: must contain at least 2 different points
2026-08-27 17:30:49.716 WARN   Polyline: must contain at least 2 different points
2026-08-27 17:30:49.716 WARN   Polyline: must contain at least 2 different points
2026-08-27 17:30:49.716 WARN   Polyline: must contain at least 2 different points
2026-08-27 17:30:49.716 WARN   Polyline: must contain at least 2 different points
2026-08-27 17:30:49.716 WARN   Polyline: must contain at least 2 different points
2026-08-27 17:30:49.716 WARN   Polyline: must contain at least 2 different points
2026-08-27 17:30:49.716 WARN   Polyline: must contain at least 2 different points
2026-08-27 17:30:49.717 WARN   Polyline: must contain at least 2 different points
2026-08-27 17:30:49.717 WARN   Polyline: must contain at least 2 different points
2026-08-27 17:30:49.717 WARN   Polyline: must contain at least 2 different points
2026-08-27 17:30:49.717 WARN   Polyline: must contain at least 2 different points
2026-08-27 17:30:49.717 WARN   Polyline: must contain at least 2 different points
2026-08-27 17:30:49.717 WARN   Polyline: must contain at least 2 different points
2026-08-27 17:30:49.718 WARN   Polyline: must contain at least 2 different points
2026-08-27 17:30:49.718 WARN   Polyline: must contain at least 2 different points
2026-08-27 17:30:49.718 WARN   Polyline: must contain at least 2 different points
2026-08-27 17:30:49.718 WARN   Polyline: must contain at least 2 different points
2026-08-27 17:30:49.718 WARN   Polyline: must contain at least 2 different points
2026-08-27 17:30:49.718 WARN   Polyline: must contain at least 2 different points
2026-08-27 17:30:49.719 WARN   Polyline: must contain at least 2 different points
2026-08-27 17:30:49.719 WARN   Polyline: must contain at least 2 different points
2026-08-27 17:30:49.719 WARN   Polyline: must contain at least 2 different points
2026-08-27 17:30:49.719 WARN   Polyline: must contain at least 2 different points
2026-08-27 17:30:49.719 WARN   Polyline: must contain at least 2 different points
2026-08-27 17:30:49.719 WARN   Polyline: must contain at least 2 different points
2026-08-27 17:30:49.719 WARN   Polyline: must contain at least 2 different points
2026-08-27 17:30:49.720 WARN   Polyline: must contain at least 2 different points
2026-08-27 17:30:49.720 WARN   Polyline: must contain at least 2 different points
2026-08-27 17:30:49.720 WARN   Polyline: must contain at least 2 different points
2026-08-27 17:30:49.720 WARN   Polyline: must contain at least 2 different points
2026-08-27 17:30:49.720 WARN   Polyline: must contain at least 2 different points
2026-08-27 17:30:49.720 WARN   Polyline: must contain at least 2 different points
2026-08-27 17:30:49.721 WARN   Polyline: must contain at least 2 different points
2026-08-27 17:30:49.721 WARN   Polyline: must contain at least 2 different points
2026-08-27 17:30:49.721 WARN   Polyline: must contain at least 2 different points
2026-08-27 17:30:49.721 WARN   Polyline: must contain at least 2 different points
2026-08-27 17:30:49.721 WARN   Polyline: must contain at least 2 different points
2026-08-27 17:30:49.721 WARN   Polyline: must contain at least 2 different points
2026-08-27 17:30:49.722 WARN   Polyline: must contain at least 2 different points
2026-08-27 17:30:49.722 WARN   Polyline: must contain at least 2 different points
2026-08-27 17:30:49.722 WARN   Polyline: must contain at least 2 different points
2026-08-27 17:30:49.722 WARN   Polyline: must contain at least 2 different points
2026-08-27 17:30:49.722 WARN   Polyline: must contain at least 2 different points
2026-08-27 17:30:49.722 WARN   Polyline: must contain at least 2 different points
2026-08-27 17:30:49.722 WARN   Polyline: must contain at least 2 different points
2026-08-27 17:30:49.723 WARN   Polyline: must contain at least 2 different points
2026-08-27 17:30:49.723 WARN   Polyline: must contain at least 2 different points
2026-08-27 17:30:49.723 WARN   Polyline: must contain at least 2 different points
2026-08-27 17:30:49.723 WARN   Polyline: must contain at least 2 different points
2026-08-27 17:30:49.723 WARN   Polyline: must contain at least 2 different points
2026-08-27 17:30:49.723 WARN   Polyline: must contain at least 2 different points
2026-08-27 17:30:49.724 WARN   Polyline: must contain at least 2 different points
2026-08-27 17:30:49.724 WARN   Polyline: must contain at least 2 different points
2026-08-27 17:30:49.724 WARN   Polyline: must contain at least 2 different points
2026-08-27 17:30:49.724 WARN   Polyline: must contain at least 2 different points
2026-08-27 17:30:49.724 WARN   Polyline: must contain at least 2 different points
2026-08-27 17:30:49.725 WARN   Polyline: must contain at least 2 different points
2026-08-27 17:30:49.725 WARN   Polyline: must contain at least 2 different points
2026-08-27 17:30:49.725 WARN   Polyline: must contain at least 2 different points
2026-08-27 17:30:49.725 WARN   Polyline: must contain at least 2 different points
2026-08-27 17:30:49.725 WARN   Polyline: must contain at least 2 different points
2026-08-27 17:30:49.725 WARN   Polyline: must contain at least 2 different points
2026-08-27 17:30:49.726 WARN   Polyline: must contain at least 2 different points
2026-08-27 17:30:49.726 WARN   Polyline: must contain at least 2 different points
2026-08-27 17:30:49.726 WARN   Polyline: must contain at least 2 different points
2026-08-27 17:30:49.726 WARN   Polyline: must contain at least 2 different points
2026-08-27 17:30:49.726 WARN   Polyline: must contain at least 2 different points
2026-08-27 17:30:49.727 WARN   Polyline: must contain at least 2 different points
2026-08-27 17:30:49.727 WARN   Polyline: must contain at least 2 different points
2026-08-27 17:30:49.727 WARN   Polyline: must contain at least 2 different points
2026-08-27 17:30:49.727 WARN   Polyline: must contain at least 2 different points
2026-08-27 17:30:49.727 WARN   Polyline: must contain at least 2 different points
2026-08-27 17:30:49.728 WARN   Polyline: must contain at least 2 different points
2026-08-27 17:30:49.728 WARN   Polyline: must contain at least 2 different points
2026-08-27 17:30:49.728 WARN   Polyline: must contain at least 2 different points
2026-08-27 17:30:49.728 WARN   Polyline: must contain at least 2 different points
2026-08-27 17:30:49.728 WARN   Polyline: must contain at least 2 different points
2026-08-27 17:30:49.728 WARN   Polyline: must contain at least 2 different points
2026-08-27 17:30:49.729 WARN   Polyline: must contain at least 2 different points
2026-08-27 17:30:49.729 WARN   Polyline: must contain at least 2 different points
2026-08-27 17:30:49.729 WARN   Polyline: must contain at least 2 different points
2026-08-27 17:30:49.729 WARN   Polyline: must contain at least 2 different points
2026-08-27 17:30:49.729 WARN   Polyline: must contain at least 2 different points
2026-08-27 17:30:49.729 WARN   Polyline: must contain at least 2 different points
2026-08-27 17:30:49.729 WARN   Polyline: must contain at least 2 different points
2026-08-27 17:30:49.730 WARN   Polyline: must contain at least 2 different points
2026-08-27 17:30:49.730 WARN   Polyline: must contain at least 2 different points
2026-08-27 17:30:49.730 WARN   Polyline: must contain at least 2 different points
2026-08-27 17:30:49.730 WARN   Polyline: must contain at least 2 different points
2026-08-27 17:30:49.730 WARN   Polyline: must contain at least 2 different points
2026-08-27 17:30:49.730 WARN   Polyline: must contain at least 2 different points
2026-08-27 17:30:49.731 WARN   Polyline: must contain at least 2 different points
2026-08-27 17:30:49.731 WARN   Polyline: must contain at least 2 different points
2026-08-27 17:30:49.731 WARN   Polyline: must contain at least 2 different points
2026-08-27 17:30:49.732 WARN   Polyline: must contain at least 2 different points
2026-08-27 17:30:49.732 WARN   Polyline: must contain at least 2 different points
2026-08-27 17:30:49.732 WARN   Polyline: must contain at least 2 different points
2026-08-27 17:30:49.732 WARN   Polyline: must contain at least 2 different points
2026-08-27 17:30:49.732 WARN   Polyline: must contain at least 2 different points
2026-08-27 17:30:49.733 WARN   Polyline: must contain at least 2 different points
2026-08-27 17:30:49.733 WARN   Polyline: must contain at least 2 different points
2026-08-27 17:30:49.733 WARN   Polyline: must contain at least 2 different points
2026-08-27 17:30:49.733 WARN   Polyline: must contain at least 2 different points
2026-08-27 17:30:49.733 WARN   Polyline: must contain at least 2 different points
2026-08-27 17:30:49.734 WARN   Polyline: must contain at least 2 different points
2026-08-27 17:30:49.734 WARN   Polyline: must contain at least 2 different points
2026-08-27 17:30:49.734 WARN   Polyline: must contain at least 2 different points
2026-08-27 17:30:49.734 WARN   Polyline: must contain at least 2 different points
2026-08-27 17:30:49.734 WARN   Polyline: must contain at least 2 different points
2026-08-27 17:30:49.734 WARN   Polyline: must contain at least 2 different points
2026-08-27 17:30:49.735 WARN   Polyline: must contain at least 2 different points
2026-08-27 17:30:49.735 WARN   Polyline: must contain at least 2 different points
2026-08-27 17:30:49.735 WARN   Polyline: must contain at least 2 different points
2026-08-27 17:30:49.735 WARN   Polyline: must contain at least 2 different points
2026-08-27 17:30:49.735 WARN   Polyline: must contain at least 2 different points
2026-08-27 17:30:49.736 WARN   Polyline: must contain at least 2 different points
2026-08-27 17:30:49.736 WARN   Polyline: must contain at least 2 different points
2026-08-27 17:30:49.736 WARN   Polyline: must contain at least 2 different points
2026-08-27 17:30:49.736 WARN   Polyline: must contain at least 2 different points
2026-08-27 17:30:49.736 WARN   Polyline: must contain at least 2 different points
2026-08-27 17:30:49.736 WARN   Polyline: must contain at least 2 different points
2026-08-27 17:30:49.737 WARN   Polyline: must contain at least 2 different points
2026-08-27 17:30:49.737 WARN   Polyline: must contain at least 2 different points
2026-08-27 17:30:49.737 WARN   Polyline: must contain at least 2 different points
2026-08-27 17:30:49.737 WARN   Polyline: must contain at least 2 different points
2026-08-27 17:30:49.737 WARN   Polyline: must contain at least 2 different points
2026-08-27 17:30:49.738 WARN   Polyline: must contain at least 2 different points
2026-08-27 17:30:49.738 WARN   Polyline: must contain at least 2 different points
2026-08-27 17:30:49.738 WARN   Polyline: must contain at least 2 different points
2026-08-27 17:30:49.738 WARN   Polyline: must contain at least 2 different points
2026-08-27 17:30:49.738 WARN   Polyline: must contain at least 2 different points
2026-08-27 17:30:49.738 WARN   Polyline: must contain at least 2 different points
2026-08-27 17:30:49.739 WARN   Polyline: must contain at least 2 different points
2026-08-27 17:30:49.739 WARN   Polyline: must contain at least 2 different points
2026-08-27 17:30:49.739 WARN   Polyline: must contain at least 2 different points
2026-08-27 17:30:49.739 WARN   Polyline: must contain at least 2 different points
2026-08-27 17:30:49.739 WARN   Polyline: must contain at least 2 different points
2026-08-27 17:30:49.739 WARN   Polyline: must contain at least 2 different points
2026-08-27 17:30:49.740 WARN   Polyline: must contain at least 2 different points
2026-08-27 17:30:49.740 WARN   Polyline: must contain at least 2 different points
2026-08-27 17:30:49.740 WARN   Polyline: must contain at least 2 different points
2026-08-27 17:30:49.740 WARN   Polyline: must contain at least 2 different points
2026-08-27 17:30:49.740 WARN   Polyline: must contain at least 2 different points
2026-08-27 17:30:49.740 WARN   Polyline: must contain at least 2 different points
2026-08-27 17:30:49.741 WARN   Polyline: must contain at least 2 different points
2026-08-27 17:30:49.741 WARN   Polyline: must contain at least 2 different points
2026-08-27 17:30:49.741 WARN   Polyline: must contain at least 2 different points
2026-08-27 17:30:49.741 WARN   Polyline: must contain at least 2 different points
2026-08-27 17:30:49.747 WARN   Polyline: must contain at least 2 different points
2026-08-27 17:30:49.747 WARN   Polyline: must contain at least 2 different points
2026-08-27 17:30:49.747 WARN   Polyline: must contain at least 2 different points
2026-08-27 17:30:49.747 WARN   Polyline: must contain at least 2 different points
2026-08-27 17:30:49.748 WARN   Polyline: must contain at least 2 different points
2026-08-27 17:30:49.748 WARN   Polyline: must contain at least 2 different points
2026-08-27 17:30:49.748 WARN   Polyline: must contain at least 2 different points
2026-08-27 17:30:49.748 WARN   Polyline: must contain at least 2 different points
2026-08-27 17:30:49.748 WARN   Polyline: must contain at least 2 different points
2026-08-27 17:30:49.748 WARN   Polyline: must contain at least 2 different points
2026-08-27 17:30:49.748 WARN   Polyline: must contain at least 2 different points
2026-08-27 17:30:49.749 WARN   Polyline: must contain at least 2 different points
2026-08-27 17:30:49.749 WARN   Polyline: must contain at least 2 different points
2026-08-27 17:30:49.749 WARN   Polyline: must contain at least 2 different points
2026-08-27 17:30:49.749 WARN   Polyline: must contain at least 2 different points
2026-08-27 17:30:49.749 WARN   Polyline: must contain at least 2 different points
2026-08-27 17:30:49.749 WARN   Polyline: must contain at least 2 different points
2026-08-27 17:30:49.749 WARN   Polyline: must contain at least 2 different points
2026-08-27 17:30:49.750 WARN   Polyline: must contain at least 2 different points
2026-08-27 17:30:49.750 WARN   Polyline: must contain at least 2 different points
2026-08-27 17:30:49.750 WARN   Polyline: must contain at least 2 different points
2026-08-27 17:30:49.750 WARN   Polyline: must contain at least 2 different points
2026-08-27 17:30:49.750 WARN   Polyline: must contain at least 2 different points
2026-08-27 17:30:49.750 WARN   Polyline: must contain at least 2 different points
2026-08-27 17:30:49.750 WARN   Polyline: must contain at least 2 different points
2026-08-27 17:30:49.751 WARN   Polyline: must contain at least 2 different points
2026-08-27 17:30:49.751 WARN   Polyline: must contain at least 2 different points
2026-08-27 17:30:49.751 WARN   Polyline: must contain at least 2 different points
2026-08-27 17:30:49.751 WARN   Polyline: must contain at least 2 different points
2026-08-27 17:30:49.751 WARN   Polyline: must contain at least 2 different points
2026-08-27 17:30:49.751 WARN   Polyline: must contain at least 2 different points
2026-08-27 17:30:49.751 WARN   Polyline: must contain at least 2 different points
2026-08-27 17:30:49.752 WARN   Polyline: must contain at least 2 different points
2026-08-27 17:30:49.752 WARN   Polyline: must contain at least 2 different points
2026-08-27 17:30:49.752 WARN   Polyline: must contain at least 2 different points
2026-08-27 17:30:49.752 WARN   Polyline: must contain at least 2 different points
2026-08-27 17:30:49.752 WARN   Polyline: must contain at least 2 different points
2026-08-27 17:30:49.752 WARN   Polyline: must contain at least 2 different points
2026-08-27 17:30:49.753 WARN   Polyline: must contain at least 2 different points
2026-08-27 17:30:49.753 WARN   Polyline: must contain at least 2 different points
2026-08-27 17:30:49.753 WARN   Polyline: must contain at least 2 different points
2026-08-27 17:30:49.753 WARN   Polyline: must contain at least 2 different points
2026-08-27 17:30:49.753 WARN   Polyline: must contain at least 2 different points
2026-08-27 17:30:49.753 WARN   Polyline: must contain at least 2 different points
2026-08-27 17:30:49.754 WARN   Polyline: must contain at least 2 different points
2026-08-27 17:30:49.754 WARN   Polyline: must contain at least 2 different points
2026-08-27 17:30:49.754 WARN   Polyline: must contain at least 2 different points
2026-08-27 17:30:49.754 WARN   Polyline: must contain at least 2 different points
2026-08-27 17:30:49.754 WARN   Polyline: must contain at least 2 different points
2026-08-27 17:30:49.754 WARN   Polyline: must contain at least 2 different points
2026-08-27 17:30:49.755 WARN   Polyline: must contain at least 2 different points
2026-08-27 17:30:49.755 WARN   Polyline: must contain at least 2 different points
2026-08-27 17:30:49.755 WARN   Polyline: must contain at least 2 different points
2026-08-27 17:30:49.755 WARN   Polyline: must contain at least 2 different points
2026-08-27 17:30:49.755 WARN   Polyline: must contain at least 2 different points
2026-08-27 17:30:49.756 WARN   Polyline: must contain at least 2 different points
2026-08-27 17:30:49.756 WARN   Polyline: must contain at least 2 different points
2026-08-27 17:30:49.756 WARN   Polyline: must contain at least 2 different points
2026-08-27 17:30:49.756 WARN   Polyline: must contain at least 2 different points
2026-08-27 17:30:49.756 WARN   Polyline: must contain at least 2 different points
2026-08-27 17:30:49.757 WARN   Polyline: must contain at least 2 different points
2026-08-27 17:30:49.757 WARN   Polyline: must contain at least 2 different points
2026-08-27 17:30:49.757 WARN   Polyline: must contain at least 2 different points
2026-08-27 17:30:49.757 WARN   Polyline: must contain at least 2 different points
2026-08-27 17:30:49.757 WARN   Polyline: must contain at least 2 different points
2026-08-27 17:30:49.757 WARN   Polyline: must contain at least 2 different points
2026-08-27 17:30:49.758 WARN   Polyline: must contain at least 2 different points
2026-08-27 17:30:49.758 WARN   Polyline: must contain at least 2 different points
2026-08-27 17:30:49.758 WARN   Polyline: must contain at least 2 different points
2026-08-27 17:30:49.758 WARN   Polyline: must contain at least 2 different points
2026-08-27 17:30:49.758 WARN   Polyline: must contain at least 2 different points
2026-08-27 17:30:49.758 WARN   Polyline: must contain at least 2 different points
2026-08-27 17:30:49.758 WARN   Polyline: must contain at least 2 different points
2026-08-27 17:30:49.759 WARN   Polyline: must contain at least 2 different points
2026-08-27 17:30:49.759 WARN   Polyline: must contain at least 2 different points
2026-08-27 17:30:49.759 WARN   Polyline: must contain at least 2 different points
2026-08-27 17:30:49.759 WARN   Polyline: must contain at least 2 different points
2026-08-27 17:30:49.759 WARN   Polyline: must contain at least 2 different points
2026-08-27 17:30:49.759 WARN   Polyline: must contain at least 2 different points
2026-08-27 17:30:49.760 WARN   Polyline: must contain at least 2 different points
2026-08-27 17:30:49.760 WARN   Polyline: must contain at least 2 different points
2026-08-27 17:30:49.760 WARN   Polyline: must contain at least 2 different points
2026-08-27 17:30:49.760 WARN   Polyline: must contain at least 2 different points
2026-08-27 17:30:49.760 WARN   Polyline: must contain at least 2 different points
2026-08-27 17:30:49.760 WARN   Polyline: must contain at least 2 different points
2026-08-27 17:30:49.761 WARN   Polyline: must contain at least 2 different points
2026-08-27 17:30:49.761 WARN   Polyline: must contain at least 2 different points
2026-08-27 17:30:49.761 WARN   Polyline: must contain at least 2 different points
2026-08-27 17:30:49.761 WARN   Polyline: must contain at least 2 different points
2026-08-27 17:30:49.761 WARN   Polyline: must contain at least 2 different points
2026-08-27 17:30:49.761 WARN   Polyline: must contain at least 2 different points
2026-08-27 17:30:49.762 WARN   Polyline: must contain at least 2 different points
2026-08-27 17:30:49.762 WARN   Polyline: must contain at least 2 different points
2026-08-27 17:30:49.762 WARN   Polyline: must contain at least 2 different points
2026-08-27 17:30:49.762 WARN   Polyline: must contain at least 2 different points
2026-08-27 17:30:49.762 WARN   Polyline: must contain at least 2 different points
2026-08-27 17:30:49.763 WARN   Polyline: must contain at least 2 different points
2026-08-27 17:30:49.763 WARN   Polyline: must contain at least 2 different points
2026-08-27 17:30:49.763 WARN   Polyline: must contain at least 2 different points
2026-08-27 17:30:49.763 WARN   Polyline: must contain at least 2 different points
2026-08-27 17:30:49.763 WARN   Polyline: must contain at least 2 different points
2026-08-27 17:30:49.764 WARN   Polyline: must contain at least 2 different points
2026-08-27 17:30:49.764 WARN   Polyline: must contain at least 2 different points
2026-08-27 17:30:49.764 WARN   Polyline: must contain at least 2 different points
2026-08-27 17:30:49.764 WARN   Polyline: must contain at least 2 different points
2026-08-27 17:30:49.764 WARN   Polyline: must contain at least 2 different points
2026-08-27 17:30:49.764 WARN   Polyline: must contain at least 2 different points
2026-08-27 17:30:49.765 WARN   Polyline: must contain at least 2 different points
2026-08-27 17:30:49.765 WARN   Polyline: must contain at least 2 different points
2026-08-27 17:30:49.765 WARN   Polyline: must contain at least 2 different points
2026-08-27 17:30:49.765 WARN   Polyline: must contain at least 2 different points
2026-08-27 17:30:49.765 WARN   Polyline: must contain at least 2 different points
2026-08-27 17:30:49.765 WARN   Polyline: must contain at least 2 different points
2026-08-27 17:30:49.766 WARN   Polyline: must contain at least 2 different points
2026-08-27 17:30:49.766 WARN   Polyline: must contain at least 2 different points
2026-08-27 17:30:49.766 WARN   Polyline: must contain at least 2 different points
2026-08-27 17:30:49.766 WARN   Polyline: must contain at least 2 different points
2026-08-27 17:30:49.766 WARN   Polyline: must contain at least 2 different points
2026-08-27 17:30:49.767 WARN   Polyline: must contain at least 2 different points
2026-08-27 17:30:49.767 WARN   Polyline: must contain at least 2 different points
2026-08-27 17:30:49.767 WARN   Polyline: must contain at least 2 different points
2026-08-27 17:30:49.767 WARN   Polyline: must contain at least 2 different points
2026-08-27 17:30:49.767 WARN   Polyline: must contain at least 2 different points
2026-08-27 17:30:49.767 WARN   Polyline: must contain at least 2 different points
2026-08-27 17:30:49.768 WARN   Polyline: must contain at least 2 different points
2026-08-27 17:30:49.768 WARN   Polyline: must contain at least 2 different points
2026-08-27 17:30:49.768 WARN   Polyline: must contain at least 2 different points
2026-08-27 17:30:49.768 WARN   Polyline: must contain at least 2 different points
2026-08-27 17:30:49.768 WARN   Polyline: must contain at least 2 different points
2026-08-27 17:30:49.768 WARN   Polyline: must contain at least 2 different points
2026-08-27 17:30:49.768 WARN   Polyline: must contain at least 2 different points
2026-08-27 17:30:49.769 WARN   Polyline: must contain at least 2 different points
2026-08-27 17:30:49.769 WARN   Polyline: must contain at least 2 different points
2026-08-27 17:30:49.769 WARN   Polyline: must contain at least 2 different points
2026-08-27 17:30:49.769 WARN   Polyline: must contain at least 2 different points
2026-08-27 17:30:49.769 WARN   Polyline: must contain at least 2 different points
2026-08-27 17:30:49.769 WARN   Polyline: must contain at least 2 different points
2026-08-27 17:30:49.770 WARN   Polyline: must contain at least 2 different points
2026-08-27 17:30:49.770 WARN   Polyline: must contain at least 2 different points
2026-08-27 17:30:49.770 WARN   Polyline: must contain at least 2 different points
2026-08-27 17:30:49.770 WARN   Polyline: must contain at least 2 different points
2026-08-27 17:30:49.770 WARN   Polyline: must contain at least 2 different points
2026-08-27 17:30:49.771 WARN   Polyline: must contain at least 2 different points
2026-08-27 17:30:49.771 WARN   Polyline: must contain at least 2 different points
2026-08-27 17:30:49.771 WARN   Polyline: must contain at least 2 different points
2026-08-27 17:30:49.771 WARN   Polyline: must contain at least 2 different points
2026-08-27 17:30:49.771 WARN   Polyline: must contain at least 2 different points
2026-08-27 17:30:49.771 WARN   Polyline: must contain at least 2 different points
2026-08-27 17:30:49.772 WARN   Polyline: must contain at least 2 different points
2026-08-27 17:30:49.772 WARN   Polyline: must contain at least 2 different points
2026-08-27 17:30:49.772 WARN   Polyline: must contain at least 2 different points
2026-08-27 17:30:49.772 WARN   Polyline: must contain at least 2 different points
2026-08-27 17:30:49.772 WARN   Polyline: must contain at least 2 different points
2026-08-27 17:30:49.772 WARN   Polyline: must contain at least 2 different points
2026-08-27 17:30:49.773 WARN   Polyline: must contain at least 2 different points
2026-08-27 17:30:49.773 WARN   Polyline: must contain at least 2 different points
2026-08-27 17:30:49.773 WARN   Polyline: must contain at least 2 different points
2026-08-27 17:30:49.773 WARN   Polyline: must contain at least 2 different points
2026-08-27 17:30:49.773 WARN   Polyline: must contain at least 2 different points
2026-08-27 17:30:49.773 WARN   Polyline: must contain at least 2 different points
2026-08-27 17:30:49.774 WARN   Polyline: must contain at least 2 different points
2026-08-27 17:30:49.775 WARN   Polyline: must contain at least 2 different points
2026-08-27 17:30:49.775 WARN   Polyline: must contain at least 2 different points
2026-08-27 17:30:49.775 WARN   Polyline: must contain at least 2 different points
2026-08-27 17:30:49.775 WARN   Polyline: must contain at least 2 different points
2026-08-27 17:30:49.775 WARN   Polyline: must contain at least 2 different points
2026-08-27 17:30:49.775 WARN   Polyline: must contain at least 2 different points
2026-08-27 17:30:49.776 WARN   Polyline: must contain at least 2 different points
2026-08-27 17:30:49.776 WARN   Polyline: must contain at least 2 different points
2026-08-27 17:30:49.776 WARN   Polyline: must contain at least 2 different points
2026-08-27 17:30:49.776 WARN   Polyline: must contain at least 2 different points
2026-08-27 17:30:49.776 WARN   Polyline: must contain at least 2 different points
2026-08-27 17:30:49.777 WARN   Polyline: must contain at least 2 different points
2026-08-27 17:30:49.777 WARN   Polyline: must contain at least 2 different points
2026-08-27 17:30:49.777 WARN   Polyline: must contain at least 2 different points
2026-08-27 17:30:49.777 WARN   Polyline: must contain at least 2 different points
2026-08-27 17:30:49.777 WARN   Polyline: must contain at least 2 different points
2026-08-27 17:30:49.778 WARN   Polyline: must contain at least 2 different points
2026-08-27 17:30:49.778 WARN   Polyline: must contain at least 2 different points
2026-08-27 17:30:49.778 WARN   Polyline: must contain at least 2 different points
2026-08-27 17:30:49.778 WARN   Polyline: must contain at least 2 different points
2026-08-27 17:30:49.778 WARN   Polyline: must contain at least 2 different points
2026-08-27 17:30:49.779 WARN   Polyline: must contain at least 2 different points
2026-08-27 17:30:49.779 WARN   Polyline: must contain at least 2 different points
2026-08-27 17:30:49.779 WARN   Polyline: must contain at least 2 different points
2026-08-27 17:30:49.779 WARN   Polyline: must contain at least 2 different points
2026-08-27 17:30:49.779 WARN   Polyline: must contain at least 2 different points
2026-08-27 17:30:49.779 WARN   Polyline: must contain at least 2 different points
2026-08-27 17:30:49.780 WARN   Polyline: must contain at least 2 different points
2026-08-27 17:30:49.780 WARN   Polyline: must contain at least 2 different points
2026-08-27 17:30:49.780 WARN   Polyline: must contain at least 2 different points
2026-08-27 17:30:49.780 WARN   Polyline: must contain at least 2 different points
2026-08-27 17:30:49.780 WARN   Polyline: must contain at least 2 different points
2026-08-27 17:30:49.780 WARN   Polyline: must contain at least 2 different points
2026-08-27 17:30:49.781 WARN   Polyline: must contain at least 2 different points
2026-08-27 17:30:49.781 WARN   Polyline: must contain at least 2 different points
2026-08-27 17:30:49.781 WARN   Polyline: must contain at least 2 different points
2026-08-27 17:30:49.781 WARN   Polyline: must contain at least 2 different points
2026-08-27 17:30:49.781 WARN   Polyline: must contain at least 2 different points
2026-08-27 17:30:49.781 WARN   Polyline: must contain at least 2 different points
2026-08-27 17:30:49.782 WARN   Polyline: must contain at least 2 different points
2026-08-27 17:30:49.782 WARN   Polyline: must contain at least 2 different points
2026-08-27 17:30:49.782 WARN   Polyline: must contain at least 2 different points
2026-08-27 17:30:49.782 WARN   Polyline: must contain at least 2 different points
2026-08-27 17:30:49.782 WARN   Polyline: must contain at least 2 different points
2026-08-27 17:30:49.782 WARN   Polyline: must contain at least 2 different points
2026-08-27 17:30:49.783 WARN   Polyline: must contain at least 2 different points
2026-08-27 17:30:49.783 WARN   Polyline: must contain at least 2 different points
2026-08-27 17:30:49.783 WARN   Polyline: must contain at least 2 different points
2026-08-27 17:30:49.783 WARN   Polyline: must contain at least 2 different points
2026-08-27 17:30:49.783 WARN   Polyline: must contain at least 2 different points
2026-08-27 17:30:49.784 WARN   Polyline: must contain at least 2 different points
2026-08-27 17:30:49.785 WARN   Polyline: must contain at least 2 different points
2026-08-27 17:30:49.785 WARN   Polyline: must contain at least 2 different points
2026-08-27 17:30:49.785 WARN   Polyline: must contain at least 2 different points
2026-08-27 17:30:49.785 WARN   Polyline: must contain at least 2 different points
2026-08-27 17:30:49.785 WARN   Polyline: must contain at least 2 different points
2026-08-27 17:30:49.785 WARN   Polyline: must contain at least 2 different points
2026-08-27 17:30:49.786 WARN   Polyline: must contain at least 2 different points
2026-08-27 17:30:49.786 WARN   Polyline: must contain at least 2 different points
2026-08-27 17:30:49.787 WARN   Polyline: must contain at least 2 different points
2026-08-27 17:30:49.787 WARN   Polyline: must contain at least 2 different points
2026-08-27 17:30:49.787 WARN   Polyline: must contain at least 2 different points
2026-08-27 17:30:49.787 WARN   Polyline: must contain at least 2 different points
2026-08-27 17:30:49.787 WARN   Polyline: must contain at least 2 different points
2026-08-27 17:30:49.788 WARN   Polyline: must contain at least 2 different points
2026-08-27 17:30:49.788 WARN   Polyline: must contain at least 2 different points
2026-08-27 17:30:49.788 WARN   Polyline: must contain at least 2 different points
2026-08-27 17:30:49.788 WARN   Polyline: must contain at least 2 different points
2026-08-27 17:30:49.788 WARN   Polyline: must contain at least 2 different points
2026-08-27 17:30:49.789 WARN   Polyline: must contain at least 2 different points
2026-08-27 17:30:49.789 WARN   Polyline: must contain at least 2 different points
2026-08-27 17:30:49.789 WARN   Polyline: must contain at least 2 different points
2026-08-27 17:30:49.789 WARN   Polyline: must contain at least 2 different points
2026-08-27 17:30:49.789 WARN   Polyline: must contain at least 2 different points
2026-08-27 17:30:49.789 WARN   Polyline: must contain at least 2 different points
2026-08-27 17:30:49.790 WARN   Polyline: must contain at least 2 different points
2026-08-27 17:30:49.790 WARN   Polyline: must contain at least 2 different points
2026-08-27 17:30:49.790 WARN   Polyline: must contain at least 2 different points
2026-08-27 17:30:49.790 WARN   Polyline: must contain at least 2 different points
2026-08-27 17:30:49.790 WARN   Polyline: must contain at least 2 different points
2026-08-27 17:30:49.790 WARN   Polyline: must contain at least 2 different points
2026-08-27 17:30:49.791 WARN   Polyline: must contain at least 2 different points
2026-08-27 17:30:49.791 WARN   Polyline: must contain at least 2 different points
2026-08-27 17:30:49.791 WARN   Polyline: must contain at least 2 different points
2026-08-27 17:30:49.791 WARN   Polyline: must contain at least 2 different points
2026-08-27 17:30:49.791 WARN   Polyline: must contain at least 2 different points
2026-08-27 17:30:49.792 WARN   Polyline: must contain at least 2 different points
2026-08-27 17:30:49.792 WARN   Polyline: must contain at least 2 different points
2026-08-27 17:30:49.792 WARN   Polyline: must contain at least 2 different points
2026-08-27 17:30:49.792 WARN   Polyline: must contain at least 2 different points
2026-08-27 17:30:49.792 WARN   Polyline: must contain at least 2 different points
2026-08-27 17:30:49.793 WARN   Polyline: must contain at least 2 different points
2026-08-27 17:30:49.793 WARN   Polyline: must contain at least 2 different points
2026-08-27 17:30:49.793 WARN   Polyline: must contain at least 2 different points
2026-08-27 17:30:49.793 WARN   Polyline: must contain at least 2 different points
2026-08-27 17:30:49.794 WARN   Polyline: must contain at least 2 different points
2026-08-27 17:30:49.794 WARN   Polyline: must contain at least 2 different points
2026-08-27 17:30:49.794 WARN   Polyline: must contain at least 2 different points
2026-08-27 17:30:49.794 WARN   Polyline: must contain at least 2 different points
2026-08-27 17:30:49.794 WARN   Polyline: must contain at least 2 different points
2026-08-27 17:30:49.795 WARN   Polyline: must contain at least 2 different points
2026-08-27 17:30:49.795 WARN   Polyline: must contain at least 2 different points
2026-08-27 17:30:49.795 WARN   Polyline: must contain at least 2 different points
2026-08-27 17:30:49.795 WARN   Polyline: must contain at least 2 different points
2026-08-27 17:30:49.795 WARN   Polyline: must contain at least 2 different points
2026-08-27 17:30:49.796 WARN   Polyline: must contain at least 2 different points
2026-08-27 17:30:49.796 WARN   Polyline: must contain at least 2 different points
2026-08-27 17:30:49.796 WARN   Polyline: must contain at least 2 different points
2026-08-27 17:30:49.796 WARN   Polyline: must contain at least 2 different points
2026-08-27 17:30:49.796 WARN   Polyline: must contain at least 2 different points
2026-08-27 17:30:49.796 WARN   Polyline: must contain at least 2 different points
2026-08-27 17:30:49.797 WARN   Polyline: must contain at least 2 different points
2026-08-27 17:30:49.797 WARN   Polyline: must contain at least 2 different points
2026-08-27 17:30:49.797 WARN   Polyline: must contain at least 2 different points
2026-08-27 17:30:49.797 WARN   Polyline: must contain at least 2 different points
2026-08-27 17:30:49.797 WARN   Polyline: must contain at least 2 different points
2026-08-27 17:30:49.797 WARN   Polyline: must contain at least 2 different points
2026-08-27 17:30:49.798 WARN   Polyline: must contain at least 2 different points
2026-08-27 17:30:49.798 WARN   Polyline: must contain at least 2 different points
2026-08-27 17:30:49.798 WARN   Polyline: must contain at least 2 different points
2026-08-27 17:30:49.798 WARN   Polyline: must contain at least 2 different points
2026-08-27 17:30:49.798 WARN   Polyline: must contain at least 2 different points
2026-08-27 17:30:49.798 WARN   Polyline: must contain at least 2 different points
2026-08-27 17:30:49.799 WARN   Polyline: must contain at least 2 different points
2026-08-27 17:30:49.799 WARN   Polyline: must contain at least 2 different points
2026-08-27 17:30:49.799 WARN   Polyline: must contain at least 2 different points
2026-08-27 17:30:49.799 WARN   Polyline: must contain at least 2 different points
2026-08-27 17:30:49.799 WARN   Polyline: must contain at least 2 different points
2026-08-27 17:30:49.799 WARN   Polyline: must contain at least 2 different points
2026-08-27 17:30:49.799 WARN   Polyline: must contain at least 2 different points
2026-08-27 17:30:49.800 WARN   Polyline: must contain at least 2 different points
2026-08-27 17:30:49.800 WARN   Polyline: must contain at least 2 different points
2026-08-27 17:30:49.800 WARN   Polyline: must contain at least 2 different points
2026-08-27 17:30:49.800 WARN   Polyline: must contain at least 2 different points
2026-08-27 17:30:49.800 WARN   Polyline: must contain at least 2 different points
2026-08-27 17:30:49.800 WARN   Polyline: must contain at least 2 different points
2026-08-27 17:30:49.801 WARN   Polyline: must contain at least 2 different points
2026-08-27 17:30:49.801 WARN   Polyline: must contain at least 2 different points
2026-08-27 17:30:49.801 WARN   Polyline: must contain at least 2 different points
2026-08-27 17:30:49.801 WARN   Polyline: must contain at least 2 different points
2026-08-27 17:30:49.801 WARN   Polyline: must contain at least 2 different points
2026-08-27 17:30:49.801 WARN   Polyline: must contain at least 2 different points
2026-08-27 17:30:49.802 WARN   Polyline: must contain at least 2 different points
2026-08-27 17:30:49.802 WARN   Polyline: must contain at least 2 different points
2026-08-27 17:30:49.802 WARN   Polyline: must contain at least 2 different points
2026-08-27 17:30:49.802 WARN   Polyline: must contain at least 2 different points
2026-08-27 17:30:49.802 WARN   Polyline: must contain at least 2 different points
2026-08-27 17:30:49.802 WARN   Polyline: must contain at least 2 different points
2026-08-27 17:30:49.803 WARN   Polyline: must contain at least 2 different points
2026-08-27 17:30:49.803 WARN   Polyline: must contain at least 2 different points
2026-08-27 17:30:49.803 WARN   Polyline: must contain at least 2 different points
2026-08-27 17:30:49.803 WARN   Polyline: must contain at least 2 different points
2026-08-27 17:30:49.803 WARN   Polyline: must contain at least 2 different points
2026-08-27 17:30:49.803 WARN   Polyline: must contain at least 2 different points
2026-08-27 17:30:49.804 WARN   Polyline: must contain at least 2 different points
2026-08-27 17:30:49.804 WARN   Polyline: must contain at least 2 different points
2026-08-27 17:30:49.804 WARN   Polyline: must contain at least 2 different points
2026-08-27 17:30:49.804 WARN   Polyline: must contain at least 2 different points
2026-08-27 17:30:49.804 WARN   Polyline: must contain at least 2 different points
2026-08-27 17:30:49.804 WARN   Polyline: must contain at least 2 different points
2026-08-27 17:30:49.805 WARN   Polyline: must contain at least 2 different points
2026-08-27 17:30:49.805 WARN   Polyline: must contain at least 2 different points
2026-08-27 17:30:49.805 WARN   Polyline: must contain at least 2 different points
2026-08-27 17:30:49.805 WARN   Polyline: must contain at least 2 different points
2026-08-27 17:30:49.805 WARN   Polyline: must contain at least 2 different points
2026-08-27 17:30:49.805 WARN   Polyline: must contain at least 2 different points
2026-08-27 17:30:49.806 WARN   Polyline: must contain at least 2 different points
2026-08-27 17:30:49.806 WARN   Polyline: must contain at least 2 different points
2026-08-27 17:30:49.806 WARN   Polyline: must contain at least 2 different points
2026-08-27 17:30:49.806 WARN   Polyline: must contain at least 2 different points
2026-08-27 17:30:49.806 WARN   Polyline: must contain at least 2 different points
2026-08-27 17:30:49.806 WARN   Polyline: must contain at least 2 different points
2026-08-27 17:30:49.807 WARN   Polyline: must contain at least 2 different points
2026-08-27 17:30:49.807 WARN   Polyline: must contain at least 2 different points
2026-08-27 17:30:49.807 WARN   Polyline: must contain at least 2 different points
2026-08-27 17:30:49.807 WARN   Polyline: must contain at least 2 different points
2026-08-27 17:30:49.807 WARN   Polyline: must contain at least 2 different points
2026-08-27 17:30:49.807 WARN   Polyline: must contain at least 2 different points
2026-08-27 17:30:49.808 WARN   Polyline: must contain at least 2 different points
2026-08-27 17:30:49.808 WARN   Polyline: must contain at least 2 different points
2026-08-27 17:30:49.808 WARN   Polyline: must contain at least 2 different points
2026-08-27 17:30:49.808 WARN   Polyline: must contain at least 2 different points
2026-08-27 17:30:49.808 WARN   Polyline: must contain at least 2 different points
2026-08-27 17:30:49.808 WARN   Polyline: must contain at least 2 different points
2026-08-27 17:30:49.809 WARN   Polyline: must contain at least 2 different points
2026-08-27 17:30:49.809 WARN   Polyline: must contain at least 2 different points
2026-08-27 17:30:49.809 WARN   Polyline: must contain at least 2 different points
2026-08-27 17:30:49.809 WARN   Polyline: must contain at least 2 different points
2026-08-27 17:30:49.809 WARN   Polyline: must contain at least 2 different points
2026-08-27 17:30:49.810 WARN   Polyline: must contain at least 2 different points
2026-08-27 17:30:49.810 WARN   Polyline: must contain at least 2 different points
2026-08-27 17:30:49.810 WARN   Polyline: must contain at least 2 different points
2026-08-27 17:30:49.810 WARN   Polyline: must contain at least 2 different points
2026-08-27 17:30:49.810 WARN   Polyline: must contain at least 2 different points
2026-08-27 17:30:49.811 WARN   Polyline: must contain at least 2 different points
2026-08-27 17:30:49.811 WARN   Polyline: must contain at least 2 different points
2026-08-27 17:30:49.811 WARN   Polyline: must contain at least 2 different points
2026-08-27 17:30:49.811 WARN   Polyline: must contain at least 2 different points
2026-08-27 17:30:49.811 WARN   Polyline: must contain at least 2 different points
2026-08-27 17:30:49.811 WARN   Polyline: must contain at least 2 different points
2026-08-27 17:30:49.812 WARN   Polyline: must contain at least 2 different points
2026-08-27 17:30:49.812 WARN   Polyline: must contain at least 2 different points
2026-08-27 17:30:49.812 WARN   Polyline: must contain at least 2 different points
2026-08-27 17:30:49.812 WARN   Polyline: must contain at least 2 different points
2026-08-27 17:30:49.812 WARN   Polyline: must contain at least 2 different points
2026-08-27 17:30:49.812 WARN   Polyline: must contain at least 2 different points
2026-08-27 17:30:49.813 WARN   Polyline: must contain at least 2 different points
2026-08-27 17:30:49.813 WARN   Polyline: must contain at least 2 different points
2026-08-27 17:30:49.813 WARN   Polyline: must contain at least 2 different points
2026-08-27 17:30:49.813 WARN   Polyline: must contain at least 2 different points
2026-08-27 17:30:49.813 WARN   Polyline: must contain at least 2 different points
2026-08-27 17:30:49.813 WARN   Polyline: must contain at least 2 different points
2026-08-27 17:30:49.813 WARN   Polyline: must contain at least 2 different points
2026-08-27 17:30:49.814 WARN   Polyline: must contain at least 2 different points
2026-08-27 17:30:49.814 WARN   Polyline: must contain at least 2 different points
2026-08-27 17:30:49.814 WARN   Polyline: must contain at least 2 different points
2026-08-27 17:30:49.814 WARN   Polyline: must contain at least 2 different points
2026-08-27 17:30:49.814 WARN   Polyline: must contain at least 2 different points
2026-08-27 17:30:49.815 WARN   Polyline: must contain at least 2 different points
2026-08-27 17:30:49.815 WARN   Polyline: must contain at least 2 different points
2026-08-27 17:30:49.815 WARN   Polyline: must contain at least 2 different points
2026-08-27 17:30:49.815 WARN   Polyline: must contain at least 2 different points
2026-08-27 17:30:49.816 WARN   Polyline: must contain at least 2 different points
2026-08-27 17:30:49.816 WARN   Polyline: must contain at least 2 different points
2026-08-27 17:30:49.816 WARN   Polyline: must contain at least 2 different points
2026-08-27 17:30:49.816 WARN   Polyline: must contain at least 2 different points
2026-08-27 17:30:49.817 WARN   Polyline: must contain at least 2 different points
2026-08-27 17:30:49.817 WARN   Polyline: must contain at least 2 different points
2026-08-27 17:30:49.817 WARN   Polyline: must contain at least 2 different points
2026-08-27 17:30:49.817 WARN   Polyline: must contain at least 2 different points
2026-08-27 17:30:49.817 WARN   Polyline: must contain at least 2 different points
2026-08-27 17:30:49.817 WARN   Polyline: must contain at least 2 different points
2026-08-27 17:30:49.818 WARN   Polyline: must contain at least 2 different points
2026-08-27 17:30:49.818 WARN   Polyline: must contain at least 2 different points
2026-08-27 17:30:49.818 WARN   Polyline: must contain at least 2 different points
2026-08-27 17:30:49.818 WARN   Polyline: must contain at least 2 different points
2026-08-27 17:30:49.818 WARN   Polyline: must contain at least 2 different points
2026-08-27 17:30:49.819 WARN   Polyline: must contain at least 2 different points
2026-08-27 17:30:49.819 WARN   Polyline: must contain at least 2 different points
2026-08-27 17:30:49.819 WARN   Polyline: must contain at least 2 different points
2026-08-27 17:30:49.819 WARN   Polyline: must contain at least 2 different points
2026-08-27 17:30:49.819 WARN   Polyline: must contain at least 2 different points
2026-08-27 17:30:49.819 WARN   Polyline: must contain at least 2 different points
2026-08-27 17:30:49.820 WARN   Polyline: must contain at least 2 different points
2026-08-27 17:30:49.820 WARN   Polyline: must contain at least 2 different points
2026-08-27 17:30:49.820 WARN   Polyline: must contain at least 2 different points
2026-08-27 17:30:49.820 WARN   Polyline: must contain at least 2 different points
2026-08-27 17:30:49.820 WARN   Polyline: must contain at least 2 different points
2026-08-27 17:30:49.820 WARN   Polyline: must contain at least 2 different points
2026-08-27 17:30:49.821 WARN   Polyline: must contain at least 2 different points
2026-08-27 17:30:49.821 WARN   Polyline: must contain at least 2 different points
2026-08-27 17:30:49.821 WARN   Polyline: must contain at least 2 different points
2026-08-27 17:30:49.821 WARN   Polyline: must contain at least 2 different points
2026-08-27 17:30:49.821 WARN   Polyline: must contain at least 2 different points
2026-08-27 17:30:49.822 WARN   Polyline: must contain at least 2 different points
2026-08-27 17:30:49.822 WARN   Polyline: must contain at least 2 different points
2026-08-27 17:30:49.822 WARN   Polyline: must contain at least 2 different points
2026-08-27 17:30:49.822 WARN   Polyline: must contain at least 2 different points
2026-08-27 17:30:49.822 WARN   Polyline: must contain at least 2 different points
2026-08-27 17:30:49.822 WARN   Polyline: must contain at least 2 different points
2026-08-27 17:30:49.822 WARN   Polyline: must contain at least 2 different points
2026-08-27 17:30:49.823 WARN   Polyline: must contain at least 2 different points
2026-08-27 17:30:49.823 WARN   Polyline: must contain at least 2 different points
2026-08-27 17:30:49.823 WARN   Polyline: must contain at least 2 different points
2026-08-27 17:30:49.823 WARN   Polyline: must contain at least 2 different points
2026-08-27 17:30:49.823 WARN   Polyline: must contain at least 2 different points
2026-08-27 17:30:49.823 WARN   Polyline: must contain at least 2 different points
2026-08-27 17:30:49.824 WARN   Polyline: must contain at least 2 different points
2026-08-27 17:30:49.824 WARN   Polyline: must contain at least 2 different points
2026-08-27 17:30:49.824 WARN   Polyline: must contain at least 2 different points
2026-08-27 17:30:49.824 WARN   Polyline: must contain at least 2 different points
2026-08-27 17:30:49.824 WARN   Polyline: must contain at least 2 different points
2026-08-27 17:30:49.825 WARN   Polyline: must contain at least 2 different points
2026-08-27 17:30:49.825 WARN   Polyline: must contain at least 2 different points
2026-08-27 17:30:49.825 WARN   Polyline: must contain at least 2 different points
2026-08-27 17:30:49.825 WARN   Polyline: must contain at least 2 different points
2026-08-27 17:30:49.825 WARN   Polyline: must contain at least 2 different points
2026-08-27 17:30:49.826 WARN   Polyline: must contain at least 2 different points
2026-08-27 17:30:49.826 WARN   Polyline: must contain at least 2 different points
2026-08-27 17:30:49.826 WARN   Polyline: must contain at least 2 different points
2026-08-27 17:30:49.826 WARN   Polyline: must contain at least 2 different points
2026-08-27 17:30:49.826 WARN   Polyline: must contain at least 2 different points
2026-08-27 17:30:49.827 WARN   Polyline: must contain at least 2 different points
2026-08-27 17:30:49.827 WARN   Polyline: must contain at least 2 different points
2026-08-27 17:30:49.827 WARN   Polyline: must contain at least 2 different points
2026-08-27 17:30:49.827 WARN   Polyline: must contain at least 2 different points
2026-08-27 17:30:49.827 WARN   Polyline: must contain at least 2 different points
2026-08-27 17:30:49.827 WARN   Polyline: must contain at least 2 different points
2026-08-27 17:30:49.828 WARN   Polyline: must contain at least 2 different points
2026-08-27 17:30:49.828 WARN   Polyline: must contain at least 2 different points
2026-08-27 17:30:49.828 WARN   Polyline: must contain at least 2 different points
2026-08-27 17:30:49.828 WARN   Polyline: must contain at least 2 different points
2026-08-27 17:30:49.828 WARN   Polyline: must contain at least 2 different points
2026-08-27 17:30:49.829 WARN   Polyline: must contain at least 2 different points
2026-08-27 17:30:49.829 WARN   Polyline: must contain at least 2 different points
2026-08-27 17:30:49.829 WARN   Polyline: must contain at least 2 different points
2026-08-27 17:30:49.829 WARN   Polyline: must contain at least 2 different points
2026-08-27 17:30:49.829 WARN   Polyline: must contain at least 2 different points
2026-08-27 17:30:49.829 WARN   Polyline: must contain at least 2 different points
2026-08-27 17:30:49.830 WARN   Polyline: must contain at least 2 different points
2026-08-27 17:30:49.830 WARN   Polyline: must contain at least 2 different points
2026-08-27 17:30:49.830 WARN   Polyline: must contain at least 2 different points
2026-08-27 17:30:49.830 WARN   Polyline: must contain at least 2 different points
2026-08-27 17:30:49.830 WARN   Polyline: must contain at least 2 different points
2026-08-27 17:30:49.830 WARN   Polyline: must contain at least 2 different points
2026-08-27 17:30:49.831 WARN   Polyline: must contain at least 2 different points
2026-08-27 17:30:49.831 WARN   Polyline: must contain at least 2 different points
2026-08-27 17:30:49.831 WARN   Polyline: must contain at least 2 different points
2026-08-27 17:30:49.831 WARN   Polyline: must contain at least 2 different points
2026-08-27 17:30:49.831 WARN   Polyline: must contain at least 2 different points
2026-08-27 17:30:49.831 WARN   Polyline: must contain at least 2 different points
2026-08-27 17:30:49.832 WARN   Polyline: must contain at least 2 different points
2026-08-27 17:30:49.832 WARN   Polyline: must contain at least 2 different points
2026-08-27 17:30:49.832 WARN   Polyline: must contain at least 2 different points
2026-08-27 17:30:49.832 WARN   Polyline: must contain at least 2 different points
2026-08-27 17:30:49.832 WARN   Polyline: must contain at least 2 different points
2026-08-27 17:30:49.832 WARN   Polyline: must contain at least 2 different points
2026-08-27 17:30:49.833 WARN   Polyline: must contain at least 2 different points
2026-08-27 17:30:49.833 WARN   Polyline: must contain at least 2 different points
2026-08-27 17:30:49.833 WARN   Polyline: must contain at least 2 different points
2026-08-27 17:30:49.833 WARN   Polyline: must contain at least 2 different points
2026-08-27 17:30:49.833 WARN   Polyline: must contain at least 2 different points
2026-08-27 17:30:49.833 WARN   Polyline: must contain at least 2 different points
2026-08-27 17:30:49.833 WARN   Polyline: must contain at least 2 different points
2026-08-27 17:30:49.834 WARN   Polyline: must contain at least 2 different points
2026-08-27 17:30:49.834 WARN   Polyline: must contain at least 2 different points
2026-08-27 17:30:49.834 WARN   Polyline: must contain at least 2 different points
2026-08-27 17:30:49.834 WARN   Polyline: must contain at least 2 different points
2026-08-27 17:30:49.834 WARN   Polyline: must contain at least 2 different points
2026-08-27 17:30:49.834 WARN   Polyline: must contain at least 2 different points
2026-08-27 17:30:49.834 WARN   Polyline: must contain at least 2 different points
2026-08-27 17:30:49.835 WARN   Polyline: must contain at least 2 different points
2026-08-27 17:30:49.835 WARN   Polyline: must contain at least 2 different points
2026-08-27 17:30:49.835 WARN   Polyline: must contain at least 2 different points
2026-08-27 17:30:49.835 WARN   Polyline: must contain at least 2 different points
2026-08-27 17:30:49.835 WARN   Polyline: must contain at least 2 different points
2026-08-27 17:30:49.835 WARN   Polyline: must contain at least 2 different points
2026-08-27 17:30:49.835 WARN   Polyline: must contain at least 2 different points
2026-08-27 17:30:49.836 WARN   Polyline: must contain at least 2 different points
2026-08-27 17:30:49.836 WARN   Polyline: must contain at least 2 different points
2026-08-27 17:30:49.836 WARN   Polyline: must contain at least 2 different points
2026-08-27 17:30:49.836 WARN   Polyline: must contain at least 2 different points
2026-08-27 17:30:49.836 WARN   Polyline: must contain at least 2 different points
2026-08-27 17:30:49.836 WARN   Polyline: must contain at least 2 different points
2026-08-27 17:30:49.836 WARN   Polyline: must contain at least 2 different points
2026-08-27 17:30:49.837 WARN   Polyline: must contain at least 2 different points
2026-08-27 17:30:49.837 WARN   Polyline: must contain at least 2 different points
2026-08-27 17:30:49.837 WARN   Polyline: must contain at least 2 different points
2026-08-27 17:30:49.837 WARN   Polyline: must contain at least 2 different points
2026-08-27 17:30:49.837 WARN   Polyline: must contain at least 2 different points
2026-08-27 17:30:49.838 WARN   Polyline: must contain at least 2 different points
2026-08-27 17:30:49.838 WARN   Polyline: must contain at least 2 different points
2026-08-27 17:30:49.838 WARN   Polyline: must contain at least 2 different points
2026-08-27 17:30:49.838 WARN   Polyline: must contain at least 2 different points
2026-08-27 17:30:49.838 WARN   Polyline: must contain at least 2 different points
2026-08-27 17:30:49.839 WARN   Polyline: must contain at least 2 different points
2026-08-27 17:30:49.839 WARN   Polyline: must contain at least 2 different points
2026-08-27 17:30:49.839 WARN   Polyline: must contain at least 2 different points
2026-08-27 17:30:49.839 WARN   Polyline: must contain at least 2 different points
2026-08-27 17:30:49.839 WARN   Polyline: must contain at least 2 different points
2026-08-27 17:30:49.839 WARN   Polyline: must contain at least 2 different points
2026-08-27 17:30:49.840 WARN   Polyline: must contain at least 2 different points
2026-08-27 17:30:49.840 WARN   Polyline: must contain at least 2 different points
2026-08-27 17:30:49.840 WARN   Polyline: must contain at least 2 different points
2026-08-27 17:30:49.840 WARN   Polyline: must contain at least 2 different points
2026-08-27 17:30:49.840 WARN   Polyline: must contain at least 2 different points
2026-08-27 17:30:49.840 WARN   Polyline: must contain at least 2 different points
2026-08-27 17:30:49.841 WARN   Polyline: must contain at least 2 different points
2026-08-27 17:30:49.841 WARN   Polyline: must contain at least 2 different points
2026-08-27 17:30:49.841 WARN   Polyline: must contain at least 2 different points
2026-08-27 17:30:49.841 WARN   Polyline: must contain at least 2 different points
2026-08-27 17:30:49.841 WARN   Polyline: must contain at least 2 different points
2026-08-27 17:30:49.842 WARN   Polyline: must contain at least 2 different points
2026-08-27 17:30:49.842 WARN   Polyline: must contain at least 2 different points
2026-08-27 17:30:49.842 WARN   Polyline: must contain at least 2 different points
2026-08-27 17:30:49.842 WARN   Polyline: must contain at least 2 different points
2026-08-27 17:30:49.842 WARN   Polyline: must contain at least 2 different points
2026-08-27 17:30:49.843 WARN   Polyline: must contain at least 2 different points
2026-08-27 17:30:49.843 WARN   Polyline: must contain at least 2 different points
2026-08-27 17:30:49.843 WARN   Polyline: must contain at least 2 different points
2026-08-27 17:30:49.843 WARN   Polyline: must contain at least 2 different points
2026-08-27 17:30:49.843 WARN   Polyline: must contain at least 2 different points
2026-08-27 17:30:49.843 WARN   Polyline: must contain at least 2 different points
2026-08-27 17:30:49.844 WARN   Polyline: must contain at least 2 different points
2026-08-27 17:30:49.844 WARN   Polyline: must contain at least 2 different points
2026-08-27 17:30:49.844 WARN   Polyline: must contain at least 2 different points
2026-08-27 17:30:49.844 WARN   Polyline: must contain at least 2 different points
2026-08-27 17:30:49.844 WARN   Polyline: must contain at least 2 different points
2026-08-27 17:30:49.844 WARN   Polyline: must contain at least 2 different points
2026-08-27 17:30:49.845 WARN   Polyline: must contain at least 2 different points
2026-08-27 17:30:49.845 WARN   Polyline: must contain at least 2 different points
2026-08-27 17:30:49.845 WARN   Polyline: must contain at least 2 different points
2026-08-27 17:30:49.845 WARN   Polyline: must contain at least 2 different points
2026-08-27 17:30:49.845 WARN   Polyline: must contain at least 2 different points
2026-08-27 17:30:49.845 WARN   Polyline: must contain at least 2 different points
2026-08-27 17:30:49.845 WARN   Polyline: must contain at least 2 different points
2026-08-27 17:30:49.846 WARN   Polyline: must contain at least 2 different points
2026-08-27 17:30:49.846 WARN   Polyline: must contain at least 2 different points
2026-08-27 17:30:49.846 WARN   Polyline: must contain at least 2 different points
2026-08-27 17:30:49.846 WARN   Polyline: must contain at least 2 different points
2026-08-27 17:30:49.846 WARN   Polyline: must contain at least 2 different points
2026-08-27 17:30:49.846 WARN   Polyline: must contain at least 2 different points
2026-08-27 17:30:49.847 WARN   Polyline: must contain at least 2 different points
2026-08-27 17:30:49.847 WARN   Polyline: must contain at least 2 different points
2026-08-27 17:30:49.847 WARN   Polyline: must contain at least 2 different points
2026-08-27 17:30:49.847 WARN   Polyline: must contain at least 2 different points
2026-08-27 17:30:49.847 WARN   Polyline: must contain at least 2 different points
2026-08-27 17:30:49.847 WARN   Polyline: must contain at least 2 different points
2026-08-27 17:30:49.848 WARN   Polyline: must contain at least 2 different points
2026-08-27 17:30:49.848 WARN   Polyline: must contain at least 2 different points
2026-08-27 17:30:49.848 WARN   Polyline: must contain at least 2 different points
2026-08-27 17:30:49.848 WARN   Polyline: must contain at least 2 different points
2026-08-27 17:30:49.848 WARN   Polyline: must contain at least 2 different points
2026-08-27 17:30:49.848 WARN   Polyline: must contain at least 2 different points
2026-08-27 17:30:49.849 WARN   Polyline: must contain at least 2 different points
2026-08-27 17:30:49.849 WARN   Polyline: must contain at least 2 different points
2026-08-27 17:30:49.849 WARN   Polyline: must contain at least 2 different points
2026-08-27 17:30:49.849 WARN   Polyline: must contain at least 2 different points
2026-08-27 17:30:49.849 WARN   Polyline: must contain at least 2 different points
2026-08-27 17:30:49.849 WARN   Polyline: must contain at least 2 different points
2026-08-27 17:30:49.850 WARN   Polyline: must contain at least 2 different points
2026-08-27 17:30:49.850 WARN   Polyline: must contain at least 2 different points
2026-08-27 17:30:49.850 WARN   Polyline: must contain at least 2 different points
2026-08-27 17:30:49.850 WARN   Polyline: must contain at least 2 different points
2026-08-27 17:30:49.850 WARN   Polyline: must contain at least 2 different points
2026-08-27 17:30:49.850 WARN   Polyline: must contain at least 2 different points
2026-08-27 17:30:49.851 WARN   Polyline: must contain at least 2 different points
2026-08-27 17:30:49.851 WARN   Polyline: must contain at least 2 different points
2026-08-27 17:30:49.851 WARN   Polyline: must contain at least 2 different points
2026-08-27 17:30:49.851 WARN   Polyline: must contain at least 2 different points
2026-08-27 17:30:49.851 WARN   Polyline: must contain at least 2 different points
2026-08-27 17:30:49.851 WARN   Polyline: must contain at least 2 different points
2026-08-27 17:30:49.851 WARN   Polyline: must contain at least 2 different points
2026-08-27 17:30:49.852 WARN   Polyline: must contain at least 2 different points
2026-08-27 17:30:49.852 WARN   Polyline: must contain at least 2 different points
2026-08-27 17:30:49.852 WARN   Polyline: must contain at least 2 different points
2026-08-27 17:30:49.852 WARN   Polyline: must contain at least 2 different points
2026-08-27 17:30:49.852 WARN   Polyline: must contain at least 2 different points
2026-08-27 17:30:49.853 WARN   Polyline: must contain at least 2 different points
2026-08-27 17:30:49.853 WARN   Polyline: must contain at least 2 different points
2026-08-27 17:30:49.853 WARN   Polyline: must contain at least 2 different points
2026-08-27 17:30:49.853 WARN   Polyline: must contain at least 2 different points
2026-08-27 17:30:49.853 WARN   Polyline: must contain at least 2 different points
2026-08-27 17:30:49.853 WARN   Polyline: must contain at least 2 different points
2026-08-27 17:30:49.853 WARN   Polyline: must contain at least 2 different points
2026-08-27 17:30:49.854 WARN   Polyline: must contain at least 2 different points
2026-08-27 17:30:49.854 WARN   Polyline: must contain at least 2 different points
2026-08-27 17:30:49.854 WARN   Polyline: must contain at least 2 different points
2026-08-27 17:30:49.854 WARN   Polyline: must contain at least 2 different points
2026-08-27 17:30:49.854 WARN   Polyline: must contain at least 2 different points
2026-08-27 17:30:49.854 WARN   Polyline: must contain at least 2 different points
2026-08-27 17:30:49.855 WARN   Polyline: must contain at least 2 different points
2026-08-27 17:30:49.855 WARN   Polyline: must contain at least 2 different points
2026-08-27 17:30:49.855 WARN   Polyline: must contain at least 2 different points
2026-08-27 17:30:49.855 WARN   Polyline: must contain at least 2 different points
2026-08-27 17:30:49.856 WARN   Polyline: must contain at least 2 different points
2026-08-27 17:30:49.856 WARN   Polyline: must contain at least 2 different points
2026-08-27 17:30:49.856 WARN   Polyline: must contain at least 2 different points
2026-08-27 17:30:49.856 WARN   Polyline: must contain at least 2 different points
2026-08-27 17:30:49.856 WARN   Polyline: must contain at least 2 different points
2026-08-27 17:30:49.856 WARN   Polyline: must contain at least 2 different points
2026-08-27 17:30:49.856 WARN   Polyline: must contain at least 2 different points
2026-08-27 17:30:49.857 WARN   Polyline: must contain at least 2 different points
2026-08-27 17:30:49.857 WARN   Polyline: must contain at least 2 different points
2026-08-27 17:30:49.857 WARN   Polyline: must contain at least 2 different points
2026-08-27 17:30:49.857 WARN   Polyline: must contain at least 2 different points
2026-08-27 17:30:49.857 WARN   Polyline: must contain at least 2 different points
2026-08-27 17:30:49.857 WARN   Polyline: must contain at least 2 different points
2026-08-27 17:30:49.858 WARN   Polyline: must contain at least 2 different points
2026-08-27 17:30:49.858 WARN   Polyline: must contain at least 2 different points
2026-08-27 17:30:49.858 WARN   Polyline: must contain at least 2 different points
2026-08-27 17:30:49.858 WARN   Polyline: must contain at least 2 different points
2026-08-27 17:30:49.858 WARN   Polyline: must contain at least 2 different points
2026-08-27 17:30:49.858 WARN   Polyline: must contain at least 2 different points
2026-08-27 17:30:49.859 WARN   Polyline: must contain at least 2 different points
2026-08-27 17:30:49.859 WARN   Polyline: must contain at least 2 different points
2026-08-27 17:30:49.859 WARN   Polyline: must contain at least 2 different points
2026-08-27 17:30:49.859 WARN   Polyline: must contain at least 2 different points
2026-08-27 17:30:49.859 WARN   Polyline: must contain at least 2 different points
2026-08-27 17:30:49.860 WARN   Polyline: must contain at least 2 different points
2026-08-27 17:30:49.860 WARN   Polyline: must contain at least 2 different points
2026-08-27 17:30:49.860 WARN   Polyline: must contain at least 2 different points
2026-08-27 17:30:49.860 WARN   Polyline: must contain at least 2 different points
2026-08-27 17:30:49.860 WARN   Polyline: must contain at least 2 different points
2026-08-27 17:30:49.860 WARN   Polyline: must contain at least 2 different points
2026-08-27 17:30:49.861 WARN   Polyline: must contain at least 2 different points
2026-08-27 17:30:49.861 WARN   Polyline: must contain at least 2 different points
2026-08-27 17:30:49.861 WARN   Polyline: must contain at least 2 different points
2026-08-27 17:30:49.861 WARN   Polyline: must contain at least 2 different points
2026-08-27 17:30:49.861 WARN   Polyline: must contain at least 2 different points
2026-08-27 17:30:49.861 WARN   Polyline: must contain at least 2 different points
2026-08-27 17:30:49.862 WARN   Polyline: must contain at least 2 different points
2026-08-27 17:30:49.862 WARN   Polyline: must contain at least 2 different points
2026-08-27 17:30:49.862 WARN   Polyline: must contain at least 2 different points
2026-08-27 17:30:49.862 WARN   Polyline: must contain at least 2 different points
2026-08-27 17:30:49.862 WARN   Polyline: must contain at least 2 different points
2026-08-27 17:30:49.862 WARN   Polyline: must contain at least 2 different points
2026-08-27 17:30:49.862 WARN   Polyline: must contain at least 2 different points
2026-08-27 17:30:49.863 WARN   Polyline: must contain at least 2 different points
2026-08-27 17:30:49.863 WARN   Polyline: must contain at least 2 different points
2026-08-27 17:30:49.863 WARN   Polyline: must contain at least 2 different points
2026-08-27 17:30:49.863 WARN   Polyline: must contain at least 2 different points
2026-08-27 17:30:49.863 WARN   Polyline: must contain at least 2 different points
2026-08-27 17:30:49.863 WARN   Polyline: must contain at least 2 different points
2026-08-27 17:30:49.863 WARN   Polyline: must contain at least 2 different points
2026-08-27 17:30:49.864 WARN   Polyline: must contain at least 2 different points
2026-08-27 17:30:49.864 WARN   Polyline: must contain at least 2 different points
2026-08-27 17:30:49.864 WARN   Polyline: must contain at least 2 different points
2026-08-27 17:30:49.864 WARN   Polyline: must contain at least 2 different points
2026-08-27 17:30:49.864 WARN   Polyline: must contain at least 2 different points
2026-08-27 17:30:49.864 WARN   Polyline: must contain at least 2 different points
2026-08-27 17:30:49.864 WARN   Polyline: must contain at least 2 different points
2026-08-27 17:30:49.864 WARN   Polyline: must contain at least 2 different points
2026-08-27 17:30:49.865 WARN   Polyline: must contain at least 2 different points
2026-08-27 17:30:49.865 WARN   Polyline: must contain at least 2 different points
2026-08-27 17:30:49.865 WARN   Polyline: must contain at least 2 different points
2026-08-27 17:30:49.865 WARN   Polyline: must contain at least 2 different points
2026-08-27 17:30:49.865 WARN   Polyline: must contain at least 2 different points
2026-08-27 17:30:49.865 WARN   Polyline: must contain at least 2 different points
2026-08-27 17:30:49.865 WARN   Polyline: must contain at least 2 different points
2026-08-27 17:30:49.866 WARN   Polyline: must contain at least 2 different points
2026-08-27 17:30:49.866 WARN   Polyline: must contain at least 2 different points
2026-08-27 17:30:49.866 WARN   Polyline: must contain at least 2 different points
2026-08-27 17:30:49.866 WARN   Polyline: must contain at least 2 different points
2026-08-27 17:30:49.866 WARN   Polyline: must contain at least 2 different points
2026-08-27 17:30:49.866 WARN   Polyline: must contain at least 2 different points
2026-08-27 17:30:49.866 WARN   Polyline: must contain at least 2 different points
2026-08-27 17:30:49.867 WARN   Polyline: must contain at least 2 different points
2026-08-27 17:30:49.867 WARN   Polyline: must contain at least 2 different points
2026-08-27 17:30:49.867 WARN   Polyline: must contain at least 2 different points
2026-08-27 17:30:49.867 WARN   Polyline: must contain at least 2 different points
2026-08-27 17:30:49.867 WARN   Polyline: must contain at least 2 different points
2026-08-27 17:30:49.867 WARN   Polyline: must contain at least 2 different points
2026-08-27 17:30:49.867 WARN   Polyline: must contain at least 2 different points
2026-08-27 17:30:49.868 WARN   Polyline: must contain at least 2 different points
2026-08-27 17:30:49.868 WARN   Polyline: must contain at least 2 different points
2026-08-27 17:30:49.868 WARN   Polyline: must contain at least 2 different points
2026-08-27 17:30:49.868 WARN   Polyline: must contain at least 2 different points
2026-08-27 17:30:49.868 WARN   Polyline: must contain at least 2 different points
2026-08-27 17:30:49.868 WARN   Polyline: must contain at least 2 different points
2026-08-27 17:30:49.868 WARN   Polyline: must contain at least 2 different points
2026-08-27 17:30:49.869 WARN   Polyline: must contain at least 2 different points
2026-08-27 17:30:49.869 WARN   Polyline: must contain at least 2 different points
2026-08-27 17:30:49.869 WARN   Polyline: must contain at least 2 different points
2026-08-27 17:30:49.869 WARN   Polyline: must contain at least 2 different points
2026-08-27 17:30:49.869 WARN   Polyline: must contain at least 2 different points
2026-08-27 17:30:49.869 WARN   Polyline: must contain at least 2 different points
2026-08-27 17:30:49.870 WARN   Polyline: must contain at least 2 different points
2026-08-27 17:30:49.870 WARN   Polyline: must contain at least 2 different points
2026-08-27 17:30:49.870 WARN   Polyline: must contain at least 2 different points
2026-08-27 17:30:49.870 WARN   Polyline: must contain at least 2 different points
2026-08-27 17:30:49.870 WARN   Polyline: must contain at least 2 different points
2026-08-27 17:30:49.870 WARN   Polyline: must contain at least 2 different points
2026-08-27 17:30:49.870 WARN   Polyline: must contain at least 2 different points
2026-08-27 17:30:49.871 WARN   Polyline: must contain at least 2 different points
2026-08-27 17:30:49.871 WARN   Polyline: must contain at least 2 different points
2026-08-27 17:30:49.871 WARN   Polyline: must contain at least 2 different points
2026-08-27 17:30:49.871 WARN   Polyline: must contain at least 2 different points
2026-08-27 17:30:49.871 WARN   Polyline: must contain at least 2 different points
2026-08-27 17:30:49.871 WARN   Polyline: must contain at least 2 different points
2026-08-27 17:30:49.871 WARN   Polyline: must contain at least 2 different points
2026-08-27 17:30:49.872 WARN   Polyline: must contain at least 2 different points
2026-08-27 17:30:49.872 WARN   Polyline: must contain at least 2 different points
2026-08-27 17:30:49.872 WARN   Polyline: must contain at least 2 different points
2026-08-27 17:30:49.872 WARN   Polyline: must contain at least 2 different points
2026-08-27 17:30:49.872 WARN   Polyline: must contain at least 2 different points
2026-08-27 17:30:49.872 WARN   Polyline: must contain at least 2 different points
2026-08-27 17:30:49.873 WARN   Polyline: must contain at least 2 different points
2026-08-27 17:30:49.873 WARN   Polyline: must contain at least 2 different points
2026-08-27 17:30:49.873 WARN   Polyline: must contain at least 2 different points
2026-08-27 17:30:49.873 WARN   Polyline: must contain at least 2 different points
2026-08-27 17:30:49.874 WARN   Polyline: must contain at least 2 different points
2026-08-27 17:30:49.874 WARN   Polyline: must contain at least 2 different points
2026-08-27 17:30:49.874 WARN   Polyline: must contain at least 2 different points
2026-08-27 17:30:49.874 WARN   Polyline: must contain at least 2 different points
2026-08-27 17:30:49.874 WARN   Polyline: must contain at least 2 different points
2026-08-27 17:30:49.874 WARN   Polyline: must contain at least 2 different points
2026-08-27 17:30:49.875 WARN   Polyline: must contain at least 2 different points
2026-08-27 17:30:49.875 WARN   Polyline: must contain at least 2 different points
2026-08-27 17:30:49.875 WARN   Polyline: must contain at least 2 different points
2026-08-27 17:30:49.875 WARN   Polyline: must contain at least 2 different points
2026-08-27 17:30:49.875 WARN   Polyline: must contain at least 2 different points
2026-08-27 17:30:49.875 WARN   Polyline: must contain at least 2 different points
2026-08-27 17:30:49.876 WARN   Polyline: must contain at least 2 different points
2026-08-27 17:30:49.876 WARN   Polyline: must contain at least 2 different points
2026-08-27 17:30:49.876 WARN   Polyline: must contain at least 2 different points
2026-08-27 17:30:49.876 WARN   Polyline: must contain at least 2 different points
2026-08-27 17:30:49.876 WARN   Polyline: must contain at least 2 different points
2026-08-27 17:30:49.877 WARN   Polyline: must contain at least 2 different points
2026-08-27 17:30:49.877 WARN   Polyline: must contain at least 2 different points
2026-08-27 17:30:49.877 WARN   Polyline: must contain at least 2 different points
2026-08-27 17:30:49.877 WARN   Polyline: must contain at least 2 different points
2026-08-27 17:30:49.877 WARN   Polyline: must contain at least 2 different points
2026-08-27 17:30:49.878 WARN   Polyline: must contain at least 2 different points
2026-08-27 17:30:49.878 WARN   Polyline: must contain at least 2 different points
2026-08-27 17:30:49.878 WARN   Polyline: must contain at least 2 different points
2026-08-27 17:30:49.878 WARN   Polyline: must contain at least 2 different points
2026-08-27 17:30:49.878 WARN   Polyline: must contain at least 2 different points
2026-08-27 17:30:49.878 WARN   Polyline: must contain at least 2 different points
2026-08-27 17:30:49.879 WARN   Polyline: must contain at least 2 different points
2026-08-27 17:30:49.879 WARN   Polyline: must contain at least 2 different points
2026-08-27 17:30:49.879 WARN   Polyline: must contain at least 2 different points
2026-08-27 17:30:49.879 WARN   Polyline: must contain at least 2 different points
2026-08-27 17:30:49.879 WARN   Polyline: must contain at least 2 different points
2026-08-27 17:30:49.879 WARN   Polyline: must contain at least 2 different points
2026-08-27 17:30:49.879 WARN   Polyline: must contain at least 2 different points
2026-08-27 17:30:49.880 WARN   Polyline: must contain at least 2 different points
2026-08-27 17:30:49.880 WARN   Polyline: must contain at least 2 different points
2026-08-27 17:30:49.880 WARN   Polyline: must contain at least 2 different points
2026-08-27 17:30:49.880 WARN   Polyline: must contain at least 2 different points
2026-08-27 17:30:49.880 WARN   Polyline: must contain at least 2 different points
2026-08-27 17:30:49.880 WARN   Polyline: must contain at least 2 different points
2026-08-27 17:30:49.881 WARN   Polyline: must contain at least 2 different points
2026-08-27 17:30:49.881 WARN   Polyline: must contain at least 2 different points
2026-08-27 17:30:49.881 WARN   Polyline: must contain at least 2 different points
2026-08-27 17:30:49.881 WARN   Polyline: must contain at least 2 different points
2026-08-27 17:30:49.881 WARN   Polyline: must contain at least 2 different points
2026-08-27 17:30:49.882 WARN   Polyline: must contain at least 2 different points
2026-08-27 17:30:49.882 WARN   Polyline: must contain at least 2 different points
2026-08-27 17:30:49.882 WARN   Polyline: must contain at least 2 different points
2026-08-27 17:30:49.882 WARN   Polyline: must contain at least 2 different points
2026-08-27 17:30:49.882 WARN   Polyline: must contain at least 2 different points
2026-08-27 17:30:49.882 WARN   Polyline: must contain at least 2 different points
2026-08-27 17:30:49.882 WARN   Polyline: must contain at least 2 different points
2026-08-27 17:30:49.883 WARN   Polyline: must contain at least 2 different points
2026-08-27 17:30:49.883 WARN   Polyline: must contain at least 2 different points
2026-08-27 17:30:49.883 WARN   Polyline: must contain at least 2 different points
2026-08-27 17:30:49.883 WARN   Polyline: must contain at least 2 different points
2026-08-27 17:30:49.883 WARN   Polyline: must contain at least 2 different points
2026-08-27 17:30:49.883 WARN   Polyline: must contain at least 2 different points
2026-08-27 17:30:49.884 WARN   Polyline: must contain at least 2 different points
2026-08-27 17:30:49.884 WARN   Polyline: must contain at least 2 different points
2026-08-27 17:30:49.884 WARN   Polyline: must contain at least 2 different points
2026-08-27 17:30:49.884 WARN   Polyline: must contain at least 2 different points
2026-08-27 17:30:49.884 WARN   Polyline: must contain at least 2 different points
2026-08-27 17:30:49.884 WARN   Polyline: must contain at least 2 different points
2026-08-27 17:30:49.885 WARN   Polyline: must contain at least 2 different points
2026-08-27 17:30:49.885 WARN   Polyline: must contain at least 2 different points
2026-08-27 17:30:49.885 WARN   Polyline: must contain at least 2 different points
2026-08-27 17:30:49.886 WARN   Polyline: must contain at least 2 different points
2026-08-27 17:30:49.886 WARN   Polyline: must contain at least 2 different points
2026-08-27 17:30:49.886 WARN   Polyline: must contain at least 2 different points
2026-08-27 17:30:49.886 WARN   Polyline: must contain at least 2 different points
2026-08-27 17:30:49.886 WARN   Polyline: must contain at least 2 different points
2026-08-27 17:30:49.886 WARN   Polyline: must contain at least 2 different points
2026-08-27 17:30:49.887 WARN   Polyline: must contain at least 2 different points
2026-08-27 17:30:49.887 WARN   Polyline: must contain at least 2 different points
2026-08-27 17:30:49.887 WARN   Polyline: must contain at least 2 different points
2026-08-27 17:30:49.887 WARN   Polyline: must contain at least 2 different points
2026-08-27 17:30:49.887 WARN   Polyline: must contain at least 2 different points
2026-08-27 17:30:49.887 WARN   Polyline: must contain at least 2 different points
2026-08-27 17:30:49.888 WARN   Polyline: must contain at least 2 different points
2026-08-27 17:30:49.888 WARN   Polyline: must contain at least 2 different points
2026-08-27 17:30:49.888 WARN   Polyline: must contain at least 2 different points
2026-08-27 17:30:49.888 WARN   Polyline: must contain at least 2 different points
2026-08-27 17:30:49.888 WARN   Polyline: must contain at least 2 different points
2026-08-27 17:30:49.888 WARN   Polyline: must contain at least 2 different points
2026-08-27 17:30:49.889 WARN   Polyline: must contain at least 2 different points
2026-08-27 17:30:49.889 WARN   Polyline: must contain at least 2 different points
2026-08-27 17:30:49.889 WARN   Polyline: must contain at least 2 different points
2026-08-27 17:30:49.889 WARN   Polyline: must contain at least 2 different points
2026-08-27 17:30:49.889 WARN   Polyline: must contain at least 2 different points
2026-08-27 17:30:49.890 WARN   Polyline: must contain at least 2 different points
2026-08-27 17:30:49.890 WARN   Polyline: must contain at least 2 different points
2026-08-27 17:30:49.890 WARN   Polyline: must contain at least 2 different points
2026-08-27 17:30:49.890 WARN   Polyline: must contain at least 2 different points
2026-08-27 17:30:49.890 WARN   Polyline: must contain at least 2 different points
2026-08-27 17:30:49.890 WARN   Polyline: must contain at least 2 different points
2026-08-27 17:30:49.891 WARN   Polyline: must contain at least 2 different points
2026-08-27 17:30:49.891 WARN   Polyline: must contain at least 2 different points
2026-08-27 17:30:49.893 WARN   Polyline: must contain at least 2 different points
2026-08-27 17:30:49.893 WARN   Polyline: must contain at least 2 different points
2026-08-27 17:30:49.893 WARN   Polyline: must contain at least 2 different points
2026-08-27 17:30:49.894 WARN   Polyline: must contain at least 2 different points
2026-08-27 17:30:49.894 WARN   Polyline: must contain at least 2 different points
2026-08-27 17:30:49.894 WARN   Polyline: must contain at least 2 different points
2026-08-27 17:30:49.894 WARN   Polyline: must contain at least 2 different points
2026-08-27 17:30:49.894 WARN   Polyline: must contain at least 2 different points
2026-08-27 17:30:49.895 WARN   Polyline: must contain at least 2 different points
2026-08-27 17:30:49.895 WARN   Polyline: must contain at least 2 different points
2026-08-27 17:30:49.895 WARN   Polyline: must contain at least 2 different points
2026-08-27 17:30:49.895 WARN   Polyline: must contain at least 2 different points
2026-08-27 17:30:49.895 WARN   Polyline: must contain at least 2 different points
2026-08-27 17:30:49.895 WARN   Polyline: must contain at least 2 different points
2026-08-27 17:30:49.895 WARN   Polyline: must contain at least 2 different points
2026-08-27 17:30:49.896 WARN   Polyline: must contain at least 2 different points
2026-08-27 17:30:49.896 WARN   Polyline: must contain at least 2 different points
2026-08-27 17:30:49.896 WARN   Polyline: must contain at least 2 different points
2026-08-27 17:30:49.896 WARN   Polyline: must contain at least 2 different points
2026-08-27 17:30:49.896 WARN   Polyline: must contain at least 2 different points
2026-08-27 17:30:49.896 WARN   Polyline: must contain at least 2 different points
2026-08-27 17:30:49.897 WARN   Polyline: must contain at least 2 different points
2026-08-27 17:30:49.897 WARN   Polyline: must contain at least 2 different points
2026-08-27 17:30:49.897 WARN   Polyline: must contain at least 2 different points
2026-08-27 17:30:49.897 WARN   Polyline: must contain at least 2 different points
2026-08-27 17:30:49.897 WARN   Polyline: must contain at least 2 different points
2026-08-27 17:30:49.897 WARN   Polyline: must contain at least 2 different points
2026-08-27 17:30:49.898 WARN   Polyline: must contain at least 2 different points
2026-08-27 17:30:49.898 WARN   Polyline: must contain at least 2 different points
2026-08-27 17:30:49.898 WARN   Polyline: must contain at least 2 different points
2026-08-27 17:30:49.898 WARN   Polyline: must contain at least 2 different points
2026-08-27 17:30:49.898 WARN   Polyline: must contain at least 2 different points
2026-08-27 17:30:49.898 WARN   Polyline: must contain at least 2 different points
2026-08-27 17:30:49.899 WARN   Polyline: must contain at least 2 different points
2026-08-27 17:30:49.899 WARN   Polyline: must contain at least 2 different points
2026-08-27 17:30:49.899 WARN   Polyline: must contain at least 2 different points
2026-08-27 17:30:49.899 WARN   Polyline: must contain at least 2 different points
2026-08-27 17:30:49.899 WARN   Polyline: must contain at least 2 different points
2026-08-27 17:30:49.899 WARN   Polyline: must contain at least 2 different points
2026-08-27 17:30:49.899 WARN   Polyline: must contain at least 2 different points
2026-08-27 17:30:49.900 WARN   Polyline: must contain at least 2 different points
2026-08-27 17:30:49.900 WARN   Polyline: must contain at least 2 different points
2026-08-27 17:30:49.900 WARN   Polyline: must contain at least 2 different points
2026-08-27 17:30:49.900 WARN   Polyline: must contain at least 2 different points
2026-08-27 17:30:49.900 WARN   Polyline: must contain at least 2 different points
2026-08-27 17:30:49.900 WARN   Polyline: must contain at least 2 different points
2026-08-27 17:30:49.901 WARN   Polyline: must contain at least 2 different points
2026-08-27 17:30:49.901 WARN   Polyline: must contain at least 2 different points
2026-08-27 17:30:49.901 WARN   Polyline: must contain at least 2 different points
2026-08-27 17:30:49.901 WARN   Polyline: must contain at least 2 different points
2026-08-27 17:30:49.901 WARN   Polyline: must contain at least 2 different points
2026-08-27 17:30:49.901 WARN   Polyline: must contain at least 2 different points
2026-08-27 17:30:49.902 WARN   Polyline: must contain at least 2 different points
2026-08-27 17:30:49.902 WARN   Polyline: must contain at least 2 different points
2026-08-27 17:30:49.902 WARN   Polyline: must contain at least 2 different points
2026-08-27 17:30:49.902 WARN   Polyline: must contain at least 2 different points
2026-08-27 17:30:49.902 WARN   Polyline: must contain at least 2 different points
2026-08-27 17:30:49.902 WARN   Polyline: must contain at least 2 different points
2026-08-27 17:30:49.903 WARN   Polyline: must contain at least 2 different points
2026-08-27 17:30:49.903 WARN   Polyline: must contain at least 2 different points
2026-08-27 17:30:49.903 WARN   Polyline: must contain at least 2 different points
2026-08-27 17:30:49.903 WARN   Polyline: must contain at least 2 different points
2026-08-27 17:30:49.903 WARN   Polyline: must contain at least 2 different points
2026-08-27 17:30:49.903 WARN   Polyline: must contain at least 2 different points
2026-08-27 17:30:49.904 WARN   Polyline: must contain at least 2 different points
2026-08-27 17:30:49.904 WARN   Polyline: must contain at least 2 different points
2026-08-27 17:30:49.904 WARN   Polyline: must contain at least 2 different points
2026-08-27 17:30:49.904 WARN   Polyline: must contain at least 2 different points
2026-08-27 17:30:49.904 WARN   Polyline: must contain at least 2 different points
2026-08-27 17:30:49.904 WARN   Polyline: must contain at least 2 different points
2026-08-27 17:30:49.904 WARN   Polyline: must contain at least 2 different points
2026-08-27 17:30:49.905 WARN   Polyline: must contain at least 2 different points
2026-08-27 17:30:49.905 WARN   Polyline: must contain at least 2 different points
2026-08-27 17:30:49.905 WARN   Polyline: must contain at least 2 different points
2026-08-27 17:30:49.905 WARN   Polyline: must contain at least 2 different points
2026-08-27 17:30:49.905 WARN   Polyline: must contain at least 2 different points
2026-08-27 17:30:49.905 WARN   Polyline: must contain at least 2 different points
2026-08-27 17:30:49.906 WARN   Polyline: must contain at least 2 different points
2026-08-27 17:30:49.906 WARN   Polyline: must contain at least 2 different points
2026-08-27 17:30:49.906 WARN   Polyline: must contain at least 2 different points
2026-08-27 17:30:49.906 WARN   Polyline: must contain at least 2 different points
2026-08-27 17:30:49.906 WARN   Polyline: must contain at least 2 different points
2026-08-27 17:30:49.906 WARN   Polyline: must contain at least 2 different points
2026-08-27 17:30:49.907 WARN   Polyline: must contain at least 2 different points
2026-08-27 17:30:49.907 WARN   Polyline: must contain at least 2 different points
2026-08-27 17:30:49.907 WARN   Polyline: must contain at least 2 different points
2026-08-27 17:30:49.907 WARN   Polyline: must contain at least 2 different points
2026-08-27 17:30:49.907 WARN   Polyline: must contain at least 2 different points
2026-08-27 17:30:49.907 WARN   Polyline: must contain at least 2 different points
2026-08-27 17:30:49.908 WARN   Polyline: must contain at least 2 different points
2026-08-27 17:30:49.908 WARN   Polyline: must contain at least 2 different points
2026-08-27 17:30:49.908 WARN   Polyline: must contain at least 2 different points
2026-08-27 17:30:49.908 WARN   Polyline: must contain at least 2 different points
2026-08-27 17:30:49.908 WARN   Polyline: must contain at least 2 different points
2026-08-27 17:30:49.908 WARN   Polyline: must contain at least 2 different points
2026-08-27 17:30:49.908 WARN   Polyline: must contain at least 2 different points
2026-08-27 17:30:49.909 WARN   Polyline: must contain at least 2 different points
2026-08-27 17:30:49.910 WARN   Polyline: must contain at least 2 different points
2026-08-27 17:30:49.910 WARN   Polyline: must contain at least 2 different points
2026-08-27 17:30:49.910 WARN   Polyline: must contain at least 2 different points
2026-08-27 17:30:49.910 WARN   Polyline: must contain at least 2 different points
2026-08-27 17:30:49.910 WARN   Polyline: must contain at least 2 different points
2026-08-27 17:30:49.910 WARN   Polyline: must contain at least 2 different points
2026-08-27 17:30:49.911 WARN   Polyline: must contain at least 2 different points
2026-08-27 17:30:49.911 WARN   Polyline: must contain at least 2 different points
2026-08-27 17:30:49.911 WARN   Polyline: must contain at least 2 different points
2026-08-27 17:30:49.911 WARN   Polyline: must contain at least 2 different points
2026-08-27 17:30:49.911 WARN   Polyline: must contain at least 2 different points
2026-08-27 17:30:49.911 WARN   Polyline: must contain at least 2 different points
2026-08-27 17:30:49.912 WARN   Polyline: must contain at least 2 different points
2026-08-27 17:30:49.912 WARN   Polyline: must contain at least 2 different points
2026-08-27 17:30:49.912 WARN   Polyline: must contain at least 2 different points
2026-08-27 17:30:49.912 WARN   Polyline: must contain at least 2 different points
2026-08-27 17:30:49.912 WARN   Polyline: must contain at least 2 different points
2026-08-27 17:30:49.912 WARN   Polyline: must contain at least 2 different points
2026-08-27 17:30:49.912 WARN   Polyline: must contain at least 2 different points
2026-08-27 17:30:49.913 WARN   Polyline: must contain at least 2 different points
2026-08-27 17:30:49.913 WARN   Polyline: must contain at least 2 different points
2026-08-27 17:30:49.913 WARN   Polyline: must contain at least 2 different points
2026-08-27 17:30:49.913 WARN   Polyline: must contain at least 2 different points
2026-08-27 17:30:49.913 WARN   Polyline: must contain at least 2 different points
2026-08-27 17:30:49.913 WARN   Polyline: must contain at least 2 different points
2026-08-27 17:30:49.913 WARN   Polyline: must contain at least 2 different points
2026-08-27 17:30:49.914 WARN   Polyline: must contain at least 2 different points
2026-08-27 17:30:49.914 WARN   Polyline: must contain at least 2 different points
2026-08-27 17:30:49.914 WARN   Polyline: must contain at least 2 different points
2026-08-27 17:30:49.914 WARN   Polyline: must contain at least 2 different points
2026-08-27 17:30:49.914 WARN   Polyline: must contain at least 2 different points
2026-08-27 17:30:49.914 WARN   Polyline: must contain at least 2 different points
2026-08-27 17:30:49.915 WARN   Polyline: must contain at least 2 different points
2026-08-27 17:30:49.915 WARN   Polyline: must contain at least 2 different points
2026-08-27 17:30:49.915 WARN   Polyline: must contain at least 2 different points
2026-08-27 17:30:49.915 WARN   Polyline: must contain at least 2 different points
2026-08-27 17:30:49.915 WARN   Polyline: must contain at least 2 different points
2026-08-27 17:30:49.915 WARN   Polyline: must contain at least 2 different points
2026-08-27 17:30:49.916 WARN   Polyline: must contain at least 2 different points
2026-08-27 17:30:49.916 WARN   Polyline: must contain at least 2 different points
2026-08-27 17:30:49.916 WARN   Polyline: must contain at least 2 different points
2026-08-27 17:30:49.916 WARN   Polyline: must contain at least 2 different points
2026-08-27 17:30:49.916 WARN   Polyline: must contain at least 2 different points
2026-08-27 17:30:49.916 WARN   Polyline: must contain at least 2 different points
2026-08-27 17:30:49.917 WARN   Polyline: must contain at least 2 different points
2026-08-27 17:30:49.917 WARN   Polyline: must contain at least 2 different points
2026-08-27 17:30:49.917 WARN   Polyline: must contain at least 2 different points
2026-08-27 17:30:49.917 WARN   Polyline: must contain at least 2 different points
2026-08-27 17:30:49.917 WARN   Polyline: must contain at least 2 different points
2026-08-27 17:30:49.917 WARN   Polyline: must contain at least 2 different points
2026-08-27 17:30:49.917 WARN   Polyline: must contain at least 2 different points
2026-08-27 17:30:49.918 WARN   Polyline: must contain at least 2 different points
2026-08-27 17:30:49.918 WARN   Polyline: must contain at least 2 different points
2026-08-27 17:30:49.918 WARN   Polyline: must contain at least 2 different points
2026-08-27 17:30:49.918 WARN   Polyline: must contain at least 2 different points
2026-08-27 17:30:49.918 WARN   Polyline: must contain at least 2 different points
2026-08-27 17:30:49.918 WARN   Polyline: must contain at least 2 different points
2026-08-27 17:30:49.919 WARN   Polyline: must contain at least 2 different points
2026-08-27 17:30:49.919 WARN   Polyline: must contain at least 2 different points
2026-08-27 17:30:49.919 WARN   Polyline: must contain at least 2 different points
2026-08-27 17:30:49.919 WARN   Polyline: must contain at least 2 different points
2026-08-27 17:30:49.919 WARN   Polyline: must contain at least 2 different points
2026-08-27 17:30:49.920 WARN   Polyline: must contain at least 2 different points
2026-08-27 17:30:49.920 WARN   Polyline: must contain at least 2 different points
2026-08-27 17:30:49.920 WARN   Polyline: must contain at least 2 different points
2026-08-27 17:30:49.920 WARN   Polyline: must contain at least 2 different points
2026-08-27 17:30:49.920 WARN   Polyline: must contain at least 2 different points
2026-08-27 17:30:49.920 WARN   Polyline: must contain at least 2 different points
2026-08-27 17:30:49.921 WARN   Polyline: must contain at least 2 different points
2026-08-27 17:30:49.921 WARN   Polyline: must contain at least 2 different points
2026-08-27 17:30:49.921 WARN   Polyline: must contain at least 2 different points
2026-08-27 17:30:49.921 WARN   Polyline: must contain at least 2 different points
2026-08-27 17:30:49.921 WARN   Polyline: must contain at least 2 different points
2026-08-27 17:30:49.921 WARN   Polyline: must contain at least 2 different points
2026-08-27 17:30:49.922 WARN   Polyline: must contain at least 2 different points
2026-08-27 17:30:49.922 WARN   Polyline: must contain at least 2 different points
2026-08-27 17:30:49.922 WARN   Polyline: must contain at least 2 different points
2026-08-27 17:30:49.922 WARN   Polyline: must contain at least 2 different points
2026-08-27 17:30:49.922 WARN   Polyline: must contain at least 2 different points
2026-08-27 17:30:49.922 WARN   Polyline: must contain at least 2 different points
2026-08-27 17:30:49.923 WARN   Polyline: must contain at least 2 different points
2026-08-27 17:30:49.923 WARN   Polyline: must contain at least 2 different points
2026-08-27 17:30:49.923 WARN   Polyline: must contain at least 2 different points
2026-08-27 17:30:49.923 WARN   Polyline: must contain at least 2 different points
2026-08-27 17:30:49.923 WARN   Polyline: must contain at least 2 different points
2026-08-27 17:30:49.923 WARN   Polyline: must contain at least 2 different points
2026-08-27 17:30:49.923 WARN   Polyline: must contain at least 2 different points
2026-08-27 17:30:49.924 WARN   Polyline: must contain at least 2 different points
2026-08-27 17:30:49.924 WARN   Polyline: must contain at least 2 different points
2026-08-27 17:30:49.924 WARN   Polyline: must contain at least 2 different points
2026-08-27 17:30:49.924 WARN   Polyline: must contain at least 2 different points
2026-08-27 17:30:49.924 WARN   Polyline: must contain at least 2 different points
2026-08-27 17:30:49.924 WARN   Polyline: must contain at least 2 different points
2026-08-27 17:30:49.924 WARN   Polyline: must contain at least 2 different points
2026-08-27 17:30:49.925 WARN   Polyline: must contain at least 2 different points
2026-08-27 17:30:49.925 WARN   Polyline: must contain at least 2 different points
2026-08-27 17:30:49.925 WARN   Polyline: must contain at least 2 different points
2026-08-27 17:30:49.925 WARN   Polyline: must contain at least 2 different points
2026-08-27 17:30:49.925 WARN   Polyline: must contain at least 2 different points
2026-08-27 17:30:49.925 WARN   Polyline: must contain at least 2 different points
2026-08-27 17:30:49.925 WARN   Polyline: must contain at least 2 different points
2026-08-27 17:30:49.926 WARN   Polyline: must contain at least 2 different points
2026-08-27 17:30:49.926 WARN   Polyline: must contain at least 2 different points
2026-08-27 17:30:49.926 WARN   Polyline: must contain at least 2 different points
2026-08-27 17:30:49.926 WARN   Polyline: must contain at least 2 different points
2026-08-27 17:30:49.926 WARN   Polyline: must contain at least 2 different points
2026-08-27 17:30:49.926 WARN   Polyline: must contain at least 2 different points
2026-08-27 17:30:49.926 WARN   Polyline: must contain at least 2 different points
2026-08-27 17:30:49.927 WARN   Polyline: must contain at least 2 different points
2026-08-27 17:30:49.927 WARN   Polyline: must contain at least 2 different points
2026-08-27 17:30:49.927 WARN   Polyline: must contain at least 2 different points
2026-08-27 17:30:49.927 WARN   Polyline: must contain at least 2 different points
2026-08-27 17:30:49.927 WARN   Polyline: must contain at least 2 different points
2026-08-27 17:30:49.927 WARN   Polyline: must contain at least 2 different points
2026-08-27 17:30:49.927 WARN   Polyline: must contain at least 2 different points
2026-08-27 17:30:49.928 WARN   Polyline: must contain at least 2 different points
2026-08-27 17:30:49.928 WARN   Polyline: must contain at least 2 different points
2026-08-27 17:30:49.928 WARN   Polyline: must contain at least 2 different points
2026-08-27 17:30:49.928 WARN   Polyline: must contain at least 2 different points
2026-08-27 17:30:49.928 WARN   Polyline: must contain at least 2 different points
2026-08-27 17:30:49.928 WARN   Polyline: must contain at least 2 different points
2026-08-27 17:30:49.928 WARN   Polyline: must contain at least 2 different points
2026-08-27 17:30:49.929 WARN   Polyline: must contain at least 2 different points
2026-08-27 17:30:49.929 WARN   Polyline: must contain at least 2 different points
2026-08-27 17:30:49.929 WARN   Polyline: must contain at least 2 different points
2026-08-27 17:30:49.929 WARN   Polyline: must contain at least 2 different points
2026-08-27 17:30:49.929 WARN   Polyline: must contain at least 2 different points
2026-08-27 17:30:49.929 WARN   Polyline: must contain at least 2 different points
2026-08-27 17:30:49.929 WARN   Polyline: must contain at least 2 different points
2026-08-27 17:30:49.930 WARN   Polyline: must contain at least 2 different points
2026-08-27 17:30:49.930 WARN   Polyline: must contain at least 2 different points
2026-08-27 17:30:49.930 WARN   Polyline: must contain at least 2 different points
2026-08-27 17:30:49.930 WARN   Polyline: must contain at least 2 different points
2026-08-27 17:30:49.930 WARN   Polyline: must contain at least 2 different points
2026-08-27 17:30:49.930 WARN   Polyline: must contain at least 2 different points
2026-08-27 17:30:49.930 WARN   Polyline: must contain at least 2 different points
2026-08-27 17:30:49.931 WARN   Polyline: must contain at least 2 different points
2026-08-27 17:30:49.931 WARN   Polyline: must contain at least 2 different points
2026-08-27 17:30:49.931 WARN   Polyline: must contain at least 2 different points
2026-08-27 17:30:49.931 WARN   Polyline: must contain at least 2 different points
2026-08-27 17:30:49.931 WARN   Polyline: must contain at least 2 different points
2026-08-27 17:30:49.931 WARN   Polyline: must contain at least 2 different points
2026-08-27 17:30:49.931 WARN   Polyline: must contain at least 2 different points
2026-08-27 17:30:49.932 WARN   Polyline: must contain at least 2 different points
2026-08-27 17:30:49.932 WARN   Polyline: must contain at least 2 different points
2026-08-27 17:30:49.932 WARN   Polyline: must contain at least 2 different points
2026-08-27 17:30:49.932 WARN   Polyline: must contain at least 2 different points
2026-08-27 17:30:49.932 WARN   Polyline: must contain at least 2 different points
2026-08-27 17:30:49.932 WARN   Polyline: must contain at least 2 different points
2026-08-27 17:30:49.933 WARN   Polyline: must contain at least 2 different points
2026-08-27 17:30:49.933 WARN   Polyline: must contain at least 2 different points
2026-08-27 17:30:49.933 WARN   Polyline: must contain at least 2 different points
2026-08-27 17:30:49.933 WARN   Polyline: must contain at least 2 different points
2026-08-27 17:30:49.933 WARN   Polyline: must contain at least 2 different points
2026-08-27 17:30:49.933 WARN   Polyline: must contain at least 2 different points
2026-08-27 17:30:49.933 WARN   Polyline: must contain at least 2 different points
2026-08-27 17:30:49.934 WARN   Polyline: must contain at least 2 different points
2026-08-27 17:30:49.934 WARN   Polyline: must contain at least 2 different points
2026-08-27 17:30:49.934 WARN   Polyline: must contain at least 2 different points
2026-08-27 17:30:49.934 WARN   Polyline: must contain at least 2 different points
2026-08-27 17:30:49.934 WARN   Polyline: must contain at least 2 different points
2026-08-27 17:30:49.934 WARN   Polyline: must contain at least 2 different points
2026-08-27 17:30:49.935 WARN   Polyline: must contain at least 2 different points
2026-08-27 17:30:49.935 WARN   Polyline: must contain at least 2 different points
2026-08-27 17:30:49.935 WARN   Polyline: must contain at least 2 different points
2026-08-27 17:30:49.935 WARN   Polyline: must contain at least 2 different points
2026-08-27 17:30:49.935 WARN   Polyline: must contain at least 2 different points
2026-08-27 17:30:49.935 WARN   Polyline: must contain at least 2 different points
2026-08-27 17:30:49.936 WARN   Polyline: must contain at least 2 different points
2026-08-27 17:30:49.936 WARN   Polyline: must contain at least 2 different points
2026-08-27 17:30:49.936 WARN   Polyline: must contain at least 2 different points
2026-08-27 17:30:49.936 WARN   Polyline: must contain at least 2 different points
2026-08-27 17:30:49.936 WARN   Polyline: must contain at least 2 different points
2026-08-27 17:30:49.936 WARN   Polyline: must contain at least 2 different points
2026-08-27 17:30:49.937 WARN   Polyline: must contain at least 2 different points
2026-08-27 17:30:49.937 WARN   Polyline: must contain at least 2 different points
2026-08-27 17:30:49.937 WARN   Polyline: must contain at least 2 different points
2026-08-27 17:30:49.937 WARN   Polyline: must contain at least 2 different points
2026-08-27 17:30:49.937 WARN   Polyline: must contain at least 2 different points
2026-08-27 17:30:49.937 WARN   Polyline: must contain at least 2 different points
2026-08-27 17:30:49.937 WARN   Polyline: must contain at least 2 different points
2026-08-27 17:30:49.938 WARN   Polyline: must contain at least 2 different points
2026-08-27 17:30:49.938 WARN   Polyline: must contain at least 2 different points
2026-08-27 17:30:49.938 WARN   Polyline: must contain at least 2 different points
2026-08-27 17:30:49.938 WARN   Polyline: must contain at least 2 different points
2026-08-27 17:30:49.938 WARN   Polyline: must contain at least 2 different points
2026-08-27 17:30:49.938 WARN   Polyline: must contain at least 2 different points
2026-08-27 17:30:49.939 WARN   Polyline: must contain at least 2 different points
2026-08-27 17:30:49.939 WARN   Polyline: must contain at least 2 different points
2026-08-27 17:30:49.939 WARN   Polyline: must contain at least 2 different points
2026-08-27 17:30:49.939 WARN   Polyline: must contain at least 2 different points
2026-08-27 17:30:49.939 WARN   Polyline: must contain at least 2 different points
2026-08-27 17:30:49.939 WARN   Polyline: must contain at least 2 different points
2026-08-27 17:30:49.939 WARN   Polyline: must contain at least 2 different points
2026-08-27 17:30:49.940 WARN   Polyline: must contain at least 2 different points
2026-08-27 17:30:49.940 WARN   Polyline: must contain at least 2 different points
2026-08-27 17:30:49.940 WARN   Polyline: must contain at least 2 different points
2026-08-27 17:30:49.940 WARN   Polyline: must contain at least 2 different points
2026-08-27 17:30:49.940 WARN   Polyline: must contain at least 2 different points
2026-08-27 17:30:49.940 WARN   Polyline: must contain at least 2 different points
2026-08-27 17:30:49.941 WARN   Polyline: must contain at least 2 different points
2026-08-27 17:30:49.941 WARN   Polyline: must contain at least 2 different points
2026-08-27 17:30:49.941 WARN   Polyline: must contain at least 2 different points
2026-08-27 17:30:49.941 WARN   Polyline: must contain at least 2 different points
2026-08-27 17:30:49.941 WARN   Polyline: must contain at least 2 different points
2026-08-27 17:30:49.941 WARN   Polyline: must contain at least 2 different points
2026-08-27 17:30:49.941 WARN   Polyline: must contain at least 2 different points
2026-08-27 17:30:49.942 WARN   Polyline: must contain at least 2 different points
2026-08-27 17:30:49.942 WARN   Polyline: must contain at least 2 different points
2026-08-27 17:30:49.942 WARN   Polyline: must contain at least 2 different points
2026-08-27 17:30:49.942 WARN   Polyline: must contain at least 2 different points
2026-08-27 17:30:49.942 WARN   Polyline: must contain at least 2 different points
2026-08-27 17:30:49.942 WARN   Polyline: must contain at least 2 different points
2026-08-27 17:30:49.942 WARN   Polyline: must contain at least 2 different points
2026-08-27 17:30:49.943 WARN   Polyline: must contain at least 2 different points
2026-08-27 17:30:49.943 WARN   Polyline: must contain at least 2 different points
2026-08-27 17:30:49.943 WARN   Polyline: must contain at least 2 different points
2026-08-27 17:30:49.943 WARN   Polyline: must contain at least 2 different points
2026-08-27 17:30:49.943 WARN   Polyline: must contain at least 2 different points
2026-08-27 17:30:49.943 WARN   Polyline: must contain at least 2 different points
2026-08-27 17:30:49.944 WARN   Polyline: must contain at least 2 different points
2026-08-27 17:30:49.944 WARN   Polyline: must contain at least 2 different points
2026-08-27 17:30:49.944 WARN   Polyline: must contain at least 2 different points
2026-08-27 17:30:49.944 WARN   Polyline: must contain at least 2 different points
2026-08-27 17:30:49.944 WARN   Polyline: must contain at least 2 different points
2026-08-27 17:30:49.944 WARN   Polyline: must contain at least 2 different points
2026-08-27 17:30:49.944 WARN   Polyline: must contain at least 2 different points
2026-08-27 17:30:49.945 WARN   Polyline: must contain at least 2 different points
2026-08-27 17:30:49.945 WARN   Polyline: must contain at least 2 different points
2026-08-27 17:30:49.945 WARN   Polyline: must contain at least 2 different points
2026-08-27 17:30:49.945 WARN   Polyline: must contain at least 2 different points
2026-08-27 17:30:49.945 WARN   Polyline: must contain at least 2 different points
2026-08-27 17:30:49.945 WARN   Polyline: must contain at least 2 different points
2026-08-27 17:30:49.945 WARN   Polyline: must contain at least 2 different points
2026-08-27 17:30:49.946 WARN   Polyline: must contain at least 2 different points
2026-08-27 17:30:49.946 WARN   Polyline: must contain at least 2 different points
2026-08-27 17:30:49.946 WARN   Polyline: must contain at least 2 different points
2026-08-27 17:30:49.946 WARN   Polyline: must contain at least 2 different points
2026-08-27 17:30:49.946 WARN   Polyline: must contain at least 2 different points
2026-08-27 17:30:49.946 WARN   Polyline: must contain at least 2 different points
2026-08-27 17:30:49.946 WARN   Polyline: must contain at least 2 different points
2026-08-27 17:30:49.946 WARN   Polyline: must contain at least 2 different points
2026-08-27 17:30:49.947 WARN   Polyline: must contain at least 2 different points
2026-08-27 17:30:49.947 WARN   Polyline: must contain at least 2 different points
2026-08-27 17:30:49.947 WARN   Polyline: must contain at least 2 different points
2026-08-27 17:30:49.947 WARN   Polyline: must contain at least 2 different points
2026-08-27 17:30:49.947 WARN   Polyline: must contain at least 2 different points
2026-08-27 17:30:49.947 WARN   Polyline: must contain at least 2 different points
2026-08-27 17:30:49.947 WARN   Polyline: must contain at least 2 different points
2026-08-27 17:30:49.948 WARN   Polyline: must contain at least 2 different points
2026-08-27 17:30:49.948 WARN   Polyline: must contain at least 2 different points
2026-08-27 17:30:49.948 WARN   Polyline: must contain at least 2 different points
2026-08-27 17:30:49.948 WARN   Polyline: must contain at least 2 different points
2026-08-27 17:30:49.948 WARN   Polyline: must contain at least 2 different points
2026-08-27 17:30:49.948 WARN   Polyline: must contain at least 2 different points
2026-08-27 17:30:49.949 WARN   Polyline: must contain at least 2 different points
2026-08-27 17:30:49.949 WARN   Polyline: must contain at least 2 different points
2026-08-27 17:30:49.949 WARN   Polyline: must contain at least 2 different points
2026-08-27 17:30:49.949 WARN   Polyline: must contain at least 2 different points
2026-08-27 17:30:49.949 WARN   Polyline: must contain at least 2 different points
2026-08-27 17:30:49.949 WARN   Polyline: must contain at least 2 different points
2026-08-27 17:30:49.949 WARN   Polyline: must contain at least 2 different points
2026-08-27 17:30:49.950 WARN   Polyline: must contain at least 2 different points
2026-08-27 17:30:49.950 WARN   Polyline: must contain at least 2 different points
2026-08-27 17:30:49.950 WARN   Polyline: must contain at least 2 different points
2026-08-27 17:30:49.950 WARN   Polyline: must contain at least 2 different points
2026-08-27 17:30:49.950 WARN   Polyline: must contain at least 2 different points
2026-08-27 17:30:49.950 WARN   Polyline: must contain at least 2 different points
2026-08-27 17:30:49.950 WARN   Polyline: must contain at least 2 different points
2026-08-27 17:30:49.951 WARN   Polyline: must contain at least 2 different points
2026-08-27 17:30:49.951 WARN   Polyline: must contain at least 2 different points
2026-08-27 17:30:49.951 WARN   Polyline: must contain at least 2 different points
2026-08-27 17:30:49.951 WARN   Polyline: must contain at least 2 different points
2026-08-27 17:30:49.951 WARN   Polyline: must contain at least 2 different points
2026-08-27 17:30:49.952 WARN   Polyline: must contain at least 2 different points
2026-08-27 17:30:49.956 WARN   Polyline: must contain at least 2 different points
2026-08-27 17:30:49.957 WARN   Polyline: must contain at least 2 different points
2026-08-27 17:30:49.957 WARN   Polyline: must contain at least 2 different points
2026-08-27 17:30:49.957 WARN   Polyline: must contain at least 2 different points
2026-08-27 17:30:49.957 WARN   Polyline: must contain at least 2 different points
2026-08-27 17:30:49.957 WARN   Polyline: must contain at least 2 different points
2026-08-27 17:30:49.958 WARN   Polyline: must contain at least 2 different points
2026-08-27 17:30:49.958 WARN   Polyline: must contain at least 2 different points
2026-08-27 17:30:49.958 WARN   Polyline: must contain at least 2 different points
2026-08-27 17:30:49.958 WARN   Polyline: must contain at least 2 different points
2026-08-27 17:30:49.958 WARN   Polyline: must contain at least 2 different points
2026-08-27 17:30:49.958 WARN   Polyline: must contain at least 2 different points
2026-08-27 17:30:49.959 WARN   Polyline: must contain at least 2 different points
2026-08-27 17:30:49.959 WARN   Polyline: must contain at least 2 different points
2026-08-27 17:30:49.959 WARN   Polyline: must contain at least 2 different points
2026-08-27 17:30:49.959 WARN   Polyline: must contain at least 2 different points
2026-08-27 17:30:49.959 WARN   Polyline: must contain at least 2 different points
2026-08-27 17:30:49.959 WARN   Polyline: must contain at least 2 different points
2026-08-27 17:30:49.959 WARN   Polyline: must contain at least 2 different points
2026-08-27 17:30:49.960 WARN   Polyline: must contain at least 2 different points
2026-08-27 17:30:49.960 WARN   Polyline: must contain at least 2 different points
2026-08-27 17:30:49.960 WARN   Polyline: must contain at least 2 different points
2026-08-27 17:30:49.960 WARN   Polyline: must contain at least 2 different points
2026-08-27 17:30:49.960 WARN   Polyline: must contain at least 2 different points
2026-08-27 17:30:49.960 WARN   Polyline: must contain at least 2 different points
2026-08-27 17:30:49.960 WARN   Polyline: must contain at least 2 different points
2026-08-27 17:30:49.961 WARN   Polyline: must contain at least 2 different points
2026-08-27 17:30:49.961 WARN   Polyline: must contain at least 2 different points
2026-08-27 17:30:49.961 WARN   Polyline: must contain at least 2 different points
2026-08-27 17:30:49.961 WARN   Polyline: must contain at least 2 different points
2026-08-27 17:30:49.961 WARN   Polyline: must contain at least 2 different points
2026-08-27 17:30:49.961 WARN   Polyline: must contain at least 2 different points
2026-08-27 17:30:49.961 WARN   Polyline: must contain at least 2 different points
2026-08-27 17:30:49.962 WARN   Polyline: must contain at least 2 different points
2026-08-27 17:30:49.962 WARN   Polyline: must contain at least 2 different points
2026-08-27 17:30:49.962 WARN   Polyline: must contain at least 2 different points
2026-08-27 17:30:49.962 WARN   Polyline: must contain at least 2 different points
2026-08-27 17:30:49.962 WARN   Polyline: must contain at least 2 different points
2026-08-27 17:30:49.962 WARN   Polyline: must contain at least 2 different points
2026-08-27 17:30:49.962 WARN   Polyline: must contain at least 2 different points
2026-08-27 17:30:49.963 WARN   Polyline: must contain at least 2 different points
2026-08-27 17:30:49.963 WARN   Polyline: must contain at least 2 different points
2026-08-27 17:30:49.963 WARN   Polyline: must contain at least 2 different points
2026-08-27 17:30:49.963 WARN   Polyline: must contain at least 2 different points
2026-08-27 17:30:49.963 WARN   Polyline: must contain at least 2 different points
2026-08-27 17:30:49.963 WARN   Polyline: must contain at least 2 different points
2026-08-27 17:30:49.963 WARN   Polyline: must contain at least 2 different points
2026-08-27 17:30:49.964 WARN   Polyline: must contain at least 2 different points
2026-08-27 17:30:49.964 WARN   Polyline: must contain at least 2 different points
2026-08-27 17:30:49.964 WARN   Polyline: must contain at least 2 different points
2026-08-27 17:30:49.964 WARN   Polyline: must contain at least 2 different points
2026-08-27 17:30:49.964 WARN   Polyline: must contain at least 2 different points
2026-08-27 17:30:49.964 WARN   Polyline: must contain at least 2 different points
2026-08-27 17:30:49.964 WARN   Polyline: must contain at least 2 different points
2026-08-27 17:30:49.964 WARN   Polyline: must contain at least 2 different points
2026-08-27 17:30:49.965 WARN   Polyline: must contain at least 2 different points
2026-08-27 17:30:49.965 WARN   Polyline: must contain at least 2 different points
2026-08-27 17:30:49.965 WARN   Polyline: must contain at least 2 different points
2026-08-27 17:30:49.965 WARN   Polyline: must contain at least 2 different points
2026-08-27 17:30:49.965 WARN   Polyline: must contain at least 2 different points
2026-08-27 17:30:49.965 WARN   Polyline: must contain at least 2 different points
2026-08-27 17:30:49.965 WARN   Polyline: must contain at least 2 different points
2026-08-27 17:30:49.966 WARN   Polyline: must contain at least 2 different points
2026-08-27 17:30:49.966 WARN   Polyline: must contain at least 2 different points
2026-08-27 17:30:49.966 WARN   Polyline: must contain at least 2 different points
2026-08-27 17:30:49.966 WARN   Polyline: must contain at least 2 different points
2026-08-27 17:30:49.966 WARN   Polyline: must contain at least 2 different points
2026-08-27 17:30:49.966 WARN   Polyline: must contain at least 2 different points
2026-08-27 17:30:49.966 WARN   Polyline: must contain at least 2 different points
2026-08-27 17:30:49.967 WARN   Polyline: must contain at least 2 different points
2026-08-27 17:30:49.967 WARN   Polyline: must contain at least 2 different points
2026-08-27 17:30:49.967 WARN   Polyline: must contain at least 2 different points
2026-08-27 17:30:49.967 WARN   Polyline: must contain at least 2 different points
2026-08-27 17:30:49.967 WARN   Polyline: must contain at least 2 different points
2026-08-27 17:30:49.967 WARN   Polyline: must contain at least 2 different points
2026-08-27 17:30:49.967 WARN   Polyline: must contain at least 2 different points
2026-08-27 17:30:49.968 WARN   Polyline: must contain at least 2 different points
2026-08-27 17:30:49.968 WARN   Polyline: must contain at least 2 different points
2026-08-27 17:30:49.968 WARN   Polyline: must contain at least 2 different points
2026-08-27 17:30:49.968 WARN   Polyline: must contain at least 2 different points
2026-08-27 17:30:49.968 WARN   Polyline: must contain at least 2 different points
2026-08-27 17:30:49.968 WARN   Polyline: must contain at least 2 different points
2026-08-27 17:30:49.968 WARN   Polyline: must contain at least 2 different points
2026-08-27 17:30:49.969 WARN   Polyline: must contain at least 2 different points
2026-08-27 17:30:49.969 WARN   Polyline: must contain at least 2 different points
2026-08-27 17:30:49.969 WARN   Polyline: must contain at least 2 different points
2026-08-27 17:30:49.969 WARN   Polyline: must contain at least 2 different points
2026-08-27 17:30:49.969 WARN   Polyline: must contain at least 2 different points
2026-08-27 17:30:49.969 WARN   Polyline: must contain at least 2 different points
2026-08-27 17:30:49.970 WARN   Polyline: must contain at least 2 different points
2026-08-27 17:30:49.970 WARN   Polyline: must contain at least 2 different points
2026-08-27 17:30:49.970 WARN   Polyline: must contain at least 2 different points
2026-08-27 17:30:49.970 WARN   Polyline: must contain at least 2 different points
2026-08-27 17:30:49.970 WARN   Polyline: must contain at least 2 different points
2026-08-27 17:30:49.970 WARN   Polyline: must contain at least 2 different points
2026-08-27 17:30:49.970 WARN   Polyline: must contain at least 2 different points
2026-08-27 17:30:49.971 WARN   Polyline: must contain at least 2 different points
2026-08-27 17:30:49.971 WARN   Polyline: must contain at least 2 different points
2026-08-27 17:30:49.971 WARN   Polyline: must contain at least 2 different points
2026-08-27 17:30:49.971 WARN   Polyline: must contain at least 2 different points
2026-08-27 17:30:49.971 WARN   Polyline: must contain at least 2 different points
2026-08-27 17:30:49.971 WARN   Polyline: must contain at least 2 different points
2026-08-27 17:30:49.972 WARN   Polyline: must contain at least 2 different points
2026-08-27 17:30:49.972 WARN   Polyline: must contain at least 2 different points
2026-08-27 17:30:49.972 WARN   Polyline: must contain at least 2 different points
2026-08-27 17:30:49.972 WARN   Polyline: must contain at least 2 different points
2026-08-27 17:30:49.972 WARN   Polyline: must contain at least 2 different points
2026-08-27 17:30:49.972 WARN   Polyline: must contain at least 2 different points
2026-08-27 17:30:49.973 WARN   Polyline: must contain at least 2 different points
2026-08-27 17:30:49.973 WARN   Polyline: must contain at least 2 different points
2026-08-27 17:30:49.973 WARN   Polyline: must contain at least 2 different points
2026-08-27 17:30:49.973 WARN   Polyline: must contain at least 2 different points
2026-08-27 17:30:49.973 WARN   Polyline: must contain at least 2 different points
2026-08-27 17:30:49.973 WARN   Polyline: must contain at least 2 different points
2026-08-27 17:30:49.974 WARN   Polyline: must contain at least 2 different points
2026-08-27 17:30:49.974 WARN   Polyline: must contain at least 2 different points
2026-08-27 17:30:49.974 WARN   Polyline: must contain at least 2 different points
2026-08-27 17:30:49.974 WARN   Polyline: must contain at least 2 different points
2026-08-27 17:30:49.974 WARN   Polyline: must contain at least 2 different points
2026-08-27 17:30:49.974 WARN   Polyline: must contain at least 2 different points
2026-08-27 17:30:49.975 WARN   Polyline: must contain at least 2 different points
2026-08-27 17:30:49.975 WARN   Polyline: must contain at least 2 different points
2026-08-27 17:30:49.975 WARN   Polyline: must contain at least 2 different points
2026-08-27 17:30:49.975 WARN   Polyline: must contain at least 2 different points
2026-08-27 17:30:49.975 WARN   Polyline: must contain at least 2 different points
2026-08-27 17:30:49.975 WARN   Polyline: must contain at least 2 different points
2026-08-27 17:30:49.975 WARN   Polyline: must contain at least 2 different points
2026-08-27 17:30:49.976 WARN   Polyline: must contain at least 2 different points
2026-08-27 17:30:49.976 WARN   Polyline: must contain at least 2 different points
2026-08-27 17:30:49.976 WARN   Polyline: must contain at least 2 different points
2026-08-27 17:30:49.976 WARN   Polyline: must contain at least 2 different points
2026-08-27 17:30:49.976 WARN   Polyline: must contain at least 2 different points
2026-08-27 17:30:49.977 WARN   Polyline: must contain at least 2 different points
2026-08-27 17:30:49.977 WARN   Polyline: must contain at least 2 different points
2026-08-27 17:30:49.977 WARN   Polyline: must contain at least 2 different points
2026-08-27 17:30:49.977 WARN   Polyline: must contain at least 2 different points
2026-08-27 17:30:49.977 WARN   Polyline: must contain at least 2 different points
2026-08-27 17:30:49.977 WARN   Polyline: must contain at least 2 different points
2026-08-27 17:30:49.978 WARN   Polyline: must contain at least 2 different points
2026-08-27 17:30:49.978 WARN   Polyline: must contain at least 2 different points
2026-08-27 17:30:49.978 WARN   Polyline: must contain at least 2 different points
2026-08-27 17:30:49.978 WARN   Polyline: must contain at least 2 different points
2026-08-27 17:30:49.978 WARN   Polyline: must contain at least 2 different points
2026-08-27 17:30:49.978 WARN   Polyline: must contain at least 2 different points
2026-08-27 17:30:49.979 WARN   Polyline: must contain at least 2 different points
2026-08-27 17:30:49.979 WARN   Polyline: must contain at least 2 different points
2026-08-27 17:30:49.979 WARN   Polyline: must contain at least 2 different points
2026-08-27 17:30:49.979 WARN   Polyline: must contain at least 2 different points
2026-08-27 17:30:49.979 WARN   Polyline: must contain at least 2 different points
2026-08-27 17:30:49.979 WARN   Polyline: must contain at least 2 different points
2026-08-27 17:30:49.979 WARN   Polyline: must contain at least 2 different points
2026-08-27 17:30:49.980 WARN   Polyline: must contain at least 2 different points
2026-08-27 17:30:49.980 WARN   Polyline: must contain at least 2 different points
2026-08-27 17:30:49.980 WARN   Polyline: must contain at least 2 different points
2026-08-27 17:30:49.980 WARN   Polyline: must contain at least 2 different points
2026-08-27 17:30:49.980 WARN   Polyline: must contain at least 2 different points
2026-08-27 17:30:49.980 WARN   Polyline: must contain at least 2 different points
2026-08-27 17:30:49.981 WARN   Polyline: must contain at least 2 different points
2026-08-27 17:30:49.981 WARN   Polyline: must contain at least 2 different points
2026-08-27 17:30:49.981 WARN   Polyline: must contain at least 2 different points
2026-08-27 17:30:49.981 WARN   Polyline: must contain at least 2 different points
2026-08-27 17:30:49.981 WARN   Polyline: must contain at least 2 different points
2026-08-27 17:30:49.981 WARN   Polyline: must contain at least 2 different points
2026-08-27 17:30:49.982 WARN   Polyline: must contain at least 2 different points
2026-08-27 17:30:49.982 WARN   Polyline: must contain at least 2 different points
2026-08-27 17:30:49.982 WARN   Polyline: must contain at least 2 different points
2026-08-27 17:30:49.982 WARN   Polyline: must contain at least 2 different points
2026-08-27 17:30:49.982 WARN   Polyline: must contain at least 2 different points
2026-08-27 17:30:49.982 WARN   Polyline: must contain at least 2 different points
2026-08-27 17:30:49.983 WARN   Polyline: must contain at least 2 different points
2026-08-27 17:30:49.983 WARN   Polyline: must contain at least 2 different points
2026-08-27 17:30:49.983 WARN   Polyline: must contain at least 2 different points
2026-08-27 17:30:49.983 WARN   Polyline: must contain at least 2 different points
2026-08-27 17:30:49.983 WARN   Polyline: must contain at least 2 different points
2026-08-27 17:30:49.983 WARN   Polyline: must contain at least 2 different points
2026-08-27 17:30:49.984 WARN   Polyline: must contain at least 2 different points
2026-08-27 17:30:49.984 WARN   Polyline: must contain at least 2 different points
2026-08-27 17:30:49.984 WARN   Polyline: must contain at least 2 different points
2026-08-27 17:30:49.984 WARN   Polyline: must contain at least 2 different points
2026-08-27 17:30:49.984 WARN   Polyline: must contain at least 2 different points
2026-08-27 17:30:49.984 WARN   Polyline: must contain at least 2 different points
2026-08-27 17:30:49.985 WARN   Polyline: must contain at least 2 different points
2026-08-27 17:30:49.985 WARN   Polyline: must contain at least 2 different points
2026-08-27 17:30:49.985 WARN   Polyline: must contain at least 2 different points
2026-08-27 17:30:49.985 WARN   Polyline: must contain at least 2 different points
2026-08-27 17:30:49.985 WARN   Polyline: must contain at least 2 different points
2026-08-27 17:30:49.985 WARN   Polyline: must contain at least 2 different points
2026-08-27 17:30:49.986 WARN   Polyline: must contain at least 2 different points
2026-08-27 17:30:49.986 WARN   Polyline: must contain at least 2 different points
2026-08-27 17:30:49.986 WARN   Polyline: must contain at least 2 different points
2026-08-27 17:30:49.986 WARN   Polyline: must contain at least 2 different points
2026-08-27 17:30:49.986 WARN   Polyline: must contain at least 2 different points
2026-08-27 17:30:49.986 WARN   Polyline: must contain at least 2 different points
2026-08-27 17:30:49.986 WARN   Polyline: must contain at least 2 different points
2026-08-27 17:30:49.987 WARN   Polyline: must contain at least 2 different points
2026-08-27 17:30:49.987 WARN   Polyline: must contain at least 2 different points
2026-08-27 17:30:49.987 WARN   Polyline: must contain at least 2 different points
2026-08-27 17:30:49.987 WARN   Polyline: must contain at least 2 different points
2026-08-27 17:30:49.987 WARN   Polyline: must contain at least 2 different points
2026-08-27 17:30:49.987 WARN   Polyline: must contain at least 2 different points
2026-08-27 17:30:49.987 WARN   Polyline: must contain at least 2 different points
2026-08-27 17:30:49.988 WARN   Polyline: must contain at least 2 different points
2026-08-27 17:30:49.988 WARN   Polyline: must contain at least 2 different points
2026-08-27 17:30:49.988 WARN   Polyline: must contain at least 2 different points
2026-08-27 17:30:49.988 WARN   Polyline: must contain at least 2 different points
2026-08-27 17:30:49.988 WARN   Polyline: must contain at least 2 different points
2026-08-27 17:30:49.988 WARN   Polyline: must contain at least 2 different points
2026-08-27 17:30:49.988 WARN   Polyline: must contain at least 2 different points
2026-08-27 17:30:49.989 WARN   Polyline: must contain at least 2 different points
2026-08-27 17:30:49.989 WARN   Polyline: must contain at least 2 different points
2026-08-27 17:30:49.989 WARN   Polyline: must contain at least 2 different points
2026-08-27 17:30:49.989 WARN   Polyline: must contain at least 2 different points
2026-08-27 17:30:49.989 WARN   Polyline: must contain at least 2 different points
2026-08-27 17:30:49.989 WARN   Polyline: must contain at least 2 different points
2026-08-27 17:30:49.989 WARN   Polyline: must contain at least 2 different points
2026-08-27 17:30:49.990 WARN   Polyline: must contain at least 2 different points
2026-08-27 17:30:49.990 WARN   Polyline: must contain at least 2 different points
2026-08-27 17:30:49.990 WARN   Polyline: must contain at least 2 different points
2026-08-27 17:30:49.990 WARN   Polyline: must contain at least 2 different points
2026-08-27 17:30:49.990 WARN   Polyline: must contain at least 2 different points
2026-08-27 17:30:49.990 WARN   Polyline: must contain at least 2 different points
2026-08-27 17:30:49.990 WARN   Polyline: must contain at least 2 different points
2026-08-27 17:30:49.991 WARN   Polyline: must contain at least 2 different points
2026-08-27 17:30:49.991 WARN   Polyline: must contain at least 2 different points
2026-08-27 17:30:49.991 WARN   Polyline: must contain at least 2 different points
2026-08-27 17:30:49.991 WARN   Polyline: must contain at least 2 different points
2026-08-27 17:30:49.991 WARN   Polyline: must contain at least 2 different points
2026-08-27 17:30:49.991 WARN   Polyline: must contain at least 2 different points
2026-08-27 17:30:49.991 WARN   Polyline: must contain at least 2 different points
2026-08-27 17:30:49.992 WARN   Polyline: must contain at least 2 different points
2026-08-27 17:30:49.992 WARN   Polyline: must contain at least 2 different points
2026-08-27 17:30:49.992 WARN   Polyline: must contain at least 2 different points
2026-08-27 17:30:49.992 WARN   Polyline: must contain at least 2 different points
2026-08-27 17:30:49.992 WARN   Polyline: must contain at least 2 different points
2026-08-27 17:30:49.992 WARN   Polyline: must contain at least 2 different points
2026-08-27 17:30:49.992 WARN   Polyline: must contain at least 2 different points
2026-08-27 17:30:49.993 WARN   Polyline: must contain at least 2 different points
2026-08-27 17:30:49.993 WARN   Polyline: must contain at least 2 different points
2026-08-27 17:30:49.993 WARN   Polyline: must contain at least 2 different points
2026-08-27 17:30:49.993 WARN   Polyline: must contain at least 2 different points
2026-08-27 17:30:49.993 WARN   Polyline: must contain at least 2 different points
2026-08-27 17:30:49.993 WARN   Polyline: must contain at least 2 different points
2026-08-27 17:30:49.993 WARN   Polyline: must contain at least 2 different points
2026-08-27 17:30:49.993 WARN   Polyline: must contain at least 2 different points
2026-08-27 17:30:49.994 WARN   Polyline: must contain at least 2 different points
2026-08-27 17:30:49.994 WARN   Polyline: must contain at least 2 different points
2026-08-27 17:30:49.994 WARN   Polyline: must contain at least 2 different points
2026-08-27 17:30:49.994 WARN   Polyline: must contain at least 2 different points
2026-08-27 17:30:49.994 WARN   Polyline: must contain at least 2 different points
2026-08-27 17:30:49.994 WARN   Polyline: must contain at least 2 different points
2026-08-27 17:30:49.995 WARN   Polyline: must contain at least 2 different points
2026-08-27 17:30:49.995 WARN   Polyline: must contain at least 2 different points
2026-08-27 17:30:49.995 WARN   Polyline: must contain at least 2 different points
2026-08-27 17:30:49.995 WARN   Polyline: must contain at least 2 different points
2026-08-27 17:30:49.995 WARN   Polyline: must contain at least 2 different points
2026-08-27 17:30:49.995 WARN   Polyline: must contain at least 2 different points
2026-08-27 17:30:49.996 WARN   Polyline: must contain at least 2 different points
2026-08-27 17:30:49.996 WARN   Polyline: must contain at least 2 different points
2026-08-27 17:30:49.996 WARN   Polyline: must contain at least 2 different points
2026-08-27 17:30:49.996 WARN   Polyline: must contain at least 2 different points
2026-08-27 17:30:49.996 WARN   Polyline: must contain at least 2 different points
2026-08-27 17:30:49.996 WARN   Polyline: must contain at least 2 different points
2026-08-27 17:30:49.996 WARN   Polyline: must contain at least 2 different points
2026-08-27 17:30:49.997 WARN   Polyline: must contain at least 2 different points
2026-08-27 17:30:49.997 WARN   Polyline: must contain at least 2 different points
2026-08-27 17:30:49.997 WARN   Polyline: must contain at least 2 different points
2026-08-27 17:30:49.997 WARN   Polyline: must contain at least 2 different points
2026-08-27 17:30:49.997 WARN   Polyline: must contain at least 2 different points
2026-08-27 17:30:49.997 WARN   Polyline: must contain at least 2 different points
2026-08-27 17:30:49.998 WARN   Polyline: must contain at least 2 different points
2026-08-27 17:30:49.998 WARN   Polyline: must contain at least 2 different points
2026-08-27 17:30:49.998 WARN   Polyline: must contain at least 2 different points
2026-08-27 17:30:49.998 WARN   Polyline: must contain at least 2 different points
2026-08-27 17:30:49.998 WARN   Polyline: must contain at least 2 different points
2026-08-27 17:30:49.999 WARN   Polyline: must contain at least 2 different points
2026-08-27 17:30:49.999 WARN   Polyline: must contain at least 2 different points
2026-08-27 17:30:49.999 WARN   Polyline: must contain at least 2 different points
2026-08-27 17:30:49.999 WARN   Polyline: must contain at least 2 different points
2026-08-27 17:30:49.999 WARN   Polyline: must contain at least 2 different points
2026-08-27 17:30:49.999 WARN   Polyline: must contain at least 2 different points
2026-08-27 17:30:49.999 WARN   Polyline: must contain at least 2 different points
2026-08-27 17:30:50.000 WARN   Polyline: must contain at least 2 different points
2026-08-27 17:30:50.000 WARN   Polyline: must contain at least 2 different points
2026-08-27 17:30:50.000 WARN   Polyline: must contain at least 2 different points
2026-08-27 17:30:50.000 WARN   Polyline: must contain at least 2 different points
2026-08-27 17:30:50.000 WARN   Polyline: must contain at least 2 different points
2026-08-27 17:30:50.000 WARN   Polyline: must contain at least 2 different points
2026-08-27 17:30:50.001 WARN   Polyline: must contain at least 2 different points
2026-08-27 17:30:50.001 WARN   Polyline: must contain at least 2 different points
2026-08-27 17:30:50.001 WARN   Polyline: must contain at least 2 different points
2026-08-27 17:30:50.001 WARN   Polyline: must contain at least 2 different points
2026-08-27 17:30:50.001 WARN   Polyline: must contain at least 2 different points
2026-08-27 17:30:50.001 WARN   Polyline: must contain at least 2 different points
2026-08-27 17:30:50.001 WARN   Polyline: must contain at least 2 different points
2026-08-27 17:30:50.002 WARN   Polyline: must contain at least 2 different points
2026-08-27 17:30:50.002 WARN   Polyline: must contain at least 2 different points
2026-08-27 17:30:50.002 WARN   Polyline: must contain at least 2 different points
2026-08-27 17:30:50.002 WARN   Polyline: must contain at least 2 different points
2026-08-27 17:30:50.002 WARN   Polyline: must contain at least 2 different points
2026-08-27 17:30:50.002 WARN   Polyline: must contain at least 2 different points
2026-08-27 17:30:50.003 WARN   Polyline: must contain at least 2 different points
2026-08-27 17:30:50.003 WARN   Polyline: must contain at least 2 different points
2026-08-27 17:30:50.003 WARN   Polyline: must contain at least 2 different points
2026-08-27 17:30:50.003 WARN   Polyline: must contain at least 2 different points
2026-08-27 17:30:50.003 WARN   Polyline: must contain at least 2 different points
2026-08-27 17:30:50.003 WARN   Polyline: must contain at least 2 different points
2026-08-27 17:30:50.004 WARN   Polyline: must contain at least 2 different points
2026-08-27 17:30:50.004 WARN   Polyline: must contain at least 2 different points
2026-08-27 17:30:50.004 WARN   Polyline: must contain at least 2 different points
2026-08-27 17:30:50.004 WARN   Polyline: must contain at least 2 different points
2026-08-27 17:30:50.004 WARN   Polyline: must contain at least 2 different points
2026-08-27 17:30:50.004 WARN   Polyline: must contain at least 2 different points
2026-08-27 17:30:50.004 WARN   Polyline: must contain at least 2 different points
2026-08-27 17:30:50.005 WARN   Polyline: must contain at least 2 different points
2026-08-27 17:30:50.005 WARN   Polyline: must contain at least 2 different points
2026-08-27 17:30:50.005 WARN   Polyline: must contain at least 2 different points
2026-08-27 17:30:50.005 WARN   Polyline: must contain at least 2 different points
2026-08-27 17:30:50.005 WARN   Polyline: must contain at least 2 different points
2026-08-27 17:30:50.005 WARN   Polyline: must contain at least 2 different points
2026-08-27 17:30:50.005 WARN   Polyline: must contain at least 2 different points
2026-08-27 17:30:50.006 WARN   Polyline: must contain at least 2 different points
2026-08-27 17:30:50.006 WARN   Polyline: must contain at least 2 different points
2026-08-27 17:30:50.006 WARN   Polyline: must contain at least 2 different points
2026-08-27 17:30:50.006 WARN   Polyline: must contain at least 2 different points
2026-08-27 17:30:50.006 WARN   Polyline: must contain at least 2 different points
2026-08-27 17:30:50.006 WARN   Polyline: must contain at least 2 different points
2026-08-27 17:30:50.006 WARN   Polyline: must contain at least 2 different points
2026-08-27 17:30:50.007 WARN   Polyline: must contain at least 2 different points
2026-08-27 17:30:50.007 WARN   Polyline: must contain at least 2 different points
2026-08-27 17:30:50.007 WARN   Polyline: must contain at least 2 different points
2026-08-27 17:30:50.007 WARN   Polyline: must contain at least 2 different points
2026-08-27 17:30:50.007 WARN   Polyline: must contain at least 2 different points
2026-08-27 17:30:50.007 WARN   Polyline: must contain at least 2 different points
2026-08-27 17:30:50.007 WARN   Polyline: must contain at least 2 different points
2026-08-27 17:30:50.008 WARN   Polyline: must contain at least 2 different points
2026-08-27 17:30:50.008 WARN   Polyline: must contain at least 2 different points
2026-08-27 17:30:50.008 WARN   Polyline: must contain at least 2 different points
2026-08-27 17:30:50.008 WARN   Polyline: must contain at least 2 different points
2026-08-27 17:30:50.008 WARN   Polyline: must contain at least 2 different points
2026-08-27 17:30:50.008 WARN   Polyline: must contain at least 2 different points
2026-08-27 17:30:50.008 WARN   Polyline: must contain at least 2 different points
2026-08-27 17:30:50.009 WARN   Polyline: must contain at least 2 different points
2026-08-27 17:30:50.009 WARN   Polyline: must contain at least 2 different points
2026-08-27 17:30:50.009 WARN   Polyline: must contain at least 2 different points
2026-08-27 17:30:50.009 WARN   Polyline: must contain at least 2 different points
2026-08-27 17:30:50.009 WARN   Polyline: must contain at least 2 different points
2026-08-27 17:30:50.009 WARN   Polyline: must contain at least 2 different points
2026-08-27 17:30:50.009 WARN   Polyline: must contain at least 2 different points
2026-08-27 17:30:50.010 WARN   Polyline: must contain at least 2 different points
2026-08-27 17:30:50.010 WARN   Polyline: must contain at least 2 different points
2026-08-27 17:30:50.010 WARN   Polyline: must contain at least 2 different points
2026-08-27 17:30:50.010 WARN   Polyline: must contain at least 2 different points
2026-08-27 17:30:50.010 WARN   Polyline: must contain at least 2 different points
2026-08-27 17:30:50.010 WARN   Polyline: must contain at least 2 different points
2026-08-27 17:30:50.010 WARN   Polyline: must contain at least 2 different points
2026-08-27 17:30:50.011 WARN   Polyline: must contain at least 2 different points
2026-08-27 17:30:50.011 WARN   Polyline: must contain at least 2 different points
2026-08-27 17:30:50.011 WARN   Polyline: must contain at least 2 different points
2026-08-27 17:30:50.011 WARN   Polyline: must contain at least 2 different points
2026-08-27 17:30:50.011 WARN   Polyline: must contain at least 2 different points
2026-08-27 17:30:50.011 WARN   Polyline: must contain at least 2 different points
2026-08-27 17:30:50.011 WARN   Polyline: must contain at least 2 different points
2026-08-27 17:30:50.012 WARN   Polyline: must contain at least 2 different points
2026-08-27 17:30:50.012 WARN   Polyline: must contain at least 2 different points
2026-08-27 17:30:50.012 WARN   Polyline: must contain at least 2 different points
2026-08-27 17:30:50.012 WARN   Polyline: must contain at least 2 different points
2026-08-27 17:30:50.012 WARN   Polyline: must contain at least 2 different points
2026-08-27 17:30:50.012 WARN   Polyline: must contain at least 2 different points
2026-08-27 17:30:50.012 WARN   Polyline: must contain at least 2 different points
2026-08-27 17:30:50.012 WARN   Polyline: must contain at least 2 different points
2026-08-27 17:30:50.013 WARN   Polyline: must contain at least 2 different points
2026-08-27 17:30:50.013 WARN   Polyline: must contain at least 2 different points
2026-08-27 17:30:50.013 WARN   Polyline: must contain at least 2 different points
2026-08-27 17:30:50.013 WARN   Polyline: must contain at least 2 different points
2026-08-27 17:30:50.013 WARN   Polyline: must contain at least 2 different points
2026-08-27 17:30:50.013 WARN   Polyline: must contain at least 2 different points
2026-08-27 17:30:50.013 WARN   Polyline: must contain at least 2 different points
2026-08-27 17:30:50.014 WARN   Polyline: must contain at least 2 different points
2026-08-27 17:30:50.014 WARN   Polyline: must contain at least 2 different points
2026-08-27 17:30:50.014 WARN   Polyline: must contain at least 2 different points
2026-08-27 17:30:50.014 WARN   Polyline: must contain at least 2 different points
2026-08-27 17:30:50.014 WARN   Polyline: must contain at least 2 different points
2026-08-27 17:30:50.014 WARN   Polyline: must contain at least 2 different points
2026-08-27 17:30:50.015 WARN   Polyline: must contain at least 2 different points
2026-08-27 17:30:50.015 WARN   Polyline: must contain at least 2 different points
2026-08-27 17:30:50.015 WARN   Polyline: must contain at least 2 different points
2026-08-27 17:30:50.015 WARN   Polyline: must contain at least 2 different points
2026-08-27 17:30:50.015 WARN   Polyline: must contain at least 2 different points
2026-08-27 17:30:50.015 WARN   Polyline: must contain at least 2 different points
2026-08-27 17:30:50.015 WARN   Polyline: must contain at least 2 different points
2026-08-27 17:30:50.016 WARN   Polyline: must contain at least 2 different points
2026-08-27 17:30:50.016 WARN   Polyline: must contain at least 2 different points
2026-08-27 17:30:50.016 WARN   Polyline: must contain at least 2 different points
2026-08-27 17:30:50.016 WARN   Polyline: must contain at least 2 different points
2026-08-27 17:30:50.016 WARN   Polyline: must contain at least 2 different points
2026-08-27 17:30:50.016 WARN   Polyline: must contain at least 2 different points
2026-08-27 17:30:50.016 WARN   Polyline: must contain at least 2 different points
2026-08-27 17:30:50.017 WARN   Polyline: must contain at least 2 different points
2026-08-27 17:30:50.017 WARN   Polyline: must contain at least 2 different points
2026-08-27 17:30:50.017 WARN   Polyline: must contain at least 2 different points
2026-08-27 17:30:50.017 WARN   Polyline: must contain at least 2 different points
2026-08-27 17:30:50.017 WARN   Polyline: must contain at least 2 different points
2026-08-27 17:30:50.017 WARN   Polyline: must contain at least 2 different points
2026-08-27 17:30:50.017 WARN   Polyline: must contain at least 2 different points
2026-08-27 17:30:50.018 WARN   Polyline: must contain at least 2 different points
2026-08-27 17:30:50.018 WARN   Polyline: must contain at least 2 different points
2026-08-27 17:30:50.018 WARN   Polyline: must contain at least 2 different points
2026-08-27 17:30:50.018 WARN   Polyline: must contain at least 2 different points
2026-08-27 17:30:50.018 WARN   Polyline: must contain at least 2 different points
2026-08-27 17:30:50.018 WARN   Polyline: must contain at least 2 different points
2026-08-27 17:30:50.018 WARN   Polyline: must contain at least 2 different points
2026-08-27 17:30:50.019 WARN   Polyline: must contain at least 2 different points
2026-08-27 17:30:50.019 WARN   Polyline: must contain at least 2 different points
2026-08-27 17:30:50.019 WARN   Polyline: must contain at least 2 different points
2026-08-27 17:30:50.019 WARN   Polyline: must contain at least 2 different points
2026-08-27 17:30:50.019 WARN   Polyline: must contain at least 2 different points
2026-08-27 17:30:50.019 WARN   Polyline: must contain at least 2 different points
2026-08-27 17:30:50.020 WARN   Polyline: must contain at least 2 different points
2026-08-27 17:30:50.020 WARN   Polyline: must contain at least 2 different points
2026-08-27 17:30:50.020 WARN   Polyline: must contain at least 2 different points
2026-08-27 17:30:50.020 WARN   Polyline: must contain at least 2 different points
2026-08-27 17:30:50.020 WARN   Polyline: must contain at least 2 different points
2026-08-27 17:30:50.020 WARN   Polyline: must contain at least 2 different points
2026-08-27 17:30:50.020 WARN   Polyline: must contain at least 2 different points
2026-08-27 17:30:50.021 WARN   Polyline: must contain at least 2 different points
2026-08-27 17:30:50.021 WARN   Polyline: must contain at least 2 different points
2026-08-27 17:30:50.021 WARN   Polyline: must contain at least 2 different points
2026-08-27 17:30:50.021 WARN   Polyline: must contain at least 2 different points
2026-08-27 17:30:50.021 WARN   Polyline: must contain at least 2 different points
2026-08-27 17:30:50.021 WARN   Polyline: must contain at least 2 different points
2026-08-27 17:30:50.021 WARN   Polyline: must contain at least 2 different points
2026-08-27 17:30:50.022 WARN   Polyline: must contain at least 2 different points
2026-08-27 17:30:50.022 WARN   Polyline: must contain at least 2 different points
2026-08-27 17:30:50.022 WARN   Polyline: must contain at least 2 different points
2026-08-27 17:30:50.022 WARN   Polyline: must contain at least 2 different points
2026-08-27 17:30:50.022 WARN   Polyline: must contain at least 2 different points
2026-08-27 17:30:50.022 WARN   Polyline: must contain at least 2 different points
2026-08-27 17:30:50.022 WARN   Polyline: must contain at least 2 different points
2026-08-27 17:30:50.023 WARN   Polyline: must contain at least 2 different points
2026-08-27 17:30:50.023 WARN   Polyline: must contain at least 2 different points
2026-08-27 17:30:50.023 WARN   Polyline: must contain at least 2 different points
2026-08-27 17:30:50.023 WARN   Polyline: must contain at least 2 different points
2026-08-27 17:30:50.023 WARN   Polyline: must contain at least 2 different points
2026-08-27 17:30:50.023 WARN   Polyline: must contain at least 2 different points
2026-08-27 17:30:50.024 WARN   Polyline: must contain at least 2 different points
2026-08-27 17:30:50.024 WARN   Polyline: must contain at least 2 different points
2026-08-27 17:30:50.024 WARN   Polyline: must contain at least 2 different points
2026-08-27 17:30:50.024 WARN   Polyline: must contain at least 2 different points
2026-08-27 17:30:50.024 WARN   Polyline: must contain at least 2 different points
2026-08-27 17:30:50.024 WARN   Polyline: must contain at least 2 different points
2026-08-27 17:30:50.024 WARN   Polyline: must contain at least 2 different points
2026-08-27 17:30:50.025 WARN   Polyline: must contain at least 2 different points
2026-08-27 17:30:50.025 WARN   Polyline: must contain at least 2 different points
2026-08-27 17:30:50.025 WARN   Polyline: must contain at least 2 different points
2026-08-27 17:30:50.025 WARN   Polyline: must contain at least 2 different points
2026-08-27 17:30:50.025 WARN   Polyline: must contain at least 2 different points
2026-08-27 17:30:50.025 WARN   Polyline: must contain at least 2 different points
2026-08-27 17:30:50.025 WARN   Polyline: must contain at least 2 different points
2026-08-27 17:30:50.026 WARN   Polyline: must contain at least 2 different points
2026-08-27 17:30:50.026 WARN   Polyline: must contain at least 2 different points
2026-08-27 17:30:50.026 WARN   Polyline: must contain at least 2 different points
2026-08-27 17:30:50.026 WARN   Polyline: must contain at least 2 different points
2026-08-27 17:30:50.026 WARN   Polyline: must contain at least 2 different points
2026-08-27 17:30:50.026 WARN   Polyline: must contain at least 2 different points
2026-08-27 17:30:50.027 WARN   Polyline: must contain at least 2 different points
2026-08-27 17:30:50.027 WARN   Polyline: must contain at least 2 different points
2026-08-27 17:30:50.027 WARN   Polyline: must contain at least 2 different points
2026-08-27 17:30:50.027 WARN   Polyline: must contain at least 2 different points
2026-08-27 17:30:50.027 WARN   Polyline: must contain at least 2 different points
2026-08-27 17:30:50.027 WARN   Polyline: must contain at least 2 different points
2026-08-27 17:30:50.028 WARN   Polyline: must contain at least 2 different points
2026-08-27 17:30:50.028 WARN   Polyline: must contain at least 2 different points
2026-08-27 17:30:50.028 WARN   Polyline: must contain at least 2 different points
2026-08-27 17:30:50.028 WARN   Polyline: must contain at least 2 different points
2026-08-27 17:30:50.028 WARN   Polyline: must contain at least 2 different points
2026-08-27 17:30:50.028 WARN   Polyline: must contain at least 2 different points
2026-08-27 17:30:50.028 WARN   Polyline: must contain at least 2 different points
2026-08-27 17:30:50.029 WARN   Polyline: must contain at least 2 different points
2026-08-27 17:30:50.029 WARN   Polyline: must contain at least 2 different points
2026-08-27 17:30:50.029 WARN   Polyline: must contain at least 2 different points
2026-08-27 17:30:50.029 WARN   Polyline: must contain at least 2 different points
2026-08-27 17:30:50.029 WARN   Polyline: must contain at least 2 different points
2026-08-27 17:30:50.029 WARN   Polyline: must contain at least 2 different points
2026-08-27 17:30:50.029 WARN   Polyline: must contain at least 2 different points
2026-08-27 17:30:50.030 WARN   Polyline: must contain at least 2 different points
2026-08-27 17:30:50.030 WARN   Polyline: must contain at least 2 different points
2026-08-27 17:30:50.030 WARN   Polyline: must contain at least 2 different points
2026-08-27 17:30:50.030 WARN   Polyline: must contain at least 2 different points
2026-08-27 17:30:50.030 WARN   Polyline: must contain at least 2 different points
2026-08-27 17:30:50.030 WARN   Polyline: must contain at least 2 different points
2026-08-27 17:30:50.030 WARN   Polyline: must contain at least 2 different points
2026-08-27 17:30:50.031 WARN   Polyline: must contain at least 2 different points
2026-08-27 17:30:50.031 WARN   Polyline: must contain at least 2 different points
2026-08-27 17:30:50.031 WARN   Polyline: must contain at least 2 different points
2026-08-27 17:30:50.031 WARN   Polyline: must contain at least 2 different points
2026-08-27 17:30:50.031 WARN   Polyline: must contain at least 2 different points
2026-08-27 17:30:50.031 WARN   Polyline: must contain at least 2 different points
2026-08-27 17:30:50.031 WARN   Polyline: must contain at least 2 different points
2026-08-27 17:30:50.032 WARN   Polyline: must contain at least 2 different points
2026-08-27 17:30:50.032 WARN   Polyline: must contain at least 2 different points
2026-08-27 17:30:50.032 WARN   Polyline: must contain at least 2 different points
2026-08-27 17:30:50.032 WARN   Polyline: must contain at least 2 different points
2026-08-27 17:30:50.032 WARN   Polyline: must contain at least 2 different points
2026-08-27 17:30:50.032 WARN   Polyline: must contain at least 2 different points
2026-08-27 17:30:50.032 WARN   Polyline: must contain at least 2 different points
2026-08-27 17:30:50.032 WARN   Polyline: must contain at least 2 different points
2026-08-27 17:30:50.033 WARN   Polyline: must contain at least 2 different points
2026-08-27 17:30:50.033 WARN   Polyline: must contain at least 2 different points
2026-08-27 17:30:50.033 WARN   Polyline: must contain at least 2 different points
2026-08-27 17:30:50.033 WARN   Polyline: must contain at least 2 different points
2026-08-27 17:30:50.033 WARN   Polyline: must contain at least 2 different points
2026-08-27 17:30:50.033 WARN   Polyline: must contain at least 2 different points
2026-08-27 17:30:50.033 WARN   Polyline: must contain at least 2 different points
2026-08-27 17:30:50.034 WARN   Polyline: must contain at least 2 different points
2026-08-27 17:30:50.034 WARN   Polyline: must contain at least 2 different points
2026-08-27 17:30:50.034 WARN   Polyline: must contain at least 2 different points
2026-08-27 17:30:50.034 WARN   Polyline: must contain at least 2 different points
2026-08-27 17:30:50.034 WARN   Polyline: must contain at least 2 different points
2026-08-27 17:30:50.034 WARN   Polyline: must contain at least 2 different points
2026-08-27 17:30:50.034 WARN   Polyline: must contain at least 2 different points
2026-08-27 17:30:50.035 WARN   Polyline: must contain at least 2 different points
2026-08-27 17:30:50.035 WARN   Polyline: must contain at least 2 different points
2026-08-27 17:30:50.035 WARN   Polyline: must contain at least 2 different points
2026-08-27 17:30:50.035 WARN   Polyline: must contain at least 2 different points
2026-08-27 17:30:50.035 WARN   Polyline: must contain at least 2 different points
2026-08-27 17:30:50.035 WARN   Polyline: must contain at least 2 different points
2026-08-27 17:30:50.035 WARN   Polyline: must contain at least 2 different points
2026-08-27 17:30:50.035 WARN   Polyline: must contain at least 2 different points
2026-08-27 17:30:50.036 WARN   Polyline: must contain at least 2 different points
2026-08-27 17:30:50.036 WARN   Polyline: must contain at least 2 different points
2026-08-27 17:30:50.036 WARN   Polyline: must contain at least 2 different points
2026-08-27 17:30:50.036 WARN   Polyline: must contain at least 2 different points
2026-08-27 17:30:50.036 WARN   Polyline: must contain at least 2 different points
2026-08-27 17:30:50.036 WARN   Polyline: must contain at least 2 different points
2026-08-27 17:30:50.036 WARN   Polyline: must contain at least 2 different points
2026-08-27 17:30:50.037 WARN   Polyline: must contain at least 2 different points
2026-08-27 17:30:50.037 WARN   Polyline: must contain at least 2 different points
2026-08-27 17:30:50.037 WARN   Polyline: must contain at least 2 different points
2026-08-27 17:30:50.037 WARN   Polyline: must contain at least 2 different points
2026-08-27 17:30:50.037 WARN   Polyline: must contain at least 2 different points
2026-08-27 17:30:50.037 WARN   Polyline: must contain at least 2 different points
2026-08-27 17:30:50.037 WARN   Polyline: must contain at least 2 different points
2026-08-27 17:30:50.038 WARN   Polyline: must contain at least 2 different points
2026-08-27 17:30:50.038 WARN   Polyline: must contain at least 2 different points
2026-08-27 17:30:50.038 WARN   Polyline: must contain at least 2 different points
2026-08-27 17:30:50.038 WARN   Polyline: must contain at least 2 different points
2026-08-27 17:30:50.038 WARN   Polyline: must contain at least 2 different points
2026-08-27 17:30:50.038 WARN   Polyline: must contain at least 2 different points
2026-08-27 17:30:50.038 WARN   Polyline: must contain at least 2 different points
2026-08-27 17:30:50.038 WARN   Polyline: must contain at least 2 different points
2026-08-27 17:30:50.039 WARN   Polyline: must contain at least 2 different points
2026-08-27 17:30:50.039 WARN   Polyline: must contain at least 2 different points
2026-08-27 17:30:50.039 WARN   Polyline: must contain at least 2 different points
2026-08-27 17:30:50.039 WARN   Polyline: must contain at least 2 different points
2026-08-27 17:30:50.039 WARN   Polyline: must contain at least 2 different points
2026-08-27 17:30:50.039 WARN   Polyline: must contain at least 2 different points
2026-08-27 17:30:50.039 WARN   Polyline: must contain at least 2 different points
2026-08-27 17:30:50.040 WARN   Polyline: must contain at least 2 different points
2026-08-27 17:30:50.040 WARN   Polyline: must contain at least 2 different points
2026-08-27 17:30:50.040 WARN   Polyline: must contain at least 2 different points
2026-08-27 17:30:50.040 WARN   Polyline: must contain at least 2 different points
2026-08-27 17:30:50.040 WARN   Polyline: must contain at least 2 different points
2026-08-27 17:30:50.040 WARN   Polyline: must contain at least 2 different points
2026-08-27 17:30:50.040 WARN   Polyline: must contain at least 2 different points
2026-08-27 17:30:50.041 WARN   Polyline: must contain at least 2 different points
2026-08-27 17:30:50.041 WARN   Polyline: must contain at least 2 different points
2026-08-27 17:30:50.041 WARN   Polyline: must contain at least 2 different points
2026-08-27 17:30:50.041 WARN   Polyline: must contain at least 2 different points
2026-08-27 17:30:50.041 WARN   Polyline: must contain at least 2 different points
2026-08-27 17:30:50.041 WARN   Polyline: must contain at least 2 different points
2026-08-27 17:30:50.041 WARN   Polyline: must contain at least 2 different points
2026-08-27 17:30:50.042 WARN   Polyline: must contain at least 2 different points
2026-08-27 17:30:50.042 WARN   Polyline: must contain at least 2 different points
2026-08-27 17:30:50.042 WARN   Polyline: must contain at least 2 different points
2026-08-27 17:30:50.042 WARN   Polyline: must contain at least 2 different points
2026-08-27 17:30:50.042 WARN   Polyline: must contain at least 2 different points
2026-08-27 17:30:50.042 WARN   Polyline: must contain at least 2 different points
2026-08-27 17:30:50.042 WARN   Polyline: must contain at least 2 different points
2026-08-27 17:30:50.043 WARN   Polyline: must contain at least 2 different points
2026-08-27 17:30:50.043 WARN   Polyline: must contain at least 2 different points
2026-08-27 17:30:50.043 WARN   Polyline: must contain at least 2 different points
2026-08-27 17:30:50.043 WARN   Polyline: must contain at least 2 different points
2026-08-27 17:30:50.043 WARN   Polyline: must contain at least 2 different points
2026-08-27 17:30:50.043 WARN   Polyline: must contain at least 2 different points
2026-08-27 17:30:50.043 WARN   Polyline: must contain at least 2 different points
2026-08-27 17:30:50.044 WARN   Polyline: must contain at least 2 different points
2026-08-27 17:30:50.044 WARN   Polyline: must contain at least 2 different points
2026-08-27 17:30:50.044 WARN   Polyline: must contain at least 2 different points
2026-08-27 17:30:50.044 WARN   Polyline: must contain at least 2 different points
2026-08-27 17:30:50.044 WARN   Polyline: must contain at least 2 different points
2026-08-27 17:30:50.044 WARN   Polyline: must contain at least 2 different points
2026-08-27 17:30:50.044 WARN   Polyline: must contain at least 2 different points
2026-08-27 17:30:50.045 WARN   Polyline: must contain at least 2 different points
2026-08-27 17:30:50.045 WARN   Polyline: must contain at least 2 different points
2026-08-27 17:30:50.045 WARN   Polyline: must contain at least 2 different points
2026-08-27 17:30:50.045 WARN   Polyline: must contain at least 2 different points
2026-08-27 17:30:50.045 WARN   Polyline: must contain at least 2 different points
2026-08-27 17:30:50.045 WARN   Polyline: must contain at least 2 different points
2026-08-27 17:30:50.045 WARN   Polyline: must contain at least 2 different points
2026-08-27 17:30:50.046 WARN   Polyline: must contain at least 2 different points
2026-08-27 17:30:50.046 WARN   Polyline: must contain at least 2 different points
2026-08-27 17:30:50.046 WARN   Polyline: must contain at least 2 different points
2026-08-27 17:30:50.046 WARN   Polyline: must contain at least 2 different points
2026-08-27 17:30:50.046 WARN   Polyline: must contain at least 2 different points
2026-08-27 17:30:50.046 WARN   Polyline: must contain at least 2 different points
2026-08-27 17:30:50.047 WARN   Polyline: must contain at least 2 different points
2026-08-27 17:30:50.047 WARN   Polyline: must contain at least 2 different points
2026-08-27 17:30:50.047 WARN   Polyline: must contain at least 2 different points
2026-08-27 17:30:50.047 WARN   Polyline: must contain at least 2 different points
2026-08-27 17:30:50.047 WARN   Polyline: must contain at least 2 different points
2026-08-27 17:30:50.047 WARN   Polyline: must contain at least 2 different points
2026-08-27 17:30:50.047 WARN   Polyline: must contain at least 2 different points
2026-08-27 17:30:50.048 WARN   Polyline: must contain at least 2 different points
2026-08-27 17:30:50.048 WARN   Polyline: must contain at least 2 different points
2026-08-27 17:30:50.048 WARN   Polyline: must contain at least 2 different points
2026-08-27 17:30:50.048 WARN   Polyline: must contain at least 2 different points
2026-08-27 17:30:50.048 WARN   Polyline: must contain at least 2 different points
2026-08-27 17:30:50.048 WARN   Polyline: must contain at least 2 different points
2026-08-27 17:30:50.048 WARN   Polyline: must contain at least 2 different points
2026-08-27 17:30:50.049 WARN   Polyline: must contain at least 2 different points
2026-08-27 17:30:50.049 WARN   Polyline: must contain at least 2 different points
2026-08-27 17:30:50.049 WARN   Polyline: must contain at least 2 different points
2026-08-27 17:30:50.049 WARN   Polyline: must contain at least 2 different points
2026-08-27 17:30:50.049 WARN   Polyline: must contain at least 2 different points
2026-08-27 17:30:50.049 WARN   Polyline: must contain at least 2 different points
2026-08-27 17:30:50.049 WARN   Polyline: must contain at least 2 different points
2026-08-27 17:30:50.050 WARN   Polyline: must contain at least 2 different points
2026-08-27 17:30:50.050 WARN   Polyline: must contain at least 2 different points
2026-08-27 17:30:50.050 WARN   Polyline: must contain at least 2 different points
2026-08-27 17:30:50.050 WARN   Polyline: must contain at least 2 different points
2026-08-27 17:30:50.050 WARN   Polyline: must contain at least 2 different points
2026-08-27 17:30:50.050 WARN   Polyline: must contain at least 2 different points
2026-08-27 17:30:50.050 WARN   Polyline: must contain at least 2 different points
2026-08-27 17:30:50.051 WARN   Polyline: must contain at least 2 different points
2026-08-27 17:30:50.051 WARN   Polyline: must contain at least 2 different points
2026-08-27 17:30:50.051 WARN   Polyline: must contain at least 2 different points
2026-08-27 17:30:50.051 WARN   Polyline: must contain at least 2 different points
2026-08-27 17:30:50.051 WARN   Polyline: must contain at least 2 different points
2026-08-27 17:30:50.051 WARN   Polyline: must contain at least 2 different points
2026-08-27 17:30:50.051 WARN   Polyline: must contain at least 2 different points
2026-08-27 17:30:50.052 WARN   Polyline: must contain at least 2 different points
2026-08-27 17:30:50.052 WARN   Polyline: must contain at least 2 different points
2026-08-27 17:30:50.052 WARN   Polyline: must contain at least 2 different points
2026-08-27 17:30:50.052 WARN   Polyline: must contain at least 2 different points
2026-08-27 17:30:50.052 WARN   Polyline: must contain at least 2 different points
2026-08-27 17:30:50.052 WARN   Polyline: must contain at least 2 different points
2026-08-27 17:30:50.052 WARN   Polyline: must contain at least 2 different points
2026-08-27 17:30:50.053 WARN   Polyline: must contain at least 2 different points
2026-08-27 17:30:50.053 WARN   Polyline: must contain at least 2 different points
2026-08-27 17:30:50.053 WARN   Polyline: must contain at least 2 different points
2026-08-27 17:30:50.053 WARN   Polyline: must contain at least 2 different points
2026-08-27 17:30:50.053 WARN   Polyline: must contain at least 2 different points
2026-08-27 17:30:50.053 WARN   Polyline: must contain at least 2 different points
2026-08-27 17:30:50.053 WARN   Polyline: must contain at least 2 different points
2026-08-27 17:30:50.053 WARN   Polyline: must contain at least 2 different points
2026-08-27 17:30:50.054 WARN   Polyline: must contain at least 2 different points
2026-08-27 17:30:50.054 WARN   Polyline: must contain at least 2 different points
2026-08-27 17:30:50.054 WARN   Polyline: must contain at least 2 different points
2026-08-27 17:30:50.054 WARN   Polyline: must contain at least 2 different points
2026-08-27 17:30:50.054 WARN   Polyline: must contain at least 2 different points
2026-08-27 17:30:50.054 WARN   Polyline: must contain at least 2 different points
2026-08-27 17:30:50.054 WARN   Polyline: must contain at least 2 different points
2026-08-27 17:30:50.055 WARN   Polyline: must contain at least 2 different points
2026-08-27 17:30:50.055 WARN   Polyline: must contain at least 2 different points
2026-08-27 17:30:50.055 WARN   Polyline: must contain at least 2 different points
2026-08-27 17:30:50.055 WARN   Polyline: must contain at least 2 different points
2026-08-27 17:30:50.055 WARN   Polyline: must contain at least 2 different points
2026-08-27 17:30:50.055 WARN   Polyline: must contain at least 2 different points
2026-08-27 17:30:50.055 WARN   Polyline: must contain at least 2 different points
2026-08-27 17:30:50.056 WARN   Polyline: must contain at least 2 different points
2026-08-27 17:30:50.056 WARN   Polyline: must contain at least 2 different points
2026-08-27 17:30:50.056 WARN   Polyline: must contain at least 2 different points
2026-08-27 17:30:50.056 WARN   Polyline: must contain at least 2 different points
2026-08-27 17:30:50.056 WARN   Polyline: must contain at least 2 different points
2026-08-27 17:30:50.056 WARN   Polyline: must contain at least 2 different points
2026-08-27 17:30:50.057 WARN   Polyline: must contain at least 2 different points
2026-08-27 17:30:50.057 WARN   Polyline: must contain at least 2 different points
2026-08-27 17:30:50.057 WARN   Polyline: must contain at least 2 different points
2026-08-27 17:30:50.057 WARN   Polyline: must contain at least 2 different points
2026-08-27 17:30:50.057 WARN   Polyline: must contain at least 2 different points
2026-08-27 17:30:50.057 WARN   Polyline: must contain at least 2 different points
2026-08-27 17:30:50.058 WARN   Polyline: must contain at least 2 different points
2026-08-27 17:30:50.058 WARN   Polyline: must contain at least 2 different points
2026-08-27 17:30:50.058 WARN   Polyline: must contain at least 2 different points
2026-08-27 17:30:50.058 WARN   Polyline: must contain at least 2 different points
2026-08-27 17:30:50.058 WARN   Polyline: must contain at least 2 different points
2026-08-27 17:30:50.058 WARN   Polyline: must contain at least 2 different points
2026-08-27 17:30:50.058 WARN   Polyline: must contain at least 2 different points
2026-08-27 17:30:50.059 WARN   Polyline: must contain at least 2 different points
2026-08-27 17:30:50.059 WARN   Polyline: must contain at least 2 different points
2026-08-27 17:30:50.059 WARN   Polyline: must contain at least 2 different points
2026-08-27 17:30:50.059 WARN   Polyline: must contain at least 2 different points
2026-08-27 17:30:50.059 WARN   Polyline: must contain at least 2 different points
2026-08-27 17:30:50.059 WARN   Polyline: must contain at least 2 different points
2026-08-27 17:30:50.060 WARN   Polyline: must contain at least 2 different points
2026-08-27 17:30:50.060 WARN   Polyline: must contain at least 2 different points
2026-08-27 17:30:50.060 WARN   Polyline: must contain at least 2 different points
2026-08-27 17:30:50.060 WARN   Polyline: must contain at least 2 different points
2026-08-27 17:30:50.060 WARN   Polyline: must contain at least 2 different points
2026-08-27 17:30:50.060 WARN   Polyline: must contain at least 2 different points
2026-08-27 17:30:50.061 WARN   Polyline: must contain at least 2 different points
2026-08-27 17:30:50.061 WARN   Polyline: must contain at least 2 different points
2026-08-27 17:30:50.061 WARN   Polyline: must contain at least 2 different points
2026-08-27 17:30:50.061 WARN   Polyline: must contain at least 2 different points
2026-08-27 17:30:50.061 WARN   Polyline: must contain at least 2 different points
2026-08-27 17:30:50.061 WARN   Polyline: must contain at least 2 different points
2026-08-27 17:30:50.061 WARN   Polyline: must contain at least 2 different points
2026-08-27 17:30:50.062 WARN   Polyline: must contain at least 2 different points
2026-08-27 17:30:50.062 WARN   Polyline: must contain at least 2 different points
2026-08-27 17:30:50.062 WARN   Polyline: must contain at least 2 different points
2026-08-27 17:30:50.062 WARN   Polyline: must contain at least 2 different points
2026-08-27 17:30:50.062 WARN   Polyline: must contain at least 2 different points
2026-08-27 17:30:50.062 WARN   Polyline: must contain at least 2 different points
2026-08-27 17:30:50.063 WARN   Polyline: must contain at least 2 different points
2026-08-27 17:30:50.063 WARN   Polyline: must contain at least 2 different points
2026-08-27 17:30:50.063 WARN   Polyline: must contain at least 2 different points
2026-08-27 17:30:50.063 WARN   Polyline: must contain at least 2 different points
2026-08-27 17:30:50.063 WARN   Polyline: must contain at least 2 different points
2026-08-27 17:30:50.063 WARN   Polyline: must contain at least 2 different points
2026-08-27 17:30:50.063 WARN   Polyline: must contain at least 2 different points
2026-08-27 17:30:50.064 WARN   Polyline: must contain at least 2 different points
2026-08-27 17:30:50.064 WARN   Polyline: must contain at least 2 different points
2026-08-27 17:30:50.064 WARN   Polyline: must contain at least 2 different points
2026-08-27 17:30:50.064 WARN   Polyline: must contain at least 2 different points
2026-08-27 17:30:50.064 WARN   Polyline: must contain at least 2 different points
2026-08-27 17:30:50.064 WARN   Polyline: must contain at least 2 different points
2026-08-27 17:30:50.065 WARN   Polyline: must contain at least 2 different points
2026-08-27 17:30:50.065 WARN   Polyline: must contain at least 2 different points
2026-08-27 17:30:50.065 WARN   Polyline: must contain at least 2 different points
2026-08-27 17:30:50.065 WARN   Polyline: must contain at least 2 different points
2026-08-27 17:30:50.065 WARN   Polyline: must contain at least 2 different points
2026-08-27 17:30:50.065 WARN   Polyline: must contain at least 2 different points
2026-08-27 17:30:50.066 WARN   Polyline: must contain at least 2 different points
2026-08-27 17:30:50.066 WARN   Polyline: must contain at least 2 different points
2026-08-27 17:30:50.066 WARN   Polyline: must contain at least 2 different points
2026-08-27 17:30:50.066 WARN   Polyline: must contain at least 2 different points
2026-08-27 17:30:50.066 WARN   Polyline: must contain at least 2 different points
2026-08-27 17:30:50.066 WARN   Polyline: must contain at least 2 different points
2026-08-27 17:30:50.066 WARN   Polyline: must contain at least 2 different points
2026-08-27 17:30:50.067 WARN   Polyline: must contain at least 2 different points
2026-08-27 17:30:50.067 WARN   Polyline: must contain at least 2 different points
2026-08-27 17:30:50.067 WARN   Polyline: must contain at least 2 different points
2026-08-27 17:30:50.067 WARN   Polyline: must contain at least 2 different points
2026-08-27 17:30:50.067 WARN   Polyline: must contain at least 2 different points
2026-08-27 17:30:50.067 WARN   Polyline: must contain at least 2 different points
2026-08-27 17:30:50.068 WARN   Polyline: must contain at least 2 different points
2026-08-27 17:30:50.068 WARN   Polyline: must contain at least 2 different points
2026-08-27 17:30:50.068 WARN   Polyline: must contain at least 2 different points
2026-08-27 17:30:50.068 WARN   Polyline: must contain at least 2 different points
2026-08-27 17:30:50.068 WARN   Polyline: must contain at least 2 different points
2026-08-27 17:30:50.068 WARN   Polyline: must contain at least 2 different points
2026-08-27 17:30:50.068 WARN   Polyline: must contain at least 2 different points
2026-08-27 17:30:50.069 WARN   Polyline: must contain at least 2 different points
2026-08-27 17:30:50.069 WARN   Polyline: must contain at least 2 different points
2026-08-27 17:30:50.069 WARN   Polyline: must contain at least 2 different points
2026-08-27 17:30:50.069 WARN   Polyline: must contain at least 2 different points
2026-08-27 17:30:50.069 WARN   Polyline: must contain at least 2 different points
2026-08-27 17:30:50.069 WARN   Polyline: must contain at least 2 different points
2026-08-27 17:30:50.070 WARN   Polyline: must contain at least 2 different points
2026-08-27 17:30:50.070 WARN   Polyline: must contain at least 2 different points
2026-08-27 17:30:50.070 WARN   Polyline: must contain at least 2 different points
2026-08-27 17:30:50.070 WARN   Polyline: must contain at least 2 different points
2026-08-27 17:30:50.070 WARN   Polyline: must contain at least 2 different points
2026-08-27 17:30:50.070 WARN   Polyline: must contain at least 2 different points
2026-08-27 17:30:50.071 WARN   Polyline: must contain at least 2 different points
2026-08-27 17:30:50.071 WARN   Polyline: must contain at least 2 different points
2026-08-27 17:30:50.071 WARN   Polyline: must contain at least 2 different points
2026-08-27 17:30:50.071 WARN   Polyline: must contain at least 2 different points
2026-08-27 17:30:50.071 WARN   Polyline: must contain at least 2 different points
2026-08-27 17:30:50.071 WARN   Polyline: must contain at least 2 different points
2026-08-27 17:30:50.072 WARN   Polyline: must contain at least 2 different points
2026-08-27 17:30:50.072 WARN   Polyline: must contain at least 2 different points
2026-08-27 17:30:50.072 WARN   Polyline: must contain at least 2 different points
2026-08-27 17:30:50.072 WARN   Polyline: must contain at least 2 different points
2026-08-27 17:30:50.072 WARN   Polyline: must contain at least 2 different points
2026-08-27 17:30:50.072 WARN   Polyline: must contain at least 2 different points
2026-08-27 17:30:50.073 WARN   Polyline: must contain at least 2 different points
2026-08-27 17:30:50.073 WARN   Polyline: must contain at least 2 different points
2026-08-27 17:30:50.073 WARN   Polyline: must contain at least 2 different points
2026-08-27 17:30:50.073 WARN   Polyline: must contain at least 2 different points
2026-08-27 17:30:50.073 WARN   Polyline: must contain at least 2 different points
2026-08-27 17:30:50.073 WARN   Polyline: must contain at least 2 different points
2026-08-27 17:30:50.074 WARN   Polyline: must contain at least 2 different points
2026-08-27 17:30:50.074 WARN   Polyline: must contain at least 2 different points
2026-08-27 17:30:50.074 WARN   Polyline: must contain at least 2 different points
2026-08-27 17:30:50.074 WARN   Polyline: must contain at least 2 different points
2026-08-27 17:30:50.074 WARN   Polyline: must contain at least 2 different points
2026-08-27 17:30:50.074 WARN   Polyline: must contain at least 2 different points
2026-08-27 17:30:50.074 WARN   Polyline: must contain at least 2 different points
2026-08-27 17:30:50.075 WARN   Polyline: must contain at least 2 different points
2026-08-27 17:30:50.075 WARN   Polyline: must contain at least 2 different points
2026-08-27 17:30:50.075 WARN   Polyline: must contain at least 2 different points
2026-08-27 17:30:50.075 WARN   Polyline: must contain at least 2 different points
2026-08-27 17:30:50.075 WARN   Polyline: must contain at least 2 different points
2026-08-27 17:30:50.075 WARN   Polyline: must contain at least 2 different points
2026-08-27 17:30:50.076 WARN   Polyline: must contain at least 2 different points
2026-08-27 17:30:50.076 WARN   Polyline: must contain at least 2 different points
2026-08-27 17:30:50.076 WARN   Polyline: must contain at least 2 different points
2026-08-27 17:30:50.076 WARN   Polyline: must contain at least 2 different points
2026-08-27 17:30:50.077 WARN   Polyline: must contain at least 2 different points
2026-08-27 17:30:50.077 WARN   Polyline: must contain at least 2 different points
2026-08-27 17:30:50.077 WARN   Polyline: must contain at least 2 different points
2026-08-27 17:30:50.077 WARN   Polyline: must contain at least 2 different points
2026-08-27 17:30:50.077 WARN   Polyline: must contain at least 2 different points
2026-08-27 17:30:50.077 WARN   Polyline: must contain at least 2 different points
2026-08-27 17:30:50.078 WARN   Polyline: must contain at least 2 different points
2026-08-27 17:30:50.078 WARN   Polyline: must contain at least 2 different points
2026-08-27 17:30:50.078 WARN   Polyline: must contain at least 2 different points
2026-08-27 17:30:50.078 WARN   Polyline: must contain at least 2 different points
2026-08-27 17:30:50.078 WARN   Polyline: must contain at least 2 different points
2026-08-27 17:30:50.078 WARN   Polyline: must contain at least 2 different points
2026-08-27 17:30:50.079 WARN   Polyline: must contain at least 2 different points
2026-08-27 17:30:50.079 WARN   Polyline: must contain at least 2 different points
2026-08-27 17:30:50.079 WARN   Polyline: must contain at least 2 different points
2026-08-27 17:30:50.079 WARN   Polyline: must contain at least 2 different points
2026-08-27 17:30:50.079 WARN   Polyline: must contain at least 2 different points
2026-08-27 17:30:50.079 WARN   Polyline: must contain at least 2 different points
2026-08-27 17:30:50.079 WARN   Polyline: must contain at least 2 different points
2026-08-27 17:30:50.080 WARN   Polyline: must contain at least 2 different points
2026-08-27 17:30:50.080 WARN   Polyline: must contain at least 2 different points
2026-08-27 17:30:50.080 WARN   Polyline: must contain at least 2 different points
2026-08-27 17:30:50.080 WARN   Polyline: must contain at least 2 different points
2026-08-27 17:30:50.080 WARN   Polyline: must contain at least 2 different points
2026-08-27 17:30:50.080 WARN   Polyline: must contain at least 2 different points
2026-08-27 17:30:50.081 WARN   Polyline: must contain at least 2 different points
2026-08-27 17:30:50.081 WARN   Polyline: must contain at least 2 different points
2026-08-27 17:30:50.081 WARN   Polyline: must contain at least 2 different points
2026-08-27 17:30:50.081 WARN   Polyline: must contain at least 2 different points
2026-08-27 17:30:50.081 WARN   Polyline: must contain at least 2 different points
2026-08-27 17:30:50.081 WARN   Polyline: must contain at least 2 different points
2026-08-27 17:30:50.081 WARN   Polyline: must contain at least 2 different points
2026-08-27 17:30:50.082 WARN   Polyline: must contain at least 2 different points
2026-08-27 17:30:50.082 WARN   Polyline: must contain at least 2 different points
2026-08-27 17:30:50.082 WARN   Polyline: must contain at least 2 different points
2026-08-27 17:30:50.082 WARN   Polyline: must contain at least 2 different points
2026-08-27 17:30:50.082 WARN   Polyline: must contain at least 2 different points
2026-08-27 17:30:50.082 WARN   Polyline: must contain at least 2 different points
2026-08-27 17:30:50.083 WARN   Polyline: must contain at least 2 different points
2026-08-27 17:30:50.083 WARN   Polyline: must contain at least 2 different points
2026-08-27 17:30:50.083 WARN   Polyline: must contain at least 2 different points
2026-08-27 17:30:50.083 WARN   Polyline: must contain at least 2 different points
2026-08-27 17:30:50.083 WARN   Polyline: must contain at least 2 different points
2026-08-27 17:30:50.083 WARN   Polyline: must contain at least 2 different points
2026-08-27 17:30:50.084 WARN   Polyline: must contain at least 2 different points
2026-08-27 17:30:50.084 WARN   Polyline: must contain at least 2 different points
2026-08-27 17:30:50.084 WARN   Polyline: must contain at least 2 different points
2026-08-27 17:30:50.084 WARN   Polyline: must contain at least 2 different points
2026-08-27 17:30:50.084 WARN   Polyline: must contain at least 2 different points
2026-08-27 17:30:50.084 WARN   Polyline: must contain at least 2 different points
2026-08-27 17:30:50.085 WARN   Polyline: must contain at least 2 different points
2026-08-27 17:30:50.085 WARN   Polyline: must contain at least 2 different points
2026-08-27 17:30:50.085 WARN   Polyline: must contain at least 2 different points
2026-08-27 17:30:50.085 WARN   Polyline: must contain at least 2 different points
2026-08-27 17:30:50.085 WARN   Polyline: must contain at least 2 different points
2026-08-27 17:30:50.085 WARN   Polyline: must contain at least 2 different points
2026-08-27 17:30:50.086 WARN   Polyline: must contain at least 2 different points
2026-08-27 17:30:50.086 WARN   Polyline: must contain at least 2 different points
2026-08-27 17:30:50.086 WARN   Polyline: must contain at least 2 different points
2026-08-27 17:30:50.086 WARN   Polyline: must contain at least 2 different points
2026-08-27 17:30:50.086 WARN   Polyline: must contain at least 2 different points
2026-08-27 17:30:50.086 WARN   Polyline: must contain at least 2 different points
2026-08-27 17:30:50.086 WARN   Polyline: must contain at least 2 different points
2026-08-27 17:30:50.087 WARN   Polyline: must contain at least 2 different points
2026-08-27 17:30:50.087 WARN   Polyline: must contain at least 2 different points
2026-08-27 17:30:50.087 WARN   Polyline: must contain at least 2 different points
2026-08-27 17:30:50.087 WARN   Polyline: must contain at least 2 different points
2026-08-27 17:30:50.087 WARN   Polyline: must contain at least 2 different points
2026-08-27 17:30:50.087 WARN   Polyline: must contain at least 2 different points
2026-08-27 17:30:50.088 WARN   Polyline: must contain at least 2 different points
2026-08-27 17:30:50.088 WARN   Polyline: must contain at least 2 different points
2026-08-27 17:30:50.088 WARN   Polyline: must contain at least 2 different points
2026-08-27 17:30:50.088 WARN   Polyline: must contain at least 2 different points
2026-08-27 17:30:50.088 WARN   Polyline: must contain at least 2 different points
2026-08-27 17:30:50.088 WARN   Polyline: must contain at least 2 different points
2026-08-27 17:30:50.089 WARN   Polyline: must contain at least 2 different points
2026-08-27 17:30:50.089 WARN   Polyline: must contain at least 2 different points
2026-08-27 17:30:50.089 WARN   Polyline: must contain at least 2 different points
2026-08-27 17:30:50.089 WARN   Polyline: must contain at least 2 different points
2026-08-27 17:30:50.089 WARN   Polyline: must contain at least 2 different points
2026-08-27 17:30:50.089 WARN   Polyline: must contain at least 2 different points
2026-08-27 17:30:50.090 WARN   Polyline: must contain at least 2 different points
2026-08-27 17:30:50.090 WARN   Polyline: must contain at least 2 different points
2026-08-27 17:30:50.090 WARN   Polyline: must contain at least 2 different points
2026-08-27 17:30:50.090 WARN   Polyline: must contain at least 2 different points
2026-08-27 17:30:50.090 WARN   Polyline: must contain at least 2 different points
2026-08-27 17:30:50.090 WARN   Polyline: must contain at least 2 different points
2026-08-27 17:30:50.090 WARN   Polyline: must contain at least 2 different points
2026-08-27 17:30:50.091 WARN   Polyline: must contain at least 2 different points
2026-08-27 17:30:50.091 WARN   Polyline: must contain at least 2 different points
2026-08-27 17:30:50.091 WARN   Polyline: must contain at least 2 different points
2026-08-27 17:30:50.091 WARN   Polyline: must contain at least 2 different points
2026-08-27 17:30:50.091 WARN   Polyline: must contain at least 2 different points
2026-08-27 17:30:50.091 WARN   Polyline: must contain at least 2 different points
2026-08-27 17:30:50.092 WARN   Polyline: must contain at least 2 different points
2026-08-27 17:30:50.092 WARN   Polyline: must contain at least 2 different points
2026-08-27 17:30:50.092 WARN   Polyline: must contain at least 2 different points
2026-08-27 17:30:50.092 WARN   Polyline: must contain at least 2 different points
2026-08-27 17:30:50.092 WARN   Polyline: must contain at least 2 different points
2026-08-27 17:30:50.092 WARN   Polyline: must contain at least 2 different points
2026-08-27 17:30:50.093 WARN   Polyline: must contain at least 2 different points
2026-08-27 17:30:50.093 WARN   Polyline: must contain at least 2 different points
2026-08-27 17:30:50.093 WARN   Polyline: must contain at least 2 different points
2026-08-27 17:30:50.093 WARN   Polyline: must contain at least 2 different points
2026-08-27 17:30:50.093 WARN   Polyline: must contain at least 2 different points
2026-08-27 17:30:50.093 WARN   Polyline: must contain at least 2 different points
2026-08-27 17:30:50.094 WARN   Polyline: must contain at least 2 different points
2026-08-27 17:30:50.094 WARN   Polyline: must contain at least 2 different points
2026-08-27 17:30:50.094 WARN   Polyline: must contain at least 2 different points
2026-08-27 17:30:50.094 WARN   Polyline: must contain at least 2 different points
2026-08-27 17:30:50.094 WARN   Polyline: must contain at least 2 different points
2026-08-27 17:30:50.094 WARN   Polyline: must contain at least 2 different points
2026-08-27 17:30:50.095 WARN   Polyline: must contain at least 2 different points
2026-08-27 17:30:50.095 WARN   Polyline: must contain at least 2 different points
2026-08-27 17:30:50.095 WARN   Polyline: must contain at least 2 different points
2026-08-27 17:30:50.095 WARN   Polyline: must contain at least 2 different points
2026-08-27 17:30:50.095 WARN   Polyline: must contain at least 2 different points
2026-08-27 17:30:50.095 WARN   Polyline: must contain at least 2 different points
2026-08-27 17:30:50.096 WARN   Polyline: must contain at least 2 different points
2026-08-27 17:30:50.096 WARN   Polyline: must contain at least 2 different points
2026-08-27 17:30:50.096 WARN   Polyline: must contain at least 2 different points
2026-08-27 17:30:50.096 WARN   Polyline: must contain at least 2 different points
2026-08-27 17:30:50.096 WARN   Polyline: must contain at least 2 different points
2026-08-27 17:30:50.096 WARN   Polyline: must contain at least 2 different points
2026-08-27 17:30:50.096 WARN   Polyline: must contain at least 2 different points
2026-08-27 17:30:50.097 WARN   Polyline: must contain at least 2 different points
2026-08-27 17:30:50.097 WARN   Polyline: must contain at least 2 different points
2026-08-27 17:30:50.097 WARN   Polyline: must contain at least 2 different points
2026-08-27 17:30:50.097 WARN   Polyline: must contain at least 2 different points
2026-08-27 17:30:50.097 WARN   Polyline: must contain at least 2 different points
2026-08-27 17:30:50.097 WARN   Polyline: must contain at least 2 different points
2026-08-27 17:30:50.097 WARN   Polyline: must contain at least 2 different points
2026-08-27 17:30:50.098 WARN   Polyline: must contain at least 2 different points
2026-08-27 17:30:50.098 WARN   Polyline: must contain at least 2 different points
2026-08-27 17:30:50.098 WARN   Polyline: must contain at least 2 different points
2026-08-27 17:30:50.098 WARN   Polyline: must contain at least 2 different points
2026-08-27 17:30:50.098 WARN   Polyline: must contain at least 2 different points
2026-08-27 17:30:50.098 WARN   Polyline: must contain at least 2 different points
2026-08-27 17:30:50.099 WARN   Polyline: must contain at least 2 different points
2026-08-27 17:30:50.099 WARN   Polyline: must contain at least 2 different points
2026-08-27 17:30:50.099 WARN   Polyline: must contain at least 2 different points
2026-08-27 17:30:50.099 WARN   Polyline: must contain at least 2 different points
2026-08-27 17:30:50.099 WARN   Polyline: must contain at least 2 different points
2026-08-27 17:30:50.099 WARN   Polyline: must contain at least 2 different points
2026-08-27 17:30:50.099 WARN   Polyline: must contain at least 2 different points
2026-08-27 17:30:50.100 WARN   Polyline: must contain at least 2 different points
2026-08-27 17:30:50.100 WARN   Polyline: must contain at least 2 different points
2026-08-27 17:30:50.100 WARN   Polyline: must contain at least 2 different points
2026-08-27 17:30:50.100 WARN   Polyline: must contain at least 2 different points
2026-08-27 17:30:50.100 WARN   Polyline: must contain at least 2 different points
2026-08-27 17:30:50.100 WARN   Polyline: must contain at least 2 different points
2026-08-27 17:30:50.101 WARN   Polyline: must contain at least 2 different points
2026-08-27 17:30:50.101 WARN   Polyline: must contain at least 2 different points
2026-08-27 17:30:50.101 WARN   Polyline: must contain at least 2 different points
2026-08-27 17:30:50.101 WARN   Polyline: must contain at least 2 different points
2026-08-27 17:30:50.101 WARN   Polyline: must contain at least 2 different points
2026-08-27 17:30:50.101 WARN   Polyline: must contain at least 2 different points
2026-08-27 17:30:50.101 WARN   Polyline: must contain at least 2 different points
2026-08-27 17:30:50.102 WARN   Polyline: must contain at least 2 different points
2026-08-27 17:30:50.102 WARN   Polyline: must contain at least 2 different points
2026-08-27 17:30:50.102 WARN   Polyline: must contain at least 2 different points
2026-08-27 17:30:50.102 WARN   Polyline: must contain at least 2 different points
2026-08-27 17:30:50.102 WARN   Polyline: must contain at least 2 different points
2026-08-27 17:30:50.102 WARN   Polyline: must contain at least 2 different points
2026-08-27 17:30:50.102 WARN   Polyline: must contain at least 2 different points
2026-08-27 17:30:50.103 WARN   Polyline: must contain at least 2 different points
2026-08-27 17:30:50.103 WARN   Polyline: must contain at least 2 different points
2026-08-27 17:30:50.103 WARN   Polyline: must contain at least 2 different points
2026-08-27 17:30:50.103 WARN   Polyline: must contain at least 2 different points
2026-08-27 17:30:50.103 WARN   Polyline: must contain at least 2 different points
2026-08-27 17:30:50.103 WARN   Polyline: must contain at least 2 different points
2026-08-27 17:30:50.104 WARN   Polyline: must contain at least 2 different points
2026-08-27 17:30:50.104 WARN   Polyline: must contain at least 2 different points
2026-08-27 17:30:50.104 WARN   Polyline: must contain at least 2 different points
2026-08-27 17:30:50.104 WARN   Polyline: must contain at least 2 different points
2026-08-27 17:30:50.104 WARN   Polyline: must contain at least 2 different points
2026-08-27 17:30:50.104 WARN   Polyline: must contain at least 2 different points
2026-08-27 17:30:50.104 WARN   Polyline: must contain at least 2 different points
2026-08-27 17:30:50.105 WARN   Polyline: must contain at least 2 different points
2026-08-27 17:30:50.105 WARN   Polyline: must contain at least 2 different points
2026-08-27 17:30:50.105 WARN   Polyline: must contain at least 2 different points
2026-08-27 17:30:50.105 WARN   Polyline: must contain at least 2 different points
2026-08-27 17:30:50.105 WARN   Polyline: must contain at least 2 different points
2026-08-27 17:30:50.105 WARN   Polyline: must contain at least 2 different points
2026-08-27 17:30:50.106 WARN   Polyline: must contain at least 2 different points
2026-08-27 17:30:50.106 WARN   Polyline: must contain at least 2 different points
2026-08-27 17:30:50.106 WARN   Polyline: must contain at least 2 different points
2026-08-27 17:30:50.106 WARN   Polyline: must contain at least 2 different points
2026-08-27 17:30:50.106 WARN   Polyline: must contain at least 2 different points
2026-08-27 17:30:50.106 WARN   Polyline: must contain at least 2 different points
2026-08-27 17:30:50.106 WARN   Polyline: must contain at least 2 different points
2026-08-27 17:30:50.107 WARN   Polyline: must contain at least 2 different points
2026-08-27 17:30:50.107 WARN   Polyline: must contain at least 2 different points
2026-08-27 17:30:50.107 WARN   Polyline: must contain at least 2 different points
2026-08-27 17:30:50.107 WARN   Polyline: must contain at least 2 different points
2026-08-27 17:30:50.107 WARN   Polyline: must contain at least 2 different points
2026-08-27 17:30:50.107 WARN   Polyline: must contain at least 2 different points
2026-08-27 17:30:50.108 WARN   Polyline: must contain at least 2 different points
2026-08-27 17:30:50.108 WARN   Polyline: must contain at least 2 different points
2026-08-27 17:30:50.108 WARN   Polyline: must contain at least 2 different points
2026-08-27 17:30:50.108 WARN   Polyline: must contain at least 2 different points
2026-08-27 17:30:50.108 WARN   Polyline: must contain at least 2 different points
2026-08-27 17:30:50.108 WARN   Polyline: must contain at least 2 different points
2026-08-27 17:30:50.108 WARN   Polyline: must contain at least 2 different points
2026-08-27 17:30:50.108 WARN   Polyline: must contain at least 2 different points
2026-08-27 17:30:50.109 WARN   Polyline: must contain at least 2 different points
2026-08-27 17:30:50.109 WARN   Polyline: must contain at least 2 different points
2026-08-27 17:30:50.109 WARN   Polyline: must contain at least 2 different points
2026-08-27 17:30:50.109 WARN   Polyline: must contain at least 2 different points
2026-08-27 17:30:50.109 WARN   Polyline: must contain at least 2 different points
2026-08-27 17:30:50.109 WARN   Polyline: must contain at least 2 different points
2026-08-27 17:30:50.110 WARN   Polyline: must contain at least 2 different points
2026-08-27 17:30:50.110 WARN   Polyline: must contain at least 2 different points
2026-08-27 17:30:50.110 WARN   Polyline: must contain at least 2 different points
2026-08-27 17:30:50.110 WARN   Polyline: must contain at least 2 different points
2026-08-27 17:30:50.110 WARN   Polyline: must contain at least 2 different points
2026-08-27 17:30:50.110 WARN   Polyline: must contain at least 2 different points
2026-08-27 17:30:50.111 WARN   Polyline: must contain at least 2 different points
2026-08-27 17:30:50.111 WARN   Polyline: must contain at least 2 different points
2026-08-27 17:30:50.111 WARN   Polyline: must contain at least 2 different points
2026-08-27 17:30:50.111 WARN   Polyline: must contain at least 2 different points
2026-08-27 17:30:50.111 WARN   Polyline: must contain at least 2 different points
2026-08-27 17:30:50.111 WARN   Polyline: must contain at least 2 different points
2026-08-27 17:30:50.111 WARN   Polyline: must contain at least 2 different points
2026-08-27 17:30:50.112 WARN   Polyline: must contain at least 2 different points
2026-08-27 17:30:50.112 WARN   Polyline: must contain at least 2 different points
2026-08-27 17:30:50.112 WARN   Polyline: must contain at least 2 different points
2026-08-27 17:30:50.112 WARN   Polyline: must contain at least 2 different points
2026-08-27 17:30:50.112 WARN   Polyline: must contain at least 2 different points
2026-08-27 17:30:50.112 WARN   Polyline: must contain at least 2 different points
2026-08-27 17:30:50.113 WARN   Polyline: must contain at least 2 different points
2026-08-27 17:30:50.113 WARN   Polyline: must contain at least 2 different points
2026-08-27 17:30:50.113 WARN   Polyline: must contain at least 2 different points
2026-08-27 17:30:50.113 WARN   Polyline: must contain at least 2 different points
2026-08-27 17:30:50.113 WARN   Polyline: must contain at least 2 different points
2026-08-27 17:30:50.113 WARN   Polyline: must contain at least 2 different points
2026-08-27 17:30:50.114 WARN   Polyline: must contain at least 2 different points
2026-08-27 17:30:50.114 WARN   Polyline: must contain at least 2 different points
2026-08-27 17:30:50.114 WARN   Polyline: must contain at least 2 different points
2026-08-27 17:30:50.114 WARN   Polyline: must contain at least 2 different points
2026-08-27 17:30:50.114 WARN   Polyline: must contain at least 2 different points
2026-08-27 17:30:50.114 WARN   Polyline: must contain at least 2 different points
2026-08-27 17:30:50.114 WARN   Polyline: must contain at least 2 different points
2026-08-27 17:30:50.115 WARN   Polyline: must contain at least 2 different points
2026-08-27 17:30:50.115 WARN   Polyline: must contain at least 2 different points
2026-08-27 17:30:50.115 WARN   Polyline: must contain at least 2 different points
2026-08-27 17:30:50.115 WARN   Polyline: must contain at least 2 different points
2026-08-27 17:30:50.115 WARN   Polyline: must contain at least 2 different points
2026-08-27 17:30:50.115 WARN   Polyline: must contain at least 2 different points
2026-08-27 17:30:50.116 WARN   Polyline: must contain at least 2 different points
2026-08-27 17:30:50.116 WARN   Polyline: must contain at least 2 different points
2026-08-27 17:30:50.116 WARN   Polyline: must contain at least 2 different points
2026-08-27 17:30:50.116 WARN   Polyline: must contain at least 2 different points
2026-08-27 17:30:50.116 WARN   Polyline: must contain at least 2 different points
2026-08-27 17:30:50.116 WARN   Polyline: must contain at least 2 different points
2026-08-27 17:30:50.117 WARN   Polyline: must contain at least 2 different points
2026-08-27 17:30:50.117 WARN   Polyline: must contain at least 2 different points
2026-08-27 17:30:50.117 WARN   Polyline: must contain at least 2 different points
2026-08-27 17:30:50.117 WARN   Polyline: must contain at least 2 different points
2026-08-27 17:30:50.117 WARN   Polyline: must contain at least 2 different points
2026-08-27 17:30:50.117 WARN   Polyline: must contain at least 2 different points
2026-08-27 17:30:50.117 WARN   Polyline: must contain at least 2 different points
2026-08-27 17:30:50.118 WARN   Polyline: must contain at least 2 different points
2026-08-27 17:30:50.118 WARN   Polyline: must contain at least 2 different points
2026-08-27 17:30:50.118 WARN   Polyline: must contain at least 2 different points
2026-08-27 17:30:50.118 WARN   Polyline: must contain at least 2 different points
2026-08-27 17:30:50.118 WARN   Polyline: must contain at least 2 different points
2026-08-27 17:30:50.118 WARN   Polyline: must contain at least 2 different points
2026-08-27 17:30:50.119 WARN   Polyline: must contain at least 2 different points
2026-08-27 17:30:50.119 WARN   Polyline: must contain at least 2 different points
2026-08-27 17:30:50.119 WARN   Polyline: must contain at least 2 different points
2026-08-27 17:30:50.119 WARN   Polyline: must contain at least 2 different points
2026-08-27 17:30:50.119 WARN   Polyline: must contain at least 2 different points
2026-08-27 17:30:50.119 WARN   Polyline: must contain at least 2 different points
2026-08-27 17:30:50.120 WARN   Polyline: must contain at least 2 different points
2026-08-27 17:30:50.120 WARN   Polyline: must contain at least 2 different points
2026-08-27 17:30:50.120 WARN   Polyline: must contain at least 2 different points
2026-08-27 17:30:50.120 WARN   Polyline: must contain at least 2 different points
2026-08-27 17:30:50.120 WARN   Polyline: must contain at least 2 different points
2026-08-27 17:30:50.120 WARN   Polyline: must contain at least 2 different points
2026-08-27 17:30:50.120 WARN   Polyline: must contain at least 2 different points
2026-08-27 17:30:50.121 WARN   Polyline: must contain at least 2 different points
2026-08-27 17:30:50.121 WARN   Polyline: must contain at least 2 different points
2026-08-27 17:30:50.121 WARN   Polyline: must contain at least 2 different points
2026-08-27 17:30:50.121 WARN   Polyline: must contain at least 2 different points
2026-08-27 17:30:50.121 WARN   Polyline: must contain at least 2 different points
2026-08-27 17:30:50.121 WARN   Polyline: must contain at least 2 different points
2026-08-27 17:30:50.122 WARN   Polyline: must contain at least 2 different points
2026-08-27 17:30:50.122 WARN   Polyline: must contain at least 2 different points
2026-08-27 17:30:50.122 WARN   Polyline: must contain at least 2 different points
2026-08-27 17:30:50.122 WARN   Polyline: must contain at least 2 different points
2026-08-27 17:30:50.122 WARN   Polyline: must contain at least 2 different points
2026-08-27 17:30:50.122 WARN   Polyline: must contain at least 2 different points
2026-08-27 17:30:50.123 WARN   Polyline: must contain at least 2 different points
2026-08-27 17:30:50.123 WARN   Polyline: must contain at least 2 different points
2026-08-27 17:30:50.123 WARN   Polyline: must contain at least 2 different points
2026-08-27 17:30:50.123 WARN   Polyline: must contain at least 2 different points
2026-08-27 17:30:50.123 WARN   Polyline: must contain at least 2 different points
2026-08-27 17:30:50.123 WARN   Polyline: must contain at least 2 different points
2026-08-27 17:30:50.123 WARN   Polyline: must contain at least 2 different points
2026-08-27 17:30:50.124 WARN   Polyline: must contain at least 2 different points
2026-08-27 17:30:50.124 WARN   Polyline: must contain at least 2 different points
2026-08-27 17:30:50.124 WARN   Polyline: must contain at least 2 different points
2026-08-27 17:30:50.124 WARN   Polyline: must contain at least 2 different points
2026-08-27 17:30:50.124 WARN   Polyline: must contain at least 2 different points
2026-08-27 17:30:50.124 WARN   Polyline: must contain at least 2 different points
2026-08-27 17:30:50.125 WARN   Polyline: must contain at least 2 different points
2026-08-27 17:30:50.125 WARN   Polyline: must contain at least 2 different points
2026-08-27 17:30:50.125 WARN   Polyline: must contain at least 2 different points
2026-08-27 17:30:50.125 WARN   Polyline: must contain at least 2 different points
2026-08-27 17:30:50.125 WARN   Polyline: must contain at least 2 different points
2026-08-27 17:30:50.125 WARN   Polyline: must contain at least 2 different points
2026-08-27 17:30:50.126 WARN   Polyline: must contain at least 2 different points
2026-08-27 17:30:50.126 WARN   Polyline: must contain at least 2 different points
2026-08-27 17:30:50.126 WARN   Polyline: must contain at least 2 different points
2026-08-27 17:30:50.126 WARN   Polyline: must contain at least 2 different points
2026-08-27 17:30:50.126 WARN   Polyline: must contain at least 2 different points
2026-08-27 17:30:50.126 WARN   Polyline: must contain at least 2 different points
2026-08-27 17:30:50.126 WARN   Polyline: must contain at least 2 different points
2026-08-27 17:30:50.127 WARN   Polyline: must contain at least 2 different points
2026-08-27 17:30:50.127 WARN   Polyline: must contain at least 2 different points
2026-08-27 17:30:50.127 WARN   Polyline: must contain at least 2 different points
2026-08-27 17:30:50.127 WARN   Polyline: must contain at least 2 different points
2026-08-27 17:30:50.127 WARN   Polyline: must contain at least 2 different points
2026-08-27 17:30:50.127 WARN   Polyline: must contain at least 2 different points
2026-08-27 17:30:50.127 WARN   Polyline: must contain at least 2 different points
2026-08-27 17:30:50.128 WARN   Polyline: must contain at least 2 different points
2026-08-27 17:30:50.128 WARN   Polyline: must contain at least 2 different points
2026-08-27 17:30:50.128 WARN   Polyline: must contain at least 2 different points
2026-08-27 17:30:50.128 WARN   Polyline: must contain at least 2 different points
2026-08-27 17:30:50.128 WARN   Polyline: must contain at least 2 different points
2026-08-27 17:30:50.128 WARN   Polyline: must contain at least 2 different points
2026-08-27 17:30:50.128 WARN   Polyline: must contain at least 2 different points
2026-08-27 17:30:50.129 WARN   Polyline: must contain at least 2 different points
2026-08-27 17:30:50.129 WARN   Polyline: must contain at least 2 different points
2026-08-27 17:30:50.129 WARN   Polyline: must contain at least 2 different points
2026-08-27 17:30:50.129 WARN   Polyline: must contain at least 2 different points
2026-08-27 17:30:50.129 WARN   Polyline: must contain at least 2 different points
2026-08-27 17:30:50.129 WARN   Polyline: must contain at least 2 different points
2026-08-27 17:30:50.130 WARN   Polyline: must contain at least 2 different points
2026-08-27 17:30:50.130 WARN   Polyline: must contain at least 2 different points
2026-08-27 17:30:50.130 WARN   Polyline: must contain at least 2 different points
2026-08-27 17:30:50.130 WARN   Polyline: must contain at least 2 different points
2026-08-27 17:30:50.130 WARN   Polyline: must contain at least 2 different points
2026-08-27 17:30:50.130 WARN   Polyline: must contain at least 2 different points
2026-08-27 17:30:50.130 WARN   Polyline: must contain at least 2 different points
2026-08-27 17:30:50.131 WARN   Polyline: must contain at least 2 different points
2026-08-27 17:30:50.131 WARN   Polyline: must contain at least 2 different points
2026-08-27 17:30:50.131 WARN   Polyline: must contain at least 2 different points
2026-08-27 17:30:50.131 WARN   Polyline: must contain at least 2 different points
2026-08-27 17:30:50.131 WARN   Polyline: must contain at least 2 different points
2026-08-27 17:30:50.131 WARN   Polyline: must contain at least 2 different points
2026-08-27 17:30:50.132 WARN   Polyline: must contain at least 2 different points
2026-08-27 17:30:50.132 WARN   Polyline: must contain at least 2 different points
2026-08-27 17:30:50.132 WARN   Polyline: must contain at least 2 different points
2026-08-27 17:30:50.132 WARN   Polyline: must contain at least 2 different points
2026-08-27 17:30:50.132 WARN   Polyline: must contain at least 2 different points
2026-08-27 17:30:50.132 WARN   Polyline: must contain at least 2 different points
2026-08-27 17:30:50.133 WARN   Polyline: must contain at least 2 different points
2026-08-27 17:30:50.133 WARN   Polyline: must contain at least 2 different points
2026-08-27 17:30:50.133 WARN   Polyline: must contain at least 2 different points
2026-08-27 17:30:50.133 WARN   Polyline: must contain at least 2 different points
2026-08-27 17:30:50.133 WARN   Polyline: must contain at least 2 different points
2026-08-27 17:30:50.133 WARN   Polyline: must contain at least 2 different points
2026-08-27 17:30:50.134 WARN   Polyline: must contain at least 2 different points
2026-08-27 17:30:50.134 WARN   Polyline: must contain at least 2 different points
2026-08-27 17:30:50.134 WARN   Polyline: must contain at least 2 different points
2026-08-27 17:30:50.134 WARN   Polyline: must contain at least 2 different points
2026-08-27 17:30:50.134 WARN   Polyline: must contain at least 2 different points
2026-08-27 17:30:50.134 WARN   Polyline: must contain at least 2 different points
2026-08-27 17:30:50.134 WARN   Polyline: must contain at least 2 different points
2026-08-27 17:30:50.135 WARN   Polyline: must contain at least 2 different points
2026-08-27 17:30:50.135 WARN   Polyline: must contain at least 2 different points
2026-08-27 17:30:50.135 WARN   Polyline: must contain at least 2 different points
2026-08-27 17:30:50.135 WARN   Polyline: must contain at least 2 different points
2026-08-27 17:30:50.135 WARN   Polyline: must contain at least 2 different points
2026-08-27 17:30:50.135 WARN   Polyline: must contain at least 2 different points
2026-08-27 17:30:50.136 WARN   Polyline: must contain at least 2 different points
2026-08-27 17:30:50.136 WARN   Polyline: must contain at least 2 different points
2026-08-27 17:30:50.136 WARN   Polyline: must contain at least 2 different points
2026-08-27 17:30:50.136 WARN   Polyline: must contain at least 2 different points
2026-08-27 17:30:50.136 WARN   Polyline: must contain at least 2 different points
2026-08-27 17:30:50.136 WARN   Polyline: must contain at least 2 different points
2026-08-27 17:30:50.136 WARN   Polyline: must contain at least 2 different points
2026-08-27 17:30:50.137 WARN   Polyline: must contain at least 2 different points
2026-08-27 17:30:50.137 WARN   Polyline: must contain at least 2 different points
2026-08-27 17:30:50.137 WARN   Polyline: must contain at least 2 different points
2026-08-27 17:30:50.137 WARN   Polyline: must contain at least 2 different points
2026-08-27 17:30:50.137 WARN   Polyline: must contain at least 2 different points
2026-08-27 17:30:50.137 WARN   Polyline: must contain at least 2 different points
2026-08-27 17:30:50.138 WARN   Polyline: must contain at least 2 different points
2026-08-27 17:30:50.138 WARN   Polyline: must contain at least 2 different points
2026-08-27 17:30:50.138 WARN   Polyline: must contain at least 2 different points
2026-08-27 17:30:50.138 WARN   Polyline: must contain at least 2 different points
2026-08-27 17:30:50.138 WARN   Polyline: must contain at least 2 different points
2026-08-27 17:30:50.138 WARN   Polyline: must contain at least 2 different points
2026-08-27 17:30:50.138 WARN   Polyline: must contain at least 2 different points
2026-08-27 17:30:50.139 WARN   Polyline: must contain at least 2 different points
2026-08-27 17:30:50.139 WARN   Polyline: must contain at least 2 different points
2026-08-27 17:30:50.139 WARN   Polyline: must contain at least 2 different points
2026-08-27 17:30:50.139 WARN   Polyline: must contain at least 2 different points
2026-08-27 17:30:50.139 WARN   Polyline: must contain at least 2 different points
2026-08-27 17:30:50.139 WARN   Polyline: must contain at least 2 different points
2026-08-27 17:30:50.139 WARN   Polyline: must contain at least 2 different points
2026-08-27 17:30:50.140 WARN   Polyline: must contain at least 2 different points
2026-08-27 17:30:50.140 WARN   Polyline: must contain at least 2 different points
2026-08-27 17:30:50.140 WARN   Polyline: must contain at least 2 different points
2026-08-27 17:30:50.140 WARN   Polyline: must contain at least 2 different points
2026-08-27 17:30:50.140 WARN   Polyline: must contain at least 2 different points
2026-08-27 17:30:50.140 WARN   Polyline: must contain at least 2 different points
2026-08-27 17:30:50.141 WARN   Polyline: must contain at least 2 different points
2026-08-27 17:30:50.141 WARN   Polyline: must contain at least 2 different points
2026-08-27 17:30:50.141 WARN   Polyline: must contain at least 2 different points
2026-08-27 17:30:50.141 WARN   Polyline: must contain at least 2 different points
2026-08-27 17:30:50.141 WARN   Polyline: must contain at least 2 different points
2026-08-27 17:30:50.141 WARN   Polyline: must contain at least 2 different points
2026-08-27 17:30:50.141 WARN   Polyline: must contain at least 2 different points
2026-08-27 17:30:50.142 WARN   Polyline: must contain at least 2 different points
2026-08-27 17:30:50.142 WARN   Polyline: must contain at least 2 different points
2026-08-27 17:30:50.142 WARN   Polyline: must contain at least 2 different points
2026-08-27 17:30:50.142 WARN   Polyline: must contain at least 2 different points
2026-08-27 17:30:50.142 WARN   Polyline: must contain at least 2 different points
2026-08-27 17:30:50.142 WARN   Polyline: must contain at least 2 different points
2026-08-27 17:30:50.142 WARN   Polyline: must contain at least 2 different points
2026-08-27 17:30:50.143 WARN   Polyline: must contain at least 2 different points
2026-08-27 17:30:50.143 WARN   Polyline: must contain at least 2 different points
2026-08-27 17:30:50.143 WARN   Polyline: must contain at least 2 different points
2026-08-27 17:30:50.143 WARN   Polyline: must contain at least 2 different points
2026-08-27 17:30:50.143 WARN   Polyline: must contain at least 2 different points
2026-08-27 17:30:50.143 WARN   Polyline: must contain at least 2 different points
2026-08-27 17:30:50.143 WARN   Polyline: must contain at least 2 different points
2026-08-27 17:30:50.144 WARN   Polyline: must contain at least 2 different points
2026-08-27 17:30:50.144 WARN   Polyline: must contain at least 2 different points
2026-08-27 17:30:50.144 WARN   Polyline: must contain at least 2 different points
2026-08-27 17:30:50.144 WARN   Polyline: must contain at least 2 different points
2026-08-27 17:30:50.144 WARN   Polyline: must contain at least 2 different points
2026-08-27 17:30:50.144 WARN   Polyline: must contain at least 2 different points
2026-08-27 17:30:50.144 WARN   Polyline: must contain at least 2 different points
2026-08-27 17:30:50.145 WARN   Polyline: must contain at least 2 different points
2026-08-27 17:30:50.145 WARN   Polyline: must contain at least 2 different points
2026-08-27 17:30:50.145 WARN   Polyline: must contain at least 2 different points
2026-08-27 17:30:50.145 WARN   Polyline: must contain at least 2 different points
2026-08-27 17:30:50.145 WARN   Polyline: must contain at least 2 different points
2026-08-27 17:30:50.145 WARN   Polyline: must contain at least 2 different points
2026-08-27 17:30:50.145 WARN   Polyline: must contain at least 2 different points
2026-08-27 17:30:50.146 WARN   Polyline: must contain at least 2 different points
2026-08-27 17:30:50.146 WARN   Polyline: must contain at least 2 different points
2026-08-27 17:30:50.146 WARN   Polyline: must contain at least 2 different points
2026-08-27 17:30:50.146 WARN   Polyline: must contain at least 2 different points
2026-08-27 17:30:50.146 WARN   Polyline: must contain at least 2 different points
2026-08-27 17:30:50.146 WARN   Polyline: must contain at least 2 different points
2026-08-27 17:30:50.146 WARN   Polyline: must contain at least 2 different points
2026-08-27 17:30:50.147 WARN   Polyline: must contain at least 2 different points
2026-08-27 17:30:50.147 WARN   Polyline: must contain at least 2 different points
2026-08-27 17:30:50.147 WARN   Polyline: must contain at least 2 different points
2026-08-27 17:30:50.147 WARN   Polyline: must contain at least 2 different points
2026-08-27 17:30:50.147 WARN   Polyline: must contain at least 2 different points
2026-08-27 17:30:50.147 WARN   Polyline: must contain at least 2 different points
2026-08-27 17:30:50.148 WARN   Polyline: must contain at least 2 different points
2026-08-27 17:30:50.148 WARN   Polyline: must contain at least 2 different points
2026-08-27 17:30:50.148 WARN   Polyline: must contain at least 2 different points
2026-08-27 17:30:50.148 WARN   Polyline: must contain at least 2 different points
2026-08-27 17:30:50.148 WARN   Polyline: must contain at least 2 different points
2026-08-27 17:30:50.148 WARN   Polyline: must contain at least 2 different points
2026-08-27 17:30:50.148 WARN   Polyline: must contain at least 2 different points
2026-08-27 17:30:50.149 WARN   Polyline: must contain at least 2 different points
2026-08-27 17:30:50.149 WARN   Polyline: must contain at least 2 different points
2026-08-27 17:30:50.149 WARN   Polyline: must contain at least 2 different points
2026-08-27 17:30:50.149 WARN   Polyline: must contain at least 2 different points
2026-08-27 17:30:50.149 WARN   Polyline: must contain at least 2 different points
2026-08-27 17:30:50.149 WARN   Polyline: must contain at least 2 different points
2026-08-27 17:30:50.149 WARN   Polyline: must contain at least 2 different points
2026-08-27 17:30:50.150 WARN   Polyline: must contain at least 2 different points
2026-08-27 17:30:50.150 WARN   Polyline: must contain at least 2 different points
2026-08-27 17:30:50.150 WARN   Polyline: must contain at least 2 different points
2026-08-27 17:30:50.150 WARN   Polyline: must contain at least 2 different points
2026-08-27 17:30:50.150 WARN   Polyline: must contain at least 2 different points
2026-08-27 17:30:50.150 WARN   Polyline: must contain at least 2 different points
2026-08-27 17:30:50.150 WARN   Polyline: must contain at least 2 different points
2026-08-27 17:30:50.151 WARN   Polyline: must contain at least 2 different points
2026-08-27 17:30:50.151 WARN   Polyline: must contain at least 2 different points
2026-08-27 17:30:50.151 WARN   Polyline: must contain at least 2 different points
2026-08-27 17:30:50.151 WARN   Polyline: must contain at least 2 different points
2026-08-27 17:30:50.151 WARN   Polyline: must contain at least 2 different points
2026-08-27 17:30:50.151 WARN   Polyline: must contain at least 2 different points
2026-08-27 17:30:50.151 WARN   Polyline: must contain at least 2 different points
2026-08-27 17:30:50.152 WARN   Polyline: must contain at least 2 different points
2026-08-27 17:30:50.152 WARN   Polyline: must contain at least 2 different points
2026-08-27 17:30:50.152 WARN   Polyline: must contain at least 2 different points
2026-08-27 17:30:50.152 WARN   Polyline: must contain at least 2 different points
2026-08-27 17:30:50.152 WARN   Polyline: must contain at least 2 different points
2026-08-27 17:30:50.152 WARN   Polyline: must contain at least 2 different points
2026-08-27 17:30:50.153 WARN   Polyline: must contain at least 2 different points
2026-08-27 17:30:50.153 WARN   Polyline: must contain at least 2 different points
2026-08-27 17:30:50.153 WARN   Polyline: must contain at least 2 different points
2026-08-27 17:30:50.153 WARN   Polyline: must contain at least 2 different points
2026-08-27 17:30:50.153 WARN   Polyline: must contain at least 2 different points
2026-08-27 17:30:50.153 WARN   Polyline: must contain at least 2 different points
2026-08-27 17:30:50.153 WARN   Polyline: must contain at least 2 different points
2026-08-27 17:30:50.154 WARN   Polyline: must contain at least 2 different points
2026-08-27 17:30:50.154 WARN   Polyline: must contain at least 2 different points
2026-08-27 17:30:50.154 WARN   Polyline: must contain at least 2 different points
2026-08-27 17:30:50.154 WARN   Polyline: must contain at least 2 different points
2026-08-27 17:30:50.154 WARN   Polyline: must contain at least 2 different points
2026-08-27 17:30:50.154 WARN   Polyline: must contain at least 2 different points
2026-08-27 17:30:50.154 WARN   Polyline: must contain at least 2 different points
2026-08-27 17:30:50.155 WARN   Polyline: must contain at least 2 different points
2026-08-27 17:30:50.155 WARN   Polyline: must contain at least 2 different points
2026-08-27 17:30:50.155 WARN   Polyline: must contain at least 2 different points
2026-08-27 17:30:50.155 WARN   Polyline: must contain at least 2 different points
2026-08-27 17:30:50.155 WARN   Polyline: must contain at least 2 different points
2026-08-27 17:30:50.155 WARN   Polyline: must contain at least 2 different points
2026-08-27 17:30:50.155 WARN   Polyline: must contain at least 2 different points
2026-08-27 17:30:50.156 WARN   Polyline: must contain at least 2 different points
2026-08-27 17:30:50.156 WARN   Polyline: must contain at least 2 different points
2026-08-27 17:30:50.156 WARN   Polyline: must contain at least 2 different points
2026-08-27 17:30:50.156 WARN   Polyline: must contain at least 2 different points
2026-08-27 17:30:50.156 WARN   Polyline: must contain at least 2 different points
2026-08-27 17:30:50.156 WARN   Polyline: must contain at least 2 different points
2026-08-27 17:30:50.157 WARN   Polyline: must contain at least 2 different points
2026-08-27 17:30:50.157 WARN   Polyline: must contain at least 2 different points
2026-08-27 17:30:50.157 WARN   Polyline: must contain at least 2 different points
2026-08-27 17:30:50.157 WARN   Polyline: must contain at least 2 different points
2026-08-27 17:30:50.157 WARN   Polyline: must contain at least 2 different points
2026-08-27 17:30:50.157 WARN   Polyline: must contain at least 2 different points
2026-08-27 17:30:50.157 WARN   Polyline: must contain at least 2 different points
2026-08-27 17:30:50.158 WARN   Polyline: must contain at least 2 different points
2026-08-27 17:30:50.158 WARN   Polyline: must contain at least 2 different points
2026-08-27 17:30:50.158 WARN   Polyline: must contain at least 2 different points
2026-08-27 17:30:50.158 WARN   Polyline: must contain at least 2 different points
2026-08-27 17:30:50.158 WARN   Polyline: must contain at least 2 different points
2026-08-27 17:30:50.158 WARN   Polyline: must contain at least 2 different points
2026-08-27 17:30:50.158 WARN   Polyline: must contain at least 2 different points
2026-08-27 17:30:50.159 WARN   Polyline: must contain at least 2 different points
2026-08-27 17:30:50.159 WARN   Polyline: must contain at least 2 different points
2026-08-27 17:30:50.159 WARN   Polyline: must contain at least 2 different points
2026-08-27 17:30:50.159 WARN   Polyline: must contain at least 2 different points
2026-08-27 17:30:50.159 WARN   Polyline: must contain at least 2 different points
2026-08-27 17:30:50.159 WARN   Polyline: must contain at least 2 different points
2026-08-27 17:30:50.159 WARN   Polyline: must contain at least 2 different points
2026-08-27 17:30:50.160 WARN   Polyline: must contain at least 2 different points
2026-08-27 17:30:50.160 WARN   Polyline: must contain at least 2 different points
2026-08-27 17:30:50.160 WARN   Polyline: must contain at least 2 different points
2026-08-27 17:30:50.160 WARN   Polyline: must contain at least 2 different points
2026-08-27 17:30:50.160 WARN   Polyline: must contain at least 2 different points
2026-08-27 17:30:50.160 WARN   Polyline: must contain at least 2 different points
2026-08-27 17:30:50.160 WARN   Polyline: must contain at least 2 different points
2026-08-27 17:30:50.161 WARN   Polyline: must contain at least 2 different points
2026-08-27 17:30:50.161 WARN   Polyline: must contain at least 2 different points
2026-08-27 17:30:50.161 WARN   Polyline: must contain at least 2 different points
2026-08-27 17:30:50.161 WARN   Polyline: must contain at least 2 different points
2026-08-27 17:30:50.161 WARN   Polyline: must contain at least 2 different points
2026-08-27 17:30:50.161 WARN   Polyline: must contain at least 2 different points
2026-08-27 17:30:50.161 WARN   Polyline: must contain at least 2 different points
2026-08-27 17:30:50.162 WARN   Polyline: must contain at least 2 different points
2026-08-27 17:30:50.162 WARN   Polyline: must contain at least 2 different points
2026-08-27 17:30:50.162 WARN   Polyline: must contain at least 2 different points
2026-08-27 17:30:50.162 WARN   Polyline: must contain at least 2 different points
2026-08-27 17:30:50.162 WARN   Polyline: must contain at least 2 different points
2026-08-27 17:30:50.162 WARN   Polyline: must contain at least 2 different points
2026-08-27 17:30:50.163 WARN   Polyline: must contain at least 2 different points
2026-08-27 17:30:50.163 WARN   Polyline: must contain at least 2 different points
2026-08-27 17:30:50.163 WARN   Polyline: must contain at least 2 different points
2026-08-27 17:30:50.163 WARN   Polyline: must contain at least 2 different points
2026-08-27 17:30:50.163 WARN   Polyline: must contain at least 2 different points
2026-08-27 17:30:50.167 WARN   Polyline: must contain at least 2 different points
2026-08-27 17:30:50.167 WARN   Polyline: must contain at least 2 different points
2026-08-27 17:30:50.168 WARN   Polyline: must contain at least 2 different points
2026-08-27 17:30:50.168 WARN   Polyline: must contain at least 2 different points
2026-08-27 17:30:50.168 WARN   Polyline: must contain at least 2 different points
2026-08-27 17:30:50.168 WARN   Polyline: must contain at least 2 different points
2026-08-27 17:30:50.168 WARN   Polyline: must contain at least 2 different points
2026-08-27 17:30:50.168 WARN   Polyline: must contain at least 2 different points
2026-08-27 17:30:50.169 WARN   Polyline: must contain at least 2 different points
2026-08-27 17:30:50.169 WARN   Polyline: must contain at least 2 different points
2026-08-27 17:30:50.169 WARN   Polyline: must contain at least 2 different points
2026-08-27 17:30:50.169 WARN   Polyline: must contain at least 2 different points
2026-08-27 17:30:50.169 WARN   Polyline: must contain at least 2 different points
2026-08-27 17:30:50.169 WARN   Polyline: must contain at least 2 different points
2026-08-27 17:30:50.169 WARN   Polyline: must contain at least 2 different points
2026-08-27 17:30:50.170 WARN   Polyline: must contain at least 2 different points
2026-08-27 17:30:50.170 WARN   Polyline: must contain at least 2 different points
2026-08-27 17:30:50.170 WARN   Polyline: must contain at least 2 different points
2026-08-27 17:30:50.170 WARN   Polyline: must contain at least 2 different points
2026-08-27 17:30:50.170 WARN   Polyline: must contain at least 2 different points
2026-08-27 17:30:50.170 WARN   Polyline: must contain at least 2 different points
2026-08-27 17:30:50.171 WARN   Polyline: must contain at least 2 different points
2026-08-27 17:30:50.171 WARN   Polyline: must contain at least 2 different points
2026-08-27 17:30:50.171 WARN   Polyline: must contain at least 2 different points
2026-08-27 17:30:50.171 WARN   Polyline: must contain at least 2 different points
2026-08-27 17:30:50.171 WARN   Polyline: must contain at least 2 different points
2026-08-27 17:30:50.171 WARN   Polyline: must contain at least 2 different points
2026-08-27 17:30:50.171 WARN   Polyline: must contain at least 2 different points
2026-08-27 17:30:50.172 WARN   Polyline: must contain at least 2 different points
2026-08-27 17:30:50.172 WARN   Polyline: must contain at least 2 different points
2026-08-27 17:30:50.172 WARN   Polyline: must contain at least 2 different points
2026-08-27 17:30:50.172 WARN   Polyline: must contain at least 2 different points
2026-08-27 17:30:50.172 WARN   Polyline: must contain at least 2 different points
2026-08-27 17:30:50.172 WARN   Polyline: must contain at least 2 different points
2026-08-27 17:30:50.173 WARN   Polyline: must contain at least 2 different points
2026-08-27 17:30:50.173 WARN   Polyline: must contain at least 2 different points
2026-08-27 17:30:50.173 WARN   Polyline: must contain at least 2 different points
2026-08-27 17:30:50.173 WARN   Polyline: must contain at least 2 different points
2026-08-27 17:30:50.173 WARN   Polyline: must contain at least 2 different points
2026-08-27 17:30:50.173 WARN   Polyline: must contain at least 2 different points
2026-08-27 17:30:50.174 WARN   Polyline: must contain at least 2 different points
2026-08-27 17:30:50.174 WARN   Polyline: must contain at least 2 different points
2026-08-27 17:30:50.174 WARN   Polyline: must contain at least 2 different points
2026-08-27 17:30:50.174 WARN   Polyline: must contain at least 2 different points
2026-08-27 17:30:50.174 WARN   Polyline: must contain at least 2 different points
2026-08-27 17:30:50.174 WARN   Polyline: must contain at least 2 different points
2026-08-27 17:30:50.175 WARN   Polyline: must contain at least 2 different points
2026-08-27 17:30:50.175 WARN   Polyline: must contain at least 2 different points
2026-08-27 17:30:50.175 WARN   Polyline: must contain at least 2 different points
2026-08-27 17:30:50.175 WARN   Polyline: must contain at least 2 different points
2026-08-27 17:30:50.175 WARN   Polyline: must contain at least 2 different points
2026-08-27 17:30:50.175 WARN   Polyline: must contain at least 2 different points
2026-08-27 17:30:50.175 WARN   Polyline: must contain at least 2 different points
2026-08-27 17:30:50.176 WARN   Polyline: must contain at least 2 different points
2026-08-27 17:30:50.176 WARN   Polyline: must contain at least 2 different points
2026-08-27 17:30:50.176 WARN   Polyline: must contain at least 2 different points
2026-08-27 17:30:50.176 WARN   Polyline: must contain at least 2 different points
2026-08-27 17:30:50.176 WARN   Polyline: must contain at least 2 different points
2026-08-27 17:30:50.176 WARN   Polyline: must contain at least 2 different points
2026-08-27 17:30:50.176 WARN   Polyline: must contain at least 2 different points
2026-08-27 17:30:50.176 WARN   Polyline: must contain at least 2 different points
2026-08-27 17:30:50.177 WARN   Polyline: must contain at least 2 different points
2026-08-27 17:30:50.177 WARN   Polyline: must contain at least 2 different points
2026-08-27 17:30:50.177 WARN   Polyline: must contain at least 2 different points
2026-08-27 17:30:50.177 WARN   Polyline: must contain at least 2 different points
2026-08-27 17:30:50.177 WARN   Polyline: must contain at least 2 different points
2026-08-27 17:30:50.177 WARN   Polyline: must contain at least 2 different points
2026-08-27 17:30:50.178 WARN   Polyline: must contain at least 2 different points
2026-08-27 17:30:50.178 WARN   Polyline: must contain at least 2 different points
2026-08-27 17:30:50.178 WARN   Polyline: must contain at least 2 different points
2026-08-27 17:30:50.178 WARN   Polyline: must contain at least 2 different points
2026-08-27 17:30:50.178 WARN   Polyline: must contain at least 2 different points
2026-08-27 17:30:50.178 WARN   Polyline: must contain at least 2 different points
2026-08-27 17:30:50.178 WARN   Polyline: must contain at least 2 different points
2026-08-27 17:30:50.179 WARN   Polyline: must contain at least 2 different points
2026-08-27 17:30:50.179 WARN   Polyline: must contain at least 2 different points
2026-08-27 17:30:50.179 WARN   Polyline: must contain at least 2 different points
2026-08-27 17:30:50.179 WARN   Polyline: must contain at least 2 different points
2026-08-27 17:30:50.179 WARN   Polyline: must contain at least 2 different points
2026-08-27 17:30:50.179 WARN   Polyline: must contain at least 2 different points
2026-08-27 17:30:50.179 WARN   Polyline: must contain at least 2 different points
2026-08-27 17:30:50.180 WARN   Polyline: must contain at least 2 different points
2026-08-27 17:30:50.180 WARN   Polyline: must contain at least 2 different points
2026-08-27 17:30:50.180 WARN   Polyline: must contain at least 2 different points
2026-08-27 17:30:50.180 WARN   Polyline: must contain at least 2 different points
2026-08-27 17:30:50.180 WARN   Polyline: must contain at least 2 different points
2026-08-27 17:30:50.180 WARN   Polyline: must contain at least 2 different points
2026-08-27 17:30:50.180 WARN   Polyline: must contain at least 2 different points
2026-08-27 17:30:50.181 WARN   Polyline: must contain at least 2 different points
2026-08-27 17:30:50.181 WARN   Polyline: must contain at least 2 different points
2026-08-27 17:30:50.181 WARN   Polyline: must contain at least 2 different points
2026-08-27 17:30:50.181 WARN   Polyline: must contain at least 2 different points
2026-08-27 17:30:50.181 WARN   Polyline: must contain at least 2 different points
2026-08-27 17:30:50.181 WARN   Polyline: must contain at least 2 different points
2026-08-27 17:30:50.181 WARN   Polyline: must contain at least 2 different points
2026-08-27 17:30:50.182 WARN   Polyline: must contain at least 2 different points
2026-08-27 17:30:50.182 WARN   Polyline: must contain at least 2 different points
2026-08-27 17:30:50.182 WARN   Polyline: must contain at least 2 different points
2026-08-27 17:30:50.182 WARN   Polyline: must contain at least 2 different points
2026-08-27 17:30:50.182 WARN   Polyline: must contain at least 2 different points
2026-08-27 17:30:50.182 WARN   Polyline: must contain at least 2 different points
2026-08-27 17:30:50.182 WARN   Polyline: must contain at least 2 different points
2026-08-27 17:30:50.183 WARN   Polyline: must contain at least 2 different points
2026-08-27 17:30:50.183 WARN   Polyline: must contain at least 2 different points
2026-08-27 17:30:50.183 WARN   Polyline: must contain at least 2 different points
2026-08-27 17:30:50.183 WARN   Polyline: must contain at least 2 different points
2026-08-27 17:30:50.183 WARN   Polyline: must contain at least 2 different points
2026-08-27 17:30:50.183 WARN   Polyline: must contain at least 2 different points
2026-08-27 17:30:50.183 WARN   Polyline: must contain at least 2 different points
2026-08-27 17:30:50.184 WARN   Polyline: must contain at least 2 different points
2026-08-27 17:30:50.184 WARN   Polyline: must contain at least 2 different points
2026-08-27 17:30:50.184 WARN   Polyline: must contain at least 2 different points
2026-08-27 17:30:50.184 WARN   Polyline: must contain at least 2 different points
2026-08-27 17:30:50.184 WARN   Polyline: must contain at least 2 different points
2026-08-27 17:30:50.184 WARN   Polyline: must contain at least 2 different points
2026-08-27 17:30:50.184 WARN   Polyline: must contain at least 2 different points
2026-08-27 17:30:50.185 WARN   Polyline: must contain at least 2 different points
2026-08-27 17:30:50.185 WARN   Polyline: must contain at least 2 different points
2026-08-27 17:30:50.185 WARN   Polyline: must contain at least 2 different points
2026-08-27 17:30:50.185 WARN   Polyline: must contain at least 2 different points
2026-08-27 17:30:50.185 WARN   Polyline: must contain at least 2 different points
2026-08-27 17:30:50.185 WARN   Polyline: must contain at least 2 different points
2026-08-27 17:30:50.186 WARN   Polyline: must contain at least 2 different points
2026-08-27 17:30:50.186 WARN   Polyline: must contain at least 2 different points
2026-08-27 17:30:50.186 WARN   Polyline: must contain at least 2 different points
2026-08-27 17:30:50.186 WARN   Polyline: must contain at least 2 different points
2026-08-27 17:30:50.186 WARN   Polyline: must contain at least 2 different points
2026-08-27 17:30:50.186 WARN   Polyline: must contain at least 2 different points
2026-08-27 17:30:50.186 WARN   Polyline: must contain at least 2 different points
2026-08-27 17:30:50.187 WARN   Polyline: must contain at least 2 different points
2026-08-27 17:30:50.187 WARN   Polyline: must contain at least 2 different points
2026-08-27 17:30:50.187 WARN   Polyline: must contain at least 2 different points
2026-08-27 17:30:50.187 WARN   Polyline: must contain at least 2 different points
2026-08-27 17:30:50.187 WARN   Polyline: must contain at least 2 different points
2026-08-27 17:30:50.187 WARN   Polyline: must contain at least 2 different points
2026-08-27 17:30:50.187 WARN   Polyline: must contain at least 2 different points
2026-08-27 17:30:50.188 WARN   Polyline: must contain at least 2 different points
2026-08-27 17:30:50.188 WARN   Polyline: must contain at least 2 different points
2026-08-27 17:30:50.188 WARN   Polyline: must contain at least 2 different points
2026-08-27 17:30:50.188 WARN   Polyline: must contain at least 2 different points
2026-08-27 17:30:50.188 WARN   Polyline: must contain at least 2 different points
2026-08-27 17:30:50.188 WARN   Polyline: must contain at least 2 different points
2026-08-27 17:30:50.188 WARN   Polyline: must contain at least 2 different points
2026-08-27 17:30:50.189 WARN   Polyline: must contain at least 2 different points
2026-08-27 17:30:50.189 WARN   Polyline: must contain at least 2 different points
2026-08-27 17:30:50.189 WARN   Polyline: must contain at least 2 different points
2026-08-27 17:30:50.189 WARN   Polyline: must contain at least 2 different points
2026-08-27 17:30:50.189 WARN   Polyline: must contain at least 2 different points
2026-08-27 17:30:50.189 WARN   Polyline: must contain at least 2 different points
2026-08-27 17:30:50.190 WARN   Polyline: must contain at least 2 different points
2026-08-27 17:30:50.190 WARN   Polyline: must contain at least 2 different points
2026-08-27 17:30:50.190 WARN   Polyline: must contain at least 2 different points
2026-08-27 17:30:50.190 WARN   Polyline: must contain at least 2 different points
2026-08-27 17:30:50.190 WARN   Polyline: must contain at least 2 different points
2026-08-27 17:30:50.190 WARN   Polyline: must contain at least 2 different points
2026-08-27 17:30:50.190 WARN   Polyline: must contain at least 2 different points
2026-08-27 17:30:50.191 WARN   Polyline: must contain at least 2 different points
2026-08-27 17:30:50.191 WARN   Polyline: must contain at least 2 different points
2026-08-27 17:30:50.191 WARN   Polyline: must contain at least 2 different points
2026-08-27 17:30:50.191 WARN   Polyline: must contain at least 2 different points
2026-08-27 17:30:50.191 WARN   Polyline: must contain at least 2 different points
2026-08-27 17:30:50.191 WARN   Polyline: must contain at least 2 different points
2026-08-27 17:30:50.191 WARN   Polyline: must contain at least 2 different points
2026-08-27 17:30:50.192 WARN   Polyline: must contain at least 2 different points
2026-08-27 17:30:50.192 WARN   Polyline: must contain at least 2 different points
2026-08-27 17:30:50.192 WARN   Polyline: must contain at least 2 different points
2026-08-27 17:30:50.192 WARN   Polyline: must contain at least 2 different points
2026-08-27 17:30:50.192 WARN   Polyline: must contain at least 2 different points
2026-08-27 17:30:50.192 WARN   Polyline: must contain at least 2 different points
2026-08-27 17:30:50.192 WARN   Polyline: must contain at least 2 different points
2026-08-27 17:30:50.193 WARN   Polyline: must contain at least 2 different points
2026-08-27 17:30:50.193 WARN   Polyline: must contain at least 2 different points
2026-08-27 17:30:50.193 WARN   Polyline: must contain at least 2 different points
2026-08-27 17:30:50.193 WARN   Polyline: must contain at least 2 different points
2026-08-27 17:30:50.193 WARN   Polyline: must contain at least 2 different points
2026-08-27 17:30:50.193 WARN   Polyline: must contain at least 2 different points
2026-08-27 17:30:50.193 WARN   Polyline: must contain at least 2 different points
2026-08-27 17:30:50.194 WARN   Polyline: must contain at least 2 different points
2026-08-27 17:30:50.194 WARN   Polyline: must contain at least 2 different points
2026-08-27 17:30:50.194 WARN   Polyline: must contain at least 2 different points
2026-08-27 17:30:50.194 WARN   Polyline: must contain at least 2 different points
2026-08-27 17:30:50.194 WARN   Polyline: must contain at least 2 different points
2026-08-27 17:30:50.194 WARN   Polyline: must contain at least 2 different points
2026-08-27 17:30:50.195 WARN   Polyline: must contain at least 2 different points
2026-08-27 17:30:50.195 WARN   Polyline: must contain at least 2 different points
2026-08-27 17:30:50.195 WARN   Polyline: must contain at least 2 different points
2026-08-27 17:30:50.195 WARN   Polyline: must contain at least 2 different points
2026-08-27 17:30:50.195 WARN   Polyline: must contain at least 2 different points
2026-08-27 17:30:50.195 WARN   Polyline: must contain at least 2 different points
2026-08-27 17:30:50.195 WARN   Polyline: must contain at least 2 different points
2026-08-27 17:30:50.196 WARN   Polyline: must contain at least 2 different points
2026-08-27 17:30:50.196 WARN   Polyline: must contain at least 2 different points
2026-08-27 17:30:50.196 WARN   Polyline: must contain at least 2 different points
2026-08-27 17:30:50.196 WARN   Polyline: must contain at least 2 different points
2026-08-27 17:30:50.196 WARN   Polyline: must contain at least 2 different points
2026-08-27 17:30:50.196 WARN   Polyline: must contain at least 2 different points
2026-08-27 17:30:50.196 WARN   Polyline: must contain at least 2 different points
2026-08-27 17:30:50.197 WARN   Polyline: must contain at least 2 different points
2026-08-27 17:30:50.197 WARN   Polyline: must contain at least 2 different points
2026-08-27 17:30:50.197 WARN   Polyline: must contain at least 2 different points
2026-08-27 17:30:50.197 WARN   Polyline: must contain at least 2 different points
2026-08-27 17:30:50.197 WARN   Polyline: must contain at least 2 different points
2026-08-27 17:30:50.197 WARN   Polyline: must contain at least 2 different points
2026-08-27 17:30:50.197 WARN   Polyline: must contain at least 2 different points
2026-08-27 17:30:50.198 WARN   Polyline: must contain at least 2 different points
2026-08-27 17:30:50.198 WARN   Polyline: must contain at least 2 different points
2026-08-27 17:30:50.198 WARN   Polyline: must contain at least 2 different points
2026-08-27 17:30:50.198 WARN   Polyline: must contain at least 2 different points
2026-08-27 17:30:50.198 WARN   Polyline: must contain at least 2 different points
2026-08-27 17:30:50.198 WARN   Polyline: must contain at least 2 different points
2026-08-27 17:30:50.198 WARN   Polyline: must contain at least 2 different points
2026-08-27 17:30:50.199 WARN   Polyline: must contain at least 2 different points
2026-08-27 17:30:50.199 WARN   Polyline: must contain at least 2 different points
2026-08-27 17:30:50.199 WARN   Polyline: must contain at least 2 different points
2026-08-27 17:30:50.199 WARN   Polyline: must contain at least 2 different points
2026-08-27 17:30:50.199 WARN   Polyline: must contain at least 2 different points
2026-08-27 17:30:50.199 WARN   Polyline: must contain at least 2 different points
2026-08-27 17:30:50.199 WARN   Polyline: must contain at least 2 different points
2026-08-27 17:30:50.200 WARN   Polyline: must contain at least 2 different points
2026-08-27 17:30:50.200 WARN   Polyline: must contain at least 2 different points
2026-08-27 17:30:50.200 WARN   Polyline: must contain at least 2 different points
2026-08-27 17:30:50.200 WARN   Polyline: must contain at least 2 different points
2026-08-27 17:30:50.200 WARN   Polyline: must contain at least 2 different points
2026-08-27 17:30:50.200 WARN   Polyline: must contain at least 2 different points
2026-08-27 17:30:50.200 WARN   Polyline: must contain at least 2 different points
2026-08-27 17:30:50.201 WARN   Polyline: must contain at least 2 different points
2026-08-27 17:30:50.201 WARN   Polyline: must contain at least 2 different points
2026-08-27 17:30:50.201 WARN   Polyline: must contain at least 2 different points
2026-08-27 17:30:50.201 WARN   Polyline: must contain at least 2 different points
2026-08-27 17:30:50.201 WARN   Polyline: must contain at least 2 different points
2026-08-27 17:30:50.201 WARN   Polyline: must contain at least 2 different points
2026-08-27 17:30:50.201 WARN   Polyline: must contain at least 2 different points
2026-08-27 17:30:50.202 WARN   Polyline: must contain at least 2 different points
2026-08-27 17:30:50.202 WARN   Polyline: must contain at least 2 different points
2026-08-27 17:30:50.202 WARN   Polyline: must contain at least 2 different points
2026-08-27 17:30:50.202 WARN   Polyline: must contain at least 2 different points
2026-08-27 17:30:50.202 WARN   Polyline: must contain at least 2 different points
2026-08-27 17:30:50.202 WARN   Polyline: must contain at least 2 different points
2026-08-27 17:30:50.202 WARN   Polyline: must contain at least 2 different points
2026-08-27 17:30:50.203 WARN   Polyline: must contain at least 2 different points
2026-08-27 17:30:50.203 WARN   Polyline: must contain at least 2 different points
2026-08-27 17:30:50.203 WARN   Polyline: must contain at least 2 different points
2026-08-27 17:30:50.203 WARN   Polyline: must contain at least 2 different points
2026-08-27 17:30:50.203 WARN   Polyline: must contain at least 2 different points
2026-08-27 17:30:50.203 WARN   Polyline: must contain at least 2 different points
2026-08-27 17:30:50.203 WARN   Polyline: must contain at least 2 different points
2026-08-27 17:30:50.204 WARN   Polyline: must contain at least 2 different points
2026-08-27 17:30:50.204 WARN   Polyline: must contain at least 2 different points
2026-08-27 17:30:50.204 WARN   Polyline: must contain at least 2 different points
2026-08-27 17:30:50.204 WARN   Polyline: must contain at least 2 different points
2026-08-27 17:30:50.204 WARN   Polyline: must contain at least 2 different points
2026-08-27 17:30:50.204 WARN   Polyline: must contain at least 2 different points
2026-08-27 17:30:50.204 WARN   Polyline: must contain at least 2 different points
2026-08-27 17:30:50.205 WARN   Polyline: must contain at least 2 different points
2026-08-27 17:30:50.205 WARN   Polyline: must contain at least 2 different points
2026-08-27 17:30:50.205 WARN   Polyline: must contain at least 2 different points
2026-08-27 17:30:50.205 WARN   Polyline: must contain at least 2 different points
2026-08-27 17:30:50.205 WARN   Polyline: must contain at least 2 different points
2026-08-27 17:30:50.205 WARN   Polyline: must contain at least 2 different points
2026-08-27 17:30:50.205 WARN   Polyline: must contain at least 2 different points
2026-08-27 17:30:50.206 WARN   Polyline: must contain at least 2 different points
2026-08-27 17:30:50.206 WARN   Polyline: must contain at least 2 different points
2026-08-27 17:30:50.206 WARN   Polyline: must contain at least 2 different points
2026-08-27 17:30:50.206 WARN   Polyline: must contain at least 2 different points
2026-08-27 17:30:50.206 WARN   Polyline: must contain at least 2 different points
2026-08-27 17:30:50.206 WARN   Polyline: must contain at least 2 different points
2026-08-27 17:30:50.206 WARN   Polyline: must contain at least 2 different points
2026-08-27 17:30:50.207 WARN   Polyline: must contain at least 2 different points
2026-08-27 17:30:50.207 WARN   Polyline: must contain at least 2 different points
2026-08-27 17:30:50.207 WARN   Polyline: must contain at least 2 different points
2026-08-27 17:30:50.207 WARN   Polyline: must contain at least 2 different points
2026-08-27 17:30:50.207 WARN   Polyline: must contain at least 2 different points
2026-08-27 17:30:50.207 WARN   Polyline: must contain at least 2 different points
2026-08-27 17:30:50.207 WARN   Polyline: must contain at least 2 different points
2026-08-27 17:30:50.208 WARN   Polyline: must contain at least 2 different points
2026-08-27 17:30:50.208 WARN   Polyline: must contain at least 2 different points
2026-08-27 17:30:50.208 WARN   Polyline: must contain at least 2 different points
2026-08-27 17:30:50.208 WARN   Polyline: must contain at least 2 different points
2026-08-27 17:30:50.208 WARN   Polyline: must contain at least 2 different points
2026-08-27 17:30:50.208 WARN   Polyline: must contain at least 2 different points
2026-08-27 17:30:50.208 WARN   Polyline: must contain at least 2 different points
2026-08-27 17:30:50.208 WARN   Polyline: must contain at least 2 different points
2026-08-27 17:30:50.209 WARN   Polyline: must contain at least 2 different points
2026-08-27 17:30:50.209 WARN   Polyline: must contain at least 2 different points
2026-08-27 17:30:50.209 WARN   Polyline: must contain at least 2 different points
2026-08-27 17:30:50.209 WARN   Polyline: must contain at least 2 different points
2026-08-27 17:30:50.209 WARN   Polyline: must contain at least 2 different points
2026-08-27 17:30:50.209 WARN   Polyline: must contain at least 2 different points
2026-08-27 17:30:50.209 WARN   Polyline: must contain at least 2 different points
2026-08-27 17:30:50.210 WARN   Polyline: must contain at least 2 different points
2026-08-27 17:30:50.210 WARN   Polyline: must contain at least 2 different points
2026-08-27 17:30:50.210 WARN   Polyline: must contain at least 2 different points
2026-08-27 17:30:50.210 WARN   Polyline: must contain at least 2 different points
2026-08-27 17:30:50.210 WARN   Polyline: must contain at least 2 different points
2026-08-27 17:30:50.210 WARN   Polyline: must contain at least 2 different points
2026-08-27 17:30:50.210 WARN   Polyline: must contain at least 2 different points
2026-08-27 17:30:50.211 WARN   Polyline: must contain at least 2 different points
2026-08-27 17:30:50.211 WARN   Polyline: must contain at least 2 different points
2026-08-27 17:30:50.211 WARN   Polyline: must contain at least 2 different points
2026-08-27 17:30:50.211 WARN   Polyline: must contain at least 2 different points
2026-08-27 17:30:50.211 WARN   Polyline: must contain at least 2 different points
2026-08-27 17:30:50.211 WARN   Polyline: must contain at least 2 different points
2026-08-27 17:30:50.211 WARN   Polyline: must contain at least 2 different points
2026-08-27 17:30:50.212 WARN   Polyline: must contain at least 2 different points
2026-08-27 17:30:50.212 WARN   Polyline: must contain at least 2 different points
2026-08-27 17:30:50.212 WARN   Polyline: must contain at least 2 different points
2026-08-27 17:30:50.212 WARN   Polyline: must contain at least 2 different points
2026-08-27 17:30:50.212 WARN   Polyline: must contain at least 2 different points
2026-08-27 17:30:50.212 WARN   Polyline: must contain at least 2 different points
2026-08-27 17:30:50.212 WARN   Polyline: must contain at least 2 different points
2026-08-27 17:30:50.213 WARN   Polyline: must contain at least 2 different points
2026-08-27 17:30:50.213 WARN   Polyline: must contain at least 2 different points
2026-08-27 17:30:50.213 WARN   Polyline: must contain at least 2 different points
2026-08-27 17:30:50.213 WARN   Polyline: must contain at least 2 different points
2026-08-27 17:30:50.213 WARN   Polyline: must contain at least 2 different points
2026-08-27 17:30:50.213 WARN   Polyline: must contain at least 2 different points
2026-08-27 17:30:50.213 WARN   Polyline: must contain at least 2 different points
2026-08-27 17:30:50.214 WARN   Polyline: must contain at least 2 different points
2026-08-27 17:30:50.214 WARN   Polyline: must contain at least 2 different points
2026-08-27 17:30:50.214 WARN   Polyline: must contain at least 2 different points
2026-08-27 17:30:50.214 WARN   Polyline: must contain at least 2 different points
2026-08-27 17:30:50.214 WARN   Polyline: must contain at least 2 different points
2026-08-27 17:30:50.214 WARN   Polyline: must contain at least 2 different points
2026-08-27 17:30:50.214 WARN   Polyline: must contain at least 2 different points
2026-08-27 17:30:50.215 WARN   Polyline: must contain at least 2 different points
2026-08-27 17:30:50.215 WARN   Polyline: must contain at least 2 different points
2026-08-27 17:30:50.215 WARN   Polyline: must contain at least 2 different points
2026-08-27 17:30:50.215 WARN   Polyline: must contain at least 2 different points
2026-08-27 17:30:50.215 WARN   Polyline: must contain at least 2 different points
2026-08-27 17:30:50.215 WARN   Polyline: must contain at least 2 different points
2026-08-27 17:30:50.215 WARN   Polyline: must contain at least 2 different points
2026-08-27 17:30:50.216 WARN   Polyline: must contain at least 2 different points
2026-08-27 17:30:50.216 WARN   Polyline: must contain at least 2 different points
2026-08-27 17:30:50.216 WARN   Polyline: must contain at least 2 different points
2026-08-27 17:30:50.216 WARN   Polyline: must contain at least 2 different points
2026-08-27 17:30:50.216 WARN   Polyline: must contain at least 2 different points
2026-08-27 17:30:50.216 WARN   Polyline: must contain at least 2 different points
2026-08-27 17:30:50.216 WARN   Polyline: must contain at least 2 different points
2026-08-27 17:30:50.216 WARN   Polyline: must contain at least 2 different points
2026-08-27 17:30:50.217 WARN   Polyline: must contain at least 2 different points
2026-08-27 17:30:50.217 WARN   Polyline: must contain at least 2 different points
2026-08-27 17:30:50.217 WARN   Polyline: must contain at least 2 different points
2026-08-27 17:30:50.217 WARN   Polyline: must contain at least 2 different points
2026-08-27 17:30:50.217 WARN   Polyline: must contain at least 2 different points
2026-08-27 17:30:50.217 WARN   Polyline: must contain at least 2 different points
2026-08-27 17:30:50.217 WARN   Polyline: must contain at least 2 different points
2026-08-27 17:30:50.217 WARN   Polyline: must contain at least 2 different points
2026-08-27 17:30:50.218 WARN   Polyline: must contain at least 2 different points
2026-08-27 17:30:50.218 WARN   Polyline: must contain at least 2 different points
2026-08-27 17:30:50.218 WARN   Polyline: must contain at least 2 different points
2026-08-27 17:30:50.218 WARN   Polyline: must contain at least 2 different points
2026-08-27 17:30:50.218 WARN   Polyline: must contain at least 2 different points
2026-08-27 17:30:50.218 WARN   Polyline: must contain at least 2 different points
2026-08-27 17:30:50.218 WARN   Polyline: must contain at least 2 different points
2026-08-27 17:30:50.219 WARN   Polyline: must contain at least 2 different points
2026-08-27 17:30:50.219 WARN   Polyline: must contain at least 2 different points
2026-08-27 17:30:50.219 WARN   Polyline: must contain at least 2 different points
2026-08-27 17:30:50.219 WARN   Polyline: must contain at least 2 different points
2026-08-27 17:30:50.219 WARN   Polyline: must contain at least 2 different points
2026-08-27 17:30:50.219 WARN   Polyline: must contain at least 2 different points
2026-08-27 17:30:50.219 WARN   Polyline: must contain at least 2 different points
2026-08-27 17:30:50.220 WARN   Polyline: must contain at least 2 different points
2026-08-27 17:30:50.220 WARN   Polyline: must contain at least 2 different points
2026-08-27 17:30:50.220 WARN   Polyline: must contain at least 2 different points
2026-08-27 17:30:50.220 WARN   Polyline: must contain at least 2 different points
2026-08-27 17:30:50.220 WARN   Polyline: must contain at least 2 different points
2026-08-27 17:30:50.220 WARN   Polyline: must contain at least 2 different points
2026-08-27 17:30:50.220 WARN   Polyline: must contain at least 2 different points
2026-08-27 17:30:50.221 WARN   Polyline: must contain at least 2 different points
2026-08-27 17:30:50.221 WARN   Polyline: must contain at least 2 different points
2026-08-27 17:30:50.221 WARN   Polyline: must contain at least 2 different points
2026-08-27 17:30:50.221 WARN   Polyline: must contain at least 2 different points
2026-08-27 17:30:50.221 WARN   Polyline: must contain at least 2 different points
2026-08-27 17:30:50.221 WARN   Polyline: must contain at least 2 different points
2026-08-27 17:30:50.221 WARN   Polyline: must contain at least 2 different points
2026-08-27 17:30:50.222 WARN   Polyline: must contain at least 2 different points
2026-08-27 17:30:50.222 WARN   Polyline: must contain at least 2 different points
2026-08-27 17:30:50.222 WARN   Polyline: must contain at least 2 different points
2026-08-27 17:30:50.222 WARN   Polyline: must contain at least 2 different points
2026-08-27 17:30:50.222 WARN   Polyline: must contain at least 2 different points
2026-08-27 17:30:50.222 WARN   Polyline: must contain at least 2 different points
2026-08-27 17:30:50.222 WARN   Polyline: must contain at least 2 different points
2026-08-27 17:30:50.223 WARN   Polyline: must contain at least 2 different points
2026-08-27 17:30:50.223 WARN   Polyline: must contain at least 2 different points
2026-08-27 17:30:50.223 WARN   Polyline: must contain at least 2 different points
2026-08-27 17:30:50.223 WARN   Polyline: must contain at least 2 different points
2026-08-27 17:30:50.223 WARN   Polyline: must contain at least 2 different points
2026-08-27 17:30:50.223 WARN   Polyline: must contain at least 2 different points
2026-08-27 17:30:50.223 WARN   Polyline: must contain at least 2 different points
2026-08-27 17:30:50.224 WARN   Polyline: must contain at least 2 different points
2026-08-27 17:30:50.224 WARN   Polyline: must contain at least 2 different points
2026-08-27 17:30:50.224 WARN   Polyline: must contain at least 2 different points
2026-08-27 17:30:50.224 WARN   Polyline: must contain at least 2 different points
2026-08-27 17:30:50.224 WARN   Polyline: must contain at least 2 different points
2026-08-27 17:30:50.224 WARN   Polyline: must contain at least 2 different points
2026-08-27 17:30:50.224 WARN   Polyline: must contain at least 2 different points
2026-08-27 17:30:50.225 WARN   Polyline: must contain at least 2 different points
2026-08-27 17:30:50.225 WARN   Polyline: must contain at least 2 different points
2026-08-27 17:30:50.225 WARN   Polyline: must contain at least 2 different points
2026-08-27 17:30:50.225 WARN   Polyline: must contain at least 2 different points
2026-08-27 17:30:50.225 WARN   Polyline: must contain at least 2 different points
2026-08-27 17:30:50.225 WARN   Polyline: must contain at least 2 different points
2026-08-27 17:30:50.225 WARN   Polyline: must contain at least 2 different points
2026-08-27 17:30:50.225 WARN   Polyline: must contain at least 2 different points
2026-08-27 17:30:50.226 WARN   Polyline: must contain at least 2 different points
2026-08-27 17:30:50.226 WARN   Polyline: must contain at least 2 different points
2026-08-27 17:30:50.226 WARN   Polyline: must contain at least 2 different points
2026-08-27 17:30:50.226 WARN   Polyline: must contain at least 2 different points
2026-08-27 17:30:50.226 WARN   Polyline: must contain at least 2 different points
2026-08-27 17:30:50.226 WARN   Polyline: must contain at least 2 different points
2026-08-27 17:30:50.226 WARN   Polyline: must contain at least 2 different points
2026-08-27 17:30:50.227 WARN   Polyline: must contain at least 2 different points
2026-08-27 17:30:50.227 WARN   Polyline: must contain at least 2 different points
2026-08-27 17:30:50.227 WARN   Polyline: must contain at least 2 different points
2026-08-27 17:30:50.227 WARN   Polyline: must contain at least 2 different points
2026-08-27 17:30:50.227 WARN   Polyline: must contain at least 2 different points
2026-08-27 17:30:50.227 WARN   Polyline: must contain at least 2 different points
2026-08-27 17:30:50.227 WARN   Polyline: must contain at least 2 different points
2026-08-27 17:30:50.228 WARN   Polyline: must contain at least 2 different points
2026-08-27 17:30:50.228 WARN   Polyline: must contain at least 2 different points
2026-08-27 17:30:50.228 WARN   Polyline: must contain at least 2 different points
2026-08-27 17:30:50.228 WARN   Polyline: must contain at least 2 different points
2026-08-27 17:30:50.228 WARN   Polyline: must contain at least 2 different points
2026-08-27 17:30:50.228 WARN   Polyline: must contain at least 2 different points
2026-08-27 17:30:50.228 WARN   Polyline: must contain at least 2 different points
2026-08-27 17:30:50.229 WARN   Polyline: must contain at least 2 different points
2026-08-27 17:30:50.229 WARN   Polyline: must contain at least 2 different points
2026-08-27 17:30:50.229 WARN   Polyline: must contain at least 2 different points
2026-08-27 17:30:50.229 WARN   Polyline: must contain at least 2 different points
2026-08-27 17:30:50.229 WARN   Polyline: must contain at least 2 different points
2026-08-27 17:30:50.229 WARN   Polyline: must contain at least 2 different points
2026-08-27 17:30:50.229 WARN   Polyline: must contain at least 2 different points
2026-08-27 17:30:50.230 WARN   Polyline: must contain at least 2 different points
2026-08-27 17:30:50.230 WARN   Polyline: must contain at least 2 different points
2026-08-27 17:30:50.230 WARN   Polyline: must contain at least 2 different points
2026-08-27 17:30:50.230 WARN   Polyline: must contain at least 2 different points
2026-08-27 17:30:50.230 WARN   Polyline: must contain at least 2 different points
2026-08-27 17:30:50.230 WARN   Polyline: must contain at least 2 different points
2026-08-27 17:30:50.230 WARN   Polyline: must contain at least 2 different points
2026-08-27 17:30:50.230 WARN   Polyline: must contain at least 2 different points
2026-08-27 17:30:50.231 WARN   Polyline: must contain at least 2 different points
2026-08-27 17:30:50.231 WARN   Polyline: must contain at least 2 different points
2026-08-27 17:30:50.231 WARN   Polyline: must contain at least 2 different points
2026-08-27 17:30:50.231 WARN   Polyline: must contain at least 2 different points
2026-08-27 17:30:50.231 WARN   Polyline: must contain at least 2 different points
2026-08-27 17:30:50.231 WARN   Polyline: must contain at least 2 different points
2026-08-27 17:30:50.231 WARN   Polyline: must contain at least 2 different points
2026-08-27 17:30:50.232 WARN   Polyline: must contain at least 2 different points
2026-08-27 17:30:50.232 WARN   Polyline: must contain at least 2 different points
2026-08-27 17:30:50.232 WARN   Polyline: must contain at least 2 different points
2026-08-27 17:30:50.232 WARN   Polyline: must contain at least 2 different points
2026-08-27 17:30:50.232 WARN   Polyline: must contain at least 2 different points
2026-08-27 17:30:50.232 WARN   Polyline: must contain at least 2 different points
2026-08-27 17:30:50.232 WARN   Polyline: must contain at least 2 different points
2026-08-27 17:30:50.232 WARN   Polyline: must contain at least 2 different points
2026-08-27 17:30:50.233 WARN   Polyline: must contain at least 2 different points
2026-08-27 17:30:50.233 WARN   Polyline: must contain at least 2 different points
2026-08-27 17:30:50.233 WARN   Polyline: must contain at least 2 different points
2026-08-27 17:30:50.233 WARN   Polyline: must contain at least 2 different points
2026-08-27 17:30:50.233 WARN   Polyline: must contain at least 2 different points
2026-08-27 17:30:50.233 WARN   Polyline: must contain at least 2 different points
2026-08-27 17:30:50.233 WARN   Polyline: must contain at least 2 different points
2026-08-27 17:30:50.234 WARN   Polyline: must contain at least 2 different points
2026-08-27 17:30:50.234 WARN   Polyline: must contain at least 2 different points
2026-08-27 17:30:50.234 WARN   Polyline: must contain at least 2 different points
2026-08-27 17:30:50.234 WARN   Polyline: must contain at least 2 different points
2026-08-27 17:30:50.234 WARN   Polyline: must contain at least 2 different points
2026-08-27 17:30:50.234 WARN   Polyline: must contain at least 2 different points
2026-08-27 17:30:50.234 WARN   Polyline: must contain at least 2 different points
2026-08-27 17:30:50.235 WARN   Polyline: must contain at least 2 different points
2026-08-27 17:30:50.235 WARN   Polyline: must contain at least 2 different points
2026-08-27 17:30:50.235 WARN   Polyline: must contain at least 2 different points
2026-08-27 17:30:50.235 WARN   Polyline: must contain at least 2 different points
2026-08-27 17:30:50.235 WARN   Polyline: must contain at least 2 different points
2026-08-27 17:30:50.235 WARN   Polyline: must contain at least 2 different points
2026-08-27 17:30:50.235 WARN   Polyline: must contain at least 2 different points
2026-08-27 17:30:50.235 WARN   Polyline: must contain at least 2 different points
2026-08-27 17:30:50.236 WARN   Polyline: must contain at least 2 different points
2026-08-27 17:30:50.236 WARN   Polyline: must contain at least 2 different points
2026-08-27 17:30:50.236 WARN   Polyline: must contain at least 2 different points
2026-08-27 17:30:50.236 WARN   Polyline: must contain at least 2 different points
2026-08-27 17:30:50.236 WARN   Polyline: must contain at least 2 different points
2026-08-27 17:30:50.236 WARN   Polyline: must contain at least 2 different points
2026-08-27 17:30:50.236 WARN   Polyline: must contain at least 2 different points
2026-08-27 17:30:50.236 WARN   Polyline: must contain at least 2 different points
2026-08-27 17:30:50.237 WARN   Polyline: must contain at least 2 different points
2026-08-27 17:30:50.237 WARN   Polyline: must contain at least 2 different points
2026-08-27 17:30:50.237 WARN   Polyline: must contain at least 2 different points
2026-08-27 17:30:50.237 WARN   Polyline: must contain at least 2 different points
2026-08-27 17:30:50.237 WARN   Polyline: must contain at least 2 different points
2026-08-27 17:30:50.237 WARN   Polyline: must contain at least 2 different points
2026-08-27 17:30:50.237 WARN   Polyline: must contain at least 2 different points
2026-08-27 17:30:50.238 WARN   Polyline: must contain at least 2 different points
2026-08-27 17:30:50.341 INFO   [DF4990\1FD94F] Auto-router pass #1 on board '5ba5b8a0ec90d6b898d7606846303f65' was completed in 2.48 seconds with the score of 958.41 (7 unrouted), using 1.69 CPU seconds and the job allocated 0.50 GB of memory so far.
2026-08-27 17:30:50.587 INFO   [DF4990\1FD94F] Auto-router pass #2 on board 'dba101d6976060f014ab6620f5de443d' was completed in 0.22 seconds with the score of 952.52 (8 unrouted), using 1.69 CPU seconds and the job allocated 0.50 GB of memory so far.
2026-08-27 17:30:50.752 INFO   [DF4990\1FD94F] Auto-router pass #3 on board 'a79479bf06f45f7854f675b941924e2f' was completed in 0.14 seconds with the score of 958.52 (7 unrouted), using 2.64 CPU seconds and the job allocated 1.10 GB of memory so far.
2026-08-27 17:30:50.916 INFO   [DF4990\1FD94F] Auto-router pass #4 on board 'adfa5b86493ef291f7f691b11f8a833e' was completed in 0.15 seconds with the score of 958.52 (7 unrouted), using 2.64 CPU seconds and the job allocated 1.10 GB of memory so far.
2026-08-27 17:30:50.922 INFO   [DF4990\1FD94F] Board state has not changed since pass #4 (hash adfa5b86493ef291f7f691b11f8a833e). The auto-router cannot make further progress; stopping.
2026-08-27 17:30:50.935 INFO   [DF4990\1FD94F] Auto-router session completed: started with 48 unrouted nets, completed in 3.16 seconds, final score: 958.52 (7 unrouted), using 2.64 total CPU seconds, 1.10 GB total allocated, and 558.27 MB peak heap usage.

