#VRML V2.0 utf8
# 3D model generated by easyeda2kicad.py (https://github.com/uPesy/easyeda2kicad.py)

Shape{
    appearance Appearance {
        material  Material 	{
            diffuseColor 0.25098039215686274 0.25098039215686274 0.25098039215686274
            specularColor 0.12549019607843137 0.12549019607843137 0.12549019607843137
            ambientIntensity 0.251
            transparency 0.0
            shininess 0.5
        }
    }
    geometry IndexedFaceSet {
        ccw TRUE
        solid FALSE
        coord DEF co Coordinate {
            point [
                1.5591 -0.5442 0.7031, 1.5591 -0.5442 0.6321, 1.5591 -0.5123 0.6321, 1.5591 0.465 0.3543, 1.5591 1.063 0.3543, 1.5591 1.063 0.4636, 1.5591 -0.2072 0.3543, 1.5591 0.465 0.4636, 1.5591 -0.2821 0.3543, 1.5591 -0.2072 0.4636, 1.5591 -0.4178 0.4957, 1.5591 -0.4211 0.4953, 1.5591 -0.4011 0.4953, 1.5591 -0.3328 0.5761, 1.5591 -0.3074 0.5761, 1.5591 -0.3074 0.5989, 1.5591 -0.6567 0.6406, 1.5591 -0.6413 0.6276, 1.5591 -0.5873 0.7038, 1.5591 -0.5873 0.6223, 1.5591 -0.7289 0.7101, 1.5591 -0.7198 0.7038, 1.5591 -0.7072 0.695, 1.5591 -0.6872 0.6714, 1.5591 -0.6764 0.65, 1.5591 -0.6736 0.649, 1.5591 -0.7846 0.7246, 1.5591 -0.7571 0.7211, 1.5591 -0.5873 0.8268, 1.5591 -0.8097 0.7218, 1.5591 -1.063 0.8268, 1.5591 -0.8362 0.7124, 1.5591 -0.8506 0.7038, 1.5591 -1.063 0.7038, 1.5591 -0.8529 0.7024, 1.5591 -1.063 0.6223, 1.5591 -0.9752 0.6223, 1.5591 -0.9702 0.6336, 1.5591 -0.9565 0.6511, 1.5591 -0.9134 0.6757, 1.5591 -0.8911 0.6784, 1.5591 -0.8663 0.6909, 1.5591 -0.8845 0.6781, 1.5591 -0.878 0.6773, 1.5591 -0.9527 0.6548, 1.5591 -0.9345 0.6675, 1.5591 -0.9138 0.4968, 1.5591 -0.9213 0.4991, 1.5591 -1.063 0.4953, 1.5591 -0.9419 0.5092, 1.5591 -0.9594 0.5242, 1.5591 -0.9724 0.5428, 1.5591 -0.9805 0.5639, 1.5591 -1.063 0.5989, 1.5591 -0.9833 0.5862, 1.5591 -0.9831 0.5917, 1.5591 -0.9818 0.5989, 1.5591 -0.9793 0.6131, 1.5591 -0.8885 0.4658, 1.5591 -0.8997 0.4742, 1.5591 -1.063 0.4636, 1.5591 -0.9081 0.4846, 1.5591 -0.9131 0.4953, 1.5591 -0.5873 0.4636, 1.5591 -0.8362 0.4636, 1.5591 -0.5873 0.3543, 1.5591 -0.846 0.4598, 1.5591 -1.063 0.3543, 1.5591 -0.8598 0.4581, 1.5591 -0.862 0.4582, 1.5591 -0.8754 0.4603, 1.5591 -0.8833 0.4636, 1.5591 -0.5873 0.4953, 1.5591 -0.8064 0.4953, 1.5591 -0.8065 0.4951, 1.5591 -0.8132 0.4824, 1.5591 -0.8219 0.4726, 1.5591 -0.8333 0.4647, 1.5591 -0.6227 0.594, 1.5591 -0.6201 0.5754, 1.5591 -0.5873 0.5989, 1.5591 -0.7337 0.5289, 1.5591 -0.7298 0.5304, 1.5591 -0.7231 0.5629, 1.5591 -0.6411 0.5213, 1.5591 -0.6566 0.5082, 1.5591 -0.8171 0.5532, 1.5591 -0.7408 0.5931, 1.5591 -0.827 0.5623, 1.5591 -0.8391 0.5687, 1.5591 -0.7372 0.5264, 1.5591 -0.6299 0.5371, 1.5591 -0.6557 0.5798, 1.5591 -0.6583 0.5907, 1.5591 -0.6627 0.5989, 1.5591 -0.946 0.5989, 1.5591 -0.6227 0.5551, 1.5591 -0.7254 0.531, 1.5591 -0.7248 0.531, 1.5591 -0.7231 0.5306, 1.5591 -0.9427 0.5647, 1.5591 -0.9359 0.5531, 1.5591 -0.907 0.5472, 1.5591 -0.9257 0.5426, 1.5591 -0.9133 0.535, 1.5591 -0.8859 0.5661, 1.5591 -0.8976 0.558, 1.5591 -0.9474 0.5874, 1.5591 -0.9467 0.5786, 1.5591 -0.8733 0.5709, 1.5591 -0.8598 0.5726, 1.5591 -0.8528 0.5721, 1.5591 -0.743 0.5134, 1.5591 -0.7429 0.5156, 1.5591 -0.8028 0.5208, 1.5591 -0.7418 0.5199, 1.5591 -0.7396 0.5238, 1.5591 -0.6669 0.5447, 1.5591 -0.6607 0.5536, 1.5591 -0.6567 0.5638, 1.5591 -0.6554 0.5748, 1.5591 -0.7297 0.4962, 1.5591 -0.7335 0.4977, 1.5591 -0.7372 0.5003, 1.5591 -0.7385 0.5017, 1.5591 -0.741 0.5053, 1.5591 -0.7425 0.5091, 1.5591 -0.8031 0.5092, 1.5591 -0.8028 0.5151, 1.5591 -0.674 0.4997, 1.5591 -0.693 0.4957, 1.5591 -0.7265 0.4957, 1.5591 -0.722 0.5304, 1.5591 -0.6964 0.5304, 1.5591 -0.6862 0.5324, 1.5591 -0.6761 0.537, 1.5591 -0.6677 0.5439, 1.5591 -0.7043 0.6192, 1.5591 -0.9409 0.6138, 1.5591 -0.9457 0.6011, 1.5591 -0.6998 0.6192, 1.5591 -0.6636 0.6006, 1.5591 -0.6702 0.6079, 1.5591 -0.679 0.6141, 1.5591 -0.689 0.6179, 1.5591 -0.7166 0.6534, 1.5591 -0.7294 0.6688, 1.5591 -0.8603 0.6358, 1.5591 -0.7309 0.6701, 1.5591 -0.7469 0.6812, 1.5591 -0.8516 0.6538, 1.5591 -0.9349 0.6223, 1.5591 -0.8644 0.638, 1.5591 -0.705 0.6223, 1.5591 -0.7078 0.6351, 1.5591 -0.8772 0.6426, 1.5591 -0.8905 0.6443, 1.5591 -0.8964 0.644, 1.5591 -0.8389 0.669, 1.5591 -0.7647 0.688, 1.5591 -0.8236 0.6802, 1.5591 -0.784 0.6904, 1.5591 -0.805 0.6877, 1.5591 -0.9104 0.6407, 1.5591 -0.9231 0.6339, 1.5591 -0.933 0.6252, 1.5591 -0.6375 0.6223, 1.5591 -0.6296 0.6114, 1.5591 -0.6246 0.5989, 1.5591 -0.2897 0.5051, 1.5591 -0.2897 0.496, 1.5591 -0.2821 0.4953, 1.5591 -0.2821 0.5989, 1.5591 -0.2915 0.5761, 1.5591 -0.2915 0.5668, 1.5591 -0.3224 0.532, 1.5591 -0.3224 0.5051, 1.5591 -0.3074 0.532, 1.5591 -0.3074 0.5051, 1.5591 -0.2938 0.532, 1.5591 -0.2938 0.5412, 1.5591 -0.3224 0.5668, 1.5591 -0.3224 0.5412, 1.5591 -0.3074 0.5668, 1.5591 -0.3074 0.5412, 1.5591 -0.3074 0.4953, 1.5591 -0.3074 0.496, 1.5591 -0.3328 0.496, 1.5591 -0.3723 0.5102, 1.5591 -0.3711 0.5055, 1.5591 -0.3708 0.5055, 1.5591 -0.3436 0.5532, 1.5591 -0.3824 0.5989, 1.5591 -0.354 0.5532, 1.5591 -0.3824 0.5392, 1.5591 -0.3696 0.5101, 1.5591 -0.3703 0.5074, 1.5591 -0.4423 0.5083, 1.5591 -0.4525 0.5989, 1.5591 -0.4525 0.4953, 1.5591 -0.4382 0.5058, 1.5591 -0.4377 0.5056, 1.5591 -0.4377 0.5269, 1.5591 -0.4394 0.5287, 1.5591 -0.4407 0.5308, 1.5591 -0.4418 0.5338, 1.5591 -0.4422 0.5377, 1.5591 -0.4418 0.5413, 1.5591 -0.4378 0.527, 1.5591 -0.4324 0.4953, 1.5591 -0.4363 0.4958, 1.5591 -0.4377 0.4953, 1.5591 -0.4377 0.4963, 1.5591 -0.4423 0.498, 1.5591 -0.4064 0.5519, 1.5591 -0.4064 0.5422, 1.5591 -0.4358 0.5499, 1.5591 -0.4324 0.5519, 1.5591 -0.4377 0.5989, 1.5591 -0.4407 0.5445, 1.5591 -0.4388 0.5473, 1.5591 -0.4377 0.5483, 1.5591 -0.4042 0.5075, 1.5591 -0.4054 0.5043, 1.5591 -0.4073 0.5017, 1.5591 -0.4268 0.5538, 1.5591 -0.42 0.5545, 1.5591 -0.4011 0.5989, 1.5591 -0.4129 0.5539, 1.5591 -0.407 0.521, 1.5591 -0.4052 0.5182, 1.5591 -0.4041 0.5153, 1.5591 -0.4037 0.5115, 1.5591 -0.4101 0.4992, 1.5591 -0.4125 0.4977, 1.5591 -0.421 0.5463, 1.5591 -0.4239 0.5461, 1.5591 -0.4319 0.5386, 1.5591 -0.4266 0.5454, 1.5591 -0.4289 0.5442, 1.5591 -0.4318 0.5373, 1.5591 -0.4314 0.5357, 1.5591 -0.4307 0.5344, 1.5591 -0.4297 0.5333, 1.5591 -0.4262 0.5311, 1.5591 -0.4147 0.5457, 1.5591 -0.42 0.5284, 1.5591 -0.409 0.5436, 1.5591 -0.4161 0.5268, 1.5591 -0.4094 0.5231, 1.5591 -0.4304 0.5429, 1.5591 -0.4312 0.5416, 1.5591 -0.4317 0.5402, 1.5591 -0.4319 0.5035, 1.5591 -0.4271 0.5211, 1.5591 -0.433 0.5239, 1.5591 -0.4258 0.5028, 1.5591 -0.4254 0.5028, 1.5591 -0.4205 0.5184, 1.5591 -0.4202 0.5034, 1.5591 -0.414 0.5106, 1.5591 -0.4141 0.5118, 1.5591 -0.4176 0.5043, 1.5591 -0.4167 0.5049, 1.5591 -0.4156 0.5059, 1.5591 -0.4147 0.5072, 1.5591 -0.4142 0.5086, 1.5591 -0.4145 0.5134, 1.5591 -0.4153 0.5147, 1.5591 -0.4166 0.516, 1.5591 -0.2072 0.6223, 1.5591 -0.2332 0.623, 1.5591 -0.2446 0.623, 1.5591 -0.2528 0.6449, 1.5591 -0.2821 0.6449, 1.5591 -0.2821 0.6223, 1.5591 -0.2637 0.7031, 1.5591 -0.2072 0.7038, 1.5591 -0.2821 0.7038, 1.5591 -0.2861 0.6449, 1.5591 -0.2938 0.623, 1.5591 -0.3074 0.6223, 1.5591 -0.3052 0.623, 1.5591 -0.3074 0.7038, 1.5591 -0.2821 0.6836, 1.5591 -0.2747 0.7031, 1.5591 -0.3824 0.7038, 1.5591 -0.4011 0.7038, 1.5591 -0.3918 0.7031, 1.5591 -0.4011 0.7031, 1.5591 -0.4227 0.6591, 1.5591 -0.4227 0.6321, 1.5591 -0.4011 0.6591, 1.5591 -0.4011 0.6321, 1.5591 -0.3941 0.6591, 1.5591 -0.39 0.6321, 1.5591 -0.3941 0.6682, 1.5591 -0.3918 0.6939, 1.5591 -0.4011 0.6682, 1.5591 -0.4011 0.6939, 1.5591 -0.4227 0.6682, 1.5591 -0.4227 0.6939, 1.5591 -0.433 0.623, 1.5591 -0.4377 0.6223, 1.5591 -0.4011 0.6223, 1.5591 -0.3824 0.6223, 1.5591 -0.39 0.623, 1.5591 -0.4011 0.623, 1.5591 -0.433 0.7031, 1.5591 -0.4377 0.7038, 1.5591 -0.4581 0.6939, 1.5591 -0.4679 0.6951, 1.5591 -0.4525 0.6347, 1.5591 -0.4491 0.6903, 1.5591 -0.4491 0.6362, 1.5591 -0.4499 0.6908, 1.5591 -0.4525 0.6918, 1.5591 -0.4719 0.6949, 1.5591 -0.4787 0.6934, 1.5591 -0.4849 0.6903, 1.5591 -0.4968 0.6731, 1.5591 -0.4982 0.6621, 1.5591 -0.4697 0.6309, 1.5591 -0.4897 0.6862, 1.5591 -0.4903 0.6856, 1.5591 -0.4569 0.6327, 1.5591 -0.466 0.631, 1.5591 -0.4942 0.6801, 1.5591 -0.498 0.6583, 1.5591 -0.4966 0.6505, 1.5591 -0.4939 0.6442, 1.5591 -0.4903 0.6393, 1.5591 -0.4879 0.6371, 1.5591 -0.4766 0.6316, 1.5591 -0.4825 0.6335, 1.5591 -0.4594 0.7038, 1.5591 -0.4575 0.7036, 1.5591 -0.4525 0.7038, 1.5591 -0.4525 0.7021, 1.5591 -0.4491 0.7012, 1.5591 -0.468 0.7044, 1.5591 -0.4525 0.8268, 1.5591 -0.4736 0.7038, 1.5591 -0.5054 0.8268, 1.5591 -0.5054 0.7038, 1.5591 -0.5032 0.6851, 1.5591 -0.4974 0.6926, 1.5591 -0.4955 0.6945, 1.5591 -0.488 0.6998, 1.5591 -0.4796 0.703, 1.5591 -0.5102 0.7038, 1.5591 -0.5071 0.6762, 1.5591 -0.5054 0.68, 1.5591 -0.5054 0.6434, 1.5591 -0.5074 0.6485, 1.5591 -0.5102 0.6223, 1.5591 -0.509 0.6615, 1.5591 -0.5089 0.6657, 1.5591 -0.4847 0.6237, 1.5591 -0.4923 0.6272, 1.5591 -0.5054 0.6223, 1.5591 -0.4987 0.6326, 1.5591 -0.4994 0.6333, 1.5591 -0.5042 0.6401, 1.5591 -0.4782 0.6223, 1.5591 -0.5054 0.5989, 1.5591 -0.4761 0.6219, 1.5591 -0.4712 0.6217, 1.5591 -0.4642 0.6223, 1.5591 -0.4491 0.6263, 1.5591 -0.4504 0.6256, 1.5591 -0.4525 0.6223, 1.5591 -0.4525 0.625, 1.5591 -0.459 0.6228, 1.5591 -0.4976 0.5235, 1.5591 -0.4963 0.5394, 1.5591 -0.4997 0.5206, 1.5591 -0.5011 0.5172, 1.5591 -0.5054 0.4953, 1.5591 -0.5001 0.5033, 1.5591 -0.5013 0.5067, 1.5591 -0.4741 0.546, 1.5591 -0.4775 0.5463, 1.5591 -0.4829 0.53, 1.5591 -0.5054 0.4636, 1.5591 -0.4895 0.4953, 1.5591 -0.4897 0.4953, 1.5591 -0.4936 0.4968, 1.5591 -0.4702 0.5539, 1.5591 -0.4661 0.5526, 1.5591 -0.4659 0.5048, 1.5591 -0.4662 0.5048, 1.5591 -0.4659 0.496, 1.5591 -0.4686 0.5014, 1.5591 -0.4718 0.4983, 1.5591 -0.4944 0.5261, 1.5591 -0.49 0.5283, 1.5591 -0.4894 0.5438, 1.5591 -0.4831 0.5458, 1.5591 -0.4969 0.4991, 1.5591 -0.498 0.5003, 1.5591 -0.4628 0.5506, 1.5591 -0.4601 0.548, 1.5591 -0.4581 0.5447, 1.5591 -0.4963 0.5492, 1.5591 -0.4942 0.5504, 1.5591 -0.4867 0.5532, 1.5591 -0.4766 0.5545, 1.5591 -0.5018 0.5113, 1.5591 -0.5018 0.5129, 1.5591 -0.4659 0.5323, 1.5591 -0.4663 0.5368, 1.5591 -0.4673 0.5403, 1.5591 -0.4685 0.5424, 1.5591 -0.4566 0.54, 1.5591 -0.4559 0.5328, 1.5591 -0.4559 0.496, 1.5591 -0.47 0.544, 1.5591 -0.4718 0.5452, 1.5591 -0.4525 0.4636, 1.5591 -0.4781 0.4953, 1.5591 -0.4837 0.4946, 1.5591 -0.3824 0.4953, 1.5591 -0.3824 0.5123, 1.5591 -0.3985 0.5532, 1.5591 -0.3872 0.5532, 1.5591 -0.376 0.4961, 1.5591 -0.3764 0.4953, 1.5591 -0.3804 0.4857, 1.5591 -0.4011 0.4636, 1.5591 -0.3964 0.4699, 1.5591 -0.3964 0.4788, 1.5591 -0.3843 0.48, 1.5591 -0.3824 0.4821, 1.5591 -0.3824 0.4821, 1.5591 -0.4268 0.4946, 1.5591 -0.4377 0.4636, 1.5591 -0.3943 0.4781, 1.5591 -0.3907 0.4776, 1.5591 -0.3824 0.4708, 1.5591 -0.3859 0.4695, 1.5591 -0.3824 0.4636, 1.5591 -0.3899 0.469, 1.5591 -0.3921 0.4691, 1.5591 -0.3881 0.478, 1.5591 -0.386 0.4788, 1.5591 -0.3695 0.4873, 1.5591 -0.3741 0.4785, 1.5591 -0.3074 0.4636, 1.5591 -0.3664 0.4953, 1.5591 -0.3777 0.4741, 1.5591 -0.3784 0.4735, 1.5591 -0.3819 0.471, 1.5591 -0.2821 0.4636, 1.5591 -0.3074 0.3543, 1.5591 -0.3824 0.3543, 1.5591 -0.4011 0.3543, 1.5591 -0.4377 0.3543, 1.5591 -0.4525 0.3543, 1.5591 -0.5054 0.3543, 1.5591 -0.4741 0.4969, 1.5591 0.465 0.4953, 1.5591 -0.2072 0.4953, 1.5591 -0.5545 0.5761, 1.5591 -0.5545 0.496, 1.5591 -0.5102 0.4953, 1.5591 -0.5102 0.4636, 1.5591 -0.5102 0.3543, 1.5591 -0.5133 0.5761, 1.5591 -0.5102 0.5989, 1.5591 -0.5133 0.5668, 1.5591 -0.5114 0.5051, 1.5591 -0.5114 0.496, 1.5591 -0.5442 0.532, 1.5591 -0.5442 0.5051, 1.5591 -0.5155 0.532, 1.5591 -0.5155 0.5412, 1.5591 -0.5442 0.5412, 1.5591 -0.5442 0.5668, 1.5591 -0.2746 0.496, 1.5591 -0.2116 0.5226, 1.5591 -0.2155 0.5143, 1.5591 -0.2215 0.5072, 1.5591 -0.2137 0.5557, 1.5591 -0.2107 0.5481, 1.5591 -0.2072 0.5989, 1.5591 -0.2094 0.537, 1.5591 -0.2096 0.5319, 1.5591 -0.2298 0.5012, 1.5591 -0.2389 0.4976, 1.5591 -0.2525 0.496, 1.5591 -0.2746 0.5761, 1.5591 -0.2517 0.5761, 1.5591 -0.2395 0.5747, 1.5591 -0.2298 0.5712, 1.5591 -0.2215 0.5655, 1.5591 -0.2186 0.5627, 1.5591 -0.1935 0.496, 1.5591 -0.2049 0.496, 1.5591 -0.1443 0.496, 1.5591 -0.1525 0.5179, 1.5591 -0.1858 0.5179, 1.5591 -0.1744 0.5761, 1.5591 -0.1634 0.5761, 1.5591 -0.5545 0.623, 1.5591 -0.5545 0.7031, 1.5591 -0.5123 0.623, 1.5591 -0.3139 0.6827, 1.5591 -0.311 0.6751, 1.5591 -0.3097 0.6641, 1.5591 -0.3099 0.659, 1.5591 -0.3118 0.6496, 1.5591 -0.3158 0.6413, 1.5591 -0.3217 0.6342, 1.5591 -0.3301 0.6282, 1.5591 -0.352 0.7031, 1.5591 -0.3398 0.7017, 1.5591 -0.3301 0.6982, 1.5591 -0.3392 0.6247, 1.5591 -0.3528 0.623, 1.5591 -0.3748 0.623, 1.5591 -0.3748 0.7031, 1.5591 -0.3217 0.6925, 1.5591 -0.3189 0.6897, 1.5591 -0.1329 0.496, 1.5591 0.465 0.5989, 1.5591 0.465 0.6223, 1.5591 0.465 0.7038, 1.5591 1.063 0.4953, 1.5591 1.063 0.5989, 1.5591 1.063 0.6223, 1.5591 1.063 0.7038, 1.5591 -0.5102 0.8268, 1.5591 1.063 0.8268, 1.5591 0.465 0.8268, 1.5591 -0.2072 0.8268, 1.5591 -0.2821 0.8268, 1.5591 -0.3074 0.8268, 1.5591 -0.3824 0.8268, 1.5591 -0.4011 0.8268, 1.5591 -0.4377 0.8268, 1.4803 0.7646 0.9055, 1.4803 0.9843 0.9055, 0.9078 0.9843 0.9055, 0.975 -0.9217 0.9055, 0.975 -0.8976 0.9055, 0.9078 -0.7084 0.9055, 0.9806 -0.9243 0.9055, 0.9078 -0.9282 0.9055, 0.9953 -0.928 0.9055, 1.0281 -0.8301 0.9055, 1.0109 -0.8285 0.9055, 1.0614 -0.8673 0.9055, 0.9848 -0.7301 0.9055, 1.0782 -0.7301 0.9055, 1.0545 -0.8132 0.9055, 1.0677 -0.8209 0.9055, 1.0782 -0.7517 0.9055, 0.9774 -0.8302 0.9055, 0.9941 -0.8289 0.9055, 0.9947 -0.9051 0.9055, 1.0156 -0.9078 0.9055, 1.0285 -0.9065 0.9055, 1.0392 -0.8086 0.9055, 1.0815 -0.8949 0.9055, 1.0734 -0.9069 0.9055, 1.4803 -0.9282 0.9055, 1.0625 -0.9167 0.9055, 1.0531 -0.8433 0.9055, 1.047 -0.8379 0.9055, 1.0577 -0.8501 0.9055, 1.0603 -0.8573 0.9055, 1.0405 -0.8341 0.9055, 1.0539 -0.8912 0.9055, 1.0582 -0.8839 0.9055, 1.0608 -0.8753 0.9055, 1.0388 -0.9032 0.9055, 1.0478 -0.8976 0.9055, 1.0196 -0.8069 0.9055, 1.0056 -0.7517 0.9055, 1.0014 -0.8077 0.9055, 1.0765 -0.8294 0.9055, 1.083 -0.8402 0.9055, 1.0866 -0.8519 0.9055, 1.0878 -0.8657 0.9055, 1.086 -0.8823 0.9055, 1.0493 -0.9238 0.9055, 1.0318 -0.9282 0.9055, 1.4803 -0.9843 0.9055, 1.0302 -0.9286 0.9055, 0.9078 -0.9843 0.9055, 1.0167 -0.9294 0.9055, 0.9985 -0.9282 0.9055, 1.4803 -0.7084 0.9055, 1.1555 -0.689 0.9055, 0.9078 0.7263 0.9055, 0.9078 0.689 0.9055, 1.1555 0.689 0.9055, 1.4803 0.7263 0.9055, 0.8406 0.689 0.9055, 0.748 0.7263 0.9055, 0.8406 -0.689 0.9055, 0.6555 0.689 0.9055, 0.6555 -0.689 0.9055, 0.748 -0.7084 0.9055, 0.61 -0.7084 0.9055, 0.61 0.689 0.9055, 0.9078 -0.689 0.9055, 0.61 0.7263 0.9055, 0.3805 0.7263 0.9055, 0.3805 0.689 0.9055, 0.3406 0.689 0.9055, 0.248 0.7263 0.9055, 0.3406 -0.689 0.9055, 0.248 -0.7084 0.9055, 0.3805 -0.7084 0.9055, 0.3805 -0.689 0.9055, 0.61 -0.689 0.9055, -0.1122 -0.7084 0.9055, -0.1122 -0.689 0.9055, -0.1594 -0.689 0.9055, 0.1555 -0.689 0.9055, 0.1555 0.689 0.9055, -0.1122 0.689 0.9055, -0.1122 0.7263 0.9055, -0.1594 0.689 0.9055, -0.252 0.7263 0.9055, -0.252 -0.7084 0.9055, -0.9087 0.689 0.9055, -0.8445 0.689 0.9055, -0.752 0.7263 0.9055, -0.752 -0.7084 0.9055, -0.9087 0.7263 0.9055, -1.0514 0.7263 0.9055, -1.0514 0.689 0.9055, -1.1594 0.689 0.9055, -1.2044 0.7263 0.9055, -1.1594 -0.689 0.9055, -1.2044 -0.7084 0.9055, -1.0514 -0.689 0.9055, -1.3527 0.8982 0.9055, -1.3404 0.9103 0.9055, -1.4269 0.9843 0.9055, -1.3616 0.8834 0.9055, -1.259 0.9176 0.9055, -1.2453 0.9084 0.9055, -1.2044 0.9843 0.9055, -1.2738 0.9229 0.9055, -1.3147 0.7657 0.9055, -1.3295 0.7708 0.9055, -1.4269 0.7646 0.9055, -1.2363 0.7907 0.9055, -1.2482 0.7786 0.9055, -1.2044 0.7646 0.9055, -1.2613 0.7706 0.9055, -1.2765 0.7655 0.9055, -1.2857 0.7646 0.9055, -1.3424 0.779 0.9055, -1.3537 0.7907 0.9055, -1.3624 0.8054 0.9055, -1.3259 0.9188 0.9055, -1.3099 0.9235 0.9055, -1.2929 0.925 0.9055, -1.2198 0.8462 0.9055, -1.2219 0.8234 0.9055, -1.2276 0.8054 0.9055, -1.2336 0.8952 0.9055, -1.2254 0.8795 0.9055, -1.2209 0.862 0.9055, -1.3677 0.8224 0.9055, -1.3696 0.8425 0.9055, -1.3674 0.8652 0.9055, -1.3045 0.7646 0.9055, -1.4269 0.7263 0.9055, -1.2954 0.7637 0.9055, -0.0047 -0.9282 0.9055, -0.0064 -0.9286 0.9055, 0.248 -0.9843 0.9055, -0.1122 -0.9843 0.9055, -0.0198 -0.9294 0.9055, -0.033 -0.9282 0.9055, 0.0441 -0.8972 0.9055, 0.0368 -0.9077 0.9055, 0.248 -0.9282 0.9055, -0.0577 -0.7427 0.9055, -0.0425 -0.7337 0.9055, -0.0431 -0.9273 0.9055, -0.1122 -0.9282 0.9055, -0.06 -0.9218 0.9055, -0.0457 -0.8141 0.9055, -0.065 -0.8928 0.9055, -0.0457 -0.8358 0.9055, -0.0488 -0.9021 0.9055, -0.0294 -0.8358 0.9055, 0.0485 -0.8857 0.9055, 0.0258 -0.9172 0.9055, 0.0125 -0.924 0.9055, -0.032 -0.9068 0.9055, -0.0198 -0.9078 0.9055, -0.0108 -0.8371 0.9055, 0.0035 -0.841 0.9055, -0.065 -0.9192 0.9055, -0.0577 -0.7643 0.9055, -0.0468 -0.7568 0.9055, -0.0303 -0.8141 0.9055, -0.033 -0.7511 0.9055, -0.0141 -0.8129 0.9055, 0.0166 -0.7813 0.9055, 0.0167 -0.7805 0.9055, 0.0439 -0.8469 0.9055, 0.0482 -0.8563 0.9055, -0.0069 -0.9066 0.9055, 0.0239 -0.8721 0.9055, 0.023 -0.8632 0.9055, 0.0207 -0.8564 0.9055, 0.0032 -0.9035 0.9055, 0.0103 -0.8994 0.9055, 0.0231 -0.8799 0.9055, 0.0161 -0.8942 0.9055, 0.0206 -0.8874 0.9055, -0.0031 -0.81 0.9055, 0.0048 -0.8058 0.9055, 0.0097 -0.8014 0.9055, 0.0132 -0.7964 0.9055, 0.0155 -0.7903 0.9055, 0.004 -0.7544 0.9055, -0.003 -0.7514 0.9055, 0.016 -0.7724 0.9055, -0.0144 -0.7495 0.9055, -0.0192 -0.7493 0.9055, 0.0501 -0.8666 0.9055, 0.0503 -0.8705 0.9055, 0.0169 -0.8505 0.9055, 0.0116 -0.8456 0.9055, 0.0075 -0.7569 0.9055, 0.0141 -0.766 0.9055, 0.0113 -0.7611 0.9055, 0.0029 -0.8233 0.9055, 0.0029 -0.8238 0.9055, 0.0072 -0.822 0.9055, 0.0174 -0.8268 0.9055, 0.0215 -0.8155 0.9055, 0.0284 -0.8318 0.9055, 0.0299 -0.809 0.9055, 0.0332 -0.8055 0.9055, 0.0159 -0.7332 0.9055, 0.0258 -0.7391 0.9055, 0.0337 -0.7467 0.9055, 0.0388 -0.7547 0.9055, 0.042 -0.764 0.9055, 0.0431 -0.7743 0.9055, 0.0418 -0.7868 0.9055, 0.0378 -0.8391 0.9055, 0.0385 -0.797 0.9055, -0.0264 -0.7289 0.9055, -0.0126 -0.7277 0.9055, 0.0032 -0.7292 0.9055, 0.9078 0.7646 0.9055, 0.748 0.9843 0.9055, 0.748 0.7646 0.9055, 0.61 0.9843 0.9055, 0.61 0.7646 0.9055, 0.3805 0.9843 0.9055, 0.3805 0.7646 0.9055, 0.248 0.9843 0.9055, 0.248 0.7646 0.9055, -0.1122 0.9843 0.9055, -0.1122 0.7646 0.9055, -0.252 0.9843 0.9055, -0.252 0.7646 0.9055, -0.752 0.9843 0.9055, -0.752 0.7646 0.9055, -0.9087 0.9843 0.9055, -0.9087 0.7646 0.9055, -1.0514 0.9843 0.9055, -1.0514 0.7646 0.9055, -1.1891 0.7656 0.9055, -1.1679 0.7656 0.9055, -1.0854 0.7656 0.9055, -1.1679 0.8981 0.9055, -1.1686 0.8981 0.9055, -1.1655 0.8928 0.9055, -1.168 0.8871 0.9055, -1.1627 0.8878 0.9055, -1.1891 0.9231 0.9055, -1.1622 0.9231 0.9055, -1.0815 0.9231 0.9055, -1.0604 0.9231 0.9055, -1.0604 0.7656 0.9055, -1.1679 0.8761 0.9055, -1.0809 0.7925 0.9055, -1.0805 0.7925 0.9055, -1.0839 0.798 0.9055, -1.0813 0.8039 0.9055, -1.0872 0.8033 0.9055, -1.0815 0.8153 0.9055, -0.3445 0.689 0.9055, -0.6594 0.689 0.9055, -0.6594 -0.689 0.9055, -0.3445 -0.689 0.9055, 0.748 -0.9282 0.9055, 0.61 -0.9282 0.9055, 0.5645 -0.8598 0.9055, 0.5645 -0.8814 0.9055, 0.5357 -0.8814 0.9055, 0.5357 -0.927 0.9055, 0.5117 -0.927 0.9055, 0.3805 -0.9282 0.9055, 0.5357 -0.8598 0.9055, 0.5357 -0.7301 0.9055, 0.51 -0.7301 0.9055, 0.4744 -0.7902 0.9055, 0.5117 -0.8814 0.9055, 0.4205 -0.8814 0.9055, 0.4205 -0.8609 0.9055, -0.4369 -0.9054 0.9055, -0.252 -0.9282 0.9055, -0.5522 -0.7733 0.9055, -0.5594 -0.9172 0.9055, -0.5577 -0.8987 0.9055, -0.5528 -0.8841 0.9055, -0.5448 -0.8717 0.9055, -0.5287 -0.8556 0.9055, -0.4369 -0.927 0.9055, -0.5594 -0.927 0.9055, -0.752 -0.9282 0.9055, -0.508 -0.84 0.9055, -0.5059 -0.8385 0.9055, -0.5455 -0.7669 0.9055, -0.5387 -0.7379 0.9055, -0.5254 -0.7314 0.9055, -0.5522 -0.7492 0.9055, -0.4712 -0.7335 0.9055, -0.4593 -0.7409 0.9055, -0.4492 -0.8136 0.9055, -0.4571 -0.8255 0.9055, -0.4759 -0.8433 0.9055, -0.4708 -0.8045 0.9055, -0.467 -0.7938 0.9055, -0.5319 -0.7573 0.9055, -0.5099 -0.7281 0.9055, -0.5012 -0.7277 0.9055, -0.4845 -0.7293 0.9055, -0.4514 -0.7491 0.9055, -0.446 -0.7582 0.9055, -0.4428 -0.7687 0.9055, -0.4417 -0.7805 0.9055, -0.4437 -0.7986 0.9055, -0.4783 -0.8153 0.9055, -0.4657 -0.7824 0.9055, -0.4666 -0.7738 0.9055, -0.4689 -0.7673 0.9055, -0.483 -0.7535 0.9055, -0.4922 -0.7504 0.9055, -0.5036 -0.7493 0.9055, -0.5184 -0.7515 0.9055, -0.4857 -0.8505 0.9055, -0.5165 -0.873 0.9055, -0.5259 -0.8824 0.9055, -0.4723 -0.7618 0.9055, -0.4769 -0.7573 0.9055, -0.5303 -0.8891 0.9055, -0.5327 -0.8961 0.9055, -0.5336 -0.9054 0.9055, -0.8445 -0.689 0.9055, -0.9087 -0.7084 0.9055, -0.9087 -0.9282 0.9055, -1.0424 -0.7589 0.9055, -1.0514 -0.7084 0.9055, -1.0424 -0.7829 0.9055, -1.0514 -0.9282 0.9055, -1.0388 -0.7819 0.9055, -0.9968 -0.927 0.9055, -0.9968 -0.7598 0.9055, -1.015 -0.772 0.9055, -0.9728 -0.927 0.9055, -0.9728 -0.7277 0.9055, -0.9822 -0.7277 0.9055, -1.0108 -0.7462 0.9055, -0.9087 -0.689 0.9055, -1.2044 -0.9282 0.9055, -1.4269 -0.7084 0.9055, -1.4269 -0.9282 0.9055, -1.4843 0.9843 0.9055, -1.4843 0.7646 0.9055, -1.4843 0.7263 0.9055, -1.4843 -0.7084 0.9055, -1.4843 -0.9282 0.9055, 0.3805 -0.9843 0.9055, 0.61 -0.9843 0.9055, 0.748 -0.9843 0.9055, -0.252 -0.9843 0.9055, -0.752 -0.9843 0.9055, -0.9087 -0.9843 0.9055, -1.0514 -0.9843 0.9055, -1.2044 -0.9843 0.9055, -1.4269 -0.9843 0.9055, -1.4843 -0.9843 0.9055, 0.8406 0.348 0.7087, 1.1555 0.348 0.7087, 0.8406 -0.348 0.7087, 0.8445 -0.2693 0.7087, 0.8445 0.0457 0.7087, 1.1516 -0.2693 0.7087, 1.1555 -0.348 0.7087, 1.1516 0.0457 0.7087
            ]
        }
        coordIndex [
            0,1,2,-1,3,4,5,-1,6,3,7,-1,8,6,9,-1,10,11,12,-1,13,14,15,-1,16,17,18,-1,18,17,19,-1,20,21,18,-1,18,21,22,-1,18,22,23,-1,23,24,18,-1,18,24,25,-1,18,25,16,-1,26,27,28,-1,26,28,29,-1,29,28,30,-1,29,30,31,-1,31,30,32,-1,32,30,33,-1,32,33,34,-1,35,36,33,-1,33,36,37,-1,33,37,38,-1,33,39,34,-1,34,39,40,-1,34,40,41,-1,41,40,42,-1,41,42,43,-1,38,44,33,-1,33,44,45,-1,33,45,39,-1,46,47,48,-1,48,47,49,-1,48,49,50,-1,50,51,48,-1,48,51,52,-1,48,52,53,-1,53,52,54,-1,54,55,53,-1,53,55,56,-1,53,56,35,-1,35,56,57,-1,35,57,36,-1,58,59,60,-1,60,59,61,-1,60,61,48,-1,48,61,62,-1,48,62,46,-1,63,64,65,-1,65,64,66,-1,65,66,67,-1,67,66,68,-1,68,69,67,-1,67,69,70,-1,67,70,60,-1,60,70,71,-1,60,71,58,-1,72,73,63,-1,63,73,74,-1,63,74,75,-1,75,76,63,-1,63,76,77,-1,63,77,64,-1,78,79,80,-1,81,82,83,-1,84,85,72,-1,86,87,88,-1,88,87,89,-1,81,83,90,-1,84,72,91,-1,92,93,87,-1,87,93,94,-1,87,94,95,-1,80,79,72,-1,72,79,96,-1,72,96,91,-1,82,97,83,-1,83,97,98,-1,83,98,99,-1,100,101,102,-1,102,101,103,-1,102,103,104,-1,105,95,106,-1,106,95,107,-1,106,107,102,-1,102,107,108,-1,102,108,100,-1,105,109,95,-1,95,109,110,-1,95,110,87,-1,87,110,111,-1,87,111,89,-1,112,113,114,-1,114,113,115,-1,114,115,83,-1,83,115,116,-1,83,116,90,-1,117,118,83,-1,83,118,119,-1,83,119,87,-1,87,119,120,-1,87,120,92,-1,121,122,73,-1,73,122,123,-1,73,123,124,-1,124,125,73,-1,73,125,126,-1,73,126,127,-1,127,126,112,-1,127,112,128,-1,128,112,114,-1,85,129,72,-1,72,129,130,-1,72,130,73,-1,73,130,131,-1,73,131,121,-1,99,132,83,-1,83,132,133,-1,83,133,134,-1,134,135,83,-1,83,135,136,-1,83,136,117,-1,137,138,139,-1,139,95,137,-1,137,95,94,-1,137,94,140,-1,140,94,141,-1,141,142,140,-1,140,142,143,-1,140,143,144,-1,145,146,147,-1,146,148,147,-1,147,148,149,-1,147,149,150,-1,151,147,152,-1,138,137,151,-1,151,137,153,-1,151,153,147,-1,147,153,154,-1,147,154,145,-1,152,155,151,-1,151,155,156,-1,151,156,157,-1,150,149,158,-1,158,149,159,-1,158,159,160,-1,160,159,161,-1,160,161,162,-1,163,164,157,-1,157,164,165,-1,157,165,151,-1,17,166,19,-1,19,166,167,-1,19,167,80,-1,80,167,168,-1,80,168,78,-1,169,170,171,-1,15,14,172,-1,172,14,173,-1,172,173,174,-1,175,176,177,-1,177,176,178,-1,177,178,179,-1,179,178,169,-1,179,169,180,-1,181,182,183,-1,183,182,184,-1,183,184,174,-1,171,170,185,-1,185,170,186,-1,185,186,187,-1,188,189,190,-1,191,192,193,-1,193,192,194,-1,193,194,195,-1,195,194,188,-1,195,188,196,-1,196,188,190,-1,197,198,199,-1,200,201,202,-1,203,204,197,-1,204,205,197,-1,197,205,206,-1,197,206,198,-1,198,206,207,-1,200,202,197,-1,197,202,208,-1,197,208,203,-1,209,210,211,-1,211,210,212,-1,211,212,199,-1,199,212,213,-1,199,213,197,-1,214,215,12,-1,216,217,218,-1,207,219,198,-1,198,219,220,-1,198,220,218,-1,218,220,221,-1,218,221,216,-1,222,223,12,-1,12,223,224,-1,217,225,218,-1,218,225,226,-1,218,226,227,-1,227,226,228,-1,227,228,214,-1,229,230,215,-1,215,230,231,-1,215,231,12,-1,12,231,232,-1,12,232,222,-1,224,233,12,-1,12,233,234,-1,12,234,10,-1,235,236,237,-1,237,236,238,-1,237,238,239,-1,237,240,235,-1,235,240,241,-1,235,241,242,-1,242,243,235,-1,235,243,244,-1,235,244,245,-1,245,244,246,-1,245,246,247,-1,247,246,248,-1,247,248,215,-1,215,248,249,-1,215,249,229,-1,250,251,239,-1,239,251,252,-1,239,252,237,-1,253,254,201,-1,201,254,255,-1,201,255,202,-1,253,256,254,-1,254,256,257,-1,254,257,258,-1,258,257,259,-1,258,260,261,-1,259,262,258,-1,258,262,263,-1,258,263,264,-1,264,265,258,-1,258,265,266,-1,258,266,260,-1,261,267,258,-1,258,267,268,-1,258,268,269,-1,270,271,272,-1,273,274,272,-1,272,274,275,-1,272,275,270,-1,271,270,276,-1,276,270,277,-1,276,277,278,-1,274,279,275,-1,275,279,280,-1,275,280,281,-1,281,280,282,-1,281,282,283,-1,283,282,284,-1,283,284,278,-1,278,284,285,-1,278,285,276,-1,286,287,288,-1,288,287,289,-1,290,291,292,-1,292,291,293,-1,292,293,294,-1,294,293,295,-1,294,295,296,-1,296,295,297,-1,296,297,298,-1,298,297,299,-1,298,299,300,-1,300,299,301,-1,302,303,304,-1,288,297,286,-1,286,297,295,-1,286,295,305,-1,305,295,306,-1,305,306,304,-1,304,306,307,-1,304,307,302,-1,289,287,308,-1,308,287,309,-1,308,309,302,-1,310,311,312,-1,302,309,303,-1,303,309,313,-1,303,313,314,-1,314,313,315,-1,314,315,312,-1,312,315,316,-1,312,316,310,-1,311,317,312,-1,312,317,318,-1,312,318,319,-1,320,321,322,-1,319,323,312,-1,312,323,324,-1,312,324,325,-1,325,324,326,-1,326,324,322,-1,322,324,327,-1,322,327,320,-1,321,328,322,-1,322,328,329,-1,322,329,330,-1,330,331,322,-1,322,331,332,-1,322,332,333,-1,333,332,334,-1,335,336,337,-1,337,336,338,-1,337,338,309,-1,309,338,339,-1,309,339,313,-1,340,341,342,-1,342,341,343,-1,344,345,346,-1,346,347,344,-1,344,347,348,-1,344,348,349,-1,350,351,344,-1,344,351,352,-1,344,352,345,-1,353,354,355,-1,355,354,356,-1,355,356,350,-1,350,356,357,-1,350,357,351,-1,358,359,360,-1,360,359,361,-1,361,362,360,-1,360,362,363,-1,360,363,353,-1,358,360,364,-1,364,360,365,-1,364,365,366,-1,366,365,367,-1,367,365,198,-1,367,198,368,-1,314,369,303,-1,303,369,370,-1,303,370,371,-1,371,370,372,-1,371,372,373,-1,374,375,376,-1,376,375,377,-1,378,379,380,-1,381,382,383,-1,384,385,378,-1,378,385,386,-1,378,386,387,-1,388,389,198,-1,390,391,392,-1,392,391,393,-1,392,393,394,-1,374,395,375,-1,375,395,396,-1,375,396,397,-1,397,396,383,-1,397,383,398,-1,398,383,382,-1,387,399,378,-1,378,399,400,-1,378,400,379,-1,389,401,198,-1,198,401,402,-1,198,402,403,-1,404,405,365,-1,365,405,406,-1,365,406,198,-1,198,406,407,-1,198,407,388,-1,380,408,378,-1,378,408,409,-1,378,409,365,-1,365,409,377,-1,365,377,404,-1,404,377,375,-1,410,411,383,-1,383,411,412,-1,383,412,413,-1,403,414,198,-1,198,414,415,-1,198,415,199,-1,199,415,416,-1,199,416,392,-1,413,417,383,-1,383,417,418,-1,383,418,381,-1,419,420,384,-1,384,420,421,-1,384,421,385,-1,422,423,12,-1,12,423,424,-1,214,12,227,-1,227,12,424,-1,227,424,192,-1,192,424,425,-1,192,425,194,-1,426,423,427,-1,427,423,422,-1,427,422,428,-1,429,430,431,-1,432,433,422,-1,422,433,434,-1,422,434,428,-1,435,436,11,-1,11,436,429,-1,11,429,12,-1,12,429,431,-1,12,431,422,-1,422,431,437,-1,422,437,438,-1,439,440,441,-1,441,440,442,-1,441,442,429,-1,429,442,443,-1,429,443,430,-1,438,444,422,-1,422,444,445,-1,422,445,432,-1,446,447,448,-1,446,448,449,-1,447,450,448,-1,448,450,451,-1,448,451,441,-1,441,451,452,-1,441,452,439,-1,8,453,454,-1,454,453,448,-1,454,448,455,-1,455,448,441,-1,455,441,456,-1,456,441,429,-1,456,429,457,-1,457,429,436,-1,457,436,458,-1,458,436,419,-1,458,419,459,-1,459,419,384,-1,435,209,436,-1,436,209,211,-1,436,211,419,-1,419,211,199,-1,419,199,420,-1,420,199,392,-1,420,392,460,-1,460,392,394,-1,453,171,448,-1,448,171,185,-1,448,185,449,-1,449,185,187,-1,449,187,191,-1,191,187,13,-1,191,13,192,-1,192,13,15,-1,6,7,9,-1,9,7,461,-1,9,461,462,-1,463,80,464,-1,464,80,72,-1,464,72,465,-1,465,72,63,-1,465,63,466,-1,466,63,65,-1,466,65,467,-1,463,468,469,-1,468,470,469,-1,469,470,471,-1,469,471,465,-1,465,471,472,-1,465,472,464,-1,473,474,475,-1,475,474,471,-1,475,471,476,-1,476,471,470,-1,476,470,477,-1,477,470,478,-1,184,180,174,-1,174,180,169,-1,174,169,172,-1,172,169,171,-1,172,171,479,-1,480,481,462,-1,462,481,482,-1,483,484,485,-1,485,484,486,-1,485,486,462,-1,462,486,487,-1,462,487,480,-1,482,488,462,-1,462,488,489,-1,462,489,490,-1,8,9,453,-1,453,9,462,-1,453,462,171,-1,171,462,490,-1,171,490,479,-1,479,491,172,-1,172,491,492,-1,172,492,485,-1,485,492,493,-1,485,493,494,-1,494,495,485,-1,485,495,496,-1,485,496,483,-1,497,498,462,-1,499,500,501,-1,462,498,485,-1,485,498,502,-1,485,502,503,-1,353,355,360,-1,360,355,469,-1,360,469,365,-1,365,469,465,-1,365,465,378,-1,378,465,466,-1,378,466,384,-1,384,466,467,-1,384,467,459,-1,485,270,172,-1,172,270,275,-1,172,275,15,-1,15,275,281,-1,15,281,192,-1,192,281,305,-1,192,305,227,-1,227,305,304,-1,227,304,218,-1,218,304,303,-1,218,303,198,-1,198,303,371,-1,198,371,368,-1,368,371,373,-1,463,469,80,-1,80,469,355,-1,80,355,19,-1,19,355,504,-1,19,504,18,-1,504,505,18,-1,18,505,0,-1,18,0,350,-1,350,0,2,-1,350,2,355,-1,355,2,506,-1,355,506,504,-1,507,508,283,-1,283,508,509,-1,283,509,281,-1,281,509,510,-1,281,510,511,-1,511,512,281,-1,281,512,513,-1,281,513,514,-1,286,515,283,-1,283,515,516,-1,283,516,517,-1,514,518,281,-1,281,518,519,-1,281,519,305,-1,305,519,520,-1,305,520,286,-1,286,520,521,-1,286,521,515,-1,517,522,283,-1,283,522,523,-1,283,523,507,-1,501,497,499,-1,499,497,462,-1,499,462,524,-1,524,462,461,-1,524,461,503,-1,503,461,525,-1,503,525,485,-1,485,525,526,-1,485,526,270,-1,270,526,527,-1,270,527,277,-1,3,5,7,-1,7,5,528,-1,7,528,461,-1,461,528,529,-1,461,529,525,-1,525,529,530,-1,525,530,526,-1,526,530,531,-1,526,531,527,-1,349,342,344,-1,344,342,343,-1,344,343,350,-1,350,343,532,-1,350,532,18,-1,18,532,28,-1,18,28,20,-1,20,28,27,-1,531,533,527,-1,527,533,534,-1,527,534,277,-1,277,534,535,-1,277,535,278,-1,278,535,536,-1,278,536,283,-1,283,536,537,-1,283,537,286,-1,286,537,538,-1,286,538,287,-1,287,538,539,-1,287,539,309,-1,309,539,540,-1,309,540,337,-1,337,540,341,-1,337,341,335,-1,335,341,340,-1,541,542,543,-1,544,545,546,-1,547,544,548,-1,547,548,549,-1,550,551,552,-1,546,553,554,-1,555,556,557,-1,553,546,558,-1,558,546,545,-1,558,545,559,-1,559,545,560,-1,559,560,551,-1,551,560,561,-1,551,561,562,-1,555,557,563,-1,564,565,566,-1,566,565,567,-1,568,569,570,-1,570,569,571,-1,571,569,552,-1,552,569,572,-1,552,572,550,-1,573,574,551,-1,551,574,575,-1,551,575,552,-1,562,576,551,-1,551,576,577,-1,551,577,573,-1,563,557,578,-1,578,557,579,-1,578,579,580,-1,581,582,566,-1,566,582,583,-1,583,584,566,-1,566,584,585,-1,566,585,564,-1,567,586,566,-1,566,586,587,-1,566,587,588,-1,588,587,589,-1,588,589,590,-1,590,589,591,-1,590,591,592,-1,556,581,557,-1,557,581,566,-1,557,566,554,-1,554,566,593,-1,554,593,546,-1,546,593,594,-1,595,596,597,-1,594,593,597,-1,597,593,598,-1,597,598,595,-1,596,595,599,-1,599,595,600,-1,599,600,601,-1,602,603,604,-1,604,603,605,-1,606,602,600,-1,600,602,604,-1,600,604,601,-1,601,604,546,-1,601,546,607,-1,607,546,594,-1,600,608,606,-1,606,608,609,-1,606,609,610,-1,610,609,611,-1,611,609,612,-1,611,612,613,-1,612,614,613,-1,613,614,615,-1,613,615,616,-1,616,615,605,-1,616,605,617,-1,617,605,603,-1,618,619,620,-1,619,618,621,-1,621,618,614,-1,621,614,622,-1,622,614,612,-1,622,612,623,-1,623,612,624,-1,623,624,625,-1,625,624,626,-1,625,626,620,-1,620,626,627,-1,620,627,618,-1,628,629,630,-1,630,629,631,-1,630,632,628,-1,628,632,633,-1,628,633,634,-1,634,633,635,-1,635,633,636,-1,635,636,637,-1,637,636,638,-1,637,638,639,-1,640,641,642,-1,640,642,643,-1,644,645,646,-1,644,646,647,-1,648,649,650,-1,651,652,653,-1,652,654,653,-1,653,654,655,-1,653,655,656,-1,649,657,650,-1,650,657,658,-1,650,658,659,-1,641,660,642,-1,642,660,661,-1,642,661,646,-1,646,661,662,-1,646,662,647,-1,663,664,653,-1,653,664,665,-1,653,665,651,-1,645,666,646,-1,646,666,667,-1,646,667,668,-1,659,669,650,-1,650,669,670,-1,650,670,642,-1,642,670,671,-1,642,671,643,-1,648,650,672,-1,672,650,673,-1,672,673,674,-1,675,676,677,-1,677,676,678,-1,678,676,679,-1,678,679,680,-1,681,682,683,-1,618,684,685,-1,680,686,687,-1,687,686,688,-1,689,690,691,-1,691,690,692,-1,691,692,693,-1,681,683,694,-1,682,695,683,-1,683,695,696,-1,683,696,675,-1,692,697,693,-1,693,697,698,-1,693,698,699,-1,699,698,700,-1,688,701,687,-1,687,701,690,-1,687,690,702,-1,702,690,689,-1,702,689,703,-1,703,689,704,-1,703,704,705,-1,705,704,706,-1,705,707,708,-1,614,709,710,-1,711,712,698,-1,698,712,713,-1,698,713,714,-1,711,715,712,-1,712,715,716,-1,712,716,717,-1,717,716,718,-1,717,718,719,-1,706,720,705,-1,705,720,721,-1,705,721,722,-1,722,723,705,-1,705,723,724,-1,705,724,707,-1,725,726,727,-1,727,726,728,-1,727,728,708,-1,708,728,729,-1,708,729,705,-1,710,730,683,-1,683,730,731,-1,683,731,694,-1,714,732,698,-1,698,732,733,-1,698,733,700,-1,725,727,734,-1,734,727,735,-1,734,735,736,-1,737,738,739,-1,739,738,740,-1,739,740,741,-1,741,740,742,-1,741,742,743,-1,743,742,744,-1,745,746,614,-1,614,746,747,-1,614,747,748,-1,748,749,614,-1,614,749,750,-1,614,750,751,-1,709,614,752,-1,752,614,751,-1,752,751,742,-1,742,751,753,-1,742,753,744,-1,685,754,618,-1,618,754,755,-1,618,755,614,-1,614,755,756,-1,614,756,745,-1,541,543,757,-1,757,543,758,-1,757,758,759,-1,759,758,760,-1,759,760,761,-1,761,760,762,-1,761,762,763,-1,763,762,764,-1,763,764,765,-1,765,764,766,-1,765,766,767,-1,767,766,768,-1,767,768,769,-1,769,768,770,-1,769,770,771,-1,771,770,772,-1,771,772,773,-1,773,772,774,-1,773,774,775,-1,776,653,777,-1,777,653,775,-1,777,775,778,-1,779,780,781,-1,781,780,782,-1,781,782,783,-1,668,663,646,-1,646,663,653,-1,646,653,784,-1,784,653,776,-1,784,785,646,-1,646,785,786,-1,646,786,774,-1,774,786,787,-1,774,787,775,-1,775,787,788,-1,775,788,778,-1,783,782,778,-1,778,782,789,-1,778,789,777,-1,790,791,792,-1,792,791,793,-1,792,793,794,-1,794,793,785,-1,785,793,795,-1,785,795,786,-1,656,636,653,-1,653,636,633,-1,653,633,775,-1,775,633,632,-1,775,632,773,-1,773,632,630,-1,773,630,771,-1,771,630,626,-1,771,626,769,-1,769,626,624,-1,769,624,767,-1,767,624,612,-1,767,612,765,-1,765,612,609,-1,765,609,763,-1,763,609,608,-1,763,608,761,-1,761,608,600,-1,761,600,759,-1,759,600,595,-1,759,595,757,-1,757,595,598,-1,757,598,541,-1,796,626,797,-1,797,626,630,-1,797,630,798,-1,798,630,631,-1,798,631,799,-1,799,631,627,-1,799,627,796,-1,796,627,626,-1,544,546,548,-1,548,546,604,-1,548,604,800,-1,800,604,605,-1,800,605,801,-1,605,802,801,-1,801,802,803,-1,801,803,804,-1,804,805,801,-1,801,805,806,-1,801,806,807,-1,808,802,809,-1,809,802,605,-1,809,605,810,-1,810,605,615,-1,810,615,811,-1,806,812,807,-1,807,812,813,-1,807,813,814,-1,710,683,614,-1,614,683,807,-1,614,807,615,-1,615,807,814,-1,615,814,811,-1,815,816,627,-1,627,816,687,-1,627,687,618,-1,618,687,702,-1,618,702,684,-1,817,818,819,-1,819,820,817,-1,817,820,821,-1,817,821,822,-1,815,823,816,-1,816,823,824,-1,816,824,825,-1,822,826,817,-1,817,826,827,-1,817,827,828,-1,829,830,631,-1,824,818,825,-1,825,818,817,-1,825,817,631,-1,631,817,831,-1,631,831,829,-1,627,832,833,-1,627,834,815,-1,815,834,835,-1,815,835,836,-1,837,838,839,-1,830,840,631,-1,631,840,841,-1,631,841,627,-1,627,841,842,-1,627,842,832,-1,833,843,627,-1,627,843,844,-1,627,844,845,-1,845,846,627,-1,627,846,847,-1,627,847,834,-1,828,827,839,-1,839,827,848,-1,839,848,837,-1,838,849,839,-1,839,849,850,-1,839,850,851,-1,852,853,839,-1,839,853,854,-1,839,854,855,-1,836,856,815,-1,815,856,857,-1,815,857,858,-1,851,859,839,-1,839,859,860,-1,839,860,852,-1,858,861,815,-1,815,861,862,-1,815,862,863,-1,629,864,631,-1,631,864,865,-1,631,865,825,-1,825,865,866,-1,867,868,869,-1,869,868,870,-1,869,870,871,-1,872,873,874,-1,874,871,872,-1,872,871,870,-1,872,870,875,-1,875,870,866,-1,875,866,876,-1,876,866,865,-1,876,865,877,-1,877,865,868,-1,877,868,878,-1,878,868,867,-1,864,879,865,-1,865,879,639,-1,865,639,868,-1,868,639,638,-1,868,638,870,-1,870,638,880,-1,656,674,636,-1,636,674,673,-1,636,673,638,-1,638,673,881,-1,638,881,880,-1,880,881,882,-1,642,883,650,-1,650,883,884,-1,650,884,673,-1,673,884,885,-1,673,885,881,-1,881,885,886,-1,881,886,882,-1,882,886,887,-1,675,677,683,-1,683,677,888,-1,683,888,807,-1,807,888,889,-1,807,889,801,-1,801,889,890,-1,801,890,800,-1,800,890,590,-1,800,590,548,-1,548,590,592,-1,548,592,549,-1,680,687,678,-1,678,687,816,-1,678,816,891,-1,891,816,825,-1,891,825,892,-1,892,825,866,-1,892,866,893,-1,893,866,870,-1,893,870,894,-1,894,870,880,-1,894,880,895,-1,895,880,882,-1,895,882,896,-1,896,882,887,-1,896,887,897,-1,599,898,597,-1,597,898,899,-1,900,901,902,-1,901,900,903,-1,903,900,904,-1,903,904,905,-1,905,904,899,-1,905,899,902,-1,902,899,898,-1,902,898,900,-1,594,904,601,-1,601,904,900,-1,900,898,601,-1,601,898,599,-1,594,597,904,-1,904,597,899,-1,
        ]
    }
}
Shape{
    appearance Appearance {
        material  Material 	{
            diffuseColor 1.0 1.0 1.0
            specularColor 0.5019607843137255 0.5019607843137255 0.5019607843137255
            ambientIntensity 1.0
            transparency 0.0
            shininess 0.5
        }
    }
    geometry IndexedFaceSet {
        ccw TRUE
        solid FALSE
        coord DEF co Coordinate {
            point [
                0.8445 0.0457 0.8661, 1.1516 0.0457 0.8661, 0.8445 0.0457 0.7087, 1.1516 0.0457 0.7087, 1.1516 -0.2693 0.8661, 0.8445 -0.2693 0.8661, 1.1516 -0.2693 0.7087, 0.8445 -0.2693 0.7087
            ]
        }
        coordIndex [
            0,1,2,-1,2,1,3,-1,4,1,5,-1,5,1,0,-1,1,4,3,-1,3,4,6,-1,4,5,6,-1,6,5,7,-1,5,0,7,-1,7,0,2,-1,
        ]
    }
}
Shape{
    appearance Appearance {
        material  Material 	{
            diffuseColor 0.25098039215686274 0.25098039215686274 0.25098039215686274
            specularColor 0.12549019607843137 0.12549019607843137 0.12549019607843137
            ambientIntensity 0.251
            transparency 0.0
            shininess 0.5
        }
    }
    geometry IndexedFaceSet {
        ccw TRUE
        solid FALSE
        coord DEF co Coordinate {
            point [
                0.3406 0.689 0.9055, 0.3406 0.348 0.7087, 0.6555 0.689 0.9055, 0.6555 0.348 0.7087, 0.3406 -0.348 0.7087, 0.3445 -0.2693 0.7087, 0.3445 0.0457 0.7087, 0.6516 -0.2693 0.7087, 0.6555 -0.348 0.7087, 0.6516 0.0457 0.7087, 0.6555 -0.689 0.9055, 0.3406 -0.689 0.9055
            ]
        }
        coordIndex [
            0,1,2,-1,2,1,3,-1,4,5,6,-1,5,4,7,-1,7,4,8,-1,7,8,9,-1,9,8,3,-1,9,3,6,-1,6,3,1,-1,6,1,4,-1,10,8,11,-1,11,8,4,-1,4,1,11,-1,11,1,0,-1,10,2,8,-1,8,2,3,-1,
        ]
    }
}
Shape{
    appearance Appearance {
        material  Material 	{
            diffuseColor 1.0 1.0 1.0
            specularColor 0.5019607843137255 0.5019607843137255 0.5019607843137255
            ambientIntensity 1.0
            transparency 0.0
            shininess 0.5
        }
    }
    geometry IndexedFaceSet {
        ccw TRUE
        solid FALSE
        coord DEF co Coordinate {
            point [
                0.3445 0.0457 0.8661, 0.6516 0.0457 0.8661, 0.3445 0.0457 0.7087, 0.6516 0.0457 0.7087, 0.6516 -0.2693 0.8661, 0.3445 -0.2693 0.8661, 0.6516 -0.2693 0.7087, 0.3445 -0.2693 0.7087
            ]
        }
        coordIndex [
            0,1,2,-1,2,1,3,-1,4,1,5,-1,5,1,0,-1,1,4,3,-1,3,4,6,-1,4,5,6,-1,6,5,7,-1,5,0,7,-1,7,0,2,-1,
        ]
    }
}
Shape{
    appearance Appearance {
        material  Material 	{
            diffuseColor 0.25098039215686274 0.25098039215686274 0.25098039215686274
            specularColor 0.12549019607843137 0.12549019607843137 0.12549019607843137
            ambientIntensity 0.251
            transparency 0.0
            shininess 0.5
        }
    }
    geometry IndexedFaceSet {
        ccw TRUE
        solid FALSE
        coord DEF co Coordinate {
            point [
                -0.1594 0.689 0.9055, -0.1594 0.348 0.7087, 0.1555 0.689 0.9055, 0.1555 0.348 0.7087, -0.1594 -0.348 0.7087, -0.1555 -0.2693 0.7087, -0.1555 0.0457 0.7087, 0.1516 -0.2693 0.7087, 0.1555 -0.348 0.7087, 0.1516 0.0457 0.7087, 0.1555 -0.689 0.9055, -0.1594 -0.689 0.9055
            ]
        }
        coordIndex [
            0,1,2,-1,2,1,3,-1,4,5,6,-1,5,4,7,-1,7,4,8,-1,7,8,9,-1,9,8,3,-1,9,3,6,-1,6,3,1,-1,6,1,4,-1,10,8,11,-1,11,8,4,-1,4,1,11,-1,11,1,0,-1,10,2,8,-1,8,2,3,-1,
        ]
    }
}
Shape{
    appearance Appearance {
        material  Material 	{
            diffuseColor 1.0 1.0 1.0
            specularColor 0.5019607843137255 0.5019607843137255 0.5019607843137255
            ambientIntensity 1.0
            transparency 0.0
            shininess 0.5
        }
    }
    geometry IndexedFaceSet {
        ccw TRUE
        solid FALSE
        coord DEF co Coordinate {
            point [
                -0.1555 0.0457 0.8661, 0.1516 0.0457 0.8661, -0.1555 0.0457 0.7087, 0.1516 0.0457 0.7087, 0.1516 -0.2693 0.8661, -0.1555 -0.2693 0.8661, 0.1516 -0.2693 0.7087, -0.1555 -0.2693 0.7087
            ]
        }
        coordIndex [
            0,1,2,-1,2,1,3,-1,4,1,5,-1,5,1,0,-1,1,4,3,-1,3,4,6,-1,4,5,6,-1,6,5,7,-1,5,0,7,-1,7,0,2,-1,
        ]
    }
}
Shape{
    appearance Appearance {
        material  Material 	{
            diffuseColor 0.25098039215686274 0.25098039215686274 0.25098039215686274
            specularColor 0.12549019607843137 0.12549019607843137 0.12549019607843137
            ambientIntensity 0.251
            transparency 0.0
            shininess 0.5
        }
    }
    geometry IndexedFaceSet {
        ccw TRUE
        solid FALSE
        coord DEF co Coordinate {
            point [
                -1.1594 -0.348 0.7087, -1.1555 -0.2693 0.7087, -1.1555 0.0457 0.7087, -0.8484 -0.2693 0.7087, -0.8445 -0.348 0.7087, -0.8484 0.0457 0.7087, -0.8445 0.348 0.7087, -1.1594 0.348 0.7087, -1.0807 -0.9902 0.3543, -1.0807 -1.063 0.3543, -1.563 -1.063 0.3543, -0.0807 -0.9902 0.3543, -0.0807 -1.063 0.3543, -0.4232 -1.063 0.3543, 0.5768 0.9902 0.3543, 0.5768 1.063 0.3543, 0.9193 1.063 0.3543, -0.4232 -0.9902 0.3543, -0.5807 -0.9902 0.3543, -1.4843 -0.9843 0.3543, 0.9193 0.9902 0.3543, 1.0768 0.9902 0.3543, 1.4803 0.9843 0.3543, -0.5807 -1.063 0.3543, -0.9232 -1.063 0.3543, -0.9232 -0.9902 0.3543, -1.4843 0.9843 0.3543, -1.563 1.063 0.3543, -0.9232 0.9902 0.3543, -1.0807 0.9902 0.3543, -1.0807 1.063 0.3543, -0.9232 1.063 0.3543, -0.5807 1.063 0.3543, -0.5807 0.9902 0.3543, -0.4232 0.9902 0.3543, -0.4232 1.063 0.3543, -0.0807 1.063 0.3543, -0.0807 0.9902 0.3543, 0.0768 0.9902 0.3543, 0.4193 0.9902 0.3543, 0.4193 1.063 0.3543, 0.0768 1.063 0.3543, 0.0768 -0.9902 0.3543, 1.4803 -0.9843 0.3543, 1.0768 1.063 0.3543, 1.5591 1.063 0.3543, 1.5591 -1.063 0.3543, 0.4193 -0.9902 0.3543, 0.4193 -1.063 0.3543, 0.0768 -1.063 0.3543, 0.9193 -0.9902 0.3543, 1.0768 -0.9902 0.3543, 1.0768 -1.063 0.3543, 0.5768 -0.9902 0.3543, 0.5768 -1.063 0.3543, 0.9193 -1.063 0.3543, -1.563 -1.063 0.8268, -1.0807 -1.063 0.4073, -0.9232 -1.063 0.4073, 0.0768 -1.063 0.4073, -0.5807 -1.063 0.4073, -0.4232 -1.063 0.4073, -0.0807 -1.063 0.4073, 0.4193 -1.063 0.4073, 0.5768 -1.063 0.4073, 0.9193 -1.063 0.4073, 1.0768 -1.063 0.4073, 1.5591 -1.063 0.8268, 1.5591 1.063 0.8268, 0.9193 1.063 0.4073, 0.5768 1.063 0.4073, 1.0768 1.063 0.4073, -1.563 1.063 0.8268, 0.4193 1.063 0.4073, -0.0807 1.063 0.4073, -0.4232 1.063 0.4073, -0.5807 1.063 0.4073, 0.0768 1.063 0.4073, -1.0807 1.063 0.4073, -0.9232 1.063 0.4073, -1.4843 0.9843 0.8268, -1.4843 -0.9843 0.8268, 1.4803 -0.9843 0.8268, 1.4803 0.9843 0.8268, -1.4843 -0.9843 0.9055, -0.252 -0.9843 0.9055, 1.4803 -0.9843 0.9055, 1.4803 0.9843 0.9055, 1.4803 -0.8366 0.9055, -0.252 0.9843 0.9055, -1.4843 0.9843 0.9055, -1.4843 -0.8366 0.9055, -1.4843 0.9843 0.0197, -1.4843 -0.9843 0.0197, 1.4803 0.9843 0.0197, 1.4803 -0.9843 0.0197
            ]
        }
        coordIndex [
            0,1,2,-1,1,0,3,-1,3,0,4,-1,3,4,5,-1,5,4,6,-1,5,6,2,-1,2,6,7,-1,2,7,0,-1,8,9,10,-1,11,12,13,-1,14,15,16,-1,17,18,19,-1,20,21,22,-1,23,24,18,-1,18,24,25,-1,18,25,19,-1,25,8,19,-1,19,8,10,-1,19,10,26,-1,26,10,27,-1,28,26,29,-1,29,26,27,-1,29,27,30,-1,31,32,28,-1,28,32,33,-1,28,33,26,-1,26,33,34,-1,35,36,34,-1,34,36,37,-1,34,37,26,-1,26,37,38,-1,26,38,22,-1,16,20,14,-1,14,20,22,-1,14,22,39,-1,39,22,38,-1,39,38,40,-1,40,38,41,-1,13,17,11,-1,11,17,19,-1,11,19,42,-1,42,19,43,-1,21,44,22,-1,22,44,45,-1,22,45,43,-1,43,45,46,-1,47,48,49,-1,50,43,51,-1,51,43,46,-1,51,46,52,-1,49,42,47,-1,47,42,43,-1,47,43,53,-1,53,43,50,-1,53,50,54,-1,54,50,55,-1,10,9,56,-1,56,9,57,-1,56,57,58,-1,59,49,48,-1,24,23,58,-1,58,23,60,-1,58,60,56,-1,56,60,61,-1,13,12,61,-1,61,12,62,-1,61,62,56,-1,56,62,59,-1,56,59,63,-1,63,59,48,-1,54,55,64,-1,64,55,65,-1,52,46,66,-1,66,46,67,-1,66,67,65,-1,65,67,56,-1,65,56,64,-1,64,56,63,-1,68,45,44,-1,16,15,69,-1,69,15,70,-1,44,71,68,-1,68,71,69,-1,68,69,72,-1,72,69,70,-1,72,70,73,-1,74,36,35,-1,75,76,72,-1,35,75,74,-1,74,75,72,-1,74,72,77,-1,77,72,73,-1,77,73,41,-1,41,73,40,-1,30,27,78,-1,78,27,72,-1,78,72,79,-1,79,72,76,-1,79,76,31,-1,31,76,32,-1,56,72,10,-1,10,72,27,-1,80,72,81,-1,81,72,56,-1,81,56,82,-1,82,56,67,-1,82,67,83,-1,83,67,68,-1,83,68,80,-1,80,68,72,-1,84,81,85,-1,85,81,82,-1,85,82,86,-1,83,87,82,-1,82,87,88,-1,82,88,86,-1,87,83,89,-1,89,83,80,-1,89,80,90,-1,90,80,91,-1,91,80,81,-1,91,81,84,-1,92,93,26,-1,26,93,19,-1,94,92,22,-1,22,92,26,-1,95,94,43,-1,43,94,22,-1,93,95,19,-1,19,95,43,-1,94,95,92,-1,92,95,93,-1,
        ]
    }
}
Shape{
    appearance Appearance {
        material  Material 	{
            diffuseColor 1.0 1.0 1.0
            specularColor 0.5019607843137255 0.5019607843137255 0.5019607843137255
            ambientIntensity 1.0
            transparency 0.0
            shininess 0.5
        }
    }
    geometry IndexedFaceSet {
        ccw TRUE
        solid FALSE
        coord DEF co Coordinate {
            point [
                0.0768 -0.9902 0.3483, -0.0807 -0.9902 0.3483, 0.0768 -0.9902 0.3543, -0.0807 -0.9902 0.3543, -0.0807 -1.063 0.4073, -0.0807 -1.2264 0.4073, 0.0768 -1.063 0.4073, 0.0768 -1.2264 0.4073, 0.0768 -1.2264 0.3483, 0.0768 -1.063 0.3543, 0.0768 -1.2315 0.3476, 0.0768 -1.2468 0.4047, 0.0768 -1.2362 0.3456, 0.0768 -1.2657 0.3968, 0.0768 -1.2403 0.3425, 0.0768 -1.2821 0.3843, 0.0768 -1.2434 0.3384, 0.0768 -1.2946 0.368, 0.0768 -1.2454 0.3337, 0.0768 -1.3024 0.349, 0.0768 -1.2461 0.3286, 0.0768 -1.3051 0.3286, 0.0768 -1.2461 0.0787, 0.0768 -1.3051 0.0787, 0.0768 -1.2487 0.0584, 0.0768 -1.3058 0.0736, 0.0768 -1.2566 0.0394, 0.0768 -1.3078 0.0689, 0.0768 -1.2691 0.0231, 0.0768 -1.3109 0.0648, 0.0768 -1.2854 0.0105, 0.0768 -1.315 0.0617, 0.0768 -1.3044 0.0027, 0.0768 -1.3197 0.0597, 0.0768 -1.3248 0.0, 0.0768 -1.3248 0.0591, 0.0768 -1.6437 0.0, 0.0768 -1.6437 0.0591, -0.0807 -1.063 0.3543, -0.0807 -1.2264 0.3483, -0.0807 -1.6437 0.0, -0.0807 -1.6437 0.0591, -0.0807 -1.3248 0.0, -0.0807 -1.3248 0.0591, -0.0807 -1.3044 0.0027, -0.0807 -1.3197 0.0597, -0.0807 -1.2854 0.0105, -0.0807 -1.315 0.0617, -0.0807 -1.2691 0.0231, -0.0807 -1.3109 0.0648, -0.0807 -1.2566 0.0394, -0.0807 -1.3078 0.0689, -0.0807 -1.2487 0.0584, -0.0807 -1.3058 0.0736, -0.0807 -1.2461 0.0787, -0.0807 -1.3051 0.0787, -0.0807 -1.2461 0.3286, -0.0807 -1.3051 0.3286, -0.0807 -1.2454 0.3337, -0.0807 -1.3024 0.349, -0.0807 -1.2434 0.3384, -0.0807 -1.2946 0.368, -0.0807 -1.2403 0.3425, -0.0807 -1.2821 0.3843, -0.0807 -1.2362 0.3456, -0.0807 -1.2657 0.3968, -0.0807 -1.2315 0.3476, -0.0807 -1.2468 0.4047, -0.0807 0.9902 0.3543, -0.0807 0.9902 0.3483, 0.0768 0.9902 0.3543, 0.0768 0.9902 0.3483, 0.0768 1.2264 0.4073, -0.0807 1.2264 0.4073, 0.0768 1.063 0.4073, -0.0807 1.063 0.4073, 0.0768 1.063 0.3543, 0.0768 1.2264 0.3483, 0.0768 1.6437 0.0, 0.0768 1.6437 0.0591, 0.0768 1.3248 0.0, 0.0768 1.3248 0.0591, 0.0768 1.3044 0.0027, 0.0768 1.3197 0.0597, 0.0768 1.2854 0.0105, 0.0768 1.315 0.0617, 0.0768 1.2691 0.0231, 0.0768 1.3109 0.0648, 0.0768 1.2566 0.0394, 0.0768 1.3078 0.0689, 0.0768 1.2487 0.0584, 0.0768 1.3058 0.0736, 0.0768 1.2461 0.0787, 0.0768 1.3051 0.0787, 0.0768 1.2461 0.3286, 0.0768 1.3051 0.3286, 0.0768 1.2454 0.3337, 0.0768 1.3024 0.349, 0.0768 1.2434 0.3384, 0.0768 1.2946 0.368, 0.0768 1.2403 0.3425, 0.0768 1.2821 0.3843, 0.0768 1.2362 0.3456, 0.0768 1.2657 0.3968, 0.0768 1.2315 0.3476, 0.0768 1.2468 0.4047, -0.0807 1.2264 0.3483, -0.0807 1.063 0.3543, -0.0807 1.2315 0.3476, -0.0807 1.2468 0.4047, -0.0807 1.2362 0.3456, -0.0807 1.2657 0.3968, -0.0807 1.2403 0.3425, -0.0807 1.2821 0.3843, -0.0807 1.2434 0.3384, -0.0807 1.2946 0.368, -0.0807 1.2454 0.3337, -0.0807 1.3024 0.349, -0.0807 1.2461 0.3286, -0.0807 1.3051 0.3286, -0.0807 1.2461 0.0787, -0.0807 1.3051 0.0787, -0.0807 1.2487 0.0584, -0.0807 1.3058 0.0736, -0.0807 1.2566 0.0394, -0.0807 1.3078 0.0689, -0.0807 1.2691 0.0231, -0.0807 1.3109 0.0648, -0.0807 1.2854 0.0105, -0.0807 1.315 0.0617, -0.0807 1.3044 0.0027, -0.0807 1.3197 0.0597, -0.0807 1.3248 0.0, -0.0807 1.3248 0.0591, -0.0807 1.6437 0.0, -0.0807 1.6437 0.0591, -0.5807 0.9902 0.3543, -0.5807 0.9902 0.3483, -0.4232 0.9902 0.3543, -0.4232 0.9902 0.3483, -0.4232 1.2264 0.4073, -0.5807 1.2264 0.4073, -0.4232 1.063 0.4073, -0.5807 1.063 0.4073, -0.4232 1.063 0.3543, -0.4232 1.2264 0.3483, -0.4232 1.6437 0.0, -0.4232 1.6437 0.0591, -0.4232 1.3248 0.0, -0.4232 1.3248 0.0591, -0.4232 1.3044 0.0027, -0.4232 1.3197 0.0597, -0.4232 1.2854 0.0105, -0.4232 1.315 0.0617, -0.4232 1.2691 0.0231, -0.4232 1.3109 0.0648, -0.4232 1.2566 0.0394, -0.4232 1.3078 0.0689, -0.4232 1.2487 0.0584, -0.4232 1.3058 0.0736, -0.4232 1.2461 0.0787, -0.4232 1.3051 0.0787, -0.4232 1.2461 0.3286, -0.4232 1.3051 0.3286, -0.4232 1.2454 0.3337, -0.4232 1.3024 0.349, -0.4232 1.2434 0.3384, -0.4232 1.2946 0.368, -0.4232 1.2403 0.3425, -0.4232 1.2821 0.3843, -0.4232 1.2362 0.3456, -0.4232 1.2657 0.3968, -0.4232 1.2315 0.3476, -0.4232 1.2468 0.4047, -0.5807 1.2264 0.3483, -0.5807 1.063 0.3543, -0.5807 1.2315 0.3476, -0.5807 1.2468 0.4047, -0.5807 1.2362 0.3456, -0.5807 1.2657 0.3968, -0.5807 1.2403 0.3425, -0.5807 1.2821 0.3843, -0.5807 1.2434 0.3384, -0.5807 1.2946 0.368, -0.5807 1.2454 0.3337, -0.5807 1.3024 0.349, -0.5807 1.2461 0.3286, -0.5807 1.3051 0.3286, -0.5807 1.2461 0.0787, -0.5807 1.3051 0.0787, -0.5807 1.2487 0.0584, -0.5807 1.3058 0.0736, -0.5807 1.2566 0.0394, -0.5807 1.3078 0.0689, -0.5807 1.2691 0.0231, -0.5807 1.3109 0.0648, -0.5807 1.2854 0.0105, -0.5807 1.315 0.0617, -0.5807 1.3044 0.0027, -0.5807 1.3197 0.0597, -0.5807 1.3248 0.0, -0.5807 1.3248 0.0591, -0.5807 1.6437 0.0, -0.5807 1.6437 0.0591, -1.0807 0.9902 0.3543, -1.0807 0.9902 0.3483, -0.9232 0.9902 0.3543, -0.9232 0.9902 0.3483, -0.9232 1.2264 0.4073, -1.0807 1.2264 0.4073, -0.9232 1.063 0.4073, -1.0807 1.063 0.4073, -0.9232 1.063 0.3543, -0.9232 1.2264 0.3483, -0.9232 1.6437 0.0, -0.9232 1.6437 0.0591, -0.9232 1.3248 0.0, -0.9232 1.3248 0.0591, -0.9232 1.3044 0.0027, -0.9232 1.3197 0.0597, -0.9232 1.2854 0.0105, -0.9232 1.315 0.0617, -0.9232 1.2691 0.0231, -0.9232 1.3109 0.0648, -0.9232 1.2566 0.0394, -0.9232 1.3078 0.0689, -0.9232 1.2487 0.0584, -0.9232 1.3058 0.0736, -0.9232 1.2461 0.0787, -0.9232 1.3051 0.0787, -0.9232 1.2461 0.3286, -0.9232 1.3051 0.3286, -0.9232 1.2454 0.3337, -0.9232 1.3024 0.349, -0.9232 1.2434 0.3384, -0.9232 1.2946 0.368, -0.9232 1.2403 0.3425, -0.9232 1.2821 0.3843, -0.9232 1.2362 0.3456, -0.9232 1.2657 0.3968, -0.9232 1.2315 0.3476, -0.9232 1.2468 0.4047, -1.0807 1.2264 0.3483, -1.0807 1.063 0.3543, -1.0807 1.2315 0.3476, -1.0807 1.2468 0.4047, -1.0807 1.2362 0.3456, -1.0807 1.2657 0.3968, -1.0807 1.2403 0.3425, -1.0807 1.2821 0.3843, -1.0807 1.2434 0.3384, -1.0807 1.2946 0.368, -1.0807 1.2454 0.3337, -1.0807 1.3024 0.349, -1.0807 1.2461 0.3286, -1.0807 1.3051 0.3286, -1.0807 1.2461 0.0787, -1.0807 1.3051 0.0787, -1.0807 1.2487 0.0584, -1.0807 1.3058 0.0736, -1.0807 1.2566 0.0394, -1.0807 1.3078 0.0689, -1.0807 1.2691 0.0231, -1.0807 1.3109 0.0648, -1.0807 1.2854 0.0105, -1.0807 1.315 0.0617, -1.0807 1.3044 0.0027, -1.0807 1.3197 0.0597, -1.0807 1.3248 0.0, -1.0807 1.3248 0.0591, -1.0807 1.6437 0.0, -1.0807 1.6437 0.0591, 0.4193 0.9902 0.3543, 0.4193 0.9902 0.3483, 0.5768 0.9902 0.3543, 0.5768 0.9902 0.3483, 0.5768 1.2264 0.4073, 0.4193 1.2264 0.4073, 0.5768 1.063 0.4073, 0.4193 1.063 0.4073, 0.5768 1.063 0.3543, 0.5768 1.2264 0.3483, 0.5768 1.6437 0.0, 0.5768 1.6437 0.0591, 0.5768 1.3248 0.0, 0.5768 1.3248 0.0591, 0.5768 1.3044 0.0027, 0.5768 1.3197 0.0597, 0.5768 1.2854 0.0105, 0.5768 1.315 0.0617, 0.5768 1.2691 0.0231, 0.5768 1.3109 0.0648, 0.5768 1.2566 0.0394, 0.5768 1.3078 0.0689, 0.5768 1.2487 0.0584, 0.5768 1.3058 0.0736, 0.5768 1.2461 0.0787, 0.5768 1.3051 0.0787, 0.5768 1.2461 0.3286, 0.5768 1.3051 0.3286, 0.5768 1.2454 0.3337, 0.5768 1.3024 0.349, 0.5768 1.2434 0.3384, 0.5768 1.2946 0.368, 0.5768 1.2403 0.3425, 0.5768 1.2821 0.3843, 0.5768 1.2362 0.3456, 0.5768 1.2657 0.3968, 0.5768 1.2315 0.3476, 0.5768 1.2468 0.4047, 0.4193 1.2264 0.3483, 0.4193 1.063 0.3543, 0.4193 1.2315 0.3476, 0.4193 1.2468 0.4047, 0.4193 1.2362 0.3456, 0.4193 1.2657 0.3968, 0.4193 1.2403 0.3425, 0.4193 1.2821 0.3843, 0.4193 1.2434 0.3384, 0.4193 1.2946 0.368, 0.4193 1.2454 0.3337, 0.4193 1.3024 0.349, 0.4193 1.2461 0.3286, 0.4193 1.3051 0.3286, 0.4193 1.2461 0.0787, 0.4193 1.3051 0.0787, 0.4193 1.2487 0.0584, 0.4193 1.3058 0.0736, 0.4193 1.2566 0.0394, 0.4193 1.3078 0.0689, 0.4193 1.2691 0.0231, 0.4193 1.3109 0.0648, 0.4193 1.2854 0.0105, 0.4193 1.315 0.0617, 0.4193 1.3044 0.0027, 0.4193 1.3197 0.0597, 0.4193 1.3248 0.0, 0.4193 1.3248 0.0591, 0.4193 1.6437 0.0, 0.4193 1.6437 0.0591, 0.9193 0.9902 0.3543, 0.9193 0.9902 0.3483, 1.0768 0.9902 0.3543, 1.0768 0.9902 0.3483, 1.0768 1.2264 0.4073, 0.9193 1.2264 0.4073, 1.0768 1.063 0.4073, 0.9193 1.063 0.4073, 1.0768 1.063 0.3543, 1.0768 1.2264 0.3483, 1.0768 1.6437 0.0, 1.0768 1.6437 0.0591, 1.0768 1.3248 0.0, 1.0768 1.3248 0.0591, 1.0768 1.3044 0.0027, 1.0768 1.3197 0.0597, 1.0768 1.2854 0.0105, 1.0768 1.315 0.0617, 1.0768 1.2691 0.0231, 1.0768 1.3109 0.0648, 1.0768 1.2566 0.0394, 1.0768 1.3078 0.0689, 1.0768 1.2487 0.0584, 1.0768 1.3058 0.0736, 1.0768 1.2461 0.0787, 1.0768 1.3051 0.0787, 1.0768 1.2461 0.3286, 1.0768 1.3051 0.3286, 1.0768 1.2454 0.3337, 1.0768 1.3024 0.349, 1.0768 1.2434 0.3384, 1.0768 1.2946 0.368, 1.0768 1.2403 0.3425, 1.0768 1.2821 0.3843, 1.0768 1.2362 0.3456, 1.0768 1.2657 0.3968, 1.0768 1.2315 0.3476, 1.0768 1.2468 0.4047, 0.9193 1.2264 0.3483, 0.9193 1.063 0.3543, 0.9193 1.2315 0.3476, 0.9193 1.2468 0.4047, 0.9193 1.2362 0.3456, 0.9193 1.2657 0.3968, 0.9193 1.2403 0.3425, 0.9193 1.2821 0.3843, 0.9193 1.2434 0.3384, 0.9193 1.2946 0.368, 0.9193 1.2454 0.3337, 0.9193 1.3024 0.349, 0.9193 1.2461 0.3286, 0.9193 1.3051 0.3286, 0.9193 1.2461 0.0787, 0.9193 1.3051 0.0787, 0.9193 1.2487 0.0584, 0.9193 1.3058 0.0736, 0.9193 1.2566 0.0394, 0.9193 1.3078 0.0689, 0.9193 1.2691 0.0231, 0.9193 1.3109 0.0648, 0.9193 1.2854 0.0105, 0.9193 1.315 0.0617, 0.9193 1.3044 0.0027, 0.9193 1.3197 0.0597, 0.9193 1.3248 0.0, 0.9193 1.3248 0.0591, 0.9193 1.6437 0.0, 0.9193 1.6437 0.0591, -0.4232 -0.9902 0.3483, -0.5807 -0.9902 0.3483, -0.4232 -0.9902 0.3543, -0.5807 -0.9902 0.3543, -0.5807 -1.063 0.4073, -0.5807 -1.2264 0.4073, -0.4232 -1.063 0.4073, -0.4232 -1.2264 0.4073, -0.4232 -1.2264 0.3483, -0.4232 -1.063 0.3543, -0.4232 -1.2315 0.3476, -0.4232 -1.2468 0.4047, -0.4232 -1.2362 0.3456, -0.4232 -1.2657 0.3968, -0.4232 -1.2403 0.3425, -0.4232 -1.2821 0.3843, -0.4232 -1.2434 0.3384, -0.4232 -1.2946 0.368, -0.4232 -1.2454 0.3337, -0.4232 -1.3024 0.349, -0.4232 -1.2461 0.3286, -0.4232 -1.3051 0.3286, -0.4232 -1.2461 0.0787, -0.4232 -1.3051 0.0787, -0.4232 -1.2487 0.0584, -0.4232 -1.3058 0.0736, -0.4232 -1.2566 0.0394, -0.4232 -1.3078 0.0689, -0.4232 -1.2691 0.0231, -0.4232 -1.3109 0.0648, -0.4232 -1.2854 0.0105, -0.4232 -1.315 0.0617, -0.4232 -1.3044 0.0027, -0.4232 -1.3197 0.0597, -0.4232 -1.3248 0.0, -0.4232 -1.3248 0.0591, -0.4232 -1.6437 0.0, -0.4232 -1.6437 0.0591, -0.5807 -1.063 0.3543, -0.5807 -1.2264 0.3483, -0.5807 -1.6437 0.0, -0.5807 -1.6437 0.0591, -0.5807 -1.3248 0.0, -0.5807 -1.3248 0.0591, -0.5807 -1.3044 0.0027, -0.5807 -1.3197 0.0597, -0.5807 -1.2854 0.0105, -0.5807 -1.315 0.0617, -0.5807 -1.2691 0.0231, -0.5807 -1.3109 0.0648, -0.5807 -1.2566 0.0394, -0.5807 -1.3078 0.0689, -0.5807 -1.2487 0.0584, -0.5807 -1.3058 0.0736, -0.5807 -1.2461 0.0787, -0.5807 -1.3051 0.0787, -0.5807 -1.2461 0.3286, -0.5807 -1.3051 0.3286, -0.5807 -1.2454 0.3337, -0.5807 -1.3024 0.349, -0.5807 -1.2434 0.3384, -0.5807 -1.2946 0.368, -0.5807 -1.2403 0.3425, -0.5807 -1.2821 0.3843, -0.5807 -1.2362 0.3456, -0.5807 -1.2657 0.3968, -0.5807 -1.2315 0.3476, -0.5807 -1.2468 0.4047, -0.9232 -0.9902 0.3483, -1.0807 -0.9902 0.3483, -0.9232 -0.9902 0.3543, -1.0807 -0.9902 0.3543, -1.0807 -1.063 0.4073, -1.0807 -1.2264 0.4073, -0.9232 -1.063 0.4073, -0.9232 -1.2264 0.4073, -0.9232 -1.2264 0.3483, -0.9232 -1.063 0.3543, -0.9232 -1.2315 0.3476, -0.9232 -1.2468 0.4047, -0.9232 -1.2362 0.3456, -0.9232 -1.2657 0.3968, -0.9232 -1.2403 0.3425, -0.9232 -1.2821 0.3843, -0.9232 -1.2434 0.3384, -0.9232 -1.2946 0.368, -0.9232 -1.2454 0.3337, -0.9232 -1.3024 0.349, -0.9232 -1.2461 0.3286, -0.9232 -1.3051 0.3286, -0.9232 -1.2461 0.0787, -0.9232 -1.3051 0.0787, -0.9232 -1.2487 0.0584, -0.9232 -1.3058 0.0736, -0.9232 -1.2566 0.0394, -0.9232 -1.3078 0.0689, -0.9232 -1.2691 0.0231, -0.9232 -1.3109 0.0648, -0.9232 -1.2854 0.0105, -0.9232 -1.315 0.0617, -0.9232 -1.3044 0.0027, -0.9232 -1.3197 0.0597, -0.9232 -1.3248 0.0, -0.9232 -1.3248 0.0591, -0.9232 -1.6437 0.0, -0.9232 -1.6437 0.0591, -1.0807 -1.063 0.3543, -1.0807 -1.2264 0.3483, -1.0807 -1.6437 0.0, -1.0807 -1.6437 0.0591, -1.0807 -1.3248 0.0, -1.0807 -1.3248 0.0591, -1.0807 -1.3044 0.0027, -1.0807 -1.3197 0.0597, -1.0807 -1.2854 0.0105, -1.0807 -1.315 0.0617, -1.0807 -1.2691 0.0231, -1.0807 -1.3109 0.0648, -1.0807 -1.2566 0.0394, -1.0807 -1.3078 0.0689, -1.0807 -1.2487 0.0584, -1.0807 -1.3058 0.0736, -1.0807 -1.2461 0.0787, -1.0807 -1.3051 0.0787, -1.0807 -1.2461 0.3286, -1.0807 -1.3051 0.3286, -1.0807 -1.2454 0.3337, -1.0807 -1.3024 0.349, -1.0807 -1.2434 0.3384, -1.0807 -1.2946 0.368, -1.0807 -1.2403 0.3425, -1.0807 -1.2821 0.3843, -1.0807 -1.2362 0.3456, -1.0807 -1.2657 0.3968, -1.0807 -1.2315 0.3476, -1.0807 -1.2468 0.4047, 0.5768 -0.9902 0.3483, 0.4193 -0.9902 0.3483, 0.5768 -0.9902 0.3543, 0.4193 -0.9902 0.3543, 0.4193 -1.063 0.4073, 0.4193 -1.2264 0.4073, 0.5768 -1.063 0.4073, 0.5768 -1.2264 0.4073, 0.5768 -1.2264 0.3483, 0.5768 -1.063 0.3543, 0.5768 -1.2315 0.3476, 0.5768 -1.2468 0.4047, 0.5768 -1.2362 0.3456, 0.5768 -1.2657 0.3968, 0.5768 -1.2403 0.3425, 0.5768 -1.2821 0.3843, 0.5768 -1.2434 0.3384, 0.5768 -1.2946 0.368, 0.5768 -1.2454 0.3337, 0.5768 -1.3024 0.349, 0.5768 -1.2461 0.3286, 0.5768 -1.3051 0.3286, 0.5768 -1.2461 0.0787, 0.5768 -1.3051 0.0787, 0.5768 -1.2487 0.0584, 0.5768 -1.3058 0.0736, 0.5768 -1.2566 0.0394, 0.5768 -1.3078 0.0689, 0.5768 -1.2691 0.0231, 0.5768 -1.3109 0.0648, 0.5768 -1.2854 0.0105, 0.5768 -1.315 0.0617, 0.5768 -1.3044 0.0027, 0.5768 -1.3197 0.0597, 0.5768 -1.3248 0.0, 0.5768 -1.3248 0.0591, 0.5768 -1.6437 0.0, 0.5768 -1.6437 0.0591, 0.4193 -1.063 0.3543, 0.4193 -1.2264 0.3483, 0.4193 -1.6437 0.0, 0.4193 -1.6437 0.0591, 0.4193 -1.3248 0.0, 0.4193 -1.3248 0.0591, 0.4193 -1.3044 0.0027, 0.4193 -1.3197 0.0597, 0.4193 -1.2854 0.0105, 0.4193 -1.315 0.0617, 0.4193 -1.2691 0.0231, 0.4193 -1.3109 0.0648, 0.4193 -1.2566 0.0394, 0.4193 -1.3078 0.0689, 0.4193 -1.2487 0.0584, 0.4193 -1.3058 0.0736, 0.4193 -1.2461 0.0787, 0.4193 -1.3051 0.0787, 0.4193 -1.2461 0.3286, 0.4193 -1.3051 0.3286, 0.4193 -1.2454 0.3337, 0.4193 -1.3024 0.349, 0.4193 -1.2434 0.3384, 0.4193 -1.2946 0.368, 0.4193 -1.2403 0.3425, 0.4193 -1.2821 0.3843, 0.4193 -1.2362 0.3456, 0.4193 -1.2657 0.3968, 0.4193 -1.2315 0.3476, 0.4193 -1.2468 0.4047, 1.0768 -0.9902 0.3483, 0.9193 -0.9902 0.3483, 1.0768 -0.9902 0.3543, 0.9193 -0.9902 0.3543, 0.9193 -1.063 0.4073, 0.9193 -1.2264 0.4073, 1.0768 -1.063 0.4073, 1.0768 -1.2264 0.4073, 1.0768 -1.2264 0.3483, 1.0768 -1.063 0.3543, 1.0768 -1.2315 0.3476, 1.0768 -1.2468 0.4047, 1.0768 -1.2362 0.3456, 1.0768 -1.2657 0.3968, 1.0768 -1.2403 0.3425, 1.0768 -1.2821 0.3843, 1.0768 -1.2434 0.3384, 1.0768 -1.2946 0.368, 1.0768 -1.2454 0.3337, 1.0768 -1.3024 0.349, 1.0768 -1.2461 0.3286, 1.0768 -1.3051 0.3286, 1.0768 -1.2461 0.0787, 1.0768 -1.3051 0.0787, 1.0768 -1.2487 0.0584, 1.0768 -1.3058 0.0736, 1.0768 -1.2566 0.0394, 1.0768 -1.3078 0.0689, 1.0768 -1.2691 0.0231, 1.0768 -1.3109 0.0648, 1.0768 -1.2854 0.0105, 1.0768 -1.315 0.0617, 1.0768 -1.3044 0.0027, 1.0768 -1.3197 0.0597, 1.0768 -1.3248 0.0, 1.0768 -1.3248 0.0591, 1.0768 -1.6437 0.0, 1.0768 -1.6437 0.0591, 0.9193 -1.063 0.3543, 0.9193 -1.2264 0.3483, 0.9193 -1.6437 0.0, 0.9193 -1.6437 0.0591, 0.9193 -1.3248 0.0, 0.9193 -1.3248 0.0591, 0.9193 -1.3044 0.0027, 0.9193 -1.3197 0.0597, 0.9193 -1.2854 0.0105, 0.9193 -1.315 0.0617, 0.9193 -1.2691 0.0231, 0.9193 -1.3109 0.0648, 0.9193 -1.2566 0.0394, 0.9193 -1.3078 0.0689, 0.9193 -1.2487 0.0584, 0.9193 -1.3058 0.0736, 0.9193 -1.2461 0.0787, 0.9193 -1.3051 0.0787, 0.9193 -1.2461 0.3286, 0.9193 -1.3051 0.3286, 0.9193 -1.2454 0.3337, 0.9193 -1.3024 0.349, 0.9193 -1.2434 0.3384, 0.9193 -1.2946 0.368, 0.9193 -1.2403 0.3425, 0.9193 -1.2821 0.3843, 0.9193 -1.2362 0.3456, 0.9193 -1.2657 0.3968, 0.9193 -1.2315 0.3476, 0.9193 -1.2468 0.4047
            ]
        }
        coordIndex [
            0,1,2,-1,2,1,3,-1,4,5,6,-1,6,5,7,-1,8,0,9,-1,9,0,2,-1,9,6,8,-1,8,6,7,-1,8,7,10,-1,10,7,11,-1,10,11,12,-1,12,11,13,-1,12,13,14,-1,14,13,15,-1,14,15,16,-1,16,15,17,-1,16,17,18,-1,18,17,19,-1,18,19,20,-1,20,19,21,-1,20,21,22,-1,22,21,23,-1,22,23,24,-1,24,23,25,-1,24,25,26,-1,26,25,27,-1,26,27,28,-1,28,27,29,-1,28,29,30,-1,30,29,31,-1,30,31,32,-1,32,31,33,-1,32,33,34,-1,34,33,35,-1,34,35,36,-1,36,35,37,-1,3,1,38,-1,38,1,39,-1,40,41,42,-1,42,41,43,-1,42,43,44,-1,44,43,45,-1,44,45,46,-1,46,45,47,-1,46,47,48,-1,48,47,49,-1,48,49,50,-1,50,49,51,-1,50,51,52,-1,52,51,53,-1,52,53,54,-1,54,53,55,-1,54,55,56,-1,56,55,57,-1,56,57,58,-1,58,57,59,-1,58,59,60,-1,60,59,61,-1,60,61,62,-1,62,61,63,-1,62,63,64,-1,64,63,65,-1,64,65,66,-1,66,65,67,-1,66,67,39,-1,39,67,5,-1,39,5,38,-1,38,5,4,-1,37,35,41,-1,41,35,43,-1,36,37,40,-1,40,37,41,-1,34,36,42,-1,42,36,40,-1,34,42,44,-1,34,44,32,-1,32,44,46,-1,32,46,30,-1,30,46,48,-1,30,48,28,-1,28,48,50,-1,28,50,26,-1,26,50,52,-1,26,52,24,-1,24,52,54,-1,24,54,22,-1,20,22,56,-1,56,22,54,-1,20,56,18,-1,18,56,58,-1,18,58,16,-1,16,58,60,-1,16,60,14,-1,14,60,62,-1,14,62,12,-1,12,62,64,-1,12,64,10,-1,10,64,66,-1,10,66,8,-1,8,66,39,-1,0,8,1,-1,1,8,39,-1,7,5,67,-1,7,67,11,-1,11,67,65,-1,11,65,13,-1,13,65,63,-1,13,63,15,-1,15,63,61,-1,15,61,17,-1,17,61,59,-1,17,59,19,-1,19,59,57,-1,19,57,21,-1,23,21,55,-1,55,21,57,-1,23,55,25,-1,25,55,53,-1,25,53,27,-1,27,53,51,-1,27,51,29,-1,29,51,49,-1,29,49,31,-1,31,49,47,-1,31,47,33,-1,33,47,45,-1,33,45,35,-1,35,45,43,-1,68,69,70,-1,70,69,71,-1,72,73,74,-1,74,73,75,-1,70,71,76,-1,76,71,77,-1,78,79,80,-1,80,79,81,-1,80,81,82,-1,82,81,83,-1,82,83,84,-1,84,83,85,-1,84,85,86,-1,86,85,87,-1,86,87,88,-1,88,87,89,-1,88,89,90,-1,90,89,91,-1,90,91,92,-1,92,91,93,-1,92,93,94,-1,94,93,95,-1,94,95,96,-1,96,95,97,-1,96,97,98,-1,98,97,99,-1,98,99,100,-1,100,99,101,-1,100,101,102,-1,102,101,103,-1,102,103,104,-1,104,103,105,-1,104,105,77,-1,77,105,72,-1,77,72,76,-1,76,72,74,-1,106,69,107,-1,107,69,68,-1,107,75,106,-1,106,75,73,-1,106,73,108,-1,108,73,109,-1,108,109,110,-1,110,109,111,-1,110,111,112,-1,112,111,113,-1,112,113,114,-1,114,113,115,-1,114,115,116,-1,116,115,117,-1,116,117,118,-1,118,117,119,-1,118,119,120,-1,120,119,121,-1,120,121,122,-1,122,121,123,-1,122,123,124,-1,124,123,125,-1,124,125,126,-1,126,125,127,-1,126,127,128,-1,128,127,129,-1,128,129,130,-1,130,129,131,-1,130,131,132,-1,132,131,133,-1,132,133,134,-1,134,133,135,-1,81,79,133,-1,133,79,135,-1,81,133,83,-1,83,133,131,-1,83,131,85,-1,85,131,129,-1,85,129,87,-1,87,129,127,-1,87,127,89,-1,89,127,125,-1,89,125,91,-1,91,125,123,-1,91,123,93,-1,93,123,121,-1,95,93,119,-1,119,93,121,-1,95,119,117,-1,95,117,97,-1,97,117,115,-1,97,115,99,-1,99,115,113,-1,99,113,101,-1,101,113,111,-1,101,111,103,-1,103,111,109,-1,103,109,105,-1,105,109,73,-1,105,73,72,-1,77,71,106,-1,106,71,69,-1,77,106,104,-1,104,106,108,-1,104,108,102,-1,102,108,110,-1,102,110,100,-1,100,110,112,-1,100,112,98,-1,98,112,114,-1,98,114,96,-1,96,114,116,-1,96,116,94,-1,94,116,118,-1,92,94,120,-1,120,94,118,-1,92,120,122,-1,92,122,90,-1,90,122,124,-1,90,124,88,-1,88,124,126,-1,88,126,86,-1,86,126,128,-1,86,128,84,-1,84,128,130,-1,84,130,82,-1,82,130,132,-1,82,132,80,-1,78,80,134,-1,134,80,132,-1,79,78,135,-1,135,78,134,-1,136,137,138,-1,138,137,139,-1,140,141,142,-1,142,141,143,-1,138,139,144,-1,144,139,145,-1,146,147,148,-1,148,147,149,-1,148,149,150,-1,150,149,151,-1,150,151,152,-1,152,151,153,-1,152,153,154,-1,154,153,155,-1,154,155,156,-1,156,155,157,-1,156,157,158,-1,158,157,159,-1,158,159,160,-1,160,159,161,-1,160,161,162,-1,162,161,163,-1,162,163,164,-1,164,163,165,-1,164,165,166,-1,166,165,167,-1,166,167,168,-1,168,167,169,-1,168,169,170,-1,170,169,171,-1,170,171,172,-1,172,171,173,-1,172,173,145,-1,145,173,140,-1,145,140,144,-1,144,140,142,-1,174,137,175,-1,175,137,136,-1,175,143,174,-1,174,143,141,-1,174,141,176,-1,176,141,177,-1,176,177,178,-1,178,177,179,-1,178,179,180,-1,180,179,181,-1,180,181,182,-1,182,181,183,-1,182,183,184,-1,184,183,185,-1,184,185,186,-1,186,185,187,-1,186,187,188,-1,188,187,189,-1,188,189,190,-1,190,189,191,-1,190,191,192,-1,192,191,193,-1,192,193,194,-1,194,193,195,-1,194,195,196,-1,196,195,197,-1,196,197,198,-1,198,197,199,-1,198,199,200,-1,200,199,201,-1,200,201,202,-1,202,201,203,-1,149,147,201,-1,201,147,203,-1,149,201,151,-1,151,201,199,-1,151,199,153,-1,153,199,197,-1,153,197,155,-1,155,197,195,-1,155,195,157,-1,157,195,193,-1,157,193,159,-1,159,193,191,-1,159,191,161,-1,161,191,189,-1,163,161,187,-1,187,161,189,-1,163,187,185,-1,163,185,165,-1,165,185,183,-1,165,183,167,-1,167,183,181,-1,167,181,169,-1,169,181,179,-1,169,179,171,-1,171,179,177,-1,171,177,173,-1,173,177,141,-1,173,141,140,-1,145,139,174,-1,174,139,137,-1,145,174,172,-1,172,174,176,-1,172,176,170,-1,170,176,178,-1,170,178,168,-1,168,178,180,-1,168,180,166,-1,166,180,182,-1,166,182,164,-1,164,182,184,-1,164,184,162,-1,162,184,186,-1,160,162,188,-1,188,162,186,-1,160,188,190,-1,160,190,158,-1,158,190,192,-1,158,192,156,-1,156,192,194,-1,156,194,154,-1,154,194,196,-1,154,196,152,-1,152,196,198,-1,152,198,150,-1,150,198,200,-1,150,200,148,-1,146,148,202,-1,202,148,200,-1,147,146,203,-1,203,146,202,-1,204,205,206,-1,206,205,207,-1,208,209,210,-1,210,209,211,-1,206,207,212,-1,212,207,213,-1,214,215,216,-1,216,215,217,-1,216,217,218,-1,218,217,219,-1,218,219,220,-1,220,219,221,-1,220,221,222,-1,222,221,223,-1,222,223,224,-1,224,223,225,-1,224,225,226,-1,226,225,227,-1,226,227,228,-1,228,227,229,-1,228,229,230,-1,230,229,231,-1,230,231,232,-1,232,231,233,-1,232,233,234,-1,234,233,235,-1,234,235,236,-1,236,235,237,-1,236,237,238,-1,238,237,239,-1,238,239,240,-1,240,239,241,-1,240,241,213,-1,213,241,208,-1,213,208,212,-1,212,208,210,-1,242,205,243,-1,243,205,204,-1,243,211,242,-1,242,211,209,-1,242,209,244,-1,244,209,245,-1,244,245,246,-1,246,245,247,-1,246,247,248,-1,248,247,249,-1,248,249,250,-1,250,249,251,-1,250,251,252,-1,252,251,253,-1,252,253,254,-1,254,253,255,-1,254,255,256,-1,256,255,257,-1,256,257,258,-1,258,257,259,-1,258,259,260,-1,260,259,261,-1,260,261,262,-1,262,261,263,-1,262,263,264,-1,264,263,265,-1,264,265,266,-1,266,265,267,-1,266,267,268,-1,268,267,269,-1,268,269,270,-1,270,269,271,-1,217,215,269,-1,269,215,271,-1,217,269,219,-1,219,269,267,-1,219,267,221,-1,221,267,265,-1,221,265,223,-1,223,265,263,-1,223,263,225,-1,225,263,261,-1,225,261,227,-1,227,261,259,-1,227,259,229,-1,229,259,257,-1,231,229,255,-1,255,229,257,-1,231,255,253,-1,231,253,233,-1,233,253,251,-1,233,251,235,-1,235,251,249,-1,235,249,237,-1,237,249,247,-1,237,247,239,-1,239,247,245,-1,239,245,241,-1,241,245,209,-1,241,209,208,-1,213,207,242,-1,242,207,205,-1,213,242,240,-1,240,242,244,-1,240,244,238,-1,238,244,246,-1,238,246,236,-1,236,246,248,-1,236,248,234,-1,234,248,250,-1,234,250,232,-1,232,250,252,-1,232,252,230,-1,230,252,254,-1,228,230,256,-1,256,230,254,-1,228,256,258,-1,228,258,226,-1,226,258,260,-1,226,260,224,-1,224,260,262,-1,224,262,222,-1,222,262,264,-1,222,264,220,-1,220,264,266,-1,220,266,218,-1,218,266,268,-1,218,268,216,-1,214,216,270,-1,270,216,268,-1,215,214,271,-1,271,214,270,-1,272,273,274,-1,274,273,275,-1,276,277,278,-1,278,277,279,-1,274,275,280,-1,280,275,281,-1,282,283,284,-1,284,283,285,-1,284,285,286,-1,286,285,287,-1,286,287,288,-1,288,287,289,-1,288,289,290,-1,290,289,291,-1,290,291,292,-1,292,291,293,-1,292,293,294,-1,294,293,295,-1,294,295,296,-1,296,295,297,-1,296,297,298,-1,298,297,299,-1,298,299,300,-1,300,299,301,-1,300,301,302,-1,302,301,303,-1,302,303,304,-1,304,303,305,-1,304,305,306,-1,306,305,307,-1,306,307,308,-1,308,307,309,-1,308,309,281,-1,281,309,276,-1,281,276,280,-1,280,276,278,-1,310,273,311,-1,311,273,272,-1,311,279,310,-1,310,279,277,-1,310,277,312,-1,312,277,313,-1,312,313,314,-1,314,313,315,-1,314,315,316,-1,316,315,317,-1,316,317,318,-1,318,317,319,-1,318,319,320,-1,320,319,321,-1,320,321,322,-1,322,321,323,-1,322,323,324,-1,324,323,325,-1,324,325,326,-1,326,325,327,-1,326,327,328,-1,328,327,329,-1,328,329,330,-1,330,329,331,-1,330,331,332,-1,332,331,333,-1,332,333,334,-1,334,333,335,-1,334,335,336,-1,336,335,337,-1,336,337,338,-1,338,337,339,-1,285,283,337,-1,337,283,339,-1,285,337,287,-1,287,337,335,-1,287,335,289,-1,289,335,333,-1,289,333,291,-1,291,333,331,-1,291,331,293,-1,293,331,329,-1,293,329,295,-1,295,329,327,-1,295,327,297,-1,297,327,325,-1,299,297,323,-1,323,297,325,-1,299,323,321,-1,299,321,301,-1,301,321,319,-1,301,319,303,-1,303,319,317,-1,303,317,305,-1,305,317,315,-1,305,315,307,-1,307,315,313,-1,307,313,309,-1,309,313,277,-1,309,277,276,-1,281,275,310,-1,310,275,273,-1,281,310,308,-1,308,310,312,-1,308,312,306,-1,306,312,314,-1,306,314,304,-1,304,314,316,-1,304,316,302,-1,302,316,318,-1,302,318,300,-1,300,318,320,-1,300,320,298,-1,298,320,322,-1,296,298,324,-1,324,298,322,-1,296,324,326,-1,296,326,294,-1,294,326,328,-1,294,328,292,-1,292,328,330,-1,292,330,290,-1,290,330,332,-1,290,332,288,-1,288,332,334,-1,288,334,286,-1,286,334,336,-1,286,336,284,-1,282,284,338,-1,338,284,336,-1,283,282,339,-1,339,282,338,-1,340,341,342,-1,342,341,343,-1,344,345,346,-1,346,345,347,-1,342,343,348,-1,348,343,349,-1,350,351,352,-1,352,351,353,-1,352,353,354,-1,354,353,355,-1,354,355,356,-1,356,355,357,-1,356,357,358,-1,358,357,359,-1,358,359,360,-1,360,359,361,-1,360,361,362,-1,362,361,363,-1,362,363,364,-1,364,363,365,-1,364,365,366,-1,366,365,367,-1,366,367,368,-1,368,367,369,-1,368,369,370,-1,370,369,371,-1,370,371,372,-1,372,371,373,-1,372,373,374,-1,374,373,375,-1,374,375,376,-1,376,375,377,-1,376,377,349,-1,349,377,344,-1,349,344,348,-1,348,344,346,-1,378,341,379,-1,379,341,340,-1,379,347,378,-1,378,347,345,-1,378,345,380,-1,380,345,381,-1,380,381,382,-1,382,381,383,-1,382,383,384,-1,384,383,385,-1,384,385,386,-1,386,385,387,-1,386,387,388,-1,388,387,389,-1,388,389,390,-1,390,389,391,-1,390,391,392,-1,392,391,393,-1,392,393,394,-1,394,393,395,-1,394,395,396,-1,396,395,397,-1,396,397,398,-1,398,397,399,-1,398,399,400,-1,400,399,401,-1,400,401,402,-1,402,401,403,-1,402,403,404,-1,404,403,405,-1,404,405,406,-1,406,405,407,-1,353,351,405,-1,405,351,407,-1,353,405,355,-1,355,405,403,-1,355,403,357,-1,357,403,401,-1,357,401,359,-1,359,401,399,-1,359,399,361,-1,361,399,397,-1,361,397,363,-1,363,397,395,-1,363,395,365,-1,365,395,393,-1,367,365,391,-1,391,365,393,-1,367,391,389,-1,367,389,369,-1,369,389,387,-1,369,387,371,-1,371,387,385,-1,371,385,373,-1,373,385,383,-1,373,383,375,-1,375,383,381,-1,375,381,377,-1,377,381,345,-1,377,345,344,-1,349,343,378,-1,378,343,341,-1,349,378,376,-1,376,378,380,-1,376,380,374,-1,374,380,382,-1,374,382,372,-1,372,382,384,-1,372,384,370,-1,370,384,386,-1,370,386,368,-1,368,386,388,-1,368,388,366,-1,366,388,390,-1,364,366,392,-1,392,366,390,-1,364,392,394,-1,364,394,362,-1,362,394,396,-1,362,396,360,-1,360,396,398,-1,360,398,358,-1,358,398,400,-1,358,400,356,-1,356,400,402,-1,356,402,354,-1,354,402,404,-1,354,404,352,-1,350,352,406,-1,406,352,404,-1,351,350,407,-1,407,350,406,-1,408,409,410,-1,410,409,411,-1,412,413,414,-1,414,413,415,-1,416,408,417,-1,417,408,410,-1,417,414,416,-1,416,414,415,-1,416,415,418,-1,418,415,419,-1,418,419,420,-1,420,419,421,-1,420,421,422,-1,422,421,423,-1,422,423,424,-1,424,423,425,-1,424,425,426,-1,426,425,427,-1,426,427,428,-1,428,427,429,-1,428,429,430,-1,430,429,431,-1,430,431,432,-1,432,431,433,-1,432,433,434,-1,434,433,435,-1,434,435,436,-1,436,435,437,-1,436,437,438,-1,438,437,439,-1,438,439,440,-1,440,439,441,-1,440,441,442,-1,442,441,443,-1,442,443,444,-1,444,443,445,-1,411,409,446,-1,446,409,447,-1,448,449,450,-1,450,449,451,-1,450,451,452,-1,452,451,453,-1,452,453,454,-1,454,453,455,-1,454,455,456,-1,456,455,457,-1,456,457,458,-1,458,457,459,-1,458,459,460,-1,460,459,461,-1,460,461,462,-1,462,461,463,-1,462,463,464,-1,464,463,465,-1,464,465,466,-1,466,465,467,-1,466,467,468,-1,468,467,469,-1,468,469,470,-1,470,469,471,-1,470,471,472,-1,472,471,473,-1,472,473,474,-1,474,473,475,-1,474,475,447,-1,447,475,413,-1,447,413,446,-1,446,413,412,-1,445,443,449,-1,449,443,451,-1,444,445,448,-1,448,445,449,-1,442,444,450,-1,450,444,448,-1,442,450,452,-1,442,452,440,-1,440,452,454,-1,440,454,438,-1,438,454,456,-1,438,456,436,-1,436,456,458,-1,436,458,434,-1,434,458,460,-1,434,460,432,-1,432,460,462,-1,432,462,430,-1,428,430,464,-1,464,430,462,-1,428,464,426,-1,426,464,466,-1,426,466,424,-1,424,466,468,-1,424,468,422,-1,422,468,470,-1,422,470,420,-1,420,470,472,-1,420,472,418,-1,418,472,474,-1,418,474,416,-1,416,474,447,-1,408,416,409,-1,409,416,447,-1,415,413,475,-1,415,475,419,-1,419,475,473,-1,419,473,421,-1,421,473,471,-1,421,471,423,-1,423,471,469,-1,423,469,425,-1,425,469,467,-1,425,467,427,-1,427,467,465,-1,427,465,429,-1,431,429,463,-1,463,429,465,-1,431,463,433,-1,433,463,461,-1,433,461,435,-1,435,461,459,-1,435,459,437,-1,437,459,457,-1,437,457,439,-1,439,457,455,-1,439,455,441,-1,441,455,453,-1,441,453,443,-1,443,453,451,-1,476,477,478,-1,478,477,479,-1,480,481,482,-1,482,481,483,-1,484,476,485,-1,485,476,478,-1,485,482,484,-1,484,482,483,-1,484,483,486,-1,486,483,487,-1,486,487,488,-1,488,487,489,-1,488,489,490,-1,490,489,491,-1,490,491,492,-1,492,491,493,-1,492,493,494,-1,494,493,495,-1,494,495,496,-1,496,495,497,-1,496,497,498,-1,498,497,499,-1,498,499,500,-1,500,499,501,-1,500,501,502,-1,502,501,503,-1,502,503,504,-1,504,503,505,-1,504,505,506,-1,506,505,507,-1,506,507,508,-1,508,507,509,-1,508,509,510,-1,510,509,511,-1,510,511,512,-1,512,511,513,-1,479,477,514,-1,514,477,515,-1,516,517,518,-1,518,517,519,-1,518,519,520,-1,520,519,521,-1,520,521,522,-1,522,521,523,-1,522,523,524,-1,524,523,525,-1,524,525,526,-1,526,525,527,-1,526,527,528,-1,528,527,529,-1,528,529,530,-1,530,529,531,-1,530,531,532,-1,532,531,533,-1,532,533,534,-1,534,533,535,-1,534,535,536,-1,536,535,537,-1,536,537,538,-1,538,537,539,-1,538,539,540,-1,540,539,541,-1,540,541,542,-1,542,541,543,-1,542,543,515,-1,515,543,481,-1,515,481,514,-1,514,481,480,-1,513,511,517,-1,517,511,519,-1,512,513,516,-1,516,513,517,-1,510,512,518,-1,518,512,516,-1,510,518,520,-1,510,520,508,-1,508,520,522,-1,508,522,506,-1,506,522,524,-1,506,524,504,-1,504,524,526,-1,504,526,502,-1,502,526,528,-1,502,528,500,-1,500,528,530,-1,500,530,498,-1,496,498,532,-1,532,498,530,-1,496,532,494,-1,494,532,534,-1,494,534,492,-1,492,534,536,-1,492,536,490,-1,490,536,538,-1,490,538,488,-1,488,538,540,-1,488,540,486,-1,486,540,542,-1,486,542,484,-1,484,542,515,-1,476,484,477,-1,477,484,515,-1,483,481,543,-1,483,543,487,-1,487,543,541,-1,487,541,489,-1,489,541,539,-1,489,539,491,-1,491,539,537,-1,491,537,493,-1,493,537,535,-1,493,535,495,-1,495,535,533,-1,495,533,497,-1,499,497,531,-1,531,497,533,-1,499,531,501,-1,501,531,529,-1,501,529,503,-1,503,529,527,-1,503,527,505,-1,505,527,525,-1,505,525,507,-1,507,525,523,-1,507,523,509,-1,509,523,521,-1,509,521,511,-1,511,521,519,-1,544,545,546,-1,546,545,547,-1,548,549,550,-1,550,549,551,-1,552,544,553,-1,553,544,546,-1,553,550,552,-1,552,550,551,-1,552,551,554,-1,554,551,555,-1,554,555,556,-1,556,555,557,-1,556,557,558,-1,558,557,559,-1,558,559,560,-1,560,559,561,-1,560,561,562,-1,562,561,563,-1,562,563,564,-1,564,563,565,-1,564,565,566,-1,566,565,567,-1,566,567,568,-1,568,567,569,-1,568,569,570,-1,570,569,571,-1,570,571,572,-1,572,571,573,-1,572,573,574,-1,574,573,575,-1,574,575,576,-1,576,575,577,-1,576,577,578,-1,578,577,579,-1,578,579,580,-1,580,579,581,-1,547,545,582,-1,582,545,583,-1,584,585,586,-1,586,585,587,-1,586,587,588,-1,588,587,589,-1,588,589,590,-1,590,589,591,-1,590,591,592,-1,592,591,593,-1,592,593,594,-1,594,593,595,-1,594,595,596,-1,596,595,597,-1,596,597,598,-1,598,597,599,-1,598,599,600,-1,600,599,601,-1,600,601,602,-1,602,601,603,-1,602,603,604,-1,604,603,605,-1,604,605,606,-1,606,605,607,-1,606,607,608,-1,608,607,609,-1,608,609,610,-1,610,609,611,-1,610,611,583,-1,583,611,549,-1,583,549,582,-1,582,549,548,-1,581,579,585,-1,585,579,587,-1,580,581,584,-1,584,581,585,-1,578,580,586,-1,586,580,584,-1,578,586,588,-1,578,588,576,-1,576,588,590,-1,576,590,574,-1,574,590,592,-1,574,592,572,-1,572,592,594,-1,572,594,570,-1,570,594,596,-1,570,596,568,-1,568,596,598,-1,568,598,566,-1,564,566,600,-1,600,566,598,-1,564,600,562,-1,562,600,602,-1,562,602,560,-1,560,602,604,-1,560,604,558,-1,558,604,606,-1,558,606,556,-1,556,606,608,-1,556,608,554,-1,554,608,610,-1,554,610,552,-1,552,610,583,-1,544,552,545,-1,545,552,583,-1,551,549,611,-1,551,611,555,-1,555,611,609,-1,555,609,557,-1,557,609,607,-1,557,607,559,-1,559,607,605,-1,559,605,561,-1,561,605,603,-1,561,603,563,-1,563,603,601,-1,563,601,565,-1,567,565,599,-1,599,565,601,-1,567,599,569,-1,569,599,597,-1,569,597,571,-1,571,597,595,-1,571,595,573,-1,573,595,593,-1,573,593,575,-1,575,593,591,-1,575,591,577,-1,577,591,589,-1,577,589,579,-1,579,589,587,-1,612,613,614,-1,614,613,615,-1,616,617,618,-1,618,617,619,-1,620,612,621,-1,621,612,614,-1,621,618,620,-1,620,618,619,-1,620,619,622,-1,622,619,623,-1,622,623,624,-1,624,623,625,-1,624,625,626,-1,626,625,627,-1,626,627,628,-1,628,627,629,-1,628,629,630,-1,630,629,631,-1,630,631,632,-1,632,631,633,-1,632,633,634,-1,634,633,635,-1,634,635,636,-1,636,635,637,-1,636,637,638,-1,638,637,639,-1,638,639,640,-1,640,639,641,-1,640,641,642,-1,642,641,643,-1,642,643,644,-1,644,643,645,-1,644,645,646,-1,646,645,647,-1,646,647,648,-1,648,647,649,-1,615,613,650,-1,650,613,651,-1,652,653,654,-1,654,653,655,-1,654,655,656,-1,656,655,657,-1,656,657,658,-1,658,657,659,-1,658,659,660,-1,660,659,661,-1,660,661,662,-1,662,661,663,-1,662,663,664,-1,664,663,665,-1,664,665,666,-1,666,665,667,-1,666,667,668,-1,668,667,669,-1,668,669,670,-1,670,669,671,-1,670,671,672,-1,672,671,673,-1,672,673,674,-1,674,673,675,-1,674,675,676,-1,676,675,677,-1,676,677,678,-1,678,677,679,-1,678,679,651,-1,651,679,617,-1,651,617,650,-1,650,617,616,-1,649,647,653,-1,653,647,655,-1,648,649,652,-1,652,649,653,-1,646,648,654,-1,654,648,652,-1,646,654,656,-1,646,656,644,-1,644,656,658,-1,644,658,642,-1,642,658,660,-1,642,660,640,-1,640,660,662,-1,640,662,638,-1,638,662,664,-1,638,664,636,-1,636,664,666,-1,636,666,634,-1,632,634,668,-1,668,634,666,-1,632,668,630,-1,630,668,670,-1,630,670,628,-1,628,670,672,-1,628,672,626,-1,626,672,674,-1,626,674,624,-1,624,674,676,-1,624,676,622,-1,622,676,678,-1,622,678,620,-1,620,678,651,-1,612,620,613,-1,613,620,651,-1,619,617,679,-1,619,679,623,-1,623,679,677,-1,623,677,625,-1,625,677,675,-1,625,675,627,-1,627,675,673,-1,627,673,629,-1,629,673,671,-1,629,671,631,-1,631,671,669,-1,631,669,633,-1,635,633,667,-1,667,633,669,-1,635,667,637,-1,637,667,665,-1,637,665,639,-1,639,665,663,-1,639,663,641,-1,641,663,661,-1,641,661,643,-1,643,661,659,-1,643,659,645,-1,645,659,657,-1,645,657,647,-1,647,657,655,-1,
        ]
    }
}
Shape{
    appearance Appearance {
        material  Material 	{
            diffuseColor 0.25098039215686274 0.25098039215686274 0.25098039215686274
            specularColor 0.12549019607843137 0.12549019607843137 0.12549019607843137
            ambientIntensity 0.251
            transparency 0.0
            shininess 0.5
        }
    }
    geometry IndexedFaceSet {
        ccw TRUE
        solid FALSE
        coord DEF co Coordinate {
            point [
                -0.8445 -0.689 0.9055, -0.8445 0.689 0.9055, -0.8445 -0.348 0.7087, -0.8445 0.348 0.7087, -1.1594 -0.348 0.7087, -1.1594 0.348 0.7087, -1.1594 -0.689 0.9055, -1.1594 0.689 0.9055
            ]
        }
        coordIndex [
            0,1,2,-1,2,1,3,-1,4,5,6,-1,6,5,7,-1,0,2,6,-1,6,2,4,-1,7,5,1,-1,1,5,3,-1,
        ]
    }
}
Shape{
    appearance Appearance {
        material  Material 	{
            diffuseColor 1.0 1.0 1.0
            specularColor 0.5019607843137255 0.5019607843137255 0.5019607843137255
            ambientIntensity 1.0
            transparency 0.0
            shininess 0.5
        }
    }
    geometry IndexedFaceSet {
        ccw TRUE
        solid FALSE
        coord DEF co Coordinate {
            point [
                -1.1555 -0.2693 0.8661, -1.1555 0.0457 0.8661, -1.1555 -0.2693 0.7087, -1.1555 0.0457 0.7087, -0.8484 -0.2693 0.8661, -0.8484 -0.2693 0.7087, -0.8484 0.0457 0.8661, -0.8484 0.0457 0.7087, -0.6555 -0.2693 0.8661, -0.6555 0.0457 0.8661, -0.6555 -0.2693 0.7087, -0.6555 0.0457 0.7087, -0.3484 -0.2693 0.8661, -0.3484 -0.2693 0.7087, -0.3484 0.0457 0.8661, -0.3484 0.0457 0.7087
            ]
        }
        coordIndex [
            0,1,2,-1,2,1,3,-1,4,0,5,-1,5,0,2,-1,6,4,7,-1,7,4,5,-1,1,6,3,-1,3,6,7,-1,4,6,0,-1,0,6,1,-1,8,9,10,-1,10,9,11,-1,12,8,13,-1,13,8,10,-1,14,12,15,-1,15,12,13,-1,12,14,8,-1,8,14,9,-1,9,14,11,-1,11,14,15,-1,
        ]
    }
}
Shape{
    appearance Appearance {
        material  Material 	{
            diffuseColor 0.25098039215686274 0.25098039215686274 0.25098039215686274
            specularColor 0.12549019607843137 0.12549019607843137 0.12549019607843137
            ambientIntensity 0.251
            transparency 0.0
            shininess 0.5
        }
    }
    geometry IndexedFaceSet {
        ccw TRUE
        solid FALSE
        coord DEF co Coordinate {
            point [
                -0.3445 -0.689 0.9055, -0.3445 0.689 0.9055, -0.3445 -0.348 0.7087, -0.3445 0.348 0.7087, -0.6594 -0.348 0.7087, -0.6594 0.348 0.7087, -0.6594 -0.689 0.9055, -0.6594 0.689 0.9055, -0.6555 -0.2693 0.7087, -0.6555 0.0457 0.7087, -0.3484 -0.2693 0.7087, -0.3484 0.0457 0.7087
            ]
        }
        coordIndex [
            0,1,2,-1,2,1,3,-1,4,5,6,-1,6,5,7,-1,0,2,6,-1,6,2,4,-1,4,8,9,-1,8,4,10,-1,10,4,2,-1,10,2,11,-1,11,2,3,-1,11,3,9,-1,9,3,5,-1,9,5,4,-1,7,5,1,-1,1,5,3,-1,
        ]
    }
}
Shape{
    appearance Appearance {
        material  Material 	{
            diffuseColor 0.7529411764705882 0.7529411764705882 0.7529411764705882
            specularColor 0.3764705882352941 0.3764705882352941 0.3764705882352941
            ambientIntensity 0.7529
            transparency 0.0
            shininess 0.5
        }
    }
    geometry IndexedFaceSet {
        ccw TRUE
        solid FALSE
        coord DEF co Coordinate {
            point [
                -0.9728 -0.927 0.9051, -0.9968 -0.927 0.9051, -0.9728 -0.927 0.9055, -0.9968 -0.927 0.9055, -0.9968 -0.7598 0.9051, -0.9968 -0.7598 0.9055, -1.0424 -0.7829 0.9051, -1.0424 -0.7829 0.9055, -1.0388 -0.7819 0.9055, -1.0388 -0.7819 0.9051, -1.015 -0.772 0.9055, -1.015 -0.772 0.9051, -1.0424 -0.7589 0.9051, -1.0424 -0.7589 0.9055, -0.9822 -0.7277 0.9051, -0.9822 -0.7277 0.9055, -1.0108 -0.7462 0.9055, -1.0108 -0.7462 0.9051, -0.9728 -0.7277 0.9051, -0.9728 -0.7277 0.9055, -1.2954 0.7637 0.9055, -1.2954 0.7637 0.9051, -1.3045 0.7646 0.9055, -1.3147 0.7657 0.9051, -1.3147 0.7657 0.9055, -1.3295 0.7708 0.9051, -1.3295 0.7708 0.9055, -1.3424 0.779 0.9051, -1.3424 0.779 0.9055, -1.3537 0.7907 0.9051, -1.3537 0.7907 0.9055, -1.3624 0.8054 0.9051, -1.3624 0.8054 0.9055, -1.3677 0.8224 0.9051, -1.3677 0.8224 0.9055, -1.3696 0.8425 0.9051, -1.3696 0.8425 0.9055, -1.2929 0.925 0.9051, -1.2929 0.925 0.9055, -1.3099 0.9235 0.9055, -1.3099 0.9235 0.9051, -1.3259 0.9188 0.9055, -1.3259 0.9188 0.9051, -1.3404 0.9103 0.9055, -1.3404 0.9103 0.9051, -1.3527 0.8982 0.9055, -1.3527 0.8982 0.9051, -1.3616 0.8834 0.9055, -1.3616 0.8834 0.9051, -1.3674 0.8652 0.9055, -1.3674 0.8652 0.9051, -1.2198 0.8462 0.9051, -1.2198 0.8462 0.9055, -1.2209 0.862 0.9055, -1.2209 0.862 0.9051, -1.2254 0.8795 0.9055, -1.2254 0.8795 0.9051, -1.2336 0.8952 0.9055, -1.2336 0.8952 0.9051, -1.2453 0.9084 0.9055, -1.2453 0.9084 0.9051, -1.259 0.9176 0.9055, -1.259 0.9176 0.9051, -1.2738 0.9229 0.9055, -1.2738 0.9229 0.9051, -1.2765 0.7655 0.9051, -1.2857 0.7646 0.9055, -1.2765 0.7655 0.9055, -1.2613 0.7706 0.9055, -1.2613 0.7706 0.9051, -1.2482 0.7786 0.9055, -1.2482 0.7786 0.9051, -1.2363 0.7907 0.9055, -1.2363 0.7907 0.9051, -1.2276 0.8054 0.9055, -1.2276 0.8054 0.9051, -1.2219 0.8234 0.9055, -1.2219 0.8234 0.9051, -1.3485 0.8442 0.9051, -1.3468 0.826 0.9051, -1.3423 0.8117 0.9051, -1.3356 0.8004 0.9051, -1.327 0.7916 0.9051, -1.3178 0.7857 0.9051, -1.3069 0.7821 0.9051, -1.2953 0.7809 0.9051, -1.2812 0.7824 0.9051, -1.2703 0.7861 0.9051, -1.2611 0.792 0.9051, -1.2538 0.7994 0.9051, -1.2476 0.8094 0.9051, -1.2427 0.8244 0.9051, -1.2409 0.8439 0.9051, -1.2425 0.8625 0.9051, -1.2465 0.8767 0.9051, -1.2531 0.8885 0.9051, -1.2608 0.8967 0.9051, -1.2695 0.9024 0.9051, -1.2799 0.9061 0.9051, -1.294 0.9077 0.9051, -1.3081 0.906 0.9051, -1.3187 0.902 0.9051, -1.3281 0.8955 0.9051, -1.3372 0.8852 0.9051, -1.3436 0.8729 0.9051, -1.3478 0.8554 0.9051, -1.3485 0.8442 0.9055, -1.3478 0.8554 0.9055, -1.3436 0.8729 0.9055, -1.3372 0.8852 0.9055, -1.3281 0.8955 0.9055, -1.3187 0.902 0.9055, -1.3081 0.906 0.9055, -1.294 0.9077 0.9055, -1.2799 0.9061 0.9055, -1.2695 0.9024 0.9055, -1.2608 0.8967 0.9055, -1.2531 0.8885 0.9055, -1.2465 0.8767 0.9055, -1.2425 0.8625 0.9055, -1.2409 0.8439 0.9055, -1.2427 0.8244 0.9055, -1.2476 0.8094 0.9055, -1.2538 0.7994 0.9055, -1.2611 0.792 0.9055, -1.2703 0.7861 0.9055, -1.2812 0.7824 0.9055, -1.2953 0.7809 0.9055, -1.3069 0.7821 0.9055, -1.3178 0.7857 0.9055, -1.327 0.7916 0.9055, -1.3356 0.8004 0.9055, -1.3423 0.8117 0.9055, -1.3468 0.826 0.9055, -1.0604 0.9231 0.9051, -1.0604 0.7656 0.9051, -1.0604 0.9231 0.9055, -1.0604 0.7656 0.9055, -1.0854 0.7656 0.9051, -1.0854 0.7656 0.9055, -1.1627 0.8878 0.9051, -1.1627 0.8878 0.9055, -1.1679 0.8981 0.9051, -1.1679 0.8981 0.9055, -1.1655 0.8928 0.9055, -1.1655 0.8928 0.9051, -1.1686 0.8981 0.9051, -1.1686 0.8981 0.9055, -1.1679 0.8761 0.9051, -1.1679 0.8761 0.9055, -1.168 0.8871 0.9055, -1.168 0.8871 0.9051, -1.1679 0.7656 0.9051, -1.1679 0.7656 0.9055, -1.1891 0.7656 0.9051, -1.1891 0.7656 0.9055, -1.1891 0.9231 0.9051, -1.1891 0.9231 0.9055, -1.1622 0.9231 0.9051, -1.1622 0.9231 0.9055, -1.0872 0.8033 0.9051, -1.0872 0.8033 0.9055, -1.0809 0.7925 0.9051, -1.0809 0.7925 0.9055, -1.0839 0.798 0.9055, -1.0839 0.798 0.9051, -1.0805 0.7925 0.9051, -1.0805 0.7925 0.9055, -1.0815 0.8153 0.9051, -1.0815 0.8153 0.9055, -1.0813 0.8039 0.9055, -1.0813 0.8039 0.9051, -1.0815 0.9231 0.9051, -1.0815 0.9231 0.9055, -0.4657 -0.7824 0.9051, -0.4657 -0.7824 0.9055, -0.467 -0.7938 0.9055, -0.467 -0.7938 0.9051, -0.4708 -0.8045 0.9055, -0.4708 -0.8045 0.9051, -0.4783 -0.8153 0.9055, -0.4783 -0.8153 0.9051, -0.5059 -0.8385 0.9055, -0.5059 -0.8385 0.9051, -0.5036 -0.7493 0.9051, -0.5036 -0.7493 0.9055, -0.4922 -0.7504 0.9055, -0.4922 -0.7504 0.9051, -0.483 -0.7535 0.9055, -0.483 -0.7535 0.9051, -0.4769 -0.7573 0.9055, -0.4769 -0.7573 0.9051, -0.4723 -0.7618 0.9055, -0.4723 -0.7618 0.9051, -0.4689 -0.7673 0.9055, -0.4689 -0.7673 0.9051, -0.4666 -0.7738 0.9055, -0.4666 -0.7738 0.9051, -0.5522 -0.7733 0.9051, -0.5522 -0.7733 0.9055, -0.5455 -0.7669 0.9055, -0.5455 -0.7669 0.9051, -0.5319 -0.7573 0.9055, -0.5319 -0.7573 0.9051, -0.5184 -0.7515 0.9055, -0.5184 -0.7515 0.9051, -0.5522 -0.7492 0.9051, -0.5522 -0.7492 0.9055, -0.5012 -0.7277 0.9051, -0.5012 -0.7277 0.9055, -0.5099 -0.7281 0.9055, -0.5099 -0.7281 0.9051, -0.5254 -0.7314 0.9055, -0.5254 -0.7314 0.9051, -0.5387 -0.7379 0.9055, -0.5387 -0.7379 0.9051, -0.4417 -0.7805 0.9051, -0.4417 -0.7805 0.9055, -0.4428 -0.7687 0.9055, -0.4428 -0.7687 0.9051, -0.446 -0.7582 0.9055, -0.446 -0.7582 0.9051, -0.4514 -0.7491 0.9055, -0.4514 -0.7491 0.9051, -0.4593 -0.7409 0.9055, -0.4593 -0.7409 0.9051, -0.4712 -0.7335 0.9055, -0.4712 -0.7335 0.9051, -0.4845 -0.7293 0.9055, -0.4845 -0.7293 0.9051, -0.4857 -0.8505 0.9051, -0.4857 -0.8505 0.9055, -0.4759 -0.8433 0.9055, -0.4759 -0.8433 0.9051, -0.4571 -0.8255 0.9055, -0.4571 -0.8255 0.9051, -0.4492 -0.8136 0.9055, -0.4492 -0.8136 0.9051, -0.4437 -0.7986 0.9055, -0.4437 -0.7986 0.9051, -0.5336 -0.9054 0.9051, -0.5336 -0.9054 0.9055, -0.5327 -0.8961 0.9055, -0.5327 -0.8961 0.9051, -0.5303 -0.8891 0.9055, -0.5303 -0.8891 0.9051, -0.5259 -0.8824 0.9055, -0.5259 -0.8824 0.9051, -0.5165 -0.873 0.9055, -0.5165 -0.873 0.9051, -0.4369 -0.9054 0.9051, -0.4369 -0.9054 0.9055, -0.4369 -0.927 0.9051, -0.4369 -0.927 0.9055, -0.5594 -0.927 0.9051, -0.5594 -0.927 0.9055, -0.5594 -0.9172 0.9051, -0.5594 -0.9172 0.9055, -0.508 -0.84 0.9055, -0.508 -0.84 0.9051, -0.5287 -0.8556 0.9055, -0.5287 -0.8556 0.9051, -0.5448 -0.8717 0.9055, -0.5448 -0.8717 0.9051, -0.5528 -0.8841 0.9055, -0.5528 -0.8841 0.9051, -0.5577 -0.8987 0.9055, -0.5577 -0.8987 0.9051, -0.065 -0.9192 0.9051, -0.065 -0.8928 0.9051, -0.065 -0.9192 0.9055, -0.065 -0.8928 0.9055, -0.0198 -0.9078 0.9051, -0.0198 -0.9078 0.9055, -0.032 -0.9068 0.9055, -0.032 -0.9068 0.9051, -0.0488 -0.9021 0.9055, -0.0488 -0.9021 0.9051, 0.0239 -0.8721 0.9051, 0.0239 -0.8721 0.9055, 0.0231 -0.8799 0.9055, 0.0231 -0.8799 0.9051, 0.0206 -0.8874 0.9055, 0.0206 -0.8874 0.9051, 0.0161 -0.8942 0.9055, 0.0161 -0.8942 0.9051, 0.0103 -0.8994 0.9055, 0.0103 -0.8994 0.9051, 0.0032 -0.9035 0.9055, 0.0032 -0.9035 0.9051, -0.0069 -0.9066 0.9055, -0.0069 -0.9066 0.9051, -0.0294 -0.8358 0.9051, -0.0294 -0.8358 0.9055, -0.0108 -0.8371 0.9055, -0.0108 -0.8371 0.9051, 0.0035 -0.841 0.9055, 0.0035 -0.841 0.9051, 0.0116 -0.8456 0.9055, 0.0116 -0.8456 0.9051, 0.0169 -0.8505 0.9055, 0.0169 -0.8505 0.9051, 0.0207 -0.8564 0.9055, 0.0207 -0.8564 0.9051, 0.023 -0.8632 0.9055, 0.023 -0.8632 0.9051, -0.0457 -0.8358 0.9051, -0.0457 -0.8358 0.9055, -0.0457 -0.8141 0.9051, -0.0457 -0.8141 0.9055, -0.0303 -0.8141 0.9051, -0.0303 -0.8141 0.9055, 0.0167 -0.7805 0.9051, 0.0167 -0.7805 0.9055, 0.0166 -0.7813 0.9055, 0.0166 -0.7813 0.9051, 0.0155 -0.7903 0.9055, 0.0155 -0.7903 0.9051, 0.0132 -0.7964 0.9055, 0.0132 -0.7964 0.9051, 0.0097 -0.8014 0.9055, 0.0097 -0.8014 0.9051, 0.0048 -0.8058 0.9055, 0.0048 -0.8058 0.9051, -0.0031 -0.81 0.9055, -0.0031 -0.81 0.9051, -0.0141 -0.8129 0.9055, -0.0141 -0.8129 0.9051, -0.0192 -0.7493 0.9051, -0.0192 -0.7493 0.9055, -0.0144 -0.7495 0.9055, -0.0144 -0.7495 0.9051, -0.003 -0.7514 0.9055, -0.003 -0.7514 0.9051, 0.004 -0.7544 0.9055, 0.004 -0.7544 0.9051, 0.0075 -0.7569 0.9055, 0.0075 -0.7569 0.9051, 0.0113 -0.7611 0.9055, 0.0113 -0.7611 0.9051, 0.0141 -0.766 0.9055, 0.0141 -0.766 0.9051, 0.016 -0.7724 0.9055, 0.016 -0.7724 0.9051, -0.0577 -0.7643 0.9051, -0.0577 -0.7643 0.9055, -0.0468 -0.7568 0.9055, -0.0468 -0.7568 0.9051, -0.033 -0.7511 0.9055, -0.033 -0.7511 0.9051, -0.0577 -0.7427 0.9051, -0.0577 -0.7427 0.9055, -0.0126 -0.7277 0.9051, -0.0126 -0.7277 0.9055, -0.0264 -0.7289 0.9055, -0.0264 -0.7289 0.9051, -0.0425 -0.7337 0.9055, -0.0425 -0.7337 0.9051, 0.0431 -0.7743 0.9051, 0.0431 -0.7743 0.9055, 0.042 -0.764 0.9055, 0.042 -0.764 0.9051, 0.0388 -0.7547 0.9055, 0.0388 -0.7547 0.9051, 0.0337 -0.7467 0.9055, 0.0337 -0.7467 0.9051, 0.0258 -0.7391 0.9055, 0.0258 -0.7391 0.9051, 0.0159 -0.7332 0.9055, 0.0159 -0.7332 0.9051, 0.0032 -0.7292 0.9055, 0.0032 -0.7292 0.9051, 0.0029 -0.8233 0.9051, 0.0029 -0.8233 0.9055, 0.0072 -0.822 0.9055, 0.0072 -0.822 0.9051, 0.0215 -0.8155 0.9055, 0.0215 -0.8155 0.9051, 0.0299 -0.809 0.9055, 0.0299 -0.809 0.9051, 0.0332 -0.8055 0.9055, 0.0332 -0.8055 0.9051, 0.0385 -0.797 0.9055, 0.0385 -0.797 0.9051, 0.0418 -0.7868 0.9055, 0.0418 -0.7868 0.9051, 0.0029 -0.8238 0.9051, 0.0029 -0.8238 0.9055, 0.0503 -0.8705 0.9051, 0.0503 -0.8705 0.9055, 0.0501 -0.8666 0.9055, 0.0501 -0.8666 0.9051, 0.0482 -0.8563 0.9055, 0.0482 -0.8563 0.9051, 0.0439 -0.8469 0.9055, 0.0439 -0.8469 0.9051, 0.0378 -0.8391 0.9055, 0.0378 -0.8391 0.9051, 0.0284 -0.8318 0.9055, 0.0284 -0.8318 0.9051, 0.0174 -0.8268 0.9055, 0.0174 -0.8268 0.9051, -0.0198 -0.9294 0.9051, -0.0198 -0.9294 0.9055, -0.0064 -0.9286 0.9055, -0.0064 -0.9286 0.9051, -0.0047 -0.9282 0.9055, 0.0125 -0.924 0.9051, 0.0125 -0.924 0.9055, 0.0258 -0.9172 0.9055, 0.0258 -0.9172 0.9051, 0.0368 -0.9077 0.9055, 0.0368 -0.9077 0.9051, 0.0441 -0.8972 0.9055, 0.0441 -0.8972 0.9051, 0.0485 -0.8857 0.9055, 0.0485 -0.8857 0.9051, -0.033 -0.9282 0.9055, -0.0431 -0.9273 0.9051, -0.0431 -0.9273 0.9055, -0.06 -0.9218 0.9051, -0.06 -0.9218 0.9055, 0.51 -0.7301 0.9051, 0.5357 -0.7301 0.9051, 0.51 -0.7301 0.9055, 0.5357 -0.7301 0.9055, 0.5357 -0.8598 0.9051, 0.5357 -0.8598 0.9055, 0.5645 -0.8598 0.9051, 0.5645 -0.8598 0.9055, 0.5645 -0.8814 0.9051, 0.5645 -0.8814 0.9055, 0.5357 -0.8814 0.9051, 0.5357 -0.8814 0.9055, 0.5357 -0.927 0.9051, 0.5357 -0.927 0.9055, 0.5117 -0.927 0.9051, 0.5117 -0.927 0.9055, 0.5117 -0.8814 0.9051, 0.5117 -0.8814 0.9055, 0.4205 -0.8814 0.9051, 0.4205 -0.8814 0.9055, 0.4205 -0.8609 0.9051, 0.4205 -0.8609 0.9055, 0.4744 -0.7902 0.9055, 0.4744 -0.7902 0.9051, 0.5117 -0.7662 0.9051, 0.5117 -0.8598 0.9051, 0.4821 -0.8144 0.9051, 0.4483 -0.8598 0.9051, 0.4483 -0.8598 0.9055, 0.4821 -0.8144 0.9055, 0.5117 -0.7662 0.9055, 0.5117 -0.8598 0.9055, 1.0878 -0.8657 0.9051, 1.0878 -0.8657 0.9055, 1.0866 -0.8519 0.9055, 1.0866 -0.8519 0.9051, 1.083 -0.8402 0.9055, 1.083 -0.8402 0.9051, 1.0765 -0.8294 0.9055, 1.0765 -0.8294 0.9051, 1.0677 -0.8209 0.9055, 1.0677 -0.8209 0.9051, 1.0545 -0.8132 0.9055, 1.0545 -0.8132 0.9051, 1.0392 -0.8086 0.9055, 1.0392 -0.8086 0.9051, 1.0196 -0.8069 0.9055, 1.0196 -0.8069 0.9051, 1.0167 -0.9294 0.9051, 1.0167 -0.9294 0.9055, 1.0302 -0.9286 0.9055, 1.0302 -0.9286 0.9051, 1.0318 -0.9282 0.9055, 1.0493 -0.9238 0.9051, 1.0493 -0.9238 0.9055, 1.0625 -0.9167 0.9055, 1.0625 -0.9167 0.9051, 1.0734 -0.9069 0.9055, 1.0734 -0.9069 0.9051, 1.0815 -0.8949 0.9055, 1.0815 -0.8949 0.9051, 1.086 -0.8823 0.9055, 1.086 -0.8823 0.9051, 0.9985 -0.9282 0.9055, 0.9953 -0.928 0.9051, 0.9953 -0.928 0.9055, 0.9806 -0.9243 0.9051, 0.9806 -0.9243 0.9055, 0.975 -0.9217 0.9051, 0.975 -0.9217 0.9055, 0.975 -0.8976 0.9051, 0.975 -0.8976 0.9055, 1.0156 -0.9078 0.9051, 1.0156 -0.9078 0.9055, 0.9947 -0.9051 0.9055, 0.9947 -0.9051 0.9051, 1.0614 -0.8673 0.9051, 1.0614 -0.8673 0.9055, 1.0608 -0.8753 0.9055, 1.0608 -0.8753 0.9051, 1.0582 -0.8839 0.9055, 1.0582 -0.8839 0.9051, 1.0539 -0.8912 0.9055, 1.0539 -0.8912 0.9051, 1.0478 -0.8976 0.9055, 1.0478 -0.8976 0.9051, 1.0388 -0.9032 0.9055, 1.0388 -0.9032 0.9051, 1.0285 -0.9065 0.9055, 1.0285 -0.9065 0.9051, 1.0109 -0.8285 0.9051, 1.0109 -0.8285 0.9055, 1.0281 -0.8301 0.9055, 1.0281 -0.8301 0.9051, 1.0405 -0.8341 0.9055, 1.0405 -0.8341 0.9051, 1.047 -0.8379 0.9055, 1.047 -0.8379 0.9051, 1.0531 -0.8433 0.9055, 1.0531 -0.8433 0.9051, 1.0577 -0.8501 0.9055, 1.0577 -0.8501 0.9051, 1.0603 -0.8573 0.9055, 1.0603 -0.8573 0.9051, 0.9774 -0.8302 0.9051, 0.9774 -0.8302 0.9055, 0.9941 -0.8289 0.9055, 0.9941 -0.8289 0.9051, 0.9848 -0.7301 0.9051, 0.9848 -0.7301 0.9055, 1.0782 -0.7301 0.9051, 1.0782 -0.7301 0.9055, 1.0782 -0.7517 0.9051, 1.0782 -0.7517 0.9055, 1.0056 -0.7517 0.9051, 1.0056 -0.7517 0.9055, 1.0014 -0.8077 0.9051, 1.0014 -0.8077 0.9055
            ]
        }
        coordIndex [
            0,1,2,-1,2,1,3,-1,1,4,3,-1,3,4,5,-1,6,7,8,-1,6,8,9,-1,9,8,10,-1,9,10,11,-1,11,10,5,-1,11,5,4,-1,6,12,7,-1,7,12,13,-1,14,15,16,-1,14,16,17,-1,17,16,13,-1,17,13,12,-1,14,18,15,-1,15,18,19,-1,18,0,19,-1,19,0,2,-1,1,0,4,-1,4,0,18,-1,18,14,4,-1,4,14,17,-1,4,17,11,-1,11,17,12,-1,11,12,9,-1,9,12,6,-1,20,21,22,-1,22,21,23,-1,22,23,24,-1,24,23,25,-1,24,25,26,-1,26,25,27,-1,26,27,28,-1,28,27,29,-1,28,29,30,-1,30,29,31,-1,30,31,32,-1,32,31,33,-1,32,33,34,-1,34,33,35,-1,34,35,36,-1,37,38,39,-1,37,39,40,-1,40,39,41,-1,40,41,42,-1,42,41,43,-1,42,43,44,-1,44,43,45,-1,44,45,46,-1,46,45,47,-1,46,47,48,-1,48,47,49,-1,48,49,50,-1,50,49,36,-1,50,36,35,-1,51,52,53,-1,51,53,54,-1,54,53,55,-1,54,55,56,-1,56,55,57,-1,56,57,58,-1,58,57,59,-1,58,59,60,-1,60,59,61,-1,60,61,62,-1,62,61,63,-1,62,63,64,-1,64,63,38,-1,64,38,37,-1,65,21,66,-1,66,21,20,-1,66,67,65,-1,65,67,68,-1,65,68,69,-1,69,68,70,-1,69,70,71,-1,71,70,72,-1,71,72,73,-1,73,72,74,-1,73,74,75,-1,75,74,76,-1,75,76,77,-1,77,76,52,-1,77,52,51,-1,78,35,79,-1,79,35,33,-1,79,33,80,-1,80,33,31,-1,80,31,81,-1,81,31,29,-1,81,29,82,-1,82,29,27,-1,82,27,83,-1,83,27,25,-1,83,25,84,-1,84,25,23,-1,84,23,85,-1,85,23,21,-1,85,21,86,-1,86,21,65,-1,86,65,87,-1,87,65,69,-1,87,69,88,-1,88,69,71,-1,88,71,89,-1,89,71,73,-1,89,73,90,-1,90,73,75,-1,90,75,91,-1,91,75,77,-1,91,77,92,-1,92,77,51,-1,92,51,93,-1,93,51,54,-1,93,54,94,-1,94,54,56,-1,94,56,95,-1,95,56,58,-1,95,58,96,-1,96,58,60,-1,96,60,97,-1,97,60,62,-1,97,62,98,-1,98,62,64,-1,98,64,99,-1,99,64,37,-1,99,37,100,-1,100,37,40,-1,100,40,101,-1,101,40,42,-1,101,42,102,-1,102,42,44,-1,102,44,103,-1,103,44,46,-1,103,46,104,-1,104,46,48,-1,104,48,105,-1,105,48,50,-1,105,50,78,-1,78,50,35,-1,78,106,107,-1,78,107,105,-1,105,107,108,-1,105,108,104,-1,104,108,109,-1,104,109,103,-1,103,109,110,-1,103,110,102,-1,102,110,111,-1,102,111,101,-1,101,111,112,-1,101,112,100,-1,100,112,113,-1,100,113,99,-1,99,113,114,-1,99,114,98,-1,98,114,115,-1,98,115,97,-1,97,115,116,-1,97,116,96,-1,96,116,117,-1,96,117,95,-1,95,117,118,-1,95,118,94,-1,94,118,119,-1,94,119,93,-1,93,119,120,-1,93,120,92,-1,92,120,121,-1,92,121,91,-1,91,121,122,-1,91,122,90,-1,90,122,123,-1,90,123,89,-1,89,123,124,-1,89,124,88,-1,88,124,125,-1,88,125,87,-1,87,125,126,-1,87,126,86,-1,86,126,127,-1,86,127,85,-1,85,127,128,-1,85,128,84,-1,84,128,129,-1,84,129,83,-1,83,129,130,-1,83,130,82,-1,82,130,131,-1,82,131,81,-1,81,131,132,-1,81,132,80,-1,80,132,133,-1,80,133,79,-1,79,133,106,-1,79,106,78,-1,134,135,136,-1,136,135,137,-1,135,138,137,-1,137,138,139,-1,138,140,139,-1,139,140,141,-1,142,143,144,-1,142,144,145,-1,145,144,141,-1,145,141,140,-1,142,146,143,-1,143,146,147,-1,148,149,150,-1,148,150,151,-1,151,150,147,-1,151,147,146,-1,148,152,149,-1,149,152,153,-1,152,154,153,-1,153,154,155,-1,154,156,155,-1,155,156,157,-1,156,158,157,-1,157,158,159,-1,158,160,159,-1,159,160,161,-1,162,163,164,-1,162,164,165,-1,165,164,161,-1,165,161,160,-1,162,166,163,-1,163,166,167,-1,168,169,170,-1,168,170,171,-1,171,170,167,-1,171,167,166,-1,168,172,169,-1,169,172,173,-1,172,134,173,-1,173,134,136,-1,134,172,135,-1,135,172,168,-1,154,152,156,-1,156,152,148,-1,148,151,156,-1,156,151,146,-1,156,146,158,-1,158,146,142,-1,168,171,135,-1,135,171,166,-1,135,166,138,-1,138,166,162,-1,162,165,138,-1,138,165,160,-1,138,160,140,-1,140,160,158,-1,140,158,145,-1,145,158,142,-1,174,175,176,-1,174,176,177,-1,177,176,178,-1,177,178,179,-1,179,178,180,-1,179,180,181,-1,181,180,182,-1,181,182,183,-1,184,185,186,-1,184,186,187,-1,187,186,188,-1,187,188,189,-1,189,188,190,-1,189,190,191,-1,191,190,192,-1,191,192,193,-1,193,192,194,-1,193,194,195,-1,195,194,196,-1,195,196,197,-1,197,196,175,-1,197,175,174,-1,198,199,200,-1,198,200,201,-1,201,200,202,-1,201,202,203,-1,203,202,204,-1,203,204,205,-1,205,204,185,-1,205,185,184,-1,198,206,199,-1,199,206,207,-1,208,209,210,-1,208,210,211,-1,211,210,212,-1,211,212,213,-1,213,212,214,-1,213,214,215,-1,215,214,207,-1,215,207,206,-1,216,217,218,-1,216,218,219,-1,219,218,220,-1,219,220,221,-1,221,220,222,-1,221,222,223,-1,223,222,224,-1,223,224,225,-1,225,224,226,-1,225,226,227,-1,227,226,228,-1,227,228,229,-1,229,228,209,-1,229,209,208,-1,230,231,232,-1,230,232,233,-1,233,232,234,-1,233,234,235,-1,235,234,236,-1,235,236,237,-1,237,236,238,-1,237,238,239,-1,239,238,217,-1,239,217,216,-1,240,241,242,-1,240,242,243,-1,243,242,244,-1,243,244,245,-1,245,244,246,-1,245,246,247,-1,247,246,248,-1,247,248,249,-1,249,248,231,-1,249,231,230,-1,240,250,241,-1,241,250,251,-1,250,252,251,-1,251,252,253,-1,252,254,253,-1,253,254,255,-1,254,256,255,-1,255,256,257,-1,183,182,258,-1,183,258,259,-1,259,258,260,-1,259,260,261,-1,261,260,262,-1,261,262,263,-1,263,262,264,-1,263,264,265,-1,265,264,266,-1,265,266,267,-1,267,266,257,-1,267,257,256,-1,252,250,254,-1,254,250,240,-1,184,211,205,-1,205,211,213,-1,205,213,203,-1,203,213,215,-1,203,215,201,-1,201,215,206,-1,201,206,198,-1,181,183,230,-1,230,183,259,-1,230,259,249,-1,249,259,261,-1,249,261,247,-1,247,261,263,-1,247,263,245,-1,245,263,265,-1,245,265,243,-1,243,265,267,-1,243,267,240,-1,240,267,256,-1,240,256,254,-1,230,233,181,-1,181,233,235,-1,181,235,179,-1,179,235,237,-1,179,237,177,-1,177,237,239,-1,177,239,174,-1,174,239,216,-1,174,216,197,-1,197,216,219,-1,197,219,195,-1,195,219,221,-1,195,221,193,-1,193,221,223,-1,193,223,191,-1,191,223,225,-1,191,225,189,-1,189,225,227,-1,189,227,187,-1,187,227,229,-1,187,229,184,-1,184,229,208,-1,184,208,211,-1,268,269,270,-1,270,269,271,-1,272,273,274,-1,272,274,275,-1,275,274,276,-1,275,276,277,-1,277,276,271,-1,277,271,269,-1,278,279,280,-1,278,280,281,-1,281,280,282,-1,281,282,283,-1,283,282,284,-1,283,284,285,-1,285,284,286,-1,285,286,287,-1,287,286,288,-1,287,288,289,-1,289,288,290,-1,289,290,291,-1,291,290,273,-1,291,273,272,-1,292,293,294,-1,292,294,295,-1,295,294,296,-1,295,296,297,-1,297,296,298,-1,297,298,299,-1,299,298,300,-1,299,300,301,-1,301,300,302,-1,301,302,303,-1,303,302,304,-1,303,304,305,-1,305,304,279,-1,305,279,278,-1,292,306,293,-1,293,306,307,-1,306,308,307,-1,307,308,309,-1,308,310,309,-1,309,310,311,-1,312,313,314,-1,312,314,315,-1,315,314,316,-1,315,316,317,-1,317,316,318,-1,317,318,319,-1,319,318,320,-1,319,320,321,-1,321,320,322,-1,321,322,323,-1,323,322,324,-1,323,324,325,-1,325,324,326,-1,325,326,327,-1,327,326,311,-1,327,311,310,-1,328,329,330,-1,328,330,331,-1,331,330,332,-1,331,332,333,-1,333,332,334,-1,333,334,335,-1,335,334,336,-1,335,336,337,-1,337,336,338,-1,337,338,339,-1,339,338,340,-1,339,340,341,-1,341,340,342,-1,341,342,343,-1,343,342,313,-1,343,313,312,-1,344,345,346,-1,344,346,347,-1,347,346,348,-1,347,348,349,-1,349,348,329,-1,349,329,328,-1,344,350,345,-1,345,350,351,-1,352,353,354,-1,352,354,355,-1,355,354,356,-1,355,356,357,-1,357,356,351,-1,357,351,350,-1,358,359,360,-1,358,360,361,-1,361,360,362,-1,361,362,363,-1,363,362,364,-1,363,364,365,-1,365,364,366,-1,365,366,367,-1,367,366,368,-1,367,368,369,-1,369,368,370,-1,369,370,371,-1,371,370,353,-1,371,353,352,-1,372,373,374,-1,372,374,375,-1,375,374,376,-1,375,376,377,-1,377,376,378,-1,377,378,379,-1,379,378,380,-1,379,380,381,-1,381,380,382,-1,381,382,383,-1,383,382,384,-1,383,384,385,-1,385,384,359,-1,385,359,358,-1,372,386,373,-1,373,386,387,-1,388,389,390,-1,388,390,391,-1,391,390,392,-1,391,392,393,-1,393,392,394,-1,393,394,395,-1,395,394,396,-1,395,396,397,-1,397,396,398,-1,397,398,399,-1,399,398,400,-1,399,400,401,-1,401,400,387,-1,401,387,386,-1,402,403,404,-1,402,404,405,-1,405,404,406,-1,405,406,407,-1,406,408,407,-1,407,408,409,-1,407,409,410,-1,410,409,411,-1,410,411,412,-1,412,411,413,-1,412,413,414,-1,414,413,415,-1,414,415,416,-1,416,415,389,-1,416,389,388,-1,403,402,417,-1,417,402,418,-1,417,418,419,-1,419,418,420,-1,419,420,421,-1,421,420,268,-1,421,268,270,-1,308,306,310,-1,310,306,292,-1,310,292,327,-1,327,292,295,-1,269,268,277,-1,277,268,420,-1,277,420,275,-1,275,420,418,-1,275,418,272,-1,272,418,402,-1,272,402,291,-1,291,402,405,-1,291,405,289,-1,289,405,407,-1,289,407,287,-1,287,407,410,-1,287,410,285,-1,285,410,412,-1,285,412,283,-1,283,412,414,-1,283,414,281,-1,281,414,416,-1,281,416,278,-1,416,388,278,-1,278,388,391,-1,278,391,305,-1,305,391,393,-1,305,393,303,-1,303,393,395,-1,303,395,301,-1,301,395,397,-1,301,397,299,-1,299,397,399,-1,299,399,297,-1,297,399,401,-1,297,401,295,-1,295,401,386,-1,295,386,327,-1,327,386,372,-1,327,372,325,-1,325,372,375,-1,325,375,323,-1,323,375,377,-1,323,377,321,-1,321,377,379,-1,321,379,319,-1,319,379,381,-1,319,381,317,-1,317,381,383,-1,317,383,315,-1,315,383,385,-1,315,385,312,-1,312,385,358,-1,312,358,343,-1,343,358,361,-1,343,361,341,-1,341,361,363,-1,341,363,339,-1,339,363,365,-1,339,365,337,-1,337,365,367,-1,337,367,335,-1,335,367,369,-1,335,369,333,-1,333,369,371,-1,333,371,331,-1,331,371,352,-1,331,352,328,-1,328,352,355,-1,328,355,349,-1,349,355,357,-1,349,357,347,-1,347,357,350,-1,347,350,344,-1,422,423,424,-1,424,423,425,-1,423,426,425,-1,425,426,427,-1,426,428,427,-1,427,428,429,-1,428,430,429,-1,429,430,431,-1,430,432,431,-1,431,432,433,-1,432,434,433,-1,433,434,435,-1,434,436,435,-1,435,436,437,-1,436,438,437,-1,437,438,439,-1,438,440,439,-1,439,440,441,-1,440,442,441,-1,441,442,443,-1,422,424,444,-1,422,444,445,-1,445,444,443,-1,445,443,442,-1,446,447,426,-1,436,434,438,-1,438,434,432,-1,426,423,446,-1,446,423,422,-1,446,422,448,-1,448,422,445,-1,448,445,449,-1,430,428,432,-1,432,428,426,-1,432,426,438,-1,438,426,447,-1,438,447,440,-1,440,447,449,-1,440,449,442,-1,442,449,445,-1,449,450,451,-1,449,451,448,-1,448,451,452,-1,448,452,446,-1,447,446,453,-1,453,446,452,-1,449,447,450,-1,450,447,453,-1,454,455,456,-1,454,456,457,-1,457,456,458,-1,457,458,459,-1,459,458,460,-1,459,460,461,-1,461,460,462,-1,461,462,463,-1,463,462,464,-1,463,464,465,-1,465,464,466,-1,465,466,467,-1,467,466,468,-1,467,468,469,-1,470,471,472,-1,470,472,473,-1,473,472,474,-1,473,474,475,-1,474,476,475,-1,475,476,477,-1,475,477,478,-1,478,477,479,-1,478,479,480,-1,480,479,481,-1,480,481,482,-1,482,481,483,-1,482,483,484,-1,484,483,455,-1,484,455,454,-1,471,470,485,-1,485,470,486,-1,485,486,487,-1,487,486,488,-1,487,488,489,-1,489,488,490,-1,489,490,491,-1,490,492,491,-1,491,492,493,-1,494,495,496,-1,494,496,497,-1,497,496,493,-1,497,493,492,-1,498,499,500,-1,498,500,501,-1,501,500,502,-1,501,502,503,-1,503,502,504,-1,503,504,505,-1,505,504,506,-1,505,506,507,-1,507,506,508,-1,507,508,509,-1,509,508,510,-1,509,510,511,-1,511,510,495,-1,511,495,494,-1,512,513,514,-1,512,514,515,-1,515,514,516,-1,515,516,517,-1,517,516,518,-1,517,518,519,-1,519,518,520,-1,519,520,521,-1,521,520,522,-1,521,522,523,-1,523,522,524,-1,523,524,525,-1,525,524,499,-1,525,499,498,-1,526,527,528,-1,526,528,529,-1,529,528,513,-1,529,513,512,-1,526,530,527,-1,527,530,531,-1,530,532,531,-1,531,532,533,-1,532,534,533,-1,533,534,535,-1,534,536,535,-1,535,536,537,-1,536,538,537,-1,537,538,539,-1,538,469,539,-1,539,469,468,-1,534,532,536,-1,536,532,530,-1,536,530,538,-1,530,526,538,-1,538,526,529,-1,538,529,469,-1,469,529,512,-1,469,512,467,-1,467,512,515,-1,467,515,465,-1,465,515,517,-1,465,517,463,-1,463,517,519,-1,463,519,461,-1,461,519,521,-1,461,521,459,-1,459,521,523,-1,459,523,457,-1,457,523,525,-1,457,525,454,-1,454,525,498,-1,454,498,484,-1,484,498,501,-1,484,501,482,-1,482,501,503,-1,482,503,480,-1,480,503,505,-1,480,505,478,-1,478,505,507,-1,478,507,475,-1,475,507,509,-1,475,509,473,-1,473,509,511,-1,473,511,470,-1,470,511,494,-1,470,494,486,-1,486,494,497,-1,486,497,488,-1,488,497,492,-1,488,492,490,-1,
        ]
    }
}
Shape{
    appearance Appearance {
        material  Material 	{
            diffuseColor 0.25098039215686274 0.25098039215686274 0.25098039215686274
            specularColor 0.12549019607843137 0.12549019607843137 0.12549019607843137
            ambientIntensity 0.251
            transparency 0.0
            shininess 0.5
        }
    }
    geometry IndexedFaceSet {
        ccw TRUE
        solid FALSE
        coord DEF co Coordinate {
            point [
                -1.3485 0.8442 0.9055, -1.2409 0.8439 0.9055, -1.3478 0.8554 0.9055, -1.2425 0.8625 0.9055, -1.2611 0.792 0.9055, -1.2538 0.7994 0.9055, -1.2703 0.7861 0.9055, -1.2476 0.8094 0.9055, -1.2427 0.8244 0.9055, -1.3187 0.902 0.9055, -1.3081 0.906 0.9055, -1.294 0.9077 0.9055, -1.3423 0.8117 0.9055, -1.3356 0.8004 0.9055, -1.3069 0.7821 0.9055, -1.327 0.7916 0.9055, -1.3178 0.7857 0.9055, -1.3468 0.826 0.9055, -1.2953 0.7809 0.9055, -1.2812 0.7824 0.9055, -1.3281 0.8955 0.9055, -1.3372 0.8852 0.9055, -1.3436 0.8729 0.9055, -1.2465 0.8767 0.9055, -1.2531 0.8885 0.9055, -1.2608 0.8967 0.9055, -1.2695 0.9024 0.9055, -1.2799 0.9061 0.9055, 0.4483 -0.8598 0.9055, 0.5117 -0.8598 0.9055, 0.4821 -0.8144 0.9055, 0.5117 -0.7662 0.9055
            ]
        }
        coordIndex [
            0,1,2,-1,2,1,3,-1,4,5,0,-1,4,0,6,-1,5,7,0,-1,0,7,8,-1,0,8,1,-1,9,2,10,-1,10,2,11,-1,12,13,14,-1,14,13,15,-1,14,15,16,-1,12,14,17,-1,17,14,18,-1,17,18,0,-1,0,18,19,-1,0,19,6,-1,9,20,2,-1,2,20,21,-1,2,21,22,-1,3,23,2,-1,2,23,24,-1,2,24,25,-1,25,26,2,-1,2,26,27,-1,2,27,11,-1,28,29,30,-1,30,29,31,-1,
        ]
    }
}
Shape{
    appearance Appearance {
        material  Material 	{
            diffuseColor 1.0 1.0 1.0
            specularColor 0.5019607843137255 0.5019607843137255 0.5019607843137255
            ambientIntensity 1.0
            transparency 0.0
            shininess 0.5
        }
    }
    geometry IndexedFaceSet {
        ccw TRUE
        solid FALSE
        coord DEF co Coordinate {
            point [
                1.563 -0.5123 0.6321, 1.563 -0.5123 0.623, 1.5591 -0.5123 0.6321, 1.5591 -0.5123 0.623, 1.563 -0.5442 0.6321, 1.5591 -0.5442 0.6321, 1.563 -0.5442 0.7031, 1.5591 -0.5442 0.7031, 1.563 -0.5545 0.7031, 1.5591 -0.5545 0.7031, 1.563 -0.5545 0.623, 1.5591 -0.5545 0.623, 1.5591 -0.4491 0.6263, 1.563 -0.4491 0.6263, 1.563 -0.4504 0.6256, 1.563 -0.4712 0.6217, 1.5591 -0.4712 0.6217, 1.563 -0.459 0.6228, 1.5591 -0.4642 0.6223, 1.5591 -0.459 0.6228, 1.5591 -0.4525 0.625, 1.5591 -0.4504 0.6256, 1.563 -0.4491 0.6362, 1.5591 -0.4491 0.6362, 1.5591 -0.4525 0.6347, 1.563 -0.4569 0.6327, 1.5591 -0.4569 0.6327, 1.5591 -0.466 0.631, 1.563 -0.466 0.631, 1.5591 -0.4697 0.6309, 1.563 -0.4697 0.6309, 1.5591 -0.4766 0.6316, 1.563 -0.4766 0.6316, 1.5591 -0.4825 0.6335, 1.563 -0.4825 0.6335, 1.5591 -0.4879 0.6371, 1.563 -0.4879 0.6371, 1.5591 -0.4903 0.6393, 1.563 -0.4903 0.6393, 1.5591 -0.4939 0.6442, 1.563 -0.4939 0.6442, 1.5591 -0.4966 0.6505, 1.563 -0.4966 0.6505, 1.5591 -0.498 0.6583, 1.563 -0.498 0.6583, 1.5591 -0.4982 0.6621, 1.563 -0.4982 0.6621, 1.5591 -0.4968 0.6731, 1.563 -0.4968 0.6731, 1.5591 -0.4942 0.6801, 1.563 -0.4942 0.6801, 1.5591 -0.4903 0.6856, 1.563 -0.4903 0.6856, 1.5591 -0.4897 0.6862, 1.563 -0.4897 0.6862, 1.5591 -0.4849 0.6903, 1.563 -0.4849 0.6903, 1.5591 -0.4787 0.6934, 1.563 -0.4787 0.6934, 1.5591 -0.4719 0.6949, 1.563 -0.4719 0.6949, 1.5591 -0.4679 0.6951, 1.563 -0.4679 0.6951, 1.5591 -0.4581 0.6939, 1.5591 -0.4525 0.6918, 1.563 -0.4499 0.6908, 1.563 -0.4581 0.6939, 1.5591 -0.4499 0.6908, 1.5591 -0.4491 0.6903, 1.563 -0.4491 0.6903, 1.563 -0.4491 0.7012, 1.5591 -0.4491 0.7012, 1.5591 -0.4525 0.7021, 1.563 -0.4575 0.7036, 1.5591 -0.468 0.7044, 1.563 -0.468 0.7044, 1.5591 -0.4594 0.7038, 1.5591 -0.4575 0.7036, 1.5591 -0.4736 0.7038, 1.563 -0.4796 0.703, 1.5591 -0.4796 0.703, 1.5591 -0.488 0.6998, 1.563 -0.488 0.6998, 1.5591 -0.4955 0.6945, 1.563 -0.4955 0.6945, 1.5591 -0.4974 0.6926, 1.563 -0.4974 0.6926, 1.5591 -0.5032 0.6851, 1.5591 -0.5054 0.68, 1.563 -0.5071 0.6762, 1.563 -0.5032 0.6851, 1.5591 -0.5071 0.6762, 1.5591 -0.5089 0.6657, 1.563 -0.5089 0.6657, 1.5591 -0.509 0.6615, 1.563 -0.509 0.6615, 1.5591 -0.5074 0.6485, 1.5591 -0.5054 0.6434, 1.563 -0.5042 0.6401, 1.563 -0.5074 0.6485, 1.5591 -0.5042 0.6401, 1.5591 -0.4994 0.6333, 1.563 -0.4994 0.6333, 1.5591 -0.4987 0.6326, 1.563 -0.4987 0.6326, 1.563 -0.4761 0.6219, 1.5591 -0.4923 0.6272, 1.563 -0.4923 0.6272, 1.5591 -0.4847 0.6237, 1.563 -0.4847 0.6237, 1.5591 -0.4782 0.6223, 1.5591 -0.4761 0.6219, 1.563 -0.39 0.6321, 1.563 -0.39 0.623, 1.5591 -0.39 0.6321, 1.5591 -0.39 0.623, 1.5591 -0.4227 0.6321, 1.563 -0.4227 0.6321, 1.5591 -0.4011 0.6321, 1.563 -0.4227 0.6591, 1.5591 -0.4227 0.6591, 1.563 -0.3941 0.6591, 1.5591 -0.4011 0.6591, 1.5591 -0.3941 0.6591, 1.563 -0.3941 0.6682, 1.5591 -0.3941 0.6682, 1.5591 -0.4227 0.6682, 1.563 -0.4227 0.6682, 1.5591 -0.4011 0.6682, 1.563 -0.4227 0.6939, 1.5591 -0.4227 0.6939, 1.563 -0.3918 0.6939, 1.5591 -0.4011 0.6939, 1.5591 -0.3918 0.6939, 1.563 -0.3918 0.7031, 1.5591 -0.3918 0.7031, 1.5591 -0.433 0.7031, 1.563 -0.433 0.7031, 1.5591 -0.4011 0.7031, 1.563 -0.433 0.623, 1.5591 -0.433 0.623, 1.5591 -0.4011 0.623, 1.563 -0.3217 0.6342, 1.563 -0.33 0.6396, 1.563 -0.3301 0.6282, 1.563 -0.3352 0.636, 1.563 -0.3392 0.6247, 1.563 -0.3418 0.6335, 1.563 -0.3528 0.623, 1.563 -0.3529 0.6321, 1.563 -0.3748 0.623, 1.563 -0.3645 0.6321, 1.563 -0.3748 0.7031, 1.563 -0.3645 0.6939, 1.563 -0.352 0.7031, 1.563 -0.3524 0.6939, 1.563 -0.3514 0.6939, 1.563 -0.3398 0.7017, 1.563 -0.3412 0.6925, 1.563 -0.3301 0.6982, 1.563 -0.3344 0.6898, 1.563 -0.3217 0.6925, 1.563 -0.3293 0.6863, 1.563 -0.3189 0.6897, 1.563 -0.3271 0.6841, 1.563 -0.3139 0.6827, 1.563 -0.324 0.6796, 1.563 -0.311 0.6751, 1.563 -0.3217 0.6738, 1.563 -0.3097 0.6641, 1.563 -0.3205 0.6638, 1.563 -0.3099 0.659, 1.563 -0.3209 0.6581, 1.563 -0.3118 0.6496, 1.563 -0.3225 0.6509, 1.563 -0.3158 0.6413, 1.563 -0.3253 0.645, 1.563 -0.3291 0.6405, 1.5591 -0.3528 0.623, 1.5591 -0.3748 0.623, 1.5591 -0.3392 0.6247, 1.5591 -0.3301 0.6282, 1.5591 -0.3217 0.6342, 1.5591 -0.3158 0.6413, 1.5591 -0.3118 0.6496, 1.5591 -0.3099 0.659, 1.5591 -0.3097 0.6641, 1.5591 -0.311 0.6751, 1.5591 -0.3139 0.6827, 1.5591 -0.3189 0.6897, 1.5591 -0.3217 0.6925, 1.5591 -0.3301 0.6982, 1.5591 -0.3398 0.7017, 1.5591 -0.352 0.7031, 1.5591 -0.3748 0.7031, 1.5591 -0.3524 0.6939, 1.5591 -0.3645 0.6939, 1.5591 -0.3645 0.6321, 1.5591 -0.3529 0.6321, 1.5591 -0.3291 0.6405, 1.5591 -0.33 0.6396, 1.5591 -0.3352 0.636, 1.5591 -0.3418 0.6335, 1.5591 -0.3205 0.6638, 1.5591 -0.3209 0.6581, 1.5591 -0.3225 0.6509, 1.5591 -0.3253 0.645, 1.5591 -0.3293 0.6863, 1.5591 -0.3271 0.6841, 1.5591 -0.324 0.6796, 1.5591 -0.3217 0.6738, 1.5591 -0.3514 0.6939, 1.5591 -0.3412 0.6925, 1.5591 -0.3344 0.6898
            ]
        }
        coordIndex [
            0,1,2,-1,2,1,3,-1,4,0,5,-1,5,0,2,-1,6,4,7,-1,7,4,5,-1,8,6,9,-1,9,6,7,-1,10,8,11,-1,11,8,9,-1,1,10,3,-1,3,10,11,-1,6,8,4,-1,4,8,10,-1,4,10,0,-1,0,10,1,-1,12,13,14,-1,15,16,17,-1,17,16,18,-1,18,19,17,-1,17,19,20,-1,17,20,14,-1,14,20,21,-1,14,21,12,-1,22,13,23,-1,23,13,12,-1,22,23,24,-1,22,24,25,-1,24,26,25,-1,25,26,27,-1,25,27,28,-1,28,27,29,-1,28,29,30,-1,30,29,31,-1,30,31,32,-1,32,31,33,-1,32,33,34,-1,34,33,35,-1,34,35,36,-1,36,35,37,-1,36,37,38,-1,38,37,39,-1,38,39,40,-1,40,39,41,-1,40,41,42,-1,42,41,43,-1,42,43,44,-1,44,43,45,-1,44,45,46,-1,46,45,47,-1,46,47,48,-1,48,47,49,-1,48,49,50,-1,50,49,51,-1,50,51,52,-1,52,51,53,-1,52,53,54,-1,54,53,55,-1,54,55,56,-1,56,55,57,-1,56,57,58,-1,58,57,59,-1,58,59,60,-1,60,59,61,-1,60,61,62,-1,62,61,63,-1,64,65,63,-1,63,65,66,-1,63,66,62,-1,64,67,65,-1,65,67,68,-1,65,68,69,-1,70,69,71,-1,71,69,68,-1,70,71,72,-1,70,72,73,-1,74,75,76,-1,76,75,73,-1,76,73,77,-1,77,73,72,-1,75,74,78,-1,75,78,79,-1,78,80,79,-1,79,80,81,-1,79,81,82,-1,82,81,83,-1,82,83,84,-1,84,83,85,-1,84,85,86,-1,86,85,87,-1,88,89,87,-1,87,89,90,-1,87,90,86,-1,88,91,89,-1,89,91,92,-1,89,92,93,-1,93,92,94,-1,93,94,95,-1,95,94,96,-1,97,98,96,-1,96,98,99,-1,96,99,95,-1,97,100,98,-1,98,100,101,-1,98,101,102,-1,102,101,103,-1,102,103,104,-1,16,15,105,-1,104,103,106,-1,104,106,107,-1,107,106,108,-1,107,108,109,-1,109,108,110,-1,109,110,105,-1,105,110,111,-1,105,111,16,-1,56,58,79,-1,48,50,90,-1,90,50,86,-1,79,58,75,-1,95,46,93,-1,93,46,48,-1,93,48,89,-1,89,48,90,-1,58,60,75,-1,75,60,62,-1,75,62,73,-1,73,62,66,-1,73,66,70,-1,70,66,65,-1,70,65,69,-1,13,22,14,-1,14,22,25,-1,14,25,17,-1,17,25,28,-1,17,28,15,-1,15,28,30,-1,15,30,105,-1,105,30,32,-1,105,32,109,-1,109,32,34,-1,109,34,107,-1,107,34,36,-1,107,36,104,-1,104,36,38,-1,104,38,102,-1,102,38,40,-1,102,40,98,-1,98,40,99,-1,99,40,42,-1,99,42,95,-1,95,42,44,-1,95,44,46,-1,50,52,86,-1,86,52,54,-1,86,54,84,-1,84,54,56,-1,84,56,82,-1,82,56,79,-1,112,113,114,-1,114,113,115,-1,116,117,118,-1,118,117,112,-1,118,112,114,-1,119,117,120,-1,120,117,116,-1,119,120,121,-1,121,120,122,-1,121,122,123,-1,124,121,125,-1,125,121,123,-1,126,127,128,-1,128,127,124,-1,128,124,125,-1,129,127,130,-1,130,127,126,-1,129,130,131,-1,131,130,132,-1,131,132,133,-1,134,131,135,-1,135,131,133,-1,136,137,138,-1,138,137,134,-1,138,134,135,-1,139,137,140,-1,140,137,136,-1,139,140,113,-1,113,140,141,-1,113,141,115,-1,139,113,112,-1,112,117,139,-1,139,117,119,-1,139,119,137,-1,131,134,129,-1,129,134,137,-1,129,137,127,-1,127,137,119,-1,127,119,124,-1,124,119,121,-1,142,143,144,-1,144,143,145,-1,144,145,146,-1,146,145,147,-1,146,147,148,-1,148,147,149,-1,148,149,150,-1,150,149,151,-1,150,151,152,-1,152,151,153,-1,152,153,154,-1,153,155,154,-1,154,155,156,-1,154,156,157,-1,157,156,158,-1,157,158,159,-1,159,158,160,-1,159,160,161,-1,161,160,162,-1,161,162,163,-1,163,162,164,-1,163,164,165,-1,165,164,166,-1,165,166,167,-1,167,166,168,-1,167,168,169,-1,169,168,170,-1,169,170,171,-1,171,170,172,-1,171,172,173,-1,173,172,174,-1,173,174,175,-1,175,174,176,-1,175,176,142,-1,142,176,177,-1,142,177,143,-1,148,150,178,-1,178,150,179,-1,148,178,180,-1,148,180,146,-1,146,180,181,-1,146,181,144,-1,144,181,182,-1,144,182,142,-1,142,182,183,-1,142,183,175,-1,175,183,184,-1,175,184,173,-1,173,184,185,-1,173,185,171,-1,171,185,186,-1,171,186,169,-1,169,186,187,-1,169,187,167,-1,167,187,188,-1,167,188,165,-1,165,188,189,-1,165,189,163,-1,163,189,190,-1,163,190,161,-1,161,190,191,-1,161,191,159,-1,159,191,192,-1,159,192,157,-1,157,192,193,-1,157,193,154,-1,152,154,194,-1,194,154,193,-1,150,152,179,-1,179,152,194,-1,155,153,195,-1,195,153,196,-1,153,151,196,-1,196,151,197,-1,151,149,197,-1,197,149,198,-1,177,199,200,-1,177,200,143,-1,143,200,201,-1,143,201,145,-1,145,201,202,-1,145,202,147,-1,147,202,198,-1,147,198,149,-1,170,203,204,-1,170,204,172,-1,172,204,205,-1,172,205,174,-1,174,205,206,-1,174,206,176,-1,176,206,199,-1,176,199,177,-1,162,207,208,-1,162,208,164,-1,164,208,209,-1,164,209,166,-1,166,209,210,-1,166,210,168,-1,168,210,203,-1,168,203,170,-1,155,195,211,-1,155,211,156,-1,156,211,212,-1,156,212,158,-1,158,212,213,-1,158,213,160,-1,160,213,207,-1,160,207,162,-1,
        ]
    }
}
Shape{
    appearance Appearance {
        material  Material 	{
            diffuseColor 0.25098039215686274 0.25098039215686274 0.25098039215686274
            specularColor 0.12549019607843137 0.12549019607843137 0.12549019607843137
            ambientIntensity 0.251
            transparency 0.0
            shininess 0.5
        }
    }
    geometry IndexedFaceSet {
        ccw TRUE
        solid FALSE
        coord DEF co Coordinate {
            point [
                1.5591 -0.3352 0.636, 1.5591 -0.33 0.6396, 1.5591 -0.3514 0.6939, 1.5591 -0.3645 0.6939, 1.5591 -0.3645 0.6321, 1.5591 -0.3524 0.6939, 1.5591 -0.3529 0.6321, 1.5591 -0.3418 0.6335, 1.5591 -0.3291 0.6405, 1.5591 -0.3253 0.645, 1.5591 -0.3225 0.6509, 1.5591 -0.3205 0.6638, 1.5591 -0.3293 0.6863, 1.5591 -0.3344 0.6898, 1.5591 -0.3217 0.6738, 1.5591 -0.324 0.6796, 1.5591 -0.3271 0.6841, 1.5591 -0.3209 0.6581, 1.5591 -0.3412 0.6925
            ]
        }
        coordIndex [
            0,1,2,-1,3,4,5,-1,5,4,6,-1,5,6,2,-1,2,6,7,-1,2,7,0,-1,1,8,2,-1,2,8,9,-1,2,9,10,-1,11,12,13,-1,14,15,11,-1,11,15,16,-1,11,16,12,-1,10,17,2,-1,2,17,11,-1,2,11,18,-1,18,11,13,-1,
        ]
    }
}
Shape{
    appearance Appearance {
        material  Material 	{
            diffuseColor 1.0 1.0 1.0
            specularColor 0.5019607843137255 0.5019607843137255 0.5019607843137255
            ambientIntensity 1.0
            transparency 0.0
            shininess 0.5
        }
    }
    geometry IndexedFaceSet {
        ccw TRUE
        solid FALSE
        coord DEF co Coordinate {
            point [
                1.563 -0.2828 0.654, 1.563 -0.2861 0.6449, 1.563 -0.2559 0.654, 1.563 -0.2528 0.6449, 1.563 -0.2708 0.6872, 1.563 -0.2747 0.7031, 1.563 -0.3052 0.623, 1.563 -0.2938 0.623, 1.563 -0.2702 0.6896, 1.563 -0.2695 0.6928, 1.563 -0.2637 0.7031, 1.563 -0.2693 0.6928, 1.563 -0.2686 0.6895, 1.563 -0.268 0.6872, 1.563 -0.2332 0.623, 1.563 -0.2446 0.623, 1.5591 -0.2637 0.7031, 1.5591 -0.2332 0.623, 1.5591 -0.2747 0.7031, 1.5591 -0.3052 0.623, 1.5591 -0.2821 0.6836, 1.5591 -0.2938 0.623, 1.5591 -0.2861 0.6449, 1.5591 -0.2528 0.6449, 1.5591 -0.2821 0.6449, 1.5591 -0.2446 0.623, 1.5591 -0.2828 0.654, 1.5591 -0.2559 0.654, 1.5591 -0.268 0.6872, 1.5591 -0.2693 0.6928, 1.5591 -0.2686 0.6895, 1.5591 -0.2695 0.6928, 1.5591 -0.2708 0.6872, 1.5591 -0.2702 0.6896
            ]
        }
        coordIndex [
            0,1,2,-1,2,1,3,-1,4,5,0,-1,0,5,6,-1,0,6,1,-1,1,6,7,-1,4,8,5,-1,5,8,9,-1,5,9,10,-1,10,9,11,-1,10,11,12,-1,12,13,10,-1,10,13,2,-1,10,2,14,-1,14,2,3,-1,14,3,15,-1,10,14,16,-1,16,14,17,-1,5,10,18,-1,18,10,16,-1,19,6,20,-1,20,6,5,-1,20,5,18,-1,7,6,21,-1,21,6,19,-1,1,7,22,-1,22,7,21,-1,23,3,24,-1,24,3,1,-1,24,1,22,-1,15,3,25,-1,25,3,23,-1,14,15,17,-1,17,15,25,-1,0,2,26,-1,26,2,27,-1,2,13,27,-1,27,13,28,-1,11,29,30,-1,11,30,12,-1,12,30,28,-1,12,28,13,-1,11,9,29,-1,29,9,31,-1,4,32,33,-1,4,33,8,-1,8,33,31,-1,8,31,9,-1,4,0,32,-1,32,0,26,-1,
        ]
    }
}
Shape{
    appearance Appearance {
        material  Material 	{
            diffuseColor 0.25098039215686274 0.25098039215686274 0.25098039215686274
            specularColor 0.12549019607843137 0.12549019607843137 0.12549019607843137
            ambientIntensity 0.251
            transparency 0.0
            shininess 0.5
        }
    }
    geometry IndexedFaceSet {
        ccw TRUE
        solid FALSE
        coord DEF co Coordinate {
            point [
                1.5591 -0.2693 0.6928, 1.5591 -0.2695 0.6928, 1.5591 -0.2686 0.6895, 1.5591 -0.2702 0.6896, 1.5591 -0.268 0.6872, 1.5591 -0.2708 0.6872, 1.5591 -0.2559 0.654, 1.5591 -0.2828 0.654
            ]
        }
        coordIndex [
            0,1,2,-1,2,1,3,-1,2,3,4,-1,4,3,5,-1,4,5,6,-1,6,5,7,-1,
        ]
    }
}
Shape{
    appearance Appearance {
        material  Material 	{
            diffuseColor 1.0 1.0 1.0
            specularColor 0.5019607843137255 0.5019607843137255 0.5019607843137255
            ambientIntensity 1.0
            transparency 0.0
            shininess 0.5
        }
    }
    geometry IndexedFaceSet {
        ccw TRUE
        solid FALSE
        coord DEF co Coordinate {
            point [
                1.563 -0.5114 0.5051, 1.563 -0.5114 0.496, 1.5591 -0.5114 0.5051, 1.5591 -0.5114 0.496, 1.563 -0.5442 0.5051, 1.5591 -0.5442 0.5051, 1.563 -0.5442 0.532, 1.5591 -0.5442 0.532, 1.563 -0.5155 0.532, 1.5591 -0.5155 0.532, 1.563 -0.5155 0.5412, 1.5591 -0.5155 0.5412, 1.563 -0.5442 0.5412, 1.5591 -0.5442 0.5412, 1.563 -0.5442 0.5668, 1.5591 -0.5442 0.5668, 1.563 -0.5133 0.5668, 1.5591 -0.5133 0.5668, 1.563 -0.5133 0.5761, 1.5591 -0.5133 0.5761, 1.563 -0.5545 0.5761, 1.5591 -0.5545 0.5761, 1.563 -0.5545 0.496, 1.5591 -0.5545 0.496, 1.563 -0.4659 0.5048, 1.563 -0.4659 0.496, 1.563 -0.4559 0.496, 1.563 -0.4559 0.5328, 1.563 -0.4666 0.5141, 1.563 -0.4662 0.5048, 1.563 -0.4911 0.516, 1.563 -0.4902 0.5179, 1.563 -0.4976 0.5235, 1.563 -0.4944 0.5261, 1.563 -0.4659 0.5247, 1.563 -0.4659 0.5192, 1.563 -0.4659 0.5185, 1.563 -0.4963 0.5492, 1.563 -0.4963 0.5394, 1.563 -0.4942 0.5504, 1.563 -0.4894 0.5438, 1.563 -0.4867 0.5532, 1.563 -0.4831 0.5458, 1.563 -0.4766 0.5545, 1.563 -0.4775 0.5463, 1.563 -0.4702 0.5539, 1.563 -0.4741 0.546, 1.563 -0.4661 0.5526, 1.563 -0.4718 0.5452, 1.563 -0.4628 0.5506, 1.563 -0.47 0.544, 1.563 -0.4601 0.548, 1.563 -0.4685 0.5424, 1.563 -0.4581 0.5447, 1.563 -0.4673 0.5403, 1.563 -0.4566 0.54, 1.563 -0.4663 0.5368, 1.563 -0.4659 0.5323, 1.563 -0.468 0.5105, 1.563 -0.4702 0.5075, 1.563 -0.4686 0.5014, 1.563 -0.4715 0.5063, 1.563 -0.4718 0.4983, 1.563 -0.4743 0.5044, 1.563 -0.4741 0.4969, 1.563 -0.4774 0.5033, 1.563 -0.4781 0.4953, 1.563 -0.4811 0.5029, 1.563 -0.4837 0.4946, 1.563 -0.4845 0.5032, 1.563 -0.4897 0.4953, 1.563 -0.4868 0.5041, 1.563 -0.4936 0.4968, 1.563 -0.4888 0.5054, 1.563 -0.4969 0.4991, 1.563 -0.4896 0.5063, 1.563 -0.4793 0.5229, 1.563 -0.4829 0.53, 1.563 -0.486 0.5212, 1.563 -0.49 0.5283, 1.563 -0.4881 0.5201, 1.563 -0.489 0.5194, 1.563 -0.4997 0.5206, 1.563 -0.5011 0.5172, 1.563 -0.4916 0.5137, 1.563 -0.5018 0.5129, 1.563 -0.4917 0.5121, 1.563 -0.5018 0.5113, 1.563 -0.4914 0.5098, 1.563 -0.5013 0.5067, 1.563 -0.4908 0.508, 1.563 -0.5001 0.5033, 1.563 -0.498 0.5003, 1.5591 -0.4766 0.5545, 1.5591 -0.4867 0.5532, 1.5591 -0.4942 0.5504, 1.5591 -0.4963 0.5492, 1.5591 -0.4963 0.5394, 1.5591 -0.4894 0.5438, 1.5591 -0.4831 0.5458, 1.5591 -0.4775 0.5463, 1.5591 -0.4741 0.546, 1.5591 -0.4718 0.5452, 1.5591 -0.47 0.544, 1.5591 -0.4685 0.5424, 1.5591 -0.4673 0.5403, 1.5591 -0.4663 0.5368, 1.5591 -0.4659 0.5323, 1.5591 -0.4829 0.53, 1.5591 -0.49 0.5283, 1.5591 -0.4944 0.5261, 1.5591 -0.4976 0.5235, 1.5591 -0.4997 0.5206, 1.5591 -0.5011 0.5172, 1.5591 -0.5018 0.5129, 1.5591 -0.5018 0.5113, 1.5591 -0.5013 0.5067, 1.5591 -0.5001 0.5033, 1.5591 -0.498 0.5003, 1.5591 -0.4969 0.4991, 1.5591 -0.4837 0.4946, 1.5591 -0.4895 0.4953, 1.5591 -0.4897 0.4953, 1.5591 -0.4936 0.4968, 1.5591 -0.4781 0.4953, 1.5591 -0.4741 0.4969, 1.5591 -0.4718 0.4983, 1.5591 -0.4686 0.5014, 1.5591 -0.4662 0.5048, 1.5591 -0.4659 0.5048, 1.5591 -0.4659 0.496, 1.5591 -0.4559 0.496, 1.5591 -0.4559 0.5328, 1.5591 -0.4566 0.54, 1.5591 -0.4581 0.5447, 1.5591 -0.4601 0.548, 1.5591 -0.4628 0.5506, 1.5591 -0.4661 0.5526, 1.5591 -0.4702 0.5539, 1.5591 -0.489 0.5194, 1.5591 -0.4881 0.5201, 1.5591 -0.486 0.5212, 1.5591 -0.4793 0.5229, 1.5591 -0.4917 0.5121, 1.5591 -0.4916 0.5137, 1.5591 -0.4911 0.516, 1.5591 -0.4902 0.5179, 1.5591 -0.4888 0.5054, 1.5591 -0.4896 0.5063, 1.5591 -0.4908 0.508, 1.5591 -0.4914 0.5098, 1.5591 -0.4811 0.5029, 1.5591 -0.4845 0.5032, 1.5591 -0.4868 0.5041, 1.5591 -0.4702 0.5075, 1.5591 -0.4715 0.5063, 1.5591 -0.4743 0.5044, 1.5591 -0.4774 0.5033, 1.5591 -0.4659 0.5192, 1.5591 -0.4659 0.5185, 1.5591 -0.4666 0.5141, 1.5591 -0.468 0.5105, 1.5591 -0.4659 0.5247
            ]
        }
        coordIndex [
            0,1,2,-1,2,1,3,-1,4,0,5,-1,5,0,2,-1,6,4,7,-1,7,4,5,-1,8,6,9,-1,9,6,7,-1,10,8,11,-1,11,8,9,-1,12,10,13,-1,13,10,11,-1,14,12,15,-1,15,12,13,-1,16,14,17,-1,17,14,15,-1,18,16,19,-1,19,16,17,-1,20,18,21,-1,21,18,19,-1,22,20,23,-1,23,20,21,-1,1,22,3,-1,3,22,23,-1,1,0,22,-1,22,0,4,-1,8,10,6,-1,6,10,12,-1,16,18,14,-1,14,18,20,-1,14,20,12,-1,12,20,22,-1,12,22,6,-1,6,22,4,-1,24,25,26,-1,26,27,24,-1,24,27,28,-1,24,28,29,-1,30,31,32,-1,32,31,33,-1,34,35,27,-1,27,35,36,-1,27,36,28,-1,37,38,39,-1,39,38,40,-1,39,40,41,-1,41,40,42,-1,41,42,43,-1,43,42,44,-1,43,44,45,-1,45,44,46,-1,45,46,47,-1,47,46,48,-1,47,48,49,-1,49,48,50,-1,49,50,51,-1,51,50,52,-1,51,52,53,-1,53,52,54,-1,53,54,55,-1,55,54,56,-1,55,56,57,-1,28,58,29,-1,29,58,59,-1,29,59,60,-1,60,59,61,-1,60,61,62,-1,62,61,63,-1,62,63,64,-1,64,63,65,-1,64,65,66,-1,66,65,67,-1,66,67,68,-1,68,67,69,-1,68,69,70,-1,70,69,71,-1,70,71,72,-1,72,71,73,-1,72,73,74,-1,74,73,75,-1,27,55,34,-1,34,55,57,-1,34,57,76,-1,76,57,77,-1,76,77,78,-1,78,77,79,-1,78,79,80,-1,80,79,33,-1,80,33,81,-1,81,33,31,-1,32,82,30,-1,30,82,83,-1,30,83,84,-1,84,83,85,-1,84,85,86,-1,86,85,87,-1,86,87,88,-1,88,87,89,-1,88,89,90,-1,90,89,91,-1,90,91,75,-1,75,91,92,-1,75,92,74,-1,43,93,94,-1,43,94,41,-1,41,94,95,-1,41,95,39,-1,39,95,96,-1,39,96,37,-1,38,37,97,-1,97,37,96,-1,38,97,98,-1,38,98,40,-1,40,98,99,-1,40,99,42,-1,42,99,100,-1,42,100,44,-1,44,100,101,-1,44,101,46,-1,46,101,102,-1,46,102,48,-1,48,102,103,-1,48,103,50,-1,50,103,104,-1,50,104,52,-1,52,104,105,-1,52,105,54,-1,54,105,106,-1,54,106,56,-1,56,106,107,-1,56,107,57,-1,77,57,108,-1,108,57,107,-1,77,108,109,-1,77,109,79,-1,79,109,110,-1,79,110,33,-1,33,110,111,-1,33,111,32,-1,32,111,112,-1,32,112,82,-1,82,112,113,-1,82,113,83,-1,83,113,114,-1,83,114,85,-1,85,114,115,-1,85,115,87,-1,87,115,116,-1,87,116,89,-1,89,116,117,-1,89,117,91,-1,91,117,118,-1,91,118,92,-1,92,118,119,-1,92,119,74,-1,120,68,121,-1,121,68,70,-1,121,70,122,-1,122,70,72,-1,122,72,123,-1,123,72,74,-1,123,74,119,-1,68,120,124,-1,68,124,66,-1,66,124,125,-1,66,125,64,-1,64,125,126,-1,64,126,62,-1,62,126,127,-1,62,127,60,-1,60,127,128,-1,60,128,29,-1,24,29,129,-1,129,29,128,-1,25,24,130,-1,130,24,129,-1,26,25,131,-1,131,25,130,-1,27,26,132,-1,132,26,131,-1,27,132,133,-1,27,133,55,-1,55,133,134,-1,55,134,53,-1,53,134,135,-1,53,135,51,-1,51,135,136,-1,51,136,49,-1,49,136,137,-1,49,137,47,-1,47,137,138,-1,47,138,45,-1,45,138,93,-1,45,93,43,-1,81,139,140,-1,81,140,80,-1,80,140,141,-1,80,141,78,-1,78,141,142,-1,78,142,76,-1,86,143,144,-1,86,144,84,-1,84,144,145,-1,84,145,30,-1,30,145,146,-1,30,146,31,-1,31,146,139,-1,31,139,81,-1,73,147,148,-1,73,148,75,-1,75,148,149,-1,75,149,90,-1,90,149,150,-1,90,150,88,-1,88,150,143,-1,88,143,86,-1,67,151,152,-1,67,152,69,-1,69,152,153,-1,69,153,71,-1,71,153,147,-1,71,147,73,-1,59,154,155,-1,59,155,61,-1,61,155,156,-1,61,156,63,-1,63,156,157,-1,63,157,65,-1,65,157,151,-1,65,151,67,-1,35,158,159,-1,35,159,36,-1,36,159,160,-1,36,160,28,-1,28,160,161,-1,28,161,58,-1,58,161,154,-1,58,154,59,-1,35,34,158,-1,158,34,162,-1,34,76,162,-1,162,76,142,-1,
        ]
    }
}
Shape{
    appearance Appearance {
        material  Material 	{
            diffuseColor 0.25098039215686274 0.25098039215686274 0.25098039215686274
            specularColor 0.12549019607843137 0.12549019607843137 0.12549019607843137
            ambientIntensity 0.251
            transparency 0.0
            shininess 0.5
        }
    }
    geometry IndexedFaceSet {
        ccw TRUE
        solid FALSE
        coord DEF co Coordinate {
            point [
                1.5591 -0.4659 0.5185, 1.5591 -0.4659 0.5192, 1.5591 -0.489 0.5194, 1.5591 -0.4659 0.5247, 1.5591 -0.4793 0.5229, 1.5591 -0.486 0.5212, 1.5591 -0.4881 0.5201, 1.5591 -0.4666 0.5141, 1.5591 -0.4902 0.5179, 1.5591 -0.468 0.5105, 1.5591 -0.4896 0.5063, 1.5591 -0.4888 0.5054, 1.5591 -0.4715 0.5063, 1.5591 -0.4908 0.508, 1.5591 -0.4743 0.5044, 1.5591 -0.4774 0.5033, 1.5591 -0.4811 0.5029, 1.5591 -0.4911 0.516, 1.5591 -0.4916 0.5137, 1.5591 -0.4702 0.5075, 1.5591 -0.4917 0.5121, 1.5591 -0.4914 0.5098, 1.5591 -0.4868 0.5041, 1.5591 -0.4845 0.5032
            ]
        }
        coordIndex [
            0,1,2,-1,1,3,4,-1,4,5,1,-1,1,5,6,-1,1,6,2,-1,0,2,7,-1,7,2,8,-1,7,8,9,-1,10,11,12,-1,10,12,13,-1,14,12,15,-1,15,12,16,-1,8,17,9,-1,9,17,18,-1,9,18,19,-1,19,18,20,-1,19,20,12,-1,12,20,21,-1,12,21,13,-1,11,22,12,-1,12,22,23,-1,12,23,16,-1,
        ]
    }
}
Shape{
    appearance Appearance {
        material  Material 	{
            diffuseColor 1.0 1.0 1.0
            specularColor 0.5019607843137255 0.5019607843137255 0.5019607843137255
            ambientIntensity 1.0
            transparency 0.0
            shininess 0.5
        }
    }
    geometry IndexedFaceSet {
        ccw TRUE
        solid FALSE
        coord DEF co Coordinate {
            point [
                1.5591 -0.4423 0.5083, 1.563 -0.4423 0.5083, 1.563 -0.4382 0.5058, 1.563 -0.4258 0.5028, 1.5591 -0.4258 0.5028, 1.5591 -0.4319 0.5035, 1.563 -0.4319 0.5035, 1.5591 -0.4377 0.5056, 1.5591 -0.4382 0.5058, 1.563 -0.4423 0.498, 1.5591 -0.4423 0.498, 1.5591 -0.4377 0.4963, 1.563 -0.4363 0.4958, 1.5591 -0.4268 0.4946, 1.563 -0.4268 0.4946, 1.5591 -0.4324 0.4953, 1.5591 -0.4363 0.4958, 1.563 -0.4178 0.4957, 1.5591 -0.4211 0.4953, 1.5591 -0.4178 0.4957, 1.5591 -0.4125 0.4977, 1.563 -0.4125 0.4977, 1.5591 -0.4101 0.4992, 1.563 -0.4101 0.4992, 1.5591 -0.4073 0.5017, 1.563 -0.4073 0.5017, 1.5591 -0.4054 0.5043, 1.563 -0.4054 0.5043, 1.5591 -0.4042 0.5075, 1.563 -0.4042 0.5075, 1.5591 -0.4037 0.5115, 1.563 -0.4037 0.5115, 1.5591 -0.4041 0.5153, 1.563 -0.4041 0.5153, 1.5591 -0.4052 0.5182, 1.563 -0.4052 0.5182, 1.5591 -0.407 0.521, 1.563 -0.407 0.521, 1.5591 -0.4094 0.5231, 1.563 -0.4094 0.5231, 1.5591 -0.4161 0.5268, 1.563 -0.4161 0.5268, 1.5591 -0.42 0.5284, 1.563 -0.42 0.5284, 1.5591 -0.4262 0.5311, 1.563 -0.4262 0.5311, 1.5591 -0.4297 0.5333, 1.563 -0.4297 0.5333, 1.5591 -0.4307 0.5344, 1.563 -0.4307 0.5344, 1.5591 -0.4314 0.5357, 1.563 -0.4314 0.5357, 1.5591 -0.4318 0.5373, 1.563 -0.4318 0.5373, 1.5591 -0.4319 0.5386, 1.563 -0.4319 0.5386, 1.5591 -0.4317 0.5402, 1.563 -0.4317 0.5402, 1.5591 -0.4312 0.5416, 1.563 -0.4312 0.5416, 1.5591 -0.4304 0.5429, 1.563 -0.4304 0.5429, 1.5591 -0.4289 0.5442, 1.563 -0.4289 0.5442, 1.5591 -0.4266 0.5454, 1.563 -0.4266 0.5454, 1.5591 -0.4239 0.5461, 1.563 -0.4239 0.5461, 1.5591 -0.421 0.5463, 1.563 -0.421 0.5463, 1.5591 -0.4147 0.5457, 1.563 -0.4147 0.5457, 1.5591 -0.409 0.5436, 1.563 -0.409 0.5436, 1.5591 -0.4064 0.5422, 1.563 -0.4064 0.5422, 1.563 -0.4064 0.5519, 1.5591 -0.4064 0.5519, 1.5591 -0.4129 0.5539, 1.563 -0.4129 0.5539, 1.5591 -0.42 0.5545, 1.563 -0.42 0.5545, 1.5591 -0.4268 0.5538, 1.563 -0.4268 0.5538, 1.5591 -0.4324 0.5519, 1.563 -0.4324 0.5519, 1.5591 -0.4358 0.5499, 1.563 -0.4358 0.5499, 1.5591 -0.4377 0.5483, 1.563 -0.4388 0.5473, 1.5591 -0.4388 0.5473, 1.5591 -0.4407 0.5445, 1.563 -0.4407 0.5445, 1.5591 -0.4418 0.5413, 1.563 -0.4418 0.5413, 1.5591 -0.4422 0.5377, 1.563 -0.4422 0.5377, 1.5591 -0.4418 0.5338, 1.563 -0.4418 0.5338, 1.5591 -0.4407 0.5308, 1.563 -0.4407 0.5308, 1.5591 -0.4394 0.5287, 1.563 -0.4394 0.5287, 1.5591 -0.4271 0.5211, 1.563 -0.4271 0.5211, 1.563 -0.433 0.5239, 1.5591 -0.4378 0.527, 1.563 -0.4378 0.527, 1.5591 -0.4377 0.5269, 1.5591 -0.433 0.5239, 1.5591 -0.4205 0.5184, 1.563 -0.4205 0.5184, 1.5591 -0.4166 0.516, 1.563 -0.4166 0.516, 1.5591 -0.4153 0.5147, 1.563 -0.4153 0.5147, 1.5591 -0.4145 0.5134, 1.563 -0.4145 0.5134, 1.5591 -0.4141 0.5118, 1.563 -0.4141 0.5118, 1.5591 -0.414 0.5106, 1.563 -0.414 0.5106, 1.5591 -0.4142 0.5086, 1.563 -0.4142 0.5086, 1.5591 -0.4147 0.5072, 1.563 -0.4147 0.5072, 1.5591 -0.4156 0.5059, 1.563 -0.4156 0.5059, 1.5591 -0.4167 0.5049, 1.563 -0.4167 0.5049, 1.5591 -0.4176 0.5043, 1.563 -0.4176 0.5043, 1.5591 -0.4202 0.5034, 1.563 -0.4202 0.5034, 1.5591 -0.4254 0.5028, 1.563 -0.4254 0.5028, 1.563 -0.354 0.5532, 1.563 -0.3436 0.5532, 1.5591 -0.354 0.5532, 1.5591 -0.3436 0.5532, 1.563 -0.3696 0.5101, 1.5591 -0.3696 0.5101, 1.5591 -0.3703 0.5074, 1.563 -0.3703 0.5074, 1.5591 -0.3708 0.5055, 1.563 -0.3708 0.5055, 1.563 -0.3711 0.5055, 1.5591 -0.3711 0.5055, 1.563 -0.3723 0.5102, 1.5591 -0.3723 0.5102, 1.5591 -0.3872 0.5532, 1.563 -0.3872 0.5532, 1.5591 -0.3824 0.5392, 1.563 -0.3985 0.5532, 1.5591 -0.3985 0.5532, 1.5591 -0.376 0.4961, 1.563 -0.376 0.4961, 1.5591 -0.3824 0.5123, 1.5591 -0.3804 0.4857, 1.563 -0.3804 0.4857, 1.5591 -0.3764 0.4953, 1.5591 -0.3824 0.4821, 1.563 -0.3824 0.4821, 1.5591 -0.3824 0.4821, 1.5591 -0.3843 0.48, 1.563 -0.3843 0.48, 1.5591 -0.386 0.4788, 1.563 -0.386 0.4788, 1.5591 -0.3881 0.478, 1.563 -0.3881 0.478, 1.5591 -0.3907 0.4776, 1.563 -0.3907 0.4776, 1.5591 -0.3943 0.4781, 1.563 -0.3943 0.4781, 1.5591 -0.3964 0.4788, 1.563 -0.3964 0.4788, 1.563 -0.3964 0.4699, 1.5591 -0.3964 0.4699, 1.5591 -0.3921 0.4691, 1.563 -0.3921 0.4691, 1.5591 -0.3899 0.469, 1.563 -0.3899 0.469, 1.5591 -0.3859 0.4695, 1.563 -0.3859 0.4695, 1.5591 -0.3824 0.4708, 1.563 -0.3819 0.471, 1.5591 -0.3819 0.471, 1.5591 -0.3784 0.4735, 1.563 -0.3784 0.4735, 1.5591 -0.3777 0.4741, 1.563 -0.3777 0.4741, 1.5591 -0.3741 0.4785, 1.563 -0.3741 0.4785, 1.5591 -0.3695 0.4873, 1.563 -0.3695 0.4873, 1.5591 -0.3664 0.4953, 1.563 -0.2897 0.5051, 1.563 -0.2897 0.496, 1.5591 -0.2897 0.5051, 1.5591 -0.2897 0.496, 1.5591 -0.3224 0.5051, 1.563 -0.3224 0.5051, 1.5591 -0.3074 0.5051, 1.563 -0.3224 0.532, 1.5591 -0.3224 0.532, 1.5591 -0.2938 0.532, 1.563 -0.2938 0.532, 1.5591 -0.3074 0.532, 1.563 -0.2938 0.5412, 1.5591 -0.2938 0.5412, 1.5591 -0.3224 0.5412, 1.563 -0.3224 0.5412, 1.5591 -0.3074 0.5412, 1.563 -0.3224 0.5668, 1.5591 -0.3224 0.5668, 1.5591 -0.2915 0.5668, 1.563 -0.2915 0.5668, 1.5591 -0.3074 0.5668, 1.563 -0.2915 0.5761, 1.5591 -0.2915 0.5761, 1.5591 -0.3328 0.5761, 1.563 -0.3328 0.5761, 1.5591 -0.3074 0.5761, 1.563 -0.3328 0.496, 1.5591 -0.3328 0.496, 1.5591 -0.3074 0.496, 1.563 -0.2215 0.5072, 1.563 -0.2297 0.5126, 1.563 -0.2298 0.5012, 1.563 -0.2349 0.509, 1.563 -0.2389 0.4976, 1.563 -0.2415 0.5064, 1.563 -0.2525 0.496, 1.563 -0.2526 0.5051, 1.563 -0.2746 0.496, 1.563 -0.2642 0.5051, 1.563 -0.2746 0.5761, 1.563 -0.2642 0.5668, 1.563 -0.2517 0.5761, 1.563 -0.2521 0.5668, 1.563 -0.2511 0.5668, 1.563 -0.2395 0.5747, 1.563 -0.2409 0.5655, 1.563 -0.2298 0.5712, 1.563 -0.2341 0.5628, 1.563 -0.2215 0.5655, 1.563 -0.229 0.5593, 1.563 -0.2186 0.5627, 1.563 -0.2268 0.5571, 1.563 -0.2137 0.5557, 1.563 -0.2237 0.5526, 1.563 -0.2107 0.5481, 1.563 -0.2214 0.5468, 1.563 -0.2094 0.537, 1.563 -0.2203 0.5368, 1.563 -0.2096 0.5319, 1.563 -0.2206 0.5311, 1.563 -0.2116 0.5226, 1.563 -0.2222 0.5239, 1.563 -0.2155 0.5143, 1.563 -0.2251 0.518, 1.563 -0.2288 0.5135, 1.5591 -0.2525 0.496, 1.5591 -0.2746 0.496, 1.5591 -0.2389 0.4976, 1.5591 -0.2298 0.5012, 1.5591 -0.2215 0.5072, 1.5591 -0.2155 0.5143, 1.5591 -0.2116 0.5226, 1.5591 -0.2096 0.5319, 1.5591 -0.2094 0.537, 1.5591 -0.2107 0.5481, 1.5591 -0.2137 0.5557, 1.5591 -0.2186 0.5627, 1.5591 -0.2215 0.5655, 1.5591 -0.2298 0.5712, 1.5591 -0.2395 0.5747, 1.5591 -0.2517 0.5761, 1.5591 -0.2746 0.5761, 1.5591 -0.2521 0.5668, 1.5591 -0.2642 0.5668, 1.5591 -0.2642 0.5051, 1.5591 -0.2526 0.5051, 1.5591 -0.2288 0.5135, 1.5591 -0.2297 0.5126, 1.5591 -0.2349 0.509, 1.5591 -0.2415 0.5064, 1.5591 -0.2203 0.5368, 1.5591 -0.2206 0.5311, 1.5591 -0.2222 0.5239, 1.5591 -0.2251 0.518, 1.5591 -0.229 0.5593, 1.5591 -0.2268 0.5571, 1.5591 -0.2237 0.5526, 1.5591 -0.2214 0.5468, 1.5591 -0.2511 0.5668, 1.5591 -0.2409 0.5655, 1.5591 -0.2341 0.5628
            ]
        }
        coordIndex [
            0,1,2,-1,3,4,5,-1,3,5,6,-1,6,5,7,-1,6,7,2,-1,2,7,8,-1,2,8,0,-1,9,1,10,-1,10,1,0,-1,10,11,9,-1,9,11,12,-1,13,14,15,-1,15,14,12,-1,15,12,16,-1,16,12,11,-1,14,13,17,-1,17,13,18,-1,18,19,17,-1,17,19,20,-1,17,20,21,-1,21,20,22,-1,21,22,23,-1,23,22,24,-1,23,24,25,-1,25,24,26,-1,25,26,27,-1,27,26,28,-1,27,28,29,-1,29,28,30,-1,29,30,31,-1,31,30,32,-1,31,32,33,-1,33,32,34,-1,33,34,35,-1,35,34,36,-1,35,36,37,-1,37,36,38,-1,37,38,39,-1,39,38,40,-1,39,40,41,-1,41,40,42,-1,41,42,43,-1,43,42,44,-1,43,44,45,-1,45,44,46,-1,45,46,47,-1,47,46,48,-1,47,48,49,-1,49,48,50,-1,49,50,51,-1,51,50,52,-1,51,52,53,-1,53,52,54,-1,53,54,55,-1,55,54,56,-1,55,56,57,-1,57,56,58,-1,57,58,59,-1,59,58,60,-1,59,60,61,-1,61,60,62,-1,61,62,63,-1,63,62,64,-1,63,64,65,-1,65,64,66,-1,65,66,67,-1,67,66,68,-1,67,68,69,-1,69,68,70,-1,69,70,71,-1,71,70,72,-1,71,72,73,-1,73,72,74,-1,73,74,75,-1,76,75,77,-1,77,75,74,-1,76,77,78,-1,76,78,79,-1,79,78,80,-1,79,80,81,-1,81,80,82,-1,81,82,83,-1,83,82,84,-1,83,84,85,-1,85,84,86,-1,85,86,87,-1,86,88,87,-1,87,88,89,-1,88,90,89,-1,89,90,91,-1,89,91,92,-1,92,91,93,-1,92,93,94,-1,94,93,95,-1,94,95,96,-1,96,95,97,-1,96,97,98,-1,98,97,99,-1,98,99,100,-1,100,99,101,-1,100,101,102,-1,103,104,105,-1,102,101,106,-1,102,106,107,-1,107,106,108,-1,107,108,105,-1,105,108,109,-1,105,109,103,-1,104,103,110,-1,104,110,111,-1,111,110,112,-1,111,112,113,-1,113,112,114,-1,113,114,115,-1,115,114,116,-1,115,116,117,-1,117,116,118,-1,117,118,119,-1,119,118,120,-1,119,120,121,-1,121,120,122,-1,121,122,123,-1,123,122,124,-1,123,124,125,-1,125,124,126,-1,125,126,127,-1,127,126,128,-1,127,128,129,-1,129,128,130,-1,129,130,131,-1,131,130,132,-1,131,132,133,-1,133,132,134,-1,133,134,135,-1,135,134,4,-1,135,4,3,-1,61,63,85,-1,85,63,83,-1,111,43,104,-1,104,43,45,-1,21,23,127,-1,127,23,25,-1,127,25,125,-1,125,25,27,-1,125,27,123,-1,123,27,29,-1,123,29,121,-1,121,29,31,-1,121,31,119,-1,119,31,33,-1,119,33,117,-1,117,33,35,-1,117,35,115,-1,115,35,37,-1,115,37,113,-1,113,37,39,-1,113,39,111,-1,111,39,41,-1,111,41,43,-1,14,3,12,-1,12,3,6,-1,12,6,9,-1,9,6,2,-1,9,2,1,-1,63,65,83,-1,83,65,67,-1,83,67,81,-1,81,67,69,-1,81,69,79,-1,79,69,71,-1,79,71,76,-1,76,71,73,-1,76,73,75,-1,127,129,21,-1,21,129,131,-1,21,131,17,-1,17,131,133,-1,17,133,14,-1,14,133,135,-1,14,135,3,-1,85,87,61,-1,61,87,89,-1,61,89,59,-1,59,89,92,-1,59,92,57,-1,57,92,94,-1,57,94,55,-1,55,94,96,-1,55,96,53,-1,53,96,98,-1,53,98,51,-1,51,98,100,-1,51,100,49,-1,49,100,102,-1,49,102,47,-1,47,102,107,-1,47,107,45,-1,45,107,105,-1,45,105,104,-1,136,137,138,-1,138,137,139,-1,140,136,141,-1,141,136,138,-1,140,141,142,-1,140,142,143,-1,143,142,144,-1,143,144,145,-1,146,145,147,-1,147,145,144,-1,148,146,149,-1,149,146,147,-1,150,151,152,-1,152,151,148,-1,152,148,149,-1,153,151,154,-1,154,151,150,-1,155,156,157,-1,157,156,153,-1,157,153,154,-1,158,159,160,-1,160,159,156,-1,160,156,155,-1,158,161,159,-1,159,161,162,-1,161,163,162,-1,162,163,164,-1,162,164,165,-1,165,164,166,-1,165,166,167,-1,167,166,168,-1,167,168,169,-1,169,168,170,-1,169,170,171,-1,171,170,172,-1,171,172,173,-1,173,172,174,-1,173,174,175,-1,176,175,177,-1,177,175,174,-1,176,177,178,-1,176,178,179,-1,179,178,180,-1,179,180,181,-1,181,180,182,-1,181,182,183,-1,183,182,184,-1,183,184,185,-1,184,186,185,-1,185,186,187,-1,185,187,188,-1,188,187,189,-1,188,189,190,-1,190,189,191,-1,190,191,192,-1,192,191,193,-1,192,193,194,-1,139,137,195,-1,195,137,194,-1,195,194,193,-1,143,145,194,-1,137,136,194,-1,194,136,140,-1,194,140,143,-1,151,153,148,-1,148,153,156,-1,148,156,146,-1,175,176,173,-1,173,176,179,-1,173,179,171,-1,171,179,181,-1,171,181,169,-1,169,181,183,-1,169,183,167,-1,167,183,185,-1,167,185,165,-1,145,146,194,-1,194,146,156,-1,194,156,192,-1,156,159,192,-1,192,159,162,-1,192,162,190,-1,190,162,165,-1,190,165,188,-1,188,165,185,-1,196,197,198,-1,198,197,199,-1,200,201,202,-1,202,201,196,-1,202,196,198,-1,203,201,204,-1,204,201,200,-1,205,206,207,-1,207,206,203,-1,207,203,204,-1,208,206,209,-1,209,206,205,-1,210,211,212,-1,212,211,208,-1,212,208,209,-1,213,211,214,-1,214,211,210,-1,215,216,217,-1,217,216,213,-1,217,213,214,-1,218,216,219,-1,219,216,215,-1,220,221,222,-1,222,221,218,-1,222,218,219,-1,223,221,224,-1,224,221,220,-1,199,197,225,-1,225,197,223,-1,225,223,224,-1,197,196,223,-1,223,196,201,-1,206,208,203,-1,203,208,211,-1,216,218,213,-1,213,218,221,-1,213,221,211,-1,211,221,223,-1,211,223,203,-1,203,223,201,-1,226,227,228,-1,228,227,229,-1,228,229,230,-1,230,229,231,-1,230,231,232,-1,232,231,233,-1,232,233,234,-1,234,233,235,-1,234,235,236,-1,236,235,237,-1,236,237,238,-1,237,239,238,-1,238,239,240,-1,238,240,241,-1,241,240,242,-1,241,242,243,-1,243,242,244,-1,243,244,245,-1,245,244,246,-1,245,246,247,-1,247,246,248,-1,247,248,249,-1,249,248,250,-1,249,250,251,-1,251,250,252,-1,251,252,253,-1,253,252,254,-1,253,254,255,-1,255,254,256,-1,255,256,257,-1,257,256,258,-1,257,258,259,-1,259,258,260,-1,259,260,226,-1,226,260,261,-1,226,261,227,-1,232,234,262,-1,262,234,263,-1,232,262,264,-1,232,264,230,-1,230,264,265,-1,230,265,228,-1,228,265,266,-1,228,266,226,-1,226,266,267,-1,226,267,259,-1,259,267,268,-1,259,268,257,-1,257,268,269,-1,257,269,255,-1,255,269,270,-1,255,270,253,-1,253,270,271,-1,253,271,251,-1,251,271,272,-1,251,272,249,-1,249,272,273,-1,249,273,247,-1,247,273,274,-1,247,274,245,-1,245,274,275,-1,245,275,243,-1,243,275,276,-1,243,276,241,-1,241,276,277,-1,241,277,238,-1,236,238,278,-1,278,238,277,-1,234,236,263,-1,263,236,278,-1,239,237,279,-1,279,237,280,-1,237,235,280,-1,280,235,281,-1,235,233,281,-1,281,233,282,-1,261,283,284,-1,261,284,227,-1,227,284,285,-1,227,285,229,-1,229,285,286,-1,229,286,231,-1,231,286,282,-1,231,282,233,-1,254,287,288,-1,254,288,256,-1,256,288,289,-1,256,289,258,-1,258,289,290,-1,258,290,260,-1,260,290,283,-1,260,283,261,-1,246,291,292,-1,246,292,248,-1,248,292,293,-1,248,293,250,-1,250,293,294,-1,250,294,252,-1,252,294,287,-1,252,287,254,-1,239,279,295,-1,239,295,240,-1,240,295,296,-1,240,296,242,-1,242,296,297,-1,242,297,244,-1,244,297,291,-1,244,291,246,-1,
        ]
    }
}
Shape{
    appearance Appearance {
        material  Material 	{
            diffuseColor 0.25098039215686274 0.25098039215686274 0.25098039215686274
            specularColor 0.12549019607843137 0.12549019607843137 0.12549019607843137
            ambientIntensity 0.251
            transparency 0.0
            shininess 0.5
        }
    }
    geometry IndexedFaceSet {
        ccw TRUE
        solid FALSE
        coord DEF co Coordinate {
            point [
                1.5591 -0.2349 0.509, 1.5591 -0.2297 0.5126, 1.5591 -0.2511 0.5668, 1.5591 -0.2642 0.5668, 1.5591 -0.2642 0.5051, 1.5591 -0.2521 0.5668, 1.5591 -0.2526 0.5051, 1.5591 -0.2415 0.5064, 1.5591 -0.2288 0.5135, 1.5591 -0.2251 0.518, 1.5591 -0.2222 0.5239, 1.5591 -0.2203 0.5368, 1.5591 -0.229 0.5593, 1.5591 -0.2341 0.5628, 1.5591 -0.2214 0.5468, 1.5591 -0.2237 0.5526, 1.5591 -0.2268 0.5571, 1.5591 -0.2206 0.5311, 1.5591 -0.2409 0.5655
            ]
        }
        coordIndex [
            0,1,2,-1,3,4,5,-1,5,4,6,-1,5,6,2,-1,2,6,7,-1,2,7,0,-1,1,8,2,-1,2,8,9,-1,2,9,10,-1,11,12,13,-1,14,15,11,-1,11,15,16,-1,11,16,12,-1,10,17,2,-1,2,17,11,-1,2,11,18,-1,18,11,13,-1,
        ]
    }
}
Shape{
    appearance Appearance {
        material  Material 	{
            diffuseColor 1.0 1.0 1.0
            specularColor 0.5019607843137255 0.5019607843137255 0.5019607843137255
            ambientIntensity 1.0
            transparency 0.0
            shininess 0.5
        }
    }
    geometry IndexedFaceSet {
        ccw TRUE
        solid FALSE
        coord DEF co Coordinate {
            point [
                1.563 -0.1825 0.5269, 1.563 -0.1858 0.5179, 1.563 -0.1557 0.5269, 1.563 -0.1525 0.5179, 1.563 -0.1706 0.5602, 1.563 -0.1744 0.5761, 1.563 -0.2049 0.496, 1.563 -0.1935 0.496, 1.563 -0.1699 0.5626, 1.563 -0.1693 0.5658, 1.563 -0.1634 0.5761, 1.563 -0.169 0.5658, 1.563 -0.1684 0.5624, 1.563 -0.1678 0.5602, 1.563 -0.1329 0.496, 1.563 -0.1443 0.496, 1.5591 -0.1634 0.5761, 1.5591 -0.1329 0.496, 1.5591 -0.1744 0.5761, 1.5591 -0.2049 0.496, 1.5591 -0.1935 0.496, 1.5591 -0.1858 0.5179, 1.5591 -0.1525 0.5179, 1.5591 -0.1443 0.496, 1.5591 -0.1825 0.5269, 1.5591 -0.1557 0.5269, 1.5591 -0.1678 0.5602, 1.5591 -0.169 0.5658, 1.5591 -0.1684 0.5624, 1.5591 -0.1693 0.5658, 1.5591 -0.1706 0.5602, 1.5591 -0.1699 0.5626
            ]
        }
        coordIndex [
            0,1,2,-1,2,1,3,-1,4,5,0,-1,0,5,6,-1,0,6,1,-1,1,6,7,-1,4,8,5,-1,5,8,9,-1,5,9,10,-1,10,9,11,-1,10,11,12,-1,12,13,10,-1,10,13,2,-1,10,2,14,-1,14,2,3,-1,14,3,15,-1,10,14,16,-1,16,14,17,-1,5,10,18,-1,18,10,16,-1,6,5,19,-1,19,5,18,-1,7,6,20,-1,20,6,19,-1,1,7,21,-1,21,7,20,-1,3,1,22,-1,22,1,21,-1,15,3,23,-1,23,3,22,-1,14,15,17,-1,17,15,23,-1,0,2,24,-1,24,2,25,-1,2,13,25,-1,25,13,26,-1,11,27,28,-1,11,28,12,-1,12,28,26,-1,12,26,13,-1,11,9,27,-1,27,9,29,-1,4,30,31,-1,4,31,8,-1,8,31,29,-1,8,29,9,-1,4,0,30,-1,30,0,24,-1,
        ]
    }
}
Shape{
    appearance Appearance {
        material  Material 	{
            diffuseColor 0.25098039215686274 0.25098039215686274 0.25098039215686274
            specularColor 0.12549019607843137 0.12549019607843137 0.12549019607843137
            ambientIntensity 0.251
            transparency 0.0
            shininess 0.5
        }
    }
    geometry IndexedFaceSet {
        ccw TRUE
        solid FALSE
        coord DEF co Coordinate {
            point [
                1.5591 -0.169 0.5658, 1.5591 -0.1693 0.5658, 1.5591 -0.1684 0.5624, 1.5591 -0.1699 0.5626, 1.5591 -0.1678 0.5602, 1.5591 -0.1706 0.5602, 1.5591 -0.1557 0.5269, 1.5591 -0.1825 0.5269
            ]
        }
        coordIndex [
            0,1,2,-1,2,1,3,-1,2,3,4,-1,4,3,5,-1,4,5,6,-1,6,5,7,-1,
        ]
    }
}
Shape{
    appearance Appearance {
        material  Material 	{
            diffuseColor 1.0 1.0 1.0
            specularColor 0.5019607843137255 0.5019607843137255 0.5019607843137255
            ambientIntensity 1.0
            transparency 0.0
            shininess 0.5
        }
    }
    geometry IndexedFaceSet {
        ccw TRUE
        solid FALSE
        coord DEF co Coordinate {
            point [
                1.563 -0.9081 0.4846, 1.563 -0.8997 0.4742, 1.563 -0.9133 0.535, 1.563 -0.9231 0.6339, 1.563 -0.9104 0.6407, 1.563 -0.9134 0.6757, 1.563 -0.8132 0.4824, 1.563 -0.8065 0.4951, 1.563 -0.8031 0.5092, 1.563 -0.878 0.6773, 1.563 -0.8603 0.6358, 1.563 -0.8516 0.6538, 1.563 -0.9257 0.5426, 1.563 -0.9213 0.4991, 1.563 -0.9138 0.4968, 1.563 -0.8911 0.6784, 1.563 -0.7231 0.5629, 1.563 -0.7408 0.5931, 1.563 -0.8028 0.5208, 1.563 -0.8171 0.5532, 1.563 -0.8028 0.5151, 1.563 -0.8333 0.4647, 1.563 -0.8219 0.4726, 1.563 -0.875 0.4979, 1.563 -0.8705 0.4948, 1.563 -0.8885 0.4658, 1.563 -0.8652 0.4928, 1.563 -0.8399 0.5231, 1.563 -0.8384 0.518, 1.563 -0.8382 0.5124, 1.563 -0.8395 0.5069, 1.563 -0.842 0.502, 1.563 -0.7043 0.6192, 1.563 -0.6998 0.6192, 1.563 -0.6764 0.65, 1.563 -0.689 0.6179, 1.563 -0.6736 0.649, 1.563 -0.679 0.6141, 1.563 -0.6567 0.6406, 1.563 -0.6413 0.6276, 1.563 -0.8663 0.6909, 1.563 -0.8389 0.669, 1.563 -0.8529 0.7024, 1.563 -0.8236 0.6802, 1.563 -0.8362 0.7124, 1.563 -0.8964 0.644, 1.563 -0.8905 0.6443, 1.563 -0.8845 0.6781, 1.563 -0.8772 0.6426, 1.563 -0.8644 0.638, 1.563 -0.8824 0.5119, 1.563 -0.8811 0.5067, 1.563 -0.8787 0.502, 1.563 -0.8754 0.4603, 1.563 -0.862 0.4582, 1.563 -0.8603 0.4923, 1.563 -0.8598 0.4581, 1.563 -0.855 0.4929, 1.563 -0.846 0.4598, 1.563 -0.85 0.4948, 1.563 -0.8456 0.4978, 1.563 -0.6411 0.5213, 1.563 -0.6677 0.5439, 1.563 -0.6566 0.5082, 1.563 -0.6761 0.537, 1.563 -0.674 0.4997, 1.563 -0.6862 0.5324, 1.563 -0.693 0.4957, 1.563 -0.6964 0.5304, 1.563 -0.7265 0.4957, 1.563 -0.722 0.5304, 1.563 -0.7297 0.4962, 1.563 -0.6702 0.6079, 1.563 -0.6636 0.6006, 1.563 -0.6296 0.6114, 1.563 -0.6583 0.5907, 1.563 -0.6227 0.594, 1.563 -0.6557 0.5798, 1.563 -0.6201 0.5754, 1.563 -0.6554 0.5748, 1.563 -0.6227 0.5551, 1.563 -0.6567 0.5638, 1.563 -0.6299 0.5371, 1.563 -0.6607 0.5536, 1.563 -0.6669 0.5447, 1.563 -0.7072 0.695, 1.563 -0.7294 0.6688, 1.563 -0.6872 0.6714, 1.563 -0.7166 0.6534, 1.563 -0.7078 0.6351, 1.563 -0.9457 0.6011, 1.563 -0.9831 0.5917, 1.563 -0.9474 0.5874, 1.563 -0.9833 0.5862, 1.563 -0.9467 0.5786, 1.563 -0.9805 0.5639, 1.563 -0.9427 0.5647, 1.563 -0.9724 0.5428, 1.563 -0.9359 0.5531, 1.563 -0.9594 0.5242, 1.563 -0.9419 0.5092, 1.563 -0.8823 0.5175, 1.563 -0.8809 0.5229, 1.563 -0.907 0.5472, 1.563 -0.8781 0.5278, 1.563 -0.8976 0.558, 1.563 -0.8751 0.5311, 1.563 -0.8859 0.5661, 1.563 -0.8706 0.5342, 1.563 -0.8733 0.5709, 1.563 -0.8656 0.5361, 1.563 -0.8598 0.5726, 1.563 -0.8603 0.5367, 1.563 -0.8528 0.5721, 1.563 -0.8564 0.5363, 1.563 -0.8391 0.5687, 1.563 -0.851 0.5346, 1.563 -0.827 0.5623, 1.563 -0.8463 0.5317, 1.563 -0.8425 0.5277, 1.563 -0.8097 0.7218, 1.563 -0.805 0.6877, 1.563 -0.7846 0.7246, 1.563 -0.784 0.6904, 1.563 -0.7571 0.7211, 1.563 -0.7647 0.688, 1.563 -0.7289 0.7101, 1.563 -0.7469 0.6812, 1.563 -0.7309 0.6701, 1.563 -0.9345 0.6675, 1.563 -0.9527 0.6548, 1.563 -0.933 0.6252, 1.563 -0.9565 0.6511, 1.563 -0.9409 0.6138, 1.563 -0.9702 0.6336, 1.563 -0.9793 0.6131, 1.563 -0.7248 0.531, 1.563 -0.7385 0.5017, 1.563 -0.7372 0.5003, 1.563 -0.7231 0.5306, 1.563 -0.7335 0.4977, 1.563 -0.743 0.5134, 1.563 -0.7425 0.5091, 1.563 -0.741 0.5053, 1.563 -0.7298 0.5304, 1.563 -0.7337 0.5289, 1.563 -0.7429 0.5156, 1.563 -0.7372 0.5264, 1.563 -0.7396 0.5238, 1.563 -0.7418 0.5199, 1.563 -0.7254 0.531, 1.5591 -0.6375 0.6223, 1.5591 -0.6296 0.6114, 1.5591 -0.6246 0.5989, 1.5591 -0.6227 0.594, 1.5591 -0.6201 0.5754, 1.5591 -0.6413 0.6276, 1.5591 -0.6567 0.6406, 1.5591 -0.6736 0.649, 1.5591 -0.6764 0.65, 1.5591 -0.6872 0.6714, 1.5591 -0.7072 0.695, 1.5591 -0.7198 0.7038, 1.5591 -0.7289 0.7101, 1.5591 -0.7571 0.7211, 1.5591 -0.7846 0.7246, 1.5591 -0.8097 0.7218, 1.5591 -0.8362 0.7124, 1.5591 -0.8506 0.7038, 1.5591 -0.8529 0.7024, 1.5591 -0.8663 0.6909, 1.5591 -0.878 0.6773, 1.5591 -0.8845 0.6781, 1.5591 -0.8911 0.6784, 1.5591 -0.9134 0.6757, 1.5591 -0.9345 0.6675, 1.5591 -0.9527 0.6548, 1.5591 -0.9565 0.6511, 1.5591 -0.9702 0.6336, 1.5591 -0.9752 0.6223, 1.5591 -0.9793 0.6131, 1.5591 -0.9818 0.5989, 1.5591 -0.9831 0.5917, 1.5591 -0.9833 0.5862, 1.5591 -0.9805 0.5639, 1.5591 -0.9724 0.5428, 1.5591 -0.9594 0.5242, 1.5591 -0.9419 0.5092, 1.5591 -0.9213 0.4991, 1.5591 -0.9138 0.4968, 1.5591 -0.9131 0.4953, 1.5591 -0.9081 0.4846, 1.5591 -0.8997 0.4742, 1.5591 -0.8885 0.4658, 1.5591 -0.8833 0.4636, 1.5591 -0.8754 0.4603, 1.5591 -0.862 0.4582, 1.5591 -0.8598 0.4581, 1.5591 -0.8028 0.5151, 1.5591 -0.846 0.4598, 1.5591 -0.8362 0.4636, 1.5591 -0.8333 0.4647, 1.5591 -0.8219 0.4726, 1.5591 -0.8132 0.4824, 1.5591 -0.8065 0.4951, 1.5591 -0.8064 0.4953, 1.5591 -0.8031 0.5092, 1.5591 -0.8028 0.5208, 1.5591 -0.7231 0.5629, 1.5591 -0.7408 0.5931, 1.5591 -0.8171 0.5532, 1.5591 -0.827 0.5623, 1.5591 -0.8391 0.5687, 1.5591 -0.8528 0.5721, 1.5591 -0.8598 0.5726, 1.5591 -0.8733 0.5709, 1.5591 -0.8859 0.5661, 1.5591 -0.8976 0.558, 1.5591 -0.907 0.5472, 1.5591 -0.9133 0.535, 1.5591 -0.9257 0.5426, 1.5591 -0.9359 0.5531, 1.5591 -0.9427 0.5647, 1.5591 -0.9467 0.5786, 1.5591 -0.9474 0.5874, 1.5591 -0.946 0.5989, 1.5591 -0.9457 0.6011, 1.5591 -0.9409 0.6138, 1.5591 -0.9349 0.6223, 1.5591 -0.933 0.6252, 1.5591 -0.9231 0.6339, 1.5591 -0.9104 0.6407, 1.5591 -0.8964 0.644, 1.5591 -0.8905 0.6443, 1.5591 -0.8772 0.6426, 1.5591 -0.8644 0.638, 1.5591 -0.8603 0.6358, 1.5591 -0.8516 0.6538, 1.5591 -0.8389 0.669, 1.5591 -0.8236 0.6802, 1.5591 -0.805 0.6877, 1.5591 -0.784 0.6904, 1.5591 -0.7647 0.688, 1.5591 -0.7469 0.6812, 1.5591 -0.7309 0.6701, 1.5591 -0.7294 0.6688, 1.5591 -0.7166 0.6534, 1.5591 -0.7078 0.6351, 1.5591 -0.705 0.6223, 1.5591 -0.7043 0.6192, 1.5591 -0.6998 0.6192, 1.5591 -0.689 0.6179, 1.5591 -0.679 0.6141, 1.5591 -0.6702 0.6079, 1.5591 -0.6636 0.6006, 1.5591 -0.6627 0.5989, 1.5591 -0.6583 0.5907, 1.5591 -0.6557 0.5798, 1.5591 -0.6554 0.5748, 1.5591 -0.6567 0.5638, 1.5591 -0.6607 0.5536, 1.5591 -0.6669 0.5447, 1.5591 -0.6677 0.5439, 1.5591 -0.6761 0.537, 1.5591 -0.6862 0.5324, 1.5591 -0.6964 0.5304, 1.5591 -0.722 0.5304, 1.5591 -0.7231 0.5306, 1.5591 -0.7248 0.531, 1.5591 -0.7254 0.531, 1.5591 -0.7298 0.5304, 1.5591 -0.7337 0.5289, 1.5591 -0.7372 0.5264, 1.5591 -0.7396 0.5238, 1.5591 -0.7418 0.5199, 1.5591 -0.7429 0.5156, 1.5591 -0.743 0.5134, 1.5591 -0.7425 0.5091, 1.5591 -0.741 0.5053, 1.5591 -0.7385 0.5017, 1.5591 -0.7372 0.5003, 1.5591 -0.7335 0.4977, 1.5591 -0.7297 0.4962, 1.5591 -0.7265 0.4957, 1.5591 -0.693 0.4957, 1.5591 -0.674 0.4997, 1.5591 -0.6566 0.5082, 1.5591 -0.6411 0.5213, 1.5591 -0.6299 0.5371, 1.5591 -0.6227 0.5551, 1.5591 -0.8603 0.5367, 1.5591 -0.8564 0.5363, 1.5591 -0.851 0.5346, 1.5591 -0.8463 0.5317, 1.5591 -0.8425 0.5277, 1.5591 -0.8399 0.5231, 1.5591 -0.8384 0.518, 1.5591 -0.8382 0.5124, 1.5591 -0.8395 0.5069, 1.5591 -0.842 0.502, 1.5591 -0.8456 0.4978, 1.5591 -0.85 0.4948, 1.5591 -0.855 0.4929, 1.5591 -0.8603 0.4923, 1.5591 -0.8652 0.4928, 1.5591 -0.8705 0.4948, 1.5591 -0.875 0.4979, 1.5591 -0.8787 0.502, 1.5591 -0.8811 0.5067, 1.5591 -0.8824 0.5119, 1.5591 -0.8823 0.5175, 1.5591 -0.8809 0.5229, 1.5591 -0.8781 0.5278, 1.5591 -0.8751 0.5311, 1.5591 -0.8706 0.5342, 1.5591 -0.8656 0.5361
            ]
        }
        coordIndex [
            0,1,2,-1,3,4,5,-1,6,7,8,-1,9,10,11,-1,12,13,2,-1,2,13,14,-1,2,14,0,-1,5,4,15,-1,16,17,18,-1,18,17,19,-1,18,19,20,-1,20,19,21,-1,20,21,8,-1,8,21,22,-1,8,22,6,-1,23,1,24,-1,24,1,25,-1,24,25,26,-1,27,28,19,-1,19,28,29,-1,19,29,21,-1,21,29,30,-1,21,30,31,-1,32,33,34,-1,34,33,35,-1,34,35,36,-1,36,35,37,-1,36,37,38,-1,38,37,39,-1,9,11,40,-1,40,11,41,-1,40,41,42,-1,42,41,43,-1,42,43,44,-1,4,45,15,-1,15,45,46,-1,15,46,47,-1,47,46,48,-1,47,48,9,-1,9,48,49,-1,9,49,10,-1,50,2,51,-1,51,2,1,-1,51,1,52,-1,52,1,23,-1,25,53,26,-1,26,53,54,-1,26,54,55,-1,55,54,56,-1,55,56,57,-1,57,56,58,-1,57,58,59,-1,59,58,21,-1,59,21,60,-1,60,21,31,-1,61,62,63,-1,63,62,64,-1,63,64,65,-1,65,64,66,-1,65,66,67,-1,67,66,68,-1,67,68,69,-1,69,68,70,-1,69,70,71,-1,37,72,39,-1,39,72,73,-1,39,73,74,-1,74,73,75,-1,74,75,76,-1,76,75,77,-1,76,77,78,-1,78,77,79,-1,78,79,80,-1,80,79,81,-1,80,81,82,-1,82,81,83,-1,82,83,61,-1,61,83,84,-1,61,84,62,-1,85,86,87,-1,87,86,88,-1,87,88,34,-1,34,88,89,-1,34,89,32,-1,90,91,92,-1,92,91,93,-1,92,93,94,-1,94,93,95,-1,94,95,96,-1,96,95,97,-1,96,97,98,-1,98,97,99,-1,98,99,12,-1,12,99,100,-1,12,100,13,-1,50,101,2,-1,2,101,102,-1,2,102,103,-1,103,102,104,-1,103,104,105,-1,105,104,106,-1,105,106,107,-1,107,106,108,-1,107,108,109,-1,109,108,110,-1,109,110,111,-1,111,110,112,-1,111,112,113,-1,113,112,114,-1,113,114,115,-1,115,114,116,-1,115,116,117,-1,117,116,118,-1,117,118,19,-1,19,118,119,-1,19,119,27,-1,44,43,120,-1,120,43,121,-1,120,121,122,-1,122,121,123,-1,122,123,124,-1,124,123,125,-1,124,125,126,-1,126,125,127,-1,126,127,85,-1,85,127,128,-1,85,128,86,-1,5,129,3,-1,3,129,130,-1,3,130,131,-1,131,130,132,-1,131,132,133,-1,133,132,134,-1,133,134,90,-1,90,134,135,-1,90,135,91,-1,136,137,138,-1,70,139,71,-1,71,139,136,-1,71,136,140,-1,140,136,138,-1,141,142,136,-1,136,142,143,-1,136,143,137,-1,144,145,146,-1,145,147,146,-1,146,147,148,-1,146,148,149,-1,141,136,146,-1,146,136,150,-1,146,150,144,-1,151,39,152,-1,152,39,74,-1,152,74,153,-1,153,74,76,-1,153,76,154,-1,154,76,78,-1,154,78,155,-1,151,156,39,-1,39,156,157,-1,39,157,38,-1,38,157,158,-1,38,158,36,-1,36,158,159,-1,36,159,34,-1,34,159,160,-1,34,160,87,-1,87,160,161,-1,87,161,85,-1,85,161,126,-1,126,161,162,-1,162,163,126,-1,126,163,164,-1,126,164,124,-1,124,164,165,-1,124,165,122,-1,122,165,166,-1,122,166,120,-1,120,166,167,-1,120,167,44,-1,44,167,42,-1,42,167,168,-1,42,168,169,-1,42,169,170,-1,42,170,40,-1,40,170,171,-1,40,171,9,-1,9,171,172,-1,9,172,47,-1,47,172,173,-1,47,173,15,-1,15,173,174,-1,15,174,5,-1,5,174,175,-1,5,175,129,-1,129,175,176,-1,129,176,130,-1,130,176,177,-1,130,177,132,-1,135,134,178,-1,178,134,132,-1,178,132,177,-1,178,179,135,-1,135,179,180,-1,135,180,91,-1,91,180,181,-1,181,182,91,-1,91,182,183,-1,91,183,93,-1,93,183,184,-1,93,184,95,-1,95,184,185,-1,95,185,97,-1,97,185,186,-1,97,186,99,-1,99,186,187,-1,99,187,100,-1,100,187,188,-1,100,188,13,-1,13,188,189,-1,13,189,14,-1,14,189,190,-1,14,190,0,-1,190,191,0,-1,0,191,192,-1,0,192,1,-1,1,192,193,-1,1,193,25,-1,25,193,194,-1,25,194,53,-1,194,195,53,-1,53,195,196,-1,53,196,54,-1,54,196,197,-1,54,197,56,-1,198,20,8,-1,56,197,199,-1,200,21,199,-1,199,21,58,-1,199,58,56,-1,200,201,21,-1,21,201,202,-1,21,202,22,-1,22,202,203,-1,22,203,6,-1,6,203,204,-1,6,204,7,-1,7,204,205,-1,7,205,8,-1,8,205,206,-1,8,206,198,-1,18,20,207,-1,207,20,198,-1,16,18,208,-1,208,18,207,-1,17,16,209,-1,209,16,208,-1,19,17,210,-1,210,17,209,-1,19,210,211,-1,19,211,117,-1,117,211,212,-1,117,212,115,-1,115,212,213,-1,115,213,113,-1,113,213,214,-1,113,214,111,-1,111,214,215,-1,111,215,109,-1,109,215,216,-1,109,216,107,-1,107,216,217,-1,107,217,105,-1,105,217,218,-1,105,218,103,-1,103,218,219,-1,103,219,2,-1,2,219,220,-1,2,220,12,-1,12,220,221,-1,12,221,98,-1,98,221,222,-1,98,222,96,-1,96,222,223,-1,96,223,94,-1,94,223,224,-1,94,224,92,-1,90,92,224,-1,224,225,90,-1,90,225,226,-1,90,226,227,-1,228,131,227,-1,227,131,133,-1,227,133,90,-1,228,229,131,-1,131,229,230,-1,131,230,3,-1,3,230,231,-1,3,231,4,-1,4,231,232,-1,4,232,45,-1,45,232,233,-1,45,233,46,-1,46,233,234,-1,46,234,48,-1,48,234,235,-1,48,235,49,-1,49,235,236,-1,49,236,10,-1,10,236,237,-1,10,237,11,-1,11,237,238,-1,11,238,41,-1,41,238,239,-1,41,239,43,-1,43,239,240,-1,43,240,121,-1,121,240,241,-1,121,241,123,-1,123,241,242,-1,123,242,125,-1,125,242,243,-1,125,243,127,-1,127,243,244,-1,127,244,128,-1,128,244,245,-1,128,245,86,-1,86,245,246,-1,86,246,88,-1,88,246,247,-1,88,247,89,-1,89,247,32,-1,32,247,248,-1,32,248,249,-1,33,32,250,-1,250,32,249,-1,33,250,251,-1,33,251,35,-1,35,251,252,-1,35,252,37,-1,37,252,253,-1,37,253,72,-1,72,253,254,-1,72,254,73,-1,73,254,255,-1,73,255,75,-1,255,256,75,-1,75,256,257,-1,75,257,77,-1,77,257,258,-1,77,258,79,-1,79,258,259,-1,79,259,81,-1,81,259,260,-1,81,260,83,-1,83,260,261,-1,83,261,84,-1,84,261,262,-1,84,262,62,-1,62,262,263,-1,62,263,64,-1,64,263,264,-1,64,264,66,-1,66,264,265,-1,66,265,68,-1,70,68,266,-1,266,68,265,-1,70,266,267,-1,70,267,139,-1,139,267,268,-1,139,268,136,-1,136,268,269,-1,136,269,150,-1,150,269,270,-1,150,270,144,-1,144,270,271,-1,144,271,145,-1,145,271,272,-1,145,272,147,-1,147,272,273,-1,147,273,148,-1,148,273,274,-1,148,274,149,-1,149,274,275,-1,149,275,146,-1,146,275,276,-1,146,276,141,-1,141,276,277,-1,141,277,142,-1,142,277,278,-1,142,278,143,-1,143,278,279,-1,143,279,137,-1,137,279,280,-1,137,280,138,-1,138,280,281,-1,138,281,140,-1,140,281,282,-1,140,282,71,-1,71,282,283,-1,71,283,69,-1,67,69,284,-1,284,69,283,-1,67,284,285,-1,67,285,65,-1,65,285,286,-1,65,286,63,-1,63,286,287,-1,63,287,61,-1,61,287,288,-1,61,288,82,-1,82,288,289,-1,82,289,80,-1,80,289,155,-1,80,155,78,-1,112,290,291,-1,112,291,114,-1,114,291,292,-1,114,292,116,-1,116,292,293,-1,116,293,118,-1,118,293,294,-1,118,294,119,-1,119,294,295,-1,119,295,27,-1,27,295,296,-1,27,296,28,-1,28,296,297,-1,28,297,29,-1,29,297,298,-1,29,298,30,-1,30,298,299,-1,30,299,31,-1,31,299,300,-1,31,300,60,-1,60,300,301,-1,60,301,59,-1,59,301,302,-1,59,302,57,-1,57,302,303,-1,57,303,55,-1,55,303,304,-1,55,304,26,-1,26,304,305,-1,26,305,24,-1,24,305,306,-1,24,306,23,-1,23,306,307,-1,23,307,52,-1,52,307,308,-1,52,308,51,-1,51,308,309,-1,51,309,50,-1,50,309,310,-1,50,310,101,-1,101,310,311,-1,101,311,102,-1,102,311,312,-1,102,312,104,-1,104,312,313,-1,104,313,106,-1,106,313,314,-1,106,314,108,-1,108,314,315,-1,108,315,110,-1,110,315,290,-1,110,290,112,-1,
        ]
    }
}
Shape{
    appearance Appearance {
        material  Material 	{
            diffuseColor 0.25098039215686274 0.25098039215686274 0.25098039215686274
            specularColor 0.12549019607843137 0.12549019607843137 0.12549019607843137
            ambientIntensity 0.251
            transparency 0.0
            shininess 0.5
        }
    }
    geometry IndexedFaceSet {
        ccw TRUE
        solid FALSE
        coord DEF co Coordinate {
            point [
                1.5591 -0.855 0.4929, 1.5591 -0.8564 0.5363, 1.5591 -0.8603 0.4923, 1.5591 -0.8603 0.5367, 1.5591 -0.8656 0.5361, 1.5591 -0.8706 0.5342, 1.5591 -0.8751 0.5311, 1.5591 -0.8781 0.5278, 1.5591 -0.8456 0.4978, 1.5591 -0.8425 0.5277, 1.5591 -0.8463 0.5317, 1.5591 -0.8811 0.5067, 1.5591 -0.8787 0.502, 1.5591 -0.875 0.4979, 1.5591 -0.85 0.4948, 1.5591 -0.851 0.5346, 1.5591 -0.8705 0.4948, 1.5591 -0.8652 0.4928, 1.5591 -0.8809 0.5229, 1.5591 -0.8823 0.5175, 1.5591 -0.8824 0.5119, 1.5591 -0.8395 0.5069, 1.5591 -0.8382 0.5124, 1.5591 -0.842 0.502, 1.5591 -0.8384 0.518, 1.5591 -0.8399 0.5231
            ]
        }
        coordIndex [
            0,1,2,-1,2,1,3,-1,2,3,4,-1,4,5,2,-1,2,5,6,-1,2,6,7,-1,8,9,10,-1,11,12,7,-1,7,12,13,-1,0,14,1,-1,1,14,8,-1,1,8,15,-1,15,8,10,-1,13,16,7,-1,7,16,17,-1,7,17,2,-1,18,19,7,-1,7,19,20,-1,7,20,11,-1,21,22,23,-1,23,22,24,-1,23,24,8,-1,8,24,25,-1,8,25,9,-1,
        ]
    }
}