#VRML V2.0 utf8
# 3D model generated by easyeda2kicad.py (https://github.com/uPesy/easyeda2kicad.py)

Shape{
    appearance Appearance {
        material  Material 	{
            diffuseColor 0.7529411764705882 0.7529411764705882 0.7529411764705882
            specularColor 0.3764705882352941 0.3764705882352941 0.3764705882352941
            ambientIntensity 0.7529
            transparency 0.0
            shininess 0.5
        }
    }
    geometry IndexedFaceSet {
        ccw TRUE
        solid FALSE
        coord DEF co Coordinate {
            point [
                -3.5963 1.1571 1.3447, -3.5963 1.1571 1.4506, -3.4903 1.1571 1.3447, -3.4903 1.1571 1.4506, -3.6417 1.0783 1.4961, -3.6417 -0.6933 1.4961, -3.4449 1.0783 1.4961, -3.4449 -0.6933 1.4961, -3.6417 -0.7196 1.4931, -3.4449 -0.7196 1.4931, -3.6417 -0.7446 1.4844, -3.4449 -0.7446 1.4844, -3.6417 -0.767 1.4703, -3.4449 -0.767 1.4703, -3.6417 -0.7857 1.4516, -3.4449 -0.7857 1.4516, -3.6417 -0.7997 1.4292, -3.4449 -0.7997 1.4292, -3.6417 -0.8085 1.4042, -3.4449 -0.8085 1.4042, -3.6417 -0.8114 1.378, -3.4449 -0.8114 1.378, -3.4449 -0.8114 0.2756, -3.6417 -0.8114 0.2756, -3.4449 -0.8134 0.2581, -3.6417 -0.8134 0.2581, -3.4449 -0.8192 0.2414, -3.6417 -0.8192 0.2414, -3.4449 -0.8286 0.2265, -3.6417 -0.8286 0.2265, -3.4449 -0.8411 0.214, -3.6417 -0.8411 0.214, -3.4449 -0.856 0.2046, -3.6417 -0.856 0.2046, -3.4449 -0.8726 0.1988, -3.6417 -0.8726 0.1988, -3.4449 -0.8902 0.1969, -3.6417 -0.8902 0.1969, -3.4449 -1.6063 0.1969, -3.6417 -1.6063 0.1969, -3.5963 -1.685 0.1514, -3.5963 -1.685 0.0455, -3.4903 -1.685 0.1514, -3.4903 -1.685 0.0455, -3.6417 -1.6063 0.0, -3.6417 -0.7327 0.0, -3.4449 -1.6063 0.0, -3.4449 -0.7327 0.0, -3.6417 -0.7064 0.003, -3.4449 -0.7064 0.003, -3.6417 -0.6814 0.0117, -3.4449 -0.6814 0.0117, -3.6417 -0.659 0.0258, -3.4449 -0.659 0.0258, -3.6417 -0.6403 0.0445, -3.4449 -0.6403 0.0445, -3.6417 -0.6263 0.0669, -3.4449 -0.6263 0.0669, -3.6417 -0.6175 0.0918, -3.4449 -0.6175 0.0918, -3.6417 -0.6146 0.1181, -3.4449 -0.6146 0.1181, -3.4449 -0.6146 1.2992, -3.6417 -0.6146 1.2992, -3.4449 1.0783 1.2992, -3.6417 1.0783 1.2992, -2.8089 1.1571 1.3447, -2.8089 1.1571 1.4506, -2.7029 1.1571 1.3447, -2.7029 1.1571 1.4506, -2.8543 1.0783 1.4961, -2.8543 -0.6933 1.4961, -2.6575 1.0783 1.4961, -2.6575 -0.6933 1.4961, -2.8543 -0.7196 1.4931, -2.6575 -0.7196 1.4931, -2.8543 -0.7446 1.4844, -2.6575 -0.7446 1.4844, -2.8543 -0.767 1.4703, -2.6575 -0.767 1.4703, -2.8543 -0.7857 1.4516, -2.6575 -0.7857 1.4516, -2.8543 -0.7997 1.4292, -2.6575 -0.7997 1.4292, -2.8543 -0.8085 1.4042, -2.6575 -0.8085 1.4042, -2.8543 -0.8114 1.378, -2.6575 -0.8114 1.378, -2.6575 -0.8114 0.2756, -2.8543 -0.8114 0.2756, -2.6575 -0.8134 0.2581, -2.8543 -0.8134 0.2581, -2.6575 -0.8192 0.2414, -2.8543 -0.8192 0.2414, -2.6575 -0.8286 0.2265, -2.8543 -0.8286 0.2265, -2.6575 -0.8411 0.214, -2.8543 -0.8411 0.214, -2.6575 -0.856 0.2046, -2.8543 -0.856 0.2046, -2.6575 -0.8726 0.1988, -2.8543 -0.8726 0.1988, -2.6575 -0.8902 0.1969, -2.8543 -0.8902 0.1969, -2.6575 -1.6063 0.1969, -2.8543 -1.6063 0.1969, -2.8089 -1.685 0.1514, -2.8089 -1.685 0.0455, -2.7029 -1.685 0.1514, -2.7029 -1.685 0.0455, -2.8543 -1.6063 0.0, -2.8543 -0.7327 0.0, -2.6575 -1.6063 0.0, -2.6575 -0.7327 0.0, -2.8543 -0.7064 0.003, -2.6575 -0.7064 0.003, -2.8543 -0.6814 0.0117, -2.6575 -0.6814 0.0117, -2.8543 -0.659 0.0258, -2.6575 -0.659 0.0258, -2.8543 -0.6403 0.0445, -2.6575 -0.6403 0.0445, -2.8543 -0.6263 0.0669, -2.6575 -0.6263 0.0669, -2.8543 -0.6175 0.0918, -2.6575 -0.6175 0.0918, -2.8543 -0.6146 0.1181, -2.6575 -0.6146 0.1181, -2.6575 -0.6146 1.2992, -2.8543 -0.6146 1.2992, -2.6575 1.0783 1.2992, -2.8543 1.0783 1.2992, -2.0215 1.1571 1.3447, -2.0215 1.1571 1.4506, -1.9155 1.1571 1.3447, -1.9155 1.1571 1.4506, -2.0669 1.0783 1.4961, -2.0669 -0.6933 1.4961, -1.8701 1.0783 1.4961, -1.8701 -0.6933 1.4961, -2.0669 -0.7196 1.4931, -1.8701 -0.7196 1.4931, -2.0669 -0.7446 1.4844, -1.8701 -0.7446 1.4844, -2.0669 -0.767 1.4703, -1.8701 -0.767 1.4703, -2.0669 -0.7857 1.4516, -1.8701 -0.7857 1.4516, -2.0669 -0.7997 1.4292, -1.8701 -0.7997 1.4292, -2.0669 -0.8085 1.4042, -1.8701 -0.8085 1.4042, -2.0669 -0.8114 1.378, -1.8701 -0.8114 1.378, -1.8701 -0.8114 0.2756, -2.0669 -0.8114 0.2756, -1.8701 -0.8134 0.2581, -2.0669 -0.8134 0.2581, -1.8701 -0.8192 0.2414, -2.0669 -0.8192 0.2414, -1.8701 -0.8286 0.2265, -2.0669 -0.8286 0.2265, -1.8701 -0.8411 0.214, -2.0669 -0.8411 0.214, -1.8701 -0.856 0.2046, -2.0669 -0.856 0.2046, -1.8701 -0.8726 0.1988, -2.0669 -0.8726 0.1988, -1.8701 -0.8902 0.1969, -2.0669 -0.8902 0.1969, -1.8701 -1.6063 0.1969, -2.0669 -1.6063 0.1969, -2.0215 -1.685 0.1514, -2.0215 -1.685 0.0455, -1.9155 -1.685 0.1514, -1.9155 -1.685 0.0455, -2.0669 -1.6063 0.0, -2.0669 -0.7327 0.0, -1.8701 -1.6063 0.0, -1.8701 -0.7327 0.0, -2.0669 -0.7064 0.003, -1.8701 -0.7064 0.003, -2.0669 -0.6814 0.0117, -1.8701 -0.6814 0.0117, -2.0669 -0.659 0.0258, -1.8701 -0.659 0.0258, -2.0669 -0.6403 0.0445, -1.8701 -0.6403 0.0445, -2.0669 -0.6263 0.0669, -1.8701 -0.6263 0.0669, -2.0669 -0.6175 0.0918, -1.8701 -0.6175 0.0918, -2.0669 -0.6146 0.1181, -1.8701 -0.6146 0.1181, -1.8701 -0.6146 1.2992, -2.0669 -0.6146 1.2992, -1.8701 1.0783 1.2992, -2.0669 1.0783 1.2992, -1.2341 1.1571 1.3447, -1.2341 1.1571 1.4506, -1.1281 1.1571 1.3447, -1.1281 1.1571 1.4506, -1.2795 1.0783 1.4961, -1.2795 -0.6933 1.4961, -1.0827 1.0783 1.4961, -1.0827 -0.6933 1.4961, -1.2795 -0.7196 1.4931, -1.0827 -0.7196 1.4931, -1.2795 -0.7446 1.4844, -1.0827 -0.7446 1.4844, -1.2795 -0.767 1.4703, -1.0827 -0.767 1.4703, -1.2795 -0.7857 1.4516, -1.0827 -0.7857 1.4516, -1.2795 -0.7997 1.4292, -1.0827 -0.7997 1.4292, -1.2795 -0.8085 1.4042, -1.0827 -0.8085 1.4042, -1.2795 -0.8114 1.378, -1.0827 -0.8114 1.378, -1.0827 -0.8114 0.2756, -1.2795 -0.8114 0.2756, -1.0827 -0.8134 0.2581, -1.2795 -0.8134 0.2581, -1.0827 -0.8192 0.2414, -1.2795 -0.8192 0.2414, -1.0827 -0.8286 0.2265, -1.2795 -0.8286 0.2265, -1.0827 -0.8411 0.214, -1.2795 -0.8411 0.214, -1.0827 -0.856 0.2046, -1.2795 -0.856 0.2046, -1.0827 -0.8726 0.1988, -1.2795 -0.8726 0.1988, -1.0827 -0.8902 0.1969, -1.2795 -0.8902 0.1969, -1.0827 -1.6063 0.1969, -1.2795 -1.6063 0.1969, -1.2341 -1.685 0.1514, -1.2341 -1.685 0.0455, -1.1281 -1.685 0.1514, -1.1281 -1.685 0.0455, -1.2795 -1.6063 0.0, -1.2795 -0.7327 0.0, -1.0827 -1.6063 0.0, -1.0827 -0.7327 0.0, -1.2795 -0.7064 0.003, -1.0827 -0.7064 0.003, -1.2795 -0.6814 0.0117, -1.0827 -0.6814 0.0117, -1.2795 -0.659 0.0258, -1.0827 -0.659 0.0258, -1.2795 -0.6403 0.0445, -1.0827 -0.6403 0.0445, -1.2795 -0.6263 0.0669, -1.0827 -0.6263 0.0669, -1.2795 -0.6175 0.0918, -1.0827 -0.6175 0.0918, -1.2795 -0.6146 0.1181, -1.0827 -0.6146 0.1181, -1.0827 -0.6146 1.2992, -1.2795 -0.6146 1.2992, -1.0827 1.0783 1.2992, -1.2795 1.0783 1.2992, -0.4467 1.1571 1.3447, -0.4467 1.1571 1.4506, -0.3407 1.1571 1.3447, -0.3407 1.1571 1.4506, -0.4921 1.0783 1.4961, -0.4921 -0.6933 1.4961, -0.2953 1.0783 1.4961, -0.2953 -0.6933 1.4961, -0.4921 -0.7196 1.4931, -0.2953 -0.7196 1.4931, -0.4921 -0.7446 1.4844, -0.2953 -0.7446 1.4844, -0.4921 -0.767 1.4703, -0.2953 -0.767 1.4703, -0.4921 -0.7857 1.4516, -0.2953 -0.7857 1.4516, -0.4921 -0.7997 1.4292, -0.2953 -0.7997 1.4292, -0.4921 -0.8085 1.4042, -0.2953 -0.8085 1.4042, -0.4921 -0.8114 1.378, -0.2953 -0.8114 1.378, -0.2953 -0.8114 0.2756, -0.4921 -0.8114 0.2756, -0.2953 -0.8134 0.2581, -0.4921 -0.8134 0.2581, -0.2953 -0.8192 0.2414, -0.4921 -0.8192 0.2414, -0.2953 -0.8286 0.2265, -0.4921 -0.8286 0.2265, -0.2953 -0.8411 0.214, -0.4921 -0.8411 0.214, -0.2953 -0.856 0.2046, -0.4921 -0.856 0.2046, -0.2953 -0.8726 0.1988, -0.4921 -0.8726 0.1988, -0.2953 -0.8902 0.1969, -0.4921 -0.8902 0.1969, -0.2953 -1.6063 0.1969, -0.4921 -1.6063 0.1969, -0.4467 -1.685 0.1514, -0.4467 -1.685 0.0455, -0.3407 -1.685 0.1514, -0.3407 -1.685 0.0455, -0.4921 -1.6063 0.0, -0.4921 -0.7327 0.0, -0.2953 -1.6063 0.0, -0.2953 -0.7327 0.0, -0.4921 -0.7064 0.003, -0.2953 -0.7064 0.003, -0.4921 -0.6814 0.0117, -0.2953 -0.6814 0.0117, -0.4921 -0.659 0.0258, -0.2953 -0.659 0.0258, -0.4921 -0.6403 0.0445, -0.2953 -0.6403 0.0445, -0.4921 -0.6263 0.0669, -0.2953 -0.6263 0.0669, -0.4921 -0.6175 0.0918, -0.2953 -0.6175 0.0918, -0.4921 -0.6146 0.1181, -0.2953 -0.6146 0.1181, -0.2953 -0.6146 1.2992, -0.4921 -0.6146 1.2992, -0.2953 1.0783 1.2992, -0.4921 1.0783 1.2992, 0.3407 1.1571 1.3447, 0.3407 1.1571 1.4506, 0.4467 1.1571 1.3447, 0.4467 1.1571 1.4506, 0.2953 1.0783 1.4961, 0.2953 -0.6933 1.4961, 0.4921 1.0783 1.4961, 0.4921 -0.6933 1.4961, 0.2953 -0.7196 1.4931, 0.4921 -0.7196 1.4931, 0.2953 -0.7446 1.4844, 0.4921 -0.7446 1.4844, 0.2953 -0.767 1.4703, 0.4921 -0.767 1.4703, 0.2953 -0.7857 1.4516, 0.4921 -0.7857 1.4516, 0.2953 -0.7997 1.4292, 0.4921 -0.7997 1.4292, 0.2953 -0.8085 1.4042, 0.4921 -0.8085 1.4042, 0.2953 -0.8114 1.378, 0.4921 -0.8114 1.378, 0.4921 -0.8114 0.2756, 0.2953 -0.8114 0.2756, 0.4921 -0.8134 0.2581, 0.2953 -0.8134 0.2581, 0.4921 -0.8192 0.2414, 0.2953 -0.8192 0.2414, 0.4921 -0.8286 0.2265, 0.2953 -0.8286 0.2265, 0.4921 -0.8411 0.214, 0.2953 -0.8411 0.214, 0.4921 -0.856 0.2046, 0.2953 -0.856 0.2046, 0.4921 -0.8726 0.1988, 0.2953 -0.8726 0.1988, 0.4921 -0.8902 0.1969, 0.2953 -0.8902 0.1969, 0.4921 -1.6063 0.1969, 0.2953 -1.6063 0.1969, 0.3407 -1.685 0.1514, 0.3407 -1.685 0.0455, 0.4467 -1.685 0.1514, 0.4467 -1.685 0.0455, 0.2953 -1.6063 0.0, 0.2953 -0.7327 0.0, 0.4921 -1.6063 0.0, 0.4921 -0.7327 0.0, 0.2953 -0.7064 0.003, 0.4921 -0.7064 0.003, 0.2953 -0.6814 0.0117, 0.4921 -0.6814 0.0117, 0.2953 -0.659 0.0258, 0.4921 -0.659 0.0258, 0.2953 -0.6403 0.0445, 0.4921 -0.6403 0.0445, 0.2953 -0.6263 0.0669, 0.4921 -0.6263 0.0669, 0.2953 -0.6175 0.0918, 0.4921 -0.6175 0.0918, 0.2953 -0.6146 0.1181, 0.4921 -0.6146 0.1181, 0.4921 -0.6146 1.2992, 0.2953 -0.6146 1.2992, 0.4921 1.0783 1.2992, 0.2953 1.0783 1.2992, 1.1281 1.1571 1.3447, 1.1281 1.1571 1.4506, 1.2341 1.1571 1.3447, 1.2341 1.1571 1.4506, 1.0827 1.0783 1.4961, 1.0827 -0.6933 1.4961, 1.2795 1.0783 1.4961, 1.2795 -0.6933 1.4961, 1.0827 -0.7196 1.4931, 1.2795 -0.7196 1.4931, 1.0827 -0.7446 1.4844, 1.2795 -0.7446 1.4844, 1.0827 -0.767 1.4703, 1.2795 -0.767 1.4703, 1.0827 -0.7857 1.4516, 1.2795 -0.7857 1.4516, 1.0827 -0.7997 1.4292, 1.2795 -0.7997 1.4292, 1.0827 -0.8085 1.4042, 1.2795 -0.8085 1.4042, 1.0827 -0.8114 1.378, 1.2795 -0.8114 1.378, 1.2795 -0.8114 0.2756, 1.0827 -0.8114 0.2756, 1.2795 -0.8134 0.2581, 1.0827 -0.8134 0.2581, 1.2795 -0.8192 0.2414, 1.0827 -0.8192 0.2414, 1.2795 -0.8286 0.2265, 1.0827 -0.8286 0.2265, 1.2795 -0.8411 0.214, 1.0827 -0.8411 0.214, 1.2795 -0.856 0.2046, 1.0827 -0.856 0.2046, 1.2795 -0.8726 0.1988, 1.0827 -0.8726 0.1988, 1.2795 -0.8902 0.1969, 1.0827 -0.8902 0.1969, 1.2795 -1.6063 0.1969, 1.0827 -1.6063 0.1969, 1.1281 -1.685 0.1514, 1.1281 -1.685 0.0455, 1.2341 -1.685 0.1514, 1.2341 -1.685 0.0455, 1.0827 -1.6063 0.0, 1.0827 -0.7327 0.0, 1.2795 -1.6063 0.0, 1.2795 -0.7327 0.0, 1.0827 -0.7064 0.003, 1.2795 -0.7064 0.003, 1.0827 -0.6814 0.0117, 1.2795 -0.6814 0.0117, 1.0827 -0.659 0.0258, 1.2795 -0.659 0.0258, 1.0827 -0.6403 0.0445, 1.2795 -0.6403 0.0445, 1.0827 -0.6263 0.0669, 1.2795 -0.6263 0.0669, 1.0827 -0.6175 0.0918, 1.2795 -0.6175 0.0918, 1.0827 -0.6146 0.1181, 1.2795 -0.6146 0.1181, 1.2795 -0.6146 1.2992, 1.0827 -0.6146 1.2992, 1.2795 1.0783 1.2992, 1.0827 1.0783 1.2992, 1.9155 1.1571 1.3447, 1.9155 1.1571 1.4506, 2.0215 1.1571 1.3447, 2.0215 1.1571 1.4506, 1.8701 1.0783 1.4961, 1.8701 -0.6933 1.4961, 2.0669 1.0783 1.4961, 2.0669 -0.6933 1.4961, 1.8701 -0.7196 1.4931, 2.0669 -0.7196 1.4931, 1.8701 -0.7446 1.4844, 2.0669 -0.7446 1.4844, 1.8701 -0.767 1.4703, 2.0669 -0.767 1.4703, 1.8701 -0.7857 1.4516, 2.0669 -0.7857 1.4516, 1.8701 -0.7997 1.4292, 2.0669 -0.7997 1.4292, 1.8701 -0.8085 1.4042, 2.0669 -0.8085 1.4042, 1.8701 -0.8114 1.378, 2.0669 -0.8114 1.378, 2.0669 -0.8114 0.2756, 1.8701 -0.8114 0.2756, 2.0669 -0.8134 0.2581, 1.8701 -0.8134 0.2581, 2.0669 -0.8192 0.2414, 1.8701 -0.8192 0.2414, 2.0669 -0.8286 0.2265, 1.8701 -0.8286 0.2265, 2.0669 -0.8411 0.214, 1.8701 -0.8411 0.214, 2.0669 -0.856 0.2046, 1.8701 -0.856 0.2046, 2.0669 -0.8726 0.1988, 1.8701 -0.8726 0.1988, 2.0669 -0.8902 0.1969, 1.8701 -0.8902 0.1969, 2.0669 -1.6063 0.1969, 1.8701 -1.6063 0.1969, 1.9155 -1.685 0.1514, 1.9155 -1.685 0.0455, 2.0215 -1.685 0.1514, 2.0215 -1.685 0.0455, 1.8701 -1.6063 0.0, 1.8701 -0.7327 0.0, 2.0669 -1.6063 0.0, 2.0669 -0.7327 0.0, 1.8701 -0.7064 0.003, 2.0669 -0.7064 0.003, 1.8701 -0.6814 0.0117, 2.0669 -0.6814 0.0117, 1.8701 -0.659 0.0258, 2.0669 -0.659 0.0258, 1.8701 -0.6403 0.0445, 2.0669 -0.6403 0.0445, 1.8701 -0.6263 0.0669, 2.0669 -0.6263 0.0669, 1.8701 -0.6175 0.0918, 2.0669 -0.6175 0.0918, 1.8701 -0.6146 0.1181, 2.0669 -0.6146 0.1181, 2.0669 -0.6146 1.2992, 1.8701 -0.6146 1.2992, 2.0669 1.0783 1.2992, 1.8701 1.0783 1.2992, 2.7029 1.1571 1.3447, 2.7029 1.1571 1.4506, 2.8089 1.1571 1.3447, 2.8089 1.1571 1.4506, 2.6575 1.0783 1.4961, 2.6575 -0.6933 1.4961, 2.8543 1.0783 1.4961, 2.8543 -0.6933 1.4961, 2.6575 -0.7196 1.4931, 2.8543 -0.7196 1.4931, 2.6575 -0.7446 1.4844, 2.8543 -0.7446 1.4844, 2.6575 -0.767 1.4703, 2.8543 -0.767 1.4703, 2.6575 -0.7857 1.4516, 2.8543 -0.7857 1.4516, 2.6575 -0.7997 1.4292, 2.8543 -0.7997 1.4292, 2.6575 -0.8085 1.4042, 2.8543 -0.8085 1.4042, 2.6575 -0.8114 1.378, 2.8543 -0.8114 1.378, 2.8543 -0.8114 0.2756, 2.6575 -0.8114 0.2756, 2.8543 -0.8134 0.2581, 2.6575 -0.8134 0.2581, 2.8543 -0.8192 0.2414, 2.6575 -0.8192 0.2414, 2.8543 -0.8286 0.2265, 2.6575 -0.8286 0.2265, 2.8543 -0.8411 0.214, 2.6575 -0.8411 0.214, 2.8543 -0.856 0.2046, 2.6575 -0.856 0.2046, 2.8543 -0.8726 0.1988, 2.6575 -0.8726 0.1988, 2.8543 -0.8902 0.1969, 2.6575 -0.8902 0.1969, 2.8543 -1.6063 0.1969, 2.6575 -1.6063 0.1969, 2.7029 -1.685 0.1514, 2.7029 -1.685 0.0455, 2.8089 -1.685 0.1514, 2.8089 -1.685 0.0455, 2.6575 -1.6063 0.0, 2.6575 -0.7327 0.0, 2.8543 -1.6063 0.0, 2.8543 -0.7327 0.0, 2.6575 -0.7064 0.003, 2.8543 -0.7064 0.003, 2.6575 -0.6814 0.0117, 2.8543 -0.6814 0.0117, 2.6575 -0.659 0.0258, 2.8543 -0.659 0.0258, 2.6575 -0.6403 0.0445, 2.8543 -0.6403 0.0445, 2.6575 -0.6263 0.0669, 2.8543 -0.6263 0.0669, 2.6575 -0.6175 0.0918, 2.8543 -0.6175 0.0918, 2.6575 -0.6146 0.1181, 2.8543 -0.6146 0.1181, 2.8543 -0.6146 1.2992, 2.6575 -0.6146 1.2992, 2.8543 1.0783 1.2992, 2.6575 1.0783 1.2992, 3.4903 1.1571 1.3447, 3.4903 1.1571 1.4506, 3.5963 1.1571 1.3447, 3.5963 1.1571 1.4506, 3.4449 1.0783 1.4961, 3.4449 -0.6933 1.4961, 3.6417 1.0783 1.4961, 3.6417 -0.6933 1.4961, 3.4449 -0.7196 1.4931, 3.6417 -0.7196 1.4931, 3.4449 -0.7446 1.4844, 3.6417 -0.7446 1.4844, 3.4449 -0.767 1.4703, 3.6417 -0.767 1.4703, 3.4449 -0.7857 1.4516, 3.6417 -0.7857 1.4516, 3.4449 -0.7997 1.4292, 3.6417 -0.7997 1.4292, 3.4449 -0.8085 1.4042, 3.6417 -0.8085 1.4042, 3.4449 -0.8114 1.378, 3.6417 -0.8114 1.378, 3.6417 -0.8114 0.2756, 3.4449 -0.8114 0.2756, 3.6417 -0.8134 0.2581, 3.4449 -0.8134 0.2581, 3.6417 -0.8192 0.2414, 3.4449 -0.8192 0.2414, 3.6417 -0.8286 0.2265, 3.4449 -0.8286 0.2265, 3.6417 -0.8411 0.214, 3.4449 -0.8411 0.214, 3.6417 -0.856 0.2046, 3.4449 -0.856 0.2046, 3.6417 -0.8726 0.1988, 3.4449 -0.8726 0.1988, 3.6417 -0.8902 0.1969, 3.4449 -0.8902 0.1969, 3.6417 -1.6063 0.1969, 3.4449 -1.6063 0.1969, 3.4903 -1.685 0.1514, 3.4903 -1.685 0.0455, 3.5963 -1.685 0.1514, 3.5963 -1.685 0.0455, 3.4449 -1.6063 0.0, 3.4449 -0.7327 0.0, 3.6417 -1.6063 0.0, 3.6417 -0.7327 0.0, 3.4449 -0.7064 0.003, 3.6417 -0.7064 0.003, 3.4449 -0.6814 0.0117, 3.6417 -0.6814 0.0117, 3.4449 -0.659 0.0258, 3.6417 -0.659 0.0258, 3.4449 -0.6403 0.0445, 3.6417 -0.6403 0.0445, 3.4449 -0.6263 0.0669, 3.6417 -0.6263 0.0669, 3.4449 -0.6175 0.0918, 3.6417 -0.6175 0.0918, 3.4449 -0.6146 0.1181, 3.6417 -0.6146 0.1181, 3.6417 -0.6146 1.2992, 3.4449 -0.6146 1.2992, 3.6417 1.0783 1.2992, 3.4449 1.0783 1.2992
            ]
        }
        coordIndex [
            0,1,2,-1,2,1,3,-1,4,5,6,-1,6,5,7,-1,7,5,8,-1,7,8,9,-1,9,8,10,-1,9,10,11,-1,11,10,12,-1,11,12,13,-1,13,12,14,-1,13,14,15,-1,15,14,16,-1,15,16,17,-1,17,16,18,-1,17,18,19,-1,19,18,20,-1,19,20,21,-1,22,21,23,-1,23,21,20,-1,22,23,24,-1,24,23,25,-1,24,25,26,-1,26,25,27,-1,26,27,28,-1,28,27,29,-1,28,29,30,-1,30,29,31,-1,30,31,32,-1,32,31,33,-1,32,33,34,-1,34,33,35,-1,34,35,36,-1,36,35,37,-1,38,36,39,-1,39,36,37,-1,40,41,42,-1,42,41,43,-1,44,45,46,-1,46,45,47,-1,47,45,48,-1,47,48,49,-1,49,48,50,-1,49,50,51,-1,51,50,52,-1,51,52,53,-1,53,52,54,-1,53,54,55,-1,55,54,56,-1,55,56,57,-1,57,56,58,-1,57,58,59,-1,59,58,60,-1,59,60,61,-1,62,61,63,-1,63,61,60,-1,64,62,65,-1,65,62,63,-1,62,64,6,-1,51,30,49,-1,49,30,32,-1,49,32,47,-1,6,7,62,-1,62,7,9,-1,62,9,11,-1,11,13,62,-1,62,13,15,-1,62,15,17,-1,28,59,26,-1,26,59,61,-1,26,61,24,-1,51,53,30,-1,30,53,55,-1,30,55,28,-1,28,55,57,-1,28,57,59,-1,17,19,62,-1,62,19,21,-1,62,21,61,-1,61,21,22,-1,61,22,24,-1,38,46,36,-1,36,46,47,-1,36,47,34,-1,34,47,32,-1,4,65,5,-1,5,65,63,-1,12,10,63,-1,63,10,8,-1,63,8,5,-1,27,60,58,-1,44,39,45,-1,45,39,37,-1,27,58,29,-1,29,58,56,-1,29,56,31,-1,31,56,54,-1,31,54,52,-1,18,16,63,-1,63,16,14,-1,63,14,12,-1,37,35,45,-1,45,35,33,-1,45,33,48,-1,48,33,31,-1,48,31,50,-1,50,31,52,-1,27,25,60,-1,60,25,23,-1,60,23,63,-1,63,23,20,-1,63,20,18,-1,6,3,4,-1,4,3,1,-1,64,2,6,-1,6,2,3,-1,0,65,1,-1,1,65,4,-1,65,0,64,-1,64,0,2,-1,46,43,44,-1,44,43,41,-1,38,42,46,-1,46,42,43,-1,40,39,41,-1,41,39,44,-1,39,40,38,-1,38,40,42,-1,66,67,68,-1,68,67,69,-1,70,71,72,-1,72,71,73,-1,73,71,74,-1,73,74,75,-1,75,74,76,-1,75,76,77,-1,77,76,78,-1,77,78,79,-1,79,78,80,-1,79,80,81,-1,81,80,82,-1,81,82,83,-1,83,82,84,-1,83,84,85,-1,85,84,86,-1,85,86,87,-1,88,87,89,-1,89,87,86,-1,88,89,90,-1,90,89,91,-1,90,91,92,-1,92,91,93,-1,92,93,94,-1,94,93,95,-1,94,95,96,-1,96,95,97,-1,96,97,98,-1,98,97,99,-1,98,99,100,-1,100,99,101,-1,100,101,102,-1,102,101,103,-1,104,102,105,-1,105,102,103,-1,106,107,108,-1,108,107,109,-1,110,111,112,-1,112,111,113,-1,113,111,114,-1,113,114,115,-1,115,114,116,-1,115,116,117,-1,117,116,118,-1,117,118,119,-1,119,118,120,-1,119,120,121,-1,121,120,122,-1,121,122,123,-1,123,122,124,-1,123,124,125,-1,125,124,126,-1,125,126,127,-1,128,127,129,-1,129,127,126,-1,130,128,131,-1,131,128,129,-1,128,130,72,-1,117,96,115,-1,115,96,98,-1,115,98,113,-1,72,73,128,-1,128,73,75,-1,128,75,77,-1,77,79,128,-1,128,79,81,-1,128,81,83,-1,94,125,92,-1,92,125,127,-1,92,127,90,-1,117,119,96,-1,96,119,121,-1,96,121,94,-1,94,121,123,-1,94,123,125,-1,83,85,128,-1,128,85,87,-1,128,87,127,-1,127,87,88,-1,127,88,90,-1,104,112,102,-1,102,112,113,-1,102,113,100,-1,100,113,98,-1,70,131,71,-1,71,131,129,-1,78,76,129,-1,129,76,74,-1,129,74,71,-1,93,126,124,-1,110,105,111,-1,111,105,103,-1,93,124,95,-1,95,124,122,-1,95,122,97,-1,97,122,120,-1,97,120,118,-1,84,82,129,-1,129,82,80,-1,129,80,78,-1,103,101,111,-1,111,101,99,-1,111,99,114,-1,114,99,97,-1,114,97,116,-1,116,97,118,-1,93,91,126,-1,126,91,89,-1,126,89,129,-1,129,89,86,-1,129,86,84,-1,112,109,110,-1,110,109,107,-1,104,108,112,-1,112,108,109,-1,106,105,107,-1,107,105,110,-1,105,106,104,-1,104,106,108,-1,72,69,70,-1,70,69,67,-1,130,68,72,-1,72,68,69,-1,66,131,67,-1,67,131,70,-1,131,66,130,-1,130,66,68,-1,132,133,134,-1,134,133,135,-1,136,137,138,-1,138,137,139,-1,139,137,140,-1,139,140,141,-1,141,140,142,-1,141,142,143,-1,143,142,144,-1,143,144,145,-1,145,144,146,-1,145,146,147,-1,147,146,148,-1,147,148,149,-1,149,148,150,-1,149,150,151,-1,151,150,152,-1,151,152,153,-1,154,153,155,-1,155,153,152,-1,154,155,156,-1,156,155,157,-1,156,157,158,-1,158,157,159,-1,158,159,160,-1,160,159,161,-1,160,161,162,-1,162,161,163,-1,162,163,164,-1,164,163,165,-1,164,165,166,-1,166,165,167,-1,166,167,168,-1,168,167,169,-1,170,168,171,-1,171,168,169,-1,172,173,174,-1,174,173,175,-1,176,177,178,-1,178,177,179,-1,179,177,180,-1,179,180,181,-1,181,180,182,-1,181,182,183,-1,183,182,184,-1,183,184,185,-1,185,184,186,-1,185,186,187,-1,187,186,188,-1,187,188,189,-1,189,188,190,-1,189,190,191,-1,191,190,192,-1,191,192,193,-1,194,193,195,-1,195,193,192,-1,196,194,197,-1,197,194,195,-1,194,196,138,-1,183,162,181,-1,181,162,164,-1,181,164,179,-1,138,139,194,-1,194,139,141,-1,194,141,143,-1,143,145,194,-1,194,145,147,-1,194,147,149,-1,160,191,158,-1,158,191,193,-1,158,193,156,-1,183,185,162,-1,162,185,187,-1,162,187,160,-1,160,187,189,-1,160,189,191,-1,149,151,194,-1,194,151,153,-1,194,153,193,-1,193,153,154,-1,193,154,156,-1,170,178,168,-1,168,178,179,-1,168,179,166,-1,166,179,164,-1,136,197,137,-1,137,197,195,-1,144,142,195,-1,195,142,140,-1,195,140,137,-1,159,192,190,-1,176,171,177,-1,177,171,169,-1,159,190,161,-1,161,190,188,-1,161,188,163,-1,163,188,186,-1,163,186,184,-1,150,148,195,-1,195,148,146,-1,195,146,144,-1,169,167,177,-1,177,167,165,-1,177,165,180,-1,180,165,163,-1,180,163,182,-1,182,163,184,-1,159,157,192,-1,192,157,155,-1,192,155,195,-1,195,155,152,-1,195,152,150,-1,138,135,136,-1,136,135,133,-1,196,134,138,-1,138,134,135,-1,132,197,133,-1,133,197,136,-1,197,132,196,-1,196,132,134,-1,178,175,176,-1,176,175,173,-1,170,174,178,-1,178,174,175,-1,172,171,173,-1,173,171,176,-1,171,172,170,-1,170,172,174,-1,198,199,200,-1,200,199,201,-1,202,203,204,-1,204,203,205,-1,205,203,206,-1,205,206,207,-1,207,206,208,-1,207,208,209,-1,209,208,210,-1,209,210,211,-1,211,210,212,-1,211,212,213,-1,213,212,214,-1,213,214,215,-1,215,214,216,-1,215,216,217,-1,217,216,218,-1,217,218,219,-1,220,219,221,-1,221,219,218,-1,220,221,222,-1,222,221,223,-1,222,223,224,-1,224,223,225,-1,224,225,226,-1,226,225,227,-1,226,227,228,-1,228,227,229,-1,228,229,230,-1,230,229,231,-1,230,231,232,-1,232,231,233,-1,232,233,234,-1,234,233,235,-1,236,234,237,-1,237,234,235,-1,238,239,240,-1,240,239,241,-1,242,243,244,-1,244,243,245,-1,245,243,246,-1,245,246,247,-1,247,246,248,-1,247,248,249,-1,249,248,250,-1,249,250,251,-1,251,250,252,-1,251,252,253,-1,253,252,254,-1,253,254,255,-1,255,254,256,-1,255,256,257,-1,257,256,258,-1,257,258,259,-1,260,259,261,-1,261,259,258,-1,262,260,263,-1,263,260,261,-1,260,262,204,-1,249,228,247,-1,247,228,230,-1,247,230,245,-1,204,205,260,-1,260,205,207,-1,260,207,209,-1,209,211,260,-1,260,211,213,-1,260,213,215,-1,226,257,224,-1,224,257,259,-1,224,259,222,-1,249,251,228,-1,228,251,253,-1,228,253,226,-1,226,253,255,-1,226,255,257,-1,215,217,260,-1,260,217,219,-1,260,219,259,-1,259,219,220,-1,259,220,222,-1,236,244,234,-1,234,244,245,-1,234,245,232,-1,232,245,230,-1,202,263,203,-1,203,263,261,-1,210,208,261,-1,261,208,206,-1,261,206,203,-1,225,258,256,-1,242,237,243,-1,243,237,235,-1,225,256,227,-1,227,256,254,-1,227,254,229,-1,229,254,252,-1,229,252,250,-1,216,214,261,-1,261,214,212,-1,261,212,210,-1,235,233,243,-1,243,233,231,-1,243,231,246,-1,246,231,229,-1,246,229,248,-1,248,229,250,-1,225,223,258,-1,258,223,221,-1,258,221,261,-1,261,221,218,-1,261,218,216,-1,244,241,242,-1,242,241,239,-1,236,240,244,-1,244,240,241,-1,238,237,239,-1,239,237,242,-1,237,238,236,-1,236,238,240,-1,204,201,202,-1,202,201,199,-1,262,200,204,-1,204,200,201,-1,198,263,199,-1,199,263,202,-1,263,198,262,-1,262,198,200,-1,264,265,266,-1,266,265,267,-1,268,269,270,-1,270,269,271,-1,271,269,272,-1,271,272,273,-1,273,272,274,-1,273,274,275,-1,275,274,276,-1,275,276,277,-1,277,276,278,-1,277,278,279,-1,279,278,280,-1,279,280,281,-1,281,280,282,-1,281,282,283,-1,283,282,284,-1,283,284,285,-1,286,285,287,-1,287,285,284,-1,286,287,288,-1,288,287,289,-1,288,289,290,-1,290,289,291,-1,290,291,292,-1,292,291,293,-1,292,293,294,-1,294,293,295,-1,294,295,296,-1,296,295,297,-1,296,297,298,-1,298,297,299,-1,298,299,300,-1,300,299,301,-1,302,300,303,-1,303,300,301,-1,304,305,306,-1,306,305,307,-1,308,309,310,-1,310,309,311,-1,311,309,312,-1,311,312,313,-1,313,312,314,-1,313,314,315,-1,315,314,316,-1,315,316,317,-1,317,316,318,-1,317,318,319,-1,319,318,320,-1,319,320,321,-1,321,320,322,-1,321,322,323,-1,323,322,324,-1,323,324,325,-1,326,325,327,-1,327,325,324,-1,328,326,329,-1,329,326,327,-1,326,328,270,-1,315,294,313,-1,313,294,296,-1,313,296,311,-1,270,271,326,-1,326,271,273,-1,326,273,275,-1,275,277,326,-1,326,277,279,-1,326,279,281,-1,292,323,290,-1,290,323,325,-1,290,325,288,-1,315,317,294,-1,294,317,319,-1,294,319,292,-1,292,319,321,-1,292,321,323,-1,281,283,326,-1,326,283,285,-1,326,285,325,-1,325,285,286,-1,325,286,288,-1,302,310,300,-1,300,310,311,-1,300,311,298,-1,298,311,296,-1,268,329,269,-1,269,329,327,-1,276,274,327,-1,327,274,272,-1,327,272,269,-1,291,324,322,-1,308,303,309,-1,309,303,301,-1,291,322,293,-1,293,322,320,-1,293,320,295,-1,295,320,318,-1,295,318,316,-1,282,280,327,-1,327,280,278,-1,327,278,276,-1,301,299,309,-1,309,299,297,-1,309,297,312,-1,312,297,295,-1,312,295,314,-1,314,295,316,-1,291,289,324,-1,324,289,287,-1,324,287,327,-1,327,287,284,-1,327,284,282,-1,270,267,268,-1,268,267,265,-1,328,266,270,-1,270,266,267,-1,264,329,265,-1,265,329,268,-1,329,264,328,-1,328,264,266,-1,310,307,308,-1,308,307,305,-1,302,306,310,-1,310,306,307,-1,304,303,305,-1,305,303,308,-1,303,304,302,-1,302,304,306,-1,330,331,332,-1,332,331,333,-1,334,335,336,-1,336,335,337,-1,337,335,338,-1,337,338,339,-1,339,338,340,-1,339,340,341,-1,341,340,342,-1,341,342,343,-1,343,342,344,-1,343,344,345,-1,345,344,346,-1,345,346,347,-1,347,346,348,-1,347,348,349,-1,349,348,350,-1,349,350,351,-1,352,351,353,-1,353,351,350,-1,352,353,354,-1,354,353,355,-1,354,355,356,-1,356,355,357,-1,356,357,358,-1,358,357,359,-1,358,359,360,-1,360,359,361,-1,360,361,362,-1,362,361,363,-1,362,363,364,-1,364,363,365,-1,364,365,366,-1,366,365,367,-1,368,366,369,-1,369,366,367,-1,370,371,372,-1,372,371,373,-1,374,375,376,-1,376,375,377,-1,377,375,378,-1,377,378,379,-1,379,378,380,-1,379,380,381,-1,381,380,382,-1,381,382,383,-1,383,382,384,-1,383,384,385,-1,385,384,386,-1,385,386,387,-1,387,386,388,-1,387,388,389,-1,389,388,390,-1,389,390,391,-1,392,391,393,-1,393,391,390,-1,394,392,395,-1,395,392,393,-1,392,394,336,-1,381,360,379,-1,379,360,362,-1,379,362,377,-1,336,337,392,-1,392,337,339,-1,392,339,341,-1,341,343,392,-1,392,343,345,-1,392,345,347,-1,358,389,356,-1,356,389,391,-1,356,391,354,-1,381,383,360,-1,360,383,385,-1,360,385,358,-1,358,385,387,-1,358,387,389,-1,347,349,392,-1,392,349,351,-1,392,351,391,-1,391,351,352,-1,391,352,354,-1,368,376,366,-1,366,376,377,-1,366,377,364,-1,364,377,362,-1,334,395,335,-1,335,395,393,-1,342,340,393,-1,393,340,338,-1,393,338,335,-1,357,390,388,-1,374,369,375,-1,375,369,367,-1,357,388,359,-1,359,388,386,-1,359,386,361,-1,361,386,384,-1,361,384,382,-1,348,346,393,-1,393,346,344,-1,393,344,342,-1,367,365,375,-1,375,365,363,-1,375,363,378,-1,378,363,361,-1,378,361,380,-1,380,361,382,-1,357,355,390,-1,390,355,353,-1,390,353,393,-1,393,353,350,-1,393,350,348,-1,376,373,374,-1,374,373,371,-1,368,372,376,-1,376,372,373,-1,370,369,371,-1,371,369,374,-1,369,370,368,-1,368,370,372,-1,336,333,334,-1,334,333,331,-1,394,332,336,-1,336,332,333,-1,330,395,331,-1,331,395,334,-1,395,330,394,-1,394,330,332,-1,396,397,398,-1,398,397,399,-1,400,401,402,-1,402,401,403,-1,403,401,404,-1,403,404,405,-1,405,404,406,-1,405,406,407,-1,407,406,408,-1,407,408,409,-1,409,408,410,-1,409,410,411,-1,411,410,412,-1,411,412,413,-1,413,412,414,-1,413,414,415,-1,415,414,416,-1,415,416,417,-1,418,417,419,-1,419,417,416,-1,418,419,420,-1,420,419,421,-1,420,421,422,-1,422,421,423,-1,422,423,424,-1,424,423,425,-1,424,425,426,-1,426,425,427,-1,426,427,428,-1,428,427,429,-1,428,429,430,-1,430,429,431,-1,430,431,432,-1,432,431,433,-1,434,432,435,-1,435,432,433,-1,436,437,438,-1,438,437,439,-1,440,441,442,-1,442,441,443,-1,443,441,444,-1,443,444,445,-1,445,444,446,-1,445,446,447,-1,447,446,448,-1,447,448,449,-1,449,448,450,-1,449,450,451,-1,451,450,452,-1,451,452,453,-1,453,452,454,-1,453,454,455,-1,455,454,456,-1,455,456,457,-1,458,457,459,-1,459,457,456,-1,460,458,461,-1,461,458,459,-1,458,460,402,-1,447,426,445,-1,445,426,428,-1,445,428,443,-1,402,403,458,-1,458,403,405,-1,458,405,407,-1,407,409,458,-1,458,409,411,-1,458,411,413,-1,424,455,422,-1,422,455,457,-1,422,457,420,-1,447,449,426,-1,426,449,451,-1,426,451,424,-1,424,451,453,-1,424,453,455,-1,413,415,458,-1,458,415,417,-1,458,417,457,-1,457,417,418,-1,457,418,420,-1,434,442,432,-1,432,442,443,-1,432,443,430,-1,430,443,428,-1,400,461,401,-1,401,461,459,-1,408,406,459,-1,459,406,404,-1,459,404,401,-1,423,456,454,-1,440,435,441,-1,441,435,433,-1,423,454,425,-1,425,454,452,-1,425,452,427,-1,427,452,450,-1,427,450,448,-1,414,412,459,-1,459,412,410,-1,459,410,408,-1,433,431,441,-1,441,431,429,-1,441,429,444,-1,444,429,427,-1,444,427,446,-1,446,427,448,-1,423,421,456,-1,456,421,419,-1,456,419,459,-1,459,419,416,-1,459,416,414,-1,402,399,400,-1,400,399,397,-1,460,398,402,-1,402,398,399,-1,396,461,397,-1,397,461,400,-1,461,396,460,-1,460,396,398,-1,442,439,440,-1,440,439,437,-1,434,438,442,-1,442,438,439,-1,436,435,437,-1,437,435,440,-1,435,436,434,-1,434,436,438,-1,462,463,464,-1,464,463,465,-1,466,467,468,-1,468,467,469,-1,469,467,470,-1,469,470,471,-1,471,470,472,-1,471,472,473,-1,473,472,474,-1,473,474,475,-1,475,474,476,-1,475,476,477,-1,477,476,478,-1,477,478,479,-1,479,478,480,-1,479,480,481,-1,481,480,482,-1,481,482,483,-1,484,483,485,-1,485,483,482,-1,484,485,486,-1,486,485,487,-1,486,487,488,-1,488,487,489,-1,488,489,490,-1,490,489,491,-1,490,491,492,-1,492,491,493,-1,492,493,494,-1,494,493,495,-1,494,495,496,-1,496,495,497,-1,496,497,498,-1,498,497,499,-1,500,498,501,-1,501,498,499,-1,502,503,504,-1,504,503,505,-1,506,507,508,-1,508,507,509,-1,509,507,510,-1,509,510,511,-1,511,510,512,-1,511,512,513,-1,513,512,514,-1,513,514,515,-1,515,514,516,-1,515,516,517,-1,517,516,518,-1,517,518,519,-1,519,518,520,-1,519,520,521,-1,521,520,522,-1,521,522,523,-1,524,523,525,-1,525,523,522,-1,526,524,527,-1,527,524,525,-1,524,526,468,-1,513,492,511,-1,511,492,494,-1,511,494,509,-1,468,469,524,-1,524,469,471,-1,524,471,473,-1,473,475,524,-1,524,475,477,-1,524,477,479,-1,490,521,488,-1,488,521,523,-1,488,523,486,-1,513,515,492,-1,492,515,517,-1,492,517,490,-1,490,517,519,-1,490,519,521,-1,479,481,524,-1,524,481,483,-1,524,483,523,-1,523,483,484,-1,523,484,486,-1,500,508,498,-1,498,508,509,-1,498,509,496,-1,496,509,494,-1,466,527,467,-1,467,527,525,-1,474,472,525,-1,525,472,470,-1,525,470,467,-1,489,522,520,-1,506,501,507,-1,507,501,499,-1,489,520,491,-1,491,520,518,-1,491,518,493,-1,493,518,516,-1,493,516,514,-1,480,478,525,-1,525,478,476,-1,525,476,474,-1,499,497,507,-1,507,497,495,-1,507,495,510,-1,510,495,493,-1,510,493,512,-1,512,493,514,-1,489,487,522,-1,522,487,485,-1,522,485,525,-1,525,485,482,-1,525,482,480,-1,508,505,506,-1,506,505,503,-1,500,504,508,-1,508,504,505,-1,502,501,503,-1,503,501,506,-1,501,502,500,-1,500,502,504,-1,468,465,466,-1,466,465,463,-1,526,464,468,-1,468,464,465,-1,462,527,463,-1,463,527,466,-1,527,462,526,-1,526,462,464,-1,528,529,530,-1,530,529,531,-1,532,533,534,-1,534,533,535,-1,535,533,536,-1,535,536,537,-1,537,536,538,-1,537,538,539,-1,539,538,540,-1,539,540,541,-1,541,540,542,-1,541,542,543,-1,543,542,544,-1,543,544,545,-1,545,544,546,-1,545,546,547,-1,547,546,548,-1,547,548,549,-1,550,549,551,-1,551,549,548,-1,550,551,552,-1,552,551,553,-1,552,553,554,-1,554,553,555,-1,554,555,556,-1,556,555,557,-1,556,557,558,-1,558,557,559,-1,558,559,560,-1,560,559,561,-1,560,561,562,-1,562,561,563,-1,562,563,564,-1,564,563,565,-1,566,564,567,-1,567,564,565,-1,568,569,570,-1,570,569,571,-1,572,573,574,-1,574,573,575,-1,575,573,576,-1,575,576,577,-1,577,576,578,-1,577,578,579,-1,579,578,580,-1,579,580,581,-1,581,580,582,-1,581,582,583,-1,583,582,584,-1,583,584,585,-1,585,584,586,-1,585,586,587,-1,587,586,588,-1,587,588,589,-1,590,589,591,-1,591,589,588,-1,592,590,593,-1,593,590,591,-1,590,592,534,-1,579,558,577,-1,577,558,560,-1,577,560,575,-1,534,535,590,-1,590,535,537,-1,590,537,539,-1,539,541,590,-1,590,541,543,-1,590,543,545,-1,556,587,554,-1,554,587,589,-1,554,589,552,-1,579,581,558,-1,558,581,583,-1,558,583,556,-1,556,583,585,-1,556,585,587,-1,545,547,590,-1,590,547,549,-1,590,549,589,-1,589,549,550,-1,589,550,552,-1,566,574,564,-1,564,574,575,-1,564,575,562,-1,562,575,560,-1,532,593,533,-1,533,593,591,-1,540,538,591,-1,591,538,536,-1,591,536,533,-1,555,588,586,-1,572,567,573,-1,573,567,565,-1,555,586,557,-1,557,586,584,-1,557,584,559,-1,559,584,582,-1,559,582,580,-1,546,544,591,-1,591,544,542,-1,591,542,540,-1,565,563,573,-1,573,563,561,-1,573,561,576,-1,576,561,559,-1,576,559,578,-1,578,559,580,-1,555,553,588,-1,588,553,551,-1,588,551,591,-1,591,551,548,-1,591,548,546,-1,534,531,532,-1,532,531,529,-1,592,530,534,-1,534,530,531,-1,528,593,529,-1,529,593,532,-1,593,528,592,-1,592,528,530,-1,574,571,572,-1,572,571,569,-1,566,570,574,-1,574,570,571,-1,568,567,569,-1,569,567,572,-1,567,568,566,-1,566,568,570,-1,594,595,596,-1,596,595,597,-1,598,599,600,-1,600,599,601,-1,601,599,602,-1,601,602,603,-1,603,602,604,-1,603,604,605,-1,605,604,606,-1,605,606,607,-1,607,606,608,-1,607,608,609,-1,609,608,610,-1,609,610,611,-1,611,610,612,-1,611,612,613,-1,613,612,614,-1,613,614,615,-1,616,615,617,-1,617,615,614,-1,616,617,618,-1,618,617,619,-1,618,619,620,-1,620,619,621,-1,620,621,622,-1,622,621,623,-1,622,623,624,-1,624,623,625,-1,624,625,626,-1,626,625,627,-1,626,627,628,-1,628,627,629,-1,628,629,630,-1,630,629,631,-1,632,630,633,-1,633,630,631,-1,634,635,636,-1,636,635,637,-1,638,639,640,-1,640,639,641,-1,641,639,642,-1,641,642,643,-1,643,642,644,-1,643,644,645,-1,645,644,646,-1,645,646,647,-1,647,646,648,-1,647,648,649,-1,649,648,650,-1,649,650,651,-1,651,650,652,-1,651,652,653,-1,653,652,654,-1,653,654,655,-1,656,655,657,-1,657,655,654,-1,658,656,659,-1,659,656,657,-1,656,658,600,-1,645,624,643,-1,643,624,626,-1,643,626,641,-1,600,601,656,-1,656,601,603,-1,656,603,605,-1,605,607,656,-1,656,607,609,-1,656,609,611,-1,622,653,620,-1,620,653,655,-1,620,655,618,-1,645,647,624,-1,624,647,649,-1,624,649,622,-1,622,649,651,-1,622,651,653,-1,611,613,656,-1,656,613,615,-1,656,615,655,-1,655,615,616,-1,655,616,618,-1,632,640,630,-1,630,640,641,-1,630,641,628,-1,628,641,626,-1,598,659,599,-1,599,659,657,-1,606,604,657,-1,657,604,602,-1,657,602,599,-1,621,654,652,-1,638,633,639,-1,639,633,631,-1,621,652,623,-1,623,652,650,-1,623,650,625,-1,625,650,648,-1,625,648,646,-1,612,610,657,-1,657,610,608,-1,657,608,606,-1,631,629,639,-1,639,629,627,-1,639,627,642,-1,642,627,625,-1,642,625,644,-1,644,625,646,-1,621,619,654,-1,654,619,617,-1,654,617,657,-1,657,617,614,-1,657,614,612,-1,640,637,638,-1,638,637,635,-1,632,636,640,-1,640,636,637,-1,634,633,635,-1,635,633,638,-1,633,634,632,-1,632,634,636,-1,600,597,598,-1,598,597,595,-1,658,596,600,-1,600,596,597,-1,594,659,595,-1,595,659,598,-1,659,594,658,-1,658,594,596,-1,
        ]
    }
}
Shape{
    appearance Appearance {
        material  Material 	{
            diffuseColor 1.0 0.984313725490196 0.9411764705882353
            specularColor 0.5019607843137255 0.49411764705882355 0.47058823529411764
            ambientIntensity 0.9841
            transparency 0.0
            shininess 0.5
        }
    }
    geometry IndexedFaceSet {
        ccw TRUE
        solid FALSE
        coord DEF co Coordinate {
            point [
                -4.1929 -1.6063 0.0197, -4.685 -1.6063 0.0197, -4.1929 -0.6417 0.0197, -4.685 0.1772 0.0197, 0.0042 -0.6417 0.0197, -0.2638 -0.6417 0.0197, 0.0042 0.1772 0.0197, -0.2638 -0.563 0.0197, -1.311 -0.563 0.0197, -1.0512 -0.563 0.0197, -0.5236 -0.563 0.0197, -1.0512 -0.6417 0.0197, -0.5236 -0.6417 0.0197, -2.0984 -0.563 0.0197, -2.0984 -0.6417 0.0197, -2.626 -0.6417 0.0197, -2.626 -0.563 0.0197, -2.8858 -0.563 0.0197, -1.8386 -0.563 0.0197, -1.8386 -0.6417 0.0197, -1.311 -0.6417 0.0197, -3.6732 -0.6417 0.0197, -3.6732 -0.563 0.0197, -3.4134 -0.563 0.0197, -3.4134 -0.6417 0.0197, -2.8858 -0.6417 0.0197, 4.685 -1.6063 0.0197, 4.1929 -1.6063 0.0197, 4.685 0.1772 0.0197, 4.1929 -0.6417 0.0197, 3.6732 -0.6417 0.0197, 3.6732 -0.563 0.0197, 3.4134 -0.563 0.0197, 0.0958 0.1772 0.0197, 2.626 -0.563 0.0197, 2.626 -0.6417 0.0197, 2.0984 -0.6417 0.0197, 2.0984 -0.563 0.0197, 1.8386 -0.563 0.0197, 2.8858 -0.563 0.0197, 2.8858 -0.6417 0.0197, 3.4134 -0.6417 0.0197, 1.0512 -0.6417 0.0197, 0.5236 -0.6417 0.0197, 1.0512 -0.563 0.0197, 0.5236 -0.563 0.0197, 1.8386 -0.6417 0.0197, 1.311 -0.6417 0.0197, 1.311 -0.563 0.0197, 0.0912 0.1767 0.0197, 0.0891 0.1768 0.0197, 0.2638 -0.563 0.0197, 0.0859 0.1772 0.0197, 0.0119 0.1863 0.0197, 0.0119 0.1777 0.0197, 0.0542 0.1777 0.0197, 0.0695 0.1818 0.0197, 0.0695 0.1904 0.0197, 0.0542 0.2564 0.0197, 0.2638 -0.6417 0.0197, 0.0779 0.1783 0.0197, 0.0138 0.2478 0.0197, 0.0138 0.2564 0.0197, 0.0042 1.626 0.0197, 0.1646 0.2564 0.0197, 0.1752 0.2564 0.0197, 4.3504 1.626 0.0197, 0.1752 0.1777 0.0197, 4.3504 0.4646 0.0197, 4.685 0.4646 0.0197, 0.0436 0.2132 0.0197, 0.0436 0.1863 0.0197, 0.0158 0.2132 0.0197, 0.0158 0.2219 0.0197, 0.0436 0.2219 0.0197, 0.0436 0.2478 0.0197, 0.1348 0.1777 0.0197, 0.1009 0.1777 0.0197, 0.1085 0.1804 0.0197, 0.0957 0.2479 0.0197, 0.1016 0.2457 0.0197, 0.071 0.1896 0.0197, 0.1071 0.2421 0.0197, 0.1118 0.2369 0.0197, 0.1176 0.2162 0.0197, 0.1168 0.2077 0.0197, 0.1146 0.2009 0.0197, 0.0971 0.1862 0.0197, 0.0897 0.1854 0.0197, 0.1028 0.1883 0.0197, 0.1077 0.1916 0.0197, 0.1114 0.1955 0.0197, 0.0793 0.1865 0.0197, 0.1122 0.2499 0.0197, 0.1193 0.2431 0.0197, 0.124 0.2357 0.0197, 0.1151 0.2308 0.0197, 0.1172 0.2223 0.0197, 0.1149 0.1844 0.0197, 0.1208 0.1906 0.0197, 0.1348 0.1863 0.0197, 0.125 0.1981 0.0197, 0.1646 0.1863 0.0197, 0.1274 0.2065 0.0197, 0.1281 0.2156 0.0197, 0.127 0.2268 0.0197, 0.1048 0.2542 0.0197, 0.096 0.2567 0.0197, 0.0881 0.2574 0.0197, 0.0786 0.2567 0.0197, 0.0695 0.2543 0.0197, 0.0695 0.2437 0.0197, 0.0784 0.2475 0.0197, 0.088 0.2487 0.0197, -0.0841 0.1777 0.0197, -0.0726 0.1777 0.0197, -4.685 0.4646 0.0197, -4.3504 0.4646 0.0197, -0.1436 0.1777 0.0197, -0.1321 0.1777 0.0197, -0.0629 0.1993 0.0197, -0.0584 0.1922 0.0197, -0.0519 0.186 0.0197, -0.0437 0.1812 0.0197, -0.1241 0.1998 0.0197, -0.0916 0.1998 0.0197, -0.0257 0.2564 0.0197, -0.037 0.2552 0.0197, -0.1023 0.2564 0.0197, -0.1129 0.2564 0.0197, -4.3504 1.626 0.0197, -0.0034 0.2564 0.0197, -0.0605 0.24 0.0197, -0.0641 0.2332 0.0197, -0.0346 0.1785 0.0197, -0.0248 0.1777 0.0197, -0.0034 0.1777 0.0197, -0.0462 0.252 0.0197, -0.0548 0.2462 0.0197, -0.0549 0.2462 0.0197, -0.0662 0.2255 0.0197, -0.0668 0.218 0.0197, -0.0657 0.2075 0.0197, 4.7244 -1.6063 0.0591, 4.7244 0.4449 0.0591, 4.7244 0.4449 0.374, 4.7244 -1.1299 0.7677, 4.7244 -1.1299 1.3374, 4.7244 -1.6457 1.2135, 4.7244 -1.6131 1.2522, 4.7244 -1.6446 1.2225, 4.7244 -1.6165 0.0604, 4.7244 1.2323 0.7677, 4.7244 1.2323 0.374, 4.7244 -1.6298 1.245, 4.7244 -1.6365 1.2388, 4.7244 -1.6415 1.2311, 4.7244 -1.6457 0.0984, 4.7244 -1.6443 0.0882, 4.7244 -1.6404 0.0787, 4.7244 -1.6219 1.2496, 4.7244 -1.6341 0.0706, 4.7244 -1.626 0.0643, -4.7244 -1.6443 0.0882, -4.7244 -1.6457 0.0984, -4.7244 -1.1299 0.7677, -4.7244 -1.1299 1.3374, -4.7244 -1.6457 1.2135, -4.7244 -1.6131 1.2522, -4.7244 0.4449 0.0591, -4.7244 0.4449 0.374, -4.7244 1.2323 0.7677, -4.7244 1.2323 0.374, -4.7244 -1.6365 1.2388, -4.7244 -1.6415 1.2311, -4.7244 -1.6446 1.2225, -4.7244 -1.6298 1.245, -4.7244 -1.6219 1.2496, -4.7244 -1.6063 0.0591, -4.7244 -1.6165 0.0604, -4.7244 -1.626 0.0643, -4.7244 -1.6341 0.0706, -4.7244 -1.6404 0.0787, -4.5866 1.2717 0.3346, -4.685 1.2717 0.3346, -4.5866 1.2717 0.7677, -4.685 1.2717 0.8071, -4.3898 1.2717 0.7677, -4.3701 1.2717 0.8071, -4.3898 1.2717 0.3346, -4.3701 1.2717 0.3346, 4.3898 1.2717 0.3346, 4.3701 1.2717 0.3346, 4.3898 1.2717 0.7677, 4.3701 1.2717 0.8071, 4.5866 1.2717 0.7677, 4.685 1.2717 0.8071, 4.5866 1.2717 0.3346, 4.685 1.2717 0.3346, 4.7244 -0.5787 1.9488, 4.7244 1.2323 1.9488, 4.7244 1.2323 2.1457, 4.7244 -1.0118 1.3583, 4.7244 -0.5787 1.3583, 4.7244 -0.622 1.427, 4.7244 -0.622 2.1457, -2.8858 -0.6614 0.1575, -3.4134 -0.6614 0.1575, -2.8858 -0.6614 0.0394, -3.4134 -0.6614 0.0394, -2.0984 -0.6614 0.1575, -2.626 -0.6614 0.1575, -2.0984 -0.6614 0.0394, -2.626 -0.6614 0.0394, -1.311 -0.6614 0.1575, -1.8386 -0.6614 0.1575, -1.311 -0.6614 0.0394, -1.8386 -0.6614 0.0394, -0.5236 -0.6614 0.1575, -1.0512 -0.6614 0.1575, -0.5236 -0.6614 0.0394, -1.0512 -0.6614 0.0394, 0.2638 -0.6614 0.1575, -0.2638 -0.6614 0.1575, 0.2638 -0.6614 0.0394, -0.2638 -0.6614 0.0394, 1.0512 -0.6614 0.1575, 0.5236 -0.6614 0.1575, 1.0512 -0.6614 0.0394, 0.5236 -0.6614 0.0394, 1.8386 -0.6614 0.1575, 1.311 -0.6614 0.1575, 1.8386 -0.6614 0.0394, 1.311 -0.6614 0.0394, 2.626 -0.6614 0.1575, 2.0984 -0.6614 0.1575, 2.626 -0.6614 0.0394, 2.0984 -0.6614 0.0394, 3.4134 -0.6614 0.1575, 2.8858 -0.6614 0.1575, 3.4134 -0.6614 0.0394, 2.8858 -0.6614 0.0394, 4.1535 -0.6614 0.1575, 3.6732 -0.6614 0.1575, 4.1535 -0.6614 0.0394, 3.6732 -0.6614 0.0394, 2.0787 -0.5827 0.1772, 2.0787 -0.6417 0.1772, 2.6457 -0.6417 0.1772, 2.6457 -0.5827 0.1772, 2.8661 -0.5827 0.1772, 4.1535 -0.4646 0.1772, 0.5039 -0.5827 0.1772, 0.5039 -0.6417 0.1772, 1.0709 -0.6417 0.1772, 3.6535 -0.6417 0.1772, 4.1535 -0.6417 0.1772, 3.6535 -0.5827 0.1772, 3.4331 -0.5827 0.1772, 3.4331 -0.6417 0.1772, 2.8661 -0.6417 0.1772, -4.1535 -0.6417 0.1772, -3.6535 -0.6417 0.1772, -4.1535 -0.4646 0.1772, -3.6535 -0.5827 0.1772, -3.4331 -0.5827 0.1772, 1.2913 -0.6417 0.1772, 1.8583 -0.6417 0.1772, 1.2913 -0.5827 0.1772, 1.8583 -0.5827 0.1772, -3.4331 -0.6417 0.1772, -2.8661 -0.6417 0.1772, -2.8661 -0.5827 0.1772, -2.6457 -0.5827 0.1772, -2.6457 -0.6417 0.1772, -2.0787 -0.6417 0.1772, -2.0787 -0.5827 0.1772, -1.8583 -0.5827 0.1772, -1.8583 -0.6417 0.1772, -1.2913 -0.6417 0.1772, -1.2913 -0.5827 0.1772, -1.0709 -0.5827 0.1772, -1.0709 -0.6417 0.1772, -0.5039 -0.6417 0.1772, -0.5039 -0.5827 0.1772, -0.2835 -0.5827 0.1772, 1.0709 -0.5827 0.1772, 0.2835 -0.5827 0.1772, 0.2835 -0.6417 0.1772, -0.2835 -0.6417 0.1772, 3.563 -0.6614 1.8504, -3.563 -0.6614 1.8504, -3.2283 -0.6614 1.6142, -3.8583 -0.6614 1.6142, -2.4409 -0.6614 1.6142, -2.4409 -0.6614 1.2205, -2.2835 -0.6614 1.2205, 3.8583 -0.6614 1.2205, 4.1535 -0.6614 1.2205, 3.8583 -0.6614 1.6142, 4.1535 -0.6614 1.4765, 4.685 -0.6614 2.1457, 4.1535 -0.6614 2.1457, 4.685 -0.6614 1.4765, 4.1535 -0.6614 1.9685, -0.7087 -0.6614 1.6142, -0.0787 -0.6614 1.6142, -2.2835 -0.6614 1.6142, -1.6535 -0.6614 1.6142, -0.8661 -0.6614 1.6142, -0.8661 -0.6614 1.2205, -0.7087 -0.6614 1.2205, -1.4961 -0.6614 1.6142, -1.4961 -0.6614 1.2205, -1.6535 -0.6614 1.2205, 0.8661 -0.6614 1.6142, 1.4961 -0.6614 1.6142, -4.1535 -0.6614 2.1457, -4.685 -0.6614 2.1457, -4.1535 -0.6614 1.9685, -4.685 -0.6614 1.4765, -3.7205 -0.6614 1.9685, -4.1535 -0.6614 1.4765, -3.0709 -0.6614 1.6142, -3.0709 -0.6614 1.2205, -3.2283 -0.6614 1.2205, 0.7087 -0.6614 1.6142, 0.7087 -0.6614 1.2205, 0.8661 -0.6614 1.2205, -4.1535 -0.6614 1.2205, -3.8583 -0.6614 1.2205, -3.7205 -0.6614 2.1457, -3.563 -0.6614 2.0866, 3.7205 -0.6614 2.1457, 3.563 -0.6614 2.0866, 3.7205 -0.6614 1.9685, 0.0787 -0.6614 1.6142, 0.0787 -0.6614 1.2205, -0.0787 -0.6614 1.2205, 2.4409 -0.6614 1.6142, 3.0709 -0.6614 1.6142, 2.2835 -0.6614 1.6142, 2.2835 -0.6614 1.2205, 2.4409 -0.6614 1.2205, 1.6535 -0.6614 1.6142, 1.6535 -0.6614 1.2205, 1.4961 -0.6614 1.2205, 3.2283 -0.6614 1.6142, 3.2283 -0.6614 1.2205, 3.0709 -0.6614 1.2205, -3.4331 -0.5827 1.2874, -3.4331 -0.1063 1.2874, -3.6535 -0.5827 1.2874, -3.6535 -0.1063 1.2874, -3.6535 -0.1063 1.5079, -3.6535 -0.5827 1.5079, -3.4331 -0.1063 1.5079, -3.4331 -0.5827 1.5079, -3.6732 -0.6614 0.1575, -4.1535 -0.6614 0.1575, -3.6732 -0.6614 0.0394, -4.1535 -0.6614 0.0394, -3.8372 -0.1063 0.8756, -3.8386 -0.1063 0.8858, -3.2772 -0.1063 0.8478, -3.2874 -0.1063 0.8465, -3.2494 -0.1063 0.8756, -3.2533 -0.1063 0.8661, -3.8386 -0.1063 1.7913, -3.248 -0.1063 1.7913, -3.248 -0.1063 0.8858, -3.2596 -0.1063 0.858, -3.2677 -0.1063 0.8517, -3.7992 -0.1063 0.8465, -3.8094 -0.1063 0.8478, -3.8189 -0.1063 0.8517, -3.8271 -0.1063 0.858, -3.8333 -0.1063 0.8661, -3.8271 -0.3031 0.858, -4.1732 -0.3031 0.1772, -3.8333 -0.3031 0.8661, -3.8372 -0.3031 0.8756, -4.1732 -0.3031 1.7913, -3.8386 -0.3031 1.7913, -3.8386 -0.3031 0.8858, -3.2494 -0.3031 0.8756, -3.0459 -0.3031 0.8661, -3.2533 -0.3031 0.8661, -3.2596 -0.3031 0.858, -3.0396 -0.3031 0.858, -3.0315 -0.3031 0.8517, -3.022 -0.3031 0.8478, -3.0118 -0.3031 0.8465, 4.1732 -0.3031 0.1772, -2.5 -0.3031 0.8465, -2.4898 -0.3031 0.8478, -2.4803 -0.3031 0.8517, -2.4722 -0.3031 0.858, -2.4659 -0.3031 0.8661, 2.2522 -0.3031 0.858, 2.2585 -0.3031 0.8661, -2.4606 -0.3031 0.8858, -2.4606 -0.3031 2.0276, -2.2638 -0.3031 2.0276, 1.4472 -0.3031 0.8478, 1.4567 -0.3031 0.8517, 1.6785 -0.3031 0.8661, -3.8189 -0.3031 0.8517, -3.8094 -0.3031 0.8478, -3.7992 -0.3031 0.8465, -3.248 -0.3031 1.7913, -3.0512 -0.3031 1.7913, -3.248 -0.3031 0.8858, -3.0512 -0.3031 0.8858, -3.0498 -0.3031 0.8756, -2.2638 -0.3031 0.8858, -2.2624 -0.3031 0.8756, -2.462 -0.3031 0.8756, -2.2585 -0.3031 0.8661, -2.2522 -0.3031 0.858, -2.2441 -0.3031 0.8517, -1.7024 -0.3031 0.8478, -1.6929 -0.3031 0.8517, -1.6848 -0.3031 0.858, -1.6785 -0.3031 0.8661, 1.4648 -0.3031 0.858, 1.4711 -0.3031 0.8661, 1.475 -0.3031 0.8756, -3.2874 -0.3031 0.8465, -3.2772 -0.3031 0.8478, -3.2677 -0.3031 0.8517, -2.2346 -0.3031 0.8478, -2.2244 -0.3031 0.8465, -1.7126 -0.3031 0.8465, 0.8872 -0.3031 0.8756, 0.8911 -0.3031 0.8661, 0.6598 -0.3031 0.8478, 0.8974 -0.3031 0.858, 0.9055 -0.3031 0.8517, 1.6929 -0.3031 0.8517, 1.7024 -0.3031 0.8478, 1.437 -0.3031 0.8465, 3.0118 -0.3031 0.8465, 3.022 -0.3031 0.8478, 1.4764 -0.3031 2.0276, 1.6732 -0.3031 2.0276, 1.4764 -0.3031 0.8858, 1.6732 -0.3031 0.8858, 1.6746 -0.3031 0.8756, -1.475 -0.3031 0.8756, -1.4711 -0.3031 0.8661, -1.4648 -0.3031 0.858, -1.4567 -0.3031 0.8517, 0.6693 -0.3031 0.8517, 0.6774 -0.3031 0.858, 0.6837 -0.3031 0.8661, 2.2638 -0.3031 0.8858, 2.2638 -0.3031 2.0276, 2.4606 -0.3031 2.0276, 3.2596 -0.3031 0.858, 3.0459 -0.3031 0.8661, 3.2533 -0.3031 0.8661, 3.2494 -0.3031 0.8756, -1.6732 -0.3031 0.8858, -1.6732 -0.3031 2.0276, -1.4764 -0.3031 2.0276, -0.8974 -0.3031 0.858, -0.9055 -0.3031 0.8517, -0.915 -0.3031 0.8478, 0.1181 -0.3031 0.8517, 0.1276 -0.3031 0.8478, -0.11 -0.3031 0.858, 1.6848 -0.3031 0.858, 2.2441 -0.3031 0.8517, 2.4722 -0.3031 0.858, 2.4659 -0.3031 0.8661, 2.2624 -0.3031 0.8756, 2.462 -0.3031 0.8756, 2.4606 -0.3031 0.8858, 2.4803 -0.3031 0.8517, 2.4898 -0.3031 0.8478, 2.5 -0.3031 0.8465, 3.0315 -0.3031 0.8517, 3.0396 -0.3031 0.858, 3.8271 -0.3031 0.858, 3.8333 -0.3031 0.8661, -1.6746 -0.3031 0.8756, -1.4764 -0.3031 0.8858, -0.8911 -0.3031 0.8661, -0.6693 -0.3031 0.8517, -0.8872 -0.3031 0.8756, -0.6774 -0.3031 0.858, -0.6837 -0.3031 0.8661, -0.1181 -0.3031 0.8517, 3.0512 -0.3031 0.8858, 3.0512 -0.3031 1.7913, 3.248 -0.3031 1.7913, 3.8386 -0.3031 1.7913, 4.1732 -0.3031 1.7913, 3.8386 -0.3031 0.8858, 3.8372 -0.3031 0.8756, -1.4472 -0.3031 0.8478, -1.437 -0.3031 0.8465, -0.9252 -0.3031 0.8465, 0.1037 -0.3031 0.8661, 0.11 -0.3031 0.858, -0.0998 -0.3031 0.8756, -0.1276 -0.3031 0.8478, 0.1378 -0.3031 0.8465, 0.6496 -0.3031 0.8465, 0.689 -0.3031 0.8858, 0.689 -0.3031 2.0276, 0.8858 -0.3031 2.0276, 1.7126 -0.3031 0.8465, 2.2244 -0.3031 0.8465, 2.2346 -0.3031 0.8478, 3.0498 -0.3031 0.8756, 3.248 -0.3031 0.8858, -0.6598 -0.3031 0.8478, -0.6496 -0.3031 0.8465, -0.1378 -0.3031 0.8465, 0.6876 -0.3031 0.8756, 0.8858 -0.3031 0.8858, 0.915 -0.3031 0.8478, 0.9252 -0.3031 0.8465, 3.7992 -0.3031 0.8465, 3.8094 -0.3031 0.8478, 3.8189 -0.3031 0.8517, -0.8858 -0.3031 2.0276, -0.689 -0.3031 2.0276, -0.8858 -0.3031 0.8858, -0.689 -0.3031 0.8858, -0.6876 -0.3031 0.8756, -0.1037 -0.3031 0.8661, 3.2677 -0.3031 0.8517, 3.2772 -0.3031 0.8478, 3.2874 -0.3031 0.8465, -0.0984 -0.3031 2.0276, 0.0984 -0.3031 2.0276, -0.0984 -0.3031 0.8858, 0.0984 -0.3031 0.8858, 0.0998 -0.3031 0.8756, 3.0512 -0.1063 1.7913, 2.5984 -0.1063 1.7913, 2.5984 1.626 1.7913, 3.8386 -0.1063 1.7913, 3.248 -0.1063 1.7913, 4.1732 1.626 1.7913, 3.7402 -0.1063 2.0276, 3.7402 -0.1063 1.9882, 3.7402 0.9134 1.9882, 3.7402 -0.6417 2.1457, 3.7402 -0.6417 1.9882, 3.7402 -0.3031 1.9882, 3.7402 -0.3031 2.0276, 3.7402 0.9134 2.1457, 3.8386 -0.3031 1.9882, 4.1339 -0.6417 1.9882, 3.8386 -0.1063 1.9882, 4.1339 0.9134 1.9882, -2.5984 -0.1063 2.0276, -2.5984 1.626 2.0276, -2.4606 -0.1063 2.0276, 2.5984 1.626 2.0276, -2.2638 -0.1063 2.0276, 2.5984 -0.1063 2.0276, 2.4606 -0.1063 2.0276, 2.2638 -0.1063 2.0276, 1.6732 -0.1063 2.0276, 1.4764 -0.1063 2.0276, 0.8858 -0.1063 2.0276, 0.689 -0.1063 2.0276, 0.0984 -0.1063 2.0276, -0.0984 -0.1063 2.0276, -0.689 -0.1063 2.0276, -0.8858 -0.1063 2.0276, -1.4764 -0.1063 2.0276, -1.6732 -0.1063 2.0276, -2.5984 1.626 1.7913, -2.5984 -0.1063 1.7913, -4.1732 1.626 1.7913, -3.0512 -0.1063 1.7913, -3.7402 -0.3031 1.9882, -3.7402 -0.6417 1.9882, -3.7402 -0.3031 2.0276, -3.7402 -0.6417 2.1457, -3.7402 -0.1063 2.0276, -3.7402 0.9134 2.1457, -3.7402 -0.1063 1.9882, -3.7402 0.9134 1.9882, -3.8386 -0.1063 1.9882, -4.1339 -0.6417 1.9882, -3.8386 -0.3031 1.9882, -4.1339 0.9134 1.9882, 4.2126 1.6654 0.7677, 4.3307 1.6654 0.7677, 4.2126 1.6654 0.1378, 4.3307 1.6654 0.0591, -4.2126 1.6654 0.1378, -4.3307 1.6654 0.0591, -4.2126 1.6654 0.7677, -4.3307 1.6654 0.7677, 4.3307 1.6654 1.3583, 4.2126 1.6654 1.3583, 4.3307 1.6654 2.1457, 4.2126 1.6654 1.8307, -2.6378 1.6654 2.0669, -4.3307 1.6654 2.1457, 3.7008 1.6654 2.1457, 4.1732 1.6654 2.1457, 4.1732 1.6654 1.9488, 3.7008 1.6654 1.9488, 2.6378 1.6654 1.8307, 2.6378 1.6654 2.0669, -4.2126 1.6654 1.3583, -4.3307 1.6654 1.3583, -4.2126 1.6654 1.8307, -2.6378 1.6654 1.8307, 4.3701 0.4843 0.3346, 4.3701 0.4843 0.0394, 4.3701 -1.0905 1.3189, 4.3701 -1.0905 0.8071, 4.3701 -0.5394 1.3189, 4.3701 1.2769 1.2992, 4.3701 1.2832 1.3074, 4.3701 -0.5394 1.9094, 4.3701 1.626 2.1457, 4.3701 1.2717 2.1457, 4.3701 1.626 1.3189, 4.3701 1.2717 1.9094, 4.3701 1.311 1.3189, 4.3701 1.3008 1.3176, 4.3701 1.626 0.0394, 4.3701 1.626 0.8071, 4.3701 1.311 0.8071, 4.3701 1.3023 0.8081, 4.3701 1.2939 0.811, 4.3701 1.2913 1.3136, 4.3701 1.2865 0.8157, 4.3701 1.2802 0.8219, 4.3701 1.2756 0.8294, 4.3701 1.2726 0.8377, 4.3701 1.2717 0.8465, 4.3701 1.2717 1.2795, 4.3701 1.273 1.2897, 4.1732 1.311 0.8071, 4.1732 1.626 0.8071, 4.1732 1.626 0.1772, 4.1732 1.273 0.8363, 4.1732 1.2769 0.8268, 4.1732 1.2832 0.8186, 4.1732 1.2913 0.8124, 4.1732 1.3008 0.8084, 4.1732 1.2756 1.2966, 4.1732 1.2802 1.3041, 4.1732 1.2865 1.3103, 4.1732 1.2726 1.2883, 4.1732 1.2717 1.2795, 4.1732 1.2717 0.8465, 4.1732 1.626 1.3189, 4.1732 1.311 1.3189, 4.1732 1.3023 1.3179, 4.1732 1.2939 1.315, 4.685 1.2717 1.9094, 4.685 1.2717 2.1457, -4.685 1.2717 2.1457, -4.3701 1.2717 2.1457, -4.685 1.2717 1.9094, -4.3701 1.2717 1.9094, -4.7244 1.2323 2.1457, -4.7244 1.2323 1.9488, -4.7244 -0.622 2.1457, -4.7244 -0.5787 1.9488, -4.7244 -0.622 1.427, -4.7244 -0.5787 1.3583, -4.7244 -1.0118 1.3583, -3.7008 -0.622 2.185, 3.7008 -0.622 2.185, 3.7008 0.9528 2.185, -3.7008 0.9528 2.185, 3.7008 1.1142 2.185, 4.1732 1.1142 2.185, -4.1732 -0.622 2.185, -4.1732 0.9528 2.185, -4.685 -0.622 2.185, -4.685 1.2323 2.185, 4.1732 -0.622 2.185, 4.685 -0.622 2.185, 4.1732 0.9528 2.185, 4.685 1.2323 2.185, 4.3307 1.2323 2.185, 3.7008 1.626 2.185, -4.3307 1.626 2.185, -4.3307 1.2323 2.185, 4.3307 1.626 2.185, 4.1732 1.626 2.185, -4.1929 -1.685 1.2135, -4.685 -1.685 1.2135, -4.1929 -1.685 0.0984, -4.685 -1.685 0.0984, 4.1929 -1.685 0.0984, 4.685 -1.685 0.0984, 4.1929 -1.685 1.2135, 4.685 -1.685 1.2135, -4.1732 -1.6063 0.0394, -4.1732 -0.6811 0.0394, -4.1732 -0.6811 0.1575, -4.1732 -0.6798 0.1677, -4.1732 -1.6654 0.0984, -4.1732 -0.6758 0.1772, -4.1732 -0.6696 0.1853, -4.1732 -0.6614 0.1916, -4.1732 -0.6696 1.1926, -4.1732 -0.6519 0.1955, -4.1732 -0.6614 1.1864, -4.1732 -1.6654 1.2135, -4.1732 -0.6798 1.2103, -4.1732 -0.6811 1.2205, -4.1732 -0.6758 1.2008, -4.1732 -1.6633 0.0831, -4.1732 -1.6574 0.0689, -4.1732 -0.4646 0.1969, -4.1732 -0.4646 1.1811, -4.1732 -0.6417 0.1969, -4.1732 -0.6417 1.1811, -4.1732 -0.6519 1.1824, -4.1732 -0.6811 1.4366, -4.1732 -1.6166 1.2716, -4.1732 -1.6297 1.2677, -4.1732 -1.6481 0.0567, -4.1732 -1.6358 0.0473, -4.1732 -1.6216 0.0414, -4.1732 -1.6591 1.24, -4.1732 -1.6638 1.2271, -4.1732 -1.6515 1.2514, -4.1732 -1.6416 1.2608, 4.1732 -0.6758 1.2008, 4.1732 -0.6696 1.1926, 4.1732 -1.6654 0.0984, 4.1732 -0.6798 0.1677, 4.1732 -0.6811 0.1575, 4.1732 -1.6297 1.2677, 4.1732 -1.6166 1.2716, 4.1732 -1.6654 1.2135, 4.1732 -0.6519 0.1955, 4.1732 -0.6614 1.1864, 4.1732 -0.6614 0.1916, 4.1732 -0.6696 0.1853, 4.1732 -0.6758 0.1772, 4.1732 -1.6638 1.2271, 4.1732 -1.6591 1.24, 4.1732 -1.6515 1.2514, 4.1732 -0.6798 1.2103, 4.1732 -0.6811 1.2205, 4.1732 -0.6811 1.4366, 4.1732 -0.6417 1.1811, 4.1732 -0.4646 1.1811, 4.1732 -0.4646 0.1969, 4.1732 -0.6519 1.1824, 4.1732 -0.6417 0.1969, 4.1732 -0.6811 0.0394, 4.1732 -1.6063 0.0394, 4.1732 -1.6633 0.0831, 4.1732 -1.6574 0.0689, 4.1732 -1.6416 1.2608, 4.1732 -1.6481 0.0567, 4.1732 -1.6216 0.0414, 4.1732 -1.6358 0.0473, -4.3701 0.4843 0.0394, -4.3701 0.4843 0.3346, -4.3701 1.626 0.0394, -4.3701 -1.0905 0.8071, -4.3701 -0.5394 1.3189, -4.3701 -1.0905 1.3189, -4.3701 1.2832 0.8186, -4.3701 1.2913 0.8124, -4.3701 1.626 0.8071, -4.3701 1.311 0.8071, -4.3701 1.3008 0.8084, -4.3701 1.626 2.1457, -4.3701 1.626 1.3189, -4.3701 1.311 1.3189, -4.3701 1.2717 1.2795, -4.3701 1.273 1.2897, -4.3701 -0.5394 1.9094, -4.3701 1.2769 1.2992, -4.3701 1.2717 0.8465, -4.3701 1.273 0.8363, -4.3701 1.2769 0.8268, -4.3701 1.3008 1.3176, -4.3701 1.2913 1.3136, -4.3701 1.2832 1.3074, -4.1732 1.311 1.3189, -4.1732 1.626 1.3189, -4.1732 1.626 0.8071, -4.1732 1.311 0.8071, -4.1732 1.626 0.1772, -4.1732 1.3008 0.8084, -4.1732 1.273 1.2897, -4.1732 1.2769 1.2992, -4.1732 1.2913 0.8124, -4.1732 1.2832 0.8186, -4.1732 1.2769 0.8268, -4.1732 1.2832 1.3074, -4.1732 1.2913 1.3136, -4.1732 1.3008 1.3176, -4.1732 1.273 0.8363, -4.1732 1.2717 0.8465, -4.1732 1.2717 1.2795, 4.1339 -0.6417 2.1457, 4.1339 0.9134 2.1457, -4.1339 -0.6417 2.1457, -4.1339 0.9134 2.1457, 3.7402 1.1535 2.1457, 3.7402 1.1535 1.9882, 3.7402 1.626 2.1457, 3.7402 1.626 1.9882, 4.1339 1.626 2.1457, 4.1339 1.626 1.9882, 4.1339 1.1535 2.1457, 4.1339 1.1535 1.9882, -4.685 -0.5394 1.9094, -4.685 -0.5394 1.3189, -4.685 -1.0905 1.3189, -4.685 -1.0905 0.8071, 4.685 -1.0905 0.8071, 4.685 -1.0905 1.3189, 4.685 -0.5394 1.3189, 4.685 -0.5394 1.9094, 4.1929 -1.62 1.291, 4.685 -1.62 1.291, 4.1929 -0.6845 1.4559, 4.685 -0.6777 1.4572, 4.1923 -0.6777 1.4572, -4.685 -1.62 1.291, -4.1929 -1.62 1.291, -4.685 -0.6777 1.4572, -4.1929 -0.6845 1.4559, -4.1923 -0.6777 1.4572, -3.8386 -0.3031 2.0276, -3.8386 -0.1063 2.0276, -2.6457 -0.1063 1.5079, -2.6457 -0.1063 1.2874, -2.4606 -0.1063 0.8858, -2.462 -0.1063 0.8756, -2.8661 -0.1063 1.5079, -3.0512 -0.1063 0.8858, -2.8661 -0.1063 1.2874, -3.0118 -0.1063 0.8465, -2.5 -0.1063 0.8465, -2.4898 -0.1063 0.8478, -2.4803 -0.1063 0.8517, -2.4659 -0.1063 0.8661, -2.4722 -0.1063 0.858, -3.022 -0.1063 0.8478, -3.0315 -0.1063 0.8517, -3.0396 -0.1063 0.858, -3.0459 -0.1063 0.8661, -3.0498 -0.1063 0.8756, -1.7126 -0.1063 0.8465, -2.2244 -0.1063 0.8465, -2.2638 -0.1063 0.8858, -1.6732 -0.1063 0.8858, -2.0787 -0.1063 1.2874, -2.0787 -0.1063 1.5079, -1.8583 -0.1063 1.5079, -1.8583 -0.1063 1.2874, -1.6746 -0.1063 0.8756, -1.7024 -0.1063 0.8478, -1.6929 -0.1063 0.8517, -1.6785 -0.1063 0.8661, -1.6848 -0.1063 0.858, -2.2346 -0.1063 0.8478, -2.2441 -0.1063 0.8517, -2.2522 -0.1063 0.858, -2.2585 -0.1063 0.8661, -2.2624 -0.1063 0.8756, -1.437 -0.1063 0.8465, -0.9252 -0.1063 0.8465, -1.4764 -0.1063 0.8858, -0.8858 -0.1063 0.8858, -0.8872 -0.1063 0.8756, -0.8911 -0.1063 0.8661, -1.0709 -0.1063 1.2874, -0.8974 -0.1063 0.858, -0.9055 -0.1063 0.8517, -0.915 -0.1063 0.8478, -1.2913 -0.1063 1.2874, -1.4472 -0.1063 0.8478, -1.4567 -0.1063 0.8517, -1.4648 -0.1063 0.858, -1.4711 -0.1063 0.8661, -1.475 -0.1063 0.8756, -1.2913 -0.1063 1.5079, -1.0709 -0.1063 1.5079, -0.6496 -0.1063 0.8465, -0.1378 -0.1063 0.8465, -0.689 -0.1063 0.8858, -0.0984 -0.1063 0.8858, -0.5039 -0.1063 1.2874, -0.5039 -0.1063 1.5079, -0.2835 -0.1063 1.5079, -0.2835 -0.1063 1.2874, -0.1276 -0.1063 0.8478, -0.0998 -0.1063 0.8756, -0.1037 -0.1063 0.8661, -0.11 -0.1063 0.858, -0.1181 -0.1063 0.8517, -0.6598 -0.1063 0.8478, -0.6693 -0.1063 0.8517, -0.6774 -0.1063 0.858, -0.6837 -0.1063 0.8661, -0.6876 -0.1063 0.8756, 0.6496 -0.1063 0.8465, 0.1378 -0.1063 0.8465, 0.0984 -0.1063 0.8858, 0.689 -0.1063 0.8858, 0.0998 -0.1063 0.8756, 0.2835 -0.1063 1.2874, 0.2835 -0.1063 1.5079, 0.5039 -0.1063 1.5079, 0.5039 -0.1063 1.2874, 0.6876 -0.1063 0.8756, 0.1276 -0.1063 0.8478, 0.1181 -0.1063 0.8517, 0.6693 -0.1063 0.8517, 0.6598 -0.1063 0.8478, 0.6837 -0.1063 0.8661, 0.6774 -0.1063 0.858, 0.11 -0.1063 0.858, 0.1037 -0.1063 0.8661, 1.437 -0.1063 0.8465, 0.9252 -0.1063 0.8465, 0.8858 -0.1063 0.8858, 1.4764 -0.1063 0.8858, 1.475 -0.1063 0.8756, 1.4711 -0.1063 0.8661, 1.2913 -0.1063 1.2874, 1.4648 -0.1063 0.858, 1.4567 -0.1063 0.8517, 1.4472 -0.1063 0.8478, 1.0709 -0.1063 1.2874, 0.915 -0.1063 0.8478, 0.9055 -0.1063 0.8517, 0.8974 -0.1063 0.858, 0.8911 -0.1063 0.8661, 0.8872 -0.1063 0.8756, 1.0709 -0.1063 1.5079, 1.2913 -0.1063 1.5079, 2.2244 -0.1063 0.8465, 1.7126 -0.1063 0.8465, 1.6732 -0.1063 0.8858, 2.2638 -0.1063 0.8858, 1.8583 -0.1063 1.2874, 1.8583 -0.1063 1.5079, 2.0787 -0.1063 1.5079, 2.0787 -0.1063 1.2874, 2.2624 -0.1063 0.8756, 2.2346 -0.1063 0.8478, 2.2441 -0.1063 0.8517, 2.2585 -0.1063 0.8661, 2.2522 -0.1063 0.858, 1.7024 -0.1063 0.8478, 1.6929 -0.1063 0.8517, 1.6848 -0.1063 0.858, 1.6785 -0.1063 0.8661, 1.6746 -0.1063 0.8756, 3.0512 -0.1063 0.8858, 2.6457 -0.1063 1.5079, 2.6457 -0.1063 1.2874, 2.4606 -0.1063 0.8858, 2.8661 -0.1063 1.5079, 2.8661 -0.1063 1.2874, 3.0498 -0.1063 0.8756, 2.5 -0.1063 0.8465, 3.0118 -0.1063 0.8465, 3.022 -0.1063 0.8478, 3.0315 -0.1063 0.8517, 3.0459 -0.1063 0.8661, 3.0396 -0.1063 0.858, 2.4898 -0.1063 0.8478, 2.4803 -0.1063 0.8517, 2.4722 -0.1063 0.858, 2.4659 -0.1063 0.8661, 2.462 -0.1063 0.8756, 3.8386 -0.1063 2.0276, 3.8386 -0.3031 2.0276, 3.248 -0.1063 0.8858, 3.8386 -0.1063 0.8858, 3.2494 -0.1063 0.8756, 3.4331 -0.1063 1.2874, 3.8094 -0.1063 0.8478, 3.7992 -0.1063 0.8465, 3.6535 -0.1063 1.2874, 3.8372 -0.1063 0.8756, 3.8333 -0.1063 0.8661, 3.4331 -0.1063 1.5079, 3.6535 -0.1063 1.5079, 3.8271 -0.1063 0.858, 3.8189 -0.1063 0.8517, 3.2874 -0.1063 0.8465, 3.2772 -0.1063 0.8478, 3.2677 -0.1063 0.8517, 3.2596 -0.1063 0.858, 3.2533 -0.1063 0.8661, 3.4331 -0.5827 1.5079, 3.6535 -0.5827 1.5079, 3.6535 -0.5827 1.2874, 3.4331 -0.5827 1.2874, 2.6457 -0.5827 1.5079, 2.8661 -0.5827 1.5079, 2.8661 -0.5827 1.2874, 2.6457 -0.5827 1.2874, 1.8583 -0.5827 1.5079, 2.0787 -0.5827 1.5079, 2.0787 -0.5827 1.2874, 1.8583 -0.5827 1.2874, 1.0709 -0.5827 1.5079, 1.2913 -0.5827 1.5079, 1.2913 -0.5827 1.2874, 1.0709 -0.5827 1.2874, 0.2835 -0.5827 1.5079, 0.5039 -0.5827 1.5079, 0.5039 -0.5827 1.2874, 0.2835 -0.5827 1.2874, -0.5039 -0.5827 1.5079, -0.2835 -0.5827 1.5079, -0.2835 -0.5827 1.2874, -0.5039 -0.5827 1.2874, -1.2913 -0.5827 1.5079, -1.0709 -0.5827 1.5079, -1.0709 -0.5827 1.2874, -1.2913 -0.5827 1.2874, -2.0787 -0.5827 1.5079, -1.8583 -0.5827 1.5079, -1.8583 -0.5827 1.2874, -2.0787 -0.5827 1.2874, -2.8661 -0.5827 1.5079, -2.6457 -0.5827 1.5079, -2.6457 -0.5827 1.2874, -2.8661 -0.5827 1.2874, -3.5433 -0.6417 1.8701, -3.5433 -0.4646 1.8701, -3.5433 -0.6417 2.0669, -3.5433 -0.4646 2.0669, 3.5433 -0.6417 2.0669, 3.5433 -0.4646 2.0669, 3.5433 -0.6417 1.8701, 3.5433 -0.4646 1.8701, -3.8386 -0.6417 1.2008, -3.8386 -0.5827 1.2008, -3.8386 -0.6417 1.5945, -3.8386 -0.5827 1.5945, -3.248 -0.6417 1.5945, -3.248 -0.5827 1.5945, -3.248 -0.6417 1.2008, -3.248 -0.5827 1.2008, -2.4606 -0.5827 1.5945, -3.0512 -0.5827 1.5945, -3.0512 -0.5827 1.2008, -2.4606 -0.5827 1.2008, -3.0512 -0.6417 1.5945, -2.4606 -0.6417 1.5945, -2.4606 -0.6417 1.2008, -3.0512 -0.6417 1.2008, -1.6732 -0.5827 1.5945, -2.2638 -0.5827 1.5945, -2.2638 -0.5827 1.2008, -1.6732 -0.5827 1.2008, -2.2638 -0.6417 1.5945, -1.6732 -0.6417 1.5945, -1.6732 -0.6417 1.2008, -2.2638 -0.6417 1.2008, -0.8858 -0.5827 1.5945, -1.4764 -0.5827 1.5945, -1.4764 -0.5827 1.2008, -0.8858 -0.5827 1.2008, -1.4764 -0.6417 1.5945, -0.8858 -0.6417 1.5945, -0.8858 -0.6417 1.2008, -1.4764 -0.6417 1.2008, -0.0984 -0.5827 1.5945, -0.689 -0.5827 1.5945, -0.689 -0.5827 1.2008, -0.0984 -0.5827 1.2008, -0.689 -0.6417 1.5945, -0.0984 -0.6417 1.5945, -0.0984 -0.6417 1.2008, -0.689 -0.6417 1.2008, 0.689 -0.5827 1.5945, 0.0984 -0.5827 1.5945, 0.0984 -0.5827 1.2008, 0.689 -0.5827 1.2008, 0.0984 -0.6417 1.5945, 0.689 -0.6417 1.5945, 0.689 -0.6417 1.2008, 0.0984 -0.6417 1.2008, 1.4764 -0.5827 1.5945, 0.8858 -0.5827 1.5945, 0.8858 -0.5827 1.2008, 1.4764 -0.5827 1.2008, 0.8858 -0.6417 1.5945, 1.4764 -0.6417 1.5945, 1.4764 -0.6417 1.2008, 0.8858 -0.6417 1.2008, 2.2638 -0.5827 1.5945, 1.6732 -0.5827 1.5945, 1.6732 -0.5827 1.2008, 2.2638 -0.5827 1.2008, 1.6732 -0.6417 1.5945, 2.2638 -0.6417 1.5945, 2.2638 -0.6417 1.2008, 1.6732 -0.6417 1.2008, 3.0512 -0.5827 1.5945, 2.4606 -0.5827 1.5945, 2.4606 -0.5827 1.2008, 3.0512 -0.5827 1.2008, 2.4606 -0.6417 1.5945, 3.0512 -0.6417 1.5945, 3.0512 -0.6417 1.2008, 2.4606 -0.6417 1.2008, 3.8386 -0.5827 1.5945, 3.248 -0.5827 1.5945, 3.248 -0.5827 1.2008, 3.8386 -0.5827 1.2008, 3.248 -0.6417 1.5945, 3.8386 -0.6417 1.5945, 3.8386 -0.6417 1.2008, 3.248 -0.6417 1.2008, 4.1535 -0.4646 1.2008, 4.1535 -0.6417 1.2008, -4.1535 -0.4646 1.2008, -4.1535 -0.6417 1.2008, 4.1586 -0.4646 1.2001, 4.1726 -0.4646 1.1862, 4.1706 -0.4646 1.1909, 4.1675 -0.4646 1.195, -4.1726 -0.4646 1.1862, -4.1586 -0.4646 1.2001, -4.1634 -0.4646 1.1982, -4.1675 -0.4646 1.195, -4.1634 -0.4646 0.1798, -4.1675 -0.4646 0.1829, -4.1726 -0.4646 0.1918, -4.1706 -0.4646 0.187, -4.1586 -0.4646 0.1778, 4.1586 -0.4646 0.1778, 4.1634 -0.4646 1.1982, 4.1706 -0.4646 0.187, 4.1726 -0.4646 0.1918, 4.1675 -0.4646 0.1829, 4.1634 -0.4646 0.1798, -4.1706 -0.4646 1.1909, 3.6535 -0.6417 0.0394, 3.6535 -0.5827 0.0394, 3.4331 -0.6417 0.0394, 3.4331 -0.5827 0.0394, 2.8661 -0.6417 0.0394, 2.8661 -0.5827 0.0394, 2.6457 -0.6417 0.0394, 2.6457 -0.5827 0.0394, 2.0787 -0.6417 0.0394, 2.0787 -0.5827 0.0394, 1.8583 -0.6417 0.0394, 1.8583 -0.5827 0.0394, 1.2913 -0.6417 0.0394, 1.2913 -0.5827 0.0394, 1.0709 -0.6417 0.0394, 1.0709 -0.5827 0.0394, 0.5039 -0.6417 0.0394, 0.5039 -0.5827 0.0394, 0.2835 -0.6417 0.0394, 0.2835 -0.5827 0.0394, -0.2835 -0.6417 0.0394, -0.2835 -0.5827 0.0394, -0.5039 -0.6417 0.0394, -0.5039 -0.5827 0.0394, -1.0709 -0.6417 0.0394, -1.0709 -0.5827 0.0394, -1.2913 -0.6417 0.0394, -1.2913 -0.5827 0.0394, -1.8583 -0.6417 0.0394, -1.8583 -0.5827 0.0394, -2.0787 -0.6417 0.0394, -2.0787 -0.5827 0.0394, -2.6457 -0.6417 0.0394, -2.6457 -0.5827 0.0394, -2.8661 -0.6417 0.0394, -2.8661 -0.5827 0.0394, -3.6535 -0.6417 0.0394, -3.6535 -0.5827 0.0394, -3.4331 -0.6417 0.0394, -3.4331 -0.5827 0.0394, -4.685 0.4843 0.3346, -4.685 0.4843 0.0394, 4.685 0.4843 0.0394, 4.685 0.4843 0.3346
            ]
        }
        coordIndex [
            0,1,2,-1,2,1,3,-1,4,5,6,-1,6,5,7,-1,8,3,9,-1,9,3,10,-1,9,10,11,-1,11,10,12,-1,13,14,15,-1,16,17,3,-1,15,16,13,-1,13,16,3,-1,13,3,18,-1,18,3,8,-1,18,8,19,-1,19,8,20,-1,21,2,22,-1,22,2,3,-1,22,3,23,-1,23,3,17,-1,23,17,24,-1,24,17,25,-1,26,27,28,-1,28,27,29,-1,28,29,30,-1,30,31,28,-1,28,31,32,-1,28,32,33,-1,34,35,36,-1,37,38,33,-1,36,37,34,-1,34,37,33,-1,34,33,39,-1,39,33,32,-1,39,32,40,-1,40,32,41,-1,42,43,44,-1,44,43,45,-1,46,47,38,-1,38,47,48,-1,38,48,33,-1,33,48,44,-1,33,44,49,-1,49,44,45,-1,49,45,50,-1,50,45,51,-1,50,51,52,-1,53,54,6,-1,6,54,55,-1,56,55,57,-1,57,55,58,-1,59,4,51,-1,51,4,6,-1,51,6,52,-1,52,6,55,-1,52,55,60,-1,60,55,56,-1,61,53,62,-1,62,53,63,-1,62,63,58,-1,64,63,65,-1,65,63,66,-1,65,66,67,-1,67,66,68,-1,67,68,69,-1,70,71,72,-1,72,71,53,-1,72,53,73,-1,73,53,61,-1,73,61,74,-1,74,61,75,-1,69,28,67,-1,67,28,33,-1,67,33,76,-1,76,33,77,-1,76,77,78,-1,79,80,81,-1,81,80,82,-1,81,82,83,-1,84,85,81,-1,81,85,86,-1,87,88,89,-1,89,88,90,-1,86,91,81,-1,81,91,90,-1,81,90,92,-1,92,90,88,-1,93,63,94,-1,94,63,64,-1,94,64,95,-1,83,96,81,-1,81,96,97,-1,81,97,84,-1,78,98,76,-1,76,98,99,-1,76,99,100,-1,100,99,101,-1,100,101,102,-1,101,103,102,-1,102,103,104,-1,102,104,64,-1,64,104,105,-1,64,105,95,-1,93,106,63,-1,63,106,107,-1,63,107,108,-1,108,109,63,-1,63,109,110,-1,63,110,58,-1,58,110,111,-1,58,111,57,-1,57,111,112,-1,57,112,81,-1,81,112,113,-1,81,113,79,-1,114,115,6,-1,3,116,117,-1,118,119,6,-1,120,121,115,-1,115,121,122,-1,115,122,123,-1,6,119,114,-1,114,119,124,-1,114,124,125,-1,126,127,63,-1,63,128,129,-1,7,10,6,-1,6,10,3,-1,6,3,118,-1,118,3,117,-1,118,117,129,-1,129,117,130,-1,129,130,63,-1,53,6,63,-1,63,6,131,-1,63,131,126,-1,128,132,133,-1,123,134,115,-1,115,134,135,-1,115,135,6,-1,6,135,136,-1,6,136,131,-1,127,137,63,-1,63,137,138,-1,63,138,128,-1,128,138,139,-1,128,139,132,-1,133,140,128,-1,128,140,141,-1,128,141,115,-1,115,141,142,-1,115,142,120,-1,143,144,145,-1,146,147,148,-1,148,147,149,-1,148,149,150,-1,151,143,146,-1,146,143,145,-1,146,145,152,-1,152,145,153,-1,154,155,156,-1,148,157,146,-1,146,157,158,-1,146,158,159,-1,150,149,156,-1,156,149,160,-1,156,160,154,-1,159,161,146,-1,146,161,162,-1,146,162,151,-1,163,164,165,-1,165,164,166,-1,166,164,167,-1,166,167,168,-1,169,165,170,-1,170,165,171,-1,170,171,172,-1,173,167,174,-1,174,167,175,-1,173,176,167,-1,167,176,177,-1,167,177,168,-1,169,178,165,-1,165,178,179,-1,165,179,180,-1,180,181,165,-1,165,181,182,-1,165,182,163,-1,183,184,185,-1,185,184,186,-1,185,186,187,-1,187,186,188,-1,187,188,189,-1,189,188,190,-1,191,192,193,-1,193,192,194,-1,193,194,195,-1,195,194,196,-1,195,196,197,-1,197,196,198,-1,199,200,201,-1,202,203,204,-1,204,203,199,-1,204,199,205,-1,205,199,201,-1,206,207,208,-1,208,207,209,-1,210,211,212,-1,212,211,213,-1,214,215,216,-1,216,215,217,-1,218,219,220,-1,220,219,221,-1,222,223,224,-1,224,223,225,-1,226,227,228,-1,228,227,229,-1,230,231,232,-1,232,231,233,-1,234,235,236,-1,236,235,237,-1,238,239,240,-1,240,239,241,-1,242,243,244,-1,244,243,245,-1,246,247,248,-1,249,250,251,-1,252,253,254,-1,255,256,257,-1,257,256,251,-1,257,251,258,-1,258,251,250,-1,258,250,259,-1,259,250,260,-1,261,262,263,-1,263,262,264,-1,263,264,265,-1,266,267,268,-1,268,267,269,-1,270,271,265,-1,265,271,272,-1,265,272,263,-1,263,272,273,-1,274,275,273,-1,273,275,276,-1,273,276,263,-1,263,276,277,-1,278,279,277,-1,277,279,280,-1,277,280,263,-1,263,280,281,-1,282,283,281,-1,281,283,284,-1,281,284,263,-1,263,284,285,-1,254,286,252,-1,252,286,263,-1,252,263,287,-1,287,263,285,-1,287,285,288,-1,288,285,289,-1,248,249,246,-1,246,249,251,-1,246,251,269,-1,269,251,263,-1,269,263,268,-1,268,263,286,-1,290,291,292,-1,292,291,293,-1,294,295,296,-1,297,298,299,-1,299,298,300,-1,301,302,303,-1,303,302,304,-1,303,304,300,-1,305,306,290,-1,307,308,290,-1,309,310,311,-1,311,305,309,-1,309,305,290,-1,309,290,312,-1,312,290,308,-1,312,308,313,-1,313,308,314,-1,315,316,290,-1,317,318,319,-1,319,318,320,-1,319,320,321,-1,321,320,322,-1,296,307,294,-1,294,307,290,-1,294,290,323,-1,323,290,292,-1,323,292,324,-1,324,292,325,-1,326,327,328,-1,329,330,322,-1,322,330,293,-1,322,293,321,-1,321,293,291,-1,321,291,331,-1,331,291,332,-1,331,332,333,-1,333,332,334,-1,333,334,335,-1,328,315,326,-1,326,315,290,-1,326,290,336,-1,336,290,306,-1,336,306,337,-1,337,306,338,-1,339,340,290,-1,341,342,343,-1,343,339,341,-1,341,339,290,-1,341,290,344,-1,344,290,316,-1,344,316,345,-1,345,316,346,-1,304,335,300,-1,300,335,334,-1,300,334,299,-1,299,334,290,-1,299,290,347,-1,347,290,340,-1,347,340,348,-1,348,340,349,-1,350,351,352,-1,352,351,353,-1,353,354,352,-1,352,354,355,-1,354,356,355,-1,355,356,357,-1,357,356,350,-1,350,356,351,-1,358,359,360,-1,360,359,361,-1,362,363,353,-1,364,365,351,-1,366,367,351,-1,351,365,353,-1,353,363,354,-1,354,363,368,-1,354,368,356,-1,356,368,369,-1,356,369,351,-1,351,369,370,-1,351,370,366,-1,367,371,351,-1,351,371,372,-1,351,372,364,-1,365,373,353,-1,353,373,374,-1,353,374,375,-1,375,376,353,-1,353,376,377,-1,353,377,362,-1,378,379,380,-1,380,379,381,-1,382,383,379,-1,379,383,384,-1,379,384,381,-1,385,386,387,-1,387,386,388,-1,386,389,379,-1,379,389,390,-1,390,391,379,-1,379,391,392,-1,379,392,393,-1,393,392,394,-1,393,394,395,-1,395,396,393,-1,393,396,397,-1,393,397,398,-1,399,400,393,-1,401,402,403,-1,404,405,406,-1,378,407,379,-1,379,407,408,-1,379,408,409,-1,410,411,412,-1,412,411,413,-1,412,413,385,-1,385,413,414,-1,385,414,386,-1,403,415,401,-1,401,415,416,-1,401,416,417,-1,417,416,418,-1,417,418,398,-1,398,418,419,-1,398,419,420,-1,421,422,393,-1,393,422,423,-1,393,423,424,-1,405,425,406,-1,406,425,426,-1,406,426,427,-1,409,428,379,-1,379,428,429,-1,379,429,386,-1,386,429,430,-1,386,430,388,-1,420,431,398,-1,398,431,432,-1,398,432,393,-1,393,432,433,-1,393,433,421,-1,434,435,436,-1,436,435,437,-1,436,437,438,-1,439,440,441,-1,442,443,393,-1,444,445,446,-1,446,445,447,-1,446,447,427,-1,427,447,448,-1,427,448,406,-1,449,450,424,-1,424,450,451,-1,424,451,452,-1,436,453,434,-1,434,453,454,-1,434,454,455,-1,456,457,458,-1,459,460,461,-1,461,460,462,-1,463,464,465,-1,466,393,467,-1,467,393,468,-1,469,470,471,-1,404,406,441,-1,441,406,472,-1,441,472,439,-1,399,393,473,-1,474,400,475,-1,475,400,476,-1,475,476,477,-1,477,476,456,-1,477,456,478,-1,478,456,458,-1,474,479,400,-1,400,479,480,-1,400,480,393,-1,393,480,481,-1,393,481,442,-1,443,482,393,-1,393,482,483,-1,393,483,460,-1,393,484,485,-1,424,486,449,-1,449,486,463,-1,449,463,487,-1,487,463,465,-1,466,488,489,-1,489,488,490,-1,489,490,491,-1,491,490,492,-1,471,470,493,-1,494,495,496,-1,497,498,499,-1,499,498,393,-1,499,393,500,-1,500,393,485,-1,452,501,424,-1,424,501,502,-1,424,502,393,-1,393,502,503,-1,393,503,468,-1,504,505,506,-1,493,470,507,-1,507,470,508,-1,507,508,393,-1,393,508,509,-1,393,509,436,-1,510,511,512,-1,513,514,393,-1,393,514,515,-1,393,515,473,-1,460,516,462,-1,462,516,494,-1,462,494,517,-1,517,494,496,-1,489,518,466,-1,466,518,519,-1,466,519,393,-1,393,519,520,-1,393,520,507,-1,455,521,434,-1,434,521,510,-1,434,510,522,-1,522,510,512,-1,438,523,436,-1,436,523,524,-1,436,524,393,-1,393,524,441,-1,393,441,513,-1,513,441,440,-1,525,526,393,-1,393,526,527,-1,393,527,484,-1,528,529,530,-1,530,529,531,-1,530,531,490,-1,490,531,532,-1,490,532,492,-1,469,471,505,-1,505,471,533,-1,505,533,506,-1,459,534,460,-1,460,534,535,-1,460,535,393,-1,393,535,536,-1,393,536,525,-1,537,538,539,-1,539,538,540,-1,539,540,506,-1,506,540,541,-1,506,541,504,-1,542,543,544,-1,498,497,545,-1,546,496,495,-1,495,542,546,-1,546,542,544,-1,546,544,545,-1,545,544,547,-1,545,547,498,-1,548,549,550,-1,551,552,553,-1,553,554,551,-1,551,554,548,-1,551,548,555,-1,555,548,550,-1,553,552,556,-1,556,552,557,-1,556,557,558,-1,558,557,559,-1,558,559,549,-1,549,559,550,-1,560,561,562,-1,562,561,563,-1,564,403,402,-1,563,565,566,-1,458,457,566,-1,566,457,567,-1,566,567,563,-1,563,567,568,-1,445,444,568,-1,568,444,569,-1,568,569,563,-1,563,569,570,-1,512,511,570,-1,570,511,571,-1,570,571,563,-1,563,571,572,-1,538,537,572,-1,572,537,573,-1,572,573,563,-1,563,573,574,-1,529,528,574,-1,574,528,575,-1,574,575,563,-1,563,575,576,-1,465,464,576,-1,576,464,577,-1,576,577,563,-1,563,577,564,-1,563,564,562,-1,562,564,402,-1,544,543,563,-1,563,543,565,-1,561,560,578,-1,578,560,579,-1,578,579,580,-1,580,579,581,-1,383,382,368,-1,368,382,580,-1,368,580,369,-1,369,580,581,-1,369,581,410,-1,410,581,411,-1,582,583,584,-1,584,583,585,-1,584,585,586,-1,586,585,587,-1,586,587,588,-1,588,587,589,-1,590,588,589,-1,591,583,582,-1,582,592,591,-1,591,592,590,-1,591,590,593,-1,593,590,589,-1,594,595,596,-1,596,595,597,-1,596,597,598,-1,598,597,599,-1,598,599,600,-1,600,599,601,-1,602,603,604,-1,604,603,605,-1,606,607,608,-1,609,604,610,-1,610,604,605,-1,610,605,611,-1,611,605,612,-1,611,612,608,-1,608,612,613,-1,608,613,606,-1,614,615,616,-1,616,615,607,-1,616,607,617,-1,617,607,606,-1,192,618,619,-1,620,621,622,-1,622,621,194,-1,623,624,625,-1,626,627,628,-1,628,627,629,-1,628,629,630,-1,630,629,631,-1,619,632,192,-1,192,632,633,-1,192,633,634,-1,634,635,192,-1,192,635,636,-1,192,636,194,-1,625,624,629,-1,629,624,637,-1,629,637,631,-1,636,638,194,-1,194,638,639,-1,194,639,622,-1,622,639,640,-1,622,640,641,-1,641,642,622,-1,622,642,643,-1,622,643,625,-1,625,643,644,-1,625,644,623,-1,645,646,647,-1,648,649,393,-1,649,650,393,-1,393,650,651,-1,393,651,647,-1,647,651,652,-1,647,652,645,-1,653,498,654,-1,654,498,655,-1,653,656,498,-1,498,656,657,-1,498,657,393,-1,393,657,658,-1,393,658,648,-1,659,660,547,-1,547,660,661,-1,547,661,498,-1,498,661,662,-1,498,662,655,-1,663,629,664,-1,664,629,627,-1,665,666,667,-1,667,666,668,-1,669,670,671,-1,671,670,672,-1,671,672,673,-1,673,672,674,-1,673,674,675,-1,676,677,678,-1,679,676,680,-1,680,676,678,-1,680,678,681,-1,682,683,684,-1,684,683,685,-1,686,687,688,-1,688,687,689,-1,688,689,690,-1,680,691,679,-1,679,691,692,-1,679,692,683,-1,683,692,693,-1,683,693,685,-1,694,695,690,-1,690,695,681,-1,690,681,688,-1,688,681,678,-1,696,697,698,-1,698,697,699,-1,700,701,702,-1,702,701,703,-1,704,705,706,-1,706,707,708,-1,708,707,709,-1,710,711,712,-1,712,711,713,-1,712,713,714,-1,715,716,717,-1,716,715,718,-1,718,715,708,-1,718,708,712,-1,712,708,709,-1,712,709,710,-1,706,708,704,-1,704,708,719,-1,704,719,720,-1,721,722,723,-1,723,722,724,-1,723,724,713,-1,713,724,725,-1,713,725,714,-1,717,726,715,-1,715,726,727,-1,715,727,728,-1,720,729,704,-1,704,729,730,-1,704,730,731,-1,732,733,734,-1,734,733,715,-1,734,715,735,-1,735,715,728,-1,736,737,738,-1,738,739,740,-1,741,742,743,-1,744,737,745,-1,744,746,737,-1,737,746,747,-1,737,747,738,-1,738,747,748,-1,738,748,739,-1,749,750,751,-1,736,738,752,-1,752,738,743,-1,752,743,753,-1,753,743,742,-1,753,742,754,-1,755,756,757,-1,745,758,744,-1,744,758,755,-1,744,755,759,-1,759,755,757,-1,740,760,738,-1,738,760,761,-1,738,761,762,-1,762,761,763,-1,749,751,743,-1,743,751,764,-1,743,764,741,-1,763,761,765,-1,765,761,766,-1,765,766,767,-1,768,769,770,-1,770,769,190,-1,188,771,772,-1,772,771,773,-1,188,774,190,-1,190,774,775,-1,776,770,777,-1,777,770,190,-1,777,190,778,-1,778,190,775,-1,666,779,668,-1,668,779,780,-1,668,780,781,-1,782,772,783,-1,783,772,784,-1,783,784,785,-1,782,786,772,-1,772,786,787,-1,772,787,188,-1,188,787,788,-1,188,788,774,-1,781,789,668,-1,668,789,790,-1,668,790,784,-1,784,790,791,-1,784,791,785,-1,792,793,580,-1,794,795,796,-1,796,795,797,-1,796,797,379,-1,382,798,799,-1,797,800,379,-1,379,800,801,-1,379,801,802,-1,799,803,382,-1,382,803,804,-1,382,804,580,-1,580,804,805,-1,580,805,792,-1,802,806,379,-1,379,806,807,-1,379,807,382,-1,382,807,808,-1,382,808,798,-1,796,379,647,-1,647,379,393,-1,809,810,557,-1,557,810,559,-1,555,550,810,-1,810,550,559,-1,591,593,811,-1,811,593,812,-1,812,593,587,-1,587,593,589,-1,813,814,815,-1,815,814,816,-1,817,818,819,-1,819,818,820,-1,819,820,813,-1,813,820,814,-1,816,814,818,-1,818,814,820,-1,667,668,821,-1,821,668,784,-1,821,784,822,-1,822,784,772,-1,822,772,823,-1,823,772,773,-1,823,773,824,-1,824,773,771,-1,824,771,186,-1,186,771,188,-1,196,194,825,-1,825,194,621,-1,825,621,826,-1,826,621,620,-1,826,620,827,-1,827,620,622,-1,827,622,828,-1,828,622,625,-1,828,625,663,-1,663,625,629,-1,795,794,777,-1,777,794,776,-1,781,780,792,-1,792,780,793,-1,808,807,782,-1,782,807,786,-1,634,633,645,-1,645,633,646,-1,643,642,657,-1,657,642,658,-1,660,659,630,-1,630,659,628,-1,829,830,831,-1,831,830,832,-1,831,832,833,-1,834,835,836,-1,836,835,837,-1,836,837,838,-1,839,592,584,-1,584,592,582,-1,588,590,586,-1,586,590,840,-1,592,839,590,-1,590,839,840,-1,586,840,584,-1,584,840,839,-1,370,369,412,-1,412,369,410,-1,384,383,363,-1,363,383,368,-1,428,409,365,-1,365,409,373,-1,841,562,842,-1,842,562,843,-1,842,843,844,-1,560,562,579,-1,579,562,841,-1,579,841,581,-1,581,841,845,-1,581,845,846,-1,846,845,847,-1,848,847,849,-1,849,847,842,-1,849,842,850,-1,850,842,851,-1,844,852,842,-1,842,852,853,-1,842,853,851,-1,848,854,847,-1,847,854,855,-1,847,855,856,-1,856,857,847,-1,847,857,858,-1,847,858,846,-1,413,411,846,-1,846,411,581,-1,394,392,849,-1,849,392,848,-1,843,562,401,-1,401,562,402,-1,433,432,859,-1,859,432,860,-1,415,403,861,-1,861,403,564,-1,862,577,463,-1,463,577,464,-1,863,861,864,-1,864,861,564,-1,864,564,865,-1,865,564,577,-1,865,577,866,-1,866,577,862,-1,866,862,867,-1,860,863,859,-1,859,863,866,-1,859,866,868,-1,868,866,869,-1,867,870,866,-1,866,870,871,-1,866,871,869,-1,860,872,863,-1,863,872,873,-1,863,873,874,-1,874,875,863,-1,863,875,876,-1,863,876,861,-1,877,878,502,-1,502,878,503,-1,487,465,879,-1,879,465,576,-1,880,575,530,-1,530,575,528,-1,881,882,883,-1,883,882,884,-1,883,884,885,-1,885,886,883,-1,883,886,878,-1,883,878,887,-1,887,878,877,-1,887,877,888,-1,888,889,887,-1,887,889,890,-1,887,890,891,-1,891,892,887,-1,887,892,879,-1,887,879,893,-1,893,879,576,-1,893,576,894,-1,894,576,575,-1,894,575,883,-1,883,575,880,-1,883,880,881,-1,895,896,519,-1,519,896,520,-1,531,529,897,-1,897,529,574,-1,898,573,539,-1,539,573,537,-1,899,897,900,-1,900,897,574,-1,900,574,901,-1,901,574,573,-1,901,573,902,-1,895,899,896,-1,896,899,902,-1,896,902,903,-1,573,898,902,-1,902,898,904,-1,902,904,905,-1,905,906,902,-1,902,906,907,-1,902,907,903,-1,895,908,899,-1,899,908,909,-1,899,909,910,-1,910,911,899,-1,899,911,912,-1,899,912,897,-1,509,508,913,-1,913,508,914,-1,540,538,915,-1,915,538,572,-1,916,571,510,-1,510,571,511,-1,917,915,918,-1,918,915,919,-1,919,915,572,-1,919,572,920,-1,920,572,571,-1,920,571,921,-1,921,571,916,-1,921,916,922,-1,923,924,918,-1,925,926,921,-1,921,926,913,-1,921,913,918,-1,918,913,914,-1,918,914,923,-1,922,927,921,-1,921,927,928,-1,921,928,925,-1,924,929,918,-1,918,929,930,-1,918,930,917,-1,441,524,931,-1,931,524,932,-1,522,512,933,-1,933,512,570,-1,934,569,446,-1,446,569,444,-1,935,936,937,-1,937,936,938,-1,937,938,939,-1,939,940,937,-1,937,940,931,-1,937,931,941,-1,941,931,932,-1,941,932,942,-1,942,943,941,-1,941,943,944,-1,941,944,945,-1,945,946,941,-1,941,946,933,-1,941,933,947,-1,947,933,570,-1,947,570,948,-1,948,570,569,-1,948,569,937,-1,937,569,934,-1,937,934,935,-1,514,513,949,-1,949,513,950,-1,447,445,951,-1,951,445,568,-1,952,567,456,-1,456,567,457,-1,953,951,954,-1,954,951,568,-1,954,568,955,-1,955,568,567,-1,955,567,956,-1,956,567,952,-1,956,952,957,-1,950,953,949,-1,949,953,956,-1,949,956,958,-1,958,956,959,-1,957,960,956,-1,956,960,961,-1,956,961,959,-1,950,962,953,-1,953,962,963,-1,953,963,964,-1,964,965,953,-1,953,965,966,-1,953,966,951,-1,967,542,494,-1,494,542,495,-1,968,969,970,-1,566,565,543,-1,970,566,968,-1,968,566,543,-1,968,543,971,-1,971,543,542,-1,971,542,972,-1,972,542,967,-1,972,967,973,-1,974,969,975,-1,975,969,972,-1,975,972,976,-1,976,972,977,-1,973,978,972,-1,972,978,979,-1,972,979,977,-1,974,980,969,-1,969,980,981,-1,969,981,982,-1,982,983,969,-1,969,983,984,-1,969,984,970,-1,442,481,975,-1,975,481,974,-1,478,458,970,-1,970,458,566,-1,548,985,549,-1,549,985,558,-1,556,986,553,-1,553,986,554,-1,558,985,556,-1,556,985,986,-1,554,986,548,-1,548,986,985,-1,517,496,987,-1,987,496,546,-1,988,545,499,-1,499,545,497,-1,989,987,990,-1,991,992,993,-1,994,995,993,-1,993,992,990,-1,990,987,996,-1,996,987,546,-1,996,546,997,-1,997,546,545,-1,997,545,993,-1,993,545,988,-1,993,988,994,-1,995,998,993,-1,993,998,999,-1,993,999,991,-1,992,1000,990,-1,990,1000,1001,-1,990,1001,1002,-1,1002,1003,990,-1,990,1003,1004,-1,990,1004,989,-1,525,536,992,-1,992,536,1000,-1,988,499,500,-1,988,500,994,-1,994,500,485,-1,994,485,995,-1,995,485,484,-1,995,484,998,-1,998,484,527,-1,998,527,999,-1,999,527,526,-1,999,526,991,-1,991,526,525,-1,991,525,992,-1,517,987,989,-1,517,989,462,-1,462,989,1004,-1,462,1004,461,-1,461,1004,1003,-1,461,1003,459,-1,459,1003,1002,-1,459,1002,534,-1,534,1002,1001,-1,534,1001,535,-1,535,1001,1000,-1,535,1000,536,-1,967,494,516,-1,967,516,973,-1,973,516,460,-1,973,460,978,-1,978,460,483,-1,978,483,979,-1,979,483,482,-1,979,482,977,-1,977,482,443,-1,977,443,976,-1,976,443,442,-1,976,442,975,-1,478,970,984,-1,478,984,477,-1,477,984,983,-1,477,983,475,-1,475,983,982,-1,475,982,474,-1,474,982,981,-1,474,981,479,-1,479,981,980,-1,479,980,480,-1,480,980,974,-1,480,974,481,-1,952,456,476,-1,952,476,957,-1,957,476,400,-1,957,400,960,-1,960,400,399,-1,960,399,961,-1,961,399,473,-1,961,473,959,-1,959,473,515,-1,959,515,958,-1,958,515,514,-1,958,514,949,-1,447,951,966,-1,447,966,448,-1,448,966,965,-1,448,965,406,-1,406,965,964,-1,406,964,472,-1,472,964,963,-1,472,963,439,-1,439,963,962,-1,439,962,440,-1,440,962,950,-1,440,950,513,-1,934,446,427,-1,934,427,935,-1,935,427,426,-1,935,426,936,-1,936,426,425,-1,936,425,938,-1,938,425,405,-1,938,405,939,-1,939,405,404,-1,939,404,940,-1,940,404,441,-1,940,441,931,-1,522,933,946,-1,522,946,434,-1,434,946,945,-1,434,945,435,-1,435,945,944,-1,435,944,437,-1,437,944,943,-1,437,943,438,-1,438,943,942,-1,438,942,523,-1,523,942,932,-1,523,932,524,-1,916,510,521,-1,916,521,922,-1,922,521,455,-1,922,455,927,-1,927,455,454,-1,927,454,928,-1,928,454,453,-1,928,453,925,-1,925,453,436,-1,925,436,926,-1,926,436,509,-1,926,509,913,-1,540,915,917,-1,540,917,541,-1,541,917,930,-1,541,930,504,-1,504,930,929,-1,504,929,505,-1,505,929,924,-1,505,924,469,-1,469,924,923,-1,469,923,470,-1,470,923,914,-1,470,914,508,-1,531,897,912,-1,531,912,532,-1,532,912,911,-1,532,911,492,-1,492,911,910,-1,492,910,491,-1,491,910,909,-1,491,909,489,-1,489,909,908,-1,489,908,518,-1,518,908,895,-1,518,895,519,-1,898,539,506,-1,898,506,904,-1,904,506,533,-1,904,533,905,-1,905,533,471,-1,905,471,906,-1,906,471,493,-1,906,493,907,-1,907,493,507,-1,907,507,903,-1,903,507,520,-1,903,520,896,-1,487,879,892,-1,487,892,449,-1,449,892,891,-1,449,891,450,-1,450,891,890,-1,450,890,451,-1,451,890,889,-1,451,889,452,-1,452,889,888,-1,452,888,501,-1,501,888,877,-1,501,877,502,-1,880,530,490,-1,880,490,881,-1,881,490,488,-1,881,488,882,-1,882,488,466,-1,882,466,884,-1,884,466,467,-1,884,467,885,-1,885,467,468,-1,885,468,886,-1,886,468,503,-1,886,503,878,-1,862,463,486,-1,862,486,867,-1,867,486,424,-1,867,424,870,-1,870,424,423,-1,870,423,871,-1,871,423,422,-1,871,422,869,-1,869,422,421,-1,869,421,868,-1,868,421,433,-1,868,433,859,-1,415,861,876,-1,415,876,416,-1,416,876,875,-1,416,875,418,-1,418,875,874,-1,418,874,419,-1,419,874,873,-1,419,873,420,-1,420,873,872,-1,420,872,431,-1,431,872,860,-1,431,860,432,-1,843,401,417,-1,843,417,844,-1,844,417,398,-1,844,398,852,-1,852,398,397,-1,852,397,853,-1,853,397,396,-1,853,396,851,-1,851,396,395,-1,851,395,850,-1,850,395,394,-1,850,394,849,-1,413,846,858,-1,413,858,414,-1,414,858,857,-1,414,857,386,-1,386,857,856,-1,386,856,389,-1,389,856,855,-1,389,855,390,-1,390,855,854,-1,390,854,391,-1,391,854,848,-1,391,848,392,-1,370,412,385,-1,370,385,366,-1,366,385,387,-1,366,387,367,-1,367,387,388,-1,367,388,371,-1,371,388,430,-1,371,430,372,-1,372,430,429,-1,372,429,364,-1,364,429,428,-1,364,428,365,-1,384,363,362,-1,384,362,381,-1,381,362,377,-1,381,377,380,-1,380,377,376,-1,380,376,378,-1,378,376,375,-1,378,375,407,-1,407,375,374,-1,407,374,408,-1,408,374,373,-1,408,373,409,-1,1005,996,1006,-1,1006,996,997,-1,997,993,1006,-1,1006,993,1007,-1,993,990,1007,-1,1007,990,1008,-1,1008,990,1005,-1,1005,990,996,-1,1009,968,1010,-1,1010,968,971,-1,971,972,1010,-1,1010,972,1011,-1,972,969,1011,-1,1011,969,1012,-1,1012,969,1009,-1,1009,969,968,-1,1013,954,1014,-1,1014,954,955,-1,955,956,1014,-1,1014,956,1015,-1,956,953,1015,-1,1015,953,1016,-1,1016,953,1013,-1,1013,953,954,-1,1017,947,1018,-1,1018,947,948,-1,948,937,1018,-1,1018,937,1019,-1,937,941,1019,-1,1019,941,1020,-1,1020,941,1017,-1,1017,941,947,-1,1021,919,1022,-1,1022,919,920,-1,920,921,1022,-1,1022,921,1023,-1,921,918,1023,-1,1023,918,1024,-1,1024,918,1021,-1,1021,918,919,-1,1025,900,1026,-1,1026,900,901,-1,901,902,1026,-1,1026,902,1027,-1,902,899,1027,-1,1027,899,1028,-1,1028,899,1025,-1,1025,899,900,-1,1029,893,1030,-1,1030,893,894,-1,894,883,1030,-1,1030,883,1031,-1,883,887,1031,-1,1031,887,1032,-1,1032,887,1029,-1,1029,887,893,-1,1033,864,1034,-1,1034,864,865,-1,865,866,1034,-1,1034,866,1035,-1,866,863,1035,-1,1035,863,1036,-1,1036,863,1033,-1,1033,863,864,-1,1037,845,1038,-1,1038,845,841,-1,841,842,1038,-1,1038,842,1039,-1,842,847,1039,-1,1039,847,1040,-1,1040,847,1037,-1,1037,847,845,-1,1041,1042,1043,-1,1043,1042,1044,-1,1043,1044,1045,-1,1045,1044,1046,-1,1045,1046,1047,-1,1047,1046,1048,-1,1047,1048,1041,-1,1041,1048,1042,-1,1048,1046,1042,-1,1042,1046,1044,-1,1049,1050,1051,-1,1051,1050,1052,-1,1051,1052,1053,-1,1053,1052,1054,-1,1053,1054,1055,-1,1055,1054,1056,-1,357,1054,355,-1,355,1054,1052,-1,355,1052,352,-1,352,1052,1050,-1,352,1050,350,-1,350,1050,1056,-1,350,1056,357,-1,357,1056,1054,-1,1038,1057,1037,-1,1037,1057,1058,-1,1037,1058,1040,-1,1040,1058,1059,-1,1040,1059,1039,-1,1039,1059,1060,-1,1039,1060,1038,-1,1038,1060,1057,-1,1061,1058,1062,-1,1062,1058,1057,-1,1062,1057,1063,-1,1063,1057,1060,-1,1064,1059,1061,-1,1061,1059,1058,-1,1034,1065,1033,-1,1033,1065,1066,-1,1033,1066,1036,-1,1036,1066,1067,-1,1036,1067,1035,-1,1035,1067,1068,-1,1035,1068,1034,-1,1034,1068,1065,-1,1069,1066,1070,-1,1070,1066,1065,-1,1070,1065,1071,-1,1071,1065,1068,-1,1072,1067,1069,-1,1069,1067,1066,-1,1030,1073,1029,-1,1029,1073,1074,-1,1029,1074,1032,-1,1032,1074,1075,-1,1032,1075,1031,-1,1031,1075,1076,-1,1031,1076,1030,-1,1030,1076,1073,-1,1077,1074,1078,-1,1078,1074,1073,-1,1078,1073,1079,-1,1079,1073,1076,-1,1080,1075,1077,-1,1077,1075,1074,-1,1026,1081,1025,-1,1025,1081,1082,-1,1025,1082,1028,-1,1028,1082,1083,-1,1028,1083,1027,-1,1027,1083,1084,-1,1027,1084,1026,-1,1026,1084,1081,-1,1085,1082,1086,-1,1086,1082,1081,-1,1086,1081,1087,-1,1087,1081,1084,-1,1088,1083,1085,-1,1085,1083,1082,-1,1022,1089,1021,-1,1021,1089,1090,-1,1021,1090,1024,-1,1024,1090,1091,-1,1024,1091,1023,-1,1023,1091,1092,-1,1023,1092,1022,-1,1022,1092,1089,-1,1093,1090,1094,-1,1094,1090,1089,-1,1094,1089,1095,-1,1095,1089,1092,-1,1096,1091,1093,-1,1093,1091,1090,-1,1018,1097,1017,-1,1017,1097,1098,-1,1017,1098,1020,-1,1020,1098,1099,-1,1020,1099,1019,-1,1019,1099,1100,-1,1019,1100,1018,-1,1018,1100,1097,-1,1101,1098,1102,-1,1102,1098,1097,-1,1102,1097,1103,-1,1103,1097,1100,-1,1104,1099,1101,-1,1101,1099,1098,-1,1014,1105,1013,-1,1013,1105,1106,-1,1013,1106,1016,-1,1016,1106,1107,-1,1016,1107,1015,-1,1015,1107,1108,-1,1015,1108,1014,-1,1014,1108,1105,-1,1109,1106,1110,-1,1110,1106,1105,-1,1110,1105,1111,-1,1111,1105,1108,-1,1112,1107,1109,-1,1109,1107,1106,-1,1010,1113,1009,-1,1009,1113,1114,-1,1009,1114,1012,-1,1012,1114,1115,-1,1012,1115,1011,-1,1011,1115,1116,-1,1011,1116,1010,-1,1010,1116,1113,-1,1117,1114,1118,-1,1118,1114,1113,-1,1118,1113,1119,-1,1119,1113,1116,-1,1120,1115,1117,-1,1117,1115,1114,-1,1006,1121,1005,-1,1005,1121,1122,-1,1005,1122,1008,-1,1008,1122,1123,-1,1008,1123,1007,-1,1007,1123,1124,-1,1007,1124,1006,-1,1006,1124,1121,-1,1125,1122,1126,-1,1126,1122,1121,-1,1126,1121,1127,-1,1127,1121,1124,-1,1128,1123,1125,-1,1125,1123,1122,-1,1129,1130,1127,-1,1128,1119,1123,-1,1123,1119,1116,-1,1107,1112,1103,-1,1100,1099,1131,-1,1127,1124,1129,-1,1129,1124,1123,-1,1129,1123,1131,-1,1131,1123,1116,-1,1131,1116,1115,-1,1120,1111,1115,-1,1115,1111,1108,-1,1115,1108,1131,-1,1131,1108,1107,-1,1131,1107,1100,-1,1100,1107,1103,-1,1083,1088,1079,-1,1076,1075,1131,-1,1104,1095,1099,-1,1099,1095,1092,-1,1099,1092,1131,-1,1131,1092,1091,-1,1079,1076,1083,-1,1083,1076,1131,-1,1083,1131,1084,-1,1084,1131,1091,-1,1084,1091,1087,-1,1087,1091,1096,-1,1067,1072,1063,-1,1060,1059,1131,-1,1063,1060,1067,-1,1067,1060,1131,-1,1067,1131,1068,-1,1068,1131,1075,-1,1068,1075,1071,-1,1071,1075,1080,-1,1049,1132,1050,-1,1050,1132,1131,-1,1050,1131,1056,-1,1056,1131,1059,-1,1056,1059,1055,-1,1055,1059,1064,-1,722,721,756,-1,756,721,757,-1,1133,1129,756,-1,1134,1135,1136,-1,756,1129,722,-1,722,1129,1131,-1,722,1131,1137,-1,1138,1139,1140,-1,1141,721,1142,-1,1142,721,1143,-1,1142,1143,1144,-1,1141,1145,721,-1,721,1145,263,-1,721,263,757,-1,757,263,251,-1,757,251,1146,-1,1134,1136,756,-1,756,1136,1147,-1,756,1147,1133,-1,1148,1149,1150,-1,1150,1149,757,-1,1150,757,1151,-1,1151,757,1146,-1,1138,1140,1131,-1,1131,1140,1152,-1,1131,1152,1137,-1,255,257,1153,-1,1153,257,1154,-1,1155,1156,259,-1,259,1156,258,-1,1154,257,1156,-1,1156,257,258,-1,260,250,1157,-1,1157,250,1158,-1,1159,1160,248,-1,248,1160,249,-1,1158,250,1160,-1,1160,250,249,-1,247,246,1161,-1,1161,246,1162,-1,1163,1164,267,-1,267,1164,269,-1,1162,246,1164,-1,1164,246,269,-1,266,268,1165,-1,1165,268,1166,-1,1167,1168,254,-1,254,1168,286,-1,1166,268,1168,-1,1168,268,286,-1,253,252,1169,-1,1169,252,1170,-1,1171,1172,288,-1,288,1172,287,-1,1170,252,1172,-1,1172,252,287,-1,289,285,1173,-1,1173,285,1174,-1,1175,1176,283,-1,283,1176,284,-1,1174,285,1176,-1,1176,285,284,-1,282,281,1177,-1,1177,281,1178,-1,1179,1180,279,-1,279,1180,280,-1,1178,281,1180,-1,1180,281,280,-1,278,277,1181,-1,1181,277,1182,-1,1183,1184,275,-1,275,1184,276,-1,1182,277,1184,-1,1184,277,276,-1,274,273,1185,-1,1185,273,1186,-1,1187,1188,271,-1,271,1188,272,-1,1186,273,1188,-1,1188,273,272,-1,1189,1190,262,-1,262,1190,264,-1,270,265,1191,-1,1191,265,1192,-1,1192,265,1190,-1,1190,265,264,-1,190,769,189,-1,189,769,1193,-1,189,1193,183,-1,183,1193,184,-1,1194,1193,768,-1,768,1193,769,-1,619,618,1195,-1,1195,618,1196,-1,198,1196,197,-1,197,1196,618,-1,197,618,191,-1,191,618,192,-1,
        ]
    }
}
Shape{
    appearance Appearance {
        material  Material 	{
            diffuseColor 0.7529411764705882 0.7529411764705882 0.7529411764705882
            specularColor 0.3764705882352941 0.3764705882352941 0.3764705882352941
            ambientIntensity 0.7529
            transparency 0.0
            shininess 0.5
        }
    }
    geometry IndexedFaceSet {
        ccw TRUE
        solid FALSE
        coord DEF co Coordinate {
            point [
                4.5866 1.2717 0.7677, 4.5866 1.6654 0.7677, 4.3898 1.2717 0.7677, 4.3898 1.6654 0.7677, 4.3898 1.2717 0.315, 4.5866 1.2717 0.315, 4.3898 1.2717 0.3346, 4.5866 1.2717 0.3346, 4.5866 0.5039 0.315, 4.3898 0.5039 0.315, 4.5866 0.5039 0.0, 4.3898 0.5039 0.0, 4.5866 1.5866 0.0, 4.3898 1.5866 0.0, 4.3898 1.6041 0.002, 4.5866 1.6041 0.002, 4.3898 1.6208 0.0078, 4.5866 1.6208 0.0078, 4.3898 1.6357 0.0172, 4.5866 1.6357 0.0172, 4.3898 1.6482 0.0296, 4.5866 1.6482 0.0296, 4.3898 1.6576 0.0446, 4.5866 1.6576 0.0446, 4.3898 1.6634 0.0612, 4.5866 1.6634 0.0612, 4.3898 1.6654 0.0787, 4.5866 1.6654 0.0787, -4.5866 1.2717 0.315, -4.3898 1.2717 0.315, -4.5866 1.2717 0.3346, -4.3898 1.2717 0.3346, -4.5866 1.6654 0.7677, -4.5866 1.2717 0.7677, -4.3898 1.6654 0.7677, -4.3898 1.2717 0.7677, -4.5866 1.6654 0.0787, -4.3898 1.6654 0.0787, -4.3898 1.6634 0.0612, -4.5866 1.6634 0.0612, -4.3898 1.6576 0.0446, -4.5866 1.6576 0.0446, -4.3898 1.6482 0.0296, -4.5866 1.6482 0.0296, -4.3898 1.6357 0.0172, -4.5866 1.6357 0.0172, -4.3898 1.6208 0.0078, -4.5866 1.6208 0.0078, -4.3898 1.6041 0.002, -4.5866 1.6041 0.002, -4.3898 1.5866 0.0, -4.5866 1.5866 0.0, -4.5866 0.5039 0.0, -4.3898 0.5039 0.0, -4.5866 0.5039 0.315, -4.3898 0.5039 0.315
            ]
        }
        coordIndex [
            0,1,2,-1,2,1,3,-1,4,5,6,-1,6,5,7,-1,8,5,9,-1,9,5,4,-1,10,8,11,-1,11,8,9,-1,12,10,13,-1,13,10,11,-1,12,13,14,-1,12,14,15,-1,15,14,16,-1,15,16,17,-1,17,16,18,-1,17,18,19,-1,19,18,20,-1,19,20,21,-1,21,20,22,-1,21,22,23,-1,23,22,24,-1,23,24,25,-1,25,24,26,-1,25,26,27,-1,1,27,3,-1,3,27,26,-1,1,0,27,-1,27,0,7,-1,21,7,19,-1,19,7,17,-1,21,23,7,-1,7,23,25,-1,7,25,27,-1,8,10,5,-1,5,10,12,-1,5,12,7,-1,7,12,15,-1,7,15,17,-1,2,3,6,-1,6,3,26,-1,6,26,24,-1,24,22,6,-1,6,22,20,-1,6,20,18,-1,11,9,13,-1,13,9,4,-1,13,4,14,-1,14,4,6,-1,14,6,16,-1,16,6,18,-1,28,29,30,-1,30,29,31,-1,32,33,34,-1,34,33,35,-1,36,32,37,-1,37,32,34,-1,36,37,38,-1,36,38,39,-1,39,38,40,-1,39,40,41,-1,41,40,42,-1,41,42,43,-1,43,42,44,-1,43,44,45,-1,45,44,46,-1,45,46,47,-1,47,46,48,-1,47,48,49,-1,49,48,50,-1,49,50,51,-1,52,51,53,-1,53,51,50,-1,54,52,55,-1,55,52,53,-1,28,54,29,-1,29,54,55,-1,33,32,30,-1,30,32,36,-1,30,36,39,-1,39,41,30,-1,30,41,43,-1,30,43,45,-1,52,54,51,-1,51,54,28,-1,51,28,49,-1,49,28,30,-1,49,30,47,-1,47,30,45,-1,34,35,37,-1,37,35,31,-1,37,31,38,-1,38,31,40,-1,55,53,29,-1,29,53,50,-1,29,50,31,-1,31,50,48,-1,31,48,46,-1,46,44,31,-1,31,44,42,-1,31,42,40,-1,
        ]
    }
}
Shape{
    appearance Appearance {
        material  Material 	{
            diffuseColor 1.0 0.984313725490196 0.9411764705882353
            specularColor 0.5019607843137255 0.49411764705882355 0.47058823529411764
            ambientIntensity 0.9841
            transparency 0.0
            shininess 0.5
        }
    }
    geometry IndexedFaceSet {
        ccw TRUE
        solid FALSE
        coord DEF co Coordinate {
            point [
                4.1929 -1.6063 0.0197, 4.685 -1.6063 0.0197, 4.685 -1.6267 0.0224, 4.1929 -1.6267 0.0224, 4.685 -1.6457 0.0302, 4.1929 -1.6457 0.0302, 4.685 -1.662 0.0427, 4.1929 -1.662 0.0427, 4.685 -1.6745 0.0591, 4.1929 -1.6745 0.0591, 4.685 -1.6824 0.078, 4.1929 -1.6824 0.078, 4.685 -1.685 0.0984, 4.1929 -1.685 0.0984, -4.685 -1.6063 0.0197, -4.1929 -1.6063 0.0197, -4.1929 -1.6267 0.0224, -4.685 -1.6267 0.0224, -4.1929 -1.6457 0.0302, -4.685 -1.6457 0.0302, -4.1929 -1.662 0.0427, -4.685 -1.662 0.0427, -4.1929 -1.6745 0.0591, -4.685 -1.6745 0.0591, -4.1929 -1.6824 0.078, -4.685 -1.6824 0.078, -4.1929 -1.685 0.0984, -4.685 -1.685 0.0984, 4.685 -1.62 1.291, 4.1929 -1.62 1.291, 4.1929 -1.6375 1.2858, 4.685 -1.6375 1.2858, 4.1929 -1.6533 1.2766, 4.685 -1.6533 1.2766, 4.1929 -1.6666 1.2641, 4.685 -1.6666 1.2641, 4.1929 -1.6767 1.2488, 4.685 -1.6767 1.2488, 4.1929 -1.6829 1.2316, 4.685 -1.6829 1.2316, 4.1929 -1.685 1.2135, 4.685 -1.685 1.2135, -4.1929 -1.62 1.291, -4.685 -1.62 1.291, -4.685 -1.6375 1.2858, -4.1929 -1.6375 1.2858, -4.685 -1.6533 1.2766, -4.1929 -1.6533 1.2766, -4.685 -1.6666 1.2641, -4.1929 -1.6666 1.2641, -4.685 -1.6767 1.2488, -4.1929 -1.6767 1.2488, -4.685 -1.6829 1.2316, -4.1929 -1.6829 1.2316, -4.685 -1.685 1.2135, -4.1929 -1.685 1.2135, -4.1732 1.626 1.7913, -4.1732 1.626 1.3189, -4.1736 1.6311 1.3192, -4.1736 1.6311 1.7917, -4.1746 1.6362 1.3202, -4.1746 1.6362 1.7927, -4.1762 1.6411 1.3219, -4.1762 1.6411 1.7943, -4.1785 1.6457 1.3242, -4.1785 1.6457 1.7966, -4.1814 1.65 1.327, -4.1814 1.65 1.7995, -4.1848 1.6538 1.3304, -4.1848 1.6538 1.8029, -4.1929 1.6601 1.3386, -4.1929 1.6601 1.811, -4.2024 1.664 1.3481, -4.2024 1.664 1.8205, -4.2126 1.6654 1.3583, -4.2126 1.6654 1.8307, -2.61 1.6538 1.8029, -2.5984 1.626 1.7913, -2.5988 1.6311 1.7917, -2.5998 1.6362 1.7927, -2.6014 1.6411 1.7943, -2.6037 1.6457 1.7966, -2.6066 1.65 1.7995, -2.6181 1.6601 1.811, -2.6276 1.664 1.8205, -2.6378 1.6654 1.8307, -4.3619 1.65 1.327, -4.3585 1.6538 1.3304, -4.3504 1.6601 1.3386, -4.3409 1.664 1.3481, -4.3307 1.6654 1.3583, -4.3671 1.6411 1.3219, -4.3648 1.6457 1.3242, -4.3701 1.626 1.3189, -4.3697 1.6311 1.3192, -4.3687 1.6362 1.3202, -2.5984 1.626 2.0276, -2.5988 1.6311 2.0279, -2.5998 1.6362 2.0289, -2.6014 1.6411 2.0306, -2.6037 1.6457 2.0328, -2.6066 1.65 2.0357, -2.61 1.6538 2.0391, -2.6181 1.6601 2.0472, -2.6276 1.664 2.0567, -2.6378 1.6654 2.0669, -4.3701 1.626 2.1457, -4.3687 1.6362 2.1457, -4.3648 1.6457 2.1457, -4.3585 1.6538 2.1457, -4.3504 1.6601 2.1457, -4.3409 1.664 2.1457, -4.3307 1.6654 2.1457, 2.6037 1.6457 2.0328, 2.5998 1.6362 2.0289, 2.5988 1.6311 2.0279, 2.5984 1.626 2.0276, 2.6014 1.6411 2.0306, 2.61 1.6538 2.0391, 2.6066 1.65 2.0357, 2.6181 1.6601 2.0472, 2.6276 1.664 2.0567, 2.6378 1.6654 2.0669, -4.3307 1.626 2.185, 3.7008 1.626 2.185, 3.7008 1.6362 2.1837, -4.3307 1.6362 2.1837, 3.7008 1.6457 2.1798, -4.3307 1.6457 2.1798, 3.7008 1.6538 2.1735, -4.3307 1.6538 2.1735, 3.7008 1.6601 2.1654, -4.3307 1.6601 2.1654, 3.7008 1.664 2.1559, -4.3307 1.664 2.1559, 3.7008 1.6654 2.1457, 2.5998 1.6362 1.7927, 2.5995 1.6347 1.7924, 2.5987 1.6304 1.7916, 2.5984 1.626 1.7913, 2.6023 1.6431 1.7952, 2.6039 1.6456 1.7968, 2.607 1.6505 1.7999, 2.6101 1.6537 1.803, 2.6182 1.6599 1.8111, 2.6132 1.6568 1.8062, 2.6378 1.6654 1.8307, 2.629 1.6644 1.8219, 2.6276 1.6639 1.8206, 2.6207 1.6615 1.8136, 3.7008 1.6654 1.9488, 3.711 1.664 2.1457, 3.711 1.664 1.959, 3.7205 1.6601 2.1457, 3.7205 1.6601 1.9685, 3.7286 1.6538 2.1457, 3.7286 1.6538 1.9767, 3.7349 1.6457 2.1457, 3.7349 1.6457 1.9829, 3.732 1.65 1.9801, 3.7388 1.6362 2.1457, 3.7402 1.626 2.1457, 3.7402 1.626 1.9882, 3.7398 1.6311 1.9879, 3.7388 1.6362 1.9868, 3.7372 1.6411 1.9852, 4.1732 1.626 1.7913, 4.1735 1.6304 1.7916, 4.1743 1.6347 1.7924, 4.1746 1.6362 1.7927, 4.1771 1.6431 1.7952, 4.1787 1.6456 1.7968, 4.1818 1.6505 1.7999, 4.1881 1.6568 1.8062, 4.1849 1.6537 1.803, 4.1955 1.6615 1.8136, 4.193 1.6599 1.8111, 4.2038 1.6644 1.8219, 4.2025 1.6639 1.8206, 4.2126 1.6654 1.8307, 4.1342 1.6311 1.9879, 4.1352 1.6362 1.9868, 4.142 1.65 1.9801, 4.1454 1.6538 1.9767, 3.7316 1.6505 1.9796, 4.1732 1.6654 1.9488, 3.7095 1.6642 1.9576, 4.163 1.664 1.959, 3.7178 1.6612 1.9658, 4.1535 1.6601 1.9685, 3.7251 1.6565 1.9732, 4.1391 1.6457 1.9829, 3.7347 1.6456 1.9827, 3.7363 1.6431 1.9843, 4.1369 1.6411 1.9852, 4.1339 1.626 1.9882, 3.7399 1.6304 1.9879, 3.7392 1.6347 1.9872, 4.2126 1.6654 1.3583, 4.2025 1.6639 1.3481, 4.193 1.6599 1.3387, 4.1849 1.6537 1.3306, 4.1746 1.6362 1.3202, 4.1743 1.6347 1.32, 4.1735 1.6304 1.3191, 4.1732 1.626 1.3189, 4.1771 1.6431 1.3228, 4.1787 1.6456 1.3244, 4.1818 1.6505 1.3275, 4.1881 1.6568 1.3337, 4.1955 1.6615 1.3412, 4.2038 1.6644 1.3495, 4.1339 1.626 2.1457, 4.1352 1.6362 2.1457, 4.1391 1.6457 2.1457, 4.1454 1.6538 2.1457, 4.1535 1.6601 2.1457, 4.163 1.664 2.1457, 4.1732 1.6654 2.1457, 4.3584 1.6537 1.3306, 4.3615 1.6505 1.3275, 4.3701 1.626 1.3189, 4.3698 1.6304 1.3191, 4.369 1.6347 1.32, 4.3687 1.6362 1.3202, 4.3662 1.6431 1.3228, 4.3646 1.6456 1.3244, 4.3553 1.6568 1.3337, 4.3503 1.6599 1.3387, 4.3478 1.6615 1.3412, 4.3409 1.6639 1.3481, 4.3395 1.6644 1.3495, 4.3307 1.6654 1.3583, 4.1732 1.626 2.185, 4.3307 1.626 2.185, 4.3307 1.6362 2.1837, 4.1732 1.6362 2.1837, 4.3307 1.6457 2.1798, 4.1732 1.6457 2.1798, 4.3307 1.6538 2.1735, 4.1732 1.6538 2.1735, 4.3307 1.6601 2.1654, 4.1732 1.6601 2.1654, 4.3307 1.664 2.1559, 4.1732 1.664 2.1559, 4.3307 1.6654 2.1457, 4.3409 1.664 2.1457, 4.3409 1.664 1.3481, 4.3504 1.6601 2.1457, 4.3504 1.6601 1.3386, 4.3585 1.6538 2.1457, 4.3585 1.6538 1.3304, 4.3619 1.65 1.327, 4.3648 1.6457 2.1457, 4.3648 1.6457 1.3242, 4.3671 1.6411 1.3219, 4.3687 1.6362 2.1457, 4.3697 1.6311 1.3192, 4.3701 1.626 2.1457, -4.3395 1.6644 0.7765, -4.3307 1.6654 0.7677, -4.3307 1.6654 0.0591, -4.3378 1.6647 0.0555, -4.3394 1.6643 0.0547, -4.3478 1.6615 0.7848, -4.3444 1.6629 0.0522, -4.3477 1.6613 0.0505, -4.3553 1.6568 0.7923, -4.3501 1.6602 0.0493, -4.355 1.657 0.0469, -4.3552 1.6568 0.0468, -4.3615 1.6505 0.7985, -4.359 1.6534 0.0449, -4.3613 1.6504 0.0438, -4.3649 1.6455 0.0419, -4.3662 1.6431 0.8032, -4.366 1.643 0.0414, -4.3679 1.639 0.8049, -4.3683 1.6377 0.0403, -4.3691 1.6347 0.8061, -4.3689 1.6347 0.04, -4.3698 1.6304 0.8068, -4.3698 1.6303 0.0395, -4.3701 1.626 0.8071, -4.3701 1.626 0.0394, 4.3403 1.6604 0.0399, 4.3405 1.66 0.0394, -4.3375 1.6629 0.0454, 4.3307 1.6654 0.0591, -4.3343 1.6647 0.052, 4.334 1.6648 0.0525, -4.3358 1.6639 0.0489, 4.3358 1.6639 0.0489, 4.3372 1.6632 0.0461, 4.3446 1.6538 0.0313, -4.3446 1.6538 0.0312, -4.3429 1.657 0.0348, 4.343 1.6568 0.0346, -4.3405 1.6601 0.0394, -4.3404 1.6602 0.0396, -4.3449 1.6534 0.0308, 4.3451 1.6528 0.0303, -4.3477 1.6457 0.025, 4.3468 1.6487 0.0269, 4.3476 1.6456 0.0252, -4.3478 1.6455 0.0248, 4.3489 1.6409 0.0226, -4.3495 1.6377 0.0215, 4.3496 1.6361 0.0212, -4.3497 1.6362 0.0211, 4.3501 1.6333 0.0204, -4.3503 1.6303 0.0199, 4.3504 1.626 0.0197, -4.3504 1.626 0.0197, -4.2024 1.664 0.7779, -4.2126 1.6654 0.7677, -4.3394 1.6642 0.7765, -4.3409 1.664 0.7779, -4.1929 1.6601 0.7874, -4.3477 1.6612 0.7847, -4.3504 1.6601 0.7874, -4.1848 1.6538 0.7956, -4.3551 1.6565 0.7921, -4.3585 1.6538 0.7956, -4.1814 1.65 0.799, -4.3646 1.6456 0.8016, -4.1785 1.6457 0.8018, -4.1762 1.6411 0.8041, -4.3687 1.6362 0.8057, -4.1746 1.6362 0.8057, -4.1736 1.6311 0.8067, -4.1732 1.626 0.8071, 4.3701 1.626 0.8071, 4.3701 1.626 0.0394, 4.3694 1.6333 0.0397, 4.3697 1.6311 0.8067, 4.3686 1.6361 0.0401, 4.3687 1.6362 0.8057, 4.3672 1.6409 0.0408, 4.3671 1.6411 0.8041, 4.3646 1.6456 0.0421, 4.3648 1.6457 0.8018, 4.3629 1.6487 0.043, 4.3595 1.6528 0.0447, 4.3619 1.65 0.799, 4.3585 1.6538 0.7956, 4.3504 1.66 0.0492, 4.3504 1.6601 0.7874, 4.3552 1.6568 0.0468, 4.3585 1.6538 0.0452, 4.3499 1.6604 0.0495, 4.3436 1.6632 0.0526, 4.3409 1.664 0.7779, 4.3307 1.6654 0.7677, 4.3373 1.6648 0.0558, 4.3409 1.6639 0.054, -4.1929 1.6601 0.1575, -4.2024 1.664 0.148, -4.2126 1.6654 0.1378, -4.1785 1.6457 0.1719, -4.1814 1.65 0.169, -4.1848 1.6538 0.1656, -4.1732 1.626 0.1772, -4.1736 1.6311 0.1768, -4.1746 1.6362 0.1758, -4.1762 1.6411 0.1742, 4.1848 1.6538 0.7956, 4.1814 1.65 0.799, 4.1785 1.6457 0.8018, 4.1762 1.6411 0.8041, 4.1746 1.6362 0.8057, 4.1736 1.6311 0.8067, 4.1732 1.626 0.8071, 4.1929 1.6601 0.7874, 4.2024 1.664 0.7779, 4.2126 1.6654 0.7677, 4.2126 1.6654 0.1378, 4.2024 1.664 0.148, 4.1929 1.6601 0.1575, 4.1848 1.6538 0.1656, 4.1785 1.6457 0.1719, 4.1814 1.65 0.169, 4.1746 1.6362 0.1758, 4.1762 1.6411 0.1742, 4.1732 1.626 0.1772, 4.1736 1.6311 0.1768, 4.3701 1.2717 1.2795, 4.1732 1.2717 1.2795, 4.3701 1.2726 1.2883, 4.1732 1.2726 1.2883, 4.3701 1.2756 1.2966, 4.1732 1.2756 1.2966, 4.3701 1.2802 1.3041, 4.1732 1.2802 1.3041, 4.3701 1.2865 1.3103, 4.1732 1.2865 1.3103, 4.3701 1.2939 1.315, 4.1732 1.2939 1.315, 4.3701 1.3023 1.3179, 4.1732 1.3023 1.3179, 4.3701 1.311 1.3189, 4.1732 1.311 1.3189, 4.3701 1.311 0.8071, 4.1732 1.311 0.8071, 4.3701 1.3008 0.8084, 4.1732 1.3008 0.8084, 4.3701 1.2913 0.8124, 4.1732 1.2913 0.8124, 4.3701 1.2832 0.8186, 4.1732 1.2832 0.8186, 4.3701 1.2769 0.8268, 4.1732 1.2769 0.8268, 4.3701 1.273 0.8363, 4.1732 1.273 0.8363, 4.3701 1.2717 0.8465, 4.1732 1.2717 0.8465, -4.3701 1.311 1.3189, -4.1732 1.311 1.3189, -4.3701 1.3008 1.3176, -4.1732 1.3008 1.3176, -4.3701 1.2913 1.3136, -4.1732 1.2913 1.3136, -4.3701 1.2832 1.3074, -4.1732 1.2832 1.3074, -4.3701 1.2769 1.2992, -4.1732 1.2769 1.2992, -4.3701 1.273 1.2897, -4.1732 1.273 1.2897, -4.3701 1.2717 1.2795, -4.1732 1.2717 1.2795, -4.3701 1.2717 0.8465, -4.1732 1.2717 0.8465, -4.3701 1.273 0.8363, -4.1732 1.273 0.8363, -4.3701 1.2769 0.8268, -4.1732 1.2769 0.8268, -4.3701 1.2832 0.8186, -4.1732 1.2832 0.8186, -4.3701 1.2913 0.8124, -4.1732 1.2913 0.8124, -4.3701 1.3008 0.8084, -4.1732 1.3008 0.8084, -4.3701 1.311 0.8071, -4.1732 1.311 0.8071, 4.3406 1.6627 2.1559, 4.3406 1.643 2.1798, 4.3358 1.6348 2.1837, 4.3379 1.6332 2.1837, 4.3409 1.626 2.1837, 4.3406 1.6286 2.1837, 4.3333 1.6358 2.1837, 4.3358 1.645 2.1798, 4.3379 1.6529 2.1735, 4.3446 1.6399 2.1798, 4.3395 1.6311 2.1837, 4.3478 1.6358 2.1798, 4.3497 1.6311 2.1798, 4.3504 1.626 2.1798, 4.3446 1.6501 2.1735, 4.3504 1.6457 2.1735, 4.3548 1.6399 2.1735, 4.3576 1.6332 2.1735, 4.3585 1.626 2.1735, 4.3395 1.6589 2.1654, 4.3478 1.6555 2.1654, 4.3548 1.6501 2.1654, 4.3602 1.643 2.1654, 4.3636 1.6348 2.1654, 4.3648 1.626 2.1654, 4.3497 1.6589 2.1559, 4.3576 1.6529 2.1559, 4.3636 1.645 2.1559, 4.3674 1.6358 2.1559, 4.3687 1.626 2.1559, 4.3701 1.2717 2.1457, 4.3697 1.2713 2.1508, 4.3687 1.2703 2.1559, 4.3671 1.2687 2.1607, 4.3648 1.2664 2.1654, 4.3619 1.2635 2.1696, 4.3585 1.2601 2.1735, 4.3504 1.252 2.1798, 4.3409 1.2425 2.1837, 4.3307 1.2323 2.185, 4.685 1.2323 2.185, 4.685 1.2425 2.1837, 4.685 1.252 2.1798, 4.685 1.2601 2.1735, 4.685 1.2664 2.1654, 4.685 1.2703 2.1559, 4.685 1.2717 2.1457, 4.685 -0.622 2.185, 4.6952 -0.622 2.1837, 4.6952 1.2323 2.1837, 4.7047 -0.622 2.1798, 4.7047 1.2323 2.1798, 4.7129 -0.622 2.1735, 4.7129 1.2323 2.1735, 4.7191 -0.622 2.1654, 4.7191 1.2323 2.1654, 4.7231 -0.622 2.1559, 4.7231 1.2323 2.1559, 4.7244 -0.622 2.1457, 4.7244 1.2323 2.1457, 4.1535 -0.6614 2.1457, 4.685 -0.6614 2.1457, 4.1537 -0.6612 2.15, 4.685 -0.6601 2.1559, 4.1543 -0.66 2.1558, 4.685 -0.6561 2.1654, 4.1561 -0.6563 2.1651, 4.1544 -0.6596 2.1574, 4.685 -0.6499 2.1735, 4.1591 -0.6503 2.173, 4.1562 -0.6561 2.1653, 4.1635 -0.6415 2.1799, 4.1634 -0.6417 2.1797, 4.685 -0.6417 2.1798, 4.1611 -0.6463 2.1766, 4.1593 -0.6499 2.1735, 4.1664 -0.6357 2.1826, 4.685 -0.6322 2.1837, 4.1682 -0.6322 2.1836, 4.1697 -0.6291 2.1844, 4.1732 -0.622 2.185, 4.1339 0.9134 2.1457, 4.1339 -0.6417 2.1457, 4.1342 0.9137 2.1508, 4.1341 -0.6416 2.15, 4.1352 0.9147 2.1559, 4.1353 -0.641 2.1558, 4.1369 0.9164 2.1607, 4.1356 -0.6408 2.1574, 4.139 -0.6392 2.1651, 4.1391 0.9187 2.1654, 4.1392 -0.6391 2.1653, 4.142 0.9215 2.1696, 4.1449 -0.6362 2.173, 4.1454 0.9249 2.1735, 4.1536 -0.6319 2.1797, 4.1535 0.9331 2.1798, 4.1489 -0.6342 2.1766, 4.1454 -0.636 2.1735, 4.1538 -0.6318 2.1799, 4.1596 -0.6289 2.1826, 4.163 0.9426 2.1837, 4.1732 0.9528 2.185, 4.1661 -0.6256 2.1844, 4.1631 -0.6271 2.1836, 3.7402 0.9134 2.1457, 3.7398 0.9137 2.1508, 3.7388 0.9147 2.1559, 3.7372 0.9164 2.1607, 3.7349 0.9187 2.1654, 3.732 0.9215 2.1696, 3.7286 0.9249 2.1735, 3.7205 0.9331 2.1798, 3.711 0.9426 2.1837, 3.7008 0.9528 2.185, 3.7008 -0.622 2.185, 3.7079 -0.6256 2.1844, 3.7109 -0.6271 2.1836, 3.7144 -0.6289 2.1826, 3.7202 -0.6318 2.1799, 3.7205 -0.6319 2.1797, 3.7251 -0.6342 2.1766, 3.7286 -0.636 2.1735, 3.7291 -0.6362 2.173, 3.7349 -0.6391 2.1653, 3.735 -0.6392 2.1651, 3.7402 -0.6417 2.1457, 3.7399 -0.6416 2.15, 3.7387 -0.641 2.1558, 3.7384 -0.6408 2.1574, -3.7059 -0.6322 2.1836, 3.7059 -0.6322 2.1836, 3.7043 -0.6291 2.1844, -3.7043 -0.6291 2.1844, -3.7008 -0.622 2.185, 3.7076 -0.6357 2.1826, -3.7076 -0.6357 2.1826, 3.7105 -0.6415 2.1799, -3.7105 -0.6415 2.1799, 3.7106 -0.6417 2.1797, -3.7106 -0.6417 2.1797, -3.7129 -0.6463 2.1766, 3.7129 -0.6463 2.1766, -3.7147 -0.6499 2.1735, 3.7147 -0.6499 2.1735, 3.7149 -0.6503 2.173, -3.7149 -0.6503 2.173, 3.7178 -0.6561 2.1653, 3.7197 -0.66 2.1558, 3.7196 -0.6596 2.1574, -3.7196 -0.6596 2.1574, 3.7179 -0.6563 2.1651, -3.7179 -0.6563 2.1651, -3.7178 -0.6561 2.1653, -3.7197 -0.66 2.1558, -3.7204 -0.6612 2.15, 3.7204 -0.6612 2.15, -3.7205 -0.6614 2.1457, 3.7205 -0.6614 2.1457, -3.7402 0.9134 2.1457, -3.7402 -0.6417 2.1457, -3.7398 0.9137 2.1508, -3.7399 -0.6416 2.15, -3.7388 0.9147 2.1559, -3.7387 -0.641 2.1558, -3.7372 0.9164 2.1607, -3.7384 -0.6408 2.1574, -3.735 -0.6392 2.1651, -3.7349 0.9187 2.1654, -3.7349 -0.6391 2.1653, -3.732 0.9215 2.1696, -3.7291 -0.6362 2.173, -3.7286 0.9249 2.1735, -3.7205 -0.6319 2.1797, -3.7205 0.9331 2.1798, -3.7251 -0.6342 2.1766, -3.7286 -0.636 2.1735, -3.7202 -0.6318 2.1799, -3.7144 -0.6289 2.1826, -3.711 0.9426 2.1837, -3.7008 0.9528 2.185, -3.7079 -0.6256 2.1844, -3.7109 -0.6271 2.1836, -4.1339 0.9134 2.1457, -4.1342 0.9137 2.1508, -4.1352 0.9147 2.1559, -4.1369 0.9164 2.1607, -4.1391 0.9187 2.1654, -4.142 0.9215 2.1696, -4.1454 0.9249 2.1735, -4.1535 0.9331 2.1798, -4.163 0.9426 2.1837, -4.1732 0.9528 2.185, -4.1732 -0.622 2.185, -4.1661 -0.6256 2.1844, -4.1631 -0.6271 2.1836, -4.1596 -0.6289 2.1826, -4.1538 -0.6318 2.1799, -4.1536 -0.6319 2.1797, -4.1489 -0.6342 2.1766, -4.1454 -0.636 2.1735, -4.1449 -0.6362 2.173, -4.1392 -0.6391 2.1653, -4.139 -0.6392 2.1651, -4.1339 -0.6417 2.1457, -4.1341 -0.6416 2.15, -4.1353 -0.641 2.1558, -4.1356 -0.6408 2.1574, -4.685 -0.622 2.185, -4.1697 -0.6291 2.1844, -4.685 -0.6322 2.1837, -4.1682 -0.6322 2.1836, -4.1664 -0.6357 2.1826, -4.685 -0.6417 2.1798, -4.1635 -0.6415 2.1799, -4.685 -0.6499 2.1735, -4.1611 -0.6463 2.1766, -4.1634 -0.6417 2.1797, -4.685 -0.6561 2.1654, -4.1591 -0.6503 2.173, -4.1593 -0.6499 2.1735, -4.1543 -0.66 2.1558, -4.1544 -0.6596 2.1574, -4.685 -0.6601 2.1559, -4.1561 -0.6563 2.1651, -4.1562 -0.6561 2.1653, -4.1537 -0.6612 2.15, -4.685 -0.6614 2.1457, -4.1535 -0.6614 2.1457, -4.685 1.2323 2.185, -4.6952 1.2323 2.1837, -4.6952 -0.622 2.1837, -4.7047 1.2323 2.1798, -4.7047 -0.622 2.1798, -4.7129 1.2323 2.1735, -4.7129 -0.622 2.1735, -4.7191 1.2323 2.1654, -4.7191 -0.622 2.1654, -4.7231 1.2323 2.1559, -4.7231 -0.622 2.1559, -4.7244 1.2323 2.1457, -4.7244 -0.622 2.1457, -4.3701 1.2717 2.1457, -4.685 1.2717 2.1457, -4.3697 1.2713 2.1508, -4.685 1.2703 2.1559, -4.3687 1.2703 2.1559, -4.3671 1.2687 2.1607, -4.685 1.2664 2.1654, -4.3648 1.2664 2.1654, -4.3619 1.2635 2.1696, -4.685 1.2601 2.1735, -4.3585 1.2601 2.1735, -4.685 1.252 2.1798, -4.3504 1.252 2.1798, -4.685 1.2425 2.1837, -4.3409 1.2425 2.1837, -4.3307 1.2323 2.185, -4.3409 1.626 2.1837, -4.3504 1.626 2.1798, -4.3585 1.626 2.1735, -4.3648 1.626 2.1654, -4.3687 1.626 2.1559, -4.3674 1.6358 2.1559, -4.3478 1.6358 2.1798, -4.3395 1.6311 2.1837, -4.3379 1.6332 2.1837, -4.3333 1.6358 2.1837, -4.3406 1.6286 2.1837, -4.3497 1.6311 2.1798, -4.3576 1.6332 2.1735, -4.3446 1.6399 2.1798, -4.3358 1.6348 2.1837, -4.3406 1.643 2.1798, -4.3358 1.645 2.1798, -4.3548 1.6399 2.1735, -4.3504 1.6457 2.1735, -4.3446 1.6501 2.1735, -4.3379 1.6529 2.1735, -4.3636 1.6348 2.1654, -4.3602 1.643 2.1654, -4.3548 1.6501 2.1654, -4.3478 1.6555 2.1654, -4.3395 1.6589 2.1654, -4.3636 1.645 2.1559, -4.3576 1.6529 2.1559, -4.3497 1.6589 2.1559, -4.3406 1.6627 2.1559, 4.1352 1.626 2.1559, 4.1365 1.6358 2.1559, 4.1562 1.6358 2.1798, 4.1644 1.6311 2.1837, 4.166 1.6332 2.1837, 4.1706 1.6358 2.1837, 4.1634 1.6286 2.1837, 4.1542 1.6311 2.1798, 4.1463 1.6332 2.1735, 4.163 1.626 2.1837, 4.1593 1.6399 2.1798, 4.1681 1.6348 2.1837, 4.1634 1.643 2.1798, 4.1681 1.645 2.1798, 4.1535 1.626 2.1798, 4.1454 1.626 2.1735, 4.1391 1.626 2.1654, 4.1491 1.6399 2.1735, 4.1535 1.6457 2.1735, 4.1593 1.6501 2.1735, 4.166 1.6529 2.1735, 4.1403 1.6348 2.1654, 4.1437 1.643 2.1654, 4.1491 1.6501 2.1654, 4.1562 1.6555 2.1654, 4.1644 1.6589 2.1654, 4.1403 1.645 2.1559, 4.1463 1.6529 2.1559, 4.1542 1.6589 2.1559, 4.1634 1.6627 2.1559, 4.1732 1.1142 2.185, 4.163 1.1244 2.1837, 4.1535 1.1339 2.1798, 4.1454 1.142 2.1735, 4.1391 1.1483 2.1654, 4.142 1.1454 2.1696, 4.1339 1.1535 2.1457, 4.1342 1.1532 2.1508, 4.1352 1.1522 2.1559, 4.1369 1.1505 2.1607, 3.7349 1.1483 2.1654, 3.732 1.1454 2.1696, 3.7286 1.142 2.1735, 3.7205 1.1339 2.1798, 3.711 1.1244 2.1837, 3.7008 1.1142 2.185, 3.7372 1.1505 2.1607, 3.7388 1.1522 2.1559, 3.7402 1.1535 2.1457, 3.7398 1.1532 2.1508, 3.7388 1.626 2.1559, 3.7349 1.626 2.1654, 3.7286 1.626 2.1735, 3.7205 1.626 2.1798, 3.711 1.626 2.1837, 3.7106 1.6627 2.1559, 3.7106 1.643 2.1798, 3.7059 1.6348 2.1837, 3.708 1.6332 2.1837, 3.7106 1.6286 2.1837, 3.7034 1.6358 2.1837, 3.7059 1.645 2.1798, 3.708 1.6529 2.1735, 3.7147 1.6399 2.1798, 3.7096 1.6311 2.1837, 3.7178 1.6358 2.1798, 3.7198 1.6311 2.1798, 3.7147 1.6501 2.1735, 3.7205 1.6457 2.1735, 3.7249 1.6399 2.1735, 3.7277 1.6332 2.1735, 3.7096 1.6589 2.1654, 3.7178 1.6555 2.1654, 3.7249 1.6501 2.1654, 3.7303 1.643 2.1654, 3.7337 1.6348 2.1654, 3.7198 1.6589 2.1559, 3.7277 1.6529 2.1559, 3.7337 1.645 2.1559, 3.7375 1.6358 2.1559, -4.685 0.4646 0.0197, -4.6924 0.4642 0.0204, -4.6952 -1.6063 0.021, -4.7078 0.461 0.0269, -4.7046 0.4618 0.0252, -4.7047 -1.6063 0.025, -4.6999 0.4631 0.0226, -4.6952 0.4638 0.0212, -4.7191 -1.6063 0.0394, -4.7159 0.4571 0.0346, -4.7129 -1.6063 0.0312, -4.7128 0.4588 0.0313, -4.7119 0.4593 0.0303, -4.7222 0.4513 0.0461, -4.7194 0.4545 0.0399, -4.7191 0.4547 0.0394, -4.7229 0.45 0.0489, -4.7231 -1.6063 0.0489, -4.7239 0.4482 0.0525, -4.7244 -1.6063 0.0591, -4.7244 0.4449 0.0591, -4.7046 0.4788 0.0421, -4.7047 0.479 0.3399, -4.7001 0.4813 0.3376, -4.6999 0.4813 0.0408, -4.6952 0.4829 0.336, -4.6952 0.4827 0.0401, -4.6902 0.4839 0.335, -4.6924 0.4836 0.0397, -4.685 0.4843 0.3346, -4.685 0.4843 0.0394, -4.7191 0.4645 0.0492, -4.7191 0.4646 0.3543, -4.7159 0.4694 0.0468, -4.7129 0.4727 0.3462, -4.7128 0.4727 0.0452, -4.709 0.4761 0.3428, -4.7119 0.4737 0.0447, -4.7078 0.477 0.043, -4.7194 0.4641 0.0495, -4.7222 0.4578 0.0526, -4.7231 0.4551 0.3638, -4.7244 0.4449 0.374, -4.7239 0.4514 0.0558, -4.7229 0.455 0.054, -4.6952 -1.6263 0.0237, -4.7047 -1.6253 0.0275, -4.7129 -1.6237 0.0335, -4.7191 -1.6216 0.0414, -4.7231 -1.6191 0.0506, -4.7244 -1.6165 0.0604, -4.6952 -1.645 0.0314, -4.7047 -1.643 0.0348, -4.7129 -1.6399 0.0402, -4.7191 -1.6358 0.0473, -4.7231 -1.6311 0.0555, -4.7244 -1.626 0.0643, -4.6952 -1.661 0.0437, -4.7047 -1.6582 0.0465, -4.7129 -1.6538 0.0509, -4.7191 -1.6481 0.0567, -4.7231 -1.6413 0.0634, -4.7244 -1.6341 0.0706, -4.6952 -1.6733 0.0597, -4.7047 -1.6699 0.0617, -4.7129 -1.6645 0.0648, -4.7191 -1.6574 0.0689, -4.7231 -1.6492 0.0736, -4.7244 -1.6404 0.0787, -4.6952 -1.6811 0.0784, -4.7047 -1.6773 0.0794, -4.7129 -1.6712 0.081, -4.7191 -1.6633 0.0831, -4.7231 -1.6542 0.0856, -4.7244 -1.6443 0.0882, -4.6952 -1.6837 0.0984, -4.7047 -1.6798 0.0984, -4.7129 -1.6735 0.0984, -4.7191 -1.6654 0.0984, -4.7231 -1.6559 0.0984, -4.7244 -1.6457 0.0984, -4.7129 1.2601 0.3462, -4.685 1.2717 0.3346, -4.6902 1.2713 0.335, -4.6952 1.2703 0.336, -4.7001 1.2687 0.3376, -4.7047 1.2664 0.3399, -4.709 1.2635 0.3428, -4.7191 1.252 0.3543, -4.7231 1.2425 0.3638, -4.7244 1.2323 0.374, -4.6949 -0.6588 2.1559, -4.6949 -0.6391 2.1798, -4.6901 -0.6309 2.1837, -4.6922 -0.6292 2.1837, -4.6949 -0.6247 2.1837, -4.6877 -0.6319 2.1837, -4.6901 -0.6411 2.1798, -4.6922 -0.6489 2.1735, -4.699 -0.636 2.1798, -4.6939 -0.6271 2.1837, -4.7021 -0.6319 2.1798, -4.7041 -0.6271 2.1798, -4.699 -0.6462 2.1735, -4.7047 -0.6417 2.1735, -4.7091 -0.636 2.1735, -4.7119 -0.6292 2.1735, -4.6939 -0.655 2.1654, -4.7021 -0.6516 2.1654, -4.7091 -0.6462 2.1654, -4.7146 -0.6391 2.1654, -4.718 -0.6309 2.1654, -4.7041 -0.655 2.1559, -4.7119 -0.6489 2.1559, -4.718 -0.6411 2.1559, -4.7218 -0.6319 2.1559, -4.6952 -0.6601 2.1457, -4.7047 -0.6561 2.1457, -4.7129 -0.6499 2.1457, -4.7191 -0.6417 2.1457, -4.7231 -0.6322 2.1457, -4.7234 -1.6544 1.2135, -4.7244 -1.6457 1.2135, -4.7229 -1.6558 1.2135, -4.7205 -1.6627 1.2135, -4.7189 -1.6652 1.2135, -4.7158 -1.6702 1.2135, -4.7127 -1.6733 1.2135, -4.7096 -1.6764 1.2135, -4.7046 -1.6796 1.2135, -4.7021 -1.6811 1.2135, -4.6952 -1.6836 1.2135, -4.6938 -1.684 1.2135, -4.685 1.2717 0.8071, -4.6902 1.2713 0.8067, -4.6952 1.2703 0.8057, -4.7001 1.2687 0.8041, -4.7047 1.2664 0.8018, -4.709 1.2635 0.799, -4.7129 1.2601 0.7956, -4.7191 1.252 0.7874, -4.7231 1.2425 0.7779, -4.7244 1.2323 0.7677, -4.685 -0.6614 1.4765, -4.6894 -0.6612 1.4762, -4.6933 -0.6605 1.4754, -4.7047 -0.6561 1.4699, -4.7012 -0.6579 1.4722, -4.6973 -0.6595 1.4741, -4.6952 -0.66 1.4748, -4.7051 -0.6559 1.4696, -4.709 -0.6533 1.4663, -4.7165 -0.6457 1.4568, -4.7126 -0.6496 1.4617, -4.7227 -0.6322 1.4397, -4.7222 -0.635 1.4433, -4.7187 -0.6415 1.4515, -4.7244 -0.622 1.427, -4.6938 -1.6371 1.2849, -4.6938 -1.682 1.2314, -4.7021 -1.6791 1.2307, -4.6938 -1.6198 1.29, -4.6952 -1.6197 1.2896, -4.7021 -1.6359 1.2822, -4.7096 -1.6746 1.2296, -4.7021 -1.6193 1.2872, -4.7046 -1.619 1.2856, -4.7096 -1.6341 1.2779, -4.7158 -1.6685 1.2282, -4.7096 -1.6185 1.2825, -4.7127 -1.6179 1.2795, -4.7158 -1.6316 1.2721, -4.7205 -1.6612 1.2265, -4.6938 -1.6758 1.2484, -4.7021 -1.6732 1.247, -4.7096 -1.669 1.2449, -4.7158 -1.6634 1.2421, -4.7205 -1.6567 1.2388, -4.6938 -1.6659 1.2634, -4.7021 -1.6636 1.2616, -4.7096 -1.66 1.2585, -4.7158 -1.6553 1.2545, -4.7205 -1.6495 1.2497, -4.6938 -1.6527 1.2758, -4.7021 -1.651 1.2735, -4.7096 -1.6482 1.2697, -4.7158 -1.6445 1.2647, -4.7205 -1.64 1.2587, -4.7205 -1.6287 1.2653, -4.7234 -1.6531 1.2246, -4.7158 -1.6174 1.2764, -4.7189 -1.6165 1.2715, -4.7205 -1.6161 1.2691, -4.7229 -1.6149 1.2622, -4.7234 -1.6493 1.2351, -4.7234 -1.6432 1.2444, -4.7234 -1.635 1.2521, -4.7234 -1.6254 1.2577, -4.7234 -1.6147 1.2609, -4.7244 -1.6446 1.2225, -4.7244 -1.6415 1.2311, -4.7244 -1.6365 1.2388, -4.7244 -1.6298 1.245, -4.7244 -1.6219 1.2496, -4.7244 -1.6131 1.2522, -4.685 -1.0905 0.8071, -4.6902 -1.0909 0.8067, -4.6952 -1.0919 0.8057, -4.7001 -1.0935 0.8041, -4.7047 -1.0958 0.8018, -4.709 -1.0987 0.799, -4.7129 -1.1021 0.7956, -4.7191 -1.1102 0.7874, -4.7231 -1.1197 0.7779, -4.7244 -1.1299 0.7677, -4.7012 -0.6728 1.4545, -4.7047 -0.6702 1.4531, -4.7047 -1.6191 1.2858, -4.709 -0.6662 1.4509, -4.7126 -0.661 1.4481, -4.7129 -1.618 1.2796, -4.7232 -1.1204 1.3488, -4.7244 -1.1299 1.3374, -4.7231 -1.6149 1.2623, -4.7227 -0.6363 1.4347, -4.7244 -1.0118 1.3583, -4.7191 -1.6166 1.2716, -4.7165 -0.6555 1.4451, -4.7187 -0.6496 1.4419, -4.7222 -0.6404 1.4369, -4.7051 -0.6699 1.4529, -4.685 -0.6777 1.4572, -4.6952 -1.6197 1.2897, -4.6894 -0.6773 1.457, -4.6933 -0.6764 1.4565, -4.6952 -0.6757 1.4561, -4.6973 -0.6749 1.4557, -4.723 -1.1198 1.3481, -4.709 -1.0987 1.327, -4.7129 -1.1021 1.3304, -4.7191 -1.1102 1.3386, -4.7047 -1.0958 1.3242, -4.7001 -1.0935 1.3219, -4.6902 -1.0909 1.3192, -4.685 -1.0905 1.3189, -4.6952 -1.0919 1.3202, -4.7129 -0.5509 1.3304, -4.7191 -0.5591 1.3386, -4.7231 -0.5685 1.3481, -4.7244 -0.5787 1.3583, -4.685 -0.5394 1.3189, -4.6902 -0.5397 1.3192, -4.6952 -0.5407 1.3202, -4.7001 -0.5424 1.3219, -4.7047 -0.5446 1.3242, -4.709 -0.5475 1.327, -4.685 -0.5394 1.9094, -4.6902 -0.5397 1.9098, -4.6952 -0.5407 1.9108, -4.7001 -0.5424 1.9124, -4.7047 -0.5446 1.9147, -4.709 -0.5475 1.9176, -4.7129 -0.5509 1.921, -4.7191 -0.5591 1.9291, -4.7231 -0.5685 1.9386, -4.7244 -0.5787 1.9488, -4.7129 1.2601 1.921, -4.685 1.2717 1.9094, -4.6902 1.2713 1.9098, -4.6952 1.2703 1.9108, -4.7001 1.2687 1.9124, -4.7047 1.2664 1.9147, -4.709 1.2635 1.9176, -4.7191 1.252 1.9291, -4.7231 1.2425 1.9386, -4.7244 1.2323 1.9488, -4.7231 1.2425 2.1457, -4.7191 1.252 2.1457, -4.7129 1.2601 2.1457, -4.7047 1.2664 2.1457, -4.6952 1.2703 2.1457, -4.7218 1.2421 2.1559, -4.7021 1.2421 2.1798, -4.6939 1.2374 2.1837, -4.6922 1.2395 2.1837, -4.6877 1.2421 2.1837, -4.6949 1.2349 2.1837, -4.7041 1.2374 2.1798, -4.7119 1.2395 2.1735, -4.699 1.2462 2.1798, -4.6901 1.2411 2.1837, -4.6949 1.2493 2.1798, -4.6901 1.2513 2.1798, -4.7091 1.2462 2.1735, -4.7047 1.252 2.1735, -4.699 1.2564 2.1735, -4.6922 1.2592 2.1735, -4.718 1.2411 2.1654, -4.7146 1.2493 2.1654, -4.7091 1.2564 2.1654, -4.7021 1.2618 2.1654, -4.6939 1.2652 2.1654, -4.718 1.2513 2.1559, -4.7119 1.2592 2.1559, -4.7041 1.2652 2.1559, -4.6949 1.269 2.1559, 4.7233 1.241 2.1457, 4.7231 1.2425 2.1457, 4.7218 1.2421 2.1559, 4.7203 1.2493 2.1457, 4.7191 1.252 2.1457, 4.718 1.2513 2.1559, 4.7156 1.2566 2.1457, 4.7129 1.2601 2.1457, 4.7119 1.2592 2.1559, 4.7094 1.2628 2.1457, 4.7047 1.2664 2.1457, 4.7041 1.2652 2.1559, 4.702 1.2675 2.1457, 4.6952 1.2703 2.1457, 4.6949 1.269 2.1559, 4.6938 1.2705 2.1457, 4.6939 1.2652 2.1654, 4.6922 1.2592 2.1735, 4.6901 1.2513 2.1798, 4.6877 1.2421 2.1837, 4.7021 1.2618 2.1654, 4.699 1.2564 2.1735, 4.6949 1.2493 2.1798, 4.6901 1.2411 2.1837, 4.7091 1.2564 2.1654, 4.7047 1.252 2.1735, 4.699 1.2462 2.1798, 4.6922 1.2395 2.1837, 4.7146 1.2493 2.1654, 4.7091 1.2462 2.1735, 4.7021 1.2421 2.1798, 4.6939 1.2374 2.1837, 4.718 1.2411 2.1654, 4.7119 1.2395 2.1735, 4.7041 1.2374 2.1798, 4.6949 1.2349 2.1837, 4.7231 0.4551 0.3638, 4.7244 0.4449 0.374, 4.7244 0.4449 0.0591, 4.7238 0.452 0.0555, 4.7229 0.455 0.054, 4.7191 0.4646 0.3543, 4.722 0.4585 0.0522, 4.7193 0.4643 0.0493, 4.7191 0.4646 0.0492, 4.7129 0.4727 0.3462, 4.716 0.4692 0.0469, 4.7128 0.4727 0.0451, 4.709 0.4761 0.3428, 4.7124 0.4732 0.0449, 4.7047 0.479 0.3399, 4.7047 0.479 0.042, 4.7001 0.4813 0.3376, 4.7045 0.4791 0.0419, 4.6952 0.4829 0.336, 4.685 0.4843 0.0394, 4.685 0.4843 0.3346, 4.6893 0.484 0.0395, 4.6902 0.4839 0.335, 4.6952 0.4828 0.0401, 4.6968 0.4825 0.0403, 4.685 1.2717 1.9094, 4.6894 1.2714 1.9097, 4.6938 1.2706 1.9105, 4.6952 1.2703 1.9108, 4.7021 1.2678 1.9133, 4.7046 1.2662 1.9149, 4.7096 1.2631 1.918, 4.7127 1.2599 1.9212, 4.7158 1.2568 1.9243, 4.7189 1.2519 1.9292, 4.7205 1.2494 1.9317, 4.7229 1.2424 1.9387, 4.7234 1.241 1.9401, 4.7244 1.2323 1.9488, 4.7231 1.2425 0.3638, 4.7233 1.241 0.3653, 4.7244 1.2323 0.374, 4.685 1.2717 0.3346, 4.6894 1.2714 0.3349, 4.6938 1.2707 0.3356, 4.6952 1.2703 0.336, 4.7021 1.2678 0.3385, 4.7046 1.2662 0.3401, 4.7096 1.2631 0.3432, 4.7129 1.2601 0.3462, 4.7156 1.2566 0.3497, 4.7191 1.252 0.3543, 4.7203 1.2493 0.357, 4.7244 -1.6063 0.0591, 4.7238 0.4484 0.052, 4.7231 -1.6063 0.0489, 4.7229 0.45 0.0489, 4.722 0.4517 0.0454, 4.7191 -1.6063 0.0394, 4.7193 0.4546 0.0396, 4.7129 -1.6063 0.0312, 4.716 0.457 0.0348, 4.7191 0.4547 0.0394, 4.7047 -1.6063 0.025, 4.7124 0.459 0.0308, 4.7128 0.4588 0.0312, 4.6952 0.4638 0.0211, 4.6968 0.4637 0.0215, 4.6952 -1.6063 0.021, 4.7045 0.462 0.0248, 4.7047 0.4619 0.025, 4.6893 0.4645 0.0199, 4.685 0.4646 0.0197, 4.685 -0.5394 1.9094, 4.6902 -0.5397 1.9098, 4.6952 -0.5407 1.9108, 4.7001 -0.5424 1.9124, 4.7047 -0.5446 1.9147, 4.709 -0.5475 1.9176, 4.7129 -0.5509 1.921, 4.7191 -0.5591 1.9291, 4.7231 -0.5685 1.9386, 4.7244 -0.5787 1.9488, 4.7244 1.2323 0.7677, 4.7233 1.241 0.7765, 4.7203 1.2493 0.7847, 4.7231 1.2425 0.7779, 4.7191 1.252 0.7874, 4.7156 1.2566 0.7921, 4.7129 1.2601 0.7956, 4.7096 1.2631 0.7985, 4.7046 1.2662 0.8016, 4.7021 1.2678 0.8032, 4.6952 1.2703 0.8057, 4.6938 1.2707 0.8061, 4.6894 1.2714 0.8068, 4.685 1.2717 0.8071, 4.6952 -1.6837 0.0984, 4.6952 -1.6811 0.0784, 4.7047 -1.6798 0.0984, 4.7047 -1.6773 0.0794, 4.7129 -1.6735 0.0984, 4.7129 -1.6712 0.081, 4.7191 -1.6654 0.0984, 4.7191 -1.6633 0.0831, 4.7231 -1.6559 0.0984, 4.7231 -1.6542 0.0856, 4.7244 -1.6457 0.0984, 4.7244 -1.6443 0.0882, 4.6952 -1.6733 0.0597, 4.7047 -1.6699 0.0617, 4.7129 -1.6645 0.0648, 4.7191 -1.6574 0.0689, 4.7231 -1.6492 0.0736, 4.7244 -1.6404 0.0787, 4.6952 -1.661 0.0437, 4.7047 -1.6582 0.0465, 4.7129 -1.6538 0.0509, 4.7191 -1.6481 0.0567, 4.7231 -1.6413 0.0634, 4.7244 -1.6341 0.0706, 4.6952 -1.645 0.0314, 4.7047 -1.643 0.0348, 4.7129 -1.6399 0.0402, 4.7191 -1.6358 0.0473, 4.7231 -1.6311 0.0555, 4.7244 -1.626 0.0643, 4.6952 -1.6263 0.0237, 4.7047 -1.6253 0.0275, 4.7129 -1.6237 0.0335, 4.7191 -1.6216 0.0414, 4.7231 -1.6191 0.0506, 4.7244 -1.6165 0.0604, 4.6952 -0.5407 1.3202, 4.6938 -0.5404 1.32, 4.6894 -0.5396 1.3191, 4.685 -0.5394 1.3189, 4.7021 -0.5433 1.3228, 4.7046 -0.5448 1.3244, 4.7096 -0.548 1.3275, 4.7127 -0.5511 1.3306, 4.7189 -0.5592 1.3387, 4.7158 -0.5542 1.3337, 4.7244 -0.5787 1.3583, 4.7234 -0.57 1.3495, 4.7229 -0.5686 1.3481, 4.7205 -0.5617 1.3412, 4.7231 -1.1197 0.7779, 4.7244 -1.1299 0.7677, 4.7191 -1.1102 0.7874, 4.7129 -1.1021 0.7956, 4.709 -1.0987 0.799, 4.7047 -1.0958 0.8018, 4.7001 -1.0935 0.8041, 4.6952 -1.0919 0.8057, 4.6902 -1.0909 0.8067, 4.685 -1.0905 0.8071, 4.6952 -1.6837 1.2135, 4.7047 -1.6798 1.2135, 4.7129 -1.6735 1.2135, 4.7191 -1.6654 1.2135, 4.7231 -1.6559 1.2135, 4.7244 -1.6457 1.2135, 4.7233 -1.1117 1.3495, 4.7232 -1.1204 1.3488, 4.723 -1.1198 1.3481, 4.7205 -1.1128 1.3412, 4.7244 -1.0118 1.3583, 4.7189 -1.1103 1.3387, 4.7158 -1.1054 1.3337, 4.7127 -1.1023 1.3306, 4.7096 -1.0991 1.3275, 4.7046 -1.096 1.3244, 4.7021 -1.0944 1.3228, 4.6952 -1.0919 1.3202, 4.6938 -1.0916 1.32, 4.6894 -1.0908 1.3191, 4.685 -1.0905 1.3189, 4.7244 -1.1299 1.3374, 4.7233 -1.1212 1.3479, 4.6938 -1.6198 1.2899, 4.6952 -1.637 1.2845, 4.6952 -1.6197 1.2897, 4.702 -1.6192 1.2869, 4.7047 -1.6354 1.2809, 4.7047 -1.6191 1.2858, 4.7094 -1.6184 1.2823, 4.7129 -1.6329 1.2752, 4.7129 -1.618 1.2796, 4.7156 -1.6174 1.2762, 4.7191 -1.6297 1.2677, 4.7191 -1.6166 1.2716, 4.7203 -1.6161 1.2689, 4.7231 -1.6259 1.259, 4.7231 -1.6149 1.2623, 4.7233 -1.6147 1.2608, 4.7244 -1.6219 1.2496, 4.7244 -1.6131 1.2522, 4.6952 -1.6525 1.2755, 4.7047 -1.6502 1.2724, 4.7129 -1.6464 1.2674, 4.7191 -1.6416 1.2608, 4.7231 -1.6359 1.2532, 4.7244 -1.6298 1.245, 4.6952 -1.6656 1.2632, 4.7047 -1.6626 1.2607, 4.7129 -1.6578 1.2567, 4.7191 -1.6515 1.2514, 4.7231 -1.6443 1.2453, 4.7244 -1.6365 1.2388, 4.6952 -1.6755 1.2482, 4.7047 -1.6719 1.2464, 4.7129 -1.6664 1.2436, 4.7191 -1.6591 1.24, 4.7231 -1.6506 1.2357, 4.7244 -1.6415 1.2311, 4.6952 -1.6816 1.2313, 4.7047 -1.6778 1.2304, 4.7129 -1.6717 1.229, 4.7191 -1.6638 1.2271, 4.7231 -1.6545 1.2249, 4.7244 -1.6446 1.2225, 4.7244 -0.622 1.427, 4.7239 -0.6306 1.4316, 4.7231 -0.6343 1.4336, 4.7203 -0.6461 1.44, 4.7205 -1.6161 1.2691, 4.7234 -1.6147 1.2609, 4.685 -0.6777 1.4572, 4.689 -0.6774 1.457, 4.6938 -1.6198 1.29, 4.693 -0.6765 1.4565, 4.7021 -0.6721 1.4541, 4.7012 -0.6728 1.4545, 4.7021 -1.6193 1.2872, 4.6971 -0.675 1.4557, 4.6938 -0.6762 1.4564, 4.7054 -0.6697 1.4528, 4.7096 -1.6185 1.2825, 4.7094 -0.6652 1.4504, 4.7158 -1.6174 1.2764, 4.7155 -0.6564 1.4456, 4.7132 -0.6609 1.448, 4.72 -0.6478 1.4409, 4.7012 -0.6579 1.4721, 4.7047 -0.6561 1.4699, 4.7047 -0.6561 2.1457, 4.7231 -0.6322 2.1457, 4.7191 -0.6417 2.1457, 4.719 -0.6416 1.4516, 4.72 -0.6402 1.4499, 4.7226 -0.6321 1.4396, 4.7239 -0.6281 1.4346, 4.7129 -0.6499 2.1457, 4.7054 -0.6557 1.4694, 4.7128 -0.6498 1.462, 4.7132 -0.6495 1.4616, 4.685 -0.6614 1.4765, 4.6952 -0.6601 2.1457, 4.689 -0.6612 1.4763, 4.693 -0.6606 1.4755, 4.6952 -0.66 1.4748, 4.6971 -0.6595 1.4741, 4.7218 -0.6319 2.1559, 4.7021 -0.6319 2.1798, 4.6939 -0.6271 2.1837, 4.6922 -0.6292 2.1837, 4.6877 -0.6319 2.1837, 4.6949 -0.6247 2.1837, 4.7041 -0.6271 2.1798, 4.7119 -0.6292 2.1735, 4.699 -0.636 2.1798, 4.6901 -0.6309 2.1837, 4.6949 -0.6391 2.1798, 4.6901 -0.6411 2.1798, 4.7091 -0.636 2.1735, 4.7047 -0.6417 2.1735, 4.699 -0.6462 2.1735, 4.6922 -0.6489 2.1735, 4.718 -0.6309 2.1654, 4.7146 -0.6391 2.1654, 4.7091 -0.6462 2.1654, 4.7021 -0.6516 2.1654, 4.6939 -0.655 2.1654, 4.718 -0.6411 2.1559, 4.7119 -0.6489 2.1559, 4.7041 -0.655 2.1559, 4.6949 -0.6588 2.1559, -4.7218 -0.6367 1.4412, -4.722 -0.6359 1.4422, -4.7157 -0.647 1.4546, -4.704 -0.657 1.4661, -4.7002 -0.6589 1.4683, -4.6964 -0.6603 1.4699, -4.685 -0.6619 1.472, -4.685 -0.6635 1.4677, -4.689 -0.6617 1.4717, -4.689 -0.673 1.4583, -4.6927 -0.6723 1.4579, -4.6927 -0.6612 1.4711, -4.6964 -0.671 1.4572, -4.7002 -0.6691 1.4561, -4.685 -0.666 1.4639, -4.6888 -0.6633 1.4675, -4.6923 -0.6628 1.4669, -4.6958 -0.6619 1.466, -4.6995 -0.6606 1.4646, -4.7033 -0.6587 1.4627, -4.685 -0.6693 1.4607, -4.6887 -0.6658 1.4637, -4.6921 -0.6653 1.4632, -4.6956 -0.6643 1.4625, -4.6993 -0.6629 1.4613, -4.7031 -0.6609 1.4596, -4.707 -0.6583 1.4574, -4.704 -0.6666 1.4546, -4.7079 -0.6634 1.4527, -4.685 -0.6733 1.4585, -4.6888 -0.6691 1.4606, -4.6923 -0.6685 1.4602, -4.6958 -0.6674 1.4595, -4.6995 -0.6658 1.4584, -4.7033 -0.6636 1.4569, -4.7073 -0.6607 1.4548, -4.7153 -0.6518 1.4485, -4.7157 -0.6536 1.4468, -4.7079 -0.6545 1.4632, -4.7153 -0.6484 1.4525, -4.7218 -0.6376 1.4401, -4.722 -0.6395 1.438, -4.7073 -0.6562 1.4602, -4.7152 -0.65 1.4505, -4.7218 -0.6386 1.439, -4.161 -0.6618 1.4728, -4.1535 -0.6614 1.4765, -4.1625 -0.6621 1.472, -4.1711 -0.6637 1.4678, -4.1849 -0.6694 1.4609, -4.1826 -0.6678 1.462, -4.1786 -0.6662 1.464, -4.1737 -0.6642 1.4665, -4.1923 -0.6777 1.4572, -4.1914 -0.6758 1.4576, -4.1901 -0.6738 1.4583, -4.1897 -0.6733 1.4585, -4.1882 -0.6718 1.4592, -4.1727 -0.6417 1.1855, -4.1732 -0.6417 1.1811, -4.1732 -0.4646 1.1811, -4.1725 -0.6417 1.1862, -4.1726 -0.4646 1.1862, -4.1713 -0.6417 1.1896, -4.1706 -0.4646 1.1909, -4.1705 -0.6417 1.1909, -4.1689 -0.6417 1.1934, -4.1675 -0.4646 1.195, -4.1674 -0.6417 1.1949, -4.1658 -0.6417 1.1965, -4.1634 -0.4646 1.1982, -4.1633 -0.6417 1.1981, -4.1621 -0.6417 1.1988, -4.1586 -0.4646 1.2001, -4.1586 -0.6417 1.2001, -4.1579 -0.6417 1.2003, -4.1535 -0.4646 1.2008, -4.1535 -0.6417 1.2008, -4.1732 -0.6811 1.4366, -4.1732 -0.6811 1.2205, -4.1729 -0.6777 1.4378, -4.1726 -0.676 1.2205, -4.1725 -0.676 1.4385, -4.1706 -0.6713 1.2205, -4.1705 -0.6713 1.4426, -4.1709 -0.6718 1.4418, -4.1718 -0.6738 1.44, -4.1725 -0.6758 1.4386, -4.1634 -0.6641 1.4569, -4.1636 -0.6642 1.4564, -4.1675 -0.6672 1.2205, -4.1674 -0.6673 1.4488, -4.1681 -0.6678 1.4474, -4.1634 -0.6641 1.2205, -4.1586 -0.6621 1.2205, -4.1586 -0.6623 1.4665, -4.1573 -0.6618 1.4691, -4.1535 -0.6614 1.2205, -4.1579 -0.647 1.201, -4.1586 -0.6622 1.2205, -4.1621 -0.6634 1.2205, -4.1621 -0.6626 1.2149, -4.1621 -0.6473 1.1996, -4.1633 -0.6641 1.2205, -4.1658 -0.6657 1.2205, -4.1658 -0.6649 1.2143, -4.1658 -0.6479 1.1973, -4.1674 -0.6673 1.2205, -4.1689 -0.6688 1.2205, -4.1689 -0.6679 1.2135, -4.1689 -0.6487 1.1943, -4.1705 -0.6713 1.2205, -4.1713 -0.6726 1.2205, -4.1713 -0.6715 1.2125, -4.1713 -0.6497 1.1907, -4.1725 -0.676 1.2205, -4.1727 -0.6767 1.2205, -4.1727 -0.6755 1.2114, -4.1732 -0.6519 1.1824, -4.1727 -0.6508 1.1867, -4.1732 -0.6614 1.1864, -4.1727 -0.6592 1.1902, -4.1732 -0.6696 1.1926, -4.1727 -0.6665 1.1957, -4.1732 -0.6758 1.2008, -4.1727 -0.672 1.203, -4.1732 -0.6798 1.2103, -4.1713 -0.6571 1.1938, -4.1713 -0.6635 1.1987, -4.1713 -0.6684 1.2051, -4.1689 -0.6553 1.197, -4.1689 -0.6609 1.2013, -4.1689 -0.6652 1.2069, -4.1658 -0.6537 1.1997, -4.1658 -0.6587 1.2035, -4.1658 -0.6625 1.2085, -4.1621 -0.6525 1.2017, -4.1621 -0.657 1.2052, -4.1621 -0.6605 1.2097, -4.1579 -0.6518 1.203, -4.1579 -0.656 1.2062, -4.1579 -0.6592 1.2104, -4.1579 -0.6612 1.2152, -4.1579 -0.6619 1.2205, -4.1535 -0.6468 1.2015, -4.1535 -0.6516 1.2034, -4.1535 -0.6556 1.2066, -4.1535 -0.6588 1.2106, -4.1535 -0.6607 1.2154, -3.8583 -0.6614 1.2205, -3.8532 -0.6607 1.2154, -3.8484 -0.6588 1.2106, -3.8443 -0.6556 1.2066, -3.8427 -0.6537 1.2049, -3.8412 -0.6516 1.2034, -3.8401 -0.6493 1.2023, -3.8393 -0.6468 1.2015, -3.8388 -0.6443 1.201, -3.8386 -0.6417 1.2008, -3.8484 -0.6588 1.6043, -3.8532 -0.6607 1.6091, -3.8583 -0.6614 1.6142, -3.8412 -0.6516 1.5971, -3.8427 -0.6537 1.5986, -3.8443 -0.6556 1.6003, -3.8386 -0.6417 1.5945, -3.8388 -0.6443 1.5947, -3.8393 -0.6468 1.5952, -3.8401 -0.6493 1.596, -3.2479 -0.6443 1.5947, -3.2474 -0.6468 1.5952, -3.2465 -0.6493 1.596, -3.2454 -0.6516 1.5971, -3.2283 -0.6614 1.6142, -3.2334 -0.6607 1.6091, -3.2382 -0.6588 1.6043, -3.2423 -0.6556 1.6003, -3.244 -0.6537 1.5986, -3.248 -0.6417 1.5945, -3.2283 -0.6614 1.2205, -3.2334 -0.6607 1.2154, -3.2382 -0.6588 1.2106, -3.2423 -0.6556 1.2066, -3.244 -0.6537 1.2049, -3.2454 -0.6516 1.2034, -3.2465 -0.6493 1.2023, -3.2474 -0.6468 1.2015, -3.2479 -0.6443 1.201, -3.248 -0.6417 1.2008, -3.0709 -0.6614 1.2205, -3.0658 -0.6607 1.2154, -3.061 -0.6588 1.2106, -3.0569 -0.6556 1.2066, -3.0552 -0.6537 1.2049, -3.0538 -0.6516 1.2034, -3.0527 -0.6493 1.2023, -3.0519 -0.6468 1.2015, -3.0513 -0.6443 1.201, -3.0512 -0.6417 1.2008, -3.061 -0.6588 1.6043, -3.0658 -0.6607 1.6091, -3.0709 -0.6614 1.6142, -3.0538 -0.6516 1.5971, -3.0552 -0.6537 1.5986, -3.0569 -0.6556 1.6003, -3.0512 -0.6417 1.5945, -3.0513 -0.6443 1.5947, -3.0519 -0.6468 1.5952, -3.0527 -0.6493 1.596, -2.4605 -0.6443 1.5947, -2.46 -0.6468 1.5952, -2.4409 -0.6614 1.6142, -2.446 -0.6607 1.6091, -2.4508 -0.6588 1.6043, -2.4549 -0.6556 1.6003, -2.458 -0.6516 1.5971, -2.4566 -0.6537 1.5986, -2.4591 -0.6493 1.596, -2.4606 -0.6417 1.5945, -2.4409 -0.6614 1.2205, -2.446 -0.6607 1.2154, -2.4508 -0.6588 1.2106, -2.4549 -0.6556 1.2066, -2.4566 -0.6537 1.2049, -2.458 -0.6516 1.2034, -2.4591 -0.6493 1.2023, -2.46 -0.6468 1.2015, -2.4605 -0.6443 1.201, -2.4606 -0.6417 1.2008, -2.2736 -0.6588 1.2106, -2.2784 -0.6607 1.2154, -2.2835 -0.6614 1.2205, -2.2638 -0.6417 1.2008, -2.2639 -0.6443 1.201, -2.2645 -0.6468 1.2015, -2.2653 -0.6493 1.2023, -2.2664 -0.6516 1.2034, -2.2678 -0.6537 1.2049, -2.2695 -0.6556 1.2066, -2.2736 -0.6588 1.6043, -2.2784 -0.6607 1.6091, -2.2835 -0.6614 1.6142, -2.2664 -0.6516 1.5971, -2.2678 -0.6537 1.5986, -2.2695 -0.6556 1.6003, -2.2638 -0.6417 1.5945, -2.2639 -0.6443 1.5947, -2.2645 -0.6468 1.5952, -2.2653 -0.6493 1.596, -1.6731 -0.6443 1.5947, -1.6726 -0.6468 1.5952, -1.6535 -0.6614 1.6142, -1.6586 -0.6607 1.6091, -1.6634 -0.6588 1.6043, -1.6675 -0.6556 1.6003, -1.6706 -0.6516 1.5971, -1.6692 -0.6537 1.5986, -1.6717 -0.6493 1.596, -1.6732 -0.6417 1.5945, -1.6535 -0.6614 1.2205, -1.6586 -0.6607 1.2154, -1.6634 -0.6588 1.2106, -1.6675 -0.6556 1.2066, -1.6692 -0.6537 1.2049, -1.6706 -0.6516 1.2034, -1.6717 -0.6493 1.2023, -1.6726 -0.6468 1.2015, -1.6731 -0.6443 1.201, -1.6732 -0.6417 1.2008, -1.4961 -0.6614 1.2205, -1.491 -0.6607 1.2154, -1.4862 -0.6588 1.2106, -1.4821 -0.6556 1.2066, -1.4804 -0.6537 1.2049, -1.479 -0.6516 1.2034, -1.4779 -0.6493 1.2023, -1.4764 -0.6417 1.2008, -1.4765 -0.6443 1.201, -1.477 -0.6468 1.2015, -1.4862 -0.6588 1.6043, -1.491 -0.6607 1.6091, -1.4961 -0.6614 1.6142, -1.479 -0.6516 1.5971, -1.4804 -0.6537 1.5986, -1.4821 -0.6556 1.6003, -1.4764 -0.6417 1.5945, -1.4765 -0.6443 1.5947, -1.477 -0.6468 1.5952, -1.4779 -0.6493 1.596, -0.8857 -0.6443 1.5947, -0.8852 -0.6468 1.5952, -0.8843 -0.6493 1.596, -0.8832 -0.6516 1.5971, -0.8818 -0.6537 1.5986, -0.8801 -0.6556 1.6003, -0.876 -0.6588 1.6043, -0.8712 -0.6607 1.6091, -0.8661 -0.6614 1.6142, -0.8858 -0.6417 1.5945, -0.8661 -0.6614 1.2205, -0.8712 -0.6607 1.2154, -0.876 -0.6588 1.2106, -0.8801 -0.6556 1.2066, -0.8818 -0.6537 1.2049, -0.8832 -0.6516 1.2034, -0.8843 -0.6493 1.2023, -0.8852 -0.6468 1.2015, -0.8857 -0.6443 1.201, -0.8858 -0.6417 1.2008, -0.693 -0.6537 1.2049, -0.6947 -0.6556 1.2066, -0.6988 -0.6588 1.2106, -0.7036 -0.6607 1.2154, -0.7087 -0.6614 1.2205, -0.6905 -0.6493 1.2023, -0.6916 -0.6516 1.2034, -0.689 -0.6417 1.2008, -0.6891 -0.6443 1.201, -0.6896 -0.6468 1.2015, -0.6988 -0.6588 1.6043, -0.7036 -0.6607 1.6091, -0.7087 -0.6614 1.6142, -0.6916 -0.6516 1.5971, -0.693 -0.6537 1.5986, -0.6947 -0.6556 1.6003, -0.689 -0.6417 1.5945, -0.6891 -0.6443 1.5947, -0.6896 -0.6468 1.5952, -0.6905 -0.6493 1.596, -0.0944 -0.6537 1.5986, -0.0927 -0.6556 1.6003, -0.0886 -0.6588 1.6043, -0.0838 -0.6607 1.6091, -0.0787 -0.6614 1.6142, -0.0958 -0.6516 1.5971, -0.0978 -0.6468 1.5952, -0.0969 -0.6493 1.596, -0.0984 -0.6417 1.5945, -0.0983 -0.6443 1.5947, -0.0787 -0.6614 1.2205, -0.0838 -0.6607 1.2154, -0.0886 -0.6588 1.2106, -0.0927 -0.6556 1.2066, -0.0944 -0.6537 1.2049, -0.0958 -0.6516 1.2034, -0.0969 -0.6493 1.2023, -0.0978 -0.6468 1.2015, -0.0983 -0.6443 1.201, -0.0984 -0.6417 1.2008, 0.0787 -0.6614 1.2205, 0.0838 -0.6607 1.2154, 0.0886 -0.6588 1.2106, 0.0927 -0.6556 1.2066, 0.0944 -0.6537 1.2049, 0.0958 -0.6516 1.2034, 0.0969 -0.6493 1.2023, 0.0984 -0.6417 1.2008, 0.0983 -0.6443 1.201, 0.0978 -0.6468 1.2015, 0.0886 -0.6588 1.6043, 0.0838 -0.6607 1.6091, 0.0787 -0.6614 1.6142, 0.0958 -0.6516 1.5971, 0.0944 -0.6537 1.5986, 0.0927 -0.6556 1.6003, 0.0984 -0.6417 1.5945, 0.0983 -0.6443 1.5947, 0.0978 -0.6468 1.5952, 0.0969 -0.6493 1.596, 0.6905 -0.6493 1.596, 0.6916 -0.6516 1.5971, 0.7087 -0.6614 1.6142, 0.7036 -0.6607 1.6091, 0.6988 -0.6588 1.6043, 0.6947 -0.6556 1.6003, 0.693 -0.6537 1.5986, 0.6896 -0.6468 1.5952, 0.689 -0.6417 1.5945, 0.6891 -0.6443 1.5947, 0.7087 -0.6614 1.2205, 0.7036 -0.6607 1.2154, 0.6988 -0.6588 1.2106, 0.6947 -0.6556 1.2066, 0.693 -0.6537 1.2049, 0.6916 -0.6516 1.2034, 0.6905 -0.6493 1.2023, 0.6896 -0.6468 1.2015, 0.6891 -0.6443 1.201, 0.689 -0.6417 1.2008, 0.8661 -0.6614 1.2205, 0.8712 -0.6607 1.2154, 0.876 -0.6588 1.2106, 0.8801 -0.6556 1.2066, 0.8818 -0.6537 1.2049, 0.8832 -0.6516 1.2034, 0.8843 -0.6493 1.2023, 0.8852 -0.6468 1.2015, 0.8857 -0.6443 1.201, 0.8858 -0.6417 1.2008, 0.876 -0.6588 1.6043, 0.8712 -0.6607 1.6091, 0.8661 -0.6614 1.6142, 0.8832 -0.6516 1.5971, 0.8818 -0.6537 1.5986, 0.8801 -0.6556 1.6003, 0.8858 -0.6417 1.5945, 0.8857 -0.6443 1.5947, 0.8852 -0.6468 1.5952, 0.8843 -0.6493 1.596, 1.4765 -0.6443 1.5947, 1.477 -0.6468 1.5952, 1.4779 -0.6493 1.596, 1.479 -0.6516 1.5971, 1.4804 -0.6537 1.5986, 1.4821 -0.6556 1.6003, 1.4862 -0.6588 1.6043, 1.491 -0.6607 1.6091, 1.4961 -0.6614 1.6142, 1.4764 -0.6417 1.5945, 1.4961 -0.6614 1.2205, 1.491 -0.6607 1.2154, 1.4862 -0.6588 1.2106, 1.4821 -0.6556 1.2066, 1.4804 -0.6537 1.2049, 1.479 -0.6516 1.2034, 1.4779 -0.6493 1.2023, 1.477 -0.6468 1.2015, 1.4765 -0.6443 1.201, 1.4764 -0.6417 1.2008, 1.6535 -0.6614 1.2205, 1.6586 -0.6607 1.2154, 1.6634 -0.6588 1.2106, 1.6675 -0.6556 1.2066, 1.6692 -0.6537 1.2049, 1.6732 -0.6417 1.2008, 1.6731 -0.6443 1.201, 1.6726 -0.6468 1.2015, 1.6717 -0.6493 1.2023, 1.6706 -0.6516 1.2034, 1.6634 -0.6588 1.6043, 1.6586 -0.6607 1.6091, 1.6535 -0.6614 1.6142, 1.6706 -0.6516 1.5971, 1.6692 -0.6537 1.5986, 1.6675 -0.6556 1.6003, 1.6732 -0.6417 1.5945, 1.6731 -0.6443 1.5947, 1.6726 -0.6468 1.5952, 1.6717 -0.6493 1.596, 2.2639 -0.6443 1.5947, 2.2645 -0.6468 1.5952, 2.2835 -0.6614 1.6142, 2.2784 -0.6607 1.6091, 2.2736 -0.6588 1.6043, 2.2695 -0.6556 1.6003, 2.2664 -0.6516 1.5971, 2.2678 -0.6537 1.5986, 2.2653 -0.6493 1.596, 2.2638 -0.6417 1.5945, 2.2835 -0.6614 1.2205, 2.2784 -0.6607 1.2154, 2.2736 -0.6588 1.2106, 2.2695 -0.6556 1.2066, 2.2678 -0.6537 1.2049, 2.2664 -0.6516 1.2034, 2.2653 -0.6493 1.2023, 2.2645 -0.6468 1.2015, 2.2639 -0.6443 1.201, 2.2638 -0.6417 1.2008, 2.4566 -0.6537 1.2049, 2.4549 -0.6556 1.2066, 2.4508 -0.6588 1.2106, 2.446 -0.6607 1.2154, 2.4409 -0.6614 1.2205, 2.458 -0.6516 1.2034, 2.4591 -0.6493 1.2023, 2.46 -0.6468 1.2015, 2.4605 -0.6443 1.201, 2.4606 -0.6417 1.2008, 2.4508 -0.6588 1.6043, 2.446 -0.6607 1.6091, 2.4409 -0.6614 1.6142, 2.458 -0.6516 1.5971, 2.4566 -0.6537 1.5986, 2.4549 -0.6556 1.6003, 2.4606 -0.6417 1.5945, 2.4605 -0.6443 1.5947, 2.46 -0.6468 1.5952, 2.4591 -0.6493 1.596, 3.0513 -0.6443 1.5947, 3.0519 -0.6468 1.5952, 3.0709 -0.6614 1.6142, 3.0658 -0.6607 1.6091, 3.061 -0.6588 1.6043, 3.0569 -0.6556 1.6003, 3.0538 -0.6516 1.5971, 3.0552 -0.6537 1.5986, 3.0527 -0.6493 1.596, 3.0512 -0.6417 1.5945, 3.0709 -0.6614 1.2205, 3.0658 -0.6607 1.2154, 3.061 -0.6588 1.2106, 3.0569 -0.6556 1.2066, 3.0552 -0.6537 1.2049, 3.0538 -0.6516 1.2034, 3.0527 -0.6493 1.2023, 3.0519 -0.6468 1.2015, 3.0513 -0.6443 1.201, 3.0512 -0.6417 1.2008, 3.244 -0.6537 1.2049, 3.2423 -0.6556 1.2066, 3.2382 -0.6588 1.2106, 3.2334 -0.6607 1.2154, 3.2283 -0.6614 1.2205, 3.2465 -0.6493 1.2023, 3.2454 -0.6516 1.2034, 3.248 -0.6417 1.2008, 3.2479 -0.6443 1.201, 3.2474 -0.6468 1.2015, 3.2382 -0.6588 1.6043, 3.2334 -0.6607 1.6091, 3.2283 -0.6614 1.6142, 3.2454 -0.6516 1.5971, 3.244 -0.6537 1.5986, 3.2423 -0.6556 1.6003, 3.248 -0.6417 1.5945, 3.2479 -0.6443 1.5947, 3.2474 -0.6468 1.5952, 3.2465 -0.6493 1.596, 3.8388 -0.6443 1.5947, 3.8393 -0.6468 1.5952, 3.8401 -0.6493 1.596, 3.8412 -0.6516 1.5971, 3.8583 -0.6614 1.6142, 3.8532 -0.6607 1.6091, 3.8484 -0.6588 1.6043, 3.8443 -0.6556 1.6003, 3.8427 -0.6537 1.5986, 3.8386 -0.6417 1.5945, 4.6962 -0.671 1.4572, 4.6924 -0.6612 1.4711, 4.7043 -0.6664 1.4545, 4.7002 -0.6589 1.4683, 4.7123 -0.6585 1.4498, 4.7043 -0.6568 1.4659, 4.7195 -0.6464 1.4423, 4.7123 -0.6508 1.459, 4.7195 -0.6413 1.4483, 4.7239 -0.6297 1.4326, 4.7239 -0.6301 1.4321, 4.7239 -0.6285 1.4341, 4.7192 -0.645 1.4437, 4.7239 -0.6293 1.4331, 4.7117 -0.6563 1.4518, 4.7191 -0.6437 1.4452, 4.7239 -0.6289 1.4336, 4.7002 -0.6691 1.4561, 4.7036 -0.6634 1.4567, 4.7115 -0.6542 1.454, 4.7192 -0.6425 1.4467, 4.6996 -0.6658 1.4584, 4.7034 -0.6608 1.4595, 4.7117 -0.6524 1.4564, 4.6924 -0.6723 1.4579, 4.6957 -0.6674 1.4595, 4.6993 -0.6629 1.4612, 4.7036 -0.6585 1.4626, 4.6887 -0.6618 1.4718, 4.6885 -0.6633 1.4675, 4.6962 -0.6603 1.47, 4.692 -0.6628 1.467, 4.6884 -0.6658 1.4637, 4.6957 -0.6619 1.466, 4.6919 -0.6653 1.4633, 4.6885 -0.6691 1.4606, 4.6996 -0.6605 1.4646, 4.6955 -0.6644 1.4625, 4.692 -0.6685 1.4602, 4.6887 -0.6731 1.4583, 4.685 -0.6733 1.4585, 4.685 -0.6693 1.4607, 4.685 -0.666 1.4639, 4.685 -0.6635 1.4677, 4.685 -0.6619 1.472, 3.8583 -0.6614 1.2205, 3.8532 -0.6607 1.2154, 3.8484 -0.6588 1.2106, 3.8443 -0.6556 1.2066, 3.8427 -0.6537 1.2049, 3.8412 -0.6516 1.2034, 3.8401 -0.6493 1.2023, 3.8393 -0.6468 1.2015, 3.8388 -0.6443 1.201, 3.8386 -0.6417 1.2008, 4.1912 -0.6754 1.4577, 4.1923 -0.6777 1.4572, 4.1857 -0.6697 1.4605, 4.185 -0.6694 1.4608, 4.1881 -0.6716 1.4593, 4.1897 -0.6733 1.4585, 4.1899 -0.6735 1.4584, 4.1784 -0.6659 1.4641, 4.1788 -0.666 1.4639, 4.1625 -0.6622 1.4721, 4.1675 -0.6627 1.4696, 4.171 -0.6637 1.4678, 4.1535 -0.6614 1.4765, 4.1535 -0.6417 1.2008, 4.1535 -0.6468 1.2015, 4.1535 -0.6516 1.2034, 4.1535 -0.6556 1.2066, 4.1535 -0.6588 1.2106, 4.1535 -0.6607 1.2154, 4.1535 -0.6614 1.2205, 4.1586 -0.6621 1.2205, 4.1586 -0.6623 1.4665, 4.1634 -0.6641 1.2205, 4.1675 -0.6672 1.2205, 4.1673 -0.6673 1.4489, 4.166 -0.6659 1.4516, 4.1633 -0.6643 1.4571, 4.1605 -0.6627 1.4626, 4.1717 -0.6735 1.4402, 4.1708 -0.6716 1.442, 4.1706 -0.6713 1.2205, 4.1706 -0.6713 1.4425, 4.1696 -0.6697 1.4444, 4.1726 -0.676 1.2205, 4.1732 -0.6811 1.2205, 4.1732 -0.6811 1.4366, 4.1729 -0.6777 1.4378, 4.1725 -0.676 1.4386, 4.1724 -0.6754 1.4389, 4.1732 -0.6798 1.2103, 4.1726 -0.6748 1.2116, 4.1732 -0.6758 1.2008, 4.1726 -0.6714 1.2033, 4.1732 -0.6696 1.1926, 4.1726 -0.666 1.1962, 4.1732 -0.6614 1.1864, 4.1726 -0.6589 1.1908, 4.1732 -0.6519 1.1824, 4.1726 -0.6506 1.1874, 4.1732 -0.6417 1.1811, 4.1726 -0.6417 1.1862, 4.1706 -0.6703 1.2128, 4.1706 -0.6673 1.2057, 4.1706 -0.6626 1.1996, 4.1706 -0.6565 1.1949, 4.1706 -0.6494 1.192, 4.1706 -0.6417 1.1909, 4.1675 -0.6663 1.2139, 4.1675 -0.6638 1.2077, 4.1675 -0.6597 1.2025, 4.1675 -0.6545 1.1984, 4.1675 -0.6483 1.1959, 4.1675 -0.6417 1.195, 4.1634 -0.6633 1.2147, 4.1634 -0.6611 1.2093, 4.1634 -0.6575 1.2047, 4.1634 -0.6529 1.2011, 4.1634 -0.6475 1.1989, 4.1634 -0.6417 1.1982, 4.1586 -0.6614 1.2152, 4.1586 -0.6594 1.2103, 4.1586 -0.6561 1.2061, 4.1586 -0.6519 1.2028, 4.1586 -0.647 1.2008, 4.1586 -0.6417 1.2001, 4.1535 -0.4646 1.2008, 4.1586 -0.4646 1.2001, 4.1634 -0.4646 1.1982, 4.1675 -0.4646 1.195, 4.1706 -0.4646 1.1909, 4.1726 -0.4646 1.1862, 4.1732 -0.4646 1.1811, -3.7073 -0.6262 2.1845, -3.7256 -0.6607 2.1457, -3.7375 -0.6516 2.1457, -3.7344 -0.6556 2.1457, -3.7341 -0.6554 2.1508, -3.7395 -0.6468 2.1457, -3.7372 -0.6513 2.1507, -3.7392 -0.6466 2.1504, -3.7254 -0.6605 2.1504, -3.7242 -0.6586 2.1585, -3.7374 -0.6454 2.1585, -3.7336 -0.643 2.1666, -3.7218 -0.6549 2.1666, -3.7178 -0.6487 2.1742, -3.7275 -0.6391 2.1742, -3.7153 -0.6448 2.1776, -3.7235 -0.6365 2.1776, -3.7123 -0.6401 2.1805, -3.7188 -0.6335 2.1805, -3.7134 -0.6301 2.1829, -3.7088 -0.6346 2.1829, -3.7049 -0.6286 2.1845, -3.7055 -0.628 2.1845, -3.71 -0.6335 2.1831, -3.714 -0.6386 2.1809, -3.7175 -0.643 2.1782, -3.7206 -0.6467 2.175, -3.7254 -0.6528 2.1674, -3.7285 -0.6566 2.1592, -3.7301 -0.6585 2.1507, -3.7303 -0.6588 2.1457, -3.7061 -0.6274 2.1846, -3.7111 -0.6324 2.1832, -3.7157 -0.6369 2.1811, -3.7197 -0.6409 2.1784, -3.7232 -0.6444 2.1752, -3.7287 -0.65 2.1677, -3.7323 -0.6536 2.1595, -3.7353 -0.6498 2.1592, -3.7315 -0.6467 2.1674, -3.7255 -0.6418 2.175, -3.7217 -0.6388 2.1782, -3.7173 -0.6353 2.1809, -3.7123 -0.6312 2.1831, -3.7067 -0.6268 2.1845, -3.7205 -0.6614 1.9685, -3.7256 -0.6607 1.9736, -3.7303 -0.6588 1.9783, -3.7344 -0.6556 1.9824, -3.7375 -0.6516 1.9856, -3.7361 -0.6537 1.9841, -3.7402 -0.6417 1.9882, -3.74 -0.6443 1.988, -3.7395 -0.6468 1.9875, -3.7387 -0.6493 1.9867, -4.1535 -0.6614 1.9685, -4.1484 -0.6607 1.9736, -4.1437 -0.6588 1.9783, -4.1396 -0.6556 1.9824, -4.1379 -0.6537 1.9841, -4.1365 -0.6516 1.9856, -4.1354 -0.6493 1.9867, -4.1345 -0.6468 1.9875, -4.1339 -0.6417 1.9882, -4.134 -0.6443 1.988, -4.1345 -0.6468 2.1457, -4.1365 -0.6516 2.1457, -4.1396 -0.6556 2.1457, -4.1437 -0.6588 2.1457, -4.1484 -0.6607 2.1457, -4.1691 -0.6286 2.1845, -4.1399 -0.6554 2.1508, -4.1439 -0.6585 2.1507, -4.1486 -0.6605 2.1504, -4.1348 -0.6466 2.1504, -4.1366 -0.6454 2.1585, -4.1498 -0.6586 2.1585, -4.1523 -0.6549 2.1666, -4.1404 -0.643 2.1666, -4.1465 -0.6391 2.1742, -4.1562 -0.6487 2.1742, -4.1505 -0.6365 2.1776, -4.1588 -0.6448 2.1776, -4.1552 -0.6335 2.1805, -4.1618 -0.6401 2.1805, -4.1652 -0.6346 2.1829, -4.1606 -0.6301 2.1829, -4.1667 -0.6262 2.1845, -4.1673 -0.6268 2.1845, -4.1617 -0.6312 2.1831, -4.1567 -0.6353 2.1809, -4.1523 -0.6388 2.1782, -4.1485 -0.6418 2.175, -4.1425 -0.6467 2.1674, -4.1387 -0.6498 2.1592, -4.1368 -0.6513 2.1507, -4.1679 -0.6274 2.1846, -4.1629 -0.6324 2.1832, -4.1583 -0.6369 2.1811, -4.1543 -0.6409 2.1784, -4.1509 -0.6444 2.1752, -4.1453 -0.65 2.1677, -4.1417 -0.6536 2.1595, -4.1455 -0.6566 2.1592, -4.1486 -0.6528 2.1674, -4.1535 -0.6467 2.175, -4.1565 -0.643 2.1782, -4.16 -0.6386 2.1809, -4.164 -0.6335 2.1831, -4.1685 -0.628 2.1845, 4.1667 -0.6262 2.1845, 4.1492 -0.6608 2.1457, 4.1486 -0.6605 2.1504, 4.1484 -0.6607 2.1457, 4.1439 -0.6585 2.1507, 4.1437 -0.6588 2.1457, 4.1451 -0.6593 2.1457, 4.1383 -0.6539 2.1457, 4.1396 -0.6556 2.1457, 4.1399 -0.6554 2.1508, 4.1414 -0.657 2.1457, 4.1359 -0.6502 2.1457, 4.1365 -0.6516 2.1457, 4.1368 -0.6513 2.1507, 4.1344 -0.6461 2.1457, 4.1345 -0.6468 2.1457, 4.1348 -0.6466 2.1504, 4.1498 -0.6586 2.1585, 4.1366 -0.6454 2.1585, 4.1404 -0.643 2.1666, 4.1523 -0.6549 2.1666, 4.1562 -0.6487 2.1742, 4.1465 -0.6391 2.1742, 4.1588 -0.6448 2.1776, 4.1505 -0.6365 2.1776, 4.1618 -0.6401 2.1805, 4.1552 -0.6335 2.1805, 4.1606 -0.6301 2.1829, 4.1652 -0.6346 2.1829, 4.1691 -0.6286 2.1845, 4.1685 -0.628 2.1845, 4.164 -0.6335 2.1831, 4.16 -0.6386 2.1809, 4.1565 -0.643 2.1782, 4.1535 -0.6467 2.175, 4.1486 -0.6528 2.1674, 4.1455 -0.6566 2.1592, 4.1679 -0.6274 2.1846, 4.1629 -0.6324 2.1832, 4.1583 -0.6369 2.1811, 4.1543 -0.6409 2.1784, 4.1509 -0.6444 2.1752, 4.1453 -0.65 2.1677, 4.1417 -0.6536 2.1595, 4.1387 -0.6498 2.1592, 4.1425 -0.6467 2.1674, 4.1485 -0.6418 2.175, 4.1523 -0.6388 2.1782, 4.1567 -0.6353 2.1809, 4.1617 -0.6312 2.1831, 4.1673 -0.6268 2.1845, 4.1535 -0.6614 1.9685, 4.1451 -0.6593 1.977, 4.1484 -0.6607 1.9736, 4.1492 -0.6608 1.9729, 4.1339 -0.6417 1.9882, 4.1437 -0.6588 1.9783, 4.1414 -0.657 1.9807, 4.1396 -0.6556 1.9824, 4.1382 -0.654 1.9839, 4.1366 -0.6515 1.9855, 4.1358 -0.6503 1.9862, 4.1345 -0.6468 1.9875, 4.1344 -0.6461 1.9877, 4.134 -0.6439 1.9881, 3.7205 -0.6614 1.9685, 3.7256 -0.6607 1.9736, 3.7303 -0.6588 1.9783, 3.7344 -0.6556 1.9824, 3.7395 -0.6468 1.9875, 3.74 -0.6443 1.988, 3.7387 -0.6493 1.9867, 3.7375 -0.6516 1.9856, 3.7361 -0.6537 1.9841, 3.7402 -0.6417 1.9882, 3.7395 -0.6468 2.1457, 3.7375 -0.6516 2.1457, 3.7344 -0.6556 2.1457, 3.7303 -0.6588 2.1457, 3.7256 -0.6607 2.1457, 3.7049 -0.6286 2.1845, 3.7341 -0.6554 2.1508, 3.7301 -0.6585 2.1507, 3.7254 -0.6605 2.1504, 3.7392 -0.6466 2.1504, 3.7374 -0.6454 2.1585, 3.7242 -0.6586 2.1585, 3.7218 -0.6549 2.1666, 3.7336 -0.643 2.1666, 3.7275 -0.6391 2.1742, 3.7178 -0.6487 2.1742, 3.7235 -0.6365 2.1776, 3.7153 -0.6448 2.1776, 3.7188 -0.6335 2.1805, 3.7123 -0.6401 2.1805, 3.7088 -0.6346 2.1829, 3.7134 -0.6301 2.1829, 3.7073 -0.6262 2.1845, 3.7067 -0.6268 2.1845, 3.7123 -0.6312 2.1831, 3.7173 -0.6353 2.1809, 3.7217 -0.6388 2.1782, 3.7255 -0.6418 2.175, 3.7315 -0.6467 2.1674, 3.7353 -0.6498 2.1592, 3.7372 -0.6513 2.1507, 3.7061 -0.6274 2.1846, 3.7111 -0.6324 2.1832, 3.7157 -0.6369 2.1811, 3.7197 -0.6409 2.1784, 3.7232 -0.6444 2.1752, 3.7287 -0.65 2.1677, 3.7323 -0.6536 2.1595, 3.7285 -0.6566 2.1592, 3.7254 -0.6528 2.1674, 3.7206 -0.6467 2.175, 3.7175 -0.643 2.1782, 3.714 -0.6386 2.1809, 3.71 -0.6335 2.1831, 3.7055 -0.628 2.1845, -3.5433 -0.6417 1.8701, -3.5433 -0.6417 2.0669, -3.5435 -0.6443 1.8699, -3.5435 -0.6443 2.0671, -3.544 -0.6468 1.8694, -3.544 -0.6468 2.0676, -3.5448 -0.6493 1.8686, -3.5448 -0.6493 2.0684, -3.5459 -0.6516 2.0696, -3.5459 -0.6516 1.8674, -3.5474 -0.6537 1.866, -3.5474 -0.6537 2.071, -3.5491 -0.6556 2.0727, -3.5491 -0.6556 1.8643, -3.5531 -0.6588 2.0768, -3.5531 -0.6588 1.8602, -3.5579 -0.6607 2.0815, -3.5579 -0.6607 1.8555, -3.563 -0.6614 2.0866, -3.563 -0.6614 1.8504, 3.544 -0.6468 1.8694, 3.5438 -0.6461 1.8695, 3.5434 -0.6439 1.87, 3.5433 -0.6417 1.8701, 3.5453 -0.6503 1.8681, 3.546 -0.6515 1.8673, 3.5476 -0.654 1.8658, 3.5492 -0.6556 1.8642, 3.5532 -0.6587 1.8602, 3.5507 -0.6571 1.8627, 3.563 -0.6614 1.8504, 3.5586 -0.6609 1.8548, 3.5579 -0.6607 1.8555, 3.5545 -0.6595 1.8589, 3.5531 -0.6588 2.0768, 3.5545 -0.6593 2.0781, 3.5579 -0.6607 2.0815, 3.5586 -0.6608 2.0822, 3.563 -0.6614 2.0866, 3.546 -0.6515 2.0697, 3.5476 -0.654 2.0712, 3.5491 -0.6556 2.0727, 3.5508 -0.657 2.0744, 3.5453 -0.6503 2.0689, 3.544 -0.6468 2.0676, 3.5434 -0.6439 2.0671, 3.5433 -0.6417 2.0669, 3.5438 -0.6461 2.0674, 4.1822 -0.6711 1.459, 4.1841 -0.6731 1.4579, 4.1874 -0.6784 1.4564, 4.1757 -0.6789 1.4473, 4.1788 -0.679 1.4513, 4.1784 -0.6774 1.4517, 4.1737 -0.6784 1.4427, 4.1754 -0.6772 1.4479, 4.1733 -0.6765 1.4435, 4.1729 -0.6748 1.4445, 4.1721 -0.6731 1.4459, 4.1866 -0.6765 1.4567, 4.1856 -0.6748 1.4572, 4.1711 -0.6711 1.4479, 4.176 -0.6668 1.4625, 4.1676 -0.6668 1.454, 4.1663 -0.663 1.4685, 4.1651 -0.6632 1.4673, 4.1737 -0.6674 1.4607, 4.1789 -0.672 1.4569, 4.1804 -0.6739 1.4558, 4.1815 -0.6757 1.4551, 4.1822 -0.6772 1.4547, 4.1828 -0.6789 1.4544, 4.1639 -0.6633 1.4662, 4.1715 -0.6677 1.4586, 4.1758 -0.6723 1.4542, 4.1771 -0.6742 1.453, 4.1779 -0.6759 1.4522, 4.1616 -0.663 1.4638, 4.175 -0.6757 1.4486, 4.1743 -0.6739 1.4497, 4.1732 -0.672 1.4512, 4.1694 -0.6674 1.4564, 4.1627 -0.6632 1.465, 4.1739 -0.682 1.4416, 4.1759 -0.6828 1.4463, 4.179 -0.6835 1.4503, 4.1831 -0.6841 1.4533, 4.1878 -0.6844 1.4553, 4.1929 -0.6845 1.4559, 4.1878 -1.6199 1.2903, 4.1831 -1.6195 1.2884, 4.179 -1.619 1.2853, 4.1759 -1.6183 1.2813, 4.1739 -1.6174 1.2766, 4.1732 -1.6166 1.2716, 4.1878 -1.6844 1.2135, 4.1878 -1.6823 1.2315, 4.1831 -1.6824 1.2135, 4.1831 -1.6803 1.231, 4.179 -1.6793 1.2135, 4.179 -1.6773 1.2303, 4.1759 -1.6752 1.2135, 4.1759 -1.6733 1.2293, 4.1739 -1.6704 1.2135, 4.1739 -1.6687 1.2283, 4.1732 -1.6654 1.2135, 4.1732 -1.6638 1.2271, 4.1878 -1.6761 1.2485, 4.1831 -1.6743 1.2476, 4.179 -1.6715 1.2462, 4.1759 -1.6679 1.2444, 4.1739 -1.6636 1.2422, 4.1732 -1.6591 1.24, 4.1878 -1.6661 1.2636, 4.1831 -1.6646 1.2624, 4.179 -1.6622 1.2604, 4.1759 -1.6591 1.2577, 4.1739 -1.6554 1.2547, 4.1732 -1.6515 1.2514, 4.1878 -1.6529 1.2761, 4.1831 -1.6517 1.2745, 4.179 -1.6499 1.272, 4.1759 -1.6474 1.2687, 4.1739 -1.6446 1.2649, 4.1732 -1.6416 1.2608, 4.1878 -1.6372 1.2851, 4.1831 -1.6364 1.2833, 4.179 -1.6352 1.2805, 4.1759 -1.6336 1.2767, 4.1739 -1.6317 1.2724, 4.1732 -1.6297 1.2677, 4.1878 -1.6844 0.0984, 4.1831 -1.6824 0.0984, 4.179 -1.6793 0.0984, 4.1759 -1.6752 0.0984, 4.1739 -1.6704 0.0984, 4.1732 -1.6654 0.0984, 4.1878 -1.6063 0.0204, 4.1878 -1.6265 0.023, 4.1831 -1.6063 0.0223, 4.1831 -1.626 0.0249, 4.179 -1.6063 0.0255, 4.179 -1.6252 0.0279, 4.1759 -1.6063 0.0295, 4.1759 -1.6241 0.0319, 4.1739 -1.6063 0.0343, 4.1739 -1.6229 0.0365, 4.1732 -1.6063 0.0394, 4.1732 -1.6216 0.0414, 4.1878 -1.6453 0.0308, 4.1831 -1.6443 0.0325, 4.179 -1.6428 0.0352, 4.1759 -1.6407 0.0388, 4.1739 -1.6384 0.0429, 4.1732 -1.6358 0.0473, 4.1878 -1.6615 0.0432, 4.1831 -1.6601 0.0446, 4.179 -1.6579 0.0468, 4.1759 -1.655 0.0497, 4.1739 -1.6517 0.0531, 4.1732 -1.6481 0.0567, 4.1878 -1.6739 0.0594, 4.1831 -1.6722 0.0604, 4.179 -1.6695 0.0619, 4.1759 -1.666 0.064, 4.1739 -1.6619 0.0664, 4.1732 -1.6574 0.0689, 4.1878 -1.6817 0.0782, 4.1831 -1.6798 0.0787, 4.179 -1.6768 0.0795, 4.1759 -1.6728 0.0806, 4.1739 -1.6683 0.0818, 4.1732 -1.6633 0.0831, 4.1929 -0.6417 0.0197, 4.1879 -0.6518 0.0206, 4.1791 -0.6693 0.0256, 4.1805 -0.6666 0.0241, 4.1832 -0.6612 0.0225, 4.1859 -0.6557 0.021, 4.1747 -0.6781 0.0318, 4.1757 -0.6763 0.0299, 4.1759 -0.6758 0.0295, 4.1768 -0.6739 0.028, 4.1732 -0.6811 0.0394, 4.1733 -0.6809 0.0373, 4.1736 -0.6803 0.0355, 4.1739 -0.6797 0.0343, 4.1741 -0.6794 0.0337, 4.1535 -0.6614 0.0394, 3.6732 -0.6614 0.0394, 4.1538 -0.6613 0.0373, 3.6732 -0.6607 0.0343, 4.1543 -0.661 0.0355, 4.1584 -0.659 0.0299, 4.1566 -0.6599 0.0318, 3.6732 -0.6588 0.0295, 4.1552 -0.6606 0.0337, 4.1549 -0.6607 0.0343, 3.6732 -0.6556 0.0255, 4.1608 -0.6578 0.028, 4.1589 -0.6588 0.0295, 3.6732 -0.6516 0.0223, 4.168 -0.6542 0.0241, 4.1653 -0.6555 0.0256, 4.1828 -0.6468 0.0206, 4.179 -0.6487 0.021, 4.1735 -0.6514 0.0225, 3.6732 -0.6468 0.0204, 3.6732 -0.6417 0.0197, 3.6732 -0.563 0.0197, 3.6681 -0.6417 0.0204, 3.6681 -0.5681 0.0204, 3.6634 -0.6417 0.0223, 3.6634 -0.5728 0.0223, 3.6593 -0.6417 0.0255, 3.6593 -0.5769 0.0255, 3.6562 -0.6417 0.0295, 3.6562 -0.58 0.0295, 3.6576 -0.5786 0.0274, 3.6542 -0.6417 0.0343, 3.6535 -0.6417 0.0394, 3.6535 -0.5827 0.0394, 3.6537 -0.5825 0.0368, 3.6542 -0.582 0.0343, 3.655 -0.5812 0.0318, 3.4134 -0.563 0.0197, 3.4185 -0.5681 0.0204, 3.4232 -0.5728 0.0223, 3.4273 -0.5769 0.0255, 3.429 -0.5786 0.0274, 3.4304 -0.58 0.0295, 3.4316 -0.5812 0.0318, 3.4324 -0.582 0.0343, 3.4331 -0.5827 0.0394, 3.4329 -0.5825 0.0368, 3.4331 -0.6417 0.0394, 3.4324 -0.6417 0.0343, 3.4304 -0.6417 0.0295, 3.4273 -0.6417 0.0255, 3.4232 -0.6417 0.0223, 3.4185 -0.6417 0.0204, 3.4134 -0.6417 0.0197, 3.4134 -0.6614 0.0394, 2.8858 -0.6614 0.0394, 2.8858 -0.6607 0.0343, 3.4134 -0.6607 0.0343, 2.8858 -0.6588 0.0295, 3.4134 -0.6588 0.0295, 2.8858 -0.6556 0.0255, 3.4134 -0.6556 0.0255, 2.8858 -0.6516 0.0223, 3.4134 -0.6516 0.0223, 2.8858 -0.6468 0.0204, 3.4134 -0.6468 0.0204, 2.8858 -0.6417 0.0197, 2.8858 -0.563 0.0197, 2.8807 -0.6417 0.0204, 2.8807 -0.5681 0.0204, 2.876 -0.6417 0.0223, 2.876 -0.5728 0.0223, 2.8719 -0.6417 0.0255, 2.8719 -0.5769 0.0255, 2.8688 -0.6417 0.0295, 2.8688 -0.58 0.0295, 2.8702 -0.5786 0.0274, 2.8668 -0.6417 0.0343, 2.8661 -0.6417 0.0394, 2.8661 -0.5827 0.0394, 2.8663 -0.5825 0.0368, 2.8668 -0.582 0.0343, 2.8676 -0.5812 0.0318, 2.626 -0.563 0.0197, 2.6311 -0.5681 0.0204, 2.6358 -0.5728 0.0223, 2.6399 -0.5769 0.0255, 2.6416 -0.5786 0.0274, 2.643 -0.58 0.0295, 2.6442 -0.5812 0.0318, 2.645 -0.582 0.0343, 2.6457 -0.5827 0.0394, 2.6455 -0.5825 0.0368, 2.6457 -0.6417 0.0394, 2.645 -0.6417 0.0343, 2.643 -0.6417 0.0295, 2.6399 -0.6417 0.0255, 2.6358 -0.6417 0.0223, 2.6311 -0.6417 0.0204, 2.626 -0.6417 0.0197, 2.626 -0.6614 0.0394, 2.0984 -0.6614 0.0394, 2.0984 -0.6607 0.0343, 2.626 -0.6607 0.0343, 2.0984 -0.6588 0.0295, 2.626 -0.6588 0.0295, 2.0984 -0.6556 0.0255, 2.626 -0.6556 0.0255, 2.0984 -0.6516 0.0223, 2.626 -0.6516 0.0223, 2.0984 -0.6468 0.0204, 2.626 -0.6468 0.0204, 2.0984 -0.6417 0.0197, 2.0984 -0.563 0.0197, 2.0933 -0.6417 0.0204, 2.0933 -0.5681 0.0204, 2.0886 -0.6417 0.0223, 2.0886 -0.5728 0.0223, 2.0845 -0.6417 0.0255, 2.0845 -0.5769 0.0255, 2.0814 -0.6417 0.0295, 2.0814 -0.58 0.0295, 2.0828 -0.5786 0.0274, 2.0794 -0.6417 0.0343, 2.0787 -0.6417 0.0394, 2.0787 -0.5827 0.0394, 2.0789 -0.5825 0.0368, 2.0794 -0.582 0.0343, 2.0802 -0.5812 0.0318, 1.8484 -0.5728 0.0223, 1.8437 -0.5681 0.0204, 1.8386 -0.563 0.0197, 1.8583 -0.5827 0.0394, 1.8581 -0.5825 0.0368, 1.8576 -0.582 0.0343, 1.8568 -0.5812 0.0318, 1.8556 -0.58 0.0295, 1.8542 -0.5786 0.0274, 1.8525 -0.5769 0.0255, 1.8583 -0.6417 0.0394, 1.8576 -0.6417 0.0343, 1.8556 -0.6417 0.0295, 1.8525 -0.6417 0.0255, 1.8484 -0.6417 0.0223, 1.8437 -0.6417 0.0204, 1.8386 -0.6417 0.0197, 1.8386 -0.6614 0.0394, 1.311 -0.6614 0.0394, 1.311 -0.6607 0.0343, 1.8386 -0.6607 0.0343, 1.311 -0.6588 0.0295, 1.8386 -0.6588 0.0295, 1.311 -0.6556 0.0255, 1.8386 -0.6556 0.0255, 1.311 -0.6516 0.0223, 1.8386 -0.6516 0.0223, 1.311 -0.6468 0.0204, 1.8386 -0.6468 0.0204, 1.311 -0.6417 0.0197, 1.311 -0.563 0.0197, 1.3059 -0.6417 0.0204, 1.3059 -0.5681 0.0204, 1.3012 -0.6417 0.0223, 1.3012 -0.5728 0.0223, 1.2971 -0.6417 0.0255, 1.2971 -0.5769 0.0255, 1.294 -0.6417 0.0295, 1.294 -0.58 0.0295, 1.2954 -0.5786 0.0274, 1.292 -0.6417 0.0343, 1.2913 -0.6417 0.0394, 1.2913 -0.5827 0.0394, 1.2915 -0.5825 0.0368, 1.292 -0.582 0.0343, 1.2928 -0.5812 0.0318, 1.0512 -0.563 0.0197, 1.0563 -0.5681 0.0204, 1.061 -0.5728 0.0223, 1.0651 -0.5769 0.0255, 1.0668 -0.5786 0.0274, 1.0682 -0.58 0.0295, 1.0694 -0.5812 0.0318, 1.0702 -0.582 0.0343, 1.0709 -0.5827 0.0394, 1.0707 -0.5825 0.0368, 1.0709 -0.6417 0.0394, 1.0702 -0.6417 0.0343, 1.0682 -0.6417 0.0295, 1.0651 -0.6417 0.0255, 1.061 -0.6417 0.0223, 1.0563 -0.6417 0.0204, 1.0512 -0.6417 0.0197, 1.0512 -0.6614 0.0394, 0.5236 -0.6614 0.0394, 0.5236 -0.6607 0.0343, 1.0512 -0.6607 0.0343, 0.5236 -0.6588 0.0295, 1.0512 -0.6588 0.0295, 0.5236 -0.6556 0.0255, 1.0512 -0.6556 0.0255, 0.5236 -0.6516 0.0223, 1.0512 -0.6516 0.0223, 0.5236 -0.6468 0.0204, 1.0512 -0.6468 0.0204, 0.5236 -0.6417 0.0197, 0.5236 -0.563 0.0197, 0.5185 -0.6417 0.0204, 0.5185 -0.5681 0.0204, 0.5138 -0.6417 0.0223, 0.5138 -0.5728 0.0223, 0.5097 -0.6417 0.0255, 0.5097 -0.5769 0.0255, 0.5066 -0.6417 0.0295, 0.5066 -0.58 0.0295, 0.508 -0.5786 0.0274, 0.5046 -0.6417 0.0343, 0.5039 -0.6417 0.0394, 0.5039 -0.5827 0.0394, 0.5041 -0.5825 0.0368, 0.5046 -0.582 0.0343, 0.5054 -0.5812 0.0318, 0.2808 -0.58 0.0295, 0.2794 -0.5786 0.0274, 0.2777 -0.5769 0.0255, 0.2736 -0.5728 0.0223, 0.2689 -0.5681 0.0204, 0.2638 -0.563 0.0197, 0.282 -0.5812 0.0318, 0.2828 -0.582 0.0343, 0.2835 -0.5827 0.0394, 0.2833 -0.5825 0.0368, 0.2835 -0.6417 0.0394, 0.2828 -0.6417 0.0343, 0.2808 -0.6417 0.0295, 0.2777 -0.6417 0.0255, 0.2736 -0.6417 0.0223, 0.2689 -0.6417 0.0204, 0.2638 -0.6417 0.0197, 0.2638 -0.6614 0.0394, -0.2638 -0.6614 0.0394, -0.2638 -0.6607 0.0343, 0.2638 -0.6607 0.0343, -0.2638 -0.6588 0.0295, 0.2638 -0.6588 0.0295, -0.2638 -0.6556 0.0255, 0.2638 -0.6556 0.0255, -0.2638 -0.6516 0.0223, 0.2638 -0.6516 0.0223, -0.2638 -0.6468 0.0204, 0.2638 -0.6468 0.0204, -0.2638 -0.6417 0.0197, -0.2638 -0.563 0.0197, -0.2689 -0.6417 0.0204, -0.2689 -0.5681 0.0204, -0.2736 -0.6417 0.0223, -0.2736 -0.5728 0.0223, -0.2777 -0.6417 0.0255, -0.2777 -0.5769 0.0255, -0.2808 -0.6417 0.0295, -0.2808 -0.58 0.0295, -0.2794 -0.5786 0.0274, -0.2828 -0.6417 0.0343, -0.2835 -0.6417 0.0394, -0.2835 -0.5827 0.0394, -0.2833 -0.5825 0.0368, -0.2828 -0.582 0.0343, -0.282 -0.5812 0.0318, -0.5138 -0.5728 0.0223, -0.5185 -0.5681 0.0204, -0.5236 -0.563 0.0197, -0.5039 -0.5827 0.0394, -0.5041 -0.5825 0.0368, -0.5046 -0.582 0.0343, -0.5054 -0.5812 0.0318, -0.5066 -0.58 0.0295, -0.508 -0.5786 0.0274, -0.5097 -0.5769 0.0255, -0.5039 -0.6417 0.0394, -0.5046 -0.6417 0.0343, -0.5066 -0.6417 0.0295, -0.5097 -0.6417 0.0255, -0.5138 -0.6417 0.0223, -0.5185 -0.6417 0.0204, -0.5236 -0.6417 0.0197, -0.5236 -0.6614 0.0394, -1.0512 -0.6614 0.0394, -1.0512 -0.6607 0.0343, -0.5236 -0.6607 0.0343, -1.0512 -0.6588 0.0295, -0.5236 -0.6588 0.0295, -1.0512 -0.6556 0.0255, -0.5236 -0.6556 0.0255, -1.0512 -0.6516 0.0223, -0.5236 -0.6516 0.0223, -1.0512 -0.6468 0.0204, -0.5236 -0.6468 0.0204, -1.0512 -0.6417 0.0197, -1.0512 -0.563 0.0197, -1.0563 -0.6417 0.0204, -1.0563 -0.5681 0.0204, -1.061 -0.6417 0.0223, -1.061 -0.5728 0.0223, -1.0651 -0.6417 0.0255, -1.0651 -0.5769 0.0255, -1.0682 -0.6417 0.0295, -1.0682 -0.58 0.0295, -1.0668 -0.5786 0.0274, -1.0702 -0.6417 0.0343, -1.0709 -0.6417 0.0394, -1.0709 -0.5827 0.0394, -1.0707 -0.5825 0.0368, -1.0702 -0.582 0.0343, -1.0694 -0.5812 0.0318, -1.2971 -0.5769 0.0255, -1.3012 -0.5728 0.0223, -1.3059 -0.5681 0.0204, -1.311 -0.563 0.0197, -1.2913 -0.5827 0.0394, -1.2915 -0.5825 0.0368, -1.292 -0.582 0.0343, -1.2928 -0.5812 0.0318, -1.294 -0.58 0.0295, -1.2954 -0.5786 0.0274, -1.2913 -0.6417 0.0394, -1.292 -0.6417 0.0343, -1.294 -0.6417 0.0295, -1.2971 -0.6417 0.0255, -1.3012 -0.6417 0.0223, -1.3059 -0.6417 0.0204, -1.311 -0.6417 0.0197, -1.311 -0.6614 0.0394, -1.8386 -0.6614 0.0394, -1.8386 -0.6607 0.0343, -1.311 -0.6607 0.0343, -1.8386 -0.6588 0.0295, -1.311 -0.6588 0.0295, -1.8386 -0.6556 0.0255, -1.311 -0.6556 0.0255, -1.8386 -0.6516 0.0223, -1.311 -0.6516 0.0223, -1.8386 -0.6468 0.0204, -1.311 -0.6468 0.0204, -1.8386 -0.6417 0.0197, -1.8386 -0.563 0.0197, -1.8437 -0.6417 0.0204, -1.8437 -0.5681 0.0204, -1.8484 -0.6417 0.0223, -1.8484 -0.5728 0.0223, -1.8525 -0.6417 0.0255, -1.8525 -0.5769 0.0255, -1.8556 -0.6417 0.0295, -1.8556 -0.58 0.0295, -1.8542 -0.5786 0.0274, -1.8576 -0.6417 0.0343, -1.8583 -0.6417 0.0394, -1.8583 -0.5827 0.0394, -1.8581 -0.5825 0.0368, -1.8576 -0.582 0.0343, -1.8568 -0.5812 0.0318, -2.0984 -0.563 0.0197, -2.0933 -0.5681 0.0204, -2.0886 -0.5728 0.0223, -2.0845 -0.5769 0.0255, -2.0828 -0.5786 0.0274, -2.0814 -0.58 0.0295, -2.0802 -0.5812 0.0318, -2.0794 -0.582 0.0343, -2.0787 -0.5827 0.0394, -2.0789 -0.5825 0.0368, -2.0787 -0.6417 0.0394, -2.0794 -0.6417 0.0343, -2.0814 -0.6417 0.0295, -2.0845 -0.6417 0.0255, -2.0886 -0.6417 0.0223, -2.0933 -0.6417 0.0204, -2.0984 -0.6417 0.0197, -2.0984 -0.6614 0.0394, -2.626 -0.6614 0.0394, -2.626 -0.6607 0.0343, -2.0984 -0.6607 0.0343, -2.626 -0.6588 0.0295, -2.0984 -0.6588 0.0295, -2.626 -0.6556 0.0255, -2.0984 -0.6556 0.0255, -2.626 -0.6516 0.0223, -2.0984 -0.6516 0.0223, -2.626 -0.6468 0.0204, -2.0984 -0.6468 0.0204, -2.626 -0.6417 0.0197, -2.626 -0.563 0.0197, -2.6311 -0.6417 0.0204, -2.6311 -0.5681 0.0204, -2.6358 -0.6417 0.0223, -2.6358 -0.5728 0.0223, -2.6399 -0.6417 0.0255, -2.6399 -0.5769 0.0255, -2.643 -0.6417 0.0295, -2.643 -0.58 0.0295, -2.6416 -0.5786 0.0274, -2.645 -0.6417 0.0343, -2.6457 -0.6417 0.0394, -2.6457 -0.5827 0.0394, -2.6455 -0.5825 0.0368, -2.645 -0.582 0.0343, -2.6442 -0.5812 0.0318, -2.8858 -0.563 0.0197, -2.8807 -0.5681 0.0204, -2.876 -0.5728 0.0223, -2.8719 -0.5769 0.0255, -2.8702 -0.5786 0.0274, -2.8688 -0.58 0.0295, -2.8676 -0.5812 0.0318, -2.8668 -0.582 0.0343, -2.8661 -0.5827 0.0394, -2.8663 -0.5825 0.0368, -2.8661 -0.6417 0.0394, -2.8668 -0.6417 0.0343, -2.8688 -0.6417 0.0295, -2.8719 -0.6417 0.0255, -2.876 -0.6417 0.0223, -2.8807 -0.6417 0.0204, -2.8858 -0.6417 0.0197, -2.8858 -0.6614 0.0394, -3.4134 -0.6614 0.0394, -3.4134 -0.6607 0.0343, -2.8858 -0.6607 0.0343, -3.4134 -0.6588 0.0295, -2.8858 -0.6588 0.0295, -3.4134 -0.6556 0.0255, -2.8858 -0.6556 0.0255, -3.4134 -0.6516 0.0223, -2.8858 -0.6516 0.0223, -3.4134 -0.6468 0.0204, -2.8858 -0.6468 0.0204, -3.4134 -0.6417 0.0197, -3.4134 -0.563 0.0197, -3.4185 -0.6417 0.0204, -3.4185 -0.5681 0.0204, -3.4232 -0.6417 0.0223, -3.4232 -0.5728 0.0223, -3.4273 -0.6417 0.0255, -3.4273 -0.5769 0.0255, -3.4304 -0.6417 0.0295, -3.4304 -0.58 0.0295, -3.429 -0.5786 0.0274, -3.4324 -0.6417 0.0343, -3.4331 -0.6417 0.0394, -3.4331 -0.5827 0.0394, -3.4329 -0.5825 0.0368, -3.4324 -0.582 0.0343, -3.4316 -0.5812 0.0318, -3.6732 -0.563 0.0197, -3.6681 -0.5681 0.0204, -3.6634 -0.5728 0.0223, -3.6593 -0.5769 0.0255, -3.6576 -0.5786 0.0274, -3.6562 -0.58 0.0295, -3.655 -0.5812 0.0318, -3.6542 -0.582 0.0343, -3.6535 -0.5827 0.0394, -3.6537 -0.5825 0.0368, -3.6535 -0.6417 0.0394, -3.6542 -0.6417 0.0343, -3.6562 -0.6417 0.0295, -3.6593 -0.6417 0.0255, -3.6634 -0.6417 0.0223, -3.6681 -0.6417 0.0204, -3.6732 -0.6417 0.0197, -3.6732 -0.6468 0.0204, -4.1929 -0.6417 0.0197, -4.1828 -0.6468 0.0206, -3.6732 -0.6516 0.0223, -3.6732 -0.6556 0.0255, -4.1653 -0.6555 0.0256, -4.168 -0.6542 0.0241, -4.1735 -0.6514 0.0225, -4.179 -0.6487 0.021, -4.1566 -0.6599 0.0318, -4.1584 -0.659 0.0299, -3.6732 -0.6588 0.0295, -4.1589 -0.6588 0.0295, -4.1608 -0.6578 0.028, -3.6732 -0.6614 0.0394, -4.1535 -0.6614 0.0394, -3.6732 -0.6607 0.0343, -4.1538 -0.6613 0.0373, -4.1543 -0.661 0.0355, -4.1549 -0.6607 0.0343, -4.1552 -0.6606 0.0337, -4.1733 -0.6809 0.0373, -4.1732 -0.6811 0.0394, -4.1732 -1.6063 0.0394, -4.1747 -0.6781 0.0318, -4.1741 -0.6794 0.0337, -4.1739 -1.6063 0.0343, -4.1739 -0.6797 0.0343, -4.1736 -0.6803 0.0355, -4.1759 -1.6063 0.0295, -4.179 -1.6063 0.0255, -4.1791 -0.6693 0.0256, -4.1768 -0.6739 0.028, -4.1759 -0.6758 0.0295, -4.1757 -0.6763 0.0299, -4.1879 -0.6518 0.0206, -4.1859 -0.6557 0.021, -4.1831 -1.6063 0.0223, -4.1832 -0.6612 0.0225, -4.1805 -0.6666 0.0241, -4.1878 -1.6063 0.0204, -4.1878 -1.6844 0.0984, -4.1878 -1.6817 0.0782, -4.1831 -1.6824 0.0984, -4.1831 -1.6798 0.0787, -4.179 -1.6793 0.0984, -4.179 -1.6768 0.0795, -4.1759 -1.6752 0.0984, -4.1759 -1.6728 0.0806, -4.1739 -1.6704 0.0984, -4.1739 -1.6683 0.0818, -4.1732 -1.6654 0.0984, -4.1732 -1.6633 0.0831, -4.1878 -1.6739 0.0594, -4.1831 -1.6722 0.0604, -4.179 -1.6695 0.0619, -4.1759 -1.666 0.064, -4.1739 -1.6619 0.0664, -4.1732 -1.6574 0.0689, -4.1878 -1.6615 0.0432, -4.1831 -1.6601 0.0446, -4.179 -1.6579 0.0468, -4.1759 -1.655 0.0497, -4.1739 -1.6517 0.0531, -4.1732 -1.6481 0.0567, -4.1878 -1.6453 0.0308, -4.1831 -1.6443 0.0325, -4.179 -1.6428 0.0352, -4.1759 -1.6407 0.0388, -4.1739 -1.6384 0.0429, -4.1732 -1.6358 0.0473, -4.1878 -1.6265 0.023, -4.1831 -1.626 0.0249, -4.179 -1.6252 0.0279, -4.1759 -1.6241 0.0319, -4.1739 -1.6229 0.0365, -4.1732 -1.6216 0.0414, -4.1732 -1.6654 1.2135, -4.1739 -1.6704 1.2135, -4.1759 -1.6752 1.2135, -4.179 -1.6793 1.2135, -4.1831 -1.6824 1.2135, -4.1878 -1.6844 1.2135, -4.1878 -1.6199 1.2903, -4.1878 -1.6372 1.2851, -4.1831 -1.6195 1.2884, -4.1831 -1.6364 1.2833, -4.179 -1.619 1.2853, -4.179 -1.6352 1.2805, -4.1759 -1.6183 1.2813, -4.1759 -1.6336 1.2767, -4.1739 -1.6174 1.2766, -4.1739 -1.6317 1.2724, -4.1732 -1.6166 1.2716, -4.1732 -1.6297 1.2677, -4.1878 -1.6529 1.2761, -4.1831 -1.6517 1.2745, -4.179 -1.6499 1.272, -4.1759 -1.6474 1.2687, -4.1739 -1.6446 1.2649, -4.1732 -1.6416 1.2608, -4.1878 -1.6661 1.2636, -4.1831 -1.6646 1.2624, -4.179 -1.6622 1.2604, -4.1759 -1.6591 1.2577, -4.1739 -1.6554 1.2547, -4.1732 -1.6515 1.2514, -4.1878 -1.6761 1.2485, -4.1831 -1.6743 1.2476, -4.179 -1.6715 1.2462, -4.1759 -1.6679 1.2444, -4.1739 -1.6636 1.2422, -4.1732 -1.6591 1.24, -4.1878 -1.6823 1.2315, -4.1831 -1.6803 1.231, -4.179 -1.6773 1.2303, -4.1759 -1.6733 1.2293, -4.1739 -1.6687 1.2283, -4.1732 -1.6638 1.2271, -4.1929 -0.6845 1.4559, -4.1878 -0.6844 1.4553, -4.1831 -0.6841 1.4533, -4.179 -0.6835 1.4503, -4.1759 -0.6828 1.4463, -4.1739 -0.682 1.4416, -4.1737 -0.6784 1.4427, -4.1757 -0.6789 1.4473, -4.1788 -0.679 1.4513, -4.1828 -0.6789 1.4544, -4.1874 -0.6784 1.4564, -4.1734 -0.6768 1.4433, -4.1857 -0.6751 1.4571, -4.1697 -0.6691 1.4504, -4.1843 -0.6732 1.4579, -4.1585 -0.6619 1.4703, -4.1579 -0.6619 1.4697, -4.1591 -0.662 1.4709, -4.1598 -0.6619 1.4716, -4.1604 -0.6619 1.4722, -4.1718 -0.6649 1.465, -4.165 -0.6649 1.4583, -4.17 -0.6653 1.4635, -4.1683 -0.6654 1.4618, -4.1666 -0.6653 1.4601, -4.1797 -0.6691 1.4604, -4.1717 -0.6699 1.4533, -4.1741 -0.6701 1.456, -4.1768 -0.6699 1.4584, -4.1722 -0.6732 1.4458, -4.1743 -0.6741 1.4496, -4.1771 -0.6744 1.4529, -4.1805 -0.6741 1.4558, -4.1729 -0.6751 1.4443, -4.175 -0.6759 1.4485, -4.178 -0.6762 1.4521, -4.1816 -0.6759 1.455, -4.1755 -0.6775 1.4477, -4.1785 -0.6777 1.4516, -4.1823 -0.6775 1.4546, -4.1868 -0.6768 1.4567, 4.3533 1.6422 0.0237, 4.3686 1.6341 0.0348, 4.3503 1.6501 0.0284, 4.366 1.6422 0.0365, 4.3453 1.6578 0.0361, 4.3536 1.6578 0.0445, 4.3351 1.6649 0.0536, 4.3345 1.6649 0.053, 4.3356 1.6649 0.0541, 4.3367 1.6649 0.0552, 4.3426 1.6635 0.0515, 4.3362 1.6649 0.0547, 4.3383 1.6635 0.0471, 4.3394 1.6636 0.0482, 4.3405 1.6637 0.0493, 4.3416 1.6636 0.0504, 4.342 1.661 0.0413, 4.3437 1.6614 0.0428, 4.3454 1.6615 0.0444, 4.347 1.6614 0.046, 4.3485 1.661 0.0477, 4.3518 1.6584 0.0422, 4.3498 1.6586 0.04, 4.3476 1.6584 0.038, 4.348 1.6541 0.0319, 4.3509 1.6548 0.0339, 4.3535 1.6551 0.0363, 4.3559 1.6548 0.0389, 4.3579 1.6541 0.0417, 4.3536 1.651 0.0305, 4.3566 1.6513 0.0331, 4.3593 1.651 0.0362, 4.3614 1.6501 0.0395, 4.3574 1.643 0.0258, 4.361 1.6433 0.0288, 4.3639 1.643 0.0324, 4.355 1.6341 0.0212, 4.3595 1.6346 0.0232, 4.3635 1.6347 0.0263, 4.3666 1.6346 0.0302, 4.3555 1.626 0.0204, 4.3602 1.626 0.0223, 4.3643 1.626 0.0255, 4.3674 1.626 0.0295, 4.3694 1.626 0.0343, 4.3504 0.4646 0.0197, 4.3555 0.4697 0.0204, 4.3602 0.4744 0.0223, 4.3643 0.4785 0.0255, 4.3674 0.4816 0.0295, 4.366 0.4802 0.0274, 4.3701 0.4843 0.0394, 4.3699 0.4841 0.0368, 4.3694 0.4836 0.0343, 4.3686 0.4828 0.0318, 4.685 0.4836 0.0343, 4.685 0.4816 0.0295, 4.685 0.4785 0.0255, 4.685 0.4744 0.0223, 4.685 0.4697 0.0204, 4.7239 0.449 0.0525, 4.6902 0.4782 0.0257, 4.6901 0.4742 0.0226, 4.6898 0.4695 0.0206, 4.6898 0.4833 0.0345, 4.6979 0.4815 0.0357, 4.6979 0.4683 0.0225, 4.7059 0.4659 0.0262, 4.7059 0.4777 0.0381, 4.7136 0.4716 0.042, 4.7136 0.4619 0.0324, 4.717 0.4676 0.0446, 4.717 0.4594 0.0363, 4.7199 0.4629 0.0476, 4.7199 0.4564 0.041, 4.7223 0.4529 0.0465, 4.7223 0.4575 0.051, 4.7239 0.4514 0.0549, 4.7239 0.4508 0.0543, 4.7225 0.4564 0.0499, 4.7203 0.4614 0.0458, 4.7175 0.4658 0.0423, 4.7144 0.4696 0.0393, 4.7068 0.4756 0.0344, 4.6986 0.4794 0.0313, 4.6901 0.4813 0.0298, 4.7239 0.4502 0.0537, 4.7225 0.4552 0.0487, 4.7204 0.4598 0.0442, 4.7177 0.4638 0.0402, 4.7146 0.4673 0.0367, 4.7071 0.4728 0.0311, 4.6989 0.4764 0.0275, 4.6986 0.4726 0.0245, 4.7068 0.4695 0.0283, 4.7144 0.4647 0.0344, 4.7175 0.4616 0.0381, 4.7203 0.4581 0.0425, 4.7225 0.4541 0.0476, 4.7239 0.4496 0.0531, -4.7012 0.4674 0.0237, -4.6931 0.4828 0.0348, -4.7092 0.4644 0.0284, -4.7012 0.4802 0.0365, -4.7168 0.4595 0.0361, -4.7168 0.4678 0.0445, -4.724 0.4493 0.0536, -4.7239 0.4487 0.053, -4.724 0.4498 0.0541, -4.7239 0.4509 0.0552, -4.7225 0.4568 0.0515, -4.724 0.4504 0.0547, -4.7225 0.4525 0.0471, -4.7227 0.4536 0.0482, -4.7227 0.4547 0.0493, -4.7227 0.4557 0.0504, -4.72 0.4562 0.0413, -4.7204 0.4579 0.0428, -4.7205 0.4596 0.0444, -4.7204 0.4612 0.046, -4.72 0.4627 0.0477, -4.7174 0.466 0.0422, -4.7176 0.4639 0.04, -4.7174 0.4618 0.038, -4.7131 0.4622 0.0319, -4.7139 0.465 0.0339, -4.7142 0.4677 0.0363, -4.7139 0.4701 0.0389, -4.7131 0.4721 0.0417, -4.71 0.4678 0.0305, -4.7103 0.4708 0.0331, -4.71 0.4734 0.0362, -4.7092 0.4755 0.0395, -4.702 0.4715 0.0258, -4.7023 0.4752 0.0288, -4.702 0.4781 0.0324, -4.6931 0.4691 0.0212, -4.6936 0.4737 0.0232, -4.6938 0.4777 0.0263, -4.6936 0.4808 0.0302, -4.685 0.4697 0.0204, -4.685 0.4744 0.0223, -4.685 0.4785 0.0255, -4.685 0.4816 0.0295, -4.685 0.4836 0.0343, -4.3504 0.4646 0.0197, -4.3555 0.4697 0.0204, -4.3602 0.4744 0.0223, -4.3643 0.4785 0.0255, -4.3674 0.4816 0.0295, -4.366 0.4802 0.0274, -4.3701 0.4843 0.0394, -4.3699 0.4841 0.0368, -4.3694 0.4836 0.0343, -4.3686 0.4828 0.0318, -4.3694 1.626 0.0343, -4.3674 1.626 0.0295, -4.3643 1.626 0.0255, -4.3602 1.626 0.0223, -4.3555 1.626 0.0204, -4.3349 1.6648 0.0525, -4.3372 1.6648 0.0549, -4.364 1.6312 0.0257, -4.36 1.6311 0.0226, -4.3553 1.6308 0.0206, -4.3673 1.6389 0.0357, -4.3691 1.6308 0.0345, -4.3636 1.6469 0.0381, -4.3541 1.6389 0.0225, -4.3517 1.6469 0.0262, -4.3574 1.6546 0.042, -4.3477 1.6546 0.0324, -4.3534 1.6579 0.0446, -4.3452 1.6579 0.0363, -4.3422 1.6609 0.041, -4.3387 1.6632 0.0465, -4.3487 1.6609 0.0476, -4.3433 1.6632 0.051, -4.3366 1.6649 0.0543, -4.3422 1.6634 0.0499, -4.3472 1.6612 0.0458, -4.3516 1.6585 0.0423, -4.3554 1.6553 0.0393, -4.3614 1.6478 0.0344, -4.3652 1.6396 0.0313, -4.3671 1.6311 0.0298, -4.336 1.6649 0.0537, -4.3411 1.6635 0.0487, -4.3456 1.6614 0.0442, -4.3496 1.6587 0.0402, -4.3531 1.6556 0.0367, -4.3587 1.6481 0.0311, -4.3622 1.6398 0.0275, -4.3584 1.6396 0.0245, -4.3554 1.6478 0.0283, -4.3505 1.6553 0.0344, -4.3474 1.6585 0.0381, -4.3439 1.6612 0.0425, -4.3399 1.6634 0.0476, -4.3354 1.6649 0.0531, 3.6681 -0.6607 0.0394, 3.6634 -0.6588 0.0394, 3.6683 -0.6601 0.0343, 3.6637 -0.6582 0.0343, 3.6688 -0.6582 0.0295, 3.6647 -0.6565 0.0295, 3.6696 -0.6552 0.0255, 3.6663 -0.6538 0.0255, 3.6707 -0.6512 0.0223, 3.6683 -0.6503 0.0223, 3.6719 -0.6467 0.0204, 3.6707 -0.6461 0.0204, 3.6593 -0.6556 0.0394, 3.6598 -0.6552 0.0343, 3.6612 -0.6538 0.0295, 3.6634 -0.6516 0.0255, 3.6663 -0.6487 0.0223, 3.6696 -0.6453 0.0204, 3.6562 -0.6516 0.0394, 3.6542 -0.6468 0.0394, 3.6568 -0.6512 0.0343, 3.6549 -0.6467 0.0343, 3.6585 -0.6503 0.0295, 3.6568 -0.6461 0.0295, 3.6612 -0.6487 0.0255, 3.6598 -0.6453 0.0255, 3.6647 -0.6467 0.0223, 3.6637 -0.6443 0.0223, 3.6688 -0.6443 0.0204, 3.6683 -0.643 0.0204, 4.1814 -0.6509 0.0215, 4.1802 -0.6498 0.0213, 4.1704 -0.6558 0.0251, 4.1642 -0.6593 0.0294, 4.1609 -0.661 0.0331, 4.1599 -0.6615 0.0348, 4.1586 -0.6621 0.0394, 4.1634 -0.6641 0.0394, 4.1588 -0.662 0.0378, 4.1726 -0.6759 0.0378, 4.1728 -0.6755 0.0363, 4.1592 -0.6618 0.0363, 4.1675 -0.6672 0.0394, 4.1635 -0.664 0.0381, 4.1638 -0.6639 0.0368, 4.1642 -0.6636 0.0355, 4.165 -0.6631 0.0339, 4.166 -0.6624 0.0322, 4.1731 -0.6748 0.0348, 4.1736 -0.6738 0.0331, 4.1743 -0.6723 0.0313, 4.1706 -0.6713 0.0394, 4.1675 -0.6671 0.0382, 4.1677 -0.6669 0.037, 4.168 -0.6666 0.0357, 4.1686 -0.6661 0.0342, 4.1694 -0.6653 0.0325, 4.1706 -0.664 0.0306, 4.1753 -0.6704 0.0294, 4.1726 -0.676 0.0394, 4.1706 -0.6712 0.0381, 4.1708 -0.6709 0.0368, 4.1711 -0.6704 0.0355, 4.1715 -0.6697 0.0339, 4.1722 -0.6686 0.0322, 4.1732 -0.6671 0.0303, 4.177 -0.6619 0.0257, 4.1789 -0.6642 0.0251, 4.1727 -0.6576 0.0257, 4.1826 -0.6521 0.0216, 4.1849 -0.6545 0.0213, 4.1623 -0.6603 0.0313, 4.1676 -0.6614 0.0303, 4.175 -0.6597 0.0259, 4.1837 -0.6533 0.0215, 3.6535 -0.6417 0.1772, 3.6537 -0.6443 0.177, 3.655 -0.6493 0.1757, 3.6542 -0.6468 0.1765, 3.6593 -0.6556 0.1714, 3.6576 -0.6537 0.1731, 3.6562 -0.6516 0.1745, 3.6634 -0.6588 0.1673, 3.6681 -0.6607 0.1626, 3.6732 -0.6614 0.1575, 4.1535 -0.6614 0.1575, 4.1586 -0.6621 0.1575, 4.1634 -0.6641 0.1575, 4.1675 -0.6672 0.1575, 4.1706 -0.6713 0.1575, 4.1726 -0.676 0.1575, 4.1732 -0.6811 0.1575, 4.1535 -0.6607 0.1626, 4.1535 -0.6588 0.1673, 4.1535 -0.6556 0.1714, 4.1535 -0.6516 0.1745, 4.1535 -0.6468 0.1765, 4.1535 -0.6417 0.1772, 4.1732 -0.6417 0.1969, 4.1726 -0.6417 0.1918, 4.1732 -0.6519 0.1955, 4.1726 -0.6506 0.1906, 4.1732 -0.6614 0.1916, 4.1726 -0.6589 0.1872, 4.1732 -0.6696 0.1853, 4.1726 -0.666 0.1817, 4.1732 -0.6758 0.1772, 4.1726 -0.6714 0.1746, 4.1732 -0.6798 0.1677, 4.1726 -0.6748 0.1664, 4.1706 -0.6417 0.187, 4.1706 -0.6494 0.186, 4.1706 -0.6565 0.1831, 4.1706 -0.6626 0.1784, 4.1706 -0.6673 0.1722, 4.1706 -0.6703 0.1651, 4.1675 -0.6417 0.1829, 4.1675 -0.6483 0.1821, 4.1675 -0.6545 0.1795, 4.1675 -0.6597 0.1755, 4.1675 -0.6638 0.1702, 4.1675 -0.6663 0.1641, 4.1634 -0.6417 0.1798, 4.1634 -0.6475 0.179, 4.1634 -0.6529 0.1768, 4.1634 -0.6575 0.1733, 4.1634 -0.6611 0.1686, 4.1634 -0.6633 0.1633, 4.1586 -0.6417 0.1778, 4.1586 -0.647 0.1771, 4.1586 -0.6519 0.1751, 4.1586 -0.6561 0.1719, 4.1586 -0.6594 0.1677, 4.1586 -0.6614 0.1627, 4.1732 -0.4646 0.1969, 4.1726 -0.4646 0.1918, 4.1706 -0.4646 0.187, 4.1675 -0.4646 0.1829, 4.1634 -0.4646 0.1798, 4.1586 -0.4646 0.1778, 4.1535 -0.4646 0.1772, -3.6542 -0.6468 0.0394, -3.6562 -0.6516 0.0394, -3.6549 -0.6467 0.0343, -3.6568 -0.6512 0.0343, -3.6568 -0.6461 0.0295, -3.6585 -0.6503 0.0295, -3.6598 -0.6453 0.0255, -3.6612 -0.6487 0.0255, -3.6637 -0.6443 0.0223, -3.6647 -0.6467 0.0223, -3.6683 -0.643 0.0204, -3.6688 -0.6443 0.0204, -3.6593 -0.6556 0.0394, -3.6598 -0.6552 0.0343, -3.6612 -0.6538 0.0295, -3.6634 -0.6516 0.0255, -3.6663 -0.6487 0.0223, -3.6696 -0.6453 0.0204, -3.6634 -0.6588 0.0394, -3.6681 -0.6607 0.0394, -3.6637 -0.6582 0.0343, -3.6683 -0.6601 0.0343, -3.6647 -0.6565 0.0295, -3.6688 -0.6582 0.0295, -3.6663 -0.6538 0.0255, -3.6696 -0.6552 0.0255, -3.6683 -0.6503 0.0223, -3.6707 -0.6512 0.0223, -3.6707 -0.6461 0.0204, -3.6719 -0.6467 0.0204, -3.6732 -0.6614 0.1575, -3.6681 -0.6607 0.1626, -3.6634 -0.6588 0.1673, -3.6593 -0.6556 0.1714, -3.6576 -0.6537 0.1731, -3.6562 -0.6516 0.1745, -3.655 -0.6493 0.1757, -3.6542 -0.6468 0.1765, -3.6537 -0.6443 0.177, -3.6535 -0.6417 0.1772, -4.1837 -0.6533 0.0215, -4.1849 -0.6545 0.0213, -4.1789 -0.6642 0.0251, -4.1753 -0.6704 0.0294, -4.1736 -0.6738 0.0331, -4.1731 -0.6748 0.0348, -4.1726 -0.676 0.0394, -4.1706 -0.6713 0.0394, -4.1726 -0.6759 0.0378, -4.1588 -0.662 0.0378, -4.1592 -0.6618 0.0363, -4.1728 -0.6755 0.0363, -4.1675 -0.6672 0.0394, -4.1706 -0.6712 0.0381, -4.1708 -0.6709 0.0368, -4.1711 -0.6704 0.0355, -4.1715 -0.6697 0.0339, -4.1722 -0.6686 0.0322, -4.1599 -0.6615 0.0348, -4.1609 -0.661 0.0331, -4.1623 -0.6603 0.0313, -4.1634 -0.6641 0.0394, -4.1675 -0.6671 0.0382, -4.1677 -0.6669 0.037, -4.168 -0.6666 0.0357, -4.1686 -0.6661 0.0342, -4.1694 -0.6653 0.0325, -4.1706 -0.664 0.0306, -4.1642 -0.6593 0.0294, -4.1586 -0.6621 0.0394, -4.1635 -0.664 0.0381, -4.1638 -0.6639 0.0368, -4.1642 -0.6636 0.0355, -4.165 -0.6631 0.0339, -4.166 -0.6624 0.0322, -4.1676 -0.6614 0.0303, -4.1727 -0.6576 0.0257, -4.1704 -0.6558 0.0251, -4.177 -0.6619 0.0257, -4.1826 -0.6521 0.0216, -4.1802 -0.6498 0.0213, -4.1743 -0.6723 0.0313, -4.1732 -0.6671 0.0303, -4.175 -0.6597 0.0259, -4.1814 -0.6509 0.0215, -4.1535 -0.6417 0.1772, -4.1535 -0.6468 0.1765, -4.1535 -0.6516 0.1745, -4.1535 -0.6556 0.1714, -4.1535 -0.6588 0.1673, -4.1535 -0.6607 0.1626, -4.1535 -0.6614 0.1575, -4.1732 -0.6811 0.1575, -4.1726 -0.676 0.1575, -4.1706 -0.6713 0.1575, -4.1675 -0.6672 0.1575, -4.1634 -0.6641 0.1575, -4.1586 -0.6621 0.1575, -4.1732 -0.6798 0.1677, -4.1726 -0.6748 0.1664, -4.1732 -0.6758 0.1772, -4.1726 -0.6714 0.1746, -4.1732 -0.6696 0.1853, -4.1726 -0.666 0.1817, -4.1732 -0.6614 0.1916, -4.1726 -0.6589 0.1872, -4.1732 -0.6519 0.1955, -4.1726 -0.6506 0.1906, -4.1732 -0.6417 0.1969, -4.1726 -0.6417 0.1918, -4.1706 -0.6703 0.1651, -4.1706 -0.6673 0.1722, -4.1706 -0.6626 0.1784, -4.1706 -0.6565 0.1831, -4.1706 -0.6494 0.186, -4.1706 -0.6417 0.187, -4.1675 -0.6663 0.1641, -4.1675 -0.6638 0.1702, -4.1675 -0.6597 0.1755, -4.1675 -0.6545 0.1795, -4.1675 -0.6483 0.1821, -4.1675 -0.6417 0.1829, -4.1634 -0.6633 0.1633, -4.1634 -0.6611 0.1686, -4.1634 -0.6575 0.1733, -4.1634 -0.6529 0.1768, -4.1634 -0.6475 0.179, -4.1634 -0.6417 0.1798, -4.1586 -0.6614 0.1627, -4.1586 -0.6594 0.1677, -4.1586 -0.6561 0.1719, -4.1586 -0.6519 0.1751, -4.1586 -0.647 0.1771, -4.1586 -0.6417 0.1778, -4.1535 -0.4646 0.1772, -4.1586 -0.4646 0.1778, -4.1634 -0.4646 0.1798, -4.1675 -0.4646 0.1829, -4.1706 -0.4646 0.187, -4.1726 -0.4646 0.1918, -4.1732 -0.4646 0.1969, 1.3059 -0.6607 0.0394, 1.3012 -0.6588 0.0394, 1.3061 -0.6601 0.0343, 1.3015 -0.6582 0.0343, 1.3066 -0.6582 0.0295, 1.3025 -0.6565 0.0295, 1.3074 -0.6552 0.0255, 1.3041 -0.6538 0.0255, 1.3085 -0.6512 0.0223, 1.3061 -0.6503 0.0223, 1.3097 -0.6467 0.0204, 1.3085 -0.6461 0.0204, 1.2971 -0.6556 0.0394, 1.2976 -0.6552 0.0343, 1.299 -0.6538 0.0295, 1.3012 -0.6516 0.0255, 1.3041 -0.6487 0.0223, 1.3074 -0.6453 0.0204, 1.294 -0.6516 0.0394, 1.292 -0.6468 0.0394, 1.2946 -0.6512 0.0343, 1.2927 -0.6467 0.0343, 1.2963 -0.6503 0.0295, 1.2946 -0.6461 0.0295, 1.299 -0.6487 0.0255, 1.2976 -0.6453 0.0255, 1.3025 -0.6467 0.0223, 1.3015 -0.6443 0.0223, 1.3066 -0.6443 0.0204, 1.3061 -0.643 0.0204, 1.2913 -0.6417 0.1772, 1.2915 -0.6443 0.177, 1.2928 -0.6493 0.1757, 1.292 -0.6468 0.1765, 1.2971 -0.6556 0.1714, 1.2954 -0.6537 0.1731, 1.294 -0.6516 0.1745, 1.3012 -0.6588 0.1673, 1.3059 -0.6607 0.1626, 1.311 -0.6614 0.1575, 1.8525 -0.6556 0.1714, 1.8542 -0.6537 0.1731, 1.8556 -0.6516 0.1745, 1.8568 -0.6493 0.1757, 1.8576 -0.6468 0.1765, 1.8581 -0.6443 0.177, 1.8583 -0.6417 0.1772, 1.8484 -0.6588 0.1673, 1.8437 -0.6607 0.1626, 1.8386 -0.6614 0.1575, 1.8437 -0.6607 0.0394, 1.8484 -0.6588 0.0394, 1.8525 -0.6556 0.0394, 1.8556 -0.6516 0.0394, 1.8576 -0.6468 0.0394, 1.8569 -0.6467 0.0343, 1.855 -0.6512 0.0343, 1.855 -0.6461 0.0295, 1.8533 -0.6503 0.0295, 1.852 -0.6453 0.0255, 1.8506 -0.6487 0.0255, 1.8481 -0.6443 0.0223, 1.8471 -0.6467 0.0223, 1.8435 -0.643 0.0204, 1.843 -0.6443 0.0204, 1.852 -0.6552 0.0343, 1.8506 -0.6538 0.0295, 1.8484 -0.6516 0.0255, 1.8455 -0.6487 0.0223, 1.8422 -0.6453 0.0204, 1.8481 -0.6582 0.0343, 1.8435 -0.6601 0.0343, 1.8471 -0.6565 0.0295, 1.843 -0.6582 0.0295, 1.8455 -0.6538 0.0255, 1.8422 -0.6552 0.0255, 1.8435 -0.6503 0.0223, 1.8411 -0.6512 0.0223, 1.8411 -0.6461 0.0204, 1.8399 -0.6467 0.0204, 2.0933 -0.6607 0.0394, 2.0886 -0.6588 0.0394, 2.0935 -0.6601 0.0343, 2.0889 -0.6582 0.0343, 2.094 -0.6582 0.0295, 2.0899 -0.6565 0.0295, 2.0948 -0.6552 0.0255, 2.0915 -0.6538 0.0255, 2.0959 -0.6512 0.0223, 2.0935 -0.6503 0.0223, 2.0971 -0.6467 0.0204, 2.0959 -0.6461 0.0204, 2.0845 -0.6556 0.0394, 2.085 -0.6552 0.0343, 2.0864 -0.6538 0.0295, 2.0886 -0.6516 0.0255, 2.0915 -0.6487 0.0223, 2.0948 -0.6453 0.0204, 2.0814 -0.6516 0.0394, 2.0794 -0.6468 0.0394, 2.082 -0.6512 0.0343, 2.0801 -0.6467 0.0343, 2.0837 -0.6503 0.0295, 2.082 -0.6461 0.0295, 2.0864 -0.6487 0.0255, 2.085 -0.6453 0.0255, 2.0899 -0.6467 0.0223, 2.0889 -0.6443 0.0223, 2.094 -0.6443 0.0204, 2.0935 -0.643 0.0204, 2.0787 -0.6417 0.1772, 2.0789 -0.6443 0.177, 2.0802 -0.6493 0.1757, 2.0794 -0.6468 0.1765, 2.0845 -0.6556 0.1714, 2.0828 -0.6537 0.1731, 2.0814 -0.6516 0.1745, 2.0886 -0.6588 0.1673, 2.0933 -0.6607 0.1626, 2.0984 -0.6614 0.1575, 2.6457 -0.6417 0.1772, 2.6455 -0.6443 0.177, 2.645 -0.6468 0.1765, 2.6442 -0.6493 0.1757, 2.643 -0.6516 0.1745, 2.6416 -0.6537 0.1731, 2.6399 -0.6556 0.1714, 2.6358 -0.6588 0.1673, 2.6311 -0.6607 0.1626, 2.626 -0.6614 0.1575, 2.6311 -0.6607 0.0394, 2.6358 -0.6588 0.0394, 2.6399 -0.6556 0.0394, 2.643 -0.6516 0.0394, 2.645 -0.6468 0.0394, 2.6444 -0.6467 0.0343, 2.6425 -0.6512 0.0343, 2.6425 -0.6461 0.0295, 2.6407 -0.6503 0.0295, 2.6394 -0.6453 0.0255, 2.638 -0.6487 0.0255, 2.6355 -0.6443 0.0223, 2.6345 -0.6467 0.0223, 2.6309 -0.643 0.0204, 2.6304 -0.6443 0.0204, 2.6394 -0.6552 0.0343, 2.638 -0.6538 0.0295, 2.6358 -0.6516 0.0255, 2.6329 -0.6487 0.0223, 2.6296 -0.6453 0.0204, 2.6355 -0.6582 0.0343, 2.6309 -0.6601 0.0343, 2.6345 -0.6565 0.0295, 2.6304 -0.6582 0.0295, 2.6329 -0.6538 0.0255, 2.6296 -0.6552 0.0255, 2.6309 -0.6503 0.0223, 2.6285 -0.6512 0.0223, 2.6285 -0.6461 0.0204, 2.6273 -0.6467 0.0204, 2.8807 -0.6607 0.0394, 2.876 -0.6588 0.0394, 2.8809 -0.6601 0.0343, 2.8763 -0.6582 0.0343, 2.8814 -0.6582 0.0295, 2.8773 -0.6565 0.0295, 2.8822 -0.6552 0.0255, 2.8789 -0.6538 0.0255, 2.8833 -0.6512 0.0223, 2.8809 -0.6503 0.0223, 2.8845 -0.6467 0.0204, 2.8833 -0.6461 0.0204, 2.8719 -0.6556 0.0394, 2.8724 -0.6552 0.0343, 2.8738 -0.6538 0.0295, 2.876 -0.6516 0.0255, 2.8789 -0.6487 0.0223, 2.8822 -0.6453 0.0204, 2.8688 -0.6516 0.0394, 2.8668 -0.6468 0.0394, 2.8694 -0.6512 0.0343, 2.8675 -0.6467 0.0343, 2.8711 -0.6503 0.0295, 2.8694 -0.6461 0.0295, 2.8738 -0.6487 0.0255, 2.8724 -0.6453 0.0255, 2.8773 -0.6467 0.0223, 2.8763 -0.6443 0.0223, 2.8814 -0.6443 0.0204, 2.8809 -0.643 0.0204, 2.8661 -0.6417 0.1772, 2.8663 -0.6443 0.177, 2.8676 -0.6493 0.1757, 2.8668 -0.6468 0.1765, 2.8719 -0.6556 0.1714, 2.8702 -0.6537 0.1731, 2.8688 -0.6516 0.1745, 2.876 -0.6588 0.1673, 2.8807 -0.6607 0.1626, 2.8858 -0.6614 0.1575, 3.4273 -0.6556 0.1714, 3.429 -0.6537 0.1731, 3.4304 -0.6516 0.1745, 3.4316 -0.6493 0.1757, 3.4324 -0.6468 0.1765, 3.4329 -0.6443 0.177, 3.4331 -0.6417 0.1772, 3.4232 -0.6588 0.1673, 3.4185 -0.6607 0.1626, 3.4134 -0.6614 0.1575, 3.4185 -0.6607 0.0394, 3.4232 -0.6588 0.0394, 3.4273 -0.6556 0.0394, 3.4304 -0.6516 0.0394, 3.4324 -0.6468 0.0394, 3.4318 -0.6467 0.0343, 3.4299 -0.6512 0.0343, 3.4299 -0.6461 0.0295, 3.4281 -0.6503 0.0295, 3.4268 -0.6453 0.0255, 3.4254 -0.6487 0.0255, 3.4229 -0.6443 0.0223, 3.4219 -0.6467 0.0223, 3.4183 -0.643 0.0204, 3.4178 -0.6443 0.0204, 3.4268 -0.6552 0.0343, 3.4254 -0.6538 0.0295, 3.4232 -0.6516 0.0255, 3.4203 -0.6487 0.0223, 3.417 -0.6453 0.0204, 3.4229 -0.6582 0.0343, 3.4183 -0.6601 0.0343, 3.4219 -0.6565 0.0295, 3.4178 -0.6582 0.0295, 3.4203 -0.6538 0.0255, 3.417 -0.6552 0.0255, 3.4183 -0.6503 0.0223, 3.4159 -0.6512 0.0223, 3.4159 -0.6461 0.0204, 3.4147 -0.6467 0.0204, 0.5185 -0.6607 0.0394, 0.5138 -0.6588 0.0394, 0.5187 -0.6601 0.0343, 0.5141 -0.6582 0.0343, 0.5192 -0.6582 0.0295, 0.5151 -0.6565 0.0295, 0.52 -0.6552 0.0255, 0.5167 -0.6538 0.0255, 0.5211 -0.6512 0.0223, 0.5187 -0.6503 0.0223, 0.5223 -0.6467 0.0204, 0.5211 -0.6461 0.0204, 0.5097 -0.6556 0.0394, 0.5102 -0.6552 0.0343, 0.5116 -0.6538 0.0295, 0.5138 -0.6516 0.0255, 0.5167 -0.6487 0.0223, 0.52 -0.6453 0.0204, 0.5066 -0.6516 0.0394, 0.5046 -0.6468 0.0394, 0.5072 -0.6512 0.0343, 0.5053 -0.6467 0.0343, 0.5089 -0.6503 0.0295, 0.5072 -0.6461 0.0295, 0.5116 -0.6487 0.0255, 0.5102 -0.6453 0.0255, 0.5151 -0.6467 0.0223, 0.5141 -0.6443 0.0223, 0.5192 -0.6443 0.0204, 0.5187 -0.643 0.0204, 0.5039 -0.6417 0.1772, 0.5041 -0.6443 0.177, 0.5054 -0.6493 0.1757, 0.5046 -0.6468 0.1765, 0.5097 -0.6556 0.1714, 0.508 -0.6537 0.1731, 0.5066 -0.6516 0.1745, 0.5138 -0.6588 0.1673, 0.5185 -0.6607 0.1626, 0.5236 -0.6614 0.1575, 1.0709 -0.6417 0.1772, 1.0707 -0.6443 0.177, 1.0702 -0.6468 0.1765, 1.0694 -0.6493 0.1757, 1.0682 -0.6516 0.1745, 1.0668 -0.6537 0.1731, 1.0651 -0.6556 0.1714, 1.061 -0.6588 0.1673, 1.0563 -0.6607 0.1626, 1.0512 -0.6614 0.1575, 1.0563 -0.6607 0.0394, 1.061 -0.6588 0.0394, 1.0651 -0.6556 0.0394, 1.0682 -0.6516 0.0394, 1.0702 -0.6468 0.0394, 1.0695 -0.6467 0.0343, 1.0676 -0.6512 0.0343, 1.0676 -0.6461 0.0295, 1.0659 -0.6503 0.0295, 1.0646 -0.6453 0.0255, 1.0632 -0.6487 0.0255, 1.0607 -0.6443 0.0223, 1.0597 -0.6467 0.0223, 1.0561 -0.643 0.0204, 1.0556 -0.6443 0.0204, 1.0646 -0.6552 0.0343, 1.0632 -0.6538 0.0295, 1.061 -0.6516 0.0255, 1.0581 -0.6487 0.0223, 1.0548 -0.6453 0.0204, 1.0607 -0.6582 0.0343, 1.0561 -0.6601 0.0343, 1.0597 -0.6565 0.0295, 1.0556 -0.6582 0.0295, 1.0581 -0.6538 0.0255, 1.0548 -0.6552 0.0255, 1.0561 -0.6503 0.0223, 1.0537 -0.6512 0.0223, 1.0537 -0.6461 0.0204, 1.0525 -0.6467 0.0204, -0.2689 -0.6607 0.0394, -0.2736 -0.6588 0.0394, -0.2687 -0.6601 0.0343, -0.2733 -0.6582 0.0343, -0.2682 -0.6582 0.0295, -0.2723 -0.6565 0.0295, -0.2674 -0.6552 0.0255, -0.2707 -0.6538 0.0255, -0.2663 -0.6512 0.0223, -0.2687 -0.6503 0.0223, -0.2651 -0.6467 0.0204, -0.2663 -0.6461 0.0204, -0.2777 -0.6556 0.0394, -0.2772 -0.6552 0.0343, -0.2758 -0.6538 0.0295, -0.2736 -0.6516 0.0255, -0.2707 -0.6487 0.0223, -0.2674 -0.6453 0.0204, -0.2808 -0.6516 0.0394, -0.2828 -0.6468 0.0394, -0.2802 -0.6512 0.0343, -0.2821 -0.6467 0.0343, -0.2785 -0.6503 0.0295, -0.2802 -0.6461 0.0295, -0.2758 -0.6487 0.0255, -0.2772 -0.6453 0.0255, -0.2723 -0.6467 0.0223, -0.2733 -0.6443 0.0223, -0.2682 -0.6443 0.0204, -0.2687 -0.643 0.0204, -0.2835 -0.6417 0.1772, -0.2833 -0.6443 0.177, -0.282 -0.6493 0.1757, -0.2828 -0.6468 0.1765, -0.2777 -0.6556 0.1714, -0.2794 -0.6537 0.1731, -0.2808 -0.6516 0.1745, -0.2736 -0.6588 0.1673, -0.2689 -0.6607 0.1626, -0.2638 -0.6614 0.1575, 0.2835 -0.6417 0.1772, 0.2833 -0.6443 0.177, 0.2828 -0.6468 0.1765, 0.282 -0.6493 0.1757, 0.2808 -0.6516 0.1745, 0.2794 -0.6537 0.1731, 0.2777 -0.6556 0.1714, 0.2736 -0.6588 0.1673, 0.2689 -0.6607 0.1626, 0.2638 -0.6614 0.1575, 0.2689 -0.6607 0.0394, 0.2736 -0.6588 0.0394, 0.2777 -0.6556 0.0394, 0.2808 -0.6516 0.0394, 0.2828 -0.6468 0.0394, 0.2821 -0.6467 0.0343, 0.2802 -0.6512 0.0343, 0.2802 -0.6461 0.0295, 0.2785 -0.6503 0.0295, 0.2772 -0.6453 0.0255, 0.2758 -0.6487 0.0255, 0.2733 -0.6443 0.0223, 0.2723 -0.6467 0.0223, 0.2687 -0.643 0.0204, 0.2682 -0.6443 0.0204, 0.2772 -0.6552 0.0343, 0.2758 -0.6538 0.0295, 0.2736 -0.6516 0.0255, 0.2707 -0.6487 0.0223, 0.2674 -0.6453 0.0204, 0.2733 -0.6582 0.0343, 0.2687 -0.6601 0.0343, 0.2723 -0.6565 0.0295, 0.2682 -0.6582 0.0295, 0.2707 -0.6538 0.0255, 0.2674 -0.6552 0.0255, 0.2687 -0.6503 0.0223, 0.2663 -0.6512 0.0223, 0.2663 -0.6461 0.0204, 0.2651 -0.6467 0.0204, -1.0563 -0.6607 0.0394, -1.061 -0.6588 0.0394, -1.0561 -0.6601 0.0343, -1.0607 -0.6582 0.0343, -1.0556 -0.6582 0.0295, -1.0597 -0.6565 0.0295, -1.0548 -0.6552 0.0255, -1.0581 -0.6538 0.0255, -1.0537 -0.6512 0.0223, -1.0561 -0.6503 0.0223, -1.0525 -0.6467 0.0204, -1.0537 -0.6461 0.0204, -1.0651 -0.6556 0.0394, -1.0646 -0.6552 0.0343, -1.0632 -0.6538 0.0295, -1.061 -0.6516 0.0255, -1.0581 -0.6487 0.0223, -1.0548 -0.6453 0.0204, -1.0682 -0.6516 0.0394, -1.0702 -0.6468 0.0394, -1.0676 -0.6512 0.0343, -1.0695 -0.6467 0.0343, -1.0659 -0.6503 0.0295, -1.0676 -0.6461 0.0295, -1.0632 -0.6487 0.0255, -1.0646 -0.6453 0.0255, -1.0597 -0.6467 0.0223, -1.0607 -0.6443 0.0223, -1.0556 -0.6443 0.0204, -1.0561 -0.643 0.0204, -1.0709 -0.6417 0.1772, -1.0707 -0.6443 0.177, -1.0694 -0.6493 0.1757, -1.0702 -0.6468 0.1765, -1.0651 -0.6556 0.1714, -1.0668 -0.6537 0.1731, -1.0682 -0.6516 0.1745, -1.061 -0.6588 0.1673, -1.0563 -0.6607 0.1626, -1.0512 -0.6614 0.1575, -0.5039 -0.6417 0.1772, -0.5041 -0.6443 0.177, -0.5046 -0.6468 0.1765, -0.5054 -0.6493 0.1757, -0.5066 -0.6516 0.1745, -0.508 -0.6537 0.1731, -0.5097 -0.6556 0.1714, -0.5138 -0.6588 0.1673, -0.5185 -0.6607 0.1626, -0.5236 -0.6614 0.1575, -0.5185 -0.6607 0.0394, -0.5138 -0.6588 0.0394, -0.5097 -0.6556 0.0394, -0.5066 -0.6516 0.0394, -0.5046 -0.6468 0.0394, -0.5053 -0.6467 0.0343, -0.5072 -0.6512 0.0343, -0.5072 -0.6461 0.0295, -0.5089 -0.6503 0.0295, -0.5102 -0.6453 0.0255, -0.5116 -0.6487 0.0255, -0.5141 -0.6443 0.0223, -0.5151 -0.6467 0.0223, -0.5187 -0.643 0.0204, -0.5192 -0.6443 0.0204, -0.5102 -0.6552 0.0343, -0.5116 -0.6538 0.0295, -0.5138 -0.6516 0.0255, -0.5167 -0.6487 0.0223, -0.52 -0.6453 0.0204, -0.5141 -0.6582 0.0343, -0.5187 -0.6601 0.0343, -0.5151 -0.6565 0.0295, -0.5192 -0.6582 0.0295, -0.5167 -0.6538 0.0255, -0.52 -0.6552 0.0255, -0.5187 -0.6503 0.0223, -0.5211 -0.6512 0.0223, -0.5211 -0.6461 0.0204, -0.5223 -0.6467 0.0204, -1.8437 -0.6607 0.0394, -1.8484 -0.6588 0.0394, -1.8435 -0.6601 0.0343, -1.8481 -0.6582 0.0343, -1.843 -0.6582 0.0295, -1.8471 -0.6565 0.0295, -1.8422 -0.6552 0.0255, -1.8455 -0.6538 0.0255, -1.8411 -0.6512 0.0223, -1.8435 -0.6503 0.0223, -1.8399 -0.6467 0.0204, -1.8411 -0.6461 0.0204, -1.8525 -0.6556 0.0394, -1.852 -0.6552 0.0343, -1.8506 -0.6538 0.0295, -1.8484 -0.6516 0.0255, -1.8455 -0.6487 0.0223, -1.8422 -0.6453 0.0204, -1.8556 -0.6516 0.0394, -1.8576 -0.6468 0.0394, -1.855 -0.6512 0.0343, -1.8569 -0.6467 0.0343, -1.8533 -0.6503 0.0295, -1.855 -0.6461 0.0295, -1.8506 -0.6487 0.0255, -1.852 -0.6453 0.0255, -1.8471 -0.6467 0.0223, -1.8481 -0.6443 0.0223, -1.843 -0.6443 0.0204, -1.8435 -0.643 0.0204, -1.8583 -0.6417 0.1772, -1.8581 -0.6443 0.177, -1.8568 -0.6493 0.1757, -1.8576 -0.6468 0.1765, -1.8525 -0.6556 0.1714, -1.8542 -0.6537 0.1731, -1.8556 -0.6516 0.1745, -1.8484 -0.6588 0.1673, -1.8437 -0.6607 0.1626, -1.8386 -0.6614 0.1575, -1.2913 -0.6417 0.1772, -1.2915 -0.6443 0.177, -1.292 -0.6468 0.1765, -1.2928 -0.6493 0.1757, -1.294 -0.6516 0.1745, -1.2954 -0.6537 0.1731, -1.2971 -0.6556 0.1714, -1.3012 -0.6588 0.1673, -1.3059 -0.6607 0.1626, -1.311 -0.6614 0.1575, -1.3059 -0.6607 0.0394, -1.3012 -0.6588 0.0394, -1.2971 -0.6556 0.0394, -1.294 -0.6516 0.0394, -1.292 -0.6468 0.0394, -1.2927 -0.6467 0.0343, -1.2946 -0.6512 0.0343, -1.2946 -0.6461 0.0295, -1.2963 -0.6503 0.0295, -1.2976 -0.6453 0.0255, -1.299 -0.6487 0.0255, -1.3015 -0.6443 0.0223, -1.3025 -0.6467 0.0223, -1.3061 -0.643 0.0204, -1.3066 -0.6443 0.0204, -1.2976 -0.6552 0.0343, -1.299 -0.6538 0.0295, -1.3012 -0.6516 0.0255, -1.3041 -0.6487 0.0223, -1.3074 -0.6453 0.0204, -1.3015 -0.6582 0.0343, -1.3061 -0.6601 0.0343, -1.3025 -0.6565 0.0295, -1.3066 -0.6582 0.0295, -1.3041 -0.6538 0.0255, -1.3074 -0.6552 0.0255, -1.3061 -0.6503 0.0223, -1.3085 -0.6512 0.0223, -1.3085 -0.6461 0.0204, -1.3097 -0.6467 0.0204, -2.6311 -0.6607 0.0394, -2.6358 -0.6588 0.0394, -2.6309 -0.6601 0.0343, -2.6355 -0.6582 0.0343, -2.6304 -0.6582 0.0295, -2.6345 -0.6565 0.0295, -2.6296 -0.6552 0.0255, -2.6329 -0.6538 0.0255, -2.6285 -0.6512 0.0223, -2.6309 -0.6503 0.0223, -2.6273 -0.6467 0.0204, -2.6285 -0.6461 0.0204, -2.6399 -0.6556 0.0394, -2.6394 -0.6552 0.0343, -2.638 -0.6538 0.0295, -2.6358 -0.6516 0.0255, -2.6329 -0.6487 0.0223, -2.6296 -0.6453 0.0204, -2.643 -0.6516 0.0394, -2.645 -0.6468 0.0394, -2.6425 -0.6512 0.0343, -2.6444 -0.6467 0.0343, -2.6407 -0.6503 0.0295, -2.6425 -0.6461 0.0295, -2.638 -0.6487 0.0255, -2.6394 -0.6453 0.0255, -2.6345 -0.6467 0.0223, -2.6355 -0.6443 0.0223, -2.6304 -0.6443 0.0204, -2.6309 -0.643 0.0204, -2.6457 -0.6417 0.1772, -2.6455 -0.6443 0.177, -2.6442 -0.6493 0.1757, -2.645 -0.6468 0.1765, -2.6399 -0.6556 0.1714, -2.6416 -0.6537 0.1731, -2.643 -0.6516 0.1745, -2.6358 -0.6588 0.1673, -2.6311 -0.6607 0.1626, -2.626 -0.6614 0.1575, -2.0787 -0.6417 0.1772, -2.0789 -0.6443 0.177, -2.0794 -0.6468 0.1765, -2.0802 -0.6493 0.1757, -2.0814 -0.6516 0.1745, -2.0828 -0.6537 0.1731, -2.0845 -0.6556 0.1714, -2.0886 -0.6588 0.1673, -2.0933 -0.6607 0.1626, -2.0984 -0.6614 0.1575, -2.0933 -0.6607 0.0394, -2.0886 -0.6588 0.0394, -2.0845 -0.6556 0.0394, -2.0814 -0.6516 0.0394, -2.0794 -0.6468 0.0394, -2.0801 -0.6467 0.0343, -2.082 -0.6512 0.0343, -2.082 -0.6461 0.0295, -2.0837 -0.6503 0.0295, -2.085 -0.6453 0.0255, -2.0864 -0.6487 0.0255, -2.0889 -0.6443 0.0223, -2.0899 -0.6467 0.0223, -2.0935 -0.643 0.0204, -2.094 -0.6443 0.0204, -2.085 -0.6552 0.0343, -2.0864 -0.6538 0.0295, -2.0886 -0.6516 0.0255, -2.0915 -0.6487 0.0223, -2.0948 -0.6453 0.0204, -2.0889 -0.6582 0.0343, -2.0935 -0.6601 0.0343, -2.0899 -0.6565 0.0295, -2.094 -0.6582 0.0295, -2.0915 -0.6538 0.0255, -2.0948 -0.6552 0.0255, -2.0935 -0.6503 0.0223, -2.0959 -0.6512 0.0223, -2.0959 -0.6461 0.0204, -2.0971 -0.6467 0.0204, -3.4185 -0.6607 0.0394, -3.4232 -0.6588 0.0394, -3.4183 -0.6601 0.0343, -3.4229 -0.6582 0.0343, -3.4178 -0.6582 0.0295, -3.4219 -0.6565 0.0295, -3.417 -0.6552 0.0255, -3.4203 -0.6538 0.0255, -3.4159 -0.6512 0.0223, -3.4183 -0.6503 0.0223, -3.4147 -0.6467 0.0204, -3.4159 -0.6461 0.0204, -3.4273 -0.6556 0.0394, -3.4268 -0.6552 0.0343, -3.4254 -0.6538 0.0295, -3.4232 -0.6516 0.0255, -3.4203 -0.6487 0.0223, -3.417 -0.6453 0.0204, -3.4304 -0.6516 0.0394, -3.4324 -0.6468 0.0394, -3.4299 -0.6512 0.0343, -3.4318 -0.6467 0.0343, -3.4281 -0.6503 0.0295, -3.4299 -0.6461 0.0295, -3.4254 -0.6487 0.0255, -3.4268 -0.6453 0.0255, -3.4219 -0.6467 0.0223, -3.4229 -0.6443 0.0223, -3.4178 -0.6443 0.0204, -3.4183 -0.643 0.0204, -3.4331 -0.6417 0.1772, -3.4329 -0.6443 0.177, -3.4316 -0.6493 0.1757, -3.4324 -0.6468 0.1765, -3.4273 -0.6556 0.1714, -3.429 -0.6537 0.1731, -3.4304 -0.6516 0.1745, -3.4232 -0.6588 0.1673, -3.4185 -0.6607 0.1626, -3.4134 -0.6614 0.1575, -2.8661 -0.6417 0.1772, -2.8663 -0.6443 0.177, -2.8668 -0.6468 0.1765, -2.8676 -0.6493 0.1757, -2.8688 -0.6516 0.1745, -2.8702 -0.6537 0.1731, -2.8719 -0.6556 0.1714, -2.876 -0.6588 0.1673, -2.8807 -0.6607 0.1626, -2.8858 -0.6614 0.1575, -2.8807 -0.6607 0.0394, -2.876 -0.6588 0.0394, -2.8719 -0.6556 0.0394, -2.8688 -0.6516 0.0394, -2.8668 -0.6468 0.0394, -2.8675 -0.6467 0.0343, -2.8694 -0.6512 0.0343, -2.8694 -0.6461 0.0295, -2.8711 -0.6503 0.0295, -2.8724 -0.6453 0.0255, -2.8738 -0.6487 0.0255, -2.8763 -0.6443 0.0223, -2.8773 -0.6467 0.0223, -2.8809 -0.643 0.0204, -2.8814 -0.6443 0.0204, -2.8724 -0.6552 0.0343, -2.8738 -0.6538 0.0295, -2.876 -0.6516 0.0255, -2.8789 -0.6487 0.0223, -2.8822 -0.6453 0.0204, -2.8763 -0.6582 0.0343, -2.8809 -0.6601 0.0343, -2.8773 -0.6565 0.0295, -2.8814 -0.6582 0.0295, -2.8789 -0.6538 0.0255, -2.8822 -0.6552 0.0255, -2.8809 -0.6503 0.0223, -2.8833 -0.6512 0.0223, -2.8833 -0.6461 0.0204, -2.8845 -0.6467 0.0204
            ]
        }
        coordIndex [
            0,1,2,-1,0,2,3,-1,3,2,4,-1,3,4,5,-1,5,4,6,-1,5,6,7,-1,7,6,8,-1,7,8,9,-1,9,8,10,-1,9,10,11,-1,11,10,12,-1,11,12,13,-1,14,15,16,-1,14,16,17,-1,17,16,18,-1,17,18,19,-1,19,18,20,-1,19,20,21,-1,21,20,22,-1,21,22,23,-1,23,22,24,-1,23,24,25,-1,25,24,26,-1,25,26,27,-1,28,29,30,-1,28,30,31,-1,31,30,32,-1,31,32,33,-1,33,32,34,-1,33,34,35,-1,35,34,36,-1,35,36,37,-1,37,36,38,-1,37,38,39,-1,39,38,40,-1,39,40,41,-1,42,43,44,-1,42,44,45,-1,45,44,46,-1,45,46,47,-1,47,46,48,-1,47,48,49,-1,49,48,50,-1,49,50,51,-1,51,50,52,-1,51,52,53,-1,53,52,54,-1,53,54,55,-1,56,57,58,-1,56,58,59,-1,59,58,60,-1,59,60,61,-1,61,60,62,-1,61,62,63,-1,63,62,64,-1,63,64,65,-1,65,64,66,-1,65,66,67,-1,67,66,68,-1,67,68,69,-1,69,68,70,-1,69,70,71,-1,71,70,72,-1,71,72,73,-1,73,72,74,-1,73,74,75,-1,65,67,76,-1,77,56,78,-1,78,56,59,-1,78,59,79,-1,79,59,61,-1,79,61,80,-1,80,61,63,-1,80,63,81,-1,81,63,65,-1,81,65,82,-1,82,65,76,-1,67,69,76,-1,76,69,71,-1,76,71,83,-1,83,71,73,-1,83,73,84,-1,84,73,75,-1,84,75,85,-1,86,87,68,-1,68,87,88,-1,68,88,70,-1,70,88,89,-1,70,89,72,-1,72,89,90,-1,72,90,74,-1,60,91,62,-1,62,91,92,-1,62,92,64,-1,64,92,86,-1,64,86,66,-1,66,86,68,-1,57,93,58,-1,58,93,94,-1,58,94,60,-1,60,94,95,-1,60,95,91,-1,96,77,78,-1,96,78,97,-1,97,78,79,-1,97,79,98,-1,98,79,80,-1,98,80,99,-1,99,80,81,-1,99,81,100,-1,100,81,82,-1,100,82,101,-1,101,82,76,-1,101,76,102,-1,102,76,83,-1,102,83,103,-1,103,83,84,-1,103,84,104,-1,104,84,85,-1,104,85,105,-1,93,106,94,-1,94,106,107,-1,108,91,107,-1,107,91,95,-1,107,95,94,-1,87,86,108,-1,108,86,92,-1,108,92,91,-1,108,109,87,-1,87,109,110,-1,87,110,88,-1,88,110,111,-1,88,111,89,-1,89,111,112,-1,89,112,90,-1,99,100,113,-1,97,98,114,-1,97,114,96,-1,96,114,115,-1,96,115,116,-1,99,113,98,-1,98,113,117,-1,98,117,114,-1,101,118,100,-1,100,118,119,-1,100,119,113,-1,101,102,118,-1,118,102,103,-1,118,103,120,-1,120,103,104,-1,120,104,121,-1,121,104,105,-1,121,105,122,-1,123,124,125,-1,123,125,126,-1,126,125,127,-1,126,127,128,-1,128,127,129,-1,128,129,130,-1,130,129,131,-1,130,131,132,-1,132,131,133,-1,132,133,134,-1,134,133,135,-1,134,135,112,-1,136,137,116,-1,116,137,138,-1,116,138,139,-1,116,115,136,-1,136,115,114,-1,136,114,140,-1,140,114,117,-1,140,117,141,-1,141,117,113,-1,141,113,142,-1,142,113,143,-1,118,120,144,-1,113,119,143,-1,143,119,118,-1,143,118,145,-1,145,118,144,-1,121,122,146,-1,146,147,121,-1,121,147,148,-1,121,148,120,-1,120,148,149,-1,120,149,144,-1,150,135,151,-1,150,151,152,-1,152,151,153,-1,152,153,154,-1,154,153,155,-1,154,155,156,-1,157,158,155,-1,155,158,159,-1,155,159,156,-1,160,161,162,-1,162,163,160,-1,160,163,164,-1,160,164,157,-1,157,164,165,-1,157,165,158,-1,166,139,167,-1,167,139,138,-1,167,138,168,-1,168,138,137,-1,168,137,169,-1,169,137,136,-1,169,136,170,-1,170,136,140,-1,170,140,171,-1,171,140,172,-1,172,140,141,-1,172,141,142,-1,143,145,173,-1,143,173,142,-1,142,173,174,-1,142,174,172,-1,144,149,175,-1,144,175,145,-1,145,175,176,-1,145,176,173,-1,148,177,149,-1,149,177,178,-1,149,178,175,-1,148,147,177,-1,177,147,146,-1,177,146,179,-1,180,181,164,-1,182,183,184,-1,185,150,186,-1,185,186,187,-1,186,152,187,-1,187,152,188,-1,187,188,189,-1,188,154,189,-1,189,154,190,-1,189,190,183,-1,183,190,156,-1,183,156,184,-1,182,184,191,-1,191,184,192,-1,191,192,193,-1,164,181,193,-1,193,181,194,-1,193,194,191,-1,162,195,196,-1,196,195,180,-1,196,180,197,-1,197,180,164,-1,177,179,198,-1,175,178,199,-1,173,176,200,-1,172,174,201,-1,166,167,202,-1,202,203,166,-1,166,203,204,-1,166,204,205,-1,172,201,171,-1,167,168,202,-1,202,168,169,-1,202,169,206,-1,206,169,170,-1,206,170,207,-1,207,170,171,-1,207,171,208,-1,208,171,201,-1,173,200,174,-1,174,200,209,-1,174,209,201,-1,175,199,176,-1,176,199,210,-1,176,210,200,-1,177,198,178,-1,178,198,211,-1,178,211,199,-1,195,212,180,-1,180,212,213,-1,180,213,181,-1,181,213,194,-1,194,213,214,-1,194,214,191,-1,191,214,182,-1,182,214,215,-1,182,215,183,-1,183,215,216,-1,183,216,189,-1,189,216,217,-1,189,217,187,-1,187,217,218,-1,187,218,185,-1,219,220,201,-1,221,205,204,-1,221,204,222,-1,222,204,203,-1,222,203,223,-1,223,203,202,-1,223,202,224,-1,224,202,206,-1,224,206,225,-1,225,206,226,-1,226,206,207,-1,226,207,220,-1,220,207,208,-1,220,208,201,-1,219,201,227,-1,227,201,209,-1,227,209,228,-1,228,209,200,-1,228,200,229,-1,200,210,229,-1,229,210,199,-1,229,199,230,-1,230,199,231,-1,199,211,231,-1,231,211,198,-1,231,198,232,-1,233,234,235,-1,233,235,236,-1,236,235,237,-1,236,237,238,-1,238,237,239,-1,238,239,240,-1,240,239,241,-1,240,241,242,-1,242,241,243,-1,242,243,244,-1,244,243,245,-1,244,245,218,-1,232,245,246,-1,232,246,247,-1,247,246,248,-1,247,248,249,-1,249,248,250,-1,249,250,251,-1,251,250,252,-1,252,250,253,-1,252,253,254,-1,254,253,255,-1,255,253,256,-1,255,256,224,-1,224,256,257,-1,257,256,258,-1,257,258,221,-1,259,260,261,-1,261,262,259,-1,259,262,263,-1,259,263,264,-1,263,265,264,-1,264,265,266,-1,264,266,267,-1,267,266,268,-1,268,269,267,-1,267,269,270,-1,267,270,271,-1,271,270,272,-1,272,273,271,-1,271,273,274,-1,271,274,275,-1,275,274,276,-1,275,276,277,-1,277,276,278,-1,277,278,279,-1,279,278,280,-1,279,280,281,-1,281,280,282,-1,281,282,283,-1,283,282,284,-1,285,286,287,-1,261,288,289,-1,289,288,290,-1,289,290,291,-1,291,290,292,-1,291,292,287,-1,287,292,293,-1,287,293,285,-1,294,295,296,-1,294,296,297,-1,297,296,298,-1,297,298,286,-1,286,298,299,-1,286,299,287,-1,295,294,300,-1,300,294,301,-1,300,301,302,-1,301,303,302,-1,302,303,304,-1,302,304,305,-1,305,304,306,-1,305,306,307,-1,307,306,308,-1,307,308,309,-1,309,308,310,-1,309,310,311,-1,311,310,312,-1,311,312,313,-1,314,315,260,-1,260,316,314,-1,314,316,317,-1,314,317,318,-1,317,319,318,-1,318,319,320,-1,318,320,321,-1,320,322,321,-1,321,322,323,-1,321,323,324,-1,323,271,324,-1,324,271,325,-1,324,325,326,-1,326,325,275,-1,326,275,327,-1,327,275,328,-1,327,328,329,-1,329,328,330,-1,330,328,279,-1,330,279,331,-1,331,279,281,-1,331,281,283,-1,332,333,334,-1,332,334,335,-1,335,334,336,-1,335,336,337,-1,337,336,338,-1,337,338,339,-1,339,338,340,-1,339,340,341,-1,340,342,341,-1,341,342,343,-1,341,343,344,-1,344,343,345,-1,346,347,348,-1,348,347,345,-1,348,345,349,-1,349,345,343,-1,346,350,347,-1,347,350,351,-1,347,351,352,-1,288,353,354,-1,354,353,352,-1,354,352,355,-1,355,352,351,-1,321,356,318,-1,318,356,357,-1,318,357,314,-1,314,357,358,-1,314,358,315,-1,359,360,321,-1,321,360,361,-1,321,361,356,-1,331,362,330,-1,330,362,363,-1,330,363,329,-1,329,363,364,-1,329,364,327,-1,327,364,365,-1,327,365,326,-1,326,365,359,-1,326,359,324,-1,324,359,321,-1,366,367,344,-1,344,367,368,-1,344,368,341,-1,341,368,369,-1,341,369,339,-1,339,369,370,-1,339,370,337,-1,337,370,371,-1,337,371,335,-1,335,371,372,-1,335,372,332,-1,344,345,366,-1,366,345,347,-1,366,347,373,-1,373,347,352,-1,373,352,374,-1,374,352,353,-1,374,353,375,-1,376,358,357,-1,376,357,377,-1,377,357,356,-1,377,356,378,-1,378,356,361,-1,378,361,379,-1,360,359,380,-1,360,380,361,-1,361,380,381,-1,361,381,379,-1,365,364,382,-1,365,382,359,-1,359,382,383,-1,359,383,380,-1,363,362,384,-1,363,384,364,-1,364,384,385,-1,364,385,382,-1,384,372,371,-1,384,371,385,-1,385,371,370,-1,385,370,382,-1,382,370,369,-1,382,369,383,-1,383,369,368,-1,383,368,380,-1,380,368,367,-1,380,367,381,-1,381,367,366,-1,381,366,379,-1,379,366,373,-1,379,373,378,-1,378,373,374,-1,378,374,377,-1,377,374,375,-1,377,375,376,-1,386,387,388,-1,388,387,389,-1,388,389,390,-1,390,389,391,-1,390,391,392,-1,392,391,393,-1,392,393,394,-1,394,393,395,-1,394,395,396,-1,396,395,397,-1,396,397,398,-1,398,397,399,-1,398,399,400,-1,400,399,401,-1,402,403,404,-1,404,403,405,-1,404,405,406,-1,406,405,407,-1,406,407,408,-1,408,407,409,-1,408,409,410,-1,410,409,411,-1,410,411,412,-1,412,411,413,-1,412,413,414,-1,414,413,415,-1,416,417,418,-1,418,417,419,-1,418,419,420,-1,420,419,421,-1,420,421,422,-1,422,421,423,-1,422,423,424,-1,424,423,425,-1,424,425,426,-1,426,425,427,-1,426,427,428,-1,428,427,429,-1,430,431,432,-1,432,431,433,-1,432,433,434,-1,434,433,435,-1,434,435,436,-1,436,435,437,-1,436,437,438,-1,438,437,439,-1,438,439,440,-1,440,439,441,-1,440,441,442,-1,442,441,443,-1,245,243,444,-1,445,446,447,-1,234,448,449,-1,447,446,234,-1,450,234,446,-1,450,446,451,-1,451,446,445,-1,451,445,452,-1,235,234,450,-1,453,454,455,-1,455,454,449,-1,455,449,456,-1,456,449,448,-1,456,448,457,-1,235,450,237,-1,237,450,451,-1,237,451,239,-1,239,451,452,-1,239,452,241,-1,458,453,459,-1,459,453,455,-1,459,455,460,-1,460,455,456,-1,460,456,461,-1,461,456,457,-1,461,457,462,-1,463,458,464,-1,464,458,459,-1,464,459,465,-1,465,459,460,-1,465,460,466,-1,466,460,461,-1,466,461,467,-1,467,461,462,-1,467,462,468,-1,243,463,444,-1,444,463,464,-1,444,464,469,-1,469,464,465,-1,469,465,470,-1,470,465,466,-1,470,466,471,-1,471,466,467,-1,471,467,472,-1,472,467,468,-1,472,468,473,-1,245,444,246,-1,246,444,469,-1,246,469,248,-1,248,469,470,-1,248,470,250,-1,250,470,471,-1,250,471,253,-1,253,471,472,-1,253,472,256,-1,256,472,473,-1,256,473,258,-1,454,234,449,-1,243,241,463,-1,463,241,452,-1,463,452,458,-1,458,452,445,-1,458,445,453,-1,453,445,447,-1,453,447,454,-1,454,447,234,-1,474,258,475,-1,475,258,473,-1,475,473,476,-1,476,473,477,-1,477,473,468,-1,477,468,478,-1,478,468,479,-1,479,468,462,-1,479,462,480,-1,480,462,457,-1,480,457,481,-1,481,457,448,-1,481,448,482,-1,482,448,234,-1,482,234,483,-1,483,484,485,-1,483,485,482,-1,482,485,486,-1,482,486,481,-1,481,486,487,-1,481,487,480,-1,488,478,487,-1,487,478,479,-1,487,479,480,-1,489,490,474,-1,474,475,489,-1,489,475,476,-1,489,476,488,-1,488,476,477,-1,488,477,478,-1,484,491,492,-1,484,492,493,-1,493,492,494,-1,493,494,495,-1,495,494,496,-1,495,496,497,-1,497,496,498,-1,497,498,499,-1,499,498,500,-1,499,500,501,-1,501,500,502,-1,501,502,503,-1,504,505,506,-1,506,505,507,-1,506,507,508,-1,509,510,507,-1,507,510,511,-1,507,511,508,-1,512,513,509,-1,509,513,514,-1,509,514,510,-1,515,516,517,-1,517,516,518,-1,517,518,512,-1,512,518,519,-1,512,519,513,-1,515,517,520,-1,520,517,521,-1,520,521,522,-1,522,521,523,-1,523,521,491,-1,523,491,524,-1,525,526,527,-1,527,526,528,-1,527,528,529,-1,529,528,530,-1,529,530,531,-1,530,532,531,-1,531,532,533,-1,531,533,534,-1,534,533,535,-1,534,535,536,-1,536,535,537,-1,536,537,538,-1,539,540,541,-1,541,540,538,-1,541,538,542,-1,542,538,537,-1,539,543,540,-1,540,543,544,-1,540,544,545,-1,524,546,547,-1,547,546,545,-1,547,545,548,-1,548,545,544,-1,549,525,550,-1,550,525,527,-1,550,527,551,-1,551,527,529,-1,551,529,552,-1,552,529,531,-1,552,531,553,-1,553,531,534,-1,553,534,554,-1,554,534,536,-1,554,536,555,-1,536,538,555,-1,555,538,540,-1,555,540,556,-1,556,540,545,-1,556,545,557,-1,557,545,546,-1,557,546,558,-1,557,558,559,-1,559,560,557,-1,557,560,561,-1,557,561,556,-1,556,561,562,-1,562,563,556,-1,556,563,564,-1,556,564,555,-1,564,565,555,-1,555,565,566,-1,555,566,554,-1,554,566,567,-1,554,567,553,-1,553,567,568,-1,553,568,552,-1,552,568,569,-1,552,569,551,-1,570,549,571,-1,571,549,550,-1,571,550,572,-1,572,550,551,-1,572,551,573,-1,573,551,569,-1,574,575,576,-1,574,576,577,-1,577,576,559,-1,577,559,578,-1,575,574,579,-1,579,574,580,-1,579,580,581,-1,581,580,582,-1,581,582,583,-1,582,584,583,-1,583,584,585,-1,583,585,586,-1,586,585,587,-1,586,587,588,-1,588,587,589,-1,589,587,590,-1,589,590,591,-1,592,593,594,-1,594,593,595,-1,594,595,596,-1,596,595,591,-1,596,591,597,-1,597,591,590,-1,594,598,592,-1,592,598,599,-1,592,599,600,-1,600,599,601,-1,600,601,602,-1,603,604,605,-1,605,604,606,-1,605,606,607,-1,607,606,608,-1,607,608,609,-1,608,610,609,-1,609,610,611,-1,609,611,612,-1,612,611,613,-1,612,613,614,-1,614,613,615,-1,614,615,616,-1,617,618,619,-1,619,618,616,-1,619,616,620,-1,620,616,615,-1,617,621,618,-1,618,621,622,-1,618,622,623,-1,578,624,625,-1,625,624,623,-1,625,623,626,-1,626,623,622,-1,627,603,628,-1,628,603,605,-1,628,605,629,-1,629,605,607,-1,629,607,630,-1,630,607,609,-1,630,609,631,-1,631,609,612,-1,631,612,632,-1,632,612,614,-1,632,614,633,-1,614,616,633,-1,633,616,618,-1,633,618,634,-1,634,618,623,-1,634,623,635,-1,635,623,624,-1,635,624,636,-1,635,636,637,-1,637,638,635,-1,635,638,639,-1,635,639,634,-1,634,639,640,-1,640,641,634,-1,634,641,642,-1,634,642,633,-1,642,643,633,-1,633,643,644,-1,633,644,632,-1,632,644,645,-1,632,645,631,-1,631,645,646,-1,631,646,630,-1,630,646,647,-1,630,647,629,-1,648,627,649,-1,649,627,628,-1,649,628,650,-1,650,628,629,-1,650,629,651,-1,651,629,647,-1,637,652,653,-1,653,652,654,-1,653,654,655,-1,655,654,656,-1,656,654,657,-1,656,657,658,-1,659,660,657,-1,657,660,661,-1,657,661,658,-1,662,663,659,-1,659,663,664,-1,659,664,660,-1,665,666,667,-1,667,666,668,-1,667,668,662,-1,662,668,669,-1,662,669,663,-1,665,667,670,-1,670,667,671,-1,670,671,672,-1,652,673,674,-1,652,674,675,-1,675,674,676,-1,675,676,677,-1,677,676,678,-1,677,678,679,-1,679,678,680,-1,679,680,681,-1,681,680,682,-1,681,682,683,-1,683,682,684,-1,683,684,685,-1,686,687,688,-1,688,687,689,-1,688,689,690,-1,690,689,691,-1,691,689,692,-1,691,692,693,-1,693,692,694,-1,694,692,695,-1,694,695,696,-1,696,695,697,-1,696,697,698,-1,698,697,699,-1,698,699,700,-1,700,699,673,-1,700,673,701,-1,701,123,702,-1,701,702,700,-1,700,702,703,-1,700,703,698,-1,698,703,704,-1,698,704,696,-1,705,693,704,-1,704,693,694,-1,704,694,696,-1,706,106,686,-1,686,688,706,-1,706,688,690,-1,706,690,705,-1,705,690,691,-1,705,691,693,-1,106,706,707,-1,708,709,710,-1,123,126,711,-1,710,709,123,-1,712,123,709,-1,712,709,713,-1,713,709,708,-1,713,708,714,-1,702,123,712,-1,715,716,717,-1,717,716,711,-1,717,711,718,-1,718,711,126,-1,718,126,128,-1,702,712,703,-1,703,712,713,-1,703,713,704,-1,704,713,714,-1,704,714,705,-1,719,715,720,-1,720,715,717,-1,720,717,721,-1,721,717,718,-1,721,718,722,-1,722,718,128,-1,722,128,130,-1,723,719,724,-1,724,719,720,-1,724,720,725,-1,725,720,721,-1,725,721,726,-1,726,721,722,-1,726,722,727,-1,727,722,130,-1,727,130,132,-1,706,723,707,-1,707,723,724,-1,707,724,728,-1,728,724,725,-1,728,725,729,-1,729,725,726,-1,729,726,730,-1,730,726,727,-1,730,727,731,-1,731,727,132,-1,731,132,134,-1,106,707,107,-1,107,707,728,-1,107,728,108,-1,108,728,729,-1,108,729,109,-1,109,729,730,-1,109,730,110,-1,110,730,731,-1,110,731,111,-1,111,731,134,-1,111,134,112,-1,716,123,711,-1,706,705,723,-1,723,705,714,-1,723,714,719,-1,719,714,708,-1,719,708,715,-1,715,708,710,-1,715,710,716,-1,716,710,123,-1,212,732,733,-1,734,735,736,-1,233,236,737,-1,736,735,233,-1,738,233,735,-1,738,735,739,-1,739,735,734,-1,739,734,740,-1,741,233,738,-1,742,743,744,-1,744,743,737,-1,744,737,745,-1,745,737,236,-1,745,236,238,-1,741,738,746,-1,746,738,739,-1,746,739,747,-1,747,739,740,-1,747,740,748,-1,749,742,750,-1,750,742,744,-1,750,744,751,-1,751,744,745,-1,751,745,752,-1,752,745,238,-1,752,238,240,-1,753,749,754,-1,754,749,750,-1,754,750,755,-1,755,750,751,-1,755,751,756,-1,756,751,752,-1,756,752,757,-1,757,752,240,-1,757,240,242,-1,732,753,733,-1,733,753,754,-1,733,754,758,-1,758,754,755,-1,758,755,759,-1,759,755,756,-1,759,756,760,-1,760,756,757,-1,760,757,761,-1,761,757,242,-1,761,242,244,-1,212,733,213,-1,213,733,758,-1,213,758,214,-1,214,758,759,-1,214,759,215,-1,215,759,760,-1,215,760,216,-1,216,760,761,-1,216,761,217,-1,217,761,244,-1,217,244,218,-1,743,233,737,-1,732,748,753,-1,753,748,740,-1,753,740,749,-1,749,740,734,-1,749,734,742,-1,742,734,736,-1,742,736,743,-1,743,736,233,-1,762,233,741,-1,762,741,763,-1,763,741,746,-1,763,746,764,-1,764,746,747,-1,764,747,765,-1,748,766,747,-1,747,766,767,-1,747,767,765,-1,732,212,768,-1,768,769,732,-1,732,769,770,-1,732,770,748,-1,748,770,771,-1,748,771,766,-1,772,773,767,-1,767,773,774,-1,767,774,765,-1,765,774,775,-1,765,775,764,-1,764,775,776,-1,764,776,763,-1,763,776,777,-1,763,777,762,-1,767,766,772,-1,772,766,771,-1,772,771,778,-1,778,771,779,-1,769,768,780,-1,771,770,779,-1,779,770,769,-1,779,769,781,-1,781,769,780,-1,780,161,781,-1,781,161,782,-1,781,782,779,-1,779,782,778,-1,778,782,783,-1,778,783,772,-1,772,783,773,-1,773,783,784,-1,773,784,774,-1,774,784,785,-1,774,785,775,-1,775,785,786,-1,775,786,776,-1,776,786,124,-1,776,124,777,-1,135,133,787,-1,788,789,790,-1,124,786,791,-1,790,789,124,-1,792,124,789,-1,792,789,793,-1,793,789,788,-1,793,788,794,-1,125,124,792,-1,795,796,797,-1,797,796,791,-1,797,791,798,-1,798,791,786,-1,798,786,785,-1,125,792,127,-1,127,792,793,-1,127,793,129,-1,129,793,794,-1,129,794,131,-1,799,795,800,-1,800,795,797,-1,800,797,801,-1,801,797,798,-1,801,798,802,-1,802,798,785,-1,802,785,784,-1,803,799,804,-1,804,799,800,-1,804,800,805,-1,805,800,801,-1,805,801,806,-1,806,801,802,-1,806,802,807,-1,807,802,784,-1,807,784,783,-1,133,803,787,-1,787,803,804,-1,787,804,808,-1,808,804,805,-1,808,805,809,-1,809,805,806,-1,809,806,810,-1,810,806,807,-1,810,807,811,-1,811,807,783,-1,811,783,782,-1,135,787,151,-1,151,787,808,-1,151,808,153,-1,153,808,809,-1,153,809,155,-1,155,809,810,-1,155,810,157,-1,157,810,811,-1,157,811,160,-1,160,811,782,-1,160,782,161,-1,796,124,791,-1,133,131,803,-1,803,131,794,-1,803,794,799,-1,799,794,788,-1,799,788,795,-1,795,788,790,-1,795,790,796,-1,796,790,124,-1,812,14,813,-1,813,14,814,-1,815,816,817,-1,817,816,818,-1,817,818,814,-1,814,818,819,-1,814,819,813,-1,820,821,822,-1,822,821,823,-1,822,823,817,-1,817,823,824,-1,817,824,815,-1,825,826,820,-1,820,826,827,-1,820,827,821,-1,825,820,828,-1,828,820,829,-1,828,829,830,-1,830,829,831,-1,830,831,832,-1,833,834,835,-1,833,835,836,-1,836,835,837,-1,836,837,838,-1,838,837,839,-1,838,839,840,-1,840,839,841,-1,840,841,842,-1,843,844,845,-1,845,844,846,-1,845,846,847,-1,847,846,848,-1,847,848,849,-1,849,848,834,-1,849,834,850,-1,850,834,833,-1,843,851,844,-1,844,851,852,-1,844,852,853,-1,832,854,855,-1,855,854,853,-1,855,853,856,-1,856,853,852,-1,14,17,814,-1,814,17,857,-1,814,857,817,-1,817,857,858,-1,817,858,822,-1,822,858,859,-1,822,859,820,-1,820,859,860,-1,820,860,829,-1,829,860,861,-1,829,861,831,-1,831,861,862,-1,17,19,857,-1,857,19,863,-1,857,863,858,-1,858,863,864,-1,858,864,859,-1,859,864,865,-1,859,865,860,-1,860,865,866,-1,860,866,861,-1,861,866,867,-1,861,867,862,-1,862,867,868,-1,19,21,863,-1,863,21,869,-1,863,869,864,-1,864,869,870,-1,864,870,865,-1,865,870,871,-1,865,871,866,-1,866,871,872,-1,866,872,867,-1,867,872,873,-1,867,873,868,-1,868,873,874,-1,21,23,869,-1,869,23,875,-1,869,875,870,-1,870,875,876,-1,870,876,871,-1,871,876,877,-1,871,877,872,-1,872,877,878,-1,872,878,873,-1,873,878,879,-1,873,879,874,-1,874,879,880,-1,23,25,875,-1,875,25,881,-1,875,881,876,-1,876,881,882,-1,876,882,877,-1,877,882,883,-1,877,883,878,-1,878,883,884,-1,878,884,879,-1,879,884,885,-1,879,885,880,-1,880,885,886,-1,25,27,881,-1,881,27,887,-1,881,887,882,-1,882,887,888,-1,882,888,883,-1,883,888,889,-1,883,889,884,-1,884,889,890,-1,884,890,885,-1,885,890,891,-1,885,891,886,-1,886,891,892,-1,834,848,893,-1,894,841,895,-1,895,841,839,-1,895,839,896,-1,896,839,837,-1,896,837,897,-1,897,837,835,-1,897,835,898,-1,898,835,834,-1,898,834,899,-1,899,834,893,-1,848,846,893,-1,893,846,844,-1,893,844,900,-1,900,844,853,-1,900,853,901,-1,901,853,854,-1,901,854,902,-1,671,667,903,-1,904,905,906,-1,652,675,907,-1,906,905,652,-1,908,652,905,-1,908,905,909,-1,909,905,904,-1,909,904,910,-1,654,652,908,-1,911,912,913,-1,913,912,907,-1,913,907,914,-1,914,907,675,-1,914,675,677,-1,654,908,657,-1,657,908,909,-1,657,909,659,-1,659,909,910,-1,659,910,662,-1,915,911,916,-1,916,911,913,-1,916,913,917,-1,917,913,914,-1,917,914,918,-1,918,914,677,-1,918,677,679,-1,919,915,920,-1,920,915,916,-1,920,916,921,-1,921,916,917,-1,921,917,922,-1,922,917,918,-1,922,918,923,-1,923,918,679,-1,923,679,681,-1,667,919,903,-1,903,919,920,-1,903,920,924,-1,924,920,921,-1,924,921,925,-1,925,921,922,-1,925,922,926,-1,926,922,923,-1,926,923,927,-1,927,923,681,-1,927,681,683,-1,671,903,928,-1,928,903,924,-1,928,924,929,-1,929,924,925,-1,929,925,930,-1,930,925,926,-1,930,926,931,-1,931,926,927,-1,931,927,932,-1,932,927,683,-1,932,683,685,-1,912,652,907,-1,667,662,919,-1,919,662,910,-1,919,910,915,-1,915,910,904,-1,915,904,911,-1,911,904,906,-1,911,906,912,-1,912,906,652,-1,933,934,892,-1,933,892,935,-1,935,892,891,-1,935,891,936,-1,936,891,937,-1,937,891,890,-1,937,890,938,-1,938,890,939,-1,939,890,889,-1,939,889,940,-1,940,889,888,-1,940,888,941,-1,941,888,942,-1,942,888,887,-1,942,887,943,-1,943,887,944,-1,944,887,27,-1,944,27,54,-1,945,894,895,-1,945,895,946,-1,946,895,896,-1,946,896,947,-1,947,896,897,-1,947,897,948,-1,948,897,898,-1,948,898,949,-1,949,898,950,-1,950,898,899,-1,950,899,951,-1,899,893,951,-1,951,893,900,-1,951,900,952,-1,952,900,901,-1,952,901,953,-1,953,901,902,-1,953,902,954,-1,955,671,956,-1,956,671,928,-1,956,928,957,-1,958,959,929,-1,929,959,960,-1,929,960,928,-1,928,960,961,-1,928,961,957,-1,958,929,962,-1,962,929,930,-1,962,930,963,-1,931,964,930,-1,930,964,965,-1,930,965,963,-1,966,967,931,-1,931,967,968,-1,931,968,964,-1,931,932,966,-1,966,932,685,-1,966,685,969,-1,970,44,43,-1,54,52,944,-1,944,52,971,-1,944,971,943,-1,943,971,972,-1,43,973,970,-1,970,973,974,-1,970,974,975,-1,976,941,972,-1,972,941,942,-1,972,942,943,-1,974,977,975,-1,975,977,978,-1,975,978,979,-1,980,939,976,-1,976,939,940,-1,976,940,941,-1,978,981,979,-1,979,981,982,-1,979,982,983,-1,935,936,984,-1,984,936,937,-1,984,937,980,-1,980,937,938,-1,980,938,939,-1,52,50,971,-1,971,50,985,-1,971,985,972,-1,972,985,986,-1,972,986,976,-1,976,986,987,-1,976,987,980,-1,980,987,988,-1,980,988,984,-1,984,988,989,-1,50,48,985,-1,985,48,990,-1,985,990,986,-1,986,990,991,-1,986,991,987,-1,987,991,992,-1,987,992,988,-1,988,992,993,-1,988,993,989,-1,989,993,994,-1,48,46,990,-1,990,46,995,-1,990,995,991,-1,991,995,996,-1,991,996,992,-1,992,996,997,-1,992,997,993,-1,993,997,998,-1,993,998,994,-1,994,998,999,-1,46,44,995,-1,995,44,970,-1,995,970,996,-1,996,970,975,-1,996,975,997,-1,997,975,979,-1,997,979,998,-1,998,979,983,-1,998,983,999,-1,999,983,1000,-1,934,933,1001,-1,1001,933,935,-1,982,1002,983,-1,983,1002,1003,-1,983,1003,1000,-1,1000,1003,1004,-1,1000,1004,1005,-1,935,984,1001,-1,1001,984,989,-1,1001,989,1006,-1,1006,989,994,-1,1006,994,1007,-1,1007,994,999,-1,1007,999,1008,-1,1008,999,1000,-1,1008,1000,1009,-1,1009,1000,1005,-1,1009,1005,1010,-1,934,1001,1011,-1,1011,1001,1006,-1,1011,1006,1012,-1,1012,1006,1007,-1,1012,1007,1013,-1,1013,1007,1008,-1,1013,1008,1014,-1,1014,1008,1009,-1,1014,1009,1015,-1,1015,1009,1010,-1,1015,1010,1016,-1,1017,945,1018,-1,1018,945,946,-1,1018,946,1019,-1,1019,946,947,-1,1019,947,1020,-1,1020,947,948,-1,1020,948,1021,-1,1021,948,949,-1,1021,949,1022,-1,1022,949,950,-1,1022,950,1023,-1,950,951,1023,-1,1023,951,952,-1,1023,952,1024,-1,1024,952,953,-1,1024,953,1025,-1,1025,953,954,-1,1025,954,1026,-1,1027,1028,1029,-1,1030,1031,1032,-1,1033,1034,1016,-1,1016,1035,1033,-1,1033,1035,1036,-1,1033,1036,1037,-1,1037,1036,969,-1,1032,1031,1038,-1,1031,1039,1038,-1,1038,1039,1040,-1,1038,1040,1035,-1,1035,1040,1041,-1,1035,1041,1036,-1,1029,1028,1032,-1,1032,1028,1042,-1,1032,1042,1030,-1,43,1043,1044,-1,1044,1043,1045,-1,1045,1046,1044,-1,1044,1046,1047,-1,1044,1047,1029,-1,1029,1047,1048,-1,1029,1048,1027,-1,1034,1033,1049,-1,1021,1022,1050,-1,1050,1022,1023,-1,1050,1023,1051,-1,1051,1023,1024,-1,1051,1024,1052,-1,1052,1024,1025,-1,1052,1025,1049,-1,1049,1025,1026,-1,1049,1026,1034,-1,1050,1053,1021,-1,1021,1053,1054,-1,1021,1054,1020,-1,1020,1054,1019,-1,1055,1056,1017,-1,1054,1057,1019,-1,1019,1057,1055,-1,1019,1055,1018,-1,1018,1055,1017,-1,1049,1033,1037,-1,1058,1052,1059,-1,1059,1052,1049,-1,1059,1049,1060,-1,1060,1049,1037,-1,1060,1037,1061,-1,1053,1050,1058,-1,1058,1050,1051,-1,1058,1051,1052,-1,1062,1056,1063,-1,1063,1056,1055,-1,1063,1055,1064,-1,1064,1055,1057,-1,1064,1057,1065,-1,1065,1057,1054,-1,1065,1054,1066,-1,1066,1054,1053,-1,1066,1053,1067,-1,1067,1053,1058,-1,1068,1062,1063,-1,1068,1063,1069,-1,1069,1063,1064,-1,1069,1064,1070,-1,1070,1064,1065,-1,1070,1065,1071,-1,1071,1065,1066,-1,1071,1066,1072,-1,1072,1066,1067,-1,1072,1067,1073,-1,1073,1067,1058,-1,1073,1058,1074,-1,1074,1058,1059,-1,1074,1059,1075,-1,1075,1059,1060,-1,1075,1060,1076,-1,1076,1060,1061,-1,1076,1061,1077,-1,1072,1073,1078,-1,1079,1068,1080,-1,1080,1068,1069,-1,1080,1069,1081,-1,1081,1069,1070,-1,1081,1070,1082,-1,1082,1070,1071,-1,1082,1071,1083,-1,1083,1071,1072,-1,1083,1072,1084,-1,1084,1072,1078,-1,1073,1074,1078,-1,1078,1074,1075,-1,1078,1075,1085,-1,1085,1075,1076,-1,1085,1076,1086,-1,1086,1076,1077,-1,1086,1077,1087,-1,1087,684,1088,-1,1087,1088,1086,-1,1086,1088,1089,-1,1086,1089,1085,-1,1085,1089,1090,-1,1085,1090,1078,-1,1078,1090,1084,-1,1084,1090,1091,-1,1084,1091,1083,-1,1083,1091,1082,-1,1082,1091,1092,-1,1082,1092,1081,-1,1081,1092,1080,-1,1080,1092,687,-1,1080,687,1079,-1,684,682,1093,-1,1094,1095,1096,-1,673,699,1097,-1,1096,1095,673,-1,1098,673,1095,-1,1098,1095,1099,-1,1099,1095,1094,-1,1099,1094,1100,-1,674,673,1098,-1,1101,1102,1103,-1,1103,1102,1097,-1,1103,1097,1104,-1,1104,1097,699,-1,1104,699,697,-1,674,1098,676,-1,676,1098,1099,-1,676,1099,678,-1,678,1099,1100,-1,678,1100,680,-1,1105,1101,1106,-1,1106,1101,1103,-1,1106,1103,1107,-1,1107,1103,1104,-1,1107,1104,1108,-1,1108,1104,697,-1,1108,697,695,-1,1109,1105,1110,-1,1110,1105,1106,-1,1110,1106,1111,-1,1111,1106,1107,-1,1111,1107,1112,-1,1112,1107,1108,-1,1112,1108,1113,-1,1113,1108,695,-1,1113,695,692,-1,682,1109,1093,-1,1093,1109,1110,-1,1093,1110,1114,-1,1114,1110,1111,-1,1114,1111,1115,-1,1115,1111,1112,-1,1115,1112,1116,-1,1116,1112,1113,-1,1116,1113,1117,-1,1117,1113,692,-1,1117,692,689,-1,684,1093,1088,-1,1088,1093,1114,-1,1088,1114,1089,-1,1089,1114,1115,-1,1089,1115,1090,-1,1090,1115,1116,-1,1090,1116,1091,-1,1091,1116,1117,-1,1091,1117,1092,-1,1092,1117,689,-1,1092,689,687,-1,1102,673,1097,-1,682,680,1109,-1,1109,680,1100,-1,1109,1100,1105,-1,1105,1100,1094,-1,1105,1094,1101,-1,1101,1094,1096,-1,1101,1096,1102,-1,1102,1096,673,-1,1118,1119,1120,-1,1121,1122,1123,-1,1124,1125,1126,-1,1127,1128,1129,-1,1130,1131,1132,-1,1133,490,489,-1,1131,1133,1132,-1,1132,1133,489,-1,1132,489,1134,-1,1134,489,488,-1,1134,488,1135,-1,1135,488,487,-1,1135,487,1136,-1,1136,487,486,-1,1136,486,1137,-1,1137,486,485,-1,1137,485,484,-1,1128,1130,1129,-1,1129,1130,1132,-1,1129,1132,1138,-1,1138,1132,1134,-1,1138,1134,1139,-1,1139,1134,1135,-1,1139,1135,1140,-1,1140,1135,1136,-1,1140,1136,1141,-1,1141,1136,1137,-1,1141,1137,484,-1,1125,1127,1126,-1,1126,1127,1129,-1,1126,1129,1142,-1,1142,1129,1138,-1,1142,1138,1143,-1,1143,1138,1139,-1,1143,1139,1144,-1,1144,1139,1140,-1,1144,1140,1145,-1,1145,1140,1141,-1,1145,1141,484,-1,1122,1124,1123,-1,1123,1124,1126,-1,1123,1126,1146,-1,1146,1126,1142,-1,1146,1142,1147,-1,1147,1142,1143,-1,1147,1143,1148,-1,1148,1143,1144,-1,1148,1144,1149,-1,1149,1144,1145,-1,1149,1145,484,-1,1119,1121,1120,-1,1120,1121,1123,-1,1120,1123,1150,-1,1150,1123,1146,-1,1150,1146,1151,-1,1151,1146,1147,-1,1151,1147,1152,-1,1152,1147,1148,-1,1152,1148,1153,-1,1153,1148,1149,-1,1153,1149,484,-1,503,1118,501,-1,501,1118,1120,-1,501,1120,499,-1,499,1120,1150,-1,499,1150,497,-1,497,1150,1151,-1,497,1151,495,-1,495,1151,1152,-1,495,1152,493,-1,493,1152,1153,-1,493,1153,484,-1,1154,1155,1156,-1,1156,1157,1154,-1,1154,1157,1158,-1,1154,1158,1159,-1,1159,1158,1160,-1,1160,1161,1159,-1,1159,1161,1162,-1,1159,1162,1163,-1,1162,1164,1163,-1,1163,1164,1165,-1,1163,1165,1166,-1,1166,1165,1167,-1,1166,1167,1168,-1,1168,1167,1169,-1,1168,1169,1170,-1,1170,1169,1171,-1,1170,1171,1172,-1,1173,1174,1175,-1,1175,1174,1176,-1,1175,1176,1177,-1,1177,1176,1172,-1,1177,1172,1178,-1,1178,1172,1171,-1,1179,490,1180,-1,1180,490,1133,-1,1180,1133,1181,-1,1181,1133,1182,-1,1182,1133,1131,-1,1182,1131,1183,-1,1183,1131,1130,-1,1183,1130,1184,-1,1184,1130,1128,-1,1184,1128,1185,-1,1185,1128,1127,-1,1185,1127,1186,-1,1186,1127,1125,-1,1186,1125,1187,-1,1187,1125,1124,-1,1187,1124,1188,-1,1188,1124,1122,-1,1188,1122,1189,-1,1189,1122,1121,-1,1189,1121,1190,-1,1190,1121,1119,-1,1190,1119,1191,-1,1119,1118,1191,-1,1191,1118,503,-1,1191,503,1192,-1,1154,1193,1155,-1,1155,1193,1194,-1,1155,1194,1195,-1,1196,1197,1174,-1,1174,1197,1198,-1,1174,1198,1176,-1,1176,1198,1199,-1,1176,1199,1172,-1,1172,1199,1200,-1,1172,1200,1170,-1,1170,1200,1201,-1,1170,1201,1168,-1,1168,1201,1202,-1,1168,1202,1166,-1,1166,1202,1203,-1,1166,1203,1163,-1,1163,1203,1204,-1,1163,1204,1159,-1,1159,1204,1205,-1,1159,1205,1154,-1,1154,1205,1206,-1,1154,1206,1193,-1,1156,1207,1208,-1,1208,1207,1209,-1,1208,1209,1210,-1,1210,1209,1211,-1,1211,1209,1212,-1,1211,1212,1213,-1,1214,1215,1212,-1,1212,1215,1216,-1,1212,1216,1213,-1,1217,1218,1214,-1,1214,1218,1219,-1,1214,1219,1215,-1,1220,1221,1222,-1,1222,1221,1223,-1,1222,1223,1217,-1,1217,1223,1224,-1,1217,1224,1218,-1,1220,1222,1225,-1,1225,1222,1,-1,1225,1,1226,-1,1227,1179,1228,-1,1228,1179,1180,-1,1228,1180,1229,-1,1180,1181,1229,-1,1229,1181,1182,-1,1229,1182,1230,-1,1230,1182,1183,-1,1230,1183,1231,-1,1231,1183,1184,-1,1231,1184,1232,-1,1232,1184,1185,-1,1232,1185,1233,-1,1185,1186,1233,-1,1233,1186,1187,-1,1233,1187,1234,-1,1187,1188,1234,-1,1234,1188,1189,-1,1234,1189,1235,-1,1192,1236,1191,-1,1191,1236,1235,-1,1191,1235,1190,-1,1190,1235,1189,-1,1195,1194,1237,-1,1237,1194,1238,-1,1206,1239,1240,-1,1238,1194,1240,-1,1240,1194,1193,-1,1240,1193,1206,-1,1239,1206,1241,-1,1241,1206,1205,-1,1241,1205,1242,-1,1242,1205,1204,-1,1242,1204,1243,-1,1204,1203,1243,-1,1243,1203,1202,-1,1243,1202,1244,-1,1244,1202,1201,-1,1244,1201,1245,-1,1245,1201,1200,-1,1245,1200,1246,-1,1246,1200,1199,-1,1246,1199,1247,-1,1247,1199,1198,-1,1247,1198,1248,-1,1248,1198,1197,-1,1248,1197,1249,-1,1249,1197,1196,-1,1249,1196,1250,-1,12,10,1251,-1,1251,10,1252,-1,1251,1252,1253,-1,1253,1252,1254,-1,1253,1254,1255,-1,1255,1254,1256,-1,1255,1256,1257,-1,1257,1256,1258,-1,1257,1258,1259,-1,1259,1258,1260,-1,1259,1260,1261,-1,1261,1260,1262,-1,10,8,1252,-1,1252,8,1263,-1,1252,1263,1254,-1,1254,1263,1264,-1,1254,1264,1256,-1,1256,1264,1265,-1,1256,1265,1258,-1,1258,1265,1266,-1,1258,1266,1260,-1,1260,1266,1267,-1,1260,1267,1262,-1,1262,1267,1268,-1,8,6,1263,-1,1263,6,1269,-1,1263,1269,1264,-1,1264,1269,1270,-1,1264,1270,1265,-1,1265,1270,1271,-1,1265,1271,1266,-1,1266,1271,1272,-1,1266,1272,1267,-1,1267,1272,1273,-1,1267,1273,1268,-1,1268,1273,1274,-1,6,4,1269,-1,1269,4,1275,-1,1269,1275,1270,-1,1270,1275,1276,-1,1270,1276,1271,-1,1271,1276,1277,-1,1271,1277,1272,-1,1272,1277,1278,-1,1272,1278,1273,-1,1273,1278,1279,-1,1273,1279,1274,-1,1274,1279,1280,-1,4,2,1275,-1,1275,2,1281,-1,1275,1281,1276,-1,1276,1281,1282,-1,1276,1282,1277,-1,1277,1282,1283,-1,1277,1283,1278,-1,1278,1283,1284,-1,1278,1284,1279,-1,1279,1284,1285,-1,1279,1285,1280,-1,1280,1285,1286,-1,2,1,1281,-1,1281,1,1222,-1,1281,1222,1282,-1,1282,1222,1217,-1,1282,1217,1283,-1,1283,1217,1214,-1,1283,1214,1284,-1,1284,1214,1212,-1,1284,1212,1285,-1,1285,1212,1209,-1,1285,1209,1286,-1,1286,1209,1207,-1,1287,1288,1227,-1,1227,1288,1289,-1,1227,1289,1290,-1,1227,1228,1287,-1,1287,1228,1229,-1,1287,1229,1291,-1,1291,1229,1230,-1,1291,1230,1292,-1,1292,1230,1231,-1,1292,1231,1293,-1,1293,1231,1294,-1,1233,1234,1295,-1,1231,1232,1294,-1,1294,1232,1233,-1,1294,1233,1296,-1,1296,1233,1295,-1,1235,1236,1297,-1,1297,1298,1235,-1,1235,1298,1299,-1,1235,1299,1234,-1,1234,1299,1300,-1,1234,1300,1295,-1,1301,1302,1237,-1,1237,1238,1301,-1,1301,1238,1240,-1,1301,1240,1303,-1,1240,1239,1303,-1,1303,1239,1241,-1,1303,1241,1304,-1,1241,1242,1304,-1,1304,1242,1243,-1,1304,1243,1305,-1,1305,1243,1306,-1,1243,1244,1306,-1,1306,1244,1245,-1,1306,1245,1307,-1,1307,1245,1246,-1,1307,1246,1308,-1,1308,1246,1247,-1,1308,1247,1309,-1,1249,1250,1310,-1,1309,1247,1310,-1,1310,1247,1248,-1,1310,1248,1249,-1,41,12,1251,-1,41,1251,1311,-1,1311,1251,1253,-1,1311,1253,1312,-1,1312,1253,1255,-1,1312,1255,1313,-1,1313,1255,1257,-1,1313,1257,1314,-1,1314,1257,1259,-1,1314,1259,1315,-1,1315,1259,1261,-1,1315,1261,1316,-1,1317,1318,1319,-1,1320,1299,1298,-1,1319,1320,1317,-1,1317,1320,1298,-1,1317,1298,1321,-1,1321,1298,1297,-1,1299,1320,1300,-1,1300,1320,1322,-1,1300,1322,1295,-1,1295,1322,1323,-1,1295,1323,1296,-1,1296,1323,1324,-1,1296,1324,1294,-1,1294,1324,1325,-1,1294,1325,1293,-1,1293,1325,1326,-1,1293,1326,1292,-1,1292,1326,1327,-1,1292,1327,1291,-1,1291,1327,1328,-1,1291,1328,1287,-1,1287,1328,1329,-1,1287,1329,1288,-1,1288,1329,1330,-1,1288,1330,1289,-1,1289,1330,1331,-1,1289,1331,1290,-1,1310,1331,1309,-1,1309,1331,1330,-1,1309,1330,1308,-1,1330,1329,1308,-1,1308,1329,1328,-1,1308,1328,1307,-1,1307,1328,1327,-1,1307,1327,1306,-1,1306,1327,1326,-1,1306,1326,1305,-1,1305,1326,1325,-1,1305,1325,1304,-1,1304,1325,1324,-1,1304,1324,1303,-1,1324,1323,1303,-1,1303,1323,1322,-1,1303,1322,1301,-1,1301,1322,1320,-1,1301,1320,1319,-1,1302,1301,1332,-1,1332,1301,1319,-1,1332,1319,1333,-1,1333,1319,1318,-1,28,31,1334,-1,1334,31,1335,-1,1334,1335,1336,-1,1336,1335,1337,-1,1337,1335,1338,-1,1337,1338,1339,-1,1339,1338,1340,-1,1340,1338,1341,-1,1340,1341,1342,-1,1342,1341,1343,-1,1343,1341,1344,-1,1343,1344,1345,-1,1345,1344,1346,-1,1346,1344,1347,-1,1346,1347,1348,-1,1348,1347,1349,-1,1349,1347,1350,-1,1349,1350,1351,-1,31,33,1335,-1,1335,33,1352,-1,1335,1352,1338,-1,1338,1352,1353,-1,1338,1353,1341,-1,1341,1353,1354,-1,1341,1354,1344,-1,1344,1354,1355,-1,1344,1355,1347,-1,1347,1355,1356,-1,1347,1356,1350,-1,1350,1356,1357,-1,33,35,1352,-1,1352,35,1358,-1,1352,1358,1353,-1,1353,1358,1359,-1,1353,1359,1354,-1,1354,1359,1360,-1,1354,1360,1355,-1,1355,1360,1361,-1,1355,1361,1356,-1,1356,1361,1362,-1,1356,1362,1357,-1,1357,1362,1363,-1,35,37,1358,-1,1358,37,1364,-1,1358,1364,1359,-1,1359,1364,1365,-1,1359,1365,1360,-1,1360,1365,1366,-1,1360,1366,1361,-1,1361,1366,1367,-1,1361,1367,1362,-1,1362,1367,1368,-1,1362,1368,1363,-1,1363,1368,1369,-1,37,39,1364,-1,1364,39,1370,-1,1364,1370,1365,-1,1365,1370,1371,-1,1365,1371,1366,-1,1366,1371,1372,-1,1366,1372,1367,-1,1367,1372,1373,-1,1367,1373,1368,-1,1368,1373,1374,-1,1368,1374,1369,-1,1369,1374,1375,-1,39,41,1370,-1,1370,41,1311,-1,1370,1311,1371,-1,1371,1311,1312,-1,1371,1312,1372,-1,1372,1312,1313,-1,1372,1313,1373,-1,1373,1313,1314,-1,1373,1314,1374,-1,1374,1314,1315,-1,1374,1315,1375,-1,1375,1315,1316,-1,1376,1377,1321,-1,1321,1377,1378,-1,1321,1378,1317,-1,1317,1378,1379,-1,1317,1379,1318,-1,1380,1381,1333,-1,1333,1381,1351,-1,1333,1351,1332,-1,1382,28,1383,-1,1383,28,1384,-1,1383,1384,1385,-1,1386,1387,1388,-1,1388,1387,1389,-1,1388,1389,1384,-1,1384,1389,1390,-1,1384,1390,1385,-1,1386,1388,1391,-1,1391,1388,1392,-1,1391,1392,1393,-1,1394,1395,1392,-1,1392,1395,1396,-1,1392,1396,1393,-1,1333,1318,1380,-1,1380,1318,1379,-1,1380,1379,1394,-1,1394,1379,1397,-1,1394,1397,1395,-1,1398,1399,1400,-1,1401,1402,1403,-1,1403,1404,1401,-1,1401,1404,1405,-1,1401,1405,502,-1,502,1405,1406,-1,502,1406,1376,-1,1400,1399,1407,-1,1399,1408,1407,-1,1407,1408,1409,-1,1407,1409,1402,-1,1402,1409,1410,-1,1402,1410,1403,-1,505,1411,1412,-1,1412,1411,1413,-1,1413,1414,1412,-1,1412,1414,1415,-1,1412,1415,1400,-1,1400,1415,1416,-1,1400,1416,1398,-1,502,500,1417,-1,1418,1419,1420,-1,491,521,1421,-1,1420,1419,491,-1,1422,491,1419,-1,1422,1419,1423,-1,1423,1419,1418,-1,1423,1418,1424,-1,492,491,1422,-1,1425,1426,1427,-1,1427,1426,1421,-1,1427,1421,1428,-1,1428,1421,521,-1,1428,521,517,-1,492,1422,494,-1,494,1422,1423,-1,494,1423,496,-1,496,1423,1424,-1,496,1424,498,-1,1429,1425,1430,-1,1430,1425,1427,-1,1430,1427,1431,-1,1431,1427,1428,-1,1431,1428,1432,-1,1432,1428,517,-1,1432,517,512,-1,1433,1429,1434,-1,1434,1429,1430,-1,1434,1430,1435,-1,1435,1430,1431,-1,1435,1431,1436,-1,1436,1431,1432,-1,1436,1432,1437,-1,1437,1432,512,-1,1437,512,509,-1,500,1433,1417,-1,1417,1433,1434,-1,1417,1434,1438,-1,1438,1434,1435,-1,1438,1435,1439,-1,1439,1435,1436,-1,1439,1436,1440,-1,1440,1436,1437,-1,1440,1437,1441,-1,1441,1437,509,-1,1441,509,507,-1,502,1417,1401,-1,1401,1417,1438,-1,1401,1438,1402,-1,1402,1438,1439,-1,1402,1439,1407,-1,1407,1439,1440,-1,1407,1440,1400,-1,1400,1440,1441,-1,1400,1441,1412,-1,1412,1441,507,-1,1412,507,505,-1,1426,491,1421,-1,500,498,1433,-1,1433,498,1424,-1,1433,1424,1429,-1,1429,1424,1418,-1,1429,1418,1425,-1,1425,1418,1420,-1,1425,1420,1426,-1,1426,1420,491,-1,969,1442,1443,-1,1443,1442,1444,-1,958,962,1445,-1,959,1446,1447,-1,1448,955,956,-1,1449,1448,1450,-1,1043,1451,1045,-1,1045,1451,1452,-1,1045,1452,1046,-1,1448,956,1450,-1,1450,956,957,-1,1450,957,1453,-1,1453,957,961,-1,1453,961,1447,-1,1447,961,960,-1,1447,960,959,-1,1046,1452,1047,-1,1047,1452,1454,-1,1047,1454,1048,-1,1048,1454,1455,-1,1048,1455,1027,-1,1456,1449,1457,-1,1457,1449,1450,-1,1457,1450,1458,-1,1458,1450,1453,-1,1458,1453,1459,-1,1459,1453,1447,-1,1459,1447,1460,-1,1460,1447,1446,-1,1460,1446,1461,-1,1462,1456,1463,-1,1463,1456,1457,-1,1463,1457,1464,-1,1464,1457,1458,-1,1464,1458,1465,-1,1465,1458,1459,-1,1465,1459,1466,-1,1466,1459,1460,-1,1466,1460,1467,-1,1467,1460,1461,-1,1467,1461,1468,-1,1027,1455,1028,-1,1028,1455,1469,-1,1028,1469,1042,-1,1042,1469,1470,-1,1042,1470,1030,-1,1471,1462,1472,-1,1472,1462,1463,-1,1472,1463,1473,-1,1473,1463,1464,-1,1473,1464,1474,-1,1474,1464,1465,-1,1474,1465,1475,-1,1475,1465,1466,-1,1475,1466,1476,-1,1476,1466,1467,-1,1476,1467,1477,-1,1477,1467,1468,-1,1477,1468,1478,-1,1479,1039,1470,-1,1470,1039,1031,-1,1470,1031,1030,-1,967,1443,968,-1,968,1443,1444,-1,968,1444,964,-1,964,1444,965,-1,963,965,1480,-1,1480,965,1444,-1,1480,1444,1481,-1,1481,1444,1442,-1,1481,1442,1482,-1,1482,1442,969,-1,1043,1471,1451,-1,1451,1471,1472,-1,1451,1472,1452,-1,1452,1472,1473,-1,1452,1473,1454,-1,1454,1473,1474,-1,1454,1474,1455,-1,1455,1474,1475,-1,1455,1475,1469,-1,1469,1475,1476,-1,1469,1476,1470,-1,1470,1476,1477,-1,1470,1477,1479,-1,1479,1477,1478,-1,1479,1478,1483,-1,967,966,1443,-1,1443,966,969,-1,969,1036,1483,-1,1483,1036,1041,-1,1483,1041,1479,-1,1479,1041,1040,-1,1479,1040,1039,-1,959,958,1446,-1,1446,958,1445,-1,1446,1445,1461,-1,1461,1445,1484,-1,1461,1484,1468,-1,1468,1484,1485,-1,1468,1485,1478,-1,1478,1485,1486,-1,1478,1486,1483,-1,1483,1486,969,-1,962,963,1445,-1,1445,963,1480,-1,1445,1480,1484,-1,1484,1480,1481,-1,1484,1481,1485,-1,1485,1481,1482,-1,1485,1482,1486,-1,1486,1482,969,-1,1487,1488,955,-1,1487,955,1489,-1,955,1448,1489,-1,1489,1448,1449,-1,1489,1449,1490,-1,1456,1462,1491,-1,1491,1492,1456,-1,1456,1492,1493,-1,1456,1493,1449,-1,1449,1493,1494,-1,1449,1494,1490,-1,1043,1495,1471,-1,1471,1495,1496,-1,1496,1497,1471,-1,1471,1497,1498,-1,1471,1498,1462,-1,1462,1498,1499,-1,1462,1499,1491,-1,1500,1501,1502,-1,1500,1502,1503,-1,1503,1502,1504,-1,1503,1504,1505,-1,1505,1504,1506,-1,1505,1506,1507,-1,1507,1506,1508,-1,1508,1506,1509,-1,1508,1509,1510,-1,1510,1509,1511,-1,1511,1509,1512,-1,1511,1512,1513,-1,1513,1512,1514,-1,1514,1512,1515,-1,1514,1515,1516,-1,1516,1515,1517,-1,1517,1515,1518,-1,1517,1518,1519,-1,1520,1521,1522,-1,1522,1521,1523,-1,1522,1523,1524,-1,1525,1526,1523,-1,1523,1526,1527,-1,1527,1528,1523,-1,1523,1528,1529,-1,1523,1529,1524,-1,1530,1531,1532,-1,1532,1531,1533,-1,1532,1533,1525,-1,1525,1533,1534,-1,1525,1534,1526,-1,1532,1535,1530,-1,1530,1535,1536,-1,1530,1536,1537,-1,1537,1536,1538,-1,1538,1536,1539,-1,1538,1539,1488,-1,1516,1517,1540,-1,1541,1542,1543,-1,1513,1514,1544,-1,1545,1546,1547,-1,1510,1511,1548,-1,1549,1550,1551,-1,1507,1508,1552,-1,1553,1554,1555,-1,1503,1505,1556,-1,1557,1558,1559,-1,1501,1500,1560,-1,1560,1500,1561,-1,1560,1561,1562,-1,1562,1561,1563,-1,1562,1563,1564,-1,1564,1563,1565,-1,1564,1565,1566,-1,1566,1565,1567,-1,1566,1567,1568,-1,1568,1567,1559,-1,1568,1559,1521,-1,1521,1559,1558,-1,1500,1503,1561,-1,1561,1503,1556,-1,1561,1556,1563,-1,1563,1556,1569,-1,1563,1569,1565,-1,1565,1569,1570,-1,1565,1570,1567,-1,1567,1570,1571,-1,1567,1571,1559,-1,1559,1571,1555,-1,1559,1555,1557,-1,1557,1555,1554,-1,1505,1507,1556,-1,1556,1507,1552,-1,1556,1552,1569,-1,1569,1552,1572,-1,1569,1572,1570,-1,1570,1572,1573,-1,1570,1573,1571,-1,1571,1573,1574,-1,1571,1574,1555,-1,1555,1574,1551,-1,1555,1551,1553,-1,1553,1551,1550,-1,1508,1510,1552,-1,1552,1510,1548,-1,1552,1548,1572,-1,1572,1548,1575,-1,1572,1575,1573,-1,1573,1575,1576,-1,1573,1576,1574,-1,1574,1576,1577,-1,1574,1577,1551,-1,1551,1577,1547,-1,1551,1547,1549,-1,1549,1547,1546,-1,1511,1513,1548,-1,1548,1513,1544,-1,1548,1544,1575,-1,1575,1544,1578,-1,1575,1578,1576,-1,1576,1578,1579,-1,1576,1579,1577,-1,1577,1579,1580,-1,1577,1580,1547,-1,1547,1580,1543,-1,1547,1543,1545,-1,1545,1543,1542,-1,1514,1516,1544,-1,1544,1516,1540,-1,1544,1540,1578,-1,1578,1540,1581,-1,1578,1581,1579,-1,1579,1581,1582,-1,1579,1582,1580,-1,1580,1582,1583,-1,1580,1583,1543,-1,1543,1583,1584,-1,1543,1584,1541,-1,1541,1584,1585,-1,1517,1519,1540,-1,1540,1519,1586,-1,1540,1586,1581,-1,1581,1586,1587,-1,1581,1587,1582,-1,1582,1587,1588,-1,1582,1588,1583,-1,1583,1588,1589,-1,1583,1589,1584,-1,1584,1589,1590,-1,1584,1590,1585,-1,1585,1590,1539,-1,1591,1539,1590,-1,1591,1590,1592,-1,1592,1590,1589,-1,1592,1589,1593,-1,1593,1589,1588,-1,1593,1588,1594,-1,1594,1588,1595,-1,1595,1588,1587,-1,1595,1587,1596,-1,1596,1587,1597,-1,1597,1587,1586,-1,1597,1586,1598,-1,1598,1586,1599,-1,1599,1586,1519,-1,1599,1519,1600,-1,1594,1601,1593,-1,1593,1601,1602,-1,1593,1602,1592,-1,1592,1602,1603,-1,1592,1603,1591,-1,1604,1605,1594,-1,1594,1605,1606,-1,1594,1606,1601,-1,1600,1607,1599,-1,1599,1607,1608,-1,1599,1608,1598,-1,1598,1608,1609,-1,1598,1609,1597,-1,1597,1609,1610,-1,1597,1610,1596,-1,1596,1610,1604,-1,1596,1604,1595,-1,1595,1604,1594,-1,1611,1612,1609,-1,1613,1614,1604,-1,1615,1603,1602,-1,1615,1602,1616,-1,1616,1602,1601,-1,1616,1601,1617,-1,1617,1601,1606,-1,1617,1606,1618,-1,1604,1614,1605,-1,1605,1614,1606,-1,1606,1614,1619,-1,1606,1619,1618,-1,1613,1604,1612,-1,1612,1604,1610,-1,1612,1610,1609,-1,1611,1609,1620,-1,1620,1609,1608,-1,1620,1608,1607,-1,1621,1615,1616,-1,1621,1616,1622,-1,1622,1616,1617,-1,1622,1617,1623,-1,1623,1617,1618,-1,1623,1618,1624,-1,1624,1618,1619,-1,1624,1619,1625,-1,1625,1619,1614,-1,1625,1614,1626,-1,1626,1614,1613,-1,1626,1613,1627,-1,1627,1613,1612,-1,1627,1612,1628,-1,1628,1612,1611,-1,1628,1611,1629,-1,1629,1611,1620,-1,1629,1620,1630,-1,1631,1621,1622,-1,1631,1622,1632,-1,1632,1622,1623,-1,1632,1623,1633,-1,1633,1623,1624,-1,1633,1624,1634,-1,1634,1624,1635,-1,1635,1624,1625,-1,1635,1625,1636,-1,1625,1626,1636,-1,1636,1626,1627,-1,1636,1627,1637,-1,1637,1627,1628,-1,1637,1628,1638,-1,1638,1628,1629,-1,1638,1629,1639,-1,1639,1629,1630,-1,1639,1630,1640,-1,1634,1641,1633,-1,1633,1641,1642,-1,1633,1642,1632,-1,1632,1642,1643,-1,1632,1643,1631,-1,1644,1645,1634,-1,1634,1645,1646,-1,1634,1646,1641,-1,1640,1647,1639,-1,1639,1647,1648,-1,1639,1648,1638,-1,1638,1648,1649,-1,1638,1649,1637,-1,1637,1649,1650,-1,1637,1650,1636,-1,1636,1650,1644,-1,1636,1644,1635,-1,1635,1644,1634,-1,1651,1652,1649,-1,1653,1643,1642,-1,1653,1642,1654,-1,1654,1642,1641,-1,1654,1641,1655,-1,1655,1641,1646,-1,1655,1646,1656,-1,1645,1644,1657,-1,1645,1657,1646,-1,1646,1657,1658,-1,1646,1658,1656,-1,1649,1652,1650,-1,1650,1652,1644,-1,1644,1652,1659,-1,1644,1659,1657,-1,1651,1649,1660,-1,1660,1649,1648,-1,1660,1648,1647,-1,1661,1653,1654,-1,1661,1654,1662,-1,1662,1654,1655,-1,1662,1655,1663,-1,1663,1655,1656,-1,1663,1656,1664,-1,1664,1656,1658,-1,1664,1658,1665,-1,1665,1658,1657,-1,1665,1657,1666,-1,1666,1657,1659,-1,1666,1659,1667,-1,1667,1659,1652,-1,1667,1652,1668,-1,1668,1652,1651,-1,1668,1651,1669,-1,1669,1651,1660,-1,1669,1660,1670,-1,1664,1671,1663,-1,1663,1671,1672,-1,1663,1672,1662,-1,1662,1672,1673,-1,1662,1673,1661,-1,1670,1674,1669,-1,1669,1674,1675,-1,1669,1675,1668,-1,1668,1675,1676,-1,1668,1676,1667,-1,1667,1676,1677,-1,1667,1677,1666,-1,1666,1677,1678,-1,1666,1678,1665,-1,1665,1678,1679,-1,1665,1679,1664,-1,1664,1679,1680,-1,1664,1680,1671,-1,1680,1681,1671,-1,1671,1681,1682,-1,1671,1682,1672,-1,1672,1682,1683,-1,1672,1683,1673,-1,1684,1685,1680,-1,1680,1685,1686,-1,1680,1686,1681,-1,1674,1687,1675,-1,1675,1687,1688,-1,1675,1688,1676,-1,1676,1688,1689,-1,1676,1689,1677,-1,1677,1689,1690,-1,1677,1690,1678,-1,1678,1690,1684,-1,1678,1684,1679,-1,1679,1684,1680,-1,1691,1692,1689,-1,1693,1683,1682,-1,1693,1682,1694,-1,1694,1682,1681,-1,1694,1681,1695,-1,1695,1681,1686,-1,1695,1686,1696,-1,1685,1684,1697,-1,1685,1697,1686,-1,1686,1697,1698,-1,1686,1698,1696,-1,1689,1692,1690,-1,1690,1692,1684,-1,1684,1692,1699,-1,1684,1699,1697,-1,1691,1689,1700,-1,1700,1689,1688,-1,1700,1688,1687,-1,1701,1693,1694,-1,1701,1694,1702,-1,1702,1694,1695,-1,1702,1695,1703,-1,1703,1695,1696,-1,1703,1696,1704,-1,1704,1696,1698,-1,1704,1698,1705,-1,1705,1698,1697,-1,1705,1697,1706,-1,1706,1697,1699,-1,1706,1699,1707,-1,1707,1699,1692,-1,1707,1692,1708,-1,1708,1692,1691,-1,1708,1691,1709,-1,1709,1691,1700,-1,1709,1700,1710,-1,1711,1701,1702,-1,1711,1702,1712,-1,1712,1702,1703,-1,1712,1703,1713,-1,1713,1703,1704,-1,1713,1704,1714,-1,1714,1704,1715,-1,1715,1704,1705,-1,1715,1705,1716,-1,1708,1717,1707,-1,1707,1717,1716,-1,1707,1716,1706,-1,1706,1716,1705,-1,1710,1718,1709,-1,1709,1718,1719,-1,1709,1719,1708,-1,1708,1719,1720,-1,1708,1720,1717,-1,1714,1721,1713,-1,1713,1721,1722,-1,1713,1722,1712,-1,1712,1722,1723,-1,1712,1723,1711,-1,1724,1725,1714,-1,1714,1725,1726,-1,1714,1726,1721,-1,1718,1727,1719,-1,1719,1727,1728,-1,1719,1728,1720,-1,1720,1728,1729,-1,1720,1729,1717,-1,1717,1729,1730,-1,1717,1730,1716,-1,1716,1730,1724,-1,1716,1724,1715,-1,1715,1724,1714,-1,1731,1732,1729,-1,1733,1734,1724,-1,1735,1736,1726,-1,1726,1736,1737,-1,1726,1737,1721,-1,1721,1737,1738,-1,1721,1738,1722,-1,1722,1738,1739,-1,1722,1739,1723,-1,1735,1726,1734,-1,1734,1726,1725,-1,1734,1725,1724,-1,1733,1724,1732,-1,1732,1724,1730,-1,1732,1730,1729,-1,1731,1729,1740,-1,1740,1729,1728,-1,1740,1728,1727,-1,1741,1739,1738,-1,1741,1738,1742,-1,1742,1738,1737,-1,1742,1737,1743,-1,1743,1737,1736,-1,1743,1736,1744,-1,1744,1736,1735,-1,1744,1735,1745,-1,1745,1735,1734,-1,1745,1734,1746,-1,1746,1734,1733,-1,1746,1733,1747,-1,1747,1733,1732,-1,1747,1732,1748,-1,1748,1732,1731,-1,1748,1731,1749,-1,1749,1731,1740,-1,1749,1740,1750,-1,1751,1752,1744,-1,1744,1752,1753,-1,1744,1753,1743,-1,1743,1753,1754,-1,1743,1754,1742,-1,1742,1754,1755,-1,1742,1755,1741,-1,1748,1756,1747,-1,1747,1756,1757,-1,1747,1757,1746,-1,1746,1757,1751,-1,1746,1751,1745,-1,1745,1751,1744,-1,1750,1758,1749,-1,1749,1758,1759,-1,1749,1759,1748,-1,1748,1759,1760,-1,1748,1760,1756,-1,1752,1761,1753,-1,1753,1761,1762,-1,1753,1762,1754,-1,1754,1762,1763,-1,1754,1763,1755,-1,1764,1765,1752,-1,1752,1765,1766,-1,1752,1766,1761,-1,1758,1767,1759,-1,1759,1767,1768,-1,1759,1768,1760,-1,1760,1768,1769,-1,1760,1769,1756,-1,1756,1769,1770,-1,1756,1770,1757,-1,1757,1770,1764,-1,1757,1764,1751,-1,1751,1764,1752,-1,1771,1772,1766,-1,1766,1772,1773,-1,1766,1773,1761,-1,1761,1773,1774,-1,1761,1774,1762,-1,1762,1774,1775,-1,1762,1775,1763,-1,1771,1766,1776,-1,1776,1766,1765,-1,1776,1765,1764,-1,1770,1769,1777,-1,1770,1777,1764,-1,1764,1777,1778,-1,1764,1778,1776,-1,1768,1767,1779,-1,1768,1779,1769,-1,1769,1779,1780,-1,1769,1780,1777,-1,1781,1775,1774,-1,1781,1774,1782,-1,1782,1774,1773,-1,1782,1773,1783,-1,1783,1773,1772,-1,1783,1772,1784,-1,1784,1772,1771,-1,1784,1771,1785,-1,1785,1771,1776,-1,1785,1776,1786,-1,1786,1776,1778,-1,1786,1778,1787,-1,1787,1778,1777,-1,1787,1777,1788,-1,1788,1777,1780,-1,1788,1780,1789,-1,1789,1780,1779,-1,1789,1779,1790,-1,1791,1781,1782,-1,1791,1782,1792,-1,1792,1782,1783,-1,1792,1783,1793,-1,1793,1783,1784,-1,1793,1784,1794,-1,1794,1784,1795,-1,1795,1784,1785,-1,1795,1785,1796,-1,1788,1797,1787,-1,1787,1797,1796,-1,1787,1796,1786,-1,1786,1796,1785,-1,1790,1798,1789,-1,1789,1798,1799,-1,1789,1799,1788,-1,1788,1799,1800,-1,1788,1800,1797,-1,1794,1801,1793,-1,1793,1801,1802,-1,1793,1802,1792,-1,1792,1802,1803,-1,1792,1803,1791,-1,1804,1805,1794,-1,1794,1805,1806,-1,1794,1806,1801,-1,1798,1807,1799,-1,1799,1807,1808,-1,1799,1808,1800,-1,1800,1808,1809,-1,1800,1809,1797,-1,1797,1809,1810,-1,1797,1810,1796,-1,1796,1810,1804,-1,1796,1804,1795,-1,1795,1804,1794,-1,1811,1812,1804,-1,1813,1803,1802,-1,1813,1802,1814,-1,1814,1802,1801,-1,1814,1801,1815,-1,1815,1801,1806,-1,1815,1806,1816,-1,1804,1812,1805,-1,1805,1812,1806,-1,1806,1812,1817,-1,1806,1817,1816,-1,1811,1804,1818,-1,1818,1804,1810,-1,1818,1810,1809,-1,1808,1807,1819,-1,1808,1819,1809,-1,1809,1819,1820,-1,1809,1820,1818,-1,1821,1813,1814,-1,1821,1814,1822,-1,1822,1814,1815,-1,1822,1815,1823,-1,1823,1815,1816,-1,1823,1816,1824,-1,1824,1816,1817,-1,1824,1817,1825,-1,1825,1817,1812,-1,1825,1812,1826,-1,1826,1812,1811,-1,1826,1811,1827,-1,1827,1811,1818,-1,1827,1818,1828,-1,1828,1818,1820,-1,1828,1820,1829,-1,1829,1820,1819,-1,1829,1819,1830,-1,1831,1821,1822,-1,1831,1822,1832,-1,1832,1822,1823,-1,1832,1823,1833,-1,1833,1823,1824,-1,1833,1824,1834,-1,1834,1824,1835,-1,1835,1824,1825,-1,1835,1825,1836,-1,1836,1825,1826,-1,1836,1826,1837,-1,1837,1826,1827,-1,1837,1827,1838,-1,1827,1828,1838,-1,1838,1828,1829,-1,1838,1829,1839,-1,1839,1829,1830,-1,1839,1830,1840,-1,1834,1841,1833,-1,1833,1841,1842,-1,1833,1842,1832,-1,1832,1842,1843,-1,1832,1843,1831,-1,1844,1845,1834,-1,1834,1845,1846,-1,1834,1846,1841,-1,1840,1847,1839,-1,1839,1847,1848,-1,1839,1848,1838,-1,1838,1848,1849,-1,1838,1849,1837,-1,1837,1849,1850,-1,1837,1850,1836,-1,1836,1850,1844,-1,1836,1844,1835,-1,1835,1844,1834,-1,1851,1852,1849,-1,1853,1854,1844,-1,1855,1856,1846,-1,1846,1856,1857,-1,1846,1857,1841,-1,1841,1857,1858,-1,1841,1858,1842,-1,1842,1858,1859,-1,1842,1859,1843,-1,1855,1846,1854,-1,1854,1846,1845,-1,1854,1845,1844,-1,1853,1844,1852,-1,1852,1844,1850,-1,1852,1850,1849,-1,1851,1849,1860,-1,1860,1849,1848,-1,1860,1848,1847,-1,1861,1859,1858,-1,1861,1858,1862,-1,1862,1858,1857,-1,1862,1857,1863,-1,1863,1857,1856,-1,1863,1856,1864,-1,1864,1856,1855,-1,1864,1855,1865,-1,1865,1855,1854,-1,1865,1854,1866,-1,1866,1854,1853,-1,1866,1853,1867,-1,1867,1853,1852,-1,1867,1852,1868,-1,1868,1852,1851,-1,1868,1851,1869,-1,1869,1851,1860,-1,1869,1860,1870,-1,1871,1861,1862,-1,1871,1862,1872,-1,1872,1862,1863,-1,1872,1863,1873,-1,1873,1863,1864,-1,1873,1864,1874,-1,1874,1864,1875,-1,1875,1864,1865,-1,1875,1865,1866,-1,1870,1876,1869,-1,1869,1876,1877,-1,1869,1877,1868,-1,1868,1877,1878,-1,1868,1878,1867,-1,1867,1878,1879,-1,1867,1879,1866,-1,1866,1879,1880,-1,1866,1880,1875,-1,1874,1881,1873,-1,1873,1881,1882,-1,1873,1882,1872,-1,1872,1882,1883,-1,1872,1883,1871,-1,1884,1885,1874,-1,1874,1885,1886,-1,1874,1886,1881,-1,1876,1887,1877,-1,1877,1887,1888,-1,1877,1888,1878,-1,1878,1888,1889,-1,1878,1889,1879,-1,1879,1889,1890,-1,1879,1890,1880,-1,1880,1890,1884,-1,1880,1884,1875,-1,1875,1884,1874,-1,1891,1892,1889,-1,1893,1883,1882,-1,1893,1882,1894,-1,1894,1882,1881,-1,1894,1881,1895,-1,1895,1881,1886,-1,1895,1886,1896,-1,1885,1884,1897,-1,1885,1897,1886,-1,1886,1897,1898,-1,1886,1898,1896,-1,1889,1892,1890,-1,1890,1892,1884,-1,1884,1892,1899,-1,1884,1899,1897,-1,1891,1889,1900,-1,1900,1889,1888,-1,1900,1888,1887,-1,1901,1893,1894,-1,1901,1894,1902,-1,1902,1894,1895,-1,1902,1895,1903,-1,1903,1895,1896,-1,1903,1896,1904,-1,1904,1896,1898,-1,1904,1898,1905,-1,1905,1898,1897,-1,1905,1897,1906,-1,1906,1897,1899,-1,1906,1899,1907,-1,1907,1899,1892,-1,1907,1892,1908,-1,1908,1892,1891,-1,1908,1891,1909,-1,1909,1891,1900,-1,1909,1900,1910,-1,1911,1912,1904,-1,1904,1912,1913,-1,1904,1913,1903,-1,1903,1913,1914,-1,1903,1914,1902,-1,1902,1914,1915,-1,1902,1915,1901,-1,1904,1905,1911,-1,1911,1905,1906,-1,1911,1906,1916,-1,1916,1906,1907,-1,1916,1907,1917,-1,1917,1907,1908,-1,1917,1908,1918,-1,1918,1908,1909,-1,1918,1909,1919,-1,1919,1909,1910,-1,1919,1910,1920,-1,1912,1921,1913,-1,1913,1921,1922,-1,1913,1922,1914,-1,1914,1922,1923,-1,1914,1923,1915,-1,1924,1925,1912,-1,1912,1925,1926,-1,1912,1926,1921,-1,1920,1927,1919,-1,1919,1927,1928,-1,1919,1928,1918,-1,1918,1928,1929,-1,1918,1929,1917,-1,1917,1929,1930,-1,1917,1930,1916,-1,1916,1930,1924,-1,1916,1924,1911,-1,1911,1924,1912,-1,1931,1932,1929,-1,1933,1923,1922,-1,1933,1922,1934,-1,1934,1922,1921,-1,1934,1921,1935,-1,1935,1921,1926,-1,1935,1926,1936,-1,1925,1924,1937,-1,1925,1937,1926,-1,1926,1937,1938,-1,1926,1938,1936,-1,1929,1932,1930,-1,1930,1932,1924,-1,1924,1932,1939,-1,1924,1939,1937,-1,1931,1929,1940,-1,1940,1929,1928,-1,1940,1928,1927,-1,1941,1933,1934,-1,1941,1934,1942,-1,1942,1934,1935,-1,1942,1935,1943,-1,1943,1935,1936,-1,1943,1936,1944,-1,1944,1936,1938,-1,1944,1938,1945,-1,1945,1938,1937,-1,1945,1937,1946,-1,1946,1937,1939,-1,1946,1939,1947,-1,1947,1939,1932,-1,1947,1932,1948,-1,1948,1932,1931,-1,1948,1931,1949,-1,1949,1931,1940,-1,1949,1940,1950,-1,1951,1952,1944,-1,1944,1952,1953,-1,1944,1953,1943,-1,1943,1953,1954,-1,1943,1954,1942,-1,1942,1954,1955,-1,1942,1955,1941,-1,1948,1956,1947,-1,1947,1956,1957,-1,1947,1957,1946,-1,1946,1957,1951,-1,1946,1951,1945,-1,1945,1951,1944,-1,1950,1958,1949,-1,1949,1958,1959,-1,1949,1959,1948,-1,1948,1959,1960,-1,1948,1960,1956,-1,1952,1961,1953,-1,1953,1961,1962,-1,1953,1962,1954,-1,1954,1962,1963,-1,1954,1963,1955,-1,1964,1965,1952,-1,1952,1965,1966,-1,1952,1966,1961,-1,1958,1967,1959,-1,1959,1967,1968,-1,1959,1968,1960,-1,1960,1968,1969,-1,1960,1969,1956,-1,1956,1969,1970,-1,1956,1970,1957,-1,1957,1970,1964,-1,1957,1964,1951,-1,1951,1964,1952,-1,1971,1972,1969,-1,1973,1974,1964,-1,1975,1963,1962,-1,1975,1962,1976,-1,1976,1962,1961,-1,1976,1961,1977,-1,1977,1961,1966,-1,1977,1966,1978,-1,1964,1974,1965,-1,1965,1974,1966,-1,1966,1974,1979,-1,1966,1979,1978,-1,1973,1964,1972,-1,1972,1964,1970,-1,1972,1970,1969,-1,1971,1969,1980,-1,1980,1969,1968,-1,1980,1968,1967,-1,1390,1389,1981,-1,1415,1414,1982,-1,1386,1391,1983,-1,1399,1398,1984,-1,1393,1396,1985,-1,1409,1408,1986,-1,1395,1397,1987,-1,1403,1410,1988,-1,1405,1404,1989,-1,1990,1991,1376,-1,1406,1992,1376,-1,1991,1990,1987,-1,1397,1379,1987,-1,1987,1379,1378,-1,1987,1378,1991,-1,1991,1378,1377,-1,1991,1377,1376,-1,1396,1395,1985,-1,1985,1395,1987,-1,1985,1987,1993,-1,1993,1987,1990,-1,1993,1990,1994,-1,1994,1990,1376,-1,1391,1393,1983,-1,1983,1393,1985,-1,1983,1985,1995,-1,1995,1985,1993,-1,1995,1993,1996,-1,1996,1993,1994,-1,1996,1994,1997,-1,1997,1994,1376,-1,1387,1386,1998,-1,1998,1386,1983,-1,1998,1983,1999,-1,1999,1983,1995,-1,1999,1995,2000,-1,2000,1995,1996,-1,2000,1996,2001,-1,2001,1996,1997,-1,2001,1997,1992,-1,1992,1997,1376,-1,1389,1387,1981,-1,1981,1387,1998,-1,1981,1998,2002,-1,2002,1998,1999,-1,2002,1999,2003,-1,2003,1999,2000,-1,2003,2000,2004,-1,2004,2000,2001,-1,2004,2001,1989,-1,1989,2001,1992,-1,1989,1992,1405,-1,1405,1992,1406,-1,1385,1390,2005,-1,2005,1390,1981,-1,2005,1981,2006,-1,2006,1981,2002,-1,2006,2002,2007,-1,2007,2002,2003,-1,2007,2003,2008,-1,2008,2003,2004,-1,2008,2004,1988,-1,1988,2004,1989,-1,1988,1989,1403,-1,1403,1989,1404,-1,1414,1413,1982,-1,1982,1413,2009,-1,1982,2009,2010,-1,1416,1415,2011,-1,2011,1415,1982,-1,2011,1982,2012,-1,2012,1982,2010,-1,2012,2010,2013,-1,1398,1416,1984,-1,1984,1416,2011,-1,1984,2011,2014,-1,2014,2011,2012,-1,2014,2012,2015,-1,2015,2012,2013,-1,2015,2013,2016,-1,1408,1399,1986,-1,1986,1399,1984,-1,1986,1984,2017,-1,2017,1984,2014,-1,2017,2014,2018,-1,2018,2014,2015,-1,2018,2015,2019,-1,2019,2015,2016,-1,2019,2016,2020,-1,1383,1385,2020,-1,2020,1385,2005,-1,2020,2005,2019,-1,2019,2005,2006,-1,2019,2006,2018,-1,2018,2006,2007,-1,2018,2007,2017,-1,2017,2007,2008,-1,2017,2008,1986,-1,1986,2008,1988,-1,1986,1988,1409,-1,1409,1988,1410,-1,1382,1383,2021,-1,2021,1383,2020,-1,2021,2020,2022,-1,2022,2020,2016,-1,2022,2016,2023,-1,2023,2016,2013,-1,2023,2013,2024,-1,2024,2013,2010,-1,2024,2010,2025,-1,2025,2010,2009,-1,2025,2009,1411,-1,1411,2009,1413,-1,2026,1975,1976,-1,2026,1976,2027,-1,2027,1976,1977,-1,2027,1977,2028,-1,2028,1977,1978,-1,2028,1978,2029,-1,2029,1978,1979,-1,2029,1979,2030,-1,2030,1979,1974,-1,2030,1974,2031,-1,2031,1974,1973,-1,2031,1973,2032,-1,2032,1973,1972,-1,2032,1972,2033,-1,2033,1972,1971,-1,2033,1971,2034,-1,2034,1971,1980,-1,2034,1980,2035,-1,2036,2037,1382,-1,2038,2021,2039,-1,2039,2021,2022,-1,2039,2022,2023,-1,2038,2040,2021,-1,2021,2040,2041,-1,2021,2041,1382,-1,1382,2041,2042,-1,1382,2042,2036,-1,2024,2043,2023,-1,2023,2043,2044,-1,2023,2044,2039,-1,2045,2046,2024,-1,2024,2046,2047,-1,2024,2047,2043,-1,2024,2025,2045,-1,2045,2025,1411,-1,2045,1411,2048,-1,2035,2049,2034,-1,2034,2049,2050,-1,2051,2032,2050,-1,2050,2032,2033,-1,2050,2033,2034,-1,2029,2030,2051,-1,2051,2030,2031,-1,2051,2031,2032,-1,2051,2052,2029,-1,2029,2052,2053,-1,2029,2053,2028,-1,2028,2053,2054,-1,2028,2054,2027,-1,2027,2054,2055,-1,2027,2055,2026,-1,2055,2056,2048,-1,2048,2056,2057,-1,2058,2059,2060,-1,2060,2061,2058,-1,2058,2061,2062,-1,2058,2062,2056,-1,2056,2062,2063,-1,2056,2063,2057,-1,2064,2065,2066,-1,2066,2065,2067,-1,2066,2067,2059,-1,2059,2067,2068,-1,2059,2068,2060,-1,2069,2070,2071,-1,2071,2072,2069,-1,2069,2072,2073,-1,2069,2073,2066,-1,2066,2073,2074,-1,2066,2074,2064,-1,2070,2069,2075,-1,2075,2069,2076,-1,2075,2076,2077,-1,2077,2076,2078,-1,2077,2078,2079,-1,2079,2078,2080,-1,2079,2080,2081,-1,2081,2080,2082,-1,2081,2082,2083,-1,2083,2082,2084,-1,2083,2084,2085,-1,2085,2084,2086,-1,2069,2066,2076,-1,2076,2066,2087,-1,2076,2087,2078,-1,2078,2087,2088,-1,2078,2088,2080,-1,2080,2088,2089,-1,2080,2089,2082,-1,2082,2089,2090,-1,2082,2090,2084,-1,2084,2090,2091,-1,2084,2091,2086,-1,2086,2091,2092,-1,2066,2059,2087,-1,2087,2059,2093,-1,2087,2093,2088,-1,2088,2093,2094,-1,2088,2094,2089,-1,2089,2094,2095,-1,2089,2095,2090,-1,2090,2095,2096,-1,2090,2096,2091,-1,2091,2096,2097,-1,2091,2097,2092,-1,2092,2097,2098,-1,2059,2058,2093,-1,2093,2058,2099,-1,2093,2099,2094,-1,2094,2099,2100,-1,2094,2100,2095,-1,2095,2100,2101,-1,2095,2101,2096,-1,2096,2101,2102,-1,2096,2102,2097,-1,2097,2102,2103,-1,2097,2103,2098,-1,2098,2103,2104,-1,2058,2056,2099,-1,2099,2056,2105,-1,2099,2105,2100,-1,2100,2105,2106,-1,2100,2106,2101,-1,2101,2106,2107,-1,2101,2107,2102,-1,2102,2107,2108,-1,2102,2108,2103,-1,2103,2108,2109,-1,2103,2109,2104,-1,2104,2109,2110,-1,2056,2055,2105,-1,2105,2055,2054,-1,2105,2054,2106,-1,2106,2054,2053,-1,2106,2053,2107,-1,2107,2053,2052,-1,2107,2052,2108,-1,2108,2052,2051,-1,2108,2051,2109,-1,2109,2051,2050,-1,2109,2050,2110,-1,2110,2050,2049,-1,2049,2111,2110,-1,2110,2111,2112,-1,2110,2112,2104,-1,2104,2112,2113,-1,2104,2113,2098,-1,2098,2113,2114,-1,2098,2114,2092,-1,2092,2114,2115,-1,2092,2115,2086,-1,2086,2115,2116,-1,2086,2116,2085,-1,2085,2116,2117,-1,578,625,2118,-1,2119,601,599,-1,2120,2121,2122,-1,2123,2120,2124,-1,606,604,2125,-1,2125,604,2123,-1,2119,599,2126,-1,2126,599,598,-1,2126,598,2127,-1,606,2125,608,-1,608,2125,2128,-1,608,2128,610,-1,610,2128,2129,-1,610,2129,611,-1,598,594,2127,-1,2127,594,596,-1,2127,596,2130,-1,2130,596,597,-1,2130,597,2131,-1,611,2129,613,-1,613,2129,2132,-1,613,2132,615,-1,597,590,2131,-1,2131,590,587,-1,2131,587,2133,-1,615,2132,620,-1,620,2132,2134,-1,620,2134,619,-1,587,585,2133,-1,2133,585,584,-1,2133,584,2135,-1,619,2134,617,-1,617,2134,2136,-1,617,2136,621,-1,621,2136,2137,-1,621,2137,622,-1,584,582,2135,-1,2135,582,580,-1,2135,580,2138,-1,2138,580,574,-1,2138,574,2139,-1,2139,574,577,-1,2139,577,578,-1,578,2140,2139,-1,2139,2140,2141,-1,2139,2141,2138,-1,2138,2141,2142,-1,2138,2142,2135,-1,2135,2142,2143,-1,2135,2143,2133,-1,2133,2143,2144,-1,2133,2144,2131,-1,2131,2144,2145,-1,2131,2145,2130,-1,2130,2145,2146,-1,2130,2146,2127,-1,2127,2146,2147,-1,2127,2147,2126,-1,2126,2147,2148,-1,2126,2148,2119,-1,578,2149,2140,-1,2140,2149,2150,-1,2140,2150,2141,-1,2141,2150,2151,-1,2141,2151,2142,-1,2142,2151,2152,-1,2142,2152,2143,-1,2143,2152,2153,-1,2143,2153,2144,-1,2144,2153,2154,-1,2144,2154,2145,-1,2145,2154,2155,-1,2145,2155,2146,-1,2146,2155,2122,-1,2146,2122,2147,-1,2147,2122,2121,-1,2147,2121,2148,-1,2123,2124,2125,-1,2125,2124,2156,-1,2125,2156,2128,-1,2128,2156,2157,-1,2128,2157,2129,-1,2129,2157,2158,-1,2129,2158,2132,-1,2132,2158,2159,-1,2132,2159,2134,-1,2134,2159,2160,-1,2134,2160,2136,-1,2136,2160,2161,-1,2136,2161,2137,-1,2137,2161,2162,-1,2137,2162,2118,-1,2118,625,2137,-1,2137,625,626,-1,2137,626,622,-1,2162,578,2118,-1,2120,2122,2124,-1,2124,2122,2155,-1,2124,2155,2156,-1,2156,2155,2154,-1,2156,2154,2157,-1,2157,2154,2153,-1,2157,2153,2158,-1,2158,2153,2152,-1,2158,2152,2159,-1,2159,2152,2151,-1,2159,2151,2160,-1,2160,2151,2150,-1,2160,2150,2161,-1,2161,2150,2149,-1,2161,2149,2162,-1,2162,2149,578,-1,2163,601,2119,-1,2163,2119,2164,-1,2164,2119,2148,-1,2164,2148,2165,-1,2165,2148,2121,-1,2165,2121,2166,-1,2120,2167,2121,-1,2121,2167,2168,-1,2121,2168,2166,-1,2123,604,2169,-1,2169,2170,2123,-1,2123,2170,2171,-1,2123,2171,2120,-1,2120,2171,2172,-1,2120,2172,2167,-1,2173,2163,2164,-1,2173,2164,2174,-1,2174,2164,2165,-1,2174,2165,2175,-1,2175,2165,2166,-1,2175,2166,2176,-1,2176,2166,2177,-1,2177,2166,2168,-1,2177,2168,2178,-1,2168,2167,2178,-1,2178,2167,2172,-1,2178,2172,2179,-1,2179,2172,2180,-1,2170,2169,2181,-1,2172,2171,2180,-1,2180,2171,2170,-1,2180,2170,2182,-1,2182,2170,2181,-1,2181,648,2182,-1,2182,648,2183,-1,2182,2183,2180,-1,2180,2183,2179,-1,2179,2183,2184,-1,2179,2184,2178,-1,2178,2184,2177,-1,2177,2184,2185,-1,2177,2185,2176,-1,2176,2185,2186,-1,2176,2186,2175,-1,2175,2186,2187,-1,2175,2187,2174,-1,2174,2187,672,-1,2174,672,2173,-1,637,653,2188,-1,2183,648,649,-1,2186,2185,2189,-1,2187,2186,2190,-1,670,672,2191,-1,2191,672,2187,-1,2183,649,2192,-1,2192,649,650,-1,2192,650,2193,-1,670,2191,665,-1,665,2191,2194,-1,665,2194,666,-1,666,2194,2195,-1,666,2195,668,-1,650,651,2193,-1,2193,651,647,-1,2193,647,2196,-1,2196,647,646,-1,2196,646,2197,-1,668,2195,669,-1,669,2195,2198,-1,669,2198,663,-1,646,645,2197,-1,2197,645,644,-1,2197,644,2199,-1,663,2198,664,-1,664,2198,2200,-1,664,2200,660,-1,644,643,2199,-1,2199,643,642,-1,2199,642,2201,-1,660,2200,661,-1,661,2200,2202,-1,661,2202,658,-1,658,2202,2203,-1,658,2203,656,-1,642,641,2201,-1,2201,641,640,-1,2201,640,2204,-1,2204,640,639,-1,2204,639,2205,-1,2205,639,638,-1,2205,638,637,-1,637,2206,2205,-1,2205,2206,2207,-1,2205,2207,2204,-1,2204,2207,2208,-1,2204,2208,2201,-1,2201,2208,2209,-1,2201,2209,2199,-1,2199,2209,2210,-1,2199,2210,2197,-1,2197,2210,2211,-1,2197,2211,2196,-1,2196,2211,2212,-1,2196,2212,2193,-1,2193,2212,2213,-1,2193,2213,2192,-1,2192,2213,2184,-1,2192,2184,2183,-1,637,2214,2206,-1,2206,2214,2215,-1,2206,2215,2207,-1,2207,2215,2216,-1,2207,2216,2208,-1,2208,2216,2217,-1,2208,2217,2209,-1,2209,2217,2218,-1,2209,2218,2210,-1,2210,2218,2219,-1,2210,2219,2211,-1,2211,2219,2220,-1,2211,2220,2212,-1,2212,2220,2189,-1,2212,2189,2213,-1,2213,2189,2185,-1,2213,2185,2184,-1,2187,2190,2191,-1,2191,2190,2221,-1,2191,2221,2194,-1,2194,2221,2222,-1,2194,2222,2195,-1,2195,2222,2223,-1,2195,2223,2198,-1,2198,2223,2224,-1,2198,2224,2200,-1,2200,2224,2225,-1,2200,2225,2202,-1,2202,2225,2226,-1,2202,2226,2203,-1,2203,2226,2227,-1,2203,2227,2188,-1,2188,653,2203,-1,2203,653,655,-1,2203,655,656,-1,2227,637,2188,-1,2186,2189,2190,-1,2190,2189,2220,-1,2190,2220,2221,-1,2221,2220,2219,-1,2221,2219,2222,-1,2222,2219,2218,-1,2222,2218,2223,-1,2223,2218,2217,-1,2223,2217,2224,-1,2224,2217,2216,-1,2224,2216,2225,-1,2225,2216,2215,-1,2225,2215,2226,-1,2226,2215,2214,-1,2226,2214,2227,-1,2227,2214,637,-1,524,547,2228,-1,2229,504,506,-1,2230,2231,2229,-1,2232,2233,2234,-1,2235,2236,2237,-1,2237,2236,2238,-1,2239,2240,2241,-1,2241,2240,2235,-1,2242,2243,2244,-1,2244,2243,2239,-1,2229,506,2230,-1,2230,506,508,-1,2230,508,2245,-1,526,2242,528,-1,528,2242,2244,-1,528,2244,530,-1,530,2244,2246,-1,530,2246,532,-1,532,2246,2247,-1,532,2247,533,-1,508,511,2245,-1,2245,511,510,-1,2245,510,2248,-1,2248,510,514,-1,2248,514,2249,-1,533,2247,535,-1,535,2247,2250,-1,535,2250,537,-1,514,513,2249,-1,2249,513,519,-1,2249,519,2251,-1,537,2250,542,-1,542,2250,2252,-1,542,2252,541,-1,519,518,2251,-1,2251,518,516,-1,2251,516,2253,-1,541,2252,539,-1,539,2252,2254,-1,539,2254,543,-1,543,2254,2255,-1,543,2255,544,-1,516,515,2253,-1,2253,515,520,-1,2253,520,2256,-1,2256,520,522,-1,2256,522,2257,-1,2257,522,523,-1,2257,523,524,-1,524,2258,2257,-1,2257,2258,2259,-1,2257,2259,2256,-1,2256,2259,2260,-1,2256,2260,2253,-1,2253,2260,2261,-1,2253,2261,2251,-1,2251,2261,2262,-1,2251,2262,2249,-1,2249,2262,2263,-1,2249,2263,2248,-1,2248,2263,2264,-1,2248,2264,2245,-1,2245,2264,2232,-1,2245,2232,2230,-1,2230,2232,2234,-1,2230,2234,2231,-1,524,2265,2258,-1,2258,2265,2266,-1,2258,2266,2259,-1,2259,2266,2267,-1,2259,2267,2260,-1,2260,2267,2268,-1,2260,2268,2261,-1,2261,2268,2269,-1,2261,2269,2262,-1,2262,2269,2270,-1,2262,2270,2263,-1,2263,2270,2271,-1,2263,2271,2264,-1,2264,2271,2237,-1,2264,2237,2232,-1,2232,2237,2238,-1,2232,2238,2233,-1,2239,2241,2244,-1,2244,2241,2272,-1,2244,2272,2246,-1,2246,2272,2273,-1,2246,2273,2247,-1,2247,2273,2274,-1,2247,2274,2250,-1,2250,2274,2275,-1,2250,2275,2252,-1,2252,2275,2276,-1,2252,2276,2254,-1,2254,2276,2277,-1,2254,2277,2255,-1,2255,2277,2278,-1,2255,2278,2228,-1,2228,547,2255,-1,2255,547,548,-1,2255,548,544,-1,2278,524,2228,-1,2235,2237,2241,-1,2241,2237,2271,-1,2241,2271,2272,-1,2272,2271,2270,-1,2272,2270,2273,-1,2273,2270,2269,-1,2273,2269,2274,-1,2274,2269,2268,-1,2274,2268,2275,-1,2275,2268,2267,-1,2275,2267,2276,-1,2276,2267,2266,-1,2276,2266,2277,-1,2277,2266,2265,-1,2277,2265,2278,-1,2278,2265,524,-1,2279,504,2229,-1,2280,2281,2229,-1,2229,2281,2282,-1,2229,2282,2279,-1,2242,526,2283,-1,2229,2231,2280,-1,2280,2231,2234,-1,2280,2234,2284,-1,2284,2234,2233,-1,2284,2233,2285,-1,2285,2233,2238,-1,2285,2238,2286,-1,2286,2238,2236,-1,2286,2236,2287,-1,2287,2236,2235,-1,2287,2235,2288,-1,2288,2235,2240,-1,2288,2240,2289,-1,2289,2240,2239,-1,2289,2239,2290,-1,2290,2239,2243,-1,2290,2243,2291,-1,2291,2243,2242,-1,2291,2242,2292,-1,2292,2242,2283,-1,2293,2279,2282,-1,2293,2282,2294,-1,2282,2281,2294,-1,2294,2281,2280,-1,2294,2280,2295,-1,2280,2284,2295,-1,2295,2284,2285,-1,2295,2285,2296,-1,2296,2285,2286,-1,2296,2286,2287,-1,2288,2289,2297,-1,2297,2289,2290,-1,2297,2290,2298,-1,2297,2299,2288,-1,2288,2299,2300,-1,2288,2300,2287,-1,2287,2300,2301,-1,2287,2301,2296,-1,2283,2302,2292,-1,2292,2302,2298,-1,2292,2298,2291,-1,2291,2298,2290,-1,2302,570,2298,-1,2298,570,2303,-1,2298,2303,2297,-1,2297,2303,2299,-1,2299,2303,2304,-1,2299,2304,2300,-1,2300,2304,2301,-1,2301,2304,2305,-1,2301,2305,2296,-1,2296,2305,2306,-1,2296,2306,2295,-1,2295,2306,2307,-1,2295,2307,2294,-1,2294,2307,602,-1,2294,602,2293,-1,559,576,2308,-1,2303,570,571,-1,2306,2305,2309,-1,2307,2306,2310,-1,600,602,2311,-1,2311,602,2307,-1,2303,571,2312,-1,2312,571,572,-1,2312,572,2313,-1,600,2311,592,-1,592,2311,2314,-1,592,2314,593,-1,593,2314,2315,-1,593,2315,595,-1,572,573,2313,-1,2313,573,569,-1,2313,569,2316,-1,2316,569,568,-1,2316,568,2317,-1,595,2315,591,-1,591,2315,2318,-1,591,2318,589,-1,568,567,2317,-1,2317,567,566,-1,2317,566,2319,-1,589,2318,588,-1,588,2318,2320,-1,588,2320,586,-1,566,565,2319,-1,2319,565,564,-1,2319,564,2321,-1,586,2320,583,-1,583,2320,2322,-1,583,2322,581,-1,581,2322,2323,-1,581,2323,579,-1,564,563,2321,-1,2321,563,562,-1,2321,562,2324,-1,2324,562,561,-1,2324,561,2325,-1,2325,561,560,-1,2325,560,559,-1,559,2326,2325,-1,2325,2326,2327,-1,2325,2327,2324,-1,2324,2327,2328,-1,2324,2328,2321,-1,2321,2328,2329,-1,2321,2329,2319,-1,2319,2329,2330,-1,2319,2330,2317,-1,2317,2330,2331,-1,2317,2331,2316,-1,2316,2331,2332,-1,2316,2332,2313,-1,2313,2332,2333,-1,2313,2333,2312,-1,2312,2333,2304,-1,2312,2304,2303,-1,559,2334,2326,-1,2326,2334,2335,-1,2326,2335,2327,-1,2327,2335,2336,-1,2327,2336,2328,-1,2328,2336,2337,-1,2328,2337,2329,-1,2329,2337,2338,-1,2329,2338,2330,-1,2330,2338,2339,-1,2330,2339,2331,-1,2331,2339,2340,-1,2331,2340,2332,-1,2332,2340,2309,-1,2332,2309,2333,-1,2333,2309,2305,-1,2333,2305,2304,-1,2307,2310,2311,-1,2311,2310,2341,-1,2311,2341,2314,-1,2314,2341,2342,-1,2314,2342,2315,-1,2315,2342,2343,-1,2315,2343,2318,-1,2318,2343,2344,-1,2318,2344,2320,-1,2320,2344,2345,-1,2320,2345,2322,-1,2322,2345,2346,-1,2322,2346,2323,-1,2323,2346,2347,-1,2323,2347,2308,-1,2308,576,2323,-1,2323,576,575,-1,2323,575,579,-1,2347,559,2308,-1,2306,2309,2310,-1,2310,2309,2340,-1,2310,2340,2341,-1,2341,2340,2339,-1,2341,2339,2342,-1,2342,2339,2338,-1,2342,2338,2343,-1,2343,2338,2337,-1,2343,2337,2344,-1,2344,2337,2336,-1,2344,2336,2345,-1,2345,2336,2335,-1,2345,2335,2346,-1,2346,2335,2334,-1,2346,2334,2347,-1,2347,2334,559,-1,2348,2349,2350,-1,2350,2349,2351,-1,2350,2351,2352,-1,2352,2351,2353,-1,2352,2353,2354,-1,2353,2355,2354,-1,2354,2355,2356,-1,2354,2356,2357,-1,2357,2356,2358,-1,2356,2359,2358,-1,2358,2359,2360,-1,2358,2360,2361,-1,2361,2360,2362,-1,2361,2362,2363,-1,2363,2362,2364,-1,2363,2364,2365,-1,2365,2364,2366,-1,2365,2366,2367,-1,2368,2369,2348,-1,2348,2369,2370,-1,2348,2370,2371,-1,2348,2350,2368,-1,2368,2350,2352,-1,2368,2352,2372,-1,2372,2352,2373,-1,2352,2354,2373,-1,2373,2354,2357,-1,2373,2357,2374,-1,2374,2357,2375,-1,2361,2363,2376,-1,2357,2358,2375,-1,2375,2358,2361,-1,2375,2361,2377,-1,2377,2361,2376,-1,2365,2367,2378,-1,2378,2379,2365,-1,2365,2379,2380,-1,2365,2380,2363,-1,2363,2380,2381,-1,2363,2381,2376,-1,2364,2362,2382,-1,2382,2383,2364,-1,2364,2383,2384,-1,2364,2384,2366,-1,2366,2384,2385,-1,2366,2385,2386,-1,2387,2388,2360,-1,2360,2388,2389,-1,2360,2389,2362,-1,2362,2389,2390,-1,2362,2390,2382,-1,2360,2359,2387,-1,2387,2359,2356,-1,2387,2356,2391,-1,2391,2356,2392,-1,2393,2353,2394,-1,2394,2353,2351,-1,2394,2351,2349,-1,2356,2355,2392,-1,2392,2355,2353,-1,2392,2353,2395,-1,2395,2353,2393,-1,2394,2371,2393,-1,2393,2371,2370,-1,2393,2370,2395,-1,2395,2370,2369,-1,2395,2369,2392,-1,2392,2369,2368,-1,2392,2368,2391,-1,2368,2372,2391,-1,2391,2372,2373,-1,2391,2373,2387,-1,2387,2373,2374,-1,2387,2374,2388,-1,2377,2390,2389,-1,2388,2374,2389,-1,2389,2374,2375,-1,2389,2375,2377,-1,2381,2383,2382,-1,2390,2377,2382,-1,2382,2377,2376,-1,2382,2376,2381,-1,2380,2385,2381,-1,2381,2385,2384,-1,2381,2384,2383,-1,2380,2379,2385,-1,2385,2379,2378,-1,2385,2378,2386,-1,2038,2396,2397,-1,2398,2037,2036,-1,2399,2400,2401,-1,2402,2399,2403,-1,2072,2402,2073,-1,2073,2402,2404,-1,2073,2404,2074,-1,2074,2404,2405,-1,2074,2405,2064,-1,2064,2405,2406,-1,2064,2406,2065,-1,2398,2036,2407,-1,2407,2036,2042,-1,2407,2042,2408,-1,2408,2042,2041,-1,2408,2041,2397,-1,2397,2041,2040,-1,2397,2040,2038,-1,2065,2406,2067,-1,2067,2406,2409,-1,2067,2409,2068,-1,2038,2039,2396,-1,2396,2039,2044,-1,2396,2044,2410,-1,2411,2061,2409,-1,2409,2061,2060,-1,2409,2060,2068,-1,2046,2412,2047,-1,2047,2412,2410,-1,2047,2410,2043,-1,2043,2410,2044,-1,2048,2413,2412,-1,2412,2413,2414,-1,2412,2414,2410,-1,2410,2414,2415,-1,2410,2415,2396,-1,2396,2415,2416,-1,2396,2416,2397,-1,2397,2416,2417,-1,2397,2417,2408,-1,2408,2417,2418,-1,2408,2418,2407,-1,2407,2418,2419,-1,2407,2419,2398,-1,2048,2420,2413,-1,2413,2420,2421,-1,2413,2421,2414,-1,2414,2421,2422,-1,2414,2422,2415,-1,2415,2422,2423,-1,2415,2423,2416,-1,2416,2423,2424,-1,2416,2424,2417,-1,2417,2424,2401,-1,2417,2401,2418,-1,2418,2401,2400,-1,2418,2400,2419,-1,2046,2045,2412,-1,2412,2045,2048,-1,2048,2057,2425,-1,2425,2057,2063,-1,2425,2063,2411,-1,2411,2063,2062,-1,2411,2062,2061,-1,2402,2403,2404,-1,2404,2403,2426,-1,2404,2426,2405,-1,2405,2426,2427,-1,2405,2427,2406,-1,2406,2427,2428,-1,2406,2428,2409,-1,2409,2428,2429,-1,2409,2429,2411,-1,2411,2429,2430,-1,2411,2430,2425,-1,2425,2430,2048,-1,2399,2401,2403,-1,2403,2401,2424,-1,2403,2424,2426,-1,2426,2424,2423,-1,2426,2423,2427,-1,2427,2423,2422,-1,2427,2422,2428,-1,2428,2422,2421,-1,2428,2421,2429,-1,2429,2421,2420,-1,2429,2420,2430,-1,2430,2420,2048,-1,2072,2071,2402,-1,2402,2071,2431,-1,2402,2431,2399,-1,2399,2431,2432,-1,2399,2432,2400,-1,2400,2432,2433,-1,2400,2433,2419,-1,2419,2433,2434,-1,2419,2434,2398,-1,2398,2434,2435,-1,2398,2435,2037,-1,2037,2435,2436,-1,29,2436,2435,-1,29,2435,2437,-1,2437,2435,2434,-1,2437,2434,2438,-1,2438,2434,2433,-1,2438,2433,2439,-1,2439,2433,2432,-1,2439,2432,2440,-1,2440,2432,2431,-1,2440,2431,2441,-1,2441,2431,2071,-1,2441,2071,2442,-1,40,38,2443,-1,2443,38,2444,-1,2443,2444,2445,-1,2445,2444,2446,-1,2445,2446,2447,-1,2447,2446,2448,-1,2447,2448,2449,-1,2449,2448,2450,-1,2449,2450,2451,-1,2451,2450,2452,-1,2451,2452,2453,-1,2453,2452,2454,-1,38,36,2444,-1,2444,36,2455,-1,2444,2455,2446,-1,2446,2455,2456,-1,2446,2456,2448,-1,2448,2456,2457,-1,2448,2457,2450,-1,2450,2457,2458,-1,2450,2458,2452,-1,2452,2458,2459,-1,2452,2459,2454,-1,2454,2459,2460,-1,36,34,2455,-1,2455,34,2461,-1,2455,2461,2456,-1,2456,2461,2462,-1,2456,2462,2457,-1,2457,2462,2463,-1,2457,2463,2458,-1,2458,2463,2464,-1,2458,2464,2459,-1,2459,2464,2465,-1,2459,2465,2460,-1,2460,2465,2466,-1,34,32,2461,-1,2461,32,2467,-1,2461,2467,2462,-1,2462,2467,2468,-1,2462,2468,2463,-1,2463,2468,2469,-1,2463,2469,2464,-1,2464,2469,2470,-1,2464,2470,2465,-1,2465,2470,2471,-1,2465,2471,2466,-1,2466,2471,2472,-1,32,30,2467,-1,2467,30,2473,-1,2467,2473,2468,-1,2468,2473,2474,-1,2468,2474,2469,-1,2469,2474,2475,-1,2469,2475,2470,-1,2470,2475,2476,-1,2470,2476,2471,-1,2471,2476,2477,-1,2471,2477,2472,-1,2472,2477,2478,-1,30,29,2473,-1,2473,29,2437,-1,2473,2437,2474,-1,2474,2437,2438,-1,2474,2438,2475,-1,2475,2438,2439,-1,2475,2439,2476,-1,2476,2439,2440,-1,2476,2440,2477,-1,2477,2440,2441,-1,2477,2441,2478,-1,2478,2441,2442,-1,13,40,2443,-1,13,2443,2479,-1,2479,2443,2445,-1,2479,2445,2480,-1,2480,2445,2447,-1,2480,2447,2481,-1,2481,2447,2449,-1,2481,2449,2482,-1,2482,2449,2451,-1,2482,2451,2483,-1,2483,2451,2453,-1,2483,2453,2484,-1,0,3,2485,-1,2485,3,2486,-1,2485,2486,2487,-1,2487,2486,2488,-1,2487,2488,2489,-1,2489,2488,2490,-1,2489,2490,2491,-1,2491,2490,2492,-1,2491,2492,2493,-1,2493,2492,2494,-1,2493,2494,2495,-1,2495,2494,2496,-1,3,5,2486,-1,2486,5,2497,-1,2486,2497,2488,-1,2488,2497,2498,-1,2488,2498,2490,-1,2490,2498,2499,-1,2490,2499,2492,-1,2492,2499,2500,-1,2492,2500,2494,-1,2494,2500,2501,-1,2494,2501,2496,-1,2496,2501,2502,-1,5,7,2497,-1,2497,7,2503,-1,2497,2503,2498,-1,2498,2503,2504,-1,2498,2504,2499,-1,2499,2504,2505,-1,2499,2505,2500,-1,2500,2505,2506,-1,2500,2506,2501,-1,2501,2506,2507,-1,2501,2507,2502,-1,2502,2507,2508,-1,7,9,2503,-1,2503,9,2509,-1,2503,2509,2504,-1,2504,2509,2510,-1,2504,2510,2505,-1,2505,2510,2511,-1,2505,2511,2506,-1,2506,2511,2512,-1,2506,2512,2507,-1,2507,2512,2513,-1,2507,2513,2508,-1,2508,2513,2514,-1,9,11,2509,-1,2509,11,2515,-1,2509,2515,2510,-1,2510,2515,2516,-1,2510,2516,2511,-1,2511,2516,2517,-1,2511,2517,2512,-1,2512,2517,2518,-1,2512,2518,2513,-1,2513,2518,2519,-1,2513,2519,2514,-1,2514,2519,2520,-1,11,13,2515,-1,2515,13,2479,-1,2515,2479,2516,-1,2516,2479,2480,-1,2516,2480,2517,-1,2517,2480,2481,-1,2517,2481,2518,-1,2518,2481,2482,-1,2518,2482,2519,-1,2519,2482,2483,-1,2519,2483,2520,-1,2520,2483,2484,-1,0,2485,2521,-1,2521,2485,2522,-1,2487,2489,2523,-1,2523,2524,2487,-1,2487,2524,2525,-1,2487,2525,2485,-1,2485,2525,2526,-1,2485,2526,2522,-1,2527,2528,2491,-1,2491,2528,2529,-1,2491,2529,2489,-1,2489,2529,2530,-1,2489,2530,2523,-1,2495,2531,2493,-1,2493,2531,2532,-1,2532,2533,2493,-1,2493,2533,2534,-1,2493,2534,2491,-1,2491,2534,2535,-1,2491,2535,2527,-1,2536,2537,2538,-1,2538,2537,2539,-1,2538,2539,2540,-1,2541,2542,2543,-1,2543,2542,2544,-1,2543,2544,2539,-1,2539,2544,2545,-1,2539,2545,2540,-1,2546,2547,2543,-1,2543,2547,2548,-1,2543,2548,2541,-1,2549,2550,2546,-1,2546,2550,2551,-1,2546,2551,2547,-1,2552,2553,2549,-1,2549,2553,2554,-1,2549,2554,2550,-1,2549,2555,2552,-1,2552,2555,2556,-1,2552,2556,2521,-1,2557,2556,2558,-1,2557,2558,2559,-1,2559,2558,2560,-1,2559,2560,2561,-1,2561,2560,2562,-1,2561,2562,2563,-1,2564,2565,2562,-1,2562,2565,2566,-1,2562,2566,2563,-1,2567,2568,2569,-1,2569,2570,2567,-1,2567,2570,2571,-1,2567,2571,2564,-1,2564,2571,2572,-1,2564,2572,2565,-1,2573,2557,2559,-1,2573,2559,2574,-1,2574,2559,2561,-1,2574,2561,2575,-1,2575,2561,2563,-1,2575,2563,2576,-1,2576,2563,2577,-1,2577,2563,2566,-1,2577,2566,2578,-1,2566,2565,2578,-1,2578,2565,2572,-1,2578,2572,2579,-1,2579,2572,2580,-1,2570,2569,2581,-1,2572,2571,2580,-1,2580,2571,2570,-1,2580,2570,2582,-1,2582,2570,2581,-1,2581,2583,2582,-1,2582,2583,2584,-1,2582,2584,2580,-1,2580,2584,2579,-1,2579,2584,2585,-1,2579,2585,2578,-1,2578,2585,2577,-1,2577,2585,2586,-1,2577,2586,2576,-1,2576,2586,2587,-1,2576,2587,2575,-1,2575,2587,2588,-1,2575,2588,2574,-1,2574,2588,2589,-1,2574,2589,2573,-1,2590,2591,2592,-1,2590,2592,2593,-1,2593,2592,2594,-1,2593,2594,2595,-1,2595,2594,2596,-1,2595,2596,2597,-1,2597,2596,2598,-1,2597,2598,2599,-1,2599,2598,2600,-1,2599,2600,2601,-1,2601,2600,2602,-1,2601,2602,2589,-1,2603,2602,2604,-1,2603,2604,2605,-1,2605,2604,2606,-1,2605,2606,2607,-1,2607,2606,2608,-1,2607,2608,2609,-1,2610,2611,2608,-1,2608,2611,2612,-1,2608,2612,2609,-1,2613,2614,2615,-1,2615,2616,2613,-1,2613,2616,2617,-1,2613,2617,2610,-1,2610,2617,2618,-1,2610,2618,2611,-1,2619,2603,2605,-1,2619,2605,2620,-1,2620,2605,2607,-1,2620,2607,2621,-1,2621,2607,2609,-1,2621,2609,2622,-1,2622,2609,2623,-1,2623,2609,2612,-1,2623,2612,2624,-1,2624,2612,2611,-1,2624,2611,2625,-1,2625,2611,2618,-1,2625,2618,2626,-1,2616,2615,2627,-1,2618,2617,2626,-1,2626,2617,2616,-1,2626,2616,2628,-1,2628,2616,2627,-1,2627,2629,2628,-1,2628,2629,2630,-1,2628,2630,2626,-1,2626,2630,2625,-1,2625,2630,2631,-1,2625,2631,2624,-1,2624,2631,2623,-1,2623,2631,2632,-1,2623,2632,2622,-1,2622,2632,2633,-1,2622,2633,2621,-1,2621,2633,2634,-1,2621,2634,2620,-1,2620,2634,2635,-1,2620,2635,2619,-1,2636,2637,2638,-1,2636,2638,2639,-1,2639,2638,2640,-1,2639,2640,2641,-1,2641,2640,2642,-1,2641,2642,2643,-1,2643,2642,2644,-1,2643,2644,2645,-1,2645,2644,2646,-1,2645,2646,2647,-1,2647,2646,2648,-1,2647,2648,2635,-1,2649,2648,2650,-1,2649,2650,2651,-1,2651,2650,2652,-1,2651,2652,2653,-1,2653,2652,2654,-1,2653,2654,2655,-1,2656,2657,2654,-1,2654,2657,2658,-1,2654,2658,2655,-1,2659,2660,2661,-1,2661,2662,2659,-1,2659,2662,2663,-1,2659,2663,2656,-1,2656,2663,2664,-1,2656,2664,2657,-1,2655,2665,2653,-1,2653,2665,2666,-1,2653,2666,2651,-1,2651,2666,2667,-1,2651,2667,2649,-1,2661,2668,2662,-1,2662,2668,2669,-1,2662,2669,2663,-1,2663,2669,2670,-1,2663,2670,2664,-1,2664,2670,2671,-1,2664,2671,2657,-1,2657,2671,2672,-1,2657,2672,2658,-1,2658,2672,2673,-1,2658,2673,2655,-1,2655,2673,2674,-1,2655,2674,2665,-1,2668,2675,2669,-1,2669,2675,2676,-1,2669,2676,2670,-1,2670,2676,2671,-1,2671,2676,2677,-1,2671,2677,2672,-1,2672,2677,2673,-1,2673,2677,2678,-1,2673,2678,2674,-1,2674,2678,2679,-1,2674,2679,2665,-1,2665,2679,2680,-1,2665,2680,2666,-1,2666,2680,2681,-1,2666,2681,2667,-1,2682,2683,2684,-1,2682,2684,2685,-1,2685,2684,2686,-1,2685,2686,2687,-1,2687,2686,2688,-1,2687,2688,2689,-1,2689,2688,2690,-1,2689,2690,2691,-1,2691,2690,2692,-1,2691,2692,2693,-1,2693,2692,2694,-1,2693,2694,2681,-1,2695,2694,2696,-1,2695,2696,2697,-1,2697,2696,2698,-1,2697,2698,2699,-1,2699,2698,2700,-1,2699,2700,2701,-1,2702,2703,2700,-1,2700,2703,2704,-1,2700,2704,2701,-1,2705,2706,2707,-1,2707,2708,2705,-1,2705,2708,2709,-1,2705,2709,2702,-1,2702,2709,2710,-1,2702,2710,2703,-1,2711,2695,2697,-1,2711,2697,2712,-1,2712,2697,2699,-1,2712,2699,2713,-1,2713,2699,2701,-1,2713,2701,2714,-1,2714,2701,2715,-1,2715,2701,2704,-1,2715,2704,2716,-1,2716,2704,2703,-1,2716,2703,2717,-1,2717,2703,2710,-1,2717,2710,2718,-1,2708,2707,2719,-1,2710,2709,2718,-1,2718,2709,2708,-1,2718,2708,2720,-1,2720,2708,2719,-1,2719,2721,2720,-1,2720,2721,2722,-1,2720,2722,2718,-1,2718,2722,2717,-1,2717,2722,2723,-1,2717,2723,2716,-1,2716,2723,2715,-1,2715,2723,2724,-1,2715,2724,2714,-1,2714,2724,2725,-1,2714,2725,2713,-1,2713,2725,2726,-1,2713,2726,2712,-1,2712,2726,2727,-1,2712,2727,2711,-1,2728,2729,2730,-1,2728,2730,2731,-1,2731,2730,2732,-1,2731,2732,2733,-1,2733,2732,2734,-1,2733,2734,2735,-1,2735,2734,2736,-1,2735,2736,2737,-1,2737,2736,2738,-1,2737,2738,2739,-1,2739,2738,2740,-1,2739,2740,2727,-1,2741,2740,2742,-1,2741,2742,2743,-1,2743,2742,2744,-1,2743,2744,2745,-1,2745,2744,2746,-1,2745,2746,2747,-1,2748,2749,2746,-1,2746,2749,2750,-1,2746,2750,2747,-1,2751,2752,2753,-1,2753,2754,2751,-1,2751,2754,2755,-1,2751,2755,2748,-1,2748,2755,2756,-1,2748,2756,2749,-1,2757,2758,2750,-1,2750,2758,2759,-1,2750,2759,2747,-1,2747,2759,2760,-1,2747,2760,2745,-1,2745,2760,2761,-1,2745,2761,2743,-1,2743,2761,2762,-1,2743,2762,2741,-1,2750,2749,2757,-1,2757,2749,2756,-1,2757,2756,2763,-1,2763,2756,2764,-1,2754,2753,2765,-1,2756,2755,2764,-1,2764,2755,2754,-1,2764,2754,2766,-1,2766,2754,2765,-1,2765,2767,2766,-1,2766,2767,2768,-1,2766,2768,2764,-1,2764,2768,2763,-1,2763,2768,2769,-1,2763,2769,2757,-1,2757,2769,2758,-1,2758,2769,2770,-1,2758,2770,2759,-1,2759,2770,2771,-1,2759,2771,2760,-1,2760,2771,2772,-1,2760,2772,2761,-1,2761,2772,2773,-1,2761,2773,2762,-1,2774,2775,2776,-1,2774,2776,2777,-1,2777,2776,2778,-1,2777,2778,2779,-1,2779,2778,2780,-1,2779,2780,2781,-1,2781,2780,2782,-1,2781,2782,2783,-1,2783,2782,2784,-1,2783,2784,2785,-1,2785,2784,2786,-1,2785,2786,2773,-1,2787,2786,2788,-1,2787,2788,2789,-1,2789,2788,2790,-1,2789,2790,2791,-1,2791,2790,2792,-1,2791,2792,2793,-1,2794,2795,2792,-1,2792,2795,2796,-1,2792,2796,2793,-1,2797,2798,2799,-1,2799,2800,2797,-1,2797,2800,2801,-1,2797,2801,2794,-1,2794,2801,2802,-1,2794,2802,2795,-1,2793,2803,2791,-1,2791,2803,2804,-1,2791,2804,2789,-1,2789,2804,2805,-1,2789,2805,2787,-1,2799,2806,2800,-1,2800,2806,2807,-1,2800,2807,2801,-1,2801,2807,2808,-1,2801,2808,2802,-1,2802,2808,2809,-1,2802,2809,2795,-1,2795,2809,2810,-1,2795,2810,2796,-1,2796,2810,2811,-1,2796,2811,2793,-1,2793,2811,2812,-1,2793,2812,2803,-1,2806,2813,2807,-1,2807,2813,2814,-1,2807,2814,2808,-1,2808,2814,2809,-1,2809,2814,2815,-1,2809,2815,2810,-1,2810,2815,2811,-1,2811,2815,2816,-1,2811,2816,2812,-1,2812,2816,2817,-1,2812,2817,2803,-1,2803,2817,2818,-1,2803,2818,2804,-1,2804,2818,2819,-1,2804,2819,2805,-1,2820,2821,2822,-1,2820,2822,2823,-1,2823,2822,2824,-1,2823,2824,2825,-1,2825,2824,2826,-1,2825,2826,2827,-1,2827,2826,2828,-1,2827,2828,2829,-1,2829,2828,2830,-1,2829,2830,2831,-1,2831,2830,2832,-1,2831,2832,2819,-1,2833,2832,2834,-1,2833,2834,2835,-1,2835,2834,2836,-1,2835,2836,2837,-1,2837,2836,2838,-1,2837,2838,2839,-1,2840,2841,2838,-1,2838,2841,2842,-1,2838,2842,2839,-1,2843,2844,2845,-1,2845,2846,2843,-1,2843,2846,2847,-1,2843,2847,2840,-1,2840,2847,2848,-1,2840,2848,2841,-1,2842,2849,2839,-1,2839,2849,2850,-1,2839,2850,2837,-1,2837,2850,2851,-1,2837,2851,2835,-1,2835,2851,2852,-1,2835,2852,2833,-1,2845,2853,2846,-1,2846,2853,2854,-1,2846,2854,2847,-1,2847,2854,2855,-1,2847,2855,2848,-1,2848,2855,2856,-1,2848,2856,2841,-1,2841,2856,2857,-1,2841,2857,2842,-1,2842,2857,2858,-1,2842,2858,2849,-1,2853,2859,2854,-1,2854,2859,2860,-1,2854,2860,2855,-1,2855,2860,2856,-1,2856,2860,2861,-1,2856,2861,2857,-1,2857,2861,2858,-1,2858,2861,2862,-1,2858,2862,2849,-1,2849,2862,2863,-1,2849,2863,2850,-1,2850,2863,2864,-1,2850,2864,2851,-1,2851,2864,2865,-1,2851,2865,2852,-1,2866,2867,2868,-1,2866,2868,2869,-1,2869,2868,2870,-1,2869,2870,2871,-1,2871,2870,2872,-1,2871,2872,2873,-1,2873,2872,2874,-1,2873,2874,2875,-1,2875,2874,2876,-1,2875,2876,2877,-1,2877,2876,2878,-1,2877,2878,2865,-1,2879,2878,2880,-1,2879,2880,2881,-1,2881,2880,2882,-1,2881,2882,2883,-1,2883,2882,2884,-1,2883,2884,2885,-1,2886,2887,2884,-1,2884,2887,2888,-1,2884,2888,2885,-1,2889,2890,2891,-1,2891,2892,2889,-1,2889,2892,2893,-1,2889,2893,2886,-1,2886,2893,2894,-1,2886,2894,2887,-1,2895,2879,2881,-1,2895,2881,2896,-1,2896,2881,2883,-1,2896,2883,2897,-1,2897,2883,2885,-1,2897,2885,2898,-1,2898,2885,2899,-1,2899,2885,2888,-1,2899,2888,2900,-1,2900,2888,2887,-1,2900,2887,2901,-1,2901,2887,2894,-1,2901,2894,2902,-1,2892,2891,2903,-1,2894,2893,2902,-1,2902,2893,2892,-1,2902,2892,2904,-1,2904,2892,2903,-1,2903,2905,2904,-1,2904,2905,2906,-1,2904,2906,2902,-1,2902,2906,2901,-1,2901,2906,2907,-1,2901,2907,2900,-1,2900,2907,2899,-1,2899,2907,2908,-1,2899,2908,2898,-1,2898,2908,2909,-1,2898,2909,2897,-1,2897,2909,2910,-1,2897,2910,2896,-1,2896,2910,2911,-1,2896,2911,2895,-1,2912,2913,2914,-1,2912,2914,2915,-1,2915,2914,2916,-1,2915,2916,2917,-1,2917,2916,2918,-1,2917,2918,2919,-1,2919,2918,2920,-1,2919,2920,2921,-1,2921,2920,2922,-1,2921,2922,2923,-1,2923,2922,2924,-1,2923,2924,2911,-1,2925,2924,2926,-1,2925,2926,2927,-1,2927,2926,2928,-1,2927,2928,2929,-1,2929,2928,2930,-1,2929,2930,2931,-1,2932,2933,2930,-1,2930,2933,2934,-1,2930,2934,2931,-1,2935,2936,2937,-1,2937,2938,2935,-1,2935,2938,2939,-1,2935,2939,2932,-1,2932,2939,2940,-1,2932,2940,2933,-1,2941,2925,2927,-1,2941,2927,2942,-1,2942,2927,2929,-1,2942,2929,2943,-1,2943,2929,2931,-1,2943,2931,2944,-1,2944,2931,2945,-1,2945,2931,2934,-1,2945,2934,2946,-1,2934,2933,2946,-1,2946,2933,2940,-1,2946,2940,2947,-1,2947,2940,2948,-1,2938,2937,2949,-1,2940,2939,2948,-1,2948,2939,2938,-1,2948,2938,2950,-1,2950,2938,2949,-1,2949,2951,2950,-1,2950,2951,2952,-1,2950,2952,2948,-1,2948,2952,2947,-1,2947,2952,2953,-1,2947,2953,2946,-1,2946,2953,2945,-1,2945,2953,2954,-1,2945,2954,2944,-1,2944,2954,2955,-1,2944,2955,2943,-1,2943,2955,2956,-1,2943,2956,2942,-1,2942,2956,2957,-1,2942,2957,2941,-1,2958,2959,2960,-1,2958,2960,2961,-1,2961,2960,2962,-1,2961,2962,2963,-1,2963,2962,2964,-1,2963,2964,2965,-1,2965,2964,2966,-1,2965,2966,2967,-1,2967,2966,2968,-1,2967,2968,2969,-1,2969,2968,2970,-1,2969,2970,2957,-1,2971,2970,2972,-1,2971,2972,2973,-1,2973,2972,2974,-1,2973,2974,2975,-1,2975,2974,2976,-1,2975,2976,2977,-1,2978,2979,2976,-1,2976,2979,2980,-1,2976,2980,2977,-1,2981,2982,2983,-1,2983,2984,2981,-1,2981,2984,2985,-1,2981,2985,2978,-1,2978,2985,2986,-1,2978,2986,2979,-1,2987,2971,2973,-1,2987,2973,2988,-1,2988,2973,2975,-1,2988,2975,2989,-1,2989,2975,2977,-1,2989,2977,2990,-1,2990,2977,2991,-1,2991,2977,2980,-1,2991,2980,2992,-1,2980,2979,2992,-1,2992,2979,2986,-1,2992,2986,2993,-1,2993,2986,2994,-1,2984,2983,2995,-1,2986,2985,2994,-1,2994,2985,2984,-1,2994,2984,2996,-1,2996,2984,2995,-1,2995,2997,2996,-1,2996,2997,2998,-1,2996,2998,2994,-1,2994,2998,2993,-1,2993,2998,2999,-1,2993,2999,2992,-1,2992,2999,2991,-1,2991,2999,3000,-1,2991,3000,2990,-1,2990,3000,3001,-1,2990,3001,2989,-1,2989,3001,3002,-1,2989,3002,2988,-1,2988,3002,3003,-1,2988,3003,2987,-1,3003,3004,3005,-1,3005,3004,3006,-1,3007,3008,3009,-1,3009,3010,3007,-1,3007,3010,3011,-1,3007,3011,3004,-1,3004,3011,3012,-1,3004,3012,3006,-1,3013,3014,3015,-1,3015,3014,3016,-1,3015,3016,3008,-1,3008,3016,3017,-1,3008,3017,3009,-1,3018,3019,3020,-1,3020,3019,3021,-1,3021,3022,3020,-1,3020,3022,3023,-1,3020,3023,3015,-1,3015,3023,3024,-1,3015,3024,3013,-1,3025,3026,3027,-1,3028,3029,3030,-1,3030,3029,3031,-1,3030,3031,3027,-1,3027,3031,3032,-1,3027,3032,3025,-1,3033,3034,3035,-1,3035,3036,3033,-1,3033,3036,3037,-1,3033,3037,3030,-1,3030,3037,3038,-1,3030,3038,3028,-1,3039,3040,3041,-1,3041,3040,3042,-1,3041,3042,3034,-1,3034,3042,3043,-1,3034,3043,3035,-1,3041,3044,3039,-1,3039,3044,15,-1,3039,15,3005,-1,26,24,3045,-1,3045,24,3046,-1,3045,3046,3047,-1,3047,3046,3048,-1,3047,3048,3049,-1,3049,3048,3050,-1,3049,3050,3051,-1,3051,3050,3052,-1,3051,3052,3053,-1,3053,3052,3054,-1,3053,3054,3055,-1,3055,3054,3056,-1,24,22,3046,-1,3046,22,3057,-1,3046,3057,3048,-1,3048,3057,3058,-1,3048,3058,3050,-1,3050,3058,3059,-1,3050,3059,3052,-1,3052,3059,3060,-1,3052,3060,3054,-1,3054,3060,3061,-1,3054,3061,3056,-1,3056,3061,3062,-1,22,20,3057,-1,3057,20,3063,-1,3057,3063,3058,-1,3058,3063,3064,-1,3058,3064,3059,-1,3059,3064,3065,-1,3059,3065,3060,-1,3060,3065,3066,-1,3060,3066,3061,-1,3061,3066,3067,-1,3061,3067,3062,-1,3062,3067,3068,-1,20,18,3063,-1,3063,18,3069,-1,3063,3069,3064,-1,3064,3069,3070,-1,3064,3070,3065,-1,3065,3070,3071,-1,3065,3071,3066,-1,3066,3071,3072,-1,3066,3072,3067,-1,3067,3072,3073,-1,3067,3073,3068,-1,3068,3073,3074,-1,18,16,3069,-1,3069,16,3075,-1,3069,3075,3070,-1,3070,3075,3076,-1,3070,3076,3071,-1,3071,3076,3077,-1,3071,3077,3072,-1,3072,3077,3078,-1,3072,3078,3073,-1,3073,3078,3079,-1,3073,3079,3074,-1,3074,3079,3080,-1,16,15,3075,-1,3075,15,3044,-1,3075,3044,3076,-1,3076,3044,3041,-1,3076,3041,3077,-1,3077,3041,3034,-1,3077,3034,3078,-1,3078,3034,3033,-1,3078,3033,3079,-1,3079,3033,3030,-1,3079,3030,3080,-1,3080,3030,3027,-1,3055,3081,3082,-1,3055,3082,3053,-1,3053,3082,3083,-1,3053,3083,3051,-1,3051,3083,3084,-1,3051,3084,3049,-1,3049,3084,3085,-1,3049,3085,3047,-1,3047,3085,3086,-1,3047,3086,3045,-1,3045,3086,55,-1,3045,55,26,-1,42,45,3087,-1,3087,45,3088,-1,3087,3088,3089,-1,3089,3088,3090,-1,3089,3090,3091,-1,3091,3090,3092,-1,3091,3092,3093,-1,3093,3092,3094,-1,3093,3094,3095,-1,3095,3094,3096,-1,3095,3096,3097,-1,3097,3096,3098,-1,45,47,3088,-1,3088,47,3099,-1,3088,3099,3090,-1,3090,3099,3100,-1,3090,3100,3092,-1,3092,3100,3101,-1,3092,3101,3094,-1,3094,3101,3102,-1,3094,3102,3096,-1,3096,3102,3103,-1,3096,3103,3098,-1,3098,3103,3104,-1,47,49,3099,-1,3099,49,3105,-1,3099,3105,3100,-1,3100,3105,3106,-1,3100,3106,3101,-1,3101,3106,3107,-1,3101,3107,3102,-1,3102,3107,3108,-1,3102,3108,3103,-1,3103,3108,3109,-1,3103,3109,3104,-1,3104,3109,3110,-1,49,51,3105,-1,3105,51,3111,-1,3105,3111,3106,-1,3106,3111,3112,-1,3106,3112,3107,-1,3107,3112,3113,-1,3107,3113,3108,-1,3108,3113,3114,-1,3108,3114,3109,-1,3109,3114,3115,-1,3109,3115,3110,-1,3110,3115,3116,-1,51,53,3111,-1,3111,53,3117,-1,3111,3117,3112,-1,3112,3117,3118,-1,3112,3118,3113,-1,3113,3118,3119,-1,3113,3119,3114,-1,3114,3119,3120,-1,3114,3120,3115,-1,3115,3120,3121,-1,3115,3121,3116,-1,3116,3121,3122,-1,53,55,3117,-1,3117,55,3086,-1,3117,3086,3118,-1,3118,3086,3085,-1,3118,3085,3119,-1,3119,3085,3084,-1,3119,3084,3120,-1,3120,3084,3083,-1,3120,3083,3121,-1,3121,3083,3082,-1,3121,3082,3122,-1,3122,3082,3081,-1,3123,42,3087,-1,3123,3087,3124,-1,3124,3087,3089,-1,3124,3089,3125,-1,3125,3089,3091,-1,3125,3091,3126,-1,3126,3091,3093,-1,3126,3093,3127,-1,3127,3093,3095,-1,3127,3095,3128,-1,3128,3095,3097,-1,3128,3097,1520,-1,1520,1522,3128,-1,3128,1522,3129,-1,3128,3129,3127,-1,3127,3129,3130,-1,3127,3130,3126,-1,3126,3130,3131,-1,3126,3131,3125,-1,3125,3131,3132,-1,3125,3132,3124,-1,3124,3132,3133,-1,3124,3133,3123,-1,3123,3133,1495,-1,1524,1529,3134,-1,1498,1497,3135,-1,1526,1534,3136,-1,1491,1499,3137,-1,3138,3139,1488,-1,3138,1488,3140,-1,1537,1538,3139,-1,3139,1538,1488,-1,3141,3140,1488,-1,3142,3141,1488,-1,1487,3142,1488,-1,1489,1490,3143,-1,1533,1531,3144,-1,3144,1531,1530,-1,1487,1489,3142,-1,3142,1489,3143,-1,3142,3143,3141,-1,3141,3143,3145,-1,3141,3145,3140,-1,3140,3145,3146,-1,3140,3146,3138,-1,3138,3146,3147,-1,3138,3147,3139,-1,3139,3147,3144,-1,3139,3144,1537,-1,1537,3144,1530,-1,1494,1493,3148,-1,1534,1533,3136,-1,3136,1533,3144,-1,3136,3144,3149,-1,3149,3144,3147,-1,3149,3147,3150,-1,3150,3147,3146,-1,3150,3146,3151,-1,3151,3146,3145,-1,3151,3145,3148,-1,3148,3145,3143,-1,3148,3143,1494,-1,1494,3143,1490,-1,1491,3137,1492,-1,1527,1526,3152,-1,3152,1526,3136,-1,3152,3136,3153,-1,3153,3136,3149,-1,3153,3149,3154,-1,3154,3149,3150,-1,3154,3150,3155,-1,3155,3150,3151,-1,3155,3151,3137,-1,3137,3151,3148,-1,3137,3148,1492,-1,1492,3148,1493,-1,1528,1527,3156,-1,3156,1527,3152,-1,3156,3152,3157,-1,3157,3152,3153,-1,3157,3153,3158,-1,3158,3153,3154,-1,3158,3154,3159,-1,3159,3154,3155,-1,3159,3155,3135,-1,3135,3155,3137,-1,3135,3137,1498,-1,1498,3137,1499,-1,1529,1528,3134,-1,3134,1528,3156,-1,3134,3156,3160,-1,3160,3156,3157,-1,3160,3157,3161,-1,3161,3157,3158,-1,3161,3158,3162,-1,3162,3158,3159,-1,3162,3159,3163,-1,3163,3159,3135,-1,3163,3135,1496,-1,1496,3135,1497,-1,1522,1524,3129,-1,3129,1524,3134,-1,3129,3134,3130,-1,3130,3134,3160,-1,3130,3160,3131,-1,3131,3160,3161,-1,3131,3161,3132,-1,3132,3161,3162,-1,3132,3162,3133,-1,3133,3162,3163,-1,3133,3163,1495,-1,1495,3163,1496,-1,308,306,3164,-1,336,334,3165,-1,304,303,3166,-1,340,338,3167,-1,294,297,3168,-1,346,348,3169,-1,3170,3171,288,-1,3170,288,3172,-1,292,290,3171,-1,3171,290,288,-1,288,354,3173,-1,3173,354,3174,-1,3173,3174,3175,-1,3175,288,3173,-1,293,292,3176,-1,3176,292,3171,-1,3176,3171,3177,-1,3177,3171,3170,-1,3177,3170,3178,-1,3178,3170,3172,-1,3178,3172,3179,-1,354,355,3174,-1,3174,355,351,-1,3174,351,350,-1,285,293,3180,-1,3180,293,3176,-1,3180,3176,3181,-1,3181,3176,3177,-1,3181,3177,3182,-1,3182,3177,3178,-1,3182,3178,3183,-1,3183,3178,3179,-1,3183,3179,3184,-1,350,346,3184,-1,3184,346,3169,-1,3184,3169,3183,-1,3183,3169,3185,-1,3183,3185,3182,-1,3182,3185,3186,-1,3182,3186,3181,-1,3181,3186,3187,-1,3181,3187,3180,-1,3180,3187,3168,-1,350,3184,3174,-1,3174,3184,3179,-1,3174,3179,3175,-1,3175,3179,3172,-1,3175,3172,288,-1,3168,297,3180,-1,3180,297,286,-1,3180,286,285,-1,301,294,3188,-1,3188,294,3168,-1,3188,3168,3189,-1,3189,3168,3187,-1,3189,3187,3190,-1,3190,3187,3186,-1,3190,3186,3191,-1,3191,3186,3185,-1,3191,3185,3192,-1,3192,3185,3169,-1,3192,3169,349,-1,349,3169,348,-1,303,301,3166,-1,3166,301,3188,-1,3166,3188,3193,-1,3193,3188,3189,-1,3193,3189,3194,-1,3194,3189,3190,-1,3194,3190,3195,-1,3195,3190,3191,-1,3195,3191,3196,-1,3196,3191,3192,-1,340,3167,342,-1,306,304,3164,-1,3164,304,3166,-1,3164,3166,3197,-1,3197,3166,3193,-1,3197,3193,3198,-1,3198,3193,3194,-1,3198,3194,3199,-1,3199,3194,3195,-1,3199,3195,3167,-1,3167,3195,3196,-1,3167,3196,342,-1,342,3196,3192,-1,342,3192,343,-1,343,3192,349,-1,310,308,3200,-1,3200,308,3164,-1,3200,3164,3201,-1,3201,3164,3197,-1,3201,3197,3202,-1,3202,3197,3198,-1,3202,3198,3203,-1,3203,3198,3199,-1,3203,3199,3165,-1,3165,3199,3167,-1,3165,3167,336,-1,336,3167,338,-1,312,310,3204,-1,3204,310,3200,-1,3204,3200,3205,-1,3205,3200,3201,-1,3205,3201,3206,-1,3206,3201,3202,-1,3206,3202,3207,-1,3207,3202,3203,-1,3207,3203,3208,-1,3208,3203,3165,-1,3208,3165,333,-1,333,3165,334,-1,3209,312,3204,-1,3209,3204,3210,-1,3210,3204,3205,-1,3210,3205,3211,-1,3211,3205,3206,-1,3211,3206,3212,-1,3207,3213,3206,-1,3206,3213,3214,-1,3206,3214,3212,-1,3208,333,3215,-1,3215,3216,3208,-1,3208,3216,3217,-1,3208,3217,3207,-1,3207,3217,3218,-1,3207,3218,3213,-1,3215,1173,3216,-1,3216,1173,3219,-1,3216,3219,3217,-1,3217,3219,3218,-1,3218,3219,3220,-1,3218,3220,3213,-1,3213,3220,3214,-1,3214,3220,3221,-1,3214,3221,3212,-1,3212,3221,3222,-1,3212,3222,3211,-1,3211,3222,3223,-1,3211,3223,3210,-1,3210,3223,1226,-1,3210,1226,3209,-1,1156,1208,3224,-1,3219,1173,1175,-1,3222,3221,3225,-1,3223,3222,3226,-1,1225,1226,3227,-1,3227,1226,3223,-1,3219,1175,3228,-1,3228,1175,1177,-1,3228,1177,3229,-1,1225,3227,1220,-1,1220,3227,3230,-1,1220,3230,1221,-1,1221,3230,3231,-1,1221,3231,1223,-1,1177,1178,3229,-1,3229,1178,1171,-1,3229,1171,3232,-1,3232,1171,1169,-1,3232,1169,3233,-1,1223,3231,1224,-1,1224,3231,3234,-1,1224,3234,1218,-1,1169,1167,3233,-1,3233,1167,1165,-1,3233,1165,3235,-1,1218,3234,1219,-1,1219,3234,3236,-1,1219,3236,1215,-1,1165,1164,3235,-1,3235,1164,1162,-1,3235,1162,3237,-1,1215,3236,1216,-1,1216,3236,3238,-1,1216,3238,1213,-1,1213,3238,3239,-1,1213,3239,1211,-1,1162,1161,3237,-1,3237,1161,1160,-1,3237,1160,3240,-1,3240,1160,1158,-1,3240,1158,3241,-1,3241,1158,1157,-1,3241,1157,1156,-1,1156,3242,3241,-1,3241,3242,3243,-1,3241,3243,3240,-1,3240,3243,3244,-1,3240,3244,3237,-1,3237,3244,3245,-1,3237,3245,3235,-1,3235,3245,3246,-1,3235,3246,3233,-1,3233,3246,3247,-1,3233,3247,3232,-1,3232,3247,3248,-1,3232,3248,3229,-1,3229,3248,3249,-1,3229,3249,3228,-1,3228,3249,3220,-1,3228,3220,3219,-1,1156,3250,3242,-1,3242,3250,3251,-1,3242,3251,3243,-1,3243,3251,3252,-1,3243,3252,3244,-1,3244,3252,3253,-1,3244,3253,3245,-1,3245,3253,3254,-1,3245,3254,3246,-1,3246,3254,3255,-1,3246,3255,3247,-1,3247,3255,3256,-1,3247,3256,3248,-1,3248,3256,3225,-1,3248,3225,3249,-1,3249,3225,3221,-1,3249,3221,3220,-1,3223,3226,3227,-1,3227,3226,3257,-1,3227,3257,3230,-1,3230,3257,3258,-1,3230,3258,3231,-1,3231,3258,3259,-1,3231,3259,3234,-1,3234,3259,3260,-1,3234,3260,3236,-1,3236,3260,3261,-1,3236,3261,3238,-1,3238,3261,3262,-1,3238,3262,3239,-1,3239,3262,3263,-1,3239,3263,3224,-1,3224,1208,3239,-1,3239,1208,1210,-1,3239,1210,1211,-1,3263,1156,3224,-1,3222,3225,3226,-1,3226,3225,3256,-1,3226,3256,3257,-1,3257,3256,3255,-1,3257,3255,3258,-1,3258,3255,3254,-1,3258,3254,3259,-1,3259,3254,3253,-1,3259,3253,3260,-1,3260,3253,3252,-1,3260,3252,3261,-1,3261,3252,3251,-1,3261,3251,3262,-1,3262,3251,3250,-1,3262,3250,3263,-1,3263,3250,1156,-1,819,818,3264,-1,838,840,3265,-1,816,815,3266,-1,833,836,3267,-1,823,821,3268,-1,843,845,3269,-1,3270,3271,832,-1,3270,832,3272,-1,828,830,3271,-1,3271,830,832,-1,832,855,3273,-1,3273,855,3274,-1,3273,3274,3275,-1,3275,832,3273,-1,825,828,3276,-1,3276,828,3271,-1,3276,3271,3277,-1,3277,3271,3270,-1,3277,3270,3278,-1,3278,3270,3272,-1,3278,3272,3279,-1,855,856,3274,-1,3274,856,852,-1,3274,852,851,-1,826,825,3280,-1,3280,825,3276,-1,3280,3276,3281,-1,3281,3276,3277,-1,3281,3277,3282,-1,3282,3277,3278,-1,3282,3278,3283,-1,3283,3278,3279,-1,3283,3279,3284,-1,851,843,3284,-1,3284,843,3269,-1,3284,3269,3283,-1,3283,3269,3285,-1,3283,3285,3282,-1,3282,3285,3286,-1,3282,3286,3281,-1,3281,3286,3287,-1,3281,3287,3280,-1,3280,3287,3268,-1,851,3284,3274,-1,3274,3284,3279,-1,3274,3279,3275,-1,3275,3279,3272,-1,3275,3272,832,-1,3268,821,3280,-1,3280,821,827,-1,3280,827,826,-1,824,823,3288,-1,3288,823,3268,-1,3288,3268,3289,-1,3289,3268,3287,-1,3289,3287,3290,-1,3290,3287,3286,-1,3290,3286,3291,-1,3291,3286,3285,-1,3291,3285,3292,-1,3292,3285,3269,-1,3292,3269,847,-1,847,3269,845,-1,815,824,3266,-1,3266,824,3288,-1,3266,3288,3293,-1,3293,3288,3289,-1,3293,3289,3294,-1,3294,3289,3290,-1,3294,3290,3295,-1,3295,3290,3291,-1,3295,3291,3296,-1,3296,3291,3292,-1,833,3267,850,-1,818,816,3264,-1,3264,816,3266,-1,3264,3266,3297,-1,3297,3266,3293,-1,3297,3293,3298,-1,3298,3293,3294,-1,3298,3294,3299,-1,3299,3294,3295,-1,3299,3295,3267,-1,3267,3295,3296,-1,3267,3296,850,-1,850,3296,3292,-1,850,3292,849,-1,849,3292,847,-1,813,819,3300,-1,3300,819,3264,-1,3300,3264,3301,-1,3301,3264,3297,-1,3301,3297,3302,-1,3302,3297,3298,-1,3302,3298,3303,-1,3303,3298,3299,-1,3303,3299,3265,-1,3265,3299,3267,-1,3265,3267,838,-1,838,3267,836,-1,812,813,3304,-1,3304,813,3300,-1,3304,3300,3305,-1,3305,3300,3301,-1,3305,3301,3306,-1,3306,3301,3302,-1,3306,3302,3307,-1,3307,3302,3303,-1,3307,3303,3308,-1,3308,3303,3265,-1,3308,3265,842,-1,842,3265,840,-1,3309,812,3304,-1,3309,3304,3310,-1,3310,3304,3305,-1,3310,3305,3311,-1,3311,3305,3306,-1,3311,3306,3312,-1,3307,3313,3306,-1,3306,3313,3314,-1,3306,3314,3312,-1,3308,842,3315,-1,3315,3316,3308,-1,3308,3316,3317,-1,3308,3317,3307,-1,3307,3317,3318,-1,3307,3318,3313,-1,3319,3317,284,-1,284,3317,3316,-1,284,3316,3315,-1,3312,3314,3320,-1,3320,3314,3313,-1,3320,3313,3319,-1,3319,3313,3318,-1,3319,3318,3317,-1,3320,3321,3312,-1,3312,3321,3322,-1,3312,3322,3311,-1,3311,3322,3323,-1,3311,3323,3310,-1,3310,3323,313,-1,3310,313,3309,-1,261,289,3324,-1,261,3325,262,-1,3322,3321,3326,-1,3323,3322,3327,-1,311,313,3328,-1,3328,313,3323,-1,3329,3330,282,-1,282,3330,3319,-1,282,3319,284,-1,282,280,3329,-1,3329,280,278,-1,3329,278,3331,-1,3331,278,276,-1,311,3328,309,-1,309,3328,3332,-1,309,3332,307,-1,307,3332,3333,-1,307,3333,305,-1,276,274,3331,-1,3331,274,273,-1,3331,273,3334,-1,305,3333,302,-1,302,3333,3335,-1,302,3335,300,-1,273,272,3334,-1,3334,272,270,-1,3334,270,3336,-1,300,3335,295,-1,295,3335,3337,-1,295,3337,296,-1,296,3337,298,-1,298,3337,3338,-1,298,3338,299,-1,299,3338,3339,-1,299,3339,287,-1,270,269,3336,-1,3336,269,268,-1,3336,268,3340,-1,3340,268,266,-1,3340,266,3341,-1,3341,266,265,-1,3341,265,3325,-1,3325,265,263,-1,3325,263,262,-1,261,3342,3325,-1,3325,3342,3343,-1,3325,3343,3341,-1,3341,3343,3344,-1,3341,3344,3340,-1,3340,3344,3345,-1,3340,3345,3336,-1,3336,3345,3346,-1,3336,3346,3334,-1,3334,3346,3347,-1,3334,3347,3331,-1,3331,3347,3348,-1,3331,3348,3329,-1,3329,3348,3349,-1,3329,3349,3330,-1,3330,3349,3320,-1,3330,3320,3319,-1,261,3350,3342,-1,3342,3350,3351,-1,3342,3351,3343,-1,3343,3351,3352,-1,3343,3352,3344,-1,3344,3352,3353,-1,3344,3353,3345,-1,3345,3353,3354,-1,3345,3354,3346,-1,3346,3354,3355,-1,3346,3355,3347,-1,3347,3355,3356,-1,3347,3356,3348,-1,3348,3356,3326,-1,3348,3326,3349,-1,3349,3326,3321,-1,3349,3321,3320,-1,3323,3327,3328,-1,3328,3327,3357,-1,3328,3357,3332,-1,3332,3357,3358,-1,3332,3358,3333,-1,3333,3358,3359,-1,3333,3359,3335,-1,3335,3359,3360,-1,3335,3360,3337,-1,3337,3360,3361,-1,3337,3361,3338,-1,3338,3361,3362,-1,3338,3362,3339,-1,3339,3362,3363,-1,3339,3363,3324,-1,3324,289,3339,-1,3339,289,291,-1,3339,291,287,-1,3363,261,3324,-1,3322,3326,3327,-1,3327,3326,3356,-1,3327,3356,3357,-1,3357,3356,3355,-1,3357,3355,3358,-1,3358,3355,3354,-1,3358,3354,3359,-1,3359,3354,3353,-1,3359,3353,3360,-1,3360,3353,3352,-1,3360,3352,3361,-1,3361,3352,3351,-1,3361,3351,3362,-1,3362,3351,3350,-1,3362,3350,3363,-1,3363,3350,261,-1,3364,3365,3366,-1,3366,3365,3367,-1,3366,3367,3368,-1,3368,3367,3369,-1,3368,3369,3370,-1,3370,3369,3371,-1,3370,3371,3372,-1,3372,3371,3373,-1,3372,3373,3374,-1,3374,3373,3375,-1,3374,3375,2556,-1,3365,3376,3367,-1,3367,3376,3377,-1,3367,3377,3369,-1,3369,3377,3378,-1,3369,3378,3371,-1,3371,3378,3379,-1,3371,3379,3373,-1,3373,3379,3380,-1,3373,3380,3375,-1,3375,3380,3381,-1,3375,3381,2556,-1,2537,3364,2539,-1,2539,3364,3366,-1,2539,3366,2543,-1,2543,3366,3368,-1,2543,3368,2546,-1,2546,3368,3370,-1,2546,3370,2549,-1,2549,3370,3372,-1,2549,3372,2555,-1,2555,3372,3374,-1,2555,3374,2556,-1,3382,3383,3384,-1,3384,3383,3385,-1,3384,3385,3386,-1,3386,3385,3387,-1,3386,3387,3388,-1,3388,3387,3389,-1,3388,3389,3390,-1,3390,3389,3391,-1,3390,3391,3392,-1,3392,3391,3393,-1,3392,3393,2556,-1,3383,2568,3385,-1,3385,2568,2567,-1,3385,2567,3387,-1,3387,2567,2564,-1,3387,2564,3389,-1,3389,2564,2562,-1,3389,2562,3391,-1,3391,2562,2560,-1,3391,2560,3393,-1,3393,2560,2558,-1,3393,2558,2556,-1,3376,3382,3377,-1,3377,3382,3384,-1,3377,3384,3378,-1,3378,3384,3386,-1,3378,3386,3379,-1,3379,3386,3388,-1,3379,3388,3380,-1,3380,3388,3390,-1,3380,3390,3381,-1,3381,3390,3392,-1,3381,3392,2556,-1,2521,3394,3395,-1,3395,3394,3396,-1,2548,2547,3397,-1,2542,3398,3399,-1,3400,2536,2538,-1,3401,3400,3402,-1,2531,3403,2532,-1,2532,3403,3404,-1,2532,3404,2533,-1,3400,2538,3402,-1,3402,2538,2540,-1,3402,2540,3405,-1,3405,2540,2545,-1,3405,2545,3399,-1,3399,2545,2544,-1,3399,2544,2542,-1,3406,3401,3407,-1,3407,3401,3402,-1,3407,3402,3408,-1,3408,3402,3405,-1,3408,3405,3409,-1,3409,3405,3399,-1,3409,3399,3410,-1,3410,3399,3398,-1,3410,3398,3411,-1,2533,3404,2534,-1,2534,3404,3412,-1,2534,3412,2535,-1,2535,3412,3413,-1,2535,3413,2527,-1,2527,3413,3414,-1,2527,3414,2528,-1,3415,3406,3416,-1,3416,3406,3407,-1,3416,3407,3417,-1,3417,3407,3408,-1,3417,3408,3418,-1,3418,3408,3409,-1,3418,3409,3419,-1,3419,3409,3410,-1,3419,3410,3420,-1,3420,3410,3411,-1,3420,3411,3421,-1,2528,3414,2529,-1,2529,3414,3422,-1,2529,3422,2530,-1,3423,3415,3424,-1,3424,3415,3416,-1,3424,3416,3425,-1,3425,3416,3417,-1,3425,3417,3426,-1,3426,3417,3418,-1,3426,3418,3427,-1,3427,3418,3419,-1,3427,3419,3428,-1,3428,3419,3420,-1,3428,3420,3429,-1,3429,3420,3421,-1,3429,3421,3430,-1,3431,2524,3422,-1,3422,2524,2523,-1,3422,2523,2530,-1,2553,3395,2554,-1,2554,3395,3396,-1,2554,3396,2550,-1,2550,3396,2551,-1,2547,2551,3397,-1,3397,2551,3396,-1,3397,3396,3432,-1,3432,3396,3394,-1,3432,3394,3433,-1,3433,3394,2521,-1,2531,3423,3403,-1,3403,3423,3424,-1,3403,3424,3404,-1,3404,3424,3425,-1,3404,3425,3412,-1,3412,3425,3426,-1,3412,3426,3413,-1,3413,3426,3427,-1,3413,3427,3414,-1,3414,3427,3428,-1,3414,3428,3422,-1,3422,3428,3429,-1,3422,3429,3431,-1,3431,3429,3430,-1,3431,3430,3434,-1,2553,2552,3395,-1,3395,2552,2521,-1,2521,2522,3434,-1,3434,2522,2526,-1,3434,2526,3431,-1,3431,2526,2525,-1,3431,2525,2524,-1,2542,2541,3398,-1,3398,2541,3435,-1,3398,3435,3411,-1,3411,3435,3436,-1,3411,3436,3421,-1,3421,3436,3437,-1,3421,3437,3430,-1,3430,3437,3438,-1,3430,3438,3434,-1,3434,3438,2521,-1,2541,2548,3435,-1,3435,2548,3397,-1,3435,3397,3436,-1,3436,3397,3432,-1,3436,3432,3437,-1,3437,3432,3433,-1,3437,3433,3438,-1,3438,3433,2521,-1,3439,2568,3440,-1,3440,2568,3383,-1,3382,3441,3383,-1,3383,3441,3442,-1,3383,3442,3440,-1,3443,3444,3382,-1,3382,3444,3445,-1,3382,3445,3441,-1,3382,3376,3443,-1,3443,3376,3365,-1,3443,3365,3446,-1,3446,3365,3364,-1,3446,3364,3447,-1,3447,3364,2537,-1,3447,2537,3448,-1,3449,2536,3450,-1,3450,2536,3400,-1,3450,3400,3451,-1,3451,3400,3401,-1,3451,3401,3452,-1,3452,3401,3406,-1,3452,3406,3453,-1,3453,3406,3415,-1,3453,3415,3454,-1,3454,3415,3423,-1,3454,3423,3455,-1,3455,3423,2531,-1,3448,3449,3456,-1,3448,3456,3447,-1,3447,3456,3457,-1,3447,3457,3446,-1,3446,3457,3458,-1,3446,3458,3443,-1,3443,3458,3444,-1,3444,3458,3459,-1,3444,3459,3445,-1,3445,3459,3441,-1,3441,3459,3460,-1,3441,3460,3442,-1,3442,3460,3440,-1,3440,3460,3461,-1,3440,3461,3439,-1,3462,3463,3464,-1,3464,3463,3465,-1,3464,3465,3466,-1,3466,3465,3467,-1,3466,3467,3468,-1,3468,3467,3469,-1,3468,3469,3470,-1,3470,3469,3471,-1,3470,3471,3472,-1,3472,3471,3473,-1,3472,3473,3455,-1,3455,3473,3454,-1,3463,3474,3465,-1,3465,3474,3475,-1,3465,3475,3467,-1,3467,3475,3476,-1,3467,3476,3469,-1,3469,3476,3477,-1,3469,3477,3471,-1,3471,3477,3478,-1,3471,3478,3473,-1,3473,3478,3479,-1,3473,3479,3454,-1,3454,3479,3453,-1,3474,3480,3475,-1,3475,3480,3481,-1,3475,3481,3476,-1,3476,3481,3482,-1,3476,3482,3477,-1,3477,3482,3483,-1,3477,3483,3478,-1,3478,3483,3484,-1,3478,3484,3479,-1,3479,3484,3485,-1,3479,3485,3453,-1,3453,3485,3452,-1,3480,3486,3481,-1,3481,3486,3487,-1,3481,3487,3482,-1,3482,3487,3488,-1,3482,3488,3483,-1,3483,3488,3489,-1,3483,3489,3484,-1,3484,3489,3490,-1,3484,3490,3485,-1,3485,3490,3491,-1,3485,3491,3452,-1,3452,3491,3451,-1,3486,3492,3487,-1,3487,3492,3493,-1,3487,3493,3488,-1,3488,3493,3494,-1,3488,3494,3489,-1,3489,3494,3495,-1,3489,3495,3490,-1,3490,3495,3496,-1,3490,3496,3491,-1,3491,3496,3497,-1,3491,3497,3451,-1,3451,3497,3450,-1,3492,3461,3493,-1,3493,3461,3460,-1,3493,3460,3494,-1,3494,3460,3459,-1,3494,3459,3495,-1,3495,3459,3458,-1,3495,3458,3496,-1,3496,3458,3457,-1,3496,3457,3497,-1,3497,3457,3456,-1,3497,3456,3450,-1,3450,3456,3449,-1,3462,3498,3463,-1,3463,3498,3499,-1,3463,3499,3474,-1,3474,3499,3500,-1,3474,3500,3480,-1,3480,3500,3501,-1,3480,3501,3486,-1,3486,3501,3502,-1,3486,3502,3492,-1,3492,3502,3503,-1,3492,3503,3461,-1,3461,3503,3504,-1,3505,3506,3507,-1,3507,3506,3508,-1,3507,3508,3509,-1,3509,3508,3510,-1,3509,3510,3511,-1,3511,3510,3512,-1,3511,3512,3513,-1,3513,3512,3514,-1,3513,3514,3515,-1,3515,3514,3516,-1,3515,3516,3003,-1,3506,3517,3508,-1,3508,3517,3518,-1,3508,3518,3510,-1,3510,3518,3519,-1,3510,3519,3512,-1,3512,3519,3520,-1,3512,3520,3514,-1,3514,3520,3521,-1,3514,3521,3516,-1,3516,3521,3522,-1,3516,3522,3003,-1,2997,3505,2998,-1,2998,3505,3507,-1,2998,3507,2999,-1,2999,3507,3509,-1,2999,3509,3000,-1,3000,3509,3511,-1,3000,3511,3001,-1,3001,3511,3513,-1,3001,3513,3002,-1,3002,3513,3515,-1,3002,3515,3003,-1,3523,3524,3525,-1,3525,3524,3526,-1,3525,3526,3527,-1,3527,3526,3528,-1,3527,3528,3529,-1,3529,3528,3530,-1,3529,3530,3531,-1,3531,3530,3532,-1,3531,3532,3533,-1,3533,3532,3534,-1,3533,3534,3003,-1,3524,3018,3526,-1,3526,3018,3020,-1,3526,3020,3528,-1,3528,3020,3015,-1,3528,3015,3530,-1,3530,3015,3008,-1,3530,3008,3532,-1,3532,3008,3007,-1,3532,3007,3534,-1,3534,3007,3004,-1,3534,3004,3003,-1,3517,3523,3518,-1,3518,3523,3525,-1,3518,3525,3519,-1,3519,3525,3527,-1,3519,3527,3520,-1,3520,3527,3529,-1,3520,3529,3521,-1,3521,3529,3531,-1,3521,3531,3522,-1,3522,3531,3533,-1,3522,3533,3003,-1,3535,3018,3524,-1,3535,3524,3536,-1,3536,3524,3523,-1,3536,3523,3537,-1,3537,3523,3517,-1,3537,3517,3538,-1,3538,3517,3539,-1,3539,3517,3506,-1,3539,3506,3540,-1,3540,3506,3541,-1,3541,3506,3505,-1,3541,3505,3542,-1,3542,3505,3543,-1,3543,3505,2997,-1,3543,2997,3544,-1,3005,3545,3546,-1,3546,3545,3547,-1,3037,3036,3548,-1,3028,3549,3550,-1,3551,3026,3025,-1,3552,3551,3553,-1,3019,3554,3021,-1,3021,3554,3555,-1,3021,3555,3022,-1,3551,3025,3553,-1,3553,3025,3032,-1,3553,3032,3556,-1,3556,3032,3031,-1,3556,3031,3550,-1,3550,3031,3029,-1,3550,3029,3028,-1,3557,3552,3558,-1,3558,3552,3553,-1,3558,3553,3559,-1,3559,3553,3556,-1,3559,3556,3560,-1,3560,3556,3550,-1,3560,3550,3561,-1,3561,3550,3549,-1,3561,3549,3562,-1,3022,3555,3023,-1,3023,3555,3563,-1,3023,3563,3024,-1,3024,3563,3564,-1,3024,3564,3013,-1,3013,3564,3565,-1,3013,3565,3014,-1,3566,3557,3567,-1,3567,3557,3558,-1,3567,3558,3568,-1,3568,3558,3559,-1,3568,3559,3569,-1,3569,3559,3560,-1,3569,3560,3570,-1,3570,3560,3561,-1,3570,3561,3571,-1,3571,3561,3562,-1,3571,3562,3572,-1,3014,3565,3016,-1,3016,3565,3573,-1,3016,3573,3017,-1,3574,3566,3575,-1,3575,3566,3567,-1,3575,3567,3576,-1,3576,3567,3568,-1,3576,3568,3577,-1,3577,3568,3569,-1,3577,3569,3578,-1,3578,3569,3570,-1,3578,3570,3579,-1,3579,3570,3571,-1,3579,3571,3580,-1,3580,3571,3572,-1,3580,3572,3581,-1,3582,3010,3573,-1,3573,3010,3009,-1,3573,3009,3017,-1,3040,3546,3042,-1,3042,3546,3547,-1,3042,3547,3043,-1,3043,3547,3035,-1,3036,3035,3548,-1,3548,3035,3547,-1,3548,3547,3583,-1,3583,3547,3545,-1,3583,3545,3584,-1,3584,3545,3005,-1,3019,3574,3554,-1,3554,3574,3575,-1,3554,3575,3555,-1,3555,3575,3576,-1,3555,3576,3563,-1,3563,3576,3577,-1,3563,3577,3564,-1,3564,3577,3578,-1,3564,3578,3565,-1,3565,3578,3579,-1,3565,3579,3573,-1,3573,3579,3580,-1,3573,3580,3582,-1,3582,3580,3581,-1,3582,3581,3585,-1,3040,3039,3546,-1,3546,3039,3005,-1,3005,3006,3585,-1,3585,3006,3012,-1,3585,3012,3582,-1,3582,3012,3011,-1,3582,3011,3010,-1,3028,3038,3549,-1,3549,3038,3586,-1,3549,3586,3562,-1,3562,3586,3587,-1,3562,3587,3572,-1,3572,3587,3588,-1,3572,3588,3581,-1,3581,3588,3589,-1,3581,3589,3585,-1,3585,3589,3005,-1,3038,3037,3586,-1,3586,3037,3548,-1,3586,3548,3587,-1,3587,3548,3583,-1,3587,3583,3588,-1,3588,3583,3584,-1,3588,3584,3589,-1,3589,3584,3005,-1,3544,3590,3543,-1,3543,3590,3591,-1,3592,3541,3591,-1,3591,3541,3542,-1,3591,3542,3543,-1,3538,3539,3592,-1,3592,3539,3540,-1,3592,3540,3541,-1,3592,3593,3538,-1,3538,3593,3594,-1,3538,3594,3537,-1,3537,3594,3595,-1,3537,3595,3536,-1,3536,3595,3596,-1,3536,3596,3535,-1,3597,3026,3598,-1,3598,3026,3551,-1,3598,3551,3599,-1,3599,3551,3552,-1,3599,3552,3600,-1,3600,3552,3557,-1,3600,3557,3601,-1,3601,3557,3566,-1,3601,3566,3602,-1,3602,3566,3574,-1,3602,3574,3596,-1,3596,3574,3019,-1,3597,3598,3603,-1,3603,3598,3604,-1,3603,3604,3605,-1,3605,3604,3606,-1,3605,3606,3607,-1,3607,3606,3608,-1,3607,3608,3609,-1,3609,3608,3610,-1,3609,3610,3611,-1,3611,3610,3612,-1,3611,3612,3613,-1,3613,3612,3614,-1,3598,3599,3604,-1,3604,3599,3615,-1,3604,3615,3606,-1,3606,3615,3616,-1,3606,3616,3608,-1,3608,3616,3617,-1,3608,3617,3610,-1,3610,3617,3618,-1,3610,3618,3612,-1,3612,3618,3619,-1,3612,3619,3614,-1,3614,3619,3620,-1,3599,3600,3615,-1,3615,3600,3621,-1,3615,3621,3616,-1,3616,3621,3622,-1,3616,3622,3617,-1,3617,3622,3623,-1,3617,3623,3618,-1,3618,3623,3624,-1,3618,3624,3619,-1,3619,3624,3625,-1,3619,3625,3620,-1,3620,3625,3626,-1,3600,3601,3621,-1,3621,3601,3627,-1,3621,3627,3622,-1,3622,3627,3628,-1,3622,3628,3623,-1,3623,3628,3629,-1,3623,3629,3624,-1,3624,3629,3630,-1,3624,3630,3625,-1,3625,3630,3631,-1,3625,3631,3626,-1,3626,3631,3632,-1,3601,3602,3627,-1,3627,3602,3633,-1,3627,3633,3628,-1,3628,3633,3634,-1,3628,3634,3629,-1,3629,3634,3635,-1,3629,3635,3630,-1,3630,3635,3636,-1,3630,3636,3631,-1,3631,3636,3637,-1,3631,3637,3632,-1,3632,3637,3638,-1,3602,3596,3633,-1,3633,3596,3595,-1,3633,3595,3634,-1,3634,3595,3594,-1,3634,3594,3635,-1,3635,3594,3593,-1,3635,3593,3636,-1,3636,3593,3592,-1,3636,3592,3637,-1,3637,3592,3591,-1,3637,3591,3638,-1,3638,3591,3590,-1,3590,3639,3638,-1,3638,3639,3640,-1,3638,3640,3632,-1,3632,3640,3641,-1,3632,3641,3626,-1,3626,3641,3642,-1,3626,3642,3620,-1,3620,3642,3643,-1,3620,3643,3614,-1,3614,3643,3644,-1,3614,3644,3613,-1,3613,3644,3645,-1,3646,3647,3648,-1,3648,3647,3649,-1,3648,3649,3650,-1,3650,3649,3651,-1,3650,3651,3652,-1,3652,3651,3653,-1,3652,3653,3654,-1,3654,3653,3655,-1,3654,3655,3656,-1,3656,3655,3657,-1,3656,3657,2694,-1,3647,3658,3649,-1,3649,3658,3659,-1,3649,3659,3651,-1,3651,3659,3660,-1,3651,3660,3653,-1,3653,3660,3661,-1,3653,3661,3655,-1,3655,3661,3662,-1,3655,3662,3657,-1,3657,3662,3663,-1,3657,3663,2694,-1,2683,3646,2684,-1,2684,3646,3648,-1,2684,3648,2686,-1,2686,3648,3650,-1,2686,3650,2688,-1,2688,3650,3652,-1,2688,3652,2690,-1,2690,3652,3654,-1,2690,3654,2692,-1,2692,3654,3656,-1,2692,3656,2694,-1,3664,3665,3666,-1,3666,3665,3667,-1,3666,3667,3668,-1,3668,3667,3669,-1,3668,3669,3670,-1,3670,3669,3671,-1,3670,3671,3672,-1,3672,3671,3673,-1,3672,3673,3674,-1,3674,3673,3675,-1,3674,3675,2694,-1,3665,2706,3667,-1,3667,2706,2705,-1,3667,2705,3669,-1,3669,2705,2702,-1,3669,2702,3671,-1,3671,2702,2700,-1,3671,2700,3673,-1,3673,2700,2698,-1,3673,2698,3675,-1,3675,2698,2696,-1,3675,2696,2694,-1,3658,3664,3659,-1,3659,3664,3666,-1,3659,3666,3660,-1,3660,3666,3668,-1,3660,3668,3661,-1,3661,3668,3670,-1,3661,3670,3662,-1,3662,3670,3672,-1,3662,3672,3663,-1,3663,3672,3674,-1,3663,3674,2694,-1,3676,2706,3677,-1,3677,2706,3665,-1,3664,3678,3665,-1,3665,3678,3679,-1,3665,3679,3677,-1,3680,3681,3664,-1,3664,3681,3682,-1,3664,3682,3678,-1,3664,3658,3680,-1,3680,3658,3647,-1,3680,3647,3683,-1,3683,3647,3646,-1,3683,3646,3684,-1,3684,3646,2683,-1,3684,2683,3685,-1,3686,3687,3681,-1,3681,3687,3688,-1,3681,3688,3682,-1,3682,3688,3689,-1,3682,3689,3678,-1,3678,3689,3690,-1,3678,3690,3679,-1,3679,3690,3691,-1,3679,3691,3677,-1,3677,3691,3692,-1,3677,3692,3676,-1,3681,3680,3686,-1,3686,3680,3683,-1,3686,3683,3693,-1,3693,3683,3684,-1,3693,3684,3694,-1,3694,3684,3685,-1,3694,3685,3695,-1,3695,2682,3696,-1,3695,3696,3694,-1,3694,3696,3697,-1,3694,3697,3693,-1,3693,3697,3698,-1,3693,3698,3686,-1,3686,3698,3687,-1,3687,3698,3699,-1,3687,3699,3688,-1,3688,3699,3689,-1,3689,3699,3700,-1,3689,3700,3690,-1,3690,3700,3691,-1,3691,3700,2675,-1,3691,2675,3692,-1,3700,3699,3701,-1,3701,3699,3702,-1,3701,3702,3703,-1,3703,3702,3704,-1,3703,3704,3705,-1,3705,3704,3706,-1,3705,3706,3707,-1,3707,3706,3708,-1,3707,3708,3709,-1,3709,3708,3710,-1,3709,3710,2681,-1,3699,3698,3702,-1,3702,3698,3711,-1,3702,3711,3704,-1,3704,3711,3712,-1,3704,3712,3706,-1,3706,3712,3713,-1,3706,3713,3708,-1,3708,3713,3714,-1,3708,3714,3710,-1,3710,3714,3715,-1,3710,3715,2681,-1,2675,3700,2676,-1,2676,3700,3701,-1,2676,3701,2677,-1,2677,3701,3703,-1,2677,3703,2678,-1,2678,3703,3705,-1,2678,3705,2679,-1,2679,3705,3707,-1,2679,3707,2680,-1,2680,3707,3709,-1,2680,3709,2681,-1,3697,3696,3716,-1,3716,3696,3717,-1,3716,3717,3718,-1,3718,3717,3719,-1,3718,3719,3720,-1,3720,3719,3721,-1,3720,3721,3722,-1,3722,3721,3723,-1,3722,3723,3724,-1,3724,3723,3725,-1,3724,3725,2681,-1,3696,2682,3717,-1,3717,2682,2685,-1,3717,2685,3719,-1,3719,2685,2687,-1,3719,2687,3721,-1,3721,2687,2689,-1,3721,2689,3723,-1,3723,2689,2691,-1,3723,2691,3725,-1,3725,2691,2693,-1,3725,2693,2681,-1,3698,3697,3711,-1,3711,3697,3716,-1,3711,3716,3712,-1,3712,3716,3718,-1,3712,3718,3713,-1,3713,3718,3720,-1,3713,3720,3714,-1,3714,3720,3722,-1,3714,3722,3715,-1,3715,3722,3724,-1,3715,3724,2681,-1,3726,3727,3728,-1,3728,3727,3729,-1,3728,3729,3730,-1,3730,3729,3731,-1,3730,3731,3732,-1,3732,3731,3733,-1,3732,3733,3734,-1,3734,3733,3735,-1,3734,3735,3736,-1,3736,3735,3737,-1,3736,3737,2648,-1,3727,3738,3729,-1,3729,3738,3739,-1,3729,3739,3731,-1,3731,3739,3740,-1,3731,3740,3733,-1,3733,3740,3741,-1,3733,3741,3735,-1,3735,3741,3742,-1,3735,3742,3737,-1,3737,3742,3743,-1,3737,3743,2648,-1,2637,3726,2638,-1,2638,3726,3728,-1,2638,3728,2640,-1,2640,3728,3730,-1,2640,3730,2642,-1,2642,3730,3732,-1,2642,3732,2644,-1,2644,3732,3734,-1,2644,3734,2646,-1,2646,3734,3736,-1,2646,3736,2648,-1,3744,3745,3746,-1,3746,3745,3747,-1,3746,3747,3748,-1,3748,3747,3749,-1,3748,3749,3750,-1,3750,3749,3751,-1,3750,3751,3752,-1,3752,3751,3753,-1,3752,3753,3754,-1,3754,3753,3755,-1,3754,3755,2648,-1,3745,2660,3747,-1,3747,2660,2659,-1,3747,2659,3749,-1,3749,2659,2656,-1,3749,2656,3751,-1,3751,2656,2654,-1,3751,2654,3753,-1,3753,2654,2652,-1,3753,2652,3755,-1,3755,2652,2650,-1,3755,2650,2648,-1,3738,3744,3739,-1,3739,3744,3746,-1,3739,3746,3740,-1,3740,3746,3748,-1,3740,3748,3741,-1,3741,3748,3750,-1,3741,3750,3742,-1,3742,3750,3752,-1,3742,3752,3743,-1,3743,3752,3754,-1,3743,3754,2648,-1,3756,2660,3757,-1,3757,2660,3745,-1,3744,3758,3745,-1,3745,3758,3759,-1,3745,3759,3757,-1,3760,3761,3744,-1,3744,3761,3762,-1,3744,3762,3758,-1,3744,3738,3760,-1,3760,3738,3727,-1,3760,3727,3763,-1,3763,3727,3726,-1,3763,3726,3764,-1,3764,3726,2637,-1,3764,2637,3765,-1,3766,3756,3767,-1,3767,3756,3757,-1,3767,3757,3768,-1,3757,3759,3768,-1,3768,3759,3758,-1,3768,3758,3769,-1,3769,3758,3762,-1,3769,3762,3770,-1,3770,3762,3771,-1,3771,3762,3761,-1,3771,3761,3772,-1,3761,3760,3772,-1,3772,3760,3763,-1,3772,3763,3773,-1,3773,3763,3764,-1,3773,3764,3774,-1,3774,3764,3765,-1,3774,3765,3775,-1,3775,2636,3776,-1,3775,3776,3774,-1,3774,3776,3777,-1,3774,3777,3773,-1,3773,3777,3778,-1,3773,3778,3772,-1,3772,3778,3771,-1,3771,3778,3779,-1,3771,3779,3770,-1,3770,3779,3769,-1,3769,3779,3780,-1,3769,3780,3768,-1,3768,3780,3767,-1,3767,3780,2629,-1,3767,2629,3766,-1,3780,3779,3781,-1,3781,3779,3782,-1,3781,3782,3783,-1,3783,3782,3784,-1,3783,3784,3785,-1,3785,3784,3786,-1,3785,3786,3787,-1,3787,3786,3788,-1,3787,3788,3789,-1,3789,3788,3790,-1,3789,3790,2635,-1,3779,3778,3782,-1,3782,3778,3791,-1,3782,3791,3784,-1,3784,3791,3792,-1,3784,3792,3786,-1,3786,3792,3793,-1,3786,3793,3788,-1,3788,3793,3794,-1,3788,3794,3790,-1,3790,3794,3795,-1,3790,3795,2635,-1,2629,3780,2630,-1,2630,3780,3781,-1,2630,3781,2631,-1,2631,3781,3783,-1,2631,3783,2632,-1,2632,3783,3785,-1,2632,3785,2633,-1,2633,3785,3787,-1,2633,3787,2634,-1,2634,3787,3789,-1,2634,3789,2635,-1,3777,3776,3796,-1,3796,3776,3797,-1,3796,3797,3798,-1,3798,3797,3799,-1,3798,3799,3800,-1,3800,3799,3801,-1,3800,3801,3802,-1,3802,3801,3803,-1,3802,3803,3804,-1,3804,3803,3805,-1,3804,3805,2635,-1,3776,2636,3797,-1,3797,2636,2639,-1,3797,2639,3799,-1,3799,2639,2641,-1,3799,2641,3801,-1,3801,2641,2643,-1,3801,2643,3803,-1,3803,2643,2645,-1,3803,2645,3805,-1,3805,2645,2647,-1,3805,2647,2635,-1,3778,3777,3791,-1,3791,3777,3796,-1,3791,3796,3792,-1,3792,3796,3798,-1,3792,3798,3793,-1,3793,3798,3800,-1,3793,3800,3794,-1,3794,3800,3802,-1,3794,3802,3795,-1,3795,3802,3804,-1,3795,3804,2635,-1,3806,3807,3808,-1,3808,3807,3809,-1,3808,3809,3810,-1,3810,3809,3811,-1,3810,3811,3812,-1,3812,3811,3813,-1,3812,3813,3814,-1,3814,3813,3815,-1,3814,3815,3816,-1,3816,3815,3817,-1,3816,3817,2602,-1,3807,3818,3809,-1,3809,3818,3819,-1,3809,3819,3811,-1,3811,3819,3820,-1,3811,3820,3813,-1,3813,3820,3821,-1,3813,3821,3815,-1,3815,3821,3822,-1,3815,3822,3817,-1,3817,3822,3823,-1,3817,3823,2602,-1,2591,3806,2592,-1,2592,3806,3808,-1,2592,3808,2594,-1,2594,3808,3810,-1,2594,3810,2596,-1,2596,3810,3812,-1,2596,3812,2598,-1,2598,3812,3814,-1,2598,3814,2600,-1,2600,3814,3816,-1,2600,3816,2602,-1,3824,3825,3826,-1,3826,3825,3827,-1,3826,3827,3828,-1,3828,3827,3829,-1,3828,3829,3830,-1,3830,3829,3831,-1,3830,3831,3832,-1,3832,3831,3833,-1,3832,3833,3834,-1,3834,3833,3835,-1,3834,3835,2602,-1,3825,2614,3827,-1,3827,2614,2613,-1,3827,2613,3829,-1,3829,2613,2610,-1,3829,2610,3831,-1,3831,2610,2608,-1,3831,2608,3833,-1,3833,2608,2606,-1,3833,2606,3835,-1,3835,2606,2604,-1,3835,2604,2602,-1,3818,3824,3819,-1,3819,3824,3826,-1,3819,3826,3820,-1,3820,3826,3828,-1,3820,3828,3821,-1,3821,3828,3830,-1,3821,3830,3822,-1,3822,3830,3832,-1,3822,3832,3823,-1,3823,3832,3834,-1,3823,3834,2602,-1,3836,2614,3837,-1,3837,2614,3825,-1,3824,3838,3825,-1,3825,3838,3839,-1,3825,3839,3837,-1,3840,3841,3824,-1,3824,3841,3842,-1,3824,3842,3838,-1,3824,3818,3840,-1,3840,3818,3807,-1,3840,3807,3843,-1,3843,3807,3806,-1,3843,3806,3844,-1,3844,3806,2591,-1,3844,2591,3845,-1,3846,3847,3841,-1,3841,3847,3848,-1,3841,3848,3842,-1,3842,3848,3849,-1,3842,3849,3838,-1,3838,3849,3850,-1,3838,3850,3839,-1,3839,3850,3851,-1,3839,3851,3837,-1,3837,3851,3852,-1,3837,3852,3836,-1,3841,3840,3846,-1,3846,3840,3843,-1,3846,3843,3853,-1,3853,3843,3844,-1,3853,3844,3854,-1,3854,3844,3845,-1,3854,3845,3855,-1,3855,2590,3856,-1,3855,3856,3854,-1,3854,3856,3857,-1,3854,3857,3853,-1,3853,3857,3858,-1,3853,3858,3846,-1,3846,3858,3847,-1,3847,3858,3859,-1,3847,3859,3848,-1,3848,3859,3849,-1,3849,3859,3860,-1,3849,3860,3850,-1,3850,3860,3851,-1,3851,3860,2583,-1,3851,2583,3852,-1,3860,3859,3861,-1,3861,3859,3862,-1,3861,3862,3863,-1,3863,3862,3864,-1,3863,3864,3865,-1,3865,3864,3866,-1,3865,3866,3867,-1,3867,3866,3868,-1,3867,3868,3869,-1,3869,3868,3870,-1,3869,3870,2589,-1,3859,3858,3862,-1,3862,3858,3871,-1,3862,3871,3864,-1,3864,3871,3872,-1,3864,3872,3866,-1,3866,3872,3873,-1,3866,3873,3868,-1,3868,3873,3874,-1,3868,3874,3870,-1,3870,3874,3875,-1,3870,3875,2589,-1,2583,3860,2584,-1,2584,3860,3861,-1,2584,3861,2585,-1,2585,3861,3863,-1,2585,3863,2586,-1,2586,3863,3865,-1,2586,3865,2587,-1,2587,3865,3867,-1,2587,3867,2588,-1,2588,3867,3869,-1,2588,3869,2589,-1,3857,3856,3876,-1,3876,3856,3877,-1,3876,3877,3878,-1,3878,3877,3879,-1,3878,3879,3880,-1,3880,3879,3881,-1,3880,3881,3882,-1,3882,3881,3883,-1,3882,3883,3884,-1,3884,3883,3885,-1,3884,3885,2589,-1,3856,2590,3877,-1,3877,2590,2593,-1,3877,2593,3879,-1,3879,2593,2595,-1,3879,2595,3881,-1,3881,2595,2597,-1,3881,2597,3883,-1,3883,2597,2599,-1,3883,2599,3885,-1,3885,2599,2601,-1,3885,2601,2589,-1,3858,3857,3871,-1,3871,3857,3876,-1,3871,3876,3872,-1,3872,3876,3878,-1,3872,3878,3873,-1,3873,3878,3880,-1,3873,3880,3874,-1,3874,3880,3882,-1,3874,3882,3875,-1,3875,3882,3884,-1,3875,3884,2589,-1,3886,3887,3888,-1,3888,3887,3889,-1,3888,3889,3890,-1,3890,3889,3891,-1,3890,3891,3892,-1,3892,3891,3893,-1,3892,3893,3894,-1,3894,3893,3895,-1,3894,3895,3896,-1,3896,3895,3897,-1,3896,3897,2740,-1,3887,3898,3889,-1,3889,3898,3899,-1,3889,3899,3891,-1,3891,3899,3900,-1,3891,3900,3893,-1,3893,3900,3901,-1,3893,3901,3895,-1,3895,3901,3902,-1,3895,3902,3897,-1,3897,3902,3903,-1,3897,3903,2740,-1,2729,3886,2730,-1,2730,3886,3888,-1,2730,3888,2732,-1,2732,3888,3890,-1,2732,3890,2734,-1,2734,3890,3892,-1,2734,3892,2736,-1,2736,3892,3894,-1,2736,3894,2738,-1,2738,3894,3896,-1,2738,3896,2740,-1,3904,3905,3906,-1,3906,3905,3907,-1,3906,3907,3908,-1,3908,3907,3909,-1,3908,3909,3910,-1,3910,3909,3911,-1,3910,3911,3912,-1,3912,3911,3913,-1,3912,3913,3914,-1,3914,3913,3915,-1,3914,3915,2740,-1,3905,2752,3907,-1,3907,2752,2751,-1,3907,2751,3909,-1,3909,2751,2748,-1,3909,2748,3911,-1,3911,2748,2746,-1,3911,2746,3913,-1,3913,2746,2744,-1,3913,2744,3915,-1,3915,2744,2742,-1,3915,2742,2740,-1,3898,3904,3899,-1,3899,3904,3906,-1,3899,3906,3900,-1,3900,3906,3908,-1,3900,3908,3901,-1,3901,3908,3910,-1,3901,3910,3902,-1,3902,3910,3912,-1,3902,3912,3903,-1,3903,3912,3914,-1,3903,3914,2740,-1,3916,2752,3917,-1,3917,2752,3905,-1,3904,3918,3905,-1,3905,3918,3919,-1,3905,3919,3917,-1,3920,3921,3904,-1,3904,3921,3922,-1,3904,3922,3918,-1,3904,3898,3920,-1,3920,3898,3887,-1,3920,3887,3923,-1,3923,3887,3886,-1,3923,3886,3924,-1,3924,3886,2729,-1,3924,2729,3925,-1,3926,3916,3927,-1,3927,3916,3917,-1,3927,3917,3928,-1,3928,3917,3919,-1,3928,3919,3929,-1,3929,3919,3918,-1,3929,3918,3930,-1,3918,3922,3930,-1,3930,3922,3921,-1,3930,3921,3931,-1,3931,3921,3932,-1,3921,3920,3932,-1,3932,3920,3923,-1,3932,3923,3933,-1,3933,3923,3924,-1,3933,3924,3934,-1,3934,3924,3925,-1,3934,3925,3935,-1,3935,2728,3936,-1,3935,3936,3934,-1,3934,3936,3937,-1,3934,3937,3933,-1,3933,3937,3938,-1,3933,3938,3932,-1,3932,3938,3931,-1,3931,3938,3939,-1,3931,3939,3930,-1,3930,3939,3929,-1,3929,3939,3940,-1,3929,3940,3928,-1,3928,3940,3927,-1,3927,3940,2721,-1,3927,2721,3926,-1,3940,3939,3941,-1,3941,3939,3942,-1,3941,3942,3943,-1,3943,3942,3944,-1,3943,3944,3945,-1,3945,3944,3946,-1,3945,3946,3947,-1,3947,3946,3948,-1,3947,3948,3949,-1,3949,3948,3950,-1,3949,3950,2727,-1,3939,3938,3942,-1,3942,3938,3951,-1,3942,3951,3944,-1,3944,3951,3952,-1,3944,3952,3946,-1,3946,3952,3953,-1,3946,3953,3948,-1,3948,3953,3954,-1,3948,3954,3950,-1,3950,3954,3955,-1,3950,3955,2727,-1,2721,3940,2722,-1,2722,3940,3941,-1,2722,3941,2723,-1,2723,3941,3943,-1,2723,3943,2724,-1,2724,3943,3945,-1,2724,3945,2725,-1,2725,3945,3947,-1,2725,3947,2726,-1,2726,3947,3949,-1,2726,3949,2727,-1,3937,3936,3956,-1,3956,3936,3957,-1,3956,3957,3958,-1,3958,3957,3959,-1,3958,3959,3960,-1,3960,3959,3961,-1,3960,3961,3962,-1,3962,3961,3963,-1,3962,3963,3964,-1,3964,3963,3965,-1,3964,3965,2727,-1,3936,2728,3957,-1,3957,2728,2731,-1,3957,2731,3959,-1,3959,2731,2733,-1,3959,2733,3961,-1,3961,2733,2735,-1,3961,2735,3963,-1,3963,2735,2737,-1,3963,2737,3965,-1,3965,2737,2739,-1,3965,2739,2727,-1,3938,3937,3951,-1,3951,3937,3956,-1,3951,3956,3952,-1,3952,3956,3958,-1,3952,3958,3953,-1,3953,3958,3960,-1,3953,3960,3954,-1,3954,3960,3962,-1,3954,3962,3955,-1,3955,3962,3964,-1,3955,3964,2727,-1,3966,3967,3968,-1,3968,3967,3969,-1,3968,3969,3970,-1,3970,3969,3971,-1,3970,3971,3972,-1,3972,3971,3973,-1,3972,3973,3974,-1,3974,3973,3975,-1,3974,3975,3976,-1,3976,3975,3977,-1,3976,3977,2786,-1,3967,3978,3969,-1,3969,3978,3979,-1,3969,3979,3971,-1,3971,3979,3980,-1,3971,3980,3973,-1,3973,3980,3981,-1,3973,3981,3975,-1,3975,3981,3982,-1,3975,3982,3977,-1,3977,3982,3983,-1,3977,3983,2786,-1,2775,3966,2776,-1,2776,3966,3968,-1,2776,3968,2778,-1,2778,3968,3970,-1,2778,3970,2780,-1,2780,3970,3972,-1,2780,3972,2782,-1,2782,3972,3974,-1,2782,3974,2784,-1,2784,3974,3976,-1,2784,3976,2786,-1,3984,3985,3986,-1,3986,3985,3987,-1,3986,3987,3988,-1,3988,3987,3989,-1,3988,3989,3990,-1,3990,3989,3991,-1,3990,3991,3992,-1,3992,3991,3993,-1,3992,3993,3994,-1,3994,3993,3995,-1,3994,3995,2786,-1,3985,2798,3987,-1,3987,2798,2797,-1,3987,2797,3989,-1,3989,2797,2794,-1,3989,2794,3991,-1,3991,2794,2792,-1,3991,2792,3993,-1,3993,2792,2790,-1,3993,2790,3995,-1,3995,2790,2788,-1,3995,2788,2786,-1,3978,3984,3979,-1,3979,3984,3986,-1,3979,3986,3980,-1,3980,3986,3988,-1,3980,3988,3981,-1,3981,3988,3990,-1,3981,3990,3982,-1,3982,3990,3992,-1,3982,3992,3983,-1,3983,3992,3994,-1,3983,3994,2786,-1,3996,2798,3997,-1,3997,2798,3985,-1,3984,3998,3985,-1,3985,3998,3999,-1,3985,3999,3997,-1,4000,4001,3984,-1,3984,4001,4002,-1,3984,4002,3998,-1,3984,3978,4000,-1,4000,3978,3967,-1,4000,3967,4003,-1,4003,3967,3966,-1,4003,3966,4004,-1,4004,3966,2775,-1,4004,2775,4005,-1,4006,3996,4007,-1,4007,3996,3997,-1,4007,3997,4008,-1,4008,3997,3999,-1,4008,3999,4009,-1,4009,3999,3998,-1,4009,3998,4010,-1,3998,4002,4010,-1,4010,4002,4001,-1,4010,4001,4011,-1,4011,4001,4012,-1,4001,4000,4012,-1,4012,4000,4003,-1,4012,4003,4013,-1,4013,4003,4004,-1,4013,4004,4014,-1,4014,4004,4005,-1,4014,4005,4015,-1,4015,2774,4016,-1,4015,4016,4014,-1,4014,4016,4017,-1,4014,4017,4013,-1,4013,4017,4018,-1,4013,4018,4012,-1,4012,4018,4011,-1,4011,4018,4019,-1,4011,4019,4010,-1,4010,4019,4009,-1,4009,4019,4020,-1,4009,4020,4008,-1,4008,4020,4007,-1,4007,4020,2767,-1,4007,2767,4006,-1,4020,4019,4021,-1,4021,4019,4022,-1,4021,4022,4023,-1,4023,4022,4024,-1,4023,4024,4025,-1,4025,4024,4026,-1,4025,4026,4027,-1,4027,4026,4028,-1,4027,4028,4029,-1,4029,4028,4030,-1,4029,4030,2773,-1,4019,4018,4022,-1,4022,4018,4031,-1,4022,4031,4024,-1,4024,4031,4032,-1,4024,4032,4026,-1,4026,4032,4033,-1,4026,4033,4028,-1,4028,4033,4034,-1,4028,4034,4030,-1,4030,4034,4035,-1,4030,4035,2773,-1,2767,4020,2768,-1,2768,4020,4021,-1,2768,4021,2769,-1,2769,4021,4023,-1,2769,4023,2770,-1,2770,4023,4025,-1,2770,4025,2771,-1,2771,4025,4027,-1,2771,4027,2772,-1,2772,4027,4029,-1,2772,4029,2773,-1,4017,4016,4036,-1,4036,4016,4037,-1,4036,4037,4038,-1,4038,4037,4039,-1,4038,4039,4040,-1,4040,4039,4041,-1,4040,4041,4042,-1,4042,4041,4043,-1,4042,4043,4044,-1,4044,4043,4045,-1,4044,4045,2773,-1,4016,2774,4037,-1,4037,2774,2777,-1,4037,2777,4039,-1,4039,2777,2779,-1,4039,2779,4041,-1,4041,2779,2781,-1,4041,2781,4043,-1,4043,2781,2783,-1,4043,2783,4045,-1,4045,2783,2785,-1,4045,2785,2773,-1,4018,4017,4031,-1,4031,4017,4036,-1,4031,4036,4032,-1,4032,4036,4038,-1,4032,4038,4033,-1,4033,4038,4040,-1,4033,4040,4034,-1,4034,4040,4042,-1,4034,4042,4035,-1,4035,4042,4044,-1,4035,4044,2773,-1,4046,4047,4048,-1,4048,4047,4049,-1,4048,4049,4050,-1,4050,4049,4051,-1,4050,4051,4052,-1,4052,4051,4053,-1,4052,4053,4054,-1,4054,4053,4055,-1,4054,4055,4056,-1,4056,4055,4057,-1,4056,4057,2832,-1,4047,4058,4049,-1,4049,4058,4059,-1,4049,4059,4051,-1,4051,4059,4060,-1,4051,4060,4053,-1,4053,4060,4061,-1,4053,4061,4055,-1,4055,4061,4062,-1,4055,4062,4057,-1,4057,4062,4063,-1,4057,4063,2832,-1,2821,4046,2822,-1,2822,4046,4048,-1,2822,4048,2824,-1,2824,4048,4050,-1,2824,4050,2826,-1,2826,4050,4052,-1,2826,4052,2828,-1,2828,4052,4054,-1,2828,4054,2830,-1,2830,4054,4056,-1,2830,4056,2832,-1,4064,4065,4066,-1,4066,4065,4067,-1,4066,4067,4068,-1,4068,4067,4069,-1,4068,4069,4070,-1,4070,4069,4071,-1,4070,4071,4072,-1,4072,4071,4073,-1,4072,4073,4074,-1,4074,4073,4075,-1,4074,4075,2832,-1,4065,2844,4067,-1,4067,2844,2843,-1,4067,2843,4069,-1,4069,2843,2840,-1,4069,2840,4071,-1,4071,2840,2838,-1,4071,2838,4073,-1,4073,2838,2836,-1,4073,2836,4075,-1,4075,2836,2834,-1,4075,2834,2832,-1,4058,4064,4059,-1,4059,4064,4066,-1,4059,4066,4060,-1,4060,4066,4068,-1,4060,4068,4061,-1,4061,4068,4070,-1,4061,4070,4062,-1,4062,4070,4072,-1,4062,4072,4063,-1,4063,4072,4074,-1,4063,4074,2832,-1,4076,2844,4077,-1,4077,2844,4065,-1,4064,4078,4065,-1,4065,4078,4079,-1,4065,4079,4077,-1,4080,4081,4064,-1,4064,4081,4082,-1,4064,4082,4078,-1,4064,4058,4080,-1,4080,4058,4047,-1,4080,4047,4083,-1,4083,4047,4046,-1,4083,4046,4084,-1,4084,4046,2821,-1,4084,2821,4085,-1,4086,4076,4087,-1,4087,4076,4077,-1,4087,4077,4088,-1,4077,4079,4088,-1,4088,4079,4078,-1,4088,4078,4089,-1,4089,4078,4082,-1,4089,4082,4090,-1,4090,4082,4081,-1,4090,4081,4091,-1,4091,4081,4092,-1,4081,4080,4092,-1,4092,4080,4083,-1,4092,4083,4093,-1,4093,4083,4084,-1,4093,4084,4094,-1,4094,4084,4085,-1,4094,4085,4095,-1,4095,2820,4096,-1,4095,4096,4094,-1,4094,4096,4097,-1,4094,4097,4093,-1,4093,4097,4098,-1,4093,4098,4092,-1,4092,4098,4091,-1,4091,4098,4099,-1,4091,4099,4090,-1,4090,4099,4089,-1,4089,4099,4100,-1,4089,4100,4088,-1,4088,4100,4087,-1,4087,4100,2813,-1,4087,2813,4086,-1,4100,4099,4101,-1,4101,4099,4102,-1,4101,4102,4103,-1,4103,4102,4104,-1,4103,4104,4105,-1,4105,4104,4106,-1,4105,4106,4107,-1,4107,4106,4108,-1,4107,4108,4109,-1,4109,4108,4110,-1,4109,4110,2819,-1,4099,4098,4102,-1,4102,4098,4111,-1,4102,4111,4104,-1,4104,4111,4112,-1,4104,4112,4106,-1,4106,4112,4113,-1,4106,4113,4108,-1,4108,4113,4114,-1,4108,4114,4110,-1,4110,4114,4115,-1,4110,4115,2819,-1,2813,4100,2814,-1,2814,4100,4101,-1,2814,4101,2815,-1,2815,4101,4103,-1,2815,4103,2816,-1,2816,4103,4105,-1,2816,4105,2817,-1,2817,4105,4107,-1,2817,4107,2818,-1,2818,4107,4109,-1,2818,4109,2819,-1,4097,4096,4116,-1,4116,4096,4117,-1,4116,4117,4118,-1,4118,4117,4119,-1,4118,4119,4120,-1,4120,4119,4121,-1,4120,4121,4122,-1,4122,4121,4123,-1,4122,4123,4124,-1,4124,4123,4125,-1,4124,4125,2819,-1,4096,2820,4117,-1,4117,2820,2823,-1,4117,2823,4119,-1,4119,2823,2825,-1,4119,2825,4121,-1,4121,2825,2827,-1,4121,2827,4123,-1,4123,2827,2829,-1,4123,2829,4125,-1,4125,2829,2831,-1,4125,2831,2819,-1,4098,4097,4111,-1,4111,4097,4116,-1,4111,4116,4112,-1,4112,4116,4118,-1,4112,4118,4113,-1,4113,4118,4120,-1,4113,4120,4114,-1,4114,4120,4122,-1,4114,4122,4115,-1,4115,4122,4124,-1,4115,4124,2819,-1,4126,4127,4128,-1,4128,4127,4129,-1,4128,4129,4130,-1,4130,4129,4131,-1,4130,4131,4132,-1,4132,4131,4133,-1,4132,4133,4134,-1,4134,4133,4135,-1,4134,4135,4136,-1,4136,4135,4137,-1,4136,4137,2878,-1,4127,4138,4129,-1,4129,4138,4139,-1,4129,4139,4131,-1,4131,4139,4140,-1,4131,4140,4133,-1,4133,4140,4141,-1,4133,4141,4135,-1,4135,4141,4142,-1,4135,4142,4137,-1,4137,4142,4143,-1,4137,4143,2878,-1,2867,4126,2868,-1,2868,4126,4128,-1,2868,4128,2870,-1,2870,4128,4130,-1,2870,4130,2872,-1,2872,4130,4132,-1,2872,4132,2874,-1,2874,4132,4134,-1,2874,4134,2876,-1,2876,4134,4136,-1,2876,4136,2878,-1,4144,4145,4146,-1,4146,4145,4147,-1,4146,4147,4148,-1,4148,4147,4149,-1,4148,4149,4150,-1,4150,4149,4151,-1,4150,4151,4152,-1,4152,4151,4153,-1,4152,4153,4154,-1,4154,4153,4155,-1,4154,4155,2878,-1,4145,2890,4147,-1,4147,2890,2889,-1,4147,2889,4149,-1,4149,2889,2886,-1,4149,2886,4151,-1,4151,2886,2884,-1,4151,2884,4153,-1,4153,2884,2882,-1,4153,2882,4155,-1,4155,2882,2880,-1,4155,2880,2878,-1,4138,4144,4139,-1,4139,4144,4146,-1,4139,4146,4140,-1,4140,4146,4148,-1,4140,4148,4141,-1,4141,4148,4150,-1,4141,4150,4142,-1,4142,4150,4152,-1,4142,4152,4143,-1,4143,4152,4154,-1,4143,4154,2878,-1,4156,2890,4157,-1,4157,2890,4145,-1,4144,4158,4145,-1,4145,4158,4159,-1,4145,4159,4157,-1,4160,4161,4144,-1,4144,4161,4162,-1,4144,4162,4158,-1,4144,4138,4160,-1,4160,4138,4127,-1,4160,4127,4163,-1,4163,4127,4126,-1,4163,4126,4164,-1,4164,4126,2867,-1,4164,2867,4165,-1,4166,4156,4167,-1,4167,4156,4157,-1,4167,4157,4168,-1,4168,4157,4159,-1,4168,4159,4169,-1,4169,4159,4158,-1,4169,4158,4170,-1,4170,4158,4162,-1,4170,4162,4171,-1,4171,4162,4161,-1,4171,4161,4172,-1,4161,4160,4172,-1,4172,4160,4163,-1,4172,4163,4173,-1,4173,4163,4164,-1,4173,4164,4174,-1,4174,4164,4165,-1,4174,4165,4175,-1,4175,2866,4176,-1,4175,4176,4174,-1,4174,4176,4177,-1,4174,4177,4173,-1,4173,4177,4178,-1,4173,4178,4172,-1,4172,4178,4171,-1,4171,4178,4179,-1,4171,4179,4170,-1,4170,4179,4169,-1,4169,4179,4180,-1,4169,4180,4168,-1,4168,4180,4167,-1,4167,4180,2859,-1,4167,2859,4166,-1,4180,4179,4181,-1,4181,4179,4182,-1,4181,4182,4183,-1,4183,4182,4184,-1,4183,4184,4185,-1,4185,4184,4186,-1,4185,4186,4187,-1,4187,4186,4188,-1,4187,4188,4189,-1,4189,4188,4190,-1,4189,4190,2865,-1,4179,4178,4182,-1,4182,4178,4191,-1,4182,4191,4184,-1,4184,4191,4192,-1,4184,4192,4186,-1,4186,4192,4193,-1,4186,4193,4188,-1,4188,4193,4194,-1,4188,4194,4190,-1,4190,4194,4195,-1,4190,4195,2865,-1,2859,4180,2860,-1,2860,4180,4181,-1,2860,4181,2861,-1,2861,4181,4183,-1,2861,4183,2862,-1,2862,4183,4185,-1,2862,4185,2863,-1,2863,4185,4187,-1,2863,4187,2864,-1,2864,4187,4189,-1,2864,4189,2865,-1,4177,4176,4196,-1,4196,4176,4197,-1,4196,4197,4198,-1,4198,4197,4199,-1,4198,4199,4200,-1,4200,4199,4201,-1,4200,4201,4202,-1,4202,4201,4203,-1,4202,4203,4204,-1,4204,4203,4205,-1,4204,4205,2865,-1,4176,2866,4197,-1,4197,2866,2869,-1,4197,2869,4199,-1,4199,2869,2871,-1,4199,2871,4201,-1,4201,2871,2873,-1,4201,2873,4203,-1,4203,2873,2875,-1,4203,2875,4205,-1,4205,2875,2877,-1,4205,2877,2865,-1,4178,4177,4191,-1,4191,4177,4196,-1,4191,4196,4192,-1,4192,4196,4198,-1,4192,4198,4193,-1,4193,4198,4200,-1,4193,4200,4194,-1,4194,4200,4202,-1,4194,4202,4195,-1,4195,4202,4204,-1,4195,4204,2865,-1,4206,4207,4208,-1,4208,4207,4209,-1,4208,4209,4210,-1,4210,4209,4211,-1,4210,4211,4212,-1,4212,4211,4213,-1,4212,4213,4214,-1,4214,4213,4215,-1,4214,4215,4216,-1,4216,4215,4217,-1,4216,4217,2924,-1,4207,4218,4209,-1,4209,4218,4219,-1,4209,4219,4211,-1,4211,4219,4220,-1,4211,4220,4213,-1,4213,4220,4221,-1,4213,4221,4215,-1,4215,4221,4222,-1,4215,4222,4217,-1,4217,4222,4223,-1,4217,4223,2924,-1,2913,4206,2914,-1,2914,4206,4208,-1,2914,4208,2916,-1,2916,4208,4210,-1,2916,4210,2918,-1,2918,4210,4212,-1,2918,4212,2920,-1,2920,4212,4214,-1,2920,4214,2922,-1,2922,4214,4216,-1,2922,4216,2924,-1,4224,4225,4226,-1,4226,4225,4227,-1,4226,4227,4228,-1,4228,4227,4229,-1,4228,4229,4230,-1,4230,4229,4231,-1,4230,4231,4232,-1,4232,4231,4233,-1,4232,4233,4234,-1,4234,4233,4235,-1,4234,4235,2924,-1,4225,2936,4227,-1,4227,2936,2935,-1,4227,2935,4229,-1,4229,2935,2932,-1,4229,2932,4231,-1,4231,2932,2930,-1,4231,2930,4233,-1,4233,2930,2928,-1,4233,2928,4235,-1,4235,2928,2926,-1,4235,2926,2924,-1,4218,4224,4219,-1,4219,4224,4226,-1,4219,4226,4220,-1,4220,4226,4228,-1,4220,4228,4221,-1,4221,4228,4230,-1,4221,4230,4222,-1,4222,4230,4232,-1,4222,4232,4223,-1,4223,4232,4234,-1,4223,4234,2924,-1,4236,2936,4237,-1,4237,2936,4225,-1,4224,4238,4225,-1,4225,4238,4239,-1,4225,4239,4237,-1,4240,4241,4224,-1,4224,4241,4242,-1,4224,4242,4238,-1,4224,4218,4240,-1,4240,4218,4207,-1,4240,4207,4243,-1,4243,4207,4206,-1,4243,4206,4244,-1,4244,4206,2913,-1,4244,2913,4245,-1,4246,4236,4237,-1,4246,4237,4247,-1,4247,4237,4239,-1,4247,4239,4248,-1,4248,4239,4238,-1,4248,4238,4249,-1,4249,4238,4242,-1,4249,4242,4250,-1,4250,4242,4251,-1,4251,4242,4241,-1,4251,4241,4252,-1,4241,4240,4252,-1,4252,4240,4243,-1,4252,4243,4253,-1,4253,4243,4244,-1,4253,4244,4254,-1,4254,4244,4245,-1,4254,4245,4255,-1,4255,2912,4256,-1,4255,4256,4254,-1,4254,4256,4257,-1,4254,4257,4253,-1,4253,4257,4258,-1,4253,4258,4252,-1,4252,4258,4251,-1,4251,4258,4259,-1,4251,4259,4250,-1,4250,4259,4249,-1,4249,4259,4260,-1,4249,4260,4248,-1,4248,4260,4247,-1,4247,4260,2905,-1,4247,2905,4246,-1,4260,4259,4261,-1,4261,4259,4262,-1,4261,4262,4263,-1,4263,4262,4264,-1,4263,4264,4265,-1,4265,4264,4266,-1,4265,4266,4267,-1,4267,4266,4268,-1,4267,4268,4269,-1,4269,4268,4270,-1,4269,4270,2911,-1,4259,4258,4262,-1,4262,4258,4271,-1,4262,4271,4264,-1,4264,4271,4272,-1,4264,4272,4266,-1,4266,4272,4273,-1,4266,4273,4268,-1,4268,4273,4274,-1,4268,4274,4270,-1,4270,4274,4275,-1,4270,4275,2911,-1,2905,4260,2906,-1,2906,4260,4261,-1,2906,4261,2907,-1,2907,4261,4263,-1,2907,4263,2908,-1,2908,4263,4265,-1,2908,4265,2909,-1,2909,4265,4267,-1,2909,4267,2910,-1,2910,4267,4269,-1,2910,4269,2911,-1,4257,4256,4276,-1,4276,4256,4277,-1,4276,4277,4278,-1,4278,4277,4279,-1,4278,4279,4280,-1,4280,4279,4281,-1,4280,4281,4282,-1,4282,4281,4283,-1,4282,4283,4284,-1,4284,4283,4285,-1,4284,4285,2911,-1,4256,2912,4277,-1,4277,2912,2915,-1,4277,2915,4279,-1,4279,2915,2917,-1,4279,2917,4281,-1,4281,2917,2919,-1,4281,2919,4283,-1,4283,2919,2921,-1,4283,2921,4285,-1,4285,2921,2923,-1,4285,2923,2911,-1,4258,4257,4271,-1,4271,4257,4276,-1,4271,4276,4272,-1,4272,4276,4278,-1,4272,4278,4273,-1,4273,4278,4280,-1,4273,4280,4274,-1,4274,4280,4282,-1,4274,4282,4275,-1,4275,4282,4284,-1,4275,4284,2911,-1,4286,4287,4288,-1,4288,4287,4289,-1,4288,4289,4290,-1,4290,4289,4291,-1,4290,4291,4292,-1,4292,4291,4293,-1,4292,4293,4294,-1,4294,4293,4295,-1,4294,4295,4296,-1,4296,4295,4297,-1,4296,4297,2970,-1,4287,4298,4289,-1,4289,4298,4299,-1,4289,4299,4291,-1,4291,4299,4300,-1,4291,4300,4293,-1,4293,4300,4301,-1,4293,4301,4295,-1,4295,4301,4302,-1,4295,4302,4297,-1,4297,4302,4303,-1,4297,4303,2970,-1,2959,4286,2960,-1,2960,4286,4288,-1,2960,4288,2962,-1,2962,4288,4290,-1,2962,4290,2964,-1,2964,4290,4292,-1,2964,4292,2966,-1,2966,4292,4294,-1,2966,4294,2968,-1,2968,4294,4296,-1,2968,4296,2970,-1,4304,4305,4306,-1,4306,4305,4307,-1,4306,4307,4308,-1,4308,4307,4309,-1,4308,4309,4310,-1,4310,4309,4311,-1,4310,4311,4312,-1,4312,4311,4313,-1,4312,4313,4314,-1,4314,4313,4315,-1,4314,4315,2970,-1,4305,2982,4307,-1,4307,2982,2981,-1,4307,2981,4309,-1,4309,2981,2978,-1,4309,2978,4311,-1,4311,2978,2976,-1,4311,2976,4313,-1,4313,2976,2974,-1,4313,2974,4315,-1,4315,2974,2972,-1,4315,2972,2970,-1,4298,4304,4299,-1,4299,4304,4306,-1,4299,4306,4300,-1,4300,4306,4308,-1,4300,4308,4301,-1,4301,4308,4310,-1,4301,4310,4302,-1,4302,4310,4312,-1,4302,4312,4303,-1,4303,4312,4314,-1,4303,4314,2970,-1,4316,2982,4317,-1,4317,2982,4305,-1,4304,4318,4305,-1,4305,4318,4319,-1,4305,4319,4317,-1,4320,4321,4304,-1,4304,4321,4322,-1,4304,4322,4318,-1,4304,4298,4320,-1,4320,4298,4287,-1,4320,4287,4323,-1,4323,4287,4286,-1,4323,4286,4324,-1,4324,4286,2959,-1,4324,2959,4325,-1,4326,4316,4327,-1,4327,4316,4317,-1,4327,4317,4328,-1,4328,4317,4319,-1,4328,4319,4329,-1,4329,4319,4318,-1,4329,4318,4330,-1,4318,4322,4330,-1,4330,4322,4321,-1,4330,4321,4331,-1,4331,4321,4332,-1,4321,4320,4332,-1,4332,4320,4323,-1,4332,4323,4333,-1,4333,4323,4324,-1,4333,4324,4334,-1,4334,4324,4325,-1,4334,4325,4335,-1,4335,2958,4336,-1,4335,4336,4334,-1,4334,4336,4337,-1,4334,4337,4333,-1,4333,4337,4338,-1,4333,4338,4332,-1,4332,4338,4331,-1,4331,4338,4339,-1,4331,4339,4330,-1,4330,4339,4329,-1,4329,4339,4340,-1,4329,4340,4328,-1,4328,4340,4327,-1,4327,4340,2951,-1,4327,2951,4326,-1,4340,4339,4341,-1,4341,4339,4342,-1,4341,4342,4343,-1,4343,4342,4344,-1,4343,4344,4345,-1,4345,4344,4346,-1,4345,4346,4347,-1,4347,4346,4348,-1,4347,4348,4349,-1,4349,4348,4350,-1,4349,4350,2957,-1,4339,4338,4342,-1,4342,4338,4351,-1,4342,4351,4344,-1,4344,4351,4352,-1,4344,4352,4346,-1,4346,4352,4353,-1,4346,4353,4348,-1,4348,4353,4354,-1,4348,4354,4350,-1,4350,4354,4355,-1,4350,4355,2957,-1,2951,4340,2952,-1,2952,4340,4341,-1,2952,4341,2953,-1,2953,4341,4343,-1,2953,4343,2954,-1,2954,4343,4345,-1,2954,4345,2955,-1,2955,4345,4347,-1,2955,4347,2956,-1,2956,4347,4349,-1,2956,4349,2957,-1,4337,4336,4356,-1,4356,4336,4357,-1,4356,4357,4358,-1,4358,4357,4359,-1,4358,4359,4360,-1,4360,4359,4361,-1,4360,4361,4362,-1,4362,4361,4363,-1,4362,4363,4364,-1,4364,4363,4365,-1,4364,4365,2957,-1,4336,2958,4357,-1,4357,2958,2961,-1,4357,2961,4359,-1,4359,2961,2963,-1,4359,2963,4361,-1,4361,2963,2965,-1,4361,2965,4363,-1,4363,2965,2967,-1,4363,2967,4365,-1,4365,2967,2969,-1,4365,2969,2957,-1,4338,4337,4351,-1,4351,4337,4356,-1,4351,4356,4352,-1,4352,4356,4358,-1,4352,4358,4353,-1,4353,4358,4360,-1,4353,4360,4354,-1,4354,4360,4362,-1,4354,4362,4355,-1,4355,4362,4364,-1,4355,4364,2957,-1,
        ]
    }
}
Shape{
    appearance Appearance {
        material  Material 	{
            diffuseColor 0.25098039215686274 0.25098039215686274 0.25098039215686274
            specularColor 0.12549019607843137 0.12549019607843137 0.12549019607843137
            ambientIntensity 0.251
            transparency 0.0
            shininess 0.5
        }
    }
    geometry IndexedFaceSet {
        ccw TRUE
        solid FALSE
        coord DEF co Coordinate {
            point [
                0.1348 0.1863 0.0157, 0.1348 0.1777 0.0157, 0.1348 0.1863 0.0197, 0.1348 0.1777 0.0197, 0.1646 0.1863 0.0157, 0.1646 0.1863 0.0197, 0.1646 0.2564 0.0157, 0.1646 0.2564 0.0197, 0.1752 0.2564 0.0157, 0.1752 0.2564 0.0197, 0.1752 0.1777 0.0157, 0.1752 0.1777 0.0197, 0.0695 0.1904 0.0157, 0.0695 0.1818 0.0157, 0.0695 0.1904 0.0197, 0.0695 0.1818 0.0197, 0.071 0.1896 0.0197, 0.071 0.1896 0.0157, 0.0793 0.1865 0.0197, 0.0793 0.1865 0.0157, 0.0897 0.1854 0.0197, 0.0897 0.1854 0.0157, 0.0971 0.1862 0.0197, 0.0971 0.1862 0.0157, 0.1028 0.1883 0.0197, 0.1028 0.1883 0.0157, 0.1077 0.1916 0.0197, 0.1077 0.1916 0.0157, 0.1114 0.1955 0.0197, 0.1114 0.1955 0.0157, 0.1146 0.2009 0.0197, 0.1146 0.2009 0.0157, 0.1168 0.2077 0.0197, 0.1168 0.2077 0.0157, 0.1176 0.2162 0.0197, 0.1176 0.2162 0.0157, 0.1172 0.2223 0.0197, 0.1172 0.2223 0.0157, 0.1151 0.2308 0.0197, 0.1151 0.2308 0.0157, 0.1118 0.2369 0.0197, 0.1118 0.2369 0.0157, 0.1071 0.2421 0.0197, 0.1071 0.2421 0.0157, 0.1016 0.2457 0.0197, 0.1016 0.2457 0.0157, 0.0957 0.2479 0.0197, 0.0957 0.2479 0.0157, 0.088 0.2487 0.0197, 0.088 0.2487 0.0157, 0.0784 0.2475 0.0197, 0.0784 0.2475 0.0157, 0.0695 0.2437 0.0197, 0.0695 0.2437 0.0157, 0.0695 0.2543 0.0157, 0.0695 0.2543 0.0197, 0.0786 0.2567 0.0197, 0.0786 0.2567 0.0157, 0.0881 0.2574 0.0197, 0.0881 0.2574 0.0157, 0.096 0.2567 0.0197, 0.096 0.2567 0.0157, 0.1048 0.2542 0.0197, 0.1048 0.2542 0.0157, 0.1122 0.2499 0.0197, 0.1122 0.2499 0.0157, 0.1193 0.2431 0.0197, 0.1193 0.2431 0.0157, 0.124 0.2357 0.0197, 0.124 0.2357 0.0157, 0.127 0.2268 0.0197, 0.127 0.2268 0.0157, 0.1281 0.2156 0.0197, 0.1281 0.2156 0.0157, 0.1274 0.2065 0.0197, 0.1274 0.2065 0.0157, 0.125 0.1981 0.0197, 0.125 0.1981 0.0157, 0.1208 0.1906 0.0197, 0.1208 0.1906 0.0157, 0.1149 0.1844 0.0197, 0.1149 0.1844 0.0157, 0.1085 0.1804 0.0197, 0.1085 0.1804 0.0157, 0.1009 0.1777 0.0197, 0.1009 0.1777 0.0157, 0.0912 0.1767 0.0157, 0.0958 0.1772 0.0197, 0.0912 0.1767 0.0197, 0.0779 0.1783 0.0157, 0.0891 0.1768 0.0197, 0.0891 0.1768 0.0157, 0.0859 0.1772 0.0197, 0.0779 0.1783 0.0197, 0.0119 0.1863 0.0157, 0.0119 0.1777 0.0157, 0.0119 0.1863 0.0197, 0.0119 0.1777 0.0197, 0.0436 0.1863 0.0157, 0.0436 0.1863 0.0197, 0.0436 0.2132 0.0157, 0.0436 0.2132 0.0197, 0.0158 0.2132 0.0157, 0.0158 0.2132 0.0197, 0.0158 0.2219 0.0157, 0.0158 0.2219 0.0197, 0.0436 0.2219 0.0157, 0.0436 0.2219 0.0197, 0.0436 0.2478 0.0157, 0.0436 0.2478 0.0197, 0.0138 0.2478 0.0157, 0.0138 0.2478 0.0197, 0.0138 0.2564 0.0157, 0.0138 0.2564 0.0197, 0.0542 0.2564 0.0157, 0.0542 0.2564 0.0197, 0.0542 0.1777 0.0157, 0.0542 0.1777 0.0197, -0.0641 0.2332 0.0157, -0.0605 0.24 0.0157, -0.051 0.2367 0.0157, -0.0549 0.2462 0.0157, -0.0472 0.2408 0.0157, -0.0548 0.2462 0.0157, -0.0414 0.2445 0.0157, -0.0462 0.252 0.0157, -0.0349 0.2468 0.0157, -0.037 0.2552 0.0157, -0.0256 0.2478 0.0157, -0.0257 0.2564 0.0157, -0.014 0.2478 0.0157, -0.0034 0.2564 0.0157, -0.014 0.1863 0.0157, -0.0034 0.1777 0.0157, -0.0252 0.1863 0.0157, -0.0248 0.1777 0.0157, -0.0335 0.1871 0.0157, -0.0346 0.1785 0.0157, -0.0401 0.1892 0.0157, -0.0437 0.1812 0.0157, -0.0455 0.1924 0.0157, -0.0519 0.186 0.0157, -0.0499 0.1967 0.0157, -0.0584 0.1922 0.0157, -0.0532 0.2022 0.0157, -0.0629 0.1993 0.0157, -0.0555 0.2096 0.0157, -0.0657 0.2075 0.0157, -0.0563 0.2178 0.0157, -0.0668 0.218 0.0157, -0.0556 0.2257 0.0157, -0.0662 0.2255 0.0157, -0.0537 0.2319 0.0157, -0.0248 0.1777 0.0197, -0.0034 0.1777 0.0197, -0.0346 0.1785 0.0197, -0.0437 0.1812 0.0197, -0.0519 0.186 0.0197, -0.0584 0.1922 0.0197, -0.0629 0.1993 0.0197, -0.0657 0.2075 0.0197, -0.0668 0.218 0.0197, -0.0662 0.2255 0.0197, -0.0641 0.2332 0.0197, -0.0605 0.24 0.0197, -0.0549 0.2462 0.0197, -0.0548 0.2462 0.0197, -0.0462 0.252 0.0197, -0.037 0.2552 0.0197, -0.0257 0.2564 0.0197, -0.0034 0.2564 0.0197, -0.0256 0.2478 0.0197, -0.014 0.2478 0.0197, -0.014 0.1863 0.0197, -0.0252 0.1863 0.0197, -0.0563 0.2178 0.0197, -0.0555 0.2096 0.0197, -0.0532 0.2022 0.0197, -0.0499 0.1967 0.0197, -0.0455 0.1924 0.0197, -0.0401 0.1892 0.0197, -0.0335 0.1871 0.0197, -0.0349 0.2468 0.0197, -0.0414 0.2445 0.0197, -0.0472 0.2408 0.0197, -0.051 0.2367 0.0197, -0.0537 0.2319 0.0197, -0.0556 0.2257 0.0197
            ]
        }
        coordIndex [
            0,1,2,-1,2,1,3,-1,4,0,5,-1,5,0,2,-1,6,4,7,-1,7,4,5,-1,8,6,9,-1,9,6,7,-1,10,8,11,-1,11,8,9,-1,1,10,3,-1,3,10,11,-1,6,8,4,-1,4,8,10,-1,4,10,0,-1,0,10,1,-1,12,13,14,-1,14,13,15,-1,12,14,16,-1,12,16,17,-1,17,16,18,-1,17,18,19,-1,19,18,20,-1,19,20,21,-1,21,20,22,-1,21,22,23,-1,23,22,24,-1,23,24,25,-1,25,24,26,-1,25,26,27,-1,27,26,28,-1,27,28,29,-1,29,28,30,-1,29,30,31,-1,31,30,32,-1,31,32,33,-1,33,32,34,-1,33,34,35,-1,35,34,36,-1,35,36,37,-1,37,36,38,-1,37,38,39,-1,39,38,40,-1,39,40,41,-1,41,40,42,-1,41,42,43,-1,43,42,44,-1,43,44,45,-1,45,44,46,-1,45,46,47,-1,47,46,48,-1,47,48,49,-1,49,48,50,-1,49,50,51,-1,51,50,52,-1,51,52,53,-1,54,53,55,-1,55,53,52,-1,54,55,56,-1,54,56,57,-1,57,56,58,-1,57,58,59,-1,59,58,60,-1,59,60,61,-1,61,60,62,-1,61,62,63,-1,63,62,64,-1,63,64,65,-1,65,64,66,-1,65,66,67,-1,67,66,68,-1,67,68,69,-1,69,68,70,-1,69,70,71,-1,71,70,72,-1,71,72,73,-1,73,72,74,-1,73,74,75,-1,75,74,76,-1,75,76,77,-1,77,76,78,-1,77,78,79,-1,79,78,80,-1,79,80,81,-1,81,80,82,-1,81,82,83,-1,83,82,84,-1,83,84,85,-1,85,84,86,-1,86,84,87,-1,86,87,88,-1,15,13,89,-1,86,88,90,-1,86,90,91,-1,91,90,92,-1,91,92,89,-1,89,92,93,-1,89,93,15,-1,23,86,21,-1,21,86,91,-1,21,91,19,-1,19,91,89,-1,19,89,17,-1,17,89,13,-1,17,13,12,-1,53,54,51,-1,51,54,57,-1,51,57,49,-1,49,57,59,-1,49,59,47,-1,47,59,61,-1,47,61,45,-1,45,61,63,-1,45,63,43,-1,43,63,65,-1,43,65,41,-1,41,65,67,-1,41,67,39,-1,39,67,69,-1,39,69,37,-1,37,69,71,-1,37,71,35,-1,35,71,73,-1,35,73,33,-1,33,73,75,-1,33,75,31,-1,31,75,77,-1,31,77,29,-1,29,77,79,-1,29,79,27,-1,27,79,81,-1,27,81,25,-1,25,81,83,-1,25,83,23,-1,23,83,85,-1,23,85,86,-1,94,95,96,-1,96,95,97,-1,98,94,99,-1,99,94,96,-1,100,98,101,-1,101,98,99,-1,102,100,103,-1,103,100,101,-1,104,102,105,-1,105,102,103,-1,106,104,107,-1,107,104,105,-1,108,106,109,-1,109,106,107,-1,110,108,111,-1,111,108,109,-1,112,110,113,-1,113,110,111,-1,114,112,115,-1,115,112,113,-1,116,114,117,-1,117,114,115,-1,95,116,97,-1,97,116,117,-1,116,95,94,-1,94,98,116,-1,116,98,100,-1,116,100,114,-1,110,112,108,-1,108,112,114,-1,108,114,106,-1,106,114,100,-1,106,100,104,-1,104,100,102,-1,118,119,120,-1,120,119,121,-1,120,121,122,-1,122,121,123,-1,122,123,124,-1,124,123,125,-1,124,125,126,-1,126,125,127,-1,126,127,128,-1,128,127,129,-1,128,129,130,-1,130,129,131,-1,130,131,132,-1,132,131,133,-1,132,133,134,-1,134,133,135,-1,134,135,136,-1,136,135,137,-1,136,137,138,-1,138,137,139,-1,138,139,140,-1,140,139,141,-1,140,141,142,-1,142,141,143,-1,142,143,144,-1,144,143,145,-1,144,145,146,-1,146,145,147,-1,146,147,148,-1,148,147,149,-1,148,149,150,-1,150,149,151,-1,150,151,152,-1,152,151,118,-1,152,118,120,-1,135,133,153,-1,153,133,154,-1,135,153,155,-1,135,155,137,-1,137,155,156,-1,137,156,139,-1,139,156,157,-1,139,157,141,-1,141,157,158,-1,141,158,143,-1,143,158,159,-1,143,159,145,-1,145,159,160,-1,145,160,147,-1,147,160,161,-1,147,161,149,-1,149,161,162,-1,149,162,151,-1,151,162,163,-1,151,163,118,-1,118,163,164,-1,118,164,119,-1,119,164,165,-1,119,165,121,-1,121,165,166,-1,121,166,123,-1,123,166,167,-1,123,167,125,-1,125,167,168,-1,125,168,127,-1,127,168,169,-1,127,169,129,-1,131,129,170,-1,170,129,169,-1,133,131,154,-1,154,131,170,-1,128,130,171,-1,171,130,172,-1,130,132,172,-1,172,132,173,-1,132,134,173,-1,173,134,174,-1,148,175,176,-1,148,176,146,-1,146,176,177,-1,146,177,144,-1,144,177,178,-1,144,178,142,-1,142,178,179,-1,142,179,140,-1,140,179,180,-1,140,180,138,-1,138,180,181,-1,138,181,136,-1,136,181,174,-1,136,174,134,-1,128,171,182,-1,128,182,126,-1,126,182,183,-1,126,183,124,-1,124,183,184,-1,124,184,122,-1,122,184,185,-1,122,185,120,-1,120,185,186,-1,120,186,152,-1,152,186,187,-1,152,187,150,-1,150,187,175,-1,150,175,148,-1,
        ]
    }
}
Shape{
    appearance Appearance {
        material  Material 	{
            diffuseColor 1.0 0.984313725490196 0.9411764705882353
            specularColor 0.5019607843137255 0.49411764705882355 0.47058823529411764
            ambientIntensity 0.9841
            transparency 0.0
            shininess 0.5
        }
    }
    geometry IndexedFaceSet {
        ccw TRUE
        solid FALSE
        coord DEF co Coordinate {
            point [
                -0.014 0.2478 0.0197, -0.014 0.1863 0.0197, -0.0256 0.2478 0.0197, -0.0252 0.1863 0.0197, -0.0335 0.1871 0.0197, -0.0563 0.2178 0.0197, -0.0556 0.2257 0.0197, -0.0537 0.2319 0.0197, -0.0349 0.2468 0.0197, -0.0401 0.1892 0.0197, -0.0455 0.1924 0.0197, -0.0499 0.1967 0.0197, -0.0532 0.2022 0.0197, -0.0555 0.2096 0.0197, -0.051 0.2367 0.0197, -0.0472 0.2408 0.0197, -0.0414 0.2445 0.0197
            ]
        }
        coordIndex [
            0,1,2,-1,2,1,3,-1,2,3,4,-1,5,6,2,-1,2,6,7,-1,2,7,8,-1,4,9,2,-1,2,9,10,-1,2,10,11,-1,11,12,2,-1,2,12,13,-1,2,13,5,-1,14,15,7,-1,7,15,16,-1,7,16,8,-1,
        ]
    }
}
Shape{
    appearance Appearance {
        material  Material 	{
            diffuseColor 0.25098039215686274 0.25098039215686274 0.25098039215686274
            specularColor 0.12549019607843137 0.12549019607843137 0.12549019607843137
            ambientIntensity 0.251
            transparency 0.0
            shininess 0.5
        }
    }
    geometry IndexedFaceSet {
        ccw TRUE
        solid FALSE
        coord DEF co Coordinate {
            point [
                -0.0943 0.2084 0.0157, -0.0916 0.1998 0.0157, -0.1206 0.2084 0.0157, -0.1241 0.1998 0.0157, -0.106 0.2413 0.0157, -0.1023 0.2564 0.0157, -0.0726 0.1777 0.0157, -0.0841 0.1777 0.0157, -0.1068 0.244 0.0157, -0.1073 0.2468 0.0157, -0.1129 0.2564 0.0157, -0.1075 0.2468 0.0157, -0.108 0.244 0.0157, -0.1088 0.2413 0.0157, -0.1436 0.1777 0.0157, -0.1321 0.1777 0.0157, -0.1129 0.2564 0.0197, -0.1436 0.1777 0.0197, -0.1023 0.2564 0.0197, -0.0726 0.1777 0.0197, -0.0841 0.1777 0.0197, -0.0916 0.1998 0.0197, -0.1241 0.1998 0.0197, -0.1321 0.1777 0.0197, -0.0943 0.2084 0.0197, -0.1206 0.2084 0.0197, -0.1088 0.2413 0.0197, -0.1075 0.2468 0.0197, -0.108 0.244 0.0197, -0.1073 0.2468 0.0197, -0.106 0.2413 0.0197, -0.1068 0.244 0.0197
            ]
        }
        coordIndex [
            0,1,2,-1,2,1,3,-1,4,5,0,-1,0,5,6,-1,0,6,1,-1,1,6,7,-1,4,8,5,-1,5,8,9,-1,5,9,10,-1,10,9,11,-1,10,11,12,-1,12,13,10,-1,10,13,2,-1,10,2,14,-1,14,2,3,-1,14,3,15,-1,10,14,16,-1,16,14,17,-1,5,10,18,-1,18,10,16,-1,6,5,19,-1,19,5,18,-1,7,6,20,-1,20,6,19,-1,1,7,21,-1,21,7,20,-1,3,1,22,-1,22,1,21,-1,15,3,23,-1,23,3,22,-1,14,15,17,-1,17,15,23,-1,0,2,24,-1,24,2,25,-1,2,13,25,-1,25,13,26,-1,11,27,28,-1,11,28,12,-1,12,28,26,-1,12,26,13,-1,11,9,27,-1,27,9,29,-1,4,30,31,-1,4,31,8,-1,8,31,29,-1,8,29,9,-1,4,0,30,-1,30,0,24,-1,
        ]
    }
}
Shape{
    appearance Appearance {
        material  Material 	{
            diffuseColor 1.0 0.984313725490196 0.9411764705882353
            specularColor 0.5019607843137255 0.49411764705882355 0.47058823529411764
            ambientIntensity 0.9841
            transparency 0.0
            shininess 0.5
        }
    }
    geometry IndexedFaceSet {
        ccw TRUE
        solid FALSE
        coord DEF co Coordinate {
            point [
                -0.0943 0.2084 0.0197, -0.1206 0.2084 0.0197, -0.106 0.2413 0.0197, -0.1088 0.2413 0.0197, -0.1068 0.244 0.0197, -0.108 0.244 0.0197, -0.1073 0.2468 0.0197, -0.1075 0.2468 0.0197
            ]
        }
        coordIndex [
            0,1,2,-1,2,1,3,-1,2,3,4,-1,4,3,5,-1,4,5,6,-1,6,5,7,-1,
        ]
    }
}