#VRML V2.0 utf8
# 3D model generated by easyeda2kicad.py (https://github.com/uPesy/easyeda2kicad.py)

Shape{
    appearance Appearance {
        material  Material 	{
            diffuseColor 1.0 1.0 1.0
            specularColor 0.5019607843137255 0.5019607843137255 0.5019607843137255
            ambientIntensity 1.0
            transparency 0.0
            shininess 0.5
        }
    }
    geometry IndexedFaceSet {
        ccw TRUE
        solid FALSE
        coord DEF co Coordinate {
            point [
                1.437 -0.6122 0.374, 1.437 -0.6462 0.7874, 1.437 -0.6462 0.0394, 1.437 0.6423 0.7874, 1.437 0.6083 0.374, 1.437 0.6423 0.0394, 1.437 0.6083 0.3346, 1.437 -0.6122 0.3346, -0.2217 1.5572 0.29, -0.2205 1.5573 0.2885, -0.2761 1.5485 0.3134, 0.0044 1.5729 0.3908, 0.0044 1.5729 0.3738, 0.0 1.5729 0.3738, 0.0044 1.5729 0.3615, 0.0044 1.5729 0.3256, 0.0 1.5729 0.3256, -0.1003 1.5697 0.5785, -0.0972 1.5699 0.5789, -0.1075 1.5692 0.4947, -1.437 0.6423 0.0394, -1.437 0.6423 0.7874, -1.4201 0.6788 0.7874, 0.1336 1.5672 0.3472, 0.0182 1.5728 0.3134, 0.1186 1.5684 0.3693, 0.0182 1.5728 0.3668, 0.1174 1.5685 0.3719, 0.0182 1.5728 0.4202, 0.1101 1.569 0.3888, 0.1118 1.5689 0.3848, 0.1526 1.5654 0.3317, 0.1574 1.565 0.3278, 0.2205 1.5573 0.0394, 0.161 1.5646 0.3261, 0.1736 1.5632 0.3205, 0.1766 1.5629 0.3192, 0.2023 1.5598 0.3131, 0.1974 1.5604 0.5512, 0.1804 1.5625 0.5188, 0.1522 1.5655 0.5034, 0.2205 1.5573 0.5781, 0.1979 1.5604 0.5522, 0.0182 1.5728 0.5896, 0.1497 1.5657 0.502, 0.1372 1.5669 0.4918, 0.1342 1.5671 0.4893, 0.129 1.5676 0.4823, 0.0182 1.5728 0.5362, 0.124 1.568 0.4756, 0.1218 1.5681 0.4704, 0.0182 1.5728 0.4828, 0.1135 1.5688 0.4505, 0.1133 1.5688 0.45, 0.1132 1.5688 0.4494, 0.1056 1.5693 0.4193, 0.1092 1.5691 0.3951, 0.0044 1.5729 0.495, 0.0 1.5729 0.495, 0.0044 1.5729 0.5896, 0.0 1.5729 0.7874, 0.2205 1.5573 0.7874, 0.2211 1.5573 0.5787, -0.1667 1.564 0.3142, -0.1643 1.5643 0.3131, -0.1922 1.5611 0.2786, -0.1627 1.5644 0.3128, -0.1574 1.565 0.312, -0.1558 1.5651 0.3119, -0.1519 1.5655 0.3116, -0.2188 1.5576 0.2864, -0.218 1.5577 0.2854, -0.2205 1.5573 0.0394, -0.2168 1.5579 0.2845, -0.214 1.5583 0.2826, -0.2128 1.5584 0.2822, -0.2021 1.5598 0.278, -0.2008 1.56 0.2775, 0.0 1.5729 0.0394, -0.1132 1.5688 0.3134, -0.0999 1.5697 0.3134, -0.0686 1.5714 0.3125, -0.0679 1.5714 0.3126, -0.0392 1.5724 0.3134, -0.0659 1.5715 0.3134, -0.0644 1.5715 0.314, -0.0622 1.5716 0.3154, -0.0586 1.5718 0.3176, -0.055 1.5719 0.3223, -0.0533 1.572 0.3254, -0.0392 1.5724 0.3256, -0.0537 1.5719 0.3245, -0.0545 1.5719 0.323, -0.0531 1.572 0.327, -0.052 1.572 0.3339, -0.0539 1.5719 0.3428, -0.054 1.5719 0.3432, -0.0551 1.5719 0.3458, -0.0559 1.5719 0.3476, -0.0581 1.5718 0.3505, -0.0595 1.5717 0.3714, -0.0565 1.5718 0.3485, -0.0582 1.5718 0.3507, -0.0601 1.5717 0.3522, -0.0606 1.5717 0.3526, -0.0635 1.5716 0.354, -0.067 1.5714 0.3556, -0.0662 1.5715 0.3757, -0.0727 1.5712 0.3574, -0.0697 1.5713 0.3773, -0.0773 1.571 0.3587, -0.0724 1.5712 0.3786, -0.0736 1.5711 0.3788, -0.0999 1.5697 0.3619, -0.0988 1.5698 0.3696, -0.0987 1.5698 0.3706, -0.0979 1.5698 0.3727, -0.0976 1.5698 0.3736, -0.0973 1.5698 0.3741, -0.0967 1.5699 0.3749, -0.0966 1.5699 0.3751, -0.0957 1.5699 0.3759, -0.0954 1.57 0.3761, -0.0937 1.5701 0.3771, -0.0845 1.5706 0.3806, -0.0889 1.5703 0.3791, -0.0921 1.5702 0.378, -0.0999 1.5697 0.3252, -0.0934 1.5701 0.3178, -0.0933 1.5701 0.3177, -0.0905 1.5703 0.3156, -0.09 1.5703 0.3152, -0.088 1.5704 0.3145, -0.085 1.5706 0.3134, -0.0821 1.5707 0.3128, -0.0762 1.571 0.3116, 0.0 1.5729 0.3134, -0.1895 1.5614 0.3897, -0.1825 1.5622 0.3342, -0.2191 1.5575 0.3136, -0.1816 1.5624 0.3282, -0.1815 1.5624 0.3276, -0.1809 1.5624 0.3258, -0.2133 1.5583 0.2997, -0.1805 1.5625 0.3249, -0.1799 1.5625 0.324, -0.2123 1.5585 0.2978, -0.1788 1.5627 0.3225, -0.2105 1.5587 0.295, -0.174 1.5632 0.3177, -0.1922 1.5611 0.2905, -0.178 1.5628 0.3217, -0.1997 1.5601 0.289, -0.2044 1.5595 0.2902, -0.1984 1.5603 0.2891, -0.1959 1.5606 0.2897, -0.2056 1.5594 0.2905, -0.2065 1.5593 0.2909, -0.2076 1.5591 0.2915, -0.2078 1.5591 0.2917, -0.2089 1.5589 0.2927, -0.2091 1.5589 0.2929, -0.2043 1.5595 0.3897, -0.2205 1.5573 0.7874, -0.2007 1.56 0.4828, -0.2007 1.56 0.495, -0.1593 1.5648 0.323, -0.1685 1.5638 0.3352, -0.1532 1.5654 0.3226, -0.1518 1.5655 0.3228, -0.1602 1.5647 0.3231, -0.1615 1.5646 0.3235, -0.1626 1.5644 0.3238, -0.1629 1.5644 0.3239, -0.1637 1.5643 0.3244, -0.1638 1.5643 0.3244, -0.1645 1.5642 0.3251, -0.1648 1.5642 0.3254, -0.1657 1.5641 0.3266, -0.1667 1.564 0.3281, -0.1676 1.5639 0.3301, -0.1689 1.5638 0.3329, -0.1428 1.5664 0.3242, -0.1684 1.5638 0.3359, -0.1682 1.5638 0.3364, -0.168 1.5639 0.337, -0.1678 1.5639 0.3373, -0.1669 1.564 0.3385, -0.1668 1.564 0.3387, -0.1655 1.5641 0.3401, -0.1416 1.5665 0.3244, -0.1515 1.5655 0.347, -0.139 1.5667 0.3258, -0.1428 1.5664 0.3512, -0.1313 1.5674 0.3299, -0.1416 1.5665 0.3517, -0.1352 1.567 0.3571, -0.1414 1.5665 0.3127, -0.1404 1.5666 0.3128, -0.1313 1.5674 0.3161, -0.1132 1.5688 0.338, -0.1132 1.5688 0.3625, -0.133 1.5672 0.3611, -0.1324 1.5673 0.3622, -0.1322 1.5673 0.3631, -0.1317 1.5673 0.3652, -0.1316 1.5673 0.3663, -0.1314 1.5674 0.3691, -0.1324 1.5673 0.375, -0.1325 1.5673 0.376, -0.1331 1.5672 0.3773, -0.1335 1.5672 0.3784, -0.1341 1.5671 0.3792, -0.1357 1.567 0.3812, -0.136 1.567 0.3816, -0.1399 1.5666 0.3854, -0.1468 1.566 0.3888, -0.1492 1.5658 0.3899, -0.1506 1.5656 0.3902, -0.1558 1.5651 0.391, -0.157 1.565 0.3911, -0.1609 1.5646 0.3914, -0.17 1.5636 0.3903, -0.1728 1.5633 0.39, -0.1789 1.5627 0.3881, -0.1789 1.5627 0.3751, -0.1552 1.5652 0.3801, -0.1542 1.5653 0.38, -0.1531 1.5654 0.3795, -0.1719 1.5634 0.3516, -0.1717 1.5635 0.3784, -0.1697 1.5637 0.3793, -0.1679 1.5639 0.3795, -0.1596 1.5647 0.3806, -0.1491 1.5658 0.3777, -0.1473 1.566 0.376, -0.1469 1.566 0.3757, -0.1465 1.566 0.3751, -0.1462 1.5661 0.3746, -0.1456 1.5661 0.3731, -0.1451 1.5662 0.3703, -0.1454 1.5661 0.3679, -0.146 1.5661 0.3743, -0.1457 1.5661 0.3733, -0.1455 1.5661 0.3672, -0.1456 1.5661 0.3668, -0.1458 1.5661 0.3662, -0.146 1.5661 0.3659, -0.147 1.566 0.3645, -0.148 1.5659 0.3632, -0.1609 1.5646 0.3567, -0.17 1.5637 0.3525, -0.1781 1.5628 0.3468, -0.181 1.5624 0.3422, -0.1811 1.5624 0.3419, -0.1817 1.5623 0.3403, -0.1819 1.5623 0.3396, -0.1822 1.5623 0.3371, -0.1573 1.565 0.5129, -0.1573 1.565 0.495, -0.0338 1.5725 0.3615, -0.0595 1.5717 0.3843, -0.0701 1.5713 0.389, -0.1436 1.5663 0.4828, -0.0338 1.5725 0.3738, -0.0715 1.5712 0.3896, -0.0763 1.571 0.3902, -0.0857 1.5705 0.3914, -0.1053 1.5693 0.3851, -0.1069 1.5692 0.3835, -0.0966 1.5699 0.3896, -0.0972 1.5699 0.3894, -0.1006 1.5696 0.3881, -0.1017 1.5696 0.3877, -0.1033 1.5695 0.3867, -0.1046 1.5694 0.3858, -0.1069 1.5692 0.3833, -0.1087 1.5691 0.3803, -0.1093 1.5691 0.3792, -0.1105 1.569 0.375, -0.112 1.5689 0.3697, -0.0425 1.5723 0.5342, -0.044 1.5722 0.5223, -0.0446 1.5722 0.5171, -0.0445 1.5722 0.5504, -0.0447 1.5722 0.552, -0.0464 1.5722 0.5565, -0.0476 1.5721 0.5599, -0.0505 1.572 0.5644, -0.0579 1.5718 0.5756, -0.0701 1.5713 0.5845, -0.0714 1.5712 0.5854, -0.0755 1.571 0.5872, -0.0785 1.5709 0.5884, -0.0815 1.5707 0.5889, -0.0971 1.5699 0.5914, -0.1099 1.569 0.59, -0.1139 1.5687 0.5896, -0.1223 1.5681 0.587, -0.1223 1.5681 0.5726, -0.0458 1.5722 0.5135, -0.0381 1.5724 0.495, -0.0473 1.5721 0.5093, -0.0381 1.5724 0.4828, -0.0928 1.5701 0.481, -0.0784 1.5709 0.4829, -0.0771 1.571 0.4831, -0.0732 1.5712 0.4845, -0.0706 1.5713 0.4855, -0.068 1.5714 0.4873, -0.0562 1.5719 0.4956, -0.0481 1.5721 0.508, 0.0 1.5729 0.4828, 0.0 1.5729 0.4202, -0.0368 1.5724 0.4202, -0.1436 1.5663 0.5362, -0.1223 1.5681 0.5004, -0.1223 1.5681 0.4872, -0.1098 1.569 0.483, -0.0368 1.5724 0.4079, -0.1074 1.5692 0.4822, -0.0988 1.5697 0.4815, -0.1436 1.5663 0.5896, -0.1983 1.5603 0.5896, -0.1983 1.5603 0.5834, -0.1573 1.565 0.5431, -0.1953 1.5607 0.5431, -0.1573 1.565 0.5602, -0.1983 1.5603 0.5773, -0.1574 1.565 0.5773, -0.1573 1.565 0.5309, -0.1953 1.5607 0.5309, -0.0948 1.57 0.4933, -0.0856 1.5705 0.5772, -0.0842 1.5706 0.577, -0.0816 1.5707 0.5759, -0.079 1.5709 0.5749, -0.0766 1.571 0.5732, -0.0682 1.5714 0.5671, -0.0615 1.5717 0.5565, -0.0607 1.5717 0.5553, -0.0597 1.5717 0.552, -0.0584 1.5718 0.5477, -0.058 1.5718 0.5444, -0.0569 1.5718 0.535, -0.0584 1.5718 0.5224, -0.0847 1.5706 0.4948, -0.0762 1.571 0.498, -0.0772 1.571 0.4972, -0.0797 1.5708 0.4962, -0.0586 1.5718 0.5212, -0.0598 1.5717 0.518, -0.0613 1.5717 0.5143, -0.0636 1.5716 0.5107, -0.0674 1.5714 0.5045, -0.0821 1.5707 0.4952, -0.115 1.5686 0.4974, -0.1112 1.5689 0.577, -0.1088 1.5691 0.4949, -0.1102 1.569 0.5774, 0.0 1.5729 0.3615, 0.0 1.5729 0.4079, 0.0044 1.5729 0.4079, -0.3301 1.5379 0.4079, -0.2897 1.546 0.4079, -0.2897 1.546 0.3737, -0.3804 1.5262 0.512, -0.3372 1.5363 0.512, -0.3271 1.5385 0.4828, -0.3301 1.5379 0.4202, -0.2761 1.5485 0.4202, -0.3122 1.5416 0.4828, -0.3042 1.5432 0.5207, -0.3026 1.5435 0.5163, -0.3016 1.5437 0.5136, -0.2996 1.5441 0.5108, -0.2906 1.5458 0.4978, -0.2482 1.5532 0.3897, -0.2205 1.5573 0.3427, -0.2276 1.5563 0.3323, -0.224 1.5568 0.3324, -0.2257 1.5566 0.3261, -0.2775 1.5482 0.489, -0.2761 1.5485 0.4882, -0.2715 1.5493 0.4865, -0.2678 1.5499 0.4852, -0.2621 1.5509 0.4844, -0.2497 1.5529 0.4828, -0.2207 1.5573 0.4828, -0.2207 1.5573 0.5362, -0.2207 1.5573 0.5896, -0.391 1.5235 0.4828, -0.4057 1.5197 0.4828, -0.3522 1.533 0.4202, -0.3818 1.5259 0.4202, -0.3973 1.5219 0.4182, -0.399 1.5215 0.418, -0.4033 1.5203 0.4162, -0.4082 1.519 0.4142, -0.4128 1.5178 0.4112, -0.4208 1.5156 0.4061, -0.4294 1.5132 0.3948, -0.4304 1.5129 0.3935, -0.4322 1.5124 0.3895, -0.3271 1.5385 0.3737, -0.3522 1.533 0.3668, -0.3271 1.5385 0.3615, -0.3521 1.533 0.3134, -0.2897 1.546 0.3436, -0.2897 1.546 0.3256, -0.3325 1.5374 0.3256, -0.2777 1.5482 0.5836, -0.352 1.533 0.5896, -0.2727 1.5491 0.5856, -0.2684 1.5498 0.5873, -0.2825 1.5473 0.5806, -0.2906 1.5458 0.5754, -0.2994 1.5441 0.5642, -0.3004 1.5439 0.5629, -0.3022 1.5436 0.5588, -0.3032 1.5434 0.5566, -0.3038 1.5433 0.5533, -0.3064 1.5428 0.5375, -0.3044 1.5432 0.5221, -0.4366 1.5111 0.7874, -0.2508 1.5528 0.5896, -0.2666 1.5501 0.5876, -0.3663 1.5297 0.5896, -0.4332 1.5121 0.3873, -0.4343 1.5118 0.3527, -0.4366 1.5111 0.0394, -0.4363 1.5112 0.3682, -0.4337 1.5119 0.384, -0.4342 1.5118 0.3513, -0.4326 1.5123 0.347, -0.4316 1.5126 0.3443, -0.4296 1.5131 0.3414, -0.4208 1.5156 0.3284, -0.4079 1.5191 0.3197, -0.4066 1.5194 0.3188, -0.4021 1.5206 0.3172, -0.3985 1.5216 0.3158, -0.3929 1.523 0.3151, -0.3807 1.5261 0.3134, -0.2897 1.546 0.3615, -0.3325 1.5374 0.3134, -0.2619 1.5509 0.3897, -0.2761 1.5485 0.3668, -0.2277 1.5563 0.3019, -0.222 1.5571 0.2905, 0.4114 1.5182 0.5886, 0.4366 1.5111 0.7874, 0.4202 1.5158 0.581, 0.4366 1.5111 0.5628, 0.3827 1.5256 0.605, 0.38 1.5263 0.6065, 0.3643 1.5301 0.6111, 0.3525 1.5329 0.6146, 0.3258 1.5388 0.6178, 0.3228 1.5394 0.6182, 0.2886 1.5462 0.6136, 0.2858 1.5467 0.6132, 0.2748 1.5486 0.6091, 0.2591 1.5514 0.6034, 0.2558 1.5519 0.6012, 0.2234 1.5569 0.5804, 0.4366 1.5111 0.0394, 0.4366 1.5111 0.2665, 0.441 1.5098 0.2674, 0.4609 1.5039 0.2762, 0.4675 1.5019 0.2815, 0.6442 1.4351 0.0394, 0.4465 1.5082 0.2685, 0.4536 1.5061 0.2718, 0.4583 1.5047 0.274, 0.468 1.5017 0.2822, 0.4772 1.4988 0.2943, 0.4791 1.4982 0.2968, 0.4811 1.4976 0.3004, 0.4892 1.4949 0.3146, 0.5123 1.4871 0.3244, 0.5177 1.4853 0.3266, 0.5242 1.483 0.3318, 0.5376 1.4783 0.3424, 0.5465 1.475 0.351, 0.5608 1.4696 0.3736, 0.5643 1.4683 0.379, 0.567 1.4672 0.3872, 0.572 1.4653 0.4022, 0.5724 1.4651 0.4051, 0.5763 1.4636 0.4338, 0.6442 1.4351 0.7874, 0.5728 1.465 0.4605, 0.5718 1.4654 0.4676, 0.5684 1.4667 0.4767, 0.5645 1.4682 0.4876, 0.562 1.4691 0.4914, 0.5455 1.4753 0.5168, 0.543 1.4763 0.5203, 0.5226 1.4836 0.5366, 0.5173 1.4855 0.5408, 0.5069 1.489 0.5457, 0.4986 1.4918 0.5496, 0.4902 1.4945 0.5512, 0.4435 1.5091 0.5552, 0.4602 1.5041 0.5567, 0.4663 1.5023 0.556, 0.322 1.5396 0.5727, 0.3535 1.5326 0.5664, 0.3867 1.5246 0.4071, 0.3559 1.5321 0.566, 0.3694 1.5289 0.5605, 0.3742 1.5278 0.5585, 0.3799 1.5263 0.5543, 0.3875 1.5245 0.5487, 0.3899 1.5238 0.5458, 0.4031 1.5204 0.5296, 0.3859 1.5248 0.4064, 0.2874 1.5463 0.5623, 0.2996 1.5441 0.5668, 0.3669 1.5295 0.3913, 0.365 1.53 0.3897, 0.2447 1.5537 0.5373, 0.2653 1.5503 0.4429, 0.2407 1.5544 0.5329, 0.253 1.5524 0.5455, 0.266 1.5502 0.5538, 0.2689 1.5497 0.5556, 0.2514 1.5527 0.5444, 0.4366 1.5111 0.5068, 0.4366 1.5111 0.4112, 0.429 1.5133 0.4136, 0.4041 1.5201 0.5285, 0.4112 1.5182 0.5164, 0.3929 1.5231 0.4098, 0.4209 1.5156 0.4998, 0.3975 1.5219 0.4118, 0.4011 1.5209 0.4124, 0.4201 1.5158 0.4155, 0.2421 1.5541 0.4026, 0.2205 1.5573 0.4869, 0.2295 1.556 0.5129, 0.23 1.556 0.5143, 0.2369 1.5549 0.5264, 0.2599 1.5513 0.3186, 0.26 1.5512 0.3187, 0.3619 1.5307 0.2928, 0.2205 1.5573 0.3131, 0.2466 1.5534 0.3131, 0.2543 1.5522 0.3156, 0.2557 1.552 0.316, 0.2573 1.5517 0.317, 0.2629 1.5508 0.3222, 0.3545 1.5324 0.3072, 0.2622 1.5509 0.321, 0.3561 1.5321 0.3041, 0.2617 1.551 0.3205, 0.3608 1.531 0.2949, 0.3658 1.5298 0.2885, 0.3692 1.529 0.2847, 0.372 1.5283 0.2828, 0.3819 1.5258 0.2763, 0.3823 1.5258 0.2761, 0.4041 1.5201 0.268, 0.4087 1.5189 0.2663, 0.4202 1.5158 0.263, 0.2496 1.553 0.3588, 0.2451 1.5537 0.3601, 0.266 1.5502 0.346, 0.3465 1.5343 0.3465, 0.2663 1.5502 0.3449, 0.3465 1.5343 0.3389, 0.2683 1.5498 0.3366, 0.3527 1.5328 0.3144, 0.2653 1.5504 0.3272, 0.2646 1.5505 0.3252, 0.265 1.5504 0.348, 0.2637 1.5506 0.3506, 0.2636 1.5506 0.3507, 0.262 1.5509 0.3526, 0.2617 1.551 0.3529, 0.2607 1.5511 0.3536, 0.2587 1.5515 0.3551, 0.258 1.5516 0.3554, 0.2506 1.5528 0.3584, 0.2406 1.5544 0.3594, 0.2205 1.5573 0.3594, 0.5278 1.4818 0.4151, 0.5268 1.4821 0.4095, 0.475 1.4995 0.3886, 0.5242 1.483 0.4033, 0.5216 1.484 0.3969, 0.5029 1.4903 0.3772, 0.4885 1.4952 0.3654, 0.4779 1.4986 0.3835, 0.5203 1.4844 0.3951, 0.5144 1.4865 0.3871, 0.5135 1.4868 0.3859, 0.4698 1.5011 0.3942, 0.5284 1.4815 0.4473, 0.5316 1.4804 0.4353, 0.5033 1.4903 0.4954, 0.5077 1.4888 0.4911, 0.455 1.5057 0.4054, 0.511 1.4876 0.488, 0.513 1.487 0.4847, 0.4632 1.5032 0.4001, 0.519 1.4849 0.4749, 0.466 1.5023 0.3983, 0.5193 1.4848 0.4739, 0.5275 1.4819 0.4501, 0.4404 1.51 0.41, 0.4368 1.5111 0.5069, 0.4548 1.5058 0.4055, 0.4595 1.5043 0.5112, 0.4834 1.4968 0.5047, 0.4485 1.5076 0.5095, 0.4398 1.5102 0.5082, 0.4896 1.4948 0.503, 0.4931 1.4937 0.5011, 0.5017 1.4908 0.4963, 0.1888 1.5614 0.3656, 0.1809 1.5624 0.3684, 0.164 1.5643 0.453, 0.1803 1.5625 0.3686, 0.1743 1.5632 0.3727, 0.1661 1.5641 0.381, 0.1616 1.5645 0.3897, 0.1579 1.5649 0.4379, 0.1596 1.5647 0.3936, 0.1554 1.5652 0.4085, 0.1525 1.5655 0.4186, 0.1601 1.5647 0.4461, 0.1697 1.5637 0.3769, 0.1661 1.5641 0.381, 0.1719 1.5634 0.3744, 0.1604 1.5647 0.4471, 0.166 1.5641 0.4562, 0.2068 1.5592 0.3594, 0.1679 1.5639 0.4581, 0.1722 1.5634 0.4622, 0.1728 1.5633 0.4625, 0.1813 1.5624 0.4674, 0.184 1.5621 0.469, 0.1991 1.5602 0.4739, 0.2113 1.5586 0.4778, 0.2173 1.5578 0.4778, 0.8391 1.3307 0.7874, 0.8391 1.3307 0.0394, 1.0174 1.2001 0.7874, 1.0174 1.2001 0.0394, 1.1757 1.0458 0.7874, 1.1757 1.0458 0.0394, 1.3108 0.8709 0.7874, 1.3108 0.8709 0.0394, 1.4201 0.6788 0.7874, 1.4201 0.6788 0.0394, -0.5087 1.4884 0.3426, -0.4664 1.5022 0.3426, -0.519 1.4849 0.3134, -0.4566 1.5052 0.3134, -0.6442 1.4351 0.0394, -0.442 1.5096 0.3134, -0.4809 1.4976 0.4202, -0.6442 1.4351 0.7874, -0.4949 1.4931 0.4202, -0.5333 1.4798 0.3134, -1.4201 0.6788 0.0394, -1.3108 0.8709 0.7874, -1.3108 0.8709 0.0394, -1.1757 1.0458 0.7874, -1.1757 1.0458 0.0394, -1.0174 1.2001 0.7874, -1.0174 1.2001 0.0394, -0.8391 1.3307 0.7874, -0.8391 1.3307 0.0394, -1.437 -0.6462 0.7874, -1.437 -0.6462 0.0394, -1.33 -0.8453 0.0394, -1.33 -0.8453 0.7874, -1.1955 -1.027 0.0394, -1.1955 -1.027 0.7874, -1.0364 -1.1876 0.0394, -1.0364 -1.1876 0.7874, -0.856 -1.3238 0.0394, -0.856 -1.3238 0.7874, -0.6579 -1.4327 0.0394, -0.6579 -1.4327 0.7874, -0.4463 -1.5122 0.0394, -0.4463 -1.5122 0.7874, -0.2255 -1.5605 0.0394, -0.2255 -1.5605 0.7874, 0.0 -1.5767 0.0394, 0.0 -1.5767 0.7874, 0.2255 -1.5605 0.0394, 0.2255 -1.5605 0.7874, 0.4463 -1.5122 0.0394, 0.4463 -1.5122 0.7874, 0.6579 -1.4327 0.0394, 0.6579 -1.4327 0.7874, 0.856 -1.3238 0.0394, 0.856 -1.3238 0.7874, 1.0364 -1.1876 0.0394, 1.0364 -1.1876 0.7874, 1.1955 -1.027 0.0394, 1.1955 -1.027 0.7874, 1.33 -0.8453 0.0394, 1.33 -0.8453 0.7874, 0.8268 -0.0019 0.7874, -0.6874 -0.4613 0.7874, -0.7638 -0.3183 0.7874, 0.5846 0.5827 0.7874, 0.6874 0.4574 0.7874, 0.8109 -0.1632 0.7874, 0.7638 -0.3183 0.7874, 0.6874 -0.4613 0.7874, 0.5846 -0.5866 0.7874, 0.1613 -0.8128 0.7874, 0.3164 -0.7658 0.7874, 0.4593 -0.6894 0.7874, -0.3164 -0.7658 0.7874, -0.1613 -0.8128 0.7874, 0.0 -0.8287 0.7874, 0.7638 0.3144 0.7874, 0.8109 0.1593 0.7874, -0.5846 -0.5866 0.7874, -0.4593 -0.6894 0.7874, -0.7638 0.3144 0.7874, -0.6874 0.4574 0.7874, -0.8109 -0.1632 0.7874, -0.8268 -0.0019 0.7874, -0.8109 0.1593 0.7874, -0.4593 0.6855 0.7874, -0.5846 0.5827 0.7874, 0.3164 0.7619 0.7874, 0.1613 0.8089 0.7874, 0.0 0.8248 0.7874, -0.1613 0.8089 0.7874, -0.3164 0.7619 0.7874, 0.4593 0.6855 0.7874, 0.7959 -0.7647 0.0394, 0.9133 -0.6192 0.0394, -1.1024 -0.0019 0.0394, -1.0865 0.1844 0.0394, -1.0394 0.3653 0.0394, -0.9624 0.5357 0.0394, 1.0045 -0.456 0.0394, 1.0668 -0.2797 0.0394, 0.9133 0.6153 0.0394, 1.0045 0.4521 0.0394, 1.0668 0.2758 0.0394, -0.8577 0.6906 0.0394, -0.7283 0.8256 0.0394, -0.578 0.9367 0.0394, -0.411 1.0209 0.0394, -0.2322 1.0757 0.0394, -1.0865 -0.1882 0.0394, -1.0394 -0.3692 0.0394, -0.9624 -0.5396 0.0394, -0.8577 -0.6945 0.0394, -0.7283 -0.8295 0.0394, -0.578 -0.9406 0.0394, -0.411 -1.0248 0.0394, -0.2322 -1.0796 0.0394, 0.6555 -0.8882 0.0394, 0.4963 -0.9863 0.0394, 0.3228 -1.056 0.0394, 0.14 -1.0954 0.0394, -0.0468 -1.1033 0.0394, 0.4963 0.9824 0.0394, 0.6555 0.8844 0.0394, 0.7959 0.7608 0.0394, -0.0468 1.0994 0.0394, 0.14 1.0915 0.0394, 0.3228 1.0521 0.0394, 1.0984 -0.0954 0.0394, 1.1024 -0.0019 0.0394, 1.0984 0.0915 0.0394, -1.437 0.6083 0.3346, -1.437 0.6083 0.374, -1.437 -0.6122 0.3346, -1.437 -0.6122 0.374
            ]
        }
        coordIndex [
            0,1,2,-1,1,0,3,-1,3,0,4,-1,3,4,5,-1,5,4,6,-1,5,6,2,-1,2,6,7,-1,2,7,0,-1,8,9,10,-1,11,12,13,-1,14,15,16,-1,17,18,19,-1,20,21,22,-1,23,24,25,-1,25,24,26,-1,25,26,27,-1,28,29,26,-1,26,29,30,-1,26,30,27,-1,31,32,33,-1,33,32,34,-1,34,35,33,-1,33,35,36,-1,33,36,37,-1,38,39,40,-1,41,42,43,-1,43,42,38,-1,38,40,43,-1,43,40,44,-1,43,44,45,-1,45,46,43,-1,43,46,47,-1,43,47,48,-1,47,49,48,-1,48,49,50,-1,48,50,51,-1,51,50,52,-1,51,52,53,-1,53,54,51,-1,51,54,55,-1,51,55,56,-1,57,58,59,-1,59,58,60,-1,59,60,43,-1,43,60,61,-1,43,61,41,-1,41,61,62,-1,63,64,65,-1,65,64,66,-1,66,67,65,-1,65,67,68,-1,65,68,69,-1,70,71,72,-1,72,71,73,-1,73,74,72,-1,72,74,75,-1,72,75,76,-1,76,77,72,-1,72,77,65,-1,72,65,78,-1,78,65,79,-1,78,79,80,-1,81,82,83,-1,83,82,84,-1,83,84,85,-1,85,86,83,-1,83,86,87,-1,83,87,88,-1,89,90,91,-1,91,90,83,-1,91,83,92,-1,92,83,88,-1,89,93,90,-1,90,93,94,-1,90,94,95,-1,95,96,90,-1,90,96,97,-1,90,97,98,-1,99,100,101,-1,101,100,98,-1,99,102,100,-1,100,102,103,-1,100,103,104,-1,104,105,100,-1,100,105,106,-1,100,106,107,-1,107,106,108,-1,107,108,109,-1,109,108,110,-1,109,110,111,-1,111,110,112,-1,110,113,114,-1,114,115,110,-1,110,115,116,-1,110,116,117,-1,117,118,110,-1,110,118,119,-1,110,119,120,-1,120,121,110,-1,110,121,122,-1,110,122,123,-1,124,112,125,-1,125,112,110,-1,125,110,126,-1,126,110,123,-1,80,127,128,-1,128,129,80,-1,80,129,130,-1,80,130,78,-1,78,130,131,-1,78,131,132,-1,132,133,78,-1,78,133,134,-1,78,134,135,-1,23,31,24,-1,24,31,33,-1,24,33,136,-1,136,33,78,-1,136,78,83,-1,83,78,135,-1,83,135,81,-1,137,138,139,-1,139,138,140,-1,140,141,139,-1,139,141,142,-1,139,142,143,-1,142,144,143,-1,143,144,145,-1,143,145,146,-1,146,145,147,-1,146,147,148,-1,63,65,149,-1,149,65,150,-1,149,150,151,-1,152,153,154,-1,154,153,151,-1,154,151,155,-1,155,151,150,-1,153,156,151,-1,151,156,157,-1,151,157,147,-1,147,157,158,-1,147,158,159,-1,159,160,147,-1,147,160,161,-1,147,161,148,-1,162,163,164,-1,164,163,165,-1,166,167,168,-1,168,167,169,-1,166,170,167,-1,167,170,171,-1,167,171,172,-1,172,173,167,-1,167,173,174,-1,167,174,175,-1,175,176,167,-1,167,176,177,-1,167,177,178,-1,178,179,167,-1,167,179,180,-1,167,180,181,-1,169,167,182,-1,182,167,183,-1,182,183,184,-1,184,185,182,-1,182,185,186,-1,182,186,187,-1,187,188,182,-1,182,188,189,-1,182,189,190,-1,190,189,191,-1,190,191,192,-1,192,191,193,-1,192,193,194,-1,194,193,195,-1,194,195,196,-1,69,197,65,-1,65,197,198,-1,65,198,79,-1,79,198,199,-1,79,199,200,-1,200,199,194,-1,200,194,201,-1,201,194,196,-1,201,196,202,-1,202,203,201,-1,201,203,204,-1,201,204,205,-1,205,206,201,-1,201,206,207,-1,201,207,208,-1,208,209,201,-1,201,209,210,-1,201,210,211,-1,211,212,201,-1,201,212,213,-1,201,213,164,-1,213,214,164,-1,164,214,215,-1,164,215,216,-1,216,217,164,-1,164,217,218,-1,164,218,219,-1,219,220,164,-1,164,220,221,-1,164,221,222,-1,222,223,164,-1,164,223,224,-1,164,224,225,-1,226,227,228,-1,229,230,231,-1,231,232,229,-1,229,232,233,-1,229,233,226,-1,226,228,229,-1,229,228,234,-1,229,234,235,-1,235,236,229,-1,229,236,237,-1,229,237,238,-1,239,240,241,-1,238,242,229,-1,229,242,243,-1,229,243,239,-1,239,241,229,-1,229,241,244,-1,229,244,245,-1,245,246,229,-1,229,246,247,-1,229,247,248,-1,249,250,248,-1,248,250,251,-1,248,251,229,-1,230,229,225,-1,225,229,252,-1,225,252,253,-1,253,254,225,-1,225,254,255,-1,225,255,256,-1,256,257,225,-1,225,257,138,-1,225,138,164,-1,164,138,137,-1,164,137,162,-1,258,259,165,-1,260,100,261,-1,262,263,261,-1,261,263,264,-1,261,264,260,-1,262,265,263,-1,263,265,266,-1,263,266,267,-1,268,269,164,-1,267,270,263,-1,263,270,271,-1,263,271,272,-1,272,273,263,-1,263,273,274,-1,263,274,164,-1,164,274,275,-1,164,275,268,-1,269,276,164,-1,164,276,277,-1,164,277,278,-1,278,279,164,-1,164,279,280,-1,164,280,201,-1,281,58,282,-1,282,58,283,-1,281,284,58,-1,58,284,285,-1,58,285,60,-1,60,285,286,-1,60,286,287,-1,287,288,60,-1,60,288,289,-1,60,289,290,-1,290,291,60,-1,60,291,292,-1,60,292,293,-1,293,294,60,-1,60,294,295,-1,60,295,163,-1,163,295,296,-1,296,297,163,-1,163,297,298,-1,163,298,299,-1,283,58,300,-1,300,58,301,-1,300,301,302,-1,303,304,305,-1,305,306,303,-1,303,306,307,-1,303,307,308,-1,308,309,303,-1,303,309,310,-1,303,310,301,-1,301,310,311,-1,301,311,302,-1,56,29,51,-1,51,29,28,-1,51,28,312,-1,312,28,313,-1,312,313,303,-1,303,313,314,-1,303,314,304,-1,315,316,263,-1,263,316,317,-1,263,317,264,-1,264,317,318,-1,319,320,314,-1,314,320,321,-1,314,321,304,-1,299,322,163,-1,163,322,323,-1,163,323,324,-1,325,326,327,-1,327,326,328,-1,327,328,329,-1,330,258,331,-1,331,258,165,-1,331,165,326,-1,326,165,163,-1,326,163,328,-1,328,163,324,-1,19,18,332,-1,332,18,333,-1,332,333,334,-1,334,335,332,-1,332,335,336,-1,332,336,337,-1,337,338,332,-1,332,338,339,-1,332,339,340,-1,340,341,332,-1,332,341,342,-1,332,342,343,-1,343,344,332,-1,332,344,345,-1,332,345,346,-1,347,348,349,-1,350,351,349,-1,351,352,349,-1,349,352,353,-1,349,353,347,-1,347,353,354,-1,350,349,345,-1,345,349,355,-1,345,355,346,-1,315,322,316,-1,316,322,299,-1,316,299,356,-1,356,299,357,-1,356,357,358,-1,358,357,19,-1,19,357,359,-1,19,359,17,-1,98,100,90,-1,90,100,260,-1,90,260,16,-1,16,260,360,-1,16,360,14,-1,318,320,264,-1,264,320,319,-1,264,319,13,-1,13,319,361,-1,13,361,11,-1,11,361,362,-1,363,364,365,-1,366,367,368,-1,369,368,370,-1,370,368,371,-1,371,372,373,-1,373,374,371,-1,371,374,375,-1,371,375,376,-1,377,378,379,-1,379,378,380,-1,379,380,381,-1,382,383,377,-1,383,384,377,-1,377,384,385,-1,377,385,386,-1,386,387,377,-1,377,387,388,-1,377,388,378,-1,378,388,389,-1,378,389,390,-1,366,368,391,-1,391,368,369,-1,391,369,392,-1,369,363,392,-1,392,363,393,-1,392,393,394,-1,394,395,392,-1,392,395,396,-1,392,396,397,-1,397,398,392,-1,392,398,399,-1,392,399,400,-1,400,401,392,-1,392,401,402,-1,392,402,403,-1,363,365,393,-1,393,365,404,-1,393,404,405,-1,405,404,406,-1,405,406,407,-1,408,409,410,-1,411,412,413,-1,413,412,414,-1,411,415,412,-1,412,415,416,-1,412,416,417,-1,417,418,412,-1,412,418,419,-1,412,419,420,-1,420,421,412,-1,412,421,422,-1,412,422,371,-1,371,422,423,-1,371,423,372,-1,162,378,163,-1,163,378,390,-1,163,390,424,-1,424,390,425,-1,424,425,412,-1,412,425,426,-1,412,426,414,-1,412,427,424,-1,424,427,392,-1,424,392,428,-1,428,392,403,-1,429,430,431,-1,431,430,424,-1,431,424,432,-1,432,424,428,-1,429,433,430,-1,430,433,434,-1,430,434,435,-1,435,436,430,-1,430,436,437,-1,430,437,438,-1,438,439,430,-1,430,439,440,-1,430,440,441,-1,441,442,430,-1,430,442,443,-1,430,443,407,-1,444,408,406,-1,406,408,410,-1,406,410,407,-1,407,410,445,-1,407,445,430,-1,430,445,10,-1,430,10,72,-1,72,10,9,-1,72,9,70,-1,376,382,371,-1,371,382,377,-1,371,377,370,-1,370,377,446,-1,370,446,447,-1,447,446,448,-1,447,448,10,-1,10,448,449,-1,10,449,8,-1,450,451,452,-1,452,451,453,-1,450,454,451,-1,451,454,455,-1,451,455,456,-1,456,457,451,-1,451,457,458,-1,451,458,61,-1,61,458,459,-1,61,459,460,-1,460,461,61,-1,61,461,462,-1,61,462,463,-1,463,464,61,-1,61,464,465,-1,61,465,62,-1,466,467,468,-1,469,470,471,-1,468,472,466,-1,466,472,473,-1,466,473,471,-1,471,473,474,-1,471,474,469,-1,470,475,471,-1,471,475,476,-1,471,476,477,-1,477,478,471,-1,471,478,479,-1,471,479,480,-1,480,481,471,-1,471,481,482,-1,471,482,483,-1,483,484,471,-1,471,484,485,-1,471,485,486,-1,486,487,471,-1,471,487,488,-1,471,488,489,-1,489,490,491,-1,491,490,492,-1,492,493,491,-1,491,493,494,-1,491,494,495,-1,495,496,491,-1,491,496,497,-1,491,497,498,-1,498,499,491,-1,491,499,500,-1,491,500,501,-1,501,502,491,-1,491,502,503,-1,491,503,451,-1,504,453,505,-1,505,453,451,-1,505,451,506,-1,506,451,503,-1,507,508,509,-1,509,508,510,-1,510,511,509,-1,509,511,512,-1,509,512,513,-1,513,514,509,-1,509,514,515,-1,509,515,516,-1,517,518,509,-1,509,518,519,-1,509,519,507,-1,520,521,522,-1,522,521,523,-1,522,523,524,-1,525,526,517,-1,517,526,527,-1,517,527,518,-1,520,522,517,-1,517,522,528,-1,517,528,525,-1,529,530,531,-1,516,532,509,-1,509,532,533,-1,509,533,534,-1,534,533,535,-1,534,535,536,-1,536,535,537,-1,529,531,535,-1,535,531,538,-1,535,538,537,-1,539,540,523,-1,523,540,541,-1,541,542,523,-1,523,542,543,-1,523,543,524,-1,544,545,546,-1,37,547,33,-1,33,547,548,-1,33,548,549,-1,549,550,33,-1,33,550,551,-1,33,551,544,-1,552,553,554,-1,554,553,555,-1,545,556,546,-1,546,556,554,-1,546,554,557,-1,557,554,555,-1,544,546,33,-1,33,546,558,-1,33,558,559,-1,559,560,33,-1,33,560,561,-1,33,561,562,-1,562,563,33,-1,33,563,564,-1,33,564,466,-1,466,564,565,-1,466,565,467,-1,566,567,539,-1,568,569,570,-1,570,569,571,-1,570,571,572,-1,572,571,573,-1,572,573,574,-1,574,573,553,-1,574,553,575,-1,575,553,552,-1,568,576,569,-1,569,576,577,-1,569,577,578,-1,578,579,569,-1,569,579,580,-1,569,580,539,-1,539,580,581,-1,539,581,582,-1,582,583,539,-1,539,583,584,-1,539,584,566,-1,567,585,539,-1,539,585,586,-1,539,586,540,-1,587,588,589,-1,589,588,590,-1,589,590,591,-1,592,593,594,-1,591,595,589,-1,589,595,596,-1,589,596,594,-1,594,596,597,-1,594,597,592,-1,598,599,589,-1,589,599,600,-1,589,600,587,-1,601,602,603,-1,602,604,603,-1,603,604,605,-1,603,605,606,-1,606,605,607,-1,606,607,608,-1,608,607,609,-1,608,609,598,-1,598,609,610,-1,598,610,599,-1,530,529,611,-1,611,529,612,-1,611,612,613,-1,614,615,616,-1,616,615,613,-1,616,613,617,-1,617,613,612,-1,615,618,613,-1,613,618,619,-1,613,619,603,-1,603,619,620,-1,603,620,601,-1,621,622,623,-1,623,622,624,-1,623,624,625,-1,626,627,628,-1,627,629,628,-1,628,629,630,-1,628,630,631,-1,632,633,628,-1,628,633,634,-1,628,634,626,-1,625,635,623,-1,623,635,633,-1,623,633,636,-1,636,633,632,-1,637,586,623,-1,623,586,638,-1,623,638,621,-1,637,639,586,-1,586,639,640,-1,586,640,641,-1,641,642,586,-1,586,642,643,-1,586,643,644,-1,644,645,586,-1,586,645,646,-1,586,646,540,-1,489,491,471,-1,471,491,647,-1,471,647,648,-1,648,647,649,-1,648,649,650,-1,650,649,651,-1,650,651,652,-1,652,651,653,-1,652,653,654,-1,654,653,655,-1,654,655,656,-1,656,655,3,-1,656,3,5,-1,657,658,659,-1,659,658,660,-1,659,660,661,-1,661,660,430,-1,430,660,662,-1,430,662,424,-1,424,662,663,-1,424,663,664,-1,664,663,665,-1,664,665,666,-1,20,22,667,-1,667,22,668,-1,667,668,669,-1,669,668,670,-1,669,670,671,-1,671,670,672,-1,671,672,673,-1,673,672,674,-1,673,674,675,-1,675,674,664,-1,675,664,661,-1,661,664,666,-1,661,666,659,-1,676,677,678,-1,676,678,679,-1,679,678,680,-1,679,680,681,-1,681,680,682,-1,681,682,683,-1,683,682,684,-1,683,684,685,-1,685,684,686,-1,685,686,687,-1,687,686,688,-1,687,688,689,-1,689,688,690,-1,689,690,691,-1,691,690,692,-1,691,692,693,-1,693,692,694,-1,693,694,695,-1,695,694,696,-1,695,696,697,-1,697,696,698,-1,697,698,699,-1,699,698,700,-1,699,700,701,-1,701,700,702,-1,701,702,703,-1,703,702,704,-1,703,704,705,-1,705,704,706,-1,705,706,707,-1,707,706,2,-1,707,2,1,-1,1,3,708,-1,709,710,676,-1,711,712,653,-1,708,713,1,-1,1,713,714,-1,1,714,707,-1,707,714,715,-1,707,715,705,-1,705,715,716,-1,717,697,718,-1,718,697,699,-1,718,699,719,-1,719,699,701,-1,719,701,716,-1,716,701,703,-1,716,703,705,-1,720,689,721,-1,721,689,691,-1,721,691,722,-1,722,691,693,-1,722,693,717,-1,717,693,695,-1,717,695,697,-1,653,712,655,-1,655,712,723,-1,655,723,3,-1,3,723,724,-1,3,724,708,-1,676,679,709,-1,709,679,681,-1,709,681,725,-1,725,681,683,-1,725,683,726,-1,726,683,685,-1,726,685,720,-1,720,685,687,-1,720,687,689,-1,21,727,22,-1,22,727,728,-1,710,729,676,-1,676,729,730,-1,676,730,21,-1,21,730,731,-1,21,731,727,-1,732,672,733,-1,733,672,670,-1,733,670,728,-1,728,670,668,-1,728,668,22,-1,734,451,735,-1,735,451,61,-1,735,61,736,-1,736,61,60,-1,736,60,737,-1,60,163,737,-1,737,163,424,-1,737,424,738,-1,738,424,664,-1,738,664,732,-1,732,664,674,-1,732,674,672,-1,653,651,711,-1,711,651,649,-1,711,649,739,-1,739,649,647,-1,739,647,734,-1,734,647,491,-1,734,491,451,-1,740,741,706,-1,742,677,743,-1,743,677,20,-1,743,20,744,-1,744,20,745,-1,706,741,2,-1,2,741,746,-1,2,746,747,-1,748,656,749,-1,749,656,5,-1,749,5,750,-1,20,667,745,-1,745,667,669,-1,745,669,751,-1,751,669,671,-1,751,671,752,-1,752,671,673,-1,752,673,753,-1,753,673,675,-1,753,675,754,-1,754,675,661,-1,754,661,755,-1,742,756,677,-1,677,756,757,-1,677,757,678,-1,678,757,758,-1,678,758,680,-1,680,758,759,-1,680,759,682,-1,682,759,760,-1,682,760,684,-1,684,760,761,-1,684,761,686,-1,686,761,762,-1,686,762,688,-1,688,762,763,-1,706,704,740,-1,740,704,702,-1,740,702,764,-1,764,702,700,-1,764,700,765,-1,765,700,698,-1,765,698,766,-1,766,698,696,-1,766,696,767,-1,767,696,694,-1,767,694,768,-1,768,694,692,-1,768,692,763,-1,763,692,690,-1,763,690,688,-1,769,648,770,-1,770,648,650,-1,770,650,771,-1,771,650,652,-1,771,652,748,-1,748,652,654,-1,748,654,656,-1,661,430,755,-1,755,430,72,-1,755,72,772,-1,772,72,78,-1,772,78,773,-1,773,78,33,-1,773,33,774,-1,774,33,466,-1,774,466,769,-1,769,466,471,-1,769,471,648,-1,747,775,2,-1,2,775,776,-1,2,776,5,-1,5,776,777,-1,5,777,750,-1,20,778,779,-1,778,20,780,-1,780,20,677,-1,780,677,781,-1,781,677,676,-1,781,676,779,-1,779,676,21,-1,779,21,20,-1,
        ]
    }
}
Shape{
    appearance Appearance {
        material  Material 	{
            diffuseColor 0.7529411764705882 0.7529411764705882 0.7529411764705882
            specularColor 0.3764705882352941 0.3764705882352941 0.3764705882352941
            ambientIntensity 0.7529
            transparency 0.0
            shininess 0.5
        }
    }
    geometry IndexedFaceSet {
        ccw TRUE
        solid FALSE
        coord DEF co Coordinate {
            point [
                1.0984 -0.0954 0.0, 1.1024 -0.0019 0.0, 1.1024 -0.0019 0.0394, 1.0984 0.0915 0.0394, 1.0984 0.0915 0.0, 1.0668 0.2758 0.0, 1.0668 0.2758 0.0394, 1.0045 0.4521 0.0, 1.0045 0.4521 0.0394, 0.9133 0.6153 0.0, 0.9133 0.6153 0.0394, 0.7959 0.7608 0.0, 0.7959 0.7608 0.0394, 0.6555 0.8844 0.0, 0.6555 0.8844 0.0394, 0.4963 0.9824 0.0, 0.4963 0.9824 0.0394, 0.3228 1.0521 0.0, 0.3228 1.0521 0.0394, 0.14 1.0915 0.0, 0.14 1.0915 0.0394, -0.0468 1.0994 0.0, -0.0468 1.0994 0.0394, -0.2322 1.0757 0.0, -0.2322 1.0757 0.0394, -0.411 1.0209 0.0, -0.411 1.0209 0.0394, -0.578 0.9367 0.0, -0.578 0.9367 0.0394, -0.7283 0.8256 0.0, -0.7283 0.8256 0.0394, -0.8577 0.6906 0.0, -0.8577 0.6906 0.0394, -0.9624 0.5357 0.0, -0.9624 0.5357 0.0394, -1.0394 0.3653 0.0, -1.0394 0.3653 0.0394, -1.0865 0.1844 0.0, -1.0865 0.1844 0.0394, -1.1024 -0.0019 0.0, -1.1024 -0.0019 0.0394, -1.0865 -0.1882 0.0, -1.0865 -0.1882 0.0394, -1.0394 -0.3692 0.0, -1.0394 -0.3692 0.0394, -0.9624 -0.5396 0.0, -0.9624 -0.5396 0.0394, -0.8577 -0.6945 0.0, -0.8577 -0.6945 0.0394, -0.7283 -0.8295 0.0, -0.7283 -0.8295 0.0394, -0.578 -0.9406 0.0, -0.578 -0.9406 0.0394, -0.411 -1.0248 0.0, -0.411 -1.0248 0.0394, -0.2322 -1.0796 0.0, -0.2322 -1.0796 0.0394, -0.0468 -1.1033 0.0, -0.0468 -1.1033 0.0394, 0.14 -1.0954 0.0, 0.14 -1.0954 0.0394, 0.3228 -1.056 0.0, 0.3228 -1.056 0.0394, 0.4963 -0.9863 0.0, 0.4963 -0.9863 0.0394, 0.6555 -0.8882 0.0, 0.6555 -0.8882 0.0394, 0.7959 -0.7647 0.0, 0.7959 -0.7647 0.0394, 0.9133 -0.6192 0.0, 0.9133 -0.6192 0.0394, 1.0045 -0.456 0.0, 1.0045 -0.456 0.0394, 1.0668 -0.2797 0.0, 1.0668 -0.2797 0.0394, 1.0984 -0.0954 0.0394, 0.0 -0.0019 0.0, -2.2402 -0.6122 0.0394, -1.8701 -0.6122 0.0394, -1.8701 -0.2972 0.0394, -2.6142 -0.2976 0.0394, -2.3819 -0.7539 0.0394, -2.6142 -0.6913 0.0394, -2.8543 -0.7539 0.0394, -2.6536 -0.6913 0.0394, -2.8543 -0.1555 0.0394, -2.6536 -0.2976 0.0394, -2.3819 -0.1555 0.0394, -2.2402 -0.2972 0.0394, -2.8543 -0.1555 0.0, -2.8543 -0.7539 0.0, -1.8701 -0.2972 0.0, -1.8701 -0.6122 0.0, -2.2402 -0.2972 0.0, -2.2402 -0.6122 0.0, -2.3819 -0.1555 0.0, -2.3819 -0.7539 0.0, -1.8497 -0.2972 0.0027, -1.8497 -0.6122 0.0027, -1.8307 -0.2972 0.0105, -1.8307 -0.6122 0.0105, -1.8144 -0.2972 0.0231, -1.8144 -0.6122 0.0231, -1.8019 -0.2972 0.0394, -1.8019 -0.6122 0.0394, -1.794 -0.2972 0.0584, -1.794 -0.6122 0.0584, -1.7913 -0.2972 0.0787, -1.7913 -0.6122 0.0787, -1.7913 -0.6122 0.2953, -1.7913 -0.2972 0.2953, -1.79 -0.6122 0.3055, -1.79 -0.2972 0.3055, -1.7861 -0.6122 0.315, -1.7861 -0.2972 0.315, -1.7798 -0.6122 0.3231, -1.7798 -0.2972 0.3231, -1.7717 -0.6122 0.3294, -1.7717 -0.2972 0.3294, -1.7622 -0.6122 0.3333, -1.7622 -0.2972 0.3333, -1.752 -0.6122 0.3346, -1.752 -0.2972 0.3346, -1.437 -0.6122 0.3346, -1.437 0.6083 0.3346, -1.752 0.5296 0.3346, -1.6732 0.6083 0.3346, -1.752 -0.2972 0.374, -1.752 -0.6122 0.374, -1.437 -0.6122 0.374, -1.752 0.5296 0.374, -1.437 0.6083 0.374, -1.6732 0.6083 0.374, -1.7723 -0.2972 0.3713, -1.7723 -0.6122 0.3713, -1.7913 -0.2972 0.3635, -1.7913 -0.6122 0.3635, -1.8076 -0.2972 0.351, -1.8076 -0.6122 0.351, -1.8202 -0.2972 0.3346, -1.8202 -0.6122 0.3346, -1.828 -0.2972 0.3157, -1.828 -0.6122 0.3157, -1.8307 -0.2972 0.2953, -1.8307 -0.6122 0.2953, -1.8307 -0.2972 0.0787, -1.8307 -0.6122 0.0787, -1.832 -0.6122 0.0686, -1.832 -0.2972 0.0686, -1.836 -0.6122 0.0591, -1.836 -0.2972 0.0591, -1.8422 -0.6122 0.0509, -1.8422 -0.2972 0.0509, -1.8504 -0.6122 0.0446, -1.8504 -0.2972 0.0446, -1.8599 -0.6122 0.0407, -1.8599 -0.2972 0.0407, 2.7806 0.4276 0.0394, 2.8543 0.1516 0.0394, 2.7806 0.467 0.0394, 2.8543 0.75 0.0394, 2.3869 0.467 0.0394, 2.5641 0.467 0.0394, 2.5641 0.6442 0.0394, 2.2402 0.2933 0.0394, 2.3869 0.4276 0.0394, 2.3819 0.1516 0.0394, 2.5641 0.4276 0.0394, 2.5641 0.2505 0.0394, 2.6034 0.2505 0.0394, 2.6034 0.4276 0.0394, 2.2402 0.6083 0.0394, 1.8701 0.6083 0.0394, 1.8701 0.2933 0.0394, 2.3819 0.75 0.0394, 2.6034 0.6442 0.0394, 2.6034 0.467 0.0394, 2.8543 0.1516 0.0, 2.8543 0.75 0.0, 1.8701 0.2933 0.0, 1.8701 0.6083 0.0, 2.2402 0.2933 0.0, 2.2402 0.6083 0.0, 2.3819 0.1516 0.0, 2.3819 0.75 0.0, 1.8497 0.2933 0.0027, 1.8497 0.6083 0.0027, 1.8307 0.2933 0.0105, 1.8307 0.6083 0.0105, 1.8144 0.2933 0.0231, 1.8144 0.6083 0.0231, 1.8019 0.2933 0.0394, 1.8019 0.6083 0.0394, 1.794 0.2933 0.0584, 1.794 0.6083 0.0584, 1.7913 0.2933 0.0787, 1.7913 0.6083 0.0787, 1.7913 0.6083 0.2953, 1.7913 0.2933 0.2953, 1.79 0.6083 0.3055, 1.79 0.2933 0.3055, 1.7861 0.6083 0.315, 1.7861 0.2933 0.315, 1.7798 0.6083 0.3231, 1.7798 0.2933 0.3231, 1.7717 0.6083 0.3294, 1.7717 0.2933 0.3294, 1.7622 0.6083 0.3333, 1.7622 0.2933 0.3333, 1.752 0.6083 0.3346, 1.752 0.2933 0.3346, 1.437 0.6083 0.3346, 1.437 -0.6122 0.3346, 1.752 -0.5334 0.3346, 1.6732 -0.6122 0.3346, 1.752 0.2933 0.374, 1.752 0.6083 0.374, 1.437 0.6083 0.374, 1.752 -0.5334 0.374, 1.437 -0.6122 0.374, 1.6732 -0.6122 0.374, 1.7723 0.2933 0.3713, 1.7723 0.6083 0.3713, 1.7913 0.2933 0.3635, 1.7913 0.6083 0.3635, 1.8076 0.2933 0.351, 1.8076 0.6083 0.351, 1.8202 0.2933 0.3346, 1.8202 0.6083 0.3346, 1.828 0.2933 0.3157, 1.828 0.6083 0.3157, 1.8307 0.2933 0.2953, 1.8307 0.6083 0.2953, 1.8307 0.2933 0.0787, 1.8307 0.6083 0.0787, 1.832 0.6083 0.0686, 1.832 0.2933 0.0686, 1.836 0.6083 0.0591, 1.836 0.2933 0.0591, 1.8422 0.6083 0.0509, 1.8422 0.2933 0.0509, 1.8504 0.6083 0.0446, 1.8504 0.2933 0.0446, 1.8599 0.6083 0.0407, 1.8599 0.2933 0.0407
            ]
        }
        coordIndex [
            0,1,2,-1,2,1,3,-1,1,4,3,-1,3,4,5,-1,3,5,6,-1,6,5,7,-1,6,7,8,-1,8,7,9,-1,8,9,10,-1,10,9,11,-1,10,11,12,-1,12,11,13,-1,12,13,14,-1,14,13,15,-1,14,15,16,-1,16,15,17,-1,16,17,18,-1,18,17,19,-1,18,19,20,-1,20,19,21,-1,20,21,22,-1,22,21,23,-1,22,23,24,-1,24,23,25,-1,24,25,26,-1,26,25,27,-1,26,27,28,-1,28,27,29,-1,28,29,30,-1,30,29,31,-1,30,31,32,-1,32,31,33,-1,32,33,34,-1,34,33,35,-1,34,35,36,-1,36,35,37,-1,36,37,38,-1,38,37,39,-1,38,39,40,-1,40,39,41,-1,40,41,42,-1,42,41,43,-1,42,43,44,-1,44,43,45,-1,44,45,46,-1,46,45,47,-1,46,47,48,-1,48,47,49,-1,48,49,50,-1,50,49,51,-1,50,51,52,-1,52,51,53,-1,52,53,54,-1,54,53,55,-1,54,55,56,-1,56,55,57,-1,56,57,58,-1,58,57,59,-1,58,59,60,-1,60,59,61,-1,60,61,62,-1,62,61,63,-1,62,63,64,-1,64,63,65,-1,64,65,66,-1,66,65,67,-1,66,67,68,-1,68,67,69,-1,68,69,70,-1,70,69,71,-1,70,71,72,-1,72,71,73,-1,72,73,74,-1,74,73,0,-1,74,0,75,-1,75,0,2,-1,1,0,76,-1,1,76,4,-1,9,7,76,-1,76,7,5,-1,76,5,4,-1,15,13,76,-1,76,13,11,-1,76,11,9,-1,21,19,76,-1,76,19,17,-1,76,17,15,-1,27,25,76,-1,76,25,23,-1,76,23,21,-1,33,31,76,-1,76,31,29,-1,76,29,27,-1,39,37,76,-1,76,37,35,-1,76,35,33,-1,45,43,76,-1,76,43,41,-1,76,41,39,-1,51,49,76,-1,76,49,47,-1,76,47,45,-1,57,55,76,-1,76,55,53,-1,76,53,51,-1,63,61,76,-1,76,61,59,-1,76,59,57,-1,69,67,76,-1,76,67,65,-1,76,65,63,-1,0,73,76,-1,76,73,71,-1,76,71,69,-1,77,78,79,-1,77,80,81,-1,81,80,82,-1,81,82,83,-1,83,82,84,-1,83,84,85,-1,85,84,86,-1,85,86,87,-1,86,80,87,-1,87,80,77,-1,87,77,88,-1,88,77,79,-1,89,90,85,-1,85,90,83,-1,91,92,93,-1,93,92,94,-1,93,94,95,-1,95,94,96,-1,95,96,89,-1,89,96,90,-1,92,91,97,-1,92,97,98,-1,98,97,99,-1,98,99,100,-1,100,99,101,-1,100,101,102,-1,102,101,103,-1,102,103,104,-1,104,103,105,-1,104,105,106,-1,106,105,107,-1,106,107,108,-1,109,108,110,-1,110,108,107,-1,109,110,111,-1,111,110,112,-1,111,112,113,-1,113,112,114,-1,113,114,115,-1,115,114,116,-1,115,116,117,-1,117,116,118,-1,117,118,119,-1,119,118,120,-1,119,120,121,-1,121,120,122,-1,123,121,122,-1,123,122,124,-1,124,122,125,-1,124,125,126,-1,127,128,129,-1,127,129,130,-1,130,129,131,-1,130,131,132,-1,128,127,133,-1,128,133,134,-1,134,133,135,-1,134,135,136,-1,136,135,137,-1,136,137,138,-1,138,137,139,-1,138,139,140,-1,140,139,141,-1,140,141,142,-1,142,141,143,-1,142,143,144,-1,145,146,143,-1,143,146,144,-1,146,145,147,-1,147,145,148,-1,147,148,149,-1,149,148,150,-1,149,150,151,-1,151,150,152,-1,151,152,153,-1,153,152,154,-1,153,154,155,-1,155,154,156,-1,155,156,78,-1,78,156,79,-1,77,94,78,-1,78,94,92,-1,78,92,155,-1,155,92,98,-1,155,98,153,-1,153,98,100,-1,153,100,151,-1,151,100,102,-1,151,102,149,-1,149,102,104,-1,149,104,147,-1,147,104,106,-1,147,106,146,-1,146,106,108,-1,146,108,144,-1,144,108,109,-1,144,109,142,-1,142,109,111,-1,142,111,140,-1,140,111,113,-1,140,113,138,-1,138,113,115,-1,138,115,136,-1,136,115,117,-1,136,117,134,-1,134,117,119,-1,134,119,128,-1,128,119,121,-1,128,121,129,-1,129,121,123,-1,132,131,126,-1,126,131,124,-1,127,122,133,-1,133,122,120,-1,133,120,135,-1,135,120,118,-1,135,118,137,-1,137,118,116,-1,137,116,139,-1,139,116,114,-1,139,114,141,-1,141,114,112,-1,141,112,143,-1,143,112,110,-1,143,110,145,-1,145,110,107,-1,145,107,148,-1,148,107,105,-1,148,105,150,-1,150,105,103,-1,150,103,152,-1,152,103,101,-1,152,101,154,-1,154,101,99,-1,154,99,156,-1,156,99,97,-1,156,97,79,-1,79,97,91,-1,79,91,88,-1,88,91,93,-1,125,122,130,-1,130,122,127,-1,96,94,81,-1,81,94,77,-1,90,96,83,-1,83,96,81,-1,95,89,87,-1,87,89,85,-1,93,95,88,-1,88,95,87,-1,157,158,159,-1,159,158,160,-1,161,162,163,-1,161,164,165,-1,165,164,166,-1,167,165,168,-1,168,165,166,-1,168,166,169,-1,169,166,158,-1,169,158,170,-1,170,158,157,-1,171,172,173,-1,173,164,171,-1,171,164,161,-1,171,161,174,-1,174,161,163,-1,174,163,160,-1,160,163,175,-1,160,175,159,-1,159,175,176,-1,177,178,158,-1,158,178,160,-1,179,180,181,-1,181,180,182,-1,181,182,183,-1,183,182,184,-1,183,184,177,-1,177,184,178,-1,180,179,185,-1,180,185,186,-1,186,185,187,-1,186,187,188,-1,188,187,189,-1,188,189,190,-1,190,189,191,-1,190,191,192,-1,192,191,193,-1,192,193,194,-1,194,193,195,-1,194,195,196,-1,197,196,198,-1,198,196,195,-1,197,198,199,-1,199,198,200,-1,199,200,201,-1,201,200,202,-1,201,202,203,-1,203,202,204,-1,203,204,205,-1,205,204,206,-1,205,206,207,-1,207,206,208,-1,207,208,209,-1,209,208,210,-1,211,209,210,-1,211,210,212,-1,212,210,213,-1,212,213,214,-1,215,216,217,-1,215,217,218,-1,218,217,219,-1,218,219,220,-1,216,215,221,-1,216,221,222,-1,222,221,223,-1,222,223,224,-1,224,223,225,-1,224,225,226,-1,226,225,227,-1,226,227,228,-1,228,227,229,-1,228,229,230,-1,230,229,231,-1,230,231,232,-1,233,234,231,-1,231,234,232,-1,234,233,235,-1,235,233,236,-1,235,236,237,-1,237,236,238,-1,237,238,239,-1,239,238,240,-1,239,240,241,-1,241,240,242,-1,241,242,243,-1,243,242,244,-1,243,244,172,-1,172,244,173,-1,171,182,172,-1,172,182,180,-1,172,180,243,-1,243,180,186,-1,243,186,241,-1,241,186,188,-1,241,188,239,-1,239,188,190,-1,239,190,237,-1,237,190,192,-1,237,192,235,-1,235,192,194,-1,235,194,234,-1,234,194,196,-1,234,196,232,-1,232,196,197,-1,232,197,230,-1,230,197,199,-1,230,199,228,-1,228,199,201,-1,228,201,226,-1,226,201,203,-1,226,203,224,-1,224,203,205,-1,224,205,222,-1,222,205,207,-1,222,207,216,-1,216,207,209,-1,216,209,217,-1,217,209,211,-1,220,219,214,-1,214,219,212,-1,215,210,221,-1,221,210,208,-1,221,208,223,-1,223,208,206,-1,223,206,225,-1,225,206,204,-1,225,204,227,-1,227,204,202,-1,227,202,229,-1,229,202,200,-1,229,200,231,-1,231,200,198,-1,231,198,233,-1,233,198,195,-1,233,195,236,-1,236,195,193,-1,236,193,238,-1,238,193,191,-1,238,191,240,-1,240,191,189,-1,240,189,242,-1,242,189,187,-1,242,187,244,-1,244,187,185,-1,244,185,173,-1,173,185,179,-1,173,179,164,-1,164,179,181,-1,213,210,218,-1,218,210,215,-1,184,182,174,-1,174,182,171,-1,178,184,160,-1,160,184,174,-1,183,177,166,-1,166,177,158,-1,181,183,164,-1,164,183,166,-1,218,220,213,-1,213,220,214,-1,130,132,125,-1,125,132,126,-1,
        ]
    }
}
Shape{
    appearance Appearance {
        material  Material 	{
            diffuseColor 0.25098039215686274 0.25098039215686274 0.25098039215686274
            specularColor 0.12549019607843137 0.12549019607843137 0.12549019607843137
            ambientIntensity 0.251
            transparency 0.0
            shininess 0.5
        }
    }
    geometry IndexedFaceSet {
        ccw TRUE
        solid FALSE
        coord DEF co Coordinate {
            point [
                2.3869 0.467 0.039, 2.5641 0.467 0.039, 2.3869 0.467 0.0394, 2.5641 0.467 0.0394, 2.5641 0.6442 0.039, 2.5641 0.6442 0.0394, 2.6034 0.6442 0.039, 2.6034 0.6442 0.0394, 2.6034 0.467 0.039, 2.6034 0.467 0.0394, 2.7806 0.467 0.039, 2.7806 0.467 0.0394, 2.7806 0.4276 0.039, 2.7806 0.4276 0.0394, 2.6034 0.4276 0.039, 2.6034 0.4276 0.0394, 2.6034 0.2505 0.039, 2.6034 0.2505 0.0394, 2.5641 0.2505 0.039, 2.5641 0.2505 0.0394, 2.5641 0.4276 0.039, 2.5641 0.4276 0.0394, 2.3869 0.4276 0.039, 2.3869 0.4276 0.0394, -2.6536 -0.6913 0.039, -2.6536 -0.2976 0.039, -2.6536 -0.6913 0.0394, -2.6536 -0.2976 0.0394, -2.6142 -0.2976 0.039, -2.6142 -0.2976 0.0394, -2.6142 -0.6913 0.039, -2.6142 -0.6913 0.0394
            ]
        }
        coordIndex [
            0,1,2,-1,2,1,3,-1,1,4,3,-1,3,4,5,-1,4,6,5,-1,5,6,7,-1,6,8,7,-1,7,8,9,-1,8,10,9,-1,9,10,11,-1,10,12,11,-1,11,12,13,-1,12,14,13,-1,13,14,15,-1,14,16,15,-1,15,16,17,-1,16,18,17,-1,17,18,19,-1,18,20,19,-1,19,20,21,-1,20,22,21,-1,21,22,23,-1,22,0,23,-1,23,0,2,-1,22,20,0,-1,0,20,1,-1,10,8,12,-1,12,8,14,-1,6,4,8,-1,8,4,1,-1,8,1,14,-1,14,1,20,-1,14,20,16,-1,16,20,18,-1,24,25,26,-1,26,25,27,-1,25,28,27,-1,27,28,29,-1,28,30,29,-1,29,30,31,-1,30,24,31,-1,31,24,26,-1,30,28,24,-1,24,28,25,-1,
        ]
    }
}
Shape{
    appearance Appearance {
        material  Material 	{
            diffuseColor 1.0 1.0 0.0
            specularColor 0.5019607843137255 0.5019607843137255 0.0
            ambientIntensity 0.886
            transparency 0.0
            shininess 0.5
        }
    }
    geometry IndexedFaceSet {
        ccw TRUE
        solid FALSE
        coord DEF co Coordinate {
            point [
                0.8268 -0.0019 0.7874, 0.8109 -0.1632 0.8661, 0.8109 -0.1632 0.7874, 0.7638 -0.3183 0.8661, 0.7638 -0.3183 0.7874, 0.6874 -0.4613 0.8661, 0.6874 -0.4613 0.7874, 0.5846 -0.5866 0.8661, 0.5846 -0.5866 0.7874, 0.4593 -0.6894 0.8661, 0.4593 -0.6894 0.7874, 0.3164 -0.7658 0.8661, 0.3164 -0.7658 0.7874, 0.1613 -0.8128 0.8661, 0.1613 -0.8128 0.7874, 0.0 -0.8287 0.8661, 0.0 -0.8287 0.7874, -0.1613 -0.8128 0.8661, -0.1613 -0.8128 0.7874, -0.3164 -0.7658 0.8661, -0.3164 -0.7658 0.7874, -0.4593 -0.6894 0.8661, -0.4593 -0.6894 0.7874, -0.5846 -0.5866 0.8661, -0.5846 -0.5866 0.7874, -0.6874 -0.4613 0.8661, -0.6874 -0.4613 0.7874, -0.7638 -0.3183 0.8661, -0.7638 -0.3183 0.7874, -0.8109 -0.1632 0.8661, -0.8109 -0.1632 0.7874, -0.8268 -0.0019 0.8661, -0.8268 -0.0019 0.7874, -0.8109 0.1593 0.8661, -0.8109 0.1593 0.7874, -0.7638 0.3144 0.8661, -0.7638 0.3144 0.7874, -0.6874 0.4574 0.8661, -0.6874 0.4574 0.7874, -0.5846 0.5827 0.8661, -0.5846 0.5827 0.7874, -0.4593 0.6855 0.8661, -0.4593 0.6855 0.7874, -0.3164 0.7619 0.8661, -0.3164 0.7619 0.7874, -0.1613 0.8089 0.8661, -0.1613 0.8089 0.7874, 0.0 0.8248 0.8661, 0.0 0.8248 0.7874, 0.1613 0.8089 0.8661, 0.1613 0.8089 0.7874, 0.3164 0.7619 0.8661, 0.3164 0.7619 0.7874, 0.4593 0.6855 0.8661, 0.4593 0.6855 0.7874, 0.5846 0.5827 0.8661, 0.5846 0.5827 0.7874, 0.6874 0.4574 0.8661, 0.6874 0.4574 0.7874, 0.7638 0.3144 0.8661, 0.7638 0.3144 0.7874, 0.8109 0.1593 0.8661, 0.8109 0.1593 0.7874, 0.8268 -0.0019 0.8661, 0.0 -0.0019 0.8661
            ]
        }
        coordIndex [
            0,1,2,-1,2,1,3,-1,2,3,4,-1,4,3,5,-1,4,5,6,-1,6,5,7,-1,6,7,8,-1,8,7,9,-1,8,9,10,-1,10,9,11,-1,10,11,12,-1,12,11,13,-1,12,13,14,-1,14,13,15,-1,14,15,16,-1,16,15,17,-1,16,17,18,-1,18,17,19,-1,18,19,20,-1,20,19,21,-1,20,21,22,-1,22,21,23,-1,22,23,24,-1,24,23,25,-1,24,25,26,-1,26,25,27,-1,26,27,28,-1,28,27,29,-1,28,29,30,-1,30,29,31,-1,30,31,32,-1,32,31,33,-1,32,33,34,-1,34,33,35,-1,34,35,36,-1,36,35,37,-1,36,37,38,-1,38,37,39,-1,38,39,40,-1,40,39,41,-1,40,41,42,-1,42,41,43,-1,42,43,44,-1,44,43,45,-1,44,45,46,-1,46,45,47,-1,46,47,48,-1,48,47,49,-1,48,49,50,-1,50,49,51,-1,50,51,52,-1,52,51,53,-1,52,53,54,-1,54,53,55,-1,54,55,56,-1,56,55,57,-1,56,57,58,-1,58,57,59,-1,58,59,60,-1,60,59,61,-1,60,61,62,-1,62,61,63,-1,62,63,0,-1,0,63,1,-1,31,29,64,-1,31,64,33,-1,39,37,64,-1,64,37,35,-1,64,35,33,-1,45,43,64,-1,64,43,41,-1,64,41,39,-1,51,49,64,-1,64,49,47,-1,64,47,45,-1,57,55,64,-1,64,55,53,-1,64,53,51,-1,63,61,64,-1,64,61,59,-1,64,59,57,-1,5,3,64,-1,64,3,1,-1,64,1,63,-1,11,9,64,-1,64,9,7,-1,64,7,5,-1,17,15,64,-1,64,15,13,-1,64,13,11,-1,23,21,64,-1,64,21,19,-1,64,19,17,-1,29,27,64,-1,64,27,25,-1,64,25,23,-1,
        ]
    }
}
Shape{
    appearance Appearance {
        material  Material 	{
            diffuseColor 0.0 0.0 0.0
            specularColor 0.0 0.0 0.0
            ambientIntensity 0.0
            transparency 0.0
            shininess 0.5
        }
    }
    geometry IndexedFaceSet {
        ccw TRUE
        solid FALSE
        coord DEF co Coordinate {
            point [
                -0.0382 1.5763 0.495, -0.0381 1.5724 0.495, 0.0044 1.5768 0.495, 0.0 1.5729 0.495, 0.0044 1.5729 0.495, 0.0044 1.5729 0.5896, 0.0044 1.5768 0.5896, 0.0182 1.5728 0.5896, 0.0182 1.5767 0.5896, 0.0182 1.5728 0.4828, 0.0182 1.5767 0.4828, 0.0182 1.5767 0.5362, 0.0182 1.5728 0.5362, -0.0381 1.5724 0.4828, -0.0382 1.5763 0.4828, 0.0 1.5729 0.4828, -0.1223 1.5681 0.5004, -0.1226 1.572 0.5004, -0.1223 1.5681 0.4872, -0.1226 1.572 0.4872, -0.1153 1.5726 0.4974, -0.115 1.5686 0.4974, -0.1091 1.573 0.4949, -0.1088 1.5691 0.4949, -0.1078 1.5731 0.4947, -0.1075 1.5692 0.4947, -0.0951 1.5739 0.4933, -0.0948 1.57 0.4933, -0.0849 1.5745 0.4948, -0.0847 1.5706 0.4948, -0.0825 1.5746 0.4952, -0.0821 1.5707 0.4952, -0.0799 1.5748 0.4962, -0.0797 1.5708 0.4962, -0.0774 1.5749 0.4972, -0.0772 1.571 0.4972, -0.0764 1.5749 0.498, -0.0762 1.571 0.498, -0.0676 1.5753 0.5045, -0.0674 1.5714 0.5045, -0.0637 1.5755 0.5107, -0.0636 1.5716 0.5107, -0.0617 1.5756 0.5138, -0.0613 1.5717 0.5143, -0.06 1.5757 0.518, -0.0598 1.5717 0.518, -0.0587 1.5757 0.5211, -0.0586 1.5718 0.5212, -0.0586 1.5757 0.5224, -0.0584 1.5718 0.5224, -0.0571 1.5758 0.535, -0.0569 1.5718 0.535, -0.0582 1.5757 0.5444, -0.058 1.5718 0.5444, -0.0586 1.5757 0.5482, -0.0584 1.5718 0.5477, -0.0598 1.5757 0.552, -0.0597 1.5717 0.552, -0.0608 1.5756 0.5553, -0.0607 1.5717 0.5553, -0.0616 1.5756 0.5565, -0.0615 1.5717 0.5565, -0.0683 1.5753 0.5671, -0.0682 1.5714 0.5671, -0.0768 1.5749 0.5732, -0.0766 1.571 0.5732, -0.079 1.5748 0.5747, -0.079 1.5709 0.5749, -0.0818 1.5747 0.5759, -0.0816 1.5707 0.5759, -0.0844 1.5745 0.577, -0.0842 1.5706 0.577, -0.0858 1.5745 0.5772, -0.0856 1.5705 0.5772, -0.0974 1.5738 0.5789, -0.0972 1.5699 0.5789, -0.1006 1.5736 0.5785, -0.1003 1.5697 0.5785, -0.1103 1.5729 0.5774, -0.1102 1.569 0.5774, -0.1114 1.5729 0.577, -0.1112 1.5689 0.577, -0.1226 1.572 0.5726, -0.1223 1.5681 0.5726, -0.1223 1.5681 0.587, -0.1226 1.572 0.587, -0.1102 1.573 0.5905, -0.0971 1.5699 0.5914, -0.0973 1.5738 0.5914, -0.1099 1.569 0.59, -0.1139 1.5687 0.5896, -0.0817 1.5747 0.5889, -0.0815 1.5707 0.5889, -0.079 1.5748 0.5885, -0.0785 1.5709 0.5884, -0.0757 1.575 0.5872, -0.0755 1.571 0.5872, -0.0715 1.5752 0.5854, -0.0714 1.5712 0.5854, -0.0703 1.5752 0.5845, -0.0701 1.5713 0.5845, -0.058 1.5757 0.5756, -0.0579 1.5718 0.5756, -0.0506 1.576 0.5644, -0.0505 1.572 0.5644, -0.0482 1.5761 0.5609, -0.0476 1.5721 0.5599, -0.0465 1.5761 0.5565, -0.0464 1.5722 0.5565, -0.0449 1.5762 0.5525, -0.0447 1.5722 0.552, -0.0447 1.5762 0.5504, -0.0445 1.5722 0.5504, -0.0426 1.5762 0.5342, -0.0425 1.5723 0.5342, -0.044 1.5762 0.5223, -0.044 1.5722 0.5223, -0.0446 1.5762 0.5175, -0.0446 1.5722 0.5171, -0.046 1.5761 0.5135, -0.0458 1.5722 0.5135, -0.0474 1.5761 0.5093, -0.0473 1.5721 0.5093, -0.0483 1.5761 0.508, -0.0481 1.5721 0.508, -0.0563 1.5758 0.4956, -0.0562 1.5719 0.4956, -0.0682 1.5753 0.4873, -0.068 1.5714 0.4873, -0.0705 1.5752 0.4857, -0.0706 1.5713 0.4855, -0.0734 1.5751 0.4846, -0.0732 1.5712 0.4845, -0.0773 1.5749 0.4831, -0.0771 1.571 0.4831, -0.0786 1.5748 0.4829, -0.0784 1.5709 0.4829, -0.0931 1.574 0.481, -0.0928 1.5701 0.481, -0.0991 1.5737 0.4815, -0.0988 1.5697 0.4815, -0.1083 1.5731 0.4823, -0.1074 1.5692 0.4822, -0.1101 1.5729 0.4829, -0.1098 1.569 0.483, -0.1573 1.565 0.495, -0.1577 1.5689 0.495, -0.2007 1.56 0.495, -0.2012 1.5639 0.495, -0.1573 1.565 0.5309, -0.1577 1.5689 0.5309, -0.1577 1.5689 0.5129, -0.1573 1.565 0.5129, -0.1953 1.5607 0.5309, -0.1958 1.5646 0.5309, -0.1953 1.5607 0.5431, -0.1958 1.5646 0.5431, -0.1573 1.565 0.5431, -0.1577 1.5689 0.5431, -0.1574 1.565 0.5773, -0.1577 1.5689 0.5773, -0.1577 1.5689 0.5602, -0.1573 1.565 0.5602, -0.1983 1.5603 0.5773, -0.1988 1.5642 0.5773, -0.1983 1.5603 0.5896, -0.1988 1.5642 0.5896, -0.1988 1.5642 0.5834, -0.1983 1.5603 0.5834, -0.1436 1.5663 0.5896, -0.144 1.5702 0.5896, -0.1436 1.5663 0.4828, -0.144 1.5702 0.4828, -0.144 1.5702 0.5362, -0.1436 1.5663 0.5362, -0.2007 1.56 0.4828, -0.2012 1.5639 0.4828, -0.2504 1.5568 0.4828, -0.2497 1.5529 0.4828, -0.2628 1.5547 0.4844, -0.2621 1.5509 0.4844, -0.2679 1.5539 0.485, -0.2678 1.5499 0.4852, -0.2722 1.5531 0.4865, -0.2715 1.5493 0.4865, -0.2767 1.5523 0.4881, -0.2761 1.5485 0.4882, -0.2781 1.5521 0.4891, -0.2775 1.5482 0.489, -0.2913 1.5497 0.4978, -0.2906 1.5458 0.4978, -0.3004 1.548 0.5107, -0.2996 1.5441 0.5108, -0.3022 1.5476 0.5134, -0.3016 1.5437 0.5136, -0.3033 1.5474 0.5163, -0.3026 1.5435 0.5163, -0.305 1.5471 0.5207, -0.3042 1.5432 0.5207, -0.3051 1.547 0.5221, -0.3044 1.5432 0.5221, -0.3072 1.5466 0.5375, -0.3064 1.5428 0.5375, -0.3046 1.5471 0.5533, -0.3038 1.5433 0.5533, -0.304 1.5472 0.5565, -0.3032 1.5434 0.5566, -0.303 1.5474 0.5588, -0.3022 1.5436 0.5588, -0.3011 1.5478 0.5629, -0.3004 1.5439 0.5629, -0.3001 1.548 0.5642, -0.2994 1.5441 0.5642, -0.2913 1.5497 0.5754, -0.2906 1.5458 0.5754, -0.2832 1.5512 0.5806, -0.2825 1.5473 0.5806, -0.28 1.5518 0.5827, -0.2777 1.5482 0.5836, -0.2734 1.5529 0.5856, -0.2727 1.5491 0.5856, -0.2697 1.5536 0.5872, -0.2684 1.5498 0.5873, -0.2673 1.554 0.5875, -0.2666 1.5501 0.5876, -0.2514 1.5566 0.5896, -0.2508 1.5528 0.5896, -0.2207 1.5573 0.5896, -0.2212 1.5612 0.5896, -0.2207 1.5573 0.4828, -0.2213 1.5612 0.4828, -0.2212 1.5612 0.5362, -0.2207 1.5573 0.5362, -0.2509 1.5567 0.5773, -0.2637 1.5546 0.5758, -0.2649 1.5544 0.5756, -0.2683 1.5538 0.5743, -0.2731 1.553 0.5722, -0.2773 1.5523 0.5697, -0.2814 1.5515 0.5672, -0.288 1.5503 0.5583, -0.2889 1.5501 0.5571, -0.2901 1.5499 0.5541, -0.2909 1.5498 0.5521, -0.2349 1.5592 0.5773, -0.2349 1.5592 0.5361, -0.2349 1.5592 0.495, -0.2503 1.5568 0.495, -0.2604 1.5552 0.4961, -0.264 1.5546 0.4966, -0.2672 1.554 0.4976, -0.2703 1.5535 0.4987, -0.2716 1.5533 0.4995, -0.2816 1.5515 0.5061, -0.2871 1.5505 0.5144, -0.2891 1.5501 0.5176, -0.2901 1.5499 0.5202, -0.2913 1.5497 0.5233, -0.2914 1.5497 0.5245, -0.2929 1.5494 0.5372, -0.2912 1.5497 0.5499, -0.2807 1.5476 0.5672, -0.2766 1.5484 0.5697, -0.2731 1.549 0.5719, -0.2676 1.55 0.5743, -0.2646 1.5505 0.5756, -0.263 1.5507 0.5758, -0.2503 1.5528 0.5773, -0.2343 1.5553 0.5773, -0.2343 1.5553 0.5361, -0.2343 1.5553 0.495, -0.2497 1.5529 0.495, -0.2598 1.5513 0.4961, -0.2631 1.5507 0.4965, -0.2665 1.5501 0.4976, -0.2697 1.5496 0.4987, -0.2709 1.5494 0.4995, -0.2809 1.5476 0.5061, -0.2864 1.5466 0.5144, -0.2882 1.5463 0.5172, -0.2894 1.546 0.5202, -0.2905 1.5458 0.5233, -0.2907 1.5458 0.5245, -0.2922 1.5455 0.5372, -0.2905 1.5458 0.5499, -0.2902 1.5459 0.5521, -0.2893 1.546 0.5541, -0.2881 1.5463 0.5571, -0.2872 1.5464 0.5583
            ]
        }
        coordIndex [
            0,1,2,-1,2,1,3,-1,2,3,4,-1,5,6,4,-1,4,6,2,-1,7,8,5,-1,5,8,6,-1,9,10,11,-1,9,11,12,-1,12,11,8,-1,12,8,7,-1,13,14,15,-1,15,14,10,-1,15,10,9,-1,0,14,1,-1,1,14,13,-1,2,6,8,-1,14,0,10,-1,10,0,2,-1,10,2,11,-1,11,2,8,-1,16,17,18,-1,18,17,19,-1,17,16,20,-1,20,16,21,-1,20,21,22,-1,22,21,23,-1,22,23,24,-1,24,23,25,-1,24,25,26,-1,26,25,27,-1,26,27,28,-1,28,27,29,-1,28,29,30,-1,30,29,31,-1,30,31,32,-1,32,31,33,-1,32,33,34,-1,34,33,35,-1,34,35,36,-1,36,35,37,-1,36,37,38,-1,38,37,39,-1,38,39,40,-1,40,39,41,-1,40,41,42,-1,42,41,43,-1,42,43,44,-1,44,43,45,-1,44,45,46,-1,46,45,47,-1,46,47,48,-1,48,47,49,-1,48,49,50,-1,50,49,51,-1,50,51,52,-1,52,51,53,-1,52,53,54,-1,54,53,55,-1,54,55,56,-1,56,55,57,-1,56,57,58,-1,58,57,59,-1,58,59,60,-1,60,59,61,-1,60,61,62,-1,62,61,63,-1,62,63,64,-1,64,63,65,-1,64,65,66,-1,66,65,67,-1,66,67,68,-1,68,67,69,-1,68,69,70,-1,70,69,71,-1,70,71,72,-1,72,71,73,-1,72,73,74,-1,74,73,75,-1,74,75,76,-1,76,75,77,-1,76,77,78,-1,78,77,79,-1,78,79,80,-1,80,79,81,-1,80,81,82,-1,82,81,83,-1,84,85,83,-1,83,85,82,-1,86,85,84,-1,87,88,89,-1,89,88,86,-1,89,86,90,-1,90,86,84,-1,88,87,91,-1,91,87,92,-1,91,92,93,-1,93,92,94,-1,93,94,95,-1,95,94,96,-1,95,96,97,-1,97,96,98,-1,97,98,99,-1,99,98,100,-1,99,100,101,-1,101,100,102,-1,101,102,103,-1,103,102,104,-1,103,104,105,-1,105,104,106,-1,105,106,107,-1,107,106,108,-1,107,108,109,-1,109,108,110,-1,109,110,111,-1,111,110,112,-1,111,112,113,-1,113,112,114,-1,113,114,115,-1,115,114,116,-1,115,116,117,-1,117,116,118,-1,117,118,119,-1,119,118,120,-1,119,120,121,-1,121,120,122,-1,121,122,123,-1,123,122,124,-1,123,124,125,-1,125,124,126,-1,125,126,127,-1,127,126,128,-1,127,128,129,-1,129,128,130,-1,129,130,131,-1,131,130,132,-1,131,132,133,-1,133,132,134,-1,133,134,135,-1,135,134,136,-1,135,136,137,-1,137,136,138,-1,137,138,139,-1,139,138,140,-1,139,140,141,-1,141,140,142,-1,141,142,143,-1,143,142,144,-1,143,144,19,-1,19,144,18,-1,19,17,20,-1,19,20,143,-1,143,20,22,-1,143,22,141,-1,141,22,24,-1,141,24,139,-1,139,24,26,-1,139,26,137,-1,137,26,28,-1,137,28,135,-1,135,28,30,-1,135,30,133,-1,133,30,32,-1,133,32,131,-1,131,32,34,-1,131,34,129,-1,129,34,127,-1,127,34,36,-1,127,36,125,-1,36,38,125,-1,125,38,40,-1,125,40,123,-1,123,40,42,-1,123,42,121,-1,121,42,44,-1,121,44,119,-1,119,44,117,-1,117,44,46,-1,117,46,115,-1,115,46,48,-1,115,48,113,-1,48,50,113,-1,113,50,52,-1,113,52,111,-1,111,52,54,-1,111,54,109,-1,109,54,56,-1,109,56,107,-1,107,56,105,-1,105,56,58,-1,105,58,103,-1,103,58,60,-1,103,60,101,-1,101,60,62,-1,101,62,99,-1,99,62,64,-1,99,64,97,-1,97,64,66,-1,97,66,95,-1,95,66,68,-1,95,68,93,-1,93,68,70,-1,93,70,91,-1,91,70,72,-1,91,72,88,-1,72,74,88,-1,88,74,76,-1,88,76,86,-1,82,85,80,-1,80,85,86,-1,80,86,78,-1,78,86,76,-1,145,146,147,-1,147,146,148,-1,149,150,151,-1,149,151,152,-1,152,151,146,-1,152,146,145,-1,153,154,149,-1,149,154,150,-1,155,156,153,-1,153,156,154,-1,157,158,155,-1,155,158,156,-1,159,160,161,-1,159,161,162,-1,162,161,158,-1,162,158,157,-1,163,164,159,-1,159,164,160,-1,165,166,167,-1,165,167,168,-1,168,167,164,-1,168,164,163,-1,169,170,165,-1,165,170,166,-1,171,172,173,-1,171,173,174,-1,174,173,170,-1,174,170,169,-1,175,176,171,-1,171,176,172,-1,148,176,147,-1,147,176,175,-1,176,148,172,-1,172,148,146,-1,172,146,173,-1,173,146,151,-1,173,151,150,-1,160,170,161,-1,161,170,173,-1,161,173,158,-1,158,173,150,-1,158,150,156,-1,156,150,154,-1,160,164,170,-1,170,164,167,-1,170,167,166,-1,177,178,179,-1,179,178,180,-1,179,180,181,-1,181,180,182,-1,181,182,183,-1,183,182,184,-1,183,184,185,-1,185,184,186,-1,185,186,187,-1,187,186,188,-1,187,188,189,-1,189,188,190,-1,189,190,191,-1,191,190,192,-1,191,192,193,-1,193,192,194,-1,193,194,195,-1,195,194,196,-1,195,196,197,-1,197,196,198,-1,197,198,199,-1,199,198,200,-1,199,200,201,-1,201,200,202,-1,201,202,203,-1,203,202,204,-1,203,204,205,-1,205,204,206,-1,205,206,207,-1,207,206,208,-1,207,208,209,-1,209,208,210,-1,209,210,211,-1,211,210,212,-1,211,212,213,-1,213,212,214,-1,213,214,215,-1,215,214,216,-1,215,216,217,-1,217,216,218,-1,217,218,219,-1,219,218,220,-1,219,220,221,-1,221,220,222,-1,221,222,223,-1,223,222,224,-1,223,224,225,-1,225,224,226,-1,227,228,226,-1,226,228,225,-1,229,230,231,-1,229,231,232,-1,232,231,228,-1,232,228,227,-1,177,230,178,-1,178,230,229,-1,225,233,234,-1,225,234,223,-1,223,234,235,-1,223,235,221,-1,221,235,236,-1,221,236,219,-1,219,236,217,-1,217,236,237,-1,217,237,215,-1,215,237,238,-1,215,238,213,-1,238,239,213,-1,213,239,240,-1,213,240,211,-1,211,240,241,-1,211,241,209,-1,209,241,242,-1,209,242,207,-1,207,242,243,-1,233,225,244,-1,244,225,228,-1,244,228,245,-1,245,228,231,-1,245,231,246,-1,246,231,230,-1,246,230,247,-1,247,230,177,-1,247,177,248,-1,248,177,179,-1,248,179,249,-1,249,179,181,-1,249,181,250,-1,250,181,183,-1,250,183,251,-1,251,183,185,-1,251,185,252,-1,252,185,187,-1,252,187,253,-1,253,187,189,-1,253,189,254,-1,254,189,191,-1,254,191,255,-1,255,191,193,-1,255,193,256,-1,256,193,195,-1,256,195,257,-1,257,195,197,-1,257,197,258,-1,258,197,199,-1,258,199,259,-1,259,199,201,-1,259,201,260,-1,260,201,203,-1,260,203,243,-1,243,203,205,-1,243,205,207,-1,261,239,262,-1,262,239,238,-1,262,238,263,-1,263,238,237,-1,263,237,264,-1,264,237,236,-1,264,236,265,-1,265,236,235,-1,265,235,266,-1,266,235,234,-1,266,234,267,-1,267,234,233,-1,244,268,233,-1,233,268,267,-1,268,244,245,-1,268,245,269,-1,269,245,246,-1,269,246,270,-1,247,271,246,-1,246,271,270,-1,271,247,272,-1,272,247,248,-1,272,248,273,-1,273,248,249,-1,273,249,274,-1,274,249,250,-1,274,250,275,-1,275,250,251,-1,275,251,276,-1,276,251,252,-1,276,252,277,-1,277,252,253,-1,277,253,278,-1,278,253,254,-1,278,254,279,-1,279,254,255,-1,279,255,280,-1,280,255,256,-1,280,256,281,-1,281,256,257,-1,281,257,282,-1,282,257,258,-1,282,258,283,-1,283,258,259,-1,283,259,284,-1,284,259,260,-1,284,260,285,-1,285,260,243,-1,285,243,286,-1,286,243,242,-1,286,242,287,-1,287,242,241,-1,287,241,288,-1,288,241,240,-1,288,240,261,-1,261,240,239,-1,
        ]
    }
}
Shape{
    appearance Appearance {
        material  Material 	{
            diffuseColor 1.0 1.0 1.0
            specularColor 0.5019607843137255 0.5019607843137255 0.5019607843137255
            ambientIntensity 1.0
            transparency 0.0
            shininess 0.5
        }
    }
    geometry IndexedFaceSet {
        ccw TRUE
        solid FALSE
        coord DEF co Coordinate {
            point [
                -0.2922 1.5455 0.5372, -0.2905 1.5458 0.5499, -0.2343 1.5553 0.5361, -0.2902 1.5459 0.5521, -0.2893 1.546 0.5541, -0.2807 1.5476 0.5672, -0.2766 1.5484 0.5697, -0.2872 1.5464 0.5583, -0.2881 1.5463 0.5571, -0.2731 1.549 0.5719, -0.2676 1.55 0.5743, -0.2646 1.5505 0.5756, -0.263 1.5507 0.5758, -0.2503 1.5528 0.5773, -0.2343 1.5553 0.5773, -0.2343 1.5553 0.495, -0.2497 1.5529 0.495, -0.2598 1.5513 0.4961, -0.2631 1.5507 0.4965, -0.2665 1.5501 0.4976, -0.2697 1.5496 0.4987, -0.2709 1.5494 0.4995, -0.2809 1.5476 0.5061, -0.2864 1.5466 0.5144, -0.2882 1.5463 0.5172, -0.2894 1.546 0.5202, -0.2905 1.5458 0.5233, -0.2907 1.5458 0.5245
            ]
        }
        coordIndex [
            0,1,2,-1,2,1,3,-1,2,3,4,-1,5,6,7,-1,7,6,2,-1,7,2,8,-1,8,2,4,-1,6,9,2,-1,2,9,10,-1,2,10,11,-1,11,12,2,-1,2,12,13,-1,2,13,14,-1,2,15,16,-1,16,17,2,-1,2,17,18,-1,2,18,19,-1,19,20,2,-1,2,20,21,-1,2,21,22,-1,22,23,2,-1,2,23,24,-1,2,24,25,-1,25,26,2,-1,2,26,27,-1,2,27,0,-1,
        ]
    }
}
Shape{
    appearance Appearance {
        material  Material 	{
            diffuseColor 0.0 0.0 0.0
            specularColor 0.0 0.0 0.0
            ambientIntensity 0.0
            transparency 0.0
            shininess 0.5
        }
    }
    geometry IndexedFaceSet {
        ccw TRUE
        solid FALSE
        coord DEF co Coordinate {
            point [
                -0.352 1.533 0.5896, -0.3528 1.5369 0.5896, -0.3663 1.5297 0.5896, -0.3672 1.5335 0.5896, -0.3329 1.5413 0.5362, -0.3122 1.5416 0.4828, -0.313 1.5455 0.4828, -0.3271 1.5385 0.4828, -0.3279 1.5424 0.4828, -0.333 1.5413 0.4974, -0.3372 1.5363 0.512, -0.338 1.5402 0.512, -0.3804 1.5262 0.512, -0.3814 1.53 0.512, -0.3867 1.5287 0.4974, -0.391 1.5235 0.4828, -0.392 1.5274 0.4828, -0.4057 1.5197 0.4828, -0.4068 1.5235 0.4828, -0.387 1.5286 0.5362, -0.3423 1.5392 0.5241, -0.3773 1.5311 0.5241, -0.3579 1.5357 0.5684, -0.3596 1.5353 0.5759, -0.3615 1.5348 0.5684, -0.357 1.5319 0.5684, -0.3492 1.5337 0.5462, -0.3414 1.5354 0.5241, -0.3763 1.5272 0.5241, -0.3685 1.5291 0.5462, -0.3606 1.531 0.5684, -0.3587 1.5315 0.5759, -0.3579 1.5316 0.572
            ]
        }
        coordIndex [
            0,1,2,-1,2,1,3,-1,1,0,4,-1,4,0,5,-1,4,5,6,-1,7,8,5,-1,5,8,6,-1,8,7,9,-1,9,7,10,-1,9,10,11,-1,12,13,10,-1,10,13,11,-1,13,12,14,-1,14,12,15,-1,14,15,16,-1,17,18,15,-1,15,18,16,-1,18,17,19,-1,19,17,2,-1,19,2,3,-1,14,16,18,-1,6,8,9,-1,20,11,21,-1,21,11,13,-1,9,11,6,-1,6,11,20,-1,6,20,4,-1,4,20,1,-1,20,22,1,-1,1,22,23,-1,1,23,3,-1,3,23,24,-1,3,24,19,-1,19,24,21,-1,19,21,18,-1,18,21,13,-1,18,13,14,-1,25,22,26,-1,26,22,20,-1,26,20,27,-1,21,28,20,-1,20,28,27,-1,28,21,29,-1,29,21,24,-1,29,24,30,-1,30,24,31,-1,31,24,23,-1,31,23,32,-1,32,23,22,-1,32,22,25,-1,
        ]
    }
}
Shape{
    appearance Appearance {
        material  Material 	{
            diffuseColor 1.0 1.0 1.0
            specularColor 0.5019607843137255 0.5019607843137255 0.5019607843137255
            ambientIntensity 1.0
            transparency 0.0
            shininess 0.5
        }
    }
    geometry IndexedFaceSet {
        ccw TRUE
        solid FALSE
        coord DEF co Coordinate {
            point [
                -0.3606 1.531 0.5684, -0.3492 1.5337 0.5462, -0.3685 1.5291 0.5462, -0.3414 1.5354 0.5241, -0.3763 1.5272 0.5241, -0.3587 1.5315 0.5759, -0.3579 1.5316 0.572, -0.357 1.5319 0.5684
            ]
        }
        coordIndex [
            0,1,2,-1,2,1,3,-1,2,3,4,-1,5,6,0,-1,0,6,7,-1,0,7,1,-1,
        ]
    }
}
Shape{
    appearance Appearance {
        material  Material 	{
            diffuseColor 0.0 0.0 0.0
            specularColor 0.0 0.0 0.0
            ambientIntensity 0.0
            transparency 0.0
            shininess 0.5
        }
    }
    geometry IndexedFaceSet {
        ccw TRUE
        solid FALSE
        coord DEF co Coordinate {
            point [
                -0.0393 1.5763 0.3256, -0.0392 1.5724 0.3256, 0.0044 1.5768 0.3256, 0.0 1.5729 0.3256, 0.0044 1.5729 0.3256, 0.0044 1.5729 0.3615, 0.0044 1.5768 0.3615, -0.0338 1.5725 0.3615, -0.0338 1.5764 0.3615, 0.0 1.5729 0.3615, -0.0338 1.5725 0.3738, -0.0338 1.5764 0.3738, 0.0044 1.5768 0.3738, 0.0 1.5729 0.3738, 0.0044 1.5729 0.3738, 0.0044 1.5729 0.4079, 0.0044 1.5768 0.4079, 0.0044 1.5768 0.3908, 0.0044 1.5729 0.3908, -0.0368 1.5724 0.4079, -0.0369 1.5764 0.4079, 0.0 1.5729 0.4079, -0.0368 1.5724 0.4202, -0.0369 1.5764 0.4202, 0.0182 1.5728 0.4202, 0.0182 1.5767 0.4202, 0.0 1.5729 0.4202, 0.0182 1.5728 0.3134, 0.0182 1.5767 0.3134, 0.0182 1.5767 0.3668, 0.0182 1.5728 0.3668, -0.0392 1.5724 0.3134, -0.0393 1.5763 0.3134, 0.0 1.5729 0.3134, -0.0595 1.5717 0.3714, -0.0596 1.5757 0.3714, -0.0595 1.5717 0.3843, -0.0596 1.5757 0.3843, -0.0643 1.5755 0.3744, -0.0662 1.5715 0.3757, -0.0699 1.5752 0.3772, -0.0697 1.5713 0.3773, -0.0726 1.5751 0.3786, -0.0724 1.5712 0.3786, -0.0738 1.5751 0.3788, -0.0736 1.5711 0.3788, -0.0847 1.5745 0.3806, -0.0845 1.5706 0.3806, -0.0892 1.5743 0.3791, -0.0889 1.5703 0.3791, -0.0922 1.5741 0.3781, -0.0921 1.5702 0.378, -0.0939 1.574 0.3771, -0.0937 1.5701 0.3771, -0.0956 1.5739 0.3762, -0.0954 1.57 0.3761, -0.0959 1.5739 0.3759, -0.0957 1.5699 0.3759, -0.0968 1.5738 0.3751, -0.0966 1.5699 0.3751, -0.097 1.5738 0.3749, -0.0967 1.5699 0.3749, -0.0975 1.5738 0.3741, -0.0973 1.5698 0.3741, -0.0979 1.5738 0.3735, -0.0976 1.5698 0.3736, -0.0982 1.5737 0.3727, -0.0979 1.5698 0.3727, -0.0989 1.5737 0.3709, -0.0987 1.5698 0.3706, -0.0991 1.5737 0.3696, -0.0988 1.5698 0.3696, -0.1001 1.5736 0.3619, -0.0999 1.5697 0.3619, -0.0888 1.5743 0.3603, -0.0773 1.571 0.3587, -0.0775 1.5749 0.3587, -0.0729 1.5751 0.3574, -0.0727 1.5712 0.3574, -0.0674 1.5754 0.3557, -0.067 1.5714 0.3556, -0.0636 1.5755 0.3539, -0.0635 1.5716 0.354, -0.0606 1.5756 0.3525, -0.0606 1.5717 0.3526, -0.0602 1.5756 0.3522, -0.0601 1.5717 0.3522, -0.0583 1.5757 0.3505, -0.0582 1.5718 0.3507, -0.0581 1.5718 0.3505, -0.0581 1.5757 0.3504, -0.0565 1.5718 0.3485, -0.052 1.572 0.3339, -0.0522 1.5759 0.3339, -0.0539 1.5719 0.3428, -0.0541 1.5759 0.3428, -0.054 1.5719 0.3432, -0.0542 1.5759 0.3435, -0.0551 1.5719 0.3458, -0.0553 1.5758 0.3458, -0.0559 1.5719 0.3476, -0.056 1.5758 0.3475, -0.0567 1.5758 0.3485, -0.0586 1.5718 0.3176, -0.0587 1.5757 0.3176, -0.055 1.5719 0.3223, -0.0551 1.5758 0.3223, -0.0545 1.5719 0.323, -0.0546 1.5759 0.3228, -0.0537 1.5719 0.3245, -0.0539 1.5759 0.3245, -0.0533 1.572 0.3254, -0.0533 1.5759 0.3257, -0.0531 1.572 0.327, -0.0531 1.5759 0.327, -0.0523 1.5759 0.3324, -0.0623 1.5756 0.3154, -0.0622 1.5716 0.3154, -0.0644 1.5755 0.314, -0.0644 1.5715 0.314, -0.0661 1.5754 0.3134, -0.0659 1.5715 0.3134, -0.0682 1.5753 0.3125, -0.0679 1.5714 0.3126, -0.0687 1.5753 0.3125, -0.0686 1.5714 0.3125, -0.0764 1.5749 0.3116, -0.0762 1.571 0.3116, -0.0999 1.5697 0.3252, -0.1001 1.5736 0.3252, -0.0934 1.5701 0.3178, -0.0934 1.574 0.3178, -0.0933 1.5701 0.3177, -0.0927 1.5741 0.3169, -0.0905 1.5703 0.3156, -0.0907 1.5742 0.3157, -0.09 1.5703 0.3152, -0.0896 1.5742 0.3149, -0.088 1.5704 0.3145, -0.0883 1.5743 0.3145, -0.085 1.5706 0.3134, -0.0836 1.5746 0.3129, -0.0821 1.5707 0.3128, -0.0823 1.5746 0.3127, -0.0999 1.5697 0.3134, -0.1001 1.5736 0.3134, -0.1132 1.5688 0.3134, -0.1135 1.5727 0.3134, -0.1132 1.5688 0.3625, -0.1135 1.5727 0.3625, -0.1135 1.5727 0.338, -0.1132 1.5688 0.338, -0.0857 1.5705 0.3914, -0.0859 1.5745 0.3914, -0.0966 1.5699 0.3896, -0.0974 1.5738 0.3894, -0.0972 1.5699 0.3894, -0.098 1.5738 0.3893, -0.1006 1.5696 0.3881, -0.1008 1.5736 0.3881, -0.1017 1.5696 0.3877, -0.1024 1.5735 0.3875, -0.1033 1.5695 0.3867, -0.1036 1.5734 0.3866, -0.1046 1.5694 0.3858, -0.1054 1.5733 0.3854, -0.1053 1.5693 0.3851, -0.1056 1.5733 0.3851, -0.1069 1.5692 0.3835, -0.1072 1.5732 0.3833, -0.1069 1.5692 0.3833, -0.1075 1.5731 0.383, -0.1087 1.5691 0.3803, -0.1089 1.573 0.3803, -0.1093 1.5691 0.3792, -0.1099 1.573 0.3784, -0.1105 1.569 0.375, -0.1107 1.5729 0.375, -0.112 1.5689 0.3697, -0.113 1.5727 0.3657, -0.0765 1.5749 0.3903, -0.0763 1.571 0.3902, -0.0722 1.5751 0.3898, -0.0715 1.5712 0.3896, -0.0703 1.5752 0.3889, -0.0701 1.5713 0.389, -0.0762 1.575 0.3481, -0.0791 1.5748 0.3488, -0.0823 1.5746 0.3493, -0.1001 1.5736 0.3517, -0.1001 1.5736 0.3444, -0.0993 1.5737 0.3377, -0.0992 1.5737 0.3373, -0.0985 1.5737 0.3355, -0.0982 1.5737 0.3346, -0.0968 1.5738 0.3324, -0.0944 1.574 0.3288, -0.0899 1.5742 0.3252, -0.0896 1.5743 0.325, -0.088 1.5743 0.3242, -0.0874 1.5744 0.3239, -0.0857 1.5745 0.3236, -0.0799 1.5748 0.3226, -0.076 1.575 0.323, -0.075 1.575 0.3232, -0.0744 1.575 0.3234, -0.0696 1.5753 0.3261, -0.0726 1.5751 0.3242, -0.0729 1.5751 0.324, -0.0678 1.5753 0.3283, -0.0673 1.5754 0.3289, -0.0669 1.5754 0.3295, -0.0666 1.5754 0.3302, -0.0665 1.5754 0.3307, -0.0661 1.5754 0.3328, -0.0659 1.5754 0.3339, -0.0693 1.5753 0.3446, -0.0672 1.5754 0.3414, -0.0668 1.5754 0.3408, -0.0658 1.5754 0.3349, -0.0661 1.5754 0.3384, -0.0662 1.5754 0.3393, -0.0665 1.5754 0.3399, -0.0747 1.575 0.3477, -0.0737 1.5751 0.3471, -0.0999 1.5697 0.3517, -0.091 1.5702 0.3505, -0.0821 1.5707 0.3493, -0.076 1.571 0.348, -0.0745 1.5711 0.3477, -0.0735 1.5711 0.3471, -0.0691 1.5713 0.3446, -0.067 1.5714 0.3415, -0.0668 1.5714 0.3412, -0.0663 1.5715 0.3399, -0.066 1.5715 0.3392, -0.066 1.5715 0.3384, -0.0656 1.5715 0.3349, -0.0658 1.5715 0.333, -0.0659 1.5715 0.3327, -0.0663 1.5715 0.3307, -0.0664 1.5715 0.3304, -0.0668 1.5714 0.3295, -0.0671 1.5714 0.3288, -0.0676 1.5714 0.3283, -0.0695 1.5713 0.3261, -0.0724 1.5712 0.3242, -0.0727 1.5712 0.324, -0.0742 1.5711 0.3234, -0.0749 1.5711 0.3231, -0.0759 1.571 0.323, -0.0797 1.5708 0.3226, -0.0855 1.5705 0.3235, -0.0865 1.5705 0.3237, -0.0877 1.5704 0.3242, -0.0891 1.5703 0.3248, -0.0896 1.5703 0.3252, -0.0942 1.57 0.3288, -0.0965 1.5699 0.3324, -0.0978 1.5698 0.3342, -0.0983 1.5698 0.3355, -0.099 1.5697 0.3374, -0.0991 1.5697 0.3377, -0.0999 1.5697 0.3444
            ]
        }
        coordIndex [
            0,1,2,-1,2,1,3,-1,2,3,4,-1,5,6,4,-1,4,6,2,-1,7,8,9,-1,9,8,6,-1,9,6,5,-1,10,11,7,-1,7,11,8,-1,11,10,12,-1,12,10,13,-1,12,13,14,-1,15,16,17,-1,15,17,18,-1,18,17,12,-1,18,12,14,-1,19,20,21,-1,21,20,16,-1,21,16,15,-1,22,23,19,-1,19,23,20,-1,24,25,26,-1,26,25,23,-1,26,23,22,-1,27,28,29,-1,27,29,30,-1,30,29,25,-1,30,25,24,-1,31,32,33,-1,33,32,28,-1,33,28,27,-1,0,32,1,-1,1,32,31,-1,6,29,2,-1,2,29,28,-1,2,28,0,-1,0,28,32,-1,20,23,16,-1,16,23,25,-1,16,25,17,-1,17,25,29,-1,17,29,12,-1,12,29,6,-1,12,6,11,-1,11,6,8,-1,34,35,36,-1,36,35,37,-1,35,34,38,-1,38,34,39,-1,38,39,40,-1,40,39,41,-1,40,41,42,-1,42,41,43,-1,42,43,44,-1,44,43,45,-1,44,45,46,-1,46,45,47,-1,46,47,48,-1,48,47,49,-1,48,49,50,-1,50,49,51,-1,50,51,52,-1,52,51,53,-1,52,53,54,-1,54,53,55,-1,54,55,56,-1,56,55,57,-1,56,57,58,-1,58,57,59,-1,58,59,60,-1,60,59,61,-1,60,61,62,-1,62,61,63,-1,62,63,64,-1,64,63,65,-1,64,65,66,-1,66,65,67,-1,66,67,68,-1,68,67,69,-1,68,69,70,-1,70,69,71,-1,70,71,72,-1,72,71,73,-1,72,73,74,-1,74,73,75,-1,74,75,76,-1,76,75,77,-1,77,75,78,-1,77,78,79,-1,79,78,80,-1,79,80,81,-1,81,80,82,-1,81,82,83,-1,83,82,84,-1,83,84,85,-1,85,84,86,-1,85,86,87,-1,86,88,87,-1,87,88,89,-1,87,89,90,-1,90,89,91,-1,92,93,94,-1,94,93,95,-1,94,95,96,-1,96,95,97,-1,96,97,98,-1,98,97,99,-1,98,99,100,-1,100,99,101,-1,100,101,91,-1,91,101,102,-1,91,102,90,-1,103,104,105,-1,105,104,106,-1,105,106,107,-1,107,106,108,-1,107,108,109,-1,109,108,110,-1,109,110,111,-1,111,110,112,-1,111,112,113,-1,113,112,114,-1,113,114,92,-1,92,114,115,-1,92,115,93,-1,104,103,116,-1,116,103,117,-1,116,117,118,-1,118,117,119,-1,118,119,120,-1,120,119,121,-1,120,121,122,-1,122,121,123,-1,122,123,124,-1,124,123,125,-1,124,125,126,-1,126,125,127,-1,128,129,130,-1,130,129,131,-1,130,131,132,-1,132,131,133,-1,132,133,134,-1,134,133,135,-1,134,135,136,-1,136,135,137,-1,136,137,138,-1,138,137,139,-1,138,139,140,-1,140,139,141,-1,140,141,142,-1,142,141,143,-1,142,143,127,-1,127,143,126,-1,144,145,128,-1,128,145,129,-1,146,147,144,-1,144,147,145,-1,148,149,150,-1,148,150,151,-1,151,150,147,-1,151,147,146,-1,152,153,154,-1,154,153,155,-1,154,155,156,-1,156,155,157,-1,156,157,158,-1,158,157,159,-1,158,159,160,-1,160,159,161,-1,160,161,162,-1,162,161,163,-1,162,163,164,-1,164,163,165,-1,164,165,166,-1,166,165,167,-1,166,167,168,-1,168,167,169,-1,168,169,170,-1,170,169,171,-1,170,171,172,-1,172,171,173,-1,172,173,174,-1,174,173,175,-1,174,175,176,-1,176,175,177,-1,176,177,178,-1,178,177,179,-1,178,179,148,-1,148,179,149,-1,153,152,180,-1,180,152,181,-1,180,181,182,-1,182,181,183,-1,182,183,184,-1,184,183,185,-1,184,185,37,-1,37,185,36,-1,35,38,37,-1,37,38,40,-1,37,40,184,-1,184,40,42,-1,184,42,182,-1,182,42,44,-1,182,44,180,-1,180,44,46,-1,180,46,153,-1,153,46,48,-1,153,48,155,-1,155,48,50,-1,155,50,157,-1,157,50,52,-1,54,161,52,-1,52,161,159,-1,52,159,157,-1,167,165,54,-1,54,165,163,-1,54,163,161,-1,54,56,167,-1,167,56,58,-1,167,58,169,-1,169,58,60,-1,169,60,171,-1,171,60,62,-1,171,62,173,-1,173,62,175,-1,62,64,175,-1,175,64,66,-1,175,66,177,-1,72,179,70,-1,70,179,177,-1,70,177,68,-1,68,177,66,-1,186,187,72,-1,72,187,188,-1,72,188,179,-1,179,188,189,-1,179,189,149,-1,149,189,190,-1,149,190,191,-1,192,193,129,-1,129,193,194,-1,129,194,195,-1,195,196,129,-1,129,196,197,-1,129,197,131,-1,131,197,198,-1,131,198,133,-1,133,198,199,-1,133,199,135,-1,135,199,200,-1,135,200,137,-1,137,200,139,-1,139,200,201,-1,139,201,141,-1,141,201,202,-1,141,202,143,-1,143,202,126,-1,126,202,203,-1,126,203,124,-1,203,204,124,-1,124,204,205,-1,124,205,122,-1,116,118,206,-1,206,118,120,-1,206,120,207,-1,207,120,122,-1,207,122,208,-1,208,122,205,-1,116,206,104,-1,104,206,209,-1,104,209,106,-1,106,209,210,-1,106,210,108,-1,108,210,211,-1,108,211,110,-1,110,211,212,-1,110,212,112,-1,112,212,114,-1,114,212,213,-1,114,213,115,-1,213,214,115,-1,115,214,215,-1,115,215,93,-1,216,85,217,-1,217,85,87,-1,217,87,218,-1,218,87,90,-1,218,90,102,-1,215,219,93,-1,93,219,220,-1,93,220,95,-1,95,220,221,-1,95,221,97,-1,97,221,222,-1,97,222,99,-1,99,222,218,-1,99,218,101,-1,101,218,102,-1,76,77,223,-1,223,77,79,-1,223,79,224,-1,224,79,81,-1,224,81,216,-1,216,81,83,-1,216,83,85,-1,186,72,223,-1,223,72,74,-1,223,74,76,-1,129,145,147,-1,191,192,149,-1,149,192,129,-1,149,129,150,-1,150,129,147,-1,225,189,226,-1,226,189,188,-1,226,188,227,-1,228,227,188,-1,188,187,228,-1,228,187,186,-1,228,186,229,-1,229,186,223,-1,229,223,230,-1,230,223,224,-1,230,224,231,-1,231,224,216,-1,231,216,232,-1,232,216,217,-1,232,217,233,-1,233,217,218,-1,233,218,234,-1,234,218,222,-1,234,222,235,-1,235,222,221,-1,235,221,236,-1,236,221,220,-1,236,220,237,-1,237,220,219,-1,237,219,238,-1,238,219,215,-1,238,215,239,-1,239,215,214,-1,239,214,240,-1,240,214,213,-1,240,213,241,-1,241,213,212,-1,241,212,242,-1,242,212,211,-1,242,211,243,-1,243,211,210,-1,243,210,244,-1,244,210,209,-1,244,209,245,-1,245,209,206,-1,245,206,246,-1,246,206,207,-1,246,207,247,-1,247,207,208,-1,247,208,248,-1,248,208,205,-1,248,205,249,-1,249,205,204,-1,249,204,250,-1,250,204,203,-1,250,203,251,-1,251,203,202,-1,251,202,252,-1,252,202,201,-1,252,201,253,-1,253,201,200,-1,253,200,254,-1,254,200,199,-1,254,199,255,-1,255,199,198,-1,255,198,256,-1,256,198,197,-1,256,197,257,-1,257,197,196,-1,257,196,258,-1,258,196,195,-1,258,195,259,-1,259,195,194,-1,259,194,260,-1,260,194,193,-1,260,193,261,-1,261,193,192,-1,261,192,262,-1,262,192,191,-1,262,191,263,-1,263,191,190,-1,190,189,263,-1,263,189,225,-1,
        ]
    }
}
Shape{
    appearance Appearance {
        material  Material 	{
            diffuseColor 1.0 1.0 1.0
            specularColor 0.5019607843137255 0.5019607843137255 0.5019607843137255
            ambientIntensity 1.0
            transparency 0.0
            shininess 0.5
        }
    }
    geometry IndexedFaceSet {
        ccw TRUE
        solid FALSE
        coord DEF co Coordinate {
            point [
                -0.0978 1.5698 0.3342, -0.0983 1.5698 0.3355, -0.091 1.5702 0.3505, -0.099 1.5697 0.3374, -0.0991 1.5697 0.3377, -0.0999 1.5697 0.3444, -0.0999 1.5697 0.3517, -0.0735 1.5711 0.3471, -0.0691 1.5713 0.3446, -0.067 1.5714 0.3415, -0.0896 1.5703 0.3252, -0.0942 1.57 0.3288, -0.0965 1.5699 0.3324, -0.0821 1.5707 0.3493, -0.076 1.571 0.348, -0.0745 1.5711 0.3477, -0.0668 1.5714 0.3412, -0.0877 1.5704 0.3242, -0.0663 1.5715 0.3399, -0.066 1.5715 0.3392, -0.066 1.5715 0.3384, -0.0656 1.5715 0.3349, -0.0658 1.5715 0.333, -0.0759 1.571 0.323, -0.0797 1.5708 0.3226, -0.0855 1.5705 0.3235, -0.0663 1.5715 0.3307, -0.0664 1.5715 0.3304, -0.0668 1.5714 0.3295, -0.0671 1.5714 0.3288, -0.0676 1.5714 0.3283, -0.0695 1.5713 0.3261, -0.0724 1.5712 0.3242, -0.0727 1.5712 0.324, -0.0742 1.5711 0.3234, -0.0749 1.5711 0.3231, -0.0659 1.5715 0.3327, -0.0865 1.5705 0.3237, -0.0891 1.5703 0.3248
            ]
        }
        coordIndex [
            0,1,2,-1,2,1,3,-1,3,4,2,-1,2,4,5,-1,2,5,6,-1,7,8,9,-1,10,11,2,-1,2,11,12,-1,2,12,0,-1,2,13,10,-1,10,13,14,-1,10,14,15,-1,9,16,17,-1,17,16,18,-1,17,18,19,-1,19,20,17,-1,17,20,21,-1,17,21,22,-1,23,24,25,-1,26,27,25,-1,25,27,28,-1,25,28,29,-1,29,30,25,-1,25,30,31,-1,25,31,32,-1,32,33,25,-1,25,33,34,-1,25,34,23,-1,23,34,35,-1,22,36,17,-1,17,36,26,-1,17,26,37,-1,37,26,25,-1,15,7,10,-1,10,7,9,-1,10,9,38,-1,38,9,17,-1,
        ]
    }
}
Shape{
    appearance Appearance {
        material  Material 	{
            diffuseColor 0.0 0.0 0.0
            specularColor 0.0 0.0 0.0
            ambientIntensity 0.0
            transparency 0.0
            shininess 0.5
        }
    }
    geometry IndexedFaceSet {
        ccw TRUE
        solid FALSE
        coord DEF co Coordinate {
            point [
                -0.1313 1.5674 0.3161, -0.1316 1.5713 0.3161, -0.1313 1.5674 0.3299, -0.1316 1.5713 0.3299, -0.1417 1.5704 0.3126, -0.1519 1.5655 0.3116, -0.1523 1.5694 0.3116, -0.1414 1.5665 0.3127, -0.1404 1.5666 0.3128, -0.1562 1.569 0.3118, -0.1558 1.5651 0.3119, -0.1565 1.569 0.3119, -0.1574 1.565 0.312, -0.1631 1.5684 0.3129, -0.1627 1.5644 0.3128, -0.1654 1.5681 0.3133, -0.1643 1.5643 0.3131, -0.1672 1.5679 0.3142, -0.1667 1.564 0.3142, -0.1744 1.5671 0.3177, -0.174 1.5632 0.3177, -0.1785 1.5667 0.3216, -0.178 1.5628 0.3217, -0.179 1.5666 0.3221, -0.1788 1.5627 0.3225, -0.1804 1.5665 0.324, -0.1799 1.5625 0.324, -0.1809 1.5664 0.3247, -0.1805 1.5625 0.3249, -0.1813 1.5663 0.3258, -0.1809 1.5624 0.3258, -0.182 1.5663 0.3274, -0.1815 1.5624 0.3276, -0.1821 1.5663 0.3282, -0.1816 1.5624 0.3282, -0.183 1.5662 0.3342, -0.1825 1.5622 0.3342, -0.1827 1.5662 0.3371, -0.1822 1.5623 0.3371, -0.1824 1.5662 0.3393, -0.1819 1.5623 0.3396, -0.1821 1.5663 0.3403, -0.1817 1.5623 0.3403, -0.1815 1.5663 0.3421, -0.1811 1.5624 0.3419, -0.1815 1.5663 0.3422, -0.181 1.5624 0.3422, -0.1785 1.5667 0.3468, -0.1781 1.5628 0.3468, -0.1705 1.5676 0.3527, -0.1609 1.5646 0.3567, -0.1613 1.5685 0.3567, -0.17 1.5637 0.3525, -0.1719 1.5634 0.3516, -0.1543 1.5692 0.3598, -0.148 1.5659 0.3632, -0.1484 1.5698 0.3632, -0.1475 1.5699 0.3642, -0.147 1.566 0.3645, -0.1451 1.5662 0.3703, -0.1455 1.5701 0.3703, -0.1454 1.5661 0.3679, -0.1457 1.5701 0.3679, -0.1455 1.5661 0.3672, -0.1458 1.57 0.3673, -0.1456 1.5661 0.3668, -0.146 1.57 0.3668, -0.1458 1.5661 0.3662, -0.1463 1.57 0.3661, -0.146 1.5661 0.3659, -0.1464 1.57 0.3659, -0.1474 1.5699 0.3645, -0.146 1.57 0.3731, -0.1456 1.5661 0.3731, -0.146 1.57 0.3732, -0.1457 1.5661 0.3733, -0.1464 1.57 0.3743, -0.146 1.5661 0.3743, -0.1465 1.57 0.3746, -0.1462 1.5661 0.3746, -0.1469 1.5699 0.3751, -0.1465 1.566 0.3751, -0.1473 1.5699 0.3757, -0.1469 1.566 0.3757, -0.1476 1.5699 0.376, -0.1473 1.566 0.376, -0.1495 1.5697 0.3777, -0.1491 1.5658 0.3777, -0.1535 1.5693 0.3795, -0.1531 1.5654 0.3795, -0.1546 1.5692 0.38, -0.1542 1.5653 0.38, -0.1556 1.5691 0.3801, -0.1552 1.5652 0.3801, -0.16 1.5687 0.3806, -0.1596 1.5647 0.3806, -0.1683 1.5678 0.3795, -0.1679 1.5639 0.3795, -0.1702 1.5676 0.3793, -0.1697 1.5637 0.3793, -0.1722 1.5674 0.3784, -0.1717 1.5635 0.3784, -0.1794 1.5666 0.3751, -0.1789 1.5627 0.3751, -0.1789 1.5627 0.3881, -0.1794 1.5666 0.3881, -0.1705 1.5676 0.3907, -0.1609 1.5646 0.3914, -0.1613 1.5685 0.3914, -0.17 1.5636 0.3903, -0.1728 1.5633 0.39, -0.1575 1.5689 0.3912, -0.157 1.565 0.3911, -0.1574 1.5689 0.3912, -0.1558 1.5651 0.391, -0.151 1.5696 0.3901, -0.1506 1.5656 0.3902, -0.1489 1.5698 0.3897, -0.1492 1.5658 0.3899, -0.1472 1.5699 0.3888, -0.1468 1.566 0.3888, -0.1403 1.5706 0.3854, -0.1399 1.5666 0.3854, -0.1363 1.5709 0.3816, -0.136 1.567 0.3816, -0.1358 1.5709 0.381, -0.1357 1.567 0.3812, -0.1344 1.5711 0.3792, -0.1341 1.5671 0.3792, -0.1339 1.5711 0.3784, -0.1335 1.5672 0.3784, -0.1334 1.5712 0.3773, -0.1331 1.5672 0.3773, -0.1327 1.5712 0.3757, -0.1325 1.5673 0.376, -0.1326 1.5712 0.375, -0.1324 1.5673 0.375, -0.1317 1.5713 0.3691, -0.1314 1.5674 0.3691, -0.1319 1.5713 0.3663, -0.1316 1.5673 0.3663, -0.132 1.5713 0.3659, -0.1317 1.5673 0.3652, -0.1325 1.5712 0.3631, -0.1322 1.5673 0.3631, -0.1328 1.5712 0.3621, -0.1324 1.5673 0.3622, -0.1333 1.5712 0.3611, -0.133 1.5672 0.3611, -0.1355 1.571 0.3571, -0.1352 1.567 0.3571, -0.1431 1.5703 0.351, -0.1515 1.5655 0.347, -0.1519 1.5695 0.347, -0.1428 1.5664 0.3512, -0.1416 1.5665 0.3517, -0.1595 1.5687 0.3437, -0.1655 1.5641 0.3401, -0.1659 1.5681 0.3401, -0.1673 1.5679 0.3387, -0.1668 1.564 0.3387, -0.1673 1.5679 0.3386, -0.1669 1.564 0.3385, -0.1682 1.5678 0.3373, -0.1678 1.5639 0.3373, -0.1684 1.5678 0.3371, -0.168 1.5639 0.337, -0.1687 1.5678 0.3364, -0.1682 1.5638 0.3364, -0.1689 1.5677 0.3358, -0.1684 1.5638 0.3359, -0.169 1.5677 0.3352, -0.1685 1.5638 0.3352, -0.1693 1.5677 0.3329, -0.1689 1.5638 0.3329, -0.1681 1.5678 0.3301, -0.1676 1.5639 0.3301, -0.1673 1.5679 0.3285, -0.1667 1.564 0.3281, -0.1661 1.568 0.3266, -0.1657 1.5641 0.3266, -0.1653 1.5681 0.3255, -0.1648 1.5642 0.3254, -0.1649 1.5682 0.3251, -0.1645 1.5642 0.3251, -0.1642 1.5682 0.3244, -0.1638 1.5643 0.3244, -0.1641 1.5682 0.3244, -0.1637 1.5643 0.3244, -0.1633 1.5683 0.3239, -0.1629 1.5644 0.3239, -0.163 1.5684 0.3238, -0.1626 1.5644 0.3238, -0.1619 1.5685 0.3235, -0.1615 1.5646 0.3235, -0.1607 1.5686 0.3231, -0.1602 1.5647 0.3231, -0.1597 1.5687 0.323, -0.1593 1.5648 0.323, -0.1536 1.5693 0.3226, -0.1532 1.5654 0.3226, -0.1522 1.5694 0.3227, -0.1518 1.5655 0.3228, -0.1496 1.5697 0.323, -0.1432 1.5703 0.3243, -0.1428 1.5664 0.3242, -0.1416 1.5665 0.3244, -0.1409 1.5705 0.3248, -0.139 1.5667 0.3258, -0.1393 1.5706 0.3257, -0.2488 1.5571 0.3897, -0.2482 1.5532 0.3897, -0.2385 1.5587 0.361, -0.2276 1.5563 0.3323, -0.2282 1.5602 0.3323, -0.2262 1.5605 0.3261, -0.2257 1.5566 0.3261, -0.2246 1.5607 0.3324, -0.224 1.5568 0.3324, -0.2205 1.5573 0.3427, -0.2147 1.5621 0.361, -0.2043 1.5595 0.3897, -0.2048 1.5635 0.3897, -0.1895 1.5614 0.3897, -0.1899 1.5653 0.3897, -0.2048 1.5635 0.3516, -0.2191 1.5575 0.3136, -0.2197 1.5614 0.3136, -0.2138 1.5622 0.2997, -0.2133 1.5583 0.2997, -0.2123 1.5585 0.2978, -0.2115 1.5626 0.2955, -0.2105 1.5587 0.295, -0.2111 1.5626 0.2949, -0.2096 1.5628 0.2929, -0.2091 1.5589 0.2929, -0.2095 1.5628 0.2927, -0.2089 1.5589 0.2927, -0.2083 1.563 0.2917, -0.2078 1.5591 0.2917, -0.2076 1.5591 0.2915, -0.2078 1.5631 0.2913, -0.2065 1.5593 0.2909, -0.1997 1.5601 0.289, -0.2002 1.564 0.289, -0.2044 1.5595 0.2902, -0.2049 1.5634 0.2901, -0.2056 1.5594 0.2905, -0.2055 1.5634 0.2902, -0.207 1.5632 0.2909, -0.1922 1.5611 0.2905, -0.1927 1.565 0.2905, -0.1959 1.5606 0.2897, -0.1963 1.5645 0.2895, -0.1984 1.5603 0.2891, -0.1922 1.5611 0.2786, -0.1927 1.565 0.2786, -0.197 1.5645 0.2778, -0.2008 1.56 0.2775, -0.2013 1.5639 0.2775, -0.2026 1.5637 0.278, -0.2021 1.5598 0.278, -0.2133 1.5623 0.2822, -0.2128 1.5584 0.2822, -0.2149 1.5621 0.2828, -0.214 1.5583 0.2826, -0.2173 1.5618 0.2845, -0.2168 1.5579 0.2845, -0.2187 1.5616 0.2855, -0.218 1.5577 0.2854, -0.2194 1.5615 0.2864, -0.2188 1.5576 0.2864, -0.2218 1.5611 0.2892, -0.2205 1.5573 0.2885, -0.2224 1.561 0.2905, -0.2217 1.5572 0.29, -0.222 1.5571 0.2905, -0.2283 1.5602 0.3019, -0.2277 1.5563 0.3019, -0.2454 1.5576 0.3458, -0.2619 1.5509 0.3897, -0.2626 1.5548 0.3897, -0.2897 1.546 0.3256, -0.2904 1.5499 0.3256, -0.3325 1.5374 0.3256, -0.3333 1.5412 0.3256, -0.2897 1.546 0.3615, -0.2904 1.5499 0.3615, -0.2904 1.5499 0.3436, -0.2897 1.546 0.3436, -0.3271 1.5385 0.3615, -0.3279 1.5424 0.3615, -0.3271 1.5385 0.3737, -0.3279 1.5424 0.3737, -0.2897 1.546 0.3737, -0.2904 1.5499 0.3737, -0.2897 1.546 0.4079, -0.2904 1.5499 0.4079, -0.3301 1.5379 0.4079, -0.3309 1.5417 0.4079, -0.3301 1.5379 0.4202, -0.3309 1.5417 0.4202, -0.2761 1.5485 0.4202, -0.2768 1.5523 0.4202, -0.2761 1.5485 0.3134, -0.2768 1.5523 0.3134, -0.2768 1.5523 0.3668, -0.2761 1.5485 0.3668, -0.3325 1.5374 0.3134, -0.3333 1.5412 0.3134, -0.3817 1.53 0.3134, -0.3807 1.5261 0.3134, -0.3939 1.5268 0.315, -0.3929 1.523 0.3151, -0.3989 1.5256 0.3157, -0.3985 1.5216 0.3158, -0.4031 1.5245 0.3172, -0.4021 1.5206 0.3172, -0.4076 1.5233 0.3188, -0.4066 1.5194 0.3188, -0.409 1.5229 0.3197, -0.4079 1.5191 0.3197, -0.4219 1.5194 0.3284, -0.4208 1.5156 0.3284, -0.4307 1.5169 0.3414, -0.4296 1.5131 0.3414, -0.4326 1.5164 0.344, -0.4316 1.5126 0.3443, -0.4336 1.5161 0.347, -0.4326 1.5123 0.347, -0.4352 1.5156 0.3513, -0.4342 1.5118 0.3513, -0.4354 1.5156 0.3527, -0.4343 1.5118 0.3527, -0.4374 1.515 0.3682, -0.4363 1.5112 0.3682, -0.4348 1.5157 0.384, -0.4337 1.5119 0.384, -0.4343 1.5159 0.3872, -0.4332 1.5121 0.3873, -0.4333 1.5162 0.3895, -0.4322 1.5124 0.3895, -0.4315 1.5167 0.3935, -0.4304 1.5129 0.3935, -0.4305 1.517 0.3948, -0.4294 1.5132 0.3948, -0.4219 1.5194 0.4061, -0.4208 1.5156 0.4061, -0.4139 1.5216 0.4113, -0.4128 1.5178 0.4112, -0.4108 1.5224 0.4133, -0.4082 1.519 0.4142, -0.4043 1.5242 0.4162, -0.4033 1.5203 0.4162, -0.4007 1.5251 0.4178, -0.399 1.5215 0.418, -0.3983 1.5257 0.4181, -0.3973 1.5219 0.4182, -0.3827 1.5297 0.4202, -0.3818 1.5259 0.4202, -0.3522 1.533 0.4202, -0.353 1.5368 0.4202, -0.3521 1.533 0.3134, -0.353 1.5368 0.3134, -0.353 1.5368 0.3668, -0.3522 1.533 0.3668, -0.3822 1.5298 0.4079, -0.3947 1.5267 0.4064, -0.396 1.5263 0.4063, -0.3992 1.5255 0.4049, -0.404 1.5242 0.4029, -0.4081 1.5231 0.4004, -0.4121 1.5221 0.3979, -0.4186 1.5203 0.3889, -0.4194 1.5201 0.3877, -0.4206 1.5197 0.3848, -0.4215 1.5195 0.3827, -0.3665 1.5337 0.4079, -0.3665 1.5337 0.3668, -0.3665 1.5337 0.3256, -0.3816 1.53 0.3256, -0.3916 1.5275 0.3268, -0.3951 1.5266 0.3272, -0.3982 1.5257 0.3283, -0.4013 1.5249 0.3293, -0.4025 1.5246 0.3301, -0.4124 1.522 0.3367, -0.4177 1.5205 0.3451, -0.4197 1.52 0.3482, -0.4207 1.5197 0.3509, -0.4218 1.5194 0.3539, -0.422 1.5194 0.3551, -0.4234 1.519 0.3678, -0.4217 1.5194 0.3805, -0.4111 1.5183 0.3979, -0.4071 1.5193 0.4004, -0.4036 1.5203 0.4025, -0.3982 1.5217 0.4049, -0.3953 1.5224 0.4062, -0.3937 1.5228 0.4064, -0.3812 1.526 0.4079, -0.3656 1.5298 0.4079, -0.3656 1.5298 0.3668, -0.3656 1.5298 0.3256, -0.3806 1.5262 0.3256, -0.3906 1.5236 0.3268, -0.3938 1.5228 0.3271, -0.3972 1.5219 0.3283, -0.4003 1.5211 0.3293, -0.4015 1.5208 0.3301, -0.4114 1.5182 0.3367, -0.4167 1.5167 0.3451, -0.4185 1.5162 0.3479, -0.4196 1.5159 0.3509, -0.4208 1.5156 0.3539, -0.4209 1.5156 0.3551, -0.4224 1.5152 0.3678, -0.4207 1.5156 0.3805, -0.4204 1.5157 0.3828, -0.4196 1.5159 0.3848, -0.4184 1.5163 0.3877, -0.4175 1.5165 0.3889
            ]
        }
        coordIndex [
            0,1,2,-1,2,1,3,-1,4,1,0,-1,5,6,7,-1,7,6,4,-1,7,4,8,-1,8,4,0,-1,6,5,9,-1,9,5,10,-1,9,10,11,-1,11,10,12,-1,11,12,13,-1,13,12,14,-1,13,14,15,-1,15,14,16,-1,15,16,17,-1,17,16,18,-1,17,18,19,-1,19,18,20,-1,19,20,21,-1,21,20,22,-1,21,22,23,-1,23,22,24,-1,23,24,25,-1,25,24,26,-1,25,26,27,-1,27,26,28,-1,27,28,29,-1,29,28,30,-1,29,30,31,-1,31,30,32,-1,31,32,33,-1,33,32,34,-1,33,34,35,-1,35,34,36,-1,35,36,37,-1,37,36,38,-1,37,38,39,-1,39,38,40,-1,39,40,41,-1,41,40,42,-1,41,42,43,-1,43,42,44,-1,43,44,45,-1,45,44,46,-1,45,46,47,-1,47,46,48,-1,49,47,48,-1,50,51,52,-1,52,51,49,-1,52,49,53,-1,53,49,48,-1,51,50,54,-1,54,50,55,-1,54,55,56,-1,56,55,57,-1,57,55,58,-1,59,60,61,-1,61,60,62,-1,61,62,63,-1,63,62,64,-1,63,64,65,-1,65,64,66,-1,65,66,67,-1,67,66,68,-1,67,68,69,-1,69,68,70,-1,69,70,58,-1,58,70,71,-1,58,71,57,-1,60,59,72,-1,72,59,73,-1,72,73,74,-1,74,73,75,-1,74,75,76,-1,76,75,77,-1,76,77,78,-1,78,77,79,-1,78,79,80,-1,80,79,81,-1,80,81,82,-1,82,81,83,-1,82,83,84,-1,84,83,85,-1,84,85,86,-1,86,85,87,-1,86,87,88,-1,88,87,89,-1,88,89,90,-1,90,89,91,-1,90,91,92,-1,92,91,93,-1,92,93,94,-1,94,93,95,-1,94,95,96,-1,96,95,97,-1,96,97,98,-1,98,97,99,-1,98,99,100,-1,100,99,101,-1,100,101,102,-1,102,101,103,-1,104,105,103,-1,103,105,102,-1,106,105,104,-1,107,108,109,-1,109,108,106,-1,109,106,110,-1,110,106,104,-1,108,107,111,-1,111,107,112,-1,111,112,113,-1,113,112,114,-1,113,114,115,-1,115,114,116,-1,115,116,117,-1,117,116,118,-1,117,118,119,-1,119,118,120,-1,119,120,121,-1,121,120,122,-1,121,122,123,-1,123,122,124,-1,123,124,125,-1,125,124,126,-1,125,126,127,-1,127,126,128,-1,127,128,129,-1,129,128,130,-1,129,130,131,-1,131,130,132,-1,131,132,133,-1,133,132,134,-1,133,134,135,-1,135,134,136,-1,135,136,137,-1,137,136,138,-1,137,138,139,-1,139,138,140,-1,139,140,141,-1,141,140,142,-1,141,142,143,-1,143,142,144,-1,143,144,145,-1,145,144,146,-1,145,146,147,-1,147,146,148,-1,147,148,149,-1,149,148,150,-1,151,149,150,-1,152,153,154,-1,154,153,151,-1,154,151,155,-1,155,151,150,-1,153,152,156,-1,156,152,157,-1,156,157,158,-1,158,157,159,-1,159,157,160,-1,159,160,161,-1,161,160,162,-1,161,162,163,-1,163,162,164,-1,163,164,165,-1,165,164,166,-1,165,166,167,-1,167,166,168,-1,167,168,169,-1,169,168,170,-1,169,170,171,-1,171,170,172,-1,171,172,173,-1,173,172,174,-1,173,174,175,-1,175,174,176,-1,175,176,177,-1,177,176,178,-1,177,178,179,-1,179,178,180,-1,179,180,181,-1,181,180,182,-1,181,182,183,-1,183,182,184,-1,183,184,185,-1,185,184,186,-1,185,186,187,-1,187,186,188,-1,187,188,189,-1,189,188,190,-1,189,190,191,-1,191,190,192,-1,191,192,193,-1,193,192,194,-1,193,194,195,-1,195,194,196,-1,195,196,197,-1,197,196,198,-1,197,198,199,-1,199,198,200,-1,199,200,201,-1,201,200,202,-1,201,202,203,-1,203,202,204,-1,202,205,204,-1,204,205,206,-1,204,206,207,-1,207,206,208,-1,2,3,208,-1,208,3,209,-1,208,209,207,-1,169,41,167,-1,167,41,43,-1,167,43,165,-1,165,43,45,-1,165,45,163,-1,163,45,47,-1,163,47,161,-1,173,35,171,-1,171,35,37,-1,171,37,169,-1,169,37,39,-1,169,39,41,-1,57,149,56,-1,56,149,151,-1,56,151,54,-1,54,151,153,-1,54,153,51,-1,51,153,156,-1,51,156,49,-1,49,156,158,-1,49,158,47,-1,47,158,159,-1,47,159,161,-1,64,143,66,-1,66,143,145,-1,66,145,68,-1,68,145,147,-1,68,147,70,-1,70,147,149,-1,70,149,71,-1,71,149,57,-1,72,74,131,-1,131,133,72,-1,72,133,135,-1,72,135,60,-1,60,135,137,-1,60,137,62,-1,62,137,139,-1,62,139,64,-1,64,139,141,-1,64,141,143,-1,82,121,80,-1,80,121,123,-1,80,123,78,-1,78,123,125,-1,78,125,76,-1,76,125,127,-1,76,127,74,-1,74,127,129,-1,74,129,131,-1,82,84,121,-1,121,84,86,-1,121,86,119,-1,119,86,88,-1,119,88,117,-1,117,88,115,-1,115,88,90,-1,115,90,113,-1,113,90,92,-1,113,92,111,-1,111,92,94,-1,111,94,108,-1,108,94,96,-1,108,96,106,-1,102,105,100,-1,100,105,106,-1,100,106,98,-1,98,106,96,-1,175,25,27,-1,27,29,175,-1,175,29,31,-1,175,31,173,-1,173,31,33,-1,173,33,35,-1,25,175,23,-1,23,175,177,-1,23,177,21,-1,21,177,179,-1,21,179,19,-1,179,181,19,-1,19,181,183,-1,19,183,17,-1,17,183,185,-1,17,185,187,-1,187,189,17,-1,17,189,191,-1,17,191,15,-1,15,191,193,-1,15,193,13,-1,193,195,13,-1,13,195,197,-1,13,197,11,-1,11,197,199,-1,201,6,199,-1,199,6,9,-1,199,9,11,-1,201,203,6,-1,6,203,204,-1,6,204,4,-1,4,204,207,-1,4,207,1,-1,1,207,209,-1,1,209,3,-1,210,211,212,-1,212,211,213,-1,212,213,214,-1,214,213,215,-1,215,213,216,-1,215,216,217,-1,217,216,218,-1,217,218,219,-1,217,219,220,-1,220,219,221,-1,220,221,222,-1,223,224,221,-1,221,224,222,-1,224,223,225,-1,225,223,226,-1,225,226,227,-1,227,226,228,-1,228,226,229,-1,228,229,230,-1,228,230,231,-1,231,230,232,-1,231,232,233,-1,233,232,234,-1,234,232,235,-1,234,235,236,-1,236,235,237,-1,236,237,238,-1,237,239,238,-1,238,239,240,-1,238,240,241,-1,241,240,242,-1,243,244,245,-1,245,244,246,-1,245,246,247,-1,247,246,248,-1,247,248,242,-1,242,248,249,-1,242,249,241,-1,250,251,252,-1,252,251,253,-1,252,253,254,-1,254,253,244,-1,254,244,243,-1,255,256,250,-1,250,256,251,-1,256,255,257,-1,257,255,258,-1,257,258,259,-1,259,258,260,-1,260,258,261,-1,260,261,262,-1,262,261,263,-1,262,263,264,-1,264,263,265,-1,264,265,266,-1,266,265,267,-1,266,267,268,-1,268,267,269,-1,268,269,270,-1,270,269,271,-1,270,271,272,-1,272,271,273,-1,272,273,274,-1,273,275,274,-1,274,275,276,-1,274,276,277,-1,277,276,278,-1,277,278,279,-1,279,278,280,-1,279,280,281,-1,210,281,211,-1,211,281,280,-1,279,281,210,-1,210,212,279,-1,279,212,214,-1,279,214,277,-1,277,214,215,-1,277,215,274,-1,222,224,220,-1,220,224,225,-1,220,225,217,-1,217,225,227,-1,241,262,238,-1,238,262,264,-1,238,264,236,-1,236,264,266,-1,236,266,234,-1,234,266,268,-1,234,268,233,-1,233,268,270,-1,233,270,231,-1,231,270,272,-1,231,272,228,-1,228,272,274,-1,228,274,227,-1,227,274,215,-1,227,215,217,-1,241,249,262,-1,262,249,248,-1,262,248,260,-1,260,248,246,-1,260,246,259,-1,259,246,244,-1,259,244,257,-1,257,244,253,-1,257,253,256,-1,256,253,251,-1,282,283,284,-1,284,283,285,-1,286,287,288,-1,286,288,289,-1,289,288,283,-1,289,283,282,-1,290,291,286,-1,286,291,287,-1,292,293,290,-1,290,293,291,-1,294,295,292,-1,292,295,293,-1,296,297,294,-1,294,297,295,-1,298,299,296,-1,296,299,297,-1,300,301,298,-1,298,301,299,-1,302,303,300,-1,300,303,301,-1,304,305,306,-1,304,306,307,-1,307,306,303,-1,307,303,302,-1,308,309,304,-1,304,309,305,-1,285,309,284,-1,284,309,308,-1,309,285,305,-1,305,285,283,-1,305,283,306,-1,306,283,288,-1,291,293,287,-1,287,293,295,-1,299,301,297,-1,297,301,303,-1,297,303,295,-1,295,303,306,-1,295,306,287,-1,287,306,288,-1,310,311,312,-1,312,311,313,-1,312,313,314,-1,314,313,315,-1,314,315,316,-1,316,315,317,-1,316,317,318,-1,318,317,319,-1,318,319,320,-1,320,319,321,-1,320,321,322,-1,322,321,323,-1,322,323,324,-1,324,323,325,-1,324,325,326,-1,326,325,327,-1,326,327,328,-1,328,327,329,-1,328,329,330,-1,330,329,331,-1,330,331,332,-1,332,331,333,-1,332,333,334,-1,334,333,335,-1,334,335,336,-1,336,335,337,-1,336,337,338,-1,338,337,339,-1,338,339,340,-1,340,339,341,-1,340,341,342,-1,342,341,343,-1,342,343,344,-1,344,343,345,-1,344,345,346,-1,346,345,347,-1,346,347,348,-1,348,347,349,-1,348,349,350,-1,350,349,351,-1,350,351,352,-1,352,351,353,-1,352,353,354,-1,354,353,355,-1,354,355,356,-1,356,355,357,-1,356,357,358,-1,358,357,359,-1,360,361,359,-1,359,361,358,-1,362,363,364,-1,362,364,365,-1,365,364,361,-1,365,361,360,-1,310,363,311,-1,311,363,362,-1,358,366,367,-1,358,367,356,-1,356,367,368,-1,356,368,354,-1,354,368,369,-1,354,369,352,-1,352,369,350,-1,350,369,370,-1,350,370,348,-1,348,370,371,-1,348,371,346,-1,371,372,346,-1,346,372,373,-1,346,373,344,-1,344,373,374,-1,344,374,342,-1,342,374,375,-1,342,375,340,-1,340,375,376,-1,366,358,377,-1,377,358,361,-1,377,361,378,-1,378,361,364,-1,378,364,379,-1,379,364,363,-1,379,363,380,-1,380,363,310,-1,380,310,381,-1,381,310,312,-1,381,312,382,-1,382,312,314,-1,382,314,383,-1,383,314,316,-1,383,316,384,-1,384,316,318,-1,384,318,385,-1,385,318,320,-1,385,320,386,-1,386,320,322,-1,386,322,387,-1,387,322,324,-1,387,324,388,-1,388,324,326,-1,388,326,389,-1,389,326,328,-1,389,328,390,-1,390,328,330,-1,390,330,391,-1,391,330,332,-1,391,332,392,-1,392,332,334,-1,392,334,393,-1,393,334,336,-1,393,336,376,-1,376,336,338,-1,376,338,340,-1,394,372,395,-1,395,372,371,-1,395,371,396,-1,396,371,370,-1,396,370,397,-1,397,370,369,-1,397,369,398,-1,398,369,368,-1,398,368,399,-1,399,368,367,-1,399,367,400,-1,400,367,366,-1,377,401,366,-1,366,401,400,-1,401,377,378,-1,401,378,402,-1,402,378,379,-1,402,379,403,-1,380,404,379,-1,379,404,403,-1,404,380,405,-1,405,380,381,-1,405,381,406,-1,406,381,382,-1,406,382,407,-1,407,382,383,-1,407,383,408,-1,408,383,384,-1,408,384,409,-1,409,384,385,-1,409,385,410,-1,410,385,386,-1,410,386,411,-1,411,386,387,-1,411,387,412,-1,412,387,388,-1,412,388,413,-1,413,388,389,-1,413,389,414,-1,414,389,390,-1,414,390,415,-1,415,390,391,-1,415,391,416,-1,416,391,392,-1,416,392,417,-1,417,392,393,-1,417,393,418,-1,418,393,376,-1,418,376,419,-1,419,376,375,-1,419,375,420,-1,420,375,374,-1,420,374,421,-1,421,374,373,-1,421,373,394,-1,394,373,372,-1,
        ]
    }
}
Shape{
    appearance Appearance {
        material  Material 	{
            diffuseColor 1.0 1.0 1.0
            specularColor 0.5019607843137255 0.5019607843137255 0.5019607843137255
            ambientIntensity 1.0
            transparency 0.0
            shininess 0.5
        }
    }
    geometry IndexedFaceSet {
        ccw TRUE
        solid FALSE
        coord DEF co Coordinate {
            point [
                -0.4015 1.5208 0.3301, -0.4114 1.5182 0.3367, -0.4167 1.5167 0.3451, -0.3656 1.5298 0.3256, -0.3806 1.5262 0.3256, -0.3656 1.5298 0.3668, -0.3906 1.5236 0.3268, -0.3938 1.5228 0.3271, -0.3972 1.5219 0.3283, -0.4003 1.5211 0.3293, -0.4185 1.5162 0.3479, -0.4196 1.5159 0.3509, -0.4208 1.5156 0.3539, -0.4209 1.5156 0.3551, -0.4224 1.5152 0.3678, -0.4207 1.5156 0.3805, -0.4204 1.5157 0.3828, -0.4196 1.5159 0.3848, -0.4111 1.5183 0.3979, -0.4071 1.5193 0.4004, -0.4175 1.5165 0.3889, -0.4184 1.5163 0.3877, -0.4036 1.5203 0.4025, -0.3982 1.5217 0.4049, -0.3953 1.5224 0.4062, -0.3937 1.5228 0.4064, -0.3812 1.526 0.4079, -0.3656 1.5298 0.4079
            ]
        }
        coordIndex [
            0,1,2,-1,3,4,5,-1,5,4,6,-1,5,6,7,-1,7,8,5,-1,5,8,9,-1,5,9,0,-1,0,2,5,-1,5,2,10,-1,5,10,11,-1,11,12,5,-1,5,12,13,-1,5,13,14,-1,14,15,5,-1,5,15,16,-1,5,16,17,-1,18,19,20,-1,20,19,5,-1,20,5,21,-1,21,5,17,-1,19,22,5,-1,5,22,23,-1,5,23,24,-1,24,25,5,-1,5,25,26,-1,5,26,27,-1,
        ]
    }
}
Shape{
    appearance Appearance {
        material  Material 	{
            diffuseColor 0.0 0.0 0.0
            specularColor 0.0 0.0 0.0
            ambientIntensity 0.0
            transparency 0.0
            shininess 0.5
        }
    }
    geometry IndexedFaceSet {
        ccw TRUE
        solid FALSE
        coord DEF co Coordinate {
            point [
                -0.4809 1.4976 0.4202, -0.4821 1.5014 0.4202, -0.4949 1.4931 0.4202, -0.4961 1.4968 0.4202, -0.4626 1.5075 0.3668, -0.442 1.5096 0.3134, -0.4431 1.5133 0.3134, -0.4566 1.5052 0.3134, -0.4577 1.509 0.3134, -0.4627 1.5075 0.328, -0.4664 1.5022 0.3426, -0.4676 1.506 0.3426, -0.5087 1.4884 0.3426, -0.51 1.4922 0.3426, -0.5151 1.4904 0.328, -0.519 1.4849 0.3134, -0.5203 1.4886 0.3134, -0.5333 1.4798 0.3134, -0.5347 1.4835 0.3134, -0.5154 1.4903 0.3668, -0.4718 1.5047 0.3547, -0.5059 1.4935 0.3547, -0.487 1.4998 0.3991, -0.4887 1.4993 0.4065, -0.4906 1.4986 0.3991, -0.4858 1.4961 0.3991, -0.4782 1.4985 0.3769, -0.4706 1.5009 0.3547, -0.5047 1.4898 0.3547, -0.497 1.4924 0.3769, -0.4894 1.4949 0.3991, -0.4875 1.4955 0.4065, -0.4867 1.4958 0.4026
            ]
        }
        coordIndex [
            0,1,2,-1,2,1,3,-1,1,0,4,-1,4,0,5,-1,4,5,6,-1,7,8,5,-1,5,8,6,-1,8,7,9,-1,9,7,10,-1,9,10,11,-1,12,13,10,-1,10,13,11,-1,13,12,14,-1,14,12,15,-1,14,15,16,-1,17,18,15,-1,15,18,16,-1,18,17,19,-1,19,17,2,-1,19,2,3,-1,14,16,18,-1,6,8,9,-1,20,11,21,-1,21,11,13,-1,9,11,6,-1,6,11,20,-1,6,20,4,-1,4,20,1,-1,20,22,1,-1,1,22,23,-1,1,23,3,-1,3,23,24,-1,3,24,19,-1,19,24,21,-1,19,21,18,-1,18,21,13,-1,18,13,14,-1,25,22,26,-1,26,22,20,-1,26,20,27,-1,21,28,20,-1,20,28,27,-1,28,21,29,-1,29,21,24,-1,29,24,30,-1,30,24,31,-1,31,24,23,-1,31,23,32,-1,32,23,22,-1,32,22,25,-1,
        ]
    }
}
Shape{
    appearance Appearance {
        material  Material 	{
            diffuseColor 1.0 1.0 1.0
            specularColor 0.5019607843137255 0.5019607843137255 0.5019607843137255
            ambientIntensity 1.0
            transparency 0.0
            shininess 0.5
        }
    }
    geometry IndexedFaceSet {
        ccw TRUE
        solid FALSE
        coord DEF co Coordinate {
            point [
                -0.4894 1.4949 0.3991, -0.4782 1.4985 0.3769, -0.497 1.4924 0.3769, -0.4706 1.5009 0.3547, -0.5047 1.4898 0.3547, -0.4875 1.4955 0.4065, -0.4867 1.4958 0.4026, -0.4858 1.4961 0.3991
            ]
        }
        coordIndex [
            0,1,2,-1,2,1,3,-1,2,3,4,-1,5,6,0,-1,0,6,7,-1,0,7,1,-1,
        ]
    }
}
Shape{
    appearance Appearance {
        material  Material 	{
            diffuseColor 0.0 0.0 0.0
            specularColor 0.0 0.0 0.0
            ambientIntensity 0.0
            transparency 0.0
            shininess 0.5
        }
    }
    geometry IndexedFaceSet {
        ccw TRUE
        solid FALSE
        coord DEF co Coordinate {
            point [
                0.1339 1.5711 0.3472, 0.1336 1.5672 0.3472, 0.1176 1.5724 0.3715, 0.1186 1.5684 0.3693, 0.1175 1.5724 0.3718, 0.1174 1.5685 0.3719, 0.112 1.5728 0.3848, 0.1118 1.5689 0.3848, 0.1103 1.5729 0.3888, 0.1101 1.569 0.3888, 0.1094 1.573 0.3951, 0.1092 1.5691 0.3951, 0.1058 1.5732 0.4193, 0.1056 1.5693 0.4193, 0.1121 1.5728 0.4447, 0.1132 1.5688 0.4494, 0.1138 1.5727 0.4493, 0.114 1.5727 0.4498, 0.1133 1.5688 0.45, 0.1135 1.5688 0.4505, 0.1217 1.5721 0.4705, 0.1218 1.5681 0.4704, 0.1222 1.5721 0.4718, 0.124 1.568 0.4756, 0.1293 1.5715 0.4824, 0.129 1.5676 0.4823, 0.132 1.5713 0.4865, 0.1342 1.5671 0.4893, 0.1377 1.5708 0.4915, 0.1372 1.5669 0.4918, 0.1486 1.5698 0.501, 0.1497 1.5657 0.502, 0.1527 1.5694 0.5033, 0.1522 1.5655 0.5034, 0.1809 1.5664 0.5188, 0.1804 1.5625 0.5188, 0.1978 1.5644 0.5512, 0.1974 1.5604 0.5512, 0.2211 1.5573 0.5787, 0.2216 1.5612 0.5787, 0.2205 1.5573 0.5781, 0.1979 1.5604 0.5522, 0.2558 1.5519 0.6012, 0.254 1.5562 0.6003, 0.2234 1.5569 0.5804, 0.3228 1.5394 0.6182, 0.3236 1.5433 0.6182, 0.2886 1.5462 0.6136, 0.2894 1.5499 0.6129, 0.2858 1.5467 0.6132, 0.2795 1.5519 0.6113, 0.2748 1.5486 0.6091, 0.2754 1.5526 0.6096, 0.2591 1.5514 0.6034, 0.2575 1.5556 0.6018, 0.2564 1.5558 0.6013, 0.3266 1.5426 0.6179, 0.3258 1.5388 0.6178, 0.4114 1.5182 0.5886, 0.4124 1.522 0.5886, 0.3827 1.5256 0.605, 0.3831 1.5295 0.6039, 0.38 1.5263 0.6065, 0.3705 1.5327 0.6105, 0.3643 1.5301 0.6111, 0.3654 1.5339 0.6116, 0.3525 1.5329 0.6146, 0.3485 1.5378 0.6154, 0.3351 1.5408 0.617, 0.4297 1.5172 0.5731, 0.4202 1.5158 0.581, 0.4332 1.5162 0.569, 0.4366 1.5111 0.5628, 0.4446 1.5129 0.5552, 0.4435 1.5091 0.5552, 0.4531 1.5104 0.5562, 0.4602 1.5041 0.5567, 0.4614 1.5079 0.5567, 0.543 1.4763 0.5203, 0.5443 1.48 0.5203, 0.5226 1.4836 0.5366, 0.5238 1.4873 0.5365, 0.5173 1.4855 0.5408, 0.517 1.4898 0.5419, 0.5069 1.489 0.5457, 0.5082 1.4927 0.5457, 0.4986 1.4918 0.5496, 0.4979 1.4962 0.5502, 0.4902 1.4945 0.5512, 0.4915 1.4983 0.5513, 0.4663 1.5023 0.556, 0.5763 1.4636 0.4338, 0.5778 1.4673 0.4338, 0.5728 1.465 0.4605, 0.5741 1.4687 0.4604, 0.5718 1.4654 0.4676, 0.5728 1.4692 0.4692, 0.5684 1.4667 0.4767, 0.5699 1.4703 0.4767, 0.5645 1.4682 0.4876, 0.5651 1.4722 0.4891, 0.562 1.4691 0.4914, 0.5635 1.4728 0.4914, 0.5455 1.4753 0.5168, 0.5738 1.4688 0.4051, 0.5724 1.4651 0.4051, 0.5733 1.469 0.4018, 0.572 1.4653 0.4022, 0.5686 1.4708 0.3872, 0.567 1.4672 0.3872, 0.5666 1.4716 0.381, 0.5643 1.4683 0.379, 0.5621 1.4733 0.3737, 0.5608 1.4696 0.3736, 0.5479 1.4787 0.351, 0.5465 1.475 0.351, 0.5415 1.481 0.3448, 0.5376 1.4783 0.3424, 0.5325 1.4843 0.3367, 0.5242 1.483 0.3318, 0.4892 1.4949 0.3146, 0.4904 1.4987 0.3146, 0.5123 1.4871 0.3244, 0.5134 1.4909 0.3247, 0.5177 1.4853 0.3266, 0.5217 1.4881 0.3283, 0.5258 1.4867 0.3315, 0.4824 1.5013 0.3004, 0.4811 1.4976 0.3004, 0.4816 1.5016 0.2989, 0.4791 1.4982 0.2968, 0.4788 1.5024 0.2945, 0.4772 1.4988 0.2943, 0.4785 1.5025 0.2942, 0.469 1.5055 0.2824, 0.468 1.5017 0.2822, 0.4675 1.5019 0.2815, 0.4672 1.5061 0.2801, 0.4609 1.5039 0.2762, 0.4621 1.5076 0.2762, 0.4589 1.5086 0.2737, 0.4583 1.5047 0.274, 0.4547 1.5099 0.2719, 0.4536 1.5061 0.2718, 0.444 1.5131 0.2674, 0.4465 1.5082 0.2685, 0.4421 1.5136 0.2671, 0.4366 1.5111 0.2665, 0.4202 1.5158 0.263, 0.4212 1.5196 0.263, 0.441 1.5098 0.2674, 0.4332 1.5162 0.2653, 0.4051 1.5239 0.268, 0.4087 1.5189 0.2663, 0.4041 1.5201 0.268, 0.392 1.5273 0.2721, 0.3823 1.5258 0.2761, 0.3834 1.5295 0.2766, 0.3819 1.5258 0.2763, 0.3747 1.5317 0.2811, 0.372 1.5283 0.2828, 0.3729 1.5321 0.2827, 0.3692 1.529 0.2847, 0.3665 1.5337 0.2883, 0.3658 1.5298 0.2885, 0.3661 1.5337 0.2886, 0.3617 1.5348 0.295, 0.3619 1.5307 0.2928, 0.3608 1.531 0.2949, 0.3596 1.5353 0.2981, 0.357 1.5359 0.3041, 0.3561 1.5321 0.3041, 0.3545 1.5324 0.3072, 0.3539 1.5366 0.3115, 0.3527 1.5328 0.3144, 0.3465 1.5343 0.3389, 0.3474 1.5381 0.3389, 0.3533 1.5368 0.3143, 0.3465 1.5343 0.3465, 0.3474 1.5381 0.3465, 0.2427 1.558 0.4026, 0.2574 1.5555 0.3948, 0.2421 1.5541 0.4026, 0.2952 1.5489 0.3746, 0.266 1.5542 0.4429, 0.2575 1.5556 0.4281, 0.2653 1.5503 0.4429, 0.2544 1.5562 0.4228, 0.3161 1.5448 0.4163, 0.365 1.53 0.3897, 0.3659 1.5338 0.3897, 0.3678 1.5333 0.3912, 0.3669 1.5295 0.3913, 0.3869 1.5286 0.4063, 0.3859 1.5248 0.4064, 0.3867 1.5246 0.4071, 0.3887 1.5282 0.4077, 0.3929 1.5231 0.4098, 0.4201 1.5158 0.4155, 0.4212 1.5196 0.4155, 0.4011 1.5209 0.4124, 0.4021 1.5247 0.4125, 0.3975 1.5219 0.4118, 0.3997 1.5253 0.4122, 0.3939 1.5269 0.4098, 0.4332 1.5162 0.4128, 0.429 1.5133 0.4136, 0.4393 1.5145 0.4114, 0.4366 1.5111 0.4112, 0.4417 1.5137 0.4105, 0.4404 1.51 0.41, 0.456 1.5095 0.4052, 0.4548 1.5058 0.4055, 0.455 1.5057 0.4054, 0.4576 1.509 0.4047, 0.4632 1.5032 0.4001, 0.4885 1.4952 0.3654, 0.4897 1.4989 0.3654, 0.4779 1.4986 0.3835, 0.4794 1.5023 0.3837, 0.475 1.4995 0.3886, 0.4782 1.5026 0.3857, 0.4698 1.5011 0.3942, 0.4709 1.5049 0.3942, 0.466 1.5023 0.3983, 0.4678 1.5059 0.3978, 0.4644 1.507 0.4001, 0.5316 1.4804 0.4353, 0.5329 1.4841 0.4353, 0.5278 1.4818 0.4151, 0.5293 1.4854 0.4151, 0.5268 1.4821 0.4095, 0.5286 1.4857 0.4114, 0.5242 1.483 0.4033, 0.5255 1.4868 0.4033, 0.5216 1.484 0.3969, 0.5229 1.4877 0.3968, 0.5203 1.4844 0.3951, 0.5216 1.4881 0.395, 0.5144 1.4865 0.3871, 0.5158 1.4902 0.387, 0.5135 1.4868 0.3859, 0.5154 1.4903 0.3866, 0.5029 1.4903 0.3772, 0.5042 1.4941 0.3772, 0.4923 1.4981 0.3673, 0.5287 1.4856 0.4501, 0.5284 1.4815 0.4473, 0.5275 1.4819 0.4501, 0.5245 1.4871 0.4647, 0.5193 1.4848 0.4739, 0.5202 1.4886 0.4737, 0.519 1.4849 0.4749, 0.5159 1.4901 0.4829, 0.513 1.487 0.4847, 0.5144 1.4906 0.4848, 0.511 1.4876 0.488, 0.5092 1.4924 0.4913, 0.5077 1.4888 0.4911, 0.5089 1.4925 0.4917, 0.5033 1.4903 0.4954, 0.5029 1.4945 0.4963, 0.5017 1.4908 0.4963, 0.4595 1.5043 0.5112, 0.4607 1.5081 0.5112, 0.4834 1.4968 0.5047, 0.4847 1.5005 0.505, 0.4896 1.4948 0.503, 0.4873 1.4997 0.5043, 0.4931 1.4937 0.5011, 0.4943 1.4974 0.5011, 0.5001 1.4955 0.4985, 0.4496 1.5114 0.5095, 0.4485 1.5076 0.5095, 0.4406 1.5141 0.5081, 0.4398 1.5102 0.5082, 0.4378 1.5149 0.5069, 0.4366 1.5111 0.5068, 0.4209 1.5156 0.4998, 0.4219 1.5194 0.4998, 0.4368 1.5111 0.5069, 0.4332 1.5162 0.5048, 0.4124 1.522 0.5165, 0.4112 1.5182 0.5164, 0.4087 1.523 0.5228, 0.4041 1.5201 0.5285, 0.4038 1.5243 0.5294, 0.4031 1.5204 0.5296, 0.392 1.5274 0.5452, 0.3899 1.5238 0.5458, 0.3911 1.5276 0.546, 0.3875 1.5245 0.5487, 0.381 1.5301 0.5544, 0.3799 1.5263 0.5543, 0.3788 1.5307 0.5563, 0.3742 1.5278 0.5585, 0.3702 1.5327 0.5602, 0.3694 1.5289 0.5605, 0.3591 1.5354 0.5653, 0.3559 1.5321 0.566, 0.3544 1.5365 0.5662, 0.3535 1.5326 0.5664, 0.3228 1.5434 0.5727, 0.322 1.5396 0.5727, 0.3187 1.5443 0.5716, 0.2996 1.5441 0.5668, 0.2883 1.5501 0.5617, 0.2874 1.5463 0.5623, 0.2695 1.5536 0.5556, 0.2689 1.5497 0.5556, 0.2667 1.5541 0.5538, 0.266 1.5502 0.5538, 0.2575 1.5556 0.5479, 0.253 1.5524 0.5455, 0.2536 1.5563 0.5455, 0.252 1.5566 0.5444, 0.2514 1.5527 0.5444, 0.2453 1.5576 0.5373, 0.2447 1.5537 0.5373, 0.242 1.5581 0.5339, 0.2407 1.5544 0.5329, 0.2375 1.5588 0.5264, 0.2369 1.5549 0.5264, 0.2317 1.5597 0.5167, 0.23 1.556 0.5143, 0.2303 1.5599 0.5128, 0.2295 1.556 0.5129, 0.2179 1.5617 0.4778, 0.2205 1.5573 0.4869, 0.2173 1.5578 0.4778, 0.2113 1.5586 0.4778, 0.2118 1.5625 0.4778, 0.1996 1.5641 0.4741, 0.1991 1.5602 0.4739, 0.1887 1.5655 0.4708, 0.184 1.5621 0.469, 0.1818 1.5663 0.4673, 0.1813 1.5624 0.4674, 0.1747 1.5671 0.4637, 0.1728 1.5633 0.4625, 0.1733 1.5673 0.4625, 0.1722 1.5634 0.4622, 0.1682 1.5678 0.4582, 0.1679 1.5639 0.4581, 0.1679 1.5678 0.4579, 0.166 1.5641 0.4562, 0.1644 1.5682 0.453, 0.164 1.5643 0.453, 0.1627 1.5684 0.4506, 0.1606 1.5686 0.446, 0.1604 1.5647 0.4471, 0.1601 1.5647 0.4461, 0.1581 1.5689 0.4402, 0.1579 1.5649 0.4379, 0.1525 1.5655 0.4186, 0.1529 1.5694 0.4186, 0.1576 1.5689 0.4381, 0.1557 1.5691 0.4085, 0.1554 1.5652 0.4085, 0.1592 1.5687 0.3958, 0.1596 1.5647 0.3936, 0.1621 1.5684 0.3898, 0.1616 1.5645 0.3897, 0.1658 1.5681 0.3821, 0.1661 1.5641 0.381, 0.1666 1.568 0.3811, 0.1661 1.5641 0.381, 0.1699 1.5676 0.3767, 0.1697 1.5637 0.3769, 0.1702 1.5676 0.3764, 0.1719 1.5634 0.3744, 0.1748 1.5671 0.3727, 0.1743 1.5632 0.3727, 0.1771 1.5668 0.3708, 0.1814 1.5663 0.3685, 0.1803 1.5625 0.3686, 0.1809 1.5624 0.3684, 0.1871 1.5657 0.3656, 0.1888 1.5614 0.3656, 0.2068 1.5592 0.3594, 0.2073 1.5631 0.3594, 0.1891 1.5654 0.365, 0.2406 1.5544 0.3594, 0.2412 1.5583 0.3594, 0.2205 1.5573 0.3594, 0.2457 1.5576 0.3601, 0.2451 1.5537 0.3601, 0.2512 1.5567 0.3583, 0.2496 1.553 0.3588, 0.2506 1.5528 0.3584, 0.2563 1.5559 0.3566, 0.258 1.5516 0.3554, 0.2627 1.5548 0.3526, 0.2614 1.555 0.3537, 0.2607 1.5511 0.3536, 0.2612 1.555 0.3539, 0.2587 1.5515 0.3551, 0.2586 1.5555 0.3553, 0.2575 1.5557 0.3559, 0.2617 1.551 0.3529, 0.262 1.5509 0.3526, 0.2628 1.5548 0.3525, 0.2636 1.5506 0.3507, 0.2642 1.5545 0.3507, 0.2637 1.5506 0.3506, 0.2649 1.5544 0.3498, 0.265 1.5504 0.348, 0.2683 1.5498 0.3366, 0.269 1.5537 0.3366, 0.2663 1.5502 0.3449, 0.267 1.5541 0.3449, 0.266 1.5502 0.346, 0.2668 1.5541 0.3457, 0.2657 1.5543 0.348, 0.2658 1.5543 0.3273, 0.2653 1.5504 0.3272, 0.2645 1.5545 0.3235, 0.2646 1.5505 0.3252, 0.2636 1.5546 0.3222, 0.2629 1.5508 0.3222, 0.2624 1.5548 0.3204, 0.2622 1.5509 0.321, 0.2617 1.551 0.3205, 0.2605 1.5552 0.3187, 0.26 1.5512 0.3187, 0.2599 1.5513 0.3186, 0.2597 1.5553 0.318, 0.2573 1.5517 0.317, 0.2557 1.552 0.316, 0.2575 1.5557 0.3167, 0.258 1.5556 0.317, 0.2466 1.5534 0.3131, 0.2472 1.5573 0.3131, 0.2543 1.5522 0.3156, 0.2549 1.5561 0.3155, 0.2557 1.5559 0.3158, 0.2023 1.5598 0.3131, 0.2028 1.5637 0.3131, 0.2205 1.5573 0.3131, 0.1749 1.5671 0.3199, 0.1766 1.5629 0.3192, 0.1739 1.5672 0.3203, 0.1736 1.5632 0.3205, 0.1614 1.5685 0.3261, 0.161 1.5646 0.3261, 0.1579 1.5689 0.3277, 0.1574 1.565 0.3278, 0.153 1.5693 0.3317, 0.1526 1.5654 0.3317, 0.4388 1.5146 0.3147, 0.4392 1.5145 0.3148, 0.442 1.5137 0.3173, 0.4435 1.5132 0.3186, 0.4446 1.5129 0.3202, 0.4467 1.5123 0.3232, 0.447 1.5122 0.3239, 0.4491 1.5116 0.3292, 0.4494 1.5115 0.33, 0.4501 1.5113 0.3346, 0.4504 1.5112 0.3366, 0.4502 1.5113 0.3401, 0.4497 1.5114 0.3452, 0.4496 1.5114 0.3455, 0.4482 1.5118 0.35, 0.4479 1.5119 0.351, 0.446 1.5125 0.3542, 0.4449 1.5128 0.3559, 0.4431 1.5133 0.3579, 0.4417 1.5138 0.3593, 0.4409 1.514 0.3601, 0.4384 1.5147 0.3617, 0.4356 1.5155 0.3634, 0.4332 1.5162 0.3641, 0.4336 1.5161 0.364, 0.414 1.5215 0.3656, 0.4169 1.5207 0.3664, 0.4219 1.5194 0.3677, 0.4083 1.5231 0.3632, 0.4062 1.5236 0.3624, 0.4038 1.5243 0.3606, 0.4017 1.5248 0.3591, 0.4011 1.525 0.3584, 0.3981 1.5258 0.3547, 0.3979 1.5258 0.3544, 0.396 1.5263 0.3503, 0.3947 1.5266 0.3477, 0.3942 1.5268 0.3451, 0.3934 1.527 0.3408, 0.3947 1.5267 0.3291, 0.3955 1.5264 0.326, 0.3934 1.527 0.3401, 0.3937 1.5269 0.3341, 0.3938 1.5269 0.3321, 0.3963 1.5263 0.3247, 0.3986 1.5257 0.3207, 0.3986 1.5256 0.3206, 0.4018 1.5248 0.3173, 0.4028 1.5245 0.3162, 0.4053 1.5239 0.3147, 0.408 1.5232 0.313, 0.4099 1.5226 0.3124, 0.4219 1.5194 0.3085, 0.434 1.516 0.3123, 0.4332 1.5162 0.3119, 0.4324 1.5164 0.3115, 0.4209 1.5156 0.3677, 0.4159 1.5169 0.3662, 0.4088 1.5189 0.3641, 0.4073 1.5193 0.3632, 0.4028 1.5205 0.3607, 0.4026 1.5205 0.3606, 0.4001 1.5212 0.3583, 0.3987 1.5216 0.3569, 0.3973 1.5219 0.3547, 0.3952 1.5225 0.3515, 0.3949 1.5225 0.3504, 0.3932 1.523 0.3451, 0.3928 1.5231 0.344, 0.3926 1.5231 0.34, 0.4209 1.5156 0.3085, 0.4101 1.5185 0.3117, 0.4089 1.5188 0.3123, 0.4042 1.5201 0.3147, 0.4033 1.5203 0.3151, 0.4008 1.521 0.3174, 0.3987 1.5216 0.3193, 0.3977 1.5218 0.3207, 0.3956 1.5224 0.3238, 0.3952 1.5225 0.3247, 0.3935 1.5229 0.329, 0.3933 1.523 0.3296, 0.3926 1.5231 0.3341, 0.3923 1.5232 0.3363, 0.4291 1.5133 0.3108, 0.4329 1.5122 0.3124, 0.4367 1.5111 0.314, 0.4377 1.5108 0.3147, 0.441 1.5098 0.3172, 0.4458 1.5084 0.324, 0.4445 1.5088 0.3214, 0.4436 1.5091 0.3202, 0.4471 1.508 0.3265, 0.4479 1.5078 0.3292, 0.4489 1.5075 0.3327, 0.449 1.5075 0.3346, 0.4493 1.5074 0.3401, 0.4493 1.5074 0.3404, 0.4485 1.5077 0.3455, 0.4482 1.5077 0.3471, 0.447 1.5081 0.35, 0.446 1.5084 0.3525, 0.4449 1.5087 0.3541, 0.4424 1.5094 0.3576, 0.442 1.5095 0.3579, 0.4405 1.51 0.3593, 0.4382 1.5107 0.3613, 0.4373 1.5109 0.3617, 0.4326 1.5123 0.3641, 0.4316 1.5126 0.3646
            ]
        }
        coordIndex [
            0,1,2,-1,2,1,3,-1,2,3,4,-1,4,3,5,-1,4,5,6,-1,6,5,7,-1,6,7,8,-1,8,7,9,-1,8,9,10,-1,10,9,11,-1,10,11,12,-1,12,11,13,-1,12,13,14,-1,14,13,15,-1,14,15,16,-1,16,15,17,-1,15,18,17,-1,17,18,19,-1,17,19,20,-1,20,19,21,-1,20,21,22,-1,22,21,23,-1,22,23,24,-1,24,23,25,-1,24,25,26,-1,26,25,27,-1,26,27,28,-1,28,27,29,-1,28,29,30,-1,30,29,31,-1,30,31,32,-1,32,31,33,-1,32,33,34,-1,34,33,35,-1,34,35,36,-1,36,35,37,-1,38,39,40,-1,40,39,36,-1,40,36,41,-1,41,36,37,-1,42,43,44,-1,44,43,39,-1,44,39,38,-1,45,46,47,-1,47,46,48,-1,47,48,49,-1,49,48,50,-1,49,50,51,-1,51,50,52,-1,51,52,53,-1,53,52,54,-1,53,54,42,-1,42,54,55,-1,42,55,43,-1,46,45,56,-1,56,45,57,-1,58,59,60,-1,60,59,61,-1,60,61,62,-1,62,61,63,-1,62,63,64,-1,64,63,65,-1,64,65,66,-1,66,65,67,-1,66,67,57,-1,57,67,68,-1,57,68,56,-1,59,58,69,-1,69,58,70,-1,69,70,71,-1,71,70,72,-1,71,72,73,-1,73,72,74,-1,73,74,75,-1,75,74,76,-1,75,76,77,-1,78,79,80,-1,80,79,81,-1,80,81,82,-1,82,81,83,-1,82,83,84,-1,84,83,85,-1,84,85,86,-1,86,85,87,-1,86,87,88,-1,88,87,89,-1,88,89,90,-1,90,89,77,-1,90,77,76,-1,91,92,93,-1,93,92,94,-1,93,94,95,-1,95,94,96,-1,95,96,97,-1,97,96,98,-1,97,98,99,-1,99,98,100,-1,99,100,101,-1,101,100,102,-1,101,102,103,-1,103,102,79,-1,103,79,78,-1,92,91,104,-1,104,91,105,-1,104,105,106,-1,106,105,107,-1,106,107,108,-1,108,107,109,-1,108,109,110,-1,110,109,111,-1,110,111,112,-1,112,111,113,-1,112,113,114,-1,114,113,115,-1,114,115,116,-1,116,115,117,-1,116,117,118,-1,118,117,119,-1,120,121,122,-1,122,121,123,-1,122,123,124,-1,124,123,125,-1,124,125,119,-1,119,125,126,-1,119,126,118,-1,121,120,127,-1,127,120,128,-1,127,128,129,-1,129,128,130,-1,129,130,131,-1,131,130,132,-1,131,132,133,-1,133,132,134,-1,132,135,134,-1,134,135,136,-1,134,136,137,-1,137,136,138,-1,137,138,139,-1,139,138,140,-1,140,138,141,-1,140,141,142,-1,142,141,143,-1,142,143,144,-1,144,143,145,-1,144,145,146,-1,147,148,149,-1,145,150,146,-1,146,150,147,-1,146,147,151,-1,151,147,149,-1,152,149,148,-1,148,153,152,-1,152,153,154,-1,152,154,155,-1,155,154,156,-1,155,156,157,-1,157,156,158,-1,157,158,159,-1,159,158,160,-1,159,160,161,-1,161,160,162,-1,161,162,163,-1,163,162,164,-1,163,164,165,-1,165,164,166,-1,164,167,166,-1,166,167,168,-1,166,168,169,-1,169,168,170,-1,168,171,170,-1,170,171,172,-1,170,172,173,-1,173,172,174,-1,175,176,174,-1,174,176,177,-1,174,177,173,-1,178,179,175,-1,175,179,176,-1,180,181,182,-1,182,181,183,-1,182,183,178,-1,178,183,179,-1,184,185,186,-1,186,185,187,-1,186,187,182,-1,182,187,180,-1,184,186,188,-1,188,186,189,-1,188,189,190,-1,190,189,191,-1,191,189,192,-1,191,192,193,-1,192,194,193,-1,193,194,195,-1,193,195,196,-1,196,195,197,-1,198,199,200,-1,200,199,201,-1,200,201,202,-1,202,201,203,-1,202,203,197,-1,197,203,204,-1,197,204,196,-1,199,198,205,-1,205,198,206,-1,205,206,207,-1,207,206,208,-1,207,208,209,-1,209,208,210,-1,209,210,211,-1,210,212,211,-1,211,212,213,-1,211,213,214,-1,214,213,215,-1,216,217,218,-1,218,217,219,-1,218,219,220,-1,220,219,221,-1,220,221,222,-1,222,221,223,-1,222,223,224,-1,224,223,225,-1,224,225,215,-1,215,225,226,-1,215,226,214,-1,227,228,229,-1,229,228,230,-1,229,230,231,-1,231,230,232,-1,231,232,233,-1,233,232,234,-1,233,234,235,-1,235,234,236,-1,235,236,237,-1,237,236,238,-1,237,238,239,-1,239,238,240,-1,239,240,241,-1,241,240,242,-1,241,242,243,-1,243,242,244,-1,243,244,216,-1,216,244,245,-1,216,245,217,-1,246,228,227,-1,227,247,246,-1,246,247,248,-1,246,248,249,-1,249,248,250,-1,249,250,251,-1,251,250,252,-1,251,252,253,-1,253,252,254,-1,253,254,255,-1,255,254,256,-1,255,256,257,-1,257,256,258,-1,257,258,259,-1,259,258,260,-1,259,260,261,-1,261,260,262,-1,263,264,265,-1,265,264,266,-1,265,266,267,-1,267,266,268,-1,267,268,269,-1,269,268,270,-1,269,270,262,-1,262,270,271,-1,262,271,261,-1,264,263,272,-1,272,263,273,-1,272,273,274,-1,274,273,275,-1,274,275,276,-1,277,278,279,-1,275,280,276,-1,276,280,277,-1,276,277,281,-1,281,277,279,-1,279,278,282,-1,282,278,283,-1,282,283,284,-1,284,283,285,-1,284,285,286,-1,286,285,287,-1,286,287,288,-1,288,287,289,-1,288,289,290,-1,290,289,291,-1,290,291,292,-1,292,291,293,-1,292,293,294,-1,294,293,295,-1,294,295,296,-1,296,295,297,-1,296,297,298,-1,298,297,299,-1,298,299,300,-1,300,299,301,-1,300,301,302,-1,302,301,303,-1,302,303,304,-1,304,303,305,-1,304,305,306,-1,306,305,307,-1,306,307,308,-1,308,307,309,-1,308,309,310,-1,310,309,311,-1,310,311,312,-1,312,311,313,-1,312,313,314,-1,314,313,315,-1,315,313,316,-1,315,316,317,-1,317,316,318,-1,317,318,319,-1,319,318,320,-1,319,320,321,-1,321,320,322,-1,321,322,323,-1,323,322,324,-1,323,324,325,-1,325,324,326,-1,325,326,327,-1,327,326,328,-1,327,328,329,-1,330,331,329,-1,329,331,327,-1,331,330,332,-1,332,330,333,-1,332,333,334,-1,334,333,335,-1,334,335,336,-1,336,335,337,-1,336,337,338,-1,338,337,339,-1,338,339,340,-1,340,339,341,-1,340,341,342,-1,342,341,343,-1,342,343,344,-1,344,343,345,-1,344,345,346,-1,346,345,347,-1,346,347,348,-1,348,347,349,-1,347,350,349,-1,349,350,351,-1,349,351,352,-1,352,351,353,-1,354,355,353,-1,353,355,356,-1,353,356,352,-1,355,354,357,-1,357,354,358,-1,357,358,359,-1,359,358,360,-1,359,360,361,-1,361,360,362,-1,361,362,363,-1,363,362,364,-1,363,364,365,-1,365,364,366,-1,365,366,367,-1,367,366,368,-1,367,368,369,-1,369,368,370,-1,369,370,371,-1,371,370,372,-1,371,372,373,-1,373,372,374,-1,372,375,374,-1,374,375,376,-1,374,376,377,-1,377,376,378,-1,379,380,378,-1,378,380,381,-1,378,381,377,-1,382,383,384,-1,384,383,380,-1,384,380,379,-1,383,382,385,-1,385,382,386,-1,387,385,386,-1,386,388,387,-1,387,388,389,-1,387,389,390,-1,390,389,391,-1,392,393,394,-1,394,393,395,-1,394,395,396,-1,396,395,397,-1,396,397,391,-1,391,397,398,-1,391,398,390,-1,394,399,392,-1,392,399,400,-1,392,400,401,-1,401,400,402,-1,401,402,403,-1,403,402,404,-1,403,404,405,-1,405,404,406,-1,407,408,409,-1,409,408,410,-1,409,410,411,-1,411,410,412,-1,411,412,406,-1,406,412,413,-1,406,413,405,-1,408,407,414,-1,414,407,415,-1,414,415,416,-1,416,415,417,-1,416,417,418,-1,418,417,419,-1,418,419,420,-1,419,421,420,-1,420,421,422,-1,420,422,423,-1,422,424,423,-1,423,424,425,-1,423,425,426,-1,426,425,427,-1,428,429,427,-1,427,429,430,-1,427,430,426,-1,431,432,433,-1,433,432,434,-1,433,434,428,-1,428,434,435,-1,428,435,429,-1,436,437,438,-1,438,437,432,-1,438,432,431,-1,437,436,439,-1,439,436,440,-1,439,440,441,-1,441,440,442,-1,441,442,443,-1,443,442,444,-1,443,444,445,-1,445,444,446,-1,445,446,447,-1,447,446,448,-1,447,448,0,-1,0,448,1,-1,338,30,336,-1,336,30,32,-1,336,32,334,-1,334,32,34,-1,334,34,332,-1,332,34,331,-1,344,28,342,-1,342,28,30,-1,342,30,340,-1,340,30,338,-1,6,8,359,-1,359,8,10,-1,359,10,357,-1,357,10,12,-1,357,12,355,-1,355,12,14,-1,355,14,356,-1,356,14,16,-1,356,16,352,-1,352,16,17,-1,352,17,349,-1,349,17,20,-1,349,20,348,-1,348,20,22,-1,348,22,346,-1,346,22,24,-1,346,24,344,-1,344,24,26,-1,344,26,28,-1,6,359,4,-1,4,359,361,-1,4,361,2,-1,2,361,363,-1,2,363,0,-1,0,363,365,-1,0,365,367,-1,367,369,0,-1,0,369,371,-1,0,371,447,-1,447,371,373,-1,447,373,445,-1,445,373,374,-1,383,432,380,-1,380,432,437,-1,380,437,381,-1,381,437,439,-1,381,439,377,-1,377,439,441,-1,377,441,374,-1,374,441,443,-1,374,443,445,-1,39,43,314,-1,314,43,312,-1,314,315,39,-1,39,315,317,-1,39,317,36,-1,36,317,319,-1,36,319,321,-1,321,323,36,-1,36,323,325,-1,36,325,34,-1,34,325,327,-1,34,327,331,-1,383,385,432,-1,432,385,387,-1,432,387,434,-1,434,387,390,-1,434,390,435,-1,435,390,398,-1,435,398,429,-1,429,398,397,-1,397,395,429,-1,429,395,393,-1,429,393,392,-1,392,401,429,-1,429,401,403,-1,429,403,405,-1,405,413,429,-1,429,413,412,-1,429,412,410,-1,408,414,410,-1,410,414,416,-1,416,418,410,-1,410,418,420,-1,410,420,423,-1,423,426,410,-1,410,426,430,-1,410,430,429,-1,279,282,71,-1,282,284,71,-1,71,284,286,-1,71,286,69,-1,69,286,288,-1,69,288,59,-1,59,288,290,-1,59,290,292,-1,298,61,296,-1,296,61,59,-1,296,59,294,-1,294,59,292,-1,56,68,302,-1,302,68,67,-1,302,67,300,-1,300,67,65,-1,300,65,298,-1,298,65,63,-1,298,63,61,-1,306,308,54,-1,54,52,306,-1,306,52,50,-1,306,50,304,-1,304,50,48,-1,304,48,302,-1,302,48,46,-1,302,46,56,-1,43,55,312,-1,312,55,54,-1,312,54,310,-1,310,54,308,-1,140,449,139,-1,139,449,450,-1,139,450,137,-1,137,450,451,-1,137,451,134,-1,134,451,452,-1,452,453,134,-1,134,453,454,-1,134,454,455,-1,455,456,134,-1,134,456,457,-1,134,457,217,-1,457,458,217,-1,217,458,459,-1,217,459,460,-1,460,461,217,-1,217,461,462,-1,217,462,463,-1,463,464,217,-1,217,464,465,-1,217,465,219,-1,219,465,466,-1,219,466,221,-1,221,466,467,-1,221,467,223,-1,223,467,468,-1,223,468,225,-1,225,468,469,-1,225,469,226,-1,226,469,470,-1,226,470,214,-1,214,470,471,-1,279,71,281,-1,281,71,73,-1,281,73,276,-1,245,125,123,-1,245,123,217,-1,125,245,126,-1,126,245,244,-1,126,244,118,-1,118,244,116,-1,116,244,242,-1,116,242,114,-1,114,242,240,-1,114,240,112,-1,240,238,112,-1,112,238,236,-1,112,236,110,-1,110,236,234,-1,98,96,246,-1,246,96,94,-1,246,94,228,-1,228,94,92,-1,228,92,230,-1,230,92,104,-1,230,104,232,-1,232,104,106,-1,232,106,234,-1,234,106,108,-1,234,108,110,-1,98,246,100,-1,100,246,249,-1,100,249,102,-1,102,249,251,-1,102,251,79,-1,251,253,79,-1,79,253,255,-1,79,255,257,-1,257,259,79,-1,79,259,261,-1,79,261,81,-1,81,261,271,-1,81,271,83,-1,83,271,270,-1,83,270,85,-1,85,270,87,-1,270,268,87,-1,87,268,266,-1,87,266,89,-1,89,266,264,-1,89,264,77,-1,77,264,75,-1,75,264,272,-1,75,272,73,-1,73,272,274,-1,73,274,276,-1,123,121,217,-1,217,121,127,-1,217,127,129,-1,129,131,217,-1,217,131,133,-1,217,133,134,-1,185,184,188,-1,159,161,190,-1,190,161,163,-1,163,165,190,-1,190,165,166,-1,190,166,169,-1,169,170,190,-1,190,170,173,-1,190,173,177,-1,199,205,472,-1,472,205,207,-1,472,207,473,-1,473,207,209,-1,473,209,471,-1,471,209,211,-1,471,211,214,-1,474,201,475,-1,475,201,199,-1,475,199,476,-1,476,199,472,-1,193,196,477,-1,477,196,204,-1,477,204,474,-1,474,204,203,-1,474,203,201,-1,477,478,193,-1,193,478,479,-1,193,479,191,-1,479,480,191,-1,191,480,481,-1,191,481,190,-1,481,482,190,-1,190,482,483,-1,190,483,484,-1,484,485,190,-1,190,485,486,-1,190,486,487,-1,488,489,159,-1,487,490,190,-1,190,490,491,-1,190,491,159,-1,159,491,492,-1,159,492,488,-1,489,493,159,-1,159,493,494,-1,159,494,495,-1,495,496,159,-1,159,496,497,-1,159,497,157,-1,157,497,498,-1,157,498,155,-1,498,499,155,-1,155,499,500,-1,155,500,152,-1,152,500,501,-1,152,501,149,-1,149,501,151,-1,140,142,449,-1,449,142,144,-1,449,144,502,-1,502,144,146,-1,502,146,503,-1,503,146,151,-1,503,151,504,-1,504,151,501,-1,177,176,190,-1,190,176,179,-1,190,179,188,-1,188,179,183,-1,188,183,185,-1,185,183,181,-1,185,181,187,-1,187,181,180,-1,476,505,475,-1,475,505,506,-1,475,506,474,-1,474,506,477,-1,506,507,477,-1,477,507,508,-1,477,508,478,-1,478,508,509,-1,478,509,479,-1,479,509,510,-1,479,510,480,-1,480,510,511,-1,480,511,481,-1,481,511,512,-1,481,512,482,-1,482,512,513,-1,482,513,483,-1,483,513,514,-1,483,514,484,-1,484,514,515,-1,484,515,485,-1,485,515,516,-1,485,516,486,-1,486,516,517,-1,486,517,487,-1,487,517,518,-1,487,518,490,-1,490,518,491,-1,519,501,520,-1,520,501,500,-1,520,500,521,-1,521,500,499,-1,521,499,522,-1,522,499,498,-1,522,498,523,-1,523,498,497,-1,523,497,524,-1,524,497,496,-1,524,496,525,-1,525,496,495,-1,525,495,526,-1,526,495,494,-1,526,494,527,-1,527,494,493,-1,527,493,528,-1,528,493,489,-1,528,489,529,-1,529,489,488,-1,529,488,530,-1,530,488,492,-1,530,492,531,-1,531,492,491,-1,531,491,532,-1,532,491,518,-1,501,519,504,-1,504,519,533,-1,504,533,503,-1,503,533,534,-1,503,534,502,-1,502,534,449,-1,534,535,449,-1,449,535,536,-1,449,536,450,-1,450,536,537,-1,456,455,538,-1,538,455,454,-1,538,454,539,-1,539,454,453,-1,539,453,540,-1,540,453,452,-1,540,452,537,-1,537,452,451,-1,537,451,450,-1,538,541,456,-1,456,541,542,-1,456,542,457,-1,457,542,543,-1,457,543,458,-1,458,543,544,-1,458,544,459,-1,459,544,545,-1,459,545,460,-1,460,545,546,-1,460,546,461,-1,461,546,547,-1,461,547,462,-1,462,547,548,-1,462,548,463,-1,463,548,549,-1,463,549,464,-1,464,549,550,-1,464,550,465,-1,465,550,551,-1,465,551,466,-1,466,551,552,-1,466,552,467,-1,467,552,553,-1,467,553,468,-1,468,553,554,-1,468,554,469,-1,469,554,555,-1,469,555,470,-1,470,555,556,-1,470,556,471,-1,471,556,557,-1,505,476,558,-1,558,476,472,-1,558,472,557,-1,557,472,473,-1,557,473,471,-1,
        ]
    }
}
Shape{
    appearance Appearance {
        material  Material 	{
            diffuseColor 1.0 1.0 1.0
            specularColor 0.5019607843137255 0.5019607843137255 0.5019607843137255
            ambientIntensity 1.0
            transparency 0.0
            shininess 0.5
        }
    }
    geometry IndexedFaceSet {
        ccw TRUE
        solid FALSE
        coord DEF co Coordinate {
            point [
                0.4209 1.5156 0.3085, 0.4101 1.5185 0.3117, 0.4291 1.5133 0.3108, 0.4089 1.5188 0.3123, 0.4042 1.5201 0.3147, 0.4033 1.5203 0.3151, 0.4008 1.521 0.3174, 0.3987 1.5216 0.3193, 0.3977 1.5218 0.3207, 0.3956 1.5224 0.3238, 0.3952 1.5225 0.3247, 0.3935 1.5229 0.329, 0.3933 1.523 0.3296, 0.3926 1.5231 0.3341, 0.3923 1.5232 0.3363, 0.3926 1.5231 0.34, 0.3928 1.5231 0.344, 0.3932 1.523 0.3451, 0.3949 1.5225 0.3504, 0.3952 1.5225 0.3515, 0.3973 1.5219 0.3547, 0.3987 1.5216 0.3569, 0.4001 1.5212 0.3583, 0.4026 1.5205 0.3606, 0.4028 1.5205 0.3607, 0.4073 1.5193 0.3632, 0.4088 1.5189 0.3641, 0.4159 1.5169 0.3662, 0.4209 1.5156 0.3677, 0.4316 1.5126 0.3646, 0.4326 1.5123 0.3641, 0.4373 1.5109 0.3617, 0.4424 1.5094 0.3576, 0.4449 1.5087 0.3541, 0.4356 1.5114 0.3344, 0.4382 1.5107 0.3613, 0.4405 1.51 0.3593, 0.442 1.5095 0.3579, 0.446 1.5084 0.3525, 0.447 1.5081 0.35, 0.4482 1.5077 0.3471, 0.4485 1.5077 0.3455, 0.4493 1.5074 0.3404, 0.4493 1.5074 0.3401, 0.449 1.5075 0.3346, 0.4489 1.5075 0.3327, 0.4479 1.5078 0.3292, 0.4471 1.508 0.3265, 0.4458 1.5084 0.324, 0.4445 1.5088 0.3214, 0.4436 1.5091 0.3202, 0.441 1.5098 0.3172, 0.4377 1.5108 0.3147, 0.4367 1.5111 0.314, 0.4329 1.5122 0.3124, 1.1246 -0.0019 0.7874, 1.1205 -0.0986 0.7874, 0.0 -0.0019 0.7874, 1.0874 0.2852 0.7874, 1.108 0.1907 0.7874, 1.1205 0.0947 0.7874, 0.978 0.5534 0.7874, 1.0221 0.4672 0.7874, 1.0586 0.3776 0.7874, 0.8037 0.7847 0.7874, 0.8684 0.7127 0.7874, 0.9266 0.6354 0.7874, 0.5762 0.9638 0.7874, 0.6571 0.9107 0.7874, 0.7331 0.8509 0.7874, 0.3105 1.079 0.7874, 0.4023 1.0483 0.7874, 0.4911 1.0098 0.7874, 0.0242 1.1224 0.7874, 0.1208 1.1162 0.7874, 0.2164 1.1017 0.7874, -0.2637 1.0913 0.7874, -0.1688 1.11 0.7874, -0.0725 1.1203 0.7874, -0.5341 0.9877 0.7874, -0.4471 1.03 0.7874, -0.3567 1.0646 0.7874, -0.7692 0.8185 0.7874, -0.6958 0.8816 0.7874, -0.6172 0.9382 0.7874, -0.9532 0.5949 0.7874, -0.8983 0.6747 0.7874, -0.8368 0.7494 0.7874, -1.074 0.3317 0.7874, -1.0413 0.4228 0.7874, -1.001 0.5108 0.7874, -1.1236 0.0464 0.7874, -1.1153 0.1428 0.7874, -1.0987 0.2382 0.7874, -1.0987 -0.2421 0.7874, -1.1153 -0.1467 0.7874, -1.1236 -0.0503 0.7874, -1.001 -0.5147 0.7874, -1.0413 -0.4267 0.7874, -1.074 -0.3356 0.7874, -0.8368 -0.7533 0.7874, -0.8983 -0.6786 0.7874, -0.9532 -0.5988 0.7874, -0.6172 -0.9421 0.7874, -0.6958 -0.8855 0.7874, -0.7692 -0.8224 0.7874, -0.3567 -1.0685 0.7874, -0.4471 -1.0339 0.7874, -0.5341 -0.9916 0.7874, -0.0725 -1.1242 0.7874, -0.1688 -1.1138 0.7874, -0.2637 -1.0952 0.7874, 0.2164 -1.1056 0.7874, 0.1208 -1.1201 0.7874, 0.0242 -1.1263 0.7874, 0.4911 -1.0137 0.7874, 0.4023 -1.0522 0.7874, 0.3105 -1.0829 0.7874, 0.7331 -0.8548 0.7874, 0.6571 -0.9146 0.7874, 0.5762 -0.9677 0.7874, 0.9266 -0.6393 0.7874, 0.8684 -0.7166 0.7874, 0.8037 -0.7886 0.7874, 1.0586 -0.3815 0.7874, 1.0221 -0.4711 0.7874, 0.978 -0.5573 0.7874, 1.108 -0.1946 0.7874, 1.0874 -0.2891 0.7874, 0.0938 -0.0183 2.0432, 0.0948 -0.0101 2.0432, 0.0 -0.0019 2.0472, 0.092 -0.0263 2.0432, 0.0896 -0.0341 2.0432, 0.0865 -0.0417 2.0432, 0.0828 -0.049 2.0432, 0.0784 -0.0559 2.0432, 0.0735 -0.0624 2.0432, 0.068 -0.0685 2.0432, 0.0621 -0.0741 2.0432, 0.0556 -0.0792 2.0432, 0.0488 -0.0837 2.0432, 0.0416 -0.0876 2.0432, 0.0341 -0.0908 2.0432, 0.0263 -0.0934 2.0432, 0.0183 -0.0954 2.0432, 0.0102 -0.0966 2.0432, 0.002 -0.0971 2.0432, -0.0061 -0.0969 2.0432, -0.0143 -0.0961 2.0432, -0.0223 -0.0945 2.0432, -0.0302 -0.0922 2.0432, -0.0378 -0.0893 2.0432, -0.0452 -0.0857 2.0432, -0.0522 -0.0815 2.0432, -0.0589 -0.0767 2.0432, -0.0651 -0.0714 2.0432, -0.0708 -0.0655 2.0432, -0.076 -0.0592 2.0432, -0.0807 -0.0525 2.0432, -0.0847 -0.0453 2.0432, -0.0881 -0.0379 2.0432, -0.0909 -0.0302 2.0432, -0.093 -0.0223 2.0432, -0.0944 -0.0142 2.0432, -0.0951 -0.006 2.0432, -0.0951 0.0022 2.0432, -0.0944 0.0103 2.0432, -0.093 0.0184 2.0432, -0.0909 0.0263 2.0432, -0.0881 0.034 2.0432, -0.0847 0.0415 2.0432, -0.0807 0.0486 2.0432, -0.076 0.0553 2.0432, -0.0708 0.0617 2.0432, -0.0651 0.0675 2.0432, -0.0589 0.0728 2.0432, -0.0522 0.0776 2.0432, -0.0452 0.0818 2.0432, -0.0378 0.0854 2.0432, -0.0302 0.0883 2.0432, -0.0223 0.0906 2.0432, -0.0143 0.0922 2.0432, -0.0061 0.0931 2.0432, 0.002 0.0932 2.0432, 0.0102 0.0927 2.0432, 0.0183 0.0915 2.0432, 0.0263 0.0896 2.0432, 0.0341 0.087 2.0432, 0.0416 0.0837 2.0432, 0.0488 0.0798 2.0432, 0.0556 0.0753 2.0432, 0.0621 0.0702 2.0432, 0.068 0.0646 2.0432, 0.0735 0.0585 2.0432, 0.0784 0.052 2.0432, 0.0828 0.0451 2.0432, 0.0865 0.0378 2.0432, 0.0896 0.0302 2.0432, 0.092 0.0224 2.0432, 0.0938 0.0144 2.0432, 0.0948 0.0062 2.0432, 0.0952 -0.0019 2.0432, 1.1272 -0.0992 0.8824, 1.1147 -0.1957 0.8824, 1.0939 -0.2909 0.8824, 1.065 -0.3838 0.8824, 1.0282 -0.474 0.8824, 0.9839 -0.5606 0.8824, 0.9322 -0.6431 0.8824, 0.8736 -0.7209 0.8824, 0.8086 -0.7933 0.8824, 0.7376 -0.8599 0.8824, 0.6611 -0.9201 0.8824, 0.5797 -0.9736 0.8824, 0.494 -1.0198 0.8824, 0.4047 -1.0585 0.8824, 0.3124 -1.0894 0.8824, 0.2177 -1.1122 0.8824, 0.1215 -1.1268 0.8824, 0.0243 -1.1331 0.8824, -0.073 -1.131 0.8824, -0.1698 -1.1205 0.8824, -0.2653 -1.1018 0.8824, -0.3589 -1.0749 0.8824, -0.4498 -1.0401 0.8824, -0.5374 -0.9976 0.8824, -0.621 -0.9477 0.8824, -0.7 -0.8908 0.8824, -0.7738 -0.8274 0.8824, -0.8419 -0.7578 0.8824, -0.9037 -0.6826 0.8824, -0.9589 -0.6024 0.8824, -1.007 -0.5178 0.8824, -1.0476 -0.4293 0.8824, -1.0805 -0.3376 0.8824, -1.1053 -0.2435 0.8824, -1.122 -0.1476 0.8824, -1.1304 -0.0506 0.8824, -1.1304 0.0467 0.8824, -1.122 0.1437 0.8824, -1.1053 0.2396 0.8824, -1.0805 0.3338 0.8824, -1.0476 0.4254 0.8824, -1.007 0.5139 0.8824, -0.9589 0.5985 0.8824, -0.9037 0.6787 0.8824, -0.8419 0.7539 0.8824, -0.7738 0.8235 0.8824, -0.7 0.8869 0.8824, -0.621 0.9438 0.8824, -0.5374 0.9937 0.8824, -0.4498 1.0362 0.8824, -0.3589 1.071 0.8824, -0.2653 1.0979 0.8824, -0.1698 1.1167 0.8824, -0.073 1.1271 0.8824, 0.0243 1.1292 0.8824, 0.1215 1.1229 0.8824, 0.2177 1.1083 0.8824, 0.3124 1.0855 0.8824, 0.4047 1.0546 0.8824, 0.494 1.0159 0.8824, 0.5797 0.9697 0.8824, 0.6611 0.9162 0.8824, 0.7376 0.856 0.8824, 0.8086 0.7894 0.8824, 0.8736 0.717 0.8824, 0.9322 0.6392 0.8824, 0.9839 0.5567 0.8824, 1.0282 0.4701 0.8824, 1.065 0.3799 0.8824, 1.0939 0.287 0.8824, 1.1147 0.1919 0.8824, 1.1272 0.0953 0.8824, 1.1314 -0.0019 0.8824, 1.126 -0.0991 0.9777, 1.1135 -0.1955 0.9777, 1.0927 -0.2905 0.9777, 1.0638 -0.3834 0.9777, 1.0271 -0.4734 0.9777, 0.9828 -0.56 0.9777, 0.9312 -0.6424 0.9777, 0.8727 -0.7201 0.9777, 0.8077 -0.7925 0.9777, 0.7368 -0.859 0.9777, 0.6604 -0.9191 0.9777, 0.5791 -0.9725 0.9777, 0.4935 -1.0187 0.9777, 0.4043 -1.0573 0.9777, 0.312 -1.0882 0.9777, 0.2175 -1.111 0.9777, 0.1214 -1.1256 0.9777, 0.0243 -1.1319 0.9777, -0.0729 -1.1298 0.9777, -0.1696 -1.1193 0.9777, -0.265 -1.1006 0.9777, -0.3585 -1.0738 0.9777, -0.4493 -1.039 0.9777, -0.5368 -0.9965 0.9777, -0.6203 -0.9467 0.9777, -0.6992 -0.8899 0.9777, -0.7729 -0.8265 0.9777, -0.841 -0.757 0.9777, -0.9028 -0.6819 0.9777, -0.9579 -0.6018 0.9777, -1.0059 -0.5172 0.9777, -1.0465 -0.4288 0.9777, -1.0793 -0.3373 0.9777, -1.1041 -0.2433 0.9777, -1.1208 -0.1475 0.9777, -1.1291 -0.0506 0.9777, -1.1291 0.0467 0.9777, -1.1208 0.1436 0.9777, -1.1041 0.2394 0.9777, -1.0793 0.3334 0.9777, -1.0465 0.4249 0.9777, -1.0059 0.5133 0.9777, -0.9579 0.5979 0.9777, -0.9028 0.678 0.9777, -0.841 0.7531 0.9777, -0.7729 0.8226 0.9777, -0.6992 0.886 0.9777, -0.6203 0.9428 0.9777, -0.5368 0.9926 0.9777, -0.4493 1.0351 0.9777, -0.3585 1.0699 0.9777, -0.265 1.0967 0.9777, -0.1696 1.1154 0.9777, -0.0729 1.1259 0.9777, 0.0243 1.128 0.9777, 0.1214 1.1217 0.9777, 0.2175 1.1071 0.9777, 0.312 1.0843 0.9777, 0.4043 1.0534 0.9777, 0.4935 1.0148 0.9777, 0.5791 0.9686 0.9777, 0.6604 0.9152 0.9777, 0.7368 0.8551 0.9777, 0.8077 0.7886 0.9777, 0.8727 0.7162 0.9777, 0.9312 0.6385 0.9777, 0.9828 0.5561 0.9777, 1.0271 0.4696 0.9777, 1.0638 0.3795 0.9777, 1.0927 0.2866 0.9777, 1.1135 0.1916 0.9777, 1.126 0.0952 0.9777, 1.1302 -0.0019 0.9777, 1.1168 -0.0983 1.0725, 1.1044 -0.194 1.0725, 1.0838 -0.2882 1.0725, 1.0551 -0.3803 1.0725, 1.0187 -0.4696 1.0725, 0.9747 -0.5554 1.0725, 0.9236 -0.6372 1.0725, 0.8655 -0.7142 1.0725, 0.8011 -0.786 1.0725, 0.7307 -0.8519 1.0725, 0.655 -0.9116 1.0725, 0.5743 -0.9646 1.0725, 0.4895 -1.0104 1.0725, 0.401 -1.0487 1.0725, 0.3095 -1.0793 1.0725, 0.2157 -1.1019 1.0725, 0.1204 -1.1164 1.0725, 0.0241 -1.1226 1.0725, -0.0723 -1.1205 1.0725, -0.1682 -1.1102 1.0725, -0.2628 -1.0916 1.0725, -0.3555 -1.065 1.0725, -0.4456 -1.0305 1.0725, -0.5324 -0.9884 1.0725, -0.6152 -0.939 1.0725, -0.6935 -0.8826 1.0725, -0.7666 -0.8197 1.0725, -0.8341 -0.7508 1.0725, -0.8954 -0.6763 1.0725, -0.95 -0.5969 1.0725, -0.9977 -0.513 1.0725, -1.0379 -0.4253 1.0725, -1.0704 -0.3345 1.0725, -1.0951 -0.2413 1.0725, -1.1116 -0.1463 1.0725, -1.1199 -0.0502 1.0725, -1.1199 0.0463 1.0725, -1.1116 0.1424 1.0725, -1.0951 0.2374 1.0725, -1.0704 0.3306 1.0725, -1.0379 0.4214 1.0725, -0.9977 0.5091 1.0725, -0.95 0.593 1.0725, -0.8954 0.6724 1.0725, -0.8341 0.7469 1.0725, -0.7666 0.8158 1.0725, -0.6935 0.8787 1.0725, -0.6152 0.9351 1.0725, -0.5324 0.9845 1.0725, -0.4456 1.0266 1.0725, -0.3555 1.0611 1.0725, -0.2628 1.0877 1.0725, -0.1682 1.1063 1.0725, -0.0723 1.1166 1.0725, 0.0241 1.1187 1.0725, 0.1204 1.1125 1.0725, 0.2157 1.098 1.0725, 0.3095 1.0754 1.0725, 0.401 1.0448 1.0725, 0.4895 1.0065 1.0725, 0.5743 0.9607 1.0725, 0.655 0.9077 1.0725, 0.7307 0.8481 1.0725, 0.8011 0.7821 1.0725, 0.8655 0.7103 1.0725, 0.9236 0.6333 1.0725, 0.9747 0.5515 1.0725, 1.0187 0.4657 1.0725, 1.0551 0.3764 1.0725, 1.0838 0.2843 1.0725, 1.1044 0.1901 1.0725, 1.1168 0.0944 1.0725, 1.1209 -0.0019 1.0725, 1.0996 -0.0968 1.1663, 1.0874 -0.191 1.1663, 1.0671 -0.2838 1.1663, 1.039 -0.3745 1.1663, 1.0031 -0.4624 1.1663, 0.9598 -0.5469 1.1663, 0.9094 -0.6274 1.1663, 0.8523 -0.7033 1.1663, 0.7888 -0.774 1.1663, 0.7195 -0.8389 1.1663, 0.6449 -0.8977 1.1663, 0.5655 -0.9498 1.1663, 0.4819 -0.9949 1.1663, 0.3948 -1.0326 1.1663, 0.3047 -1.0628 1.1663, 0.2124 -1.085 1.1663, 0.1185 -1.0993 1.1663, 0.0237 -1.1054 1.1663, -0.0712 -1.1034 1.1663, -0.1656 -1.0932 1.1663, -0.2588 -1.0749 1.1663, -0.3501 -1.0487 1.1663, -0.4388 -1.0147 1.1663, -0.5242 -0.9732 1.1663, -0.6058 -0.9246 1.1663, -0.6828 -0.8691 1.1663, -0.7549 -0.8072 1.1663, -0.8213 -0.7393 1.1663, -0.8816 -0.666 1.1663, -0.9355 -0.5877 1.1663, -0.9823 -0.5051 1.1663, -1.022 -0.4188 1.1663, -1.054 -0.3294 1.1663, -1.0783 -0.2376 1.1663, -1.0945 -0.144 1.1663, -1.1027 -0.0494 1.1663, -1.1027 0.0455 1.1663, -1.0945 0.1402 1.1663, -1.0783 0.2337 1.1663, -1.054 0.3255 1.1663, -1.022 0.4149 1.1663, -0.9823 0.5013 1.1663, -0.9355 0.5838 1.1663, -0.8816 0.6621 1.1663, -0.8213 0.7354 1.1663, -0.7549 0.8033 1.1663, -0.6828 0.8652 1.1663, -0.6058 0.9207 1.1663, -0.5242 0.9693 1.1663, -0.4388 1.0108 1.1663, -0.3501 1.0448 1.1663, -0.2588 1.071 1.1663, -0.1656 1.0893 1.1663, -0.0712 1.0995 1.1663, 0.0237 1.1015 1.1663, 0.1185 1.0954 1.1663, 0.2124 1.0812 1.1663, 0.3047 1.0589 1.1663, 0.3948 1.0288 1.1663, 0.4819 0.991 1.1663, 0.5655 0.9459 1.1663, 0.6449 0.8938 1.1663, 0.7195 0.835 1.1663, 0.7888 0.7701 1.1663, 0.8523 0.6994 1.1663, 0.9094 0.6235 1.1663, 0.9598 0.543 1.1663, 1.0031 0.4585 1.1663, 1.039 0.3706 1.1663, 1.0671 0.2799 1.1663, 1.0874 0.1871 1.1663, 1.0996 0.0929 1.1663, 1.1037 -0.0019 1.1663, 1.0747 -0.0947 1.2582, 1.0628 -0.1867 1.2582, 1.043 -0.2774 1.2582, 1.0154 -0.366 1.2582, 0.9804 -0.452 1.2582, 0.938 -0.5346 1.2582, 0.8888 -0.6133 1.2582, 0.8329 -0.6874 1.2582, 0.7709 -0.7565 1.2582, 0.7032 -0.8199 1.2582, 0.6303 -0.8774 1.2582, 0.5527 -0.9283 1.2582, 0.471 -0.9724 1.2582, 0.3859 -1.0093 1.2582, 0.2978 -1.0387 1.2582, 0.2076 -1.0605 1.2582, 0.1158 -1.0744 1.2582, 0.0232 -1.0804 1.2582, -0.0696 -1.0784 1.2582, -0.1619 -1.0684 1.2582, -0.2529 -1.0506 1.2582, -0.3422 -1.025 1.2582, -0.4288 -0.9918 1.2582, -0.5123 -0.9512 1.2582, -0.592 -0.9037 1.2582, -0.6674 -0.8494 1.2582, -0.7378 -0.7889 1.2582, -0.8027 -0.7226 1.2582, -0.8617 -0.6509 1.2582, -0.9143 -0.5745 1.2582, -0.9601 -0.4937 1.2582, -0.9988 -0.4094 1.2582, -1.0301 -0.322 1.2582, -1.0538 -0.2323 1.2582, -1.0697 -0.1408 1.2582, -1.0777 -0.0484 1.2582, -1.0777 0.0445 1.2582, -1.0697 0.1369 1.2582, -1.0538 0.2284 1.2582, -1.0301 0.3181 1.2582, -0.9988 0.4055 1.2582, -0.9601 0.4898 1.2582, -0.9143 0.5706 1.2582, -0.8617 0.647 1.2582, -0.8027 0.7187 1.2582, -0.7378 0.785 1.2582, -0.6674 0.8455 1.2582, -0.592 0.8998 1.2582, -0.5123 0.9473 1.2582, -0.4288 0.9879 1.2582, -0.3422 1.0211 1.2582, -0.2529 1.0467 1.2582, -0.1619 1.0646 1.2582, -0.0696 1.0745 1.2582, 0.0232 1.0765 1.2582, 0.1158 1.0705 1.2582, 0.2076 1.0566 1.2582, 0.2978 1.0348 1.2582, 0.3859 1.0054 1.2582, 0.471 0.9685 1.2582, 0.5527 0.9244 1.2582, 0.6303 0.8735 1.2582, 0.7032 0.8161 1.2582, 0.7709 0.7526 1.2582, 0.8329 0.6835 1.2582, 0.8888 0.6094 1.2582, 0.938 0.5307 1.2582, 0.9804 0.4481 1.2582, 1.0154 0.3621 1.2582, 1.043 0.2735 1.2582, 1.0628 0.1828 1.2582, 1.0747 0.0908 1.2582, 1.0787 -0.0019 1.2582, 1.0422 -0.0919 1.3477, 1.0306 -0.1811 1.3477, 1.0114 -0.2691 1.3477, 0.9847 -0.355 1.3477, 0.9507 -0.4384 1.3477, 0.9096 -0.5185 1.3477, 0.8619 -0.5947 1.3477, 0.8077 -0.6666 1.3477, 0.7476 -0.7336 1.3477, 0.6819 -0.7952 1.3477, 0.6112 -0.8509 1.3477, 0.536 -0.9003 1.3477, 0.4568 -0.943 1.3477, 0.3742 -0.9788 1.3477, 0.2888 -1.0073 1.3477, 0.2013 -1.0284 1.3477, 0.1123 -1.042 1.3477, 0.0225 -1.0478 1.3477, -0.0675 -1.0458 1.3477, -0.157 -1.0362 1.3477, -0.2453 -1.0188 1.3477, -0.3318 -0.994 1.3477, -0.4159 -0.9618 1.3477, -0.4968 -0.9225 1.3477, -0.5741 -0.8764 1.3477, -0.6472 -0.8238 1.3477, -0.7154 -0.7651 1.3477, -0.7784 -0.7008 1.3477, -0.8356 -0.6313 1.3477, -0.8866 -0.5571 1.3477, -0.931 -0.4789 1.3477, -0.9686 -0.3971 1.3477, -0.999 -0.3123 1.3477, -1.0219 -0.2253 1.3477, -1.0374 -0.1366 1.3477, -1.0451 -0.0469 1.3477, -1.0451 0.0431 1.3477, -1.0374 0.1327 1.3477, -1.0219 0.2214 1.3477, -0.999 0.3084 1.3477, -0.9686 0.3932 1.3477, -0.931 0.475 1.3477, -0.8866 0.5532 1.3477, -0.8356 0.6274 1.3477, -0.7784 0.6969 1.3477, -0.7154 0.7612 1.3477, -0.6472 0.8199 1.3477, -0.5741 0.8725 1.3477, -0.4968 0.9186 1.3477, -0.4159 0.9579 1.3477, -0.3318 0.9901 1.3477, -0.2453 1.0149 1.3477, -0.157 1.0323 1.3477, -0.0675 1.0419 1.3477, 0.0225 1.0439 1.3477, 0.1123 1.0381 1.3477, 0.2013 1.0246 1.3477, 0.2888 1.0035 1.3477, 0.3742 0.9749 1.3477, 0.4568 0.9391 1.3477, 0.536 0.8964 1.3477, 0.6112 0.847 1.3477, 0.6819 0.7913 1.3477, 0.7476 0.7297 1.3477, 0.8077 0.6628 1.3477, 0.8619 0.5909 1.3477, 0.9096 0.5146 1.3477, 0.9507 0.4345 1.3477, 0.9847 0.3511 1.3477, 1.0114 0.2652 1.3477, 1.0306 0.1772 1.3477, 1.0422 0.088 1.3477, 1.0461 -0.0019 1.3477, 1.0023 -0.0884 1.4342, 0.9911 -0.1743 1.4342, 0.9726 -0.2588 1.4342, 0.947 -0.3415 1.4342, 0.9143 -0.4216 1.4342, 0.8748 -0.4987 1.4342, 0.8289 -0.572 1.4342, 0.7768 -0.6412 1.4342, 0.719 -0.7056 1.4342, 0.6558 -0.7648 1.4342, 0.5878 -0.8183 1.4342, 0.5154 -0.8659 1.4342, 0.4393 -0.907 1.4342, 0.3598 -0.9414 1.4342, 0.2778 -0.9688 1.4342, 0.1936 -0.9891 1.4342, 0.108 -1.0021 1.4342, 0.0216 -1.0077 1.4342, -0.0649 -1.0058 1.4342, -0.151 -0.9965 1.4342, -0.2359 -0.9799 1.4342, -0.3191 -0.956 1.4342, -0.3999 -0.925 1.4342, -0.4778 -0.8872 1.4342, -0.5521 -0.8429 1.4342, -0.6224 -0.7923 1.4342, -0.688 -0.7359 1.4342, -0.7486 -0.674 1.4342, -0.8036 -0.6072 1.4342, -0.8526 -0.5359 1.4342, -0.8954 -0.4606 1.4342, -0.9315 -0.3819 1.4342, -0.9607 -0.3004 1.4342, -0.9828 -0.2167 1.4342, -0.9976 -0.1315 1.4342, -1.0051 -0.0452 1.4342, -1.0051 0.0413 1.4342, -0.9976 0.1276 1.4342, -0.9828 0.2129 1.4342, -0.9607 0.2965 1.4342, -0.9315 0.378 1.4342, -0.8954 0.4567 1.4342, -0.8526 0.532 1.4342, -0.8036 0.6033 1.4342, -0.7486 0.6701 1.4342, -0.688 0.732 1.4342, -0.6224 0.7884 1.4342, -0.5521 0.839 1.4342, -0.4778 0.8833 1.4342, -0.3999 0.9211 1.4342, -0.3191 0.9521 1.4342, -0.2359 0.976 1.4342, -0.151 0.9927 1.4342, -0.0649 1.0019 1.4342, 0.0216 1.0038 1.4342, 0.108 0.9982 1.4342, 0.1936 0.9852 1.4342, 0.2778 0.9649 1.4342, 0.3598 0.9375 1.4342, 0.4393 0.9031 1.4342, 0.5154 0.862 1.4342, 0.5878 0.8145 1.4342, 0.6558 0.7609 1.4342, 0.719 0.7017 1.4342, 0.7768 0.6373 1.4342, 0.8289 0.5682 1.4342, 0.8748 0.4948 1.4342, 0.9143 0.4177 1.4342, 0.947 0.3376 1.4342, 0.9726 0.2549 1.4342, 0.9911 0.1704 1.4342, 1.0023 0.0845 1.4342, 1.006 -0.0019 1.4342, 0.9552 -0.0844 1.5169, 0.9446 -0.1662 1.5169, 0.927 -0.2468 1.5169, 0.9025 -0.3256 1.5169, 0.8714 -0.4019 1.5169, 0.8338 -0.4754 1.5169, 0.79 -0.5453 1.5169, 0.7403 -0.6112 1.5169, 0.6852 -0.6726 1.5169, 0.625 -0.729 1.5169, 0.5602 -0.78 1.5169, 0.4913 -0.8253 1.5169, 0.4187 -0.8645 1.5169, 0.343 -0.8973 1.5169, 0.2647 -0.9235 1.5169, 0.1845 -0.9428 1.5169, 0.103 -0.9552 1.5169, 0.0206 -0.9605 1.5169, -0.0618 -0.9587 1.5169, -0.1439 -0.9499 1.5169, -0.2248 -0.934 1.5169, -0.3041 -0.9112 1.5169, -0.3812 -0.8817 1.5169, -0.4554 -0.8457 1.5169, -0.5262 -0.8034 1.5169, -0.5932 -0.7552 1.5169, -0.6557 -0.7014 1.5169, -0.7134 -0.6425 1.5169, -0.7659 -0.5788 1.5169, -0.8126 -0.5108 1.5169, -0.8533 -0.4391 1.5169, -0.8878 -0.3641 1.5169, -0.9156 -0.2864 1.5169, -0.9367 -0.2067 1.5169, -0.9508 -0.1254 1.5169, -0.9579 -0.0432 1.5169, -0.9579 0.0393 1.5169, -0.9508 0.1215 1.5169, -0.9367 0.2028 1.5169, -0.9156 0.2825 1.5169, -0.8878 0.3602 1.5169, -0.8533 0.4352 1.5169, -0.8126 0.5069 1.5169, -0.7659 0.5749 1.5169, -0.7134 0.6386 1.5169, -0.6557 0.6975 1.5169, -0.5932 0.7513 1.5169, -0.5262 0.7995 1.5169, -0.4554 0.8418 1.5169, -0.3812 0.8778 1.5169, -0.3041 0.9073 1.5169, -0.2248 0.9301 1.5169, -0.1439 0.946 1.5169, -0.0618 0.9548 1.5169, 0.0206 0.9566 1.5169, 0.103 0.9513 1.5169, 0.1845 0.9389 1.5169, 0.2647 0.9196 1.5169, 0.343 0.8934 1.5169, 0.4187 0.8606 1.5169, 0.4913 0.8214 1.5169, 0.5602 0.7762 1.5169, 0.625 0.7251 1.5169, 0.6852 0.6687 1.5169, 0.7403 0.6073 1.5169, 0.79 0.5414 1.5169, 0.8338 0.4715 1.5169, 0.8714 0.3981 1.5169, 0.9025 0.3217 1.5169, 0.927 0.2429 1.5169, 0.9446 0.1623 1.5169, 0.9552 0.0805 1.5169, 0.9588 -0.0019 1.5169, 0.9014 -0.0797 1.5954, 0.8914 -0.1569 1.5954, 0.8748 -0.233 1.5954, 0.8517 -0.3073 1.5954, 0.8223 -0.3794 1.5954, 0.7868 -0.4487 1.5954, 0.7455 -0.5147 1.5954, 0.6986 -0.5769 1.5954, 0.6466 -0.6348 1.5954, 0.5898 -0.6881 1.5954, 0.5287 -0.7362 1.5954, 0.4636 -0.779 1.5954, 0.3951 -0.8159 1.5954, 0.3236 -0.8469 1.5954, 0.2498 -0.8716 1.5954, 0.1741 -0.8898 1.5954, 0.0972 -0.9015 1.5954, 0.0195 -0.9065 1.5954, -0.0584 -0.9049 1.5954, -0.1358 -0.8965 1.5954, -0.2122 -0.8815 1.5954, -0.287 -0.86 1.5954, -0.3597 -0.8322 1.5954, -0.4297 -0.7982 1.5954, -0.4966 -0.7583 1.5954, -0.5598 -0.7128 1.5954, -0.6188 -0.662 1.5954, -0.6733 -0.6064 1.5954, -0.7227 -0.5463 1.5954, -0.7669 -0.4821 1.5954, -0.8053 -0.4144 1.5954, -0.8378 -0.3437 1.5954, -0.8641 -0.2704 1.5954, -0.8839 -0.1951 1.5954, -0.8973 -0.1184 1.5954, -0.904 -0.0409 1.5954, -0.904 0.037 1.5954, -0.8973 0.1145 1.5954, -0.8839 0.1912 1.5954, -0.8641 0.2665 1.5954, -0.8378 0.3398 1.5954, -0.8053 0.4106 1.5954, -0.7669 0.4783 1.5954, -0.7227 0.5424 1.5954, -0.6733 0.6025 1.5954, -0.6188 0.6582 1.5954, -0.5598 0.7089 1.5954, -0.4966 0.7544 1.5954, -0.4297 0.7943 1.5954, -0.3597 0.8283 1.5954, -0.287 0.8561 1.5954, -0.2122 0.8776 1.5954, -0.1358 0.8926 1.5954, -0.0584 0.901 1.5954, 0.0195 0.9026 1.5954, 0.0972 0.8976 1.5954, 0.1741 0.8859 1.5954, 0.2498 0.8677 1.5954, 0.3236 0.843 1.5954, 0.3951 0.812 1.5954, 0.4636 0.7751 1.5954, 0.5287 0.7323 1.5954, 0.5898 0.6842 1.5954, 0.6466 0.6309 1.5954, 0.6986 0.573 1.5954, 0.7455 0.5108 1.5954, 0.7868 0.4448 1.5954, 0.8223 0.3755 1.5954, 0.8517 0.3034 1.5954, 0.8748 0.2291 1.5954, 0.8914 0.153 1.5954, 0.9014 0.0758 1.5954, 0.9048 -0.0019 1.5954, 0.8413 -0.0745 1.6691, 0.8319 -0.1466 1.6691, 0.8164 -0.2176 1.6691, 0.7948 -0.2869 1.6691, 0.7674 -0.3542 1.6691, 0.7343 -0.4189 1.6691, 0.6957 -0.4805 1.6691, 0.652 -0.5385 1.6691, 0.6035 -0.5926 1.6691, 0.5505 -0.6423 1.6691, 0.4934 -0.6872 1.6691, 0.4326 -0.7271 1.6691, 0.3687 -0.7616 1.6691, 0.302 -0.7905 1.6691, 0.2331 -0.8135 1.6691, 0.1625 -0.8306 1.6691, 0.0907 -0.8415 1.6691, 0.0182 -0.8461 1.6691, -0.0545 -0.8446 1.6691, -0.1267 -0.8368 1.6691, -0.198 -0.8228 1.6691, -0.2678 -0.8027 1.6691, -0.3357 -0.7767 1.6691, -0.401 -0.745 1.6691, -0.4634 -0.7078 1.6691, -0.5224 -0.6653 1.6691, -0.5775 -0.618 1.6691, -0.6283 -0.5661 1.6691, -0.6745 -0.51 1.6691, -0.7157 -0.4501 1.6691, -0.7515 -0.3869 1.6691, -0.7818 -0.3209 1.6691, -0.8064 -0.2525 1.6691, -0.8249 -0.1822 1.6691, -0.8374 -0.1107 1.6691, -0.8436 -0.0383 1.6691, -0.8436 0.0344 1.6691, -0.8374 0.1068 1.6691, -0.8249 0.1784 1.6691, -0.8064 0.2486 1.6691, -0.7818 0.317 1.6691, -0.7515 0.383 1.6691, -0.7157 0.4462 1.6691, -0.6745 0.5061 1.6691, -0.6283 0.5622 1.6691, -0.5775 0.6141 1.6691, -0.5224 0.6615 1.6691, -0.4634 0.7039 1.6691, -0.401 0.7411 1.6691, -0.3357 0.7729 1.6691, -0.2678 0.7988 1.6691, -0.198 0.8189 1.6691, -0.1267 0.8329 1.6691, -0.0545 0.8407 1.6691, 0.0182 0.8423 1.6691, 0.0907 0.8376 1.6691, 0.1625 0.8267 1.6691, 0.2331 0.8096 1.6691, 0.302 0.7866 1.6691, 0.3687 0.7577 1.6691, 0.4326 0.7232 1.6691, 0.4934 0.6833 1.6691, 0.5505 0.6384 1.6691, 0.6035 0.5887 1.6691, 0.652 0.5346 1.6691, 0.6957 0.4766 1.6691, 0.7343 0.415 1.6691, 0.7674 0.3503 1.6691, 0.7948 0.2831 1.6691, 0.8164 0.2137 1.6691, 0.8319 0.1427 1.6691, 0.8413 0.0706 1.6691, 0.8444 -0.0019 1.6691, 0.7751 -0.0688 1.7375, 0.7665 -0.1352 1.7375, 0.7522 -0.2006 1.7375, 0.7324 -0.2645 1.7375, 0.7071 -0.3265 1.7375, 0.6765 -0.3861 1.7375, 0.641 -0.4428 1.7375, 0.6007 -0.4963 1.7375, 0.556 -0.5461 1.7375, 0.5072 -0.5919 1.7375, 0.4546 -0.6333 1.7375, 0.3986 -0.6701 1.7375, 0.3397 -0.7019 1.7375, 0.2783 -0.7285 1.7375, 0.2148 -0.7497 1.7375, 0.1497 -0.7654 1.7375, 0.0835 -0.7755 1.7375, 0.0167 -0.7798 1.7375, -0.0502 -0.7783 1.7375, -0.1167 -0.7711 1.7375, -0.1824 -0.7583 1.7375, -0.2468 -0.7398 1.7375, -0.3093 -0.7158 1.7375, -0.3695 -0.6866 1.7375, -0.427 -0.6523 1.7375, -0.4813 -0.6132 1.7375, -0.5321 -0.5695 1.7375, -0.5789 -0.5217 1.7375, -0.6215 -0.47 1.7375, -0.6594 -0.4149 1.7375, -0.6924 -0.3566 1.7375, -0.7204 -0.2958 1.7375, -0.743 -0.2328 1.7375, -0.7601 -0.1681 1.7375, -0.7715 -0.1021 1.7375, -0.7773 -0.0354 1.7375, -0.7773 0.0315 1.7375, -0.7715 0.0982 1.7375, -0.7601 0.1642 1.7375, -0.743 0.2289 1.7375, -0.7204 0.2919 1.7375, -0.6924 0.3528 1.7375, -0.6594 0.411 1.7375, -0.6215 0.4661 1.7375, -0.5789 0.5178 1.7375, -0.5321 0.5657 1.7375, -0.4813 0.6093 1.7375, -0.427 0.6484 1.7375, -0.3695 0.6827 1.7375, -0.3093 0.7119 1.7375, -0.2468 0.7359 1.7375, -0.1824 0.7544 1.7375, -0.1167 0.7673 1.7375, -0.0502 0.7744 1.7375, 0.0167 0.7759 1.7375, 0.0835 0.7716 1.7375, 0.1497 0.7615 1.7375, 0.2148 0.7458 1.7375, 0.2783 0.7246 1.7375, 0.3397 0.698 1.7375, 0.3986 0.6662 1.7375, 0.4546 0.6294 1.7375, 0.5072 0.588 1.7375, 0.556 0.5422 1.7375, 0.6007 0.4924 1.7375, 0.641 0.439 1.7375, 0.6765 0.3822 1.7375, 0.7071 0.3226 1.7375, 0.7324 0.2606 1.7375, 0.7522 0.1967 1.7375, 0.7665 0.1313 1.7375, 0.7751 0.0649 1.7375, 0.778 -0.0019 1.7375, 0.7035 -0.0626 1.8, 0.6957 -0.1229 1.8, 0.6827 -0.1823 1.8, 0.6647 -0.2403 1.8, 0.6417 -0.2965 1.8, 0.614 -0.3506 1.8, 0.5818 -0.4021 1.8, 0.5452 -0.4506 1.8, 0.5046 -0.4958 1.8, 0.4603 -0.5374 1.8, 0.4126 -0.575 1.8, 0.3618 -0.6083 1.8, 0.3083 -0.6372 1.8, 0.2526 -0.6613 1.8, 0.195 -0.6806 1.8, 0.1359 -0.6949 1.8, 0.0758 -0.704 1.8, 0.0152 -0.7079 1.8, -0.0456 -0.7066 1.8, -0.106 -0.7001 1.8, -0.1656 -0.6884 1.8, -0.224 -0.6716 1.8, -0.2807 -0.6499 1.8, -0.3354 -0.6233 1.8, -0.3875 -0.5922 1.8, -0.4368 -0.5567 1.8, -0.4829 -0.5171 1.8, -0.5254 -0.4737 1.8, -0.564 -0.4268 1.8, -0.5985 -0.3767 1.8, -0.6285 -0.3239 1.8, -0.6538 -0.2686 1.8, -0.6743 -0.2115 1.8, -0.6898 -0.1527 1.8, -0.7002 -0.0929 1.8, -0.7055 -0.0323 1.8, -0.7055 0.0284 1.8, -0.7002 0.089 1.8, -0.6898 0.1488 1.8, -0.6743 0.2076 1.8, -0.6538 0.2648 1.8, -0.6285 0.32 1.8, -0.5985 0.3728 1.8, -0.564 0.4229 1.8, -0.5254 0.4698 1.8, -0.4829 0.5132 1.8, -0.4368 0.5528 1.8, -0.3875 0.5883 1.8, -0.3354 0.6194 1.8, -0.2807 0.646 1.8, -0.224 0.6677 1.8, -0.1656 0.6845 1.8, -0.106 0.6962 1.8, -0.0456 0.7027 1.8, 0.0152 0.704 1.8, 0.0758 0.7001 1.8, 0.1359 0.691 1.8, 0.195 0.6767 1.8, 0.2526 0.6574 1.8, 0.3083 0.6333 1.8, 0.3618 0.6044 1.8, 0.4126 0.5711 1.8, 0.4603 0.5335 1.8, 0.5046 0.4919 1.8, 0.5452 0.4467 1.8, 0.5818 0.3982 1.8, 0.614 0.3467 1.8, 0.6417 0.2926 1.8, 0.6647 0.2364 1.8, 0.6827 0.1784 1.8, 0.6957 0.119 1.8, 0.7035 0.0588 1.8, 0.7061 -0.0019 1.8, 0.6269 -0.056 1.8562, 0.6199 -0.1097 1.8562, 0.6083 -0.1626 1.8562, 0.5923 -0.2143 1.8562, 0.5718 -0.2644 1.8562, 0.5471 -0.3126 1.8562, 0.5184 -0.3585 1.8562, 0.4858 -0.4018 1.8562, 0.4497 -0.442 1.8562, 0.4102 -0.4791 1.8562, 0.3676 -0.5126 1.8562, 0.3224 -0.5423 1.8562, 0.2747 -0.568 1.8562, 0.2251 -0.5895 1.8562, 0.1737 -0.6067 1.8562, 0.1211 -0.6194 1.8562, 0.0676 -0.6275 1.8562, 0.0135 -0.631 1.8562, -0.0406 -0.6298 1.8562, -0.0944 -0.624 1.8562, -0.1475 -0.6136 1.8562, -0.1996 -0.5987 1.8562, -0.2501 -0.5793 1.8562, -0.2988 -0.5557 1.8562, -0.3453 -0.5279 1.8562, -0.3893 -0.4963 1.8562, -0.4303 -0.461 1.8562, -0.4682 -0.4223 1.8562, -0.5026 -0.3805 1.8562, -0.5333 -0.3359 1.8562, -0.56 -0.2888 1.8562, -0.5826 -0.2396 1.8562, -0.6009 -0.1886 1.8562, -0.6147 -0.1363 1.8562, -0.624 -0.083 1.8562, -0.6286 -0.029 1.8562, -0.6286 0.0251 1.8562, -0.624 0.0791 1.8562, -0.6147 0.1324 1.8562, -0.6009 0.1847 1.8562, -0.5826 0.2357 1.8562, -0.56 0.2849 1.8562, -0.5333 0.332 1.8562, -0.5026 0.3766 1.8562, -0.4682 0.4184 1.8562, -0.4303 0.4571 1.8562, -0.3893 0.4924 1.8562, -0.3453 0.524 1.8562, -0.2988 0.5518 1.8562, -0.2501 0.5754 1.8562, -0.1996 0.5948 1.8562, -0.1475 0.6097 1.8562, -0.0944 0.6201 1.8562, -0.0406 0.6259 1.8562, 0.0135 0.6271 1.8562, 0.0676 0.6236 1.8562, 0.1211 0.6155 1.8562, 0.1737 0.6028 1.8562, 0.2251 0.5856 1.8562, 0.2747 0.5641 1.8562, 0.3224 0.5384 1.8562, 0.3676 0.5087 1.8562, 0.4102 0.4752 1.8562, 0.4497 0.4382 1.8562, 0.4858 0.3979 1.8562, 0.5184 0.3546 1.8562, 0.5471 0.3087 1.8562, 0.5718 0.2606 1.8562, 0.5923 0.2104 1.8562, 0.6083 0.1587 1.8562, 0.6199 0.1058 1.8562, 0.6269 0.0521 1.8562, 0.6292 -0.0019 1.8562, 0.5458 -0.049 1.9058, 0.5397 -0.0958 1.9058, 0.5297 -0.1418 1.9058, 0.5157 -0.1869 1.9058, 0.4979 -0.2305 1.9058, 0.4764 -0.2725 1.9058, 0.4514 -0.3124 1.9058, 0.423 -0.3501 1.9058, 0.3915 -0.3851 1.9058, 0.3571 -0.4174 1.9058, 0.3201 -0.4465 1.9058, 0.2807 -0.4724 1.9058, 0.2392 -0.4948 1.9058, 0.196 -0.5135 1.9058, 0.1513 -0.5285 1.9058, 0.1054 -0.5395 1.9058, 0.0588 -0.5466 1.9058, 0.0118 -0.5497 1.9058, -0.0353 -0.5486 1.9058, -0.0822 -0.5436 1.9058, -0.1285 -0.5345 1.9058, -0.1738 -0.5215 1.9058, -0.2178 -0.5046 1.9058, -0.2602 -0.4841 1.9058, -0.3007 -0.4599 1.9058, -0.3389 -0.4324 1.9058, -0.3747 -0.4016 1.9058, -0.4076 -0.3679 1.9058, -0.4376 -0.3315 1.9058, -0.4643 -0.2927 1.9058, -0.4876 -0.2517 1.9058, -0.5073 -0.2089 1.9058, -0.5232 -0.1645 1.9058, -0.5352 -0.1189 1.9058, -0.5433 -0.0725 1.9058, -0.5473 -0.0255 1.9058, -0.5473 0.0216 1.9058, -0.5433 0.0686 1.9058, -0.5352 0.115 1.9058, -0.5232 0.1606 1.9058, -0.5073 0.205 1.9058, -0.4876 0.2478 1.9058, -0.4643 0.2888 1.9058, -0.4376 0.3276 1.9058, -0.4076 0.364 1.9058, -0.3747 0.3977 1.9058, -0.3389 0.4285 1.9058, -0.3007 0.456 1.9058, -0.2602 0.4802 1.9058, -0.2178 0.5007 1.9058, -0.1738 0.5176 1.9058, -0.1285 0.5306 1.9058, -0.0822 0.5397 1.9058, -0.0353 0.5448 1.9058, 0.0118 0.5458 1.9058, 0.0588 0.5427 1.9058, 0.1054 0.5357 1.9058, 0.1513 0.5246 1.9058, 0.196 0.5096 1.9058, 0.2392 0.4909 1.9058, 0.2807 0.4685 1.9058, 0.3201 0.4426 1.9058, 0.3571 0.4135 1.9058, 0.3915 0.3812 1.9058, 0.423 0.3462 1.9058, 0.4514 0.3085 1.9058, 0.4764 0.2686 1.9058, 0.4979 0.2266 1.9058, 0.5157 0.183 1.9058, 0.5297 0.1379 1.9058, 0.5397 0.0919 1.9058, 0.5458 0.0451 1.9058, 0.5478 -0.0019 1.9058, 0.4609 -0.0417 1.9484, 0.4558 -0.0812 1.9484, 0.4473 -0.1201 1.9484, 0.4354 -0.1581 1.9484, 0.4204 -0.1949 1.9484, 0.4023 -0.2304 1.9484, 0.3811 -0.2641 1.9484, 0.3572 -0.2959 1.9484, 0.3306 -0.3255 1.9484, 0.3016 -0.3527 1.9484, 0.2703 -0.3774 1.9484, 0.237 -0.3992 1.9484, 0.202 -0.4181 1.9484, 0.1655 -0.4339 1.9484, 0.1277 -0.4466 1.9484, 0.089 -0.4559 1.9484, 0.0497 -0.4619 1.9484, 0.01 -0.4644 1.9484, -0.0298 -0.4636 1.9484, -0.0694 -0.4593 1.9484, -0.1085 -0.4516 1.9484, -0.1467 -0.4407 1.9484, -0.1839 -0.4264 1.9484, -0.2197 -0.409 1.9484, -0.2539 -0.3886 1.9484, -0.2862 -0.3654 1.9484, -0.3164 -0.3394 1.9484, -0.3442 -0.311 1.9484, -0.3695 -0.2803 1.9484, -0.3921 -0.2475 1.9484, -0.4117 -0.2128 1.9484, -0.4283 -0.1767 1.9484, -0.4418 -0.1392 1.9484, -0.4519 -0.1007 1.9484, -0.4587 -0.0615 1.9484, -0.4622 -0.0218 1.9484, -0.4622 0.018 1.9484, -0.4587 0.0576 1.9484, -0.4519 0.0968 1.9484, -0.4418 0.1353 1.9484, -0.4283 0.1728 1.9484, -0.4117 0.209 1.9484, -0.3921 0.2436 1.9484, -0.3695 0.2764 1.9484, -0.3442 0.3071 1.9484, -0.3164 0.3355 1.9484, -0.2862 0.3615 1.9484, -0.2539 0.3847 1.9484, -0.2197 0.4051 1.9484, -0.1839 0.4225 1.9484, -0.1467 0.4368 1.9484, -0.1085 0.4478 1.9484, -0.0694 0.4554 1.9484, -0.0298 0.4597 1.9484, 0.01 0.4605 1.9484, 0.0497 0.458 1.9484, 0.089 0.452 1.9484, 0.1277 0.4427 1.9484, 0.1655 0.43 1.9484, 0.202 0.4142 1.9484, 0.237 0.3953 1.9484, 0.2703 0.3735 1.9484, 0.3016 0.3488 1.9484, 0.3306 0.3216 1.9484, 0.3572 0.292 1.9484, 0.3811 0.2602 1.9484, 0.4023 0.2265 1.9484, 0.4204 0.191 1.9484, 0.4354 0.1542 1.9484, 0.4473 0.1162 1.9484, 0.4558 0.0773 1.9484, 0.4609 0.0378 1.9484, 0.4626 -0.0019 1.9484, 0.3727 -0.0341 1.9836, 0.3685 -0.066 1.9836, 0.3617 -0.0975 1.9836, 0.3521 -0.1282 1.9836, 0.34 -0.158 1.9836, 0.3253 -0.1867 1.9836, 0.3082 -0.2139 1.9836, 0.2888 -0.2396 1.9836, 0.2673 -0.2636 1.9836, 0.2439 -0.2856 1.9836, 0.2186 -0.3055 1.9836, 0.1917 -0.3232 1.9836, 0.1633 -0.3385 1.9836, 0.1338 -0.3513 1.9836, 0.1033 -0.3615 1.9836, 0.072 -0.369 1.9836, 0.0402 -0.3739 1.9836, 0.008 -0.3759 1.9836, -0.0241 -0.3752 1.9836, -0.0561 -0.3718 1.9836, -0.0877 -0.3656 1.9836, -0.1187 -0.3567 1.9836, -0.1487 -0.3452 1.9836, -0.1777 -0.3311 1.9836, -0.2053 -0.3146 1.9836, -0.2314 -0.2958 1.9836, -0.2558 -0.2749 1.9836, -0.2783 -0.2518 1.9836, -0.2988 -0.227 1.9836, -0.317 -0.2005 1.9836, -0.3329 -0.1725 1.9836, -0.3464 -0.1432 1.9836, -0.3572 -0.1129 1.9836, -0.3654 -0.0818 1.9836, -0.371 -0.0501 1.9836, -0.3737 -0.018 1.9836, -0.3737 0.0141 1.9836, -0.371 0.0462 1.9836, -0.3654 0.0779 1.9836, -0.3572 0.109 1.9836, -0.3464 0.1393 1.9836, -0.3329 0.1686 1.9836, -0.317 0.1966 1.9836, -0.2988 0.2231 1.9836, -0.2783 0.248 1.9836, -0.2558 0.271 1.9836, -0.2314 0.2919 1.9836, -0.2053 0.3108 1.9836, -0.1777 0.3272 1.9836, -0.1487 0.3413 1.9836, -0.1187 0.3528 1.9836, -0.0877 0.3617 1.9836, -0.0561 0.3679 1.9836, -0.0241 0.3713 1.9836, 0.008 0.372 1.9836, 0.0402 0.37 1.9836, 0.072 0.3651 1.9836, 0.1033 0.3576 1.9836, 0.1338 0.3474 1.9836, 0.1633 0.3346 1.9836, 0.1917 0.3193 1.9836, 0.2186 0.3016 1.9836, 0.2439 0.2817 1.9836, 0.2673 0.2597 1.9836, 0.2888 0.2358 1.9836, 0.3082 0.21 1.9836, 0.3253 0.1828 1.9836, 0.34 0.1541 1.9836, 0.3521 0.1243 1.9836, 0.3617 0.0936 1.9836, 0.3685 0.0621 1.9836, 0.3727 0.0302 1.9836, 0.3741 -0.0019 1.9836, 0.2819 -0.0263 2.0113, 0.2787 -0.0504 2.0113, 0.2735 -0.0742 2.0113, 0.2663 -0.0974 2.0113, 0.2571 -0.12 2.0113, 0.246 -0.1416 2.0113, 0.2331 -0.1623 2.0113, 0.2184 -0.1817 2.0113, 0.2022 -0.1998 2.0113, 0.1844 -0.2165 2.0113, 0.1653 -0.2315 2.0113, 0.1449 -0.2449 2.0113, 0.1235 -0.2564 2.0113, 0.1012 -0.2661 2.0113, 0.0781 -0.2738 2.0113, 0.0544 -0.2796 2.0113, 0.0304 -0.2832 2.0113, 0.0061 -0.2848 2.0113, -0.0182 -0.2843 2.0113, -0.0425 -0.2816 2.0113, -0.0663 -0.277 2.0113, -0.0897 -0.2702 2.0113, -0.1125 -0.2615 2.0113, -0.1344 -0.2509 2.0113, -0.1553 -0.2384 2.0113, -0.175 -0.2242 2.0113, -0.1935 -0.2083 2.0113, -0.2105 -0.1909 2.0113, -0.226 -0.1721 2.0113, -0.2398 -0.1521 2.0113, -0.2518 -0.1309 2.0113, -0.2619 -0.1088 2.0113, -0.2702 -0.0859 2.0113, -0.2764 -0.0624 2.0113, -0.2805 -0.0384 2.0113, -0.2826 -0.0141 2.0113, -0.2826 0.0102 2.0113, -0.2805 0.0345 2.0113, -0.2764 0.0585 2.0113, -0.2702 0.082 2.0113, -0.2619 0.1049 2.0113, -0.2518 0.127 2.0113, -0.2398 0.1482 2.0113, -0.226 0.1683 2.0113, -0.2105 0.187 2.0113, -0.1935 0.2044 2.0113, -0.175 0.2203 2.0113, -0.1553 0.2345 2.0113, -0.1344 0.247 2.0113, -0.1125 0.2576 2.0113, -0.0897 0.2663 2.0113, -0.0663 0.2731 2.0113, -0.0425 0.2777 2.0113, -0.0182 0.2804 2.0113, 0.0061 0.2809 2.0113, 0.0304 0.2793 2.0113, 0.0544 0.2757 2.0113, 0.0781 0.27 2.0113, 0.1012 0.2622 2.0113, 0.1235 0.2526 2.0113, 0.1449 0.241 2.0113, 0.1653 0.2276 2.0113, 0.1844 0.2126 2.0113, 0.2022 0.1959 2.0113, 0.2184 0.1778 2.0113, 0.2331 0.1584 2.0113, 0.246 0.1377 2.0113, 0.2571 0.1161 2.0113, 0.2663 0.0935 2.0113, 0.2735 0.0703 2.0113, 0.2787 0.0465 2.0113, 0.2819 0.0224 2.0113, 0.2829 -0.0019 2.0113, 0.189 -0.0183 2.0312, 0.1869 -0.0344 2.0312, 0.1834 -0.0504 2.0312, 0.1786 -0.066 2.0312, 0.1724 -0.0811 2.0312, 0.165 -0.0956 2.0312, 0.1563 -0.1095 2.0312, 0.1465 -0.1225 2.0312, 0.1356 -0.1346 2.0312, 0.1237 -0.1458 2.0312, 0.1109 -0.1559 2.0312, 0.0972 -0.1649 2.0312, 0.0828 -0.1726 2.0312, 0.0679 -0.1791 2.0312, 0.0524 -0.1843 2.0312, 0.0365 -0.1881 2.0312, 0.0204 -0.1906 2.0312, 0.0041 -0.1916 2.0312, -0.0122 -0.1913 2.0312, -0.0285 -0.1895 2.0312, -0.0445 -0.1864 2.0312, -0.0602 -0.1819 2.0312, -0.0754 -0.176 2.0312, -0.0901 -0.1689 2.0312, -0.1041 -0.1605 2.0312, -0.1174 -0.151 2.0312, -0.1298 -0.1404 2.0312, -0.1412 -0.1287 2.0312, -0.1515 -0.1161 2.0312, -0.1608 -0.1026 2.0312, -0.1689 -0.0884 2.0312, -0.1757 -0.0736 2.0312, -0.1812 -0.0582 2.0312, -0.1853 -0.0425 2.0312, -0.1881 -0.0264 2.0312, -0.1895 -0.0101 2.0312, -0.1895 0.0062 2.0312, -0.1881 0.0225 2.0312, -0.1853 0.0386 2.0312, -0.1812 0.0543 2.0312, -0.1757 0.0697 2.0312, -0.1689 0.0845 2.0312, -0.1608 0.0987 2.0312, -0.1515 0.1122 2.0312, -0.1412 0.1248 2.0312, -0.1298 0.1365 2.0312, -0.1174 0.1471 2.0312, -0.1041 0.1566 2.0312, -0.0901 0.165 2.0312, -0.0754 0.1721 2.0312, -0.0602 0.178 2.0312, -0.0445 0.1825 2.0312, -0.0285 0.1856 2.0312, -0.0122 0.1874 2.0312, 0.0041 0.1877 2.0312, 0.0204 0.1867 2.0312, 0.0365 0.1842 2.0312, 0.0524 0.1804 2.0312, 0.0679 0.1752 2.0312, 0.0828 0.1687 2.0312, 0.0972 0.161 2.0312, 0.1109 0.152 2.0312, 0.1237 0.1419 2.0312, 0.1356 0.1308 2.0312, 0.1465 0.1186 2.0312, 0.1563 0.1056 2.0312, 0.165 0.0917 2.0312, 0.1724 0.0772 2.0312, 0.1786 0.0621 2.0312, 0.1834 0.0465 2.0312, 0.1869 0.0306 2.0312, 0.189 0.0144 2.0312, 0.1897 -0.0019 2.0312
            ]
        }
        coordIndex [
            0,1,2,-1,2,1,3,-1,2,3,4,-1,4,5,2,-1,2,5,6,-1,2,6,7,-1,7,8,2,-1,2,8,9,-1,2,9,10,-1,10,11,2,-1,2,11,12,-1,2,12,13,-1,13,14,2,-1,2,14,15,-1,2,15,16,-1,16,17,2,-1,2,17,18,-1,2,18,19,-1,19,20,2,-1,2,20,21,-1,2,21,22,-1,22,23,2,-1,2,23,24,-1,2,24,25,-1,25,26,2,-1,2,26,27,-1,2,27,28,-1,28,29,2,-1,2,29,30,-1,2,30,31,-1,32,33,34,-1,31,35,2,-1,2,35,36,-1,2,36,34,-1,34,36,37,-1,34,37,32,-1,33,38,34,-1,34,38,39,-1,34,39,40,-1,40,41,34,-1,34,41,42,-1,34,42,43,-1,43,44,34,-1,34,44,45,-1,34,45,46,-1,46,47,34,-1,34,47,48,-1,34,48,49,-1,49,50,34,-1,34,50,51,-1,34,51,52,-1,52,53,34,-1,34,53,54,-1,34,54,2,-1,55,56,57,-1,58,59,57,-1,57,59,60,-1,57,60,55,-1,61,62,57,-1,57,62,63,-1,57,63,58,-1,64,65,57,-1,57,65,66,-1,57,66,61,-1,67,68,57,-1,57,68,69,-1,57,69,64,-1,70,71,57,-1,57,71,72,-1,57,72,67,-1,73,74,57,-1,57,74,75,-1,57,75,70,-1,76,77,57,-1,57,77,78,-1,57,78,73,-1,79,80,57,-1,57,80,81,-1,57,81,76,-1,82,83,57,-1,57,83,84,-1,57,84,79,-1,85,86,57,-1,57,86,87,-1,57,87,82,-1,88,89,57,-1,57,89,90,-1,57,90,85,-1,91,92,57,-1,57,92,93,-1,57,93,88,-1,94,95,57,-1,57,95,96,-1,57,96,91,-1,97,98,57,-1,57,98,99,-1,57,99,94,-1,100,101,57,-1,57,101,102,-1,57,102,97,-1,103,104,57,-1,57,104,105,-1,57,105,100,-1,106,107,57,-1,57,107,108,-1,57,108,103,-1,109,110,57,-1,57,110,111,-1,57,111,106,-1,112,113,57,-1,57,113,114,-1,57,114,109,-1,115,116,57,-1,57,116,117,-1,57,117,112,-1,118,119,57,-1,57,119,120,-1,57,120,115,-1,121,122,57,-1,57,122,123,-1,57,123,118,-1,124,125,57,-1,57,125,126,-1,57,126,121,-1,56,127,57,-1,57,127,128,-1,57,128,124,-1,129,130,131,-1,129,131,132,-1,133,132,131,-1,134,133,131,-1,135,134,131,-1,136,135,131,-1,137,136,131,-1,138,137,131,-1,139,138,131,-1,140,139,131,-1,141,140,131,-1,142,141,131,-1,143,142,131,-1,144,143,131,-1,145,144,131,-1,146,145,131,-1,147,146,131,-1,148,147,131,-1,149,148,131,-1,150,149,131,-1,151,150,131,-1,152,151,131,-1,153,152,131,-1,154,153,131,-1,155,154,131,-1,156,155,131,-1,157,156,131,-1,158,157,131,-1,159,158,131,-1,160,159,131,-1,161,160,131,-1,162,161,131,-1,163,162,131,-1,164,163,131,-1,165,164,131,-1,166,165,131,-1,167,166,131,-1,168,167,131,-1,169,168,131,-1,170,169,131,-1,171,170,131,-1,172,171,131,-1,173,172,131,-1,174,173,131,-1,175,174,131,-1,176,175,131,-1,177,176,131,-1,178,177,131,-1,179,178,131,-1,180,179,131,-1,181,180,131,-1,182,181,131,-1,183,182,131,-1,184,183,131,-1,185,184,131,-1,186,185,131,-1,187,186,131,-1,188,187,131,-1,189,188,131,-1,190,189,131,-1,191,190,131,-1,192,191,131,-1,193,192,131,-1,194,193,131,-1,195,194,131,-1,196,195,131,-1,197,196,131,-1,198,197,131,-1,199,198,131,-1,200,199,131,-1,201,200,131,-1,202,201,131,-1,130,202,131,-1,55,203,56,-1,56,203,204,-1,56,204,127,-1,127,204,205,-1,127,205,128,-1,128,205,206,-1,128,206,124,-1,124,206,207,-1,124,207,125,-1,125,207,208,-1,125,208,126,-1,126,208,209,-1,126,209,121,-1,121,209,210,-1,121,210,122,-1,122,210,211,-1,122,211,123,-1,123,211,212,-1,123,212,118,-1,118,212,213,-1,118,213,119,-1,119,213,214,-1,119,214,120,-1,120,214,215,-1,120,215,115,-1,115,215,216,-1,115,216,116,-1,116,216,217,-1,116,217,117,-1,117,217,218,-1,117,218,112,-1,112,218,219,-1,112,219,113,-1,113,219,220,-1,113,220,114,-1,114,220,221,-1,114,221,109,-1,109,221,222,-1,109,222,110,-1,110,222,223,-1,110,223,111,-1,111,223,224,-1,111,224,106,-1,106,224,225,-1,106,225,107,-1,107,225,226,-1,107,226,108,-1,108,226,227,-1,108,227,103,-1,103,227,228,-1,103,228,104,-1,104,228,229,-1,104,229,105,-1,105,229,230,-1,105,230,100,-1,100,230,231,-1,100,231,101,-1,101,231,232,-1,101,232,102,-1,102,232,233,-1,102,233,97,-1,97,233,234,-1,97,234,98,-1,98,234,235,-1,98,235,99,-1,99,235,236,-1,99,236,94,-1,94,236,237,-1,94,237,95,-1,95,237,238,-1,95,238,96,-1,96,238,239,-1,96,239,91,-1,91,239,240,-1,91,240,92,-1,92,240,241,-1,92,241,93,-1,93,241,242,-1,93,242,88,-1,88,242,243,-1,88,243,89,-1,89,243,244,-1,89,244,90,-1,90,244,245,-1,90,245,85,-1,85,245,246,-1,85,246,86,-1,86,246,247,-1,86,247,87,-1,87,247,248,-1,87,248,82,-1,82,248,249,-1,82,249,83,-1,83,249,250,-1,83,250,84,-1,84,250,251,-1,84,251,79,-1,79,251,252,-1,79,252,80,-1,80,252,253,-1,80,253,81,-1,81,253,254,-1,81,254,76,-1,76,254,255,-1,76,255,77,-1,77,255,256,-1,77,256,78,-1,78,256,257,-1,78,257,73,-1,73,257,258,-1,73,258,74,-1,74,258,259,-1,74,259,75,-1,75,259,260,-1,75,260,70,-1,70,260,261,-1,70,261,71,-1,71,261,262,-1,71,262,72,-1,72,262,263,-1,72,263,67,-1,67,263,264,-1,67,264,68,-1,68,264,265,-1,68,265,69,-1,69,265,266,-1,69,266,64,-1,64,266,267,-1,64,267,65,-1,65,267,268,-1,65,268,66,-1,66,268,269,-1,66,269,61,-1,61,269,270,-1,61,270,62,-1,62,270,271,-1,62,271,63,-1,63,271,272,-1,63,272,58,-1,58,272,273,-1,58,273,59,-1,59,273,274,-1,59,274,60,-1,60,274,275,-1,60,275,55,-1,55,275,203,-1,275,276,203,-1,203,276,277,-1,203,277,204,-1,204,277,278,-1,204,278,205,-1,205,278,279,-1,205,279,206,-1,206,279,280,-1,206,280,207,-1,207,280,281,-1,207,281,208,-1,208,281,282,-1,208,282,209,-1,209,282,283,-1,209,283,210,-1,210,283,284,-1,210,284,211,-1,211,284,285,-1,211,285,212,-1,212,285,286,-1,212,286,213,-1,213,286,287,-1,213,287,214,-1,214,287,288,-1,214,288,215,-1,215,288,289,-1,215,289,216,-1,216,289,290,-1,216,290,217,-1,217,290,291,-1,217,291,218,-1,218,291,292,-1,218,292,219,-1,219,292,293,-1,219,293,220,-1,220,293,294,-1,220,294,221,-1,221,294,295,-1,221,295,222,-1,222,295,296,-1,222,296,223,-1,223,296,297,-1,223,297,224,-1,224,297,298,-1,224,298,225,-1,225,298,299,-1,225,299,226,-1,226,299,300,-1,226,300,227,-1,227,300,301,-1,227,301,228,-1,228,301,302,-1,228,302,229,-1,229,302,303,-1,229,303,230,-1,230,303,304,-1,230,304,231,-1,231,304,305,-1,231,305,232,-1,232,305,306,-1,232,306,233,-1,233,306,307,-1,233,307,234,-1,234,307,308,-1,234,308,235,-1,235,308,309,-1,235,309,236,-1,236,309,310,-1,236,310,237,-1,237,310,311,-1,237,311,238,-1,238,311,312,-1,238,312,239,-1,239,312,313,-1,239,313,240,-1,240,313,314,-1,240,314,241,-1,241,314,315,-1,241,315,242,-1,242,315,316,-1,242,316,243,-1,243,316,317,-1,243,317,244,-1,244,317,318,-1,244,318,245,-1,245,318,319,-1,245,319,246,-1,246,319,320,-1,246,320,247,-1,247,320,321,-1,247,321,248,-1,248,321,322,-1,248,322,249,-1,249,322,323,-1,249,323,250,-1,250,323,324,-1,250,324,251,-1,251,324,325,-1,251,325,252,-1,252,325,326,-1,252,326,253,-1,253,326,327,-1,253,327,254,-1,254,327,328,-1,254,328,255,-1,255,328,329,-1,255,329,256,-1,256,329,330,-1,256,330,257,-1,257,330,331,-1,257,331,258,-1,258,331,332,-1,258,332,259,-1,259,332,333,-1,259,333,260,-1,260,333,334,-1,260,334,261,-1,261,334,335,-1,261,335,262,-1,262,335,336,-1,262,336,263,-1,263,336,337,-1,263,337,264,-1,264,337,338,-1,264,338,265,-1,265,338,339,-1,265,339,266,-1,266,339,340,-1,266,340,267,-1,267,340,341,-1,267,341,268,-1,268,341,342,-1,268,342,269,-1,269,342,343,-1,269,343,270,-1,270,343,344,-1,270,344,271,-1,271,344,345,-1,271,345,272,-1,272,345,346,-1,272,346,273,-1,273,346,347,-1,273,347,274,-1,274,347,348,-1,274,348,275,-1,275,348,276,-1,348,349,276,-1,276,349,350,-1,276,350,277,-1,277,350,351,-1,277,351,278,-1,278,351,352,-1,278,352,279,-1,279,352,353,-1,279,353,280,-1,280,353,354,-1,280,354,281,-1,281,354,355,-1,281,355,282,-1,282,355,356,-1,282,356,283,-1,283,356,357,-1,283,357,284,-1,284,357,358,-1,284,358,285,-1,285,358,359,-1,285,359,286,-1,286,359,360,-1,286,360,287,-1,287,360,361,-1,287,361,288,-1,288,361,362,-1,288,362,289,-1,289,362,363,-1,289,363,290,-1,290,363,364,-1,290,364,291,-1,291,364,365,-1,291,365,292,-1,292,365,366,-1,292,366,293,-1,293,366,367,-1,293,367,294,-1,294,367,368,-1,294,368,295,-1,295,368,369,-1,295,369,296,-1,296,369,370,-1,296,370,297,-1,297,370,371,-1,297,371,298,-1,298,371,372,-1,298,372,299,-1,299,372,373,-1,299,373,300,-1,300,373,374,-1,300,374,301,-1,301,374,375,-1,301,375,302,-1,302,375,376,-1,302,376,303,-1,303,376,377,-1,303,377,304,-1,304,377,378,-1,304,378,305,-1,305,378,379,-1,305,379,306,-1,306,379,380,-1,306,380,307,-1,307,380,381,-1,307,381,308,-1,308,381,382,-1,308,382,309,-1,309,382,383,-1,309,383,310,-1,310,383,384,-1,310,384,311,-1,311,384,385,-1,311,385,312,-1,312,385,386,-1,312,386,313,-1,313,386,387,-1,313,387,314,-1,314,387,388,-1,314,388,315,-1,315,388,389,-1,315,389,316,-1,316,389,390,-1,316,390,317,-1,317,390,391,-1,317,391,318,-1,318,391,392,-1,318,392,319,-1,319,392,393,-1,319,393,320,-1,320,393,394,-1,320,394,321,-1,321,394,395,-1,321,395,322,-1,322,395,396,-1,322,396,323,-1,323,396,397,-1,323,397,324,-1,324,397,398,-1,324,398,325,-1,325,398,399,-1,325,399,326,-1,326,399,400,-1,326,400,327,-1,327,400,401,-1,327,401,328,-1,328,401,402,-1,328,402,329,-1,329,402,403,-1,329,403,330,-1,330,403,404,-1,330,404,331,-1,331,404,405,-1,331,405,332,-1,332,405,406,-1,332,406,333,-1,333,406,407,-1,333,407,334,-1,334,407,408,-1,334,408,335,-1,335,408,409,-1,335,409,336,-1,336,409,410,-1,336,410,337,-1,337,410,411,-1,337,411,338,-1,338,411,412,-1,338,412,339,-1,339,412,413,-1,339,413,340,-1,340,413,414,-1,340,414,341,-1,341,414,415,-1,341,415,342,-1,342,415,416,-1,342,416,343,-1,343,416,417,-1,343,417,344,-1,344,417,418,-1,344,418,345,-1,345,418,419,-1,345,419,346,-1,346,419,420,-1,346,420,347,-1,347,420,421,-1,347,421,348,-1,348,421,349,-1,421,422,349,-1,349,422,423,-1,349,423,350,-1,350,423,424,-1,350,424,351,-1,351,424,425,-1,351,425,352,-1,352,425,426,-1,352,426,353,-1,353,426,427,-1,353,427,354,-1,354,427,428,-1,354,428,355,-1,355,428,429,-1,355,429,356,-1,356,429,430,-1,356,430,357,-1,357,430,431,-1,357,431,358,-1,358,431,432,-1,358,432,359,-1,359,432,433,-1,359,433,360,-1,360,433,434,-1,360,434,361,-1,361,434,435,-1,361,435,362,-1,362,435,436,-1,362,436,363,-1,363,436,437,-1,363,437,364,-1,364,437,438,-1,364,438,365,-1,365,438,439,-1,365,439,366,-1,366,439,440,-1,366,440,367,-1,367,440,441,-1,367,441,368,-1,368,441,442,-1,368,442,369,-1,369,442,443,-1,369,443,370,-1,370,443,444,-1,370,444,371,-1,371,444,445,-1,371,445,372,-1,372,445,446,-1,372,446,373,-1,373,446,447,-1,373,447,374,-1,374,447,448,-1,374,448,375,-1,375,448,449,-1,375,449,376,-1,376,449,450,-1,376,450,377,-1,377,450,451,-1,377,451,378,-1,378,451,452,-1,378,452,379,-1,379,452,453,-1,379,453,380,-1,380,453,454,-1,380,454,381,-1,381,454,455,-1,381,455,382,-1,382,455,456,-1,382,456,383,-1,383,456,457,-1,383,457,384,-1,384,457,458,-1,384,458,385,-1,385,458,459,-1,385,459,386,-1,386,459,460,-1,386,460,387,-1,387,460,461,-1,387,461,388,-1,388,461,462,-1,388,462,389,-1,389,462,463,-1,389,463,390,-1,390,463,464,-1,390,464,391,-1,391,464,465,-1,391,465,392,-1,392,465,466,-1,392,466,393,-1,393,466,467,-1,393,467,394,-1,394,467,468,-1,394,468,395,-1,395,468,469,-1,395,469,396,-1,396,469,470,-1,396,470,397,-1,397,470,471,-1,397,471,398,-1,398,471,472,-1,398,472,399,-1,399,472,473,-1,399,473,400,-1,400,473,474,-1,400,474,401,-1,401,474,475,-1,401,475,402,-1,402,475,476,-1,402,476,403,-1,403,476,477,-1,403,477,404,-1,404,477,478,-1,404,478,405,-1,405,478,479,-1,405,479,406,-1,406,479,480,-1,406,480,407,-1,407,480,481,-1,407,481,408,-1,408,481,482,-1,408,482,409,-1,409,482,483,-1,409,483,410,-1,410,483,484,-1,410,484,411,-1,411,484,485,-1,411,485,412,-1,412,485,486,-1,412,486,413,-1,413,486,487,-1,413,487,414,-1,414,487,488,-1,414,488,415,-1,415,488,489,-1,415,489,416,-1,416,489,490,-1,416,490,417,-1,417,490,491,-1,417,491,418,-1,418,491,492,-1,418,492,419,-1,419,492,493,-1,419,493,420,-1,420,493,494,-1,420,494,421,-1,421,494,422,-1,494,495,422,-1,422,495,496,-1,422,496,423,-1,423,496,497,-1,423,497,424,-1,424,497,498,-1,424,498,425,-1,425,498,499,-1,425,499,426,-1,426,499,500,-1,426,500,427,-1,427,500,501,-1,427,501,428,-1,428,501,502,-1,428,502,429,-1,429,502,503,-1,429,503,430,-1,430,503,504,-1,430,504,431,-1,431,504,505,-1,431,505,432,-1,432,505,506,-1,432,506,433,-1,433,506,507,-1,433,507,434,-1,434,507,508,-1,434,508,435,-1,435,508,509,-1,435,509,436,-1,436,509,510,-1,436,510,437,-1,437,510,511,-1,437,511,438,-1,438,511,512,-1,438,512,439,-1,439,512,513,-1,439,513,440,-1,440,513,514,-1,440,514,441,-1,441,514,515,-1,441,515,442,-1,442,515,516,-1,442,516,443,-1,443,516,517,-1,443,517,444,-1,444,517,518,-1,444,518,445,-1,445,518,519,-1,445,519,446,-1,446,519,520,-1,446,520,447,-1,447,520,521,-1,447,521,448,-1,448,521,522,-1,448,522,449,-1,449,522,523,-1,449,523,450,-1,450,523,524,-1,450,524,451,-1,451,524,525,-1,451,525,452,-1,452,525,526,-1,452,526,453,-1,453,526,527,-1,453,527,454,-1,454,527,528,-1,454,528,455,-1,455,528,529,-1,455,529,456,-1,456,529,530,-1,456,530,457,-1,457,530,531,-1,457,531,458,-1,458,531,532,-1,458,532,459,-1,459,532,533,-1,459,533,460,-1,460,533,534,-1,460,534,461,-1,461,534,535,-1,461,535,462,-1,462,535,536,-1,462,536,463,-1,463,536,537,-1,463,537,464,-1,464,537,538,-1,464,538,465,-1,465,538,539,-1,465,539,466,-1,466,539,540,-1,466,540,467,-1,467,540,541,-1,467,541,468,-1,468,541,542,-1,468,542,469,-1,469,542,543,-1,469,543,470,-1,470,543,544,-1,470,544,471,-1,471,544,545,-1,471,545,472,-1,472,545,546,-1,472,546,473,-1,473,546,547,-1,473,547,474,-1,474,547,548,-1,474,548,475,-1,475,548,549,-1,475,549,476,-1,476,549,550,-1,476,550,477,-1,477,550,551,-1,477,551,478,-1,478,551,552,-1,478,552,479,-1,479,552,553,-1,479,553,480,-1,480,553,554,-1,480,554,481,-1,481,554,555,-1,481,555,482,-1,482,555,556,-1,482,556,483,-1,483,556,557,-1,483,557,484,-1,484,557,558,-1,484,558,485,-1,485,558,559,-1,485,559,486,-1,486,559,560,-1,486,560,487,-1,487,560,561,-1,487,561,488,-1,488,561,562,-1,488,562,489,-1,489,562,563,-1,489,563,490,-1,490,563,564,-1,490,564,491,-1,491,564,565,-1,491,565,492,-1,492,565,566,-1,492,566,493,-1,493,566,567,-1,493,567,494,-1,494,567,495,-1,567,568,495,-1,495,568,569,-1,495,569,496,-1,496,569,570,-1,496,570,497,-1,497,570,571,-1,497,571,498,-1,498,571,572,-1,498,572,499,-1,499,572,573,-1,499,573,500,-1,500,573,574,-1,500,574,501,-1,501,574,575,-1,501,575,502,-1,502,575,576,-1,502,576,503,-1,503,576,577,-1,503,577,504,-1,504,577,578,-1,504,578,505,-1,505,578,579,-1,505,579,506,-1,506,579,580,-1,506,580,507,-1,507,580,581,-1,507,581,508,-1,508,581,582,-1,508,582,509,-1,509,582,583,-1,509,583,510,-1,510,583,584,-1,510,584,511,-1,511,584,585,-1,511,585,512,-1,512,585,586,-1,512,586,513,-1,513,586,587,-1,513,587,514,-1,514,587,588,-1,514,588,515,-1,515,588,589,-1,515,589,516,-1,516,589,590,-1,516,590,517,-1,517,590,591,-1,517,591,518,-1,518,591,592,-1,518,592,519,-1,519,592,593,-1,519,593,520,-1,520,593,594,-1,520,594,521,-1,521,594,595,-1,521,595,522,-1,522,595,596,-1,522,596,523,-1,523,596,597,-1,523,597,524,-1,524,597,598,-1,524,598,525,-1,525,598,599,-1,525,599,526,-1,526,599,600,-1,526,600,527,-1,527,600,601,-1,527,601,528,-1,528,601,602,-1,528,602,529,-1,529,602,603,-1,529,603,530,-1,530,603,604,-1,530,604,531,-1,531,604,605,-1,531,605,532,-1,532,605,606,-1,532,606,533,-1,533,606,607,-1,533,607,534,-1,534,607,608,-1,534,608,535,-1,535,608,609,-1,535,609,536,-1,536,609,610,-1,536,610,537,-1,537,610,611,-1,537,611,538,-1,538,611,612,-1,538,612,539,-1,539,612,613,-1,539,613,540,-1,540,613,614,-1,540,614,541,-1,541,614,615,-1,541,615,542,-1,542,615,616,-1,542,616,543,-1,543,616,617,-1,543,617,544,-1,544,617,618,-1,544,618,545,-1,545,618,619,-1,545,619,546,-1,546,619,620,-1,546,620,547,-1,547,620,621,-1,547,621,548,-1,548,621,622,-1,548,622,549,-1,549,622,623,-1,549,623,550,-1,550,623,624,-1,550,624,551,-1,551,624,625,-1,551,625,552,-1,552,625,626,-1,552,626,553,-1,553,626,627,-1,553,627,554,-1,554,627,628,-1,554,628,555,-1,555,628,629,-1,555,629,556,-1,556,629,630,-1,556,630,557,-1,557,630,631,-1,557,631,558,-1,558,631,632,-1,558,632,559,-1,559,632,633,-1,559,633,560,-1,560,633,634,-1,560,634,561,-1,561,634,635,-1,561,635,562,-1,562,635,636,-1,562,636,563,-1,563,636,637,-1,563,637,564,-1,564,637,638,-1,564,638,565,-1,565,638,639,-1,565,639,566,-1,566,639,640,-1,566,640,567,-1,567,640,568,-1,640,641,568,-1,568,641,642,-1,568,642,569,-1,569,642,643,-1,569,643,570,-1,570,643,644,-1,570,644,571,-1,571,644,645,-1,571,645,572,-1,572,645,646,-1,572,646,573,-1,573,646,647,-1,573,647,574,-1,574,647,648,-1,574,648,575,-1,575,648,649,-1,575,649,576,-1,576,649,650,-1,576,650,577,-1,577,650,651,-1,577,651,578,-1,578,651,652,-1,578,652,579,-1,579,652,653,-1,579,653,580,-1,580,653,654,-1,580,654,581,-1,581,654,655,-1,581,655,582,-1,582,655,656,-1,582,656,583,-1,583,656,657,-1,583,657,584,-1,584,657,658,-1,584,658,585,-1,585,658,659,-1,585,659,586,-1,586,659,660,-1,586,660,587,-1,587,660,661,-1,587,661,588,-1,588,661,662,-1,588,662,589,-1,589,662,663,-1,589,663,590,-1,590,663,664,-1,590,664,591,-1,591,664,665,-1,591,665,592,-1,592,665,666,-1,592,666,593,-1,593,666,667,-1,593,667,594,-1,594,667,668,-1,594,668,595,-1,595,668,669,-1,595,669,596,-1,596,669,670,-1,596,670,597,-1,597,670,671,-1,597,671,598,-1,598,671,672,-1,598,672,599,-1,599,672,673,-1,599,673,600,-1,600,673,674,-1,600,674,601,-1,601,674,675,-1,601,675,602,-1,602,675,676,-1,602,676,603,-1,603,676,677,-1,603,677,604,-1,604,677,678,-1,604,678,605,-1,605,678,679,-1,605,679,606,-1,606,679,680,-1,606,680,607,-1,607,680,681,-1,607,681,608,-1,608,681,682,-1,608,682,609,-1,609,682,683,-1,609,683,610,-1,610,683,684,-1,610,684,611,-1,611,684,685,-1,611,685,612,-1,612,685,686,-1,612,686,613,-1,613,686,687,-1,613,687,614,-1,614,687,688,-1,614,688,615,-1,615,688,689,-1,615,689,616,-1,616,689,690,-1,616,690,617,-1,617,690,691,-1,617,691,618,-1,618,691,692,-1,618,692,619,-1,619,692,693,-1,619,693,620,-1,620,693,694,-1,620,694,621,-1,621,694,695,-1,621,695,622,-1,622,695,696,-1,622,696,623,-1,623,696,697,-1,623,697,624,-1,624,697,698,-1,624,698,625,-1,625,698,699,-1,625,699,626,-1,626,699,700,-1,626,700,627,-1,627,700,701,-1,627,701,628,-1,628,701,702,-1,628,702,629,-1,629,702,703,-1,629,703,630,-1,630,703,704,-1,630,704,631,-1,631,704,705,-1,631,705,632,-1,632,705,706,-1,632,706,633,-1,633,706,707,-1,633,707,634,-1,634,707,708,-1,634,708,635,-1,635,708,709,-1,635,709,636,-1,636,709,710,-1,636,710,637,-1,637,710,711,-1,637,711,638,-1,638,711,712,-1,638,712,639,-1,639,712,713,-1,639,713,640,-1,640,713,641,-1,713,714,641,-1,641,714,715,-1,641,715,642,-1,642,715,716,-1,642,716,643,-1,643,716,717,-1,643,717,644,-1,644,717,718,-1,644,718,645,-1,645,718,719,-1,645,719,646,-1,646,719,720,-1,646,720,647,-1,647,720,721,-1,647,721,648,-1,648,721,722,-1,648,722,649,-1,649,722,723,-1,649,723,650,-1,650,723,724,-1,650,724,651,-1,651,724,725,-1,651,725,652,-1,652,725,726,-1,652,726,653,-1,653,726,727,-1,653,727,654,-1,654,727,728,-1,654,728,655,-1,655,728,729,-1,655,729,656,-1,656,729,730,-1,656,730,657,-1,657,730,731,-1,657,731,658,-1,658,731,732,-1,658,732,659,-1,659,732,733,-1,659,733,660,-1,660,733,734,-1,660,734,661,-1,661,734,735,-1,661,735,662,-1,662,735,736,-1,662,736,663,-1,663,736,737,-1,663,737,664,-1,664,737,738,-1,664,738,665,-1,665,738,739,-1,665,739,666,-1,666,739,740,-1,666,740,667,-1,667,740,741,-1,667,741,668,-1,668,741,742,-1,668,742,669,-1,669,742,743,-1,669,743,670,-1,670,743,744,-1,670,744,671,-1,671,744,745,-1,671,745,672,-1,672,745,746,-1,672,746,673,-1,673,746,747,-1,673,747,674,-1,674,747,748,-1,674,748,675,-1,675,748,749,-1,675,749,676,-1,676,749,750,-1,676,750,677,-1,677,750,751,-1,677,751,678,-1,678,751,752,-1,678,752,679,-1,679,752,753,-1,679,753,680,-1,680,753,754,-1,680,754,681,-1,681,754,755,-1,681,755,682,-1,682,755,756,-1,682,756,683,-1,683,756,757,-1,683,757,684,-1,684,757,758,-1,684,758,685,-1,685,758,759,-1,685,759,686,-1,686,759,760,-1,686,760,687,-1,687,760,761,-1,687,761,688,-1,688,761,762,-1,688,762,689,-1,689,762,763,-1,689,763,690,-1,690,763,764,-1,690,764,691,-1,691,764,765,-1,691,765,692,-1,692,765,766,-1,692,766,693,-1,693,766,767,-1,693,767,694,-1,694,767,768,-1,694,768,695,-1,695,768,769,-1,695,769,696,-1,696,769,770,-1,696,770,697,-1,697,770,771,-1,697,771,698,-1,698,771,772,-1,698,772,699,-1,699,772,773,-1,699,773,700,-1,700,773,774,-1,700,774,701,-1,701,774,775,-1,701,775,702,-1,702,775,776,-1,702,776,703,-1,703,776,777,-1,703,777,704,-1,704,777,778,-1,704,778,705,-1,705,778,779,-1,705,779,706,-1,706,779,780,-1,706,780,707,-1,707,780,781,-1,707,781,708,-1,708,781,782,-1,708,782,709,-1,709,782,783,-1,709,783,710,-1,710,783,784,-1,710,784,711,-1,711,784,785,-1,711,785,712,-1,712,785,786,-1,712,786,713,-1,713,786,714,-1,786,787,714,-1,714,787,788,-1,714,788,715,-1,715,788,789,-1,715,789,716,-1,716,789,790,-1,716,790,717,-1,717,790,791,-1,717,791,718,-1,718,791,792,-1,718,792,719,-1,719,792,793,-1,719,793,720,-1,720,793,794,-1,720,794,721,-1,721,794,795,-1,721,795,722,-1,722,795,796,-1,722,796,723,-1,723,796,797,-1,723,797,724,-1,724,797,798,-1,724,798,725,-1,725,798,799,-1,725,799,726,-1,726,799,800,-1,726,800,727,-1,727,800,801,-1,727,801,728,-1,728,801,802,-1,728,802,729,-1,729,802,803,-1,729,803,730,-1,730,803,804,-1,730,804,731,-1,731,804,805,-1,731,805,732,-1,732,805,806,-1,732,806,733,-1,733,806,807,-1,733,807,734,-1,734,807,808,-1,734,808,735,-1,735,808,809,-1,735,809,736,-1,736,809,810,-1,736,810,737,-1,737,810,811,-1,737,811,738,-1,738,811,812,-1,738,812,739,-1,739,812,813,-1,739,813,740,-1,740,813,814,-1,740,814,741,-1,741,814,815,-1,741,815,742,-1,742,815,816,-1,742,816,743,-1,743,816,817,-1,743,817,744,-1,744,817,818,-1,744,818,745,-1,745,818,819,-1,745,819,746,-1,746,819,820,-1,746,820,747,-1,747,820,821,-1,747,821,748,-1,748,821,822,-1,748,822,749,-1,749,822,823,-1,749,823,750,-1,750,823,824,-1,750,824,751,-1,751,824,825,-1,751,825,752,-1,752,825,826,-1,752,826,753,-1,753,826,827,-1,753,827,754,-1,754,827,828,-1,754,828,755,-1,755,828,829,-1,755,829,756,-1,756,829,830,-1,756,830,757,-1,757,830,831,-1,757,831,758,-1,758,831,832,-1,758,832,759,-1,759,832,833,-1,759,833,760,-1,760,833,834,-1,760,834,761,-1,761,834,835,-1,761,835,762,-1,762,835,836,-1,762,836,763,-1,763,836,837,-1,763,837,764,-1,764,837,838,-1,764,838,765,-1,765,838,839,-1,765,839,766,-1,766,839,840,-1,766,840,767,-1,767,840,841,-1,767,841,768,-1,768,841,842,-1,768,842,769,-1,769,842,843,-1,769,843,770,-1,770,843,844,-1,770,844,771,-1,771,844,845,-1,771,845,772,-1,772,845,846,-1,772,846,773,-1,773,846,847,-1,773,847,774,-1,774,847,848,-1,774,848,775,-1,775,848,849,-1,775,849,776,-1,776,849,850,-1,776,850,777,-1,777,850,851,-1,777,851,778,-1,778,851,852,-1,778,852,779,-1,779,852,853,-1,779,853,780,-1,780,853,854,-1,780,854,781,-1,781,854,855,-1,781,855,782,-1,782,855,856,-1,782,856,783,-1,783,856,857,-1,783,857,784,-1,784,857,858,-1,784,858,785,-1,785,858,859,-1,785,859,786,-1,786,859,787,-1,859,860,787,-1,787,860,861,-1,787,861,788,-1,788,861,862,-1,788,862,789,-1,789,862,863,-1,789,863,790,-1,790,863,864,-1,790,864,791,-1,791,864,865,-1,791,865,792,-1,792,865,866,-1,792,866,793,-1,793,866,867,-1,793,867,794,-1,794,867,868,-1,794,868,795,-1,795,868,869,-1,795,869,796,-1,796,869,870,-1,796,870,797,-1,797,870,871,-1,797,871,798,-1,798,871,872,-1,798,872,799,-1,799,872,873,-1,799,873,800,-1,800,873,874,-1,800,874,801,-1,801,874,875,-1,801,875,802,-1,802,875,876,-1,802,876,803,-1,803,876,877,-1,803,877,804,-1,804,877,878,-1,804,878,805,-1,805,878,879,-1,805,879,806,-1,806,879,880,-1,806,880,807,-1,807,880,881,-1,807,881,808,-1,808,881,882,-1,808,882,809,-1,809,882,883,-1,809,883,810,-1,810,883,884,-1,810,884,811,-1,811,884,885,-1,811,885,812,-1,812,885,886,-1,812,886,813,-1,813,886,887,-1,813,887,814,-1,814,887,888,-1,814,888,815,-1,815,888,889,-1,815,889,816,-1,816,889,890,-1,816,890,817,-1,817,890,891,-1,817,891,818,-1,818,891,892,-1,818,892,819,-1,819,892,893,-1,819,893,820,-1,820,893,894,-1,820,894,821,-1,821,894,895,-1,821,895,822,-1,822,895,896,-1,822,896,823,-1,823,896,897,-1,823,897,824,-1,824,897,898,-1,824,898,825,-1,825,898,899,-1,825,899,826,-1,826,899,900,-1,826,900,827,-1,827,900,901,-1,827,901,828,-1,828,901,902,-1,828,902,829,-1,829,902,903,-1,829,903,830,-1,830,903,904,-1,830,904,831,-1,831,904,905,-1,831,905,832,-1,832,905,906,-1,832,906,833,-1,833,906,907,-1,833,907,834,-1,834,907,908,-1,834,908,835,-1,835,908,909,-1,835,909,836,-1,836,909,910,-1,836,910,837,-1,837,910,911,-1,837,911,838,-1,838,911,912,-1,838,912,839,-1,839,912,913,-1,839,913,840,-1,840,913,914,-1,840,914,841,-1,841,914,915,-1,841,915,842,-1,842,915,916,-1,842,916,843,-1,843,916,917,-1,843,917,844,-1,844,917,918,-1,844,918,845,-1,845,918,919,-1,845,919,846,-1,846,919,920,-1,846,920,847,-1,847,920,921,-1,847,921,848,-1,848,921,922,-1,848,922,849,-1,849,922,923,-1,849,923,850,-1,850,923,924,-1,850,924,851,-1,851,924,925,-1,851,925,852,-1,852,925,926,-1,852,926,853,-1,853,926,927,-1,853,927,854,-1,854,927,928,-1,854,928,855,-1,855,928,929,-1,855,929,856,-1,856,929,930,-1,856,930,857,-1,857,930,931,-1,857,931,858,-1,858,931,932,-1,858,932,859,-1,859,932,860,-1,932,933,860,-1,860,933,934,-1,860,934,861,-1,861,934,935,-1,861,935,862,-1,862,935,936,-1,862,936,863,-1,863,936,937,-1,863,937,864,-1,864,937,938,-1,864,938,865,-1,865,938,939,-1,865,939,866,-1,866,939,940,-1,866,940,867,-1,867,940,941,-1,867,941,868,-1,868,941,942,-1,868,942,869,-1,869,942,943,-1,869,943,870,-1,870,943,944,-1,870,944,871,-1,871,944,945,-1,871,945,872,-1,872,945,946,-1,872,946,873,-1,873,946,947,-1,873,947,874,-1,874,947,948,-1,874,948,875,-1,875,948,949,-1,875,949,876,-1,876,949,950,-1,876,950,877,-1,877,950,951,-1,877,951,878,-1,878,951,952,-1,878,952,879,-1,879,952,953,-1,879,953,880,-1,880,953,954,-1,880,954,881,-1,881,954,955,-1,881,955,882,-1,882,955,956,-1,882,956,883,-1,883,956,957,-1,883,957,884,-1,884,957,958,-1,884,958,885,-1,885,958,959,-1,885,959,886,-1,886,959,960,-1,886,960,887,-1,887,960,961,-1,887,961,888,-1,888,961,962,-1,888,962,889,-1,889,962,963,-1,889,963,890,-1,890,963,964,-1,890,964,891,-1,891,964,965,-1,891,965,892,-1,892,965,966,-1,892,966,893,-1,893,966,967,-1,893,967,894,-1,894,967,968,-1,894,968,895,-1,895,968,969,-1,895,969,896,-1,896,969,970,-1,896,970,897,-1,897,970,971,-1,897,971,898,-1,898,971,972,-1,898,972,899,-1,899,972,973,-1,899,973,900,-1,900,973,974,-1,900,974,901,-1,901,974,975,-1,901,975,902,-1,902,975,976,-1,902,976,903,-1,903,976,977,-1,903,977,904,-1,904,977,978,-1,904,978,905,-1,905,978,979,-1,905,979,906,-1,906,979,980,-1,906,980,907,-1,907,980,981,-1,907,981,908,-1,908,981,982,-1,908,982,909,-1,909,982,983,-1,909,983,910,-1,910,983,984,-1,910,984,911,-1,911,984,985,-1,911,985,912,-1,912,985,986,-1,912,986,913,-1,913,986,987,-1,913,987,914,-1,914,987,988,-1,914,988,915,-1,915,988,989,-1,915,989,916,-1,916,989,990,-1,916,990,917,-1,917,990,991,-1,917,991,918,-1,918,991,992,-1,918,992,919,-1,919,992,993,-1,919,993,920,-1,920,993,994,-1,920,994,921,-1,921,994,995,-1,921,995,922,-1,922,995,996,-1,922,996,923,-1,923,996,997,-1,923,997,924,-1,924,997,998,-1,924,998,925,-1,925,998,999,-1,925,999,926,-1,926,999,1000,-1,926,1000,927,-1,927,1000,1001,-1,927,1001,928,-1,928,1001,1002,-1,928,1002,929,-1,929,1002,1003,-1,929,1003,930,-1,930,1003,1004,-1,930,1004,931,-1,931,1004,1005,-1,931,1005,932,-1,932,1005,933,-1,1005,1006,933,-1,933,1006,1007,-1,933,1007,934,-1,934,1007,1008,-1,934,1008,935,-1,935,1008,1009,-1,935,1009,936,-1,936,1009,1010,-1,936,1010,937,-1,937,1010,1011,-1,937,1011,938,-1,938,1011,1012,-1,938,1012,939,-1,939,1012,1013,-1,939,1013,940,-1,940,1013,1014,-1,940,1014,941,-1,941,1014,1015,-1,941,1015,942,-1,942,1015,1016,-1,942,1016,943,-1,943,1016,1017,-1,943,1017,944,-1,944,1017,1018,-1,944,1018,945,-1,945,1018,1019,-1,945,1019,946,-1,946,1019,1020,-1,946,1020,947,-1,947,1020,1021,-1,947,1021,948,-1,948,1021,1022,-1,948,1022,949,-1,949,1022,1023,-1,949,1023,950,-1,950,1023,1024,-1,950,1024,951,-1,951,1024,1025,-1,951,1025,952,-1,952,1025,1026,-1,952,1026,953,-1,953,1026,1027,-1,953,1027,954,-1,954,1027,1028,-1,954,1028,955,-1,955,1028,1029,-1,955,1029,956,-1,956,1029,1030,-1,956,1030,957,-1,957,1030,1031,-1,957,1031,958,-1,958,1031,1032,-1,958,1032,959,-1,959,1032,1033,-1,959,1033,960,-1,960,1033,1034,-1,960,1034,961,-1,961,1034,1035,-1,961,1035,962,-1,962,1035,1036,-1,962,1036,963,-1,963,1036,1037,-1,963,1037,964,-1,964,1037,1038,-1,964,1038,965,-1,965,1038,1039,-1,965,1039,966,-1,966,1039,1040,-1,966,1040,967,-1,967,1040,1041,-1,967,1041,968,-1,968,1041,1042,-1,968,1042,969,-1,969,1042,1043,-1,969,1043,970,-1,970,1043,1044,-1,970,1044,971,-1,971,1044,1045,-1,971,1045,972,-1,972,1045,1046,-1,972,1046,973,-1,973,1046,1047,-1,973,1047,974,-1,974,1047,1048,-1,974,1048,975,-1,975,1048,1049,-1,975,1049,976,-1,976,1049,1050,-1,976,1050,977,-1,977,1050,1051,-1,977,1051,978,-1,978,1051,1052,-1,978,1052,979,-1,979,1052,1053,-1,979,1053,980,-1,980,1053,1054,-1,980,1054,981,-1,981,1054,1055,-1,981,1055,982,-1,982,1055,1056,-1,982,1056,983,-1,983,1056,1057,-1,983,1057,984,-1,984,1057,1058,-1,984,1058,985,-1,985,1058,1059,-1,985,1059,986,-1,986,1059,1060,-1,986,1060,987,-1,987,1060,1061,-1,987,1061,988,-1,988,1061,1062,-1,988,1062,989,-1,989,1062,1063,-1,989,1063,990,-1,990,1063,1064,-1,990,1064,991,-1,991,1064,1065,-1,991,1065,992,-1,992,1065,1066,-1,992,1066,993,-1,993,1066,1067,-1,993,1067,994,-1,994,1067,1068,-1,994,1068,995,-1,995,1068,1069,-1,995,1069,996,-1,996,1069,1070,-1,996,1070,997,-1,997,1070,1071,-1,997,1071,998,-1,998,1071,1072,-1,998,1072,999,-1,999,1072,1073,-1,999,1073,1000,-1,1000,1073,1074,-1,1000,1074,1001,-1,1001,1074,1075,-1,1001,1075,1002,-1,1002,1075,1076,-1,1002,1076,1003,-1,1003,1076,1077,-1,1003,1077,1004,-1,1004,1077,1078,-1,1004,1078,1005,-1,1005,1078,1006,-1,1078,1079,1006,-1,1006,1079,1080,-1,1006,1080,1007,-1,1007,1080,1081,-1,1007,1081,1008,-1,1008,1081,1082,-1,1008,1082,1009,-1,1009,1082,1083,-1,1009,1083,1010,-1,1010,1083,1084,-1,1010,1084,1011,-1,1011,1084,1085,-1,1011,1085,1012,-1,1012,1085,1086,-1,1012,1086,1013,-1,1013,1086,1087,-1,1013,1087,1014,-1,1014,1087,1088,-1,1014,1088,1015,-1,1015,1088,1089,-1,1015,1089,1016,-1,1016,1089,1090,-1,1016,1090,1017,-1,1017,1090,1091,-1,1017,1091,1018,-1,1018,1091,1092,-1,1018,1092,1019,-1,1019,1092,1093,-1,1019,1093,1020,-1,1020,1093,1094,-1,1020,1094,1021,-1,1021,1094,1095,-1,1021,1095,1022,-1,1022,1095,1096,-1,1022,1096,1023,-1,1023,1096,1097,-1,1023,1097,1024,-1,1024,1097,1098,-1,1024,1098,1025,-1,1025,1098,1099,-1,1025,1099,1026,-1,1026,1099,1100,-1,1026,1100,1027,-1,1027,1100,1101,-1,1027,1101,1028,-1,1028,1101,1102,-1,1028,1102,1029,-1,1029,1102,1103,-1,1029,1103,1030,-1,1030,1103,1104,-1,1030,1104,1031,-1,1031,1104,1105,-1,1031,1105,1032,-1,1032,1105,1106,-1,1032,1106,1033,-1,1033,1106,1107,-1,1033,1107,1034,-1,1034,1107,1108,-1,1034,1108,1035,-1,1035,1108,1109,-1,1035,1109,1036,-1,1036,1109,1110,-1,1036,1110,1037,-1,1037,1110,1111,-1,1037,1111,1038,-1,1038,1111,1112,-1,1038,1112,1039,-1,1039,1112,1113,-1,1039,1113,1040,-1,1040,1113,1114,-1,1040,1114,1041,-1,1041,1114,1115,-1,1041,1115,1042,-1,1042,1115,1116,-1,1042,1116,1043,-1,1043,1116,1117,-1,1043,1117,1044,-1,1044,1117,1118,-1,1044,1118,1045,-1,1045,1118,1119,-1,1045,1119,1046,-1,1046,1119,1120,-1,1046,1120,1047,-1,1047,1120,1121,-1,1047,1121,1048,-1,1048,1121,1122,-1,1048,1122,1049,-1,1049,1122,1123,-1,1049,1123,1050,-1,1050,1123,1124,-1,1050,1124,1051,-1,1051,1124,1125,-1,1051,1125,1052,-1,1052,1125,1126,-1,1052,1126,1053,-1,1053,1126,1127,-1,1053,1127,1054,-1,1054,1127,1128,-1,1054,1128,1055,-1,1055,1128,1129,-1,1055,1129,1056,-1,1056,1129,1130,-1,1056,1130,1057,-1,1057,1130,1131,-1,1057,1131,1058,-1,1058,1131,1132,-1,1058,1132,1059,-1,1059,1132,1133,-1,1059,1133,1060,-1,1060,1133,1134,-1,1060,1134,1061,-1,1061,1134,1135,-1,1061,1135,1062,-1,1062,1135,1136,-1,1062,1136,1063,-1,1063,1136,1137,-1,1063,1137,1064,-1,1064,1137,1138,-1,1064,1138,1065,-1,1065,1138,1139,-1,1065,1139,1066,-1,1066,1139,1140,-1,1066,1140,1067,-1,1067,1140,1141,-1,1067,1141,1068,-1,1068,1141,1142,-1,1068,1142,1069,-1,1069,1142,1143,-1,1069,1143,1070,-1,1070,1143,1144,-1,1070,1144,1071,-1,1071,1144,1145,-1,1071,1145,1072,-1,1072,1145,1146,-1,1072,1146,1073,-1,1073,1146,1147,-1,1073,1147,1074,-1,1074,1147,1148,-1,1074,1148,1075,-1,1075,1148,1149,-1,1075,1149,1076,-1,1076,1149,1150,-1,1076,1150,1077,-1,1077,1150,1151,-1,1077,1151,1078,-1,1078,1151,1079,-1,1151,1152,1079,-1,1079,1152,1153,-1,1079,1153,1080,-1,1080,1153,1154,-1,1080,1154,1081,-1,1081,1154,1155,-1,1081,1155,1082,-1,1082,1155,1156,-1,1082,1156,1083,-1,1083,1156,1157,-1,1083,1157,1084,-1,1084,1157,1158,-1,1084,1158,1085,-1,1085,1158,1159,-1,1085,1159,1086,-1,1086,1159,1160,-1,1086,1160,1087,-1,1087,1160,1161,-1,1087,1161,1088,-1,1088,1161,1162,-1,1088,1162,1089,-1,1089,1162,1163,-1,1089,1163,1090,-1,1090,1163,1164,-1,1090,1164,1091,-1,1091,1164,1165,-1,1091,1165,1092,-1,1092,1165,1166,-1,1092,1166,1093,-1,1093,1166,1167,-1,1093,1167,1094,-1,1094,1167,1168,-1,1094,1168,1095,-1,1095,1168,1169,-1,1095,1169,1096,-1,1096,1169,1170,-1,1096,1170,1097,-1,1097,1170,1171,-1,1097,1171,1098,-1,1098,1171,1172,-1,1098,1172,1099,-1,1099,1172,1173,-1,1099,1173,1100,-1,1100,1173,1174,-1,1100,1174,1101,-1,1101,1174,1175,-1,1101,1175,1102,-1,1102,1175,1176,-1,1102,1176,1103,-1,1103,1176,1177,-1,1103,1177,1104,-1,1104,1177,1178,-1,1104,1178,1105,-1,1105,1178,1179,-1,1105,1179,1106,-1,1106,1179,1180,-1,1106,1180,1107,-1,1107,1180,1181,-1,1107,1181,1108,-1,1108,1181,1182,-1,1108,1182,1109,-1,1109,1182,1183,-1,1109,1183,1110,-1,1110,1183,1184,-1,1110,1184,1111,-1,1111,1184,1185,-1,1111,1185,1112,-1,1112,1185,1186,-1,1112,1186,1113,-1,1113,1186,1187,-1,1113,1187,1114,-1,1114,1187,1188,-1,1114,1188,1115,-1,1115,1188,1189,-1,1115,1189,1116,-1,1116,1189,1190,-1,1116,1190,1117,-1,1117,1190,1191,-1,1117,1191,1118,-1,1118,1191,1192,-1,1118,1192,1119,-1,1119,1192,1193,-1,1119,1193,1120,-1,1120,1193,1194,-1,1120,1194,1121,-1,1121,1194,1195,-1,1121,1195,1122,-1,1122,1195,1196,-1,1122,1196,1123,-1,1123,1196,1197,-1,1123,1197,1124,-1,1124,1197,1198,-1,1124,1198,1125,-1,1125,1198,1199,-1,1125,1199,1126,-1,1126,1199,1200,-1,1126,1200,1127,-1,1127,1200,1201,-1,1127,1201,1128,-1,1128,1201,1202,-1,1128,1202,1129,-1,1129,1202,1203,-1,1129,1203,1130,-1,1130,1203,1204,-1,1130,1204,1131,-1,1131,1204,1205,-1,1131,1205,1132,-1,1132,1205,1206,-1,1132,1206,1133,-1,1133,1206,1207,-1,1133,1207,1134,-1,1134,1207,1208,-1,1134,1208,1135,-1,1135,1208,1209,-1,1135,1209,1136,-1,1136,1209,1210,-1,1136,1210,1137,-1,1137,1210,1211,-1,1137,1211,1138,-1,1138,1211,1212,-1,1138,1212,1139,-1,1139,1212,1213,-1,1139,1213,1140,-1,1140,1213,1214,-1,1140,1214,1141,-1,1141,1214,1215,-1,1141,1215,1142,-1,1142,1215,1216,-1,1142,1216,1143,-1,1143,1216,1217,-1,1143,1217,1144,-1,1144,1217,1218,-1,1144,1218,1145,-1,1145,1218,1219,-1,1145,1219,1146,-1,1146,1219,1220,-1,1146,1220,1147,-1,1147,1220,1221,-1,1147,1221,1148,-1,1148,1221,1222,-1,1148,1222,1149,-1,1149,1222,1223,-1,1149,1223,1150,-1,1150,1223,1224,-1,1150,1224,1151,-1,1151,1224,1152,-1,1224,1225,1152,-1,1152,1225,1226,-1,1152,1226,1153,-1,1153,1226,1227,-1,1153,1227,1154,-1,1154,1227,1228,-1,1154,1228,1155,-1,1155,1228,1229,-1,1155,1229,1156,-1,1156,1229,1230,-1,1156,1230,1157,-1,1157,1230,1231,-1,1157,1231,1158,-1,1158,1231,1232,-1,1158,1232,1159,-1,1159,1232,1233,-1,1159,1233,1160,-1,1160,1233,1234,-1,1160,1234,1161,-1,1161,1234,1235,-1,1161,1235,1162,-1,1162,1235,1236,-1,1162,1236,1163,-1,1163,1236,1237,-1,1163,1237,1164,-1,1164,1237,1238,-1,1164,1238,1165,-1,1165,1238,1239,-1,1165,1239,1166,-1,1166,1239,1240,-1,1166,1240,1167,-1,1167,1240,1241,-1,1167,1241,1168,-1,1168,1241,1242,-1,1168,1242,1169,-1,1169,1242,1243,-1,1169,1243,1170,-1,1170,1243,1244,-1,1170,1244,1171,-1,1171,1244,1245,-1,1171,1245,1172,-1,1172,1245,1246,-1,1172,1246,1173,-1,1173,1246,1247,-1,1173,1247,1174,-1,1174,1247,1248,-1,1174,1248,1175,-1,1175,1248,1249,-1,1175,1249,1176,-1,1176,1249,1250,-1,1176,1250,1177,-1,1177,1250,1251,-1,1177,1251,1178,-1,1178,1251,1252,-1,1178,1252,1179,-1,1179,1252,1253,-1,1179,1253,1180,-1,1180,1253,1254,-1,1180,1254,1181,-1,1181,1254,1255,-1,1181,1255,1182,-1,1182,1255,1256,-1,1182,1256,1183,-1,1183,1256,1257,-1,1183,1257,1184,-1,1184,1257,1258,-1,1184,1258,1185,-1,1185,1258,1259,-1,1185,1259,1186,-1,1186,1259,1260,-1,1186,1260,1187,-1,1187,1260,1261,-1,1187,1261,1188,-1,1188,1261,1262,-1,1188,1262,1189,-1,1189,1262,1263,-1,1189,1263,1190,-1,1190,1263,1264,-1,1190,1264,1191,-1,1191,1264,1265,-1,1191,1265,1192,-1,1192,1265,1266,-1,1192,1266,1193,-1,1193,1266,1267,-1,1193,1267,1194,-1,1194,1267,1268,-1,1194,1268,1195,-1,1195,1268,1269,-1,1195,1269,1196,-1,1196,1269,1270,-1,1196,1270,1197,-1,1197,1270,1271,-1,1197,1271,1198,-1,1198,1271,1272,-1,1198,1272,1199,-1,1199,1272,1273,-1,1199,1273,1200,-1,1200,1273,1274,-1,1200,1274,1201,-1,1201,1274,1275,-1,1201,1275,1202,-1,1202,1275,1276,-1,1202,1276,1203,-1,1203,1276,1277,-1,1203,1277,1204,-1,1204,1277,1278,-1,1204,1278,1205,-1,1205,1278,1279,-1,1205,1279,1206,-1,1206,1279,1280,-1,1206,1280,1207,-1,1207,1280,1281,-1,1207,1281,1208,-1,1208,1281,1282,-1,1208,1282,1209,-1,1209,1282,1283,-1,1209,1283,1210,-1,1210,1283,1284,-1,1210,1284,1211,-1,1211,1284,1285,-1,1211,1285,1212,-1,1212,1285,1286,-1,1212,1286,1213,-1,1213,1286,1287,-1,1213,1287,1214,-1,1214,1287,1288,-1,1214,1288,1215,-1,1215,1288,1289,-1,1215,1289,1216,-1,1216,1289,1290,-1,1216,1290,1217,-1,1217,1290,1291,-1,1217,1291,1218,-1,1218,1291,1292,-1,1218,1292,1219,-1,1219,1292,1293,-1,1219,1293,1220,-1,1220,1293,1294,-1,1220,1294,1221,-1,1221,1294,1295,-1,1221,1295,1222,-1,1222,1295,1296,-1,1222,1296,1223,-1,1223,1296,1297,-1,1223,1297,1224,-1,1224,1297,1225,-1,1297,1298,1225,-1,1225,1298,1299,-1,1225,1299,1226,-1,1226,1299,1300,-1,1226,1300,1227,-1,1227,1300,1301,-1,1227,1301,1228,-1,1228,1301,1302,-1,1228,1302,1229,-1,1229,1302,1303,-1,1229,1303,1230,-1,1230,1303,1304,-1,1230,1304,1231,-1,1231,1304,1305,-1,1231,1305,1232,-1,1232,1305,1306,-1,1232,1306,1233,-1,1233,1306,1307,-1,1233,1307,1234,-1,1234,1307,1308,-1,1234,1308,1235,-1,1235,1308,1309,-1,1235,1309,1236,-1,1236,1309,1310,-1,1236,1310,1237,-1,1237,1310,1311,-1,1237,1311,1238,-1,1238,1311,1312,-1,1238,1312,1239,-1,1239,1312,1313,-1,1239,1313,1240,-1,1240,1313,1314,-1,1240,1314,1241,-1,1241,1314,1315,-1,1241,1315,1242,-1,1242,1315,1316,-1,1242,1316,1243,-1,1243,1316,1317,-1,1243,1317,1244,-1,1244,1317,1318,-1,1244,1318,1245,-1,1245,1318,1319,-1,1245,1319,1246,-1,1246,1319,1320,-1,1246,1320,1247,-1,1247,1320,1321,-1,1247,1321,1248,-1,1248,1321,1322,-1,1248,1322,1249,-1,1249,1322,1323,-1,1249,1323,1250,-1,1250,1323,1324,-1,1250,1324,1251,-1,1251,1324,1325,-1,1251,1325,1252,-1,1252,1325,1326,-1,1252,1326,1253,-1,1253,1326,1327,-1,1253,1327,1254,-1,1254,1327,1328,-1,1254,1328,1255,-1,1255,1328,1329,-1,1255,1329,1256,-1,1256,1329,1330,-1,1256,1330,1257,-1,1257,1330,1331,-1,1257,1331,1258,-1,1258,1331,1332,-1,1258,1332,1259,-1,1259,1332,1333,-1,1259,1333,1260,-1,1260,1333,1334,-1,1260,1334,1261,-1,1261,1334,1335,-1,1261,1335,1262,-1,1262,1335,1336,-1,1262,1336,1263,-1,1263,1336,1337,-1,1263,1337,1264,-1,1264,1337,1338,-1,1264,1338,1265,-1,1265,1338,1339,-1,1265,1339,1266,-1,1266,1339,1340,-1,1266,1340,1267,-1,1267,1340,1341,-1,1267,1341,1268,-1,1268,1341,1342,-1,1268,1342,1269,-1,1269,1342,1343,-1,1269,1343,1270,-1,1270,1343,1344,-1,1270,1344,1271,-1,1271,1344,1345,-1,1271,1345,1272,-1,1272,1345,1346,-1,1272,1346,1273,-1,1273,1346,1347,-1,1273,1347,1274,-1,1274,1347,1348,-1,1274,1348,1275,-1,1275,1348,1349,-1,1275,1349,1276,-1,1276,1349,1350,-1,1276,1350,1277,-1,1277,1350,1351,-1,1277,1351,1278,-1,1278,1351,1352,-1,1278,1352,1279,-1,1279,1352,1353,-1,1279,1353,1280,-1,1280,1353,1354,-1,1280,1354,1281,-1,1281,1354,1355,-1,1281,1355,1282,-1,1282,1355,1356,-1,1282,1356,1283,-1,1283,1356,1357,-1,1283,1357,1284,-1,1284,1357,1358,-1,1284,1358,1285,-1,1285,1358,1359,-1,1285,1359,1286,-1,1286,1359,1360,-1,1286,1360,1287,-1,1287,1360,1361,-1,1287,1361,1288,-1,1288,1361,1362,-1,1288,1362,1289,-1,1289,1362,1363,-1,1289,1363,1290,-1,1290,1363,1364,-1,1290,1364,1291,-1,1291,1364,1365,-1,1291,1365,1292,-1,1292,1365,1366,-1,1292,1366,1293,-1,1293,1366,1367,-1,1293,1367,1294,-1,1294,1367,1368,-1,1294,1368,1295,-1,1295,1368,1369,-1,1295,1369,1296,-1,1296,1369,1370,-1,1296,1370,1297,-1,1297,1370,1298,-1,1370,1371,1298,-1,1298,1371,1372,-1,1298,1372,1299,-1,1299,1372,1373,-1,1299,1373,1300,-1,1300,1373,1374,-1,1300,1374,1301,-1,1301,1374,1375,-1,1301,1375,1302,-1,1302,1375,1376,-1,1302,1376,1303,-1,1303,1376,1377,-1,1303,1377,1304,-1,1304,1377,1378,-1,1304,1378,1305,-1,1305,1378,1379,-1,1305,1379,1306,-1,1306,1379,1380,-1,1306,1380,1307,-1,1307,1380,1381,-1,1307,1381,1308,-1,1308,1381,1382,-1,1308,1382,1309,-1,1309,1382,1383,-1,1309,1383,1310,-1,1310,1383,1384,-1,1310,1384,1311,-1,1311,1384,1385,-1,1311,1385,1312,-1,1312,1385,1386,-1,1312,1386,1313,-1,1313,1386,1387,-1,1313,1387,1314,-1,1314,1387,1388,-1,1314,1388,1315,-1,1315,1388,1389,-1,1315,1389,1316,-1,1316,1389,1390,-1,1316,1390,1317,-1,1317,1390,1391,-1,1317,1391,1318,-1,1318,1391,1392,-1,1318,1392,1319,-1,1319,1392,1393,-1,1319,1393,1320,-1,1320,1393,1394,-1,1320,1394,1321,-1,1321,1394,1395,-1,1321,1395,1322,-1,1322,1395,1396,-1,1322,1396,1323,-1,1323,1396,1397,-1,1323,1397,1324,-1,1324,1397,1398,-1,1324,1398,1325,-1,1325,1398,1399,-1,1325,1399,1326,-1,1326,1399,1400,-1,1326,1400,1327,-1,1327,1400,1401,-1,1327,1401,1328,-1,1328,1401,1402,-1,1328,1402,1329,-1,1329,1402,1403,-1,1329,1403,1330,-1,1330,1403,1404,-1,1330,1404,1331,-1,1331,1404,1405,-1,1331,1405,1332,-1,1332,1405,1406,-1,1332,1406,1333,-1,1333,1406,1407,-1,1333,1407,1334,-1,1334,1407,1408,-1,1334,1408,1335,-1,1335,1408,1409,-1,1335,1409,1336,-1,1336,1409,1410,-1,1336,1410,1337,-1,1337,1410,1411,-1,1337,1411,1338,-1,1338,1411,1412,-1,1338,1412,1339,-1,1339,1412,1413,-1,1339,1413,1340,-1,1340,1413,1414,-1,1340,1414,1341,-1,1341,1414,1415,-1,1341,1415,1342,-1,1342,1415,1416,-1,1342,1416,1343,-1,1343,1416,1417,-1,1343,1417,1344,-1,1344,1417,1418,-1,1344,1418,1345,-1,1345,1418,1419,-1,1345,1419,1346,-1,1346,1419,1420,-1,1346,1420,1347,-1,1347,1420,1421,-1,1347,1421,1348,-1,1348,1421,1422,-1,1348,1422,1349,-1,1349,1422,1423,-1,1349,1423,1350,-1,1350,1423,1424,-1,1350,1424,1351,-1,1351,1424,1425,-1,1351,1425,1352,-1,1352,1425,1426,-1,1352,1426,1353,-1,1353,1426,1427,-1,1353,1427,1354,-1,1354,1427,1428,-1,1354,1428,1355,-1,1355,1428,1429,-1,1355,1429,1356,-1,1356,1429,1430,-1,1356,1430,1357,-1,1357,1430,1431,-1,1357,1431,1358,-1,1358,1431,1432,-1,1358,1432,1359,-1,1359,1432,1433,-1,1359,1433,1360,-1,1360,1433,1434,-1,1360,1434,1361,-1,1361,1434,1435,-1,1361,1435,1362,-1,1362,1435,1436,-1,1362,1436,1363,-1,1363,1436,1437,-1,1363,1437,1364,-1,1364,1437,1438,-1,1364,1438,1365,-1,1365,1438,1439,-1,1365,1439,1366,-1,1366,1439,1440,-1,1366,1440,1367,-1,1367,1440,1441,-1,1367,1441,1368,-1,1368,1441,1442,-1,1368,1442,1369,-1,1369,1442,1443,-1,1369,1443,1370,-1,1370,1443,1371,-1,1443,1444,1371,-1,1371,1444,1445,-1,1371,1445,1372,-1,1372,1445,1446,-1,1372,1446,1373,-1,1373,1446,1447,-1,1373,1447,1374,-1,1374,1447,1448,-1,1374,1448,1375,-1,1375,1448,1449,-1,1375,1449,1376,-1,1376,1449,1450,-1,1376,1450,1377,-1,1377,1450,1451,-1,1377,1451,1378,-1,1378,1451,1452,-1,1378,1452,1379,-1,1379,1452,1453,-1,1379,1453,1380,-1,1380,1453,1454,-1,1380,1454,1381,-1,1381,1454,1455,-1,1381,1455,1382,-1,1382,1455,1456,-1,1382,1456,1383,-1,1383,1456,1457,-1,1383,1457,1384,-1,1384,1457,1458,-1,1384,1458,1385,-1,1385,1458,1459,-1,1385,1459,1386,-1,1386,1459,1460,-1,1386,1460,1387,-1,1387,1460,1461,-1,1387,1461,1388,-1,1388,1461,1462,-1,1388,1462,1389,-1,1389,1462,1463,-1,1389,1463,1390,-1,1390,1463,1464,-1,1390,1464,1391,-1,1391,1464,1465,-1,1391,1465,1392,-1,1392,1465,1466,-1,1392,1466,1393,-1,1393,1466,1467,-1,1393,1467,1394,-1,1394,1467,1468,-1,1394,1468,1395,-1,1395,1468,1469,-1,1395,1469,1396,-1,1396,1469,1470,-1,1396,1470,1397,-1,1397,1470,1471,-1,1397,1471,1398,-1,1398,1471,1472,-1,1398,1472,1399,-1,1399,1472,1473,-1,1399,1473,1400,-1,1400,1473,1474,-1,1400,1474,1401,-1,1401,1474,1475,-1,1401,1475,1402,-1,1402,1475,1476,-1,1402,1476,1403,-1,1403,1476,1477,-1,1403,1477,1404,-1,1404,1477,1478,-1,1404,1478,1405,-1,1405,1478,1479,-1,1405,1479,1406,-1,1406,1479,1480,-1,1406,1480,1407,-1,1407,1480,1481,-1,1407,1481,1408,-1,1408,1481,1482,-1,1408,1482,1409,-1,1409,1482,1483,-1,1409,1483,1410,-1,1410,1483,1484,-1,1410,1484,1411,-1,1411,1484,1485,-1,1411,1485,1412,-1,1412,1485,1486,-1,1412,1486,1413,-1,1413,1486,1487,-1,1413,1487,1414,-1,1414,1487,1488,-1,1414,1488,1415,-1,1415,1488,1489,-1,1415,1489,1416,-1,1416,1489,1490,-1,1416,1490,1417,-1,1417,1490,1491,-1,1417,1491,1418,-1,1418,1491,1492,-1,1418,1492,1419,-1,1419,1492,1493,-1,1419,1493,1420,-1,1420,1493,1494,-1,1420,1494,1421,-1,1421,1494,1495,-1,1421,1495,1422,-1,1422,1495,1496,-1,1422,1496,1423,-1,1423,1496,1497,-1,1423,1497,1424,-1,1424,1497,1498,-1,1424,1498,1425,-1,1425,1498,1499,-1,1425,1499,1426,-1,1426,1499,1500,-1,1426,1500,1427,-1,1427,1500,1501,-1,1427,1501,1428,-1,1428,1501,1502,-1,1428,1502,1429,-1,1429,1502,1503,-1,1429,1503,1430,-1,1430,1503,1504,-1,1430,1504,1431,-1,1431,1504,1505,-1,1431,1505,1432,-1,1432,1505,1506,-1,1432,1506,1433,-1,1433,1506,1507,-1,1433,1507,1434,-1,1434,1507,1508,-1,1434,1508,1435,-1,1435,1508,1509,-1,1435,1509,1436,-1,1436,1509,1510,-1,1436,1510,1437,-1,1437,1510,1511,-1,1437,1511,1438,-1,1438,1511,1512,-1,1438,1512,1439,-1,1439,1512,1513,-1,1439,1513,1440,-1,1440,1513,1514,-1,1440,1514,1441,-1,1441,1514,1515,-1,1441,1515,1442,-1,1442,1515,1516,-1,1442,1516,1443,-1,1443,1516,1444,-1,1516,130,1444,-1,1444,130,129,-1,1444,129,1445,-1,1445,129,132,-1,1445,132,1446,-1,1446,132,133,-1,1446,133,1447,-1,1447,133,134,-1,1447,134,1448,-1,1448,134,135,-1,1448,135,1449,-1,1449,135,136,-1,1449,136,1450,-1,1450,136,137,-1,1450,137,1451,-1,1451,137,138,-1,1451,138,1452,-1,1452,138,139,-1,1452,139,1453,-1,1453,139,140,-1,1453,140,1454,-1,1454,140,141,-1,1454,141,1455,-1,1455,141,142,-1,1455,142,1456,-1,1456,142,143,-1,1456,143,1457,-1,1457,143,144,-1,1457,144,1458,-1,1458,144,145,-1,1458,145,1459,-1,1459,145,146,-1,1459,146,1460,-1,1460,146,147,-1,1460,147,1461,-1,1461,147,148,-1,1461,148,1462,-1,1462,148,149,-1,1462,149,1463,-1,1463,149,150,-1,1463,150,1464,-1,1464,150,151,-1,1464,151,1465,-1,1465,151,152,-1,1465,152,1466,-1,1466,152,153,-1,1466,153,1467,-1,1467,153,154,-1,1467,154,1468,-1,1468,154,155,-1,1468,155,1469,-1,1469,155,156,-1,1469,156,1470,-1,1470,156,157,-1,1470,157,1471,-1,1471,157,158,-1,1471,158,1472,-1,1472,158,159,-1,1472,159,1473,-1,1473,159,160,-1,1473,160,1474,-1,1474,160,161,-1,1474,161,1475,-1,1475,161,162,-1,1475,162,1476,-1,1476,162,163,-1,1476,163,1477,-1,1477,163,164,-1,1477,164,1478,-1,1478,164,165,-1,1478,165,1479,-1,1479,165,166,-1,1479,166,1480,-1,1480,166,167,-1,1480,167,1481,-1,1481,167,168,-1,1481,168,1482,-1,1482,168,169,-1,1482,169,1483,-1,1483,169,170,-1,1483,170,1484,-1,1484,170,171,-1,1484,171,1485,-1,1485,171,172,-1,1485,172,1486,-1,1486,172,173,-1,1486,173,1487,-1,1487,173,174,-1,1487,174,1488,-1,1488,174,175,-1,1488,175,1489,-1,1489,175,176,-1,1489,176,1490,-1,1490,176,177,-1,1490,177,1491,-1,1491,177,178,-1,1491,178,1492,-1,1492,178,179,-1,1492,179,1493,-1,1493,179,180,-1,1493,180,1494,-1,1494,180,181,-1,1494,181,1495,-1,1495,181,182,-1,1495,182,1496,-1,1496,182,183,-1,1496,183,1497,-1,1497,183,184,-1,1497,184,1498,-1,1498,184,185,-1,1498,185,1499,-1,1499,185,186,-1,1499,186,1500,-1,1500,186,187,-1,1500,187,1501,-1,1501,187,188,-1,1501,188,1502,-1,1502,188,189,-1,1502,189,1503,-1,1503,189,190,-1,1503,190,1504,-1,1504,190,191,-1,1504,191,1505,-1,1505,191,192,-1,1505,192,1506,-1,1506,192,193,-1,1506,193,1507,-1,1507,193,194,-1,1507,194,1508,-1,1508,194,195,-1,1508,195,1509,-1,1509,195,196,-1,1509,196,1510,-1,1510,196,197,-1,1510,197,1511,-1,1511,197,198,-1,1511,198,1512,-1,1512,198,199,-1,1512,199,1513,-1,1513,199,200,-1,1513,200,1514,-1,1514,200,201,-1,1514,201,1515,-1,1515,201,202,-1,1515,202,1516,-1,1516,202,130,-1,
        ]
    }
}