#VRML V2.0 utf8
# 3D model generated by easyeda2kicad.py (https://github.com/uPesy/easyeda2kicad.py)

Shape{
    appearance Appearance {
        material  Material 	{
            diffuseColor 1.0 1.0 1.0
            specularColor 0.5019607843137255 0.5019607843137255 0.5019607843137255
            ambientIntensity 1.0
            transparency 0.0
            shininess 0.5
        }
    }
    geometry IndexedFaceSet {
        ccw TRUE
        solid FALSE
        coord DEF co Coordinate {
            point [
                -1.4173 -0.6791 0.4724, -1.4173 -0.6791 0.0984, -1.4163 -0.688 0.0984, -1.4163 -0.688 0.4724, -1.4133 -0.6965 0.0984, -1.4133 -0.6965 0.4724, -1.4173 0.1951 0.5512, -1.4173 -0.1986 0.5512, -1.4173 -0.6791 1.0039, -1.4173 -0.6791 0.5512, -1.4173 -0.4742 0.5512, -1.4173 -0.4742 0.4724, -1.4173 -0.1986 0.4724, -1.4173 0.6756 0.0984, -1.4173 0.1951 0.4724, -1.4173 0.6756 1.0039, -1.4173 0.6756 0.5512, -1.4173 0.4707 0.5512, -1.4173 0.6756 0.4724, -1.4173 0.4707 0.4724, -1.4133 0.6929 0.4724, -1.4133 0.6929 0.0984, -1.4163 0.6845 0.0984, -1.4163 0.6845 0.4724, 1.4133 -0.6965 1.0039, 1.4133 -0.6965 0.5512, 1.4163 -0.688 0.5512, 1.4163 -0.688 1.0039, 1.4173 -0.6791 0.5512, 1.4173 -0.6791 1.0039, 1.4173 -0.6791 0.4724, 1.4173 -0.6791 0.0984, 1.4173 -0.4742 0.4724, 1.4173 0.6756 0.0984, 1.4173 -0.1986 0.4724, 1.4173 -0.1986 0.5512, 1.4173 -0.4742 0.5512, 1.4173 0.6756 1.0039, 1.4173 0.1951 0.5512, 1.4173 0.6756 0.4724, 1.4173 0.4707 0.4724, 1.4173 0.6756 0.5512, 1.4173 0.4707 0.5512, 1.4173 0.1951 0.4724, 1.4163 0.6845 0.5512, 1.4163 0.6845 1.0039, 1.4133 0.6929 0.5512, 1.4133 0.6929 1.0039, 1.4133 -0.6965 0.0984, 1.4133 -0.6965 0.4724, 1.3358 -0.8358 0.0984, 1.3152 -0.8679 0.4724, 1.3016 -0.8848 0.0984, 1.3016 -0.8848 1.0039, 1.3152 -0.8679 0.5512, 1.3358 -0.8358 1.0039, -1.3152 -0.8679 0.5512, -1.3152 -0.8679 0.4724, -1.3016 -0.8848 0.0984, -1.3358 -0.8358 0.0984, -1.4133 -0.6965 1.0039, -1.4133 -0.6965 0.5512, -1.3358 -0.8358 1.0039, -1.3016 -0.8848 1.0039, -1.2447 -0.9666 1.0039, -1.2447 -0.9666 0.0984, -1.1667 -1.0572 1.0039, -1.1667 -1.0572 0.0984, -1.1407 -1.0875 1.0039, -1.1407 -1.0875 0.0984, -1.0251 -1.1972 1.0039, -1.0251 -1.1972 0.0984, -1.0094 -1.2094 1.0039, -1.0094 -1.2094 0.0984, -0.899 -1.2947 1.0039, -0.899 -1.2947 0.0984, -0.8314 -1.3369 1.0039, -0.8314 -1.3369 0.0984, -0.7637 -1.379 1.0039, -0.7637 -1.379 0.0984, -0.6385 -1.4404 1.0039, -0.6385 -1.4404 0.0984, -0.6206 -1.4491 1.0039, -0.6206 -1.4491 0.0984, -0.4711 -1.5045 1.0039, -0.4711 -1.5045 0.0984, -0.4325 -1.5144 1.0039, -0.4325 -1.5144 0.0984, -0.3168 -1.5444 1.0039, -0.3168 -1.5444 0.0984, -0.2183 -1.5595 1.0039, -0.2183 -1.5595 0.0984, -0.1592 -1.5685 1.0039, -0.1592 -1.5685 0.0984, 0.0 -1.5766 1.0039, 0.0 -1.5766 0.0984, 0.1592 -1.5685 1.0039, 0.1592 -1.5685 0.0984, 0.2183 -1.5595 1.0039, 0.2183 -1.5595 0.0984, 0.3168 -1.5444 1.0039, 0.3168 -1.5444 0.0984, 0.4325 -1.5144 1.0039, 0.4325 -1.5144 0.0984, 0.4711 -1.5045 1.0039, 0.4711 -1.5045 0.0984, 0.6206 -1.4491 1.0039, 0.6206 -1.4491 0.0984, 0.6385 -1.4404 1.0039, 0.6385 -1.4404 0.0984, 0.7637 -1.379 1.0039, 0.7637 -1.379 0.0984, 0.8314 -1.3369 1.0039, 0.8314 -1.3369 0.0984, 0.899 -1.2947 1.0039, 0.899 -1.2947 0.0984, 1.0094 -1.2094 1.0039, 1.0094 -1.2094 0.0984, 1.0251 -1.1972 1.0039, 1.0251 -1.1972 0.0984, 1.1407 -1.0875 1.0039, 1.1407 -1.0875 0.0984, 1.1667 -1.0572 1.0039, 1.1667 -1.0572 0.0984, 1.2447 -0.9666 1.0039, 1.2447 -0.9666 0.0984, 0.5441 1.476 0.2998, 0.5515 1.4733 0.3162, 0.5553 1.4719 0.3175, -0.6489 1.4331 0.4483, -0.6657 1.4254 0.4483, -0.5586 1.4706 0.5265, 1.4133 0.6929 0.4724, 1.4133 0.6929 0.0984, 1.3898 0.7389 0.0984, -1.3898 0.7389 0.4724, -1.3152 0.8644 0.4724, -1.269 0.9308 0.0984, -1.3152 0.8644 0.5512, -1.3898 0.7389 0.0984, 1.3898 0.7389 0.5512, 1.3152 0.8644 0.5512, 1.269 0.9308 1.0039, 1.269 0.9308 0.0984, 1.3152 0.8644 0.4724, 1.3898 0.7389 0.4724, 1.3898 0.7389 1.0039, -1.3898 0.7389 0.5512, -1.4133 0.6929 0.5512, -1.3898 0.7389 1.0039, -1.4133 0.6929 1.0039, -0.1268 1.5679 0.3559, -0.1274 1.5679 0.3568, -0.1324 1.5675 0.3872, -0.1299 1.5677 0.3603, -0.1301 1.5677 0.3606, -0.1335 1.5674 0.3635, -0.1345 1.5673 0.3644, -0.1379 1.567 0.3662, -0.1414 1.5667 0.368, -0.1445 1.5664 0.3688, -0.1406 1.5667 0.3922, -0.1546 1.5654 0.3714, -0.1444 1.5664 0.3945, -0.1686 1.564 0.3734, -0.1635 1.5645 0.3987, -0.1576 1.5651 0.3982, -0.1554 1.5653 0.3979, -0.1486 1.566 0.3958, -0.1827 1.5624 0.3754, -0.1822 1.5625 0.3816, -0.182 1.5625 0.3825, -0.1807 1.5626 0.3876, -0.1805 1.5627 0.3882, -0.1792 1.5628 0.3907, -0.1786 1.5629 0.3919, -0.1783 1.5629 0.3923, -0.1764 1.5631 0.3943, -0.1764 1.5631 0.3943, -0.1741 1.5634 0.3959, -0.1734 1.5635 0.3964, -0.1717 1.5637 0.3971, -0.1696 1.5639 0.3979, -0.1683 1.564 0.3981, -0.237 1.5551 0.66, -0.3047 1.5433 0.66, -0.3379 1.5364 1.0039, -0.1169 1.5687 0.6208, -0.1202 1.5684 0.6288, -0.1134 1.5689 1.0039, -0.1141 1.5689 0.6141, -0.1226 1.5682 0.6321, -0.1304 1.5676 0.6426, -0.1321 1.5675 0.6442, -0.1341 1.5673 0.646, -0.1421 1.5666 0.6516, -0.147 1.5662 0.655, -0.1525 1.5656 0.657, -0.1606 1.5648 0.66, -0.1631 1.5646 0.6603, -0.1792 1.5628 0.6622, -0.183 1.5624 0.6619, -0.2105 1.5589 0.6568, -0.1995 1.5603 0.6599, -0.1964 1.5607 0.6608, -0.254 1.5524 0.5866, -0.254 1.5524 0.5417, -0.301 1.544 0.5866, -0.3077 1.5427 0.5417, -0.301 1.544 0.6019, -0.3047 1.5433 0.6446, -0.254 1.5524 0.6019, -0.254 1.5524 0.6446, -0.1966 1.5607 0.5425, -0.2017 1.5601 0.5447, -0.173 1.5635 0.6462, -0.2105 1.5589 0.5485, -0.2105 1.5589 0.6387, -0.2035 1.5598 0.6415, -0.1957 1.5608 0.6446, -0.1926 1.5612 0.645, -0.1793 1.5628 0.6467, -0.1736 1.5634 0.6464, -0.1906 1.5614 0.5415, -0.1646 1.5644 0.6446, -0.1627 1.5646 0.6442, -0.1571 1.5652 0.6417, -0.1533 1.5656 0.64, -0.1505 1.5658 0.6378, -0.1432 1.5665 0.6318, -0.1421 1.5666 0.6306, -0.1375 1.567 0.6237, -0.1353 1.5672 0.6204, -0.1336 1.5674 0.6159, -0.1311 1.5676 0.609, -0.1309 1.5676 0.6072, -0.1292 1.5677 0.5917, -0.1293 1.5677 0.5911, -0.1308 1.5676 0.5773, -0.1311 1.5676 0.5748, -0.1331 1.5674 0.5694, -0.1352 1.5672 0.5639, -0.1372 1.567 0.561, -0.1422 1.5666 0.5537, -0.153 1.5656 0.5452, -0.1586 1.565 0.5429, -0.1559 1.5653 0.5457, -0.1618 1.5647 0.5415, -0.1659 1.5643 0.541, -0.1445 1.5664 0.5515, -0.1459 1.5663 0.5504, -0.1522 1.5657 0.5458, -0.1764 1.5631 0.5396, -0.1806 1.5626 0.5398, -0.3077 1.5427 0.5265, -0.3323 1.5376 0.5265, -0.3323 1.5376 0.66, -0.3371 1.5365 0.2927, -0.3321 1.5376 0.2835, -0.3379 1.5364 0.0984, -0.3318 1.5377 0.2831, -0.3275 1.5386 0.2782, -0.3272 1.5387 0.278, -0.3228 1.5396 0.2746, -0.3217 1.5398 0.2738, -0.3181 1.5406 0.2722, -0.3155 1.5411 0.2711, -0.3133 1.5416 0.2708, -0.3077 1.5427 0.2699, -0.3022 1.5438 0.2703, -0.283 1.5474 0.3302, -0.2972 1.5447 0.2862, -0.2843 1.5472 0.3339, -0.2845 1.5471 0.3342, -0.2826 1.5475 0.3291, -0.2813 1.5477 0.327, -0.2798 1.548 0.3249, -0.2787 1.5482 0.3239, -0.2746 1.5489 0.3201, -0.2972 1.5447 0.2713, -0.2722 1.5493 0.3186, -0.2716 1.5494 0.3183, -0.2656 1.5505 0.3159, -0.2624 1.551 0.3145, -0.2574 1.5518 0.3139, -0.2473 1.5535 0.3126, -0.2402 1.5546 0.3133, -0.2337 1.5556 0.314, -0.1992 1.5604 0.3148, -0.2217 1.5574 0.3354, -0.1992 1.5604 0.3761, -0.2217 1.5574 0.3181, -0.2301 1.5561 0.3153, -0.1134 1.5689 0.0984, -0.1827 1.5624 0.3148, -0.2807 1.5478 0.4081, -0.2807 1.5478 0.3918, -0.2938 1.5454 0.4101, -0.1833 1.5624 0.4086, -0.1848 1.5622 0.4077, -0.2242 1.557 0.3954, -0.1885 1.5617 0.4054, -0.1886 1.5617 0.4052, -0.1917 1.5614 0.4021, -0.1918 1.5613 0.402, -0.1943 1.561 0.3982, -0.1951 1.5609 0.397, -0.1964 1.5608 0.3933, -0.1977 1.5606 0.3897, -0.2239 1.557 0.3944, -0.2219 1.5573 0.3853, -0.198 1.5605 0.3867, -0.2225 1.5572 0.3903, -0.2226 1.5572 0.3906, -0.237 1.5551 0.5265, -0.1324 1.5675 0.4034, -0.1347 1.5673 0.4048, -0.1414 1.5667 0.4075, -0.1476 1.5661 0.41, -0.1517 1.5657 0.4105, -0.2256 1.5568 0.3976, -0.1767 1.5631 0.411, -0.1803 1.5627 0.4097, -0.165 1.5644 0.4123, -0.1745 1.5633 0.4112, -0.2344 1.5555 0.406, -0.2355 1.5553 0.4066, -0.227 1.5566 0.3997, -0.2281 1.5564 0.4007, -0.2324 1.5558 0.4047, -0.2411 1.5545 0.4089, -0.2448 1.5539 0.4104, -0.249 1.5532 0.411, -0.2717 1.5494 0.4107, -0.2585 1.5517 0.4123, -0.2602 1.5514 0.4121, -0.27 1.5497 0.4112, -0.3379 1.5364 0.5265, -0.3379 1.5364 0.333, -0.3365 1.5367 0.3385, -0.3243 1.5393 0.3743, -0.3121 1.5418 0.4101, -0.1827 1.5624 0.3295, -0.1822 1.5625 0.3295, -0.1811 1.5626 0.3277, -0.1784 1.5629 0.3245, -0.1751 1.5633 0.3205, -0.1747 1.5633 0.3203, -0.1705 1.5638 0.3172, -0.1692 1.5639 0.3163, -0.1661 1.5643 0.3151, -0.1629 1.5646 0.3138, -0.1608 1.5648 0.3136, -0.1532 1.5656 0.3126, -0.145 1.5663 0.3134, -0.1434 1.5665 0.3136, -0.1402 1.5668 0.3148, -0.1374 1.567 0.3158, -0.136 1.5671 0.3168, -0.1312 1.5676 0.3201, -0.1294 1.5677 0.322, -0.1291 1.5677 0.3224, -0.1266 1.5679 0.326, -0.126 1.568 0.327, -0.125 1.5681 0.3296, -0.124 1.5681 0.3321, -0.1239 1.5682 0.3337, -0.1231 1.5682 0.3403, -0.1134 1.5689 0.5708, -0.1244 1.5681 0.35, -0.1255 1.568 0.3527, -0.2105 1.5589 0.532, -0.209 1.5591 0.5313, -0.2052 1.5596 0.53, -0.194 1.561 0.5263, -0.1936 1.5611 0.5263, -0.1739 1.5634 0.5243, -0.1699 1.5638 0.5244, -0.1637 1.5645 0.5254, -0.1533 1.5656 0.5271, -0.153 1.5656 0.5271, -0.1441 1.5664 0.5311, -0.1401 1.5668 0.5329, -0.136 1.5671 0.5362, -0.1282 1.5678 0.5425, -0.1268 1.5679 0.5442, -0.1211 1.5684 0.5526, -0.1185 1.5686 0.5566, -0.1241 1.5681 0.3478, -0.1134 1.5689 0.5704, -0.1164 1.5687 0.5622, -0.2993 1.5443 0.2854, -0.2852 1.547 0.3407, -0.285 1.547 0.3393, -0.3018 1.5438 0.285, -0.3065 1.5429 0.2842, -0.3083 1.5426 0.2845, -0.3103 1.5422 0.2848, -0.3114 1.5419 0.2851, -0.314 1.5414 0.2861, -0.314 1.5414 0.2861, -0.3161 1.541 0.2875, -0.3168 1.5408 0.288, -0.3183 1.5405 0.2897, -0.3198 1.5402 0.2913, -0.3204 1.5401 0.2925, -0.3304 1.538 0.315, -0.3121 1.5418 0.3626, -0.3268 1.5387 0.3063, -0.3232 1.5395 0.2977, -0.269 1.5499 0.397, -0.2656 1.5505 0.3975, -0.2632 1.5509 0.3669, -0.2569 1.5519 0.3987, -0.2555 1.5522 0.3986, -0.2536 1.5525 0.3985, -0.2509 1.5529 0.3979, -0.2483 1.5533 0.3973, -0.2472 1.5535 0.3968, -0.2439 1.554 0.3952, -0.2433 1.5541 0.3947, -0.2414 1.5544 0.393, -0.2413 1.5544 0.3928, -0.2404 1.5546 0.3915, -0.2401 1.5546 0.3912, -0.2397 1.5547 0.3902, -0.2393 1.5547 0.3892, -0.2392 1.5548 0.3885, -0.2388 1.5548 0.3859, -0.2389 1.5548 0.3855, -0.2393 1.5547 0.3829, -0.2395 1.5547 0.3821, -0.24 1.5546 0.3807, -0.2407 1.5545 0.3793, -0.2411 1.5545 0.3787, -0.2424 1.5543 0.377, -0.2487 1.5533 0.3732, -0.2585 1.5517 0.3688, -0.2745 1.5489 0.3608, -0.2678 1.5501 0.3644, -0.2788 1.5482 0.393, -0.2732 1.5491 0.3953, -0.2759 1.5487 0.3597, -0.2797 1.548 0.3565, -0.2812 1.5477 0.3543, -0.2822 1.5475 0.3528, -0.2832 1.5474 0.3502, -0.2843 1.5472 0.3475, -0.2845 1.5471 0.346, -0.2468 1.5536 0.3567, -0.2404 1.5546 0.3274, -0.2489 1.5532 0.3262, -0.2525 1.5526 0.3265, -0.2562 1.5521 0.3268, -0.2585 1.5517 0.3274, -0.2611 1.5512 0.3282, -0.2616 1.5512 0.3284, -0.2617 1.5511 0.3285, -0.2638 1.5508 0.3297, -0.2639 1.5508 0.3298, -0.2652 1.5505 0.331, -0.2657 1.5505 0.3315, -0.2664 1.5503 0.3326, -0.2667 1.5503 0.333, -0.2672 1.5502 0.3342, -0.2677 1.5501 0.3355, -0.2679 1.5501 0.3363, -0.2683 1.55 0.3391, -0.2682 1.55 0.3409, -0.2681 1.55 0.3412, -0.2677 1.5501 0.343, -0.2676 1.5501 0.3435, -0.2671 1.5502 0.3444, -0.2665 1.5503 0.3454, -0.2662 1.5504 0.3458, -0.2572 1.5519 0.3523, -0.2641 1.5507 0.3482, -0.2406 1.5545 0.3595, -0.2321 1.5558 0.3301, -0.2373 1.5551 0.3279, -0.2302 1.5561 0.3658, -0.2351 1.5554 0.3628, -0.2239 1.557 0.334, -0.2263 1.5567 0.3325, -0.2292 1.5563 0.3667, -0.2265 1.5567 0.3693, -0.2256 1.5568 0.3707, -0.2249 1.5569 0.3719, -0.2239 1.557 0.3746, -0.2228 1.5572 0.3773, -0.2225 1.5572 0.3789, -0.2218 1.5573 0.3844, -0.0526 1.5722 0.4329, -0.0526 1.5722 0.3902, -0.1041 1.5696 0.4329, -0.1003 1.5698 0.3902, -0.1003 1.5698 0.3749, -0.1057 1.5695 0.5417, -0.1057 1.5695 0.5265, 0.1089 1.5693 0.357, 0.1134 1.5689 0.3531, 0.1134 1.5689 0.0984, -0.0354 1.5726 0.4483, 0.1134 1.5689 0.5383, 0.1119 1.5691 0.5371, 0.1117 1.5691 0.5369, 0.0961 1.5701 0.5163, 0.0913 1.5704 0.51, 0.0851 1.5707 0.4951, 0.0787 1.5711 0.48, 0.0775 1.5711 0.472, 0.0782 1.5711 0.4129, -0.0354 1.5726 0.3148, 0.0771 1.5712 0.4215, 0.0738 1.5713 0.4472, 0.0837 1.5708 0.3988, 0.089 1.5705 0.385, 0.0935 1.5702 0.3787, -0.1071 1.5694 0.3148, -0.1071 1.5694 0.33, -0.0526 1.5722 0.5417, -0.1132 1.569 0.5728, -0.1112 1.5691 0.5907, -0.0526 1.5722 0.66, -0.1112 1.5691 0.5929, -0.1113 1.5691 0.5934, -0.1134 1.5689 0.6088, -0.1136 1.5689 0.6101, -0.0354 1.5726 0.66, 0.1134 1.5689 1.0039, -0.0354 1.5726 0.5265, -0.3385 1.5362 0.3306, -0.3389 1.5361 0.3306, -0.3409 1.5357 0.3383, -0.3536 1.5328 0.3742, -0.3663 1.5298 0.4101, -0.4285 1.5136 0.5581, -0.3831 1.5257 0.4101, -0.4311 1.5129 0.5641, -0.4346 1.5119 0.5722, -0.4261 1.5143 0.5551, -0.4183 1.5165 0.5452, -0.4168 1.5169 0.5438, -0.4076 1.5194 0.5374, -0.4035 1.5205 0.5345, -0.3975 1.522 0.5322, -0.3889 1.5243 0.529, -0.3863 1.5249 0.5286, -0.3681 1.5294 0.5265, -0.5279 1.4819 0.563, -0.4753 1.4996 0.563, -0.5343 1.4796 0.5448, -0.4691 1.5015 0.5448, -0.5407 1.4773 0.5265, -0.4666 1.5023 0.4483, -0.4935 1.4937 0.4483, -0.5476 1.4747 0.4461, -0.5553 1.4719 0.5265, -0.5432 1.4764 0.4467, -0.5295 1.4813 0.4483, -0.4172 1.5168 0.3749, -0.4172 1.5168 0.33, -0.463 1.5034 0.3749, -0.4695 1.5014 0.33, -0.463 1.5034 0.3902, -0.4666 1.5023 0.4329, -0.4172 1.5168 0.3902, -0.4172 1.5168 0.4329, -0.5458 1.4754 0.3169, -0.5282 1.4818 0.3148, -0.5553 1.4719 0.0984, -0.4935 1.4937 0.3148, -0.4695 1.5014 0.3148, -0.4006 1.5212 0.3148, -0.3379 1.5364 0.294, -0.3621 1.5308 0.3553, -0.341 1.5357 0.3004, -0.3399 1.5359 0.2978, -0.4006 1.5212 0.4483, -0.3379 1.5364 0.66, -0.3695 1.5291 0.66, -0.3836 1.5256 0.6584, -0.3882 1.5244 0.6578, -0.3962 1.5224 0.6549, -0.4043 1.5202 0.6519, -0.4077 1.5193 0.6496, -0.4183 1.5165 0.6423, -0.4933 1.4938 0.66, -0.4231 1.5151 0.6372, -0.4234 1.515 0.6369, -0.4289 1.5135 0.6287, -0.4313 1.5128 0.6251, -0.433 1.5123 0.6202, -0.4357 1.5116 0.6127, -0.436 1.5115 0.6104, -0.4691 1.5015 0.5932, -0.4377 1.511 0.5949, -0.4373 1.5111 0.5872, -0.4371 1.5112 0.5857, -0.435 1.5118 0.5741, -0.4448 1.5089 0.5265, -0.463 1.5034 0.5265, -0.5553 1.4719 1.0039, -0.5108 1.4879 0.66, -0.5347 1.4795 0.5932, -0.6944 1.4117 0.3148, -0.6882 1.4147 0.3331, -0.6198 1.4459 0.3148, -0.6257 1.4434 0.3331, -0.6821 1.4176 0.3513, -0.6316 1.4408 0.3513, -0.6023 1.4533 0.3148, -0.7613 1.3768 0.0984, -0.5553 1.4718 0.5356, -0.7613 1.3768 1.0039, -0.6886 1.4145 0.3815, -0.7114 1.4032 0.3148, -0.5553 1.4719 0.4432, -0.5554 1.4718 0.4432, -0.5814 1.4618 0.4255, -0.5817 1.4617 0.4252, -0.5633 1.4689 0.4402, -0.5666 1.4676 0.4379, -0.5768 1.4636 0.4306, -0.587 1.4595 0.417, -0.5893 1.4586 0.4134, -0.591 1.4579 0.4085, -0.5935 1.4569 0.401, -0.5938 1.4568 0.3987, -0.6257 1.4434 0.3815, -0.5954 1.4561 0.3832, -0.5951 1.4563 0.3755, -0.5949 1.4564 0.374, -0.5928 1.4572 0.3624, -0.5925 1.4573 0.3605, -0.5891 1.4587 0.3524, -0.5866 1.4597 0.3464, -0.5843 1.4606 0.3434, -0.5768 1.4636 0.3335, -0.5753 1.4642 0.3321, -0.5664 1.4676 0.3257, -0.5624 1.4692 0.3228, -0.5566 1.4714 0.3205, -0.5553 1.4719 0.32, -0.5484 1.4745 0.3173, 0.5553 1.4719 1.0039, 0.5495 1.4741 0.6146, 0.5434 1.4763 0.6154, 0.4755 1.4995 0.6407, 0.4553 1.5058 0.6588, 0.4951 1.4932 0.617, 0.5071 1.4891 0.6184, 0.5158 1.4862 0.6189, 0.444 1.5091 0.6662, 0.4352 1.5117 0.6719, 0.4128 1.5178 0.6811, 0.3452 1.5347 0.6958, 0.3379 1.5364 1.0039, 0.3794 1.5265 0.6913, 0.392 1.5235 0.6897, 0.5771 1.4634 0.3275, 0.5962 1.4558 0.3378, 0.7613 1.3768 0.0984, 0.6007 1.4539 0.342, 0.6219 1.445 0.3618, 0.6356 1.439 0.3833, 0.6421 1.4362 0.3935, 0.6473 1.4339 0.4086, 0.6545 1.4306 0.4294, 0.6582 1.4289 0.4712, 0.6581 1.429 0.4744, 0.7613 1.3768 1.0039, 0.6552 1.4303 0.436, 0.6583 1.4288 0.4652, 0.654 1.4308 0.4987, 0.6521 1.4317 0.5107, 0.646 1.4344 0.5253, 0.6378 1.4381 0.5452, 0.634 1.4398 0.5505, 0.6176 1.4469 0.5734, 0.6134 1.4486 0.5776, 0.6112 1.4496 0.5799, 0.592 1.4574 0.5942, 0.5826 1.4613 0.6012, 0.5688 1.4666 0.6068, 0.5553 1.4718 0.6123, 0.3378 1.536 0.3761, 0.3748 1.5278 0.3561, 0.3748 1.5278 0.3466, 0.3763 1.5274 0.3324, 0.377 1.5273 0.3265, 0.3379 1.5364 0.0984, 0.3807 1.5263 0.3154, 0.3845 1.5254 0.3045, 0.3876 1.5246 0.2996, 0.3969 1.5222 0.2851, 0.397 1.5222 0.285, 0.4035 1.5205 0.2779, 0.4035 1.5205 0.2779, 0.4173 1.5167 0.2674, 0.4219 1.5155 0.2638, 0.4323 1.5125 0.2595, 0.4662 1.5024 0.2517, 0.5553 1.4719 0.0984, 0.4488 1.5077 0.2541, 0.4432 1.5094 0.2549, 0.4777 1.4988 0.2532, 0.489 1.4952 0.2547, 0.4939 1.4936 0.2567, 0.5095 1.4884 0.2631, 0.5097 1.4883 0.2632, 0.5233 1.4835 0.2735, 0.5276 1.482 0.2767, 0.5346 1.4795 0.2855, 0.5418 1.4769 0.2946, 0.5637 1.4687 0.3202, 0.3379 1.5363 0.638, 0.3379 1.5363 0.4424, 0.336 1.5368 0.4434, 0.2965 1.5448 0.6283, 0.2817 1.5476 0.6224, 0.2748 1.5488 0.6174, 0.312 1.5418 0.6346, 0.3197 1.5402 0.6356, 0.1441 1.5664 0.4067, 0.1415 1.5667 0.4104, 0.2446 1.5539 0.4263, 0.1382 1.567 0.4185, 0.1353 1.5672 0.4259, 0.1346 1.5673 0.4306, 0.1325 1.5674 0.4462, 0.1333 1.5674 0.4551, 0.1336 1.5674 0.459, 0.1363 1.5671 0.468, 0.1386 1.5669 0.4759, 0.1411 1.5667 0.4802, 0.147 1.5662 0.4903, 0.1476 1.5661 0.491, 0.1566 1.5652 0.5009, 0.1568 1.5652 0.5011, 0.1673 1.5641 0.5087, 0.1711 1.5637 0.5114, 0.179 1.5628 0.5146, 0.1863 1.562 0.5176, 0.2207 1.5575 0.5502, 0.2281 1.5564 0.5649, 0.2736 1.5491 0.4766, 0.1909 1.5614 0.5182, 0.2061 1.5595 0.5202, 0.2591 1.5516 0.4514, 0.2136 1.5585 0.5202, 0.2188 1.5578 0.542, 0.2355 1.5553 0.5798, 0.2409 1.5545 0.5859, 0.2571 1.5519 0.6047, 0.1284 1.5678 0.3401, 0.1325 1.5675 0.3365, 0.1488 1.5659 0.3282, 0.1618 1.5647 0.3216, 0.1694 1.5638 0.3199, 0.1948 1.5609 0.3143, 0.1976 1.5606 0.3143, 0.2005 1.5602 0.3143, 0.2502 1.553 0.3143, 0.2553 1.5522 0.3154, 0.2572 1.5519 0.3158, 0.2605 1.5513 0.3175, 0.2638 1.5508 0.3191, 0.2652 1.5505 0.3202, 0.2694 1.5498 0.3237, 0.2723 1.5493 0.3277, 0.2762 1.5486 0.336, 0.2748 1.5489 0.3326, 0.2732 1.5492 0.329, 0.2765 1.5486 0.3381, 0.2774 1.5484 0.3438, 0.2766 1.5486 0.349, 0.2727 1.5492 0.3593, 0.2695 1.5498 0.3636, 0.31 1.5422 0.3912, 0.2762 1.5486 0.3516, 0.275 1.5488 0.3544, 0.2734 1.5491 0.3584, 0.2691 1.5499 0.3641, 0.2687 1.5499 0.3646, 0.2685 1.55 0.3647, 0.2643 1.5507 0.368, 0.263 1.5509 0.369, 0.2594 1.5515 0.3705, 0.2561 1.5521 0.372, 0.254 1.5524 0.3723, 0.2484 1.5533 0.3732, 0.2427 1.5542 0.3722, 0.2005 1.5602 0.3722, 0.1871 1.5619 0.375, 0.1817 1.5625 0.3761, 0.1749 1.5633 0.3794, 0.1657 1.5643 0.384, 0.1632 1.5645 0.386, 0.1525 1.5656 0.3951, 0.1521 1.5657 0.3956, 0.152 1.5657 0.3958, 0.1518 1.5657 0.3959, 0.3613 1.5309 0.6366, 0.3785 1.5269 0.6343, 0.4148 1.5174 0.4259, 0.3842 1.5254 0.6319, 0.4066 1.5196 0.6226, 0.4082 1.5192 0.6219, 0.4267 1.5141 0.6081, 0.4315 1.5128 0.6045, 0.443 1.5094 0.5906, 0.4527 1.5066 0.5788, 0.4559 1.5056 0.5719, 0.3978 1.522 0.4102, 0.4107 1.5185 0.4221, 0.3443 1.5349 0.6388, 0.5428 1.4765 0.3969, 0.5553 1.4719 0.5516, 0.5462 1.4753 0.3894, 0.5553 1.4718 0.383, 0.5506 1.4736 0.3798, 0.5373 1.4785 0.4041, 0.5287 1.4816 0.4156, 0.5261 1.4826 0.4176, 0.5145 1.4866 0.4268, 0.5102 1.4881 0.4302, 0.5551 1.4719 0.5517, 0.5001 1.4915 0.4346, 0.5444 1.4759 0.5558, 0.5345 1.4795 0.5596, 0.4921 1.4942 0.5588, 0.4977 1.4923 0.5596, 0.4894 1.4951 0.4392, 0.5149 1.4865 0.562, 0.5285 1.4817 0.5603, 0.4811 1.4977 0.5542, 0.4839 1.4968 0.44, 0.4705 1.5011 0.5498, 0.4662 1.5024 0.4424, 0.4671 1.5022 0.5477, 0.456 1.5056 0.4418, 0.4558 1.5056 0.4418, 0.4397 1.5104 0.4378, 0.4344 1.5119 0.4365, 0.4247 1.5146 0.4313, 0.5889 1.4588 0.4151, 0.5592 1.4704 0.5487, 0.5729 1.4651 0.5389, 0.5732 1.465 0.5387, 0.5792 1.4626 0.5325, 0.5793 1.4626 0.5324, 0.6013 1.4537 0.4854, 0.6036 1.4528 0.4671, 0.6017 1.4536 0.4485, 0.6006 1.454 0.4913, 0.5964 1.4557 0.5025, 0.5923 1.4574 0.5135, 0.5891 1.4587 0.5182, 0.6015 1.4536 0.4466, 0.5966 1.4556 0.4319, 0.5941 1.4567 0.4243, 0.5891 1.4587 0.4155, 0.5873 1.4594 0.4122, 0.5781 1.4631 0.4016, 0.5714 1.4657 0.3938, 0.5665 1.4676 0.3905, 0.2825 1.5473 0.6831, 0.2609 1.5513 0.6752, 0.3379 1.5363 0.6949, 0.3173 1.5406 0.6924, 0.3031 1.5436 0.6907, 0.1531 1.5655 0.5649, 0.1379 1.567 0.558, 0.2484 1.5532 0.6667, 0.2183 1.5578 0.6464, 0.2038 1.5597 0.6291, 0.1675 1.5641 0.5715, 0.1825 1.5624 0.6018, 0.1849 1.5622 0.6065, -0.0526 1.5722 0.3749, -0.0526 1.5722 0.33, -0.1041 1.5696 0.4483, 0.1318 1.5675 0.5531, 0.9514 1.2531 1.0039, 0.9514 1.2531 0.0984, 1.1218 1.1035 1.0039, 1.1218 1.1035 0.0984, -1.269 0.9308 1.0039, -1.1218 1.1035 1.0039, -1.1218 1.1035 0.0984, -0.9514 1.2531 1.0039, -0.9514 1.2531 0.0984, -0.2131 -1.5223 1.0433, 0.0 -1.5372 1.0433, -0.02 -1.3152 1.0433, 0.2131 1.5188 1.0433, 0.0 1.5337 1.0433, 0.02 1.3117 1.0433, -0.2384 1.1307 1.0433, -0.1571 1.1448 1.0433, -0.1553 1.1817 1.0433, 0.1553 1.1817 1.0433, 0.8116 1.3016 1.0433, 0.1436 1.2201 1.0433, 0.6229 1.4016 1.0433, 0.1227 1.2542 1.0433, 0.4221 1.4745 1.0433, 0.0938 1.282 1.0433, 0.0588 1.3016 1.0433, 0.8116 -1.3051 1.0433, 0.1553 -1.1852 1.0433, 0.6229 -1.4052 1.0433, 0.1436 -1.2236 1.0433, 0.4221 -1.478 1.0433, 0.1227 -1.2578 1.0433, 0.2131 -1.5223 1.0433, 0.0938 -1.2855 1.0433, 0.0588 -1.3051 1.0433, 0.02 -1.3152 1.0433, -0.0588 -1.3051 1.0433, -0.0938 -1.2855 1.0433, -0.4221 -1.478 1.0433, -0.1227 -1.2578 1.0433, -0.6229 -1.4052 1.0433, -0.1436 -1.2236 1.0433, -0.8116 -1.3051 1.0433, -0.1553 -1.1852 1.0433, -0.2131 1.5188 1.0433, -0.0588 1.3016 1.0433, -0.02 1.3117 1.0433, 0.1571 1.1448 1.0433, 0.1709 1.1428 1.0433, 1.378 0.6756 1.0433, 1.0848 0.4012 1.0433, 1.1249 0.2701 1.0433, 0.305 1.1145 1.0433, 0.4349 1.0706 1.0433, -0.1571 -1.1483 1.0433, -0.2384 -1.1342 1.0433, -0.3706 -1.0981 1.0433, 1.1491 0.1351 1.0433, 1.1572 -0.0018 1.0433, 1.378 -0.6791 1.0433, 1.1491 -0.1386 1.0433, 1.1249 -0.2736 1.0433, 1.0848 -0.4047 1.0433, 1.0295 -0.5302 1.0433, 1.2706 -0.8638 1.0433, 0.9598 -0.6483 1.0433, 1.1387 -1.0318 1.0433, 0.8766 -0.7572 1.0433, 0.9847 -1.1799 1.0433, 0.7811 -0.8556 1.0433, 0.6746 -0.942 1.0433, 0.5587 -1.0152 1.0433, -0.8116 1.3016 1.0433, -0.4977 1.043 1.0433, -0.3706 1.0945 1.0433, 0.5587 1.0117 1.0433, 0.6746 0.9385 1.0433, 0.9847 1.1763 1.0433, 0.7811 0.8521 1.0433, 1.1387 1.0283 1.0433, 0.8766 0.7537 1.0433, 1.2706 0.8603 1.0433, 0.9598 0.6447 1.0433, 1.0295 0.5267 1.0433, -1.139 0.2029 1.0433, -1.1068 0.3362 1.0433, -1.378 0.6756 1.0433, -1.059 0.4647 1.0433, -1.2706 0.8603 1.0433, 0.4349 -1.0742 1.0433, 0.305 -1.1181 1.0433, 0.1709 -1.1463 1.0433, 0.1571 -1.1483 1.0433, -1.1068 -0.3397 1.0433, -1.139 -0.2065 1.0433, -1.378 -0.6791 1.0433, -1.1552 -0.0703 1.0433, -1.1552 0.0668 1.0433, -0.6229 1.4016 1.0433, -0.1436 1.2201 1.0433, -0.4221 1.4745 1.0433, -0.1227 1.2542 1.0433, -0.0938 1.282 1.0433, -0.4977 -1.0465 1.0433, -0.6178 -0.9803 1.0433, -0.9847 -1.1799 1.0433, -0.7292 -0.9004 1.0433, -1.1387 -1.0318 1.0433, -0.8303 -0.8078 1.0433, -1.2706 -0.8638 1.0433, -0.9198 -0.704 1.0433, -0.9964 -0.5903 1.0433, -1.059 -0.4683 1.0433, -0.9964 0.5867 1.0433, -0.9198 0.7004 1.0433, -1.1387 1.0283 1.0433, -0.8303 0.8043 1.0433, -0.9847 1.1763 1.0433, -0.7292 0.8969 1.0433, -0.6178 0.9768 1.0433, -0.8368 0.5164 0.0591, -0.9178 0.3538 0.0591, -1.378 0.6756 0.0591, 0.0 1.5337 0.0591, 0.0908 0.9783 0.0591, -0.0908 0.9783 0.0591, -0.9675 0.1791 0.0591, -0.9843 -0.0018 0.0591, -1.378 -0.6791 0.0591, -0.0908 -0.9818 0.0591, 0.0908 -0.9818 0.0591, 0.0 -1.5372 0.0591, 0.7274 -0.6649 0.0591, 0.9995 -1.1673 0.0591, 0.5931 -0.7872 0.0591, 0.8766 -1.2624 0.0591, 0.4387 -0.8828 0.0591, 0.9843 -0.0018 0.0591, 1.378 0.6756 0.0591, 0.9675 -0.1826 0.0591, 1.378 -0.6791 0.0591, 0.9178 -0.3573 0.0591, 0.8368 -0.5199 0.0591, -0.7274 0.6613 0.0591, -0.9995 1.1638 0.0591, -0.5931 0.7837 0.0591, -0.8766 1.2589 0.0591, -0.4387 0.8793 0.0591, -0.9675 -0.1826 0.0591, -0.9178 -0.3573 0.0591, -1.3024 -0.8149 0.0591, -0.8368 -0.5199 0.0591, -1.2135 -0.9424 0.0591, -0.7274 -0.6649 0.0591, -0.2694 -0.9484 0.0591, -0.6051 -1.413 0.0591, -0.4387 -0.8828 0.0591, -0.7446 -1.3446 0.0591, -0.5931 -0.7872 0.0591, -0.1552 -1.5293 0.0591, -0.3089 -1.5058 0.0591, -0.4593 -1.4669 0.0591, 0.2694 -0.9484 0.0591, 0.3089 -1.5058 0.0591, 0.1552 -1.5293 0.0591, 0.7446 -1.3446 0.0591, 0.6051 -1.413 0.0591, 0.4593 -1.4669 0.0591, 1.3024 -0.8149 0.0591, 1.2135 -0.9424 0.0591, 1.1122 -1.0603 0.0591, 0.9675 0.1791 0.0591, 0.9178 0.3538 0.0591, 1.3024 0.8114 0.0591, 0.8368 0.5164 0.0591, 1.2135 0.9389 0.0591, 0.7274 0.6613 0.0591, 0.5931 0.7837 0.0591, 0.9995 1.1638 0.0591, 1.1122 1.0568 0.0591, -0.2694 0.9449 0.0591, -0.3089 1.5023 0.0591, -0.1552 1.5258 0.0591, -1.3024 0.8114 0.0591, -1.2135 0.9389 0.0591, -1.1122 1.0568 0.0591, -0.8766 -1.2624 0.0591, -0.9995 -1.1673 0.0591, -1.1122 -1.0603 0.0591, 0.2694 0.9449 0.0591, 0.6051 1.4094 0.0591, 0.4387 0.8793 0.0591, 0.7446 1.341 0.0591, 0.8766 1.2589 0.0591, 0.1552 1.5258 0.0591, 0.3089 1.5023 0.0591, 0.4593 1.4634 0.0591, -0.7446 1.341 0.0591, -0.6051 1.4094 0.0591, -0.4593 1.4634 0.0591, 0.9675 0.1791 0.0197, 0.9178 0.3538 0.0197, 0.8368 0.5164 0.0197, 0.7274 0.6613 0.0197, 0.5931 0.7837 0.0197, 0.4387 0.8793 0.0197, 0.2694 0.9449 0.0197, 0.0908 0.9783 0.0197, -0.0908 0.9783 0.0197, -0.2694 0.9449 0.0197, -0.4387 0.8793 0.0197, -0.5931 0.7837 0.0197, -0.7274 0.6613 0.0197, -0.8368 0.5164 0.0197, -0.9178 0.3538 0.0197, -0.9675 0.1791 0.0197, -0.9843 -0.0018 0.0197, -0.9675 -0.1826 0.0197, -0.9178 -0.3573 0.0197, -0.8368 -0.5199 0.0197, -0.7274 -0.6649 0.0197, -0.5931 -0.7872 0.0197, -0.4387 -0.8828 0.0197, -0.2694 -0.9484 0.0197, -0.0908 -0.9818 0.0197, 0.0908 -0.9818 0.0197, 0.2694 -0.9484 0.0197, 0.4387 -0.8828 0.0197, 0.5931 -0.7872 0.0197, 0.7274 -0.6649 0.0197, 0.8368 -0.5199 0.0197, 0.9178 -0.3573 0.0197, 0.9675 -0.1826 0.0197, 0.9843 -0.0018 0.0197, 0.0 -0.0018 0.0197, -0.0531 1.1542 1.0433, -0.1027 1.1497 1.0433, -0.0997 1.1166 1.1735, -0.1027 -1.1533 1.0433, -0.0997 -1.1201 1.1735, -0.0531 -1.1578 1.0433, 0.0343 -1.1578 1.0433, 0.0333 -1.1241 1.1735, 0.2378 0.1203 1.9576, 0.1197 0.0596 1.9805, 0.1261 0.0451 1.9805, -0.0856 0.2514 1.9576, -0.0431 0.1256 1.9805, -0.0277 0.1298 1.9805, 0.1558 -0.2189 1.9576, 0.0784 -0.111 1.9805, 0.0649 -0.1196 1.9805, 0.0 -0.0018 1.9882, 0.1116 0.0734 1.9805, -0.0578 0.1197 1.9805, 0.0355 -0.1315 1.9805, 0.0505 -0.1264 1.9805, 0.0199 -0.1348 1.9805, 0.0908 -0.101 1.9805, 0.1804 -0.1989 1.9576, 0.2676 -0.2943 1.9196, 0.1019 -0.0896 1.9805, 0.129 -0.2358 1.9576, 0.1004 -0.2494 1.9576, 0.0704 -0.2596 1.9576, 0.0395 -0.2661 1.9576, -0.1149 0.2395 1.9576, -0.1705 0.3562 1.9196, -0.0718 0.112 1.9805, 0.2217 0.1475 1.9576, 0.3289 0.2197 1.9196, 0.1019 0.086 1.9805, 0.2024 -0.1762 1.9576, 0.3004 -0.2606 1.9196, 0.3944 -0.3416 1.8673, 0.1116 -0.0769 1.9805, 0.2312 -0.3239 1.9196, 0.1914 -0.349 1.9196, 0.149 -0.3692 1.9196, 0.1045 -0.3843 1.9196, 0.0585 -0.3939 1.9196, -0.1427 0.2242 1.9576, -0.2117 0.3335 1.9196, -0.2779 0.4385 1.8673, -0.0847 0.1027 1.9805, 0.2024 0.1727 1.9576, 0.3004 0.2571 1.9196, 0.3944 0.3381 1.8673, 0.0908 0.0975 1.9805, 0.2217 -0.1511 1.9576, 0.3289 -0.2233 1.9196, 0.4318 -0.2926 1.8673, 0.5291 -0.3582 1.8011, 0.1197 -0.0632 1.9805, 0.3514 -0.3859 1.8673, 0.3035 -0.4248 1.8673, 0.2514 -0.4577 1.8673, 0.1957 -0.4842 1.8673, 0.1372 -0.504 1.8673, 0.0769 -0.5167 1.8673, -0.1684 0.2057 1.9576, -0.2498 0.3061 1.9196, -0.328 0.4025 1.8673, -0.402 0.4936 1.8011, -0.0965 0.0919 1.9805, 0.1804 0.1954 1.9576, 0.2676 0.2908 1.9196, 0.3514 0.3824 1.8673, 0.4306 0.4689 1.8011, 0.0784 0.1075 1.9805, 0.2378 -0.1238 1.9576, 0.3528 -0.1828 1.9196, 0.4632 -0.2395 1.8673, 0.5676 -0.2931 1.8011, 0.6646 -0.3429 1.722, 0.1261 -0.0486 1.9805, 0.4833 -0.4182 1.8011, 0.4306 -0.4725 1.8011, 0.3719 -0.5201 1.8011, 0.308 -0.5604 1.8011, 0.2398 -0.593 1.8011, 0.1682 -0.6172 1.8011, 0.0942 -0.6327 1.8011, -0.1917 0.1844 1.9576, -0.2845 0.2744 1.9196, -0.3735 0.3609 1.8673, -0.4577 0.4426 1.8011, -0.536 0.5186 1.722, -0.1069 0.0798 1.9805, 0.1558 0.2154 1.9576, 0.2312 0.3204 1.9196, 0.3035 0.4212 1.8673, 0.3719 0.5166 1.8011, 0.4355 0.6052 1.722, 0.0649 0.116 1.9805, 0.2505 -0.0948 1.9576, 0.3717 -0.1398 1.9196, 0.488 -0.183 1.8673, 0.598 -0.2239 1.8011, 0.7002 -0.2619 1.722, 0.7934 -0.2965 1.631, 0.1307 -0.0334 1.9805, 0.6196 -0.4191 1.722, 0.5659 -0.4894 1.722, 0.5042 -0.5529 1.722, 0.4355 -0.6087 1.722, 0.3606 -0.6559 1.722, 0.2807 -0.694 1.722, 0.1969 -0.7223 1.722, 0.1103 -0.7406 1.722, -0.2124 0.1604 1.9576, -0.3152 0.2388 1.9196, -0.4138 0.3141 1.8673, -0.5071 0.3853 1.8011, -0.5938 0.4515 1.722, -0.6727 0.5118 1.631, -0.1158 0.0666 1.9805, 0.129 0.2323 1.9576, 0.1914 0.3455 1.9196, 0.2514 0.4542 1.8673, 0.308 0.5569 1.8011, 0.3606 0.6524 1.722, 0.4086 0.7394 1.631, 0.0505 0.1229 1.9805, 0.2598 -0.0645 1.9576, 0.3854 -0.0949 1.9196, 0.5061 -0.1241 1.8673, 0.6201 -0.1516 1.8011, 0.7261 -0.1772 1.722, 0.8226 -0.2006 1.631, 0.9085 -0.2213 1.5292, 0.1336 -0.0177 1.9805, 0.7529 -0.3882 1.631, 0.7019 -0.4746 1.631, 0.6411 -0.5543 1.631, 0.5712 -0.6262 1.631, 0.4934 -0.6894 1.631, 0.4086 -0.7429 1.631, 0.3181 -0.786 1.631, 0.2231 -0.8182 1.631, 0.125 -0.8388 1.631, -0.2301 0.1341 1.9576, -0.3414 0.1999 1.9196, -0.4483 0.263 1.8673, -0.5493 0.3227 1.8011, -0.6432 0.3781 1.722, -0.7287 0.4286 1.631, -0.8048 0.4735 1.5292, -0.1231 0.0524 1.9805, 0.1004 0.2459 1.9576, 0.149 0.3657 1.9196, 0.1957 0.4807 1.8673, 0.2398 0.5894 1.8011, 0.2807 0.6905 1.722, 0.3181 0.7825 1.631, 0.3513 0.8643 1.5292, 0.0355 0.128 1.9805, 0.2654 -0.0334 1.9576, 0.3937 -0.0487 1.9196, 0.517 -0.0633 1.8673, 0.6335 -0.0772 1.8011, 0.7418 -0.0901 1.722, 0.8404 -0.1019 1.631, 0.9281 -0.1123 1.5292, 1.0037 -0.1213 1.4181, 0.1345 -0.0018 1.9805, 0.8761 -0.3272 1.5292, 0.8315 -0.4285 1.5292, 0.7752 -0.5239 1.5292, 0.708 -0.6119 1.5292, 0.6309 -0.6914 1.5292, 0.5449 -0.7611 1.5292, 0.4512 -0.8203 1.5292, 0.3513 -0.8679 1.5292, 0.2464 -0.9033 1.5292, 0.138 -0.9262 1.5292, -0.2446 0.106 1.9576, -0.3629 0.1581 1.9196, -0.4764 0.2081 1.8673, -0.5838 0.2554 1.8011, -0.6836 0.2994 1.722, -0.7745 0.3394 1.631, -0.8553 0.375 1.5292, -0.925 0.4057 1.4181, -0.1286 0.0375 1.9805, 0.0704 0.256 1.9576, 0.1045 0.3807 1.9196, 0.1372 0.5004 1.8673, 0.1682 0.6136 1.8011, 0.1969 0.7188 1.722, 0.2231 0.8146 1.631, 0.2464 0.8998 1.5292, 0.2664 0.9733 1.4181, 0.0199 0.1313 1.9805, 0.2672 -0.0018 1.9576, 0.3965 -0.0018 1.9196, 0.5206 -0.0018 1.8673, 0.638 -0.0018 1.8011, 0.747 -0.0018 1.722, 0.8463 -0.0018 1.631, 0.9346 -0.0018 1.5292, 1.0108 -0.0018 1.4181, 1.0738 -0.0018 1.299, 0.9825 -0.2392 1.4181, 0.9475 -0.3537 1.4181, 0.8992 -0.4633 1.4181, 0.8383 -0.5664 1.4181, 0.7657 -0.6616 1.4181, 0.6823 -0.7476 1.4181, 0.5893 -0.823 1.4181, 0.488 -0.8869 1.4181, 0.3799 -0.9384 1.4181, 0.2664 -0.9768 1.4181, 0.1492 -1.0015 1.4181, -0.2556 0.0763 1.9576, -0.3792 0.114 1.9196, -0.4979 0.1503 1.8673, -0.6101 0.1846 1.8011, -0.7144 0.2164 1.722, -0.8094 0.2454 1.631, -0.8939 0.2712 1.5292, -0.9667 0.2934 1.4181, -1.027 0.3118 1.299, -0.1324 0.022 1.9805, 0.0395 0.2625 1.9576, 0.0585 0.3904 1.9196, 0.0769 0.5131 1.8673, 0.0942 0.6292 1.8011, 0.1103 0.737 1.722, 0.125 0.8353 1.631, 0.138 0.9226 1.5292, 0.1492 0.9979 1.4181, 0.1585 1.0602 1.299, 0.004 0.1327 1.9805, 1.0662 -0.1288 1.299, 1.0437 -0.254 1.299, 1.0066 -0.3757 1.299, 0.9553 -0.4921 1.299, 0.8906 -0.6016 1.299, 0.8134 -0.7028 1.299, 0.7248 -0.794 1.299, 0.626 -0.8742 1.299, 0.5184 -0.9421 1.299, 0.4036 -0.9968 1.299, 0.283 -1.0376 1.299, 0.1585 -1.0638 1.299, -0.263 0.0455 1.9576, -0.3903 0.0684 1.9196, -0.5124 0.0903 1.8673, -0.6279 0.1111 1.8011, -0.7352 0.1304 1.722, -0.833 0.1479 1.631, -0.9199 0.1636 1.5292, -0.9948 0.177 1.4181, -1.0568 0.1882 1.299, -1.1051 0.1968 1.1735, 0.0079 0.2654 1.9576, 0.0118 0.3946 1.9196, 0.0154 0.5186 1.8673, 0.0189 0.6359 1.8011, 0.0221 0.7449 1.722, 0.0251 0.8442 1.631, 0.0277 0.9324 1.5292, 0.03 1.0086 1.4181, 0.0318 1.0715 1.299, 0.0333 1.1206 1.1735, 1.1228 -0.0018 1.1735, 1.1149 -0.1346 1.1735, 1.0914 -0.2655 1.1735, 1.0525 -0.3927 1.1735, 0.9989 -0.5145 1.1735, 0.9313 -0.629 1.1735, 0.8505 -0.7348 1.1735, 0.7579 -0.8302 1.1735, 0.6546 -0.914 1.1735, 0.5421 -0.9851 1.1735, 0.422 -1.0423 1.1735, 0.296 -1.0849 1.1735, 0.1658 -1.1123 1.1735, -0.9827 0.4311 1.299, -1.0275 0.4509 1.1735, -1.0739 0.3262 1.1735, -0.9668 0.5692 1.1735, -0.9246 0.5443 1.299, -0.8703 0.5122 1.4181, -0.8925 0.6796 1.1735, -0.8535 0.6498 1.299, -0.8034 0.6116 1.4181, -0.7429 0.5654 1.5292, -0.8056 0.7803 1.1735, -0.7704 0.7462 1.299, -0.7252 0.7023 1.4181, -0.6706 0.6492 1.5292, -0.6072 0.5877 1.631, -0.7075 0.8701 1.1735, -0.6766 0.832 1.299, -0.6369 0.7831 1.4181, -0.5889 0.724 1.5292, -0.5333 0.6554 1.631, -0.4707 0.5783 1.722, -0.5994 0.9477 1.1735, -0.5732 0.9062 1.299, -0.5396 0.8529 1.4181, -0.4989 0.7885 1.5292, -0.4518 0.7139 1.631, -0.3988 0.6299 1.722, -0.3406 0.5377 1.8011, -0.4829 1.0119 1.1735, -0.4618 0.9676 1.299, -0.4347 0.9108 1.4181, -0.4019 0.842 1.5292, -0.364 0.7623 1.631, -0.3213 0.6726 1.722, -0.2744 0.5742 1.8011, -0.2239 0.4682 1.8673, -0.3596 1.0619 1.1735, -0.3439 1.0155 1.299, -0.3237 0.9558 1.4181, -0.2993 0.8836 1.5292, -0.271 0.8 1.631, -0.2392 0.7059 1.722, -0.2043 0.6026 1.8011, -0.1667 0.4914 1.8673, -0.127 0.3739 1.9196, -0.2313 1.097 1.1735, -0.2212 1.049 1.299, -0.2082 0.9873 1.4181, -0.1925 0.9128 1.5292, -0.1743 0.8264 1.631, -0.1539 0.7292 1.722, -0.1314 0.6225 1.8011, -0.1072 0.5077 1.8673, -0.0817 0.3862 1.9196, -0.055 0.2597 1.9576, 0.283 1.034 1.299, 0.296 1.0813 1.1735, 0.1658 1.1087 1.1735, 0.422 1.0387 1.1735, 0.4036 0.9933 1.299, 0.3799 0.9349 1.4181, 0.5421 0.9815 1.1735, 0.5184 0.9386 1.299, 0.488 0.8834 1.4181, 0.4512 0.8167 1.5292, 0.6546 0.9105 1.1735, 0.626 0.8707 1.299, 0.5893 0.8195 1.4181, 0.5449 0.7576 1.5292, 0.4934 0.6859 1.631, 0.7579 0.8267 1.1735, 0.7248 0.7905 1.299, 0.6823 0.744 1.4181, 0.6309 0.6878 1.5292, 0.5712 0.6227 1.631, 0.5042 0.5494 1.722, 0.8505 0.7312 1.1735, 0.8134 0.6992 1.299, 0.7657 0.6581 1.4181, 0.708 0.6084 1.5292, 0.6411 0.5507 1.631, 0.5659 0.4859 1.722, 0.4833 0.4147 1.8011, 0.9313 0.6255 1.1735, 0.8906 0.5981 1.299, 0.8383 0.5629 1.4181, 0.7752 0.5204 1.5292, 0.7019 0.471 1.631, 0.6196 0.4155 1.722, 0.5291 0.3546 1.8011, 0.4318 0.2891 1.8673, 0.9989 0.5109 1.1735, 0.9553 0.4886 1.299, 0.8992 0.4598 1.4181, 0.8315 0.425 1.5292, 0.7529 0.3847 1.631, 0.6646 0.3393 1.722, 0.5676 0.2895 1.8011, 0.4632 0.236 1.8673, 0.3528 0.1793 1.9196, 1.0525 0.3892 1.1735, 1.0066 0.3721 1.299, 0.9475 0.3502 1.4181, 0.8761 0.3237 1.5292, 0.7934 0.2929 1.631, 0.7002 0.2583 1.722, 0.598 0.2204 1.8011, 0.488 0.1795 1.8673, 0.3717 0.1363 1.9196, 0.2505 0.0913 1.9576, 1.0914 0.262 1.1735, 1.0437 0.2504 1.299, 0.9825 0.2356 1.4181, 0.9085 0.2178 1.5292, 0.8226 0.197 1.631, 0.7261 0.1737 1.722, 0.6201 0.1481 1.8011, 0.5061 0.1205 1.8673, 0.3854 0.0914 1.9196, 0.2598 0.061 1.9576, 0.1307 0.0298 1.9805, 1.1149 0.131 1.1735, 1.0662 0.1252 1.299, 1.0037 0.1178 1.4181, 0.9281 0.1088 1.5292, 0.8404 0.0983 1.631, 0.7418 0.0866 1.722, 0.6335 0.0737 1.8011, 0.517 0.0598 1.8673, 0.3937 0.0451 1.9196, 0.2654 0.0298 1.9576, 0.1336 0.0141 1.9805, 0.0531 -1.1578 1.0433, 0.0318 -1.0751 1.299, 0.03 -1.0121 1.4181, 0.0277 -0.936 1.5292, 0.0251 -0.8477 1.631, 0.0221 -0.7484 1.722, 0.0189 -0.6394 1.8011, 0.0154 -0.5222 1.8673, 0.0118 -0.3981 1.9196, 0.0079 -0.2689 1.9576, 0.004 -0.1362 1.9805, -0.0953 -1.0713 1.299, -0.0898 -1.0086 1.4181, -0.083 -0.9327 1.5292, -0.0751 -0.8447 1.631, -0.0663 -0.7458 1.722, -0.0566 -0.6372 1.8011, -0.0462 -0.5203 1.8673, -0.0352 -0.3967 1.9196, -0.0237 -0.268 1.9576, -0.0119 -0.1357 1.9805, -0.2313 -1.1005 1.1735, -0.2212 -1.0525 1.299, -0.2082 -0.9909 1.4181, -0.1925 -0.9164 1.5292, -0.1743 -0.8299 1.631, -0.1539 -0.7327 1.722, -0.1314 -0.626 1.8011, -0.1072 -0.5112 1.8673, -0.0817 -0.3898 1.9196, -0.055 -0.2633 1.9576, -0.0277 -0.1334 1.9805, -0.3596 -1.0654 1.1735, -0.3439 -1.019 1.299, -0.3237 -0.9593 1.4181, -0.2993 -0.8872 1.5292, -0.271 -0.8035 1.631, -0.2392 -0.7094 1.722, -0.2043 -0.6061 1.8011, -0.1667 -0.495 1.8673, -0.127 -0.3774 1.9196, -0.0856 -0.2549 1.9576, -0.0431 -0.1292 1.9805, -0.4829 -1.0154 1.1735, -0.4618 -0.9712 1.299, -0.4347 -0.9143 1.4181, -0.4019 -0.8455 1.5292, -0.364 -0.7658 1.631, -0.3213 -0.6762 1.722, -0.2744 -0.5777 1.8011, -0.2239 -0.4718 1.8673, -0.1705 -0.3597 1.9196, -0.1149 -0.243 1.9576, -0.0578 -0.1232 1.9805, -0.5994 -0.9512 1.1735, -0.5732 -0.9098 1.299, -0.5396 -0.8565 1.4181, -0.4989 -0.7921 1.5292, -0.4518 -0.7174 1.631, -0.3988 -0.6334 1.722, -0.3406 -0.5412 1.8011, -0.2779 -0.442 1.8673, -0.2117 -0.3371 1.9196, -0.1427 -0.2277 1.9576, -0.0718 -0.1155 1.9805, -0.7075 -0.8737 1.1735, -0.6766 -0.8356 1.299, -0.6369 -0.7867 1.4181, -0.5889 -0.7275 1.5292, -0.5333 -0.659 1.631, -0.4707 -0.5818 1.722, -0.402 -0.4972 1.8011, -0.328 -0.406 1.8673, -0.2498 -0.3097 1.9196, -0.1684 -0.2093 1.9576, -0.0847 -0.1062 1.9805, -0.8056 -0.7839 1.1735, -0.7704 -0.7497 1.299, -0.7252 -0.7058 1.4181, -0.6706 -0.6528 1.5292, -0.6072 -0.5913 1.631, -0.536 -0.5221 1.722, -0.4577 -0.4461 1.8011, -0.3735 -0.3644 1.8673, -0.2845 -0.278 1.9196, -0.1917 -0.1879 1.9576, -0.0965 -0.0955 1.9805, -0.8925 -0.6831 1.1735, -0.8535 -0.6533 1.299, -0.8034 -0.6151 1.4181, -0.7429 -0.5689 1.5292, -0.6727 -0.5153 1.631, -0.5938 -0.455 1.722, -0.5071 -0.3889 1.8011, -0.4138 -0.3177 1.8673, -0.3152 -0.2424 1.9196, -0.2124 -0.1639 1.9576, -0.1069 -0.0834 1.9805, -0.9668 -0.5728 1.1735, -0.9246 -0.5478 1.299, -0.8703 -0.5158 1.4181, -0.8048 -0.4771 1.5292, -0.7287 -0.4321 1.631, -0.6432 -0.3816 1.722, -0.5493 -0.3262 1.8011, -0.4483 -0.2665 1.8673, -0.3414 -0.2034 1.9196, -0.2301 -0.1377 1.9576, -0.1158 -0.0702 1.9805, -1.0275 -0.4544 1.1735, -0.9827 -0.4346 1.299, -0.925 -0.4092 1.4181, -0.8553 -0.3785 1.5292, -0.7745 -0.3429 1.631, -0.6836 -0.3029 1.722, -0.5838 -0.2589 1.8011, -0.4764 -0.2116 1.8673, -0.3629 -0.1616 1.9196, -0.2446 -0.1095 1.9576, -0.1231 -0.056 1.9805, -1.0739 -0.3297 1.1735, -1.027 -0.3154 1.299, -0.9667 -0.297 1.4181, -0.8939 -0.2747 1.5292, -0.8094 -0.2489 1.631, -0.7144 -0.2199 1.722, -0.6101 -0.1881 1.8011, -0.4979 -0.1538 1.8673, -0.3792 -0.1176 1.9196, -0.2556 -0.0798 1.9576, -0.1286 -0.041 1.9805, -1.1051 -0.2004 1.1735, -1.0568 -0.1917 1.299, -0.9948 -0.1806 1.4181, -0.9199 -0.1671 1.5292, -0.833 -0.1515 1.631, -0.7352 -0.1339 1.722, -0.6279 -0.1146 1.8011, -0.5124 -0.0939 1.8673, -0.3903 -0.0719 1.9196, -0.263 -0.049 1.9576, -0.1324 -0.0256 1.9805, -1.1208 -0.0683 1.1735, -1.0719 -0.0654 1.299, -1.009 -0.0616 1.4181, -0.933 -0.0571 1.5292, -0.8448 -0.0519 1.631, -0.7457 -0.046 1.722, -0.6368 -0.0396 1.8011, -0.5197 -0.0326 1.8673, -0.3958 -0.0253 1.9196, -0.2668 -0.0176 1.9576, -0.1343 -0.0097 1.9805, -1.1208 0.0647 1.1735, -1.0719 0.0618 1.299, -1.009 0.0581 1.4181, -0.933 0.0536 1.5292, -0.8448 0.0484 1.631, -0.7457 0.0425 1.722, -0.6368 0.036 1.8011, -0.5197 0.0291 1.8673, -0.3958 0.0217 1.9196, -0.2668 0.0141 1.9576, -0.1343 0.0062 1.9805, -0.0953 1.0678 1.299, -0.0898 1.005 1.4181, -0.083 0.9292 1.5292, -0.0751 0.8412 1.631, -0.0663 0.7423 1.722, -0.0566 0.6337 1.8011, -0.0462 0.5168 1.8673, -0.0352 0.3932 1.9196, -0.0237 0.2644 1.9576, -0.0119 0.1322 1.9805, 0.0343 1.1542 1.0433, 0.0531 1.1542 1.0433, 1.3016 0.8813 1.0039, 1.2447 0.963 1.0039, 1.2436 0.9622 1.0141, 1.1667 1.0537 1.0039, 1.1407 1.0839 1.0039, 1.1398 1.083 1.0141, 1.0094 1.2059 1.0039, 0.899 1.2912 1.0039, 0.8983 1.2901 1.0141, 0.8314 1.3333 1.0039, 0.7637 1.3754 1.0039, 0.7631 1.3743 1.0141, 0.4325 1.5109 1.0039, 0.3168 1.5408 1.0039, 0.3165 1.5395 1.0141, 0.2183 1.5559 1.0039, 0.1592 1.565 1.0039, 0.1591 1.5636 1.0141, -0.2183 1.5559 1.0039, -0.3168 1.5408 1.0039, -0.3165 1.5395 1.0141, -0.4325 1.5109 1.0039, -0.4711 1.5009 1.0039, -0.4707 1.4996 1.0141, -0.6385 1.4368 1.0039, -0.7637 1.3754 1.0039, -0.7631 1.3743 1.0141, -0.8314 1.3333 1.0039, -0.899 1.2912 1.0039, -0.8983 1.2901 1.0141, -1.1667 1.0537 1.0039, -1.2447 0.963 1.0039, -1.2436 0.9622 1.0141, -1.3016 0.8813 1.0039, -1.3358 0.8323 1.0039, -1.3347 0.8316 1.0141, -0.9995 1.1638 1.0433, -0.8766 1.2589 1.0433, -1.0062 1.1715 1.042, -0.8824 1.2672 1.042, -1.0123 1.1787 1.038, -0.8878 1.275 1.038, -1.0176 1.1849 1.0318, -0.8925 1.2817 1.0318, -1.0217 1.1897 1.0236, -0.896 1.2869 1.0236, -1.0243 1.1927 1.0141, 0.6051 1.4094 1.0433, 0.7446 1.341 1.0433, 0.6091 1.4188 1.042, 0.7496 1.3499 1.042, 0.6128 1.4275 1.038, 0.7542 1.3582 1.038, 0.616 1.435 1.0318, 0.7581 1.3654 1.0318, 0.6185 1.4407 1.0236, 0.7612 1.3708 1.0236, 0.6201 1.4444 1.0141, -1.3024 0.8114 1.0433, -1.3871 0.6801 1.042, -1.3111 0.8168 1.042, -1.3956 0.6843 1.038, -1.3191 0.8218 1.038, -1.4029 0.6879 1.0318, -1.326 0.8262 1.0318, -1.4086 0.6906 1.0236, -1.3313 0.8295 1.0236, -1.4121 0.6924 1.0141, -1.2135 0.9389 1.0433, -1.2216 0.9452 1.042, -1.2291 0.951 1.038, -1.2355 0.956 1.0318, -1.2405 0.9598 1.0236, -1.1407 1.0839 1.0039, -1.1398 1.083 1.0141, -1.1369 1.0803 1.0236, -1.1324 1.076 1.0318, -1.1265 1.0703 1.038, -1.1196 1.0638 1.042, -1.1122 1.0568 1.0433, -1.0251 1.1937 1.0039, -1.0094 1.2059 1.0039, -0.7612 1.3708 1.0236, -0.7581 1.3654 1.0318, -0.7542 1.3582 1.038, -0.7496 1.3499 1.042, -0.7446 1.341 1.0433, -0.6206 1.4456 1.0039, -0.6201 1.4444 1.0141, -0.6185 1.4407 1.0236, -0.616 1.435 1.0318, -0.6128 1.4275 1.038, -0.6091 1.4188 1.042, -0.6051 1.4094 1.0433, -0.4593 1.4634 1.0433, -0.4624 1.4731 1.042, -0.4652 1.4821 1.038, -0.4676 1.4899 1.0318, -0.4695 1.4959 1.0236, -0.3089 1.5023 1.0433, -0.3109 1.5123 1.042, -0.3128 1.5216 1.038, -0.3145 1.5296 1.0318, -0.3157 1.5357 1.0236, -0.1592 1.565 1.0039, -0.1591 1.5636 1.0141, -0.1587 1.5597 1.0236, -0.158 1.5535 1.0318, -0.1572 1.5454 1.038, -0.1563 1.5359 1.042, -0.1552 1.5258 1.0433, 0.0 1.5439 1.042, 0.0 1.5533 1.038, 0.0 1.5615 1.0318, 0.0 1.5678 1.0236, 0.0 1.5717 1.0141, 0.0 1.573 1.0039, 0.1552 1.5258 1.0433, 0.1563 1.5359 1.042, 0.1572 1.5454 1.038, 0.158 1.5535 1.0318, 0.1587 1.5597 1.0236, 0.3089 1.5023 1.0433, 0.3109 1.5123 1.042, 0.3128 1.5216 1.038, 0.3145 1.5296 1.0318, 0.3157 1.5357 1.0236, 0.4711 1.5009 1.0039, 0.4707 1.4996 1.0141, 0.4695 1.4959 1.0236, 0.4676 1.4899 1.0318, 0.4652 1.4821 1.038, 0.4624 1.4731 1.042, 0.4593 1.4634 1.0433, 0.6206 1.4456 1.0039, 0.6385 1.4368 1.0039, 0.896 1.2869 1.0236, 0.8925 1.2817 1.0318, 0.8878 1.275 1.038, 0.8824 1.2672 1.042, 0.8766 1.2589 1.0433, 1.0251 1.1937 1.0039, 1.0243 1.1927 1.0141, 1.0217 1.1897 1.0236, 1.0176 1.1849 1.0318, 1.0123 1.1787 1.038, 1.0062 1.1715 1.042, 0.9995 1.1638 1.0433, 1.1122 1.0568 1.0433, 1.1196 1.0638 1.042, 1.1265 1.0703 1.038, 1.1324 1.076 1.0318, 1.1369 1.0803 1.0236, 1.2135 0.9389 1.0433, 1.2216 0.9452 1.042, 1.2291 0.951 1.038, 1.2355 0.956 1.0318, 1.2405 0.9598 1.0236, 1.3358 0.8323 1.0039, 1.3347 0.8316 1.0141, 1.3313 0.8295 1.0236, 1.326 0.8262 1.0318, 1.3191 0.8218 1.038, 1.3111 0.8168 1.042, 1.3024 0.8114 1.0433, 1.3871 0.6801 1.042, 1.3956 0.6843 1.038, 1.4029 0.6879 1.0318, 1.4086 0.6906 1.0236, 1.4121 0.6924 1.0141, -1.3881 0.6756 1.042, -1.3879 0.6779 1.042, -1.3976 0.6756 1.038, -1.3971 0.68 1.038, -1.4058 0.6756 1.0318, -1.4051 0.6819 1.0318, -1.412 0.6756 1.0236, -1.4112 0.6833 1.0236, -1.416 0.6756 1.0141, -1.415 0.6842 1.0141, -1.4163 0.6845 1.0039, 1.3879 0.6779 1.042, 1.3971 0.68 1.038, 1.4051 0.6819 1.0318, 1.4112 0.6833 1.0236, 1.415 0.6842 1.0141, 1.416 0.6756 1.0141, 1.412 0.6756 1.0236, 1.4058 0.6756 1.0318, 1.3976 0.6756 1.038, 1.3881 0.6756 1.042, -1.4163 0.6845 0.5512, -1.416 -0.6791 1.0141, -1.412 -0.6791 1.0236, -1.4058 -0.6791 1.0318, -1.3976 -0.6791 1.038, -1.3881 -0.6791 1.042, -1.2436 -0.9657 1.0141, -1.1398 -1.0865 1.0141, -0.8983 -1.2936 1.0141, -0.7631 -1.3778 1.0141, -0.3165 -1.5431 1.0141, -0.1591 -1.5672 1.0141, 0.3165 -1.5431 1.0141, 0.4707 -1.5032 1.0141, 0.7631 -1.3778 1.0141, 0.8983 -1.2936 1.0141, 1.2436 -0.9657 1.0141, 1.3347 -0.8351 1.0141, 0.9995 -1.1673 1.0433, 0.8766 -1.2624 1.0433, 1.0062 -1.1751 1.042, 0.8824 -1.2708 1.042, 1.0123 -1.1823 1.038, 0.8878 -1.2786 1.038, 1.0176 -1.1885 1.0318, 0.8925 -1.2853 1.0318, 1.0217 -1.1932 1.0236, 0.896 -1.2904 1.0236, 1.0243 -1.1962 1.0141, -0.6051 -1.413 1.0433, -0.7446 -1.3446 1.0433, -0.6091 -1.4223 1.042, -0.7496 -1.3535 1.042, -0.6128 -1.431 1.038, -0.7542 -1.3618 1.038, -0.616 -1.4385 1.0318, -0.7581 -1.3689 1.0318, -0.6185 -1.4443 1.0236, -0.7612 -1.3744 1.0236, -0.6201 -1.4479 1.0141, 1.3024 -0.8149 1.0433, 1.3871 -0.6836 1.042, 1.3111 -0.8203 1.042, 1.3956 -0.6878 1.038, 1.3191 -0.8254 1.038, 1.4029 -0.6914 1.0318, 1.326 -0.8297 1.0318, 1.4086 -0.6942 1.0236, 1.3313 -0.833 1.0236, 1.4121 -0.6959 1.0141, 1.2135 -0.9424 1.0433, 1.2216 -0.9487 1.042, 1.2291 -0.9545 1.038, 1.2355 -0.9595 1.0318, 1.2405 -0.9633 1.0236, 1.1398 -1.0865 1.0141, 1.1369 -1.0838 1.0236, 1.1324 -1.0795 1.0318, 1.1265 -1.0739 1.038, 1.1196 -1.0673 1.042, 1.1122 -1.0603 1.0433, 0.7446 -1.3446 1.0433, 0.7496 -1.3535 1.042, 0.7542 -1.3618 1.038, 0.7581 -1.3689 1.0318, 0.7612 -1.3744 1.0236, 0.6201 -1.4479 1.0141, 0.6185 -1.4443 1.0236, 0.616 -1.4385 1.0318, 0.6128 -1.431 1.038, 0.6091 -1.4223 1.042, 0.6051 -1.413 1.0433, 0.4593 -1.4669 1.0433, 0.4624 -1.4766 1.042, 0.4652 -1.4857 1.038, 0.4676 -1.4935 1.0318, 0.4695 -1.4994 1.0236, 0.3089 -1.5058 1.0433, 0.3109 -1.5158 1.042, 0.3128 -1.5251 1.038, 0.3145 -1.5331 1.0318, 0.3157 -1.5392 1.0236, 0.1591 -1.5672 1.0141, 0.1587 -1.5633 1.0236, 0.158 -1.557 1.0318, 0.1572 -1.5489 1.038, 0.1563 -1.5395 1.042, 0.1552 -1.5293 1.0433, 0.0 -1.5474 1.042, 0.0 -1.5569 1.038, 0.0 -1.565 1.0318, 0.0 -1.5713 1.0236, 0.0 -1.5752 1.0141, -0.1552 -1.5293 1.0433, -0.1563 -1.5395 1.042, -0.1572 -1.5489 1.038, -0.158 -1.557 1.0318, -0.1587 -1.5633 1.0236, -0.3089 -1.5058 1.0433, -0.3109 -1.5158 1.042, -0.3128 -1.5251 1.038, -0.3145 -1.5331 1.0318, -0.3157 -1.5392 1.0236, -0.4707 -1.5032 1.0141, -0.4695 -1.4994 1.0236, -0.4676 -1.4935 1.0318, -0.4652 -1.4857 1.038, -0.4624 -1.4766 1.042, -0.4593 -1.4669 1.0433, -0.8766 -1.2624 1.0433, -0.8824 -1.2708 1.042, -0.8878 -1.2786 1.038, -0.8925 -1.2853 1.0318, -0.896 -1.2904 1.0236, -1.0243 -1.1962 1.0141, -1.0217 -1.1932 1.0236, -1.0176 -1.1885 1.0318, -1.0123 -1.1823 1.038, -1.0062 -1.1751 1.042, -0.9995 -1.1673 1.0433, -1.1122 -1.0603 1.0433, -1.1196 -1.0673 1.042, -1.1265 -1.0739 1.038, -1.1324 -1.0795 1.0318, -1.1369 -1.0838 1.0236, -1.2135 -0.9424 1.0433, -1.2216 -0.9487 1.042, -1.2291 -0.9545 1.038, -1.2355 -0.9595 1.0318, -1.2405 -0.9633 1.0236, -1.3347 -0.8351 1.0141, -1.3313 -0.833 1.0236, -1.326 -0.8297 1.0318, -1.3191 -0.8254 1.038, -1.3111 -0.8203 1.042, -1.3024 -0.8149 1.0433, -1.3871 -0.6836 1.042, -1.3956 -0.6878 1.038, -1.4029 -0.6914 1.0318, -1.4086 -0.6942 1.0236, -1.4121 -0.6959 1.0141, 1.416 -0.6791 1.0141, 1.412 -0.6791 1.0236, 1.4058 -0.6791 1.0318, 1.3976 -0.6791 1.038, 1.3881 -0.6791 1.042, 1.4163 0.6845 0.0984, 1.4163 0.6845 0.4724, -1.3871 0.6801 0.0604, -1.3111 0.8168 0.0604, -1.3956 0.6843 0.0643, -1.3191 0.8218 0.0643, -1.4029 0.6879 0.0706, -1.326 0.8262 0.0706, -1.4086 0.6906 0.0787, -1.3313 0.8295 0.0787, -1.4121 0.6924 0.0882, -1.3347 0.8316 0.0882, -1.3358 0.8323 0.0984, -1.1667 1.0537 0.0984, -1.1398 1.083 0.0882, -1.2436 0.9622 0.0882, -1.3016 0.8813 0.0984, -1.2447 0.963 0.0984, -1.1407 1.0839 0.0984, -1.0251 1.1937 0.0984, -1.0243 1.1927 0.0882, -1.0094 1.2059 0.0984, -0.8983 1.2901 0.0882, -0.899 1.2912 0.0984, -0.8314 1.3333 0.0984, -0.7631 1.3743 0.0882, -0.7637 1.3754 0.0984, -0.6201 1.4444 0.0882, -0.6385 1.4368 0.0984, -0.2183 1.5559 0.0984, -0.1591 1.5636 0.0882, -0.3165 1.5395 0.0882, -0.6206 1.4456 0.0984, -0.4711 1.5009 0.0984, -0.4707 1.4996 0.0882, -0.4325 1.5109 0.0984, -0.3168 1.5408 0.0984, 0.4325 1.5109 0.0984, 0.4707 1.4996 0.0882, 0.3165 1.5395 0.0882, -0.1592 1.565 0.0984, 0.0 1.573 0.0984, 0.0 1.5717 0.0882, 0.1592 1.565 0.0984, 0.1591 1.5636 0.0882, 0.2183 1.5559 0.0984, 0.3168 1.5408 0.0984, 0.4711 1.5009 0.0984, 0.6206 1.4456 0.0984, 0.6201 1.4444 0.0882, 0.6385 1.4368 0.0984, 0.7631 1.3743 0.0882, 0.7637 1.3754 0.0984, 0.8314 1.3333 0.0984, 0.8983 1.2901 0.0882, 0.899 1.2912 0.0984, 1.0243 1.1927 0.0882, 1.0094 1.2059 0.0984, 1.3016 0.8813 0.0984, 1.3347 0.8316 0.0882, 1.2436 0.9622 0.0882, 1.0251 1.1937 0.0984, 1.1407 1.0839 0.0984, 1.1398 1.083 0.0882, 1.1667 1.0537 0.0984, 1.2447 0.963 0.0984, 1.3358 0.8323 0.0984, 1.4121 0.6924 0.0882, -1.2405 0.9598 0.0787, -1.1369 1.0803 0.0787, -1.0217 1.1897 0.0787, -0.896 1.2869 0.0787, -0.7612 1.3708 0.0787, -0.6185 1.4407 0.0787, -0.4695 1.4959 0.0787, -0.3157 1.5357 0.0787, -0.1587 1.5597 0.0787, 0.0 1.5678 0.0787, 0.1587 1.5597 0.0787, 0.3157 1.5357 0.0787, 0.4695 1.4959 0.0787, 0.6185 1.4407 0.0787, 0.7612 1.3708 0.0787, 0.896 1.2869 0.0787, 1.0217 1.1897 0.0787, 1.1369 1.0803 0.0787, 1.2405 0.9598 0.0787, 1.3313 0.8295 0.0787, 1.4086 0.6906 0.0787, -1.2355 0.956 0.0706, -1.1324 1.076 0.0706, -1.0176 1.1849 0.0706, -0.8925 1.2817 0.0706, -0.7581 1.3654 0.0706, -0.616 1.435 0.0706, -0.4676 1.4899 0.0706, -0.3145 1.5296 0.0706, -0.158 1.5535 0.0706, 0.0 1.5615 0.0706, 0.158 1.5535 0.0706, 0.3145 1.5296 0.0706, 0.4676 1.4899 0.0706, 0.616 1.435 0.0706, 0.7581 1.3654 0.0706, 0.8925 1.2817 0.0706, 1.0176 1.1849 0.0706, 1.1324 1.076 0.0706, 1.2355 0.956 0.0706, 1.326 0.8262 0.0706, 1.4029 0.6879 0.0706, -1.2291 0.951 0.0643, -1.1265 1.0703 0.0643, -1.0123 1.1787 0.0643, -0.8878 1.275 0.0643, -0.7542 1.3582 0.0643, -0.6128 1.4275 0.0643, -0.4652 1.4821 0.0643, -0.3128 1.5216 0.0643, -0.1572 1.5454 0.0643, 0.0 1.5533 0.0643, 0.1572 1.5454 0.0643, 0.3128 1.5216 0.0643, 0.4652 1.4821 0.0643, 0.6128 1.4275 0.0643, 0.7542 1.3582 0.0643, 0.8878 1.275 0.0643, 1.0123 1.1787 0.0643, 1.1265 1.0703 0.0643, 1.2291 0.951 0.0643, 1.3191 0.8218 0.0643, 1.3956 0.6843 0.0643, -1.2216 0.9452 0.0604, -1.1196 1.0638 0.0604, -1.0062 1.1715 0.0604, -0.8824 1.2672 0.0604, -0.7496 1.3499 0.0604, -0.6091 1.4188 0.0604, -0.4624 1.4731 0.0604, -0.3109 1.5123 0.0604, -0.1563 1.5359 0.0604, 0.0 1.5439 0.0604, 0.1563 1.5359 0.0604, 0.3109 1.5123 0.0604, 0.4624 1.4731 0.0604, 0.6091 1.4188 0.0604, 0.7496 1.3499 0.0604, 0.8824 1.2672 0.0604, 1.0062 1.1715 0.0604, 1.1196 1.0638 0.0604, 1.2216 0.9452 0.0604, 1.3111 0.8168 0.0604, 1.3871 0.6801 0.0604, -1.416 0.6756 0.0882, -1.415 0.6842 0.0882, -1.412 0.6756 0.0787, -1.4112 0.6833 0.0787, -1.4058 0.6756 0.0706, -1.4051 0.6819 0.0706, -1.3976 0.6756 0.0643, -1.3971 0.68 0.0643, -1.3881 0.6756 0.0604, -1.3879 0.6779 0.0604, -1.3879 -0.6814 1.042, -1.3971 -0.6836 1.038, -1.4051 -0.6854 1.0318, -1.4112 -0.6868 1.0236, -1.415 -0.6877 1.0141, -1.4163 -0.688 1.0039, 1.3879 -0.6814 1.042, 1.3971 -0.6836 1.038, 1.4051 -0.6854 1.0318, 1.4112 -0.6868 1.0236, 1.415 -0.6877 1.0141, 1.415 0.6842 0.0882, 1.4112 0.6833 0.0787, 1.4051 0.6819 0.0706, 1.3971 0.68 0.0643, 1.3879 0.6779 0.0604, 1.416 0.6756 0.0882, 1.412 0.6756 0.0787, 1.4058 0.6756 0.0706, 1.3976 0.6756 0.0643, 1.3881 0.6756 0.0604, -1.416 -0.6791 0.0882, -1.412 -0.6791 0.0787, -1.4058 -0.6791 0.0706, -1.3976 -0.6791 0.0643, -1.3881 -0.6791 0.0604, -1.4163 -0.688 0.5512, 1.4163 -0.688 0.0984, 1.4163 -0.688 0.4724, 1.416 -0.6791 0.0882, 1.412 -0.6791 0.0787, 1.4058 -0.6791 0.0706, 1.3976 -0.6791 0.0643, 1.3881 -0.6791 0.0604, -1.4121 -0.6959 0.0882, -1.415 -0.6877 0.0882, -1.4086 -0.6942 0.0787, -1.4112 -0.6868 0.0787, -1.4029 -0.6914 0.0706, -1.4051 -0.6854 0.0706, -1.3956 -0.6878 0.0643, -1.3971 -0.6836 0.0643, -1.3871 -0.6836 0.0604, -1.3879 -0.6814 0.0604, 1.415 -0.6877 0.0882, 1.4112 -0.6868 0.0787, 1.4051 -0.6854 0.0706, 1.3971 -0.6836 0.0643, 1.3879 -0.6814 0.0604, 1.4121 -0.6959 0.0882, 1.4086 -0.6942 0.0787, 1.4029 -0.6914 0.0706, 1.3956 -0.6878 0.0643, 1.3871 -0.6836 0.0604, 1.3111 -0.8203 0.0604, 1.3191 -0.8254 0.0643, 1.326 -0.8297 0.0706, 1.3313 -0.833 0.0787, 1.3347 -0.8351 0.0882, 1.1398 -1.0865 0.0882, 1.2436 -0.9657 0.0882, 1.0243 -1.1962 0.0882, 0.8983 -1.2936 0.0882, 0.7631 -1.3778 0.0882, 0.6201 -1.4479 0.0882, 0.1591 -1.5672 0.0882, 0.3165 -1.5431 0.0882, 0.4707 -1.5032 0.0882, -0.4707 -1.5032 0.0882, -0.3165 -1.5431 0.0882, 0.0 -1.5752 0.0882, -0.1591 -1.5672 0.0882, -0.6201 -1.4479 0.0882, -0.7631 -1.3778 0.0882, -0.8983 -1.2936 0.0882, -1.0243 -1.1962 0.0882, -1.3347 -0.8351 0.0882, -1.2436 -0.9657 0.0882, -1.1398 -1.0865 0.0882, 1.2405 -0.9633 0.0787, 1.1369 -1.0838 0.0787, 1.0217 -1.1932 0.0787, 0.896 -1.2904 0.0787, 0.7612 -1.3744 0.0787, 0.6185 -1.4443 0.0787, 0.4695 -1.4994 0.0787, 0.3157 -1.5392 0.0787, 0.1587 -1.5633 0.0787, 0.0 -1.5713 0.0787, -0.1587 -1.5633 0.0787, -0.3157 -1.5392 0.0787, -0.4695 -1.4994 0.0787, -0.6185 -1.4443 0.0787, -0.7612 -1.3744 0.0787, -0.896 -1.2904 0.0787, -1.0217 -1.1932 0.0787, -1.1369 -1.0838 0.0787, -1.2405 -0.9633 0.0787, -1.3313 -0.833 0.0787, 1.2355 -0.9595 0.0706, 1.1324 -1.0795 0.0706, 1.0176 -1.1885 0.0706, 0.8925 -1.2853 0.0706, 0.7581 -1.3689 0.0706, 0.616 -1.4385 0.0706, 0.4676 -1.4935 0.0706, 0.3145 -1.5331 0.0706, 0.158 -1.557 0.0706, 0.0 -1.565 0.0706, -0.158 -1.557 0.0706, -0.3145 -1.5331 0.0706, -0.4676 -1.4935 0.0706, -0.616 -1.4385 0.0706, -0.7581 -1.3689 0.0706, -0.8925 -1.2853 0.0706, -1.0176 -1.1885 0.0706, -1.1324 -1.0795 0.0706, -1.2355 -0.9595 0.0706, -1.326 -0.8297 0.0706, 1.2291 -0.9545 0.0643, 1.1265 -1.0739 0.0643, 1.0123 -1.1823 0.0643, 0.8878 -1.2786 0.0643, 0.7542 -1.3618 0.0643, 0.6128 -1.431 0.0643, 0.4652 -1.4857 0.0643, 0.3128 -1.5251 0.0643, 0.1572 -1.5489 0.0643, 0.0 -1.5569 0.0643, -0.1572 -1.5489 0.0643, -0.3128 -1.5251 0.0643, -0.4652 -1.4857 0.0643, -0.6128 -1.431 0.0643, -0.7542 -1.3618 0.0643, -0.8878 -1.2786 0.0643, -1.0123 -1.1823 0.0643, -1.1265 -1.0739 0.0643, -1.2291 -0.9545 0.0643, -1.3191 -0.8254 0.0643, 1.2216 -0.9487 0.0604, 1.1196 -1.0673 0.0604, 1.0062 -1.1751 0.0604, 0.8824 -1.2708 0.0604, 0.7496 -1.3535 0.0604, 0.6091 -1.4223 0.0604, 0.4624 -1.4766 0.0604, 0.3109 -1.5158 0.0604, 0.1563 -1.5395 0.0604, 0.0 -1.5474 0.0604, -0.1563 -1.5395 0.0604, -0.3109 -1.5158 0.0604, -0.4624 -1.4766 0.0604, -0.6091 -1.4223 0.0604, -0.7496 -1.3535 0.0604, -0.8824 -1.2708 0.0604, -1.0062 -1.1751 0.0604, -1.1196 -1.0673 0.0604, -1.2216 -0.9487 0.0604, -1.3111 -0.8203 0.0604
            ]
        }
        coordIndex [
            0,1,2,-1,0,2,3,-1,3,2,4,-1,3,4,5,-1,6,7,8,-1,9,8,10,-1,10,8,7,-1,10,7,11,-1,11,7,12,-1,0,11,1,-1,1,11,12,-1,1,12,13,-1,13,12,14,-1,15,16,17,-1,18,13,19,-1,19,13,14,-1,19,14,17,-1,17,14,6,-1,17,6,15,-1,15,6,8,-1,20,21,22,-1,20,22,23,-1,23,22,13,-1,23,13,18,-1,24,25,26,-1,24,26,27,-1,27,26,28,-1,27,28,29,-1,30,31,32,-1,32,31,33,-1,34,35,36,-1,28,36,29,-1,29,36,35,-1,29,35,37,-1,37,35,38,-1,33,39,40,-1,41,37,42,-1,42,37,38,-1,42,38,40,-1,40,38,43,-1,40,43,33,-1,33,43,34,-1,33,34,32,-1,32,34,36,-1,37,41,44,-1,37,44,45,-1,45,44,46,-1,45,46,47,-1,48,49,50,-1,50,49,51,-1,50,51,52,-1,53,54,55,-1,55,54,25,-1,55,25,24,-1,56,57,58,-1,58,57,59,-1,59,57,5,-1,59,5,4,-1,60,61,62,-1,62,61,56,-1,62,56,63,-1,63,56,58,-1,63,58,64,-1,64,58,65,-1,64,65,66,-1,66,65,67,-1,66,67,68,-1,68,67,69,-1,68,69,70,-1,70,69,71,-1,70,71,72,-1,72,71,73,-1,72,73,74,-1,74,73,75,-1,74,75,76,-1,76,75,77,-1,76,77,78,-1,78,77,79,-1,78,79,80,-1,80,79,81,-1,80,81,82,-1,82,81,83,-1,82,83,84,-1,84,83,85,-1,84,85,86,-1,86,85,87,-1,86,87,88,-1,88,87,89,-1,88,89,90,-1,90,89,91,-1,90,91,92,-1,92,91,93,-1,92,93,94,-1,94,93,95,-1,94,95,96,-1,96,95,97,-1,96,97,98,-1,98,97,99,-1,98,99,100,-1,100,99,101,-1,100,101,102,-1,102,101,103,-1,102,103,104,-1,104,103,105,-1,104,105,106,-1,106,105,107,-1,106,107,108,-1,108,107,109,-1,108,109,110,-1,110,109,111,-1,110,111,112,-1,112,111,113,-1,112,113,114,-1,114,113,115,-1,114,115,116,-1,116,115,117,-1,116,117,118,-1,118,117,119,-1,118,119,120,-1,120,119,121,-1,120,121,122,-1,122,121,123,-1,122,123,124,-1,124,123,125,-1,124,125,53,-1,53,125,52,-1,53,52,54,-1,54,52,51,-1,126,127,128,-1,129,130,131,-1,132,133,134,-1,135,136,137,-1,137,136,138,-1,137,139,135,-1,135,139,21,-1,135,21,20,-1,140,141,142,-1,143,144,134,-1,134,144,145,-1,134,145,132,-1,142,146,140,-1,140,146,47,-1,140,47,46,-1,147,148,149,-1,149,148,150,-1,151,152,153,-1,153,152,154,-1,153,154,155,-1,155,156,153,-1,153,156,157,-1,153,157,158,-1,158,159,153,-1,153,159,160,-1,153,160,161,-1,161,160,162,-1,161,162,163,-1,164,165,162,-1,162,165,166,-1,166,167,162,-1,162,167,168,-1,162,168,163,-1,169,170,164,-1,164,170,171,-1,164,171,172,-1,172,173,164,-1,164,173,174,-1,164,174,175,-1,175,176,164,-1,164,176,177,-1,164,177,178,-1,178,179,164,-1,164,179,180,-1,164,180,181,-1,181,182,164,-1,164,182,183,-1,164,183,165,-1,184,185,186,-1,187,188,189,-1,187,189,190,-1,188,191,189,-1,189,191,192,-1,189,192,193,-1,193,194,189,-1,189,194,195,-1,189,195,196,-1,196,197,189,-1,189,197,198,-1,189,198,199,-1,199,200,189,-1,189,200,201,-1,189,201,186,-1,202,184,203,-1,203,184,186,-1,203,186,204,-1,204,186,201,-1,205,206,207,-1,207,206,208,-1,207,208,209,-1,209,208,210,-1,209,210,211,-1,211,210,212,-1,213,214,215,-1,214,216,217,-1,217,218,214,-1,214,218,219,-1,214,219,220,-1,220,221,214,-1,214,221,222,-1,214,222,215,-1,213,215,223,-1,223,215,224,-1,223,224,225,-1,225,226,223,-1,223,226,227,-1,223,227,228,-1,228,229,223,-1,223,229,230,-1,223,230,231,-1,231,232,223,-1,223,232,233,-1,223,233,234,-1,234,235,223,-1,223,235,236,-1,223,236,237,-1,237,238,223,-1,223,238,239,-1,223,239,240,-1,240,241,223,-1,223,241,242,-1,223,242,243,-1,244,245,246,-1,246,245,247,-1,246,247,248,-1,243,249,223,-1,223,249,250,-1,223,250,246,-1,246,250,251,-1,246,251,244,-1,248,252,246,-1,246,252,253,-1,246,253,223,-1,208,254,255,-1,185,210,186,-1,186,210,208,-1,186,208,256,-1,256,208,255,-1,257,258,259,-1,259,258,260,-1,260,261,259,-1,259,261,262,-1,259,262,263,-1,263,264,259,-1,259,264,265,-1,259,265,266,-1,266,267,259,-1,259,267,268,-1,259,268,269,-1,270,271,272,-1,272,271,273,-1,270,274,271,-1,271,274,275,-1,271,275,276,-1,276,277,271,-1,271,277,278,-1,271,278,279,-1,278,280,279,-1,279,280,281,-1,279,281,282,-1,282,283,279,-1,279,283,284,-1,279,284,285,-1,285,286,279,-1,279,286,287,-1,279,287,288,-1,289,290,291,-1,291,290,288,-1,291,288,292,-1,292,288,287,-1,269,279,259,-1,259,279,288,-1,259,288,293,-1,293,288,294,-1,295,296,297,-1,298,299,300,-1,299,301,300,-1,300,301,302,-1,300,302,303,-1,303,304,300,-1,300,304,305,-1,300,305,306,-1,306,307,300,-1,300,307,308,-1,300,308,309,-1,290,310,311,-1,311,310,312,-1,311,312,308,-1,308,312,313,-1,308,313,309,-1,314,315,316,-1,316,317,314,-1,314,317,318,-1,314,318,319,-1,320,321,300,-1,300,321,322,-1,300,322,298,-1,319,323,314,-1,314,323,324,-1,314,324,321,-1,325,326,314,-1,320,327,321,-1,321,327,328,-1,321,328,314,-1,314,328,329,-1,314,329,325,-1,326,330,314,-1,314,330,331,-1,314,331,332,-1,295,297,333,-1,332,334,314,-1,314,334,335,-1,314,335,254,-1,254,335,336,-1,254,336,333,-1,337,255,338,-1,338,255,254,-1,338,254,339,-1,339,254,340,-1,333,297,254,-1,254,297,341,-1,254,341,340,-1,294,342,343,-1,343,344,294,-1,294,344,345,-1,294,345,346,-1,346,347,294,-1,294,347,348,-1,294,348,293,-1,293,348,349,-1,293,349,350,-1,350,351,293,-1,293,351,352,-1,293,352,353,-1,353,354,293,-1,293,354,355,-1,293,355,356,-1,356,357,293,-1,293,357,358,-1,293,358,359,-1,359,360,293,-1,293,360,361,-1,293,361,362,-1,362,363,293,-1,293,363,364,-1,293,364,365,-1,365,366,293,-1,293,366,367,-1,293,367,368,-1,315,369,153,-1,153,369,370,-1,153,370,151,-1,202,217,184,-1,184,217,216,-1,184,216,314,-1,314,216,371,-1,314,371,315,-1,315,371,372,-1,372,373,315,-1,315,373,374,-1,315,374,375,-1,375,376,315,-1,315,376,377,-1,315,377,378,-1,378,379,315,-1,315,379,380,-1,315,380,381,-1,381,382,315,-1,315,382,383,-1,315,383,384,-1,384,385,315,-1,315,385,386,-1,315,386,387,-1,367,388,368,-1,368,388,369,-1,368,369,389,-1,389,369,315,-1,389,315,390,-1,390,315,387,-1,391,392,271,-1,271,392,393,-1,271,393,273,-1,391,394,392,-1,392,394,395,-1,392,395,396,-1,396,397,392,-1,392,397,398,-1,392,398,399,-1,399,400,392,-1,392,400,401,-1,392,401,402,-1,402,403,392,-1,392,403,404,-1,392,404,405,-1,406,407,408,-1,408,407,392,-1,408,392,409,-1,409,392,405,-1,410,411,412,-1,412,411,413,-1,413,414,412,-1,412,414,415,-1,412,415,416,-1,416,417,412,-1,412,417,418,-1,412,418,419,-1,419,420,412,-1,412,420,421,-1,412,421,422,-1,422,423,412,-1,412,423,424,-1,412,424,425,-1,425,426,412,-1,412,426,427,-1,412,427,428,-1,428,429,412,-1,412,429,430,-1,412,430,431,-1,431,432,412,-1,412,432,433,-1,412,433,434,-1,435,436,434,-1,434,436,437,-1,434,437,412,-1,438,296,439,-1,439,296,440,-1,439,440,412,-1,412,440,441,-1,412,441,410,-1,438,442,296,-1,296,442,443,-1,296,443,444,-1,444,445,296,-1,296,445,446,-1,296,446,447,-1,407,297,392,-1,392,297,296,-1,392,296,448,-1,448,296,447,-1,449,450,451,-1,451,452,449,-1,449,452,453,-1,449,453,454,-1,454,455,449,-1,449,455,456,-1,449,456,457,-1,457,458,449,-1,449,458,459,-1,449,459,460,-1,460,461,449,-1,449,461,462,-1,449,462,463,-1,463,464,449,-1,449,464,465,-1,449,465,466,-1,466,467,449,-1,449,467,468,-1,449,468,469,-1,469,470,449,-1,449,470,471,-1,449,471,472,-1,472,473,449,-1,449,473,474,-1,449,474,475,-1,475,474,476,-1,477,478,449,-1,449,478,479,-1,449,479,450,-1,480,289,481,-1,481,289,482,-1,481,482,477,-1,477,482,483,-1,477,483,478,-1,480,484,289,-1,289,484,485,-1,289,485,290,-1,290,485,486,-1,486,487,290,-1,290,487,488,-1,290,488,489,-1,489,490,290,-1,290,490,491,-1,290,491,310,-1,492,493,494,-1,494,493,495,-1,494,495,496,-1,368,497,498,-1,499,500,501,-1,502,503,504,-1,504,505,502,-1,502,505,506,-1,502,506,507,-1,507,508,502,-1,502,508,509,-1,502,509,510,-1,511,512,513,-1,513,512,502,-1,513,502,514,-1,514,502,510,-1,511,515,512,-1,512,515,516,-1,512,516,517,-1,517,499,512,-1,512,499,501,-1,512,501,518,-1,518,501,293,-1,518,293,519,-1,519,293,368,-1,497,368,520,-1,368,521,520,-1,520,521,522,-1,520,522,523,-1,523,522,524,-1,525,526,189,-1,189,526,527,-1,189,527,190,-1,524,525,523,-1,523,525,189,-1,523,189,528,-1,528,189,529,-1,528,529,530,-1,531,532,338,-1,338,532,533,-1,338,533,337,-1,337,533,534,-1,337,534,535,-1,536,537,538,-1,538,537,539,-1,536,540,537,-1,537,540,541,-1,537,541,542,-1,542,543,537,-1,537,543,544,-1,537,544,545,-1,545,546,537,-1,537,546,547,-1,537,547,535,-1,535,547,548,-1,535,548,337,-1,549,550,551,-1,551,550,552,-1,553,554,555,-1,556,557,558,-1,558,557,553,-1,558,553,559,-1,559,553,555,-1,560,561,562,-1,562,561,563,-1,562,563,564,-1,564,563,565,-1,564,565,566,-1,566,565,567,-1,568,569,570,-1,570,569,571,-1,554,565,555,-1,555,565,563,-1,555,563,571,-1,571,563,572,-1,571,572,570,-1,570,572,573,-1,570,573,259,-1,259,573,574,-1,259,574,257,-1,575,576,573,-1,573,576,577,-1,573,577,574,-1,575,573,537,-1,537,573,578,-1,537,578,539,-1,256,579,186,-1,186,579,580,-1,186,580,581,-1,581,582,186,-1,186,582,583,-1,186,583,584,-1,585,586,587,-1,587,586,588,-1,587,588,589,-1,589,590,587,-1,587,590,591,-1,587,591,592,-1,592,593,587,-1,587,593,594,-1,587,594,595,-1,594,596,595,-1,595,596,597,-1,595,597,598,-1,598,599,595,-1,595,599,539,-1,595,539,600,-1,600,539,578,-1,600,578,601,-1,601,578,554,-1,601,554,552,-1,552,554,553,-1,552,553,551,-1,584,585,186,-1,186,585,587,-1,186,587,602,-1,602,587,603,-1,602,603,604,-1,605,606,607,-1,607,606,608,-1,608,606,609,-1,608,609,610,-1,611,570,607,-1,607,570,612,-1,607,612,605,-1,131,130,613,-1,604,613,602,-1,602,613,130,-1,602,130,614,-1,614,130,615,-1,614,615,616,-1,556,617,557,-1,557,617,618,-1,557,618,131,-1,619,620,129,-1,618,621,131,-1,131,621,622,-1,131,622,129,-1,129,622,623,-1,129,623,619,-1,620,624,129,-1,129,624,625,-1,129,625,626,-1,626,627,129,-1,129,627,628,-1,129,628,629,-1,628,630,629,-1,629,630,631,-1,629,631,632,-1,632,633,629,-1,629,633,634,-1,629,634,611,-1,611,634,635,-1,635,636,611,-1,611,636,637,-1,611,637,638,-1,638,639,611,-1,611,639,640,-1,611,640,641,-1,641,642,611,-1,611,642,643,-1,611,643,570,-1,570,643,644,-1,570,644,568,-1,645,646,647,-1,648,649,645,-1,650,648,651,-1,651,648,645,-1,651,645,652,-1,652,645,647,-1,649,653,645,-1,645,653,654,-1,645,654,655,-1,656,657,658,-1,658,657,645,-1,658,645,659,-1,659,645,655,-1,660,661,662,-1,661,663,662,-1,662,663,664,-1,662,664,665,-1,665,666,662,-1,662,666,667,-1,662,667,668,-1,669,670,671,-1,668,672,662,-1,662,672,673,-1,662,673,669,-1,670,674,671,-1,671,674,675,-1,671,675,676,-1,676,677,671,-1,671,677,678,-1,671,678,679,-1,679,680,671,-1,671,680,681,-1,671,681,682,-1,682,683,671,-1,671,683,684,-1,671,684,645,-1,645,684,685,-1,645,685,646,-1,686,687,688,-1,688,689,686,-1,686,689,690,-1,686,690,691,-1,691,690,692,-1,692,693,691,-1,691,693,694,-1,691,694,695,-1,695,696,691,-1,691,696,697,-1,691,697,698,-1,698,699,691,-1,691,699,700,-1,691,700,701,-1,702,703,704,-1,704,703,691,-1,704,691,705,-1,705,691,701,-1,702,706,703,-1,703,706,707,-1,703,707,708,-1,708,709,703,-1,703,709,710,-1,703,710,711,-1,711,712,703,-1,703,712,713,-1,703,713,714,-1,714,126,703,-1,703,126,128,-1,703,128,662,-1,662,128,715,-1,662,715,660,-1,716,717,718,-1,719,718,720,-1,720,718,721,-1,719,722,718,-1,718,722,723,-1,718,723,716,-1,724,725,726,-1,726,725,727,-1,726,727,728,-1,728,729,726,-1,726,729,730,-1,726,730,731,-1,731,732,726,-1,726,732,733,-1,726,733,734,-1,734,735,726,-1,726,735,736,-1,726,736,737,-1,737,738,726,-1,726,738,739,-1,726,739,740,-1,740,741,726,-1,726,741,742,-1,726,742,743,-1,744,745,746,-1,743,747,726,-1,726,747,748,-1,726,748,749,-1,749,748,750,-1,749,750,746,-1,746,750,751,-1,746,751,744,-1,745,752,746,-1,746,752,753,-1,746,753,718,-1,718,753,754,-1,718,754,721,-1,500,755,501,-1,501,755,756,-1,501,756,757,-1,757,758,501,-1,501,758,759,-1,501,759,760,-1,760,761,501,-1,501,761,762,-1,501,762,691,-1,691,762,763,-1,691,763,764,-1,764,765,691,-1,691,765,766,-1,691,766,767,-1,767,768,691,-1,691,768,769,-1,691,769,770,-1,771,686,772,-1,772,686,691,-1,772,691,773,-1,773,691,770,-1,771,774,686,-1,686,774,775,-1,686,775,776,-1,777,778,779,-1,776,780,686,-1,686,780,781,-1,686,781,779,-1,779,781,782,-1,779,782,777,-1,778,783,779,-1,779,783,784,-1,779,784,785,-1,785,786,779,-1,779,786,787,-1,779,787,726,-1,726,787,788,-1,788,789,726,-1,726,789,790,-1,726,790,791,-1,791,792,726,-1,726,792,793,-1,726,793,794,-1,794,795,726,-1,726,795,796,-1,726,796,797,-1,797,798,726,-1,726,798,799,-1,726,799,800,-1,800,801,726,-1,726,801,802,-1,726,802,724,-1,803,804,805,-1,805,804,806,-1,805,806,807,-1,807,808,805,-1,805,808,809,-1,805,809,810,-1,810,811,805,-1,805,811,812,-1,805,812,813,-1,814,717,815,-1,815,717,716,-1,815,716,805,-1,805,716,816,-1,805,816,803,-1,817,818,819,-1,819,818,820,-1,819,820,821,-1,817,822,818,-1,818,822,823,-1,818,823,824,-1,824,825,818,-1,818,825,826,-1,818,826,827,-1,827,826,828,-1,827,828,829,-1,829,828,830,-1,831,832,833,-1,833,832,834,-1,833,834,828,-1,828,834,835,-1,828,835,830,-1,831,833,836,-1,836,833,837,-1,836,837,838,-1,838,837,839,-1,838,839,840,-1,840,839,841,-1,840,841,842,-1,842,843,840,-1,840,843,844,-1,840,844,813,-1,813,844,845,-1,813,845,805,-1,846,847,848,-1,848,849,846,-1,846,849,850,-1,846,850,851,-1,852,853,854,-1,855,852,856,-1,856,852,854,-1,856,854,857,-1,857,854,858,-1,858,854,851,-1,851,854,859,-1,851,859,860,-1,860,861,851,-1,851,861,862,-1,851,862,846,-1,847,846,818,-1,818,846,863,-1,818,863,864,-1,864,865,818,-1,818,865,866,-1,818,866,820,-1,867,868,529,-1,656,869,657,-1,657,869,870,-1,657,870,529,-1,529,870,871,-1,529,871,867,-1,872,873,529,-1,868,874,529,-1,529,874,875,-1,529,875,876,-1,877,872,878,-1,878,872,529,-1,878,529,879,-1,879,529,876,-1,880,881,496,-1,496,881,519,-1,496,519,494,-1,494,519,368,-1,494,368,882,-1,882,368,498,-1,882,498,502,-1,502,498,530,-1,502,530,503,-1,503,530,529,-1,503,529,883,-1,883,529,873,-1,669,671,662,-1,662,671,884,-1,662,884,885,-1,885,884,886,-1,885,886,887,-1,887,886,142,-1,887,142,143,-1,143,142,141,-1,143,141,144,-1,147,149,138,-1,138,149,888,-1,138,888,137,-1,137,888,889,-1,137,889,890,-1,890,889,891,-1,890,891,892,-1,892,891,614,-1,892,614,612,-1,612,614,616,-1,612,616,605,-1,893,894,895,-1,896,897,898,-1,899,900,901,-1,902,903,904,-1,904,903,905,-1,904,905,906,-1,906,905,907,-1,906,907,908,-1,908,907,896,-1,908,896,909,-1,909,896,898,-1,910,911,912,-1,912,911,913,-1,912,913,914,-1,914,913,915,-1,914,915,916,-1,915,917,916,-1,916,917,918,-1,916,918,894,-1,894,918,919,-1,894,919,895,-1,895,920,893,-1,893,920,921,-1,893,921,922,-1,922,921,923,-1,922,923,924,-1,924,923,925,-1,924,925,926,-1,926,925,927,-1,928,929,897,-1,897,929,930,-1,897,930,898,-1,902,931,932,-1,933,934,935,-1,902,932,903,-1,903,932,936,-1,903,936,937,-1,927,938,926,-1,926,938,939,-1,926,939,940,-1,935,941,933,-1,933,941,942,-1,933,942,943,-1,943,942,944,-1,943,944,945,-1,945,946,943,-1,943,946,947,-1,943,947,948,-1,948,947,949,-1,948,949,950,-1,950,949,951,-1,950,951,952,-1,952,951,953,-1,952,953,910,-1,910,953,954,-1,910,954,955,-1,956,957,958,-1,937,959,903,-1,903,959,960,-1,903,960,961,-1,961,960,962,-1,961,962,963,-1,963,962,964,-1,963,964,965,-1,965,964,966,-1,965,966,933,-1,933,966,967,-1,933,967,934,-1,968,969,970,-1,970,969,971,-1,970,971,972,-1,955,973,910,-1,910,973,974,-1,910,974,911,-1,911,974,975,-1,911,975,976,-1,977,978,979,-1,979,978,980,-1,979,980,970,-1,970,980,981,-1,970,981,968,-1,958,899,956,-1,956,899,901,-1,956,901,982,-1,982,901,983,-1,982,983,984,-1,984,983,985,-1,984,985,928,-1,928,985,986,-1,928,986,929,-1,940,987,926,-1,926,987,988,-1,926,988,989,-1,989,988,990,-1,989,990,991,-1,991,990,992,-1,991,992,993,-1,992,994,993,-1,993,994,995,-1,993,995,979,-1,979,995,996,-1,979,996,977,-1,971,997,972,-1,972,997,998,-1,972,998,999,-1,999,998,1000,-1,999,1000,1001,-1,1001,1000,1002,-1,1001,1002,956,-1,956,1002,1003,-1,956,1003,957,-1,1004,1005,1006,-1,1007,1008,1009,-1,1005,1010,1006,-1,1006,1010,1011,-1,1006,1011,1012,-1,1013,1014,1015,-1,1016,1017,1018,-1,1018,1017,1019,-1,1018,1019,1020,-1,1021,1022,1023,-1,1023,1022,1024,-1,1023,1024,1025,-1,1025,1024,1026,-1,1027,1028,1029,-1,1029,1028,1030,-1,1029,1030,1031,-1,1011,1032,1012,-1,1012,1032,1033,-1,1012,1033,1034,-1,1034,1033,1035,-1,1034,1035,1036,-1,1036,1035,1037,-1,1038,1039,1040,-1,1040,1039,1041,-1,1040,1041,1042,-1,1015,1043,1013,-1,1013,1043,1044,-1,1013,1044,1038,-1,1038,1044,1045,-1,1038,1045,1039,-1,1046,1047,1014,-1,1014,1047,1048,-1,1014,1048,1015,-1,1019,1049,1020,-1,1020,1049,1050,-1,1020,1050,1046,-1,1046,1050,1051,-1,1046,1051,1047,-1,1024,1052,1026,-1,1026,1052,1053,-1,1026,1053,1016,-1,1016,1053,1054,-1,1016,1054,1017,-1,1021,1055,1022,-1,1022,1055,1056,-1,1022,1056,1057,-1,1057,1056,1058,-1,1057,1058,1059,-1,1059,1058,1060,-1,1061,1062,1060,-1,1060,1062,1063,-1,1060,1063,1059,-1,1064,1065,1009,-1,1009,1065,1066,-1,1009,1066,1007,-1,1006,1067,1004,-1,1004,1067,1068,-1,1004,1068,1027,-1,1027,1068,1069,-1,1027,1069,1028,-1,1041,1070,1042,-1,1042,1070,1071,-1,1042,1071,1037,-1,1037,1071,1072,-1,1037,1072,1036,-1,1073,1074,1075,-1,1075,1074,1076,-1,1075,1076,1061,-1,1061,1076,1077,-1,1061,1077,1062,-1,1007,1078,1008,-1,1008,1078,1079,-1,1008,1079,1073,-1,1073,1079,1080,-1,1073,1080,1074,-1,1030,1081,1031,-1,1031,1081,1082,-1,1031,1082,1064,-1,1064,1082,1083,-1,1064,1083,1065,-1,1021,1084,1055,-1,1055,1084,1085,-1,1055,1085,1056,-1,1056,1085,1086,-1,1056,1086,1058,-1,1058,1086,1087,-1,1058,1087,1060,-1,1060,1087,1088,-1,1060,1088,1061,-1,1061,1088,1089,-1,1061,1089,1075,-1,1075,1089,1090,-1,1075,1090,1073,-1,1073,1090,1091,-1,1073,1091,1008,-1,1008,1091,1092,-1,1008,1092,1009,-1,1009,1092,1093,-1,1009,1093,1064,-1,1064,1093,1094,-1,1064,1094,1031,-1,1031,1094,1095,-1,1031,1095,1029,-1,1029,1095,1096,-1,1029,1096,1027,-1,1027,1096,1097,-1,1027,1097,1004,-1,1004,1097,1098,-1,1004,1098,1005,-1,1005,1098,1099,-1,1005,1099,1010,-1,1010,1099,1100,-1,1010,1100,1011,-1,1011,1100,1101,-1,1011,1101,1032,-1,1032,1101,1102,-1,1032,1102,1033,-1,1033,1102,1103,-1,1033,1103,1035,-1,1035,1103,1104,-1,1035,1104,1037,-1,1037,1104,1105,-1,1037,1105,1042,-1,1042,1105,1106,-1,1042,1106,1040,-1,1040,1106,1107,-1,1040,1107,1038,-1,1038,1107,1108,-1,1038,1108,1013,-1,1013,1108,1109,-1,1013,1109,1014,-1,1014,1109,1110,-1,1014,1110,1046,-1,1046,1110,1111,-1,1046,1111,1020,-1,1020,1111,1112,-1,1020,1112,1018,-1,1018,1112,1113,-1,1018,1113,1016,-1,1016,1113,1114,-1,1016,1114,1026,-1,1026,1114,1115,-1,1026,1115,1025,-1,1025,1115,1116,-1,1025,1116,1023,-1,1023,1116,1117,-1,1023,1117,1021,-1,1021,1117,1084,-1,1100,1099,1118,-1,1103,1102,1118,-1,1118,1102,1101,-1,1118,1101,1100,-1,1106,1105,1118,-1,1118,1105,1104,-1,1118,1104,1103,-1,1109,1108,1118,-1,1118,1108,1107,-1,1118,1107,1106,-1,1112,1111,1118,-1,1118,1111,1110,-1,1118,1110,1109,-1,1115,1114,1118,-1,1118,1114,1113,-1,1118,1113,1112,-1,1084,1117,1118,-1,1118,1117,1116,-1,1118,1116,1115,-1,1087,1086,1118,-1,1118,1086,1085,-1,1118,1085,1084,-1,1090,1089,1118,-1,1118,1089,1088,-1,1118,1088,1087,-1,1093,1092,1118,-1,1118,1092,1091,-1,1118,1091,1090,-1,1096,1095,1118,-1,1118,1095,1094,-1,1118,1094,1093,-1,1099,1098,1118,-1,1118,1098,1097,-1,1118,1097,1096,-1,1119,1120,1121,-1,938,1122,1123,-1,1124,1125,1126,-1,1127,1128,1129,-1,1130,1131,1132,-1,1133,1134,1135,-1,1129,1128,1136,-1,1137,1136,1128,-1,1132,1131,1136,-1,1138,1136,1131,-1,1136,1139,1140,-1,1141,1139,1136,-1,1135,1134,1136,-1,1142,1136,1134,-1,1142,1134,1143,-1,1143,1134,1133,-1,1143,1133,1144,-1,1145,1136,1142,-1,1146,1140,1147,-1,1147,1140,1139,-1,1147,1139,1148,-1,1148,1139,1141,-1,1148,1141,1149,-1,1138,1131,1150,-1,1150,1131,1130,-1,1150,1130,1151,-1,1152,1136,1138,-1,1137,1128,1153,-1,1153,1128,1127,-1,1153,1127,1154,-1,1155,1136,1137,-1,1145,1142,1156,-1,1156,1142,1143,-1,1156,1143,1157,-1,1157,1143,1144,-1,1157,1144,1158,-1,1159,1136,1145,-1,1160,1146,1161,-1,1161,1146,1147,-1,1161,1147,1162,-1,1162,1147,1148,-1,1162,1148,1163,-1,1163,1148,1149,-1,1163,1149,1164,-1,1152,1138,1165,-1,1165,1138,1150,-1,1165,1150,1166,-1,1166,1150,1151,-1,1166,1151,1167,-1,1168,1136,1152,-1,1155,1137,1169,-1,1169,1137,1153,-1,1169,1153,1170,-1,1170,1153,1154,-1,1170,1154,1171,-1,1172,1136,1155,-1,1159,1145,1173,-1,1173,1145,1156,-1,1173,1156,1174,-1,1174,1156,1157,-1,1174,1157,1175,-1,1175,1157,1158,-1,1175,1158,1176,-1,1177,1136,1159,-1,1178,1160,1179,-1,1179,1160,1161,-1,1179,1161,1180,-1,1180,1161,1162,-1,1180,1162,1181,-1,1181,1162,1163,-1,1181,1163,1182,-1,1182,1163,1164,-1,1182,1164,1183,-1,1168,1152,1184,-1,1184,1152,1165,-1,1184,1165,1185,-1,1185,1165,1166,-1,1185,1166,1186,-1,1186,1166,1167,-1,1186,1167,1187,-1,1188,1136,1168,-1,1172,1155,1189,-1,1189,1155,1169,-1,1189,1169,1190,-1,1190,1169,1170,-1,1190,1170,1191,-1,1191,1170,1171,-1,1191,1171,1192,-1,1193,1136,1172,-1,1177,1159,1194,-1,1194,1159,1173,-1,1194,1173,1195,-1,1195,1173,1174,-1,1195,1174,1196,-1,1196,1174,1175,-1,1196,1175,1197,-1,1197,1175,1176,-1,1197,1176,1198,-1,1199,1136,1177,-1,1200,1178,1201,-1,1201,1178,1179,-1,1201,1179,1202,-1,1202,1179,1180,-1,1202,1180,1203,-1,1203,1180,1181,-1,1203,1181,1204,-1,1204,1181,1182,-1,1204,1182,1205,-1,1205,1182,1183,-1,1205,1183,1206,-1,1188,1168,1207,-1,1207,1168,1184,-1,1207,1184,1208,-1,1208,1184,1185,-1,1208,1185,1209,-1,1209,1185,1186,-1,1209,1186,1210,-1,1210,1186,1187,-1,1210,1187,1211,-1,1212,1136,1188,-1,1193,1172,1213,-1,1213,1172,1189,-1,1213,1189,1214,-1,1214,1189,1190,-1,1214,1190,1215,-1,1215,1190,1191,-1,1215,1191,1216,-1,1216,1191,1192,-1,1216,1192,1217,-1,1218,1136,1193,-1,1199,1177,1219,-1,1219,1177,1194,-1,1219,1194,1220,-1,1220,1194,1195,-1,1220,1195,1221,-1,1221,1195,1196,-1,1221,1196,1222,-1,1222,1196,1197,-1,1222,1197,1223,-1,1223,1197,1198,-1,1223,1198,1224,-1,1225,1136,1199,-1,1226,1200,1227,-1,1227,1200,1201,-1,1227,1201,1228,-1,1228,1201,1202,-1,1228,1202,1229,-1,1229,1202,1203,-1,1229,1203,1230,-1,1230,1203,1204,-1,1230,1204,1231,-1,1231,1204,1205,-1,1231,1205,1232,-1,1232,1205,1206,-1,1232,1206,1233,-1,1212,1188,1234,-1,1234,1188,1207,-1,1234,1207,1235,-1,1235,1207,1208,-1,1235,1208,1236,-1,1236,1208,1209,-1,1236,1209,1237,-1,1237,1209,1210,-1,1237,1210,1238,-1,1238,1210,1211,-1,1238,1211,1239,-1,1240,1136,1212,-1,1218,1193,1241,-1,1241,1193,1213,-1,1241,1213,1242,-1,1242,1213,1214,-1,1242,1214,1243,-1,1243,1214,1215,-1,1243,1215,1244,-1,1244,1215,1216,-1,1244,1216,1245,-1,1245,1216,1217,-1,1245,1217,1246,-1,1247,1136,1218,-1,1225,1199,1248,-1,1248,1199,1219,-1,1248,1219,1249,-1,1249,1219,1220,-1,1249,1220,1250,-1,1250,1220,1221,-1,1250,1221,1251,-1,1251,1221,1222,-1,1251,1222,1252,-1,1252,1222,1223,-1,1252,1223,1253,-1,1253,1223,1224,-1,1253,1224,1254,-1,1255,1136,1225,-1,1256,1226,1257,-1,1257,1226,1227,-1,1257,1227,1258,-1,1258,1227,1228,-1,1258,1228,1259,-1,1259,1228,1229,-1,1259,1229,1260,-1,1260,1229,1230,-1,1260,1230,1261,-1,1261,1230,1231,-1,1261,1231,1262,-1,1262,1231,1232,-1,1262,1232,1263,-1,1263,1232,1233,-1,1263,1233,1264,-1,1240,1212,1265,-1,1265,1212,1234,-1,1265,1234,1266,-1,1266,1234,1235,-1,1266,1235,1267,-1,1267,1235,1236,-1,1267,1236,1268,-1,1268,1236,1237,-1,1268,1237,1269,-1,1269,1237,1238,-1,1269,1238,1270,-1,1270,1238,1239,-1,1270,1239,1271,-1,1272,1136,1240,-1,1247,1218,1273,-1,1273,1218,1241,-1,1273,1241,1274,-1,1274,1241,1242,-1,1274,1242,1275,-1,1275,1242,1243,-1,1275,1243,1276,-1,1276,1243,1244,-1,1276,1244,1277,-1,1277,1244,1245,-1,1277,1245,1278,-1,1278,1245,1246,-1,1278,1246,1279,-1,1280,1136,1247,-1,1255,1225,1281,-1,1281,1225,1248,-1,1281,1248,1282,-1,1282,1248,1249,-1,1282,1249,1283,-1,1283,1249,1250,-1,1283,1250,1284,-1,1284,1250,1251,-1,1284,1251,1285,-1,1285,1251,1252,-1,1285,1252,1286,-1,1286,1252,1253,-1,1286,1253,1287,-1,1287,1253,1254,-1,1287,1254,1288,-1,1289,1136,1255,-1,1290,1256,1291,-1,1291,1256,1257,-1,1291,1257,1292,-1,1292,1257,1258,-1,1292,1258,1293,-1,1293,1258,1259,-1,1293,1259,1294,-1,1294,1259,1260,-1,1294,1260,1295,-1,1295,1260,1261,-1,1295,1261,1296,-1,1296,1261,1262,-1,1296,1262,1297,-1,1297,1262,1263,-1,1297,1263,1298,-1,1298,1263,1264,-1,1298,1264,1299,-1,1272,1240,1300,-1,1300,1240,1265,-1,1300,1265,1301,-1,1301,1265,1266,-1,1301,1266,1302,-1,1302,1266,1267,-1,1302,1267,1303,-1,1303,1267,1268,-1,1303,1268,1304,-1,1304,1268,1269,-1,1304,1269,1305,-1,1305,1269,1270,-1,1305,1270,1306,-1,1306,1270,1271,-1,1306,1271,1307,-1,1308,1136,1272,-1,1280,1247,1309,-1,1309,1247,1273,-1,1309,1273,1310,-1,1310,1273,1274,-1,1310,1274,1311,-1,1311,1274,1275,-1,1311,1275,1312,-1,1312,1275,1276,-1,1312,1276,1313,-1,1313,1276,1277,-1,1313,1277,1314,-1,1314,1277,1278,-1,1314,1278,1315,-1,1315,1278,1279,-1,1315,1279,1316,-1,1317,1136,1280,-1,1289,1255,1318,-1,1318,1255,1281,-1,1318,1281,1319,-1,1319,1281,1282,-1,1319,1282,1320,-1,1320,1282,1283,-1,1320,1283,1321,-1,1321,1283,1284,-1,1321,1284,1322,-1,1322,1284,1285,-1,1322,1285,1323,-1,1323,1285,1286,-1,1323,1286,1324,-1,1324,1286,1287,-1,1324,1287,1325,-1,1325,1287,1288,-1,1325,1288,1326,-1,1327,1290,1328,-1,1328,1290,1291,-1,1328,1291,1329,-1,1329,1291,1292,-1,1329,1292,1330,-1,1330,1292,1293,-1,1330,1293,1331,-1,1331,1293,1294,-1,1331,1294,1332,-1,1332,1294,1295,-1,1332,1295,1333,-1,1333,1295,1296,-1,1333,1296,1334,-1,1334,1296,1297,-1,1334,1297,1335,-1,1335,1297,1298,-1,1335,1298,1336,-1,1336,1298,1299,-1,1336,1299,1337,-1,1308,1272,1338,-1,1338,1272,1300,-1,1338,1300,1339,-1,1339,1300,1301,-1,1339,1301,1340,-1,1340,1301,1302,-1,1340,1302,1341,-1,1341,1302,1303,-1,1341,1303,1342,-1,1342,1303,1304,-1,1342,1304,1343,-1,1343,1304,1305,-1,1343,1305,1344,-1,1344,1305,1306,-1,1344,1306,1345,-1,1345,1306,1307,-1,1345,1307,1346,-1,1347,1136,1308,-1,1317,1280,1348,-1,1348,1280,1309,-1,1348,1309,1349,-1,1349,1309,1310,-1,1349,1310,1350,-1,1350,1310,1311,-1,1350,1311,1351,-1,1351,1311,1312,-1,1351,1312,1352,-1,1352,1312,1313,-1,1352,1313,1353,-1,1353,1313,1314,-1,1353,1314,1354,-1,1354,1314,1315,-1,1354,1315,1355,-1,1355,1315,1316,-1,1355,1316,1356,-1,1357,1136,1317,-1,1358,1327,1359,-1,1359,1327,1328,-1,1359,1328,1360,-1,1360,1328,1329,-1,1360,1329,1361,-1,1361,1329,1330,-1,1361,1330,1362,-1,1362,1330,1331,-1,1362,1331,1363,-1,1363,1331,1332,-1,1363,1332,1364,-1,1364,1332,1333,-1,1364,1333,1365,-1,1365,1333,1334,-1,1365,1334,1366,-1,1366,1334,1335,-1,1366,1335,1367,-1,1367,1335,1336,-1,1367,1336,1368,-1,1368,1336,1337,-1,1368,1337,1369,-1,1347,1308,1370,-1,1370,1308,1338,-1,1370,1338,1371,-1,1371,1338,1339,-1,1371,1339,1372,-1,1372,1339,1340,-1,1372,1340,1373,-1,1373,1340,1341,-1,1373,1341,1374,-1,1374,1341,1342,-1,1374,1342,1375,-1,1375,1342,1343,-1,1375,1343,1376,-1,1376,1343,1344,-1,1376,1344,1377,-1,1377,1344,1345,-1,1377,1345,1378,-1,1378,1345,1346,-1,1378,1346,1379,-1,1357,1317,1380,-1,1380,1317,1348,-1,1380,1348,1381,-1,1381,1348,1349,-1,1381,1349,1382,-1,1382,1349,1350,-1,1382,1350,1383,-1,1383,1350,1351,-1,1383,1351,1384,-1,1384,1351,1352,-1,1384,1352,1385,-1,1385,1352,1353,-1,1385,1353,1386,-1,1386,1353,1354,-1,1386,1354,1387,-1,1387,1354,1355,-1,1387,1355,1388,-1,1388,1355,1356,-1,1388,1356,1389,-1,1390,1358,1391,-1,1391,1358,1359,-1,1391,1359,1392,-1,1392,1359,1360,-1,1392,1360,1393,-1,1393,1360,1361,-1,1393,1361,1394,-1,1394,1361,1362,-1,1394,1362,1395,-1,1395,1362,1363,-1,1395,1363,1396,-1,1396,1363,1364,-1,1396,1364,1397,-1,1397,1364,1365,-1,1397,1365,1398,-1,1398,1365,1366,-1,1398,1366,1399,-1,1399,1366,1367,-1,1399,1367,1400,-1,1400,1367,1368,-1,1400,1368,1401,-1,1401,1368,1369,-1,1401,1369,1402,-1,1390,1326,1358,-1,1358,1326,1288,-1,1358,1288,1327,-1,1327,1288,1254,-1,1327,1254,1290,-1,1290,1254,1224,-1,1290,1224,1256,-1,1256,1224,1198,-1,1256,1198,1226,-1,1226,1198,1176,-1,1226,1176,1200,-1,1200,1176,1158,-1,1200,1158,1178,-1,1178,1158,1144,-1,1178,1144,1160,-1,1160,1144,1133,-1,1160,1133,1146,-1,1146,1133,1135,-1,1146,1135,1140,-1,1140,1135,1136,-1,1403,1404,1405,-1,1406,1404,1407,-1,1407,1404,1403,-1,1407,1403,1408,-1,1409,1406,1410,-1,1410,1406,1407,-1,1410,1407,1411,-1,1411,1407,1408,-1,1411,1408,1412,-1,1413,1409,1414,-1,1414,1409,1410,-1,1414,1410,1415,-1,1415,1410,1411,-1,1415,1411,1416,-1,1416,1411,1412,-1,1416,1412,1417,-1,1418,1413,1419,-1,1419,1413,1414,-1,1419,1414,1420,-1,1420,1414,1415,-1,1420,1415,1421,-1,1421,1415,1416,-1,1421,1416,1422,-1,1422,1416,1417,-1,1422,1417,1423,-1,1424,1418,1425,-1,1425,1418,1419,-1,1425,1419,1426,-1,1426,1419,1420,-1,1426,1420,1427,-1,1427,1420,1421,-1,1427,1421,1428,-1,1428,1421,1422,-1,1428,1422,1429,-1,1429,1422,1423,-1,1429,1423,1430,-1,1431,1424,1432,-1,1432,1424,1425,-1,1432,1425,1433,-1,1433,1425,1426,-1,1433,1426,1434,-1,1434,1426,1427,-1,1434,1427,1435,-1,1435,1427,1428,-1,1435,1428,1436,-1,1436,1428,1429,-1,1436,1429,1437,-1,1437,1429,1430,-1,1437,1430,1438,-1,1439,1431,1440,-1,1440,1431,1432,-1,1440,1432,1441,-1,1441,1432,1433,-1,1441,1433,1442,-1,1442,1433,1434,-1,1442,1434,1443,-1,1443,1434,1435,-1,1443,1435,1444,-1,1444,1435,1436,-1,1444,1436,1445,-1,1445,1436,1437,-1,1445,1437,1446,-1,1446,1437,1438,-1,1446,1438,1447,-1,1448,1439,1449,-1,1449,1439,1440,-1,1449,1440,1450,-1,1450,1440,1441,-1,1450,1441,1451,-1,1451,1441,1442,-1,1451,1442,1452,-1,1452,1442,1443,-1,1452,1443,1453,-1,1453,1443,1444,-1,1453,1444,1454,-1,1454,1444,1445,-1,1454,1445,1455,-1,1455,1445,1446,-1,1455,1446,1456,-1,1456,1446,1447,-1,1456,1447,1457,-1,1458,1459,1460,-1,1461,1459,1462,-1,1462,1459,1458,-1,1462,1458,1463,-1,1464,1461,1465,-1,1465,1461,1462,-1,1465,1462,1466,-1,1466,1462,1463,-1,1466,1463,1467,-1,1468,1464,1469,-1,1469,1464,1465,-1,1469,1465,1470,-1,1470,1465,1466,-1,1470,1466,1471,-1,1471,1466,1467,-1,1471,1467,1472,-1,1473,1468,1474,-1,1474,1468,1469,-1,1474,1469,1475,-1,1475,1469,1470,-1,1475,1470,1476,-1,1476,1470,1471,-1,1476,1471,1477,-1,1477,1471,1472,-1,1477,1472,1478,-1,1479,1473,1480,-1,1480,1473,1474,-1,1480,1474,1481,-1,1481,1474,1475,-1,1481,1475,1482,-1,1482,1475,1476,-1,1482,1476,1483,-1,1483,1476,1477,-1,1483,1477,1484,-1,1484,1477,1478,-1,1484,1478,1485,-1,1486,1479,1487,-1,1487,1479,1480,-1,1487,1480,1488,-1,1488,1480,1481,-1,1488,1481,1489,-1,1489,1481,1482,-1,1489,1482,1490,-1,1490,1482,1483,-1,1490,1483,1491,-1,1491,1483,1484,-1,1491,1484,1492,-1,1492,1484,1485,-1,1492,1485,1493,-1,1494,1486,1495,-1,1495,1486,1487,-1,1495,1487,1496,-1,1496,1487,1488,-1,1496,1488,1497,-1,1497,1488,1489,-1,1497,1489,1498,-1,1498,1489,1490,-1,1498,1490,1499,-1,1499,1490,1491,-1,1499,1491,1500,-1,1500,1491,1492,-1,1500,1492,1501,-1,1501,1492,1493,-1,1501,1493,1502,-1,1503,1494,1504,-1,1504,1494,1495,-1,1504,1495,1505,-1,1505,1495,1496,-1,1505,1496,1506,-1,1506,1496,1497,-1,1506,1497,1507,-1,1507,1497,1498,-1,1507,1498,1508,-1,1508,1498,1499,-1,1508,1499,1509,-1,1509,1499,1500,-1,1509,1500,1510,-1,1510,1500,1501,-1,1510,1501,1511,-1,1511,1501,1502,-1,1511,1502,1512,-1,1513,1503,1514,-1,1514,1503,1504,-1,1514,1504,1515,-1,1515,1504,1505,-1,1515,1505,1516,-1,1516,1505,1506,-1,1516,1506,1517,-1,1517,1506,1507,-1,1517,1507,1518,-1,1518,1507,1508,-1,1518,1508,1519,-1,1519,1508,1509,-1,1519,1509,1520,-1,1520,1509,1510,-1,1520,1510,1521,-1,1521,1510,1511,-1,1521,1511,1522,-1,1522,1511,1512,-1,1522,1512,1523,-1,1524,1513,1525,-1,1525,1513,1514,-1,1525,1514,1526,-1,1526,1514,1515,-1,1526,1515,1527,-1,1527,1515,1516,-1,1527,1516,1528,-1,1528,1516,1517,-1,1528,1517,1529,-1,1529,1517,1518,-1,1529,1518,1530,-1,1530,1518,1519,-1,1530,1519,1531,-1,1531,1519,1520,-1,1531,1520,1532,-1,1532,1520,1521,-1,1532,1521,1533,-1,1533,1521,1522,-1,1533,1522,1534,-1,1534,1522,1523,-1,1534,1523,1136,-1,1535,976,1402,-1,1125,1535,1126,-1,1126,1535,1402,-1,1126,1402,1536,-1,1536,1402,1369,-1,1536,1369,1537,-1,1537,1369,1337,-1,1537,1337,1538,-1,1538,1337,1299,-1,1538,1299,1539,-1,1539,1299,1264,-1,1539,1264,1540,-1,1540,1264,1233,-1,1540,1233,1541,-1,1541,1233,1206,-1,1541,1206,1542,-1,1542,1206,1183,-1,1542,1183,1543,-1,1543,1183,1164,-1,1543,1164,1544,-1,1544,1164,1149,-1,1544,1149,1545,-1,1545,1149,1141,-1,1545,1141,1136,-1,1122,1124,1123,-1,1123,1124,1126,-1,1123,1126,1546,-1,1546,1126,1536,-1,1546,1536,1547,-1,1547,1536,1537,-1,1547,1537,1548,-1,1548,1537,1538,-1,1548,1538,1549,-1,1549,1538,1539,-1,1549,1539,1550,-1,1550,1539,1540,-1,1550,1540,1551,-1,1551,1540,1541,-1,1551,1541,1552,-1,1552,1541,1542,-1,1552,1542,1553,-1,1553,1542,1543,-1,1553,1543,1554,-1,1554,1543,1544,-1,1554,1544,1555,-1,1555,1544,1545,-1,1555,1545,1136,-1,939,938,1556,-1,1556,938,1123,-1,1556,1123,1557,-1,1557,1123,1546,-1,1557,1546,1558,-1,1558,1546,1547,-1,1558,1547,1559,-1,1559,1547,1548,-1,1559,1548,1560,-1,1560,1548,1549,-1,1560,1549,1561,-1,1561,1549,1550,-1,1561,1550,1562,-1,1562,1550,1551,-1,1562,1551,1563,-1,1563,1551,1552,-1,1563,1552,1564,-1,1564,1552,1553,-1,1564,1553,1565,-1,1565,1553,1554,-1,1565,1554,1566,-1,1566,1554,1555,-1,1566,1555,1136,-1,940,939,1567,-1,1567,939,1556,-1,1567,1556,1568,-1,1568,1556,1557,-1,1568,1557,1569,-1,1569,1557,1558,-1,1569,1558,1570,-1,1570,1558,1559,-1,1570,1559,1571,-1,1571,1559,1560,-1,1571,1560,1572,-1,1572,1560,1561,-1,1572,1561,1573,-1,1573,1561,1562,-1,1573,1562,1574,-1,1574,1562,1563,-1,1574,1563,1575,-1,1575,1563,1564,-1,1575,1564,1576,-1,1576,1564,1565,-1,1576,1565,1577,-1,1577,1565,1566,-1,1577,1566,1136,-1,987,940,1578,-1,1578,940,1567,-1,1578,1567,1579,-1,1579,1567,1568,-1,1579,1568,1580,-1,1580,1568,1569,-1,1580,1569,1581,-1,1581,1569,1570,-1,1581,1570,1582,-1,1582,1570,1571,-1,1582,1571,1583,-1,1583,1571,1572,-1,1583,1572,1584,-1,1584,1572,1573,-1,1584,1573,1585,-1,1585,1573,1574,-1,1585,1574,1586,-1,1586,1574,1575,-1,1586,1575,1587,-1,1587,1575,1576,-1,1587,1576,1588,-1,1588,1576,1577,-1,1588,1577,1136,-1,988,987,1589,-1,1589,987,1578,-1,1589,1578,1590,-1,1590,1578,1579,-1,1590,1579,1591,-1,1591,1579,1580,-1,1591,1580,1592,-1,1592,1580,1581,-1,1592,1581,1593,-1,1593,1581,1582,-1,1593,1582,1594,-1,1594,1582,1583,-1,1594,1583,1595,-1,1595,1583,1584,-1,1595,1584,1596,-1,1596,1584,1585,-1,1596,1585,1597,-1,1597,1585,1586,-1,1597,1586,1598,-1,1598,1586,1587,-1,1598,1587,1599,-1,1599,1587,1588,-1,1599,1588,1136,-1,990,988,1600,-1,1600,988,1589,-1,1600,1589,1601,-1,1601,1589,1590,-1,1601,1590,1602,-1,1602,1590,1591,-1,1602,1591,1603,-1,1603,1591,1592,-1,1603,1592,1604,-1,1604,1592,1593,-1,1604,1593,1605,-1,1605,1593,1594,-1,1605,1594,1606,-1,1606,1594,1595,-1,1606,1595,1607,-1,1607,1595,1596,-1,1607,1596,1608,-1,1608,1596,1597,-1,1608,1597,1609,-1,1609,1597,1598,-1,1609,1598,1610,-1,1610,1598,1599,-1,1610,1599,1136,-1,992,990,1611,-1,1611,990,1600,-1,1611,1600,1612,-1,1612,1600,1601,-1,1612,1601,1613,-1,1613,1601,1602,-1,1613,1602,1614,-1,1614,1602,1603,-1,1614,1603,1615,-1,1615,1603,1604,-1,1615,1604,1616,-1,1616,1604,1605,-1,1616,1605,1617,-1,1617,1605,1606,-1,1617,1606,1618,-1,1618,1606,1607,-1,1618,1607,1619,-1,1619,1607,1608,-1,1619,1608,1620,-1,1620,1608,1609,-1,1620,1609,1621,-1,1621,1609,1610,-1,1621,1610,1136,-1,994,992,1622,-1,1622,992,1611,-1,1622,1611,1623,-1,1623,1611,1612,-1,1623,1612,1624,-1,1624,1612,1613,-1,1624,1613,1625,-1,1625,1613,1614,-1,1625,1614,1626,-1,1626,1614,1615,-1,1626,1615,1627,-1,1627,1615,1616,-1,1627,1616,1628,-1,1628,1616,1617,-1,1628,1617,1629,-1,1629,1617,1618,-1,1629,1618,1630,-1,1630,1618,1619,-1,1630,1619,1631,-1,1631,1619,1620,-1,1631,1620,1632,-1,1632,1620,1621,-1,1632,1621,1136,-1,995,994,1633,-1,1633,994,1622,-1,1633,1622,1634,-1,1634,1622,1623,-1,1634,1623,1635,-1,1635,1623,1624,-1,1635,1624,1636,-1,1636,1624,1625,-1,1636,1625,1637,-1,1637,1625,1626,-1,1637,1626,1638,-1,1638,1626,1627,-1,1638,1627,1639,-1,1639,1627,1628,-1,1639,1628,1640,-1,1640,1628,1629,-1,1640,1629,1641,-1,1641,1629,1630,-1,1641,1630,1642,-1,1642,1630,1631,-1,1642,1631,1643,-1,1643,1631,1632,-1,1643,1632,1136,-1,996,995,1644,-1,1644,995,1633,-1,1644,1633,1645,-1,1645,1633,1634,-1,1645,1634,1646,-1,1646,1634,1635,-1,1646,1635,1647,-1,1647,1635,1636,-1,1647,1636,1648,-1,1648,1636,1637,-1,1648,1637,1649,-1,1649,1637,1638,-1,1649,1638,1650,-1,1650,1638,1639,-1,1650,1639,1651,-1,1651,1639,1640,-1,1651,1640,1652,-1,1652,1640,1641,-1,1652,1641,1653,-1,1653,1641,1642,-1,1653,1642,1654,-1,1654,1642,1643,-1,1654,1643,1136,-1,977,996,1655,-1,1655,996,1644,-1,1655,1644,1656,-1,1656,1644,1645,-1,1656,1645,1657,-1,1657,1645,1646,-1,1657,1646,1658,-1,1658,1646,1647,-1,1658,1647,1659,-1,1659,1647,1648,-1,1659,1648,1660,-1,1660,1648,1649,-1,1660,1649,1661,-1,1661,1649,1650,-1,1661,1650,1662,-1,1662,1650,1651,-1,1662,1651,1663,-1,1663,1651,1652,-1,1663,1652,1664,-1,1664,1652,1653,-1,1664,1653,1665,-1,1665,1653,1654,-1,1665,1654,1136,-1,978,977,1666,-1,1666,977,1655,-1,1666,1655,1667,-1,1667,1655,1656,-1,1667,1656,1668,-1,1668,1656,1657,-1,1668,1657,1669,-1,1669,1657,1658,-1,1669,1658,1670,-1,1670,1658,1659,-1,1670,1659,1671,-1,1671,1659,1660,-1,1671,1660,1672,-1,1672,1660,1661,-1,1672,1661,1673,-1,1673,1661,1662,-1,1673,1662,1674,-1,1674,1662,1663,-1,1674,1663,1675,-1,1675,1663,1664,-1,1675,1664,1676,-1,1676,1664,1665,-1,1676,1665,1136,-1,980,978,1677,-1,1677,978,1666,-1,1677,1666,1678,-1,1678,1666,1667,-1,1678,1667,1679,-1,1679,1667,1668,-1,1679,1668,1680,-1,1680,1668,1669,-1,1680,1669,1681,-1,1681,1669,1670,-1,1681,1670,1682,-1,1682,1670,1671,-1,1682,1671,1683,-1,1683,1671,1672,-1,1683,1672,1684,-1,1684,1672,1673,-1,1684,1673,1685,-1,1685,1673,1674,-1,1685,1674,1686,-1,1686,1674,1675,-1,1686,1675,1687,-1,1687,1675,1676,-1,1687,1676,1136,-1,981,980,1688,-1,1688,980,1677,-1,1688,1677,1689,-1,1689,1677,1678,-1,1689,1678,1690,-1,1690,1678,1679,-1,1690,1679,1691,-1,1691,1679,1680,-1,1691,1680,1692,-1,1692,1680,1681,-1,1692,1681,1693,-1,1693,1681,1682,-1,1693,1682,1694,-1,1694,1682,1683,-1,1694,1683,1695,-1,1695,1683,1684,-1,1695,1684,1696,-1,1696,1684,1685,-1,1696,1685,1697,-1,1697,1685,1686,-1,1697,1686,1698,-1,1698,1686,1687,-1,1698,1687,1136,-1,968,981,1379,-1,1379,981,1688,-1,1379,1688,1378,-1,1378,1688,1689,-1,1378,1689,1377,-1,1377,1689,1690,-1,1377,1690,1376,-1,1376,1690,1691,-1,1376,1691,1375,-1,1375,1691,1692,-1,1375,1692,1374,-1,1374,1692,1693,-1,1374,1693,1373,-1,1373,1693,1694,-1,1373,1694,1372,-1,1372,1694,1695,-1,1372,1695,1371,-1,1371,1695,1696,-1,1371,1696,1370,-1,1370,1696,1697,-1,1370,1697,1347,-1,1347,1697,1698,-1,1347,1698,1136,-1,900,899,1448,-1,1448,899,958,-1,1448,958,1439,-1,1439,958,957,-1,1439,957,1431,-1,1431,957,1003,-1,1431,1003,1424,-1,1424,1003,1002,-1,1424,1002,1418,-1,1418,1002,1000,-1,1418,1000,1413,-1,1413,1000,998,-1,1413,998,1409,-1,1409,998,997,-1,1409,997,1406,-1,1406,997,971,-1,1406,971,1404,-1,1404,971,969,-1,1404,969,1405,-1,1405,969,968,-1,1120,900,1121,-1,1121,900,1448,-1,1121,1448,1699,-1,1699,1448,1449,-1,1699,1449,1700,-1,1700,1449,1450,-1,1700,1450,1701,-1,1701,1450,1451,-1,1701,1451,1702,-1,1702,1451,1452,-1,1702,1452,1703,-1,1703,1452,1453,-1,1703,1453,1704,-1,1704,1453,1454,-1,1704,1454,1705,-1,1705,1454,1455,-1,1705,1455,1706,-1,1706,1455,1456,-1,1706,1456,1707,-1,1707,1456,1457,-1,1707,1457,1708,-1,1709,1119,1389,-1,1389,1119,1121,-1,1389,1121,1388,-1,1388,1121,1699,-1,1388,1699,1387,-1,1387,1699,1700,-1,1387,1700,1386,-1,1386,1700,1701,-1,1386,1701,1385,-1,1385,1701,1702,-1,1385,1702,1384,-1,1384,1702,1703,-1,1384,1703,1383,-1,1383,1703,1704,-1,1383,1704,1382,-1,1382,1704,1705,-1,1382,1705,1381,-1,1381,1705,1706,-1,1381,1706,1380,-1,1380,1706,1707,-1,1380,1707,1357,-1,1357,1707,1708,-1,1357,1708,1136,-1,1136,1523,1129,-1,1129,1523,1512,-1,1129,1512,1127,-1,1127,1512,1502,-1,1127,1502,1154,-1,1154,1502,1493,-1,1154,1493,1171,-1,1171,1493,1485,-1,1171,1485,1192,-1,1192,1485,1478,-1,1192,1478,1217,-1,1217,1478,1472,-1,1217,1472,1246,-1,1246,1472,1467,-1,1246,1467,1279,-1,1279,1467,1463,-1,1279,1463,1316,-1,1316,1463,1458,-1,1316,1458,1356,-1,1356,1458,1460,-1,1356,1460,1389,-1,1389,1460,1710,-1,1389,1710,1709,-1,1390,1524,1326,-1,1326,1524,1525,-1,1326,1525,1325,-1,1325,1525,1526,-1,1325,1526,1324,-1,1324,1526,1527,-1,1324,1527,1323,-1,1323,1527,1528,-1,1323,1528,1322,-1,1322,1528,1529,-1,1322,1529,1321,-1,1321,1529,1530,-1,1321,1530,1320,-1,1320,1530,1531,-1,1320,1531,1319,-1,1319,1531,1532,-1,1319,1532,1318,-1,1318,1532,1533,-1,1318,1533,1289,-1,1289,1533,1534,-1,1289,1534,1136,-1,968,1379,1405,-1,1405,1379,1346,-1,1405,1346,1403,-1,1403,1346,1307,-1,1403,1307,1408,-1,1408,1307,1271,-1,1408,1271,1412,-1,1412,1271,1239,-1,1412,1239,1417,-1,1417,1239,1211,-1,1417,1211,1423,-1,1423,1211,1187,-1,1423,1187,1430,-1,1430,1187,1167,-1,1430,1167,1438,-1,1438,1167,1151,-1,1438,1151,1447,-1,1447,1151,1130,-1,1447,1130,1457,-1,1457,1130,1132,-1,1457,1132,1708,-1,1708,1132,1136,-1,976,975,1402,-1,1402,975,974,-1,1402,974,1401,-1,1401,974,973,-1,1401,973,1400,-1,1400,973,955,-1,1400,955,1399,-1,1399,955,954,-1,1399,954,1398,-1,1398,954,953,-1,1398,953,1397,-1,1397,953,951,-1,1397,951,1396,-1,1396,951,949,-1,1396,949,1395,-1,1395,949,947,-1,1395,947,1394,-1,1394,947,946,-1,1394,946,1393,-1,1393,946,945,-1,1393,945,1392,-1,1392,945,944,-1,1392,944,1391,-1,1391,944,942,-1,1391,942,1390,-1,1390,942,941,-1,1390,941,1524,-1,1524,941,935,-1,1524,935,1513,-1,1513,935,934,-1,1513,934,1503,-1,1503,934,967,-1,1503,967,1494,-1,1494,967,966,-1,1494,966,1486,-1,1486,966,964,-1,1486,964,1479,-1,1479,964,962,-1,1479,962,1473,-1,1473,962,960,-1,1473,960,1468,-1,1468,960,959,-1,1468,959,1464,-1,1464,959,937,-1,1464,937,1461,-1,1461,937,936,-1,1461,936,1459,-1,1459,936,932,-1,1459,932,1460,-1,1460,932,931,-1,1460,931,1710,-1,1711,1712,1713,-1,1714,1715,1716,-1,1717,1718,1719,-1,1720,1721,1722,-1,1723,1724,1725,-1,1726,1727,1728,-1,1729,1730,1731,-1,1732,1733,1734,-1,1735,1736,1737,-1,1738,1739,1740,-1,1741,1742,1743,-1,1744,1745,1746,-1,1747,1748,1749,-1,1749,1748,1750,-1,1749,1750,1751,-1,1751,1750,1752,-1,1751,1752,1753,-1,1753,1752,1754,-1,1753,1754,1755,-1,1755,1754,1756,-1,1755,1756,1757,-1,1757,1756,1740,-1,1758,1759,1760,-1,1760,1759,1761,-1,1760,1761,1762,-1,1762,1761,1763,-1,1762,1763,1764,-1,1764,1763,1765,-1,1764,1765,1766,-1,1766,1765,1767,-1,1766,1767,1768,-1,1768,1767,1722,-1,970,1769,1770,-1,1770,1769,1771,-1,1770,1771,1772,-1,1772,1771,1773,-1,1772,1773,1774,-1,1774,1773,1775,-1,1774,1775,1776,-1,1776,1775,1777,-1,1776,1777,1778,-1,1778,1777,1746,-1,1778,1746,150,-1,150,1746,1745,-1,1769,1779,1771,-1,1771,1779,1780,-1,1771,1780,1773,-1,1773,1780,1781,-1,1773,1781,1775,-1,1775,1781,1782,-1,1775,1782,1777,-1,1777,1782,1783,-1,1777,1783,1746,-1,1746,1783,1743,-1,1746,1743,1744,-1,1744,1743,1742,-1,1784,1741,1785,-1,1785,1741,1743,-1,1785,1743,1786,-1,1786,1743,1783,-1,1786,1783,1787,-1,1787,1783,1782,-1,1787,1782,1788,-1,1788,1782,1781,-1,1788,1781,1789,-1,1789,1781,1780,-1,1789,1780,1790,-1,1790,1780,1779,-1,1790,1747,1789,-1,1789,1747,1749,-1,1789,1749,1788,-1,1788,1749,1751,-1,1788,1751,1787,-1,1787,1751,1753,-1,1787,1753,1786,-1,1786,1753,1755,-1,1786,1755,1785,-1,1785,1755,1757,-1,1785,1757,1784,-1,1784,1757,1791,-1,1740,1739,1757,-1,1757,1739,1792,-1,1757,1792,1791,-1,1736,1738,1737,-1,1737,1738,1740,-1,1737,1740,1793,-1,1793,1740,1756,-1,1793,1756,1794,-1,1794,1756,1754,-1,1794,1754,1795,-1,1795,1754,1752,-1,1795,1752,1796,-1,1796,1752,1750,-1,1796,1750,1797,-1,1797,1750,1748,-1,1798,1735,1799,-1,1799,1735,1737,-1,1799,1737,1800,-1,1800,1737,1793,-1,1800,1793,1801,-1,1801,1793,1794,-1,1801,1794,1802,-1,1802,1794,1795,-1,1802,1795,1803,-1,1803,1795,1796,-1,1803,1796,1804,-1,1804,1796,1797,-1,1804,1805,1803,-1,1803,1805,1806,-1,1803,1806,1802,-1,1802,1806,1807,-1,1802,1807,1801,-1,1801,1807,1808,-1,1801,1808,1800,-1,1800,1808,1809,-1,1800,1809,1799,-1,1799,1809,1734,-1,1799,1734,1798,-1,1798,1734,1733,-1,1805,1810,1806,-1,1806,1810,1811,-1,1806,1811,1807,-1,1807,1811,1812,-1,1807,1812,1808,-1,1808,1812,1813,-1,1808,1813,1809,-1,1809,1813,1814,-1,1809,1814,1734,-1,1734,1814,1731,-1,1734,1731,1732,-1,1732,1731,1730,-1,1815,1729,1816,-1,1816,1729,1731,-1,1816,1731,1817,-1,1817,1731,1814,-1,1817,1814,1818,-1,1818,1814,1813,-1,1818,1813,1819,-1,1819,1813,1812,-1,1819,1812,1820,-1,1820,1812,1811,-1,1820,1811,1821,-1,1821,1811,1810,-1,1821,897,1820,-1,1820,897,1822,-1,1820,1822,1819,-1,1819,1822,1823,-1,1819,1823,1818,-1,1818,1823,1824,-1,1818,1824,1817,-1,1817,1824,1825,-1,1817,1825,1816,-1,1816,1825,1826,-1,1816,1826,1815,-1,1815,1826,1827,-1,897,1828,1822,-1,1822,1828,1829,-1,1822,1829,1823,-1,1823,1829,1830,-1,1823,1830,1824,-1,1824,1830,1831,-1,1824,1831,1825,-1,1825,1831,1832,-1,1825,1832,1826,-1,1826,1832,1728,-1,1826,1728,1827,-1,1827,1728,1727,-1,1828,1833,1829,-1,1829,1833,1834,-1,1829,1834,1830,-1,1830,1834,1835,-1,1830,1835,1831,-1,1831,1835,1836,-1,1831,1836,1832,-1,1832,1836,1837,-1,1832,1837,1728,-1,1728,1837,1725,-1,1728,1725,1726,-1,1726,1725,1724,-1,1838,1723,1839,-1,1839,1723,1725,-1,1839,1725,1840,-1,1840,1725,1837,-1,1840,1837,1841,-1,1841,1837,1836,-1,1841,1836,1842,-1,1842,1836,1835,-1,1842,1835,1843,-1,1843,1835,1834,-1,1843,1834,1844,-1,1844,1834,1833,-1,1844,1758,1843,-1,1843,1758,1760,-1,1843,1760,1842,-1,1842,1760,1762,-1,1842,1762,1841,-1,1841,1762,1764,-1,1841,1764,1840,-1,1840,1764,1766,-1,1840,1766,1839,-1,1839,1766,1768,-1,1839,1768,1838,-1,1838,1768,1845,-1,1722,1721,1768,-1,1768,1721,1846,-1,1768,1846,1845,-1,1718,1720,1719,-1,1719,1720,1722,-1,1719,1722,1847,-1,1847,1722,1767,-1,1847,1767,1848,-1,1848,1767,1765,-1,1848,1765,1849,-1,1849,1765,1763,-1,1849,1763,1850,-1,1850,1763,1761,-1,1850,1761,1851,-1,1851,1761,1759,-1,1852,1717,1853,-1,1853,1717,1719,-1,1853,1719,1854,-1,1854,1719,1847,-1,1854,1847,1855,-1,1855,1847,1848,-1,1855,1848,1856,-1,1856,1848,1849,-1,1856,1849,1857,-1,1857,1849,1850,-1,1857,1850,1858,-1,1858,1850,1851,-1,1858,1859,1857,-1,1857,1859,1860,-1,1857,1860,1856,-1,1856,1860,1861,-1,1856,1861,1855,-1,1855,1861,1862,-1,1855,1862,1854,-1,1854,1862,1863,-1,1854,1863,1853,-1,1853,1863,1716,-1,1853,1716,1852,-1,1852,1716,1715,-1,1859,1864,1860,-1,1860,1864,1865,-1,1860,1865,1861,-1,1861,1865,1866,-1,1861,1866,1862,-1,1862,1866,1867,-1,1862,1867,1863,-1,1863,1867,1868,-1,1863,1868,1716,-1,1716,1868,1713,-1,1716,1713,1714,-1,1714,1713,1712,-1,1869,1711,1870,-1,1870,1711,1713,-1,1870,1713,1871,-1,1871,1713,1868,-1,1871,1868,1872,-1,1872,1868,1867,-1,1872,1867,1873,-1,1873,1867,1866,-1,1873,1866,1874,-1,1874,1866,1865,-1,1874,1865,1875,-1,1875,1865,1864,-1,1875,933,1874,-1,1874,933,1876,-1,1874,1876,1873,-1,1873,1876,1877,-1,1873,1877,1872,-1,1872,1877,1878,-1,1872,1878,1871,-1,1871,1878,1879,-1,1871,1879,1870,-1,1870,1879,1880,-1,1870,1880,1869,-1,1869,1880,47,-1,1881,1882,1883,-1,1883,1882,1884,-1,1883,1884,1885,-1,1885,1884,1886,-1,1885,1886,1887,-1,1887,1886,1888,-1,1887,1888,1889,-1,1889,1888,1890,-1,1889,1890,15,-1,15,1890,1891,-1,150,1891,1778,-1,1778,1891,1890,-1,1778,1890,1776,-1,1776,1890,1888,-1,1776,1888,1774,-1,1774,1888,1886,-1,1774,1886,1772,-1,1772,1886,1884,-1,1772,1884,1770,-1,1770,1884,1882,-1,1770,1882,970,-1,1881,970,1882,-1,1876,1892,1877,-1,1877,1892,1893,-1,1877,1893,1878,-1,1878,1893,1894,-1,1878,1894,1879,-1,1879,1894,1895,-1,1879,1895,1880,-1,1880,1895,1896,-1,1880,1896,47,-1,47,1896,45,-1,37,45,1897,-1,1897,45,1896,-1,1897,1896,1898,-1,1898,1896,1895,-1,1898,1895,1899,-1,1899,1895,1894,-1,1899,1894,1900,-1,1900,1894,1893,-1,1900,1893,1901,-1,1901,1893,1892,-1,1901,1892,933,-1,1876,933,1892,-1,150,148,1902,-1,150,1902,1891,-1,1891,1902,16,-1,1891,16,15,-1,15,8,1903,-1,15,1903,1889,-1,1889,1903,1904,-1,1889,1904,1887,-1,1887,1904,1905,-1,1887,1905,1885,-1,1885,1905,1906,-1,1885,1906,1883,-1,1883,1906,1907,-1,1883,1907,1881,-1,1881,1907,979,-1,1881,979,970,-1,63,64,1908,-1,66,68,1909,-1,72,74,1910,-1,76,78,1911,-1,86,88,1912,-1,90,92,1913,-1,98,100,1914,-1,102,104,1915,-1,108,110,1916,-1,112,114,1917,-1,122,124,1918,-1,53,55,1919,-1,1920,1921,1922,-1,1922,1921,1923,-1,1922,1923,1924,-1,1924,1923,1925,-1,1924,1925,1926,-1,1926,1925,1927,-1,1926,1927,1928,-1,1928,1927,1929,-1,1928,1929,1930,-1,1930,1929,1917,-1,1931,1932,1933,-1,1933,1932,1934,-1,1933,1934,1935,-1,1935,1934,1936,-1,1935,1936,1937,-1,1937,1936,1938,-1,1937,1938,1939,-1,1939,1938,1940,-1,1939,1940,1941,-1,1941,1940,1911,-1,943,1942,1943,-1,1943,1942,1944,-1,1943,1944,1945,-1,1945,1944,1946,-1,1945,1946,1947,-1,1947,1946,1948,-1,1947,1948,1949,-1,1949,1948,1950,-1,1949,1950,1951,-1,1951,1950,1919,-1,1951,1919,24,-1,24,1919,55,-1,1942,1952,1944,-1,1944,1952,1953,-1,1944,1953,1946,-1,1946,1953,1954,-1,1946,1954,1948,-1,1948,1954,1955,-1,1948,1955,1950,-1,1950,1955,1956,-1,1950,1956,1919,-1,1919,1956,1918,-1,1919,1918,53,-1,53,1918,124,-1,120,122,1957,-1,1957,122,1918,-1,1957,1918,1958,-1,1958,1918,1956,-1,1958,1956,1959,-1,1959,1956,1955,-1,1959,1955,1960,-1,1960,1955,1954,-1,1960,1954,1961,-1,1961,1954,1953,-1,1961,1953,1962,-1,1962,1953,1952,-1,1962,1920,1961,-1,1961,1920,1922,-1,1961,1922,1960,-1,1960,1922,1924,-1,1960,1924,1959,-1,1959,1924,1926,-1,1959,1926,1958,-1,1958,1926,1928,-1,1958,1928,1957,-1,1957,1928,1930,-1,1957,1930,120,-1,120,1930,118,-1,1917,114,1930,-1,1930,114,116,-1,1930,116,118,-1,1921,1963,1923,-1,1923,1963,1964,-1,1923,1964,1925,-1,1925,1964,1965,-1,1925,1965,1927,-1,1927,1965,1966,-1,1927,1966,1929,-1,1929,1966,1967,-1,1929,1967,1917,-1,1917,1967,1916,-1,1917,1916,112,-1,112,1916,110,-1,106,108,1968,-1,1968,108,1916,-1,1968,1916,1969,-1,1969,1916,1967,-1,1969,1967,1970,-1,1970,1967,1966,-1,1970,1966,1971,-1,1971,1966,1965,-1,1971,1965,1972,-1,1972,1965,1964,-1,1972,1964,1973,-1,1973,1964,1963,-1,1973,1974,1972,-1,1972,1974,1975,-1,1972,1975,1971,-1,1971,1975,1976,-1,1971,1976,1970,-1,1970,1976,1977,-1,1970,1977,1969,-1,1969,1977,1978,-1,1969,1978,1968,-1,1968,1978,1915,-1,1968,1915,106,-1,106,1915,104,-1,1974,1979,1975,-1,1975,1979,1980,-1,1975,1980,1976,-1,1976,1980,1981,-1,1976,1981,1977,-1,1977,1981,1982,-1,1977,1982,1978,-1,1978,1982,1983,-1,1978,1983,1915,-1,1915,1983,1914,-1,1915,1914,102,-1,102,1914,100,-1,96,98,1984,-1,1984,98,1914,-1,1984,1914,1985,-1,1985,1914,1983,-1,1985,1983,1986,-1,1986,1983,1982,-1,1986,1982,1987,-1,1987,1982,1981,-1,1987,1981,1988,-1,1988,1981,1980,-1,1988,1980,1989,-1,1989,1980,1979,-1,1989,894,1988,-1,1988,894,1990,-1,1988,1990,1987,-1,1987,1990,1991,-1,1987,1991,1986,-1,1986,1991,1992,-1,1986,1992,1985,-1,1985,1992,1993,-1,1985,1993,1984,-1,1984,1993,1994,-1,1984,1994,96,-1,96,1994,94,-1,894,1995,1990,-1,1990,1995,1996,-1,1990,1996,1991,-1,1991,1996,1997,-1,1991,1997,1992,-1,1992,1997,1998,-1,1992,1998,1993,-1,1993,1998,1999,-1,1993,1999,1994,-1,1994,1999,1913,-1,1994,1913,94,-1,94,1913,92,-1,1995,2000,1996,-1,1996,2000,2001,-1,1996,2001,1997,-1,1997,2001,2002,-1,1997,2002,1998,-1,1998,2002,2003,-1,1998,2003,1999,-1,1999,2003,2004,-1,1999,2004,1913,-1,1913,2004,1912,-1,1913,1912,90,-1,90,1912,88,-1,84,86,2005,-1,2005,86,1912,-1,2005,1912,2006,-1,2006,1912,2004,-1,2006,2004,2007,-1,2007,2004,2003,-1,2007,2003,2008,-1,2008,2003,2002,-1,2008,2002,2009,-1,2009,2002,2001,-1,2009,2001,2010,-1,2010,2001,2000,-1,2010,1931,2009,-1,2009,1931,1933,-1,2009,1933,2008,-1,2008,1933,1935,-1,2008,1935,2007,-1,2007,1935,1937,-1,2007,1937,2006,-1,2006,1937,1939,-1,2006,1939,2005,-1,2005,1939,1941,-1,2005,1941,84,-1,84,1941,82,-1,1911,78,1941,-1,1941,78,80,-1,1941,80,82,-1,1932,2011,1934,-1,1934,2011,2012,-1,1934,2012,1936,-1,1936,2012,2013,-1,1936,2013,1938,-1,1938,2013,2014,-1,1938,2014,1940,-1,1940,2014,2015,-1,1940,2015,1911,-1,1911,2015,1910,-1,1911,1910,76,-1,76,1910,74,-1,70,72,2016,-1,2016,72,1910,-1,2016,1910,2017,-1,2017,1910,2015,-1,2017,2015,2018,-1,2018,2015,2014,-1,2018,2014,2019,-1,2019,2014,2013,-1,2019,2013,2020,-1,2020,2013,2012,-1,2020,2012,2021,-1,2021,2012,2011,-1,2021,2022,2020,-1,2020,2022,2023,-1,2020,2023,2019,-1,2019,2023,2024,-1,2019,2024,2018,-1,2018,2024,2025,-1,2018,2025,2017,-1,2017,2025,2026,-1,2017,2026,2016,-1,2016,2026,1909,-1,2016,1909,70,-1,70,1909,68,-1,2022,2027,2023,-1,2023,2027,2028,-1,2023,2028,2024,-1,2024,2028,2029,-1,2024,2029,2025,-1,2025,2029,2030,-1,2025,2030,2026,-1,2026,2030,2031,-1,2026,2031,1909,-1,1909,2031,1908,-1,1909,1908,66,-1,66,1908,64,-1,62,63,2032,-1,2032,63,1908,-1,2032,1908,2033,-1,2033,1908,2031,-1,2033,2031,2034,-1,2034,2031,2030,-1,2034,2030,2035,-1,2035,2030,2029,-1,2035,2029,2036,-1,2036,2029,2028,-1,2036,2028,2037,-1,2037,2028,2027,-1,2037,979,2036,-1,2036,979,2038,-1,2036,2038,2035,-1,2035,2038,2039,-1,2035,2039,2034,-1,2034,2039,2040,-1,2034,2040,2033,-1,2033,2040,2041,-1,2033,2041,2032,-1,2032,2041,2042,-1,2032,2042,62,-1,62,2042,60,-1,29,37,1897,-1,29,1897,2043,-1,2043,1897,1898,-1,2043,1898,2044,-1,2044,1898,1899,-1,2044,1899,2045,-1,2045,1899,1900,-1,2045,1900,2046,-1,2046,1900,1901,-1,2046,1901,2047,-1,2047,1901,933,-1,2047,933,943,-1,39,33,2048,-1,39,2048,2049,-1,2049,2048,133,-1,2049,133,132,-1,1006,2050,2051,-1,2050,2052,2053,-1,2052,2054,2055,-1,2054,2056,2057,-1,2056,2058,2059,-1,2058,21,2060,-1,2061,2062,2063,-1,2058,2060,2059,-1,2059,2060,2064,-1,2059,2064,2063,-1,2063,2064,2065,-1,2063,2065,2061,-1,2061,2066,2062,-1,2062,2066,2067,-1,2062,2067,2068,-1,2068,2067,2069,-1,2068,2069,2070,-1,2069,2071,2070,-1,2070,2071,2072,-1,2070,2072,2073,-1,2073,2072,2074,-1,2073,2074,2075,-1,2075,2074,2076,-1,2077,2078,2079,-1,2076,2080,2075,-1,2075,2080,2081,-1,2075,2081,2082,-1,2082,2081,2083,-1,2082,2083,2079,-1,2079,2083,2084,-1,2079,2084,2077,-1,2085,2086,2087,-1,2077,2088,2078,-1,2078,2088,2089,-1,2078,2089,2090,-1,2090,2089,2091,-1,2090,2091,2092,-1,2092,2091,2093,-1,2092,2093,2087,-1,2087,2093,2094,-1,2087,2094,2085,-1,2085,2095,2086,-1,2086,2095,2096,-1,2086,2096,2097,-1,2097,2096,2098,-1,2097,2098,2099,-1,2098,2100,2099,-1,2099,2100,2101,-1,2099,2101,2102,-1,2102,2101,2103,-1,2102,2103,2104,-1,2104,2103,2105,-1,2106,2107,2108,-1,2105,2109,2104,-1,2104,2109,2110,-1,2104,2110,2111,-1,2111,2110,2112,-1,2111,2112,2108,-1,2108,2112,2113,-1,2108,2113,2106,-1,2106,2114,2107,-1,2107,2114,133,-1,2107,133,2115,-1,2056,2059,2057,-1,2057,2059,2063,-1,2057,2063,2116,-1,2116,2063,2062,-1,2116,2062,2117,-1,2117,2062,2068,-1,2117,2068,2118,-1,2118,2068,2070,-1,2118,2070,2119,-1,2119,2070,2073,-1,2119,2073,2120,-1,2120,2073,2075,-1,2120,2075,2121,-1,2121,2075,2082,-1,2121,2082,2122,-1,2122,2082,2079,-1,2122,2079,2123,-1,2123,2079,2078,-1,2123,2078,2124,-1,2124,2078,2090,-1,2124,2090,2125,-1,2125,2090,2092,-1,2125,2092,2126,-1,2126,2092,2087,-1,2126,2087,2127,-1,2127,2087,2086,-1,2127,2086,2128,-1,2128,2086,2097,-1,2128,2097,2129,-1,2129,2097,2099,-1,2129,2099,2130,-1,2130,2099,2102,-1,2130,2102,2131,-1,2131,2102,2104,-1,2131,2104,2132,-1,2132,2104,2111,-1,2132,2111,2133,-1,2133,2111,2108,-1,2133,2108,2134,-1,2134,2108,2107,-1,2134,2107,2135,-1,2135,2107,2115,-1,2135,2115,2136,-1,2054,2057,2055,-1,2055,2057,2116,-1,2055,2116,2137,-1,2137,2116,2117,-1,2137,2117,2138,-1,2138,2117,2118,-1,2138,2118,2139,-1,2139,2118,2119,-1,2139,2119,2140,-1,2140,2119,2120,-1,2140,2120,2141,-1,2141,2120,2121,-1,2141,2121,2142,-1,2142,2121,2122,-1,2142,2122,2143,-1,2143,2122,2123,-1,2143,2123,2144,-1,2144,2123,2124,-1,2144,2124,2145,-1,2145,2124,2125,-1,2145,2125,2146,-1,2146,2125,2126,-1,2146,2126,2147,-1,2147,2126,2127,-1,2147,2127,2148,-1,2148,2127,2128,-1,2148,2128,2149,-1,2149,2128,2129,-1,2149,2129,2150,-1,2150,2129,2130,-1,2150,2130,2151,-1,2151,2130,2131,-1,2151,2131,2152,-1,2152,2131,2132,-1,2152,2132,2153,-1,2153,2132,2133,-1,2153,2133,2154,-1,2154,2133,2134,-1,2154,2134,2155,-1,2155,2134,2135,-1,2155,2135,2156,-1,2156,2135,2136,-1,2156,2136,2157,-1,2052,2055,2053,-1,2053,2055,2137,-1,2053,2137,2158,-1,2158,2137,2138,-1,2158,2138,2159,-1,2159,2138,2139,-1,2159,2139,2160,-1,2160,2139,2140,-1,2160,2140,2161,-1,2161,2140,2141,-1,2161,2141,2162,-1,2162,2141,2142,-1,2162,2142,2163,-1,2163,2142,2143,-1,2163,2143,2164,-1,2164,2143,2144,-1,2164,2144,2165,-1,2165,2144,2145,-1,2165,2145,2166,-1,2166,2145,2146,-1,2166,2146,2167,-1,2167,2146,2147,-1,2167,2147,2168,-1,2168,2147,2148,-1,2168,2148,2169,-1,2169,2148,2149,-1,2169,2149,2170,-1,2170,2149,2150,-1,2170,2150,2171,-1,2171,2150,2151,-1,2171,2151,2172,-1,2172,2151,2152,-1,2172,2152,2173,-1,2173,2152,2153,-1,2173,2153,2174,-1,2174,2153,2154,-1,2174,2154,2175,-1,2175,2154,2155,-1,2175,2155,2176,-1,2176,2155,2156,-1,2176,2156,2177,-1,2177,2156,2157,-1,2177,2157,2178,-1,2050,2053,2051,-1,2051,2053,2158,-1,2051,2158,2179,-1,2179,2158,2159,-1,2179,2159,2180,-1,2180,2159,2160,-1,2180,2160,2181,-1,2181,2160,2161,-1,2181,2161,2182,-1,2182,2161,2162,-1,2182,2162,2183,-1,2183,2162,2163,-1,2183,2163,2184,-1,2184,2163,2164,-1,2184,2164,2185,-1,2185,2164,2165,-1,2185,2165,2186,-1,2186,2165,2166,-1,2186,2166,2187,-1,2187,2166,2167,-1,2187,2167,2188,-1,2188,2167,2168,-1,2188,2168,2189,-1,2189,2168,2169,-1,2189,2169,2190,-1,2190,2169,2170,-1,2190,2170,2191,-1,2191,2170,2171,-1,2191,2171,2192,-1,2192,2171,2172,-1,2192,2172,2193,-1,2193,2172,2173,-1,2193,2173,2194,-1,2194,2173,2174,-1,2194,2174,2195,-1,2195,2174,2175,-1,2195,2175,2196,-1,2196,2175,2176,-1,2196,2176,2197,-1,2197,2176,2177,-1,2197,2177,2198,-1,2198,2177,2178,-1,2198,2178,2199,-1,1006,2051,1067,-1,1067,2051,2179,-1,1067,2179,1068,-1,1068,2179,2180,-1,1068,2180,1069,-1,1069,2180,2181,-1,1069,2181,1028,-1,1028,2181,2182,-1,1028,2182,1030,-1,1030,2182,2183,-1,1030,2183,1081,-1,1081,2183,2184,-1,1081,2184,1082,-1,1082,2184,2185,-1,1082,2185,1083,-1,1083,2185,2186,-1,1083,2186,1065,-1,1065,2186,2187,-1,1065,2187,1066,-1,1066,2187,2188,-1,1066,2188,1007,-1,1007,2188,2189,-1,1007,2189,1078,-1,1078,2189,2190,-1,1078,2190,1079,-1,1079,2190,2191,-1,1079,2191,1080,-1,1080,2191,2192,-1,1080,2192,1074,-1,1074,2192,2193,-1,1074,2193,1076,-1,1076,2193,2194,-1,1076,2194,1077,-1,1077,2194,2195,-1,1077,2195,1062,-1,1062,2195,2196,-1,1062,2196,1063,-1,1063,2196,2197,-1,1063,2197,1059,-1,1059,2197,2198,-1,1059,2198,1057,-1,1057,2198,2199,-1,1057,2199,1022,-1,13,22,2200,-1,2200,22,2201,-1,2200,2201,2202,-1,2202,2201,2203,-1,2202,2203,2204,-1,2204,2203,2205,-1,2204,2205,2206,-1,2206,2205,2207,-1,2206,2207,2208,-1,2208,2207,2209,-1,2208,2209,1006,-1,22,21,2201,-1,2201,21,2058,-1,2201,2058,2203,-1,2203,2058,2056,-1,2203,2056,2205,-1,2205,2056,2054,-1,2205,2054,2207,-1,2207,2054,2052,-1,2207,2052,2209,-1,2209,2052,2050,-1,2209,2050,1006,-1,2038,2210,2039,-1,2039,2210,2211,-1,2039,2211,2040,-1,2040,2211,2212,-1,2040,2212,2041,-1,2041,2212,2213,-1,2041,2213,2042,-1,2042,2213,2214,-1,2042,2214,60,-1,60,2214,2215,-1,8,2215,1903,-1,1903,2215,2214,-1,1903,2214,1904,-1,1904,2214,2213,-1,1904,2213,1905,-1,1905,2213,2212,-1,1905,2212,1906,-1,1906,2212,2211,-1,1906,2211,1907,-1,1907,2211,2210,-1,1907,2210,979,-1,2038,979,2210,-1,2047,2216,2046,-1,2046,2216,2217,-1,2046,2217,2045,-1,2045,2217,2218,-1,2045,2218,2044,-1,2044,2218,2219,-1,2044,2219,2043,-1,2043,2219,2220,-1,2043,2220,29,-1,29,2220,27,-1,24,27,1951,-1,1951,27,2220,-1,1951,2220,1949,-1,1949,2220,2219,-1,1949,2219,1947,-1,1947,2219,2218,-1,1947,2218,1945,-1,1945,2218,2217,-1,1945,2217,1943,-1,1943,2217,2216,-1,1943,2216,943,-1,2047,943,2216,-1,133,2048,2115,-1,2115,2048,2221,-1,2115,2221,2136,-1,2136,2221,2222,-1,2136,2222,2157,-1,2157,2222,2223,-1,2157,2223,2178,-1,2178,2223,2224,-1,2178,2224,2199,-1,2199,2224,2225,-1,2199,2225,1022,-1,2048,33,2221,-1,2221,33,2226,-1,2221,2226,2222,-1,2222,2226,2227,-1,2222,2227,2223,-1,2223,2227,2228,-1,2223,2228,2224,-1,2224,2228,2229,-1,2224,2229,2225,-1,2225,2229,2230,-1,2225,2230,1022,-1,1,13,2200,-1,1,2200,2231,-1,2231,2200,2202,-1,2231,2202,2232,-1,2232,2202,2204,-1,2232,2204,2233,-1,2233,2204,2206,-1,2233,2206,2234,-1,2234,2206,2208,-1,2234,2208,2235,-1,2235,2208,1006,-1,2235,1006,1012,-1,8,9,2236,-1,8,2236,2215,-1,2215,2236,61,-1,2215,61,60,-1,49,48,2237,-1,49,2237,2238,-1,2238,2237,31,-1,2238,31,30,-1,33,31,2239,-1,33,2239,2226,-1,2226,2239,2240,-1,2226,2240,2227,-1,2227,2240,2241,-1,2227,2241,2228,-1,2228,2241,2242,-1,2228,2242,2229,-1,2229,2242,2243,-1,2229,2243,2230,-1,2230,2243,1024,-1,2230,1024,1022,-1,4,2,2244,-1,2244,2,2245,-1,2244,2245,2246,-1,2246,2245,2247,-1,2246,2247,2248,-1,2248,2247,2249,-1,2248,2249,2250,-1,2250,2249,2251,-1,2250,2251,2252,-1,2252,2251,2253,-1,2252,2253,1012,-1,2,1,2245,-1,2245,1,2231,-1,2245,2231,2247,-1,2247,2231,2232,-1,2247,2232,2249,-1,2249,2232,2233,-1,2249,2233,2251,-1,2251,2233,2234,-1,2251,2234,2253,-1,2253,2234,2235,-1,2253,2235,1012,-1,31,2237,2239,-1,2239,2237,2254,-1,2239,2254,2240,-1,2240,2254,2255,-1,2240,2255,2241,-1,2241,2255,2256,-1,2241,2256,2242,-1,2242,2256,2257,-1,2242,2257,2243,-1,2243,2257,2258,-1,2243,2258,1024,-1,2237,48,2254,-1,2254,48,2259,-1,2254,2259,2255,-1,2255,2259,2260,-1,2255,2260,2256,-1,2256,2260,2261,-1,2256,2261,2257,-1,2257,2261,2262,-1,2257,2262,2258,-1,2258,2262,2263,-1,2258,2263,1024,-1,1024,2263,2264,-1,2263,2262,2265,-1,2262,2261,2266,-1,2261,2260,2267,-1,2260,2259,2268,-1,2259,48,50,-1,123,2269,2270,-1,2259,50,2268,-1,2268,50,52,-1,2268,52,2270,-1,2270,52,125,-1,2270,125,123,-1,123,121,2269,-1,2269,121,119,-1,2269,119,2271,-1,2271,119,117,-1,2271,117,2272,-1,117,115,2272,-1,2272,115,113,-1,2272,113,2273,-1,2273,113,111,-1,2273,111,2274,-1,2274,111,109,-1,99,2275,2276,-1,109,107,2274,-1,2274,107,105,-1,2274,105,2277,-1,2277,105,103,-1,2277,103,2276,-1,2276,103,101,-1,2276,101,99,-1,87,2278,2279,-1,99,97,2275,-1,2275,97,95,-1,2275,95,2280,-1,2280,95,93,-1,2280,93,2281,-1,2281,93,91,-1,2281,91,2279,-1,2279,91,89,-1,2279,89,87,-1,87,85,2278,-1,2278,85,83,-1,2278,83,2282,-1,2282,83,81,-1,2282,81,2283,-1,81,79,2283,-1,2283,79,77,-1,2283,77,2284,-1,2284,77,75,-1,2284,75,2285,-1,2285,75,73,-1,58,2286,2287,-1,73,71,2285,-1,2285,71,69,-1,2285,69,2288,-1,2288,69,67,-1,2288,67,2287,-1,2287,67,65,-1,2287,65,58,-1,58,59,2286,-1,2286,59,4,-1,2286,4,2244,-1,2260,2268,2267,-1,2267,2268,2270,-1,2267,2270,2289,-1,2289,2270,2269,-1,2289,2269,2290,-1,2290,2269,2271,-1,2290,2271,2291,-1,2291,2271,2272,-1,2291,2272,2292,-1,2292,2272,2273,-1,2292,2273,2293,-1,2293,2273,2274,-1,2293,2274,2294,-1,2294,2274,2277,-1,2294,2277,2295,-1,2295,2277,2276,-1,2295,2276,2296,-1,2296,2276,2275,-1,2296,2275,2297,-1,2297,2275,2280,-1,2297,2280,2298,-1,2298,2280,2281,-1,2298,2281,2299,-1,2299,2281,2279,-1,2299,2279,2300,-1,2300,2279,2278,-1,2300,2278,2301,-1,2301,2278,2282,-1,2301,2282,2302,-1,2302,2282,2283,-1,2302,2283,2303,-1,2303,2283,2284,-1,2303,2284,2304,-1,2304,2284,2285,-1,2304,2285,2305,-1,2305,2285,2288,-1,2305,2288,2306,-1,2306,2288,2287,-1,2306,2287,2307,-1,2307,2287,2286,-1,2307,2286,2308,-1,2308,2286,2244,-1,2308,2244,2246,-1,2261,2267,2266,-1,2266,2267,2289,-1,2266,2289,2309,-1,2309,2289,2290,-1,2309,2290,2310,-1,2310,2290,2291,-1,2310,2291,2311,-1,2311,2291,2292,-1,2311,2292,2312,-1,2312,2292,2293,-1,2312,2293,2313,-1,2313,2293,2294,-1,2313,2294,2314,-1,2314,2294,2295,-1,2314,2295,2315,-1,2315,2295,2296,-1,2315,2296,2316,-1,2316,2296,2297,-1,2316,2297,2317,-1,2317,2297,2298,-1,2317,2298,2318,-1,2318,2298,2299,-1,2318,2299,2319,-1,2319,2299,2300,-1,2319,2300,2320,-1,2320,2300,2301,-1,2320,2301,2321,-1,2321,2301,2302,-1,2321,2302,2322,-1,2322,2302,2303,-1,2322,2303,2323,-1,2323,2303,2304,-1,2323,2304,2324,-1,2324,2304,2305,-1,2324,2305,2325,-1,2325,2305,2306,-1,2325,2306,2326,-1,2326,2306,2307,-1,2326,2307,2327,-1,2327,2307,2308,-1,2327,2308,2328,-1,2328,2308,2246,-1,2328,2246,2248,-1,2262,2266,2265,-1,2265,2266,2309,-1,2265,2309,2329,-1,2329,2309,2310,-1,2329,2310,2330,-1,2330,2310,2311,-1,2330,2311,2331,-1,2331,2311,2312,-1,2331,2312,2332,-1,2332,2312,2313,-1,2332,2313,2333,-1,2333,2313,2314,-1,2333,2314,2334,-1,2334,2314,2315,-1,2334,2315,2335,-1,2335,2315,2316,-1,2335,2316,2336,-1,2336,2316,2317,-1,2336,2317,2337,-1,2337,2317,2318,-1,2337,2318,2338,-1,2338,2318,2319,-1,2338,2319,2339,-1,2339,2319,2320,-1,2339,2320,2340,-1,2340,2320,2321,-1,2340,2321,2341,-1,2341,2321,2322,-1,2341,2322,2342,-1,2342,2322,2323,-1,2342,2323,2343,-1,2343,2323,2324,-1,2343,2324,2344,-1,2344,2324,2325,-1,2344,2325,2345,-1,2345,2325,2326,-1,2345,2326,2346,-1,2346,2326,2327,-1,2346,2327,2347,-1,2347,2327,2328,-1,2347,2328,2348,-1,2348,2328,2248,-1,2348,2248,2250,-1,2263,2265,2264,-1,2264,2265,2329,-1,2264,2329,2349,-1,2349,2329,2330,-1,2349,2330,2350,-1,2350,2330,2331,-1,2350,2331,2351,-1,2351,2331,2332,-1,2351,2332,2352,-1,2352,2332,2333,-1,2352,2333,2353,-1,2353,2333,2334,-1,2353,2334,2354,-1,2354,2334,2335,-1,2354,2335,2355,-1,2355,2335,2336,-1,2355,2336,2356,-1,2356,2336,2337,-1,2356,2337,2357,-1,2357,2337,2338,-1,2357,2338,2358,-1,2358,2338,2339,-1,2358,2339,2359,-1,2359,2339,2340,-1,2359,2340,2360,-1,2360,2340,2341,-1,2360,2341,2361,-1,2361,2341,2342,-1,2361,2342,2362,-1,2362,2342,2343,-1,2362,2343,2363,-1,2363,2343,2344,-1,2363,2344,2364,-1,2364,2344,2345,-1,2364,2345,2365,-1,2365,2345,2346,-1,2365,2346,2366,-1,2366,2346,2347,-1,2366,2347,2367,-1,2367,2347,2348,-1,2367,2348,2368,-1,2368,2348,2250,-1,2368,2250,2252,-1,1024,2264,1052,-1,1052,2264,2349,-1,1052,2349,1053,-1,1053,2349,2350,-1,1053,2350,1054,-1,1054,2350,2351,-1,1054,2351,1017,-1,1017,2351,2352,-1,1017,2352,1019,-1,1019,2352,2353,-1,1019,2353,1049,-1,1049,2353,2354,-1,1049,2354,1050,-1,1050,2354,2355,-1,1050,2355,1051,-1,1051,2355,2356,-1,1051,2356,1047,-1,1047,2356,2357,-1,1047,2357,1048,-1,1048,2357,2358,-1,1048,2358,1015,-1,1015,2358,2359,-1,1015,2359,1043,-1,1043,2359,2360,-1,1043,2360,1044,-1,1044,2360,2361,-1,1044,2361,1045,-1,1045,2361,2362,-1,1045,2362,1039,-1,1039,2362,2363,-1,1039,2363,1041,-1,1041,2363,2364,-1,1041,2364,1070,-1,1070,2364,2365,-1,1070,2365,1071,-1,1071,2365,2366,-1,1071,2366,1072,-1,1072,2366,2367,-1,1072,2367,1036,-1,1036,2367,2368,-1,1036,2368,1034,-1,1034,2368,2252,-1,1034,2252,1012,-1,
        ]
    }
}
Shape{
    appearance Appearance {
        material  Material 	{
            diffuseColor 0.7529411764705882 0.7529411764705882 0.7529411764705882
            specularColor 0.3764705882352941 0.3764705882352941 0.3764705882352941
            ambientIntensity 0.7529
            transparency 0.0
            shininess 0.5
        }
    }
    geometry IndexedFaceSet {
        ccw TRUE
        solid FALSE
        coord DEF co Coordinate {
            point [
                2.8543 0.8644 0.0787, 2.8543 0.8644 0.0, 2.3622 0.8644 0.0787, 2.3622 0.8644 0.0, 2.3469 0.8644 0.0808, 2.3265 0.8644 0.0047, 2.3327 0.8644 0.0867, 2.2933 0.8644 0.0185, 2.3204 0.8644 0.096, 2.2648 0.8644 0.0404, 2.3111 0.8644 0.1083, 2.2429 0.8644 0.0689, 2.3052 0.8644 0.1225, 2.2291 0.8644 0.1021, 2.3031 0.8644 0.1378, 2.2244 0.8644 0.1378, 2.3031 0.8644 0.4528, 2.2244 0.8644 0.4528, 2.2998 0.8644 0.4782, 2.2237 0.8644 0.4579, 2.29 0.8644 0.502, 2.2218 0.8644 0.4626, 2.2743 0.8644 0.5224, 2.2186 0.8644 0.4667, 2.2539 0.8644 0.538, 2.2146 0.8644 0.4698, 2.2302 0.8644 0.5478, 2.2098 0.8644 0.4718, 2.2047 0.8644 0.5512, 2.2047 0.8644 0.4724, 1.3152 0.8644 0.5512, 1.3152 0.8644 0.4724, 2.8543 0.4707 0.0, 2.8543 0.4707 0.0787, 2.3622 0.4707 0.0, 2.3622 0.4707 0.0787, 2.3265 0.4707 0.0047, 2.3469 0.4707 0.0808, 2.2933 0.4707 0.0185, 2.3327 0.4707 0.0867, 2.2648 0.4707 0.0404, 2.3204 0.4707 0.096, 2.2429 0.4707 0.0689, 2.3111 0.4707 0.1083, 2.2291 0.4707 0.1021, 2.3052 0.4707 0.1225, 2.2244 0.4707 0.1378, 2.3031 0.4707 0.1378, 2.2244 0.4707 0.4528, 2.3031 0.4707 0.4528, 2.2237 0.4707 0.4579, 2.2998 0.4707 0.4782, 2.2218 0.4707 0.4626, 2.29 0.4707 0.502, 2.2186 0.4707 0.4667, 2.2743 0.4707 0.5224, 2.2146 0.4707 0.4698, 2.2539 0.4707 0.538, 2.2098 0.4707 0.4718, 2.2302 0.4707 0.5478, 2.2047 0.4707 0.4724, 2.2047 0.4707 0.5512, 1.4173 0.4707 0.4724, 1.4173 0.4707 0.5512, 1.4133 0.6929 0.4724, 1.4163 0.6845 0.4724, 1.4173 0.6756 0.4724, 1.4133 0.6929 0.5512, 1.4173 0.6756 0.5512, 1.4163 0.6845 0.5512, 2.2047 0.1951 0.4724, 2.2047 -0.1986 0.4724, 1.4173 0.1951 0.4724, 1.4173 -0.1986 0.4724, 1.4173 -0.1986 0.5512, 2.2047 -0.1986 0.5512, 1.4173 0.1951 0.5512, 2.2047 0.1951 0.5512, 2.8543 0.1951 0.0787, 2.8543 0.1951 0.0, 2.3622 0.1951 0.0787, 2.3622 0.1951 0.0, 2.3469 0.1951 0.0808, 2.3265 0.1951 0.0047, 2.3327 0.1951 0.0867, 2.2933 0.1951 0.0185, 2.3204 0.1951 0.096, 2.2648 0.1951 0.0404, 2.3111 0.1951 0.1083, 2.2429 0.1951 0.0689, 2.3052 0.1951 0.1225, 2.2291 0.1951 0.1021, 2.3031 0.1951 0.1378, 2.2244 0.1951 0.1378, 2.3031 0.1951 0.4528, 2.2244 0.1951 0.4528, 2.2998 0.1951 0.4782, 2.2237 0.1951 0.4579, 2.29 0.1951 0.502, 2.2218 0.1951 0.4626, 2.2743 0.1951 0.5224, 2.2186 0.1951 0.4667, 2.2539 0.1951 0.538, 2.2146 0.1951 0.4698, 2.2302 0.1951 0.5478, 2.2098 0.1951 0.4718, 2.8543 -0.1986 0.0, 2.8543 -0.1986 0.0787, 2.3622 -0.1986 0.0, 2.3622 -0.1986 0.0787, 2.3265 -0.1986 0.0047, 2.3469 -0.1986 0.0808, 2.2933 -0.1986 0.0185, 2.3327 -0.1986 0.0867, 2.2648 -0.1986 0.0404, 2.3204 -0.1986 0.096, 2.2429 -0.1986 0.0689, 2.3111 -0.1986 0.1083, 2.2291 -0.1986 0.1021, 2.3052 -0.1986 0.1225, 2.2244 -0.1986 0.1378, 2.3031 -0.1986 0.1378, 2.2244 -0.1986 0.4528, 2.3031 -0.1986 0.4528, 2.2237 -0.1986 0.4579, 2.2998 -0.1986 0.4782, 2.2218 -0.1986 0.4626, 2.29 -0.1986 0.502, 2.2186 -0.1986 0.4667, 2.2743 -0.1986 0.5224, 2.2146 -0.1986 0.4698, 2.2539 -0.1986 0.538, 2.2098 -0.1986 0.4718, 2.2302 -0.1986 0.5478, 2.7575 0.0183 0.0787, 2.7575 -0.0218 0.0787, 2.6681 -0.0218 0.0787, 2.6681 -0.1043 0.0787, 2.6301 -0.1043 0.0787, 2.6301 -0.0218 0.0787, 2.5408 -0.0218 0.0787, 2.5408 0.0183 0.0787, 2.6681 0.0183 0.0787, 2.6681 0.1008 0.0787, 2.6301 0.1008 0.0787, 2.6301 0.0183 0.0787, 2.8543 -0.4742 0.0787, 2.8543 -0.4742 0.0, 2.3622 -0.4742 0.0787, 2.3622 -0.4742 0.0, 2.3469 -0.4742 0.0808, 2.3265 -0.4742 0.0047, 2.3327 -0.4742 0.0867, 2.2933 -0.4742 0.0185, 2.3204 -0.4742 0.096, 2.2648 -0.4742 0.0404, 2.3111 -0.4742 0.1083, 2.2429 -0.4742 0.0689, 2.3052 -0.4742 0.1225, 2.2291 -0.4742 0.1021, 2.3031 -0.4742 0.1378, 2.2244 -0.4742 0.1378, 2.3031 -0.4742 0.4528, 2.2244 -0.4742 0.4528, 2.2998 -0.4742 0.4782, 2.2237 -0.4742 0.4579, 2.29 -0.4742 0.502, 2.2218 -0.4742 0.4626, 2.2743 -0.4742 0.5224, 2.2186 -0.4742 0.4667, 2.2539 -0.4742 0.538, 2.2146 -0.4742 0.4698, 2.2302 -0.4742 0.5478, 2.2098 -0.4742 0.4718, 2.2047 -0.4742 0.5512, 2.2047 -0.4742 0.4724, 1.4173 -0.4742 0.5512, 1.4173 -0.4742 0.4724, 2.8543 -0.8679 0.0, 2.8543 -0.8679 0.0787, 2.3622 -0.8679 0.0, 2.3622 -0.8679 0.0787, 2.3265 -0.8679 0.0047, 2.3469 -0.8679 0.0808, 2.2933 -0.8679 0.0185, 2.3327 -0.8679 0.0867, 2.2648 -0.8679 0.0404, 2.3204 -0.8679 0.096, 2.2429 -0.8679 0.0689, 2.3111 -0.8679 0.1083, 2.2291 -0.8679 0.1021, 2.3052 -0.8679 0.1225, 2.2244 -0.8679 0.1378, 2.3031 -0.8679 0.1378, 2.2244 -0.8679 0.4528, 2.3031 -0.8679 0.4528, 2.2237 -0.8679 0.4579, 2.2998 -0.8679 0.4782, 2.2218 -0.8679 0.4626, 2.29 -0.8679 0.502, 2.2186 -0.8679 0.4667, 2.2743 -0.8679 0.5224, 2.2146 -0.8679 0.4698, 2.2539 -0.8679 0.538, 2.2098 -0.8679 0.4718, 2.2302 -0.8679 0.5478, 2.2047 -0.8679 0.4724, 2.2047 -0.8679 0.5512, 1.3152 -0.8679 0.4724, 1.3152 -0.8679 0.5512, 1.4133 -0.6965 0.4724, 1.4173 -0.6791 0.4724, 1.4163 -0.688 0.4724, 1.4133 -0.6965 0.5512, 1.4163 -0.688 0.5512, 1.4173 -0.6791 0.5512, -2.8543 0.8644 0.0, -2.8543 0.8644 0.0787, -2.3622 0.8644 0.0, -2.3622 0.8644 0.0787, -2.3265 0.8644 0.0047, -2.3469 0.8644 0.0808, -2.2933 0.8644 0.0185, -2.3327 0.8644 0.0867, -2.2648 0.8644 0.0404, -2.3204 0.8644 0.096, -2.2429 0.8644 0.0689, -2.3111 0.8644 0.1083, -2.2291 0.8644 0.1021, -2.3052 0.8644 0.1225, -2.2244 0.8644 0.1378, -2.3031 0.8644 0.1378, -2.2244 0.8644 0.4528, -2.3031 0.8644 0.4528, -2.2237 0.8644 0.4579, -2.2998 0.8644 0.4782, -2.2218 0.8644 0.4626, -2.29 0.8644 0.502, -2.2186 0.8644 0.4667, -2.2743 0.8644 0.5224, -2.2146 0.8644 0.4698, -2.2539 0.8644 0.538, -2.2098 0.8644 0.4718, -2.2302 0.8644 0.5478, -2.2047 0.8644 0.4724, -2.2047 0.8644 0.5512, -1.3152 0.8644 0.4724, -1.3152 0.8644 0.5512, -2.8543 0.4707 0.0787, -2.8543 0.4707 0.0, -2.3622 0.4707 0.0787, -2.3622 0.4707 0.0, -2.3469 0.4707 0.0808, -2.3265 0.4707 0.0047, -2.3327 0.4707 0.0867, -2.2933 0.4707 0.0185, -2.3204 0.4707 0.096, -2.2648 0.4707 0.0404, -2.3111 0.4707 0.1083, -2.2429 0.4707 0.0689, -2.3052 0.4707 0.1225, -2.2291 0.4707 0.1021, -2.3031 0.4707 0.1378, -2.2244 0.4707 0.1378, -2.3031 0.4707 0.4528, -2.2244 0.4707 0.4528, -2.2998 0.4707 0.4782, -2.2237 0.4707 0.4579, -2.29 0.4707 0.502, -2.2218 0.4707 0.4626, -2.2743 0.4707 0.5224, -2.2186 0.4707 0.4667, -2.2539 0.4707 0.538, -2.2146 0.4707 0.4698, -2.2302 0.4707 0.5478, -2.2098 0.4707 0.4718, -2.2047 0.4707 0.5512, -2.2047 0.4707 0.4724, -1.4173 0.4707 0.5512, -1.4173 0.4707 0.4724, -1.4133 0.6929 0.5512, -1.4163 0.6845 0.5512, -1.4173 0.6756 0.5512, -1.4133 0.6929 0.4724, -1.4173 0.6756 0.4724, -1.4163 0.6845 0.4724, -2.2047 0.1951 0.5512, -2.2047 -0.1986 0.5512, -1.4173 0.1951 0.5512, -1.4173 -0.1986 0.5512, -1.4173 -0.1986 0.4724, -2.2047 -0.1986 0.4724, -1.4173 0.1951 0.4724, -2.2047 0.1951 0.4724, -2.8543 0.1951 0.0, -2.8543 0.1951 0.0787, -2.3622 0.1951 0.0, -2.3622 0.1951 0.0787, -2.3265 0.1951 0.0047, -2.3469 0.1951 0.0808, -2.2933 0.1951 0.0185, -2.3327 0.1951 0.0867, -2.2648 0.1951 0.0404, -2.3204 0.1951 0.096, -2.2429 0.1951 0.0689, -2.3111 0.1951 0.1083, -2.2291 0.1951 0.1021, -2.3052 0.1951 0.1225, -2.2244 0.1951 0.1378, -2.3031 0.1951 0.1378, -2.2244 0.1951 0.4528, -2.3031 0.1951 0.4528, -2.2237 0.1951 0.4579, -2.2998 0.1951 0.4782, -2.2218 0.1951 0.4626, -2.29 0.1951 0.502, -2.2186 0.1951 0.4667, -2.2743 0.1951 0.5224, -2.2146 0.1951 0.4698, -2.2539 0.1951 0.538, -2.2098 0.1951 0.4718, -2.2302 0.1951 0.5478, -2.8543 -0.1986 0.0787, -2.8543 -0.1986 0.0, -2.3622 -0.1986 0.0787, -2.3622 -0.1986 0.0, -2.3469 -0.1986 0.0808, -2.3265 -0.1986 0.0047, -2.3327 -0.1986 0.0867, -2.2933 -0.1986 0.0185, -2.3204 -0.1986 0.096, -2.2648 -0.1986 0.0404, -2.3111 -0.1986 0.1083, -2.2429 -0.1986 0.0689, -2.3052 -0.1986 0.1225, -2.2291 -0.1986 0.1021, -2.3031 -0.1986 0.1378, -2.2244 -0.1986 0.1378, -2.3031 -0.1986 0.4528, -2.2244 -0.1986 0.4528, -2.2998 -0.1986 0.4782, -2.2237 -0.1986 0.4579, -2.29 -0.1986 0.502, -2.2218 -0.1986 0.4626, -2.2743 -0.1986 0.5224, -2.2186 -0.1986 0.4667, -2.2539 -0.1986 0.538, -2.2146 -0.1986 0.4698, -2.2302 -0.1986 0.5478, -2.2098 -0.1986 0.4718, -2.8543 -0.4742 0.0, -2.8543 -0.4742 0.0787, -2.3622 -0.4742 0.0, -2.3622 -0.4742 0.0787, -2.3265 -0.4742 0.0047, -2.3469 -0.4742 0.0808, -2.2933 -0.4742 0.0185, -2.3327 -0.4742 0.0867, -2.2648 -0.4742 0.0404, -2.3204 -0.4742 0.096, -2.2429 -0.4742 0.0689, -2.3111 -0.4742 0.1083, -2.2291 -0.4742 0.1021, -2.3052 -0.4742 0.1225, -2.2244 -0.4742 0.1378, -2.3031 -0.4742 0.1378, -2.2244 -0.4742 0.4528, -2.3031 -0.4742 0.4528, -2.2237 -0.4742 0.4579, -2.2998 -0.4742 0.4782, -2.2218 -0.4742 0.4626, -2.29 -0.4742 0.502, -2.2186 -0.4742 0.4667, -2.2743 -0.4742 0.5224, -2.2146 -0.4742 0.4698, -2.2539 -0.4742 0.538, -2.2098 -0.4742 0.4718, -2.2302 -0.4742 0.5478, -2.2047 -0.4742 0.4724, -2.2047 -0.4742 0.5512, -1.4173 -0.4742 0.4724, -1.4173 -0.4742 0.5512, -2.8543 -0.8679 0.0787, -2.8543 -0.8679 0.0, -2.3622 -0.8679 0.0787, -2.3622 -0.8679 0.0, -2.3469 -0.8679 0.0808, -2.3265 -0.8679 0.0047, -2.3327 -0.8679 0.0867, -2.2933 -0.8679 0.0185, -2.3204 -0.8679 0.096, -2.2648 -0.8679 0.0404, -2.3111 -0.8679 0.1083, -2.2429 -0.8679 0.0689, -2.3052 -0.8679 0.1225, -2.2291 -0.8679 0.1021, -2.3031 -0.8679 0.1378, -2.2244 -0.8679 0.1378, -2.3031 -0.8679 0.4528, -2.2244 -0.8679 0.4528, -2.2998 -0.8679 0.4782, -2.2237 -0.8679 0.4579, -2.29 -0.8679 0.502, -2.2218 -0.8679 0.4626, -2.2743 -0.8679 0.5224, -2.2186 -0.8679 0.4667, -2.2539 -0.8679 0.538, -2.2146 -0.8679 0.4698, -2.2302 -0.8679 0.5478, -2.2098 -0.8679 0.4718, -2.2047 -0.8679 0.5512, -2.2047 -0.8679 0.4724, -1.3152 -0.8679 0.5512, -1.3152 -0.8679 0.4724, -1.4133 -0.6965 0.5512, -1.4173 -0.6791 0.5512, -1.4163 -0.688 0.5512, -1.4133 -0.6965 0.4724, -1.4163 -0.688 0.4724, -1.4173 -0.6791 0.4724
            ]
        }
        coordIndex [
            0,1,2,-1,2,1,3,-1,2,3,4,-1,4,3,5,-1,4,5,6,-1,6,5,7,-1,6,7,8,-1,8,7,9,-1,8,9,10,-1,10,9,11,-1,10,11,12,-1,12,11,13,-1,12,13,14,-1,14,13,15,-1,14,15,16,-1,16,15,17,-1,16,17,18,-1,18,17,19,-1,18,19,20,-1,20,19,21,-1,20,21,22,-1,22,21,23,-1,22,23,24,-1,24,23,25,-1,24,25,26,-1,26,25,27,-1,26,27,28,-1,28,27,29,-1,28,29,30,-1,30,29,31,-1,32,33,34,-1,34,33,35,-1,34,35,36,-1,36,35,37,-1,36,37,38,-1,38,37,39,-1,38,39,40,-1,40,39,41,-1,40,41,42,-1,42,41,43,-1,42,43,44,-1,44,43,45,-1,44,45,46,-1,46,45,47,-1,46,47,48,-1,48,47,49,-1,48,49,50,-1,50,49,51,-1,50,51,52,-1,52,51,53,-1,52,53,54,-1,54,53,55,-1,54,55,56,-1,56,55,57,-1,56,57,58,-1,58,57,59,-1,58,59,60,-1,60,59,61,-1,60,61,62,-1,62,61,63,-1,31,29,64,-1,64,29,65,-1,60,62,29,-1,29,62,66,-1,29,66,65,-1,28,30,67,-1,63,61,68,-1,68,61,28,-1,68,28,69,-1,69,28,67,-1,0,2,33,-1,33,2,35,-1,1,0,32,-1,32,0,33,-1,3,1,34,-1,34,1,32,-1,3,34,36,-1,3,36,5,-1,5,36,38,-1,5,38,7,-1,7,38,40,-1,7,40,9,-1,9,40,42,-1,9,42,11,-1,11,42,44,-1,11,44,13,-1,13,44,46,-1,13,46,15,-1,17,15,48,-1,48,15,46,-1,17,48,19,-1,19,48,50,-1,19,50,21,-1,21,50,52,-1,21,52,23,-1,23,52,54,-1,23,54,25,-1,25,54,56,-1,25,56,27,-1,27,56,58,-1,27,58,29,-1,29,58,60,-1,28,61,59,-1,28,59,26,-1,26,59,57,-1,26,57,24,-1,24,57,55,-1,24,55,22,-1,22,55,53,-1,22,53,20,-1,20,53,51,-1,20,51,18,-1,18,51,49,-1,18,49,16,-1,14,16,47,-1,47,16,49,-1,14,47,12,-1,12,47,45,-1,12,45,10,-1,10,45,43,-1,10,43,8,-1,8,43,41,-1,8,41,6,-1,6,41,39,-1,6,39,4,-1,4,39,37,-1,4,37,2,-1,2,37,35,-1,70,71,72,-1,72,71,73,-1,74,75,76,-1,76,75,77,-1,78,79,80,-1,80,79,81,-1,80,81,82,-1,82,81,83,-1,82,83,84,-1,84,83,85,-1,84,85,86,-1,86,85,87,-1,86,87,88,-1,88,87,89,-1,88,89,90,-1,90,89,91,-1,90,91,92,-1,92,91,93,-1,92,93,94,-1,94,93,95,-1,94,95,96,-1,96,95,97,-1,96,97,98,-1,98,97,99,-1,98,99,100,-1,100,99,101,-1,100,101,102,-1,102,101,103,-1,102,103,104,-1,104,103,105,-1,104,105,77,-1,77,105,70,-1,77,70,76,-1,76,70,72,-1,106,107,108,-1,108,107,109,-1,108,109,110,-1,110,109,111,-1,110,111,112,-1,112,111,113,-1,112,113,114,-1,114,113,115,-1,114,115,116,-1,116,115,117,-1,116,117,118,-1,118,117,119,-1,118,119,120,-1,120,119,121,-1,120,121,122,-1,122,121,123,-1,122,123,124,-1,124,123,125,-1,124,125,126,-1,126,125,127,-1,126,127,128,-1,128,127,129,-1,128,129,130,-1,130,129,131,-1,130,131,132,-1,132,131,133,-1,132,133,71,-1,71,133,75,-1,71,75,73,-1,73,75,74,-1,78,134,107,-1,107,134,135,-1,135,136,107,-1,107,136,137,-1,107,137,109,-1,109,137,138,-1,138,139,109,-1,109,139,140,-1,109,140,80,-1,80,140,141,-1,142,134,143,-1,143,134,78,-1,143,78,144,-1,144,78,80,-1,144,80,145,-1,145,80,141,-1,79,78,106,-1,106,78,107,-1,81,79,108,-1,108,79,106,-1,81,108,110,-1,81,110,83,-1,83,110,112,-1,83,112,85,-1,85,112,114,-1,85,114,87,-1,87,114,116,-1,87,116,89,-1,89,116,118,-1,89,118,91,-1,91,118,120,-1,91,120,93,-1,95,93,122,-1,122,93,120,-1,95,122,97,-1,97,122,124,-1,97,124,99,-1,99,124,126,-1,99,126,101,-1,101,126,128,-1,101,128,103,-1,103,128,130,-1,103,130,105,-1,105,130,132,-1,105,132,70,-1,70,132,71,-1,77,75,133,-1,77,133,104,-1,104,133,131,-1,104,131,102,-1,102,131,129,-1,102,129,100,-1,100,129,127,-1,100,127,98,-1,98,127,125,-1,98,125,96,-1,96,125,123,-1,96,123,94,-1,92,94,121,-1,121,94,123,-1,92,121,90,-1,90,121,119,-1,90,119,88,-1,88,119,117,-1,88,117,86,-1,86,117,115,-1,86,115,84,-1,84,115,113,-1,84,113,82,-1,82,113,111,-1,82,111,80,-1,80,111,109,-1,146,147,148,-1,148,147,149,-1,148,149,150,-1,150,149,151,-1,150,151,152,-1,152,151,153,-1,152,153,154,-1,154,153,155,-1,154,155,156,-1,156,155,157,-1,156,157,158,-1,158,157,159,-1,158,159,160,-1,160,159,161,-1,160,161,162,-1,162,161,163,-1,162,163,164,-1,164,163,165,-1,164,165,166,-1,166,165,167,-1,166,167,168,-1,168,167,169,-1,168,169,170,-1,170,169,171,-1,170,171,172,-1,172,171,173,-1,172,173,174,-1,174,173,175,-1,174,175,176,-1,176,175,177,-1,178,179,180,-1,180,179,181,-1,180,181,182,-1,182,181,183,-1,182,183,184,-1,184,183,185,-1,184,185,186,-1,186,185,187,-1,186,187,188,-1,188,187,189,-1,188,189,190,-1,190,189,191,-1,190,191,192,-1,192,191,193,-1,192,193,194,-1,194,193,195,-1,194,195,196,-1,196,195,197,-1,196,197,198,-1,198,197,199,-1,198,199,200,-1,200,199,201,-1,200,201,202,-1,202,201,203,-1,202,203,204,-1,204,203,205,-1,204,205,206,-1,206,205,207,-1,206,207,208,-1,208,207,209,-1,206,208,210,-1,177,175,211,-1,211,175,206,-1,211,206,212,-1,212,206,210,-1,209,207,213,-1,213,207,214,-1,174,176,207,-1,207,176,215,-1,207,215,214,-1,146,148,179,-1,179,148,181,-1,147,146,178,-1,178,146,179,-1,149,147,180,-1,180,147,178,-1,149,180,182,-1,149,182,151,-1,151,182,184,-1,151,184,153,-1,153,184,186,-1,153,186,155,-1,155,186,188,-1,155,188,157,-1,157,188,190,-1,157,190,159,-1,159,190,192,-1,159,192,161,-1,163,161,194,-1,194,161,192,-1,163,194,165,-1,165,194,196,-1,165,196,167,-1,167,196,198,-1,167,198,169,-1,169,198,200,-1,169,200,171,-1,171,200,202,-1,171,202,173,-1,173,202,204,-1,173,204,175,-1,175,204,206,-1,174,207,205,-1,174,205,172,-1,172,205,203,-1,172,203,170,-1,170,203,201,-1,170,201,168,-1,168,201,199,-1,168,199,166,-1,166,199,197,-1,166,197,164,-1,164,197,195,-1,164,195,162,-1,160,162,193,-1,193,162,195,-1,160,193,158,-1,158,193,191,-1,158,191,156,-1,156,191,189,-1,156,189,154,-1,154,189,187,-1,154,187,152,-1,152,187,185,-1,152,185,150,-1,150,185,183,-1,150,183,148,-1,148,183,181,-1,216,217,218,-1,218,217,219,-1,218,219,220,-1,220,219,221,-1,220,221,222,-1,222,221,223,-1,222,223,224,-1,224,223,225,-1,224,225,226,-1,226,225,227,-1,226,227,228,-1,228,227,229,-1,228,229,230,-1,230,229,231,-1,230,231,232,-1,232,231,233,-1,232,233,234,-1,234,233,235,-1,234,235,236,-1,236,235,237,-1,236,237,238,-1,238,237,239,-1,238,239,240,-1,240,239,241,-1,240,241,242,-1,242,241,243,-1,242,243,244,-1,244,243,245,-1,244,245,246,-1,246,245,247,-1,248,249,250,-1,250,249,251,-1,250,251,252,-1,252,251,253,-1,252,253,254,-1,254,253,255,-1,254,255,256,-1,256,255,257,-1,256,257,258,-1,258,257,259,-1,258,259,260,-1,260,259,261,-1,260,261,262,-1,262,261,263,-1,262,263,264,-1,264,263,265,-1,264,265,266,-1,266,265,267,-1,266,267,268,-1,268,267,269,-1,268,269,270,-1,270,269,271,-1,270,271,272,-1,272,271,273,-1,272,273,274,-1,274,273,275,-1,274,275,276,-1,276,275,277,-1,276,277,278,-1,278,277,279,-1,247,245,280,-1,280,245,281,-1,276,278,245,-1,245,278,282,-1,245,282,281,-1,244,246,283,-1,279,277,284,-1,284,277,244,-1,284,244,285,-1,285,244,283,-1,219,217,250,-1,250,217,248,-1,219,250,221,-1,221,250,252,-1,221,252,223,-1,223,252,254,-1,223,254,225,-1,225,254,256,-1,225,256,227,-1,227,256,258,-1,227,258,229,-1,229,258,260,-1,229,260,231,-1,231,260,262,-1,233,231,264,-1,264,231,262,-1,233,264,266,-1,233,266,235,-1,235,266,268,-1,235,268,237,-1,237,268,270,-1,237,270,239,-1,239,270,272,-1,239,272,241,-1,241,272,274,-1,241,274,243,-1,243,274,276,-1,243,276,245,-1,244,277,242,-1,242,277,275,-1,242,275,240,-1,240,275,273,-1,240,273,238,-1,238,273,271,-1,238,271,236,-1,236,271,269,-1,236,269,234,-1,234,269,267,-1,234,267,232,-1,232,267,265,-1,230,232,263,-1,263,232,265,-1,230,263,261,-1,230,261,228,-1,228,261,259,-1,228,259,226,-1,226,259,257,-1,226,257,224,-1,224,257,255,-1,224,255,222,-1,222,255,253,-1,222,253,220,-1,220,253,251,-1,220,251,218,-1,216,218,249,-1,249,218,251,-1,217,216,248,-1,248,216,249,-1,286,287,288,-1,288,287,289,-1,290,291,292,-1,292,291,293,-1,294,295,296,-1,296,295,297,-1,296,297,298,-1,298,297,299,-1,298,299,300,-1,300,299,301,-1,300,301,302,-1,302,301,303,-1,302,303,304,-1,304,303,305,-1,304,305,306,-1,306,305,307,-1,306,307,308,-1,308,307,309,-1,308,309,310,-1,310,309,311,-1,310,311,312,-1,312,311,313,-1,312,313,314,-1,314,313,315,-1,314,315,316,-1,316,315,317,-1,316,317,318,-1,318,317,319,-1,318,319,320,-1,320,319,321,-1,320,321,293,-1,293,321,286,-1,293,286,292,-1,292,286,288,-1,322,323,324,-1,324,323,325,-1,324,325,326,-1,326,325,327,-1,326,327,328,-1,328,327,329,-1,328,329,330,-1,330,329,331,-1,330,331,332,-1,332,331,333,-1,332,333,334,-1,334,333,335,-1,334,335,336,-1,336,335,337,-1,336,337,338,-1,338,337,339,-1,338,339,340,-1,340,339,341,-1,340,341,342,-1,342,341,343,-1,342,343,344,-1,344,343,345,-1,344,345,346,-1,346,345,347,-1,346,347,348,-1,348,347,349,-1,348,349,287,-1,287,349,291,-1,287,291,289,-1,289,291,290,-1,297,295,324,-1,324,295,322,-1,297,324,299,-1,299,324,326,-1,299,326,301,-1,301,326,328,-1,301,328,303,-1,303,328,330,-1,303,330,305,-1,305,330,332,-1,305,332,307,-1,307,332,334,-1,307,334,309,-1,309,334,336,-1,311,309,338,-1,338,309,336,-1,311,338,340,-1,311,340,313,-1,313,340,342,-1,313,342,315,-1,315,342,344,-1,315,344,317,-1,317,344,346,-1,317,346,319,-1,319,346,348,-1,319,348,321,-1,321,348,287,-1,321,287,286,-1,293,291,320,-1,320,291,349,-1,320,349,318,-1,318,349,347,-1,318,347,316,-1,316,347,345,-1,316,345,314,-1,314,345,343,-1,314,343,312,-1,312,343,341,-1,312,341,310,-1,310,341,339,-1,308,310,337,-1,337,310,339,-1,308,337,335,-1,308,335,306,-1,306,335,333,-1,306,333,304,-1,304,333,331,-1,304,331,302,-1,302,331,329,-1,302,329,300,-1,300,329,327,-1,300,327,298,-1,298,327,325,-1,298,325,296,-1,294,296,323,-1,323,296,325,-1,295,294,322,-1,322,294,323,-1,350,351,352,-1,352,351,353,-1,352,353,354,-1,354,353,355,-1,354,355,356,-1,356,355,357,-1,356,357,358,-1,358,357,359,-1,358,359,360,-1,360,359,361,-1,360,361,362,-1,362,361,363,-1,362,363,364,-1,364,363,365,-1,364,365,366,-1,366,365,367,-1,366,367,368,-1,368,367,369,-1,368,369,370,-1,370,369,371,-1,370,371,372,-1,372,371,373,-1,372,373,374,-1,374,373,375,-1,374,375,376,-1,376,375,377,-1,376,377,378,-1,378,377,379,-1,378,379,380,-1,380,379,381,-1,382,383,384,-1,384,383,385,-1,384,385,386,-1,386,385,387,-1,386,387,388,-1,388,387,389,-1,388,389,390,-1,390,389,391,-1,390,391,392,-1,392,391,393,-1,392,393,394,-1,394,393,395,-1,394,395,396,-1,396,395,397,-1,396,397,398,-1,398,397,399,-1,398,399,400,-1,400,399,401,-1,400,401,402,-1,402,401,403,-1,402,403,404,-1,404,403,405,-1,404,405,406,-1,406,405,407,-1,406,407,408,-1,408,407,409,-1,408,409,410,-1,410,409,411,-1,410,411,412,-1,412,411,413,-1,410,412,414,-1,381,379,415,-1,415,379,410,-1,415,410,416,-1,416,410,414,-1,413,411,417,-1,417,411,418,-1,378,380,411,-1,411,380,419,-1,411,419,418,-1,353,351,384,-1,384,351,382,-1,353,384,355,-1,355,384,386,-1,355,386,357,-1,357,386,388,-1,357,388,359,-1,359,388,390,-1,359,390,361,-1,361,390,392,-1,361,392,363,-1,363,392,394,-1,363,394,365,-1,365,394,396,-1,367,365,398,-1,398,365,396,-1,367,398,400,-1,367,400,369,-1,369,400,402,-1,369,402,371,-1,371,402,404,-1,371,404,373,-1,373,404,406,-1,373,406,375,-1,375,406,408,-1,375,408,377,-1,377,408,410,-1,377,410,379,-1,378,411,376,-1,376,411,409,-1,376,409,374,-1,374,409,407,-1,374,407,372,-1,372,407,405,-1,372,405,370,-1,370,405,403,-1,370,403,368,-1,368,403,401,-1,368,401,366,-1,366,401,399,-1,364,366,397,-1,397,366,399,-1,364,397,395,-1,364,395,362,-1,362,395,393,-1,362,393,360,-1,360,393,391,-1,360,391,358,-1,358,391,389,-1,358,389,356,-1,356,389,387,-1,356,387,354,-1,354,387,385,-1,354,385,352,-1,350,352,383,-1,383,352,385,-1,351,350,382,-1,382,350,383,-1,
        ]
    }
}
Shape{
    appearance Appearance {
        material  Material 	{
            diffuseColor 1.0 1.0 1.0
            specularColor 0.5019607843137255 0.5019607843137255 0.5019607843137255
            ambientIntensity 1.0
            transparency 0.0
            shininess 0.5
        }
    }
    geometry IndexedFaceSet {
        ccw TRUE
        solid FALSE
        coord DEF co Coordinate {
            point [
                0.0343 1.1542 1.0433, 0.0531 1.1542 1.0433, 0.0532 1.1562 1.0257, -0.155 1.1473 1.0257, -0.155 1.1473 1.0257, -0.0532 1.1562 1.0257, -0.1027 1.1497 1.0433, -0.0531 1.1542 1.0433, 0.0517 1.2243 0.9652, 0.0312 1.2309 0.9646, 0.056 1.216 0.9664, 0.0157 1.2334 0.9646, 0.0101 1.2337 0.9646, 0.0 1.2342 0.9646, -0.056 1.216 0.9664, -0.0101 1.2337 0.9646, -0.0157 1.2334 0.9646, -0.0312 1.2309 0.9646, -0.0516 1.2251 0.965, -0.052 1.225 0.965, -0.0563 1.223 0.9653, 0.0725 1.2156 0.9666, 0.0631 1.2206 0.9655, 0.0563 1.2228 0.9653, 0.0992 1.1998 0.9708, 0.0918 1.2051 0.9689, 0.0552 1.1993 0.9721, 0.0743 1.2146 0.9668, 0.0734 1.2151 0.9667, 0.1081 1.1935 0.9732, 0.1046 1.196 0.9723, 0.1042 1.1963 0.9722, 0.1392 1.165 0.9941, 0.1343 1.1702 0.9883, 0.0539 1.1716 0.994, 0.1277 1.1766 0.9831, 0.1273 1.1769 0.9829, 0.0545 1.1842 0.9815, 0.125 1.179 0.9817, 0.1247 1.1792 0.9816, 0.1482 1.1553 1.0063, 0.1449 1.159 1.0007, 0.1394 1.1648 0.9942, 0.0535 1.1621 1.009, 0.1551 1.1472 1.0257, 0.1548 1.1476 1.0236, 0.1535 1.1491 1.019, 0.1494 1.1539 1.009, 0.1493 1.154 1.009, 0.1551 1.1472 1.0257, 0.1568 1.1451 1.0363, 0.1571 1.1448 1.0433, -0.1565 1.1455 1.0335, -0.1571 1.1448 1.0433, -0.0535 1.1621 1.009, -0.1523 1.1506 1.0153, -0.1539 1.1487 1.0203, -0.1455 1.1583 1.0017, -0.1492 1.1541 1.009, -0.1492 1.1541 1.0091, -0.1292 1.1752 0.9841, -0.1393 1.1649 0.9941, -0.0539 1.1716 0.994, -0.1394 1.1648 0.9942, -0.1424 1.1617 0.9972, -0.0545 1.1842 0.9815, -0.0552 1.1993 0.9721, -0.1046 1.196 0.9723, -0.1252 1.179 0.9814, -0.1253 1.1789 0.9815, -0.1273 1.177 0.9828, -0.0822 1.211 0.9673, -0.0992 1.1998 0.9708, -0.1031 1.1973 0.9716, -0.1043 1.1963 0.9721, -0.0725 1.2155 0.9665, -0.0735 1.215 0.9666, -0.0744 1.2146 0.9667, -0.1381 1.1788 0.9939, -0.1162 1.2077 0.9814, -0.1024 1.2015 0.9721, 0.1553 1.1817 1.0433, 0.1533 1.1814 1.0256, 0.1475 1.1804 1.0089, 0.1381 1.1788 0.9939, 0.1277 1.2129 0.9939, 0.1162 1.2077 0.9814, 0.1024 1.2015 0.9721, 0.0874 1.2259 0.9721, 0.0668 1.2456 0.9721, 0.0568 1.2321 0.9664, 0.0356 1.244 0.9664, 0.0121 1.2501 0.9664, -0.0121 1.2501 0.9664, -0.0356 1.244 0.9664, -0.0568 1.2321 0.9664, -0.0874 1.2259 0.9721, -0.1277 1.2129 0.9939, -0.1475 1.1804 1.0089, -0.1533 1.1814 1.0256, -0.1553 1.1817 1.0433, 0.0419 1.2596 0.9721, 0.0143 1.2668 0.9721, -0.0143 1.2668 0.9721, -0.0419 1.2596 0.9721, -0.0668 1.2456 0.9721, 0.0992 1.2353 0.9814, 0.0759 1.2578 0.9814, 0.0476 1.2736 0.9814, 0.0162 1.2818 0.9814, -0.0162 1.2818 0.9814, -0.0476 1.2736 0.9814, -0.0759 1.2578 0.9814, -0.0992 1.2353 0.9814, 0.1091 1.2433 0.9939, 0.0834 1.268 0.9939, 0.0523 1.2854 0.9939, 0.0178 1.2944 0.9939, -0.0178 1.2944 0.9939, -0.0523 1.2854 0.9939, -0.0834 1.268 0.9939, -0.1091 1.2433 0.9939, 0.1364 1.2168 1.0089, 0.1165 1.2492 1.0089, 0.0891 1.2756 1.0089, 0.0559 1.2942 1.0089, 0.019 1.3038 1.0089, -0.019 1.3038 1.0089, -0.0559 1.2942 1.0089, -0.0891 1.2756 1.0089, -0.1165 1.2492 1.0089, -0.1364 1.2168 1.0089, 0.1418 1.2192 1.0256, 0.1211 1.253 1.0256, 0.0926 1.2804 1.0256, 0.0581 1.2997 1.0256, 0.0198 1.3097 1.0256, -0.0198 1.3097 1.0256, -0.0581 1.2997 1.0256, -0.0926 1.2804 1.0256, -0.1211 1.253 1.0256, -0.1418 1.2192 1.0256, 0.1436 1.2201 1.0433, 0.1227 1.2542 1.0433, 0.0938 1.282 1.0433, 0.0588 1.3016 1.0433, 0.02 1.3117 1.0433, -0.02 1.3117 1.0433, -0.0588 1.3016 1.0433, -0.0938 1.282 1.0433, -0.1227 1.2542 1.0433, -0.1436 1.2201 1.0433, -0.0517 -1.2279 0.9652, -0.0312 -1.2345 0.9646, -0.056 -1.2196 0.9664, -0.0157 -1.2369 0.9646, -0.0101 -1.2372 0.9646, 0.0 -1.2377 0.9646, 0.056 -1.2196 0.9664, 0.0101 -1.2372 0.9646, 0.0157 -1.2369 0.9646, 0.0312 -1.2345 0.9646, 0.0516 -1.2287 0.965, 0.052 -1.2286 0.965, 0.0563 -1.2266 0.9653, -0.0725 -1.2191 0.9666, -0.0631 -1.2241 0.9655, -0.0563 -1.2264 0.9653, -0.0992 -1.2033 0.9708, -0.0918 -1.2086 0.9689, -0.0552 -1.2028 0.9721, -0.0743 -1.2181 0.9668, -0.0734 -1.2186 0.9667, -0.1081 -1.197 0.9732, -0.1046 -1.1995 0.9723, -0.1042 -1.1998 0.9722, -0.1392 -1.1685 0.9941, -0.1343 -1.1737 0.9883, -0.0539 -1.1751 0.994, -0.1277 -1.1801 0.9831, -0.1273 -1.1805 0.9829, -0.0545 -1.1877 0.9815, -0.125 -1.1825 0.9817, -0.1247 -1.1827 0.9816, -0.1482 -1.1588 1.0063, -0.1449 -1.1625 1.0007, -0.1394 -1.1684 0.9942, -0.0535 -1.1657 1.009, -0.1551 -1.1507 1.0257, -0.1548 -1.1512 1.0236, -0.1535 -1.1527 1.019, -0.1494 -1.1575 1.009, -0.1493 -1.1575 1.009, -0.0532 -1.1598 1.0257, -0.0531 -1.1578 1.0433, -0.1027 -1.1533 1.0433, -0.1551 -1.1507 1.0257, -0.1568 -1.1487 1.0363, -0.1571 -1.1483 1.0433, 0.155 -1.1509 1.0257, 0.155 -1.1509 1.0257, 0.0532 -1.1598 1.0257, 0.1565 -1.149 1.0335, 0.0535 -1.1657 1.009, 0.1523 -1.1541 1.0153, 0.1539 -1.1522 1.0203, 0.1455 -1.1618 1.0017, 0.1492 -1.1577 1.009, 0.1492 -1.1576 1.0091, 0.1292 -1.1788 0.9841, 0.1393 -1.1685 0.9941, 0.0539 -1.1751 0.994, 0.1394 -1.1683 0.9942, 0.1424 -1.1653 0.9972, 0.0545 -1.1877 0.9815, 0.0552 -1.2028 0.9721, 0.1046 -1.1996 0.9723, 0.1252 -1.1825 0.9814, 0.1253 -1.1824 0.9815, 0.1273 -1.1805 0.9828, 0.0822 -1.2145 0.9673, 0.0992 -1.2033 0.9708, 0.1031 -1.2008 0.9716, 0.1043 -1.1998 0.9721, 0.0725 -1.219 0.9665, 0.0735 -1.2186 0.9666, 0.0744 -1.2182 0.9667, 0.0343 -1.1578 1.0433, 0.0531 -1.1578 1.0433, 0.1571 -1.1483 1.0433, -0.1553 -1.1852 1.0433, 0.1381 -1.1823 0.9939, 0.1162 -1.2112 0.9814, 0.1024 -1.205 0.9721, -0.0121 -1.2536 0.9664, 0.0121 -1.2536 0.9664, 0.0356 -1.2475 0.9664, 0.0568 -1.2357 0.9664, 0.0874 -1.2294 0.9721, 0.1277 -1.2164 0.9939, 0.1475 -1.1839 1.0089, 0.1533 -1.1849 1.0256, 0.1553 -1.1852 1.0433, -0.1533 -1.1849 1.0256, -0.1475 -1.1839 1.0089, -0.1381 -1.1823 0.9939, -0.1277 -1.2164 0.9939, -0.1162 -1.2112 0.9814, -0.1024 -1.205 0.9721, -0.0874 -1.2294 0.9721, -0.0668 -1.2492 0.9721, -0.0356 -1.2475 0.9664, -0.0568 -1.2357 0.9664, -0.0419 -1.2631 0.9721, -0.0143 -1.2703 0.9721, 0.0143 -1.2703 0.9721, 0.0419 -1.2631 0.9721, 0.0668 -1.2492 0.9721, -0.0992 -1.2389 0.9814, -0.0759 -1.2613 0.9814, -0.0476 -1.2772 0.9814, -0.0162 -1.2853 0.9814, 0.0162 -1.2853 0.9814, 0.0476 -1.2772 0.9814, 0.0759 -1.2613 0.9814, 0.0992 -1.2389 0.9814, -0.1091 -1.2468 0.9939, -0.0834 -1.2715 0.9939, -0.0523 -1.2889 0.9939, -0.0178 -1.2979 0.9939, 0.0178 -1.2979 0.9939, 0.0523 -1.2889 0.9939, 0.0834 -1.2715 0.9939, 0.1091 -1.2468 0.9939, -0.1364 -1.2203 1.0089, -0.1165 -1.2528 1.0089, -0.0891 -1.2792 1.0089, -0.0559 -1.2977 1.0089, -0.019 -1.3073 1.0089, 0.019 -1.3073 1.0089, 0.0559 -1.2977 1.0089, 0.0891 -1.2792 1.0089, 0.1165 -1.2528 1.0089, 0.1364 -1.2203 1.0089, -0.1418 -1.2228 1.0256, -0.1211 -1.2565 1.0256, -0.0926 -1.2839 1.0256, -0.0581 -1.3032 1.0256, -0.0198 -1.3132 1.0256, 0.0198 -1.3132 1.0256, 0.0581 -1.3032 1.0256, 0.0926 -1.2839 1.0256, 0.1211 -1.2565 1.0256, 0.1418 -1.2228 1.0256, -0.1436 -1.2236 1.0433, -0.1227 -1.2578 1.0433, -0.0938 -1.2855 1.0433, -0.0588 -1.3051 1.0433, -0.02 -1.3152 1.0433, 0.02 -1.3152 1.0433, 0.0588 -1.3051 1.0433, 0.0938 -1.2855 1.0433, 0.1227 -1.2578 1.0433, 0.1436 -1.2236 1.0433
            ]
        }
        coordIndex [
            0,1,2,-1,3,4,5,-1,6,7,5,-1,8,9,10,-1,10,9,11,-1,10,11,12,-1,12,13,14,-1,13,15,14,-1,14,15,16,-1,14,16,17,-1,17,18,14,-1,14,18,19,-1,14,19,20,-1,21,22,10,-1,10,22,23,-1,10,23,8,-1,24,25,26,-1,26,25,27,-1,26,27,10,-1,10,27,28,-1,10,28,21,-1,29,30,26,-1,26,30,31,-1,26,31,24,-1,32,33,34,-1,33,35,34,-1,34,35,36,-1,34,36,37,-1,37,36,38,-1,37,38,26,-1,26,38,39,-1,26,39,29,-1,40,41,34,-1,34,41,42,-1,34,42,32,-1,43,44,45,-1,45,46,43,-1,43,46,47,-1,43,47,34,-1,34,47,48,-1,34,48,40,-1,44,43,49,-1,49,43,2,-1,49,2,50,-1,50,2,1,-1,50,1,51,-1,5,4,6,-1,6,4,52,-1,6,52,53,-1,54,55,5,-1,5,55,56,-1,5,56,3,-1,57,58,54,-1,54,58,59,-1,54,59,55,-1,60,61,62,-1,62,61,63,-1,62,63,54,-1,54,63,64,-1,54,64,57,-1,65,66,67,-1,67,68,65,-1,65,68,69,-1,65,69,62,-1,62,69,70,-1,62,70,60,-1,71,72,66,-1,72,73,66,-1,66,73,74,-1,66,74,67,-1,20,75,14,-1,14,75,76,-1,14,76,66,-1,66,76,77,-1,66,77,71,-1,12,14,10,-1,10,14,66,-1,10,66,26,-1,26,66,65,-1,26,65,37,-1,37,65,62,-1,37,62,34,-1,34,62,54,-1,34,54,43,-1,43,54,5,-1,43,5,2,-1,2,5,7,-1,2,7,0,-1,63,61,78,-1,69,68,79,-1,67,74,80,-1,50,51,81,-1,48,47,82,-1,82,47,46,-1,46,45,82,-1,82,45,44,-1,82,44,49,-1,32,42,83,-1,83,42,41,-1,83,41,40,-1,36,35,84,-1,84,35,33,-1,36,84,38,-1,38,84,85,-1,38,85,39,-1,30,29,86,-1,30,86,31,-1,24,87,25,-1,25,87,88,-1,25,88,27,-1,89,21,88,-1,88,21,28,-1,88,28,27,-1,23,22,90,-1,23,90,8,-1,8,90,91,-1,8,91,9,-1,9,91,11,-1,11,91,92,-1,11,92,12,-1,17,16,93,-1,93,16,15,-1,93,15,92,-1,92,15,13,-1,92,13,12,-1,93,94,17,-1,17,94,95,-1,17,95,18,-1,75,20,95,-1,95,20,19,-1,95,19,18,-1,74,73,80,-1,80,73,72,-1,80,72,96,-1,96,72,71,-1,96,71,77,-1,61,60,78,-1,78,60,70,-1,78,70,97,-1,59,58,98,-1,98,58,57,-1,98,57,64,-1,4,3,99,-1,99,3,56,-1,99,56,55,-1,100,53,52,-1,22,21,90,-1,90,21,89,-1,90,89,91,-1,91,89,101,-1,91,101,92,-1,92,101,102,-1,92,102,93,-1,93,102,103,-1,93,103,94,-1,94,103,104,-1,94,104,95,-1,95,104,105,-1,95,105,75,-1,75,105,96,-1,75,96,76,-1,76,96,77,-1,24,31,87,-1,87,31,86,-1,87,86,88,-1,88,86,106,-1,88,106,89,-1,89,106,107,-1,89,107,101,-1,101,107,108,-1,101,108,102,-1,102,108,109,-1,102,109,103,-1,103,109,110,-1,103,110,104,-1,104,110,111,-1,104,111,105,-1,105,111,112,-1,105,112,96,-1,96,112,113,-1,96,113,80,-1,80,113,79,-1,80,79,67,-1,67,79,68,-1,29,39,86,-1,86,39,85,-1,86,85,106,-1,106,85,114,-1,106,114,107,-1,107,114,115,-1,107,115,108,-1,108,115,116,-1,108,116,109,-1,109,116,117,-1,109,117,110,-1,110,117,118,-1,110,118,111,-1,111,118,119,-1,111,119,112,-1,112,119,120,-1,112,120,113,-1,113,120,121,-1,113,121,79,-1,79,121,97,-1,79,97,69,-1,69,97,70,-1,33,32,84,-1,84,32,83,-1,84,83,85,-1,85,83,122,-1,85,122,114,-1,114,122,123,-1,114,123,115,-1,115,123,124,-1,115,124,116,-1,116,124,125,-1,116,125,117,-1,117,125,126,-1,117,126,118,-1,118,126,127,-1,118,127,119,-1,119,127,128,-1,119,128,120,-1,120,128,129,-1,120,129,121,-1,121,129,130,-1,121,130,97,-1,97,130,131,-1,97,131,78,-1,78,131,98,-1,78,98,63,-1,63,98,64,-1,40,48,83,-1,83,48,82,-1,83,82,122,-1,122,82,132,-1,122,132,123,-1,123,132,133,-1,123,133,124,-1,124,133,134,-1,124,134,125,-1,125,134,135,-1,125,135,126,-1,126,135,136,-1,126,136,127,-1,127,136,137,-1,127,137,128,-1,128,137,138,-1,128,138,129,-1,129,138,139,-1,129,139,130,-1,130,139,140,-1,130,140,131,-1,131,140,141,-1,131,141,98,-1,98,141,99,-1,98,99,59,-1,59,99,55,-1,49,50,82,-1,82,50,81,-1,82,81,132,-1,132,81,142,-1,132,142,133,-1,133,142,143,-1,133,143,134,-1,134,143,144,-1,134,144,135,-1,135,144,145,-1,135,145,136,-1,136,145,146,-1,136,146,137,-1,137,146,147,-1,137,147,138,-1,138,147,148,-1,138,148,139,-1,139,148,149,-1,139,149,140,-1,140,149,150,-1,140,150,141,-1,141,150,151,-1,141,151,99,-1,99,151,100,-1,99,100,4,-1,4,100,52,-1,152,153,154,-1,154,153,155,-1,154,155,156,-1,156,157,158,-1,157,159,158,-1,158,159,160,-1,158,160,161,-1,161,162,158,-1,158,162,163,-1,158,163,164,-1,165,166,154,-1,154,166,167,-1,154,167,152,-1,168,169,170,-1,170,169,171,-1,170,171,154,-1,154,171,172,-1,154,172,165,-1,173,174,170,-1,170,174,175,-1,170,175,168,-1,176,177,178,-1,177,179,178,-1,178,179,180,-1,178,180,181,-1,181,180,182,-1,181,182,170,-1,170,182,183,-1,170,183,173,-1,184,185,178,-1,178,185,186,-1,178,186,176,-1,187,188,189,-1,189,190,187,-1,187,190,191,-1,187,191,178,-1,178,191,192,-1,178,192,184,-1,193,194,195,-1,188,187,196,-1,196,187,193,-1,196,193,197,-1,197,193,195,-1,197,195,198,-1,199,200,201,-1,201,200,202,-1,203,204,201,-1,201,204,205,-1,201,205,199,-1,206,207,203,-1,203,207,208,-1,203,208,204,-1,209,210,211,-1,211,210,212,-1,211,212,203,-1,203,212,213,-1,203,213,206,-1,214,215,216,-1,216,217,214,-1,214,217,218,-1,214,218,211,-1,211,218,219,-1,211,219,209,-1,220,221,215,-1,221,222,215,-1,215,222,223,-1,215,223,216,-1,164,224,158,-1,158,224,225,-1,158,225,215,-1,215,225,226,-1,215,226,220,-1,227,201,228,-1,228,201,202,-1,228,202,229,-1,156,158,154,-1,154,158,215,-1,154,215,170,-1,170,215,214,-1,170,214,181,-1,181,214,211,-1,181,211,178,-1,178,211,203,-1,178,203,187,-1,187,203,201,-1,187,201,193,-1,193,201,227,-1,193,227,194,-1,197,198,230,-1,212,210,231,-1,218,217,232,-1,216,223,233,-1,157,234,159,-1,159,234,235,-1,159,235,160,-1,160,235,161,-1,235,236,161,-1,161,236,237,-1,161,237,162,-1,224,164,237,-1,237,164,163,-1,237,163,162,-1,223,222,233,-1,233,222,221,-1,233,221,238,-1,238,221,220,-1,238,220,226,-1,210,209,231,-1,231,209,219,-1,231,219,239,-1,208,207,240,-1,240,207,206,-1,240,206,213,-1,200,199,241,-1,241,199,205,-1,241,205,204,-1,242,229,202,-1,192,191,243,-1,243,191,190,-1,190,189,243,-1,243,189,188,-1,243,188,196,-1,176,186,244,-1,244,186,185,-1,244,185,184,-1,180,179,245,-1,245,179,177,-1,180,245,182,-1,182,245,246,-1,182,246,183,-1,174,173,247,-1,174,247,175,-1,168,248,169,-1,169,248,249,-1,169,249,171,-1,250,165,249,-1,249,165,172,-1,249,172,171,-1,251,152,252,-1,252,152,167,-1,252,167,166,-1,157,156,234,-1,234,156,155,-1,234,155,251,-1,251,155,153,-1,251,153,152,-1,166,165,252,-1,252,165,250,-1,252,250,251,-1,251,250,253,-1,251,253,234,-1,234,253,254,-1,234,254,235,-1,235,254,255,-1,235,255,236,-1,236,255,256,-1,236,256,237,-1,237,256,257,-1,237,257,224,-1,224,257,238,-1,224,238,225,-1,225,238,226,-1,168,175,248,-1,248,175,247,-1,248,247,249,-1,249,247,258,-1,249,258,250,-1,250,258,259,-1,250,259,253,-1,253,259,260,-1,253,260,254,-1,254,260,261,-1,254,261,255,-1,255,261,262,-1,255,262,256,-1,256,262,263,-1,256,263,257,-1,257,263,264,-1,257,264,238,-1,238,264,265,-1,238,265,233,-1,233,265,232,-1,233,232,216,-1,216,232,217,-1,173,183,247,-1,247,183,246,-1,247,246,258,-1,258,246,266,-1,258,266,259,-1,259,266,267,-1,259,267,260,-1,260,267,268,-1,260,268,261,-1,261,268,269,-1,261,269,262,-1,262,269,270,-1,262,270,263,-1,263,270,271,-1,263,271,264,-1,264,271,272,-1,264,272,265,-1,265,272,273,-1,265,273,232,-1,232,273,239,-1,232,239,218,-1,218,239,219,-1,177,176,245,-1,245,176,244,-1,245,244,246,-1,246,244,274,-1,246,274,266,-1,266,274,275,-1,266,275,267,-1,267,275,276,-1,267,276,268,-1,268,276,277,-1,268,277,269,-1,269,277,278,-1,269,278,270,-1,270,278,279,-1,270,279,271,-1,271,279,280,-1,271,280,272,-1,272,280,281,-1,272,281,273,-1,273,281,282,-1,273,282,239,-1,239,282,283,-1,239,283,231,-1,231,283,240,-1,231,240,212,-1,212,240,213,-1,184,192,244,-1,244,192,243,-1,244,243,274,-1,274,243,284,-1,274,284,275,-1,275,284,285,-1,275,285,276,-1,276,285,286,-1,276,286,277,-1,277,286,287,-1,277,287,278,-1,278,287,288,-1,278,288,279,-1,279,288,289,-1,279,289,280,-1,280,289,290,-1,280,290,281,-1,281,290,291,-1,281,291,282,-1,282,291,292,-1,282,292,283,-1,283,292,293,-1,283,293,240,-1,240,293,241,-1,240,241,208,-1,208,241,204,-1,196,197,243,-1,243,197,230,-1,243,230,284,-1,284,230,294,-1,284,294,285,-1,285,294,295,-1,285,295,286,-1,286,295,296,-1,286,296,287,-1,287,296,297,-1,287,297,288,-1,288,297,298,-1,288,298,289,-1,289,298,299,-1,289,299,290,-1,290,299,300,-1,290,300,291,-1,291,300,301,-1,291,301,292,-1,292,301,302,-1,292,302,293,-1,293,302,303,-1,293,303,241,-1,241,303,242,-1,241,242,200,-1,200,242,202,-1,
        ]
    }
}
Shape{
    appearance Appearance {
        material  Material 	{
            diffuseColor 0.0 0.0 0.0
            specularColor 0.0 0.0 0.0
            ambientIntensity 0.0
            transparency 0.0
            shininess 0.5
        }
    }
    geometry IndexedFaceSet {
        ccw TRUE
        solid FALSE
        coord DEF co Coordinate {
            point [
                -0.0526 1.5722 0.66, -0.0528 1.5761 0.66, -0.0526 1.5722 0.5417, -0.0528 1.5761 0.5417, -0.0354 1.5726 0.66, -0.0355 1.5766 0.66, -0.0354 1.5726 0.5265, -0.0355 1.5766 0.5265, -0.1057 1.5695 0.5265, -0.106 1.5734 0.5265, -0.1057 1.5695 0.5417, -0.106 1.5734 0.5417, -0.1764 1.5631 0.5396, -0.1768 1.567 0.5396, -0.1806 1.5626 0.5398, -0.1798 1.5667 0.5397, -0.1906 1.5614 0.5415, -0.1911 1.5653 0.5415, -0.1966 1.5607 0.5425, -0.1971 1.5646 0.5425, -0.2017 1.5601 0.5447, -0.2022 1.564 0.5447, -0.2105 1.5589 0.5485, -0.2111 1.5628 0.5485, -0.1422 1.5666 0.5537, -0.1426 1.5705 0.5537, -0.1445 1.5664 0.5515, -0.1462 1.5702 0.5503, -0.1459 1.5663 0.5504, -0.1463 1.5702 0.5502, -0.1522 1.5657 0.5458, -0.1526 1.5696 0.5458, -0.153 1.5656 0.5452, -0.154 1.5694 0.5449, -0.1586 1.565 0.5429, -0.159 1.5689 0.5429, -0.1618 1.5647 0.5415, -0.1623 1.5686 0.5416, -0.1659 1.5643 0.541, -0.1663 1.5682 0.541, -0.1292 1.5677 0.5917, -0.1295 1.5716 0.5917, -0.1293 1.5677 0.5911, -0.1296 1.5716 0.5911, -0.1308 1.5676 0.5773, -0.1312 1.5715 0.5773, -0.1311 1.5676 0.5748, -0.1315 1.5715 0.5746, -0.1331 1.5674 0.5694, -0.1335 1.5713 0.5694, -0.1352 1.5672 0.5639, -0.1355 1.5711 0.5639, -0.1372 1.567 0.561, -0.1375 1.571 0.561, -0.1313 1.5715 0.6071, -0.1309 1.5676 0.6072, -0.1315 1.5715 0.6093, -0.1311 1.5676 0.609, -0.134 1.5713 0.6158, -0.1336 1.5674 0.6159, -0.1361 1.5711 0.6214, -0.1353 1.5672 0.6204, -0.1378 1.5709 0.6237, -0.1375 1.567 0.6237, -0.1435 1.5704 0.6319, -0.1421 1.5666 0.6306, -0.1432 1.5665 0.6318, -0.1793 1.5628 0.6467, -0.1798 1.5667 0.6467, -0.1736 1.5634 0.6464, -0.1766 1.5671 0.6465, -0.1735 1.5674 0.646, -0.1509 1.5697 0.6377, -0.1505 1.5658 0.6378, -0.1537 1.5695 0.64, -0.1533 1.5656 0.64, -0.1575 1.5691 0.6417, -0.1571 1.5652 0.6417, -0.1632 1.5685 0.6443, -0.1627 1.5646 0.6442, -0.165 1.5683 0.6446, -0.1646 1.5644 0.6446, -0.173 1.5635 0.6462, -0.2105 1.5589 0.6387, -0.2111 1.5628 0.6387, -0.2035 1.5598 0.6415, -0.204 1.5637 0.6416, -0.1957 1.5608 0.6446, -0.1973 1.5646 0.6443, -0.1926 1.5612 0.645, -0.1931 1.5651 0.6448, -0.2105 1.5589 0.6568, -0.2111 1.5628 0.6568, -0.1792 1.5628 0.6622, -0.1796 1.5667 0.6622, -0.183 1.5624 0.6619, -0.1834 1.5663 0.6619, -0.1964 1.5607 0.6608, -0.1958 1.5648 0.661, -0.1995 1.5603 0.6599, -0.2 1.5642 0.6598, -0.1304 1.5676 0.6426, -0.1307 1.5716 0.6426, -0.1321 1.5675 0.6442, -0.1324 1.5714 0.6442, -0.1341 1.5673 0.646, -0.1339 1.5713 0.6455, -0.1421 1.5666 0.6516, -0.1425 1.5705 0.6515, -0.147 1.5662 0.655, -0.1471 1.5701 0.6548, -0.1525 1.5656 0.657, -0.1529 1.5695 0.6571, -0.1606 1.5648 0.66, -0.1591 1.5689 0.6595, -0.1631 1.5646 0.6603, -0.1635 1.5685 0.6601, -0.1139 1.5729 0.6101, -0.1134 1.5689 0.6088, -0.1115 1.573 0.5938, -0.1113 1.5691 0.5934, -0.1115 1.573 0.5934, -0.1112 1.5691 0.5929, -0.1114 1.573 0.5907, -0.1112 1.5691 0.5907, -0.1229 1.5722 0.6321, -0.1226 1.5682 0.6321, -0.1205 1.5724 0.6289, -0.1202 1.5684 0.6288, -0.1172 1.5726 0.6209, -0.1169 1.5687 0.6208, -0.1146 1.5728 0.6146, -0.1141 1.5689 0.6141, -0.1136 1.5689 0.6101, -0.1135 1.5729 0.5728, -0.1134 1.5689 0.5708, -0.1138 1.5729 0.5701, -0.1134 1.5689 0.5704, -0.1168 1.5726 0.5622, -0.1164 1.5687 0.5622, -0.1193 1.5725 0.5555, -0.1185 1.5686 0.5566, -0.1214 1.5723 0.5526, -0.1211 1.5684 0.5526, -0.1286 1.5717 0.5425, -0.1268 1.5679 0.5442, -0.1282 1.5678 0.5425, -0.1132 1.569 0.5728, -0.1739 1.5634 0.5243, -0.1743 1.5673 0.5243, -0.1699 1.5638 0.5244, -0.1691 1.5679 0.5245, -0.1637 1.5645 0.5254, -0.1641 1.5684 0.5253, -0.1533 1.5656 0.5271, -0.1537 1.5695 0.5272, -0.153 1.5656 0.5271, -0.1523 1.5696 0.5275, -0.1441 1.5664 0.5311, -0.1445 1.5703 0.5311, -0.1401 1.5668 0.5329, -0.1404 1.5707 0.5329, -0.136 1.5671 0.5362, -0.1364 1.5711 0.5362, -0.209 1.5591 0.5313, -0.2105 1.5589 0.532, -0.2111 1.5628 0.532, -0.2052 1.5596 0.53, -0.2057 1.5635 0.5301, -0.194 1.561 0.5263, -0.1968 1.5647 0.5268, -0.1941 1.565 0.5265, -0.1936 1.5611 0.5263, -0.254 1.5524 0.5866, -0.2546 1.5563 0.5866, -0.254 1.5524 0.5417, -0.2546 1.5563 0.5417, -0.301 1.544 0.5866, -0.3017 1.5479 0.5866, -0.301 1.544 0.6019, -0.3017 1.5479 0.6019, -0.254 1.5524 0.6019, -0.2546 1.5563 0.6019, -0.254 1.5524 0.6446, -0.2546 1.5563 0.6446, -0.3047 1.5433 0.6446, -0.3054 1.5471 0.6446, -0.3047 1.5433 0.66, -0.3054 1.5471 0.66, -0.237 1.5551 0.66, -0.2376 1.559 0.66, -0.237 1.5551 0.5265, -0.2376 1.559 0.5265, -0.3077 1.5427 0.5265, -0.3084 1.5465 0.5265, -0.3077 1.5427 0.5417, -0.3084 1.5465 0.5417, -0.3704 1.5329 0.66, -0.3695 1.5291 0.66, -0.3332 1.5414 0.66, -0.3379 1.5364 0.66, -0.3323 1.5376 0.66, -0.3836 1.5256 0.6584, -0.3845 1.5294 0.6584, -0.3882 1.5244 0.6578, -0.3891 1.5283 0.6578, -0.3962 1.5224 0.6549, -0.3972 1.5262 0.6549, -0.4043 1.5202 0.6519, -0.4053 1.5241 0.6519, -0.4077 1.5193 0.6496, -0.4088 1.5231 0.6496, -0.4183 1.5165 0.6423, -0.4194 1.5203 0.6423, -0.4242 1.5189 0.6372, -0.4231 1.5151 0.6372, -0.4241 1.5189 0.6374, -0.4388 1.5148 0.5949, -0.4377 1.511 0.5949, -0.4368 1.5153 0.6104, -0.436 1.5115 0.6104, -0.4363 1.5155 0.6145, -0.4357 1.5116 0.6127, -0.4341 1.5161 0.6201, -0.433 1.5123 0.6202, -0.4315 1.5169 0.6267, -0.4313 1.5128 0.6251, -0.4301 1.5173 0.6287, -0.4289 1.5135 0.6287, -0.4234 1.515 0.6369, -0.4373 1.5111 0.5872, -0.4385 1.5148 0.5887, -0.4371 1.5112 0.5857, -0.438 1.515 0.5857, -0.435 1.5118 0.5741, -0.4359 1.5156 0.5742, -0.4346 1.5119 0.5722, -0.4353 1.5158 0.571, -0.4311 1.5129 0.5641, -0.4322 1.5167 0.5641, -0.4285 1.5136 0.5581, -0.4295 1.5174 0.558, -0.4261 1.5143 0.5551, -0.4272 1.5181 0.5551, -0.4183 1.5165 0.5452, -0.4194 1.5203 0.5452, -0.3691 1.5332 0.5265, -0.3681 1.5294 0.5265, -0.3873 1.5287 0.5287, -0.3863 1.5249 0.5286, -0.3901 1.528 0.529, -0.3889 1.5243 0.529, -0.3984 1.5259 0.5323, -0.3975 1.522 0.5322, -0.4055 1.524 0.5351, -0.4035 1.5205 0.5345, -0.4086 1.5232 0.5373, -0.4076 1.5194 0.5374, -0.4168 1.5169 0.5438, -0.3379 1.5364 0.5265, -0.3332 1.5414 0.5265, -0.3323 1.5376 0.5265, -0.4075 1.5235 0.5556, -0.4065 1.5238 0.5547, -0.4057 1.5239 0.554, -0.3996 1.5256 0.5497, -0.3965 1.5264 0.5476, -0.3923 1.5274 0.5461, -0.3861 1.529 0.5437, -0.3841 1.5295 0.5435, -0.369 1.5333 0.5417, -0.35 1.5377 0.5417, -0.35 1.5377 0.6446, -0.3697 1.5331 0.6446, -0.3827 1.5299 0.6433, -0.3852 1.5293 0.643, -0.391 1.5278 0.641, -0.3964 1.5264 0.6391, -0.3997 1.5255 0.637, -0.4111 1.5225 0.6279, -0.4104 1.5227 0.6286, -0.4071 1.5236 0.6321, -0.4127 1.5221 0.5625, -0.4145 1.5216 0.565, -0.4168 1.521 0.5704, -0.4188 1.5204 0.5753, -0.4192 1.5203 0.5777, -0.4211 1.5198 0.5898, -0.4212 1.5198 0.5907, -0.4213 1.5197 0.5945, -0.4197 1.5202 0.6086, -0.4195 1.5202 0.6106, -0.4176 1.5207 0.616, -0.4162 1.5211 0.6199, -0.4146 1.5216 0.6224, -0.368 1.5294 0.5417, -0.3492 1.5338 0.5417, -0.4065 1.5197 0.5556, -0.4058 1.5199 0.555, -0.4054 1.52 0.5547, -0.3986 1.5218 0.5497, -0.3832 1.5257 0.5435, -0.3851 1.5252 0.5437, -0.3913 1.5236 0.5461, -0.3965 1.5223 0.5481, -0.4202 1.5159 0.5945, -0.4201 1.516 0.5904, -0.42 1.516 0.5898, -0.4181 1.5165 0.5777, -0.4177 1.5166 0.5751, -0.4157 1.5172 0.5704, -0.4135 1.5178 0.565, -0.4116 1.5183 0.5625, -0.4061 1.5198 0.6321, -0.4094 1.5189 0.6286, -0.4097 1.5188 0.6283, -0.4135 1.5178 0.6224, -0.4187 1.5164 0.6086, -0.4185 1.5164 0.6106, -0.4166 1.5169 0.616, -0.4153 1.5173 0.6197, -0.3688 1.5292 0.6446, -0.3817 1.5261 0.6433, -0.384 1.5255 0.643, -0.39 1.524 0.641, -0.3955 1.5226 0.6391, -0.3987 1.5217 0.637, -0.3492 1.5338 0.6446
            ]
        }
        coordIndex [
            0,1,2,-1,2,1,3,-1,4,5,0,-1,0,5,1,-1,6,7,4,-1,4,7,5,-1,8,9,6,-1,6,9,7,-1,10,11,8,-1,8,11,9,-1,3,11,2,-1,2,11,10,-1,1,5,3,-1,3,5,7,-1,3,7,11,-1,11,7,9,-1,12,13,14,-1,14,13,15,-1,14,15,16,-1,16,15,17,-1,16,17,18,-1,18,17,19,-1,18,19,20,-1,20,19,21,-1,20,21,22,-1,22,21,23,-1,24,25,26,-1,26,25,27,-1,26,27,28,-1,28,27,29,-1,28,29,30,-1,30,29,31,-1,30,31,32,-1,32,31,33,-1,32,33,34,-1,34,33,35,-1,34,35,36,-1,36,35,37,-1,36,37,38,-1,38,37,39,-1,38,39,12,-1,12,39,13,-1,40,41,42,-1,42,41,43,-1,42,43,44,-1,44,43,45,-1,44,45,46,-1,46,45,47,-1,46,47,48,-1,48,47,49,-1,48,49,50,-1,50,49,51,-1,50,51,52,-1,52,51,53,-1,52,53,24,-1,24,53,25,-1,41,40,54,-1,54,40,55,-1,54,55,56,-1,56,55,57,-1,56,57,58,-1,58,57,59,-1,58,59,60,-1,60,59,61,-1,60,61,62,-1,62,61,63,-1,62,63,64,-1,64,63,65,-1,64,65,66,-1,67,68,69,-1,69,68,70,-1,69,70,71,-1,64,66,72,-1,72,66,73,-1,72,73,74,-1,74,73,75,-1,74,75,76,-1,76,75,77,-1,76,77,78,-1,78,77,79,-1,78,79,80,-1,80,79,81,-1,80,81,71,-1,71,81,82,-1,71,82,69,-1,83,84,85,-1,85,84,86,-1,85,86,87,-1,87,86,88,-1,87,88,89,-1,89,88,90,-1,89,90,67,-1,67,90,68,-1,91,92,83,-1,83,92,84,-1,93,94,95,-1,95,94,96,-1,95,96,97,-1,97,96,98,-1,97,98,99,-1,99,98,100,-1,99,100,91,-1,91,100,92,-1,101,102,103,-1,103,102,104,-1,103,104,105,-1,105,104,106,-1,105,106,107,-1,107,106,108,-1,107,108,109,-1,109,108,110,-1,109,110,111,-1,111,110,112,-1,111,112,113,-1,113,112,114,-1,113,114,115,-1,115,114,116,-1,115,116,93,-1,93,116,94,-1,117,118,119,-1,119,118,120,-1,119,120,121,-1,121,120,122,-1,121,122,123,-1,123,122,124,-1,102,101,125,-1,125,101,126,-1,125,126,127,-1,127,126,128,-1,127,128,129,-1,129,128,130,-1,129,130,131,-1,131,130,132,-1,131,132,117,-1,117,132,133,-1,117,133,118,-1,134,135,136,-1,136,135,137,-1,136,137,138,-1,138,137,139,-1,138,139,140,-1,140,139,141,-1,140,141,142,-1,142,141,143,-1,142,143,144,-1,144,143,145,-1,144,145,146,-1,123,124,134,-1,134,124,147,-1,134,147,135,-1,148,149,150,-1,150,149,151,-1,150,151,152,-1,152,151,153,-1,152,153,154,-1,154,153,155,-1,154,155,156,-1,156,155,157,-1,156,157,158,-1,158,157,159,-1,158,159,160,-1,160,159,161,-1,160,161,162,-1,162,161,163,-1,162,163,146,-1,146,163,144,-1,164,165,166,-1,164,166,167,-1,167,166,168,-1,167,168,169,-1,169,168,170,-1,169,170,171,-1,149,148,171,-1,171,148,172,-1,171,172,169,-1,23,166,22,-1,22,166,165,-1,121,123,41,-1,166,23,168,-1,168,23,21,-1,168,21,170,-1,170,21,19,-1,170,19,171,-1,171,19,17,-1,171,17,149,-1,17,15,149,-1,149,15,13,-1,149,13,151,-1,151,13,39,-1,151,39,153,-1,153,39,155,-1,155,39,37,-1,155,37,157,-1,157,37,35,-1,157,35,159,-1,35,33,159,-1,159,33,31,-1,159,31,161,-1,161,31,29,-1,161,29,163,-1,163,29,27,-1,163,27,144,-1,51,142,53,-1,53,142,144,-1,53,144,25,-1,25,144,27,-1,41,123,43,-1,43,123,45,-1,45,123,134,-1,45,134,47,-1,47,134,136,-1,47,136,49,-1,49,136,138,-1,49,138,51,-1,51,138,140,-1,51,140,142,-1,121,41,119,-1,119,41,54,-1,119,54,117,-1,117,54,131,-1,131,54,56,-1,131,56,129,-1,129,56,58,-1,129,58,127,-1,127,58,60,-1,127,60,125,-1,125,60,62,-1,125,62,102,-1,102,62,64,-1,102,64,104,-1,104,64,106,-1,106,64,72,-1,106,72,108,-1,96,94,68,-1,108,72,110,-1,110,72,74,-1,110,74,112,-1,112,74,76,-1,112,76,114,-1,114,76,78,-1,114,78,116,-1,78,80,116,-1,116,80,71,-1,116,71,94,-1,94,71,70,-1,94,70,68,-1,96,68,98,-1,98,68,90,-1,98,90,100,-1,84,92,86,-1,86,92,100,-1,86,100,88,-1,88,100,90,-1,173,174,175,-1,175,174,176,-1,177,178,173,-1,173,178,174,-1,179,180,177,-1,177,180,178,-1,181,182,179,-1,179,182,180,-1,183,184,181,-1,181,184,182,-1,185,186,183,-1,183,186,184,-1,187,188,185,-1,185,188,186,-1,189,190,187,-1,187,190,188,-1,191,192,189,-1,189,192,190,-1,193,194,191,-1,191,194,192,-1,195,196,193,-1,193,196,194,-1,176,196,175,-1,175,196,195,-1,192,194,196,-1,196,176,192,-1,192,176,174,-1,192,174,190,-1,186,188,184,-1,184,188,190,-1,184,190,182,-1,182,190,174,-1,182,174,180,-1,180,174,178,-1,197,198,199,-1,199,198,200,-1,199,200,201,-1,198,197,202,-1,202,197,203,-1,202,203,204,-1,204,203,205,-1,204,205,206,-1,206,205,207,-1,206,207,208,-1,208,207,209,-1,208,209,210,-1,210,209,211,-1,210,211,212,-1,212,211,213,-1,214,215,216,-1,216,215,212,-1,216,212,213,-1,217,218,219,-1,219,218,220,-1,219,220,221,-1,221,220,222,-1,221,222,223,-1,223,222,224,-1,223,224,225,-1,225,224,226,-1,225,226,227,-1,227,226,228,-1,227,228,214,-1,214,228,229,-1,214,229,215,-1,218,217,230,-1,230,217,231,-1,230,231,232,-1,232,231,233,-1,232,233,234,-1,234,233,235,-1,234,235,236,-1,236,235,237,-1,236,237,238,-1,238,237,239,-1,238,239,240,-1,240,239,241,-1,240,241,242,-1,242,241,243,-1,242,243,244,-1,244,243,245,-1,246,247,248,-1,248,247,249,-1,248,249,250,-1,250,249,251,-1,250,251,252,-1,252,251,253,-1,252,253,254,-1,254,253,255,-1,254,255,256,-1,256,255,257,-1,256,257,245,-1,245,257,258,-1,245,258,244,-1,247,246,259,-1,259,246,260,-1,259,260,261,-1,201,261,199,-1,199,261,260,-1,262,263,245,-1,245,263,264,-1,245,264,256,-1,256,264,265,-1,256,265,254,-1,254,265,266,-1,254,266,252,-1,252,266,267,-1,252,267,250,-1,250,267,268,-1,250,268,248,-1,248,268,269,-1,248,269,246,-1,246,269,270,-1,246,270,260,-1,260,270,271,-1,260,271,199,-1,199,271,272,-1,199,272,197,-1,197,272,273,-1,197,273,203,-1,203,273,274,-1,203,274,205,-1,205,274,275,-1,205,275,207,-1,207,275,276,-1,207,276,209,-1,209,276,277,-1,209,277,211,-1,211,277,278,-1,211,278,213,-1,279,216,280,-1,280,216,213,-1,280,213,281,-1,281,213,278,-1,262,245,282,-1,282,245,243,-1,282,243,283,-1,283,243,241,-1,283,241,284,-1,284,241,239,-1,284,239,285,-1,285,239,237,-1,285,237,286,-1,286,237,235,-1,286,235,287,-1,287,235,233,-1,287,233,288,-1,288,233,231,-1,288,231,289,-1,289,231,217,-1,289,217,290,-1,290,217,219,-1,290,219,291,-1,291,219,221,-1,291,221,292,-1,292,221,223,-1,292,223,293,-1,293,223,225,-1,293,225,294,-1,294,225,227,-1,294,227,279,-1,279,227,214,-1,279,214,216,-1,270,295,271,-1,271,295,296,-1,263,262,297,-1,297,298,263,-1,263,298,299,-1,263,299,264,-1,264,299,300,-1,295,270,301,-1,301,270,269,-1,301,269,302,-1,302,269,268,-1,302,268,303,-1,303,268,267,-1,303,267,304,-1,304,267,266,-1,304,266,300,-1,300,266,265,-1,300,265,264,-1,289,305,288,-1,288,305,306,-1,288,306,287,-1,287,306,307,-1,287,307,286,-1,286,307,308,-1,286,308,285,-1,285,308,309,-1,285,309,284,-1,284,309,310,-1,284,310,283,-1,283,310,311,-1,283,311,282,-1,282,311,312,-1,282,312,262,-1,262,312,297,-1,280,281,313,-1,313,314,280,-1,280,314,315,-1,280,315,279,-1,279,315,316,-1,305,289,317,-1,317,289,290,-1,317,290,318,-1,318,290,291,-1,318,291,319,-1,319,291,292,-1,319,292,320,-1,320,292,293,-1,320,293,316,-1,316,293,294,-1,316,294,279,-1,273,321,274,-1,274,321,322,-1,274,322,275,-1,275,322,323,-1,275,323,276,-1,276,323,324,-1,276,324,277,-1,277,324,325,-1,277,325,278,-1,278,325,326,-1,278,326,281,-1,281,326,313,-1,272,327,273,-1,273,327,321,-1,272,271,327,-1,327,271,296,-1,
        ]
    }
}
Shape{
    appearance Appearance {
        material  Material 	{
            diffuseColor 1.0 1.0 1.0
            specularColor 0.5019607843137255 0.5019607843137255 0.5019607843137255
            ambientIntensity 1.0
            transparency 0.0
            shininess 0.5
        }
    }
    geometry IndexedFaceSet {
        ccw TRUE
        solid FALSE
        coord DEF co Coordinate {
            point [
                -0.3832 1.5257 0.5435, -0.3492 1.5338 0.6446, -0.368 1.5294 0.5417, -0.3492 1.5338 0.5417, -0.3851 1.5252 0.5437, -0.3913 1.5236 0.5461, -0.3965 1.5223 0.5481, -0.4157 1.5172 0.5704, -0.4177 1.5166 0.5751, -0.4181 1.5165 0.5777, -0.4065 1.5197 0.5556, -0.4116 1.5183 0.5625, -0.4058 1.5199 0.555, -0.4137 1.5177 0.5664, -0.4054 1.52 0.5547, -0.4135 1.5178 0.565, -0.42 1.516 0.5898, -0.4201 1.516 0.5904, -0.4202 1.5159 0.5945, -0.4187 1.5164 0.6086, -0.4185 1.5164 0.6106, -0.4166 1.5169 0.616, -0.4153 1.5173 0.6197, -0.4135 1.5178 0.6224, -0.4097 1.5188 0.6283, -0.4094 1.5189 0.6286, -0.4061 1.5198 0.6321, -0.3987 1.5217 0.637, -0.3955 1.5226 0.6391, -0.39 1.524 0.641, -0.384 1.5255 0.643, -0.3817 1.5261 0.6433, -0.3986 1.5218 0.5497, -0.3688 1.5292 0.6446
            ]
        }
        coordIndex [
            0,1,2,-1,2,1,3,-1,0,4,1,-1,1,4,5,-1,1,5,6,-1,7,8,9,-1,10,11,12,-1,12,11,13,-1,12,13,14,-1,11,15,13,-1,13,15,7,-1,13,7,14,-1,14,7,9,-1,14,9,16,-1,16,17,14,-1,14,17,18,-1,14,18,19,-1,19,20,14,-1,14,20,21,-1,14,21,22,-1,22,23,14,-1,14,23,24,-1,14,24,25,-1,25,26,14,-1,14,26,27,-1,14,27,28,-1,28,29,14,-1,14,29,30,-1,14,30,31,-1,6,32,1,-1,1,32,14,-1,1,14,33,-1,33,14,31,-1,
        ]
    }
}
Shape{
    appearance Appearance {
        material  Material 	{
            diffuseColor 0.0 0.0 0.0
            specularColor 0.0 0.0 0.0
            ambientIntensity 0.0
            transparency 0.0
            shininess 0.5
        }
    }
    geometry IndexedFaceSet {
        ccw TRUE
        solid FALSE
        coord DEF co Coordinate {
            point [
                -0.4448 1.5089 0.5265, -0.4459 1.5127 0.5265, -0.4691 1.5015 0.5932, -0.4945 1.4975 0.66, -0.4933 1.4938 0.66, -0.463 1.5034 0.5265, -0.4642 1.5072 0.5265, -0.4753 1.4996 0.563, -0.4764 1.5034 0.563, -0.4691 1.5015 0.5448, -0.5279 1.4819 0.563, -0.5292 1.4856 0.563, -0.5407 1.4773 0.5265, -0.5421 1.481 0.5265, -0.5343 1.4796 0.5448, -0.56 1.4743 0.5265, -0.5553 1.4719 0.5265, -0.5586 1.4706 0.5265, -0.5108 1.4879 0.66, -0.512 1.4916 0.66, -0.5347 1.4795 0.5932, -0.5553 1.4718 0.5356, -0.5242 1.4874 0.5781, -0.4817 1.5017 0.5781, -0.4912 1.4986 0.6058, -0.5007 1.4955 0.6336, -0.5018 1.4951 0.6376, -0.5027 1.4948 0.6429, -0.5031 1.4947 0.6429, -0.5041 1.4943 0.6375, -0.5051 1.494 0.6336, -0.5147 1.4907 0.6058, -0.5015 1.4911 0.6429, -0.4994 1.4917 0.6336, -0.5019 1.4909 0.6429, -0.5039 1.4903 0.6336, -0.5229 1.4837 0.5781, -0.4805 1.498 0.5781
            ]
        }
        coordIndex [
            0,1,2,-1,2,1,3,-1,2,3,4,-1,5,6,0,-1,0,6,1,-1,7,8,9,-1,9,8,6,-1,9,6,5,-1,10,11,7,-1,7,11,8,-1,12,13,14,-1,14,13,11,-1,14,11,10,-1,13,12,15,-1,15,12,16,-1,15,16,17,-1,18,19,20,-1,20,19,15,-1,20,15,21,-1,21,15,17,-1,3,19,4,-1,4,19,18,-1,1,6,8,-1,11,22,8,-1,8,22,23,-1,8,23,1,-1,1,23,24,-1,1,24,3,-1,3,24,25,-1,25,26,3,-1,3,26,27,-1,3,27,19,-1,27,28,19,-1,19,28,29,-1,19,29,30,-1,30,31,19,-1,19,31,22,-1,19,22,15,-1,15,22,11,-1,15,11,13,-1,32,27,33,-1,33,27,26,-1,33,26,25,-1,34,28,32,-1,32,28,27,-1,28,34,29,-1,29,34,35,-1,29,35,30,-1,30,35,31,-1,31,35,36,-1,31,36,22,-1,37,23,36,-1,36,23,22,-1,23,37,24,-1,24,37,33,-1,24,33,25,-1,
        ]
    }
}
Shape{
    appearance Appearance {
        material  Material 	{
            diffuseColor 1.0 1.0 1.0
            specularColor 0.5019607843137255 0.5019607843137255 0.5019607843137255
            ambientIntensity 1.0
            transparency 0.0
            shininess 0.5
        }
    }
    geometry IndexedFaceSet {
        ccw TRUE
        solid FALSE
        coord DEF co Coordinate {
            point [
                -0.5019 1.4909 0.6429, -0.5015 1.4911 0.6429, -0.5039 1.4903 0.6336, -0.4994 1.4917 0.6336, -0.5229 1.4837 0.5781, -0.4805 1.498 0.5781
            ]
        }
        coordIndex [
            0,1,2,-1,2,1,3,-1,2,3,4,-1,4,3,5,-1,
        ]
    }
}
Shape{
    appearance Appearance {
        material  Material 	{
            diffuseColor 0.0 0.0 0.0
            specularColor 0.0 0.0 0.0
            ambientIntensity 0.0
            transparency 0.0
            shininess 0.5
        }
    }
    geometry IndexedFaceSet {
        ccw TRUE
        solid FALSE
        coord DEF co Coordinate {
            point [
                -0.0526 1.5722 0.3749, -0.0528 1.5761 0.3749, -0.0526 1.5722 0.33, -0.0528 1.5761 0.33, -0.1003 1.5698 0.3749, -0.1006 1.5738 0.3749, -0.1003 1.5698 0.3902, -0.1006 1.5738 0.3902, -0.0526 1.5722 0.3902, -0.0528 1.5761 0.3902, -0.0526 1.5722 0.4329, -0.0528 1.5761 0.4329, -0.1041 1.5696 0.4329, -0.1043 1.5735 0.4329, -0.1041 1.5696 0.4483, -0.1043 1.5735 0.4483, -0.0354 1.5726 0.4483, -0.0355 1.5766 0.4483, -0.0354 1.5726 0.3148, -0.0355 1.5766 0.3148, -0.1071 1.5694 0.3148, -0.1074 1.5733 0.3148, -0.1071 1.5694 0.33, -0.1074 1.5733 0.33, -0.1635 1.5645 0.3987, -0.1639 1.5684 0.3987, -0.1576 1.5651 0.3982, -0.158 1.569 0.3981, -0.1554 1.5653 0.3979, -0.1556 1.5693 0.3979, -0.1486 1.566 0.3958, -0.149 1.5699 0.3959, -0.1444 1.5664 0.3945, -0.1448 1.5703 0.3945, -0.1406 1.5667 0.3922, -0.1409 1.5707 0.3922, -0.1324 1.5675 0.3872, -0.1327 1.5714 0.3872, -0.1827 1.5624 0.3754, -0.1831 1.5663 0.3754, -0.1822 1.5625 0.3816, -0.1826 1.5664 0.3816, -0.182 1.5625 0.3825, -0.1824 1.5664 0.3825, -0.1807 1.5626 0.3876, -0.1812 1.5665 0.3876, -0.1805 1.5627 0.3882, -0.181 1.5666 0.3882, -0.1792 1.5628 0.3907, -0.1797 1.5667 0.3907, -0.1786 1.5629 0.3919, -0.179 1.5668 0.3919, -0.1783 1.5629 0.3923, -0.1768 1.567 0.3943, -0.1764 1.5631 0.3943, -0.177 1.567 0.3942, -0.1787 1.5668 0.3923, -0.1688 1.5679 0.3981, -0.1683 1.564 0.3981, -0.1701 1.5678 0.3979, -0.1696 1.5639 0.3979, -0.1721 1.5676 0.3971, -0.1717 1.5637 0.3971, -0.174 1.5674 0.3964, -0.1734 1.5635 0.3964, -0.1746 1.5673 0.396, -0.1741 1.5634 0.3959, -0.1764 1.5631 0.3943, -0.1546 1.5654 0.3714, -0.155 1.5693 0.3714, -0.1686 1.564 0.3734, -0.1231 1.5682 0.3403, -0.1234 1.5721 0.3403, -0.1241 1.5681 0.3478, -0.1244 1.5721 0.3478, -0.1244 1.5681 0.35, -0.1247 1.572 0.3499, -0.1255 1.568 0.3527, -0.1258 1.572 0.3527, -0.1268 1.5679 0.3559, -0.127 1.5719 0.3558, -0.1274 1.5679 0.3568, -0.1278 1.5718 0.3568, -0.1299 1.5677 0.3603, -0.1302 1.5716 0.3603, -0.1301 1.5677 0.3606, -0.1303 1.5716 0.3605, -0.1335 1.5674 0.3635, -0.1338 1.5713 0.3635, -0.1345 1.5673 0.3644, -0.1348 1.5712 0.3644, -0.1379 1.567 0.3662, -0.1382 1.5709 0.3662, -0.1414 1.5667 0.368, -0.1417 1.5706 0.368, -0.1445 1.5664 0.3688, -0.1448 1.5703 0.3688, -0.1312 1.5676 0.3201, -0.1316 1.5715 0.3201, -0.1294 1.5677 0.322, -0.1295 1.5717 0.3223, -0.1291 1.5677 0.3224, -0.1294 1.5717 0.3224, -0.1266 1.5679 0.326, -0.1269 1.5719 0.326, -0.126 1.568 0.327, -0.1264 1.5719 0.3269, -0.125 1.5681 0.3296, -0.1253 1.572 0.3296, -0.124 1.5681 0.3321, -0.1246 1.572 0.3312, -0.1239 1.5682 0.3337, -0.1243 1.5721 0.3337, -0.1532 1.5656 0.3126, -0.1536 1.5695 0.3126, -0.145 1.5663 0.3134, -0.1454 1.5703 0.3135, -0.1434 1.5665 0.3136, -0.144 1.5704 0.3136, -0.1402 1.5668 0.3148, -0.1406 1.5707 0.3149, -0.1374 1.567 0.3158, -0.1374 1.571 0.316, -0.136 1.5671 0.3168, -0.1363 1.5711 0.3168, -0.1822 1.5625 0.3295, -0.1827 1.5664 0.3295, -0.1811 1.5626 0.3277, -0.1811 1.5666 0.3271, -0.1784 1.5629 0.3245, -0.1789 1.5668 0.3245, -0.1751 1.5633 0.3205, -0.1751 1.5672 0.3202, -0.1747 1.5633 0.3203, -0.175 1.5672 0.3201, -0.1705 1.5638 0.3172, -0.1709 1.5677 0.3172, -0.1692 1.5639 0.3163, -0.1694 1.5679 0.3162, -0.1661 1.5643 0.3151, -0.1665 1.5682 0.3151, -0.1629 1.5646 0.3138, -0.1628 1.5685 0.3137, -0.1608 1.5648 0.3136, -0.1612 1.5687 0.3135, -0.1827 1.5624 0.3295, -0.1831 1.5663 0.3295, -0.1827 1.5624 0.3148, -0.1831 1.5663 0.3148, -0.1992 1.5604 0.3148, -0.1997 1.5643 0.3148, -0.1992 1.5604 0.3761, -0.1997 1.5643 0.3761, -0.1745 1.5633 0.4112, -0.165 1.5644 0.4123, -0.1654 1.5683 0.4123, -0.1714 1.5676 0.4119, -0.1749 1.5672 0.4111, -0.1767 1.5631 0.411, -0.1803 1.5627 0.4097, -0.1922 1.5652 0.4019, -0.1917 1.5614 0.4021, -0.1915 1.5653 0.4029, -0.1886 1.5617 0.4052, -0.189 1.5656 0.405, -0.1885 1.5617 0.4054, -0.1868 1.5659 0.4069, -0.1848 1.5622 0.4077, -0.1853 1.5661 0.4077, -0.1833 1.5624 0.4086, -0.181 1.5666 0.4097, -0.1808 1.5666 0.4098, -0.1985 1.5644 0.3867, -0.198 1.5605 0.3867, -0.1982 1.5645 0.3896, -0.1977 1.5606 0.3897, -0.1968 1.5647 0.3933, -0.1964 1.5608 0.3933, -0.195 1.5649 0.398, -0.1951 1.5609 0.397, -0.1948 1.5649 0.3982, -0.1943 1.561 0.3982, -0.1918 1.5613 0.402, -0.1324 1.5675 0.4034, -0.1327 1.5714 0.4034, -0.1347 1.5673 0.4048, -0.135 1.5712 0.4047, -0.1414 1.5667 0.4075, -0.1418 1.5706 0.4075, -0.1476 1.5661 0.41, -0.148 1.57 0.41, -0.1517 1.5657 0.4105, -0.152 1.5696 0.4105, -0.1505 1.5698 0.357, -0.1517 1.5697 0.3573, -0.1478 1.57 0.3556, -0.1609 1.5688 0.3596, -0.172 1.5676 0.3611, -0.1831 1.5663 0.3626, -0.1738 1.5674 0.332, -0.1736 1.5674 0.3318, -0.1703 1.5678 0.3295, -0.1429 1.5705 0.3334, -0.1445 1.5703 0.3313, -0.1446 1.5703 0.3311, -0.1452 1.5703 0.3306, -0.148 1.57 0.3288, -0.149 1.5699 0.3282, -0.1511 1.5697 0.3275, -0.1533 1.5695 0.3268, -0.1547 1.5694 0.3266, -0.1579 1.5691 0.3263, -0.1634 1.5685 0.327, -0.1648 1.5683 0.3271, -0.1671 1.5681 0.328, -0.1694 1.5679 0.3289, -0.1416 1.5706 0.336, -0.1423 1.5705 0.3343, -0.1418 1.5706 0.3488, -0.1411 1.5707 0.3469, -0.1409 1.5707 0.3458, -0.1403 1.5707 0.3417, -0.1408 1.5707 0.3386, -0.1409 1.5707 0.3377, -0.143 1.5705 0.3514, -0.1425 1.5705 0.3506, -0.146 1.5702 0.3547, -0.1447 1.5703 0.3538, -0.145 1.5703 0.354, -0.1831 1.5663 0.3535, -0.1823 1.5664 0.3466, -0.1821 1.5664 0.3451, -0.181 1.5666 0.3423, -0.18 1.5667 0.3398, -0.1792 1.5668 0.3386, -0.176 1.5671 0.334, -0.1448 1.5664 0.3306, -0.1443 1.5664 0.3311, -0.1441 1.5664 0.3312, -0.1426 1.5666 0.3334, -0.1419 1.5666 0.3343, -0.1413 1.5667 0.336, -0.1406 1.5667 0.3376, -0.1404 1.5668 0.3386, -0.14 1.5668 0.3417, -0.1575 1.5651 0.3263, -0.1543 1.5655 0.3266, -0.1529 1.5656 0.3268, -0.1507 1.5658 0.3275, -0.1486 1.566 0.3282, -0.1476 1.5661 0.3288, -0.1755 1.5632 0.334, -0.1734 1.5635 0.332, -0.1731 1.5635 0.3318, -0.1699 1.5638 0.3295, -0.169 1.5639 0.3289, -0.1666 1.5642 0.328, -0.1646 1.5644 0.3272, -0.163 1.5646 0.327, -0.1827 1.5624 0.3535, -0.1818 1.5625 0.3466, -0.1816 1.5625 0.3451, -0.1806 1.5626 0.3423, -0.1796 1.5628 0.3399, -0.1787 1.5629 0.3386, -0.1827 1.5624 0.3626, -0.1605 1.5648 0.3596, -0.1444 1.5664 0.3538, -0.1447 1.5664 0.354, -0.1456 1.5663 0.3547, -0.1474 1.5661 0.3556, -0.1501 1.5659 0.357, -0.1513 1.5657 0.3573, -0.1406 1.5667 0.3458, -0.1407 1.5667 0.3469, -0.1414 1.5667 0.3488, -0.1421 1.5666 0.3506, -0.1427 1.5666 0.3514
            ]
        }
        coordIndex [
            0,1,2,-1,2,1,3,-1,4,5,0,-1,0,5,1,-1,6,7,4,-1,4,7,5,-1,8,9,6,-1,6,9,7,-1,10,11,8,-1,8,11,9,-1,12,13,10,-1,10,13,11,-1,14,15,12,-1,12,15,13,-1,16,17,14,-1,14,17,15,-1,18,19,16,-1,16,19,17,-1,20,21,18,-1,18,21,19,-1,22,23,20,-1,20,23,21,-1,3,23,2,-1,2,23,22,-1,19,21,23,-1,23,3,19,-1,19,3,1,-1,19,1,17,-1,13,15,11,-1,11,15,17,-1,11,17,9,-1,9,17,1,-1,9,1,7,-1,7,1,5,-1,24,25,26,-1,26,25,27,-1,26,27,28,-1,28,27,29,-1,28,29,30,-1,30,29,31,-1,30,31,32,-1,32,31,33,-1,32,33,34,-1,34,33,35,-1,34,35,36,-1,36,35,37,-1,38,39,40,-1,40,39,41,-1,40,41,42,-1,42,41,43,-1,42,43,44,-1,44,43,45,-1,44,45,46,-1,46,45,47,-1,46,47,48,-1,48,47,49,-1,48,49,50,-1,50,49,51,-1,50,51,52,-1,53,54,55,-1,55,54,52,-1,55,52,56,-1,56,52,51,-1,25,24,57,-1,57,24,58,-1,57,58,59,-1,59,58,60,-1,59,60,61,-1,61,60,62,-1,61,62,63,-1,63,62,64,-1,63,64,65,-1,65,64,66,-1,65,66,53,-1,53,66,67,-1,53,67,54,-1,68,69,70,-1,70,69,39,-1,70,39,38,-1,71,72,73,-1,73,72,74,-1,73,74,75,-1,75,74,76,-1,75,76,77,-1,77,76,78,-1,77,78,79,-1,79,78,80,-1,79,80,81,-1,81,80,82,-1,81,82,83,-1,83,82,84,-1,83,84,85,-1,85,84,86,-1,85,86,87,-1,87,86,88,-1,87,88,89,-1,89,88,90,-1,89,90,91,-1,91,90,92,-1,91,92,93,-1,93,92,94,-1,93,94,95,-1,95,94,96,-1,95,96,68,-1,68,96,69,-1,97,98,99,-1,99,98,100,-1,99,100,101,-1,101,100,102,-1,101,102,103,-1,103,102,104,-1,103,104,105,-1,105,104,106,-1,105,106,107,-1,107,106,108,-1,107,108,109,-1,109,108,110,-1,109,110,111,-1,111,110,112,-1,111,112,71,-1,71,112,72,-1,113,114,115,-1,115,114,116,-1,115,116,117,-1,117,116,118,-1,117,118,119,-1,119,118,120,-1,119,120,121,-1,121,120,122,-1,121,122,123,-1,123,122,124,-1,123,124,97,-1,97,124,98,-1,125,126,127,-1,127,126,128,-1,127,128,129,-1,129,128,130,-1,129,130,131,-1,131,130,132,-1,131,132,133,-1,133,132,134,-1,133,134,135,-1,135,134,136,-1,135,136,137,-1,137,136,138,-1,137,138,139,-1,139,138,140,-1,139,140,141,-1,141,140,142,-1,141,142,143,-1,143,142,144,-1,143,144,113,-1,113,144,114,-1,145,146,125,-1,125,146,126,-1,147,148,145,-1,145,148,146,-1,149,150,147,-1,147,150,148,-1,151,152,149,-1,149,152,150,-1,153,154,155,-1,155,156,153,-1,153,156,157,-1,153,157,158,-1,158,157,159,-1,160,161,162,-1,162,161,163,-1,162,163,164,-1,164,163,165,-1,164,165,166,-1,166,165,167,-1,166,167,168,-1,168,167,169,-1,168,169,170,-1,170,169,159,-1,170,159,171,-1,171,159,157,-1,152,151,172,-1,172,151,173,-1,172,173,174,-1,174,173,175,-1,174,175,176,-1,176,175,177,-1,176,177,178,-1,178,177,179,-1,178,179,180,-1,180,179,181,-1,180,181,160,-1,160,181,182,-1,160,182,161,-1,183,184,185,-1,185,184,186,-1,185,186,187,-1,187,186,188,-1,187,188,189,-1,189,188,190,-1,189,190,191,-1,191,190,192,-1,191,192,154,-1,154,192,155,-1,37,184,36,-1,36,184,183,-1,184,37,35,-1,184,35,186,-1,186,35,33,-1,186,33,188,-1,188,33,190,-1,190,33,31,-1,190,31,192,-1,31,29,192,-1,192,29,27,-1,192,27,155,-1,155,27,25,-1,155,25,156,-1,156,25,57,-1,156,57,157,-1,57,59,157,-1,157,59,61,-1,157,61,171,-1,171,61,63,-1,171,63,170,-1,170,63,168,-1,63,65,168,-1,168,65,53,-1,168,53,166,-1,166,53,55,-1,166,55,164,-1,164,55,56,-1,164,56,162,-1,162,56,51,-1,41,172,43,-1,43,172,174,-1,43,174,45,-1,45,174,176,-1,45,176,47,-1,47,176,178,-1,47,178,49,-1,49,178,180,-1,49,180,51,-1,51,180,160,-1,51,160,162,-1,193,194,39,-1,193,39,195,-1,194,196,39,-1,39,196,197,-1,39,197,198,-1,126,199,128,-1,128,199,200,-1,128,200,130,-1,130,200,201,-1,202,100,203,-1,203,100,98,-1,203,98,204,-1,204,98,124,-1,204,124,205,-1,205,124,122,-1,205,122,206,-1,206,122,120,-1,206,120,207,-1,207,120,118,-1,207,118,208,-1,208,118,116,-1,208,116,209,-1,209,116,114,-1,209,114,210,-1,210,114,144,-1,210,144,211,-1,211,144,142,-1,211,142,212,-1,212,142,140,-1,212,140,213,-1,213,140,138,-1,213,138,214,-1,214,138,136,-1,214,136,215,-1,215,136,134,-1,215,134,201,-1,201,134,132,-1,201,132,130,-1,216,106,217,-1,217,106,104,-1,217,104,202,-1,202,104,102,-1,202,102,100,-1,218,78,219,-1,219,78,76,-1,219,76,220,-1,220,76,74,-1,220,74,221,-1,221,74,72,-1,221,72,222,-1,222,72,112,-1,222,112,223,-1,223,112,110,-1,223,110,216,-1,216,110,108,-1,216,108,106,-1,90,88,224,-1,88,86,224,-1,224,86,84,-1,224,84,225,-1,225,84,82,-1,225,82,218,-1,218,82,80,-1,218,80,78,-1,195,39,226,-1,226,39,69,-1,226,69,96,-1,224,227,90,-1,90,227,228,-1,90,228,92,-1,92,228,226,-1,92,226,94,-1,94,226,96,-1,41,39,172,-1,172,39,198,-1,172,198,152,-1,152,198,229,-1,152,229,230,-1,146,231,232,-1,232,233,146,-1,146,233,234,-1,146,234,126,-1,126,234,235,-1,126,235,199,-1,148,150,146,-1,146,150,152,-1,146,152,231,-1,231,152,230,-1,205,236,204,-1,204,236,237,-1,204,237,203,-1,203,237,238,-1,203,238,202,-1,202,238,239,-1,202,239,217,-1,217,239,240,-1,217,240,216,-1,216,240,241,-1,216,241,223,-1,223,241,242,-1,223,242,222,-1,222,242,243,-1,222,243,221,-1,221,243,244,-1,211,245,210,-1,210,245,246,-1,210,246,209,-1,209,246,247,-1,209,247,208,-1,208,247,248,-1,208,248,207,-1,207,248,249,-1,207,249,206,-1,206,249,250,-1,206,250,205,-1,205,250,236,-1,235,251,199,-1,199,251,252,-1,199,252,200,-1,200,252,253,-1,200,253,201,-1,201,253,254,-1,201,254,215,-1,215,254,255,-1,215,255,214,-1,214,255,256,-1,214,256,213,-1,213,256,257,-1,213,257,212,-1,212,257,258,-1,212,258,211,-1,211,258,245,-1,229,259,230,-1,230,259,260,-1,230,260,231,-1,231,260,261,-1,231,261,232,-1,232,261,262,-1,232,262,233,-1,233,262,263,-1,233,263,234,-1,234,263,264,-1,234,264,235,-1,235,264,251,-1,198,265,229,-1,229,265,259,-1,265,198,266,-1,266,198,197,-1,266,197,196,-1,227,267,228,-1,228,267,268,-1,228,268,226,-1,226,268,269,-1,226,269,195,-1,195,269,270,-1,195,270,193,-1,193,270,271,-1,193,271,194,-1,194,271,272,-1,194,272,196,-1,196,272,266,-1,221,244,220,-1,220,244,273,-1,220,273,219,-1,219,273,274,-1,219,274,218,-1,218,274,275,-1,218,275,225,-1,225,275,276,-1,225,276,224,-1,224,276,277,-1,224,277,227,-1,227,277,267,-1,
        ]
    }
}
Shape{
    appearance Appearance {
        material  Material 	{
            diffuseColor 1.0 1.0 1.0
            specularColor 0.5019607843137255 0.5019607843137255 0.5019607843137255
            ambientIntensity 1.0
            transparency 0.0
            shininess 0.5
        }
    }
    geometry IndexedFaceSet {
        ccw TRUE
        solid FALSE
        coord DEF co Coordinate {
            point [
                -0.1474 1.5661 0.3556, -0.1443 1.5664 0.3311, -0.1501 1.5659 0.357, -0.1513 1.5657 0.3573, -0.1456 1.5663 0.3547, -0.1447 1.5664 0.354, -0.1444 1.5664 0.3538, -0.1427 1.5666 0.3514, -0.1421 1.5666 0.3506, -0.1414 1.5667 0.3488, -0.1404 1.5668 0.3386, -0.1406 1.5667 0.3376, -0.1413 1.5667 0.336, -0.1406 1.5667 0.3458, -0.14 1.5668 0.3417, -0.1419 1.5666 0.3343, -0.1426 1.5666 0.3334, -0.1407 1.5667 0.3469, -0.1441 1.5664 0.3312, -0.1448 1.5664 0.3306, -0.1827 1.5624 0.3626, -0.1605 1.5648 0.3596, -0.1476 1.5661 0.3288, -0.1486 1.566 0.3282, -0.1507 1.5658 0.3275, -0.163 1.5646 0.327, -0.1646 1.5644 0.3272, -0.1664 1.5642 0.3283, -0.1666 1.5642 0.328, -0.169 1.5639 0.3289, -0.1699 1.5638 0.3295, -0.1731 1.5635 0.3318, -0.1787 1.5629 0.3386, -0.1734 1.5635 0.332, -0.1755 1.5632 0.334, -0.1796 1.5628 0.3399, -0.1806 1.5626 0.3423, -0.1543 1.5655 0.3266, -0.1575 1.5651 0.3263, -0.1818 1.5625 0.3466, -0.1816 1.5625 0.3451, -0.1529 1.5656 0.3268, -0.1827 1.5624 0.3535
            ]
        }
        coordIndex [
            0,1,2,-1,2,1,3,-1,0,4,1,-1,1,4,5,-1,1,5,6,-1,6,7,1,-1,1,7,8,-1,1,8,9,-1,10,11,12,-1,13,14,10,-1,10,12,13,-1,13,12,15,-1,13,15,16,-1,9,17,1,-1,1,17,13,-1,1,13,18,-1,18,13,16,-1,19,20,1,-1,1,20,21,-1,1,21,3,-1,19,22,20,-1,20,22,23,-1,20,23,24,-1,25,26,27,-1,27,26,28,-1,27,28,29,-1,30,31,32,-1,32,31,33,-1,32,33,34,-1,29,30,27,-1,27,30,32,-1,27,32,25,-1,25,32,35,-1,25,35,36,-1,37,38,39,-1,39,38,25,-1,39,25,40,-1,40,25,36,-1,24,41,20,-1,20,41,37,-1,20,37,42,-1,42,37,39,-1,
        ]
    }
}
Shape{
    appearance Appearance {
        material  Material 	{
            diffuseColor 0.0 0.0 0.0
            specularColor 0.0 0.0 0.0
            ambientIntensity 0.0
            transparency 0.0
            shininess 0.5
        }
    }
    geometry IndexedFaceSet {
        ccw TRUE
        solid FALSE
        coord DEF co Coordinate {
            point [
                -0.2473 1.5535 0.3126, -0.2479 1.5574 0.3126, -0.2402 1.5546 0.3133, -0.2408 1.5585 0.3133, -0.2337 1.5556 0.314, -0.2349 1.5594 0.3139, -0.2301 1.5561 0.3153, -0.2307 1.56 0.3153, -0.2217 1.5574 0.3181, -0.2222 1.5612 0.3181, -0.2746 1.5489 0.3201, -0.2753 1.5528 0.3201, -0.2722 1.5493 0.3186, -0.2729 1.5532 0.3186, -0.2716 1.5494 0.3183, -0.2724 1.5533 0.3183, -0.2656 1.5505 0.3159, -0.2663 1.5543 0.3158, -0.2624 1.551 0.3145, -0.2632 1.5549 0.3146, -0.2574 1.5518 0.3139, -0.2581 1.5557 0.3139, -0.285 1.547 0.3393, -0.2852 1.547 0.3407, -0.2859 1.5509 0.3407, -0.2849 1.551 0.3339, -0.2845 1.5471 0.3342, -0.2854 1.551 0.3353, -0.2858 1.5509 0.3392, -0.2794 1.5521 0.324, -0.2787 1.5482 0.3239, -0.2809 1.5518 0.3254, -0.2798 1.548 0.3249, -0.2819 1.5516 0.327, -0.2813 1.5477 0.327, -0.2837 1.5513 0.3299, -0.2826 1.5475 0.3291, -0.2838 1.5513 0.3302, -0.283 1.5474 0.3302, -0.2843 1.5472 0.3339, -0.2797 1.548 0.3565, -0.2804 1.5519 0.3565, -0.2812 1.5477 0.3543, -0.2819 1.5516 0.3543, -0.2822 1.5475 0.3528, -0.2827 1.5514 0.3531, -0.2832 1.5474 0.3502, -0.2839 1.5512 0.3502, -0.2843 1.5472 0.3475, -0.285 1.551 0.3475, -0.2845 1.5471 0.346, -0.2852 1.551 0.346, -0.2585 1.5517 0.3688, -0.2591 1.5556 0.3688, -0.2632 1.5509 0.3669, -0.2606 1.5553 0.3683, -0.2678 1.5501 0.3644, -0.2684 1.554 0.3643, -0.2745 1.5489 0.3608, -0.2752 1.5528 0.3608, -0.2759 1.5487 0.3597, -0.2766 1.5525 0.3597, -0.2495 1.5571 0.3735, -0.2487 1.5533 0.3732, -0.2448 1.5579 0.3758, -0.2424 1.5543 0.377, -0.243 1.5581 0.377, -0.2388 1.5548 0.3859, -0.2394 1.5587 0.3859, -0.2389 1.5548 0.3855, -0.2395 1.5587 0.3855, -0.2393 1.5547 0.3829, -0.2399 1.5586 0.3829, -0.2395 1.5547 0.3821, -0.2401 1.5586 0.3821, -0.24 1.5546 0.3807, -0.2406 1.5585 0.3807, -0.2407 1.5545 0.3793, -0.2413 1.5584 0.3793, -0.2411 1.5545 0.3787, -0.2417 1.5584 0.3787, -0.2439 1.554 0.3952, -0.2445 1.5579 0.3952, -0.2433 1.5541 0.3947, -0.2439 1.558 0.3947, -0.2414 1.5544 0.393, -0.242 1.5583 0.3929, -0.2413 1.5544 0.3928, -0.2419 1.5583 0.3928, -0.2404 1.5546 0.3915, -0.241 1.5585 0.3915, -0.2401 1.5546 0.3912, -0.2407 1.5585 0.3912, -0.2397 1.5547 0.3902, -0.2403 1.5586 0.3902, -0.2393 1.5547 0.3892, -0.24 1.5586 0.3895, -0.2392 1.5548 0.3885, -0.2399 1.5586 0.3885, -0.2569 1.5519 0.3987, -0.2575 1.5558 0.3987, -0.2555 1.5522 0.3986, -0.2561 1.5561 0.3987, -0.2536 1.5525 0.3985, -0.2552 1.5562 0.3986, -0.2509 1.5529 0.3979, -0.2515 1.5568 0.3979, -0.2483 1.5533 0.3973, -0.249 1.5572 0.3973, -0.2472 1.5535 0.3968, -0.2478 1.5574 0.3968, -0.2807 1.5478 0.3918, -0.2814 1.5517 0.3918, -0.2788 1.5482 0.393, -0.2799 1.552 0.3928, -0.2732 1.5491 0.3953, -0.2739 1.553 0.3953, -0.269 1.5499 0.397, -0.2697 1.5538 0.397, -0.2656 1.5505 0.3975, -0.2663 1.5543 0.3975, -0.2807 1.5478 0.4081, -0.2814 1.5517 0.4081, -0.2585 1.5517 0.4123, -0.2591 1.5556 0.4123, -0.2602 1.5514 0.4121, -0.2609 1.5553 0.4122, -0.27 1.5497 0.4112, -0.2671 1.5542 0.4117, -0.2723 1.5533 0.4104, -0.2717 1.5494 0.4107, -0.2324 1.5558 0.4047, -0.233 1.5597 0.4047, -0.2344 1.5555 0.406, -0.235 1.5594 0.406, -0.2355 1.5553 0.4066, -0.2354 1.5593 0.4063, -0.2411 1.5545 0.4089, -0.2418 1.5583 0.4089, -0.2448 1.5539 0.4104, -0.2454 1.5578 0.4104, -0.249 1.5532 0.411, -0.2496 1.5571 0.411, -0.2219 1.5573 0.3853, -0.2218 1.5573 0.3844, -0.2223 1.5612 0.3844, -0.2232 1.5611 0.3906, -0.2225 1.5572 0.3903, -0.2228 1.5612 0.3891, -0.2224 1.5612 0.3853, -0.2288 1.5603 0.4007, -0.2281 1.5564 0.4007, -0.2271 1.5606 0.3991, -0.227 1.5566 0.3997, -0.2262 1.5607 0.3975, -0.2256 1.5568 0.3976, -0.2244 1.5609 0.3945, -0.2242 1.557 0.3954, -0.2244 1.5609 0.3944, -0.2239 1.557 0.3944, -0.2226 1.5572 0.3906, -0.2265 1.5567 0.3693, -0.2271 1.5606 0.3693, -0.2256 1.5568 0.3707, -0.2262 1.5607 0.3707, -0.2249 1.5569 0.3719, -0.2256 1.5608 0.3716, -0.2239 1.557 0.3746, -0.2244 1.5609 0.3746, -0.2228 1.5572 0.3773, -0.2233 1.5611 0.3773, -0.2225 1.5572 0.3789, -0.2231 1.5611 0.3789, -0.2468 1.5536 0.3567, -0.2474 1.5575 0.3567, -0.2406 1.5545 0.3595, -0.2415 1.5584 0.3593, -0.2351 1.5554 0.3628, -0.2357 1.5593 0.3628, -0.2302 1.5561 0.3658, -0.2307 1.56 0.3658, -0.2292 1.5563 0.3667, -0.2298 1.5602 0.3667, -0.2577 1.5558 0.3519, -0.2572 1.5519 0.3523, -0.2631 1.5549 0.3493, -0.2641 1.5507 0.3482, -0.2648 1.5546 0.3482, -0.2683 1.55 0.3391, -0.269 1.5539 0.3391, -0.2682 1.55 0.3409, -0.2688 1.5539 0.3409, -0.2681 1.55 0.3412, -0.2688 1.5539 0.3412, -0.2677 1.5501 0.343, -0.2683 1.554 0.343, -0.2676 1.5501 0.3435, -0.2682 1.554 0.3436, -0.2671 1.5502 0.3444, -0.2677 1.5541 0.3444, -0.2665 1.5503 0.3454, -0.2671 1.5542 0.3455, -0.2662 1.5504 0.3458, -0.2668 1.5543 0.3458, -0.2489 1.5532 0.3262, -0.2495 1.5571 0.3262, -0.2525 1.5526 0.3265, -0.2532 1.5565 0.3264, -0.2562 1.5521 0.3268, -0.2549 1.5563 0.3265, -0.2585 1.5517 0.3274, -0.2617 1.5511 0.3285, -0.2616 1.5512 0.3284, -0.2622 1.555 0.3285, -0.2611 1.5512 0.3282, -0.2609 1.5553 0.3278, -0.2591 1.5556 0.3275, -0.2659 1.5544 0.331, -0.2652 1.5505 0.331, -0.2659 1.5544 0.3309, -0.2639 1.5508 0.3298, -0.2646 1.5546 0.3299, -0.2638 1.5508 0.3297, -0.2638 1.5548 0.3293, -0.2624 1.555 0.3286, -0.2685 1.554 0.3363, -0.2679 1.5501 0.3363, -0.2684 1.554 0.3355, -0.2677 1.5501 0.3355, -0.2679 1.5541 0.3342, -0.2672 1.5502 0.3342, -0.2674 1.5542 0.333, -0.2667 1.5503 0.333, -0.2671 1.5542 0.3326, -0.2664 1.5503 0.3326, -0.2657 1.5505 0.3315, -0.2217 1.5574 0.3354, -0.2222 1.5612 0.3354, -0.2239 1.557 0.334, -0.2245 1.5609 0.334, -0.2263 1.5567 0.3325, -0.2267 1.5606 0.3326, -0.2321 1.5558 0.3301, -0.2326 1.5597 0.3301, -0.2373 1.5551 0.3279, -0.2378 1.559 0.3279, -0.2404 1.5546 0.3274, -0.241 1.5585 0.3274, -0.3389 1.5361 0.3306, -0.3398 1.54 0.3306, -0.3409 1.5357 0.3383, -0.3418 1.5395 0.3383, -0.3385 1.5362 0.3306, -0.3393 1.5401 0.3306, -0.3365 1.5367 0.3385, -0.3373 1.5405 0.3385, -0.3379 1.5364 0.333, -0.3121 1.5418 0.4101, -0.3129 1.5457 0.4101, -0.3243 1.5393 0.3743, -0.2938 1.5454 0.4101, -0.2945 1.5493 0.4101, -0.3304 1.538 0.315, -0.3312 1.5418 0.315, -0.3121 1.5418 0.3626, -0.3232 1.5395 0.2977, -0.324 1.5434 0.2977, -0.3268 1.5387 0.3063, -0.3065 1.5429 0.2842, -0.3072 1.5468 0.2842, -0.3083 1.5426 0.2845, -0.3091 1.5464 0.2845, -0.3103 1.5422 0.2848, -0.3114 1.546 0.2848, -0.3114 1.5419 0.2851, -0.3121 1.5458 0.2851, -0.314 1.5414 0.2861, -0.3148 1.5453 0.2861, -0.314 1.5414 0.2861, -0.3149 1.5453 0.2862, -0.3161 1.541 0.2875, -0.3169 1.5448 0.2876, -0.3168 1.5408 0.288, -0.3177 1.5447 0.2881, -0.3183 1.5405 0.2897, -0.3191 1.5444 0.2897, -0.3198 1.5402 0.2913, -0.3203 1.5441 0.291, -0.3204 1.5401 0.2925, -0.3212 1.544 0.2926, -0.2972 1.5447 0.2862, -0.2979 1.5486 0.2862, -0.2993 1.5443 0.2854, -0.3 1.5482 0.2854, -0.3018 1.5438 0.285, -0.3026 1.5477 0.285, -0.2972 1.5447 0.2713, -0.2979 1.5486 0.2713, -0.3077 1.5427 0.2699, -0.3085 1.5465 0.2699, -0.3022 1.5438 0.2703, -0.3399 1.5359 0.2978, -0.341 1.5357 0.3004, -0.3419 1.5395 0.3004, -0.3379 1.5364 0.294, -0.338 1.5404 0.2927, -0.3371 1.5365 0.2927, -0.3321 1.5376 0.2835, -0.3346 1.5411 0.2859, -0.3324 1.5416 0.2833, -0.3141 1.5454 0.2708, -0.3133 1.5416 0.2708, -0.3163 1.545 0.2711, -0.3155 1.5411 0.2711, -0.3189 1.5444 0.2722, -0.3181 1.5406 0.2722, -0.3225 1.5437 0.2738, -0.3217 1.5398 0.2738, -0.3236 1.5434 0.2746, -0.3228 1.5396 0.2746, -0.3281 1.5425 0.278, -0.3272 1.5387 0.278, -0.3283 1.5425 0.2782, -0.3275 1.5386 0.2782, -0.3318 1.5377 0.2831, -0.3831 1.5257 0.4101, -0.3841 1.5295 0.4101, -0.3621 1.5308 0.3553, -0.3663 1.5298 0.4101, -0.3672 1.5337 0.4101, -0.3536 1.5328 0.3742, -0.4172 1.5168 0.3749, -0.4182 1.5206 0.3749, -0.4172 1.5168 0.33, -0.4182 1.5206 0.33, -0.463 1.5034 0.3749, -0.4642 1.5072 0.3749, -0.463 1.5034 0.3902, -0.4642 1.5072 0.3902, -0.4172 1.5168 0.3902, -0.4182 1.5206 0.3902, -0.4172 1.5168 0.4329, -0.4182 1.5206 0.4329, -0.4666 1.5023 0.4329, -0.4678 1.5061 0.4329, -0.4666 1.5023 0.4483, -0.4678 1.5061 0.4483, -0.4006 1.5212 0.4483, -0.4016 1.525 0.4483, -0.4006 1.5212 0.3148, -0.4016 1.525 0.3148, -0.4695 1.5014 0.3148, -0.4707 1.5052 0.3148, -0.4695 1.5014 0.33, -0.4707 1.5052 0.33, -0.5309 1.485 0.4483, -0.5295 1.4813 0.4483, -0.4948 1.4974 0.4483, -0.4935 1.4937 0.4483, -0.5432 1.4764 0.4467, -0.5445 1.4801 0.4467, -0.5476 1.4747 0.4461, -0.549 1.4784 0.4461, -0.5553 1.4719 0.4432, -0.5568 1.4755 0.4432, -0.5782 1.4673 0.4306, -0.5768 1.4636 0.4306, -0.568 1.4712 0.4379, -0.5666 1.4676 0.4379, -0.5647 1.4725 0.4402, -0.5633 1.4689 0.4402, -0.5554 1.4718 0.4432, -0.5829 1.4654 0.4255, -0.5814 1.4618 0.4255, -0.5828 1.4655 0.4257, -0.5969 1.4598 0.3832, -0.5954 1.4561 0.3832, -0.5951 1.4605 0.3987, -0.5938 1.4568 0.3987, -0.5946 1.4607 0.4028, -0.5935 1.4569 0.401, -0.5924 1.4616 0.4084, -0.591 1.4579 0.4085, -0.5899 1.4626 0.415, -0.5893 1.4586 0.4134, -0.5886 1.4631 0.417, -0.587 1.4595 0.417, -0.5817 1.4617 0.4252, -0.5951 1.4563 0.3755, -0.5967 1.4599 0.377, -0.5949 1.4564 0.374, -0.5962 1.4601 0.374, -0.5928 1.4572 0.3624, -0.5942 1.4609 0.3625, -0.5925 1.4573 0.3605, -0.5936 1.4611 0.3593, -0.5891 1.4587 0.3524, -0.5906 1.4623 0.3523, -0.5866 1.4597 0.3464, -0.588 1.4634 0.3463, -0.5843 1.4606 0.3434, -0.5858 1.4643 0.3434, -0.5768 1.4636 0.3335, -0.5782 1.4673 0.3335, -0.5499 1.4781 0.3173, -0.5553 1.4719 0.32, -0.558 1.4751 0.3206, -0.5566 1.4714 0.3205, -0.5649 1.4725 0.3234, -0.5624 1.4692 0.3228, -0.5679 1.4713 0.3256, -0.5664 1.4676 0.3257, -0.5753 1.4642 0.3321, -0.5296 1.4855 0.3148, -0.5282 1.4818 0.3148, -0.5472 1.4791 0.317, -0.5458 1.4754 0.3169, -0.5484 1.4745 0.3173, -0.4948 1.4974 0.3148, -0.4935 1.4937 0.3148, -0.5658 1.4721 0.343, -0.565 1.4724 0.3423, -0.5591 1.4746 0.338, -0.5561 1.4758 0.3359, -0.5521 1.4773 0.3344, -0.546 1.4795 0.332, -0.5442 1.4802 0.3318, -0.5295 1.4855 0.33, -0.5111 1.4919 0.33, -0.5111 1.4919 0.4329, -0.5302 1.4853 0.4329, -0.5428 1.4807 0.4316, -0.5452 1.4798 0.4313, -0.5508 1.4778 0.4293, -0.556 1.4758 0.4274, -0.5592 1.4746 0.4253, -0.5664 1.4719 0.4203, -0.5696 1.4706 0.4169, -0.5702 1.4704 0.4162, -0.5736 1.4691 0.4107, -0.5752 1.4685 0.4082, -0.5765 1.4679 0.4043, -0.5784 1.4672 0.3989, -0.5786 1.4671 0.3969, -0.5801 1.4665 0.3828, -0.58 1.4666 0.379, -0.5799 1.4666 0.3781, -0.5781 1.4673 0.366, -0.5777 1.4675 0.3636, -0.5757 1.4683 0.3587, -0.5736 1.4691 0.3533, -0.5717 1.4698 0.3508, -0.5668 1.4717 0.3439, -0.5282 1.4818 0.33, -0.5099 1.4882 0.33, -0.5654 1.4681 0.3439, -0.5647 1.4683 0.3433, -0.5643 1.4684 0.343, -0.5577 1.471 0.338, -0.5428 1.4765 0.3318, -0.5447 1.4758 0.332, -0.5507 1.4736 0.3344, -0.5557 1.4717 0.3364, -0.5786 1.4629 0.3828, -0.5785 1.4629 0.3787, -0.5784 1.463 0.3781, -0.5766 1.4637 0.366, -0.5762 1.4638 0.3634, -0.5743 1.4646 0.3587, -0.5721 1.4654 0.3533, -0.5703 1.4661 0.3508, -0.565 1.4682 0.4204, -0.5682 1.467 0.4169, -0.5685 1.4669 0.4166, -0.5722 1.4654 0.4107, -0.5771 1.4635 0.3969, -0.5769 1.4635 0.3989, -0.5751 1.4643 0.4043, -0.5738 1.4648 0.408, -0.5289 1.4816 0.4329, -0.5414 1.477 0.4316, -0.5436 1.4762 0.4313, -0.5494 1.4741 0.4293, -0.5547 1.4721 0.4274, -0.5578 1.4709 0.4253, -0.5099 1.4882 0.4329
            ]
        }
        coordIndex [
            0,1,2,-1,2,1,3,-1,2,3,4,-1,4,3,5,-1,4,5,6,-1,6,5,7,-1,6,7,8,-1,8,7,9,-1,10,11,12,-1,12,11,13,-1,12,13,14,-1,14,13,15,-1,14,15,16,-1,16,15,17,-1,16,17,18,-1,18,17,19,-1,18,19,20,-1,20,19,21,-1,20,21,0,-1,0,21,1,-1,22,23,24,-1,25,26,27,-1,27,26,22,-1,27,22,28,-1,28,22,24,-1,11,10,29,-1,29,10,30,-1,29,30,31,-1,31,30,32,-1,31,32,33,-1,33,32,34,-1,33,34,35,-1,35,34,36,-1,35,36,37,-1,37,36,38,-1,37,38,25,-1,25,38,39,-1,25,39,26,-1,40,41,42,-1,42,41,43,-1,42,43,44,-1,44,43,45,-1,44,45,46,-1,46,45,47,-1,46,47,48,-1,48,47,49,-1,48,49,50,-1,50,49,51,-1,50,51,23,-1,23,51,24,-1,52,53,54,-1,54,53,55,-1,54,55,56,-1,56,55,57,-1,56,57,58,-1,58,57,59,-1,58,59,60,-1,60,59,61,-1,60,61,40,-1,40,61,41,-1,53,52,62,-1,62,52,63,-1,62,63,64,-1,64,63,65,-1,64,65,66,-1,67,68,69,-1,69,68,70,-1,69,70,71,-1,71,70,72,-1,71,72,73,-1,73,72,74,-1,73,74,75,-1,75,74,76,-1,75,76,77,-1,77,76,78,-1,77,78,79,-1,79,78,80,-1,79,80,65,-1,65,80,66,-1,81,82,83,-1,83,82,84,-1,83,84,85,-1,85,84,86,-1,85,86,87,-1,87,86,88,-1,87,88,89,-1,89,88,90,-1,89,90,91,-1,91,90,92,-1,91,92,93,-1,93,92,94,-1,93,94,95,-1,95,94,96,-1,95,96,97,-1,97,96,98,-1,97,98,67,-1,67,98,68,-1,99,100,101,-1,101,100,102,-1,101,102,103,-1,103,102,104,-1,103,104,105,-1,105,104,106,-1,105,106,107,-1,107,106,108,-1,107,108,109,-1,109,108,110,-1,109,110,81,-1,81,110,82,-1,111,112,113,-1,113,112,114,-1,113,114,115,-1,115,114,116,-1,115,116,117,-1,117,116,118,-1,117,118,119,-1,119,118,120,-1,119,120,99,-1,99,120,100,-1,121,122,111,-1,111,122,112,-1,123,124,125,-1,125,124,126,-1,125,126,127,-1,127,126,128,-1,127,128,129,-1,122,121,129,-1,129,121,130,-1,129,130,127,-1,131,132,133,-1,133,132,134,-1,133,134,135,-1,135,134,136,-1,135,136,137,-1,137,136,138,-1,137,138,139,-1,139,138,140,-1,139,140,141,-1,141,140,142,-1,141,142,123,-1,123,142,124,-1,143,144,145,-1,146,147,148,-1,148,147,143,-1,148,143,149,-1,149,143,145,-1,132,131,150,-1,150,131,151,-1,150,151,152,-1,152,151,153,-1,152,153,154,-1,154,153,155,-1,154,155,156,-1,156,155,157,-1,156,157,158,-1,158,157,159,-1,158,159,146,-1,146,159,160,-1,146,160,147,-1,161,162,163,-1,163,162,164,-1,163,164,165,-1,165,164,166,-1,165,166,167,-1,167,166,168,-1,167,168,169,-1,169,168,170,-1,169,170,171,-1,171,170,172,-1,171,172,144,-1,144,172,145,-1,173,174,175,-1,175,174,176,-1,175,176,177,-1,177,176,178,-1,177,178,179,-1,179,178,180,-1,179,180,181,-1,181,180,182,-1,181,182,161,-1,161,182,162,-1,174,173,183,-1,183,173,184,-1,183,184,185,-1,185,184,186,-1,185,186,187,-1,188,189,190,-1,190,189,191,-1,190,191,192,-1,192,191,193,-1,192,193,194,-1,194,193,195,-1,194,195,196,-1,196,195,197,-1,196,197,198,-1,198,197,199,-1,198,199,200,-1,200,199,201,-1,200,201,202,-1,202,201,203,-1,202,203,186,-1,186,203,187,-1,204,205,206,-1,206,205,207,-1,206,207,208,-1,208,207,209,-1,208,209,210,-1,211,212,213,-1,213,212,214,-1,213,214,215,-1,215,214,210,-1,215,210,216,-1,216,210,209,-1,217,218,219,-1,219,218,220,-1,219,220,221,-1,221,220,222,-1,221,222,223,-1,223,222,211,-1,223,211,224,-1,224,211,213,-1,189,188,225,-1,225,188,226,-1,225,226,227,-1,227,226,228,-1,227,228,229,-1,229,228,230,-1,229,230,231,-1,231,230,232,-1,231,232,233,-1,233,232,234,-1,233,234,217,-1,217,234,235,-1,217,235,218,-1,236,237,238,-1,238,237,239,-1,238,239,240,-1,240,239,241,-1,240,241,242,-1,242,241,243,-1,242,243,244,-1,244,243,245,-1,244,245,246,-1,246,245,247,-1,246,247,204,-1,204,247,205,-1,9,237,8,-1,8,237,236,-1,239,237,9,-1,185,55,183,-1,183,55,53,-1,183,53,174,-1,174,53,62,-1,174,62,176,-1,176,62,64,-1,197,45,199,-1,199,45,43,-1,199,43,201,-1,201,43,41,-1,201,41,203,-1,203,41,61,-1,203,61,187,-1,187,61,59,-1,187,59,185,-1,185,59,57,-1,185,57,55,-1,189,28,191,-1,191,28,24,-1,191,24,193,-1,193,24,51,-1,193,51,195,-1,195,51,49,-1,195,49,197,-1,197,49,47,-1,197,47,45,-1,33,227,229,-1,33,229,31,-1,33,35,227,-1,227,35,37,-1,227,37,225,-1,225,37,25,-1,225,25,189,-1,189,25,27,-1,189,27,28,-1,229,231,31,-1,31,231,233,-1,31,233,29,-1,29,233,217,-1,29,217,11,-1,11,217,219,-1,11,219,13,-1,13,219,221,-1,13,221,15,-1,221,223,15,-1,15,223,224,-1,15,224,17,-1,224,213,17,-1,17,213,215,-1,17,215,19,-1,19,215,216,-1,19,216,21,-1,216,209,21,-1,21,209,207,-1,21,207,1,-1,1,207,205,-1,1,205,3,-1,3,205,247,-1,3,247,5,-1,5,247,245,-1,5,245,7,-1,7,245,243,-1,7,243,9,-1,9,243,241,-1,9,241,239,-1,80,182,66,-1,66,182,180,-1,66,180,64,-1,64,180,178,-1,64,178,176,-1,76,166,78,-1,78,166,164,-1,78,164,80,-1,80,164,162,-1,80,162,182,-1,68,149,70,-1,70,149,145,-1,70,145,72,-1,72,145,172,-1,72,172,74,-1,74,172,170,-1,74,170,76,-1,76,170,168,-1,76,168,166,-1,152,154,94,-1,94,154,156,-1,94,156,96,-1,96,156,158,-1,96,158,98,-1,98,158,146,-1,98,146,68,-1,68,146,148,-1,68,148,149,-1,94,92,152,-1,152,92,90,-1,152,90,150,-1,150,90,88,-1,150,88,132,-1,132,88,86,-1,132,86,134,-1,134,86,84,-1,134,84,136,-1,136,84,82,-1,136,82,138,-1,138,82,110,-1,138,110,140,-1,110,108,140,-1,140,108,106,-1,140,106,142,-1,106,104,142,-1,142,104,102,-1,142,102,124,-1,124,102,100,-1,124,100,126,-1,126,100,128,-1,128,100,120,-1,128,120,129,-1,120,118,129,-1,129,118,116,-1,129,116,122,-1,122,116,114,-1,122,114,112,-1,248,249,250,-1,250,249,251,-1,252,253,248,-1,248,253,249,-1,254,255,256,-1,256,255,253,-1,256,253,252,-1,257,258,259,-1,259,258,255,-1,259,255,254,-1,260,261,257,-1,257,261,258,-1,262,263,264,-1,264,263,261,-1,264,261,260,-1,265,266,267,-1,267,266,263,-1,267,263,262,-1,268,269,270,-1,270,269,271,-1,270,271,272,-1,272,271,273,-1,272,273,274,-1,274,273,275,-1,274,275,276,-1,276,275,277,-1,276,277,278,-1,278,277,279,-1,278,279,280,-1,280,279,281,-1,280,281,282,-1,282,281,283,-1,282,283,284,-1,284,283,285,-1,284,285,286,-1,286,285,287,-1,286,287,288,-1,288,287,289,-1,288,289,265,-1,265,289,266,-1,290,291,292,-1,292,291,293,-1,292,293,294,-1,294,293,295,-1,294,295,268,-1,268,295,269,-1,296,297,290,-1,290,297,291,-1,298,299,300,-1,300,299,297,-1,300,297,296,-1,301,302,303,-1,301,303,304,-1,304,303,305,-1,304,305,306,-1,306,305,307,-1,307,305,308,-1,307,308,309,-1,299,298,310,-1,310,298,311,-1,310,311,312,-1,312,311,313,-1,312,313,314,-1,314,313,315,-1,314,315,316,-1,316,315,317,-1,316,317,318,-1,318,317,319,-1,318,319,320,-1,320,319,321,-1,320,321,322,-1,322,321,323,-1,322,323,309,-1,309,323,324,-1,309,324,307,-1,325,326,327,-1,327,326,303,-1,327,303,302,-1,328,329,325,-1,325,329,326,-1,250,251,330,-1,330,251,329,-1,330,329,328,-1,326,329,303,-1,303,329,251,-1,303,263,305,-1,305,263,266,-1,305,266,308,-1,308,266,289,-1,308,289,309,-1,309,289,287,-1,309,287,322,-1,322,287,285,-1,322,285,320,-1,320,285,283,-1,320,283,318,-1,318,283,281,-1,318,281,316,-1,316,281,279,-1,316,279,314,-1,314,279,277,-1,314,277,312,-1,312,277,275,-1,312,275,310,-1,275,273,310,-1,310,273,271,-1,310,271,299,-1,271,269,299,-1,299,269,295,-1,299,295,297,-1,297,295,293,-1,297,293,291,-1,258,261,255,-1,255,261,263,-1,255,263,253,-1,253,263,303,-1,253,303,249,-1,249,303,251,-1,331,332,333,-1,333,332,334,-1,335,336,331,-1,331,336,332,-1,337,338,335,-1,335,338,336,-1,339,340,337,-1,337,340,338,-1,341,342,339,-1,339,342,340,-1,343,344,341,-1,341,344,342,-1,345,346,343,-1,343,346,344,-1,347,348,345,-1,345,348,346,-1,349,350,347,-1,347,350,348,-1,351,352,349,-1,349,352,350,-1,353,354,351,-1,351,354,352,-1,334,354,333,-1,333,354,353,-1,350,352,354,-1,354,334,350,-1,350,334,332,-1,350,332,348,-1,344,346,342,-1,342,346,348,-1,342,348,340,-1,340,348,332,-1,340,332,338,-1,338,332,336,-1,355,356,357,-1,357,356,358,-1,356,355,359,-1,359,355,360,-1,359,360,361,-1,361,360,362,-1,361,362,363,-1,363,362,364,-1,365,366,367,-1,367,366,368,-1,367,368,369,-1,369,368,370,-1,369,370,364,-1,364,370,371,-1,364,371,363,-1,372,373,374,-1,374,373,366,-1,374,366,365,-1,375,376,377,-1,377,376,378,-1,377,378,379,-1,379,378,380,-1,379,380,381,-1,381,380,382,-1,381,382,383,-1,383,382,384,-1,383,384,385,-1,385,384,386,-1,385,386,372,-1,372,386,387,-1,372,387,373,-1,376,375,388,-1,388,375,389,-1,388,389,390,-1,390,389,391,-1,390,391,392,-1,392,391,393,-1,392,393,394,-1,394,393,395,-1,394,395,396,-1,396,395,397,-1,396,397,398,-1,398,397,399,-1,398,399,400,-1,400,399,401,-1,400,401,402,-1,402,401,403,-1,404,405,406,-1,406,405,407,-1,406,407,408,-1,408,407,409,-1,408,409,410,-1,410,409,411,-1,410,411,403,-1,403,411,412,-1,403,412,402,-1,413,414,415,-1,415,414,416,-1,415,416,404,-1,404,416,417,-1,404,417,405,-1,418,419,413,-1,413,419,414,-1,358,419,357,-1,357,419,418,-1,420,421,403,-1,403,421,410,-1,410,421,422,-1,410,422,408,-1,408,422,423,-1,408,423,406,-1,406,423,424,-1,406,424,404,-1,404,424,425,-1,404,425,415,-1,415,425,426,-1,415,426,413,-1,413,426,427,-1,413,427,418,-1,418,427,428,-1,418,428,357,-1,357,428,429,-1,357,429,355,-1,355,429,430,-1,355,430,360,-1,360,430,431,-1,360,431,362,-1,362,431,432,-1,362,432,364,-1,364,432,433,-1,364,433,369,-1,369,433,434,-1,369,434,367,-1,367,434,435,-1,367,435,365,-1,435,436,365,-1,365,436,437,-1,365,437,374,-1,374,437,438,-1,374,438,372,-1,372,438,385,-1,385,438,439,-1,385,439,383,-1,383,439,440,-1,383,440,381,-1,381,440,441,-1,381,441,379,-1,379,441,442,-1,379,442,377,-1,377,442,443,-1,377,443,375,-1,375,443,444,-1,375,444,389,-1,389,444,445,-1,389,445,391,-1,391,445,446,-1,391,446,393,-1,393,446,447,-1,393,447,395,-1,395,447,448,-1,395,448,397,-1,397,448,449,-1,397,449,399,-1,399,449,450,-1,399,450,401,-1,401,450,451,-1,401,451,403,-1,403,451,452,-1,403,452,420,-1,427,453,428,-1,428,453,454,-1,420,452,455,-1,455,456,420,-1,420,456,457,-1,420,457,421,-1,421,457,458,-1,453,427,459,-1,459,427,426,-1,459,426,460,-1,460,426,425,-1,460,425,461,-1,461,425,424,-1,461,424,462,-1,462,424,423,-1,462,423,458,-1,458,423,422,-1,458,422,421,-1,444,463,445,-1,445,463,464,-1,445,464,446,-1,446,464,465,-1,446,465,447,-1,447,465,466,-1,447,466,448,-1,448,466,467,-1,448,467,449,-1,449,467,468,-1,449,468,450,-1,450,468,469,-1,450,469,451,-1,451,469,470,-1,451,470,452,-1,452,470,455,-1,437,436,471,-1,471,472,437,-1,437,472,473,-1,437,473,438,-1,438,473,474,-1,463,444,475,-1,475,444,443,-1,475,443,476,-1,476,443,442,-1,476,442,477,-1,477,442,441,-1,477,441,478,-1,478,441,440,-1,478,440,474,-1,474,440,439,-1,474,439,438,-1,430,479,431,-1,431,479,480,-1,431,480,432,-1,432,480,481,-1,432,481,433,-1,433,481,482,-1,433,482,434,-1,434,482,483,-1,434,483,435,-1,435,483,484,-1,435,484,436,-1,436,484,471,-1,429,485,430,-1,430,485,479,-1,429,428,485,-1,485,428,454,-1,
        ]
    }
}
Shape{
    appearance Appearance {
        material  Material 	{
            diffuseColor 1.0 1.0 1.0
            specularColor 0.5019607843137255 0.5019607843137255 0.5019607843137255
            ambientIntensity 1.0
            transparency 0.0
            shininess 0.5
        }
    }
    geometry IndexedFaceSet {
        ccw TRUE
        solid FALSE
        coord DEF co Coordinate {
            point [
                -0.5099 1.4882 0.4329, -0.5099 1.4882 0.33, -0.5282 1.4818 0.33, -0.5428 1.4765 0.3318, -0.5447 1.4758 0.332, -0.5507 1.4736 0.3344, -0.5557 1.4717 0.3364, -0.5577 1.471 0.338, -0.5643 1.4684 0.343, -0.5647 1.4683 0.3433, -0.5654 1.4681 0.3439, -0.5703 1.4661 0.3508, -0.5721 1.4654 0.3533, -0.5743 1.4646 0.3587, -0.5762 1.4638 0.3634, -0.5786 1.4629 0.3828, -0.5771 1.4635 0.3969, -0.5578 1.4709 0.4253, -0.5769 1.4635 0.3989, -0.5751 1.4643 0.4043, -0.5738 1.4648 0.408, -0.5722 1.4654 0.4107, -0.5685 1.4669 0.4166, -0.5682 1.467 0.4169, -0.565 1.4682 0.4204, -0.5547 1.4721 0.4274, -0.5784 1.463 0.3781, -0.5785 1.4629 0.3787, -0.5494 1.4741 0.4293, -0.5436 1.4762 0.4313, -0.5414 1.477 0.4316, -0.5766 1.4637 0.366, -0.5289 1.4816 0.4329
            ]
        }
        coordIndex [
            0,1,2,-1,2,3,0,-1,0,3,4,-1,0,4,5,-1,5,6,0,-1,0,6,7,-1,0,7,8,-1,8,9,0,-1,0,9,10,-1,0,10,11,-1,11,12,0,-1,0,12,13,-1,0,13,14,-1,15,16,17,-1,17,16,18,-1,17,18,19,-1,19,20,21,-1,21,22,23,-1,19,21,17,-1,17,21,23,-1,17,23,24,-1,25,26,17,-1,17,26,27,-1,17,27,15,-1,25,28,26,-1,26,28,29,-1,26,29,30,-1,14,31,0,-1,0,31,26,-1,0,26,32,-1,32,26,30,-1,
        ]
    }
}
Shape{
    appearance Appearance {
        material  Material 	{
            diffuseColor 0.0 0.0 0.0
            specularColor 0.0 0.0 0.0
            ambientIntensity 0.0
            transparency 0.0
            shininess 0.5
        }
    }
    geometry IndexedFaceSet {
        ccw TRUE
        solid FALSE
        coord DEF co Coordinate {
            point [
                -0.6023 1.4533 0.3148, -0.6038 1.4569 0.3148, -0.6257 1.4434 0.3815, -0.6506 1.4367 0.4483, -0.6489 1.4331 0.4483, -0.6198 1.4459 0.3148, -0.6214 1.4495 0.3148, -0.6316 1.4408 0.3513, -0.6332 1.4444 0.3513, -0.6257 1.4434 0.3331, -0.6821 1.4176 0.3513, -0.6838 1.4212 0.3513, -0.6944 1.4117 0.3148, -0.6961 1.4152 0.3148, -0.6882 1.4147 0.3331, -0.7114 1.4032 0.3148, -0.7132 1.4067 0.3148, -0.6657 1.4254 0.4483, -0.6673 1.429 0.4483, -0.6886 1.4145 0.3815, -0.679 1.4235 0.3664, -0.6382 1.4422 0.3664, -0.6473 1.4382 0.3941, -0.6564 1.434 0.4219, -0.6575 1.4335 0.4259, -0.6584 1.4331 0.4312, -0.6588 1.4329 0.4312, -0.6598 1.4325 0.4258, -0.6607 1.4321 0.4219, -0.6699 1.4278 0.3941, -0.6568 1.4295 0.4312, -0.6548 1.4304 0.4219, -0.6572 1.4294 0.4312, -0.6591 1.4285 0.4219, -0.6773 1.4199 0.3664, -0.6366 1.4386 0.3664
            ]
        }
        coordIndex [
            0,1,2,-1,2,1,3,-1,2,3,4,-1,5,6,0,-1,0,6,1,-1,7,8,9,-1,9,8,6,-1,9,6,5,-1,10,11,7,-1,7,11,8,-1,12,13,14,-1,14,13,11,-1,14,11,10,-1,15,16,12,-1,12,16,13,-1,17,18,19,-1,19,18,16,-1,19,16,15,-1,3,18,4,-1,4,18,17,-1,1,6,8,-1,11,20,8,-1,8,20,21,-1,8,21,1,-1,1,21,22,-1,1,22,3,-1,3,22,23,-1,23,24,3,-1,3,24,25,-1,3,25,18,-1,25,26,18,-1,18,26,27,-1,18,27,28,-1,28,29,18,-1,18,29,20,-1,18,20,16,-1,16,20,11,-1,16,11,13,-1,30,25,31,-1,31,25,24,-1,31,24,23,-1,32,26,30,-1,30,26,25,-1,26,32,27,-1,27,32,33,-1,27,33,28,-1,28,33,29,-1,29,33,34,-1,29,34,20,-1,35,21,34,-1,34,21,20,-1,21,35,22,-1,22,35,31,-1,22,31,23,-1,
        ]
    }
}
Shape{
    appearance Appearance {
        material  Material 	{
            diffuseColor 1.0 1.0 1.0
            specularColor 0.5019607843137255 0.5019607843137255 0.5019607843137255
            ambientIntensity 1.0
            transparency 0.0
            shininess 0.5
        }
    }
    geometry IndexedFaceSet {
        ccw TRUE
        solid FALSE
        coord DEF co Coordinate {
            point [
                -0.6572 1.4294 0.4312, -0.6568 1.4295 0.4312, -0.6591 1.4285 0.4219, -0.6548 1.4304 0.4219, -0.6773 1.4199 0.3664, -0.6366 1.4386 0.3664
            ]
        }
        coordIndex [
            0,1,2,-1,2,1,3,-1,2,3,4,-1,4,3,5,-1,
        ]
    }
}
Shape{
    appearance Appearance {
        material  Material 	{
            diffuseColor 0.0 0.0 0.0
            specularColor 0.0 0.0 0.0
            ambientIntensity 0.0
            transparency 0.0
            shininess 0.5
        }
    }
    geometry IndexedFaceSet {
        ccw TRUE
        solid FALSE
        coord DEF co Coordinate {
            point [
                0.3379 1.5363 0.6949, 0.3452 1.5347 0.6958, 0.3461 1.5386 0.6958, 0.3173 1.5406 0.6924, 0.3241 1.5433 0.6944, 0.3181 1.5445 0.693, 0.3031 1.5436 0.6907, 0.2868 1.5507 0.6859, 0.2825 1.5473 0.6831, 0.2829 1.5514 0.6841, 0.2609 1.5513 0.6752, 0.2636 1.5547 0.6753, 0.2513 1.5568 0.6697, 0.2484 1.5532 0.6667, 0.2484 1.5573 0.6676, 0.2183 1.5578 0.6464, 0.2189 1.5617 0.6464, 0.444 1.5091 0.6662, 0.4553 1.5058 0.6588, 0.4565 1.5095 0.6588, 0.4507 1.5113 0.6628, 0.4451 1.5129 0.666, 0.4352 1.5117 0.6719, 0.4191 1.5203 0.6806, 0.4128 1.5178 0.6811, 0.4142 1.5216 0.6821, 0.392 1.5235 0.6897, 0.3838 1.5296 0.6919, 0.3794 1.5265 0.6913, 0.3805 1.5304 0.6922, 0.4951 1.4932 0.617, 0.4964 1.4969 0.617, 0.4755 1.4995 0.6407, 0.4822 1.5015 0.6347, 0.4763 1.5034 0.6402, 0.4822 1.5015 0.6347, 0.5171 1.4899 0.6189, 0.5071 1.4891 0.6184, 0.5158 1.4862 0.6189, 0.6176 1.4469 0.5734, 0.6191 1.4505 0.5734, 0.6134 1.4486 0.5776, 0.6149 1.4523 0.5774, 0.6112 1.4496 0.5799, 0.6064 1.4559 0.5856, 0.592 1.4574 0.5942, 0.5936 1.4611 0.5943, 0.5826 1.4613 0.6012, 0.5797 1.4667 0.6037, 0.5688 1.4666 0.6068, 0.5704 1.4702 0.6072, 0.5553 1.4718 0.6123, 0.5496 1.4782 0.615, 0.5447 1.48 0.6156, 0.5434 1.4763 0.6154, 0.5495 1.4741 0.6146, 0.6583 1.4288 0.4652, 0.66 1.4324 0.4652, 0.6582 1.4289 0.4712, 0.6597 1.4325 0.4712, 0.6581 1.429 0.4744, 0.6591 1.4328 0.4825, 0.654 1.4308 0.4987, 0.6557 1.4343 0.4987, 0.6521 1.4317 0.5107, 0.6523 1.4359 0.5156, 0.646 1.4344 0.5253, 0.648 1.4379 0.5255, 0.6378 1.4381 0.5452, 0.6388 1.4419 0.5463, 0.634 1.4398 0.5505, 0.6357 1.4433 0.5506, 0.6569 1.4338 0.436, 0.6552 1.4303 0.436, 0.6564 1.434 0.4308, 0.6545 1.4306 0.4294, 0.6493 1.4373 0.4085, 0.6473 1.4339 0.4086, 0.646 1.4387 0.3985, 0.6421 1.4362 0.3935, 0.6373 1.4426 0.3832, 0.6356 1.439 0.3833, 0.6294 1.4461 0.3694, 0.6219 1.445 0.3618, 0.6235 1.4486 0.3618, 0.6023 1.4575 0.3418, 0.6007 1.4539 0.342, 0.5991 1.4589 0.3388, 0.5962 1.4558 0.3378, 0.5788 1.467 0.3269, 0.5771 1.4634 0.3275, 0.573 1.4693 0.3235, 0.5637 1.4687 0.3202, 0.5529 1.477 0.3162, 0.5553 1.4719 0.3175, 0.5515 1.4733 0.3162, 0.4662 1.5024 0.2517, 0.4674 1.5062 0.2517, 0.4777 1.4988 0.2532, 0.4735 1.5043 0.252, 0.4789 1.5025 0.253, 0.4822 1.5015 0.2537, 0.489 1.4952 0.2547, 0.4953 1.4973 0.2562, 0.4939 1.4936 0.2567, 0.4955 1.4972 0.2563, 0.5095 1.4884 0.2631, 0.5106 1.4921 0.2634, 0.5097 1.4883 0.2632, 0.5141 1.4909 0.2651, 0.5233 1.4835 0.2735, 0.5245 1.4873 0.2736, 0.5276 1.482 0.2767, 0.5311 1.485 0.2789, 0.5346 1.4795 0.2855, 0.5361 1.4831 0.2854, 0.5418 1.4769 0.2946, 0.543 1.4806 0.2943, 0.5441 1.476 0.2998, 0.5455 1.4797 0.2998, 0.3763 1.5274 0.3324, 0.3748 1.5278 0.3466, 0.3757 1.5316 0.3466, 0.4045 1.5243 0.2779, 0.4035 1.5205 0.2779, 0.4042 1.5244 0.2782, 0.397 1.5222 0.285, 0.3984 1.5259 0.2853, 0.3969 1.5222 0.2851, 0.3913 1.5277 0.294, 0.3876 1.5246 0.2996, 0.3886 1.5284 0.2996, 0.3845 1.5254 0.3045, 0.381 1.5303 0.3151, 0.3807 1.5263 0.3154, 0.381 1.5303 0.3152, 0.377 1.5273 0.3265, 0.3773 1.5312 0.3324, 0.3762 1.5315 0.3379, 0.4499 1.5115 0.2541, 0.4488 1.5077 0.2541, 0.4438 1.5133 0.255, 0.4432 1.5094 0.2549, 0.4334 1.5163 0.2594, 0.4323 1.5125 0.2595, 0.4223 1.5194 0.2642, 0.4219 1.5155 0.2638, 0.4183 1.5205 0.2673, 0.4173 1.5167 0.2674, 0.4035 1.5205 0.2779, 0.3748 1.5278 0.3561, 0.3757 1.5316 0.3561, 0.2452 1.5578 0.4263, 0.2636 1.5548 0.4165, 0.2446 1.5539 0.4263, 0.2685 1.554 0.4138, 0.31 1.5422 0.3912, 0.3378 1.536 0.3761, 0.2736 1.5491 0.4766, 0.2743 1.553 0.4766, 0.2591 1.5516 0.4514, 0.2636 1.5547 0.4581, 0.3978 1.522 0.4102, 0.3988 1.5258 0.4102, 0.3379 1.5363 0.4424, 0.3814 1.5302 0.4195, 0.336 1.5368 0.4434, 0.4662 1.5024 0.4424, 0.4674 1.5062 0.4424, 0.456 1.5056 0.4418, 0.4571 1.5093 0.4418, 0.4558 1.5056 0.4418, 0.4569 1.5094 0.4418, 0.4397 1.5104 0.4378, 0.4408 1.5142 0.4378, 0.4344 1.5119 0.4365, 0.4353 1.5158 0.4364, 0.4247 1.5146 0.4313, 0.4258 1.5184 0.4313, 0.4148 1.5174 0.4259, 0.416 1.5212 0.426, 0.4107 1.5185 0.4221, 0.4117 1.5223 0.4221, 0.5506 1.4736 0.3798, 0.552 1.4773 0.3798, 0.5462 1.4753 0.3894, 0.5475 1.479 0.3893, 0.5428 1.4765 0.3969, 0.5427 1.4808 0.3993, 0.5373 1.4785 0.4041, 0.5388 1.4822 0.4042, 0.5287 1.4816 0.4156, 0.5286 1.4858 0.417, 0.5261 1.4826 0.4176, 0.5275 1.4862 0.4178, 0.5145 1.4866 0.4268, 0.5158 1.4903 0.4268, 0.5102 1.4881 0.4302, 0.5107 1.4921 0.4306, 0.5001 1.4915 0.4346, 0.5013 1.4952 0.4346, 0.4894 1.4951 0.4392, 0.4907 1.4988 0.4392, 0.4839 1.4968 0.44, 0.4822 1.5015 0.4404, 0.4851 1.5006 0.44, 0.6017 1.4536 0.4485, 0.6036 1.4528 0.4671, 0.6051 1.4564 0.4671, 0.6041 1.4568 0.4531, 0.603 1.4573 0.4486, 0.6015 1.4536 0.4466, 0.5987 1.459 0.4317, 0.5966 1.4556 0.4319, 0.5987 1.459 0.4317, 0.5941 1.4567 0.4243, 0.5891 1.4587 0.4155, 0.5903 1.4624 0.4157, 0.5889 1.4588 0.4151, 0.5901 1.4625 0.4153, 0.5873 1.4594 0.4122, 0.5879 1.4634 0.4109, 0.5781 1.4631 0.4016, 0.5796 1.4667 0.4015, 0.5714 1.4657 0.3938, 0.5727 1.4694 0.3937, 0.5665 1.4676 0.3905, 0.5679 1.4712 0.3905, 0.5553 1.4718 0.383, 0.5285 1.4817 0.5603, 0.5149 1.4865 0.562, 0.5162 1.4902 0.562, 0.5244 1.4873 0.5616, 0.5298 1.4854 0.5603, 0.5345 1.4795 0.5596, 0.546 1.4796 0.5566, 0.5444 1.4759 0.5558, 0.546 1.4795 0.5565, 0.5551 1.4719 0.5517, 0.5607 1.474 0.5487, 0.5807 1.4663 0.5324, 0.5792 1.4626 0.5325, 0.5805 1.4664 0.5327, 0.5732 1.465 0.5387, 0.574 1.4689 0.5385, 0.5729 1.4651 0.5389, 0.5658 1.4721 0.546, 0.5592 1.4704 0.5487, 0.5553 1.4719 0.5516, 0.6028 1.4573 0.4854, 0.6013 1.4537 0.4854, 0.6021 1.4577 0.4917, 0.6006 1.454 0.4913, 0.5979 1.4594 0.5025, 0.5964 1.4557 0.5025, 0.5936 1.4611 0.514, 0.5923 1.4574 0.5135, 0.5906 1.4623 0.5182, 0.5891 1.4587 0.5182, 0.5793 1.4626 0.5324, 0.4705 1.5011 0.5498, 0.4671 1.5022 0.5477, 0.4683 1.5059 0.5477, 0.4712 1.505 0.5495, 0.4822 1.5015 0.5541, 0.4811 1.4977 0.5542, 0.4824 1.5014 0.5542, 0.4921 1.4942 0.5588, 0.4933 1.4979 0.5588, 0.4977 1.4923 0.5596, 0.4989 1.496 0.5596, 0.3613 1.5309 0.6366, 0.3443 1.5349 0.6388, 0.3452 1.5388 0.6388, 0.3552 1.5365 0.6384, 0.3622 1.5348 0.6371, 0.3785 1.5269 0.6343, 0.3855 1.5292 0.6325, 0.3842 1.5254 0.6319, 0.3857 1.5291 0.6325, 0.4066 1.5196 0.6226, 0.4075 1.5234 0.6223, 0.4082 1.5192 0.6219, 0.4124 1.5222 0.62, 0.4267 1.5141 0.6081, 0.4276 1.5179 0.6078, 0.4315 1.5128 0.6045, 0.4368 1.5154 0.6004, 0.443 1.5094 0.5906, 0.4443 1.5131 0.5908, 0.4527 1.5066 0.5788, 0.4547 1.5101 0.5774, 0.4559 1.5056 0.5719, 0.4572 1.5093 0.572, 0.2578 1.5558 0.6046, 0.2571 1.5519 0.6047, 0.2413 1.5584 0.5861, 0.2409 1.5545 0.5859, 0.2374 1.559 0.5817, 0.2355 1.5553 0.5798, 0.2285 1.5603 0.565, 0.2281 1.5564 0.5649, 0.2224 1.5612 0.5536, 0.2207 1.5575 0.5502, 0.2194 1.5617 0.542, 0.2188 1.5578 0.542, 0.2147 1.5623 0.5242, 0.2136 1.5585 0.5202, 0.2142 1.5624 0.5202, 0.2586 1.5556 0.6055, 0.2636 1.5548 0.609, 0.2748 1.5488 0.6174, 0.2755 1.5527 0.6173, 0.2817 1.5476 0.6224, 0.2845 1.5511 0.6236, 0.2965 1.5448 0.6283, 0.2971 1.5487 0.6285, 0.312 1.5418 0.6346, 0.3138 1.5455 0.6349, 0.3197 1.5402 0.6356, 0.3205 1.544 0.6357, 0.3379 1.5363 0.638, 0.2061 1.5595 0.5202, 0.2066 1.5634 0.5202, 0.1325 1.5674 0.4462, 0.1329 1.5714 0.4462, 0.1333 1.5674 0.4551, 0.1334 1.5713 0.4551, 0.1336 1.5674 0.459, 0.1335 1.5713 0.4555, 0.1363 1.5671 0.468, 0.1365 1.5711 0.468, 0.1386 1.5669 0.4759, 0.1376 1.571 0.4726, 0.1411 1.5667 0.4802, 0.1415 1.5706 0.4802, 0.147 1.5662 0.4903, 0.1452 1.5703 0.4873, 0.1482 1.57 0.4907, 0.1914 1.5653 0.5182, 0.1909 1.5614 0.5182, 0.1867 1.5659 0.5175, 0.1863 1.562 0.5176, 0.1794 1.5667 0.5146, 0.179 1.5628 0.5146, 0.1714 1.5676 0.5114, 0.1711 1.5637 0.5114, 0.1678 1.568 0.5087, 0.1673 1.5641 0.5087, 0.1571 1.5691 0.501, 0.1568 1.5652 0.5011, 0.157 1.5691 0.5009, 0.1566 1.5652 0.5009, 0.1476 1.5661 0.491, 0.2005 1.5602 0.3722, 0.201 1.5641 0.3722, 0.1871 1.5619 0.375, 0.1875 1.5658 0.375, 0.1817 1.5625 0.3761, 0.1824 1.5664 0.376, 0.1749 1.5633 0.3794, 0.1754 1.5672 0.3794, 0.1657 1.5643 0.384, 0.1662 1.5682 0.3839, 0.1632 1.5645 0.386, 0.1636 1.5685 0.3861, 0.1525 1.5656 0.3951, 0.1525 1.5696 0.3956, 0.1349 1.5712 0.4306, 0.1346 1.5673 0.4306, 0.1356 1.5711 0.426, 0.1353 1.5672 0.4259, 0.1386 1.5709 0.4185, 0.1382 1.567 0.4185, 0.1418 1.5706 0.4105, 0.1415 1.5667 0.4104, 0.1445 1.5703 0.4067, 0.1441 1.5664 0.4067, 0.1522 1.5696 0.396, 0.1518 1.5657 0.3959, 0.1524 1.5696 0.3958, 0.152 1.5657 0.3958, 0.1521 1.5657 0.3956, 0.2427 1.5542 0.3722, 0.2433 1.5581 0.3722, 0.2484 1.5533 0.3732, 0.249 1.5572 0.3732, 0.263 1.5509 0.369, 0.2643 1.5507 0.368, 0.265 1.5546 0.3681, 0.2766 1.5486 0.349, 0.2774 1.5484 0.3438, 0.278 1.5523 0.3438, 0.2702 1.5537 0.3636, 0.2695 1.5498 0.3636, 0.2731 1.5532 0.3601, 0.2727 1.5492 0.3593, 0.2735 1.5531 0.3594, 0.2734 1.5491 0.3584, 0.2759 1.5527 0.3545, 0.275 1.5488 0.3544, 0.2763 1.5526 0.3536, 0.2762 1.5486 0.3516, 0.2773 1.5524 0.349, 0.2779 1.5523 0.3465, 0.2689 1.5539 0.3651, 0.2685 1.55 0.3647, 0.2692 1.5538 0.3647, 0.2687 1.5499 0.3646, 0.2691 1.5499 0.3641, 0.2636 1.5548 0.3691, 0.2633 1.5549 0.3693, 0.2594 1.5515 0.3705, 0.2601 1.5554 0.3707, 0.2561 1.5521 0.372, 0.2571 1.5559 0.3719, 0.254 1.5524 0.3723, 0.2546 1.5563 0.3723, 0.2502 1.553 0.3143, 0.2509 1.5569 0.3143, 0.2553 1.5522 0.3154, 0.256 1.5561 0.3154, 0.2572 1.5519 0.3158, 0.2579 1.5558 0.3158, 0.2605 1.5513 0.3175, 0.2612 1.5552 0.3174, 0.2636 1.5548 0.3185, 0.2638 1.5508 0.3191, 0.2644 1.5547 0.3189, 0.2652 1.5505 0.3202, 0.2659 1.5544 0.3202, 0.2694 1.5498 0.3237, 0.2701 1.5537 0.3237, 0.2723 1.5493 0.3277, 0.273 1.5532 0.3277, 0.2732 1.5492 0.329, 0.2742 1.553 0.3293, 0.2748 1.5489 0.3326, 0.2756 1.5527 0.3326, 0.2762 1.5486 0.336, 0.2768 1.5525 0.3356, 0.2765 1.5486 0.3381, 0.2772 1.5524 0.3381, 0.2005 1.5602 0.3143, 0.201 1.5641 0.3143, 0.1976 1.5606 0.3143, 0.1981 1.5645 0.3143, 0.1948 1.5609 0.3143, 0.1953 1.5648 0.3143, 0.1698 1.5678 0.3197, 0.1694 1.5638 0.3199, 0.1638 1.5685 0.321, 0.1618 1.5647 0.3216, 0.1491 1.5698 0.3281, 0.1488 1.5659 0.3282, 0.1356 1.5711 0.3347, 0.1325 1.5675 0.3365, 0.1289 1.5717 0.3403, 0.1284 1.5678 0.3401, 0.1092 1.5732 0.357, 0.1134 1.5689 0.3531, 0.1089 1.5693 0.357, 0.0936 1.5742 0.3786, 0.0935 1.5702 0.3787, 0.0901 1.5744 0.3835, 0.089 1.5705 0.385, 0.084 1.5747 0.3988, 0.0837 1.5708 0.3988, 0.0784 1.575 0.4127, 0.0782 1.5711 0.4129, 0.0772 1.5751 0.4215, 0.0771 1.5712 0.4215, 0.0741 1.5752 0.4432, 0.0738 1.5713 0.4472, 0.074 1.5752 0.4472, 0.1531 1.5655 0.5649, 0.1675 1.5641 0.5715, 0.1679 1.568 0.5715, 0.1125 1.5729 0.5368, 0.1134 1.5689 0.5383, 0.1307 1.5715 0.5531, 0.1318 1.5675 0.5531, 0.1317 1.5715 0.5536, 0.1379 1.567 0.558, 0.1533 1.5695 0.5652, 0.1588 1.569 0.5682, 0.0775 1.5751 0.4721, 0.0775 1.5711 0.472, 0.0785 1.575 0.4788, 0.0787 1.5711 0.48, 0.0851 1.5747 0.4952, 0.0851 1.5707 0.4951, 0.0896 1.5744 0.5066, 0.0913 1.5704 0.51, 0.0964 1.574 0.5163, 0.0961 1.5701 0.5163, 0.1081 1.5733 0.5327, 0.1117 1.5691 0.5369, 0.1119 1.5691 0.5371, 0.2038 1.5597 0.6291, 0.2079 1.5632 0.6355, 0.2035 1.5638 0.6298, 0.1849 1.5622 0.6065, 0.1844 1.5662 0.6049, 0.1825 1.5624 0.6018, 0.1828 1.5663 0.6019, 0.2704 1.5536 0.3283, 0.4849 1.5007 0.313, 0.4916 1.4985 0.3178, 0.4908 1.4987 0.3173, 0.4858 1.5004 0.3136, 0.4953 1.4973 0.3222, 0.4978 1.4964 0.3252, 0.4989 1.4961 0.3274, 0.5016 1.4952 0.3328, 0.5016 1.4952 0.3331, 0.5029 1.4947 0.339, 0.5033 1.4946 0.3408, 0.5033 1.4946 0.3456, 0.5032 1.4946 0.3509, 0.5029 1.4947 0.352, 0.5014 1.4952 0.3584, 0.5011 1.4953 0.3594, 0.4986 1.4962 0.3644, 0.4974 1.4966 0.3667, 0.4949 1.4974 0.3696, 0.4925 1.4982 0.3724, 0.4917 1.4984 0.3734, 0.4875 1.4998 0.3764, 0.4848 1.5007 0.3784, 0.4822 1.5015 0.3795, 0.3997 1.5255 0.2912, 0.482 1.5016 0.3795, 0.4774 1.503 0.3814, 0.4763 1.5034 0.3815, 0.4683 1.5059 0.3827, 0.4642 1.5072 0.3821, 0.4602 1.5084 0.3816, 0.4578 1.5091 0.3807, 0.4521 1.5109 0.3786, 0.4518 1.5109 0.3784, 0.4468 1.5124 0.3748, 0.4446 1.5131 0.3731, 0.4423 1.5137 0.3704, 0.4384 1.5149 0.3657, 0.4382 1.5149 0.3654, 0.4355 1.5157 0.3597, 0.4346 1.516 0.358, 0.4338 1.5162 0.3541, 0.4329 1.5165 0.35, 0.433 1.5164 0.3478, 0.433 1.5164 0.3413, 0.4332 1.5164 0.3402, 0.4347 1.5159 0.3337, 0.435 1.5159 0.3327, 0.4374 1.5152 0.3277, 0.4386 1.5148 0.3252, 0.441 1.5141 0.3224, 0.4442 1.5132 0.3187, 0.4737 1.5042 0.3094, 0.4768 1.5032 0.3098, 0.445 1.513 0.3178, 0.4491 1.5117 0.3147, 0.4518 1.5109 0.3128, 0.4546 1.5101 0.3117, 0.4591 1.5087 0.3099, 0.4603 1.5084 0.3097, 0.4683 1.5059 0.3086, 0.4822 1.5015 0.3119, 0.48 1.5022 0.311, 0.4671 1.5022 0.3827, 0.463 1.5034 0.382, 0.4572 1.5052 0.3811, 0.4566 1.5054 0.3809, 0.4507 1.5072 0.3782, 0.4492 1.5076 0.3775, 0.4457 1.5086 0.3748, 0.4421 1.5097 0.3718, 0.4411 1.51 0.3705, 0.4371 1.5112 0.3655, 0.437 1.5112 0.3653, 0.4344 1.5119 0.3597, 0.4334 1.5122 0.3574, 0.4328 1.5124 0.3541, 0.4318 1.5127 0.349, 0.4318 1.5127 0.3478, 0.4321 1.5126 0.3402, 0.4321 1.5126 0.3399, 0.4337 1.5121 0.3338, 0.4343 1.512 0.3315, 0.4363 1.5114 0.3277, 0.4378 1.511 0.3248, 0.4399 1.5104 0.3224, 0.443 1.5094 0.3187, 0.4437 1.5092 0.3179, 0.448 1.508 0.3148, 0.4507 1.5072 0.3128, 0.4535 1.5063 0.3117, 0.4582 1.5049 0.3099, 0.4591 1.5046 0.3097, 0.4671 1.5022 0.3086, 0.5017 1.491 0.3521, 0.4788 1.4985 0.311, 0.4756 1.4995 0.3098, 0.4725 1.5005 0.3094, 0.5021 1.4908 0.3501, 0.5021 1.4909 0.3457, 0.5021 1.4909 0.3409, 0.5017 1.491 0.339, 0.5003 1.4914 0.3331, 0.5002 1.4915 0.3327, 0.4976 1.4923 0.3274, 0.4966 1.4927 0.3252, 0.4941 1.4935 0.3222, 0.491 1.4945 0.3184, 0.4896 1.495 0.3174, 0.4846 1.4966 0.3137, 0.4837 1.4969 0.313, 0.5003 1.4915 0.3585, 0.5002 1.4915 0.3586, 0.4974 1.4924 0.3644, 0.4808 1.4978 0.3795, 0.4836 1.4969 0.3784, 0.4863 1.4961 0.3764, 0.4906 1.4947 0.3732, 0.4913 1.4944 0.3724, 0.4937 1.4936 0.3696, 0.4965 1.4927 0.3662, 0.4751 1.4996 0.3815, 0.476 1.4994 0.3814
            ]
        }
        coordIndex [
            0,1,2,-1,0,2,3,-1,2,4,3,-1,3,4,5,-1,3,5,6,-1,6,5,7,-1,6,7,8,-1,8,7,9,-1,8,9,10,-1,9,11,10,-1,10,11,12,-1,10,12,13,-1,13,12,14,-1,13,14,15,-1,15,14,16,-1,17,18,19,-1,19,20,17,-1,17,20,21,-1,17,21,22,-1,22,21,23,-1,22,23,24,-1,24,23,25,-1,24,25,26,-1,26,25,27,-1,26,27,28,-1,28,27,29,-1,28,29,1,-1,1,29,2,-1,30,31,32,-1,32,31,33,-1,19,18,34,-1,34,18,32,-1,34,32,35,-1,35,32,33,-1,31,30,36,-1,36,30,37,-1,36,37,38,-1,39,40,41,-1,41,40,42,-1,41,42,43,-1,43,42,44,-1,43,44,45,-1,45,44,46,-1,45,46,47,-1,47,46,48,-1,47,48,49,-1,49,48,50,-1,49,50,51,-1,51,50,52,-1,36,38,53,-1,53,38,54,-1,53,54,52,-1,52,54,55,-1,52,55,51,-1,56,57,58,-1,58,57,59,-1,58,59,60,-1,60,59,61,-1,60,61,62,-1,62,61,63,-1,62,63,64,-1,64,63,65,-1,64,65,66,-1,66,65,67,-1,66,67,68,-1,68,67,69,-1,68,69,70,-1,70,69,71,-1,70,71,39,-1,39,71,40,-1,57,56,72,-1,72,56,73,-1,72,73,74,-1,74,73,75,-1,74,75,76,-1,76,75,77,-1,76,77,78,-1,78,77,79,-1,78,79,80,-1,80,79,81,-1,80,81,82,-1,82,81,83,-1,82,83,84,-1,84,83,85,-1,85,83,86,-1,85,86,87,-1,87,86,88,-1,87,88,89,-1,89,88,90,-1,89,90,91,-1,91,90,92,-1,91,92,93,-1,93,92,94,-1,93,94,95,-1,96,97,98,-1,98,97,99,-1,99,100,98,-1,98,100,101,-1,98,101,102,-1,102,101,103,-1,102,103,104,-1,104,103,105,-1,104,105,106,-1,106,105,107,-1,106,107,108,-1,108,107,109,-1,108,109,110,-1,110,109,111,-1,110,111,112,-1,112,111,113,-1,112,113,114,-1,114,113,115,-1,114,115,116,-1,116,115,117,-1,116,117,118,-1,118,117,119,-1,118,119,95,-1,95,119,93,-1,120,121,122,-1,123,124,125,-1,125,124,126,-1,125,126,127,-1,127,126,128,-1,127,128,129,-1,129,128,130,-1,129,130,131,-1,131,130,132,-1,131,132,133,-1,133,132,134,-1,133,134,135,-1,135,134,136,-1,135,136,137,-1,137,136,120,-1,137,120,138,-1,138,120,122,-1,97,96,139,-1,139,96,140,-1,139,140,141,-1,141,140,142,-1,141,142,143,-1,143,142,144,-1,143,144,145,-1,145,144,146,-1,145,146,147,-1,147,146,148,-1,147,148,123,-1,123,148,149,-1,123,149,124,-1,150,151,121,-1,121,151,122,-1,152,153,154,-1,154,153,155,-1,154,155,156,-1,156,155,151,-1,156,151,157,-1,157,151,150,-1,158,159,160,-1,160,159,161,-1,160,161,154,-1,154,161,152,-1,162,163,164,-1,164,163,165,-1,164,165,166,-1,166,165,159,-1,166,159,158,-1,167,168,169,-1,169,168,170,-1,169,170,171,-1,171,170,172,-1,171,172,173,-1,173,172,174,-1,173,174,175,-1,175,174,176,-1,175,176,177,-1,177,176,178,-1,177,178,179,-1,179,178,180,-1,179,180,181,-1,181,180,182,-1,181,182,162,-1,162,182,163,-1,183,184,185,-1,185,184,186,-1,185,186,187,-1,187,186,188,-1,187,188,189,-1,189,188,190,-1,189,190,191,-1,191,190,192,-1,191,192,193,-1,193,192,194,-1,193,194,195,-1,195,194,196,-1,195,196,197,-1,197,196,198,-1,197,198,199,-1,199,198,200,-1,199,200,201,-1,201,200,202,-1,201,202,203,-1,168,167,204,-1,204,167,203,-1,204,203,205,-1,205,203,202,-1,206,207,208,-1,208,209,206,-1,206,209,210,-1,206,210,211,-1,211,210,212,-1,211,212,213,-1,213,212,214,-1,213,214,215,-1,215,214,216,-1,216,214,217,-1,216,217,218,-1,218,217,219,-1,218,219,220,-1,220,219,221,-1,220,221,222,-1,222,221,223,-1,222,223,224,-1,224,223,225,-1,224,225,226,-1,226,225,227,-1,226,227,228,-1,228,227,184,-1,228,184,183,-1,229,230,231,-1,231,232,229,-1,229,232,233,-1,229,233,234,-1,234,233,235,-1,234,235,236,-1,236,235,237,-1,236,237,238,-1,238,237,239,-1,240,241,242,-1,242,241,243,-1,242,243,244,-1,244,243,245,-1,244,245,246,-1,246,245,247,-1,246,247,239,-1,239,247,248,-1,239,248,238,-1,208,207,249,-1,249,207,250,-1,249,250,251,-1,251,250,252,-1,251,252,253,-1,253,252,254,-1,253,254,255,-1,255,254,256,-1,255,256,257,-1,257,256,258,-1,257,258,240,-1,240,258,259,-1,240,259,241,-1,260,261,262,-1,262,263,260,-1,260,263,264,-1,260,264,265,-1,265,264,266,-1,265,266,267,-1,267,266,268,-1,267,268,269,-1,269,268,270,-1,269,270,230,-1,230,270,231,-1,271,272,273,-1,273,274,271,-1,271,274,275,-1,271,275,276,-1,276,275,277,-1,276,277,278,-1,278,277,279,-1,278,279,280,-1,280,279,281,-1,280,281,282,-1,282,281,283,-1,282,283,284,-1,284,283,285,-1,284,285,286,-1,286,285,287,-1,286,287,288,-1,288,287,289,-1,288,289,290,-1,290,289,291,-1,290,291,292,-1,292,291,293,-1,292,293,261,-1,261,293,262,-1,294,295,296,-1,296,295,297,-1,296,297,298,-1,298,297,299,-1,298,299,300,-1,300,299,301,-1,300,301,302,-1,302,301,303,-1,302,303,304,-1,304,303,305,-1,304,305,306,-1,306,305,307,-1,306,307,308,-1,294,309,295,-1,295,309,310,-1,295,310,311,-1,311,310,312,-1,311,312,313,-1,313,312,314,-1,313,314,315,-1,315,314,316,-1,315,316,317,-1,317,316,318,-1,317,318,319,-1,319,318,320,-1,319,320,321,-1,321,320,273,-1,321,273,272,-1,322,323,307,-1,307,323,308,-1,324,325,326,-1,326,325,327,-1,326,327,328,-1,328,327,329,-1,328,329,330,-1,330,329,331,-1,330,331,332,-1,332,331,333,-1,332,333,334,-1,334,333,335,-1,334,335,336,-1,336,335,337,-1,336,337,338,-1,323,322,339,-1,339,322,340,-1,339,340,341,-1,341,340,342,-1,341,342,343,-1,343,342,344,-1,343,344,345,-1,345,344,346,-1,345,346,347,-1,347,346,348,-1,347,348,349,-1,349,348,350,-1,349,350,351,-1,351,350,352,-1,351,352,338,-1,338,352,353,-1,338,353,336,-1,354,355,356,-1,356,355,357,-1,356,357,358,-1,358,357,359,-1,358,359,360,-1,360,359,361,-1,360,361,362,-1,362,361,363,-1,362,363,364,-1,364,363,365,-1,364,365,366,-1,366,365,367,-1,325,324,368,-1,368,324,369,-1,368,369,370,-1,370,369,371,-1,370,371,372,-1,372,371,373,-1,372,373,374,-1,374,373,375,-1,374,375,376,-1,376,375,377,-1,376,377,378,-1,378,377,379,-1,378,379,380,-1,380,379,381,-1,380,381,367,-1,367,381,382,-1,367,382,366,-1,383,384,354,-1,354,384,355,-1,385,386,383,-1,383,386,384,-1,387,388,389,-1,390,391,392,-1,393,394,395,-1,395,394,396,-1,395,396,397,-1,397,396,398,-1,397,398,399,-1,399,398,400,-1,399,400,401,-1,401,400,402,-1,401,402,403,-1,403,402,390,-1,403,390,404,-1,404,390,392,-1,389,388,405,-1,405,388,406,-1,405,406,407,-1,407,406,408,-1,407,408,393,-1,393,408,409,-1,393,409,394,-1,389,410,387,-1,387,410,411,-1,387,411,412,-1,412,411,413,-1,412,413,414,-1,414,413,415,-1,414,415,416,-1,416,415,417,-1,416,417,385,-1,385,417,386,-1,418,419,420,-1,420,419,421,-1,420,421,422,-1,422,421,423,-1,422,423,424,-1,423,425,424,-1,424,425,426,-1,424,426,427,-1,427,426,428,-1,427,428,429,-1,429,428,430,-1,429,430,431,-1,431,430,432,-1,431,432,433,-1,433,432,434,-1,433,434,435,-1,435,434,436,-1,435,436,437,-1,437,436,438,-1,437,438,439,-1,439,438,440,-1,439,440,441,-1,441,440,442,-1,441,442,391,-1,391,442,392,-1,443,444,418,-1,418,444,419,-1,445,446,443,-1,443,446,444,-1,447,448,445,-1,445,448,446,-1,448,447,449,-1,449,447,450,-1,449,450,451,-1,451,450,452,-1,451,452,453,-1,453,452,454,-1,453,454,455,-1,455,454,456,-1,455,456,457,-1,457,456,458,-1,457,458,459,-1,459,458,460,-1,459,460,461,-1,459,461,462,-1,462,461,463,-1,462,463,464,-1,464,463,465,-1,464,465,466,-1,466,465,467,-1,466,467,468,-1,468,467,469,-1,468,469,470,-1,470,469,471,-1,470,471,472,-1,472,471,473,-1,472,473,474,-1,475,476,477,-1,478,479,480,-1,480,479,481,-1,480,481,482,-1,482,481,483,-1,482,483,484,-1,484,483,475,-1,484,475,485,-1,485,475,477,-1,474,473,486,-1,486,473,487,-1,486,487,488,-1,488,487,489,-1,488,489,490,-1,490,489,491,-1,490,491,492,-1,492,491,493,-1,492,493,494,-1,494,493,495,-1,494,495,496,-1,496,495,497,-1,496,497,478,-1,478,497,498,-1,478,498,479,-1,499,15,16,-1,16,500,499,-1,499,500,501,-1,499,501,502,-1,502,501,503,-1,502,503,504,-1,504,503,505,-1,504,505,476,-1,476,505,477,-1,161,153,152,-1,323,339,477,-1,477,339,341,-1,477,341,485,-1,485,341,343,-1,485,343,484,-1,484,343,345,-1,484,345,482,-1,482,345,347,-1,482,347,480,-1,480,347,349,-1,480,349,478,-1,478,349,496,-1,349,351,496,-1,496,351,338,-1,496,338,494,-1,494,338,337,-1,494,337,492,-1,492,337,335,-1,492,335,490,-1,490,335,333,-1,490,333,488,-1,488,333,331,-1,488,331,486,-1,486,331,329,-1,486,329,474,-1,474,329,327,-1,474,327,472,-1,472,327,325,-1,472,325,470,-1,470,325,368,-1,470,368,468,-1,468,368,370,-1,468,370,466,-1,466,370,372,-1,466,372,464,-1,464,372,374,-1,464,374,462,-1,462,374,376,-1,462,376,459,-1,459,376,378,-1,459,378,457,-1,457,378,380,-1,457,380,455,-1,455,380,367,-1,367,365,455,-1,455,365,363,-1,455,363,453,-1,453,363,361,-1,453,361,451,-1,451,361,359,-1,451,359,449,-1,449,359,357,-1,449,357,448,-1,448,357,355,-1,448,355,446,-1,446,355,444,-1,444,355,384,-1,444,384,419,-1,419,384,386,-1,419,386,417,-1,417,415,419,-1,419,415,413,-1,419,413,421,-1,410,426,411,-1,411,426,425,-1,411,425,413,-1,413,425,423,-1,413,423,421,-1,16,14,310,-1,14,12,310,-1,310,12,11,-1,310,11,312,-1,310,309,16,-1,16,309,294,-1,16,294,500,-1,500,294,296,-1,500,296,501,-1,304,306,477,-1,477,306,308,-1,477,308,323,-1,501,296,503,-1,503,296,298,-1,503,298,505,-1,505,298,300,-1,505,300,477,-1,477,300,302,-1,477,302,304,-1,410,389,426,-1,426,389,405,-1,426,405,407,-1,407,393,426,-1,426,393,395,-1,426,395,397,-1,403,506,401,-1,401,506,399,-1,403,404,506,-1,506,404,392,-1,506,392,442,-1,442,440,506,-1,506,440,438,-1,506,438,436,-1,436,434,506,-1,506,434,432,-1,506,432,430,-1,397,399,426,-1,426,399,506,-1,426,506,428,-1,428,506,430,-1,262,293,263,-1,263,293,291,-1,263,291,264,-1,33,289,35,-1,35,289,287,-1,35,287,34,-1,34,287,19,-1,19,287,285,-1,19,285,20,-1,20,285,283,-1,20,283,21,-1,21,283,23,-1,23,283,281,-1,23,281,25,-1,25,281,279,-1,25,279,27,-1,27,279,277,-1,27,277,29,-1,29,277,275,-1,29,275,2,-1,275,274,2,-1,2,274,273,-1,2,273,4,-1,4,273,320,-1,4,320,5,-1,5,320,7,-1,7,320,318,-1,7,318,9,-1,9,318,316,-1,9,316,11,-1,11,316,314,-1,11,314,312,-1,109,107,507,-1,508,111,509,-1,509,111,109,-1,509,109,510,-1,510,109,507,-1,508,511,111,-1,111,511,512,-1,111,512,513,-1,514,515,184,-1,184,515,516,-1,184,516,517,-1,517,518,184,-1,184,518,519,-1,184,519,520,-1,520,521,184,-1,184,521,522,-1,184,522,186,-1,186,522,523,-1,186,523,188,-1,188,523,524,-1,188,524,190,-1,524,525,190,-1,190,525,526,-1,190,526,192,-1,192,526,527,-1,192,527,194,-1,194,527,196,-1,196,527,528,-1,196,528,198,-1,198,528,529,-1,198,529,200,-1,200,529,530,-1,200,530,202,-1,93,184,91,-1,91,184,89,-1,89,184,87,-1,87,184,227,-1,87,227,85,-1,85,227,225,-1,85,225,84,-1,84,225,223,-1,84,223,82,-1,223,221,82,-1,82,221,219,-1,82,219,80,-1,80,219,217,-1,80,217,78,-1,78,217,214,-1,78,214,76,-1,76,214,212,-1,76,212,74,-1,74,212,210,-1,74,210,72,-1,72,210,209,-1,72,209,57,-1,57,209,208,-1,57,208,59,-1,59,208,61,-1,61,208,249,-1,61,249,63,-1,63,249,251,-1,63,251,65,-1,65,251,253,-1,65,253,67,-1,67,253,69,-1,69,253,255,-1,69,255,71,-1,255,257,71,-1,71,257,240,-1,71,240,40,-1,40,240,242,-1,40,242,42,-1,42,242,244,-1,42,244,44,-1,44,244,46,-1,46,244,246,-1,46,246,48,-1,246,239,48,-1,48,239,237,-1,48,237,50,-1,50,237,235,-1,50,235,52,-1,52,235,233,-1,52,233,53,-1,53,233,232,-1,53,232,36,-1,268,31,270,-1,270,31,36,-1,270,36,231,-1,231,36,232,-1,268,266,31,-1,31,266,264,-1,31,264,33,-1,33,264,291,-1,33,291,289,-1,93,119,184,-1,184,119,117,-1,184,117,115,-1,513,514,111,-1,111,514,184,-1,111,184,113,-1,113,184,115,-1,153,161,155,-1,147,123,531,-1,531,123,125,-1,531,125,127,-1,127,129,531,-1,531,129,131,-1,531,131,133,-1,135,137,163,-1,163,137,138,-1,138,122,163,-1,163,122,151,-1,163,151,165,-1,165,151,155,-1,165,155,159,-1,159,155,161,-1,532,204,530,-1,530,204,205,-1,530,205,202,-1,532,533,204,-1,204,533,534,-1,204,534,168,-1,168,534,535,-1,168,535,170,-1,170,535,536,-1,170,536,172,-1,172,536,537,-1,172,537,174,-1,174,537,538,-1,174,538,176,-1,176,538,539,-1,176,539,178,-1,178,539,540,-1,178,540,180,-1,180,540,541,-1,180,541,182,-1,541,542,182,-1,182,542,543,-1,182,543,163,-1,163,543,544,-1,163,544,545,-1,545,546,163,-1,163,546,547,-1,163,547,548,-1,548,549,163,-1,163,549,550,-1,163,550,551,-1,133,135,531,-1,531,135,163,-1,531,163,147,-1,147,163,551,-1,147,551,552,-1,552,553,147,-1,147,553,554,-1,147,554,555,-1,555,556,147,-1,147,556,557,-1,147,557,558,-1,559,560,101,-1,558,561,147,-1,147,561,562,-1,147,562,145,-1,145,562,563,-1,145,563,143,-1,143,563,564,-1,143,564,141,-1,141,564,565,-1,141,565,139,-1,139,565,566,-1,139,566,97,-1,97,566,567,-1,97,567,99,-1,99,567,559,-1,99,559,100,-1,100,559,101,-1,107,105,507,-1,507,105,103,-1,507,103,568,-1,568,103,101,-1,568,101,569,-1,569,101,560,-1,535,570,536,-1,536,570,571,-1,536,571,537,-1,537,571,572,-1,537,572,538,-1,538,572,573,-1,538,573,539,-1,539,573,574,-1,539,574,540,-1,540,574,575,-1,540,575,541,-1,541,575,576,-1,541,576,542,-1,542,576,577,-1,542,577,543,-1,543,577,578,-1,543,578,544,-1,544,578,579,-1,544,579,545,-1,545,579,580,-1,545,580,546,-1,546,580,581,-1,546,581,547,-1,547,581,582,-1,547,582,548,-1,548,582,583,-1,548,583,549,-1,549,583,584,-1,549,584,550,-1,550,584,585,-1,550,585,551,-1,551,585,586,-1,551,586,552,-1,552,586,587,-1,552,587,553,-1,553,587,588,-1,553,588,554,-1,554,588,589,-1,554,589,555,-1,555,589,590,-1,555,590,556,-1,556,590,591,-1,556,591,557,-1,557,591,592,-1,557,592,558,-1,558,592,593,-1,558,593,561,-1,561,593,594,-1,561,594,562,-1,562,594,595,-1,562,595,563,-1,563,595,596,-1,563,596,564,-1,564,596,597,-1,564,597,565,-1,565,597,598,-1,565,598,566,-1,566,598,599,-1,566,599,567,-1,567,599,600,-1,521,520,601,-1,602,569,603,-1,603,569,560,-1,603,560,604,-1,604,560,559,-1,604,559,600,-1,600,559,567,-1,601,520,605,-1,605,520,519,-1,605,519,606,-1,606,519,518,-1,606,518,607,-1,607,518,517,-1,607,517,608,-1,608,517,516,-1,608,516,609,-1,609,516,515,-1,609,515,610,-1,610,515,514,-1,610,514,611,-1,611,514,513,-1,611,513,612,-1,612,513,512,-1,612,512,613,-1,613,512,511,-1,613,511,614,-1,614,511,508,-1,614,508,615,-1,615,508,509,-1,615,509,616,-1,616,509,510,-1,616,510,617,-1,617,510,507,-1,617,507,602,-1,602,507,568,-1,602,568,569,-1,601,618,521,-1,521,618,619,-1,521,619,522,-1,522,619,620,-1,621,530,622,-1,622,530,529,-1,622,529,623,-1,623,529,528,-1,623,528,624,-1,624,528,527,-1,624,527,625,-1,625,527,526,-1,625,526,626,-1,626,526,525,-1,626,525,627,-1,627,525,524,-1,627,524,620,-1,620,524,523,-1,620,523,522,-1,570,535,628,-1,628,535,534,-1,628,534,629,-1,629,534,533,-1,629,533,621,-1,621,533,532,-1,621,532,530,-1,
        ]
    }
}
Shape{
    appearance Appearance {
        material  Material 	{
            diffuseColor 1.0 1.0 1.0
            specularColor 0.5019607843137255 0.5019607843137255 0.5019607843137255
            ambientIntensity 1.0
            transparency 0.0
            shininess 0.5
        }
    }
    geometry IndexedFaceSet {
        ccw TRUE
        solid FALSE
        coord DEF co Coordinate {
            point [
                0.4318 1.5127 0.3478, 0.4318 1.5127 0.349, 0.4913 1.4944 0.3724, 0.4328 1.5124 0.3541, 0.4334 1.5122 0.3574, 0.4344 1.5119 0.3597, 0.437 1.5112 0.3653, 0.4371 1.5112 0.3655, 0.4411 1.51 0.3705, 0.4421 1.5097 0.3718, 0.4457 1.5086 0.3748, 0.4492 1.5076 0.3775, 0.4507 1.5072 0.3782, 0.4566 1.5054 0.3809, 0.4751 1.4996 0.3815, 0.476 1.4994 0.3814, 0.4808 1.4978 0.3795, 0.4836 1.4969 0.3784, 0.4863 1.4961 0.3764, 0.463 1.5034 0.382, 0.4671 1.5022 0.3827, 0.4572 1.5052 0.3811, 0.4906 1.4947 0.3732, 0.4965 1.4927 0.3662, 0.4974 1.4924 0.3644, 0.4321 1.5126 0.3402, 0.4937 1.4936 0.3696, 0.5002 1.4915 0.3586, 0.5003 1.4915 0.3585, 0.5017 1.491 0.3521, 0.5021 1.4908 0.3501, 0.5021 1.4909 0.3457, 0.5021 1.4909 0.3409, 0.5017 1.491 0.339, 0.5003 1.4914 0.3331, 0.5002 1.4915 0.3327, 0.4976 1.4923 0.3274, 0.4966 1.4927 0.3252, 0.4941 1.4935 0.3222, 0.4535 1.5063 0.3117, 0.4507 1.5072 0.3128, 0.448 1.508 0.3148, 0.4837 1.4969 0.313, 0.4788 1.4985 0.311, 0.4725 1.5005 0.3094, 0.4671 1.5022 0.3086, 0.4591 1.5046 0.3097, 0.4756 1.4995 0.3098, 0.4582 1.5049 0.3099, 0.4437 1.5092 0.3179, 0.4896 1.495 0.3174, 0.4846 1.4966 0.3137, 0.443 1.5094 0.3187, 0.4399 1.5104 0.3224, 0.4378 1.511 0.3248, 0.4363 1.5114 0.3277, 0.4343 1.512 0.3315, 0.4337 1.5121 0.3338, 0.491 1.4945 0.3184, 0.4321 1.5126 0.3399
            ]
        }
        coordIndex [
            0,1,2,-1,2,1,3,-1,2,3,4,-1,4,5,2,-1,2,5,6,-1,2,6,7,-1,7,8,2,-1,2,8,9,-1,2,9,10,-1,10,11,2,-1,2,11,12,-1,2,12,13,-1,14,15,16,-1,17,18,16,-1,16,18,19,-1,16,19,14,-1,14,19,20,-1,13,21,2,-1,2,21,19,-1,2,19,22,-1,22,19,18,-1,23,24,25,-1,0,2,25,-1,25,2,26,-1,25,26,23,-1,24,27,25,-1,25,27,28,-1,25,28,29,-1,29,30,25,-1,25,30,31,-1,25,31,32,-1,32,33,25,-1,25,33,34,-1,25,34,35,-1,35,36,25,-1,25,36,37,-1,25,37,38,-1,39,40,41,-1,42,43,41,-1,44,45,46,-1,43,47,41,-1,41,47,44,-1,41,44,39,-1,39,44,46,-1,39,46,48,-1,49,50,41,-1,41,50,51,-1,41,51,42,-1,49,52,50,-1,50,52,53,-1,50,53,54,-1,54,55,50,-1,50,55,56,-1,50,56,57,-1,38,58,25,-1,25,58,50,-1,25,50,59,-1,59,50,57,-1,
        ]
    }
}
Shape{
    appearance Appearance {
        material  Material 	{
            diffuseColor 0.0 0.0 0.0
            specularColor 0.0 0.0 0.0
            ambientIntensity 0.0
            transparency 0.0
            shininess 0.5
        }
    }
    geometry IndexedFaceSet {
        ccw TRUE
        solid FALSE
        coord DEF co Coordinate {
            point [
                2.6681 0.0183 0.0748, 2.7575 0.0183 0.0748, 2.6681 0.0183 0.0787, 2.7575 0.0183 0.0787, 2.7575 -0.0218 0.0748, 2.6681 -0.0218 0.0748, 2.7575 -0.0218 0.0787, 2.6681 -0.0218 0.0787, 2.6301 0.1008 0.0748, 2.6301 0.1008 0.0787, 2.6301 0.0183 0.0748, 2.6301 0.0183 0.0787, 2.6681 0.1008 0.0748, 2.6681 0.1008 0.0787, 2.5408 0.0183 0.0748, 2.5408 -0.0218 0.0748, 2.6301 -0.0218 0.0748, 2.6301 -0.1043 0.0748, 2.6681 -0.1043 0.0748, 2.6681 -0.1043 0.0787, 2.6301 -0.1043 0.0787, 2.6301 -0.0218 0.0787, 2.5408 -0.0218 0.0787, 2.5408 0.0183 0.0787
            ]
        }
        coordIndex [
            0,1,2,-1,2,1,3,-1,4,5,6,-1,6,5,7,-1,1,4,3,-1,3,4,6,-1,8,9,10,-1,10,9,11,-1,8,12,9,-1,9,12,13,-1,12,0,13,-1,13,0,2,-1,4,1,5,-1,5,1,0,-1,14,15,10,-1,10,15,16,-1,17,18,16,-1,16,18,5,-1,16,5,10,-1,10,5,0,-1,10,0,8,-1,8,0,12,-1,18,17,19,-1,19,17,20,-1,17,16,20,-1,20,16,21,-1,5,18,7,-1,7,18,19,-1,15,22,16,-1,16,22,21,-1,15,14,22,-1,22,14,23,-1,14,10,23,-1,23,10,11,-1,
        ]
    }
}