#VRML V2.0 utf8
# 3D model generated by easyeda2kicad.py (https://github.com/uPesy/easyeda2kicad.py)

Shape{
    appearance Appearance {
        material  Material 	{
            diffuseColor 0.2196078431372549 0.2196078431372549 0.2196078431372549
            specularColor 0.7529411764705882 0.7529411764705882 0.7529411764705882
            ambientIntensity 1.0
            transparency 1.0
            shininess 0.5
        }
    }
    geometry IndexedFaceSet {
        ccw TRUE
        solid FALSE
        coord DEF co Coordinate {
            point [
                3.157 -0.1898 1.2493, 3.1693 -0.0987 1.2229, 3.1533 -0.063 1.2895, 3.143 -0.2411 1.3006, 3.1463 -0.1263 1.3528, 3.1696 -0.0001 1.2267, 3.2038 0.09 1.1498, 3.177 0.1391 1.1988, 3.1693 0.0984 1.2229, 3.2379 0.0434 1.1033, 3.2378 -0.0438 1.1033, 3.1463 0.126 1.3528, 3.143 0.2409 1.3007, 3.1418 0.2096 1.3528, 3.1351 0.293 1.3528, 3.1533 0.0626 1.2894, 3.1569 0.1896 1.2494, 3.2038 -0.0907 1.1502, 3.2799 -0.0001 1.0596, 3.1771 -0.1395 1.199, 3.1418 -0.2099 1.3528, 3.1351 -0.2933 1.3528, 3.2411 0.5028 1.6459, 3.2157 0.3749 1.6016, 3.1916 0.5416 1.6013, 3.1472 0.1772 1.404, 3.2271 0.5862 1.6459, 3.154 0.228 1.4548, 3.1374 0.3946 1.4543, 3.1517 0.3476 1.4826, 3.1876 0.3278 1.5545, 3.1657 0.494 1.5538, 3.1333 0.3438 1.4036, 3.1673 0.2784 1.5052, 3.253 0.4191 1.6459, 3.148 0.4447 1.5045, 0.9125 -3.1512 1.6462, 0.8003 -3.1348 1.5981, 1.0177 -3.071 1.5981, 2.2974 -2.1855 1.4828, 2.2855 -2.1741 1.4187, 2.4448 -2.0193 1.4828, 2.6839 -1.6464 1.3528, 2.6886 -1.6493 1.4187, 2.5621 -1.8303 1.3528, 2.7978 -1.4572 1.4186, 2.7925 -1.4545 1.3528, 2.432 -2.0088 1.4187, 2.2814 -2.1703 1.3528, 2.4277 -2.0052 1.3528, 2.5666 -1.8336 1.4187, 2.3436 -2.2294 1.5981, 2.2445 -2.3919 1.6462, 2.1819 -2.388 1.5981, 1.9595 -2.4721 1.4187, 2.1388 -2.341 1.4828, 1.9698 -2.485 1.4828, 2.0094 -2.5349 1.5981, 1.9027 -2.672 1.6462, 1.827 -2.6694 1.5981, 1.791 -2.6169 1.4828, 1.6035 -2.7359 1.4828, 1.5951 -2.7216 1.4187, 0.9976 -3.0105 1.4828, 0.9924 -2.9948 1.4187, 1.2058 -2.9332 1.4828, 1.5265 -2.9036 1.6462, 1.4364 -2.8986 1.5981, 1.6357 -2.7909 1.5981, 0.1288 -3.233 1.5981, 0.3548 -3.216 1.5981, 0.2613 -3.2705 1.6462, 0.5675 -3.1205 1.4828, 0.3478 -3.1526 1.4828, 0.346 -3.1362 1.4187, -0.3239 -3.2194 1.5981, -0.4008 -3.2566 1.6462, -0.5484 -3.189 1.5981, -0.0958 -3.1704 1.4828, -0.3175 -3.156 1.4828, -0.3159 -3.1396 1.4187, -1.2016 -3.0047 1.5981, -0.9884 -3.0814 1.5981, -1.0465 -3.1101 1.6462, -0.9639 -3.0049 1.4187, -0.7551 -3.081 1.4828, -0.9689 -3.0207 1.4828, -1.9464 -2.5053 1.4828, -1.9363 -2.4922 1.4187, -1.7663 -2.6353 1.4828, -1.5776 -2.7524 1.4828, -1.5694 -2.738 1.4187, -1.3811 -2.856 1.4828, -2.4135 -2.0337 1.4187, -2.2771 -2.2091 1.4828, -2.4261 -2.0444 1.4828, -2.1594 -2.4104 1.5981, -1.9855 -2.5556 1.5981, -2.0156 -2.5897 1.6462, -2.6147 -1.9072 1.5981, -2.7584 -1.7781 1.6462, -2.7418 -1.7197 1.5981, -2.4945 -2.1325 1.6462, -2.4748 -2.0855 1.5981, -2.3228 -2.2535 1.5981, -3.0403 -1.1103 1.5981, -2.9551 -1.3202 1.5981, -3.0594 -1.1884 1.6462, -2.8969 -1.2942 1.4828, -2.8818 -1.2875 1.4187, -2.7992 -1.4937 1.4828, -3.2357 -0.5502 1.6462, -3.205 -0.452 1.5981, -3.1655 -0.6751 1.5981, -3.0493 -0.8773 1.4828, -3.1032 -0.6618 1.4828, -3.087 -0.6583 1.4187, -3.2366 -0.0001 1.5981, -3.2802 0.1105 1.6462, -3.2287 0.2263 1.5981, -3.1564 -0.0001 1.4187, -3.1651 -0.2222 1.4828, -3.1729 -0.0001 1.4828, -3.1913 0.7666 1.6462, -3.1105 0.8946 1.5981, -3.1655 0.6748 1.5981, -3.1032 0.6615 1.4828, -3.087 0.6581 1.4187, -3.1418 0.4428 1.4828, -2.7992 1.4934 1.4828, -2.6878 1.6855 1.4828, -2.6738 1.6767 1.4187, -2.9551 1.3199 1.5981, -3.0403 1.11 1.5981, -3.0593 1.1882 1.6462, -2.2652 2.1973 1.4187, -2.4261 2.0441 1.4828, -2.2771 2.2088 1.4828, -2.7584 1.7779 1.6462, -2.6147 1.9069 1.5981, -2.7418 1.7194 1.5981, -1.7663 2.635 1.4828, -1.7571 2.6213 1.4187, -1.9464 2.505 1.4828, -2.3228 2.2532 1.5981, -2.3452 2.2952 1.6462, -2.1594 2.4101 1.5981, -1.4548 2.9412 1.6462, -1.4089 2.9131 1.5981, -1.6093 2.8074 1.5981, -1.8018 2.6879 1.5981, -1.6495 2.8366 1.6462, -0.9884 3.0811 1.5981, -0.8346 3.1731 1.6462, -0.7703 3.1426 1.5981, -0.9639 3.0047 1.4187, -1.1779 2.9453 1.4828, -0.9689 3.0204 1.4828, -0.5484 3.1887 1.5981, -0.4006 3.2563 1.6462, -0.3239 3.2191 1.5981, -0.5376 3.1259 1.4828, -0.3175 3.1557 1.4828, -0.3159 3.1393 1.4187, -0.0958 3.1701 1.4828, 0.1263 3.169 1.4828, 0.1256 3.1525 1.4187, -0.0977 3.2338 1.5981, -0.1804 3.2758 1.6462, 0.2614 3.2702 1.6462, 0.3548 3.2157 1.5981, 0.1288 3.2327 1.5981, 0.0406 3.2804 1.6462, 0.579 3.1829 1.5981, 0.481 3.2451 1.6462, 0.3478 3.1523 1.4828, 0.5675 3.1202 1.4828, 0.5646 3.1039 1.4187, 0.9976 3.0102 1.4828, 0.9924 2.9945 1.4187, 0.7845 3.0727 1.4828, 0.7804 3.0567 1.4187, 1.2058 2.9329 1.4828, 1.1995 2.9176 1.4187, 1.0177 3.0707 1.5981, 0.8003 3.1345 1.5981, 0.9126 3.1509 1.6462, 1.4081 2.8412 1.4828, 1.4008 2.8264 1.4187, 1.1227 3.0822 1.6462, 1.2301 2.9918 1.5981, 1.5266 2.9032 1.6462, 1.6357 2.7906 1.5981, 1.4364 2.8983 1.5981, 1.6035 2.7356 1.4828, 1.5951 2.7213 1.4187, 1.827 2.6691 1.5981, 1.7186 2.7937 1.6462, 1.791 2.6166 1.4828, 1.7817 2.6029 1.4187, 1.9028 2.6716 1.6462, 2.0094 2.5347 1.5981, 1.9698 2.4847 1.4828, 1.9595 2.4718 1.4187, 2.0784 2.5373 1.6462, 2.1819 2.3877 1.5981, 2.1388 2.3407 1.4828, 2.1277 2.3285 1.4187, 2.3436 2.2291 1.5981, 2.2445 2.3916 1.6462, 2.2974 2.1852 1.4828, 2.2855 2.1738 1.4187, 2.4005 2.235 1.6462, 2.4939 2.0596 1.5981, 2.4448 2.019 1.4828, 2.432 2.0085 1.4187, 2.5455 2.0682 1.6462, 2.6319 1.8799 1.5981, 2.5801 1.8429 1.4828, 2.5666 1.8333 1.4187, 2.7258 1.6718 1.5431, 2.8364 1.477 1.5429, 2.8124 1.4645 1.4826, 2.7027 1.6577 1.4828, 2.6886 1.6491 1.4187, 2.8003 1.7073 1.6462, 2.8689 1.4939 1.5979, 2.7571 1.691 1.5981, 2.9089 1.5148 1.6462, 2.679 1.892 1.6462, 2.7978 1.4569 1.4186, 2.7925 1.4542 1.3528, 1.3277 2.9995 1.6462, 0.346 3.1359 1.4187, 0.6984 3.2053 1.6462, -0.619 3.222 1.6462, -0.0953 3.1536 1.4187, -2.1854 -2.4481 1.6462, -0.7512 3.0646 1.4187, -0.7551 3.0807 1.4828, -0.5348 3.1096 1.4187, -1.9855 2.5553 1.5981, -2.1854 2.4479 1.6462, -1.2534 3.0324 1.6462, -1.2016 3.0044 1.5981, -1.0464 3.1098 1.6462, -1.3811 2.8557 1.4828, -1.1718 2.9299 1.4187, -1.5776 2.7521 1.4828, -1.5694 2.7378 1.4187, -1.374 2.8408 1.4187, -1.8367 2.7192 1.6462, -3.1105 -0.8949 1.5981, -3.1913 -0.7668 1.6462, -1.9363 2.4919 1.4187, -2.1169 2.3627 1.4828, -2.1059 2.3504 1.4187, -2.6324 1.9595 1.6462, -2.4748 2.0852 1.5981, -2.4945 2.1322 1.6462, -2.7847 1.4856 1.4187, -2.8969 1.2939 1.4828, -2.5632 1.8694 1.4828, -2.4135 2.0334 1.4187, -2.5499 1.8596 1.4187, -2.8555 1.5234 1.5981, -2.9723 1.3914 1.6462, -2.8719 1.5883 1.6462, -3.1324 0.9796 1.6462, -2.8818 1.2872 1.4187, -2.9804 1.0881 1.4828, -2.9649 1.0824 1.4187, -3.0493 0.877 1.4828, -3.0334 0.8724 1.4187, -3.205 0.4517 1.5981, -3.2653 0.331 1.6462, -3.2356 0.5501 1.6462, -2.9804 -1.0884 1.4828, -3.0334 -0.8727 1.4187, -3.1651 0.2219 1.4828, -3.1486 0.2207 1.4187, -3.1255 0.4405 1.4187, -3.2802 -0.1106 1.6462, -3.2287 -0.2266 1.5981, -3.1324 -0.9798 1.6462, -3.1486 -0.221 1.4187, -3.1418 -0.4431 1.4828, -3.2653 -0.3312 1.6462, -3.1255 -0.4408 1.4187, -2.8555 -1.5237 1.5981, -2.9724 -1.3916 1.6462, -2.9649 -1.0827 1.4187, -2.6324 -1.9597 1.6462, -2.8719 -1.5885 1.6462, -0.7512 -3.0649 1.4187, -0.5376 -3.1261 1.4828, -2.6738 -1.677 1.4187, -2.5632 -1.8697 1.4828, -2.6878 -1.6858 1.4828, -2.7847 -1.4859 1.4187, -1.7571 -2.6216 1.4187, -2.5499 -1.8599 1.4187, -2.1169 -2.363 1.4828, -2.2652 -2.1976 1.4187, -2.3453 -2.2955 1.6462, 2.7258 -1.6721 1.5431, 2.7571 -1.6913 1.5981, 2.6021 -1.8588 1.5431, -2.1059 -2.3506 1.4187, -1.6093 -2.8077 1.5981, -1.6495 -2.8369 1.6462, -1.8018 -2.6882 1.5981, -1.8367 -2.7195 1.6462, -1.2535 -3.0327 1.6462, -1.4089 -2.9134 1.5981, -1.4548 -2.9415 1.6462, -1.1718 -2.9302 1.4187, -1.1779 -2.9456 1.4828, -1.374 -2.8411 1.4187, 0.5646 -3.1042 1.4187, 0.7845 -3.073 1.4828, -0.7703 -3.1429 1.5981, -0.6191 -3.2223 1.6462, -0.8347 -3.1734 1.6462, -0.5348 -3.1099 1.4187, -0.0977 -3.2341 1.5981, 0.0405 -3.2807 1.6462, -0.1806 -3.2761 1.6462, 0.7804 -3.057 1.4187, 0.1263 -3.1693 1.4828, 0.1256 -3.1528 1.4187, -0.0953 -3.1539 1.4187, 0.579 -3.1832 1.5981, 0.6983 -3.2056 1.6462, 0.4809 -3.2454 1.6462, 1.7185 -2.7941 1.6462, 1.1226 -3.0825 1.6462, 1.2301 -2.9921 1.5981, 1.4081 -2.8415 1.4828, 1.4008 -2.8267 1.4187, 1.3275 -2.9999 1.6462, 1.1995 -2.9179 1.4187, 1.7817 -2.6032 1.4187, 2.5801 -1.8431 1.4828, 2.1277 -2.3288 1.4187, 2.0783 -2.5377 1.6462, 2.6319 -1.8802 1.5981, 2.5455 -2.0685 1.6462, 2.4939 -2.0598 1.5981, 2.4004 -2.2353 1.6462, 2.8689 -1.4942 1.5979, 2.8003 -1.7076 1.6462, 2.8364 -1.4773 1.5429, 2.9089 -1.5151 1.6462, -2.0156 2.5894 1.6462, 2.6021 1.8585 1.5431, 2.6839 1.6462 1.3528, 2.5621 1.83 1.3528, 2.4656 2.0362 1.5431, 2.4278 2.0049 1.3528, 2.317 2.2038 1.5431, 2.1571 2.3606 1.5431, 2.2815 2.17 1.3528, 2.124 2.3244 1.3528, 1.9865 2.5059 1.5431, 1.9561 2.4674 1.3528, 1.8063 2.6388 1.5431, 1.6172 2.7589 1.5431, 1.7786 2.5983 1.3528, 1.5924 2.7165 1.3528, 1.4201 2.8654 1.5431, 1.3984 2.8214 1.3528, 1.2161 2.9579 1.5431, 1.1975 2.9124 1.3528, 1.0061 3.0358 1.5431, 0.9907 2.9892 1.3528, 0.7912 3.0989 1.5431, 0.5724 3.1467 1.5431, 0.7791 3.0513 1.3528, 0.5636 3.0984 1.3528, 0.3507 3.1792 1.5431, 0.3454 3.1304 1.3528, 0.1274 3.196 1.5431, -0.0966 3.1971 1.5431, 0.1255 3.1469 1.3528, -0.0951 3.1481 1.3528, -0.3202 3.1826 1.5431, -0.5422 3.1525 1.5431, -0.3152 3.1338 1.3528, -0.7615 3.1069 1.5431, -0.5338 3.1041 1.3528, -0.9771 3.0461 1.5431, -0.7498 3.0593 1.3528, -0.9621 2.9994 1.3528, -1.1879 2.9703 1.5431, -1.1697 2.9248 1.3528, -1.3929 2.88 1.5431, -1.591 2.7755 1.5431, -1.3715 2.8358 1.3528, -1.5666 2.733 1.3528, -1.7813 2.6574 1.5431, -1.754 2.6167 1.3528, -1.9629 2.5263 1.5431, -1.9328 2.4876 1.3528, -2.1349 2.3828 1.5431, -2.1021 2.3463 1.3528, -2.2965 2.2276 1.5431, -2.2612 2.1934 1.3528, -2.4467 2.0615 1.5431, -2.4092 2.0299 1.3528, -2.585 1.8853 1.5431, -2.5454 1.8564 1.3528, -2.7107 1.6998 1.5431, -2.6691 1.6738 1.3528, -2.8231 1.5061 1.5431, -2.7797 1.483 1.3528, -2.9216 1.3049 1.5431, -3.0058 1.0974 1.5431, -2.8768 1.2849 1.3528, -2.9597 1.0806 1.3528, -3.0752 0.8844 1.5431, -3.0281 0.8709 1.3528, -3.1296 0.6671 1.5431, -3.1686 0.4465 1.5431, -3.0816 0.6569 1.3528, -3.12 0.4397 1.3528, -3.1921 0.2238 1.5431, -3.1431 0.2203 1.3528, -3.1999 -0.0001 1.5431, -3.1508 -0.0001 1.3528, -3.1921 -0.224 1.5431, -3.1431 -0.2206 1.3528, -3.1686 -0.4468 1.5431, -3.12 -0.44 1.3528, -3.1296 -0.6674 1.5431, -3.0816 -0.6572 1.3528, -3.0752 -0.8847 1.5431, -3.0281 -0.8711 1.3528, -3.0058 -1.0977 1.5431, -2.9216 -1.3052 1.5431, -2.9597 -1.0808 1.3528, -2.8768 -1.2852 1.3528, -2.8231 -1.5064 1.5431, -2.7798 -1.4832 1.3528, -2.7107 -1.7001 1.5431, -2.6691 -1.674 1.3528, -2.585 -1.8856 1.5431, -2.5454 -1.8566 1.3528, -2.4467 -2.0618 1.5431, -2.4093 -2.0301 1.3528, -2.2965 -2.2279 1.5431, -2.1349 -2.3831 1.5431, -2.2613 -2.1936 1.3528, -2.1022 -2.3465 1.3528, -1.9629 -2.5266 1.5431, -1.9329 -2.4878 1.3528, -1.7813 -2.6577 1.5431, -1.7541 -2.6169 1.3528, -1.591 -2.7758 1.5431, -1.5667 -2.7332 1.3528, -1.3929 -2.8803 1.5431, -1.3716 -2.8361 1.3528, -1.1879 -2.9706 1.5431, -1.1698 -2.925 1.3528, -0.9771 -3.0464 1.5431, -0.9622 -2.9996 1.3528, -0.7615 -3.1072 1.5431, -0.75 -3.0595 1.3528, -0.5422 -3.1528 1.5431, -0.534 -3.1044 1.3528, -0.3202 -3.1829 1.5431, -0.3154 -3.134 1.3528, -0.0966 -3.1974 1.5431, -0.0952 -3.1484 1.3528, 0.1274 -3.1963 1.5431, 0.1253 -3.1472 1.3528, 0.3507 -3.1795 1.5431, 0.5724 -3.147 1.5431, 0.3453 -3.1307 1.3528, 0.5635 -3.0988 1.3528, 0.7912 -3.0992 1.5431, 0.779 -3.0516 1.3528, 1.0061 -3.0361 1.5431, 0.9906 -2.9895 1.3528, 1.2161 -2.9581 1.5431, 1.1974 -2.9128 1.3528, 1.4201 -2.8657 1.5431, 1.3983 -2.8217 1.3528, 1.6172 -2.7592 1.5431, 1.8063 -2.6391 1.5431, 1.5923 -2.7169 1.3528, 1.7785 -2.5987 1.3528, 1.9865 -2.5062 1.5431, 1.956 -2.4677 1.3528, 2.1571 -2.3609 1.5431, 2.1239 -2.3247 1.3528, 2.317 -2.2041 1.5431, 2.4656 -2.0365 1.5431, 2.679 -1.8924 1.6462, 2.7027 -1.658 1.4828, 2.8124 -1.4648 1.4826, 2.4871 -0.5975 0.0787, 2.5252 -0.4078 -0.0004, 2.4845 -0.6084 -0.0004, 2.2687 -1.1818 -0.0004, 2.1808 -1.3372 0.0787, 2.2789 -1.1619 0.0787, 2.5497 -0.2046 -0.0004, 2.5263 -0.4005 0.0787, 2.55 -0.2009 0.0787, 2.5579 -0.0001 -0.0004, 2.5579 -0.0001 0.0787, 2.4326 -0.7909 0.0787, 2.428 -0.8051 -0.0004, 2.3631 -0.9795 0.0787, 2.3559 -0.9966 -0.0004, 2.0567 -1.5213 0.0, 2.0691 -1.5043 0.0787, 2.1694 -1.3557 0.0, 1.6462 -1.9584 0.0, 1.6608 -1.9461 0.0787, 1.7943 -1.8236 0.0, 1.9314 -1.6776 0.0, 1.8083 -1.8097 0.0787, 1.9447 -1.6621 0.0787, 1.3207 -2.1913 0.0, 1.1453 -2.288 0.0, 1.1606 -2.2803 0.0787, 1.503 -2.0705 0.0787, 1.4881 -2.0812 0.0, 1.3359 -2.1821 0.0787, 0.5962 -2.4885 0.0787, 0.7746 -2.4388 0.0, 0.5815 -2.492 0.0, 0.7896 -2.434 0.0787, 0.9781 -2.3644 0.0787, 0.9629 -2.3706 0.0, -0.0143 -2.5592 0.0, -0.0012 -2.5592 0.0787, 0.1858 -2.5524 0.0, 0.3848 -2.5299 0.0, 0.1996 -2.5513 0.0787, 0.3991 -2.5277 0.0787, -0.4132 -2.5258 0.0, -0.6095 -2.4859 0.0, -0.5986 -2.4885 0.0787, -0.202 -2.5513 0.0787, -0.2144 -2.5503 0.0, -0.4015 -2.5277 0.0787, -1.163 -2.2803 0.0787, -0.9896 -2.3606 0.0, -1.1712 -2.2761 0.0, -0.9805 -2.3644 0.0787, -0.792 -2.434 0.0787, -0.802 -2.4307 0.0, -1.6687 -1.9414 0.0, -1.6632 -1.9461 0.0787, -1.5117 -2.0658 0.0, -1.3456 -2.1776 0.0, -1.5054 -2.0705 0.0787, -1.3383 -2.1821 0.0787, -1.951 -1.6576 0.0, -2.0746 -1.5001 0.0, -2.0715 -1.5043 0.0787, -1.8107 -1.8097 0.0787, -1.8154 -1.805 0.0, -1.9471 -1.6621 0.0787, -2.1856 -1.3333 0.0, -2.1832 -1.3372 0.0787, -2.2813 -1.1619 0.0787, -2.2831 -1.1584 0.0, -2.3667 -0.9764 0.0, -2.3655 -0.9795 0.0787, -2.4358 -0.7884 0.0, -2.435 -0.7909 0.0787, -2.4895 -0.5975 0.0787, -2.49 -0.5956 0.0, -2.529 -0.3992 0.0, -2.5287 -0.4005 0.0787, -2.5524 -0.2003 0.0, -2.5524 -0.2009 0.0787, -2.5603 -0.0001 0.0787, -2.5603 -0.0001 0.0, -1.3456 -2.1776 11.811, -1.1712 -2.2761 11.811, -1.2374 -2.2408 11.7327, -1.0594 -2.3302 11.7327, -1.1492 -2.2872 11.7327, -0.9678 -2.3696 11.7327, -0.9896 -2.3606 11.811, -0.8749 -2.4055 11.7327, -0.802 -2.4307 11.811, -1.3237 -2.191 11.7327, -0.7806 -2.4376 11.7327, -0.4912 -2.5119 11.7327, -0.5886 -2.4909 11.7327, -0.6095 -2.4859 11.811, -0.6851 -2.4661 11.7327, -0.4132 -2.5258 11.811, -0.2943 -2.5423 11.7327, -0.2144 -2.5503 11.811, -0.393 -2.529 11.7327, -0.1951 -2.5518 11.7327, 0.1036 -2.557 11.7327, 0.1858 -2.5524 11.811, 0.203 -2.551 11.7327, 0.004 -2.5592 11.7327, -0.0143 -2.5592 11.811, -0.0956 -2.5574 11.7327, 0.3022 -2.5411 11.7327, 0.3848 -2.5299 11.811, 0.499 -2.5098 11.7327, 0.4009 -2.5274 11.7327, 0.5815 -2.492 11.811, 0.6927 -2.4633 11.7327, 0.5963 -2.4885 11.7327, 0.788 -2.4345 11.7327, 0.7746 -2.4388 11.811, 0.8822 -2.4019 11.7327, 0.975 -2.3657 11.7327, 0.9629 -2.3706 11.811, 1.0664 -2.3259 11.7327, 1.1561 -2.2826 11.7327, 1.1453 -2.288 11.811, 1.3984 -2.1425 11.7327, 1.4881 -2.0812 11.811, 1.4823 -2.0854 11.7327, 1.3207 -2.1913 11.811, 1.2441 -2.2358 11.7327, 1.3123 -2.1964 11.7327, 1.2783 -2.2164 11.7327, 1.6462 -1.9584 11.811, 1.5638 -2.0249 11.7327, 1.6429 -1.9612 11.7327, 1.7194 -1.8944 11.7327, 1.7932 -1.8246 11.7327, 1.7943 -1.8236 11.811, 1.8642 -1.7521 11.7327, 1.9314 -1.6776 11.811, 2.0567 -1.5213 11.811, 1.9972 -1.5987 11.7327, 1.9322 -1.6766 11.7327, 2.1176 -1.4352 11.7327, 2.0591 -1.5181 11.7327, 2.1694 -1.3557 11.811, 2.2687 -1.1818 11.811, 2.2247 -1.2627 11.7327, 2.1729 -1.3499 11.7327, 2.2731 -1.1733 11.7327, 2.3559 -0.9966 11.8114, 2.3178 -1.0822 11.7327, 2.3963 -0.8949 11.7327, 2.359 -0.9893 11.7327, 2.428 -0.8051 11.8114, 2.43 -0.799 11.7327, 2.4845 -0.6084 11.8114, 2.4856 -0.6037 11.7327, 2.4597 -0.702 11.7327, 2.5252 -0.4078 11.8114, 2.5076 -0.5047 11.7327, 2.5497 -0.2046 11.8114, 2.5397 -0.3042 11.7327, 2.5257 -0.4047 11.7327, 2.5579 -0.0001 11.8114, 2.5558 -0.1018 11.7327, 2.5498 -0.203 11.7327, 2.5579 -0.0001 11.7327, -1.408 -2.1378 11.7327, -1.4901 -2.0815 11.7327, -1.5117 -2.0658 11.811, -1.6687 -1.9414 11.811, -1.57 -2.0219 11.7327, -1.6475 -1.9593 11.7327, -1.7225 -1.8938 11.7327, -1.7949 -1.8253 11.7327, -1.8154 -1.805 11.811, -1.8646 -1.7541 11.7327, -1.951 -1.6576 11.811, -1.9954 -1.6038 11.7327, -1.9315 -1.6802 11.7327, -2.0746 -1.5001 11.811, -2.0564 -1.525 11.7327, -2.1142 -1.4438 11.7327, -2.1856 -1.3333 11.811, -2.1687 -1.3605 11.7327, -2.2201 -1.2751 11.7327, -2.268 -1.1877 11.7327, -2.2831 -1.1584 11.811, -2.3667 -0.9764 11.811, -2.3125 -1.0986 11.7327, -2.3535 -1.0078 11.7327, -2.391 -0.9154 11.7327, -2.4248 -0.8217 11.7327, -2.4358 -0.7884 11.811, -2.4549 -0.7268 11.7327, -2.49 -0.5956 11.811, -2.504 -0.5337 11.7327, -2.4814 -0.6307 11.7327, -2.529 -0.3992 11.811, -2.5229 -0.4358 11.7327, -2.5379 -0.3373 11.7327, -2.5524 -0.2003 11.811, -2.5491 -0.2384 11.7327, -2.5565 -0.1391 11.7327, -2.5599 -0.0395 11.7327, -2.5603 -0.0001 11.811, -2.5603 -0.0001 11.7327, 3.1418 1.636 11.4173, 3.1418 1.636 2.863, 3.0245 1.8439 2.2331, 3.1418 1.636 2.6959, 3.1418 1.636 2.2331, 2.5926 2.4138 2.2331, 2.7493 2.2337 11.4173, 2.7493 2.2337 2.2331, 2.8934 2.0434 2.2331, 2.8934 2.0434 11.4173, 3.0245 1.8439 11.4173, 2.2447 2.7404 11.4173, 2.2447 2.7404 2.2331, 2.0551 2.8854 2.2331, 2.5926 2.4138 11.4173, 2.4242 2.5829 2.2331, 2.4242 2.5829 11.4173, 1.4339 3.2395 2.2331, 1.4366 3.2383 4.3935, 1.6488 3.1355 2.2331, 1.8561 3.0173 2.2331, 1.8561 3.0173 11.4173, 2.0551 2.8854 11.4173, 0.8961 3.4277 4.6949, 0.8243 3.4457 4.3496, 0.8367 3.4427 4.7017, 1.2409 3.3184 4.5441, 1.2277 3.3232 4.2383, 1.2004 3.3332 4.5603, 0.1496 3.54 4.4947, 0.0887 3.5421 4.3534, 0.0862 3.5421 4.4942, 0.51 3.5061 4.1277, 0.5677 3.4973 4.1158, 0.5195 3.5048 2.2331, -0.6422 3.4847 4.108, -0.5776 3.496 4.1084, -0.6685 3.4798 2.2331, -1.3536 3.275 2.2331, -1.1301 3.3586 11.4173, -1.1301 3.3586 2.2331, -0.8965 3.4283 4.1062, -0.9013 3.427 2.2331, -0.9136 3.4237 4.1061, -1.7814 3.0636 11.4173, -1.7814 3.0636 2.2331, -1.9836 2.9367 2.2331, -1.3536 3.275 11.4173, -1.5711 3.1765 2.2331, -1.5711 3.1765 11.4173, -2.3601 2.6437 2.2331, -2.5328 2.4789 2.2331, -2.3601 2.6437 11.4173, -2.1768 2.7966 2.2331, -2.1768 2.7966 11.4173, -1.9836 2.9367 11.4173, -2.979 1.9201 2.2331, -2.8429 2.1162 11.4173, -2.8429 2.1162 2.2331, -2.694 2.3028 11.4173, -2.5328 2.4789 11.4173, -2.694 2.3028 2.2331, -3.2101 1.5027 11.4173, -3.2101 1.5027 2.2331, -3.304 1.2832 2.2331, -2.979 1.9201 11.4173, -3.1016 1.7153 2.2331, -3.1016 1.7153 11.4173, -3.4465 0.8279 2.2331, -3.4944 0.594 2.2331, -3.4465 0.8279 11.4173, -3.3829 1.058 2.2331, -3.3829 1.058 11.4173, -3.304 1.2832 11.4173, -3.5425 -0.1195 2.2331, -3.5425 0.1192 11.4173, -3.5425 0.1192 2.2331, -3.5265 0.3574 11.4173, -3.4944 0.594 11.4173, -3.5264 0.3574 2.2331, -3.4944 -0.5943 11.4173, -3.4944 -0.5943 2.2331, -3.4465 -0.8282 2.2331, -3.5425 -0.1195 11.4173, -3.5264 -0.3577 2.2331, -3.5265 -0.3577 11.4173, -3.304 -1.2835 2.2331, -3.2101 -1.503 2.2331, -3.304 -1.2835 11.4173, -3.3829 -1.0582 2.2331, -3.3829 -1.0582 11.4173, -3.4465 -0.8282 11.4173, -2.8429 -2.1165 2.2331, -2.979 -1.9204 11.4173, -2.979 -1.9204 2.2331, -3.1016 -1.7156 11.4173, -3.2101 -1.503 11.4173, -3.1016 -1.7156 2.2331, -2.5328 -2.4791 11.4173, -2.5328 -2.4791 2.2331, -2.3601 -2.644 2.2331, -2.8429 -2.1165 11.4173, -2.694 -2.3031 2.2331, -2.694 -2.3031 11.4173, -1.9836 -2.937 2.2331, -1.7814 -3.0639 2.2331, -1.9836 -2.937 11.4173, -2.1768 -2.7969 2.2331, -2.1768 -2.7969 11.4173, -2.3601 -2.644 11.4173, -1.1301 -3.3589 2.2331, -1.3536 -3.2753 11.4173, -1.3536 -3.2753 2.2331, -1.5711 -3.1768 11.4173, -1.7814 -3.0639 11.4173, -1.5711 -3.1768 2.2331, -0.6685 -3.4801 11.4173, -0.9013 -3.4273 11.4173, -0.6685 -3.4801 2.2331, -1.1301 -3.3589 11.4173, -0.9013 -3.4273 2.2331, -0.4326 -3.5171 2.2331, -0.4326 -3.5171 11.4173, -0.1948 -3.5382 2.2331, -0.1948 -3.5382 11.4173, 0.0439 -3.5432 11.4173, 0.0439 -3.5432 2.2331, 0.2823 -3.5321 2.2331, 0.2823 -3.5321 11.4173, 0.5195 -3.505 2.2331, 0.5195 -3.505 11.4173, 0.7543 -3.462 11.4173, 0.7543 -3.462 2.2331, 0.9857 -3.4033 2.2331, 0.9857 -3.4033 11.4173, 1.2125 -3.3291 2.2331, 1.2125 -3.3291 11.4173, 1.4339 -3.2398 11.4173, 1.4339 -3.2398 2.2331, 1.6488 -3.1358 2.2331, 1.6488 -3.1358 11.4173, 1.8561 -3.0176 2.2331, 1.8561 -3.0176 11.4173, 2.0551 -2.8857 11.4173, 2.0551 -2.8857 2.2331, 2.2447 -2.7407 2.2331, 2.4242 -2.5832 11.4173, 2.2447 -2.7407 11.4173, 2.4242 -2.5832 2.2331, 2.5926 -2.4141 2.2331, 2.5926 -2.4141 11.4173, 2.7493 -2.234 2.2331, 2.7493 -2.234 11.4173, 2.8934 -2.0437 11.4173, 2.8934 -2.0437 2.2331, 3.0245 -1.8442 2.2331, 3.0245 -1.8442 11.4173, 3.1418 -1.6363 11.4173, 3.1418 -1.6363 2.863, 3.1418 -1.6363 2.2331, 3.1418 -1.6363 2.6959, -0.9013 3.427 11.4173, -1.0228 3.3928 4.3455, -0.7973 3.4526 4.488, -0.8212 3.447 4.3331, -0.8145 3.4486 4.4878, -1.0663 3.3793 4.1378, -1.0784 3.3756 4.1049, -0.5231 3.5046 4.7163, -0.4326 3.5168 11.4173, -0.4923 3.509 4.727, -0.1948 3.5379 2.2331, -0.207 3.5372 4.1093, -0.1956 3.5379 4.1131, -0.4025 3.5204 4.0838, -0.3929 3.5215 4.0639, -0.4326 3.5168 2.2331, 0.4608 3.513 4.553, 0.5195 3.5048 11.4173, 0.5149 3.5054 4.5782, 0.618 3.4887 4.1161, 0.4571 3.5134 4.1535, 1.019 3.3931 4.3428, 0.9754 3.406 4.3229, 1.0007 3.3986 4.6396, 0.709 3.4713 4.4088, 0.7796 3.4561 4.6943, 1.2889 3.3 4.2852, 1.2608 3.3108 4.2584, 1.2762 3.3049 4.5181, 1.0664 3.3785 4.3498, 1.0397 3.3869 4.594, 1.6488 3.1355 11.4173, 1.4321 3.2404 4.342, -1.0043 3.3982 4.1711, -1.0543 3.3831 4.1708, -1.1126 3.3644 4.1046, -1.0677 3.3789 4.2248, -1.0954 3.37 4.1048, -0.9897 3.4026 4.3458, -1.0062 3.3977 4.3456, -0.9425 3.4159 4.1387, -0.9543 3.4126 4.1715, -0.9431 3.4157 4.2262, -0.9308 3.4191 4.1059, -0.7247 3.4685 4.7287, -0.7696 3.4589 4.6081, -0.6685 3.4798 11.4173, -0.4597 3.5134 4.7306, -0.5502 3.5004 4.6981, -0.6424 3.4847 4.1354, -0.6562 3.4821 4.5547, -0.6443 3.4843 4.5219, -0.433 3.5168 4.2335, -0.4555 3.5139 4.4904, -0.4225 3.5181 4.4906, -0.513 3.506 4.1089, -0.5455 3.5011 4.3213, -0.5879 3.4943 4.2441, -0.5919 3.4936 4.3209, -0.6309 3.4868 4.2438, -0.5799 3.4956 4.5723, -0.5766 3.4962 4.3487, -0.5844 3.4949 4.5911, -0.6382 3.4855 4.3206, -0.6384 3.4854 4.3482, -0.5877 3.4943 4.2166, -0.5448 3.5012 4.2169, -0.5442 3.5013 4.1361, -0.545 3.5012 4.2444, -0.5933 3.4934 4.1357, -0.6307 3.4868 4.2163, -0.3403 3.5269 4.7314, -0.1948 3.5379 11.4173, -0.2785 3.5323 4.7319, -0.3621 3.5248 4.0339, -0.3799 3.5229 4.0465, -0.399 3.5208 4.1382, -0.4154 3.5189 4.186, -0.4818 3.5104 4.2807, -0.4506 3.5146 4.2809, -0.4422 3.5157 4.1823, -0.4893 3.5094 4.4937, -0.5138 3.5059 4.229, -0.5147 3.5058 4.3491, -0.4662 3.5126 4.2808, -0.5211 3.5049 4.5045, -0.3894 3.5218 4.4909, -0.3732 3.5236 4.0871, -0.3501 3.526 4.196, -0.3681 3.5242 4.0757, -0.3606 3.5249 4.0656, -0.3505 3.5259 4.0588, -0.3409 3.5268 4.0293, -0.3215 3.5287 4.0319, -0.3171 3.5291 4.2819, -0.3217 3.5286 4.0587, -0.3387 3.527 4.0551, -0.3832 3.5225 4.1102, -0.3782 3.5231 4.0987, -0.2795 3.5323 4.4917, -0.344 3.5265 4.4912, -0.3339 3.5275 4.2817, -0.3507 3.5259 4.2816, -0.3669 3.5243 4.2339, -0.3903 3.5218 4.6109, -0.3831 3.5226 4.1862, 0.1506 3.5399 4.3538, 0.1169 3.5412 4.7346, 0.0705 3.5425 4.5215, 0.0439 3.5429 11.4173, 0.0227 3.5431 4.5212, -0.1344 3.5407 4.4916, -0.1298 3.5409 4.2702, -0.1414 3.5404 4.2478, -0.1844 3.5384 4.1172, -0.1668 3.5393 4.5024, 0.2823 3.5318 2.2331, 0.1523 3.5399 4.1136, 0.2823 3.5318 11.4173, 0.0439 3.5429 2.2331, 0.0877 3.5421 4.1132, 0.1479 3.5401 4.7349, 0.1487 3.54 4.6148, 0.1176 3.5412 4.6283, 0.1324 3.5407 4.7348, 0.1184 3.5412 4.5219, -0.0792 3.5423 4.7337, -0.049 3.5429 4.7221, -0.0418 3.543 4.5033, -0.0236 3.5431 4.2719, -0.0377 3.543 4.2782, -0.1546 3.5399 4.7311, -0.1405 3.5405 4.7348, -0.1507 3.54 4.4967, -0.1443 3.5403 4.2219, -0.144 3.5403 4.1667, -0.167 3.5393 4.5321, -0.1682 3.5392 4.6945, -0.1547 3.5399 4.7002, -0.1261 3.541 4.7361, -0.1002 3.5418 4.4889, -0.0828 3.5422 4.2874, -0.1085 3.5416 4.2835, -0.1173 3.5413 4.49, -0.1263 3.541 4.7075, -0.121 3.5411 4.518, -0.1371 3.5406 4.52, -0.0699 3.5425 4.4923, -0.0674 3.5426 4.2859, -0.0521 3.5428 4.2838, -0.018 3.5432 4.5222, -0.0231 3.5431 4.7024, -0.043 3.5429 4.6794, -0.0382 3.543 4.5492, -0.0483 3.5429 4.5377, 0.0231 3.5431 4.1127, 0.0099 3.5432 4.5806, 0.0122 3.5432 4.6022, -0.0131 3.5432 4.1328, -0.0083 3.5432 4.1454, 0.0012 3.5432 4.6662, -0.0091 3.5432 4.6853, 0.0081 3.5432 4.6456, 0.0229 3.5431 4.1401, 0.0117 3.5432 4.6243, 0.0229 3.5431 4.4938, -0.0257 3.5431 4.5771, -0.0304 3.5431 4.5624, -0.0286 3.5431 4.6524, -0.0543 3.5428 4.6898, -0.075 3.5424 4.5229, -0.0672 3.5425 4.6979, -0.0608 3.5427 4.5287, -0.0963 3.5419 4.7077, -0.0816 3.5422 4.7035, -0.0896 3.5421 4.5181, -0.1049 3.5417 4.5165, -0.1116 3.5415 4.7371, -0.1117 3.5415 4.7091, -0.1522 3.54 4.5258, -0.1409 3.5404 4.7054, -0.1684 3.5392 4.7269, -0.0236 3.5431 4.6378, -0.0343 3.543 4.6666, -0.0217 3.5431 4.5919, -0.0212 3.5431 4.6226, -0.0203 3.5431 4.6073, -0.2798 3.5322 4.2816, -0.2932 3.5311 4.2784, -0.2165 3.5366 4.7323, -0.3442 3.5265 4.5185, -0.1906 3.5381 4.2157, -0.1961 3.5378 4.1419, -0.1961 3.5378 4.2066, -0.2137 3.5368 4.1943, -0.2209 3.5364 4.1334, -0.2234 3.5362 4.1896, -0.2079 3.5372 4.1359, -0.2045 3.5373 4.1999, -0.2049 3.5373 4.273, -0.2473 3.5346 4.7045, -0.2898 3.5314 4.6273, -0.2938 3.5311 4.7041, -0.3327 3.5276 4.627, -0.3401 3.5269 4.7038, -0.2468 3.5346 4.6276, -0.2952 3.531 4.5189, -0.3325 3.5276 4.5995, -0.2896 3.5314 4.5998, -0.246 3.5347 4.5193, -0.2466 3.5347 4.6001, -0.3911 3.5216 4.7311, -0.4254 3.5177 4.7308, -0.5623 3.4985 4.5379, -0.5726 3.4968 4.5543, -0.549 3.5006 4.5234, -0.5739 3.4966 4.6676, -0.5637 3.4982 4.6838, -0.6326 3.4865 4.4891, -0.585 3.4948 4.6304, -0.5811 3.4954 4.6495, -0.5859 3.4946 4.6106, -0.6154 3.4896 4.4893, 0.0269 3.5431 4.353, -0.006 3.5432 4.1584, 0.1514 3.5399 4.2337, 0.1198 3.5411 4.326, 0.0774 3.5423 4.2488, 0.0734 3.5424 4.3256, 0.0344 3.543 4.2485, 0.0271 3.5431 4.3253, 0.1204 3.5411 4.2491, 0.072 3.5424 4.1404, 0.0346 3.543 4.221, 0.0775 3.5423 4.2213, 0.1211 3.5411 4.1408, 0.1205 3.5411 4.2216, -0.7904 3.4542 4.3438, -0.7802 3.4565 4.4881, -0.7578 3.4615 4.3474, -0.7562 3.4618 4.5539, -0.7682 3.4592 4.521, -0.6893 3.4757 4.3479, -0.7235 3.4688 4.3476, -0.7062 3.4724 4.5543, -0.6915 3.4753 4.7289, -0.7081 3.472 4.7288, -0.5983 3.4925 4.4894, -0.645 3.4842 4.6093, 0.5445 3.5009 4.4796, 0.5384 3.5019 4.2285, 0.5077 3.5065 4.4606, 0.3769 3.523 4.2395, 0.4117 3.5191 4.1915, 0.4146 3.5187 4.5154, 0.3551 3.5252 4.2944, 0.3557 3.5252 4.4126, 0.3787 3.5228 4.4676, 0.3474 3.526 4.3533, 0.4785 3.5106 4.4311, 0.4768 3.5108 4.2769, 0.4597 3.5131 4.3939, 0.504 3.507 4.248, 0.6397 3.4848 4.5961, 0.654 3.4821 4.2205, 0.6156 3.4891 4.2202, 0.7543 3.4617 2.2331, 0.5992 3.492 4.4866, 0.6127 3.4896 4.5441, 0.6805 3.477 4.1189, 0.6684 3.4794 4.1165, 0.6829 3.4765 4.3634, 0.6782 3.4775 4.6402, 0.7013 3.4729 4.1322, 0.6909 3.4749 4.1254, 0.7259 3.4678 4.6734, 0.6981 3.4735 4.2091, 0.6567 3.4816 4.3179, 0.7059 3.4719 4.1999, 0.7142 3.4703 4.1533, 0.7081 3.4715 4.1423, 0.7771 3.4567 4.2553, 0.7173 3.4696 4.1652, 0.7124 3.4706 4.1893, 0.6642 3.4802 4.2223, 0.5855 3.4943 4.4865, 0.5772 3.4957 4.22, 0.4594 3.5131 4.3127, 0.4533 3.514 4.3523, 0.5687 3.4971 4.6736, 0.5378 3.502 4.6282, 0.6061 3.4908 4.7138, 0.5923 3.4931 4.4865, 0.6576 3.4814 4.7518, 0.7543 3.4617 11.4173, 0.7145 3.4702 4.7801, 0.775 3.4571 4.7978, 0.8377 3.4425 4.8042, 0.7166 3.4698 4.1777, 0.9857 3.403 11.4173, 0.9103 3.424 4.7969, 0.8968 3.4275 4.1761, 0.8967 3.4276 4.1932, 0.9387 3.4163 4.2909, 0.9795 3.4048 4.7748, 1.0431 3.3858 4.7391, 0.9518 3.4126 4.6739, 1.2125 3.3288 11.4173, 1.1319 3.3571 4.6659, 1.1188 3.3615 4.6645, 1.0667 3.3784 4.5394, 1.1571 3.3485 4.5657, 1.1072 3.3654 4.345, 1.2077 3.3306 4.276, 1.1797 3.3406 4.3072, 1.1456 3.3525 4.3306, 1.2123 3.3289 4.6631, 1.2641 3.3096 4.6476, 1.3122 3.2908 4.6222, 1.4339 3.2395 11.4173, 1.355 3.2733 4.5876, 1.3106 3.2914 4.3181, 1.3041 3.294 4.4832, 1.3244 3.2859 4.3557, 1.3223 3.2867 4.4417, 1.2804 3.3033 4.1424, 1.3261 3.2852 4.1702, 1.2125 3.3288 2.2331, 1.329 3.284 4.3961, 1.2302 3.3223 4.1239, 1.1842 3.339 4.0518, 1.2117 3.3291 4.0845, 1.1496 3.3511 4.0271, 0.9857 3.403 2.2331, 1.0688 3.3778 4.0066, 1.1105 3.3643 4.0119, 0.9848 3.4033 4.0282, 1.0254 3.3912 4.012, 0.9492 3.4134 4.0545, 0.9214 3.421 4.0896, 0.6874 3.4756 4.2153, 0.6764 3.4778 4.2208, 0.9034 3.4258 4.131, 1.4145 3.2481 4.4996, 1.3889 3.2591 4.5467, 1.3662 3.2687 4.2068, 1.4183 3.2465 4.2928, 1.396 3.2561 4.2473, 1.4307 3.241 4.4479, 1.158 3.3482 4.6682, 1.1449 3.3527 4.6671, 1.0837 3.373 4.7048, -0.0049 3.5432 4.5399, -0.0102 3.5432 4.1804, -0.06 3.5427 4.1081, -0.0461 3.5429 4.1102, -0.1052 3.5417 4.1282, -0.0954 3.5419 4.1204, -0.0727 3.5425 4.1095, -0.0844 3.5422 4.1141, -0.1285 3.5409 4.1116, -0.1134 3.5414 4.1117, -0.1435 3.5403 4.1115, -0.1128 3.5414 4.1383, -0.0648 3.5426 4.2607, -0.0633 3.5426 4.214, -0.0798 3.5423 4.263, -0.0365 3.543 4.2504, -0.0417 3.543 4.2091, -0.0499 3.5429 4.2577, -0.0227 3.5431 4.1983, -0.0326 3.5431 4.1147, -0.0205 3.5431 4.1219, 0.0043 3.5432 4.5594, -0.0918 3.542 4.2604, -0.0888 3.5421 4.2174, -0.1021 3.5418 4.2546, -0.1142 3.5414 4.2208, -0.1093 3.5415 4.2446, -0.114 3.5414 4.2333, -0.0234 3.5431 4.2427, -0.1846 3.5384 4.1483, -0.1854 3.5384 4.2365, -0.2157 3.5367 4.6122, -0.2189 3.5365 4.108, -0.2308 3.5357 4.1069, -0.2339 3.5355 4.1314, -0.2457 3.5347 4.1325, -0.2432 3.5349 4.1813, -0.2333 3.5356 4.1854, -0.2569 3.534 4.1096, -0.2439 3.5349 4.1081, -0.262 3.5336 4.1708, -0.2528 3.5342 4.1764, -0.2573 3.5339 4.1352, -0.2973 3.5308 4.1433, -0.3005 3.5305 4.1571, -0.2726 3.5328 4.1988, -0.2721 3.5328 4.2587, -0.2625 3.5336 4.2039, -0.252 3.5343 4.208, -0.2608 3.5337 4.2604, -0.2809 3.5321 4.1201, -0.2691 3.533 4.1146, -0.2662 3.5332 4.2842, -0.2656 3.5333 4.1436, -0.2696 3.533 4.1543, -0.2677 3.5332 4.1634, -0.2401 3.5351 4.285, -0.2148 3.5367 4.4921, -0.2277 3.536 4.2833, -0.2526 3.5342 4.2863, -0.2162 3.5367 4.2784, -0.2257 3.5361 4.2556, -0.2229 3.5362 4.223, -0.2369 3.5354 4.2145, -0.1887 3.5382 4.2501, -0.1955 3.5379 4.2626, -0.1875 3.5383 4.226, -0.2165 3.5366 4.24, -0.2177 3.5365 4.2307, -0.2191 3.5365 4.2489, -0.2334 3.5356 4.2584, -0.2414 3.535 4.2604, -0.2494 3.5345 4.2618, -0.2985 3.5307 4.1669, -0.2952 3.531 4.1766, -0.2818 3.5321 4.1924, -0.2826 3.532 4.2541, -0.2929 3.5311 4.2491, -0.2906 3.5313 4.1855, -0.2906 3.5314 4.1305, -0.7873 3.4549 4.1105, -0.7536 3.4624 4.1072, -0.7206 3.4694 4.1074, -0.6876 3.4761 4.1077, -0.6884 3.4759 4.2278, -0.8472 3.4408 4.1402, -0.8192 3.4475 4.1213, -0.884 3.4315 4.2274, -0.8706 3.4349 4.1709, -0.8604 3.4375 4.1546, -0.8483 3.4404 4.3149, -0.872 3.4346 4.2845, -0.8618 3.4371 4.3007, -0.878 3.433 4.189, -0.8825 3.4319 4.2078, -0.8832 3.4317 4.2473, -0.8792 3.4327 4.2664, 3.3706 -1.0905 2.2331, 3.3966 -1.0066 2.2331, 3.3253 -1.2218 2.4483, 3.2831 -1.331 2.3905, 3.2403 -1.4321 2.6587, 3.3426 -1.1736 2.2331, 3.2162 -1.4854 2.5449, 3.2271 -0.5865 1.6459, 3.2411 -0.5031 1.6459, 3.3096 -0.4847 1.7112, 3.253 -0.4194 1.6459, 3.4097 -0.7018 1.9283, 3.3531 -0.7965 1.856, 3.3874 -0.6268 1.8533, 3.3022 -0.6029 1.7251, 3.3235 -0.7235 1.783, 3.2816 -0.653 1.7124, 3.3641 -1.0989 2.1584, 3.4143 -0.9307 2.1572, 3.3764 -1.0236 2.0831, 3.3791 -0.9477 2.0072, 3.4227 -0.8542 2.0807, 3.392 -0.9949 2.1231, 3.4213 -0.7777 2.0042, 3.3715 -0.8715 1.931, 3.3541 -0.5539 1.7805, 3.3253 1.2215 2.4483, 3.3426 1.1734 2.2331, 3.2831 1.3307 2.3905, 3.2403 1.4319 2.6587, 3.2162 1.4851 2.5449, 3.3706 1.0902 2.2331, 3.3966 1.0063 2.2331, 3.537 -0.1973 7.5446, 3.5318 -0.2757 7.4265, 3.5413 -0.0921 7.4265, 3.537 -0.1973 4.7887, 3.5413 -0.0921 4.9068, 3.5318 -0.2757 4.9068, 3.537 0.197 7.5446, 3.5318 0.2754 7.4265, 3.5206 0.3936 7.5446, 3.5206 0.3936 4.7887, 3.5413 0.0918 4.9068, 3.537 0.197 4.7887, 3.5318 0.2754 4.9068, 3.5413 0.0918 7.4265, 3.5425 -0.0001 7.5446, 3.5206 -0.3938 7.5446, 3.5425 -0.0001 4.7887, 3.5206 -0.3938 4.7887, 3.2447 1.4051 11.4895, 3.275 1.2937 11.5452, 3.2783 1.3231 11.493, 3.2822 1.3329 11.4173, 3.0945 1.4529 11.7043, 3.1637 1.405 11.6565, 3.0561 1.5914 11.6757, 3.0173 1.4939 11.7454, 3.0194 1.5723 11.7166, 2.9779 1.5507 11.751, 2.9323 1.5269 11.7781, 3.3157 1.2315 11.483, 3.3147 1.2498 11.4173, 3.1589 1.4558 11.6331, 3.1304 1.5353 11.6197, 3.1937 1.4727 11.5571, 3.3452 1.1659 11.4173, 3.2242 1.3516 11.6031, 2.8751 1.7528 0.0664, 2.9263 1.5238 0.0296, 2.8169 1.7174 0.03, 0.6703 3.0771 0.0, 0.6867 3.1521 0.0076, 0.8759 3.0249 0.0, 2.6598 2.161 0.1153, 2.6978 2.1919 0.175, 2.7992 1.9769 0.1153, 2.4436 1.9855 0.0, 2.5033 2.0339 0.0076, 2.5718 1.8164 0.0, 2.8607 1.4897 0.0072, 2.7539 1.679 0.0076, 2.7925 1.4542 0.0, 2.6346 1.8607 0.0076, 2.6883 1.639 0.0, 2.4645 2.2946 0.0664, 2.3044 2.4554 0.0664, 2.3452 2.4989 0.1153, 2.6134 2.1234 0.0664, 2.7505 1.9425 0.0664, 2.1338 2.6051 0.0664, 1.9536 2.7429 0.0664, 1.9882 2.7915 0.1153, 2.3787 2.5346 0.175, 2.5082 2.3352 0.1153, 1.7644 2.8683 0.0664, 1.7957 2.9191 0.1153, 2.0166 2.8313 0.175, 2.1716 2.6512 0.1153, 1.3872 3.1341 0.1153, 1.5673 2.9807 0.0664, 1.363 3.0795 0.0664, 1.5951 3.0335 0.1153, 1.6179 3.0768 0.175, 0.9369 3.235 0.0664, 0.717 3.2908 0.0664, 0.7297 3.3491 0.1153, 0.9672 3.3393 0.175, 1.173 3.2205 0.1153, 0.9535 3.2923 0.1153, 0.0416 3.3679 0.0664, 0.0424 3.4276 0.1153, 0.2683 3.3574 0.0664, 0.5026 3.3907 0.1153, 0.2731 3.4169 0.1153, 0.277 3.4657 0.175, -0.6468 3.3665 0.1153, -0.4113 3.3431 0.0664, -0.6356 3.3079 0.0664, -0.4186 3.4023 0.1153, -0.4246 3.4509 0.175, -0.1885 3.4227 0.1153, -1.0743 3.1928 0.0664, -1.2869 3.1133 0.0664, -1.3096 3.1684 0.1153, -1.1089 3.2957 0.175, -0.872 3.3155 0.1153, -1.0933 3.2493 0.1153, -1.8857 2.7917 0.0664, -1.9191 2.8412 0.1153, -1.6935 2.9123 0.0664, -1.52 3.0731 0.1153, -1.7234 2.9639 0.1153, -1.748 3.0062 0.175, -2.4504 2.3982 0.1153, -2.2436 2.5131 0.0664, -2.4078 2.3564 0.0664, -2.2834 2.5577 0.1153, -2.316 2.5942 0.175, -2.106 2.7055 0.1153, -2.7026 2.0117 0.0664, -2.8319 1.8253 0.0664, -2.8821 1.8576 0.1153, -2.7897 2.0766 0.175, -2.6063 2.2278 0.1153, -2.7504 2.0474 0.1153, -3.1409 1.2199 0.0664, -3.1965 1.2415 0.1153, -3.0516 1.4285 0.0664, -3.0007 1.6595 0.1153, -3.1056 1.4538 0.1153, -3.15 1.4745 0.175, -3.3807 0.5747 0.1153, -3.2764 0.787 0.0664, -3.3219 0.5647 0.0664, -3.3344 0.8009 0.1153, -3.382 0.8124 0.175, -3.2729 1.0235 0.1153, -3.3676 0.1133 0.0664, -3.3676 -0.1136 0.0664, -3.4273 -0.1156 0.1153, -3.4762 0.117 0.175, -3.4117 0.3458 0.1153, -3.4273 0.1153 0.1153, -3.2764 -0.7873 0.0664, -3.3344 -0.8012 0.1153, -3.3219 -0.565 0.0664, -3.4117 -0.3461 0.1153, -3.3807 -0.575 0.1153, -3.429 -0.5832 0.175, -3.1056 -1.454 0.1153, -3.1409 -1.2201 0.0664, -3.0516 -1.4287 0.0664, -3.1965 -1.2418 0.1153, -3.2421 -1.2595 0.175, -3.2729 -1.0238 0.1153, -2.8319 -1.8256 0.0664, -2.7026 -2.012 0.0664, -2.7504 -2.0476 0.1153, -2.9232 -1.8844 0.175, -3.0007 -1.6597 0.1153, -2.8821 -1.8579 0.1153, -2.2436 -2.5134 0.0664, -2.2834 -2.558 0.1153, -2.4078 -2.3567 0.0664, -2.6063 -2.2281 0.1153, -2.4504 -2.3985 0.1153, -2.4854 -2.4327 0.175, -1.7234 -2.9642 0.1153, -1.8857 -2.792 0.0664, -1.6935 -2.9126 0.0664, -1.9191 -2.8414 0.1153, -1.9464 -2.882 0.175, -2.106 -2.7058 0.1153, -1.3096 -3.1687 0.1153, -1.4935 -3.0199 0.0664, -1.2869 -3.1136 0.0664, -1.3283 -3.214 0.175, -1.52 -3.0734 0.1153, -0.872 -3.3157 0.1153, -1.0743 -3.1931 0.0664, -0.8569 -3.258 0.0664, -1.0933 -3.2496 0.1153, -0.6468 -3.3668 0.1153, -0.4186 -3.4026 0.1153, -0.4246 -3.4512 0.175, -0.656 -3.4149 0.175, -0.1853 -3.3635 0.0664, -0.1885 -3.423 0.1153, -0.4113 -3.3434 0.0664, -0.6356 -3.3082 0.0664, 0.0416 -3.3682 0.0664, 0.0424 -3.4279 0.1153, 0.043 -3.4768 0.175, 0.5026 -3.391 0.1153, 0.5098 -3.4394 0.175, 0.2731 -3.4172 0.1153, 0.2683 -3.3577 0.0664, 0.7297 -3.3494 0.1153, 0.4938 -3.332 0.0664, 0.717 -3.2911 0.0664, 0.9369 -3.2352 0.0664, 0.9535 -3.2925 0.1153, 0.9672 -3.3396 0.175, 1.1526 -3.1647 0.0664, 1.173 -3.2208 0.1153, 1.1898 -3.2668 0.175, 1.5951 -3.0338 0.1153, 1.6179 -3.0771 0.175, 1.3872 -3.1344 0.1153, 1.407 -3.1791 0.175, 1.7957 -2.9194 0.1153, 1.8214 -2.9611 0.175, 1.363 -3.0798 0.0664, 1.5673 -2.981 0.0664, 2.0166 -2.8316 0.175, 1.9882 -2.7918 0.1153, 1.7644 -2.8686 0.0664, 3.1418 -1.6363 0.3937, 3.0245 -1.8442 0.3937, 3.018 -1.8402 0.3169, 1.9536 -2.7432 0.0664, 2.1716 -2.6515 0.1153, 2.1338 -2.6053 0.0664, 2.3452 -2.4992 0.1153, 2.3787 -2.5349 0.175, 2.726 -2.2151 0.243, 2.6978 -2.1921 0.175, 2.869 -2.0264 0.243, 2.8873 -2.0394 0.3169, 2.7434 -2.2292 0.3169, 2.2027 -2.6894 0.175, 2.5871 -2.4089 0.3169, 2.5707 -2.3937 0.243, 2.3044 -2.4557 0.0664, 2.544 -2.3689 0.175, 2.7539 -1.6793 0.0076, 2.8169 -1.7177 0.03, 2.6346 -1.861 0.0076, 2.2073 -2.3522 0.0076, 2.1548 -2.2962 0.0, 2.3606 -2.1982 0.0076, 2.8607 -1.49 0.0072, 2.9263 -1.5241 0.0296, 2.6949 -1.9036 0.03, 2.5033 -2.0342 0.0076, 2.6883 -1.6393 0.0, 2.7925 -1.4545 0.0, 0.277 -3.466 0.175, 0.7401 -3.3972 0.175, -0.1912 -3.4719 0.175, -1.1089 -3.296 0.175, -0.8845 -3.3631 0.175, -1.5417 -3.1173 0.175, -2.0694 -2.6587 0.0664, -1.748 -3.0065 0.175, -2.136 -2.7445 0.175, -2.561 -2.1893 0.0664, -2.316 -2.5945 0.175, -2.6435 -2.2599 0.175, -2.9485 -1.6309 0.0664, -2.7897 -2.0769 0.175, -3.0435 -1.6834 0.175, -3.2159 -1.006 0.0664, -3.15 -1.4748 0.175, -3.3196 -1.0384 0.175, -3.3524 -0.3401 0.0664, -3.382 -0.8127 0.175, -3.4604 -0.351 0.175, -3.3524 0.3398 0.0664, -3.4762 -0.1173 0.175, -3.4604 0.3507 0.175, -3.2159 1.0057 0.0664, -3.429 0.5829 0.175, -3.3196 1.0381 0.175, -2.9485 1.6306 0.0664, -3.2421 1.2592 0.175, -3.0435 1.6832 0.175, -2.561 2.189 0.0664, -2.9232 1.8842 0.175, -2.6435 2.2596 0.175, -2.0694 2.6585 0.0664, -2.4854 2.4324 0.175, -2.136 2.7442 0.175, -1.4935 3.0196 0.0664, -1.9464 2.8817 0.175, -1.5417 3.117 0.175, -0.8569 3.2578 0.0664, -1.3283 3.2137 0.175, -0.8845 3.3628 0.175, -0.1853 3.3632 0.0664, -0.656 3.4146 0.175, -0.1912 3.4716 0.175, 0.4938 3.3317 0.0664, 0.043 3.4766 0.175, 0.5098 3.4391 0.175, 1.1526 3.1644 0.0664, 0.7401 3.3969 0.175, 1.1898 3.2665 0.175, 1.407 3.1789 0.175, 1.8214 2.9608 0.175, 2.2027 2.6891 0.175, 2.544 2.3686 0.175, 2.926 1.7839 0.1153, 2.9867 1.5553 0.066, 2.8392 2.0052 0.175, 3.0397 1.5829 0.115, 2.9678 1.8094 0.175, 3.0832 1.6055 0.1748, 2.9989 1.8283 0.243, 3.018 1.84 0.3169, 3.1155 1.6223 0.2429, 3.1354 1.6327 0.3168, 3.1418 1.636 0.3937, 3.0245 1.8439 0.3937, 2.2073 2.3519 0.0076, 2.3044 2.1456 0.0, 2.1547 2.296 0.0, 2.869 2.0261 0.243, 2.6949 1.9033 0.03, 2.8873 2.0391 0.3169, 2.8934 2.0434 0.3937, 2.3606 2.1979 0.0076, 2.5606 2.0805 0.03, 2.726 2.2148 0.243, 2.7434 2.2289 0.3169, 2.7493 2.2337 0.3937, 2.0439 2.4953 0.0076, 1.9952 2.436 0.0, 2.5707 2.3934 0.243, 2.4147 2.2482 0.03, 2.5871 2.4086 0.3169, 2.5926 2.4138 0.3937, 1.6497 2.6821 0.0, 1.4654 2.7872 0.0, 1.5012 2.8551 0.0076, 1.8712 2.6273 0.0076, 1.8266 2.5648 0.0, 2.4036 2.5611 0.243, 2.2578 2.4058 0.03, 2.419 2.5774 0.3169, 2.4242 2.5829 0.3937, 2.0907 2.5524 0.03, 2.2257 2.7172 0.243, 2.2399 2.7345 0.3169, 2.2447 2.7404 0.3937, 1.69 2.7474 0.0076, 1.9141 2.6875 0.03, 2.0377 2.861 0.243, 2.0507 2.8792 0.3169, 2.0551 2.8854 0.3937, 1.0776 2.9589 0.0, 1.104 3.0311 0.0076, 1.2744 2.8796 0.0, 1.3056 2.9498 0.0076, 1.8404 2.9918 0.243, 1.7287 2.8103 0.03, 1.8522 3.0109 0.3169, 1.8561 3.0173 0.3937, 1.5356 2.9204 0.03, 1.6348 3.109 0.243, 1.6452 3.1288 0.3169, 1.6488 3.1355 0.3937, 1.3355 3.0173 0.03, 1.4218 3.2121 0.243, 1.4308 3.2326 0.3169, 1.4339 3.2395 0.3937, 0.8974 3.0986 0.0076, 0.4729 3.1913 0.0076, 0.4616 3.1153 0.0, 1.1293 3.1005 0.03, 1.2023 3.3007 0.243, 1.2099 3.3217 0.3169, 1.2125 3.3288 0.3937, 0.2508 3.1394 0.0, 0.0388 3.1492 0.0, 0.0398 3.226 0.0076, 0.918 3.1696 0.03, 0.9773 3.3742 0.243, 0.9835 3.3957 0.3169, 0.9857 3.403 0.3937, 0.257 3.216 0.0076, 0.7479 3.4325 0.243, 0.7025 3.2243 0.03, 0.7527 3.4544 0.3169, 0.7543 3.4617 0.3937, -0.1775 3.2215 0.0076, -0.1733 3.1448 0.0, 0.4838 3.2644 0.03, 0.5151 3.4751 0.243, 0.5184 3.4973 0.3169, 0.5195 3.5048 0.3937, 2.3045 -2.1458 0.0, 0.2629 3.2896 0.03, 0.2799 3.502 0.243, 0.2817 3.5243 0.3169, 0.2823 3.5318 0.3937, -0.3847 3.126 0.0, -0.5944 3.0931 0.0, -0.6088 3.1686 0.0076, -0.3941 3.2023 0.0076, 0.0435 3.5129 0.243, 0.0408 3.2999 0.03, 0.0438 3.5353 0.3169, 0.0439 3.5429 0.3937, -1.0046 2.9854 0.0, -1.2033 2.911 0.0, -1.2327 2.9821 0.0076, -0.1815 3.2952 0.03, -0.1932 3.5079 0.243, -0.1944 3.5303 0.3169, -0.1948 3.5379 0.3937, -0.403 3.2756 0.03, -0.429 3.4871 0.243, -0.4317 3.5093 0.3169, -0.4326 3.5168 0.3937, -0.8208 3.1205 0.0076, -0.6227 3.2411 0.03, -0.6629 3.4504 0.243, -0.6671 3.4724 0.3169, -0.6685 3.4798 0.3937, -0.8013 3.0461 0.0, -1.0291 3.0582 0.0076, -0.8396 3.1919 0.03, -0.8937 3.398 0.243, -0.8994 3.4197 0.3169, -0.9013 3.427 0.3937, -1.5836 2.7231 0.0, -1.6221 2.7896 0.0076, -1.3966 2.8235 0.0, -1.0526 3.1282 0.03, -1.1205 3.3302 0.243, -1.1276 3.3515 0.3169, -1.1301 3.3586 0.3937, -1.4307 2.8924 0.0076, -1.2609 3.0504 0.03, -1.3422 3.2473 0.243, -1.3507 3.268 0.3169, -1.3536 3.275 0.3937, -1.9351 2.4858 0.0, -2.0981 2.3499 0.0, -2.1492 2.4073 0.0076, -1.4634 2.9586 0.03, -1.5578 3.1496 0.243, -1.5677 3.1697 0.3169, -1.5711 3.1765 0.3937, -1.8063 2.6741 0.0076, -1.7634 2.6104 0.0, -1.6593 2.8534 0.03, -1.7663 3.0377 0.243, -1.7776 3.057 0.3169, -1.7814 3.0636 0.3937, -1.9822 2.5464 0.0076, -1.8476 2.7353 0.03, -1.9668 2.9119 0.243, -1.9793 2.9305 0.3169, -1.9836 2.9367 0.3937, -2.3949 2.0469 0.0, -2.5272 1.8811 0.0, -2.5888 1.927 0.0076, -2.0276 2.6047 0.03, -2.1584 2.7729 0.243, -2.1721 2.7906 0.3169, -2.1768 2.7966 0.3937, -2.3064 2.2571 0.0076, -2.2516 2.2034 0.0, -2.1983 2.4624 0.03, -2.3402 2.6213 0.243, -2.3551 2.6381 0.3169, -2.3601 2.6437 0.3937, -2.4531 2.0968 0.0076, -2.3591 2.3088 0.03, -2.5114 2.4579 0.243, -2.5274 2.4736 0.3169, -2.5328 2.4789 0.3937, -2.7571 1.5247 0.0, -2.8535 1.3356 0.0, -2.9231 1.3683 0.0076, -2.5093 2.1448 0.03, -2.6712 2.2833 0.243, -2.6882 2.2978 0.3169, -2.694 2.3028 0.3937, -2.7127 1.7484 0.0076, -2.6482 1.7068 0.0, -2.648 1.9711 0.03, -2.8189 2.0983 0.243, -2.8369 2.1117 0.3169, -2.8429 2.1162 0.3937, -2.8243 1.5619 0.0076, -2.7747 1.7884 0.03, -2.9538 1.9039 0.243, -2.9726 1.916 0.3169, -2.979 1.9201 0.3937, -3.0071 0.9403 0.0, -3.0636 0.7357 0.0, -3.1384 0.7538 0.0076, -2.8889 1.5976 0.03, -3.0753 1.7008 0.243, -3.0949 1.7116 0.3169, -3.1016 1.7153 0.3937, -3.0086 1.1684 0.0076, -2.937 1.1406 0.0, -2.99 1.3996 0.03, -3.1829 1.49 0.243, -3.2032 1.4995 0.3169, -3.2101 1.5027 0.3937, -3.0805 0.9633 0.0076, -3.0775 1.1952 0.03, -3.2761 1.2724 0.243, -3.2969 1.2805 0.3169, -3.304 1.2832 0.3937, -3.1347 0.3176 0.0, -3.149 0.1059 0.0, -3.2258 0.1086 0.0076, -3.151 0.9854 0.03, -3.3543 1.049 0.243, -3.3757 1.0557 0.3169, -3.3829 1.058 0.3937, -3.182 0.5409 0.0076, -3.1062 0.5279 0.0, -3.2102 0.7711 0.03, -3.4174 0.8209 0.243, -3.4391 0.8261 0.3169, -3.4465 0.8279 0.3937, -3.2112 0.3255 0.0076, -3.2548 0.5533 0.03, -3.4649 0.589 0.243, -3.4869 0.5927 0.3169, -3.4944 0.594 0.3937, -3.0071 -0.9407 0.0, -2.937 -1.1409 0.0, -3.0086 -1.1687 0.0076, -3.2847 0.3329 0.03, -3.4966 0.3544 0.243, -3.5189 0.3567 0.3169, -3.5265 0.3574 0.3937, -3.2258 -0.1088 0.0076, -3.149 -0.1063 0.0, -3.2996 0.111 0.03, -3.5126 0.1182 0.243, -3.5349 0.119 0.3169, -3.5425 0.1192 0.3937, -3.2112 -0.3258 0.0076, -3.2996 -0.1113 0.03, -3.5126 -0.1185 0.243, -3.5349 -0.1193 0.3169, -3.5425 -0.1195 0.3937, -3.1347 -0.318 0.0, -3.182 -0.5412 0.0076, -3.2847 -0.3332 0.03, -3.4966 -0.3547 0.243, -3.5189 -0.357 0.3169, -3.5265 -0.3577 0.3937, -3.1062 -0.5283 0.0, -3.1384 -0.7541 0.0076, -3.2548 -0.5536 0.03, -3.4649 -0.5893 0.243, -3.4869 -0.593 0.3169, -3.4944 -0.5943 0.3937, -3.0636 -0.7361 0.0, -3.0805 -0.9636 0.0076, -3.2102 -0.7714 0.03, -3.4174 -0.8212 0.243, -3.4391 -0.8264 0.3169, -3.4465 -0.8282 0.3937, -2.9231 -1.3686 0.0076, -2.8535 -1.336 0.0, -3.3543 -1.0493 0.243, -3.151 -0.9857 0.03, -3.3757 -1.056 0.3169, -3.3829 -1.0582 0.3937, -2.4531 -2.0971 0.0076, -2.5272 -1.8814 0.0, -2.3948 -2.0473 0.0, -2.8243 -1.5622 0.0076, -2.7571 -1.525 0.0, -3.2761 -1.2727 0.243, -3.0775 -1.1955 0.03, -3.2969 -1.2808 0.3169, -3.304 -1.2835 0.3937, -2.99 -1.3999 0.03, -3.1829 -1.4902 0.243, -3.2032 -1.4997 0.3169, -3.2101 -1.503 0.3937, -2.7127 -1.7487 0.0076, -2.8889 -1.5979 0.03, -3.0753 -1.7011 0.243, -3.0949 -1.7119 0.3169, -3.1016 -1.7156 0.3937, -2.6482 -1.7071 0.0, -2.5888 -1.9272 0.0076, -2.7747 -1.7887 0.03, -2.9538 -1.9042 0.243, -2.9726 -1.9163 0.3169, -2.979 -1.9204 0.3937, -2.3064 -2.2574 0.0076, -2.2515 -2.2038 0.0, -2.8189 -2.0986 0.243, -2.648 -1.9714 0.03, -2.8369 -2.112 0.3169, -2.8429 -2.1165 0.3937, -1.3965 -2.8238 0.0, -1.4307 -2.8927 0.0076, -1.5835 -2.7235 0.0, -2.1492 -2.4075 0.0076, -2.098 -2.3503 0.0, -2.6712 -2.2836 0.243, -2.5093 -2.1451 0.03, -2.6882 -2.2981 0.3169, -2.694 -2.3031 0.3937, -2.3591 -2.3091 0.03, -2.5114 -2.4582 0.243, -2.5274 -2.4739 0.3169, -2.5328 -2.4791 0.3937, -1.9822 -2.5467 0.0076, -2.1983 -2.4626 0.03, -2.3402 -2.6216 0.243, -2.3551 -2.6384 0.3169, -2.3601 -2.644 0.3937, -1.935 -2.4862 0.0, -1.8063 -2.6744 0.0076, -2.0276 -2.605 0.03, -2.1584 -2.7732 0.243, -2.1721 -2.7909 0.3169, -2.1768 -2.7969 0.3937, -1.7632 -2.6107 0.0, -1.6221 -2.7899 0.0076, -1.8476 -2.7356 0.03, -1.9668 -2.9122 0.243, -1.9793 -2.9308 0.3169, -1.9836 -2.937 0.3937, -1.2327 -2.9824 0.0076, -1.2032 -2.9114 0.0, -1.7663 -3.038 0.243, -1.6593 -2.8537 0.03, -1.7776 -3.0573 0.3169, -1.7814 -3.0639 0.3937, -0.1733 -3.145 0.0, -0.1775 -3.2217 0.0076, -0.3847 -3.1263 0.0, -1.0291 -3.0585 0.0076, -1.0045 -2.9857 0.0, -1.5578 -3.1499 0.243, -1.4634 -2.9589 0.03, -1.5677 -3.17 0.3169, -1.5711 -3.1768 0.3937, -1.2609 -3.0506 0.03, -1.3422 -3.2476 0.243, -1.3507 -3.2683 0.3169, -1.3536 -3.2753 0.3937, -0.8208 -3.1208 0.0076, -1.0526 -3.1285 0.03, -1.1205 -3.3305 0.243, -1.1276 -3.3517 0.3169, -1.1301 -3.3589 0.3937, -0.8012 -3.0465 0.0, -0.6088 -3.1689 0.0076, -0.8396 -3.1922 0.03, -0.8937 -3.3983 0.243, -0.8994 -3.42 0.3169, -0.9013 -3.4273 0.3937, -0.5943 -3.0934 0.0, -0.3941 -3.2026 0.0076, -0.6227 -3.2414 0.03, -0.6629 -3.4506 0.243, -0.6671 -3.4726 0.3169, -0.6685 -3.4801 0.3937, 0.0398 -3.2263 0.0076, 0.0388 -3.1495 0.0, -0.429 -3.4873 0.243, -0.403 -3.2759 0.03, -0.4317 -3.5096 0.3169, -0.4326 -3.5171 0.3937, 0.8974 -3.0989 0.0076, 0.6703 -3.0773 0.0, 0.876 -3.0251 0.0, 0.257 -3.2163 0.0076, 0.2508 -3.1397 0.0, -0.1932 -3.5082 0.243, -0.1815 -3.2955 0.03, -0.1944 -3.5306 0.3169, -0.1948 -3.5382 0.3937, 0.0408 -3.3002 0.03, 0.0435 -3.5132 0.243, 0.0438 -3.5356 0.3169, 0.0439 -3.5432 0.3937, 0.4729 -3.1916 0.0076, 0.2629 -3.2899 0.03, 0.2799 -3.5023 0.243, 0.2817 -3.5246 0.3169, 0.2823 -3.5321 0.3937, 0.4616 -3.1156 0.0, 0.6867 -3.1524 0.0076, 0.4838 -3.2646 0.03, 0.5151 -3.4754 0.243, 0.5184 -3.4976 0.3169, 0.5195 -3.505 0.3937, 1.104 -3.0314 0.0076, 1.0777 -2.9592 0.0, 0.7479 -3.4328 0.243, 0.7025 -3.2246 0.03, 0.7527 -3.4546 0.3169, 0.7543 -3.462 0.3937, 1.9953 -2.4362 0.0, 2.0439 -2.4956 0.0076, 1.8267 -2.5651 0.0, 1.3056 -2.9501 0.0076, 1.2745 -2.8798 0.0, 0.9773 -3.3745 0.243, 0.918 -3.1699 0.03, 0.9835 -3.396 0.3169, 0.9857 -3.4033 0.3937, 1.1293 -3.1008 0.03, 1.2023 -3.3009 0.243, 1.2099 -3.322 0.3169, 1.2125 -3.3291 0.3937, 1.5012 -2.8554 0.0076, 1.3355 -3.0176 0.03, 1.4218 -3.2124 0.243, 1.4308 -3.2329 0.3169, 1.4339 -3.2398 0.3937, 1.4655 -2.7874 0.0, 1.69 -2.7477 0.0076, 1.5356 -2.9207 0.03, 1.6348 -3.1093 0.243, 1.6452 -3.1291 0.3169, 1.6488 -3.1358 0.3937, 1.6499 -2.6823 0.0, 1.8712 -2.6276 0.0076, 1.7287 -2.8106 0.03, 1.8404 -2.9921 0.243, 1.8522 -3.0111 0.3169, 1.8561 -3.0176 0.3937, 2.0377 -2.8613 0.243, 1.9141 -2.6878 0.03, 2.0507 -2.8795 0.3169, 2.0551 -2.8857 0.3937, 2.8751 -1.7531 0.0664, 2.7505 -1.9428 0.0664, 2.2257 -2.7175 0.243, 2.2399 -2.7348 0.3169, 2.2447 -2.7407 0.3937, 2.0907 -2.5527 0.03, 2.8392 -2.0055 0.175, 2.2578 -2.4061 0.03, 2.4036 -2.5614 0.243, 2.419 -2.5777 0.3169, 2.4242 -2.5832 0.3937, 2.4645 -2.2949 0.0664, 2.5082 -2.3355 0.1153, 2.4147 -2.2485 0.03, 2.5926 -2.4141 0.3937, 2.4437 -1.9857 0.0, 2.6134 -2.1237 0.0664, 2.6598 -2.1613 0.1153, 2.5606 -2.0808 0.03, 2.7493 -2.234 0.3937, 2.5718 -1.8166 0.0, 2.7992 -1.9772 0.1153, 2.8934 -2.0437 0.3937, 2.926 -1.7842 0.1153, 2.9678 -1.8097 0.175, 2.9989 -1.8286 0.243, 2.9867 -1.5556 0.066, 3.0397 -1.5831 0.115, 3.0832 -1.6058 0.1748, 3.1155 -1.6226 0.2429, 3.1354 -1.6329 0.3168, 3.1418 1.636 0.4724, 2.7493 2.2337 0.4724, 2.8934 2.0434 0.4724, 3.0245 1.8439 0.4724, 2.2447 2.7404 0.4724, 2.5926 2.4138 0.4724, 2.4242 2.5829 0.4724, 1.6488 3.1355 0.4724, 1.8561 3.0173 0.4724, 2.0551 2.8854 0.4724, 0.9857 3.403 0.4724, 1.2125 3.3288 0.4724, 1.4339 3.2395 0.4724, 0.2823 3.5318 0.4724, 0.7543 3.4617 0.4724, 0.5195 3.5048 0.4724, -0.4326 3.5168 0.4724, -0.1948 3.5379 0.4724, 0.0439 3.5429 0.4724, -1.1301 3.3586 0.4724, -0.9013 3.427 0.4724, -0.6685 3.4798 0.4724, -1.7814 3.0636 0.4724, -1.3536 3.275 0.4724, -1.5711 3.1765 0.4724, -2.3601 2.6437 0.4724, -2.1768 2.7966 0.4724, -1.9836 2.9367 0.4724, -2.8429 2.1162 0.4724, -2.694 2.3028 0.4724, -2.5328 2.4789 0.4724, -3.2101 1.5027 0.4724, -2.979 1.9201 0.4724, -3.1016 1.7153 0.4724, -3.4465 0.8279 0.4724, -3.3829 1.058 0.4724, -3.304 1.2832 0.4724, -3.5425 0.1192 0.4724, -3.5264 0.3574 0.4724, -3.4944 0.594 0.4724, -3.4944 -0.5943 0.4724, -3.5425 -0.1195 0.4724, -3.5264 -0.3577 0.4724, -3.304 -1.2835 0.4724, -3.3829 -1.0582 0.4724, -3.4465 -0.8282 0.4724, -2.979 -1.9204 0.4724, -3.1016 -1.7156 0.4724, -3.2101 -1.503 0.4724, -2.5328 -2.4791 0.4724, -2.8429 -2.1165 0.4724, -2.694 -2.3031 0.4724, -1.9836 -2.937 0.4724, -2.1768 -2.7969 0.4724, -2.3601 -2.644 0.4724, -1.3536 -3.2753 0.4724, -1.5711 -3.1768 0.4724, -1.7814 -3.0639 0.4724, -0.6685 -3.4801 0.4724, -0.9013 -3.4273 0.4724, -1.1301 -3.3589 0.4724, -0.4326 -3.5171 0.4724, -0.1948 -3.5382 0.4724, 0.0439 -3.5432 0.4724, 0.2823 -3.5321 0.4724, 0.5195 -3.505 0.4724, 0.7543 -3.462 0.4724, 0.9857 -3.4033 0.4724, 1.2125 -3.3291 0.4724, 1.4339 -3.2398 0.4724, 1.6488 -3.1358 0.4724, 1.8561 -3.0176 0.4724, 2.0551 -2.8857 0.4724, 2.2447 -2.7407 0.4724, 2.4242 -2.5832 0.4724, 2.5926 -2.4141 0.4724, 2.7493 -2.234 0.4724, 2.8934 -2.0437 0.4724, 3.0245 -1.8442 0.4724, 3.1418 -1.6363 0.4724, 2.9659 1.8082 0.7939, 2.8374 2.0039 0.7939, 2.9215 1.7811 0.8912, 2.6557 -2.158 0.8912, 2.696 -2.1907 0.7939, 2.8374 -2.0042 0.7939, 2.7433 2.2288 0.5825, 2.5869 2.4085 0.5825, 3.0179 1.8399 0.5825, 3.1352 1.6326 0.5825, 3.1148 1.6219 0.6904, 2.9982 1.8279 0.6903, 2.5424 2.3671 0.7939, 2.6557 2.1577 0.8912, 2.696 2.1904 0.7939, 2.2012 2.6873 0.7939, 2.3416 2.4951 0.8912, 2.3772 2.5329 0.7939, 2.2398 2.7344 0.5825, 2.4189 2.5773 0.5825, 1.8521 3.0107 0.5825, 1.6452 3.1287 0.5825, 2.0506 2.8791 0.5825, 0.9835 3.3956 0.5825, 1.2099 3.3216 0.5825, 1.7929 2.9146 0.8912, 1.8202 2.9589 0.7939, 1.6168 3.0748 0.7939, 0.2817 3.5241 0.5825, 0.5184 3.4971 0.5825, 1.189 3.2644 0.7939, 0.9665 3.3371 0.7939, 1.1712 3.2155 0.8912, -0.8994 3.4195 0.5825, 0.2768 3.4635 0.7939, 0.5018 3.3855 0.8912, 0.5094 3.4369 0.7939, -1.1276 3.3513 0.5825, -0.1882 3.4175 0.8912, -0.1911 3.4694 0.7939, -0.4243 3.4487 0.7939, -1.7775 3.0569 0.5825, -1.5676 3.1696 0.5825, -0.8839 3.3606 0.7939, -1.1082 3.2936 0.7939, -0.8707 3.3104 0.8912, -2.172 2.7905 0.5825, -2.355 2.6379 0.5825, -1.7469 3.0043 0.7939, -1.5176 3.0684 0.8912, -1.5407 3.115 0.7939, -3.0948 1.7115 0.5825, -2.1028 2.7014 0.8912, -2.1347 2.7424 0.7939, -2.3145 2.5925 0.7939, -3.3756 1.0557 0.5825, -2.6418 2.2582 0.7939, -2.7879 2.0753 0.7939, -2.6023 2.2244 0.8912, -3.4868 0.5927 0.5825, -3.1479 1.4736 0.7939, -2.9961 1.6569 0.8912, -3.0415 1.6821 0.7939, -3.4868 -0.593 0.5825, -3.2679 1.022 0.8912, -3.3174 1.0375 0.7939, -3.3798 0.8118 0.7939, -3.5188 -0.357 0.5825, -3.4582 0.3505 0.7939, -3.4739 0.1169 0.7939, -3.4065 0.3453 0.8912, -3.3756 -1.0559 0.5825, -3.2968 -1.2807 0.5825, -3.4268 -0.5828 0.7939, -3.4065 -0.3456 0.8912, -3.4582 -0.3508 0.7939, -2.9725 -1.9162 0.5825, -3.0948 -1.7118 0.5825, -3.2679 -1.0222 0.8912, -3.3174 -1.0378 0.7939, -3.24 -1.2587 0.7939, -2.5273 -2.4737 0.5825, -2.6881 -2.298 0.5825, -3.0415 -1.6824 0.7939, -2.9213 -1.8832 0.7939, -2.9961 -1.6572 0.8912, -0.8994 -3.4198 0.5825, -2.4838 -2.4311 0.7939, -2.6023 -2.2247 0.8912, -2.6418 -2.2585 0.7939, -1.3507 -3.2682 0.5825, -1.5676 -3.1699 0.5825, -2.1028 -2.7017 0.8912, -2.1347 -2.7427 0.7939, -1.9452 -2.8802 0.7939, -1.3076 -3.1639 0.8912, -1.3274 -3.2119 0.7939, -1.1082 -3.2939 0.7939, -1.5407 -3.1153 0.7939, -1.5176 -3.0687 0.8912, -0.4317 -3.5094 0.5825, -0.6671 -3.4725 0.5825, -0.8839 -3.3609 0.7939, -1.0916 -3.2446 0.8912, -0.4243 -3.449 0.7939, -0.6458 -3.3617 0.8912, -0.6556 -3.4127 0.7939, -0.8707 -3.3107 0.8912, 0.0438 -3.5355 0.5825, 0.2817 -3.5244 0.5825, -0.1944 -3.5305 0.5825, 0.5184 -3.4974 0.5825, 0.043 -3.4746 0.7939, -0.1882 -3.4178 0.8912, -0.1911 -3.4697 0.7939, 0.2727 -3.412 0.8912, 0.2768 -3.4638 0.7939, 0.5094 -3.4372 0.7939, 0.0423 -3.4226 0.8912, 0.7397 -3.395 0.7939, 0.5018 -3.3858 0.8912, 0.9835 -3.3959 0.5825, 0.7526 -3.4545 0.5825, 0.9665 -3.3374 0.7939, 0.7286 -3.3442 0.8912, 1.2099 -3.3219 0.5825, 1.6452 -3.129 0.5825, 1.4308 -3.2327 0.5825, 2.7433 -2.2291 0.5825, 1.189 -3.2646 0.7939, 1.4061 -3.1771 0.7939, 1.1712 -3.2158 0.8912, 1.8521 -3.011 0.5825, 2.0506 -2.8794 0.5825, 1.3851 -3.1296 0.8912, 1.6168 -3.0751 0.7939, 2.2398 -2.7347 0.5825, 1.8202 -2.9592 0.7939, 1.5926 -3.0291 0.8912, 2.4189 -2.5776 0.5825, 2.0153 -2.8298 0.7939, 1.7929 -2.9149 0.8912, 2.5869 -2.4088 0.5825, 1.9851 -2.7875 0.8912, 2.2012 -2.6876 0.7939, 2.3772 -2.5332 0.7939, 2.5424 -2.3673 0.7939, 2.3416 -2.4953 0.8912, 2.1683 -2.6474 0.8912, 2.7418 -1.9367 0.9802, 2.9215 -1.7814 0.8912, 2.866 -1.7476 0.9802, 2.8003 -1.7076 1.0593, 2.9774 -1.5507 0.9805, 2.9092 -1.5152 1.0596, 2.4567 -2.2876 0.9802, 2.5043 -2.3319 0.8912, 2.6052 -2.117 0.9802, 2.5455 -2.0685 1.0593, 2.679 -1.8923 1.0593, 3.0179 -1.8402 0.5825, 2.9982 -1.8282 0.6903, 2.8683 -2.026 0.6903, 3.1352 -1.6329 0.5825, 3.1148 -1.6222 0.6904, 0.9521 -3.2875 0.8912, -0.418 -3.3974 0.8912, -1.1276 -3.3516 0.5825, -1.9161 -2.8371 0.8912, -1.7469 -3.0045 0.7939, -1.7208 -2.9596 0.8912, -1.7775 -3.0572 0.5825, -1.9792 -2.9306 0.5825, -2.3145 -2.5928 0.7939, -2.4466 -2.3948 0.8912, -2.2799 -2.554 0.8912, -2.355 -2.6382 0.5825, -2.172 -2.7908 0.5825, -2.7879 -2.0755 0.7939, -2.8777 -1.8551 0.8912, -2.7462 -2.0445 0.8912, -2.8367 -2.1119 0.5825, -3.1916 -1.2399 0.8912, -3.1479 -1.4739 0.7939, -3.1009 -1.4518 0.8912, -3.2031 -1.4997 0.5825, -3.3798 -0.8121 0.7939, -3.3755 -0.5741 0.8912, -3.3293 -0.8 0.8912, -3.439 -0.8264 0.5825, -3.4739 -0.1172 0.7939, -3.422 0.1152 0.8912, -3.422 -0.1155 0.8912, -3.5348 -0.1193 0.5825, -3.5348 0.119 0.5825, -3.3293 0.7997 0.8912, -3.4268 0.5825 0.7939, -3.3755 0.5738 0.8912, -3.439 0.8261 0.5825, -3.5188 0.3567 0.5825, -3.24 1.2584 0.7939, -3.1009 1.4515 0.8912, -3.1916 1.2396 0.8912, -3.2031 1.4994 0.5825, -3.2968 1.2804 0.5825, -2.9213 1.8829 0.7939, -2.7462 2.0442 0.8912, -2.8777 1.8548 0.8912, -2.9725 1.9159 0.5825, -2.8367 2.1116 0.5825, -2.2799 2.5537 0.8912, -2.4838 2.4309 0.7939, -2.4466 2.3945 0.8912, -2.6881 2.2977 0.5825, -2.5273 2.4734 0.5825, -1.9452 2.8799 0.7939, -1.7208 2.9593 0.8912, -1.9161 2.8368 0.8912, -1.9792 2.9303 0.5825, -1.3274 3.2116 0.7939, -1.0916 3.2443 0.8912, -1.3076 3.1636 0.8912, -1.3507 3.2679 0.5825, -0.418 3.3971 0.8912, -0.6556 3.4124 0.7939, -0.6458 3.3614 0.8912, -0.6671 3.4722 0.5825, -0.4317 3.5091 0.5825, 0.043 3.4743 0.7939, 0.2727 3.4117 0.8912, 0.0423 3.4223 0.8912, -0.1944 3.5302 0.5825, 0.7397 3.3947 0.7939, 0.9521 3.2872 0.8912, 0.7286 3.3439 0.8912, 0.0438 3.5352 0.5825, 1.5926 3.0288 0.8912, 1.4061 3.1768 0.7939, 1.3851 3.1293 0.8912, 0.7526 3.4542 0.5825, 2.0153 2.8295 0.7939, 2.1683 2.6471 0.8912, 1.9851 2.7872 0.8912, 2.5043 2.3317 0.8912, 1.4308 3.2325 0.5825, 2.7949 1.9739 0.8912, 2.8871 2.039 0.5825, 3.0351 1.5805 0.8914, 3.0812 1.6045 0.7941, 2.9774 1.5504 0.9805, 2.866 1.7473 0.9802, 2.9092 1.5149 1.0596, 2.8683 2.0257 0.6903, 2.8003 1.7073 1.0593, 2.7418 1.9364 0.9802, 2.7254 2.2143 0.6903, 2.679 1.8921 1.0593, 2.6052 2.1167 0.9802, 2.5701 2.3929 0.6903, 2.5455 2.0682 1.0593, 2.4567 2.2873 0.9802, 2.4031 2.5605 0.6903, 2.4004 2.235 1.0593, 2.2971 2.4476 0.9802, 2.2252 2.7166 0.6903, 2.1271 2.5968 0.9802, 2.2445 2.3916 1.0593, 2.0783 2.5374 1.0593, 2.0373 2.8603 0.6903, 1.9474 2.7342 0.9802, 1.84 2.9911 0.6903, 1.9027 2.6717 1.0593, 1.7588 2.8592 0.9802, 1.6344 3.1083 0.6903, 1.5623 2.9713 0.9802, 1.7185 2.7938 1.0593, 1.4214 3.2114 0.6903, 1.5265 2.9033 1.0593, 1.3587 3.0698 0.9802, 1.202 3.2999 0.6903, 1.3275 2.9996 1.0593, 1.1489 3.1544 0.9802, 0.9771 3.3735 0.6903, 1.1226 3.0822 1.0593, 0.934 3.2247 0.9802, 0.7477 3.4317 0.6903, 0.9125 3.1509 1.0593, 0.7147 3.2804 0.9802, 0.515 3.4743 0.6903, 0.6983 3.2053 1.0593, 0.4922 3.3211 0.9802, 0.2799 3.5012 0.6903, 0.4809 3.2451 1.0593, 0.2675 3.3468 0.9802, 0.0435 3.5122 0.6903, 0.2613 3.2702 1.0593, 0.0415 3.3573 0.9802, -0.1931 3.5072 0.6903, 0.0405 3.2804 1.0593, -0.1847 3.3525 0.9802, -0.4289 3.4863 0.6903, -0.1806 3.2758 1.0593, -0.41 3.3326 0.9802, -0.6627 3.4496 0.6903, -0.4008 3.2563 1.0593, -0.6335 3.2975 0.9802, -0.8935 3.3973 0.6903, -0.6191 3.222 1.0593, -0.8542 3.2475 0.9802, -1.1203 3.3295 0.6903, -0.8347 3.1731 1.0593, -1.0709 3.1827 0.9802, -1.3419 3.2466 0.6903, -1.0465 3.1098 1.0593, -1.2828 3.1034 0.9802, -1.5574 3.1489 0.6903, -1.2535 3.0324 1.0593, -1.4888 3.0101 0.9802, -1.7659 3.037 0.6903, -1.6881 2.9031 0.9802, -1.4548 2.9412 1.0593, -1.9664 2.9113 0.6903, -1.6495 2.8366 1.0593, -1.8797 2.7829 0.9802, -2.1579 2.7723 0.6903, -1.8367 2.7192 1.0593, -2.0628 2.6501 0.9802, -2.3397 2.6208 0.6903, -2.2366 2.5052 0.9802, -2.0156 2.5894 1.0593, -2.5108 2.4573 0.6903, -2.1854 2.4479 1.0593, -2.4002 2.349 0.9802, -2.6706 2.2828 0.6903, -2.3453 2.2952 1.0593, -2.5529 2.1821 0.9802, -2.8183 2.0979 0.6903, -2.4945 2.1322 1.0593, -2.6941 2.0054 0.9802, -2.9532 1.9034 0.6903, -2.6324 1.9594 1.0593, -2.823 1.8195 0.9802, -3.0747 1.7004 0.6903, -2.7584 1.7778 1.0593, -2.9392 1.6254 0.9802, -3.1822 1.4896 0.6903, -2.8719 1.5882 1.0593, -3.042 1.4239 0.9802, -3.2753 1.2721 0.6903, -2.9724 1.3913 1.0593, -3.131 1.216 0.9802, -3.3536 1.0488 0.6903, -3.0594 1.1881 1.0593, -3.2058 1.0025 0.9802, -3.4166 0.8207 0.6903, -3.1324 0.9795 1.0593, -3.266 0.7845 0.9802, -3.4641 0.5889 0.6903, -3.1913 0.7665 1.0593, -3.3114 0.5629 0.9802, -3.4959 0.3543 0.6903, -3.2357 0.5499 1.0593, -3.3418 0.3387 0.9802, -3.5118 0.1182 0.6903, -3.2653 0.3309 1.0593, -3.357 0.113 0.9802, -3.5118 -0.1185 0.6903, -3.2802 0.1103 1.0593, -3.357 -0.1133 0.9802, -3.4959 -0.3546 0.6903, -3.2802 -0.1108 1.0593, -3.3418 -0.339 0.9802, -3.4641 -0.5891 0.6903, -3.2653 -0.3313 1.0593, -3.3114 -0.5632 0.9802, -3.4166 -0.821 0.6903, -3.2356 -0.5504 1.0593, -3.266 -0.7848 0.9802, -3.3536 -1.0491 0.6903, -3.1913 -0.7669 1.0593, -3.2058 -1.0028 0.9802, -3.2753 -1.2724 0.6903, -3.1324 -0.9799 1.0593, -3.131 -1.2163 0.9802, -3.1822 -1.4899 0.6903, -3.0593 -1.1885 1.0593, -3.042 -1.4242 0.9802, -3.0747 -1.7007 0.6903, -2.9723 -1.3917 1.0593, -2.9392 -1.6257 0.9802, -2.9532 -1.9037 0.6903, -2.8719 -1.5886 1.0593, -2.823 -1.8198 0.9802, -2.8183 -2.0982 0.6903, -2.7584 -1.7782 1.0593, -2.6941 -2.0057 0.9802, -2.6706 -2.2831 0.6903, -2.6324 -1.9598 1.0593, -2.5529 -2.1824 0.9802, -2.5108 -2.4576 0.6903, -2.4002 -2.3493 0.9802, -2.4945 -2.1325 1.0593, -2.3397 -2.6211 0.6903, -2.3452 -2.2955 1.0593, -2.2366 -2.5055 0.9802, -2.1579 -2.7726 0.6903, -2.1854 -2.4482 1.0593, -2.0628 -2.6503 0.9802, -1.9664 -2.9115 0.6903, -2.0156 -2.5897 1.0593, -1.8797 -2.7832 0.9802, -1.7659 -3.0373 0.6903, -1.8367 -2.7195 1.0593, -1.6881 -2.9034 0.9802, -1.5574 -3.1492 0.6903, -1.6495 -2.8369 1.0593, -1.4888 -3.0104 0.9802, -1.3419 -3.2469 0.6903, -1.4548 -2.9415 1.0593, -1.2828 -3.1037 0.9802, -1.1203 -3.3298 0.6903, -1.2534 -3.0327 1.0593, -1.0709 -3.183 0.9802, -0.8935 -3.3975 0.6903, -1.0464 -3.1101 1.0593, -0.8542 -3.2478 0.9802, -0.6627 -3.4499 0.6903, -0.8346 -3.1734 1.0593, -0.6335 -3.2978 0.9802, -0.4289 -3.4866 0.6903, -0.619 -3.2223 1.0593, -0.41 -3.3329 0.9802, -0.1931 -3.5075 0.6903, -0.1847 -3.3528 0.9802, -0.4006 -3.2566 1.0593, 0.0435 -3.5125 0.6903, -0.1804 -3.2761 1.0593, 0.0415 -3.3576 0.9802, 0.2799 -3.5015 0.6903, 0.0406 -3.2807 1.0593, 0.2675 -3.3471 0.9802, 0.515 -3.4746 0.6903, 0.2614 -3.2705 1.0593, 0.4922 -3.3214 0.9802, 0.7477 -3.432 0.6903, 0.481 -3.2454 1.0593, 0.7147 -3.2807 0.9802, 0.9771 -3.3738 0.6903, 0.6984 -3.2056 1.0593, 0.934 -3.225 0.9802, 1.202 -3.3002 0.6903, 0.9126 -3.1512 1.0593, 1.1489 -3.1547 0.9802, 1.4214 -3.2117 0.6903, 1.1227 -3.0825 1.0593, 1.3587 -3.0701 0.9802, 1.6344 -3.1086 0.6903, 1.3277 -2.9998 1.0593, 1.5623 -2.9715 0.9802, 1.84 -2.9914 0.6903, 1.5266 -2.9035 1.0593, 1.7588 -2.8595 0.9802, 2.0373 -2.8606 0.6903, 1.7186 -2.794 1.0593, 1.9474 -2.7345 0.9802, 2.2252 -2.7169 0.6903, 1.9028 -2.6719 1.0593, 2.1271 -2.5971 0.9802, 2.4031 -2.5608 0.6903, 2.0784 -2.5376 1.0593, 2.2971 -2.4479 0.9802, 2.5701 -2.3931 0.6903, 2.2445 -2.3919 1.0593, 2.7254 -2.2146 0.6903, 2.4005 -2.2352 1.0593, 2.8871 -2.0393 0.5825, 2.7949 -1.9742 0.8912, 2.9659 -1.8085 0.7939, 3.0812 -1.6047 0.7941, 3.0351 -1.5807 0.8914, -3.1255 0.4405 1.2869, -3.1486 0.2207 1.2869, 2.317 -2.2041 1.1624, 2.4656 -2.0365 1.1624, 2.2974 -2.1855 1.2228, -3.087 0.6581 1.2869, -3.1296 0.6671 1.1624, -3.0493 0.877 1.2228, -3.0752 0.8844 1.1624, -3.0334 0.8724 1.2869, -3.0058 1.0974 1.1624, -2.9804 1.0881 1.2228, -2.9649 1.0824 1.2869, -2.8969 1.2939 1.2228, -2.9216 1.3049 1.1624, -3.0334 -0.8727 1.2869, -2.7992 1.4934 1.2228, -2.8231 1.5061 1.1624, -2.8555 1.5234 1.1074, -2.9551 1.3199 1.1074, -2.7847 1.4856 1.2869, -2.8818 1.2872 1.2869, -2.7107 1.6998 1.1624, -2.7418 1.7194 1.1074, -2.6738 1.6767 1.2869, -2.585 1.8853 1.1624, -2.6147 1.9069 1.1074, -2.4748 2.0852 1.1074, -2.4467 2.0615 1.1624, -2.4135 2.0334 1.2869, -2.5499 1.8596 1.2869, -2.2965 2.2276 1.1624, -2.3228 2.2532 1.1074, -2.2652 2.1973 1.2869, -2.1594 2.4101 1.1074, -2.1349 2.3828 1.1624, -1.9855 2.5553 1.1074, -1.9629 2.5263 1.1624, -1.9363 2.4919 1.2869, -2.1059 2.3504 1.2869, -1.7813 2.6574 1.1624, -1.8018 2.6879 1.1074, -1.7571 2.6213 1.2869, -1.591 2.7755 1.1624, -1.5776 2.7521 1.2228, -1.1879 2.9703 1.1624, -1.3929 2.88 1.1624, -1.1779 2.9453 1.2228, -1.3811 2.8557 1.2228, -0.9689 3.0204 1.2228, -0.9771 3.0461 1.1624, -1.5694 2.7378 1.2869, -1.374 2.8408 1.2869, -0.7551 3.0807 1.2228, -0.7615 3.1069 1.1624, -1.1718 2.9299 1.2869, -0.5422 3.1525 1.1624, -0.5376 3.1259 1.2228, -0.9639 3.0047 1.2869, -0.3175 3.1557 1.2228, -0.3202 3.1826 1.1624, -0.0958 3.1701 1.2228, -0.0966 3.1971 1.1624, -0.5348 3.1096 1.2869, -0.7512 3.0646 1.2869, 0.1274 3.196 1.1624, 0.1263 3.169 1.2228, 0.3478 3.1523 1.2228, 0.3507 3.1792 1.1624, -0.3159 3.1393 1.2869, -0.0953 3.1536 1.2869, 0.5675 3.1202 1.2228, 0.5724 3.1467 1.1624, 0.1256 3.1525 1.2869, 0.7912 3.0989 1.1624, 0.7845 3.0727 1.2228, 0.9976 3.0102 1.2228, 1.0061 3.0358 1.1624, 0.346 3.1359 1.2869, 0.5646 3.1039 1.2869, 1.2058 2.9329 1.2228, 1.2161 2.9579 1.1624, 0.7804 3.0567 1.2869, 1.4201 2.8654 1.1624, 1.4081 2.8412 1.2228, 1.6035 2.7356 1.2228, 1.6172 2.7589 1.1624, 0.9924 2.9945 1.2869, 1.1995 2.9176 1.2869, 1.8063 2.6388 1.1624, 1.791 2.6166 1.2228, 1.4008 2.8264 1.2869, 1.9698 2.4847 1.2228, 1.9865 2.5059 1.1624, 1.5951 2.7213 1.2869, 2.1388 2.3407 1.2228, 2.1571 2.3606 1.1624, 1.7817 2.6029 1.2869, 2.1277 2.3285 1.2869, 1.9595 2.4718 1.2869, 2.2855 2.1738 1.2869, 2.1819 2.3877 1.1074, 2.0094 2.5347 1.1074, 2.317 2.2038 1.1624, 2.3436 2.2291 1.1074, 2.5666 1.8333 1.2869, 2.432 2.0085 1.2869, 2.4656 2.0362 1.1624, 2.4939 2.0596 1.1074, 2.6886 1.6491 1.2869, 2.6021 1.8585 1.1624, 2.6319 1.8799 1.1074, 2.7975 1.4568 1.2869, 2.7258 1.6718 1.1624, 2.7571 1.691 1.1074, 2.7027 1.6577 1.2228, 2.8121 1.4644 1.2228, 2.8361 1.4768 1.1624, 2.8687 1.4938 1.1074, -3.1564 -0.0001 1.2869, -3.1686 0.4465 1.1624, -3.1032 0.6615 1.2228, -3.1486 -0.221 1.2869, -3.1921 0.2238 1.1624, -3.1418 0.4428 1.2228, -3.1255 -0.4408 1.2869, -3.1999 -0.0001 1.1624, -3.1651 0.2219 1.2228, -2.5499 -1.8599 1.2869, -3.1921 -0.224 1.1624, -3.1729 -0.0001 1.2228, -3.087 -0.6583 1.2869, -3.1651 -0.2222 1.2228, -3.1686 -0.4468 1.1624, -2.9649 -1.0827 1.2869, -3.1296 -0.6674 1.1624, -3.1418 -0.4431 1.2228, -2.8818 -1.2875 1.2869, -3.0752 -0.8847 1.1624, -3.1032 -0.6618 1.2228, -2.7847 -1.4859 1.2869, -3.0493 -0.8773 1.2228, -3.0058 -1.0977 1.1624, -2.6738 -1.677 1.2869, -2.9216 -1.3052 1.1624, -2.9804 -1.0884 1.2228, -2.4135 -2.0337 1.2869, -2.8231 -1.5064 1.1624, -2.8969 -1.2942 1.2228, -2.7992 -1.4937 1.2228, -2.7107 -1.7001 1.1624, -2.5632 -1.8697 1.2228, -2.585 -1.8856 1.1624, -2.4467 -2.0618 1.1624, -2.6878 -1.6858 1.2228, -2.2965 -2.2279 1.1624, -2.4261 -2.0444 1.2228, -2.2652 -2.1976 1.2869, -2.1059 -2.3506 1.2869, -2.1594 -2.4104 1.1074, -2.3228 -2.2535 1.1074, -1.9363 -2.4922 1.2869, -1.9855 -2.5556 1.1074, -2.1349 -2.3831 1.1624, -1.7571 -2.6216 1.2869, -1.8018 -2.6882 1.1074, -1.9629 -2.5266 1.1624, -1.5694 -2.738 1.2869, -1.7813 -2.6577 1.1624, -1.6093 -2.8077 1.1074, 0.1256 -3.1528 1.2869, -1.4089 -2.9134 1.1074, -1.591 -2.7758 1.1624, -1.1718 -2.9302 1.2869, -1.374 -2.8411 1.2869, -1.2016 -3.0047 1.1074, -1.3929 -2.8803 1.1624, -0.9639 -3.0049 1.2869, -1.1879 -2.9706 1.1624, -0.9884 -3.0814 1.1074, -0.7512 -3.0649 1.2869, -0.7703 -3.1429 1.1074, -0.9771 -3.0464 1.1624, -0.7615 -3.1072 1.1624, -0.9689 -3.0207 1.2228, -0.5348 -3.1099 1.2869, -0.7551 -3.081 1.2228, -0.5422 -3.1528 1.1624, -0.3159 -3.1396 1.2869, -0.3202 -3.1829 1.1624, -0.5376 -3.1261 1.2228, 1.4008 -2.8267 1.2869, -0.0966 -3.1974 1.1624, -0.3175 -3.156 1.2228, -0.0953 -3.1539 1.2869, 0.1274 -3.1963 1.1624, -0.0958 -3.1704 1.2228, 0.346 -3.1362 1.2869, 0.1263 -3.1693 1.2228, 0.3507 -3.1795 1.1624, 0.5646 -3.1042 1.2869, 0.5724 -3.147 1.1624, 0.3478 -3.1526 1.2228, 0.7804 -3.057 1.2869, 0.7912 -3.0992 1.1624, 0.5675 -3.1205 1.2228, 0.9924 -2.9948 1.2869, 0.7845 -3.073 1.2228, 1.0061 -3.0361 1.1624, 2.432 -2.0088 1.2869, 1.2161 -2.9581 1.1624, 0.9976 -3.0105 1.2228, 1.1995 -2.9179 1.2869, 1.4201 -2.8657 1.1624, 1.2058 -2.9332 1.2228, 1.5951 -2.7216 1.2869, 1.4081 -2.8415 1.2228, 1.6172 -2.7592 1.1624, 1.7817 -2.6032 1.2869, 1.8063 -2.6391 1.1624, 1.6035 -2.7359 1.2228, 1.9595 -2.4721 1.2869, 1.9865 -2.5062 1.1624, 1.791 -2.6169 1.2228, 2.1277 -2.3288 1.2869, 1.9698 -2.485 1.2228, 2.1571 -2.3609 1.1624, 2.2855 -2.1741 1.2869, 2.1388 -2.341 1.2228, 2.6021 -1.8588 1.1624, 2.7258 -1.6721 1.1624, 2.5801 -1.8431 1.2228, 2.5666 -1.8336 1.2869, 2.7027 -1.658 1.2228, 2.6886 -1.6493 1.2869, 2.7975 -1.457 1.2869, 2.8121 -1.4647 1.2228, 2.6319 -1.8802 1.1074, 2.4939 -2.0598 1.1074, 2.7571 -1.6913 1.1074, 2.4448 -2.0193 1.2228, 2.8687 -1.4941 1.1074, 2.5801 1.8429 1.2228, 2.4448 2.019 1.2228, 2.2974 2.1852 1.2228, 1.827 2.6691 1.1074, 1.6357 2.7906 1.1074, 1.4364 2.8983 1.1074, 1.2301 2.9918 1.1074, 1.0177 3.0707 1.1074, 0.8003 3.1345 1.1074, 0.579 3.1829 1.1074, 0.3548 3.2157 1.1074, 0.1288 3.2327 1.1074, -0.0977 3.2338 1.1074, -0.3239 3.2191 1.1074, -0.5484 3.1887 1.1074, -0.7703 3.1426 1.1074, -0.9884 3.0811 1.1074, -1.2016 3.0044 1.1074, -1.4089 2.9131 1.1074, -1.6093 2.8074 1.1074, -1.7663 2.635 1.2228, -1.9464 2.505 1.2228, -2.1169 2.3627 1.2228, -2.2771 2.2088 1.2228, -2.4261 2.0441 1.2228, -2.5632 1.8694 1.2228, -2.6878 1.6855 1.2228, -3.0403 1.11 1.1074, -3.1105 0.8946 1.1074, -3.1655 0.6748 1.1074, -3.205 0.4517 1.1074, -3.2287 0.2263 1.1074, -3.2366 -0.0001 1.1074, -3.2287 -0.2266 1.1074, -3.205 -0.452 1.1074, -3.1655 -0.6751 1.1074, -3.1105 -0.8949 1.1074, -3.0403 -1.1103 1.1074, -2.9551 -1.3202 1.1074, -2.8555 -1.5237 1.1074, -2.7418 -1.7197 1.1074, -2.6147 -1.9072 1.1074, -2.4748 -2.0855 1.1074, -2.2771 -2.2091 1.2228, -2.1169 -2.363 1.2228, -1.9464 -2.5053 1.2228, -1.7663 -2.6353 1.2228, -1.5776 -2.7524 1.2228, -1.3811 -2.856 1.2228, -1.1779 -2.9456 1.2228, -0.5484 -3.189 1.1074, -0.3239 -3.2194 1.1074, -0.0977 -3.2341 1.1074, 0.1288 -3.233 1.1074, 0.3548 -3.216 1.1074, 0.579 -3.1832 1.1074, 0.8003 -3.1348 1.1074, 1.0177 -3.071 1.1074, 1.2301 -2.9921 1.1074, 1.4364 -2.8986 1.1074, 1.6357 -2.7909 1.1074, 1.827 -2.6694 1.1074, 2.0094 -2.5349 1.1074, 2.1819 -2.388 1.1074, 2.3436 -2.2294 1.1074, 2.8361 -1.4771 1.1624, 2.9771 1.5503 1.7253, 2.9215 1.7811 1.8144, 3.0348 1.5803 1.8144, 2.6052 2.1167 1.7253, 2.8374 -2.0042 1.9117, 2.7949 -1.9742 1.8144, 2.9659 -1.8085 1.9117, 2.866 1.7473 1.7253, 2.1271 2.5968 1.7253, 1.5623 2.9713 1.7253, 2.7254 2.2143 2.0153, 2.8374 2.0039 1.9117, 2.696 2.1904 1.9117, 2.0373 2.8603 2.0153, 2.2012 2.6873 1.9117, 2.0153 2.8295 1.9117, 2.4031 2.5605 2.0153, 2.5424 2.3671 1.9117, 2.3772 2.5329 1.9117, 1.7588 2.8592 1.7253, 1.9474 2.7342 1.7253, 0.4922 3.3211 1.7253, 1.6168 3.0748 1.9117, 1.4061 3.1768 1.9117, 1.4214 3.2114 2.0153, -0.41 3.3326 1.7253, 0.7397 3.3947 1.9117, 0.7477 3.4317 2.0153, 0.9665 3.3371 1.9117, -1.6881 2.9031 1.7253, 0.0435 3.5122 2.0153, 0.2768 3.4635 1.9117, 0.043 3.4743 1.9117, -1.0709 3.1827 1.7253, -0.8542 3.2475 1.7253, -0.4243 3.4487 1.9117, -0.6556 3.4124 1.9117, -0.6627 3.4496 2.0153, -2.2366 2.5052 1.7253, -1.3274 3.2116 1.9117, -1.3419 3.2466 2.0153, -1.1082 3.2936 1.9117, -2.5529 2.1821 1.7253, -1.9664 2.9113 2.0153, -1.7469 3.0043 1.9117, -1.9452 2.8799 1.9117, -3.042 1.4239 1.7253, -2.3145 2.5925 1.9117, -2.4838 2.4309 1.9117, -2.5108 2.4573 2.0153, -3.266 -0.7848 1.7253, -2.9213 1.8829 1.9117, -2.9532 1.9034 2.0153, -2.7879 2.0753 1.9117, -3.2058 1.0025 1.7253, -3.266 0.7845 1.7253, -3.2753 1.2721 2.0153, -3.1479 1.4736 1.9117, -3.24 1.2584 1.9117, -3.357 0.113 1.7253, -3.3418 0.3387 1.7253, -3.3798 0.8118 1.9117, -3.4268 0.5825 1.9117, -3.4641 0.5889 2.0153, -2.823 -1.8198 1.7253, -3.4739 -0.1172 1.9117, -3.5118 -0.1185 2.0153, -3.4739 0.1169 1.9117, -3.2058 -1.0028 1.7253, -3.131 -1.2163 1.7253, -3.4166 -0.821 2.0153, -3.4268 -0.5828 1.9117, -3.3798 -0.8121 1.9117, -1.8797 -2.7832 1.7253, -3.24 -1.2587 1.9117, -3.1479 -1.4739 1.9117, -3.1822 -1.4899 2.0153, -2.4002 -2.3493 1.7253, -2.5529 -2.1824 1.7253, -2.7879 -2.0755 1.9117, -2.8183 -2.0982 2.0153, -2.9213 -1.8832 1.9117, -0.6335 -3.2978 1.7253, -2.3397 -2.6211 2.0153, -2.4838 -2.4311 1.9117, -2.3145 -2.5928 1.9117, -1.2828 -3.1037 1.7253, -1.4888 -3.0104 1.7253, -1.9452 -2.8802 1.9117, -1.7469 -3.0045 1.9117, -1.7659 -3.0373 2.0153, 0.4922 -3.3214 1.7253, -1.1082 -3.2939 1.9117, -1.1203 -3.3298 2.0153, -1.3274 -3.2119 1.9117, -0.6627 -3.4499 2.0153, -0.8839 -3.3609 1.9117, -0.6556 -3.4127 1.9117, -0.8542 -3.2478 1.7253, -0.41 -3.3329 1.7253, -0.1847 -3.3528 1.7253, -0.4243 -3.449 1.9117, -0.4289 -3.4866 2.0153, 0.043 -3.4746 1.9117, 0.0435 -3.5125 2.0153, -0.1911 -3.4697 1.9117, -0.1931 -3.5075 2.0153, 0.2768 -3.4638 1.9117, 0.2799 -3.5015 2.0153, 0.0415 -3.3576 1.7253, 0.2675 -3.3471 1.7253, 0.7147 -3.2807 1.7253, 1.7588 -2.8595 1.7253, 0.934 -3.225 1.7253, 0.5094 -3.4372 1.9117, 0.7397 -3.395 1.9117, 0.7477 -3.432 2.0153, 1.1489 -3.1547 1.7253, 0.9771 -3.3738 2.0153, 0.9665 -3.3374 1.9117, 1.189 -3.2646 1.9117, 1.4061 -3.1771 1.9117, 1.4214 -3.2117 2.0153, 1.202 -3.3002 2.0153, 1.6344 -3.1086 2.0153, 1.6168 -3.0751 1.9117, 1.5623 -2.9715 1.7253, 1.3587 -3.0701 1.7253, 1.8202 -2.9592 1.9117, 1.84 -2.9914 2.0153, 2.7418 -1.9367 1.7253, 2.0153 -2.8298 1.9117, 2.0373 -2.8606 2.0153, 1.9474 -2.7345 1.7253, 2.2252 -2.7169 2.0153, 2.2012 -2.6876 1.9117, 2.1271 -2.5971 1.7253, 2.3772 -2.5332 1.9117, 2.4031 -2.5608 2.0153, 2.2971 -2.4479 1.7253, 3.0179 -1.8402 2.1231, 2.696 -2.1907 1.9117, 2.8683 -2.026 2.0153, 2.7254 -2.2146 2.0153, 2.4567 -2.2876 1.7253, 2.5701 -2.3931 2.0153, 2.7433 -2.2291 2.1231, 2.5869 -2.4088 2.1231, 2.8871 -2.0393 2.1231, 2.866 -1.7476 1.7253, 2.9215 -1.7814 1.8144, 2.5424 -2.3673 1.9117, 2.9771 -1.5506 1.7253, 2.6052 -2.117 1.7253, 3.0348 -1.5806 1.8144, 0.515 -3.4746 2.0153, -0.8935 -3.3975 2.0153, -1.3419 -3.2469 2.0153, -1.5407 -3.1153 1.9117, -1.0709 -3.183 1.7253, -1.6881 -2.9034 1.7253, -1.5574 -3.1492 2.0153, -1.9664 -2.9115 2.0153, -2.1347 -2.7427 1.9117, -2.2366 -2.5055 1.7253, -2.0628 -2.6503 1.7253, -2.1579 -2.7726 2.0153, -2.5108 -2.4576 2.0153, -2.6418 -2.2585 1.9117, -2.6941 -2.0057 1.7253, -2.6706 -2.2831 2.0153, -3.0415 -1.6824 1.9117, -2.9532 -1.9037 2.0153, -2.9392 -1.6257 1.7253, -3.042 -1.4242 1.7253, -3.0747 -1.7007 2.0153, -3.2753 -1.2724 2.0153, -3.3174 -1.0378 1.9117, -3.3536 -1.0491 2.0153, -3.4641 -0.5891 2.0153, -3.4582 -0.3508 1.9117, -3.3114 -0.5632 1.7253, -3.3418 -0.339 1.7253, -3.357 -0.1133 1.7253, -3.4959 -0.3546 2.0153, -3.4582 0.3505 1.9117, -3.5118 0.1182 2.0153, -3.3114 0.5629 1.7253, -3.4959 0.3543 2.0153, -3.4166 0.8207 2.0153, -3.3174 1.0375 1.9117, -3.131 1.216 1.7253, -3.3536 1.0488 2.0153, -3.1822 1.4896 2.0153, -3.0415 1.6821 1.9117, -2.9392 1.6254 1.7253, -2.823 1.8195 1.7253, -3.0747 1.7004 2.0153, -2.6418 2.2582 1.9117, -2.8183 2.0979 2.0153, -2.6941 2.0054 1.7253, -2.4002 2.349 1.7253, -2.6706 2.2828 2.0153, -2.3397 2.6208 2.0153, -2.1347 2.7424 1.9117, -1.8797 2.7829 1.7253, -2.0628 2.6501 1.7253, -2.1579 2.7723 2.0153, -1.7659 3.037 2.0153, -1.5407 3.115 1.9117, -1.4888 3.0101 1.7253, -1.2828 3.1034 1.7253, -1.5574 3.1489 2.0153, -0.8839 3.3606 1.9117, -1.1203 3.3295 2.0153, -0.6335 3.2975 1.7253, -0.8935 3.3973 2.0153, -0.4289 3.4863 2.0153, -0.1911 3.4694 1.9117, 0.0415 3.3573 1.7253, -0.1847 3.3525 1.7253, -0.1931 3.5072 2.0153, 0.2799 3.5012 2.0153, 0.5094 3.4369 1.9117, 0.2675 3.3468 1.7253, 0.7147 3.2804 1.7253, 0.515 3.4743 2.0153, 1.189 3.2644 1.9117, 0.9771 3.3735 2.0153, 0.934 3.2247 1.7253, 1.1489 3.1544 1.7253, 1.3587 3.0698 1.7253, 1.202 3.2999 2.0153, 1.6344 3.1083 2.0153, 1.8202 2.9589 1.9117, 1.84 2.9911 2.0153, 2.2971 2.4476 1.7253, 2.2252 2.7166 2.0153, 2.7418 1.9364 1.7253, 2.5701 2.3929 2.0153, 2.8683 2.0257 2.0153, 2.9659 1.8082 1.9117, 2.9982 1.8279 2.0153, 3.0809 1.6043 1.9117, 3.1145 1.6218 2.0153, 3.0179 1.8399 2.1231, 3.1349 1.6324 2.1231, 2.8871 2.039 2.1231, 2.7949 1.9739 1.8144, 2.4567 2.2873 1.7253, 2.7433 2.2288 2.1231, 2.6557 2.1577 1.8144, 2.5869 2.4085 2.1231, 2.5043 2.3317 1.8144, 2.4189 2.5773 2.1231, 2.3416 2.4951 1.8144, 2.2398 2.7344 2.1231, 2.1683 2.6471 1.8144, 2.0506 2.8791 2.1231, 1.9851 2.7872 1.8144, 1.8521 3.0107 2.1231, 1.7929 2.9146 1.8144, 1.6452 3.1287 2.1231, 1.5926 3.0288 1.8144, 1.4308 3.2325 2.1231, 1.3851 3.1293 1.8144, 1.2099 3.3216 2.1231, 1.1712 3.2155 1.8144, 0.9835 3.3956 2.1231, 0.9521 3.2872 1.8144, 0.7526 3.4542 2.1231, 0.7286 3.3439 1.8144, 0.5184 3.4971 2.1231, 0.5018 3.3855 1.8144, 0.2817 3.5241 2.1231, 0.2727 3.4117 1.8144, 0.0438 3.5352 2.1231, 0.0423 3.4223 1.8144, -0.1944 3.5302 2.1231, -0.1882 3.4175 1.8144, -0.4317 3.5091 2.1231, -0.418 3.3971 1.8144, -0.6671 3.4722 2.1231, -0.6458 3.3614 1.8144, -0.8994 3.4195 2.1231, -0.8707 3.3104 1.8144, -1.1276 3.3513 2.1231, -1.0916 3.2443 1.8144, -1.3507 3.2679 2.1231, -1.3076 3.1636 1.8144, -1.5676 3.1696 2.1231, -1.5176 3.0684 1.8144, -1.7775 3.0569 2.1231, -1.7208 2.9593 1.8144, -1.9792 2.9303 2.1231, -1.9161 2.8368 1.8144, -2.172 2.7905 2.1231, -2.1028 2.7014 1.8144, -2.355 2.6379 2.1231, -2.2799 2.5537 1.8144, -2.5273 2.4734 2.1231, -2.4466 2.3945 1.8144, -2.6881 2.2977 2.1231, -2.6023 2.2244 1.8144, -2.8367 2.1116 2.1231, -2.7462 2.0442 1.8144, -2.9725 1.9159 2.1231, -2.8777 1.8548 1.8144, -3.0948 1.7115 2.1231, -2.9961 1.6569 1.8144, -3.2031 1.4994 2.1231, -3.1009 1.4515 1.8144, -3.2968 1.2804 2.1231, -3.1916 1.2396 1.8144, -3.3756 1.0557 2.1231, -3.2679 1.022 1.8144, -3.439 0.8261 2.1231, -3.3293 0.7997 1.8144, -3.4868 0.5927 2.1231, -3.3755 0.5738 1.8144, -3.5188 0.3567 2.1231, -3.4065 0.3453 1.8144, -3.5348 0.119 2.1231, -3.422 0.1152 1.8144, -3.5348 -0.1193 2.1231, -3.422 -0.1155 1.8144, -3.5188 -0.357 2.1231, -3.4065 -0.3456 1.8144, -3.4868 -0.593 2.1231, -3.3755 -0.5741 1.8144, -3.439 -0.8264 2.1231, -3.3293 -0.8 1.8144, -3.3756 -1.0559 2.1231, -3.2679 -1.0222 1.8144, -3.2968 -1.2807 2.1231, -3.1916 -1.2399 1.8144, -3.2031 -1.4997 2.1231, -3.1009 -1.4518 1.8144, -3.0948 -1.7118 2.1231, -2.9961 -1.6572 1.8144, -2.9725 -1.9162 2.1231, -2.8777 -1.8551 1.8144, -2.8367 -2.1119 2.1231, -2.7462 -2.0445 1.8144, -2.6881 -2.298 2.1231, -2.6023 -2.2247 1.8144, -2.5273 -2.4737 2.1231, -2.4466 -2.3948 1.8144, -2.355 -2.6382 2.1231, -2.2799 -2.554 1.8144, -2.172 -2.7908 2.1231, -2.1028 -2.7017 1.8144, -1.9792 -2.9306 2.1231, -1.9161 -2.8371 1.8144, -1.7775 -3.0572 2.1231, -1.7208 -2.9596 1.8144, -1.5676 -3.1699 2.1231, -1.5176 -3.0687 1.8144, -1.3507 -3.2682 2.1231, -1.3076 -3.1639 1.8144, -1.1276 -3.3516 2.1231, -1.0916 -3.2446 1.8144, -0.8994 -3.4198 2.1231, -0.8707 -3.3107 1.8144, -0.6671 -3.4725 2.1231, -0.6458 -3.3617 1.8144, -0.4317 -3.5094 2.1231, -0.418 -3.3974 1.8144, -0.1944 -3.5305 2.1231, -0.1882 -3.4178 1.8144, 0.0438 -3.5355 2.1231, 0.0423 -3.4226 1.8144, 0.2817 -3.5244 2.1231, 0.2727 -3.412 1.8144, 0.5184 -3.4974 2.1231, 0.5018 -3.3858 1.8144, 0.7526 -3.4545 2.1231, 0.7286 -3.3442 1.8144, 0.9835 -3.3959 2.1231, 0.9521 -3.2875 1.8144, 1.2099 -3.3219 2.1231, 1.1712 -3.2158 1.8144, 1.4308 -3.2327 2.1231, 1.3851 -3.1296 1.8144, 1.6452 -3.129 2.1231, 1.5926 -3.0291 1.8144, 1.8521 -3.011 2.1231, 1.7929 -2.9149 1.8144, 2.0506 -2.8794 2.1231, 1.9851 -2.7875 1.8144, 2.2398 -2.7347 2.1231, 2.1683 -2.6474 1.8144, 2.4189 -2.5776 2.1231, 2.3416 -2.4953 1.8144, 2.5043 -2.3319 1.8144, 2.6557 -2.158 1.8144, 2.9982 -1.8282 2.0153, 3.1349 -1.6327 2.1231, 3.0809 -1.6046 1.9117, 3.1145 -1.6221 2.0153, 2.1338 2.6051 11.7447, 2.2578 2.4058 11.7811, 2.3044 2.4554 11.7447, 2.6978 2.1919 11.6361, 2.726 2.2148 11.568, 2.5707 2.3934 11.568, 3.1196 1.6245 11.5552, 2.9989 1.8283 11.568, 3.0926 1.6104 11.6187, 2.6134 2.1234 11.7447, 2.4645 2.2946 11.7447, 2.5606 2.0805 11.7811, 2.9678 1.8094 11.6361, 3.018 1.84 11.4941, 2.8873 2.0391 11.4941, 2.6598 2.161 11.6957, 2.7992 1.9769 11.6957, 3.1362 1.6331 11.4874, 2.3787 2.5346 11.6361, 2.3452 2.4989 11.6957, 2.5082 2.3352 11.6957, 1.9536 2.7429 11.7447, 1.7644 2.8683 11.7447, 1.9141 2.6875 11.7811, 2.0907 2.5524 11.7811, 1.9882 2.7915 11.6957, 1.8214 2.9608 11.6361, 1.7957 2.9191 11.6957, 2.1716 2.6512 11.6957, 2.0166 2.8313 11.6361, 1.3355 3.0173 11.7811, 1.363 3.0795 11.7447, 1.1526 3.1644 11.7447, 1.7287 2.8103 11.7811, 1.5673 2.9807 11.7447, 0.717 3.2908 11.7447, 0.4938 3.3317 11.7447, 0.7025 3.2243 11.7811, 1.1898 3.2665 11.6361, 1.173 3.2205 11.6957, 1.3872 3.1341 11.6957, -0.1853 3.3632 11.7447, 0.0408 3.2999 11.7811, 0.0416 3.3679 11.7447, 0.5026 3.3907 11.6957, 0.7297 3.3491 11.6957, 0.5098 3.4391 11.6361, -0.6227 3.2411 11.7811, -0.6356 3.3079 11.7447, -0.8569 3.2578 11.7447, 0.0424 3.4276 11.6957, -0.1912 3.4716 11.6361, -0.1885 3.4227 11.6957, -1.4935 3.0196 11.7447, -1.2609 3.0504 11.7811, -1.2869 3.1133 11.7447, -0.8845 3.3628 11.6361, -0.872 3.3155 11.6957, -0.6468 3.3665 11.6957, -1.8476 2.7353 11.7811, -1.8857 2.7917 11.7447, -2.0694 2.6585 11.7447, -1.52 3.0731 11.6957, -1.3096 3.1684 11.6957, -1.5417 3.117 11.6361, -2.4078 2.3564 11.7447, -2.561 2.189 11.7447, -2.3591 2.3088 11.7811, -1.9191 2.8412 11.6957, -2.136 2.7442 11.6361, -2.106 2.7055 11.6957, -2.8319 1.8253 11.7447, -2.9485 1.6306 11.7447, -2.7747 1.7884 11.7811, -2.6435 2.2596 11.6361, -2.6063 2.2278 11.6957, -2.4504 2.3982 11.6957, -3.2159 1.0057 11.7447, -3.0775 1.1952 11.7811, -3.1409 1.2199 11.7447, -3.0007 1.6595 11.6957, -2.8821 1.8576 11.6957, -3.0435 1.6832 11.6361, -3.2548 0.5533 11.7811, -3.3219 0.5647 11.7447, -3.3524 0.3398 11.7447, -3.1965 1.2415 11.6957, -3.3196 1.0381 11.6361, -3.2729 1.0235 11.6957, -3.3676 -0.1136 11.7447, -3.3524 -0.3401 11.7447, -3.2996 -0.1113 11.7811, -3.4604 0.3507 11.6361, -3.4117 0.3458 11.6957, -3.3807 0.5747 11.6957, -3.2159 -1.006 11.7447, -3.2102 -0.7714 11.7811, -3.2764 -0.7873 11.7447, -3.4117 -0.3461 11.6957, -3.4273 -0.1156 11.6957, -3.4604 -0.351 11.6361, -3.0516 -1.4287 11.7447, -2.9485 -1.6309 11.7447, -2.99 -1.3999 11.7811, -3.3344 -0.8012 11.6957, -3.3196 -1.0384 11.6361, -3.2729 -1.0238 11.6957, -2.7026 -2.012 11.7447, -2.561 -2.1893 11.7447, -2.648 -1.9714 11.7811, -3.0435 -1.6834 11.6361, -3.0007 -1.6597 11.6957, -3.1056 -1.454 11.6957, -2.1983 -2.4626 11.7811, -2.2436 -2.5134 11.7447, -2.0694 -2.6587 11.7447, -2.6063 -2.2281 11.6957, -2.7504 -2.0476 11.6957, -2.6435 -2.2599 11.6361, -1.6935 -2.9126 11.7447, -1.4935 -3.0199 11.7447, -1.6593 -2.8537 11.7811, -2.2834 -2.558 11.6957, -2.136 -2.7445 11.6361, -2.106 -2.7058 11.6957, -1.52 -3.0734 11.6957, -1.3283 -3.214 11.6361, -1.3096 -3.1687 11.6957, -1.5417 -3.1173 11.6361, -1.7234 -2.9642 11.6957, -1.0933 -3.2496 11.6957, -0.8845 -3.3631 11.6361, -0.872 -3.3157 11.6957, -1.1089 -3.296 11.6361, -0.6468 -3.3668 11.6957, -0.4246 -3.4512 11.6361, -0.4186 -3.4026 11.6957, -0.656 -3.4149 11.6361, 0.0416 -3.3682 11.7447, 0.2683 -3.3577 11.7447, 0.0408 -3.3002 11.7811, -0.1912 -3.4719 11.6361, -0.1885 -3.423 11.6957, 0.2731 -3.4172 11.6957, 0.0424 -3.4279 11.6957, 0.277 -3.466 11.6361, 0.4938 -3.332 11.7447, 0.2629 -3.2899 11.7811, 0.9369 -3.2352 11.7447, 0.7025 -3.2246 11.7811, 0.717 -3.2911 11.7447, 0.4838 -3.2646 11.7811, 1.1526 -3.1647 11.7447, 0.918 -3.1699 11.7811, 0.7297 -3.3494 11.6957, 0.5026 -3.391 11.6957, 0.7401 -3.3972 11.6361, 0.9535 -3.2925 11.6957, 1.1898 -3.2668 11.6361, 1.173 -3.2208 11.6957, 1.1293 -3.1008 11.7811, 1.363 -3.0798 11.7447, 1.3872 -3.1344 11.6957, 1.407 -3.1791 11.6361, 1.5673 -2.981 11.7447, 1.3355 -3.0176 11.7811, 1.6179 -3.0771 11.6361, 1.5951 -3.0338 11.6957, 1.5356 -2.9207 11.7811, 1.7644 -2.8686 11.7447, 2.1338 -2.6053 11.7447, 1.9141 -2.6878 11.7811, 1.9536 -2.7432 11.7447, 1.7957 -2.9194 11.6957, 1.8214 -2.9611 11.6361, 2.6883 -1.6393 11.811, 2.8405 -1.4794 11.8073, 2.7925 -1.4545 11.8114, 1.9882 -2.7918 11.6957, 2.0166 -2.8316 11.6361, 2.7539 -1.6793 11.8035, 2.5718 -1.8167 11.811, 2.2027 -2.6894 11.6361, 2.1716 -2.6515 11.6957, 2.4436 -1.9858 11.811, 2.6346 -1.861 11.8035, 2.3787 -2.5349 11.6361, 2.4036 -2.5614 11.568, 2.6949 -1.9036 11.7811, 2.5033 -2.0342 11.8035, 2.5606 -2.0808 11.7811, 2.3452 -2.4992 11.6957, 2.3606 -2.1982 11.8035, 2.4147 -2.2485 11.7811, 2.3044 -2.4557 11.7447, 2.0907 -2.5527 11.7811, 2.7434 -2.2292 11.4941, 2.5871 -2.4089 11.4941, 2.8169 -1.7177 11.7811, 2.8751 -1.7531 11.7447, 2.869 -2.0264 11.568, 3.018 -1.8402 11.4941, 2.9989 -1.8286 11.568, 2.8873 -2.0394 11.4941, 3.1362 -1.6334 11.4874, 3.1197 -1.6248 11.555, 0.9672 -3.3396 11.6361, 1.7287 -2.8106 11.7811, 0.043 -3.4768 11.6361, 0.5098 -3.4394 11.6361, -0.1815 -3.2955 11.7811, -0.1853 -3.3635 11.7447, -0.6227 -3.2414 11.7811, -0.6356 -3.3082 11.7447, -0.4113 -3.3434 11.7447, -0.403 -3.2759 11.7811, -0.8569 -3.258 11.7447, -0.8396 -3.1922 11.7811, -1.2869 -3.1136 11.7447, -1.4634 -2.9589 11.7811, -1.0743 -3.1931 11.7447, -1.0526 -3.1285 11.7811, -1.2609 -3.0506 11.7811, -1.9464 -2.882 11.6361, -1.9191 -2.8414 11.6957, -1.748 -3.0065 11.6361, -2.0276 -2.605 11.7811, -1.8857 -2.792 11.7447, -1.8476 -2.7356 11.7811, -2.4504 -2.3985 11.6957, -2.4854 -2.4327 11.6361, -2.316 -2.5945 11.6361, -2.5093 -2.1451 11.7811, -2.4078 -2.3567 11.7447, -2.3591 -2.3091 11.7811, -2.9232 -1.8844 11.6361, -2.8821 -1.8579 11.6957, -2.7897 -2.0769 11.6361, -2.8319 -1.8256 11.7447, -2.8889 -1.5979 11.7811, -2.7747 -1.7887 11.7811, -3.2421 -1.2595 11.6361, -3.1965 -1.2418 11.6957, -3.15 -1.4748 11.6361, -3.1409 -1.2201 11.7447, -3.151 -0.9857 11.7811, -3.0775 -1.1955 11.7811, -3.3807 -0.575 11.6957, -3.429 -0.5832 11.6361, -3.382 -0.8127 11.6361, -3.3219 -0.565 11.7447, -3.2847 -0.3332 11.7811, -3.2548 -0.5536 11.7811, -3.4762 0.117 11.6361, -3.4273 0.1153 11.6957, -3.4762 -0.1173 11.6361, -3.3676 0.1133 11.7447, -3.2847 0.3329 11.7811, -3.2996 0.111 11.7811, -3.382 0.8124 11.6361, -3.3344 0.8009 11.6957, -3.429 0.5829 11.6361, -3.151 0.9854 11.7811, -3.2764 0.787 11.7447, -3.2102 0.7711 11.7811, -3.1056 1.4538 11.6957, -3.15 1.4745 11.6361, -3.2421 1.2592 11.6361, -3.0516 1.4285 11.7447, -2.8889 1.5976 11.7811, -2.99 1.3996 11.7811, -2.7897 2.0766 11.6361, -2.7504 2.0474 11.6957, -2.9232 1.8842 11.6361, -2.7026 2.0117 11.7447, -2.5093 2.1448 11.7811, -2.648 1.9711 11.7811, -2.316 2.5942 11.6361, -2.2834 2.5577 11.6957, -2.4854 2.4324 11.6361, -2.0276 2.6047 11.7811, -2.2436 2.5131 11.7447, -2.1983 2.4624 11.7811, -1.7234 2.9639 11.6957, -1.748 3.0062 11.6361, -1.9464 2.8817 11.6361, -1.6935 2.9123 11.7447, -1.4634 2.9586 11.7811, -1.6593 2.8534 11.7811, -1.1089 3.2957 11.6361, -1.0933 3.2493 11.6957, -1.3283 3.2137 11.6361, -1.0743 3.1928 11.7447, -0.8396 3.1919 11.7811, -1.0526 3.1282 11.7811, -0.4246 3.4509 11.6361, -0.4186 3.4023 11.6957, -0.656 3.4146 11.6361, -0.1815 3.2952 11.7811, -0.4113 3.3431 11.7447, -0.403 3.2756 11.7811, 0.2731 3.4169 11.6957, 0.277 3.4657 11.6361, 0.043 3.4766 11.6361, 0.2683 3.3574 11.7447, 0.4838 3.2644 11.7811, 0.2629 3.2896 11.7811, 0.9672 3.3393 11.6361, 0.9535 3.2923 11.6957, 0.7401 3.3969 11.6361, 0.9369 3.235 11.7447, 1.1293 3.1005 11.7811, 0.918 3.1696 11.7811, 1.6179 3.0768 11.6361, 1.5951 3.0335 11.6957, 1.407 3.1789 11.6361, 2.2027 2.6891 11.6361, 1.5356 2.9204 11.7811, 2.4147 2.2482 11.7811, 2.544 2.3686 11.6361, 2.7505 1.9425 11.7447, 2.6949 1.9033 11.7811, 2.8392 2.0052 11.6361, 2.926 1.7839 11.6957, 2.8751 1.7528 11.7447, 2.8169 1.7174 11.7811, 2.7539 1.679 11.8035, 2.8871 1.5034 11.7963, 2.8405 1.4791 11.8073, 2.7925 1.4542 11.8114, 2.6883 1.639 11.811, 2.7434 2.2289 11.4941, 2.869 2.0261 11.568, 2.6346 1.8607 11.8035, 2.419 2.5774 11.4941, 2.5871 2.4086 11.4941, 2.5718 1.8163 11.811, 2.5033 2.0339 11.8035, 2.4437 1.9854 11.811, 2.3606 2.1979 11.8035, 2.2399 2.7345 11.4941, -1.1205 3.3302 11.568, -0.8937 3.398 11.568, 2.4036 2.5611 11.568, 2.3045 2.1455 11.811, 2.2073 2.3519 11.8035, 1.8522 3.0109 11.4941, 2.2257 2.7172 11.568, 2.0439 2.4953 11.8035, 2.1548 2.2959 11.811, 2.0507 2.8792 11.4941, 2.0377 2.861 11.568, 1.9953 2.4359 11.811, 1.8712 2.6273 11.8035, 1.4308 3.2326 11.4941, 1.8404 2.9918 11.568, 1.69 2.7474 11.8035, 1.8267 2.5648 11.811, 1.6452 3.1288 11.4941, 1.6348 3.109 11.568, 1.5012 2.8551 11.8035, 1.6499 2.682 11.811, 0.9835 3.3957 11.4941, 1.4218 3.2121 11.568, 1.3056 2.9498 11.8035, 1.4655 2.7871 11.811, 1.2099 3.3217 11.4941, 1.2023 3.3007 11.568, 1.104 3.0311 11.8035, 1.2745 2.8795 11.811, 0.5184 3.4973 11.4941, 0.7527 3.4544 11.4941, 0.9773 3.3742 11.568, 0.8974 3.0986 11.8035, 1.0777 2.9589 11.811, 0.2817 3.5243 11.4941, 0.7479 3.4325 11.568, 0.6867 3.1521 11.8035, 0.876 3.0248 11.811, 0.0438 3.5353 11.4941, 0.5151 3.4751 11.568, 0.4729 3.1913 11.8035, 0.6703 3.077 11.811, 0.2799 3.502 11.568, 0.257 3.216 11.8035, 0.4616 3.1153 11.811, -0.4317 3.5093 11.4941, -0.1944 3.5303 11.4941, 0.0435 3.5129 11.568, 0.0398 3.226 11.8035, 0.2508 3.1394 11.811, -0.6671 3.4724 11.4941, -0.1932 3.5079 11.568, -0.1775 3.2215 11.8035, 0.0388 3.1492 11.811, -0.429 3.4871 11.568, -0.1733 3.1448 11.811, -0.3941 3.2023 11.8035, -1.1276 3.3515 11.4941, -0.8994 3.4197 11.4941, -0.6629 3.4504 11.568, -0.6088 3.1686 11.8035, -0.3847 3.126 11.811, -0.8208 3.1205 11.8035, -0.5943 3.0931 11.811, -1.5677 3.1697 11.4941, -1.0291 3.0582 11.8035, -0.8012 3.0462 11.811, -1.3507 3.268 11.4941, -1.5578 3.1496 11.568, -1.7663 3.0377 11.568, -1.3422 3.2473 11.568, -1.2327 2.9821 11.8035, -1.0045 2.9854 11.811, -1.7776 3.057 11.4941, -1.4307 2.8924 11.8035, -1.2032 2.9111 11.811, -2.1721 2.7906 11.4941, -1.6221 2.7896 11.8035, -1.3965 2.8235 11.811, -1.9793 2.9305 11.4941, 2.419 -2.5777 11.4941, -1.9668 2.9119 11.568, -1.8063 2.6741 11.8035, -1.5835 2.7232 11.811, -2.6882 2.2978 11.4941, -2.1584 2.7729 11.568, -1.9822 2.5464 11.8035, -1.7632 2.6104 11.811, -2.3551 2.6381 11.4941, -2.5274 2.4736 11.4941, -2.3402 2.6213 11.568, -2.1492 2.4073 11.8035, -1.935 2.4859 11.811, -2.5114 2.4579 11.568, -2.3064 2.2571 11.8035, -2.098 2.35 11.811, -3.0949 1.7116 11.4941, -2.6712 2.2833 11.568, -2.4531 2.0968 11.8035, -2.2515 2.2035 11.811, -2.8369 2.1117 11.4941, -2.9726 1.916 11.4941, -2.8189 2.0983 11.568, -2.3948 2.047 11.811, -2.5888 1.927 11.8035, -2.9538 1.9039 11.568, -2.7127 1.7484 11.8035, -2.5272 1.8811 11.811, -3.3757 1.0557 11.4941, -3.0753 1.7008 11.568, -2.8243 1.5619 11.8035, -2.6482 1.7068 11.811, -3.2032 1.4995 11.4941, -3.2969 1.2805 11.4941, -3.1829 1.49 11.568, -2.9231 1.3683 11.8035, -2.7571 1.5247 11.811, -3.2761 1.2724 11.568, -3.0086 1.1684 11.8035, -2.8535 1.3357 11.811, -3.4869 0.5927 11.4941, -3.3543 1.049 11.568, -3.0805 0.9633 11.8035, -2.937 1.1406 11.811, -3.4391 0.8261 11.4941, -3.4174 0.8209 11.568, -3.1384 0.7538 11.8035, -3.0071 0.9404 11.811, -3.5189 0.3567 11.4941, -3.4649 0.589 11.568, -3.182 0.5409 11.8035, -3.0636 0.7359 11.811, -3.3757 -1.056 11.4941, -3.4966 0.3544 11.568, -3.2112 0.3255 11.8035, -3.1062 0.528 11.811, -3.5349 0.119 11.4941, -3.5349 -0.1193 11.4941, -3.5126 0.1182 11.568, -3.2258 0.1086 11.8035, -3.1347 0.3177 11.811, -3.5189 -0.357 11.4941, -3.5126 -0.1185 11.568, -3.149 0.106 11.811, -3.2258 -0.1088 11.8035, -3.4869 -0.593 11.4941, -3.4966 -0.3547 11.568, -3.2112 -0.3258 11.8035, -3.149 -0.1062 11.811, -3.4391 -0.8264 11.4941, -3.4649 -0.5893 11.568, -3.182 -0.5412 11.8035, -3.1347 -0.3179 11.811, -3.4174 -0.8212 11.568, -3.1384 -0.7541 11.8035, -3.1062 -0.5282 11.811, -3.2969 -1.2808 11.4941, -3.3543 -1.0493 11.568, -3.0636 -0.736 11.811, -3.0805 -0.9636 11.8035, -2.6882 -2.2981 11.4941, -3.2032 -1.4997 11.4941, -3.2761 -1.2727 11.568, -3.0071 -0.9406 11.811, -3.0086 -1.1687 11.8035, -3.0949 -1.7119 11.4941, -3.1829 -1.4902 11.568, -2.937 -1.1408 11.811, -2.9231 -1.3686 11.8035, -2.9726 -1.9163 11.4941, -3.0753 -1.7011 11.568, -2.8243 -1.5622 11.8035, -2.8535 -1.3359 11.811, -2.8369 -2.112 11.4941, -2.9538 -1.9042 11.568, -2.7127 -1.7487 11.8035, -2.7571 -1.525 11.811, -2.8189 -2.0986 11.568, -2.5888 -1.9272 11.8035, -2.6482 -1.7071 11.811, -1.7776 -3.0573 11.4941, -2.5274 -2.4739 11.4941, -2.6712 -2.2836 11.568, -2.5272 -1.8814 11.811, -2.4531 -2.0971 11.8035, -2.3551 -2.6384 11.4941, -2.5114 -2.4582 11.568, -2.3949 -2.0472 11.811, -2.3064 -2.2574 11.8035, -2.1721 -2.7909 11.4941, -2.3402 -2.6216 11.568, -2.2516 -2.2037 11.811, -2.1492 -2.4075 11.8035, -1.9793 -2.9308 11.4941, -2.1584 -2.7732 11.568, -1.9822 -2.5467 11.8035, -2.0981 -2.3502 11.811, -1.9668 -2.9122 11.568, -1.8063 -2.6744 11.8035, -1.9351 -2.4861 11.811, -1.5677 -3.17 11.4941, -1.7663 -3.038 11.568, -1.6221 -2.7899 11.8035, -1.7634 -2.6107 11.811, -0.4317 -3.5096 11.4941, -1.3507 -3.2683 11.4941, -1.5578 -3.1499 11.568, -1.5836 -2.7234 11.811, -1.4307 -2.8927 11.8035, -1.1276 -3.3517 11.4941, -1.3422 -3.2476 11.568, -1.3966 -2.8238 11.811, -1.2327 -2.9824 11.8035, -0.8994 -3.42 11.4941, -1.1205 -3.3305 11.568, -1.0291 -3.0585 11.8035, -1.2033 -2.9113 11.811, -0.6671 -3.4726 11.4941, -0.8937 -3.3983 11.568, -0.8208 -3.1208 11.8035, -1.0046 -2.9856 11.811, -0.6629 -3.4506 11.568, -0.6088 -3.1689 11.8035, -0.8013 -3.0464 11.811, -0.1944 -3.5306 11.4941, -0.429 -3.4873 11.568, -0.5944 -3.0934 11.811, -0.3941 -3.2026 11.8035, 0.7527 -3.4546 11.4941, 0.0438 -3.5356 11.4941, -0.1932 -3.5082 11.568, -0.3847 -3.1263 11.811, -0.1775 -3.2217 11.8035, 0.2817 -3.5246 11.4941, 0.0435 -3.5132 11.568, -0.1733 -3.145 11.811, 0.0398 -3.2263 11.8035, 0.5184 -3.4976 11.4941, 0.2799 -3.5023 11.568, 0.257 -3.2163 11.8035, 0.0388 -3.1495 11.811, 0.5151 -3.4754 11.568, 0.4729 -3.1916 11.8035, 0.2508 -3.1397 11.811, 0.9835 -3.396 11.4941, 0.7479 -3.4328 11.568, 0.6867 -3.1524 11.8035, 0.4616 -3.1156 11.811, 2.0507 -2.8795 11.4941, 1.2099 -3.322 11.4941, 0.9773 -3.3745 11.568, 0.6703 -3.0773 11.811, 0.8974 -3.0989 11.8035, 1.4308 -3.2329 11.4941, 1.2023 -3.3009 11.568, 0.8759 -3.0252 11.811, 1.104 -3.0314 11.8035, 1.6452 -3.1291 11.4941, 1.4218 -3.2124 11.568, 1.0776 -2.9592 11.811, 1.3056 -2.9501 11.8035, 1.8522 -3.0111 11.4941, 1.6348 -3.1093 11.568, 1.5012 -2.8554 11.8035, 1.2744 -2.8799 11.811, 1.8404 -2.9921 11.568, 1.69 -2.7477 11.8035, 1.4654 -2.7875 11.811, 2.2399 -2.7348 11.4941, 2.0377 -2.8613 11.568, 1.6497 -2.6824 11.811, 1.8712 -2.6276 11.8035, 2.2257 -2.7175 11.568, 1.8266 -2.5651 11.811, 2.0439 -2.4956 11.8035, 2.2578 -2.4061 11.7811, 2.4645 -2.2949 11.7447, 1.9952 -2.4362 11.811, 2.2073 -2.3522 11.8035, 2.544 -2.3689 11.6361, 2.5707 -2.3937 11.568, 2.5082 -2.3355 11.6957, 2.1547 -2.2963 11.811, 2.6978 -2.1921 11.6361, 2.726 -2.2151 11.568, 2.6598 -2.1613 11.6957, 2.6134 -2.1237 11.7447, 2.3044 -2.1459 11.811, 2.8392 -2.0055 11.6361, 2.7992 -1.9772 11.6957, 2.9678 -1.8097 11.6361, 2.7505 -1.9428 11.7447, 2.926 -1.7842 11.6957, 2.978 -1.551 11.7509, 3.0928 -1.6108 11.6184, 3.0561 -1.5917 11.6757, 3.0196 -1.5727 11.7164, 2.9323 -1.5272 11.7781, 2.8874 -1.5039 11.7962, 2.0567 1.521 11.811, 2.1693 1.3554 11.811, 1.9314 1.6773 11.811, 2.2687 1.1815 11.811, 1.6463 1.9581 11.811, 1.7944 1.8233 11.811, 1.3207 2.191 11.811, 1.1453 2.2877 11.811, 1.4881 2.0809 11.811, 0.7746 2.4385 11.811, 0.9629 2.3704 11.811, 0.1858 2.5521 11.811, 0.3848 2.5296 11.811, 0.5815 2.4917 11.811, -0.2144 2.55 11.811, -0.0143 2.5589 11.811, -0.6095 2.4856 11.811, -0.4132 2.5255 11.811, -0.9896 2.3603 11.811, -0.802 2.4304 11.811, -1.1712 2.2758 11.811, -1.5118 2.0655 11.811, -1.3456 2.1773 11.811, -1.6687 1.9411 11.811, -1.8154 1.8047 11.811, -1.951 1.6573 11.811, -2.1855 1.333 11.811, -2.0746 1.4998 11.811, -2.2831 1.1581 11.811, -2.3667 0.9761 11.811, -2.4358 0.7881 11.811, -2.529 0.3989 11.811, -2.49 0.5953 11.811, -2.5524 0.2 11.811, 1.2783 2.2161 11.7327, 1.3123 2.1961 11.7327, 1.3984 2.1422 11.7327, 1.4823 2.0851 11.7327, 1.5639 2.0245 11.7327, 1.6429 1.9609 11.7327, 1.7195 1.8941 11.7327, 1.8643 1.7517 11.7327, 1.7933 1.8243 11.7327, 1.9323 1.6763 11.7327, 1.9973 1.5982 11.7327, 2.0591 1.5177 11.7327, 2.1177 1.4347 11.7327, 2.1729 1.3496 11.7327, 2.2248 1.2622 11.7327, 2.2731 1.173 11.7327, 2.3179 1.0818 11.7327, 2.359 0.989 11.7327, 2.3559 0.9963 11.8114, 2.3964 0.8945 11.7327, 2.428 0.8048 11.8114, 2.4598 0.7016 11.7327, 2.43 0.7987 11.7327, 2.4845 0.6081 11.8114, 2.4857 0.6034 11.7327, 2.5077 0.5042 11.7327, 2.5252 0.4075 11.8114, 2.5497 0.2043 11.8114, 2.5397 0.3037 11.7327, 2.5257 0.4044 11.7327, 2.5498 0.2028 11.7327, 2.5558 0.1015 11.7327, 1.2441 2.2355 11.7327, 1.1561 2.2823 11.7327, 1.0664 2.3256 11.7327, 0.8823 2.4016 11.7327, 0.9752 2.3653 11.7327, 0.7882 2.4341 11.7327, 0.6928 2.463 11.7327, 0.5964 2.4882 11.7327, 0.4991 2.5095 11.7327, 0.401 2.5271 11.7327, 0.3023 2.5408 11.7327, 0.1037 2.5567 11.7327, 0.2032 2.5507 11.7327, 0.0041 2.5589 11.7327, -0.0955 2.5572 11.7327, -0.2942 2.5421 11.7327, -0.195 2.5515 11.7327, -0.3929 2.5287 11.7327, -0.491 2.5116 11.7327, -0.5885 2.4906 11.7327, -0.685 2.4659 11.7327, -0.7805 2.4374 11.7327, -0.8747 2.4052 11.7327, -1.0592 2.33 11.7327, -0.9677 2.3694 11.7327, -1.1492 2.287 11.7327, -1.2373 2.2406 11.7327, -1.4078 2.1376 11.7327, -1.3236 2.1908 11.7327, -1.49 2.0812 11.7327, -1.5699 2.0217 11.7327, -1.6474 1.9591 11.7327, -1.7224 1.8936 11.7327, -1.7949 1.8251 11.7327, -1.8645 1.7539 11.7327, -1.9954 1.6036 11.7327, -1.9314 1.68 11.7327, -2.0563 1.5248 11.7327, -2.1141 1.4436 11.7327, -2.22 1.2749 11.7327, -2.1687 1.3603 11.7327, -2.2679 1.1875 11.7327, -2.3125 1.0984 11.7327, -2.3535 1.0076 11.7327, -2.3909 0.9153 11.7327, -2.4247 0.8215 11.7327, -2.4549 0.7266 11.7327, -2.504 0.5335 11.7327, -2.4813 0.6305 11.7327, -2.5229 0.4357 11.7327, -2.5379 0.3372 11.7327, -2.5565 0.1388 11.7327, -2.5491 0.2382 11.7327, -2.5599 0.0392 11.7327, -2.435 0.7906 0.0787, -2.3654 0.9792 0.0787, -1.5701 0.1273 0.0787, -0.4015 2.5274 0.0787, -1.3502 0.0924 0.0787, -0.5986 2.4882 0.0787, -0.202 2.551 0.0787, -0.0012 2.5589 0.0787, 1.3478 0.0924 0.0787, -1.3278 0.0485 0.0787, 1.3254 0.0485 0.0787, -1.3201 -0.0001 0.0787, -0.792 2.4337 0.0787, -1.385 0.1273 0.0787, 0.1996 2.551 0.0787, -0.9805 2.3641 0.0787, 0.3991 2.5274 0.0787, 0.5962 2.4882 0.0787, -1.163 2.28 0.0787, 0.7896 2.4337 0.0787, -1.5054 2.0702 0.0787, -1.3383 2.1818 0.0787, 1.3826 0.1273 0.0787, -1.4289 0.1496 0.0787, 0.9781 2.3641 0.0787, -1.8107 1.8094 0.0787, -1.9471 1.6618 0.0787, 1.1606 2.28 0.0787, 1.3177 -0.0001 0.0787, 1.6608 1.9458 0.0787, 1.4265 0.1496 0.0787, -1.4776 0.1573 0.0787, -2.0715 1.504 0.0787, -2.5524 0.2006 0.0787, -1.6351 -0.0001 0.0787, 1.4752 0.1573 0.0787, 2.0691 1.504 0.0787, -1.5701 -0.1276 0.0787, 1.5238 0.1496 0.0787, 2.2789 1.1616 0.0787, -1.4776 -0.1576 0.0787, -1.5262 -0.1499 0.0787, 2.4326 0.7906 0.0787, 1.5677 0.1273 0.0787, 2.363 0.9792 0.0787, 2.4871 0.5973 0.0787, 2.5264 0.4002 0.0787, 1.6026 0.0924 0.0787, 1.6327 -0.0001 0.0787, 2.55 0.2006 0.0787, -1.385 -0.1276 0.0787, 1.5677 -0.1276 0.0787, 1.4752 -0.1576 0.0787, -1.3502 -0.0927 0.0787, 1.4265 -0.1499 0.0787, 1.3478 -0.0927 0.0787, 1.3826 -0.1276 0.0787, 1.5238 -0.1499 0.0787, 1.6026 -0.0927 0.0787, 1.6249 -0.0488 0.0787, 1.6249 0.0485 0.0787, -1.6274 -0.0488 0.0787, 2.1807 1.337 0.0787, -1.6274 0.0485 0.0787, -2.5288 0.4002 0.0787, 1.8083 1.8094 0.0787, 1.9447 1.6618 0.0787, 1.3254 -0.0488 0.0787, -1.3278 -0.0488 0.0787, -1.5262 0.1496 0.0787, -2.2813 1.1616 0.0787, 1.503 2.0702 0.0787, -2.1831 1.337 0.0787, 1.3359 2.1818 0.0787, -1.4289 -0.1499 0.0787, -1.6632 1.9458 0.0787, -1.605 -0.0927 0.0787, -1.605 0.0924 0.0787, -2.4895 0.5973 0.0787, 0.1858 2.5521 0.0, -0.0143 2.5589 0.0, 0.3848 2.5296 0.0, 0.5815 2.4917 0.0, 0.7746 2.4385 0.0, 0.9629 2.3703 0.0, 1.1453 2.2877 0.0, 1.3207 2.191 0.0, 1.4881 2.0809 0.0, 1.6462 1.9581 0.0, 1.7943 1.8233 0.0, 1.9314 1.6773 0.0, 2.0567 1.521 0.0, 2.1694 1.3554 0.0, 2.2687 1.1815 0.0, 2.3559 0.9963 -0.0004, 2.428 0.8048 -0.0004, 2.4845 0.6081 -0.0004, 2.5252 0.4075 -0.0004, 2.5497 0.2043 -0.0004, -0.2144 2.55 0.0, -0.4132 2.5255 0.0, -0.6095 2.4856 0.0, -0.802 2.4304 0.0, -0.9896 2.3603 0.0, -1.1712 2.2758 0.0, -1.3456 2.1773 0.0, -1.5117 2.0655 0.0, -1.6687 1.9411 0.0, -1.8154 1.8047 0.0, -1.951 1.6573 0.0, -2.0746 1.4998 0.0, -2.1856 1.333 0.0, -2.2831 1.1581 0.0, -2.3667 0.9761 0.0, -2.4358 0.7881 0.0, -2.49 0.5953 0.0, -2.529 0.3989 0.0, -2.5524 0.2 0.0, 3.2783 -1.3234 11.493, 3.2754 -1.2934 11.5446, 3.2447 -1.4054 11.4896, 3.1589 -1.4561 11.6331, 3.1639 -1.4052 11.6563, 3.2822 -1.3332 11.4173, 3.3147 -1.2501 11.4173, 3.3159 -1.2315 11.4827, 3.3452 -1.1662 11.4173, 3.2243 -1.3518 11.603, 3.1936 -1.4731 11.5572, 3.0948 -1.4529 11.7041, 3.1303 -1.5357 11.6198, 3.0172 -1.4943 11.7454, 3.3608 -1.1203 11.2044, 3.4768 -0.6793 10.7634, 3.5107 -0.4737 10.7249, 3.471 -0.7085 10.9596, 3.4259 -0.9019 10.986, 3.4156 -0.9398 11.191, 3.5352 0.2267 10.3111, 3.5133 0.4535 10.538, 3.5346 0.2368 10.4882, 3.5107 0.4734 10.7249, 3.5425 -0.0001 10.2513, 3.4768 0.679 10.7634, 3.471 0.7082 10.9596, 3.5133 -0.4538 10.538, 3.5346 -0.2371 10.4882, 3.4259 0.9016 10.986, 3.3608 1.12 11.2044, 3.4156 0.9395 11.191, 3.5352 -0.227 10.3111, 3.5425 -0.0001 10.0843, 3.3228 0.7219 1.7817, 3.3022 0.6026 1.7251, 3.2812 0.6521 1.7119, 3.4099 0.7023 1.9291, 3.3714 0.8703 1.9301, 3.4214 0.7786 2.0054, 3.3548 0.5549 1.7817, 3.3878 0.6275 1.8543, 3.4143 0.9307 2.1576, 3.392 0.9946 2.1231, 3.3642 1.0983 2.1581, 3.3791 0.9462 2.0059, 3.3765 1.0223 2.0821, 3.4227 0.8549 2.0817, 3.3528 0.7951 1.8549, 3.31 0.485 1.7118, 3.1916 -0.5419 1.6013, 3.2158 -0.3752 1.6017, 3.1374 -0.3947 1.4542, 3.154 -0.2284 1.4549, 3.1517 -0.3479 1.4826, 3.1471 -0.1773 1.4039, 3.1333 -0.3441 1.4036, 3.1673 -0.2787 1.5052, 3.1658 -0.4946 1.554, 3.1876 -0.3279 1.5543, 3.148 -0.4451 1.5046, 1.134 3.3564 4.1911, 1.1342 3.3563 4.1609, 1.1211 3.3607 4.1339, 1.0414 3.3863 4.1152, 1.0688 3.3778 4.2422, 1.0698 3.3775 4.1091, 1.1206 3.3609 4.2181, 1.0981 3.3683 4.1157, 1.0972 3.3686 4.2361, 1.0046 3.3974 4.1602, 1.0044 3.3975 4.1904, 1.0174 3.3936 4.2174, 1.018 3.3934 4.1333, 1.0405 3.3866 4.2356, -0.6845 3.4767 4.6315, -0.6661 3.4803 4.5817, -0.7065 3.4723 4.5815, -0.7468 3.4639 4.5812, -0.729 3.4676 4.6312, -0.7028 3.4731 4.6813, -0.7112 3.4713 4.6813, -0.7076 3.4721 4.6981, -0.0385 3.543 4.1726, -0.0366 3.543 4.1613, -0.0385 3.543 4.15, -0.0452 3.5429 4.1406, -0.0447 3.5429 4.1824, -0.0525 3.5428 4.1372, -0.061 3.5427 4.1893, -0.0602 3.5427 4.1346, -0.0681 3.5426 4.1327, -0.0785 3.5424 4.1933, -0.0798 3.5423 4.1351, -0.0909 3.542 4.1398, -0.0963 3.5419 4.1956, -0.1008 3.5418 4.1465, -0.1141 3.5414 4.1978, -0.1076 3.5416 4.158, -0.114 3.5414 4.1842, -0.1123 3.5415 4.1708, -0.5355 3.5027 4.5524, -0.5427 3.5016 4.5663, -0.5359 3.5026 4.6707, -0.525 3.5043 4.6812, -0.5252 3.5042 4.5406, -0.5434 3.5015 4.6571, -0.5485 3.5007 4.5809, -0.5486 3.5007 4.6425, -0.4979 3.5082 4.6954, -0.4832 3.5102 4.6996, -0.498 3.5082 4.5255, -0.5122 3.5061 4.5319, -0.5119 3.5062 4.6893, -0.4373 3.5163 4.7031, -0.452 3.5144 4.5178, -0.4527 3.5143 4.703, -0.4676 3.5124 4.5186, -0.468 3.5123 4.7019, -0.4213 3.5182 4.6106, -0.4363 3.5164 4.5179, -0.4219 3.5181 4.7032, -0.4206 3.5183 4.518, -0.483 3.5103 4.5212, -0.5518 3.5002 4.5963, -0.553 3.5 4.612, -0.5525 3.5001 4.6276, -0.8333 3.4441 4.2874, -0.8358 3.4435 4.173, -0.8412 3.4422 4.2742, -0.8229 3.4466 4.2986, -0.8163 3.4482 4.1519, -0.8271 3.4456 4.1615, -0.8466 3.4409 4.2596, -0.8422 3.4419 4.186, -0.8469 3.4408 4.1999, -0.7958 3.4529 4.3129, -0.781 3.4563 4.3164, -0.79 3.4543 4.1404, -0.8036 3.4511 4.1451, -0.8095 3.4497 4.3061, -0.7354 3.4663 4.3199, -0.7475 3.4637 4.1346, -0.7507 3.463 4.3198, -0.7619 3.4606 4.135, -0.7659 3.4597 4.3189, -0.7194 3.4696 4.2274, -0.7331 3.4668 4.1347, -0.72 3.4695 4.32, -0.7187 3.4698 4.1348, -0.7761 3.4574 4.1368, -0.8502 3.44 4.2142, -0.8501 3.44 4.2444, -0.8513 3.4397 4.2288, -0.9826 3.4045 4.2484, -0.9642 3.4098 4.1985, -1.0046 3.3981 4.1983, -1.0449 3.386 4.198, -1.0271 3.3914 4.248, -1.0009 3.3993 4.2981, -1.0093 3.3968 4.2981, -1.0057 3.3979 4.3149
            ]
        }
        coordIndex [
            0,1,2,-1,3,2,4,-1,5,6,7,-1,5,7,8,-1,9,6,10,-1,11,12,13,-1,12,14,13,-1,15,16,12,-1,17,6,5,-1,10,18,9,-1,10,6,17,-1,19,17,5,-1,19,5,1,-1,3,4,20,-1,1,5,2,-1,21,3,20,-1,8,15,5,-1,16,8,7,-1,12,11,15,-1,8,16,15,-1,19,1,0,-1,3,0,2,-1,22,23,24,-1,13,25,11,-1,26,22,24,-1,27,28,29,-1,23,30,31,-1,25,13,14,-1,14,32,25,-1,32,28,27,-1,33,27,29,-1,31,24,23,-1,22,34,23,-1,27,25,32,-1,33,29,35,-1,35,29,28,-1,33,35,30,-1,35,31,30,-1,36,37,38,-1,39,40,41,-1,42,43,44,-1,45,42,46,-1,47,48,49,-1,49,44,50,-1,51,52,53,-1,54,55,56,-1,57,58,59,-1,60,61,62,-1,63,64,65,-1,66,67,68,-1,69,70,71,-1,72,73,74,-1,75,76,77,-1,78,79,80,-1,81,82,83,-1,84,85,86,-1,87,88,89,-1,90,91,92,-1,93,94,95,-1,96,97,98,-1,99,100,101,-1,102,103,104,-1,105,106,107,-1,108,109,110,-1,111,112,113,-1,114,115,116,-1,117,118,119,-1,120,121,122,-1,123,124,125,-1,126,127,128,-1,129,130,131,-1,132,133,134,-1,135,136,137,-1,138,139,140,-1,141,142,143,-1,144,145,146,-1,147,148,149,-1,149,150,151,-1,152,153,154,-1,155,156,157,-1,158,159,160,-1,161,162,163,-1,164,165,166,-1,167,160,168,-1,169,170,171,-1,167,172,171,-1,173,170,174,-1,175,176,177,-1,178,179,180,-1,180,181,176,-1,178,182,183,-1,184,185,186,-1,187,188,182,-1,189,190,184,-1,191,192,193,-1,187,194,195,-1,196,192,197,-1,198,199,194,-1,196,200,201,-1,202,203,198,-1,204,205,201,-1,202,206,207,-1,208,205,209,-1,210,211,206,-1,208,212,213,-1,214,215,210,-1,216,217,213,-1,214,218,219,-1,220,221,222,-1,223,224,218,-1,225,226,227,-1,225,228,226,-1,221,220,227,-1,229,225,227,-1,222,230,223,-1,226,221,227,-1,230,231,224,-1,223,220,222,-1,193,190,232,-1,175,233,165,-1,185,173,234,-1,154,235,158,-1,162,164,236,-1,96,98,237,-1,238,157,239,-1,240,239,161,-1,241,146,242,-1,243,244,148,-1,245,152,244,-1,246,156,247,-1,141,248,249,-1,248,246,250,-1,150,241,251,-1,252,253,113,-1,254,255,143,-1,256,137,255,-1,257,258,139,-1,144,258,259,-1,129,260,261,-1,262,136,263,-1,264,130,262,-1,265,132,266,-1,265,267,140,-1,268,133,124,-1,269,270,261,-1,271,272,270,-1,126,272,273,-1,274,119,275,-1,276,125,274,-1,277,114,278,-1,122,279,280,-1,279,128,281,-1,282,117,283,-1,105,284,252,-1,285,286,121,-1,287,283,112,-1,115,286,288,-1,289,290,106,-1,108,277,291,-1,103,292,99,-1,293,289,101,-1,294,295,85,-1,296,297,298,-1,298,110,299,-1,90,89,300,-1,301,95,297,-1,302,94,303,-1,304,104,96,-1,305,306,307,-1,87,302,308,-1,309,310,311,-1,312,97,311,-1,313,314,81,-1,315,309,314,-1,316,86,317,-1,318,317,92,-1,319,320,72,-1,321,77,322,-1,321,323,82,-1,324,79,295,-1,325,69,326,-1,327,75,325,-1,63,320,328,-1,73,329,330,-1,331,329,78,-1,332,37,333,-1,332,334,70,-1,335,68,59,-1,336,38,337,-1,338,339,61,-1,340,337,67,-1,65,341,338,-1,342,56,60,-1,343,41,47,-1,39,55,344,-1,57,53,345,-1,346,347,348,-1,348,349,51,-1,350,351,306,-1,350,305,352,-1,353,351,350,-1,216,229,217,-1,242,354,241,-1,229,227,217,-1,223,230,224,-1,217,220,355,-1,223,218,355,-1,356,219,224,-1,224,231,356,-1,227,220,217,-1,212,216,213,-1,357,215,219,-1,220,223,355,-1,358,213,355,-1,358,218,214,-1,356,357,219,-1,224,219,218,-1,217,355,213,-1,209,212,208,-1,359,215,357,-1,355,218,358,-1,360,208,358,-1,219,215,214,-1,214,210,360,-1,359,211,215,-1,213,358,208,-1,204,209,205,-1,211,210,215,-1,358,214,360,-1,205,360,361,-1,361,210,206,-1,362,207,211,-1,211,359,362,-1,208,360,205,-1,200,204,201,-1,362,363,207,-1,360,210,361,-1,364,201,361,-1,211,207,206,-1,202,364,206,-1,363,203,207,-1,205,361,201,-1,197,200,196,-1,365,203,363,-1,361,206,364,-1,366,196,364,-1,207,203,202,-1,202,198,366,-1,365,199,203,-1,201,364,196,-1,191,197,192,-1,199,198,203,-1,364,202,366,-1,192,366,367,-1,367,198,194,-1,368,195,199,-1,199,365,368,-1,196,366,192,-1,232,191,193,-1,368,369,195,-1,366,198,367,-1,370,193,367,-1,199,195,194,-1,187,370,194,-1,369,188,195,-1,192,367,193,-1,189,232,190,-1,371,188,369,-1,367,194,370,-1,372,190,370,-1,195,188,187,-1,182,372,187,-1,371,183,188,-1,193,370,190,-1,186,189,184,-1,373,179,183,-1,370,187,372,-1,374,184,372,-1,374,182,178,-1,371,373,183,-1,188,183,182,-1,190,372,184,-1,234,186,185,-1,375,179,373,-1,372,182,374,-1,376,185,374,-1,183,179,178,-1,178,180,376,-1,375,181,179,-1,184,374,185,-1,174,234,173,-1,180,176,377,-1,374,178,376,-1,173,376,377,-1,181,378,177,-1,375,378,181,-1,179,181,180,-1,185,376,173,-1,169,174,170,-1,379,233,177,-1,376,180,377,-1,380,170,377,-1,380,176,175,-1,378,379,177,-1,181,177,176,-1,173,377,170,-1,172,169,171,-1,381,233,379,-1,377,176,380,-1,382,171,380,-1,177,233,175,-1,175,165,382,-1,381,166,233,-1,170,380,171,-1,168,172,167,-1,165,164,383,-1,380,175,382,-1,167,382,383,-1,166,384,236,-1,381,384,166,-1,233,166,165,-1,171,382,167,-1,159,168,160,-1,385,236,384,-1,382,165,383,-1,386,160,383,-1,166,236,164,-1,164,162,386,-1,385,163,236,-1,167,383,160,-1,235,159,158,-1,163,162,236,-1,383,164,386,-1,158,386,387,-1,162,161,387,-1,388,240,163,-1,163,385,388,-1,160,386,158,-1,153,235,154,-1,239,389,161,-1,386,162,387,-1,154,387,389,-1,240,390,238,-1,388,390,240,-1,163,240,161,-1,158,387,154,-1,245,153,152,-1,239,240,238,-1,387,161,389,-1,152,389,391,-1,239,157,391,-1,392,155,238,-1,238,390,392,-1,154,389,152,-1,243,245,244,-1,393,155,392,-1,389,239,391,-1,394,244,391,-1,238,155,157,-1,157,156,394,-1,393,247,155,-1,152,391,244,-1,147,243,148,-1,393,395,247,-1,391,157,394,-1,396,148,394,-1,155,247,156,-1,246,396,156,-1,395,250,247,-1,244,394,148,-1,151,147,149,-1,246,247,250,-1,394,156,396,-1,149,396,397,-1,246,248,397,-1,398,249,250,-1,250,395,398,-1,148,396,149,-1,251,151,150,-1,399,249,398,-1,396,246,397,-1,400,150,397,-1,250,249,248,-1,248,141,400,-1,399,142,249,-1,149,397,150,-1,354,251,241,-1,399,401,142,-1,397,248,400,-1,402,241,400,-1,249,142,141,-1,143,402,141,-1,401,254,142,-1,150,400,241,-1,145,242,146,-1,403,254,401,-1,400,141,402,-1,404,146,402,-1,142,254,143,-1,255,404,143,-1,403,256,254,-1,241,402,146,-1,259,145,144,-1,405,256,403,-1,402,143,404,-1,406,144,404,-1,254,256,255,-1,255,137,406,-1,405,135,256,-1,146,404,144,-1,257,259,258,-1,135,407,263,-1,404,255,406,-1,408,258,406,-1,408,137,136,-1,405,407,135,-1,256,135,137,-1,144,406,258,-1,138,257,139,-1,409,263,407,-1,406,137,408,-1,410,139,408,-1,135,263,136,-1,262,410,136,-1,409,264,263,-1,258,408,139,-1,267,138,140,-1,411,264,409,-1,408,136,410,-1,412,140,410,-1,263,264,262,-1,262,130,412,-1,411,131,264,-1,139,410,140,-1,266,267,265,-1,131,413,260,-1,410,262,412,-1,414,265,412,-1,414,130,129,-1,411,413,131,-1,264,131,130,-1,140,412,265,-1,134,266,132,-1,415,260,413,-1,412,130,414,-1,416,132,414,-1,131,260,129,-1,261,416,129,-1,415,269,260,-1,265,414,132,-1,268,134,133,-1,261,260,269,-1,414,129,416,-1,133,416,417,-1,261,270,417,-1,418,271,269,-1,269,415,418,-1,132,416,133,-1,123,268,124,-1,419,273,271,-1,416,261,417,-1,420,124,417,-1,420,270,272,-1,418,419,271,-1,269,271,270,-1,133,417,124,-1,276,123,125,-1,421,273,419,-1,417,270,420,-1,422,125,420,-1,271,273,272,-1,126,422,272,-1,421,127,273,-1,124,420,125,-1,275,276,274,-1,126,273,127,-1,420,272,422,-1,274,422,423,-1,126,128,423,-1,424,281,127,-1,127,421,424,-1,125,422,274,-1,118,275,119,-1,425,280,281,-1,422,126,423,-1,426,119,423,-1,426,128,279,-1,424,425,281,-1,127,281,128,-1,274,423,119,-1,282,118,117,-1,427,280,425,-1,423,128,426,-1,428,117,426,-1,281,280,279,-1,122,428,279,-1,427,120,280,-1,119,426,117,-1,287,282,283,-1,429,285,120,-1,426,279,428,-1,430,283,428,-1,430,122,121,-1,427,429,120,-1,280,120,122,-1,117,428,283,-1,111,287,112,-1,431,285,429,-1,428,122,430,-1,432,112,430,-1,120,285,121,-1,286,432,121,-1,431,288,285,-1,283,430,112,-1,253,111,113,-1,433,288,431,-1,430,121,432,-1,434,113,432,-1,285,288,286,-1,115,434,286,-1,433,116,288,-1,112,432,113,-1,284,253,252,-1,435,116,433,-1,432,286,434,-1,436,252,434,-1,288,116,115,-1,114,436,115,-1,435,278,116,-1,113,434,252,-1,107,284,105,-1,437,278,435,-1,434,115,436,-1,438,105,436,-1,116,278,114,-1,277,438,114,-1,437,291,278,-1,252,436,105,-1,290,107,106,-1,277,278,291,-1,436,114,438,-1,106,438,439,-1,439,277,108,-1,440,109,291,-1,291,437,440,-1,105,438,106,-1,293,290,289,-1,109,441,299,-1,438,277,439,-1,442,289,439,-1,442,108,110,-1,440,441,109,-1,291,109,108,-1,106,439,289,-1,100,293,101,-1,443,299,441,-1,439,108,442,-1,444,101,442,-1,109,299,110,-1,298,444,110,-1,443,296,299,-1,289,442,101,-1,292,100,99,-1,445,296,443,-1,442,110,444,-1,446,99,444,-1,299,296,298,-1,297,446,298,-1,445,301,296,-1,101,444,99,-1,102,292,103,-1,447,301,445,-1,444,298,446,-1,448,103,446,-1,296,301,297,-1,95,448,297,-1,447,93,301,-1,99,446,103,-1,304,102,104,-1,449,93,447,-1,446,297,448,-1,448,450,104,-1,301,93,95,-1,94,450,95,-1,449,303,93,-1,103,448,104,-1,237,304,96,-1,94,93,303,-1,448,95,450,-1,96,450,451,-1,451,94,302,-1,452,308,303,-1,303,449,452,-1,96,104,450,-1,312,98,97,-1,452,453,308,-1,450,94,451,-1,454,97,451,-1,303,308,302,-1,302,87,454,-1,453,88,308,-1,96,451,97,-1,310,312,311,-1,453,455,88,-1,451,302,454,-1,456,311,454,-1,308,88,87,-1,89,456,87,-1,455,300,88,-1,97,454,311,-1,315,310,309,-1,457,300,455,-1,454,87,456,-1,458,309,456,-1,88,300,89,-1,90,458,89,-1,457,91,300,-1,311,456,309,-1,313,315,314,-1,459,91,457,-1,456,89,458,-1,460,314,458,-1,300,91,90,-1,92,460,90,-1,459,318,91,-1,309,458,314,-1,83,313,81,-1,461,318,459,-1,458,90,460,-1,462,81,460,-1,91,318,92,-1,317,462,92,-1,461,316,318,-1,314,460,81,-1,323,83,82,-1,463,316,461,-1,460,92,462,-1,464,82,462,-1,318,316,317,-1,86,464,317,-1,463,84,316,-1,81,462,82,-1,322,323,321,-1,465,84,463,-1,462,317,464,-1,466,321,464,-1,316,84,86,-1,86,85,466,-1,465,294,84,-1,82,464,321,-1,76,322,77,-1,294,467,324,-1,464,86,466,-1,468,77,466,-1,468,85,295,-1,465,467,294,-1,84,294,85,-1,321,466,77,-1,327,76,75,-1,469,324,467,-1,466,85,468,-1,470,75,468,-1,294,324,295,-1,79,470,295,-1,469,80,324,-1,77,468,75,-1,326,327,325,-1,471,80,469,-1,468,295,470,-1,472,325,470,-1,324,80,79,-1,78,472,79,-1,471,331,80,-1,75,470,325,-1,71,326,69,-1,473,331,471,-1,470,79,472,-1,474,69,472,-1,80,331,78,-1,329,474,78,-1,473,330,331,-1,325,472,69,-1,334,71,70,-1,475,330,473,-1,472,78,474,-1,476,70,474,-1,331,330,329,-1,73,476,329,-1,475,74,330,-1,69,474,70,-1,333,334,332,-1,73,330,74,-1,474,329,476,-1,332,476,477,-1,477,73,72,-1,478,319,74,-1,74,475,478,-1,70,476,332,-1,36,333,37,-1,319,479,328,-1,476,73,477,-1,480,37,477,-1,480,72,320,-1,478,479,319,-1,74,319,72,-1,332,477,37,-1,336,36,38,-1,481,328,479,-1,477,72,480,-1,482,38,480,-1,319,328,320,-1,63,482,320,-1,481,64,328,-1,37,480,38,-1,340,336,337,-1,483,64,481,-1,480,320,482,-1,484,337,482,-1,328,64,63,-1,65,484,63,-1,483,341,64,-1,38,482,337,-1,66,340,67,-1,485,341,483,-1,482,63,484,-1,486,67,484,-1,64,341,65,-1,338,486,65,-1,485,339,341,-1,337,484,67,-1,335,66,68,-1,487,339,485,-1,484,65,486,-1,488,68,486,-1,341,339,338,-1,61,488,338,-1,487,62,339,-1,67,486,68,-1,58,335,59,-1,61,339,62,-1,486,338,488,-1,59,488,489,-1,489,61,60,-1,490,342,62,-1,62,487,490,-1,68,488,59,-1,345,58,57,-1,490,491,342,-1,488,61,489,-1,492,57,489,-1,62,342,60,-1,60,56,492,-1,491,54,342,-1,59,489,57,-1,52,345,53,-1,491,493,54,-1,489,60,492,-1,494,53,492,-1,342,54,56,-1,55,494,56,-1,493,344,54,-1,57,492,53,-1,349,52,51,-1,495,344,493,-1,492,56,494,-1,496,51,494,-1,54,344,55,-1,39,496,55,-1,495,40,344,-1,53,494,51,-1,347,349,348,-1,48,40,495,-1,494,55,496,-1,496,497,348,-1,344,40,39,-1,41,497,39,-1,48,47,40,-1,51,496,348,-1,498,347,346,-1,47,50,343,-1,496,39,497,-1,307,346,497,-1,40,47,41,-1,41,343,307,-1,49,50,47,-1,348,497,346,-1,306,351,498,-1,305,343,499,-1,497,41,307,-1,305,307,343,-1,43,499,50,-1,50,499,343,-1,44,43,50,-1,498,346,306,-1,307,306,346,-1,499,500,352,-1,350,306,305,-1,43,45,500,-1,352,305,499,-1,45,43,42,-1,500,499,43,-1,501,502,503,-1,504,505,506,-1,507,502,508,-1,501,508,502,-1,507,509,510,-1,509,507,508,-1,510,509,511,-1,512,501,503,-1,512,513,514,-1,513,512,503,-1,515,506,514,-1,514,513,515,-1,516,517,518,-1,515,504,506,-1,519,520,521,-1,522,523,524,-1,525,526,527,-1,528,529,530,-1,531,532,533,-1,534,535,536,-1,537,538,539,-1,540,541,542,-1,543,544,545,-1,546,547,548,-1,549,550,551,-1,552,553,554,-1,555,556,557,-1,558,559,560,-1,561,562,563,-1,564,565,566,-1,567,568,562,-1,563,562,568,-1,569,567,570,-1,567,569,568,-1,570,571,572,-1,572,569,570,-1,573,574,571,-1,572,571,574,-1,575,573,576,-1,573,575,574,-1,576,577,578,-1,578,575,576,-1,579,580,577,-1,578,577,580,-1,581,579,582,-1,579,581,580,-1,563,566,561,-1,555,565,564,-1,565,561,566,-1,557,556,559,-1,555,564,556,-1,558,560,551,-1,557,559,558,-1,549,552,550,-1,560,549,551,-1,553,544,554,-1,552,554,550,-1,548,543,545,-1,545,544,553,-1,537,547,546,-1,547,543,548,-1,539,538,541,-1,537,546,538,-1,540,542,533,-1,539,541,540,-1,531,534,532,-1,542,531,533,-1,535,526,536,-1,534,536,532,-1,530,525,527,-1,527,526,535,-1,519,529,528,-1,529,525,530,-1,521,520,523,-1,519,528,520,-1,522,524,516,-1,521,523,522,-1,517,505,518,-1,524,517,516,-1,504,518,505,-1,583,584,585,-1,584,586,587,-1,585,584,587,-1,588,586,589,-1,584,589,586,-1,590,589,591,-1,589,590,588,-1,583,585,592,-1,590,591,593,-1,594,595,596,-1,593,591,597,-1,598,594,596,-1,596,595,597,-1,599,598,600,-1,601,598,599,-1,599,600,602,-1,598,601,594,-1,603,604,605,-1,606,607,603,-1,600,607,608,-1,607,606,608,-1,607,604,603,-1,604,609,605,-1,610,611,612,-1,604,610,609,-1,609,610,612,-1,610,613,611,-1,613,614,615,-1,615,611,613,-1,596,597,591,-1,608,602,600,-1,616,617,618,-1,617,614,613,-1,619,620,621,-1,620,619,618,-1,614,617,616,-1,620,618,617,-1,622,621,623,-1,620,623,621,-1,624,625,626,-1,627,628,623,-1,624,629,627,-1,629,630,627,-1,627,630,628,-1,627,625,624,-1,631,632,625,-1,633,631,634,-1,633,632,631,-1,635,634,636,-1,634,631,636,-1,623,628,622,-1,632,626,625,-1,637,635,636,-1,638,639,640,-1,637,638,641,-1,636,638,637,-1,641,638,640,-1,642,643,639,-1,639,643,640,-1,644,645,646,-1,644,642,639,-1,646,647,644,-1,645,648,646,-1,649,650,645,-1,649,651,652,-1,652,650,649,-1,642,644,647,-1,645,650,648,-1,651,653,654,-1,653,651,649,-1,655,656,657,-1,657,654,653,-1,655,658,659,-1,659,656,655,-1,658,660,661,-1,659,658,662,-1,658,661,662,-1,653,655,657,-1,660,663,664,-1,665,661,660,-1,666,664,663,-1,664,665,660,-1,592,667,583,-1,667,668,669,-1,669,583,667,-1,670,669,671,-1,668,671,669,-1,672,673,670,-1,672,670,671,-1,674,675,673,-1,670,673,675,-1,675,676,677,-1,676,675,674,-1,678,677,679,-1,677,676,679,-1,680,678,681,-1,678,680,677,-1,682,683,680,-1,680,681,682,-1,683,684,685,-1,682,684,683,-1,685,686,687,-1,687,683,685,-1,688,687,689,-1,686,689,687,-1,690,691,688,-1,690,688,689,-1,692,693,691,-1,688,691,693,-1,693,694,695,-1,694,693,692,-1,696,695,697,-1,695,694,697,-1,698,696,699,-1,696,698,695,-1,700,701,698,-1,698,699,700,-1,701,702,703,-1,700,702,701,-1,703,704,705,-1,705,701,703,-1,704,706,705,-1,707,708,709,-1,708,710,709,-1,711,709,710,-1,712,713,714,-1,715,716,717,-1,718,719,720,-1,721,722,723,-1,724,725,726,-1,727,728,729,-1,730,731,732,-1,733,734,735,-1,736,737,738,-1,739,740,741,-1,742,743,744,-1,745,746,747,-1,748,749,750,-1,751,752,753,-1,754,755,756,-1,757,758,759,-1,760,761,762,-1,763,764,765,-1,766,767,768,-1,769,770,771,-1,772,773,774,-1,775,776,777,-1,778,779,780,-1,781,782,783,-1,784,785,786,-1,787,788,789,-1,790,791,792,-1,793,794,795,-1,796,797,798,-1,799,800,801,-1,802,803,804,-1,805,806,807,-1,808,809,810,-1,811,812,813,-1,814,815,816,-1,817,818,819,-1,820,821,822,-1,823,824,825,-1,826,827,824,-1,828,829,823,-1,823,825,828,-1,829,830,831,-1,830,829,828,-1,832,831,833,-1,830,833,831,-1,834,835,832,-1,832,833,834,-1,835,836,837,-1,836,835,834,-1,838,837,839,-1,836,839,837,-1,840,841,838,-1,838,839,840,-1,841,842,843,-1,842,841,840,-1,844,843,845,-1,842,845,843,-1,846,847,844,-1,844,845,846,-1,847,848,849,-1,848,847,846,-1,850,851,852,-1,851,850,849,-1,853,854,855,-1,852,855,854,-1,856,857,853,-1,853,855,856,-1,857,858,859,-1,858,857,856,-1,860,859,861,-1,858,861,859,-1,862,863,860,-1,860,861,862,-1,864,863,865,-1,865,863,862,-1,862,866,867,-1,867,865,862,-1,850,852,854,-1,851,849,848,-1,817,827,826,-1,824,827,825,-1,818,820,819,-1,826,818,817,-1,822,821,812,-1,819,820,822,-1,811,813,815,-1,812,821,813,-1,807,814,816,-1,814,811,815,-1,810,806,805,-1,805,807,816,-1,808,799,809,-1,810,809,806,-1,800,802,801,-1,808,800,799,-1,804,803,794,-1,801,802,804,-1,793,795,797,-1,794,803,795,-1,789,796,798,-1,796,793,797,-1,792,788,787,-1,787,789,798,-1,790,781,791,-1,792,791,788,-1,782,784,783,-1,790,782,781,-1,786,785,776,-1,783,784,786,-1,775,777,779,-1,776,785,777,-1,771,778,780,-1,778,775,779,-1,774,770,769,-1,769,771,780,-1,772,763,773,-1,774,773,770,-1,764,766,765,-1,772,764,763,-1,768,767,758,-1,765,766,768,-1,757,759,761,-1,758,767,759,-1,753,760,762,-1,760,757,761,-1,756,752,751,-1,751,753,762,-1,754,745,755,-1,756,755,752,-1,868,869,746,-1,754,746,745,-1,870,871,872,-1,873,747,874,-1,875,876,877,-1,878,879,880,-1,881,882,883,-1,884,885,886,-1,741,740,887,-1,888,739,741,-1,889,890,891,-1,892,893,731,-1,894,895,896,-1,897,889,898,-1,726,899,728,-1,900,725,724,-1,720,727,729,-1,727,726,728,-1,723,719,718,-1,718,720,729,-1,721,712,722,-1,723,722,719,-1,713,716,714,-1,721,713,712,-1,715,717,709,-1,714,716,715,-1,707,709,717,-1,749,747,901,-1,902,901,747,-1,747,746,903,-1,746,869,904,-1,746,904,903,-1,747,903,905,-1,747,905,874,-1,747,873,902,-1,906,907,868,-1,908,749,909,-1,749,901,909,-1,748,910,868,-1,750,749,911,-1,749,908,911,-1,912,913,914,-1,910,906,868,-1,868,907,869,-1,876,915,877,-1,744,743,883,-1,876,875,916,-1,917,918,919,-1,744,918,742,-1,920,921,922,-1,743,923,883,-1,924,925,926,-1,927,926,925,-1,928,929,930,-1,931,917,932,-1,927,931,926,-1,933,934,935,-1,924,936,925,-1,937,938,933,-1,917,931,938,-1,931,927,938,-1,937,917,938,-1,935,937,933,-1,939,940,941,-1,942,883,943,-1,944,945,922,-1,883,923,946,-1,920,947,921,-1,946,948,883,-1,949,950,951,-1,921,952,949,-1,949,951,953,-1,948,881,883,-1,922,954,944,-1,883,882,943,-1,955,956,957,-1,958,956,959,-1,942,960,883,-1,960,961,883,-1,962,961,963,-1,883,961,878,-1,964,962,963,-1,964,956,962,-1,958,957,956,-1,965,956,966,-1,956,955,966,-1,964,959,956,-1,967,962,968,-1,969,968,962,-1,970,971,939,-1,972,973,954,-1,971,876,939,-1,974,737,736,-1,975,976,977,-1,976,978,977,-1,979,980,981,-1,982,983,878,-1,984,985,986,-1,987,988,985,-1,977,986,989,-1,986,736,990,-1,986,990,989,-1,975,991,976,-1,977,989,992,-1,977,992,975,-1,976,991,993,-1,994,977,995,-1,996,997,998,-1,999,940,1000,-1,1001,1002,1003,-1,1004,1005,1006,-1,1007,1000,940,-1,1008,1009,1010,-1,1010,980,1011,-1,1012,1013,1014,-1,1009,1015,1016,-1,1017,1016,1015,-1,994,940,977,-1,996,1018,997,-1,977,1019,995,-1,1020,1021,1022,-1,1023,1024,1025,-1,987,1026,1027,-1,977,1028,1029,-1,1030,1028,977,-1,1025,978,1031,-1,1023,1025,1031,-1,977,1032,1030,-1,977,978,1025,-1,1031,978,1033,-1,977,1025,1032,-1,1029,1019,977,-1,1034,1035,1036,-1,1037,1020,1022,-1,1038,1039,1040,-1,1041,1042,1043,-1,1044,1041,1043,-1,994,1045,940,-1,1046,1044,1013,-1,940,1045,1007,-1,1014,1047,1048,-1,1047,1004,1006,-1,983,982,1004,-1,999,1049,940,-1,1005,1004,982,-1,1006,1048,1047,-1,1048,1012,1014,-1,1013,1012,1046,-1,1044,1046,1041,-1,1038,1042,1039,-1,1039,1037,1040,-1,1050,1034,1036,-1,1020,1051,1021,-1,1052,1053,1054,-1,1052,1050,1053,-1,1050,1052,1034,-1,1036,1035,1051,-1,1051,1035,1021,-1,1037,1022,1040,-1,1042,1038,1043,-1,1055,1056,967,-1,1057,941,940,-1,876,940,939,-1,968,970,1058,-1,969,970,968,-1,1059,1060,1061,-1,1062,1063,1064,-1,1065,1062,1066,-1,1057,940,1067,-1,1068,1069,1070,-1,1071,1070,1069,-1,1072,1058,939,-1,939,1058,970,-1,1071,1072,1070,-1,1073,1069,1068,-1,1074,1075,1076,-1,1058,1072,1075,-1,1072,1071,1075,-1,1074,1058,1075,-1,1077,1074,1076,-1,1077,1076,1078,-1,876,1079,1080,-1,947,952,921,-1,945,920,922,-1,1079,973,972,-1,973,944,954,-1,1079,971,973,-1,971,1079,876,-1,1080,915,876,-1,946,949,952,-1,923,950,949,-1,1081,929,1082,-1,876,916,914,-1,1083,953,951,-1,1084,914,1085,-1,914,916,1085,-1,929,928,1082,-1,919,1086,932,-1,1087,914,1088,-1,914,1084,1088,-1,914,1087,1089,-1,930,929,1089,-1,1086,1090,932,-1,929,1081,1083,-1,929,1083,951,-1,946,923,949,-1,988,987,1023,-1,737,1091,738,-1,1033,738,1091,-1,1092,1024,1023,-1,1092,987,1027,-1,985,1093,986,-1,987,985,984,-1,1093,974,986,-1,986,974,736,-1,1094,1095,1096,-1,1096,1095,1097,-1,1098,1031,1091,-1,1031,1033,1091,-1,1097,1098,1096,-1,1094,1099,1095,-1,1100,1101,1102,-1,1031,1098,1101,-1,1098,1097,1101,-1,1100,1031,1101,-1,1103,1100,1102,-1,1103,1102,1104,-1,870,1105,871,-1,868,872,871,-1,914,913,868,-1,868,913,872,-1,1106,1107,1105,-1,1108,1107,1109,-1,1105,870,1106,-1,1110,1111,1112,-1,914,1113,1114,-1,917,919,932,-1,742,918,917,-1,1115,1116,914,-1,1115,914,1089,-1,932,1090,929,-1,1089,929,1115,-1,929,1090,1115,-1,1116,1113,914,-1,912,914,1114,-1,1117,1118,1119,-1,984,1120,1121,-1,986,885,1122,-1,884,1122,885,-1,1121,888,741,-1,1123,1120,984,-1,1124,986,1125,-1,986,1122,1125,-1,984,1126,1123,-1,984,986,1126,-1,986,1124,1126,-1,984,1121,741,-1,1127,1128,1129,-1,1118,1130,1119,-1,1131,1132,1133,-1,741,887,1134,-1,1133,1135,1136,-1,1137,1134,1138,-1,1134,887,1138,-1,1139,1140,892,-1,1141,1134,1142,-1,1134,1137,1142,-1,892,1140,1143,-1,1144,1145,1146,-1,1147,1134,1148,-1,1134,1141,1148,-1,1146,1145,1149,-1,1134,1147,1150,-1,1151,1146,1149,-1,1145,1152,1132,-1,1145,1131,1140,-1,1153,1154,1117,-1,1130,1128,1127,-1,1128,1155,1129,-1,1155,1156,1129,-1,1130,1127,1119,-1,885,1157,1158,-1,1157,885,1159,-1,1154,1118,1117,-1,1154,1160,1135,-1,1154,1153,1160,-1,885,1161,1159,-1,1154,1135,1133,-1,885,1162,1161,-1,1133,1136,1131,-1,1162,1163,1161,-1,1162,1164,1163,-1,1164,1162,1165,-1,1151,1149,1166,-1,1167,1168,1165,-1,1169,1149,1170,-1,731,730,1171,-1,1172,1168,1167,-1,1172,1167,1173,-1,1171,730,1174,-1,1175,1176,1177,-1,1178,897,898,-1,1179,1180,1178,-1,1181,1182,735,-1,1183,1179,1182,-1,1184,1175,1185,-1,1186,1187,1188,-1,1189,894,1190,-1,1186,1185,1175,-1,1191,1189,1192,-1,1187,1186,1175,-1,1193,1194,1195,-1,1192,1189,1190,-1,1192,1196,1191,-1,1195,1194,724,-1,1190,894,896,-1,1193,1195,1197,-1,733,896,895,-1,895,734,733,-1,1198,1199,1195,-1,735,734,1181,-1,1198,1195,1200,-1,1179,735,1182,-1,1201,1202,1203,-1,1179,1183,1180,-1,1201,1204,1205,-1,1178,1180,897,-1,1201,1205,1202,-1,1204,1201,1206,-1,891,898,889,-1,1206,1201,1207,-1,1174,891,890,-1,890,1171,1174,-1,1166,1149,1150,-1,893,732,731,-1,892,1143,893,-1,1144,1208,1145,-1,1209,1145,1208,-1,1145,1209,1152,-1,1145,1140,1139,-1,1132,1131,1145,-1,1134,1150,1149,-1,1201,1169,1210,-1,1149,1169,1134,-1,1201,1134,1169,-1,1201,1210,1207,-1,1201,1203,1195,-1,1195,1203,1200,-1,1199,1197,1195,-1,1211,1212,1187,-1,1194,1213,724,-1,1214,724,1215,-1,724,1213,1215,-1,1187,1216,1211,-1,725,1216,1187,-1,724,1214,900,-1,1187,899,725,-1,726,725,899,-1,1212,1188,1187,-1,1184,1217,1175,-1,1176,1175,1218,-1,1175,1217,1218,-1,1177,1219,1175,-1,1175,1219,1167,-1,1219,1173,1167,-1,1165,1162,1167,-1,886,885,1158,-1,1220,1221,1018,-1,998,1017,996,-1,1222,1223,987,-1,1224,1225,878,-1,996,1017,1015,-1,1226,987,878,-1,1008,1015,1009,-1,1227,878,1225,-1,1008,1010,1011,-1,878,1228,1229,-1,1011,980,979,-1,878,1230,1228,-1,979,981,1001,-1,983,1230,878,-1,1002,1001,981,-1,1001,1230,983,-1,1230,1001,1003,-1,1229,1231,1224,-1,878,1229,1224,-1,1232,1233,1234,-1,1227,1226,878,-1,1235,1236,1237,-1,987,1226,1222,-1,1018,1221,1238,-1,987,1223,1239,-1,987,1239,1240,-1,997,1018,1238,-1,1220,1241,1092,-1,987,1240,1026,-1,1024,1092,1241,-1,987,1092,1023,-1,1092,1221,1220,-1,1233,1232,1237,-1,1242,1243,1244,-1,1245,1246,1244,-1,1245,1247,1246,-1,1245,1244,1243,-1,1233,1243,1234,-1,1242,1234,1243,-1,1236,1233,1237,-1,1238,1236,1235,-1,997,1238,1248,-1,1238,1235,1248,-1,1049,982,1249,-1,1005,982,1049,-1,1249,1250,1049,-1,880,982,878,-1,1251,1057,1067,-1,878,1252,879,-1,1252,878,1253,-1,1254,1255,1256,-1,1254,1257,1064,-1,1258,1259,878,-1,1260,1261,1262,-1,1255,1261,1256,-1,1263,961,1264,-1,1265,1266,1267,-1,1268,1267,1269,-1,1270,1271,878,-1,967,1272,1055,-1,1273,1274,1275,-1,1262,1273,1260,-1,1275,1260,1273,-1,1276,1277,1278,-1,1255,1262,1261,-1,1279,967,1277,-1,1254,1256,1257,-1,1280,1278,1277,-1,1254,1064,1063,-1,1281,1282,1283,-1,1280,1277,1067,-1,1277,1251,1067,-1,1065,1063,1062,-1,1061,1060,1066,-1,1060,1065,1066,-1,1060,1059,1249,-1,940,1284,1285,-1,1250,1284,940,-1,1249,1059,1286,-1,1049,1250,940,-1,1249,1286,1250,-1,1285,1067,940,-1,1287,1288,1289,-1,1290,1283,1291,-1,1281,1283,1290,-1,1268,1269,1292,-1,1277,1276,1279,-1,1267,1266,1269,-1,967,1279,1272,-1,1293,1056,1294,-1,967,1056,962,-1,1295,1296,1266,-1,1056,1297,1294,-1,1298,1296,1295,-1,1268,1291,1283,-1,1289,1282,1281,-1,1288,1282,1289,-1,1268,1292,1291,-1,1266,1265,1295,-1,1297,1296,1298,-1,1293,1264,1056,-1,1297,1298,1294,-1,1299,961,1263,-1,962,1056,1264,-1,961,962,1264,-1,961,1299,878,-1,878,1299,1270,-1,878,1271,1258,-1,1259,1253,878,-1,1300,744,749,-1,1109,1107,1106,-1,744,1301,1302,-1,918,744,1303,-1,1302,1303,744,-1,1112,918,1110,-1,918,1303,1304,-1,918,1304,1110,-1,1108,1112,1111,-1,1111,1107,1108,-1,749,1305,1306,-1,1307,748,868,-1,749,1308,1309,-1,868,871,1310,-1,1309,1305,749,-1,1311,868,1312,-1,868,1310,1312,-1,1313,1308,749,-1,1313,749,1314,-1,1315,868,1316,-1,868,1311,1316,-1,1307,1314,749,-1,868,1315,1307,-1,749,748,1307,-1,744,1300,1301,-1,749,1306,1300,-1,1317,1318,1319,-1,1320,1319,1321,-1,1317,1319,1322,-1,867,1323,865,-1,1323,1321,865,-1,1319,1320,1322,-1,1321,1323,1320,-1,1324,1325,1326,-1,1327,1326,1325,-1,1328,1329,1330,-1,1331,1332,1333,-1,1318,1334,1335,-1,1336,1337,1338,-1,1317,1334,1318,-1,1334,1317,1322,-1,1334,1336,1339,-1,1335,1339,1338,-1,1337,1340,1338,-1,1328,1340,1341,-1,1329,1332,1330,-1,1332,1331,1342,-1,1330,1332,1342,-1,1326,1331,1324,-1,1324,1331,1333,-1,1326,1342,1331,-1,1340,1337,1341,-1,1341,1329,1328,-1,1338,1339,1336,-1,1335,1334,1339,-1,1343,1344,1345,-1,1346,1347,708,-1,1346,1343,1345,-1,1347,1346,1345,-1,708,1347,710,-1,1348,1344,1343,-1,1348,1343,1349,-1,1350,1351,1352,-1,1353,1354,1355,-1,1356,1357,1358,-1,1357,1359,1358,-1,1360,1361,1362,-1,1352,1363,1364,-1,1350,1365,1351,-1,1354,1366,1360,-1,1361,1359,1362,-1,1366,1361,1360,-1,1353,1366,1354,-1,1365,1367,1355,-1,1367,1353,1355,-1,1365,1355,1351,-1,1364,1350,1352,-1,1356,1364,1363,-1,1363,1357,1356,-1,1359,1357,1362,-1,1368,1369,1370,-1,1370,1371,1368,-1,1372,1373,1374,-1,1375,1372,1376,-1,1376,1372,1374,-1,1375,1376,1377,-1,1377,1378,1375,-1,1379,1380,1371,-1,1374,1373,1381,-1,1381,1382,1374,-1,1369,1368,1383,-1,1380,1379,1384,-1,1373,1385,1381,-1,1382,1381,1383,-1,1385,1383,1381,-1,1369,1383,1385,-1,1369,1379,1370,-1,1371,1370,1379,-1,1386,1387,1388,-1,1389,1390,1391,-1,1392,1393,1394,-1,1395,1396,1397,-1,1388,1387,1398,-1,1399,1398,1400,-1,1401,1399,1402,-1,1399,1400,1402,-1,1403,1404,1405,-1,1406,1392,1407,-1,1408,1409,1410,-1,1405,1411,1412,-1,1409,1413,1414,-1,1410,1415,1416,-1,1417,1418,1419,-1,1420,1421,1414,-1,1422,1423,1424,-1,1425,1426,1427,-1,1428,1429,1430,-1,1431,1432,1433,-1,1434,1435,1436,-1,1437,1438,1439,-1,1440,1441,1442,-1,1443,1444,1445,-1,1446,1447,1448,-1,1449,1450,1451,-1,1452,1453,1454,-1,1455,1456,1457,-1,1458,1459,1460,-1,1461,1462,1463,-1,1464,1465,1466,-1,1467,1468,1469,-1,1470,1471,1472,-1,1473,1474,1475,-1,1476,1477,1478,-1,1479,1480,1481,-1,1482,1483,1484,-1,1485,1486,1487,-1,1488,1489,1490,-1,1491,1492,1493,-1,1494,1495,1496,-1,1497,1498,1499,-1,1500,1501,1502,-1,1503,1504,1505,-1,1506,1507,1508,-1,1509,1510,1511,-1,1512,1513,1514,-1,1515,1516,1512,-1,1517,1518,1519,-1,1514,1518,1520,-1,1521,1522,1523,-1,1521,1524,1517,-1,1525,1526,1527,-1,1522,1528,1527,-1,1525,1529,1530,-1,1526,1530,1531,-1,1532,1533,1534,-1,1535,1534,1529,-1,1536,1537,1538,-1,1535,1537,1532,-1,1539,1540,1538,-1,1540,1541,1536,-1,1539,1542,1543,-1,1540,1543,1544,-1,1545,1546,1547,-1,1548,1543,1547,-1,1545,1549,1550,-1,1551,1552,1545,-1,1553,1549,1554,-1,1549,1552,1555,-1,1556,1557,1558,-1,1554,1555,1559,-1,1560,1559,1561,-1,1560,1562,1563,-1,1564,1565,1566,-1,1567,1568,1564,-1,1560,1569,1554,-1,1570,1571,1568,-1,1572,1562,1561,-1,1571,1563,1573,-1,1574,1575,1576,-1,1577,1578,1579,-1,1580,1581,1574,-1,1582,1583,1576,-1,1584,1585,1580,-1,1580,1574,1584,-1,1542,1551,1547,-1,1586,1530,1534,-1,1587,1532,1536,-1,1528,1521,1519,-1,1526,1588,1522,-1,1589,1512,1520,-1,1517,1590,1520,-1,1506,1516,1591,-1,1508,1513,1516,-1,1509,1592,1507,-1,1506,1593,1509,-1,1501,1511,1594,-1,1511,1500,1592,-1,1502,1504,1595,-1,1504,1501,1596,-1,1597,1496,1503,-1,1595,1503,1495,-1,1598,1494,1499,-1,1599,1499,1496,-1,1498,1600,1488,-1,1490,1598,1498,-1,1491,1601,1489,-1,1488,1602,1491,-1,1483,1493,1603,-1,1493,1482,1601,-1,1484,1486,1604,-1,1486,1483,1605,-1,1606,1478,1485,-1,1604,1485,1477,-1,1607,1476,1481,-1,1608,1481,1478,-1,1480,1609,1470,-1,1472,1607,1480,-1,1473,1610,1471,-1,1470,1611,1473,-1,1465,1475,1612,-1,1475,1464,1610,-1,1466,1468,1613,-1,1468,1465,1614,-1,1615,1460,1467,-1,1613,1467,1459,-1,1616,1458,1463,-1,1617,1463,1460,-1,1462,1618,1452,-1,1454,1616,1462,-1,1455,1619,1453,-1,1452,1620,1455,-1,1447,1457,1621,-1,1457,1446,1619,-1,1448,1450,1622,-1,1450,1447,1623,-1,1624,1442,1449,-1,1622,1449,1441,-1,1625,1440,1445,-1,1626,1445,1442,-1,1444,1627,1434,-1,1436,1625,1444,-1,1437,1628,1435,-1,1434,1629,1437,-1,1429,1439,1630,-1,1439,1428,1628,-1,1430,1432,1631,-1,1432,1429,1632,-1,1633,1424,1431,-1,1631,1431,1423,-1,1634,1422,1427,-1,1635,1427,1424,-1,1426,1636,1417,-1,1419,1634,1426,-1,1420,1413,1418,-1,1417,1637,1420,-1,1416,1404,1408,-1,1414,1638,1410,-1,1406,1403,1412,-1,1416,1639,1405,-1,1407,1394,1386,-1,1412,1640,1392,-1,1641,1642,1386,-1,1394,1643,1641,-1,1642,1641,1644,-1,1644,1641,1645,-1,1646,1644,1645,-1,1647,1646,1645,-1,1647,1648,1649,-1,1648,1650,1649,-1,1651,1650,1652,-1,1399,1388,1398,-1,1397,1401,1402,-1,1397,1396,1401,-1,1386,1642,1387,-1,1653,1654,1655,-1,1643,1656,1645,-1,1388,1657,1407,-1,1658,1648,1647,-1,1641,1386,1394,-1,1643,1645,1641,-1,1650,1648,1652,-1,1646,1647,1649,-1,1647,1656,1658,-1,1659,1652,1648,-1,1399,1657,1388,-1,1401,1657,1399,-1,1395,1660,1396,-1,1407,1386,1388,-1,1657,1401,1661,-1,1662,1643,1393,-1,1657,1661,1406,-1,1656,1663,1658,-1,1392,1394,1407,-1,1393,1643,1394,-1,1658,1659,1648,-1,1645,1656,1647,-1,1656,1662,1663,-1,1664,1659,1658,-1,1396,1661,1401,-1,1654,1660,1395,-1,1654,1653,1660,-1,1406,1407,1657,-1,1665,1655,1666,-1,1640,1667,1393,-1,1661,1668,1403,-1,1669,1663,1662,-1,1392,1406,1412,-1,1640,1393,1392,-1,1670,1664,1663,-1,1643,1662,1656,-1,1662,1667,1669,-1,1664,1658,1663,-1,1396,1668,1661,-1,1668,1396,1660,-1,1671,1672,1673,-1,1403,1406,1661,-1,1674,1666,1675,-1,1676,1640,1411,-1,1677,1404,1668,-1,1669,1678,1679,-1,1412,1403,1405,-1,1640,1412,1411,-1,1663,1669,1670,-1,1393,1667,1662,-1,1678,1667,1676,-1,1679,1670,1669,-1,1660,1677,1668,-1,1653,1677,1660,-1,1666,1674,1665,-1,1404,1403,1668,-1,1680,1677,1653,-1,1681,1411,1639,-1,1680,1408,1677,-1,1682,1683,1678,-1,1416,1405,1404,-1,1411,1405,1639,-1,1679,1678,1683,-1,1640,1676,1667,-1,1676,1681,1682,-1,1667,1678,1669,-1,1653,1665,1680,-1,1665,1653,1655,-1,1675,1684,1674,-1,1408,1404,1677,-1,1680,1665,1685,-1,1415,1686,1639,-1,1685,1409,1680,-1,1682,1681,1687,-1,1410,1416,1408,-1,1415,1639,1416,-1,1682,1688,1683,-1,1411,1681,1676,-1,1681,1686,1687,-1,1676,1682,1678,-1,1674,1685,1665,-1,1671,1684,1675,-1,1689,1690,1691,-1,1409,1408,1680,-1,1692,1672,1691,-1,1638,1693,1415,-1,1685,1694,1413,-1,1687,1695,1696,-1,1410,1409,1414,-1,1415,1410,1638,-1,1687,1688,1682,-1,1639,1686,1681,-1,1686,1693,1695,-1,1696,1688,1687,-1,1674,1694,1685,-1,1694,1674,1684,-1,1672,1692,1673,-1,1413,1409,1685,-1,1697,1694,1684,-1,1698,1638,1421,-1,1694,1697,1418,-1,1699,1700,1695,-1,1420,1414,1413,-1,1421,1638,1414,-1,1695,1700,1696,-1,1415,1693,1686,-1,1699,1693,1698,-1,1686,1695,1687,-1,1684,1673,1697,-1,1673,1684,1671,-1,1692,1691,1690,-1,1418,1413,1694,-1,1701,1697,1673,-1,1637,1702,1421,-1,1697,1701,1419,-1,1699,1703,1704,-1,1420,1418,1417,-1,1421,1420,1637,-1,1700,1699,1704,-1,1638,1698,1693,-1,1698,1702,1703,-1,1693,1699,1695,-1,1701,1673,1692,-1,1705,1689,1391,-1,1706,1389,1707,-1,1419,1418,1697,-1,1708,1701,1692,-1,1709,1637,1636,-1,1701,1708,1634,-1,1710,1711,1703,-1,1417,1419,1426,-1,1636,1637,1417,-1,1703,1711,1704,-1,1421,1702,1698,-1,1710,1702,1709,-1,1698,1703,1699,-1,1692,1690,1708,-1,1712,1713,1714,-1,1391,1390,1705,-1,1634,1419,1701,-1,1708,1690,1715,-1,1716,1636,1425,-1,1708,1715,1422,-1,1710,1717,1718,-1,1427,1426,1634,-1,1636,1426,1425,-1,1711,1710,1718,-1,1637,1709,1702,-1,1709,1716,1717,-1,1702,1710,1703,-1,1690,1705,1715,-1,1705,1690,1689,-1,1390,1389,1706,-1,1422,1634,1708,-1,1719,1707,1712,-1,1635,1720,1425,-1,1721,1423,1715,-1,1717,1716,1722,-1,1424,1427,1422,-1,1635,1425,1427,-1,1717,1723,1718,-1,1636,1716,1709,-1,1722,1716,1720,-1,1709,1717,1710,-1,1705,1721,1715,-1,1721,1705,1390,-1,1724,1713,1725,-1,1423,1422,1715,-1,1726,1721,1390,-1,1633,1727,1635,-1,1721,1726,1631,-1,1722,1728,1729,-1,1424,1423,1431,-1,1635,1424,1633,-1,1717,1722,1723,-1,1425,1720,1716,-1,1720,1727,1728,-1,1729,1723,1722,-1,1390,1706,1726,-1,1730,1583,1579,-1,1712,1714,1719,-1,1631,1423,1721,-1,1726,1706,1731,-1,1732,1633,1433,-1,1726,1731,1430,-1,1733,1734,1728,-1,1432,1431,1631,-1,1633,1431,1433,-1,1728,1734,1729,-1,1635,1727,1720,-1,1727,1732,1733,-1,1720,1728,1722,-1,1706,1719,1731,-1,1719,1706,1707,-1,1735,1736,1737,-1,1430,1631,1726,-1,1738,1725,1735,-1,1632,1739,1433,-1,1740,1428,1731,-1,1741,1742,1733,-1,1429,1432,1430,-1,1632,1433,1432,-1,1733,1742,1734,-1,1633,1732,1727,-1,1741,1732,1739,-1,1727,1733,1728,-1,1719,1740,1731,-1,1740,1719,1714,-1,1743,1744,1745,-1,1428,1430,1731,-1,1746,1740,1714,-1,1630,1747,1632,-1,1740,1746,1628,-1,1741,1748,1749,-1,1439,1429,1428,-1,1630,1632,1429,-1,1742,1741,1749,-1,1433,1739,1732,-1,1748,1739,1747,-1,1732,1741,1733,-1,1714,1724,1746,-1,1724,1714,1713,-1,1735,1737,1738,-1,1628,1428,1740,-1,1746,1724,1750,-1,1438,1751,1630,-1,1750,1435,1746,-1,1748,1752,1753,-1,1439,1628,1437,-1,1630,1439,1438,-1,1749,1748,1753,-1,1632,1747,1739,-1,1747,1751,1752,-1,1739,1748,1741,-1,1724,1738,1750,-1,1738,1724,1725,-1,1736,1754,1737,-1,1435,1628,1746,-1,1750,1738,1755,-1,1756,1438,1629,-1,1755,1436,1750,-1,1757,1758,1752,-1,1437,1435,1434,-1,1629,1438,1437,-1,1752,1758,1753,-1,1630,1751,1747,-1,1757,1751,1756,-1,1747,1752,1748,-1,1737,1755,1738,-1,1759,1754,1736,-1,1759,1760,1754,-1,1436,1435,1750,-1,1755,1737,1761,-1,1762,1629,1627,-1,1761,1625,1755,-1,1757,1763,1764,-1,1444,1434,1436,-1,1629,1434,1627,-1,1758,1757,1764,-1,1438,1756,1751,-1,1763,1756,1762,-1,1751,1757,1752,-1,1754,1761,1737,-1,1743,1760,1759,-1,1765,1766,1767,-1,1625,1436,1755,-1,1768,1761,1754,-1,1443,1769,1627,-1,1761,1768,1440,-1,1770,1771,1763,-1,1444,1625,1445,-1,1627,1444,1443,-1,1764,1763,1771,-1,1629,1762,1756,-1,1762,1769,1770,-1,1756,1763,1757,-1,1768,1754,1760,-1,1772,1744,1767,-1,1744,1772,1745,-1,1440,1625,1761,-1,1773,1768,1760,-1,1774,1443,1626,-1,1768,1773,1441,-1,1775,1776,1770,-1,1442,1445,1440,-1,1626,1443,1445,-1,1770,1776,1771,-1,1627,1769,1762,-1,1775,1769,1774,-1,1762,1770,1763,-1,1760,1745,1773,-1,1745,1760,1743,-1,1777,1778,1779,-1,1441,1440,1768,-1,1780,1773,1745,-1,1624,1781,1626,-1,1780,1622,1773,-1,1775,1782,1783,-1,1449,1442,1441,-1,1626,1442,1624,-1,1776,1775,1783,-1,1443,1774,1769,-1,1782,1774,1781,-1,1769,1775,1770,-1,1780,1745,1772,-1,1784,1765,1785,-1,1765,1784,1766,-1,1622,1441,1773,-1,1786,1780,1772,-1,1451,1787,1624,-1,1780,1786,1448,-1,1788,1789,1782,-1,1449,1622,1450,-1,1624,1449,1451,-1,1783,1782,1789,-1,1626,1781,1774,-1,1781,1787,1788,-1,1774,1782,1775,-1,1772,1766,1786,-1,1766,1772,1767,-1,1785,1790,1784,-1,1448,1622,1780,-1,1786,1766,1791,-1,1792,1451,1623,-1,1791,1446,1786,-1,1793,1794,1788,-1,1447,1450,1448,-1,1623,1451,1450,-1,1788,1794,1789,-1,1624,1787,1781,-1,1793,1787,1792,-1,1781,1788,1782,-1,1784,1791,1766,-1,1777,1790,1785,-1,1795,1796,1797,-1,1446,1448,1786,-1,1798,1791,1784,-1,1621,1799,1623,-1,1798,1619,1791,-1,1793,1800,1801,-1,1457,1447,1446,-1,1623,1447,1621,-1,1794,1793,1801,-1,1451,1792,1787,-1,1800,1792,1799,-1,1787,1793,1788,-1,1798,1784,1790,-1,1802,1778,1803,-1,1778,1802,1779,-1,1619,1446,1791,-1,1804,1798,1790,-1,1456,1805,1621,-1,1798,1804,1453,-1,1806,1807,1800,-1,1457,1619,1455,-1,1621,1457,1456,-1,1801,1800,1807,-1,1623,1799,1792,-1,1799,1805,1806,-1,1792,1800,1793,-1,1790,1779,1804,-1,1779,1790,1777,-1,1803,1808,1802,-1,1453,1619,1798,-1,1804,1779,1809,-1,1810,1456,1620,-1,1809,1454,1804,-1,1811,1812,1806,-1,1452,1455,1453,-1,1620,1456,1455,-1,1806,1812,1807,-1,1621,1805,1799,-1,1811,1805,1810,-1,1799,1806,1800,-1,1802,1809,1779,-1,1795,1808,1803,-1,1813,1814,1815,-1,1454,1453,1804,-1,1816,1809,1802,-1,1618,1817,1620,-1,1816,1616,1809,-1,1811,1818,1819,-1,1462,1452,1454,-1,1620,1452,1618,-1,1812,1811,1819,-1,1456,1810,1805,-1,1818,1810,1817,-1,1805,1811,1806,-1,1816,1802,1808,-1,1820,1796,1821,-1,1796,1820,1797,-1,1616,1454,1809,-1,1822,1816,1808,-1,1461,1823,1618,-1,1816,1822,1458,-1,1824,1825,1818,-1,1462,1616,1463,-1,1618,1462,1461,-1,1819,1818,1825,-1,1620,1817,1810,-1,1817,1823,1824,-1,1810,1818,1811,-1,1808,1797,1822,-1,1797,1808,1795,-1,1821,1826,1820,-1,1458,1616,1816,-1,1822,1797,1827,-1,1828,1461,1617,-1,1827,1459,1822,-1,1829,1830,1824,-1,1460,1463,1458,-1,1617,1461,1463,-1,1824,1830,1825,-1,1618,1823,1817,-1,1829,1823,1828,-1,1817,1824,1818,-1,1820,1827,1797,-1,1813,1826,1821,-1,1831,1832,1833,-1,1459,1458,1822,-1,1834,1827,1820,-1,1615,1835,1617,-1,1834,1613,1827,-1,1829,1836,1837,-1,1460,1459,1467,-1,1617,1460,1615,-1,1830,1829,1837,-1,1461,1828,1823,-1,1836,1828,1835,-1,1823,1829,1824,-1,1834,1820,1826,-1,1838,1814,1839,-1,1814,1838,1815,-1,1613,1459,1827,-1,1840,1834,1826,-1,1841,1615,1469,-1,1834,1840,1466,-1,1842,1843,1836,-1,1467,1613,1468,-1,1615,1467,1469,-1,1837,1836,1843,-1,1617,1835,1828,-1,1835,1841,1842,-1,1828,1836,1829,-1,1826,1815,1840,-1,1815,1826,1813,-1,1839,1844,1838,-1,1466,1613,1834,-1,1840,1815,1845,-1,1846,1469,1614,-1,1845,1464,1840,-1,1847,1848,1842,-1,1465,1468,1466,-1,1469,1468,1614,-1,1842,1848,1843,-1,1615,1841,1835,-1,1847,1841,1846,-1,1835,1842,1836,-1,1838,1845,1815,-1,1831,1844,1839,-1,1849,1850,1851,-1,1464,1466,1840,-1,1852,1845,1838,-1,1612,1853,1614,-1,1852,1610,1845,-1,1854,1855,1847,-1,1465,1464,1475,-1,1614,1465,1612,-1,1848,1847,1855,-1,1469,1846,1841,-1,1846,1853,1854,-1,1841,1847,1842,-1,1852,1838,1844,-1,1856,1832,1857,-1,1832,1856,1833,-1,1610,1464,1845,-1,1858,1852,1844,-1,1859,1612,1474,-1,1852,1858,1471,-1,1860,1861,1854,-1,1475,1610,1473,-1,1474,1612,1475,-1,1854,1861,1855,-1,1614,1853,1846,-1,1860,1853,1859,-1,1846,1854,1847,-1,1844,1833,1858,-1,1833,1844,1831,-1,1857,1862,1856,-1,1471,1610,1852,-1,1858,1833,1863,-1,1864,1474,1611,-1,1863,1472,1858,-1,1860,1865,1866,-1,1470,1473,1471,-1,1474,1473,1611,-1,1861,1860,1866,-1,1612,1859,1853,-1,1865,1859,1864,-1,1853,1860,1854,-1,1856,1863,1833,-1,1849,1862,1857,-1,1867,1868,1869,-1,1472,1471,1858,-1,1870,1863,1856,-1,1609,1871,1611,-1,1870,1607,1863,-1,1872,1873,1865,-1,1480,1470,1472,-1,1611,1470,1609,-1,1866,1865,1873,-1,1474,1864,1859,-1,1864,1871,1872,-1,1859,1865,1860,-1,1870,1856,1862,-1,1874,1850,1875,-1,1850,1874,1851,-1,1607,1472,1863,-1,1870,1862,1876,-1,1479,1877,1609,-1,1876,1476,1870,-1,1878,1879,1872,-1,1481,1480,1607,-1,1479,1609,1480,-1,1872,1879,1873,-1,1611,1871,1864,-1,1878,1871,1877,-1,1864,1872,1865,-1,1862,1851,1876,-1,1851,1862,1849,-1,1875,1880,1874,-1,1476,1607,1870,-1,1876,1851,1881,-1,1608,1882,1479,-1,1881,1477,1876,-1,1877,1883,1878,-1,1481,1476,1478,-1,1608,1479,1481,-1,1879,1878,1884,-1,1609,1877,1871,-1,1883,1877,1882,-1,1871,1878,1872,-1,1874,1881,1851,-1,1885,1880,1875,-1,1885,1886,1880,-1,1477,1476,1876,-1,1887,1881,1874,-1,1888,1608,1606,-1,1887,1604,1881,-1,1882,1889,1883,-1,1485,1478,1477,-1,1608,1478,1606,-1,1883,1890,1884,-1,1479,1882,1877,-1,1882,1888,1889,-1,1884,1878,1883,-1,1880,1887,1874,-1,1891,1886,1885,-1,1891,1892,1886,-1,1604,1477,1881,-1,1893,1887,1880,-1,1487,1894,1606,-1,1893,1484,1887,-1,1895,1896,1889,-1,1486,1485,1604,-1,1606,1485,1487,-1,1889,1896,1890,-1,1608,1888,1882,-1,1888,1894,1895,-1,1890,1883,1889,-1,1886,1893,1880,-1,1897,1892,1891,-1,1897,1898,1892,-1,1484,1604,1887,-1,1899,1893,1886,-1,1605,1900,1487,-1,1899,1482,1893,-1,1895,1894,1901,-1,1483,1486,1484,-1,1487,1486,1605,-1,1896,1895,1902,-1,1606,1894,1888,-1,1901,1894,1900,-1,1888,1895,1889,-1,1892,1899,1886,-1,1867,1898,1897,-1,1867,1869,1898,-1,1482,1484,1893,-1,1903,1868,1904,-1,1603,1905,1605,-1,1899,1906,1601,-1,1901,1900,1907,-1,1483,1482,1493,-1,1603,1605,1483,-1,1895,1901,1902,-1,1487,1900,1894,-1,1900,1905,1907,-1,1908,1902,1901,-1,1892,1906,1899,-1,1898,1906,1892,-1,1909,1910,1911,-1,1601,1482,1899,-1,1912,1904,1913,-1,1914,1603,1492,-1,1906,1915,1489,-1,1905,1916,1907,-1,1493,1601,1491,-1,1492,1603,1493,-1,1907,1908,1901,-1,1605,1905,1900,-1,1905,1914,1916,-1,1917,1908,1907,-1,1898,1915,1906,-1,1869,1915,1898,-1,1904,1912,1903,-1,1489,1601,1906,-1,1918,1915,1869,-1,1919,1492,1602,-1,1918,1490,1915,-1,1914,1920,1916,-1,1488,1491,1489,-1,1492,1491,1602,-1,1921,1917,1916,-1,1603,1914,1905,-1,1914,1919,1920,-1,1917,1907,1916,-1,1869,1903,1918,-1,1903,1869,1868,-1,1913,1922,1912,-1,1490,1489,1915,-1,1923,1918,1903,-1,1600,1924,1602,-1,1923,1598,1918,-1,1925,1920,1919,-1,1498,1488,1490,-1,1602,1488,1600,-1,1920,1926,1921,-1,1492,1919,1914,-1,1919,1924,1925,-1,1921,1916,1920,-1,1912,1923,1903,-1,1927,1922,1913,-1,1927,1928,1922,-1,1598,1490,1918,-1,1929,1923,1912,-1,1497,1930,1600,-1,1929,1494,1923,-1,1925,1924,1931,-1,1499,1498,1598,-1,1600,1498,1497,-1,1925,1932,1926,-1,1602,1924,1919,-1,1924,1930,1931,-1,1926,1920,1925,-1,1922,1929,1912,-1,1910,1928,1927,-1,1910,1909,1928,-1,1494,1598,1923,-1,1933,1911,1934,-1,1599,1935,1497,-1,1929,1936,1495,-1,1931,1930,1937,-1,1499,1494,1496,-1,1599,1497,1499,-1,1925,1931,1932,-1,1600,1930,1924,-1,1930,1935,1937,-1,1938,1932,1931,-1,1922,1936,1929,-1,1928,1936,1922,-1,1939,1940,1941,-1,1495,1494,1929,-1,1942,1934,1943,-1,1944,1599,1597,-1,1936,1945,1595,-1,1946,1937,1935,-1,1496,1495,1503,-1,1597,1599,1496,-1,1937,1938,1931,-1,1497,1935,1930,-1,1935,1944,1946,-1,1947,1938,1937,-1,1928,1945,1936,-1,1909,1945,1928,-1,1934,1942,1933,-1,1595,1495,1936,-1,1945,1909,1948,-1,1949,1597,1505,-1,1945,1948,1502,-1,1944,1950,1946,-1,1503,1595,1504,-1,1505,1597,1503,-1,1946,1947,1937,-1,1599,1944,1935,-1,1944,1949,1950,-1,1951,1947,1946,-1,1909,1933,1948,-1,1933,1909,1911,-1,1943,1952,1942,-1,1502,1595,1945,-1,1953,1948,1933,-1,1954,1505,1596,-1,1953,1500,1948,-1,1949,1955,1950,-1,1501,1504,1502,-1,1505,1504,1596,-1,1956,1951,1950,-1,1597,1949,1944,-1,1949,1954,1955,-1,1951,1946,1950,-1,1942,1953,1933,-1,1957,1952,1943,-1,1957,1958,1952,-1,1500,1502,1948,-1,1959,1953,1942,-1,1594,1960,1596,-1,1959,1592,1953,-1,1961,1955,1954,-1,1511,1501,1500,-1,1596,1501,1594,-1,1955,1962,1956,-1,1505,1954,1949,-1,1954,1960,1961,-1,1956,1950,1955,-1,1952,1959,1942,-1,1963,1958,1957,-1,1963,1964,1958,-1,1592,1500,1953,-1,1965,1959,1952,-1,1510,1966,1594,-1,1965,1507,1959,-1,1961,1960,1967,-1,1509,1511,1592,-1,1594,1511,1510,-1,1961,1968,1962,-1,1596,1960,1954,-1,1960,1966,1967,-1,1962,1955,1961,-1,1958,1965,1952,-1,1941,1964,1963,-1,1941,1940,1964,-1,1507,1592,1959,-1,1969,1939,1970,-1,1593,1971,1510,-1,1965,1972,1508,-1,1967,1966,1973,-1,1509,1507,1506,-1,1593,1510,1509,-1,1961,1967,1968,-1,1594,1966,1960,-1,1966,1971,1973,-1,1974,1968,1967,-1,1958,1972,1965,-1,1964,1972,1958,-1,1975,1976,1977,-1,1508,1507,1965,-1,1978,1970,1979,-1,1980,1593,1591,-1,1972,1981,1513,-1,1982,1973,1971,-1,1506,1508,1516,-1,1591,1593,1506,-1,1973,1974,1967,-1,1510,1971,1966,-1,1971,1980,1982,-1,1983,1974,1973,-1,1964,1981,1972,-1,1940,1981,1964,-1,1970,1978,1969,-1,1513,1508,1972,-1,1981,1940,1984,-1,1985,1591,1515,-1,1981,1984,1514,-1,1980,1986,1982,-1,1516,1513,1512,-1,1515,1591,1516,-1,1982,1983,1973,-1,1593,1980,1971,-1,1980,1985,1986,-1,1987,1983,1982,-1,1940,1969,1984,-1,1969,1940,1939,-1,1979,1988,1978,-1,1514,1513,1981,-1,1989,1984,1969,-1,1990,1515,1589,-1,1989,1518,1984,-1,1985,1991,1986,-1,1520,1512,1514,-1,1515,1512,1589,-1,1992,1987,1986,-1,1591,1985,1980,-1,1985,1990,1991,-1,1987,1982,1986,-1,1978,1989,1969,-1,1993,1988,1979,-1,1993,1994,1988,-1,1518,1514,1984,-1,1995,1989,1978,-1,1590,1996,1589,-1,1995,1519,1989,-1,1991,1990,1997,-1,1517,1520,1518,-1,1589,1520,1590,-1,1991,1998,1992,-1,1515,1990,1985,-1,1990,1996,1997,-1,1992,1986,1991,-1,1988,1995,1978,-1,1999,1994,1993,-1,1999,2000,1994,-1,1519,1518,1989,-1,2001,1995,1988,-1,1524,2002,1590,-1,2001,1528,1995,-1,1997,1996,2003,-1,1521,1517,1519,-1,1524,1590,1517,-1,1991,1997,1998,-1,1589,1996,1990,-1,1996,2002,2003,-1,2004,1998,1997,-1,1994,2001,1988,-1,1977,2000,1999,-1,1977,1976,2000,-1,1528,1519,1995,-1,2005,1975,2006,-1,1523,2007,1524,-1,2001,2008,1527,-1,2009,2003,2002,-1,1521,1528,1522,-1,1523,1524,1521,-1,2003,2004,1997,-1,1590,2002,1996,-1,2002,2007,2009,-1,2010,2004,2003,-1,1994,2008,2001,-1,2000,2008,1994,-1,2011,2012,2013,-1,1527,1528,2001,-1,2014,2006,2015,-1,2016,1523,1588,-1,2008,2017,1525,-1,2007,2018,2009,-1,1522,1527,1526,-1,1588,1523,1522,-1,2009,2010,2003,-1,1524,2007,2002,-1,2007,2016,2018,-1,2019,2010,2009,-1,2000,2017,2008,-1,1976,2017,2000,-1,2006,2014,2005,-1,1525,1527,2008,-1,2020,2017,1976,-1,2021,1588,1531,-1,2020,1529,2017,-1,2016,2022,2018,-1,1530,1526,1525,-1,1588,1526,1531,-1,2023,2019,2018,-1,1523,2016,2007,-1,2016,2021,2022,-1,2019,2009,2018,-1,1976,2005,2020,-1,2005,1976,1975,-1,2015,2024,2014,-1,1529,1525,2017,-1,2025,2020,2005,-1,1586,2026,1531,-1,2025,1535,2020,-1,2027,2022,2021,-1,1534,1530,1529,-1,1531,1530,1586,-1,2022,2028,2023,-1,1588,2021,2016,-1,2021,2026,2027,-1,2023,2018,2022,-1,2014,2025,2005,-1,2029,2024,2015,-1,2029,2030,2024,-1,1535,1529,2020,-1,2031,2025,2014,-1,1533,2032,1586,-1,2031,1537,2025,-1,2027,2026,2033,-1,1532,1534,1535,-1,1586,1534,1533,-1,2027,2034,2028,-1,1531,2026,2021,-1,2026,2032,2033,-1,2028,2022,2027,-1,2024,2031,2014,-1,2012,2030,2029,-1,2012,2011,2030,-1,1537,1535,2025,-1,2035,2013,2036,-1,1587,2037,1533,-1,2031,2038,1538,-1,2033,2032,2039,-1,1532,1537,1536,-1,1587,1533,1532,-1,2027,2033,2034,-1,1586,2032,2026,-1,2032,2037,2039,-1,2040,2034,2033,-1,2024,2038,2031,-1,2030,2038,2024,-1,2041,2042,2043,-1,1538,1537,2031,-1,2044,2036,2045,-1,2046,1587,1541,-1,2038,2047,1539,-1,2048,2039,2037,-1,1536,1538,1540,-1,1541,1587,1536,-1,2039,2040,2033,-1,1533,2037,2032,-1,2037,2046,2048,-1,2049,2040,2039,-1,2030,2047,2038,-1,2011,2047,2030,-1,2036,2044,2035,-1,1539,1538,2038,-1,2047,2011,2050,-1,2051,1541,1544,-1,2047,2050,1542,-1,2046,2052,2048,-1,1540,1539,1543,-1,1544,1541,1540,-1,2048,2049,2039,-1,1587,2046,2037,-1,2046,2051,2052,-1,2053,2049,2048,-1,2011,2035,2050,-1,2035,2011,2013,-1,2045,2054,2044,-1,1542,1539,2047,-1,2055,2050,2035,-1,2056,1544,1548,-1,2055,1551,2050,-1,2051,2057,2052,-1,1547,1543,1542,-1,1544,1543,1548,-1,2058,2053,2052,-1,1541,2051,2046,-1,2051,2056,2057,-1,2053,2048,2052,-1,2044,2055,2035,-1,2059,2054,2045,-1,2059,2060,2054,-1,1551,1542,2050,-1,2061,2055,2044,-1,1546,2062,1548,-1,2061,1552,2055,-1,2063,2057,2056,-1,1545,1547,1551,-1,1548,1547,1546,-1,2057,2064,2058,-1,1544,2056,2051,-1,2056,2062,2063,-1,2058,2052,2057,-1,2054,2061,2044,-1,2065,2060,2059,-1,2065,2066,2060,-1,1552,1551,2055,-1,2067,2061,2054,-1,1550,2068,1546,-1,2067,1555,2061,-1,2063,2062,2069,-1,1549,1545,1552,-1,1546,1545,1550,-1,2063,2070,2064,-1,1548,2062,2056,-1,2062,2068,2069,-1,2064,2057,2063,-1,2060,2067,2054,-1,2043,2066,2065,-1,2043,2042,2066,-1,1555,1552,2061,-1,1577,2041,1578,-1,1553,2071,1550,-1,2067,2072,1559,-1,2069,2068,2073,-1,1549,1555,1554,-1,1553,1550,1549,-1,2063,2069,2070,-1,1546,2068,2062,-1,2068,2071,2073,-1,2074,2070,2069,-1,2060,2072,2067,-1,2066,2072,2060,-1,2075,2076,1582,-1,1559,1555,2067,-1,1579,1578,1730,-1,2077,1553,1569,-1,1561,1559,2072,-1,2071,2078,2073,-1,1554,1559,1560,-1,1569,1553,1554,-1,2073,2074,2069,-1,1550,2071,2068,-1,2071,2077,2078,-1,2079,2074,2073,-1,2066,2080,2072,-1,2042,2080,2066,-1,1566,1565,2081,-1,2080,1561,2072,-1,2082,2080,2042,-1,2083,1569,1563,-1,1561,2080,1572,-1,2077,2084,2078,-1,1560,1561,1562,-1,1563,1569,1560,-1,2085,2079,2078,-1,1553,2077,2071,-1,2077,2083,2084,-1,2079,2073,2078,-1,2042,1577,2082,-1,1577,2042,2041,-1,1572,2086,2087,-1,2082,1572,2080,-1,1577,2088,2082,-1,1562,2087,1573,-1,2086,1572,2082,-1,2083,1570,2084,-1,2087,1562,1572,-1,1563,1562,1573,-1,2084,2089,2085,-1,1569,2083,2077,-1,2083,1571,1570,-1,2085,2078,2084,-1,1579,2088,1577,-1,2090,1583,1730,-1,2086,2091,2092,-1,2088,2086,2082,-1,1579,2093,2088,-1,2087,2092,1565,-1,2088,2091,2086,-1,1573,1565,1564,-1,2087,2086,2092,-1,1573,2087,1565,-1,1570,2094,2089,-1,1563,1571,2083,-1,1571,1564,1568,-1,2089,2084,1570,-1,1583,2093,1579,-1,2095,1576,2090,-1,2076,2091,2093,-1,2093,2091,2088,-1,2093,1582,2076,-1,2096,2092,2091,-1,2091,2076,2096,-1,2081,1565,2092,-1,2092,2096,2081,-1,1558,1557,1567,-1,1570,1568,2094,-1,1573,1564,1571,-1,1564,1566,1567,-1,2097,2094,1568,-1,2090,1576,1583,-1,2095,1584,1574,-1,2096,2076,2098,-1,1583,1582,2093,-1,1582,1575,2075,-1,2081,2096,2099,-1,2076,2075,2098,-1,1566,2081,2100,-1,2096,2098,2099,-1,1567,1566,1558,-1,2099,2100,2081,-1,1567,2097,1568,-1,1566,2100,1558,-1,1557,2097,1567,-1,2095,1574,1576,-1,1576,1575,1582,-1,1581,2101,1575,-1,1574,1581,1575,-1,2101,2102,2075,-1,1575,2101,2075,-1,2102,2103,2098,-1,2075,2102,2098,-1,2103,2104,2099,-1,2098,2103,2099,-1,2104,2105,2100,-1,2099,2104,2100,-1,1556,1558,2105,-1,2100,2105,1558,-1,1652,2106,1651,-1,1670,2107,1664,-1,1659,2108,2109,-1,2110,1683,1688,-1,2111,1679,2112,-1,1700,1704,2113,-1,1696,2114,2115,-1,1723,2116,1718,-1,2117,2118,1711,-1,2119,1734,1742,-1,2120,1729,2121,-1,1753,1758,2122,-1,1749,2123,2124,-1,1776,2125,1771,-1,2126,2127,1764,-1,2128,1789,1794,-1,2129,1783,2130,-1,1807,1812,2131,-1,1801,2132,2133,-1,1830,2134,1825,-1,2135,2136,1819,-1,2137,1843,1848,-1,2138,1837,2139,-1,1861,1866,2140,-1,1855,2141,2142,-1,1884,2143,1879,-1,2144,2145,1873,-1,2146,1896,1902,-1,2147,1890,2148,-1,1917,1921,2149,-1,1908,2150,2151,-1,1938,2152,1932,-1,2153,2154,1926,-1,2155,1951,1956,-1,2156,1947,2157,-1,1968,1974,2158,-1,1962,2159,2160,-1,1992,2161,1987,-1,2162,2163,1983,-1,2164,2165,2004,-1,2166,1998,2165,-1,2010,2167,2164,-1,2164,2004,2010,-1,2167,2019,2168,-1,2019,2167,2010,-1,2169,2168,2023,-1,2019,2023,2168,-1,2028,2170,2169,-1,2169,2023,2028,-1,2170,2034,2171,-1,2034,2170,2028,-1,2172,2171,2040,-1,2034,2040,2171,-1,2049,2173,2172,-1,2172,2040,2049,-1,2173,2053,2174,-1,2053,2173,2049,-1,2175,2174,2058,-1,2053,2058,2174,-1,2064,2176,2175,-1,2175,2058,2064,-1,2176,2070,2177,-1,2070,2176,2064,-1,2178,2177,2074,-1,2070,2074,2177,-1,2079,2179,2178,-1,2178,2074,2079,-1,2179,2085,2180,-1,2085,2179,2079,-1,2181,2180,2089,-1,2085,2089,2180,-1,2094,2182,2181,-1,2181,2089,2094,-1,2182,2097,2183,-1,2097,2182,2094,-1,2184,2183,1557,-1,2097,1557,2183,-1,1556,2185,2184,-1,2184,1557,1556,-1,1992,1998,2166,-1,2165,1998,2004,-1,2161,2162,1987,-1,2166,2161,1992,-1,1983,2163,1974,-1,1987,2162,1983,-1,1968,2158,2159,-1,1974,2163,2158,-1,1956,1962,2160,-1,1962,1968,2159,-1,2157,1951,2155,-1,2155,1956,2160,-1,2156,1938,1947,-1,2157,1947,1951,-1,2152,2153,1932,-1,2156,2152,1938,-1,1926,2154,1921,-1,1932,2153,1926,-1,1917,2149,2150,-1,1921,2154,2149,-1,1902,1908,2151,-1,1908,1917,2150,-1,2148,1896,2146,-1,2146,1902,2151,-1,2147,1884,1890,-1,2148,1890,1896,-1,2143,2144,1879,-1,2147,2143,1884,-1,1873,2145,1866,-1,1879,2144,1873,-1,1861,2140,2141,-1,1866,2145,2140,-1,1848,1855,2142,-1,1855,1861,2141,-1,2139,1843,2137,-1,2137,1848,2142,-1,2138,1830,1837,-1,2139,1837,1843,-1,2134,2135,1825,-1,2138,2134,1830,-1,1819,2136,1812,-1,1825,2135,1819,-1,1807,2131,2132,-1,1812,2136,2131,-1,1794,1801,2133,-1,1801,1807,2132,-1,2130,1789,2128,-1,2128,1794,2133,-1,2129,1776,1783,-1,2130,1783,1789,-1,2125,2126,1771,-1,2129,2125,1776,-1,1764,2127,1758,-1,1771,2126,1764,-1,1753,2122,2123,-1,1758,2127,2122,-1,1742,1749,2124,-1,1749,1753,2123,-1,2121,1734,2119,-1,2119,1742,2124,-1,2120,1723,1729,-1,2121,1729,1734,-1,2116,2117,1718,-1,2120,2116,1723,-1,1711,2118,1704,-1,1718,2117,1711,-1,1700,2113,2114,-1,1704,2118,2113,-1,1688,1696,2115,-1,1696,1700,2114,-1,2112,1683,2110,-1,2110,1688,2115,-1,2111,1670,1679,-1,2112,1679,1683,-1,2107,2108,1664,-1,2111,2107,1670,-1,1659,2109,1652,-1,1664,2108,1659,-1,2106,1652,2109,-1,2186,2187,2188,-1,2189,2190,2191,-1,2192,2111,2193,-1,2109,2194,2195,-1,2109,2108,2194,-1,2106,2109,2195,-1,2196,2194,2197,-1,2198,2199,2200,-1,2201,2202,2203,-1,2110,2204,2205,-1,2206,2113,2207,-1,2204,2115,2208,-1,2116,2209,2210,-1,2211,2212,2213,-1,2214,2215,2119,-1,2216,2217,2218,-1,2125,2219,2126,-1,2220,2221,2222,-1,2125,2223,2219,-1,2224,2225,2226,-1,2227,2228,2128,-1,2229,2230,2231,-1,2232,2131,2233,-1,2234,2235,2236,-1,2237,2139,2137,-1,2238,2239,2240,-1,2141,2140,2241,-1,2242,2243,2244,-1,2245,2145,2144,-1,2246,2247,2248,-1,2151,2249,2146,-1,2250,2251,2252,-1,2249,2253,2146,-1,2254,2255,2256,-1,2257,2149,2258,-1,2259,2260,2261,-1,2152,2262,2263,-1,2264,2265,2266,-1,2267,2268,2155,-1,2269,2270,2271,-1,2165,2164,2272,-1,2273,2274,2275,-1,2161,2276,2277,-1,2278,2279,2280,-1,2281,2282,2283,-1,2284,2282,2285,-1,2167,2286,2287,-1,2283,2288,2289,-1,2290,2291,2292,-1,2293,2288,2292,-1,2294,2170,2295,-1,2169,2294,2296,-1,2297,2295,2171,-1,2298,2299,2300,-1,2301,2302,2303,-1,2298,2302,2304,-1,2305,2306,2303,-1,2307,2308,2173,-1,2305,2309,2310,-1,2174,2311,2307,-1,2312,2313,2176,-1,2311,2175,2313,-1,2183,2314,2182,-1,2315,2316,2317,-1,2318,2178,2319,-1,2320,2316,2321,-1,2322,2319,2179,-1,2323,2324,2321,-1,2180,2325,2322,-1,2323,2326,2327,-1,2181,2328,2325,-1,2329,2326,2330,-1,2331,2332,2333,-1,2331,2334,2330,-1,2335,2336,2337,-1,2338,2339,2340,-1,2341,2342,2189,-1,2343,2341,2189,-1,2182,2314,2328,-1,2344,2335,2345,-1,2346,2347,2348,-1,2346,2184,2185,-1,2185,2349,2346,-1,2349,2350,2347,-1,2312,2176,2177,-1,2309,2315,2351,-1,2168,2296,2286,-1,2300,2352,2290,-1,2166,2353,2276,-1,2170,2171,2295,-1,2272,2353,2165,-1,2354,2280,2355,-1,2356,2355,2284,-1,2163,2357,2358,-1,2162,2277,2357,-1,2359,2360,2273,-1,2279,2361,2359,-1,2267,2160,2362,-1,2362,2159,2363,-1,2270,2364,2365,-1,2364,2275,2366,-1,2158,2363,2159,-1,2268,2367,2157,-1,2368,2266,2369,-1,2370,2369,2269,-1,2154,2371,2258,-1,2153,2263,2371,-1,2372,2373,2259,-1,2265,2374,2372,-1,2152,2263,2153,-1,2375,2150,2257,-1,2255,2376,2377,-1,2376,2261,2378,-1,2379,2380,2147,-1,2253,2379,2148,-1,2381,2252,2382,-1,2383,2382,2254,-1,2145,2245,2384,-1,2144,2385,2245,-1,2386,2387,2246,-1,2251,2388,2386,-1,2389,2142,2390,-1,2390,2141,2241,-1,2243,2391,2392,-1,2391,2248,2393,-1,2394,2395,2138,-1,2237,2394,2139,-1,2396,2240,2397,-1,2398,2397,2242,-1,2134,2399,2135,-1,2135,2399,2400,-1,2401,2402,2234,-1,2239,2403,2401,-1,2132,2131,2232,-1,2404,2132,2232,-1,2230,2405,2406,-1,2405,2236,2407,-1,2228,2130,2128,-1,2228,2408,2130,-1,2409,2226,2410,-1,2411,2410,2229,-1,2127,2412,2413,-1,2129,2223,2125,-1,2414,2415,2220,-1,2225,2416,2414,-1,2417,2123,2122,-1,2413,2122,2127,-1,2217,2418,2419,-1,2418,2222,2420,-1,2119,2215,2121,-1,2124,2123,2421,-1,2422,2213,2423,-1,2424,2423,2216,-1,2116,2210,2117,-1,2425,2120,2121,-1,2426,2427,2201,-1,2212,2428,2426,-1,2203,2429,2198,-1,2117,2430,2118,-1,2187,2200,2431,-1,2115,2114,2208,-1,2432,2194,2108,-1,2193,2111,2112,-1,2186,2433,2434,-1,2434,2197,2186,-1,2188,2435,2433,-1,2188,2433,2186,-1,2435,2436,2437,-1,2194,2196,2195,-1,2107,2432,2108,-1,2436,2188,2431,-1,2196,2197,2434,-1,2438,2197,2432,-1,2436,2435,2188,-1,2438,2187,2186,-1,2187,2431,2188,-1,2439,2436,2440,-1,2436,2439,2437,-1,2194,2432,2197,-1,2111,2192,2107,-1,2440,2431,2199,-1,2197,2438,2186,-1,2441,2438,2192,-1,2440,2436,2431,-1,2441,2200,2187,-1,2200,2199,2431,-1,2442,2440,2443,-1,2440,2442,2439,-1,2438,2432,2192,-1,2107,2192,2432,-1,2443,2199,2429,-1,2438,2441,2187,-1,2205,2112,2110,-1,2443,2440,2199,-1,2444,2198,2200,-1,2198,2429,2199,-1,2445,2443,2446,-1,2443,2445,2442,-1,2441,2193,2444,-1,2193,2441,2192,-1,2446,2429,2202,-1,2441,2444,2200,-1,2447,2444,2205,-1,2446,2443,2429,-1,2447,2203,2198,-1,2203,2202,2429,-1,2448,2446,2449,-1,2446,2448,2445,-1,2444,2193,2205,-1,2112,2205,2193,-1,2427,2449,2202,-1,2444,2447,2198,-1,2450,2447,2204,-1,2201,2427,2202,-1,2450,2201,2203,-1,2449,2451,2452,-1,2448,2449,2452,-1,2446,2202,2449,-1,2205,2204,2447,-1,2110,2115,2204,-1,2428,2451,2427,-1,2447,2450,2203,-1,2206,2114,2113,-1,2452,2451,2453,-1,2454,2426,2201,-1,2449,2427,2451,-1,2427,2426,2428,-1,2453,2451,2455,-1,2450,2208,2454,-1,2204,2208,2450,-1,2211,2455,2428,-1,2450,2454,2201,-1,2454,2206,2456,-1,2453,2455,2457,-1,2456,2212,2426,-1,2451,2428,2455,-1,2428,2212,2211,-1,2457,2455,2458,-1,2454,2208,2206,-1,2114,2206,2208,-1,2211,2422,2458,-1,2454,2456,2426,-1,2459,2456,2207,-1,2213,2422,2211,-1,2459,2213,2212,-1,2458,2460,2461,-1,2457,2458,2461,-1,2455,2211,2458,-1,2206,2207,2456,-1,2113,2118,2207,-1,2460,2422,2424,-1,2456,2459,2212,-1,2459,2430,2462,-1,2461,2460,2463,-1,2462,2423,2213,-1,2458,2422,2460,-1,2422,2423,2424,-1,2463,2460,2464,-1,2459,2207,2430,-1,2118,2430,2207,-1,2424,2218,2464,-1,2459,2462,2213,-1,2462,2210,2465,-1,2464,2460,2424,-1,2423,2465,2216,-1,2424,2216,2218,-1,2466,2464,2467,-1,2464,2466,2463,-1,2462,2430,2210,-1,2117,2210,2430,-1,2218,2419,2467,-1,2462,2465,2423,-1,2468,2465,2209,-1,2469,2467,2470,-1,2468,2217,2216,-1,2217,2419,2218,-1,2466,2467,2469,-1,2464,2218,2467,-1,2210,2209,2465,-1,2116,2120,2209,-1,2420,2470,2419,-1,2465,2468,2216,-1,2471,2468,2425,-1,2472,2469,2470,-1,2471,2418,2217,-1,2467,2419,2470,-1,2419,2418,2420,-1,2472,2470,2473,-1,2468,2209,2425,-1,2120,2425,2209,-1,2420,2221,2473,-1,2468,2471,2217,-1,2471,2215,2474,-1,2473,2470,2420,-1,2418,2474,2222,-1,2420,2222,2221,-1,2475,2473,2476,-1,2473,2475,2472,-1,2471,2425,2215,-1,2121,2215,2425,-1,2221,2415,2476,-1,2471,2474,2418,-1,2477,2474,2214,-1,2478,2476,2479,-1,2477,2220,2222,-1,2220,2415,2221,-1,2475,2476,2478,-1,2473,2221,2476,-1,2215,2214,2474,-1,2119,2124,2214,-1,2416,2479,2415,-1,2474,2477,2222,-1,2480,2477,2421,-1,2481,2478,2479,-1,2480,2414,2220,-1,2476,2415,2479,-1,2415,2414,2416,-1,2481,2479,2482,-1,2477,2214,2421,-1,2124,2421,2214,-1,2224,2482,2416,-1,2477,2480,2220,-1,2483,2480,2417,-1,2482,2479,2416,-1,2483,2225,2414,-1,2225,2224,2416,-1,2484,2482,2485,-1,2482,2484,2481,-1,2480,2421,2417,-1,2123,2417,2421,-1,2409,2485,2224,-1,2480,2483,2414,-1,2483,2413,2486,-1,2485,2482,2224,-1,2225,2486,2226,-1,2224,2226,2409,-1,2487,2485,2488,-1,2485,2487,2484,-1,2483,2417,2413,-1,2122,2413,2417,-1,2411,2488,2409,-1,2483,2486,2225,-1,2489,2486,2412,-1,2490,2488,2491,-1,2489,2410,2226,-1,2410,2411,2409,-1,2487,2488,2490,-1,2485,2409,2488,-1,2413,2412,2486,-1,2127,2126,2412,-1,2411,2231,2491,-1,2486,2489,2226,-1,2492,2489,2219,-1,2411,2491,2488,-1,2492,2229,2410,-1,2229,2231,2411,-1,2493,2491,2494,-1,2491,2493,2490,-1,2489,2412,2219,-1,2126,2219,2412,-1,2494,2231,2406,-1,2489,2492,2410,-1,2495,2492,2223,-1,2493,2494,2496,-1,2495,2230,2229,-1,2491,2231,2494,-1,2231,2230,2406,-1,2496,2494,2497,-1,2223,2492,2219,-1,2130,2408,2129,-1,2407,2497,2406,-1,2492,2495,2229,-1,2498,2495,2408,-1,2497,2494,2406,-1,2230,2498,2405,-1,2406,2405,2407,-1,2499,2497,2500,-1,2497,2499,2496,-1,2495,2223,2408,-1,2129,2408,2223,-1,2407,2235,2500,-1,2495,2498,2230,-1,2227,2128,2133,-1,2407,2500,2497,-1,2501,2236,2405,-1,2236,2235,2407,-1,2502,2500,2503,-1,2500,2502,2499,-1,2498,2228,2501,-1,2228,2498,2408,-1,2503,2235,2402,-1,2498,2501,2405,-1,2504,2501,2227,-1,2503,2505,2506,-1,2504,2234,2236,-1,2234,2402,2235,-1,2502,2503,2506,-1,2500,2235,2503,-1,2228,2227,2501,-1,2132,2404,2133,-1,2403,2505,2402,-1,2501,2504,2236,-1,2507,2504,2404,-1,2402,2505,2503,-1,2234,2507,2401,-1,2402,2401,2403,-1,2508,2505,2509,-1,2505,2508,2506,-1,2504,2227,2404,-1,2133,2404,2227,-1,2403,2238,2509,-1,2504,2507,2234,-1,2233,2131,2136,-1,2403,2509,2505,-1,2510,2239,2401,-1,2239,2238,2403,-1,2511,2509,2512,-1,2509,2511,2508,-1,2507,2232,2510,-1,2232,2507,2404,-1,2512,2238,2396,-1,2507,2510,2401,-1,2513,2510,2233,-1,2512,2514,2515,-1,2513,2240,2239,-1,2240,2396,2238,-1,2511,2512,2515,-1,2509,2238,2512,-1,2232,2233,2510,-1,2135,2400,2136,-1,2398,2514,2396,-1,2510,2513,2239,-1,2516,2513,2400,-1,2396,2514,2512,-1,2516,2397,2240,-1,2397,2398,2396,-1,2517,2514,2518,-1,2514,2517,2515,-1,2513,2233,2400,-1,2136,2400,2233,-1,2518,2398,2244,-1,2513,2516,2240,-1,2519,2516,2399,-1,2518,2514,2398,-1,2519,2242,2397,-1,2242,2244,2398,-1,2520,2518,2521,-1,2518,2520,2517,-1,2399,2516,2400,-1,2138,2395,2134,-1,2521,2244,2392,-1,2516,2519,2397,-1,2522,2519,2395,-1,2521,2518,2244,-1,2242,2522,2243,-1,2244,2243,2392,-1,2523,2521,2524,-1,2521,2523,2520,-1,2519,2399,2395,-1,2134,2395,2399,-1,2393,2524,2392,-1,2519,2522,2242,-1,2525,2522,2394,-1,2392,2524,2521,-1,2525,2391,2243,-1,2391,2393,2392,-1,2526,2524,2527,-1,2524,2526,2523,-1,2395,2394,2522,-1,2138,2139,2394,-1,2527,2393,2247,-1,2522,2525,2243,-1,2528,2525,2237,-1,2527,2524,2393,-1,2528,2248,2391,-1,2248,2247,2393,-1,2529,2527,2530,-1,2527,2529,2526,-1,2237,2525,2394,-1,2142,2389,2137,-1,2530,2247,2387,-1,2525,2528,2391,-1,2531,2528,2389,-1,2530,2527,2247,-1,2248,2531,2246,-1,2247,2246,2387,-1,2532,2530,2533,-1,2530,2532,2529,-1,2528,2237,2389,-1,2137,2389,2237,-1,2387,2388,2533,-1,2528,2531,2248,-1,2534,2531,2390,-1,2387,2533,2530,-1,2534,2386,2246,-1,2386,2388,2387,-1,2535,2533,2536,-1,2533,2535,2532,-1,2389,2390,2531,-1,2142,2141,2390,-1,2536,2388,2250,-1,2531,2534,2246,-1,2537,2534,2241,-1,2535,2536,2538,-1,2537,2251,2386,-1,2533,2388,2536,-1,2388,2251,2250,-1,2538,2536,2539,-1,2241,2534,2390,-1,2145,2384,2140,-1,2381,2539,2250,-1,2534,2537,2386,-1,2540,2537,2384,-1,2539,2536,2250,-1,2251,2540,2252,-1,2250,2252,2381,-1,2541,2539,2542,-1,2539,2541,2538,-1,2537,2241,2384,-1,2140,2384,2241,-1,2381,2383,2542,-1,2537,2540,2251,-1,2144,2143,2385,-1,2381,2542,2539,-1,2543,2382,2252,-1,2382,2383,2381,-1,2544,2542,2545,-1,2542,2544,2541,-1,2384,2245,2540,-1,2540,2245,2543,-1,2545,2383,2256,-1,2540,2543,2252,-1,2546,2543,2385,-1,2544,2545,2547,-1,2546,2254,2382,-1,2542,2383,2545,-1,2383,2254,2256,-1,2547,2545,2548,-1,2385,2543,2245,-1,2147,2380,2143,-1,2377,2548,2256,-1,2543,2546,2382,-1,2549,2546,2380,-1,2548,2545,2256,-1,2549,2255,2254,-1,2255,2377,2256,-1,2550,2548,2551,-1,2548,2550,2547,-1,2546,2385,2380,-1,2143,2380,2385,-1,2551,2377,2378,-1,2546,2549,2254,-1,2549,2379,2552,-1,2551,2548,2377,-1,2552,2376,2255,-1,2376,2378,2377,-1,2553,2551,2554,-1,2551,2553,2550,-1,2380,2379,2549,-1,2147,2148,2379,-1,2554,2378,2260,-1,2549,2552,2255,-1,2552,2253,2555,-1,2554,2551,2378,-1,2376,2555,2261,-1,2378,2261,2260,-1,2556,2554,2557,-1,2554,2556,2553,-1,2379,2253,2552,-1,2148,2146,2253,-1,2373,2557,2260,-1,2552,2555,2376,-1,2558,2555,2249,-1,2260,2557,2554,-1,2261,2558,2259,-1,2260,2259,2373,-1,2559,2557,2560,-1,2557,2559,2556,-1,2253,2249,2555,-1,2150,2375,2151,-1,2374,2560,2373,-1,2555,2558,2261,-1,2561,2558,2375,-1,2373,2560,2557,-1,2561,2372,2259,-1,2373,2372,2374,-1,2562,2560,2563,-1,2560,2562,2559,-1,2558,2249,2375,-1,2151,2375,2249,-1,2264,2563,2374,-1,2558,2561,2259,-1,2564,2561,2257,-1,2374,2563,2560,-1,2564,2265,2372,-1,2265,2264,2374,-1,2565,2563,2566,-1,2563,2565,2562,-1,2375,2257,2561,-1,2150,2149,2257,-1,2566,2264,2368,-1,2561,2564,2372,-1,2564,2258,2567,-1,2565,2566,2568,-1,2567,2266,2265,-1,2563,2264,2566,-1,2264,2266,2368,-1,2568,2566,2569,-1,2257,2258,2564,-1,2149,2154,2258,-1,2370,2569,2368,-1,2564,2567,2265,-1,2567,2371,2570,-1,2569,2566,2368,-1,2266,2570,2369,-1,2368,2369,2370,-1,2571,2569,2572,-1,2569,2571,2568,-1,2258,2371,2567,-1,2154,2153,2371,-1,2271,2572,2370,-1,2567,2570,2266,-1,2573,2570,2263,-1,2370,2572,2569,-1,2369,2573,2269,-1,2370,2269,2271,-1,2574,2572,2575,-1,2572,2574,2571,-1,2371,2263,2570,-1,2156,2262,2152,-1,2365,2575,2271,-1,2570,2573,2369,-1,2576,2573,2262,-1,2271,2575,2572,-1,2269,2576,2270,-1,2271,2270,2365,-1,2577,2575,2578,-1,2575,2577,2574,-1,2263,2262,2573,-1,2157,2367,2156,-1,2366,2578,2365,-1,2573,2576,2269,-1,2579,2576,2367,-1,2365,2578,2575,-1,2579,2364,2270,-1,2365,2364,2366,-1,2580,2578,2581,-1,2578,2580,2577,-1,2576,2262,2367,-1,2156,2367,2262,-1,2274,2581,2366,-1,2576,2579,2270,-1,2579,2268,2582,-1,2366,2581,2578,-1,2582,2275,2364,-1,2275,2274,2366,-1,2583,2581,2584,-1,2581,2583,2580,-1,2367,2268,2579,-1,2157,2155,2268,-1,2584,2274,2360,-1,2579,2582,2364,-1,2582,2267,2585,-1,2584,2586,2587,-1,2585,2273,2275,-1,2273,2360,2274,-1,2583,2584,2587,-1,2581,2274,2584,-1,2268,2267,2582,-1,2155,2160,2267,-1,2361,2586,2360,-1,2582,2585,2275,-1,2585,2362,2588,-1,2360,2586,2584,-1,2273,2588,2359,-1,2360,2359,2361,-1,2589,2586,2590,-1,2586,2589,2587,-1,2267,2362,2585,-1,2160,2159,2362,-1,2278,2590,2361,-1,2585,2588,2273,-1,2591,2588,2363,-1,2361,2590,2586,-1,2359,2591,2279,-1,2361,2279,2278,-1,2592,2590,2593,-1,2590,2592,2589,-1,2362,2363,2588,-1,2163,2358,2158,-1,2354,2593,2278,-1,2588,2591,2359,-1,2594,2591,2358,-1,2278,2593,2590,-1,2594,2280,2279,-1,2278,2280,2354,-1,2595,2593,2596,-1,2593,2595,2592,-1,2591,2363,2358,-1,2158,2358,2363,-1,2356,2596,2354,-1,2591,2594,2279,-1,2597,2594,2357,-1,2354,2596,2593,-1,2597,2355,2280,-1,2355,2356,2354,-1,2598,2596,2599,-1,2596,2598,2595,-1,2358,2357,2594,-1,2163,2162,2357,-1,2599,2356,2285,-1,2594,2597,2280,-1,2597,2277,2600,-1,2598,2599,2601,-1,2600,2284,2355,-1,2596,2356,2599,-1,2356,2284,2285,-1,2601,2599,2602,-1,2357,2277,2597,-1,2162,2161,2277,-1,2281,2602,2285,-1,2597,2600,2355,-1,2600,2276,2603,-1,2602,2599,2285,-1,2284,2603,2282,-1,2285,2282,2281,-1,2604,2602,2605,-1,2602,2604,2601,-1,2277,2276,2600,-1,2161,2166,2276,-1,2289,2605,2281,-1,2600,2603,2284,-1,2603,2353,2606,-1,2281,2605,2602,-1,2282,2606,2283,-1,2281,2283,2289,-1,2607,2605,2608,-1,2605,2607,2604,-1,2276,2353,2603,-1,2166,2165,2353,-1,2293,2608,2289,-1,2603,2606,2282,-1,2609,2606,2272,-1,2289,2608,2605,-1,2283,2609,2288,-1,2289,2288,2293,-1,2610,2608,2611,-1,2608,2610,2607,-1,2353,2272,2606,-1,2167,2287,2164,-1,2291,2611,2293,-1,2606,2609,2283,-1,2612,2609,2287,-1,2293,2611,2608,-1,2612,2292,2288,-1,2293,2292,2291,-1,2613,2611,2614,-1,2611,2613,2610,-1,2609,2272,2287,-1,2164,2287,2272,-1,2352,2614,2291,-1,2609,2612,2288,-1,2612,2286,2615,-1,2291,2614,2611,-1,2615,2290,2292,-1,2290,2352,2291,-1,2616,2614,2617,-1,2614,2616,2613,-1,2287,2286,2612,-1,2167,2168,2286,-1,2617,2352,2299,-1,2612,2615,2292,-1,2615,2296,2618,-1,2617,2619,2620,-1,2618,2300,2290,-1,2300,2299,2352,-1,2616,2617,2620,-1,2614,2352,2617,-1,2286,2296,2615,-1,2168,2169,2296,-1,2304,2619,2299,-1,2615,2618,2290,-1,2618,2294,2621,-1,2299,2619,2617,-1,2300,2621,2298,-1,2299,2298,2304,-1,2622,2619,2623,-1,2619,2622,2620,-1,2296,2294,2618,-1,2169,2170,2294,-1,2301,2623,2304,-1,2618,2621,2300,-1,2624,2621,2295,-1,2304,2623,2619,-1,2298,2624,2302,-1,2304,2302,2301,-1,2625,2623,2626,-1,2623,2625,2622,-1,2294,2295,2621,-1,2172,2297,2171,-1,2306,2626,2301,-1,2621,2624,2298,-1,2627,2624,2297,-1,2301,2626,2623,-1,2627,2303,2302,-1,2301,2303,2306,-1,2628,2626,2629,-1,2626,2628,2625,-1,2295,2297,2624,-1,2173,2308,2172,-1,2629,2306,2310,-1,2624,2627,2302,-1,2630,2627,2308,-1,2306,2629,2626,-1,2630,2305,2303,-1,2305,2310,2306,-1,2631,2629,2632,-1,2629,2631,2628,-1,2627,2297,2308,-1,2172,2308,2297,-1,2632,2310,2351,-1,2627,2630,2303,-1,2630,2307,2633,-1,2632,2629,2310,-1,2633,2309,2305,-1,2309,2351,2310,-1,2634,2632,2635,-1,2632,2634,2631,-1,2308,2307,2630,-1,2173,2174,2307,-1,2635,2351,2317,-1,2630,2633,2305,-1,2633,2311,2636,-1,2635,2632,2351,-1,2309,2636,2315,-1,2351,2315,2317,-1,2637,2635,2638,-1,2635,2637,2634,-1,2307,2311,2633,-1,2174,2175,2311,-1,2320,2638,2317,-1,2633,2636,2309,-1,2636,2313,2639,-1,2317,2638,2635,-1,2315,2639,2316,-1,2317,2316,2320,-1,2640,2638,2641,-1,2638,2640,2637,-1,2311,2313,2636,-1,2175,2176,2313,-1,2324,2641,2320,-1,2636,2639,2315,-1,2642,2639,2312,-1,2320,2641,2638,-1,2316,2642,2321,-1,2320,2321,2324,-1,2643,2641,2644,-1,2641,2643,2640,-1,2313,2312,2639,-1,2178,2318,2177,-1,2327,2644,2324,-1,2639,2642,2316,-1,2645,2642,2318,-1,2324,2644,2641,-1,2645,2323,2321,-1,2324,2323,2327,-1,2646,2644,2647,-1,2644,2646,2643,-1,2642,2312,2318,-1,2177,2318,2312,-1,2329,2647,2327,-1,2642,2645,2321,-1,2648,2645,2319,-1,2327,2647,2644,-1,2648,2326,2323,-1,2326,2329,2327,-1,2649,2647,2650,-1,2647,2649,2646,-1,2318,2319,2645,-1,2178,2179,2319,-1,2650,2329,2334,-1,2645,2648,2323,-1,2648,2322,2651,-1,2649,2650,2652,-1,2651,2330,2326,-1,2647,2329,2650,-1,2329,2330,2334,-1,2652,2650,2653,-1,2319,2322,2648,-1,2179,2180,2322,-1,2333,2653,2334,-1,2648,2651,2326,-1,2651,2325,2654,-1,2653,2650,2334,-1,2330,2654,2331,-1,2334,2331,2333,-1,2655,2653,2656,-1,2653,2655,2652,-1,2322,2325,2651,-1,2180,2181,2325,-1,2342,2656,2333,-1,2651,2654,2330,-1,2328,2657,2654,-1,2333,2656,2653,-1,2657,2332,2331,-1,2333,2332,2342,-1,2658,2656,2341,-1,2656,2658,2655,-1,2325,2328,2654,-1,2181,2182,2328,-1,2190,2342,2332,-1,2654,2657,2331,-1,2657,2314,2659,-1,2342,2341,2656,-1,2190,2332,2659,-1,2342,2190,2189,-1,2660,2341,2343,-1,2341,2660,2658,-1,2328,2314,2657,-1,2661,2183,2184,-1,2662,2343,2189,-1,2657,2659,2332,-1,2661,2348,2659,-1,2343,2662,2335,-1,2348,2191,2190,-1,2191,2662,2189,-1,2344,2343,2335,-1,2343,2344,2660,-1,2659,2314,2661,-1,2183,2661,2314,-1,2347,2663,2191,-1,2659,2348,2190,-1,2347,2191,2348,-1,2663,2336,2662,-1,2663,2662,2191,-1,2339,2338,2337,-1,2335,2662,2336,-1,2345,2335,2337,-1,2661,2184,2346,-1,2348,2661,2346,-1,2663,2350,2664,-1,2349,2347,2346,-1,2336,2664,2665,-1,2350,2663,2347,-1,2337,2665,2339,-1,2664,2336,2663,-1,2337,2336,2665,-1,2345,2337,2338,-1,2666,2667,425,-1,2668,2669,2670,-1,2666,424,2671,-1,2672,2673,2674,-1,421,2675,2671,-1,2676,2674,2677,-1,2675,419,2678,-1,2676,2679,2680,-1,435,2681,437,-1,2682,2683,2680,-1,2684,2685,2683,-1,2686,2687,415,-1,2684,2688,2689,-1,2686,413,2690,-1,2691,2692,2689,-1,2675,421,419,-1,2693,2692,2694,-1,2695,2696,409,-1,2693,2697,2698,-1,2695,407,2699,-1,2700,2698,2701,-1,2686,415,413,-1,2702,2700,2703,-1,2704,2705,403,-1,2706,2707,2702,-1,2704,401,2708,-1,2709,2706,2710,-1,407,405,2699,-1,2711,2712,2713,-1,2714,2712,2709,-1,2711,2715,2716,-1,2717,398,2718,-1,2719,2720,2716,-1,395,2721,2718,-1,2722,2720,2723,-1,2724,2721,393,-1,2722,2725,2726,-1,2708,401,399,-1,2727,2728,2726,-1,390,2729,2730,-1,2731,2728,2732,-1,2721,395,393,-1,2731,2733,2734,-1,2735,385,2736,-1,2737,2738,2734,-1,384,2739,2736,-1,2740,2738,2741,-1,392,390,2730,-1,2740,2742,2743,-1,2744,379,2745,-1,2746,2747,2743,-1,378,2748,2745,-1,2749,2747,2750,-1,384,2736,385,-1,2751,2752,2749,-1,2753,373,2754,-1,2755,2752,2756,-1,371,2757,2754,-1,2755,2758,2759,-1,2757,369,2760,-1,2761,2762,2759,-1,368,2763,2760,-1,2764,2765,363,-1,375,2748,378,-1,2764,362,2766,-1,2762,2767,2768,-1,2765,365,363,-1,2769,2770,2767,-1,2771,2772,357,-1,2770,2773,2774,-1,231,2775,356,-1,2774,2776,2777,-1,2778,2775,231,-1,2777,2779,2780,-1,2781,2778,2782,-1,2772,359,357,-1,2783,2780,2779,-1,2771,356,2775,-1,2439,2784,2437,-1,2780,2783,2784,-1,2667,2785,427,-1,2672,2786,2787,-1,2788,429,2785,-1,2789,2790,2786,-1,2788,2791,431,-1,2789,2792,2793,-1,447,445,2794,-1,2795,2796,2792,-1,435,2797,2681,-1,2798,2795,2799,-1,2681,2800,437,-1,2799,2801,2802,-1,2803,440,2800,-1,2804,2805,2801,-1,441,2803,2806,-1,2807,2804,2808,-1,2806,2809,443,-1,2808,2810,2811,-1,449,447,2812,-1,2813,2814,2810,-1,447,2794,2812,-1,2815,2813,2816,-1,2817,2818,2819,-1,2816,2818,2820,-1,2819,2821,2822,-1,2823,449,2812,-1,452,2823,2824,-1,2825,2821,2826,-1,2824,2827,453,-1,2825,2828,2829,-1,2830,455,2827,-1,2831,2832,2828,-1,457,2830,2833,-1,2834,2831,2835,-1,475,473,2836,-1,2837,2838,2835,-1,2839,461,2840,-1,2841,2842,2837,-1,463,2839,2843,-1,2844,2841,2845,-1,2843,2846,465,-1,2845,2847,2848,-1,2849,2850,2848,-1,2851,467,2846,-1,2852,2849,2853,-1,469,2851,2854,-1,2853,2855,2856,-1,487,485,2857,-1,2858,2859,2855,-1,2860,2836,473,-1,2861,2862,2858,-1,2863,475,2836,-1,2864,2861,2865,-1,478,2863,2866,-1,2865,2867,2868,-1,2866,2869,479,-1,2870,2871,2867,-1,2872,481,2869,-1,2873,2870,2874,-1,2875,49,48,-1,2874,2876,2877,-1,2878,2857,485,-1,2879,2880,2876,-1,2881,487,2857,-1,2882,2879,2883,-1,490,2881,2884,-1,2883,2885,2886,-1,2884,2887,491,-1,2888,2889,2885,-1,2890,493,2887,-1,2891,2888,2892,-1,495,2890,2893,-1,2892,2668,2894,-1,2895,2896,2897,-1,2898,2899,2900,-1,2875,2897,2898,-1,2901,2900,2902,-1,2901,42,2900,-1,2903,2904,2344,-1,42,2901,46,-1,2345,2905,2903,-1,2906,2669,2895,-1,2338,2340,2907,-1,2775,2778,2781,-1,357,356,2771,-1,2783,2779,2782,-1,2781,2782,2779,-1,2908,2775,2781,-1,2780,2784,2439,-1,2779,2777,2776,-1,2442,2780,2439,-1,2771,2775,2908,-1,359,2766,362,-1,2779,2776,2781,-1,2908,2781,2776,-1,2909,2771,2908,-1,2777,2780,2442,-1,2776,2774,2773,-1,2445,2777,2442,-1,2772,2771,2909,-1,362,2764,363,-1,2776,2773,2908,-1,2909,2908,2773,-1,2910,2772,2909,-1,2774,2777,2445,-1,2773,2770,2769,-1,2448,2774,2445,-1,2772,2910,2766,-1,2766,359,2772,-1,2773,2769,2909,-1,2910,2909,2769,-1,2761,2766,2910,-1,2770,2774,2448,-1,2769,2767,2762,-1,2452,2770,2448,-1,2761,2764,2766,-1,365,2763,368,-1,2769,2762,2910,-1,2761,2910,2762,-1,2758,2764,2761,-1,2767,2770,2452,-1,2762,2768,2759,-1,2453,2767,2452,-1,2765,2764,2758,-1,368,2760,369,-1,2759,2768,2911,-1,2758,2761,2759,-1,2756,2765,2758,-1,2768,2767,2453,-1,2759,2911,2755,-1,2457,2768,2453,-1,2765,2756,2763,-1,2763,365,2765,-1,2755,2911,2912,-1,2756,2758,2755,-1,2751,2763,2756,-1,2911,2768,2457,-1,2755,2912,2752,-1,2461,2911,2457,-1,2760,2763,2751,-1,371,369,2757,-1,2752,2912,2913,-1,2751,2756,2752,-1,2750,2760,2751,-1,2912,2911,2461,-1,2752,2913,2749,-1,2463,2912,2461,-1,2757,2760,2750,-1,373,371,2754,-1,2749,2913,2914,-1,2750,2751,2749,-1,2746,2757,2750,-1,2913,2912,2463,-1,2749,2914,2747,-1,2466,2913,2463,-1,2754,2757,2746,-1,375,373,2753,-1,2469,2915,2914,-1,2746,2750,2747,-1,2742,2754,2746,-1,2914,2913,2466,-1,2747,2915,2743,-1,2469,2914,2466,-1,2742,2753,2754,-1,378,2745,379,-1,2472,2916,2915,-1,2742,2746,2743,-1,2741,2753,2742,-1,2747,2914,2915,-1,2743,2916,2740,-1,2469,2472,2915,-1,2753,2741,2748,-1,2748,375,2753,-1,2475,2917,2916,-1,2741,2742,2740,-1,2737,2748,2741,-1,2743,2915,2916,-1,2740,2917,2738,-1,2472,2475,2916,-1,2745,2748,2737,-1,381,379,2744,-1,2478,2918,2917,-1,2737,2741,2738,-1,2733,2745,2737,-1,2740,2916,2917,-1,2738,2918,2734,-1,2475,2478,2917,-1,2744,2745,2733,-1,384,381,2739,-1,2481,2919,2918,-1,2733,2737,2734,-1,2732,2744,2733,-1,2738,2917,2918,-1,2734,2919,2731,-1,2478,2481,2918,-1,2744,2732,2739,-1,2739,381,2744,-1,2484,2920,2919,-1,2732,2733,2731,-1,2727,2739,2732,-1,2734,2918,2919,-1,2731,2920,2728,-1,2481,2484,2919,-1,2736,2739,2727,-1,388,385,2735,-1,2487,2921,2920,-1,2727,2732,2728,-1,2725,2736,2727,-1,2731,2919,2920,-1,2728,2921,2726,-1,2484,2487,2920,-1,2735,2736,2725,-1,390,388,2729,-1,2490,2922,2921,-1,2725,2727,2726,-1,2723,2735,2725,-1,2728,2920,2921,-1,2726,2922,2722,-1,2487,2490,2921,-1,2735,2723,2729,-1,2729,388,2735,-1,2493,2923,2922,-1,2723,2725,2722,-1,2719,2729,2723,-1,2726,2921,2922,-1,2722,2923,2720,-1,2490,2493,2922,-1,2730,2729,2719,-1,393,392,2724,-1,2496,2924,2923,-1,2719,2723,2720,-1,2715,2730,2719,-1,2722,2922,2923,-1,2720,2924,2716,-1,2493,2496,2923,-1,2730,2715,2724,-1,2724,392,2730,-1,2499,2925,2924,-1,2715,2719,2716,-1,2713,2724,2715,-1,2720,2923,2924,-1,2716,2925,2711,-1,2496,2499,2924,-1,2721,2724,2713,-1,398,395,2718,-1,2502,2926,2925,-1,2713,2715,2711,-1,2714,2721,2713,-1,2716,2924,2925,-1,2711,2926,2712,-1,2499,2502,2925,-1,2718,2721,2714,-1,399,398,2717,-1,2506,2927,2926,-1,2714,2713,2712,-1,2710,2718,2714,-1,2711,2925,2926,-1,2712,2927,2709,-1,2502,2506,2926,-1,2710,2717,2718,-1,401,2704,403,-1,2508,2707,2927,-1,2710,2714,2709,-1,2710,2928,2717,-1,2712,2926,2927,-1,2709,2707,2706,-1,2506,2508,2927,-1,2717,2928,2708,-1,2708,399,2717,-1,2511,2702,2707,-1,2928,2710,2706,-1,2928,2929,2708,-1,2709,2927,2707,-1,2703,2706,2702,-1,2508,2511,2707,-1,2704,2708,2929,-1,405,403,2705,-1,2706,2703,2928,-1,2929,2928,2703,-1,2930,2704,2929,-1,2517,2702,2515,-1,2701,2703,2700,-1,2511,2515,2702,-1,2930,2705,2704,-1,407,2695,409,-1,2703,2701,2929,-1,2930,2929,2701,-1,2931,2705,2930,-1,2700,2702,2517,-1,2701,2698,2697,-1,2520,2700,2517,-1,2705,2931,2699,-1,2699,405,2705,-1,2701,2697,2930,-1,2931,2930,2697,-1,2932,2699,2931,-1,2698,2700,2520,-1,2697,2693,2694,-1,2523,2698,2520,-1,2695,2699,2932,-1,411,409,2696,-1,2697,2694,2931,-1,2932,2931,2694,-1,2933,2695,2932,-1,2693,2698,2523,-1,2694,2692,2691,-1,2526,2693,2523,-1,2696,2695,2933,-1,413,411,2690,-1,2694,2691,2932,-1,2933,2932,2691,-1,2934,2696,2933,-1,2692,2693,2526,-1,2691,2689,2688,-1,2529,2692,2526,-1,2696,2934,2690,-1,2690,411,2696,-1,2691,2688,2933,-1,2934,2933,2688,-1,2682,2690,2934,-1,2689,2692,2529,-1,2688,2684,2683,-1,2532,2689,2529,-1,2686,2690,2682,-1,418,415,2687,-1,2688,2683,2934,-1,2682,2934,2683,-1,2679,2686,2682,-1,2684,2689,2532,-1,2683,2685,2680,-1,2535,2684,2532,-1,2687,2686,2679,-1,419,418,2678,-1,2680,2685,2935,-1,2679,2682,2680,-1,2677,2687,2679,-1,2685,2684,2535,-1,2680,2935,2676,-1,2538,2685,2535,-1,2687,2677,2678,-1,2678,418,2687,-1,2676,2935,2936,-1,2677,2679,2676,-1,2673,2678,2677,-1,2935,2685,2538,-1,2676,2936,2674,-1,2541,2935,2538,-1,2675,2678,2673,-1,424,421,2671,-1,2674,2936,2937,-1,2673,2677,2674,-1,2787,2675,2673,-1,2936,2935,2541,-1,2674,2937,2672,-1,2544,2936,2541,-1,2671,2675,2787,-1,425,424,2666,-1,2672,2937,2938,-1,2787,2673,2672,-1,2790,2671,2787,-1,2937,2936,2544,-1,2672,2938,2786,-1,2547,2937,2544,-1,2666,2671,2790,-1,427,425,2667,-1,2550,2939,2938,-1,2790,2787,2786,-1,2793,2666,2790,-1,2938,2937,2547,-1,2786,2939,2789,-1,2550,2938,2547,-1,2667,2666,2793,-1,429,427,2785,-1,2553,2940,2939,-1,2793,2790,2789,-1,2796,2667,2793,-1,2786,2938,2939,-1,2789,2940,2792,-1,2550,2553,2939,-1,2785,2667,2796,-1,431,429,2788,-1,2556,2941,2940,-1,2796,2793,2792,-1,2798,2785,2796,-1,2789,2939,2940,-1,2792,2941,2795,-1,2553,2556,2940,-1,2788,2785,2798,-1,433,431,2791,-1,2559,2942,2941,-1,2798,2796,2795,-1,2802,2788,2798,-1,2792,2940,2941,-1,2795,2942,2799,-1,2556,2559,2941,-1,2791,2788,2802,-1,435,433,2797,-1,2562,2943,2942,-1,2802,2798,2799,-1,2805,2791,2802,-1,2795,2941,2942,-1,2799,2943,2801,-1,2559,2562,2942,-1,2791,2805,2797,-1,2797,433,2791,-1,2565,2944,2943,-1,2805,2802,2801,-1,2807,2797,2805,-1,2799,2942,2943,-1,2801,2944,2804,-1,2562,2565,2943,-1,2681,2797,2807,-1,440,437,2800,-1,2568,2945,2944,-1,2807,2805,2804,-1,2811,2681,2807,-1,2801,2943,2944,-1,2804,2945,2808,-1,2565,2568,2944,-1,2800,2681,2811,-1,441,440,2803,-1,2571,2946,2945,-1,2811,2807,2808,-1,2814,2800,2811,-1,2804,2944,2945,-1,2808,2946,2810,-1,2568,2571,2945,-1,2803,2800,2814,-1,443,441,2806,-1,2574,2947,2946,-1,2814,2811,2810,-1,2815,2803,2814,-1,2808,2945,2946,-1,2810,2947,2813,-1,2571,2574,2946,-1,2806,2803,2815,-1,445,443,2809,-1,2577,2948,2947,-1,2815,2814,2813,-1,2820,2806,2815,-1,2810,2946,2947,-1,2813,2948,2816,-1,2574,2577,2947,-1,2809,2806,2820,-1,461,459,2840,-1,2580,2949,2948,-1,2820,2815,2816,-1,2817,2809,2820,-1,2813,2947,2948,-1,2816,2949,2818,-1,2577,2580,2948,-1,2809,2817,2794,-1,2794,445,2809,-1,2583,2950,2949,-1,2817,2820,2818,-1,2822,2794,2817,-1,2816,2948,2949,-1,2818,2950,2819,-1,2580,2583,2949,-1,2812,2794,2822,-1,452,449,2823,-1,2587,2826,2950,-1,2822,2817,2819,-1,2951,2812,2822,-1,2818,2949,2950,-1,2819,2826,2821,-1,2583,2587,2950,-1,2823,2812,2951,-1,453,452,2824,-1,2589,2825,2826,-1,2951,2822,2821,-1,2951,2952,2823,-1,2819,2950,2826,-1,2821,2825,2829,-1,2587,2589,2826,-1,2824,2823,2952,-1,455,453,2827,-1,2821,2829,2951,-1,2952,2951,2829,-1,2953,2824,2952,-1,2825,2592,2595,-1,2832,2829,2828,-1,2589,2592,2825,-1,2827,2824,2953,-1,457,455,2830,-1,2829,2832,2952,-1,2953,2952,2832,-1,2954,2827,2953,-1,2828,2825,2595,-1,2832,2831,2834,-1,2598,2828,2595,-1,2830,2827,2954,-1,459,457,2833,-1,2832,2834,2953,-1,2954,2953,2834,-1,2955,2830,2954,-1,2831,2828,2598,-1,2834,2835,2838,-1,2601,2831,2598,-1,2833,2830,2955,-1,461,2839,463,-1,2834,2838,2954,-1,2955,2954,2838,-1,2956,2833,2955,-1,2835,2831,2601,-1,2838,2837,2842,-1,2604,2835,2601,-1,2833,2956,2840,-1,2840,459,2833,-1,2838,2842,2955,-1,2956,2955,2842,-1,2957,2840,2956,-1,2837,2835,2604,-1,2842,2841,2844,-1,2607,2837,2604,-1,2839,2840,2957,-1,465,463,2843,-1,2842,2844,2956,-1,2957,2956,2844,-1,2850,2839,2957,-1,2841,2837,2607,-1,2844,2845,2848,-1,2610,2841,2607,-1,2843,2839,2850,-1,467,465,2846,-1,2844,2848,2957,-1,2850,2957,2848,-1,2852,2843,2850,-1,2845,2841,2610,-1,2848,2847,2849,-1,2613,2845,2610,-1,2846,2843,2852,-1,469,467,2851,-1,2849,2847,2958,-1,2852,2850,2849,-1,2856,2846,2852,-1,2847,2845,2613,-1,2849,2958,2853,-1,2616,2847,2613,-1,2851,2846,2856,-1,471,469,2854,-1,2853,2958,2959,-1,2856,2852,2853,-1,2859,2851,2856,-1,2958,2847,2616,-1,2853,2959,2855,-1,2620,2958,2616,-1,2854,2851,2859,-1,473,471,2860,-1,2855,2959,2960,-1,2859,2856,2855,-1,2862,2854,2859,-1,2959,2958,2620,-1,2855,2960,2858,-1,2622,2959,2620,-1,2854,2862,2860,-1,2860,471,2854,-1,2858,2960,2961,-1,2862,2859,2858,-1,2864,2860,2862,-1,2960,2959,2622,-1,2858,2961,2861,-1,2625,2960,2622,-1,2836,2860,2864,-1,478,475,2863,-1,2628,2962,2961,-1,2864,2862,2861,-1,2868,2836,2864,-1,2961,2960,2625,-1,2861,2962,2865,-1,2628,2961,2625,-1,2863,2836,2868,-1,479,478,2866,-1,2631,2963,2962,-1,2868,2864,2865,-1,2871,2863,2868,-1,2861,2961,2962,-1,2865,2963,2867,-1,2628,2631,2962,-1,2866,2863,2871,-1,481,479,2869,-1,2634,2964,2963,-1,2871,2868,2867,-1,2873,2866,2871,-1,2865,2962,2963,-1,2867,2964,2870,-1,2631,2634,2963,-1,2869,2866,2873,-1,483,481,2872,-1,2637,2965,2964,-1,2873,2871,2870,-1,2877,2869,2873,-1,2867,2963,2964,-1,2870,2965,2874,-1,2634,2637,2964,-1,2872,2869,2877,-1,485,483,2878,-1,2640,2966,2965,-1,2877,2873,2874,-1,2880,2872,2877,-1,2870,2964,2965,-1,2874,2966,2876,-1,2637,2640,2965,-1,2872,2880,2878,-1,2878,483,2872,-1,2643,2967,2966,-1,2880,2877,2876,-1,2882,2878,2880,-1,2874,2965,2966,-1,2876,2967,2879,-1,2640,2643,2966,-1,2857,2878,2882,-1,490,487,2881,-1,2646,2968,2967,-1,2882,2880,2879,-1,2886,2857,2882,-1,2876,2966,2967,-1,2879,2968,2883,-1,2643,2646,2967,-1,2881,2857,2886,-1,491,490,2884,-1,2649,2969,2968,-1,2886,2882,2883,-1,2889,2881,2886,-1,2879,2967,2968,-1,2883,2969,2885,-1,2646,2649,2968,-1,2884,2881,2889,-1,493,491,2887,-1,2652,2970,2969,-1,2889,2886,2885,-1,2891,2884,2889,-1,2883,2968,2969,-1,2885,2970,2888,-1,2649,2652,2969,-1,2887,2884,2891,-1,495,493,2890,-1,2655,2971,2970,-1,2891,2889,2888,-1,2894,2887,2891,-1,2885,2969,2970,-1,2888,2971,2892,-1,2652,2655,2970,-1,2890,2887,2894,-1,48,495,2893,-1,2658,2972,2971,-1,2894,2891,2892,-1,2670,2890,2894,-1,2888,2970,2971,-1,2892,2972,2668,-1,2655,2658,2971,-1,2893,2890,2670,-1,44,49,2898,-1,2660,2904,2972,-1,2670,2894,2668,-1,2670,2906,2893,-1,2892,2971,2972,-1,2668,2904,2669,-1,2658,2660,2972,-1,2893,2906,2875,-1,2875,48,2893,-1,2345,2338,2905,-1,2906,2670,2669,-1,2897,2906,2895,-1,2668,2972,2904,-1,2669,2903,2895,-1,2660,2344,2904,-1,49,2875,2898,-1,2900,42,44,-1,2903,2905,2895,-1,2875,2906,2897,-1,2899,2897,2896,-1,2669,2904,2903,-1,2896,2895,2905,-1,2344,2345,2903,-1,44,2898,2900,-1,2898,2897,2899,-1,2902,2899,2973,-1,2900,2899,2902,-1,2973,2896,2907,-1,2899,2896,2973,-1,2907,2905,2338,-1,2896,2905,2907,-1,2974,2975,2976,-1,216,2977,229,-1,2978,2979,2980,-1,2981,2974,228,-1,204,2982,209,-1,2981,228,225,-1,2983,197,191,-1,2984,2985,2986,-1,2987,2988,2989,-1,2990,2991,2992,-1,2993,197,2983,-1,2982,204,2994,-1,174,2995,234,-1,2996,2997,2998,-1,159,2999,168,-1,3000,3001,3002,-1,3003,147,151,-1,3004,3005,3006,-1,153,3007,3008,-1,3009,3010,3011,-1,242,3012,354,-1,3013,3014,3015,-1,3016,145,259,-1,3017,3018,3019,-1,266,3020,267,-1,3021,3022,3023,-1,253,3024,111,-1,3025,3026,3027,-1,3028,268,3029,-1,3030,3031,3032,-1,275,3033,3034,-1,3035,3036,3037,-1,293,100,3038,-1,3039,3040,3041,-1,3042,284,3043,-1,3044,3045,3046,-1,3047,98,312,-1,3048,3049,3050,-1,3051,3052,102,-1,3053,3054,3055,-1,3056,323,322,-1,3057,3058,3059,-1,315,3060,3061,-1,3062,3063,3064,-1,3065,71,334,-1,3066,3067,3068,-1,3069,3070,3071,-1,3056,3072,323,-1,3073,76,3074,-1,3071,3075,3076,-1,3077,3078,3079,-1,3080,3075,3079,-1,3077,3081,3082,-1,3083,326,3084,-1,334,3085,3065,-1,66,335,3086,-1,3085,333,3087,-1,3088,3089,3090,-1,3091,3087,36,-1,3092,3089,3093,-1,3094,3095,3096,-1,3094,3097,3093,-1,3098,3095,3099,-1,3100,3101,340,-1,3102,3103,3099,-1,347,498,3104,-1,3102,3105,3106,-1,3086,335,3107,-1,3108,3105,3109,-1,3110,3107,58,-1,3111,3112,3109,-1,345,3113,3110,-1,862,3114,866,-1,3115,2978,3116,-1,3117,3115,3116,-1,3118,3113,52,-1,3119,3120,3121,-1,3122,3120,3117,-1,3123,3124,3104,-1,3125,3119,3111,-1,3123,351,3126,-1,2979,3127,3104,-1,351,353,3126,-1,3128,3123,3126,-1,336,3101,3091,-1,327,3083,3074,-1,3088,3129,3081,-1,3130,3066,3070,-1,3073,3056,322,-1,3131,3132,3068,-1,3133,3060,313,-1,310,3061,3134,-1,3063,3132,3135,-1,3136,3137,3062,-1,312,3134,3047,-1,3138,237,3139,-1,3140,3059,3137,-1,3058,3141,3142,-1,3051,304,3138,-1,3052,3143,292,-1,3142,3144,3053,-1,3145,3055,3146,-1,3143,3038,100,-1,290,3147,3148,-1,3049,3145,3149,-1,3150,3151,3048,-1,107,3148,3043,-1,3024,253,3042,-1,3152,3046,3151,-1,3045,3153,3154,-1,3155,111,3024,-1,3156,3157,282,-1,3154,3158,3039,-1,3159,3041,3160,-1,3157,3033,118,-1,276,3034,3161,-1,3036,3159,3162,-1,3163,3164,3035,-1,123,3161,3029,-1,3165,134,3028,-1,3166,3032,3164,-1,3031,3167,3168,-1,3020,266,3165,-1,3169,3170,138,-1,3168,3171,3025,-1,3172,3027,3173,-1,3170,3174,257,-1,145,3016,3175,-1,3022,3172,3176,-1,3177,3178,3021,-1,242,3175,3012,-1,3179,251,3180,-1,3181,3019,3178,-1,3018,3182,3183,-1,3003,151,3179,-1,3184,3185,243,-1,3183,3186,3013,-1,3187,3015,3188,-1,3185,3007,245,-1,235,3008,3189,-1,3010,3187,3190,-1,3191,3192,3009,-1,159,3189,2999,-1,3193,172,3194,-1,3195,3006,3192,-1,3005,3196,3197,-1,3198,169,3193,-1,2995,3199,234,-1,3197,3200,3000,-1,3201,3002,3202,-1,3199,3203,186,-1,232,3204,3205,-1,2997,3201,3206,-1,3207,3208,2996,-1,191,3205,2983,-1,189,3204,232,-1,3209,2989,3208,-1,3210,209,2982,-1,3211,2992,2988,-1,229,2977,3212,-1,2991,3213,2986,-1,2981,225,3212,-1,3214,3215,2985,-1,3216,3217,3215,-1,2976,3215,3217,-1,3218,3219,3220,-1,3219,3218,3216,-1,711,3220,709,-1,2981,2975,2974,-1,229,3212,225,-1,3221,3219,3216,-1,2975,3215,2976,-1,2975,2981,3222,-1,3215,2975,2985,-1,715,709,3219,-1,3217,3216,3218,-1,3214,3221,3216,-1,709,3220,3219,-1,3212,3222,2981,-1,3223,216,212,-1,3224,3221,3214,-1,3222,2985,2975,-1,3222,3212,3225,-1,2985,3222,2986,-1,714,715,3221,-1,3215,3214,3216,-1,2984,3224,3214,-1,715,3219,3221,-1,2977,3225,3212,-1,3210,212,209,-1,3226,3224,2984,-1,3225,2986,3222,-1,3225,2977,3227,-1,2986,3225,2991,-1,712,714,3224,-1,2985,2984,3214,-1,3213,3226,2984,-1,714,3221,3224,-1,2977,3223,3227,-1,3223,2977,216,-1,3228,3226,3213,-1,3227,2991,3225,-1,3227,3223,3229,-1,2991,3227,2992,-1,722,712,3226,-1,2986,3213,2984,-1,2990,3228,3213,-1,712,3224,3226,-1,3223,3210,3229,-1,3210,3223,212,-1,3230,3228,2990,-1,3229,2992,3227,-1,3229,3210,3231,-1,2992,3229,2988,-1,719,722,3228,-1,2991,2990,3213,-1,3211,3230,2990,-1,722,3226,3228,-1,2982,3231,3210,-1,200,2994,204,-1,3230,3211,3232,-1,3231,2988,3229,-1,3231,2982,3233,-1,2988,3231,2989,-1,720,719,3230,-1,2992,3211,2990,-1,2987,3232,3211,-1,719,3228,3230,-1,2994,3233,2982,-1,197,2993,200,-1,3234,3232,2987,-1,3233,2989,3231,-1,2994,3235,3233,-1,3208,2989,3233,-1,3232,720,3230,-1,2988,2987,3211,-1,2987,3209,3234,-1,727,720,3232,-1,2994,2993,3235,-1,2993,2994,200,-1,3236,3234,3209,-1,3235,3208,3233,-1,3235,2993,3237,-1,3208,3235,2996,-1,726,727,3234,-1,2989,3209,2987,-1,3207,3236,3209,-1,727,3232,3234,-1,2983,3237,2993,-1,232,3205,191,-1,3236,3207,3238,-1,3237,2996,3235,-1,189,186,3203,-1,2997,2996,3237,-1,3236,726,3234,-1,3208,3207,3209,-1,3207,2998,3238,-1,724,726,3236,-1,2983,3239,3237,-1,3205,3239,2983,-1,2998,3240,3238,-1,3239,2997,3237,-1,186,234,3199,-1,2997,3239,3201,-1,3238,724,3236,-1,2996,2998,3207,-1,2998,3206,3240,-1,1195,724,3238,-1,3205,3241,3239,-1,3204,3241,3205,-1,3242,3240,3206,-1,3241,3201,3239,-1,3241,3204,3243,-1,3201,3241,3002,-1,1201,1195,3240,-1,2997,3206,2998,-1,3202,3242,3206,-1,1195,3238,3240,-1,3204,3203,3243,-1,3203,3204,189,-1,3242,3202,3244,-1,3243,3002,3241,-1,174,169,3198,-1,3002,3243,3000,-1,1134,1201,3242,-1,3201,3202,3206,-1,3202,3001,3244,-1,1201,3240,3242,-1,3203,3245,3243,-1,3245,3203,3199,-1,3246,3244,3001,-1,3245,3000,3243,-1,169,172,3193,-1,3000,3245,3197,-1,3242,3244,1134,-1,3002,3001,3202,-1,3001,3200,3246,-1,741,1134,3244,-1,3199,3247,3245,-1,2995,3247,3199,-1,3248,3246,3200,-1,3247,3197,3245,-1,3247,2995,3249,-1,3197,3247,3005,-1,984,741,3246,-1,3000,3200,3001,-1,3196,3248,3200,-1,741,3244,3246,-1,2995,3198,3249,-1,3198,2995,174,-1,3250,3248,3196,-1,3249,3005,3247,-1,3198,3251,3249,-1,3006,3005,3249,-1,987,984,3248,-1,3197,3196,3200,-1,3004,3250,3196,-1,984,3246,3248,-1,3193,3251,3198,-1,168,3194,172,-1,3252,3250,3004,-1,3251,3006,3249,-1,159,235,3189,-1,3006,3251,3192,-1,878,987,3250,-1,3005,3004,3196,-1,3004,3195,3252,-1,987,3248,3250,-1,3193,3253,3251,-1,3253,3193,3194,-1,3254,3252,3195,-1,3253,3192,3251,-1,3194,3255,3253,-1,3192,3253,3009,-1,3250,3252,878,-1,3006,3195,3004,-1,3195,3191,3254,-1,883,878,3252,-1,3194,2999,3255,-1,2999,3194,168,-1,3256,3254,3191,-1,3255,3009,3253,-1,2999,3257,3255,-1,3010,3009,3255,-1,744,883,3254,-1,3192,3191,3195,-1,3011,3256,3191,-1,883,3252,3254,-1,3189,3257,2999,-1,153,3008,235,-1,3011,3258,3256,-1,3257,3010,3255,-1,3189,3259,3257,-1,3010,3257,3187,-1,749,744,3256,-1,3009,3011,3191,-1,3011,3190,3258,-1,744,3254,3256,-1,3008,3259,3189,-1,245,3007,153,-1,3260,3258,3190,-1,3259,3187,3257,-1,3259,3008,3261,-1,3015,3187,3259,-1,3258,747,749,-1,3010,3190,3011,-1,3188,3260,3190,-1,749,3256,3258,-1,3007,3261,3008,-1,243,3185,245,-1,3262,3260,3188,-1,3261,3015,3259,-1,3007,3263,3261,-1,3015,3261,3013,-1,745,747,3260,-1,3187,3188,3190,-1,3014,3262,3188,-1,747,3258,3260,-1,3185,3263,3007,-1,147,3184,243,-1,3264,3262,3014,-1,3263,3013,3261,-1,3263,3185,3265,-1,3013,3263,3183,-1,3262,745,3260,-1,3015,3014,3188,-1,3014,3186,3264,-1,755,745,3262,-1,3265,3185,3184,-1,3179,151,251,-1,3266,3264,3186,-1,3265,3183,3263,-1,3265,3184,3267,-1,3183,3265,3018,-1,752,755,3264,-1,3013,3186,3014,-1,3182,3266,3186,-1,755,3262,3264,-1,3184,3003,3267,-1,3003,3184,147,-1,3266,3182,3268,-1,3267,3018,3265,-1,3003,3269,3267,-1,3018,3267,3019,-1,753,752,3266,-1,3183,3182,3186,-1,3017,3268,3182,-1,752,3264,3266,-1,3179,3269,3003,-1,354,3180,251,-1,3270,3268,3017,-1,3269,3019,3267,-1,3269,3179,3271,-1,3019,3269,3178,-1,3268,753,3266,-1,3018,3017,3182,-1,3017,3181,3270,-1,760,753,3268,-1,3271,3179,3180,-1,3175,242,145,-1,3272,3270,3181,-1,3271,3178,3269,-1,3271,3180,3273,-1,3178,3271,3021,-1,757,760,3270,-1,3019,3181,3017,-1,3177,3272,3181,-1,760,3268,3270,-1,3180,3012,3273,-1,3012,3180,354,-1,3274,3272,3177,-1,3273,3021,3271,-1,257,3174,259,-1,3021,3273,3022,-1,758,757,3272,-1,3178,3177,3181,-1,3023,3274,3177,-1,757,3270,3272,-1,3175,3275,3012,-1,3012,3275,3273,-1,3276,3274,3023,-1,3275,3022,3273,-1,3275,3175,3277,-1,3022,3275,3172,-1,768,758,3274,-1,3021,3023,3177,-1,3023,3176,3276,-1,758,3272,3274,-1,3277,3175,3016,-1,3170,257,138,-1,3278,3276,3176,-1,3277,3172,3275,-1,3016,3279,3277,-1,3172,3277,3027,-1,3276,765,768,-1,3022,3176,3023,-1,3173,3278,3176,-1,768,3274,3276,-1,3016,3174,3279,-1,3174,3016,259,-1,3280,3278,3173,-1,3279,3027,3277,-1,3174,3281,3279,-1,3027,3279,3025,-1,763,765,3278,-1,3172,3173,3176,-1,3026,3280,3173,-1,765,3276,3278,-1,3170,3281,3174,-1,267,3169,138,-1,3282,3280,3026,-1,3281,3025,3279,-1,3281,3170,3283,-1,3025,3281,3168,-1,773,763,3280,-1,3027,3026,3173,-1,3026,3171,3282,-1,763,3278,3280,-1,3283,3170,3169,-1,3165,266,134,-1,3284,3282,3171,-1,3283,3168,3281,-1,3169,3285,3283,-1,3168,3283,3031,-1,3282,770,773,-1,3025,3171,3026,-1,3167,3284,3171,-1,773,3280,3282,-1,3169,3020,3285,-1,3020,3169,267,-1,3286,3284,3167,-1,3285,3031,3283,-1,3020,3287,3285,-1,3031,3285,3032,-1,771,770,3284,-1,3168,3167,3171,-1,3030,3286,3167,-1,770,3282,3284,-1,3165,3287,3020,-1,268,3028,134,-1,3288,3286,3030,-1,3287,3032,3285,-1,3287,3165,3289,-1,3164,3032,3287,-1,778,771,3286,-1,3031,3030,3167,-1,3030,3166,3288,-1,771,3284,3286,-1,3028,3289,3165,-1,123,3029,268,-1,3166,3290,3288,-1,3289,3164,3287,-1,3028,3291,3289,-1,3164,3289,3035,-1,3288,775,778,-1,3032,3166,3030,-1,3163,3290,3166,-1,778,3286,3288,-1,3029,3291,3028,-1,276,3161,123,-1,3292,3290,3163,-1,3291,3035,3289,-1,3029,3293,3291,-1,3035,3291,3036,-1,776,775,3290,-1,3164,3163,3166,-1,3037,3292,3163,-1,775,3288,3290,-1,3161,3293,3029,-1,275,3034,276,-1,3294,3292,3037,-1,3293,3036,3291,-1,3293,3161,3295,-1,3159,3036,3293,-1,786,776,3292,-1,3035,3037,3163,-1,3162,3294,3037,-1,776,3290,3292,-1,3034,3295,3161,-1,118,3033,275,-1,3296,3294,3162,-1,3295,3159,3293,-1,3034,3297,3295,-1,3159,3295,3041,-1,783,786,3294,-1,3036,3162,3037,-1,3160,3296,3162,-1,786,3292,3294,-1,3033,3297,3034,-1,282,3157,118,-1,3298,3296,3160,-1,3297,3041,3295,-1,3033,3299,3297,-1,3041,3297,3039,-1,3296,783,3294,-1,3159,3160,3162,-1,3160,3040,3298,-1,781,783,3296,-1,3157,3299,3033,-1,287,3156,282,-1,3300,3298,3040,-1,3299,3039,3297,-1,3157,3301,3299,-1,3039,3299,3154,-1,791,781,3298,-1,3041,3040,3160,-1,3158,3300,3040,-1,781,3296,3298,-1,3156,3301,3157,-1,111,3155,287,-1,3302,3300,3158,-1,3301,3154,3299,-1,3301,3156,3303,-1,3045,3154,3301,-1,788,791,3300,-1,3039,3158,3040,-1,3158,3153,3302,-1,791,3298,3300,-1,3156,3155,3303,-1,3155,3156,287,-1,3153,3304,3302,-1,3303,3045,3301,-1,3155,3305,3303,-1,3046,3045,3303,-1,3302,789,788,-1,3154,3153,3158,-1,3153,3044,3304,-1,788,3300,3302,-1,3024,3305,3155,-1,284,3042,253,-1,3044,3306,3304,-1,3305,3046,3303,-1,3024,3307,3305,-1,3046,3305,3151,-1,3304,796,789,-1,3045,3044,3153,-1,3044,3152,3306,-1,789,3302,3304,-1,3042,3307,3024,-1,107,3043,284,-1,3308,3306,3152,-1,3307,3151,3305,-1,3042,3309,3307,-1,3151,3307,3048,-1,3306,793,796,-1,3046,3152,3044,-1,3150,3308,3152,-1,796,3304,3306,-1,3043,3309,3042,-1,290,3148,107,-1,3308,3150,3310,-1,3309,3048,3307,-1,3043,3311,3309,-1,3048,3309,3049,-1,794,793,3308,-1,3151,3150,3152,-1,3050,3310,3150,-1,793,3306,3308,-1,3148,3311,3043,-1,293,3147,290,-1,3312,3310,3050,-1,3311,3049,3309,-1,3311,3148,3313,-1,3049,3311,3145,-1,3310,794,3308,-1,3048,3050,3150,-1,3050,3149,3312,-1,804,794,3310,-1,3147,3313,3148,-1,3143,100,292,-1,3314,3312,3149,-1,3313,3145,3311,-1,3313,3147,3315,-1,3055,3145,3313,-1,801,804,3312,-1,3049,3149,3050,-1,3149,3146,3314,-1,804,3310,3312,-1,3147,3038,3315,-1,3038,3147,293,-1,3146,3316,3314,-1,3315,3055,3313,-1,3038,3317,3315,-1,3053,3055,3315,-1,3314,799,801,-1,3145,3146,3149,-1,3146,3054,3316,-1,801,3312,3314,-1,3143,3317,3038,-1,102,3052,292,-1,3054,3318,3316,-1,3317,3053,3315,-1,3143,3319,3317,-1,3053,3317,3142,-1,3316,809,799,-1,3055,3054,3146,-1,3054,3144,3318,-1,799,3314,3316,-1,3052,3319,3143,-1,304,3051,102,-1,3320,3318,3144,-1,3319,3142,3317,-1,3052,3321,3319,-1,3142,3319,3058,-1,3318,806,809,-1,3053,3144,3054,-1,3141,3320,3144,-1,809,3316,3318,-1,3051,3321,3052,-1,237,3138,304,-1,3322,3320,3141,-1,3321,3058,3319,-1,3051,3323,3321,-1,3058,3321,3059,-1,807,806,3320,-1,3142,3141,3144,-1,3057,3322,3141,-1,806,3318,3320,-1,3138,3323,3051,-1,98,3139,237,-1,3324,3322,3057,-1,3323,3059,3321,-1,3323,3138,3325,-1,3059,3323,3137,-1,814,807,3322,-1,3058,3057,3141,-1,3057,3140,3324,-1,807,3320,3322,-1,3139,3325,3138,-1,3134,312,310,-1,3326,3324,3140,-1,3325,3137,3323,-1,3139,3327,3325,-1,3062,3137,3325,-1,3324,811,814,-1,3059,3140,3057,-1,3140,3136,3326,-1,814,3322,3324,-1,3139,3047,3327,-1,3047,3139,98,-1,3136,3328,3326,-1,3327,3062,3325,-1,3047,3329,3327,-1,3063,3062,3327,-1,3326,812,811,-1,3137,3136,3140,-1,3136,3064,3328,-1,811,3324,3326,-1,3134,3329,3047,-1,315,3061,310,-1,3064,3330,3328,-1,3329,3063,3327,-1,3134,3331,3329,-1,3063,3329,3132,-1,3328,822,812,-1,3062,3064,3136,-1,3064,3135,3330,-1,812,3326,3328,-1,3061,3331,3134,-1,313,3060,315,-1,3332,3330,3135,-1,3331,3132,3329,-1,3061,3333,3331,-1,3132,3331,3068,-1,3330,819,822,-1,3063,3135,3064,-1,3131,3332,3135,-1,822,3328,3330,-1,3060,3333,3061,-1,83,3133,313,-1,3334,3332,3131,-1,3333,3068,3331,-1,3060,3335,3333,-1,3068,3333,3066,-1,817,819,3332,-1,3132,3131,3135,-1,3067,3334,3131,-1,819,3330,3332,-1,3133,3335,3060,-1,323,3072,83,-1,3336,3334,3067,-1,3335,3066,3333,-1,3335,3133,3337,-1,3070,3066,3335,-1,827,817,3334,-1,3068,3067,3131,-1,3067,3130,3336,-1,817,3332,3334,-1,3133,3072,3337,-1,3072,3133,83,-1,3130,3338,3336,-1,3337,3070,3335,-1,3072,3339,3337,-1,3071,3070,3337,-1,3336,825,827,-1,3066,3130,3067,-1,3130,3069,3338,-1,827,3334,3336,-1,3056,3339,3072,-1,76,3073,322,-1,3069,3340,3338,-1,3339,3071,3337,-1,3056,3341,3339,-1,3071,3339,3075,-1,3338,828,825,-1,3070,3069,3130,-1,3069,3076,3340,-1,825,3336,3338,-1,3073,3341,3056,-1,327,3074,76,-1,3342,3340,3076,-1,3341,3075,3339,-1,3073,3343,3341,-1,3075,3341,3079,-1,3340,830,828,-1,3071,3076,3069,-1,3080,3342,3076,-1,828,3338,3340,-1,3074,3343,3073,-1,326,3083,327,-1,3342,3080,3344,-1,3343,3079,3341,-1,3074,3345,3343,-1,3079,3343,3077,-1,833,830,3342,-1,3075,3080,3076,-1,3078,3344,3080,-1,830,3340,3342,-1,3083,3345,3074,-1,71,3084,326,-1,3346,3344,3078,-1,3345,3077,3343,-1,3345,3083,3347,-1,3077,3345,3081,-1,3344,833,3342,-1,3079,3078,3080,-1,3078,3082,3346,-1,834,833,3344,-1,3084,3347,3083,-1,3085,334,333,-1,3348,3346,3082,-1,3347,3081,3345,-1,3347,3084,3349,-1,3088,3081,3347,-1,836,834,3346,-1,3077,3082,3078,-1,3082,3129,3348,-1,834,3344,3346,-1,3084,3065,3349,-1,3065,3084,71,-1,3129,3350,3348,-1,3349,3088,3347,-1,3065,3351,3349,-1,3089,3088,3349,-1,3348,839,836,-1,3081,3129,3082,-1,3129,3090,3350,-1,836,3346,3348,-1,3085,3351,3065,-1,36,3087,333,-1,3090,3352,3350,-1,3351,3089,3349,-1,3085,3353,3351,-1,3089,3351,3093,-1,3350,840,839,-1,3088,3090,3129,-1,3090,3092,3352,-1,839,3348,3350,-1,3087,3353,3085,-1,336,3091,36,-1,3354,3352,3092,-1,3353,3093,3351,-1,3087,3355,3353,-1,3093,3353,3094,-1,3352,842,840,-1,3089,3092,3090,-1,3097,3354,3092,-1,840,3350,3352,-1,3091,3355,3087,-1,340,3101,336,-1,3356,3354,3097,-1,3355,3094,3353,-1,3091,3357,3355,-1,3094,3355,3095,-1,845,842,3354,-1,3093,3097,3092,-1,3096,3356,3097,-1,842,3352,3354,-1,3101,3357,3091,-1,66,3100,340,-1,3358,3356,3096,-1,3357,3095,3355,-1,3357,3101,3359,-1,3095,3357,3099,-1,846,845,3356,-1,3094,3096,3097,-1,3096,3098,3358,-1,845,3354,3356,-1,3100,3359,3101,-1,3107,335,58,-1,3360,3358,3098,-1,3359,3099,3357,-1,3100,3361,3359,-1,3102,3099,3359,-1,3358,848,846,-1,3095,3098,3096,-1,3098,3103,3360,-1,846,3356,3358,-1,3100,3086,3361,-1,3086,3100,66,-1,3103,3362,3360,-1,3361,3102,3359,-1,3086,3363,3361,-1,3105,3102,3361,-1,3360,851,848,-1,3099,3103,3098,-1,3103,3106,3362,-1,848,3358,3360,-1,3107,3363,3086,-1,345,3110,58,-1,3106,3364,3362,-1,3363,3105,3361,-1,3107,3365,3363,-1,3105,3363,3109,-1,3362,852,851,-1,3102,3106,3103,-1,3106,3108,3364,-1,851,3360,3362,-1,3110,3365,3107,-1,52,3113,345,-1,3366,3364,3108,-1,3365,3109,3363,-1,3110,3367,3365,-1,3109,3365,3111,-1,3364,855,852,-1,3105,3108,3106,-1,3112,3366,3108,-1,852,3362,3364,-1,3113,3367,3110,-1,349,3118,52,-1,3121,3366,3112,-1,3367,3111,3365,-1,3368,3367,3113,-1,3111,3367,3125,-1,856,855,3366,-1,3109,3112,3108,-1,3119,3121,3112,-1,855,3364,3366,-1,3118,3368,3113,-1,347,3127,349,-1,3125,3115,3117,-1,3368,3125,3367,-1,3368,3118,3369,-1,3125,3368,3115,-1,858,856,3121,-1,3111,3119,3112,-1,3119,3117,3120,-1,856,3366,3121,-1,3118,3127,3369,-1,3127,3118,349,-1,2978,3115,3369,-1,3369,3115,3368,-1,3369,2979,2978,-1,3116,3114,3122,-1,3120,861,858,-1,3125,3117,3119,-1,3117,3116,3122,-1,858,3121,3120,-1,347,3104,3127,-1,3123,498,351,-1,3116,2978,3370,-1,3127,2979,3369,-1,2979,3124,2980,-1,3371,866,3114,-1,2980,3370,2978,-1,3122,862,861,-1,3370,3114,3116,-1,861,3120,3122,-1,498,3123,3104,-1,3104,3124,2979,-1,3128,3372,3124,-1,3123,3128,3124,-1,3372,3373,2980,-1,3124,3372,2980,-1,3373,3371,3370,-1,2980,3373,3370,-1,3371,3114,3370,-1,862,3122,3114,-1,3374,3375,3376,-1,3377,3378,3379,-1,3380,3381,3382,-1,3383,3384,3385,-1,3386,1374,3382,-1,3387,716,3388,-1,3377,3389,3390,-1,3388,716,713,-1,3391,707,717,-1,3391,717,3387,-1,3387,717,716,-1,3392,3393,3394,-1,3395,3396,3397,-1,3398,3374,3395,-1,3399,3400,3401,-1,3399,3402,3403,-1,3404,3405,3406,-1,3407,3396,3408,-1,3409,3410,3411,-1,3412,3413,3414,-1,3415,3416,3417,-1,3418,3419,3420,-1,3421,3422,3423,-1,3424,3425,3426,-1,3427,3428,3429,-1,3430,3431,3432,-1,3433,3434,3435,-1,3436,3437,3438,-1,3439,3440,3441,-1,3442,3443,3444,-1,3445,3446,3447,-1,3448,3449,3450,-1,3451,3452,3453,-1,3454,3455,3456,-1,3457,3458,3459,-1,3460,3461,3462,-1,3463,3464,3465,-1,3466,3467,3468,-1,3469,3470,3471,-1,3472,3473,3474,-1,3475,3476,3477,-1,3478,3479,3480,-1,3481,3482,3483,-1,3484,3485,3486,-1,3487,3488,3489,-1,3490,3491,3492,-1,3493,3494,3495,-1,3496,3497,3498,-1,3499,3500,3501,-1,3502,3499,3503,-1,3504,3505,3506,-1,3507,3504,3501,-1,3508,3509,3510,-1,3511,3508,3506,-1,3512,3513,3514,-1,3515,3516,3510,-1,3517,3518,3519,-1,3513,3520,3521,-1,3522,3523,3524,-1,3525,3520,3524,-1,3526,3527,3522,-1,3528,3529,3530,-1,3531,3532,3533,-1,3534,3526,3535,-1,3536,3533,3537,-1,3535,3538,3539,-1,3540,3541,3536,-1,3542,3538,3543,-1,3544,3545,3546,-1,3547,3541,3548,-1,3549,3550,3551,-1,3552,3547,3553,-1,3554,3549,3555,-1,3552,3556,3557,-1,3558,3559,3555,-1,3560,3556,3561,-1,3562,3563,3564,-1,3559,3563,3562,-1,3544,3557,3565,-1,3566,3567,3564,-1,3556,3560,3557,-1,3544,3568,3569,-1,3570,3571,859,-1,3572,3562,3573,-1,3574,3575,3576,-1,3570,860,3577,-1,863,864,3578,-1,3575,3579,3576,-1,3531,3528,3580,-1,3546,3581,3543,-1,3582,3518,3516,-1,3583,3529,3517,-1,3584,3585,3512,-1,3586,3587,3588,-1,3585,3589,3588,-1,3590,3587,3591,-1,3494,3592,3593,-1,3594,3590,3595,-1,3594,3596,3592,-1,3498,3597,3598,-1,3598,3599,3503,-1,3600,3489,3601,-1,3602,3601,3493,-1,3603,3490,3604,-1,3496,3603,3605,-1,3606,3482,3607,-1,3608,3607,3488,-1,3609,3610,3485,-1,3611,3491,3610,-1,3476,3612,3613,-1,3612,3481,3614,-1,3480,3615,3616,-1,3616,3617,3486,-1,3469,3618,3619,-1,3618,3475,3620,-1,3621,3472,3622,-1,3478,3621,3623,-1,3624,3625,3464,-1,3471,3626,3624,-1,3627,3628,3467,-1,3629,3473,3628,-1,3459,3630,3631,-1,3630,3463,3632,-1,3462,3633,3634,-1,3634,3635,3468,-1,3636,3451,3637,-1,3637,3458,3638,-1,3639,3454,3640,-1,3460,3639,3641,-1,3642,3643,3446,-1,3644,3642,3453,-1,3645,3646,3449,-1,3647,3455,3646,-1,3440,3648,3649,-1,3445,3650,3648,-1,3444,3651,3652,-1,3652,3653,3450,-1,3654,3435,3655,-1,3656,3655,3439,-1,3657,3436,3658,-1,3442,3657,3659,-1,3660,3661,3427,-1,3434,3662,3660,-1,3663,3664,3431,-1,3665,3437,3664,-1,3666,3667,3423,-1,3666,3429,3668,-1,3426,3669,3670,-1,3670,3671,3432,-1,3672,3415,3673,-1,3674,3673,3422,-1,3675,3418,3676,-1,3424,3675,3677,-1,3678,3679,3410,-1,3417,3680,3678,-1,3681,3682,3413,-1,3683,3419,3682,-1,3406,3684,3685,-1,3684,3409,3686,-1,3401,3687,3688,-1,3688,3689,3414,-1,3393,3690,3402,-1,3691,3408,3405,-1,3384,3376,3692,-1,3394,3389,3693,-1,3694,3383,3695,-1,3696,3390,3697,-1,1376,3697,3698,-1,3386,3697,1374,-1,3699,1377,3698,-1,1376,1374,3697,-1,1378,1377,3699,-1,3698,1377,1376,-1,3699,3700,3701,-1,3700,3702,3701,-1,3703,3702,3704,-1,3380,3387,3381,-1,3387,3380,3391,-1,713,3705,3388,-1,3381,3386,3382,-1,3388,3706,3381,-1,3698,3694,3699,-1,3386,3706,3696,-1,3699,3695,3700,-1,3696,3697,3386,-1,1378,3699,3701,-1,3698,3390,3694,-1,3702,3700,3704,-1,3695,3699,3694,-1,3704,3700,3707,-1,3388,3381,3387,-1,721,3705,713,-1,3708,723,718,-1,3381,3706,3386,-1,3709,721,723,-1,3696,3378,3377,-1,3695,3385,3707,-1,3697,3390,3698,-1,3377,3390,3696,-1,3710,3704,3707,-1,3389,3383,3694,-1,3700,3695,3707,-1,3385,3695,3383,-1,3710,3707,3711,-1,3706,3705,3378,-1,3388,3705,3706,-1,3709,723,3708,-1,3706,3378,3696,-1,3379,3378,3709,-1,3377,3379,3693,-1,3692,3711,3385,-1,3390,3389,3694,-1,3693,3389,3377,-1,3712,3710,3711,-1,3394,3384,3383,-1,3707,3385,3711,-1,3385,3384,3692,-1,3712,3711,3713,-1,3378,3705,3709,-1,721,3709,3705,-1,3708,718,3714,-1,3715,3430,3716,-1,3717,3379,3708,-1,3693,3717,3392,-1,3692,3375,3713,-1,3389,3394,3383,-1,3392,3394,3693,-1,3692,3713,3711,-1,3393,3376,3384,-1,3692,3376,3375,-1,3712,3713,3718,-1,3718,3713,3719,-1,3709,3708,3379,-1,729,3714,718,-1,3720,728,899,-1,3379,3717,3693,-1,3721,3717,3714,-1,3717,3721,3392,-1,3398,3722,3719,-1,3394,3393,3384,-1,3690,3393,3392,-1,3723,3719,3722,-1,3402,3374,3376,-1,3374,3398,3375,-1,3718,3719,3723,-1,3713,3375,3719,-1,3708,3714,3717,-1,728,3724,729,-1,3720,3724,728,-1,3392,3721,3690,-1,3725,3721,3724,-1,3690,3725,3403,-1,3397,3722,3398,-1,3393,3402,3376,-1,3403,3402,3690,-1,3395,3397,3398,-1,3374,3399,3395,-1,3375,3398,3719,-1,3723,3722,3726,-1,3726,3722,3727,-1,3721,3714,3724,-1,729,3724,3714,-1,3728,1187,1175,-1,3721,3725,3690,-1,3729,3725,3720,-1,3725,3729,3403,-1,3727,3407,3730,-1,3402,3399,3374,-1,3400,3399,3403,-1,3722,3397,3727,-1,3401,3396,3395,-1,3396,3407,3397,-1,3726,3727,3731,-1,3731,3727,3730,-1,3720,3725,3724,-1,1187,3732,899,-1,3728,3732,1187,-1,3403,3729,3400,-1,3733,3729,3732,-1,3400,3733,3687,-1,3691,3734,3730,-1,3399,3401,3395,-1,3687,3401,3400,-1,3691,3407,3408,-1,3688,3408,3396,-1,3397,3407,3727,-1,3731,3730,3735,-1,3735,3730,3734,-1,3729,3720,3732,-1,899,3732,3720,-1,1162,3736,1167,-1,3729,3733,3400,-1,3737,3733,3728,-1,3733,3737,3687,-1,3404,3738,3734,-1,3401,3688,3396,-1,3689,3688,3687,-1,3404,3691,3405,-1,3414,3405,3408,-1,3407,3691,3730,-1,3735,3734,3739,-1,3739,3734,3738,-1,3728,3733,3732,-1,1167,3740,1175,-1,3736,3740,1167,-1,3687,3737,3689,-1,3741,3737,3740,-1,3741,3412,3689,-1,3685,3742,3738,-1,3688,3414,3408,-1,3412,3414,3689,-1,3685,3404,3406,-1,3405,3413,3406,-1,3691,3404,3734,-1,3739,3738,3743,-1,3743,3738,3742,-1,3737,3728,3740,-1,1175,3740,3728,-1,885,986,3744,-1,3737,3741,3689,-1,3745,1162,885,-1,3741,3746,3412,-1,3742,3686,3747,-1,3414,3413,3405,-1,3681,3413,3412,-1,3684,3686,3685,-1,3406,3682,3684,-1,3404,3685,3738,-1,3743,3742,3748,-1,3748,3742,3747,-1,3741,3736,3746,-1,3740,3736,3741,-1,977,3749,986,-1,3412,3746,3681,-1,3750,3746,3745,-1,3681,3750,3683,-1,3747,3411,3751,-1,3413,3682,3406,-1,3683,3682,3681,-1,3411,3686,3409,-1,3419,3409,3684,-1,3685,3686,3742,-1,3748,3747,3752,-1,3752,3747,3751,-1,3746,3736,3745,-1,1162,3745,3736,-1,977,940,3753,-1,3746,3750,3681,-1,3754,3750,3744,-1,3754,3420,3683,-1,3679,3755,3751,-1,3682,3419,3684,-1,3420,3419,3683,-1,3679,3411,3410,-1,3409,3418,3410,-1,3686,3411,3747,-1,3752,3751,3756,-1,3756,3751,3755,-1,3750,3745,3744,-1,885,3744,3745,-1,3749,977,3753,-1,3750,3754,3683,-1,3754,3749,3757,-1,3757,3676,3420,-1,3755,3680,3758,-1,3419,3418,3409,-1,3676,3418,3420,-1,3678,3680,3679,-1,3410,3675,3678,-1,3411,3679,3751,-1,3756,3755,3759,-1,3759,3755,3758,-1,3754,3744,3749,-1,986,3749,3744,-1,876,914,3760,-1,3754,3757,3420,-1,3761,940,876,-1,3757,3762,3676,-1,3758,3416,3763,-1,3418,3675,3410,-1,3677,3675,3676,-1,3416,3680,3417,-1,3424,3417,3678,-1,3679,3680,3755,-1,3759,3758,3764,-1,3764,3758,3763,-1,3757,3753,3762,-1,3753,3757,3749,-1,914,868,3765,-1,3676,3762,3677,-1,3766,3762,3761,-1,3766,3425,3677,-1,3672,3767,3763,-1,3675,3424,3678,-1,3425,3424,3677,-1,3672,3416,3415,-1,3417,3426,3415,-1,3680,3416,3758,-1,3764,3763,3768,-1,3768,3763,3767,-1,3762,3753,3761,-1,940,3761,3753,-1,3760,914,3765,-1,3762,3766,3677,-1,3766,3760,3769,-1,3769,3669,3425,-1,3672,3674,3767,-1,3424,3426,3417,-1,3669,3426,3425,-1,3673,3674,3672,-1,3415,3670,3673,-1,3416,3672,3763,-1,3768,3767,3770,-1,3770,3767,3771,-1,3766,3761,3760,-1,876,3760,3761,-1,754,3772,746,-1,3766,3769,3425,-1,3773,868,746,-1,3769,3774,3669,-1,3771,3421,3775,-1,3426,3670,3415,-1,3671,3670,3669,-1,3776,3771,3775,-1,3432,3422,3673,-1,3422,3421,3674,-1,3770,3771,3776,-1,3767,3674,3771,-1,3769,3765,3774,-1,3765,3769,3760,-1,3772,3773,746,-1,3669,3774,3671,-1,3716,3774,3773,-1,3671,3716,3430,-1,3775,3667,3777,-1,3670,3432,3673,-1,3432,3671,3430,-1,3423,3667,3421,-1,3422,3431,3423,-1,3674,3421,3771,-1,3776,3775,3778,-1,3778,3775,3777,-1,3774,3765,3773,-1,868,3773,3765,-1,3779,756,751,-1,3774,3716,3671,-1,3715,3716,3772,-1,3430,3715,3663,-1,3777,3668,3780,-1,3432,3431,3422,-1,3663,3431,3430,-1,3666,3668,3667,-1,3664,3666,3423,-1,3421,3667,3775,-1,3778,3777,3781,-1,3781,3777,3780,-1,3772,3716,3773,-1,756,3782,754,-1,756,3779,3782,-1,3438,3783,3784,-1,3785,3715,3782,-1,3663,3785,3665,-1,3428,3786,3780,-1,3431,3664,3423,-1,3664,3663,3665,-1,3428,3668,3429,-1,3437,3429,3666,-1,3667,3668,3777,-1,3781,3780,3787,-1,3787,3780,3786,-1,3715,3772,3782,-1,754,3782,3772,-1,3788,3779,751,-1,3715,3785,3663,-1,3783,3785,3779,-1,3785,3783,3665,-1,3661,3789,3786,-1,3664,3437,3666,-1,3438,3437,3665,-1,3661,3428,3427,-1,3429,3436,3427,-1,3668,3428,3780,-1,3787,3786,3790,-1,3790,3786,3789,-1,3779,3785,3782,-1,762,3788,751,-1,3791,761,759,-1,3665,3783,3438,-1,3784,3783,3788,-1,3438,3784,3658,-1,3789,3662,3792,-1,3437,3436,3429,-1,3658,3436,3438,-1,3660,3662,3661,-1,3657,3660,3427,-1,3428,3661,3786,-1,3790,3789,3793,-1,3793,3789,3792,-1,3779,3788,3783,-1,761,3794,762,-1,761,3791,3794,-1,857,3571,3795,-1,3796,3784,3794,-1,3658,3796,3659,-1,3433,3797,3792,-1,3436,3657,3427,-1,3657,3658,3659,-1,3433,3662,3434,-1,3442,3434,3660,-1,3661,3662,3789,-1,3793,3792,3798,-1,3798,3792,3797,-1,3784,3788,3794,-1,762,3794,3788,-1,764,3799,766,-1,3784,3796,3658,-1,3800,3796,3791,-1,3796,3800,3659,-1,3654,3801,3797,-1,3657,3442,3660,-1,3443,3442,3659,-1,3654,3433,3435,-1,3434,3444,3435,-1,3662,3433,3792,-1,3798,3797,3802,-1,3802,3797,3801,-1,3791,3796,3794,-1,767,3803,759,-1,3804,3803,767,-1,3659,3800,3443,-1,3805,3800,3803,-1,3443,3805,3651,-1,3801,3656,3806,-1,3442,3444,3434,-1,3651,3444,3443,-1,3655,3656,3654,-1,3652,3655,3435,-1,3433,3654,3797,-1,3802,3801,3807,-1,3807,3801,3806,-1,3800,3791,3803,-1,759,3803,3791,-1,3804,766,3799,-1,3800,3805,3443,-1,3805,3804,3808,-1,3805,3808,3651,-1,3441,3809,3806,-1,3444,3652,3435,-1,3652,3651,3653,-1,3441,3656,3439,-1,3450,3439,3655,-1,3654,3656,3801,-1,3807,3806,3810,-1,3810,3806,3809,-1,3803,3804,3805,-1,767,766,3804,-1,769,3811,774,-1,3651,3808,3653,-1,3812,3808,3799,-1,3808,3812,3653,-1,3649,3813,3809,-1,3652,3450,3655,-1,3448,3450,3653,-1,3649,3441,3440,-1,3439,3449,3440,-1,3656,3441,3806,-1,3810,3809,3814,-1,3814,3809,3813,-1,3799,3808,3804,-1,772,3815,764,-1,3816,3815,772,-1,3653,3812,3448,-1,3817,3812,3815,-1,3448,3817,3645,-1,3649,3650,3813,-1,3450,3449,3439,-1,3449,3448,3645,-1,3648,3650,3649,-1,3646,3648,3440,-1,3441,3649,3809,-1,3814,3813,3818,-1,3818,3813,3819,-1,3812,3799,3815,-1,764,3815,3799,-1,3816,774,3811,-1,3812,3817,3448,-1,3817,3816,3820,-1,3817,3820,3645,-1,3447,3821,3819,-1,3449,3646,3440,-1,3647,3646,3645,-1,3822,3819,3821,-1,3455,3445,3648,-1,3445,3447,3650,-1,3818,3819,3822,-1,3813,3650,3819,-1,3815,3816,3817,-1,772,774,3816,-1,777,3823,779,-1,3645,3820,3647,-1,3824,3820,3811,-1,3820,3824,3647,-1,3821,3643,3825,-1,3646,3455,3648,-1,3456,3455,3647,-1,3446,3643,3447,-1,3454,3446,3445,-1,3650,3447,3819,-1,3822,3821,3826,-1,3826,3821,3825,-1,3811,3820,3816,-1,780,3827,769,-1,3828,3827,780,-1,3647,3824,3456,-1,3829,3824,3827,-1,3456,3829,3640,-1,3644,3830,3825,-1,3455,3454,3445,-1,3454,3456,3640,-1,3644,3643,3642,-1,3639,3642,3446,-1,3447,3643,3821,-1,3826,3825,3831,-1,3831,3825,3830,-1,3824,3811,3827,-1,769,3827,3811,-1,3828,779,3823,-1,3824,3829,3456,-1,3829,3828,3832,-1,3829,3832,3640,-1,3452,3833,3830,-1,3454,3639,3446,-1,3641,3639,3640,-1,3452,3644,3453,-1,3642,3460,3453,-1,3643,3644,3825,-1,3831,3830,3834,-1,3834,3830,3833,-1,3827,3828,3829,-1,780,779,3828,-1,784,3835,785,-1,3640,3832,3641,-1,3836,3832,3823,-1,3832,3836,3641,-1,3833,3636,3837,-1,3639,3460,3642,-1,3461,3460,3641,-1,3451,3636,3452,-1,3462,3451,3453,-1,3644,3452,3830,-1,3834,3833,3838,-1,3838,3833,3837,-1,3823,3832,3828,-1,785,3839,777,-1,3835,3839,785,-1,3641,3836,3461,-1,3840,3836,3839,-1,3461,3840,3633,-1,3638,3841,3837,-1,3460,3462,3453,-1,3462,3461,3633,-1,3638,3636,3637,-1,3634,3637,3451,-1,3452,3636,3833,-1,3838,3837,3842,-1,3842,3837,3841,-1,3836,3823,3839,-1,777,3839,3823,-1,3835,784,3843,-1,3836,3840,3461,-1,784,782,3843,-1,3840,3844,3633,-1,3457,3845,3841,-1,3462,3634,3451,-1,3635,3634,3633,-1,3457,3638,3458,-1,3637,3468,3458,-1,3636,3638,3837,-1,3842,3841,3846,-1,3846,3841,3845,-1,3839,3835,3840,-1,3840,3835,3844,-1,797,795,3847,-1,3633,3844,3635,-1,3848,3844,3843,-1,3844,3848,3635,-1,3845,3631,3849,-1,3634,3468,3637,-1,3466,3468,3635,-1,3459,3631,3457,-1,3467,3459,3458,-1,3638,3457,3841,-1,3846,3845,3850,-1,3850,3845,3849,-1,3843,3844,3835,-1,790,3851,782,-1,3852,3851,790,-1,3635,3848,3466,-1,3853,3848,3851,-1,3853,3627,3466,-1,3632,3854,3849,-1,3468,3467,3458,-1,3627,3467,3466,-1,3632,3631,3630,-1,3628,3630,3459,-1,3457,3631,3845,-1,3850,3849,3855,-1,3855,3849,3854,-1,3848,3843,3851,-1,782,3851,3843,-1,3852,792,3856,-1,3848,3853,3466,-1,3853,3852,3857,-1,3857,3629,3627,-1,3854,3632,3465,-1,3467,3628,3459,-1,3629,3628,3627,-1,3465,3632,3463,-1,3630,3473,3463,-1,3631,3632,3849,-1,3855,3854,3858,-1,3858,3854,3859,-1,3851,3852,3853,-1,790,792,3852,-1,787,3860,3856,-1,3853,3857,3627,-1,3861,3857,3856,-1,3857,3861,3629,-1,3625,3859,3465,-1,3628,3473,3630,-1,3474,3473,3629,-1,3625,3465,3464,-1,3472,3464,3463,-1,3859,3862,3863,-1,3858,3859,3863,-1,3854,3465,3859,-1,3852,3856,3857,-1,792,787,3856,-1,3860,798,3864,-1,3629,3861,3474,-1,3865,3861,3860,-1,3861,3865,3474,-1,3862,3625,3626,-1,3473,3472,3463,-1,3622,3472,3474,-1,3626,3625,3624,-1,3621,3624,3464,-1,3862,3866,3867,-1,3863,3862,3867,-1,3859,3625,3862,-1,3856,3860,3861,-1,787,798,3860,-1,3847,3864,797,-1,3474,3865,3622,-1,3868,3865,3864,-1,3868,3623,3622,-1,3470,3866,3626,-1,3472,3621,3464,-1,3623,3621,3622,-1,3470,3626,3471,-1,3478,3471,3624,-1,3866,3869,3870,-1,3867,3866,3870,-1,3862,3626,3866,-1,3860,3864,3865,-1,798,797,3864,-1,3847,795,3871,-1,3865,3868,3622,-1,3871,795,803,-1,3623,3872,3479,-1,3619,3869,3470,-1,3621,3478,3624,-1,3478,3623,3479,-1,3873,3870,3869,-1,3480,3469,3471,-1,3866,3470,3869,-1,3470,3469,3619,-1,3873,3869,3874,-1,3868,3847,3872,-1,3864,3847,3868,-1,3875,810,805,-1,3868,3872,3623,-1,3876,803,802,-1,3479,3877,3615,-1,3619,3620,3874,-1,3478,3480,3471,-1,3480,3479,3615,-1,3873,3874,3878,-1,3616,3618,3469,-1,3869,3619,3874,-1,3619,3618,3620,-1,3878,3874,3879,-1,3872,3871,3877,-1,3847,3871,3872,-1,3880,3876,802,-1,3872,3877,3479,-1,3877,3876,3881,-1,3615,3881,3617,-1,3477,3879,3620,-1,3480,3616,3469,-1,3616,3615,3617,-1,3878,3879,3882,-1,3486,3475,3618,-1,3874,3620,3879,-1,3620,3475,3477,-1,3882,3879,3883,-1,3877,3871,3876,-1,803,3876,3871,-1,3880,800,3884,-1,3877,3881,3615,-1,3885,3881,3880,-1,3881,3885,3617,-1,3613,3883,3477,-1,3616,3486,3618,-1,3484,3486,3617,-1,3477,3476,3613,-1,3485,3476,3475,-1,3883,3886,3887,-1,3882,3883,3887,-1,3879,3477,3883,-1,3876,3880,3881,-1,802,800,3880,-1,3884,808,3888,-1,3617,3885,3484,-1,3889,3885,3884,-1,3885,3889,3484,-1,3886,3613,3614,-1,3486,3485,3475,-1,3609,3485,3484,-1,3614,3613,3612,-1,3610,3612,3476,-1,3886,3890,3891,-1,3887,3886,3891,-1,3883,3613,3886,-1,3880,3884,3885,-1,800,808,3884,-1,3875,3888,810,-1,3484,3889,3609,-1,3892,3889,3888,-1,3892,3611,3609,-1,3483,3890,3614,-1,3485,3610,3476,-1,3611,3610,3609,-1,3483,3614,3481,-1,3491,3481,3612,-1,3890,3893,3894,-1,3891,3890,3894,-1,3886,3614,3890,-1,3884,3888,3889,-1,808,810,3888,-1,821,820,3895,-1,3889,3892,3609,-1,3896,805,816,-1,3611,3897,3492,-1,3606,3893,3483,-1,3610,3491,3612,-1,3491,3611,3492,-1,3898,3894,3893,-1,3490,3482,3481,-1,3890,3483,3893,-1,3483,3482,3606,-1,3898,3893,3899,-1,3892,3875,3897,-1,3888,3875,3892,-1,3900,3896,816,-1,3892,3897,3611,-1,3897,3896,3901,-1,3492,3901,3604,-1,3606,3608,3899,-1,3491,3490,3481,-1,3490,3492,3604,-1,3898,3899,3902,-1,3603,3607,3482,-1,3893,3606,3899,-1,3606,3607,3608,-1,3902,3899,3903,-1,3897,3875,3896,-1,805,3896,3875,-1,3900,815,3904,-1,3897,3901,3492,-1,3905,3901,3900,-1,3901,3905,3604,-1,3487,3903,3608,-1,3490,3603,3482,-1,3603,3604,3605,-1,3902,3903,3906,-1,3496,3488,3607,-1,3899,3608,3903,-1,3608,3488,3487,-1,3906,3903,3907,-1,3896,3900,3901,-1,816,815,3900,-1,3904,813,3908,-1,3604,3905,3605,-1,3909,3905,3904,-1,3905,3909,3605,-1,3600,3907,3487,-1,3603,3496,3607,-1,3497,3496,3605,-1,3487,3489,3600,-1,3498,3489,3488,-1,3907,3910,3911,-1,3906,3907,3911,-1,3903,3487,3907,-1,3900,3904,3905,-1,815,813,3904,-1,3895,3908,821,-1,3605,3909,3497,-1,3912,3909,3908,-1,3912,3597,3497,-1,3602,3910,3600,-1,3496,3498,3488,-1,3597,3498,3497,-1,3602,3600,3601,-1,3598,3601,3489,-1,3910,3913,3914,-1,3911,3910,3914,-1,3907,3600,3910,-1,3904,3908,3909,-1,813,821,3908,-1,3895,820,3915,-1,3909,3912,3497,-1,3915,820,818,-1,3597,3916,3599,-1,3495,3913,3602,-1,3498,3598,3489,-1,3598,3597,3599,-1,3917,3918,3913,-1,3503,3493,3601,-1,3914,3913,3918,-1,3602,3493,3495,-1,3910,3602,3913,-1,3912,3895,3916,-1,3908,3895,3912,-1,3919,829,831,-1,3912,3916,3597,-1,3920,818,826,-1,3599,3921,3502,-1,3495,3593,3917,-1,3598,3503,3601,-1,3503,3599,3502,-1,3918,3917,3922,-1,3499,3494,3493,-1,3913,3495,3917,-1,3495,3494,3593,-1,3922,3917,3923,-1,3916,3915,3921,-1,3895,3915,3916,-1,3924,3920,826,-1,3916,3921,3599,-1,3921,3920,3925,-1,3502,3925,3500,-1,3596,3923,3593,-1,3503,3499,3493,-1,3499,3502,3500,-1,3922,3923,3926,-1,3501,3592,3494,-1,3917,3593,3923,-1,3593,3592,3596,-1,3926,3923,3927,-1,3921,3915,3920,-1,818,3920,3915,-1,3924,824,3928,-1,3921,3925,3502,-1,3929,3925,3924,-1,3925,3929,3500,-1,3595,3927,3596,-1,3499,3501,3494,-1,3507,3501,3500,-1,3596,3594,3595,-1,3504,3594,3592,-1,3927,3930,3931,-1,3926,3927,3931,-1,3923,3596,3927,-1,3920,3924,3925,-1,826,824,3924,-1,3928,823,3932,-1,3500,3929,3507,-1,3933,3929,3928,-1,3929,3933,3507,-1,3930,3595,3591,-1,3501,3504,3592,-1,3505,3504,3507,-1,3591,3595,3590,-1,3506,3590,3594,-1,3930,3934,3935,-1,3931,3930,3935,-1,3927,3595,3930,-1,3924,3928,3929,-1,824,823,3928,-1,3919,3932,829,-1,3507,3933,3505,-1,3936,3933,3932,-1,3936,3511,3505,-1,3586,3934,3591,-1,3504,3506,3594,-1,3511,3506,3505,-1,3586,3591,3587,-1,3508,3587,3590,-1,3934,3937,3938,-1,3935,3934,3938,-1,3930,3591,3934,-1,3928,3932,3933,-1,823,829,3932,-1,3919,831,3939,-1,3933,3936,3505,-1,3939,831,832,-1,3511,3940,3509,-1,3589,3937,3586,-1,3506,3508,3590,-1,3508,3511,3509,-1,3941,3938,3937,-1,3510,3588,3587,-1,3934,3586,3937,-1,3586,3588,3589,-1,3941,3937,3942,-1,3936,3919,3940,-1,3932,3919,3936,-1,841,3943,838,-1,3936,3940,3511,-1,3944,832,835,-1,3509,3945,3515,-1,3589,3584,3942,-1,3508,3510,3587,-1,3510,3509,3515,-1,3941,3942,3946,-1,3516,3585,3588,-1,3937,3589,3942,-1,3589,3585,3584,-1,3946,3942,3947,-1,3940,3939,3945,-1,3919,3939,3940,-1,3948,3944,835,-1,3940,3945,3509,-1,3945,3944,3949,-1,3515,3949,3582,-1,3514,3947,3584,-1,3510,3516,3588,-1,3516,3515,3582,-1,3946,3947,3950,-1,3518,3512,3585,-1,3942,3584,3947,-1,3584,3512,3514,-1,3950,3947,3951,-1,3945,3939,3944,-1,832,3944,3939,-1,3948,837,3952,-1,3945,3949,3515,-1,3953,3949,3948,-1,3949,3953,3582,-1,3521,3951,3514,-1,3516,3518,3585,-1,3519,3518,3582,-1,3514,3513,3521,-1,3517,3513,3512,-1,3951,3954,3955,-1,3950,3951,3955,-1,3947,3514,3951,-1,3944,3948,3949,-1,835,837,3948,-1,3943,3952,838,-1,3582,3953,3519,-1,3956,3953,3952,-1,3956,3583,3519,-1,3954,3521,3525,-1,3518,3517,3512,-1,3583,3517,3519,-1,3525,3521,3520,-1,3529,3520,3513,-1,3954,3957,3958,-1,3955,3954,3958,-1,3951,3521,3954,-1,3948,3952,3953,-1,837,838,3952,-1,3943,841,3959,-1,3953,3956,3519,-1,3959,841,843,-1,3960,3530,3583,-1,3523,3957,3525,-1,3517,3529,3513,-1,3530,3529,3583,-1,3523,3525,3524,-1,3528,3524,3520,-1,3957,3961,3962,-1,3958,3957,3962,-1,3954,3525,3957,-1,3956,3943,3960,-1,3952,3943,3956,-1,850,854,3963,-1,3956,3960,3583,-1,3964,843,844,-1,3530,3965,3580,-1,3527,3961,3523,-1,3529,3528,3520,-1,3528,3530,3580,-1,3966,3962,3961,-1,3531,3522,3524,-1,3957,3523,3961,-1,3523,3522,3527,-1,3966,3961,3967,-1,3960,3959,3965,-1,3943,3959,3960,-1,3968,3964,844,-1,3960,3965,3530,-1,3965,3964,3969,-1,3580,3969,3532,-1,3534,3967,3527,-1,3528,3531,3524,-1,3531,3580,3532,-1,3966,3967,3970,-1,3533,3526,3522,-1,3961,3527,3967,-1,3527,3526,3534,-1,3970,3967,3971,-1,3965,3959,3964,-1,843,3964,3959,-1,3968,847,3972,-1,3965,3969,3580,-1,3973,3969,3968,-1,3969,3973,3532,-1,3539,3971,3534,-1,3531,3533,3522,-1,3537,3533,3532,-1,3971,3967,3534,-1,3536,3535,3526,-1,3535,3539,3534,-1,3974,3971,3975,-1,3971,3974,3970,-1,3964,3968,3969,-1,844,847,3968,-1,3972,849,3976,-1,3532,3973,3537,-1,3977,3973,3972,-1,3973,3977,3537,-1,3975,3539,3542,-1,3533,3536,3526,-1,3540,3536,3537,-1,3539,3538,3542,-1,3541,3538,3535,-1,3975,3978,3979,-1,3974,3975,3979,-1,3971,3539,3975,-1,3968,3972,3973,-1,847,849,3972,-1,3963,3976,850,-1,3537,3977,3540,-1,3980,3977,3976,-1,3980,3548,3540,-1,3581,3978,3542,-1,3536,3541,3535,-1,3548,3541,3540,-1,3581,3542,3543,-1,3547,3543,3538,-1,3978,3981,3982,-1,3979,3978,3982,-1,3975,3542,3978,-1,3972,3976,3977,-1,849,850,3976,-1,3963,854,3983,-1,3977,3980,3540,-1,3983,854,853,-1,3548,3984,3553,-1,3545,3981,3581,-1,3541,3547,3538,-1,3547,3548,3553,-1,3985,3982,3981,-1,3552,3546,3543,-1,3978,3581,3981,-1,3581,3546,3545,-1,3985,3981,3986,-1,3980,3963,3984,-1,3976,3963,3980,-1,3578,3575,863,-1,3980,3984,3548,-1,853,857,3795,-1,3987,3556,3553,-1,3545,3569,3986,-1,3547,3552,3543,-1,3552,3553,3556,-1,3985,3986,3988,-1,3557,3544,3546,-1,3981,3545,3986,-1,3545,3544,3569,-1,3988,3986,3989,-1,3984,3983,3987,-1,3963,3983,3984,-1,3577,3575,3574,-1,3984,3987,3553,-1,3987,3795,3561,-1,3990,3568,3991,-1,3990,3989,3569,-1,3552,3557,3546,-1,3557,3560,3565,-1,3988,3989,3992,-1,3565,3568,3544,-1,3986,3569,3989,-1,3569,3568,3990,-1,3992,3989,3993,-1,3987,3983,3795,-1,853,3795,3983,-1,3565,3560,3994,-1,3987,3561,3556,-1,3995,3561,3571,-1,3565,3996,3568,-1,3994,3560,3995,-1,3567,3993,3990,-1,3996,3565,3994,-1,3990,3991,3567,-1,3996,3991,3568,-1,3993,3566,3997,-1,3992,3993,3997,-1,3989,3990,3993,-1,3795,3571,3561,-1,857,859,3571,-1,3996,3994,3998,-1,3561,3995,3560,-1,3995,3570,3999,-1,3991,3996,4000,-1,3999,3998,3994,-1,3567,3991,4001,-1,3996,3998,4000,-1,3564,3567,4001,-1,4001,3991,4000,-1,3566,3563,4002,-1,3997,3566,4002,-1,3993,3567,3566,-1,3571,3570,3995,-1,859,860,3570,-1,4000,3998,4003,-1,3995,3999,3994,-1,3999,3577,3574,-1,4004,4003,4005,-1,3998,3574,4003,-1,3564,4001,4006,-1,4000,4004,4001,-1,3573,3562,4006,-1,4004,4006,4001,-1,3563,3559,3558,-1,4002,3563,3558,-1,3566,3564,3563,-1,3570,3577,3999,-1,860,863,3577,-1,3576,4005,4003,-1,3999,3574,3998,-1,4003,3574,3576,-1,4005,4007,4004,-1,3573,4006,4007,-1,4000,4003,4004,-1,4006,4004,4007,-1,3572,3573,4008,-1,3572,3554,3559,-1,3564,4006,3562,-1,3559,3562,3572,-1,3555,3559,3554,-1,863,3575,3577,-1,3578,3579,3575,-1,3579,4009,3576,-1,3576,4009,4005,-1,4009,4010,4005,-1,4005,4010,4007,-1,4010,4011,4007,-1,4011,4008,3573,-1,4011,3573,4007,-1,4008,4012,3572,-1,4012,4013,3572,-1,3550,3554,4013,-1,4013,3554,3572,-1,3550,3549,3554,-1,670,3914,669,-1,3710,4014,4015,-1,670,675,3911,-1,4016,4014,3712,-1,4017,3703,3704,-1,4018,3726,3731,-1,4019,3718,3723,-1,4020,3739,4021,-1,3731,3735,4022,-1,3748,3752,4023,-1,3748,4024,3743,-1,4025,4026,3764,-1,4026,4027,3756,-1,4028,4029,3770,-1,4029,4025,3768,-1,3778,4030,4031,-1,3776,4031,4028,-1,4032,4033,3787,-1,4033,4030,3781,-1,4032,3793,4034,-1,3787,3790,4032,-1,4035,4036,3802,-1,4034,3798,4036,-1,4037,3810,4038,-1,4037,4035,3807,-1,3818,4039,3814,-1,4039,4038,3814,-1,3826,4040,4041,-1,3818,3822,4041,-1,3831,4042,4040,-1,4043,3838,4044,-1,3834,4043,4042,-1,4045,4046,3846,-1,3842,4046,4044,-1,3855,4047,4045,-1,3846,3850,4045,-1,680,683,3894,-1,3906,677,3902,-1,693,3882,688,-1,688,3887,687,-1,693,695,3878,-1,687,3891,683,-1,680,3898,3902,-1,3873,3878,695,-1,3867,698,701,-1,698,3870,695,-1,705,3863,701,-1,677,3906,675,-1,669,3918,583,-1,4047,3858,705,-1,589,584,3926,-1,3922,584,583,-1,589,3931,3935,-1,596,591,3938,-1,591,589,3935,-1,598,3946,600,-1,598,596,3941,-1,3955,604,607,-1,600,3950,607,-1,3958,3962,610,-1,3958,610,604,-1,3970,617,613,-1,610,3966,613,-1,623,620,3979,-1,3974,620,617,-1,627,3985,625,-1,627,623,3982,-1,3992,631,3988,-1,3988,625,3985,-1,4002,636,3997,-1,636,631,3997,-1,4002,3558,638,-1,638,636,4002,-1,3555,639,3558,-1,3558,639,638,-1,3549,645,644,-1,644,3555,3549,-1,3551,645,3549,-1,639,3555,644,-1,4026,3759,3764,-1,3997,631,3992,-1,3988,631,625,-1,3985,627,3982,-1,3982,623,3979,-1,3979,620,3974,-1,3974,617,3970,-1,3970,613,3966,-1,3966,610,3962,-1,3958,604,3955,-1,3955,607,3950,-1,3950,600,3946,-1,3946,598,3941,-1,3941,596,3938,-1,3938,591,3935,-1,3931,589,3926,-1,3926,584,3922,-1,3922,583,3918,-1,3918,669,3914,-1,3914,670,3911,-1,3911,675,3906,-1,677,680,3902,-1,3898,680,3894,-1,3894,683,3891,-1,3891,687,3887,-1,3887,688,3882,-1,3882,693,3878,-1,3873,695,3870,-1,3870,698,3867,-1,3867,701,3863,-1,3863,705,3858,-1,3858,4047,3855,-1,3855,4045,3850,-1,3846,4046,3842,-1,3842,4044,3838,-1,3838,4043,3834,-1,3834,4042,3831,-1,3831,4040,3826,-1,3826,4041,3822,-1,3818,4041,4039,-1,3814,4038,3810,-1,3810,4037,3807,-1,3807,4035,3802,-1,3802,4036,3798,-1,3798,4034,3793,-1,3793,4032,3790,-1,3787,4033,3781,-1,3781,4030,3778,-1,3778,4031,3776,-1,3776,4028,3770,-1,3770,4029,3768,-1,3768,4025,3764,-1,3756,4027,3752,-1,3759,4026,3756,-1,3748,4023,4024,-1,3752,4027,4023,-1,3743,4024,4021,-1,3735,3739,4020,-1,3739,3743,4021,-1,4018,3731,4022,-1,4022,3735,4020,-1,4018,3723,3726,-1,4019,4016,3718,-1,4018,4019,3723,-1,3712,4014,3710,-1,3718,4016,3712,-1,3710,4015,3704,-1,4017,3704,4015,-1,4048,4049,4020,-1,4022,4020,4050,-1,4049,4050,4020,-1,4051,4052,4022,-1,4051,4022,4050,-1,4053,4018,4052,-1,4022,4052,4018,-1,4018,4054,4019,-1,4054,4018,4053,-1,4055,4019,4056,-1,4019,4054,4056,-1,4016,4055,4057,-1,4055,4016,4019,-1,4058,4014,4016,-1,4016,4057,4058,-1,4014,4059,4060,-1,4058,4059,4014,-1,4060,4061,4015,-1,4015,4014,4060,-1,4017,4015,4062,-1,4061,4062,4015,-1,4063,4064,4017,-1,4063,4017,4062,-1,4065,4066,4064,-1,4017,4064,4066,-1,4066,4067,4068,-1,4067,4066,4065,-1,4069,4068,4070,-1,4068,4067,4070,-1,4071,4069,4072,-1,4069,4071,4068,-1,4073,4074,4071,-1,4071,4072,4073,-1,4075,4074,4076,-1,4076,4074,4077,-1,4078,4079,4075,-1,4078,4075,4076,-1,666,663,4079,-1,4075,4079,663,-1,4074,4073,4077,-1,4020,4080,4048,-1,4080,4021,4081,-1,4021,4080,4020,-1,4021,4024,4082,-1,4082,4081,4021,-1,4024,4083,4084,-1,4082,4024,4084,-1,4085,4083,4023,-1,4024,4023,4083,-1,4086,4023,4027,-1,4023,4086,4085,-1,4087,4027,4088,-1,4087,4086,4027,-1,4026,4089,4088,-1,4088,4027,4026,-1,4025,4090,4026,-1,4089,4026,4090,-1,4091,4092,4025,-1,4025,4092,4090,-1,4091,4029,4093,-1,4029,4091,4025,-1,4029,4028,4094,-1,4094,4093,4029,-1,4028,4095,4096,-1,4094,4028,4096,-1,4097,4095,4031,-1,4028,4031,4095,-1,4098,4031,4030,-1,4031,4098,4097,-1,4099,4030,4100,-1,4099,4098,4030,-1,4033,4101,4100,-1,4100,4030,4033,-1,4032,4102,4033,-1,4101,4033,4102,-1,4103,4104,4032,-1,4032,4104,4102,-1,4103,4034,4105,-1,4034,4103,4032,-1,4034,4036,4106,-1,4106,4105,4034,-1,4036,4107,4108,-1,4106,4036,4108,-1,4109,4107,4035,-1,4036,4035,4107,-1,4110,4035,4037,-1,4035,4110,4109,-1,4111,4037,4112,-1,4111,4110,4037,-1,4038,4113,4112,-1,4112,4037,4038,-1,4039,4114,4038,-1,4113,4038,4114,-1,4115,4116,4039,-1,4039,4116,4114,-1,4115,4041,4117,-1,4041,4115,4039,-1,4041,4040,4118,-1,4118,4117,4041,-1,4040,4119,4120,-1,4118,4040,4120,-1,4121,4119,4042,-1,4040,4042,4119,-1,4122,4042,4043,-1,4042,4122,4121,-1,4123,4043,4124,-1,4123,4122,4043,-1,4044,4125,4124,-1,4124,4043,4044,-1,4046,4126,4044,-1,4125,4044,4126,-1,4127,4128,4046,-1,4046,4128,4126,-1,4127,4045,4129,-1,4045,4127,4046,-1,4045,4047,4130,-1,4130,4129,4045,-1,4047,4131,4132,-1,4130,4047,4132,-1,4047,705,4131,-1,705,4133,4131,-1,705,706,4133,-1,4134,4135,4136,-1,4137,4138,4139,-1,4140,4141,4138,-1,4142,4138,4141,-1,4143,4144,4145,-1,4138,4142,4143,-1,4146,4139,4138,-1,4142,4144,4143,-1,4138,4147,4146,-1,4148,4142,4141,-1,4146,4147,4149,-1,4142,4150,4151,-1,4147,4152,4149,-1,4142,4151,4153,-1,4147,4154,4155,-1,4153,4156,4142,-1,4154,4147,4157,-1,4156,4153,4158,-1,4159,4157,4160,-1,4161,4156,4158,-1,4162,4145,4144,-1,4156,4163,4164,-1,4165,4166,4160,-1,581,4167,4168,-1,4169,4164,4170,-1,575,4171,574,-1,4172,4169,4173,-1,4174,569,4175,-1,4176,4177,4178,-1,4179,4180,4181,-1,4182,4183,511,-1,556,4184,559,-1,4185,501,512,-1,553,552,4184,-1,524,4186,517,-1,548,4187,546,-1,528,4188,520,-1,4189,534,531,-1,535,4190,527,-1,4188,528,4190,-1,4190,528,530,-1,534,4189,4190,-1,534,4190,535,-1,4186,524,4188,-1,524,523,4188,-1,541,538,4189,-1,4185,514,4191,-1,506,505,4186,-1,548,545,4187,-1,4192,4193,508,-1,553,4184,4187,-1,552,549,4184,-1,4182,511,509,-1,4194,4183,4182,-1,560,559,4184,-1,4194,4181,4180,-1,4194,4180,4183,-1,4177,4179,4181,-1,568,4174,563,-1,4171,4175,572,-1,4177,4176,4179,-1,4172,4178,4177,-1,538,4187,4189,-1,578,580,4195,-1,4172,4173,4178,-1,4196,4173,4169,-1,4168,580,581,-1,4197,4167,4198,-1,4169,4170,4196,-1,4199,4200,4164,-1,4162,4201,4202,-1,4165,4203,4204,-1,4164,4163,4199,-1,4205,4163,4156,-1,4165,4204,4206,-1,4157,4165,4160,-1,4205,4156,4207,-1,564,4208,556,-1,563,4174,4208,-1,506,4186,4191,-1,4164,4200,4170,-1,4156,4161,4207,-1,4142,4148,4150,-1,4138,4137,4140,-1,4157,4209,4154,-1,4136,4135,4203,-1,4210,575,578,-1,566,4208,564,-1,538,546,4187,-1,4189,531,542,-1,542,541,4189,-1,4190,530,527,-1,4188,523,520,-1,4186,505,517,-1,4185,512,514,-1,4191,514,506,-1,4185,4192,501,-1,508,4193,509,-1,501,4192,508,-1,4182,509,4193,-1,4136,4211,4212,-1,4212,4211,4198,-1,4195,4210,578,-1,4147,4155,4152,-1,4157,4159,4209,-1,4165,4206,4166,-1,4203,4135,4204,-1,4136,4212,4134,-1,4197,4198,4211,-1,4168,4167,4197,-1,4195,580,4168,-1,575,4210,4171,-1,569,572,4175,-1,572,574,4171,-1,568,569,4174,-1,563,4208,566,-1,556,4208,4184,-1,549,560,4184,-1,553,4187,545,-1,4201,4189,4187,-1,4162,4202,4145,-1,4201,4187,4202,-1,4213,4141,4214,-1,4148,4213,4215,-1,4213,4148,4141,-1,4215,4216,4150,-1,4150,4148,4215,-1,4217,4151,4216,-1,4150,4216,4151,-1,4153,4217,4218,-1,4217,4153,4151,-1,4218,4219,4158,-1,4158,4153,4218,-1,4220,4161,4219,-1,4158,4219,4161,-1,4207,4220,4221,-1,4220,4207,4161,-1,4221,4222,4205,-1,4205,4207,4221,-1,4223,4163,4222,-1,4205,4222,4163,-1,4199,4223,4224,-1,4223,4199,4163,-1,4224,4225,4200,-1,4200,4199,4224,-1,4226,4170,4225,-1,4200,4225,4170,-1,4196,4226,4227,-1,4226,4196,4170,-1,4227,4228,4173,-1,4173,4196,4227,-1,4229,4178,4228,-1,4173,4228,4178,-1,4176,4229,4230,-1,4229,4176,4178,-1,4230,4231,4179,-1,4179,4176,4230,-1,4232,4180,4231,-1,4179,4231,4180,-1,4183,4232,510,-1,4232,4183,4180,-1,511,4183,510,-1,4214,4141,4140,-1,4137,4233,4140,-1,4214,4140,4233,-1,4234,4137,4139,-1,4137,4234,4233,-1,4139,4146,4235,-1,4235,4234,4139,-1,4149,4236,4146,-1,4235,4146,4236,-1,4237,4149,4152,-1,4149,4237,4236,-1,4152,4155,4238,-1,4238,4237,4152,-1,4154,4239,4155,-1,4238,4155,4239,-1,4240,4154,4209,-1,4154,4240,4239,-1,4209,4159,4241,-1,4241,4240,4209,-1,4160,4242,4159,-1,4241,4159,4242,-1,4243,4160,4166,-1,4160,4243,4242,-1,4166,4206,4244,-1,4244,4243,4166,-1,4204,4245,4206,-1,4244,4206,4245,-1,4246,4204,4135,-1,4204,4246,4245,-1,4135,4134,4247,-1,4247,4246,4135,-1,4212,4248,4134,-1,4247,4134,4248,-1,4249,4212,4198,-1,4212,4249,4248,-1,4198,4167,4250,-1,4250,4249,4198,-1,4167,582,4251,-1,4250,4167,4251,-1,4167,581,582,-1,4247,1814,4246,-1,1993,554,544,-1,4225,1395,1397,-1,4227,4226,1402,-1,1675,1666,4222,-1,1654,4223,1655,-1,1672,4219,1691,-1,4221,4220,1671,-1,4215,1389,4216,-1,1391,1689,4217,-1,1389,4215,1707,-1,4213,4214,1713,-1,4213,1712,4215,-1,4233,4234,1735,-1,4233,1725,4214,-1,4235,4236,1759,-1,4235,1736,4234,-1,4237,4238,1767,-1,1744,1743,4237,-1,4239,4240,1785,-1,4239,1765,4238,-1,4241,4242,1778,-1,4241,1777,4240,-1,4244,1796,1795,-1,1795,1803,4243,-1,4246,1813,4245,-1,4245,1821,4244,-1,1832,1831,4249,-1,1839,4247,4248,-1,4251,1849,4250,-1,1857,4249,4250,-1,579,1875,582,-1,1850,4251,582,-1,576,1897,577,-1,1885,579,577,-1,1897,576,1867,-1,1867,576,573,-1,571,570,1904,-1,571,1868,573,-1,567,562,1927,-1,567,1913,570,-1,561,565,1934,-1,562,1911,1910,-1,555,557,1957,-1,555,1943,565,-1,558,551,1941,-1,558,1963,557,-1,554,1979,550,-1,550,1939,551,-1,547,1977,543,-1,1999,544,543,-1,539,2006,537,-1,1975,547,537,-1,533,2012,540,-1,2015,540,2029,-1,536,2036,532,-1,2013,533,532,-1,525,2059,526,-1,2045,536,526,-1,2041,2043,519,-1,2065,529,2043,-1,522,1730,521,-1,1578,519,521,-1,522,516,2090,-1,2090,1730,522,-1,1578,521,1730,-1,518,2095,516,-1,2090,516,2095,-1,518,504,1584,-1,1584,2095,518,-1,1584,504,1585,-1,529,519,2043,-1,519,1578,2041,-1,2065,2059,525,-1,529,2065,525,-1,526,2059,2045,-1,2036,2013,532,-1,2045,2036,536,-1,2013,2012,533,-1,2012,2029,540,-1,2015,539,540,-1,2006,1975,537,-1,2015,2006,539,-1,1975,1977,547,-1,1977,1999,543,-1,1999,1993,544,-1,1993,1979,554,-1,1979,1970,550,-1,1939,1941,551,-1,1970,1939,550,-1,1941,1963,558,-1,1963,1957,557,-1,1957,1943,555,-1,1943,1934,565,-1,1934,1911,561,-1,1910,1927,562,-1,561,1911,562,-1,1927,1913,567,-1,1913,1904,570,-1,1904,1868,571,-1,1868,1867,573,-1,577,1897,1891,-1,1875,579,1885,-1,1885,577,1891,-1,1849,4251,1850,-1,582,1875,1850,-1,1832,4249,1857,-1,4250,1849,1857,-1,4249,1831,4248,-1,1839,1814,4247,-1,1831,1839,4248,-1,1814,1813,4246,-1,1813,1821,4245,-1,1821,1796,4244,-1,1795,4243,4244,-1,1803,4242,4243,-1,1778,1777,4241,-1,1803,1778,4242,-1,1777,1785,4240,-1,1785,1765,4239,-1,1765,1767,4238,-1,1767,1744,4237,-1,1743,4236,4237,-1,1759,1736,4235,-1,1743,1759,4236,-1,1736,1735,4234,-1,1735,1725,4233,-1,1725,1713,4214,-1,1713,1712,4213,-1,1712,1707,4215,-1,4216,1389,1391,-1,1689,4218,4217,-1,1391,4217,4216,-1,4219,4218,1691,-1,1689,1691,4218,-1,1671,4220,1672,-1,1672,4220,4219,-1,1675,4222,4221,-1,1671,1675,4221,-1,1655,4223,4222,-1,1666,1655,4222,-1,1654,1395,4224,-1,4223,1654,4224,-1,1397,4226,4225,-1,1395,4225,4224,-1,4227,1402,1400,-1,1397,1402,4226,-1,4252,4253,4254,-1,4255,4256,4010,-1,4257,4258,4259,-1,4260,4259,4258,-1,4253,4261,4262,-1,4257,4259,4252,-1,4256,4263,4010,-1,4010,4264,4255,-1,4011,4263,4265,-1,4263,4011,4010,-1,4012,4008,4265,-1,4011,4265,4008,-1,4261,4255,4262,-1,4253,4262,4254,-1,4257,4252,4254,-1,4259,4253,4252,-1,4255,4264,4262,-1,4261,4256,4255,-1,4266,4258,4257,-1,4266,4260,4258,-1,4267,4268,4269,-1,4266,4270,4271,-1,4272,4273,4274,-1,4275,4274,4273,-1,4274,4276,4272,-1,4275,4277,4278,-1,4279,4280,4268,-1,4277,4281,4278,-1,4282,1380,1384,-1,4283,4281,4282,-1,4282,1371,1380,-1,1384,4283,4282,-1,4270,4267,4269,-1,4283,4278,4281,-1,4269,4271,4270,-1,4284,4276,4280,-1,4277,4275,4273,-1,4267,4279,4268,-1,4272,4276,4285,-1,4284,4285,4276,-1,4279,4284,4280,-1,4271,4260,4266,-1,4286,4287,4288,-1,4287,26,4288,-1,4289,4290,4291,-1,4292,4286,4293,-1,4294,4295,4296,-1,4297,4298,4299,-1,4296,1348,1349,-1,4294,4296,1349,-1,1344,1348,4296,-1,4295,4299,4298,-1,4299,4291,4297,-1,4293,4300,4289,-1,4287,4286,4292,-1,4293,4286,4300,-1,34,22,4301,-1,26,4301,22,-1,4299,4295,4294,-1,4298,4296,4295,-1,4297,4291,4290,-1,4300,4290,4289,-1,4292,4301,4287,-1,26,4287,4301,-1,1325,4302,4303,-1,1327,1325,4303,-1,4304,4305,4306,-1,4307,21,20,-1,4308,21,4307,-1,4,4307,20,-1,4309,4306,4305,-1,4304,4308,4305,-1,4310,4311,4303,-1,1325,1324,4302,-1,4310,4303,4302,-1,4308,4307,4305,-1,4304,4306,4312,-1,4312,4306,4309,-1,4311,4310,4312,-1,4311,4312,4309,-1,4313,4314,4315,-1,4316,4317,4318,-1,4319,4315,4320,-1,4315,4319,4313,-1,4321,4320,4318,-1,4320,4321,4319,-1,4321,4318,4317,-1,4322,4323,4324,-1,4325,4324,4326,-1,4325,4322,4324,-1,4317,4316,4326,-1,4316,4325,4326,-1,4327,4328,4329,-1,4329,4330,4331,-1,4329,4332,4327,-1,4331,4333,4329,-1,4329,4333,4334,-1,4332,4329,4334,-1,4335,4336,4337,-1,4338,4339,4337,-1,4335,4337,4339,-1,4340,4341,4339,-1,4339,4338,4340,-1,4341,4340,4342,-1,4343,4344,4341,-1,4341,4342,4343,-1,4345,4344,4343,-1,4344,4346,4347,-1,4346,4344,4345,-1,4346,4348,4347,-1,4349,4347,4350,-1,4348,4350,4347,-1,4351,4349,4352,-1,4349,4350,4352,-1,4353,4354,4355,-1,4356,4357,4353,-1,4358,4359,4360,-1,4361,4362,4363,-1,4361,4364,4365,-1,4366,4367,4368,-1,4369,4370,4368,-1,4366,4371,4372,-1,4372,4367,4366,-1,4373,4371,4366,-1,4372,4371,4374,-1,4367,4369,4368,-1,4370,4369,4375,-1,4370,4375,4362,-1,4361,4363,4364,-1,4362,4375,4363,-1,4357,4356,4365,-1,4364,4357,4365,-1,4358,4355,4354,-1,4356,4353,4355,-1,4376,4360,4359,-1,4359,4358,4354,-1,4377,4378,4376,-1,4376,4378,4360,-1,4379,4380,4381,-1,4382,4383,4384,-1,4385,4386,4387,-1,4388,4389,4390,-1,4388,4391,4392,-1,4393,4394,4395,-1,4396,4397,4395,-1,4393,4398,4399,-1,4399,4394,4393,-1,4400,4398,4393,-1,4399,4398,4401,-1,4394,4396,4395,-1,4397,4396,4402,-1,4397,4402,4389,-1,4388,4390,4391,-1,4389,4402,4390,-1,4383,4382,4392,-1,4391,4383,4392,-1,4384,4380,4379,-1,4382,4384,4379,-1,4381,4386,4385,-1,4381,4380,4386,-1,4385,4403,4404,-1,4385,4387,4403,-1,4404,4403,4405,-1,4406,4407,4408,-1,4408,4409,4410,-1,4408,4411,4406,-1,4410,4412,4408,-1,4408,4412,4413,-1,4411,4408,4413,-1,
        ]
    }
}
Shape{
    appearance Appearance {
        material  Material 	{
            diffuseColor 0.8117647058823529 0.984313725490196 1.0
            specularColor 0.7529411764705882 0.7529411764705882 0.7529411764705882
            ambientIntensity 1.0
            transparency 1.0
            shininess 0.5
        }
    }
    geometry IndexedFaceSet {
        ccw TRUE
        solid FALSE
        coord DEF co Coordinate {
            point [
                3.1533 0.0626 1.2894, 3.1488 -0.0001 1.3528, 3.154 -0.0001 1.2889, 3.1463 0.126 1.3528, 3.1696 -0.0001 1.2267, 3.1533 -0.063 1.2895, 3.1463 -0.1263 1.3528, 3.0696 1.1557 1.0596, 2.9948 1.3376 1.0596, 2.9645 1.2938 1.1077, 3.1136 0.8762 1.1077, 3.1334 0.9695 1.0596, 3.0462 1.0876 1.1077, 2.9707 1.0606 1.2869, 2.9863 1.0662 1.2229, 2.8911 1.2617 1.2869, 3.104 0.6478 1.2229, 3.1304 0.6533 1.1626, 3.0523 0.859 1.2229, 3.0364 0.8545 1.2869, 3.0878 0.6444 1.2869, 3.1097 0.4944 1.3528, 3.1351 0.293 1.3528, 3.1247 0.4312 1.2869, 2.9062 1.2683 1.2229, 2.9309 1.2791 1.1626, 2.8121 1.4644 1.2228, 2.8361 1.4768 1.1624, 2.7975 1.4568 1.2869, 2.8808 1.2714 1.3528, 2.7925 1.4542 1.3528, 2.8687 1.4938 1.1074, 3.1411 0.4335 1.2229, 2.9092 1.5149 1.0596, 3.0783 0.8663 1.1626, 3.2041 0.4422 1.1077, 3.1663 0.6608 1.1077, 3.1859 0.7798 1.0596, 3.1678 0.4372 1.1626, 3.2269 0.2215 1.1077, 3.2379 0.0434 1.1033, 3.2799 -0.0001 1.0596, 3.274 0.1966 1.0596, 3.2038 0.09 1.1498, 3.1903 0.219 1.1626, 3.0117 1.0752 1.1626, 2.9567 1.0831 1.3528, 3.0203 0.8903 1.3528, 3.2269 0.5873 1.0596, 3.0714 0.6938 1.3528, 3.2563 0.3927 1.0596, 3.177 0.1391 1.1988, 3.1569 0.1896 1.2494, 3.143 0.2409 1.3007, 3.157 -0.1898 1.2493, 3.1411 -0.4338 1.2229, 3.1771 -0.1395 1.199, 2.9567 -1.0834 1.3528, 2.8911 -1.262 1.2869, 2.9707 -1.0609 1.2869, 2.8808 -1.2716 1.3528, 3.104 -0.648 1.2229, 3.0523 -0.8593 1.2229, 3.0783 -0.8666 1.1626, 2.7925 -1.4545 1.3528, 2.7975 -1.457 1.2869, 3.0364 -0.8548 1.2869, 3.0203 -0.8906 1.3528, 3.2269 -0.2218 1.1077, 3.2038 -0.0907 1.1502, 3.1903 -0.2193 1.1626, 3.143 -0.2411 1.3006, 3.1351 -0.2933 1.3528, 3.1247 -0.4315 1.2869, 3.274 -0.1969 1.0596, 3.2378 -0.0438 1.1033, 3.2041 -0.4425 1.1077, 3.1663 -0.661 1.1077, 3.2269 -0.5875 1.0596, 3.2563 -0.3928 1.0596, 3.1136 -0.8765 1.1077, 3.0462 -1.0879 1.1077, 3.1334 -0.9697 1.0596, 3.1859 -0.78 1.0596, 3.1304 -0.6536 1.1626, 2.9309 -1.2794 1.1626, 2.9645 -1.2941 1.1077, 3.0117 -1.0755 1.1626, 2.9062 -1.2686 1.2229, 2.9092 -1.5152 1.0596, 2.9948 -1.3379 1.0596, 2.8687 -1.4941 1.1074, 2.8361 -1.4771 1.1624, 3.1678 -0.4375 1.1626, 3.1097 -0.4947 1.3528, 3.0878 -0.6447 1.2869, 3.0714 -0.6941 1.3528, 3.0696 -1.1559 1.0596, 2.9863 -1.0664 1.2229, 2.8121 -1.4647 1.2228, 3.5352 0.2267 10.3111, 3.5206 0.3936 7.5446, 3.5133 0.4535 10.538, 3.5425 -0.0001 7.5446, 3.5425 -0.0001 10.0843, 3.537 -0.1973 7.5446, 3.4972 0.5644 2.2331, 3.4768 0.679 10.7634, 3.454 0.787 2.2331, 3.4259 0.9016 10.986, 3.3253 1.2215 2.4483, 3.2822 1.3329 11.4173, 3.3608 1.12 11.2044, 3.3966 1.0063 2.2331, 3.2403 1.4319 2.6587, 3.1418 1.636 2.863, 3.2157 1.4862 11.4173, 3.1418 1.636 11.4173, 3.5262 0.3395 2.2331, 3.5206 0.3936 4.7887, 3.537 0.197 4.7887, 3.5407 0.1132 2.2331, 3.5425 -0.0001 4.7887, 3.5407 -0.1135 2.2331, 3.537 -0.1973 4.7887, 3.5262 -0.3398 2.2331, 3.5206 -0.3938 4.7887, 3.5352 -0.227 10.3111, 3.5133 -0.4538 10.538, 3.5206 -0.3938 7.5446, 3.4972 -0.5647 2.2331, 3.4768 -0.6793 10.7634, 3.454 -0.7873 2.2331, 3.3966 -1.0066 2.2331, 3.4259 -0.9019 10.986, 3.3608 -1.1203 11.2044, 3.3253 -1.2218 2.4483, 3.2822 -1.3332 11.4173, 3.2403 -1.4321 2.6587, 3.1418 -1.6363 2.863, 3.2157 -1.4865 11.4173, 3.1418 -1.6363 11.4173, 3.537 0.197 7.5446, 3.1418 -1.6363 2.2331, 3.2162 -1.4854 2.5449, 3.1418 -1.6363 2.6959, 3.2162 -1.4854 2.2331, 3.2831 -1.331 2.2331, 3.2831 -1.331 2.3905, 3.3426 -1.1736 2.2331, 3.2162 1.4851 2.2331, 3.2831 1.3307 2.3905, 3.2831 1.3307 2.2331, 3.3426 1.1734 2.2331, 3.2162 1.4851 2.5449, 3.1418 1.636 2.6959, 3.1418 1.636 2.2331, 3.31 0.485 1.7118, 3.3413 0.3217 1.7251, 3.253 0.4191 1.6459, 3.4295 0.5535 1.9115, 3.4579 0.3329 1.9115, 3.4061 0.3279 1.8142, 3.3878 0.6275 1.8543, 3.4721 -0.1113 1.9115, 3.4721 0.111 1.9115, 3.5099 -0.1125 2.0151, 3.4201 -0.1097 1.8142, 3.3551 -0.1076 1.7251, 3.3551 0.1073 1.7251, 3.253 -0.4194 1.6459, 3.2732 -0.2102 1.6459, 3.3413 -0.322 1.7251, 3.4669 0.5595 2.0151, 3.4214 0.7786 2.0054, 3.4464 0.7852 2.1231, 3.5185 0.3388 2.1231, 3.4896 0.5632 2.1231, 3.4099 0.7023 1.9291, 3.533 -0.1133 2.1231, 3.4143 0.9307 2.1576, 3.4896 -0.5634 2.1231, 3.4956 -0.3368 2.0151, 3.5185 -0.3391 2.1231, 3.4579 -0.3332 1.9115, 3.4669 -0.5598 2.0151, 3.4464 -0.7855 2.1231, 3.4097 -0.7018 1.9283, 3.4295 -0.5537 1.9115, 3.4227 -0.8542 2.0807, 3.4143 -0.9307 2.1572, 3.4227 0.8549 2.0817, 3.533 0.113 2.1231, 3.4956 0.3366 2.0151, 3.3548 0.5549 1.7817, 3.2799 -0.0001 1.6459, 3.5099 0.1122 2.0151, 3.2732 0.2099 1.6459, 3.4201 0.1094 1.8142, 3.4061 -0.3282 1.8142, 3.3874 -0.6268 1.8533, 3.3541 -0.5539 1.7805, 3.3096 -0.4847 1.7112, 3.4213 -0.7777 2.0042, 3.3764 -1.0236 2.0831, 3.3551 -1.0376 2.0151, 3.3791 -0.9477 2.0072, 3.1349 -1.6327 2.1231, 3.3083 -1.2453 2.1231, 3.2867 -1.2371 2.0151, 3.2276 -1.4417 2.1231, 3.1145 -1.6221 2.0153, 3.2066 -1.4323 2.0151, 3.2026 -1.2055 1.8142, 3.207 -0.9918 1.7251, 3.2692 -1.011 1.8142, 3.3531 -0.7965 1.856, 3.3189 -1.0264 1.9115, 3.1336 -0.9691 1.6459, 3.1417 -1.1826 1.7251, 3.0698 -1.1555 1.6459, 3.2513 -1.2238 1.9115, 2.9949 -1.3378 1.6459, 2.9771 -1.5506 1.7253, 2.9089 -1.5151 1.6462, 3.1245 -1.3956 1.8142, 3.0651 -1.3691 1.7251, 3.3715 -0.8715 1.931, 3.2608 -0.7974 1.7251, 3.3235 -0.7235 1.783, 3.2816 -0.653 1.7124, 3.1861 -0.7792 1.6459, 3.2271 -0.5865 1.6459, 3.3641 -1.0989 2.1584, 3.172 -1.4168 1.9115, 3.0809 -1.6046 1.9117, 3.0348 -1.5806 1.8144, 3.1349 1.6324 2.1231, 3.1861 0.7789 1.6459, 3.1336 0.9688 1.6459, 3.2608 0.7971 1.7251, 3.2812 0.6521 1.7119, 3.2271 0.5862 1.6459, 3.207 0.9915 1.7251, 3.1417 1.1823 1.7251, 3.2692 1.0107 1.8142, 3.2026 1.2052 1.8142, 3.0651 1.3688 1.7251, 3.1245 1.3953 1.8142, 2.9771 1.5503 1.7253, 3.0348 1.5803 1.8144, 3.172 1.4165 1.9115, 2.9089 1.5148 1.6462, 3.0809 1.6043 1.9117, 3.2066 1.432 2.0151, 3.2276 1.4414 2.1231, 3.1145 1.6218 2.0153, 3.3083 1.245 2.1231, 3.2867 1.2369 2.0151, 3.3642 1.0983 2.1581, 3.3765 1.0223 2.0821, 3.3551 1.0373 2.0151, 3.2513 1.2235 1.9115, 3.3189 1.0261 1.9115, 2.9949 1.3375 1.6459, 3.3791 0.9462 2.0059, 3.3528 0.7951 1.8549, 3.0698 1.1552 1.6459, 3.3714 0.8703 1.9301, 3.3228 0.7219 1.7817, 3.1152 -0.4956 1.4186, 3.0768 -0.6953 1.4186, 3.1192 -0.7049 1.5429, 3.1315 -0.4982 1.4826, 3.148 -0.4451 1.5046, 3.155 -0.713 1.5979, 3.1916 -0.5419 1.6013, 3.1658 -0.4946 1.554, 3.0929 -0.6989 1.4826, 3.1374 -0.3947 1.4542, 3.1333 -0.3441 1.4036, 2.9619 -1.0853 1.4186, 2.9009 -1.2805 1.4826, 2.8859 -1.2739 1.4186, 2.8124 -1.4648 1.4826, 2.7978 -1.4572 1.4186, 3.0257 -0.8921 1.4186, 2.9774 -1.0909 1.4826, 3.0372 -1.1128 1.5979, 3.1026 -0.9148 1.5979, 3.0674 -0.9044 1.5429, 2.9592 -1.3063 1.5979, 2.8689 -1.4942 1.5979, 3.0027 -1.1002 1.5429, 2.9256 -1.2914 1.5429, 3.0415 -0.8968 1.4826, 2.8364 -1.4773 1.5429, 2.9009 1.2803 1.4826, 2.7978 1.4569 1.4186, 2.8124 1.4645 1.4826, 3.1333 0.3438 1.4036, 2.8364 1.477 1.5429, 2.9592 1.306 1.5979, 2.9256 1.2911 1.5429, 2.8689 1.4939 1.5979, 2.8859 1.2736 1.4186, 3.0372 1.1125 1.5979, 3.0674 0.9041 1.5429, 3.1192 0.7046 1.5429, 3.0415 0.8965 1.4826, 3.0768 0.695 1.4186, 3.0257 0.8919 1.4186, 3.0929 0.6987 1.4826, 3.1152 0.4953 1.4186, 3.1315 0.4979 1.4826, 3.1374 0.3946 1.4543, 3.1026 0.9145 1.5979, 3.0027 1.0999 1.5429, 3.155 0.7127 1.5979, 2.9619 1.085 1.4186, 2.9774 1.0907 1.4826, 3.148 0.4447 1.5045, 3.1916 0.5416 1.6013, 3.1657 0.494 1.5538, 3.1673 0.2784 1.5052, 3.1876 0.3278 1.5545, 3.1913 0.2047 1.5429, 3.2279 0.207 1.5979, 3.2157 0.3749 1.6016, 3.1708 -0.0001 1.4826, 3.1544 -0.0001 1.4186, 3.154 0.228 1.4548, 3.1471 -0.1773 1.4039, 3.154 -0.2284 1.4549, 3.2345 -0.0001 1.5979, 3.2158 -0.3752 1.6017, 3.2279 -0.2073 1.5979, 3.1472 0.1772 1.404, 3.1978 -0.0001 1.5429, 3.1673 -0.2787 1.5052, 3.1913 -0.205 1.5429, 3.1876 -0.3279 1.5543, 3.1303 -1.5357 11.6198, 3.1197 -1.6248 11.555, 3.1936 -1.4731 11.5572, 3.0561 -1.5917 11.6757, 3.0928 -1.6108 11.6184, 3.1362 -1.6334 11.4874, 3.21 -1.4838 11.4875, 3.2447 -1.4054 11.4896, 3.1362 1.6331 11.4874, 3.2447 1.4051 11.4895, 3.21 1.4835 11.4875, 3.1937 1.4727 11.5571, 3.1196 1.6245 11.5552, 3.0926 1.6104 11.6187, 3.0561 1.5914 11.6757, 3.1304 1.5353 11.6197, 3.2832 0.7481 11.745, 3.3414 0.7613 11.696, 3.2286 0.9566 11.745, 2.8871 1.5034 11.7963, 3.0178 1.3335 11.7814, 2.9323 1.5269 11.7781, 3.0173 1.4939 11.7454, 2.8798 1.2725 11.8114, 2.9553 1.0857 11.8114, 3.0275 1.1122 11.8039, 2.8405 1.4791 11.8073, 2.9501 1.3036 11.8039, 2.7925 1.4542 11.8114, 3.2104 0.3091 11.8039, 3.1082 0.5017 11.8114, 3.1339 0.3018 11.8114, 3.0801 1.361 11.745, 3.2169 1.1818 11.696, 3.0945 1.4529 11.7043, 3.0969 1.1377 11.7814, 3.1608 1.1612 11.745, 3.3243 0.5365 11.745, 3.3833 0.546 11.696, 3.3892 0.7722 11.6363, 3.2859 0.9735 11.696, 3.4113 0.3284 11.696, 3.4253 0.1095 11.696, 3.4743 0.1111 11.6363, 3.3518 0.3227 11.745, 3.4253 -0.1098 11.696, 3.3656 0.1076 11.745, 3.3656 -0.1079 11.745, 3.4898 -0.5635 11.4942, 3.4676 -0.5599 11.5682, 3.4466 -0.7856 11.4942, 3.0969 -1.138 11.7814, 3.0924 -0.9165 11.8039, 3.0275 -1.1125 11.8039, 3.3243 -0.5368 11.745, 3.3833 -0.5463 11.696, 3.3518 -0.323 11.745, 2.8874 -1.5039 11.7962, 2.9323 -1.5272 11.7781, 3.0178 -1.3338 11.7814, 3.0801 -1.3613 11.745, 3.0172 -1.4943 11.7454, 2.8798 -1.2728 11.8114, 2.7925 -1.4545 11.8114, 2.8405 -1.4794 11.8073, 2.9501 -1.3039 11.8039, 3.1447 -0.7168 11.8039, 3.0697 -0.6997 11.8114, 3.1339 -0.302 11.8114, 3.1841 -0.5141 11.8039, 3.2104 -0.3094 11.8039, 3.1082 -0.5019 11.8114, 3.4963 -0.3369 11.5682, 3.4743 -0.1114 11.6363, 3.4601 -0.3334 11.6363, 3.3893 -1.0045 11.4942, 3.3452 -1.1662 11.4173, 3.41 -0.9601 11.4173, 3.3678 -0.9981 11.5682, 3.3892 -0.7725 11.6363, 3.3329 -0.9877 11.6363, 3.4601 0.3331 11.6363, 3.5186 -0.3391 11.4942, 3.4247 0.7803 11.5682, 3.3329 0.9875 11.6363, 3.4317 0.5538 11.6363, 3.1637 1.405 11.6565, 3.2629 1.1987 11.6363, 3.2242 1.3516 11.6031, 3.2971 1.2112 11.5682, 3.275 1.2937 11.5452, 3.2286 -0.9569 11.745, 3.2859 -0.9738 11.696, 3.2832 -0.7484 11.745, 3.0924 0.9162 11.8039, 3.0187 0.8944 11.8114, 3.1447 0.7165 11.8039, 3.1633 0.9372 11.7814, 3.3678 0.9978 11.5682, 3.3893 1.0042 11.4942, 3.3452 1.1659 11.4173, 3.3157 1.2315 11.483, 3.0697 0.6995 11.8114, 3.0187 -0.8946 11.8114, 2.9553 -1.086 11.8114, 3.2168 0.7329 11.7814, 3.41 0.9598 11.4173, 3.4466 0.7853 11.4942, 3.1841 0.5139 11.8039, 3.2571 0.5256 11.7814, 3.4676 0.5596 11.5682, 3.4621 0.7503 11.4173, 3.4898 0.5632 11.4942, 3.2236 0.1031 11.8039, 3.284 0.3162 11.7814, 3.4963 0.3366 11.5682, 3.5014 0.5379 11.4173, 3.5186 0.3388 11.4942, 3.1468 0.1007 11.8114, 3.2236 -0.1034 11.8039, 3.2975 0.1054 11.7814, 3.5107 0.1123 11.5682, 3.5331 0.113 11.4942, 3.5277 0.3235 11.4173, 3.1468 -0.1008 11.8114, 3.2975 -0.1057 11.7814, 3.5107 -0.1126 11.5682, 3.5331 -0.1133 11.4942, 3.5409 -0.1081 11.4173, 3.5409 0.1079 11.4173, 3.4113 -0.3287 11.696, 3.284 -0.3165 11.7814, 3.5277 -0.3237 11.4173, 3.4317 -0.5541 11.6363, 3.2571 -0.5259 11.7814, 3.4247 -0.7806 11.5682, 3.5014 -0.5381 11.4173, 3.3414 -0.7616 11.696, 3.2168 -0.7332 11.7814, 3.4621 -0.7505 11.4173, 3.1608 -1.1615 11.745, 3.2169 -1.1821 11.696, 3.1633 -0.9375 11.7814, 3.2629 -1.1989 11.6363, 3.2971 -1.2115 11.5682, 3.3159 -1.2315 11.4827, 3.0948 -1.4529 11.7041, 3.1639 -1.4052 11.6563, 3.2243 -1.3518 11.603, 3.2754 -1.2934 11.5446, 3.5413 0.0918 4.9068, 3.5413 0.0918 7.4265, 3.5413 -0.0921 7.4265, 3.5318 -0.2757 7.4265, 3.5318 -0.2757 4.9068, 3.5413 -0.0921 4.9068, 3.5318 0.2754 4.9068, 3.5318 0.2754 7.4265, 3.5107 0.4734 10.7249, 3.471 0.7082 10.9596, 3.5425 -0.0001 10.2513, 3.4156 0.9395 11.191, 3.5346 0.2368 10.4882, 3.471 -0.7085 10.9596, 3.5107 -0.4737 10.7249, 3.5346 -0.2371 10.4882, 3.4156 -0.9398 11.191, 2.3559 0.9963 -0.0004, 2.2687 1.1815 0.0, 2.7925 1.4542 0.0, 2.8798 -1.2728 -0.0004, 2.5497 -0.2046 -0.0004, 2.9553 -1.086 -0.0004, 2.7925 -1.4545 0.0, 2.5252 -0.4078 -0.0004, 2.3559 -0.9966 -0.0004, 2.428 -0.8051 -0.0004, 2.4845 -0.6084 -0.0004, 2.2687 -1.1818 -0.0004, 3.0187 -0.8947 -0.0004, 2.5579 -0.0001 -0.0004, 3.0697 -0.6998 -0.0004, 3.1339 -0.3021 -0.0004, 3.1082 -0.502 -0.0004, 3.1468 -0.101 -0.0004, 3.1339 0.3017 -0.0004, 3.1468 0.1006 -0.0004, 3.0697 0.6994 -0.0004, 3.1082 0.5016 -0.0004, 2.5497 0.2043 -0.0004, 2.9553 1.0857 -0.0004, 3.0187 0.8944 -0.0004, 2.8798 1.2725 -0.0004, 2.5252 0.4075 -0.0004, 2.4845 0.6081 -0.0004, 2.428 0.8048 -0.0004, 2.5252 -0.4078 11.8114, 2.4845 -0.6084 11.8114, 2.5497 0.2043 11.8114, 2.428 -0.8051 11.8114, 2.3559 -0.9966 11.8114, 2.2687 -1.1818 11.811, 2.5497 -0.2046 11.8114, 2.5579 -0.0001 11.8114, 2.5252 0.4075 11.8114, 2.4845 0.6081 11.8114, 2.3559 0.9963 11.8114, 2.428 0.8048 11.8114, 2.2687 1.1815 11.811, 3.3308 0.9868 0.7941, 3.3671 0.9976 0.6904, 3.2608 1.1979 0.7941, 3.1775 1.404 0.7941, 3.2964 1.2109 0.6904, 3.2729 0.7457 0.9805, 3.2185 0.9536 0.9805, 2.9774 1.5504 0.9805, 3.1509 1.1575 0.9805, 3.0704 1.3567 0.9805, 3.212 -1.1803 0.8914, 3.1775 -1.4043 0.7941, 3.2608 -1.1982 0.7941, 3.0812 1.6045 0.7941, 3.0351 1.5805 0.8914, 3.13 1.383 0.8914, 3.2332 1.4287 0.5825, 3.1352 1.6326 0.5825, 3.1148 1.6219 0.6904, 3.2122 1.4194 0.6904, 3.2403 1.4318 0.4724, 3.1418 1.636 0.4724, 3.3871 0.7717 0.7941, 3.424 0.7801 0.6904, 3.3139 0.5348 0.9805, 3.4295 0.5535 0.7941, 3.4669 0.5595 0.6904, 3.3413 0.3217 0.9805, 3.2185 -0.9539 0.9805, 3.2729 -0.746 0.9805, 3.3551 0.1073 0.9805, 3.4956 0.3366 0.6904, 3.4579 0.3329 0.7941, 3.3551 -0.1076 0.9805, 3.4721 0.111 0.7941, 3.5099 0.1122 0.6904, 3.3413 -0.322 0.9805, 3.4721 -0.1113 0.7941, 3.5099 -0.1125 0.6904, 3.4956 -0.3368 0.6904, 3.4579 -0.3332 0.7941, 3.4295 -0.5537 0.7941, 3.4669 -0.5598 0.6904, 3.3139 -0.5351 0.9805, 3.1509 -1.1578 0.9805, 3.3308 -0.9871 0.7941, 3.2964 -1.2112 0.6904, 3.0351 -1.5807 0.8914, 3.0704 -1.357 0.9805, 2.9774 -1.5507 0.9805, 3.13 -1.3833 0.8914, 3.3871 -0.772 0.7941, 3.424 -0.7804 0.6904, 3.3892 -1.0044 0.5825, 3.4464 -0.7855 0.5825, 3.2332 -1.429 0.5825, 3.1418 -1.6363 0.4724, 3.2403 -1.4321 0.4724, 3.3671 -0.9979 0.6904, 3.318 -1.2192 0.5825, 3.318 1.2189 0.5825, 3.212 1.18 0.8914, 3.3252 1.2216 0.4724, 3.3892 1.0041 0.5825, 3.2809 0.9721 0.8914, 3.3966 1.0063 0.4724, 3.4464 0.7852 0.5825, 3.3364 0.7602 0.8914, 3.454 0.787 0.4724, 3.4896 0.5632 0.5825, 3.3782 0.5452 0.8914, 3.4972 0.5644 0.4724, 3.5185 0.3388 0.5825, 3.4061 0.3279 0.8914, 3.5262 0.3395 0.4724, 3.533 0.113 0.5825, 3.4201 0.1094 0.8914, 3.5407 0.1132 0.4724, 3.533 -0.1133 0.5825, 3.4201 -0.1097 0.8914, 3.5407 -0.1135 0.4724, 3.5185 -0.3391 0.5825, 3.4061 -0.3282 0.8914, 3.5262 -0.3398 0.4724, 3.4896 -0.5634 0.5825, 3.3782 -0.5455 0.8914, 3.4972 -0.5647 0.4724, 3.3364 -0.7605 0.8914, 3.454 -0.7873 0.4724, 3.2809 -0.9724 0.8914, 3.3966 -1.0066 0.4724, 3.3252 -1.2218 0.4724, 3.2122 -1.4196 0.6904, 3.0812 -1.6047 0.7941, 3.1148 -1.6222 0.6904, 3.1352 -1.6329 0.5825, 3.5407 0.1132 0.3937, 3.5262 0.3395 0.3937, 3.4972 0.5644 0.3937, 3.454 0.787 0.3937, 3.3966 1.0063 0.3937, 3.3252 1.2216 0.3937, 3.2403 1.4318 0.3937, 3.1418 1.636 0.3937, 3.5407 -0.1135 0.3937, 3.5262 -0.3398 0.3937, 3.4972 -0.5647 0.3937, 3.454 -0.7873 0.3937, 3.3966 -1.0066 0.3937, 3.3252 -1.2218 0.3937, 3.2403 -1.4321 0.3937, 3.1418 -1.6363 0.3937, 3.1633 0.9372 0.0296, 3.2286 0.9566 0.066, 3.2832 0.7481 0.066, 3.1796 1.4049 0.1748, 3.0832 1.6055 0.1748, 3.2129 1.4197 0.2429, 3.1347 1.3851 0.115, 3.2629 1.1987 0.1748, 3.2169 1.1818 0.115, 3.4247 0.7803 0.2429, 3.3329 0.9875 0.1748, 3.3678 0.9978 0.2429, 3.2334 1.4287 0.3168, 3.1155 1.6223 0.2429, 3.3181 1.2189 0.3168, 3.1354 1.6327 0.3168, 3.4317 0.5538 0.1748, 3.3833 0.546 0.115, 3.3414 0.7613 0.115, 3.4601 0.3331 0.1748, 3.4113 0.3284 0.115, 3.3243 0.5365 0.066, 3.3518 0.3227 0.066, 3.2571 0.5256 0.0296, 3.3518 -0.323 0.066, 3.2975 -0.1057 0.0296, 3.3656 -0.1079 0.066, 3.3656 0.1076 0.066, 3.2975 0.1054 0.0296, 3.0924 -0.9165 0.0072, 3.4253 0.1095 0.115, 3.4743 -0.1114 0.1748, 3.4253 -0.1098 0.115, 3.3181 -1.2192 0.3168, 3.4601 -0.3334 0.1748, 3.4113 -0.3287 0.115, 3.2334 -1.429 0.3168, 3.2129 -1.42 0.2429, 3.2971 -1.2115 0.2429, 3.1354 -1.6329 0.3168, 3.1155 -1.6226 0.2429, 3.2168 -0.7332 0.0296, 3.1633 -0.9375 0.0296, 3.1447 -0.7168 0.0072, 3.4317 -0.5541 0.1748, 2.9501 -1.3039 0.0072, 3.284 -0.3165 0.0296, 3.3243 -0.5368 0.066, 3.3833 -0.5463 0.115, 3.0275 -1.1125 0.0072, 3.4743 0.1111 0.1748, 3.4676 -0.5599 0.2429, 2.8607 -1.49 0.0072, 3.3892 0.7722 0.1748, 3.2859 0.9735 0.115, 3.284 0.3162 0.0296, 3.2168 0.7329 0.0296, 3.0801 1.361 0.066, 3.1608 1.1612 0.066, 3.0178 1.3335 0.0296, 3.0969 1.1377 0.0296, 3.0397 1.5829 0.115, 2.9867 1.5553 0.066, 2.9263 1.5238 0.0296, 2.8607 1.4897 0.0072, 2.9501 1.3036 0.0072, 3.3893 1.0042 0.3168, 3.5186 -0.3391 0.3168, 3.2971 1.2112 0.2429, 3.0275 1.1122 0.0072, 3.4466 0.7853 0.3168, 3.0924 0.9162 0.0072, 3.4898 0.5632 0.3168, 3.1447 0.7165 0.0072, 3.5186 0.3388 0.3168, 3.3893 -1.0045 0.3168, 3.4676 0.5596 0.2429, 3.1841 0.5139 0.0072, 3.5331 0.113 0.3168, 3.4963 0.3366 0.2429, 3.2104 0.3091 0.0072, 3.5331 -0.1133 0.3168, 3.5107 0.1123 0.2429, 3.2236 0.1031 0.0072, 3.4898 -0.5635 0.3168, 3.5107 -0.1126 0.2429, 3.2236 -0.1034 0.0072, 3.4466 -0.7856 0.3168, 3.4963 -0.3369 0.2429, 3.2104 -0.3094 0.0072, 3.2859 -0.9738 0.115, 3.3329 -0.9877 0.1748, 3.2629 -1.1989 0.1748, 3.2832 -0.7484 0.066, 3.2571 -0.5259 0.0296, 3.1841 -0.5141 0.0072, 3.3892 -0.7725 0.1748, 3.4247 -0.7806 0.2429, 3.3414 -0.7616 0.115, 3.3678 -0.9981 0.2429, 3.2286 -0.9569 0.066, 3.2169 -1.1821 0.115, 3.1608 -1.1615 0.066, 3.0969 -1.138 0.0296, 3.1796 -1.4052 0.1748, 3.1347 -1.3854 0.115, 3.0801 -1.3613 0.066, 3.0178 -1.3338 0.0296, 3.0832 -1.6058 0.1748, 3.0397 -1.5831 0.115, 2.9867 -1.5556 0.066, 2.9263 -1.5241 0.0296
            ]
        }
        coordIndex [
            0,1,2,-1,3,1,0,-1,4,2,5,-1,1,6,5,-1,1,5,2,-1,0,2,4,-1,7,8,9,-1,10,11,12,-1,13,14,15,-1,16,17,18,-1,19,20,16,-1,21,22,23,-1,24,25,26,-1,27,25,9,-1,24,28,15,-1,25,27,26,-1,29,28,30,-1,31,9,8,-1,19,18,13,-1,9,31,27,-1,32,20,23,-1,8,33,31,-1,18,34,14,-1,35,36,17,-1,36,37,10,-1,35,38,39,-1,40,41,42,-1,42,39,40,-1,43,39,44,-1,11,7,12,-1,38,44,39,-1,7,9,12,-1,26,28,24,-1,45,12,25,-1,28,29,15,-1,24,14,45,-1,46,15,29,-1,9,25,12,-1,37,11,10,-1,24,15,14,-1,25,24,45,-1,10,45,34,-1,15,46,13,-1,13,18,14,-1,47,13,46,-1,12,45,10,-1,48,37,36,-1,20,21,23,-1,45,14,34,-1,17,36,34,-1,19,13,47,-1,19,16,18,-1,49,19,47,-1,10,34,36,-1,50,48,35,-1,38,16,32,-1,34,18,17,-1,38,17,16,-1,20,19,49,-1,16,20,32,-1,21,20,49,-1,48,36,35,-1,50,39,42,-1,32,51,44,-1,17,38,35,-1,32,44,38,-1,52,23,53,-1,52,32,23,-1,23,22,53,-1,39,50,35,-1,40,39,43,-1,43,44,51,-1,51,32,52,-1,54,55,56,-1,57,58,59,-1,57,60,58,-1,61,62,63,-1,60,64,65,-1,59,66,67,-1,68,69,70,-1,70,56,55,-1,71,72,73,-1,74,75,68,-1,76,77,78,-1,74,68,79,-1,68,75,69,-1,41,75,74,-1,80,81,82,-1,83,77,80,-1,55,61,84,-1,85,86,87,-1,59,58,88,-1,89,90,91,-1,90,86,91,-1,78,79,76,-1,69,56,70,-1,76,79,68,-1,85,92,91,-1,70,93,76,-1,54,73,55,-1,68,70,76,-1,83,78,77,-1,94,95,73,-1,93,70,55,-1,84,77,93,-1,55,73,61,-1,72,94,73,-1,54,71,73,-1,76,93,77,-1,82,83,80,-1,96,66,95,-1,93,55,84,-1,84,63,80,-1,73,95,61,-1,95,62,61,-1,94,96,95,-1,77,84,80,-1,97,82,81,-1,66,98,62,-1,84,61,63,-1,87,81,63,-1,95,66,62,-1,62,98,87,-1,96,67,66,-1,80,63,81,-1,97,86,90,-1,85,98,88,-1,63,62,87,-1,98,85,87,-1,88,98,59,-1,67,57,59,-1,66,59,98,-1,97,81,86,-1,87,86,81,-1,88,99,92,-1,91,86,85,-1,58,65,99,-1,92,85,88,-1,65,58,60,-1,99,88,58,-1,100,101,102,-1,103,104,105,-1,106,107,102,-1,106,108,107,-1,107,108,109,-1,110,111,112,-1,108,113,109,-1,114,111,110,-1,114,115,116,-1,115,117,116,-1,114,116,111,-1,112,113,110,-1,118,119,120,-1,112,109,113,-1,121,120,122,-1,123,122,124,-1,125,124,126,-1,127,128,129,-1,130,131,132,-1,131,130,128,-1,133,132,134,-1,131,134,132,-1,135,136,133,-1,133,134,135,-1,136,137,138,-1,137,136,135,-1,139,138,140,-1,137,140,138,-1,139,140,141,-1,118,106,119,-1,106,102,119,-1,103,142,104,-1,121,118,120,-1,105,127,129,-1,123,121,122,-1,125,123,124,-1,128,130,126,-1,130,125,126,-1,128,126,129,-1,104,127,105,-1,100,104,142,-1,142,101,100,-1,119,102,101,-1,143,144,145,-1,144,143,146,-1,146,147,148,-1,144,146,148,-1,149,148,147,-1,150,151,152,-1,153,152,151,-1,154,151,150,-1,155,154,156,-1,150,156,154,-1,157,158,159,-1,160,161,162,-1,163,160,162,-1,164,165,166,-1,167,168,169,-1,162,161,165,-1,170,171,172,-1,173,174,175,-1,118,176,177,-1,174,173,178,-1,163,178,160,-1,175,108,106,-1,179,123,125,-1,175,180,108,-1,180,113,108,-1,181,182,183,-1,184,164,182,-1,185,181,186,-1,187,188,185,-1,189,186,190,-1,133,190,132,-1,118,121,176,-1,180,175,191,-1,175,106,177,-1,174,191,175,-1,177,173,175,-1,106,118,177,-1,123,179,192,-1,173,160,178,-1,192,121,123,-1,160,193,161,-1,194,162,158,-1,163,162,194,-1,173,176,193,-1,176,173,177,-1,169,168,195,-1,173,193,160,-1,192,196,193,-1,197,158,169,-1,196,165,161,-1,162,198,158,-1,159,158,197,-1,194,158,157,-1,193,176,192,-1,121,192,176,-1,198,165,164,-1,193,196,161,-1,179,166,196,-1,184,167,164,-1,158,198,169,-1,162,165,198,-1,198,167,169,-1,197,169,195,-1,179,196,192,-1,125,130,183,-1,199,167,184,-1,196,166,165,-1,166,182,164,-1,172,168,199,-1,171,168,172,-1,198,164,167,-1,168,167,199,-1,195,168,171,-1,166,179,183,-1,125,183,179,-1,188,184,185,-1,166,183,182,-1,184,182,185,-1,199,188,200,-1,199,184,188,-1,172,201,202,-1,201,172,199,-1,172,202,170,-1,183,130,181,-1,132,181,130,-1,187,185,203,-1,182,181,185,-1,187,200,188,-1,200,201,199,-1,181,132,186,-1,190,186,132,-1,189,203,186,-1,186,203,185,-1,204,205,206,-1,207,146,143,-1,208,209,204,-1,207,210,146,-1,207,211,212,-1,147,208,149,-1,212,209,210,-1,213,214,215,-1,215,216,217,-1,205,217,206,-1,218,219,220,-1,213,215,221,-1,222,223,224,-1,225,226,219,-1,227,217,216,-1,217,227,206,-1,215,228,229,-1,229,228,230,-1,230,228,231,-1,232,230,231,-1,228,214,231,-1,229,216,215,-1,208,204,233,-1,215,217,221,-1,209,205,204,-1,214,213,219,-1,209,221,217,-1,214,219,218,-1,231,214,218,-1,228,215,214,-1,149,208,233,-1,147,146,210,-1,212,234,221,-1,205,209,217,-1,212,221,209,-1,234,225,213,-1,234,213,221,-1,226,223,222,-1,219,213,225,-1,220,219,226,-1,147,210,208,-1,209,208,210,-1,234,211,235,-1,207,212,210,-1,225,235,236,-1,211,234,212,-1,226,236,223,-1,235,225,234,-1,226,225,236,-1,220,226,222,-1,150,237,156,-1,238,239,240,-1,241,242,238,-1,243,244,245,-1,240,239,243,-1,245,244,246,-1,247,248,246,-1,249,250,248,-1,250,251,248,-1,247,252,249,-1,249,248,247,-1,251,250,253,-1,253,254,251,-1,255,254,256,-1,253,256,254,-1,150,255,237,-1,257,258,254,-1,152,255,150,-1,255,256,237,-1,259,257,153,-1,257,152,153,-1,260,258,257,-1,257,259,260,-1,258,261,262,-1,251,254,258,-1,245,246,263,-1,251,258,262,-1,248,262,246,-1,252,247,264,-1,264,247,244,-1,254,255,257,-1,152,257,255,-1,260,265,261,-1,261,265,263,-1,266,245,263,-1,248,251,262,-1,262,261,263,-1,244,243,267,-1,264,244,267,-1,247,246,244,-1,265,268,263,-1,258,260,261,-1,266,263,268,-1,246,262,263,-1,239,267,243,-1,240,243,245,-1,266,269,245,-1,269,240,245,-1,269,241,240,-1,238,240,241,-1,94,270,271,-1,272,273,274,-1,232,275,276,-1,275,272,277,-1,271,270,278,-1,279,273,270,-1,280,270,94,-1,277,272,274,-1,72,280,94,-1,281,282,283,-1,284,285,283,-1,281,286,287,-1,218,288,289,-1,283,285,60,-1,290,278,272,-1,60,285,64,-1,291,288,220,-1,222,291,220,-1,224,292,222,-1,280,279,270,-1,96,94,271,-1,273,272,278,-1,279,274,273,-1,273,278,270,-1,67,96,286,-1,67,281,57,-1,293,294,287,-1,275,231,289,-1,278,295,271,-1,290,272,289,-1,232,231,275,-1,277,276,275,-1,271,295,286,-1,286,96,271,-1,293,295,290,-1,295,278,290,-1,287,295,293,-1,272,275,289,-1,290,288,293,-1,231,218,289,-1,67,286,281,-1,283,60,57,-1,293,288,291,-1,286,295,287,-1,282,287,294,-1,290,289,288,-1,294,293,291,-1,218,220,288,-1,57,281,283,-1,281,287,282,-1,284,282,296,-1,283,282,284,-1,296,294,292,-1,282,294,296,-1,292,291,222,-1,294,291,292,-1,297,298,299,-1,300,22,21,-1,301,302,303,-1,303,297,299,-1,264,304,252,-1,302,301,304,-1,305,30,298,-1,297,305,298,-1,30,305,29,-1,302,306,303,-1,307,308,309,-1,310,311,312,-1,21,313,300,-1,310,314,313,-1,314,315,313,-1,312,314,310,-1,239,316,306,-1,303,317,297,-1,238,242,318,-1,317,306,316,-1,46,29,319,-1,47,310,49,-1,305,319,29,-1,297,320,305,-1,302,304,264,-1,299,301,303,-1,303,306,317,-1,267,302,264,-1,319,305,320,-1,47,46,311,-1,317,307,320,-1,320,297,317,-1,309,319,320,-1,306,302,267,-1,317,316,307,-1,239,306,267,-1,319,309,311,-1,311,46,319,-1,316,318,307,-1,309,320,307,-1,309,308,312,-1,318,316,238,-1,307,318,308,-1,238,316,239,-1,47,311,310,-1,313,21,49,-1,308,314,312,-1,311,309,312,-1,321,314,308,-1,322,323,308,-1,308,318,322,-1,318,242,322,-1,313,49,310,-1,300,313,315,-1,315,314,321,-1,321,308,323,-1,324,325,326,-1,325,327,326,-1,328,327,325,-1,159,197,328,-1,329,330,331,-1,331,324,329,-1,6,330,332,-1,333,330,329,-1,1,3,330,-1,330,6,1,-1,334,327,195,-1,195,327,197,-1,170,335,171,-1,334,171,336,-1,331,330,337,-1,324,326,329,-1,329,326,338,-1,327,334,326,-1,338,326,334,-1,197,327,328,-1,330,3,337,-1,332,330,333,-1,333,329,339,-1,338,340,329,-1,336,338,334,-1,340,338,336,-1,171,334,195,-1,339,329,340,-1,339,340,341,-1,341,336,335,-1,341,340,336,-1,171,335,336,-1,342,343,344,-1,345,346,342,-1,343,342,346,-1,343,347,348,-1,141,140,348,-1,344,343,348,-1,349,140,137,-1,349,344,348,-1,141,348,347,-1,140,349,348,-1,117,350,116,-1,351,111,116,-1,351,352,353,-1,350,354,352,-1,355,356,357,-1,357,354,355,-1,353,354,357,-1,352,354,353,-1,351,116,352,-1,116,350,352,-1,358,359,360,-1,361,362,363,-1,363,362,364,-1,365,366,367,-1,368,365,369,-1,368,370,365,-1,371,372,373,-1,374,375,376,-1,367,369,365,-1,374,376,364,-1,377,378,362,-1,358,379,380,-1,359,381,382,-1,383,384,385,-1,383,379,386,-1,387,388,389,-1,390,391,392,-1,393,394,395,-1,396,397,398,-1,399,400,401,-1,402,401,403,-1,404,405,406,-1,399,407,406,-1,395,407,401,-1,394,408,409,-1,410,411,412,-1,411,413,408,-1,414,415,416,-1,415,384,387,-1,417,418,419,-1,420,421,422,-1,384,386,388,-1,423,380,383,-1,390,424,414,-1,425,426,381,-1,380,427,359,-1,375,374,378,-1,382,378,360,-1,428,375,429,-1,430,428,429,-1,431,432,430,-1,361,369,362,-1,369,361,368,-1,433,434,435,-1,362,374,364,-1,369,377,362,-1,366,436,367,-1,376,375,428,-1,367,377,369,-1,437,436,366,-1,437,438,436,-1,378,374,362,-1,377,367,439,-1,426,440,429,-1,439,360,377,-1,382,375,378,-1,381,426,382,-1,429,431,430,-1,375,426,429,-1,431,440,441,-1,441,442,443,-1,432,431,443,-1,436,439,367,-1,444,438,437,-1,395,445,446,-1,360,378,377,-1,436,447,439,-1,382,426,375,-1,439,447,358,-1,381,359,427,-1,359,382,360,-1,448,441,449,-1,441,443,431,-1,429,440,431,-1,440,425,449,-1,442,441,448,-1,438,447,436,-1,372,450,444,-1,372,371,450,-1,358,360,439,-1,447,438,451,-1,427,452,381,-1,447,451,379,-1,427,380,423,-1,380,359,358,-1,453,449,454,-1,440,449,441,-1,426,425,440,-1,425,452,454,-1,448,449,453,-1,438,450,451,-1,450,438,444,-1,373,455,371,-1,379,358,447,-1,456,451,450,-1,423,457,427,-1,456,386,451,-1,383,385,423,-1,380,379,383,-1,458,454,459,-1,425,454,449,-1,381,452,425,-1,452,457,459,-1,453,454,458,-1,371,456,450,-1,460,455,373,-1,460,461,455,-1,386,379,451,-1,462,456,371,-1,463,423,385,-1,462,388,456,-1,457,464,459,-1,383,386,384,-1,465,459,464,-1,452,459,454,-1,427,457,452,-1,457,463,464,-1,458,459,465,-1,455,462,371,-1,466,461,460,-1,466,412,461,-1,388,386,456,-1,467,462,455,-1,468,385,415,-1,462,467,389,-1,464,463,469,-1,388,387,384,-1,385,384,415,-1,464,470,471,-1,423,463,457,-1,468,469,463,-1,465,464,471,-1,461,467,455,-1,410,412,466,-1,389,398,472,-1,389,388,462,-1,467,461,473,-1,472,416,387,-1,467,398,389,-1,469,468,424,-1,389,472,387,-1,415,387,416,-1,469,470,464,-1,385,468,463,-1,468,414,424,-1,474,470,469,-1,412,473,461,-1,413,411,410,-1,475,472,397,-1,473,398,467,-1,412,476,473,-1,417,392,477,-1,396,398,473,-1,416,475,391,-1,472,398,397,-1,416,472,475,-1,424,474,469,-1,415,414,468,-1,414,391,390,-1,478,474,424,-1,411,476,412,-1,409,408,413,-1,396,435,479,-1,476,396,473,-1,411,480,476,-1,397,479,421,-1,476,435,396,-1,475,421,477,-1,479,397,396,-1,397,421,475,-1,390,478,424,-1,416,391,414,-1,391,477,392,-1,481,478,390,-1,408,480,411,-1,445,394,409,-1,482,483,433,-1,480,435,476,-1,484,480,408,-1,421,479,422,-1,433,435,480,-1,477,421,420,-1,479,434,422,-1,392,417,419,-1,392,481,390,-1,475,477,391,-1,477,420,417,-1,419,481,392,-1,484,408,394,-1,407,399,401,-1,482,433,484,-1,484,433,480,-1,484,393,482,-1,483,434,433,-1,485,422,434,-1,435,434,479,-1,434,483,485,-1,486,420,422,-1,422,485,486,-1,417,420,486,-1,418,417,487,-1,445,395,394,-1,407,446,404,-1,482,393,402,-1,394,393,484,-1,393,401,402,-1,482,402,483,-1,488,483,402,-1,489,490,485,-1,489,485,483,-1,490,491,486,-1,490,486,485,-1,486,491,487,-1,417,486,487,-1,446,407,395,-1,406,407,404,-1,403,401,400,-1,395,401,393,-1,403,488,402,-1,488,489,483,-1,492,493,494,-1,495,496,497,-1,497,492,494,-1,498,499,493,-1,498,493,492,-1,495,497,494,-1,458,500,501,-1,470,502,471,-1,503,453,501,-1,458,501,453,-1,448,503,442,-1,448,453,503,-1,465,500,458,-1,504,465,471,-1,465,504,500,-1,504,471,502,-1,478,505,506,-1,470,474,507,-1,481,419,508,-1,481,505,478,-1,481,508,505,-1,419,418,508,-1,506,474,478,-1,470,507,502,-1,474,506,507,-1,509,510,511,-1,512,513,514,-1,512,515,516,-1,516,513,512,-1,517,518,515,-1,516,515,519,-1,517,515,520,-1,521,514,513,-1,519,515,518,-1,522,523,521,-1,521,513,522,-1,522,524,525,-1,523,522,525,-1,526,527,528,-1,524,522,526,-1,526,522,527,-1,529,530,522,-1,522,530,527,-1,531,532,533,-1,522,533,529,-1,534,531,535,-1,511,535,536,-1,536,537,511,-1,511,537,509,-1,511,534,535,-1,534,532,531,-1,533,522,531,-1,405,538,539,-1,366,365,540,-1,541,542,405,-1,405,542,543,-1,446,544,404,-1,405,539,541,-1,437,545,444,-1,370,546,365,-1,365,546,540,-1,547,546,370,-1,370,548,549,-1,549,547,370,-1,548,370,550,-1,437,540,545,-1,437,366,540,-1,545,372,444,-1,373,545,460,-1,373,372,545,-1,410,460,545,-1,410,466,460,-1,413,545,409,-1,413,410,545,-1,545,544,445,-1,445,409,545,-1,404,544,538,-1,445,544,446,-1,538,405,404,-1,551,552,553,-1,554,553,555,-1,556,557,37,-1,33,8,558,-1,11,557,559,-1,8,7,560,-1,7,559,560,-1,561,562,563,-1,558,8,560,-1,554,564,565,-1,565,558,566,-1,567,568,569,-1,570,564,554,-1,571,572,568,-1,570,567,569,-1,573,574,551,-1,575,556,48,-1,573,576,577,-1,578,575,50,-1,579,580,83,-1,42,581,578,-1,582,576,583,-1,581,41,584,-1,585,586,583,-1,587,584,74,-1,585,588,589,-1,590,588,591,-1,591,592,593,-1,587,79,594,-1,579,82,595,-1,596,563,597,-1,598,599,600,-1,595,599,601,-1,580,594,78,-1,600,599,90,-1,90,89,600,-1,602,603,592,-1,603,604,605,-1,606,607,608,-1,597,609,596,-1,609,610,604,-1,560,566,558,-1,11,559,7,-1,567,570,611,-1,566,554,565,-1,566,560,612,-1,554,566,553,-1,567,613,571,-1,564,570,569,-1,570,555,611,-1,571,568,567,-1,559,612,560,-1,37,557,11,-1,611,555,614,-1,612,553,566,-1,612,559,615,-1,553,612,551,-1,567,611,613,-1,554,555,570,-1,614,555,552,-1,616,613,611,-1,557,615,559,-1,48,556,37,-1,614,552,617,-1,615,551,612,-1,615,557,618,-1,551,615,573,-1,611,614,616,-1,553,552,555,-1,552,574,617,-1,619,616,614,-1,556,618,557,-1,50,575,48,-1,617,574,620,-1,618,573,615,-1,618,556,621,-1,573,618,576,-1,617,619,614,-1,551,574,552,-1,574,577,620,-1,622,619,617,-1,575,621,556,-1,42,578,50,-1,620,577,623,-1,621,576,618,-1,621,575,624,-1,576,621,583,-1,620,622,617,-1,573,577,574,-1,577,582,623,-1,625,622,620,-1,578,624,575,-1,41,581,42,-1,623,582,626,-1,624,583,621,-1,624,578,627,-1,585,583,624,-1,623,625,620,-1,576,582,577,-1,626,582,586,-1,628,625,623,-1,581,627,578,-1,74,584,41,-1,586,629,626,-1,627,585,624,-1,627,581,630,-1,588,585,627,-1,623,626,628,-1,583,586,582,-1,629,586,589,-1,631,628,626,-1,584,630,581,-1,79,587,74,-1,589,632,629,-1,630,588,627,-1,584,633,630,-1,588,630,591,-1,629,634,631,-1,585,589,586,-1,589,590,632,-1,631,626,629,-1,587,633,584,-1,78,594,79,-1,635,632,590,-1,633,591,630,-1,587,636,633,-1,591,633,592,-1,632,637,634,-1,588,590,589,-1,590,593,635,-1,634,629,632,-1,594,636,587,-1,83,580,78,-1,605,635,593,-1,636,592,633,-1,638,636,594,-1,592,636,602,-1,635,639,637,-1,591,593,590,-1,593,603,605,-1,637,632,635,-1,580,638,594,-1,82,579,83,-1,602,596,609,-1,638,602,636,-1,638,580,640,-1,602,638,596,-1,605,641,639,-1,592,603,593,-1,603,609,604,-1,639,635,605,-1,579,640,580,-1,97,595,82,-1,563,596,640,-1,640,596,638,-1,640,561,563,-1,608,610,606,-1,604,642,641,-1,602,609,603,-1,609,597,610,-1,641,605,604,-1,595,561,579,-1,97,90,599,-1,597,563,643,-1,579,561,640,-1,561,601,562,-1,610,597,606,-1,562,643,563,-1,604,610,642,-1,597,643,606,-1,608,642,610,-1,97,599,595,-1,595,601,561,-1,598,644,601,-1,599,598,601,-1,644,645,562,-1,601,644,562,-1,645,646,643,-1,562,645,643,-1,607,606,646,-1,643,646,606,-1,628,631,647,-1,648,625,628,-1,628,647,648,-1,625,649,622,-1,649,625,648,-1,619,622,650,-1,649,650,622,-1,651,616,619,-1,619,650,651,-1,616,652,613,-1,652,616,651,-1,571,613,653,-1,652,653,613,-1,654,572,571,-1,571,653,654,-1,647,631,655,-1,656,655,634,-1,631,634,655,-1,637,657,656,-1,656,634,637,-1,657,639,658,-1,639,657,637,-1,659,658,641,-1,639,641,658,-1,642,660,659,-1,659,641,642,-1,660,608,661,-1,608,660,642,-1,608,607,661,-1,661,607,662,-1,663,664,665,-1,666,667,668,-1,669,670,671,-1,672,673,674,-1,675,668,676,-1,677,652,651,-1,653,675,678,-1,654,653,678,-1,675,652,677,-1,679,680,681,-1,682,683,680,-1,684,685,686,-1,687,688,689,-1,690,689,691,-1,692,521,523,-1,693,694,695,-1,661,696,660,-1,697,698,695,-1,699,700,701,-1,699,661,662,-1,662,702,699,-1,702,703,700,-1,704,705,706,-1,698,697,707,-1,512,514,708,-1,709,687,710,-1,687,698,711,-1,521,712,514,-1,693,683,713,-1,714,707,697,-1,715,515,512,-1,716,681,717,-1,718,685,690,-1,717,671,673,-1,665,684,719,-1,720,721,722,-1,723,721,664,-1,667,666,724,-1,724,666,669,-1,720,725,669,-1,720,726,725,-1,720,722,726,-1,726,722,727,-1,727,728,511,-1,678,675,676,-1,653,652,675,-1,677,651,729,-1,676,668,667,-1,730,656,657,-1,731,670,666,-1,722,723,728,-1,724,669,725,-1,670,669,666,-1,534,728,732,-1,671,721,720,-1,721,723,722,-1,511,728,534,-1,727,722,728,-1,668,677,731,-1,677,668,675,-1,729,650,733,-1,668,731,666,-1,731,729,674,-1,670,674,673,-1,723,663,732,-1,669,671,720,-1,673,671,670,-1,532,534,732,-1,717,664,721,-1,728,723,732,-1,723,664,663,-1,532,732,734,-1,677,729,731,-1,651,650,729,-1,733,649,735,-1,731,674,670,-1,674,733,672,-1,673,672,716,-1,719,734,663,-1,671,717,721,-1,716,717,673,-1,532,734,533,-1,681,665,664,-1,732,663,734,-1,719,663,665,-1,533,734,736,-1,729,733,674,-1,650,649,733,-1,737,735,648,-1,660,738,659,-1,739,672,735,-1,672,739,716,-1,686,736,719,-1,717,681,664,-1,679,681,716,-1,686,719,684,-1,680,684,665,-1,736,740,529,-1,533,736,529,-1,734,719,736,-1,733,735,672,-1,649,648,735,-1,741,737,647,-1,716,739,679,-1,742,739,737,-1,742,682,679,-1,740,686,718,-1,681,680,665,-1,682,680,679,-1,718,686,685,-1,683,685,684,-1,740,743,530,-1,529,740,530,-1,736,686,740,-1,735,737,739,-1,648,647,737,-1,741,655,744,-1,739,742,679,-1,745,742,741,-1,745,713,682,-1,691,743,718,-1,680,683,684,-1,713,683,682,-1,718,743,740,-1,685,693,690,-1,690,691,718,-1,527,743,746,-1,743,527,530,-1,737,741,742,-1,647,655,741,-1,747,657,658,-1,742,745,682,-1,745,744,748,-1,713,748,694,-1,691,688,746,-1,683,693,685,-1,693,713,694,-1,527,746,528,-1,695,689,690,-1,743,691,746,-1,691,689,688,-1,528,746,749,-1,741,744,745,-1,655,656,744,-1,659,750,658,-1,745,748,713,-1,751,748,730,-1,697,694,751,-1,688,709,749,-1,693,695,690,-1,695,694,697,-1,749,752,526,-1,698,687,689,-1,687,709,688,-1,528,749,526,-1,746,688,749,-1,748,744,730,-1,656,730,744,-1,753,754,755,-1,748,751,694,-1,747,714,751,-1,756,757,710,-1,709,757,752,-1,695,698,689,-1,698,707,711,-1,524,752,758,-1,711,710,687,-1,710,757,709,-1,526,752,524,-1,749,709,752,-1,751,730,747,-1,657,747,730,-1,707,759,711,-1,751,714,697,-1,760,714,750,-1,711,761,710,-1,759,707,760,-1,757,704,758,-1,761,711,759,-1,525,524,758,-1,756,710,761,-1,752,757,758,-1,757,756,704,-1,525,758,706,-1,714,747,750,-1,658,750,747,-1,759,754,761,-1,714,760,707,-1,738,762,760,-1,761,753,756,-1,762,754,759,-1,704,756,763,-1,761,754,753,-1,525,706,523,-1,756,753,763,-1,758,704,706,-1,704,763,705,-1,523,706,692,-1,760,750,738,-1,659,738,750,-1,764,763,753,-1,760,762,759,-1,696,701,762,-1,765,705,763,-1,701,755,754,-1,766,692,705,-1,755,764,753,-1,692,766,712,-1,765,763,764,-1,706,705,692,-1,705,765,766,-1,521,692,712,-1,762,738,696,-1,660,696,738,-1,700,767,755,-1,762,701,754,-1,700,755,701,-1,767,768,764,-1,767,764,755,-1,768,769,765,-1,768,765,764,-1,769,770,766,-1,769,766,765,-1,708,712,770,-1,712,766,770,-1,514,712,708,-1,696,661,699,-1,701,696,699,-1,767,703,771,-1,702,700,699,-1,768,771,772,-1,703,767,700,-1,769,772,773,-1,771,768,767,-1,770,773,774,-1,772,769,768,-1,708,774,715,-1,773,770,769,-1,715,512,708,-1,774,708,770,-1,
        ]
    }
}
Shape{
    appearance Appearance {
        material  Material 	{
            diffuseColor 0.8509803921568627 0.8509803921568627 0.8509803921568627
            specularColor 0.7529411764705882 0.7529411764705882 0.7529411764705882
            ambientIntensity 1.0
            transparency 1.0
            shininess 0.5
        }
    }
    geometry IndexedFaceSet {
        ccw TRUE
        solid FALSE
        coord DEF co Coordinate {
            point [
                -1.5262 0.1496 -1.9685, -1.4776 0.1573 0.0787, -1.4776 0.1573 -1.9685, -1.5701 0.1273 -1.9685, -1.5262 0.1496 0.0787, -1.5701 0.1273 0.0787, -1.605 0.0924 -1.9685, -1.6274 0.0485 -1.9685, -1.605 0.0924 0.0787, -1.6351 -0.0001 -1.9685, -1.6274 0.0485 0.0787, -1.6351 -0.0001 0.0787, -1.4289 0.1496 0.0787, -1.4289 0.1496 -1.9685, -1.385 0.1273 0.0787, -1.3502 0.0924 0.0787, -1.385 0.1273 -1.9685, -1.3278 0.0485 0.0787, -1.3502 0.0924 -1.9685, -1.3278 0.0485 -1.9685, -1.3201 -0.0001 0.0787, -1.3201 -0.0001 -1.9685, 1.4265 0.1496 -1.3779, 1.4265 0.1496 0.0787, 1.4752 0.1573 0.0787, 1.4752 0.1573 -1.3779, 1.3826 0.1273 -1.3779, 1.3478 0.0924 -1.3779, 1.3826 0.1273 0.0787, 1.3478 0.0924 0.0787, 1.3254 0.0485 -1.3779, 1.3254 0.0485 0.0787, 1.3177 -0.0001 -1.3779, 1.3177 -0.0001 0.0787, 1.5238 0.1496 0.0787, 1.5238 0.1496 -1.3779, 1.5677 0.1273 0.0787, 1.6026 0.0924 0.0787, 1.5677 0.1273 -1.3779, 1.6249 0.0485 0.0787, 1.6026 0.0924 -1.3779, 1.6249 0.0485 -1.3779, 1.6327 -0.0001 0.0787, 1.6327 -0.0001 -1.3779, 1.3254 -0.0488 -1.3779, 1.4265 -0.1499 -1.3779, 1.3826 -0.1276 0.0787, 1.3826 -0.1276 -1.3779, 1.3478 -0.0927 -1.3779, 1.3478 -0.0927 0.0787, 1.3254 -0.0488 0.0787, 1.5238 -0.1499 0.0787, 1.5238 -0.1499 -1.3779, 1.5677 -0.1276 -1.3779, 1.4265 -0.1499 0.0787, 1.4752 -0.1576 -1.3779, 1.4752 -0.1576 0.0787, 1.6026 -0.0927 0.0787, 1.6026 -0.0927 -1.3779, 1.6249 -0.0488 -1.3779, 1.5677 -0.1276 0.0787, 1.6249 -0.0488 0.0787, 0.0443 -0.0001 11.7327, 1.3123 -2.1964 11.7327, 1.3984 -2.1425 11.7327, 1.4823 2.0851 11.7327, 1.3984 2.1422 11.7327, 1.4823 -2.0854 11.7327, 1.5638 -2.0249 11.7327, 1.6429 -1.9612 11.7327, 1.7194 -1.8944 11.7327, 1.7932 -1.8246 11.7327, 2.0591 -1.5181 11.7327, 2.1176 -1.4352 11.7327, 2.0591 1.5177 11.7327, 1.8642 -1.7521 11.7327, 2.2731 1.173 11.7327, 2.3178 -1.0822 11.7327, 2.3179 1.0818 11.7327, 2.1729 1.3496 11.7327, 2.2247 -1.2627 11.7327, 2.2248 1.2622 11.7327, 2.4598 0.7016 11.7327, 2.43 0.7987 11.7327, 2.4597 -0.702 11.7327, 2.3964 0.8945 11.7327, 2.359 0.989 11.7327, 2.3963 -0.8949 11.7327, 2.5257 -0.4047 11.7327, 2.5397 -0.3042 11.7327, 2.5257 0.4044 11.7327, 2.5076 -0.5047 11.7327, 2.5077 0.5042 11.7327, 2.4857 0.6034 11.7327, 2.5558 -0.1018 11.7327, 2.5579 -0.0001 11.7327, 2.5558 0.1015 11.7327, 2.5498 0.2028 11.7327, 2.5397 0.3037 11.7327, 2.5498 -0.203 11.7327, 2.4856 -0.6037 11.7327, 2.43 -0.799 11.7327, 2.359 -0.9893 11.7327, 2.2731 -1.1733 11.7327, 2.1177 1.4347 11.7327, 2.1729 -1.3499 11.7327, 1.9972 -1.5987 11.7327, 1.9973 1.5982 11.7327, 1.9323 1.6763 11.7327, 1.9322 -1.6766 11.7327, 1.8643 1.7517 11.7327, 1.7933 1.8243 11.7327, 1.6429 1.9609 11.7327, 1.7195 1.8941 11.7327, 1.5639 2.0245 11.7327, 1.3123 2.1961 11.7327, -0.0239 0.0392 11.7327, -2.2679 1.1875 11.7327, -2.3125 1.0984 11.7327, 1.2441 2.2355 11.7327, 1.1561 2.2823 11.7327, 0.6928 2.463 11.7327, -0.5885 2.4906 11.7327, -0.685 2.4659 11.7327, 0.9752 2.3653 11.7327, 0.8823 2.4016 11.7327, -0.8747 2.4052 11.7327, -0.2942 2.5421 11.7327, 0.3023 2.5408 11.7327, -0.195 2.5515 11.7327, -0.491 2.5116 11.7327, 0.4991 2.5095 11.7327, -0.3929 2.5287 11.7327, 0.1037 2.5567 11.7327, 0.0041 2.5589 11.7327, -0.0955 2.5572 11.7327, 0.2032 2.5507 11.7327, 0.401 2.5271 11.7327, 0.5964 2.4882 11.7327, -0.7805 2.4374 11.7327, 0.7882 2.4341 11.7327, 1.0664 2.3256 11.7327, -0.9677 2.3694 11.7327, -1.0592 2.33 11.7327, -1.1492 2.287 11.7327, -1.2373 2.2406 11.7327, -1.4078 2.1376 11.7327, -1.3236 2.1908 11.7327, -1.5699 2.0217 11.7327, -1.49 2.0812 11.7327, -1.7224 1.8936 11.7327, -1.6474 1.9591 11.7327, -1.8645 1.7539 11.7327, -1.7949 1.8251 11.7327, -1.9954 1.6036 11.7327, -1.9314 1.68 11.7327, -2.1141 1.4436 11.7327, -2.0563 1.5248 11.7327, -2.22 1.2749 11.7327, -2.1687 1.3603 11.7327, -2.3535 1.0076 11.7327, -2.3909 0.9153 11.7327, -2.4247 0.8215 11.7327, -2.4549 0.7266 11.7327, -2.4813 0.6305 11.7327, -2.504 0.5335 11.7327, -2.5229 0.4357 11.7327, -2.5379 0.3372 11.7327, -2.5491 0.2382 11.7327, -2.5565 0.1388 11.7327, -2.5599 0.0392 11.7327, -0.0239 -0.0395 11.7327, -2.5599 -0.0395 11.7327, -2.5565 -0.1391 11.7327, 0.5963 -2.4885 11.7327, -0.6851 -2.4661 11.7327, -0.5886 -2.4909 11.7327, -2.5491 -0.2384 11.7327, -2.5379 -0.3373 11.7327, -2.5229 -0.4358 11.7327, -2.504 -0.5337 11.7327, -2.4814 -0.6307 11.7327, -2.4549 -0.7268 11.7327, -2.4248 -0.8217 11.7327, -2.391 -0.9154 11.7327, -2.3535 -1.0078 11.7327, -2.3125 -1.0986 11.7327, -2.268 -1.1877 11.7327, -2.2201 -1.2751 11.7327, -2.1687 -1.3605 11.7327, -2.1142 -1.4438 11.7327, -2.0564 -1.525 11.7327, -1.9954 -1.6038 11.7327, -1.9315 -1.6802 11.7327, -1.8646 -1.7541 11.7327, -1.7949 -1.8253 11.7327, -1.7225 -1.8938 11.7327, -1.6475 -1.9593 11.7327, -1.57 -2.0219 11.7327, -1.4901 -2.0815 11.7327, -1.408 -2.1378 11.7327, -1.3237 -2.191 11.7327, -1.2374 -2.2408 11.7327, -0.8749 -2.4055 11.7327, 0.8822 -2.4019 11.7327, -0.9678 -2.3696 11.7327, -1.1492 -2.2872 11.7327, -0.4912 -2.5119 11.7327, 0.4009 -2.5274 11.7327, 0.499 -2.5098 11.7327, 0.6927 -2.4633 11.7327, 0.004 -2.5592 11.7327, 0.1036 -2.557 11.7327, -0.1951 -2.5518 11.7327, 0.3022 -2.5411 11.7327, -0.2943 -2.5423 11.7327, 0.203 -2.551 11.7327, -0.0956 -2.5574 11.7327, -0.393 -2.529 11.7327, -0.7806 -2.4376 11.7327, 0.788 -2.4345 11.7327, 0.975 -2.3657 11.7327, 1.0664 -2.3259 11.7327, -1.0594 -2.3302 11.7327, 1.1561 -2.2826 11.7327, 1.2441 -2.2358 11.7327, 1.3736 2.4599 11.7327, 1.4418 2.4205 11.7327, 1.2783 2.2161 11.7327, -2.8191 -0.0395 11.7327, -2.5603 -0.0001 11.7327, -2.8191 0.0392 11.7327, 1.3736 -2.4602 11.7327, 1.4418 -2.4208 11.7327, 1.4418 -2.4208 11.6539, 1.3736 -2.4602 11.6539, -0.0239 -0.0395 11.6539, -2.8191 -0.0395 11.6539, -2.8191 0.0392 11.6539, -0.0239 0.0392 11.6539, 1.3736 2.4599 11.6539, 1.4418 2.4205 11.6539, 0.0443 -0.0001 11.6539, 1.2783 -2.2164 11.7327, -1.6274 -0.0488 -1.9685, -1.5262 -0.1499 -1.9685, -1.5701 -0.1276 0.0787, -1.5701 -0.1276 -1.9685, -1.605 -0.0927 -1.9685, -1.605 -0.0927 0.0787, -1.6274 -0.0488 0.0787, -1.4289 -0.1499 0.0787, -1.4289 -0.1499 -1.9685, -1.385 -0.1276 -1.9685, -1.5262 -0.1499 0.0787, -1.4776 -0.1576 -1.9685, -1.4776 -0.1576 0.0787, -1.3502 -0.0927 0.0787, -1.3502 -0.0927 -1.9685, -1.3278 -0.0488 -1.9685, -1.385 -0.1276 0.0787, -1.3278 -0.0488 0.0787
            ]
        }
        coordIndex [
            0,1,2,-1,0,3,4,-1,4,1,0,-1,5,3,6,-1,3,5,4,-1,7,8,6,-1,5,6,8,-1,7,9,10,-1,10,8,7,-1,9,11,10,-1,12,2,1,-1,13,12,14,-1,12,13,2,-1,15,16,14,-1,13,14,16,-1,15,17,18,-1,18,16,15,-1,19,17,20,-1,17,19,18,-1,19,20,21,-1,22,23,24,-1,22,24,25,-1,26,27,28,-1,26,28,23,-1,29,28,27,-1,30,29,27,-1,23,22,26,-1,31,29,30,-1,32,33,31,-1,30,32,31,-1,24,34,25,-1,35,34,36,-1,34,35,25,-1,37,38,36,-1,35,36,38,-1,37,39,40,-1,40,38,37,-1,41,39,42,-1,39,41,40,-1,41,42,43,-1,44,33,32,-1,45,46,47,-1,48,49,50,-1,51,52,53,-1,54,55,56,-1,57,58,59,-1,58,57,60,-1,43,61,59,-1,57,59,61,-1,42,61,43,-1,60,51,53,-1,53,58,60,-1,56,55,52,-1,56,52,51,-1,54,46,45,-1,54,45,55,-1,47,49,48,-1,46,49,47,-1,44,50,33,-1,48,50,44,-1,62,63,64,-1,62,65,66,-1,64,67,62,-1,62,68,69,-1,67,68,62,-1,62,70,71,-1,69,70,62,-1,72,73,74,-1,71,75,62,-1,76,77,78,-1,79,80,81,-1,82,83,84,-1,85,86,87,-1,88,89,90,-1,91,92,93,-1,94,95,96,-1,97,98,99,-1,97,99,94,-1,94,96,97,-1,98,90,89,-1,99,98,89,-1,88,92,91,-1,88,90,92,-1,100,93,82,-1,100,91,93,-1,84,83,101,-1,100,82,84,-1,101,85,87,-1,85,101,83,-1,102,86,78,-1,102,87,86,-1,77,76,103,-1,102,78,77,-1,81,80,103,-1,103,76,81,-1,79,104,105,-1,80,79,105,-1,73,104,74,-1,104,73,105,-1,106,72,107,-1,107,72,74,-1,108,109,106,-1,106,107,108,-1,109,110,75,-1,110,109,108,-1,62,75,111,-1,110,111,75,-1,112,62,113,-1,62,111,113,-1,65,62,114,-1,62,112,114,-1,66,115,62,-1,116,117,118,-1,116,119,120,-1,121,122,123,-1,124,125,126,-1,127,128,129,-1,130,131,132,-1,133,134,135,-1,133,135,136,-1,136,129,128,-1,136,135,129,-1,137,127,132,-1,137,128,127,-1,131,130,138,-1,137,132,131,-1,122,121,138,-1,138,130,122,-1,123,139,140,-1,121,123,140,-1,125,139,126,-1,139,125,140,-1,141,124,142,-1,142,124,126,-1,143,120,141,-1,141,142,143,-1,116,143,144,-1,143,116,120,-1,144,145,116,-1,146,116,147,-1,116,145,147,-1,148,116,149,-1,116,146,149,-1,150,116,151,-1,116,148,151,-1,152,116,153,-1,116,150,153,-1,154,116,155,-1,116,152,155,-1,156,116,157,-1,116,154,157,-1,158,116,159,-1,116,156,159,-1,118,160,116,-1,116,158,117,-1,116,161,162,-1,160,161,116,-1,116,163,164,-1,162,163,116,-1,116,165,166,-1,164,165,116,-1,116,167,168,-1,166,167,116,-1,116,169,170,-1,168,169,116,-1,171,172,173,-1,174,175,176,-1,173,177,171,-1,171,178,179,-1,177,178,171,-1,171,180,181,-1,179,180,171,-1,171,182,183,-1,181,182,171,-1,171,184,185,-1,183,184,171,-1,171,186,187,-1,185,186,171,-1,171,188,189,-1,187,188,171,-1,171,190,191,-1,189,190,171,-1,171,192,193,-1,191,192,171,-1,171,194,195,-1,193,194,171,-1,171,196,197,-1,195,196,171,-1,171,198,199,-1,197,198,171,-1,171,200,201,-1,199,200,171,-1,201,202,171,-1,203,204,205,-1,171,202,206,-1,207,208,209,-1,175,174,210,-1,211,212,213,-1,214,215,216,-1,212,216,213,-1,213,217,211,-1,215,214,218,-1,213,216,215,-1,208,207,218,-1,218,214,208,-1,209,174,176,-1,207,209,176,-1,175,210,219,-1,219,220,203,-1,220,219,210,-1,204,221,205,-1,220,204,203,-1,222,223,221,-1,205,221,223,-1,206,222,171,-1,206,223,222,-1,171,224,225,-1,222,224,171,-1,115,226,227,-1,115,228,226,-1,226,228,119,-1,229,230,172,-1,170,230,231,-1,229,231,230,-1,232,233,234,-1,234,235,232,-1,225,232,235,-1,225,236,171,-1,225,235,236,-1,172,171,236,-1,172,236,237,-1,237,229,172,-1,238,229,237,-1,238,231,229,-1,239,170,238,-1,231,238,170,-1,170,239,116,-1,119,116,239,-1,119,239,240,-1,240,226,119,-1,227,226,240,-1,240,241,227,-1,115,227,241,-1,115,242,62,-1,115,241,242,-1,63,62,242,-1,63,242,234,-1,234,233,63,-1,236,242,239,-1,234,242,235,-1,242,241,240,-1,237,236,238,-1,242,240,239,-1,238,236,239,-1,242,236,235,-1,232,63,233,-1,225,243,232,-1,232,243,63,-1,244,11,9,-1,245,246,247,-1,248,249,250,-1,251,252,253,-1,254,255,256,-1,257,258,259,-1,258,257,260,-1,21,261,259,-1,257,259,261,-1,20,261,21,-1,260,251,253,-1,253,258,260,-1,256,255,252,-1,256,252,251,-1,254,246,245,-1,254,245,255,-1,247,249,248,-1,246,249,247,-1,244,250,11,-1,248,250,244,-1,16,248,244,-1,0,7,6,-1,6,3,0,-1,7,2,9,-1,2,7,0,-1,18,19,247,-1,2,13,9,-1,245,21,255,-1,259,258,252,-1,252,255,259,-1,253,252,258,-1,259,255,21,-1,245,247,19,-1,21,245,19,-1,18,248,16,-1,18,247,248,-1,9,13,244,-1,13,16,244,-1,58,53,52,-1,48,38,40,-1,55,59,52,-1,58,52,59,-1,55,43,59,-1,47,40,41,-1,55,45,43,-1,25,35,32,-1,38,48,44,-1,30,27,22,-1,30,22,25,-1,27,26,22,-1,44,32,35,-1,32,30,25,-1,47,48,40,-1,38,44,35,-1,45,47,41,-1,45,41,43,-1,
        ]
    }
}
Shape{
    appearance Appearance {
        material  Material 	{
            diffuseColor 1.0 1.0 1.0
            specularColor 0.7529411764705882 0.7529411764705882 0.7529411764705882
            ambientIntensity 1.0
            transparency 1.0
            shininess 0.5
        }
    }
    geometry IndexedFaceSet {
        ccw TRUE
        solid FALSE
        coord DEF co Coordinate {
            point [
                0.3557 3.5252 4.4126, 0.3551 3.5252 4.2944, 0.3474 3.526 4.3533, 0.4146 3.5187 4.5154, 0.4117 3.5191 4.1915, 0.3787 3.5228 4.4676, 0.3769 3.523 4.2395, 0.5149 3.5054 4.5782, 0.5077 3.5065 4.4606, 0.4785 3.5106 4.4311, 0.4608 3.513 4.553, 0.4597 3.5131 4.3939, 0.4533 3.514 4.3523, 0.6127 3.4896 4.5441, 0.6061 3.4908 4.7138, 0.6397 3.4848 4.5961, 0.6782 3.4775 4.6402, 0.6576 3.4814 4.7518, 0.5992 3.492 4.4866, 0.5923 3.4931 4.4865, 0.8367 3.4427 4.7017, 0.7796 3.4561 4.6943, 0.8377 3.4425 4.8042, 1.019 3.3931 4.3428, 1.0174 3.3936 4.2174, 1.0044 3.3975 4.1904, 0.9214 3.421 4.0896, 0.9034 3.4258 4.131, 0.9387 3.4163 4.2909, 1.0972 3.3686 4.2361, 1.0664 3.3785 4.3498, 1.1072 3.3654 4.345, 1.1496 3.3511 4.0271, 1.1797 3.3406 4.3072, 1.1842 3.339 4.0518, 1.1105 3.3643 4.0119, 1.1211 3.3607 4.1339, 1.1456 3.3525 4.3306, 1.1571 3.3485 4.5657, 1.158 3.3482 4.6682, 1.2004 3.3332 4.5603, 1.4307 3.241 4.4479, 1.4321 3.2404 4.342, 1.4183 3.2465 4.2928, 1.396 3.2561 4.2473, 1.3889 3.2591 4.5467, 1.4145 3.2481 4.4996, 1.4366 3.2383 4.3935, 1.3662 3.2687 4.2068, 1.355 3.2733 4.5876, 1.3261 3.2852 4.1702, 1.329 3.284 4.3961, 1.2889 3.3 4.2852, 1.3106 3.2914 4.3181, 1.2804 3.3033 4.1424, 1.3244 3.2859 4.3557, 1.2608 3.3108 4.2584, 1.2302 3.3223 4.1239, 1.2277 3.3232 4.2383, 1.2077 3.3306 4.276, 1.2117 3.3291 4.0845, 1.0698 3.3775 4.1091, 1.0981 3.3683 4.1157, 1.0688 3.3778 4.0066, 1.0405 3.3866 4.2356, 1.0688 3.3778 4.2422, 0.9754 3.406 4.3229, 0.9492 3.4134 4.0545, 0.8967 3.4276 4.1932, 0.5677 3.4973 4.1158, 0.5772 3.4957 4.22, 0.618 3.4887 4.1161, 0.8968 3.4275 4.1761, 0.6156 3.4891 4.2202, 0.6764 3.4778 4.2208, 0.6805 3.477 4.1189, 0.6684 3.4794 4.1165, 0.8243 3.4457 4.3496, 0.654 3.4821 4.2205, 0.7259 3.4678 4.6734, 0.7145 3.4702 4.7801, 0.775 3.4571 4.7978, 0.709 3.4713 4.4088, 0.7771 3.4567 4.2553, 0.9518 3.4126 4.6739, 0.8961 3.4277 4.6949, 0.9103 3.424 4.7969, 0.5855 3.4943 4.4865, 0.6567 3.4816 4.3179, 0.6829 3.4765 4.3634, 1.0007 3.3986 4.6396, 0.9795 3.4048 4.7748, 0.9848 3.4033 4.0282, 1.0431 3.3858 4.7391, 1.0397 3.3869 4.594, 1.0667 3.3784 4.5394, 1.1188 3.3615 4.6645, 1.0837 3.373 4.7048, 1.1319 3.3571 4.6659, 1.1449 3.3527 4.6671, 1.2409 3.3184 4.5441, 1.2123 3.3289 4.6631, 1.2762 3.3049 4.5181, 1.2641 3.3096 4.6476, 1.3041 3.294 4.4832, 1.3122 3.2908 4.6222, 1.3223 3.2867 4.4417, 0.5687 3.4971 4.6736, 0.5445 3.5009 4.4796, 0.5378 3.502 4.6282, 0.4594 3.5131 4.3127, 0.4571 3.5134 4.1535, 0.51 3.5061 4.1277, 0.4768 3.5108 4.2769, 0.504 3.507 4.248, 0.6909 3.4749 4.1254, 0.6874 3.4756 4.2153, 0.6981 3.4735 4.2091, 0.5384 3.5019 4.2285, 0.7142 3.4703 4.1533, 0.7124 3.4706 4.1893, 0.7166 3.4698 4.1777, 0.7059 3.4719 4.1999, 0.7013 3.4729 4.1322, 0.7081 3.4715 4.1423, 0.7173 3.4696 4.1652, 0.6642 3.4802 4.2223, 1.1206 3.3609 4.2181, 1.0414 3.3863 4.1152, 1.0254 3.3912 4.012, 1.018 3.3934 4.1333, 1.0046 3.3974 4.1602, 1.1342 3.3563 4.1609, 1.134 3.3564 4.1911, -0.7696 3.4589 4.6081, -0.7973 3.4526 4.488, -0.8145 3.4486 4.4878, -0.7802 3.4565 4.4881, -0.729 3.4676 4.6312, -0.7247 3.4685 4.7287, -0.7112 3.4713 4.6813, -0.7081 3.472 4.7288, -0.7076 3.4721 4.6981, -0.6326 3.4865 4.4891, -0.6443 3.4843 4.5219, -0.645 3.4842 4.6093, -0.6562 3.4821 4.5547, -0.5983 3.4925 4.4894, -0.6154 3.4896 4.4893, -0.6661 3.4803 4.5817, -0.6915 3.4753 4.7289, -0.7468 3.4639 4.5812, -0.7065 3.4723 4.5815, -0.7062 3.4724 4.5543, -0.7682 3.4592 4.521, -0.7562 3.4618 4.5539, -0.7028 3.4731 4.6813, -0.6845 3.4767 4.6315, 0.0877 3.5421 4.1132, 0.0231 3.5431 4.1127, 0.072 3.5424 4.1404, 0.0229 3.5431 4.1401, 0.1211 3.5411 4.1408, 0.1205 3.5411 4.2216, 0.1506 3.5399 4.3538, 0.1514 3.5399 4.2337, 0.1523 3.5399 4.1136, 0.1204 3.5411 4.2491, 0.0346 3.543 4.221, 0.0774 3.5423 4.2488, 0.0775 3.5423 4.2213, 0.0344 3.543 4.2485, 0.1198 3.5411 4.326, 0.0887 3.5421 4.3534, 0.0734 3.5424 4.3256, 0.0269 3.5431 4.353, 0.0271 3.5431 4.3253, -0.1414 3.5404 4.2478, -0.1298 3.5409 4.2702, -0.1285 3.5409 4.1116, -0.0798 3.5423 4.263, -0.0828 3.5422 4.2874, -0.0674 3.5426 4.2859, -0.1093 3.5415 4.2446, -0.1085 3.5416 4.2835, -0.1021 3.5418 4.2546, -0.0499 3.5429 4.2577, -0.0377 3.543 4.2782, -0.0365 3.543 4.2504, -0.0521 3.5428 4.2838, -0.0648 3.5426 4.2607, -0.0234 3.5431 4.2427, -0.0236 3.5431 4.2719, -0.0083 3.5432 4.1454, -0.0102 3.5432 4.1804, -0.006 3.5432 4.1584, -0.1142 3.5414 4.2208, -0.1141 3.5414 4.1978, -0.114 3.5414 4.2333, -0.0918 3.542 4.2604, -0.0131 3.5432 4.1328, -0.0227 3.5431 4.1983, -0.0205 3.5431 4.1219, -0.0326 3.5431 4.1147, -0.0385 3.543 4.15, -0.0366 3.543 4.1613, -0.0452 3.5429 4.1406, -0.0461 3.5429 4.1102, -0.0447 3.5429 4.1824, -0.061 3.5427 4.1893, -0.0633 3.5426 4.214, -0.0785 3.5424 4.1933, -0.0954 3.5419 4.1204, -0.1008 3.5418 4.1465, -0.0909 3.542 4.1398, -0.0963 3.5419 4.1956, -0.0888 3.5421 4.2174, -0.1052 3.5417 4.1282, -0.1128 3.5414 4.1383, -0.1134 3.5414 4.1117, -0.144 3.5403 4.1667, -0.1435 3.5403 4.1115, -0.1443 3.5403 4.2219, -0.0602 3.5427 4.1346, -0.06 3.5427 4.1081, -0.0681 3.5426 4.1327, -0.0417 3.543 4.2091, -0.0525 3.5428 4.1372, -0.0727 3.5425 4.1095, -0.0798 3.5423 4.1351, -0.0844 3.5422 4.1141, -0.1076 3.5416 4.158, -0.114 3.5414 4.1842, -0.1123 3.5415 4.1708, -0.0385 3.543 4.1726, -0.2656 3.5333 4.1436, -0.2569 3.534 4.1096, -0.2691 3.533 4.1146, -0.2726 3.5328 4.1988, -0.2809 3.5321 4.1201, -0.2906 3.5314 4.1305, -0.2973 3.5308 4.1433, -0.2952 3.531 4.1766, -0.2209 3.5364 4.1334, -0.2079 3.5372 4.1359, -0.2189 3.5365 4.108, -0.2457 3.5347 4.1325, -0.2439 3.5349 4.1081, -0.2677 3.5332 4.1634, -0.2625 3.5336 4.2039, -0.2696 3.533 4.1543, -0.207 3.5372 4.1093, -0.1961 3.5378 4.1419, -0.262 3.5336 4.1708, -0.1846 3.5384 4.1483, -0.1956 3.5379 4.1131, -0.2818 3.5321 4.1924, -0.252 3.5343 4.208, -0.2432 3.5349 4.1813, -0.2528 3.5342 4.1764, -0.1844 3.5384 4.1172, -0.2308 3.5357 4.1069, -0.2339 3.5355 4.1314, -0.2573 3.5339 4.1352, -0.3005 3.5305 4.1571, -0.2985 3.5307 4.1669, -0.2906 3.5313 4.1855, -0.2932 3.5311 4.2784, -0.2798 3.5322 4.2816, -0.2826 3.532 4.2541, -0.2369 3.5354 4.2145, -0.2333 3.5356 4.1854, -0.2229 3.5362 4.223, -0.2234 3.5362 4.1896, -0.2165 3.5366 4.24, -0.2191 3.5365 4.2489, -0.2162 3.5367 4.2784, -0.2177 3.5365 4.2307, -0.2137 3.5368 4.1943, -0.2049 3.5373 4.273, -0.2045 3.5373 4.1999, -0.2277 3.536 4.2833, -0.2526 3.5342 4.2863, -0.2401 3.5351 4.285, -0.2494 3.5345 4.2618, -0.2334 3.5356 4.2584, -0.2608 3.5337 4.2604, -0.2662 3.5332 4.2842, -0.2721 3.5328 4.2587, -0.2929 3.5311 4.2491, -0.2414 3.535 4.2604, -0.2257 3.5361 4.2556, -0.1961 3.5378 4.2066, -0.1955 3.5379 4.2626, -0.1887 3.5382 4.2501, -0.1906 3.5381 4.2157, -0.1875 3.5383 4.226, -0.1854 3.5384 4.2365, -0.3894 3.5218 4.4909, -0.4225 3.5181 4.4906, -0.4206 3.5183 4.518, -0.4254 3.5177 4.7308, -0.4219 3.5181 4.7032, -0.4373 3.5163 4.7031, -0.5525 3.5001 4.6276, -0.5502 3.5004 4.6981, -0.5486 3.5007 4.6425, -0.5252 3.5042 4.5406, -0.5122 3.5061 4.5319, -0.5211 3.5049 4.5045, -0.5811 3.4954 4.6495, -0.5739 3.4966 4.6676, -0.5799 3.4956 4.5723, -0.5844 3.4949 4.5911, -0.585 3.4948 4.6304, -0.5859 3.4946 4.6106, -0.5726 3.4968 4.5543, -0.5637 3.4982 4.6838, -0.5623 3.4985 4.5379, -0.5119 3.5062 4.6893, -0.525 3.5043 4.6812, -0.5231 3.5046 4.7163, -0.5359 3.5026 4.6707, -0.468 3.5123 4.7019, -0.4597 3.5134 4.7306, -0.4527 3.5143 4.703, -0.4979 3.5082 4.6954, -0.4923 3.509 4.727, -0.4832 3.5102 4.6996, -0.498 3.5082 4.5255, -0.483 3.5103 4.5212, -0.4893 3.5094 4.4937, -0.4676 3.5124 4.5186, -0.452 3.5144 4.5178, -0.4555 3.5139 4.4904, -0.3911 3.5216 4.7311, -0.3903 3.5218 4.6109, -0.4213 3.5182 4.6106, -0.4363 3.5164 4.5179, -0.5485 3.5007 4.5809, -0.5427 3.5016 4.5663, -0.549 3.5006 4.5234, -0.5434 3.5015 4.6571, -0.5518 3.5002 4.5963, -0.553 3.5 4.612, -0.5355 3.5027 4.5524, -0.2952 3.531 4.5189, -0.344 3.5265 4.4912, -0.3442 3.5265 4.5185, -0.2148 3.5367 4.4921, -0.246 3.5347 4.5193, -0.2157 3.5367 4.6122, -0.2795 3.5323 4.4917, -0.2466 3.5347 4.6001, -0.2165 3.5366 4.7323, -0.2468 3.5346 4.6276, -0.3325 3.5276 4.5995, -0.3327 3.5276 4.627, -0.2898 3.5314 4.6273, -0.2896 3.5314 4.5998, -0.2473 3.5346 4.7045, -0.2785 3.5323 4.7319, -0.2938 3.5311 4.7041, -0.3401 3.5269 4.7038, -0.3403 3.5269 4.7314, -0.1173 3.5413 4.49, -0.1049 3.5417 4.5165, -0.1002 3.5418 4.4889, -0.018 3.5432 4.5222, -0.0217 3.5431 4.5919, -0.0203 3.5431 4.6073, -0.121 3.5411 4.518, -0.1344 3.5407 4.4916, -0.1371 3.5406 4.52, -0.1668 3.5393 4.5024, -0.1522 3.54 4.5258, -0.1507 3.54 4.4967, -0.167 3.5393 4.5321, -0.0483 3.5429 4.5377, -0.0418 3.543 4.5033, -0.0608 3.5427 4.5287, -0.075 3.5424 4.5229, -0.0699 3.5425 4.4923, -0.0896 3.5421 4.5181, -0.0091 3.5432 4.6853, -0.0212 3.5431 4.6226, -0.0382 3.543 4.5492, -0.0304 3.5431 4.5624, -0.0257 3.5431 4.5771, -0.0231 3.5431 4.7024, -0.0286 3.5431 4.6524, -0.0343 3.543 4.6666, -0.0236 3.5431 4.6378, -0.043 3.5429 4.6794, -0.0543 3.5428 4.6898, -0.049 3.5429 4.7221, -0.0963 3.5419 4.7077, -0.0792 3.5423 4.7337, -0.0816 3.5422 4.7035, -0.0672 3.5425 4.6979, -0.1263 3.541 4.7075, -0.1261 3.541 4.7361, -0.1117 3.5415 4.7091, -0.1116 3.5415 4.7371, -0.1409 3.5404 4.7054, -0.1405 3.5405 4.7348, -0.1547 3.5399 4.7002, -0.1546 3.5399 4.7311, -0.1682 3.5392 4.6945, -0.1684 3.5392 4.7269, -0.0049 3.5432 4.5399, 0.0012 3.5432 4.6662, 0.0043 3.5432 4.5594, 0.0117 3.5432 4.6243, 0.0122 3.5432 4.6022, 0.0099 3.5432 4.5806, 0.0081 3.5432 4.6456, 0.0862 3.5421 4.4942, 0.0229 3.5431 4.4938, 0.0705 3.5425 4.5215, 0.0227 3.5431 4.5212, 0.1184 3.5412 4.5219, 0.1176 3.5412 4.6283, 0.1324 3.5407 4.7348, 0.1496 3.54 4.4947, 0.1169 3.5412 4.7346, 0.1487 3.54 4.6148, 0.1479 3.5401 4.7349, -0.4506 3.5146 4.2809, -0.4422 3.5157 4.1823, -0.4662 3.5126 4.2808, -0.3929 3.5215 4.0639, -0.3831 3.5226 4.1862, -0.3832 3.5225 4.1102, -0.433 3.5168 4.2335, -0.4818 3.5104 4.2807, -0.4025 3.5204 4.0838, -0.4154 3.5189 4.186, -0.399 3.5208 4.1382, -0.3507 3.5259 4.2816, -0.3339 3.5275 4.2817, -0.3501 3.526 4.196, -0.3669 3.5243 4.2339, -0.3171 3.5291 4.2819, -0.3681 3.5242 4.0757, -0.3799 3.5229 4.0465, -0.3732 3.5236 4.0871, -0.3782 3.5231 4.0987, -0.3606 3.5249 4.0656, -0.3621 3.5248 4.0339, -0.3505 3.5259 4.0588, -0.3409 3.5268 4.0293, -0.3387 3.527 4.0551, -0.3215 3.5287 4.0319, -0.3217 3.5286 4.0587, -0.5933 3.4934 4.1357, -0.6422 3.4847 4.108, -0.6424 3.4847 4.1354, -0.513 3.506 4.1089, -0.5442 3.5013 4.1361, -0.5138 3.5059 4.229, -0.5776 3.496 4.1084, -0.5448 3.5012 4.2169, -0.5147 3.5058 4.3491, -0.545 3.5012 4.2444, -0.6307 3.4868 4.2163, -0.6309 3.4868 4.2438, -0.5879 3.4943 4.2441, -0.5877 3.4943 4.2166, -0.5455 3.5011 4.3213, -0.5766 3.4962 4.3487, -0.5919 3.4936 4.3209, -0.6382 3.4855 4.3206, -0.6384 3.4854 4.3482, -0.6876 3.4761 4.1077, -0.7206 3.4694 4.1074, -0.7187 3.4698 4.1348, -0.7235 3.4688 4.3476, -0.72 3.4695 4.32, -0.7354 3.4663 4.3199, -0.8501 3.44 4.2444, -0.8483 3.4404 4.3149, -0.8466 3.4409 4.2596, -0.8163 3.4482 4.1519, -0.8192 3.4475 4.1213, -0.8271 3.4456 4.1615, -0.8792 3.4327 4.2664, -0.872 3.4346 4.2845, -0.878 3.433 4.189, -0.8825 3.4319 4.2078, -0.8832 3.4317 4.2473, -0.884 3.4315 4.2274, -0.8706 3.4349 4.1709, -0.8618 3.4371 4.3007, -0.8604 3.4375 4.1546, -0.8095 3.4497 4.3061, -0.8229 3.4466 4.2986, -0.8212 3.447 4.3331, -0.8333 3.4441 4.2874, -0.7659 3.4597 4.3189, -0.7578 3.4615 4.3474, -0.7507 3.463 4.3198, -0.7958 3.4529 4.3129, -0.7904 3.4542 4.3438, -0.781 3.4563 4.3164, -0.79 3.4543 4.1404, -0.7761 3.4574 4.1368, -0.7873 3.4549 4.1105, -0.7619 3.4606 4.135, -0.7475 3.4637 4.1346, -0.7536 3.4624 4.1072, -0.6893 3.4757 4.3479, -0.6884 3.4759 4.2278, -0.7194 3.4696 4.2274, -0.7331 3.4668 4.1347, -0.8036 3.4511 4.1451, -0.8422 3.4419 4.186, -0.8472 3.4408 4.1402, -0.8469 3.4408 4.1999, -0.8412 3.4422 4.2742, -0.8513 3.4397 4.2288, -0.8502 3.44 4.2142, -0.8358 3.4435 4.173, -1.0677 3.3789 4.2248, -1.0954 3.37 4.1048, -1.1126 3.3644 4.1046, -1.0784 3.3756 4.1049, -1.0271 3.3914 4.248, -1.0228 3.3928 4.3455, -1.0093 3.3968 4.2981, -1.0062 3.3977 4.3456, -1.0057 3.3979 4.3149, -0.9308 3.4191 4.1059, -0.9425 3.4159 4.1387, -0.9431 3.4157 4.2262, -0.9543 3.4126 4.1715, -0.8965 3.4283 4.1062, -0.9136 3.4237 4.1061, -0.9642 3.4098 4.1985, -0.9897 3.4026 4.3458, -1.0449 3.386 4.198, -1.0046 3.3981 4.1983, -1.0043 3.3982 4.1711, -1.0663 3.3793 4.1378, -1.0543 3.3831 4.1708, -1.0009 3.3993 4.2981, -0.9826 3.4045 4.2484
            ]
        }
        coordIndex [
            0,1,2,-1,3,4,5,-1,6,1,0,-1,0,5,6,-1,6,5,4,-1,7,8,9,-1,10,11,12,-1,13,14,15,-1,16,15,17,-1,14,18,19,-1,20,21,22,-1,23,24,25,-1,26,27,28,-1,29,30,31,-1,32,33,34,-1,32,35,36,-1,33,32,37,-1,38,39,40,-1,41,42,43,-1,44,45,46,-1,47,42,41,-1,41,43,46,-1,44,48,45,-1,43,44,46,-1,45,48,49,-1,48,50,51,-1,52,53,54,-1,55,50,53,-1,56,52,54,-1,56,57,58,-1,59,58,60,-1,33,59,34,-1,61,62,63,-1,35,62,36,-1,23,64,24,-1,65,64,30,-1,66,67,28,-1,27,68,28,-1,69,70,71,-1,72,68,27,-1,70,73,71,-1,74,75,76,-1,77,28,68,-1,78,76,71,-1,79,16,80,-1,81,22,21,-1,82,77,83,-1,84,85,86,-1,87,14,19,-1,21,79,81,-1,83,88,89,-1,83,89,82,-1,85,22,86,-1,68,83,77,-1,26,28,67,-1,90,84,91,-1,92,67,66,-1,93,94,90,-1,94,93,95,-1,96,95,97,-1,38,95,96,-1,38,96,98,-1,99,38,98,-1,38,99,39,-1,100,40,101,-1,34,59,60,-1,58,57,60,-1,102,100,103,-1,54,57,56,-1,104,102,105,-1,54,53,50,-1,105,106,104,-1,49,51,106,-1,50,55,51,-1,51,49,48,-1,49,106,105,-1,105,102,103,-1,101,103,100,-1,39,101,40,-1,93,97,95,-1,91,93,90,-1,86,91,84,-1,22,85,20,-1,80,81,79,-1,17,80,16,-1,14,17,15,-1,14,87,107,-1,14,13,18,-1,107,108,109,-1,108,107,87,-1,8,7,108,-1,109,108,7,-1,12,110,111,-1,7,9,10,-1,3,12,4,-1,12,3,10,-1,10,9,11,-1,112,113,114,-1,110,113,111,-1,115,116,117,-1,118,69,112,-1,119,120,121,-1,122,123,117,-1,120,119,124,-1,119,121,125,-1,122,120,124,-1,117,123,115,-1,123,122,124,-1,116,115,75,-1,74,116,75,-1,78,126,76,-1,76,126,74,-1,71,73,78,-1,112,114,118,-1,69,118,70,-1,111,4,12,-1,111,113,112,-1,29,31,127,-1,128,129,130,-1,23,30,64,-1,92,25,131,-1,23,25,66,-1,131,130,129,-1,92,66,25,-1,129,92,131,-1,63,129,128,-1,128,61,63,-1,63,62,35,-1,37,132,133,-1,32,36,132,-1,127,31,37,-1,37,32,132,-1,37,133,127,-1,30,29,65,-1,134,135,136,-1,137,135,134,-1,138,139,140,-1,141,142,140,-1,143,144,145,-1,144,146,145,-1,147,148,145,-1,148,143,145,-1,145,149,150,-1,149,145,146,-1,134,139,151,-1,151,152,153,-1,137,134,154,-1,134,155,154,-1,153,155,151,-1,134,151,155,-1,141,150,156,-1,146,153,149,-1,152,149,153,-1,150,149,157,-1,157,156,150,-1,142,141,156,-1,141,140,139,-1,151,139,138,-1,158,159,160,-1,159,161,160,-1,162,158,160,-1,163,164,165,-1,158,162,166,-1,167,164,163,-1,168,169,170,-1,168,171,169,-1,167,170,169,-1,172,164,167,-1,170,167,163,-1,172,173,164,-1,174,175,173,-1,176,175,174,-1,173,172,174,-1,162,163,165,-1,166,162,165,-1,177,178,179,-1,180,181,182,-1,183,184,185,-1,186,187,188,-1,189,186,190,-1,191,188,192,-1,187,192,188,-1,193,194,195,-1,189,187,186,-1,196,197,179,-1,190,182,189,-1,178,184,198,-1,180,199,181,-1,190,180,182,-1,185,184,199,-1,181,199,184,-1,198,184,183,-1,198,196,178,-1,193,200,194,-1,201,200,202,-1,201,194,200,-1,203,204,205,-1,203,201,202,-1,206,204,207,-1,208,209,210,-1,210,209,211,-1,212,213,214,-1,215,216,211,-1,213,212,217,-1,178,196,179,-1,179,218,219,-1,220,179,221,-1,222,177,220,-1,220,177,179,-1,223,224,225,-1,210,226,208,-1,227,207,224,-1,228,225,224,-1,214,229,230,-1,216,210,211,-1,217,218,231,-1,196,216,215,-1,215,197,196,-1,218,232,233,-1,218,179,232,-1,179,197,232,-1,218,233,231,-1,231,213,217,-1,230,212,214,-1,228,230,229,-1,225,228,229,-1,224,223,227,-1,227,206,207,-1,234,208,226,-1,207,204,203,-1,226,201,205,-1,203,205,201,-1,226,205,234,-1,235,236,237,-1,238,237,239,-1,240,241,242,-1,243,244,245,-1,236,246,247,-1,248,238,249,-1,238,250,237,-1,251,244,252,-1,244,251,245,-1,248,249,253,-1,254,255,252,-1,251,252,255,-1,256,238,239,-1,257,258,259,-1,260,255,254,-1,257,259,249,-1,261,243,245,-1,261,247,262,-1,262,243,261,-1,236,263,246,-1,247,246,262,-1,235,237,250,-1,263,236,235,-1,241,264,265,-1,240,242,266,-1,241,265,242,-1,256,240,266,-1,267,268,269,-1,270,271,258,-1,239,240,256,-1,272,273,271,-1,274,275,276,-1,273,277,278,-1,272,277,273,-1,278,274,276,-1,278,279,280,-1,278,276,279,-1,275,281,276,-1,282,283,284,-1,283,281,285,-1,282,286,287,-1,288,268,287,-1,287,286,288,-1,269,268,288,-1,269,289,267,-1,282,284,286,-1,290,284,283,-1,281,291,285,-1,283,285,290,-1,280,279,292,-1,291,281,275,-1,293,294,295,-1,293,295,292,-1,294,296,295,-1,294,297,296,-1,279,293,292,-1,277,274,278,-1,272,271,270,-1,257,270,258,-1,259,253,249,-1,238,248,250,-1,298,299,300,-1,301,302,303,-1,304,305,306,-1,307,308,309,-1,310,311,312,-1,310,313,314,-1,315,314,313,-1,316,312,311,-1,312,313,310,-1,317,316,311,-1,304,317,305,-1,316,317,318,-1,319,320,321,-1,321,320,322,-1,323,324,325,-1,326,327,328,-1,329,330,331,-1,332,333,334,-1,335,336,337,-1,335,302,301,-1,299,338,300,-1,325,324,303,-1,324,301,303,-1,327,324,328,-1,324,323,328,-1,321,327,319,-1,327,326,319,-1,329,331,309,-1,339,340,341,-1,321,322,305,-1,306,305,342,-1,305,322,342,-1,341,343,339,-1,344,318,317,-1,343,341,318,-1,317,304,344,-1,318,344,343,-1,309,341,345,-1,341,340,345,-1,309,345,307,-1,309,308,329,-1,334,331,332,-1,331,330,332,-1,299,334,338,-1,334,333,338,-1,337,336,300,-1,298,300,336,-1,335,337,302,-1,346,347,348,-1,349,350,351,-1,352,347,346,-1,346,350,352,-1,353,354,351,-1,352,350,349,-1,355,354,353,-1,356,357,358,-1,359,356,358,-1,358,355,359,-1,360,354,355,-1,359,355,353,-1,360,361,354,-1,362,363,364,-1,362,364,361,-1,362,361,360,-1,353,351,350,-1,365,366,367,-1,368,369,370,-1,371,372,373,-1,374,375,376,-1,372,376,373,-1,374,377,375,-1,375,373,376,-1,371,366,365,-1,378,379,380,-1,381,380,382,-1,371,365,372,-1,383,367,366,-1,383,381,382,-1,383,382,367,-1,380,379,382,-1,384,370,385,-1,379,386,387,-1,378,386,379,-1,388,368,387,-1,379,387,368,-1,370,384,368,-1,368,388,369,-1,385,389,384,-1,390,391,389,-1,392,390,389,-1,393,394,395,-1,391,395,389,-1,396,397,398,-1,399,395,394,-1,400,401,402,-1,403,396,402,-1,404,405,400,-1,404,406,407,-1,407,405,404,-1,408,407,406,-1,408,409,407,-1,400,405,401,-1,403,402,401,-1,397,396,403,-1,399,397,395,-1,397,399,398,-1,395,391,393,-1,410,411,412,-1,385,392,389,-1,413,414,415,-1,415,416,413,-1,416,415,412,-1,410,384,411,-1,412,411,416,-1,384,410,368,-1,417,418,419,-1,418,420,419,-1,421,417,419,-1,421,422,423,-1,417,421,424,-1,425,423,422,-1,423,424,421,-1,424,423,426,-1,423,427,426,-1,428,429,430,-1,431,432,433,-1,428,434,429,-1,429,435,430,-1,436,429,437,-1,434,437,429,-1,437,438,436,-1,439,440,441,-1,441,433,442,-1,442,439,441,-1,443,441,440,-1,442,433,432,-1,431,438,432,-1,444,445,446,-1,433,447,445,-1,444,448,449,-1,449,445,444,-1,449,450,451,-1,451,450,452,-1,452,453,451,-1,448,450,449,-1,452,454,453,-1,445,431,433,-1,445,447,446,-1,431,436,438,-1,455,456,457,-1,458,459,460,-1,461,456,455,-1,455,459,461,-1,462,463,460,-1,461,459,458,-1,464,463,462,-1,465,466,467,-1,468,465,467,-1,467,464,468,-1,469,463,464,-1,468,464,462,-1,469,470,463,-1,471,472,473,-1,471,473,470,-1,471,470,469,-1,462,460,459,-1,474,475,476,-1,477,478,479,-1,480,481,482,-1,483,484,485,-1,486,487,488,-1,486,489,490,-1,491,490,489,-1,492,488,487,-1,488,489,486,-1,493,492,487,-1,480,493,481,-1,492,493,494,-1,495,496,497,-1,497,496,498,-1,499,500,501,-1,502,503,504,-1,505,506,507,-1,508,509,510,-1,511,512,513,-1,511,478,477,-1,475,514,476,-1,501,500,479,-1,500,477,479,-1,503,500,504,-1,500,499,504,-1,497,503,495,-1,503,502,495,-1,515,507,484,-1,516,517,518,-1,497,498,481,-1,482,481,519,-1,481,498,519,-1,520,494,493,-1,493,480,520,-1,517,494,521,-1,494,520,521,-1,517,521,518,-1,517,522,485,-1,517,516,522,-1,517,485,484,-1,484,483,515,-1,507,515,505,-1,508,510,506,-1,510,507,506,-1,475,510,514,-1,510,509,514,-1,513,512,476,-1,474,476,512,-1,511,513,478,-1,523,524,525,-1,526,524,523,-1,527,528,529,-1,530,531,529,-1,532,533,534,-1,533,535,534,-1,536,537,534,-1,537,532,534,-1,534,538,539,-1,538,534,535,-1,523,528,540,-1,540,541,542,-1,526,523,543,-1,523,544,543,-1,542,544,540,-1,523,540,544,-1,530,539,545,-1,535,542,538,-1,541,538,542,-1,539,538,546,-1,546,545,539,-1,531,530,545,-1,530,529,528,-1,540,528,527,-1,
        ]
    }
}