#VRML V2.0 utf8
# 3D model generated by easyeda2kicad.py (https://github.com/uPesy/easyeda2kicad.py)

Shape{
    appearance Appearance {
        material  Material 	{
            diffuseColor 0.6470588235294118 0.6196078431372549 0.5882352941176471
            specularColor 0.45098039215686275 0.43529411764705883 0.4117647058823529
            ambientIntensity 0.6242
            transparency 0.0
            shininess 0.5
        }
    }
    geometry IndexedFaceSet {
        ccw TRUE
        solid FALSE
        coord DEF co Coordinate {
            point [
                2.6693 -0.8653 2.4803, 2.9449 -0.8653 3.0709, 1.8031 -0.8653 2.4803, 1.5275 -0.8653 3.0709, 1.8031 -0.8653 1.1417, 1.5275 -0.8653 0.748, 2.6693 -0.8653 1.1417, 2.9449 -0.8653 0.748, 2.6693 1.0639 2.4803, 2.9449 1.0639 3.0709, 2.6693 1.0639 1.1417, 2.9449 1.0639 0.748, 1.8031 1.0639 1.1417, 1.5275 1.0639 0.748, 1.8031 1.0639 2.4803, 1.5275 1.0639 3.0709, 2.5206 -0.3262 5.4724, 1.7515 -0.065 5.4724, 1.7771 -0.1269 5.4724, 2.7232 -0.0582 5.4724, 1.7492 -0.0582 5.4724, 2.7209 -0.065 5.4724, 2.6953 -0.1269 5.4724, 2.6619 -0.1849 5.4724, 2.5738 -0.2854 5.4724, 2.6211 -0.238 5.4724, 2.4008 -0.3853 5.4724, 1.8513 -0.238 5.4724, 2.3361 -0.4027 5.4724, 1.8986 -0.2854 5.4724, 1.8105 -0.1849 5.4724, 2.4627 -0.3597 5.4724, 1.9518 -0.3262 5.4724, 2.0097 -0.3597 5.4724, 2.0716 -0.3853 5.4724, 2.1363 -0.4027 5.4724, 2.2027 -0.4114 5.4724, 2.2697 -0.4114 5.4724, 1.572 -0.2431 5.2362, 1.6141 -0.3161 5.2362, 1.619 -0.3128 5.2888, 1.7465 -0.4658 5.2362, 1.8205 -0.5226 5.2362, 1.8238 -0.5177 5.2888, 1.9916 -0.6074 5.2362, 1.9957 -0.609 5.2362, 1.9976 -0.6034 5.2888, 2.1299 -0.6396 5.2362, 2.1873 -0.6471 5.2362, 2.1876 -0.6412 5.2888, 2.2718 -0.6471 5.2362, 2.2851 -0.6471 5.2362, 2.2848 -0.6412 5.2888, 2.4122 -0.6263 5.2362, 2.4767 -0.609 5.2362, 2.4748 -0.6034 5.2888, 2.5465 -0.5801 5.2362, 2.5672 -0.5715 5.2362, 2.5645 -0.5662 5.2888, 2.6694 -0.5092 5.2362, 2.7296 -0.463 5.2362, 2.7257 -0.4585 5.2888, 2.8648 -0.3048 5.2362, 2.9072 -0.2313 5.2362, 2.9019 -0.2286 5.2888, 1.6779 -0.0582 5.4624, 1.6434 -0.0582 5.4495, 1.6544 -0.0979 5.4491, 1.5196 -0.1112 5.2362, 1.5277 -0.1408 5.2362, 1.5334 -0.1389 5.2888, 2.7604 -0.0582 5.4698, 2.7707 -0.0819 5.4665, 2.818 -0.0979 5.4491, 2.796 -0.0582 5.4619, 2.778 -0.0582 5.4659, 2.876 -0.0582 5.4207, 2.8731 -0.0582 5.4232, 2.8604 -0.1123 5.4209, 2.8621 -0.0582 5.4311, 2.8303 -0.0582 5.4489, 2.9004 -0.0582 5.3994, 2.8958 -0.1243 5.3835, 2.9141 -0.0582 5.3831, 2.9235 -0.0582 5.372, 2.9225 -0.1333 5.3387, 2.9296 -0.0582 5.3632, 2.939 -0.1389 5.2888, 2.9613 -0.0582 5.2888, 2.9611 -0.0582 5.29, 2.959 -0.0582 5.2982, 2.9468 -0.0582 5.3317, 2.9431 -0.0582 5.3385, 2.9667 -0.0582 5.2547, 2.9447 -0.1408 5.2362, 2.9675 -0.0582 5.2362, 1.5202 -0.0582 5.3189, 1.5113 -0.0582 5.2887, 1.5101 -0.0582 5.2848, 1.5053 -0.0582 5.2493, 1.5049 -0.0582 5.2362, 1.5226 -0.0582 5.325, 1.5499 -0.1333 5.3387, 1.5295 -0.0582 5.3384, 1.5766 -0.1243 5.3835, 1.5522 -0.0582 5.3765, 1.5389 -0.0582 5.3569, 1.6041 -0.0582 5.4268, 1.5966 -0.0582 5.4205, 1.612 -0.1123 5.4209, 1.5763 -0.0582 5.4036, 1.5581 -0.0582 5.3832, 1.6112 -0.0582 5.4316, 1.6849 -0.0582 5.4643, 1.7017 -0.0819 5.4665, 1.6944 -0.0582 5.466, 1.7218 -0.0582 5.471, 2.7425 -0.1501 5.4665, 2.7873 -0.1722 5.4491, 2.8274 -0.192 5.4209, 2.861 -0.2085 5.3835, 2.8862 -0.2209 5.3387, 2.6606 -0.2727 5.4665, 2.6084 -0.3249 5.4665, 2.6982 -0.3056 5.4491, 2.6414 -0.3625 5.4491, 2.7319 -0.3351 5.4209, 2.6709 -0.3961 5.4209, 2.76 -0.3598 5.3835, 2.6956 -0.4242 5.3835, 2.7812 -0.3783 5.3387, 2.7141 -0.4454 5.3387, 2.7943 -0.3898 5.2888, 1.9865 -0.4068 5.4665, 1.9225 -0.3699 5.4665, 1.9644 -0.4516 5.4491, 1.8948 -0.4114 5.4491, 1.9446 -0.4918 5.4209, 1.8699 -0.4486 5.4209, 1.928 -0.5253 5.3835, 1.8491 -0.4797 5.3835, 1.9156 -0.5506 5.3387, 1.8335 -0.5031 5.3387, 1.9079 -0.5662 5.2888, 1.8118 -0.2727 5.4665, 1.7668 -0.2141 5.4665, 1.7742 -0.3056 5.4491, 1.7253 -0.2418 5.4491, 1.7405 -0.3351 5.4209, 1.688 -0.2667 5.4209, 1.7124 -0.3598 5.3835, 1.6569 -0.2874 5.3835, 1.6912 -0.3783 5.3387, 1.6335 -0.3031 5.3387, 1.6781 -0.3898 5.2888, 2.9292 -0.1781 5.2362, 2.8583 -0.3161 5.2362, 2.8534 -0.3128 5.2888, 2.8389 -0.3031 5.3387, 2.8155 -0.2874 5.3835, 2.7844 -0.2667 5.4209, 2.7471 -0.2418 5.4491, 2.7056 -0.2141 5.4665, 2.7988 -0.3937 5.2362, 2.7766 -0.4159 5.2362, 2.6519 -0.5226 5.2362, 2.6486 -0.5177 5.2888, 2.6389 -0.5031 5.3387, 2.6233 -0.4797 5.3835, 2.6025 -0.4486 5.4209, 2.5776 -0.4114 5.4491, 2.5499 -0.3699 5.4665, 2.4859 -0.4068 5.4665, 2.508 -0.4516 5.4491, 2.5278 -0.4918 5.4209, 2.5444 -0.5253 5.3835, 2.5568 -0.5506 5.3387, 2.4692 -0.5869 5.3387, 2.4602 -0.5602 5.3835, 2.4481 -0.5248 5.4209, 2.4337 -0.4824 5.4491, 2.4177 -0.4351 5.4665, 2.3822 -0.6344 5.2362, 2.381 -0.6286 5.2888, 2.3776 -0.6114 5.3387, 2.3721 -0.5838 5.3835, 2.3648 -0.5471 5.4209, 2.3561 -0.5032 5.4491, 2.3463 -0.4542 5.4665, 2.2731 -0.4639 5.4665, 2.2764 -0.5137 5.4491, 2.2793 -0.5584 5.4209, 2.2818 -0.5957 5.3835, 2.2836 -0.6238 5.3387, 2.1888 -0.6238 5.3387, 2.1906 -0.5957 5.3835, 2.1931 -0.5584 5.4209, 2.196 -0.5137 5.4491, 2.1993 -0.4639 5.4665, 2.0902 -0.6344 5.2362, 2.0914 -0.6286 5.2888, 2.0948 -0.6114 5.3387, 2.1003 -0.5838 5.3835, 2.1076 -0.5471 5.4209, 2.1163 -0.5032 5.4491, 2.1261 -0.4542 5.4665, 2.0547 -0.4351 5.4665, 2.0387 -0.4824 5.4491, 2.0243 -0.5248 5.4209, 2.0122 -0.5602 5.3835, 2.0032 -0.5869 5.3387, 1.9052 -0.5715 5.2362, 1.863 -0.5471 5.2362, 1.7428 -0.463 5.2362, 1.7467 -0.4585 5.2888, 1.7583 -0.4454 5.3387, 1.7768 -0.4242 5.3835, 1.8015 -0.3961 5.4209, 1.831 -0.3625 5.4491, 1.864 -0.3249 5.4665, 1.6736 -0.3937 5.2362, 1.6494 -0.3622 5.2362, 1.5652 -0.2313 5.2362, 1.5705 -0.2286 5.2888, 1.5862 -0.2209 5.3387, 1.6114 -0.2085 5.3835, 1.645 -0.192 5.4209, 1.6851 -0.1722 5.4491, 1.7299 -0.1501 5.4665, 1.7492 0.2568 5.4724, 2.7232 0.2568 5.4724, 1.7515 0.2636 5.4724, 2.7209 0.2636 5.4724, 2.6953 0.3255 5.4724, 2.6619 0.3835 5.4724, 2.6211 0.4366 5.4724, 2.5738 0.484 5.4724, 2.5206 0.5248 5.4724, 1.7771 0.3255 5.4724, 1.8105 0.3835 5.4724, 2.4008 0.5839 5.4724, 2.3361 0.6013 5.4724, 2.2697 0.61 5.4724, 2.4627 0.5583 5.4724, 2.2027 0.61 5.4724, 2.1363 0.6013 5.4724, 2.0716 0.5839 5.4724, 2.0097 0.5583 5.4724, 1.9518 0.5248 5.4724, 1.8986 0.484 5.4724, 1.8513 0.4366 5.4724, 2.9292 0.3767 5.2362, 2.9072 0.4298 5.2362, 2.9019 0.4272 5.2888, 2.8648 0.5033 5.2362, 2.8583 0.5146 5.2362, 2.8534 0.5113 5.2888, 2.7766 0.6145 5.2362, 2.7296 0.6615 5.2362, 2.7257 0.6571 5.2888, 2.6694 0.7077 5.2362, 2.6519 0.7212 5.2362, 2.6486 0.7162 5.2888, 2.5465 0.7787 5.2362, 2.4767 0.8076 5.2362, 2.4748 0.802 5.2888, 2.2718 0.8457 5.2362, 2.1873 0.8457 5.2362, 2.1876 0.8398 5.2888, 1.9916 0.8059 5.2362, 1.9052 0.7701 5.2362, 1.9079 0.7648 5.2888, 1.863 0.7457 5.2362, 1.8205 0.7212 5.2362, 1.8238 0.7162 5.2888, 1.7465 0.6644 5.2362, 1.7428 0.6615 5.2362, 1.7467 0.6571 5.2888, 1.6494 0.5607 5.2362, 1.6141 0.5146 5.2362, 1.619 0.5113 5.2888, 1.572 0.4417 5.2362, 1.5652 0.4298 5.2362, 1.5705 0.4272 5.2888, 2.9558 0.2568 5.3086, 2.9608 0.2568 5.2886, 2.939 0.3375 5.2888, 2.9643 0.2568 5.2741, 2.9447 0.3394 5.2362, 2.9675 0.2568 5.2384, 2.9675 0.2568 5.2362, 2.9537 0.2568 5.3149, 2.9225 0.3319 5.3387, 2.943 0.2568 5.3385, 2.9389 0.2568 5.3476, 2.8958 0.3228 5.3835, 2.9193 0.2568 5.3776, 2.8604 0.3108 5.4209, 2.8906 0.2568 5.4089, 2.9155 0.2568 5.3825, 2.818 0.2965 5.4491, 2.8298 0.2568 5.4487, 2.8567 0.2568 5.4345, 2.862 0.2568 5.4311, 2.8758 0.2568 5.4204, 2.7781 0.2568 5.4662, 2.7828 0.2568 5.4655, 2.7707 0.2804 5.4665, 2.7893 0.2568 5.4638, 2.8241 0.2568 5.4517, 2.7457 0.2568 5.4715, 1.712 0.2568 5.4698, 1.7017 0.2804 5.4665, 1.6944 0.2568 5.466, 1.6786 0.2568 5.4626, 1.6544 0.2965 5.4491, 1.6441 0.2568 5.4498, 1.5965 0.2568 5.4206, 1.601 0.2568 5.4245, 1.612 0.3108 5.4209, 1.6122 0.2568 5.4323, 1.6425 0.2568 5.4489, 1.5736 0.2568 5.401, 1.5766 0.3228 5.3835, 1.5581 0.2568 5.3832, 1.5499 0.3319 5.3387, 1.5328 0.2568 5.3463, 1.5522 0.2568 5.3765, 1.5117 0.2568 5.2886, 1.5161 0.2568 5.3072, 1.5334 0.3375 5.2888, 1.5183 0.2568 5.3137, 1.5293 0.2568 5.3385, 1.5277 0.3394 5.2362, 1.5196 0.3097 5.2362, 1.5078 0.2568 5.2724, 1.5049 0.2568 5.2362, 2.1261 0.6528 5.4665, 2.1993 0.6625 5.4665, 2.1163 0.7018 5.4491, 2.196 0.7123 5.4491, 2.1076 0.7457 5.4209, 2.1931 0.757 5.4209, 2.1003 0.7824 5.3835, 2.1906 0.7943 5.3835, 2.0948 0.81 5.3387, 2.1888 0.8224 5.3387, 2.0914 0.8271 5.2888, 2.3463 0.6528 5.4665, 2.4177 0.6337 5.4665, 2.3561 0.7018 5.4491, 2.4337 0.681 5.4491, 2.3648 0.7457 5.4209, 2.4481 0.7234 5.4209, 2.3721 0.7824 5.3835, 2.4602 0.7588 5.3835, 2.3776 0.81 5.3387, 2.4692 0.7854 5.3387, 2.381 0.8271 5.2888, 1.7299 0.3487 5.4665, 1.6851 0.3707 5.4491, 1.645 0.3905 5.4209, 1.6114 0.4071 5.3835, 1.5862 0.4195 5.3387, 1.6335 0.5016 5.3387, 1.6569 0.486 5.3835, 1.688 0.4652 5.4209, 1.7253 0.4404 5.4491, 1.7668 0.4127 5.4665, 1.6736 0.5923 5.2362, 1.6781 0.5884 5.2888, 1.6912 0.5769 5.3387, 1.7124 0.5583 5.3835, 1.7405 0.5337 5.4209, 1.7742 0.5042 5.4491, 1.8118 0.4713 5.4665, 1.864 0.5235 5.4665, 1.831 0.561 5.4491, 1.8015 0.5947 5.4209, 1.7768 0.6228 5.3835, 1.7583 0.644 5.3387, 1.8335 0.7017 5.3387, 1.8491 0.6783 5.3835, 1.8699 0.6472 5.4209, 1.8948 0.61 5.4491, 1.9225 0.5685 5.4665, 1.9156 0.7491 5.3387, 1.928 0.7239 5.3835, 1.9446 0.6904 5.4209, 1.9644 0.6502 5.4491, 1.9865 0.6054 5.4665, 1.9957 0.8076 5.2362, 1.9976 0.802 5.2888, 2.0032 0.7854 5.3387, 2.0122 0.7588 5.3835, 2.0243 0.7234 5.4209, 2.0387 0.681 5.4491, 2.0547 0.6337 5.4665, 2.0902 0.8329 5.2362, 2.1299 0.8382 5.2362, 2.2851 0.8457 5.2362, 2.2848 0.8398 5.2888, 2.2836 0.8224 5.3387, 2.2818 0.7943 5.3835, 2.2793 0.757 5.4209, 2.2764 0.7123 5.4491, 2.2731 0.6625 5.4665, 2.3822 0.8329 5.2362, 2.4122 0.8249 5.2362, 2.5672 0.7701 5.2362, 2.5645 0.7648 5.2888, 2.5568 0.7491 5.3387, 2.5444 0.7239 5.3835, 2.5278 0.6904 5.4209, 2.508 0.6502 5.4491, 2.4859 0.6054 5.4665, 2.5499 0.5685 5.4665, 2.5776 0.61 5.4491, 2.6025 0.6472 5.4209, 2.6233 0.6783 5.3835, 2.6389 0.7017 5.3387, 2.7141 0.644 5.3387, 2.6956 0.6228 5.3835, 2.6709 0.5947 5.4209, 2.6414 0.561 5.4491, 2.6084 0.5235 5.4665, 2.7988 0.5923 5.2362, 2.7943 0.5884 5.2888, 2.7812 0.5769 5.3387, 2.76 0.5583 5.3835, 2.7319 0.5337 5.4209, 2.6982 0.5042 5.4491, 2.6606 0.4713 5.4665, 2.7056 0.4127 5.4665, 2.7471 0.4404 5.4491, 2.7844 0.4652 5.4209, 2.8155 0.486 5.3835, 2.8389 0.5016 5.3387, 2.8862 0.4195 5.3387, 2.861 0.4071 5.3835, 2.8274 0.3905 5.4209, 2.7873 0.3707 5.4491, 2.7425 0.3487 5.4665, 1.5049 0.2568 5.1575, 2.9298 -0.1784 5.0, 2.9675 -0.0582 5.1575, 2.9577 -0.0983 5.0, 2.9707 -0.0423 5.1575, 2.9691 -0.042 5.0, 2.9776 -0.0004 5.0, 2.9842 0.0993 5.1575, 2.9842 0.0993 5.0, 2.9776 0.199 5.0, 2.9707 0.2409 5.1575, 2.9298 0.377 5.0, 2.9675 0.2568 5.1575, 2.9577 0.2969 5.0, 2.9691 0.2405 5.0, 1.4927 0.1702 5.0, 1.4898 0.1492 5.0, 1.4916 0.1704 5.1575, 1.4898 0.0493 5.0, 1.4916 0.0282 5.1575, 1.4927 0.0283 5.0, 1.5032 -0.0497 5.0, 1.5049 -0.0582 5.1575, 1.52 -0.1111 5.0, 2.9249 -0.1927 5.0, 2.8798 -0.2819 5.0, 2.8644 -0.3044 5.0, 2.8233 -0.3643 5.0, 2.7765 -0.416 5.0, 2.7562 -0.4384 5.0, 2.6799 -0.5029 5.0, 2.6697 -0.5094 5.0, 2.5957 -0.5567 5.0, 2.5462 -0.5796 5.0, 2.505 -0.5988 5.0, 2.4125 -0.6275 5.0, 2.4096 -0.6284 5.0, 2.3111 -0.645 5.0, 2.2717 -0.6463 5.0, 2.2112 -0.6483 5.0, 2.1298 -0.6401 5.0, 2.1118 -0.6383 5.0, 2.0146 -0.6152 5.0, 1.992 -0.6065 5.0, 1.9213 -0.5792 5.0, 1.8629 -0.5472 5.0, 1.8337 -0.5312 5.0, 1.7533 -0.4719 5.0, 1.7467 -0.4656 5.0, 1.6814 -0.4025 5.0, 1.6495 -0.3621 5.0, 1.6195 -0.3241 5.0, 1.5717 -0.2433 5.0, 1.5686 -0.2381 5.0, 1.5296 -0.1461 5.0, 1.5296 0.3447 5.0, 1.5686 0.4367 5.0, 1.5717 0.4419 5.0, 1.5032 0.2483 5.0, 1.52 0.3096 5.0, 1.6195 0.5226 5.0, 1.6495 0.5607 5.0, 1.6814 0.6011 5.0, 1.7467 0.6642 5.0, 1.7533 0.6705 5.0, 1.8337 0.7298 5.0, 2.0146 0.8137 5.0, 2.1118 0.8369 5.0, 2.1298 0.8387 5.0, 1.8629 0.7458 5.0, 1.9213 0.7778 5.0, 1.992 0.805 5.0, 2.3111 0.8436 5.0, 2.4096 0.8269 5.0, 2.4125 0.826 5.0, 2.2112 0.8469 5.0, 2.2717 0.8449 5.0, 2.505 0.7973 5.0, 2.5462 0.7782 5.0, 2.5957 0.7553 5.0, 2.8233 0.5629 5.0, 2.7765 0.6145 5.0, 2.7562 0.637 5.0, 2.6799 0.7015 5.0, 2.6697 0.708 5.0, 2.9249 0.3913 5.0, 2.8798 0.4805 5.0, 2.8644 0.503 5.0, 2.9212 -0.1912 4.9694, 2.9538 -0.0973 4.9694, 2.8763 -0.2799 4.9694, 2.8201 -0.3618 4.9694, 2.7534 -0.4355 4.9694, 2.6775 -0.4997 4.9694, 2.5938 -0.5532 4.9694, 2.5036 -0.595 4.9694, 2.4087 -0.6245 4.9694, 2.3107 -0.641 4.9694, 2.2113 -0.6443 4.9694, 2.1125 -0.6344 4.9694, 2.0158 -0.6113 4.9694, 1.923 -0.5756 4.9694, 1.8359 -0.5278 4.9694, 1.7558 -0.4689 4.9694, 1.6844 -0.3998 4.9694, 1.6228 -0.3218 4.9694, 1.5722 -0.2363 4.9694, 1.5334 -0.1448 4.9694, 1.5071 -0.0489 4.9694, 1.4939 0.0496 4.9694, 1.4939 0.149 4.9694, 1.5071 0.2475 4.9694, 1.5334 0.3433 4.9694, 1.5722 0.4348 4.9694, 1.6228 0.5204 4.9694, 1.6844 0.5984 4.9694, 1.7558 0.6674 4.9694, 1.8359 0.7264 4.9694, 1.923 0.7742 4.9694, 2.0158 0.8099 4.9694, 2.1125 0.8329 4.9694, 2.2113 0.8429 4.9694, 2.3107 0.8396 4.9694, 2.4087 0.823 4.9694, 2.5036 0.7936 4.9694, 2.5938 0.7517 4.9694, 2.6775 0.6983 4.9694, 2.7534 0.6341 4.9694, 2.8201 0.5604 4.9694, 2.8763 0.4784 4.9694, 2.9212 0.3897 4.9694, 2.9538 0.2958 4.9694, 2.9736 0.1985 4.9694, 2.9802 0.0993 4.9694, 2.9736 0.0001 4.9694, 2.9619 0.1969 4.9409, 2.9424 0.2927 4.9409, 2.9103 0.3851 4.9409, 2.8662 0.4724 4.9409, 2.8108 0.5531 4.9409, 2.7452 0.6256 4.9409, 2.6705 0.6888 4.9409, 2.5881 0.7414 4.9409, 2.4994 0.7826 4.9409, 2.4059 0.8115 4.9409, 2.3095 0.8278 4.9409, 2.2117 0.8311 4.9409, 2.1144 0.8213 4.9409, 2.0193 0.7986 4.9409, 1.928 0.7635 4.9409, 1.8422 0.7165 4.9409, 1.7635 0.6584 4.9409, 1.6932 0.5904 4.9409, 1.6325 0.5137 4.9409, 1.5827 0.4295 4.9409, 1.5445 0.3395 4.9409, 1.5187 0.2451 4.9409, 1.5056 0.1482 4.9409, 1.5056 0.0504 4.9409, 1.5187 -0.0466 4.9409, 1.5445 -0.1409 4.9409, 1.5827 -0.2309 4.9409, 1.6325 -0.3151 4.9409, 1.6932 -0.3919 4.9409, 1.7635 -0.4599 4.9409, 1.8422 -0.5179 4.9409, 1.928 -0.5649 4.9409, 2.0193 -0.6 4.9409, 2.1144 -0.6227 4.9409, 2.2117 -0.6325 4.9409, 2.3095 -0.6292 4.9409, 2.4059 -0.613 4.9409, 2.4994 -0.584 4.9409, 2.5881 -0.5428 4.9409, 2.6705 -0.4902 4.9409, 2.7452 -0.427 4.9409, 2.8108 -0.3545 4.9409, 2.8662 -0.2739 4.9409, 2.9103 -0.1866 4.9409, 2.9424 -0.0942 4.9409, 2.9619 0.0017 4.9409, 2.9684 0.0993 4.9409, 2.9433 0.1944 4.9165, 2.9243 0.2878 4.9165, 2.893 0.3778 4.9165, 2.85 0.4629 4.9165, 2.7961 0.5414 4.9165, 2.7322 0.6121 4.9165, 2.6594 0.6737 4.9165, 2.5791 0.7249 4.9165, 2.4926 0.7651 4.9165, 2.4016 0.7933 4.9165, 2.3076 0.8091 4.9165, 2.2124 0.8123 4.9165, 2.1175 0.8028 4.9165, 2.0248 0.7807 4.9165, 1.9359 0.7464 4.9165, 1.8523 0.7006 4.9165, 1.7756 0.6441 4.9165, 1.7071 0.5778 4.9165, 1.648 0.5031 4.9165, 1.5994 0.4211 4.9165, 1.5622 0.3333 4.9165, 1.5371 0.2414 4.9165, 1.5244 0.1469 4.9165, 1.5244 0.0516 4.9165, 1.5371 -0.0428 4.9165, 1.5622 -0.1347 4.9165, 1.5994 -0.2225 4.9165, 1.648 -0.3045 4.9165, 1.7071 -0.3793 4.9165, 1.7756 -0.4455 4.9165, 1.8523 -0.5021 4.9165, 1.9359 -0.5479 4.9165, 2.0248 -0.5821 4.9165, 2.1175 -0.6042 4.9165, 2.2124 -0.6138 4.9165, 2.3076 -0.6106 4.9165, 2.4016 -0.5947 4.9165, 2.4926 -0.5665 4.9165, 2.5791 -0.5264 4.9165, 2.6594 -0.4751 4.9165, 2.7322 -0.4135 4.9165, 2.7961 -0.3429 4.9165, 2.85 -0.2643 4.9165, 2.893 -0.1792 4.9165, 2.9243 -0.0892 4.9165, 2.9433 0.0042 4.9165, 2.9496 0.0993 4.9165, 2.919 0.1911 4.8977, 2.9007 0.2813 4.8977, 2.8705 0.3683 4.8977, 2.829 0.4504 4.8977, 2.7769 0.5263 4.8977, 2.7152 0.5945 4.8977, 2.6449 0.654 4.8977, 2.5673 0.7035 4.8977, 2.4838 0.7422 4.8977, 2.3959 0.7695 4.8977, 2.3052 0.7848 4.8977, 2.2132 0.7879 4.8977, 2.1216 0.7787 4.8977, 2.0321 0.7573 4.8977, 1.9462 0.7243 4.8977, 1.8655 0.68 4.8977, 1.7914 0.6254 4.8977, 1.7252 0.5614 4.8977, 1.6682 0.4892 4.8977, 1.6213 0.41 4.8977, 1.5853 0.3253 4.8977, 1.561 0.2365 4.8977, 1.5488 0.1453 4.8977, 1.5488 0.0533 4.8977, 1.561 -0.0379 4.8977, 1.5853 -0.1267 4.8977, 1.6213 -0.2114 4.8977, 1.6682 -0.2906 4.8977, 1.7252 -0.3629 4.8977, 1.7914 -0.4269 4.8977, 1.8655 -0.4814 4.8977, 1.9462 -0.5257 4.8977, 2.0321 -0.5588 4.8977, 2.1216 -0.5801 4.8977, 2.2132 -0.5893 4.8977, 2.3052 -0.5862 4.8977, 2.3959 -0.5709 4.8977, 2.4838 -0.5437 4.8977, 2.5673 -0.5049 4.8977, 2.6449 -0.4554 4.8977, 2.7152 -0.396 4.8977, 2.7769 -0.3277 4.8977, 2.829 -0.2518 4.8977, 2.8705 -0.1697 4.8977, 2.9007 -0.0827 4.8977, 2.919 0.0075 4.8977, 2.9252 0.0993 4.8977, 2.8908 0.1873 4.8859, 2.8732 0.2738 4.8859, 2.8443 0.3571 4.8859, 2.8045 0.4359 4.8859, 2.7546 0.5086 4.8859, 2.6954 0.5741 4.8859, 2.628 0.631 4.8859, 2.5536 0.6785 4.8859, 2.4736 0.7156 4.8859, 2.3893 0.7418 4.8859, 2.3023 0.7565 4.8859, 2.2141 0.7594 4.8859, 2.1263 0.7506 4.8859, 2.0405 0.7301 4.8859, 1.9582 0.6984 4.8859, 1.8808 0.656 4.8859, 1.8098 0.6037 4.8859, 1.7463 0.5423 4.8859, 1.6917 0.4731 4.8859, 1.6467 0.3972 4.8859, 1.6123 0.3159 4.8859, 1.5889 0.2308 4.8859, 1.5772 0.1434 4.8859, 1.5772 0.0552 4.8859, 1.5889 -0.0323 4.8859, 1.6123 -0.1174 4.8859, 1.6467 -0.1986 4.8859, 1.6917 -0.2745 4.8859, 1.7463 -0.3438 4.8859, 1.8098 -0.4051 4.8859, 1.8808 -0.4574 4.8859, 1.9582 -0.4998 4.8859, 2.0405 -0.5316 4.8859, 2.1263 -0.552 4.8859, 2.2141 -0.5608 4.8859, 2.3023 -0.5579 4.8859, 2.3893 -0.5432 4.8859, 2.4736 -0.5171 4.8859, 2.5536 -0.4799 4.8859, 2.628 -0.4325 4.8859, 2.6954 -0.3755 4.8859, 2.7546 -0.3101 4.8859, 2.8045 -0.2373 4.8859, 2.8443 -0.1586 4.8859, 2.8732 -0.0752 4.8859, 2.8908 0.0113 4.8859, 2.8967 0.0993 4.8859, 2.8605 0.1832 4.8819, 2.8437 0.2657 4.8819, 2.8161 0.3452 4.8819, 2.7782 0.4203 4.8819, 2.7306 0.4897 4.8819, 2.6741 0.5521 4.8819, 2.6099 0.6064 4.8819, 2.5389 0.6517 4.8819, 2.4626 0.6871 4.8819, 2.3822 0.712 4.8819, 2.2993 0.726 4.8819, 2.2152 0.7289 4.8819, 2.1314 0.7204 4.8819, 2.0496 0.7009 4.8819, 1.971 0.6707 4.8819, 1.8973 0.6302 4.8819, 1.8295 0.5803 4.8819, 1.769 0.5218 4.8819, 1.7169 0.4558 4.8819, 1.674 0.3834 4.8819, 1.6411 0.3059 4.8819, 1.6189 0.2248 4.8819, 1.6077 0.1414 4.8819, 1.6077 0.0572 4.8819, 1.6189 -0.0262 4.8819, 1.6411 -0.1073 4.8819, 1.674 -0.1848 4.8819, 1.7169 -0.2572 4.8819, 1.769 -0.3233 4.8819, 1.8295 -0.3818 4.8819, 1.8973 -0.4317 4.8819, 1.971 -0.4721 4.8819, 2.0496 -0.5024 4.8819, 2.1314 -0.5219 4.8819, 2.2152 -0.5303 4.8819, 2.2993 -0.5275 4.8819, 2.3822 -0.5135 4.8819, 2.4626 -0.4885 4.8819, 2.5389 -0.4531 4.8819, 2.6099 -0.4078 4.8819, 2.6741 -0.3535 4.8819, 2.7306 -0.2911 4.8819, 2.7782 -0.2217 4.8819, 2.8161 -0.1466 4.8819, 2.8437 -0.0671 4.8819, 2.8605 0.0153 4.8819, 2.8661 0.0993 4.8819, 1.8559 -0.0026 4.8819, 1.8425 0.0993 4.8819, 1.8559 0.2012 4.8819, 2.5772 -0.0976 4.8819, 2.6165 -0.0026 4.8819, 1.9578 0.3777 4.8819, 1.8952 0.2961 4.8819, 2.4331 -0.2417 4.8819, 2.5146 -0.1791 4.8819, 2.6299 0.0993 4.8819, 2.6165 0.2012 4.8819, 2.5772 0.2961 4.8819, 1.8952 -0.0976 4.8819, 2.1343 -0.281 4.8819, 2.2362 -0.2944 4.8819, 2.4331 0.4402 4.8819, 2.3381 0.4796 4.8819, 2.2362 0.493 4.8819, 1.9578 -0.1791 4.8819, 2.3381 -0.281 4.8819, 2.5146 0.3777 4.8819, 2.0394 0.4402 4.8819, 2.0394 -0.2417 4.8819, 2.1343 0.4796 4.8819, 2.6165 0.2012 3.189, 2.5772 0.2961 3.189, 2.5146 0.3777 3.189, 2.4331 0.4402 3.189, 2.3381 0.4796 3.189, 2.2362 0.493 3.189, 2.1343 0.4796 3.189, 2.0394 0.4402 3.189, 1.9578 0.3777 3.189, 1.8952 0.2961 3.189, 1.8559 0.2012 3.189, 1.8425 0.0993 3.189, 1.8559 -0.0026 3.189, 1.8952 -0.0976 3.189, 1.9578 -0.1791 3.189, 2.0394 -0.2417 3.189, 2.1343 -0.281 3.189, 2.2362 -0.2944 3.189, 2.3381 -0.281 3.189, 2.4331 -0.2417 3.189, 2.5146 -0.1791 3.189, 2.5772 -0.0976 3.189, 2.6165 -0.0026 3.189, 2.6299 0.0993 3.189, 1.5275 1.0598 3.1014, 2.9449 1.0598 3.1014, 1.5275 1.048 3.1299, 2.9449 1.048 3.1299, 1.5275 1.0293 3.1544, 2.9449 1.0293 3.1544, 1.5275 1.0048 3.1732, 2.9449 1.0048 3.1732, 1.5275 0.9763 3.185, 2.9449 0.9763 3.185, 1.5275 0.9457 3.189, 2.9449 0.9457 3.189, 2.9449 -0.7472 3.189, 1.5275 -0.7472 3.189, 1.5275 -0.7777 3.185, 2.9449 -0.7777 3.185, 1.5275 -0.8062 3.1732, 2.9449 -0.8062 3.1732, 1.5275 -0.8307 3.1544, 2.9449 -0.8307 3.1544, 1.5275 -0.8495 3.1299, 2.9449 -0.8495 3.1299, 1.5275 -0.8613 3.1014, 2.9449 -0.8613 3.1014, 1.5275 -0.8613 0.7175, 2.9449 -0.8613 0.7175, 1.5275 -0.8495 0.689, 2.9449 -0.8495 0.689, 1.5275 -0.8307 0.6645, 2.9449 -0.8307 0.6645, 1.5275 -0.8062 0.6457, 2.9449 -0.8062 0.6457, 1.5275 -0.7777 0.6339, 2.9449 -0.7777 0.6339, 1.5275 -0.7472 0.6299, 2.9449 -0.7472 0.6299, 2.9449 0.9457 0.6299, 1.5275 0.9457 0.6299, 1.5275 0.9763 0.6339, 2.9449 0.9763 0.6339, 1.5275 1.0048 0.6457, 2.9449 1.0048 0.6457, 1.5275 1.0293 0.6645, 2.9449 1.0293 0.6645, 1.5275 1.048 0.689, 2.9449 1.048 0.689, 1.5275 1.0598 0.7175, 2.9449 1.0598 0.7175, 2.6299 1.2108 2.1457, 1.8425 1.2108 2.1457, 2.6299 1.2459 2.1457, 1.8425 1.2459 2.1457, 2.6299 1.0848 2.1457, 1.8425 1.0848 2.1457, 2.6299 1.1199 2.1457, 1.8425 1.1199 2.1457, 2.6299 0.9588 2.1457, 1.8425 0.9588 2.1457, 2.6299 0.9939 2.1457, 1.8425 0.9939 2.1457, 2.6299 0.8329 2.1457, 1.8425 0.8329 2.1457, 2.6299 0.8679 2.1457, 1.8425 0.8679 2.1457, 2.6299 0.7069 2.1457, 1.8425 0.7069 2.1457, 2.6299 0.7419 2.1457, 1.8425 0.7419 2.1457, 2.6299 0.5809 2.1457, 1.8425 0.5809 2.1457, 2.6299 0.616 2.1457, 1.8425 0.616 2.1457, 2.6299 0.4549 2.1457, 1.8425 0.4549 2.1457, 2.6299 0.49 2.1457, 1.8425 0.49 2.1457, 2.6299 0.3289 2.1457, 1.8425 0.3289 2.1457, 2.6299 0.364 2.1457, 1.8425 0.364 2.1457, 2.6299 0.2029 2.1457, 1.8425 0.2029 2.1457, 2.6299 0.238 2.1457, 1.8425 0.238 2.1457, 2.6299 0.077 2.1457, 1.8425 0.077 2.1457, 2.6299 0.112 2.1457, 1.8425 0.112 2.1457, 2.6299 -0.049 2.1457, 1.8425 -0.049 2.1457, 2.6299 -0.014 2.1457, 1.8425 -0.014 2.1457, 2.6299 -0.175 2.1457, 1.8425 -0.175 2.1457, 2.6299 -0.14 2.1457, 1.8425 -0.14 2.1457, 2.6299 -0.301 2.1457, 1.8425 -0.301 2.1457, 2.6299 -0.2659 2.1457, 1.8425 -0.2659 2.1457, 2.6299 -0.427 2.1457, 1.8425 -0.427 2.1457, 2.6299 -0.3919 2.1457, 1.8425 -0.3919 2.1457, 2.6299 -0.553 2.1457, 1.8425 -0.553 2.1457, 2.6299 -0.5179 2.1457, 1.8425 -0.5179 2.1457, 2.6299 -0.679 2.1457, 1.8425 -0.679 2.1457, 2.6299 -0.6439 2.1457, 1.8425 -0.6439 2.1457, 2.6299 -1.2205 2.1457, 1.8425 -1.2205 2.1457, 2.6299 -0.7699 2.1457, 1.8425 -0.7699 2.1457, 2.4134 -0.1181 0.0787, 2.059 -0.1181 0.0787, 2.4134 -0.1181 -0.9372, 2.059 -0.1181 -0.9372, 2.2953 -0.1181 -1.378, 2.1771 -0.1181 -1.378, 2.2953 0.1968 -1.378, 2.1771 0.1968 -1.378, 2.4134 0.1968 -0.9372, 2.059 0.1968 -0.9372, 2.4134 0.1968 0.0787, 2.059 0.1968 0.0787, 2.059 0.187 0.1663, 2.4134 0.187 0.1663, 2.059 0.1579 0.2496, 2.4134 0.1579 0.2496, 2.059 0.111 0.3242, 2.4134 0.111 0.3242, 2.059 0.0486 0.3866, 2.4134 0.0486 0.3866, 2.059 -0.026 0.4335, 2.4134 -0.026 0.4335, 2.059 -0.1092 0.4626, 2.4134 -0.1092 0.4626, 2.059 -0.1969 0.4724, 2.4134 -0.1969 0.4724, 2.4134 -0.374 0.4724, 2.059 -0.374 0.4724, 2.6299 -0.5906 0.4724, 1.8425 -0.5906 0.4724, 2.6299 -1.2205 0.4724, 1.8425 -1.2205 0.4724, 2.6299 -1.2409 0.4751, 1.8425 -1.2409 0.4751, 2.6299 -1.2598 0.483, 1.8425 -1.2598 0.483, 2.6299 -1.2762 0.4955, 1.8425 -1.2762 0.4955, 2.6299 -1.2887 0.5118, 1.8425 -1.2887 0.5118, 2.6299 -1.2965 0.5308, 1.8425 -1.2965 0.5308, 2.6299 -1.2992 0.5512, 1.8425 -1.2992 0.5512, 2.6299 -1.2992 2.0669, 1.8425 -1.2992 2.0669, 2.6299 -1.2965 2.0873, 1.8425 -1.2965 2.0873, 2.6299 -1.2887 2.1063, 1.8425 -1.2887 2.1063, 2.6299 -1.2762 2.1226, 1.8425 -1.2762 2.1226, 2.6299 -1.2598 2.1351, 1.8425 -1.2598 2.1351, 2.6299 -1.2409 2.143, 1.8425 -1.2409 2.143, 1.8425 1.3719 2.1457, 2.6299 1.3719 2.1457, 1.8425 1.3368 2.1457, 2.6299 1.3368 2.1457, 1.8425 1.4173 2.4606, 2.6299 1.4173 2.4606, 1.8425 1.4173 2.2244, 2.6299 1.4173 2.2244, 2.6299 -1.2205 2.4606, 1.8425 -1.2205 2.4606, 1.8425 -1.3081 2.4508, 2.6299 -1.3081 2.4508, 1.8425 -1.3913 2.4216, 2.6299 -1.3913 2.4216, 1.8425 -1.4659 2.3747, 2.6299 -1.4659 2.3747, 1.8425 -1.5283 2.3124, 2.6299 -1.5283 2.3124, 1.8425 -1.5752 2.2378, 2.6299 -1.5752 2.2378, 1.8425 -1.6043 2.1545, 2.6299 -1.6043 2.1545, 1.8425 -1.6142 2.0669, 2.6299 -1.6142 2.0669, 2.6299 -1.6142 0.5512, 1.8425 -1.6142 0.5512, 1.8425 -1.6043 0.4636, 2.6299 -1.6043 0.4636, 1.8425 -1.5752 0.3804, 2.6299 -1.5752 0.3804, 1.8425 -1.5283 0.3057, 2.6299 -1.5283 0.3057, 1.8425 -1.4659 0.2434, 2.6299 -1.4659 0.2434, 1.8425 -1.3913 0.1965, 2.6299 -1.3913 0.1965, 1.8425 -1.3081 0.1674, 2.6299 -1.3081 0.1674, 1.8425 -1.2205 0.1575, 2.6299 -1.2205 0.1575, 2.059 -0.374 0.1575, 2.059 -0.1969 0.1575, 2.4134 -0.1969 0.1575, 2.4134 -0.374 0.1575, 2.6299 -0.5906 0.1575, 1.8425 -0.5906 0.1575, 2.4134 -0.1765 0.1548, 2.059 -0.1765 0.1548, 2.4134 -0.1575 0.1469, 2.059 -0.1575 0.1469, 2.4134 -0.1412 0.1344, 2.059 -0.1412 0.1344, 2.4134 -0.1287 0.1181, 2.059 -0.1287 0.1181, 2.4134 -0.1208 0.0991, 2.059 -0.1208 0.0991, 2.6299 1.2913 2.2244, 2.6299 0.7874 2.2244, 2.6299 0.9134 2.2244, 2.6299 -0.7244 2.2244, 2.6299 -0.5984 2.2244, 2.6299 1.1653 2.2244, 2.6299 1.0394 2.2244, 2.6299 -0.4724 2.2244, 2.6299 -0.3465 2.2244, 2.6299 0.1575 2.2244, 2.6299 -0.2205 2.2244, 2.6299 0.0315 2.2244, 2.6299 -0.0945 2.2244, 2.6299 0.2835 2.2244, 2.6299 0.4094 2.2244, 2.6299 0.5354 2.2244, 2.6299 0.6614 2.2244, 1.8425 1.2913 2.2244, 1.8425 1.1653 2.2244, 1.8425 0.9134 2.2244, 1.8425 1.0394 2.2244, 1.8425 0.7874 2.2244, 1.8425 0.0315 2.2244, 1.8425 0.6614 2.2244, 1.8425 0.5354 2.2244, 1.8425 0.2835 2.2244, 1.8425 0.1575 2.2244, 1.8425 -0.0945 2.2244, 1.8425 -0.2205 2.2244, 1.8425 -0.3465 2.2244, 1.8425 0.4094 2.2244, 1.8425 -0.5984 2.2244, 1.8425 -0.4724 2.2244, 1.8425 -0.7244 2.2244, 0.6299 1.2108 2.1457, -0.1575 1.2108 2.1457, 0.6299 1.2459 2.1457, -0.1575 1.2459 2.1457, 0.6299 1.0848 2.1457, -0.1575 1.0848 2.1457, 0.6299 1.1199 2.1457, -0.1575 1.1199 2.1457, 0.6299 0.9588 2.1457, -0.1575 0.9588 2.1457, 0.6299 0.9939 2.1457, -0.1575 0.9939 2.1457, 0.6299 0.8329 2.1457, -0.1575 0.8329 2.1457, 0.6299 0.8679 2.1457, -0.1575 0.8679 2.1457, 0.6299 0.7069 2.1457, -0.1575 0.7069 2.1457, 0.6299 0.7419 2.1457, -0.1575 0.7419 2.1457, 0.6299 0.5809 2.1457, -0.1575 0.5809 2.1457, 0.6299 0.616 2.1457, -0.1575 0.616 2.1457, 0.6299 0.4549 2.1457, -0.1575 0.4549 2.1457, 0.6299 0.49 2.1457, -0.1575 0.49 2.1457, 0.6299 0.3289 2.1457, -0.1575 0.3289 2.1457, 0.6299 0.364 2.1457, -0.1575 0.364 2.1457, 0.6299 0.2029 2.1457, -0.1575 0.2029 2.1457, 0.6299 0.238 2.1457, -0.1575 0.238 2.1457, 0.6299 0.077 2.1457, -0.1575 0.077 2.1457, 0.6299 0.112 2.1457, -0.1575 0.112 2.1457, 0.6299 -0.049 2.1457, -0.1575 -0.049 2.1457, 0.6299 -0.014 2.1457, -0.1575 -0.014 2.1457, 0.6299 -0.175 2.1457, -0.1575 -0.175 2.1457, 0.6299 -0.14 2.1457, -0.1575 -0.14 2.1457, 0.6299 -0.301 2.1457, -0.1575 -0.301 2.1457, 0.6299 -0.2659 2.1457, -0.1575 -0.2659 2.1457, 0.6299 -0.427 2.1457, -0.1575 -0.427 2.1457, 0.6299 -0.3919 2.1457, -0.1575 -0.3919 2.1457, 0.6299 -0.553 2.1457, -0.1575 -0.553 2.1457, 0.6299 -0.5179 2.1457, -0.1575 -0.5179 2.1457, 0.6299 -0.679 2.1457, -0.1575 -0.679 2.1457, 0.6299 -0.6439 2.1457, -0.1575 -0.6439 2.1457, 0.6299 -1.2205 2.1457, -0.1575 -1.2205 2.1457, 0.6299 -0.7699 2.1457, -0.1575 -0.7699 2.1457, 0.4134 -0.1181 0.0787, 0.059 -0.1181 0.0787, 0.4134 -0.1181 -0.9372, 0.059 -0.1181 -0.9372, 0.2953 -0.1181 -1.378, 0.1771 -0.1181 -1.378, 0.2953 0.1968 -1.378, 0.1771 0.1968 -1.378, 0.4134 0.1968 -0.9372, 0.059 0.1968 -0.9372, 0.4134 0.1968 0.0787, 0.059 0.1968 0.0787, 0.059 0.187 0.1663, 0.4134 0.187 0.1663, 0.059 0.1579 0.2496, 0.4134 0.1579 0.2496, 0.059 0.111 0.3242, 0.4134 0.111 0.3242, 0.059 0.0486 0.3866, 0.4134 0.0486 0.3866, 0.059 -0.026 0.4335, 0.4134 -0.026 0.4335, 0.059 -0.1092 0.4626, 0.4134 -0.1092 0.4626, 0.059 -0.1969 0.4724, 0.4134 -0.1969 0.4724, 0.4134 -0.374 0.4724, 0.059 -0.374 0.4724, 0.6299 -0.5906 0.4724, -0.1575 -0.5906 0.4724, 0.6299 -1.2205 0.4724, -0.1575 -1.2205 0.4724, 0.6299 -1.2409 0.4751, -0.1575 -1.2409 0.4751, 0.6299 -1.2598 0.483, -0.1575 -1.2598 0.483, 0.6299 -1.2762 0.4955, -0.1575 -1.2762 0.4955, 0.6299 -1.2887 0.5118, -0.1575 -1.2887 0.5118, 0.6299 -1.2965 0.5308, -0.1575 -1.2965 0.5308, 0.6299 -1.2992 0.5512, -0.1575 -1.2992 0.5512, 0.6299 -1.2992 2.0669, -0.1575 -1.2992 2.0669, 0.6299 -1.2965 2.0873, -0.1575 -1.2965 2.0873, 0.6299 -1.2887 2.1063, -0.1575 -1.2887 2.1063, 0.6299 -1.2762 2.1226, -0.1575 -1.2762 2.1226, 0.6299 -1.2598 2.1351, -0.1575 -1.2598 2.1351, 0.6299 -1.2409 2.143, -0.1575 -1.2409 2.143, -0.1575 1.3719 2.1457, 0.6299 1.3719 2.1457, -0.1575 1.3368 2.1457, 0.6299 1.3368 2.1457, -0.1575 1.4173 2.4606, 0.6299 1.4173 2.4606, -0.1575 1.4173 2.2244, 0.6299 1.4173 2.2244, 0.6299 -1.2205 2.4606, -0.1575 -1.2205 2.4606, -0.1575 -1.3081 2.4508, 0.6299 -1.3081 2.4508, -0.1575 -1.3913 2.4216, 0.6299 -1.3913 2.4216, -0.1575 -1.4659 2.3747, 0.6299 -1.4659 2.3747, -0.1575 -1.5283 2.3124, 0.6299 -1.5283 2.3124, -0.1575 -1.5752 2.2378, 0.6299 -1.5752 2.2378, -0.1575 -1.6043 2.1545, 0.6299 -1.6043 2.1545, -0.1575 -1.6142 2.0669, 0.6299 -1.6142 2.0669, 0.6299 -1.6142 0.5512, -0.1575 -1.6142 0.5512, -0.1575 -1.6043 0.4636, 0.6299 -1.6043 0.4636, -0.1575 -1.5752 0.3804, 0.6299 -1.5752 0.3804, -0.1575 -1.5283 0.3057, 0.6299 -1.5283 0.3057, -0.1575 -1.4659 0.2434, 0.6299 -1.4659 0.2434, -0.1575 -1.3913 0.1965, 0.6299 -1.3913 0.1965, -0.1575 -1.3081 0.1674, 0.6299 -1.3081 0.1674, -0.1575 -1.2205 0.1575, 0.6299 -1.2205 0.1575, 0.059 -0.374 0.1575, 0.059 -0.1969 0.1575, 0.4134 -0.1969 0.1575, 0.4134 -0.374 0.1575, 0.6299 -0.5906 0.1575, -0.1575 -0.5906 0.1575, 0.4134 -0.1765 0.1548, 0.059 -0.1765 0.1548, 0.4134 -0.1575 0.1469, 0.059 -0.1575 0.1469, 0.4134 -0.1412 0.1344, 0.059 -0.1412 0.1344, 0.4134 -0.1287 0.1181, 0.059 -0.1287 0.1181, 0.4134 -0.1208 0.0991, 0.059 -0.1208 0.0991, 0.6299 1.2913 2.2244, 0.6299 0.7874 2.2244, 0.6299 0.9134 2.2244, 0.6299 -0.7244 2.2244, 0.6299 -0.5984 2.2244, 0.6299 1.1653 2.2244, 0.6299 1.0394 2.2244, 0.6299 -0.4724 2.2244, 0.6299 -0.3465 2.2244, 0.6299 0.1575 2.2244, 0.6299 -0.2205 2.2244, 0.6299 0.0315 2.2244, 0.6299 -0.0945 2.2244, 0.6299 0.2835 2.2244, 0.6299 0.4094 2.2244, 0.6299 0.5354 2.2244, 0.6299 0.6614 2.2244, -0.1575 1.2913 2.2244, -0.1575 1.1653 2.2244, -0.1575 0.9134 2.2244, -0.1575 1.0394 2.2244, -0.1575 0.7874 2.2244, -0.1575 0.0315 2.2244, -0.1575 0.6614 2.2244, -0.1575 0.5354 2.2244, -0.1575 0.2835 2.2244, -0.1575 0.1575 2.2244, -0.1575 -0.0945 2.2244, -0.1575 -0.2205 2.2244, -0.1575 -0.3465 2.2244, -0.1575 0.4094 2.2244, -0.1575 -0.5984 2.2244, -0.1575 -0.4724 2.2244, -0.1575 -0.7244 2.2244, -1.3701 1.2108 2.1457, -2.1575 1.2108 2.1457, -1.3701 1.2459 2.1457, -2.1575 1.2459 2.1457, -1.3701 1.0848 2.1457, -2.1575 1.0848 2.1457, -1.3701 1.1199 2.1457, -2.1575 1.1199 2.1457, -1.3701 0.9588 2.1457, -2.1575 0.9588 2.1457, -1.3701 0.9939 2.1457, -2.1575 0.9939 2.1457, -1.3701 0.8329 2.1457, -2.1575 0.8329 2.1457, -1.3701 0.8679 2.1457, -2.1575 0.8679 2.1457, -1.3701 0.7069 2.1457, -2.1575 0.7069 2.1457, -1.3701 0.7419 2.1457, -2.1575 0.7419 2.1457, -1.3701 0.5809 2.1457, -2.1575 0.5809 2.1457, -1.3701 0.616 2.1457, -2.1575 0.616 2.1457, -1.3701 0.4549 2.1457, -2.1575 0.4549 2.1457, -1.3701 0.49 2.1457, -2.1575 0.49 2.1457, -1.3701 0.3289 2.1457, -2.1575 0.3289 2.1457, -1.3701 0.364 2.1457, -2.1575 0.364 2.1457, -1.3701 0.2029 2.1457, -2.1575 0.2029 2.1457, -1.3701 0.238 2.1457, -2.1575 0.238 2.1457, -1.3701 0.077 2.1457, -2.1575 0.077 2.1457, -1.3701 0.112 2.1457, -2.1575 0.112 2.1457, -1.3701 -0.049 2.1457, -2.1575 -0.049 2.1457, -1.3701 -0.014 2.1457, -2.1575 -0.014 2.1457, -1.3701 -0.175 2.1457, -2.1575 -0.175 2.1457, -1.3701 -0.14 2.1457, -2.1575 -0.14 2.1457, -1.3701 -0.301 2.1457, -2.1575 -0.301 2.1457, -1.3701 -0.2659 2.1457, -2.1575 -0.2659 2.1457, -1.3701 -0.427 2.1457, -2.1575 -0.427 2.1457, -1.3701 -0.3919 2.1457, -2.1575 -0.3919 2.1457, -1.3701 -0.553 2.1457, -2.1575 -0.553 2.1457, -1.3701 -0.5179 2.1457, -2.1575 -0.5179 2.1457, -1.3701 -0.679 2.1457, -2.1575 -0.679 2.1457, -1.3701 -0.6439 2.1457, -2.1575 -0.6439 2.1457, -1.3701 -1.2205 2.1457, -2.1575 -1.2205 2.1457, -1.3701 -0.7699 2.1457, -2.1575 -0.7699 2.1457, -1.5866 -0.1181 0.0787, -1.941 -0.1181 0.0787, -1.5866 -0.1181 -0.9372, -1.941 -0.1181 -0.9372, -1.7047 -0.1181 -1.378, -1.8229 -0.1181 -1.378, -1.7047 0.1968 -1.378, -1.8229 0.1968 -1.378, -1.5866 0.1968 -0.9372, -1.941 0.1968 -0.9372, -1.5866 0.1968 0.0787, -1.941 0.1968 0.0787, -1.941 0.187 0.1663, -1.5866 0.187 0.1663, -1.941 0.1579 0.2496, -1.5866 0.1579 0.2496, -1.941 0.111 0.3242, -1.5866 0.111 0.3242, -1.941 0.0486 0.3866, -1.5866 0.0486 0.3866, -1.941 -0.026 0.4335, -1.5866 -0.026 0.4335, -1.941 -0.1092 0.4626, -1.5866 -0.1092 0.4626, -1.941 -0.1969 0.4724, -1.5866 -0.1969 0.4724, -1.5866 -0.374 0.4724, -1.941 -0.374 0.4724, -1.3701 -0.5906 0.4724, -2.1575 -0.5906 0.4724, -1.3701 -1.2205 0.4724, -2.1575 -1.2205 0.4724, -1.3701 -1.2409 0.4751, -2.1575 -1.2409 0.4751, -1.3701 -1.2598 0.483, -2.1575 -1.2598 0.483, -1.3701 -1.2762 0.4955, -2.1575 -1.2762 0.4955, -1.3701 -1.2887 0.5118, -2.1575 -1.2887 0.5118, -1.3701 -1.2965 0.5308, -2.1575 -1.2965 0.5308, -1.3701 -1.2992 0.5512, -2.1575 -1.2992 0.5512, -1.3701 -1.2992 2.0669, -2.1575 -1.2992 2.0669, -1.3701 -1.2965 2.0873, -2.1575 -1.2965 2.0873, -1.3701 -1.2887 2.1063, -2.1575 -1.2887 2.1063, -1.3701 -1.2762 2.1226, -2.1575 -1.2762 2.1226, -1.3701 -1.2598 2.1351, -2.1575 -1.2598 2.1351, -1.3701 -1.2409 2.143, -2.1575 -1.2409 2.143, -2.1575 1.3719 2.1457, -1.3701 1.3719 2.1457, -2.1575 1.3368 2.1457, -1.3701 1.3368 2.1457, -2.1575 1.4173 2.4606, -1.3701 1.4173 2.4606, -2.1575 1.4173 2.2244, -1.3701 1.4173 2.2244, -1.3701 -1.2205 2.4606, -2.1575 -1.2205 2.4606, -2.1575 -1.3081 2.4508, -1.3701 -1.3081 2.4508, -2.1575 -1.3913 2.4216, -1.3701 -1.3913 2.4216, -2.1575 -1.4659 2.3747, -1.3701 -1.4659 2.3747, -2.1575 -1.5283 2.3124, -1.3701 -1.5283 2.3124, -2.1575 -1.5752 2.2378, -1.3701 -1.5752 2.2378, -2.1575 -1.6043 2.1545, -1.3701 -1.6043 2.1545, -2.1575 -1.6142 2.0669, -1.3701 -1.6142 2.0669, -1.3701 -1.6142 0.5512, -2.1575 -1.6142 0.5512, -2.1575 -1.6043 0.4636, -1.3701 -1.6043 0.4636, -2.1575 -1.5752 0.3804, -1.3701 -1.5752 0.3804, -2.1575 -1.5283 0.3057, -1.3701 -1.5283 0.3057, -2.1575 -1.4659 0.2434, -1.3701 -1.4659 0.2434, -2.1575 -1.3913 0.1965, -1.3701 -1.3913 0.1965, -2.1575 -1.3081 0.1674, -1.3701 -1.3081 0.1674, -2.1575 -1.2205 0.1575, -1.3701 -1.2205 0.1575, -1.941 -0.374 0.1575, -1.941 -0.1969 0.1575, -1.5866 -0.1969 0.1575, -1.5866 -0.374 0.1575, -1.3701 -0.5906 0.1575, -2.1575 -0.5906 0.1575, -1.5866 -0.1765 0.1548, -1.941 -0.1765 0.1548, -1.5866 -0.1575 0.1469, -1.941 -0.1575 0.1469, -1.5866 -0.1412 0.1344, -1.941 -0.1412 0.1344, -1.5866 -0.1287 0.1181, -1.941 -0.1287 0.1181, -1.5866 -0.1208 0.0991, -1.941 -0.1208 0.0991, -1.3701 1.2913 2.2244, -1.3701 0.7874 2.2244, -1.3701 0.9134 2.2244, -1.3701 -0.7244 2.2244, -1.3701 -0.5984 2.2244, -1.3701 1.1653 2.2244, -1.3701 1.0394 2.2244, -1.3701 -0.4724 2.2244, -1.3701 -0.3465 2.2244, -1.3701 0.1575 2.2244, -1.3701 -0.2205 2.2244, -1.3701 0.0315 2.2244, -1.3701 -0.0945 2.2244, -1.3701 0.2835 2.2244, -1.3701 0.4094 2.2244, -1.3701 0.5354 2.2244, -1.3701 0.6614 2.2244, -2.1575 1.2913 2.2244, -2.1575 1.1653 2.2244, -2.1575 0.9134 2.2244, -2.1575 1.0394 2.2244, -2.1575 0.7874 2.2244, -2.1575 0.0315 2.2244, -2.1575 0.6614 2.2244, -2.1575 0.5354 2.2244, -2.1575 0.2835 2.2244, -2.1575 0.1575 2.2244, -2.1575 -0.0945 2.2244, -2.1575 -0.2205 2.2244, -2.1575 -0.3465 2.2244, -2.1575 0.4094 2.2244, -2.1575 -0.5984 2.2244, -2.1575 -0.4724 2.2244, -2.1575 -0.7244 2.2244, 0.6693 -0.8653 2.4803, 0.9449 -0.8653 3.0709, -0.1969 -0.8653 2.4803, -0.4725 -0.8653 3.0709, -0.1969 -0.8653 1.1417, -0.4725 -0.8653 0.748, 0.6693 -0.8653 1.1417, 0.9449 -0.8653 0.748, 0.6693 1.0639 2.4803, 0.9449 1.0639 3.0709, 0.6693 1.0639 1.1417, 0.9449 1.0639 0.748, -0.1969 1.0639 1.1417, -0.4725 1.0639 0.748, -0.1969 1.0639 2.4803, -0.4725 1.0639 3.0709, -0.1895 -0.1849 5.4724, -0.1487 -0.238 5.4724, 0.0716 -0.3853 5.4724, -0.2485 -0.065 5.4724, 0.1363 -0.4027 5.4724, 0.2027 -0.4114 5.4724, 0.5206 -0.3262 5.4724, 0.4627 -0.3597 5.4724, 0.4008 -0.3853 5.4724, -0.2229 -0.1269 5.4724, -0.1014 -0.2854 5.4724, -0.0482 -0.3262 5.4724, 0.0097 -0.3597 5.4724, 0.2697 -0.4114 5.4724, 0.3361 -0.4027 5.4724, 0.5738 -0.2854 5.4724, 0.6211 -0.238 5.4724, 0.6619 -0.1849 5.4724, 0.7232 -0.0582 5.4724, -0.2508 -0.0582 5.4724, 0.7209 -0.065 5.4724, 0.6953 -0.1269 5.4724, -0.428 -0.2431 5.2362, -0.3859 -0.3161 5.2362, -0.381 -0.3128 5.2888, -0.2535 -0.4658 5.2362, -0.1795 -0.5226 5.2362, -0.1762 -0.5177 5.2888, -0.0084 -0.6074 5.2362, -0.0043 -0.609 5.2362, -0.0024 -0.6034 5.2888, 0.1299 -0.6396 5.2362, 0.1873 -0.6471 5.2362, 0.1876 -0.6412 5.2888, 0.2718 -0.6471 5.2362, 0.2851 -0.6471 5.2362, 0.2848 -0.6412 5.2888, 0.4122 -0.6263 5.2362, 0.4767 -0.609 5.2362, 0.4748 -0.6034 5.2888, 0.5465 -0.5801 5.2362, 0.5672 -0.5715 5.2362, 0.5645 -0.5662 5.2888, 0.6694 -0.5092 5.2362, 0.7296 -0.463 5.2362, 0.7257 -0.4585 5.2888, 0.8648 -0.3048 5.2362, 0.9072 -0.2313 5.2362, 0.9019 -0.2286 5.2888, -0.3221 -0.0582 5.4624, -0.3566 -0.0582 5.4495, -0.3456 -0.0979 5.4491, -0.4804 -0.1112 5.2362, -0.4723 -0.1408 5.2362, -0.4666 -0.1389 5.2888, 0.7604 -0.0582 5.4698, 0.7707 -0.0819 5.4665, 0.818 -0.0979 5.4491, 0.796 -0.0582 5.4619, 0.778 -0.0582 5.4659, 0.876 -0.0582 5.4207, 0.8731 -0.0582 5.4232, 0.8604 -0.1123 5.4209, 0.8621 -0.0582 5.4311, 0.8303 -0.0582 5.4489, 0.9004 -0.0582 5.3994, 0.8958 -0.1243 5.3835, 0.9141 -0.0582 5.3831, 0.9235 -0.0582 5.372, 0.9225 -0.1333 5.3387, 0.9296 -0.0582 5.3632, 0.939 -0.1389 5.2888, 0.9613 -0.0582 5.2888, 0.9611 -0.0582 5.29, 0.959 -0.0582 5.2982, 0.9468 -0.0582 5.3317, 0.9431 -0.0582 5.3385, 0.9667 -0.0582 5.2547, 0.9447 -0.1408 5.2362, 0.9675 -0.0582 5.2362, -0.4798 -0.0582 5.3189, -0.4887 -0.0582 5.2887, -0.4899 -0.0582 5.2848, -0.4947 -0.0582 5.2493, -0.4951 -0.0582 5.2362, -0.4774 -0.0582 5.325, -0.4501 -0.1333 5.3387, -0.4705 -0.0582 5.3384, -0.4234 -0.1243 5.3835, -0.4478 -0.0582 5.3765, -0.4611 -0.0582 5.3569, -0.3959 -0.0582 5.4268, -0.4034 -0.0582 5.4205, -0.388 -0.1123 5.4209, -0.4237 -0.0582 5.4036, -0.4419 -0.0582 5.3832, -0.3888 -0.0582 5.4316, -0.3151 -0.0582 5.4643, -0.2983 -0.0819 5.4665, -0.3056 -0.0582 5.466, -0.2782 -0.0582 5.471, 0.7425 -0.1501 5.4665, 0.7873 -0.1722 5.4491, 0.8274 -0.192 5.4209, 0.861 -0.2085 5.3835, 0.8862 -0.2209 5.3387, 0.6606 -0.2727 5.4665, 0.6084 -0.3249 5.4665, 0.6982 -0.3056 5.4491, 0.6414 -0.3625 5.4491, 0.7319 -0.3351 5.4209, 0.6709 -0.3961 5.4209, 0.76 -0.3598 5.3835, 0.6956 -0.4242 5.3835, 0.7812 -0.3783 5.3387, 0.7141 -0.4454 5.3387, 0.7943 -0.3898 5.2888, -0.0135 -0.4068 5.4665, -0.0775 -0.3699 5.4665, -0.0356 -0.4516 5.4491, -0.1052 -0.4114 5.4491, -0.0554 -0.4918 5.4209, -0.1301 -0.4486 5.4209, -0.072 -0.5253 5.3835, -0.1509 -0.4797 5.3835, -0.0844 -0.5506 5.3387, -0.1665 -0.5031 5.3387, -0.0921 -0.5662 5.2888, -0.1882 -0.2727 5.4665, -0.2332 -0.2141 5.4665, -0.2258 -0.3056 5.4491, -0.2747 -0.2418 5.4491, -0.2595 -0.3351 5.4209, -0.312 -0.2667 5.4209, -0.2876 -0.3598 5.3835, -0.3431 -0.2874 5.3835, -0.3088 -0.3783 5.3387, -0.3665 -0.3031 5.3387, -0.3219 -0.3898 5.2888, 0.9292 -0.1781 5.2362, 0.8583 -0.3161 5.2362, 0.8534 -0.3128 5.2888, 0.8389 -0.3031 5.3387, 0.8155 -0.2874 5.3835, 0.7844 -0.2667 5.4209, 0.7471 -0.2418 5.4491, 0.7056 -0.2141 5.4665, 0.7988 -0.3937 5.2362, 0.7766 -0.4159 5.2362, 0.6519 -0.5226 5.2362, 0.6486 -0.5177 5.2888, 0.6389 -0.5031 5.3387, 0.6233 -0.4797 5.3835, 0.6025 -0.4486 5.4209, 0.5776 -0.4114 5.4491, 0.5499 -0.3699 5.4665, 0.4859 -0.4068 5.4665, 0.508 -0.4516 5.4491, 0.5278 -0.4918 5.4209, 0.5444 -0.5253 5.3835, 0.5568 -0.5506 5.3387, 0.4692 -0.5869 5.3387, 0.4602 -0.5602 5.3835, 0.4481 -0.5248 5.4209, 0.4337 -0.4824 5.4491, 0.4177 -0.4351 5.4665, 0.3822 -0.6344 5.2362, 0.381 -0.6286 5.2888, 0.3776 -0.6114 5.3387, 0.3721 -0.5838 5.3835, 0.3648 -0.5471 5.4209, 0.3561 -0.5032 5.4491, 0.3463 -0.4542 5.4665, 0.2731 -0.4639 5.4665, 0.2764 -0.5137 5.4491, 0.2793 -0.5584 5.4209, 0.2818 -0.5957 5.3835, 0.2836 -0.6238 5.3387, 0.1888 -0.6238 5.3387, 0.1906 -0.5957 5.3835, 0.1931 -0.5584 5.4209, 0.196 -0.5137 5.4491, 0.1993 -0.4639 5.4665, 0.0902 -0.6344 5.2362, 0.0914 -0.6286 5.2888, 0.0948 -0.6114 5.3387, 0.1003 -0.5838 5.3835, 0.1076 -0.5471 5.4209, 0.1163 -0.5032 5.4491, 0.1261 -0.4542 5.4665, 0.0547 -0.4351 5.4665, 0.0387 -0.4824 5.4491, 0.0243 -0.5248 5.4209, 0.0122 -0.5602 5.3835, 0.0032 -0.5869 5.3387, -0.0948 -0.5715 5.2362, -0.137 -0.5471 5.2362, -0.2572 -0.463 5.2362, -0.2533 -0.4585 5.2888, -0.2417 -0.4454 5.3387, -0.2232 -0.4242 5.3835, -0.1985 -0.3961 5.4209, -0.169 -0.3625 5.4491, -0.136 -0.3249 5.4665, -0.3264 -0.3937 5.2362, -0.3506 -0.3622 5.2362, -0.4348 -0.2313 5.2362, -0.4295 -0.2286 5.2888, -0.4138 -0.2209 5.3387, -0.3886 -0.2085 5.3835, -0.355 -0.192 5.4209, -0.3149 -0.1722 5.4491, -0.2701 -0.1501 5.4665, -0.2508 0.2568 5.4724, 0.7232 0.2568 5.4724, -0.2485 0.2636 5.4724, 0.7209 0.2636 5.4724, 0.4008 0.5839 5.4724, 0.3361 0.6013 5.4724, 0.2697 0.61 5.4724, 0.6953 0.3255 5.4724, 0.6619 0.3835 5.4724, 0.6211 0.4366 5.4724, 0.4627 0.5583 5.4724, 0.5206 0.5248 5.4724, 0.2027 0.61 5.4724, 0.1363 0.6013 5.4724, 0.0716 0.5839 5.4724, 0.0097 0.5583 5.4724, -0.0482 0.5248 5.4724, -0.1014 0.484 5.4724, -0.1487 0.4366 5.4724, -0.1895 0.3835 5.4724, 0.5738 0.484 5.4724, -0.2229 0.3255 5.4724, 0.9292 0.3767 5.2362, 0.9072 0.4298 5.2362, 0.9019 0.4272 5.2888, 0.8648 0.5033 5.2362, 0.8583 0.5146 5.2362, 0.8534 0.5113 5.2888, 0.7766 0.6145 5.2362, 0.7296 0.6615 5.2362, 0.7257 0.6571 5.2888, 0.6694 0.7077 5.2362, 0.6519 0.7212 5.2362, 0.6486 0.7162 5.2888, 0.5465 0.7787 5.2362, 0.4767 0.8076 5.2362, 0.4748 0.802 5.2888, 0.2718 0.8457 5.2362, 0.1873 0.8457 5.2362, 0.1876 0.8398 5.2888, -0.0084 0.8059 5.2362, -0.0948 0.7701 5.2362, -0.0921 0.7648 5.2888, -0.137 0.7457 5.2362, -0.1795 0.7212 5.2362, -0.1762 0.7162 5.2888, -0.2535 0.6644 5.2362, -0.2572 0.6615 5.2362, -0.2533 0.6571 5.2888, -0.3506 0.5607 5.2362, -0.3859 0.5146 5.2362, -0.381 0.5113 5.2888, -0.428 0.4417 5.2362, -0.4348 0.4298 5.2362, -0.4295 0.4272 5.2888, 0.9558 0.2568 5.3086, 0.9608 0.2568 5.2886, 0.939 0.3375 5.2888, 0.9643 0.2568 5.2741, 0.9447 0.3394 5.2362, 0.9675 0.2568 5.2384, 0.9675 0.2568 5.2362, 0.9537 0.2568 5.3149, 0.9225 0.3319 5.3387, 0.943 0.2568 5.3385, 0.9389 0.2568 5.3476, 0.8958 0.3228 5.3835, 0.9193 0.2568 5.3776, 0.8604 0.3108 5.4209, 0.8906 0.2568 5.4089, 0.9155 0.2568 5.3825, 0.818 0.2965 5.4491, 0.8298 0.2568 5.4487, 0.8567 0.2568 5.4345, 0.862 0.2568 5.4311, 0.8758 0.2568 5.4204, 0.7781 0.2568 5.4662, 0.7828 0.2568 5.4655, 0.7707 0.2804 5.4665, 0.7893 0.2568 5.4638, 0.8241 0.2568 5.4517, 0.7457 0.2568 5.4715, -0.288 0.2568 5.4698, -0.2983 0.2804 5.4665, -0.3056 0.2568 5.466, -0.3214 0.2568 5.4626, -0.3456 0.2965 5.4491, -0.3559 0.2568 5.4498, -0.4035 0.2568 5.4206, -0.399 0.2568 5.4245, -0.388 0.3108 5.4209, -0.3878 0.2568 5.4323, -0.3575 0.2568 5.4489, -0.4264 0.2568 5.401, -0.4234 0.3228 5.3835, -0.4419 0.2568 5.3832, -0.4501 0.3319 5.3387, -0.4672 0.2568 5.3463, -0.4478 0.2568 5.3765, -0.4883 0.2568 5.2886, -0.4839 0.2568 5.3072, -0.4666 0.3375 5.2888, -0.4817 0.2568 5.3137, -0.4707 0.2568 5.3385, -0.4723 0.3394 5.2362, -0.4804 0.3097 5.2362, -0.4922 0.2568 5.2724, -0.4951 0.2568 5.2362, 0.1261 0.6528 5.4665, 0.1993 0.6625 5.4665, 0.1163 0.7018 5.4491, 0.196 0.7123 5.4491, 0.1076 0.7457 5.4209, 0.1931 0.757 5.4209, 0.1003 0.7824 5.3835, 0.1906 0.7943 5.3835, 0.0948 0.81 5.3387, 0.1888 0.8224 5.3387, 0.0914 0.8271 5.2888, 0.3463 0.6528 5.4665, 0.4177 0.6337 5.4665, 0.3561 0.7018 5.4491, 0.4337 0.681 5.4491, 0.3648 0.7457 5.4209, 0.4481 0.7234 5.4209, 0.3721 0.7824 5.3835, 0.4602 0.7588 5.3835, 0.3776 0.81 5.3387, 0.4692 0.7854 5.3387, 0.381 0.8271 5.2888, -0.2701 0.3487 5.4665, -0.3149 0.3707 5.4491, -0.355 0.3905 5.4209, -0.3886 0.4071 5.3835, -0.4138 0.4195 5.3387, -0.3665 0.5016 5.3387, -0.3431 0.486 5.3835, -0.312 0.4652 5.4209, -0.2747 0.4404 5.4491, -0.2332 0.4127 5.4665, -0.3264 0.5923 5.2362, -0.3219 0.5884 5.2888, -0.3088 0.5769 5.3387, -0.2876 0.5583 5.3835, -0.2595 0.5337 5.4209, -0.2258 0.5042 5.4491, -0.1882 0.4713 5.4665, -0.136 0.5235 5.4665, -0.169 0.561 5.4491, -0.1985 0.5947 5.4209, -0.2232 0.6228 5.3835, -0.2417 0.644 5.3387, -0.1665 0.7017 5.3387, -0.1509 0.6783 5.3835, -0.1301 0.6472 5.4209, -0.1052 0.61 5.4491, -0.0775 0.5685 5.4665, -0.0844 0.7491 5.3387, -0.072 0.7239 5.3835, -0.0554 0.6904 5.4209, -0.0356 0.6502 5.4491, -0.0135 0.6054 5.4665, -0.0043 0.8076 5.2362, -0.0024 0.802 5.2888, 0.0032 0.7854 5.3387, 0.0122 0.7588 5.3835, 0.0243 0.7234 5.4209, 0.0387 0.681 5.4491, 0.0547 0.6337 5.4665, 0.0902 0.8329 5.2362, 0.1299 0.8382 5.2362, 0.2851 0.8457 5.2362, 0.2848 0.8398 5.2888, 0.2836 0.8224 5.3387, 0.2818 0.7943 5.3835, 0.2793 0.757 5.4209, 0.2764 0.7123 5.4491, 0.2731 0.6625 5.4665, 0.3822 0.8329 5.2362, 0.4122 0.8249 5.2362, 0.5672 0.7701 5.2362, 0.5645 0.7648 5.2888, 0.5568 0.7491 5.3387, 0.5444 0.7239 5.3835, 0.5278 0.6904 5.4209, 0.508 0.6502 5.4491, 0.4859 0.6054 5.4665, 0.5499 0.5685 5.4665, 0.5776 0.61 5.4491, 0.6025 0.6472 5.4209, 0.6233 0.6783 5.3835, 0.6389 0.7017 5.3387, 0.7141 0.644 5.3387, 0.6956 0.6228 5.3835, 0.6709 0.5947 5.4209, 0.6414 0.561 5.4491, 0.6084 0.5235 5.4665, 0.7988 0.5923 5.2362, 0.7943 0.5884 5.2888, 0.7812 0.5769 5.3387, 0.76 0.5583 5.3835, 0.7319 0.5337 5.4209, 0.6982 0.5042 5.4491, 0.6606 0.4713 5.4665, 0.7056 0.4127 5.4665, 0.7471 0.4404 5.4491, 0.7844 0.4652 5.4209, 0.8155 0.486 5.3835, 0.8389 0.5016 5.3387, 0.8862 0.4195 5.3387, 0.861 0.4071 5.3835, 0.8274 0.3905 5.4209, 0.7873 0.3707 5.4491, 0.7425 0.3487 5.4665, -0.4951 0.2568 5.1575, 0.9298 -0.1784 5.0, 0.9675 -0.0582 5.1575, 0.9577 -0.0983 5.0, 0.9707 -0.0423 5.1575, 0.9691 -0.042 5.0, 0.9776 -0.0004 5.0, 0.9842 0.0993 5.1575, 0.9842 0.0993 5.0, 0.9776 0.199 5.0, 0.9707 0.2409 5.1575, 0.9298 0.377 5.0, 0.9675 0.2568 5.1575, 0.9577 0.2969 5.0, 0.9691 0.2405 5.0, -0.5073 0.1702 5.0, -0.5102 0.1492 5.0, -0.5084 0.1704 5.1575, -0.5102 0.0493 5.0, -0.5084 0.0282 5.1575, -0.5073 0.0283 5.0, -0.4968 -0.0497 5.0, -0.4951 -0.0582 5.1575, -0.48 -0.1111 5.0, 0.9249 -0.1927 5.0, 0.8798 -0.2819 5.0, 0.8644 -0.3044 5.0, 0.8233 -0.3643 5.0, 0.7765 -0.416 5.0, 0.7562 -0.4384 5.0, 0.6799 -0.5029 5.0, 0.6697 -0.5094 5.0, 0.5957 -0.5567 5.0, 0.5462 -0.5796 5.0, 0.505 -0.5988 5.0, 0.4125 -0.6275 5.0, 0.4096 -0.6284 5.0, 0.3111 -0.645 5.0, 0.2717 -0.6463 5.0, 0.2112 -0.6483 5.0, 0.1298 -0.6401 5.0, 0.1118 -0.6383 5.0, 0.0146 -0.6152 5.0, -0.008 -0.6065 5.0, -0.0787 -0.5792 5.0, -0.1371 -0.5472 5.0, -0.1663 -0.5312 5.0, -0.2467 -0.4719 5.0, -0.2533 -0.4656 5.0, -0.3186 -0.4025 5.0, -0.3505 -0.3621 5.0, -0.3805 -0.3241 5.0, -0.4283 -0.2433 5.0, -0.4314 -0.2381 5.0, -0.4704 -0.1461 5.0, -0.4704 0.3447 5.0, -0.4314 0.4367 5.0, -0.4283 0.4419 5.0, -0.4968 0.2483 5.0, -0.48 0.3096 5.0, -0.3805 0.5226 5.0, -0.3505 0.5607 5.0, -0.3186 0.6011 5.0, -0.2533 0.6642 5.0, -0.2467 0.6705 5.0, -0.1663 0.7298 5.0, 0.0146 0.8137 5.0, 0.1118 0.8369 5.0, 0.1298 0.8387 5.0, -0.1371 0.7458 5.0, -0.0787 0.7778 5.0, -0.008 0.805 5.0, 0.3111 0.8436 5.0, 0.4096 0.8269 5.0, 0.4125 0.826 5.0, 0.2112 0.8469 5.0, 0.2717 0.8449 5.0, 0.505 0.7973 5.0, 0.5462 0.7782 5.0, 0.5957 0.7553 5.0, 0.8233 0.5629 5.0, 0.7765 0.6145 5.0, 0.7562 0.637 5.0, 0.6799 0.7015 5.0, 0.6697 0.708 5.0, 0.9249 0.3913 5.0, 0.8798 0.4805 5.0, 0.8644 0.503 5.0, 0.9212 -0.1912 4.9694, 0.9538 -0.0973 4.9694, 0.8763 -0.2799 4.9694, 0.8201 -0.3618 4.9694, 0.7534 -0.4355 4.9694, 0.6775 -0.4997 4.9694, 0.5938 -0.5532 4.9694, 0.5036 -0.595 4.9694, 0.4087 -0.6245 4.9694, 0.3107 -0.641 4.9694, 0.2113 -0.6443 4.9694, 0.1125 -0.6344 4.9694, 0.0158 -0.6113 4.9694, -0.077 -0.5756 4.9694, -0.1641 -0.5278 4.9694, -0.2442 -0.4689 4.9694, -0.3156 -0.3998 4.9694, -0.3772 -0.3218 4.9694, -0.4278 -0.2363 4.9694, -0.4666 -0.1448 4.9694, -0.4929 -0.0489 4.9694, -0.5061 0.0496 4.9694, -0.5061 0.149 4.9694, -0.4929 0.2475 4.9694, -0.4666 0.3433 4.9694, -0.4278 0.4348 4.9694, -0.3772 0.5204 4.9694, -0.3156 0.5984 4.9694, -0.2442 0.6674 4.9694, -0.1641 0.7264 4.9694, -0.077 0.7742 4.9694, 0.0158 0.8099 4.9694, 0.1125 0.8329 4.9694, 0.2113 0.8429 4.9694, 0.3107 0.8396 4.9694, 0.4087 0.823 4.9694, 0.5036 0.7936 4.9694, 0.5938 0.7517 4.9694, 0.6775 0.6983 4.9694, 0.7534 0.6341 4.9694, 0.8201 0.5604 4.9694, 0.8763 0.4784 4.9694, 0.9212 0.3897 4.9694, 0.9538 0.2958 4.9694, 0.9736 0.1985 4.9694, 0.9802 0.0993 4.9694, 0.9736 0.0001 4.9694, 0.9619 0.1969 4.9409, 0.9424 0.2927 4.9409, 0.9103 0.3851 4.9409, 0.8662 0.4724 4.9409, 0.8108 0.5531 4.9409, 0.7452 0.6256 4.9409, 0.6705 0.6888 4.9409, 0.5881 0.7414 4.9409, 0.4994 0.7826 4.9409, 0.4059 0.8115 4.9409, 0.3095 0.8278 4.9409, 0.2117 0.8311 4.9409, 0.1144 0.8213 4.9409, 0.0193 0.7986 4.9409, -0.072 0.7635 4.9409, -0.1578 0.7165 4.9409, -0.2365 0.6584 4.9409, -0.3068 0.5904 4.9409, -0.3675 0.5137 4.9409, -0.4173 0.4295 4.9409, -0.4555 0.3395 4.9409, -0.4813 0.2451 4.9409, -0.4944 0.1482 4.9409, -0.4944 0.0504 4.9409, -0.4813 -0.0466 4.9409, -0.4555 -0.1409 4.9409, -0.4173 -0.2309 4.9409, -0.3675 -0.3151 4.9409, -0.3068 -0.3919 4.9409, -0.2365 -0.4599 4.9409, -0.1578 -0.5179 4.9409, -0.072 -0.5649 4.9409, 0.0193 -0.6 4.9409, 0.1144 -0.6227 4.9409, 0.2117 -0.6325 4.9409, 0.3095 -0.6292 4.9409, 0.4059 -0.613 4.9409, 0.4994 -0.584 4.9409, 0.5881 -0.5428 4.9409, 0.6705 -0.4902 4.9409, 0.7452 -0.427 4.9409, 0.8108 -0.3545 4.9409, 0.8662 -0.2739 4.9409, 0.9103 -0.1866 4.9409, 0.9424 -0.0942 4.9409, 0.9619 0.0017 4.9409, 0.9684 0.0993 4.9409, 0.9433 0.1944 4.9165, 0.9243 0.2878 4.9165, 0.893 0.3778 4.9165, 0.85 0.4629 4.9165, 0.7961 0.5414 4.9165, 0.7322 0.6121 4.9165, 0.6594 0.6737 4.9165, 0.5791 0.7249 4.9165, 0.4926 0.7651 4.9165, 0.4016 0.7933 4.9165, 0.3076 0.8091 4.9165, 0.2124 0.8123 4.9165, 0.1175 0.8028 4.9165, 0.0248 0.7807 4.9165, -0.0641 0.7464 4.9165, -0.1477 0.7006 4.9165, -0.2244 0.6441 4.9165, -0.2929 0.5778 4.9165, -0.352 0.5031 4.9165, -0.4006 0.4211 4.9165, -0.4378 0.3333 4.9165, -0.4629 0.2414 4.9165, -0.4756 0.1469 4.9165, -0.4756 0.0516 4.9165, -0.4629 -0.0428 4.9165, -0.4378 -0.1347 4.9165, -0.4006 -0.2225 4.9165, -0.352 -0.3045 4.9165, -0.2929 -0.3793 4.9165, -0.2244 -0.4455 4.9165, -0.1477 -0.5021 4.9165, -0.0641 -0.5479 4.9165, 0.0248 -0.5821 4.9165, 0.1175 -0.6042 4.9165, 0.2124 -0.6138 4.9165, 0.3076 -0.6106 4.9165, 0.4016 -0.5947 4.9165, 0.4926 -0.5665 4.9165, 0.5791 -0.5264 4.9165, 0.6594 -0.4751 4.9165, 0.7322 -0.4135 4.9165, 0.7961 -0.3429 4.9165, 0.85 -0.2643 4.9165, 0.893 -0.1792 4.9165, 0.9243 -0.0892 4.9165, 0.9433 0.0042 4.9165, 0.9496 0.0993 4.9165, 0.919 0.1911 4.8977, 0.9007 0.2813 4.8977, 0.8705 0.3683 4.8977, 0.829 0.4504 4.8977, 0.7769 0.5263 4.8977, 0.7152 0.5945 4.8977, 0.6449 0.654 4.8977, 0.5673 0.7035 4.8977, 0.4838 0.7422 4.8977, 0.3959 0.7695 4.8977, 0.3052 0.7848 4.8977, 0.2132 0.7879 4.8977, 0.1216 0.7787 4.8977, 0.0321 0.7573 4.8977, -0.0538 0.7243 4.8977, -0.1345 0.68 4.8977, -0.2086 0.6254 4.8977, -0.2748 0.5614 4.8977, -0.3318 0.4892 4.8977, -0.3787 0.41 4.8977, -0.4147 0.3253 4.8977, -0.439 0.2365 4.8977, -0.4512 0.1453 4.8977, -0.4512 0.0533 4.8977, -0.439 -0.0379 4.8977, -0.4147 -0.1267 4.8977, -0.3787 -0.2114 4.8977, -0.3318 -0.2906 4.8977, -0.2748 -0.3629 4.8977, -0.2086 -0.4269 4.8977, -0.1345 -0.4814 4.8977, -0.0538 -0.5257 4.8977, 0.0321 -0.5588 4.8977, 0.1216 -0.5801 4.8977, 0.2132 -0.5893 4.8977, 0.3052 -0.5862 4.8977, 0.3959 -0.5709 4.8977, 0.4838 -0.5437 4.8977, 0.5673 -0.5049 4.8977, 0.6449 -0.4554 4.8977, 0.7152 -0.396 4.8977, 0.7769 -0.3277 4.8977, 0.829 -0.2518 4.8977, 0.8705 -0.1697 4.8977, 0.9007 -0.0827 4.8977, 0.919 0.0075 4.8977, 0.9252 0.0993 4.8977, 0.8908 0.1873 4.8859, 0.8732 0.2738 4.8859, 0.8443 0.3571 4.8859, 0.8045 0.4359 4.8859, 0.7546 0.5086 4.8859, 0.6954 0.5741 4.8859, 0.628 0.631 4.8859, 0.5536 0.6785 4.8859, 0.4736 0.7156 4.8859, 0.3893 0.7418 4.8859, 0.3023 0.7565 4.8859, 0.2141 0.7594 4.8859, 0.1263 0.7506 4.8859, 0.0405 0.7301 4.8859, -0.0418 0.6984 4.8859, -0.1192 0.656 4.8859, -0.1902 0.6037 4.8859, -0.2537 0.5423 4.8859, -0.3083 0.4731 4.8859, -0.3533 0.3972 4.8859, -0.3877 0.3159 4.8859, -0.4111 0.2308 4.8859, -0.4228 0.1434 4.8859, -0.4228 0.0552 4.8859, -0.4111 -0.0323 4.8859, -0.3877 -0.1174 4.8859, -0.3533 -0.1986 4.8859, -0.3083 -0.2745 4.8859, -0.2537 -0.3438 4.8859, -0.1902 -0.4051 4.8859, -0.1192 -0.4574 4.8859, -0.0418 -0.4998 4.8859, 0.0405 -0.5316 4.8859, 0.1263 -0.552 4.8859, 0.2141 -0.5608 4.8859, 0.3023 -0.5579 4.8859, 0.3893 -0.5432 4.8859, 0.4736 -0.5171 4.8859, 0.5536 -0.4799 4.8859, 0.628 -0.4325 4.8859, 0.6954 -0.3755 4.8859, 0.7546 -0.3101 4.8859, 0.8045 -0.2373 4.8859, 0.8443 -0.1586 4.8859, 0.8732 -0.0752 4.8859, 0.8908 0.0113 4.8859, 0.8967 0.0993 4.8859, 0.8605 0.1832 4.8819, 0.8437 0.2657 4.8819, 0.8161 0.3452 4.8819, 0.7782 0.4203 4.8819, 0.7306 0.4897 4.8819, 0.6741 0.5521 4.8819, 0.6099 0.6064 4.8819, 0.5389 0.6517 4.8819, 0.4626 0.6871 4.8819, 0.3822 0.712 4.8819, 0.2993 0.726 4.8819, 0.2152 0.7289 4.8819, 0.1314 0.7204 4.8819, 0.0496 0.7009 4.8819, -0.029 0.6707 4.8819, -0.1027 0.6302 4.8819, -0.1705 0.5803 4.8819, -0.231 0.5218 4.8819, -0.2831 0.4558 4.8819, -0.326 0.3834 4.8819, -0.3589 0.3059 4.8819, -0.3811 0.2248 4.8819, -0.3923 0.1414 4.8819, -0.3923 0.0572 4.8819, -0.3811 -0.0262 4.8819, -0.3589 -0.1073 4.8819, -0.326 -0.1848 4.8819, -0.2831 -0.2572 4.8819, -0.231 -0.3233 4.8819, -0.1705 -0.3818 4.8819, -0.1027 -0.4317 4.8819, -0.029 -0.4721 4.8819, 0.0496 -0.5024 4.8819, 0.1314 -0.5219 4.8819, 0.2152 -0.5303 4.8819, 0.2993 -0.5275 4.8819, 0.3822 -0.5135 4.8819, 0.4626 -0.4885 4.8819, 0.5389 -0.4531 4.8819, 0.6099 -0.4078 4.8819, 0.6741 -0.3535 4.8819, 0.7306 -0.2911 4.8819, 0.7782 -0.2217 4.8819, 0.8161 -0.1466 4.8819, 0.8437 -0.0671 4.8819, 0.8605 0.0153 4.8819, 0.8661 0.0993 4.8819, 0.6165 -0.0026 4.8819, 0.6299 0.0993 4.8819, 0.0394 0.4402 4.8819, -0.0422 0.3777 4.8819, -0.1441 -0.0026 4.8819, -0.1575 0.0993 4.8819, -0.1441 0.2012 4.8819, -0.1048 -0.0976 4.8819, -0.1048 0.2961 4.8819, -0.0422 -0.1791 4.8819, 0.0394 -0.2417 4.8819, 0.2362 -0.2944 4.8819, 0.3381 -0.281 4.8819, 0.5146 -0.1791 4.8819, 0.5772 -0.0976 4.8819, 0.6165 0.2012 4.8819, 0.1343 -0.281 4.8819, 0.4331 -0.2417 4.8819, 0.5772 0.2961 4.8819, 0.5146 0.3777 4.8819, 0.4331 0.4402 4.8819, 0.3381 0.4796 4.8819, 0.2362 0.493 4.8819, 0.1343 0.4796 4.8819, 0.6165 0.2012 3.189, 0.5772 0.2961 3.189, 0.5146 0.3777 3.189, 0.4331 0.4402 3.189, 0.3381 0.4796 3.189, 0.2362 0.493 3.189, 0.1343 0.4796 3.189, 0.0394 0.4402 3.189, -0.0422 0.3777 3.189, -0.1048 0.2961 3.189, -0.1441 0.2012 3.189, -0.1575 0.0993 3.189, -0.1441 -0.0026 3.189, -0.1048 -0.0976 3.189, -0.0422 -0.1791 3.189, 0.0394 -0.2417 3.189, 0.1343 -0.281 3.189, 0.2362 -0.2944 3.189, 0.3381 -0.281 3.189, 0.4331 -0.2417 3.189, 0.5146 -0.1791 3.189, 0.5772 -0.0976 3.189, 0.6165 -0.0026 3.189, 0.6299 0.0993 3.189, -0.4725 1.0598 3.1014, 0.9449 1.0598 3.1014, -0.4725 1.048 3.1299, 0.9449 1.048 3.1299, -0.4725 1.0293 3.1544, 0.9449 1.0293 3.1544, -0.4725 1.0048 3.1732, 0.9449 1.0048 3.1732, -0.4725 0.9763 3.185, 0.9449 0.9763 3.185, -0.4725 0.9457 3.189, 0.9449 0.9457 3.189, 0.9449 -0.7472 3.189, -0.4725 -0.7472 3.189, -0.4725 -0.7777 3.185, 0.9449 -0.7777 3.185, -0.4725 -0.8062 3.1732, 0.9449 -0.8062 3.1732, -0.4725 -0.8307 3.1544, 0.9449 -0.8307 3.1544, -0.4725 -0.8495 3.1299, 0.9449 -0.8495 3.1299, -0.4725 -0.8613 3.1014, 0.9449 -0.8613 3.1014, -0.4725 -0.8613 0.7175, 0.9449 -0.8613 0.7175, -0.4725 -0.8495 0.689, 0.9449 -0.8495 0.689, -0.4725 -0.8307 0.6645, 0.9449 -0.8307 0.6645, -0.4725 -0.8062 0.6457, 0.9449 -0.8062 0.6457, -0.4725 -0.7777 0.6339, 0.9449 -0.7777 0.6339, -0.4725 -0.7472 0.6299, 0.9449 -0.7472 0.6299, 0.9449 0.9457 0.6299, -0.4725 0.9457 0.6299, -0.4725 0.9763 0.6339, 0.9449 0.9763 0.6339, -0.4725 1.0048 0.6457, 0.9449 1.0048 0.6457, -0.4725 1.0293 0.6645, 0.9449 1.0293 0.6645, -0.4725 1.048 0.689, 0.9449 1.048 0.689, -0.4725 1.0598 0.7175, 0.9449 1.0598 0.7175, -1.3307 -0.8653 2.4803, -1.0551 -0.8653 3.0709, -2.1969 -0.8653 2.4803, -2.4725 -0.8653 3.0709, -2.1969 -0.8653 1.1417, -2.4725 -0.8653 0.748, -1.3307 -0.8653 1.1417, -1.0551 -0.8653 0.748, -1.3307 1.0639 2.4803, -1.0551 1.0639 3.0709, -1.3307 1.0639 1.1417, -1.0551 1.0639 0.748, -2.1969 1.0639 1.1417, -2.4725 1.0639 0.748, -2.1969 1.0639 2.4803, -2.4725 1.0639 3.0709, -1.4794 -0.3262 5.4724, -2.2485 -0.065 5.4724, -2.2229 -0.1269 5.4724, -1.2768 -0.0582 5.4724, -2.2508 -0.0582 5.4724, -1.2791 -0.065 5.4724, -1.3047 -0.1269 5.4724, -1.3381 -0.1849 5.4724, -1.4262 -0.2854 5.4724, -1.3789 -0.238 5.4724, -1.5992 -0.3853 5.4724, -2.1487 -0.238 5.4724, -1.6639 -0.4027 5.4724, -2.1014 -0.2854 5.4724, -2.1895 -0.1849 5.4724, -1.5373 -0.3597 5.4724, -2.0482 -0.3262 5.4724, -1.9903 -0.3597 5.4724, -1.9284 -0.3853 5.4724, -1.8637 -0.4027 5.4724, -1.7973 -0.4114 5.4724, -1.7303 -0.4114 5.4724, -2.428 -0.2431 5.2362, -2.3859 -0.3161 5.2362, -2.381 -0.3128 5.2888, -2.2535 -0.4658 5.2362, -2.1795 -0.5226 5.2362, -2.1762 -0.5177 5.2888, -2.0084 -0.6074 5.2362, -2.0043 -0.609 5.2362, -2.0024 -0.6034 5.2888, -1.8701 -0.6396 5.2362, -1.8127 -0.6471 5.2362, -1.8124 -0.6412 5.2888, -1.7282 -0.6471 5.2362, -1.7149 -0.6471 5.2362, -1.7152 -0.6412 5.2888, -1.5878 -0.6263 5.2362, -1.5233 -0.609 5.2362, -1.5252 -0.6034 5.2888, -1.4535 -0.5801 5.2362, -1.4328 -0.5715 5.2362, -1.4355 -0.5662 5.2888, -1.3306 -0.5092 5.2362, -1.2704 -0.463 5.2362, -1.2743 -0.4585 5.2888, -1.1352 -0.3048 5.2362, -1.0928 -0.2313 5.2362, -1.0981 -0.2286 5.2888, -2.3221 -0.0582 5.4624, -2.3566 -0.0582 5.4495, -2.3456 -0.0979 5.4491, -2.4804 -0.1112 5.2362, -2.4723 -0.1408 5.2362, -2.4666 -0.1389 5.2888, -1.2396 -0.0582 5.4698, -1.2293 -0.0819 5.4665, -1.182 -0.0979 5.4491, -1.204 -0.0582 5.4619, -1.222 -0.0582 5.4659, -1.124 -0.0582 5.4207, -1.1269 -0.0582 5.4232, -1.1396 -0.1123 5.4209, -1.1379 -0.0582 5.4311, -1.1697 -0.0582 5.4489, -1.0996 -0.0582 5.3994, -1.1042 -0.1243 5.3835, -1.0859 -0.0582 5.3831, -1.0765 -0.0582 5.372, -1.0775 -0.1333 5.3387, -1.0704 -0.0582 5.3632, -1.061 -0.1389 5.2888, -1.0387 -0.0582 5.2888, -1.0389 -0.0582 5.29, -1.041 -0.0582 5.2982, -1.0532 -0.0582 5.3317, -1.0569 -0.0582 5.3385, -1.0333 -0.0582 5.2547, -1.0553 -0.1408 5.2362, -1.0325 -0.0582 5.2362, -2.4798 -0.0582 5.3189, -2.4887 -0.0582 5.2887, -2.4899 -0.0582 5.2848, -2.4947 -0.0582 5.2493, -2.4951 -0.0582 5.2362, -2.4774 -0.0582 5.325, -2.4501 -0.1333 5.3387, -2.4705 -0.0582 5.3384, -2.4234 -0.1243 5.3835, -2.4478 -0.0582 5.3765, -2.4611 -0.0582 5.3569, -2.3959 -0.0582 5.4268, -2.4034 -0.0582 5.4205, -2.388 -0.1123 5.4209, -2.4237 -0.0582 5.4036, -2.4419 -0.0582 5.3832, -2.3888 -0.0582 5.4316, -2.3151 -0.0582 5.4643, -2.2983 -0.0819 5.4665, -2.3056 -0.0582 5.466, -2.2782 -0.0582 5.471, -1.2575 -0.1501 5.4665, -1.2127 -0.1722 5.4491, -1.1726 -0.192 5.4209, -1.139 -0.2085 5.3835, -1.1138 -0.2209 5.3387, -1.3394 -0.2727 5.4665, -1.3916 -0.3249 5.4665, -1.3018 -0.3056 5.4491, -1.3586 -0.3625 5.4491, -1.2681 -0.3351 5.4209, -1.3291 -0.3961 5.4209, -1.24 -0.3598 5.3835, -1.3044 -0.4242 5.3835, -1.2188 -0.3783 5.3387, -1.2859 -0.4454 5.3387, -1.2057 -0.3898 5.2888, -2.0135 -0.4068 5.4665, -2.0775 -0.3699 5.4665, -2.0356 -0.4516 5.4491, -2.1052 -0.4114 5.4491, -2.0554 -0.4918 5.4209, -2.1301 -0.4486 5.4209, -2.072 -0.5253 5.3835, -2.1509 -0.4797 5.3835, -2.0844 -0.5506 5.3387, -2.1665 -0.5031 5.3387, -2.0921 -0.5662 5.2888, -2.1882 -0.2727 5.4665, -2.2332 -0.2141 5.4665, -2.2258 -0.3056 5.4491, -2.2747 -0.2418 5.4491, -2.2595 -0.3351 5.4209, -2.312 -0.2667 5.4209, -2.2876 -0.3598 5.3835, -2.3431 -0.2874 5.3835, -2.3088 -0.3783 5.3387, -2.3665 -0.3031 5.3387, -2.3219 -0.3898 5.2888, -1.0708 -0.1781 5.2362, -1.1417 -0.3161 5.2362, -1.1466 -0.3128 5.2888, -1.1611 -0.3031 5.3387, -1.1845 -0.2874 5.3835, -1.2156 -0.2667 5.4209, -1.2529 -0.2418 5.4491, -1.2944 -0.2141 5.4665, -1.2012 -0.3937 5.2362, -1.2234 -0.4159 5.2362, -1.3481 -0.5226 5.2362, -1.3514 -0.5177 5.2888, -1.3611 -0.5031 5.3387, -1.3767 -0.4797 5.3835, -1.3975 -0.4486 5.4209, -1.4224 -0.4114 5.4491, -1.4501 -0.3699 5.4665, -1.5141 -0.4068 5.4665, -1.492 -0.4516 5.4491, -1.4722 -0.4918 5.4209, -1.4556 -0.5253 5.3835, -1.4432 -0.5506 5.3387, -1.5308 -0.5869 5.3387, -1.5398 -0.5602 5.3835, -1.5519 -0.5248 5.4209, -1.5663 -0.4824 5.4491, -1.5823 -0.4351 5.4665, -1.6178 -0.6344 5.2362, -1.619 -0.6286 5.2888, -1.6224 -0.6114 5.3387, -1.6279 -0.5838 5.3835, -1.6352 -0.5471 5.4209, -1.6439 -0.5032 5.4491, -1.6537 -0.4542 5.4665, -1.7269 -0.4639 5.4665, -1.7236 -0.5137 5.4491, -1.7207 -0.5584 5.4209, -1.7182 -0.5957 5.3835, -1.7164 -0.6238 5.3387, -1.8112 -0.6238 5.3387, -1.8094 -0.5957 5.3835, -1.8069 -0.5584 5.4209, -1.804 -0.5137 5.4491, -1.8007 -0.4639 5.4665, -1.9098 -0.6344 5.2362, -1.9086 -0.6286 5.2888, -1.9052 -0.6114 5.3387, -1.8997 -0.5838 5.3835, -1.8924 -0.5471 5.4209, -1.8837 -0.5032 5.4491, -1.8739 -0.4542 5.4665, -1.9453 -0.4351 5.4665, -1.9613 -0.4824 5.4491, -1.9757 -0.5248 5.4209, -1.9878 -0.5602 5.3835, -1.9968 -0.5869 5.3387, -2.0948 -0.5715 5.2362, -2.137 -0.5471 5.2362, -2.2572 -0.463 5.2362, -2.2533 -0.4585 5.2888, -2.2417 -0.4454 5.3387, -2.2232 -0.4242 5.3835, -2.1985 -0.3961 5.4209, -2.169 -0.3625 5.4491, -2.136 -0.3249 5.4665, -2.3264 -0.3937 5.2362, -2.3506 -0.3622 5.2362, -2.4348 -0.2313 5.2362, -2.4295 -0.2286 5.2888, -2.4138 -0.2209 5.3387, -2.3886 -0.2085 5.3835, -2.355 -0.192 5.4209, -2.3149 -0.1722 5.4491, -2.2701 -0.1501 5.4665, -2.2508 0.2568 5.4724, -1.2768 0.2568 5.4724, -2.2485 0.2636 5.4724, -1.2791 0.2636 5.4724, -1.3047 0.3255 5.4724, -1.3381 0.3835 5.4724, -1.3789 0.4366 5.4724, -1.4262 0.484 5.4724, -1.4794 0.5248 5.4724, -2.2229 0.3255 5.4724, -2.1895 0.3835 5.4724, -1.5992 0.5839 5.4724, -1.6639 0.6013 5.4724, -1.7303 0.61 5.4724, -1.5373 0.5583 5.4724, -1.7973 0.61 5.4724, -1.8637 0.6013 5.4724, -1.9284 0.5839 5.4724, -1.9903 0.5583 5.4724, -2.0482 0.5248 5.4724, -2.1014 0.484 5.4724, -2.1487 0.4366 5.4724, -1.0708 0.3767 5.2362, -1.0928 0.4298 5.2362, -1.0981 0.4272 5.2888, -1.1352 0.5033 5.2362, -1.1417 0.5146 5.2362, -1.1466 0.5113 5.2888, -1.2234 0.6145 5.2362, -1.2704 0.6615 5.2362, -1.2743 0.6571 5.2888, -1.3306 0.7077 5.2362, -1.3481 0.7212 5.2362, -1.3514 0.7162 5.2888, -1.4535 0.7787 5.2362, -1.5233 0.8076 5.2362, -1.5252 0.802 5.2888, -1.7282 0.8457 5.2362, -1.8127 0.8457 5.2362, -1.8124 0.8398 5.2888, -2.0084 0.8059 5.2362, -2.0948 0.7701 5.2362, -2.0921 0.7648 5.2888, -2.137 0.7457 5.2362, -2.1795 0.7212 5.2362, -2.1762 0.7162 5.2888, -2.2535 0.6644 5.2362, -2.2572 0.6615 5.2362, -2.2533 0.6571 5.2888, -2.3506 0.5607 5.2362, -2.3859 0.5146 5.2362, -2.381 0.5113 5.2888, -2.428 0.4417 5.2362, -2.4348 0.4298 5.2362, -2.4295 0.4272 5.2888, -1.0442 0.2568 5.3086, -1.0392 0.2568 5.2886, -1.061 0.3375 5.2888, -1.0357 0.2568 5.2741, -1.0553 0.3394 5.2362, -1.0325 0.2568 5.2384, -1.0325 0.2568 5.2362, -1.0463 0.2568 5.3149, -1.0775 0.3319 5.3387, -1.057 0.2568 5.3385, -1.0611 0.2568 5.3476, -1.1042 0.3228 5.3835, -1.0807 0.2568 5.3776, -1.1396 0.3108 5.4209, -1.1094 0.2568 5.4089, -1.0845 0.2568 5.3825, -1.182 0.2965 5.4491, -1.1702 0.2568 5.4487, -1.1433 0.2568 5.4345, -1.138 0.2568 5.4311, -1.1242 0.2568 5.4204, -1.2219 0.2568 5.4662, -1.2172 0.2568 5.4655, -1.2293 0.2804 5.4665, -1.2107 0.2568 5.4638, -1.1759 0.2568 5.4517, -1.2543 0.2568 5.4715, -2.288 0.2568 5.4698, -2.2983 0.2804 5.4665, -2.3056 0.2568 5.466, -2.3214 0.2568 5.4626, -2.3456 0.2965 5.4491, -2.3559 0.2568 5.4498, -2.4035 0.2568 5.4206, -2.399 0.2568 5.4245, -2.388 0.3108 5.4209, -2.3878 0.2568 5.4323, -2.3575 0.2568 5.4489, -2.4264 0.2568 5.401, -2.4234 0.3228 5.3835, -2.4419 0.2568 5.3832, -2.4501 0.3319 5.3387, -2.4672 0.2568 5.3463, -2.4478 0.2568 5.3765, -2.4883 0.2568 5.2886, -2.4839 0.2568 5.3072, -2.4666 0.3375 5.2888, -2.4817 0.2568 5.3137, -2.4707 0.2568 5.3385, -2.4723 0.3394 5.2362, -2.4804 0.3097 5.2362, -2.4922 0.2568 5.2724, -2.4951 0.2568 5.2362, -1.8739 0.6528 5.4665, -1.8007 0.6625 5.4665, -1.8837 0.7018 5.4491, -1.804 0.7123 5.4491, -1.8924 0.7457 5.4209, -1.8069 0.757 5.4209, -1.8997 0.7824 5.3835, -1.8094 0.7943 5.3835, -1.9052 0.81 5.3387, -1.8112 0.8224 5.3387, -1.9086 0.8271 5.2888, -1.6537 0.6528 5.4665, -1.5823 0.6337 5.4665, -1.6439 0.7018 5.4491, -1.5663 0.681 5.4491, -1.6352 0.7457 5.4209, -1.5519 0.7234 5.4209, -1.6279 0.7824 5.3835, -1.5398 0.7588 5.3835, -1.6224 0.81 5.3387, -1.5308 0.7854 5.3387, -1.619 0.8271 5.2888, -2.2701 0.3487 5.4665, -2.3149 0.3707 5.4491, -2.355 0.3905 5.4209, -2.3886 0.4071 5.3835, -2.4138 0.4195 5.3387, -2.3665 0.5016 5.3387, -2.3431 0.486 5.3835, -2.312 0.4652 5.4209, -2.2747 0.4404 5.4491, -2.2332 0.4127 5.4665, -2.3264 0.5923 5.2362, -2.3219 0.5884 5.2888, -2.3088 0.5769 5.3387, -2.2876 0.5583 5.3835, -2.2595 0.5337 5.4209, -2.2258 0.5042 5.4491, -2.1882 0.4713 5.4665, -2.136 0.5235 5.4665, -2.169 0.561 5.4491, -2.1985 0.5947 5.4209, -2.2232 0.6228 5.3835, -2.2417 0.644 5.3387, -2.1665 0.7017 5.3387, -2.1509 0.6783 5.3835, -2.1301 0.6472 5.4209, -2.1052 0.61 5.4491, -2.0775 0.5685 5.4665, -2.0844 0.7491 5.3387, -2.072 0.7239 5.3835, -2.0554 0.6904 5.4209, -2.0356 0.6502 5.4491, -2.0135 0.6054 5.4665, -2.0043 0.8076 5.2362, -2.0024 0.802 5.2888, -1.9968 0.7854 5.3387, -1.9878 0.7588 5.3835, -1.9757 0.7234 5.4209, -1.9613 0.681 5.4491, -1.9453 0.6337 5.4665, -1.9098 0.8329 5.2362, -1.8701 0.8382 5.2362, -1.7149 0.8457 5.2362, -1.7152 0.8398 5.2888, -1.7164 0.8224 5.3387, -1.7182 0.7943 5.3835, -1.7207 0.757 5.4209, -1.7236 0.7123 5.4491, -1.7269 0.6625 5.4665, -1.6178 0.8329 5.2362, -1.5878 0.8249 5.2362, -1.4328 0.7701 5.2362, -1.4355 0.7648 5.2888, -1.4432 0.7491 5.3387, -1.4556 0.7239 5.3835, -1.4722 0.6904 5.4209, -1.492 0.6502 5.4491, -1.5141 0.6054 5.4665, -1.4501 0.5685 5.4665, -1.4224 0.61 5.4491, -1.3975 0.6472 5.4209, -1.3767 0.6783 5.3835, -1.3611 0.7017 5.3387, -1.2859 0.644 5.3387, -1.3044 0.6228 5.3835, -1.3291 0.5947 5.4209, -1.3586 0.561 5.4491, -1.3916 0.5235 5.4665, -1.2012 0.5923 5.2362, -1.2057 0.5884 5.2888, -1.2188 0.5769 5.3387, -1.24 0.5583 5.3835, -1.2681 0.5337 5.4209, -1.3018 0.5042 5.4491, -1.3394 0.4713 5.4665, -1.2944 0.4127 5.4665, -1.2529 0.4404 5.4491, -1.2156 0.4652 5.4209, -1.1845 0.486 5.3835, -1.1611 0.5016 5.3387, -1.1138 0.4195 5.3387, -1.139 0.4071 5.3835, -1.1726 0.3905 5.4209, -1.2127 0.3707 5.4491, -1.2575 0.3487 5.4665, -2.4951 0.2568 5.1575, -1.0702 -0.1784 5.0, -1.0325 -0.0582 5.1575, -1.0423 -0.0983 5.0, -1.0293 -0.0423 5.1575, -1.0309 -0.042 5.0, -1.0224 -0.0004 5.0, -1.0158 0.0993 5.1575, -1.0158 0.0993 5.0, -1.0224 0.199 5.0, -1.0293 0.2409 5.1575, -1.0702 0.377 5.0, -1.0325 0.2568 5.1575, -1.0423 0.2969 5.0, -1.0309 0.2405 5.0, -2.5073 0.1702 5.0, -2.5102 0.1492 5.0, -2.5084 0.1704 5.1575, -2.5102 0.0493 5.0, -2.5084 0.0282 5.1575, -2.5073 0.0283 5.0, -2.4968 -0.0497 5.0, -2.4951 -0.0582 5.1575, -2.48 -0.1111 5.0, -1.0751 -0.1927 5.0, -1.1202 -0.2819 5.0, -1.1356 -0.3044 5.0, -1.1767 -0.3643 5.0, -1.2235 -0.416 5.0, -1.2438 -0.4384 5.0, -1.3201 -0.5029 5.0, -1.3303 -0.5094 5.0, -1.4043 -0.5567 5.0, -1.4538 -0.5796 5.0, -1.495 -0.5988 5.0, -1.5875 -0.6275 5.0, -1.5904 -0.6284 5.0, -1.6889 -0.645 5.0, -1.7283 -0.6463 5.0, -1.7888 -0.6483 5.0, -1.8702 -0.6401 5.0, -1.8882 -0.6383 5.0, -1.9854 -0.6152 5.0, -2.008 -0.6065 5.0, -2.0787 -0.5792 5.0, -2.1371 -0.5472 5.0, -2.1663 -0.5312 5.0, -2.2467 -0.4719 5.0, -2.2533 -0.4656 5.0, -2.3186 -0.4025 5.0, -2.3505 -0.3621 5.0, -2.3805 -0.3241 5.0, -2.4283 -0.2433 5.0, -2.4314 -0.2381 5.0, -2.4704 -0.1461 5.0, -2.4704 0.3447 5.0, -2.4314 0.4367 5.0, -2.4283 0.4419 5.0, -2.4968 0.2483 5.0, -2.48 0.3096 5.0, -2.3805 0.5226 5.0, -2.3505 0.5607 5.0, -2.3186 0.6011 5.0, -2.2533 0.6642 5.0, -2.2467 0.6705 5.0, -2.1663 0.7298 5.0, -1.9854 0.8137 5.0, -1.8882 0.8369 5.0, -1.8702 0.8387 5.0, -2.1371 0.7458 5.0, -2.0787 0.7778 5.0, -2.008 0.805 5.0, -1.6889 0.8436 5.0, -1.5904 0.8269 5.0, -1.5875 0.826 5.0, -1.7888 0.8469 5.0, -1.7283 0.8449 5.0, -1.495 0.7973 5.0, -1.4538 0.7782 5.0, -1.4043 0.7553 5.0, -1.1767 0.5629 5.0, -1.2235 0.6145 5.0, -1.2438 0.637 5.0, -1.3201 0.7015 5.0, -1.3303 0.708 5.0, -1.0751 0.3913 5.0, -1.1202 0.4805 5.0, -1.1356 0.503 5.0, -1.0788 -0.1912 4.9694, -1.0462 -0.0973 4.9694, -1.1237 -0.2799 4.9694, -1.1799 -0.3618 4.9694, -1.2466 -0.4355 4.9694, -1.3225 -0.4997 4.9694, -1.4062 -0.5532 4.9694, -1.4964 -0.595 4.9694, -1.5913 -0.6245 4.9694, -1.6893 -0.641 4.9694, -1.7887 -0.6443 4.9694, -1.8875 -0.6344 4.9694, -1.9842 -0.6113 4.9694, -2.077 -0.5756 4.9694, -2.1641 -0.5278 4.9694, -2.2442 -0.4689 4.9694, -2.3156 -0.3998 4.9694, -2.3772 -0.3218 4.9694, -2.4278 -0.2363 4.9694, -2.4666 -0.1448 4.9694, -2.4929 -0.0489 4.9694, -2.5061 0.0496 4.9694, -2.5061 0.149 4.9694, -2.4929 0.2475 4.9694, -2.4666 0.3433 4.9694, -2.4278 0.4348 4.9694, -2.3772 0.5204 4.9694, -2.3156 0.5984 4.9694, -2.2442 0.6674 4.9694, -2.1641 0.7264 4.9694, -2.077 0.7742 4.9694, -1.9842 0.8099 4.9694, -1.8875 0.8329 4.9694, -1.7887 0.8429 4.9694, -1.6893 0.8396 4.9694, -1.5913 0.823 4.9694, -1.4964 0.7936 4.9694, -1.4062 0.7517 4.9694, -1.3225 0.6983 4.9694, -1.2466 0.6341 4.9694, -1.1799 0.5604 4.9694, -1.1237 0.4784 4.9694, -1.0788 0.3897 4.9694, -1.0462 0.2958 4.9694, -1.0264 0.1985 4.9694, -1.0198 0.0993 4.9694, -1.0264 0.0001 4.9694, -1.0381 0.1969 4.9409, -1.0576 0.2927 4.9409, -1.0897 0.3851 4.9409, -1.1338 0.4724 4.9409, -1.1892 0.5531 4.9409, -1.2548 0.6256 4.9409, -1.3295 0.6888 4.9409, -1.4119 0.7414 4.9409, -1.5006 0.7826 4.9409, -1.5941 0.8115 4.9409, -1.6905 0.8278 4.9409, -1.7883 0.8311 4.9409, -1.8856 0.8213 4.9409, -1.9807 0.7986 4.9409, -2.072 0.7635 4.9409, -2.1578 0.7165 4.9409, -2.2365 0.6584 4.9409, -2.3068 0.5904 4.9409, -2.3675 0.5137 4.9409, -2.4173 0.4295 4.9409, -2.4555 0.3395 4.9409, -2.4813 0.2451 4.9409, -2.4944 0.1482 4.9409, -2.4944 0.0504 4.9409, -2.4813 -0.0466 4.9409, -2.4555 -0.1409 4.9409, -2.4173 -0.2309 4.9409, -2.3675 -0.3151 4.9409, -2.3068 -0.3919 4.9409, -2.2365 -0.4599 4.9409, -2.1578 -0.5179 4.9409, -2.072 -0.5649 4.9409, -1.9807 -0.6 4.9409, -1.8856 -0.6227 4.9409, -1.7883 -0.6325 4.9409, -1.6905 -0.6292 4.9409, -1.5941 -0.613 4.9409, -1.5006 -0.584 4.9409, -1.4119 -0.5428 4.9409, -1.3295 -0.4902 4.9409, -1.2548 -0.427 4.9409, -1.1892 -0.3545 4.9409, -1.1338 -0.2739 4.9409, -1.0897 -0.1866 4.9409, -1.0576 -0.0942 4.9409, -1.0381 0.0017 4.9409, -1.0316 0.0993 4.9409, -1.0567 0.1944 4.9165, -1.0757 0.2878 4.9165, -1.107 0.3778 4.9165, -1.15 0.4629 4.9165, -1.2039 0.5414 4.9165, -1.2678 0.6121 4.9165, -1.3406 0.6737 4.9165, -1.4209 0.7249 4.9165, -1.5074 0.7651 4.9165, -1.5984 0.7933 4.9165, -1.6924 0.8091 4.9165, -1.7876 0.8123 4.9165, -1.8825 0.8028 4.9165, -1.9752 0.7807 4.9165, -2.0641 0.7464 4.9165, -2.1477 0.7006 4.9165, -2.2244 0.6441 4.9165, -2.2929 0.5778 4.9165, -2.352 0.5031 4.9165, -2.4006 0.4211 4.9165, -2.4378 0.3333 4.9165, -2.4629 0.2414 4.9165, -2.4756 0.1469 4.9165, -2.4756 0.0516 4.9165, -2.4629 -0.0428 4.9165, -2.4378 -0.1347 4.9165, -2.4006 -0.2225 4.9165, -2.352 -0.3045 4.9165, -2.2929 -0.3793 4.9165, -2.2244 -0.4455 4.9165, -2.1477 -0.5021 4.9165, -2.0641 -0.5479 4.9165, -1.9752 -0.5821 4.9165, -1.8825 -0.6042 4.9165, -1.7876 -0.6138 4.9165, -1.6924 -0.6106 4.9165, -1.5984 -0.5947 4.9165, -1.5074 -0.5665 4.9165, -1.4209 -0.5264 4.9165, -1.3406 -0.4751 4.9165, -1.2678 -0.4135 4.9165, -1.2039 -0.3429 4.9165, -1.15 -0.2643 4.9165, -1.107 -0.1792 4.9165, -1.0757 -0.0892 4.9165, -1.0567 0.0042 4.9165, -1.0504 0.0993 4.9165, -1.081 0.1911 4.8977, -1.0993 0.2813 4.8977, -1.1295 0.3683 4.8977, -1.171 0.4504 4.8977, -1.2231 0.5263 4.8977, -1.2848 0.5945 4.8977, -1.3551 0.654 4.8977, -1.4327 0.7035 4.8977, -1.5162 0.7422 4.8977, -1.6041 0.7695 4.8977, -1.6948 0.7848 4.8977, -1.7868 0.7879 4.8977, -1.8784 0.7787 4.8977, -1.9679 0.7573 4.8977, -2.0538 0.7243 4.8977, -2.1345 0.68 4.8977, -2.2086 0.6254 4.8977, -2.2748 0.5614 4.8977, -2.3318 0.4892 4.8977, -2.3787 0.41 4.8977, -2.4147 0.3253 4.8977, -2.439 0.2365 4.8977, -2.4512 0.1453 4.8977, -2.4512 0.0533 4.8977, -2.439 -0.0379 4.8977, -2.4147 -0.1267 4.8977, -2.3787 -0.2114 4.8977, -2.3318 -0.2906 4.8977, -2.2748 -0.3629 4.8977, -2.2086 -0.4269 4.8977, -2.1345 -0.4814 4.8977, -2.0538 -0.5257 4.8977, -1.9679 -0.5588 4.8977, -1.8784 -0.5801 4.8977, -1.7868 -0.5893 4.8977, -1.6948 -0.5862 4.8977, -1.6041 -0.5709 4.8977, -1.5162 -0.5437 4.8977, -1.4327 -0.5049 4.8977, -1.3551 -0.4554 4.8977, -1.2848 -0.396 4.8977, -1.2231 -0.3277 4.8977, -1.171 -0.2518 4.8977, -1.1295 -0.1697 4.8977, -1.0993 -0.0827 4.8977, -1.081 0.0075 4.8977, -1.0748 0.0993 4.8977, -1.1092 0.1873 4.8859, -1.1268 0.2738 4.8859, -1.1557 0.3571 4.8859, -1.1955 0.4359 4.8859, -1.2454 0.5086 4.8859, -1.3046 0.5741 4.8859, -1.372 0.631 4.8859, -1.4464 0.6785 4.8859, -1.5264 0.7156 4.8859, -1.6107 0.7418 4.8859, -1.6977 0.7565 4.8859, -1.7859 0.7594 4.8859, -1.8737 0.7506 4.8859, -1.9595 0.7301 4.8859, -2.0418 0.6984 4.8859, -2.1192 0.656 4.8859, -2.1902 0.6037 4.8859, -2.2537 0.5423 4.8859, -2.3083 0.4731 4.8859, -2.3533 0.3972 4.8859, -2.3877 0.3159 4.8859, -2.4111 0.2308 4.8859, -2.4228 0.1434 4.8859, -2.4228 0.0552 4.8859, -2.4111 -0.0323 4.8859, -2.3877 -0.1174 4.8859, -2.3533 -0.1986 4.8859, -2.3083 -0.2745 4.8859, -2.2537 -0.3438 4.8859, -2.1902 -0.4051 4.8859, -2.1192 -0.4574 4.8859, -2.0418 -0.4998 4.8859, -1.9595 -0.5316 4.8859, -1.8737 -0.552 4.8859, -1.7859 -0.5608 4.8859, -1.6977 -0.5579 4.8859, -1.6107 -0.5432 4.8859, -1.5264 -0.5171 4.8859, -1.4464 -0.4799 4.8859, -1.372 -0.4325 4.8859, -1.3046 -0.3755 4.8859, -1.2454 -0.3101 4.8859, -1.1955 -0.2373 4.8859, -1.1557 -0.1586 4.8859, -1.1268 -0.0752 4.8859, -1.1092 0.0113 4.8859, -1.1033 0.0993 4.8859, -1.1395 0.1832 4.8819, -1.1563 0.2657 4.8819, -1.1839 0.3452 4.8819, -1.2218 0.4203 4.8819, -1.2694 0.4897 4.8819, -1.3259 0.5521 4.8819, -1.3901 0.6064 4.8819, -1.4611 0.6517 4.8819, -1.5374 0.6871 4.8819, -1.6178 0.712 4.8819, -1.7007 0.726 4.8819, -1.7848 0.7289 4.8819, -1.8686 0.7204 4.8819, -1.9504 0.7009 4.8819, -2.029 0.6707 4.8819, -2.1027 0.6302 4.8819, -2.1705 0.5803 4.8819, -2.231 0.5218 4.8819, -2.2831 0.4558 4.8819, -2.326 0.3834 4.8819, -2.3589 0.3059 4.8819, -2.3811 0.2248 4.8819, -2.3923 0.1414 4.8819, -2.3923 0.0572 4.8819, -2.3811 -0.0262 4.8819, -2.3589 -0.1073 4.8819, -2.326 -0.1848 4.8819, -2.2831 -0.2572 4.8819, -2.231 -0.3233 4.8819, -2.1705 -0.3818 4.8819, -2.1027 -0.4317 4.8819, -2.029 -0.4721 4.8819, -1.9504 -0.5024 4.8819, -1.8686 -0.5219 4.8819, -1.7848 -0.5303 4.8819, -1.7007 -0.5275 4.8819, -1.6178 -0.5135 4.8819, -1.5374 -0.4885 4.8819, -1.4611 -0.4531 4.8819, -1.3901 -0.4078 4.8819, -1.3259 -0.3535 4.8819, -1.2694 -0.2911 4.8819, -1.2218 -0.2217 4.8819, -1.1839 -0.1466 4.8819, -1.1563 -0.0671 4.8819, -1.1395 0.0153 4.8819, -1.1339 0.0993 4.8819, -2.1441 -0.0026 4.8819, -2.1575 0.0993 4.8819, -2.1441 0.2012 4.8819, -1.4228 -0.0976 4.8819, -1.3835 -0.0026 4.8819, -2.0422 0.3777 4.8819, -2.1048 0.2961 4.8819, -1.5669 -0.2417 4.8819, -1.4854 -0.1791 4.8819, -1.3701 0.0993 4.8819, -1.3835 0.2012 4.8819, -1.4228 0.2961 4.8819, -2.1048 -0.0976 4.8819, -1.8657 -0.281 4.8819, -1.7638 -0.2944 4.8819, -1.5669 0.4402 4.8819, -1.6619 0.4796 4.8819, -1.7638 0.493 4.8819, -2.0422 -0.1791 4.8819, -1.6619 -0.281 4.8819, -1.4854 0.3777 4.8819, -1.9606 0.4402 4.8819, -1.9606 -0.2417 4.8819, -1.8657 0.4796 4.8819, -1.3835 0.2012 3.189, -1.4228 0.2961 3.189, -1.4854 0.3777 3.189, -1.5669 0.4402 3.189, -1.6619 0.4796 3.189, -1.7638 0.493 3.189, -1.8657 0.4796 3.189, -1.9606 0.4402 3.189, -2.0422 0.3777 3.189, -2.1048 0.2961 3.189, -2.1441 0.2012 3.189, -2.1575 0.0993 3.189, -2.1441 -0.0026 3.189, -2.1048 -0.0976 3.189, -2.0422 -0.1791 3.189, -1.9606 -0.2417 3.189, -1.8657 -0.281 3.189, -1.7638 -0.2944 3.189, -1.6619 -0.281 3.189, -1.5669 -0.2417 3.189, -1.4854 -0.1791 3.189, -1.4228 -0.0976 3.189, -1.3835 -0.0026 3.189, -1.3701 0.0993 3.189, -2.4725 1.0598 3.1014, -1.0551 1.0598 3.1014, -2.4725 1.048 3.1299, -1.0551 1.048 3.1299, -2.4725 1.0293 3.1544, -1.0551 1.0293 3.1544, -2.4725 1.0048 3.1732, -1.0551 1.0048 3.1732, -2.4725 0.9763 3.185, -1.0551 0.9763 3.185, -2.4725 0.9457 3.189, -1.0551 0.9457 3.189, -1.0551 -0.7472 3.189, -2.4725 -0.7472 3.189, -2.4725 -0.7777 3.185, -1.0551 -0.7777 3.185, -2.4725 -0.8062 3.1732, -1.0551 -0.8062 3.1732, -2.4725 -0.8307 3.1544, -1.0551 -0.8307 3.1544, -2.4725 -0.8495 3.1299, -1.0551 -0.8495 3.1299, -2.4725 -0.8613 3.1014, -1.0551 -0.8613 3.1014, -2.4725 -0.8613 0.7175, -1.0551 -0.8613 0.7175, -2.4725 -0.8495 0.689, -1.0551 -0.8495 0.689, -2.4725 -0.8307 0.6645, -1.0551 -0.8307 0.6645, -2.4725 -0.8062 0.6457, -1.0551 -0.8062 0.6457, -2.4725 -0.7777 0.6339, -1.0551 -0.7777 0.6339, -2.4725 -0.7472 0.6299, -1.0551 -0.7472 0.6299, -1.0551 0.9457 0.6299, -2.4725 0.9457 0.6299, -2.4725 0.9763 0.6339, -1.0551 0.9763 0.6339, -2.4725 1.0048 0.6457, -1.0551 1.0048 0.6457, -2.4725 1.0293 0.6645, -1.0551 1.0293 0.6645, -2.4725 1.048 0.689, -1.0551 1.048 0.689, -2.4725 1.0598 0.7175, -1.0551 1.0598 0.7175
            ]
        }
        coordIndex [
            0,1,2,-1,2,1,3,-1,2,3,4,-1,4,3,5,-1,4,5,6,-1,6,5,7,-1,6,7,0,-1,0,7,1,-1,8,9,10,-1,10,9,11,-1,10,11,12,-1,12,11,13,-1,12,13,14,-1,14,13,15,-1,14,15,8,-1,8,15,9,-1,16,17,18,-1,19,20,21,-1,21,20,17,-1,21,17,22,-1,22,17,23,-1,16,24,17,-1,17,24,25,-1,17,25,23,-1,26,27,28,-1,28,27,29,-1,18,30,16,-1,16,30,27,-1,16,27,31,-1,31,27,26,-1,29,32,28,-1,28,32,33,-1,28,33,34,-1,34,35,28,-1,28,35,36,-1,28,36,37,-1,38,39,40,-1,41,42,43,-1,44,45,46,-1,47,48,49,-1,50,51,52,-1,53,54,55,-1,56,57,58,-1,59,60,61,-1,62,63,64,-1,65,66,67,-1,68,69,70,-1,19,21,71,-1,71,21,72,-1,73,74,72,-1,72,74,75,-1,72,75,71,-1,76,77,78,-1,78,77,79,-1,78,79,73,-1,73,79,80,-1,73,80,74,-1,76,78,81,-1,81,78,82,-1,81,82,83,-1,83,82,84,-1,84,82,85,-1,84,85,86,-1,87,88,89,-1,89,90,87,-1,87,90,91,-1,87,91,85,-1,85,91,92,-1,85,92,86,-1,88,87,93,-1,93,87,94,-1,93,94,95,-1,96,97,70,-1,70,97,98,-1,70,98,68,-1,68,98,99,-1,68,99,100,-1,96,70,101,-1,101,70,102,-1,101,102,103,-1,104,105,102,-1,102,105,106,-1,102,106,103,-1,107,108,109,-1,109,108,110,-1,109,110,104,-1,104,110,111,-1,104,111,105,-1,67,66,109,-1,109,66,112,-1,109,112,107,-1,65,67,113,-1,113,67,114,-1,113,114,115,-1,17,20,114,-1,114,20,116,-1,114,116,115,-1,21,22,72,-1,72,22,117,-1,72,117,73,-1,73,117,118,-1,73,118,78,-1,78,118,119,-1,78,119,82,-1,82,119,120,-1,82,120,85,-1,85,120,121,-1,85,121,87,-1,87,121,64,-1,25,24,122,-1,122,24,123,-1,122,123,124,-1,124,123,125,-1,124,125,126,-1,126,125,127,-1,126,127,128,-1,128,127,129,-1,128,129,130,-1,130,129,131,-1,130,131,132,-1,132,131,61,-1,33,32,133,-1,133,32,134,-1,133,134,135,-1,135,134,136,-1,135,136,137,-1,137,136,138,-1,137,138,139,-1,139,138,140,-1,139,140,141,-1,141,140,142,-1,141,142,143,-1,143,142,43,-1,27,30,144,-1,144,30,145,-1,144,145,146,-1,146,145,147,-1,146,147,148,-1,148,147,149,-1,148,149,150,-1,150,149,151,-1,150,151,152,-1,152,151,153,-1,152,153,154,-1,154,153,40,-1,64,63,87,-1,87,63,155,-1,87,155,94,-1,156,62,157,-1,157,62,64,-1,157,64,158,-1,158,64,121,-1,158,121,159,-1,159,121,120,-1,159,120,160,-1,160,120,119,-1,160,119,161,-1,161,119,118,-1,161,118,162,-1,162,118,117,-1,162,117,23,-1,23,117,22,-1,23,25,162,-1,162,25,122,-1,162,122,161,-1,161,122,124,-1,161,124,160,-1,160,124,126,-1,160,126,159,-1,159,126,128,-1,159,128,158,-1,158,128,130,-1,158,130,157,-1,157,130,132,-1,157,132,156,-1,156,132,163,-1,61,60,132,-1,132,60,164,-1,132,164,163,-1,165,59,166,-1,166,59,61,-1,166,61,167,-1,167,61,131,-1,167,131,168,-1,168,131,129,-1,168,129,169,-1,169,129,127,-1,169,127,170,-1,170,127,125,-1,170,125,171,-1,171,125,123,-1,171,123,16,-1,16,123,24,-1,16,31,171,-1,171,31,172,-1,171,172,170,-1,170,172,173,-1,170,173,169,-1,169,173,174,-1,169,174,168,-1,168,174,175,-1,168,175,167,-1,167,175,176,-1,167,176,166,-1,166,176,58,-1,166,58,165,-1,165,58,57,-1,54,56,55,-1,55,56,58,-1,55,58,177,-1,177,58,176,-1,177,176,178,-1,178,176,175,-1,178,175,179,-1,179,175,174,-1,179,174,180,-1,180,174,173,-1,180,173,181,-1,181,173,172,-1,181,172,26,-1,26,172,31,-1,182,53,183,-1,183,53,55,-1,183,55,184,-1,184,55,177,-1,184,177,185,-1,185,177,178,-1,185,178,186,-1,186,178,179,-1,186,179,187,-1,187,179,180,-1,187,180,188,-1,188,180,181,-1,188,181,28,-1,28,181,26,-1,28,37,188,-1,188,37,189,-1,188,189,187,-1,187,189,190,-1,187,190,186,-1,186,190,191,-1,186,191,185,-1,185,191,192,-1,185,192,184,-1,184,192,193,-1,184,193,183,-1,183,193,52,-1,183,52,182,-1,182,52,51,-1,48,50,49,-1,49,50,52,-1,49,52,194,-1,194,52,193,-1,194,193,195,-1,195,193,192,-1,195,192,196,-1,196,192,191,-1,196,191,197,-1,197,191,190,-1,197,190,198,-1,198,190,189,-1,198,189,36,-1,36,189,37,-1,199,47,200,-1,200,47,49,-1,200,49,201,-1,201,49,194,-1,201,194,202,-1,202,194,195,-1,202,195,203,-1,203,195,196,-1,203,196,204,-1,204,196,197,-1,204,197,205,-1,205,197,198,-1,205,198,35,-1,35,198,36,-1,35,34,205,-1,205,34,206,-1,205,206,204,-1,204,206,207,-1,204,207,203,-1,203,207,208,-1,203,208,202,-1,202,208,209,-1,202,209,201,-1,201,209,210,-1,201,210,200,-1,200,210,46,-1,200,46,199,-1,199,46,45,-1,211,44,143,-1,143,44,46,-1,143,46,141,-1,141,46,210,-1,141,210,139,-1,139,210,209,-1,139,209,137,-1,137,209,208,-1,137,208,135,-1,135,208,207,-1,135,207,133,-1,133,207,206,-1,133,206,33,-1,33,206,34,-1,43,42,143,-1,143,42,212,-1,143,212,211,-1,213,41,214,-1,214,41,43,-1,214,43,215,-1,215,43,142,-1,215,142,216,-1,216,142,140,-1,216,140,217,-1,217,140,138,-1,217,138,218,-1,218,138,136,-1,218,136,219,-1,219,136,134,-1,219,134,29,-1,29,134,32,-1,29,27,219,-1,219,27,144,-1,219,144,218,-1,218,144,146,-1,218,146,217,-1,217,146,148,-1,217,148,216,-1,216,148,150,-1,216,150,215,-1,215,150,152,-1,215,152,214,-1,214,152,154,-1,214,154,213,-1,213,154,220,-1,40,39,154,-1,154,39,221,-1,154,221,220,-1,222,38,223,-1,223,38,40,-1,223,40,224,-1,224,40,153,-1,224,153,225,-1,225,153,151,-1,225,151,226,-1,226,151,149,-1,226,149,227,-1,227,149,147,-1,227,147,228,-1,228,147,145,-1,228,145,18,-1,18,145,30,-1,18,17,228,-1,228,17,114,-1,228,114,227,-1,227,114,67,-1,227,67,226,-1,226,67,109,-1,226,109,225,-1,225,109,104,-1,225,104,224,-1,224,104,102,-1,224,102,223,-1,223,102,70,-1,223,70,222,-1,222,70,69,-1,229,230,231,-1,231,230,232,-1,232,233,231,-1,231,233,234,-1,231,234,235,-1,235,236,231,-1,231,236,237,-1,231,237,238,-1,238,237,239,-1,240,241,242,-1,240,242,243,-1,243,242,237,-1,237,242,244,-1,237,244,245,-1,245,246,237,-1,237,246,247,-1,237,247,248,-1,248,249,237,-1,237,249,250,-1,237,250,239,-1,251,252,253,-1,254,255,256,-1,257,258,259,-1,260,261,262,-1,263,264,265,-1,266,267,268,-1,269,270,271,-1,272,273,274,-1,275,276,277,-1,278,279,280,-1,281,282,283,-1,284,285,286,-1,286,285,287,-1,286,287,288,-1,288,287,289,-1,288,289,290,-1,284,286,291,-1,291,286,292,-1,291,292,293,-1,293,292,294,-1,294,292,295,-1,294,295,296,-1,297,298,295,-1,295,298,299,-1,295,299,296,-1,300,301,297,-1,297,301,302,-1,302,303,297,-1,297,303,304,-1,297,304,298,-1,305,306,307,-1,307,306,308,-1,307,308,300,-1,300,308,309,-1,300,309,301,-1,232,230,307,-1,307,230,310,-1,307,310,305,-1,229,231,311,-1,311,231,312,-1,311,312,313,-1,313,312,314,-1,314,312,315,-1,314,315,316,-1,317,318,319,-1,319,318,320,-1,319,320,315,-1,315,320,321,-1,315,321,316,-1,317,319,322,-1,322,319,323,-1,322,323,324,-1,325,326,323,-1,323,326,327,-1,323,327,324,-1,328,329,330,-1,330,329,331,-1,330,331,325,-1,325,331,332,-1,325,332,326,-1,330,333,334,-1,328,330,335,-1,335,330,334,-1,335,334,336,-1,245,244,337,-1,337,244,338,-1,337,338,339,-1,339,338,340,-1,339,340,341,-1,341,340,342,-1,341,342,343,-1,343,342,344,-1,343,344,345,-1,345,344,346,-1,345,346,347,-1,347,346,268,-1,241,240,348,-1,348,240,349,-1,348,349,350,-1,350,349,351,-1,350,351,352,-1,352,351,353,-1,352,353,354,-1,354,353,355,-1,354,355,356,-1,356,355,357,-1,356,357,358,-1,358,357,265,-1,231,238,312,-1,312,238,359,-1,312,359,315,-1,315,359,360,-1,315,360,319,-1,319,360,361,-1,319,361,323,-1,323,361,362,-1,323,362,325,-1,325,362,363,-1,325,363,330,-1,330,363,283,-1,330,283,333,-1,333,283,282,-1,279,281,280,-1,280,281,283,-1,280,283,364,-1,364,283,363,-1,364,363,365,-1,365,363,362,-1,365,362,366,-1,366,362,361,-1,366,361,367,-1,367,361,360,-1,367,360,368,-1,368,360,359,-1,368,359,239,-1,239,359,238,-1,369,278,370,-1,370,278,280,-1,370,280,371,-1,371,280,364,-1,371,364,372,-1,372,364,365,-1,372,365,373,-1,373,365,366,-1,373,366,374,-1,374,366,367,-1,374,367,375,-1,375,367,368,-1,375,368,250,-1,250,368,239,-1,250,249,375,-1,375,249,376,-1,375,376,374,-1,374,376,377,-1,374,377,373,-1,373,377,378,-1,373,378,372,-1,372,378,379,-1,372,379,371,-1,371,379,380,-1,371,380,370,-1,370,380,277,-1,370,277,369,-1,369,277,276,-1,273,275,274,-1,274,275,277,-1,274,277,381,-1,381,277,380,-1,381,380,382,-1,382,380,379,-1,382,379,383,-1,383,379,378,-1,383,378,384,-1,384,378,377,-1,384,377,385,-1,385,377,376,-1,385,376,248,-1,248,376,249,-1,270,272,271,-1,271,272,274,-1,271,274,386,-1,386,274,381,-1,386,381,387,-1,387,381,382,-1,387,382,388,-1,388,382,383,-1,388,383,389,-1,389,383,384,-1,389,384,390,-1,390,384,385,-1,390,385,247,-1,247,385,248,-1,391,269,392,-1,392,269,271,-1,392,271,393,-1,393,271,386,-1,393,386,394,-1,394,386,387,-1,394,387,395,-1,395,387,388,-1,395,388,396,-1,396,388,389,-1,396,389,397,-1,397,389,390,-1,397,390,246,-1,246,390,247,-1,246,245,397,-1,397,245,337,-1,397,337,396,-1,396,337,339,-1,396,339,395,-1,395,339,341,-1,395,341,394,-1,394,341,343,-1,394,343,393,-1,393,343,345,-1,393,345,392,-1,392,345,347,-1,392,347,391,-1,391,347,398,-1,268,267,347,-1,347,267,399,-1,347,399,398,-1,400,266,401,-1,401,266,268,-1,401,268,402,-1,402,268,346,-1,402,346,403,-1,403,346,344,-1,403,344,404,-1,404,344,342,-1,404,342,405,-1,405,342,340,-1,405,340,406,-1,406,340,338,-1,406,338,242,-1,242,338,244,-1,242,241,406,-1,406,241,348,-1,406,348,405,-1,405,348,350,-1,405,350,404,-1,404,350,352,-1,404,352,403,-1,403,352,354,-1,403,354,402,-1,402,354,356,-1,402,356,401,-1,401,356,358,-1,401,358,400,-1,400,358,407,-1,265,264,358,-1,358,264,408,-1,358,408,407,-1,409,263,410,-1,410,263,265,-1,410,265,411,-1,411,265,357,-1,411,357,412,-1,412,357,355,-1,412,355,413,-1,413,355,353,-1,413,353,414,-1,414,353,351,-1,414,351,415,-1,415,351,349,-1,415,349,243,-1,243,349,240,-1,243,237,415,-1,415,237,416,-1,415,416,414,-1,414,416,417,-1,414,417,413,-1,413,417,418,-1,413,418,412,-1,412,418,419,-1,412,419,411,-1,411,419,420,-1,411,420,410,-1,410,420,262,-1,410,262,409,-1,409,262,261,-1,258,260,259,-1,259,260,262,-1,259,262,421,-1,421,262,420,-1,421,420,422,-1,422,420,419,-1,422,419,423,-1,423,419,418,-1,423,418,424,-1,424,418,417,-1,424,417,425,-1,425,417,416,-1,425,416,236,-1,236,416,237,-1,426,257,427,-1,427,257,259,-1,427,259,428,-1,428,259,421,-1,428,421,429,-1,429,421,422,-1,429,422,430,-1,430,422,423,-1,430,423,431,-1,431,423,424,-1,431,424,432,-1,432,424,425,-1,432,425,235,-1,235,425,236,-1,235,234,432,-1,432,234,433,-1,432,433,431,-1,431,433,434,-1,431,434,430,-1,430,434,435,-1,430,435,429,-1,429,435,436,-1,429,436,428,-1,428,436,437,-1,428,437,427,-1,427,437,256,-1,427,256,426,-1,426,256,255,-1,252,254,253,-1,253,254,256,-1,253,256,438,-1,438,256,437,-1,438,437,439,-1,439,437,436,-1,439,436,440,-1,440,436,435,-1,440,435,441,-1,441,435,434,-1,441,434,442,-1,442,434,433,-1,442,433,233,-1,233,433,234,-1,288,251,286,-1,286,251,253,-1,286,253,292,-1,292,253,438,-1,292,438,295,-1,295,438,439,-1,295,439,297,-1,297,439,440,-1,297,440,300,-1,300,440,441,-1,300,441,307,-1,307,441,442,-1,307,442,232,-1,232,442,233,-1,443,336,334,-1,95,444,445,-1,445,444,446,-1,445,446,447,-1,446,448,447,-1,447,448,449,-1,447,449,450,-1,449,451,450,-1,450,451,452,-1,450,452,453,-1,454,455,456,-1,456,455,453,-1,456,453,457,-1,457,453,452,-1,458,459,460,-1,460,459,461,-1,460,461,462,-1,461,463,462,-1,462,463,464,-1,462,464,465,-1,465,464,466,-1,465,466,100,-1,95,94,444,-1,444,94,155,-1,444,155,467,-1,467,155,63,-1,467,63,468,-1,468,63,62,-1,468,62,469,-1,469,62,156,-1,469,156,470,-1,470,156,163,-1,470,163,471,-1,471,163,164,-1,471,164,472,-1,472,164,60,-1,472,60,473,-1,473,60,59,-1,473,59,474,-1,474,59,165,-1,474,165,475,-1,475,165,57,-1,475,57,476,-1,476,57,56,-1,476,56,477,-1,477,56,54,-1,477,54,478,-1,478,54,53,-1,478,53,479,-1,479,53,182,-1,479,182,480,-1,480,182,51,-1,480,51,481,-1,481,51,50,-1,481,50,482,-1,482,50,48,-1,482,48,483,-1,483,48,47,-1,483,47,484,-1,484,47,199,-1,484,199,485,-1,485,199,45,-1,485,45,486,-1,486,45,44,-1,486,44,487,-1,487,44,211,-1,487,211,488,-1,488,211,212,-1,488,212,489,-1,489,212,42,-1,489,42,490,-1,490,42,41,-1,490,41,491,-1,491,41,213,-1,491,213,492,-1,492,213,220,-1,492,220,493,-1,493,220,221,-1,493,221,494,-1,494,221,39,-1,494,39,495,-1,495,39,38,-1,495,38,496,-1,496,38,222,-1,496,222,497,-1,497,222,69,-1,497,69,466,-1,466,69,68,-1,466,68,100,-1,498,282,499,-1,499,282,281,-1,499,281,500,-1,458,460,501,-1,501,460,443,-1,501,443,502,-1,502,443,334,-1,502,334,498,-1,498,334,333,-1,498,333,282,-1,500,281,503,-1,503,281,279,-1,503,279,504,-1,504,279,278,-1,504,278,505,-1,278,369,505,-1,505,369,276,-1,505,276,506,-1,506,276,275,-1,506,275,507,-1,507,275,273,-1,507,273,508,-1,509,398,510,-1,510,398,399,-1,510,399,511,-1,508,273,512,-1,512,273,272,-1,512,272,513,-1,513,272,270,-1,513,270,514,-1,514,270,269,-1,514,269,509,-1,509,269,391,-1,509,391,398,-1,515,407,516,-1,516,407,408,-1,516,408,517,-1,511,399,518,-1,518,399,267,-1,518,267,519,-1,519,267,266,-1,519,266,515,-1,515,266,400,-1,515,400,407,-1,517,408,520,-1,520,408,264,-1,520,264,521,-1,521,264,263,-1,521,263,522,-1,523,524,257,-1,257,524,525,-1,257,525,258,-1,258,525,526,-1,258,526,260,-1,260,526,527,-1,260,527,261,-1,261,527,522,-1,261,522,409,-1,409,522,263,-1,290,455,288,-1,288,455,454,-1,288,454,251,-1,251,454,528,-1,251,528,252,-1,252,528,529,-1,252,529,254,-1,254,529,530,-1,254,530,255,-1,255,530,523,-1,255,523,426,-1,426,523,257,-1,444,531,532,-1,444,467,531,-1,531,467,468,-1,531,468,533,-1,533,468,469,-1,533,469,534,-1,534,469,470,-1,534,470,535,-1,535,470,471,-1,471,472,535,-1,535,472,473,-1,535,473,536,-1,536,473,474,-1,536,474,537,-1,537,474,475,-1,537,475,538,-1,538,475,476,-1,476,477,538,-1,538,477,478,-1,538,478,539,-1,478,479,539,-1,539,479,480,-1,539,480,540,-1,540,480,481,-1,540,481,541,-1,541,481,482,-1,541,482,542,-1,542,482,483,-1,483,484,542,-1,542,484,485,-1,542,485,543,-1,543,485,486,-1,543,486,544,-1,544,486,487,-1,544,487,545,-1,545,487,488,-1,488,489,545,-1,545,489,490,-1,545,490,546,-1,546,490,491,-1,546,491,547,-1,547,491,492,-1,547,492,548,-1,548,492,493,-1,493,494,548,-1,548,494,495,-1,548,495,549,-1,495,496,549,-1,549,496,497,-1,549,497,550,-1,550,497,466,-1,550,466,551,-1,551,466,464,-1,551,464,552,-1,552,464,463,-1,463,461,552,-1,552,461,459,-1,552,459,553,-1,553,459,458,-1,553,458,554,-1,554,458,501,-1,554,501,555,-1,555,501,502,-1,502,498,555,-1,555,498,499,-1,555,499,556,-1,556,499,500,-1,556,500,557,-1,500,503,557,-1,557,503,504,-1,557,504,558,-1,504,505,558,-1,558,505,506,-1,558,506,559,-1,506,507,559,-1,559,507,508,-1,559,508,560,-1,560,508,512,-1,560,512,561,-1,561,512,513,-1,561,513,562,-1,562,513,514,-1,514,509,562,-1,562,509,510,-1,562,510,563,-1,563,510,511,-1,563,511,564,-1,564,511,518,-1,564,518,565,-1,565,518,519,-1,519,515,565,-1,565,515,516,-1,565,516,566,-1,566,516,517,-1,566,517,567,-1,517,520,567,-1,567,520,521,-1,567,521,568,-1,521,522,568,-1,568,522,527,-1,568,527,569,-1,527,526,569,-1,569,526,525,-1,569,525,570,-1,570,525,524,-1,570,524,571,-1,571,524,523,-1,571,523,572,-1,572,523,530,-1,530,529,572,-1,572,529,528,-1,572,528,573,-1,573,528,454,-1,573,454,574,-1,574,454,456,-1,574,456,575,-1,575,456,457,-1,457,452,575,-1,575,452,451,-1,575,451,576,-1,576,451,449,-1,576,449,577,-1,577,449,448,-1,577,448,532,-1,532,448,446,-1,532,446,444,-1,576,578,575,-1,575,578,579,-1,575,579,574,-1,574,579,580,-1,574,580,573,-1,573,580,581,-1,573,581,572,-1,572,581,582,-1,572,582,571,-1,571,582,583,-1,571,583,570,-1,570,583,584,-1,570,584,569,-1,569,584,585,-1,569,585,568,-1,568,585,586,-1,568,586,567,-1,567,586,587,-1,567,587,566,-1,566,587,588,-1,566,588,565,-1,565,588,589,-1,565,589,564,-1,564,589,590,-1,564,590,563,-1,563,590,591,-1,563,591,562,-1,562,591,592,-1,562,592,561,-1,561,592,593,-1,561,593,560,-1,560,593,594,-1,560,594,559,-1,559,594,595,-1,559,595,558,-1,558,595,596,-1,558,596,557,-1,557,596,597,-1,557,597,556,-1,556,597,598,-1,556,598,555,-1,555,598,599,-1,555,599,554,-1,554,599,600,-1,554,600,553,-1,553,600,601,-1,553,601,552,-1,552,601,602,-1,552,602,551,-1,551,602,603,-1,551,603,550,-1,550,603,604,-1,550,604,549,-1,549,604,605,-1,549,605,548,-1,548,605,606,-1,548,606,547,-1,547,606,607,-1,547,607,546,-1,546,607,608,-1,546,608,545,-1,545,608,609,-1,545,609,544,-1,544,609,610,-1,544,610,543,-1,543,610,611,-1,543,611,542,-1,542,611,612,-1,542,612,541,-1,541,612,613,-1,541,613,540,-1,540,613,614,-1,540,614,539,-1,539,614,615,-1,539,615,538,-1,538,615,616,-1,538,616,537,-1,537,616,617,-1,537,617,536,-1,536,617,618,-1,536,618,535,-1,535,618,619,-1,535,619,534,-1,534,619,620,-1,534,620,533,-1,533,620,621,-1,533,621,531,-1,531,621,622,-1,531,622,532,-1,532,622,623,-1,532,623,577,-1,577,623,624,-1,577,624,576,-1,576,624,578,-1,624,625,578,-1,578,625,626,-1,578,626,579,-1,579,626,627,-1,579,627,580,-1,580,627,628,-1,580,628,581,-1,581,628,629,-1,581,629,582,-1,582,629,630,-1,582,630,583,-1,583,630,631,-1,583,631,584,-1,584,631,632,-1,584,632,585,-1,585,632,633,-1,585,633,586,-1,586,633,634,-1,586,634,587,-1,587,634,635,-1,587,635,588,-1,588,635,636,-1,588,636,589,-1,589,636,637,-1,589,637,590,-1,590,637,638,-1,590,638,591,-1,591,638,639,-1,591,639,592,-1,592,639,640,-1,592,640,593,-1,593,640,641,-1,593,641,594,-1,594,641,642,-1,594,642,595,-1,595,642,643,-1,595,643,596,-1,596,643,644,-1,596,644,597,-1,597,644,645,-1,597,645,598,-1,598,645,646,-1,598,646,599,-1,599,646,647,-1,599,647,600,-1,600,647,648,-1,600,648,601,-1,601,648,649,-1,601,649,602,-1,602,649,650,-1,602,650,603,-1,603,650,651,-1,603,651,604,-1,604,651,652,-1,604,652,605,-1,605,652,653,-1,605,653,606,-1,606,653,654,-1,606,654,607,-1,607,654,655,-1,607,655,608,-1,608,655,656,-1,608,656,609,-1,609,656,657,-1,609,657,610,-1,610,657,658,-1,610,658,611,-1,611,658,659,-1,611,659,612,-1,612,659,660,-1,612,660,613,-1,613,660,661,-1,613,661,614,-1,614,661,662,-1,614,662,615,-1,615,662,663,-1,615,663,616,-1,616,663,664,-1,616,664,617,-1,617,664,665,-1,617,665,618,-1,618,665,666,-1,618,666,619,-1,619,666,667,-1,619,667,620,-1,620,667,668,-1,620,668,621,-1,621,668,669,-1,621,669,622,-1,622,669,670,-1,622,670,623,-1,623,670,671,-1,623,671,624,-1,624,671,625,-1,671,672,625,-1,625,672,673,-1,625,673,626,-1,626,673,674,-1,626,674,627,-1,627,674,675,-1,627,675,628,-1,628,675,676,-1,628,676,629,-1,629,676,677,-1,629,677,630,-1,630,677,678,-1,630,678,631,-1,631,678,679,-1,631,679,632,-1,632,679,680,-1,632,680,633,-1,633,680,681,-1,633,681,634,-1,634,681,682,-1,634,682,635,-1,635,682,683,-1,635,683,636,-1,636,683,684,-1,636,684,637,-1,637,684,685,-1,637,685,638,-1,638,685,686,-1,638,686,639,-1,639,686,687,-1,639,687,640,-1,640,687,688,-1,640,688,641,-1,641,688,689,-1,641,689,642,-1,642,689,690,-1,642,690,643,-1,643,690,691,-1,643,691,644,-1,644,691,692,-1,644,692,645,-1,645,692,693,-1,645,693,646,-1,646,693,694,-1,646,694,647,-1,647,694,695,-1,647,695,648,-1,648,695,696,-1,648,696,649,-1,649,696,697,-1,649,697,650,-1,650,697,698,-1,650,698,651,-1,651,698,699,-1,651,699,652,-1,652,699,700,-1,652,700,653,-1,653,700,701,-1,653,701,654,-1,654,701,702,-1,654,702,655,-1,655,702,703,-1,655,703,656,-1,656,703,704,-1,656,704,657,-1,657,704,705,-1,657,705,658,-1,658,705,706,-1,658,706,659,-1,659,706,707,-1,659,707,660,-1,660,707,708,-1,660,708,661,-1,661,708,709,-1,661,709,662,-1,662,709,710,-1,662,710,663,-1,663,710,711,-1,663,711,664,-1,664,711,712,-1,664,712,665,-1,665,712,713,-1,665,713,666,-1,666,713,714,-1,666,714,667,-1,667,714,715,-1,667,715,668,-1,668,715,716,-1,668,716,669,-1,669,716,717,-1,669,717,670,-1,670,717,718,-1,670,718,671,-1,671,718,672,-1,718,719,672,-1,672,719,720,-1,672,720,673,-1,673,720,721,-1,673,721,674,-1,674,721,722,-1,674,722,675,-1,675,722,723,-1,675,723,676,-1,676,723,724,-1,676,724,677,-1,677,724,725,-1,677,725,678,-1,678,725,726,-1,678,726,679,-1,679,726,727,-1,679,727,680,-1,680,727,728,-1,680,728,681,-1,681,728,729,-1,681,729,682,-1,682,729,730,-1,682,730,683,-1,683,730,731,-1,683,731,684,-1,684,731,732,-1,684,732,685,-1,685,732,733,-1,685,733,686,-1,686,733,734,-1,686,734,687,-1,687,734,735,-1,687,735,688,-1,688,735,736,-1,688,736,689,-1,689,736,737,-1,689,737,690,-1,690,737,738,-1,690,738,691,-1,691,738,739,-1,691,739,692,-1,692,739,740,-1,692,740,693,-1,693,740,741,-1,693,741,694,-1,694,741,742,-1,694,742,695,-1,695,742,743,-1,695,743,696,-1,696,743,744,-1,696,744,697,-1,697,744,745,-1,697,745,698,-1,698,745,746,-1,698,746,699,-1,699,746,747,-1,699,747,700,-1,700,747,748,-1,700,748,701,-1,701,748,749,-1,701,749,702,-1,702,749,750,-1,702,750,703,-1,703,750,751,-1,703,751,704,-1,704,751,752,-1,704,752,705,-1,705,752,753,-1,705,753,706,-1,706,753,754,-1,706,754,707,-1,707,754,755,-1,707,755,708,-1,708,755,756,-1,708,756,709,-1,709,756,757,-1,709,757,710,-1,710,757,758,-1,710,758,711,-1,711,758,759,-1,711,759,712,-1,712,759,760,-1,712,760,713,-1,713,760,761,-1,713,761,714,-1,714,761,762,-1,714,762,715,-1,715,762,763,-1,715,763,716,-1,716,763,764,-1,716,764,717,-1,717,764,765,-1,717,765,718,-1,718,765,719,-1,765,766,719,-1,719,766,767,-1,719,767,720,-1,720,767,768,-1,720,768,721,-1,721,768,769,-1,721,769,722,-1,722,769,770,-1,722,770,723,-1,723,770,771,-1,723,771,724,-1,724,771,772,-1,724,772,725,-1,725,772,773,-1,725,773,726,-1,726,773,774,-1,726,774,727,-1,727,774,775,-1,727,775,728,-1,728,775,776,-1,728,776,729,-1,729,776,777,-1,729,777,730,-1,730,777,778,-1,730,778,731,-1,731,778,779,-1,731,779,732,-1,732,779,780,-1,732,780,733,-1,733,780,781,-1,733,781,734,-1,734,781,782,-1,734,782,735,-1,735,782,783,-1,735,783,736,-1,736,783,784,-1,736,784,737,-1,737,784,785,-1,737,785,738,-1,738,785,786,-1,738,786,739,-1,739,786,787,-1,739,787,740,-1,740,787,788,-1,740,788,741,-1,741,788,789,-1,741,789,742,-1,742,789,790,-1,742,790,743,-1,743,790,791,-1,743,791,744,-1,744,791,792,-1,744,792,745,-1,745,792,793,-1,745,793,746,-1,746,793,794,-1,746,794,747,-1,747,794,795,-1,747,795,748,-1,748,795,796,-1,748,796,749,-1,749,796,797,-1,749,797,750,-1,750,797,798,-1,750,798,751,-1,751,798,799,-1,751,799,752,-1,752,799,800,-1,752,800,753,-1,753,800,801,-1,753,801,754,-1,754,801,802,-1,754,802,755,-1,755,802,803,-1,755,803,756,-1,756,803,804,-1,756,804,757,-1,757,804,805,-1,757,805,758,-1,758,805,806,-1,758,806,759,-1,759,806,807,-1,759,807,760,-1,760,807,808,-1,760,808,761,-1,761,808,809,-1,761,809,762,-1,762,809,810,-1,762,810,763,-1,763,810,811,-1,763,811,764,-1,764,811,812,-1,764,812,765,-1,765,812,766,-1,813,789,814,-1,814,789,788,-1,814,788,815,-1,809,816,817,-1,818,819,784,-1,788,787,815,-1,815,787,786,-1,815,786,819,-1,819,786,785,-1,819,785,784,-1,805,820,821,-1,809,808,816,-1,816,808,807,-1,816,807,821,-1,821,807,806,-1,821,806,805,-1,822,811,817,-1,817,811,810,-1,817,810,809,-1,823,824,768,-1,825,791,813,-1,813,791,790,-1,813,790,789,-1,799,826,827,-1,768,767,823,-1,823,767,766,-1,823,766,822,-1,822,766,812,-1,822,812,811,-1,828,829,774,-1,830,776,829,-1,829,776,775,-1,829,775,774,-1,831,793,825,-1,825,793,792,-1,825,792,791,-1,832,801,827,-1,827,801,800,-1,827,800,799,-1,805,804,820,-1,820,804,803,-1,820,803,832,-1,832,803,802,-1,832,802,801,-1,833,770,824,-1,824,770,769,-1,824,769,768,-1,774,773,828,-1,828,773,772,-1,828,772,833,-1,833,772,771,-1,833,771,770,-1,784,783,818,-1,818,783,782,-1,818,782,834,-1,835,795,831,-1,831,795,794,-1,831,794,793,-1,799,798,826,-1,826,798,797,-1,826,797,835,-1,835,797,796,-1,835,796,795,-1,836,778,830,-1,830,778,777,-1,830,777,776,-1,782,781,834,-1,834,781,780,-1,834,780,836,-1,836,780,779,-1,836,779,778,-1,822,837,823,-1,823,837,838,-1,823,838,824,-1,824,838,839,-1,824,839,833,-1,833,839,840,-1,833,840,828,-1,828,840,841,-1,828,841,829,-1,829,841,842,-1,829,842,830,-1,830,842,843,-1,830,843,836,-1,836,843,844,-1,836,844,834,-1,834,844,845,-1,834,845,818,-1,818,845,846,-1,818,846,819,-1,819,846,847,-1,819,847,815,-1,815,847,848,-1,815,848,814,-1,814,848,849,-1,814,849,813,-1,813,849,850,-1,813,850,825,-1,825,850,851,-1,825,851,831,-1,831,851,852,-1,831,852,835,-1,835,852,853,-1,835,853,826,-1,826,853,854,-1,826,854,827,-1,827,854,855,-1,827,855,832,-1,832,855,856,-1,832,856,820,-1,820,856,857,-1,820,857,821,-1,821,857,858,-1,821,858,816,-1,816,858,859,-1,816,859,817,-1,817,859,860,-1,817,860,822,-1,822,860,837,-1,110,108,445,-1,113,115,108,-1,106,105,445,-1,445,105,111,-1,445,111,110,-1,112,66,65,-1,108,83,84,-1,465,100,445,-1,445,100,99,-1,96,101,445,-1,445,101,103,-1,445,103,106,-1,113,108,65,-1,65,108,107,-1,65,107,112,-1,74,80,79,-1,76,81,75,-1,75,81,83,-1,75,83,71,-1,84,86,108,-1,108,86,92,-1,108,92,91,-1,91,90,108,-1,108,90,89,-1,108,89,88,-1,88,93,108,-1,108,93,95,-1,108,95,445,-1,99,98,445,-1,445,98,97,-1,445,97,96,-1,115,116,108,-1,108,116,20,-1,108,20,83,-1,83,20,19,-1,83,19,71,-1,74,79,75,-1,75,79,77,-1,75,77,76,-1,455,290,443,-1,443,290,289,-1,443,284,291,-1,291,293,443,-1,443,293,294,-1,443,294,296,-1,289,287,443,-1,443,287,285,-1,443,285,284,-1,296,299,443,-1,443,299,298,-1,443,298,304,-1,304,303,443,-1,443,303,302,-1,443,302,301,-1,306,305,443,-1,322,324,443,-1,329,328,324,-1,305,310,443,-1,443,310,230,-1,443,230,229,-1,327,326,332,-1,301,309,443,-1,443,309,308,-1,443,308,306,-1,229,311,443,-1,443,311,313,-1,443,313,314,-1,328,335,324,-1,324,335,336,-1,324,336,443,-1,314,316,443,-1,443,316,321,-1,443,321,320,-1,320,318,443,-1,443,318,317,-1,443,317,322,-1,327,332,324,-1,324,332,331,-1,324,331,329,-1,465,445,462,-1,462,445,447,-1,462,447,460,-1,455,443,453,-1,453,443,460,-1,453,460,450,-1,450,460,447,-1,9,15,861,-1,9,861,862,-1,862,861,863,-1,862,863,864,-1,864,863,865,-1,864,865,866,-1,866,865,867,-1,866,867,868,-1,868,867,869,-1,868,869,870,-1,870,869,871,-1,870,871,872,-1,837,860,872,-1,872,860,873,-1,847,871,848,-1,848,871,874,-1,847,846,871,-1,871,846,845,-1,871,845,844,-1,860,859,873,-1,873,859,858,-1,873,858,857,-1,844,843,871,-1,871,843,842,-1,871,842,872,-1,872,842,841,-1,872,841,840,-1,857,856,873,-1,873,856,855,-1,873,855,874,-1,874,855,854,-1,854,853,874,-1,874,853,852,-1,874,852,851,-1,840,839,872,-1,872,839,838,-1,872,838,837,-1,851,850,874,-1,874,850,849,-1,874,849,848,-1,873,874,875,-1,873,875,876,-1,876,875,877,-1,876,877,878,-1,878,877,879,-1,878,879,880,-1,880,879,881,-1,880,881,882,-1,882,881,883,-1,882,883,884,-1,884,883,3,-1,884,3,1,-1,7,5,885,-1,7,885,886,-1,886,885,887,-1,886,887,888,-1,888,887,889,-1,888,889,890,-1,890,889,891,-1,890,891,892,-1,892,891,893,-1,892,893,894,-1,894,893,895,-1,894,895,896,-1,897,896,898,-1,898,896,895,-1,897,898,899,-1,897,899,900,-1,900,899,901,-1,900,901,902,-1,902,901,903,-1,902,903,904,-1,904,903,905,-1,904,905,906,-1,906,905,907,-1,906,907,908,-1,908,907,13,-1,908,13,11,-1,908,11,897,-1,873,896,872,-1,872,896,897,-1,900,902,904,-1,890,892,894,-1,897,11,872,-1,872,11,9,-1,872,9,870,-1,864,866,868,-1,873,876,1,-1,1,876,878,-1,1,878,884,-1,884,878,880,-1,884,880,882,-1,900,904,897,-1,897,904,906,-1,897,906,908,-1,890,894,888,-1,870,9,868,-1,868,9,862,-1,868,862,864,-1,873,1,896,-1,896,1,7,-1,896,7,894,-1,894,7,886,-1,894,886,888,-1,895,874,898,-1,898,874,871,-1,3,874,5,-1,5,874,895,-1,5,895,893,-1,893,891,889,-1,867,15,869,-1,869,15,871,-1,871,15,898,-1,898,15,13,-1,898,13,899,-1,907,905,903,-1,889,887,893,-1,893,887,885,-1,893,885,5,-1,881,879,883,-1,883,879,877,-1,883,877,3,-1,3,877,875,-1,3,875,874,-1,865,863,867,-1,867,863,861,-1,867,861,15,-1,907,903,13,-1,13,903,901,-1,13,901,899,-1,2,14,0,-1,0,14,8,-1,12,4,10,-1,10,4,6,-1,12,14,4,-1,4,14,2,-1,8,10,0,-1,0,10,6,-1,909,910,911,-1,911,910,912,-1,913,914,915,-1,915,914,916,-1,917,918,919,-1,919,918,920,-1,921,922,923,-1,923,922,924,-1,925,926,927,-1,927,926,928,-1,929,930,931,-1,931,930,932,-1,933,934,935,-1,935,934,936,-1,937,938,939,-1,939,938,940,-1,941,942,943,-1,943,942,944,-1,945,946,947,-1,947,946,948,-1,949,950,951,-1,951,950,952,-1,953,954,955,-1,955,954,956,-1,957,958,959,-1,959,958,960,-1,961,962,963,-1,963,962,964,-1,965,966,967,-1,967,966,968,-1,969,970,971,-1,971,970,972,-1,973,974,975,-1,975,974,976,-1,977,978,979,-1,979,978,980,-1,979,980,981,-1,981,980,982,-1,981,982,983,-1,983,982,984,-1,983,984,985,-1,985,984,986,-1,985,986,987,-1,987,986,988,-1,987,988,989,-1,987,989,990,-1,990,989,991,-1,990,991,992,-1,992,991,993,-1,992,993,994,-1,994,993,995,-1,994,995,996,-1,996,995,997,-1,996,997,998,-1,998,997,999,-1,998,999,1000,-1,1000,999,1001,-1,1000,1001,1002,-1,1002,1001,1003,-1,1003,1001,1004,-1,1003,1004,1005,-1,1005,1004,1006,-1,1005,1006,1007,-1,1007,1006,1008,-1,1007,1008,1009,-1,1009,1008,1010,-1,1009,1010,1011,-1,1011,1010,1012,-1,1011,1012,1013,-1,1013,1012,1014,-1,1013,1014,1015,-1,1015,1014,1016,-1,1015,1016,1017,-1,1017,1016,1018,-1,1017,1018,1019,-1,1019,1018,1020,-1,1021,1019,1022,-1,1022,1019,1020,-1,1021,1022,1023,-1,1023,1022,1024,-1,1023,1024,1025,-1,1025,1024,1026,-1,1025,1026,1027,-1,1027,1026,1028,-1,1027,1028,1029,-1,1029,1028,1030,-1,1029,1030,1031,-1,1031,1030,1032,-1,1031,1032,973,-1,973,1032,974,-1,1033,1034,1035,-1,1035,1034,1036,-1,1037,1038,1039,-1,1039,1038,1040,-1,1041,1038,1042,-1,1042,1038,1037,-1,1041,1042,1043,-1,1041,1043,1044,-1,1044,1043,1045,-1,1044,1045,1046,-1,1046,1045,1047,-1,1046,1047,1048,-1,1048,1047,1049,-1,1048,1049,1050,-1,1050,1049,1051,-1,1050,1051,1052,-1,1052,1051,1053,-1,1052,1053,1054,-1,1054,1053,1055,-1,1054,1055,1056,-1,1057,1056,1058,-1,1058,1056,1055,-1,1057,1058,1059,-1,1057,1059,1060,-1,1060,1059,1061,-1,1060,1061,1062,-1,1062,1061,1063,-1,1062,1063,1064,-1,1064,1063,1065,-1,1064,1065,1066,-1,1066,1065,1067,-1,1066,1067,1068,-1,1068,1067,1069,-1,1068,1069,1070,-1,1070,1069,1071,-1,1070,1071,1072,-1,1073,1074,1075,-1,1075,1076,1073,-1,1073,1076,1077,-1,1073,1077,1078,-1,1078,1077,1072,-1,1078,1072,1071,-1,1075,1074,1079,-1,1079,1074,1080,-1,1079,1080,1081,-1,1081,1080,1082,-1,1081,1082,1083,-1,1083,1082,1084,-1,1083,1084,1085,-1,1085,1084,1086,-1,1085,1086,1087,-1,1087,1086,1088,-1,1087,1088,977,-1,977,1088,978,-1,1089,1036,1034,-1,921,923,1090,-1,1090,923,1091,-1,969,971,1092,-1,1092,971,1093,-1,1092,1093,1041,-1,1091,917,919,-1,909,911,1094,-1,1094,911,1089,-1,913,915,1095,-1,1095,915,1094,-1,1095,1094,1038,-1,1038,1094,1089,-1,1038,1089,1040,-1,1040,1089,1034,-1,975,1092,973,-1,973,1092,1041,-1,973,1041,1031,-1,1031,1041,1044,-1,1031,1044,1029,-1,961,963,1096,-1,1096,963,1097,-1,1097,957,959,-1,1098,1038,1041,-1,1044,1046,1029,-1,1029,1046,1048,-1,1029,1048,1027,-1,1027,1048,1050,-1,1027,1050,1025,-1,1025,1050,1052,-1,1025,1052,1023,-1,1023,1052,1054,-1,1023,1054,1021,-1,1021,1054,1056,-1,1021,1056,1019,-1,1019,1056,1057,-1,1019,1057,1017,-1,1017,1057,1060,-1,1017,1060,1015,-1,1015,1060,1062,-1,1015,1062,1013,-1,965,967,1093,-1,1093,967,1096,-1,1093,1096,1041,-1,1041,1096,1097,-1,1041,1097,1099,-1,1099,1097,959,-1,1100,945,947,-1,1077,1005,1072,-1,1072,1005,1007,-1,1072,1007,1070,-1,1070,1007,1009,-1,1070,1009,1068,-1,1068,1009,1011,-1,1068,1011,1066,-1,1066,1011,1013,-1,1066,1013,1064,-1,1064,1013,1062,-1,949,951,1101,-1,1101,951,1100,-1,941,943,1098,-1,1098,943,1102,-1,1098,1102,1038,-1,953,955,1099,-1,1099,955,1101,-1,1099,1101,1041,-1,1041,1101,1100,-1,1041,1100,1098,-1,1098,1100,947,-1,933,935,1103,-1,1103,935,1104,-1,1104,929,931,-1,937,939,1102,-1,1102,939,1103,-1,1102,1103,1038,-1,1038,1103,1104,-1,1038,1104,1105,-1,1105,1104,931,-1,925,927,1105,-1,1105,927,1090,-1,1105,1090,1038,-1,1038,1090,1091,-1,1038,1091,1095,-1,1095,1091,919,-1,1033,1035,1039,-1,1039,1035,1106,-1,1039,1106,1037,-1,912,910,1106,-1,1106,910,1107,-1,1106,1107,1037,-1,1108,924,922,-1,920,918,1109,-1,1109,918,1108,-1,916,914,1107,-1,1107,914,1109,-1,1107,1109,1037,-1,1037,1109,1108,-1,1037,1108,1110,-1,1110,1108,922,-1,1111,952,950,-1,932,930,1112,-1,1112,930,1113,-1,1113,936,934,-1,944,942,1114,-1,1114,942,1115,-1,948,946,1115,-1,1115,946,1111,-1,956,954,1116,-1,1116,954,1117,-1,1116,1117,1042,-1,960,958,1117,-1,1117,958,1118,-1,1117,1118,1042,-1,928,926,1110,-1,1110,926,1112,-1,1110,1112,1037,-1,1037,1112,1113,-1,1037,1113,1119,-1,1119,1113,934,-1,940,938,1119,-1,1119,938,1114,-1,1119,1114,1037,-1,1037,1114,1115,-1,1037,1115,1042,-1,1042,1115,1111,-1,1042,1111,1116,-1,1116,1111,950,-1,1120,972,970,-1,968,966,1121,-1,1121,966,1120,-1,964,962,1118,-1,1118,962,1121,-1,1118,1121,1042,-1,1042,1121,1120,-1,1042,1120,1122,-1,1122,1120,970,-1,1028,1047,1030,-1,1030,1047,1045,-1,1030,1045,1032,-1,1032,1045,1043,-1,1032,1043,974,-1,974,1043,1042,-1,974,1042,976,-1,976,1042,1122,-1,1012,1065,1014,-1,1014,1065,1063,-1,1014,1063,1016,-1,1016,1063,1061,-1,1016,1061,1018,-1,1018,1061,1059,-1,1018,1059,1020,-1,1020,1059,1058,-1,1020,1058,1022,-1,1022,1058,1055,-1,1022,1055,1024,-1,1024,1055,1053,-1,1024,1053,1026,-1,1026,1053,1051,-1,1026,1051,1028,-1,1028,1051,1049,-1,1028,1049,1047,-1,1006,1078,1008,-1,1008,1078,1071,-1,1008,1071,1010,-1,1010,1071,1069,-1,1010,1069,1012,-1,1012,1069,1067,-1,1012,1067,1065,-1,986,980,988,-1,988,980,978,-1,988,978,989,-1,989,978,1088,-1,989,1088,991,-1,991,1088,1086,-1,991,1086,993,-1,993,1086,1084,-1,1073,1004,1074,-1,1074,1004,1001,-1,1074,1001,1080,-1,1080,1001,999,-1,1080,999,1082,-1,1082,999,997,-1,1082,997,1084,-1,1084,997,995,-1,1084,995,993,-1,1073,1078,1004,-1,1004,1078,1006,-1,1003,1076,1002,-1,1002,1076,1075,-1,1002,1075,1000,-1,1000,1075,1079,-1,1000,1079,998,-1,998,1079,1081,-1,998,1081,996,-1,996,1081,1083,-1,996,1083,994,-1,994,1083,1085,-1,979,985,977,-1,977,985,987,-1,977,987,1087,-1,1087,987,990,-1,1087,990,1085,-1,1085,990,992,-1,1085,992,994,-1,1077,1076,1005,-1,1005,1076,1003,-1,983,985,981,-1,981,985,979,-1,982,980,984,-1,984,980,986,-1,1033,1039,1034,-1,1034,1039,1040,-1,1092,1122,969,-1,969,1122,970,-1,1122,1092,976,-1,976,1092,975,-1,1093,1120,965,-1,965,1120,966,-1,1120,1093,972,-1,972,1093,971,-1,1096,1121,961,-1,961,1121,962,-1,1121,1096,968,-1,968,1096,967,-1,1097,1118,957,-1,957,1118,958,-1,1118,1097,964,-1,964,1097,963,-1,1099,1117,953,-1,953,1117,954,-1,1117,1099,960,-1,960,1099,959,-1,1101,1116,949,-1,949,1116,950,-1,1116,1101,956,-1,956,1101,955,-1,1100,1111,945,-1,945,1111,946,-1,1111,1100,952,-1,952,1100,951,-1,1098,1115,941,-1,941,1115,942,-1,1115,1098,948,-1,948,1098,947,-1,1102,1114,937,-1,937,1114,938,-1,1114,1102,944,-1,944,1102,943,-1,1103,1119,933,-1,933,1119,934,-1,1119,1103,940,-1,940,1103,939,-1,1104,1113,929,-1,929,1113,930,-1,1113,1104,936,-1,936,1104,935,-1,1105,1112,925,-1,925,1112,926,-1,1112,1105,932,-1,932,1105,931,-1,1090,1110,921,-1,921,1110,922,-1,1110,1090,928,-1,928,1090,927,-1,1091,1108,917,-1,917,1108,918,-1,1108,1091,924,-1,924,1091,923,-1,1095,1109,913,-1,913,1109,914,-1,1109,1095,920,-1,920,1095,919,-1,1094,1107,909,-1,909,1107,910,-1,1107,1094,916,-1,916,1094,915,-1,1106,1089,912,-1,912,1089,911,-1,1089,1106,1036,-1,1036,1106,1035,-1,1123,1124,1125,-1,1125,1124,1126,-1,1127,1128,1129,-1,1129,1128,1130,-1,1131,1132,1133,-1,1133,1132,1134,-1,1135,1136,1137,-1,1137,1136,1138,-1,1139,1140,1141,-1,1141,1140,1142,-1,1143,1144,1145,-1,1145,1144,1146,-1,1147,1148,1149,-1,1149,1148,1150,-1,1151,1152,1153,-1,1153,1152,1154,-1,1155,1156,1157,-1,1157,1156,1158,-1,1159,1160,1161,-1,1161,1160,1162,-1,1163,1164,1165,-1,1165,1164,1166,-1,1167,1168,1169,-1,1169,1168,1170,-1,1171,1172,1173,-1,1173,1172,1174,-1,1175,1176,1177,-1,1177,1176,1178,-1,1179,1180,1181,-1,1181,1180,1182,-1,1183,1184,1185,-1,1185,1184,1186,-1,1187,1188,1189,-1,1189,1188,1190,-1,1191,1192,1193,-1,1193,1192,1194,-1,1193,1194,1195,-1,1195,1194,1196,-1,1195,1196,1197,-1,1197,1196,1198,-1,1197,1198,1199,-1,1199,1198,1200,-1,1199,1200,1201,-1,1201,1200,1202,-1,1201,1202,1203,-1,1201,1203,1204,-1,1204,1203,1205,-1,1204,1205,1206,-1,1206,1205,1207,-1,1206,1207,1208,-1,1208,1207,1209,-1,1208,1209,1210,-1,1210,1209,1211,-1,1210,1211,1212,-1,1212,1211,1213,-1,1212,1213,1214,-1,1214,1213,1215,-1,1214,1215,1216,-1,1216,1215,1217,-1,1217,1215,1218,-1,1217,1218,1219,-1,1219,1218,1220,-1,1219,1220,1221,-1,1221,1220,1222,-1,1221,1222,1223,-1,1223,1222,1224,-1,1223,1224,1225,-1,1225,1224,1226,-1,1225,1226,1227,-1,1227,1226,1228,-1,1227,1228,1229,-1,1229,1228,1230,-1,1229,1230,1231,-1,1231,1230,1232,-1,1231,1232,1233,-1,1233,1232,1234,-1,1235,1233,1236,-1,1236,1233,1234,-1,1235,1236,1237,-1,1237,1236,1238,-1,1237,1238,1239,-1,1239,1238,1240,-1,1239,1240,1241,-1,1241,1240,1242,-1,1241,1242,1243,-1,1243,1242,1244,-1,1243,1244,1245,-1,1245,1244,1246,-1,1245,1246,1187,-1,1187,1246,1188,-1,1247,1248,1249,-1,1249,1248,1250,-1,1251,1252,1253,-1,1253,1252,1254,-1,1255,1252,1256,-1,1256,1252,1251,-1,1255,1256,1257,-1,1255,1257,1258,-1,1258,1257,1259,-1,1258,1259,1260,-1,1260,1259,1261,-1,1260,1261,1262,-1,1262,1261,1263,-1,1262,1263,1264,-1,1264,1263,1265,-1,1264,1265,1266,-1,1266,1265,1267,-1,1266,1267,1268,-1,1268,1267,1269,-1,1268,1269,1270,-1,1271,1270,1272,-1,1272,1270,1269,-1,1271,1272,1273,-1,1271,1273,1274,-1,1274,1273,1275,-1,1274,1275,1276,-1,1276,1275,1277,-1,1276,1277,1278,-1,1278,1277,1279,-1,1278,1279,1280,-1,1280,1279,1281,-1,1280,1281,1282,-1,1282,1281,1283,-1,1282,1283,1284,-1,1284,1283,1285,-1,1284,1285,1286,-1,1287,1288,1289,-1,1289,1290,1287,-1,1287,1290,1291,-1,1287,1291,1292,-1,1292,1291,1286,-1,1292,1286,1285,-1,1289,1288,1293,-1,1293,1288,1294,-1,1293,1294,1295,-1,1295,1294,1296,-1,1295,1296,1297,-1,1297,1296,1298,-1,1297,1298,1299,-1,1299,1298,1300,-1,1299,1300,1301,-1,1301,1300,1302,-1,1301,1302,1191,-1,1191,1302,1192,-1,1303,1250,1248,-1,1135,1137,1304,-1,1304,1137,1305,-1,1183,1185,1306,-1,1306,1185,1307,-1,1306,1307,1255,-1,1305,1131,1133,-1,1123,1125,1308,-1,1308,1125,1303,-1,1127,1129,1309,-1,1309,1129,1308,-1,1309,1308,1252,-1,1252,1308,1303,-1,1252,1303,1254,-1,1254,1303,1248,-1,1189,1306,1187,-1,1187,1306,1255,-1,1187,1255,1245,-1,1245,1255,1258,-1,1245,1258,1243,-1,1175,1177,1310,-1,1310,1177,1311,-1,1311,1171,1173,-1,1312,1252,1255,-1,1258,1260,1243,-1,1243,1260,1262,-1,1243,1262,1241,-1,1241,1262,1264,-1,1241,1264,1239,-1,1239,1264,1266,-1,1239,1266,1237,-1,1237,1266,1268,-1,1237,1268,1235,-1,1235,1268,1270,-1,1235,1270,1233,-1,1233,1270,1271,-1,1233,1271,1231,-1,1231,1271,1274,-1,1231,1274,1229,-1,1229,1274,1276,-1,1229,1276,1227,-1,1179,1181,1307,-1,1307,1181,1310,-1,1307,1310,1255,-1,1255,1310,1311,-1,1255,1311,1313,-1,1313,1311,1173,-1,1314,1159,1161,-1,1291,1219,1286,-1,1286,1219,1221,-1,1286,1221,1284,-1,1284,1221,1223,-1,1284,1223,1282,-1,1282,1223,1225,-1,1282,1225,1280,-1,1280,1225,1227,-1,1280,1227,1278,-1,1278,1227,1276,-1,1163,1165,1315,-1,1315,1165,1314,-1,1155,1157,1312,-1,1312,1157,1316,-1,1312,1316,1252,-1,1167,1169,1313,-1,1313,1169,1315,-1,1313,1315,1255,-1,1255,1315,1314,-1,1255,1314,1312,-1,1312,1314,1161,-1,1147,1149,1317,-1,1317,1149,1318,-1,1318,1143,1145,-1,1151,1153,1316,-1,1316,1153,1317,-1,1316,1317,1252,-1,1252,1317,1318,-1,1252,1318,1319,-1,1319,1318,1145,-1,1139,1141,1319,-1,1319,1141,1304,-1,1319,1304,1252,-1,1252,1304,1305,-1,1252,1305,1309,-1,1309,1305,1133,-1,1247,1249,1253,-1,1253,1249,1320,-1,1253,1320,1251,-1,1126,1124,1320,-1,1320,1124,1321,-1,1320,1321,1251,-1,1322,1138,1136,-1,1134,1132,1323,-1,1323,1132,1322,-1,1130,1128,1321,-1,1321,1128,1323,-1,1321,1323,1251,-1,1251,1323,1322,-1,1251,1322,1324,-1,1324,1322,1136,-1,1325,1166,1164,-1,1146,1144,1326,-1,1326,1144,1327,-1,1327,1150,1148,-1,1158,1156,1328,-1,1328,1156,1329,-1,1162,1160,1329,-1,1329,1160,1325,-1,1170,1168,1330,-1,1330,1168,1331,-1,1330,1331,1256,-1,1174,1172,1331,-1,1331,1172,1332,-1,1331,1332,1256,-1,1142,1140,1324,-1,1324,1140,1326,-1,1324,1326,1251,-1,1251,1326,1327,-1,1251,1327,1333,-1,1333,1327,1148,-1,1154,1152,1333,-1,1333,1152,1328,-1,1333,1328,1251,-1,1251,1328,1329,-1,1251,1329,1256,-1,1256,1329,1325,-1,1256,1325,1330,-1,1330,1325,1164,-1,1334,1186,1184,-1,1182,1180,1335,-1,1335,1180,1334,-1,1178,1176,1332,-1,1332,1176,1335,-1,1332,1335,1256,-1,1256,1335,1334,-1,1256,1334,1336,-1,1336,1334,1184,-1,1242,1261,1244,-1,1244,1261,1259,-1,1244,1259,1246,-1,1246,1259,1257,-1,1246,1257,1188,-1,1188,1257,1256,-1,1188,1256,1190,-1,1190,1256,1336,-1,1226,1279,1228,-1,1228,1279,1277,-1,1228,1277,1230,-1,1230,1277,1275,-1,1230,1275,1232,-1,1232,1275,1273,-1,1232,1273,1234,-1,1234,1273,1272,-1,1234,1272,1236,-1,1236,1272,1269,-1,1236,1269,1238,-1,1238,1269,1267,-1,1238,1267,1240,-1,1240,1267,1265,-1,1240,1265,1242,-1,1242,1265,1263,-1,1242,1263,1261,-1,1220,1292,1222,-1,1222,1292,1285,-1,1222,1285,1224,-1,1224,1285,1283,-1,1224,1283,1226,-1,1226,1283,1281,-1,1226,1281,1279,-1,1200,1194,1202,-1,1202,1194,1192,-1,1202,1192,1203,-1,1203,1192,1302,-1,1203,1302,1205,-1,1205,1302,1300,-1,1205,1300,1207,-1,1207,1300,1298,-1,1287,1218,1288,-1,1288,1218,1215,-1,1288,1215,1294,-1,1294,1215,1213,-1,1294,1213,1296,-1,1296,1213,1211,-1,1296,1211,1298,-1,1298,1211,1209,-1,1298,1209,1207,-1,1287,1292,1218,-1,1218,1292,1220,-1,1217,1290,1216,-1,1216,1290,1289,-1,1216,1289,1214,-1,1214,1289,1293,-1,1214,1293,1212,-1,1212,1293,1295,-1,1212,1295,1210,-1,1210,1295,1297,-1,1210,1297,1208,-1,1208,1297,1299,-1,1193,1199,1191,-1,1191,1199,1201,-1,1191,1201,1301,-1,1301,1201,1204,-1,1301,1204,1299,-1,1299,1204,1206,-1,1299,1206,1208,-1,1291,1290,1219,-1,1219,1290,1217,-1,1197,1199,1195,-1,1195,1199,1193,-1,1196,1194,1198,-1,1198,1194,1200,-1,1247,1253,1248,-1,1248,1253,1254,-1,1306,1336,1183,-1,1183,1336,1184,-1,1336,1306,1190,-1,1190,1306,1189,-1,1307,1334,1179,-1,1179,1334,1180,-1,1334,1307,1186,-1,1186,1307,1185,-1,1310,1335,1175,-1,1175,1335,1176,-1,1335,1310,1182,-1,1182,1310,1181,-1,1311,1332,1171,-1,1171,1332,1172,-1,1332,1311,1178,-1,1178,1311,1177,-1,1313,1331,1167,-1,1167,1331,1168,-1,1331,1313,1174,-1,1174,1313,1173,-1,1315,1330,1163,-1,1163,1330,1164,-1,1330,1315,1170,-1,1170,1315,1169,-1,1314,1325,1159,-1,1159,1325,1160,-1,1325,1314,1166,-1,1166,1314,1165,-1,1312,1329,1155,-1,1155,1329,1156,-1,1329,1312,1162,-1,1162,1312,1161,-1,1316,1328,1151,-1,1151,1328,1152,-1,1328,1316,1158,-1,1158,1316,1157,-1,1317,1333,1147,-1,1147,1333,1148,-1,1333,1317,1154,-1,1154,1317,1153,-1,1318,1327,1143,-1,1143,1327,1144,-1,1327,1318,1150,-1,1150,1318,1149,-1,1319,1326,1139,-1,1139,1326,1140,-1,1326,1319,1146,-1,1146,1319,1145,-1,1304,1324,1135,-1,1135,1324,1136,-1,1324,1304,1142,-1,1142,1304,1141,-1,1305,1322,1131,-1,1131,1322,1132,-1,1322,1305,1138,-1,1138,1305,1137,-1,1309,1323,1127,-1,1127,1323,1128,-1,1323,1309,1134,-1,1134,1309,1133,-1,1308,1321,1123,-1,1123,1321,1124,-1,1321,1308,1130,-1,1130,1308,1129,-1,1320,1303,1126,-1,1126,1303,1125,-1,1303,1320,1250,-1,1250,1320,1249,-1,1337,1338,1339,-1,1339,1338,1340,-1,1341,1342,1343,-1,1343,1342,1344,-1,1345,1346,1347,-1,1347,1346,1348,-1,1349,1350,1351,-1,1351,1350,1352,-1,1353,1354,1355,-1,1355,1354,1356,-1,1357,1358,1359,-1,1359,1358,1360,-1,1361,1362,1363,-1,1363,1362,1364,-1,1365,1366,1367,-1,1367,1366,1368,-1,1369,1370,1371,-1,1371,1370,1372,-1,1373,1374,1375,-1,1375,1374,1376,-1,1377,1378,1379,-1,1379,1378,1380,-1,1381,1382,1383,-1,1383,1382,1384,-1,1385,1386,1387,-1,1387,1386,1388,-1,1389,1390,1391,-1,1391,1390,1392,-1,1393,1394,1395,-1,1395,1394,1396,-1,1397,1398,1399,-1,1399,1398,1400,-1,1401,1402,1403,-1,1403,1402,1404,-1,1405,1406,1407,-1,1407,1406,1408,-1,1407,1408,1409,-1,1409,1408,1410,-1,1409,1410,1411,-1,1411,1410,1412,-1,1411,1412,1413,-1,1413,1412,1414,-1,1413,1414,1415,-1,1415,1414,1416,-1,1415,1416,1417,-1,1415,1417,1418,-1,1418,1417,1419,-1,1418,1419,1420,-1,1420,1419,1421,-1,1420,1421,1422,-1,1422,1421,1423,-1,1422,1423,1424,-1,1424,1423,1425,-1,1424,1425,1426,-1,1426,1425,1427,-1,1426,1427,1428,-1,1428,1427,1429,-1,1428,1429,1430,-1,1430,1429,1431,-1,1431,1429,1432,-1,1431,1432,1433,-1,1433,1432,1434,-1,1433,1434,1435,-1,1435,1434,1436,-1,1435,1436,1437,-1,1437,1436,1438,-1,1437,1438,1439,-1,1439,1438,1440,-1,1439,1440,1441,-1,1441,1440,1442,-1,1441,1442,1443,-1,1443,1442,1444,-1,1443,1444,1445,-1,1445,1444,1446,-1,1445,1446,1447,-1,1447,1446,1448,-1,1449,1447,1450,-1,1450,1447,1448,-1,1449,1450,1451,-1,1451,1450,1452,-1,1451,1452,1453,-1,1453,1452,1454,-1,1453,1454,1455,-1,1455,1454,1456,-1,1455,1456,1457,-1,1457,1456,1458,-1,1457,1458,1459,-1,1459,1458,1460,-1,1459,1460,1401,-1,1401,1460,1402,-1,1461,1462,1463,-1,1463,1462,1464,-1,1465,1466,1467,-1,1467,1466,1468,-1,1469,1466,1470,-1,1470,1466,1465,-1,1469,1470,1471,-1,1469,1471,1472,-1,1472,1471,1473,-1,1472,1473,1474,-1,1474,1473,1475,-1,1474,1475,1476,-1,1476,1475,1477,-1,1476,1477,1478,-1,1478,1477,1479,-1,1478,1479,1480,-1,1480,1479,1481,-1,1480,1481,1482,-1,1482,1481,1483,-1,1482,1483,1484,-1,1485,1484,1486,-1,1486,1484,1483,-1,1485,1486,1487,-1,1485,1487,1488,-1,1488,1487,1489,-1,1488,1489,1490,-1,1490,1489,1491,-1,1490,1491,1492,-1,1492,1491,1493,-1,1492,1493,1494,-1,1494,1493,1495,-1,1494,1495,1496,-1,1496,1495,1497,-1,1496,1497,1498,-1,1498,1497,1499,-1,1498,1499,1500,-1,1501,1502,1503,-1,1503,1504,1501,-1,1501,1504,1505,-1,1501,1505,1506,-1,1506,1505,1500,-1,1506,1500,1499,-1,1503,1502,1507,-1,1507,1502,1508,-1,1507,1508,1509,-1,1509,1508,1510,-1,1509,1510,1511,-1,1511,1510,1512,-1,1511,1512,1513,-1,1513,1512,1514,-1,1513,1514,1515,-1,1515,1514,1516,-1,1515,1516,1405,-1,1405,1516,1406,-1,1517,1464,1462,-1,1349,1351,1518,-1,1518,1351,1519,-1,1397,1399,1520,-1,1520,1399,1521,-1,1520,1521,1469,-1,1519,1345,1347,-1,1337,1339,1522,-1,1522,1339,1517,-1,1341,1343,1523,-1,1523,1343,1522,-1,1523,1522,1466,-1,1466,1522,1517,-1,1466,1517,1468,-1,1468,1517,1462,-1,1403,1520,1401,-1,1401,1520,1469,-1,1401,1469,1459,-1,1459,1469,1472,-1,1459,1472,1457,-1,1389,1391,1524,-1,1524,1391,1525,-1,1525,1385,1387,-1,1526,1466,1469,-1,1472,1474,1457,-1,1457,1474,1476,-1,1457,1476,1455,-1,1455,1476,1478,-1,1455,1478,1453,-1,1453,1478,1480,-1,1453,1480,1451,-1,1451,1480,1482,-1,1451,1482,1449,-1,1449,1482,1484,-1,1449,1484,1447,-1,1447,1484,1485,-1,1447,1485,1445,-1,1445,1485,1488,-1,1445,1488,1443,-1,1443,1488,1490,-1,1443,1490,1441,-1,1393,1395,1521,-1,1521,1395,1524,-1,1521,1524,1469,-1,1469,1524,1525,-1,1469,1525,1527,-1,1527,1525,1387,-1,1528,1373,1375,-1,1505,1433,1500,-1,1500,1433,1435,-1,1500,1435,1498,-1,1498,1435,1437,-1,1498,1437,1496,-1,1496,1437,1439,-1,1496,1439,1494,-1,1494,1439,1441,-1,1494,1441,1492,-1,1492,1441,1490,-1,1377,1379,1529,-1,1529,1379,1528,-1,1369,1371,1526,-1,1526,1371,1530,-1,1526,1530,1466,-1,1381,1383,1527,-1,1527,1383,1529,-1,1527,1529,1469,-1,1469,1529,1528,-1,1469,1528,1526,-1,1526,1528,1375,-1,1361,1363,1531,-1,1531,1363,1532,-1,1532,1357,1359,-1,1365,1367,1530,-1,1530,1367,1531,-1,1530,1531,1466,-1,1466,1531,1532,-1,1466,1532,1533,-1,1533,1532,1359,-1,1353,1355,1533,-1,1533,1355,1518,-1,1533,1518,1466,-1,1466,1518,1519,-1,1466,1519,1523,-1,1523,1519,1347,-1,1461,1463,1467,-1,1467,1463,1534,-1,1467,1534,1465,-1,1340,1338,1534,-1,1534,1338,1535,-1,1534,1535,1465,-1,1536,1352,1350,-1,1348,1346,1537,-1,1537,1346,1536,-1,1344,1342,1535,-1,1535,1342,1537,-1,1535,1537,1465,-1,1465,1537,1536,-1,1465,1536,1538,-1,1538,1536,1350,-1,1539,1380,1378,-1,1360,1358,1540,-1,1540,1358,1541,-1,1541,1364,1362,-1,1372,1370,1542,-1,1542,1370,1543,-1,1376,1374,1543,-1,1543,1374,1539,-1,1384,1382,1544,-1,1544,1382,1545,-1,1544,1545,1470,-1,1388,1386,1545,-1,1545,1386,1546,-1,1545,1546,1470,-1,1356,1354,1538,-1,1538,1354,1540,-1,1538,1540,1465,-1,1465,1540,1541,-1,1465,1541,1547,-1,1547,1541,1362,-1,1368,1366,1547,-1,1547,1366,1542,-1,1547,1542,1465,-1,1465,1542,1543,-1,1465,1543,1470,-1,1470,1543,1539,-1,1470,1539,1544,-1,1544,1539,1378,-1,1548,1400,1398,-1,1396,1394,1549,-1,1549,1394,1548,-1,1392,1390,1546,-1,1546,1390,1549,-1,1546,1549,1470,-1,1470,1549,1548,-1,1470,1548,1550,-1,1550,1548,1398,-1,1456,1475,1458,-1,1458,1475,1473,-1,1458,1473,1460,-1,1460,1473,1471,-1,1460,1471,1402,-1,1402,1471,1470,-1,1402,1470,1404,-1,1404,1470,1550,-1,1440,1493,1442,-1,1442,1493,1491,-1,1442,1491,1444,-1,1444,1491,1489,-1,1444,1489,1446,-1,1446,1489,1487,-1,1446,1487,1448,-1,1448,1487,1486,-1,1448,1486,1450,-1,1450,1486,1483,-1,1450,1483,1452,-1,1452,1483,1481,-1,1452,1481,1454,-1,1454,1481,1479,-1,1454,1479,1456,-1,1456,1479,1477,-1,1456,1477,1475,-1,1434,1506,1436,-1,1436,1506,1499,-1,1436,1499,1438,-1,1438,1499,1497,-1,1438,1497,1440,-1,1440,1497,1495,-1,1440,1495,1493,-1,1414,1408,1416,-1,1416,1408,1406,-1,1416,1406,1417,-1,1417,1406,1516,-1,1417,1516,1419,-1,1419,1516,1514,-1,1419,1514,1421,-1,1421,1514,1512,-1,1501,1432,1502,-1,1502,1432,1429,-1,1502,1429,1508,-1,1508,1429,1427,-1,1508,1427,1510,-1,1510,1427,1425,-1,1510,1425,1512,-1,1512,1425,1423,-1,1512,1423,1421,-1,1501,1506,1432,-1,1432,1506,1434,-1,1431,1504,1430,-1,1430,1504,1503,-1,1430,1503,1428,-1,1428,1503,1507,-1,1428,1507,1426,-1,1426,1507,1509,-1,1426,1509,1424,-1,1424,1509,1511,-1,1424,1511,1422,-1,1422,1511,1513,-1,1407,1413,1405,-1,1405,1413,1415,-1,1405,1415,1515,-1,1515,1415,1418,-1,1515,1418,1513,-1,1513,1418,1420,-1,1513,1420,1422,-1,1505,1504,1433,-1,1433,1504,1431,-1,1411,1413,1409,-1,1409,1413,1407,-1,1410,1408,1412,-1,1412,1408,1414,-1,1461,1467,1462,-1,1462,1467,1468,-1,1520,1550,1397,-1,1397,1550,1398,-1,1550,1520,1404,-1,1404,1520,1403,-1,1521,1548,1393,-1,1393,1548,1394,-1,1548,1521,1400,-1,1400,1521,1399,-1,1524,1549,1389,-1,1389,1549,1390,-1,1549,1524,1396,-1,1396,1524,1395,-1,1525,1546,1385,-1,1385,1546,1386,-1,1546,1525,1392,-1,1392,1525,1391,-1,1527,1545,1381,-1,1381,1545,1382,-1,1545,1527,1388,-1,1388,1527,1387,-1,1529,1544,1377,-1,1377,1544,1378,-1,1544,1529,1384,-1,1384,1529,1383,-1,1528,1539,1373,-1,1373,1539,1374,-1,1539,1528,1380,-1,1380,1528,1379,-1,1526,1543,1369,-1,1369,1543,1370,-1,1543,1526,1376,-1,1376,1526,1375,-1,1530,1542,1365,-1,1365,1542,1366,-1,1542,1530,1372,-1,1372,1530,1371,-1,1531,1547,1361,-1,1361,1547,1362,-1,1547,1531,1368,-1,1368,1531,1367,-1,1532,1541,1357,-1,1357,1541,1358,-1,1541,1532,1364,-1,1364,1532,1363,-1,1533,1540,1353,-1,1353,1540,1354,-1,1540,1533,1360,-1,1360,1533,1359,-1,1518,1538,1349,-1,1349,1538,1350,-1,1538,1518,1356,-1,1356,1518,1355,-1,1519,1536,1345,-1,1345,1536,1346,-1,1536,1519,1352,-1,1352,1519,1351,-1,1523,1537,1341,-1,1341,1537,1342,-1,1537,1523,1348,-1,1348,1523,1347,-1,1522,1535,1337,-1,1337,1535,1338,-1,1535,1522,1344,-1,1344,1522,1343,-1,1534,1517,1340,-1,1340,1517,1339,-1,1517,1534,1464,-1,1464,1534,1463,-1,1551,1552,1553,-1,1553,1552,1554,-1,1553,1554,1555,-1,1555,1554,1556,-1,1555,1556,1557,-1,1557,1556,1558,-1,1557,1558,1551,-1,1551,1558,1552,-1,1559,1560,1561,-1,1561,1560,1562,-1,1561,1562,1563,-1,1563,1562,1564,-1,1563,1564,1565,-1,1565,1564,1566,-1,1565,1566,1559,-1,1559,1566,1560,-1,1567,1568,1569,-1,1570,1571,1572,-1,1573,1570,1574,-1,1574,1570,1575,-1,1571,1570,1569,-1,1569,1570,1576,-1,1569,1576,1567,-1,1568,1577,1569,-1,1569,1577,1578,-1,1569,1578,1579,-1,1572,1580,1570,-1,1570,1580,1581,-1,1570,1581,1575,-1,1573,1582,1570,-1,1570,1582,1583,-1,1570,1583,1584,-1,1585,1586,1587,-1,1587,1586,1570,-1,1587,1570,1588,-1,1588,1570,1584,-1,1589,1590,1591,-1,1592,1593,1594,-1,1595,1596,1597,-1,1598,1599,1600,-1,1601,1602,1603,-1,1604,1605,1606,-1,1607,1608,1609,-1,1610,1611,1612,-1,1613,1614,1615,-1,1616,1617,1618,-1,1619,1620,1621,-1,1585,1587,1622,-1,1622,1587,1623,-1,1624,1625,1623,-1,1623,1625,1626,-1,1623,1626,1622,-1,1627,1628,1629,-1,1629,1628,1630,-1,1629,1630,1624,-1,1624,1630,1631,-1,1624,1631,1625,-1,1627,1629,1632,-1,1632,1629,1633,-1,1632,1633,1634,-1,1634,1633,1635,-1,1635,1633,1636,-1,1635,1636,1637,-1,1638,1639,1640,-1,1640,1641,1638,-1,1638,1641,1642,-1,1638,1642,1636,-1,1636,1642,1643,-1,1636,1643,1637,-1,1639,1638,1644,-1,1644,1638,1645,-1,1644,1645,1646,-1,1647,1648,1621,-1,1621,1648,1649,-1,1621,1649,1619,-1,1619,1649,1650,-1,1619,1650,1651,-1,1647,1621,1652,-1,1652,1621,1653,-1,1652,1653,1654,-1,1655,1656,1653,-1,1653,1656,1657,-1,1653,1657,1654,-1,1658,1659,1660,-1,1660,1659,1661,-1,1660,1661,1655,-1,1655,1661,1662,-1,1655,1662,1656,-1,1618,1617,1660,-1,1660,1617,1663,-1,1660,1663,1658,-1,1616,1618,1664,-1,1664,1618,1665,-1,1664,1665,1666,-1,1570,1586,1665,-1,1665,1586,1667,-1,1665,1667,1666,-1,1587,1588,1623,-1,1623,1588,1668,-1,1623,1668,1624,-1,1624,1668,1669,-1,1624,1669,1629,-1,1629,1669,1670,-1,1629,1670,1633,-1,1633,1670,1671,-1,1633,1671,1636,-1,1636,1671,1672,-1,1636,1672,1638,-1,1638,1672,1615,-1,1583,1582,1673,-1,1673,1582,1674,-1,1673,1674,1675,-1,1675,1674,1676,-1,1675,1676,1677,-1,1677,1676,1678,-1,1677,1678,1679,-1,1679,1678,1680,-1,1679,1680,1681,-1,1681,1680,1682,-1,1681,1682,1683,-1,1683,1682,1612,-1,1579,1578,1684,-1,1684,1578,1685,-1,1684,1685,1686,-1,1686,1685,1687,-1,1686,1687,1688,-1,1688,1687,1689,-1,1688,1689,1690,-1,1690,1689,1691,-1,1690,1691,1692,-1,1692,1691,1693,-1,1692,1693,1694,-1,1694,1693,1594,-1,1568,1567,1695,-1,1695,1567,1696,-1,1695,1696,1697,-1,1697,1696,1698,-1,1697,1698,1699,-1,1699,1698,1700,-1,1699,1700,1701,-1,1701,1700,1702,-1,1701,1702,1703,-1,1703,1702,1704,-1,1703,1704,1705,-1,1705,1704,1591,-1,1615,1614,1638,-1,1638,1614,1706,-1,1638,1706,1645,-1,1707,1613,1708,-1,1708,1613,1615,-1,1708,1615,1709,-1,1709,1615,1672,-1,1709,1672,1710,-1,1710,1672,1671,-1,1710,1671,1711,-1,1711,1671,1670,-1,1711,1670,1712,-1,1712,1670,1669,-1,1712,1669,1713,-1,1713,1669,1668,-1,1713,1668,1584,-1,1584,1668,1588,-1,1584,1583,1713,-1,1713,1583,1673,-1,1713,1673,1712,-1,1712,1673,1675,-1,1712,1675,1711,-1,1711,1675,1677,-1,1711,1677,1710,-1,1710,1677,1679,-1,1710,1679,1709,-1,1709,1679,1681,-1,1709,1681,1708,-1,1708,1681,1683,-1,1708,1683,1707,-1,1707,1683,1714,-1,1612,1611,1683,-1,1683,1611,1715,-1,1683,1715,1714,-1,1716,1610,1717,-1,1717,1610,1612,-1,1717,1612,1718,-1,1718,1612,1682,-1,1718,1682,1719,-1,1719,1682,1680,-1,1719,1680,1720,-1,1720,1680,1678,-1,1720,1678,1721,-1,1721,1678,1676,-1,1721,1676,1722,-1,1722,1676,1674,-1,1722,1674,1573,-1,1573,1674,1582,-1,1573,1574,1722,-1,1722,1574,1723,-1,1722,1723,1721,-1,1721,1723,1724,-1,1721,1724,1720,-1,1720,1724,1725,-1,1720,1725,1719,-1,1719,1725,1726,-1,1719,1726,1718,-1,1718,1726,1727,-1,1718,1727,1717,-1,1717,1727,1609,-1,1717,1609,1716,-1,1716,1609,1608,-1,1605,1607,1606,-1,1606,1607,1609,-1,1606,1609,1728,-1,1728,1609,1727,-1,1728,1727,1729,-1,1729,1727,1726,-1,1729,1726,1730,-1,1730,1726,1725,-1,1730,1725,1731,-1,1731,1725,1724,-1,1731,1724,1732,-1,1732,1724,1723,-1,1732,1723,1575,-1,1575,1723,1574,-1,1733,1604,1734,-1,1734,1604,1606,-1,1734,1606,1735,-1,1735,1606,1728,-1,1735,1728,1736,-1,1736,1728,1729,-1,1736,1729,1737,-1,1737,1729,1730,-1,1737,1730,1738,-1,1738,1730,1731,-1,1738,1731,1739,-1,1739,1731,1732,-1,1739,1732,1581,-1,1581,1732,1575,-1,1581,1580,1739,-1,1739,1580,1740,-1,1739,1740,1738,-1,1738,1740,1741,-1,1738,1741,1737,-1,1737,1741,1742,-1,1737,1742,1736,-1,1736,1742,1743,-1,1736,1743,1735,-1,1735,1743,1744,-1,1735,1744,1734,-1,1734,1744,1603,-1,1734,1603,1733,-1,1733,1603,1602,-1,1599,1601,1600,-1,1600,1601,1603,-1,1600,1603,1745,-1,1745,1603,1744,-1,1745,1744,1746,-1,1746,1744,1743,-1,1746,1743,1747,-1,1747,1743,1742,-1,1747,1742,1748,-1,1748,1742,1741,-1,1748,1741,1749,-1,1749,1741,1740,-1,1749,1740,1572,-1,1572,1740,1580,-1,1750,1598,1751,-1,1751,1598,1600,-1,1751,1600,1752,-1,1752,1600,1745,-1,1752,1745,1753,-1,1753,1745,1746,-1,1753,1746,1754,-1,1754,1746,1747,-1,1754,1747,1755,-1,1755,1747,1748,-1,1755,1748,1756,-1,1756,1748,1749,-1,1756,1749,1571,-1,1571,1749,1572,-1,1571,1569,1756,-1,1756,1569,1757,-1,1756,1757,1755,-1,1755,1757,1758,-1,1755,1758,1754,-1,1754,1758,1759,-1,1754,1759,1753,-1,1753,1759,1760,-1,1753,1760,1752,-1,1752,1760,1761,-1,1752,1761,1751,-1,1751,1761,1597,-1,1751,1597,1750,-1,1750,1597,1596,-1,1762,1595,1694,-1,1694,1595,1597,-1,1694,1597,1692,-1,1692,1597,1761,-1,1692,1761,1690,-1,1690,1761,1760,-1,1690,1760,1688,-1,1688,1760,1759,-1,1688,1759,1686,-1,1686,1759,1758,-1,1686,1758,1684,-1,1684,1758,1757,-1,1684,1757,1579,-1,1579,1757,1569,-1,1594,1593,1694,-1,1694,1593,1763,-1,1694,1763,1762,-1,1764,1592,1765,-1,1765,1592,1594,-1,1765,1594,1766,-1,1766,1594,1693,-1,1766,1693,1767,-1,1767,1693,1691,-1,1767,1691,1768,-1,1768,1691,1689,-1,1768,1689,1769,-1,1769,1689,1687,-1,1769,1687,1770,-1,1770,1687,1685,-1,1770,1685,1577,-1,1577,1685,1578,-1,1577,1568,1770,-1,1770,1568,1695,-1,1770,1695,1769,-1,1769,1695,1697,-1,1769,1697,1768,-1,1768,1697,1699,-1,1768,1699,1767,-1,1767,1699,1701,-1,1767,1701,1766,-1,1766,1701,1703,-1,1766,1703,1765,-1,1765,1703,1705,-1,1765,1705,1764,-1,1764,1705,1771,-1,1591,1590,1705,-1,1705,1590,1772,-1,1705,1772,1771,-1,1773,1589,1774,-1,1774,1589,1591,-1,1774,1591,1775,-1,1775,1591,1704,-1,1775,1704,1776,-1,1776,1704,1702,-1,1776,1702,1777,-1,1777,1702,1700,-1,1777,1700,1778,-1,1778,1700,1698,-1,1778,1698,1779,-1,1779,1698,1696,-1,1779,1696,1576,-1,1576,1696,1567,-1,1576,1570,1779,-1,1779,1570,1665,-1,1779,1665,1778,-1,1778,1665,1618,-1,1778,1618,1777,-1,1777,1618,1660,-1,1777,1660,1776,-1,1776,1660,1655,-1,1776,1655,1775,-1,1775,1655,1653,-1,1775,1653,1774,-1,1774,1653,1621,-1,1774,1621,1773,-1,1773,1621,1620,-1,1780,1781,1782,-1,1782,1781,1783,-1,1784,1785,1786,-1,1783,1787,1782,-1,1782,1787,1788,-1,1782,1788,1789,-1,1784,1786,1790,-1,1790,1786,1791,-1,1791,1786,1792,-1,1791,1792,1793,-1,1793,1794,1791,-1,1791,1794,1795,-1,1791,1795,1796,-1,1796,1797,1791,-1,1791,1797,1798,-1,1791,1798,1799,-1,1789,1800,1782,-1,1782,1800,1791,-1,1782,1791,1801,-1,1801,1791,1799,-1,1802,1803,1804,-1,1805,1806,1807,-1,1808,1809,1810,-1,1811,1812,1813,-1,1814,1815,1816,-1,1817,1818,1819,-1,1820,1821,1822,-1,1823,1824,1825,-1,1826,1827,1828,-1,1829,1830,1831,-1,1832,1833,1834,-1,1835,1836,1837,-1,1837,1836,1838,-1,1837,1838,1839,-1,1839,1838,1840,-1,1839,1840,1841,-1,1835,1837,1842,-1,1842,1837,1843,-1,1842,1843,1844,-1,1844,1843,1845,-1,1845,1843,1846,-1,1845,1846,1847,-1,1848,1849,1846,-1,1846,1849,1850,-1,1846,1850,1847,-1,1851,1852,1848,-1,1848,1852,1853,-1,1853,1854,1848,-1,1848,1854,1855,-1,1848,1855,1849,-1,1856,1857,1858,-1,1858,1857,1859,-1,1858,1859,1851,-1,1851,1859,1860,-1,1851,1860,1852,-1,1783,1781,1858,-1,1858,1781,1861,-1,1858,1861,1856,-1,1780,1782,1862,-1,1862,1782,1863,-1,1862,1863,1864,-1,1864,1863,1865,-1,1865,1863,1866,-1,1865,1866,1867,-1,1868,1869,1870,-1,1870,1869,1871,-1,1870,1871,1866,-1,1866,1871,1872,-1,1866,1872,1867,-1,1868,1870,1873,-1,1873,1870,1874,-1,1873,1874,1875,-1,1876,1877,1874,-1,1874,1877,1878,-1,1874,1878,1875,-1,1879,1880,1881,-1,1881,1880,1882,-1,1881,1882,1876,-1,1876,1882,1883,-1,1876,1883,1877,-1,1881,1884,1885,-1,1879,1881,1886,-1,1886,1881,1885,-1,1886,1885,1887,-1,1793,1792,1888,-1,1888,1792,1889,-1,1888,1889,1890,-1,1890,1889,1891,-1,1890,1891,1892,-1,1892,1891,1893,-1,1892,1893,1894,-1,1894,1893,1895,-1,1894,1895,1896,-1,1896,1895,1897,-1,1896,1897,1898,-1,1898,1897,1819,-1,1785,1784,1899,-1,1899,1784,1900,-1,1899,1900,1901,-1,1901,1900,1902,-1,1901,1902,1903,-1,1903,1902,1904,-1,1903,1904,1905,-1,1905,1904,1906,-1,1905,1906,1907,-1,1907,1906,1908,-1,1907,1908,1909,-1,1909,1908,1816,-1,1782,1801,1863,-1,1863,1801,1910,-1,1863,1910,1866,-1,1866,1910,1911,-1,1866,1911,1870,-1,1870,1911,1912,-1,1870,1912,1874,-1,1874,1912,1913,-1,1874,1913,1876,-1,1876,1913,1914,-1,1876,1914,1881,-1,1881,1914,1834,-1,1881,1834,1884,-1,1884,1834,1833,-1,1830,1832,1831,-1,1831,1832,1834,-1,1831,1834,1915,-1,1915,1834,1914,-1,1915,1914,1916,-1,1916,1914,1913,-1,1916,1913,1917,-1,1917,1913,1912,-1,1917,1912,1918,-1,1918,1912,1911,-1,1918,1911,1919,-1,1919,1911,1910,-1,1919,1910,1799,-1,1799,1910,1801,-1,1920,1829,1921,-1,1921,1829,1831,-1,1921,1831,1922,-1,1922,1831,1915,-1,1922,1915,1923,-1,1923,1915,1916,-1,1923,1916,1924,-1,1924,1916,1917,-1,1924,1917,1925,-1,1925,1917,1918,-1,1925,1918,1926,-1,1926,1918,1919,-1,1926,1919,1798,-1,1798,1919,1799,-1,1798,1797,1926,-1,1926,1797,1927,-1,1926,1927,1925,-1,1925,1927,1928,-1,1925,1928,1924,-1,1924,1928,1929,-1,1924,1929,1923,-1,1923,1929,1930,-1,1923,1930,1922,-1,1922,1930,1931,-1,1922,1931,1921,-1,1921,1931,1828,-1,1921,1828,1920,-1,1920,1828,1827,-1,1824,1826,1825,-1,1825,1826,1828,-1,1825,1828,1932,-1,1932,1828,1931,-1,1932,1931,1933,-1,1933,1931,1930,-1,1933,1930,1934,-1,1934,1930,1929,-1,1934,1929,1935,-1,1935,1929,1928,-1,1935,1928,1936,-1,1936,1928,1927,-1,1936,1927,1796,-1,1796,1927,1797,-1,1821,1823,1822,-1,1822,1823,1825,-1,1822,1825,1937,-1,1937,1825,1932,-1,1937,1932,1938,-1,1938,1932,1933,-1,1938,1933,1939,-1,1939,1933,1934,-1,1939,1934,1940,-1,1940,1934,1935,-1,1940,1935,1941,-1,1941,1935,1936,-1,1941,1936,1795,-1,1795,1936,1796,-1,1942,1820,1943,-1,1943,1820,1822,-1,1943,1822,1944,-1,1944,1822,1937,-1,1944,1937,1945,-1,1945,1937,1938,-1,1945,1938,1946,-1,1946,1938,1939,-1,1946,1939,1947,-1,1947,1939,1940,-1,1947,1940,1948,-1,1948,1940,1941,-1,1948,1941,1794,-1,1794,1941,1795,-1,1794,1793,1948,-1,1948,1793,1888,-1,1948,1888,1947,-1,1947,1888,1890,-1,1947,1890,1946,-1,1946,1890,1892,-1,1946,1892,1945,-1,1945,1892,1894,-1,1945,1894,1944,-1,1944,1894,1896,-1,1944,1896,1943,-1,1943,1896,1898,-1,1943,1898,1942,-1,1942,1898,1949,-1,1819,1818,1898,-1,1898,1818,1950,-1,1898,1950,1949,-1,1951,1817,1952,-1,1952,1817,1819,-1,1952,1819,1953,-1,1953,1819,1897,-1,1953,1897,1954,-1,1954,1897,1895,-1,1954,1895,1955,-1,1955,1895,1893,-1,1955,1893,1956,-1,1956,1893,1891,-1,1956,1891,1957,-1,1957,1891,1889,-1,1957,1889,1786,-1,1786,1889,1792,-1,1786,1785,1957,-1,1957,1785,1899,-1,1957,1899,1956,-1,1956,1899,1901,-1,1956,1901,1955,-1,1955,1901,1903,-1,1955,1903,1954,-1,1954,1903,1905,-1,1954,1905,1953,-1,1953,1905,1907,-1,1953,1907,1952,-1,1952,1907,1909,-1,1952,1909,1951,-1,1951,1909,1958,-1,1816,1815,1909,-1,1909,1815,1959,-1,1909,1959,1958,-1,1960,1814,1961,-1,1961,1814,1816,-1,1961,1816,1962,-1,1962,1816,1908,-1,1962,1908,1963,-1,1963,1908,1906,-1,1963,1906,1964,-1,1964,1906,1904,-1,1964,1904,1965,-1,1965,1904,1902,-1,1965,1902,1966,-1,1966,1902,1900,-1,1966,1900,1790,-1,1790,1900,1784,-1,1790,1791,1966,-1,1966,1791,1967,-1,1966,1967,1965,-1,1965,1967,1968,-1,1965,1968,1964,-1,1964,1968,1969,-1,1964,1969,1963,-1,1963,1969,1970,-1,1963,1970,1962,-1,1962,1970,1971,-1,1962,1971,1961,-1,1961,1971,1813,-1,1961,1813,1960,-1,1960,1813,1812,-1,1809,1811,1810,-1,1810,1811,1813,-1,1810,1813,1972,-1,1972,1813,1971,-1,1972,1971,1973,-1,1973,1971,1970,-1,1973,1970,1974,-1,1974,1970,1969,-1,1974,1969,1975,-1,1975,1969,1968,-1,1975,1968,1976,-1,1976,1968,1967,-1,1976,1967,1800,-1,1800,1967,1791,-1,1977,1808,1978,-1,1978,1808,1810,-1,1978,1810,1979,-1,1979,1810,1972,-1,1979,1972,1980,-1,1980,1972,1973,-1,1980,1973,1981,-1,1981,1973,1974,-1,1981,1974,1982,-1,1982,1974,1975,-1,1982,1975,1983,-1,1983,1975,1976,-1,1983,1976,1789,-1,1789,1976,1800,-1,1789,1788,1983,-1,1983,1788,1984,-1,1983,1984,1982,-1,1982,1984,1985,-1,1982,1985,1981,-1,1981,1985,1986,-1,1981,1986,1980,-1,1980,1986,1987,-1,1980,1987,1979,-1,1979,1987,1988,-1,1979,1988,1978,-1,1978,1988,1807,-1,1978,1807,1977,-1,1977,1807,1806,-1,1803,1805,1804,-1,1804,1805,1807,-1,1804,1807,1989,-1,1989,1807,1988,-1,1989,1988,1990,-1,1990,1988,1987,-1,1990,1987,1991,-1,1991,1987,1986,-1,1991,1986,1992,-1,1992,1986,1985,-1,1992,1985,1993,-1,1993,1985,1984,-1,1993,1984,1787,-1,1787,1984,1788,-1,1839,1802,1837,-1,1837,1802,1804,-1,1837,1804,1843,-1,1843,1804,1989,-1,1843,1989,1846,-1,1846,1989,1990,-1,1846,1990,1848,-1,1848,1990,1991,-1,1848,1991,1851,-1,1851,1991,1992,-1,1851,1992,1858,-1,1858,1992,1993,-1,1858,1993,1783,-1,1783,1993,1787,-1,1994,1887,1885,-1,1646,1995,1996,-1,1996,1995,1997,-1,1996,1997,1998,-1,1997,1999,1998,-1,1998,1999,2000,-1,1998,2000,2001,-1,2000,2002,2001,-1,2001,2002,2003,-1,2001,2003,2004,-1,2005,2006,2007,-1,2007,2006,2004,-1,2007,2004,2008,-1,2008,2004,2003,-1,2009,2010,2011,-1,2011,2010,2012,-1,2011,2012,2013,-1,2012,2014,2013,-1,2013,2014,2015,-1,2013,2015,2016,-1,2016,2015,2017,-1,2016,2017,1651,-1,1646,1645,1995,-1,1995,1645,1706,-1,1995,1706,2018,-1,2018,1706,1614,-1,2018,1614,2019,-1,2019,1614,1613,-1,2019,1613,2020,-1,2020,1613,1707,-1,2020,1707,2021,-1,2021,1707,1714,-1,2021,1714,2022,-1,2022,1714,1715,-1,2022,1715,2023,-1,2023,1715,1611,-1,2023,1611,2024,-1,2024,1611,1610,-1,2024,1610,2025,-1,2025,1610,1716,-1,2025,1716,2026,-1,2026,1716,1608,-1,2026,1608,2027,-1,2027,1608,1607,-1,2027,1607,2028,-1,2028,1607,1605,-1,2028,1605,2029,-1,2029,1605,1604,-1,2029,1604,2030,-1,2030,1604,1733,-1,2030,1733,2031,-1,2031,1733,1602,-1,2031,1602,2032,-1,2032,1602,1601,-1,2032,1601,2033,-1,2033,1601,1599,-1,2033,1599,2034,-1,2034,1599,1598,-1,2034,1598,2035,-1,2035,1598,1750,-1,2035,1750,2036,-1,2036,1750,1596,-1,2036,1596,2037,-1,2037,1596,1595,-1,2037,1595,2038,-1,2038,1595,1762,-1,2038,1762,2039,-1,2039,1762,1763,-1,2039,1763,2040,-1,2040,1763,1593,-1,2040,1593,2041,-1,2041,1593,1592,-1,2041,1592,2042,-1,2042,1592,1764,-1,2042,1764,2043,-1,2043,1764,1771,-1,2043,1771,2044,-1,2044,1771,1772,-1,2044,1772,2045,-1,2045,1772,1590,-1,2045,1590,2046,-1,2046,1590,1589,-1,2046,1589,2047,-1,2047,1589,1773,-1,2047,1773,2048,-1,2048,1773,1620,-1,2048,1620,2017,-1,2017,1620,1619,-1,2017,1619,1651,-1,2049,1833,2050,-1,2050,1833,1832,-1,2050,1832,2051,-1,2009,2011,2052,-1,2052,2011,1994,-1,2052,1994,2053,-1,2053,1994,1885,-1,2053,1885,2049,-1,2049,1885,1884,-1,2049,1884,1833,-1,2051,1832,2054,-1,2054,1832,1830,-1,2054,1830,2055,-1,2055,1830,1829,-1,2055,1829,2056,-1,1829,1920,2056,-1,2056,1920,1827,-1,2056,1827,2057,-1,2057,1827,1826,-1,2057,1826,2058,-1,2058,1826,1824,-1,2058,1824,2059,-1,2060,1949,2061,-1,2061,1949,1950,-1,2061,1950,2062,-1,2059,1824,2063,-1,2063,1824,1823,-1,2063,1823,2064,-1,2064,1823,1821,-1,2064,1821,2065,-1,2065,1821,1820,-1,2065,1820,2060,-1,2060,1820,1942,-1,2060,1942,1949,-1,2066,1958,2067,-1,2067,1958,1959,-1,2067,1959,2068,-1,2062,1950,2069,-1,2069,1950,1818,-1,2069,1818,2070,-1,2070,1818,1817,-1,2070,1817,2066,-1,2066,1817,1951,-1,2066,1951,1958,-1,2068,1959,2071,-1,2071,1959,1815,-1,2071,1815,2072,-1,2072,1815,1814,-1,2072,1814,2073,-1,2074,2075,1808,-1,1808,2075,2076,-1,1808,2076,1809,-1,1809,2076,2077,-1,1809,2077,1811,-1,1811,2077,2078,-1,1811,2078,1812,-1,1812,2078,2073,-1,1812,2073,1960,-1,1960,2073,1814,-1,1841,2006,1839,-1,1839,2006,2005,-1,1839,2005,1802,-1,1802,2005,2079,-1,1802,2079,1803,-1,1803,2079,2080,-1,1803,2080,1805,-1,1805,2080,2081,-1,1805,2081,1806,-1,1806,2081,2074,-1,1806,2074,1977,-1,1977,2074,1808,-1,1995,2082,2083,-1,1995,2018,2082,-1,2082,2018,2019,-1,2082,2019,2084,-1,2084,2019,2020,-1,2084,2020,2085,-1,2085,2020,2021,-1,2085,2021,2086,-1,2086,2021,2022,-1,2022,2023,2086,-1,2086,2023,2024,-1,2086,2024,2087,-1,2087,2024,2025,-1,2087,2025,2088,-1,2088,2025,2026,-1,2088,2026,2089,-1,2089,2026,2027,-1,2027,2028,2089,-1,2089,2028,2029,-1,2089,2029,2090,-1,2029,2030,2090,-1,2090,2030,2031,-1,2090,2031,2091,-1,2091,2031,2032,-1,2091,2032,2092,-1,2092,2032,2033,-1,2092,2033,2093,-1,2093,2033,2034,-1,2034,2035,2093,-1,2093,2035,2036,-1,2093,2036,2094,-1,2094,2036,2037,-1,2094,2037,2095,-1,2095,2037,2038,-1,2095,2038,2096,-1,2096,2038,2039,-1,2039,2040,2096,-1,2096,2040,2041,-1,2096,2041,2097,-1,2097,2041,2042,-1,2097,2042,2098,-1,2098,2042,2043,-1,2098,2043,2099,-1,2099,2043,2044,-1,2044,2045,2099,-1,2099,2045,2046,-1,2099,2046,2100,-1,2046,2047,2100,-1,2100,2047,2048,-1,2100,2048,2101,-1,2101,2048,2017,-1,2101,2017,2102,-1,2102,2017,2015,-1,2102,2015,2103,-1,2103,2015,2014,-1,2014,2012,2103,-1,2103,2012,2010,-1,2103,2010,2104,-1,2104,2010,2009,-1,2104,2009,2105,-1,2105,2009,2052,-1,2105,2052,2106,-1,2106,2052,2053,-1,2053,2049,2106,-1,2106,2049,2050,-1,2106,2050,2107,-1,2107,2050,2051,-1,2107,2051,2108,-1,2051,2054,2108,-1,2108,2054,2055,-1,2108,2055,2109,-1,2055,2056,2109,-1,2109,2056,2057,-1,2109,2057,2110,-1,2057,2058,2110,-1,2110,2058,2059,-1,2110,2059,2111,-1,2111,2059,2063,-1,2111,2063,2112,-1,2112,2063,2064,-1,2112,2064,2113,-1,2113,2064,2065,-1,2065,2060,2113,-1,2113,2060,2061,-1,2113,2061,2114,-1,2114,2061,2062,-1,2114,2062,2115,-1,2115,2062,2069,-1,2115,2069,2116,-1,2116,2069,2070,-1,2070,2066,2116,-1,2116,2066,2067,-1,2116,2067,2117,-1,2117,2067,2068,-1,2117,2068,2118,-1,2068,2071,2118,-1,2118,2071,2072,-1,2118,2072,2119,-1,2072,2073,2119,-1,2119,2073,2078,-1,2119,2078,2120,-1,2078,2077,2120,-1,2120,2077,2076,-1,2120,2076,2121,-1,2121,2076,2075,-1,2121,2075,2122,-1,2122,2075,2074,-1,2122,2074,2123,-1,2123,2074,2081,-1,2081,2080,2123,-1,2123,2080,2079,-1,2123,2079,2124,-1,2124,2079,2005,-1,2124,2005,2125,-1,2125,2005,2007,-1,2125,2007,2126,-1,2126,2007,2008,-1,2008,2003,2126,-1,2126,2003,2002,-1,2126,2002,2127,-1,2127,2002,2000,-1,2127,2000,2128,-1,2128,2000,1999,-1,2128,1999,2083,-1,2083,1999,1997,-1,2083,1997,1995,-1,2127,2129,2126,-1,2126,2129,2130,-1,2126,2130,2125,-1,2125,2130,2131,-1,2125,2131,2124,-1,2124,2131,2132,-1,2124,2132,2123,-1,2123,2132,2133,-1,2123,2133,2122,-1,2122,2133,2134,-1,2122,2134,2121,-1,2121,2134,2135,-1,2121,2135,2120,-1,2120,2135,2136,-1,2120,2136,2119,-1,2119,2136,2137,-1,2119,2137,2118,-1,2118,2137,2138,-1,2118,2138,2117,-1,2117,2138,2139,-1,2117,2139,2116,-1,2116,2139,2140,-1,2116,2140,2115,-1,2115,2140,2141,-1,2115,2141,2114,-1,2114,2141,2142,-1,2114,2142,2113,-1,2113,2142,2143,-1,2113,2143,2112,-1,2112,2143,2144,-1,2112,2144,2111,-1,2111,2144,2145,-1,2111,2145,2110,-1,2110,2145,2146,-1,2110,2146,2109,-1,2109,2146,2147,-1,2109,2147,2108,-1,2108,2147,2148,-1,2108,2148,2107,-1,2107,2148,2149,-1,2107,2149,2106,-1,2106,2149,2150,-1,2106,2150,2105,-1,2105,2150,2151,-1,2105,2151,2104,-1,2104,2151,2152,-1,2104,2152,2103,-1,2103,2152,2153,-1,2103,2153,2102,-1,2102,2153,2154,-1,2102,2154,2101,-1,2101,2154,2155,-1,2101,2155,2100,-1,2100,2155,2156,-1,2100,2156,2099,-1,2099,2156,2157,-1,2099,2157,2098,-1,2098,2157,2158,-1,2098,2158,2097,-1,2097,2158,2159,-1,2097,2159,2096,-1,2096,2159,2160,-1,2096,2160,2095,-1,2095,2160,2161,-1,2095,2161,2094,-1,2094,2161,2162,-1,2094,2162,2093,-1,2093,2162,2163,-1,2093,2163,2092,-1,2092,2163,2164,-1,2092,2164,2091,-1,2091,2164,2165,-1,2091,2165,2090,-1,2090,2165,2166,-1,2090,2166,2089,-1,2089,2166,2167,-1,2089,2167,2088,-1,2088,2167,2168,-1,2088,2168,2087,-1,2087,2168,2169,-1,2087,2169,2086,-1,2086,2169,2170,-1,2086,2170,2085,-1,2085,2170,2171,-1,2085,2171,2084,-1,2084,2171,2172,-1,2084,2172,2082,-1,2082,2172,2173,-1,2082,2173,2083,-1,2083,2173,2174,-1,2083,2174,2128,-1,2128,2174,2175,-1,2128,2175,2127,-1,2127,2175,2129,-1,2175,2176,2129,-1,2129,2176,2177,-1,2129,2177,2130,-1,2130,2177,2178,-1,2130,2178,2131,-1,2131,2178,2179,-1,2131,2179,2132,-1,2132,2179,2180,-1,2132,2180,2133,-1,2133,2180,2181,-1,2133,2181,2134,-1,2134,2181,2182,-1,2134,2182,2135,-1,2135,2182,2183,-1,2135,2183,2136,-1,2136,2183,2184,-1,2136,2184,2137,-1,2137,2184,2185,-1,2137,2185,2138,-1,2138,2185,2186,-1,2138,2186,2139,-1,2139,2186,2187,-1,2139,2187,2140,-1,2140,2187,2188,-1,2140,2188,2141,-1,2141,2188,2189,-1,2141,2189,2142,-1,2142,2189,2190,-1,2142,2190,2143,-1,2143,2190,2191,-1,2143,2191,2144,-1,2144,2191,2192,-1,2144,2192,2145,-1,2145,2192,2193,-1,2145,2193,2146,-1,2146,2193,2194,-1,2146,2194,2147,-1,2147,2194,2195,-1,2147,2195,2148,-1,2148,2195,2196,-1,2148,2196,2149,-1,2149,2196,2197,-1,2149,2197,2150,-1,2150,2197,2198,-1,2150,2198,2151,-1,2151,2198,2199,-1,2151,2199,2152,-1,2152,2199,2200,-1,2152,2200,2153,-1,2153,2200,2201,-1,2153,2201,2154,-1,2154,2201,2202,-1,2154,2202,2155,-1,2155,2202,2203,-1,2155,2203,2156,-1,2156,2203,2204,-1,2156,2204,2157,-1,2157,2204,2205,-1,2157,2205,2158,-1,2158,2205,2206,-1,2158,2206,2159,-1,2159,2206,2207,-1,2159,2207,2160,-1,2160,2207,2208,-1,2160,2208,2161,-1,2161,2208,2209,-1,2161,2209,2162,-1,2162,2209,2210,-1,2162,2210,2163,-1,2163,2210,2211,-1,2163,2211,2164,-1,2164,2211,2212,-1,2164,2212,2165,-1,2165,2212,2213,-1,2165,2213,2166,-1,2166,2213,2214,-1,2166,2214,2167,-1,2167,2214,2215,-1,2167,2215,2168,-1,2168,2215,2216,-1,2168,2216,2169,-1,2169,2216,2217,-1,2169,2217,2170,-1,2170,2217,2218,-1,2170,2218,2171,-1,2171,2218,2219,-1,2171,2219,2172,-1,2172,2219,2220,-1,2172,2220,2173,-1,2173,2220,2221,-1,2173,2221,2174,-1,2174,2221,2222,-1,2174,2222,2175,-1,2175,2222,2176,-1,2222,2223,2176,-1,2176,2223,2224,-1,2176,2224,2177,-1,2177,2224,2225,-1,2177,2225,2178,-1,2178,2225,2226,-1,2178,2226,2179,-1,2179,2226,2227,-1,2179,2227,2180,-1,2180,2227,2228,-1,2180,2228,2181,-1,2181,2228,2229,-1,2181,2229,2182,-1,2182,2229,2230,-1,2182,2230,2183,-1,2183,2230,2231,-1,2183,2231,2184,-1,2184,2231,2232,-1,2184,2232,2185,-1,2185,2232,2233,-1,2185,2233,2186,-1,2186,2233,2234,-1,2186,2234,2187,-1,2187,2234,2235,-1,2187,2235,2188,-1,2188,2235,2236,-1,2188,2236,2189,-1,2189,2236,2237,-1,2189,2237,2190,-1,2190,2237,2238,-1,2190,2238,2191,-1,2191,2238,2239,-1,2191,2239,2192,-1,2192,2239,2240,-1,2192,2240,2193,-1,2193,2240,2241,-1,2193,2241,2194,-1,2194,2241,2242,-1,2194,2242,2195,-1,2195,2242,2243,-1,2195,2243,2196,-1,2196,2243,2244,-1,2196,2244,2197,-1,2197,2244,2245,-1,2197,2245,2198,-1,2198,2245,2246,-1,2198,2246,2199,-1,2199,2246,2247,-1,2199,2247,2200,-1,2200,2247,2248,-1,2200,2248,2201,-1,2201,2248,2249,-1,2201,2249,2202,-1,2202,2249,2250,-1,2202,2250,2203,-1,2203,2250,2251,-1,2203,2251,2204,-1,2204,2251,2252,-1,2204,2252,2205,-1,2205,2252,2253,-1,2205,2253,2206,-1,2206,2253,2254,-1,2206,2254,2207,-1,2207,2254,2255,-1,2207,2255,2208,-1,2208,2255,2256,-1,2208,2256,2209,-1,2209,2256,2257,-1,2209,2257,2210,-1,2210,2257,2258,-1,2210,2258,2211,-1,2211,2258,2259,-1,2211,2259,2212,-1,2212,2259,2260,-1,2212,2260,2213,-1,2213,2260,2261,-1,2213,2261,2214,-1,2214,2261,2262,-1,2214,2262,2215,-1,2215,2262,2263,-1,2215,2263,2216,-1,2216,2263,2264,-1,2216,2264,2217,-1,2217,2264,2265,-1,2217,2265,2218,-1,2218,2265,2266,-1,2218,2266,2219,-1,2219,2266,2267,-1,2219,2267,2220,-1,2220,2267,2268,-1,2220,2268,2221,-1,2221,2268,2269,-1,2221,2269,2222,-1,2222,2269,2223,-1,2269,2270,2223,-1,2223,2270,2271,-1,2223,2271,2224,-1,2224,2271,2272,-1,2224,2272,2225,-1,2225,2272,2273,-1,2225,2273,2226,-1,2226,2273,2274,-1,2226,2274,2227,-1,2227,2274,2275,-1,2227,2275,2228,-1,2228,2275,2276,-1,2228,2276,2229,-1,2229,2276,2277,-1,2229,2277,2230,-1,2230,2277,2278,-1,2230,2278,2231,-1,2231,2278,2279,-1,2231,2279,2232,-1,2232,2279,2280,-1,2232,2280,2233,-1,2233,2280,2281,-1,2233,2281,2234,-1,2234,2281,2282,-1,2234,2282,2235,-1,2235,2282,2283,-1,2235,2283,2236,-1,2236,2283,2284,-1,2236,2284,2237,-1,2237,2284,2285,-1,2237,2285,2238,-1,2238,2285,2286,-1,2238,2286,2239,-1,2239,2286,2287,-1,2239,2287,2240,-1,2240,2287,2288,-1,2240,2288,2241,-1,2241,2288,2289,-1,2241,2289,2242,-1,2242,2289,2290,-1,2242,2290,2243,-1,2243,2290,2291,-1,2243,2291,2244,-1,2244,2291,2292,-1,2244,2292,2245,-1,2245,2292,2293,-1,2245,2293,2246,-1,2246,2293,2294,-1,2246,2294,2247,-1,2247,2294,2295,-1,2247,2295,2248,-1,2248,2295,2296,-1,2248,2296,2249,-1,2249,2296,2297,-1,2249,2297,2250,-1,2250,2297,2298,-1,2250,2298,2251,-1,2251,2298,2299,-1,2251,2299,2252,-1,2252,2299,2300,-1,2252,2300,2253,-1,2253,2300,2301,-1,2253,2301,2254,-1,2254,2301,2302,-1,2254,2302,2255,-1,2255,2302,2303,-1,2255,2303,2256,-1,2256,2303,2304,-1,2256,2304,2257,-1,2257,2304,2305,-1,2257,2305,2258,-1,2258,2305,2306,-1,2258,2306,2259,-1,2259,2306,2307,-1,2259,2307,2260,-1,2260,2307,2308,-1,2260,2308,2261,-1,2261,2308,2309,-1,2261,2309,2262,-1,2262,2309,2310,-1,2262,2310,2263,-1,2263,2310,2311,-1,2263,2311,2264,-1,2264,2311,2312,-1,2264,2312,2265,-1,2265,2312,2313,-1,2265,2313,2266,-1,2266,2313,2314,-1,2266,2314,2267,-1,2267,2314,2315,-1,2267,2315,2268,-1,2268,2315,2316,-1,2268,2316,2269,-1,2269,2316,2270,-1,2316,2317,2270,-1,2270,2317,2318,-1,2270,2318,2271,-1,2271,2318,2319,-1,2271,2319,2272,-1,2272,2319,2320,-1,2272,2320,2273,-1,2273,2320,2321,-1,2273,2321,2274,-1,2274,2321,2322,-1,2274,2322,2275,-1,2275,2322,2323,-1,2275,2323,2276,-1,2276,2323,2324,-1,2276,2324,2277,-1,2277,2324,2325,-1,2277,2325,2278,-1,2278,2325,2326,-1,2278,2326,2279,-1,2279,2326,2327,-1,2279,2327,2280,-1,2280,2327,2328,-1,2280,2328,2281,-1,2281,2328,2329,-1,2281,2329,2282,-1,2282,2329,2330,-1,2282,2330,2283,-1,2283,2330,2331,-1,2283,2331,2284,-1,2284,2331,2332,-1,2284,2332,2285,-1,2285,2332,2333,-1,2285,2333,2286,-1,2286,2333,2334,-1,2286,2334,2287,-1,2287,2334,2335,-1,2287,2335,2288,-1,2288,2335,2336,-1,2288,2336,2289,-1,2289,2336,2337,-1,2289,2337,2290,-1,2290,2337,2338,-1,2290,2338,2291,-1,2291,2338,2339,-1,2291,2339,2292,-1,2292,2339,2340,-1,2292,2340,2293,-1,2293,2340,2341,-1,2293,2341,2294,-1,2294,2341,2342,-1,2294,2342,2295,-1,2295,2342,2343,-1,2295,2343,2296,-1,2296,2343,2344,-1,2296,2344,2297,-1,2297,2344,2345,-1,2297,2345,2298,-1,2298,2345,2346,-1,2298,2346,2299,-1,2299,2346,2347,-1,2299,2347,2300,-1,2300,2347,2348,-1,2300,2348,2301,-1,2301,2348,2349,-1,2301,2349,2302,-1,2302,2349,2350,-1,2302,2350,2303,-1,2303,2350,2351,-1,2303,2351,2304,-1,2304,2351,2352,-1,2304,2352,2305,-1,2305,2352,2353,-1,2305,2353,2306,-1,2306,2353,2354,-1,2306,2354,2307,-1,2307,2354,2355,-1,2307,2355,2308,-1,2308,2355,2356,-1,2308,2356,2309,-1,2309,2356,2357,-1,2309,2357,2310,-1,2310,2357,2358,-1,2310,2358,2311,-1,2311,2358,2359,-1,2311,2359,2312,-1,2312,2359,2360,-1,2312,2360,2313,-1,2313,2360,2361,-1,2313,2361,2314,-1,2314,2361,2362,-1,2314,2362,2315,-1,2315,2362,2363,-1,2315,2363,2316,-1,2316,2363,2317,-1,2362,2364,2365,-1,2366,2367,2333,-1,2368,2340,2369,-1,2369,2340,2339,-1,2369,2339,2370,-1,2371,2342,2368,-1,2368,2342,2341,-1,2368,2341,2340,-1,2372,2335,2367,-1,2367,2335,2334,-1,2367,2334,2333,-1,2373,2344,2371,-1,2371,2344,2343,-1,2371,2343,2342,-1,2339,2338,2370,-1,2370,2338,2337,-1,2370,2337,2372,-1,2372,2337,2336,-1,2372,2336,2335,-1,2374,2346,2373,-1,2373,2346,2345,-1,2373,2345,2344,-1,2352,2375,2376,-1,2358,2377,2378,-1,2362,2361,2364,-1,2364,2361,2360,-1,2364,2360,2378,-1,2378,2360,2359,-1,2378,2359,2358,-1,2379,2317,2365,-1,2365,2317,2363,-1,2365,2363,2362,-1,2380,2348,2374,-1,2374,2348,2347,-1,2374,2347,2346,-1,2352,2351,2375,-1,2375,2351,2350,-1,2375,2350,2380,-1,2380,2350,2349,-1,2380,2349,2348,-1,2381,2354,2376,-1,2376,2354,2353,-1,2376,2353,2352,-1,2358,2357,2377,-1,2377,2357,2356,-1,2377,2356,2381,-1,2381,2356,2355,-1,2381,2355,2354,-1,2382,2319,2379,-1,2379,2319,2318,-1,2379,2318,2317,-1,2383,2321,2382,-1,2382,2321,2320,-1,2382,2320,2319,-1,2384,2323,2383,-1,2383,2323,2322,-1,2383,2322,2321,-1,2385,2325,2384,-1,2384,2325,2324,-1,2384,2324,2323,-1,2386,2327,2385,-1,2385,2327,2326,-1,2385,2326,2325,-1,2387,2329,2386,-1,2386,2329,2328,-1,2386,2328,2327,-1,2333,2332,2366,-1,2366,2332,2331,-1,2366,2331,2387,-1,2387,2331,2330,-1,2387,2330,2329,-1,2365,2388,2379,-1,2379,2388,2389,-1,2379,2389,2382,-1,2382,2389,2390,-1,2382,2390,2383,-1,2383,2390,2391,-1,2383,2391,2384,-1,2384,2391,2392,-1,2384,2392,2385,-1,2385,2392,2393,-1,2385,2393,2386,-1,2386,2393,2394,-1,2386,2394,2387,-1,2387,2394,2395,-1,2387,2395,2366,-1,2366,2395,2396,-1,2366,2396,2367,-1,2367,2396,2397,-1,2367,2397,2372,-1,2372,2397,2398,-1,2372,2398,2370,-1,2370,2398,2399,-1,2370,2399,2369,-1,2369,2399,2400,-1,2369,2400,2368,-1,2368,2400,2401,-1,2368,2401,2371,-1,2371,2401,2402,-1,2371,2402,2373,-1,2373,2402,2403,-1,2373,2403,2374,-1,2374,2403,2404,-1,2374,2404,2380,-1,2380,2404,2405,-1,2380,2405,2375,-1,2375,2405,2406,-1,2375,2406,2376,-1,2376,2406,2407,-1,2376,2407,2381,-1,2381,2407,2408,-1,2381,2408,2377,-1,2377,2408,2409,-1,2377,2409,2378,-1,2378,2409,2410,-1,2378,2410,2364,-1,2364,2410,2411,-1,2364,2411,2365,-1,2365,2411,2388,-1,1661,1659,1996,-1,1664,1666,1659,-1,1657,1656,1996,-1,1996,1656,1662,-1,1996,1662,1661,-1,1663,1617,1616,-1,1659,1634,1635,-1,2016,1651,1996,-1,1996,1651,1650,-1,1647,1652,1996,-1,1996,1652,1654,-1,1996,1654,1657,-1,1664,1659,1616,-1,1616,1659,1658,-1,1616,1658,1663,-1,1625,1631,1630,-1,1627,1632,1626,-1,1626,1632,1634,-1,1626,1634,1622,-1,1635,1637,1659,-1,1659,1637,1643,-1,1659,1643,1642,-1,1642,1641,1659,-1,1659,1641,1640,-1,1659,1640,1639,-1,1639,1644,1659,-1,1659,1644,1646,-1,1659,1646,1996,-1,1650,1649,1996,-1,1996,1649,1648,-1,1996,1648,1647,-1,1666,1667,1659,-1,1659,1667,1586,-1,1659,1586,1634,-1,1634,1586,1585,-1,1634,1585,1622,-1,1625,1630,1626,-1,1626,1630,1628,-1,1626,1628,1627,-1,2006,1841,1994,-1,1994,1841,1840,-1,1994,1835,1842,-1,1842,1844,1994,-1,1994,1844,1845,-1,1994,1845,1847,-1,1840,1838,1994,-1,1994,1838,1836,-1,1994,1836,1835,-1,1847,1850,1994,-1,1994,1850,1849,-1,1994,1849,1855,-1,1855,1854,1994,-1,1994,1854,1853,-1,1994,1853,1852,-1,1857,1856,1994,-1,1873,1875,1994,-1,1880,1879,1875,-1,1856,1861,1994,-1,1994,1861,1781,-1,1994,1781,1780,-1,1878,1877,1883,-1,1852,1860,1994,-1,1994,1860,1859,-1,1994,1859,1857,-1,1780,1862,1994,-1,1994,1862,1864,-1,1994,1864,1865,-1,1879,1886,1875,-1,1875,1886,1887,-1,1875,1887,1994,-1,1865,1867,1994,-1,1994,1867,1872,-1,1994,1872,1871,-1,1871,1869,1994,-1,1994,1869,1868,-1,1994,1868,1873,-1,1878,1883,1875,-1,1875,1883,1882,-1,1875,1882,1880,-1,2016,1996,2013,-1,2013,1996,1998,-1,2013,1998,2011,-1,2006,1994,2004,-1,2004,1994,2011,-1,2004,2011,2001,-1,2001,2011,1998,-1,1560,1566,2412,-1,1560,2412,2413,-1,2413,2412,2414,-1,2413,2414,2415,-1,2415,2414,2416,-1,2415,2416,2417,-1,2417,2416,2418,-1,2417,2418,2419,-1,2419,2418,2420,-1,2419,2420,2421,-1,2421,2420,2422,-1,2421,2422,2423,-1,2409,2408,2424,-1,2408,2407,2424,-1,2424,2407,2406,-1,2424,2406,2425,-1,2425,2406,2405,-1,2425,2405,2404,-1,2404,2403,2425,-1,2425,2403,2402,-1,2425,2402,2401,-1,2401,2400,2425,-1,2425,2400,2399,-1,2425,2399,2422,-1,2422,2399,2398,-1,2398,2397,2422,-1,2422,2397,2396,-1,2422,2396,2395,-1,2395,2394,2422,-1,2422,2394,2393,-1,2422,2393,2423,-1,2423,2393,2392,-1,2392,2391,2423,-1,2423,2391,2390,-1,2423,2390,2389,-1,2389,2388,2423,-1,2423,2388,2411,-1,2423,2411,2424,-1,2424,2411,2410,-1,2424,2410,2409,-1,2424,2425,2426,-1,2424,2426,2427,-1,2427,2426,2428,-1,2427,2428,2429,-1,2429,2428,2430,-1,2429,2430,2431,-1,2431,2430,2432,-1,2431,2432,2433,-1,2433,2432,2434,-1,2433,2434,2435,-1,2435,2434,1554,-1,2435,1554,1552,-1,1558,1556,2436,-1,1558,2436,2437,-1,2437,2436,2438,-1,2437,2438,2439,-1,2439,2438,2440,-1,2439,2440,2441,-1,2441,2440,2442,-1,2441,2442,2443,-1,2443,2442,2444,-1,2443,2444,2445,-1,2445,2444,2446,-1,2445,2446,2447,-1,2448,2447,2449,-1,2449,2447,2446,-1,2448,2449,2450,-1,2448,2450,2451,-1,2451,2450,2452,-1,2451,2452,2453,-1,2453,2452,2454,-1,2453,2454,2455,-1,2455,2454,2456,-1,2455,2456,2457,-1,2457,2456,2458,-1,2457,2458,2459,-1,2459,2458,1564,-1,2459,1564,1562,-1,2459,1562,2448,-1,2424,2447,2423,-1,2423,2447,2448,-1,2451,2453,2455,-1,2441,2443,2445,-1,2448,1562,2423,-1,2423,1562,1560,-1,2423,1560,2421,-1,2415,2417,2419,-1,2424,2427,1552,-1,1552,2427,2429,-1,1552,2429,2435,-1,2435,2429,2431,-1,2435,2431,2433,-1,2451,2455,2448,-1,2448,2455,2457,-1,2448,2457,2459,-1,2441,2445,2439,-1,2421,1560,2419,-1,2419,1560,2413,-1,2419,2413,2415,-1,2424,1552,2447,-1,2447,1552,1558,-1,2447,1558,2445,-1,2445,1558,2437,-1,2445,2437,2439,-1,2446,2425,2449,-1,2449,2425,2422,-1,1554,2425,1556,-1,1556,2425,2446,-1,1556,2446,2444,-1,2444,2442,2440,-1,2418,1566,2420,-1,2420,1566,2422,-1,2422,1566,2449,-1,2449,1566,1564,-1,2449,1564,2450,-1,2458,2456,2454,-1,2440,2438,2444,-1,2444,2438,2436,-1,2444,2436,1556,-1,2432,2430,2434,-1,2434,2430,2428,-1,2434,2428,1554,-1,1554,2428,2426,-1,1554,2426,2425,-1,2416,2414,2418,-1,2418,2414,2412,-1,2418,2412,1566,-1,2458,2454,1564,-1,1564,2454,2452,-1,1564,2452,2450,-1,1553,1565,1551,-1,1551,1565,1559,-1,1563,1555,1561,-1,1561,1555,1557,-1,1563,1565,1555,-1,1555,1565,1553,-1,1559,1561,1551,-1,1551,1561,1557,-1,2460,2461,2462,-1,2462,2461,2463,-1,2462,2463,2464,-1,2464,2463,2465,-1,2464,2465,2466,-1,2466,2465,2467,-1,2466,2467,2460,-1,2460,2467,2461,-1,2468,2469,2470,-1,2470,2469,2471,-1,2470,2471,2472,-1,2472,2471,2473,-1,2472,2473,2474,-1,2474,2473,2475,-1,2474,2475,2468,-1,2468,2475,2469,-1,2476,2477,2478,-1,2479,2480,2481,-1,2481,2480,2477,-1,2481,2477,2482,-1,2482,2477,2483,-1,2476,2484,2477,-1,2477,2484,2485,-1,2477,2485,2483,-1,2486,2487,2488,-1,2488,2487,2489,-1,2478,2490,2476,-1,2476,2490,2487,-1,2476,2487,2491,-1,2491,2487,2486,-1,2489,2492,2488,-1,2488,2492,2493,-1,2488,2493,2494,-1,2494,2495,2488,-1,2488,2495,2496,-1,2488,2496,2497,-1,2498,2499,2500,-1,2501,2502,2503,-1,2504,2505,2506,-1,2507,2508,2509,-1,2510,2511,2512,-1,2513,2514,2515,-1,2516,2517,2518,-1,2519,2520,2521,-1,2522,2523,2524,-1,2525,2526,2527,-1,2528,2529,2530,-1,2479,2481,2531,-1,2531,2481,2532,-1,2533,2534,2532,-1,2532,2534,2535,-1,2532,2535,2531,-1,2536,2537,2538,-1,2538,2537,2539,-1,2538,2539,2533,-1,2533,2539,2540,-1,2533,2540,2534,-1,2536,2538,2541,-1,2541,2538,2542,-1,2541,2542,2543,-1,2543,2542,2544,-1,2544,2542,2545,-1,2544,2545,2546,-1,2547,2548,2549,-1,2549,2550,2547,-1,2547,2550,2551,-1,2547,2551,2545,-1,2545,2551,2552,-1,2545,2552,2546,-1,2548,2547,2553,-1,2553,2547,2554,-1,2553,2554,2555,-1,2556,2557,2530,-1,2530,2557,2558,-1,2530,2558,2528,-1,2528,2558,2559,-1,2528,2559,2560,-1,2556,2530,2561,-1,2561,2530,2562,-1,2561,2562,2563,-1,2564,2565,2562,-1,2562,2565,2566,-1,2562,2566,2563,-1,2567,2568,2569,-1,2569,2568,2570,-1,2569,2570,2564,-1,2564,2570,2571,-1,2564,2571,2565,-1,2527,2526,2569,-1,2569,2526,2572,-1,2569,2572,2567,-1,2525,2527,2573,-1,2573,2527,2574,-1,2573,2574,2575,-1,2477,2480,2574,-1,2574,2480,2576,-1,2574,2576,2575,-1,2481,2482,2532,-1,2532,2482,2577,-1,2532,2577,2533,-1,2533,2577,2578,-1,2533,2578,2538,-1,2538,2578,2579,-1,2538,2579,2542,-1,2542,2579,2580,-1,2542,2580,2545,-1,2545,2580,2581,-1,2545,2581,2547,-1,2547,2581,2524,-1,2485,2484,2582,-1,2582,2484,2583,-1,2582,2583,2584,-1,2584,2583,2585,-1,2584,2585,2586,-1,2586,2585,2587,-1,2586,2587,2588,-1,2588,2587,2589,-1,2588,2589,2590,-1,2590,2589,2591,-1,2590,2591,2592,-1,2592,2591,2521,-1,2493,2492,2593,-1,2593,2492,2594,-1,2593,2594,2595,-1,2595,2594,2596,-1,2595,2596,2597,-1,2597,2596,2598,-1,2597,2598,2599,-1,2599,2598,2600,-1,2599,2600,2601,-1,2601,2600,2602,-1,2601,2602,2603,-1,2603,2602,2503,-1,2487,2490,2604,-1,2604,2490,2605,-1,2604,2605,2606,-1,2606,2605,2607,-1,2606,2607,2608,-1,2608,2607,2609,-1,2608,2609,2610,-1,2610,2609,2611,-1,2610,2611,2612,-1,2612,2611,2613,-1,2612,2613,2614,-1,2614,2613,2500,-1,2524,2523,2547,-1,2547,2523,2615,-1,2547,2615,2554,-1,2616,2522,2617,-1,2617,2522,2524,-1,2617,2524,2618,-1,2618,2524,2581,-1,2618,2581,2619,-1,2619,2581,2580,-1,2619,2580,2620,-1,2620,2580,2579,-1,2620,2579,2621,-1,2621,2579,2578,-1,2621,2578,2622,-1,2622,2578,2577,-1,2622,2577,2483,-1,2483,2577,2482,-1,2483,2485,2622,-1,2622,2485,2582,-1,2622,2582,2621,-1,2621,2582,2584,-1,2621,2584,2620,-1,2620,2584,2586,-1,2620,2586,2619,-1,2619,2586,2588,-1,2619,2588,2618,-1,2618,2588,2590,-1,2618,2590,2617,-1,2617,2590,2592,-1,2617,2592,2616,-1,2616,2592,2623,-1,2521,2520,2592,-1,2592,2520,2624,-1,2592,2624,2623,-1,2625,2519,2626,-1,2626,2519,2521,-1,2626,2521,2627,-1,2627,2521,2591,-1,2627,2591,2628,-1,2628,2591,2589,-1,2628,2589,2629,-1,2629,2589,2587,-1,2629,2587,2630,-1,2630,2587,2585,-1,2630,2585,2631,-1,2631,2585,2583,-1,2631,2583,2476,-1,2476,2583,2484,-1,2476,2491,2631,-1,2631,2491,2632,-1,2631,2632,2630,-1,2630,2632,2633,-1,2630,2633,2629,-1,2629,2633,2634,-1,2629,2634,2628,-1,2628,2634,2635,-1,2628,2635,2627,-1,2627,2635,2636,-1,2627,2636,2626,-1,2626,2636,2518,-1,2626,2518,2625,-1,2625,2518,2517,-1,2514,2516,2515,-1,2515,2516,2518,-1,2515,2518,2637,-1,2637,2518,2636,-1,2637,2636,2638,-1,2638,2636,2635,-1,2638,2635,2639,-1,2639,2635,2634,-1,2639,2634,2640,-1,2640,2634,2633,-1,2640,2633,2641,-1,2641,2633,2632,-1,2641,2632,2486,-1,2486,2632,2491,-1,2642,2513,2643,-1,2643,2513,2515,-1,2643,2515,2644,-1,2644,2515,2637,-1,2644,2637,2645,-1,2645,2637,2638,-1,2645,2638,2646,-1,2646,2638,2639,-1,2646,2639,2647,-1,2647,2639,2640,-1,2647,2640,2648,-1,2648,2640,2641,-1,2648,2641,2488,-1,2488,2641,2486,-1,2488,2497,2648,-1,2648,2497,2649,-1,2648,2649,2647,-1,2647,2649,2650,-1,2647,2650,2646,-1,2646,2650,2651,-1,2646,2651,2645,-1,2645,2651,2652,-1,2645,2652,2644,-1,2644,2652,2653,-1,2644,2653,2643,-1,2643,2653,2512,-1,2643,2512,2642,-1,2642,2512,2511,-1,2508,2510,2509,-1,2509,2510,2512,-1,2509,2512,2654,-1,2654,2512,2653,-1,2654,2653,2655,-1,2655,2653,2652,-1,2655,2652,2656,-1,2656,2652,2651,-1,2656,2651,2657,-1,2657,2651,2650,-1,2657,2650,2658,-1,2658,2650,2649,-1,2658,2649,2496,-1,2496,2649,2497,-1,2659,2507,2660,-1,2660,2507,2509,-1,2660,2509,2661,-1,2661,2509,2654,-1,2661,2654,2662,-1,2662,2654,2655,-1,2662,2655,2663,-1,2663,2655,2656,-1,2663,2656,2664,-1,2664,2656,2657,-1,2664,2657,2665,-1,2665,2657,2658,-1,2665,2658,2495,-1,2495,2658,2496,-1,2495,2494,2665,-1,2665,2494,2666,-1,2665,2666,2664,-1,2664,2666,2667,-1,2664,2667,2663,-1,2663,2667,2668,-1,2663,2668,2662,-1,2662,2668,2669,-1,2662,2669,2661,-1,2661,2669,2670,-1,2661,2670,2660,-1,2660,2670,2506,-1,2660,2506,2659,-1,2659,2506,2505,-1,2671,2504,2603,-1,2603,2504,2506,-1,2603,2506,2601,-1,2601,2506,2670,-1,2601,2670,2599,-1,2599,2670,2669,-1,2599,2669,2597,-1,2597,2669,2668,-1,2597,2668,2595,-1,2595,2668,2667,-1,2595,2667,2593,-1,2593,2667,2666,-1,2593,2666,2493,-1,2493,2666,2494,-1,2503,2502,2603,-1,2603,2502,2672,-1,2603,2672,2671,-1,2673,2501,2674,-1,2674,2501,2503,-1,2674,2503,2675,-1,2675,2503,2602,-1,2675,2602,2676,-1,2676,2602,2600,-1,2676,2600,2677,-1,2677,2600,2598,-1,2677,2598,2678,-1,2678,2598,2596,-1,2678,2596,2679,-1,2679,2596,2594,-1,2679,2594,2489,-1,2489,2594,2492,-1,2489,2487,2679,-1,2679,2487,2604,-1,2679,2604,2678,-1,2678,2604,2606,-1,2678,2606,2677,-1,2677,2606,2608,-1,2677,2608,2676,-1,2676,2608,2610,-1,2676,2610,2675,-1,2675,2610,2612,-1,2675,2612,2674,-1,2674,2612,2614,-1,2674,2614,2673,-1,2673,2614,2680,-1,2500,2499,2614,-1,2614,2499,2681,-1,2614,2681,2680,-1,2682,2498,2683,-1,2683,2498,2500,-1,2683,2500,2684,-1,2684,2500,2613,-1,2684,2613,2685,-1,2685,2613,2611,-1,2685,2611,2686,-1,2686,2611,2609,-1,2686,2609,2687,-1,2687,2609,2607,-1,2687,2607,2688,-1,2688,2607,2605,-1,2688,2605,2478,-1,2478,2605,2490,-1,2478,2477,2688,-1,2688,2477,2574,-1,2688,2574,2687,-1,2687,2574,2527,-1,2687,2527,2686,-1,2686,2527,2569,-1,2686,2569,2685,-1,2685,2569,2564,-1,2685,2564,2684,-1,2684,2564,2562,-1,2684,2562,2683,-1,2683,2562,2530,-1,2683,2530,2682,-1,2682,2530,2529,-1,2689,2690,2691,-1,2691,2690,2692,-1,2692,2693,2691,-1,2691,2693,2694,-1,2691,2694,2695,-1,2695,2696,2691,-1,2691,2696,2697,-1,2691,2697,2698,-1,2698,2697,2699,-1,2700,2701,2702,-1,2700,2702,2703,-1,2703,2702,2697,-1,2697,2702,2704,-1,2697,2704,2705,-1,2705,2706,2697,-1,2697,2706,2707,-1,2697,2707,2708,-1,2708,2709,2697,-1,2697,2709,2710,-1,2697,2710,2699,-1,2711,2712,2713,-1,2714,2715,2716,-1,2717,2718,2719,-1,2720,2721,2722,-1,2723,2724,2725,-1,2726,2727,2728,-1,2729,2730,2731,-1,2732,2733,2734,-1,2735,2736,2737,-1,2738,2739,2740,-1,2741,2742,2743,-1,2744,2745,2746,-1,2746,2745,2747,-1,2746,2747,2748,-1,2748,2747,2749,-1,2748,2749,2750,-1,2744,2746,2751,-1,2751,2746,2752,-1,2751,2752,2753,-1,2753,2752,2754,-1,2754,2752,2755,-1,2754,2755,2756,-1,2757,2758,2755,-1,2755,2758,2759,-1,2755,2759,2756,-1,2760,2761,2757,-1,2757,2761,2762,-1,2762,2763,2757,-1,2757,2763,2764,-1,2757,2764,2758,-1,2765,2766,2767,-1,2767,2766,2768,-1,2767,2768,2760,-1,2760,2768,2769,-1,2760,2769,2761,-1,2692,2690,2767,-1,2767,2690,2770,-1,2767,2770,2765,-1,2689,2691,2771,-1,2771,2691,2772,-1,2771,2772,2773,-1,2773,2772,2774,-1,2774,2772,2775,-1,2774,2775,2776,-1,2777,2778,2779,-1,2779,2778,2780,-1,2779,2780,2775,-1,2775,2780,2781,-1,2775,2781,2776,-1,2777,2779,2782,-1,2782,2779,2783,-1,2782,2783,2784,-1,2785,2786,2783,-1,2783,2786,2787,-1,2783,2787,2784,-1,2788,2789,2790,-1,2790,2789,2791,-1,2790,2791,2785,-1,2785,2791,2792,-1,2785,2792,2786,-1,2790,2793,2794,-1,2788,2790,2795,-1,2795,2790,2794,-1,2795,2794,2796,-1,2705,2704,2797,-1,2797,2704,2798,-1,2797,2798,2799,-1,2799,2798,2800,-1,2799,2800,2801,-1,2801,2800,2802,-1,2801,2802,2803,-1,2803,2802,2804,-1,2803,2804,2805,-1,2805,2804,2806,-1,2805,2806,2807,-1,2807,2806,2728,-1,2701,2700,2808,-1,2808,2700,2809,-1,2808,2809,2810,-1,2810,2809,2811,-1,2810,2811,2812,-1,2812,2811,2813,-1,2812,2813,2814,-1,2814,2813,2815,-1,2814,2815,2816,-1,2816,2815,2817,-1,2816,2817,2818,-1,2818,2817,2725,-1,2691,2698,2772,-1,2772,2698,2819,-1,2772,2819,2775,-1,2775,2819,2820,-1,2775,2820,2779,-1,2779,2820,2821,-1,2779,2821,2783,-1,2783,2821,2822,-1,2783,2822,2785,-1,2785,2822,2823,-1,2785,2823,2790,-1,2790,2823,2743,-1,2790,2743,2793,-1,2793,2743,2742,-1,2739,2741,2740,-1,2740,2741,2743,-1,2740,2743,2824,-1,2824,2743,2823,-1,2824,2823,2825,-1,2825,2823,2822,-1,2825,2822,2826,-1,2826,2822,2821,-1,2826,2821,2827,-1,2827,2821,2820,-1,2827,2820,2828,-1,2828,2820,2819,-1,2828,2819,2699,-1,2699,2819,2698,-1,2829,2738,2830,-1,2830,2738,2740,-1,2830,2740,2831,-1,2831,2740,2824,-1,2831,2824,2832,-1,2832,2824,2825,-1,2832,2825,2833,-1,2833,2825,2826,-1,2833,2826,2834,-1,2834,2826,2827,-1,2834,2827,2835,-1,2835,2827,2828,-1,2835,2828,2710,-1,2710,2828,2699,-1,2710,2709,2835,-1,2835,2709,2836,-1,2835,2836,2834,-1,2834,2836,2837,-1,2834,2837,2833,-1,2833,2837,2838,-1,2833,2838,2832,-1,2832,2838,2839,-1,2832,2839,2831,-1,2831,2839,2840,-1,2831,2840,2830,-1,2830,2840,2737,-1,2830,2737,2829,-1,2829,2737,2736,-1,2733,2735,2734,-1,2734,2735,2737,-1,2734,2737,2841,-1,2841,2737,2840,-1,2841,2840,2842,-1,2842,2840,2839,-1,2842,2839,2843,-1,2843,2839,2838,-1,2843,2838,2844,-1,2844,2838,2837,-1,2844,2837,2845,-1,2845,2837,2836,-1,2845,2836,2708,-1,2708,2836,2709,-1,2730,2732,2731,-1,2731,2732,2734,-1,2731,2734,2846,-1,2846,2734,2841,-1,2846,2841,2847,-1,2847,2841,2842,-1,2847,2842,2848,-1,2848,2842,2843,-1,2848,2843,2849,-1,2849,2843,2844,-1,2849,2844,2850,-1,2850,2844,2845,-1,2850,2845,2707,-1,2707,2845,2708,-1,2851,2729,2852,-1,2852,2729,2731,-1,2852,2731,2853,-1,2853,2731,2846,-1,2853,2846,2854,-1,2854,2846,2847,-1,2854,2847,2855,-1,2855,2847,2848,-1,2855,2848,2856,-1,2856,2848,2849,-1,2856,2849,2857,-1,2857,2849,2850,-1,2857,2850,2706,-1,2706,2850,2707,-1,2706,2705,2857,-1,2857,2705,2797,-1,2857,2797,2856,-1,2856,2797,2799,-1,2856,2799,2855,-1,2855,2799,2801,-1,2855,2801,2854,-1,2854,2801,2803,-1,2854,2803,2853,-1,2853,2803,2805,-1,2853,2805,2852,-1,2852,2805,2807,-1,2852,2807,2851,-1,2851,2807,2858,-1,2728,2727,2807,-1,2807,2727,2859,-1,2807,2859,2858,-1,2860,2726,2861,-1,2861,2726,2728,-1,2861,2728,2862,-1,2862,2728,2806,-1,2862,2806,2863,-1,2863,2806,2804,-1,2863,2804,2864,-1,2864,2804,2802,-1,2864,2802,2865,-1,2865,2802,2800,-1,2865,2800,2866,-1,2866,2800,2798,-1,2866,2798,2702,-1,2702,2798,2704,-1,2702,2701,2866,-1,2866,2701,2808,-1,2866,2808,2865,-1,2865,2808,2810,-1,2865,2810,2864,-1,2864,2810,2812,-1,2864,2812,2863,-1,2863,2812,2814,-1,2863,2814,2862,-1,2862,2814,2816,-1,2862,2816,2861,-1,2861,2816,2818,-1,2861,2818,2860,-1,2860,2818,2867,-1,2725,2724,2818,-1,2818,2724,2868,-1,2818,2868,2867,-1,2869,2723,2870,-1,2870,2723,2725,-1,2870,2725,2871,-1,2871,2725,2817,-1,2871,2817,2872,-1,2872,2817,2815,-1,2872,2815,2873,-1,2873,2815,2813,-1,2873,2813,2874,-1,2874,2813,2811,-1,2874,2811,2875,-1,2875,2811,2809,-1,2875,2809,2703,-1,2703,2809,2700,-1,2703,2697,2875,-1,2875,2697,2876,-1,2875,2876,2874,-1,2874,2876,2877,-1,2874,2877,2873,-1,2873,2877,2878,-1,2873,2878,2872,-1,2872,2878,2879,-1,2872,2879,2871,-1,2871,2879,2880,-1,2871,2880,2870,-1,2870,2880,2722,-1,2870,2722,2869,-1,2869,2722,2721,-1,2718,2720,2719,-1,2719,2720,2722,-1,2719,2722,2881,-1,2881,2722,2880,-1,2881,2880,2882,-1,2882,2880,2879,-1,2882,2879,2883,-1,2883,2879,2878,-1,2883,2878,2884,-1,2884,2878,2877,-1,2884,2877,2885,-1,2885,2877,2876,-1,2885,2876,2696,-1,2696,2876,2697,-1,2886,2717,2887,-1,2887,2717,2719,-1,2887,2719,2888,-1,2888,2719,2881,-1,2888,2881,2889,-1,2889,2881,2882,-1,2889,2882,2890,-1,2890,2882,2883,-1,2890,2883,2891,-1,2891,2883,2884,-1,2891,2884,2892,-1,2892,2884,2885,-1,2892,2885,2695,-1,2695,2885,2696,-1,2695,2694,2892,-1,2892,2694,2893,-1,2892,2893,2891,-1,2891,2893,2894,-1,2891,2894,2890,-1,2890,2894,2895,-1,2890,2895,2889,-1,2889,2895,2896,-1,2889,2896,2888,-1,2888,2896,2897,-1,2888,2897,2887,-1,2887,2897,2716,-1,2887,2716,2886,-1,2886,2716,2715,-1,2712,2714,2713,-1,2713,2714,2716,-1,2713,2716,2898,-1,2898,2716,2897,-1,2898,2897,2899,-1,2899,2897,2896,-1,2899,2896,2900,-1,2900,2896,2895,-1,2900,2895,2901,-1,2901,2895,2894,-1,2901,2894,2902,-1,2902,2894,2893,-1,2902,2893,2693,-1,2693,2893,2694,-1,2748,2711,2746,-1,2746,2711,2713,-1,2746,2713,2752,-1,2752,2713,2898,-1,2752,2898,2755,-1,2755,2898,2899,-1,2755,2899,2757,-1,2757,2899,2900,-1,2757,2900,2760,-1,2760,2900,2901,-1,2760,2901,2767,-1,2767,2901,2902,-1,2767,2902,2692,-1,2692,2902,2693,-1,2903,2796,2794,-1,2555,2904,2905,-1,2905,2904,2906,-1,2905,2906,2907,-1,2906,2908,2907,-1,2907,2908,2909,-1,2907,2909,2910,-1,2909,2911,2910,-1,2910,2911,2912,-1,2910,2912,2913,-1,2914,2915,2916,-1,2916,2915,2913,-1,2916,2913,2917,-1,2917,2913,2912,-1,2918,2919,2920,-1,2920,2919,2921,-1,2920,2921,2922,-1,2921,2923,2922,-1,2922,2923,2924,-1,2922,2924,2925,-1,2925,2924,2926,-1,2925,2926,2560,-1,2555,2554,2904,-1,2904,2554,2615,-1,2904,2615,2927,-1,2927,2615,2523,-1,2927,2523,2928,-1,2928,2523,2522,-1,2928,2522,2929,-1,2929,2522,2616,-1,2929,2616,2930,-1,2930,2616,2623,-1,2930,2623,2931,-1,2931,2623,2624,-1,2931,2624,2932,-1,2932,2624,2520,-1,2932,2520,2933,-1,2933,2520,2519,-1,2933,2519,2934,-1,2934,2519,2625,-1,2934,2625,2935,-1,2935,2625,2517,-1,2935,2517,2936,-1,2936,2517,2516,-1,2936,2516,2937,-1,2937,2516,2514,-1,2937,2514,2938,-1,2938,2514,2513,-1,2938,2513,2939,-1,2939,2513,2642,-1,2939,2642,2940,-1,2940,2642,2511,-1,2940,2511,2941,-1,2941,2511,2510,-1,2941,2510,2942,-1,2942,2510,2508,-1,2942,2508,2943,-1,2943,2508,2507,-1,2943,2507,2944,-1,2944,2507,2659,-1,2944,2659,2945,-1,2945,2659,2505,-1,2945,2505,2946,-1,2946,2505,2504,-1,2946,2504,2947,-1,2947,2504,2671,-1,2947,2671,2948,-1,2948,2671,2672,-1,2948,2672,2949,-1,2949,2672,2502,-1,2949,2502,2950,-1,2950,2502,2501,-1,2950,2501,2951,-1,2951,2501,2673,-1,2951,2673,2952,-1,2952,2673,2680,-1,2952,2680,2953,-1,2953,2680,2681,-1,2953,2681,2954,-1,2954,2681,2499,-1,2954,2499,2955,-1,2955,2499,2498,-1,2955,2498,2956,-1,2956,2498,2682,-1,2956,2682,2957,-1,2957,2682,2529,-1,2957,2529,2926,-1,2926,2529,2528,-1,2926,2528,2560,-1,2958,2742,2959,-1,2959,2742,2741,-1,2959,2741,2960,-1,2918,2920,2961,-1,2961,2920,2903,-1,2961,2903,2962,-1,2962,2903,2794,-1,2962,2794,2958,-1,2958,2794,2793,-1,2958,2793,2742,-1,2960,2741,2963,-1,2963,2741,2739,-1,2963,2739,2964,-1,2964,2739,2738,-1,2964,2738,2965,-1,2738,2829,2965,-1,2965,2829,2736,-1,2965,2736,2966,-1,2966,2736,2735,-1,2966,2735,2967,-1,2967,2735,2733,-1,2967,2733,2968,-1,2969,2858,2970,-1,2970,2858,2859,-1,2970,2859,2971,-1,2968,2733,2972,-1,2972,2733,2732,-1,2972,2732,2973,-1,2973,2732,2730,-1,2973,2730,2974,-1,2974,2730,2729,-1,2974,2729,2969,-1,2969,2729,2851,-1,2969,2851,2858,-1,2975,2867,2976,-1,2976,2867,2868,-1,2976,2868,2977,-1,2971,2859,2978,-1,2978,2859,2727,-1,2978,2727,2979,-1,2979,2727,2726,-1,2979,2726,2975,-1,2975,2726,2860,-1,2975,2860,2867,-1,2977,2868,2980,-1,2980,2868,2724,-1,2980,2724,2981,-1,2981,2724,2723,-1,2981,2723,2982,-1,2983,2984,2717,-1,2717,2984,2985,-1,2717,2985,2718,-1,2718,2985,2986,-1,2718,2986,2720,-1,2720,2986,2987,-1,2720,2987,2721,-1,2721,2987,2982,-1,2721,2982,2869,-1,2869,2982,2723,-1,2750,2915,2748,-1,2748,2915,2914,-1,2748,2914,2711,-1,2711,2914,2988,-1,2711,2988,2712,-1,2712,2988,2989,-1,2712,2989,2714,-1,2714,2989,2990,-1,2714,2990,2715,-1,2715,2990,2983,-1,2715,2983,2886,-1,2886,2983,2717,-1,2904,2991,2992,-1,2904,2927,2991,-1,2991,2927,2928,-1,2991,2928,2993,-1,2993,2928,2929,-1,2993,2929,2994,-1,2994,2929,2930,-1,2994,2930,2995,-1,2995,2930,2931,-1,2931,2932,2995,-1,2995,2932,2933,-1,2995,2933,2996,-1,2996,2933,2934,-1,2996,2934,2997,-1,2997,2934,2935,-1,2997,2935,2998,-1,2998,2935,2936,-1,2936,2937,2998,-1,2998,2937,2938,-1,2998,2938,2999,-1,2938,2939,2999,-1,2999,2939,2940,-1,2999,2940,3000,-1,3000,2940,2941,-1,3000,2941,3001,-1,3001,2941,2942,-1,3001,2942,3002,-1,3002,2942,2943,-1,2943,2944,3002,-1,3002,2944,2945,-1,3002,2945,3003,-1,3003,2945,2946,-1,3003,2946,3004,-1,3004,2946,2947,-1,3004,2947,3005,-1,3005,2947,2948,-1,2948,2949,3005,-1,3005,2949,2950,-1,3005,2950,3006,-1,3006,2950,2951,-1,3006,2951,3007,-1,3007,2951,2952,-1,3007,2952,3008,-1,3008,2952,2953,-1,2953,2954,3008,-1,3008,2954,2955,-1,3008,2955,3009,-1,2955,2956,3009,-1,3009,2956,2957,-1,3009,2957,3010,-1,3010,2957,2926,-1,3010,2926,3011,-1,3011,2926,2924,-1,3011,2924,3012,-1,3012,2924,2923,-1,2923,2921,3012,-1,3012,2921,2919,-1,3012,2919,3013,-1,3013,2919,2918,-1,3013,2918,3014,-1,3014,2918,2961,-1,3014,2961,3015,-1,3015,2961,2962,-1,2962,2958,3015,-1,3015,2958,2959,-1,3015,2959,3016,-1,3016,2959,2960,-1,3016,2960,3017,-1,2960,2963,3017,-1,3017,2963,2964,-1,3017,2964,3018,-1,2964,2965,3018,-1,3018,2965,2966,-1,3018,2966,3019,-1,2966,2967,3019,-1,3019,2967,2968,-1,3019,2968,3020,-1,3020,2968,2972,-1,3020,2972,3021,-1,3021,2972,2973,-1,3021,2973,3022,-1,3022,2973,2974,-1,2974,2969,3022,-1,3022,2969,2970,-1,3022,2970,3023,-1,3023,2970,2971,-1,3023,2971,3024,-1,3024,2971,2978,-1,3024,2978,3025,-1,3025,2978,2979,-1,2979,2975,3025,-1,3025,2975,2976,-1,3025,2976,3026,-1,3026,2976,2977,-1,3026,2977,3027,-1,2977,2980,3027,-1,3027,2980,2981,-1,3027,2981,3028,-1,2981,2982,3028,-1,3028,2982,2987,-1,3028,2987,3029,-1,2987,2986,3029,-1,3029,2986,2985,-1,3029,2985,3030,-1,3030,2985,2984,-1,3030,2984,3031,-1,3031,2984,2983,-1,3031,2983,3032,-1,3032,2983,2990,-1,2990,2989,3032,-1,3032,2989,2988,-1,3032,2988,3033,-1,3033,2988,2914,-1,3033,2914,3034,-1,3034,2914,2916,-1,3034,2916,3035,-1,3035,2916,2917,-1,2917,2912,3035,-1,3035,2912,2911,-1,3035,2911,3036,-1,3036,2911,2909,-1,3036,2909,3037,-1,3037,2909,2908,-1,3037,2908,2992,-1,2992,2908,2906,-1,2992,2906,2904,-1,3036,3038,3035,-1,3035,3038,3039,-1,3035,3039,3034,-1,3034,3039,3040,-1,3034,3040,3033,-1,3033,3040,3041,-1,3033,3041,3032,-1,3032,3041,3042,-1,3032,3042,3031,-1,3031,3042,3043,-1,3031,3043,3030,-1,3030,3043,3044,-1,3030,3044,3029,-1,3029,3044,3045,-1,3029,3045,3028,-1,3028,3045,3046,-1,3028,3046,3027,-1,3027,3046,3047,-1,3027,3047,3026,-1,3026,3047,3048,-1,3026,3048,3025,-1,3025,3048,3049,-1,3025,3049,3024,-1,3024,3049,3050,-1,3024,3050,3023,-1,3023,3050,3051,-1,3023,3051,3022,-1,3022,3051,3052,-1,3022,3052,3021,-1,3021,3052,3053,-1,3021,3053,3020,-1,3020,3053,3054,-1,3020,3054,3019,-1,3019,3054,3055,-1,3019,3055,3018,-1,3018,3055,3056,-1,3018,3056,3017,-1,3017,3056,3057,-1,3017,3057,3016,-1,3016,3057,3058,-1,3016,3058,3015,-1,3015,3058,3059,-1,3015,3059,3014,-1,3014,3059,3060,-1,3014,3060,3013,-1,3013,3060,3061,-1,3013,3061,3012,-1,3012,3061,3062,-1,3012,3062,3011,-1,3011,3062,3063,-1,3011,3063,3010,-1,3010,3063,3064,-1,3010,3064,3009,-1,3009,3064,3065,-1,3009,3065,3008,-1,3008,3065,3066,-1,3008,3066,3007,-1,3007,3066,3067,-1,3007,3067,3006,-1,3006,3067,3068,-1,3006,3068,3005,-1,3005,3068,3069,-1,3005,3069,3004,-1,3004,3069,3070,-1,3004,3070,3003,-1,3003,3070,3071,-1,3003,3071,3002,-1,3002,3071,3072,-1,3002,3072,3001,-1,3001,3072,3073,-1,3001,3073,3000,-1,3000,3073,3074,-1,3000,3074,2999,-1,2999,3074,3075,-1,2999,3075,2998,-1,2998,3075,3076,-1,2998,3076,2997,-1,2997,3076,3077,-1,2997,3077,2996,-1,2996,3077,3078,-1,2996,3078,2995,-1,2995,3078,3079,-1,2995,3079,2994,-1,2994,3079,3080,-1,2994,3080,2993,-1,2993,3080,3081,-1,2993,3081,2991,-1,2991,3081,3082,-1,2991,3082,2992,-1,2992,3082,3083,-1,2992,3083,3037,-1,3037,3083,3084,-1,3037,3084,3036,-1,3036,3084,3038,-1,3084,3085,3038,-1,3038,3085,3086,-1,3038,3086,3039,-1,3039,3086,3087,-1,3039,3087,3040,-1,3040,3087,3088,-1,3040,3088,3041,-1,3041,3088,3089,-1,3041,3089,3042,-1,3042,3089,3090,-1,3042,3090,3043,-1,3043,3090,3091,-1,3043,3091,3044,-1,3044,3091,3092,-1,3044,3092,3045,-1,3045,3092,3093,-1,3045,3093,3046,-1,3046,3093,3094,-1,3046,3094,3047,-1,3047,3094,3095,-1,3047,3095,3048,-1,3048,3095,3096,-1,3048,3096,3049,-1,3049,3096,3097,-1,3049,3097,3050,-1,3050,3097,3098,-1,3050,3098,3051,-1,3051,3098,3099,-1,3051,3099,3052,-1,3052,3099,3100,-1,3052,3100,3053,-1,3053,3100,3101,-1,3053,3101,3054,-1,3054,3101,3102,-1,3054,3102,3055,-1,3055,3102,3103,-1,3055,3103,3056,-1,3056,3103,3104,-1,3056,3104,3057,-1,3057,3104,3105,-1,3057,3105,3058,-1,3058,3105,3106,-1,3058,3106,3059,-1,3059,3106,3107,-1,3059,3107,3060,-1,3060,3107,3108,-1,3060,3108,3061,-1,3061,3108,3109,-1,3061,3109,3062,-1,3062,3109,3110,-1,3062,3110,3063,-1,3063,3110,3111,-1,3063,3111,3064,-1,3064,3111,3112,-1,3064,3112,3065,-1,3065,3112,3113,-1,3065,3113,3066,-1,3066,3113,3114,-1,3066,3114,3067,-1,3067,3114,3115,-1,3067,3115,3068,-1,3068,3115,3116,-1,3068,3116,3069,-1,3069,3116,3117,-1,3069,3117,3070,-1,3070,3117,3118,-1,3070,3118,3071,-1,3071,3118,3119,-1,3071,3119,3072,-1,3072,3119,3120,-1,3072,3120,3073,-1,3073,3120,3121,-1,3073,3121,3074,-1,3074,3121,3122,-1,3074,3122,3075,-1,3075,3122,3123,-1,3075,3123,3076,-1,3076,3123,3124,-1,3076,3124,3077,-1,3077,3124,3125,-1,3077,3125,3078,-1,3078,3125,3126,-1,3078,3126,3079,-1,3079,3126,3127,-1,3079,3127,3080,-1,3080,3127,3128,-1,3080,3128,3081,-1,3081,3128,3129,-1,3081,3129,3082,-1,3082,3129,3130,-1,3082,3130,3083,-1,3083,3130,3131,-1,3083,3131,3084,-1,3084,3131,3085,-1,3131,3132,3085,-1,3085,3132,3133,-1,3085,3133,3086,-1,3086,3133,3134,-1,3086,3134,3087,-1,3087,3134,3135,-1,3087,3135,3088,-1,3088,3135,3136,-1,3088,3136,3089,-1,3089,3136,3137,-1,3089,3137,3090,-1,3090,3137,3138,-1,3090,3138,3091,-1,3091,3138,3139,-1,3091,3139,3092,-1,3092,3139,3140,-1,3092,3140,3093,-1,3093,3140,3141,-1,3093,3141,3094,-1,3094,3141,3142,-1,3094,3142,3095,-1,3095,3142,3143,-1,3095,3143,3096,-1,3096,3143,3144,-1,3096,3144,3097,-1,3097,3144,3145,-1,3097,3145,3098,-1,3098,3145,3146,-1,3098,3146,3099,-1,3099,3146,3147,-1,3099,3147,3100,-1,3100,3147,3148,-1,3100,3148,3101,-1,3101,3148,3149,-1,3101,3149,3102,-1,3102,3149,3150,-1,3102,3150,3103,-1,3103,3150,3151,-1,3103,3151,3104,-1,3104,3151,3152,-1,3104,3152,3105,-1,3105,3152,3153,-1,3105,3153,3106,-1,3106,3153,3154,-1,3106,3154,3107,-1,3107,3154,3155,-1,3107,3155,3108,-1,3108,3155,3156,-1,3108,3156,3109,-1,3109,3156,3157,-1,3109,3157,3110,-1,3110,3157,3158,-1,3110,3158,3111,-1,3111,3158,3159,-1,3111,3159,3112,-1,3112,3159,3160,-1,3112,3160,3113,-1,3113,3160,3161,-1,3113,3161,3114,-1,3114,3161,3162,-1,3114,3162,3115,-1,3115,3162,3163,-1,3115,3163,3116,-1,3116,3163,3164,-1,3116,3164,3117,-1,3117,3164,3165,-1,3117,3165,3118,-1,3118,3165,3166,-1,3118,3166,3119,-1,3119,3166,3167,-1,3119,3167,3120,-1,3120,3167,3168,-1,3120,3168,3121,-1,3121,3168,3169,-1,3121,3169,3122,-1,3122,3169,3170,-1,3122,3170,3123,-1,3123,3170,3171,-1,3123,3171,3124,-1,3124,3171,3172,-1,3124,3172,3125,-1,3125,3172,3173,-1,3125,3173,3126,-1,3126,3173,3174,-1,3126,3174,3127,-1,3127,3174,3175,-1,3127,3175,3128,-1,3128,3175,3176,-1,3128,3176,3129,-1,3129,3176,3177,-1,3129,3177,3130,-1,3130,3177,3178,-1,3130,3178,3131,-1,3131,3178,3132,-1,3178,3179,3132,-1,3132,3179,3180,-1,3132,3180,3133,-1,3133,3180,3181,-1,3133,3181,3134,-1,3134,3181,3182,-1,3134,3182,3135,-1,3135,3182,3183,-1,3135,3183,3136,-1,3136,3183,3184,-1,3136,3184,3137,-1,3137,3184,3185,-1,3137,3185,3138,-1,3138,3185,3186,-1,3138,3186,3139,-1,3139,3186,3187,-1,3139,3187,3140,-1,3140,3187,3188,-1,3140,3188,3141,-1,3141,3188,3189,-1,3141,3189,3142,-1,3142,3189,3190,-1,3142,3190,3143,-1,3143,3190,3191,-1,3143,3191,3144,-1,3144,3191,3192,-1,3144,3192,3145,-1,3145,3192,3193,-1,3145,3193,3146,-1,3146,3193,3194,-1,3146,3194,3147,-1,3147,3194,3195,-1,3147,3195,3148,-1,3148,3195,3196,-1,3148,3196,3149,-1,3149,3196,3197,-1,3149,3197,3150,-1,3150,3197,3198,-1,3150,3198,3151,-1,3151,3198,3199,-1,3151,3199,3152,-1,3152,3199,3200,-1,3152,3200,3153,-1,3153,3200,3201,-1,3153,3201,3154,-1,3154,3201,3202,-1,3154,3202,3155,-1,3155,3202,3203,-1,3155,3203,3156,-1,3156,3203,3204,-1,3156,3204,3157,-1,3157,3204,3205,-1,3157,3205,3158,-1,3158,3205,3206,-1,3158,3206,3159,-1,3159,3206,3207,-1,3159,3207,3160,-1,3160,3207,3208,-1,3160,3208,3161,-1,3161,3208,3209,-1,3161,3209,3162,-1,3162,3209,3210,-1,3162,3210,3163,-1,3163,3210,3211,-1,3163,3211,3164,-1,3164,3211,3212,-1,3164,3212,3165,-1,3165,3212,3213,-1,3165,3213,3166,-1,3166,3213,3214,-1,3166,3214,3167,-1,3167,3214,3215,-1,3167,3215,3168,-1,3168,3215,3216,-1,3168,3216,3169,-1,3169,3216,3217,-1,3169,3217,3170,-1,3170,3217,3218,-1,3170,3218,3171,-1,3171,3218,3219,-1,3171,3219,3172,-1,3172,3219,3220,-1,3172,3220,3173,-1,3173,3220,3221,-1,3173,3221,3174,-1,3174,3221,3222,-1,3174,3222,3175,-1,3175,3222,3223,-1,3175,3223,3176,-1,3176,3223,3224,-1,3176,3224,3177,-1,3177,3224,3225,-1,3177,3225,3178,-1,3178,3225,3179,-1,3225,3226,3179,-1,3179,3226,3227,-1,3179,3227,3180,-1,3180,3227,3228,-1,3180,3228,3181,-1,3181,3228,3229,-1,3181,3229,3182,-1,3182,3229,3230,-1,3182,3230,3183,-1,3183,3230,3231,-1,3183,3231,3184,-1,3184,3231,3232,-1,3184,3232,3185,-1,3185,3232,3233,-1,3185,3233,3186,-1,3186,3233,3234,-1,3186,3234,3187,-1,3187,3234,3235,-1,3187,3235,3188,-1,3188,3235,3236,-1,3188,3236,3189,-1,3189,3236,3237,-1,3189,3237,3190,-1,3190,3237,3238,-1,3190,3238,3191,-1,3191,3238,3239,-1,3191,3239,3192,-1,3192,3239,3240,-1,3192,3240,3193,-1,3193,3240,3241,-1,3193,3241,3194,-1,3194,3241,3242,-1,3194,3242,3195,-1,3195,3242,3243,-1,3195,3243,3196,-1,3196,3243,3244,-1,3196,3244,3197,-1,3197,3244,3245,-1,3197,3245,3198,-1,3198,3245,3246,-1,3198,3246,3199,-1,3199,3246,3247,-1,3199,3247,3200,-1,3200,3247,3248,-1,3200,3248,3201,-1,3201,3248,3249,-1,3201,3249,3202,-1,3202,3249,3250,-1,3202,3250,3203,-1,3203,3250,3251,-1,3203,3251,3204,-1,3204,3251,3252,-1,3204,3252,3205,-1,3205,3252,3253,-1,3205,3253,3206,-1,3206,3253,3254,-1,3206,3254,3207,-1,3207,3254,3255,-1,3207,3255,3208,-1,3208,3255,3256,-1,3208,3256,3209,-1,3209,3256,3257,-1,3209,3257,3210,-1,3210,3257,3258,-1,3210,3258,3211,-1,3211,3258,3259,-1,3211,3259,3212,-1,3212,3259,3260,-1,3212,3260,3213,-1,3213,3260,3261,-1,3213,3261,3214,-1,3214,3261,3262,-1,3214,3262,3215,-1,3215,3262,3263,-1,3215,3263,3216,-1,3216,3263,3264,-1,3216,3264,3217,-1,3217,3264,3265,-1,3217,3265,3218,-1,3218,3265,3266,-1,3218,3266,3219,-1,3219,3266,3267,-1,3219,3267,3220,-1,3220,3267,3268,-1,3220,3268,3221,-1,3221,3268,3269,-1,3221,3269,3222,-1,3222,3269,3270,-1,3222,3270,3223,-1,3223,3270,3271,-1,3223,3271,3224,-1,3224,3271,3272,-1,3224,3272,3225,-1,3225,3272,3226,-1,3273,3249,3274,-1,3274,3249,3248,-1,3274,3248,3275,-1,3269,3276,3277,-1,3278,3279,3244,-1,3248,3247,3275,-1,3275,3247,3246,-1,3275,3246,3279,-1,3279,3246,3245,-1,3279,3245,3244,-1,3265,3280,3281,-1,3269,3268,3276,-1,3276,3268,3267,-1,3276,3267,3281,-1,3281,3267,3266,-1,3281,3266,3265,-1,3282,3271,3277,-1,3277,3271,3270,-1,3277,3270,3269,-1,3283,3284,3228,-1,3285,3251,3273,-1,3273,3251,3250,-1,3273,3250,3249,-1,3259,3286,3287,-1,3228,3227,3283,-1,3283,3227,3226,-1,3283,3226,3282,-1,3282,3226,3272,-1,3282,3272,3271,-1,3288,3289,3234,-1,3290,3236,3289,-1,3289,3236,3235,-1,3289,3235,3234,-1,3291,3253,3285,-1,3285,3253,3252,-1,3285,3252,3251,-1,3292,3261,3287,-1,3287,3261,3260,-1,3287,3260,3259,-1,3265,3264,3280,-1,3280,3264,3263,-1,3280,3263,3292,-1,3292,3263,3262,-1,3292,3262,3261,-1,3293,3230,3284,-1,3284,3230,3229,-1,3284,3229,3228,-1,3234,3233,3288,-1,3288,3233,3232,-1,3288,3232,3293,-1,3293,3232,3231,-1,3293,3231,3230,-1,3244,3243,3278,-1,3278,3243,3242,-1,3278,3242,3294,-1,3295,3255,3291,-1,3291,3255,3254,-1,3291,3254,3253,-1,3259,3258,3286,-1,3286,3258,3257,-1,3286,3257,3295,-1,3295,3257,3256,-1,3295,3256,3255,-1,3296,3238,3290,-1,3290,3238,3237,-1,3290,3237,3236,-1,3242,3241,3294,-1,3294,3241,3240,-1,3294,3240,3296,-1,3296,3240,3239,-1,3296,3239,3238,-1,3282,3297,3283,-1,3283,3297,3298,-1,3283,3298,3284,-1,3284,3298,3299,-1,3284,3299,3293,-1,3293,3299,3300,-1,3293,3300,3288,-1,3288,3300,3301,-1,3288,3301,3289,-1,3289,3301,3302,-1,3289,3302,3290,-1,3290,3302,3303,-1,3290,3303,3296,-1,3296,3303,3304,-1,3296,3304,3294,-1,3294,3304,3305,-1,3294,3305,3278,-1,3278,3305,3306,-1,3278,3306,3279,-1,3279,3306,3307,-1,3279,3307,3275,-1,3275,3307,3308,-1,3275,3308,3274,-1,3274,3308,3309,-1,3274,3309,3273,-1,3273,3309,3310,-1,3273,3310,3285,-1,3285,3310,3311,-1,3285,3311,3291,-1,3291,3311,3312,-1,3291,3312,3295,-1,3295,3312,3313,-1,3295,3313,3286,-1,3286,3313,3314,-1,3286,3314,3287,-1,3287,3314,3315,-1,3287,3315,3292,-1,3292,3315,3316,-1,3292,3316,3280,-1,3280,3316,3317,-1,3280,3317,3281,-1,3281,3317,3318,-1,3281,3318,3276,-1,3276,3318,3319,-1,3276,3319,3277,-1,3277,3319,3320,-1,3277,3320,3282,-1,3282,3320,3297,-1,2570,2568,2905,-1,2573,2575,2568,-1,2566,2565,2905,-1,2905,2565,2571,-1,2905,2571,2570,-1,2572,2526,2525,-1,2541,2543,2568,-1,2568,2543,2544,-1,2479,2531,2535,-1,2925,2560,2905,-1,2905,2560,2559,-1,2556,2561,2905,-1,2905,2561,2563,-1,2905,2563,2566,-1,2573,2568,2525,-1,2525,2568,2567,-1,2525,2567,2572,-1,2540,2539,2568,-1,2544,2546,2568,-1,2568,2546,2552,-1,2568,2552,2551,-1,2551,2550,2568,-1,2568,2550,2549,-1,2568,2549,2548,-1,2548,2553,2568,-1,2568,2553,2555,-1,2568,2555,2905,-1,2559,2558,2905,-1,2905,2558,2557,-1,2905,2557,2556,-1,2539,2537,2568,-1,2568,2537,2536,-1,2568,2536,2541,-1,2575,2576,2568,-1,2568,2576,2480,-1,2568,2480,2479,-1,2479,2535,2568,-1,2568,2535,2534,-1,2568,2534,2540,-1,2915,2750,2903,-1,2903,2750,2749,-1,2753,2903,2751,-1,2751,2903,2744,-1,2766,2765,2903,-1,2782,2784,2903,-1,2749,2747,2903,-1,2903,2747,2745,-1,2903,2745,2744,-1,2753,2754,2903,-1,2903,2754,2756,-1,2903,2756,2759,-1,2761,2903,2762,-1,2762,2903,2763,-1,2789,2788,2784,-1,2759,2758,2903,-1,2903,2758,2764,-1,2903,2764,2763,-1,2765,2770,2903,-1,2903,2770,2690,-1,2903,2690,2689,-1,2787,2786,2792,-1,2761,2769,2903,-1,2903,2769,2768,-1,2903,2768,2766,-1,2689,2771,2903,-1,2903,2771,2773,-1,2903,2773,2774,-1,2788,2795,2784,-1,2784,2795,2796,-1,2784,2796,2903,-1,2774,2776,2903,-1,2903,2776,2781,-1,2903,2781,2780,-1,2780,2778,2903,-1,2903,2778,2777,-1,2903,2777,2782,-1,2787,2792,2784,-1,2784,2792,2791,-1,2784,2791,2789,-1,2925,2905,2922,-1,2922,2905,2907,-1,2922,2907,2920,-1,2915,2903,2913,-1,2913,2903,2920,-1,2913,2920,2910,-1,2910,2920,2907,-1,2469,2475,3321,-1,2469,3321,3322,-1,3322,3321,3323,-1,3322,3323,3324,-1,3324,3323,3325,-1,3324,3325,3326,-1,3326,3325,3327,-1,3326,3327,3328,-1,3328,3327,3329,-1,3328,3329,3330,-1,3330,3329,3331,-1,3330,3331,3332,-1,3297,3320,3332,-1,3332,3320,3333,-1,3307,3331,3308,-1,3308,3331,3334,-1,3307,3306,3331,-1,3331,3306,3305,-1,3331,3305,3304,-1,3320,3319,3333,-1,3333,3319,3318,-1,3333,3318,3317,-1,3304,3303,3331,-1,3331,3303,3302,-1,3331,3302,3332,-1,3332,3302,3301,-1,3332,3301,3300,-1,3317,3316,3333,-1,3333,3316,3315,-1,3333,3315,3334,-1,3334,3315,3314,-1,3314,3313,3334,-1,3334,3313,3312,-1,3334,3312,3311,-1,3300,3299,3332,-1,3332,3299,3298,-1,3332,3298,3297,-1,3311,3310,3334,-1,3334,3310,3309,-1,3334,3309,3308,-1,3333,3334,3335,-1,3333,3335,3336,-1,3336,3335,3337,-1,3336,3337,3338,-1,3338,3337,3339,-1,3338,3339,3340,-1,3340,3339,3341,-1,3340,3341,3342,-1,3342,3341,3343,-1,3342,3343,3344,-1,3344,3343,2463,-1,3344,2463,2461,-1,2467,2465,3345,-1,2467,3345,3346,-1,3346,3345,3347,-1,3346,3347,3348,-1,3348,3347,3349,-1,3348,3349,3350,-1,3350,3349,3351,-1,3350,3351,3352,-1,3352,3351,3353,-1,3352,3353,3354,-1,3354,3353,3355,-1,3354,3355,3356,-1,3357,3356,3358,-1,3358,3356,3355,-1,3357,3358,3359,-1,3357,3359,3360,-1,3360,3359,3361,-1,3360,3361,3362,-1,3362,3361,3363,-1,3362,3363,3364,-1,3364,3363,3365,-1,3364,3365,3366,-1,3366,3365,3367,-1,3366,3367,3368,-1,3368,3367,2473,-1,3368,2473,2471,-1,3368,2471,3357,-1,3333,3356,3332,-1,3332,3356,3357,-1,3360,3362,3364,-1,3350,3352,3354,-1,3357,2471,3332,-1,3332,2471,2469,-1,3332,2469,3330,-1,3324,3326,3328,-1,3333,3336,2461,-1,2461,3336,3338,-1,2461,3338,3344,-1,3344,3338,3340,-1,3344,3340,3342,-1,3360,3364,3357,-1,3357,3364,3366,-1,3357,3366,3368,-1,3350,3354,3348,-1,3330,2469,3328,-1,3328,2469,3322,-1,3328,3322,3324,-1,3333,2461,3356,-1,3356,2461,2467,-1,3356,2467,3354,-1,3354,2467,3346,-1,3354,3346,3348,-1,3355,3334,3358,-1,3358,3334,3331,-1,2463,3334,2465,-1,2465,3334,3355,-1,2465,3355,3353,-1,3353,3351,3349,-1,3327,2475,3329,-1,3329,2475,3331,-1,3331,2475,3358,-1,3358,2475,2473,-1,3358,2473,3359,-1,3367,3365,3363,-1,3349,3347,3353,-1,3353,3347,3345,-1,3353,3345,2465,-1,3341,3339,3343,-1,3343,3339,3337,-1,3343,3337,2463,-1,2463,3337,3335,-1,2463,3335,3334,-1,3325,3323,3327,-1,3327,3323,3321,-1,3327,3321,2475,-1,3367,3363,2473,-1,2473,3363,3361,-1,2473,3361,3359,-1,2462,2474,2460,-1,2460,2474,2468,-1,2472,2464,2470,-1,2470,2464,2466,-1,2472,2474,2464,-1,2464,2474,2462,-1,2468,2470,2460,-1,2460,2470,2466,-1,
        ]
    }
}
Shape{
    appearance Appearance {
        material  Material 	{
            diffuseColor 0.15294117647058825 1.0 0.7803921568627451
            specularColor 0.0784313725490196 0.5019607843137255 0.38823529411764707
            ambientIntensity 0.7217
            transparency 0.0
            shininess 0.5
        }
    }
    geometry IndexedFaceSet {
        ccw TRUE
        solid FALSE
        coord DEF co Coordinate {
            point [
                -0.2559 -2.0866 1.8119, -0.7638 -2.0866 1.8119, -0.2559 -2.0866 1.0236, -0.7638 -2.0866 0.0, 0.7283 -2.0866 1.0236, 1.2362 -2.0866 0.0, 0.7283 -2.0866 1.8119, 1.2362 -2.0866 1.8119, 1.2362 1.9272 2.8536, 1.2362 1.8737 2.8514, 1.2362 2.126 0.0, 1.2362 2.126 2.6378, 1.2362 1.4219 5.5512, 1.2362 -1.2233 5.5512, 1.2362 2.1193 2.691, 1.2362 2.0999 2.7409, 1.2362 2.0687 2.7845, 1.2362 2.0278 2.8191, 1.2362 1.9797 2.8426, -0.7638 2.0999 2.7409, -0.7638 2.1193 2.691, -0.7638 2.126 2.6378, -0.7638 2.126 0.0, -0.7638 -1.2233 5.5512, -0.7638 1.4219 5.5512, -0.7638 1.8737 2.8514, -0.7638 1.9272 2.8536, -0.7638 1.9797 2.8426, -0.7638 2.0278 2.8191, -0.7638 2.0687 2.7845, 0.9486 -1.6142 1.0236, 0.9486 -1.6142 2.8346, 0.9486 -1.6142 3.8583, -0.4762 -1.6142 1.0236, -0.4762 -1.6142 2.8346, -0.4762 -1.6142 3.8583, 0.748 1.369 0.0, -0.2756 1.369 0.0, -0.2756 1.1131 0.0, -0.5118 1.1131 0.0, -0.5118 -0.9145 0.0, 0.9842 -1.1704 0.0, -0.2756 -0.9145 0.0, -0.2756 -1.1704 0.0, -0.5118 -1.1704 0.0, -0.5118 -1.8406 0.0, 0.9842 -1.8406 0.0, 0.748 1.1131 0.0, 0.9842 1.1131 0.0, 0.9842 -0.9145 0.0, 0.748 -0.9145 0.0, 0.748 -1.1704 0.0, 0.748 -1.1704 2.4409, 0.9842 -1.1704 2.8346, -0.2756 -1.1704 2.4409, -0.5118 -1.1704 2.8346, -0.2756 1.1131 2.4409, 0.748 1.1131 2.4409, 0.9842 1.1131 5.1378, -0.5118 1.1131 5.1378, 0.748 -0.9145 2.4409, -0.2756 -0.9145 2.4409, -0.5118 -0.9145 5.1378, 0.9842 -0.9145 5.1378, -0.4382 2.126 2.5282, 0.9106 2.126 2.5282, 0.9106 2.126 0.7085, -0.4382 2.126 0.7085, 0.986 0.2643 5.5512, 1.0039 0.0993 5.5512, 0.986 -0.0658 5.5512, 0.933 -0.2231 5.5512, -0.048 -0.6139 5.5512, -0.1946 -0.5361 5.5512, -0.3212 -0.4287 5.5512, -0.4216 -0.2965 5.5512, -0.4913 0.3444 5.5512, -0.4216 0.4951 5.5512, -0.3212 0.6272 5.5512, -0.1946 0.7347 5.5512, 0.4416 0.839 5.5512, 0.5958 0.7776 5.5512, 0.7332 0.6844 5.5512, 0.8474 -0.3653 5.5512, 0.7332 -0.4858 5.5512, 0.5958 -0.579 5.5512, 0.8474 0.5639 5.5512, 0.933 0.4216 5.5512, 0.4416 -0.6404 5.5512, 0.2778 -0.6673 5.5512, 0.112 -0.6583 5.5512, -0.4913 -0.1458 5.5512, -0.527 0.0163 5.5512, -0.527 0.1823 5.5512, -0.048 0.8125 5.5512, 0.112 0.8569 5.5512, 0.2778 0.8659 5.5512, -0.5118 -1.8406 0.4724, 0.9842 -1.8406 0.4724, -0.5118 -1.6142 0.6988, 0.9842 -1.6142 0.6988, -0.5118 -1.6142 2.8346, 0.9842 -1.6142 2.8346, -0.5118 -0.7767 5.1378, 0.9842 -0.7767 5.1378, -0.5118 -0.7767 4.2126, 0.9842 -0.7767 4.2126, 0.3585 0.5556 4.2126, 0.2362 0.5717 4.2126, 0.9842 0.9753 4.2126, -0.2201 -0.023 4.2126, -0.2362 0.0993 4.2126, -0.5118 0.9753 4.2126, -0.2201 0.2216 4.2126, 0.1139 0.5556 4.2126, -0.0 0.5084 4.2126, 0.6453 0.3355 4.2126, 0.5703 0.4334 4.2126, 0.4724 0.5084 4.2126, -0.0979 0.4334 4.2126, -0.1729 0.3355 4.2126, 0.6453 -0.1369 4.2126, 0.5703 -0.2348 4.2126, 0.4724 -0.3099 4.2126, 0.6925 -0.023 4.2126, 0.7086 0.0993 4.2126, 0.6925 0.2216 4.2126, -0.1729 -0.1369 4.2126, -0.0979 -0.2348 4.2126, -0.0 -0.3099 4.2126, 0.1139 -0.3571 4.2126, 0.2362 -0.3732 4.2126, 0.3585 -0.3571 4.2126, -0.5118 0.9753 5.1378, 0.9842 0.9753 5.1378, -0.2756 1.369 2.4409, 0.748 1.369 2.4409, 0.7086 1.369 0.8661, -0.2362 1.369 0.8661, -0.2362 1.369 2.0472, 0.7086 1.369 2.0472, 0.9838 0.2638 5.3543, 0.9949 0.2165 5.3543, 0.9681 0.3309 5.3543, 0.9318 0.4212 5.3543, 0.9242 0.4399 5.3543, 0.8641 0.541 5.3543, 0.7894 0.6316 5.3543, 0.8461 0.5628 5.3543, 0.5956 0.777 5.3543, 0.603 0.7737 5.3543, 0.7016 0.7098 5.3543, 0.7319 0.6829 5.3543, 0.4957 0.8218 5.3543, 0.441 0.8368 5.3543, 0.3824 0.853 5.3543, 0.2777 0.865 5.3543, 0.2656 0.8664 5.3543, 0.1482 0.8619 5.3543, 0.0328 0.8396 5.3543, 0.1124 0.855 5.3543, -0.194 0.7339 5.3543, -0.1811 0.7437 5.3543, -0.0778 0.7998 5.3543, -0.0474 0.8108 5.3543, -0.2746 0.6724 5.3543, -0.3196 0.6257 5.3543, -0.3561 0.5877 5.3543, -0.4214 0.4949 5.3543, -0.4237 0.4916 5.3543, -0.4759 0.3863 5.3543, -0.5113 0.2742 5.3543, -0.4893 0.3438 5.3543, -0.5256 0.0165 5.3543, -0.5293 0.0405 5.3543, -0.5293 0.1581 5.3543, -0.5256 0.1821 5.3543, -0.5113 -0.0756 5.3543, -0.4893 -0.1452 5.3543, -0.4759 -0.1877 5.3543, -0.4237 -0.293 5.3543, -0.3561 -0.3892 5.3543, -0.4214 -0.2963 5.3543, -0.2746 -0.4739 5.3543, -0.3196 -0.4271 5.3543, -0.0474 -0.6122 5.3543, -0.0778 -0.6013 5.3543, -0.1811 -0.5451 5.3543, -0.194 -0.5353 5.3543, 0.0328 -0.641 5.3543, 0.1124 -0.6564 5.3543, 0.1482 -0.6634 5.3543, 0.2656 -0.6679 5.3543, 0.3824 -0.6544 5.3543, 0.2777 -0.6665 5.3543, 0.4957 -0.6232 5.3543, 0.441 -0.6383 5.3543, 0.7319 -0.4843 5.3543, 0.7016 -0.5113 5.3543, 0.603 -0.5752 5.3543, 0.5956 -0.5785 5.3543, 0.7894 -0.4331 5.3543, 0.8461 -0.3643 5.3543, 0.8641 -0.3424 5.3543, 0.9242 -0.2414 5.3543, 0.9681 -0.1323 5.3543, 0.9318 -0.2226 5.3543, 1.0039 0.0993 5.3543, 0.9949 -0.0179 5.3543, 0.9838 -0.0653 5.3543, 0.9537 0.3264 5.3435, 0.7785 0.6212 5.3435, 0.4906 0.8076 5.3435, 0.3795 0.8381 5.3435, 0.0368 0.825 5.3435, -0.2645 0.6612 5.3435, -0.4107 0.4839 5.3435, -0.4966 0.2708 5.3435, -0.4966 -0.0722 5.3435, -0.3444 -0.3796 5.3435, -0.2645 -0.4626 5.3435, 0.0368 -0.6264 5.3435, 0.3795 -0.6396 5.3435, 0.5957 -0.5619 5.3435, 0.7785 -0.4226 5.3435, 0.9537 -0.1278 5.3435, 0.9838 0.2638 5.2165, 0.9949 0.2165 5.2165, 0.98 0.2142 5.2274, 0.8461 0.5628 5.2165, 0.8641 0.541 5.2165, 0.8518 0.5323 5.2274, 0.5956 0.777 5.2165, 0.603 0.7737 5.2165, 0.5957 0.7605 5.2274, 0.441 0.8368 5.2165, 0.4957 0.8218 5.2165, 0.4906 0.8076 5.2274, 0.1124 0.855 5.2165, 0.1482 0.8619 5.2165, 0.1499 0.8469 5.2274, -0.194 0.7339 5.2165, -0.1811 0.7437 5.2165, -0.1729 0.731 5.2274, -0.4214 0.4949 5.2165, -0.3561 0.5877 5.2165, -0.3444 0.5781 5.2274, -0.4893 0.3438 5.2165, -0.4759 0.3863 5.2165, -0.4619 0.3806 5.2274, -0.5256 0.0165 5.2165, -0.5293 0.0405 5.2165, -0.5142 0.0417 5.2274, -0.4214 -0.2963 5.2165, -0.4237 -0.293 5.2165, -0.4107 -0.2853 5.2274, -0.3196 -0.4271 5.2165, -0.3561 -0.3892 5.2165, -0.3444 -0.3796 5.2274, -0.0474 -0.6122 5.2165, -0.0778 -0.6013 5.2165, -0.0717 -0.5875 5.2274, 0.2777 -0.6665 5.2165, 0.2656 -0.6679 5.2165, 0.265 -0.6528 5.2274, 0.5956 -0.5785 5.2165, 0.4957 -0.6232 5.2165, 0.4906 -0.609 5.2274, 0.7319 -0.4843 5.2165, 0.7016 -0.5113 5.2165, 0.6925 -0.4993 5.2274, 0.9318 -0.2226 5.2165, 0.9242 -0.2414 5.2165, 0.9107 -0.2347 5.2274, 0.9681 -0.1323 5.2165, 0.7894 -0.4331 5.2165, 0.3824 -0.6544 5.2165, 0.0328 -0.641 5.2165, -0.2746 -0.4739 5.2165, -0.5113 -0.0756 5.2165, -0.5113 0.2742 5.2165, -0.2746 0.6724 5.2165, 0.0328 0.8396 5.2165, 0.3824 0.853 5.2165, 0.7894 0.6316 5.2165, 0.9681 0.3309 5.2165, 0.9949 -0.0179 5.2165, 0.9838 -0.0653 5.2165, 0.98 -0.0156 5.2274, 0.9537 -0.1278 5.2274, 0.968 -0.0137 5.2415, 0.9422 -0.1241 5.2415, 0.9596 -0.0125 5.2581, 0.9341 -0.1216 5.2581, 0.9553 -0.0118 5.2761, 0.9299 -0.1203 5.2761, 0.9553 -0.0118 5.2947, 0.9299 -0.1203 5.2947, 0.9596 -0.0125 5.3128, 0.9341 -0.1216 5.3128, 0.968 -0.0137 5.3294, 0.9422 -0.1241 5.3294, 0.98 -0.0156 5.3435, 0.8641 -0.3424 5.2165, 0.8461 -0.3643 5.2165, 0.8518 -0.3337 5.2274, 0.7785 -0.4226 5.2274, 0.8419 -0.3267 5.2415, 0.7697 -0.4142 5.2415, 0.8349 -0.3219 5.2581, 0.7636 -0.4083 5.2581, 0.8314 -0.3193 5.2761, 0.7605 -0.4053 5.2761, 0.8314 -0.3193 5.2947, 0.7605 -0.4053 5.2947, 0.8349 -0.3219 5.3128, 0.7636 -0.4083 5.3128, 0.8419 -0.3267 5.3294, 0.7697 -0.4142 5.3294, 0.8518 -0.3337 5.3435, 0.441 -0.6383 5.2165, 0.3795 -0.6396 5.2274, 0.4865 -0.5976 5.2415, 0.3772 -0.6277 5.2415, 0.4836 -0.5896 5.2581, 0.3756 -0.6193 5.2581, 0.4822 -0.5855 5.2761, 0.3747 -0.6151 5.2761, 0.4822 -0.5855 5.2947, 0.3747 -0.6151 5.2947, 0.4836 -0.5896 5.3128, 0.3756 -0.6193 5.3128, 0.4865 -0.5976 5.3294, 0.3772 -0.6277 5.3294, 0.4906 -0.609 5.3435, 0.1482 -0.6634 5.2165, 0.1124 -0.6564 5.2165, 0.1499 -0.6484 5.2274, 0.0368 -0.6264 5.2274, 0.1513 -0.6363 5.2415, 0.04 -0.6147 5.2415, 0.1523 -0.6279 5.2581, 0.0422 -0.6066 5.2581, 0.1528 -0.6236 5.2761, 0.0434 -0.6024 5.2761, 0.1528 -0.6236 5.2947, 0.0434 -0.6024 5.2947, 0.1523 -0.6279 5.3128, 0.0422 -0.6066 5.3128, 0.1513 -0.6363 5.3294, 0.04 -0.6147 5.3294, 0.1499 -0.6484 5.3435, -0.1811 -0.5451 5.2165, -0.194 -0.5353 5.2165, -0.1729 -0.5324 5.2274, -0.2645 -0.4626 5.2274, -0.1663 -0.5223 5.2415, -0.2565 -0.4535 5.2415, -0.1617 -0.5151 5.2581, -0.2508 -0.4472 5.2581, -0.1593 -0.5115 5.2761, -0.2479 -0.4439 5.2761, -0.1593 -0.5115 5.2947, -0.2479 -0.4439 5.2947, -0.1617 -0.5151 5.3128, -0.2508 -0.4472 5.3128, -0.1663 -0.5223 5.3294, -0.2565 -0.4535 5.3294, -0.1729 -0.5324 5.3435, -0.4759 -0.1877 5.2165, -0.4893 -0.1452 5.2165, -0.4619 -0.1821 5.2274, -0.4966 -0.0722 5.2274, -0.4506 -0.1775 5.2415, -0.4848 -0.0694 5.2415, -0.4427 -0.1744 5.2581, -0.4766 -0.0675 5.2581, -0.4387 -0.1727 5.2761, -0.4723 -0.0665 5.2761, -0.4387 -0.1727 5.2947, -0.4723 -0.0665 5.2947, -0.4427 -0.1744 5.3128, -0.4766 -0.0675 5.3128, -0.4506 -0.1775 5.3294, -0.4848 -0.0694 5.3294, -0.4619 -0.1821 5.3435, -0.5293 0.1581 5.2165, -0.5256 0.1821 5.2165, -0.5142 0.1569 5.2274, -0.4966 0.2708 5.2274, -0.5021 0.156 5.2415, -0.4848 0.268 5.2415, -0.4937 0.1553 5.2581, -0.4766 0.2661 5.2581, -0.4893 0.155 5.2761, -0.4723 0.2651 5.2761, -0.4893 0.155 5.2947, -0.4723 0.2651 5.2947, -0.4937 0.1553 5.3128, -0.4766 0.2661 5.3128, -0.5021 0.156 5.3294, -0.4848 0.268 5.3294, -0.5142 0.1569 5.3435, -0.3196 0.6257 5.2165, -0.2645 0.6612 5.2274, -0.3351 0.5704 5.2415, -0.2565 0.6521 5.2415, -0.3285 0.565 5.2581, -0.2508 0.6458 5.2581, -0.3252 0.5622 5.2761, -0.2479 0.6425 5.2761, -0.3252 0.5622 5.2947, -0.2479 0.6425 5.2947, -0.3285 0.565 5.3128, -0.2508 0.6458 5.3128, -0.3351 0.5704 5.3294, -0.2565 0.6521 5.3294, -0.3444 0.5781 5.3435, -0.0778 0.7998 5.2165, -0.0474 0.8108 5.2165, -0.0717 0.7861 5.2274, 0.0368 0.825 5.2274, -0.0667 0.775 5.2415, 0.04 0.8133 5.2415, -0.0632 0.7672 5.2581, 0.0422 0.8051 5.2581, -0.0615 0.7633 5.2761, 0.0434 0.8009 5.2761, -0.0615 0.7633 5.2947, 0.0434 0.8009 5.2947, -0.0632 0.7672 5.3128, 0.0422 0.8051 5.3128, -0.0667 0.775 5.3294, 0.04 0.8133 5.3294, -0.0717 0.7861 5.3435, 0.2656 0.8664 5.2165, 0.2777 0.865 5.2165, 0.265 0.8514 5.2274, 0.3795 0.8381 5.2274, 0.2646 0.8392 5.2415, 0.3772 0.8262 5.2415, 0.2642 0.8308 5.2581, 0.3756 0.8179 5.2581, 0.2641 0.8264 5.2761, 0.3747 0.8136 5.2761, 0.2641 0.8264 5.2947, 0.3747 0.8136 5.2947, 0.2642 0.8308 5.3128, 0.3756 0.8179 5.3128, 0.2646 0.8392 5.3294, 0.3772 0.8262 5.3294, 0.265 0.8514 5.3435, 0.7016 0.7098 5.2165, 0.7319 0.6829 5.2165, 0.6925 0.6978 5.2274, 0.7785 0.6212 5.2274, 0.6851 0.6882 5.2415, 0.7697 0.6128 5.2415, 0.68 0.6814 5.2581, 0.7636 0.6069 5.2581, 0.6773 0.678 5.2761, 0.7605 0.6039 5.2761, 0.6773 0.678 5.2947, 0.7605 0.6039 5.2947, 0.68 0.6814 5.3128, 0.7636 0.6069 5.3128, 0.6851 0.6882 5.3294, 0.7697 0.6128 5.3294, 0.6925 0.6978 5.3435, 0.9242 0.4399 5.2165, 0.9318 0.4212 5.2165, 0.9107 0.4332 5.2274, 0.9537 0.3264 5.2274, 0.8998 0.4279 5.2415, 0.9422 0.3227 5.2415, 0.8922 0.4241 5.2581, 0.9341 0.3201 5.2581, 0.8883 0.4222 5.2761, 0.9299 0.3188 5.2761, 0.8883 0.4222 5.2947, 0.9299 0.3188 5.2947, 0.8922 0.4241 5.3128, 0.9341 0.3201 5.3128, 0.8998 0.4279 5.3294, 0.9422 0.3227 5.3294, 0.9107 0.4332 5.3435, 1.0039 0.0993 5.2165, 0.9888 0.0993 5.2274, 0.9767 0.0993 5.2415, 0.9682 0.0993 5.2581, 0.9638 0.0993 5.2761, 0.9638 0.0993 5.2947, 0.9682 0.0993 5.3128, 0.9767 0.0993 5.3294, 0.9888 0.0993 5.3435, 0.9107 -0.2347 5.3435, 0.8998 -0.2293 5.3294, 0.8922 -0.2255 5.3128, 0.8883 -0.2236 5.2947, 0.8883 -0.2236 5.2761, 0.8922 -0.2255 5.2581, 0.8998 -0.2293 5.2415, 0.6925 -0.4993 5.3435, 0.6851 -0.4896 5.3294, 0.68 -0.4829 5.3128, 0.6773 -0.4794 5.2947, 0.6773 -0.4794 5.2761, 0.68 -0.4829 5.2581, 0.6851 -0.4896 5.2415, 0.603 -0.5752 5.2165, 0.5957 -0.5619 5.2274, 0.5899 -0.5512 5.2415, 0.5859 -0.5438 5.2581, 0.5838 -0.54 5.2761, 0.5838 -0.54 5.2947, 0.5859 -0.5438 5.3128, 0.5899 -0.5512 5.3294, 0.265 -0.6528 5.3435, 0.2646 -0.6407 5.3294, 0.2642 -0.6322 5.3128, 0.2641 -0.6278 5.2947, 0.2641 -0.6278 5.2761, 0.2642 -0.6322 5.2581, 0.2646 -0.6407 5.2415, -0.0717 -0.5875 5.3435, -0.0667 -0.5764 5.3294, -0.0632 -0.5687 5.3128, -0.0615 -0.5647 5.2947, -0.0615 -0.5647 5.2761, -0.0632 -0.5687 5.2581, -0.0667 -0.5764 5.2415, -0.3351 -0.3718 5.3294, -0.3285 -0.3664 5.3128, -0.3252 -0.3637 5.2947, -0.3252 -0.3637 5.2761, -0.3285 -0.3664 5.2581, -0.3351 -0.3718 5.2415, -0.4107 -0.2853 5.3435, -0.4003 -0.2791 5.3294, -0.393 -0.2748 5.3128, -0.3893 -0.2726 5.2947, -0.3893 -0.2726 5.2761, -0.393 -0.2748 5.2581, -0.4003 -0.2791 5.2415, -0.5142 0.0417 5.3435, -0.5021 0.0426 5.3294, -0.4937 0.0433 5.3128, -0.4893 0.0436 5.2947, -0.4893 0.0436 5.2761, -0.4937 0.0433 5.2581, -0.5021 0.0426 5.2415, -0.4619 0.3806 5.3435, -0.4506 0.3761 5.3294, -0.4427 0.3729 5.3128, -0.4387 0.3713 5.2947, -0.4387 0.3713 5.2761, -0.4427 0.3729 5.2581, -0.4506 0.3761 5.2415, -0.4237 0.4916 5.2165, -0.4107 0.4839 5.2274, -0.4003 0.4777 5.2415, -0.393 0.4734 5.2581, -0.3893 0.4711 5.2761, -0.3893 0.4711 5.2947, -0.393 0.4734 5.3128, -0.4003 0.4777 5.3294, -0.1729 0.731 5.3435, -0.1663 0.7208 5.3294, -0.1617 0.7137 5.3128, -0.1593 0.71 5.2947, -0.1593 0.71 5.2761, -0.1617 0.7137 5.2581, -0.1663 0.7208 5.2415, 0.1499 0.8469 5.3435, 0.1513 0.8349 5.3294, 0.1523 0.8265 5.3128, 0.1528 0.8221 5.2947, 0.1528 0.8221 5.2761, 0.1523 0.8265 5.2581, 0.1513 0.8349 5.2415, 0.4865 0.7962 5.3294, 0.4836 0.7882 5.3128, 0.4822 0.7841 5.2947, 0.4822 0.7841 5.2761, 0.4836 0.7882 5.2581, 0.4865 0.7962 5.2415, 0.5957 0.7605 5.3435, 0.5899 0.7498 5.3294, 0.5859 0.7424 5.3128, 0.5838 0.7385 5.2947, 0.5838 0.7385 5.2761, 0.5859 0.7424 5.2581, 0.5899 0.7498 5.2415, 0.8518 0.5323 5.3435, 0.8419 0.5253 5.3294, 0.8349 0.5204 5.3128, 0.8314 0.5179 5.2947, 0.8314 0.5179 5.2761, 0.8349 0.5204 5.2581, 0.8419 0.5253 5.2415, 0.98 0.2142 5.3435, 0.968 0.2123 5.3294, 0.9596 0.211 5.3128, 0.9553 0.2104 5.2947, 0.9553 0.2104 5.2761, 0.9596 0.211 5.2581, 0.968 0.2123 5.2415, 0.986 0.2643 4.4095, 1.0039 0.0993 4.4095, 0.933 0.4216 4.4095, 0.8474 0.5639 4.4095, 0.7332 0.6844 4.4095, 0.5958 0.7776 4.4095, 0.4416 0.839 4.4095, 0.2778 0.8659 4.4095, 0.112 0.8569 4.4095, -0.048 0.8125 4.4095, -0.1946 0.7347 4.4095, -0.3212 0.6272 4.4095, -0.4216 0.4951 4.4095, -0.4913 0.3444 4.4095, -0.527 0.1823 4.4095, -0.527 0.0163 4.4095, -0.4913 -0.1458 4.4095, -0.4216 -0.2965 4.4095, -0.3212 -0.4287 4.4095, -0.1946 -0.5361 4.4095, -0.048 -0.6139 4.4095, 0.112 -0.6583 4.4095, 0.2778 -0.6673 4.4095, 0.4416 -0.6404 4.4095, 0.5958 -0.579 4.4095, 0.7332 -0.4858 4.4095, 0.8474 -0.3653 4.4095, 0.933 -0.2231 4.4095, 0.986 -0.0658 4.4095, 0.5703 -0.2348 4.4095, 0.6453 -0.1369 4.4095, 0.6925 -0.023 4.4095, 0.7086 0.0993 4.4095, 0.6925 0.2216 4.4095, 0.6453 0.3355 4.4095, 0.5703 0.4334 4.4095, 0.4724 0.5084 4.4095, 0.3585 0.5556 4.4095, 0.2362 0.5717 4.4095, 0.1139 0.5556 4.4095, -0.0 -0.3099 4.4095, 0.1139 -0.3571 4.4095, 0.2362 -0.3732 4.4095, 0.3585 -0.3571 4.4095, 0.4724 -0.3099 4.4095, -0.2362 0.0993 4.4095, -0.2201 -0.023 4.4095, -0.1729 -0.1369 4.4095, -0.0979 -0.2348 4.4095, -0.0 0.5084 4.4095, -0.0979 0.4334 4.4095, -0.1729 0.3355 4.4095, -0.2201 0.2216 4.4095, 0.7086 1.6929 2.0472, -0.2362 1.6929 2.0472, 0.7086 1.6929 0.8661, -0.2362 1.6929 0.8661, -2.2559 -2.0866 1.8119, -2.7638 -2.0866 1.8119, -2.2559 -2.0866 1.0236, -2.7638 -2.0866 0.0, -1.2717 -2.0866 1.0236, -1.2717 -2.0866 1.8119, -2.7638 2.0999 2.7409, -2.7638 2.1193 2.691, -2.7638 2.126 2.6378, -2.7638 2.126 0.0, -2.7638 -1.2233 5.5512, -2.7638 1.4219 5.5512, -2.7638 1.8737 2.8514, -2.7638 1.9272 2.8536, -2.7638 1.9797 2.8426, -2.7638 2.0278 2.8191, -2.7638 2.0687 2.7845, -1.0514 -1.6142 1.0236, -1.0514 -1.6142 2.8346, -1.0514 -1.6142 3.8583, -2.4762 -1.6142 1.0236, -2.4762 -1.6142 2.8346, -2.4762 -1.6142 3.8583, -1.252 1.369 0.0, -2.2756 1.369 0.0, -2.2756 1.1131 0.0, -2.5118 1.1131 0.0, -2.5118 -0.9145 0.0, -1.0158 -1.1704 0.0, -2.2756 -0.9145 0.0, -2.2756 -1.1704 0.0, -2.5118 -1.1704 0.0, -2.5118 -1.8406 0.0, -1.0158 -1.8406 0.0, -1.252 1.1131 0.0, -1.0158 1.1131 0.0, -1.0158 -0.9145 0.0, -1.252 -0.9145 0.0, -1.252 -1.1704 0.0, -1.252 -1.1704 2.4409, -1.0158 -1.1704 2.8346, -2.2756 -1.1704 2.4409, -2.5118 -1.1704 2.8346, -2.2756 1.1131 2.4409, -1.252 1.1131 2.4409, -1.0158 1.1131 5.1378, -2.5118 1.1131 5.1378, -1.252 -0.9145 2.4409, -2.2756 -0.9145 2.4409, -2.5118 -0.9145 5.1378, -1.0158 -0.9145 5.1378, -2.4382 2.126 2.5282, -1.0894 2.126 2.5282, -1.0894 2.126 0.7085, -2.4382 2.126 0.7085, -1.5584 0.839 5.5512, -1.4042 0.7776 5.5512, -1.067 0.4216 5.5512, -1.014 0.2643 5.5512, -0.9961 0.0993 5.5512, -1.014 -0.0658 5.5512, -1.067 -0.2231 5.5512, -1.1526 -0.3653 5.5512, -1.2668 -0.4858 5.5512, -1.4042 -0.579 5.5512, -1.5584 -0.6404 5.5512, -1.7222 -0.6673 5.5512, -1.888 -0.6583 5.5512, -2.048 -0.6139 5.5512, -2.4913 0.3444 5.5512, -2.4216 0.4951 5.5512, -2.3212 0.6272 5.5512, -2.1946 0.7347 5.5512, -2.048 0.8125 5.5512, -1.888 0.8569 5.5512, -1.7222 0.8659 5.5512, -2.1946 -0.5361 5.5512, -2.3212 -0.4287 5.5512, -2.4216 -0.2965 5.5512, -2.4913 -0.1458 5.5512, -2.527 0.0163 5.5512, -2.527 0.1823 5.5512, -1.2668 0.6844 5.5512, -1.1526 0.5639 5.5512, -2.5118 -1.8406 0.4724, -1.0158 -1.8406 0.4724, -2.5118 -1.6142 0.6988, -1.0158 -1.6142 0.6988, -2.5118 -1.6142 2.8346, -1.0158 -1.6142 2.8346, -2.5118 -0.7767 5.1378, -1.0158 -0.7767 5.1378, -2.5118 -0.7767 4.2126, -1.0158 -0.7767 4.2126, -2.2201 -0.023 4.2126, -2.2362 0.0993 4.2126, -2.5118 0.9753 4.2126, -1.5276 -0.3099 4.2126, -1.4297 -0.2348 4.2126, -1.3547 -0.1369 4.2126, -2.1729 -0.1369 4.2126, -2.0979 -0.2348 4.2126, -2.0 -0.3099 4.2126, -1.8861 -0.3571 4.2126, -1.7638 -0.3732 4.2126, -1.6415 -0.3571 4.2126, -1.3075 0.2216 4.2126, -1.0158 0.9753 4.2126, -1.2914 0.0993 4.2126, -1.3075 -0.023 4.2126, -1.3547 0.3355 4.2126, -1.4297 0.4334 4.2126, -1.5276 0.5084 4.2126, -1.6415 0.5556 4.2126, -1.7638 0.5717 4.2126, -1.8861 0.5556 4.2126, -2.0 0.5084 4.2126, -2.0979 0.4334 4.2126, -2.1729 0.3355 4.2126, -2.2201 0.2216 4.2126, -2.5118 0.9753 5.1378, -1.0158 0.9753 5.1378, -2.2756 1.369 2.4409, -1.252 1.369 2.4409, -1.2914 1.369 0.8661, -2.2362 1.369 0.8661, -2.2362 1.369 2.0472, -1.2914 1.369 2.0472, -1.0162 0.2638 5.3543, -1.0051 0.2165 5.3543, -1.0319 0.3309 5.3543, -1.0682 0.4212 5.3543, -1.0758 0.4399 5.3543, -1.1359 0.541 5.3543, -1.2106 0.6316 5.3543, -1.1539 0.5628 5.3543, -1.4044 0.777 5.3543, -1.397 0.7737 5.3543, -1.2984 0.7098 5.3543, -1.2681 0.6829 5.3543, -1.5043 0.8218 5.3543, -1.559 0.8368 5.3543, -1.6176 0.853 5.3543, -1.7223 0.865 5.3543, -1.7344 0.8664 5.3543, -1.8518 0.8619 5.3543, -1.9672 0.8396 5.3543, -1.8876 0.855 5.3543, -2.194 0.7339 5.3543, -2.1811 0.7437 5.3543, -2.0778 0.7998 5.3543, -2.0474 0.8108 5.3543, -2.2746 0.6724 5.3543, -2.3196 0.6257 5.3543, -2.3561 0.5877 5.3543, -2.4214 0.4949 5.3543, -2.4237 0.4916 5.3543, -2.4759 0.3863 5.3543, -2.5113 0.2742 5.3543, -2.4893 0.3438 5.3543, -2.5256 0.0165 5.3543, -2.5293 0.0405 5.3543, -2.5293 0.1581 5.3543, -2.5256 0.1821 5.3543, -2.5113 -0.0756 5.3543, -2.4893 -0.1452 5.3543, -2.4759 -0.1877 5.3543, -2.4237 -0.293 5.3543, -2.3561 -0.3892 5.3543, -2.4214 -0.2963 5.3543, -2.2746 -0.4739 5.3543, -2.3196 -0.4271 5.3543, -2.0474 -0.6122 5.3543, -2.0778 -0.6013 5.3543, -2.1811 -0.5451 5.3543, -2.194 -0.5353 5.3543, -1.9672 -0.641 5.3543, -1.8876 -0.6564 5.3543, -1.8518 -0.6634 5.3543, -1.7344 -0.6679 5.3543, -1.6176 -0.6544 5.3543, -1.7223 -0.6665 5.3543, -1.5043 -0.6232 5.3543, -1.559 -0.6383 5.3543, -1.2681 -0.4843 5.3543, -1.2984 -0.5113 5.3543, -1.397 -0.5752 5.3543, -1.4044 -0.5785 5.3543, -1.2106 -0.4331 5.3543, -1.1539 -0.3643 5.3543, -1.1359 -0.3424 5.3543, -1.0758 -0.2414 5.3543, -1.0319 -0.1323 5.3543, -1.0682 -0.2226 5.3543, -0.9961 0.0993 5.3543, -1.0051 -0.0179 5.3543, -1.0162 -0.0653 5.3543, -1.0463 0.3264 5.3435, -1.2215 0.6212 5.3435, -1.5094 0.8076 5.3435, -1.6205 0.8381 5.3435, -1.9632 0.825 5.3435, -2.2645 0.6612 5.3435, -2.4107 0.4839 5.3435, -2.4966 0.2708 5.3435, -2.4966 -0.0722 5.3435, -2.3444 -0.3796 5.3435, -2.2645 -0.4626 5.3435, -1.9632 -0.6264 5.3435, -1.6205 -0.6396 5.3435, -1.4043 -0.5619 5.3435, -1.2215 -0.4226 5.3435, -1.0463 -0.1278 5.3435, -1.0162 0.2638 5.2165, -1.0051 0.2165 5.2165, -1.02 0.2142 5.2274, -1.1539 0.5628 5.2165, -1.1359 0.541 5.2165, -1.1482 0.5323 5.2274, -1.4044 0.777 5.2165, -1.397 0.7737 5.2165, -1.4043 0.7605 5.2274, -1.559 0.8368 5.2165, -1.5043 0.8218 5.2165, -1.5094 0.8076 5.2274, -1.8876 0.855 5.2165, -1.8518 0.8619 5.2165, -1.8501 0.8469 5.2274, -2.194 0.7339 5.2165, -2.1811 0.7437 5.2165, -2.1729 0.731 5.2274, -2.4214 0.4949 5.2165, -2.3561 0.5877 5.2165, -2.3444 0.5781 5.2274, -2.4893 0.3438 5.2165, -2.4759 0.3863 5.2165, -2.4619 0.3806 5.2274, -2.5256 0.0165 5.2165, -2.5293 0.0405 5.2165, -2.5142 0.0417 5.2274, -2.4214 -0.2963 5.2165, -2.4237 -0.293 5.2165, -2.4107 -0.2853 5.2274, -2.3196 -0.4271 5.2165, -2.3561 -0.3892 5.2165, -2.3444 -0.3796 5.2274, -2.0474 -0.6122 5.2165, -2.0778 -0.6013 5.2165, -2.0717 -0.5875 5.2274, -1.7223 -0.6665 5.2165, -1.7344 -0.6679 5.2165, -1.735 -0.6528 5.2274, -1.4044 -0.5785 5.2165, -1.5043 -0.6232 5.2165, -1.5094 -0.609 5.2274, -1.2681 -0.4843 5.2165, -1.2984 -0.5113 5.2165, -1.3075 -0.4993 5.2274, -1.0682 -0.2226 5.2165, -1.0758 -0.2414 5.2165, -1.0893 -0.2347 5.2274, -1.0319 -0.1323 5.2165, -1.2106 -0.4331 5.2165, -1.6176 -0.6544 5.2165, -1.9672 -0.641 5.2165, -2.2746 -0.4739 5.2165, -2.5113 -0.0756 5.2165, -2.5113 0.2742 5.2165, -2.2746 0.6724 5.2165, -1.9672 0.8396 5.2165, -1.6176 0.853 5.2165, -1.2106 0.6316 5.2165, -1.0319 0.3309 5.2165, -1.0051 -0.0179 5.2165, -1.0162 -0.0653 5.2165, -1.02 -0.0156 5.2274, -1.0463 -0.1278 5.2274, -1.032 -0.0137 5.2415, -1.0578 -0.1241 5.2415, -1.0404 -0.0125 5.2581, -1.0659 -0.1216 5.2581, -1.0447 -0.0118 5.2761, -1.0701 -0.1203 5.2761, -1.0447 -0.0118 5.2947, -1.0701 -0.1203 5.2947, -1.0404 -0.0125 5.3128, -1.0659 -0.1216 5.3128, -1.032 -0.0137 5.3294, -1.0578 -0.1241 5.3294, -1.02 -0.0156 5.3435, -1.1359 -0.3424 5.2165, -1.1539 -0.3643 5.2165, -1.1482 -0.3337 5.2274, -1.2215 -0.4226 5.2274, -1.1581 -0.3267 5.2415, -1.2303 -0.4142 5.2415, -1.1651 -0.3219 5.2581, -1.2364 -0.4083 5.2581, -1.1686 -0.3193 5.2761, -1.2395 -0.4053 5.2761, -1.1686 -0.3193 5.2947, -1.2395 -0.4053 5.2947, -1.1651 -0.3219 5.3128, -1.2364 -0.4083 5.3128, -1.1581 -0.3267 5.3294, -1.2303 -0.4142 5.3294, -1.1482 -0.3337 5.3435, -1.559 -0.6383 5.2165, -1.6205 -0.6396 5.2274, -1.5135 -0.5976 5.2415, -1.6228 -0.6277 5.2415, -1.5164 -0.5896 5.2581, -1.6244 -0.6193 5.2581, -1.5178 -0.5855 5.2761, -1.6253 -0.6151 5.2761, -1.5178 -0.5855 5.2947, -1.6253 -0.6151 5.2947, -1.5164 -0.5896 5.3128, -1.6244 -0.6193 5.3128, -1.5135 -0.5976 5.3294, -1.6228 -0.6277 5.3294, -1.5094 -0.609 5.3435, -1.8518 -0.6634 5.2165, -1.8876 -0.6564 5.2165, -1.8501 -0.6484 5.2274, -1.9632 -0.6264 5.2274, -1.8487 -0.6363 5.2415, -1.96 -0.6147 5.2415, -1.8477 -0.6279 5.2581, -1.9578 -0.6066 5.2581, -1.8472 -0.6236 5.2761, -1.9566 -0.6024 5.2761, -1.8472 -0.6236 5.2947, -1.9566 -0.6024 5.2947, -1.8477 -0.6279 5.3128, -1.9578 -0.6066 5.3128, -1.8487 -0.6363 5.3294, -1.96 -0.6147 5.3294, -1.8501 -0.6484 5.3435, -2.1811 -0.5451 5.2165, -2.194 -0.5353 5.2165, -2.1729 -0.5324 5.2274, -2.2645 -0.4626 5.2274, -2.1663 -0.5223 5.2415, -2.2565 -0.4535 5.2415, -2.1617 -0.5151 5.2581, -2.2508 -0.4472 5.2581, -2.1593 -0.5115 5.2761, -2.2479 -0.4439 5.2761, -2.1593 -0.5115 5.2947, -2.2479 -0.4439 5.2947, -2.1617 -0.5151 5.3128, -2.2508 -0.4472 5.3128, -2.1663 -0.5223 5.3294, -2.2565 -0.4535 5.3294, -2.1729 -0.5324 5.3435, -2.4759 -0.1877 5.2165, -2.4893 -0.1452 5.2165, -2.4619 -0.1821 5.2274, -2.4966 -0.0722 5.2274, -2.4506 -0.1775 5.2415, -2.4848 -0.0694 5.2415, -2.4427 -0.1744 5.2581, -2.4766 -0.0675 5.2581, -2.4387 -0.1727 5.2761, -2.4723 -0.0665 5.2761, -2.4387 -0.1727 5.2947, -2.4723 -0.0665 5.2947, -2.4427 -0.1744 5.3128, -2.4766 -0.0675 5.3128, -2.4506 -0.1775 5.3294, -2.4848 -0.0694 5.3294, -2.4619 -0.1821 5.3435, -2.5293 0.1581 5.2165, -2.5256 0.1821 5.2165, -2.5142 0.1569 5.2274, -2.4966 0.2708 5.2274, -2.5021 0.156 5.2415, -2.4848 0.268 5.2415, -2.4937 0.1553 5.2581, -2.4766 0.2661 5.2581, -2.4893 0.155 5.2761, -2.4723 0.2651 5.2761, -2.4893 0.155 5.2947, -2.4723 0.2651 5.2947, -2.4937 0.1553 5.3128, -2.4766 0.2661 5.3128, -2.5021 0.156 5.3294, -2.4848 0.268 5.3294, -2.5142 0.1569 5.3435, -2.3196 0.6257 5.2165, -2.2645 0.6612 5.2274, -2.3351 0.5704 5.2415, -2.2565 0.6521 5.2415, -2.3285 0.565 5.2581, -2.2508 0.6458 5.2581, -2.3252 0.5622 5.2761, -2.2479 0.6425 5.2761, -2.3252 0.5622 5.2947, -2.2479 0.6425 5.2947, -2.3285 0.565 5.3128, -2.2508 0.6458 5.3128, -2.3351 0.5704 5.3294, -2.2565 0.6521 5.3294, -2.3444 0.5781 5.3435, -2.0778 0.7998 5.2165, -2.0474 0.8108 5.2165, -2.0717 0.7861 5.2274, -1.9632 0.825 5.2274, -2.0667 0.775 5.2415, -1.96 0.8133 5.2415, -2.0632 0.7672 5.2581, -1.9578 0.8051 5.2581, -2.0615 0.7633 5.2761, -1.9566 0.8009 5.2761, -2.0615 0.7633 5.2947, -1.9566 0.8009 5.2947, -2.0632 0.7672 5.3128, -1.9578 0.8051 5.3128, -2.0667 0.775 5.3294, -1.96 0.8133 5.3294, -2.0717 0.7861 5.3435, -1.7344 0.8664 5.2165, -1.7223 0.865 5.2165, -1.735 0.8514 5.2274, -1.6205 0.8381 5.2274, -1.7354 0.8392 5.2415, -1.6228 0.8262 5.2415, -1.7358 0.8308 5.2581, -1.6244 0.8179 5.2581, -1.7359 0.8264 5.2761, -1.6253 0.8136 5.2761, -1.7359 0.8264 5.2947, -1.6253 0.8136 5.2947, -1.7358 0.8308 5.3128, -1.6244 0.8179 5.3128, -1.7354 0.8392 5.3294, -1.6228 0.8262 5.3294, -1.735 0.8514 5.3435, -1.2984 0.7098 5.2165, -1.2681 0.6829 5.2165, -1.3075 0.6978 5.2274, -1.2215 0.6212 5.2274, -1.3149 0.6882 5.2415, -1.2303 0.6128 5.2415, -1.32 0.6814 5.2581, -1.2364 0.6069 5.2581, -1.3227 0.678 5.2761, -1.2395 0.6039 5.2761, -1.3227 0.678 5.2947, -1.2395 0.6039 5.2947, -1.32 0.6814 5.3128, -1.2364 0.6069 5.3128, -1.3149 0.6882 5.3294, -1.2303 0.6128 5.3294, -1.3075 0.6978 5.3435, -1.0758 0.4399 5.2165, -1.0682 0.4212 5.2165, -1.0893 0.4332 5.2274, -1.0463 0.3264 5.2274, -1.1002 0.4279 5.2415, -1.0578 0.3227 5.2415, -1.1078 0.4241 5.2581, -1.0659 0.3201 5.2581, -1.1117 0.4222 5.2761, -1.0701 0.3188 5.2761, -1.1117 0.4222 5.2947, -1.0701 0.3188 5.2947, -1.1078 0.4241 5.3128, -1.0659 0.3201 5.3128, -1.1002 0.4279 5.3294, -1.0578 0.3227 5.3294, -1.0893 0.4332 5.3435, -0.9961 0.0993 5.2165, -1.0112 0.0993 5.2274, -1.0233 0.0993 5.2415, -1.0318 0.0993 5.2581, -1.0362 0.0993 5.2761, -1.0362 0.0993 5.2947, -1.0318 0.0993 5.3128, -1.0233 0.0993 5.3294, -1.0112 0.0993 5.3435, -1.0893 -0.2347 5.3435, -1.1002 -0.2293 5.3294, -1.1078 -0.2255 5.3128, -1.1117 -0.2236 5.2947, -1.1117 -0.2236 5.2761, -1.1078 -0.2255 5.2581, -1.1002 -0.2293 5.2415, -1.3075 -0.4993 5.3435, -1.3149 -0.4896 5.3294, -1.32 -0.4829 5.3128, -1.3227 -0.4794 5.2947, -1.3227 -0.4794 5.2761, -1.32 -0.4829 5.2581, -1.3149 -0.4896 5.2415, -1.397 -0.5752 5.2165, -1.4043 -0.5619 5.2274, -1.4101 -0.5512 5.2415, -1.4141 -0.5438 5.2581, -1.4162 -0.54 5.2761, -1.4162 -0.54 5.2947, -1.4141 -0.5438 5.3128, -1.4101 -0.5512 5.3294, -1.735 -0.6528 5.3435, -1.7354 -0.6407 5.3294, -1.7358 -0.6322 5.3128, -1.7359 -0.6278 5.2947, -1.7359 -0.6278 5.2761, -1.7358 -0.6322 5.2581, -1.7354 -0.6407 5.2415, -2.0717 -0.5875 5.3435, -2.0667 -0.5764 5.3294, -2.0632 -0.5687 5.3128, -2.0615 -0.5647 5.2947, -2.0615 -0.5647 5.2761, -2.0632 -0.5687 5.2581, -2.0667 -0.5764 5.2415, -2.3351 -0.3718 5.3294, -2.3285 -0.3664 5.3128, -2.3252 -0.3637 5.2947, -2.3252 -0.3637 5.2761, -2.3285 -0.3664 5.2581, -2.3351 -0.3718 5.2415, -2.4107 -0.2853 5.3435, -2.4003 -0.2791 5.3294, -2.393 -0.2748 5.3128, -2.3893 -0.2726 5.2947, -2.3893 -0.2726 5.2761, -2.393 -0.2748 5.2581, -2.4003 -0.2791 5.2415, -2.5142 0.0417 5.3435, -2.5021 0.0426 5.3294, -2.4937 0.0433 5.3128, -2.4893 0.0436 5.2947, -2.4893 0.0436 5.2761, -2.4937 0.0433 5.2581, -2.5021 0.0426 5.2415, -2.4619 0.3806 5.3435, -2.4506 0.3761 5.3294, -2.4427 0.3729 5.3128, -2.4387 0.3713 5.2947, -2.4387 0.3713 5.2761, -2.4427 0.3729 5.2581, -2.4506 0.3761 5.2415, -2.4237 0.4916 5.2165, -2.4107 0.4839 5.2274, -2.4003 0.4777 5.2415, -2.393 0.4734 5.2581, -2.3893 0.4711 5.2761, -2.3893 0.4711 5.2947, -2.393 0.4734 5.3128, -2.4003 0.4777 5.3294, -2.1729 0.731 5.3435, -2.1663 0.7208 5.3294, -2.1617 0.7137 5.3128, -2.1593 0.71 5.2947, -2.1593 0.71 5.2761, -2.1617 0.7137 5.2581, -2.1663 0.7208 5.2415, -1.8501 0.8469 5.3435, -1.8487 0.8349 5.3294, -1.8477 0.8265 5.3128, -1.8472 0.8221 5.2947, -1.8472 0.8221 5.2761, -1.8477 0.8265 5.2581, -1.8487 0.8349 5.2415, -1.5135 0.7962 5.3294, -1.5164 0.7882 5.3128, -1.5178 0.7841 5.2947, -1.5178 0.7841 5.2761, -1.5164 0.7882 5.2581, -1.5135 0.7962 5.2415, -1.4043 0.7605 5.3435, -1.4101 0.7498 5.3294, -1.4141 0.7424 5.3128, -1.4162 0.7385 5.2947, -1.4162 0.7385 5.2761, -1.4141 0.7424 5.2581, -1.4101 0.7498 5.2415, -1.1482 0.5323 5.3435, -1.1581 0.5253 5.3294, -1.1651 0.5204 5.3128, -1.1686 0.5179 5.2947, -1.1686 0.5179 5.2761, -1.1651 0.5204 5.2581, -1.1581 0.5253 5.2415, -1.02 0.2142 5.3435, -1.032 0.2123 5.3294, -1.0404 0.211 5.3128, -1.0447 0.2104 5.2947, -1.0447 0.2104 5.2761, -1.0404 0.211 5.2581, -1.032 0.2123 5.2415, -1.014 0.2643 4.4095, -0.9961 0.0993 4.4095, -1.067 0.4216 4.4095, -1.1526 0.5639 4.4095, -1.2668 0.6844 4.4095, -1.4042 0.7776 4.4095, -1.5584 0.839 4.4095, -1.7222 0.8659 4.4095, -1.888 0.8569 4.4095, -2.048 0.8125 4.4095, -2.1946 0.7347 4.4095, -2.3212 0.6272 4.4095, -2.4216 0.4951 4.4095, -2.4913 0.3444 4.4095, -2.527 0.1823 4.4095, -2.527 0.0163 4.4095, -2.4913 -0.1458 4.4095, -2.4216 -0.2965 4.4095, -2.3212 -0.4287 4.4095, -2.1946 -0.5361 4.4095, -2.048 -0.6139 4.4095, -1.888 -0.6583 4.4095, -1.7222 -0.6673 4.4095, -1.5584 -0.6404 4.4095, -1.4042 -0.579 4.4095, -1.2668 -0.4858 4.4095, -1.1526 -0.3653 4.4095, -1.067 -0.2231 4.4095, -1.014 -0.0658 4.4095, -1.4297 -0.2348 4.4095, -1.3547 -0.1369 4.4095, -1.3075 -0.023 4.4095, -1.2914 0.0993 4.4095, -1.3075 0.2216 4.4095, -1.3547 0.3355 4.4095, -2.0 -0.3099 4.4095, -1.8861 -0.3571 4.4095, -1.7638 -0.3732 4.4095, -1.6415 -0.3571 4.4095, -1.5276 -0.3099 4.4095, -2.2362 0.0993 4.4095, -2.2201 -0.023 4.4095, -2.1729 -0.1369 4.4095, -2.0979 -0.2348 4.4095, -1.4297 0.4334 4.4095, -1.5276 0.5084 4.4095, -1.6415 0.5556 4.4095, -1.7638 0.5717 4.4095, -1.8861 0.5556 4.4095, -2.0 0.5084 4.4095, -2.0979 0.4334 4.4095, -2.1729 0.3355 4.4095, -2.2201 0.2216 4.4095, -1.2914 1.6929 2.0472, -2.2362 1.6929 2.0472, -1.2914 1.6929 0.8661, -2.2362 1.6929 0.8661, 3.2362 0.2892 0.7871, 3.2362 0.2892 0.7237, 3.2362 0.4434 0.7237, 3.2362 0.2892 1.0411, 3.2362 0.2892 0.9942, 3.2362 0.4434 0.9942, 3.2362 0.819 0.9302, 3.2362 0.819 0.8789, 3.2362 0.8489 0.8789, 3.2362 0.6284 0.7879, 3.2362 0.6215 0.7871, 3.2362 0.6617 0.7871, 3.2362 0.6184 1.1842, 3.2362 0.6184 1.133, 3.2362 0.6617 1.133, 3.2362 0.5044 1.2025, 3.2362 0.5167 1.204, 3.2362 0.453 1.204, 3.2362 0.5458 1.0421, 3.2362 0.5355 1.0411, 3.2362 0.5885 1.0411, 3.2362 1.8737 2.8514, 3.2362 1.4219 5.5512, 3.2362 0.8995 5.5512, 3.2362 2.0278 2.8191, 3.2362 1.9797 2.8426, 3.2362 1.7402 2.5591, 3.2362 1.9272 2.8536, 3.2362 1.5668 2.5591, 3.2362 2.1193 2.691, 3.2362 2.0999 2.7409, 3.2362 2.0687 2.7845, 3.2362 1.7402 0.0, 3.2362 2.126 0.0, 3.2362 1.7402 0.7237, 3.2362 2.126 0.7237, 3.2362 1.7402 0.7871, 3.2362 2.126 0.7871, 3.2362 1.7402 0.9942, 3.2362 2.126 0.9942, 3.2362 1.7402 1.0411, 3.2362 2.126 1.0411, 3.2362 1.7402 1.204, 3.2362 2.126 1.204, 3.2362 2.126 2.6378, 3.2362 0.9583 1.0863, 3.2362 0.8995 1.0863, 3.2362 0.9746 1.0425, 3.2362 0.8995 1.0411, 3.2362 0.9975 1.0425, 3.2362 0.8995 1.204, 3.2362 1.5668 1.204, 3.2362 0.9365 1.2026, 3.2362 1.5668 1.0411, 3.2362 1.5668 0.9942, 3.2362 0.9147 0.9486, 3.2362 0.8995 0.9942, 3.2362 0.9147 0.7884, 3.2362 0.8995 0.7871, 3.2362 0.9587 0.7884, 3.2362 1.198 0.7884, 3.2362 1.1752 0.7884, 3.2362 1.1588 0.8322, 3.2362 1.0922 0.8322, 3.2362 1.0768 0.7884, 3.2362 1.0539 0.7884, 3.2362 1.5668 0.7871, 3.2362 1.137 0.9486, 3.2362 1.1149 0.9486, 3.2362 1.0328 0.8251, 3.2362 1.0209 0.8109, 3.2362 1.0043 0.799, 3.2362 0.9861 0.7918, 3.2362 1.0209 0.9274, 3.2362 1.0264 0.922, 3.2362 1.0364 0.908, 3.2362 1.0423 0.8928, 3.2362 0.9603 0.9486, 3.2362 0.9848 0.9459, 3.2362 1.0041 0.9388, 3.2362 1.045 0.8706, 3.2362 1.0446 0.8604, 3.2362 1.0407 0.8416, 3.2362 1.5668 0.7237, 3.2362 1.5668 0.0, 3.2362 0.8995 0.7237, 3.2362 0.2892 0.0, 3.2362 -0.2282 0.7161, 3.2362 -0.2557 0.7127, 3.2362 -1.0944 0.0, 3.2362 -0.2601 0.7128, 3.2362 -0.287 0.717, 3.2362 -1.0944 0.7237, 3.2362 -0.3028 0.7237, 3.2362 -0.3133 0.7281, 3.2362 -0.3356 0.7449, 3.2362 -0.3525 0.7658, 3.2362 -1.0944 0.7871, 3.2362 -0.3624 0.7871, 3.2362 -0.3639 0.7902, 3.2362 -0.3835 0.7964, 3.2362 -0.424 0.8176, 3.2362 -0.4549 0.8448, 3.2362 -0.4592 0.8497, 3.2362 -0.4833 0.8864, 3.2362 -0.4984 0.9291, 3.2362 -1.0944 0.9942, 3.2362 -0.5028 0.9689, 3.2362 -0.5023 0.9823, 3.2362 -0.4999 0.9942, 3.2362 -1.0944 1.0411, 3.2362 -0.4493 1.0987, 3.2362 -0.4391 1.1082, 3.2362 -1.0944 1.204, 3.2362 -0.4009 1.1338, 3.2362 -0.3584 1.149, 3.2362 -0.4934 1.0272, 3.2362 -0.4867 1.0411, 3.2362 -0.4742 1.0676, 3.2362 -0.3183 1.1534, 3.2362 -0.242 1.2012, 3.2362 -0.2688 1.1783, 3.2362 -0.3052 1.1527, 3.2362 -0.2921 1.1511, 3.2362 -1.2678 2.5591, 3.2362 -1.2947 5.2421, 3.2362 -1.2947 1.204, 3.2362 -0.0585 1.2407, 3.2362 -0.0013 1.2205, 3.2362 0.2892 5.5512, 3.2362 -1.0944 2.5591, 3.2362 -1.2233 5.5512, 3.2362 -0.1054 1.2456, 3.2362 -0.2375 1.204, 3.2362 -0.2144 1.2183, 3.2362 -0.1619 1.2386, 3.2362 -1.2947 0.0, 3.2362 -1.2678 0.0, 3.2362 -1.2947 0.7237, 3.2362 -1.2678 0.7237, 3.2362 -1.2947 0.7871, 3.2362 -1.2678 0.7871, 3.2362 -1.2947 0.9942, 3.2362 -1.2678 0.9942, 3.2362 -1.2947 1.0411, 3.2362 -1.2678 1.0411, 3.2362 -1.2678 1.204, 3.2362 0.7559 0.9028, 3.2362 0.7767 0.9028, 3.2362 0.7875 0.9942, 3.2362 0.7192 0.8169, 3.2362 0.7217 0.8074, 3.2362 0.7222 0.8074, 3.2362 0.699 0.9942, 3.2362 0.699 0.875, 3.2362 0.7246 0.8167, 3.2362 0.7231 0.8114, 3.2362 0.699 0.7871, 3.2362 0.699 0.8211, 3.2362 0.6669 0.9028, 3.2362 0.6617 0.9942, 3.2362 0.6893 0.9028, 3.2362 0.7117 0.7887, 3.2362 0.7111 0.7871, 3.2362 0.7029 0.7679, 3.2362 0.6617 0.7237, 3.2362 0.671 0.7362, 3.2362 0.671 0.7541, 3.2362 0.6824 0.7518, 3.2362 0.6862 0.7521, 3.2362 0.6906 0.7535, 3.2362 0.6944 0.7558, 3.2362 0.699 0.7382, 3.2362 0.6926 0.7356, 3.2362 0.699 0.7237, 3.2362 0.684 0.7346, 3.2362 0.6795 0.7347, 3.2362 0.6984 0.7598, 3.2362 0.699 0.7609, 3.2362 0.7248 0.7712, 3.2362 0.7156 0.7533, 3.2362 0.7875 0.7237, 3.2362 0.7073 0.7437, 3.2362 0.7005 0.7388, 3.2362 0.5146 0.7897, 3.2362 0.5072 0.7871, 3.2362 0.532 0.7884, 3.2362 0.4682 0.8429, 3.2362 0.4713 0.8753, 3.2362 0.4642 0.8372, 3.2362 0.4614 0.8301, 3.2362 0.5219 0.7945, 3.2362 0.453 0.7871, 3.2362 0.4637 0.8029, 3.2362 0.4612 0.8096, 3.2362 0.5157 0.8884, 3.2362 0.5088 0.8891, 3.2362 0.4981 0.8564, 3.2362 0.4743 0.8483, 3.2362 0.4828 0.8526, 3.2362 0.4852 0.884, 3.2362 0.4977 0.8881, 3.2362 0.4766 0.7901, 3.2362 0.4699 0.7947, 3.2362 0.4679 0.7968, 3.2362 0.5883 0.8504, 3.2362 0.5792 0.8132, 3.2362 0.5885 0.8503, 3.2362 0.5864 0.8087, 3.2362 0.5885 0.8078, 3.2362 0.4902 0.9029, 3.2362 0.453 0.9942, 3.2362 0.4753 0.8971, 3.2362 0.4713 0.8948, 3.2362 0.532 0.8061, 3.2362 0.5314 0.8061, 3.2362 0.5283 0.8013, 3.2362 0.5377 0.8981, 3.2362 0.5431 0.893, 3.2362 0.5822 0.8849, 3.2362 0.4601 0.8191, 3.2362 0.4602 0.8214, 3.2362 0.532 0.8611, 3.2362 0.5313 0.8699, 3.2362 0.5292 0.8771, 3.2362 0.5269 0.8812, 3.2362 0.5472 0.8866, 3.2362 0.5504 0.8775, 3.2362 0.58 0.8784, 3.2362 0.5107 0.9054, 3.2362 0.5225 0.9044, 3.2362 0.531 0.9018, 3.2362 0.5238 0.8845, 3.2362 0.5203 0.8868, 3.2362 0.585 0.8539, 3.2362 0.5828 0.8573, 3.2362 0.552 0.862, 3.2362 0.5804 0.8633, 3.2362 0.5793 0.872, 3.2362 0.5065 0.7868, 3.2362 0.5885 0.7237, 3.2362 0.453 0.7237, 3.2362 0.4964 0.7857, 3.2362 0.4848 0.7871, 3.2362 0.4843 0.7872, 3.2362 0.5489 1.2036, 3.2362 0.5657 1.1988, 3.2362 0.5885 1.204, 3.2362 0.5657 1.1772, 3.2362 0.563 1.0478, 3.2362 0.5319 1.0585, 3.2362 0.55 1.0619, 3.2362 0.5657 1.0689, 3.2362 0.5657 1.0491, 3.2362 0.5477 1.1843, 3.2362 0.5279 1.1867, 3.2362 0.4675 1.1208, 3.2362 0.4754 1.0859, 3.2362 0.4832 1.0751, 3.2362 0.4863 1.072, 3.2362 0.4968 1.0646, 3.2362 0.5082 1.0602, 3.2362 0.5243 1.0582, 3.2362 0.4843 1.1689, 3.2362 0.4756 1.1568, 3.2362 0.4952 1.1779, 3.2362 0.5078 1.1837, 3.2362 0.5217 1.1864, 3.2362 0.4702 1.143, 3.2362 0.5639 1.1781, 3.2362 0.4677 1.1149, 3.2362 0.4702 1.0988, 3.2362 0.5277 1.2053, 3.2362 0.453 5.5512, 3.2362 0.5885 5.5512, 3.2362 0.528 1.2053, 3.2362 0.5448 1.204, 3.2362 0.4573 1.1666, 3.2362 0.4689 1.1817, 3.2362 0.4728 1.1854, 3.2362 0.4877 1.196, 3.2362 0.4434 1.204, 3.2362 0.4497 1.1488, 3.2362 0.453 1.1564, 3.2362 0.453 1.0832, 3.2362 0.449 1.0932, 3.2362 0.4434 1.0411, 3.2362 0.4458 1.1195, 3.2362 0.4461 1.1279, 3.2362 0.4792 1.0509, 3.2362 0.4663 1.0616, 3.2362 0.453 1.0411, 3.2362 0.4556 1.0766, 3.2362 0.5214 1.0398, 3.2362 0.5117 1.0402, 3.2362 0.5073 1.0411, 3.2362 0.4943 1.0438, 3.2362 0.5857 0.8904, 3.2362 0.5885 0.9942, 3.2362 0.6617 1.204, 3.2362 0.6617 1.2026, 3.2362 0.6802 1.2026, 3.2362 0.699 1.204, 3.2362 0.6802 1.1842, 3.2362 0.699 1.0411, 3.2362 0.6184 1.0607, 3.2362 0.6617 1.0607, 3.2362 0.6184 1.1146, 3.2362 0.6617 1.1146, 3.2362 0.6757 1.1146, 3.2362 0.6757 1.133, 3.2362 0.6617 1.1842, 3.2362 0.6839 1.0607, 3.2362 0.6839 1.0425, 3.2362 0.6617 1.0411, 3.2362 0.6617 1.0425, 3.2362 0.5977 1.0425, 3.2362 0.5977 1.2026, 3.2362 0.7875 1.0411, 3.2362 0.7856 1.0459, 3.2362 0.7582 1.0425, 3.2362 0.7598 1.2026, 3.2362 0.7875 1.204, 3.2362 0.7141 1.0425, 3.2362 0.7141 1.2026, 3.2362 0.8402 1.0957, 3.2362 0.8323 1.0791, 3.2362 0.8489 1.0411, 3.2362 0.8259 1.176, 3.2362 0.8358 1.1621, 3.2362 0.8489 1.204, 3.2362 0.8203 1.0649, 3.2362 0.8038 1.053, 3.2362 0.7875 1.0466, 3.2362 0.8203 1.1814, 3.2362 0.7842 1.1999, 3.2362 0.7875 1.1987, 3.2362 0.8036 1.1929, 3.2362 0.8418 1.1468, 3.2362 0.8445 1.1246, 3.2362 0.844 1.1144, 3.2362 0.8916 1.0863, 3.2362 0.8762 1.0425, 3.2362 0.8534 1.0425, 3.2362 0.8995 1.1637, 3.2362 0.9144 1.2026, 3.2362 0.5792 0.7925, 3.2362 0.552 0.7884, 3.2362 0.5885 0.7892, 3.2362 0.5885 0.7871, 3.2362 0.5933 0.7875, 3.2362 0.5973 0.7871, 3.2362 0.6102 0.7857, 3.2362 0.6751 0.7527, 3.2362 0.6497 0.8385, 3.2362 0.6535 0.833, 3.2362 0.651 0.8809, 3.2362 0.5885 0.8929, 3.2362 0.5922 0.8963, 3.2362 0.5971 0.8994, 3.2362 0.6078 0.9035, 3.2362 0.6239 0.9054, 3.2362 0.653 0.8052, 3.2362 0.6493 0.7999, 3.2362 0.6556 0.8271, 3.2362 0.6564 0.8196, 3.2362 0.6555 0.8115, 3.2362 0.651 0.9004, 3.2362 0.6379 0.9042, 3.2362 0.6435 0.7948, 3.2362 0.639 0.792, 3.2362 0.6219 0.8891, 3.2362 0.616 0.8887, 3.2362 0.6 0.8738, 3.2362 0.6106 0.8873, 3.2362 0.6061 0.8849, 3.2362 0.6002 0.8711, 3.2362 0.601 0.868, 3.2362 0.6024 0.8653, 3.2362 0.6044 0.8631, 3.2362 0.6114 0.8587, 3.2362 0.6359 0.8874, 3.2362 0.6239 0.8533, 3.2362 0.6473 0.883, 3.2362 0.6316 0.8501, 3.2362 0.6449 0.8427, 3.2362 0.6031 0.8822, 3.2362 0.6013 0.8797, 3.2362 0.6004 0.877, 3.2362 0.599 0.8037, 3.2362 0.6097 0.8387, 3.2362 0.5977 0.8442, 3.2362 0.6122 0.8021, 3.2362 0.6131 0.8021, 3.2362 0.6229 0.8332, 3.2362 0.6234 0.8033, 3.2362 0.6359 0.8176, 3.2362 0.6357 0.8201, 3.2362 0.6285 0.8052, 3.2362 0.6304 0.8063, 3.2362 0.6327 0.8083, 3.2362 0.6344 0.8109, 3.2362 0.6354 0.8138, 3.2362 0.6347 0.8232, 3.2362 0.6332 0.8259, 3.2362 0.6307 0.8285, 3.2362 0.8808 0.9486, 3.2362 0.8808 0.9302, 3.2362 0.8844 0.8067, 3.2362 0.8844 0.7884, 3.2362 0.8489 0.7871, 3.2362 0.819 0.8067, 3.2362 0.8489 0.8067, 3.2362 0.819 0.8606, 3.2362 0.8489 0.8606, 3.2362 0.8762 0.8606, 3.2362 0.8762 0.8789, 3.2362 0.8489 0.9302, 3.2362 0.8489 0.7884, 3.2362 0.7983 0.7884, 3.2362 0.7875 0.7871, 3.2362 0.7983 0.9486, 3.2362 0.8489 0.9486, 3.2362 0.8489 0.9942, 3.2362 0.731 0.7871, 3.2362 0.1514 1.0771, 3.2362 0.1821 1.0507, 3.2362 0.2892 1.204, 3.2362 0.0233 1.204, 3.2362 0.0494 1.1864, 3.2362 0.0866 1.1435, 3.2362 0.1109 1.0964, 3.2362 0.1177 1.0941, 3.2362 -0.149 0.7871, 3.2362 -0.1491 0.7868, 3.2362 -0.1625 0.7614, 3.2362 -0.1801 0.7416, 3.2362 -0.2028 0.7259, 3.2362 -0.2085 0.7237, 3.2362 0.1815 0.8391, 3.2362 0.1492 0.812, 3.2362 0.2033 0.8692, 3.2362 -0.1703 0.9029, 3.2362 -0.0177 0.9826, 3.2362 -0.1902 0.921, 3.2362 -0.2143 0.9339, 3.2362 0.1525 0.956, 3.2362 0.1472 0.9779, 3.2362 0.1384 0.9942, 3.2362 -0.4282 0.9942, 3.2362 0.0046 0.8575, 3.2362 0.0176 0.9222, 3.2362 -0.0032 0.8545, 3.2362 -0.0103 0.8496, 3.2362 0.0051 0.7887, 3.2362 -0.0024 0.7915, 3.2362 -0.01 0.7966, 3.2362 -0.0134 0.8, 3.2362 -0.4216 0.9259, 3.2362 -0.4079 0.9027, 3.2362 -0.3501 0.891, 3.2362 -0.3875 0.8817, 3.2362 -0.3627 0.8664, 3.2362 -0.308 0.9287, 3.2362 -0.3313 0.9125, 3.2362 -0.431 0.9712, 3.2362 -0.4297 0.9538, 3.2362 0.2187 0.9833, 3.2362 0.2236 0.9473, 3.2362 0.2236 0.9423, 3.2362 0.218 0.905, 3.2362 0.1143 0.7954, 3.2362 0.0779 0.7879, 3.2362 0.0107 0.7879, 3.2362 -0.2828 0.9383, 3.2362 -0.2557 0.9416, 3.2362 -0.2418 0.9408, 3.2362 0.013 0.8585, 3.2362 0.0141 0.8584, 3.2362 0.0175 0.8576, 3.2362 -0.0223 0.8232, 3.2362 -0.0222 0.8263, 3.2362 -0.1418 0.838, 3.2362 -0.0202 0.835, 3.2362 -0.0161 0.843, 3.2362 -0.0183 0.8072, 3.2362 -0.0213 0.815, 3.2362 -0.1424 0.8149, 3.2362 -0.1418 0.8266, 3.2362 0.13 0.886, 3.2362 0.1425 0.9037, 3.2362 0.1503 0.924, 3.2362 0.153 0.9461, 3.2362 0.0198 0.8573, 3.2362 0.0711 0.8573, 3.2362 0.0914 0.8612, 3.2362 0.1115 0.8705, 3.2362 0.1284 0.8842, 3.2362 0.0551 1.035, 3.2362 -0.4179 1.0241, 3.2362 -0.4277 0.9987, 3.2362 0.0642 1.035, 3.2362 0.1366 0.9975, 3.2362 0.1234 1.0123, 3.2362 0.1057 1.0247, 3.2362 0.0859 1.0323, 3.2362 -0.4061 1.0411, 3.2362 -0.2568 1.068, 3.2362 -0.2652 1.0725, 3.2362 0.0337 1.0983, 3.2362 0.0091 1.13, 3.2362 0.0006 1.1379, 3.2362 -0.0316 1.1597, 3.2362 -0.0675 1.173, 3.2362 -0.2907 1.0818, 3.2362 -0.3172 1.0851, 3.2362 -0.3289 1.0845, 3.2362 0.0539 1.0411, 3.2362 0.0499 1.061, 3.2362 -0.1043 1.1773, 3.2362 -0.1089 1.1772, 3.2362 -0.2407 1.1021, 3.2362 -0.1468 1.1717, 3.2362 -0.2156 1.1329, 3.2362 -0.184 1.1564, 3.2362 -0.357 1.0778, 3.2362 -0.3824 1.0644, 3.2362 -0.4021 1.0468, 3.2362 0.1889 1.0411, 3.2362 0.2051 1.0182, 3.2362 0.2145 0.9942, 3.2362 -2.0866 0.0, 3.2362 -2.0866 0.7237, 3.2362 -2.0866 0.7871, 3.2362 -2.0866 0.9942, 3.2362 -2.0866 1.0411, 3.2362 -2.0866 1.204, 3.2362 -2.0866 1.8119, 3.2362 0.3755 1.2026, 3.2362 0.3755 1.0607, 3.2362 0.4392 1.0607, 3.2362 0.4392 1.0425, 3.2362 0.3548 1.0425, 3.2362 0.3548 1.2026, 3.2362 0.4373 0.9302, 3.2362 0.4434 0.7871, 3.2362 0.4409 0.8067, 3.2362 0.4409 0.7884, 3.2362 0.3548 0.7884, 3.2362 0.3755 0.8606, 3.2362 0.3755 0.8067, 3.2362 0.4327 0.8606, 3.2362 0.4327 0.8789, 3.2362 0.3755 0.8789, 3.2362 0.3755 0.9302, 3.2362 0.3548 0.9486, 3.2362 0.4373 0.9486, 3.2362 0.4434 5.5512, 3.2362 0.8489 5.5512, 3.2362 0.7875 5.5512, 3.2362 0.699 5.5512, 3.2362 0.6617 5.5512, 3.2362 0.8489 0.7237, 3.2362 0.8995 0.0, 3.2362 0.8489 0.0, 3.2362 0.7875 0.0, 3.2362 0.699 0.0, 3.2362 0.6617 0.0, 3.2362 0.5885 0.0, 3.2362 0.453 0.0, 3.2362 0.4434 0.0, 2.7283 -2.0866 1.0236, 1.7441 -2.0866 1.8119, 1.7441 -2.0866 1.0236, 2.7283 -2.0866 1.8119, 2.9486 -1.6142 1.0236, 2.9486 -1.6142 2.8346, 2.9486 -1.6142 3.8583, 1.5238 -1.6142 1.0236, 1.5238 -1.6142 2.8346, 1.5238 -1.6142 3.8583, 2.748 -1.1704 0.0, 2.748 -0.9145 0.0, 2.9842 -1.1704 0.0, 2.9842 -0.9145 0.0, 2.9842 1.1131 0.0, 3.0 1.4567 0.0, 3.0 -1.378 0.0, 2.9842 -1.8406 0.0, 3.0 -0.9843 0.0, 3.0 1.8504 0.0, 1.7244 1.1131 0.0, 1.7244 1.369 0.0, 2.748 1.369 0.0, 2.748 1.1131 0.0, 1.4882 1.1131 0.0, 1.4882 -0.9145 0.0, 1.7244 -0.9145 0.0, 1.7244 -1.1704 0.0, 1.4882 -1.1704 0.0, 1.4882 -1.8406 0.0, 2.748 -1.1704 2.4409, 2.9842 -1.1704 2.8346, 1.7244 -1.1704 2.4409, 1.4882 -1.1704 2.8346, 1.7244 1.1131 2.4409, 2.748 1.1131 2.4409, 2.9842 1.1131 5.1378, 1.4882 1.1131 5.1378, 2.748 -0.9145 2.4409, 1.7244 -0.9145 2.4409, 1.4882 -0.9145 5.1378, 2.9842 -0.9145 5.1378, 1.5618 2.126 2.5282, 2.9106 2.126 2.5282, 2.9106 2.126 0.7085, 1.5618 2.126 0.7085, 2.933 0.4216 5.5512, 2.986 0.2643 5.5512, 3.0039 0.0993 5.5512, 2.986 -0.0658 5.5512, 2.933 -0.2231 5.5512, 2.8474 -0.3653 5.5512, 2.7332 -0.4858 5.5512, 2.5958 -0.579 5.5512, 2.4416 -0.6404 5.5512, 2.2778 -0.6673 5.5512, 2.112 -0.6583 5.5512, 1.952 -0.6139 5.5512, 1.8054 -0.5361 5.5512, 1.6788 -0.4287 5.5512, 1.5784 -0.2965 5.5512, 1.5087 0.3444 5.5512, 1.5784 0.4951 5.5512, 1.6788 0.6272 5.5512, 1.8054 0.7347 5.5512, 2.4416 0.839 5.5512, 2.5958 0.7776 5.5512, 1.5087 -0.1458 5.5512, 1.473 0.0163 5.5512, 1.473 0.1823 5.5512, 1.952 0.8125 5.5512, 2.112 0.8569 5.5512, 2.2778 0.8659 5.5512, 2.7332 0.6844 5.5512, 2.8474 0.5639 5.5512, 1.4882 -1.8406 0.4724, 2.9842 -1.8406 0.4724, 1.4882 -1.6142 0.6988, 2.9842 -1.6142 0.6988, 1.4882 -1.6142 2.8346, 2.9842 -1.6142 2.8346, 1.4882 -0.7767 5.1378, 2.9842 -0.7767 5.1378, 1.4882 -0.7767 4.2126, 2.9842 -0.7767 4.2126, 1.7799 -0.023 4.2126, 1.7638 0.0993 4.2126, 1.4882 0.9753 4.2126, 2.4724 -0.3099 4.2126, 2.5703 -0.2348 4.2126, 2.6453 -0.1369 4.2126, 1.8271 -0.1369 4.2126, 1.9021 -0.2348 4.2126, 2.0 -0.3099 4.2126, 2.1139 -0.3571 4.2126, 2.2362 -0.3732 4.2126, 2.3585 -0.3571 4.2126, 2.6925 0.2216 4.2126, 2.9842 0.9753 4.2126, 2.7086 0.0993 4.2126, 2.6925 -0.023 4.2126, 2.6453 0.3355 4.2126, 2.5703 0.4334 4.2126, 2.4724 0.5084 4.2126, 2.3585 0.5556 4.2126, 2.2362 0.5717 4.2126, 2.1139 0.5556 4.2126, 2.0 0.5084 4.2126, 1.9021 0.4334 4.2126, 1.8271 0.3355 4.2126, 1.7799 0.2216 4.2126, 1.4882 0.9753 5.1378, 2.9842 0.9753 5.1378, 1.7244 1.369 2.4409, 2.748 1.369 2.4409, 2.7086 1.369 0.8661, 1.7638 1.369 0.8661, 1.7638 1.369 2.0472, 2.7086 1.369 2.0472, 2.9838 0.2638 5.3543, 2.9949 0.2165 5.3543, 2.9681 0.3309 5.3543, 2.9318 0.4212 5.3543, 2.9242 0.4399 5.3543, 2.8641 0.541 5.3543, 2.7894 0.6316 5.3543, 2.8461 0.5628 5.3543, 2.5956 0.777 5.3543, 2.603 0.7737 5.3543, 2.7016 0.7098 5.3543, 2.7319 0.6829 5.3543, 2.4957 0.8218 5.3543, 2.441 0.8368 5.3543, 2.3824 0.853 5.3543, 2.2777 0.865 5.3543, 2.2656 0.8664 5.3543, 2.1482 0.8619 5.3543, 2.0328 0.8396 5.3543, 2.1124 0.855 5.3543, 1.806 0.7339 5.3543, 1.8189 0.7437 5.3543, 1.9222 0.7998 5.3543, 1.9526 0.8108 5.3543, 1.7254 0.6724 5.3543, 1.6804 0.6257 5.3543, 1.6439 0.5877 5.3543, 1.5786 0.4949 5.3543, 1.5763 0.4916 5.3543, 1.5241 0.3863 5.3543, 1.4887 0.2742 5.3543, 1.5107 0.3438 5.3543, 1.4744 0.0165 5.3543, 1.4707 0.0405 5.3543, 1.4707 0.1581 5.3543, 1.4744 0.1821 5.3543, 1.4887 -0.0756 5.3543, 1.5107 -0.1452 5.3543, 1.5241 -0.1877 5.3543, 1.5763 -0.293 5.3543, 1.6439 -0.3892 5.3543, 1.5786 -0.2963 5.3543, 1.7254 -0.4739 5.3543, 1.6804 -0.4271 5.3543, 1.9526 -0.6122 5.3543, 1.9222 -0.6013 5.3543, 1.8189 -0.5451 5.3543, 1.806 -0.5353 5.3543, 2.0328 -0.641 5.3543, 2.1124 -0.6564 5.3543, 2.1482 -0.6634 5.3543, 2.2656 -0.6679 5.3543, 2.3824 -0.6544 5.3543, 2.2777 -0.6665 5.3543, 2.4957 -0.6232 5.3543, 2.441 -0.6383 5.3543, 2.7319 -0.4843 5.3543, 2.7016 -0.5113 5.3543, 2.603 -0.5752 5.3543, 2.5956 -0.5785 5.3543, 2.7894 -0.4331 5.3543, 2.8461 -0.3643 5.3543, 2.8641 -0.3424 5.3543, 2.9242 -0.2414 5.3543, 2.9681 -0.1323 5.3543, 2.9318 -0.2226 5.3543, 3.0039 0.0993 5.3543, 2.9949 -0.0179 5.3543, 2.9838 -0.0653 5.3543, 2.9537 0.3264 5.3435, 2.7785 0.6212 5.3435, 2.4906 0.8076 5.3435, 2.3795 0.8381 5.3435, 2.0368 0.825 5.3435, 1.7355 0.6612 5.3435, 1.5893 0.4839 5.3435, 1.5034 0.2708 5.3435, 1.5034 -0.0722 5.3435, 1.6556 -0.3796 5.3435, 1.7355 -0.4626 5.3435, 2.0368 -0.6264 5.3435, 2.3795 -0.6396 5.3435, 2.5957 -0.5619 5.3435, 2.7785 -0.4226 5.3435, 2.9537 -0.1278 5.3435, 2.9838 0.2638 5.2165, 2.9949 0.2165 5.2165, 2.98 0.2142 5.2274, 2.8461 0.5628 5.2165, 2.8641 0.541 5.2165, 2.8518 0.5323 5.2274, 2.5956 0.777 5.2165, 2.603 0.7737 5.2165, 2.5957 0.7605 5.2274, 2.441 0.8368 5.2165, 2.4957 0.8218 5.2165, 2.4906 0.8076 5.2274, 2.1124 0.855 5.2165, 2.1482 0.8619 5.2165, 2.1499 0.8469 5.2274, 1.806 0.7339 5.2165, 1.8189 0.7437 5.2165, 1.8271 0.731 5.2274, 1.5786 0.4949 5.2165, 1.6439 0.5877 5.2165, 1.6556 0.5781 5.2274, 1.5107 0.3438 5.2165, 1.5241 0.3863 5.2165, 1.5381 0.3806 5.2274, 1.4744 0.0165 5.2165, 1.4707 0.0405 5.2165, 1.4858 0.0417 5.2274, 1.5786 -0.2963 5.2165, 1.5763 -0.293 5.2165, 1.5893 -0.2853 5.2274, 1.6804 -0.4271 5.2165, 1.6439 -0.3892 5.2165, 1.6556 -0.3796 5.2274, 1.9526 -0.6122 5.2165, 1.9222 -0.6013 5.2165, 1.9283 -0.5875 5.2274, 2.2777 -0.6665 5.2165, 2.2656 -0.6679 5.2165, 2.265 -0.6528 5.2274, 2.5956 -0.5785 5.2165, 2.4957 -0.6232 5.2165, 2.4906 -0.609 5.2274, 2.7319 -0.4843 5.2165, 2.7016 -0.5113 5.2165, 2.6925 -0.4993 5.2274, 2.9318 -0.2226 5.2165, 2.9242 -0.2414 5.2165, 2.9107 -0.2347 5.2274, 2.9681 -0.1323 5.2165, 2.7894 -0.4331 5.2165, 2.3824 -0.6544 5.2165, 2.0328 -0.641 5.2165, 1.7254 -0.4739 5.2165, 1.4887 -0.0756 5.2165, 1.4887 0.2742 5.2165, 1.7254 0.6724 5.2165, 2.0328 0.8396 5.2165, 2.3824 0.853 5.2165, 2.7894 0.6316 5.2165, 2.9681 0.3309 5.2165, 2.9949 -0.0179 5.2165, 2.9838 -0.0653 5.2165, 2.98 -0.0156 5.2274, 2.9537 -0.1278 5.2274, 2.968 -0.0137 5.2415, 2.9422 -0.1241 5.2415, 2.9596 -0.0125 5.2581, 2.9341 -0.1216 5.2581, 2.9553 -0.0118 5.2761, 2.9299 -0.1203 5.2761, 2.9553 -0.0118 5.2947, 2.9299 -0.1203 5.2947, 2.9596 -0.0125 5.3128, 2.9341 -0.1216 5.3128, 2.968 -0.0137 5.3294, 2.9422 -0.1241 5.3294, 2.98 -0.0156 5.3435, 2.8641 -0.3424 5.2165, 2.8461 -0.3643 5.2165, 2.8518 -0.3337 5.2274, 2.7785 -0.4226 5.2274, 2.8419 -0.3267 5.2415, 2.7697 -0.4142 5.2415, 2.8349 -0.3219 5.2581, 2.7636 -0.4083 5.2581, 2.8314 -0.3193 5.2761, 2.7605 -0.4053 5.2761, 2.8314 -0.3193 5.2947, 2.7605 -0.4053 5.2947, 2.8349 -0.3219 5.3128, 2.7636 -0.4083 5.3128, 2.8419 -0.3267 5.3294, 2.7697 -0.4142 5.3294, 2.8518 -0.3337 5.3435, 2.441 -0.6383 5.2165, 2.3795 -0.6396 5.2274, 2.4865 -0.5976 5.2415, 2.3772 -0.6277 5.2415, 2.4836 -0.5896 5.2581, 2.3756 -0.6193 5.2581, 2.4822 -0.5855 5.2761, 2.3747 -0.6151 5.2761, 2.4822 -0.5855 5.2947, 2.3747 -0.6151 5.2947, 2.4836 -0.5896 5.3128, 2.3756 -0.6193 5.3128, 2.4865 -0.5976 5.3294, 2.3772 -0.6277 5.3294, 2.4906 -0.609 5.3435, 2.1482 -0.6634 5.2165, 2.1124 -0.6564 5.2165, 2.1499 -0.6484 5.2274, 2.0368 -0.6264 5.2274, 2.1513 -0.6363 5.2415, 2.04 -0.6147 5.2415, 2.1523 -0.6279 5.2581, 2.0422 -0.6066 5.2581, 2.1528 -0.6236 5.2761, 2.0434 -0.6024 5.2761, 2.1528 -0.6236 5.2947, 2.0434 -0.6024 5.2947, 2.1523 -0.6279 5.3128, 2.0422 -0.6066 5.3128, 2.1513 -0.6363 5.3294, 2.04 -0.6147 5.3294, 2.1499 -0.6484 5.3435, 1.8189 -0.5451 5.2165, 1.806 -0.5353 5.2165, 1.8271 -0.5324 5.2274, 1.7355 -0.4626 5.2274, 1.8337 -0.5223 5.2415, 1.7435 -0.4535 5.2415, 1.8383 -0.5151 5.2581, 1.7492 -0.4472 5.2581, 1.8407 -0.5115 5.2761, 1.7521 -0.4439 5.2761, 1.8407 -0.5115 5.2947, 1.7521 -0.4439 5.2947, 1.8383 -0.5151 5.3128, 1.7492 -0.4472 5.3128, 1.8337 -0.5223 5.3294, 1.7435 -0.4535 5.3294, 1.8271 -0.5324 5.3435, 1.5241 -0.1877 5.2165, 1.5107 -0.1452 5.2165, 1.5381 -0.1821 5.2274, 1.5034 -0.0722 5.2274, 1.5494 -0.1775 5.2415, 1.5152 -0.0694 5.2415, 1.5573 -0.1744 5.2581, 1.5234 -0.0675 5.2581, 1.5613 -0.1727 5.2761, 1.5277 -0.0665 5.2761, 1.5613 -0.1727 5.2947, 1.5277 -0.0665 5.2947, 1.5573 -0.1744 5.3128, 1.5234 -0.0675 5.3128, 1.5494 -0.1775 5.3294, 1.5152 -0.0694 5.3294, 1.5381 -0.1821 5.3435, 1.4707 0.1581 5.2165, 1.4744 0.1821 5.2165, 1.4858 0.1569 5.2274, 1.5034 0.2708 5.2274, 1.4979 0.156 5.2415, 1.5152 0.268 5.2415, 1.5063 0.1553 5.2581, 1.5234 0.2661 5.2581, 1.5107 0.155 5.2761, 1.5277 0.2651 5.2761, 1.5107 0.155 5.2947, 1.5277 0.2651 5.2947, 1.5063 0.1553 5.3128, 1.5234 0.2661 5.3128, 1.4979 0.156 5.3294, 1.5152 0.268 5.3294, 1.4858 0.1569 5.3435, 1.6804 0.6257 5.2165, 1.7355 0.6612 5.2274, 1.6649 0.5704 5.2415, 1.7435 0.6521 5.2415, 1.6715 0.565 5.2581, 1.7492 0.6458 5.2581, 1.6748 0.5622 5.2761, 1.7521 0.6425 5.2761, 1.6748 0.5622 5.2947, 1.7521 0.6425 5.2947, 1.6715 0.565 5.3128, 1.7492 0.6458 5.3128, 1.6649 0.5704 5.3294, 1.7435 0.6521 5.3294, 1.6556 0.5781 5.3435, 1.9222 0.7998 5.2165, 1.9526 0.8108 5.2165, 1.9283 0.7861 5.2274, 2.0368 0.825 5.2274, 1.9333 0.775 5.2415, 2.04 0.8133 5.2415, 1.9368 0.7672 5.2581, 2.0422 0.8051 5.2581, 1.9385 0.7633 5.2761, 2.0434 0.8009 5.2761, 1.9385 0.7633 5.2947, 2.0434 0.8009 5.2947, 1.9368 0.7672 5.3128, 2.0422 0.8051 5.3128, 1.9333 0.775 5.3294, 2.04 0.8133 5.3294, 1.9283 0.7861 5.3435, 2.2656 0.8664 5.2165, 2.2777 0.865 5.2165, 2.265 0.8514 5.2274, 2.3795 0.8381 5.2274, 2.2646 0.8392 5.2415, 2.3772 0.8262 5.2415, 2.2642 0.8308 5.2581, 2.3756 0.8179 5.2581, 2.2641 0.8264 5.2761, 2.3747 0.8136 5.2761, 2.2641 0.8264 5.2947, 2.3747 0.8136 5.2947, 2.2642 0.8308 5.3128, 2.3756 0.8179 5.3128, 2.2646 0.8392 5.3294, 2.3772 0.8262 5.3294, 2.265 0.8514 5.3435, 2.7016 0.7098 5.2165, 2.7319 0.6829 5.2165, 2.6925 0.6978 5.2274, 2.7785 0.6212 5.2274, 2.6851 0.6882 5.2415, 2.7697 0.6128 5.2415, 2.68 0.6814 5.2581, 2.7636 0.6069 5.2581, 2.6773 0.678 5.2761, 2.7605 0.6039 5.2761, 2.6773 0.678 5.2947, 2.7605 0.6039 5.2947, 2.68 0.6814 5.3128, 2.7636 0.6069 5.3128, 2.6851 0.6882 5.3294, 2.7697 0.6128 5.3294, 2.6925 0.6978 5.3435, 2.9242 0.4399 5.2165, 2.9318 0.4212 5.2165, 2.9107 0.4332 5.2274, 2.9537 0.3264 5.2274, 2.8998 0.4279 5.2415, 2.9422 0.3227 5.2415, 2.8922 0.4241 5.2581, 2.9341 0.3201 5.2581, 2.8883 0.4222 5.2761, 2.9299 0.3188 5.2761, 2.8883 0.4222 5.2947, 2.9299 0.3188 5.2947, 2.8922 0.4241 5.3128, 2.9341 0.3201 5.3128, 2.8998 0.4279 5.3294, 2.9422 0.3227 5.3294, 2.9107 0.4332 5.3435, 3.0039 0.0993 5.2165, 2.9888 0.0993 5.2274, 2.9767 0.0993 5.2415, 2.9682 0.0993 5.2581, 2.9638 0.0993 5.2761, 2.9638 0.0993 5.2947, 2.9682 0.0993 5.3128, 2.9767 0.0993 5.3294, 2.9888 0.0993 5.3435, 2.9107 -0.2347 5.3435, 2.8998 -0.2293 5.3294, 2.8922 -0.2255 5.3128, 2.8883 -0.2236 5.2947, 2.8883 -0.2236 5.2761, 2.8922 -0.2255 5.2581, 2.8998 -0.2293 5.2415, 2.6925 -0.4993 5.3435, 2.6851 -0.4896 5.3294, 2.68 -0.4829 5.3128, 2.6773 -0.4794 5.2947, 2.6773 -0.4794 5.2761, 2.68 -0.4829 5.2581, 2.6851 -0.4896 5.2415, 2.603 -0.5752 5.2165, 2.5957 -0.5619 5.2274, 2.5899 -0.5512 5.2415, 2.5859 -0.5438 5.2581, 2.5838 -0.54 5.2761, 2.5838 -0.54 5.2947, 2.5859 -0.5438 5.3128, 2.5899 -0.5512 5.3294, 2.265 -0.6528 5.3435, 2.2646 -0.6407 5.3294, 2.2642 -0.6322 5.3128, 2.2641 -0.6278 5.2947, 2.2641 -0.6278 5.2761, 2.2642 -0.6322 5.2581, 2.2646 -0.6407 5.2415, 1.9283 -0.5875 5.3435, 1.9333 -0.5764 5.3294, 1.9368 -0.5687 5.3128, 1.9385 -0.5647 5.2947, 1.9385 -0.5647 5.2761, 1.9368 -0.5687 5.2581, 1.9333 -0.5764 5.2415, 1.6649 -0.3718 5.3294, 1.6715 -0.3664 5.3128, 1.6748 -0.3637 5.2947, 1.6748 -0.3637 5.2761, 1.6715 -0.3664 5.2581, 1.6649 -0.3718 5.2415, 1.5893 -0.2853 5.3435, 1.5997 -0.2791 5.3294, 1.607 -0.2748 5.3128, 1.6107 -0.2726 5.2947, 1.6107 -0.2726 5.2761, 1.607 -0.2748 5.2581, 1.5997 -0.2791 5.2415, 1.4858 0.0417 5.3435, 1.4979 0.0426 5.3294, 1.5063 0.0433 5.3128, 1.5107 0.0436 5.2947, 1.5107 0.0436 5.2761, 1.5063 0.0433 5.2581, 1.4979 0.0426 5.2415, 1.5381 0.3806 5.3435, 1.5494 0.3761 5.3294, 1.5573 0.3729 5.3128, 1.5613 0.3713 5.2947, 1.5613 0.3713 5.2761, 1.5573 0.3729 5.2581, 1.5494 0.3761 5.2415, 1.5763 0.4916 5.2165, 1.5893 0.4839 5.2274, 1.5997 0.4777 5.2415, 1.607 0.4734 5.2581, 1.6107 0.4711 5.2761, 1.6107 0.4711 5.2947, 1.607 0.4734 5.3128, 1.5997 0.4777 5.3294, 1.8271 0.731 5.3435, 1.8337 0.7208 5.3294, 1.8383 0.7137 5.3128, 1.8407 0.71 5.2947, 1.8407 0.71 5.2761, 1.8383 0.7137 5.2581, 1.8337 0.7208 5.2415, 2.1499 0.8469 5.3435, 2.1513 0.8349 5.3294, 2.1523 0.8265 5.3128, 2.1528 0.8221 5.2947, 2.1528 0.8221 5.2761, 2.1523 0.8265 5.2581, 2.1513 0.8349 5.2415, 2.4865 0.7962 5.3294, 2.4836 0.7882 5.3128, 2.4822 0.7841 5.2947, 2.4822 0.7841 5.2761, 2.4836 0.7882 5.2581, 2.4865 0.7962 5.2415, 2.5957 0.7605 5.3435, 2.5899 0.7498 5.3294, 2.5859 0.7424 5.3128, 2.5838 0.7385 5.2947, 2.5838 0.7385 5.2761, 2.5859 0.7424 5.2581, 2.5899 0.7498 5.2415, 2.8518 0.5323 5.3435, 2.8419 0.5253 5.3294, 2.8349 0.5204 5.3128, 2.8314 0.5179 5.2947, 2.8314 0.5179 5.2761, 2.8349 0.5204 5.2581, 2.8419 0.5253 5.2415, 2.98 0.2142 5.3435, 2.968 0.2123 5.3294, 2.9596 0.211 5.3128, 2.9553 0.2104 5.2947, 2.9553 0.2104 5.2761, 2.9596 0.211 5.2581, 2.968 0.2123 5.2415, 2.986 0.2643 4.4095, 3.0039 0.0993 4.4095, 2.933 0.4216 4.4095, 2.8474 0.5639 4.4095, 2.7332 0.6844 4.4095, 2.5958 0.7776 4.4095, 2.4416 0.839 4.4095, 2.2778 0.8659 4.4095, 2.112 0.8569 4.4095, 1.952 0.8125 4.4095, 1.8054 0.7347 4.4095, 1.6788 0.6272 4.4095, 1.5784 0.4951 4.4095, 1.5087 0.3444 4.4095, 1.473 0.1823 4.4095, 1.473 0.0163 4.4095, 1.5087 -0.1458 4.4095, 1.5784 -0.2965 4.4095, 1.6788 -0.4287 4.4095, 1.8054 -0.5361 4.4095, 1.952 -0.6139 4.4095, 2.112 -0.6583 4.4095, 2.2778 -0.6673 4.4095, 2.4416 -0.6404 4.4095, 2.5958 -0.579 4.4095, 2.7332 -0.4858 4.4095, 2.8474 -0.3653 4.4095, 2.933 -0.2231 4.4095, 2.986 -0.0658 4.4095, 2.5703 -0.2348 4.4095, 2.6453 -0.1369 4.4095, 2.6925 -0.023 4.4095, 2.7086 0.0993 4.4095, 2.6925 0.2216 4.4095, 2.6453 0.3355 4.4095, 2.0 -0.3099 4.4095, 2.1139 -0.3571 4.4095, 2.2362 -0.3732 4.4095, 2.3585 -0.3571 4.4095, 2.4724 -0.3099 4.4095, 1.7638 0.0993 4.4095, 1.7799 -0.023 4.4095, 1.8271 -0.1369 4.4095, 1.9021 -0.2348 4.4095, 2.5703 0.4334 4.4095, 2.4724 0.5084 4.4095, 2.3585 0.5556 4.4095, 2.2362 0.5717 4.4095, 2.1139 0.5556 4.4095, 2.0 0.5084 4.4095, 1.9021 0.4334 4.4095, 1.8271 0.3355 4.4095, 1.7799 0.2216 4.4095, 2.7086 1.6929 2.0472, 1.7638 1.6929 2.0472, 2.7086 1.6929 0.8661, 1.7638 1.6929 0.8661, 3.0 -1.378 2.5591, 3.0 -0.9843 2.5591, 3.0 1.4567 2.5591, 3.0 1.8504 2.5591
            ]
        }
        coordIndex [
            0,1,2,-1,2,1,3,-1,2,3,4,-1,4,3,5,-1,4,5,6,-1,6,5,7,-1,8,9,5,-1,5,10,11,-1,5,9,7,-1,7,9,12,-1,7,12,13,-1,11,14,5,-1,5,14,15,-1,5,15,16,-1,16,17,5,-1,5,17,18,-1,5,18,8,-1,19,20,3,-1,3,20,21,-1,3,21,22,-1,23,24,1,-1,1,24,25,-1,1,25,3,-1,3,25,26,-1,3,26,27,-1,27,28,3,-1,3,28,29,-1,3,29,19,-1,30,4,31,-1,31,4,6,-1,31,6,32,-1,2,33,0,-1,0,33,34,-1,0,34,35,-1,10,36,22,-1,22,36,37,-1,22,37,38,-1,38,39,22,-1,22,39,40,-1,22,40,3,-1,41,10,5,-1,42,43,40,-1,40,43,44,-1,40,44,3,-1,3,44,45,-1,3,45,5,-1,5,45,46,-1,5,46,41,-1,47,36,48,-1,48,36,10,-1,48,10,49,-1,49,10,41,-1,49,41,50,-1,50,41,51,-1,51,41,52,-1,52,41,53,-1,52,53,54,-1,54,53,55,-1,54,55,43,-1,43,55,44,-1,39,38,56,-1,47,48,57,-1,57,48,58,-1,57,58,56,-1,56,58,59,-1,56,59,39,-1,49,50,60,-1,42,40,61,-1,61,40,62,-1,61,62,60,-1,60,62,63,-1,60,63,49,-1,64,21,65,-1,65,21,11,-1,65,11,66,-1,66,11,10,-1,66,10,67,-1,67,10,22,-1,67,22,64,-1,64,22,21,-1,11,21,20,-1,11,20,14,-1,14,20,19,-1,14,19,15,-1,15,19,29,-1,15,29,16,-1,16,29,28,-1,16,28,17,-1,17,28,27,-1,17,27,18,-1,18,27,26,-1,18,26,8,-1,8,26,25,-1,8,25,9,-1,12,9,24,-1,24,9,25,-1,68,69,12,-1,12,69,13,-1,13,69,70,-1,13,70,71,-1,72,73,23,-1,23,73,74,-1,23,74,75,-1,76,77,24,-1,24,77,78,-1,24,78,79,-1,80,81,12,-1,12,81,82,-1,71,83,13,-1,13,83,84,-1,13,84,85,-1,82,86,12,-1,12,86,87,-1,12,87,68,-1,85,88,13,-1,13,88,89,-1,13,89,23,-1,23,89,90,-1,23,90,72,-1,75,91,23,-1,23,91,92,-1,23,92,24,-1,24,92,93,-1,24,93,76,-1,79,94,24,-1,24,94,95,-1,24,95,12,-1,12,95,96,-1,12,96,80,-1,1,0,35,-1,6,7,32,-1,32,7,13,-1,32,13,35,-1,35,13,23,-1,35,23,1,-1,45,97,46,-1,46,97,98,-1,97,99,98,-1,98,99,100,-1,101,34,33,-1,31,102,30,-1,30,102,100,-1,30,100,33,-1,33,100,99,-1,33,99,101,-1,101,55,34,-1,34,55,53,-1,34,53,31,-1,31,53,102,-1,97,45,99,-1,99,45,44,-1,99,44,101,-1,101,44,55,-1,102,53,100,-1,100,53,41,-1,100,41,98,-1,98,41,46,-1,62,103,63,-1,63,103,104,-1,103,105,104,-1,104,105,106,-1,107,108,109,-1,110,105,111,-1,111,105,112,-1,111,112,113,-1,109,108,112,-1,112,108,114,-1,112,114,115,-1,116,117,109,-1,109,117,118,-1,109,118,107,-1,115,119,112,-1,112,119,120,-1,112,120,113,-1,121,106,122,-1,122,106,123,-1,121,124,106,-1,106,124,125,-1,106,125,109,-1,109,125,126,-1,109,126,116,-1,110,127,105,-1,105,127,128,-1,105,128,129,-1,129,130,105,-1,105,130,131,-1,105,131,106,-1,106,131,132,-1,106,132,123,-1,112,133,109,-1,109,133,134,-1,133,59,134,-1,134,59,58,-1,59,133,112,-1,103,62,105,-1,105,62,40,-1,105,40,112,-1,112,40,39,-1,112,39,59,-1,63,104,106,-1,134,58,109,-1,109,58,48,-1,109,48,106,-1,106,48,49,-1,106,49,63,-1,54,61,52,-1,52,61,60,-1,54,43,61,-1,61,43,42,-1,51,52,50,-1,50,52,60,-1,56,135,57,-1,57,135,136,-1,137,36,136,-1,36,137,37,-1,37,137,138,-1,37,138,135,-1,135,138,139,-1,135,139,136,-1,136,139,140,-1,136,140,137,-1,38,37,56,-1,56,37,135,-1,36,47,136,-1,136,47,57,-1,68,141,142,-1,68,142,69,-1,141,68,143,-1,143,68,87,-1,143,87,144,-1,144,87,145,-1,145,87,86,-1,145,86,146,-1,82,147,86,-1,86,147,148,-1,86,148,146,-1,149,150,81,-1,81,150,151,-1,81,151,82,-1,82,151,152,-1,82,152,147,-1,149,81,153,-1,153,81,80,-1,153,80,154,-1,154,80,155,-1,155,80,96,-1,155,96,156,-1,156,96,157,-1,157,96,95,-1,157,95,158,-1,94,159,95,-1,95,159,160,-1,95,160,158,-1,161,162,79,-1,79,162,163,-1,79,163,94,-1,94,163,164,-1,94,164,159,-1,161,79,165,-1,165,79,78,-1,165,78,166,-1,166,78,167,-1,167,78,77,-1,167,77,168,-1,168,77,169,-1,169,77,76,-1,169,76,170,-1,93,171,76,-1,76,171,172,-1,76,172,170,-1,173,174,92,-1,92,174,175,-1,92,175,93,-1,93,175,176,-1,93,176,171,-1,173,92,177,-1,177,92,91,-1,177,91,178,-1,178,91,179,-1,179,91,75,-1,179,75,180,-1,74,181,75,-1,75,181,182,-1,75,182,180,-1,73,183,74,-1,74,183,184,-1,74,184,181,-1,185,186,72,-1,72,186,187,-1,72,187,73,-1,73,187,188,-1,73,188,183,-1,185,72,189,-1,189,72,90,-1,189,90,190,-1,190,90,191,-1,191,90,89,-1,191,89,192,-1,88,193,89,-1,89,193,194,-1,89,194,192,-1,85,195,88,-1,88,195,196,-1,88,196,193,-1,197,198,84,-1,84,198,199,-1,84,199,85,-1,85,199,200,-1,85,200,195,-1,197,84,201,-1,201,84,83,-1,201,83,202,-1,202,83,203,-1,203,83,71,-1,203,71,204,-1,70,205,71,-1,71,205,206,-1,71,206,204,-1,142,207,69,-1,69,207,208,-1,69,208,70,-1,70,208,209,-1,70,209,205,-1,141,143,210,-1,148,147,211,-1,149,153,212,-1,154,155,213,-1,160,159,214,-1,161,165,215,-1,168,169,216,-1,172,171,217,-1,173,177,218,-1,182,181,219,-1,184,183,220,-1,185,189,221,-1,194,193,222,-1,200,199,223,-1,197,201,224,-1,206,205,225,-1,226,227,228,-1,229,230,231,-1,232,233,234,-1,235,236,237,-1,238,239,240,-1,241,242,243,-1,244,245,246,-1,247,248,249,-1,250,251,252,-1,253,254,255,-1,256,257,258,-1,259,260,261,-1,262,263,264,-1,265,266,267,-1,268,269,270,-1,271,272,273,-1,271,273,274,-1,268,270,275,-1,262,264,276,-1,259,261,277,-1,256,258,278,-1,250,252,279,-1,247,249,280,-1,241,243,281,-1,238,240,282,-1,235,237,283,-1,229,231,284,-1,226,228,285,-1,286,287,288,-1,288,287,289,-1,288,289,290,-1,290,289,291,-1,290,291,292,-1,292,291,293,-1,292,293,294,-1,294,293,295,-1,294,295,296,-1,296,295,297,-1,296,297,298,-1,298,297,299,-1,298,299,300,-1,300,299,301,-1,300,301,302,-1,302,301,225,-1,303,304,305,-1,305,304,306,-1,305,306,307,-1,307,306,308,-1,307,308,309,-1,309,308,310,-1,309,310,311,-1,311,310,312,-1,311,312,313,-1,313,312,314,-1,313,314,315,-1,315,314,316,-1,315,316,317,-1,317,316,318,-1,317,318,319,-1,319,318,224,-1,266,320,267,-1,267,320,321,-1,267,321,322,-1,322,321,323,-1,322,323,324,-1,324,323,325,-1,324,325,326,-1,326,325,327,-1,326,327,328,-1,328,327,329,-1,328,329,330,-1,330,329,331,-1,330,331,332,-1,332,331,333,-1,332,333,334,-1,334,333,222,-1,335,336,337,-1,337,336,338,-1,337,338,339,-1,339,338,340,-1,339,340,341,-1,341,340,342,-1,341,342,343,-1,343,342,344,-1,343,344,345,-1,345,344,346,-1,345,346,347,-1,347,346,348,-1,347,348,349,-1,349,348,350,-1,349,350,351,-1,351,350,221,-1,352,353,354,-1,354,353,355,-1,354,355,356,-1,356,355,357,-1,356,357,358,-1,358,357,359,-1,358,359,360,-1,360,359,361,-1,360,361,362,-1,362,361,363,-1,362,363,364,-1,364,363,365,-1,364,365,366,-1,366,365,367,-1,366,367,368,-1,368,367,220,-1,369,370,371,-1,371,370,372,-1,371,372,373,-1,373,372,374,-1,373,374,375,-1,375,374,376,-1,375,376,377,-1,377,376,378,-1,377,378,379,-1,379,378,380,-1,379,380,381,-1,381,380,382,-1,381,382,383,-1,383,382,384,-1,383,384,385,-1,385,384,218,-1,386,387,388,-1,388,387,389,-1,388,389,390,-1,390,389,391,-1,390,391,392,-1,392,391,393,-1,392,393,394,-1,394,393,395,-1,394,395,396,-1,396,395,397,-1,396,397,398,-1,398,397,399,-1,398,399,400,-1,400,399,401,-1,400,401,402,-1,402,401,217,-1,245,403,246,-1,246,403,404,-1,246,404,405,-1,405,404,406,-1,405,406,407,-1,407,406,408,-1,407,408,409,-1,409,408,410,-1,409,410,411,-1,411,410,412,-1,411,412,413,-1,413,412,414,-1,413,414,415,-1,415,414,416,-1,415,416,417,-1,417,416,215,-1,418,419,420,-1,420,419,421,-1,420,421,422,-1,422,421,423,-1,422,423,424,-1,424,423,425,-1,424,425,426,-1,426,425,427,-1,426,427,428,-1,428,427,429,-1,428,429,430,-1,430,429,431,-1,430,431,432,-1,432,431,433,-1,432,433,434,-1,434,433,214,-1,435,436,437,-1,437,436,438,-1,437,438,439,-1,439,438,440,-1,439,440,441,-1,441,440,442,-1,441,442,443,-1,443,442,444,-1,443,444,445,-1,445,444,446,-1,445,446,447,-1,447,446,448,-1,447,448,449,-1,449,448,450,-1,449,450,451,-1,451,450,213,-1,452,453,454,-1,454,453,455,-1,454,455,456,-1,456,455,457,-1,456,457,458,-1,458,457,459,-1,458,459,460,-1,460,459,461,-1,460,461,462,-1,462,461,463,-1,462,463,464,-1,464,463,465,-1,464,465,466,-1,466,465,467,-1,466,467,468,-1,468,467,211,-1,469,470,471,-1,471,470,472,-1,471,472,473,-1,473,472,474,-1,473,474,475,-1,475,474,476,-1,475,476,477,-1,477,476,478,-1,477,478,479,-1,479,478,480,-1,479,480,481,-1,481,480,482,-1,481,482,483,-1,483,482,484,-1,483,484,485,-1,485,484,210,-1,486,286,487,-1,487,286,288,-1,487,288,488,-1,488,288,290,-1,488,290,489,-1,489,290,292,-1,489,292,490,-1,490,292,294,-1,490,294,491,-1,491,294,296,-1,491,296,492,-1,492,296,298,-1,492,298,493,-1,493,298,300,-1,493,300,494,-1,494,300,302,-1,494,302,207,-1,207,302,208,-1,225,205,302,-1,302,205,209,-1,302,209,208,-1,204,206,495,-1,495,206,225,-1,495,225,496,-1,496,225,301,-1,496,301,497,-1,497,301,299,-1,497,299,498,-1,498,299,297,-1,498,297,499,-1,499,297,295,-1,499,295,500,-1,500,295,293,-1,500,293,501,-1,501,293,291,-1,501,291,273,-1,273,291,289,-1,273,289,274,-1,274,289,287,-1,272,303,273,-1,273,303,305,-1,273,305,501,-1,501,305,307,-1,501,307,500,-1,500,307,309,-1,500,309,499,-1,499,309,311,-1,499,311,498,-1,498,311,313,-1,498,313,497,-1,497,313,315,-1,497,315,496,-1,496,315,317,-1,496,317,495,-1,495,317,319,-1,495,319,204,-1,204,319,203,-1,224,201,319,-1,319,201,202,-1,319,202,203,-1,198,197,502,-1,502,197,224,-1,502,224,503,-1,503,224,318,-1,503,318,504,-1,504,318,316,-1,504,316,505,-1,505,316,314,-1,505,314,506,-1,506,314,312,-1,506,312,507,-1,507,312,310,-1,507,310,508,-1,508,310,308,-1,508,308,270,-1,270,308,306,-1,270,306,275,-1,275,306,304,-1,269,509,270,-1,270,509,510,-1,270,510,508,-1,508,510,511,-1,508,511,507,-1,507,511,512,-1,507,512,506,-1,506,512,513,-1,506,513,505,-1,505,513,514,-1,505,514,504,-1,504,514,515,-1,504,515,503,-1,503,515,516,-1,503,516,502,-1,502,516,223,-1,502,223,198,-1,198,223,199,-1,195,200,334,-1,334,200,223,-1,334,223,332,-1,332,223,516,-1,332,516,330,-1,330,516,515,-1,330,515,328,-1,328,515,514,-1,328,514,326,-1,326,514,513,-1,326,513,324,-1,324,513,512,-1,324,512,322,-1,322,512,511,-1,322,511,267,-1,267,511,510,-1,267,510,265,-1,265,510,509,-1,222,193,334,-1,334,193,196,-1,334,196,195,-1,192,194,517,-1,517,194,222,-1,517,222,518,-1,518,222,333,-1,518,333,519,-1,519,333,331,-1,519,331,520,-1,520,331,329,-1,520,329,521,-1,521,329,327,-1,521,327,522,-1,522,327,325,-1,522,325,523,-1,523,325,323,-1,523,323,264,-1,264,323,321,-1,264,321,276,-1,276,321,320,-1,263,335,264,-1,264,335,337,-1,264,337,523,-1,523,337,339,-1,523,339,522,-1,522,339,341,-1,522,341,521,-1,521,341,343,-1,521,343,520,-1,520,343,345,-1,520,345,519,-1,519,345,347,-1,519,347,518,-1,518,347,349,-1,518,349,517,-1,517,349,351,-1,517,351,192,-1,192,351,191,-1,221,189,351,-1,351,189,190,-1,351,190,191,-1,186,185,524,-1,524,185,221,-1,524,221,525,-1,525,221,350,-1,525,350,526,-1,526,350,348,-1,526,348,527,-1,527,348,346,-1,527,346,528,-1,528,346,344,-1,528,344,529,-1,529,344,342,-1,529,342,530,-1,530,342,340,-1,530,340,261,-1,261,340,338,-1,261,338,277,-1,277,338,336,-1,260,352,261,-1,261,352,354,-1,261,354,530,-1,530,354,356,-1,530,356,529,-1,529,356,358,-1,529,358,528,-1,528,358,360,-1,528,360,527,-1,527,360,362,-1,527,362,526,-1,526,362,364,-1,526,364,525,-1,525,364,366,-1,525,366,524,-1,524,366,368,-1,524,368,186,-1,186,368,187,-1,220,183,368,-1,368,183,188,-1,368,188,187,-1,181,184,219,-1,219,184,220,-1,219,220,531,-1,531,220,367,-1,531,367,532,-1,532,367,365,-1,532,365,533,-1,533,365,363,-1,533,363,534,-1,534,363,361,-1,534,361,535,-1,535,361,359,-1,535,359,536,-1,536,359,357,-1,536,357,258,-1,258,357,355,-1,258,355,278,-1,278,355,353,-1,180,182,537,-1,537,182,219,-1,537,219,538,-1,538,219,531,-1,538,531,539,-1,539,531,532,-1,539,532,540,-1,540,532,533,-1,540,533,541,-1,541,533,534,-1,541,534,542,-1,542,534,535,-1,542,535,543,-1,543,535,536,-1,543,536,255,-1,255,536,258,-1,255,258,253,-1,253,258,257,-1,254,369,255,-1,255,369,371,-1,255,371,543,-1,543,371,373,-1,543,373,542,-1,542,373,375,-1,542,375,541,-1,541,375,377,-1,541,377,540,-1,540,377,379,-1,540,379,539,-1,539,379,381,-1,539,381,538,-1,538,381,383,-1,538,383,537,-1,537,383,385,-1,537,385,180,-1,180,385,179,-1,218,177,385,-1,385,177,178,-1,385,178,179,-1,174,173,544,-1,544,173,218,-1,544,218,545,-1,545,218,384,-1,545,384,546,-1,546,384,382,-1,546,382,547,-1,547,382,380,-1,547,380,548,-1,548,380,378,-1,548,378,549,-1,549,378,376,-1,549,376,550,-1,550,376,374,-1,550,374,252,-1,252,374,372,-1,252,372,279,-1,279,372,370,-1,251,386,252,-1,252,386,388,-1,252,388,550,-1,550,388,390,-1,550,390,549,-1,549,390,392,-1,549,392,548,-1,548,392,394,-1,548,394,547,-1,547,394,396,-1,547,396,546,-1,546,396,398,-1,546,398,545,-1,545,398,400,-1,545,400,544,-1,544,400,402,-1,544,402,174,-1,174,402,175,-1,217,171,402,-1,402,171,176,-1,402,176,175,-1,170,172,551,-1,551,172,217,-1,551,217,552,-1,552,217,401,-1,552,401,553,-1,553,401,399,-1,553,399,554,-1,554,399,397,-1,554,397,555,-1,555,397,395,-1,555,395,556,-1,556,395,393,-1,556,393,557,-1,557,393,391,-1,557,391,249,-1,249,391,389,-1,249,389,280,-1,280,389,387,-1,248,558,249,-1,249,558,559,-1,249,559,557,-1,557,559,560,-1,557,560,556,-1,556,560,561,-1,556,561,555,-1,555,561,562,-1,555,562,554,-1,554,562,563,-1,554,563,553,-1,553,563,564,-1,553,564,552,-1,552,564,565,-1,552,565,551,-1,551,565,216,-1,551,216,170,-1,170,216,169,-1,167,168,417,-1,417,168,216,-1,417,216,415,-1,415,216,565,-1,415,565,413,-1,413,565,564,-1,413,564,411,-1,411,564,563,-1,411,563,409,-1,409,563,562,-1,409,562,407,-1,407,562,561,-1,407,561,405,-1,405,561,560,-1,405,560,246,-1,246,560,559,-1,246,559,244,-1,244,559,558,-1,215,165,417,-1,417,165,166,-1,417,166,167,-1,162,161,566,-1,566,161,215,-1,566,215,567,-1,567,215,416,-1,567,416,568,-1,568,416,414,-1,568,414,569,-1,569,414,412,-1,569,412,570,-1,570,412,410,-1,570,410,571,-1,571,410,408,-1,571,408,572,-1,572,408,406,-1,572,406,243,-1,243,406,404,-1,243,404,281,-1,281,404,403,-1,242,418,243,-1,243,418,420,-1,243,420,572,-1,572,420,422,-1,572,422,571,-1,571,422,424,-1,571,424,570,-1,570,424,426,-1,570,426,569,-1,569,426,428,-1,569,428,568,-1,568,428,430,-1,568,430,567,-1,567,430,432,-1,567,432,566,-1,566,432,434,-1,566,434,162,-1,162,434,163,-1,214,159,434,-1,434,159,164,-1,434,164,163,-1,158,160,573,-1,573,160,214,-1,573,214,574,-1,574,214,433,-1,574,433,575,-1,575,433,431,-1,575,431,576,-1,576,431,429,-1,576,429,577,-1,577,429,427,-1,577,427,578,-1,578,427,425,-1,578,425,579,-1,579,425,423,-1,579,423,240,-1,240,423,421,-1,240,421,282,-1,282,421,419,-1,239,435,240,-1,240,435,437,-1,240,437,579,-1,579,437,439,-1,579,439,578,-1,578,439,441,-1,578,441,577,-1,577,441,443,-1,577,443,576,-1,576,443,445,-1,576,445,575,-1,575,445,447,-1,575,447,574,-1,574,447,449,-1,574,449,573,-1,573,449,451,-1,573,451,158,-1,158,451,157,-1,213,155,451,-1,451,155,156,-1,451,156,157,-1,153,154,212,-1,212,154,213,-1,212,213,580,-1,580,213,450,-1,580,450,581,-1,581,450,448,-1,581,448,582,-1,582,448,446,-1,582,446,583,-1,583,446,444,-1,583,444,584,-1,584,444,442,-1,584,442,585,-1,585,442,440,-1,585,440,237,-1,237,440,438,-1,237,438,283,-1,283,438,436,-1,150,149,586,-1,586,149,212,-1,586,212,587,-1,587,212,580,-1,587,580,588,-1,588,580,581,-1,588,581,589,-1,589,581,582,-1,589,582,590,-1,590,582,583,-1,590,583,591,-1,591,583,584,-1,591,584,592,-1,592,584,585,-1,592,585,234,-1,234,585,237,-1,234,237,232,-1,232,237,236,-1,233,452,234,-1,234,452,454,-1,234,454,592,-1,592,454,456,-1,592,456,591,-1,591,456,458,-1,591,458,590,-1,590,458,460,-1,590,460,589,-1,589,460,462,-1,589,462,588,-1,588,462,464,-1,588,464,587,-1,587,464,466,-1,587,466,586,-1,586,466,468,-1,586,468,150,-1,150,468,151,-1,211,147,468,-1,468,147,152,-1,468,152,151,-1,146,148,593,-1,593,148,211,-1,593,211,594,-1,594,211,467,-1,594,467,595,-1,595,467,465,-1,595,465,596,-1,596,465,463,-1,596,463,597,-1,597,463,461,-1,597,461,598,-1,598,461,459,-1,598,459,599,-1,599,459,457,-1,599,457,231,-1,231,457,455,-1,231,455,284,-1,284,455,453,-1,230,469,231,-1,231,469,471,-1,231,471,599,-1,599,471,473,-1,599,473,598,-1,598,473,475,-1,598,475,597,-1,597,475,477,-1,597,477,596,-1,596,477,479,-1,596,479,595,-1,595,479,481,-1,595,481,594,-1,594,481,483,-1,594,483,593,-1,593,483,485,-1,593,485,146,-1,146,485,145,-1,210,143,485,-1,485,143,144,-1,485,144,145,-1,142,141,600,-1,600,141,210,-1,600,210,601,-1,601,210,484,-1,601,484,602,-1,602,484,482,-1,602,482,603,-1,603,482,480,-1,603,480,604,-1,604,480,478,-1,604,478,605,-1,605,478,476,-1,605,476,606,-1,606,476,474,-1,606,474,228,-1,228,474,472,-1,228,472,285,-1,285,472,470,-1,227,486,228,-1,228,486,487,-1,228,487,606,-1,606,487,488,-1,606,488,605,-1,605,488,489,-1,605,489,604,-1,604,489,490,-1,604,490,603,-1,603,490,491,-1,603,491,602,-1,602,491,492,-1,602,492,601,-1,601,492,493,-1,601,493,600,-1,600,493,494,-1,600,494,142,-1,142,494,207,-1,227,607,608,-1,470,609,285,-1,285,609,607,-1,285,607,226,-1,226,607,227,-1,470,469,609,-1,609,469,230,-1,609,230,610,-1,453,611,284,-1,284,611,610,-1,284,610,229,-1,229,610,230,-1,453,452,611,-1,611,452,233,-1,611,233,612,-1,233,232,612,-1,612,232,236,-1,612,236,613,-1,436,614,283,-1,283,614,613,-1,283,613,235,-1,235,613,236,-1,436,435,614,-1,614,435,239,-1,614,239,615,-1,419,616,282,-1,282,616,615,-1,282,615,238,-1,238,615,239,-1,419,418,616,-1,616,418,242,-1,616,242,617,-1,242,241,617,-1,617,241,281,-1,617,281,618,-1,281,403,618,-1,618,403,245,-1,618,245,619,-1,619,245,244,-1,619,244,620,-1,620,244,558,-1,620,558,248,-1,387,621,280,-1,280,621,620,-1,280,620,247,-1,247,620,248,-1,387,386,621,-1,621,386,251,-1,621,251,622,-1,370,623,279,-1,279,623,622,-1,279,622,250,-1,250,622,251,-1,370,369,623,-1,623,369,254,-1,623,254,624,-1,254,253,624,-1,624,253,257,-1,624,257,625,-1,353,626,278,-1,278,626,625,-1,278,625,256,-1,256,625,257,-1,353,352,626,-1,626,352,260,-1,626,260,627,-1,336,628,277,-1,277,628,627,-1,277,627,259,-1,259,627,260,-1,336,335,628,-1,628,335,263,-1,628,263,629,-1,263,262,629,-1,629,262,276,-1,629,276,630,-1,265,631,266,-1,266,631,630,-1,266,630,320,-1,320,630,276,-1,265,509,631,-1,631,509,269,-1,631,269,632,-1,304,633,275,-1,275,633,632,-1,275,632,268,-1,268,632,269,-1,304,303,633,-1,633,303,272,-1,633,272,634,-1,272,271,634,-1,634,271,274,-1,634,274,635,-1,274,287,635,-1,635,287,286,-1,635,286,608,-1,608,286,486,-1,608,486,227,-1,636,633,637,-1,637,633,634,-1,637,634,638,-1,638,634,635,-1,638,635,639,-1,639,635,608,-1,639,608,640,-1,640,608,607,-1,640,607,641,-1,607,609,641,-1,641,609,610,-1,641,610,642,-1,642,610,611,-1,642,611,643,-1,643,611,612,-1,643,612,644,-1,644,612,613,-1,644,613,645,-1,645,613,614,-1,645,614,646,-1,647,627,648,-1,648,627,628,-1,648,628,649,-1,649,628,629,-1,649,629,650,-1,650,629,630,-1,650,630,651,-1,651,630,631,-1,651,631,636,-1,636,631,632,-1,636,632,633,-1,652,622,653,-1,653,622,623,-1,653,623,654,-1,654,623,624,-1,654,624,655,-1,655,624,625,-1,655,625,647,-1,647,625,626,-1,647,626,627,-1,614,615,646,-1,646,615,616,-1,646,616,656,-1,656,616,617,-1,656,617,657,-1,657,617,618,-1,657,618,658,-1,658,618,619,-1,658,619,659,-1,659,619,620,-1,659,620,652,-1,652,620,621,-1,652,621,622,-1,125,639,126,-1,126,639,640,-1,126,640,116,-1,116,640,641,-1,116,641,117,-1,117,641,642,-1,117,642,118,-1,118,642,643,-1,118,643,107,-1,107,643,644,-1,107,644,108,-1,108,644,645,-1,108,645,114,-1,114,645,646,-1,114,646,115,-1,115,646,656,-1,115,656,119,-1,119,656,657,-1,119,657,120,-1,120,657,658,-1,120,658,113,-1,113,658,659,-1,113,659,111,-1,111,659,652,-1,111,652,110,-1,110,652,653,-1,110,653,127,-1,127,653,654,-1,127,654,128,-1,128,654,655,-1,128,655,129,-1,129,655,647,-1,129,647,130,-1,130,647,648,-1,130,648,131,-1,131,648,649,-1,131,649,132,-1,132,649,650,-1,132,650,123,-1,123,650,651,-1,123,651,122,-1,122,651,636,-1,122,636,121,-1,121,636,637,-1,121,637,124,-1,124,637,638,-1,124,638,125,-1,125,638,639,-1,31,32,34,-1,34,32,35,-1,2,4,33,-1,33,4,30,-1,660,140,661,-1,661,140,139,-1,662,137,660,-1,660,137,140,-1,663,138,662,-1,662,138,137,-1,661,139,663,-1,663,139,138,-1,64,65,661,-1,661,65,660,-1,66,67,662,-1,662,67,663,-1,66,662,65,-1,65,662,660,-1,64,661,67,-1,67,661,663,-1,664,665,666,-1,666,665,667,-1,666,667,668,-1,668,667,3,-1,668,3,669,-1,669,3,1,-1,26,25,3,-1,3,22,21,-1,3,25,1,-1,1,25,24,-1,1,24,23,-1,21,20,3,-1,3,20,19,-1,3,19,29,-1,29,28,3,-1,3,28,27,-1,3,27,26,-1,670,671,667,-1,667,671,672,-1,667,672,673,-1,674,675,665,-1,665,675,676,-1,665,676,667,-1,667,676,677,-1,667,677,678,-1,678,679,667,-1,667,679,680,-1,667,680,670,-1,681,668,682,-1,682,668,669,-1,682,669,683,-1,666,684,664,-1,664,684,685,-1,664,685,686,-1,22,687,673,-1,673,687,688,-1,673,688,689,-1,689,690,673,-1,673,690,691,-1,673,691,667,-1,692,22,3,-1,693,694,691,-1,691,694,695,-1,691,695,667,-1,667,695,696,-1,667,696,3,-1,3,696,697,-1,3,697,692,-1,698,687,699,-1,699,687,22,-1,699,22,700,-1,700,22,692,-1,700,692,701,-1,701,692,702,-1,702,692,703,-1,703,692,704,-1,703,704,705,-1,705,704,706,-1,705,706,694,-1,694,706,695,-1,690,689,707,-1,698,699,708,-1,708,699,709,-1,708,709,707,-1,707,709,710,-1,707,710,690,-1,700,701,711,-1,693,691,712,-1,712,691,713,-1,712,713,711,-1,711,713,714,-1,711,714,700,-1,715,672,716,-1,716,672,21,-1,716,21,717,-1,717,21,22,-1,717,22,718,-1,718,22,673,-1,718,673,715,-1,715,673,672,-1,21,672,671,-1,21,671,20,-1,20,671,670,-1,20,670,19,-1,19,670,680,-1,19,680,29,-1,29,680,679,-1,29,679,28,-1,28,679,678,-1,28,678,27,-1,27,678,677,-1,27,677,26,-1,26,677,676,-1,26,676,25,-1,24,25,675,-1,675,25,676,-1,24,719,720,-1,721,722,24,-1,24,722,723,-1,24,723,23,-1,23,723,724,-1,23,724,725,-1,725,726,23,-1,23,726,727,-1,23,727,728,-1,728,729,23,-1,23,729,730,-1,23,730,674,-1,674,730,731,-1,674,731,732,-1,733,734,675,-1,675,734,735,-1,675,735,736,-1,736,737,675,-1,675,737,738,-1,675,738,24,-1,24,738,739,-1,24,739,719,-1,732,740,674,-1,674,740,741,-1,674,741,742,-1,742,743,674,-1,674,743,744,-1,674,744,675,-1,675,744,745,-1,675,745,733,-1,720,746,24,-1,24,746,747,-1,24,747,721,-1,665,664,686,-1,669,1,683,-1,683,1,23,-1,683,23,686,-1,686,23,674,-1,686,674,665,-1,696,748,697,-1,697,748,749,-1,748,750,749,-1,749,750,751,-1,752,685,684,-1,682,753,681,-1,681,753,751,-1,681,751,684,-1,684,751,750,-1,684,750,752,-1,752,706,685,-1,685,706,704,-1,685,704,682,-1,682,704,753,-1,748,696,750,-1,750,696,695,-1,750,695,752,-1,752,695,706,-1,753,704,751,-1,751,704,692,-1,751,692,749,-1,749,692,697,-1,713,754,714,-1,714,754,755,-1,754,756,755,-1,755,756,757,-1,758,756,759,-1,759,756,760,-1,761,762,757,-1,757,762,763,-1,758,764,756,-1,756,764,765,-1,756,765,766,-1,766,767,756,-1,756,767,768,-1,756,768,757,-1,757,768,769,-1,757,769,761,-1,770,771,772,-1,772,771,757,-1,772,757,773,-1,773,757,763,-1,770,774,771,-1,771,774,775,-1,771,775,776,-1,776,777,771,-1,771,777,778,-1,771,778,760,-1,778,779,760,-1,760,779,780,-1,760,780,781,-1,781,782,760,-1,760,782,783,-1,760,783,759,-1,760,784,771,-1,771,784,785,-1,784,710,785,-1,785,710,709,-1,710,784,760,-1,754,713,756,-1,756,713,691,-1,756,691,760,-1,760,691,690,-1,760,690,710,-1,714,755,757,-1,785,709,771,-1,771,709,699,-1,771,699,757,-1,757,699,700,-1,757,700,714,-1,705,712,703,-1,703,712,711,-1,705,694,712,-1,712,694,693,-1,702,703,701,-1,701,703,711,-1,707,786,708,-1,708,786,787,-1,788,687,787,-1,687,788,688,-1,688,788,789,-1,688,789,786,-1,786,789,790,-1,786,790,787,-1,787,790,791,-1,787,791,788,-1,689,688,707,-1,707,688,786,-1,687,698,787,-1,787,698,708,-1,722,792,793,-1,722,793,723,-1,792,722,794,-1,794,722,721,-1,794,721,795,-1,795,721,796,-1,796,721,747,-1,796,747,797,-1,746,798,747,-1,747,798,799,-1,747,799,797,-1,800,801,720,-1,720,801,802,-1,720,802,746,-1,746,802,803,-1,746,803,798,-1,800,720,804,-1,804,720,719,-1,804,719,805,-1,805,719,806,-1,806,719,739,-1,806,739,807,-1,807,739,808,-1,808,739,738,-1,808,738,809,-1,737,810,738,-1,738,810,811,-1,738,811,809,-1,812,813,736,-1,736,813,814,-1,736,814,737,-1,737,814,815,-1,737,815,810,-1,812,736,816,-1,816,736,735,-1,816,735,817,-1,817,735,818,-1,818,735,734,-1,818,734,819,-1,819,734,820,-1,820,734,733,-1,820,733,821,-1,745,822,733,-1,733,822,823,-1,733,823,821,-1,824,825,744,-1,744,825,826,-1,744,826,745,-1,745,826,827,-1,745,827,822,-1,824,744,828,-1,828,744,743,-1,828,743,829,-1,829,743,830,-1,830,743,742,-1,830,742,831,-1,741,832,742,-1,742,832,833,-1,742,833,831,-1,740,834,741,-1,741,834,835,-1,741,835,832,-1,836,837,732,-1,732,837,838,-1,732,838,740,-1,740,838,839,-1,740,839,834,-1,836,732,840,-1,840,732,731,-1,840,731,841,-1,841,731,842,-1,842,731,730,-1,842,730,843,-1,729,844,730,-1,730,844,845,-1,730,845,843,-1,728,846,729,-1,729,846,847,-1,729,847,844,-1,848,849,727,-1,727,849,850,-1,727,850,728,-1,728,850,851,-1,728,851,846,-1,848,727,852,-1,852,727,726,-1,852,726,853,-1,853,726,854,-1,854,726,725,-1,854,725,855,-1,724,856,725,-1,725,856,857,-1,725,857,855,-1,793,858,723,-1,723,858,859,-1,723,859,724,-1,724,859,860,-1,724,860,856,-1,792,794,861,-1,799,798,862,-1,800,804,863,-1,805,806,864,-1,811,810,865,-1,812,816,866,-1,819,820,867,-1,823,822,868,-1,824,828,869,-1,833,832,870,-1,835,834,871,-1,836,840,872,-1,845,844,873,-1,851,850,874,-1,848,852,875,-1,857,856,876,-1,877,878,879,-1,880,881,882,-1,883,884,885,-1,886,887,888,-1,889,890,891,-1,892,893,894,-1,895,896,897,-1,898,899,900,-1,901,902,903,-1,904,905,906,-1,907,908,909,-1,910,911,912,-1,913,914,915,-1,916,917,918,-1,919,920,921,-1,922,923,924,-1,922,924,925,-1,919,921,926,-1,913,915,927,-1,910,912,928,-1,907,909,929,-1,901,903,930,-1,898,900,931,-1,892,894,932,-1,889,891,933,-1,886,888,934,-1,880,882,935,-1,877,879,936,-1,937,938,939,-1,939,938,940,-1,939,940,941,-1,941,940,942,-1,941,942,943,-1,943,942,944,-1,943,944,945,-1,945,944,946,-1,945,946,947,-1,947,946,948,-1,947,948,949,-1,949,948,950,-1,949,950,951,-1,951,950,952,-1,951,952,953,-1,953,952,876,-1,954,955,956,-1,956,955,957,-1,956,957,958,-1,958,957,959,-1,958,959,960,-1,960,959,961,-1,960,961,962,-1,962,961,963,-1,962,963,964,-1,964,963,965,-1,964,965,966,-1,966,965,967,-1,966,967,968,-1,968,967,969,-1,968,969,970,-1,970,969,875,-1,917,971,918,-1,918,971,972,-1,918,972,973,-1,973,972,974,-1,973,974,975,-1,975,974,976,-1,975,976,977,-1,977,976,978,-1,977,978,979,-1,979,978,980,-1,979,980,981,-1,981,980,982,-1,981,982,983,-1,983,982,984,-1,983,984,985,-1,985,984,873,-1,986,987,988,-1,988,987,989,-1,988,989,990,-1,990,989,991,-1,990,991,992,-1,992,991,993,-1,992,993,994,-1,994,993,995,-1,994,995,996,-1,996,995,997,-1,996,997,998,-1,998,997,999,-1,998,999,1000,-1,1000,999,1001,-1,1000,1001,1002,-1,1002,1001,872,-1,1003,1004,1005,-1,1005,1004,1006,-1,1005,1006,1007,-1,1007,1006,1008,-1,1007,1008,1009,-1,1009,1008,1010,-1,1009,1010,1011,-1,1011,1010,1012,-1,1011,1012,1013,-1,1013,1012,1014,-1,1013,1014,1015,-1,1015,1014,1016,-1,1015,1016,1017,-1,1017,1016,1018,-1,1017,1018,1019,-1,1019,1018,871,-1,1020,1021,1022,-1,1022,1021,1023,-1,1022,1023,1024,-1,1024,1023,1025,-1,1024,1025,1026,-1,1026,1025,1027,-1,1026,1027,1028,-1,1028,1027,1029,-1,1028,1029,1030,-1,1030,1029,1031,-1,1030,1031,1032,-1,1032,1031,1033,-1,1032,1033,1034,-1,1034,1033,1035,-1,1034,1035,1036,-1,1036,1035,869,-1,1037,1038,1039,-1,1039,1038,1040,-1,1039,1040,1041,-1,1041,1040,1042,-1,1041,1042,1043,-1,1043,1042,1044,-1,1043,1044,1045,-1,1045,1044,1046,-1,1045,1046,1047,-1,1047,1046,1048,-1,1047,1048,1049,-1,1049,1048,1050,-1,1049,1050,1051,-1,1051,1050,1052,-1,1051,1052,1053,-1,1053,1052,868,-1,896,1054,897,-1,897,1054,1055,-1,897,1055,1056,-1,1056,1055,1057,-1,1056,1057,1058,-1,1058,1057,1059,-1,1058,1059,1060,-1,1060,1059,1061,-1,1060,1061,1062,-1,1062,1061,1063,-1,1062,1063,1064,-1,1064,1063,1065,-1,1064,1065,1066,-1,1066,1065,1067,-1,1066,1067,1068,-1,1068,1067,866,-1,1069,1070,1071,-1,1071,1070,1072,-1,1071,1072,1073,-1,1073,1072,1074,-1,1073,1074,1075,-1,1075,1074,1076,-1,1075,1076,1077,-1,1077,1076,1078,-1,1077,1078,1079,-1,1079,1078,1080,-1,1079,1080,1081,-1,1081,1080,1082,-1,1081,1082,1083,-1,1083,1082,1084,-1,1083,1084,1085,-1,1085,1084,865,-1,1086,1087,1088,-1,1088,1087,1089,-1,1088,1089,1090,-1,1090,1089,1091,-1,1090,1091,1092,-1,1092,1091,1093,-1,1092,1093,1094,-1,1094,1093,1095,-1,1094,1095,1096,-1,1096,1095,1097,-1,1096,1097,1098,-1,1098,1097,1099,-1,1098,1099,1100,-1,1100,1099,1101,-1,1100,1101,1102,-1,1102,1101,864,-1,1103,1104,1105,-1,1105,1104,1106,-1,1105,1106,1107,-1,1107,1106,1108,-1,1107,1108,1109,-1,1109,1108,1110,-1,1109,1110,1111,-1,1111,1110,1112,-1,1111,1112,1113,-1,1113,1112,1114,-1,1113,1114,1115,-1,1115,1114,1116,-1,1115,1116,1117,-1,1117,1116,1118,-1,1117,1118,1119,-1,1119,1118,862,-1,1120,1121,1122,-1,1122,1121,1123,-1,1122,1123,1124,-1,1124,1123,1125,-1,1124,1125,1126,-1,1126,1125,1127,-1,1126,1127,1128,-1,1128,1127,1129,-1,1128,1129,1130,-1,1130,1129,1131,-1,1130,1131,1132,-1,1132,1131,1133,-1,1132,1133,1134,-1,1134,1133,1135,-1,1134,1135,1136,-1,1136,1135,861,-1,1137,937,1138,-1,1138,937,939,-1,1138,939,1139,-1,1139,939,941,-1,1139,941,1140,-1,1140,941,943,-1,1140,943,1141,-1,1141,943,945,-1,1141,945,1142,-1,1142,945,947,-1,1142,947,1143,-1,1143,947,949,-1,1143,949,1144,-1,1144,949,951,-1,1144,951,1145,-1,1145,951,953,-1,1145,953,858,-1,858,953,859,-1,876,856,953,-1,953,856,860,-1,953,860,859,-1,855,857,1146,-1,1146,857,876,-1,1146,876,1147,-1,1147,876,952,-1,1147,952,1148,-1,1148,952,950,-1,1148,950,1149,-1,1149,950,948,-1,1149,948,1150,-1,1150,948,946,-1,1150,946,1151,-1,1151,946,944,-1,1151,944,1152,-1,1152,944,942,-1,1152,942,924,-1,924,942,940,-1,924,940,925,-1,925,940,938,-1,923,954,924,-1,924,954,956,-1,924,956,1152,-1,1152,956,958,-1,1152,958,1151,-1,1151,958,960,-1,1151,960,1150,-1,1150,960,962,-1,1150,962,1149,-1,1149,962,964,-1,1149,964,1148,-1,1148,964,966,-1,1148,966,1147,-1,1147,966,968,-1,1147,968,1146,-1,1146,968,970,-1,1146,970,855,-1,855,970,854,-1,875,852,970,-1,970,852,853,-1,970,853,854,-1,849,848,1153,-1,1153,848,875,-1,1153,875,1154,-1,1154,875,969,-1,1154,969,1155,-1,1155,969,967,-1,1155,967,1156,-1,1156,967,965,-1,1156,965,1157,-1,1157,965,963,-1,1157,963,1158,-1,1158,963,961,-1,1158,961,1159,-1,1159,961,959,-1,1159,959,921,-1,921,959,957,-1,921,957,926,-1,926,957,955,-1,920,1160,921,-1,921,1160,1161,-1,921,1161,1159,-1,1159,1161,1162,-1,1159,1162,1158,-1,1158,1162,1163,-1,1158,1163,1157,-1,1157,1163,1164,-1,1157,1164,1156,-1,1156,1164,1165,-1,1156,1165,1155,-1,1155,1165,1166,-1,1155,1166,1154,-1,1154,1166,1167,-1,1154,1167,1153,-1,1153,1167,874,-1,1153,874,849,-1,849,874,850,-1,846,851,985,-1,985,851,874,-1,985,874,983,-1,983,874,1167,-1,983,1167,981,-1,981,1167,1166,-1,981,1166,979,-1,979,1166,1165,-1,979,1165,977,-1,977,1165,1164,-1,977,1164,975,-1,975,1164,1163,-1,975,1163,973,-1,973,1163,1162,-1,973,1162,918,-1,918,1162,1161,-1,918,1161,916,-1,916,1161,1160,-1,873,844,985,-1,985,844,847,-1,985,847,846,-1,843,845,1168,-1,1168,845,873,-1,1168,873,1169,-1,1169,873,984,-1,1169,984,1170,-1,1170,984,982,-1,1170,982,1171,-1,1171,982,980,-1,1171,980,1172,-1,1172,980,978,-1,1172,978,1173,-1,1173,978,976,-1,1173,976,1174,-1,1174,976,974,-1,1174,974,915,-1,915,974,972,-1,915,972,927,-1,927,972,971,-1,914,986,915,-1,915,986,988,-1,915,988,1174,-1,1174,988,990,-1,1174,990,1173,-1,1173,990,992,-1,1173,992,1172,-1,1172,992,994,-1,1172,994,1171,-1,1171,994,996,-1,1171,996,1170,-1,1170,996,998,-1,1170,998,1169,-1,1169,998,1000,-1,1169,1000,1168,-1,1168,1000,1002,-1,1168,1002,843,-1,843,1002,842,-1,872,840,1002,-1,1002,840,841,-1,1002,841,842,-1,837,836,1175,-1,1175,836,872,-1,1175,872,1176,-1,1176,872,1001,-1,1176,1001,1177,-1,1177,1001,999,-1,1177,999,1178,-1,1178,999,997,-1,1178,997,1179,-1,1179,997,995,-1,1179,995,1180,-1,1180,995,993,-1,1180,993,1181,-1,1181,993,991,-1,1181,991,912,-1,912,991,989,-1,912,989,928,-1,928,989,987,-1,911,1003,912,-1,912,1003,1005,-1,912,1005,1181,-1,1181,1005,1007,-1,1181,1007,1180,-1,1180,1007,1009,-1,1180,1009,1179,-1,1179,1009,1011,-1,1179,1011,1178,-1,1178,1011,1013,-1,1178,1013,1177,-1,1177,1013,1015,-1,1177,1015,1176,-1,1176,1015,1017,-1,1176,1017,1175,-1,1175,1017,1019,-1,1175,1019,837,-1,837,1019,838,-1,871,834,1019,-1,1019,834,839,-1,1019,839,838,-1,832,835,870,-1,870,835,871,-1,870,871,1182,-1,1182,871,1018,-1,1182,1018,1183,-1,1183,1018,1016,-1,1183,1016,1184,-1,1184,1016,1014,-1,1184,1014,1185,-1,1185,1014,1012,-1,1185,1012,1186,-1,1186,1012,1010,-1,1186,1010,1187,-1,1187,1010,1008,-1,1187,1008,909,-1,909,1008,1006,-1,909,1006,929,-1,929,1006,1004,-1,831,833,1188,-1,1188,833,870,-1,1188,870,1189,-1,1189,870,1182,-1,1189,1182,1190,-1,1190,1182,1183,-1,1190,1183,1191,-1,1191,1183,1184,-1,1191,1184,1192,-1,1192,1184,1185,-1,1192,1185,1193,-1,1193,1185,1186,-1,1193,1186,1194,-1,1194,1186,1187,-1,1194,1187,906,-1,906,1187,909,-1,906,909,904,-1,904,909,908,-1,905,1020,906,-1,906,1020,1022,-1,906,1022,1194,-1,1194,1022,1024,-1,1194,1024,1193,-1,1193,1024,1026,-1,1193,1026,1192,-1,1192,1026,1028,-1,1192,1028,1191,-1,1191,1028,1030,-1,1191,1030,1190,-1,1190,1030,1032,-1,1190,1032,1189,-1,1189,1032,1034,-1,1189,1034,1188,-1,1188,1034,1036,-1,1188,1036,831,-1,831,1036,830,-1,869,828,1036,-1,1036,828,829,-1,1036,829,830,-1,825,824,1195,-1,1195,824,869,-1,1195,869,1196,-1,1196,869,1035,-1,1196,1035,1197,-1,1197,1035,1033,-1,1197,1033,1198,-1,1198,1033,1031,-1,1198,1031,1199,-1,1199,1031,1029,-1,1199,1029,1200,-1,1200,1029,1027,-1,1200,1027,1201,-1,1201,1027,1025,-1,1201,1025,903,-1,903,1025,1023,-1,903,1023,930,-1,930,1023,1021,-1,902,1037,903,-1,903,1037,1039,-1,903,1039,1201,-1,1201,1039,1041,-1,1201,1041,1200,-1,1200,1041,1043,-1,1200,1043,1199,-1,1199,1043,1045,-1,1199,1045,1198,-1,1198,1045,1047,-1,1198,1047,1197,-1,1197,1047,1049,-1,1197,1049,1196,-1,1196,1049,1051,-1,1196,1051,1195,-1,1195,1051,1053,-1,1195,1053,825,-1,825,1053,826,-1,868,822,1053,-1,1053,822,827,-1,1053,827,826,-1,821,823,1202,-1,1202,823,868,-1,1202,868,1203,-1,1203,868,1052,-1,1203,1052,1204,-1,1204,1052,1050,-1,1204,1050,1205,-1,1205,1050,1048,-1,1205,1048,1206,-1,1206,1048,1046,-1,1206,1046,1207,-1,1207,1046,1044,-1,1207,1044,1208,-1,1208,1044,1042,-1,1208,1042,900,-1,900,1042,1040,-1,900,1040,931,-1,931,1040,1038,-1,899,1209,900,-1,900,1209,1210,-1,900,1210,1208,-1,1208,1210,1211,-1,1208,1211,1207,-1,1207,1211,1212,-1,1207,1212,1206,-1,1206,1212,1213,-1,1206,1213,1205,-1,1205,1213,1214,-1,1205,1214,1204,-1,1204,1214,1215,-1,1204,1215,1203,-1,1203,1215,1216,-1,1203,1216,1202,-1,1202,1216,867,-1,1202,867,821,-1,821,867,820,-1,818,819,1068,-1,1068,819,867,-1,1068,867,1066,-1,1066,867,1216,-1,1066,1216,1064,-1,1064,1216,1215,-1,1064,1215,1062,-1,1062,1215,1214,-1,1062,1214,1060,-1,1060,1214,1213,-1,1060,1213,1058,-1,1058,1213,1212,-1,1058,1212,1056,-1,1056,1212,1211,-1,1056,1211,897,-1,897,1211,1210,-1,897,1210,895,-1,895,1210,1209,-1,866,816,1068,-1,1068,816,817,-1,1068,817,818,-1,813,812,1217,-1,1217,812,866,-1,1217,866,1218,-1,1218,866,1067,-1,1218,1067,1219,-1,1219,1067,1065,-1,1219,1065,1220,-1,1220,1065,1063,-1,1220,1063,1221,-1,1221,1063,1061,-1,1221,1061,1222,-1,1222,1061,1059,-1,1222,1059,1223,-1,1223,1059,1057,-1,1223,1057,894,-1,894,1057,1055,-1,894,1055,932,-1,932,1055,1054,-1,893,1069,894,-1,894,1069,1071,-1,894,1071,1223,-1,1223,1071,1073,-1,1223,1073,1222,-1,1222,1073,1075,-1,1222,1075,1221,-1,1221,1075,1077,-1,1221,1077,1220,-1,1220,1077,1079,-1,1220,1079,1219,-1,1219,1079,1081,-1,1219,1081,1218,-1,1218,1081,1083,-1,1218,1083,1217,-1,1217,1083,1085,-1,1217,1085,813,-1,813,1085,814,-1,865,810,1085,-1,1085,810,815,-1,1085,815,814,-1,809,811,1224,-1,1224,811,865,-1,1224,865,1225,-1,1225,865,1084,-1,1225,1084,1226,-1,1226,1084,1082,-1,1226,1082,1227,-1,1227,1082,1080,-1,1227,1080,1228,-1,1228,1080,1078,-1,1228,1078,1229,-1,1229,1078,1076,-1,1229,1076,1230,-1,1230,1076,1074,-1,1230,1074,891,-1,891,1074,1072,-1,891,1072,933,-1,933,1072,1070,-1,890,1086,891,-1,891,1086,1088,-1,891,1088,1230,-1,1230,1088,1090,-1,1230,1090,1229,-1,1229,1090,1092,-1,1229,1092,1228,-1,1228,1092,1094,-1,1228,1094,1227,-1,1227,1094,1096,-1,1227,1096,1226,-1,1226,1096,1098,-1,1226,1098,1225,-1,1225,1098,1100,-1,1225,1100,1224,-1,1224,1100,1102,-1,1224,1102,809,-1,809,1102,808,-1,864,806,1102,-1,1102,806,807,-1,1102,807,808,-1,804,805,863,-1,863,805,864,-1,863,864,1231,-1,1231,864,1101,-1,1231,1101,1232,-1,1232,1101,1099,-1,1232,1099,1233,-1,1233,1099,1097,-1,1233,1097,1234,-1,1234,1097,1095,-1,1234,1095,1235,-1,1235,1095,1093,-1,1235,1093,1236,-1,1236,1093,1091,-1,1236,1091,888,-1,888,1091,1089,-1,888,1089,934,-1,934,1089,1087,-1,801,800,1237,-1,1237,800,863,-1,1237,863,1238,-1,1238,863,1231,-1,1238,1231,1239,-1,1239,1231,1232,-1,1239,1232,1240,-1,1240,1232,1233,-1,1240,1233,1241,-1,1241,1233,1234,-1,1241,1234,1242,-1,1242,1234,1235,-1,1242,1235,1243,-1,1243,1235,1236,-1,1243,1236,885,-1,885,1236,888,-1,885,888,883,-1,883,888,887,-1,884,1103,885,-1,885,1103,1105,-1,885,1105,1243,-1,1243,1105,1107,-1,1243,1107,1242,-1,1242,1107,1109,-1,1242,1109,1241,-1,1241,1109,1111,-1,1241,1111,1240,-1,1240,1111,1113,-1,1240,1113,1239,-1,1239,1113,1115,-1,1239,1115,1238,-1,1238,1115,1117,-1,1238,1117,1237,-1,1237,1117,1119,-1,1237,1119,801,-1,801,1119,802,-1,862,798,1119,-1,1119,798,803,-1,1119,803,802,-1,797,799,1244,-1,1244,799,862,-1,1244,862,1245,-1,1245,862,1118,-1,1245,1118,1246,-1,1246,1118,1116,-1,1246,1116,1247,-1,1247,1116,1114,-1,1247,1114,1248,-1,1248,1114,1112,-1,1248,1112,1249,-1,1249,1112,1110,-1,1249,1110,1250,-1,1250,1110,1108,-1,1250,1108,882,-1,882,1108,1106,-1,882,1106,935,-1,935,1106,1104,-1,881,1120,882,-1,882,1120,1122,-1,882,1122,1250,-1,1250,1122,1124,-1,1250,1124,1249,-1,1249,1124,1126,-1,1249,1126,1248,-1,1248,1126,1128,-1,1248,1128,1247,-1,1247,1128,1130,-1,1247,1130,1246,-1,1246,1130,1132,-1,1246,1132,1245,-1,1245,1132,1134,-1,1245,1134,1244,-1,1244,1134,1136,-1,1244,1136,797,-1,797,1136,796,-1,861,794,1136,-1,1136,794,795,-1,1136,795,796,-1,793,792,1251,-1,1251,792,861,-1,1251,861,1252,-1,1252,861,1135,-1,1252,1135,1253,-1,1253,1135,1133,-1,1253,1133,1254,-1,1254,1133,1131,-1,1254,1131,1255,-1,1255,1131,1129,-1,1255,1129,1256,-1,1256,1129,1127,-1,1256,1127,1257,-1,1257,1127,1125,-1,1257,1125,879,-1,879,1125,1123,-1,879,1123,936,-1,936,1123,1121,-1,878,1137,879,-1,879,1137,1138,-1,879,1138,1257,-1,1257,1138,1139,-1,1257,1139,1256,-1,1256,1139,1140,-1,1256,1140,1255,-1,1255,1140,1141,-1,1255,1141,1254,-1,1254,1141,1142,-1,1254,1142,1253,-1,1253,1142,1143,-1,1253,1143,1252,-1,1252,1143,1144,-1,1252,1144,1251,-1,1251,1144,1145,-1,1251,1145,793,-1,793,1145,858,-1,878,1258,1259,-1,1121,1260,936,-1,936,1260,1258,-1,936,1258,877,-1,877,1258,878,-1,1121,1120,1260,-1,1260,1120,881,-1,1260,881,1261,-1,1104,1262,935,-1,935,1262,1261,-1,935,1261,880,-1,880,1261,881,-1,1104,1103,1262,-1,1262,1103,884,-1,1262,884,1263,-1,884,883,1263,-1,1263,883,887,-1,1263,887,1264,-1,1087,1265,934,-1,934,1265,1264,-1,934,1264,886,-1,886,1264,887,-1,1087,1086,1265,-1,1265,1086,890,-1,1265,890,1266,-1,1070,1267,933,-1,933,1267,1266,-1,933,1266,889,-1,889,1266,890,-1,1070,1069,1267,-1,1267,1069,893,-1,1267,893,1268,-1,893,892,1268,-1,1268,892,932,-1,1268,932,1269,-1,932,1054,1269,-1,1269,1054,896,-1,1269,896,1270,-1,1270,896,895,-1,1270,895,1271,-1,1271,895,1209,-1,1271,1209,899,-1,1038,1272,931,-1,931,1272,1271,-1,931,1271,898,-1,898,1271,899,-1,1038,1037,1272,-1,1272,1037,902,-1,1272,902,1273,-1,1021,1274,930,-1,930,1274,1273,-1,930,1273,901,-1,901,1273,902,-1,1021,1020,1274,-1,1274,1020,905,-1,1274,905,1275,-1,905,904,1275,-1,1275,904,908,-1,1275,908,1276,-1,1004,1277,929,-1,929,1277,1276,-1,929,1276,907,-1,907,1276,908,-1,1004,1003,1277,-1,1277,1003,911,-1,1277,911,1278,-1,987,1279,928,-1,928,1279,1278,-1,928,1278,910,-1,910,1278,911,-1,987,986,1279,-1,1279,986,914,-1,1279,914,1280,-1,914,913,1280,-1,1280,913,927,-1,1280,927,1281,-1,916,1282,917,-1,917,1282,1281,-1,917,1281,971,-1,971,1281,927,-1,916,1160,1282,-1,1282,1160,920,-1,1282,920,1283,-1,955,1284,926,-1,926,1284,1283,-1,926,1283,919,-1,919,1283,920,-1,955,954,1284,-1,1284,954,923,-1,1284,923,1285,-1,923,922,1285,-1,1285,922,925,-1,1285,925,1286,-1,925,938,1286,-1,1286,938,937,-1,1286,937,1259,-1,1259,937,1137,-1,1259,1137,878,-1,1287,1284,1288,-1,1288,1284,1285,-1,1288,1285,1289,-1,1289,1285,1286,-1,1289,1286,1290,-1,1290,1286,1259,-1,1290,1259,1291,-1,1291,1259,1258,-1,1291,1258,1292,-1,1293,1278,1294,-1,1294,1278,1279,-1,1294,1279,1295,-1,1295,1279,1280,-1,1295,1280,1296,-1,1296,1280,1281,-1,1296,1281,1297,-1,1297,1281,1282,-1,1297,1282,1287,-1,1287,1282,1283,-1,1287,1283,1284,-1,1298,1273,1299,-1,1299,1273,1274,-1,1299,1274,1300,-1,1300,1274,1275,-1,1300,1275,1301,-1,1301,1275,1276,-1,1301,1276,1293,-1,1293,1276,1277,-1,1293,1277,1278,-1,1258,1260,1292,-1,1292,1260,1261,-1,1292,1261,1302,-1,1302,1261,1262,-1,1302,1262,1303,-1,1303,1262,1263,-1,1303,1263,1304,-1,1304,1263,1264,-1,1304,1264,1305,-1,1305,1264,1265,-1,1305,1265,1306,-1,1265,1266,1306,-1,1306,1266,1267,-1,1306,1267,1307,-1,1307,1267,1268,-1,1307,1268,1308,-1,1308,1268,1269,-1,1308,1269,1309,-1,1309,1269,1270,-1,1309,1270,1310,-1,1310,1270,1271,-1,1310,1271,1298,-1,1298,1271,1272,-1,1298,1272,1273,-1,772,1290,770,-1,770,1290,1291,-1,770,1291,774,-1,774,1291,1292,-1,774,1292,775,-1,775,1292,1302,-1,775,1302,776,-1,776,1302,1303,-1,776,1303,777,-1,777,1303,1304,-1,777,1304,778,-1,778,1304,1305,-1,778,1305,779,-1,779,1305,1306,-1,779,1306,780,-1,780,1306,1307,-1,780,1307,781,-1,781,1307,1308,-1,781,1308,782,-1,782,1308,1309,-1,782,1309,783,-1,783,1309,1310,-1,783,1310,759,-1,759,1310,1298,-1,759,1298,758,-1,758,1298,1299,-1,758,1299,764,-1,764,1299,1300,-1,764,1300,765,-1,765,1300,1301,-1,765,1301,766,-1,766,1301,1293,-1,766,1293,767,-1,767,1293,1294,-1,767,1294,768,-1,768,1294,1295,-1,768,1295,769,-1,769,1295,1296,-1,769,1296,761,-1,761,1296,1297,-1,761,1297,762,-1,762,1297,1287,-1,762,1287,763,-1,763,1287,1288,-1,763,1288,773,-1,773,1288,1289,-1,773,1289,772,-1,772,1289,1290,-1,682,683,685,-1,685,683,686,-1,666,668,684,-1,684,668,681,-1,1311,791,1312,-1,1312,791,790,-1,1313,788,1311,-1,1311,788,791,-1,1314,789,1313,-1,1313,789,788,-1,1312,790,1314,-1,1314,790,789,-1,715,716,1312,-1,1312,716,1311,-1,717,718,1313,-1,1313,718,1314,-1,717,1313,716,-1,716,1313,1311,-1,715,1312,718,-1,718,1312,1314,-1,1315,1316,1317,-1,1318,1319,1320,-1,1321,1322,1323,-1,1324,1325,1326,-1,1327,1328,1329,-1,1330,1331,1332,-1,1333,1334,1335,-1,1336,1337,1338,-1,1339,1340,1341,-1,1341,1340,1342,-1,1341,1342,1343,-1,1344,1345,1341,-1,1341,1345,1346,-1,1341,1346,1339,-1,1347,1348,1349,-1,1349,1348,1350,-1,1349,1350,1351,-1,1351,1350,1352,-1,1351,1352,1353,-1,1353,1352,1354,-1,1353,1354,1355,-1,1355,1354,1356,-1,1355,1356,1357,-1,1357,1356,1358,-1,1357,1358,1341,-1,1341,1358,1359,-1,1341,1359,1344,-1,1360,1361,1362,-1,1362,1361,1363,-1,1362,1363,1364,-1,1343,1365,1366,-1,1366,1365,1367,-1,1366,1367,1368,-1,1367,1364,1368,-1,1368,1364,1363,-1,1368,1363,1369,-1,1370,1371,1372,-1,1372,1371,1373,-1,1372,1373,1374,-1,1375,1376,1373,-1,1377,1378,1376,-1,1376,1378,1379,-1,1376,1379,1373,-1,1373,1379,1380,-1,1373,1380,1374,-1,1381,1369,1382,-1,1382,1369,1371,-1,1382,1371,1383,-1,1380,1384,1385,-1,1385,1386,1380,-1,1380,1386,1387,-1,1380,1387,1374,-1,1388,1389,1383,-1,1383,1389,1390,-1,1383,1390,1391,-1,1370,1392,1371,-1,1371,1392,1393,-1,1371,1393,1383,-1,1383,1393,1394,-1,1383,1394,1388,-1,1391,1395,1383,-1,1383,1395,1396,-1,1383,1396,1380,-1,1380,1396,1397,-1,1380,1397,1384,-1,1382,1375,1381,-1,1381,1375,1373,-1,1381,1373,1398,-1,1399,1398,1400,-1,1401,1402,1403,-1,1401,1403,1404,-1,1403,1405,1404,-1,1404,1405,1406,-1,1404,1406,1407,-1,1407,1406,1408,-1,1407,1408,1409,-1,1409,1410,1407,-1,1407,1410,1411,-1,1407,1411,1412,-1,1411,1413,1412,-1,1412,1413,1414,-1,1412,1414,1415,-1,1415,1416,1412,-1,1412,1416,1417,-1,1412,1417,1418,-1,1418,1419,1412,-1,1412,1419,1420,-1,1412,1420,1421,-1,1421,1420,1422,-1,1422,1423,1421,-1,1421,1423,1424,-1,1421,1424,1425,-1,1426,1427,1428,-1,1428,1427,1429,-1,1428,1429,1430,-1,1424,1431,1425,-1,1425,1431,1432,-1,1425,1432,1428,-1,1428,1432,1433,-1,1428,1433,1426,-1,1430,1434,1435,-1,1435,1434,1436,-1,1436,1434,1437,-1,1436,1437,1438,-1,1439,1440,1441,-1,1442,1443,1444,-1,1439,1445,1440,-1,1440,1445,1444,-1,1440,1444,1446,-1,1442,1444,1447,-1,1430,1435,1428,-1,1428,1435,1448,-1,1428,1448,1445,-1,1445,1448,1449,-1,1445,1449,1444,-1,1444,1449,1450,-1,1444,1450,1447,-1,1451,1452,1453,-1,1453,1452,1454,-1,1453,1454,1455,-1,1455,1454,1456,-1,1455,1456,1457,-1,1457,1456,1458,-1,1457,1458,1459,-1,1459,1458,1460,-1,1459,1460,1441,-1,1441,1460,1461,-1,1441,1461,1439,-1,1462,1463,1464,-1,1465,1466,1467,-1,1464,1468,1462,-1,1462,1468,1469,-1,1462,1469,1470,-1,1470,1469,1465,-1,1470,1465,1471,-1,1471,1465,1467,-1,1472,1473,1326,-1,1326,1473,1474,-1,1326,1474,1475,-1,1475,1474,1468,-1,1468,1474,1476,-1,1468,1476,1469,-1,1477,1473,1478,-1,1478,1473,1472,-1,1478,1472,1479,-1,1480,1481,1482,-1,1483,1484,1472,-1,1472,1484,1485,-1,1472,1485,1486,-1,1487,1488,1489,-1,1489,1488,1490,-1,1489,1490,1480,-1,1480,1490,1491,-1,1480,1491,1481,-1,1486,1492,1472,-1,1472,1492,1493,-1,1472,1493,1479,-1,1494,1495,1496,-1,1496,1495,1497,-1,1496,1497,1489,-1,1489,1497,1498,-1,1489,1498,1487,-1,1499,1500,1501,-1,1502,1503,1504,-1,1504,1503,1505,-1,1499,1501,1506,-1,1507,1508,1509,-1,1510,1511,1512,-1,1502,1513,1503,-1,1503,1513,1514,-1,1503,1514,1515,-1,1515,1514,1512,-1,1515,1512,1516,-1,1516,1512,1511,-1,1517,1518,1507,-1,1507,1518,1519,-1,1507,1519,1508,-1,1520,1521,1522,-1,1522,1521,1523,-1,1522,1523,1524,-1,1525,1526,1527,-1,1527,1526,1528,-1,1529,1530,1501,-1,1501,1530,1531,-1,1501,1531,1506,-1,1532,1533,1534,-1,1509,1535,1507,-1,1507,1535,1536,-1,1507,1536,1526,-1,1526,1536,1505,-1,1526,1505,1528,-1,1528,1505,1503,-1,1537,1538,1512,-1,1512,1538,1539,-1,1512,1539,1540,-1,1533,1541,1534,-1,1534,1541,1542,-1,1534,1542,1543,-1,1525,1544,1526,-1,1526,1544,1545,-1,1526,1545,1546,-1,1540,1547,1512,-1,1512,1547,1548,-1,1512,1548,1510,-1,1549,1550,1551,-1,1551,1550,1552,-1,1551,1552,1542,-1,1542,1552,1553,-1,1542,1553,1543,-1,1500,1554,1555,-1,1555,1554,1556,-1,1554,1557,1556,-1,1556,1557,1558,-1,1556,1558,1507,-1,1507,1558,1559,-1,1507,1559,1517,-1,1560,1561,1562,-1,1562,1561,1563,-1,1562,1563,1335,-1,1333,1335,1564,-1,1565,1566,1563,-1,1563,1566,1567,-1,1563,1567,1335,-1,1335,1567,1568,-1,1335,1568,1564,-1,1569,1570,1571,-1,1572,1573,1563,-1,1563,1573,1574,-1,1563,1574,1575,-1,1575,1576,1563,-1,1563,1576,1577,-1,1563,1577,1565,-1,1578,1579,1580,-1,1580,1579,1581,-1,1570,1582,1571,-1,1571,1582,1581,-1,1571,1581,1583,-1,1583,1581,1579,-1,1569,1571,1584,-1,1584,1571,1585,-1,1584,1585,1563,-1,1563,1585,1586,-1,1563,1586,1572,-1,1331,1587,1588,-1,1588,1587,1589,-1,1589,1587,1590,-1,1589,1590,1591,-1,1332,1592,1593,-1,1593,1594,1332,-1,1332,1594,1595,-1,1332,1595,1330,-1,1596,1597,1332,-1,1332,1597,1598,-1,1332,1598,1592,-1,1599,1600,1601,-1,1601,1600,1602,-1,1601,1602,1596,-1,1596,1602,1603,-1,1596,1603,1597,-1,1604,1605,1606,-1,1606,1605,1607,-1,1608,1609,1526,-1,1526,1609,1610,-1,1526,1610,1606,-1,1606,1610,1611,-1,1606,1611,1604,-1,1532,1534,1546,-1,1546,1534,1612,-1,1546,1612,1526,-1,1526,1612,1613,-1,1526,1613,1608,-1,1614,1615,1616,-1,1614,1616,1617,-1,1617,1616,1618,-1,1617,1618,1619,-1,1620,1621,1622,-1,1622,1621,1623,-1,1624,1619,1625,-1,1625,1619,1618,-1,1625,1618,1329,-1,1329,1618,1626,-1,1329,1626,1327,-1,1623,1621,1624,-1,1624,1621,1627,-1,1624,1627,1619,-1,1619,1627,1628,-1,1619,1628,1629,-1,1629,1628,1630,-1,1629,1630,1631,-1,1615,1614,1632,-1,1632,1614,1562,-1,1632,1562,1631,-1,1631,1562,1335,-1,1631,1335,1629,-1,1633,1634,1635,-1,1636,1637,1617,-1,1633,1635,1619,-1,1619,1635,1638,-1,1619,1638,1617,-1,1617,1638,1639,-1,1617,1639,1636,-1,1640,1641,1642,-1,1643,1644,1645,-1,1641,1646,1642,-1,1642,1646,1647,-1,1642,1647,1633,-1,1633,1647,1648,-1,1633,1648,1634,-1,1643,1645,1649,-1,1636,1650,1637,-1,1637,1650,1651,-1,1637,1651,1645,-1,1645,1651,1652,-1,1645,1652,1649,-1,1644,1653,1645,-1,1645,1653,1654,-1,1645,1654,1642,-1,1642,1654,1655,-1,1642,1655,1640,-1,1361,1656,1363,-1,1363,1656,1657,-1,1363,1657,1642,-1,1642,1657,1658,-1,1642,1658,1645,-1,1645,1658,1659,-1,1645,1659,1365,-1,1365,1659,1660,-1,1365,1660,1367,-1,1520,1549,1521,-1,1521,1549,1551,-1,1521,1551,1661,-1,1661,1551,1662,-1,1661,1662,1663,-1,1663,1662,1664,-1,1663,1664,1665,-1,1665,1664,1666,-1,1667,1666,1555,-1,1555,1666,1664,-1,1555,1664,1500,-1,1500,1664,1662,-1,1500,1662,1501,-1,1667,1555,1325,-1,1325,1555,1480,-1,1325,1480,1326,-1,1326,1480,1482,-1,1326,1482,1472,-1,1472,1482,1668,-1,1472,1668,1483,-1,1669,1670,1671,-1,1612,1672,1613,-1,1613,1672,1673,-1,1613,1673,1674,-1,1674,1675,1613,-1,1613,1675,1676,-1,1613,1676,1475,-1,1326,1677,1678,-1,1679,1680,1326,-1,1326,1680,1681,-1,1326,1681,1677,-1,1670,1679,1671,-1,1671,1679,1326,-1,1671,1326,1682,-1,1682,1326,1475,-1,1682,1475,1683,-1,1683,1475,1676,-1,1678,1684,1326,-1,1326,1684,1685,-1,1326,1685,1324,-1,1686,1687,1688,-1,1688,1687,1689,-1,1688,1689,1690,-1,1688,1691,1686,-1,1686,1691,1692,-1,1686,1692,1693,-1,1693,1694,1686,-1,1686,1694,1695,-1,1686,1695,1696,-1,1696,1695,1697,-1,1696,1697,1698,-1,1698,1697,1699,-1,1698,1699,1671,-1,1671,1699,1700,-1,1671,1700,1669,-1,1701,1702,1690,-1,1690,1702,1703,-1,1690,1703,1688,-1,1704,1705,1524,-1,1524,1705,1706,-1,1524,1706,1522,-1,1704,1707,1705,-1,1705,1707,1708,-1,1705,1708,1709,-1,1709,1708,1710,-1,1709,1711,1712,-1,1710,1713,1709,-1,1709,1713,1714,-1,1709,1714,1715,-1,1715,1716,1709,-1,1709,1716,1717,-1,1709,1717,1711,-1,1712,1718,1709,-1,1709,1718,1719,-1,1709,1719,1720,-1,1721,1722,1371,-1,1371,1722,1723,-1,1371,1723,1373,-1,1373,1723,1724,-1,1373,1724,1725,-1,1726,1727,1728,-1,1728,1727,1729,-1,1729,1727,1730,-1,1730,1727,1723,-1,1730,1723,1731,-1,1731,1723,1722,-1,1731,1722,1323,-1,1323,1722,1732,-1,1323,1732,1321,-1,1724,1733,1725,-1,1725,1733,1734,-1,1725,1734,1735,-1,1735,1734,1736,-1,1721,1371,1737,-1,1737,1371,1738,-1,1737,1738,1736,-1,1736,1738,1464,-1,1736,1464,1735,-1,1735,1464,1463,-1,1735,1463,1739,-1,1740,1741,1742,-1,1742,1741,1318,-1,1743,1744,1742,-1,1742,1744,1745,-1,1745,1746,1742,-1,1742,1746,1747,-1,1742,1747,1740,-1,1315,1748,1316,-1,1316,1748,1749,-1,1316,1749,1750,-1,1750,1751,1316,-1,1316,1751,1752,-1,1316,1752,1753,-1,1754,1755,1315,-1,1754,1315,1756,-1,1757,1758,1759,-1,1759,1758,1760,-1,1761,1762,1758,-1,1758,1762,1763,-1,1758,1763,1764,-1,1765,1766,1767,-1,1767,1766,1768,-1,1769,1770,1748,-1,1748,1770,1771,-1,1748,1771,1772,-1,1773,1774,1775,-1,1775,1774,1776,-1,1775,1776,1777,-1,1778,1764,1779,-1,1779,1764,1780,-1,1779,1780,1775,-1,1775,1780,1781,-1,1775,1781,1773,-1,1782,1783,1319,-1,1319,1783,1784,-1,1319,1784,1315,-1,1315,1784,1785,-1,1315,1785,1756,-1,1755,1786,1315,-1,1315,1786,1787,-1,1315,1787,1748,-1,1748,1787,1788,-1,1748,1788,1769,-1,1778,1789,1764,-1,1764,1789,1790,-1,1764,1790,1758,-1,1758,1790,1791,-1,1758,1791,1760,-1,1765,1792,1766,-1,1766,1792,1793,-1,1766,1793,1794,-1,1795,1796,1797,-1,1797,1796,1798,-1,1797,1798,1766,-1,1766,1798,1799,-1,1766,1799,1768,-1,1772,1800,1748,-1,1748,1800,1801,-1,1748,1801,1802,-1,1802,1801,1795,-1,1802,1795,1803,-1,1803,1795,1797,-1,1804,1805,1766,-1,1766,1805,1806,-1,1766,1806,1758,-1,1758,1806,1807,-1,1758,1807,1761,-1,1794,1808,1766,-1,1766,1808,1809,-1,1766,1809,1810,-1,1810,1811,1766,-1,1766,1811,1812,-1,1766,1812,1804,-1,1813,1814,1815,-1,1815,1764,1813,-1,1813,1764,1763,-1,1813,1763,1816,-1,1816,1763,1817,-1,1817,1818,1816,-1,1816,1818,1819,-1,1816,1819,1820,-1,1821,1822,1823,-1,1824,1825,1822,-1,1825,1826,1822,-1,1822,1826,1827,-1,1822,1827,1828,-1,1823,1829,1821,-1,1821,1829,1830,-1,1821,1830,1831,-1,1814,1813,1821,-1,1821,1813,1832,-1,1821,1832,1822,-1,1822,1832,1833,-1,1822,1833,1824,-1,1828,1834,1822,-1,1822,1834,1835,-1,1822,1835,1836,-1,1836,1835,1837,-1,1836,1837,1838,-1,1838,1837,1839,-1,1840,1841,1831,-1,1831,1841,1842,-1,1831,1842,1821,-1,1741,1843,1318,-1,1318,1843,1844,-1,1318,1844,1319,-1,1319,1844,1845,-1,1319,1845,1782,-1,1846,1451,1847,-1,1847,1451,1453,-1,1847,1453,1848,-1,1848,1453,1455,-1,1848,1455,1849,-1,1849,1455,1457,-1,1849,1457,1850,-1,1850,1457,1459,-1,1850,1459,1851,-1,1851,1459,1441,-1,1851,1441,1852,-1,1852,1441,1440,-1,1853,1596,1742,-1,1853,1854,1596,-1,1596,1854,1855,-1,1596,1855,1601,-1,1601,1855,1856,-1,1601,1856,1857,-1,1320,1601,1318,-1,1318,1601,1857,-1,1318,1857,1742,-1,1742,1857,1858,-1,1742,1858,1853,-1,1859,1860,1320,-1,1859,1861,1860,-1,1860,1861,1862,-1,1860,1862,1863,-1,1864,1865,1866,-1,1866,1865,1861,-1,1866,1861,1867,-1,1867,1861,1859,-1,1867,1859,1868,-1,1868,1859,1869,-1,1317,1860,1315,-1,1315,1860,1863,-1,1315,1863,1319,-1,1319,1863,1870,-1,1319,1870,1320,-1,1320,1870,1871,-1,1320,1871,1859,-1,1331,1588,1332,-1,1332,1588,1872,-1,1332,1872,1596,-1,1596,1872,1444,-1,1596,1444,1742,-1,1742,1444,1443,-1,1742,1443,1743,-1,1317,1556,1860,-1,1860,1556,1507,-1,1860,1507,1320,-1,1320,1507,1526,-1,1320,1526,1601,-1,1601,1526,1606,-1,1601,1606,1599,-1,1599,1606,1607,-1,1342,1336,1343,-1,1343,1336,1338,-1,1343,1338,1365,-1,1365,1338,1873,-1,1365,1873,1645,-1,1645,1873,1874,-1,1645,1874,1637,-1,1637,1874,1875,-1,1637,1875,1617,-1,1617,1875,1876,-1,1617,1876,1614,-1,1614,1876,1589,-1,1614,1589,1562,-1,1562,1589,1591,-1,1562,1591,1560,-1,1369,1363,1371,-1,1371,1363,1642,-1,1371,1642,1738,-1,1738,1642,1633,-1,1738,1633,1464,-1,1464,1633,1619,-1,1464,1619,1468,-1,1468,1619,1629,-1,1468,1629,1475,-1,1475,1629,1335,-1,1475,1335,1613,-1,1613,1335,1334,-1,1613,1334,1608,-1,1398,1373,1400,-1,1400,1373,1725,-1,1400,1725,1877,-1,1877,1725,1735,-1,1877,1735,1496,-1,1496,1735,1739,-1,1496,1739,1494,-1,1399,1400,1878,-1,1878,1400,1877,-1,1878,1877,1879,-1,1879,1877,1496,-1,1879,1496,1880,-1,1880,1496,1489,-1,1880,1489,1881,-1,1881,1489,1480,-1,1881,1480,1882,-1,1882,1480,1555,-1,1882,1555,1883,-1,1883,1555,1556,-1,1883,1556,1884,-1,1884,1556,1317,-1,1884,1317,1885,-1,1885,1317,1316,-1,1885,1316,1401,-1,1401,1316,1753,-1,1401,1753,1402,-1,1886,1848,1849,-1,5,1846,1847,-1,1887,7,1888,-1,1888,7,5,-1,1888,5,1886,-1,1886,5,1847,-1,1886,1847,1848,-1,1852,1889,1851,-1,1851,1889,1886,-1,1851,1886,1850,-1,1850,1886,1849,-1,11,10,5,-1,13,12,7,-1,7,12,9,-1,7,9,5,-1,5,9,8,-1,8,18,5,-1,5,18,17,-1,5,17,16,-1,16,15,5,-1,5,15,14,-1,5,14,11,-1,1890,1886,1891,-1,1891,1886,1889,-1,1891,1889,1892,-1,1888,1893,1887,-1,1887,1893,1894,-1,1887,1894,1895,-1,1896,1897,1898,-1,1898,1897,1899,-1,1899,1900,1901,-1,1902,1903,1898,-1,1399,1878,1901,-1,1901,1878,1879,-1,1901,1879,1880,-1,1899,1901,1898,-1,1898,1901,1904,-1,1898,1904,1902,-1,1348,1347,1905,-1,1348,1905,10,-1,1906,10,1907,-1,1907,10,1905,-1,1907,1905,1908,-1,1908,1905,1901,-1,1908,1901,1909,-1,1909,1901,1900,-1,1906,1910,10,-1,10,1910,1911,-1,10,1911,5,-1,1880,1881,1901,-1,1901,1881,1882,-1,1901,1882,1883,-1,1883,1884,1901,-1,1901,1884,1885,-1,1901,1885,1904,-1,1904,1885,1401,-1,1904,1401,1404,-1,1912,1913,1911,-1,1911,1913,1914,-1,1911,1914,5,-1,5,1914,1915,-1,5,1915,1846,-1,1846,1915,1903,-1,1846,1903,1451,-1,1451,1903,1902,-1,1451,1902,1452,-1,1896,1898,1916,-1,1916,1898,1917,-1,1916,1917,1918,-1,1918,1917,1919,-1,1918,1919,1913,-1,1913,1919,1914,-1,1910,1906,1920,-1,1909,1900,1921,-1,1921,1900,1922,-1,1921,1922,1920,-1,1920,1922,1923,-1,1920,1923,1910,-1,1899,1897,1924,-1,1912,1911,1925,-1,1925,1911,1926,-1,1925,1926,1924,-1,1924,1926,1927,-1,1924,1927,1899,-1,1928,11,1929,-1,1929,11,1359,-1,1929,1359,1930,-1,1930,1359,1348,-1,1930,1348,1931,-1,1931,1348,10,-1,1931,10,1928,-1,1928,10,11,-1,1359,11,14,-1,1359,14,1344,-1,1344,14,15,-1,1344,15,1345,-1,1345,15,16,-1,1345,16,1346,-1,1346,16,17,-1,1346,17,1339,-1,1339,17,18,-1,1339,18,1340,-1,1340,18,8,-1,1340,8,1342,-1,1342,8,9,-1,1342,9,1336,-1,1337,1336,12,-1,12,1336,9,-1,1932,1933,1337,-1,1337,1933,1934,-1,1337,1934,1446,-1,1446,1934,1935,-1,1446,1935,1936,-1,1936,1937,1446,-1,1446,1937,1938,-1,1446,1938,1939,-1,1939,1940,1446,-1,1446,1940,1941,-1,1446,1941,13,-1,13,1941,1942,-1,13,1942,1943,-1,1943,1944,13,-1,13,1944,1945,-1,13,1945,1946,-1,1947,1948,12,-1,12,1948,1949,-1,12,1949,1950,-1,1337,1951,1952,-1,1946,1953,13,-1,13,1953,1954,-1,13,1954,12,-1,12,1954,1955,-1,12,1955,1947,-1,1950,1956,12,-1,12,1956,1957,-1,12,1957,1337,-1,1337,1957,1958,-1,1337,1958,1951,-1,1952,1959,1337,-1,1337,1959,1960,-1,1337,1960,1932,-1,1440,1446,13,-1,7,1887,1895,-1,1889,1852,1892,-1,1892,1852,1440,-1,1892,1440,1895,-1,1895,1440,13,-1,1895,13,7,-1,1915,1961,1903,-1,1903,1961,1962,-1,1961,1963,1962,-1,1962,1963,1964,-1,1965,1894,1893,-1,1891,1966,1890,-1,1890,1966,1964,-1,1890,1964,1893,-1,1893,1964,1963,-1,1893,1963,1965,-1,1965,1919,1894,-1,1894,1919,1917,-1,1894,1917,1891,-1,1891,1917,1966,-1,1961,1915,1963,-1,1963,1915,1914,-1,1963,1914,1965,-1,1965,1914,1919,-1,1966,1917,1964,-1,1964,1917,1898,-1,1964,1898,1962,-1,1962,1898,1903,-1,1926,1967,1927,-1,1927,1967,1968,-1,1967,1969,1968,-1,1968,1969,1970,-1,1971,1969,1972,-1,1972,1969,1973,-1,1974,1975,1970,-1,1970,1975,1976,-1,1971,1977,1969,-1,1969,1977,1978,-1,1969,1978,1979,-1,1979,1980,1969,-1,1969,1980,1981,-1,1969,1981,1970,-1,1970,1981,1982,-1,1970,1982,1974,-1,1983,1984,1985,-1,1985,1984,1970,-1,1985,1970,1986,-1,1986,1970,1976,-1,1983,1987,1984,-1,1984,1987,1988,-1,1984,1988,1989,-1,1989,1990,1984,-1,1984,1990,1991,-1,1984,1991,1973,-1,1991,1992,1973,-1,1973,1992,1993,-1,1973,1993,1994,-1,1994,1995,1973,-1,1973,1995,1996,-1,1973,1996,1972,-1,1973,1997,1984,-1,1984,1997,1998,-1,1997,1923,1998,-1,1998,1923,1922,-1,1923,1997,1973,-1,1967,1926,1969,-1,1969,1926,1911,-1,1969,1911,1973,-1,1973,1911,1910,-1,1973,1910,1923,-1,1927,1968,1970,-1,1998,1922,1984,-1,1984,1922,1900,-1,1984,1900,1970,-1,1970,1900,1899,-1,1970,1899,1927,-1,1918,1925,1916,-1,1916,1925,1924,-1,1918,1913,1925,-1,1925,1913,1912,-1,1896,1916,1897,-1,1897,1916,1924,-1,1920,1999,1921,-1,1921,1999,2000,-1,2001,1908,2000,-1,1908,2001,1907,-1,1907,2001,2002,-1,1907,2002,1999,-1,1999,2002,2003,-1,1999,2003,2000,-1,2000,2003,2004,-1,2000,2004,2001,-1,1906,1907,1920,-1,1920,1907,1999,-1,1908,1909,2000,-1,2000,1909,1921,-1,1933,2005,2006,-1,1933,2006,1934,-1,2005,1933,2007,-1,2007,1933,1932,-1,2007,1932,2008,-1,2008,1932,2009,-1,2009,1932,1960,-1,2009,1960,2010,-1,1959,2011,1960,-1,1960,2011,2012,-1,1960,2012,2010,-1,2013,2014,1952,-1,1952,2014,2015,-1,1952,2015,1959,-1,1959,2015,2016,-1,1959,2016,2011,-1,2013,1952,2017,-1,2017,1952,1951,-1,2017,1951,2018,-1,2018,1951,2019,-1,2019,1951,1958,-1,2019,1958,2020,-1,2020,1958,2021,-1,2021,1958,1957,-1,2021,1957,2022,-1,1956,2023,1957,-1,1957,2023,2024,-1,1957,2024,2022,-1,2025,2026,1950,-1,1950,2026,2027,-1,1950,2027,1956,-1,1956,2027,2028,-1,1956,2028,2023,-1,2025,1950,2029,-1,2029,1950,1949,-1,2029,1949,2030,-1,2030,1949,2031,-1,2031,1949,1948,-1,2031,1948,2032,-1,2032,1948,2033,-1,2033,1948,1947,-1,2033,1947,2034,-1,1955,2035,1947,-1,1947,2035,2036,-1,1947,2036,2034,-1,2037,2038,1954,-1,1954,2038,2039,-1,1954,2039,1955,-1,1955,2039,2040,-1,1955,2040,2035,-1,2037,1954,2041,-1,2041,1954,1953,-1,2041,1953,2042,-1,2042,1953,2043,-1,2043,1953,1946,-1,2043,1946,2044,-1,1945,2045,1946,-1,1946,2045,2046,-1,1946,2046,2044,-1,1944,2047,1945,-1,1945,2047,2048,-1,1945,2048,2045,-1,2049,2050,1943,-1,1943,2050,2051,-1,1943,2051,1944,-1,1944,2051,2052,-1,1944,2052,2047,-1,2049,1943,2053,-1,2053,1943,1942,-1,2053,1942,2054,-1,2054,1942,2055,-1,2055,1942,1941,-1,2055,1941,2056,-1,1940,2057,1941,-1,1941,2057,2058,-1,1941,2058,2056,-1,1939,2059,1940,-1,1940,2059,2060,-1,1940,2060,2057,-1,2061,2062,1938,-1,1938,2062,2063,-1,1938,2063,1939,-1,1939,2063,2064,-1,1939,2064,2059,-1,2061,1938,2065,-1,2065,1938,1937,-1,2065,1937,2066,-1,2066,1937,2067,-1,2067,1937,1936,-1,2067,1936,2068,-1,1935,2069,1936,-1,1936,2069,2070,-1,1936,2070,2068,-1,2006,2071,1934,-1,1934,2071,2072,-1,1934,2072,1935,-1,1935,2072,2073,-1,1935,2073,2069,-1,2005,2007,2074,-1,2012,2011,2075,-1,2013,2017,2076,-1,2018,2019,2077,-1,2024,2023,2078,-1,2025,2029,2079,-1,2032,2033,2080,-1,2036,2035,2081,-1,2037,2041,2082,-1,2046,2045,2083,-1,2048,2047,2084,-1,2049,2053,2085,-1,2058,2057,2086,-1,2064,2063,2087,-1,2061,2065,2088,-1,2070,2069,2089,-1,2090,2091,2092,-1,2093,2094,2095,-1,2096,2097,2098,-1,2099,2100,2101,-1,2102,2103,2104,-1,2105,2106,2107,-1,2108,2109,2110,-1,2111,2112,2113,-1,2114,2115,2116,-1,2117,2118,2119,-1,2120,2121,2122,-1,2123,2124,2125,-1,2126,2127,2128,-1,2129,2130,2131,-1,2132,2133,2134,-1,2135,2136,2137,-1,2135,2137,2138,-1,2132,2134,2139,-1,2126,2128,2140,-1,2123,2125,2141,-1,2120,2122,2142,-1,2114,2116,2143,-1,2111,2113,2144,-1,2105,2107,2145,-1,2102,2104,2146,-1,2099,2101,2147,-1,2093,2095,2148,-1,2090,2092,2149,-1,2150,2151,2152,-1,2152,2151,2153,-1,2152,2153,2154,-1,2154,2153,2155,-1,2154,2155,2156,-1,2156,2155,2157,-1,2156,2157,2158,-1,2158,2157,2159,-1,2158,2159,2160,-1,2160,2159,2161,-1,2160,2161,2162,-1,2162,2161,2163,-1,2162,2163,2164,-1,2164,2163,2165,-1,2164,2165,2166,-1,2166,2165,2089,-1,2167,2168,2169,-1,2169,2168,2170,-1,2169,2170,2171,-1,2171,2170,2172,-1,2171,2172,2173,-1,2173,2172,2174,-1,2173,2174,2175,-1,2175,2174,2176,-1,2175,2176,2177,-1,2177,2176,2178,-1,2177,2178,2179,-1,2179,2178,2180,-1,2179,2180,2181,-1,2181,2180,2182,-1,2181,2182,2183,-1,2183,2182,2088,-1,2130,2184,2131,-1,2131,2184,2185,-1,2131,2185,2186,-1,2186,2185,2187,-1,2186,2187,2188,-1,2188,2187,2189,-1,2188,2189,2190,-1,2190,2189,2191,-1,2190,2191,2192,-1,2192,2191,2193,-1,2192,2193,2194,-1,2194,2193,2195,-1,2194,2195,2196,-1,2196,2195,2197,-1,2196,2197,2198,-1,2198,2197,2086,-1,2199,2200,2201,-1,2201,2200,2202,-1,2201,2202,2203,-1,2203,2202,2204,-1,2203,2204,2205,-1,2205,2204,2206,-1,2205,2206,2207,-1,2207,2206,2208,-1,2207,2208,2209,-1,2209,2208,2210,-1,2209,2210,2211,-1,2211,2210,2212,-1,2211,2212,2213,-1,2213,2212,2214,-1,2213,2214,2215,-1,2215,2214,2085,-1,2216,2217,2218,-1,2218,2217,2219,-1,2218,2219,2220,-1,2220,2219,2221,-1,2220,2221,2222,-1,2222,2221,2223,-1,2222,2223,2224,-1,2224,2223,2225,-1,2224,2225,2226,-1,2226,2225,2227,-1,2226,2227,2228,-1,2228,2227,2229,-1,2228,2229,2230,-1,2230,2229,2231,-1,2230,2231,2232,-1,2232,2231,2084,-1,2233,2234,2235,-1,2235,2234,2236,-1,2235,2236,2237,-1,2237,2236,2238,-1,2237,2238,2239,-1,2239,2238,2240,-1,2239,2240,2241,-1,2241,2240,2242,-1,2241,2242,2243,-1,2243,2242,2244,-1,2243,2244,2245,-1,2245,2244,2246,-1,2245,2246,2247,-1,2247,2246,2248,-1,2247,2248,2249,-1,2249,2248,2082,-1,2250,2251,2252,-1,2252,2251,2253,-1,2252,2253,2254,-1,2254,2253,2255,-1,2254,2255,2256,-1,2256,2255,2257,-1,2256,2257,2258,-1,2258,2257,2259,-1,2258,2259,2260,-1,2260,2259,2261,-1,2260,2261,2262,-1,2262,2261,2263,-1,2262,2263,2264,-1,2264,2263,2265,-1,2264,2265,2266,-1,2266,2265,2081,-1,2109,2267,2110,-1,2110,2267,2268,-1,2110,2268,2269,-1,2269,2268,2270,-1,2269,2270,2271,-1,2271,2270,2272,-1,2271,2272,2273,-1,2273,2272,2274,-1,2273,2274,2275,-1,2275,2274,2276,-1,2275,2276,2277,-1,2277,2276,2278,-1,2277,2278,2279,-1,2279,2278,2280,-1,2279,2280,2281,-1,2281,2280,2079,-1,2282,2283,2284,-1,2284,2283,2285,-1,2284,2285,2286,-1,2286,2285,2287,-1,2286,2287,2288,-1,2288,2287,2289,-1,2288,2289,2290,-1,2290,2289,2291,-1,2290,2291,2292,-1,2292,2291,2293,-1,2292,2293,2294,-1,2294,2293,2295,-1,2294,2295,2296,-1,2296,2295,2297,-1,2296,2297,2298,-1,2298,2297,2078,-1,2299,2300,2301,-1,2301,2300,2302,-1,2301,2302,2303,-1,2303,2302,2304,-1,2303,2304,2305,-1,2305,2304,2306,-1,2305,2306,2307,-1,2307,2306,2308,-1,2307,2308,2309,-1,2309,2308,2310,-1,2309,2310,2311,-1,2311,2310,2312,-1,2311,2312,2313,-1,2313,2312,2314,-1,2313,2314,2315,-1,2315,2314,2077,-1,2316,2317,2318,-1,2318,2317,2319,-1,2318,2319,2320,-1,2320,2319,2321,-1,2320,2321,2322,-1,2322,2321,2323,-1,2322,2323,2324,-1,2324,2323,2325,-1,2324,2325,2326,-1,2326,2325,2327,-1,2326,2327,2328,-1,2328,2327,2329,-1,2328,2329,2330,-1,2330,2329,2331,-1,2330,2331,2332,-1,2332,2331,2075,-1,2333,2334,2335,-1,2335,2334,2336,-1,2335,2336,2337,-1,2337,2336,2338,-1,2337,2338,2339,-1,2339,2338,2340,-1,2339,2340,2341,-1,2341,2340,2342,-1,2341,2342,2343,-1,2343,2342,2344,-1,2343,2344,2345,-1,2345,2344,2346,-1,2345,2346,2347,-1,2347,2346,2348,-1,2347,2348,2349,-1,2349,2348,2074,-1,2350,2150,2351,-1,2351,2150,2152,-1,2351,2152,2352,-1,2352,2152,2154,-1,2352,2154,2353,-1,2353,2154,2156,-1,2353,2156,2354,-1,2354,2156,2158,-1,2354,2158,2355,-1,2355,2158,2160,-1,2355,2160,2356,-1,2356,2160,2162,-1,2356,2162,2357,-1,2357,2162,2164,-1,2357,2164,2358,-1,2358,2164,2166,-1,2358,2166,2071,-1,2071,2166,2072,-1,2089,2069,2166,-1,2166,2069,2073,-1,2166,2073,2072,-1,2068,2070,2359,-1,2359,2070,2089,-1,2359,2089,2360,-1,2360,2089,2165,-1,2360,2165,2361,-1,2361,2165,2163,-1,2361,2163,2362,-1,2362,2163,2161,-1,2362,2161,2363,-1,2363,2161,2159,-1,2363,2159,2364,-1,2364,2159,2157,-1,2364,2157,2365,-1,2365,2157,2155,-1,2365,2155,2137,-1,2137,2155,2153,-1,2137,2153,2138,-1,2138,2153,2151,-1,2136,2167,2137,-1,2137,2167,2169,-1,2137,2169,2365,-1,2365,2169,2171,-1,2365,2171,2364,-1,2364,2171,2173,-1,2364,2173,2363,-1,2363,2173,2175,-1,2363,2175,2362,-1,2362,2175,2177,-1,2362,2177,2361,-1,2361,2177,2179,-1,2361,2179,2360,-1,2360,2179,2181,-1,2360,2181,2359,-1,2359,2181,2183,-1,2359,2183,2068,-1,2068,2183,2067,-1,2088,2065,2183,-1,2183,2065,2066,-1,2183,2066,2067,-1,2062,2061,2366,-1,2366,2061,2088,-1,2366,2088,2367,-1,2367,2088,2182,-1,2367,2182,2368,-1,2368,2182,2180,-1,2368,2180,2369,-1,2369,2180,2178,-1,2369,2178,2370,-1,2370,2178,2176,-1,2370,2176,2371,-1,2371,2176,2174,-1,2371,2174,2372,-1,2372,2174,2172,-1,2372,2172,2134,-1,2134,2172,2170,-1,2134,2170,2139,-1,2139,2170,2168,-1,2133,2373,2134,-1,2134,2373,2374,-1,2134,2374,2372,-1,2372,2374,2375,-1,2372,2375,2371,-1,2371,2375,2376,-1,2371,2376,2370,-1,2370,2376,2377,-1,2370,2377,2369,-1,2369,2377,2378,-1,2369,2378,2368,-1,2368,2378,2379,-1,2368,2379,2367,-1,2367,2379,2380,-1,2367,2380,2366,-1,2366,2380,2087,-1,2366,2087,2062,-1,2062,2087,2063,-1,2059,2064,2198,-1,2198,2064,2087,-1,2198,2087,2196,-1,2196,2087,2380,-1,2196,2380,2194,-1,2194,2380,2379,-1,2194,2379,2192,-1,2192,2379,2378,-1,2192,2378,2190,-1,2190,2378,2377,-1,2190,2377,2188,-1,2188,2377,2376,-1,2188,2376,2186,-1,2186,2376,2375,-1,2186,2375,2131,-1,2131,2375,2374,-1,2131,2374,2129,-1,2129,2374,2373,-1,2086,2057,2198,-1,2198,2057,2060,-1,2198,2060,2059,-1,2056,2058,2381,-1,2381,2058,2086,-1,2381,2086,2382,-1,2382,2086,2197,-1,2382,2197,2383,-1,2383,2197,2195,-1,2383,2195,2384,-1,2384,2195,2193,-1,2384,2193,2385,-1,2385,2193,2191,-1,2385,2191,2386,-1,2386,2191,2189,-1,2386,2189,2387,-1,2387,2189,2187,-1,2387,2187,2128,-1,2128,2187,2185,-1,2128,2185,2140,-1,2140,2185,2184,-1,2127,2199,2128,-1,2128,2199,2201,-1,2128,2201,2387,-1,2387,2201,2203,-1,2387,2203,2386,-1,2386,2203,2205,-1,2386,2205,2385,-1,2385,2205,2207,-1,2385,2207,2384,-1,2384,2207,2209,-1,2384,2209,2383,-1,2383,2209,2211,-1,2383,2211,2382,-1,2382,2211,2213,-1,2382,2213,2381,-1,2381,2213,2215,-1,2381,2215,2056,-1,2056,2215,2055,-1,2085,2053,2215,-1,2215,2053,2054,-1,2215,2054,2055,-1,2050,2049,2388,-1,2388,2049,2085,-1,2388,2085,2389,-1,2389,2085,2214,-1,2389,2214,2390,-1,2390,2214,2212,-1,2390,2212,2391,-1,2391,2212,2210,-1,2391,2210,2392,-1,2392,2210,2208,-1,2392,2208,2393,-1,2393,2208,2206,-1,2393,2206,2394,-1,2394,2206,2204,-1,2394,2204,2125,-1,2125,2204,2202,-1,2125,2202,2141,-1,2141,2202,2200,-1,2124,2216,2125,-1,2125,2216,2218,-1,2125,2218,2394,-1,2394,2218,2220,-1,2394,2220,2393,-1,2393,2220,2222,-1,2393,2222,2392,-1,2392,2222,2224,-1,2392,2224,2391,-1,2391,2224,2226,-1,2391,2226,2390,-1,2390,2226,2228,-1,2390,2228,2389,-1,2389,2228,2230,-1,2389,2230,2388,-1,2388,2230,2232,-1,2388,2232,2050,-1,2050,2232,2051,-1,2084,2047,2232,-1,2232,2047,2052,-1,2232,2052,2051,-1,2045,2048,2083,-1,2083,2048,2084,-1,2083,2084,2395,-1,2395,2084,2231,-1,2395,2231,2396,-1,2396,2231,2229,-1,2396,2229,2397,-1,2397,2229,2227,-1,2397,2227,2398,-1,2398,2227,2225,-1,2398,2225,2399,-1,2399,2225,2223,-1,2399,2223,2400,-1,2400,2223,2221,-1,2400,2221,2122,-1,2122,2221,2219,-1,2122,2219,2142,-1,2142,2219,2217,-1,2044,2046,2401,-1,2401,2046,2083,-1,2401,2083,2402,-1,2402,2083,2395,-1,2402,2395,2403,-1,2403,2395,2396,-1,2403,2396,2404,-1,2404,2396,2397,-1,2404,2397,2405,-1,2405,2397,2398,-1,2405,2398,2406,-1,2406,2398,2399,-1,2406,2399,2407,-1,2407,2399,2400,-1,2407,2400,2119,-1,2119,2400,2122,-1,2119,2122,2117,-1,2117,2122,2121,-1,2118,2233,2119,-1,2119,2233,2235,-1,2119,2235,2407,-1,2407,2235,2237,-1,2407,2237,2406,-1,2406,2237,2239,-1,2406,2239,2405,-1,2405,2239,2241,-1,2405,2241,2404,-1,2404,2241,2243,-1,2404,2243,2403,-1,2403,2243,2245,-1,2403,2245,2402,-1,2402,2245,2247,-1,2402,2247,2401,-1,2401,2247,2249,-1,2401,2249,2044,-1,2044,2249,2043,-1,2082,2041,2249,-1,2249,2041,2042,-1,2249,2042,2043,-1,2038,2037,2408,-1,2408,2037,2082,-1,2408,2082,2409,-1,2409,2082,2248,-1,2409,2248,2410,-1,2410,2248,2246,-1,2410,2246,2411,-1,2411,2246,2244,-1,2411,2244,2412,-1,2412,2244,2242,-1,2412,2242,2413,-1,2413,2242,2240,-1,2413,2240,2414,-1,2414,2240,2238,-1,2414,2238,2116,-1,2116,2238,2236,-1,2116,2236,2143,-1,2143,2236,2234,-1,2115,2250,2116,-1,2116,2250,2252,-1,2116,2252,2414,-1,2414,2252,2254,-1,2414,2254,2413,-1,2413,2254,2256,-1,2413,2256,2412,-1,2412,2256,2258,-1,2412,2258,2411,-1,2411,2258,2260,-1,2411,2260,2410,-1,2410,2260,2262,-1,2410,2262,2409,-1,2409,2262,2264,-1,2409,2264,2408,-1,2408,2264,2266,-1,2408,2266,2038,-1,2038,2266,2039,-1,2081,2035,2266,-1,2266,2035,2040,-1,2266,2040,2039,-1,2034,2036,2415,-1,2415,2036,2081,-1,2415,2081,2416,-1,2416,2081,2265,-1,2416,2265,2417,-1,2417,2265,2263,-1,2417,2263,2418,-1,2418,2263,2261,-1,2418,2261,2419,-1,2419,2261,2259,-1,2419,2259,2420,-1,2420,2259,2257,-1,2420,2257,2421,-1,2421,2257,2255,-1,2421,2255,2113,-1,2113,2255,2253,-1,2113,2253,2144,-1,2144,2253,2251,-1,2112,2422,2113,-1,2113,2422,2423,-1,2113,2423,2421,-1,2421,2423,2424,-1,2421,2424,2420,-1,2420,2424,2425,-1,2420,2425,2419,-1,2419,2425,2426,-1,2419,2426,2418,-1,2418,2426,2427,-1,2418,2427,2417,-1,2417,2427,2428,-1,2417,2428,2416,-1,2416,2428,2429,-1,2416,2429,2415,-1,2415,2429,2080,-1,2415,2080,2034,-1,2034,2080,2033,-1,2031,2032,2281,-1,2281,2032,2080,-1,2281,2080,2279,-1,2279,2080,2429,-1,2279,2429,2277,-1,2277,2429,2428,-1,2277,2428,2275,-1,2275,2428,2427,-1,2275,2427,2273,-1,2273,2427,2426,-1,2273,2426,2271,-1,2271,2426,2425,-1,2271,2425,2269,-1,2269,2425,2424,-1,2269,2424,2110,-1,2110,2424,2423,-1,2110,2423,2108,-1,2108,2423,2422,-1,2079,2029,2281,-1,2281,2029,2030,-1,2281,2030,2031,-1,2026,2025,2430,-1,2430,2025,2079,-1,2430,2079,2431,-1,2431,2079,2280,-1,2431,2280,2432,-1,2432,2280,2278,-1,2432,2278,2433,-1,2433,2278,2276,-1,2433,2276,2434,-1,2434,2276,2274,-1,2434,2274,2435,-1,2435,2274,2272,-1,2435,2272,2436,-1,2436,2272,2270,-1,2436,2270,2107,-1,2107,2270,2268,-1,2107,2268,2145,-1,2145,2268,2267,-1,2106,2282,2107,-1,2107,2282,2284,-1,2107,2284,2436,-1,2436,2284,2286,-1,2436,2286,2435,-1,2435,2286,2288,-1,2435,2288,2434,-1,2434,2288,2290,-1,2434,2290,2433,-1,2433,2290,2292,-1,2433,2292,2432,-1,2432,2292,2294,-1,2432,2294,2431,-1,2431,2294,2296,-1,2431,2296,2430,-1,2430,2296,2298,-1,2430,2298,2026,-1,2026,2298,2027,-1,2078,2023,2298,-1,2298,2023,2028,-1,2298,2028,2027,-1,2022,2024,2437,-1,2437,2024,2078,-1,2437,2078,2438,-1,2438,2078,2297,-1,2438,2297,2439,-1,2439,2297,2295,-1,2439,2295,2440,-1,2440,2295,2293,-1,2440,2293,2441,-1,2441,2293,2291,-1,2441,2291,2442,-1,2442,2291,2289,-1,2442,2289,2443,-1,2443,2289,2287,-1,2443,2287,2104,-1,2104,2287,2285,-1,2104,2285,2146,-1,2146,2285,2283,-1,2103,2299,2104,-1,2104,2299,2301,-1,2104,2301,2443,-1,2443,2301,2303,-1,2443,2303,2442,-1,2442,2303,2305,-1,2442,2305,2441,-1,2441,2305,2307,-1,2441,2307,2440,-1,2440,2307,2309,-1,2440,2309,2439,-1,2439,2309,2311,-1,2439,2311,2438,-1,2438,2311,2313,-1,2438,2313,2437,-1,2437,2313,2315,-1,2437,2315,2022,-1,2022,2315,2021,-1,2077,2019,2315,-1,2315,2019,2020,-1,2315,2020,2021,-1,2017,2018,2076,-1,2076,2018,2077,-1,2076,2077,2444,-1,2444,2077,2314,-1,2444,2314,2445,-1,2445,2314,2312,-1,2445,2312,2446,-1,2446,2312,2310,-1,2446,2310,2447,-1,2447,2310,2308,-1,2447,2308,2448,-1,2448,2308,2306,-1,2448,2306,2449,-1,2449,2306,2304,-1,2449,2304,2101,-1,2101,2304,2302,-1,2101,2302,2147,-1,2147,2302,2300,-1,2014,2013,2450,-1,2450,2013,2076,-1,2450,2076,2451,-1,2451,2076,2444,-1,2451,2444,2452,-1,2452,2444,2445,-1,2452,2445,2453,-1,2453,2445,2446,-1,2453,2446,2454,-1,2454,2446,2447,-1,2454,2447,2455,-1,2455,2447,2448,-1,2455,2448,2456,-1,2456,2448,2449,-1,2456,2449,2098,-1,2098,2449,2101,-1,2098,2101,2096,-1,2096,2101,2100,-1,2097,2316,2098,-1,2098,2316,2318,-1,2098,2318,2456,-1,2456,2318,2320,-1,2456,2320,2455,-1,2455,2320,2322,-1,2455,2322,2454,-1,2454,2322,2324,-1,2454,2324,2453,-1,2453,2324,2326,-1,2453,2326,2452,-1,2452,2326,2328,-1,2452,2328,2451,-1,2451,2328,2330,-1,2451,2330,2450,-1,2450,2330,2332,-1,2450,2332,2014,-1,2014,2332,2015,-1,2075,2011,2332,-1,2332,2011,2016,-1,2332,2016,2015,-1,2010,2012,2457,-1,2457,2012,2075,-1,2457,2075,2458,-1,2458,2075,2331,-1,2458,2331,2459,-1,2459,2331,2329,-1,2459,2329,2460,-1,2460,2329,2327,-1,2460,2327,2461,-1,2461,2327,2325,-1,2461,2325,2462,-1,2462,2325,2323,-1,2462,2323,2463,-1,2463,2323,2321,-1,2463,2321,2095,-1,2095,2321,2319,-1,2095,2319,2148,-1,2148,2319,2317,-1,2094,2333,2095,-1,2095,2333,2335,-1,2095,2335,2463,-1,2463,2335,2337,-1,2463,2337,2462,-1,2462,2337,2339,-1,2462,2339,2461,-1,2461,2339,2341,-1,2461,2341,2460,-1,2460,2341,2343,-1,2460,2343,2459,-1,2459,2343,2345,-1,2459,2345,2458,-1,2458,2345,2347,-1,2458,2347,2457,-1,2457,2347,2349,-1,2457,2349,2010,-1,2010,2349,2009,-1,2074,2007,2349,-1,2349,2007,2008,-1,2349,2008,2009,-1,2006,2005,2464,-1,2464,2005,2074,-1,2464,2074,2465,-1,2465,2074,2348,-1,2465,2348,2466,-1,2466,2348,2346,-1,2466,2346,2467,-1,2467,2346,2344,-1,2467,2344,2468,-1,2468,2344,2342,-1,2468,2342,2469,-1,2469,2342,2340,-1,2469,2340,2470,-1,2470,2340,2338,-1,2470,2338,2092,-1,2092,2338,2336,-1,2092,2336,2149,-1,2149,2336,2334,-1,2091,2350,2092,-1,2092,2350,2351,-1,2092,2351,2470,-1,2470,2351,2352,-1,2470,2352,2469,-1,2469,2352,2353,-1,2469,2353,2468,-1,2468,2353,2354,-1,2468,2354,2467,-1,2467,2354,2355,-1,2467,2355,2466,-1,2466,2355,2356,-1,2466,2356,2465,-1,2465,2356,2357,-1,2465,2357,2464,-1,2464,2357,2358,-1,2464,2358,2006,-1,2006,2358,2071,-1,2091,2471,2472,-1,2334,2473,2149,-1,2149,2473,2471,-1,2149,2471,2090,-1,2090,2471,2091,-1,2334,2333,2473,-1,2473,2333,2094,-1,2473,2094,2474,-1,2317,2475,2148,-1,2148,2475,2474,-1,2148,2474,2093,-1,2093,2474,2094,-1,2317,2316,2475,-1,2475,2316,2097,-1,2475,2097,2476,-1,2097,2096,2476,-1,2476,2096,2100,-1,2476,2100,2477,-1,2300,2478,2147,-1,2147,2478,2477,-1,2147,2477,2099,-1,2099,2477,2100,-1,2300,2299,2478,-1,2478,2299,2103,-1,2478,2103,2479,-1,2283,2480,2146,-1,2146,2480,2479,-1,2146,2479,2102,-1,2102,2479,2103,-1,2283,2282,2480,-1,2480,2282,2106,-1,2480,2106,2481,-1,2106,2105,2481,-1,2481,2105,2145,-1,2481,2145,2482,-1,2145,2267,2482,-1,2482,2267,2109,-1,2482,2109,2483,-1,2483,2109,2108,-1,2483,2108,2484,-1,2484,2108,2422,-1,2484,2422,2112,-1,2251,2485,2144,-1,2144,2485,2484,-1,2144,2484,2111,-1,2111,2484,2112,-1,2251,2250,2485,-1,2485,2250,2115,-1,2485,2115,2486,-1,2234,2487,2143,-1,2143,2487,2486,-1,2143,2486,2114,-1,2114,2486,2115,-1,2234,2233,2487,-1,2487,2233,2118,-1,2487,2118,2488,-1,2118,2117,2488,-1,2488,2117,2121,-1,2488,2121,2489,-1,2217,2490,2142,-1,2142,2490,2489,-1,2142,2489,2120,-1,2120,2489,2121,-1,2217,2216,2490,-1,2490,2216,2124,-1,2490,2124,2491,-1,2200,2492,2141,-1,2141,2492,2491,-1,2141,2491,2123,-1,2123,2491,2124,-1,2200,2199,2492,-1,2492,2199,2127,-1,2492,2127,2493,-1,2127,2126,2493,-1,2493,2126,2140,-1,2493,2140,2494,-1,2129,2495,2130,-1,2130,2495,2494,-1,2130,2494,2184,-1,2184,2494,2140,-1,2129,2373,2495,-1,2495,2373,2133,-1,2495,2133,2496,-1,2168,2497,2139,-1,2139,2497,2496,-1,2139,2496,2132,-1,2132,2496,2133,-1,2168,2167,2497,-1,2497,2167,2136,-1,2497,2136,2498,-1,2136,2135,2498,-1,2498,2135,2138,-1,2498,2138,2499,-1,2138,2151,2499,-1,2499,2151,2150,-1,2499,2150,2472,-1,2472,2150,2350,-1,2472,2350,2091,-1,2500,2497,2501,-1,2501,2497,2498,-1,2501,2498,2502,-1,2502,2498,2499,-1,2502,2499,2503,-1,2503,2499,2472,-1,2503,2472,2504,-1,2504,2472,2471,-1,2504,2471,2505,-1,2506,2491,2507,-1,2507,2491,2492,-1,2507,2492,2508,-1,2508,2492,2493,-1,2508,2493,2509,-1,2509,2493,2494,-1,2509,2494,2510,-1,2510,2494,2495,-1,2510,2495,2500,-1,2500,2495,2496,-1,2500,2496,2497,-1,2511,2486,2512,-1,2512,2486,2487,-1,2512,2487,2513,-1,2513,2487,2488,-1,2513,2488,2514,-1,2514,2488,2489,-1,2514,2489,2506,-1,2506,2489,2490,-1,2506,2490,2491,-1,2471,2473,2505,-1,2505,2473,2474,-1,2505,2474,2515,-1,2515,2474,2475,-1,2515,2475,2516,-1,2516,2475,2476,-1,2516,2476,2517,-1,2517,2476,2477,-1,2517,2477,2518,-1,2518,2477,2478,-1,2518,2478,2519,-1,2478,2479,2519,-1,2519,2479,2480,-1,2519,2480,2520,-1,2520,2480,2481,-1,2520,2481,2521,-1,2521,2481,2482,-1,2521,2482,2522,-1,2522,2482,2483,-1,2522,2483,2523,-1,2523,2483,2484,-1,2523,2484,2511,-1,2511,2484,2485,-1,2511,2485,2486,-1,1985,2503,1983,-1,1983,2503,2504,-1,1983,2504,1987,-1,1987,2504,2505,-1,1987,2505,1988,-1,1988,2505,2515,-1,1988,2515,1989,-1,1989,2515,2516,-1,1989,2516,1990,-1,1990,2516,2517,-1,1990,2517,1991,-1,1991,2517,2518,-1,1991,2518,1992,-1,1992,2518,2519,-1,1992,2519,1993,-1,1993,2519,2520,-1,1993,2520,1994,-1,1994,2520,2521,-1,1994,2521,1995,-1,1995,2521,2522,-1,1995,2522,1996,-1,1996,2522,2523,-1,1996,2523,1972,-1,1972,2523,2511,-1,1972,2511,1971,-1,1971,2511,2512,-1,1971,2512,1977,-1,1977,2512,2513,-1,1977,2513,1978,-1,1978,2513,2514,-1,1978,2514,1979,-1,1979,2514,2506,-1,1979,2506,1980,-1,1980,2506,2507,-1,1980,2507,1981,-1,1981,2507,2508,-1,1981,2508,1982,-1,1982,2508,2509,-1,1982,2509,1974,-1,1974,2509,2510,-1,1974,2510,1975,-1,1975,2510,2500,-1,1975,2500,1976,-1,1976,2500,2501,-1,1976,2501,1986,-1,1986,2501,2502,-1,1986,2502,1985,-1,1985,2502,2503,-1,1891,1892,1894,-1,1894,1892,1895,-1,1888,1886,1893,-1,1893,1886,1890,-1,2524,2004,2525,-1,2525,2004,2003,-1,2526,2001,2524,-1,2524,2001,2004,-1,2527,2002,2526,-1,2526,2002,2001,-1,2525,2003,2527,-1,2527,2003,2002,-1,1928,1929,2525,-1,2525,1929,2524,-1,1930,1931,2526,-1,2526,1931,2527,-1,1930,2526,1929,-1,1929,2526,2524,-1,1928,2525,1931,-1,1931,2525,2527,-1,1902,1904,2528,-1,2528,1904,2529,-1,2528,1439,1461,-1,2528,1461,1902,-1,1902,1461,1460,-1,1902,1460,1458,-1,1458,1456,1902,-1,1902,1456,1454,-1,1902,1454,1452,-1,1404,1407,1904,-1,1904,1407,1412,-1,1904,1412,1421,-1,1445,2529,1428,-1,1428,2529,1904,-1,1428,1904,1425,-1,1425,1904,1421,-1,1439,2528,1445,-1,1445,2528,2529,-1,1901,1905,2530,-1,2530,1905,2531,-1,2530,1343,1366,-1,2530,1366,1901,-1,1901,1366,1368,-1,1901,1368,1369,-1,1369,1381,1901,-1,1901,1381,1398,-1,1901,1398,1399,-1,1347,1349,1905,-1,1905,1349,1351,-1,1905,1351,1353,-1,1341,2531,1357,-1,1357,2531,1905,-1,1357,1905,1355,-1,1355,1905,1353,-1,1343,2530,1341,-1,1341,2530,2531,-1,
        ]
    }
}
Shape{
    appearance Appearance {
        material  Material 	{
            diffuseColor 0.0 0.0 0.0
            specularColor 0.0 0.0 0.0
            ambientIntensity 0.0
            transparency 0.0
            shininess 0.5
        }
    }
    geometry IndexedFaceSet {
        ccw TRUE
        solid FALSE
        coord DEF co Coordinate {
            point [
                3.2362 0.4392 1.0607, 3.2362 0.4392 1.0425, 3.2362 0.4392 1.0607, 3.2362 0.4392 1.0425, 3.2362 0.3755 1.0607, 3.2362 0.3755 1.0607, 3.2362 0.3755 1.2026, 3.2362 0.3755 1.2026, 3.2362 0.3548 1.2026, 3.2362 0.3548 1.2026, 3.2362 0.3548 1.0425, 3.2362 0.3548 1.0425, 3.2362 0.5214 1.0398, 3.2362 0.5214 1.0398, 3.2362 0.5355 1.0411, 3.2362 0.5458 1.0421, 3.2362 0.5458 1.0421, 3.2362 0.563 1.0478, 3.2362 0.563 1.0478, 3.2362 0.5657 1.0491, 3.2362 0.5657 1.0491, 3.2362 0.5657 1.0689, 3.2362 0.5657 1.0689, 3.2362 0.55 1.0619, 3.2362 0.55 1.0619, 3.2362 0.5319 1.0585, 3.2362 0.5319 1.0585, 3.2362 0.5243 1.0582, 3.2362 0.5243 1.0582, 3.2362 0.5082 1.0602, 3.2362 0.5082 1.0602, 3.2362 0.4968 1.0646, 3.2362 0.4968 1.0646, 3.2362 0.4863 1.072, 3.2362 0.4863 1.072, 3.2362 0.4832 1.0751, 3.2362 0.4832 1.0751, 3.2362 0.4754 1.0859, 3.2362 0.4754 1.0859, 3.2362 0.4702 1.0988, 3.2362 0.4702 1.0988, 3.2362 0.4677 1.1149, 3.2362 0.4677 1.1149, 3.2362 0.4675 1.1208, 3.2362 0.4675 1.1208, 3.2362 0.4702 1.143, 3.2362 0.4702 1.143, 3.2362 0.4756 1.1568, 3.2362 0.4756 1.1568, 3.2362 0.4843 1.1689, 3.2362 0.4843 1.1689, 3.2362 0.4952 1.1779, 3.2362 0.4952 1.1779, 3.2362 0.5078 1.1837, 3.2362 0.5078 1.1837, 3.2362 0.5217 1.1864, 3.2362 0.5217 1.1864, 3.2362 0.5279 1.1867, 3.2362 0.5279 1.1867, 3.2362 0.5477 1.1843, 3.2362 0.5477 1.1843, 3.2362 0.5639 1.1781, 3.2362 0.5639 1.1781, 3.2362 0.5657 1.1772, 3.2362 0.5657 1.1772, 3.2362 0.5657 1.1988, 3.2362 0.5657 1.1988, 3.2362 0.5277 1.2053, 3.2362 0.5277 1.2053, 3.2362 0.528 1.2053, 3.2362 0.5489 1.2036, 3.2362 0.5489 1.2036, 3.2362 0.5448 1.204, 3.2362 0.528 1.2053, 3.2362 0.5167 1.204, 3.2362 0.5044 1.2025, 3.2362 0.5044 1.2025, 3.2362 0.4877 1.196, 3.2362 0.4877 1.196, 3.2362 0.4728 1.1854, 3.2362 0.4728 1.1854, 3.2362 0.4689 1.1817, 3.2362 0.4689 1.1817, 3.2362 0.4573 1.1666, 3.2362 0.4573 1.1666, 3.2362 0.453 1.1564, 3.2362 0.4497 1.1488, 3.2362 0.4497 1.1488, 3.2362 0.4461 1.1279, 3.2362 0.4461 1.1279, 3.2362 0.4458 1.1195, 3.2362 0.4458 1.1195, 3.2362 0.4663 1.0616, 3.2362 0.4663 1.0616, 3.2362 0.4556 1.0766, 3.2362 0.449 1.0932, 3.2362 0.449 1.0932, 3.2362 0.453 1.0832, 3.2362 0.4556 1.0766, 3.2362 0.5117 1.0402, 3.2362 0.4792 1.0509, 3.2362 0.4792 1.0509, 3.2362 0.4943 1.0438, 3.2362 0.4943 1.0438, 3.2362 0.5073 1.0411, 3.2362 0.5117 1.0402, 3.2362 0.6839 1.0607, 3.2362 0.6839 1.0425, 3.2362 0.6839 1.0607, 3.2362 0.6839 1.0425, 3.2362 0.6184 1.0607, 3.2362 0.6184 1.0607, 3.2362 0.6617 1.0607, 3.2362 0.6184 1.1146, 3.2362 0.6184 1.1146, 3.2362 0.6757 1.1146, 3.2362 0.6757 1.1146, 3.2362 0.6617 1.1146, 3.2362 0.6757 1.133, 3.2362 0.6757 1.133, 3.2362 0.6184 1.133, 3.2362 0.6184 1.133, 3.2362 0.6617 1.133, 3.2362 0.6184 1.1842, 3.2362 0.6184 1.1842, 3.2362 0.6802 1.1842, 3.2362 0.6802 1.1842, 3.2362 0.6617 1.1842, 3.2362 0.6802 1.2026, 3.2362 0.6802 1.2026, 3.2362 0.5977 1.2026, 3.2362 0.5977 1.2026, 3.2362 0.6617 1.2026, 3.2362 0.5977 1.0425, 3.2362 0.5977 1.0425, 3.2362 0.6617 1.0425, 3.2362 0.8203 1.0649, 3.2362 0.8027 1.0748, 3.2362 0.8038 1.053, 3.2362 0.7921 1.0678, 3.2362 0.7856 1.0459, 3.2362 0.7784 1.0629, 3.2362 0.7582 1.0425, 3.2362 0.758 1.0607, 3.2362 0.7141 1.0425, 3.2362 0.7348 1.0607, 3.2362 0.7141 1.2026, 3.2362 0.7348 1.1842, 3.2362 0.7598 1.2026, 3.2362 0.759 1.1842, 3.2362 0.7842 1.1999, 3.2362 0.7796 1.1819, 3.2362 0.8036 1.1929, 3.2362 0.7935 1.1769, 3.2362 0.8203 1.1814, 3.2362 0.8052 1.1691, 3.2362 0.8259 1.176, 3.2362 0.8095 1.1649, 3.2362 0.8358 1.1621, 3.2362 0.8158 1.1559, 3.2362 0.8418 1.1468, 3.2362 0.8203 1.1443, 3.2362 0.8445 1.1246, 3.2362 0.8228 1.124, 3.2362 0.844 1.1144, 3.2362 0.8222 1.1139, 3.2362 0.8402 1.0957, 3.2362 0.8191 1.0992, 3.2362 0.8323 1.0791, 3.2362 0.8136 1.0873, 3.2362 0.8057 1.0774, 3.2362 0.7582 1.0425, 3.2362 0.7141 1.0425, 3.2362 0.8203 1.0649, 3.2362 0.7856 1.0459, 3.2362 0.7875 1.0466, 3.2362 0.8038 1.053, 3.2362 0.8323 1.0791, 3.2362 0.8402 1.0957, 3.2362 0.844 1.1144, 3.2362 0.8445 1.1246, 3.2362 0.8418 1.1468, 3.2362 0.8358 1.1621, 3.2362 0.8259 1.176, 3.2362 0.8203 1.1814, 3.2362 0.7598 1.2026, 3.2362 0.8036 1.1929, 3.2362 0.7875 1.1987, 3.2362 0.7842 1.1999, 3.2362 0.7141 1.2026, 3.2362 0.759 1.1842, 3.2362 0.7348 1.1842, 3.2362 0.7348 1.0607, 3.2362 0.758 1.0607, 3.2362 0.8057 1.0774, 3.2362 0.8027 1.0748, 3.2362 0.7921 1.0678, 3.2362 0.7784 1.0629, 3.2362 0.8228 1.124, 3.2362 0.8222 1.1139, 3.2362 0.8191 1.0992, 3.2362 0.8136 1.0873, 3.2362 0.8052 1.1691, 3.2362 0.8095 1.1649, 3.2362 0.8158 1.1559, 3.2362 0.8203 1.1443, 3.2362 0.7796 1.1819, 3.2362 0.7935 1.1769
            ]
        }
        coordIndex [
            0,1,2,-1,2,1,3,-1,4,0,5,-1,5,0,2,-1,6,4,7,-1,7,4,5,-1,8,6,9,-1,9,6,7,-1,10,8,11,-1,11,8,9,-1,1,10,3,-1,3,10,11,-1,6,8,4,-1,4,8,10,-1,4,10,0,-1,0,10,1,-1,12,13,14,-1,12,14,15,-1,14,16,15,-1,15,16,17,-1,15,17,18,-1,18,17,19,-1,18,19,20,-1,21,20,22,-1,22,20,19,-1,21,22,23,-1,21,23,24,-1,24,23,25,-1,24,25,26,-1,26,25,27,-1,26,27,28,-1,28,27,29,-1,28,29,30,-1,30,29,31,-1,30,31,32,-1,32,31,33,-1,32,33,34,-1,34,33,35,-1,34,35,36,-1,36,35,37,-1,36,37,38,-1,38,37,39,-1,38,39,40,-1,40,39,41,-1,40,41,42,-1,42,41,43,-1,42,43,44,-1,44,43,45,-1,44,45,46,-1,46,45,47,-1,46,47,48,-1,48,47,49,-1,48,49,50,-1,50,49,51,-1,50,51,52,-1,52,51,53,-1,52,53,54,-1,54,53,55,-1,54,55,56,-1,56,55,57,-1,56,57,58,-1,58,57,59,-1,58,59,60,-1,60,59,61,-1,60,61,62,-1,62,61,63,-1,62,63,64,-1,65,64,66,-1,66,64,63,-1,67,68,69,-1,65,66,70,-1,65,70,71,-1,71,70,72,-1,71,72,69,-1,69,72,73,-1,69,73,67,-1,68,67,74,-1,68,74,75,-1,74,76,75,-1,75,76,77,-1,75,77,78,-1,78,77,79,-1,78,79,80,-1,80,79,81,-1,80,81,82,-1,82,81,83,-1,82,83,84,-1,84,83,85,-1,84,85,86,-1,85,87,86,-1,86,87,88,-1,86,88,89,-1,89,88,90,-1,89,90,91,-1,92,93,94,-1,91,90,95,-1,91,95,96,-1,96,95,97,-1,96,97,94,-1,94,97,98,-1,94,98,92,-1,13,12,99,-1,93,92,100,-1,93,100,101,-1,101,100,102,-1,101,102,103,-1,103,102,104,-1,103,104,99,-1,99,104,105,-1,99,105,13,-1,62,64,65,-1,52,80,50,-1,50,80,82,-1,50,82,48,-1,48,82,84,-1,48,84,46,-1,62,65,60,-1,60,65,71,-1,60,71,58,-1,58,71,69,-1,58,69,56,-1,56,69,68,-1,56,68,54,-1,54,68,75,-1,54,75,52,-1,52,75,78,-1,52,78,80,-1,91,44,89,-1,89,44,46,-1,89,46,86,-1,86,46,84,-1,20,21,18,-1,18,21,24,-1,18,24,15,-1,15,24,26,-1,15,26,12,-1,12,26,28,-1,12,28,99,-1,99,28,30,-1,99,30,103,-1,103,30,32,-1,103,32,101,-1,101,32,34,-1,101,34,93,-1,93,34,36,-1,93,36,94,-1,94,36,38,-1,94,38,96,-1,96,38,40,-1,96,40,91,-1,91,40,42,-1,91,42,44,-1,106,107,108,-1,108,107,109,-1,110,111,112,-1,112,111,106,-1,112,106,108,-1,113,111,114,-1,114,111,110,-1,115,116,117,-1,117,116,113,-1,117,113,114,-1,118,116,119,-1,119,116,115,-1,120,121,122,-1,122,121,118,-1,122,118,119,-1,123,121,124,-1,124,121,120,-1,125,126,127,-1,127,126,123,-1,127,123,124,-1,128,126,129,-1,129,126,125,-1,130,131,132,-1,132,131,128,-1,132,128,129,-1,133,131,134,-1,134,131,130,-1,109,107,135,-1,135,107,133,-1,135,133,134,-1,133,107,106,-1,106,111,133,-1,133,111,113,-1,133,113,131,-1,126,128,123,-1,123,128,131,-1,123,131,121,-1,121,131,113,-1,121,113,118,-1,118,113,116,-1,136,137,138,-1,138,137,139,-1,138,139,140,-1,140,139,141,-1,140,141,142,-1,142,141,143,-1,142,143,144,-1,144,143,145,-1,144,145,146,-1,146,145,147,-1,146,147,148,-1,148,147,149,-1,148,149,150,-1,150,149,151,-1,150,151,152,-1,152,151,153,-1,152,153,154,-1,154,153,155,-1,154,155,156,-1,156,155,157,-1,156,157,158,-1,158,157,159,-1,158,159,160,-1,160,159,161,-1,160,161,162,-1,162,161,163,-1,162,163,164,-1,164,163,165,-1,164,165,166,-1,166,165,167,-1,166,167,168,-1,168,167,169,-1,168,169,136,-1,136,169,170,-1,136,170,137,-1,142,144,171,-1,171,144,172,-1,173,136,138,-1,142,171,174,-1,142,174,140,-1,140,174,175,-1,140,175,138,-1,138,175,176,-1,138,176,173,-1,136,173,177,-1,136,177,168,-1,168,177,178,-1,168,178,166,-1,166,178,179,-1,166,179,164,-1,164,179,180,-1,164,180,162,-1,162,180,181,-1,162,181,160,-1,160,181,182,-1,160,182,158,-1,158,182,183,-1,158,183,156,-1,156,183,184,-1,156,184,154,-1,185,148,150,-1,154,184,186,-1,154,186,152,-1,152,186,187,-1,152,187,150,-1,150,187,188,-1,150,188,185,-1,146,148,189,-1,189,148,185,-1,144,146,172,-1,172,146,189,-1,149,147,190,-1,190,147,191,-1,147,145,191,-1,191,145,192,-1,145,143,192,-1,192,143,193,-1,170,194,195,-1,170,195,137,-1,137,195,196,-1,137,196,139,-1,139,196,197,-1,139,197,141,-1,141,197,193,-1,141,193,143,-1,163,198,199,-1,163,199,165,-1,165,199,200,-1,165,200,167,-1,167,200,201,-1,167,201,169,-1,169,201,194,-1,169,194,170,-1,155,202,203,-1,155,203,157,-1,157,203,204,-1,157,204,159,-1,159,204,205,-1,159,205,161,-1,161,205,198,-1,161,198,163,-1,149,190,206,-1,149,206,151,-1,151,206,207,-1,151,207,153,-1,153,207,202,-1,153,202,155,-1,
        ]
    }
}
Shape{
    appearance Appearance {
        material  Material 	{
            diffuseColor 0.15294117647058825 1.0 0.7803921568627451
            specularColor 0.0784313725490196 0.5019607843137255 0.38823529411764707
            ambientIntensity 0.7217
            transparency 0.0
            shininess 0.5
        }
    }
    geometry IndexedFaceSet {
        ccw TRUE
        solid FALSE
        coord DEF co Coordinate {
            point [
                3.2362 0.7348 1.1842, 3.2362 0.7348 1.0607, 3.2362 0.759 1.1842, 3.2362 0.758 1.0607, 3.2362 0.7784 1.0629, 3.2362 0.7921 1.0678, 3.2362 0.8027 1.0748, 3.2362 0.8057 1.0774, 3.2362 0.8136 1.0873, 3.2362 0.8191 1.0992, 3.2362 0.8222 1.1139, 3.2362 0.8228 1.124, 3.2362 0.8203 1.1443, 3.2362 0.8158 1.1559, 3.2362 0.8095 1.1649, 3.2362 0.8052 1.1691, 3.2362 0.7796 1.1819, 3.2362 0.7935 1.1769
            ]
        }
        coordIndex [
            0,1,2,-1,2,1,3,-1,2,3,4,-1,4,5,2,-1,2,5,6,-1,2,6,7,-1,7,8,2,-1,2,8,9,-1,2,9,10,-1,10,11,2,-1,2,11,12,-1,2,12,13,-1,13,14,2,-1,2,14,15,-1,2,15,16,-1,16,15,17,-1,
        ]
    }
}
Shape{
    appearance Appearance {
        material  Material 	{
            diffuseColor 0.0 0.0 0.0
            specularColor 0.0 0.0 0.0
            ambientIntensity 0.0
            transparency 0.0
            shininess 0.5
        }
    }
    geometry IndexedFaceSet {
        ccw TRUE
        solid FALSE
        coord DEF co Coordinate {
            point [
                3.2362 0.8982 1.1044, 3.2362 0.8916 1.0863, 3.2362 0.9519 1.1044, 3.2362 0.9583 1.0863, 3.2362 0.9221 1.1709, 3.2362 0.9144 1.2026, 3.2362 0.8534 1.0425, 3.2362 0.8762 1.0425, 3.2362 0.9235 1.1757, 3.2362 0.9247 1.1822, 3.2362 0.9365 1.2026, 3.2362 0.9252 1.1822, 3.2362 0.9265 1.1754, 3.2362 0.9277 1.1709, 3.2362 0.9975 1.0425, 3.2362 0.9746 1.0425, 3.2362 0.9365 1.2026, 3.2362 0.9975 1.0425, 3.2362 0.9144 1.2026, 3.2362 0.8534 1.0425, 3.2362 0.8995 1.1637, 3.2362 0.8762 1.0425, 3.2362 0.8916 1.0863, 3.2362 0.9583 1.0863, 3.2362 0.8995 1.0863, 3.2362 0.9746 1.0425, 3.2362 0.8982 1.1044, 3.2362 0.9519 1.1044, 3.2362 0.9277 1.1709, 3.2362 0.9252 1.1822, 3.2362 0.9265 1.1754, 3.2362 0.9247 1.1822, 3.2362 0.9221 1.1709, 3.2362 0.9235 1.1757
            ]
        }
        coordIndex [
            0,1,2,-1,2,1,3,-1,4,5,0,-1,0,5,6,-1,0,6,1,-1,1,6,7,-1,4,8,5,-1,5,8,9,-1,5,9,10,-1,10,9,11,-1,10,11,12,-1,12,13,10,-1,10,13,2,-1,10,2,14,-1,14,2,3,-1,14,3,15,-1,10,14,16,-1,16,14,17,-1,5,10,18,-1,18,10,16,-1,19,6,20,-1,20,6,5,-1,20,5,18,-1,7,6,21,-1,21,6,19,-1,1,7,22,-1,22,7,21,-1,23,3,24,-1,24,3,1,-1,24,1,22,-1,15,3,25,-1,25,3,23,-1,14,15,17,-1,17,15,25,-1,0,2,26,-1,26,2,27,-1,2,13,27,-1,27,13,28,-1,11,29,30,-1,11,30,12,-1,12,30,28,-1,12,28,13,-1,11,9,29,-1,29,9,31,-1,4,32,33,-1,4,33,8,-1,8,33,31,-1,8,31,9,-1,4,0,32,-1,32,0,26,-1,
        ]
    }
}
Shape{
    appearance Appearance {
        material  Material 	{
            diffuseColor 0.15294117647058825 1.0 0.7803921568627451
            specularColor 0.0784313725490196 0.5019607843137255 0.38823529411764707
            ambientIntensity 0.7217
            transparency 0.0
            shininess 0.5
        }
    }
    geometry IndexedFaceSet {
        ccw TRUE
        solid FALSE
        coord DEF co Coordinate {
            point [
                3.2362 0.9252 1.1822, 3.2362 0.9247 1.1822, 3.2362 0.9265 1.1754, 3.2362 0.9235 1.1757, 3.2362 0.9277 1.1709, 3.2362 0.9221 1.1709, 3.2362 0.9519 1.1044, 3.2362 0.8982 1.1044
            ]
        }
        coordIndex [
            0,1,2,-1,2,1,3,-1,2,3,4,-1,4,3,5,-1,4,5,6,-1,6,5,7,-1,
        ]
    }
}
Shape{
    appearance Appearance {
        material  Material 	{
            diffuseColor 0.0 0.0 0.0
            specularColor 0.0 0.0 0.0
            ambientIntensity 0.0
            transparency 0.0
            shininess 0.5
        }
    }
    geometry IndexedFaceSet {
        ccw TRUE
        solid FALSE
        coord DEF co Coordinate {
            point [
                3.2362 0.4409 0.8067, 3.2362 0.4409 0.7884, 3.2362 0.4409 0.8067, 3.2362 0.4409 0.7884, 3.2362 0.3755 0.8067, 3.2362 0.3755 0.8067, 3.2362 0.3755 0.8606, 3.2362 0.3755 0.8606, 3.2362 0.4327 0.8606, 3.2362 0.4327 0.8606, 3.2362 0.4327 0.8789, 3.2362 0.4327 0.8789, 3.2362 0.3755 0.8789, 3.2362 0.3755 0.8789, 3.2362 0.3755 0.9302, 3.2362 0.3755 0.9302, 3.2362 0.4373 0.9302, 3.2362 0.4373 0.9302, 3.2362 0.4373 0.9486, 3.2362 0.4373 0.9486, 3.2362 0.3548 0.9486, 3.2362 0.3548 0.9486, 3.2362 0.3548 0.7884, 3.2362 0.3548 0.7884, 3.2362 0.5314 0.8061, 3.2362 0.532 0.8061, 3.2362 0.5306 0.8246, 3.2362 0.5319 0.8335, 3.2362 0.552 0.862, 3.2362 0.532 0.8349, 3.2362 0.532 0.8458, 3.2362 0.532 0.7884, 3.2362 0.552 0.7884, 3.2362 0.4806 0.8239, 3.2362 0.4816 0.8285, 3.2362 0.4642 0.8372, 3.2362 0.5277 0.8174, 3.2362 0.5234 0.8115, 3.2362 0.5283 0.8013, 3.2362 0.5209 0.8091, 3.2362 0.5219 0.7945, 3.2362 0.5152 0.8053, 3.2362 0.5146 0.7897, 3.2362 0.5091 0.803, 3.2362 0.5065 0.7868, 3.2362 0.5016 0.8022, 3.2362 0.4964 0.7857, 3.2362 0.4948 0.803, 3.2362 0.4843 0.7872, 3.2362 0.4903 0.8046, 3.2362 0.4766 0.7901, 3.2362 0.4863 0.8074, 3.2362 0.4699 0.7947, 3.2362 0.4846 0.8091, 3.2362 0.4682 0.8429, 3.2362 0.4834 0.8322, 3.2362 0.4743 0.8483, 3.2362 0.4858 0.8352, 3.2362 0.4828 0.8526, 3.2362 0.4883 0.8371, 3.2362 0.493 0.8394, 3.2362 0.4981 0.8564, 3.2362 0.5052 0.8422, 3.2362 0.532 0.8611, 3.2362 0.4614 0.8301, 3.2362 0.4602 0.8214, 3.2362 0.4805 0.8207, 3.2362 0.4601 0.8191, 3.2362 0.481 0.8161, 3.2362 0.4612 0.8096, 3.2362 0.4823 0.8125, 3.2362 0.4637 0.8029, 3.2362 0.4679 0.7968, 3.2362 0.4713 0.8948, 3.2362 0.4713 0.8753, 3.2362 0.4753 0.8971, 3.2362 0.4852 0.884, 3.2362 0.4902 0.9029, 3.2362 0.4977 0.8881, 3.2362 0.5107 0.9054, 3.2362 0.5088 0.8891, 3.2362 0.5225 0.9044, 3.2362 0.5157 0.8884, 3.2362 0.531 0.9018, 3.2362 0.5203 0.8868, 3.2362 0.5377 0.8981, 3.2362 0.5238 0.8845, 3.2362 0.5431 0.893, 3.2362 0.5269 0.8812, 3.2362 0.5472 0.8866, 3.2362 0.5292 0.8771, 3.2362 0.5504 0.8775, 3.2362 0.5313 0.8699, 3.2362 0.5107 0.9054, 3.2362 0.4902 0.9029, 3.2362 0.4753 0.8971, 3.2362 0.4713 0.8948, 3.2362 0.4713 0.8753, 3.2362 0.4852 0.884, 3.2362 0.4977 0.8881, 3.2362 0.5088 0.8891, 3.2362 0.5157 0.8884, 3.2362 0.5203 0.8868, 3.2362 0.5238 0.8845, 3.2362 0.5269 0.8812, 3.2362 0.5292 0.8771, 3.2362 0.5313 0.8699, 3.2362 0.532 0.8611, 3.2362 0.4981 0.8564, 3.2362 0.4828 0.8526, 3.2362 0.4743 0.8483, 3.2362 0.4682 0.8429, 3.2362 0.4642 0.8372, 3.2362 0.4614 0.8301, 3.2362 0.4602 0.8214, 3.2362 0.4601 0.8191, 3.2362 0.4612 0.8096, 3.2362 0.4637 0.8029, 3.2362 0.4679 0.7968, 3.2362 0.4699 0.7947, 3.2362 0.4964 0.7857, 3.2362 0.4848 0.7871, 3.2362 0.4843 0.7872, 3.2362 0.4766 0.7901, 3.2362 0.5065 0.7868, 3.2362 0.5072 0.7871, 3.2362 0.5146 0.7897, 3.2362 0.5219 0.7945, 3.2362 0.5283 0.8013, 3.2362 0.5314 0.8061, 3.2362 0.532 0.8061, 3.2362 0.532 0.7884, 3.2362 0.552 0.7884, 3.2362 0.552 0.862, 3.2362 0.5504 0.8775, 3.2362 0.5472 0.8866, 3.2362 0.5431 0.893, 3.2362 0.5377 0.8981, 3.2362 0.531 0.9018, 3.2362 0.5225 0.9044, 3.2362 0.4858 0.8352, 3.2362 0.4883 0.8371, 3.2362 0.493 0.8394, 3.2362 0.5052 0.8422, 3.2362 0.4805 0.8207, 3.2362 0.4806 0.8239, 3.2362 0.4816 0.8285, 3.2362 0.4834 0.8322, 3.2362 0.4863 0.8074, 3.2362 0.4846 0.8091, 3.2362 0.4823 0.8125, 3.2362 0.481 0.8161, 3.2362 0.5016 0.8022, 3.2362 0.4948 0.803, 3.2362 0.4903 0.8046, 3.2362 0.5234 0.8115, 3.2362 0.5209 0.8091, 3.2362 0.5152 0.8053, 3.2362 0.5091 0.803, 3.2362 0.532 0.8349, 3.2362 0.5319 0.8335, 3.2362 0.5306 0.8246, 3.2362 0.5277 0.8174, 3.2362 0.532 0.8458
            ]
        }
        coordIndex [
            0,1,2,-1,2,1,3,-1,4,0,5,-1,5,0,2,-1,6,4,7,-1,7,4,5,-1,8,6,9,-1,9,6,7,-1,10,8,11,-1,11,8,9,-1,12,10,13,-1,13,10,11,-1,14,12,15,-1,15,12,13,-1,16,14,17,-1,17,14,15,-1,18,16,19,-1,19,16,17,-1,20,18,21,-1,21,18,19,-1,22,20,23,-1,23,20,21,-1,1,22,3,-1,3,22,23,-1,22,1,0,-1,0,4,22,-1,22,4,6,-1,22,6,20,-1,16,18,14,-1,14,18,20,-1,14,20,12,-1,12,20,6,-1,12,6,10,-1,10,6,8,-1,24,25,26,-1,27,28,29,-1,29,28,30,-1,31,32,25,-1,25,32,28,-1,25,28,26,-1,26,28,27,-1,33,34,35,-1,26,36,24,-1,24,36,37,-1,24,37,38,-1,38,37,39,-1,38,39,40,-1,40,39,41,-1,40,41,42,-1,42,41,43,-1,42,43,44,-1,44,43,45,-1,44,45,46,-1,46,45,47,-1,46,47,48,-1,48,47,49,-1,48,49,50,-1,50,49,51,-1,50,51,52,-1,52,51,53,-1,35,34,54,-1,54,34,55,-1,54,55,56,-1,56,55,57,-1,56,57,58,-1,57,59,58,-1,58,59,60,-1,58,60,61,-1,61,60,62,-1,61,62,63,-1,35,64,33,-1,33,64,65,-1,33,65,66,-1,66,65,67,-1,66,67,68,-1,68,67,69,-1,68,69,70,-1,70,69,71,-1,70,71,53,-1,53,71,72,-1,53,72,52,-1,73,74,75,-1,75,74,76,-1,75,76,77,-1,77,76,78,-1,77,78,79,-1,79,78,80,-1,79,80,81,-1,81,80,82,-1,81,82,83,-1,83,82,84,-1,83,84,85,-1,85,84,86,-1,85,86,87,-1,87,86,88,-1,87,88,89,-1,89,88,90,-1,89,90,91,-1,91,90,92,-1,91,92,28,-1,28,92,63,-1,28,63,30,-1,30,63,62,-1,79,93,94,-1,79,94,77,-1,77,94,95,-1,77,95,75,-1,75,95,96,-1,75,96,73,-1,74,73,97,-1,97,73,96,-1,74,97,98,-1,74,98,76,-1,76,98,99,-1,76,99,78,-1,78,99,100,-1,78,100,80,-1,80,100,101,-1,80,101,82,-1,82,101,102,-1,82,102,84,-1,84,102,103,-1,84,103,86,-1,86,103,104,-1,86,104,88,-1,88,104,105,-1,88,105,90,-1,90,105,106,-1,90,106,92,-1,92,106,107,-1,92,107,63,-1,61,63,108,-1,108,63,107,-1,61,108,109,-1,61,109,58,-1,58,109,110,-1,58,110,56,-1,56,110,111,-1,56,111,54,-1,54,111,112,-1,54,112,35,-1,35,112,113,-1,35,113,64,-1,64,113,114,-1,64,114,65,-1,65,114,115,-1,65,115,67,-1,67,115,116,-1,67,116,69,-1,69,116,117,-1,69,117,71,-1,71,117,118,-1,71,118,72,-1,72,118,119,-1,72,119,52,-1,120,46,121,-1,121,46,48,-1,121,48,122,-1,122,48,50,-1,122,50,123,-1,123,50,52,-1,123,52,119,-1,46,120,124,-1,46,124,44,-1,44,124,125,-1,44,125,42,-1,125,126,42,-1,42,126,127,-1,42,127,40,-1,40,127,128,-1,40,128,38,-1,38,128,129,-1,38,129,24,-1,25,24,130,-1,130,24,129,-1,31,25,131,-1,131,25,130,-1,32,31,132,-1,132,31,131,-1,28,32,133,-1,133,32,132,-1,28,133,134,-1,28,134,91,-1,91,134,135,-1,91,135,89,-1,89,135,136,-1,89,136,87,-1,87,136,137,-1,87,137,85,-1,85,137,138,-1,85,138,83,-1,83,138,139,-1,83,139,81,-1,81,139,93,-1,81,93,79,-1,57,140,141,-1,57,141,59,-1,59,141,142,-1,59,142,60,-1,60,142,143,-1,60,143,62,-1,66,144,145,-1,66,145,33,-1,33,145,146,-1,33,146,34,-1,34,146,147,-1,34,147,55,-1,55,147,140,-1,55,140,57,-1,51,148,149,-1,51,149,53,-1,53,149,150,-1,53,150,70,-1,70,150,151,-1,70,151,68,-1,68,151,144,-1,68,144,66,-1,45,152,153,-1,45,153,47,-1,47,153,154,-1,47,154,49,-1,49,154,148,-1,49,148,51,-1,37,155,156,-1,37,156,39,-1,39,156,157,-1,39,157,41,-1,41,157,158,-1,41,158,43,-1,43,158,152,-1,43,152,45,-1,29,159,160,-1,29,160,27,-1,27,160,161,-1,27,161,26,-1,26,161,162,-1,26,162,36,-1,36,162,155,-1,36,155,37,-1,29,30,159,-1,159,30,163,-1,30,62,163,-1,163,62,143,-1,
        ]
    }
}
Shape{
    appearance Appearance {
        material  Material 	{
            diffuseColor 0.15294117647058825 1.0 0.7803921568627451
            specularColor 0.0784313725490196 0.5019607843137255 0.38823529411764707
            ambientIntensity 0.7217
            transparency 0.0
            shininess 0.5
        }
    }
    geometry IndexedFaceSet {
        ccw TRUE
        solid FALSE
        coord DEF co Coordinate {
            point [
                3.2362 0.5319 0.8335, 3.2362 0.532 0.8349, 3.2362 0.4858 0.8352, 3.2362 0.532 0.8458, 3.2362 0.5052 0.8422, 3.2362 0.493 0.8394, 3.2362 0.4883 0.8371, 3.2362 0.5306 0.8246, 3.2362 0.4834 0.8322, 3.2362 0.5277 0.8174, 3.2362 0.4846 0.8091, 3.2362 0.4863 0.8074, 3.2362 0.5209 0.8091, 3.2362 0.4823 0.8125, 3.2362 0.5152 0.8053, 3.2362 0.5091 0.803, 3.2362 0.5016 0.8022, 3.2362 0.4816 0.8285, 3.2362 0.4806 0.8239, 3.2362 0.5234 0.8115, 3.2362 0.4805 0.8207, 3.2362 0.481 0.8161, 3.2362 0.4903 0.8046, 3.2362 0.4948 0.803
            ]
        }
        coordIndex [
            0,1,2,-1,1,3,4,-1,4,5,1,-1,1,5,6,-1,1,6,2,-1,0,2,7,-1,7,2,8,-1,7,8,9,-1,10,11,12,-1,10,12,13,-1,14,12,15,-1,15,12,16,-1,8,17,9,-1,9,17,18,-1,9,18,19,-1,19,18,20,-1,19,20,12,-1,12,20,21,-1,12,21,13,-1,11,22,12,-1,12,22,23,-1,12,23,16,-1,
        ]
    }
}
Shape{
    appearance Appearance {
        material  Material 	{
            diffuseColor 0.0 0.0 0.0
            specularColor 0.0 0.0 0.0
            ambientIntensity 0.0
            transparency 0.0
            shininess 0.5
        }
    }
    geometry IndexedFaceSet {
        ccw TRUE
        solid FALSE
        coord DEF co Coordinate {
            point [
                3.2362 0.5792 0.8132, 3.2362 0.5792 0.8132, 3.2362 0.5864 0.8087, 3.2362 0.6122 0.8021, 3.2362 0.6122 0.8021, 3.2362 0.599 0.8037, 3.2362 0.599 0.8037, 3.2362 0.5885 0.8078, 3.2362 0.5864 0.8087, 3.2362 0.5792 0.7925, 3.2362 0.5792 0.7925, 3.2362 0.5933 0.7875, 3.2362 0.5885 0.7892, 3.2362 0.6102 0.7857, 3.2362 0.6102 0.7857, 3.2362 0.5973 0.7871, 3.2362 0.5933 0.7875, 3.2362 0.6284 0.7879, 3.2362 0.6215 0.7871, 3.2362 0.6284 0.7879, 3.2362 0.639 0.792, 3.2362 0.639 0.792, 3.2362 0.6435 0.7948, 3.2362 0.6435 0.7948, 3.2362 0.6493 0.7999, 3.2362 0.6493 0.7999, 3.2362 0.653 0.8052, 3.2362 0.653 0.8052, 3.2362 0.6555 0.8115, 3.2362 0.6555 0.8115, 3.2362 0.6564 0.8196, 3.2362 0.6564 0.8196, 3.2362 0.6556 0.8271, 3.2362 0.6556 0.8271, 3.2362 0.6535 0.833, 3.2362 0.6535 0.833, 3.2362 0.6497 0.8385, 3.2362 0.6497 0.8385, 3.2362 0.6449 0.8427, 3.2362 0.6449 0.8427, 3.2362 0.6316 0.8501, 3.2362 0.6316 0.8501, 3.2362 0.6239 0.8533, 3.2362 0.6239 0.8533, 3.2362 0.6114 0.8587, 3.2362 0.6114 0.8587, 3.2362 0.6044 0.8631, 3.2362 0.6044 0.8631, 3.2362 0.6024 0.8653, 3.2362 0.6024 0.8653, 3.2362 0.601 0.868, 3.2362 0.601 0.868, 3.2362 0.6002 0.8711, 3.2362 0.6002 0.8711, 3.2362 0.6 0.8738, 3.2362 0.6 0.8738, 3.2362 0.6004 0.877, 3.2362 0.6004 0.877, 3.2362 0.6013 0.8797, 3.2362 0.6013 0.8797, 3.2362 0.6031 0.8822, 3.2362 0.6031 0.8822, 3.2362 0.6061 0.8849, 3.2362 0.6061 0.8849, 3.2362 0.6106 0.8873, 3.2362 0.6106 0.8873, 3.2362 0.616 0.8887, 3.2362 0.616 0.8887, 3.2362 0.6219 0.8891, 3.2362 0.6219 0.8891, 3.2362 0.6359 0.8874, 3.2362 0.6359 0.8874, 3.2362 0.6473 0.883, 3.2362 0.6473 0.883, 3.2362 0.651 0.8809, 3.2362 0.651 0.8809, 3.2362 0.651 0.9004, 3.2362 0.651 0.9004, 3.2362 0.6379 0.9042, 3.2362 0.6379 0.9042, 3.2362 0.6239 0.9054, 3.2362 0.6239 0.9054, 3.2362 0.6078 0.9035, 3.2362 0.6078 0.9035, 3.2362 0.5971 0.8994, 3.2362 0.5971 0.8994, 3.2362 0.5922 0.8963, 3.2362 0.5922 0.8963, 3.2362 0.5857 0.8904, 3.2362 0.5885 0.8929, 3.2362 0.5857 0.8904, 3.2362 0.5822 0.8849, 3.2362 0.5822 0.8849, 3.2362 0.58 0.8784, 3.2362 0.58 0.8784, 3.2362 0.5793 0.872, 3.2362 0.5793 0.872, 3.2362 0.5804 0.8633, 3.2362 0.5804 0.8633, 3.2362 0.5828 0.8573, 3.2362 0.5828 0.8573, 3.2362 0.585 0.8539, 3.2362 0.585 0.8539, 3.2362 0.6097 0.8387, 3.2362 0.6097 0.8387, 3.2362 0.5977 0.8442, 3.2362 0.5883 0.8504, 3.2362 0.5883 0.8504, 3.2362 0.5885 0.8503, 3.2362 0.5977 0.8442, 3.2362 0.6229 0.8332, 3.2362 0.6229 0.8332, 3.2362 0.6307 0.8285, 3.2362 0.6307 0.8285, 3.2362 0.6332 0.8259, 3.2362 0.6332 0.8259, 3.2362 0.6347 0.8232, 3.2362 0.6347 0.8232, 3.2362 0.6357 0.8201, 3.2362 0.6357 0.8201, 3.2362 0.6359 0.8176, 3.2362 0.6359 0.8176, 3.2362 0.6354 0.8138, 3.2362 0.6354 0.8138, 3.2362 0.6344 0.8109, 3.2362 0.6344 0.8109, 3.2362 0.6327 0.8083, 3.2362 0.6327 0.8083, 3.2362 0.6304 0.8063, 3.2362 0.6304 0.8063, 3.2362 0.6285 0.8052, 3.2362 0.6285 0.8052, 3.2362 0.6234 0.8033, 3.2362 0.6234 0.8033, 3.2362 0.6131 0.8021, 3.2362 0.6131 0.8021, 3.2362 0.7559 0.9028, 3.2362 0.7767 0.9028, 3.2362 0.7559 0.9028, 3.2362 0.7767 0.9028, 3.2362 0.7246 0.8167, 3.2362 0.7246 0.8167, 3.2362 0.7231 0.8114, 3.2362 0.7231 0.8114, 3.2362 0.7222 0.8074, 3.2362 0.7222 0.8074, 3.2362 0.7217 0.8074, 3.2362 0.7217 0.8074, 3.2362 0.7192 0.8169, 3.2362 0.7192 0.8169, 3.2362 0.6893 0.9028, 3.2362 0.6893 0.9028, 3.2362 0.699 0.875, 3.2362 0.6669 0.9028, 3.2362 0.6669 0.9028, 3.2362 0.7117 0.7887, 3.2362 0.7117 0.7887, 3.2362 0.699 0.8211, 3.2362 0.7029 0.7679, 3.2362 0.7029 0.7679, 3.2362 0.7111 0.7871, 3.2362 0.6984 0.7598, 3.2362 0.699 0.7609, 3.2362 0.6984 0.7598, 3.2362 0.6944 0.7558, 3.2362 0.6944 0.7558, 3.2362 0.6906 0.7535, 3.2362 0.6906 0.7535, 3.2362 0.6862 0.7521, 3.2362 0.6862 0.7521, 3.2362 0.6824 0.7518, 3.2362 0.6824 0.7518, 3.2362 0.6751 0.7527, 3.2362 0.6751 0.7527, 3.2362 0.671 0.7541, 3.2362 0.671 0.7541, 3.2362 0.671 0.7362, 3.2362 0.671 0.7362, 3.2362 0.6795 0.7347, 3.2362 0.6795 0.7347, 3.2362 0.684 0.7346, 3.2362 0.684 0.7346, 3.2362 0.6926 0.7356, 3.2362 0.6926 0.7356, 3.2362 0.699 0.7382, 3.2362 0.7005 0.7388, 3.2362 0.7005 0.7388, 3.2362 0.7073 0.7437, 3.2362 0.7073 0.7437, 3.2362 0.7156 0.7533, 3.2362 0.7156 0.7533, 3.2362 0.7248 0.7712, 3.2362 0.7248 0.7712, 3.2362 0.731 0.7871, 3.2362 0.8844 0.8067, 3.2362 0.8844 0.7884, 3.2362 0.8844 0.8067, 3.2362 0.8844 0.7884, 3.2362 0.819 0.8067, 3.2362 0.819 0.8067, 3.2362 0.8489 0.8067, 3.2362 0.819 0.8606, 3.2362 0.819 0.8606, 3.2362 0.8762 0.8606, 3.2362 0.8762 0.8606, 3.2362 0.8489 0.8606, 3.2362 0.8762 0.8789, 3.2362 0.8762 0.8789, 3.2362 0.819 0.8789, 3.2362 0.819 0.8789, 3.2362 0.8489 0.8789, 3.2362 0.819 0.9302, 3.2362 0.819 0.9302, 3.2362 0.8808 0.9302, 3.2362 0.8808 0.9302, 3.2362 0.8489 0.9302, 3.2362 0.8808 0.9486, 3.2362 0.8808 0.9486, 3.2362 0.7983 0.9486, 3.2362 0.7983 0.9486, 3.2362 0.8489 0.9486, 3.2362 0.7983 0.7884, 3.2362 0.7983 0.7884, 3.2362 0.8489 0.7884, 3.2362 1.0209 0.8109, 3.2362 1.0033 0.8207, 3.2362 1.0043 0.799, 3.2362 0.9926 0.8138, 3.2362 0.9861 0.7918, 3.2362 0.979 0.8089, 3.2362 0.9587 0.7884, 3.2362 0.9586 0.8067, 3.2362 0.9147 0.7884, 3.2362 0.9353 0.8067, 3.2362 0.9147 0.9486, 3.2362 0.9353 0.9302, 3.2362 0.9603 0.9486, 3.2362 0.9595 0.9302, 3.2362 0.9848 0.9459, 3.2362 0.9801 0.9279, 3.2362 1.0041 0.9388, 3.2362 0.994 0.9229, 3.2362 1.0209 0.9274, 3.2362 1.0057 0.9151, 3.2362 1.0264 0.922, 3.2362 1.0101 0.9108, 3.2362 1.0364 0.908, 3.2362 1.0163 0.9019, 3.2362 1.0423 0.8928, 3.2362 1.0209 0.8903, 3.2362 1.045 0.8706, 3.2362 1.0233 0.87, 3.2362 1.0446 0.8604, 3.2362 1.0228 0.8599, 3.2362 1.0407 0.8416, 3.2362 1.0197 0.8452, 3.2362 1.0328 0.8251, 3.2362 1.0142 0.8333, 3.2362 1.0062 0.8234, 3.2362 0.9587 0.7884, 3.2362 0.9147 0.7884, 3.2362 0.9861 0.7918, 3.2362 1.0043 0.799, 3.2362 1.0209 0.8109, 3.2362 1.0328 0.8251, 3.2362 1.0407 0.8416, 3.2362 1.0446 0.8604, 3.2362 1.045 0.8706, 3.2362 1.0423 0.8928, 3.2362 1.0364 0.908, 3.2362 1.0264 0.922, 3.2362 1.0209 0.9274, 3.2362 1.0041 0.9388, 3.2362 0.9848 0.9459, 3.2362 0.9603 0.9486, 3.2362 0.9147 0.9486, 3.2362 0.9595 0.9302, 3.2362 0.9353 0.9302, 3.2362 0.9353 0.8067, 3.2362 0.9586 0.8067, 3.2362 1.0062 0.8234, 3.2362 1.0033 0.8207, 3.2362 0.9926 0.8138, 3.2362 0.979 0.8089, 3.2362 1.0233 0.87, 3.2362 1.0228 0.8599, 3.2362 1.0197 0.8452, 3.2362 1.0142 0.8333, 3.2362 1.0057 0.9151, 3.2362 1.0101 0.9108, 3.2362 1.0163 0.9019, 3.2362 1.0209 0.8903, 3.2362 0.9801 0.9279, 3.2362 0.994 0.9229
            ]
        }
        coordIndex [
            0,1,2,-1,3,4,5,-1,3,5,6,-1,6,5,7,-1,6,7,2,-1,2,7,8,-1,2,8,0,-1,9,1,10,-1,10,1,0,-1,11,9,12,-1,12,9,10,-1,13,14,15,-1,15,14,11,-1,15,11,16,-1,16,11,12,-1,17,14,18,-1,18,14,13,-1,18,19,17,-1,17,19,20,-1,17,20,21,-1,21,20,22,-1,21,22,23,-1,23,22,24,-1,23,24,25,-1,25,24,26,-1,25,26,27,-1,27,26,28,-1,27,28,29,-1,29,28,30,-1,29,30,31,-1,31,30,32,-1,31,32,33,-1,33,32,34,-1,33,34,35,-1,35,34,36,-1,35,36,37,-1,37,36,38,-1,37,38,39,-1,39,38,40,-1,39,40,41,-1,41,40,42,-1,41,42,43,-1,43,42,44,-1,43,44,45,-1,45,44,46,-1,45,46,47,-1,47,46,48,-1,47,48,49,-1,49,48,50,-1,49,50,51,-1,51,50,52,-1,51,52,53,-1,53,52,54,-1,53,54,55,-1,55,54,56,-1,55,56,57,-1,57,56,58,-1,57,58,59,-1,59,58,60,-1,59,60,61,-1,61,60,62,-1,61,62,63,-1,63,62,64,-1,63,64,65,-1,65,64,66,-1,65,66,67,-1,67,66,68,-1,67,68,69,-1,69,68,70,-1,69,70,71,-1,71,70,72,-1,71,72,73,-1,73,72,74,-1,73,74,75,-1,76,75,77,-1,77,75,74,-1,76,77,78,-1,76,78,79,-1,79,78,80,-1,79,80,81,-1,81,80,82,-1,81,82,83,-1,83,82,84,-1,83,84,85,-1,85,84,86,-1,85,86,87,-1,88,87,89,-1,89,87,86,-1,89,90,88,-1,88,90,91,-1,88,91,92,-1,92,91,93,-1,92,93,94,-1,94,93,95,-1,94,95,96,-1,96,95,97,-1,96,97,98,-1,98,97,99,-1,98,99,100,-1,100,99,101,-1,100,101,102,-1,103,104,105,-1,102,101,106,-1,102,106,107,-1,107,106,108,-1,107,108,105,-1,105,108,109,-1,105,109,103,-1,104,103,110,-1,104,110,111,-1,111,110,112,-1,111,112,113,-1,113,112,114,-1,113,114,115,-1,115,114,116,-1,115,116,117,-1,117,116,118,-1,117,118,119,-1,119,118,120,-1,119,120,121,-1,121,120,122,-1,121,122,123,-1,123,122,124,-1,123,124,125,-1,125,124,126,-1,125,126,127,-1,127,126,128,-1,127,128,129,-1,129,128,130,-1,129,130,131,-1,131,130,132,-1,131,132,133,-1,133,132,134,-1,133,134,135,-1,135,134,4,-1,135,4,3,-1,59,61,87,-1,87,61,85,-1,85,61,63,-1,85,63,83,-1,125,25,27,-1,111,43,104,-1,104,43,45,-1,96,98,51,-1,51,98,100,-1,51,100,49,-1,49,100,102,-1,49,102,47,-1,47,102,107,-1,47,107,45,-1,45,107,105,-1,45,105,104,-1,125,27,123,-1,123,27,29,-1,123,29,121,-1,121,29,31,-1,121,31,119,-1,119,31,33,-1,119,33,117,-1,117,33,35,-1,117,35,115,-1,115,35,37,-1,115,37,113,-1,113,37,39,-1,113,39,111,-1,111,39,41,-1,111,41,43,-1,25,125,23,-1,23,125,127,-1,23,127,21,-1,14,3,11,-1,11,3,6,-1,11,6,9,-1,9,6,2,-1,9,2,1,-1,63,65,83,-1,83,65,67,-1,83,67,81,-1,81,67,69,-1,81,69,79,-1,79,69,71,-1,79,71,76,-1,76,71,73,-1,76,73,75,-1,127,129,21,-1,21,129,131,-1,21,131,17,-1,17,131,133,-1,17,133,14,-1,14,133,135,-1,14,135,3,-1,87,88,59,-1,59,88,92,-1,59,92,57,-1,57,92,94,-1,57,94,55,-1,55,94,96,-1,55,96,53,-1,53,96,51,-1,136,137,138,-1,138,137,139,-1,140,136,141,-1,141,136,138,-1,140,141,142,-1,140,142,143,-1,143,142,144,-1,143,144,145,-1,146,145,147,-1,147,145,144,-1,148,146,149,-1,149,146,147,-1,150,151,152,-1,152,151,148,-1,152,148,149,-1,153,151,154,-1,154,151,150,-1,155,156,157,-1,157,156,153,-1,157,153,154,-1,158,159,160,-1,160,159,156,-1,160,156,155,-1,161,159,162,-1,162,159,158,-1,162,163,161,-1,161,163,164,-1,161,164,165,-1,165,164,166,-1,165,166,167,-1,167,166,168,-1,167,168,169,-1,169,168,170,-1,169,170,171,-1,171,170,172,-1,171,172,173,-1,173,172,174,-1,173,174,175,-1,176,175,177,-1,177,175,174,-1,176,177,178,-1,176,178,179,-1,179,178,180,-1,179,180,181,-1,181,180,182,-1,181,182,183,-1,183,182,184,-1,183,184,185,-1,184,186,185,-1,185,186,187,-1,185,187,188,-1,188,187,189,-1,188,189,190,-1,190,189,191,-1,190,191,192,-1,139,137,193,-1,193,137,192,-1,193,192,191,-1,143,145,192,-1,137,136,192,-1,192,136,140,-1,192,140,143,-1,151,153,148,-1,148,153,156,-1,148,156,146,-1,145,146,192,-1,192,146,156,-1,192,156,190,-1,156,159,190,-1,190,159,161,-1,190,161,188,-1,188,161,165,-1,188,165,185,-1,185,165,167,-1,185,167,183,-1,183,167,169,-1,183,169,181,-1,181,169,171,-1,181,171,179,-1,179,171,173,-1,179,173,176,-1,176,173,175,-1,194,195,196,-1,196,195,197,-1,198,199,200,-1,200,199,194,-1,200,194,196,-1,201,199,202,-1,202,199,198,-1,203,204,205,-1,205,204,201,-1,205,201,202,-1,206,204,207,-1,207,204,203,-1,208,209,210,-1,210,209,206,-1,210,206,207,-1,211,209,212,-1,212,209,208,-1,213,214,215,-1,215,214,211,-1,215,211,212,-1,216,214,217,-1,217,214,213,-1,218,219,220,-1,220,219,216,-1,220,216,217,-1,221,219,222,-1,222,219,218,-1,197,195,223,-1,223,195,221,-1,223,221,222,-1,214,216,211,-1,211,216,219,-1,211,219,209,-1,195,194,221,-1,221,194,199,-1,221,199,201,-1,204,206,201,-1,201,206,209,-1,201,209,221,-1,221,209,219,-1,224,225,226,-1,226,225,227,-1,226,227,228,-1,228,227,229,-1,228,229,230,-1,230,229,231,-1,230,231,232,-1,232,231,233,-1,232,233,234,-1,234,233,235,-1,234,235,236,-1,236,235,237,-1,236,237,238,-1,238,237,239,-1,238,239,240,-1,240,239,241,-1,240,241,242,-1,242,241,243,-1,242,243,244,-1,244,243,245,-1,244,245,246,-1,246,245,247,-1,246,247,248,-1,248,247,249,-1,248,249,250,-1,250,249,251,-1,250,251,252,-1,252,251,253,-1,252,253,254,-1,254,253,255,-1,254,255,256,-1,256,255,257,-1,256,257,224,-1,224,257,258,-1,224,258,225,-1,230,232,259,-1,259,232,260,-1,230,259,261,-1,230,261,228,-1,228,261,262,-1,228,262,226,-1,226,262,263,-1,226,263,224,-1,224,263,264,-1,224,264,256,-1,256,264,265,-1,256,265,254,-1,254,265,266,-1,254,266,252,-1,252,266,267,-1,252,267,250,-1,250,267,268,-1,250,268,248,-1,248,268,269,-1,248,269,246,-1,246,269,270,-1,246,270,244,-1,244,270,271,-1,244,271,242,-1,242,271,272,-1,242,272,240,-1,240,272,273,-1,240,273,238,-1,238,273,274,-1,238,274,236,-1,234,236,275,-1,275,236,274,-1,232,234,260,-1,260,234,275,-1,237,235,276,-1,276,235,277,-1,235,233,277,-1,277,233,278,-1,233,231,278,-1,278,231,279,-1,258,280,281,-1,258,281,225,-1,225,281,282,-1,225,282,227,-1,227,282,283,-1,227,283,229,-1,229,283,279,-1,229,279,231,-1,251,284,285,-1,251,285,253,-1,253,285,286,-1,253,286,255,-1,255,286,287,-1,255,287,257,-1,257,287,280,-1,257,280,258,-1,243,288,289,-1,243,289,245,-1,245,289,290,-1,245,290,247,-1,247,290,291,-1,247,291,249,-1,249,291,284,-1,249,284,251,-1,237,276,292,-1,237,292,239,-1,239,292,293,-1,239,293,241,-1,241,293,288,-1,241,288,243,-1,
        ]
    }
}
Shape{
    appearance Appearance {
        material  Material 	{
            diffuseColor 0.15294117647058825 1.0 0.7803921568627451
            specularColor 0.0784313725490196 0.5019607843137255 0.38823529411764707
            ambientIntensity 0.7217
            transparency 0.0
            shininess 0.5
        }
    }
    geometry IndexedFaceSet {
        ccw TRUE
        solid FALSE
        coord DEF co Coordinate {
            point [
                3.2362 0.9353 0.9302, 3.2362 0.9353 0.8067, 3.2362 0.9595 0.9302, 3.2362 0.9586 0.8067, 3.2362 0.979 0.8089, 3.2362 0.9926 0.8138, 3.2362 1.0033 0.8207, 3.2362 1.0062 0.8234, 3.2362 1.0142 0.8333, 3.2362 1.0197 0.8452, 3.2362 1.0228 0.8599, 3.2362 1.0233 0.87, 3.2362 1.0209 0.8903, 3.2362 1.0163 0.9019, 3.2362 1.0101 0.9108, 3.2362 1.0057 0.9151, 3.2362 0.9801 0.9279, 3.2362 0.994 0.9229
            ]
        }
        coordIndex [
            0,1,2,-1,2,1,3,-1,2,3,4,-1,4,5,2,-1,2,5,6,-1,2,6,7,-1,7,8,2,-1,2,8,9,-1,2,9,10,-1,10,11,2,-1,2,11,12,-1,2,12,13,-1,13,14,2,-1,2,14,15,-1,2,15,16,-1,16,15,17,-1,
        ]
    }
}
Shape{
    appearance Appearance {
        material  Material 	{
            diffuseColor 0.0 0.0 0.0
            specularColor 0.0 0.0 0.0
            ambientIntensity 0.0
            transparency 0.0
            shininess 0.5
        }
    }
    geometry IndexedFaceSet {
        ccw TRUE
        solid FALSE
        coord DEF co Coordinate {
            point [
                3.2362 1.0987 0.8503, 3.2362 1.0922 0.8322, 3.2362 1.1525 0.8503, 3.2362 1.1588 0.8322, 3.2362 1.1227 0.9169, 3.2362 1.1149 0.9486, 3.2362 1.0539 0.7884, 3.2362 1.0768 0.7884, 3.2362 1.124 0.9217, 3.2362 1.1253 0.9281, 3.2362 1.137 0.9486, 3.2362 1.1258 0.9281, 3.2362 1.1271 0.9213, 3.2362 1.1283 0.9169, 3.2362 1.198 0.7884, 3.2362 1.1752 0.7884, 3.2362 1.137 0.9486, 3.2362 1.198 0.7884, 3.2362 1.1149 0.9486, 3.2362 1.0539 0.7884, 3.2362 1.0768 0.7884, 3.2362 1.0922 0.8322, 3.2362 1.1588 0.8322, 3.2362 1.1752 0.7884, 3.2362 1.0987 0.8503, 3.2362 1.1525 0.8503, 3.2362 1.1283 0.9169, 3.2362 1.1258 0.9281, 3.2362 1.1271 0.9213, 3.2362 1.1253 0.9281, 3.2362 1.1227 0.9169, 3.2362 1.124 0.9217
            ]
        }
        coordIndex [
            0,1,2,-1,2,1,3,-1,4,5,0,-1,0,5,6,-1,0,6,1,-1,1,6,7,-1,4,8,5,-1,5,8,9,-1,5,9,10,-1,10,9,11,-1,10,11,12,-1,12,13,10,-1,10,13,2,-1,10,2,14,-1,14,2,3,-1,14,3,15,-1,10,14,16,-1,16,14,17,-1,5,10,18,-1,18,10,16,-1,6,5,19,-1,19,5,18,-1,7,6,20,-1,20,6,19,-1,1,7,21,-1,21,7,20,-1,3,1,22,-1,22,1,21,-1,15,3,23,-1,23,3,22,-1,14,15,17,-1,17,15,23,-1,0,2,24,-1,24,2,25,-1,2,13,25,-1,25,13,26,-1,11,27,28,-1,11,28,12,-1,12,28,26,-1,12,26,13,-1,11,9,27,-1,27,9,29,-1,4,30,31,-1,4,31,8,-1,8,31,29,-1,8,29,9,-1,4,0,30,-1,30,0,24,-1,
        ]
    }
}
Shape{
    appearance Appearance {
        material  Material 	{
            diffuseColor 0.15294117647058825 1.0 0.7803921568627451
            specularColor 0.0784313725490196 0.5019607843137255 0.38823529411764707
            ambientIntensity 0.7217
            transparency 0.0
            shininess 0.5
        }
    }
    geometry IndexedFaceSet {
        ccw TRUE
        solid FALSE
        coord DEF co Coordinate {
            point [
                3.2362 1.1258 0.9281, 3.2362 1.1253 0.9281, 3.2362 1.1271 0.9213, 3.2362 1.124 0.9217, 3.2362 1.1283 0.9169, 3.2362 1.1227 0.9169, 3.2362 1.1525 0.8503, 3.2362 1.0987 0.8503
            ]
        }
        coordIndex [
            0,1,2,-1,2,1,3,-1,2,3,4,-1,4,3,5,-1,4,5,6,-1,6,5,7,-1,
        ]
    }
}
Shape{
    appearance Appearance {
        material  Material 	{
            diffuseColor 0.0 0.0 0.0
            specularColor 0.0 0.0 0.0
            ambientIntensity 0.0
            transparency 0.0
            shininess 0.5
        }
    }
    geometry IndexedFaceSet {
        ccw TRUE
        solid FALSE
        coord DEF co Coordinate {
            point [
                3.2362 -0.3525 0.7658, 3.2362 -0.3356 0.7449, 3.2362 -0.3627 0.8664, 3.2362 -0.1625 0.7614, 3.2362 -0.1491 0.7868, 3.2362 -0.1424 0.8149, 3.2362 -0.2864 0.7924, 3.2362 -0.2773 0.7861, 3.2362 -0.3133 0.7281, 3.2362 -0.2668 0.7822, 3.2362 0.153 0.9461, 3.2362 0.1503 0.924, 3.2362 0.218 0.905, 3.2362 0.0176 0.9222, 3.2362 -0.0177 0.9826, 3.2362 -0.1418 0.838, 3.2362 -0.1703 0.9029, 3.2362 -0.1418 0.8266, 3.2362 -0.2028 0.7259, 3.2362 -0.1801 0.7416, 3.2362 -0.3875 0.8817, 3.2362 -0.3835 0.7964, 3.2362 -0.3639 0.7902, 3.2362 0.0551 1.035, 3.2362 0.0642 1.035, 3.2362 0.1109 1.0964, 3.2362 0.0859 1.0323, 3.2362 0.1177 1.0941, 3.2362 0.1057 1.0247, 3.2362 0.1514 1.0771, 3.2362 0.1821 1.0507, 3.2362 -0.2652 1.0725, 3.2362 -0.2568 1.068, 3.2362 -0.2921 1.1511, 3.2362 -0.2407 1.1021, 3.2362 -0.2688 1.1783, 3.2362 -0.2156 1.1329, 3.2362 -0.242 1.2012, 3.2362 -0.184 1.1564, 3.2362 -0.2144 1.2183, 3.2362 -0.287 0.717, 3.2362 -0.2601 0.7128, 3.2362 -0.2568 0.7811, 3.2362 -0.2557 0.7127, 3.2362 -0.2472 0.7821, 3.2362 -0.2282 0.7161, 3.2362 -0.2372 0.7856, 3.2362 -0.2283 0.7914, 3.2362 -0.2208 0.7995, 3.2362 0.2033 0.8692, 3.2362 0.1425 0.9037, 3.2362 0.1815 0.8391, 3.2362 -0.1619 1.2386, 3.2362 -0.1468 1.1717, 3.2362 -0.1054 1.2456, 3.2362 0.0494 1.1864, 3.2362 0.0091 1.13, 3.2362 0.0866 1.1435, 3.2362 0.0337 1.0983, 3.2362 0.0499 1.061, 3.2362 -0.4079 0.9027, 3.2362 -0.4549 0.8448, 3.2362 -0.424 0.8176, 3.2362 -0.4277 0.9987, 3.2362 -0.5023 0.9823, 3.2362 -0.431 0.9712, 3.2362 -0.5028 0.9689, 3.2362 -0.4297 0.9538, 3.2362 -0.4984 0.9291, 3.2362 -0.4216 0.9259, 3.2362 -0.4833 0.8864, 3.2362 -0.4592 0.8497, 3.2362 -0.2936 0.8006, 3.2362 -0.2985 0.81, 3.2362 -0.301 0.8205, 3.2362 -0.2154 0.8414, 3.2362 -0.2128 0.8309, 3.2362 -0.2127 0.8202, 3.2362 -0.2155 0.8093, 3.2362 0.1234 1.0123, 3.2362 0.1366 0.9975, 3.2362 0.2051 1.0182, 3.2362 0.1472 0.9779, 3.2362 0.2187 0.9833, 3.2362 0.1525 0.956, 3.2362 0.2236 0.9473, 3.2362 0.2236 0.9423, 3.2362 0.13 0.886, 3.2362 0.1284 0.8842, 3.2362 0.1492 0.812, 3.2362 0.1115 0.8705, 3.2362 0.1143 0.7954, 3.2362 0.0914 0.8612, 3.2362 0.0779 0.7879, 3.2362 0.0711 0.8573, 3.2362 0.0107 0.7879, 3.2362 0.0198 0.8573, 3.2362 0.0051 0.7887, 3.2362 -0.2907 1.0818, 3.2362 -0.3052 1.1527, 3.2362 -0.3172 1.0851, 3.2362 -0.3183 1.1534, 3.2362 -0.3289 1.0845, 3.2362 -0.3584 1.149, 3.2362 -0.357 1.0778, 3.2362 -0.4009 1.1338, 3.2362 -0.3824 1.0644, 3.2362 -0.4391 1.1082, 3.2362 -0.4021 1.0468, 3.2362 -0.4493 1.0987, 3.2362 -0.4179 1.0241, 3.2362 -0.4742 1.0676, 3.2362 -0.4934 1.0272, 3.2362 -0.1089 1.1772, 3.2362 -0.1043 1.1773, 3.2362 -0.0585 1.2407, 3.2362 -0.0675 1.173, 3.2362 -0.0013 1.2205, 3.2362 -0.0316 1.1597, 3.2362 0.0006 1.1379, 3.2362 -0.301 0.8304, 3.2362 -0.2983 0.8413, 3.2362 -0.3501 0.891, 3.2362 -0.293 0.8512, 3.2362 -0.3313 0.9125, 3.2362 -0.2855 0.8593, 3.2362 -0.308 0.9287, 3.2362 -0.2764 0.8653, 3.2362 -0.2828 0.9383, 3.2362 -0.2664 0.8688, 3.2362 -0.2557 0.9416, 3.2362 -0.2568 0.8699, 3.2362 -0.2418 0.9408, 3.2362 -0.2475 0.8689, 3.2362 -0.2143 0.9339, 3.2362 -0.2369 0.8651, 3.2362 -0.1902 0.921, 3.2362 -0.2277 0.8589, 3.2362 -0.2204 0.8508, 3.2362 0.0141 0.8584, 3.2362 -0.0134 0.8, 3.2362 -0.01 0.7966, 3.2362 0.0046 0.8575, 3.2362 -0.0032 0.8545, 3.2362 -0.0222 0.8263, 3.2362 -0.0223 0.8232, 3.2362 -0.0213 0.815, 3.2362 -0.0183 0.8072, 3.2362 0.0175 0.8576, 3.2362 -0.0024 0.7915, 3.2362 0.013 0.8585, 3.2362 -0.0103 0.8496, 3.2362 -0.0161 0.843, 3.2362 -0.0202 0.835, 3.2362 0.2236 0.9473, 3.2362 0.2187 0.9833, 3.2362 0.2145 0.9942, 3.2362 0.2051 1.0182, 3.2362 0.1889 1.0411, 3.2362 0.1821 1.0507, 3.2362 0.1514 1.0771, 3.2362 0.1177 1.0941, 3.2362 0.1109 1.0964, 3.2362 0.0866 1.1435, 3.2362 0.0494 1.1864, 3.2362 0.0233 1.204, 3.2362 -0.0013 1.2205, 3.2362 -0.0585 1.2407, 3.2362 -0.1054 1.2456, 3.2362 -0.242 1.2012, 3.2362 -0.2375 1.204, 3.2362 -0.2144 1.2183, 3.2362 -0.1619 1.2386, 3.2362 -0.2688 1.1783, 3.2362 -0.2921 1.1511, 3.2362 -0.3052 1.1527, 3.2362 -0.3183 1.1534, 3.2362 -0.3584 1.149, 3.2362 -0.4009 1.1338, 3.2362 -0.4391 1.1082, 3.2362 -0.4493 1.0987, 3.2362 -0.5028 0.9689, 3.2362 -0.4742 1.0676, 3.2362 -0.4867 1.0411, 3.2362 -0.4934 1.0272, 3.2362 -0.4999 0.9942, 3.2362 -0.5023 0.9823, 3.2362 -0.4984 0.9291, 3.2362 -0.4833 0.8864, 3.2362 -0.4592 0.8497, 3.2362 -0.4549 0.8448, 3.2362 -0.424 0.8176, 3.2362 -0.3835 0.7964, 3.2362 -0.3639 0.7902, 3.2362 -0.3624 0.7871, 3.2362 -0.3525 0.7658, 3.2362 -0.3356 0.7449, 3.2362 -0.3133 0.7281, 3.2362 -0.3028 0.7237, 3.2362 -0.287 0.717, 3.2362 -0.2601 0.7128, 3.2362 -0.2557 0.7127, 3.2362 -0.1418 0.8266, 3.2362 -0.2282 0.7161, 3.2362 -0.2085 0.7237, 3.2362 -0.2028 0.7259, 3.2362 -0.1801 0.7416, 3.2362 -0.1625 0.7614, 3.2362 -0.1491 0.7868, 3.2362 -0.149 0.7871, 3.2362 -0.1424 0.8149, 3.2362 -0.1418 0.838, 3.2362 0.0176 0.9222, 3.2362 -0.0177 0.9826, 3.2362 -0.1703 0.9029, 3.2362 -0.1902 0.921, 3.2362 -0.2143 0.9339, 3.2362 -0.2418 0.9408, 3.2362 -0.2557 0.9416, 3.2362 -0.2828 0.9383, 3.2362 -0.308 0.9287, 3.2362 -0.3313 0.9125, 3.2362 -0.3501 0.891, 3.2362 -0.3627 0.8664, 3.2362 -0.3875 0.8817, 3.2362 -0.4079 0.9027, 3.2362 -0.4216 0.9259, 3.2362 -0.4297 0.9538, 3.2362 -0.431 0.9712, 3.2362 -0.4282 0.9942, 3.2362 -0.4277 0.9987, 3.2362 -0.4179 1.0241, 3.2362 -0.4061 1.0411, 3.2362 -0.4021 1.0468, 3.2362 -0.3824 1.0644, 3.2362 -0.357 1.0778, 3.2362 -0.3289 1.0845, 3.2362 -0.3172 1.0851, 3.2362 -0.2907 1.0818, 3.2362 -0.2652 1.0725, 3.2362 -0.2568 1.068, 3.2362 -0.2407 1.1021, 3.2362 -0.2156 1.1329, 3.2362 -0.184 1.1564, 3.2362 -0.1468 1.1717, 3.2362 -0.1089 1.1772, 3.2362 -0.1043 1.1773, 3.2362 0.0551 1.035, 3.2362 0.0539 1.0411, 3.2362 0.0499 1.061, 3.2362 0.0337 1.0983, 3.2362 0.0091 1.13, 3.2362 0.0006 1.1379, 3.2362 -0.0316 1.1597, 3.2362 -0.0675 1.173, 3.2362 0.0642 1.035, 3.2362 0.0859 1.0323, 3.2362 0.1057 1.0247, 3.2362 0.1234 1.0123, 3.2362 0.1366 0.9975, 3.2362 0.1384 0.9942, 3.2362 0.1472 0.9779, 3.2362 0.1525 0.956, 3.2362 0.153 0.9461, 3.2362 0.1503 0.924, 3.2362 0.1425 0.9037, 3.2362 0.13 0.886, 3.2362 0.1284 0.8842, 3.2362 0.1115 0.8705, 3.2362 0.0914 0.8612, 3.2362 0.0711 0.8573, 3.2362 0.0198 0.8573, 3.2362 0.0175 0.8576, 3.2362 0.0141 0.8584, 3.2362 0.013 0.8585, 3.2362 0.0046 0.8575, 3.2362 -0.0032 0.8545, 3.2362 -0.0103 0.8496, 3.2362 -0.0161 0.843, 3.2362 -0.0202 0.835, 3.2362 -0.0222 0.8263, 3.2362 -0.0223 0.8232, 3.2362 -0.0213 0.815, 3.2362 -0.0183 0.8072, 3.2362 -0.0134 0.8, 3.2362 -0.01 0.7966, 3.2362 -0.0024 0.7915, 3.2362 0.0051 0.7887, 3.2362 0.0107 0.7879, 3.2362 0.0779 0.7879, 3.2362 0.1143 0.7954, 3.2362 0.1492 0.812, 3.2362 0.1815 0.8391, 3.2362 0.2033 0.8692, 3.2362 0.218 0.905, 3.2362 0.2236 0.9423, 3.2362 -0.2568 0.8699, 3.2362 -0.2475 0.8689, 3.2362 -0.2369 0.8651, 3.2362 -0.2277 0.8589, 3.2362 -0.2204 0.8508, 3.2362 -0.2154 0.8414, 3.2362 -0.2128 0.8309, 3.2362 -0.2127 0.8202, 3.2362 -0.2155 0.8093, 3.2362 -0.2208 0.7995, 3.2362 -0.2283 0.7914, 3.2362 -0.2372 0.7856, 3.2362 -0.2472 0.7821, 3.2362 -0.2568 0.7811, 3.2362 -0.2668 0.7822, 3.2362 -0.2773 0.7861, 3.2362 -0.2864 0.7924, 3.2362 -0.2936 0.8006, 3.2362 -0.2985 0.81, 3.2362 -0.301 0.8205, 3.2362 -0.301 0.8304, 3.2362 -0.2983 0.8413, 3.2362 -0.293 0.8512, 3.2362 -0.2855 0.8593, 3.2362 -0.2764 0.8653, 3.2362 -0.2664 0.8688
            ]
        }
        coordIndex [
            0,1,2,-1,3,4,5,-1,6,1,7,-1,7,1,8,-1,7,8,9,-1,10,11,12,-1,13,14,15,-1,15,14,16,-1,15,16,17,-1,17,16,18,-1,17,18,5,-1,5,18,19,-1,5,19,3,-1,20,21,2,-1,2,21,22,-1,2,22,0,-1,23,24,25,-1,25,24,26,-1,25,26,27,-1,27,26,28,-1,27,28,29,-1,29,28,30,-1,31,32,33,-1,33,32,34,-1,33,34,35,-1,35,34,36,-1,35,36,37,-1,37,36,38,-1,37,38,39,-1,8,40,9,-1,9,40,41,-1,9,41,42,-1,42,41,43,-1,42,43,44,-1,44,43,45,-1,44,45,46,-1,46,45,18,-1,46,18,47,-1,47,18,48,-1,12,11,49,-1,49,11,50,-1,49,50,51,-1,39,38,52,-1,52,38,53,-1,52,53,54,-1,55,56,57,-1,57,56,58,-1,57,58,25,-1,25,58,59,-1,25,59,23,-1,60,61,20,-1,20,61,62,-1,20,62,21,-1,63,64,65,-1,65,64,66,-1,65,66,67,-1,67,66,68,-1,67,68,69,-1,69,68,70,-1,69,70,60,-1,60,70,71,-1,60,71,61,-1,6,72,1,-1,1,72,73,-1,1,73,2,-1,2,73,74,-1,75,76,16,-1,16,76,77,-1,16,77,18,-1,18,77,78,-1,18,78,48,-1,28,79,30,-1,30,79,80,-1,30,80,81,-1,81,80,82,-1,81,82,83,-1,83,82,84,-1,83,84,85,-1,85,84,10,-1,85,10,86,-1,86,10,12,-1,50,87,51,-1,51,87,88,-1,51,88,89,-1,89,88,90,-1,89,90,91,-1,91,90,92,-1,91,92,93,-1,93,92,94,-1,93,94,95,-1,95,94,96,-1,95,96,97,-1,31,33,98,-1,98,33,99,-1,98,99,100,-1,100,99,101,-1,100,101,102,-1,102,101,103,-1,102,103,104,-1,104,103,105,-1,104,105,106,-1,106,105,107,-1,106,107,108,-1,108,107,109,-1,108,109,110,-1,110,109,111,-1,110,111,63,-1,63,111,112,-1,63,112,64,-1,53,113,54,-1,54,113,114,-1,54,114,115,-1,115,114,116,-1,115,116,117,-1,117,116,118,-1,117,118,55,-1,55,118,119,-1,55,119,56,-1,74,120,2,-1,2,120,121,-1,2,121,122,-1,122,121,123,-1,122,123,124,-1,124,123,125,-1,124,125,126,-1,126,125,127,-1,126,127,128,-1,128,127,129,-1,128,129,130,-1,130,129,131,-1,130,131,132,-1,132,131,133,-1,132,133,134,-1,134,133,135,-1,134,135,136,-1,136,135,137,-1,136,137,16,-1,16,137,138,-1,16,138,75,-1,139,140,141,-1,142,143,144,-1,145,146,139,-1,139,146,147,-1,139,147,140,-1,96,148,97,-1,97,148,139,-1,97,139,149,-1,149,139,141,-1,145,139,144,-1,144,139,150,-1,144,150,142,-1,143,151,144,-1,144,151,152,-1,144,152,153,-1,85,154,155,-1,85,155,83,-1,83,155,156,-1,83,156,81,-1,156,157,81,-1,81,157,158,-1,81,158,30,-1,158,159,30,-1,30,159,160,-1,30,160,29,-1,29,160,161,-1,29,161,27,-1,27,161,162,-1,27,162,25,-1,25,162,163,-1,25,163,57,-1,57,163,164,-1,57,164,55,-1,55,164,165,-1,55,165,117,-1,165,166,117,-1,117,166,167,-1,117,167,115,-1,115,167,168,-1,115,168,54,-1,169,37,170,-1,170,37,39,-1,170,39,171,-1,171,39,52,-1,171,52,172,-1,172,52,54,-1,172,54,168,-1,37,169,173,-1,37,173,35,-1,35,173,174,-1,35,174,33,-1,33,174,175,-1,33,175,99,-1,99,175,176,-1,99,176,101,-1,101,176,177,-1,101,177,103,-1,103,177,178,-1,103,178,105,-1,105,178,179,-1,105,179,107,-1,107,179,180,-1,107,180,109,-1,181,66,64,-1,109,180,182,-1,109,182,111,-1,111,182,183,-1,111,183,112,-1,183,184,112,-1,112,184,185,-1,112,185,64,-1,64,185,186,-1,64,186,181,-1,66,181,187,-1,66,187,68,-1,68,187,188,-1,68,188,70,-1,70,188,189,-1,70,189,71,-1,71,189,190,-1,71,190,61,-1,61,190,191,-1,61,191,62,-1,62,191,192,-1,62,192,21,-1,21,192,193,-1,21,193,22,-1,22,193,194,-1,22,194,0,-1,194,195,0,-1,0,195,196,-1,0,196,1,-1,1,196,197,-1,1,197,8,-1,8,197,198,-1,8,198,40,-1,198,199,40,-1,40,199,200,-1,40,200,41,-1,41,200,201,-1,41,201,43,-1,202,17,5,-1,43,201,203,-1,43,203,45,-1,45,203,204,-1,45,204,18,-1,204,205,18,-1,18,205,206,-1,18,206,19,-1,19,206,207,-1,19,207,3,-1,3,207,208,-1,3,208,4,-1,4,208,209,-1,4,209,5,-1,5,209,210,-1,5,210,202,-1,15,17,211,-1,211,17,202,-1,13,15,212,-1,212,15,211,-1,14,13,213,-1,213,13,212,-1,16,14,214,-1,214,14,213,-1,16,214,215,-1,16,215,136,-1,136,215,216,-1,136,216,134,-1,134,216,217,-1,134,217,132,-1,132,217,218,-1,132,218,130,-1,130,218,219,-1,130,219,128,-1,128,219,220,-1,128,220,126,-1,126,220,221,-1,126,221,124,-1,124,221,222,-1,124,222,122,-1,122,222,223,-1,122,223,2,-1,2,223,224,-1,2,224,20,-1,20,224,225,-1,20,225,60,-1,60,225,226,-1,60,226,69,-1,69,226,227,-1,69,227,67,-1,67,227,228,-1,67,228,65,-1,63,65,229,-1,229,65,228,-1,229,230,63,-1,63,230,231,-1,63,231,110,-1,110,231,232,-1,110,232,108,-1,232,233,108,-1,108,233,234,-1,108,234,106,-1,106,234,235,-1,106,235,104,-1,104,235,236,-1,104,236,102,-1,102,236,237,-1,102,237,100,-1,100,237,238,-1,100,238,98,-1,98,238,239,-1,98,239,31,-1,31,239,240,-1,31,240,32,-1,32,240,241,-1,32,241,34,-1,34,241,242,-1,34,242,36,-1,36,242,243,-1,36,243,38,-1,38,243,244,-1,38,244,53,-1,53,244,245,-1,53,245,113,-1,113,245,246,-1,113,246,114,-1,247,23,248,-1,248,23,59,-1,248,59,249,-1,249,59,58,-1,249,58,250,-1,250,58,56,-1,250,56,251,-1,251,56,119,-1,251,119,252,-1,252,119,118,-1,252,118,253,-1,253,118,116,-1,253,116,254,-1,254,116,114,-1,254,114,246,-1,24,23,255,-1,255,23,247,-1,24,255,256,-1,24,256,26,-1,26,256,257,-1,26,257,28,-1,28,257,258,-1,28,258,79,-1,79,258,259,-1,79,259,80,-1,80,259,260,-1,80,260,82,-1,260,261,82,-1,82,261,262,-1,82,262,84,-1,84,262,263,-1,84,263,10,-1,10,263,264,-1,10,264,11,-1,11,264,265,-1,11,265,50,-1,50,265,266,-1,50,266,87,-1,87,266,267,-1,87,267,88,-1,88,267,268,-1,88,268,90,-1,90,268,269,-1,90,269,92,-1,92,269,270,-1,92,270,94,-1,96,94,271,-1,271,94,270,-1,96,271,272,-1,96,272,148,-1,148,272,273,-1,148,273,139,-1,139,273,274,-1,139,274,150,-1,150,274,275,-1,150,275,142,-1,142,275,276,-1,142,276,143,-1,143,276,277,-1,143,277,151,-1,151,277,278,-1,151,278,152,-1,152,278,279,-1,152,279,153,-1,153,279,280,-1,153,280,144,-1,144,280,281,-1,144,281,145,-1,145,281,282,-1,145,282,146,-1,146,282,283,-1,146,283,147,-1,147,283,284,-1,147,284,140,-1,140,284,285,-1,140,285,141,-1,141,285,286,-1,141,286,149,-1,149,286,287,-1,149,287,97,-1,97,287,288,-1,97,288,95,-1,93,95,289,-1,289,95,288,-1,93,289,290,-1,93,290,91,-1,91,290,291,-1,91,291,89,-1,89,291,292,-1,89,292,51,-1,51,292,293,-1,51,293,49,-1,49,293,294,-1,49,294,12,-1,12,294,295,-1,12,295,86,-1,86,295,154,-1,86,154,85,-1,131,296,297,-1,131,297,133,-1,133,297,298,-1,133,298,135,-1,135,298,299,-1,135,299,137,-1,137,299,300,-1,137,300,138,-1,138,300,301,-1,138,301,75,-1,75,301,302,-1,75,302,76,-1,76,302,303,-1,76,303,77,-1,77,303,304,-1,77,304,78,-1,78,304,305,-1,78,305,48,-1,48,305,306,-1,48,306,47,-1,47,306,307,-1,47,307,46,-1,46,307,308,-1,46,308,44,-1,44,308,309,-1,44,309,42,-1,42,309,310,-1,42,310,9,-1,9,310,311,-1,9,311,7,-1,7,311,312,-1,7,312,6,-1,6,312,313,-1,6,313,72,-1,72,313,314,-1,72,314,73,-1,73,314,315,-1,73,315,74,-1,74,315,316,-1,74,316,120,-1,120,316,317,-1,120,317,121,-1,121,317,318,-1,121,318,123,-1,123,318,319,-1,123,319,125,-1,125,319,320,-1,125,320,127,-1,127,320,321,-1,127,321,129,-1,129,321,296,-1,129,296,131,-1,
        ]
    }
}
Shape{
    appearance Appearance {
        material  Material 	{
            diffuseColor 0.15294117647058825 1.0 0.7803921568627451
            specularColor 0.0784313725490196 0.5019607843137255 0.38823529411764707
            ambientIntensity 0.7217
            transparency 0.0
            shininess 0.5
        }
    }
    geometry IndexedFaceSet {
        ccw TRUE
        solid FALSE
        coord DEF co Coordinate {
            point [
                3.2362 -0.301 0.8205, 3.2362 -0.2664 0.8688, 3.2362 -0.301 0.8304, 3.2362 -0.2764 0.8653, 3.2362 -0.2154 0.8414, 3.2362 -0.2204 0.8508, 3.2362 -0.2372 0.7856, 3.2362 -0.2277 0.8589, 3.2362 -0.2855 0.8593, 3.2362 -0.293 0.8512, 3.2362 -0.2983 0.8413, 3.2362 -0.2985 0.81, 3.2362 -0.2936 0.8006, 3.2362 -0.2864 0.7924, 3.2362 -0.2128 0.8309, 3.2362 -0.2283 0.7914, 3.2362 -0.2127 0.8202, 3.2362 -0.2208 0.7995, 3.2362 -0.2155 0.8093, 3.2362 -0.2568 0.7811, 3.2362 -0.2568 0.8699, 3.2362 -0.2472 0.7821, 3.2362 -0.2475 0.8689, 3.2362 -0.2369 0.8651, 3.2362 -0.2773 0.7861, 3.2362 -0.2668 0.7822, -2.7638 -1.2678 2.5591, -3.0 -1.378 2.5591, -2.7638 -1.2678 0.0, -3.0 -1.378 0.0, -2.7638 -1.0944 2.5591, -2.7638 -1.0944 0.0, -3.0 -0.9843 2.5591, -3.0 -0.9843 0.0, -2.7638 1.5668 2.5591, -3.0 1.4567 2.5591, -2.7638 1.5668 0.0, -3.0 1.4567 0.0, -2.7638 1.7402 2.5591, -2.7638 1.7402 0.0, -3.0 1.8504 2.5591, -3.0 1.8504 0.0
            ]
        }
        coordIndex [
            0,1,2,-1,2,1,3,-1,4,5,6,-1,6,5,7,-1,3,8,2,-1,2,8,9,-1,2,9,10,-1,0,11,1,-1,1,11,12,-1,1,12,13,-1,4,6,14,-1,14,6,15,-1,14,15,16,-1,16,15,17,-1,16,17,18,-1,1,19,20,-1,20,19,21,-1,20,21,22,-1,22,21,6,-1,22,6,23,-1,23,6,7,-1,13,24,1,-1,1,24,25,-1,1,25,19,-1,26,27,28,-1,28,27,29,-1,30,26,31,-1,31,26,28,-1,32,30,33,-1,33,30,31,-1,27,32,29,-1,29,32,33,-1,30,32,26,-1,26,32,27,-1,33,31,29,-1,29,31,28,-1,34,35,36,-1,36,35,37,-1,38,34,39,-1,39,34,36,-1,40,38,41,-1,41,38,39,-1,35,40,37,-1,37,40,41,-1,38,40,34,-1,34,40,35,-1,41,39,37,-1,37,39,36,-1,
        ]
    }
}