#VRML V2.0 utf8
# 3D model generated by easyeda2kicad.py (https://github.com/uPesy/easyeda2kicad.py)

Shape{
    appearance Appearance {
        material  Material 	{
            diffuseColor 0.2235294117647059 0.2235294117647059 0.2235294117647059
            specularColor 0.11372549019607843 0.11372549019607843 0.11372549019607843
            ambientIntensity 0.2235
            transparency 0.0
            shininess 0.5
        }
    }
    geometry IndexedFaceSet {
        ccw TRUE
        solid FALSE
        coord DEF co Coordinate {
            point [
                -0.1575 -0.2559 0.1882, 0.1575 -0.2559 0.1882, -0.1575 0.2559 0.1882, 0.1575 0.2559 0.1882, -0.1575 -0.2296 0.0669, -0.1575 -0.2559 0.0669, -0.1575 0.2559 0.0669, -0.1575 0.0787 0.0669, -0.1575 -0.0787 0.0669, -0.1411 -0.2559 0.0669, 0.0 -0.2559 0.0669, 0.0787 -0.2559 0.0669, 0.1575 -0.2559 0.0669, 0.1575 -0.2296 0.0669, 0.1575 -0.0787 0.0669, 0.1575 0.0787 0.0669, 0.1575 0.2559 0.0669, 0.0787 0.2559 0.0669, 0.0 0.2559 0.0669, -0.1411 0.2559 0.0669, 0.0787 0.0787 0.0669, 0.0787 0.1116 0.0669, 0.0867 0.1123 0.0669, 0.1219 0.1732 0.0669, 0.1185 0.1804 0.0669, 0.1139 0.187 0.0669, 0.1083 0.1927 0.0669, 0.0867 0.2027 0.0669, 0.0944 0.2006 0.0669, 0.1017 0.1972 0.0669, 0.0944 0.1143 0.0669, 0.1017 0.1177 0.0669, 0.1083 0.1223 0.0669, 0.1139 0.128 0.0669, 0.1185 0.1345 0.0669, 0.1219 0.1418 0.0669, 0.124 0.1495 0.0669, 0.1247 0.1575 0.0669, 0.124 0.1655 0.0669, 0.0558 0.1972 0.0669, 0.0492 0.1927 0.0669, 0.0 0.0787 0.0669, 0.063 0.1143 0.0669, 0.0708 0.1123 0.0669, 0.0436 0.187 0.0669, 0.039 0.1804 0.0669, 0.0356 0.1732 0.0669, 0.0356 0.1418 0.0669, 0.039 0.1345 0.0669, 0.0436 0.128 0.0669, 0.0335 0.1655 0.0669, 0.0328 0.1575 0.0669, 0.0335 0.1495 0.0669, 0.0787 0.2034 0.0669, 0.0708 0.2027 0.0669, 0.063 0.2006 0.0669, 0.0492 0.1223 0.0669, 0.0558 0.1177 0.0669, 0.0787 -0.0787 0.0669, 0.0787 -0.0459 0.0669, 0.0867 -0.0452 0.0669, 0.1017 -0.0398 0.0669, 0.1083 -0.0352 0.0669, 0.1139 -0.0295 0.0669, 0.1185 -0.023 0.0669, 0.1219 -0.0157 0.0669, 0.0944 -0.0431 0.0669, 0.1219 0.0157 0.0669, 0.1185 0.023 0.0669, 0.1139 0.0295 0.0669, 0.1083 0.0352 0.0669, 0.124 -0.008 0.0669, 0.1247 0.0 0.0669, 0.124 0.008 0.0669, 0.0867 0.0452 0.0669, 0.0944 0.0431 0.0669, 0.1017 0.0398 0.0669, 0.0558 0.0398 0.0669, 0.0492 0.0352 0.0669, 0.0787 0.0459 0.0669, 0.0708 0.0452 0.0669, 0.063 0.0431 0.0669, 0.0436 0.0295 0.0669, 0.039 0.023 0.0669, 0.0356 0.0157 0.0669, 0.0 -0.0787 0.0669, 0.063 -0.0431 0.0669, 0.0708 -0.0452 0.0669, 0.0335 -0.008 0.0669, 0.0328 -0.0 0.0669, 0.0335 0.008 0.0669, 0.0356 -0.0157 0.0669, 0.039 -0.023 0.0669, 0.0436 -0.0295 0.0669, 0.0492 -0.0352 0.0669, 0.0558 -0.0398 0.0669, 0.0787 -0.2296 0.0669, 0.0787 -0.2034 0.0669, 0.0867 -0.2027 0.0669, 0.1185 -0.1804 0.0669, 0.1219 -0.1732 0.0669, 0.1219 -0.1418 0.0669, 0.1185 -0.1345 0.0669, 0.1139 -0.128 0.0669, 0.1083 -0.1223 0.0669, 0.0867 -0.1123 0.0669, 0.0944 -0.1143 0.0669, 0.1017 -0.1177 0.0669, 0.1017 -0.1972 0.0669, 0.1083 -0.1927 0.0669, 0.1139 -0.187 0.0669, 0.124 -0.1655 0.0669, 0.1247 -0.1575 0.0669, 0.124 -0.1495 0.0669, 0.0944 -0.2006 0.0669, 0.0 -0.2296 0.0669, 0.063 -0.2006 0.0669, 0.0708 -0.2027 0.0669, 0.0787 -0.1116 0.0669, 0.0708 -0.1123 0.0669, 0.063 -0.1143 0.0669, 0.0558 -0.1177 0.0669, 0.0492 -0.1223 0.0669, 0.0436 -0.128 0.0669, 0.039 -0.1345 0.0669, 0.0335 -0.1655 0.0669, 0.0356 -0.1732 0.0669, 0.039 -0.1804 0.0669, 0.0436 -0.187 0.0669, 0.0356 -0.1418 0.0669, 0.0335 -0.1495 0.0669, 0.0328 -0.1575 0.0669, 0.0492 -0.1927 0.0669, 0.0558 -0.1972 0.0669, -0.1411 -0.2296 0.0669, -0.1139 -0.187 0.0669, -0.1185 -0.1804 0.0669, -0.1219 -0.1732 0.0669, -0.1083 -0.1927 0.0669, -0.1017 -0.1972 0.0669, -0.0944 -0.2006 0.0669, -0.0356 -0.1418 0.0669, -0.039 -0.1345 0.0669, -0.0436 -0.128 0.0669, -0.0492 -0.1223 0.0669, -0.0558 -0.1177 0.0669, -0.063 -0.1143 0.0669, -0.0708 -0.1123 0.0669, -0.1411 -0.0787 0.0669, -0.0787 -0.1116 0.0669, -0.0867 -0.1123 0.0669, -0.0867 -0.2027 0.0669, -0.0787 -0.2034 0.0669, -0.0708 -0.2027 0.0669, -0.063 -0.2006 0.0669, -0.0436 -0.187 0.0669, -0.039 -0.1804 0.0669, -0.0356 -0.1732 0.0669, -0.0558 -0.1972 0.0669, -0.0492 -0.1927 0.0669, -0.0944 -0.1143 0.0669, -0.1017 -0.1177 0.0669, -0.1083 -0.1223 0.0669, -0.1139 -0.128 0.0669, -0.1185 -0.1345 0.0669, -0.1219 -0.1418 0.0669, -0.0335 -0.1655 0.0669, -0.0328 -0.1575 0.0669, -0.0335 -0.1495 0.0669, -0.124 -0.1495 0.0669, -0.1247 -0.1575 0.0669, -0.124 -0.1655 0.0669, -0.1017 -0.0398 0.0669, -0.0944 -0.0431 0.0669, -0.0867 -0.0452 0.0669, -0.0787 -0.0459 0.0669, -0.0708 -0.0452 0.0669, -0.1411 0.0787 0.0669, -0.1185 0.023 0.0669, -0.1219 0.0157 0.0669, -0.124 0.008 0.0669, -0.1247 0.0 0.0669, -0.0944 0.0431 0.0669, -0.1017 0.0398 0.0669, -0.124 -0.008 0.0669, -0.1219 -0.0157 0.0669, -0.1185 -0.023 0.0669, -0.0867 0.0452 0.0669, -0.1083 0.0352 0.0669, -0.1139 0.0295 0.0669, -0.063 -0.0431 0.0669, -0.0558 -0.0398 0.0669, -0.0492 -0.0352 0.0669, -0.0356 0.0157 0.0669, -0.039 0.023 0.0669, -0.0436 0.0295 0.0669, -0.0492 0.0352 0.0669, -0.0558 0.0398 0.0669, -0.063 0.0431 0.0669, -0.0708 0.0452 0.0669, -0.0787 0.0459 0.0669, -0.1139 -0.0295 0.0669, -0.1083 -0.0352 0.0669, -0.0436 -0.0295 0.0669, -0.039 -0.023 0.0669, -0.0356 -0.0157 0.0669, -0.0335 -0.008 0.0669, -0.0328 0.0 0.0669, -0.0335 0.008 0.0669, -0.0867 0.2027 0.0669, -0.0944 0.2006 0.0669, -0.1017 0.1972 0.0669, -0.1083 0.1927 0.0669, -0.1139 0.128 0.0669, -0.1185 0.1345 0.0669, -0.1219 0.1418 0.0669, -0.0708 0.1123 0.0669, -0.0787 0.1116 0.0669, -0.0867 0.1123 0.0669, -0.0944 0.1143 0.0669, -0.1139 0.187 0.0669, -0.1185 0.1804 0.0669, -0.1219 0.1732 0.0669, -0.124 0.1655 0.0669, -0.1247 0.1575 0.0669, -0.124 0.1495 0.0669, -0.1083 0.1223 0.0669, -0.1017 0.1177 0.0669, -0.0708 0.2027 0.0669, -0.0787 0.2034 0.0669, -0.063 0.1143 0.0669, -0.0558 0.1177 0.0669, -0.0492 0.1223 0.0669, -0.0492 0.1927 0.0669, -0.0558 0.1972 0.0669, -0.063 0.2006 0.0669, -0.0436 0.128 0.0669, -0.039 0.1345 0.0669, -0.0356 0.1418 0.0669, -0.0356 0.1732 0.0669, -0.039 0.1804 0.0669, -0.0436 0.187 0.0669, -0.0335 0.1495 0.0669, -0.0328 0.1575 0.0669, -0.0335 0.1655 0.0669
            ]
        }
        coordIndex [
            0,1,2,-1,2,1,3,-1,4,5,0,-1,2,6,7,-1,2,7,0,-1,0,7,8,-1,0,8,4,-1,5,9,0,-1,0,9,10,-1,0,10,1,-1,1,10,11,-1,1,11,12,-1,12,13,1,-1,1,13,14,-1,1,14,3,-1,3,14,15,-1,3,15,16,-1,16,17,3,-1,3,17,18,-1,3,18,2,-1,2,18,19,-1,2,19,6,-1,9,5,4,-1,20,21,22,-1,23,24,16,-1,16,24,25,-1,16,25,26,-1,27,17,28,-1,28,17,16,-1,28,16,29,-1,29,16,26,-1,20,22,15,-1,22,30,15,-1,15,30,31,-1,15,31,32,-1,32,33,15,-1,15,33,34,-1,15,34,35,-1,35,36,15,-1,15,36,37,-1,15,37,16,-1,16,37,38,-1,16,38,23,-1,39,40,18,-1,41,42,20,-1,20,42,43,-1,20,43,21,-1,40,44,18,-1,18,44,45,-1,18,45,46,-1,47,48,41,-1,41,48,49,-1,46,50,18,-1,18,50,51,-1,18,51,41,-1,41,51,52,-1,41,52,47,-1,27,53,17,-1,17,53,54,-1,17,54,18,-1,18,54,55,-1,18,55,39,-1,49,56,41,-1,41,56,57,-1,41,57,42,-1,58,59,60,-1,61,62,14,-1,62,63,14,-1,14,63,64,-1,14,64,65,-1,58,60,14,-1,14,60,66,-1,14,66,61,-1,67,68,15,-1,15,68,69,-1,15,69,70,-1,65,71,14,-1,14,71,72,-1,14,72,15,-1,15,72,73,-1,15,73,67,-1,74,20,75,-1,75,20,15,-1,75,15,76,-1,76,15,70,-1,41,77,78,-1,74,79,20,-1,20,79,80,-1,20,80,41,-1,41,80,81,-1,41,81,77,-1,78,82,41,-1,41,82,83,-1,41,83,84,-1,85,86,58,-1,58,86,87,-1,58,87,59,-1,88,85,89,-1,89,85,41,-1,89,41,90,-1,90,41,84,-1,88,91,85,-1,85,91,92,-1,85,92,93,-1,93,94,85,-1,85,94,95,-1,85,95,86,-1,96,97,98,-1,99,100,13,-1,101,102,14,-1,14,102,103,-1,14,103,104,-1,105,58,106,-1,106,58,14,-1,106,14,107,-1,107,14,104,-1,108,109,13,-1,13,109,110,-1,13,110,99,-1,100,111,13,-1,13,111,112,-1,13,112,14,-1,14,112,113,-1,14,113,101,-1,96,98,13,-1,13,98,114,-1,13,114,108,-1,115,116,96,-1,96,116,117,-1,96,117,97,-1,105,118,58,-1,58,118,119,-1,58,119,85,-1,85,119,120,-1,85,120,121,-1,121,122,85,-1,85,122,123,-1,85,123,124,-1,125,126,115,-1,115,126,127,-1,115,127,128,-1,124,129,85,-1,85,129,130,-1,85,130,115,-1,115,130,131,-1,115,131,125,-1,128,132,115,-1,115,132,133,-1,115,133,116,-1,9,134,10,-1,10,134,115,-1,10,115,11,-1,11,115,96,-1,11,96,12,-1,12,96,13,-1,135,134,136,-1,136,134,137,-1,135,138,134,-1,134,138,139,-1,134,139,140,-1,85,141,142,-1,142,143,85,-1,85,143,144,-1,85,144,145,-1,145,146,85,-1,85,146,147,-1,85,147,148,-1,148,147,149,-1,148,149,150,-1,140,151,134,-1,134,151,152,-1,134,152,115,-1,115,152,153,-1,115,153,154,-1,155,156,115,-1,115,156,157,-1,154,158,115,-1,115,158,159,-1,115,159,155,-1,150,160,148,-1,148,160,161,-1,148,161,162,-1,162,163,148,-1,148,163,164,-1,148,164,165,-1,157,166,115,-1,115,166,167,-1,115,167,85,-1,85,167,168,-1,85,168,141,-1,165,169,148,-1,148,169,170,-1,148,170,134,-1,134,170,171,-1,134,171,137,-1,172,173,148,-1,173,174,148,-1,148,174,175,-1,148,175,85,-1,85,175,176,-1,177,178,179,-1,179,180,177,-1,177,180,181,-1,177,181,148,-1,182,183,177,-1,181,184,148,-1,148,184,185,-1,148,185,186,-1,182,177,187,-1,183,188,177,-1,177,188,189,-1,177,189,178,-1,176,190,85,-1,85,190,191,-1,85,191,192,-1,41,193,194,-1,194,195,41,-1,41,195,196,-1,41,196,197,-1,197,198,41,-1,41,198,199,-1,41,199,177,-1,177,199,200,-1,177,200,187,-1,186,201,148,-1,148,201,202,-1,148,202,172,-1,192,203,85,-1,85,203,204,-1,85,204,205,-1,205,206,85,-1,85,206,207,-1,85,207,41,-1,41,207,208,-1,41,208,193,-1,209,210,19,-1,19,210,211,-1,19,211,212,-1,213,177,214,-1,214,177,215,-1,216,41,217,-1,217,41,177,-1,217,177,218,-1,218,177,219,-1,212,220,19,-1,19,220,221,-1,19,221,222,-1,222,223,19,-1,19,223,224,-1,19,224,177,-1,177,224,225,-1,177,225,215,-1,213,226,177,-1,177,226,227,-1,177,227,219,-1,18,228,19,-1,19,228,229,-1,19,229,209,-1,216,230,41,-1,41,230,231,-1,41,231,232,-1,233,234,18,-1,18,234,235,-1,18,235,228,-1,232,236,41,-1,41,236,237,-1,41,237,238,-1,239,240,18,-1,18,240,241,-1,18,241,233,-1,238,242,41,-1,41,242,243,-1,41,243,18,-1,18,243,244,-1,18,244,239,-1,9,4,134,-1,134,4,8,-1,134,8,148,-1,148,8,7,-1,148,7,177,-1,177,7,6,-1,177,6,19,-1,
        ]
    }
}
Shape{
    appearance Appearance {
        material  Material 	{
            diffuseColor 0.7529411764705882 0.7529411764705882 0.7529411764705882
            specularColor 0.3764705882352941 0.3764705882352941 0.3764705882352941
            ambientIntensity 0.7529
            transparency 0.0
            shininess 0.5
        }
    }
    geometry IndexedFaceSet {
        ccw TRUE
        solid FALSE
        coord DEF co Coordinate {
            point [
                0.0787 0.1575 0.0, 0.0772 0.149 0.0008, 0.0758 0.1494 0.0008, 0.0787 0.1489 0.0008, 0.0732 0.1509 0.0008, 0.0721 0.1519 0.0008, 0.0744 0.15 0.0008, 0.0706 0.1545 0.0008, 0.0702 0.156 0.0008, 0.0713 0.1532 0.0008, 0.0702 0.159 0.0008, 0.0706 0.1604 0.0008, 0.0701 0.1575 0.0008, 0.0721 0.163 0.0008, 0.0732 0.1641 0.0008, 0.0713 0.1618 0.0008, 0.0758 0.1656 0.0008, 0.0772 0.166 0.0008, 0.0744 0.165 0.0008, 0.0802 0.166 0.0008, 0.0817 0.1656 0.0008, 0.0787 0.1661 0.0008, 0.0843 0.1641 0.0008, 0.0854 0.163 0.0008, 0.0831 0.165 0.0008, 0.0868 0.1604 0.0008, 0.0872 0.159 0.0008, 0.0862 0.1618 0.0008, 0.0872 0.156 0.0008, 0.0868 0.1545 0.0008, 0.0874 0.1575 0.0008, 0.0854 0.1519 0.0008, 0.0843 0.1509 0.0008, 0.0862 0.1532 0.0008, 0.0817 0.1494 0.0008, 0.0802 0.149 0.0008, 0.0831 0.15 0.0008, 0.0758 0.1407 0.003, 0.0729 0.1415 0.003, 0.0702 0.1428 0.003, 0.0678 0.1445 0.003, 0.0657 0.1466 0.003, 0.064 0.149 0.003, 0.0628 0.1517 0.003, 0.062 0.1545 0.003, 0.0617 0.1575 0.003, 0.062 0.1604 0.003, 0.0628 0.1633 0.003, 0.064 0.166 0.003, 0.0657 0.1684 0.003, 0.0678 0.1705 0.003, 0.0702 0.1722 0.003, 0.0729 0.1734 0.003, 0.0758 0.1742 0.003, 0.0787 0.1745 0.003, 0.0817 0.1742 0.003, 0.0846 0.1734 0.003, 0.0872 0.1722 0.003, 0.0897 0.1705 0.003, 0.0918 0.1684 0.003, 0.0935 0.166 0.003, 0.0947 0.1633 0.003, 0.0955 0.1604 0.003, 0.0957 0.1575 0.003, 0.0955 0.1545 0.003, 0.0947 0.1517 0.003, 0.0935 0.149 0.003, 0.0918 0.1466 0.003, 0.0897 0.1445 0.003, 0.0872 0.1428 0.003, 0.0846 0.1415 0.003, 0.0817 0.1407 0.003, 0.0787 0.1405 0.003, 0.0744 0.133 0.0067, 0.0702 0.1341 0.0067, 0.0663 0.136 0.0067, 0.0628 0.1385 0.0067, 0.0597 0.1415 0.0067, 0.0572 0.1451 0.0067, 0.0554 0.149 0.0067, 0.0543 0.1532 0.0067, 0.0539 0.1575 0.0067, 0.0543 0.1618 0.0067, 0.0554 0.166 0.0067, 0.0572 0.1699 0.0067, 0.0597 0.1734 0.0067, 0.0628 0.1765 0.0067, 0.0663 0.179 0.0067, 0.0702 0.1808 0.0067, 0.0744 0.1819 0.0067, 0.0787 0.1823 0.0067, 0.0831 0.1819 0.0067, 0.0872 0.1808 0.0067, 0.0912 0.179 0.0067, 0.0947 0.1765 0.0067, 0.0978 0.1734 0.0067, 0.1002 0.1699 0.0067, 0.1021 0.166 0.0067, 0.1032 0.1618 0.0067, 0.1036 0.1575 0.0067, 0.1032 0.1532 0.0067, 0.1021 0.149 0.0067, 0.1002 0.1451 0.0067, 0.0978 0.1415 0.0067, 0.0947 0.1385 0.0067, 0.0912 0.136 0.0067, 0.0872 0.1341 0.0067, 0.0831 0.133 0.0067, 0.0787 0.1327 0.0067, 0.0732 0.1261 0.0117, 0.0678 0.1275 0.0117, 0.0628 0.1299 0.0117, 0.0582 0.133 0.0117, 0.0543 0.137 0.0117, 0.0511 0.1415 0.0117, 0.0488 0.1466 0.0117, 0.0473 0.1519 0.0117, 0.0468 0.1575 0.0117, 0.0473 0.163 0.0117, 0.0488 0.1684 0.0117, 0.0511 0.1734 0.0117, 0.0543 0.178 0.0117, 0.0582 0.1819 0.0117, 0.0628 0.1851 0.0117, 0.0678 0.1875 0.0117, 0.0732 0.1889 0.0117, 0.0787 0.1894 0.0117, 0.0843 0.1889 0.0117, 0.0896 0.1875 0.0117, 0.0947 0.1851 0.0117, 0.0992 0.1819 0.0117, 0.1032 0.178 0.0117, 0.1064 0.1734 0.0117, 0.1087 0.1684 0.0117, 0.1102 0.163 0.0117, 0.1106 0.1575 0.0117, 0.1102 0.1519 0.0117, 0.1087 0.1466 0.0117, 0.1064 0.1415 0.0117, 0.1032 0.137 0.0117, 0.0992 0.133 0.0117, 0.0947 0.1299 0.0117, 0.0896 0.1275 0.0117, 0.0843 0.1261 0.0117, 0.0787 0.1256 0.0117, 0.0721 0.1201 0.0179, 0.0658 0.1218 0.0179, 0.0598 0.1246 0.0179, 0.0543 0.1284 0.0179, 0.0497 0.1331 0.0179, 0.0459 0.1385 0.0179, 0.0431 0.1445 0.0179, 0.0413 0.1509 0.0179, 0.0408 0.1575 0.0179, 0.0413 0.1641 0.0179, 0.0431 0.1705 0.0179, 0.0459 0.1765 0.0179, 0.0497 0.1819 0.0179, 0.0543 0.1866 0.0179, 0.0598 0.1904 0.0179, 0.0658 0.1932 0.0179, 0.0721 0.1949 0.0179, 0.0787 0.1955 0.0179, 0.0853 0.1949 0.0179, 0.0917 0.1932 0.0179, 0.0977 0.1904 0.0179, 0.1031 0.1866 0.0179, 0.1078 0.1819 0.0179, 0.1116 0.1765 0.0179, 0.1144 0.1705 0.0179, 0.1161 0.1641 0.0179, 0.1167 0.1575 0.0179, 0.1161 0.1509 0.0179, 0.1144 0.1445 0.0179, 0.1116 0.1385 0.0179, 0.1078 0.1331 0.0179, 0.1031 0.1284 0.0179, 0.0977 0.1246 0.0179, 0.0917 0.1218 0.0179, 0.0853 0.1201 0.0179, 0.0787 0.1195 0.0179, 0.0713 0.1153 0.0251, 0.0641 0.1172 0.0251, 0.0573 0.1203 0.0251, 0.0512 0.1246 0.0251, 0.0459 0.1299 0.0251, 0.0416 0.136 0.0251, 0.0385 0.1428 0.0251, 0.0365 0.15 0.0251, 0.0359 0.1575 0.0251, 0.0365 0.1649 0.0251, 0.0385 0.1721 0.0251, 0.0416 0.1789 0.0251, 0.0459 0.185 0.0251, 0.0512 0.1903 0.0251, 0.0573 0.1946 0.0251, 0.0641 0.1978 0.0251, 0.0713 0.1997 0.0251, 0.0787 0.2004 0.0251, 0.0862 0.1997 0.0251, 0.0934 0.1978 0.0251, 0.1002 0.1946 0.0251, 0.1063 0.1903 0.0251, 0.1116 0.185 0.0251, 0.1159 0.1789 0.0251, 0.119 0.1721 0.0251, 0.121 0.1649 0.0251, 0.1216 0.1575 0.0251, 0.121 0.15 0.0251, 0.119 0.1428 0.0251, 0.1159 0.136 0.0251, 0.1116 0.1299 0.0251, 0.1063 0.1246 0.0251, 0.1002 0.1203 0.0251, 0.0934 0.1172 0.0251, 0.0862 0.1153 0.0251, 0.0787 0.1146 0.0251, 0.0707 0.1117 0.0329, 0.0629 0.1138 0.0329, 0.0555 0.1173 0.0329, 0.0489 0.1219 0.0329, 0.0432 0.1276 0.0329, 0.0385 0.1343 0.0329, 0.0351 0.1416 0.0329, 0.033 0.1494 0.0329, 0.0323 0.1575 0.0329, 0.033 0.1655 0.0329, 0.0351 0.1734 0.0329, 0.0385 0.1807 0.0329, 0.0432 0.1873 0.0329, 0.0489 0.1931 0.0329, 0.0555 0.1977 0.0329, 0.0629 0.2011 0.0329, 0.0707 0.2032 0.0329, 0.0787 0.2039 0.0329, 0.0868 0.2032 0.0329, 0.0946 0.2011 0.0329, 0.102 0.1977 0.0329, 0.1086 0.1931 0.0329, 0.1143 0.1873 0.0329, 0.119 0.1807 0.0329, 0.1224 0.1734 0.0329, 0.1245 0.1655 0.0329, 0.1252 0.1575 0.0329, 0.1245 0.1494 0.0329, 0.1224 0.1416 0.0329, 0.119 0.1343 0.0329, 0.1143 0.1276 0.0329, 0.1086 0.1219 0.0329, 0.102 0.1173 0.0329, 0.0946 0.1138 0.0329, 0.0868 0.1117 0.0329, 0.0787 0.111 0.0329, 0.0703 0.1096 0.0413, 0.0621 0.1118 0.0413, 0.0545 0.1154 0.0413, 0.0475 0.1203 0.0413, 0.0415 0.1263 0.0413, 0.0367 0.1332 0.0413, 0.0331 0.1409 0.0413, 0.0309 0.149 0.0413, 0.0302 0.1575 0.0413, 0.0309 0.1659 0.0413, 0.0331 0.1741 0.0413, 0.0367 0.1818 0.0413, 0.0415 0.1887 0.0413, 0.0475 0.1947 0.0413, 0.0545 0.1996 0.0413, 0.0621 0.2031 0.0413, 0.0703 0.2053 0.0413, 0.0787 0.2061 0.0413, 0.0872 0.2053 0.0413, 0.0954 0.2031 0.0413, 0.103 0.1996 0.0413, 0.11 0.1947 0.0413, 0.116 0.1887 0.0413, 0.1208 0.1818 0.0413, 0.1244 0.1741 0.0413, 0.1266 0.1659 0.0413, 0.1273 0.1575 0.0413, 0.1266 0.149 0.0413, 0.1244 0.1409 0.0413, 0.1208 0.1332 0.0413, 0.116 0.1263 0.0413, 0.11 0.1203 0.0413, 0.103 0.1154 0.0413, 0.0954 0.1118 0.0413, 0.0872 0.1096 0.0413, 0.0787 0.1089 0.0413, 0.0702 0.109 0.05, 0.0619 0.1112 0.05, 0.0541 0.1149 0.05, 0.0471 0.1198 0.05, 0.041 0.1259 0.05, 0.0361 0.1329 0.05, 0.0325 0.1407 0.05, 0.0303 0.1489 0.05, 0.0295 0.1575 0.05, 0.0303 0.166 0.05, 0.0325 0.1743 0.05, 0.0361 0.1821 0.05, 0.041 0.1891 0.05, 0.0471 0.1952 0.05, 0.0541 0.2001 0.05, 0.0619 0.2037 0.05, 0.0702 0.2059 0.05, 0.0787 0.2067 0.05, 0.0873 0.2059 0.05, 0.0956 0.2037 0.05, 0.1033 0.2001 0.05, 0.1104 0.1952 0.05, 0.1164 0.1891 0.05, 0.1214 0.1821 0.05, 0.125 0.1743 0.05, 0.1272 0.166 0.05, 0.1279 0.1575 0.05, 0.1272 0.1489 0.05, 0.125 0.1407 0.05, 0.1214 0.1329 0.05, 0.1164 0.1259 0.05, 0.1104 0.1198 0.05, 0.1033 0.1149 0.05, 0.0956 0.1112 0.05, 0.0873 0.109 0.05, 0.0787 0.1083 0.05, 0.0704 0.1099 0.0586, 0.0622 0.1121 0.0586, 0.0546 0.1156 0.0586, 0.0477 0.1205 0.0586, 0.0417 0.1264 0.0586, 0.0369 0.1333 0.0586, 0.0333 0.141 0.0586, 0.0312 0.1491 0.0586, 0.0304 0.1575 0.0586, 0.0312 0.1659 0.0586, 0.0333 0.174 0.0586, 0.0369 0.1816 0.0586, 0.0417 0.1885 0.0586, 0.0477 0.1945 0.0586, 0.0546 0.1993 0.0586, 0.0622 0.2029 0.0586, 0.0704 0.2051 0.0586, 0.0787 0.2058 0.0586, 0.0871 0.2051 0.0586, 0.0953 0.2029 0.0586, 0.1029 0.1993 0.0586, 0.1098 0.1945 0.0586, 0.1157 0.1885 0.0586, 0.1206 0.1816 0.0586, 0.1241 0.174 0.0586, 0.1263 0.1659 0.0586, 0.127 0.1575 0.0586, 0.1263 0.1491 0.0586, 0.1241 0.141 0.0586, 0.1206 0.1333 0.0586, 0.1157 0.1264 0.0586, 0.1098 0.1205 0.0586, 0.1029 0.1156 0.0586, 0.0953 0.1121 0.0586, 0.0871 0.1099 0.0586, 0.0787 0.1092 0.0586, 0.0708 0.1123 0.0669, 0.063 0.1143 0.0669, 0.0558 0.1177 0.0669, 0.0492 0.1223 0.0669, 0.0436 0.128 0.0669, 0.039 0.1345 0.0669, 0.0356 0.1418 0.0669, 0.0335 0.1495 0.0669, 0.0328 0.1575 0.0669, 0.0335 0.1655 0.0669, 0.0356 0.1732 0.0669, 0.039 0.1804 0.0669, 0.0436 0.187 0.0669, 0.0492 0.1927 0.0669, 0.0558 0.1972 0.0669, 0.063 0.2006 0.0669, 0.0708 0.2027 0.0669, 0.0787 0.2034 0.0669, 0.0867 0.2027 0.0669, 0.0944 0.2006 0.0669, 0.1017 0.1972 0.0669, 0.1083 0.1927 0.0669, 0.1139 0.187 0.0669, 0.1185 0.1804 0.0669, 0.1219 0.1732 0.0669, 0.124 0.1655 0.0669, 0.1247 0.1575 0.0669, 0.124 0.1495 0.0669, 0.1219 0.1418 0.0669, 0.1185 0.1345 0.0669, 0.1139 0.128 0.0669, 0.1083 0.1223 0.0669, 0.1017 0.1177 0.0669, 0.0944 0.1143 0.0669, 0.0867 0.1123 0.0669, 0.0787 0.1116 0.0669, 0.0787 -0.0 0.0, 0.0772 -0.0085 0.0008, 0.0758 -0.0081 0.0008, 0.0787 -0.0086 0.0008, 0.0732 -0.0066 0.0008, 0.0721 -0.0055 0.0008, 0.0744 -0.0075 0.0008, 0.0706 -0.003 0.0008, 0.0702 -0.0015 0.0008, 0.0713 -0.0043 0.0008, 0.0702 0.0015 0.0008, 0.0706 0.003 0.0008, 0.0701 -0.0 0.0008, 0.0721 0.0055 0.0008, 0.0732 0.0066 0.0008, 0.0713 0.0043 0.0008, 0.0758 0.0081 0.0008, 0.0772 0.0085 0.0008, 0.0744 0.0075 0.0008, 0.0802 0.0085 0.0008, 0.0817 0.0081 0.0008, 0.0787 0.0086 0.0008, 0.0843 0.0066 0.0008, 0.0854 0.0055 0.0008, 0.0831 0.0075 0.0008, 0.0868 0.003 0.0008, 0.0872 0.0015 0.0008, 0.0862 0.0043 0.0008, 0.0872 -0.0015 0.0008, 0.0868 -0.003 0.0008, 0.0874 0.0 0.0008, 0.0854 -0.0055 0.0008, 0.0843 -0.0066 0.0008, 0.0862 -0.0043 0.0008, 0.0817 -0.0081 0.0008, 0.0802 -0.0085 0.0008, 0.0831 -0.0075 0.0008, 0.0758 -0.0167 0.003, 0.0729 -0.016 0.003, 0.0702 -0.0147 0.003, 0.0678 -0.013 0.003, 0.0657 -0.0109 0.003, 0.064 -0.0085 0.003, 0.0628 -0.0058 0.003, 0.062 -0.003 0.003, 0.0617 -0.0 0.003, 0.062 0.003 0.003, 0.0628 0.0058 0.003, 0.064 0.0085 0.003, 0.0657 0.0109 0.003, 0.0678 0.013 0.003, 0.0702 0.0147 0.003, 0.0729 0.016 0.003, 0.0758 0.0167 0.003, 0.0787 0.017 0.003, 0.0817 0.0167 0.003, 0.0846 0.016 0.003, 0.0872 0.0147 0.003, 0.0897 0.013 0.003, 0.0918 0.0109 0.003, 0.0935 0.0085 0.003, 0.0947 0.0058 0.003, 0.0955 0.003 0.003, 0.0957 0.0 0.003, 0.0955 -0.003 0.003, 0.0947 -0.0058 0.003, 0.0935 -0.0085 0.003, 0.0918 -0.0109 0.003, 0.0897 -0.013 0.003, 0.0872 -0.0147 0.003, 0.0846 -0.016 0.003, 0.0817 -0.0167 0.003, 0.0787 -0.017 0.003, 0.0744 -0.0245 0.0067, 0.0702 -0.0233 0.0067, 0.0663 -0.0215 0.0067, 0.0628 -0.019 0.0067, 0.0597 -0.016 0.0067, 0.0572 -0.0124 0.0067, 0.0554 -0.0085 0.0067, 0.0543 -0.0043 0.0067, 0.0539 -0.0 0.0067, 0.0543 0.0043 0.0067, 0.0554 0.0085 0.0067, 0.0572 0.0124 0.0067, 0.0597 0.016 0.0067, 0.0628 0.019 0.0067, 0.0663 0.0215 0.0067, 0.0702 0.0233 0.0067, 0.0744 0.0245 0.0067, 0.0787 0.0248 0.0067, 0.0831 0.0245 0.0067, 0.0872 0.0233 0.0067, 0.0912 0.0215 0.0067, 0.0947 0.019 0.0067, 0.0978 0.016 0.0067, 0.1002 0.0124 0.0067, 0.1021 0.0085 0.0067, 0.1032 0.0043 0.0067, 0.1036 0.0 0.0067, 0.1032 -0.0043 0.0067, 0.1021 -0.0085 0.0067, 0.1002 -0.0124 0.0067, 0.0978 -0.016 0.0067, 0.0947 -0.019 0.0067, 0.0912 -0.0215 0.0067, 0.0872 -0.0233 0.0067, 0.0831 -0.0245 0.0067, 0.0787 -0.0248 0.0067, 0.0732 -0.0314 0.0117, 0.0678 -0.03 0.0117, 0.0628 -0.0276 0.0117, 0.0582 -0.0244 0.0117, 0.0543 -0.0205 0.0117, 0.0511 -0.0159 0.0117, 0.0488 -0.0109 0.0117, 0.0473 -0.0055 0.0117, 0.0468 -0.0 0.0117, 0.0473 0.0055 0.0117, 0.0488 0.0109 0.0117, 0.0511 0.0159 0.0117, 0.0543 0.0205 0.0117, 0.0582 0.0244 0.0117, 0.0628 0.0276 0.0117, 0.0678 0.03 0.0117, 0.0732 0.0314 0.0117, 0.0787 0.0319 0.0117, 0.0843 0.0314 0.0117, 0.0896 0.03 0.0117, 0.0947 0.0276 0.0117, 0.0992 0.0244 0.0117, 0.1032 0.0205 0.0117, 0.1064 0.0159 0.0117, 0.1087 0.0109 0.0117, 0.1102 0.0055 0.0117, 0.1106 0.0 0.0117, 0.1102 -0.0055 0.0117, 0.1087 -0.0109 0.0117, 0.1064 -0.0159 0.0117, 0.1032 -0.0205 0.0117, 0.0992 -0.0244 0.0117, 0.0947 -0.0276 0.0117, 0.0896 -0.03 0.0117, 0.0843 -0.0314 0.0117, 0.0787 -0.0319 0.0117, 0.0721 -0.0374 0.0179, 0.0658 -0.0357 0.0179, 0.0598 -0.0329 0.0179, 0.0543 -0.0291 0.0179, 0.0497 -0.0244 0.0179, 0.0459 -0.019 0.0179, 0.0431 -0.013 0.0179, 0.0413 -0.0066 0.0179, 0.0408 -0.0 0.0179, 0.0413 0.0066 0.0179, 0.0431 0.013 0.0179, 0.0459 0.019 0.0179, 0.0497 0.0244 0.0179, 0.0543 0.0291 0.0179, 0.0598 0.0329 0.0179, 0.0658 0.0357 0.0179, 0.0721 0.0374 0.0179, 0.0787 0.038 0.0179, 0.0853 0.0374 0.0179, 0.0917 0.0357 0.0179, 0.0977 0.0329 0.0179, 0.1031 0.0291 0.0179, 0.1078 0.0244 0.0179, 0.1116 0.019 0.0179, 0.1144 0.013 0.0179, 0.1161 0.0066 0.0179, 0.1167 0.0 0.0179, 0.1161 -0.0066 0.0179, 0.1144 -0.013 0.0179, 0.1116 -0.019 0.0179, 0.1078 -0.0244 0.0179, 0.1031 -0.0291 0.0179, 0.0977 -0.0329 0.0179, 0.0917 -0.0357 0.0179, 0.0853 -0.0374 0.0179, 0.0787 -0.038 0.0179, 0.0713 -0.0422 0.0251, 0.0641 -0.0403 0.0251, 0.0573 -0.0371 0.0251, 0.0512 -0.0328 0.0251, 0.0459 -0.0276 0.0251, 0.0416 -0.0214 0.0251, 0.0385 -0.0147 0.0251, 0.0365 -0.0074 0.0251, 0.0359 -0.0 0.0251, 0.0365 0.0074 0.0251, 0.0385 0.0147 0.0251, 0.0416 0.0214 0.0251, 0.0459 0.0276 0.0251, 0.0512 0.0328 0.0251, 0.0573 0.0371 0.0251, 0.0641 0.0403 0.0251, 0.0713 0.0422 0.0251, 0.0787 0.0429 0.0251, 0.0862 0.0422 0.0251, 0.0934 0.0403 0.0251, 0.1002 0.0371 0.0251, 0.1063 0.0328 0.0251, 0.1116 0.0276 0.0251, 0.1159 0.0214 0.0251, 0.119 0.0147 0.0251, 0.121 0.0074 0.0251, 0.1216 0.0 0.0251, 0.121 -0.0074 0.0251, 0.119 -0.0147 0.0251, 0.1159 -0.0214 0.0251, 0.1116 -0.0276 0.0251, 0.1063 -0.0328 0.0251, 0.1002 -0.0371 0.0251, 0.0934 -0.0403 0.0251, 0.0862 -0.0422 0.0251, 0.0787 -0.0429 0.0251, 0.0707 -0.0457 0.0329, 0.0629 -0.0436 0.0329, 0.0555 -0.0402 0.0329, 0.0489 -0.0356 0.0329, 0.0432 -0.0299 0.0329, 0.0385 -0.0232 0.0329, 0.0351 -0.0159 0.0329, 0.033 -0.0081 0.0329, 0.0323 -0.0 0.0329, 0.033 0.0081 0.0329, 0.0351 0.0159 0.0329, 0.0385 0.0232 0.0329, 0.0432 0.0299 0.0329, 0.0489 0.0356 0.0329, 0.0555 0.0402 0.0329, 0.0629 0.0436 0.0329, 0.0707 0.0457 0.0329, 0.0787 0.0464 0.0329, 0.0868 0.0457 0.0329, 0.0946 0.0436 0.0329, 0.102 0.0402 0.0329, 0.1086 0.0356 0.0329, 0.1143 0.0299 0.0329, 0.119 0.0232 0.0329, 0.1224 0.0159 0.0329, 0.1245 0.0081 0.0329, 0.1252 0.0 0.0329, 0.1245 -0.0081 0.0329, 0.1224 -0.0159 0.0329, 0.119 -0.0232 0.0329, 0.1143 -0.0299 0.0329, 0.1086 -0.0356 0.0329, 0.102 -0.0402 0.0329, 0.0946 -0.0436 0.0329, 0.0868 -0.0457 0.0329, 0.0787 -0.0464 0.0329, 0.0703 -0.0478 0.0413, 0.0621 -0.0456 0.0413, 0.0545 -0.0421 0.0413, 0.0475 -0.0372 0.0413, 0.0415 -0.0312 0.0413, 0.0367 -0.0243 0.0413, 0.0331 -0.0166 0.0413, 0.0309 -0.0084 0.0413, 0.0302 -0.0 0.0413, 0.0309 0.0084 0.0413, 0.0331 0.0166 0.0413, 0.0367 0.0243 0.0413, 0.0415 0.0312 0.0413, 0.0475 0.0372 0.0413, 0.0545 0.0421 0.0413, 0.0621 0.0456 0.0413, 0.0703 0.0478 0.0413, 0.0787 0.0486 0.0413, 0.0872 0.0478 0.0413, 0.0954 0.0456 0.0413, 0.103 0.0421 0.0413, 0.11 0.0372 0.0413, 0.116 0.0312 0.0413, 0.1208 0.0243 0.0413, 0.1244 0.0166 0.0413, 0.1266 0.0084 0.0413, 0.1273 0.0 0.0413, 0.1266 -0.0084 0.0413, 0.1244 -0.0166 0.0413, 0.1208 -0.0243 0.0413, 0.116 -0.0312 0.0413, 0.11 -0.0372 0.0413, 0.103 -0.0421 0.0413, 0.0954 -0.0456 0.0413, 0.0872 -0.0478 0.0413, 0.0787 -0.0486 0.0413, 0.0702 -0.0485 0.05, 0.0619 -0.0462 0.05, 0.0541 -0.0426 0.05, 0.0471 -0.0377 0.05, 0.041 -0.0316 0.05, 0.0361 -0.0246 0.05, 0.0325 -0.0168 0.05, 0.0303 -0.0085 0.05, 0.0295 -0.0 0.05, 0.0303 0.0085 0.05, 0.0325 0.0168 0.05, 0.0361 0.0246 0.05, 0.041 0.0316 0.05, 0.0471 0.0377 0.05, 0.0541 0.0426 0.05, 0.0619 0.0462 0.05, 0.0702 0.0485 0.05, 0.0787 0.0492 0.05, 0.0873 0.0485 0.05, 0.0956 0.0462 0.05, 0.1033 0.0426 0.05, 0.1104 0.0377 0.05, 0.1164 0.0316 0.05, 0.1214 0.0246 0.05, 0.125 0.0168 0.05, 0.1272 0.0085 0.05, 0.1279 0.0 0.05, 0.1272 -0.0085 0.05, 0.125 -0.0168 0.05, 0.1214 -0.0246 0.05, 0.1164 -0.0316 0.05, 0.1104 -0.0377 0.05, 0.1033 -0.0426 0.05, 0.0956 -0.0462 0.05, 0.0873 -0.0485 0.05, 0.0787 -0.0492 0.05, 0.0704 -0.0476 0.0586, 0.0622 -0.0454 0.0586, 0.0546 -0.0418 0.0586, 0.0477 -0.037 0.0586, 0.0417 -0.0311 0.0586, 0.0369 -0.0242 0.0586, 0.0333 -0.0165 0.0586, 0.0312 -0.0084 0.0586, 0.0304 -0.0 0.0586, 0.0312 0.0084 0.0586, 0.0333 0.0165 0.0586, 0.0369 0.0242 0.0586, 0.0417 0.0311 0.0586, 0.0477 0.037 0.0586, 0.0546 0.0418 0.0586, 0.0622 0.0454 0.0586, 0.0704 0.0476 0.0586, 0.0787 0.0483 0.0586, 0.0871 0.0476 0.0586, 0.0953 0.0454 0.0586, 0.1029 0.0418 0.0586, 0.1098 0.037 0.0586, 0.1157 0.0311 0.0586, 0.1206 0.0242 0.0586, 0.1241 0.0165 0.0586, 0.1263 0.0084 0.0586, 0.127 0.0 0.0586, 0.1263 -0.0084 0.0586, 0.1241 -0.0165 0.0586, 0.1206 -0.0242 0.0586, 0.1157 -0.0311 0.0586, 0.1098 -0.037 0.0586, 0.1029 -0.0418 0.0586, 0.0953 -0.0454 0.0586, 0.0871 -0.0476 0.0586, 0.0787 -0.0483 0.0586, 0.0708 -0.0452 0.0669, 0.063 -0.0431 0.0669, 0.0558 -0.0398 0.0669, 0.0492 -0.0352 0.0669, 0.0436 -0.0295 0.0669, 0.039 -0.023 0.0669, 0.0356 -0.0157 0.0669, 0.0335 -0.008 0.0669, 0.0328 -0.0 0.0669, 0.0335 0.008 0.0669, 0.0356 0.0157 0.0669, 0.039 0.023 0.0669, 0.0436 0.0295 0.0669, 0.0492 0.0352 0.0669, 0.0558 0.0398 0.0669, 0.063 0.0431 0.0669, 0.0708 0.0452 0.0669, 0.0787 0.0459 0.0669, 0.0867 0.0452 0.0669, 0.0944 0.0431 0.0669, 0.1017 0.0398 0.0669, 0.1083 0.0352 0.0669, 0.1139 0.0295 0.0669, 0.1185 0.023 0.0669, 0.1219 0.0157 0.0669, 0.124 0.008 0.0669, 0.1247 0.0 0.0669, 0.124 -0.008 0.0669, 0.1219 -0.0157 0.0669, 0.1185 -0.023 0.0669, 0.1139 -0.0295 0.0669, 0.1083 -0.0352 0.0669, 0.1017 -0.0398 0.0669, 0.0944 -0.0431 0.0669, 0.0867 -0.0452 0.0669, 0.0787 -0.0459 0.0669, 0.0787 -0.1575 0.0, 0.0772 -0.166 0.0008, 0.0758 -0.1656 0.0008, 0.0787 -0.1661 0.0008, 0.0732 -0.1641 0.0008, 0.0721 -0.163 0.0008, 0.0744 -0.165 0.0008, 0.0706 -0.1604 0.0008, 0.0702 -0.159 0.0008, 0.0713 -0.1618 0.0008, 0.0702 -0.156 0.0008, 0.0706 -0.1545 0.0008, 0.0701 -0.1575 0.0008, 0.0721 -0.1519 0.0008, 0.0732 -0.1509 0.0008, 0.0713 -0.1532 0.0008, 0.0758 -0.1494 0.0008, 0.0772 -0.149 0.0008, 0.0744 -0.15 0.0008, 0.0802 -0.149 0.0008, 0.0817 -0.1494 0.0008, 0.0787 -0.1489 0.0008, 0.0843 -0.1509 0.0008, 0.0854 -0.1519 0.0008, 0.0831 -0.15 0.0008, 0.0868 -0.1545 0.0008, 0.0872 -0.156 0.0008, 0.0862 -0.1532 0.0008, 0.0872 -0.159 0.0008, 0.0868 -0.1604 0.0008, 0.0874 -0.1575 0.0008, 0.0854 -0.163 0.0008, 0.0843 -0.1641 0.0008, 0.0862 -0.1618 0.0008, 0.0817 -0.1656 0.0008, 0.0802 -0.166 0.0008, 0.0831 -0.165 0.0008, 0.0758 -0.1742 0.003, 0.0729 -0.1734 0.003, 0.0702 -0.1722 0.003, 0.0678 -0.1705 0.003, 0.0657 -0.1684 0.003, 0.064 -0.166 0.003, 0.0628 -0.1633 0.003, 0.062 -0.1604 0.003, 0.0617 -0.1575 0.003, 0.062 -0.1545 0.003, 0.0628 -0.1517 0.003, 0.064 -0.149 0.003, 0.0657 -0.1466 0.003, 0.0678 -0.1445 0.003, 0.0702 -0.1428 0.003, 0.0729 -0.1415 0.003, 0.0758 -0.1407 0.003, 0.0787 -0.1405 0.003, 0.0817 -0.1407 0.003, 0.0846 -0.1415 0.003, 0.0872 -0.1428 0.003, 0.0897 -0.1445 0.003, 0.0918 -0.1466 0.003, 0.0935 -0.149 0.003, 0.0947 -0.1517 0.003, 0.0955 -0.1545 0.003, 0.0957 -0.1575 0.003, 0.0955 -0.1604 0.003, 0.0947 -0.1633 0.003, 0.0935 -0.166 0.003, 0.0918 -0.1684 0.003, 0.0897 -0.1705 0.003, 0.0872 -0.1722 0.003, 0.0846 -0.1734 0.003, 0.0817 -0.1742 0.003, 0.0787 -0.1745 0.003, 0.0744 -0.1819 0.0067, 0.0702 -0.1808 0.0067, 0.0663 -0.179 0.0067, 0.0628 -0.1765 0.0067, 0.0597 -0.1734 0.0067, 0.0572 -0.1699 0.0067, 0.0554 -0.166 0.0067, 0.0543 -0.1618 0.0067, 0.0539 -0.1575 0.0067, 0.0543 -0.1532 0.0067, 0.0554 -0.149 0.0067, 0.0572 -0.1451 0.0067, 0.0597 -0.1415 0.0067, 0.0628 -0.1385 0.0067, 0.0663 -0.136 0.0067, 0.0702 -0.1341 0.0067, 0.0744 -0.133 0.0067, 0.0787 -0.1327 0.0067, 0.0831 -0.133 0.0067, 0.0872 -0.1341 0.0067, 0.0912 -0.136 0.0067, 0.0947 -0.1385 0.0067, 0.0978 -0.1415 0.0067, 0.1002 -0.1451 0.0067, 0.1021 -0.149 0.0067, 0.1032 -0.1532 0.0067, 0.1036 -0.1575 0.0067, 0.1032 -0.1618 0.0067, 0.1021 -0.166 0.0067, 0.1002 -0.1699 0.0067, 0.0978 -0.1734 0.0067, 0.0947 -0.1765 0.0067, 0.0912 -0.179 0.0067, 0.0872 -0.1808 0.0067, 0.0831 -0.1819 0.0067, 0.0787 -0.1823 0.0067, 0.0732 -0.1889 0.0117, 0.0678 -0.1875 0.0117, 0.0628 -0.1851 0.0117, 0.0582 -0.1819 0.0117, 0.0543 -0.178 0.0117, 0.0511 -0.1734 0.0117, 0.0488 -0.1684 0.0117, 0.0473 -0.163 0.0117, 0.0468 -0.1575 0.0117, 0.0473 -0.1519 0.0117, 0.0488 -0.1466 0.0117, 0.0511 -0.1415 0.0117, 0.0543 -0.137 0.0117, 0.0582 -0.133 0.0117, 0.0628 -0.1299 0.0117, 0.0678 -0.1275 0.0117, 0.0732 -0.1261 0.0117, 0.0787 -0.1256 0.0117, 0.0843 -0.1261 0.0117, 0.0896 -0.1275 0.0117, 0.0947 -0.1299 0.0117, 0.0992 -0.133 0.0117, 0.1032 -0.137 0.0117, 0.1064 -0.1415 0.0117, 0.1087 -0.1466 0.0117, 0.1102 -0.1519 0.0117, 0.1106 -0.1575 0.0117, 0.1102 -0.163 0.0117, 0.1087 -0.1684 0.0117, 0.1064 -0.1734 0.0117, 0.1032 -0.178 0.0117, 0.0992 -0.1819 0.0117, 0.0947 -0.1851 0.0117, 0.0896 -0.1875 0.0117, 0.0843 -0.1889 0.0117, 0.0787 -0.1894 0.0117, 0.0721 -0.1949 0.0179, 0.0658 -0.1932 0.0179, 0.0598 -0.1904 0.0179, 0.0543 -0.1866 0.0179, 0.0497 -0.1819 0.0179, 0.0459 -0.1765 0.0179, 0.0431 -0.1705 0.0179, 0.0413 -0.1641 0.0179, 0.0408 -0.1575 0.0179, 0.0413 -0.1509 0.0179, 0.0431 -0.1445 0.0179, 0.0459 -0.1385 0.0179, 0.0497 -0.1331 0.0179, 0.0543 -0.1284 0.0179, 0.0598 -0.1246 0.0179, 0.0658 -0.1218 0.0179, 0.0721 -0.1201 0.0179, 0.0787 -0.1195 0.0179, 0.0853 -0.1201 0.0179, 0.0917 -0.1218 0.0179, 0.0977 -0.1246 0.0179, 0.1031 -0.1284 0.0179, 0.1078 -0.1331 0.0179, 0.1116 -0.1385 0.0179, 0.1144 -0.1445 0.0179, 0.1161 -0.1509 0.0179, 0.1167 -0.1575 0.0179, 0.1161 -0.1641 0.0179, 0.1144 -0.1705 0.0179, 0.1116 -0.1765 0.0179, 0.1078 -0.1819 0.0179, 0.1031 -0.1866 0.0179, 0.0977 -0.1904 0.0179, 0.0917 -0.1932 0.0179, 0.0853 -0.1949 0.0179, 0.0787 -0.1955 0.0179, 0.0713 -0.1997 0.0251, 0.0641 -0.1978 0.0251, 0.0573 -0.1946 0.0251, 0.0512 -0.1903 0.0251, 0.0459 -0.185 0.0251, 0.0416 -0.1789 0.0251, 0.0385 -0.1721 0.0251, 0.0365 -0.1649 0.0251, 0.0359 -0.1575 0.0251, 0.0365 -0.15 0.0251, 0.0385 -0.1428 0.0251, 0.0416 -0.136 0.0251, 0.0459 -0.1299 0.0251, 0.0512 -0.1246 0.0251, 0.0573 -0.1203 0.0251, 0.0641 -0.1172 0.0251, 0.0713 -0.1153 0.0251, 0.0787 -0.1146 0.0251, 0.0862 -0.1153 0.0251, 0.0934 -0.1172 0.0251, 0.1002 -0.1203 0.0251, 0.1063 -0.1246 0.0251, 0.1116 -0.1299 0.0251, 0.1159 -0.136 0.0251, 0.119 -0.1428 0.0251, 0.121 -0.15 0.0251, 0.1216 -0.1575 0.0251, 0.121 -0.1649 0.0251, 0.119 -0.1721 0.0251, 0.1159 -0.1789 0.0251, 0.1116 -0.185 0.0251, 0.1063 -0.1903 0.0251, 0.1002 -0.1946 0.0251, 0.0934 -0.1978 0.0251, 0.0862 -0.1997 0.0251, 0.0787 -0.2004 0.0251, 0.0707 -0.2032 0.0329, 0.0629 -0.2011 0.0329, 0.0555 -0.1977 0.0329, 0.0489 -0.1931 0.0329, 0.0432 -0.1873 0.0329, 0.0385 -0.1807 0.0329, 0.0351 -0.1734 0.0329, 0.033 -0.1655 0.0329, 0.0323 -0.1575 0.0329, 0.033 -0.1494 0.0329, 0.0351 -0.1416 0.0329, 0.0385 -0.1343 0.0329, 0.0432 -0.1276 0.0329, 0.0489 -0.1219 0.0329, 0.0555 -0.1173 0.0329, 0.0629 -0.1138 0.0329, 0.0707 -0.1117 0.0329, 0.0787 -0.111 0.0329, 0.0868 -0.1117 0.0329, 0.0946 -0.1138 0.0329, 0.102 -0.1173 0.0329, 0.1086 -0.1219 0.0329, 0.1143 -0.1276 0.0329, 0.119 -0.1343 0.0329, 0.1224 -0.1416 0.0329, 0.1245 -0.1494 0.0329, 0.1252 -0.1575 0.0329, 0.1245 -0.1655 0.0329, 0.1224 -0.1734 0.0329, 0.119 -0.1807 0.0329, 0.1143 -0.1873 0.0329, 0.1086 -0.1931 0.0329, 0.102 -0.1977 0.0329, 0.0946 -0.2011 0.0329, 0.0868 -0.2032 0.0329, 0.0787 -0.2039 0.0329, 0.0703 -0.2053 0.0413, 0.0621 -0.2031 0.0413, 0.0545 -0.1996 0.0413, 0.0475 -0.1947 0.0413, 0.0415 -0.1887 0.0413, 0.0367 -0.1818 0.0413, 0.0331 -0.1741 0.0413, 0.0309 -0.1659 0.0413, 0.0302 -0.1575 0.0413, 0.0309 -0.149 0.0413, 0.0331 -0.1409 0.0413, 0.0367 -0.1332 0.0413, 0.0415 -0.1263 0.0413, 0.0475 -0.1203 0.0413, 0.0545 -0.1154 0.0413, 0.0621 -0.1118 0.0413, 0.0703 -0.1096 0.0413, 0.0787 -0.1089 0.0413, 0.0872 -0.1096 0.0413, 0.0954 -0.1118 0.0413, 0.103 -0.1154 0.0413, 0.11 -0.1203 0.0413, 0.116 -0.1263 0.0413, 0.1208 -0.1332 0.0413, 0.1244 -0.1409 0.0413, 0.1266 -0.149 0.0413, 0.1273 -0.1575 0.0413, 0.1266 -0.1659 0.0413, 0.1244 -0.1741 0.0413, 0.1208 -0.1818 0.0413, 0.116 -0.1887 0.0413, 0.11 -0.1947 0.0413, 0.103 -0.1996 0.0413, 0.0954 -0.2031 0.0413, 0.0872 -0.2053 0.0413, 0.0787 -0.2061 0.0413, 0.0702 -0.2059 0.05, 0.0619 -0.2037 0.05, 0.0541 -0.2001 0.05, 0.0471 -0.1952 0.05, 0.041 -0.1891 0.05, 0.0361 -0.1821 0.05, 0.0325 -0.1743 0.05, 0.0303 -0.166 0.05, 0.0295 -0.1575 0.05, 0.0303 -0.1489 0.05, 0.0325 -0.1407 0.05, 0.0361 -0.1329 0.05, 0.041 -0.1259 0.05, 0.0471 -0.1198 0.05, 0.0541 -0.1149 0.05, 0.0619 -0.1112 0.05, 0.0702 -0.109 0.05, 0.0787 -0.1083 0.05, 0.0873 -0.109 0.05, 0.0956 -0.1112 0.05, 0.1033 -0.1149 0.05, 0.1104 -0.1198 0.05, 0.1164 -0.1259 0.05, 0.1214 -0.1329 0.05, 0.125 -0.1407 0.05, 0.1272 -0.1489 0.05, 0.1279 -0.1575 0.05, 0.1272 -0.166 0.05, 0.125 -0.1743 0.05, 0.1214 -0.1821 0.05, 0.1164 -0.1891 0.05, 0.1104 -0.1952 0.05, 0.1033 -0.2001 0.05, 0.0956 -0.2037 0.05, 0.0873 -0.2059 0.05, 0.0787 -0.2067 0.05, 0.0704 -0.2051 0.0586, 0.0622 -0.2029 0.0586, 0.0546 -0.1993 0.0586, 0.0477 -0.1945 0.0586, 0.0417 -0.1885 0.0586, 0.0369 -0.1816 0.0586, 0.0333 -0.174 0.0586, 0.0312 -0.1659 0.0586, 0.0304 -0.1575 0.0586, 0.0312 -0.1491 0.0586, 0.0333 -0.141 0.0586, 0.0369 -0.1333 0.0586, 0.0417 -0.1264 0.0586, 0.0477 -0.1205 0.0586, 0.0546 -0.1156 0.0586, 0.0622 -0.1121 0.0586, 0.0704 -0.1099 0.0586, 0.0787 -0.1092 0.0586, 0.0871 -0.1099 0.0586, 0.0953 -0.1121 0.0586, 0.1029 -0.1156 0.0586, 0.1098 -0.1205 0.0586, 0.1157 -0.1264 0.0586, 0.1206 -0.1333 0.0586, 0.1241 -0.141 0.0586, 0.1263 -0.1491 0.0586, 0.127 -0.1575 0.0586, 0.1263 -0.1659 0.0586, 0.1241 -0.174 0.0586, 0.1206 -0.1816 0.0586, 0.1157 -0.1885 0.0586, 0.1098 -0.1945 0.0586, 0.1029 -0.1993 0.0586, 0.0953 -0.2029 0.0586, 0.0871 -0.2051 0.0586, 0.0787 -0.2058 0.0586, 0.0708 -0.2027 0.0669, 0.063 -0.2006 0.0669, 0.0558 -0.1972 0.0669, 0.0492 -0.1927 0.0669, 0.0436 -0.187 0.0669, 0.039 -0.1804 0.0669, 0.0356 -0.1732 0.0669, 0.0335 -0.1655 0.0669, 0.0328 -0.1575 0.0669, 0.0335 -0.1495 0.0669, 0.0356 -0.1418 0.0669, 0.039 -0.1345 0.0669, 0.0436 -0.128 0.0669, 0.0492 -0.1223 0.0669, 0.0558 -0.1177 0.0669, 0.063 -0.1143 0.0669, 0.0708 -0.1123 0.0669, 0.0787 -0.1116 0.0669, 0.0867 -0.1123 0.0669, 0.0944 -0.1143 0.0669, 0.1017 -0.1177 0.0669, 0.1083 -0.1223 0.0669, 0.1139 -0.128 0.0669, 0.1185 -0.1345 0.0669, 0.1219 -0.1418 0.0669, 0.124 -0.1495 0.0669, 0.1247 -0.1575 0.0669, 0.124 -0.1655 0.0669, 0.1219 -0.1732 0.0669, 0.1185 -0.1804 0.0669, 0.1139 -0.187 0.0669, 0.1083 -0.1927 0.0669, 0.1017 -0.1972 0.0669, 0.0944 -0.2006 0.0669, 0.0867 -0.2027 0.0669, 0.0787 -0.2034 0.0669, -0.0787 0.1575 0.0, -0.0802 0.149 0.0008, -0.0817 0.1494 0.0008, -0.0787 0.1489 0.0008, -0.0843 0.1509 0.0008, -0.0854 0.1519 0.0008, -0.0831 0.15 0.0008, -0.0868 0.1545 0.0008, -0.0872 0.156 0.0008, -0.0862 0.1532 0.0008, -0.0872 0.159 0.0008, -0.0868 0.1604 0.0008, -0.0874 0.1575 0.0008, -0.0854 0.163 0.0008, -0.0843 0.1641 0.0008, -0.0862 0.1618 0.0008, -0.0817 0.1656 0.0008, -0.0802 0.166 0.0008, -0.0831 0.165 0.0008, -0.0772 0.166 0.0008, -0.0758 0.1656 0.0008, -0.0787 0.1661 0.0008, -0.0732 0.1641 0.0008, -0.0721 0.163 0.0008, -0.0744 0.165 0.0008, -0.0706 0.1604 0.0008, -0.0702 0.159 0.0008, -0.0713 0.1618 0.0008, -0.0702 0.156 0.0008, -0.0706 0.1545 0.0008, -0.0701 0.1575 0.0008, -0.0721 0.1519 0.0008, -0.0732 0.1509 0.0008, -0.0713 0.1532 0.0008, -0.0758 0.1494 0.0008, -0.0772 0.149 0.0008, -0.0744 0.15 0.0008, -0.0817 0.1407 0.003, -0.0846 0.1415 0.003, -0.0872 0.1428 0.003, -0.0897 0.1445 0.003, -0.0918 0.1466 0.003, -0.0935 0.149 0.003, -0.0947 0.1517 0.003, -0.0955 0.1545 0.003, -0.0957 0.1575 0.003, -0.0955 0.1604 0.003, -0.0947 0.1633 0.003, -0.0935 0.166 0.003, -0.0918 0.1684 0.003, -0.0897 0.1705 0.003, -0.0872 0.1722 0.003, -0.0846 0.1734 0.003, -0.0817 0.1742 0.003, -0.0787 0.1745 0.003, -0.0758 0.1742 0.003, -0.0729 0.1734 0.003, -0.0702 0.1722 0.003, -0.0678 0.1705 0.003, -0.0657 0.1684 0.003, -0.064 0.166 0.003, -0.0628 0.1633 0.003, -0.062 0.1604 0.003, -0.0617 0.1575 0.003, -0.062 0.1545 0.003, -0.0628 0.1517 0.003, -0.064 0.149 0.003, -0.0657 0.1466 0.003, -0.0678 0.1445 0.003, -0.0702 0.1428 0.003, -0.0729 0.1415 0.003, -0.0758 0.1407 0.003, -0.0787 0.1405 0.003, -0.0831 0.133 0.0067, -0.0872 0.1341 0.0067, -0.0912 0.136 0.0067, -0.0947 0.1385 0.0067, -0.0978 0.1415 0.0067, -0.1002 0.1451 0.0067, -0.1021 0.149 0.0067, -0.1032 0.1532 0.0067, -0.1036 0.1575 0.0067, -0.1032 0.1618 0.0067, -0.1021 0.166 0.0067, -0.1002 0.1699 0.0067, -0.0978 0.1734 0.0067, -0.0947 0.1765 0.0067, -0.0912 0.179 0.0067, -0.0872 0.1808 0.0067, -0.0831 0.1819 0.0067, -0.0787 0.1823 0.0067, -0.0744 0.1819 0.0067, -0.0702 0.1808 0.0067, -0.0663 0.179 0.0067, -0.0628 0.1765 0.0067, -0.0597 0.1734 0.0067, -0.0572 0.1699 0.0067, -0.0554 0.166 0.0067, -0.0543 0.1618 0.0067, -0.0539 0.1575 0.0067, -0.0543 0.1532 0.0067, -0.0554 0.149 0.0067, -0.0572 0.1451 0.0067, -0.0597 0.1415 0.0067, -0.0628 0.1385 0.0067, -0.0663 0.136 0.0067, -0.0702 0.1341 0.0067, -0.0744 0.133 0.0067, -0.0787 0.1327 0.0067, -0.0843 0.1261 0.0117, -0.0896 0.1275 0.0117, -0.0947 0.1299 0.0117, -0.0992 0.133 0.0117, -0.1032 0.137 0.0117, -0.1064 0.1415 0.0117, -0.1087 0.1466 0.0117, -0.1102 0.1519 0.0117, -0.1106 0.1575 0.0117, -0.1102 0.163 0.0117, -0.1087 0.1684 0.0117, -0.1064 0.1734 0.0117, -0.1032 0.178 0.0117, -0.0992 0.1819 0.0117, -0.0947 0.1851 0.0117, -0.0896 0.1875 0.0117, -0.0843 0.1889 0.0117, -0.0787 0.1894 0.0117, -0.0732 0.1889 0.0117, -0.0678 0.1875 0.0117, -0.0628 0.1851 0.0117, -0.0582 0.1819 0.0117, -0.0543 0.178 0.0117, -0.0511 0.1734 0.0117, -0.0488 0.1684 0.0117, -0.0473 0.163 0.0117, -0.0468 0.1575 0.0117, -0.0473 0.1519 0.0117, -0.0488 0.1466 0.0117, -0.0511 0.1415 0.0117, -0.0543 0.137 0.0117, -0.0582 0.133 0.0117, -0.0628 0.1299 0.0117, -0.0678 0.1275 0.0117, -0.0732 0.1261 0.0117, -0.0787 0.1256 0.0117, -0.0853 0.1201 0.0179, -0.0917 0.1218 0.0179, -0.0977 0.1246 0.0179, -0.1031 0.1284 0.0179, -0.1078 0.1331 0.0179, -0.1116 0.1385 0.0179, -0.1144 0.1445 0.0179, -0.1161 0.1509 0.0179, -0.1167 0.1575 0.0179, -0.1161 0.1641 0.0179, -0.1144 0.1705 0.0179, -0.1116 0.1765 0.0179, -0.1078 0.1819 0.0179, -0.1031 0.1866 0.0179, -0.0977 0.1904 0.0179, -0.0917 0.1932 0.0179, -0.0853 0.1949 0.0179, -0.0787 0.1955 0.0179, -0.0721 0.1949 0.0179, -0.0658 0.1932 0.0179, -0.0598 0.1904 0.0179, -0.0543 0.1866 0.0179, -0.0497 0.1819 0.0179, -0.0459 0.1765 0.0179, -0.0431 0.1705 0.0179, -0.0413 0.1641 0.0179, -0.0408 0.1575 0.0179, -0.0413 0.1509 0.0179, -0.0431 0.1445 0.0179, -0.0459 0.1385 0.0179, -0.0497 0.1331 0.0179, -0.0543 0.1284 0.0179, -0.0598 0.1246 0.0179, -0.0658 0.1218 0.0179, -0.0721 0.1201 0.0179, -0.0787 0.1195 0.0179, -0.0862 0.1153 0.0251, -0.0934 0.1172 0.0251, -0.1002 0.1203 0.0251, -0.1063 0.1246 0.0251, -0.1116 0.1299 0.0251, -0.1159 0.136 0.0251, -0.119 0.1428 0.0251, -0.121 0.15 0.0251, -0.1216 0.1575 0.0251, -0.121 0.1649 0.0251, -0.119 0.1721 0.0251, -0.1159 0.1789 0.0251, -0.1116 0.185 0.0251, -0.1063 0.1903 0.0251, -0.1002 0.1946 0.0251, -0.0934 0.1978 0.0251, -0.0862 0.1997 0.0251, -0.0787 0.2004 0.0251, -0.0713 0.1997 0.0251, -0.0641 0.1978 0.0251, -0.0573 0.1946 0.0251, -0.0512 0.1903 0.0251, -0.0459 0.185 0.0251, -0.0416 0.1789 0.0251, -0.0385 0.1721 0.0251, -0.0365 0.1649 0.0251, -0.0359 0.1575 0.0251, -0.0365 0.15 0.0251, -0.0385 0.1428 0.0251, -0.0416 0.136 0.0251, -0.0459 0.1299 0.0251, -0.0512 0.1246 0.0251, -0.0573 0.1203 0.0251, -0.0641 0.1172 0.0251, -0.0713 0.1153 0.0251, -0.0787 0.1146 0.0251, -0.0868 0.1117 0.0329, -0.0946 0.1138 0.0329, -0.102 0.1173 0.0329, -0.1086 0.1219 0.0329, -0.1143 0.1276 0.0329, -0.119 0.1343 0.0329, -0.1224 0.1416 0.0329, -0.1245 0.1494 0.0329, -0.1252 0.1575 0.0329, -0.1245 0.1655 0.0329, -0.1224 0.1734 0.0329, -0.119 0.1807 0.0329, -0.1143 0.1873 0.0329, -0.1086 0.1931 0.0329, -0.102 0.1977 0.0329, -0.0946 0.2011 0.0329, -0.0868 0.2032 0.0329, -0.0787 0.2039 0.0329, -0.0707 0.2032 0.0329, -0.0629 0.2011 0.0329, -0.0555 0.1977 0.0329, -0.0489 0.1931 0.0329, -0.0432 0.1873 0.0329, -0.0385 0.1807 0.0329, -0.0351 0.1734 0.0329, -0.033 0.1655 0.0329, -0.0323 0.1575 0.0329, -0.033 0.1494 0.0329, -0.0351 0.1416 0.0329, -0.0385 0.1343 0.0329, -0.0432 0.1276 0.0329, -0.0489 0.1219 0.0329, -0.0555 0.1173 0.0329, -0.0629 0.1138 0.0329, -0.0707 0.1117 0.0329, -0.0787 0.111 0.0329, -0.0872 0.1096 0.0413, -0.0954 0.1118 0.0413, -0.103 0.1154 0.0413, -0.11 0.1203 0.0413, -0.116 0.1263 0.0413, -0.1208 0.1332 0.0413, -0.1244 0.1409 0.0413, -0.1266 0.149 0.0413, -0.1273 0.1575 0.0413, -0.1266 0.1659 0.0413, -0.1244 0.1741 0.0413, -0.1208 0.1818 0.0413, -0.116 0.1887 0.0413, -0.11 0.1947 0.0413, -0.103 0.1996 0.0413, -0.0954 0.2031 0.0413, -0.0872 0.2053 0.0413, -0.0787 0.2061 0.0413, -0.0703 0.2053 0.0413, -0.0621 0.2031 0.0413, -0.0545 0.1996 0.0413, -0.0475 0.1947 0.0413, -0.0415 0.1887 0.0413, -0.0367 0.1818 0.0413, -0.0331 0.1741 0.0413, -0.0309 0.1659 0.0413, -0.0302 0.1575 0.0413, -0.0309 0.149 0.0413, -0.0331 0.1409 0.0413, -0.0367 0.1332 0.0413, -0.0415 0.1263 0.0413, -0.0475 0.1203 0.0413, -0.0545 0.1154 0.0413, -0.0621 0.1118 0.0413, -0.0703 0.1096 0.0413, -0.0787 0.1089 0.0413, -0.0873 0.109 0.05, -0.0956 0.1112 0.05, -0.1033 0.1149 0.05, -0.1104 0.1198 0.05, -0.1164 0.1259 0.05, -0.1214 0.1329 0.05, -0.125 0.1407 0.05, -0.1272 0.1489 0.05, -0.1279 0.1575 0.05, -0.1272 0.166 0.05, -0.125 0.1743 0.05, -0.1214 0.1821 0.05, -0.1164 0.1891 0.05, -0.1104 0.1952 0.05, -0.1033 0.2001 0.05, -0.0956 0.2037 0.05, -0.0873 0.2059 0.05, -0.0787 0.2067 0.05, -0.0702 0.2059 0.05, -0.0619 0.2037 0.05, -0.0541 0.2001 0.05, -0.0471 0.1952 0.05, -0.041 0.1891 0.05, -0.0361 0.1821 0.05, -0.0325 0.1743 0.05, -0.0303 0.166 0.05, -0.0295 0.1575 0.05, -0.0303 0.1489 0.05, -0.0325 0.1407 0.05, -0.0361 0.1329 0.05, -0.041 0.1259 0.05, -0.0471 0.1198 0.05, -0.0541 0.1149 0.05, -0.0619 0.1112 0.05, -0.0702 0.109 0.05, -0.0787 0.1083 0.05, -0.0871 0.1099 0.0586, -0.0953 0.1121 0.0586, -0.1029 0.1156 0.0586, -0.1098 0.1205 0.0586, -0.1157 0.1264 0.0586, -0.1206 0.1333 0.0586, -0.1241 0.141 0.0586, -0.1263 0.1491 0.0586, -0.127 0.1575 0.0586, -0.1263 0.1659 0.0586, -0.1241 0.174 0.0586, -0.1206 0.1816 0.0586, -0.1157 0.1885 0.0586, -0.1098 0.1945 0.0586, -0.1029 0.1993 0.0586, -0.0953 0.2029 0.0586, -0.0871 0.2051 0.0586, -0.0787 0.2058 0.0586, -0.0704 0.2051 0.0586, -0.0622 0.2029 0.0586, -0.0546 0.1993 0.0586, -0.0477 0.1945 0.0586, -0.0417 0.1885 0.0586, -0.0369 0.1816 0.0586, -0.0333 0.174 0.0586, -0.0312 0.1659 0.0586, -0.0304 0.1575 0.0586, -0.0312 0.1491 0.0586, -0.0333 0.141 0.0586, -0.0369 0.1333 0.0586, -0.0417 0.1264 0.0586, -0.0477 0.1205 0.0586, -0.0546 0.1156 0.0586, -0.0622 0.1121 0.0586, -0.0704 0.1099 0.0586, -0.0787 0.1092 0.0586, -0.0867 0.1123 0.0669, -0.0944 0.1143 0.0669, -0.1017 0.1177 0.0669, -0.1083 0.1223 0.0669, -0.1139 0.128 0.0669, -0.1185 0.1345 0.0669, -0.1219 0.1418 0.0669, -0.124 0.1495 0.0669, -0.1247 0.1575 0.0669, -0.124 0.1655 0.0669, -0.1219 0.1732 0.0669, -0.1185 0.1804 0.0669, -0.1139 0.187 0.0669, -0.1083 0.1927 0.0669, -0.1017 0.1972 0.0669, -0.0944 0.2006 0.0669, -0.0867 0.2027 0.0669, -0.0787 0.2034 0.0669, -0.0708 0.2027 0.0669, -0.063 0.2006 0.0669, -0.0558 0.1972 0.0669, -0.0492 0.1927 0.0669, -0.0436 0.187 0.0669, -0.039 0.1804 0.0669, -0.0356 0.1732 0.0669, -0.0335 0.1655 0.0669, -0.0328 0.1575 0.0669, -0.0335 0.1495 0.0669, -0.0356 0.1418 0.0669, -0.039 0.1345 0.0669, -0.0436 0.128 0.0669, -0.0492 0.1223 0.0669, -0.0558 0.1177 0.0669, -0.063 0.1143 0.0669, -0.0708 0.1123 0.0669, -0.0787 0.1116 0.0669, -0.0787 0.0 0.0, -0.0802 -0.0085 0.0008, -0.0817 -0.0081 0.0008, -0.0787 -0.0086 0.0008, -0.0843 -0.0066 0.0008, -0.0854 -0.0055 0.0008, -0.0831 -0.0075 0.0008, -0.0868 -0.003 0.0008, -0.0872 -0.0015 0.0008, -0.0862 -0.0043 0.0008, -0.0872 0.0015 0.0008, -0.0868 0.003 0.0008, -0.0874 0.0 0.0008, -0.0854 0.0055 0.0008, -0.0843 0.0066 0.0008, -0.0862 0.0043 0.0008, -0.0817 0.0081 0.0008, -0.0802 0.0085 0.0008, -0.0831 0.0075 0.0008, -0.0772 0.0085 0.0008, -0.0758 0.0081 0.0008, -0.0787 0.0086 0.0008, -0.0732 0.0066 0.0008, -0.0721 0.0055 0.0008, -0.0744 0.0075 0.0008, -0.0706 0.003 0.0008, -0.0702 0.0015 0.0008, -0.0713 0.0043 0.0008, -0.0702 -0.0015 0.0008, -0.0706 -0.003 0.0008, -0.0701 0.0 0.0008, -0.0721 -0.0055 0.0008, -0.0732 -0.0066 0.0008, -0.0713 -0.0043 0.0008, -0.0758 -0.0081 0.0008, -0.0772 -0.0085 0.0008, -0.0744 -0.0075 0.0008, -0.0817 -0.0167 0.003, -0.0846 -0.016 0.003, -0.0872 -0.0147 0.003, -0.0897 -0.013 0.003, -0.0918 -0.0109 0.003, -0.0935 -0.0085 0.003, -0.0947 -0.0058 0.003, -0.0955 -0.003 0.003, -0.0957 0.0 0.003, -0.0955 0.003 0.003, -0.0947 0.0058 0.003, -0.0935 0.0085 0.003, -0.0918 0.0109 0.003, -0.0897 0.013 0.003, -0.0872 0.0147 0.003, -0.0846 0.016 0.003, -0.0817 0.0167 0.003, -0.0787 0.017 0.003, -0.0758 0.0167 0.003, -0.0729 0.016 0.003, -0.0702 0.0147 0.003, -0.0678 0.013 0.003, -0.0657 0.0109 0.003, -0.064 0.0085 0.003, -0.0628 0.0058 0.003, -0.062 0.003 0.003, -0.0617 0.0 0.003, -0.062 -0.003 0.003, -0.0628 -0.0058 0.003, -0.064 -0.0085 0.003, -0.0657 -0.0109 0.003, -0.0678 -0.013 0.003, -0.0702 -0.0147 0.003, -0.0729 -0.016 0.003, -0.0758 -0.0167 0.003, -0.0787 -0.017 0.003, -0.0831 -0.0245 0.0067, -0.0872 -0.0233 0.0067, -0.0912 -0.0215 0.0067, -0.0947 -0.019 0.0067, -0.0978 -0.016 0.0067, -0.1002 -0.0124 0.0067, -0.1021 -0.0085 0.0067, -0.1032 -0.0043 0.0067, -0.1036 0.0 0.0067, -0.1032 0.0043 0.0067, -0.1021 0.0085 0.0067, -0.1002 0.0124 0.0067, -0.0978 0.016 0.0067, -0.0947 0.019 0.0067, -0.0912 0.0215 0.0067, -0.0872 0.0233 0.0067, -0.0831 0.0245 0.0067, -0.0787 0.0248 0.0067, -0.0744 0.0245 0.0067, -0.0702 0.0233 0.0067, -0.0663 0.0215 0.0067, -0.0628 0.019 0.0067, -0.0597 0.016 0.0067, -0.0572 0.0124 0.0067, -0.0554 0.0085 0.0067, -0.0543 0.0043 0.0067, -0.0539 0.0 0.0067, -0.0543 -0.0043 0.0067, -0.0554 -0.0085 0.0067, -0.0572 -0.0124 0.0067, -0.0597 -0.016 0.0067, -0.0628 -0.019 0.0067, -0.0663 -0.0215 0.0067, -0.0702 -0.0233 0.0067, -0.0744 -0.0245 0.0067, -0.0787 -0.0248 0.0067, -0.0843 -0.0314 0.0117, -0.0896 -0.03 0.0117, -0.0947 -0.0276 0.0117, -0.0992 -0.0244 0.0117, -0.1032 -0.0205 0.0117, -0.1064 -0.0159 0.0117, -0.1087 -0.0109 0.0117, -0.1102 -0.0055 0.0117, -0.1106 0.0 0.0117, -0.1102 0.0055 0.0117, -0.1087 0.0109 0.0117, -0.1064 0.0159 0.0117, -0.1032 0.0205 0.0117, -0.0992 0.0244 0.0117, -0.0947 0.0276 0.0117, -0.0896 0.03 0.0117, -0.0843 0.0314 0.0117, -0.0787 0.0319 0.0117, -0.0732 0.0314 0.0117, -0.0678 0.03 0.0117, -0.0628 0.0276 0.0117, -0.0582 0.0244 0.0117, -0.0543 0.0205 0.0117, -0.0511 0.0159 0.0117, -0.0488 0.0109 0.0117, -0.0473 0.0055 0.0117, -0.0468 0.0 0.0117, -0.0473 -0.0055 0.0117, -0.0488 -0.0109 0.0117, -0.0511 -0.0159 0.0117, -0.0543 -0.0205 0.0117, -0.0582 -0.0244 0.0117, -0.0628 -0.0276 0.0117, -0.0678 -0.03 0.0117, -0.0732 -0.0314 0.0117, -0.0787 -0.0319 0.0117, -0.0853 -0.0374 0.0179, -0.0917 -0.0357 0.0179, -0.0977 -0.0329 0.0179, -0.1031 -0.0291 0.0179, -0.1078 -0.0244 0.0179, -0.1116 -0.019 0.0179, -0.1144 -0.013 0.0179, -0.1161 -0.0066 0.0179, -0.1167 0.0 0.0179, -0.1161 0.0066 0.0179, -0.1144 0.013 0.0179, -0.1116 0.019 0.0179, -0.1078 0.0244 0.0179, -0.1031 0.0291 0.0179, -0.0977 0.0329 0.0179, -0.0917 0.0357 0.0179, -0.0853 0.0374 0.0179, -0.0787 0.038 0.0179, -0.0721 0.0374 0.0179, -0.0658 0.0357 0.0179, -0.0598 0.0329 0.0179, -0.0543 0.0291 0.0179, -0.0497 0.0244 0.0179, -0.0459 0.019 0.0179, -0.0431 0.013 0.0179, -0.0413 0.0066 0.0179, -0.0408 0.0 0.0179, -0.0413 -0.0066 0.0179, -0.0431 -0.013 0.0179, -0.0459 -0.019 0.0179, -0.0497 -0.0244 0.0179, -0.0543 -0.0291 0.0179, -0.0598 -0.0329 0.0179, -0.0658 -0.0357 0.0179, -0.0721 -0.0374 0.0179, -0.0787 -0.038 0.0179, -0.0862 -0.0422 0.0251, -0.0934 -0.0403 0.0251, -0.1002 -0.0371 0.0251, -0.1063 -0.0328 0.0251, -0.1116 -0.0276 0.0251, -0.1159 -0.0214 0.0251, -0.119 -0.0147 0.0251, -0.121 -0.0074 0.0251, -0.1216 0.0 0.0251, -0.121 0.0074 0.0251, -0.119 0.0147 0.0251, -0.1159 0.0214 0.0251, -0.1116 0.0276 0.0251, -0.1063 0.0328 0.0251, -0.1002 0.0371 0.0251, -0.0934 0.0403 0.0251, -0.0862 0.0422 0.0251, -0.0787 0.0429 0.0251, -0.0713 0.0422 0.0251, -0.0641 0.0403 0.0251, -0.0573 0.0371 0.0251, -0.0512 0.0328 0.0251, -0.0459 0.0276 0.0251, -0.0416 0.0214 0.0251, -0.0385 0.0147 0.0251, -0.0365 0.0074 0.0251, -0.0359 0.0 0.0251, -0.0365 -0.0074 0.0251, -0.0385 -0.0147 0.0251, -0.0416 -0.0214 0.0251, -0.0459 -0.0276 0.0251, -0.0512 -0.0328 0.0251, -0.0573 -0.0371 0.0251, -0.0641 -0.0403 0.0251, -0.0713 -0.0422 0.0251, -0.0787 -0.0429 0.0251, -0.0868 -0.0457 0.0329, -0.0946 -0.0436 0.0329, -0.102 -0.0402 0.0329, -0.1086 -0.0356 0.0329, -0.1143 -0.0299 0.0329, -0.119 -0.0232 0.0329, -0.1224 -0.0159 0.0329, -0.1245 -0.0081 0.0329, -0.1252 0.0 0.0329, -0.1245 0.0081 0.0329, -0.1224 0.0159 0.0329, -0.119 0.0232 0.0329, -0.1143 0.0299 0.0329, -0.1086 0.0356 0.0329, -0.102 0.0402 0.0329, -0.0946 0.0436 0.0329, -0.0868 0.0457 0.0329, -0.0787 0.0464 0.0329, -0.0707 0.0457 0.0329, -0.0629 0.0436 0.0329, -0.0555 0.0402 0.0329, -0.0489 0.0356 0.0329, -0.0432 0.0299 0.0329, -0.0385 0.0232 0.0329, -0.0351 0.0159 0.0329, -0.033 0.0081 0.0329, -0.0323 0.0 0.0329, -0.033 -0.0081 0.0329, -0.0351 -0.0159 0.0329, -0.0385 -0.0232 0.0329, -0.0432 -0.0299 0.0329, -0.0489 -0.0356 0.0329, -0.0555 -0.0402 0.0329, -0.0629 -0.0436 0.0329, -0.0707 -0.0457 0.0329, -0.0787 -0.0464 0.0329, -0.0872 -0.0478 0.0413, -0.0954 -0.0456 0.0413, -0.103 -0.0421 0.0413, -0.11 -0.0372 0.0413, -0.116 -0.0312 0.0413, -0.1208 -0.0243 0.0413, -0.1244 -0.0166 0.0413, -0.1266 -0.0084 0.0413, -0.1273 0.0 0.0413, -0.1266 0.0084 0.0413, -0.1244 0.0166 0.0413, -0.1208 0.0243 0.0413, -0.116 0.0312 0.0413, -0.11 0.0372 0.0413, -0.103 0.0421 0.0413, -0.0954 0.0456 0.0413, -0.0872 0.0478 0.0413, -0.0787 0.0486 0.0413, -0.0703 0.0478 0.0413, -0.0621 0.0456 0.0413, -0.0545 0.0421 0.0413, -0.0475 0.0372 0.0413, -0.0415 0.0312 0.0413, -0.0367 0.0243 0.0413, -0.0331 0.0166 0.0413, -0.0309 0.0084 0.0413, -0.0302 0.0 0.0413, -0.0309 -0.0084 0.0413, -0.0331 -0.0166 0.0413, -0.0367 -0.0243 0.0413, -0.0415 -0.0312 0.0413, -0.0475 -0.0372 0.0413, -0.0545 -0.0421 0.0413, -0.0621 -0.0456 0.0413, -0.0703 -0.0478 0.0413, -0.0787 -0.0486 0.0413, -0.0873 -0.0485 0.05, -0.0956 -0.0462 0.05, -0.1033 -0.0426 0.05, -0.1104 -0.0377 0.05, -0.1164 -0.0316 0.05, -0.1214 -0.0246 0.05, -0.125 -0.0168 0.05, -0.1272 -0.0085 0.05, -0.1279 0.0 0.05, -0.1272 0.0085 0.05, -0.125 0.0168 0.05, -0.1214 0.0246 0.05, -0.1164 0.0316 0.05, -0.1104 0.0377 0.05, -0.1033 0.0426 0.05, -0.0956 0.0462 0.05, -0.0873 0.0485 0.05, -0.0787 0.0492 0.05, -0.0702 0.0485 0.05, -0.0619 0.0462 0.05, -0.0541 0.0426 0.05, -0.0471 0.0377 0.05, -0.041 0.0316 0.05, -0.0361 0.0246 0.05, -0.0325 0.0168 0.05, -0.0303 0.0085 0.05, -0.0295 0.0 0.05, -0.0303 -0.0085 0.05, -0.0325 -0.0168 0.05, -0.0361 -0.0246 0.05, -0.041 -0.0316 0.05, -0.0471 -0.0377 0.05, -0.0541 -0.0426 0.05, -0.0619 -0.0462 0.05, -0.0702 -0.0485 0.05, -0.0787 -0.0492 0.05, -0.0871 -0.0476 0.0586, -0.0953 -0.0454 0.0586, -0.1029 -0.0418 0.0586, -0.1098 -0.037 0.0586, -0.1157 -0.0311 0.0586, -0.1206 -0.0242 0.0586, -0.1241 -0.0165 0.0586, -0.1263 -0.0084 0.0586, -0.127 0.0 0.0586, -0.1263 0.0084 0.0586, -0.1241 0.0165 0.0586, -0.1206 0.0242 0.0586, -0.1157 0.0311 0.0586, -0.1098 0.037 0.0586, -0.1029 0.0418 0.0586, -0.0953 0.0454 0.0586, -0.0871 0.0476 0.0586, -0.0787 0.0483 0.0586, -0.0704 0.0476 0.0586, -0.0622 0.0454 0.0586, -0.0546 0.0418 0.0586, -0.0477 0.037 0.0586, -0.0417 0.0311 0.0586, -0.0369 0.0242 0.0586, -0.0333 0.0165 0.0586, -0.0312 0.0084 0.0586, -0.0304 0.0 0.0586, -0.0312 -0.0084 0.0586, -0.0333 -0.0165 0.0586, -0.0369 -0.0242 0.0586, -0.0417 -0.0311 0.0586, -0.0477 -0.037 0.0586, -0.0546 -0.0418 0.0586, -0.0622 -0.0454 0.0586, -0.0704 -0.0476 0.0586, -0.0787 -0.0483 0.0586, -0.0867 -0.0452 0.0669, -0.0944 -0.0431 0.0669, -0.1017 -0.0398 0.0669, -0.1083 -0.0352 0.0669, -0.1139 -0.0295 0.0669, -0.1185 -0.023 0.0669, -0.1219 -0.0157 0.0669, -0.124 -0.008 0.0669, -0.1247 0.0 0.0669, -0.124 0.008 0.0669, -0.1219 0.0157 0.0669, -0.1185 0.023 0.0669, -0.1139 0.0295 0.0669, -0.1083 0.0352 0.0669, -0.1017 0.0398 0.0669, -0.0944 0.0431 0.0669, -0.0867 0.0452 0.0669, -0.0787 0.0459 0.0669, -0.0708 0.0452 0.0669, -0.063 0.0431 0.0669, -0.0558 0.0398 0.0669, -0.0492 0.0352 0.0669, -0.0436 0.0295 0.0669, -0.039 0.023 0.0669, -0.0356 0.0157 0.0669, -0.0335 0.008 0.0669, -0.0328 0.0 0.0669, -0.0335 -0.008 0.0669, -0.0356 -0.0157 0.0669, -0.039 -0.023 0.0669, -0.0436 -0.0295 0.0669, -0.0492 -0.0352 0.0669, -0.0558 -0.0398 0.0669, -0.063 -0.0431 0.0669, -0.0708 -0.0452 0.0669, -0.0787 -0.0459 0.0669, -0.0787 -0.1575 0.0, -0.0802 -0.166 0.0008, -0.0817 -0.1656 0.0008, -0.0787 -0.1661 0.0008, -0.0843 -0.1641 0.0008, -0.0854 -0.163 0.0008, -0.0831 -0.165 0.0008, -0.0868 -0.1604 0.0008, -0.0872 -0.159 0.0008, -0.0862 -0.1618 0.0008, -0.0872 -0.156 0.0008, -0.0868 -0.1545 0.0008, -0.0874 -0.1575 0.0008, -0.0854 -0.1519 0.0008, -0.0843 -0.1509 0.0008, -0.0862 -0.1532 0.0008, -0.0817 -0.1494 0.0008, -0.0802 -0.149 0.0008, -0.0831 -0.15 0.0008, -0.0772 -0.149 0.0008, -0.0758 -0.1494 0.0008, -0.0787 -0.1489 0.0008, -0.0732 -0.1509 0.0008, -0.0721 -0.1519 0.0008, -0.0744 -0.15 0.0008, -0.0706 -0.1545 0.0008, -0.0702 -0.156 0.0008, -0.0713 -0.1532 0.0008, -0.0702 -0.159 0.0008, -0.0706 -0.1604 0.0008, -0.0701 -0.1575 0.0008, -0.0721 -0.163 0.0008, -0.0732 -0.1641 0.0008, -0.0713 -0.1618 0.0008, -0.0758 -0.1656 0.0008, -0.0772 -0.166 0.0008, -0.0744 -0.165 0.0008, -0.0817 -0.1742 0.003, -0.0846 -0.1734 0.003, -0.0872 -0.1722 0.003, -0.0897 -0.1705 0.003, -0.0918 -0.1684 0.003, -0.0935 -0.166 0.003, -0.0947 -0.1633 0.003, -0.0955 -0.1604 0.003, -0.0957 -0.1575 0.003, -0.0955 -0.1545 0.003, -0.0947 -0.1517 0.003, -0.0935 -0.149 0.003, -0.0918 -0.1466 0.003, -0.0897 -0.1445 0.003, -0.0872 -0.1428 0.003, -0.0846 -0.1415 0.003, -0.0817 -0.1407 0.003, -0.0787 -0.1405 0.003, -0.0758 -0.1407 0.003, -0.0729 -0.1415 0.003, -0.0702 -0.1428 0.003, -0.0678 -0.1445 0.003, -0.0657 -0.1466 0.003, -0.064 -0.149 0.003, -0.0628 -0.1517 0.003, -0.062 -0.1545 0.003, -0.0617 -0.1575 0.003, -0.062 -0.1604 0.003, -0.0628 -0.1633 0.003, -0.064 -0.166 0.003, -0.0657 -0.1684 0.003, -0.0678 -0.1705 0.003, -0.0702 -0.1722 0.003, -0.0729 -0.1734 0.003, -0.0758 -0.1742 0.003, -0.0787 -0.1745 0.003, -0.0831 -0.1819 0.0067, -0.0872 -0.1808 0.0067, -0.0912 -0.179 0.0067, -0.0947 -0.1765 0.0067, -0.0978 -0.1734 0.0067, -0.1002 -0.1699 0.0067, -0.1021 -0.166 0.0067, -0.1032 -0.1618 0.0067, -0.1036 -0.1575 0.0067, -0.1032 -0.1532 0.0067, -0.1021 -0.149 0.0067, -0.1002 -0.1451 0.0067, -0.0978 -0.1415 0.0067, -0.0947 -0.1385 0.0067, -0.0912 -0.136 0.0067, -0.0872 -0.1341 0.0067, -0.0831 -0.133 0.0067, -0.0787 -0.1327 0.0067, -0.0744 -0.133 0.0067, -0.0702 -0.1341 0.0067, -0.0663 -0.136 0.0067, -0.0628 -0.1385 0.0067, -0.0597 -0.1415 0.0067, -0.0572 -0.1451 0.0067, -0.0554 -0.149 0.0067, -0.0543 -0.1532 0.0067, -0.0539 -0.1575 0.0067, -0.0543 -0.1618 0.0067, -0.0554 -0.166 0.0067, -0.0572 -0.1699 0.0067, -0.0597 -0.1734 0.0067, -0.0628 -0.1765 0.0067, -0.0663 -0.179 0.0067, -0.0702 -0.1808 0.0067, -0.0744 -0.1819 0.0067, -0.0787 -0.1823 0.0067, -0.0843 -0.1889 0.0117, -0.0896 -0.1875 0.0117, -0.0947 -0.1851 0.0117, -0.0992 -0.1819 0.0117, -0.1032 -0.178 0.0117, -0.1064 -0.1734 0.0117, -0.1087 -0.1684 0.0117, -0.1102 -0.163 0.0117, -0.1106 -0.1575 0.0117, -0.1102 -0.1519 0.0117, -0.1087 -0.1466 0.0117, -0.1064 -0.1415 0.0117, -0.1032 -0.137 0.0117, -0.0992 -0.133 0.0117, -0.0947 -0.1299 0.0117, -0.0896 -0.1275 0.0117, -0.0843 -0.1261 0.0117, -0.0787 -0.1256 0.0117, -0.0732 -0.1261 0.0117, -0.0678 -0.1275 0.0117, -0.0628 -0.1299 0.0117, -0.0582 -0.133 0.0117, -0.0543 -0.137 0.0117, -0.0511 -0.1415 0.0117, -0.0488 -0.1466 0.0117, -0.0473 -0.1519 0.0117, -0.0468 -0.1575 0.0117, -0.0473 -0.163 0.0117, -0.0488 -0.1684 0.0117, -0.0511 -0.1734 0.0117, -0.0543 -0.178 0.0117, -0.0582 -0.1819 0.0117, -0.0628 -0.1851 0.0117, -0.0678 -0.1875 0.0117, -0.0732 -0.1889 0.0117, -0.0787 -0.1894 0.0117, -0.0853 -0.1949 0.0179, -0.0917 -0.1932 0.0179, -0.0977 -0.1904 0.0179, -0.1031 -0.1866 0.0179, -0.1078 -0.1819 0.0179, -0.1116 -0.1765 0.0179, -0.1144 -0.1705 0.0179, -0.1161 -0.1641 0.0179, -0.1167 -0.1575 0.0179, -0.1161 -0.1509 0.0179, -0.1144 -0.1445 0.0179, -0.1116 -0.1385 0.0179, -0.1078 -0.1331 0.0179, -0.1031 -0.1284 0.0179, -0.0977 -0.1246 0.0179, -0.0917 -0.1218 0.0179, -0.0853 -0.1201 0.0179, -0.0787 -0.1195 0.0179, -0.0721 -0.1201 0.0179, -0.0658 -0.1218 0.0179, -0.0598 -0.1246 0.0179, -0.0543 -0.1284 0.0179, -0.0497 -0.1331 0.0179, -0.0459 -0.1385 0.0179, -0.0431 -0.1445 0.0179, -0.0413 -0.1509 0.0179, -0.0408 -0.1575 0.0179, -0.0413 -0.1641 0.0179, -0.0431 -0.1705 0.0179, -0.0459 -0.1765 0.0179, -0.0497 -0.1819 0.0179, -0.0543 -0.1866 0.0179, -0.0598 -0.1904 0.0179, -0.0658 -0.1932 0.0179, -0.0721 -0.1949 0.0179, -0.0787 -0.1955 0.0179, -0.0862 -0.1997 0.0251, -0.0934 -0.1978 0.0251, -0.1002 -0.1946 0.0251, -0.1063 -0.1903 0.0251, -0.1116 -0.185 0.0251, -0.1159 -0.1789 0.0251, -0.119 -0.1721 0.0251, -0.121 -0.1649 0.0251, -0.1216 -0.1575 0.0251, -0.121 -0.15 0.0251, -0.119 -0.1428 0.0251, -0.1159 -0.136 0.0251, -0.1116 -0.1299 0.0251, -0.1063 -0.1246 0.0251, -0.1002 -0.1203 0.0251, -0.0934 -0.1172 0.0251, -0.0862 -0.1153 0.0251, -0.0787 -0.1146 0.0251, -0.0713 -0.1153 0.0251, -0.0641 -0.1172 0.0251, -0.0573 -0.1203 0.0251, -0.0512 -0.1246 0.0251, -0.0459 -0.1299 0.0251, -0.0416 -0.136 0.0251, -0.0385 -0.1428 0.0251, -0.0365 -0.15 0.0251, -0.0359 -0.1575 0.0251, -0.0365 -0.1649 0.0251, -0.0385 -0.1721 0.0251, -0.0416 -0.1789 0.0251, -0.0459 -0.185 0.0251, -0.0512 -0.1903 0.0251, -0.0573 -0.1946 0.0251, -0.0641 -0.1978 0.0251, -0.0713 -0.1997 0.0251, -0.0787 -0.2004 0.0251, -0.0868 -0.2032 0.0329, -0.0946 -0.2011 0.0329, -0.102 -0.1977 0.0329, -0.1086 -0.1931 0.0329, -0.1143 -0.1873 0.0329, -0.119 -0.1807 0.0329, -0.1224 -0.1734 0.0329, -0.1245 -0.1655 0.0329, -0.1252 -0.1575 0.0329, -0.1245 -0.1494 0.0329, -0.1224 -0.1416 0.0329, -0.119 -0.1343 0.0329, -0.1143 -0.1276 0.0329, -0.1086 -0.1219 0.0329, -0.102 -0.1173 0.0329, -0.0946 -0.1138 0.0329, -0.0868 -0.1117 0.0329, -0.0787 -0.111 0.0329, -0.0707 -0.1117 0.0329, -0.0629 -0.1138 0.0329, -0.0555 -0.1173 0.0329, -0.0489 -0.1219 0.0329, -0.0432 -0.1276 0.0329, -0.0385 -0.1343 0.0329, -0.0351 -0.1416 0.0329, -0.033 -0.1494 0.0329, -0.0323 -0.1575 0.0329, -0.033 -0.1655 0.0329, -0.0351 -0.1734 0.0329, -0.0385 -0.1807 0.0329, -0.0432 -0.1873 0.0329, -0.0489 -0.1931 0.0329, -0.0555 -0.1977 0.0329, -0.0629 -0.2011 0.0329, -0.0707 -0.2032 0.0329, -0.0787 -0.2039 0.0329, -0.0872 -0.2053 0.0413, -0.0954 -0.2031 0.0413, -0.103 -0.1996 0.0413, -0.11 -0.1947 0.0413, -0.116 -0.1887 0.0413, -0.1208 -0.1818 0.0413, -0.1244 -0.1741 0.0413, -0.1266 -0.1659 0.0413, -0.1273 -0.1575 0.0413, -0.1266 -0.149 0.0413, -0.1244 -0.1409 0.0413, -0.1208 -0.1332 0.0413, -0.116 -0.1263 0.0413, -0.11 -0.1203 0.0413, -0.103 -0.1154 0.0413, -0.0954 -0.1118 0.0413, -0.0872 -0.1096 0.0413, -0.0787 -0.1089 0.0413, -0.0703 -0.1096 0.0413, -0.0621 -0.1118 0.0413, -0.0545 -0.1154 0.0413, -0.0475 -0.1203 0.0413, -0.0415 -0.1263 0.0413, -0.0367 -0.1332 0.0413, -0.0331 -0.1409 0.0413, -0.0309 -0.149 0.0413, -0.0302 -0.1575 0.0413, -0.0309 -0.1659 0.0413, -0.0331 -0.1741 0.0413, -0.0367 -0.1818 0.0413, -0.0415 -0.1887 0.0413, -0.0475 -0.1947 0.0413, -0.0545 -0.1996 0.0413, -0.0621 -0.2031 0.0413, -0.0703 -0.2053 0.0413, -0.0787 -0.2061 0.0413, -0.0873 -0.2059 0.05, -0.0956 -0.2037 0.05, -0.1033 -0.2001 0.05, -0.1104 -0.1952 0.05, -0.1164 -0.1891 0.05, -0.1214 -0.1821 0.05, -0.125 -0.1743 0.05, -0.1272 -0.166 0.05, -0.1279 -0.1575 0.05, -0.1272 -0.1489 0.05, -0.125 -0.1407 0.05, -0.1214 -0.1329 0.05, -0.1164 -0.1259 0.05, -0.1104 -0.1198 0.05, -0.1033 -0.1149 0.05, -0.0956 -0.1112 0.05, -0.0873 -0.109 0.05, -0.0787 -0.1083 0.05, -0.0702 -0.109 0.05, -0.0619 -0.1112 0.05, -0.0541 -0.1149 0.05, -0.0471 -0.1198 0.05, -0.041 -0.1259 0.05, -0.0361 -0.1329 0.05, -0.0325 -0.1407 0.05, -0.0303 -0.1489 0.05, -0.0295 -0.1575 0.05, -0.0303 -0.166 0.05, -0.0325 -0.1743 0.05, -0.0361 -0.1821 0.05, -0.041 -0.1891 0.05, -0.0471 -0.1952 0.05, -0.0541 -0.2001 0.05, -0.0619 -0.2037 0.05, -0.0702 -0.2059 0.05, -0.0787 -0.2067 0.05, -0.0871 -0.2051 0.0586, -0.0953 -0.2029 0.0586, -0.1029 -0.1993 0.0586, -0.1098 -0.1945 0.0586, -0.1157 -0.1885 0.0586, -0.1206 -0.1816 0.0586, -0.1241 -0.174 0.0586, -0.1263 -0.1659 0.0586, -0.127 -0.1575 0.0586, -0.1263 -0.1491 0.0586, -0.1241 -0.141 0.0586, -0.1206 -0.1333 0.0586, -0.1157 -0.1264 0.0586, -0.1098 -0.1205 0.0586, -0.1029 -0.1156 0.0586, -0.0953 -0.1121 0.0586, -0.0871 -0.1099 0.0586, -0.0787 -0.1092 0.0586, -0.0704 -0.1099 0.0586, -0.0622 -0.1121 0.0586, -0.0546 -0.1156 0.0586, -0.0477 -0.1205 0.0586, -0.0417 -0.1264 0.0586, -0.0369 -0.1333 0.0586, -0.0333 -0.141 0.0586, -0.0312 -0.1491 0.0586, -0.0304 -0.1575 0.0586, -0.0312 -0.1659 0.0586, -0.0333 -0.174 0.0586, -0.0369 -0.1816 0.0586, -0.0417 -0.1885 0.0586, -0.0477 -0.1945 0.0586, -0.0546 -0.1993 0.0586, -0.0622 -0.2029 0.0586, -0.0704 -0.2051 0.0586, -0.0787 -0.2058 0.0586, -0.0867 -0.2027 0.0669, -0.0944 -0.2006 0.0669, -0.1017 -0.1972 0.0669, -0.1083 -0.1927 0.0669, -0.1139 -0.187 0.0669, -0.1185 -0.1804 0.0669, -0.1219 -0.1732 0.0669, -0.124 -0.1655 0.0669, -0.1247 -0.1575 0.0669, -0.124 -0.1495 0.0669, -0.1219 -0.1418 0.0669, -0.1185 -0.1345 0.0669, -0.1139 -0.128 0.0669, -0.1083 -0.1223 0.0669, -0.1017 -0.1177 0.0669, -0.0944 -0.1143 0.0669, -0.0867 -0.1123 0.0669, -0.0787 -0.1116 0.0669, -0.0708 -0.1123 0.0669, -0.063 -0.1143 0.0669, -0.0558 -0.1177 0.0669, -0.0492 -0.1223 0.0669, -0.0436 -0.128 0.0669, -0.039 -0.1345 0.0669, -0.0356 -0.1418 0.0669, -0.0335 -0.1495 0.0669, -0.0328 -0.1575 0.0669, -0.0335 -0.1655 0.0669, -0.0356 -0.1732 0.0669, -0.039 -0.1804 0.0669, -0.0436 -0.187 0.0669, -0.0492 -0.1927 0.0669, -0.0558 -0.1972 0.0669, -0.063 -0.2006 0.0669, -0.0708 -0.2027 0.0669, -0.0787 -0.2034 0.0669
            ]
        }
        coordIndex [
            0,1,2,-1,3,1,0,-1,0,4,5,-1,6,4,0,-1,2,6,0,-1,0,7,8,-1,9,7,0,-1,5,9,0,-1,0,10,11,-1,12,10,0,-1,8,12,0,-1,0,13,14,-1,15,13,0,-1,11,15,0,-1,0,16,17,-1,18,16,0,-1,14,18,0,-1,0,19,20,-1,21,19,0,-1,17,21,0,-1,0,22,23,-1,24,22,0,-1,20,24,0,-1,0,25,26,-1,27,25,0,-1,23,27,0,-1,0,28,29,-1,30,28,0,-1,26,30,0,-1,0,31,32,-1,33,31,0,-1,29,33,0,-1,0,34,35,-1,36,34,0,-1,32,36,0,-1,35,3,0,-1,3,37,1,-1,1,37,38,-1,1,38,2,-1,2,38,39,-1,2,39,6,-1,6,39,40,-1,6,40,4,-1,4,40,41,-1,4,41,5,-1,5,41,42,-1,5,42,9,-1,9,42,43,-1,9,43,7,-1,7,43,44,-1,7,44,8,-1,8,44,45,-1,8,45,12,-1,12,45,46,-1,12,46,10,-1,10,46,47,-1,10,47,11,-1,11,47,48,-1,11,48,15,-1,15,48,49,-1,15,49,13,-1,13,49,50,-1,13,50,14,-1,14,50,51,-1,14,51,18,-1,18,51,52,-1,18,52,16,-1,16,52,53,-1,16,53,17,-1,17,53,54,-1,17,54,21,-1,21,54,55,-1,21,55,19,-1,19,55,56,-1,19,56,20,-1,20,56,57,-1,20,57,24,-1,24,57,58,-1,24,58,22,-1,22,58,59,-1,22,59,23,-1,23,59,60,-1,23,60,27,-1,27,60,61,-1,27,61,25,-1,25,61,62,-1,25,62,26,-1,26,62,63,-1,26,63,30,-1,30,63,64,-1,30,64,28,-1,28,64,65,-1,28,65,29,-1,29,65,66,-1,29,66,33,-1,33,66,67,-1,33,67,31,-1,31,67,68,-1,31,68,32,-1,32,68,69,-1,32,69,36,-1,36,69,70,-1,36,70,34,-1,34,70,71,-1,34,71,35,-1,35,71,72,-1,35,72,3,-1,3,72,37,-1,72,73,37,-1,37,73,74,-1,37,74,38,-1,38,74,75,-1,38,75,39,-1,39,75,76,-1,39,76,40,-1,40,76,77,-1,40,77,41,-1,41,77,78,-1,41,78,42,-1,42,78,79,-1,42,79,43,-1,43,79,80,-1,43,80,44,-1,44,80,81,-1,44,81,45,-1,45,81,82,-1,45,82,46,-1,46,82,83,-1,46,83,47,-1,47,83,84,-1,47,84,48,-1,48,84,85,-1,48,85,49,-1,49,85,86,-1,49,86,50,-1,50,86,87,-1,50,87,51,-1,51,87,88,-1,51,88,52,-1,52,88,89,-1,52,89,53,-1,53,89,90,-1,53,90,54,-1,54,90,91,-1,54,91,55,-1,55,91,92,-1,55,92,56,-1,56,92,93,-1,56,93,57,-1,57,93,94,-1,57,94,58,-1,58,94,95,-1,58,95,59,-1,59,95,96,-1,59,96,60,-1,60,96,97,-1,60,97,61,-1,61,97,98,-1,61,98,62,-1,62,98,99,-1,62,99,63,-1,63,99,100,-1,63,100,64,-1,64,100,101,-1,64,101,65,-1,65,101,102,-1,65,102,66,-1,66,102,103,-1,66,103,67,-1,67,103,104,-1,67,104,68,-1,68,104,105,-1,68,105,69,-1,69,105,106,-1,69,106,70,-1,70,106,107,-1,70,107,71,-1,71,107,108,-1,71,108,72,-1,72,108,73,-1,108,109,73,-1,73,109,110,-1,73,110,74,-1,74,110,111,-1,74,111,75,-1,75,111,112,-1,75,112,76,-1,76,112,113,-1,76,113,77,-1,77,113,114,-1,77,114,78,-1,78,114,115,-1,78,115,79,-1,79,115,116,-1,79,116,80,-1,80,116,117,-1,80,117,81,-1,81,117,118,-1,81,118,82,-1,82,118,119,-1,82,119,83,-1,83,119,120,-1,83,120,84,-1,84,120,121,-1,84,121,85,-1,85,121,122,-1,85,122,86,-1,86,122,123,-1,86,123,87,-1,87,123,124,-1,87,124,88,-1,88,124,125,-1,88,125,89,-1,89,125,126,-1,89,126,90,-1,90,126,127,-1,90,127,91,-1,91,127,128,-1,91,128,92,-1,92,128,129,-1,92,129,93,-1,93,129,130,-1,93,130,94,-1,94,130,131,-1,94,131,95,-1,95,131,132,-1,95,132,96,-1,96,132,133,-1,96,133,97,-1,97,133,134,-1,97,134,98,-1,98,134,135,-1,98,135,99,-1,99,135,136,-1,99,136,100,-1,100,136,137,-1,100,137,101,-1,101,137,138,-1,101,138,102,-1,102,138,139,-1,102,139,103,-1,103,139,140,-1,103,140,104,-1,104,140,141,-1,104,141,105,-1,105,141,142,-1,105,142,106,-1,106,142,143,-1,106,143,107,-1,107,143,144,-1,107,144,108,-1,108,144,109,-1,144,145,109,-1,109,145,146,-1,109,146,110,-1,110,146,147,-1,110,147,111,-1,111,147,148,-1,111,148,112,-1,112,148,149,-1,112,149,113,-1,113,149,150,-1,113,150,114,-1,114,150,151,-1,114,151,115,-1,115,151,152,-1,115,152,116,-1,116,152,153,-1,116,153,117,-1,117,153,154,-1,117,154,118,-1,118,154,155,-1,118,155,119,-1,119,155,156,-1,119,156,120,-1,120,156,157,-1,120,157,121,-1,121,157,158,-1,121,158,122,-1,122,158,159,-1,122,159,123,-1,123,159,160,-1,123,160,124,-1,124,160,161,-1,124,161,125,-1,125,161,162,-1,125,162,126,-1,126,162,163,-1,126,163,127,-1,127,163,164,-1,127,164,128,-1,128,164,165,-1,128,165,129,-1,129,165,166,-1,129,166,130,-1,130,166,167,-1,130,167,131,-1,131,167,168,-1,131,168,132,-1,132,168,169,-1,132,169,133,-1,133,169,170,-1,133,170,134,-1,134,170,171,-1,134,171,135,-1,135,171,172,-1,135,172,136,-1,136,172,173,-1,136,173,137,-1,137,173,174,-1,137,174,138,-1,138,174,175,-1,138,175,139,-1,139,175,176,-1,139,176,140,-1,140,176,177,-1,140,177,141,-1,141,177,178,-1,141,178,142,-1,142,178,179,-1,142,179,143,-1,143,179,180,-1,143,180,144,-1,144,180,145,-1,180,181,145,-1,145,181,182,-1,145,182,146,-1,146,182,183,-1,146,183,147,-1,147,183,184,-1,147,184,148,-1,148,184,185,-1,148,185,149,-1,149,185,186,-1,149,186,150,-1,150,186,187,-1,150,187,151,-1,151,187,188,-1,151,188,152,-1,152,188,189,-1,152,189,153,-1,153,189,190,-1,153,190,154,-1,154,190,191,-1,154,191,155,-1,155,191,192,-1,155,192,156,-1,156,192,193,-1,156,193,157,-1,157,193,194,-1,157,194,158,-1,158,194,195,-1,158,195,159,-1,159,195,196,-1,159,196,160,-1,160,196,197,-1,160,197,161,-1,161,197,198,-1,161,198,162,-1,162,198,199,-1,162,199,163,-1,163,199,200,-1,163,200,164,-1,164,200,201,-1,164,201,165,-1,165,201,202,-1,165,202,166,-1,166,202,203,-1,166,203,167,-1,167,203,204,-1,167,204,168,-1,168,204,205,-1,168,205,169,-1,169,205,206,-1,169,206,170,-1,170,206,207,-1,170,207,171,-1,171,207,208,-1,171,208,172,-1,172,208,209,-1,172,209,173,-1,173,209,210,-1,173,210,174,-1,174,210,211,-1,174,211,175,-1,175,211,212,-1,175,212,176,-1,176,212,213,-1,176,213,177,-1,177,213,214,-1,177,214,178,-1,178,214,215,-1,178,215,179,-1,179,215,216,-1,179,216,180,-1,180,216,181,-1,216,217,181,-1,181,217,218,-1,181,218,182,-1,182,218,219,-1,182,219,183,-1,183,219,220,-1,183,220,184,-1,184,220,221,-1,184,221,185,-1,185,221,222,-1,185,222,186,-1,186,222,223,-1,186,223,187,-1,187,223,224,-1,187,224,188,-1,188,224,225,-1,188,225,189,-1,189,225,226,-1,189,226,190,-1,190,226,227,-1,190,227,191,-1,191,227,228,-1,191,228,192,-1,192,228,229,-1,192,229,193,-1,193,229,230,-1,193,230,194,-1,194,230,231,-1,194,231,195,-1,195,231,232,-1,195,232,196,-1,196,232,233,-1,196,233,197,-1,197,233,234,-1,197,234,198,-1,198,234,235,-1,198,235,199,-1,199,235,236,-1,199,236,200,-1,200,236,237,-1,200,237,201,-1,201,237,238,-1,201,238,202,-1,202,238,239,-1,202,239,203,-1,203,239,240,-1,203,240,204,-1,204,240,241,-1,204,241,205,-1,205,241,242,-1,205,242,206,-1,206,242,243,-1,206,243,207,-1,207,243,244,-1,207,244,208,-1,208,244,245,-1,208,245,209,-1,209,245,246,-1,209,246,210,-1,210,246,247,-1,210,247,211,-1,211,247,248,-1,211,248,212,-1,212,248,249,-1,212,249,213,-1,213,249,250,-1,213,250,214,-1,214,250,251,-1,214,251,215,-1,215,251,252,-1,215,252,216,-1,216,252,217,-1,252,253,217,-1,217,253,254,-1,217,254,218,-1,218,254,255,-1,218,255,219,-1,219,255,256,-1,219,256,220,-1,220,256,257,-1,220,257,221,-1,221,257,258,-1,221,258,222,-1,222,258,259,-1,222,259,223,-1,223,259,260,-1,223,260,224,-1,224,260,261,-1,224,261,225,-1,225,261,262,-1,225,262,226,-1,226,262,263,-1,226,263,227,-1,227,263,264,-1,227,264,228,-1,228,264,265,-1,228,265,229,-1,229,265,266,-1,229,266,230,-1,230,266,267,-1,230,267,231,-1,231,267,268,-1,231,268,232,-1,232,268,269,-1,232,269,233,-1,233,269,270,-1,233,270,234,-1,234,270,271,-1,234,271,235,-1,235,271,272,-1,235,272,236,-1,236,272,273,-1,236,273,237,-1,237,273,274,-1,237,274,238,-1,238,274,275,-1,238,275,239,-1,239,275,276,-1,239,276,240,-1,240,276,277,-1,240,277,241,-1,241,277,278,-1,241,278,242,-1,242,278,279,-1,242,279,243,-1,243,279,280,-1,243,280,244,-1,244,280,281,-1,244,281,245,-1,245,281,282,-1,245,282,246,-1,246,282,283,-1,246,283,247,-1,247,283,284,-1,247,284,248,-1,248,284,285,-1,248,285,249,-1,249,285,286,-1,249,286,250,-1,250,286,287,-1,250,287,251,-1,251,287,288,-1,251,288,252,-1,252,288,253,-1,288,289,253,-1,253,289,290,-1,253,290,254,-1,254,290,291,-1,254,291,255,-1,255,291,292,-1,255,292,256,-1,256,292,293,-1,256,293,257,-1,257,293,294,-1,257,294,258,-1,258,294,295,-1,258,295,259,-1,259,295,296,-1,259,296,260,-1,260,296,297,-1,260,297,261,-1,261,297,298,-1,261,298,262,-1,262,298,299,-1,262,299,263,-1,263,299,300,-1,263,300,264,-1,264,300,301,-1,264,301,265,-1,265,301,302,-1,265,302,266,-1,266,302,303,-1,266,303,267,-1,267,303,304,-1,267,304,268,-1,268,304,305,-1,268,305,269,-1,269,305,306,-1,269,306,270,-1,270,306,307,-1,270,307,271,-1,271,307,308,-1,271,308,272,-1,272,308,309,-1,272,309,273,-1,273,309,310,-1,273,310,274,-1,274,310,311,-1,274,311,275,-1,275,311,312,-1,275,312,276,-1,276,312,313,-1,276,313,277,-1,277,313,314,-1,277,314,278,-1,278,314,315,-1,278,315,279,-1,279,315,316,-1,279,316,280,-1,280,316,317,-1,280,317,281,-1,281,317,318,-1,281,318,282,-1,282,318,319,-1,282,319,283,-1,283,319,320,-1,283,320,284,-1,284,320,321,-1,284,321,285,-1,285,321,322,-1,285,322,286,-1,286,322,323,-1,286,323,287,-1,287,323,324,-1,287,324,288,-1,288,324,289,-1,324,325,289,-1,289,325,326,-1,289,326,290,-1,290,326,327,-1,290,327,291,-1,291,327,328,-1,291,328,292,-1,292,328,329,-1,292,329,293,-1,293,329,330,-1,293,330,294,-1,294,330,331,-1,294,331,295,-1,295,331,332,-1,295,332,296,-1,296,332,333,-1,296,333,297,-1,297,333,334,-1,297,334,298,-1,298,334,335,-1,298,335,299,-1,299,335,336,-1,299,336,300,-1,300,336,337,-1,300,337,301,-1,301,337,338,-1,301,338,302,-1,302,338,339,-1,302,339,303,-1,303,339,340,-1,303,340,304,-1,304,340,341,-1,304,341,305,-1,305,341,342,-1,305,342,306,-1,306,342,343,-1,306,343,307,-1,307,343,344,-1,307,344,308,-1,308,344,345,-1,308,345,309,-1,309,345,346,-1,309,346,310,-1,310,346,347,-1,310,347,311,-1,311,347,348,-1,311,348,312,-1,312,348,349,-1,312,349,313,-1,313,349,350,-1,313,350,314,-1,314,350,351,-1,314,351,315,-1,315,351,352,-1,315,352,316,-1,316,352,353,-1,316,353,317,-1,317,353,354,-1,317,354,318,-1,318,354,355,-1,318,355,319,-1,319,355,356,-1,319,356,320,-1,320,356,357,-1,320,357,321,-1,321,357,358,-1,321,358,322,-1,322,358,359,-1,322,359,323,-1,323,359,360,-1,323,360,324,-1,324,360,325,-1,360,361,325,-1,325,361,362,-1,325,362,326,-1,326,362,363,-1,326,363,327,-1,327,363,364,-1,327,364,328,-1,328,364,365,-1,328,365,329,-1,329,365,366,-1,329,366,330,-1,330,366,367,-1,330,367,331,-1,331,367,368,-1,331,368,332,-1,332,368,369,-1,332,369,333,-1,333,369,370,-1,333,370,334,-1,334,370,371,-1,334,371,335,-1,335,371,372,-1,335,372,336,-1,336,372,373,-1,336,373,337,-1,337,373,374,-1,337,374,338,-1,338,374,375,-1,338,375,339,-1,339,375,376,-1,339,376,340,-1,340,376,377,-1,340,377,341,-1,341,377,378,-1,341,378,342,-1,342,378,379,-1,342,379,343,-1,343,379,380,-1,343,380,344,-1,344,380,381,-1,344,381,345,-1,345,381,382,-1,345,382,346,-1,346,382,383,-1,346,383,347,-1,347,383,384,-1,347,384,348,-1,348,384,385,-1,348,385,349,-1,349,385,386,-1,349,386,350,-1,350,386,387,-1,350,387,351,-1,351,387,388,-1,351,388,352,-1,352,388,389,-1,352,389,353,-1,353,389,390,-1,353,390,354,-1,354,390,391,-1,354,391,355,-1,355,391,392,-1,355,392,356,-1,356,392,393,-1,356,393,357,-1,357,393,394,-1,357,394,358,-1,358,394,395,-1,358,395,359,-1,359,395,396,-1,359,396,360,-1,360,396,361,-1,397,398,399,-1,400,398,397,-1,397,401,402,-1,403,401,397,-1,399,403,397,-1,397,404,405,-1,406,404,397,-1,402,406,397,-1,397,407,408,-1,409,407,397,-1,405,409,397,-1,397,410,411,-1,412,410,397,-1,408,412,397,-1,397,413,414,-1,415,413,397,-1,411,415,397,-1,397,416,417,-1,418,416,397,-1,414,418,397,-1,397,419,420,-1,421,419,397,-1,417,421,397,-1,397,422,423,-1,424,422,397,-1,420,424,397,-1,397,425,426,-1,427,425,397,-1,423,427,397,-1,397,428,429,-1,430,428,397,-1,426,430,397,-1,397,431,432,-1,433,431,397,-1,429,433,397,-1,432,400,397,-1,400,434,398,-1,398,434,435,-1,398,435,399,-1,399,435,436,-1,399,436,403,-1,403,436,437,-1,403,437,401,-1,401,437,438,-1,401,438,402,-1,402,438,439,-1,402,439,406,-1,406,439,440,-1,406,440,404,-1,404,440,441,-1,404,441,405,-1,405,441,442,-1,405,442,409,-1,409,442,443,-1,409,443,407,-1,407,443,444,-1,407,444,408,-1,408,444,445,-1,408,445,412,-1,412,445,446,-1,412,446,410,-1,410,446,447,-1,410,447,411,-1,411,447,448,-1,411,448,415,-1,415,448,449,-1,415,449,413,-1,413,449,450,-1,413,450,414,-1,414,450,451,-1,414,451,418,-1,418,451,452,-1,418,452,416,-1,416,452,453,-1,416,453,417,-1,417,453,454,-1,417,454,421,-1,421,454,455,-1,421,455,419,-1,419,455,456,-1,419,456,420,-1,420,456,457,-1,420,457,424,-1,424,457,458,-1,424,458,422,-1,422,458,459,-1,422,459,423,-1,423,459,460,-1,423,460,427,-1,427,460,461,-1,427,461,425,-1,425,461,462,-1,425,462,426,-1,426,462,463,-1,426,463,430,-1,430,463,464,-1,430,464,428,-1,428,464,465,-1,428,465,429,-1,429,465,466,-1,429,466,433,-1,433,466,467,-1,433,467,431,-1,431,467,468,-1,431,468,432,-1,432,468,469,-1,432,469,400,-1,400,469,434,-1,469,470,434,-1,434,470,471,-1,434,471,435,-1,435,471,472,-1,435,472,436,-1,436,472,473,-1,436,473,437,-1,437,473,474,-1,437,474,438,-1,438,474,475,-1,438,475,439,-1,439,475,476,-1,439,476,440,-1,440,476,477,-1,440,477,441,-1,441,477,478,-1,441,478,442,-1,442,478,479,-1,442,479,443,-1,443,479,480,-1,443,480,444,-1,444,480,481,-1,444,481,445,-1,445,481,482,-1,445,482,446,-1,446,482,483,-1,446,483,447,-1,447,483,484,-1,447,484,448,-1,448,484,485,-1,448,485,449,-1,449,485,486,-1,449,486,450,-1,450,486,487,-1,450,487,451,-1,451,487,488,-1,451,488,452,-1,452,488,489,-1,452,489,453,-1,453,489,490,-1,453,490,454,-1,454,490,491,-1,454,491,455,-1,455,491,492,-1,455,492,456,-1,456,492,493,-1,456,493,457,-1,457,493,494,-1,457,494,458,-1,458,494,495,-1,458,495,459,-1,459,495,496,-1,459,496,460,-1,460,496,497,-1,460,497,461,-1,461,497,498,-1,461,498,462,-1,462,498,499,-1,462,499,463,-1,463,499,500,-1,463,500,464,-1,464,500,501,-1,464,501,465,-1,465,501,502,-1,465,502,466,-1,466,502,503,-1,466,503,467,-1,467,503,504,-1,467,504,468,-1,468,504,505,-1,468,505,469,-1,469,505,470,-1,505,506,470,-1,470,506,507,-1,470,507,471,-1,471,507,508,-1,471,508,472,-1,472,508,509,-1,472,509,473,-1,473,509,510,-1,473,510,474,-1,474,510,511,-1,474,511,475,-1,475,511,512,-1,475,512,476,-1,476,512,513,-1,476,513,477,-1,477,513,514,-1,477,514,478,-1,478,514,515,-1,478,515,479,-1,479,515,516,-1,479,516,480,-1,480,516,517,-1,480,517,481,-1,481,517,518,-1,481,518,482,-1,482,518,519,-1,482,519,483,-1,483,519,520,-1,483,520,484,-1,484,520,521,-1,484,521,485,-1,485,521,522,-1,485,522,486,-1,486,522,523,-1,486,523,487,-1,487,523,524,-1,487,524,488,-1,488,524,525,-1,488,525,489,-1,489,525,526,-1,489,526,490,-1,490,526,527,-1,490,527,491,-1,491,527,528,-1,491,528,492,-1,492,528,529,-1,492,529,493,-1,493,529,530,-1,493,530,494,-1,494,530,531,-1,494,531,495,-1,495,531,532,-1,495,532,496,-1,496,532,533,-1,496,533,497,-1,497,533,534,-1,497,534,498,-1,498,534,535,-1,498,535,499,-1,499,535,536,-1,499,536,500,-1,500,536,537,-1,500,537,501,-1,501,537,538,-1,501,538,502,-1,502,538,539,-1,502,539,503,-1,503,539,540,-1,503,540,504,-1,504,540,541,-1,504,541,505,-1,505,541,506,-1,541,542,506,-1,506,542,543,-1,506,543,507,-1,507,543,544,-1,507,544,508,-1,508,544,545,-1,508,545,509,-1,509,545,546,-1,509,546,510,-1,510,546,547,-1,510,547,511,-1,511,547,548,-1,511,548,512,-1,512,548,549,-1,512,549,513,-1,513,549,550,-1,513,550,514,-1,514,550,551,-1,514,551,515,-1,515,551,552,-1,515,552,516,-1,516,552,553,-1,516,553,517,-1,517,553,554,-1,517,554,518,-1,518,554,555,-1,518,555,519,-1,519,555,556,-1,519,556,520,-1,520,556,557,-1,520,557,521,-1,521,557,558,-1,521,558,522,-1,522,558,559,-1,522,559,523,-1,523,559,560,-1,523,560,524,-1,524,560,561,-1,524,561,525,-1,525,561,562,-1,525,562,526,-1,526,562,563,-1,526,563,527,-1,527,563,564,-1,527,564,528,-1,528,564,565,-1,528,565,529,-1,529,565,566,-1,529,566,530,-1,530,566,567,-1,530,567,531,-1,531,567,568,-1,531,568,532,-1,532,568,569,-1,532,569,533,-1,533,569,570,-1,533,570,534,-1,534,570,571,-1,534,571,535,-1,535,571,572,-1,535,572,536,-1,536,572,573,-1,536,573,537,-1,537,573,574,-1,537,574,538,-1,538,574,575,-1,538,575,539,-1,539,575,576,-1,539,576,540,-1,540,576,577,-1,540,577,541,-1,541,577,542,-1,577,578,542,-1,542,578,579,-1,542,579,543,-1,543,579,580,-1,543,580,544,-1,544,580,581,-1,544,581,545,-1,545,581,582,-1,545,582,546,-1,546,582,583,-1,546,583,547,-1,547,583,584,-1,547,584,548,-1,548,584,585,-1,548,585,549,-1,549,585,586,-1,549,586,550,-1,550,586,587,-1,550,587,551,-1,551,587,588,-1,551,588,552,-1,552,588,589,-1,552,589,553,-1,553,589,590,-1,553,590,554,-1,554,590,591,-1,554,591,555,-1,555,591,592,-1,555,592,556,-1,556,592,593,-1,556,593,557,-1,557,593,594,-1,557,594,558,-1,558,594,595,-1,558,595,559,-1,559,595,596,-1,559,596,560,-1,560,596,597,-1,560,597,561,-1,561,597,598,-1,561,598,562,-1,562,598,599,-1,562,599,563,-1,563,599,600,-1,563,600,564,-1,564,600,601,-1,564,601,565,-1,565,601,602,-1,565,602,566,-1,566,602,603,-1,566,603,567,-1,567,603,604,-1,567,604,568,-1,568,604,605,-1,568,605,569,-1,569,605,606,-1,569,606,570,-1,570,606,607,-1,570,607,571,-1,571,607,608,-1,571,608,572,-1,572,608,609,-1,572,609,573,-1,573,609,610,-1,573,610,574,-1,574,610,611,-1,574,611,575,-1,575,611,612,-1,575,612,576,-1,576,612,613,-1,576,613,577,-1,577,613,578,-1,613,614,578,-1,578,614,615,-1,578,615,579,-1,579,615,616,-1,579,616,580,-1,580,616,617,-1,580,617,581,-1,581,617,618,-1,581,618,582,-1,582,618,619,-1,582,619,583,-1,583,619,620,-1,583,620,584,-1,584,620,621,-1,584,621,585,-1,585,621,622,-1,585,622,586,-1,586,622,623,-1,586,623,587,-1,587,623,624,-1,587,624,588,-1,588,624,625,-1,588,625,589,-1,589,625,626,-1,589,626,590,-1,590,626,627,-1,590,627,591,-1,591,627,628,-1,591,628,592,-1,592,628,629,-1,592,629,593,-1,593,629,630,-1,593,630,594,-1,594,630,631,-1,594,631,595,-1,595,631,632,-1,595,632,596,-1,596,632,633,-1,596,633,597,-1,597,633,634,-1,597,634,598,-1,598,634,635,-1,598,635,599,-1,599,635,636,-1,599,636,600,-1,600,636,637,-1,600,637,601,-1,601,637,638,-1,601,638,602,-1,602,638,639,-1,602,639,603,-1,603,639,640,-1,603,640,604,-1,604,640,641,-1,604,641,605,-1,605,641,642,-1,605,642,606,-1,606,642,643,-1,606,643,607,-1,607,643,644,-1,607,644,608,-1,608,644,645,-1,608,645,609,-1,609,645,646,-1,609,646,610,-1,610,646,647,-1,610,647,611,-1,611,647,648,-1,611,648,612,-1,612,648,649,-1,612,649,613,-1,613,649,614,-1,649,650,614,-1,614,650,651,-1,614,651,615,-1,615,651,652,-1,615,652,616,-1,616,652,653,-1,616,653,617,-1,617,653,654,-1,617,654,618,-1,618,654,655,-1,618,655,619,-1,619,655,656,-1,619,656,620,-1,620,656,657,-1,620,657,621,-1,621,657,658,-1,621,658,622,-1,622,658,659,-1,622,659,623,-1,623,659,660,-1,623,660,624,-1,624,660,661,-1,624,661,625,-1,625,661,662,-1,625,662,626,-1,626,662,663,-1,626,663,627,-1,627,663,664,-1,627,664,628,-1,628,664,665,-1,628,665,629,-1,629,665,666,-1,629,666,630,-1,630,666,667,-1,630,667,631,-1,631,667,668,-1,631,668,632,-1,632,668,669,-1,632,669,633,-1,633,669,670,-1,633,670,634,-1,634,670,671,-1,634,671,635,-1,635,671,672,-1,635,672,636,-1,636,672,673,-1,636,673,637,-1,637,673,674,-1,637,674,638,-1,638,674,675,-1,638,675,639,-1,639,675,676,-1,639,676,640,-1,640,676,677,-1,640,677,641,-1,641,677,678,-1,641,678,642,-1,642,678,679,-1,642,679,643,-1,643,679,680,-1,643,680,644,-1,644,680,681,-1,644,681,645,-1,645,681,682,-1,645,682,646,-1,646,682,683,-1,646,683,647,-1,647,683,684,-1,647,684,648,-1,648,684,685,-1,648,685,649,-1,649,685,650,-1,685,686,650,-1,650,686,687,-1,650,687,651,-1,651,687,688,-1,651,688,652,-1,652,688,689,-1,652,689,653,-1,653,689,690,-1,653,690,654,-1,654,690,691,-1,654,691,655,-1,655,691,692,-1,655,692,656,-1,656,692,693,-1,656,693,657,-1,657,693,694,-1,657,694,658,-1,658,694,695,-1,658,695,659,-1,659,695,696,-1,659,696,660,-1,660,696,697,-1,660,697,661,-1,661,697,698,-1,661,698,662,-1,662,698,699,-1,662,699,663,-1,663,699,700,-1,663,700,664,-1,664,700,701,-1,664,701,665,-1,665,701,702,-1,665,702,666,-1,666,702,703,-1,666,703,667,-1,667,703,704,-1,667,704,668,-1,668,704,705,-1,668,705,669,-1,669,705,706,-1,669,706,670,-1,670,706,707,-1,670,707,671,-1,671,707,708,-1,671,708,672,-1,672,708,709,-1,672,709,673,-1,673,709,710,-1,673,710,674,-1,674,710,711,-1,674,711,675,-1,675,711,712,-1,675,712,676,-1,676,712,713,-1,676,713,677,-1,677,713,714,-1,677,714,678,-1,678,714,715,-1,678,715,679,-1,679,715,716,-1,679,716,680,-1,680,716,717,-1,680,717,681,-1,681,717,718,-1,681,718,682,-1,682,718,719,-1,682,719,683,-1,683,719,720,-1,683,720,684,-1,684,720,721,-1,684,721,685,-1,685,721,686,-1,721,722,686,-1,686,722,723,-1,686,723,687,-1,687,723,724,-1,687,724,688,-1,688,724,725,-1,688,725,689,-1,689,725,726,-1,689,726,690,-1,690,726,727,-1,690,727,691,-1,691,727,728,-1,691,728,692,-1,692,728,729,-1,692,729,693,-1,693,729,730,-1,693,730,694,-1,694,730,731,-1,694,731,695,-1,695,731,732,-1,695,732,696,-1,696,732,733,-1,696,733,697,-1,697,733,734,-1,697,734,698,-1,698,734,735,-1,698,735,699,-1,699,735,736,-1,699,736,700,-1,700,736,737,-1,700,737,701,-1,701,737,738,-1,701,738,702,-1,702,738,739,-1,702,739,703,-1,703,739,740,-1,703,740,704,-1,704,740,741,-1,704,741,705,-1,705,741,742,-1,705,742,706,-1,706,742,743,-1,706,743,707,-1,707,743,744,-1,707,744,708,-1,708,744,745,-1,708,745,709,-1,709,745,746,-1,709,746,710,-1,710,746,747,-1,710,747,711,-1,711,747,748,-1,711,748,712,-1,712,748,749,-1,712,749,713,-1,713,749,750,-1,713,750,714,-1,714,750,751,-1,714,751,715,-1,715,751,752,-1,715,752,716,-1,716,752,753,-1,716,753,717,-1,717,753,754,-1,717,754,718,-1,718,754,755,-1,718,755,719,-1,719,755,756,-1,719,756,720,-1,720,756,757,-1,720,757,721,-1,721,757,722,-1,757,758,722,-1,722,758,759,-1,722,759,723,-1,723,759,760,-1,723,760,724,-1,724,760,761,-1,724,761,725,-1,725,761,762,-1,725,762,726,-1,726,762,763,-1,726,763,727,-1,727,763,764,-1,727,764,728,-1,728,764,765,-1,728,765,729,-1,729,765,766,-1,729,766,730,-1,730,766,767,-1,730,767,731,-1,731,767,768,-1,731,768,732,-1,732,768,769,-1,732,769,733,-1,733,769,770,-1,733,770,734,-1,734,770,771,-1,734,771,735,-1,735,771,772,-1,735,772,736,-1,736,772,773,-1,736,773,737,-1,737,773,774,-1,737,774,738,-1,738,774,775,-1,738,775,739,-1,739,775,776,-1,739,776,740,-1,740,776,777,-1,740,777,741,-1,741,777,778,-1,741,778,742,-1,742,778,779,-1,742,779,743,-1,743,779,780,-1,743,780,744,-1,744,780,781,-1,744,781,745,-1,745,781,782,-1,745,782,746,-1,746,782,783,-1,746,783,747,-1,747,783,784,-1,747,784,748,-1,748,784,785,-1,748,785,749,-1,749,785,786,-1,749,786,750,-1,750,786,787,-1,750,787,751,-1,751,787,788,-1,751,788,752,-1,752,788,789,-1,752,789,753,-1,753,789,790,-1,753,790,754,-1,754,790,791,-1,754,791,755,-1,755,791,792,-1,755,792,756,-1,756,792,793,-1,756,793,757,-1,757,793,758,-1,794,795,796,-1,797,795,794,-1,794,798,799,-1,800,798,794,-1,796,800,794,-1,794,801,802,-1,803,801,794,-1,799,803,794,-1,794,804,805,-1,806,804,794,-1,802,806,794,-1,794,807,808,-1,809,807,794,-1,805,809,794,-1,794,810,811,-1,812,810,794,-1,808,812,794,-1,794,813,814,-1,815,813,794,-1,811,815,794,-1,794,816,817,-1,818,816,794,-1,814,818,794,-1,794,819,820,-1,821,819,794,-1,817,821,794,-1,794,822,823,-1,824,822,794,-1,820,824,794,-1,794,825,826,-1,827,825,794,-1,823,827,794,-1,794,828,829,-1,830,828,794,-1,826,830,794,-1,829,797,794,-1,797,831,795,-1,795,831,832,-1,795,832,796,-1,796,832,833,-1,796,833,800,-1,800,833,834,-1,800,834,798,-1,798,834,835,-1,798,835,799,-1,799,835,836,-1,799,836,803,-1,803,836,837,-1,803,837,801,-1,801,837,838,-1,801,838,802,-1,802,838,839,-1,802,839,806,-1,806,839,840,-1,806,840,804,-1,804,840,841,-1,804,841,805,-1,805,841,842,-1,805,842,809,-1,809,842,843,-1,809,843,807,-1,807,843,844,-1,807,844,808,-1,808,844,845,-1,808,845,812,-1,812,845,846,-1,812,846,810,-1,810,846,847,-1,810,847,811,-1,811,847,848,-1,811,848,815,-1,815,848,849,-1,815,849,813,-1,813,849,850,-1,813,850,814,-1,814,850,851,-1,814,851,818,-1,818,851,852,-1,818,852,816,-1,816,852,853,-1,816,853,817,-1,817,853,854,-1,817,854,821,-1,821,854,855,-1,821,855,819,-1,819,855,856,-1,819,856,820,-1,820,856,857,-1,820,857,824,-1,824,857,858,-1,824,858,822,-1,822,858,859,-1,822,859,823,-1,823,859,860,-1,823,860,827,-1,827,860,861,-1,827,861,825,-1,825,861,862,-1,825,862,826,-1,826,862,863,-1,826,863,830,-1,830,863,864,-1,830,864,828,-1,828,864,865,-1,828,865,829,-1,829,865,866,-1,829,866,797,-1,797,866,831,-1,866,867,831,-1,831,867,868,-1,831,868,832,-1,832,868,869,-1,832,869,833,-1,833,869,870,-1,833,870,834,-1,834,870,871,-1,834,871,835,-1,835,871,872,-1,835,872,836,-1,836,872,873,-1,836,873,837,-1,837,873,874,-1,837,874,838,-1,838,874,875,-1,838,875,839,-1,839,875,876,-1,839,876,840,-1,840,876,877,-1,840,877,841,-1,841,877,878,-1,841,878,842,-1,842,878,879,-1,842,879,843,-1,843,879,880,-1,843,880,844,-1,844,880,881,-1,844,881,845,-1,845,881,882,-1,845,882,846,-1,846,882,883,-1,846,883,847,-1,847,883,884,-1,847,884,848,-1,848,884,885,-1,848,885,849,-1,849,885,886,-1,849,886,850,-1,850,886,887,-1,850,887,851,-1,851,887,888,-1,851,888,852,-1,852,888,889,-1,852,889,853,-1,853,889,890,-1,853,890,854,-1,854,890,891,-1,854,891,855,-1,855,891,892,-1,855,892,856,-1,856,892,893,-1,856,893,857,-1,857,893,894,-1,857,894,858,-1,858,894,895,-1,858,895,859,-1,859,895,896,-1,859,896,860,-1,860,896,897,-1,860,897,861,-1,861,897,898,-1,861,898,862,-1,862,898,899,-1,862,899,863,-1,863,899,900,-1,863,900,864,-1,864,900,901,-1,864,901,865,-1,865,901,902,-1,865,902,866,-1,866,902,867,-1,902,903,867,-1,867,903,904,-1,867,904,868,-1,868,904,905,-1,868,905,869,-1,869,905,906,-1,869,906,870,-1,870,906,907,-1,870,907,871,-1,871,907,908,-1,871,908,872,-1,872,908,909,-1,872,909,873,-1,873,909,910,-1,873,910,874,-1,874,910,911,-1,874,911,875,-1,875,911,912,-1,875,912,876,-1,876,912,913,-1,876,913,877,-1,877,913,914,-1,877,914,878,-1,878,914,915,-1,878,915,879,-1,879,915,916,-1,879,916,880,-1,880,916,917,-1,880,917,881,-1,881,917,918,-1,881,918,882,-1,882,918,919,-1,882,919,883,-1,883,919,920,-1,883,920,884,-1,884,920,921,-1,884,921,885,-1,885,921,922,-1,885,922,886,-1,886,922,923,-1,886,923,887,-1,887,923,924,-1,887,924,888,-1,888,924,925,-1,888,925,889,-1,889,925,926,-1,889,926,890,-1,890,926,927,-1,890,927,891,-1,891,927,928,-1,891,928,892,-1,892,928,929,-1,892,929,893,-1,893,929,930,-1,893,930,894,-1,894,930,931,-1,894,931,895,-1,895,931,932,-1,895,932,896,-1,896,932,933,-1,896,933,897,-1,897,933,934,-1,897,934,898,-1,898,934,935,-1,898,935,899,-1,899,935,936,-1,899,936,900,-1,900,936,937,-1,900,937,901,-1,901,937,938,-1,901,938,902,-1,902,938,903,-1,938,939,903,-1,903,939,940,-1,903,940,904,-1,904,940,941,-1,904,941,905,-1,905,941,942,-1,905,942,906,-1,906,942,943,-1,906,943,907,-1,907,943,944,-1,907,944,908,-1,908,944,945,-1,908,945,909,-1,909,945,946,-1,909,946,910,-1,910,946,947,-1,910,947,911,-1,911,947,948,-1,911,948,912,-1,912,948,949,-1,912,949,913,-1,913,949,950,-1,913,950,914,-1,914,950,951,-1,914,951,915,-1,915,951,952,-1,915,952,916,-1,916,952,953,-1,916,953,917,-1,917,953,954,-1,917,954,918,-1,918,954,955,-1,918,955,919,-1,919,955,956,-1,919,956,920,-1,920,956,957,-1,920,957,921,-1,921,957,958,-1,921,958,922,-1,922,958,959,-1,922,959,923,-1,923,959,960,-1,923,960,924,-1,924,960,961,-1,924,961,925,-1,925,961,962,-1,925,962,926,-1,926,962,963,-1,926,963,927,-1,927,963,964,-1,927,964,928,-1,928,964,965,-1,928,965,929,-1,929,965,966,-1,929,966,930,-1,930,966,967,-1,930,967,931,-1,931,967,968,-1,931,968,932,-1,932,968,969,-1,932,969,933,-1,933,969,970,-1,933,970,934,-1,934,970,971,-1,934,971,935,-1,935,971,972,-1,935,972,936,-1,936,972,973,-1,936,973,937,-1,937,973,974,-1,937,974,938,-1,938,974,939,-1,974,975,939,-1,939,975,976,-1,939,976,940,-1,940,976,977,-1,940,977,941,-1,941,977,978,-1,941,978,942,-1,942,978,979,-1,942,979,943,-1,943,979,980,-1,943,980,944,-1,944,980,981,-1,944,981,945,-1,945,981,982,-1,945,982,946,-1,946,982,983,-1,946,983,947,-1,947,983,984,-1,947,984,948,-1,948,984,985,-1,948,985,949,-1,949,985,986,-1,949,986,950,-1,950,986,987,-1,950,987,951,-1,951,987,988,-1,951,988,952,-1,952,988,989,-1,952,989,953,-1,953,989,990,-1,953,990,954,-1,954,990,991,-1,954,991,955,-1,955,991,992,-1,955,992,956,-1,956,992,993,-1,956,993,957,-1,957,993,994,-1,957,994,958,-1,958,994,995,-1,958,995,959,-1,959,995,996,-1,959,996,960,-1,960,996,997,-1,960,997,961,-1,961,997,998,-1,961,998,962,-1,962,998,999,-1,962,999,963,-1,963,999,1000,-1,963,1000,964,-1,964,1000,1001,-1,964,1001,965,-1,965,1001,1002,-1,965,1002,966,-1,966,1002,1003,-1,966,1003,967,-1,967,1003,1004,-1,967,1004,968,-1,968,1004,1005,-1,968,1005,969,-1,969,1005,1006,-1,969,1006,970,-1,970,1006,1007,-1,970,1007,971,-1,971,1007,1008,-1,971,1008,972,-1,972,1008,1009,-1,972,1009,973,-1,973,1009,1010,-1,973,1010,974,-1,974,1010,975,-1,1010,1011,975,-1,975,1011,1012,-1,975,1012,976,-1,976,1012,1013,-1,976,1013,977,-1,977,1013,1014,-1,977,1014,978,-1,978,1014,1015,-1,978,1015,979,-1,979,1015,1016,-1,979,1016,980,-1,980,1016,1017,-1,980,1017,981,-1,981,1017,1018,-1,981,1018,982,-1,982,1018,1019,-1,982,1019,983,-1,983,1019,1020,-1,983,1020,984,-1,984,1020,1021,-1,984,1021,985,-1,985,1021,1022,-1,985,1022,986,-1,986,1022,1023,-1,986,1023,987,-1,987,1023,1024,-1,987,1024,988,-1,988,1024,1025,-1,988,1025,989,-1,989,1025,1026,-1,989,1026,990,-1,990,1026,1027,-1,990,1027,991,-1,991,1027,1028,-1,991,1028,992,-1,992,1028,1029,-1,992,1029,993,-1,993,1029,1030,-1,993,1030,994,-1,994,1030,1031,-1,994,1031,995,-1,995,1031,1032,-1,995,1032,996,-1,996,1032,1033,-1,996,1033,997,-1,997,1033,1034,-1,997,1034,998,-1,998,1034,1035,-1,998,1035,999,-1,999,1035,1036,-1,999,1036,1000,-1,1000,1036,1037,-1,1000,1037,1001,-1,1001,1037,1038,-1,1001,1038,1002,-1,1002,1038,1039,-1,1002,1039,1003,-1,1003,1039,1040,-1,1003,1040,1004,-1,1004,1040,1041,-1,1004,1041,1005,-1,1005,1041,1042,-1,1005,1042,1006,-1,1006,1042,1043,-1,1006,1043,1007,-1,1007,1043,1044,-1,1007,1044,1008,-1,1008,1044,1045,-1,1008,1045,1009,-1,1009,1045,1046,-1,1009,1046,1010,-1,1010,1046,1011,-1,1046,1047,1011,-1,1011,1047,1048,-1,1011,1048,1012,-1,1012,1048,1049,-1,1012,1049,1013,-1,1013,1049,1050,-1,1013,1050,1014,-1,1014,1050,1051,-1,1014,1051,1015,-1,1015,1051,1052,-1,1015,1052,1016,-1,1016,1052,1053,-1,1016,1053,1017,-1,1017,1053,1054,-1,1017,1054,1018,-1,1018,1054,1055,-1,1018,1055,1019,-1,1019,1055,1056,-1,1019,1056,1020,-1,1020,1056,1057,-1,1020,1057,1021,-1,1021,1057,1058,-1,1021,1058,1022,-1,1022,1058,1059,-1,1022,1059,1023,-1,1023,1059,1060,-1,1023,1060,1024,-1,1024,1060,1061,-1,1024,1061,1025,-1,1025,1061,1062,-1,1025,1062,1026,-1,1026,1062,1063,-1,1026,1063,1027,-1,1027,1063,1064,-1,1027,1064,1028,-1,1028,1064,1065,-1,1028,1065,1029,-1,1029,1065,1066,-1,1029,1066,1030,-1,1030,1066,1067,-1,1030,1067,1031,-1,1031,1067,1068,-1,1031,1068,1032,-1,1032,1068,1069,-1,1032,1069,1033,-1,1033,1069,1070,-1,1033,1070,1034,-1,1034,1070,1071,-1,1034,1071,1035,-1,1035,1071,1072,-1,1035,1072,1036,-1,1036,1072,1073,-1,1036,1073,1037,-1,1037,1073,1074,-1,1037,1074,1038,-1,1038,1074,1075,-1,1038,1075,1039,-1,1039,1075,1076,-1,1039,1076,1040,-1,1040,1076,1077,-1,1040,1077,1041,-1,1041,1077,1078,-1,1041,1078,1042,-1,1042,1078,1079,-1,1042,1079,1043,-1,1043,1079,1080,-1,1043,1080,1044,-1,1044,1080,1081,-1,1044,1081,1045,-1,1045,1081,1082,-1,1045,1082,1046,-1,1046,1082,1047,-1,1082,1083,1047,-1,1047,1083,1084,-1,1047,1084,1048,-1,1048,1084,1085,-1,1048,1085,1049,-1,1049,1085,1086,-1,1049,1086,1050,-1,1050,1086,1087,-1,1050,1087,1051,-1,1051,1087,1088,-1,1051,1088,1052,-1,1052,1088,1089,-1,1052,1089,1053,-1,1053,1089,1090,-1,1053,1090,1054,-1,1054,1090,1091,-1,1054,1091,1055,-1,1055,1091,1092,-1,1055,1092,1056,-1,1056,1092,1093,-1,1056,1093,1057,-1,1057,1093,1094,-1,1057,1094,1058,-1,1058,1094,1095,-1,1058,1095,1059,-1,1059,1095,1096,-1,1059,1096,1060,-1,1060,1096,1097,-1,1060,1097,1061,-1,1061,1097,1098,-1,1061,1098,1062,-1,1062,1098,1099,-1,1062,1099,1063,-1,1063,1099,1100,-1,1063,1100,1064,-1,1064,1100,1101,-1,1064,1101,1065,-1,1065,1101,1102,-1,1065,1102,1066,-1,1066,1102,1103,-1,1066,1103,1067,-1,1067,1103,1104,-1,1067,1104,1068,-1,1068,1104,1105,-1,1068,1105,1069,-1,1069,1105,1106,-1,1069,1106,1070,-1,1070,1106,1107,-1,1070,1107,1071,-1,1071,1107,1108,-1,1071,1108,1072,-1,1072,1108,1109,-1,1072,1109,1073,-1,1073,1109,1110,-1,1073,1110,1074,-1,1074,1110,1111,-1,1074,1111,1075,-1,1075,1111,1112,-1,1075,1112,1076,-1,1076,1112,1113,-1,1076,1113,1077,-1,1077,1113,1114,-1,1077,1114,1078,-1,1078,1114,1115,-1,1078,1115,1079,-1,1079,1115,1116,-1,1079,1116,1080,-1,1080,1116,1117,-1,1080,1117,1081,-1,1081,1117,1118,-1,1081,1118,1082,-1,1082,1118,1083,-1,1118,1119,1083,-1,1083,1119,1120,-1,1083,1120,1084,-1,1084,1120,1121,-1,1084,1121,1085,-1,1085,1121,1122,-1,1085,1122,1086,-1,1086,1122,1123,-1,1086,1123,1087,-1,1087,1123,1124,-1,1087,1124,1088,-1,1088,1124,1125,-1,1088,1125,1089,-1,1089,1125,1126,-1,1089,1126,1090,-1,1090,1126,1127,-1,1090,1127,1091,-1,1091,1127,1128,-1,1091,1128,1092,-1,1092,1128,1129,-1,1092,1129,1093,-1,1093,1129,1130,-1,1093,1130,1094,-1,1094,1130,1131,-1,1094,1131,1095,-1,1095,1131,1132,-1,1095,1132,1096,-1,1096,1132,1133,-1,1096,1133,1097,-1,1097,1133,1134,-1,1097,1134,1098,-1,1098,1134,1135,-1,1098,1135,1099,-1,1099,1135,1136,-1,1099,1136,1100,-1,1100,1136,1137,-1,1100,1137,1101,-1,1101,1137,1138,-1,1101,1138,1102,-1,1102,1138,1139,-1,1102,1139,1103,-1,1103,1139,1140,-1,1103,1140,1104,-1,1104,1140,1141,-1,1104,1141,1105,-1,1105,1141,1142,-1,1105,1142,1106,-1,1106,1142,1143,-1,1106,1143,1107,-1,1107,1143,1144,-1,1107,1144,1108,-1,1108,1144,1145,-1,1108,1145,1109,-1,1109,1145,1146,-1,1109,1146,1110,-1,1110,1146,1147,-1,1110,1147,1111,-1,1111,1147,1148,-1,1111,1148,1112,-1,1112,1148,1149,-1,1112,1149,1113,-1,1113,1149,1150,-1,1113,1150,1114,-1,1114,1150,1151,-1,1114,1151,1115,-1,1115,1151,1152,-1,1115,1152,1116,-1,1116,1152,1153,-1,1116,1153,1117,-1,1117,1153,1154,-1,1117,1154,1118,-1,1118,1154,1119,-1,1154,1155,1119,-1,1119,1155,1156,-1,1119,1156,1120,-1,1120,1156,1157,-1,1120,1157,1121,-1,1121,1157,1158,-1,1121,1158,1122,-1,1122,1158,1159,-1,1122,1159,1123,-1,1123,1159,1160,-1,1123,1160,1124,-1,1124,1160,1161,-1,1124,1161,1125,-1,1125,1161,1162,-1,1125,1162,1126,-1,1126,1162,1163,-1,1126,1163,1127,-1,1127,1163,1164,-1,1127,1164,1128,-1,1128,1164,1165,-1,1128,1165,1129,-1,1129,1165,1166,-1,1129,1166,1130,-1,1130,1166,1167,-1,1130,1167,1131,-1,1131,1167,1168,-1,1131,1168,1132,-1,1132,1168,1169,-1,1132,1169,1133,-1,1133,1169,1170,-1,1133,1170,1134,-1,1134,1170,1171,-1,1134,1171,1135,-1,1135,1171,1172,-1,1135,1172,1136,-1,1136,1172,1173,-1,1136,1173,1137,-1,1137,1173,1174,-1,1137,1174,1138,-1,1138,1174,1175,-1,1138,1175,1139,-1,1139,1175,1176,-1,1139,1176,1140,-1,1140,1176,1177,-1,1140,1177,1141,-1,1141,1177,1178,-1,1141,1178,1142,-1,1142,1178,1179,-1,1142,1179,1143,-1,1143,1179,1180,-1,1143,1180,1144,-1,1144,1180,1181,-1,1144,1181,1145,-1,1145,1181,1182,-1,1145,1182,1146,-1,1146,1182,1183,-1,1146,1183,1147,-1,1147,1183,1184,-1,1147,1184,1148,-1,1148,1184,1185,-1,1148,1185,1149,-1,1149,1185,1186,-1,1149,1186,1150,-1,1150,1186,1187,-1,1150,1187,1151,-1,1151,1187,1188,-1,1151,1188,1152,-1,1152,1188,1189,-1,1152,1189,1153,-1,1153,1189,1190,-1,1153,1190,1154,-1,1154,1190,1155,-1,1191,1192,1193,-1,1194,1192,1191,-1,1191,1195,1196,-1,1197,1195,1191,-1,1193,1197,1191,-1,1191,1198,1199,-1,1200,1198,1191,-1,1196,1200,1191,-1,1191,1201,1202,-1,1203,1201,1191,-1,1199,1203,1191,-1,1191,1204,1205,-1,1206,1204,1191,-1,1202,1206,1191,-1,1191,1207,1208,-1,1209,1207,1191,-1,1205,1209,1191,-1,1191,1210,1211,-1,1212,1210,1191,-1,1208,1212,1191,-1,1191,1213,1214,-1,1215,1213,1191,-1,1211,1215,1191,-1,1191,1216,1217,-1,1218,1216,1191,-1,1214,1218,1191,-1,1191,1219,1220,-1,1221,1219,1191,-1,1217,1221,1191,-1,1191,1222,1223,-1,1224,1222,1191,-1,1220,1224,1191,-1,1191,1225,1226,-1,1227,1225,1191,-1,1223,1227,1191,-1,1226,1194,1191,-1,1194,1228,1192,-1,1192,1228,1229,-1,1192,1229,1193,-1,1193,1229,1230,-1,1193,1230,1197,-1,1197,1230,1231,-1,1197,1231,1195,-1,1195,1231,1232,-1,1195,1232,1196,-1,1196,1232,1233,-1,1196,1233,1200,-1,1200,1233,1234,-1,1200,1234,1198,-1,1198,1234,1235,-1,1198,1235,1199,-1,1199,1235,1236,-1,1199,1236,1203,-1,1203,1236,1237,-1,1203,1237,1201,-1,1201,1237,1238,-1,1201,1238,1202,-1,1202,1238,1239,-1,1202,1239,1206,-1,1206,1239,1240,-1,1206,1240,1204,-1,1204,1240,1241,-1,1204,1241,1205,-1,1205,1241,1242,-1,1205,1242,1209,-1,1209,1242,1243,-1,1209,1243,1207,-1,1207,1243,1244,-1,1207,1244,1208,-1,1208,1244,1245,-1,1208,1245,1212,-1,1212,1245,1246,-1,1212,1246,1210,-1,1210,1246,1247,-1,1210,1247,1211,-1,1211,1247,1248,-1,1211,1248,1215,-1,1215,1248,1249,-1,1215,1249,1213,-1,1213,1249,1250,-1,1213,1250,1214,-1,1214,1250,1251,-1,1214,1251,1218,-1,1218,1251,1252,-1,1218,1252,1216,-1,1216,1252,1253,-1,1216,1253,1217,-1,1217,1253,1254,-1,1217,1254,1221,-1,1221,1254,1255,-1,1221,1255,1219,-1,1219,1255,1256,-1,1219,1256,1220,-1,1220,1256,1257,-1,1220,1257,1224,-1,1224,1257,1258,-1,1224,1258,1222,-1,1222,1258,1259,-1,1222,1259,1223,-1,1223,1259,1260,-1,1223,1260,1227,-1,1227,1260,1261,-1,1227,1261,1225,-1,1225,1261,1262,-1,1225,1262,1226,-1,1226,1262,1263,-1,1226,1263,1194,-1,1194,1263,1228,-1,1263,1264,1228,-1,1228,1264,1265,-1,1228,1265,1229,-1,1229,1265,1266,-1,1229,1266,1230,-1,1230,1266,1267,-1,1230,1267,1231,-1,1231,1267,1268,-1,1231,1268,1232,-1,1232,1268,1269,-1,1232,1269,1233,-1,1233,1269,1270,-1,1233,1270,1234,-1,1234,1270,1271,-1,1234,1271,1235,-1,1235,1271,1272,-1,1235,1272,1236,-1,1236,1272,1273,-1,1236,1273,1237,-1,1237,1273,1274,-1,1237,1274,1238,-1,1238,1274,1275,-1,1238,1275,1239,-1,1239,1275,1276,-1,1239,1276,1240,-1,1240,1276,1277,-1,1240,1277,1241,-1,1241,1277,1278,-1,1241,1278,1242,-1,1242,1278,1279,-1,1242,1279,1243,-1,1243,1279,1280,-1,1243,1280,1244,-1,1244,1280,1281,-1,1244,1281,1245,-1,1245,1281,1282,-1,1245,1282,1246,-1,1246,1282,1283,-1,1246,1283,1247,-1,1247,1283,1284,-1,1247,1284,1248,-1,1248,1284,1285,-1,1248,1285,1249,-1,1249,1285,1286,-1,1249,1286,1250,-1,1250,1286,1287,-1,1250,1287,1251,-1,1251,1287,1288,-1,1251,1288,1252,-1,1252,1288,1289,-1,1252,1289,1253,-1,1253,1289,1290,-1,1253,1290,1254,-1,1254,1290,1291,-1,1254,1291,1255,-1,1255,1291,1292,-1,1255,1292,1256,-1,1256,1292,1293,-1,1256,1293,1257,-1,1257,1293,1294,-1,1257,1294,1258,-1,1258,1294,1295,-1,1258,1295,1259,-1,1259,1295,1296,-1,1259,1296,1260,-1,1260,1296,1297,-1,1260,1297,1261,-1,1261,1297,1298,-1,1261,1298,1262,-1,1262,1298,1299,-1,1262,1299,1263,-1,1263,1299,1264,-1,1299,1300,1264,-1,1264,1300,1301,-1,1264,1301,1265,-1,1265,1301,1302,-1,1265,1302,1266,-1,1266,1302,1303,-1,1266,1303,1267,-1,1267,1303,1304,-1,1267,1304,1268,-1,1268,1304,1305,-1,1268,1305,1269,-1,1269,1305,1306,-1,1269,1306,1270,-1,1270,1306,1307,-1,1270,1307,1271,-1,1271,1307,1308,-1,1271,1308,1272,-1,1272,1308,1309,-1,1272,1309,1273,-1,1273,1309,1310,-1,1273,1310,1274,-1,1274,1310,1311,-1,1274,1311,1275,-1,1275,1311,1312,-1,1275,1312,1276,-1,1276,1312,1313,-1,1276,1313,1277,-1,1277,1313,1314,-1,1277,1314,1278,-1,1278,1314,1315,-1,1278,1315,1279,-1,1279,1315,1316,-1,1279,1316,1280,-1,1280,1316,1317,-1,1280,1317,1281,-1,1281,1317,1318,-1,1281,1318,1282,-1,1282,1318,1319,-1,1282,1319,1283,-1,1283,1319,1320,-1,1283,1320,1284,-1,1284,1320,1321,-1,1284,1321,1285,-1,1285,1321,1322,-1,1285,1322,1286,-1,1286,1322,1323,-1,1286,1323,1287,-1,1287,1323,1324,-1,1287,1324,1288,-1,1288,1324,1325,-1,1288,1325,1289,-1,1289,1325,1326,-1,1289,1326,1290,-1,1290,1326,1327,-1,1290,1327,1291,-1,1291,1327,1328,-1,1291,1328,1292,-1,1292,1328,1329,-1,1292,1329,1293,-1,1293,1329,1330,-1,1293,1330,1294,-1,1294,1330,1331,-1,1294,1331,1295,-1,1295,1331,1332,-1,1295,1332,1296,-1,1296,1332,1333,-1,1296,1333,1297,-1,1297,1333,1334,-1,1297,1334,1298,-1,1298,1334,1335,-1,1298,1335,1299,-1,1299,1335,1300,-1,1335,1336,1300,-1,1300,1336,1337,-1,1300,1337,1301,-1,1301,1337,1338,-1,1301,1338,1302,-1,1302,1338,1339,-1,1302,1339,1303,-1,1303,1339,1340,-1,1303,1340,1304,-1,1304,1340,1341,-1,1304,1341,1305,-1,1305,1341,1342,-1,1305,1342,1306,-1,1306,1342,1343,-1,1306,1343,1307,-1,1307,1343,1344,-1,1307,1344,1308,-1,1308,1344,1345,-1,1308,1345,1309,-1,1309,1345,1346,-1,1309,1346,1310,-1,1310,1346,1347,-1,1310,1347,1311,-1,1311,1347,1348,-1,1311,1348,1312,-1,1312,1348,1349,-1,1312,1349,1313,-1,1313,1349,1350,-1,1313,1350,1314,-1,1314,1350,1351,-1,1314,1351,1315,-1,1315,1351,1352,-1,1315,1352,1316,-1,1316,1352,1353,-1,1316,1353,1317,-1,1317,1353,1354,-1,1317,1354,1318,-1,1318,1354,1355,-1,1318,1355,1319,-1,1319,1355,1356,-1,1319,1356,1320,-1,1320,1356,1357,-1,1320,1357,1321,-1,1321,1357,1358,-1,1321,1358,1322,-1,1322,1358,1359,-1,1322,1359,1323,-1,1323,1359,1360,-1,1323,1360,1324,-1,1324,1360,1361,-1,1324,1361,1325,-1,1325,1361,1362,-1,1325,1362,1326,-1,1326,1362,1363,-1,1326,1363,1327,-1,1327,1363,1364,-1,1327,1364,1328,-1,1328,1364,1365,-1,1328,1365,1329,-1,1329,1365,1366,-1,1329,1366,1330,-1,1330,1366,1367,-1,1330,1367,1331,-1,1331,1367,1368,-1,1331,1368,1332,-1,1332,1368,1369,-1,1332,1369,1333,-1,1333,1369,1370,-1,1333,1370,1334,-1,1334,1370,1371,-1,1334,1371,1335,-1,1335,1371,1336,-1,1371,1372,1336,-1,1336,1372,1373,-1,1336,1373,1337,-1,1337,1373,1374,-1,1337,1374,1338,-1,1338,1374,1375,-1,1338,1375,1339,-1,1339,1375,1376,-1,1339,1376,1340,-1,1340,1376,1377,-1,1340,1377,1341,-1,1341,1377,1378,-1,1341,1378,1342,-1,1342,1378,1379,-1,1342,1379,1343,-1,1343,1379,1380,-1,1343,1380,1344,-1,1344,1380,1381,-1,1344,1381,1345,-1,1345,1381,1382,-1,1345,1382,1346,-1,1346,1382,1383,-1,1346,1383,1347,-1,1347,1383,1384,-1,1347,1384,1348,-1,1348,1384,1385,-1,1348,1385,1349,-1,1349,1385,1386,-1,1349,1386,1350,-1,1350,1386,1387,-1,1350,1387,1351,-1,1351,1387,1388,-1,1351,1388,1352,-1,1352,1388,1389,-1,1352,1389,1353,-1,1353,1389,1390,-1,1353,1390,1354,-1,1354,1390,1391,-1,1354,1391,1355,-1,1355,1391,1392,-1,1355,1392,1356,-1,1356,1392,1393,-1,1356,1393,1357,-1,1357,1393,1394,-1,1357,1394,1358,-1,1358,1394,1395,-1,1358,1395,1359,-1,1359,1395,1396,-1,1359,1396,1360,-1,1360,1396,1397,-1,1360,1397,1361,-1,1361,1397,1398,-1,1361,1398,1362,-1,1362,1398,1399,-1,1362,1399,1363,-1,1363,1399,1400,-1,1363,1400,1364,-1,1364,1400,1401,-1,1364,1401,1365,-1,1365,1401,1402,-1,1365,1402,1366,-1,1366,1402,1403,-1,1366,1403,1367,-1,1367,1403,1404,-1,1367,1404,1368,-1,1368,1404,1405,-1,1368,1405,1369,-1,1369,1405,1406,-1,1369,1406,1370,-1,1370,1406,1407,-1,1370,1407,1371,-1,1371,1407,1372,-1,1407,1408,1372,-1,1372,1408,1409,-1,1372,1409,1373,-1,1373,1409,1410,-1,1373,1410,1374,-1,1374,1410,1411,-1,1374,1411,1375,-1,1375,1411,1412,-1,1375,1412,1376,-1,1376,1412,1413,-1,1376,1413,1377,-1,1377,1413,1414,-1,1377,1414,1378,-1,1378,1414,1415,-1,1378,1415,1379,-1,1379,1415,1416,-1,1379,1416,1380,-1,1380,1416,1417,-1,1380,1417,1381,-1,1381,1417,1418,-1,1381,1418,1382,-1,1382,1418,1419,-1,1382,1419,1383,-1,1383,1419,1420,-1,1383,1420,1384,-1,1384,1420,1421,-1,1384,1421,1385,-1,1385,1421,1422,-1,1385,1422,1386,-1,1386,1422,1423,-1,1386,1423,1387,-1,1387,1423,1424,-1,1387,1424,1388,-1,1388,1424,1425,-1,1388,1425,1389,-1,1389,1425,1426,-1,1389,1426,1390,-1,1390,1426,1427,-1,1390,1427,1391,-1,1391,1427,1428,-1,1391,1428,1392,-1,1392,1428,1429,-1,1392,1429,1393,-1,1393,1429,1430,-1,1393,1430,1394,-1,1394,1430,1431,-1,1394,1431,1395,-1,1395,1431,1432,-1,1395,1432,1396,-1,1396,1432,1433,-1,1396,1433,1397,-1,1397,1433,1434,-1,1397,1434,1398,-1,1398,1434,1435,-1,1398,1435,1399,-1,1399,1435,1436,-1,1399,1436,1400,-1,1400,1436,1437,-1,1400,1437,1401,-1,1401,1437,1438,-1,1401,1438,1402,-1,1402,1438,1439,-1,1402,1439,1403,-1,1403,1439,1440,-1,1403,1440,1404,-1,1404,1440,1441,-1,1404,1441,1405,-1,1405,1441,1442,-1,1405,1442,1406,-1,1406,1442,1443,-1,1406,1443,1407,-1,1407,1443,1408,-1,1443,1444,1408,-1,1408,1444,1445,-1,1408,1445,1409,-1,1409,1445,1446,-1,1409,1446,1410,-1,1410,1446,1447,-1,1410,1447,1411,-1,1411,1447,1448,-1,1411,1448,1412,-1,1412,1448,1449,-1,1412,1449,1413,-1,1413,1449,1450,-1,1413,1450,1414,-1,1414,1450,1451,-1,1414,1451,1415,-1,1415,1451,1452,-1,1415,1452,1416,-1,1416,1452,1453,-1,1416,1453,1417,-1,1417,1453,1454,-1,1417,1454,1418,-1,1418,1454,1455,-1,1418,1455,1419,-1,1419,1455,1456,-1,1419,1456,1420,-1,1420,1456,1457,-1,1420,1457,1421,-1,1421,1457,1458,-1,1421,1458,1422,-1,1422,1458,1459,-1,1422,1459,1423,-1,1423,1459,1460,-1,1423,1460,1424,-1,1424,1460,1461,-1,1424,1461,1425,-1,1425,1461,1462,-1,1425,1462,1426,-1,1426,1462,1463,-1,1426,1463,1427,-1,1427,1463,1464,-1,1427,1464,1428,-1,1428,1464,1465,-1,1428,1465,1429,-1,1429,1465,1466,-1,1429,1466,1430,-1,1430,1466,1467,-1,1430,1467,1431,-1,1431,1467,1468,-1,1431,1468,1432,-1,1432,1468,1469,-1,1432,1469,1433,-1,1433,1469,1470,-1,1433,1470,1434,-1,1434,1470,1471,-1,1434,1471,1435,-1,1435,1471,1472,-1,1435,1472,1436,-1,1436,1472,1473,-1,1436,1473,1437,-1,1437,1473,1474,-1,1437,1474,1438,-1,1438,1474,1475,-1,1438,1475,1439,-1,1439,1475,1476,-1,1439,1476,1440,-1,1440,1476,1477,-1,1440,1477,1441,-1,1441,1477,1478,-1,1441,1478,1442,-1,1442,1478,1479,-1,1442,1479,1443,-1,1443,1479,1444,-1,1479,1480,1444,-1,1444,1480,1481,-1,1444,1481,1445,-1,1445,1481,1482,-1,1445,1482,1446,-1,1446,1482,1483,-1,1446,1483,1447,-1,1447,1483,1484,-1,1447,1484,1448,-1,1448,1484,1485,-1,1448,1485,1449,-1,1449,1485,1486,-1,1449,1486,1450,-1,1450,1486,1487,-1,1450,1487,1451,-1,1451,1487,1488,-1,1451,1488,1452,-1,1452,1488,1489,-1,1452,1489,1453,-1,1453,1489,1490,-1,1453,1490,1454,-1,1454,1490,1491,-1,1454,1491,1455,-1,1455,1491,1492,-1,1455,1492,1456,-1,1456,1492,1493,-1,1456,1493,1457,-1,1457,1493,1494,-1,1457,1494,1458,-1,1458,1494,1495,-1,1458,1495,1459,-1,1459,1495,1496,-1,1459,1496,1460,-1,1460,1496,1497,-1,1460,1497,1461,-1,1461,1497,1498,-1,1461,1498,1462,-1,1462,1498,1499,-1,1462,1499,1463,-1,1463,1499,1500,-1,1463,1500,1464,-1,1464,1500,1501,-1,1464,1501,1465,-1,1465,1501,1502,-1,1465,1502,1466,-1,1466,1502,1503,-1,1466,1503,1467,-1,1467,1503,1504,-1,1467,1504,1468,-1,1468,1504,1505,-1,1468,1505,1469,-1,1469,1505,1506,-1,1469,1506,1470,-1,1470,1506,1507,-1,1470,1507,1471,-1,1471,1507,1508,-1,1471,1508,1472,-1,1472,1508,1509,-1,1472,1509,1473,-1,1473,1509,1510,-1,1473,1510,1474,-1,1474,1510,1511,-1,1474,1511,1475,-1,1475,1511,1512,-1,1475,1512,1476,-1,1476,1512,1513,-1,1476,1513,1477,-1,1477,1513,1514,-1,1477,1514,1478,-1,1478,1514,1515,-1,1478,1515,1479,-1,1479,1515,1480,-1,1515,1516,1480,-1,1480,1516,1517,-1,1480,1517,1481,-1,1481,1517,1518,-1,1481,1518,1482,-1,1482,1518,1519,-1,1482,1519,1483,-1,1483,1519,1520,-1,1483,1520,1484,-1,1484,1520,1521,-1,1484,1521,1485,-1,1485,1521,1522,-1,1485,1522,1486,-1,1486,1522,1523,-1,1486,1523,1487,-1,1487,1523,1524,-1,1487,1524,1488,-1,1488,1524,1525,-1,1488,1525,1489,-1,1489,1525,1526,-1,1489,1526,1490,-1,1490,1526,1527,-1,1490,1527,1491,-1,1491,1527,1528,-1,1491,1528,1492,-1,1492,1528,1529,-1,1492,1529,1493,-1,1493,1529,1530,-1,1493,1530,1494,-1,1494,1530,1531,-1,1494,1531,1495,-1,1495,1531,1532,-1,1495,1532,1496,-1,1496,1532,1533,-1,1496,1533,1497,-1,1497,1533,1534,-1,1497,1534,1498,-1,1498,1534,1535,-1,1498,1535,1499,-1,1499,1535,1536,-1,1499,1536,1500,-1,1500,1536,1537,-1,1500,1537,1501,-1,1501,1537,1538,-1,1501,1538,1502,-1,1502,1538,1539,-1,1502,1539,1503,-1,1503,1539,1540,-1,1503,1540,1504,-1,1504,1540,1541,-1,1504,1541,1505,-1,1505,1541,1542,-1,1505,1542,1506,-1,1506,1542,1543,-1,1506,1543,1507,-1,1507,1543,1544,-1,1507,1544,1508,-1,1508,1544,1545,-1,1508,1545,1509,-1,1509,1545,1546,-1,1509,1546,1510,-1,1510,1546,1547,-1,1510,1547,1511,-1,1511,1547,1548,-1,1511,1548,1512,-1,1512,1548,1549,-1,1512,1549,1513,-1,1513,1549,1550,-1,1513,1550,1514,-1,1514,1550,1551,-1,1514,1551,1515,-1,1515,1551,1516,-1,1551,1552,1516,-1,1516,1552,1553,-1,1516,1553,1517,-1,1517,1553,1554,-1,1517,1554,1518,-1,1518,1554,1555,-1,1518,1555,1519,-1,1519,1555,1556,-1,1519,1556,1520,-1,1520,1556,1557,-1,1520,1557,1521,-1,1521,1557,1558,-1,1521,1558,1522,-1,1522,1558,1559,-1,1522,1559,1523,-1,1523,1559,1560,-1,1523,1560,1524,-1,1524,1560,1561,-1,1524,1561,1525,-1,1525,1561,1562,-1,1525,1562,1526,-1,1526,1562,1563,-1,1526,1563,1527,-1,1527,1563,1564,-1,1527,1564,1528,-1,1528,1564,1565,-1,1528,1565,1529,-1,1529,1565,1566,-1,1529,1566,1530,-1,1530,1566,1567,-1,1530,1567,1531,-1,1531,1567,1568,-1,1531,1568,1532,-1,1532,1568,1569,-1,1532,1569,1533,-1,1533,1569,1570,-1,1533,1570,1534,-1,1534,1570,1571,-1,1534,1571,1535,-1,1535,1571,1572,-1,1535,1572,1536,-1,1536,1572,1573,-1,1536,1573,1537,-1,1537,1573,1574,-1,1537,1574,1538,-1,1538,1574,1575,-1,1538,1575,1539,-1,1539,1575,1576,-1,1539,1576,1540,-1,1540,1576,1577,-1,1540,1577,1541,-1,1541,1577,1578,-1,1541,1578,1542,-1,1542,1578,1579,-1,1542,1579,1543,-1,1543,1579,1580,-1,1543,1580,1544,-1,1544,1580,1581,-1,1544,1581,1545,-1,1545,1581,1582,-1,1545,1582,1546,-1,1546,1582,1583,-1,1546,1583,1547,-1,1547,1583,1584,-1,1547,1584,1548,-1,1548,1584,1585,-1,1548,1585,1549,-1,1549,1585,1586,-1,1549,1586,1550,-1,1550,1586,1587,-1,1550,1587,1551,-1,1551,1587,1552,-1,1588,1589,1590,-1,1591,1589,1588,-1,1588,1592,1593,-1,1594,1592,1588,-1,1590,1594,1588,-1,1588,1595,1596,-1,1597,1595,1588,-1,1593,1597,1588,-1,1588,1598,1599,-1,1600,1598,1588,-1,1596,1600,1588,-1,1588,1601,1602,-1,1603,1601,1588,-1,1599,1603,1588,-1,1588,1604,1605,-1,1606,1604,1588,-1,1602,1606,1588,-1,1588,1607,1608,-1,1609,1607,1588,-1,1605,1609,1588,-1,1588,1610,1611,-1,1612,1610,1588,-1,1608,1612,1588,-1,1588,1613,1614,-1,1615,1613,1588,-1,1611,1615,1588,-1,1588,1616,1617,-1,1618,1616,1588,-1,1614,1618,1588,-1,1588,1619,1620,-1,1621,1619,1588,-1,1617,1621,1588,-1,1588,1622,1623,-1,1624,1622,1588,-1,1620,1624,1588,-1,1623,1591,1588,-1,1591,1625,1589,-1,1589,1625,1626,-1,1589,1626,1590,-1,1590,1626,1627,-1,1590,1627,1594,-1,1594,1627,1628,-1,1594,1628,1592,-1,1592,1628,1629,-1,1592,1629,1593,-1,1593,1629,1630,-1,1593,1630,1597,-1,1597,1630,1631,-1,1597,1631,1595,-1,1595,1631,1632,-1,1595,1632,1596,-1,1596,1632,1633,-1,1596,1633,1600,-1,1600,1633,1634,-1,1600,1634,1598,-1,1598,1634,1635,-1,1598,1635,1599,-1,1599,1635,1636,-1,1599,1636,1603,-1,1603,1636,1637,-1,1603,1637,1601,-1,1601,1637,1638,-1,1601,1638,1602,-1,1602,1638,1639,-1,1602,1639,1606,-1,1606,1639,1640,-1,1606,1640,1604,-1,1604,1640,1641,-1,1604,1641,1605,-1,1605,1641,1642,-1,1605,1642,1609,-1,1609,1642,1643,-1,1609,1643,1607,-1,1607,1643,1644,-1,1607,1644,1608,-1,1608,1644,1645,-1,1608,1645,1612,-1,1612,1645,1646,-1,1612,1646,1610,-1,1610,1646,1647,-1,1610,1647,1611,-1,1611,1647,1648,-1,1611,1648,1615,-1,1615,1648,1649,-1,1615,1649,1613,-1,1613,1649,1650,-1,1613,1650,1614,-1,1614,1650,1651,-1,1614,1651,1618,-1,1618,1651,1652,-1,1618,1652,1616,-1,1616,1652,1653,-1,1616,1653,1617,-1,1617,1653,1654,-1,1617,1654,1621,-1,1621,1654,1655,-1,1621,1655,1619,-1,1619,1655,1656,-1,1619,1656,1620,-1,1620,1656,1657,-1,1620,1657,1624,-1,1624,1657,1658,-1,1624,1658,1622,-1,1622,1658,1659,-1,1622,1659,1623,-1,1623,1659,1660,-1,1623,1660,1591,-1,1591,1660,1625,-1,1660,1661,1625,-1,1625,1661,1662,-1,1625,1662,1626,-1,1626,1662,1663,-1,1626,1663,1627,-1,1627,1663,1664,-1,1627,1664,1628,-1,1628,1664,1665,-1,1628,1665,1629,-1,1629,1665,1666,-1,1629,1666,1630,-1,1630,1666,1667,-1,1630,1667,1631,-1,1631,1667,1668,-1,1631,1668,1632,-1,1632,1668,1669,-1,1632,1669,1633,-1,1633,1669,1670,-1,1633,1670,1634,-1,1634,1670,1671,-1,1634,1671,1635,-1,1635,1671,1672,-1,1635,1672,1636,-1,1636,1672,1673,-1,1636,1673,1637,-1,1637,1673,1674,-1,1637,1674,1638,-1,1638,1674,1675,-1,1638,1675,1639,-1,1639,1675,1676,-1,1639,1676,1640,-1,1640,1676,1677,-1,1640,1677,1641,-1,1641,1677,1678,-1,1641,1678,1642,-1,1642,1678,1679,-1,1642,1679,1643,-1,1643,1679,1680,-1,1643,1680,1644,-1,1644,1680,1681,-1,1644,1681,1645,-1,1645,1681,1682,-1,1645,1682,1646,-1,1646,1682,1683,-1,1646,1683,1647,-1,1647,1683,1684,-1,1647,1684,1648,-1,1648,1684,1685,-1,1648,1685,1649,-1,1649,1685,1686,-1,1649,1686,1650,-1,1650,1686,1687,-1,1650,1687,1651,-1,1651,1687,1688,-1,1651,1688,1652,-1,1652,1688,1689,-1,1652,1689,1653,-1,1653,1689,1690,-1,1653,1690,1654,-1,1654,1690,1691,-1,1654,1691,1655,-1,1655,1691,1692,-1,1655,1692,1656,-1,1656,1692,1693,-1,1656,1693,1657,-1,1657,1693,1694,-1,1657,1694,1658,-1,1658,1694,1695,-1,1658,1695,1659,-1,1659,1695,1696,-1,1659,1696,1660,-1,1660,1696,1661,-1,1696,1697,1661,-1,1661,1697,1698,-1,1661,1698,1662,-1,1662,1698,1699,-1,1662,1699,1663,-1,1663,1699,1700,-1,1663,1700,1664,-1,1664,1700,1701,-1,1664,1701,1665,-1,1665,1701,1702,-1,1665,1702,1666,-1,1666,1702,1703,-1,1666,1703,1667,-1,1667,1703,1704,-1,1667,1704,1668,-1,1668,1704,1705,-1,1668,1705,1669,-1,1669,1705,1706,-1,1669,1706,1670,-1,1670,1706,1707,-1,1670,1707,1671,-1,1671,1707,1708,-1,1671,1708,1672,-1,1672,1708,1709,-1,1672,1709,1673,-1,1673,1709,1710,-1,1673,1710,1674,-1,1674,1710,1711,-1,1674,1711,1675,-1,1675,1711,1712,-1,1675,1712,1676,-1,1676,1712,1713,-1,1676,1713,1677,-1,1677,1713,1714,-1,1677,1714,1678,-1,1678,1714,1715,-1,1678,1715,1679,-1,1679,1715,1716,-1,1679,1716,1680,-1,1680,1716,1717,-1,1680,1717,1681,-1,1681,1717,1718,-1,1681,1718,1682,-1,1682,1718,1719,-1,1682,1719,1683,-1,1683,1719,1720,-1,1683,1720,1684,-1,1684,1720,1721,-1,1684,1721,1685,-1,1685,1721,1722,-1,1685,1722,1686,-1,1686,1722,1723,-1,1686,1723,1687,-1,1687,1723,1724,-1,1687,1724,1688,-1,1688,1724,1725,-1,1688,1725,1689,-1,1689,1725,1726,-1,1689,1726,1690,-1,1690,1726,1727,-1,1690,1727,1691,-1,1691,1727,1728,-1,1691,1728,1692,-1,1692,1728,1729,-1,1692,1729,1693,-1,1693,1729,1730,-1,1693,1730,1694,-1,1694,1730,1731,-1,1694,1731,1695,-1,1695,1731,1732,-1,1695,1732,1696,-1,1696,1732,1697,-1,1732,1733,1697,-1,1697,1733,1734,-1,1697,1734,1698,-1,1698,1734,1735,-1,1698,1735,1699,-1,1699,1735,1736,-1,1699,1736,1700,-1,1700,1736,1737,-1,1700,1737,1701,-1,1701,1737,1738,-1,1701,1738,1702,-1,1702,1738,1739,-1,1702,1739,1703,-1,1703,1739,1740,-1,1703,1740,1704,-1,1704,1740,1741,-1,1704,1741,1705,-1,1705,1741,1742,-1,1705,1742,1706,-1,1706,1742,1743,-1,1706,1743,1707,-1,1707,1743,1744,-1,1707,1744,1708,-1,1708,1744,1745,-1,1708,1745,1709,-1,1709,1745,1746,-1,1709,1746,1710,-1,1710,1746,1747,-1,1710,1747,1711,-1,1711,1747,1748,-1,1711,1748,1712,-1,1712,1748,1749,-1,1712,1749,1713,-1,1713,1749,1750,-1,1713,1750,1714,-1,1714,1750,1751,-1,1714,1751,1715,-1,1715,1751,1752,-1,1715,1752,1716,-1,1716,1752,1753,-1,1716,1753,1717,-1,1717,1753,1754,-1,1717,1754,1718,-1,1718,1754,1755,-1,1718,1755,1719,-1,1719,1755,1756,-1,1719,1756,1720,-1,1720,1756,1757,-1,1720,1757,1721,-1,1721,1757,1758,-1,1721,1758,1722,-1,1722,1758,1759,-1,1722,1759,1723,-1,1723,1759,1760,-1,1723,1760,1724,-1,1724,1760,1761,-1,1724,1761,1725,-1,1725,1761,1762,-1,1725,1762,1726,-1,1726,1762,1763,-1,1726,1763,1727,-1,1727,1763,1764,-1,1727,1764,1728,-1,1728,1764,1765,-1,1728,1765,1729,-1,1729,1765,1766,-1,1729,1766,1730,-1,1730,1766,1767,-1,1730,1767,1731,-1,1731,1767,1768,-1,1731,1768,1732,-1,1732,1768,1733,-1,1768,1769,1733,-1,1733,1769,1770,-1,1733,1770,1734,-1,1734,1770,1771,-1,1734,1771,1735,-1,1735,1771,1772,-1,1735,1772,1736,-1,1736,1772,1773,-1,1736,1773,1737,-1,1737,1773,1774,-1,1737,1774,1738,-1,1738,1774,1775,-1,1738,1775,1739,-1,1739,1775,1776,-1,1739,1776,1740,-1,1740,1776,1777,-1,1740,1777,1741,-1,1741,1777,1778,-1,1741,1778,1742,-1,1742,1778,1779,-1,1742,1779,1743,-1,1743,1779,1780,-1,1743,1780,1744,-1,1744,1780,1781,-1,1744,1781,1745,-1,1745,1781,1782,-1,1745,1782,1746,-1,1746,1782,1783,-1,1746,1783,1747,-1,1747,1783,1784,-1,1747,1784,1748,-1,1748,1784,1785,-1,1748,1785,1749,-1,1749,1785,1786,-1,1749,1786,1750,-1,1750,1786,1787,-1,1750,1787,1751,-1,1751,1787,1788,-1,1751,1788,1752,-1,1752,1788,1789,-1,1752,1789,1753,-1,1753,1789,1790,-1,1753,1790,1754,-1,1754,1790,1791,-1,1754,1791,1755,-1,1755,1791,1792,-1,1755,1792,1756,-1,1756,1792,1793,-1,1756,1793,1757,-1,1757,1793,1794,-1,1757,1794,1758,-1,1758,1794,1795,-1,1758,1795,1759,-1,1759,1795,1796,-1,1759,1796,1760,-1,1760,1796,1797,-1,1760,1797,1761,-1,1761,1797,1798,-1,1761,1798,1762,-1,1762,1798,1799,-1,1762,1799,1763,-1,1763,1799,1800,-1,1763,1800,1764,-1,1764,1800,1801,-1,1764,1801,1765,-1,1765,1801,1802,-1,1765,1802,1766,-1,1766,1802,1803,-1,1766,1803,1767,-1,1767,1803,1804,-1,1767,1804,1768,-1,1768,1804,1769,-1,1804,1805,1769,-1,1769,1805,1806,-1,1769,1806,1770,-1,1770,1806,1807,-1,1770,1807,1771,-1,1771,1807,1808,-1,1771,1808,1772,-1,1772,1808,1809,-1,1772,1809,1773,-1,1773,1809,1810,-1,1773,1810,1774,-1,1774,1810,1811,-1,1774,1811,1775,-1,1775,1811,1812,-1,1775,1812,1776,-1,1776,1812,1813,-1,1776,1813,1777,-1,1777,1813,1814,-1,1777,1814,1778,-1,1778,1814,1815,-1,1778,1815,1779,-1,1779,1815,1816,-1,1779,1816,1780,-1,1780,1816,1817,-1,1780,1817,1781,-1,1781,1817,1818,-1,1781,1818,1782,-1,1782,1818,1819,-1,1782,1819,1783,-1,1783,1819,1820,-1,1783,1820,1784,-1,1784,1820,1821,-1,1784,1821,1785,-1,1785,1821,1822,-1,1785,1822,1786,-1,1786,1822,1823,-1,1786,1823,1787,-1,1787,1823,1824,-1,1787,1824,1788,-1,1788,1824,1825,-1,1788,1825,1789,-1,1789,1825,1826,-1,1789,1826,1790,-1,1790,1826,1827,-1,1790,1827,1791,-1,1791,1827,1828,-1,1791,1828,1792,-1,1792,1828,1829,-1,1792,1829,1793,-1,1793,1829,1830,-1,1793,1830,1794,-1,1794,1830,1831,-1,1794,1831,1795,-1,1795,1831,1832,-1,1795,1832,1796,-1,1796,1832,1833,-1,1796,1833,1797,-1,1797,1833,1834,-1,1797,1834,1798,-1,1798,1834,1835,-1,1798,1835,1799,-1,1799,1835,1836,-1,1799,1836,1800,-1,1800,1836,1837,-1,1800,1837,1801,-1,1801,1837,1838,-1,1801,1838,1802,-1,1802,1838,1839,-1,1802,1839,1803,-1,1803,1839,1840,-1,1803,1840,1804,-1,1804,1840,1805,-1,1840,1841,1805,-1,1805,1841,1842,-1,1805,1842,1806,-1,1806,1842,1843,-1,1806,1843,1807,-1,1807,1843,1844,-1,1807,1844,1808,-1,1808,1844,1845,-1,1808,1845,1809,-1,1809,1845,1846,-1,1809,1846,1810,-1,1810,1846,1847,-1,1810,1847,1811,-1,1811,1847,1848,-1,1811,1848,1812,-1,1812,1848,1849,-1,1812,1849,1813,-1,1813,1849,1850,-1,1813,1850,1814,-1,1814,1850,1851,-1,1814,1851,1815,-1,1815,1851,1852,-1,1815,1852,1816,-1,1816,1852,1853,-1,1816,1853,1817,-1,1817,1853,1854,-1,1817,1854,1818,-1,1818,1854,1855,-1,1818,1855,1819,-1,1819,1855,1856,-1,1819,1856,1820,-1,1820,1856,1857,-1,1820,1857,1821,-1,1821,1857,1858,-1,1821,1858,1822,-1,1822,1858,1859,-1,1822,1859,1823,-1,1823,1859,1860,-1,1823,1860,1824,-1,1824,1860,1861,-1,1824,1861,1825,-1,1825,1861,1862,-1,1825,1862,1826,-1,1826,1862,1863,-1,1826,1863,1827,-1,1827,1863,1864,-1,1827,1864,1828,-1,1828,1864,1865,-1,1828,1865,1829,-1,1829,1865,1866,-1,1829,1866,1830,-1,1830,1866,1867,-1,1830,1867,1831,-1,1831,1867,1868,-1,1831,1868,1832,-1,1832,1868,1869,-1,1832,1869,1833,-1,1833,1869,1870,-1,1833,1870,1834,-1,1834,1870,1871,-1,1834,1871,1835,-1,1835,1871,1872,-1,1835,1872,1836,-1,1836,1872,1873,-1,1836,1873,1837,-1,1837,1873,1874,-1,1837,1874,1838,-1,1838,1874,1875,-1,1838,1875,1839,-1,1839,1875,1876,-1,1839,1876,1840,-1,1840,1876,1841,-1,1876,1877,1841,-1,1841,1877,1878,-1,1841,1878,1842,-1,1842,1878,1879,-1,1842,1879,1843,-1,1843,1879,1880,-1,1843,1880,1844,-1,1844,1880,1881,-1,1844,1881,1845,-1,1845,1881,1882,-1,1845,1882,1846,-1,1846,1882,1883,-1,1846,1883,1847,-1,1847,1883,1884,-1,1847,1884,1848,-1,1848,1884,1885,-1,1848,1885,1849,-1,1849,1885,1886,-1,1849,1886,1850,-1,1850,1886,1887,-1,1850,1887,1851,-1,1851,1887,1888,-1,1851,1888,1852,-1,1852,1888,1889,-1,1852,1889,1853,-1,1853,1889,1890,-1,1853,1890,1854,-1,1854,1890,1891,-1,1854,1891,1855,-1,1855,1891,1892,-1,1855,1892,1856,-1,1856,1892,1893,-1,1856,1893,1857,-1,1857,1893,1894,-1,1857,1894,1858,-1,1858,1894,1895,-1,1858,1895,1859,-1,1859,1895,1896,-1,1859,1896,1860,-1,1860,1896,1897,-1,1860,1897,1861,-1,1861,1897,1898,-1,1861,1898,1862,-1,1862,1898,1899,-1,1862,1899,1863,-1,1863,1899,1900,-1,1863,1900,1864,-1,1864,1900,1901,-1,1864,1901,1865,-1,1865,1901,1902,-1,1865,1902,1866,-1,1866,1902,1903,-1,1866,1903,1867,-1,1867,1903,1904,-1,1867,1904,1868,-1,1868,1904,1905,-1,1868,1905,1869,-1,1869,1905,1906,-1,1869,1906,1870,-1,1870,1906,1907,-1,1870,1907,1871,-1,1871,1907,1908,-1,1871,1908,1872,-1,1872,1908,1909,-1,1872,1909,1873,-1,1873,1909,1910,-1,1873,1910,1874,-1,1874,1910,1911,-1,1874,1911,1875,-1,1875,1911,1912,-1,1875,1912,1876,-1,1876,1912,1877,-1,1912,1913,1877,-1,1877,1913,1914,-1,1877,1914,1878,-1,1878,1914,1915,-1,1878,1915,1879,-1,1879,1915,1916,-1,1879,1916,1880,-1,1880,1916,1917,-1,1880,1917,1881,-1,1881,1917,1918,-1,1881,1918,1882,-1,1882,1918,1919,-1,1882,1919,1883,-1,1883,1919,1920,-1,1883,1920,1884,-1,1884,1920,1921,-1,1884,1921,1885,-1,1885,1921,1922,-1,1885,1922,1886,-1,1886,1922,1923,-1,1886,1923,1887,-1,1887,1923,1924,-1,1887,1924,1888,-1,1888,1924,1925,-1,1888,1925,1889,-1,1889,1925,1926,-1,1889,1926,1890,-1,1890,1926,1927,-1,1890,1927,1891,-1,1891,1927,1928,-1,1891,1928,1892,-1,1892,1928,1929,-1,1892,1929,1893,-1,1893,1929,1930,-1,1893,1930,1894,-1,1894,1930,1931,-1,1894,1931,1895,-1,1895,1931,1932,-1,1895,1932,1896,-1,1896,1932,1933,-1,1896,1933,1897,-1,1897,1933,1934,-1,1897,1934,1898,-1,1898,1934,1935,-1,1898,1935,1899,-1,1899,1935,1936,-1,1899,1936,1900,-1,1900,1936,1937,-1,1900,1937,1901,-1,1901,1937,1938,-1,1901,1938,1902,-1,1902,1938,1939,-1,1902,1939,1903,-1,1903,1939,1940,-1,1903,1940,1904,-1,1904,1940,1941,-1,1904,1941,1905,-1,1905,1941,1942,-1,1905,1942,1906,-1,1906,1942,1943,-1,1906,1943,1907,-1,1907,1943,1944,-1,1907,1944,1908,-1,1908,1944,1945,-1,1908,1945,1909,-1,1909,1945,1946,-1,1909,1946,1910,-1,1910,1946,1947,-1,1910,1947,1911,-1,1911,1947,1948,-1,1911,1948,1912,-1,1912,1948,1913,-1,1948,1949,1913,-1,1913,1949,1950,-1,1913,1950,1914,-1,1914,1950,1951,-1,1914,1951,1915,-1,1915,1951,1952,-1,1915,1952,1916,-1,1916,1952,1953,-1,1916,1953,1917,-1,1917,1953,1954,-1,1917,1954,1918,-1,1918,1954,1955,-1,1918,1955,1919,-1,1919,1955,1956,-1,1919,1956,1920,-1,1920,1956,1957,-1,1920,1957,1921,-1,1921,1957,1958,-1,1921,1958,1922,-1,1922,1958,1959,-1,1922,1959,1923,-1,1923,1959,1960,-1,1923,1960,1924,-1,1924,1960,1961,-1,1924,1961,1925,-1,1925,1961,1962,-1,1925,1962,1926,-1,1926,1962,1963,-1,1926,1963,1927,-1,1927,1963,1964,-1,1927,1964,1928,-1,1928,1964,1965,-1,1928,1965,1929,-1,1929,1965,1966,-1,1929,1966,1930,-1,1930,1966,1967,-1,1930,1967,1931,-1,1931,1967,1968,-1,1931,1968,1932,-1,1932,1968,1969,-1,1932,1969,1933,-1,1933,1969,1970,-1,1933,1970,1934,-1,1934,1970,1971,-1,1934,1971,1935,-1,1935,1971,1972,-1,1935,1972,1936,-1,1936,1972,1973,-1,1936,1973,1937,-1,1937,1973,1974,-1,1937,1974,1938,-1,1938,1974,1975,-1,1938,1975,1939,-1,1939,1975,1976,-1,1939,1976,1940,-1,1940,1976,1977,-1,1940,1977,1941,-1,1941,1977,1978,-1,1941,1978,1942,-1,1942,1978,1979,-1,1942,1979,1943,-1,1943,1979,1980,-1,1943,1980,1944,-1,1944,1980,1981,-1,1944,1981,1945,-1,1945,1981,1982,-1,1945,1982,1946,-1,1946,1982,1983,-1,1946,1983,1947,-1,1947,1983,1984,-1,1947,1984,1948,-1,1948,1984,1949,-1,1985,1986,1987,-1,1988,1986,1985,-1,1985,1989,1990,-1,1991,1989,1985,-1,1987,1991,1985,-1,1985,1992,1993,-1,1994,1992,1985,-1,1990,1994,1985,-1,1985,1995,1996,-1,1997,1995,1985,-1,1993,1997,1985,-1,1985,1998,1999,-1,2000,1998,1985,-1,1996,2000,1985,-1,1985,2001,2002,-1,2003,2001,1985,-1,1999,2003,1985,-1,1985,2004,2005,-1,2006,2004,1985,-1,2002,2006,1985,-1,1985,2007,2008,-1,2009,2007,1985,-1,2005,2009,1985,-1,1985,2010,2011,-1,2012,2010,1985,-1,2008,2012,1985,-1,1985,2013,2014,-1,2015,2013,1985,-1,2011,2015,1985,-1,1985,2016,2017,-1,2018,2016,1985,-1,2014,2018,1985,-1,1985,2019,2020,-1,2021,2019,1985,-1,2017,2021,1985,-1,2020,1988,1985,-1,1988,2022,1986,-1,1986,2022,2023,-1,1986,2023,1987,-1,1987,2023,2024,-1,1987,2024,1991,-1,1991,2024,2025,-1,1991,2025,1989,-1,1989,2025,2026,-1,1989,2026,1990,-1,1990,2026,2027,-1,1990,2027,1994,-1,1994,2027,2028,-1,1994,2028,1992,-1,1992,2028,2029,-1,1992,2029,1993,-1,1993,2029,2030,-1,1993,2030,1997,-1,1997,2030,2031,-1,1997,2031,1995,-1,1995,2031,2032,-1,1995,2032,1996,-1,1996,2032,2033,-1,1996,2033,2000,-1,2000,2033,2034,-1,2000,2034,1998,-1,1998,2034,2035,-1,1998,2035,1999,-1,1999,2035,2036,-1,1999,2036,2003,-1,2003,2036,2037,-1,2003,2037,2001,-1,2001,2037,2038,-1,2001,2038,2002,-1,2002,2038,2039,-1,2002,2039,2006,-1,2006,2039,2040,-1,2006,2040,2004,-1,2004,2040,2041,-1,2004,2041,2005,-1,2005,2041,2042,-1,2005,2042,2009,-1,2009,2042,2043,-1,2009,2043,2007,-1,2007,2043,2044,-1,2007,2044,2008,-1,2008,2044,2045,-1,2008,2045,2012,-1,2012,2045,2046,-1,2012,2046,2010,-1,2010,2046,2047,-1,2010,2047,2011,-1,2011,2047,2048,-1,2011,2048,2015,-1,2015,2048,2049,-1,2015,2049,2013,-1,2013,2049,2050,-1,2013,2050,2014,-1,2014,2050,2051,-1,2014,2051,2018,-1,2018,2051,2052,-1,2018,2052,2016,-1,2016,2052,2053,-1,2016,2053,2017,-1,2017,2053,2054,-1,2017,2054,2021,-1,2021,2054,2055,-1,2021,2055,2019,-1,2019,2055,2056,-1,2019,2056,2020,-1,2020,2056,2057,-1,2020,2057,1988,-1,1988,2057,2022,-1,2057,2058,2022,-1,2022,2058,2059,-1,2022,2059,2023,-1,2023,2059,2060,-1,2023,2060,2024,-1,2024,2060,2061,-1,2024,2061,2025,-1,2025,2061,2062,-1,2025,2062,2026,-1,2026,2062,2063,-1,2026,2063,2027,-1,2027,2063,2064,-1,2027,2064,2028,-1,2028,2064,2065,-1,2028,2065,2029,-1,2029,2065,2066,-1,2029,2066,2030,-1,2030,2066,2067,-1,2030,2067,2031,-1,2031,2067,2068,-1,2031,2068,2032,-1,2032,2068,2069,-1,2032,2069,2033,-1,2033,2069,2070,-1,2033,2070,2034,-1,2034,2070,2071,-1,2034,2071,2035,-1,2035,2071,2072,-1,2035,2072,2036,-1,2036,2072,2073,-1,2036,2073,2037,-1,2037,2073,2074,-1,2037,2074,2038,-1,2038,2074,2075,-1,2038,2075,2039,-1,2039,2075,2076,-1,2039,2076,2040,-1,2040,2076,2077,-1,2040,2077,2041,-1,2041,2077,2078,-1,2041,2078,2042,-1,2042,2078,2079,-1,2042,2079,2043,-1,2043,2079,2080,-1,2043,2080,2044,-1,2044,2080,2081,-1,2044,2081,2045,-1,2045,2081,2082,-1,2045,2082,2046,-1,2046,2082,2083,-1,2046,2083,2047,-1,2047,2083,2084,-1,2047,2084,2048,-1,2048,2084,2085,-1,2048,2085,2049,-1,2049,2085,2086,-1,2049,2086,2050,-1,2050,2086,2087,-1,2050,2087,2051,-1,2051,2087,2088,-1,2051,2088,2052,-1,2052,2088,2089,-1,2052,2089,2053,-1,2053,2089,2090,-1,2053,2090,2054,-1,2054,2090,2091,-1,2054,2091,2055,-1,2055,2091,2092,-1,2055,2092,2056,-1,2056,2092,2093,-1,2056,2093,2057,-1,2057,2093,2058,-1,2093,2094,2058,-1,2058,2094,2095,-1,2058,2095,2059,-1,2059,2095,2096,-1,2059,2096,2060,-1,2060,2096,2097,-1,2060,2097,2061,-1,2061,2097,2098,-1,2061,2098,2062,-1,2062,2098,2099,-1,2062,2099,2063,-1,2063,2099,2100,-1,2063,2100,2064,-1,2064,2100,2101,-1,2064,2101,2065,-1,2065,2101,2102,-1,2065,2102,2066,-1,2066,2102,2103,-1,2066,2103,2067,-1,2067,2103,2104,-1,2067,2104,2068,-1,2068,2104,2105,-1,2068,2105,2069,-1,2069,2105,2106,-1,2069,2106,2070,-1,2070,2106,2107,-1,2070,2107,2071,-1,2071,2107,2108,-1,2071,2108,2072,-1,2072,2108,2109,-1,2072,2109,2073,-1,2073,2109,2110,-1,2073,2110,2074,-1,2074,2110,2111,-1,2074,2111,2075,-1,2075,2111,2112,-1,2075,2112,2076,-1,2076,2112,2113,-1,2076,2113,2077,-1,2077,2113,2114,-1,2077,2114,2078,-1,2078,2114,2115,-1,2078,2115,2079,-1,2079,2115,2116,-1,2079,2116,2080,-1,2080,2116,2117,-1,2080,2117,2081,-1,2081,2117,2118,-1,2081,2118,2082,-1,2082,2118,2119,-1,2082,2119,2083,-1,2083,2119,2120,-1,2083,2120,2084,-1,2084,2120,2121,-1,2084,2121,2085,-1,2085,2121,2122,-1,2085,2122,2086,-1,2086,2122,2123,-1,2086,2123,2087,-1,2087,2123,2124,-1,2087,2124,2088,-1,2088,2124,2125,-1,2088,2125,2089,-1,2089,2125,2126,-1,2089,2126,2090,-1,2090,2126,2127,-1,2090,2127,2091,-1,2091,2127,2128,-1,2091,2128,2092,-1,2092,2128,2129,-1,2092,2129,2093,-1,2093,2129,2094,-1,2129,2130,2094,-1,2094,2130,2131,-1,2094,2131,2095,-1,2095,2131,2132,-1,2095,2132,2096,-1,2096,2132,2133,-1,2096,2133,2097,-1,2097,2133,2134,-1,2097,2134,2098,-1,2098,2134,2135,-1,2098,2135,2099,-1,2099,2135,2136,-1,2099,2136,2100,-1,2100,2136,2137,-1,2100,2137,2101,-1,2101,2137,2138,-1,2101,2138,2102,-1,2102,2138,2139,-1,2102,2139,2103,-1,2103,2139,2140,-1,2103,2140,2104,-1,2104,2140,2141,-1,2104,2141,2105,-1,2105,2141,2142,-1,2105,2142,2106,-1,2106,2142,2143,-1,2106,2143,2107,-1,2107,2143,2144,-1,2107,2144,2108,-1,2108,2144,2145,-1,2108,2145,2109,-1,2109,2145,2146,-1,2109,2146,2110,-1,2110,2146,2147,-1,2110,2147,2111,-1,2111,2147,2148,-1,2111,2148,2112,-1,2112,2148,2149,-1,2112,2149,2113,-1,2113,2149,2150,-1,2113,2150,2114,-1,2114,2150,2151,-1,2114,2151,2115,-1,2115,2151,2152,-1,2115,2152,2116,-1,2116,2152,2153,-1,2116,2153,2117,-1,2117,2153,2154,-1,2117,2154,2118,-1,2118,2154,2155,-1,2118,2155,2119,-1,2119,2155,2156,-1,2119,2156,2120,-1,2120,2156,2157,-1,2120,2157,2121,-1,2121,2157,2158,-1,2121,2158,2122,-1,2122,2158,2159,-1,2122,2159,2123,-1,2123,2159,2160,-1,2123,2160,2124,-1,2124,2160,2161,-1,2124,2161,2125,-1,2125,2161,2162,-1,2125,2162,2126,-1,2126,2162,2163,-1,2126,2163,2127,-1,2127,2163,2164,-1,2127,2164,2128,-1,2128,2164,2165,-1,2128,2165,2129,-1,2129,2165,2130,-1,2165,2166,2130,-1,2130,2166,2167,-1,2130,2167,2131,-1,2131,2167,2168,-1,2131,2168,2132,-1,2132,2168,2169,-1,2132,2169,2133,-1,2133,2169,2170,-1,2133,2170,2134,-1,2134,2170,2171,-1,2134,2171,2135,-1,2135,2171,2172,-1,2135,2172,2136,-1,2136,2172,2173,-1,2136,2173,2137,-1,2137,2173,2174,-1,2137,2174,2138,-1,2138,2174,2175,-1,2138,2175,2139,-1,2139,2175,2176,-1,2139,2176,2140,-1,2140,2176,2177,-1,2140,2177,2141,-1,2141,2177,2178,-1,2141,2178,2142,-1,2142,2178,2179,-1,2142,2179,2143,-1,2143,2179,2180,-1,2143,2180,2144,-1,2144,2180,2181,-1,2144,2181,2145,-1,2145,2181,2182,-1,2145,2182,2146,-1,2146,2182,2183,-1,2146,2183,2147,-1,2147,2183,2184,-1,2147,2184,2148,-1,2148,2184,2185,-1,2148,2185,2149,-1,2149,2185,2186,-1,2149,2186,2150,-1,2150,2186,2187,-1,2150,2187,2151,-1,2151,2187,2188,-1,2151,2188,2152,-1,2152,2188,2189,-1,2152,2189,2153,-1,2153,2189,2190,-1,2153,2190,2154,-1,2154,2190,2191,-1,2154,2191,2155,-1,2155,2191,2192,-1,2155,2192,2156,-1,2156,2192,2193,-1,2156,2193,2157,-1,2157,2193,2194,-1,2157,2194,2158,-1,2158,2194,2195,-1,2158,2195,2159,-1,2159,2195,2196,-1,2159,2196,2160,-1,2160,2196,2197,-1,2160,2197,2161,-1,2161,2197,2198,-1,2161,2198,2162,-1,2162,2198,2199,-1,2162,2199,2163,-1,2163,2199,2200,-1,2163,2200,2164,-1,2164,2200,2201,-1,2164,2201,2165,-1,2165,2201,2166,-1,2201,2202,2166,-1,2166,2202,2203,-1,2166,2203,2167,-1,2167,2203,2204,-1,2167,2204,2168,-1,2168,2204,2205,-1,2168,2205,2169,-1,2169,2205,2206,-1,2169,2206,2170,-1,2170,2206,2207,-1,2170,2207,2171,-1,2171,2207,2208,-1,2171,2208,2172,-1,2172,2208,2209,-1,2172,2209,2173,-1,2173,2209,2210,-1,2173,2210,2174,-1,2174,2210,2211,-1,2174,2211,2175,-1,2175,2211,2212,-1,2175,2212,2176,-1,2176,2212,2213,-1,2176,2213,2177,-1,2177,2213,2214,-1,2177,2214,2178,-1,2178,2214,2215,-1,2178,2215,2179,-1,2179,2215,2216,-1,2179,2216,2180,-1,2180,2216,2217,-1,2180,2217,2181,-1,2181,2217,2218,-1,2181,2218,2182,-1,2182,2218,2219,-1,2182,2219,2183,-1,2183,2219,2220,-1,2183,2220,2184,-1,2184,2220,2221,-1,2184,2221,2185,-1,2185,2221,2222,-1,2185,2222,2186,-1,2186,2222,2223,-1,2186,2223,2187,-1,2187,2223,2224,-1,2187,2224,2188,-1,2188,2224,2225,-1,2188,2225,2189,-1,2189,2225,2226,-1,2189,2226,2190,-1,2190,2226,2227,-1,2190,2227,2191,-1,2191,2227,2228,-1,2191,2228,2192,-1,2192,2228,2229,-1,2192,2229,2193,-1,2193,2229,2230,-1,2193,2230,2194,-1,2194,2230,2231,-1,2194,2231,2195,-1,2195,2231,2232,-1,2195,2232,2196,-1,2196,2232,2233,-1,2196,2233,2197,-1,2197,2233,2234,-1,2197,2234,2198,-1,2198,2234,2235,-1,2198,2235,2199,-1,2199,2235,2236,-1,2199,2236,2200,-1,2200,2236,2237,-1,2200,2237,2201,-1,2201,2237,2202,-1,2237,2238,2202,-1,2202,2238,2239,-1,2202,2239,2203,-1,2203,2239,2240,-1,2203,2240,2204,-1,2204,2240,2241,-1,2204,2241,2205,-1,2205,2241,2242,-1,2205,2242,2206,-1,2206,2242,2243,-1,2206,2243,2207,-1,2207,2243,2244,-1,2207,2244,2208,-1,2208,2244,2245,-1,2208,2245,2209,-1,2209,2245,2246,-1,2209,2246,2210,-1,2210,2246,2247,-1,2210,2247,2211,-1,2211,2247,2248,-1,2211,2248,2212,-1,2212,2248,2249,-1,2212,2249,2213,-1,2213,2249,2250,-1,2213,2250,2214,-1,2214,2250,2251,-1,2214,2251,2215,-1,2215,2251,2252,-1,2215,2252,2216,-1,2216,2252,2253,-1,2216,2253,2217,-1,2217,2253,2254,-1,2217,2254,2218,-1,2218,2254,2255,-1,2218,2255,2219,-1,2219,2255,2256,-1,2219,2256,2220,-1,2220,2256,2257,-1,2220,2257,2221,-1,2221,2257,2258,-1,2221,2258,2222,-1,2222,2258,2259,-1,2222,2259,2223,-1,2223,2259,2260,-1,2223,2260,2224,-1,2224,2260,2261,-1,2224,2261,2225,-1,2225,2261,2262,-1,2225,2262,2226,-1,2226,2262,2263,-1,2226,2263,2227,-1,2227,2263,2264,-1,2227,2264,2228,-1,2228,2264,2265,-1,2228,2265,2229,-1,2229,2265,2266,-1,2229,2266,2230,-1,2230,2266,2267,-1,2230,2267,2231,-1,2231,2267,2268,-1,2231,2268,2232,-1,2232,2268,2269,-1,2232,2269,2233,-1,2233,2269,2270,-1,2233,2270,2234,-1,2234,2270,2271,-1,2234,2271,2235,-1,2235,2271,2272,-1,2235,2272,2236,-1,2236,2272,2273,-1,2236,2273,2237,-1,2237,2273,2238,-1,2273,2274,2238,-1,2238,2274,2275,-1,2238,2275,2239,-1,2239,2275,2276,-1,2239,2276,2240,-1,2240,2276,2277,-1,2240,2277,2241,-1,2241,2277,2278,-1,2241,2278,2242,-1,2242,2278,2279,-1,2242,2279,2243,-1,2243,2279,2280,-1,2243,2280,2244,-1,2244,2280,2281,-1,2244,2281,2245,-1,2245,2281,2282,-1,2245,2282,2246,-1,2246,2282,2283,-1,2246,2283,2247,-1,2247,2283,2284,-1,2247,2284,2248,-1,2248,2284,2285,-1,2248,2285,2249,-1,2249,2285,2286,-1,2249,2286,2250,-1,2250,2286,2287,-1,2250,2287,2251,-1,2251,2287,2288,-1,2251,2288,2252,-1,2252,2288,2289,-1,2252,2289,2253,-1,2253,2289,2290,-1,2253,2290,2254,-1,2254,2290,2291,-1,2254,2291,2255,-1,2255,2291,2292,-1,2255,2292,2256,-1,2256,2292,2293,-1,2256,2293,2257,-1,2257,2293,2294,-1,2257,2294,2258,-1,2258,2294,2295,-1,2258,2295,2259,-1,2259,2295,2296,-1,2259,2296,2260,-1,2260,2296,2297,-1,2260,2297,2261,-1,2261,2297,2298,-1,2261,2298,2262,-1,2262,2298,2299,-1,2262,2299,2263,-1,2263,2299,2300,-1,2263,2300,2264,-1,2264,2300,2301,-1,2264,2301,2265,-1,2265,2301,2302,-1,2265,2302,2266,-1,2266,2302,2303,-1,2266,2303,2267,-1,2267,2303,2304,-1,2267,2304,2268,-1,2268,2304,2305,-1,2268,2305,2269,-1,2269,2305,2306,-1,2269,2306,2270,-1,2270,2306,2307,-1,2270,2307,2271,-1,2271,2307,2308,-1,2271,2308,2272,-1,2272,2308,2309,-1,2272,2309,2273,-1,2273,2309,2274,-1,2309,2310,2274,-1,2274,2310,2311,-1,2274,2311,2275,-1,2275,2311,2312,-1,2275,2312,2276,-1,2276,2312,2313,-1,2276,2313,2277,-1,2277,2313,2314,-1,2277,2314,2278,-1,2278,2314,2315,-1,2278,2315,2279,-1,2279,2315,2316,-1,2279,2316,2280,-1,2280,2316,2317,-1,2280,2317,2281,-1,2281,2317,2318,-1,2281,2318,2282,-1,2282,2318,2319,-1,2282,2319,2283,-1,2283,2319,2320,-1,2283,2320,2284,-1,2284,2320,2321,-1,2284,2321,2285,-1,2285,2321,2322,-1,2285,2322,2286,-1,2286,2322,2323,-1,2286,2323,2287,-1,2287,2323,2324,-1,2287,2324,2288,-1,2288,2324,2325,-1,2288,2325,2289,-1,2289,2325,2326,-1,2289,2326,2290,-1,2290,2326,2327,-1,2290,2327,2291,-1,2291,2327,2328,-1,2291,2328,2292,-1,2292,2328,2329,-1,2292,2329,2293,-1,2293,2329,2330,-1,2293,2330,2294,-1,2294,2330,2331,-1,2294,2331,2295,-1,2295,2331,2332,-1,2295,2332,2296,-1,2296,2332,2333,-1,2296,2333,2297,-1,2297,2333,2334,-1,2297,2334,2298,-1,2298,2334,2335,-1,2298,2335,2299,-1,2299,2335,2336,-1,2299,2336,2300,-1,2300,2336,2337,-1,2300,2337,2301,-1,2301,2337,2338,-1,2301,2338,2302,-1,2302,2338,2339,-1,2302,2339,2303,-1,2303,2339,2340,-1,2303,2340,2304,-1,2304,2340,2341,-1,2304,2341,2305,-1,2305,2341,2342,-1,2305,2342,2306,-1,2306,2342,2343,-1,2306,2343,2307,-1,2307,2343,2344,-1,2307,2344,2308,-1,2308,2344,2345,-1,2308,2345,2309,-1,2309,2345,2310,-1,2345,2346,2310,-1,2310,2346,2347,-1,2310,2347,2311,-1,2311,2347,2348,-1,2311,2348,2312,-1,2312,2348,2349,-1,2312,2349,2313,-1,2313,2349,2350,-1,2313,2350,2314,-1,2314,2350,2351,-1,2314,2351,2315,-1,2315,2351,2352,-1,2315,2352,2316,-1,2316,2352,2353,-1,2316,2353,2317,-1,2317,2353,2354,-1,2317,2354,2318,-1,2318,2354,2355,-1,2318,2355,2319,-1,2319,2355,2356,-1,2319,2356,2320,-1,2320,2356,2357,-1,2320,2357,2321,-1,2321,2357,2358,-1,2321,2358,2322,-1,2322,2358,2359,-1,2322,2359,2323,-1,2323,2359,2360,-1,2323,2360,2324,-1,2324,2360,2361,-1,2324,2361,2325,-1,2325,2361,2362,-1,2325,2362,2326,-1,2326,2362,2363,-1,2326,2363,2327,-1,2327,2363,2364,-1,2327,2364,2328,-1,2328,2364,2365,-1,2328,2365,2329,-1,2329,2365,2366,-1,2329,2366,2330,-1,2330,2366,2367,-1,2330,2367,2331,-1,2331,2367,2368,-1,2331,2368,2332,-1,2332,2368,2369,-1,2332,2369,2333,-1,2333,2369,2370,-1,2333,2370,2334,-1,2334,2370,2371,-1,2334,2371,2335,-1,2335,2371,2372,-1,2335,2372,2336,-1,2336,2372,2373,-1,2336,2373,2337,-1,2337,2373,2374,-1,2337,2374,2338,-1,2338,2374,2375,-1,2338,2375,2339,-1,2339,2375,2376,-1,2339,2376,2340,-1,2340,2376,2377,-1,2340,2377,2341,-1,2341,2377,2378,-1,2341,2378,2342,-1,2342,2378,2379,-1,2342,2379,2343,-1,2343,2379,2380,-1,2343,2380,2344,-1,2344,2380,2381,-1,2344,2381,2345,-1,2345,2381,2346,-1,
        ]
    }
}
Shape{
    appearance Appearance {
        material  Material 	{
            diffuseColor 0.0 0.0 0.0
            specularColor 0.0 0.0 0.0
            ambientIntensity 0.0
            transparency 0.0
            shininess 0.5
        }
    }
    geometry IndexedFaceSet {
        ccw TRUE
        solid FALSE
        coord DEF co Coordinate {
            point [
                -0.0469 -0.1831 0.1969, -0.0469 -0.0132 0.1969, -0.0477 -0.0132 0.1969, -0.0323 -0.2178 0.1969, -0.0329 -0.2179 0.1969, -0.0296 -0.2179 0.1969, -0.0427 -0.1833 0.1969, -0.0416 -0.1831 0.1969, -0.0392 -0.1966 0.1969, -0.0401 -0.1967 0.1969, -0.0357 -0.1967 0.1969, -0.072 -0.1937 0.1969, -0.0695 -0.1959 0.1969, -0.0599 -0.1831 0.1969, -0.0599 -0.1967 0.1969, -0.0848 -0.1818 0.1969, -0.0828 -0.1831 0.1969, -0.0806 -0.1846 0.1969, -0.0775 -0.1882 0.1969, -0.0754 -0.1921 0.1969, -0.0749 -0.1923 0.1969, -0.0896 -0.1801 0.1969, -0.0599 -0.0132 0.1969, -0.0935 -0.1797 0.1969, -0.1252 -0.0132 0.1969, -0.0982 -0.1802 0.1969, -0.1026 -0.1819 0.1969, -0.1252 -0.1965 0.1969, -0.1242 -0.1945 0.1969, -0.1252 -0.1831 0.1969, -0.1221 -0.1919 0.1969, -0.1213 -0.1911 0.1969, -0.1181 -0.189 0.1969, -0.1145 -0.1877 0.1969, -0.1112 -0.1873 0.1969, -0.1045 -0.1831 0.1969, -0.1049 -0.1834 0.1969, -0.1071 -0.1853 0.1969, -0.1101 -0.1874 0.1969, -0.109 -0.1875 0.1969, -0.1258 -0.1978 0.1969, -0.1575 -0.1967 0.1969, -0.1264 -0.2006 0.1969, -0.1575 -0.2006 0.1969, -0.1265 -0.2016 0.1969, -0.1252 -0.209 0.1969, -0.1262 -0.206 0.1969, -0.1575 -0.2179 0.1969, -0.1266 -0.2027 0.1969, -0.1167 -0.2171 0.1969, -0.1201 -0.2153 0.1969, -0.1252 -0.2179 0.1969, -0.115 -0.2176 0.1969, -0.1226 -0.2131 0.1969, -0.123 -0.2126 0.1969, -0.125 -0.2096 0.1969, -0.1108 -0.2228 0.1969, -0.1127 -0.2214 0.1969, -0.1252 -0.2232 0.1969, -0.1141 -0.2196 0.1969, -0.1149 -0.2179 0.1969, -0.106 -0.2241 0.1969, -0.1252 -0.2559 0.1969, -0.1037 -0.2238 0.1969, -0.0599 -0.2559 0.1969, -0.1021 -0.2232 0.1969, -0.1064 -0.2241 0.1969, -0.1086 -0.2237 0.1969, -0.1099 -0.2232 0.1969, -0.0971 -0.2179 0.1969, -0.0971 -0.2179 0.1969, -0.0599 -0.2232 0.1969, -0.0982 -0.22 0.1969, -0.0997 -0.2217 0.1969, -0.1016 -0.223 0.1969, -0.0696 -0.2135 0.1969, -0.0723 -0.2158 0.1969, -0.0599 -0.2179 0.1969, -0.0678 -0.2111 0.1969, -0.0989 -0.2082 0.1969, -0.0862 -0.2016 0.1969, -0.1005 -0.2067 0.1969, -0.1026 -0.2056 0.1969, -0.072 -0.2038 0.1969, -0.0724 -0.202 0.1969, -0.0732 -0.2006 0.1969, -0.1204 -0.2006 0.1969, -0.0843 -0.212 0.1969, -0.0832 -0.2066 0.1969, -0.085 -0.2123 0.1969, -0.0855 -0.2127 0.1969, -0.0842 -0.2177 0.1969, -0.0849 -0.2175 0.1969, -0.0855 -0.2171 0.1969, -0.0858 -0.2168 0.1969, -0.1198 -0.2063 0.1969, -0.1187 -0.2082 0.1969, -0.1139 -0.2092 0.1969, -0.117 -0.21 0.1969, -0.1149 -0.2113 0.1969, -0.1104 -0.2061 0.1969, -0.1123 -0.2074 0.1969, -0.1206 -0.2025 0.1969, -0.1205 -0.204 0.1969, -0.0665 -0.2015 0.1969, -0.0661 -0.2045 0.1969, -0.0599 -0.2006 0.1969, -0.0661 -0.205 0.1969, -0.0665 -0.2081 0.1969, -0.0752 -0.2172 0.1969, -0.0782 -0.2178 0.1969, -0.0838 -0.2178 0.1969, -0.1083 -0.2053 0.1969, -0.106 -0.205 0.1969, -0.1048 -0.2051 0.1969, -0.0836 -0.2119 0.1969, -0.0835 -0.2119 0.1969, -0.0832 -0.212 0.1969, -0.0866 -0.2149 0.1969, -0.0865 -0.2146 0.1969, -0.0965 -0.2136 0.1969, -0.0864 -0.2139 0.1969, -0.086 -0.2132 0.1969, -0.0862 -0.2162 0.1969, -0.0865 -0.2155 0.1969, -0.0966 -0.2156 0.1969, -0.0965 -0.2146 0.1969, -0.0739 -0.2096 0.1969, -0.0728 -0.2082 0.1969, -0.0722 -0.2065 0.1969, -0.0719 -0.2046 0.1969, -0.083 -0.212 0.1969, -0.0788 -0.212 0.1969, -0.0771 -0.2117 0.1969, -0.0754 -0.2109 0.1969, -0.074 -0.2098 0.1969, -0.0801 -0.1972 0.1969, -0.1195 -0.1981 0.1969, -0.1203 -0.2002 0.1969, -0.0793 -0.1972 0.1969, -0.0733 -0.2003 0.1969, -0.0744 -0.1991 0.1969, -0.0759 -0.1981 0.1969, -0.0775 -0.1974 0.1969, -0.1185 -0.1967 0.1969, -0.1061 -0.1945 0.1969, -0.1068 -0.1941 0.1969, -0.0818 -0.192 0.1969, -0.0839 -0.1894 0.1969, -0.0847 -0.1886 0.1969, -0.0874 -0.1868 0.1969, -0.0903 -0.1857 0.1969, -0.1089 -0.1933 0.1969, -0.1111 -0.193 0.1969, -0.1121 -0.1931 0.1969, -0.0802 -0.1967 0.1969, -0.0805 -0.1951 0.1969, -0.0934 -0.1854 0.1969, -0.0938 -0.1854 0.1969, -0.1048 -0.1916 0.1969, -0.097 -0.1858 0.1969, -0.1027 -0.1891 0.1969, -0.1001 -0.1871 0.1969, -0.1144 -0.1936 0.1969, -0.1166 -0.1948 0.1969, -0.1182 -0.1962 0.1969, -0.069 -0.1967 0.1969, -0.0676 -0.1986 0.1969, -0.0668 -0.2006 0.1969, -0.0048 -0.1929 0.1969, -0.0097 -0.1929 0.1969, -0.0035 -0.1966 0.1969, -0.0097 -0.1967 0.1969, -0.0016 -0.1966 0.1969, 0.1575 -0.1967 0.1969, 0.1575 -0.1831 0.1969, -0.0067 -0.1832 0.1969, -0.0097 -0.1831 0.1969, -0.0104 -0.1929 0.1969, -0.0117 -0.1966 0.1969, -0.0139 -0.1967 0.1969, -0.0136 -0.1966 0.1969, -0.0139 -0.1831 0.1969, -0.0097 -0.1865 0.1969, -0.0085 -0.1832 0.1969, -0.0296 -0.1906 0.1969, -0.0332 -0.1906 0.1969, -0.0296 -0.1951 0.1969, -0.0332 -0.1951 0.1969, -0.0264 -0.1831 0.1969, -0.0296 -0.1831 0.1969, -0.028 -0.1832 0.1969, -0.0296 -0.1832 0.1969, -0.028 -0.1848 0.1969, -0.0277 -0.1951 0.1969, -0.0264 -0.1967 0.1969, -0.0277 -0.1966 0.1969, -0.0296 -0.1967 0.1969, -0.0284 -0.1906 0.1969, -0.0284 -0.1891 0.1969, -0.0296 -0.1891 0.1969, -0.0296 -0.1848 0.1969, -0.0332 -0.1848 0.1969, -0.0332 -0.1891 0.1969, -0.0349 -0.1832 0.1969, -0.0357 -0.1831 0.1969, -0.0349 -0.1966 0.1969, -0.0376 -0.1836 0.1969, -0.0389 -0.1832 0.1969, -0.0393 -0.1831 0.1969, -0.0296 -0.1966 0.1969, -0.0376 -0.1854 0.1969, -0.0378 -0.1962 0.1969, -0.0404 -0.1953 0.1969, -0.0389 -0.195 0.1969, -0.0376 -0.1944 0.1969, -0.0376 -0.196 0.1969, -0.0391 -0.1848 0.1969, -0.0407 -0.1846 0.1969, -0.0457 -0.1901 0.1969, -0.0451 -0.193 0.1969, -0.0444 -0.1939 0.1969, -0.0442 -0.1941 0.1969, -0.0433 -0.1947 0.1969, -0.0423 -0.1951 0.1969, -0.041 -0.1953 0.1969, -0.0443 -0.1861 0.1969, -0.0451 -0.1871 0.1969, -0.0434 -0.1853 0.1969, -0.0424 -0.1848 0.1969, -0.0412 -0.1846 0.1969, -0.0455 -0.1882 0.1969, -0.0377 -0.1853 0.1969, -0.0457 -0.1906 0.1969, -0.0455 -0.1919 0.1969, -0.0407 -0.183 0.1969, -0.0357 -0.0132 0.1969, -0.0407 -0.183 0.1969, -0.0469 -0.1871 0.1969, -0.0466 -0.1862 0.1969, -0.0456 -0.185 0.1969, -0.0453 -0.1847 0.1969, -0.044 -0.1838 0.1969, -0.0475 -0.1895 0.1969, -0.0472 -0.1877 0.1969, -0.0477 -0.1831 0.1969, -0.0469 -0.1932 0.1969, -0.0473 -0.1924 0.1969, -0.0477 -0.1967 0.1969, -0.0475 -0.1902 0.1969, -0.0448 -0.1959 0.1969, -0.0458 -0.195 0.1969, -0.0469 -0.1967 0.1969, -0.0467 -0.1938 0.1969, -0.0412 -0.1968 0.1969, -0.0421 -0.1968 0.1969, -0.0469 -0.2006 0.1969, -0.0424 -0.1967 0.1969, -0.0435 -0.1965 0.1969, -0.0147 -0.1922 0.1969, -0.0153 -0.1935 0.1969, -0.0191 -0.1831 0.1969, -0.0191 -0.1836 0.1969, -0.0177 -0.1841 0.1969, -0.0191 -0.1962 0.1969, -0.0191 -0.1967 0.1969, -0.0177 -0.1957 0.1969, -0.0163 -0.1947 0.1969, -0.0163 -0.185 0.1969, -0.0159 -0.1855 0.1969, -0.015 -0.1866 0.1969, -0.0145 -0.1879 0.1969, -0.0143 -0.1897 0.1969, -0.0144 -0.1906 0.1969, -0.0214 -0.1832 0.1969, -0.0193 -0.1835 0.1969, -0.0192 -0.1963 0.1969, -0.0215 -0.1966 0.1969, -0.0252 -0.1966 0.1969, -0.0252 -0.1832 0.1969, -0.0418 -0.2177 0.1969, -0.0424 -0.2179 0.1969, -0.0404 -0.2178 0.1969, -0.0457 -0.2132 0.1969, -0.0454 -0.2105 0.1969, -0.046 -0.2137 0.1969, -0.0462 -0.2143 0.1969, -0.0412 -0.2173 0.1969, -0.0443 -0.2179 0.1969, -0.045 -0.2176 0.1969, -0.0469 -0.2179 0.1969, -0.0461 -0.2166 0.1969, -0.0463 -0.216 0.1969, -0.0417 -0.2094 0.1969, -0.0423 -0.2094 0.1969, -0.0432 -0.2121 0.1969, -0.0452 -0.2128 0.1969, -0.0445 -0.2124 0.1969, -0.0443 -0.2098 0.1969, -0.0432 -0.2095 0.1969, -0.0455 -0.2172 0.1969, -0.0457 -0.2171 0.1969, -0.0357 -0.2126 0.1969, -0.0364 -0.2157 0.1969, -0.0357 -0.2126 0.1969, -0.0358 -0.2161 0.1969, -0.0357 -0.2161 0.1969, -0.0438 -0.2082 0.1969, -0.0451 -0.2087 0.1969, -0.0454 -0.2089 0.1969, -0.0404 -0.2163 0.1969, -0.0404 -0.2163 0.1969, -0.0407 -0.2167 0.1969, -0.0463 -0.2152 0.1969, -0.0463 -0.215 0.1969, -0.0404 -0.2117 0.1969, -0.0404 -0.211 0.1969, -0.0406 -0.2104 0.1969, -0.0408 -0.21 0.1969, -0.0394 -0.209 0.1969, -0.0391 -0.2096 0.1969, -0.0362 -0.2097 0.1969, -0.0388 -0.2103 0.1969, -0.0364 -0.2103 0.1969, -0.0421 -0.208 0.1969, -0.0411 -0.2081 0.1969, -0.0404 -0.2083 0.1969, -0.041 -0.2098 0.1969, -0.0413 -0.2096 0.1969, -0.0357 -0.2006 0.1969, -0.0359 -0.2093 0.1969, -0.0399 -0.2086 0.1969, -0.0359 -0.2123 0.1969, -0.0361 -0.212 0.1969, -0.0387 -0.2116 0.1969, -0.0363 -0.2115 0.1969, -0.0364 -0.2108 0.1969, -0.0425 -0.2179 0.1969, -0.0357 -0.2232 0.1969, -0.0469 -0.2232 0.1969, -0.0433 -0.218 0.1969, -0.0443 -0.2179 0.1969, -0.0364 -0.2174 0.1969, -0.0387 -0.2178 0.1969, -0.0357 -0.2177 0.1969, -0.0357 -0.2179 0.1969, -0.0353 -0.2178 0.1969, -0.0349 -0.2179 0.1969, -0.0338 -0.218 0.1969, -0.0304 -0.2084 0.1969, -0.0304 -0.2101 0.1969, -0.0302 -0.2163 0.1969, -0.0305 -0.2168 0.1969, -0.0301 -0.2158 0.1969, -0.0357 -0.2091 0.1969, -0.0353 -0.2088 0.1969, -0.0349 -0.2085 0.1969, -0.0311 -0.2172 0.1969, -0.0314 -0.2175 0.1969, -0.034 -0.2082 0.1969, -0.0327 -0.208 0.1969, -0.0296 -0.2006 0.1969, -0.0315 -0.2081 0.1969, -0.0305 -0.2136 0.1969, -0.0302 -0.214 0.1969, -0.0301 -0.2145 0.1969, -0.03 -0.2152 0.1969, -0.0329 -0.2094 0.1969, -0.0334 -0.2094 0.1969, -0.0347 -0.2107 0.1969, -0.0338 -0.2095 0.1969, -0.0342 -0.2097 0.1969, -0.0347 -0.2109 0.1969, -0.0346 -0.2111 0.1969, -0.0345 -0.2114 0.1969, -0.0343 -0.2115 0.1969, -0.0337 -0.2119 0.1969, -0.0317 -0.2095 0.1969, -0.0327 -0.2124 0.1969, -0.0308 -0.2099 0.1969, -0.0321 -0.2126 0.1969, -0.0309 -0.2132 0.1969, -0.0344 -0.2099 0.1969, -0.0346 -0.2102 0.1969, -0.0347 -0.2104 0.1969, -0.0348 -0.2165 0.1969, -0.0339 -0.2136 0.1969, -0.0349 -0.2131 0.1969, -0.0337 -0.2166 0.1969, -0.0336 -0.2166 0.1969, -0.0328 -0.214 0.1969, -0.0327 -0.2165 0.1969, -0.0317 -0.2153 0.1969, -0.0317 -0.2151 0.1969, -0.0323 -0.2164 0.1969, -0.0322 -0.2163 0.1969, -0.032 -0.2161 0.1969, -0.0318 -0.2159 0.1969, -0.0317 -0.2157 0.1969, -0.0318 -0.2149 0.1969, -0.0319 -0.2146 0.1969, -0.0321 -0.2144 0.1969, -0.0217 -0.2082 0.1969, -0.02 -0.2082 0.1969, -0.0191 -0.2006 0.1969, -0.0248 -0.2154 0.1969, -0.0246 -0.2162 0.1969, -0.0245 -0.2162 0.1969, -0.0264 -0.2006 0.1969, -0.0264 -0.2105 0.1969, -0.0243 -0.2154 0.1969, -0.0244 -0.2159 0.1969, -0.0264 -0.2179 0.1969, -0.0264 -0.215 0.1969, -0.0291 -0.2082 0.1969, -0.0272 -0.2082 0.1969, -0.0254 -0.2177 0.1969, -0.0254 -0.2179 0.1969, -0.0261 -0.2195 0.1969, -0.0296 -0.2232 0.1969, -0.0288 -0.2221 0.1969, -0.0288 -0.2206 0.1969, -0.0284 -0.2207 0.1969, -0.0278 -0.2208 0.1969, -0.0275 -0.2208 0.1969, -0.0271 -0.2207 0.1969, -0.0268 -0.2205 0.1969, -0.0264 -0.2219 0.1969, -0.027 -0.2222 0.1969, -0.0264 -0.2232 0.1969, -0.0277 -0.2222 0.1969, -0.0281 -0.2222 0.1969, -0.0265 -0.2201 0.1969, -0.0264 -0.2201 0.1969, -0.0191 -0.2232 0.1969, -0.0257 -0.2215 0.1969, -0.0263 -0.2219 0.1969, -0.0238 -0.2179 0.1969, -0.0243 -0.2192 0.1969, -0.0251 -0.2207 0.1969, -0.0139 -0.2117 0.1969, -0.0164 -0.2117 0.1969, -0.0139 -0.2162 0.1969, -0.0164 -0.2162 0.1969, -0.0113 -0.2044 0.1969, -0.0113 -0.206 0.1969, -0.0097 -0.2006 0.1969, -0.011 -0.2162 0.1969, -0.0097 -0.2179 0.1969, -0.011 -0.2178 0.1969, -0.0139 -0.2179 0.1969, -0.0117 -0.2117 0.1969, -0.0117 -0.2102 0.1969, -0.0139 -0.2102 0.1969, -0.0139 -0.206 0.1969, -0.0164 -0.206 0.1969, -0.0164 -0.2102 0.1969, -0.0139 -0.2178 0.1969, -0.0182 -0.2178 0.1969, -0.0191 -0.2179 0.1969, -0.0182 -0.2044 0.1969, -0.0139 -0.2044 0.1969, -0.0139 -0.2006 0.1969, -0.0599 0.2559 0.1969, -0.0477 0.2559 0.1969, -0.0469 0.2559 0.1969, -0.0357 0.2559 0.1969, -0.0296 -0.0132 0.1969, -0.0296 0.2559 0.1969, -0.0264 -0.0132 0.1969, -0.0264 0.2559 0.1969, -0.0191 -0.0132 0.1969, -0.0191 0.2559 0.1969, -0.0139 -0.0132 0.1969, -0.0139 0.2559 0.1969, -0.0097 -0.0132 0.1969, -0.0097 0.2559 0.1969, 0.1575 -0.0132 0.1969, 0.1575 0.2559 0.1969, -0.1019 0.2114 0.1969, -0.0942 0.2124 0.1969, -0.1252 0.2559 0.1969, -0.0866 0.2114 0.1969, -0.0795 0.2084 0.1969, -0.0647 0.1829 0.1969, -0.0657 0.1752 0.1969, -0.0686 0.1681 0.1969, -0.0733 0.162 0.1969, -0.0733 0.2038 0.1969, -0.0686 0.1976 0.1969, -0.0657 0.1905 0.1969, -0.0795 0.1573 0.1969, -0.0866 0.1544 0.1969, -0.0942 0.1533 0.1969, -0.1019 0.1544 0.1969, -0.109 0.1573 0.1969, -0.1151 0.162 0.1969, -0.1198 0.1681 0.1969, -0.1227 0.1752 0.1969, -0.1237 0.1829 0.1969, -0.1227 0.1905 0.1969, -0.1198 0.1976 0.1969, -0.1151 0.2038 0.1969, -0.109 0.2084 0.1969, -0.1575 0.2559 0.1969, -0.1575 -0.0132 0.1969, -0.1575 -0.1831 0.1969, -0.1253 -0.1967 0.1969, -0.0481 -0.1951 0.1969, -0.0481 -0.1966 0.1969, -0.0551 -0.1966 0.1969, -0.0551 -0.1832 0.1969, -0.0534 -0.1832 0.1969, -0.0534 -0.1951 0.1969, -0.0477 -0.2006 0.1969, 0.005 -0.2178 0.1969, 0.0031 -0.2178 0.1969, 0.1575 -0.2006 0.1969, 0.0101 -0.2044 0.1969, 0.1575 -0.2179 0.1969, 0.0151 -0.2178 0.1969, 0.0132 -0.2178 0.1969, 0.0119 -0.2141 0.1969, 0.0063 -0.2141 0.1969, 0.002 -0.2133 0.1969, 0.0024 -0.2118 0.1969, 0.0082 -0.2044 0.1969, 0.0024 -0.2109 0.1969, 0.0022 -0.2091 0.1969, 0.0014 -0.2147 0.1969, 0.0004 -0.2159 0.1969, -0.001 -0.2169 0.1969, -0.0085 -0.2044 0.1969, -0.0085 -0.2178 0.1969, -0.0048 -0.2178 0.1969, -0.0025 -0.2175 0.1969, 0.0004 -0.2062 0.1969, 0.0008 -0.2066 0.1969, 0.0017 -0.2078 0.1969, -0.0047 -0.2044 0.1969, -0.0026 -0.2046 0.1969, -0.001 -0.2052 0.1969, -0.0477 -0.2179 0.1969, -0.0551 -0.2178 0.1969, -0.0479 -0.2178 0.1969, -0.0479 -0.2162 0.1969, -0.0483 -0.206 0.1969, -0.0551 -0.2044 0.1969, -0.0483 -0.2044 0.1969, -0.0534 -0.2117 0.1969, -0.0534 -0.2162 0.1969, -0.0486 -0.2117 0.1969, -0.0486 -0.2102 0.1969, -0.0534 -0.2102 0.1969, -0.0534 -0.206 0.1969, -0.0139 -0.2232 0.1969, -0.0097 -0.2232 0.1969, 0.1575 -0.2232 0.1969, -0.0477 -0.2232 0.1969, -0.0477 -0.2559 0.1969, -0.0469 -0.2559 0.1969, -0.0357 -0.2559 0.1969, -0.0296 -0.2559 0.1969, -0.0264 -0.2559 0.1969, -0.0191 -0.2559 0.1969, -0.0139 -0.2559 0.1969, -0.0097 -0.2559 0.1969, 0.1575 -0.2559 0.1969, -0.1575 -0.2232 0.1969, -0.1575 -0.2559 0.1969, 0.1575 -0.2559 0.1882, 0.1575 0.2559 0.1882, -0.1575 0.2559 0.1882, -0.1575 -0.2559 0.1882
            ]
        }
        coordIndex [
            0,1,2,-1,3,4,5,-1,6,7,0,-1,8,9,10,-1,11,12,13,-1,13,12,14,-1,15,16,13,-1,13,16,17,-1,13,17,18,-1,18,19,13,-1,13,19,20,-1,13,20,11,-1,21,22,23,-1,23,22,24,-1,23,24,25,-1,25,24,26,-1,27,28,29,-1,29,28,30,-1,29,30,31,-1,31,32,29,-1,29,32,33,-1,29,33,34,-1,26,24,35,-1,35,24,29,-1,35,29,36,-1,36,29,34,-1,36,34,37,-1,37,34,38,-1,37,38,39,-1,40,41,42,-1,42,41,43,-1,42,43,44,-1,45,46,47,-1,47,46,43,-1,43,46,48,-1,43,48,44,-1,49,50,51,-1,49,51,52,-1,50,53,51,-1,51,53,54,-1,51,54,55,-1,56,57,58,-1,58,57,59,-1,58,59,51,-1,51,59,60,-1,51,60,52,-1,61,62,63,-1,63,62,64,-1,63,64,65,-1,61,66,62,-1,62,66,67,-1,62,67,58,-1,58,67,68,-1,58,68,56,-1,69,70,71,-1,71,70,72,-1,72,73,71,-1,71,73,74,-1,71,74,65,-1,75,76,77,-1,75,77,78,-1,79,80,81,-1,81,80,82,-1,83,84,80,-1,80,84,85,-1,80,85,86,-1,87,88,89,-1,89,88,90,-1,91,92,69,-1,69,92,93,-1,69,93,94,-1,95,96,97,-1,97,96,98,-1,97,98,99,-1,100,86,101,-1,101,86,102,-1,101,102,97,-1,97,102,103,-1,97,103,95,-1,104,105,106,-1,106,105,107,-1,106,107,77,-1,77,107,108,-1,77,108,78,-1,76,109,77,-1,77,109,110,-1,77,110,69,-1,69,110,111,-1,69,111,91,-1,100,112,86,-1,86,112,113,-1,86,113,80,-1,80,113,114,-1,80,114,82,-1,87,115,88,-1,88,115,116,-1,88,116,117,-1,118,119,120,-1,120,119,121,-1,120,121,88,-1,88,121,122,-1,88,122,90,-1,94,123,69,-1,69,123,124,-1,69,124,125,-1,125,124,118,-1,125,118,126,-1,126,118,120,-1,127,128,88,-1,88,128,129,-1,88,129,80,-1,80,129,130,-1,80,130,83,-1,117,131,88,-1,88,131,132,-1,88,132,133,-1,133,134,88,-1,88,134,135,-1,88,135,127,-1,136,137,138,-1,138,86,136,-1,136,86,85,-1,136,85,139,-1,139,85,140,-1,140,141,139,-1,139,141,142,-1,139,142,143,-1,144,145,146,-1,147,148,145,-1,148,149,145,-1,145,149,150,-1,145,150,151,-1,146,152,144,-1,144,152,153,-1,144,153,154,-1,137,136,144,-1,144,136,155,-1,144,155,145,-1,145,155,156,-1,145,156,147,-1,151,157,145,-1,145,157,158,-1,145,158,159,-1,159,158,160,-1,159,160,161,-1,161,160,162,-1,163,164,154,-1,154,164,165,-1,154,165,144,-1,12,166,14,-1,14,166,167,-1,14,167,106,-1,106,167,168,-1,106,168,104,-1,169,170,171,-1,171,170,172,-1,171,172,173,-1,174,175,176,-1,176,175,177,-1,170,178,172,-1,172,178,179,-1,172,179,180,-1,180,179,181,-1,180,181,182,-1,182,181,183,-1,182,183,177,-1,177,183,184,-1,177,184,176,-1,185,186,187,-1,187,186,188,-1,189,190,191,-1,191,190,192,-1,191,193,189,-1,189,193,194,-1,189,194,195,-1,195,194,196,-1,195,196,197,-1,185,187,198,-1,198,187,194,-1,198,194,199,-1,199,194,193,-1,199,193,200,-1,193,201,200,-1,200,201,202,-1,200,202,203,-1,192,190,204,-1,204,190,205,-1,204,205,206,-1,207,205,208,-1,208,205,209,-1,196,210,197,-1,197,210,206,-1,197,206,10,-1,10,206,205,-1,10,205,211,-1,211,205,207,-1,8,10,212,-1,213,214,211,-1,211,214,215,-1,211,215,10,-1,10,215,216,-1,10,216,212,-1,217,218,219,-1,220,221,211,-1,211,221,222,-1,211,222,223,-1,223,224,211,-1,211,224,225,-1,211,225,213,-1,226,227,228,-1,228,227,229,-1,218,230,219,-1,219,230,229,-1,219,229,231,-1,231,229,227,-1,217,219,232,-1,232,219,233,-1,232,233,211,-1,211,233,234,-1,211,234,220,-1,0,7,1,-1,1,7,235,-1,1,235,236,-1,236,235,237,-1,236,237,209,-1,238,239,0,-1,0,239,240,-1,240,241,0,-1,0,241,242,-1,0,242,6,-1,243,244,245,-1,246,247,248,-1,248,247,249,-1,243,245,249,-1,250,251,252,-1,252,251,253,-1,254,255,256,-1,256,255,257,-1,256,257,252,-1,252,257,258,-1,252,258,250,-1,259,260,180,-1,261,262,182,-1,182,262,263,-1,264,265,266,-1,266,265,180,-1,266,180,267,-1,267,180,260,-1,263,268,182,-1,182,268,269,-1,182,269,270,-1,270,271,182,-1,182,271,272,-1,182,272,180,-1,180,272,273,-1,180,273,259,-1,189,274,261,-1,261,274,275,-1,261,275,262,-1,264,276,265,-1,265,276,277,-1,265,277,195,-1,195,277,278,-1,195,278,189,-1,189,278,279,-1,189,279,274,-1,280,281,282,-1,283,284,285,-1,285,284,286,-1,280,282,287,-1,288,289,290,-1,290,291,292,-1,293,294,295,-1,283,296,284,-1,284,296,297,-1,284,297,298,-1,298,297,295,-1,298,295,299,-1,299,295,294,-1,289,300,290,-1,290,300,301,-1,290,301,291,-1,302,303,304,-1,304,303,305,-1,304,305,306,-1,307,256,308,-1,308,256,309,-1,310,311,282,-1,282,311,312,-1,282,312,287,-1,292,313,290,-1,290,313,314,-1,290,314,256,-1,256,314,286,-1,256,286,309,-1,309,286,284,-1,315,316,295,-1,295,316,317,-1,295,317,318,-1,319,320,321,-1,321,320,322,-1,321,322,323,-1,307,324,256,-1,256,324,325,-1,256,325,326,-1,318,327,295,-1,295,327,328,-1,295,328,293,-1,9,254,329,-1,329,254,256,-1,329,256,330,-1,330,256,326,-1,330,326,321,-1,321,326,331,-1,321,331,319,-1,332,333,334,-1,334,333,335,-1,334,335,322,-1,322,335,336,-1,322,336,323,-1,281,337,338,-1,338,337,339,-1,339,337,340,-1,339,340,341,-1,302,332,303,-1,303,332,334,-1,303,334,342,-1,342,334,343,-1,342,343,344,-1,344,343,345,-1,344,345,346,-1,346,345,347,-1,348,347,338,-1,338,347,345,-1,338,345,281,-1,281,345,343,-1,281,343,282,-1,349,350,5,-1,351,352,5,-1,351,5,353,-1,330,354,329,-1,329,354,355,-1,329,355,356,-1,352,357,5,-1,5,357,358,-1,5,358,3,-1,356,359,329,-1,329,359,360,-1,329,360,361,-1,361,360,362,-1,361,362,349,-1,363,364,350,-1,350,364,365,-1,350,365,5,-1,5,365,366,-1,5,366,353,-1,367,368,369,-1,369,368,370,-1,369,370,371,-1,369,372,367,-1,367,372,373,-1,367,373,374,-1,374,375,367,-1,367,375,376,-1,367,376,377,-1,377,376,378,-1,377,378,379,-1,379,378,380,-1,379,380,350,-1,350,380,381,-1,350,381,363,-1,382,383,371,-1,371,383,384,-1,371,384,369,-1,385,386,306,-1,306,386,387,-1,306,387,304,-1,385,388,386,-1,386,388,389,-1,386,389,390,-1,390,389,391,-1,390,392,393,-1,391,394,390,-1,390,394,395,-1,390,395,396,-1,396,397,390,-1,390,397,398,-1,390,398,392,-1,393,399,390,-1,390,399,400,-1,390,400,401,-1,402,403,404,-1,405,406,407,-1,404,408,402,-1,402,408,409,-1,402,409,410,-1,410,409,405,-1,410,405,411,-1,411,405,407,-1,412,413,5,-1,5,413,414,-1,349,5,361,-1,361,5,414,-1,361,414,408,-1,408,414,415,-1,408,415,409,-1,416,413,417,-1,417,413,412,-1,417,412,418,-1,419,420,421,-1,348,338,4,-1,4,338,419,-1,4,419,5,-1,5,419,421,-1,5,421,412,-1,412,421,422,-1,412,422,423,-1,423,424,412,-1,412,424,425,-1,412,425,426,-1,427,428,429,-1,429,428,430,-1,429,430,419,-1,419,430,431,-1,419,431,420,-1,426,432,412,-1,412,432,433,-1,412,433,418,-1,434,435,429,-1,429,435,436,-1,429,436,427,-1,437,438,434,-1,434,438,439,-1,434,439,435,-1,440,441,442,-1,442,441,443,-1,444,445,446,-1,446,445,447,-1,446,447,448,-1,448,447,449,-1,448,449,450,-1,440,442,451,-1,451,442,447,-1,451,447,452,-1,452,447,445,-1,452,445,453,-1,445,454,453,-1,453,454,455,-1,453,455,456,-1,449,457,450,-1,450,457,458,-1,450,458,459,-1,459,458,460,-1,444,446,461,-1,461,446,462,-1,461,462,460,-1,460,462,404,-1,460,404,459,-1,459,404,403,-1,459,403,437,-1,463,2,464,-1,464,2,1,-1,464,1,465,-1,465,1,236,-1,465,236,466,-1,466,236,467,-1,466,467,468,-1,468,467,469,-1,468,469,470,-1,470,469,471,-1,470,471,472,-1,472,471,473,-1,472,473,474,-1,474,473,475,-1,474,475,476,-1,476,475,477,-1,476,477,478,-1,479,480,481,-1,481,480,463,-1,463,480,482,-1,463,482,483,-1,484,485,22,-1,22,485,486,-1,22,486,487,-1,483,488,463,-1,463,488,489,-1,463,489,490,-1,487,491,22,-1,22,491,492,-1,22,492,24,-1,24,492,493,-1,24,493,494,-1,494,495,24,-1,24,495,496,-1,24,496,497,-1,497,498,24,-1,24,498,499,-1,24,499,481,-1,481,499,500,-1,481,500,501,-1,501,502,481,-1,481,502,503,-1,481,503,479,-1,209,205,236,-1,236,205,190,-1,236,190,467,-1,467,190,189,-1,467,189,469,-1,469,189,261,-1,469,261,471,-1,471,261,182,-1,471,182,473,-1,473,182,177,-1,473,177,475,-1,475,177,175,-1,475,175,477,-1,490,484,463,-1,463,484,22,-1,463,22,2,-1,2,22,245,-1,2,245,0,-1,0,245,244,-1,0,244,238,-1,481,504,24,-1,24,504,505,-1,24,505,29,-1,29,505,506,-1,29,506,27,-1,27,506,41,-1,27,41,507,-1,507,41,40,-1,249,245,248,-1,248,245,508,-1,248,508,509,-1,14,510,13,-1,13,510,511,-1,13,511,512,-1,513,508,512,-1,512,508,245,-1,512,245,13,-1,13,245,22,-1,13,22,15,-1,15,22,21,-1,9,329,10,-1,10,329,361,-1,10,361,197,-1,197,361,408,-1,197,408,195,-1,195,408,404,-1,195,404,265,-1,265,404,462,-1,265,462,180,-1,180,462,446,-1,180,446,172,-1,509,510,248,-1,248,510,14,-1,248,14,514,-1,514,14,106,-1,515,516,448,-1,517,518,519,-1,519,518,520,-1,519,520,448,-1,448,520,521,-1,448,521,515,-1,515,521,522,-1,515,522,523,-1,524,516,525,-1,525,516,526,-1,525,526,527,-1,527,526,528,-1,524,529,516,-1,516,529,530,-1,516,530,531,-1,532,446,533,-1,533,446,448,-1,533,448,534,-1,534,448,516,-1,534,516,535,-1,535,516,531,-1,176,173,174,-1,174,173,172,-1,174,172,517,-1,517,172,446,-1,517,446,518,-1,518,446,526,-1,536,537,526,-1,526,537,538,-1,526,538,528,-1,532,539,446,-1,446,539,540,-1,446,540,526,-1,526,540,541,-1,526,541,536,-1,253,246,252,-1,252,246,248,-1,252,248,256,-1,256,248,514,-1,256,514,290,-1,290,514,542,-1,77,542,543,-1,543,542,544,-1,544,542,545,-1,545,542,514,-1,545,514,546,-1,77,543,106,-1,106,543,547,-1,106,547,514,-1,514,547,548,-1,514,548,546,-1,549,550,551,-1,551,550,545,-1,551,545,552,-1,552,545,546,-1,552,546,553,-1,553,546,554,-1,437,434,459,-1,459,434,555,-1,459,555,450,-1,450,555,556,-1,450,556,448,-1,448,556,557,-1,448,557,519,-1,69,71,77,-1,77,71,558,-1,77,558,542,-1,542,558,339,-1,542,339,290,-1,290,339,341,-1,290,341,288,-1,65,64,71,-1,71,64,559,-1,71,559,558,-1,558,559,560,-1,558,560,339,-1,339,560,561,-1,339,561,338,-1,338,561,562,-1,338,562,419,-1,419,562,563,-1,419,563,429,-1,429,563,564,-1,429,564,434,-1,434,564,565,-1,434,565,555,-1,555,565,566,-1,555,566,556,-1,556,566,567,-1,556,567,557,-1,55,45,51,-1,51,45,47,-1,51,47,58,-1,58,47,568,-1,58,568,62,-1,62,568,569,-1,570,571,477,-1,477,571,478,-1,477,175,570,-1,570,175,174,-1,570,174,517,-1,517,519,570,-1,570,519,557,-1,570,557,567,-1,504,481,572,-1,572,481,463,-1,463,464,572,-1,572,464,465,-1,572,465,571,-1,571,465,466,-1,571,466,468,-1,478,571,476,-1,476,571,474,-1,468,470,571,-1,571,470,472,-1,571,472,474,-1,573,569,568,-1,568,47,573,-1,573,47,43,-1,573,43,41,-1,504,572,505,-1,505,572,573,-1,505,573,506,-1,506,573,41,-1,565,573,566,-1,566,573,570,-1,566,570,567,-1,565,564,573,-1,573,564,563,-1,573,563,562,-1,562,561,573,-1,573,561,560,-1,573,560,559,-1,559,64,573,-1,573,64,62,-1,573,62,569,-1,573,572,570,-1,570,572,571,-1,
        ]
    }
}
Shape{
    appearance Appearance {
        material  Material 	{
            diffuseColor 0.4392156862745098 0.4392156862745098 0.4392156862745098
            specularColor 0.2196078431372549 0.2196078431372549 0.2196078431372549
            ambientIntensity 0.4392
            transparency 0.0
            shininess 0.5
        }
    }
    geometry IndexedFaceSet {
        ccw TRUE
        solid FALSE
        coord DEF co Coordinate {
            point [
                -0.0647 0.1829 0.1965, -0.0647 0.1829 0.1969, -0.0657 0.1905 0.1965, -0.0657 0.1905 0.1969, -0.0686 0.1976 0.1965, -0.0686 0.1976 0.1969, -0.0733 0.2038 0.1965, -0.0733 0.2038 0.1969, -0.0795 0.2084 0.1965, -0.0795 0.2084 0.1969, -0.0866 0.2114 0.1965, -0.0866 0.2114 0.1969, -0.0942 0.2124 0.1965, -0.0942 0.2124 0.1969, -0.1019 0.2114 0.1965, -0.1019 0.2114 0.1969, -0.109 0.2084 0.1965, -0.109 0.2084 0.1969, -0.1151 0.2038 0.1965, -0.1151 0.2038 0.1969, -0.1198 0.1976 0.1965, -0.1198 0.1976 0.1969, -0.1227 0.1905 0.1965, -0.1227 0.1905 0.1969, -0.1237 0.1829 0.1965, -0.1237 0.1829 0.1969, -0.1227 0.1752 0.1965, -0.1227 0.1752 0.1969, -0.1198 0.1681 0.1965, -0.1198 0.1681 0.1969, -0.1151 0.162 0.1965, -0.1151 0.162 0.1969, -0.109 0.1573 0.1965, -0.109 0.1573 0.1969, -0.1019 0.1544 0.1965, -0.1019 0.1544 0.1969, -0.0942 0.1533 0.1965, -0.0942 0.1533 0.1969, -0.0866 0.1544 0.1965, -0.0866 0.1544 0.1969, -0.0795 0.1573 0.1965, -0.0795 0.1573 0.1969, -0.0733 0.162 0.1965, -0.0733 0.162 0.1969, -0.0686 0.1681 0.1965, -0.0686 0.1681 0.1969, -0.0657 0.1752 0.1965, -0.0657 0.1752 0.1969, -0.0942 0.1829 0.1965
            ]
        }
        coordIndex [
            0,1,2,-1,2,1,3,-1,2,3,4,-1,4,3,5,-1,4,5,6,-1,6,5,7,-1,6,7,8,-1,8,7,9,-1,8,9,10,-1,10,9,11,-1,10,11,12,-1,12,11,13,-1,12,13,14,-1,14,13,15,-1,14,15,16,-1,16,15,17,-1,16,17,18,-1,18,17,19,-1,18,19,20,-1,20,19,21,-1,20,21,22,-1,22,21,23,-1,22,23,24,-1,24,23,25,-1,24,25,26,-1,26,25,27,-1,26,27,28,-1,28,27,29,-1,28,29,30,-1,30,29,31,-1,30,31,32,-1,32,31,33,-1,32,33,34,-1,34,33,35,-1,34,35,36,-1,36,35,37,-1,36,37,38,-1,38,37,39,-1,38,39,40,-1,40,39,41,-1,40,41,42,-1,42,41,43,-1,42,43,44,-1,44,43,45,-1,44,45,46,-1,46,45,47,-1,46,47,0,-1,0,47,1,-1,44,46,48,-1,48,46,0,-1,48,0,2,-1,38,40,48,-1,48,40,42,-1,48,42,44,-1,32,34,48,-1,48,34,36,-1,48,36,38,-1,26,28,48,-1,48,28,30,-1,48,30,32,-1,20,22,48,-1,48,22,24,-1,48,24,26,-1,14,16,48,-1,48,16,18,-1,48,18,20,-1,8,10,48,-1,48,10,12,-1,48,12,14,-1,2,4,48,-1,48,4,6,-1,48,6,8,-1,
        ]
    }
}
Shape{
    appearance Appearance {
        material  Material 	{
            diffuseColor 1.0 1.0 1.0
            specularColor 0.5019607843137255 0.5019607843137255 0.5019607843137255
            ambientIntensity 1.0
            transparency 0.0
            shininess 0.5
        }
    }
    geometry IndexedFaceSet {
        ccw TRUE
        solid FALSE
        coord DEF co Coordinate {
            point [
                -0.0481 -0.1951 0.1972, -0.0481 -0.1966 0.1972, -0.0481 -0.1951 0.1969, -0.0481 -0.1966 0.1969, -0.0534 -0.1951 0.1972, -0.0534 -0.1951 0.1969, -0.0534 -0.1832 0.1972, -0.0534 -0.1832 0.1969, -0.0551 -0.1832 0.1972, -0.0551 -0.1832 0.1969, -0.0551 -0.1966 0.1972, -0.0551 -0.1966 0.1969, -0.0412 -0.1968 0.1972, -0.0412 -0.1968 0.1969, -0.0392 -0.1966 0.1972, -0.0401 -0.1967 0.1969, -0.0392 -0.1966 0.1969, -0.0378 -0.1962 0.1969, -0.0378 -0.1962 0.1972, -0.0376 -0.196 0.1969, -0.0376 -0.196 0.1972, -0.0376 -0.1944 0.1972, -0.0376 -0.1944 0.1969, -0.0389 -0.195 0.1969, -0.0389 -0.195 0.1972, -0.0404 -0.1953 0.1969, -0.0404 -0.1953 0.1972, -0.041 -0.1953 0.1969, -0.041 -0.1953 0.1972, -0.0423 -0.1951 0.1969, -0.0423 -0.1951 0.1972, -0.0433 -0.1947 0.1969, -0.0433 -0.1947 0.1972, -0.0442 -0.1941 0.1969, -0.0442 -0.1941 0.1972, -0.0444 -0.1939 0.1969, -0.0444 -0.1939 0.1972, -0.0451 -0.193 0.1969, -0.0451 -0.193 0.1972, -0.0455 -0.1919 0.1969, -0.0455 -0.1919 0.1972, -0.0457 -0.1906 0.1969, -0.0457 -0.1906 0.1972, -0.0457 -0.1901 0.1969, -0.0457 -0.1901 0.1972, -0.0455 -0.1882 0.1969, -0.0455 -0.1882 0.1972, -0.0451 -0.1871 0.1969, -0.0451 -0.1871 0.1972, -0.0443 -0.1861 0.1969, -0.0443 -0.1861 0.1972, -0.0434 -0.1853 0.1969, -0.0434 -0.1853 0.1972, -0.0424 -0.1848 0.1969, -0.0424 -0.1848 0.1972, -0.0412 -0.1846 0.1969, -0.0412 -0.1846 0.1972, -0.0407 -0.1846 0.1969, -0.0407 -0.1846 0.1972, -0.0391 -0.1848 0.1969, -0.0391 -0.1848 0.1972, -0.0377 -0.1853 0.1969, -0.0377 -0.1853 0.1972, -0.0376 -0.1854 0.1969, -0.0376 -0.1854 0.1972, -0.0376 -0.1836 0.1972, -0.0376 -0.1836 0.1969, -0.0407 -0.183 0.1969, -0.0407 -0.183 0.1972, -0.0407 -0.183 0.1972, -0.0389 -0.1832 0.1969, -0.0389 -0.1832 0.1972, -0.0393 -0.1831 0.1969, -0.0407 -0.183 0.1969, -0.0416 -0.1831 0.1969, -0.0427 -0.1833 0.1972, -0.0427 -0.1833 0.1969, -0.044 -0.1838 0.1969, -0.044 -0.1838 0.1972, -0.0453 -0.1847 0.1969, -0.0453 -0.1847 0.1972, -0.0456 -0.185 0.1969, -0.0456 -0.185 0.1972, -0.0466 -0.1862 0.1969, -0.0469 -0.1871 0.1969, -0.0472 -0.1877 0.1972, -0.0466 -0.1862 0.1972, -0.0472 -0.1877 0.1969, -0.0475 -0.1895 0.1969, -0.0475 -0.1895 0.1972, -0.0475 -0.1902 0.1969, -0.0475 -0.1902 0.1972, -0.0473 -0.1924 0.1969, -0.0469 -0.1932 0.1969, -0.0467 -0.1938 0.1972, -0.0473 -0.1924 0.1972, -0.0467 -0.1938 0.1969, -0.0458 -0.195 0.1969, -0.0458 -0.195 0.1972, -0.0435 -0.1965 0.1969, -0.0448 -0.1959 0.1972, -0.0448 -0.1959 0.1969, -0.0424 -0.1967 0.1969, -0.0421 -0.1968 0.1972, -0.0435 -0.1965 0.1972, -0.0421 -0.1968 0.1969, -0.0277 -0.1951 0.1972, -0.0277 -0.1966 0.1972, -0.0277 -0.1951 0.1969, -0.0277 -0.1966 0.1969, -0.0332 -0.1951 0.1969, -0.0332 -0.1951 0.1972, -0.0296 -0.1951 0.1969, -0.0332 -0.1906 0.1972, -0.0332 -0.1906 0.1969, -0.0284 -0.1906 0.1972, -0.0296 -0.1906 0.1969, -0.0284 -0.1906 0.1969, -0.0284 -0.1891 0.1972, -0.0284 -0.1891 0.1969, -0.0332 -0.1891 0.1969, -0.0332 -0.1891 0.1972, -0.0296 -0.1891 0.1969, -0.0332 -0.1848 0.1972, -0.0332 -0.1848 0.1969, -0.028 -0.1848 0.1969, -0.028 -0.1848 0.1972, -0.0296 -0.1848 0.1969, -0.028 -0.1832 0.1972, -0.028 -0.1832 0.1969, -0.0349 -0.1832 0.1969, -0.0349 -0.1832 0.1972, -0.0296 -0.1832 0.1969, -0.0349 -0.1966 0.1972, -0.0349 -0.1966 0.1969, -0.0296 -0.1966 0.1969, -0.0169 -0.1929 0.1972, -0.0176 -0.1937 0.1972, -0.0163 -0.1947 0.1972, -0.0178 -0.1939 0.1972, -0.0177 -0.1957 0.1972, -0.0187 -0.1945 0.1972, -0.0192 -0.1963 0.1972, -0.0198 -0.1949 0.1972, -0.0215 -0.1966 0.1972, -0.0215 -0.1951 0.1972, -0.0252 -0.1966 0.1972, -0.0235 -0.1951 0.1972, -0.0252 -0.1832 0.1972, -0.0235 -0.1848 0.1972, -0.0214 -0.1832 0.1972, -0.0214 -0.1848 0.1972, -0.0193 -0.1835 0.1972, -0.0197 -0.185 0.1972, -0.0177 -0.1841 0.1972, -0.0186 -0.1854 0.1972, -0.0163 -0.185 0.1972, -0.0176 -0.186 0.1972, -0.0159 -0.1855 0.1972, -0.0172 -0.1865 0.1972, -0.015 -0.1866 0.1972, -0.0167 -0.1872 0.1972, -0.0145 -0.1879 0.1972, -0.0163 -0.1883 0.1972, -0.0143 -0.1897 0.1972, -0.0161 -0.1898 0.1972, -0.0144 -0.1906 0.1972, -0.0162 -0.1906 0.1972, -0.0147 -0.1922 0.1972, -0.0164 -0.1919 0.1972, -0.0153 -0.1935 0.1972, -0.0215 -0.1966 0.1969, -0.0252 -0.1966 0.1969, -0.0163 -0.1947 0.1969, -0.0192 -0.1963 0.1969, -0.0191 -0.1962 0.1969, -0.0177 -0.1957 0.1969, -0.0153 -0.1935 0.1969, -0.0147 -0.1922 0.1969, -0.0144 -0.1906 0.1969, -0.0143 -0.1897 0.1969, -0.0145 -0.1879 0.1969, -0.015 -0.1866 0.1969, -0.0159 -0.1855 0.1969, -0.0163 -0.185 0.1969, -0.0177 -0.1841 0.1969, -0.0191 -0.1836 0.1969, -0.0193 -0.1835 0.1969, -0.0214 -0.1832 0.1969, -0.0252 -0.1832 0.1969, -0.0214 -0.1848 0.1969, -0.0235 -0.1848 0.1969, -0.0235 -0.1951 0.1969, -0.0215 -0.1951 0.1969, -0.0176 -0.1937 0.1969, -0.0178 -0.1939 0.1969, -0.0187 -0.1945 0.1969, -0.0198 -0.1949 0.1969, -0.0161 -0.1898 0.1969, -0.0162 -0.1906 0.1969, -0.0164 -0.1919 0.1969, -0.0169 -0.1929 0.1969, -0.0176 -0.186 0.1969, -0.0172 -0.1865 0.1969, -0.0167 -0.1872 0.1969, -0.0163 -0.1883 0.1969, -0.0197 -0.185 0.1969, -0.0186 -0.1854 0.1969
            ]
        }
        coordIndex [
            0,1,2,-1,2,1,3,-1,4,0,5,-1,5,0,2,-1,6,4,7,-1,7,4,5,-1,8,6,9,-1,9,6,7,-1,10,8,11,-1,11,8,9,-1,1,10,3,-1,3,10,11,-1,6,8,4,-1,4,8,10,-1,4,10,0,-1,0,10,1,-1,12,13,14,-1,14,13,15,-1,15,16,14,-1,14,16,17,-1,14,17,18,-1,18,17,19,-1,18,19,20,-1,21,20,22,-1,22,20,19,-1,21,22,23,-1,21,23,24,-1,24,23,25,-1,24,25,26,-1,26,25,27,-1,26,27,28,-1,28,27,29,-1,28,29,30,-1,30,29,31,-1,30,31,32,-1,32,31,33,-1,32,33,34,-1,34,33,35,-1,34,35,36,-1,36,35,37,-1,36,37,38,-1,38,37,39,-1,38,39,40,-1,40,39,41,-1,40,41,42,-1,42,41,43,-1,42,43,44,-1,44,43,45,-1,44,45,46,-1,46,45,47,-1,46,47,48,-1,48,47,49,-1,48,49,50,-1,50,49,51,-1,50,51,52,-1,52,51,53,-1,52,53,54,-1,54,53,55,-1,54,55,56,-1,56,55,57,-1,56,57,58,-1,58,57,59,-1,58,59,60,-1,60,59,61,-1,60,61,62,-1,62,61,63,-1,62,63,64,-1,65,64,66,-1,66,64,63,-1,67,68,69,-1,65,66,70,-1,65,70,71,-1,71,70,72,-1,71,72,69,-1,69,72,73,-1,69,73,67,-1,68,67,74,-1,68,74,75,-1,74,76,75,-1,75,76,77,-1,75,77,78,-1,78,77,79,-1,78,79,80,-1,80,79,81,-1,80,81,82,-1,82,81,83,-1,84,85,83,-1,83,85,86,-1,83,86,82,-1,84,87,85,-1,85,87,88,-1,85,88,89,-1,89,88,90,-1,89,90,91,-1,91,90,92,-1,93,94,92,-1,92,94,95,-1,92,95,91,-1,93,96,94,-1,94,96,97,-1,94,97,98,-1,99,100,101,-1,101,100,98,-1,101,98,97,-1,102,103,99,-1,99,103,104,-1,99,104,100,-1,102,105,103,-1,103,105,13,-1,103,13,12,-1,62,64,65,-1,52,80,50,-1,50,80,82,-1,50,82,48,-1,48,82,86,-1,48,86,46,-1,62,65,60,-1,60,65,71,-1,60,71,58,-1,58,71,69,-1,58,69,56,-1,56,69,68,-1,56,68,54,-1,54,68,75,-1,54,75,52,-1,52,75,78,-1,52,78,80,-1,91,44,89,-1,89,44,46,-1,89,46,85,-1,85,46,86,-1,20,21,18,-1,18,21,24,-1,18,24,14,-1,14,24,26,-1,14,26,12,-1,12,26,28,-1,12,28,103,-1,103,28,30,-1,103,30,104,-1,104,30,32,-1,104,32,100,-1,100,32,34,-1,100,34,98,-1,98,34,36,-1,98,36,94,-1,94,36,38,-1,94,38,95,-1,95,38,40,-1,95,40,91,-1,91,40,42,-1,91,42,44,-1,106,107,108,-1,108,107,109,-1,110,111,112,-1,112,111,106,-1,112,106,108,-1,113,111,114,-1,114,111,110,-1,113,114,115,-1,115,114,116,-1,115,116,117,-1,118,115,119,-1,119,115,117,-1,120,121,122,-1,122,121,118,-1,122,118,119,-1,123,121,124,-1,124,121,120,-1,125,126,127,-1,127,126,123,-1,127,123,124,-1,128,126,129,-1,129,126,125,-1,130,131,132,-1,132,131,128,-1,132,128,129,-1,133,131,134,-1,134,131,130,-1,109,107,135,-1,135,107,133,-1,135,133,134,-1,133,107,106,-1,106,111,133,-1,133,111,113,-1,133,113,131,-1,126,128,123,-1,123,128,131,-1,123,131,121,-1,121,131,113,-1,121,113,118,-1,118,113,115,-1,136,137,138,-1,138,137,139,-1,138,139,140,-1,140,139,141,-1,140,141,142,-1,142,141,143,-1,142,143,144,-1,144,143,145,-1,144,145,146,-1,146,145,147,-1,146,147,148,-1,148,147,149,-1,148,149,150,-1,150,149,151,-1,150,151,152,-1,152,151,153,-1,152,153,154,-1,154,153,155,-1,154,155,156,-1,156,155,157,-1,156,157,158,-1,158,157,159,-1,158,159,160,-1,160,159,161,-1,160,161,162,-1,162,161,163,-1,162,163,164,-1,164,163,165,-1,164,165,166,-1,166,165,167,-1,166,167,168,-1,168,167,169,-1,168,169,170,-1,170,169,136,-1,170,136,138,-1,144,146,171,-1,171,146,172,-1,173,138,140,-1,144,171,174,-1,144,174,142,-1,142,174,175,-1,142,175,140,-1,140,175,176,-1,140,176,173,-1,138,173,177,-1,138,177,170,-1,170,177,178,-1,170,178,168,-1,168,178,179,-1,168,179,166,-1,166,179,180,-1,166,180,164,-1,164,180,181,-1,164,181,162,-1,162,181,182,-1,162,182,160,-1,160,182,183,-1,160,183,158,-1,158,183,184,-1,158,184,156,-1,156,184,185,-1,186,152,185,-1,185,152,154,-1,185,154,156,-1,186,187,152,-1,152,187,188,-1,152,188,150,-1,148,150,189,-1,189,150,188,-1,146,148,172,-1,172,148,189,-1,151,149,190,-1,190,149,191,-1,149,147,191,-1,191,147,192,-1,147,145,192,-1,192,145,193,-1,137,194,195,-1,137,195,139,-1,139,195,196,-1,139,196,141,-1,141,196,197,-1,141,197,143,-1,143,197,193,-1,143,193,145,-1,165,198,199,-1,165,199,167,-1,167,199,200,-1,167,200,169,-1,169,200,201,-1,169,201,136,-1,136,201,194,-1,136,194,137,-1,157,202,203,-1,157,203,159,-1,159,203,204,-1,159,204,161,-1,161,204,205,-1,161,205,163,-1,163,205,198,-1,163,198,165,-1,151,190,206,-1,151,206,153,-1,153,206,207,-1,153,207,155,-1,155,207,202,-1,155,202,157,-1,
        ]
    }
}
Shape{
    appearance Appearance {
        material  Material 	{
            diffuseColor 0.0 0.0 0.0
            specularColor 0.0 0.0 0.0
            ambientIntensity 0.0
            transparency 0.0
            shininess 0.5
        }
    }
    geometry IndexedFaceSet {
        ccw TRUE
        solid FALSE
        coord DEF co Coordinate {
            point [
                -0.0235 -0.1848 0.1969, -0.0235 -0.1951 0.1969, -0.0214 -0.1848 0.1969, -0.0215 -0.1951 0.1969, -0.0198 -0.1949 0.1969, -0.0187 -0.1945 0.1969, -0.0178 -0.1939 0.1969, -0.0176 -0.1937 0.1969, -0.0169 -0.1929 0.1969, -0.0164 -0.1919 0.1969, -0.0162 -0.1906 0.1969, -0.0161 -0.1898 0.1969, -0.0163 -0.1883 0.1969, -0.0167 -0.1872 0.1969, -0.0172 -0.1865 0.1969, -0.0176 -0.186 0.1969, -0.0197 -0.185 0.1969, -0.0186 -0.1854 0.1969
            ]
        }
        coordIndex [
            0,1,2,-1,2,1,3,-1,2,3,4,-1,4,5,2,-1,2,5,6,-1,2,6,7,-1,7,8,2,-1,2,8,9,-1,2,9,10,-1,10,11,2,-1,2,11,12,-1,2,12,13,-1,13,14,2,-1,2,14,15,-1,2,15,16,-1,16,15,17,-1,
        ]
    }
}
Shape{
    appearance Appearance {
        material  Material 	{
            diffuseColor 1.0 1.0 1.0
            specularColor 0.5019607843137255 0.5019607843137255 0.5019607843137255
            ambientIntensity 1.0
            transparency 0.0
            shininess 0.5
        }
    }
    geometry IndexedFaceSet {
        ccw TRUE
        solid FALSE
        coord DEF co Coordinate {
            point [
                -0.0098 -0.1914 0.1972, -0.0104 -0.1929 0.1972, -0.0054 -0.1914 0.1972, -0.0048 -0.1929 0.1972, -0.0078 -0.1859 0.1972, -0.0085 -0.1832 0.1972, -0.0136 -0.1966 0.1972, -0.0117 -0.1966 0.1972, -0.0077 -0.1855 0.1972, -0.0076 -0.185 0.1972, -0.0067 -0.1832 0.1972, -0.0076 -0.185 0.1972, -0.0075 -0.1855 0.1972, -0.0074 -0.1859 0.1972, -0.0016 -0.1966 0.1972, -0.0035 -0.1966 0.1972, -0.0067 -0.1832 0.1969, -0.0016 -0.1966 0.1969, -0.0085 -0.1832 0.1969, -0.0136 -0.1966 0.1969, -0.0097 -0.1865 0.1969, -0.0117 -0.1966 0.1969, -0.0104 -0.1929 0.1969, -0.0048 -0.1929 0.1969, -0.0097 -0.1929 0.1969, -0.0035 -0.1966 0.1969, -0.0098 -0.1914 0.1969, -0.0054 -0.1914 0.1969, -0.0074 -0.1859 0.1969, -0.0076 -0.185 0.1969, -0.0075 -0.1855 0.1969, -0.0076 -0.185 0.1969, -0.0078 -0.1859 0.1969, -0.0077 -0.1855 0.1969
            ]
        }
        coordIndex [
            0,1,2,-1,2,1,3,-1,4,5,0,-1,0,5,6,-1,0,6,1,-1,1,6,7,-1,4,8,5,-1,5,8,9,-1,5,9,10,-1,10,9,11,-1,10,11,12,-1,12,13,10,-1,10,13,2,-1,10,2,14,-1,14,2,3,-1,14,3,15,-1,10,14,16,-1,16,14,17,-1,5,10,18,-1,18,10,16,-1,19,6,20,-1,20,6,5,-1,20,5,18,-1,7,6,21,-1,21,6,19,-1,1,7,22,-1,22,7,21,-1,23,3,24,-1,24,3,1,-1,24,1,22,-1,15,3,25,-1,25,3,23,-1,14,15,17,-1,17,15,25,-1,0,2,26,-1,26,2,27,-1,2,13,27,-1,27,13,28,-1,11,29,30,-1,11,30,12,-1,12,30,28,-1,12,28,13,-1,11,9,29,-1,29,9,31,-1,4,32,33,-1,4,33,8,-1,8,33,31,-1,8,31,9,-1,4,0,32,-1,32,0,26,-1,
        ]
    }
}
Shape{
    appearance Appearance {
        material  Material 	{
            diffuseColor 0.0 0.0 0.0
            specularColor 0.0 0.0 0.0
            ambientIntensity 0.0
            transparency 0.0
            shininess 0.5
        }
    }
    geometry IndexedFaceSet {
        ccw TRUE
        solid FALSE
        coord DEF co Coordinate {
            point [
                -0.0076 -0.185 0.1969, -0.0076 -0.185 0.1969, -0.0075 -0.1855 0.1969, -0.0077 -0.1855 0.1969, -0.0074 -0.1859 0.1969, -0.0078 -0.1859 0.1969, -0.0054 -0.1914 0.1969, -0.0098 -0.1914 0.1969
            ]
        }
        coordIndex [
            0,1,2,-1,2,1,3,-1,2,3,4,-1,4,3,5,-1,4,5,6,-1,6,5,7,-1,
        ]
    }
}
Shape{
    appearance Appearance {
        material  Material 	{
            diffuseColor 1.0 1.0 1.0
            specularColor 0.5019607843137255 0.5019607843137255 0.5019607843137255
            ambientIntensity 1.0
            transparency 0.0
            shininess 0.5
        }
    }
    geometry IndexedFaceSet {
        ccw TRUE
        solid FALSE
        coord DEF co Coordinate {
            point [
                -0.0479 -0.2162 0.1972, -0.0479 -0.2178 0.1972, -0.0479 -0.2162 0.1969, -0.0479 -0.2178 0.1969, -0.0534 -0.2162 0.1972, -0.0534 -0.2162 0.1969, -0.0534 -0.2117 0.1972, -0.0534 -0.2117 0.1969, -0.0486 -0.2117 0.1972, -0.0486 -0.2117 0.1969, -0.0486 -0.2102 0.1972, -0.0486 -0.2102 0.1969, -0.0534 -0.2102 0.1972, -0.0534 -0.2102 0.1969, -0.0534 -0.206 0.1972, -0.0534 -0.206 0.1969, -0.0483 -0.206 0.1972, -0.0483 -0.206 0.1969, -0.0483 -0.2044 0.1972, -0.0483 -0.2044 0.1969, -0.0551 -0.2044 0.1972, -0.0551 -0.2044 0.1969, -0.0551 -0.2178 0.1972, -0.0551 -0.2178 0.1969, -0.0426 -0.2133 0.1972, -0.0404 -0.213 0.1972, -0.0387 -0.2116 0.1972, -0.0404 -0.2178 0.1972, -0.0387 -0.2178 0.1972, -0.0404 -0.2163 0.1972, -0.0404 -0.2117 0.1972, -0.044 -0.2137 0.1972, -0.0436 -0.2135 0.1972, -0.0404 -0.2163 0.1972, -0.0412 -0.216 0.1972, -0.0407 -0.2167 0.1972, -0.0417 -0.2163 0.1972, -0.0404 -0.2139 0.1972, -0.0405 -0.2147 0.1972, -0.0407 -0.2153 0.1972, -0.0411 -0.2158 0.1972, -0.0404 -0.211 0.1972, -0.0388 -0.2103 0.1972, -0.0406 -0.2104 0.1972, -0.0391 -0.2096 0.1972, -0.0408 -0.21 0.1972, -0.0394 -0.209 0.1972, -0.041 -0.2098 0.1972, -0.0399 -0.2086 0.1972, -0.0413 -0.2096 0.1972, -0.0404 -0.2083 0.1972, -0.0417 -0.2094 0.1972, -0.0411 -0.2081 0.1972, -0.0423 -0.2094 0.1972, -0.0421 -0.208 0.1972, -0.0432 -0.2095 0.1972, -0.0438 -0.2082 0.1972, -0.0443 -0.2098 0.1972, -0.0451 -0.2087 0.1972, -0.0454 -0.2105 0.1972, -0.0454 -0.2089 0.1972, -0.0443 -0.216 0.1972, -0.0455 -0.2172 0.1972, -0.0442 -0.2162 0.1972, -0.045 -0.2176 0.1972, -0.0438 -0.2164 0.1972, -0.0443 -0.2179 0.1972, -0.0435 -0.2166 0.1972, -0.0433 -0.218 0.1972, -0.0429 -0.2166 0.1972, -0.0425 -0.2179 0.1972, -0.0422 -0.2165 0.1972, -0.0418 -0.2177 0.1972, -0.0412 -0.2173 0.1972, -0.0446 -0.2148 0.1972, -0.0463 -0.215 0.1972, -0.0447 -0.2151 0.1972, -0.0463 -0.2152 0.1972, -0.0446 -0.2155 0.1972, -0.0463 -0.216 0.1972, -0.0445 -0.2158 0.1972, -0.0461 -0.2166 0.1972, -0.0457 -0.2171 0.1972, -0.0432 -0.2121 0.1972, -0.0445 -0.2124 0.1972, -0.0442 -0.2139 0.1972, -0.0452 -0.2128 0.1972, -0.0444 -0.2141 0.1972, -0.0457 -0.2132 0.1972, -0.0446 -0.2144 0.1972, -0.046 -0.2137 0.1972, -0.0462 -0.2143 0.1972, -0.0421 -0.208 0.1969, -0.0438 -0.2082 0.1969, -0.0451 -0.2087 0.1969, -0.0454 -0.2089 0.1969, -0.0454 -0.2105 0.1969, -0.0443 -0.2098 0.1969, -0.0432 -0.2095 0.1969, -0.0423 -0.2094 0.1969, -0.0417 -0.2094 0.1969, -0.0413 -0.2096 0.1969, -0.041 -0.2098 0.1969, -0.0408 -0.21 0.1969, -0.0406 -0.2104 0.1969, -0.0404 -0.211 0.1969, -0.0404 -0.2117 0.1969, -0.0432 -0.2121 0.1969, -0.0445 -0.2124 0.1969, -0.0452 -0.2128 0.1969, -0.0457 -0.2132 0.1969, -0.046 -0.2137 0.1969, -0.0462 -0.2143 0.1969, -0.0463 -0.215 0.1969, -0.0463 -0.2152 0.1969, -0.0463 -0.216 0.1969, -0.0461 -0.2166 0.1969, -0.0457 -0.2171 0.1969, -0.0455 -0.2172 0.1969, -0.0433 -0.218 0.1969, -0.0443 -0.2179 0.1969, -0.0443 -0.2179 0.1969, -0.045 -0.2176 0.1969, -0.0425 -0.2179 0.1969, -0.0424 -0.2179 0.1969, -0.0418 -0.2177 0.1969, -0.0412 -0.2173 0.1969, -0.0407 -0.2167 0.1969, -0.0404 -0.2163 0.1969, -0.0404 -0.2163 0.1969, -0.0404 -0.2178 0.1969, -0.0387 -0.2178 0.1969, -0.0387 -0.2116 0.1969, -0.0388 -0.2103 0.1969, -0.0391 -0.2096 0.1969, -0.0394 -0.209 0.1969, -0.0399 -0.2086 0.1969, -0.0404 -0.2083 0.1969, -0.0411 -0.2081 0.1969, -0.0442 -0.2139 0.1969, -0.044 -0.2137 0.1969, -0.0436 -0.2135 0.1969, -0.0426 -0.2133 0.1969, -0.0447 -0.2151 0.1969, -0.0446 -0.2148 0.1969, -0.0446 -0.2144 0.1969, -0.0444 -0.2141 0.1969, -0.0442 -0.2162 0.1969, -0.0443 -0.216 0.1969, -0.0445 -0.2158 0.1969, -0.0446 -0.2155 0.1969, -0.0429 -0.2166 0.1969, -0.0435 -0.2166 0.1969, -0.0438 -0.2164 0.1969, -0.0411 -0.2158 0.1969, -0.0412 -0.216 0.1969, -0.0417 -0.2163 0.1969, -0.0422 -0.2165 0.1969, -0.0404 -0.2139 0.1969, -0.0405 -0.2147 0.1969, -0.0407 -0.2153 0.1969, -0.0404 -0.213 0.1969
            ]
        }
        coordIndex [
            0,1,2,-1,2,1,3,-1,4,0,5,-1,5,0,2,-1,6,4,7,-1,7,4,5,-1,8,6,9,-1,9,6,7,-1,10,8,11,-1,11,8,9,-1,12,10,13,-1,13,10,11,-1,14,12,15,-1,15,12,13,-1,16,14,17,-1,17,14,15,-1,18,16,19,-1,19,16,17,-1,20,18,21,-1,21,18,19,-1,22,20,23,-1,23,20,21,-1,1,22,3,-1,3,22,23,-1,22,1,0,-1,0,4,22,-1,22,4,6,-1,22,6,20,-1,16,18,14,-1,14,18,20,-1,14,20,12,-1,12,20,6,-1,12,6,10,-1,10,6,8,-1,24,25,26,-1,27,28,29,-1,29,28,26,-1,30,31,32,-1,33,34,35,-1,35,34,36,-1,25,37,26,-1,26,37,38,-1,26,38,29,-1,29,38,39,-1,29,39,33,-1,33,39,40,-1,33,40,34,-1,32,24,30,-1,30,24,26,-1,30,26,41,-1,41,26,42,-1,41,42,43,-1,43,42,44,-1,43,44,45,-1,45,44,46,-1,45,46,47,-1,47,46,48,-1,47,48,49,-1,49,48,50,-1,49,50,51,-1,51,50,52,-1,51,52,53,-1,53,52,54,-1,53,54,55,-1,55,54,56,-1,55,56,57,-1,57,56,58,-1,57,58,59,-1,59,58,60,-1,61,62,63,-1,63,62,64,-1,63,64,65,-1,65,64,66,-1,65,66,67,-1,67,66,68,-1,67,68,69,-1,69,68,70,-1,69,70,71,-1,71,70,72,-1,71,72,36,-1,36,72,73,-1,36,73,35,-1,74,75,76,-1,76,75,77,-1,76,77,78,-1,78,77,79,-1,78,79,80,-1,80,79,81,-1,80,81,61,-1,61,81,82,-1,61,82,62,-1,30,83,31,-1,31,83,84,-1,31,84,85,-1,85,84,86,-1,85,86,87,-1,87,86,88,-1,87,88,89,-1,89,88,90,-1,89,90,74,-1,74,90,91,-1,74,91,75,-1,54,92,93,-1,54,93,56,-1,56,93,94,-1,56,94,58,-1,58,94,95,-1,58,95,60,-1,59,60,96,-1,96,60,95,-1,59,96,97,-1,59,97,57,-1,57,97,98,-1,57,98,55,-1,55,98,99,-1,55,99,53,-1,53,99,100,-1,53,100,51,-1,51,100,101,-1,51,101,49,-1,49,101,102,-1,49,102,47,-1,47,102,103,-1,47,103,45,-1,45,103,104,-1,45,104,43,-1,43,104,105,-1,43,105,41,-1,41,105,106,-1,41,106,30,-1,83,30,107,-1,107,30,106,-1,83,107,108,-1,83,108,84,-1,84,108,109,-1,84,109,86,-1,86,109,110,-1,86,110,88,-1,88,110,111,-1,88,111,90,-1,90,111,112,-1,90,112,91,-1,91,112,113,-1,91,113,75,-1,75,113,114,-1,75,114,77,-1,77,114,115,-1,77,115,79,-1,79,115,116,-1,79,116,81,-1,81,116,117,-1,81,117,82,-1,82,117,118,-1,82,118,62,-1,119,68,120,-1,120,68,66,-1,120,66,121,-1,121,66,64,-1,121,64,122,-1,122,64,62,-1,122,62,118,-1,68,119,123,-1,68,123,70,-1,70,123,124,-1,70,124,72,-1,124,125,72,-1,72,125,126,-1,72,126,73,-1,73,126,127,-1,73,127,35,-1,35,127,128,-1,35,128,33,-1,29,33,129,-1,129,33,128,-1,27,29,130,-1,130,29,129,-1,28,27,131,-1,131,27,130,-1,26,28,132,-1,132,28,131,-1,26,132,133,-1,26,133,42,-1,42,133,134,-1,42,134,44,-1,44,134,135,-1,44,135,46,-1,46,135,136,-1,46,136,48,-1,48,136,137,-1,48,137,50,-1,50,137,138,-1,50,138,52,-1,52,138,92,-1,52,92,54,-1,85,139,140,-1,85,140,31,-1,31,140,141,-1,31,141,32,-1,32,141,142,-1,32,142,24,-1,76,143,144,-1,76,144,74,-1,74,144,145,-1,74,145,89,-1,89,145,146,-1,89,146,87,-1,87,146,139,-1,87,139,85,-1,63,147,148,-1,63,148,61,-1,61,148,149,-1,61,149,80,-1,80,149,150,-1,80,150,78,-1,78,150,143,-1,78,143,76,-1,69,151,152,-1,69,152,67,-1,67,152,153,-1,67,153,65,-1,65,153,147,-1,65,147,63,-1,40,154,155,-1,40,155,34,-1,34,155,156,-1,34,156,36,-1,36,156,157,-1,36,157,71,-1,71,157,151,-1,71,151,69,-1,37,158,159,-1,37,159,38,-1,38,159,160,-1,38,160,39,-1,39,160,154,-1,39,154,40,-1,37,25,158,-1,158,25,161,-1,25,24,161,-1,161,24,142,-1,
        ]
    }
}
Shape{
    appearance Appearance {
        material  Material 	{
            diffuseColor 0.0 0.0 0.0
            specularColor 0.0 0.0 0.0
            ambientIntensity 0.0
            transparency 0.0
            shininess 0.5
        }
    }
    geometry IndexedFaceSet {
        ccw TRUE
        solid FALSE
        coord DEF co Coordinate {
            point [
                -0.0404 -0.2139 0.1969, -0.0404 -0.213 0.1969, -0.0426 -0.2133 0.1969, -0.0412 -0.216 0.1969, -0.0411 -0.2158 0.1969, -0.0436 -0.2135 0.1969, -0.044 -0.2137 0.1969, -0.0422 -0.2165 0.1969, -0.0417 -0.2163 0.1969, -0.0407 -0.2153 0.1969, -0.0405 -0.2147 0.1969, -0.0442 -0.2139 0.1969, -0.0444 -0.2141 0.1969, -0.0446 -0.2144 0.1969, -0.0446 -0.2148 0.1969, -0.0447 -0.2151 0.1969, -0.0446 -0.2155 0.1969, -0.0438 -0.2164 0.1969, -0.0435 -0.2166 0.1969, -0.0442 -0.2162 0.1969, -0.0429 -0.2166 0.1969, -0.0445 -0.2158 0.1969, -0.0443 -0.216 0.1969
            ]
        }
        coordIndex [
            0,1,2,-1,3,4,2,-1,5,6,7,-1,5,7,2,-1,2,7,8,-1,2,8,3,-1,4,9,2,-1,2,9,10,-1,2,10,0,-1,6,11,7,-1,7,11,12,-1,7,12,13,-1,13,14,7,-1,7,14,15,-1,7,15,16,-1,17,18,19,-1,19,18,20,-1,19,20,7,-1,16,21,7,-1,7,21,22,-1,7,22,19,-1,
        ]
    }
}
Shape{
    appearance Appearance {
        material  Material 	{
            diffuseColor 1.0 1.0 1.0
            specularColor 0.5019607843137255 0.5019607843137255 0.5019607843137255
            ambientIntensity 1.0
            transparency 0.0
            shininess 0.5
        }
    }
    geometry IndexedFaceSet {
        ccw TRUE
        solid FALSE
        coord DEF co Coordinate {
            point [
                -0.0364 -0.2157 0.1969, -0.0364 -0.2157 0.1972, -0.0358 -0.2161 0.1972, -0.0337 -0.2166 0.1972, -0.0337 -0.2166 0.1969, -0.0348 -0.2165 0.1969, -0.0348 -0.2165 0.1972, -0.0357 -0.2161 0.1969, -0.0358 -0.2161 0.1969, -0.0364 -0.2174 0.1972, -0.0364 -0.2174 0.1969, -0.0353 -0.2178 0.1972, -0.0357 -0.2177 0.1969, -0.0338 -0.218 0.1969, -0.0338 -0.218 0.1972, -0.0349 -0.2179 0.1969, -0.0353 -0.2178 0.1969, -0.0323 -0.2178 0.1972, -0.0329 -0.2179 0.1969, -0.0323 -0.2178 0.1969, -0.0314 -0.2175 0.1969, -0.0314 -0.2175 0.1972, -0.0311 -0.2172 0.1969, -0.0311 -0.2172 0.1972, -0.0305 -0.2168 0.1969, -0.0305 -0.2168 0.1972, -0.0302 -0.2163 0.1969, -0.0302 -0.2163 0.1972, -0.0301 -0.2158 0.1969, -0.0301 -0.2158 0.1972, -0.03 -0.2152 0.1969, -0.03 -0.2152 0.1972, -0.0301 -0.2145 0.1969, -0.0301 -0.2145 0.1972, -0.0302 -0.214 0.1969, -0.0302 -0.214 0.1972, -0.0305 -0.2136 0.1969, -0.0305 -0.2136 0.1972, -0.0309 -0.2132 0.1969, -0.0309 -0.2132 0.1972, -0.0321 -0.2126 0.1969, -0.0321 -0.2126 0.1972, -0.0327 -0.2124 0.1969, -0.0327 -0.2124 0.1972, -0.0337 -0.2119 0.1969, -0.0337 -0.2119 0.1972, -0.0343 -0.2115 0.1969, -0.0343 -0.2115 0.1972, -0.0345 -0.2114 0.1969, -0.0345 -0.2114 0.1972, -0.0346 -0.2111 0.1969, -0.0346 -0.2111 0.1972, -0.0347 -0.2109 0.1969, -0.0347 -0.2109 0.1972, -0.0347 -0.2107 0.1969, -0.0347 -0.2107 0.1972, -0.0347 -0.2104 0.1969, -0.0347 -0.2104 0.1972, -0.0346 -0.2102 0.1969, -0.0346 -0.2102 0.1972, -0.0344 -0.2099 0.1969, -0.0344 -0.2099 0.1972, -0.0342 -0.2097 0.1969, -0.0342 -0.2097 0.1972, -0.0338 -0.2095 0.1969, -0.0338 -0.2095 0.1972, -0.0334 -0.2094 0.1969, -0.0334 -0.2094 0.1972, -0.0329 -0.2094 0.1969, -0.0329 -0.2094 0.1972, -0.0317 -0.2095 0.1969, -0.0317 -0.2095 0.1972, -0.0308 -0.2099 0.1969, -0.0308 -0.2099 0.1972, -0.0304 -0.2101 0.1969, -0.0304 -0.2101 0.1972, -0.0304 -0.2084 0.1972, -0.0304 -0.2084 0.1969, -0.0315 -0.2081 0.1969, -0.0315 -0.2081 0.1972, -0.0327 -0.208 0.1969, -0.0327 -0.208 0.1972, -0.034 -0.2082 0.1969, -0.034 -0.2082 0.1972, -0.0349 -0.2085 0.1969, -0.0349 -0.2085 0.1972, -0.0353 -0.2088 0.1969, -0.0353 -0.2088 0.1972, -0.0359 -0.2093 0.1972, -0.0357 -0.2091 0.1969, -0.0359 -0.2093 0.1969, -0.0362 -0.2097 0.1969, -0.0362 -0.2097 0.1972, -0.0364 -0.2103 0.1969, -0.0364 -0.2103 0.1972, -0.0364 -0.2108 0.1969, -0.0364 -0.2108 0.1972, -0.0363 -0.2115 0.1969, -0.0363 -0.2115 0.1972, -0.0361 -0.212 0.1969, -0.0361 -0.212 0.1972, -0.0359 -0.2123 0.1969, -0.0359 -0.2123 0.1972, -0.0339 -0.2136 0.1969, -0.0339 -0.2136 0.1972, -0.0349 -0.2131 0.1972, -0.0357 -0.2126 0.1969, -0.0357 -0.2126 0.1972, -0.0357 -0.2126 0.1969, -0.0349 -0.2131 0.1969, -0.0328 -0.214 0.1969, -0.0328 -0.214 0.1972, -0.0321 -0.2144 0.1969, -0.0321 -0.2144 0.1972, -0.0319 -0.2146 0.1969, -0.0319 -0.2146 0.1972, -0.0318 -0.2149 0.1969, -0.0318 -0.2149 0.1972, -0.0317 -0.2151 0.1969, -0.0317 -0.2151 0.1972, -0.0317 -0.2153 0.1969, -0.0317 -0.2153 0.1972, -0.0317 -0.2157 0.1969, -0.0317 -0.2157 0.1972, -0.0318 -0.2159 0.1969, -0.0318 -0.2159 0.1972, -0.032 -0.2161 0.1969, -0.032 -0.2161 0.1972, -0.0322 -0.2163 0.1969, -0.0322 -0.2163 0.1972, -0.0323 -0.2164 0.1969, -0.0323 -0.2164 0.1972, -0.0327 -0.2165 0.1969, -0.0327 -0.2165 0.1972, -0.0336 -0.2166 0.1969, -0.0336 -0.2166 0.1972, -0.0217 -0.2082 0.1972, -0.02 -0.2082 0.1972, -0.0217 -0.2082 0.1969, -0.02 -0.2082 0.1969, -0.0243 -0.2154 0.1972, -0.0243 -0.2154 0.1969, -0.0244 -0.2159 0.1969, -0.0244 -0.2159 0.1972, -0.0245 -0.2162 0.1969, -0.0245 -0.2162 0.1972, -0.0246 -0.2162 0.1972, -0.0246 -0.2162 0.1969, -0.0248 -0.2154 0.1972, -0.0248 -0.2154 0.1969, -0.0272 -0.2082 0.1969, -0.0272 -0.2082 0.1972, -0.0264 -0.2105 0.1969, -0.0291 -0.2082 0.1972, -0.0291 -0.2082 0.1969, -0.0254 -0.2177 0.1969, -0.0254 -0.2177 0.1972, -0.0264 -0.215 0.1969, -0.0261 -0.2195 0.1969, -0.0261 -0.2195 0.1972, -0.0254 -0.2179 0.1969, -0.0264 -0.2201 0.1969, -0.0265 -0.2201 0.1972, -0.0265 -0.2201 0.1969, -0.0268 -0.2205 0.1969, -0.0268 -0.2205 0.1972, -0.0271 -0.2207 0.1969, -0.0271 -0.2207 0.1972, -0.0275 -0.2208 0.1969, -0.0275 -0.2208 0.1972, -0.0278 -0.2208 0.1969, -0.0278 -0.2208 0.1972, -0.0284 -0.2207 0.1969, -0.0284 -0.2207 0.1972, -0.0288 -0.2206 0.1969, -0.0288 -0.2206 0.1972, -0.0288 -0.2221 0.1972, -0.0288 -0.2221 0.1969, -0.0281 -0.2222 0.1969, -0.0281 -0.2222 0.1972, -0.0277 -0.2222 0.1969, -0.0277 -0.2222 0.1972, -0.027 -0.2222 0.1969, -0.027 -0.2222 0.1972, -0.0264 -0.2219 0.1969, -0.0263 -0.2219 0.1972, -0.0263 -0.2219 0.1969, -0.0257 -0.2215 0.1969, -0.0257 -0.2215 0.1972, -0.0251 -0.2207 0.1969, -0.0251 -0.2207 0.1972, -0.0243 -0.2192 0.1969, -0.0243 -0.2192 0.1972, -0.0238 -0.2179 0.1969, -0.011 -0.2162 0.1972, -0.011 -0.2178 0.1972, -0.011 -0.2162 0.1969, -0.011 -0.2178 0.1969, -0.0164 -0.2162 0.1969, -0.0164 -0.2162 0.1972, -0.0139 -0.2162 0.1969, -0.0164 -0.2117 0.1972, -0.0164 -0.2117 0.1969, -0.0117 -0.2117 0.1969, -0.0117 -0.2117 0.1972, -0.0139 -0.2117 0.1969, -0.0117 -0.2102 0.1972, -0.0117 -0.2102 0.1969, -0.0164 -0.2102 0.1969, -0.0164 -0.2102 0.1972, -0.0139 -0.2102 0.1969, -0.0164 -0.206 0.1972, -0.0164 -0.206 0.1969, -0.0113 -0.206 0.1969, -0.0113 -0.206 0.1972, -0.0139 -0.206 0.1969, -0.0113 -0.2044 0.1972, -0.0113 -0.2044 0.1969, -0.0182 -0.2044 0.1969, -0.0182 -0.2044 0.1972, -0.0139 -0.2044 0.1969, -0.0182 -0.2178 0.1972, -0.0182 -0.2178 0.1969, -0.0139 -0.2178 0.1969, -0.0002 -0.214 0.1972, -0.0008 -0.2148 0.1972, 0.0004 -0.2159 0.1972, -0.0011 -0.2151 0.1972, -0.001 -0.2169 0.1972, -0.002 -0.2156 0.1972, -0.0025 -0.2175 0.1972, -0.0031 -0.2161 0.1972, -0.0048 -0.2178 0.1972, -0.0048 -0.2162 0.1972, -0.0085 -0.2178 0.1972, -0.0067 -0.2162 0.1972, -0.0085 -0.2044 0.1972, -0.0067 -0.206 0.1972, -0.0047 -0.2044 0.1972, -0.0047 -0.206 0.1972, -0.0026 -0.2046 0.1972, -0.003 -0.2061 0.1972, -0.001 -0.2052 0.1972, -0.0019 -0.2066 0.1972, 0.0004 -0.2062 0.1972, -0.0009 -0.2072 0.1972, 0.0008 -0.2066 0.1972, -0.0004 -0.2076 0.1972, 0.0017 -0.2078 0.1972, 0.0001 -0.2084 0.1972, 0.0022 -0.2091 0.1972, 0.0004 -0.2094 0.1972, 0.0024 -0.2109 0.1972, 0.0006 -0.211 0.1972, 0.0024 -0.2118 0.1972, 0.0005 -0.2118 0.1972, 0.002 -0.2133 0.1972, 0.0003 -0.213 0.1972, 0.0014 -0.2147 0.1972, -0.0048 -0.2178 0.1969, -0.0085 -0.2178 0.1969, -0.0025 -0.2175 0.1969, -0.001 -0.2169 0.1969, 0.0004 -0.2159 0.1969, 0.0014 -0.2147 0.1969, 0.002 -0.2133 0.1969, 0.0024 -0.2118 0.1969, 0.0024 -0.2109 0.1969, 0.0022 -0.2091 0.1969, 0.0017 -0.2078 0.1969, 0.0008 -0.2066 0.1969, 0.0004 -0.2062 0.1969, -0.001 -0.2052 0.1969, -0.0026 -0.2046 0.1969, -0.0047 -0.2044 0.1969, -0.0085 -0.2044 0.1969, -0.0047 -0.206 0.1969, -0.0067 -0.206 0.1969, -0.0067 -0.2162 0.1969, -0.0048 -0.2162 0.1969, -0.0008 -0.2148 0.1969, -0.0011 -0.2151 0.1969, -0.002 -0.2156 0.1969, -0.0031 -0.2161 0.1969, 0.0006 -0.211 0.1969, 0.0005 -0.2118 0.1969, 0.0003 -0.213 0.1969, -0.0002 -0.214 0.1969, -0.0009 -0.2072 0.1969, -0.0004 -0.2076 0.1969, 0.0001 -0.2084 0.1969, 0.0004 -0.2094 0.1969, -0.003 -0.2061 0.1969, -0.0019 -0.2066 0.1969
            ]
        }
        coordIndex [
            0,1,2,-1,3,4,5,-1,3,5,6,-1,6,5,7,-1,6,7,2,-1,2,7,8,-1,2,8,0,-1,9,1,10,-1,10,1,0,-1,9,10,11,-1,11,10,12,-1,13,14,15,-1,15,14,11,-1,15,11,16,-1,16,11,12,-1,14,13,17,-1,17,13,18,-1,18,19,17,-1,17,19,20,-1,17,20,21,-1,21,20,22,-1,21,22,23,-1,23,22,24,-1,23,24,25,-1,25,24,26,-1,25,26,27,-1,27,26,28,-1,27,28,29,-1,29,28,30,-1,29,30,31,-1,31,30,32,-1,31,32,33,-1,33,32,34,-1,33,34,35,-1,35,34,36,-1,35,36,37,-1,37,36,38,-1,37,38,39,-1,39,38,40,-1,39,40,41,-1,41,40,42,-1,41,42,43,-1,43,42,44,-1,43,44,45,-1,45,44,46,-1,45,46,47,-1,47,46,48,-1,47,48,49,-1,49,48,50,-1,49,50,51,-1,51,50,52,-1,51,52,53,-1,53,52,54,-1,53,54,55,-1,55,54,56,-1,55,56,57,-1,57,56,58,-1,57,58,59,-1,59,58,60,-1,59,60,61,-1,61,60,62,-1,61,62,63,-1,63,62,64,-1,63,64,65,-1,65,64,66,-1,65,66,67,-1,67,66,68,-1,67,68,69,-1,69,68,70,-1,69,70,71,-1,71,70,72,-1,71,72,73,-1,73,72,74,-1,73,74,75,-1,76,75,77,-1,77,75,74,-1,76,77,78,-1,76,78,79,-1,79,78,80,-1,79,80,81,-1,81,80,82,-1,81,82,83,-1,83,82,84,-1,83,84,85,-1,85,84,86,-1,85,86,87,-1,87,86,88,-1,88,86,89,-1,89,90,88,-1,88,90,91,-1,88,91,92,-1,92,91,93,-1,92,93,94,-1,94,93,95,-1,94,95,96,-1,96,95,97,-1,96,97,98,-1,98,97,99,-1,98,99,100,-1,100,99,101,-1,100,101,102,-1,103,104,105,-1,102,101,106,-1,102,106,107,-1,107,106,108,-1,107,108,105,-1,105,108,109,-1,105,109,103,-1,104,103,110,-1,104,110,111,-1,111,110,112,-1,111,112,113,-1,113,112,114,-1,113,114,115,-1,115,114,116,-1,115,116,117,-1,117,116,118,-1,117,118,119,-1,119,118,120,-1,119,120,121,-1,121,120,122,-1,121,122,123,-1,123,122,124,-1,123,124,125,-1,125,124,126,-1,125,126,127,-1,127,126,128,-1,127,128,129,-1,129,128,130,-1,129,130,131,-1,131,130,132,-1,131,132,133,-1,133,132,134,-1,133,134,135,-1,135,134,4,-1,135,4,3,-1,59,61,87,-1,87,61,85,-1,85,61,63,-1,85,63,83,-1,125,25,27,-1,111,43,104,-1,104,43,45,-1,96,98,51,-1,51,98,100,-1,51,100,49,-1,49,100,102,-1,49,102,47,-1,47,102,107,-1,47,107,45,-1,45,107,105,-1,45,105,104,-1,125,27,123,-1,123,27,29,-1,123,29,121,-1,121,29,31,-1,121,31,119,-1,119,31,33,-1,119,33,117,-1,117,33,35,-1,117,35,115,-1,115,35,37,-1,115,37,113,-1,113,37,39,-1,113,39,111,-1,111,39,41,-1,111,41,43,-1,25,125,23,-1,23,125,127,-1,23,127,21,-1,14,3,11,-1,11,3,6,-1,11,6,9,-1,9,6,2,-1,9,2,1,-1,63,65,83,-1,83,65,67,-1,83,67,81,-1,81,67,69,-1,81,69,79,-1,79,69,71,-1,79,71,76,-1,76,71,73,-1,76,73,75,-1,127,129,21,-1,21,129,131,-1,21,131,17,-1,17,131,133,-1,17,133,14,-1,14,133,135,-1,14,135,3,-1,87,88,59,-1,59,88,92,-1,59,92,57,-1,57,92,94,-1,57,94,55,-1,55,94,96,-1,55,96,53,-1,53,96,51,-1,136,137,138,-1,138,137,139,-1,140,136,141,-1,141,136,138,-1,140,141,142,-1,140,142,143,-1,143,142,144,-1,143,144,145,-1,146,145,147,-1,147,145,144,-1,148,146,149,-1,149,146,147,-1,150,151,152,-1,152,151,148,-1,152,148,149,-1,153,151,154,-1,154,151,150,-1,155,156,157,-1,157,156,153,-1,157,153,154,-1,158,159,160,-1,160,159,156,-1,160,156,155,-1,158,161,159,-1,159,161,162,-1,161,163,162,-1,162,163,164,-1,162,164,165,-1,165,164,166,-1,165,166,167,-1,167,166,168,-1,167,168,169,-1,169,168,170,-1,169,170,171,-1,171,170,172,-1,171,172,173,-1,173,172,174,-1,173,174,175,-1,176,175,177,-1,177,175,174,-1,176,177,178,-1,176,178,179,-1,179,178,180,-1,179,180,181,-1,181,180,182,-1,181,182,183,-1,183,182,184,-1,183,184,185,-1,184,186,185,-1,185,186,187,-1,185,187,188,-1,188,187,189,-1,188,189,190,-1,190,189,191,-1,190,191,192,-1,139,137,193,-1,193,137,192,-1,193,192,191,-1,143,145,192,-1,137,136,192,-1,192,136,140,-1,192,140,143,-1,151,153,148,-1,148,153,156,-1,148,156,146,-1,145,146,192,-1,192,146,156,-1,192,156,190,-1,156,159,190,-1,190,159,162,-1,190,162,188,-1,188,162,165,-1,188,165,185,-1,185,165,167,-1,185,167,183,-1,183,167,169,-1,183,169,181,-1,181,169,171,-1,181,171,179,-1,179,171,173,-1,179,173,176,-1,176,173,175,-1,194,195,196,-1,196,195,197,-1,198,199,200,-1,200,199,194,-1,200,194,196,-1,201,199,202,-1,202,199,198,-1,203,204,205,-1,205,204,201,-1,205,201,202,-1,206,204,207,-1,207,204,203,-1,208,209,210,-1,210,209,206,-1,210,206,207,-1,211,209,212,-1,212,209,208,-1,213,214,215,-1,215,214,211,-1,215,211,212,-1,216,214,217,-1,217,214,213,-1,218,219,220,-1,220,219,216,-1,220,216,217,-1,221,219,222,-1,222,219,218,-1,197,195,223,-1,223,195,221,-1,223,221,222,-1,221,195,194,-1,194,199,221,-1,221,199,201,-1,221,201,219,-1,214,216,211,-1,211,216,219,-1,211,219,209,-1,209,219,201,-1,209,201,206,-1,206,201,204,-1,224,225,226,-1,226,225,227,-1,226,227,228,-1,228,227,229,-1,228,229,230,-1,230,229,231,-1,230,231,232,-1,232,231,233,-1,232,233,234,-1,234,233,235,-1,234,235,236,-1,236,235,237,-1,236,237,238,-1,238,237,239,-1,238,239,240,-1,240,239,241,-1,240,241,242,-1,242,241,243,-1,242,243,244,-1,244,243,245,-1,244,245,246,-1,246,245,247,-1,246,247,248,-1,248,247,249,-1,248,249,250,-1,250,249,251,-1,250,251,252,-1,252,251,253,-1,252,253,254,-1,254,253,255,-1,254,255,256,-1,256,255,257,-1,256,257,258,-1,258,257,224,-1,258,224,226,-1,232,234,259,-1,259,234,260,-1,232,259,261,-1,232,261,230,-1,230,261,262,-1,230,262,228,-1,228,262,263,-1,228,263,226,-1,226,263,264,-1,226,264,258,-1,258,264,265,-1,258,265,256,-1,256,265,266,-1,256,266,254,-1,254,266,267,-1,254,267,252,-1,252,267,268,-1,252,268,250,-1,250,268,269,-1,250,269,248,-1,248,269,270,-1,248,270,246,-1,246,270,271,-1,246,271,244,-1,244,271,272,-1,244,272,242,-1,242,272,273,-1,242,273,240,-1,240,273,274,-1,240,274,238,-1,236,238,275,-1,275,238,274,-1,234,236,260,-1,260,236,275,-1,239,237,276,-1,276,237,277,-1,237,235,277,-1,277,235,278,-1,235,233,278,-1,278,233,279,-1,225,280,281,-1,225,281,227,-1,227,281,282,-1,227,282,229,-1,229,282,283,-1,229,283,231,-1,231,283,279,-1,231,279,233,-1,253,284,285,-1,253,285,255,-1,255,285,286,-1,255,286,257,-1,257,286,287,-1,257,287,224,-1,224,287,280,-1,224,280,225,-1,245,288,289,-1,245,289,247,-1,247,289,290,-1,247,290,249,-1,249,290,291,-1,249,291,251,-1,251,291,284,-1,251,284,253,-1,239,276,292,-1,239,292,241,-1,241,292,293,-1,241,293,243,-1,243,293,288,-1,243,288,245,-1,
        ]
    }
}
Shape{
    appearance Appearance {
        material  Material 	{
            diffuseColor 0.0 0.0 0.0
            specularColor 0.0 0.0 0.0
            ambientIntensity 0.0
            transparency 0.0
            shininess 0.5
        }
    }
    geometry IndexedFaceSet {
        ccw TRUE
        solid FALSE
        coord DEF co Coordinate {
            point [
                -0.0067 -0.206 0.1969, -0.0067 -0.2162 0.1969, -0.0047 -0.206 0.1969, -0.0048 -0.2162 0.1969, -0.0031 -0.2161 0.1969, -0.002 -0.2156 0.1969, -0.0011 -0.2151 0.1969, -0.0008 -0.2148 0.1969, -0.0002 -0.214 0.1969, 0.0003 -0.213 0.1969, 0.0005 -0.2118 0.1969, 0.0006 -0.211 0.1969, 0.0004 -0.2094 0.1969, 0.0001 -0.2084 0.1969, -0.0004 -0.2076 0.1969, -0.0009 -0.2072 0.1969, -0.003 -0.2061 0.1969, -0.0019 -0.2066 0.1969
            ]
        }
        coordIndex [
            0,1,2,-1,2,1,3,-1,2,3,4,-1,4,5,2,-1,2,5,6,-1,2,6,7,-1,7,8,2,-1,2,8,9,-1,2,9,10,-1,10,11,2,-1,2,11,12,-1,2,12,13,-1,13,14,2,-1,2,14,15,-1,2,15,16,-1,16,15,17,-1,
        ]
    }
}
Shape{
    appearance Appearance {
        material  Material 	{
            diffuseColor 1.0 1.0 1.0
            specularColor 0.5019607843137255 0.5019607843137255 0.5019607843137255
            ambientIntensity 1.0
            transparency 0.0
            shininess 0.5
        }
    }
    geometry IndexedFaceSet {
        ccw TRUE
        solid FALSE
        coord DEF co Coordinate {
            point [
                0.0069 -0.2126 0.1972, 0.0063 -0.2141 0.1972, 0.0113 -0.2126 0.1972, 0.0119 -0.2141 0.1972, 0.0089 -0.2071 0.1972, 0.0082 -0.2044 0.1972, 0.0031 -0.2178 0.1972, 0.005 -0.2178 0.1972, 0.009 -0.2067 0.1972, 0.0091 -0.2061 0.1972, 0.0101 -0.2044 0.1972, 0.0091 -0.2061 0.1972, 0.0092 -0.2067 0.1972, 0.0093 -0.2071 0.1972, 0.0151 -0.2178 0.1972, 0.0132 -0.2178 0.1972, 0.0101 -0.2044 0.1969, 0.0151 -0.2178 0.1969, 0.0082 -0.2044 0.1969, 0.0031 -0.2178 0.1969, 0.005 -0.2178 0.1969, 0.0063 -0.2141 0.1969, 0.0119 -0.2141 0.1969, 0.0132 -0.2178 0.1969, 0.0069 -0.2126 0.1969, 0.0113 -0.2126 0.1969, 0.0093 -0.2071 0.1969, 0.0091 -0.2061 0.1969, 0.0092 -0.2067 0.1969, 0.0091 -0.2061 0.1969, 0.0089 -0.2071 0.1969, 0.009 -0.2067 0.1969
            ]
        }
        coordIndex [
            0,1,2,-1,2,1,3,-1,4,5,0,-1,0,5,6,-1,0,6,1,-1,1,6,7,-1,4,8,5,-1,5,8,9,-1,5,9,10,-1,10,9,11,-1,10,11,12,-1,12,13,10,-1,10,13,2,-1,10,2,14,-1,14,2,3,-1,14,3,15,-1,10,14,16,-1,16,14,17,-1,5,10,18,-1,18,10,16,-1,6,5,19,-1,19,5,18,-1,7,6,20,-1,20,6,19,-1,1,7,21,-1,21,7,20,-1,3,1,22,-1,22,1,21,-1,15,3,23,-1,23,3,22,-1,14,15,17,-1,17,15,23,-1,0,2,24,-1,24,2,25,-1,2,13,25,-1,25,13,26,-1,11,27,28,-1,11,28,12,-1,12,28,26,-1,12,26,13,-1,11,9,27,-1,27,9,29,-1,4,30,31,-1,4,31,8,-1,8,31,29,-1,8,29,9,-1,4,0,30,-1,30,0,24,-1,
        ]
    }
}
Shape{
    appearance Appearance {
        material  Material 	{
            diffuseColor 0.0 0.0 0.0
            specularColor 0.0 0.0 0.0
            ambientIntensity 0.0
            transparency 0.0
            shininess 0.5
        }
    }
    geometry IndexedFaceSet {
        ccw TRUE
        solid FALSE
        coord DEF co Coordinate {
            point [
                0.0091 -0.2061 0.1969, 0.0091 -0.2061 0.1969, 0.0092 -0.2067 0.1969, 0.009 -0.2067 0.1969, 0.0093 -0.2071 0.1969, 0.0089 -0.2071 0.1969, 0.0113 -0.2126 0.1969, 0.0069 -0.2126 0.1969
            ]
        }
        coordIndex [
            0,1,2,-1,2,1,3,-1,2,3,4,-1,4,3,5,-1,4,5,6,-1,6,5,7,-1,
        ]
    }
}
Shape{
    appearance Appearance {
        material  Material 	{
            diffuseColor 1.0 1.0 1.0
            specularColor 0.5019607843137255 0.5019607843137255 0.5019607843137255
            ambientIntensity 1.0
            transparency 0.0
            shininess 0.5
        }
    }
    geometry IndexedFaceSet {
        ccw TRUE
        solid FALSE
        coord DEF co Coordinate {
            point [
                -0.1141 -0.2196 0.1972, -0.1127 -0.2214 0.1972, -0.1149 -0.2113 0.1972, -0.1053 -0.2111 0.1972, -0.1044 -0.2114 0.1972, -0.0989 -0.2082 0.1972, -0.1037 -0.2119 0.1972, -0.1031 -0.2126 0.1972, -0.0719 -0.2046 0.1972, -0.0722 -0.2065 0.1972, -0.0665 -0.2081 0.1972, -0.1024 -0.2151 0.1972, -0.0965 -0.2146 0.1972, -0.1024 -0.2142 0.1972, -0.0965 -0.2136 0.1972, -0.1026 -0.2133 0.1972, -0.0832 -0.2066 0.1972, -0.0862 -0.2016 0.1972, -0.1086 -0.2174 0.1972, -0.1078 -0.218 0.1972, -0.1108 -0.2228 0.1972, -0.1069 -0.2183 0.1972, -0.117 -0.21 0.1972, -0.1167 -0.2171 0.1972, -0.115 -0.2176 0.1972, -0.0801 -0.1972 0.1972, -0.0793 -0.1972 0.1972, -0.0754 -0.1921 0.1972, -0.0775 -0.1974 0.1972, -0.0749 -0.1923 0.1972, -0.0759 -0.1981 0.1972, -0.072 -0.1937 0.1972, -0.0695 -0.1959 0.1972, -0.1068 -0.1941 0.1972, -0.1061 -0.1945 0.1972, -0.109 -0.1875 0.1972, -0.1048 -0.1916 0.1972, -0.1071 -0.1853 0.1972, -0.1027 -0.1891 0.1972, -0.1049 -0.1834 0.1972, -0.1001 -0.1871 0.1972, -0.1026 -0.1819 0.1972, -0.1026 -0.2056 0.1972, -0.1048 -0.2051 0.1972, -0.1061 -0.211 0.1972, -0.106 -0.205 0.1972, -0.1069 -0.2111 0.1972, -0.1083 -0.2053 0.1972, -0.1077 -0.2114 0.1972, -0.1104 -0.2061 0.1972, -0.1085 -0.2118 0.1972, -0.1123 -0.2074 0.1972, -0.1091 -0.2125 0.1972, -0.1139 -0.2092 0.1972, -0.1096 -0.2133 0.1972, -0.1098 -0.2143 0.1972, -0.0678 -0.2111 0.1972, -0.0728 -0.2082 0.1972, -0.0696 -0.2135 0.1972, -0.0982 -0.1802 0.1972, -0.097 -0.1858 0.1972, -0.0935 -0.1797 0.1972, -0.0806 -0.1846 0.1972, -0.0839 -0.1894 0.1972, -0.0775 -0.1882 0.1972, -0.0818 -0.192 0.1972, -0.0805 -0.1951 0.1972, -0.1187 -0.2082 0.1972, -0.1226 -0.2131 0.1972, -0.1201 -0.2153 0.1972, -0.1203 -0.2002 0.1972, -0.1265 -0.2016 0.1972, -0.1206 -0.2025 0.1972, -0.1266 -0.2027 0.1972, -0.1205 -0.204 0.1972, -0.1262 -0.206 0.1972, -0.1198 -0.2063 0.1972, -0.125 -0.2096 0.1972, -0.123 -0.2126 0.1972, -0.0744 -0.1991 0.1972, -0.0733 -0.2003 0.1972, -0.0676 -0.1986 0.1972, -0.0724 -0.202 0.1972, -0.0665 -0.2015 0.1972, -0.072 -0.2038 0.1972, -0.0661 -0.2045 0.1972, -0.0661 -0.205 0.1972, -0.0739 -0.2096 0.1972, -0.074 -0.2098 0.1972, -0.0723 -0.2158 0.1972, -0.0754 -0.2109 0.1972, -0.0752 -0.2172 0.1972, -0.0771 -0.2117 0.1972, -0.0782 -0.2178 0.1972, -0.0788 -0.212 0.1972, -0.0838 -0.2178 0.1972, -0.083 -0.212 0.1972, -0.0842 -0.2177 0.1972, -0.1089 -0.1933 0.1972, -0.1101 -0.1874 0.1972, -0.1111 -0.193 0.1972, -0.1112 -0.1873 0.1972, -0.1121 -0.1931 0.1972, -0.1145 -0.1877 0.1972, -0.1144 -0.1936 0.1972, -0.1181 -0.189 0.1972, -0.1166 -0.1948 0.1972, -0.1213 -0.1911 0.1972, -0.1182 -0.1962 0.1972, -0.1221 -0.1919 0.1972, -0.1195 -0.1981 0.1972, -0.1242 -0.1945 0.1972, -0.1258 -0.1978 0.1972, -0.1092 -0.2168 0.1972, -0.1096 -0.216 0.1972, -0.1098 -0.2151 0.1972, -0.1005 -0.2067 0.1972, -0.0938 -0.1854 0.1972, -0.0934 -0.1854 0.1972, -0.0896 -0.1801 0.1972, -0.0903 -0.1857 0.1972, -0.0848 -0.1818 0.1972, -0.0874 -0.1868 0.1972, -0.0847 -0.1886 0.1972, -0.1086 -0.2237 0.1972, -0.1064 -0.2241 0.1972, -0.1061 -0.2184 0.1972, -0.106 -0.2241 0.1972, -0.1053 -0.2183 0.1972, -0.1037 -0.2238 0.1972, -0.1045 -0.218 0.1972, -0.1016 -0.223 0.1972, -0.1037 -0.2175 0.1972, -0.0997 -0.2217 0.1972, -0.1031 -0.2168 0.1972, -0.0982 -0.22 0.1972, -0.1027 -0.216 0.1972, -0.0971 -0.2179 0.1972, -0.0966 -0.2156 0.1972, -0.0835 -0.2119 0.1972, -0.0858 -0.2168 0.1972, -0.0855 -0.2171 0.1972, -0.0843 -0.212 0.1972, -0.085 -0.2123 0.1972, -0.0865 -0.2146 0.1972, -0.0866 -0.2149 0.1972, -0.0865 -0.2155 0.1972, -0.0862 -0.2162 0.1972, -0.0832 -0.212 0.1972, -0.0849 -0.2175 0.1972, -0.0836 -0.2119 0.1972, -0.0855 -0.2127 0.1972, -0.086 -0.2132 0.1972, -0.0864 -0.2139 0.1972, -0.069 -0.1967 0.1969, -0.0676 -0.1986 0.1969, -0.0668 -0.2006 0.1969, -0.0665 -0.2015 0.1969, -0.0661 -0.2045 0.1969, -0.0695 -0.1959 0.1969, -0.072 -0.1937 0.1969, -0.0749 -0.1923 0.1969, -0.0754 -0.1921 0.1969, -0.0775 -0.1882 0.1969, -0.0806 -0.1846 0.1969, -0.0828 -0.1831 0.1969, -0.0848 -0.1818 0.1969, -0.0896 -0.1801 0.1969, -0.0935 -0.1797 0.1969, -0.0982 -0.1802 0.1969, -0.1026 -0.1819 0.1969, -0.1045 -0.1831 0.1969, -0.1049 -0.1834 0.1969, -0.1071 -0.1853 0.1969, -0.109 -0.1875 0.1969, -0.1101 -0.1874 0.1969, -0.1112 -0.1873 0.1969, -0.1145 -0.1877 0.1969, -0.1181 -0.189 0.1969, -0.1213 -0.1911 0.1969, -0.1221 -0.1919 0.1969, -0.1242 -0.1945 0.1969, -0.1252 -0.1965 0.1969, -0.1253 -0.1967 0.1969, -0.1258 -0.1978 0.1969, -0.1264 -0.2006 0.1969, -0.1265 -0.2016 0.1969, -0.1266 -0.2027 0.1969, -0.1262 -0.206 0.1969, -0.1252 -0.209 0.1969, -0.125 -0.2096 0.1969, -0.123 -0.2126 0.1969, -0.1226 -0.2131 0.1969, -0.1201 -0.2153 0.1969, -0.1167 -0.2171 0.1969, -0.115 -0.2176 0.1969, -0.1149 -0.2179 0.1969, -0.1141 -0.2196 0.1969, -0.1127 -0.2214 0.1969, -0.1108 -0.2228 0.1969, -0.1099 -0.2232 0.1969, -0.1086 -0.2237 0.1969, -0.1064 -0.2241 0.1969, -0.106 -0.2241 0.1969, -0.0965 -0.2146 0.1969, -0.1037 -0.2238 0.1969, -0.1021 -0.2232 0.1969, -0.1016 -0.223 0.1969, -0.0997 -0.2217 0.1969, -0.0982 -0.22 0.1969, -0.0971 -0.2179 0.1969, -0.0971 -0.2179 0.1969, -0.0966 -0.2156 0.1969, -0.0965 -0.2136 0.1969, -0.0832 -0.2066 0.1969, -0.0862 -0.2016 0.1969, -0.0989 -0.2082 0.1969, -0.1005 -0.2067 0.1969, -0.1026 -0.2056 0.1969, -0.1048 -0.2051 0.1969, -0.106 -0.205 0.1969, -0.1083 -0.2053 0.1969, -0.1104 -0.2061 0.1969, -0.1123 -0.2074 0.1969, -0.1139 -0.2092 0.1969, -0.1149 -0.2113 0.1969, -0.117 -0.21 0.1969, -0.1187 -0.2082 0.1969, -0.1198 -0.2063 0.1969, -0.1205 -0.204 0.1969, -0.1206 -0.2025 0.1969, -0.1204 -0.2006 0.1969, -0.1203 -0.2002 0.1969, -0.1195 -0.1981 0.1969, -0.1185 -0.1967 0.1969, -0.1182 -0.1962 0.1969, -0.1166 -0.1948 0.1969, -0.1144 -0.1936 0.1969, -0.1121 -0.1931 0.1969, -0.1111 -0.193 0.1969, -0.1089 -0.1933 0.1969, -0.1068 -0.1941 0.1969, -0.1061 -0.1945 0.1969, -0.1048 -0.1916 0.1969, -0.1027 -0.1891 0.1969, -0.1001 -0.1871 0.1969, -0.097 -0.1858 0.1969, -0.0938 -0.1854 0.1969, -0.0934 -0.1854 0.1969, -0.0903 -0.1857 0.1969, -0.0874 -0.1868 0.1969, -0.0847 -0.1886 0.1969, -0.0839 -0.1894 0.1969, -0.0818 -0.192 0.1969, -0.0805 -0.1951 0.1969, -0.0802 -0.1967 0.1969, -0.0801 -0.1972 0.1969, -0.0793 -0.1972 0.1969, -0.0775 -0.1974 0.1969, -0.0759 -0.1981 0.1969, -0.0744 -0.1991 0.1969, -0.0733 -0.2003 0.1969, -0.0732 -0.2006 0.1969, -0.0724 -0.202 0.1969, -0.072 -0.2038 0.1969, -0.0719 -0.2046 0.1969, -0.0722 -0.2065 0.1969, -0.0728 -0.2082 0.1969, -0.0739 -0.2096 0.1969, -0.074 -0.2098 0.1969, -0.0754 -0.2109 0.1969, -0.0771 -0.2117 0.1969, -0.0788 -0.212 0.1969, -0.083 -0.212 0.1969, -0.0832 -0.212 0.1969, -0.0835 -0.2119 0.1969, -0.0836 -0.2119 0.1969, -0.0843 -0.212 0.1969, -0.085 -0.2123 0.1969, -0.0855 -0.2127 0.1969, -0.086 -0.2132 0.1969, -0.0864 -0.2139 0.1969, -0.0865 -0.2146 0.1969, -0.0866 -0.2149 0.1969, -0.0865 -0.2155 0.1969, -0.0862 -0.2162 0.1969, -0.0858 -0.2168 0.1969, -0.0855 -0.2171 0.1969, -0.0849 -0.2175 0.1969, -0.0842 -0.2177 0.1969, -0.0838 -0.2178 0.1969, -0.0782 -0.2178 0.1969, -0.0752 -0.2172 0.1969, -0.0723 -0.2158 0.1969, -0.0696 -0.2135 0.1969, -0.0678 -0.2111 0.1969, -0.0665 -0.2081 0.1969, -0.0661 -0.205 0.1969, -0.1061 -0.211 0.1969, -0.1053 -0.2111 0.1969, -0.1044 -0.2114 0.1969, -0.1037 -0.2119 0.1969, -0.1031 -0.2126 0.1969, -0.1026 -0.2133 0.1969, -0.1024 -0.2142 0.1969, -0.1024 -0.2151 0.1969, -0.1027 -0.216 0.1969, -0.1031 -0.2168 0.1969, -0.1037 -0.2175 0.1969, -0.1045 -0.218 0.1969, -0.1053 -0.2183 0.1969, -0.1061 -0.2184 0.1969, -0.1069 -0.2183 0.1969, -0.1078 -0.218 0.1969, -0.1086 -0.2174 0.1969, -0.1092 -0.2168 0.1969, -0.1096 -0.216 0.1969, -0.1098 -0.2151 0.1969, -0.1098 -0.2143 0.1969, -0.1096 -0.2133 0.1969, -0.1091 -0.2125 0.1969, -0.1085 -0.2118 0.1969, -0.1077 -0.2114 0.1969, -0.1069 -0.2111 0.1969
            ]
        }
        coordIndex [
            0,1,2,-1,3,4,5,-1,5,4,6,-1,5,6,7,-1,8,9,10,-1,11,12,13,-1,13,12,14,-1,13,14,15,-1,15,14,16,-1,15,16,7,-1,7,16,17,-1,7,17,5,-1,18,1,19,-1,19,1,20,-1,19,20,21,-1,22,23,2,-1,2,23,24,-1,2,24,0,-1,25,26,27,-1,27,26,28,-1,27,28,29,-1,29,28,30,-1,29,30,31,-1,31,30,32,-1,33,34,35,-1,35,34,36,-1,35,36,37,-1,37,36,38,-1,37,38,39,-1,39,38,40,-1,39,40,41,-1,42,43,44,-1,44,43,45,-1,44,45,46,-1,46,45,47,-1,46,47,48,-1,48,47,49,-1,48,49,50,-1,50,49,51,-1,50,51,52,-1,52,51,53,-1,52,53,54,-1,54,53,2,-1,54,2,55,-1,10,9,56,-1,56,9,57,-1,56,57,58,-1,41,40,59,-1,59,40,60,-1,59,60,61,-1,62,63,64,-1,64,63,65,-1,64,65,27,-1,27,65,66,-1,27,66,25,-1,67,68,22,-1,22,68,69,-1,22,69,23,-1,70,71,72,-1,72,71,73,-1,72,73,74,-1,74,73,75,-1,74,75,76,-1,76,75,77,-1,76,77,67,-1,67,77,78,-1,67,78,68,-1,30,79,32,-1,32,79,80,-1,32,80,81,-1,81,80,82,-1,81,82,83,-1,83,82,84,-1,83,84,85,-1,85,84,8,-1,85,8,86,-1,86,8,10,-1,57,87,58,-1,58,87,88,-1,58,88,89,-1,89,88,90,-1,89,90,91,-1,91,90,92,-1,91,92,93,-1,93,92,94,-1,93,94,95,-1,95,94,96,-1,95,96,97,-1,33,35,98,-1,98,35,99,-1,98,99,100,-1,100,99,101,-1,100,101,102,-1,102,101,103,-1,102,103,104,-1,104,103,105,-1,104,105,106,-1,106,105,107,-1,106,107,108,-1,108,107,109,-1,108,109,110,-1,110,109,111,-1,110,111,70,-1,70,111,112,-1,70,112,71,-1,18,113,1,-1,1,113,114,-1,1,114,2,-1,2,114,115,-1,2,115,55,-1,3,5,44,-1,44,5,116,-1,44,116,42,-1,60,117,61,-1,61,117,118,-1,61,118,119,-1,119,118,120,-1,119,120,121,-1,121,120,122,-1,121,122,62,-1,62,122,123,-1,62,123,63,-1,20,124,21,-1,21,124,125,-1,21,125,126,-1,126,125,127,-1,126,127,128,-1,128,127,129,-1,128,129,130,-1,130,129,131,-1,130,131,132,-1,132,131,133,-1,132,133,134,-1,134,133,135,-1,134,135,136,-1,136,135,137,-1,136,137,11,-1,11,137,138,-1,11,138,12,-1,139,140,141,-1,142,143,144,-1,145,146,139,-1,139,146,147,-1,139,147,140,-1,96,148,97,-1,97,148,139,-1,97,139,149,-1,149,139,141,-1,145,139,144,-1,144,139,150,-1,144,150,142,-1,143,151,144,-1,144,151,152,-1,144,152,153,-1,154,32,155,-1,155,32,81,-1,155,81,156,-1,156,81,83,-1,156,83,157,-1,157,83,85,-1,157,85,158,-1,154,159,32,-1,32,159,160,-1,32,160,31,-1,31,160,161,-1,31,161,29,-1,29,161,162,-1,29,162,27,-1,27,162,163,-1,27,163,64,-1,64,163,164,-1,64,164,62,-1,121,62,165,-1,165,62,164,-1,165,166,121,-1,121,166,167,-1,121,167,119,-1,119,167,168,-1,119,168,61,-1,61,168,169,-1,61,169,59,-1,59,169,170,-1,59,170,41,-1,41,170,39,-1,39,170,171,-1,39,171,172,-1,39,172,173,-1,39,173,37,-1,37,173,174,-1,37,174,35,-1,35,174,175,-1,35,175,99,-1,99,175,176,-1,99,176,101,-1,101,176,177,-1,101,177,103,-1,103,177,178,-1,103,178,105,-1,105,178,179,-1,105,179,107,-1,107,179,180,-1,107,180,109,-1,109,180,181,-1,109,181,111,-1,111,181,182,-1,111,182,112,-1,182,183,112,-1,112,183,184,-1,112,184,71,-1,71,184,185,-1,185,186,71,-1,71,186,187,-1,71,187,73,-1,73,187,188,-1,189,77,188,-1,188,77,75,-1,188,75,73,-1,189,190,77,-1,77,190,191,-1,77,191,78,-1,78,191,192,-1,78,192,68,-1,68,192,193,-1,68,193,69,-1,69,193,194,-1,69,194,23,-1,23,194,195,-1,23,195,24,-1,24,195,196,-1,24,196,0,-1,196,197,0,-1,0,197,198,-1,0,198,1,-1,1,198,199,-1,1,199,20,-1,20,199,200,-1,20,200,124,-1,200,201,124,-1,124,201,202,-1,124,202,125,-1,125,202,203,-1,125,203,127,-1,204,12,138,-1,127,203,205,-1,206,131,205,-1,205,131,129,-1,205,129,127,-1,206,207,131,-1,131,207,208,-1,131,208,133,-1,133,208,209,-1,133,209,135,-1,135,209,210,-1,135,210,137,-1,137,210,211,-1,137,211,138,-1,138,211,212,-1,138,212,204,-1,14,12,213,-1,213,12,204,-1,16,14,214,-1,214,14,213,-1,17,16,215,-1,215,16,214,-1,5,17,216,-1,216,17,215,-1,5,216,217,-1,5,217,116,-1,116,217,218,-1,116,218,42,-1,42,218,219,-1,42,219,43,-1,43,219,220,-1,43,220,45,-1,45,220,221,-1,45,221,47,-1,47,221,222,-1,47,222,49,-1,49,222,223,-1,49,223,51,-1,51,223,224,-1,51,224,53,-1,53,224,225,-1,53,225,2,-1,2,225,226,-1,2,226,22,-1,22,226,227,-1,22,227,67,-1,67,227,228,-1,67,228,76,-1,76,228,229,-1,76,229,74,-1,74,229,230,-1,74,230,72,-1,70,72,230,-1,230,231,70,-1,70,231,232,-1,70,232,233,-1,234,108,233,-1,233,108,110,-1,233,110,70,-1,234,235,108,-1,108,235,236,-1,108,236,106,-1,106,236,237,-1,106,237,104,-1,104,237,238,-1,104,238,102,-1,102,238,239,-1,102,239,100,-1,100,239,240,-1,100,240,98,-1,98,240,241,-1,98,241,33,-1,33,241,242,-1,33,242,34,-1,34,242,243,-1,34,243,36,-1,36,243,244,-1,36,244,38,-1,38,244,245,-1,38,245,40,-1,40,245,246,-1,40,246,60,-1,60,246,247,-1,60,247,117,-1,117,247,248,-1,117,248,118,-1,118,248,249,-1,118,249,120,-1,120,249,250,-1,120,250,122,-1,122,250,251,-1,122,251,123,-1,123,251,252,-1,123,252,63,-1,63,252,253,-1,63,253,65,-1,65,253,254,-1,65,254,66,-1,66,254,25,-1,25,254,255,-1,25,255,256,-1,26,25,257,-1,257,25,256,-1,26,257,258,-1,26,258,28,-1,28,258,259,-1,28,259,30,-1,30,259,260,-1,30,260,79,-1,79,260,261,-1,79,261,80,-1,80,261,262,-1,80,262,82,-1,262,263,82,-1,82,263,264,-1,82,264,84,-1,84,264,265,-1,84,265,8,-1,8,265,266,-1,8,266,9,-1,9,266,267,-1,9,267,57,-1,57,267,268,-1,57,268,87,-1,87,268,269,-1,87,269,88,-1,88,269,270,-1,88,270,90,-1,90,270,271,-1,90,271,92,-1,92,271,272,-1,92,272,94,-1,96,94,273,-1,273,94,272,-1,96,273,274,-1,96,274,148,-1,148,274,275,-1,148,275,139,-1,139,275,276,-1,139,276,150,-1,150,276,277,-1,150,277,142,-1,142,277,278,-1,142,278,143,-1,143,278,279,-1,143,279,151,-1,151,279,280,-1,151,280,152,-1,152,280,281,-1,152,281,153,-1,153,281,282,-1,153,282,144,-1,144,282,283,-1,144,283,145,-1,145,283,284,-1,145,284,146,-1,146,284,285,-1,146,285,147,-1,147,285,286,-1,147,286,140,-1,140,286,287,-1,140,287,141,-1,141,287,288,-1,141,288,149,-1,149,288,289,-1,149,289,97,-1,97,289,290,-1,97,290,95,-1,93,95,291,-1,291,95,290,-1,93,291,292,-1,93,292,91,-1,91,292,293,-1,91,293,89,-1,89,293,294,-1,89,294,58,-1,58,294,295,-1,58,295,56,-1,56,295,296,-1,56,296,10,-1,10,296,297,-1,10,297,86,-1,86,297,158,-1,86,158,85,-1,44,298,299,-1,44,299,3,-1,3,299,300,-1,3,300,4,-1,4,300,301,-1,4,301,6,-1,6,301,302,-1,6,302,7,-1,7,302,303,-1,7,303,15,-1,15,303,304,-1,15,304,13,-1,13,304,305,-1,13,305,11,-1,11,305,306,-1,11,306,136,-1,136,306,307,-1,136,307,134,-1,134,307,308,-1,134,308,132,-1,132,308,309,-1,132,309,130,-1,130,309,310,-1,130,310,128,-1,128,310,311,-1,128,311,126,-1,126,311,312,-1,126,312,21,-1,21,312,313,-1,21,313,19,-1,19,313,314,-1,19,314,18,-1,18,314,315,-1,18,315,113,-1,113,315,316,-1,113,316,114,-1,114,316,317,-1,114,317,115,-1,115,317,318,-1,115,318,55,-1,55,318,319,-1,55,319,54,-1,54,319,320,-1,54,320,52,-1,52,320,321,-1,52,321,50,-1,50,321,322,-1,50,322,48,-1,48,322,323,-1,48,323,46,-1,46,323,298,-1,46,298,44,-1,
        ]
    }
}
Shape{
    appearance Appearance {
        material  Material 	{
            diffuseColor 0.0 0.0 0.0
            specularColor 0.0 0.0 0.0
            ambientIntensity 0.0
            transparency 0.0
            shininess 0.5
        }
    }
    geometry IndexedFaceSet {
        ccw TRUE
        solid FALSE
        coord DEF co Coordinate {
            point [
                -0.1069 -0.2111 0.1969, -0.1061 -0.2184 0.1969, -0.1061 -0.211 0.1969, -0.1053 -0.2183 0.1969, -0.1053 -0.2111 0.1969, -0.1098 -0.2151 0.1969, -0.1098 -0.2143 0.1969, -0.1077 -0.2114 0.1969, -0.1037 -0.2175 0.1969, -0.1031 -0.2126 0.1969, -0.1037 -0.2119 0.1969, -0.1085 -0.2118 0.1969, -0.1091 -0.2125 0.1969, -0.1096 -0.2133 0.1969, -0.1096 -0.216 0.1969, -0.1092 -0.2168 0.1969, -0.1086 -0.2174 0.1969, -0.1045 -0.218 0.1969, -0.1044 -0.2114 0.1969, -0.1078 -0.218 0.1969, -0.1069 -0.2183 0.1969, -0.1027 -0.216 0.1969, -0.1024 -0.2151 0.1969, -0.1031 -0.2168 0.1969, -0.1024 -0.2142 0.1969, -0.1026 -0.2133 0.1969
            ]
        }
        coordIndex [
            0,1,2,-1,2,1,3,-1,2,3,4,-1,5,0,6,-1,6,0,7,-1,8,9,10,-1,7,11,6,-1,6,11,12,-1,6,12,13,-1,5,14,0,-1,0,14,15,-1,0,15,16,-1,3,17,4,-1,4,17,8,-1,4,8,18,-1,18,8,10,-1,16,19,0,-1,0,19,20,-1,0,20,1,-1,21,22,23,-1,23,22,24,-1,23,24,8,-1,8,24,25,-1,8,25,9,-1,
        ]
    }
}