#VRML V2.0 utf8
# 3D model generated by easyeda2kicad.py (https://github.com/uPesy/easyeda2kicad.py)

Shape{
    appearance Appearance {
        material  Material 	{
            diffuseColor 0.4392156862745098 0.4392156862745098 0.4392156862745098
            specularColor 0.2196078431372549 0.2196078431372549 0.2196078431372549
            ambientIntensity 0.4392
            transparency 0.0
            shininess 0.5
        }
    }
    geometry IndexedFaceSet {
        ccw TRUE
        solid FALSE
        coord DEF co Coordinate {
            point [
                -0.0758 0.7874 0.0739, -0.0773 0.7874 0.0773, -0.0755 0.7874 0.0819, -0.0506 0.7874 0.1187, -0.0474 0.7874 0.1185, -0.0527 0.7874 0.1185, -0.0417 0.7874 0.1441, -0.0443 0.7874 0.145, -0.0353 0.7874 0.145, -0.0527 0.7874 0.1446, -0.0527 0.7874 0.145, -0.0516 0.7874 0.145, -0.023 0.7874 0.1451, -0.023 0.7874 0.145, -0.0338 0.7874 0.145, -0.1144 0.7874 0.1444, -0.1241 0.7874 0.1185, -0.1324 0.7874 0.1185, 0.0051 0.7874 0.1154, 0.0033 0.7874 0.111, -0.0086 0.7874 0.111, 0.0771 0.7874 0.103, 0.0544 0.7874 0.103, 0.0534 0.7874 0.1035, -0.0086 0.7874 0.145, 0.0333 0.7874 0.145, 0.0301 0.7874 0.1428, 0.024 0.7874 0.1357, 0.0202 0.7874 0.1281, 0.0193 0.7874 0.1278, 0.0383 0.7874 0.1484, -0.0086 0.7874 0.149, 0.04 0.7874 0.149, 0.073 0.7874 0.1483, 0.0712 0.7874 0.149, 0.365 0.7874 0.149, 0.0644 0.7874 0.1516, 0.365 0.7874 0.1811, 0.3006 0.7874 0.1811, -0.0086 0.7874 0.1811, 0.0553 0.7874 0.1526, 0.0476 0.7874 0.1518, 0.365 0.7874 0.145, 0.0783 0.7874 0.145, 0.0776 0.7874 0.1456, 0.0974 0.7874 0.137, 0.09 0.7874 0.1379, 0.0819 0.7874 0.1419, 0.0879 0.7874 0.1377, 0.0858 0.7874 0.1375, 0.1114 0.7874 0.1291, 0.1102 0.7874 0.1303, 0.1043 0.7874 0.1344, 0.365 0.7874 0.1185, 0.365 0.7874 0.111, 0.12 0.7874 0.111, 0.1189 0.7874 0.1168, 0.1182 0.7874 0.1185, 0.1159 0.7874 0.1234, 0.365 0.7874 0.103, 0.1198 0.7874 0.1035, 0.365 0.7874 0.1035, 0.1203 0.7874 0.108, 0.1202 0.7874 0.1098, 0.0391 0.7874 0.0888, 0.0379 0.7874 0.0893, 0.0356 0.7874 0.0998, 0.1069 0.7874 0.0828, 0.1127 0.7874 0.0878, 0.365 0.7874 0.0433, 0.0403 0.7874 0.088, 0.1168 0.7874 0.0938, 0.1194 0.7874 0.1007, 0.1197 0.7874 0.103, 0.0364 0.7874 0.0894, 0.0362 0.7874 0.0894, 0.0357 0.7874 0.0893, -0.0086 0.7874 0.1035, 0.0021 0.7874 0.103, -0.0086 0.7874 0.103, 0.0029 0.7874 0.0971, -0.0086 0.7874 0.0433, 0.0053 0.7874 0.0912, 0.009 0.7874 0.0861, 0.096 0.7874 0.0747, 0.0933 0.7874 0.0713, 0.0897 0.7874 0.0686, 0.0629 0.7874 0.0779, 0.0652 0.7874 0.0738, 0.0979 0.7874 0.0788, 0.1002 0.7874 0.0795, 0.0353 0.7874 0.0893, 0.027 0.7874 0.0892, 0.0251 0.7874 0.0894, 0.0141 0.7874 0.0819, 0.0197 0.7874 0.0791, 0.0259 0.7874 0.0779, 0.0422 0.7874 0.0837, 0.0422 0.7874 0.0845, 0.0617 0.7874 0.0863, 0.0418 0.7874 0.0859, 0.0411 0.7874 0.0871, 0.068 0.7874 0.0707, 0.0717 0.7874 0.0681, 0.0758 0.7874 0.0665, 0.0369 0.7874 0.078, 0.0379 0.7874 0.0781, 0.0391 0.7874 0.0786, 0.0403 0.7874 0.0795, 0.0408 0.7874 0.0799, 0.0416 0.7874 0.0811, 0.042 0.7874 0.0824, 0.0618 0.7874 0.0825, 0.0617 0.7874 0.0844, 0.0804 0.7874 0.066, 0.081 0.7874 0.066, 0.0854 0.7874 0.0667, 0.017 0.7874 0.0941, 0.0151 0.7874 0.0971, 0.0139 0.7874 0.1004, 0.0374 0.7874 0.103, 0.0216 0.7874 0.0906, 0.0187 0.7874 0.0925, 0.0136 0.7874 0.103, 0.0135 0.7874 0.1035, 0.0377 0.7874 0.1035, 0.0135 0.7874 0.1036, 0.1078 0.7874 0.1035, 0.1084 0.7874 0.1054, 0.0413 0.7874 0.1097, 0.1086 0.7874 0.1083, 0.1083 0.7874 0.111, 0.0734 0.7874 0.102, 0.0695 0.7874 0.0999, 0.0662 0.7874 0.0969, 0.0886 0.7874 0.1012, 0.0845 0.7874 0.1028, 0.1077 0.7874 0.103, 0.0829 0.7874 0.103, 0.0801 0.7874 0.1033, 0.0778 0.7874 0.1031, 0.1071 0.7874 0.1009, 0.0955 0.7874 0.0951, 0.0925 0.7874 0.0986, 0.1049 0.7874 0.0971, 0.1016 0.7874 0.0937, 0.0976 0.7874 0.0912, 0.0279 0.7874 0.1181, 0.0294 0.7874 0.1181, 0.0156 0.7874 0.111, 0.0248 0.7874 0.1178, 0.0136 0.7874 0.1052, 0.0145 0.7874 0.1088, 0.108 0.7874 0.1128, 0.1064 0.7874 0.1169, 0.0162 0.7874 0.112, 0.0186 0.7874 0.1147, 0.0215 0.7874 0.1166, 0.0333 0.7874 0.1294, 0.0375 0.7874 0.1344, 0.0801 0.7874 0.1239, 0.0379 0.7874 0.1348, 0.0431 0.7874 0.1384, 0.0772 0.7874 0.1297, 0.1053 0.7874 0.1185, 0.0814 0.7874 0.1246, 0.0294 0.7874 0.1185, 0.0305 0.7874 0.1234, 0.0855 0.7874 0.1261, 0.0899 0.7874 0.1267, 0.0919 0.7874 0.1266, 0.0731 0.7874 0.1347, 0.0489 0.7874 0.1407, 0.0681 0.7874 0.1383, 0.0552 0.7874 0.1415, 0.062 0.7874 0.1407, 0.0965 0.7874 0.1256, 0.1006 0.7874 0.1234, 0.1038 0.7874 0.1206, 0.0028 0.7874 0.1097, 0.002 0.7874 0.1037, 0.002 0.7874 0.1035, 0.0138 0.7874 0.125, 0.0088 0.7874 0.1207, -0.0086 0.7874 0.1185, 0.0072 0.7874 0.1185, -0.1185 0.7874 0.103, -0.1222 0.7874 0.1025, -0.1324 0.7874 0.103, -0.1253 0.7874 0.1013, -0.1309 0.7874 0.0854, -0.1296 0.7874 0.0827, -0.1324 0.7874 0.0433, -0.1277 0.7874 0.0805, -0.1219 0.7874 0.0774, -0.1079 0.7874 0.0433, -0.1175 0.7874 0.0769, -0.1103 0.7874 0.077, -0.1278 0.7874 0.0995, -0.1289 0.7874 0.0984, -0.1305 0.7874 0.096, -0.1274 0.7874 0.0803, -0.1249 0.7874 0.0786, -0.1314 0.7874 0.0935, -0.1317 0.7874 0.0902, -0.1316 0.7874 0.0885, -0.1079 0.7874 0.1035, -0.1079 0.7874 0.103, -0.1105 0.7874 0.103, -0.1105 0.7874 0.1031, -0.118 0.7874 0.103, -0.1324 0.7874 0.1035, -0.1 0.7874 0.08, -0.1054 0.7874 0.08, -0.1042 0.7874 0.0888, -0.105 0.7874 0.103, -0.105 0.7874 0.1001, -0.1054 0.7874 0.077, -0.1 0.7874 0.0433, -0.1 0.7874 0.0918, -0.1042 0.7874 0.0918, -0.1 0.7874 0.0888, -0.0948 0.7874 0.0889, -0.0948 0.7874 0.0801, -0.1 0.7874 0.1002, -0.0949 0.7874 0.1002, -0.0949 0.7874 0.0918, -0.105 0.7874 0.1031, -0.1 0.7874 0.1035, -0.0755 0.7874 0.1035, -0.0916 0.7874 0.1032, -0.1 0.7874 0.1032, -0.0755 0.7874 0.0907, -0.0785 0.7874 0.0819, -0.0794 0.7874 0.0818, -0.0789 0.7874 0.0803, -0.079 0.7874 0.0803, -0.0792 0.7874 0.081, -0.0755 0.7874 0.103, -0.0846 0.7874 0.0958, -0.0916 0.7874 0.103, -0.088 0.7874 0.0958, -0.0914 0.7874 0.0771, -0.0794 0.7874 0.0744, -0.0779 0.7874 0.0715, -0.0767 0.7874 0.0701, -0.0765 0.7874 0.0699, -0.0755 0.7874 0.0693, -0.0557 0.7874 0.078, -0.0557 0.7874 0.0814, -0.0527 0.7874 0.103, -0.0527 0.7874 0.0433, -0.0574 0.7874 0.0433, -0.0574 0.7874 0.0774, -0.057 0.7874 0.0806, -0.0574 0.7874 0.0805, -0.0574 0.7874 0.0874, -0.0567 0.7874 0.088, -0.0563 0.7874 0.0887, -0.056 0.7874 0.0897, -0.0558 0.7874 0.091, -0.056 0.7874 0.0922, -0.0573 0.7874 0.0875, -0.058 0.7874 0.0772, -0.0673 0.7874 0.0855, -0.0679 0.7874 0.0845, -0.0675 0.7874 0.0924, -0.0682 0.7874 0.0836, -0.0579 0.7874 0.0949, -0.0589 0.7874 0.0955, -0.0574 0.7874 0.103, -0.0683 0.7874 0.0824, -0.0692 0.7874 0.0433, -0.0692 0.7874 0.103, -0.0564 0.7874 0.0932, -0.057 0.7874 0.0941, -0.0574 0.7874 0.0944, -0.065 0.7874 0.0962, -0.0631 0.7874 0.0964, -0.0607 0.7874 0.0961, -0.0675 0.7874 0.0955, -0.0682 0.7874 0.0811, -0.0678 0.7874 0.08, -0.0671 0.7874 0.0792, -0.0637 0.7874 0.0772, -0.0608 0.7874 0.0769, -0.0662 0.7874 0.0784, -0.0654 0.7874 0.0779, -0.0628 0.7874 0.0937, -0.0618 0.7874 0.0937, -0.0592 0.7874 0.0913, -0.0609 0.7874 0.0934, -0.0602 0.7874 0.0931, -0.0592 0.7874 0.0908, -0.0593 0.7874 0.0903, -0.0596 0.7874 0.0899, -0.0599 0.7874 0.0895, -0.061 0.7874 0.0888, -0.0649 0.7874 0.0935, -0.0631 0.7874 0.0879, -0.0668 0.7874 0.0928, -0.0643 0.7874 0.0874, -0.0665 0.7874 0.0862, -0.0597 0.7874 0.0926, -0.0594 0.7874 0.0922, -0.0593 0.7874 0.0918, -0.0591 0.7874 0.0798, -0.0607 0.7874 0.0855, -0.0588 0.7874 0.0864, -0.0611 0.7874 0.0796, -0.0612 0.7874 0.0796, -0.0629 0.7874 0.0846, -0.0629 0.7874 0.0798, -0.065 0.7874 0.0821, -0.0649 0.7874 0.0825, -0.0638 0.7874 0.0801, -0.0641 0.7874 0.0802, -0.0644 0.7874 0.0806, -0.0647 0.7874 0.081, -0.0649 0.7874 0.0814, -0.0648 0.7874 0.083, -0.0645 0.7874 0.0834, -0.0641 0.7874 0.0838, -0.1324 0.7874 0.145, -0.1079 0.7874 0.145, -0.1108 0.7874 0.1445, -0.1 0.7874 0.1185, -0.1007 0.7874 0.1185, -0.1079 0.7874 0.137, -0.1007 0.7874 0.1184, -0.1 0.7874 0.111, -0.1044 0.7874 0.1184, -0.1079 0.7874 0.111, -0.1044 0.7874 0.1185, -0.1079 0.7874 0.1185, -0.1079 0.7874 0.1255, -0.1069 0.7874 0.1255, -0.1178 0.7874 0.1255, -0.1204 0.7874 0.1185, -0.1204 0.7874 0.1183, -0.1241 0.7874 0.1183, -0.1324 0.7874 0.111, -0.0692 0.7874 0.145, -0.0692 0.7874 0.1448, -0.0726 0.7874 0.1447, -0.0692 0.7874 0.1334, -0.0718 0.7874 0.1334, -0.0726 0.7874 0.1417, -0.0755 0.7874 0.145, -0.0755 0.7874 0.1185, -0.0718 0.7874 0.1304, -0.0692 0.7874 0.1304, -0.0625 0.7874 0.1305, -0.0692 0.7874 0.1216, -0.0624 0.7874 0.1217, -0.0692 0.7874 0.1417, -0.0626 0.7874 0.1418, -0.0625 0.7874 0.1335, -0.059 0.7874 0.1187, -0.0574 0.7874 0.1185, -0.0692 0.7874 0.1185, -0.0731 0.7874 0.1216, -0.0731 0.7874 0.1186, -0.0692 0.7874 0.1187, -0.0592 0.7874 0.1448, -0.0574 0.7874 0.145, -0.0228 0.7874 0.122, -0.0332 0.7874 0.1219, -0.0338 0.7874 0.1185, -0.0332 0.7874 0.1189, -0.0195 0.7874 0.119, -0.0338 0.7874 0.149, -0.0196 0.7874 0.1451, -0.0196 0.7874 0.145, -0.054 0.7874 0.1442, -0.054 0.7874 0.1407, -0.0383 0.7874 0.1349, -0.0527 0.7874 0.1226, -0.0391 0.7874 0.1372, -0.0403 0.7874 0.1391, -0.0379 0.7874 0.1316, -0.0379 0.7874 0.1314, -0.0513 0.7874 0.122, -0.0483 0.7874 0.1214, -0.0509 0.7874 0.1419, -0.0478 0.7874 0.1423, -0.0467 0.7874 0.1423, -0.0444 0.7874 0.1418, -0.0538 0.7874 0.1231, -0.0535 0.7874 0.1409, -0.0527 0.7874 0.1413, -0.0424 0.7874 0.1408, -0.0407 0.7874 0.1395, -0.0383 0.7874 0.1282, -0.0391 0.7874 0.1261, -0.0404 0.7874 0.1242, -0.0428 0.7874 0.1224, -0.0446 0.7874 0.1217, -0.0471 0.7874 0.1214, -0.041 0.7874 0.1236, -0.0353 0.7874 0.149, -0.0445 0.7874 0.145, -0.0527 0.7874 0.149, -0.0478 0.7874 0.1453, -0.0481 0.7874 0.1453, -0.0514 0.7874 0.145, -0.0364 0.7874 0.1392, -0.0382 0.7874 0.1416, -0.0391 0.7874 0.1424, -0.0353 0.7874 0.1185, -0.0353 0.7874 0.1259, -0.0351 0.7874 0.1364, -0.0353 0.7874 0.137, -0.0347 0.7874 0.1279, -0.0344 0.7874 0.1315, -0.0344 0.7874 0.133, -0.045 0.7874 0.1185, -0.0422 0.7874 0.1191, -0.0398 0.7874 0.1202, -0.0376 0.7874 0.122, -0.0371 0.7874 0.1227, -0.0356 0.7874 0.125, -0.0466 0.7874 0.1184, -0.0527 0.7874 0.111, -0.0452 0.7874 0.1185, -0.0353 0.7874 0.111, -0.0538 0.7874 0.1199, -0.0534 0.7874 0.1196, -0.0527 0.7874 0.1194, -0.0332 0.7874 0.0805, -0.0332 0.7874 0.0775, -0.0338 0.7874 0.0433, -0.0338 0.7874 0.103, -0.0328 0.7874 0.1006, -0.0328 0.7874 0.103, -0.0192 0.7874 0.0776, -0.0226 0.7874 0.0894, -0.0226 0.7874 0.0806, -0.0319 0.7874 0.0893, -0.032 0.7874 0.0923, -0.0226 0.7874 0.0924, -0.0227 0.7874 0.1007, -0.0328 0.7874 0.1036, -0.0328 0.7874 0.1035, -0.0338 0.7874 0.1035, -0.0338 0.7874 0.111, -0.0193 0.7874 0.1037, -0.0193 0.7874 0.1035, -0.0193 0.7874 0.103, -0.0701 0.7874 0.0959, -0.0738 0.7874 0.0959, -0.1 0.7874 0.0771, -0.0755 0.7874 0.0433, -0.0753 0.7874 0.0691, -0.0706 0.7874 0.0717, -0.0713 0.7874 0.0715, -0.074 0.7874 0.0686, -0.0727 0.7874 0.0685, -0.0706 0.7874 0.0688, -0.072 0.7874 0.0685, -0.074 0.7874 0.0716, -0.0746 0.7874 0.0721, -0.0733 0.7874 0.0714, -0.0725 0.7874 0.0713, -0.0752 0.7874 0.0727, -0.0755 0.7874 0.0733, -0.365 0.7874 0.103, -0.2608 0.7874 0.103, -0.365 0.7874 0.0433, -0.2608 0.7874 0.0433, -0.365 0.7874 0.149, -0.365 0.7874 0.1811, -0.2608 0.7874 0.149, -0.3006 0.7874 0.1811, -0.1367 0.7874 0.0768, -0.133 0.7874 0.0768, -0.1431 0.7874 0.1028, -0.1467 0.7874 0.1028, -0.1565 0.7874 0.0767, -0.1528 0.7874 0.0767, -0.1502 0.7874 0.0838, -0.1393 0.7874 0.0839, -0.2608 0.7874 0.1035, -0.365 0.7874 0.1035, -0.2608 0.7874 0.111, -0.2608 0.7874 0.1185, -0.365 0.7874 0.111, -0.365 0.7874 0.1185, -0.2608 0.7874 0.145, -0.365 0.7874 0.145, -0.0898 0.7874 0.1441, -0.1 0.7874 0.145, -0.0856 0.7874 0.1446, -0.0782 0.7874 0.1447, -0.0992 0.7874 0.1301, -0.0985 0.7874 0.127, -0.0972 0.7874 0.1244, -0.0953 0.7874 0.1221, -0.078 0.7874 0.1186, -0.0852 0.7874 0.1186, -0.0895 0.7874 0.119, -0.0929 0.7874 0.1429, -0.0954 0.7874 0.1411, -0.0965 0.7874 0.14, -0.095 0.7874 0.1219, -0.0925 0.7874 0.1202, -0.0981 0.7874 0.1376, -0.099 0.7874 0.1351, -0.0993 0.7874 0.1318, -0.0574 0.7874 0.111, -0.0692 0.7874 0.111, -0.0755 0.7874 0.111, -0.0574 0.7874 0.149, -0.0692 0.7874 0.149, -0.0755 0.7874 0.149, -0.1 0.7874 0.149, -0.1079 0.7874 0.149, -0.1324 0.7874 0.149, -0.037 0.7874 0.0855, -0.0377 0.7874 0.0864, -0.0382 0.7874 0.0917, -0.048 0.7874 0.0774, -0.0353 0.7874 0.0433, -0.0513 0.7874 0.0774, -0.0466 0.7874 0.0963, -0.048 0.7874 0.0959, -0.0491 0.7874 0.0953, -0.05 0.7874 0.0944, -0.0455 0.7874 0.0937, -0.0444 0.7874 0.0939, -0.0426 0.7874 0.0885, -0.0383 0.7874 0.0948, -0.0391 0.7874 0.0953, -0.0353 0.7874 0.103, -0.0416 0.7874 0.0962, -0.0447 0.7874 0.0965, -0.0387 0.7874 0.0873, -0.0401 0.7874 0.088, -0.0406 0.7874 0.0931, -0.0426 0.7874 0.0937, -0.0376 0.7874 0.0789, -0.0379 0.7874 0.0785, -0.039 0.7874 0.0778, -0.0369 0.7874 0.0799, -0.0365 0.7874 0.081, -0.0364 0.7874 0.0825, -0.0364 0.7874 0.0829, -0.0366 0.7874 0.0843, -0.0506 0.7874 0.0934, -0.0511 0.7874 0.0919, -0.0514 0.7874 0.0894, -0.048 0.7874 0.0803, -0.048 0.7874 0.0803, -0.0439 0.7874 0.0772, -0.0422 0.7874 0.077, -0.0403 0.7874 0.0773, -0.0481 0.7874 0.0893, -0.048 0.7874 0.0907, -0.0477 0.7874 0.0919, -0.0473 0.7874 0.0926, -0.0474 0.7874 0.0795, -0.0464 0.7874 0.0784, -0.0452 0.7874 0.0777, -0.0468 0.7874 0.0931, -0.0462 0.7874 0.0935, -0.0353 0.7874 0.1035, -0.0527 0.7874 0.1035, -0.0574 0.7874 0.1035, -0.0692 0.7874 0.1035, -0.2608 0.7874 0.1811, -0.1324 0.7874 0.1811, -0.1079 0.7874 0.1811, -0.1 0.7874 0.1811, -0.0755 0.7874 0.1811, -0.0692 0.7874 0.1811, -0.0574 0.7874 0.1811, -0.0527 0.7874 0.1811, -0.0353 0.7874 0.1811, -0.0338 0.7874 0.1811, -0.6303 0.6693 0.0433, -0.6693 0.6693 0.0433, -0.5796 0.6693 0.0726, -0.6693 0.6693 0.1811, -0.5676 0.6693 0.0782, -0.5662 0.6693 0.0802, -0.5631 0.6693 0.0845, -0.5631 0.6693 0.1811
            ]
        }
        coordIndex [
            0,1,2,-1,3,4,5,-1,6,7,8,-1,9,10,11,-1,12,13,14,-1,15,16,17,-1,18,19,20,-1,21,22,23,-1,24,25,26,-1,26,27,24,-1,24,27,28,-1,24,28,29,-1,25,24,30,-1,30,24,31,-1,30,31,32,-1,33,34,35,-1,35,34,36,-1,37,35,38,-1,38,35,36,-1,38,36,39,-1,39,36,40,-1,39,40,41,-1,42,43,35,-1,35,43,44,-1,35,44,33,-1,42,45,43,-1,43,45,46,-1,43,46,47,-1,47,46,48,-1,47,48,49,-1,50,51,42,-1,42,51,52,-1,42,52,45,-1,53,54,55,-1,55,56,53,-1,53,56,57,-1,53,57,42,-1,42,57,58,-1,42,58,50,-1,59,60,61,-1,61,60,62,-1,61,62,54,-1,54,62,63,-1,54,63,55,-1,64,65,66,-1,67,68,69,-1,64,66,70,-1,68,71,69,-1,69,71,72,-1,69,72,59,-1,59,72,73,-1,59,73,60,-1,65,74,66,-1,66,74,75,-1,66,75,76,-1,77,78,79,-1,79,78,80,-1,79,80,81,-1,81,80,82,-1,81,82,83,-1,84,69,85,-1,85,69,86,-1,81,87,88,-1,84,89,69,-1,69,89,90,-1,69,90,67,-1,76,91,66,-1,66,91,92,-1,66,92,93,-1,83,94,81,-1,81,94,95,-1,81,95,96,-1,97,98,99,-1,99,98,100,-1,99,100,66,-1,66,100,101,-1,66,101,70,-1,88,102,81,-1,81,102,103,-1,81,103,104,-1,96,105,81,-1,81,105,106,-1,81,106,87,-1,106,107,87,-1,87,107,108,-1,87,108,109,-1,109,110,87,-1,87,110,111,-1,87,111,112,-1,112,111,97,-1,112,97,113,-1,113,97,99,-1,104,114,81,-1,81,114,115,-1,81,115,69,-1,69,115,116,-1,69,116,86,-1,117,118,66,-1,66,118,119,-1,66,119,120,-1,93,121,66,-1,66,121,122,-1,66,122,117,-1,119,123,120,-1,120,123,124,-1,120,124,125,-1,125,124,126,-1,127,23,128,-1,128,23,129,-1,128,129,130,-1,130,129,131,-1,21,132,22,-1,22,132,133,-1,22,133,134,-1,135,136,137,-1,137,136,138,-1,137,138,127,-1,127,138,139,-1,127,139,23,-1,23,139,140,-1,23,140,21,-1,141,142,137,-1,137,142,143,-1,137,143,135,-1,141,144,142,-1,142,144,145,-1,142,145,146,-1,147,148,149,-1,147,149,150,-1,126,151,125,-1,125,151,152,-1,125,152,129,-1,129,152,149,-1,129,149,131,-1,131,149,148,-1,131,148,153,-1,153,148,154,-1,155,156,149,-1,149,156,157,-1,149,157,150,-1,158,159,160,-1,159,161,160,-1,160,161,162,-1,160,162,163,-1,164,160,165,-1,154,148,164,-1,164,148,166,-1,164,166,160,-1,160,166,167,-1,160,167,158,-1,165,168,164,-1,164,168,169,-1,164,169,170,-1,163,162,171,-1,171,162,172,-1,171,172,173,-1,173,172,174,-1,173,174,175,-1,176,177,170,-1,170,177,178,-1,170,178,164,-1,179,180,77,-1,77,180,181,-1,77,181,78,-1,29,182,24,-1,24,182,183,-1,24,183,184,-1,184,183,185,-1,184,185,18,-1,186,187,188,-1,188,187,189,-1,190,191,192,-1,192,191,193,-1,192,194,195,-1,195,194,196,-1,195,196,197,-1,189,198,188,-1,188,198,199,-1,188,199,200,-1,193,201,192,-1,192,201,202,-1,192,202,194,-1,200,203,188,-1,188,203,204,-1,188,204,192,-1,192,204,205,-1,192,205,190,-1,206,207,208,-1,208,209,206,-1,206,209,210,-1,206,210,211,-1,211,210,186,-1,212,213,214,-1,207,215,216,-1,213,217,195,-1,195,217,218,-1,219,220,216,-1,214,213,220,-1,220,213,216,-1,216,213,195,-1,216,195,207,-1,207,195,197,-1,207,197,208,-1,214,221,212,-1,212,221,222,-1,212,222,223,-1,216,224,219,-1,219,224,225,-1,219,225,226,-1,215,207,227,-1,227,207,206,-1,227,206,228,-1,229,230,228,-1,228,230,231,-1,228,231,227,-1,232,233,234,-1,235,236,233,-1,233,236,237,-1,233,237,234,-1,238,239,240,-1,240,239,241,-1,240,241,242,-1,242,241,243,-1,242,243,244,-1,244,245,242,-1,242,245,246,-1,242,246,247,-1,248,249,250,-1,251,252,253,-1,254,255,256,-1,257,258,249,-1,249,258,259,-1,249,259,250,-1,250,259,260,-1,250,260,261,-1,254,256,249,-1,249,256,262,-1,249,262,257,-1,253,252,263,-1,264,265,266,-1,266,265,267,-1,268,269,270,-1,271,272,273,-1,261,274,250,-1,250,274,275,-1,250,275,270,-1,270,275,276,-1,270,276,268,-1,277,273,278,-1,278,273,270,-1,278,270,279,-1,279,270,269,-1,277,280,273,-1,273,280,266,-1,273,266,271,-1,271,266,267,-1,271,281,272,-1,272,281,282,-1,272,282,283,-1,272,284,252,-1,252,284,285,-1,252,285,263,-1,283,286,272,-1,272,286,287,-1,272,287,284,-1,288,289,290,-1,290,289,291,-1,290,291,292,-1,290,293,288,-1,288,293,294,-1,288,294,295,-1,295,296,288,-1,288,296,297,-1,288,297,298,-1,298,297,299,-1,298,299,300,-1,300,299,301,-1,300,301,266,-1,266,301,302,-1,266,302,264,-1,303,304,292,-1,292,304,305,-1,292,305,290,-1,306,307,255,-1,255,307,308,-1,255,308,256,-1,306,309,307,-1,307,309,310,-1,307,310,311,-1,311,310,312,-1,311,313,314,-1,312,315,311,-1,311,315,316,-1,311,316,317,-1,317,318,311,-1,311,318,319,-1,311,319,313,-1,314,320,311,-1,311,320,321,-1,311,321,322,-1,323,324,15,-1,15,324,325,-1,326,327,328,-1,329,330,331,-1,331,330,332,-1,331,332,333,-1,332,334,333,-1,333,334,335,-1,333,335,336,-1,337,335,338,-1,338,335,334,-1,338,334,339,-1,339,334,332,-1,339,332,340,-1,340,332,341,-1,340,341,16,-1,342,343,344,-1,345,346,347,-1,342,344,348,-1,348,344,347,-1,348,347,349,-1,349,347,346,-1,349,346,350,-1,351,352,353,-1,353,352,354,-1,347,355,345,-1,345,355,356,-1,345,356,357,-1,358,359,360,-1,351,353,350,-1,350,353,361,-1,350,361,349,-1,349,361,362,-1,349,362,360,-1,360,362,363,-1,360,363,358,-1,343,342,364,-1,364,342,365,-1,364,365,358,-1,13,366,14,-1,14,366,367,-1,14,367,368,-1,368,367,369,-1,368,369,370,-1,12,371,372,-1,372,371,31,-1,372,31,373,-1,373,31,24,-1,373,24,370,-1,370,24,184,-1,370,184,368,-1,10,9,365,-1,365,9,374,-1,365,374,375,-1,376,377,378,-1,378,377,379,-1,376,380,377,-1,377,380,381,-1,377,381,382,-1,382,381,383,-1,384,385,377,-1,377,385,386,-1,377,386,387,-1,358,365,359,-1,359,365,375,-1,359,375,388,-1,388,375,389,-1,388,389,377,-1,377,389,390,-1,377,390,384,-1,387,391,377,-1,377,391,392,-1,377,392,379,-1,393,394,395,-1,396,397,381,-1,381,397,398,-1,381,398,383,-1,393,395,381,-1,381,395,399,-1,381,399,396,-1,400,401,402,-1,402,401,403,-1,403,404,402,-1,402,404,405,-1,402,405,11,-1,406,407,8,-1,8,407,408,-1,8,408,6,-1,368,409,410,-1,14,411,8,-1,8,411,412,-1,8,412,406,-1,410,413,368,-1,368,413,414,-1,368,414,14,-1,14,414,415,-1,14,415,411,-1,416,417,409,-1,409,417,418,-1,409,418,419,-1,419,420,409,-1,409,420,421,-1,409,421,410,-1,4,422,423,-1,423,422,424,-1,423,424,425,-1,388,426,359,-1,359,426,427,-1,359,427,5,-1,5,427,428,-1,5,428,3,-1,429,430,431,-1,429,432,433,-1,433,432,434,-1,431,430,81,-1,81,430,435,-1,81,435,79,-1,436,437,438,-1,438,437,429,-1,438,429,439,-1,439,429,433,-1,439,433,440,-1,440,433,441,-1,442,443,444,-1,444,443,434,-1,442,445,446,-1,446,445,20,-1,446,20,447,-1,435,448,79,-1,79,448,447,-1,79,447,77,-1,77,447,20,-1,77,20,179,-1,179,20,19,-1,238,273,449,-1,234,239,232,-1,232,239,238,-1,232,238,450,-1,450,238,449,-1,217,451,218,-1,218,451,242,-1,218,242,452,-1,452,242,247,-1,452,247,453,-1,454,455,2,-1,453,456,452,-1,452,456,457,-1,452,457,272,-1,2,449,454,-1,454,449,273,-1,454,273,458,-1,458,273,272,-1,458,272,459,-1,459,272,457,-1,460,461,462,-1,462,461,463,-1,463,461,455,-1,455,461,464,-1,455,464,2,-1,2,464,465,-1,2,465,0,-1,466,467,468,-1,468,467,469,-1,470,471,472,-1,472,471,473,-1,474,475,192,-1,192,475,188,-1,188,475,476,-1,188,476,467,-1,467,476,477,-1,467,477,469,-1,469,477,478,-1,469,478,479,-1,480,481,479,-1,479,481,474,-1,479,474,469,-1,469,474,192,-1,186,188,211,-1,211,188,467,-1,211,467,482,-1,482,467,466,-1,482,466,483,-1,16,341,17,-1,17,341,484,-1,17,484,485,-1,485,484,486,-1,485,486,487,-1,15,17,323,-1,323,17,485,-1,323,485,488,-1,488,485,487,-1,488,487,489,-1,490,491,492,-1,492,491,348,-1,492,348,493,-1,494,495,326,-1,326,495,496,-1,326,496,497,-1,493,348,498,-1,498,348,349,-1,498,349,499,-1,499,349,326,-1,499,326,500,-1,490,501,491,-1,491,501,502,-1,491,502,503,-1,497,504,326,-1,326,504,505,-1,326,505,500,-1,503,506,491,-1,491,506,507,-1,491,507,508,-1,325,324,328,-1,328,324,491,-1,328,491,326,-1,326,491,508,-1,326,508,494,-1,4,423,5,-1,5,423,509,-1,5,509,359,-1,359,509,510,-1,359,510,360,-1,360,510,511,-1,360,511,349,-1,349,511,330,-1,349,330,326,-1,326,330,329,-1,326,329,327,-1,11,10,402,-1,402,10,365,-1,402,365,512,-1,512,365,342,-1,512,342,513,-1,513,342,348,-1,513,348,514,-1,514,348,491,-1,514,491,515,-1,515,491,324,-1,515,324,516,-1,516,324,323,-1,516,323,517,-1,517,323,488,-1,517,488,472,-1,472,488,489,-1,472,489,470,-1,518,519,520,-1,521,522,523,-1,523,522,251,-1,524,525,250,-1,250,525,526,-1,250,526,527,-1,528,529,530,-1,531,532,533,-1,533,532,534,-1,533,534,250,-1,250,534,535,-1,250,535,524,-1,519,536,520,-1,520,536,537,-1,520,537,538,-1,538,537,530,-1,538,530,539,-1,539,530,529,-1,540,522,541,-1,541,522,542,-1,540,543,522,-1,522,543,544,-1,522,544,545,-1,546,547,533,-1,527,548,250,-1,250,548,549,-1,250,549,550,-1,531,533,520,-1,520,533,547,-1,520,547,518,-1,253,248,251,-1,251,248,250,-1,251,250,523,-1,523,250,550,-1,521,551,552,-1,553,554,522,-1,522,554,555,-1,522,555,542,-1,556,557,530,-1,530,557,558,-1,530,558,559,-1,552,560,521,-1,521,560,561,-1,521,561,522,-1,522,561,562,-1,522,562,553,-1,559,563,530,-1,530,563,564,-1,530,564,528,-1,429,431,432,-1,432,431,522,-1,432,522,533,-1,533,522,545,-1,533,545,546,-1,434,432,444,-1,444,432,533,-1,444,533,565,-1,565,533,250,-1,565,250,566,-1,566,250,270,-1,566,270,567,-1,567,270,273,-1,567,273,568,-1,568,273,238,-1,568,238,229,-1,229,238,240,-1,229,240,230,-1,442,444,445,-1,445,444,565,-1,445,565,425,-1,425,565,566,-1,425,566,423,-1,423,566,567,-1,423,567,509,-1,509,567,568,-1,509,568,510,-1,510,568,229,-1,510,229,511,-1,511,229,228,-1,511,228,330,-1,330,228,206,-1,330,206,332,-1,332,206,211,-1,332,211,341,-1,341,211,482,-1,341,482,484,-1,484,482,483,-1,484,483,486,-1,12,14,371,-1,371,14,8,-1,371,8,400,-1,400,8,7,-1,400,7,401,-1,18,20,184,-1,184,20,445,-1,184,445,368,-1,368,445,425,-1,368,425,409,-1,409,425,424,-1,409,424,416,-1,473,569,472,-1,472,569,570,-1,472,570,517,-1,517,570,571,-1,517,571,516,-1,516,571,572,-1,516,572,515,-1,515,572,573,-1,515,573,514,-1,514,573,574,-1,514,574,513,-1,513,574,575,-1,513,575,512,-1,512,575,576,-1,512,576,402,-1,402,576,577,-1,402,577,400,-1,400,577,578,-1,400,578,371,-1,371,578,39,-1,371,39,31,-1,31,39,41,-1,31,41,32,-1,579,580,581,-1,581,580,582,-1,583,581,584,-1,584,581,582,-1,584,582,585,-1,585,582,586,-1,
        ]
    }
}
Shape{
    appearance Appearance {
        material  Material 	{
            diffuseColor 0.2235294117647059 0.2235294117647059 0.2235294117647059
            specularColor 0.11372549019607843 0.11372549019607843 0.11372549019607843
            ambientIntensity 0.2235
            transparency 0.0
            shininess 0.5
        }
    }
    geometry IndexedFaceSet {
        ccw TRUE
        solid FALSE
        coord DEF co Coordinate {
            point [
                -0.5212 0.6804 0.1811, -0.5125 0.6877 0.1811, -0.5203 0.682 0.1811, -0.7874 0.5512 0.1811, -0.7874 0.4134 0.1811, -0.7848 0.4498 0.1811, -0.6991 0.6068 0.1811, -0.6698 0.6286 0.1811, -0.6999 0.6652 0.1811, -0.6693 0.6693 0.1811, -0.777 0.4855 0.1811, -0.7643 0.5197 0.1811, -0.7834 0.5817 0.1811, -0.7468 0.5517 0.1811, -0.7716 0.6102 0.1811, -0.7249 0.5809 0.1811, -0.7528 0.6347 0.1811, -0.7283 0.6534 0.1811, -0.6378 0.6461 0.1811, -0.6036 0.6589 0.1811, -0.5679 0.6667 0.1811, -0.5555 0.6682 0.1811, -0.558 0.6694 0.1811, -0.5631 0.6693 0.1811, -0.5554 0.6682 0.1811
            ]
        }
        coordIndex [
            0,1,2,-1,3,4,5,-1,6,7,8,-1,8,7,9,-1,5,10,3,-1,3,10,11,-1,3,11,12,-1,12,11,13,-1,12,13,14,-1,14,13,15,-1,14,15,16,-1,16,15,6,-1,16,6,17,-1,17,6,8,-1,7,18,9,-1,9,18,19,-1,9,19,20,-1,21,22,23,-1,24,21,20,-1,20,21,23,-1,20,23,9,-1,
        ]
    }
}
Shape{
    appearance Appearance {
        material  Material 	{
            diffuseColor 0.4392156862745098 0.4392156862745098 0.4392156862745098
            specularColor 0.2196078431372549 0.2196078431372549 0.2196078431372549
            ambientIntensity 0.4392
            transparency 0.0
            shininess 0.5
        }
    }
    geometry IndexedFaceSet {
        ccw TRUE
        solid FALSE
        coord DEF co Coordinate {
            point [
                -0.5228 0.6804 0.1741, -0.5203 0.682 0.1811, -0.5125 0.6877 0.1811, -0.5125 0.6877 0.0723, -0.5151 0.6856 0.0741, -0.5165 0.6846 0.075, -0.5178 0.6836 0.0809, -0.5191 0.6828 0.0866, -0.5191 0.6827 0.0867, -0.521 0.6815 0.0921, -0.5229 0.6803 0.0973, -0.5234 0.68 0.0987, -0.5244 0.6794 0.1022, -0.5249 0.6792 0.1061, -0.5249 0.6792 0.1652, -0.5247 0.6793 0.1673, -0.5246 0.6793 0.1681, -0.5243 0.6795 0.1694, -0.5231 0.6802 0.1734, -0.558 0.6694 0.1811, -0.5561 0.6696 0.1789, -0.5536 0.6699 0.095, -0.5514 0.6701 0.1739, -0.55 0.6704 0.1718, -0.5498 0.6704 0.0996, -0.553 0.67 0.1756, -0.5486 0.6706 0.1699, -0.5477 0.6708 0.1676, -0.5487 0.6706 0.1685, -0.5474 0.6709 0.1664, -0.548 0.6707 0.1028, -0.5496 0.6704 0.0998, -0.5486 0.6706 0.1029, -0.5473 0.6709 0.1652, -0.5473 0.6709 0.1061, -0.5475 0.6708 0.1044, -0.5631 0.6693 0.1811, -0.5539 0.6698 0.0946, -0.5557 0.6697 0.0927, -0.5602 0.6694 0.0877, -0.5631 0.6693 0.0845, -0.5631 0.6693 0.0845
            ]
        }
        coordIndex [
            0,1,2,-1,2,3,4,-1,4,5,2,-1,2,5,6,-1,2,6,7,-1,7,8,2,-1,2,8,9,-1,2,9,10,-1,10,11,2,-1,2,11,12,-1,2,12,13,-1,13,14,2,-1,2,14,15,-1,2,15,16,-1,16,17,2,-1,2,17,18,-1,2,18,0,-1,19,20,21,-1,22,23,24,-1,21,20,24,-1,24,20,25,-1,24,25,22,-1,26,27,28,-1,28,27,29,-1,30,31,32,-1,32,31,24,-1,32,24,28,-1,28,24,23,-1,28,23,26,-1,29,33,28,-1,28,33,34,-1,28,34,32,-1,32,34,35,-1,32,35,30,-1,19,21,36,-1,36,21,37,-1,36,37,38,-1,38,39,36,-1,36,39,40,-1,36,40,41,-1,
        ]
    }
}
Shape{
    appearance Appearance {
        material  Material 	{
            diffuseColor 0.2235294117647059 0.2235294117647059 0.2235294117647059
            specularColor 0.11372549019607843 0.11372549019607843 0.11372549019607843
            ambientIntensity 0.2235
            transparency 0.0
            shininess 0.5
        }
    }
    geometry IndexedFaceSet {
        ccw TRUE
        solid FALSE
        coord DEF co Coordinate {
            point [
                -0.4514 0.5591 0.3189, -0.3765 0.622 0.3189, -0.4539 0.5624 0.2853, -0.3795 0.6256 0.2832, -0.3883 0.6361 0.25, -0.4614 0.5724 0.2532, -0.4543 0.563 0.2833, -0.4024 0.6529 0.2215, -0.4739 0.589 0.2245, -0.4627 0.5741 0.2502, -0.4208 0.6747 0.1996, -0.491 0.6116 0.2015, -0.4759 0.5916 0.2218, -0.4421 0.7002 0.1858, -0.5001 0.6237 0.1934, -0.493 0.6143 0.1997, -0.4651 0.7275 0.1811, -0.513 0.6408 0.1861, -0.5092 0.6358 0.1876, -0.5125 0.6877 0.1811, -0.5212 0.6804 0.1811, -0.5238 0.6769 0.1811, -0.5246 0.676 0.1811, -0.5262 0.6744 0.1811, -0.5269 0.6737 0.1811, -0.5307 0.6708 0.1811, -0.5341 0.6688 0.1811, -0.5317 0.6656 0.1812, -0.5303 0.671 0.1811, -0.5203 0.6505 0.1831, -0.5275 0.5345 0.2943, -0.5273 0.5315 0.3189, -0.5001 0.5347 0.3189, -0.5278 0.5414 0.2706, -0.5275 0.5356 0.2853, -0.5012 0.5391 0.2837, -0.516 0.5702 0.2242, -0.517 0.5632 0.2319, -0.5046 0.5522 0.2508, -0.5161 0.5717 0.2227, -0.5159 0.5703 0.2241, -0.5101 0.5733 0.2222, -0.517 0.563 0.2321, -0.5179 0.5608 0.2348, -0.5201 0.5576 0.2389, -0.5215 0.5555 0.2415, -0.5235 0.5538 0.2439, -0.5247 0.5531 0.245, -0.5307 0.6019 0.1987, -0.5275 0.5981 0.2011, -0.5172 0.6012 0.2, -0.5255 0.5957 0.2025, -0.5247 0.5944 0.2035, -0.5205 0.5875 0.2085, -0.5199 0.5862 0.2095, -0.5187 0.5835 0.2117, -0.5172 0.578 0.2167, -0.5163 0.5747 0.2197, -0.5209 0.6157 0.1925, -0.5315 0.6123 0.1934, -0.531 0.6022 0.1985, -0.5039 0.606 0.2, -0.5157 0.6176 0.1925, -0.5104 0.6195 0.1925, -0.4915 0.5801 0.2222, -0.4821 0.5605 0.2508, -0.5282 0.5482 0.2532, -0.5283 0.551 0.2483, -0.4763 0.5482 0.2837, -0.4743 0.544 0.3189, -0.5329 0.6651 0.1812, -0.5343 0.6687 0.1811, -0.5344 0.6687 0.1811, -0.5267 0.6481 0.1829, -0.5206 0.6315 0.187, -0.5317 0.6166 0.1918, -0.5322 0.6274 0.1876, -0.5329 0.6424 0.1839, -0.5331 0.6457 0.1831, -0.5342 0.6646 0.1812, -0.5315 0.6027 0.1982, -0.5307 0.5501 0.2498, -0.5315 0.5498 0.2503, -0.5315 0.542 0.2662, -0.5315 0.5407 0.2703, -0.5315 0.5341 0.292, -0.5315 0.5339 0.2942, -0.5315 0.5315 0.3189, -0.5487 0.5329 0.292, -0.5498 0.5407 0.2662, -0.5641 0.6401 0.1837, -0.5531 0.6675 0.1811, -0.5554 0.6682 0.1811, -0.5679 0.6667 0.1811, -0.5379 0.6675 0.1811, -0.5403 0.6667 0.1811, -0.5493 0.6664 0.1811, -0.5455 0.6663 0.1811, -0.5434 0.6662 0.1811, -0.557 0.6032 0.197, -0.5531 0.6063 0.1957, -0.5604 0.6145 0.1916, -0.5505 0.6078 0.1951, -0.5475 0.6087 0.1948, -0.5455 0.6091 0.1947, -0.5435 0.609 0.1948, -0.5415 0.6087 0.195, -0.5378 0.6074 0.1957, -0.5345 0.6053 0.1968, -0.5671 0.5891 0.2044, -0.5664 0.5908 0.2034, -0.5887 0.6083 0.1916, -0.5602 0.5997 0.1987, -0.5585 0.6015 0.1978, -0.5746 0.5659 0.2215, -0.574 0.5713 0.2166, -0.582 0.5855 0.2043, -0.571 0.5809 0.2095, -0.5728 0.5537 0.2355, -0.574 0.5562 0.2319, -0.5973 0.5575 0.2215, -0.5746 0.5601 0.2274, -0.5761 0.5654 0.2215, -0.575 0.5629 0.2242, -0.5664 0.5485 0.2451, -0.5688 0.5497 0.2423, -0.5713 0.549 0.2423, -0.5689 0.5498 0.2422, -0.571 0.5514 0.239, -0.5726 0.5535 0.2358, -0.5902 0.5419 0.2423, -0.5602 0.547 0.2498, -0.5635 0.5476 0.2476, -0.5677 0.5368 0.2662, -0.5493 0.5468 0.2535, -0.5507 0.5467 0.2533, -0.5531 0.5466 0.2528, -0.5568 0.5467 0.2515, -0.5378 0.5482 0.2528, -0.5416 0.5476 0.2535, -0.5455 0.5471 0.2538, -0.7874 0.4134 0.1811, -0.7605 0.4134 0.1837, -0.7848 0.4498 0.1811, -0.7582 0.446 0.1837, -0.777 0.4855 0.1811, -0.7512 0.4779 0.1837, -0.7643 0.5197 0.1811, -0.7398 0.5085 0.1837, -0.7468 0.5517 0.1811, -0.7242 0.5372 0.1837, -0.7249 0.5809 0.1811, -0.7046 0.5633 0.1837, -0.6991 0.6068 0.1811, -0.6815 0.5864 0.1837, -0.6698 0.6286 0.1811, -0.6553 0.606 0.1837, -0.6378 0.6461 0.1811, -0.6266 0.6217 0.1837, -0.6036 0.6589 0.1811, -0.596 0.6331 0.1837, -0.7347 0.4134 0.1916, -0.7326 0.4423 0.1916, -0.7264 0.4706 0.1916, -0.7163 0.4978 0.1916, -0.7024 0.5232 0.1916, -0.685 0.5464 0.1916, -0.6645 0.5669 0.1916, -0.6413 0.5843 0.1916, -0.6159 0.5982 0.1916, -0.7108 0.4134 0.2043, -0.709 0.4389 0.2043, -0.7036 0.4639 0.2043, -0.6946 0.4879 0.2043, -0.6824 0.5103 0.2043, -0.667 0.5308 0.2043, -0.6489 0.5489 0.2043, -0.6285 0.5642 0.2043, -0.606 0.5765 0.2043, -0.69 0.4134 0.2215, -0.6884 0.4359 0.2215, -0.6835 0.458 0.2215, -0.6756 0.4792 0.2215, -0.6648 0.499 0.2215, -0.6513 0.5171 0.2215, -0.6353 0.5331 0.2215, -0.6172 0.5467 0.2215, -0.6728 0.4134 0.2423, -0.6714 0.4335 0.2423, -0.6671 0.4532 0.2423, -0.6601 0.4721 0.2423, -0.6504 0.4898 0.2423, -0.6383 0.5059 0.2423, -0.624 0.5202 0.2423, -0.6079 0.5323 0.2423, -0.6601 0.4134 0.2662, -0.6588 0.4317 0.2662, -0.6549 0.4496 0.2662, -0.6485 0.4668 0.2662, -0.6397 0.4829 0.2662, -0.6287 0.4976 0.2662, -0.6157 0.5106 0.2662, -0.601 0.5216 0.2662, -0.5849 0.5303 0.2662, -0.6523 0.4134 0.292, -0.651 0.4306 0.292, -0.6474 0.4474 0.292, -0.6413 0.4635 0.292, -0.6331 0.4787 0.292, -0.6228 0.4924 0.292, -0.6106 0.5046 0.292, -0.5968 0.515 0.292, -0.5817 0.5232 0.292, -0.5655 0.5292 0.292, -0.6496 0.4134 0.3189, -0.6484 0.4302 0.3189, -0.6448 0.4466 0.3189, -0.6389 0.4624 0.3189, -0.6309 0.4772 0.3189, -0.6208 0.4907 0.3189, -0.6088 0.5026 0.3189, -0.5954 0.5127 0.3189, -0.5806 0.5208 0.3189, -0.5648 0.5267 0.3189, -0.5483 0.5303 0.3189
            ]
        }
        coordIndex [
            0,1,2,-1,2,1,3,-1,4,5,3,-1,3,5,6,-1,3,6,2,-1,7,8,4,-1,4,8,9,-1,4,9,5,-1,10,11,7,-1,7,11,12,-1,7,12,8,-1,13,14,10,-1,10,14,15,-1,10,15,11,-1,16,17,13,-1,13,17,18,-1,13,18,14,-1,16,19,17,-1,17,19,20,-1,17,20,21,-1,21,22,17,-1,17,22,23,-1,17,23,24,-1,25,26,27,-1,24,28,17,-1,17,28,25,-1,17,25,29,-1,29,25,27,-1,30,31,32,-1,33,34,35,-1,36,37,38,-1,39,40,41,-1,41,40,36,-1,37,42,38,-1,38,42,43,-1,38,43,44,-1,44,45,38,-1,38,45,46,-1,38,46,47,-1,48,49,50,-1,50,49,51,-1,50,51,52,-1,52,53,50,-1,50,53,54,-1,50,54,55,-1,55,56,41,-1,41,56,57,-1,41,57,39,-1,58,59,60,-1,61,11,15,-1,60,48,58,-1,58,48,50,-1,58,50,62,-1,62,50,61,-1,62,61,63,-1,63,61,15,-1,63,15,14,-1,64,8,12,-1,55,41,50,-1,50,41,64,-1,50,64,61,-1,61,64,12,-1,61,12,11,-1,65,5,9,-1,36,38,41,-1,41,38,65,-1,41,65,64,-1,64,65,9,-1,64,9,8,-1,33,38,66,-1,66,38,47,-1,66,47,67,-1,68,2,6,-1,33,35,38,-1,38,35,68,-1,38,68,65,-1,65,68,6,-1,65,6,5,-1,0,2,69,-1,69,2,68,-1,69,68,32,-1,32,68,35,-1,32,35,30,-1,30,35,34,-1,63,14,18,-1,70,71,72,-1,26,71,27,-1,27,71,70,-1,27,70,73,-1,74,62,63,-1,63,18,74,-1,74,18,17,-1,74,17,73,-1,73,17,29,-1,73,29,27,-1,59,58,75,-1,75,58,62,-1,75,62,76,-1,76,62,74,-1,76,74,77,-1,77,74,73,-1,77,73,78,-1,78,73,70,-1,78,70,79,-1,79,70,72,-1,59,80,60,-1,66,67,81,-1,81,82,66,-1,66,82,83,-1,66,83,33,-1,33,83,84,-1,33,84,34,-1,34,84,85,-1,34,85,30,-1,85,86,30,-1,30,86,87,-1,30,87,31,-1,86,85,88,-1,84,83,89,-1,76,77,90,-1,91,92,93,-1,79,72,94,-1,79,94,78,-1,78,94,95,-1,78,95,77,-1,96,90,97,-1,97,90,77,-1,97,77,98,-1,98,77,95,-1,99,100,101,-1,100,102,101,-1,101,102,103,-1,101,103,75,-1,75,103,104,-1,75,104,105,-1,105,106,75,-1,75,106,107,-1,75,107,59,-1,59,107,108,-1,59,108,80,-1,109,110,111,-1,111,110,112,-1,111,112,101,-1,101,112,113,-1,101,113,99,-1,114,115,116,-1,116,115,117,-1,118,119,120,-1,120,119,121,-1,120,121,122,-1,122,121,123,-1,124,125,126,-1,126,125,127,-1,127,128,126,-1,126,128,129,-1,126,129,130,-1,131,132,133,-1,134,135,89,-1,89,135,136,-1,89,136,133,-1,133,136,137,-1,133,137,131,-1,82,138,83,-1,83,138,139,-1,83,139,89,-1,89,139,140,-1,89,140,134,-1,141,142,143,-1,143,142,144,-1,143,144,145,-1,145,144,146,-1,145,146,147,-1,147,146,148,-1,147,148,149,-1,149,148,150,-1,149,150,151,-1,151,150,152,-1,151,152,153,-1,153,152,154,-1,153,154,155,-1,155,154,156,-1,155,156,157,-1,157,156,158,-1,157,158,159,-1,159,158,160,-1,159,160,93,-1,93,160,90,-1,93,90,91,-1,91,90,96,-1,142,161,144,-1,144,161,162,-1,144,162,146,-1,146,162,163,-1,146,163,148,-1,148,163,164,-1,148,164,150,-1,150,164,165,-1,150,165,152,-1,152,165,166,-1,152,166,154,-1,154,166,167,-1,154,167,156,-1,156,167,168,-1,156,168,158,-1,158,168,169,-1,158,169,160,-1,160,169,111,-1,160,111,90,-1,90,111,101,-1,90,101,76,-1,76,101,75,-1,161,170,162,-1,162,170,171,-1,162,171,163,-1,163,171,172,-1,163,172,164,-1,164,172,173,-1,164,173,165,-1,165,173,174,-1,165,174,166,-1,166,174,175,-1,166,175,167,-1,167,175,176,-1,167,176,168,-1,168,176,177,-1,168,177,169,-1,169,177,178,-1,169,178,111,-1,111,178,116,-1,111,116,109,-1,109,116,117,-1,170,179,171,-1,171,179,180,-1,171,180,172,-1,172,180,181,-1,172,181,173,-1,173,181,182,-1,173,182,174,-1,174,182,183,-1,174,183,175,-1,175,183,184,-1,175,184,176,-1,176,184,185,-1,176,185,177,-1,177,185,186,-1,177,186,178,-1,178,186,120,-1,178,120,116,-1,116,120,122,-1,116,122,114,-1,114,122,123,-1,179,187,180,-1,180,187,188,-1,180,188,181,-1,181,188,189,-1,181,189,182,-1,182,189,190,-1,182,190,183,-1,183,190,191,-1,183,191,184,-1,184,191,192,-1,184,192,185,-1,185,192,193,-1,185,193,186,-1,186,193,194,-1,186,194,120,-1,120,194,130,-1,120,130,118,-1,118,130,129,-1,187,195,188,-1,188,195,196,-1,188,196,189,-1,189,196,197,-1,189,197,190,-1,190,197,198,-1,190,198,191,-1,191,198,199,-1,191,199,192,-1,192,199,200,-1,192,200,193,-1,193,200,201,-1,193,201,194,-1,194,201,202,-1,194,202,130,-1,130,202,203,-1,130,203,126,-1,126,203,133,-1,126,133,124,-1,124,133,132,-1,195,204,196,-1,196,204,205,-1,196,205,197,-1,197,205,206,-1,197,206,198,-1,198,206,207,-1,198,207,199,-1,199,207,208,-1,199,208,200,-1,200,208,209,-1,200,209,201,-1,201,209,210,-1,201,210,202,-1,202,210,211,-1,202,211,203,-1,203,211,212,-1,203,212,133,-1,133,212,213,-1,133,213,89,-1,89,213,88,-1,89,88,84,-1,84,88,85,-1,204,214,205,-1,205,214,215,-1,205,215,206,-1,206,215,216,-1,206,216,207,-1,207,216,217,-1,207,217,208,-1,208,217,218,-1,208,218,209,-1,209,218,219,-1,209,219,210,-1,210,219,220,-1,210,220,211,-1,211,220,221,-1,211,221,212,-1,212,221,222,-1,212,222,213,-1,213,222,223,-1,213,223,88,-1,88,223,224,-1,88,224,86,-1,86,224,87,-1,
        ]
    }
}
Shape{
    appearance Appearance {
        material  Material 	{
            diffuseColor 0.4392156862745098 0.4392156862745098 0.4392156862745098
            specularColor 0.2196078431372549 0.2196078431372549 0.2196078431372549
            ambientIntensity 0.4392
            transparency 0.0
            shininess 0.5
        }
    }
    geometry IndexedFaceSet {
        ccw TRUE
        solid FALSE
        coord DEF co Coordinate {
            point [
                -0.5165 0.6846 0.075, -0.5151 0.6856 0.0741, -0.5166 0.6832 0.0738, -0.5147 0.6828 0.0709, -0.5167 0.6813 0.0722, -0.568 0.6666 0.0752, -0.5784 0.6668 0.0704, -0.568 0.6668 0.0754, -0.5796 0.6693 0.0726, -0.5676 0.6693 0.0782
            ]
        }
        coordIndex [
            0,1,2,-1,2,1,3,-1,2,3,4,-1,5,6,7,-1,7,6,8,-1,7,8,9,-1,
        ]
    }
}
Shape{
    appearance Appearance {
        material  Material 	{
            diffuseColor 0.8509803921568627 0.8509803921568627 0.8509803921568627
            specularColor 0.4235294117647059 0.4235294117647059 0.4235294117647059
            ambientIntensity 0.851
            transparency 0.0
            shininess 0.5
        }
    }
    geometry IndexedFaceSet {
        ccw TRUE
        solid FALSE
        coord DEF co Coordinate {
            point [
                -0.5119 0.685 0.0692, -0.511 0.6859 0.0687, -0.5159 0.6822 0.0642, -0.5164 0.6822 0.057, -0.5116 0.6866 0.0407, -0.5212 0.6797 0.0407, -0.5186 0.6811 0.0473, -0.5182 0.6813 0.0482, -0.5165 0.6822 0.0561, -0.5164 0.6822 0.0568, -0.5162 0.6819 0.0667, -0.5167 0.6813 0.0722, -0.5147 0.6828 0.0709, -0.5131 0.6841 0.0699, -0.5727 0.6678 0.0407, -0.6693 0.6678 0.0407, -0.6299 0.6678 0.0418, -0.6693 0.6678 0.0418, -0.5784 0.6668 0.0704, -0.568 0.6666 0.0752, -0.5705 0.6668 0.0703, -0.5749 0.6673 0.0556, -0.5749 0.6673 0.0555, -0.5749 0.6674 0.0544, -0.5749 0.6675 0.0501, -0.5741 0.6676 0.0465, -0.5733 0.6678 0.0425, -0.5725 0.667 0.0664, -0.5733 0.667 0.0642, -0.5736 0.6671 0.0625, -0.5224 0.679 0.0385, -0.5111 0.6861 0.0318, -0.523 0.6786 0.0374, -0.523 0.6786 0.0374, -0.5227 0.678 0.0318, -0.5254 0.6769 0.0337, -0.5243 0.6776 0.0354, -0.5341 0.6704 0.025, -0.533 0.6711 0.0257, -0.5213 0.6756 0.0232, -0.5313 0.6723 0.0271, -0.5278 0.675 0.031, -0.5271 0.6755 0.0318, -0.5443 0.6654 0.0209, -0.5412 0.6666 0.0217, -0.5329 0.6651 0.0154, -0.5397 0.6672 0.022, -0.5389 0.6675 0.0223, -0.5345 0.6694 0.0232, -0.5373 0.6685 0.0232, -0.5348 0.67 0.0247, -0.5525 0.6642 0.0215, -0.5507 0.6643 0.0211, -0.5478 0.6611 0.0154, -0.5631 0.6644 0.0232, -0.5572 0.6646 0.0232, -0.5631 0.6598 0.0154, -0.5569 0.6646 0.0231, -0.5557 0.6645 0.0226, -0.5485 0.6646 0.0209, -0.5484 0.6646 0.0209, -0.5466 0.6648 0.0208, -0.5631 0.6659 0.0272, -0.5622 0.6657 0.0265, -0.558 0.6647 0.0236, -0.5631 0.6535 0.009, -0.5467 0.6549 0.009, -0.5631 0.6459 0.0041, -0.5454 0.6475 0.0041, -0.5631 0.6375 0.001, -0.5439 0.6391 0.001, -0.5631 0.6285 0.0, -0.5424 0.6303 0.0, -0.5308 0.6592 0.009, -0.5282 0.6521 0.0041, -0.5253 0.6441 0.001, -0.5222 0.6357 0.0, -0.519 0.6716 0.0154, -0.5159 0.6662 0.009, -0.5121 0.6596 0.0041, -0.5078 0.6523 0.001, -0.5034 0.6445 0.0, -0.5094 0.684 0.0232, -0.5064 0.6804 0.0154, -0.5024 0.6756 0.009, -0.4975 0.6698 0.0041, -0.4921 0.6633 0.001, -0.4863 0.6565 0.0, -0.5704 0.6677 0.0361, -0.6693 0.6671 0.0318, -0.5718 0.6678 0.039, -0.6693 0.6644 0.0232, -0.5675 0.6671 0.0318, -0.5677 0.6672 0.0321, -0.6693 0.6598 0.0154, -0.6693 0.6535 0.009, -0.6693 0.6459 0.0041, -0.6693 0.6375 0.001, -0.6693 0.6285 0.0
            ]
        }
        coordIndex [
            0,1,2,-1,2,1,3,-1,4,5,6,-1,6,7,4,-1,4,7,8,-1,4,8,1,-1,1,8,9,-1,1,9,3,-1,10,11,12,-1,10,12,2,-1,2,12,13,-1,2,13,0,-1,14,15,16,-1,16,15,17,-1,18,19,20,-1,21,22,16,-1,16,22,23,-1,16,23,24,-1,24,25,16,-1,16,25,26,-1,16,26,14,-1,20,27,18,-1,18,27,28,-1,18,28,16,-1,16,28,29,-1,16,29,21,-1,5,4,30,-1,30,4,31,-1,30,31,32,-1,32,31,33,-1,34,35,36,-1,37,38,39,-1,38,40,39,-1,39,40,41,-1,39,41,34,-1,34,41,42,-1,34,42,35,-1,43,44,45,-1,44,46,45,-1,45,46,47,-1,45,47,48,-1,48,47,49,-1,48,49,50,-1,51,52,53,-1,54,55,56,-1,56,55,57,-1,56,57,58,-1,52,59,53,-1,53,59,60,-1,53,60,61,-1,62,63,54,-1,54,63,64,-1,54,64,55,-1,58,51,56,-1,56,51,53,-1,56,53,65,-1,65,53,66,-1,65,66,67,-1,67,66,68,-1,67,68,69,-1,69,68,70,-1,69,70,71,-1,71,70,72,-1,61,43,53,-1,53,43,45,-1,53,45,66,-1,66,45,73,-1,66,73,68,-1,68,73,74,-1,68,74,70,-1,70,74,75,-1,70,75,72,-1,72,75,76,-1,50,37,48,-1,48,37,39,-1,48,39,45,-1,45,39,77,-1,45,77,73,-1,73,77,78,-1,73,78,74,-1,74,78,79,-1,74,79,75,-1,75,79,80,-1,75,80,76,-1,76,80,81,-1,36,33,34,-1,34,33,31,-1,34,31,39,-1,39,31,82,-1,39,82,77,-1,77,82,83,-1,77,83,78,-1,78,83,84,-1,78,84,79,-1,79,84,85,-1,79,85,80,-1,80,85,86,-1,80,86,81,-1,81,86,87,-1,88,89,90,-1,90,89,15,-1,90,15,14,-1,62,91,92,-1,92,91,89,-1,92,89,93,-1,93,89,88,-1,62,54,91,-1,91,54,56,-1,91,56,94,-1,94,56,65,-1,94,65,95,-1,95,65,67,-1,95,67,96,-1,96,67,69,-1,96,69,97,-1,97,69,71,-1,97,71,98,-1,
        ]
    }
}
Shape{
    appearance Appearance {
        material  Material 	{
            diffuseColor 0.2235294117647059 0.2235294117647059 0.2235294117647059
            specularColor 0.11372549019607843 0.11372549019607843 0.11372549019607843
            ambientIntensity 0.2235
            transparency 0.0
            shininess 0.5
        }
    }
    geometry IndexedFaceSet {
        ccw TRUE
        solid FALSE
        coord DEF co Coordinate {
            point [
                0.7643 0.5197 0.1811, 0.777 0.4855 0.1811, 0.7874 0.5512 0.1811, 0.7848 0.4498 0.1811, 0.7874 0.4134 0.1811, 0.558 0.6694 0.1811, 0.5554 0.6682 0.1811, 0.5631 0.6693 0.1811, 0.5679 0.6667 0.1811, 0.6693 0.6693 0.1811, 0.7468 0.5517 0.1811, 0.7834 0.5817 0.1811, 0.7249 0.5809 0.1811, 0.6036 0.6589 0.1811, 0.6378 0.6461 0.1811, 0.6999 0.6652 0.1811, 0.6698 0.6286 0.1811, 0.7283 0.6534 0.1811, 0.6991 0.6068 0.1811, 0.7528 0.6347 0.1811, 0.7716 0.6102 0.1811, 0.5203 0.682 0.1811, 0.5125 0.6877 0.1811, 0.5212 0.6804 0.1811
            ]
        }
        coordIndex [
            0,1,2,-1,2,1,3,-1,2,3,4,-1,5,6,7,-1,7,6,8,-1,7,8,9,-1,0,2,10,-1,10,2,11,-1,10,11,12,-1,8,13,9,-1,9,13,14,-1,9,14,15,-1,15,14,16,-1,15,16,17,-1,17,16,18,-1,17,18,19,-1,19,18,12,-1,19,12,20,-1,20,12,11,-1,21,22,23,-1,
        ]
    }
}
Shape{
    appearance Appearance {
        material  Material 	{
            diffuseColor 0.4392156862745098 0.4392156862745098 0.4392156862745098
            specularColor 0.2196078431372549 0.2196078431372549 0.2196078431372549
            ambientIntensity 0.4392
            transparency 0.0
            shininess 0.5
        }
    }
    geometry IndexedFaceSet {
        ccw TRUE
        solid FALSE
        coord DEF co Coordinate {
            point [
                0.6693 0.6693 0.0433, 0.6303 0.6693 0.0433, 0.6693 0.6693 0.1811, 0.5796 0.6693 0.0726, 0.5631 0.6693 0.0845, 0.5631 0.6693 0.1811, 0.5662 0.6693 0.0802, 0.5676 0.6693 0.0782, 0.5533 0.6701 0.0957, 0.55 0.6704 0.1718, 0.5563 0.6699 0.0922, 0.5601 0.6695 0.088, 0.5486 0.6706 0.1029, 0.548 0.6707 0.1028, 0.5475 0.6708 0.1044, 0.5487 0.6706 0.1685, 0.5498 0.6704 0.0996, 0.5496 0.6704 0.0998, 0.5486 0.6706 0.1699, 0.5477 0.6708 0.1676, 0.5473 0.6709 0.1061, 0.5473 0.6709 0.1652, 0.5474 0.6709 0.1664, 0.5514 0.6701 0.1739, 0.5631 0.6693 0.0845, 0.558 0.6694 0.1811, 0.5561 0.6696 0.1789, 0.553 0.67 0.1756, 0.5151 0.6856 0.0741, 0.5125 0.6877 0.0723, 0.5125 0.6877 0.1811, 0.5203 0.682 0.1811, 0.5228 0.6804 0.1741, 0.5231 0.6802 0.1733, 0.5246 0.6793 0.1678, 0.5247 0.6793 0.1673, 0.5249 0.6792 0.1652, 0.5249 0.6792 0.1061, 0.5246 0.6793 0.1033, 0.5238 0.6798 0.1, 0.5228 0.6804 0.0973, 0.5208 0.6816 0.0917, 0.5207 0.6816 0.0915, 0.5191 0.6827 0.0867, 0.5165 0.6846 0.0749, 0.5178 0.6836 0.0809, 0.5191 0.6827 0.0867
            ]
        }
        coordIndex [
            0,1,2,-1,2,1,3,-1,4,5,6,-1,6,5,2,-1,6,2,7,-1,7,2,3,-1,8,9,10,-1,10,9,11,-1,12,13,14,-1,15,16,12,-1,12,16,17,-1,12,17,13,-1,8,16,9,-1,9,16,15,-1,9,15,18,-1,18,15,19,-1,14,20,12,-1,12,20,21,-1,12,21,15,-1,15,21,22,-1,15,22,19,-1,23,4,9,-1,9,4,24,-1,9,24,11,-1,25,5,26,-1,26,5,4,-1,26,4,27,-1,27,4,23,-1,28,29,30,-1,31,32,30,-1,30,32,33,-1,30,33,34,-1,34,35,30,-1,30,35,36,-1,30,36,37,-1,37,38,30,-1,30,38,39,-1,30,39,40,-1,40,41,30,-1,30,41,42,-1,30,42,43,-1,44,28,45,-1,45,28,30,-1,45,30,46,-1,46,30,43,-1,
        ]
    }
}
Shape{
    appearance Appearance {
        material  Material 	{
            diffuseColor 0.2235294117647059 0.2235294117647059 0.2235294117647059
            specularColor 0.11372549019607843 0.11372549019607843 0.11372549019607843
            ambientIntensity 0.2235
            transparency 0.0
            shininess 0.5
        }
    }
    geometry IndexedFaceSet {
        ccw TRUE
        solid FALSE
        coord DEF co Coordinate {
            point [
                0.5278 0.5414 0.2706, 0.5275 0.5356 0.2853, 0.5315 0.5341 0.292, 0.5275 0.5345 0.2943, 0.5315 0.5339 0.2942, 0.5273 0.5315 0.3189, 0.5315 0.5315 0.3189, 0.5315 0.542 0.2662, 0.5315 0.5498 0.2503, 0.5307 0.5501 0.2498, 0.5315 0.5407 0.2703, 0.5282 0.5482 0.2532, 0.5283 0.551 0.2483, 0.531 0.6022 0.1985, 0.5315 0.6027 0.1982, 0.5315 0.6123 0.1934, 0.5105 0.6196 0.1927, 0.5156 0.6176 0.1923, 0.5206 0.6315 0.187, 0.5342 0.6646 0.1812, 0.5344 0.6687 0.1811, 0.5343 0.6687 0.1811, 0.5209 0.6158 0.1927, 0.5317 0.6166 0.1918, 0.5329 0.6424 0.1839, 0.5267 0.6481 0.1829, 0.5322 0.6274 0.1876, 0.5331 0.6457 0.1831, 0.5329 0.6651 0.1812, 0.5341 0.6688 0.1811, 0.5001 0.6237 0.1934, 0.5092 0.6358 0.1876, 0.513 0.6408 0.1861, 0.5203 0.6505 0.1831, 0.5317 0.6656 0.1812, 0.4543 0.563 0.2833, 0.4539 0.5624 0.2853, 0.4763 0.5482 0.2837, 0.5214 0.5892 0.2072, 0.5246 0.5944 0.2034, 0.5172 0.6012 0.2, 0.5162 0.5703 0.2243, 0.5162 0.5717 0.2228, 0.5101 0.5733 0.2222, 0.5164 0.5755 0.2189, 0.517 0.578 0.2166, 0.5176 0.5803 0.2145, 0.5201 0.5862 0.2096, 0.5307 0.6019 0.1987, 0.5276 0.5981 0.2011, 0.5246 0.5944 0.2034, 0.5046 0.5522 0.2508, 0.5251 0.5526 0.2456, 0.5246 0.553 0.2451, 0.521 0.5561 0.2408, 0.5199 0.5574 0.239, 0.5196 0.5579 0.2384, 0.517 0.5632 0.2319, 0.5168 0.5636 0.2314, 0.5161 0.5678 0.2267, 0.493 0.6143 0.1997, 0.5039 0.606 0.2, 0.491 0.6116 0.2015, 0.4759 0.5916 0.2218, 0.4915 0.5801 0.2222, 0.4821 0.5605 0.2508, 0.4739 0.589 0.2245, 0.4627 0.5741 0.2502, 0.4614 0.5724 0.2532, 0.5012 0.5391 0.2837, 0.5001 0.5347 0.3189, 0.4743 0.544 0.3189, 0.4514 0.5591 0.3189, 0.5483 0.5303 0.3189, 0.5487 0.5329 0.292, 0.574 0.5713 0.2166, 0.5746 0.5659 0.2215, 0.5761 0.5654 0.2215, 0.5378 0.5482 0.2528, 0.5604 0.6145 0.1916, 0.5495 0.6082 0.195, 0.5531 0.6063 0.1957, 0.5378 0.6074 0.1957, 0.5406 0.6085 0.1951, 0.5345 0.6053 0.1968, 0.5435 0.609 0.1948, 0.5455 0.6091 0.1947, 0.5475 0.6088 0.1948, 0.5554 0.6682 0.1811, 0.5531 0.6675 0.1811, 0.5641 0.6401 0.1837, 0.5505 0.6667 0.1811, 0.5475 0.6662 0.1811, 0.5455 0.6663 0.1811, 0.5416 0.6664 0.1811, 0.5404 0.6667 0.1811, 0.5379 0.6675 0.1811, 0.5507 0.5467 0.2533, 0.5493 0.5468 0.2535, 0.5498 0.5407 0.2662, 0.5455 0.5471 0.2538, 0.5416 0.5476 0.2535, 0.5688 0.5497 0.2423, 0.5664 0.5485 0.2451, 0.5677 0.5368 0.2662, 0.5635 0.5476 0.2477, 0.5602 0.547 0.2498, 0.5568 0.5467 0.2515, 0.5531 0.5466 0.2528, 0.574 0.5562 0.2319, 0.5728 0.5537 0.2354, 0.5902 0.5419 0.2423, 0.5726 0.5535 0.2358, 0.5713 0.549 0.2423, 0.571 0.5514 0.239, 0.5689 0.5498 0.2422, 0.575 0.5629 0.2242, 0.5746 0.5601 0.2274, 0.5973 0.5575 0.2215, 0.5664 0.5908 0.2034, 0.5671 0.5891 0.2044, 0.582 0.5855 0.2043, 0.571 0.5809 0.2095, 0.5569 0.6033 0.197, 0.5585 0.6015 0.1978, 0.5887 0.6083 0.1916, 0.5602 0.5997 0.1987, 0.7605 0.4134 0.1837, 0.7874 0.4134 0.1811, 0.7582 0.446 0.1837, 0.7848 0.4498 0.1811, 0.7512 0.4779 0.1837, 0.777 0.4855 0.1811, 0.7398 0.5085 0.1837, 0.7643 0.5197 0.1811, 0.7242 0.5372 0.1837, 0.7468 0.5517 0.1811, 0.7046 0.5633 0.1837, 0.7249 0.5809 0.1811, 0.6815 0.5864 0.1837, 0.6991 0.6068 0.1811, 0.6553 0.606 0.1837, 0.6698 0.6286 0.1811, 0.6266 0.6217 0.1837, 0.6378 0.6461 0.1811, 0.596 0.6331 0.1837, 0.6036 0.6589 0.1811, 0.5679 0.6667 0.1811, 0.6159 0.5982 0.1916, 0.6413 0.5843 0.1916, 0.6645 0.5669 0.1916, 0.685 0.5464 0.1916, 0.7024 0.5232 0.1916, 0.7163 0.4978 0.1916, 0.7264 0.4706 0.1916, 0.7326 0.4423 0.1916, 0.7347 0.4134 0.1916, 0.606 0.5765 0.2043, 0.6285 0.5642 0.2043, 0.6489 0.5489 0.2043, 0.667 0.5308 0.2043, 0.6824 0.5103 0.2043, 0.6946 0.4879 0.2043, 0.7036 0.4639 0.2043, 0.709 0.4389 0.2043, 0.7108 0.4134 0.2043, 0.6172 0.5467 0.2215, 0.6353 0.5331 0.2215, 0.6513 0.5171 0.2215, 0.6648 0.499 0.2215, 0.6756 0.4792 0.2215, 0.6835 0.458 0.2215, 0.6884 0.4359 0.2215, 0.69 0.4134 0.2215, 0.6079 0.5323 0.2423, 0.624 0.5202 0.2423, 0.6383 0.5059 0.2423, 0.6504 0.4898 0.2423, 0.6601 0.4721 0.2423, 0.6671 0.4532 0.2423, 0.6714 0.4335 0.2423, 0.6728 0.4134 0.2423, 0.5849 0.5303 0.2662, 0.601 0.5216 0.2662, 0.6157 0.5106 0.2662, 0.6287 0.4976 0.2662, 0.6397 0.4829 0.2662, 0.6485 0.4668 0.2662, 0.6549 0.4496 0.2662, 0.6588 0.4317 0.2662, 0.6601 0.4134 0.2662, 0.5655 0.5292 0.292, 0.5817 0.5232 0.292, 0.5968 0.515 0.292, 0.6106 0.5046 0.292, 0.6228 0.4924 0.292, 0.6331 0.4787 0.292, 0.6413 0.4635 0.292, 0.6474 0.4474 0.292, 0.651 0.4306 0.292, 0.6523 0.4134 0.292, 0.5648 0.5267 0.3189, 0.5806 0.5208 0.3189, 0.5954 0.5127 0.3189, 0.6088 0.5026 0.3189, 0.6208 0.4907 0.3189, 0.6309 0.4772 0.3189, 0.6389 0.4624 0.3189, 0.6448 0.4466 0.3189, 0.6484 0.4302 0.3189, 0.6496 0.4134 0.3189, 0.4421 0.7002 0.1858, 0.5307 0.6708 0.1811, 0.5303 0.671 0.1811, 0.5269 0.6737 0.1811, 0.5262 0.6744 0.1811, 0.5246 0.676 0.1811, 0.5238 0.6769 0.1811, 0.4651 0.7275 0.1811, 0.5125 0.6877 0.1811, 0.5212 0.6804 0.1811, 0.4208 0.6747 0.1996, 0.4024 0.6529 0.2215, 0.3883 0.6361 0.25, 0.3795 0.6256 0.2832, 0.3765 0.622 0.3189
            ]
        }
        coordIndex [
            0,1,2,-1,2,1,3,-1,2,3,4,-1,4,3,5,-1,4,5,6,-1,7,8,9,-1,2,10,0,-1,0,10,7,-1,0,7,11,-1,11,7,9,-1,11,9,12,-1,13,14,15,-1,16,17,18,-1,19,20,21,-1,22,15,23,-1,24,25,26,-1,26,25,18,-1,26,18,23,-1,23,18,17,-1,23,17,22,-1,24,27,25,-1,25,27,19,-1,25,19,28,-1,28,19,21,-1,28,21,29,-1,30,16,31,-1,31,16,18,-1,31,18,32,-1,32,18,25,-1,32,25,33,-1,33,25,28,-1,33,28,34,-1,34,28,29,-1,35,36,37,-1,38,39,40,-1,41,42,43,-1,43,42,44,-1,44,45,43,-1,43,45,46,-1,43,46,40,-1,40,46,47,-1,40,47,38,-1,13,15,48,-1,48,15,22,-1,48,22,49,-1,49,22,40,-1,49,40,50,-1,50,40,39,-1,11,12,51,-1,51,12,52,-1,51,52,53,-1,53,54,51,-1,51,54,55,-1,51,55,56,-1,56,57,51,-1,51,57,58,-1,51,58,43,-1,43,58,59,-1,43,59,41,-1,30,60,16,-1,16,60,61,-1,16,61,17,-1,60,62,61,-1,61,62,63,-1,61,63,64,-1,65,51,64,-1,64,51,43,-1,64,43,61,-1,61,43,40,-1,61,40,17,-1,17,40,22,-1,63,66,64,-1,64,66,67,-1,64,67,65,-1,65,67,68,-1,65,68,35,-1,3,1,69,-1,69,1,0,-1,35,37,65,-1,65,37,69,-1,65,69,51,-1,51,69,0,-1,51,0,11,-1,5,3,70,-1,70,3,69,-1,70,69,71,-1,71,69,37,-1,71,37,72,-1,72,37,36,-1,4,6,73,-1,10,2,74,-1,75,76,77,-1,78,8,7,-1,26,23,79,-1,80,81,79,-1,82,83,23,-1,82,23,84,-1,84,23,15,-1,84,15,14,-1,83,85,23,-1,23,85,86,-1,23,86,79,-1,79,86,87,-1,79,87,80,-1,88,89,90,-1,89,91,90,-1,90,91,92,-1,90,92,24,-1,24,92,93,-1,93,94,24,-1,24,94,95,-1,24,95,27,-1,27,95,96,-1,27,96,19,-1,19,96,20,-1,97,98,99,-1,99,98,100,-1,99,100,7,-1,7,100,101,-1,7,101,78,-1,102,103,104,-1,104,103,105,-1,105,106,104,-1,104,106,107,-1,104,107,99,-1,99,107,108,-1,99,108,97,-1,109,110,111,-1,111,110,112,-1,111,112,113,-1,113,112,114,-1,113,114,115,-1,76,116,77,-1,77,116,117,-1,77,117,118,-1,119,120,121,-1,121,120,122,-1,81,123,79,-1,79,123,124,-1,79,124,125,-1,125,124,126,-1,127,128,129,-1,129,128,130,-1,129,130,131,-1,131,130,132,-1,131,132,133,-1,133,132,134,-1,133,134,135,-1,135,134,136,-1,135,136,137,-1,137,136,138,-1,137,138,139,-1,139,138,140,-1,139,140,141,-1,141,140,142,-1,141,142,143,-1,143,142,144,-1,143,144,145,-1,145,144,146,-1,145,146,90,-1,90,146,147,-1,90,147,88,-1,24,26,90,-1,90,26,79,-1,90,79,145,-1,145,79,125,-1,145,125,143,-1,143,125,148,-1,143,148,141,-1,141,148,149,-1,141,149,139,-1,139,149,150,-1,139,150,137,-1,137,150,151,-1,137,151,135,-1,135,151,152,-1,135,152,133,-1,133,152,153,-1,133,153,131,-1,131,153,154,-1,131,154,129,-1,129,154,155,-1,129,155,127,-1,127,155,156,-1,126,119,125,-1,125,119,121,-1,125,121,148,-1,148,121,157,-1,148,157,149,-1,149,157,158,-1,149,158,150,-1,150,158,159,-1,150,159,151,-1,151,159,160,-1,151,160,152,-1,152,160,161,-1,152,161,153,-1,153,161,162,-1,153,162,154,-1,154,162,163,-1,154,163,155,-1,155,163,164,-1,155,164,156,-1,156,164,165,-1,122,75,121,-1,121,75,77,-1,121,77,157,-1,157,77,118,-1,157,118,158,-1,158,118,166,-1,158,166,159,-1,159,166,167,-1,159,167,160,-1,160,167,168,-1,160,168,161,-1,161,168,169,-1,161,169,162,-1,162,169,170,-1,162,170,163,-1,163,170,171,-1,163,171,164,-1,164,171,172,-1,164,172,165,-1,165,172,173,-1,117,109,118,-1,118,109,111,-1,118,111,166,-1,166,111,174,-1,166,174,167,-1,167,174,175,-1,167,175,168,-1,168,175,176,-1,168,176,169,-1,169,176,177,-1,169,177,170,-1,170,177,178,-1,170,178,171,-1,171,178,179,-1,171,179,172,-1,172,179,180,-1,172,180,173,-1,173,180,181,-1,115,102,113,-1,113,102,104,-1,113,104,111,-1,111,104,182,-1,111,182,174,-1,174,182,183,-1,174,183,175,-1,175,183,184,-1,175,184,176,-1,176,184,185,-1,176,185,177,-1,177,185,186,-1,177,186,178,-1,178,186,187,-1,178,187,179,-1,179,187,188,-1,179,188,180,-1,180,188,189,-1,180,189,181,-1,181,189,190,-1,7,10,99,-1,99,10,74,-1,99,74,104,-1,104,74,191,-1,104,191,182,-1,182,191,192,-1,182,192,183,-1,183,192,193,-1,183,193,184,-1,184,193,194,-1,184,194,185,-1,185,194,195,-1,185,195,186,-1,186,195,196,-1,186,196,187,-1,187,196,197,-1,187,197,188,-1,188,197,198,-1,188,198,189,-1,189,198,199,-1,189,199,190,-1,190,199,200,-1,2,4,74,-1,74,4,73,-1,74,73,191,-1,191,73,201,-1,191,201,192,-1,192,201,202,-1,192,202,193,-1,193,202,203,-1,193,203,194,-1,194,203,204,-1,194,204,195,-1,195,204,205,-1,195,205,196,-1,196,205,206,-1,196,206,197,-1,197,206,207,-1,197,207,198,-1,198,207,208,-1,198,208,199,-1,199,208,209,-1,199,209,200,-1,200,209,210,-1,31,32,211,-1,34,29,212,-1,34,212,33,-1,33,212,32,-1,32,212,213,-1,32,213,214,-1,214,215,32,-1,32,215,216,-1,32,216,217,-1,218,211,219,-1,219,211,32,-1,219,32,220,-1,220,32,217,-1,31,211,30,-1,30,211,221,-1,30,221,60,-1,60,221,62,-1,62,221,222,-1,62,222,63,-1,63,222,66,-1,66,222,223,-1,66,223,67,-1,67,223,68,-1,68,223,224,-1,68,224,35,-1,35,224,36,-1,36,224,225,-1,36,225,72,-1,
        ]
    }
}
Shape{
    appearance Appearance {
        material  Material 	{
            diffuseColor 0.4392156862745098 0.4392156862745098 0.4392156862745098
            specularColor 0.2196078431372549 0.2196078431372549 0.2196078431372549
            ambientIntensity 0.4392
            transparency 0.0
            shininess 0.5
        }
    }
    geometry IndexedFaceSet {
        ccw TRUE
        solid FALSE
        coord DEF co Coordinate {
            point [
                0.5151 0.6856 0.0741, 0.5165 0.6846 0.0749, 0.5147 0.6828 0.0709, 0.5166 0.6832 0.0738, 0.5167 0.6813 0.0722, 0.5676 0.6693 0.0782, 0.5796 0.6693 0.0726, 0.568 0.6669 0.0754, 0.5784 0.6668 0.0704, 0.568 0.6666 0.0752
            ]
        }
        coordIndex [
            0,1,2,-1,2,1,3,-1,2,3,4,-1,5,6,7,-1,7,6,8,-1,7,8,9,-1,
        ]
    }
}
Shape{
    appearance Appearance {
        material  Material 	{
            diffuseColor 0.8509803921568627 0.8509803921568627 0.8509803921568627
            specularColor 0.4235294117647059 0.4235294117647059 0.4235294117647059
            ambientIntensity 0.851
            transparency 0.0
            shininess 0.5
        }
    }
    geometry IndexedFaceSet {
        ccw TRUE
        solid FALSE
        coord DEF co Coordinate {
            point [
                0.6693 0.6678 0.0418, 0.6693 0.6678 0.0407, 0.6298 0.6678 0.0418, 0.5727 0.6678 0.0407, 0.5742 0.6676 0.0464, 0.5747 0.6676 0.0484, 0.575 0.6675 0.0518, 0.568 0.6666 0.0752, 0.5784 0.6668 0.0704, 0.5686 0.6667 0.0744, 0.5699 0.6668 0.0721, 0.5748 0.6674 0.0544, 0.5747 0.6673 0.0552, 0.5742 0.6672 0.0605, 0.5738 0.6671 0.0625, 0.5736 0.6671 0.0631, 0.5706 0.6668 0.0704, 0.511 0.6859 0.0687, 0.5119 0.685 0.0692, 0.5159 0.6822 0.0642, 0.5135 0.6837 0.0702, 0.5162 0.6819 0.0667, 0.5147 0.6828 0.0709, 0.5167 0.6813 0.0722, 0.5165 0.6822 0.0561, 0.5116 0.6866 0.0407, 0.5164 0.6822 0.0568, 0.5164 0.6822 0.057, 0.5182 0.6813 0.0482, 0.5186 0.6811 0.0473, 0.5212 0.6797 0.0407, 0.6693 0.6671 0.0318, 0.5675 0.6671 0.0318, 0.5677 0.6672 0.0321, 0.5718 0.6678 0.039, 0.5704 0.6677 0.036, 0.5631 0.6659 0.0272, 0.6693 0.6644 0.0232, 0.5631 0.6644 0.0232, 0.6693 0.6598 0.0154, 0.5631 0.6598 0.0154, 0.6693 0.6535 0.009, 0.5631 0.6535 0.009, 0.6693 0.6459 0.0041, 0.5631 0.6459 0.0041, 0.6693 0.6375 0.001, 0.5631 0.6375 0.001, 0.6693 0.6285 0.0, 0.5631 0.6285 0.0, 0.5225 0.6788 0.0386, 0.523 0.6785 0.0378, 0.5227 0.678 0.0318, 0.5623 0.6657 0.0265, 0.5621 0.6657 0.0263, 0.5512 0.6643 0.0212, 0.5557 0.6644 0.0225, 0.5557 0.6644 0.0225, 0.5568 0.6645 0.023, 0.5571 0.6646 0.0232, 0.5345 0.6694 0.0232, 0.5372 0.6685 0.0232, 0.5329 0.6651 0.0154, 0.5387 0.6676 0.0224, 0.5412 0.6666 0.0217, 0.5432 0.6657 0.0211, 0.5447 0.6653 0.0209, 0.5478 0.6611 0.0154, 0.5484 0.6645 0.0208, 0.5488 0.6645 0.0208, 0.5341 0.6704 0.025, 0.5346 0.67 0.0246, 0.5347 0.67 0.0245, 0.5269 0.6757 0.0318, 0.5213 0.6756 0.0232, 0.5277 0.6751 0.0308, 0.529 0.6741 0.0293, 0.5244 0.6775 0.0355, 0.5258 0.6765 0.0331, 0.5111 0.6861 0.0318, 0.5424 0.6303 0.0, 0.5439 0.6391 0.001, 0.5454 0.6475 0.0041, 0.5467 0.6549 0.009, 0.5222 0.6357 0.0, 0.5253 0.6441 0.001, 0.5282 0.6521 0.0041, 0.5308 0.6592 0.009, 0.5034 0.6445 0.0, 0.5078 0.6523 0.001, 0.5121 0.6596 0.0041, 0.5159 0.6662 0.009, 0.519 0.6716 0.0154, 0.4863 0.6565 0.0, 0.4921 0.6633 0.001, 0.4975 0.6698 0.0041, 0.5024 0.6756 0.009, 0.5064 0.6804 0.0154, 0.5094 0.684 0.0232
            ]
        }
        coordIndex [
            0,1,2,-1,2,1,3,-1,3,4,2,-1,2,4,5,-1,2,5,6,-1,7,8,9,-1,9,8,10,-1,6,11,2,-1,2,11,12,-1,2,12,13,-1,13,14,2,-1,2,14,15,-1,2,15,8,-1,8,15,16,-1,8,16,10,-1,17,18,19,-1,19,18,20,-1,19,20,21,-1,21,20,22,-1,21,22,23,-1,24,25,26,-1,26,25,17,-1,26,17,27,-1,27,17,19,-1,24,28,25,-1,25,28,29,-1,25,29,30,-1,31,32,33,-1,3,1,34,-1,34,1,31,-1,34,31,35,-1,35,31,33,-1,32,31,36,-1,36,31,37,-1,36,37,38,-1,38,37,39,-1,38,39,40,-1,40,39,41,-1,40,41,42,-1,42,41,43,-1,42,43,44,-1,44,43,45,-1,44,45,46,-1,46,45,47,-1,46,47,48,-1,49,50,51,-1,36,38,52,-1,52,38,53,-1,54,55,40,-1,55,56,40,-1,40,56,57,-1,40,57,38,-1,38,57,58,-1,38,58,53,-1,59,60,61,-1,61,60,62,-1,61,62,63,-1,64,65,66,-1,66,65,67,-1,66,67,68,-1,69,70,59,-1,59,70,71,-1,59,71,60,-1,51,72,73,-1,73,72,74,-1,73,74,75,-1,50,76,51,-1,51,76,77,-1,51,77,72,-1,78,25,30,-1,48,79,46,-1,46,79,80,-1,46,80,44,-1,44,80,81,-1,44,81,42,-1,42,81,82,-1,42,82,40,-1,40,82,66,-1,40,66,54,-1,54,66,68,-1,79,83,80,-1,80,83,84,-1,80,84,81,-1,81,84,85,-1,81,85,82,-1,82,85,86,-1,82,86,66,-1,66,86,61,-1,66,61,64,-1,64,61,63,-1,83,87,84,-1,84,87,88,-1,84,88,85,-1,85,88,89,-1,85,89,86,-1,86,89,90,-1,86,90,61,-1,61,90,91,-1,61,91,59,-1,59,91,73,-1,59,73,69,-1,69,73,75,-1,87,92,88,-1,88,92,93,-1,88,93,89,-1,89,93,94,-1,89,94,90,-1,90,94,95,-1,90,95,91,-1,91,95,96,-1,91,96,73,-1,73,96,97,-1,73,97,51,-1,51,97,78,-1,51,78,49,-1,49,78,30,-1,
        ]
    }
}
Shape{
    appearance Appearance {
        material  Material 	{
            diffuseColor 0.4392156862745098 0.4392156862745098 0.4392156862745098
            specularColor 0.2196078431372549 0.2196078431372549 0.2196078431372549
            ambientIntensity 0.4392
            transparency 0.0
            shininess 0.5
        }
    }
    geometry IndexedFaceSet {
        ccw TRUE
        solid FALSE
        coord DEF co Coordinate {
            point [
                0.5119 -0.6851 0.0692, 0.5125 -0.6877 0.0723, 0.511 -0.6859 0.0687, 0.4573 -0.7341 0.0433, 0.4578 -0.7317 0.0418, -0.5119 0.685 0.0692, -0.5125 0.6877 0.0723, -0.511 0.6859 0.0687, -0.4573 0.734 0.0433, -0.4578 0.7317 0.0418, 0.3545 -0.7481 0.0039, -0.3545 -0.7481 0.0039, 0.3545 0.748 0.0039, -0.3545 0.748 0.0039
            ]
        }
        coordIndex [
            0,1,2,-1,2,1,3,-1,2,3,4,-1,5,6,7,-1,7,6,8,-1,7,8,9,-1,10,11,12,-1,12,11,13,-1,
        ]
    }
}
Shape{
    appearance Appearance {
        material  Material 	{
            diffuseColor 0.2235294117647059 0.2235294117647059 0.2235294117647059
            specularColor 0.11372549019607843 0.11372549019607843 0.11372549019607843
            ambientIntensity 0.2235
            transparency 0.0
            shininess 0.5
        }
    }
    geometry IndexedFaceSet {
        ccw TRUE
        solid FALSE
        coord DEF co Coordinate {
            point [
                -0.748 -0.5498 0.6142, -0.7262 -0.5795 0.6142, -0.748 -0.5512 0.6142, -0.744 -0.5818 0.6142, -0.7322 -0.6103 0.6142, -0.7003 -0.6057 0.6142, -0.7134 -0.6347 0.6142, -0.689 -0.6535 0.6142, -0.671 -0.628 0.6142, -0.6605 -0.6653 0.6142, -0.6387 -0.6458 0.6142, -0.6299 -0.6693 0.6142, -0.6042 -0.6588 0.6142, -0.5682 -0.6667 0.6142, -0.5125 -0.6877 0.6142, -0.5278 -0.6777 0.6142, -0.5345 -0.6693 0.6142, -0.545 -0.6714 0.6142, -0.5631 -0.6693 0.6142, -0.4651 -0.7276 0.6142, -0.4362 -0.7485 0.6142, -0.4157 -0.769 0.6142, -0.4046 -0.7653 0.6142, -0.4004 -0.779 0.6142, -0.3832 -0.7853 0.6142, -0.3711 -0.7775 0.6142, -0.365 -0.7874 0.6142, -0.3362 -0.7849 0.6142, -0.3006 -0.7874 0.6142, 0.3006 -0.7874 0.6142, 0.3362 -0.7849 0.6142, 0.365 -0.7874 0.6142, 0.3711 -0.7775 0.6142, 0.3832 -0.7853 0.6142, 0.4004 -0.779 0.6142, 0.4046 -0.7653 0.6142, 0.4157 -0.769 0.6142, 0.4362 -0.7485 0.6142, 0.4651 -0.7276 0.6142, 0.5278 -0.6777 0.6142, 0.5125 -0.6877 0.6142, 0.5345 -0.6693 0.6142, 0.748 -0.5498 0.6142, 0.748 -0.5512 0.6142, 0.7262 -0.5795 0.6142, 0.744 -0.5818 0.6142, 0.7003 -0.6057 0.6142, 0.7322 -0.6103 0.6142, 0.7134 -0.6347 0.6142, 0.671 -0.628 0.6142, 0.689 -0.6535 0.6142, 0.6387 -0.6458 0.6142, 0.6605 -0.6653 0.6142, 0.6042 -0.6588 0.6142, 0.6299 -0.6693 0.6142, 0.5682 -0.6667 0.6142, 0.5631 -0.6693 0.6142, 0.545 -0.6714 0.6142, 0.748 0.5512 0.6142, 0.748 0.5497 0.6142, 0.7262 0.5794 0.6142, 0.7003 0.6057 0.6142, 0.7322 0.6102 0.6142, 0.744 0.5817 0.6142, 0.6299 0.6693 0.6142, 0.6042 0.6587 0.6142, 0.5682 0.6666 0.6142, 0.5125 0.6877 0.6142, 0.5278 0.6776 0.6142, 0.5345 0.6693 0.6142, 0.545 0.6714 0.6142, 0.5631 0.6693 0.6142, 0.6387 0.6457 0.6142, 0.6605 0.6652 0.6142, 0.671 0.6279 0.6142, 0.689 0.6534 0.6142, 0.7134 0.6347 0.6142, 0.4651 0.7275 0.6142, 0.4362 0.7485 0.6142, 0.4157 0.769 0.6142, 0.4046 0.7653 0.6142, 0.4004 0.779 0.6142, 0.3832 0.7853 0.6142, 0.3711 0.7775 0.6142, 0.365 0.7874 0.6142, 0.3362 0.7849 0.6142, 0.3006 0.7874 0.6142, -0.3006 0.7874 0.6142, -0.3362 0.7849 0.6142, -0.365 0.7874 0.6142, -0.3711 0.7775 0.6142, -0.3832 0.7853 0.6142, -0.4004 0.779 0.6142, -0.4046 0.7653 0.6142, -0.4157 0.769 0.6142, -0.4362 0.7485 0.6142, -0.4651 0.7275 0.6142, -0.7643 -0.5197 0.1811, -0.777 -0.4855 0.1811, -0.7874 -0.5512 0.1811, -0.7848 -0.4498 0.1811, -0.7874 -0.4134 0.1811, -0.7249 -0.581 0.1811, -0.7528 -0.6347 0.1811, -0.6991 -0.6068 0.1811, -0.7283 -0.6535 0.1811, -0.6698 -0.6287 0.1811, -0.6999 -0.6653 0.1811, -0.6378 -0.6462 0.1811, -0.6693 -0.6693 0.1811, -0.6036 -0.6589 0.1811, -0.5679 -0.6667 0.1811, -0.7468 -0.5518 0.1811, -0.7834 -0.5818 0.1811, -0.7716 -0.6103 0.1811, -0.5631 -0.6693 0.1811, -0.5459 -0.6712 0.1811, -0.5345 -0.6693 0.1811, -0.527 -0.6781 0.1811, -0.5125 -0.6877 0.1811, -0.4362 -0.7485 0.1811, -0.4651 -0.7276 0.1811, -0.4157 -0.769 0.1811, -0.3006 -0.7874 0.1811, -0.3362 -0.7849 0.1811, -0.365 -0.7874 0.1811, -0.3711 -0.7775 0.1811, -0.4046 -0.7653 0.1811, -0.4004 -0.779 0.1811, -0.3832 -0.7853 0.1811, 0.4651 -0.7276 0.1811, 0.4362 -0.7485 0.1811, 0.4157 -0.769 0.1811, 0.4046 -0.7653 0.1811, 0.4004 -0.779 0.1811, 0.3832 -0.7853 0.1811, 0.3711 -0.7775 0.1811, 0.365 -0.7874 0.1811, 0.3362 -0.7849 0.1811, 0.3006 -0.7874 0.1811, 0.5125 -0.6877 0.1811, 0.527 -0.6781 0.1811, 0.5345 -0.6693 0.1811, 0.5459 -0.6712 0.1811, 0.5679 -0.6667 0.1811, 0.7874 -0.5512 0.1811, 0.7874 -0.4134 0.1811, 0.7848 -0.4498 0.1811, 0.6378 -0.6462 0.1811, 0.6693 -0.6693 0.1811, 0.6698 -0.6287 0.1811, 0.6999 -0.6653 0.1811, 0.6991 -0.6068 0.1811, 0.6036 -0.6589 0.1811, 0.5631 -0.6693 0.1811, 0.777 -0.4855 0.1811, 0.7643 -0.5197 0.1811, 0.7834 -0.5818 0.1811, 0.7468 -0.5518 0.1811, 0.7716 -0.6103 0.1811, 0.7249 -0.581 0.1811, 0.7528 -0.6347 0.1811, 0.7283 -0.6535 0.1811, 0.4362 0.7485 0.1811, 0.4651 0.7275 0.1811, 0.4157 0.769 0.1811, 0.3711 0.7775 0.1811, 0.365 0.7874 0.1811, 0.3362 0.7849 0.1811, 0.3006 0.7874 0.1811, 0.4046 0.7653 0.1811, 0.4004 0.779 0.1811, 0.3832 0.7853 0.1811, -0.4651 0.7275 0.1811, -0.4362 0.7485 0.1811, -0.4157 0.769 0.1811, -0.4046 0.7653 0.1811, -0.4004 0.779 0.1811, -0.3832 0.7853 0.1811, -0.3711 0.7775 0.1811, -0.365 0.7874 0.1811, -0.3362 0.7849 0.1811, -0.3006 0.7874 0.1811
            ]
        }
        coordIndex [
            0,1,2,-1,2,1,3,-1,3,1,4,-1,4,1,5,-1,4,5,6,-1,6,5,7,-1,7,5,8,-1,7,8,9,-1,9,8,10,-1,9,10,11,-1,11,10,12,-1,11,12,13,-1,14,15,16,-1,16,15,17,-1,16,17,13,-1,13,17,18,-1,13,18,11,-1,19,20,21,-1,21,20,22,-1,21,22,23,-1,23,22,24,-1,24,22,25,-1,24,25,26,-1,26,25,27,-1,26,27,28,-1,29,30,31,-1,31,30,32,-1,31,32,33,-1,33,32,34,-1,34,32,35,-1,34,35,36,-1,36,35,37,-1,36,37,38,-1,39,40,41,-1,42,43,44,-1,44,43,45,-1,44,45,46,-1,45,47,46,-1,46,47,48,-1,46,48,49,-1,49,48,50,-1,49,50,51,-1,51,50,52,-1,51,52,53,-1,53,52,54,-1,53,54,55,-1,55,54,56,-1,55,56,41,-1,41,56,57,-1,41,57,39,-1,58,59,60,-1,61,62,60,-1,60,62,63,-1,60,63,58,-1,64,65,66,-1,67,68,69,-1,69,68,70,-1,69,70,66,-1,66,70,71,-1,66,71,64,-1,65,64,72,-1,72,64,73,-1,72,73,74,-1,74,73,75,-1,74,75,61,-1,61,75,76,-1,61,76,62,-1,77,78,79,-1,79,78,80,-1,79,80,81,-1,81,80,82,-1,82,80,83,-1,82,83,84,-1,84,83,85,-1,84,85,86,-1,87,88,89,-1,89,88,90,-1,89,90,91,-1,91,90,92,-1,92,90,93,-1,92,93,94,-1,94,93,95,-1,94,95,96,-1,97,98,99,-1,99,98,100,-1,99,100,101,-1,102,103,104,-1,104,103,105,-1,104,105,106,-1,106,105,107,-1,106,107,108,-1,108,107,109,-1,108,109,110,-1,110,109,111,-1,97,99,112,-1,112,99,113,-1,112,113,102,-1,102,113,114,-1,102,114,103,-1,109,115,111,-1,111,115,116,-1,111,116,117,-1,117,116,118,-1,117,118,119,-1,120,121,122,-1,123,124,125,-1,125,124,126,-1,120,122,127,-1,127,122,128,-1,127,128,126,-1,126,128,129,-1,126,129,125,-1,130,131,132,-1,132,131,133,-1,132,133,134,-1,134,133,135,-1,135,133,136,-1,135,136,137,-1,137,136,138,-1,137,138,139,-1,140,141,142,-1,142,141,143,-1,142,143,144,-1,145,146,147,-1,148,149,150,-1,150,149,151,-1,150,151,152,-1,148,153,149,-1,149,153,144,-1,149,144,154,-1,154,144,143,-1,147,155,145,-1,145,155,156,-1,145,156,157,-1,157,156,158,-1,157,158,159,-1,159,158,160,-1,159,160,161,-1,161,160,152,-1,161,152,162,-1,162,152,151,-1,163,164,165,-1,166,167,168,-1,168,167,169,-1,163,165,170,-1,170,165,171,-1,170,171,166,-1,166,171,172,-1,166,172,167,-1,173,174,175,-1,175,174,176,-1,175,176,177,-1,177,176,178,-1,178,176,179,-1,178,179,180,-1,180,179,181,-1,180,181,182,-1,
        ]
    }
}
Shape{
    appearance Appearance {
        material  Material 	{
            diffuseColor 0.4392156862745098 0.4392156862745098 0.4392156862745098
            specularColor 0.2196078431372549 0.2196078431372549 0.2196078431372549
            ambientIntensity 0.4392
            transparency 0.0
            shininess 0.5
        }
    }
    geometry IndexedFaceSet {
        ccw TRUE
        solid FALSE
        coord DEF co Coordinate {
            point [
                0.7874 0.5512 0.0433, 0.7874 0.5512 0.1811, 0.7874 0.4134 0.1811, 0.7874 -0.5512 0.0433, 0.7874 -0.4134 0.1811, 0.7874 -0.5512 0.1811, -0.7874 -0.5512 0.0433, -0.7874 -0.5512 0.1811, -0.7874 -0.4134 0.1811, -0.7874 0.5512 0.0433, -0.7874 0.4134 0.1811, -0.7874 0.5512 0.1811, -0.365 -0.7874 0.1811, -0.365 -0.7874 0.0433, -0.3006 -0.7874 0.1811, 0.365 -0.7874 0.0433, 0.3006 -0.7874 0.1811, 0.365 -0.7874 0.1811, 0.5125 0.6877 0.1811, 0.5125 0.6877 0.0723, 0.4651 0.7275 0.1811, 0.4573 0.734 0.0433, 0.4157 0.769 0.1811, 0.4157 0.769 0.0433, 0.4157 -0.769 0.1811, 0.4157 -0.769 0.0433, 0.4651 -0.7276 0.1811, 0.4573 -0.7341 0.0433, 0.5125 -0.6877 0.1811, 0.5125 -0.6877 0.0723, 0.6303 -0.6693 0.0433, 0.6693 -0.6693 0.0433, 0.5796 -0.6693 0.0726, 0.6693 -0.6693 0.1811, 0.5631 -0.6693 0.0797, 0.5631 -0.6693 0.1811, -0.5125 -0.6877 0.1811, -0.5125 -0.6877 0.0723, -0.4651 -0.7276 0.1811, -0.4573 -0.734 0.0433, -0.4157 -0.769 0.1811, -0.4157 -0.769 0.0433, -0.5631 -0.6693 0.0797, -0.5631 -0.6693 0.1811, -0.5796 -0.6693 0.0726, -0.6693 -0.6693 0.1811, -0.6303 -0.6693 0.0433, -0.6693 -0.6693 0.0433, -0.4157 0.769 0.1811, -0.4157 0.769 0.0433, -0.4651 0.7275 0.1811, -0.4573 0.734 0.0433, -0.5125 0.6877 0.1811, -0.5125 0.6877 0.0723
            ]
        }
        coordIndex [
            0,1,2,-1,0,2,3,-1,3,2,4,-1,3,4,5,-1,6,7,8,-1,6,8,9,-1,9,8,10,-1,9,10,11,-1,12,13,14,-1,14,13,15,-1,14,15,16,-1,16,15,17,-1,18,19,20,-1,20,19,21,-1,20,21,22,-1,22,21,23,-1,24,25,26,-1,26,25,27,-1,26,27,28,-1,28,27,29,-1,30,31,32,-1,32,31,33,-1,32,33,34,-1,34,33,35,-1,36,37,38,-1,38,37,39,-1,38,39,40,-1,40,39,41,-1,42,43,44,-1,44,43,45,-1,44,45,46,-1,46,45,47,-1,48,49,50,-1,50,49,51,-1,50,51,52,-1,52,51,53,-1,
        ]
    }
}
Shape{
    appearance Appearance {
        material  Material 	{
            diffuseColor 0.2235294117647059 0.2235294117647059 0.2235294117647059
            specularColor 0.11372549019607843 0.11372549019607843 0.11372549019607843
            ambientIntensity 0.2235
            transparency 0.0
            shininess 0.5
        }
    }
    geometry IndexedFaceSet {
        ccw TRUE
        solid FALSE
        coord DEF co Coordinate {
            point [
                -0.4514 0.5591 0.3189, -0.4514 0.5591 0.4764, -0.3765 0.622 0.3189, -0.3765 0.622 0.4764, -0.5315 0.5315 0.3189, -0.5315 0.5315 0.4764, -0.5273 0.5315 0.3189, -0.5273 0.5315 0.4764, -0.6496 0.4134 0.4821, -0.6496 0.4134 0.3189, -0.6496 -0.4134 0.4821, -0.6496 -0.4134 0.3189, -0.5273 -0.5315 0.3189, -0.5273 -0.5315 0.4764, -0.5315 -0.5315 0.3189, -0.5315 -0.5315 0.4764, -0.3765 -0.622 0.3189, -0.3765 -0.622 0.4764, -0.4514 -0.5591 0.3189, -0.4514 -0.5591 0.4764, 0.3006 -0.6496 0.3189, 0.3006 -0.6496 0.4764, -0.3006 -0.6496 0.3189, -0.3006 -0.6496 0.4764, 0.4514 -0.5591 0.3189, 0.4514 -0.5591 0.4764, 0.3765 -0.622 0.3189, 0.3765 -0.622 0.4764, 0.5315 -0.5315 0.3189, 0.5315 -0.5315 0.4764, 0.5273 -0.5315 0.3189, 0.5273 -0.5315 0.4764, 0.6496 0.4134 0.3189, 0.6496 0.4134 0.4821, 0.6496 -0.4134 0.3189, 0.6496 -0.4134 0.4821, 0.5273 0.5315 0.3189, 0.5273 0.5315 0.4764, 0.5315 0.5315 0.3189, 0.5315 0.5315 0.4764, 0.3765 0.622 0.3189, 0.3765 0.622 0.4764, 0.4514 0.5591 0.3189, 0.4514 0.5591 0.4764, -0.3006 0.6496 0.3189, -0.3006 0.6496 0.4764, 0.3006 0.6496 0.3189, 0.3006 0.6496 0.4764, -0.5278 0.6776 0.6142, -0.5125 0.6877 0.6142, -0.5345 0.6693 0.6142, -0.748 0.5497 0.6142, -0.748 0.5512 0.6142, -0.7262 0.5794 0.6142, -0.744 0.5817 0.6142, -0.7003 0.6057 0.6142, -0.7322 0.6102 0.6142, -0.7134 0.6347 0.6142, -0.671 0.6279 0.6142, -0.689 0.6534 0.6142, -0.6387 0.6457 0.6142, -0.6605 0.6652 0.6142, -0.6042 0.6587 0.6142, -0.6299 0.6693 0.6142, -0.5682 0.6666 0.6142, -0.5631 0.6693 0.6142, -0.545 0.6714 0.6142
            ]
        }
        coordIndex [
            0,1,2,-1,2,1,3,-1,4,5,6,-1,6,5,7,-1,8,9,10,-1,10,9,11,-1,12,13,14,-1,14,13,15,-1,16,17,18,-1,18,17,19,-1,20,21,22,-1,22,21,23,-1,24,25,26,-1,26,25,27,-1,28,29,30,-1,30,29,31,-1,32,33,34,-1,34,33,35,-1,36,37,38,-1,38,37,39,-1,40,41,42,-1,42,41,43,-1,44,45,46,-1,46,45,47,-1,48,49,50,-1,51,52,53,-1,53,52,54,-1,53,54,55,-1,54,56,55,-1,55,56,57,-1,55,57,58,-1,58,57,59,-1,58,59,60,-1,60,59,61,-1,60,61,62,-1,62,61,63,-1,62,63,64,-1,64,63,65,-1,64,65,50,-1,50,65,66,-1,50,66,48,-1,
        ]
    }
}
Shape{
    appearance Appearance {
        material  Material 	{
            diffuseColor 0.4392156862745098 0.4392156862745098 0.4392156862745098
            specularColor 0.2196078431372549 0.2196078431372549 0.2196078431372549
            ambientIntensity 0.4392
            transparency 0.0
            shininess 0.5
        }
    }
    geometry IndexedFaceSet {
        ccw TRUE
        solid FALSE
        coord DEF co Coordinate {
            point [
                0.4872 -0.6576 0.7913, 0.5101 -0.6425 0.7913, -0.365 0.748 0.7913, -0.4872 0.6575 0.7913, -0.5101 0.6425 0.7913, -0.5359 -0.6331 0.7913, -0.5101 -0.6425 0.7913, 0.5359 0.6331 0.7913, 0.5101 0.6425 0.7913, -0.3903 0.7388 0.7913, 0.6299 0.6299 0.7913, 0.5631 0.6299 0.7913, 0.7087 0.5512 0.7913, -0.6299 -0.6299 0.7913, -0.5631 -0.6299 0.7913, -0.7087 -0.5512 0.7913, 0.7087 -0.5512 0.7913, -0.3741 0.747 0.7913, -0.3827 0.7438 0.7913, -0.7087 0.5512 0.7913, 0.4872 0.6575 0.7913, 0.3903 0.7388 0.7913, 0.3827 0.7438 0.7913, 0.3741 0.747 0.7913, 0.365 0.748 0.7913, -0.4872 -0.6576 0.7913, -0.3903 -0.7388 0.7913, -0.3827 -0.7439 0.7913, 0.365 -0.7481 0.7913, 0.3741 -0.747 0.7913, 0.5359 -0.6331 0.7913, 0.5631 -0.6299 0.7913, 0.6299 -0.6299 0.7913, -0.5359 0.6331 0.7913, -0.5631 0.6299 0.7913, -0.6299 0.6299 0.7913, -0.6981 -0.5906 0.7913, -0.6856 -0.6069 0.7913, -0.6693 -0.6194 0.7913, -0.3741 -0.747 0.7913, -0.365 -0.7481 0.7913, 0.3827 -0.7439 0.7913, 0.3903 -0.7388 0.7913, 0.6981 0.5905 0.7913, 0.6856 0.6068 0.7913, 0.6693 0.6194 0.7913, -0.706 -0.5716 0.7913, -0.6503 -0.6273 0.7913, 0.6693 -0.6194 0.7913, 0.6856 -0.6069 0.7913, 0.6981 -0.5906 0.7913, 0.706 0.5715 0.7913, 0.6503 0.6272 0.7913, -0.6693 0.6194 0.7913, -0.6856 0.6068 0.7913, -0.6981 0.5905 0.7913, 0.6503 -0.6273 0.7913, 0.706 -0.5716 0.7913, -0.6503 0.6272 0.7913, -0.706 0.5715 0.7913, 0.5631 -0.6693 0.752, 0.5631 -0.6693 0.6142, 0.6299 -0.6693 0.752, 0.6299 -0.6693 0.6142, 0.5125 -0.6877 0.6142, 0.5125 -0.6877 0.752, 0.4651 -0.7276 0.6142, 0.4157 -0.769 0.752, 0.4157 -0.769 0.6142, -0.6299 -0.6693 0.752, -0.6299 -0.6693 0.6142, -0.5631 -0.6693 0.752, -0.5631 -0.6693 0.6142, -0.4157 -0.769 0.6142, -0.4157 -0.769 0.752, -0.4651 -0.7276 0.6142, -0.5125 -0.6877 0.752, -0.5125 -0.6877 0.6142, 0.3006 -0.7874 0.6142, 0.365 -0.7874 0.6142, 0.365 -0.7874 0.752, -0.3006 -0.7874 0.6142, -0.365 -0.7874 0.752, -0.365 -0.7874 0.6142, -0.5125 0.6877 0.6142, -0.5125 0.6877 0.752, -0.4651 0.7275 0.6142, -0.4157 0.769 0.752, -0.4157 0.769 0.6142, -0.5631 0.6693 0.752, -0.5631 0.6693 0.6142, -0.6299 0.6693 0.752, -0.6299 0.6693 0.6142, -0.748 0.5512 0.6142, -0.748 0.5497 0.6142, -0.748 0.5512 0.752, -0.748 0.5429 0.6142, -0.748 -0.4855 0.6142, -0.748 -0.5041 0.6142, -0.748 -0.5512 0.752, -0.748 -0.5222 0.6142, -0.748 -0.5263 0.6142, -0.748 -0.5429 0.6142, -0.748 -0.5498 0.6142, -0.748 -0.5512 0.6142, -0.748 0.5263 0.6142, -0.748 0.5221 0.6142, -0.748 0.5041 0.6142, -0.748 0.4855 0.6142, -0.748 0.4664 0.6142, -0.748 0.4469 0.6142, -0.748 0.4326 0.6142, -0.748 0.4134 0.6142, -0.748 -0.4134 0.6142, -0.748 -0.4326 0.6142, -0.748 -0.4469 0.6142, -0.748 -0.4664 0.6142, 0.6299 0.6693 0.752, 0.6299 0.6693 0.6142, 0.5631 0.6693 0.752, 0.5631 0.6693 0.6142, 0.4157 0.769 0.6142, 0.4157 0.769 0.752, 0.4651 0.7275 0.6142, 0.5125 0.6877 0.752, 0.5125 0.6877 0.6142, -0.3006 0.7874 0.6142, -0.365 0.7874 0.6142, -0.365 0.7874 0.752, 0.3006 0.7874 0.6142, 0.365 0.7874 0.752, 0.365 0.7874 0.6142, 0.748 -0.5512 0.6142, 0.748 -0.5498 0.6142, 0.748 -0.5512 0.752, 0.748 -0.5429 0.6142, 0.748 0.4855 0.6142, 0.748 0.5041 0.6142, 0.748 0.5512 0.752, 0.748 0.5221 0.6142, 0.748 0.5263 0.6142, 0.748 0.5429 0.6142, 0.748 0.5497 0.6142, 0.748 0.5512 0.6142, 0.748 -0.5263 0.6142, 0.748 -0.5222 0.6142, 0.748 -0.5041 0.6142, 0.748 -0.4855 0.6142, 0.748 -0.4664 0.6142, 0.748 -0.4469 0.6142, 0.748 -0.4326 0.6142, 0.748 -0.4134 0.6142, 0.748 0.4134 0.6142, 0.748 0.4326 0.6142, 0.748 0.4469 0.6142, 0.748 0.4664 0.6142
            ]
        }
        coordIndex [
            0,1,2,-1,3,4,5,-1,2,5,6,-1,1,7,8,-1,3,5,9,-1,10,11,12,-1,13,14,15,-1,12,11,16,-1,2,17,5,-1,5,17,18,-1,5,18,9,-1,15,14,19,-1,8,20,1,-1,1,20,21,-1,1,21,22,-1,22,23,1,-1,1,23,24,-1,1,24,2,-1,6,25,2,-1,2,25,26,-1,2,26,27,-1,2,28,29,-1,1,30,7,-1,7,30,31,-1,7,31,11,-1,11,31,32,-1,11,32,16,-1,4,33,5,-1,5,33,34,-1,5,34,14,-1,14,34,35,-1,14,35,19,-1,36,37,38,-1,27,39,2,-1,2,39,40,-1,2,40,28,-1,29,41,2,-1,2,41,42,-1,2,42,0,-1,43,44,45,-1,15,46,13,-1,13,46,36,-1,13,36,47,-1,47,36,38,-1,48,49,50,-1,12,51,10,-1,10,51,43,-1,10,43,52,-1,52,43,45,-1,53,54,55,-1,32,56,16,-1,16,56,48,-1,16,48,57,-1,57,48,50,-1,35,58,19,-1,19,58,53,-1,19,53,59,-1,59,53,55,-1,60,61,62,-1,62,61,63,-1,64,65,66,-1,66,65,67,-1,66,67,68,-1,69,70,71,-1,71,70,72,-1,73,74,75,-1,75,74,76,-1,75,76,77,-1,78,79,80,-1,78,80,81,-1,81,80,82,-1,81,82,83,-1,84,85,86,-1,86,85,87,-1,86,87,88,-1,89,90,91,-1,91,90,92,-1,93,94,95,-1,95,94,96,-1,97,98,99,-1,99,98,100,-1,99,100,101,-1,101,102,99,-1,99,102,103,-1,99,103,104,-1,96,105,95,-1,95,105,106,-1,95,106,107,-1,107,108,95,-1,95,108,109,-1,95,109,110,-1,110,111,95,-1,95,111,112,-1,95,112,99,-1,99,112,113,-1,99,113,114,-1,114,115,99,-1,99,115,116,-1,99,116,97,-1,117,118,119,-1,119,118,120,-1,121,122,123,-1,123,122,124,-1,123,124,125,-1,126,127,128,-1,126,128,129,-1,129,128,130,-1,129,130,131,-1,132,133,134,-1,134,133,135,-1,136,137,138,-1,138,137,139,-1,138,139,140,-1,140,141,138,-1,138,141,142,-1,138,142,143,-1,135,144,134,-1,134,144,145,-1,134,145,146,-1,146,147,134,-1,134,147,148,-1,134,148,149,-1,149,150,134,-1,134,150,151,-1,134,151,138,-1,138,151,152,-1,138,152,153,-1,153,154,138,-1,138,154,155,-1,138,155,136,-1,
        ]
    }
}
Shape{
    appearance Appearance {
        material  Material 	{
            diffuseColor 0.2235294117647059 0.2235294117647059 0.2235294117647059
            specularColor 0.11372549019607843 0.11372549019607843 0.11372549019607843
            ambientIntensity 0.2235
            transparency 0.0
            shininess 0.5
        }
    }
    geometry IndexedFaceSet {
        ccw TRUE
        solid FALSE
        coord DEF co Coordinate {
            point [
                -0.5273 0.5315 0.3189, -0.5273 0.5315 0.4764, -0.5001 0.5347 0.3189, -0.5001 0.5347 0.4764, -0.4743 0.544 0.3189, -0.4743 0.544 0.4764, -0.4514 0.5591 0.3189, -0.4514 0.5591 0.4764, -0.3006 0.6496 0.4764, -0.3006 0.6496 0.3189, -0.317 0.6484 0.4764, -0.317 0.6484 0.3189, -0.3277 0.6462 0.4764, -0.3277 0.6462 0.3189, -0.3331 0.645 0.4764, -0.3331 0.645 0.3189, -0.3486 0.6394 0.4764, -0.3486 0.6394 0.3189, -0.3534 0.6368 0.4764, -0.3534 0.6368 0.3189, -0.3631 0.6316 0.4764, -0.3631 0.6316 0.3189, -0.3765 0.622 0.4764, -0.3765 0.622 0.3189, 0.3765 0.622 0.4764, 0.3765 0.622 0.3189, 0.3631 0.6316 0.4764, 0.3631 0.6316 0.3189, 0.3534 0.6368 0.4764, 0.3534 0.6368 0.3189, 0.3486 0.6394 0.4764, 0.3486 0.6394 0.3189, 0.3331 0.645 0.4764, 0.3331 0.645 0.3189, 0.3277 0.6462 0.4764, 0.3277 0.6462 0.3189, 0.317 0.6484 0.4764, 0.317 0.6484 0.3189, 0.3006 0.6496 0.4764, 0.3006 0.6496 0.3189, 0.4514 0.5591 0.3189, 0.4514 0.5591 0.4764, 0.4743 0.544 0.3189, 0.4743 0.544 0.4764, 0.5001 0.5347 0.3189, 0.5001 0.5347 0.4764, 0.5273 0.5315 0.3189, 0.5273 0.5315 0.4764, 0.6496 0.4134 0.4821, 0.6496 0.4134 0.3189, 0.6493 0.4222 0.4819, 0.6484 0.4302 0.3189, 0.6448 0.4467 0.4795, 0.6455 0.4439 0.4798, 0.6454 0.4439 0.3189, 0.647 0.4378 0.4806, 0.6486 0.4288 0.4815, 0.6335 0.4723 0.3189, 0.6338 0.4724 0.4765, 0.6389 0.4624 0.3189, 0.6375 0.4655 0.477, 0.6448 0.4466 0.3189, 0.6384 0.4636 0.4772, 0.6419 0.4552 0.4783, 0.5315 0.5315 0.3189, 0.5315 0.5315 0.4764, 0.5483 0.5303 0.3189, 0.5485 0.5303 0.4764, 0.562 0.5273 0.3189, 0.562 0.5273 0.4764, 0.5648 0.5267 0.3189, 0.5651 0.5266 0.4764, 0.5806 0.5208 0.3189, 0.581 0.5206 0.4764, 0.5904 0.5154 0.3189, 0.5904 0.5154 0.4764, 0.5954 0.5127 0.3189, 0.5959 0.5124 0.4764, 0.6088 0.5026 0.3189, 0.6094 0.5021 0.4764, 0.6148 0.4967 0.3189, 0.6148 0.4967 0.4764, 0.6208 0.4907 0.3189, 0.6214 0.49 0.4764, 0.6309 0.4772 0.3189, 0.6314 0.4763 0.4764, 0.6334 0.4731 0.4764, 0.6455 -0.444 0.4798, 0.6448 -0.4467 0.4795, 0.6454 -0.4439 0.3189, 0.6419 -0.4553 0.4783, 0.6448 -0.4467 0.3189, 0.6384 -0.4636 0.4772, 0.6375 -0.4655 0.477, 0.6389 -0.4625 0.3189, 0.6338 -0.4724 0.4765, 0.6335 -0.4723 0.3189, 0.6334 -0.4732 0.4764, 0.6309 -0.4773 0.3189, 0.6314 -0.4764 0.4764, 0.6208 -0.4908 0.3189, 0.6214 -0.4901 0.4764, 0.6148 -0.4967 0.3189, 0.6148 -0.4967 0.4764, 0.6088 -0.5027 0.3189, 0.6094 -0.5022 0.4764, 0.5954 -0.5128 0.3189, 0.5959 -0.5124 0.4764, 0.5904 -0.5155 0.3189, 0.5904 -0.5154 0.4764, 0.5806 -0.5208 0.3189, 0.581 -0.5206 0.4764, 0.5648 -0.5267 0.3189, 0.5651 -0.5266 0.4764, 0.562 -0.5273 0.3189, 0.562 -0.5273 0.4764, 0.5483 -0.5303 0.3189, 0.5485 -0.5303 0.4764, 0.5315 -0.5315 0.3189, 0.5315 -0.5315 0.4764, 0.647 -0.4379 0.4806, 0.6484 -0.4302 0.3189, 0.6486 -0.4289 0.4815, 0.6493 -0.4223 0.4819, 0.6496 -0.4134 0.3189, 0.6496 -0.4134 0.4821, 0.5273 -0.5315 0.3189, 0.5273 -0.5315 0.4764, 0.5001 -0.5347 0.3189, 0.5001 -0.5347 0.4764, 0.4743 -0.5441 0.3189, 0.4743 -0.5441 0.4764, 0.4514 -0.5591 0.3189, 0.4514 -0.5591 0.4764, 0.3765 -0.622 0.3189, 0.3765 -0.622 0.4764, 0.3631 -0.6317 0.3189, 0.3631 -0.6317 0.4764, 0.3534 -0.6368 0.3189, 0.3534 -0.6368 0.4764, 0.3486 -0.6394 0.3189, 0.3486 -0.6394 0.4764, 0.3331 -0.6451 0.3189, 0.3331 -0.6451 0.4764, 0.3277 -0.6462 0.3189, 0.3277 -0.6462 0.4764, 0.317 -0.6485 0.3189, 0.317 -0.6485 0.4764, 0.3006 -0.6496 0.3189, 0.3006 -0.6496 0.4764, -0.4514 -0.5591 0.3189, -0.4514 -0.5591 0.4764, -0.4743 -0.5441 0.3189, -0.4743 -0.5441 0.4764, -0.5001 -0.5347 0.3189, -0.5001 -0.5347 0.4764, -0.5273 -0.5315 0.3189, -0.5273 -0.5315 0.4764, -0.6455 0.4439 0.4798, -0.6448 0.4467 0.4795, -0.6454 0.4439 0.3189, -0.6419 0.4552 0.4783, -0.6448 0.4466 0.3189, -0.6384 0.4636 0.4772, -0.6375 0.4655 0.477, -0.6389 0.4624 0.3189, -0.6338 0.4724 0.4765, -0.6335 0.4723 0.3189, -0.6334 0.4731 0.4764, -0.6309 0.4772 0.3189, -0.6314 0.4763 0.4764, -0.6208 0.4907 0.3189, -0.6214 0.49 0.4764, -0.6148 0.4967 0.3189, -0.6148 0.4967 0.4764, -0.6088 0.5026 0.3189, -0.6094 0.5021 0.4764, -0.5954 0.5127 0.3189, -0.5959 0.5124 0.4764, -0.5904 0.5154 0.3189, -0.5904 0.5154 0.4764, -0.5806 0.5208 0.3189, -0.581 0.5206 0.4764, -0.5648 0.5267 0.3189, -0.5651 0.5266 0.4764, -0.562 0.5273 0.3189, -0.562 0.5273 0.4764, -0.5483 0.5303 0.3189, -0.5485 0.5303 0.4764, -0.5315 0.5315 0.3189, -0.5315 0.5315 0.4764, -0.647 0.4378 0.4806, -0.6484 0.4302 0.3189, -0.6486 0.4288 0.4815, -0.6493 0.4222 0.4819, -0.6496 0.4134 0.3189, -0.6496 0.4134 0.4821, -0.3765 -0.622 0.4764, -0.3765 -0.622 0.3189, -0.3631 -0.6317 0.4764, -0.3631 -0.6317 0.3189, -0.3534 -0.6368 0.4764, -0.3534 -0.6368 0.3189, -0.3486 -0.6394 0.4764, -0.3486 -0.6394 0.3189, -0.3331 -0.6451 0.4764, -0.3331 -0.6451 0.3189, -0.3277 -0.6462 0.4764, -0.3277 -0.6462 0.3189, -0.317 -0.6485 0.4764, -0.317 -0.6485 0.3189, -0.3006 -0.6496 0.4764, -0.3006 -0.6496 0.3189, -0.6496 -0.4134 0.4821, -0.6496 -0.4134 0.3189, -0.6493 -0.4223 0.4819, -0.6484 -0.4302 0.3189, -0.6448 -0.4467 0.4795, -0.6455 -0.444 0.4798, -0.6454 -0.4439 0.3189, -0.647 -0.4379 0.4806, -0.6486 -0.4289 0.4815, -0.6335 -0.4723 0.3189, -0.6338 -0.4724 0.4765, -0.6389 -0.4625 0.3189, -0.6375 -0.4655 0.477, -0.6448 -0.4467 0.3189, -0.6384 -0.4636 0.4772, -0.6419 -0.4553 0.4783, -0.5315 -0.5315 0.3189, -0.5315 -0.5315 0.4764, -0.5483 -0.5303 0.3189, -0.5485 -0.5303 0.4764, -0.562 -0.5273 0.3189, -0.562 -0.5273 0.4764, -0.5648 -0.5267 0.3189, -0.5651 -0.5266 0.4764, -0.5806 -0.5208 0.3189, -0.581 -0.5206 0.4764, -0.5904 -0.5155 0.3189, -0.5904 -0.5154 0.4764, -0.5954 -0.5128 0.3189, -0.5959 -0.5124 0.4764, -0.6088 -0.5027 0.3189, -0.6094 -0.5022 0.4764, -0.6148 -0.4967 0.3189, -0.6148 -0.4967 0.4764, -0.6208 -0.4908 0.3189, -0.6214 -0.4901 0.4764, -0.6309 -0.4773 0.3189, -0.6314 -0.4764 0.4764, -0.6334 -0.4732 0.4764
            ]
        }
        coordIndex [
            0,1,2,-1,2,1,3,-1,2,3,4,-1,4,3,5,-1,4,5,6,-1,6,5,7,-1,8,9,10,-1,10,9,11,-1,10,11,12,-1,12,11,13,-1,12,13,14,-1,14,13,15,-1,14,15,16,-1,16,15,17,-1,16,17,18,-1,18,17,19,-1,18,19,20,-1,20,19,21,-1,20,21,22,-1,22,21,23,-1,24,25,26,-1,26,25,27,-1,26,27,28,-1,28,27,29,-1,28,29,30,-1,30,29,31,-1,30,31,32,-1,32,31,33,-1,32,33,34,-1,34,33,35,-1,34,35,36,-1,36,35,37,-1,36,37,38,-1,38,37,39,-1,40,41,42,-1,42,41,43,-1,42,43,44,-1,44,43,45,-1,44,45,46,-1,46,45,47,-1,48,49,50,-1,50,49,51,-1,52,53,54,-1,54,53,55,-1,54,55,51,-1,51,55,56,-1,51,56,50,-1,57,58,59,-1,59,58,60,-1,59,60,61,-1,61,60,62,-1,61,62,54,-1,54,62,63,-1,54,63,52,-1,64,65,66,-1,66,65,67,-1,66,67,68,-1,68,67,69,-1,68,69,70,-1,70,69,71,-1,70,71,72,-1,72,71,73,-1,72,73,74,-1,74,73,75,-1,74,75,76,-1,76,75,77,-1,76,77,78,-1,78,77,79,-1,78,79,80,-1,80,79,81,-1,80,81,82,-1,82,81,83,-1,82,83,84,-1,84,83,85,-1,84,85,57,-1,57,85,86,-1,57,86,58,-1,87,88,89,-1,89,88,90,-1,89,90,91,-1,90,92,91,-1,91,92,93,-1,91,93,94,-1,94,93,95,-1,94,95,96,-1,96,95,97,-1,96,97,98,-1,98,97,99,-1,98,99,100,-1,100,99,101,-1,100,101,102,-1,102,101,103,-1,102,103,104,-1,104,103,105,-1,104,105,106,-1,106,105,107,-1,106,107,108,-1,108,107,109,-1,108,109,110,-1,110,109,111,-1,110,111,112,-1,112,111,113,-1,112,113,114,-1,114,113,115,-1,114,115,116,-1,116,115,117,-1,116,117,118,-1,118,117,119,-1,87,89,120,-1,120,89,121,-1,120,121,122,-1,122,121,123,-1,123,121,124,-1,123,124,125,-1,126,127,128,-1,128,127,129,-1,128,129,130,-1,130,129,131,-1,130,131,132,-1,132,131,133,-1,134,135,136,-1,136,135,137,-1,136,137,138,-1,138,137,139,-1,138,139,140,-1,140,139,141,-1,140,141,142,-1,142,141,143,-1,142,143,144,-1,144,143,145,-1,144,145,146,-1,146,145,147,-1,146,147,148,-1,148,147,149,-1,150,151,152,-1,152,151,153,-1,152,153,154,-1,154,153,155,-1,154,155,156,-1,156,155,157,-1,158,159,160,-1,160,159,161,-1,160,161,162,-1,161,163,162,-1,162,163,164,-1,162,164,165,-1,165,164,166,-1,165,166,167,-1,167,166,168,-1,167,168,169,-1,169,168,170,-1,169,170,171,-1,171,170,172,-1,171,172,173,-1,173,172,174,-1,173,174,175,-1,175,174,176,-1,175,176,177,-1,177,176,178,-1,177,178,179,-1,179,178,180,-1,179,180,181,-1,181,180,182,-1,181,182,183,-1,183,182,184,-1,183,184,185,-1,185,184,186,-1,185,186,187,-1,187,186,188,-1,187,188,189,-1,189,188,190,-1,158,160,191,-1,191,160,192,-1,191,192,193,-1,193,192,194,-1,194,192,195,-1,194,195,196,-1,197,198,199,-1,199,198,200,-1,199,200,201,-1,201,200,202,-1,201,202,203,-1,203,202,204,-1,203,204,205,-1,205,204,206,-1,205,206,207,-1,207,206,208,-1,207,208,209,-1,209,208,210,-1,209,210,211,-1,211,210,212,-1,213,214,215,-1,215,214,216,-1,217,218,219,-1,219,218,220,-1,219,220,216,-1,216,220,221,-1,216,221,215,-1,222,223,224,-1,224,223,225,-1,224,225,226,-1,226,225,227,-1,226,227,219,-1,219,227,228,-1,219,228,217,-1,229,230,231,-1,231,230,232,-1,231,232,233,-1,233,232,234,-1,233,234,235,-1,235,234,236,-1,235,236,237,-1,237,236,238,-1,237,238,239,-1,239,238,240,-1,239,240,241,-1,241,240,242,-1,241,242,243,-1,243,242,244,-1,243,244,245,-1,245,244,246,-1,245,246,247,-1,247,246,248,-1,247,248,249,-1,249,248,250,-1,249,250,222,-1,222,250,251,-1,222,251,223,-1,
        ]
    }
}
Shape{
    appearance Appearance {
        material  Material 	{
            diffuseColor 0.4392156862745098 0.4392156862745098 0.4392156862745098
            specularColor 0.2196078431372549 0.2196078431372549 0.2196078431372549
            ambientIntensity 0.4392
            transparency 0.0
            shininess 0.5
        }
    }
    geometry IndexedFaceSet {
        ccw TRUE
        solid FALSE
        coord DEF co Coordinate {
            point [
                0.7874 0.5512 0.1811, 0.7874 0.5512 0.0433, 0.7834 0.5817 0.0433, 0.7834 0.5817 0.1811, 0.7716 0.6102 0.0433, 0.7716 0.6102 0.1811, 0.7528 0.6347 0.0433, 0.7528 0.6347 0.1811, 0.7283 0.6534 0.0433, 0.7283 0.6534 0.1811, 0.6999 0.6652 0.0433, 0.6999 0.6652 0.1811, 0.6693 0.6693 0.0433, 0.6693 0.6693 0.1811, 0.748 0.5512 0.752, 0.748 0.5512 0.6142, 0.744 0.5817 0.6142, 0.744 0.5817 0.752, 0.7322 0.6102 0.6142, 0.7322 0.6102 0.752, 0.7134 0.6347 0.6142, 0.7134 0.6347 0.752, 0.689 0.6534 0.6142, 0.689 0.6534 0.752, 0.6605 0.6652 0.6142, 0.6605 0.6652 0.752, 0.6299 0.6693 0.6142, 0.6299 0.6693 0.752, 0.6299 -0.6693 0.752, 0.6299 -0.6693 0.6142, 0.6605 -0.6653 0.6142, 0.6605 -0.6653 0.752, 0.689 -0.6535 0.6142, 0.689 -0.6535 0.752, 0.7134 -0.6347 0.6142, 0.7134 -0.6347 0.752, 0.7322 -0.6103 0.6142, 0.7322 -0.6103 0.752, 0.744 -0.5818 0.6142, 0.744 -0.5818 0.752, 0.748 -0.5512 0.6142, 0.748 -0.5512 0.752, 0.6693 -0.6693 0.1811, 0.6693 -0.6693 0.0433, 0.6999 -0.6653 0.0433, 0.6999 -0.6653 0.1811, 0.7283 -0.6535 0.0433, 0.7283 -0.6535 0.1811, 0.7528 -0.6347 0.0433, 0.7528 -0.6347 0.1811, 0.7716 -0.6103 0.0433, 0.7716 -0.6103 0.1811, 0.7834 -0.5818 0.0433, 0.7834 -0.5818 0.1811, 0.7874 -0.5512 0.0433, 0.7874 -0.5512 0.1811, -0.7874 -0.5512 0.1811, -0.7874 -0.5512 0.0433, -0.7834 -0.5818 0.0433, -0.7834 -0.5818 0.1811, -0.7716 -0.6103 0.0433, -0.7716 -0.6103 0.1811, -0.7528 -0.6347 0.0433, -0.7528 -0.6347 0.1811, -0.7283 -0.6535 0.0433, -0.7283 -0.6535 0.1811, -0.6999 -0.6653 0.0433, -0.6999 -0.6653 0.1811, -0.6693 -0.6693 0.0433, -0.6693 -0.6693 0.1811, -0.6693 0.6693 0.1811, -0.6693 0.6693 0.0433, -0.6999 0.6652 0.0433, -0.6999 0.6652 0.1811, -0.7283 0.6534 0.0433, -0.7283 0.6534 0.1811, -0.7528 0.6347 0.0433, -0.7528 0.6347 0.1811, -0.7716 0.6102 0.0433, -0.7716 0.6102 0.1811, -0.7834 0.5817 0.0433, -0.7834 0.5817 0.1811, -0.7874 0.5512 0.0433, -0.7874 0.5512 0.1811, -0.6299 0.6693 0.752, -0.6299 0.6693 0.6142, -0.6605 0.6652 0.6142, -0.6605 0.6652 0.752, -0.689 0.6534 0.6142, -0.689 0.6534 0.752, -0.7134 0.6347 0.6142, -0.7134 0.6347 0.752, -0.7322 0.6102 0.6142, -0.7322 0.6102 0.752, -0.744 0.5817 0.6142, -0.744 0.5817 0.752, -0.748 0.5512 0.6142, -0.748 0.5512 0.752, -0.748 -0.5512 0.752, -0.748 -0.5512 0.6142, -0.744 -0.5818 0.6142, -0.744 -0.5818 0.752, -0.7322 -0.6103 0.6142, -0.7322 -0.6103 0.752, -0.7134 -0.6347 0.6142, -0.7134 -0.6347 0.752, -0.689 -0.6535 0.6142, -0.689 -0.6535 0.752, -0.6605 -0.6653 0.6142, -0.6605 -0.6653 0.752, -0.6299 -0.6693 0.6142, -0.6299 -0.6693 0.752, -0.365 0.7874 0.1811, -0.365 0.7874 0.0433, -0.3832 0.7853 0.0433, -0.3832 0.7853 0.1811, -0.4004 0.779 0.0433, -0.4004 0.779 0.1811, -0.4157 0.769 0.0433, -0.4157 0.769 0.1811, 0.4157 0.769 0.1811, 0.4157 0.769 0.0433, 0.4004 0.779 0.0433, 0.4004 0.779 0.1811, 0.3832 0.7853 0.0433, 0.3832 0.7853 0.1811, 0.365 0.7874 0.0433, 0.365 0.7874 0.1811, 0.5492 -0.6707 0.0828, 0.5568 -0.6696 0.0817, 0.5631 -0.6693 0.1811, 0.5573 -0.6695 0.0816, 0.5631 -0.6693 0.0797, 0.5332 -0.6754 0.0817, 0.5357 -0.6742 0.0824, 0.527 -0.6781 0.1811, 0.5417 -0.6725 0.0828, 0.5459 -0.6712 0.1811, 0.5459 -0.6713 0.0831, 0.5462 -0.6711 0.0832, 0.5125 -0.6877 0.1811, 0.5125 -0.6877 0.0723, 0.5151 -0.6856 0.0741, 0.5248 -0.6793 0.0792, 0.5253 -0.679 0.0794, 0.527 -0.6782 0.0799, 0.365 -0.7874 0.1811, 0.365 -0.7874 0.0433, 0.3832 -0.7853 0.0433, 0.3832 -0.7853 0.1811, 0.4004 -0.779 0.0433, 0.4004 -0.779 0.1811, 0.4157 -0.769 0.0433, 0.4157 -0.769 0.1811, -0.4157 -0.769 0.1811, -0.4157 -0.769 0.0433, -0.4004 -0.779 0.0433, -0.4004 -0.779 0.1811, -0.3832 -0.7853 0.0433, -0.3832 -0.7853 0.1811, -0.365 -0.7874 0.0433, -0.365 -0.7874 0.1811, -0.5151 -0.6856 0.0741, -0.5125 -0.6877 0.0723, -0.5125 -0.6877 0.1811, -0.527 -0.6781 0.1811, -0.5271 -0.6783 0.0798, -0.5247 -0.6795 0.0789, -0.5221 -0.6808 0.078, -0.5459 -0.6712 0.1811, -0.5421 -0.6722 0.0831, -0.5392 -0.6732 0.0827, -0.5325 -0.6755 0.0817, -0.5321 -0.6757 0.0816, -0.5631 -0.6693 0.1811, -0.5631 -0.6693 0.0797, -0.555 -0.6699 0.0819, -0.5526 -0.67 0.0825, -0.547 -0.6712 0.0829, -0.5459 -0.6714 0.0829, -0.5631 0.6693 0.6142, -0.5631 0.6693 0.752, -0.545 0.6714 0.6142, -0.545 0.6714 0.752, -0.5278 0.6776 0.6142, -0.5278 0.6776 0.752, -0.5125 0.6877 0.6142, -0.5125 0.6877 0.752, -0.5125 -0.6877 0.6142, -0.5125 -0.6877 0.752, -0.5278 -0.6777 0.6142, -0.5278 -0.6777 0.752, -0.545 -0.6714 0.6142, -0.545 -0.6714 0.752, -0.5631 -0.6693 0.6142, -0.5631 -0.6693 0.752, -0.4157 -0.769 0.752, -0.4157 -0.769 0.6142, -0.4004 -0.779 0.6142, -0.4004 -0.779 0.752, -0.3832 -0.7853 0.6142, -0.3832 -0.7853 0.752, -0.365 -0.7874 0.6142, -0.365 -0.7874 0.752, 0.365 -0.7874 0.752, 0.365 -0.7874 0.6142, 0.3832 -0.7853 0.6142, 0.3832 -0.7853 0.752, 0.4004 -0.779 0.6142, 0.4004 -0.779 0.752, 0.4157 -0.769 0.6142, 0.4157 -0.769 0.752, 0.5631 -0.6693 0.6142, 0.5631 -0.6693 0.752, 0.545 -0.6714 0.6142, 0.545 -0.6714 0.752, 0.5278 -0.6777 0.6142, 0.5278 -0.6777 0.752, 0.5125 -0.6877 0.6142, 0.5125 -0.6877 0.752, 0.5125 0.6877 0.6142, 0.5125 0.6877 0.752, 0.5278 0.6776 0.6142, 0.5278 0.6776 0.752, 0.545 0.6714 0.6142, 0.545 0.6714 0.752, 0.5631 0.6693 0.6142, 0.5631 0.6693 0.752, 0.4157 0.769 0.752, 0.4157 0.769 0.6142, 0.4004 0.779 0.6142, 0.4004 0.779 0.752, 0.3832 0.7853 0.6142, 0.3832 0.7853 0.752, 0.365 0.7874 0.6142, 0.365 0.7874 0.752, -0.365 0.7874 0.752, -0.365 0.7874 0.6142, -0.3832 0.7853 0.6142, -0.3832 0.7853 0.752, -0.4004 0.779 0.6142, -0.4004 0.779 0.752, -0.4157 0.769 0.6142, -0.4157 0.769 0.752, 0.4573 -0.7341 0.0433, 0.4578 -0.7317 0.0418, 0.4147 -0.7679 0.0418, 0.6303 -0.6693 0.0433, 0.6693 -0.6678 0.0418, 0.6299 -0.6678 0.0418, 0.3997 -0.7777 0.0418, 0.3829 -0.7839 0.0418, 0.365 -0.786 0.0418, 0.7859 -0.5512 0.0418, 0.782 -0.5814 0.0418, 0.7703 -0.6095 0.0418, 0.7518 -0.6337 0.0418, 0.7276 -0.6522 0.0418, 0.6995 -0.6639 0.0418, 0.3558 -0.786 0.0418, -0.365 -0.786 0.0418, -0.3558 -0.786 0.0418, 0.3545 -0.7481 0.0039, -0.3545 -0.7481 0.0039, 0.7859 0.5512 0.0418, -0.3829 -0.7839 0.0418, -0.3997 -0.7777 0.0418, -0.4147 -0.7679 0.0418, 0.6693 0.6678 0.0418, 0.6995 0.6638 0.0418, 0.7276 0.6522 0.0418, 0.7518 0.6336 0.0418, 0.7703 0.6095 0.0418, 0.782 0.5814 0.0418, -0.4573 -0.734 0.0433, -0.4578 -0.7317 0.0418, 0.6303 0.6693 0.0433, 0.6298 0.6678 0.0418, -0.6303 -0.6693 0.0433, -0.6298 -0.6678 0.0418, -0.6693 -0.6678 0.0418, 0.4573 0.734 0.0433, 0.4147 0.7678 0.0418, 0.4578 0.7317 0.0418, -0.6995 -0.6639 0.0418, -0.7276 -0.6522 0.0418, -0.7518 -0.6337 0.0418, -0.7703 -0.6095 0.0418, -0.782 -0.5814 0.0418, -0.7859 -0.5512 0.0418, 0.365 0.7859 0.0418, 0.3829 0.7838 0.0418, 0.3997 0.7777 0.0418, -0.7859 0.5512 0.0418, 0.3558 0.7859 0.0418, -0.365 0.7859 0.0418, -0.3558 0.7859 0.0418, -0.2608 0.7874 0.0433, -0.3545 0.748 0.0039, -0.1324 0.7874 0.0433, -0.1079 0.7874 0.0433, -0.1 0.7874 0.0433, -0.0755 0.7874 0.0433, -0.0692 0.7874 0.0433, 0.3545 0.748 0.0039, -0.0574 0.7874 0.0433, -0.0527 0.7874 0.0433, -0.0353 0.7874 0.0433, -0.0338 0.7874 0.0433, -0.0086 0.7874 0.0433, -0.782 0.5814 0.0418, -0.7703 0.6095 0.0418, -0.7518 0.6336 0.0418, -0.7276 0.6522 0.0418, -0.6995 0.6638 0.0418, -0.6693 0.6678 0.0418, -0.4147 0.7678 0.0418, -0.3997 0.7777 0.0418, -0.3829 0.7838 0.0418, -0.6303 0.6693 0.0433, -0.6299 0.6678 0.0418, -0.4573 0.734 0.0433, -0.4578 0.7317 0.0418, 0.4872 0.6575 0.7913, 0.5101 0.6425 0.7913, 0.5359 0.6331 0.7913, 0.5631 0.6299 0.7913, 0.3903 0.7388 0.7913, 0.6299 0.6299 0.7913, 0.3827 0.7438 0.7913, 0.3741 0.747 0.7913, 0.365 0.748 0.7913, 0.7087 0.5512 0.7913, 0.706 0.5715 0.7913, 0.6981 0.5905 0.7913, 0.6856 0.6068 0.7913, 0.6693 0.6194 0.7913, 0.6503 0.6272 0.7913, -0.365 0.748 0.7913, 0.7087 -0.5512 0.7913, -0.3741 0.747 0.7913, -0.3827 0.7438 0.7913, -0.3903 0.7388 0.7913, 0.6299 -0.6299 0.7913, 0.6503 -0.6273 0.7913, 0.6693 -0.6194 0.7913, 0.6856 -0.6069 0.7913, 0.6981 -0.5906 0.7913, 0.706 -0.5716 0.7913, -0.4872 0.6575 0.7913, 0.5631 -0.6299 0.7913, -0.5631 0.6299 0.7913, -0.5359 0.6331 0.7913, -0.5101 0.6425 0.7913, 0.5359 -0.6331 0.7913, 0.5101 -0.6425 0.7913, 0.4872 -0.6576 0.7913, -0.6299 0.6299 0.7913, 0.3903 -0.7388 0.7913, -0.6503 0.6272 0.7913, -0.6693 0.6194 0.7913, -0.6856 0.6068 0.7913, -0.6981 0.5905 0.7913, -0.706 0.5715 0.7913, -0.7087 0.5512 0.7913, 0.365 -0.7481 0.7913, 0.3741 -0.747 0.7913, 0.3827 -0.7439 0.7913, -0.7087 -0.5512 0.7913, -0.365 -0.7481 0.7913, -0.706 -0.5716 0.7913, -0.6981 -0.5906 0.7913, -0.6856 -0.6069 0.7913, -0.6693 -0.6194 0.7913, -0.6503 -0.6273 0.7913, -0.6299 -0.6299 0.7913, -0.3903 -0.7388 0.7913, -0.3827 -0.7439 0.7913, -0.3741 -0.747 0.7913, -0.5631 -0.6299 0.7913, -0.4872 -0.6576 0.7913, -0.5101 -0.6425 0.7913, -0.5359 -0.6331 0.7913
            ]
        }
        coordIndex [
            0,1,2,-1,0,2,3,-1,3,2,4,-1,3,4,5,-1,5,4,6,-1,5,6,7,-1,7,6,8,-1,7,8,9,-1,9,8,10,-1,9,10,11,-1,11,10,12,-1,11,12,13,-1,14,15,16,-1,14,16,17,-1,17,16,18,-1,17,18,19,-1,19,18,20,-1,19,20,21,-1,21,20,22,-1,21,22,23,-1,23,22,24,-1,23,24,25,-1,25,24,26,-1,25,26,27,-1,28,29,30,-1,28,30,31,-1,31,30,32,-1,31,32,33,-1,33,32,34,-1,33,34,35,-1,35,34,36,-1,35,36,37,-1,37,36,38,-1,37,38,39,-1,39,38,40,-1,39,40,41,-1,42,43,44,-1,42,44,45,-1,45,44,46,-1,45,46,47,-1,47,46,48,-1,47,48,49,-1,49,48,50,-1,49,50,51,-1,51,50,52,-1,51,52,53,-1,53,52,54,-1,53,54,55,-1,56,57,58,-1,56,58,59,-1,59,58,60,-1,59,60,61,-1,61,60,62,-1,61,62,63,-1,63,62,64,-1,63,64,65,-1,65,64,66,-1,65,66,67,-1,67,66,68,-1,67,68,69,-1,70,71,72,-1,70,72,73,-1,73,72,74,-1,73,74,75,-1,75,74,76,-1,75,76,77,-1,77,76,78,-1,77,78,79,-1,79,78,80,-1,79,80,81,-1,81,80,82,-1,81,82,83,-1,84,85,86,-1,84,86,87,-1,87,86,88,-1,87,88,89,-1,89,88,90,-1,89,90,91,-1,91,90,92,-1,91,92,93,-1,93,92,94,-1,93,94,95,-1,95,94,96,-1,95,96,97,-1,98,99,100,-1,98,100,101,-1,101,100,102,-1,101,102,103,-1,103,102,104,-1,103,104,105,-1,105,104,106,-1,105,106,107,-1,107,106,108,-1,107,108,109,-1,109,108,110,-1,109,110,111,-1,112,113,114,-1,112,114,115,-1,115,114,116,-1,115,116,117,-1,117,116,118,-1,117,118,119,-1,120,121,122,-1,120,122,123,-1,123,122,124,-1,123,124,125,-1,125,124,126,-1,125,126,127,-1,128,129,130,-1,130,129,131,-1,130,131,132,-1,133,134,135,-1,135,134,136,-1,135,136,137,-1,137,136,138,-1,137,138,130,-1,130,138,139,-1,130,139,128,-1,140,141,142,-1,142,143,140,-1,140,143,144,-1,140,144,135,-1,135,144,145,-1,135,145,133,-1,146,147,148,-1,146,148,149,-1,149,148,150,-1,149,150,151,-1,151,150,152,-1,151,152,153,-1,154,155,156,-1,154,156,157,-1,157,156,158,-1,157,158,159,-1,159,158,160,-1,159,160,161,-1,162,163,164,-1,165,166,167,-1,165,167,164,-1,164,167,168,-1,164,168,162,-1,169,170,165,-1,165,170,171,-1,171,172,165,-1,165,172,173,-1,165,173,166,-1,174,175,176,-1,176,177,174,-1,174,177,178,-1,174,178,169,-1,169,178,179,-1,169,179,170,-1,180,181,182,-1,182,181,183,-1,182,183,184,-1,184,183,185,-1,184,185,186,-1,186,185,187,-1,188,189,190,-1,190,189,191,-1,190,191,192,-1,192,191,193,-1,192,193,194,-1,194,193,195,-1,196,197,198,-1,196,198,199,-1,199,198,200,-1,199,200,201,-1,201,200,202,-1,201,202,203,-1,204,205,206,-1,204,206,207,-1,207,206,208,-1,207,208,209,-1,209,208,210,-1,209,210,211,-1,212,213,214,-1,214,213,215,-1,214,215,216,-1,216,215,217,-1,216,217,218,-1,218,217,219,-1,220,221,222,-1,222,221,223,-1,222,223,224,-1,224,223,225,-1,224,225,226,-1,226,225,227,-1,228,229,230,-1,228,230,231,-1,231,230,232,-1,231,232,233,-1,233,232,234,-1,233,234,235,-1,236,237,238,-1,236,238,239,-1,239,238,240,-1,239,240,241,-1,241,240,242,-1,241,242,243,-1,244,152,245,-1,245,152,246,-1,43,247,248,-1,248,247,249,-1,246,152,150,-1,246,150,250,-1,250,150,148,-1,250,148,251,-1,251,148,147,-1,251,147,252,-1,253,54,52,-1,253,52,254,-1,254,52,50,-1,254,50,255,-1,255,50,48,-1,255,48,256,-1,256,48,46,-1,256,46,257,-1,257,46,44,-1,257,44,258,-1,258,44,43,-1,258,43,248,-1,259,252,147,-1,160,260,261,-1,147,160,259,-1,259,160,261,-1,259,261,262,-1,262,261,263,-1,1,54,264,-1,264,54,253,-1,260,160,158,-1,260,158,265,-1,265,158,156,-1,265,156,266,-1,266,156,155,-1,266,155,267,-1,268,12,10,-1,268,10,269,-1,269,10,8,-1,269,8,270,-1,270,8,6,-1,270,6,271,-1,271,6,4,-1,271,4,272,-1,272,4,2,-1,272,2,273,-1,273,2,1,-1,273,1,264,-1,155,274,267,-1,267,274,275,-1,276,12,277,-1,277,12,268,-1,278,68,279,-1,279,68,280,-1,121,281,282,-1,282,281,283,-1,280,68,66,-1,280,66,284,-1,284,66,64,-1,284,64,285,-1,285,64,62,-1,285,62,286,-1,286,62,60,-1,286,60,287,-1,287,60,58,-1,287,58,288,-1,288,58,57,-1,288,57,289,-1,290,126,124,-1,290,124,291,-1,291,124,122,-1,291,122,292,-1,292,122,121,-1,292,121,282,-1,57,82,289,-1,289,82,293,-1,126,290,294,-1,295,113,296,-1,296,113,297,-1,296,297,298,-1,297,299,298,-1,298,299,300,-1,298,300,301,-1,301,302,298,-1,298,302,303,-1,298,303,304,-1,304,303,305,-1,304,305,294,-1,294,305,306,-1,294,306,307,-1,307,308,294,-1,294,308,309,-1,294,309,126,-1,293,82,80,-1,293,80,310,-1,310,80,78,-1,310,78,311,-1,311,78,76,-1,311,76,312,-1,312,76,74,-1,312,74,313,-1,313,74,72,-1,313,72,314,-1,314,72,71,-1,314,71,315,-1,316,118,116,-1,316,116,317,-1,317,116,114,-1,317,114,318,-1,318,114,113,-1,318,113,295,-1,71,319,315,-1,315,319,320,-1,321,118,322,-1,322,118,316,-1,221,323,223,-1,223,323,324,-1,223,324,225,-1,225,324,325,-1,225,325,227,-1,227,325,326,-1,228,327,221,-1,221,327,323,-1,328,27,326,-1,326,27,227,-1,327,228,231,-1,327,231,329,-1,329,231,233,-1,329,233,330,-1,330,233,235,-1,330,235,331,-1,332,14,17,-1,332,17,333,-1,333,17,19,-1,333,19,334,-1,334,19,21,-1,334,21,335,-1,335,21,23,-1,335,23,336,-1,336,23,25,-1,336,25,337,-1,337,25,27,-1,337,27,328,-1,236,338,235,-1,235,338,331,-1,339,41,332,-1,332,41,14,-1,338,236,239,-1,338,239,340,-1,340,239,241,-1,340,241,341,-1,341,241,243,-1,341,243,342,-1,343,28,31,-1,343,31,344,-1,344,31,33,-1,344,33,345,-1,345,33,35,-1,345,35,346,-1,346,35,37,-1,346,37,347,-1,347,37,39,-1,347,39,348,-1,348,39,41,-1,348,41,339,-1,187,349,243,-1,243,349,342,-1,350,213,343,-1,343,213,28,-1,181,351,183,-1,183,351,352,-1,183,352,185,-1,185,352,353,-1,185,353,187,-1,187,353,349,-1,213,350,215,-1,215,350,354,-1,215,354,217,-1,217,354,355,-1,217,355,219,-1,219,355,356,-1,84,357,181,-1,181,357,351,-1,358,211,356,-1,356,211,219,-1,357,84,87,-1,357,87,359,-1,359,87,89,-1,359,89,360,-1,360,89,91,-1,360,91,361,-1,361,91,93,-1,361,93,362,-1,362,93,95,-1,362,95,363,-1,363,95,97,-1,363,97,364,-1,365,204,207,-1,365,207,366,-1,366,207,209,-1,366,209,367,-1,367,209,211,-1,367,211,358,-1,98,368,97,-1,97,368,364,-1,369,203,365,-1,365,203,204,-1,368,98,101,-1,368,101,370,-1,370,101,103,-1,370,103,371,-1,371,103,105,-1,371,105,372,-1,372,105,107,-1,372,107,373,-1,373,107,109,-1,373,109,374,-1,374,109,111,-1,374,111,375,-1,376,196,199,-1,376,199,377,-1,377,199,201,-1,377,201,378,-1,378,201,203,-1,378,203,369,-1,195,379,111,-1,111,379,375,-1,380,189,376,-1,376,189,196,-1,189,380,191,-1,191,380,381,-1,191,381,193,-1,193,381,382,-1,193,382,195,-1,195,382,379,-1,
        ]
    }
}
Shape{
    appearance Appearance {
        material  Material 	{
            diffuseColor 0.2235294117647059 0.2235294117647059 0.2235294117647059
            specularColor 0.11372549019607843 0.11372549019607843 0.11372549019607843
            ambientIntensity 0.2235
            transparency 0.0
            shininess 0.5
        }
    }
    geometry IndexedFaceSet {
        ccw TRUE
        solid FALSE
        coord DEF co Coordinate {
            point [
                0.6496 0.4134 0.3189, 0.6496 -0.4134 0.3189, 0.6523 0.4134 0.292, 0.6523 -0.4134 0.292, 0.6549 0.4134 0.2834, 0.6549 -0.4134 0.2834, 0.6601 0.4134 0.2662, 0.6601 -0.4134 0.2662, 0.6686 0.4134 0.2503, 0.6686 -0.4134 0.2503, 0.6728 0.4134 0.2423, 0.6728 -0.4134 0.2423, 0.69 0.4134 0.2215, 0.69 -0.4134 0.2215, 0.7108 0.4134 0.2043, 0.7108 -0.4134 0.2043, 0.7188 0.4134 0.2001, 0.7188 -0.4134 0.2001, 0.7347 0.4134 0.1916, 0.7347 -0.4134 0.1916, 0.7519 0.4134 0.1864, 0.7519 -0.4134 0.1864, 0.7605 0.4134 0.1837, 0.7605 -0.4134 0.1837, 0.7874 0.4134 0.1811, 0.7874 -0.4134 0.1811, 0.3174 0.6511 0.292, 0.3006 0.6522 0.292, 0.3006 0.6496 0.3189, 0.3006 0.6548 0.2834, 0.3362 0.7849 0.1811, 0.3006 0.7874 0.1811, 0.3006 0.7605 0.1837, 0.3711 0.7775 0.1811, 0.3324 0.7583 0.1837, 0.4046 0.7653 0.1811, 0.3637 0.7516 0.1837, 0.4362 0.7485 0.1811, 0.3937 0.7407 0.1837, 0.4219 0.7257 0.1837, 0.4651 0.7275 0.1811, 0.4478 0.7069 0.1837, 0.4422 0.7003 0.1864, 0.4082 0.7038 0.1916, 0.4312 0.6871 0.1916, 0.3006 0.7519 0.1864, 0.3288 0.7327 0.1916, 0.3006 0.7346 0.1916, 0.3006 0.7188 0.2001, 0.3255 0.7091 0.2043, 0.4209 0.6749 0.2001, 0.3956 0.6836 0.2043, 0.4158 0.6689 0.2043, 0.3845 0.6659 0.2215, 0.4024 0.6529 0.2215, 0.3755 0.6513 0.2423, 0.3914 0.6397 0.2423, 0.3887 0.6365 0.2503, 0.3687 0.6405 0.2662, 0.3832 0.63 0.2662, 0.3566 0.7268 0.1916, 0.3832 0.7171 0.1916, 0.35 0.7039 0.2043, 0.3735 0.6953 0.2043, 0.3442 0.6838 0.2215, 0.365 0.6762 0.2215, 0.3395 0.6673 0.2423, 0.358 0.6606 0.2423, 0.336 0.6551 0.2662, 0.3529 0.649 0.2662, 0.3226 0.6884 0.2215, 0.3202 0.6714 0.2423, 0.3185 0.6588 0.2662, 0.3006 0.6601 0.2662, 0.3006 0.6686 0.2503, 0.3006 0.6728 0.2423, 0.3006 0.6899 0.2215, 0.3006 0.7108 0.2043, 0.3338 0.6476 0.292, 0.3497 0.6418 0.292, 0.3799 0.626 0.2834, 0.3646 0.6339 0.292, 0.3782 0.624 0.292, 0.3631 0.6316 0.3189, 0.3765 0.622 0.3189, 0.3534 0.6368 0.3189, 0.317 0.6484 0.3189, 0.3277 0.6462 0.3189, 0.3331 0.645 0.3189, 0.3486 0.6394 0.3189, 0.5307 -0.5972 0.2015, 0.5315 -0.6123 0.1934, 0.5315 -0.5928 0.2043, 0.5302 -0.5867 0.2101, 0.5315 -0.5863 0.2096, 0.5292 -0.5689 0.2245, 0.5315 -0.5719 0.2215, 0.529 -0.5638 0.2316, 0.5315 -0.5315 0.3189, 0.5273 -0.5315 0.3189, 0.5315 -0.5342 0.292, 0.5275 -0.5354 0.2875, 0.5315 -0.5355 0.2876, 0.5275 -0.5357 0.2853, 0.5315 -0.542 0.2662, 0.5281 -0.5464 0.2579, 0.5315 -0.5464 0.2579, 0.5282 -0.5482 0.2532, 0.5315 -0.5547 0.2423, 0.5315 -0.5636 0.2315, 0.651 -0.4306 0.292, 0.6815 -0.5865 0.1837, 0.7046 -0.5634 0.1837, 0.685 -0.5465 0.1916, 0.7848 -0.4498 0.1811, 0.5342 -0.6647 0.1812, 0.5345 -0.6693 0.1811, 0.5679 -0.6667 0.1811, 0.5331 -0.6458 0.1831, 0.5641 -0.6401 0.1837, 0.5329 -0.6425 0.1839, 0.5322 -0.6275 0.1876, 0.5604 -0.6145 0.1916, 0.5317 -0.6166 0.1918, 0.557 -0.5909 0.2043, 0.7249 -0.581 0.1811, 0.6991 -0.6068 0.1811, 0.6698 -0.6287 0.1811, 0.6824 -0.5104 0.2043, 0.7024 -0.5232 0.1916, 0.7242 -0.5372 0.1837, 0.7468 -0.5518 0.1811, 0.7582 -0.446 0.1837, 0.7326 -0.4423 0.1916, 0.6756 -0.4792 0.2215, 0.6946 -0.4879 0.2043, 0.7163 -0.4978 0.1916, 0.7398 -0.5085 0.1837, 0.7643 -0.5197 0.1811, 0.709 -0.4389 0.2043, 0.554 -0.5703 0.2215, 0.6671 -0.4532 0.2423, 0.6835 -0.4581 0.2215, 0.7036 -0.4639 0.2043, 0.7264 -0.4706 0.1916, 0.7512 -0.4779 0.1837, 0.777 -0.4855 0.1811, 0.5516 -0.5533 0.2423, 0.6588 -0.4317 0.2662, 0.6714 -0.4335 0.2423, 0.6884 -0.436 0.2215, 0.5498 -0.5407 0.2662, 0.6157 -0.5106 0.2662, 0.601 -0.5216 0.2662, 0.6079 -0.5323 0.2423, 0.5968 -0.515 0.292, 0.6106 -0.5047 0.292, 0.6228 -0.4925 0.292, 0.6335 -0.4723 0.3189, 0.6309 -0.4773 0.3189, 0.6331 -0.4787 0.292, 0.6287 -0.4976 0.2662, 0.624 -0.5202 0.2423, 0.6172 -0.5467 0.2215, 0.6036 -0.6589 0.1811, 0.596 -0.6332 0.1837, 0.6266 -0.6217 0.1837, 0.6159 -0.5982 0.1916, 0.6413 -0.5843 0.1916, 0.6285 -0.5643 0.2043, 0.6489 -0.5489 0.2043, 0.6353 -0.5332 0.2215, 0.6513 -0.5172 0.2215, 0.6383 -0.506 0.2423, 0.6504 -0.4898 0.2423, 0.6397 -0.4829 0.2662, 0.6485 -0.4668 0.2662, 0.6413 -0.4636 0.292, 0.6474 -0.4474 0.292, 0.6378 -0.6462 0.1811, 0.6553 -0.6061 0.1837, 0.6645 -0.567 0.1916, 0.667 -0.5309 0.2043, 0.6648 -0.4991 0.2215, 0.6601 -0.4721 0.2423, 0.6549 -0.4496 0.2662, 0.5487 -0.5329 0.292, 0.5483 -0.5303 0.3189, 0.5655 -0.5293 0.292, 0.5648 -0.5267 0.3189, 0.562 -0.5273 0.3189, 0.5887 -0.6083 0.1916, 0.582 -0.5855 0.2043, 0.5761 -0.5655 0.2215, 0.5713 -0.549 0.2423, 0.5677 -0.5368 0.2662, 0.606 -0.5765 0.2043, 0.5973 -0.5576 0.2215, 0.5902 -0.542 0.2423, 0.5849 -0.5304 0.2662, 0.5817 -0.5233 0.292, 0.5806 -0.5208 0.3189, 0.5904 -0.5155 0.3189, 0.6208 -0.4908 0.3189, 0.6148 -0.4967 0.3189, 0.6088 -0.5027 0.3189, 0.5954 -0.5128 0.3189, 0.6484 -0.4302 0.3189, 0.6454 -0.4439 0.3189, 0.6448 -0.4467 0.3189, 0.6389 -0.4625 0.3189, -0.3006 0.6496 0.3189, -0.3006 0.6522 0.292, -0.3006 0.6548 0.2834, -0.3006 0.6601 0.2662, -0.3006 0.6686 0.2503, -0.3006 0.6728 0.2423, -0.3006 0.6899 0.2215, -0.3006 0.7108 0.2043, -0.3006 0.7188 0.2001, -0.3006 0.7346 0.1916, -0.3006 0.7519 0.1864, -0.3006 0.7605 0.1837, -0.3006 0.7874 0.1811, 0.5001 -0.5347 0.3189, 0.5012 -0.5392 0.2837, 0.5101 -0.5734 0.2222, 0.5046 -0.5523 0.2508, 0.4821 -0.5605 0.2508, 0.5157 -0.6176 0.1925, 0.5209 -0.6157 0.1925, 0.5172 -0.6012 0.2, 0.5001 -0.6238 0.1934, 0.5104 -0.6196 0.1925, 0.493 -0.6143 0.1997, 0.5039 -0.606 0.2, 0.4915 -0.5802 0.2222, 0.4627 -0.5742 0.2502, 0.4739 -0.589 0.2245, 0.4759 -0.5917 0.2218, 0.491 -0.6116 0.2015, 0.4614 -0.5725 0.2532, 0.4763 -0.5482 0.2837, 0.4539 -0.5625 0.2853, 0.4543 -0.5631 0.2833, 0.4514 -0.5591 0.3189, 0.4743 -0.5441 0.3189, 0.5329 -0.6651 0.1812, 0.5317 -0.6656 0.1812, 0.5267 -0.6481 0.1829, 0.5092 -0.6359 0.1876, 0.5206 -0.6315 0.187, 0.513 -0.6409 0.1861, 0.5203 -0.6505 0.1831, -0.3646 0.6339 0.292, -0.3782 0.624 0.292, -0.3765 0.622 0.3189, -0.3799 0.626 0.2834, -0.4362 0.7485 0.1811, -0.4651 0.7275 0.1811, -0.4478 0.7069 0.1837, -0.4046 0.7653 0.1811, -0.4219 0.7257 0.1837, -0.3711 0.7775 0.1811, -0.3937 0.7407 0.1837, -0.3362 0.7849 0.1811, -0.3637 0.7516 0.1837, -0.3324 0.7583 0.1837, -0.3288 0.7327 0.1916, -0.4422 0.7003 0.1864, -0.4082 0.7038 0.1916, -0.4312 0.6871 0.1916, -0.4209 0.6749 0.2001, -0.3956 0.6836 0.2043, -0.3255 0.7091 0.2043, -0.3226 0.6884 0.2215, -0.3202 0.6714 0.2423, -0.3185 0.6588 0.2662, -0.3832 0.7171 0.1916, -0.3566 0.7268 0.1916, -0.3735 0.6953 0.2043, -0.35 0.7039 0.2043, -0.365 0.6762 0.2215, -0.3442 0.6838 0.2215, -0.358 0.6606 0.2423, -0.3395 0.6673 0.2423, -0.3529 0.649 0.2662, -0.336 0.6551 0.2662, -0.3845 0.6659 0.2215, -0.3755 0.6513 0.2423, -0.3687 0.6405 0.2662, -0.3832 0.63 0.2662, -0.3887 0.6365 0.2503, -0.3914 0.6397 0.2423, -0.4024 0.6529 0.2215, -0.4158 0.6689 0.2043, -0.3497 0.6418 0.292, -0.3338 0.6476 0.292, -0.3174 0.6511 0.292, -0.317 0.6484 0.3189, -0.3277 0.6462 0.3189, -0.3631 0.6316 0.3189, -0.3534 0.6368 0.3189, -0.3486 0.6394 0.3189, -0.3331 0.645 0.3189, 0.4422 -0.7004 0.1864, 0.4478 -0.707 0.1837, 0.4651 -0.7276 0.1811, 0.5125 -0.6877 0.1811, 0.3765 -0.622 0.3189, 0.3782 -0.624 0.292, 0.3799 -0.626 0.2834, 0.3832 -0.63 0.2662, 0.3887 -0.6365 0.2503, 0.3914 -0.6398 0.2423, 0.4024 -0.6529 0.2215, 0.4312 -0.6872 0.1916, 0.4209 -0.675 0.2001, 0.4158 -0.6689 0.2043, 0.3646 -0.6339 0.292, 0.4362 -0.7485 0.1811, 0.4046 -0.7653 0.1811, 0.4219 -0.7257 0.1837, 0.3711 -0.7775 0.1811, 0.3937 -0.7407 0.1837, 0.3362 -0.7849 0.1811, 0.3637 -0.7517 0.1837, 0.3324 -0.7583 0.1837, 0.3006 -0.7874 0.1811, 0.3006 -0.7605 0.1837, 0.3006 -0.7519 0.1864, 0.3288 -0.7327 0.1916, 0.3006 -0.7347 0.1916, 0.4082 -0.7038 0.1916, 0.3956 -0.6836 0.2043, 0.3006 -0.7188 0.2001, 0.3255 -0.7091 0.2043, 0.3006 -0.7109 0.2043, 0.3226 -0.6884 0.2215, 0.3006 -0.69 0.2215, 0.3202 -0.6715 0.2423, 0.3006 -0.6728 0.2423, 0.3006 -0.6686 0.2503, 0.3185 -0.6589 0.2662, 0.3006 -0.6601 0.2662, 0.3832 -0.7171 0.1916, 0.3566 -0.7268 0.1916, 0.3735 -0.6954 0.2043, 0.35 -0.7039 0.2043, 0.365 -0.6763 0.2215, 0.3442 -0.6838 0.2215, 0.358 -0.6606 0.2423, 0.3395 -0.6674 0.2423, 0.3529 -0.649 0.2662, 0.336 -0.6551 0.2662, 0.3845 -0.6659 0.2215, 0.3755 -0.6514 0.2423, 0.3687 -0.6406 0.2662, 0.3497 -0.6418 0.292, 0.3338 -0.6476 0.292, 0.3006 -0.6549 0.2834, 0.3174 -0.6511 0.292, 0.3006 -0.6523 0.292, 0.317 -0.6485 0.3189, 0.3006 -0.6496 0.3189, 0.3277 -0.6462 0.3189, 0.3631 -0.6317 0.3189, 0.3534 -0.6368 0.3189, 0.3486 -0.6394 0.3189, 0.3331 -0.6451 0.3189, -0.3006 -0.7874 0.1811, -0.3006 -0.7605 0.1837, -0.3006 -0.7519 0.1864, -0.3006 -0.7347 0.1916, -0.3006 -0.7188 0.2001, -0.3006 -0.7109 0.2043, -0.3006 -0.69 0.2215, -0.3006 -0.6728 0.2423, -0.3006 -0.6686 0.2503, -0.3006 -0.6601 0.2662, -0.3006 -0.6549 0.2834, -0.3006 -0.6523 0.292, -0.3006 -0.6496 0.3189, -0.3174 -0.6511 0.292, -0.3362 -0.7849 0.1811, -0.3711 -0.7775 0.1811, -0.3324 -0.7583 0.1837, -0.4046 -0.7653 0.1811, -0.3637 -0.7517 0.1837, -0.4362 -0.7485 0.1811, -0.3937 -0.7407 0.1837, -0.4219 -0.7257 0.1837, -0.4651 -0.7276 0.1811, -0.4478 -0.707 0.1837, -0.4422 -0.7004 0.1864, -0.4082 -0.7038 0.1916, -0.4312 -0.6872 0.1916, -0.3288 -0.7327 0.1916, -0.3255 -0.7091 0.2043, -0.4209 -0.675 0.2001, -0.3956 -0.6836 0.2043, -0.4158 -0.6689 0.2043, -0.3845 -0.6659 0.2215, -0.4024 -0.6529 0.2215, -0.3755 -0.6514 0.2423, -0.3914 -0.6398 0.2423, -0.3887 -0.6365 0.2503, -0.3687 -0.6406 0.2662, -0.3832 -0.63 0.2662, -0.3566 -0.7268 0.1916, -0.3832 -0.7171 0.1916, -0.35 -0.7039 0.2043, -0.3735 -0.6954 0.2043, -0.3442 -0.6838 0.2215, -0.365 -0.6763 0.2215, -0.3395 -0.6674 0.2423, -0.358 -0.6606 0.2423, -0.336 -0.6551 0.2662, -0.3529 -0.649 0.2662, -0.3226 -0.6884 0.2215, -0.3202 -0.6715 0.2423, -0.3185 -0.6589 0.2662, -0.3338 -0.6476 0.292, -0.3497 -0.6418 0.292, -0.3799 -0.626 0.2834, -0.3646 -0.6339 0.292, -0.3782 -0.624 0.292, -0.3631 -0.6317 0.3189, -0.3765 -0.622 0.3189, -0.3534 -0.6368 0.3189, -0.317 -0.6485 0.3189, -0.3277 -0.6462 0.3189, -0.3331 -0.6451 0.3189, -0.3486 -0.6394 0.3189, -0.7874 0.4134 0.1811, -0.7874 -0.4134 0.1811, -0.7605 0.4134 0.1837, -0.7605 -0.4134 0.1837, -0.7519 0.4134 0.1864, -0.7519 -0.4134 0.1864, -0.7347 0.4134 0.1916, -0.7347 -0.4134 0.1916, -0.7188 0.4134 0.2001, -0.7188 -0.4134 0.2001, -0.7108 0.4134 0.2043, -0.7108 -0.4134 0.2043, -0.69 0.4134 0.2215, -0.69 -0.4134 0.2215, -0.6728 0.4134 0.2423, -0.6728 -0.4134 0.2423, -0.6686 0.4134 0.2503, -0.6686 -0.4134 0.2503, -0.6601 0.4134 0.2662, -0.6601 -0.4134 0.2662, -0.6549 0.4134 0.2834, -0.6549 -0.4134 0.2834, -0.6523 0.4134 0.292, -0.6523 -0.4134 0.292, -0.6496 0.4134 0.3189, -0.6496 -0.4134 0.3189, -0.5275 -0.5354 0.2875, -0.5273 -0.5315 0.3189, -0.5315 -0.5315 0.3189, -0.5315 -0.5342 0.292, -0.5315 -0.5355 0.2876, -0.5275 -0.5357 0.2853, -0.5315 -0.542 0.2662, -0.5281 -0.5464 0.2579, -0.5315 -0.5464 0.2579, -0.5282 -0.5482 0.2532, -0.5315 -0.5547 0.2423, -0.529 -0.5638 0.2316, -0.5315 -0.5636 0.2315, -0.5292 -0.5689 0.2245, -0.5315 -0.5719 0.2215, -0.5302 -0.5867 0.2101, -0.5315 -0.5863 0.2096, -0.5315 -0.5928 0.2043, -0.5307 -0.5972 0.2015, -0.5315 -0.6123 0.1934, -0.5317 -0.6656 0.1812, -0.5345 -0.6693 0.1811, -0.5125 -0.6877 0.1811, -0.513 -0.6409 0.1861, -0.5203 -0.6505 0.1831, -0.5092 -0.6359 0.1876, -0.4514 -0.5591 0.3189, -0.4539 -0.5625 0.2853, -0.4543 -0.5631 0.2833, -0.4614 -0.5725 0.2532, -0.4627 -0.5742 0.2502, -0.4739 -0.589 0.2245, -0.4759 -0.5917 0.2218, -0.491 -0.6116 0.2015, -0.493 -0.6143 0.1997, -0.5001 -0.6238 0.1934, -0.5487 -0.5329 0.292, -0.5498 -0.5407 0.2662, -0.6378 -0.6462 0.1811, -0.6036 -0.6589 0.1811, -0.596 -0.6332 0.1837, -0.6698 -0.6287 0.1811, -0.6266 -0.6217 0.1837, -0.6991 -0.6068 0.1811, -0.6553 -0.6061 0.1837, -0.7249 -0.581 0.1811, -0.6815 -0.5865 0.1837, -0.7468 -0.5518 0.1811, -0.7046 -0.5634 0.1837, -0.7643 -0.5197 0.1811, -0.7242 -0.5372 0.1837, -0.777 -0.4855 0.1811, -0.7398 -0.5085 0.1837, -0.7848 -0.4498 0.1811, -0.7512 -0.4779 0.1837, -0.557 -0.5909 0.2043, -0.5604 -0.6145 0.1916, -0.5641 -0.6401 0.1837, -0.5322 -0.6275 0.1876, -0.5317 -0.6166 0.1918, -0.5342 -0.6647 0.1812, -0.5679 -0.6667 0.1811, -0.5331 -0.6458 0.1831, -0.5329 -0.6425 0.1839, -0.7582 -0.446 0.1837, -0.7326 -0.4423 0.1916, -0.5887 -0.6083 0.1916, -0.6159 -0.5982 0.1916, -0.582 -0.5855 0.2043, -0.606 -0.5765 0.2043, -0.554 -0.5703 0.2215, -0.5761 -0.5655 0.2215, -0.5973 -0.5576 0.2215, -0.709 -0.4389 0.2043, -0.6884 -0.436 0.2215, -0.6714 -0.4335 0.2423, -0.5902 -0.542 0.2423, -0.5713 -0.549 0.2423, -0.5516 -0.5533 0.2423, -0.6588 -0.4317 0.2662, -0.5677 -0.5368 0.2662, -0.5849 -0.5304 0.2662, -0.5655 -0.5293 0.292, -0.5817 -0.5233 0.292, -0.651 -0.4306 0.292, -0.6484 -0.4302 0.3189, -0.6474 -0.4474 0.292, -0.6448 -0.4467 0.3189, -0.6454 -0.4439 0.3189, -0.7264 -0.4706 0.1916, -0.7036 -0.4639 0.2043, -0.6835 -0.4581 0.2215, -0.6671 -0.4532 0.2423, -0.6549 -0.4496 0.2662, -0.7163 -0.4978 0.1916, -0.6946 -0.4879 0.2043, -0.6756 -0.4792 0.2215, -0.6601 -0.4721 0.2423, -0.6485 -0.4668 0.2662, -0.6413 -0.4636 0.292, -0.6389 -0.4625 0.3189, -0.6331 -0.4787 0.292, -0.6309 -0.4773 0.3189, -0.6335 -0.4723 0.3189, -0.7024 -0.5232 0.1916, -0.6824 -0.5104 0.2043, -0.6648 -0.4991 0.2215, -0.6504 -0.4898 0.2423, -0.6397 -0.4829 0.2662, -0.685 -0.5465 0.1916, -0.667 -0.5309 0.2043, -0.6513 -0.5172 0.2215, -0.6383 -0.506 0.2423, -0.6287 -0.4976 0.2662, -0.6228 -0.4925 0.292, -0.6208 -0.4908 0.3189, -0.6106 -0.5047 0.292, -0.6088 -0.5027 0.3189, -0.6148 -0.4967 0.3189, -0.6645 -0.567 0.1916, -0.6489 -0.5489 0.2043, -0.6353 -0.5332 0.2215, -0.624 -0.5202 0.2423, -0.6157 -0.5106 0.2662, -0.6413 -0.5843 0.1916, -0.6285 -0.5643 0.2043, -0.6172 -0.5467 0.2215, -0.6079 -0.5323 0.2423, -0.601 -0.5216 0.2662, -0.5968 -0.515 0.292, -0.5954 -0.5128 0.3189, -0.5904 -0.5155 0.3189, -0.5483 -0.5303 0.3189, -0.562 -0.5273 0.3189, -0.5648 -0.5267 0.3189, -0.5806 -0.5208 0.3189, -0.5104 -0.6196 0.1925, -0.5039 -0.606 0.2, -0.5157 -0.6176 0.1925, -0.5172 -0.6012 0.2, -0.5209 -0.6157 0.1925, -0.4915 -0.5802 0.2222, -0.5101 -0.5734 0.2222, -0.4821 -0.5605 0.2508, -0.4763 -0.5482 0.2837, -0.5012 -0.5392 0.2837, -0.5046 -0.5523 0.2508, -0.5001 -0.5347 0.3189, -0.4743 -0.5441 0.3189, -0.5206 -0.6315 0.187, -0.5267 -0.6481 0.1829, -0.5329 -0.6651 0.1812, 0.748 0.4134 0.6142, 0.748 -0.4134 0.6142, 0.7209 0.4134 0.6028, 0.7209 -0.4134 0.6028, 0.7161 0.4134 0.5995, 0.7161 -0.4134 0.5995, 0.6969 0.4134 0.586, 0.6969 -0.4134 0.586, 0.6889 0.4134 0.5774, 0.6889 -0.4134 0.5774, 0.6769 0.4134 0.5645, 0.6769 -0.4134 0.5645, 0.668 0.4134 0.5493, 0.668 -0.4134 0.5493, 0.662 0.4134 0.5392, 0.662 -0.4134 0.5392, 0.6546 0.4134 0.5169, 0.6546 -0.4134 0.5169, 0.6527 0.4134 0.5113, 0.6527 -0.4134 0.5113, 0.6496 0.4134 0.4821, 0.6496 -0.4134 0.4821, 0.6524 0.4231 0.5112, 0.6616 0.4244 0.5392, 0.7206 0.4428 0.6032, 0.7208 0.4303 0.6029, 0.6967 0.4281 0.5862, 0.6412 0.4825 0.5287, 0.6471 0.4862 0.5453, 0.6482 0.4831 0.5443, 0.6837 0.5092 0.5902, 0.6897 0.513 0.5957, 0.6901 0.5085 0.5945, 0.7254 0.5355 0.6106, 0.748 0.5497 0.6142, 0.748 0.5429 0.6142, 0.7038 0.5219 0.6026, 0.7179 0.5307 0.6095, 0.7179 0.5251 0.6087, 0.6656 0.4978 0.5738, 0.6334 0.4731 0.4764, 0.6314 0.4763 0.4764, 0.637 0.4759 0.5115, 0.6344 0.4782 0.5031, 0.6354 0.4788 0.512, 0.748 0.5263 0.6142, 0.7183 0.5113 0.6071, 0.748 0.5221 0.6142, 0.7184 0.5079 0.6068, 0.748 0.5041 0.6142, 0.719 0.4925 0.6054, 0.6912 0.4973 0.5921, 0.6915 0.4944 0.5916, 0.6928 0.4816 0.5897, 0.6942 0.468 0.5882, 0.6338 0.4724 0.4765, 0.6406 0.4686 0.5107, 0.6375 0.4655 0.477, 0.6415 0.4667 0.5106, 0.6384 0.4636 0.4772, 0.6448 0.4584 0.5104, 0.6419 0.4552 0.4783, 0.6477 0.4495 0.5105, 0.6448 0.4467 0.4795, 0.6517 0.4891 0.5524, 0.6663 0.4942 0.5726, 0.6683 0.485 0.5701, 0.6688 0.4826 0.5696, 0.671 0.4719 0.5677, 0.6731 0.4604 0.5663, 0.6748 0.4483 0.5654, 0.6511 0.4752 0.5424, 0.6518 0.4732 0.542, 0.6547 0.4641 0.5408, 0.6573 0.4541 0.54, 0.6594 0.4436 0.5395, 0.6609 0.4326 0.5393, 0.65 0.4401 0.5108, 0.6516 0.4303 0.5111, 0.748 0.4326 0.6142, 0.748 0.4469 0.6142, 0.748 0.4664 0.6142, 0.7202 0.4599 0.6037, 0.6963 0.439 0.5864, 0.6766 0.4261 0.5646, 0.748 0.4855 0.6142, 0.7196 0.4765 0.6044, 0.6954 0.4538 0.5871, 0.6761 0.4355 0.5648, 0.6455 0.4439 0.4798, 0.647 0.4378 0.4806, 0.6486 0.4288 0.4815, 0.6493 0.4222 0.4819, 0.7208 -0.4303 0.6029, 0.6967 -0.4281 0.5862, 0.6516 -0.4304 0.5111, 0.6524 -0.4232 0.5112, 0.6616 -0.4245 0.5392, 0.6455 -0.444 0.4798, 0.647 -0.4379 0.4806, 0.65 -0.4401 0.5108, 0.7254 -0.5355 0.6106, 0.7179 -0.5308 0.6095, 0.7179 -0.5252 0.6087, 0.7038 -0.5219 0.6026, 0.6897 -0.5131 0.5957, 0.6901 -0.5086 0.5945, 0.6837 -0.5093 0.5902, 0.6656 -0.4979 0.5738, 0.6663 -0.4942 0.5726, 0.6517 -0.4891 0.5524, 0.6471 -0.4862 0.5453, 0.6482 -0.4831 0.5443, 0.6344 -0.4782 0.5031, 0.6314 -0.4764 0.4764, 0.6334 -0.4732 0.4764, 0.6412 -0.4825 0.5287, 0.6354 -0.4789 0.512, 0.637 -0.476 0.5115, 0.748 -0.5498 0.6142, 0.6338 -0.4724 0.4765, 0.6406 -0.4686 0.5107, 0.6375 -0.4655 0.477, 0.6384 -0.4636 0.4772, 0.6415 -0.4668 0.5106, 0.6419 -0.4553 0.4783, 0.6448 -0.4584 0.5104, 0.6448 -0.4467 0.4795, 0.6477 -0.4495 0.5105, 0.6511 -0.4753 0.5424, 0.6518 -0.4733 0.542, 0.6547 -0.4641 0.5408, 0.6573 -0.4542 0.54, 0.6594 -0.4437 0.5395, 0.6683 -0.485 0.5701, 0.6688 -0.4827 0.5696, 0.671 -0.472 0.5677, 0.6731 -0.4605 0.5663, 0.6748 -0.4483 0.5654, 0.6761 -0.4356 0.5648, 0.6912 -0.4973 0.5921, 0.6915 -0.4945 0.5916, 0.6928 -0.4817 0.5897, 0.6942 -0.4681 0.5882, 0.6954 -0.4538 0.5871, 0.6963 -0.439 0.5864, 0.6493 -0.4223 0.4819, 0.6486 -0.4289 0.4815, 0.6609 -0.4326 0.5393, 0.6766 -0.4262 0.5646, 0.7206 -0.4429 0.6032, 0.7202 -0.46 0.6037, 0.7196 -0.4766 0.6044, 0.719 -0.4926 0.6054, 0.7184 -0.5079 0.6068, 0.7183 -0.5114 0.6071, 0.748 -0.5429 0.6142, 0.748 -0.5263 0.6142, 0.748 -0.5222 0.6142, 0.748 -0.5041 0.6142, 0.748 -0.4855 0.6142, 0.748 -0.4664 0.6142, 0.748 -0.4469 0.6142, 0.748 -0.4326 0.6142, 0.5306 0.596 0.5931, 0.5315 0.6123 0.6018, 0.5315 0.5927 0.591, 0.5302 0.5866 0.5853, 0.5315 0.5863 0.5857, 0.5292 0.5679 0.5698, 0.5315 0.5718 0.5738, 0.529 0.5637 0.5637, 0.5315 0.5315 0.4764, 0.5273 0.5315 0.4764, 0.5315 0.5341 0.5033, 0.5275 0.5352 0.5078, 0.5315 0.5355 0.5077, 0.5275 0.5353 0.5088, 0.5315 0.542 0.5291, 0.5281 0.5462 0.5375, 0.5315 0.5464 0.5373, 0.5281 0.5475 0.5409, 0.5315 0.5547 0.5529, 0.5315 0.5636 0.5638, 0.6234 0.4917 0.5033, 0.7003 0.6057 0.6142, 0.7262 0.5794 0.6142, 0.7057 0.562 0.6115, 0.671 0.6279 0.6142, 0.6826 0.5855 0.6115, 0.6387 0.6457 0.6142, 0.6563 0.6054 0.6115, 0.6042 0.6587 0.6142, 0.6274 0.6213 0.6115, 0.5682 0.6666 0.6142, 0.5966 0.6329 0.6115, 0.5342 0.6646 0.6141, 0.5345 0.6693 0.6142, 0.5331 0.6457 0.6121, 0.5644 0.64 0.6115, 0.5329 0.6424 0.6113, 0.5322 0.6274 0.6077, 0.5607 0.6144 0.6037, 0.5317 0.6166 0.6035, 0.5573 0.5909 0.591, 0.668 0.5298 0.591, 0.6861 0.5452 0.6037, 0.5543 0.5702 0.5738, 0.5518 0.5532 0.5529, 0.55 0.5406 0.5291, 0.6655 0.566 0.6037, 0.6422 0.5837 0.6037, 0.6498 0.5481 0.591, 0.6292 0.5637 0.591, 0.6361 0.5324 0.5738, 0.6179 0.5462 0.5738, 0.6247 0.5196 0.5529, 0.6085 0.5319 0.5529, 0.6163 0.51 0.5291, 0.6016 0.5212 0.5291, 0.6112 0.5041 0.5033, 0.5973 0.5146 0.5033, 0.6521 0.5162 0.5738, 0.639 0.5051 0.5529, 0.6293 0.4968 0.5291, 0.5488 0.5329 0.5033, 0.5485 0.5303 0.4764, 0.5658 0.5291 0.5033, 0.5651 0.5266 0.4764, 0.562 0.5273 0.4764, 0.5892 0.6082 0.6037, 0.5825 0.5853 0.591, 0.5765 0.5653 0.5738, 0.5717 0.5489 0.5529, 0.568 0.5367 0.5291, 0.6166 0.5978 0.6037, 0.6066 0.5762 0.591, 0.5979 0.5573 0.5738, 0.5907 0.5417 0.5529, 0.5854 0.5301 0.5291, 0.5821 0.523 0.5033, 0.581 0.5206 0.4764, 0.5904 0.5154 0.4764, 0.6214 0.49 0.4764, 0.6148 0.4967 0.4764, 0.6094 0.5021 0.4764, 0.5959 0.5124 0.4764, 0.5488 -0.5329 0.5033, 0.5315 -0.5342 0.5033, 0.5315 -0.5315 0.4764, 0.5315 -0.5355 0.5077, 0.5315 -0.5464 0.5373, 0.5315 -0.542 0.5291, 0.55 -0.5407 0.5291, 0.6387 -0.6458 0.6142, 0.6042 -0.6588 0.6142, 0.5966 -0.633 0.6115, 0.671 -0.628 0.6142, 0.6274 -0.6214 0.6115, 0.7003 -0.6057 0.6142, 0.6563 -0.6054 0.6115, 0.7262 -0.5795 0.6142, 0.6826 -0.5855 0.6115, 0.5573 -0.5909 0.591, 0.5607 -0.6145 0.6037, 0.5315 -0.6123 0.6018, 0.5644 -0.6401 0.6115, 0.5322 -0.6275 0.6077, 0.5317 -0.6166 0.6035, 0.5345 -0.6693 0.6142, 0.5342 -0.6647 0.6141, 0.5682 -0.6667 0.6142, 0.5331 -0.6458 0.6121, 0.5329 -0.6425 0.6113, 0.7057 -0.562 0.6115, 0.5892 -0.6082 0.6037, 0.6166 -0.5979 0.6037, 0.5825 -0.5854 0.591, 0.6066 -0.5763 0.591, 0.5543 -0.5702 0.5738, 0.5765 -0.5653 0.5738, 0.5979 -0.5573 0.5738, 0.639 -0.5051 0.5529, 0.6521 -0.5162 0.5738, 0.668 -0.5298 0.591, 0.6861 -0.5453 0.6037, 0.5907 -0.5417 0.5529, 0.5717 -0.5489 0.5529, 0.5518 -0.5533 0.5529, 0.5315 -0.5928 0.591, 0.5315 -0.5863 0.5857, 0.5315 -0.5719 0.5738, 0.5315 -0.5636 0.5638, 0.5315 -0.5547 0.5529, 0.568 -0.5367 0.5291, 0.5854 -0.5302 0.5291, 0.5658 -0.5292 0.5033, 0.5821 -0.5231 0.5033, 0.6293 -0.4969 0.5291, 0.6234 -0.4918 0.5033, 0.6214 -0.4901 0.4764, 0.6112 -0.5042 0.5033, 0.6094 -0.5022 0.4764, 0.6148 -0.4967 0.4764, 0.6655 -0.5661 0.6037, 0.6498 -0.5482 0.591, 0.6361 -0.5325 0.5738, 0.6247 -0.5196 0.5529, 0.6163 -0.51 0.5291, 0.6422 -0.5838 0.6037, 0.6292 -0.5638 0.591, 0.6179 -0.5463 0.5738, 0.6085 -0.5319 0.5529, 0.6016 -0.5212 0.5291, 0.5973 -0.5147 0.5033, 0.5959 -0.5124 0.4764, 0.5904 -0.5154 0.4764, 0.5485 -0.5303 0.4764, 0.562 -0.5273 0.4764, 0.5651 -0.5266 0.4764, 0.581 -0.5206 0.4764, 0.5275 -0.5353 0.5078, 0.5273 -0.5315 0.4764, 0.5275 -0.5354 0.5088, 0.5281 -0.5463 0.5375, 0.5281 -0.5476 0.5409, 0.529 -0.5637 0.5637, 0.5292 -0.568 0.5698, 0.5302 -0.5866 0.5853, 0.5306 -0.596 0.5931, 0.5098 0.5724 0.5721, 0.4911 0.5793 0.5721, 0.5034 0.6049 0.5946, 0.5169 0.6 0.5946, 0.4818 0.5599 0.5434, 0.5001 0.5347 0.4764, 0.4514 0.5591 0.4764, 0.4537 0.5622 0.5088, 0.4743 0.544 0.4764, 0.4761 0.5479 0.5103, 0.5011 0.5388 0.5103, 0.5045 0.5516 0.5434, 0.4544 0.5631 0.5119, 0.4611 0.5719 0.5409, 0.4628 0.5742 0.545, 0.4734 0.5883 0.5698, 0.476 0.5917 0.5733, 0.4903 0.6107 0.5931, 0.493 0.6143 0.5955, 0.5209 0.6157 0.6028, 0.5157 0.6176 0.6028, 0.5104 0.6195 0.6028, 0.5001 0.6237 0.6018, 0.5329 0.6651 0.6141, 0.5317 0.6656 0.6141, 0.5267 0.6481 0.6123, 0.5092 0.6358 0.6077, 0.5206 0.6315 0.6083, 0.513 0.6408 0.6092, 0.5203 0.6505 0.6121, 0.5105 -0.6197 0.6026, 0.5156 -0.6176 0.6029, 0.5206 -0.6315 0.6083, 0.5209 -0.6158 0.6026, 0.5267 -0.6481 0.6123, 0.5329 -0.6651 0.6141, 0.5001 -0.6238 0.6018, 0.5092 -0.6359 0.6077, 0.513 -0.6409 0.6092, 0.5203 -0.6505 0.6121, 0.5317 -0.6656 0.6141, 0.493 -0.6143 0.5955, 0.4903 -0.6107 0.5931, 0.5034 -0.605 0.5946, 0.476 -0.5917 0.5733, 0.4734 -0.5883 0.5698, 0.4911 -0.5793 0.5721, 0.5098 -0.5725 0.5721, 0.5169 -0.6001 0.5946, 0.4628 -0.5743 0.545, 0.4611 -0.572 0.5409, 0.4818 -0.5599 0.5434, 0.5045 -0.5516 0.5434, 0.5011 -0.5388 0.5103, 0.5001 -0.5347 0.4764, 0.4544 -0.5632 0.5119, 0.4537 -0.5622 0.5088, 0.4761 -0.5479 0.5103, 0.4514 -0.5591 0.4764, 0.4743 -0.5441 0.4764, 0.5125 0.6877 0.6142, 0.3765 0.622 0.4764, 0.3782 0.624 0.5033, 0.3799 0.626 0.5119, 0.3832 0.63 0.5291, 0.3887 0.6365 0.545, 0.3914 0.6397 0.5529, 0.4024 0.6529 0.5738, 0.4651 0.7275 0.6142, 0.4478 0.7069 0.6115, 0.4422 0.7003 0.6089, 0.4312 0.6871 0.6037, 0.4209 0.6749 0.5952, 0.4158 0.6689 0.591, 0.5125 -0.6877 0.6142, 0.4651 -0.7276 0.6142, 0.4478 -0.707 0.6115, 0.4422 -0.7004 0.6089, 0.4312 -0.6872 0.6037, 0.3765 -0.622 0.4764, 0.3782 -0.624 0.5033, 0.3799 -0.626 0.5119, 0.3832 -0.63 0.5291, 0.3887 -0.6365 0.545, 0.3914 -0.6398 0.5529, 0.4024 -0.6529 0.5738, 0.4158 -0.6689 0.591, 0.4209 -0.675 0.5952, 0.3646 0.6339 0.5033, 0.4362 0.7485 0.6142, 0.4046 0.7653 0.6142, 0.4219 0.7257 0.6115, 0.3711 0.7775 0.6142, 0.3937 0.7407 0.6115, 0.3362 0.7849 0.6142, 0.3637 0.7516 0.6115, 0.3324 0.7583 0.6115, 0.3006 0.7874 0.6142, 0.3006 0.7605 0.6115, 0.3006 0.7519 0.6089, 0.3288 0.7327 0.6037, 0.3006 0.7346 0.6037, 0.4082 0.7038 0.6037, 0.3956 0.6836 0.591, 0.3006 0.7188 0.5952, 0.3255 0.7091 0.591, 0.3006 0.7108 0.591, 0.3226 0.6884 0.5738, 0.3006 0.6899 0.5738, 0.3202 0.6714 0.5529, 0.3006 0.6728 0.5529, 0.3006 0.6686 0.545, 0.3185 0.6588 0.5291, 0.3006 0.6601 0.5291, 0.3832 0.7171 0.6037, 0.3566 0.7268 0.6037, 0.3735 0.6953 0.591, 0.35 0.7039 0.591, 0.365 0.6762 0.5738, 0.3442 0.6838 0.5738, 0.358 0.6606 0.5529, 0.3395 0.6673 0.5529, 0.3529 0.649 0.5291, 0.336 0.6551 0.5291, 0.3845 0.6659 0.5738, 0.3755 0.6513 0.5529, 0.3687 0.6405 0.5291, 0.3497 0.6418 0.5033, 0.3338 0.6476 0.5033, 0.3006 0.6548 0.5119, 0.3174 0.6511 0.5033, 0.3006 0.6522 0.5033, 0.317 0.6484 0.4764, 0.3006 0.6496 0.4764, 0.3277 0.6462 0.4764, 0.3631 0.6316 0.4764, 0.3534 0.6368 0.4764, 0.3486 0.6394 0.4764, 0.3331 0.645 0.4764, 0.3174 -0.6511 0.5033, 0.3006 -0.6523 0.5033, 0.3006 -0.6496 0.4764, 0.3006 -0.6549 0.5119, 0.3362 -0.7849 0.6142, 0.3006 -0.7874 0.6142, 0.3006 -0.7605 0.6115, 0.3711 -0.7775 0.6142, 0.3324 -0.7583 0.6115, 0.4046 -0.7653 0.6142, 0.3637 -0.7517 0.6115, 0.4362 -0.7485 0.6142, 0.3937 -0.7407 0.6115, 0.4219 -0.7257 0.6115, 0.4082 -0.7038 0.6037, 0.3006 -0.7519 0.6089, 0.3288 -0.7327 0.6037, 0.3006 -0.7347 0.6037, 0.3006 -0.7188 0.5952, 0.3255 -0.7091 0.591, 0.3956 -0.6836 0.591, 0.3845 -0.6659 0.5738, 0.3755 -0.6514 0.5529, 0.3687 -0.6406 0.5291, 0.3566 -0.7268 0.6037, 0.3832 -0.7171 0.6037, 0.35 -0.7039 0.591, 0.3735 -0.6954 0.591, 0.3442 -0.6838 0.5738, 0.365 -0.6763 0.5738, 0.3395 -0.6674 0.5529, 0.358 -0.6606 0.5529, 0.336 -0.6551 0.5291, 0.3529 -0.649 0.5291, 0.3226 -0.6884 0.5738, 0.3202 -0.6715 0.5529, 0.3185 -0.6589 0.5291, 0.3006 -0.6601 0.5291, 0.3006 -0.6686 0.545, 0.3006 -0.6728 0.5529, 0.3006 -0.69 0.5738, 0.3006 -0.7109 0.591, 0.3338 -0.6476 0.5033, 0.3497 -0.6418 0.5033, 0.3646 -0.6339 0.5033, 0.3631 -0.6317 0.4764, 0.3534 -0.6368 0.4764, 0.317 -0.6485 0.4764, 0.3277 -0.6462 0.4764, 0.3331 -0.6451 0.4764, 0.3486 -0.6394 0.4764, -0.3006 0.7874 0.6142, -0.3006 0.7605 0.6115, -0.3006 0.7519 0.6089, -0.3006 0.7346 0.6037, -0.3006 0.7188 0.5952, -0.3006 0.7108 0.591, -0.3006 0.6899 0.5738, -0.3006 0.6728 0.5529, -0.3006 0.6686 0.545, -0.3006 0.6601 0.5291, -0.3006 0.6548 0.5119, -0.3006 0.6522 0.5033, -0.3006 0.6496 0.4764, -0.3006 -0.6496 0.4764, -0.3006 -0.6523 0.5033, -0.3006 -0.6549 0.5119, -0.3006 -0.6601 0.5291, -0.3006 -0.6686 0.545, -0.3006 -0.6728 0.5529, -0.3006 -0.69 0.5738, -0.3006 -0.7109 0.591, -0.3006 -0.7188 0.5952, -0.3006 -0.7347 0.6037, -0.3006 -0.7519 0.6089, -0.3006 -0.7605 0.6115, -0.3006 -0.7874 0.6142, -0.3174 0.6511 0.5033, -0.3362 0.7849 0.6142, -0.3711 0.7775 0.6142, -0.3324 0.7583 0.6115, -0.4046 0.7653 0.6142, -0.3637 0.7516 0.6115, -0.4362 0.7485 0.6142, -0.3937 0.7407 0.6115, -0.4219 0.7257 0.6115, -0.4651 0.7275 0.6142, -0.4478 0.7069 0.6115, -0.4422 0.7003 0.6089, -0.4082 0.7038 0.6037, -0.4312 0.6871 0.6037, -0.3288 0.7327 0.6037, -0.3255 0.7091 0.591, -0.4209 0.6749 0.5952, -0.3956 0.6836 0.591, -0.4158 0.6689 0.591, -0.3845 0.6659 0.5738, -0.4024 0.6529 0.5738, -0.3755 0.6513 0.5529, -0.3914 0.6397 0.5529, -0.3887 0.6365 0.545, -0.3687 0.6405 0.5291, -0.3832 0.63 0.5291, -0.3566 0.7268 0.6037, -0.3832 0.7171 0.6037, -0.35 0.7039 0.591, -0.3735 0.6953 0.591, -0.3442 0.6838 0.5738, -0.365 0.6762 0.5738, -0.3395 0.6673 0.5529, -0.358 0.6606 0.5529, -0.336 0.6551 0.5291, -0.3529 0.649 0.5291, -0.3226 0.6884 0.5738, -0.3202 0.6714 0.5529, -0.3185 0.6588 0.5291, -0.3338 0.6476 0.5033, -0.3497 0.6418 0.5033, -0.3799 0.626 0.5119, -0.3646 0.6339 0.5033, -0.3782 0.624 0.5033, -0.3631 0.6316 0.4764, -0.3765 0.622 0.4764, -0.3534 0.6368 0.4764, -0.317 0.6484 0.4764, -0.3277 0.6462 0.4764, -0.3331 0.645 0.4764, -0.3486 0.6394 0.4764, -0.3646 -0.6339 0.5033, -0.3782 -0.624 0.5033, -0.3765 -0.622 0.4764, -0.3799 -0.626 0.5119, -0.4362 -0.7485 0.6142, -0.4651 -0.7276 0.6142, -0.4478 -0.707 0.6115, -0.4046 -0.7653 0.6142, -0.4219 -0.7257 0.6115, -0.3711 -0.7775 0.6142, -0.3937 -0.7407 0.6115, -0.3362 -0.7849 0.6142, -0.3637 -0.7517 0.6115, -0.3324 -0.7583 0.6115, -0.3288 -0.7327 0.6037, -0.4422 -0.7004 0.6089, -0.4082 -0.7038 0.6037, -0.4312 -0.6872 0.6037, -0.4209 -0.675 0.5952, -0.3956 -0.6836 0.591, -0.3255 -0.7091 0.591, -0.3226 -0.6884 0.5738, -0.3202 -0.6715 0.5529, -0.3185 -0.6589 0.5291, -0.3832 -0.7171 0.6037, -0.3566 -0.7268 0.6037, -0.3735 -0.6954 0.591, -0.35 -0.7039 0.591, -0.365 -0.6763 0.5738, -0.3442 -0.6838 0.5738, -0.358 -0.6606 0.5529, -0.3395 -0.6674 0.5529, -0.3529 -0.649 0.5291, -0.336 -0.6551 0.5291, -0.3845 -0.6659 0.5738, -0.3755 -0.6514 0.5529, -0.3687 -0.6406 0.5291, -0.3832 -0.63 0.5291, -0.3887 -0.6365 0.545, -0.3914 -0.6398 0.5529, -0.4024 -0.6529 0.5738, -0.4158 -0.6689 0.591, -0.3497 -0.6418 0.5033, -0.3338 -0.6476 0.5033, -0.3174 -0.6511 0.5033, -0.317 -0.6485 0.4764, -0.3277 -0.6462 0.4764, -0.3631 -0.6317 0.4764, -0.3534 -0.6368 0.4764, -0.3486 -0.6394 0.4764, -0.3331 -0.6451 0.4764, -0.493 0.6143 0.5955, -0.4903 0.6107 0.5931, -0.5034 0.6049 0.5946, -0.476 0.5917 0.5733, -0.4734 0.5883 0.5698, -0.4911 0.5793 0.5721, -0.5098 0.5724 0.5721, -0.5169 0.6 0.5946, -0.4628 0.5742 0.545, -0.4611 0.5719 0.5409, -0.4818 0.5599 0.5434, -0.5281 0.5462 0.5375, -0.5281 0.5475 0.5409, -0.5045 0.5516 0.5434, -0.5275 0.5353 0.5088, -0.5011 0.5388 0.5103, -0.5275 0.5352 0.5078, -0.5001 0.5347 0.4764, -0.5273 0.5315 0.4764, -0.4544 0.5631 0.5119, -0.4537 0.5622 0.5088, -0.4761 0.5479 0.5103, -0.4514 0.5591 0.4764, -0.4743 0.544 0.4764, -0.529 0.5637 0.5637, -0.5292 0.5679 0.5698, -0.5302 0.5866 0.5853, -0.5306 0.596 0.5931, -0.5315 0.6123 0.6018, -0.5001 0.6237 0.6018, -0.5104 0.6195 0.6028, -0.5157 0.6176 0.6028, -0.5209 0.6157 0.6028, -0.5317 0.6656 0.6141, -0.5345 0.6693 0.6142, -0.5125 0.6877 0.6142, -0.513 0.6408 0.6092, -0.5203 0.6505 0.6121, -0.5092 0.6358 0.6077, -0.5345 -0.6693 0.6142, -0.5317 -0.6656 0.6141, -0.5125 -0.6877 0.6142, -0.5203 -0.6505 0.6121, -0.513 -0.6409 0.6092, -0.4514 -0.5591 0.4764, -0.4537 -0.5622 0.5088, -0.4544 -0.5632 0.5119, -0.4611 -0.572 0.5409, -0.4628 -0.5743 0.545, -0.4734 -0.5883 0.5698, -0.5092 -0.6359 0.6077, -0.5001 -0.6238 0.6018, -0.493 -0.6143 0.5955, -0.4903 -0.6107 0.5931, -0.476 -0.5917 0.5733, -0.5302 -0.5866 0.5853, -0.5292 -0.568 0.5698, -0.5098 -0.5725 0.5721, -0.4911 -0.5793 0.5721, -0.5034 -0.605 0.5946, -0.5169 -0.6001 0.5946, -0.4818 -0.5599 0.5434, -0.5275 -0.5353 0.5078, -0.5273 -0.5315 0.4764, -0.5001 -0.5347 0.4764, -0.4743 -0.5441 0.4764, -0.4761 -0.5479 0.5103, -0.5011 -0.5388 0.5103, -0.5045 -0.5516 0.5434, -0.529 -0.5637 0.5637, -0.5281 -0.5476 0.5409, -0.5281 -0.5463 0.5375, -0.5275 -0.5354 0.5088, -0.5306 -0.596 0.5931, -0.5315 -0.6123 0.6018, -0.5209 -0.6157 0.6028, -0.5157 -0.6176 0.6028, -0.5104 -0.6196 0.6028, -0.5315 0.5315 0.4764, -0.5315 0.5341 0.5033, -0.5315 0.5355 0.5077, -0.5315 0.542 0.5291, -0.5315 0.5464 0.5373, -0.5315 0.5547 0.5529, -0.5315 0.5636 0.5638, -0.5315 0.5718 0.5738, -0.5315 0.5863 0.5857, -0.5315 0.5927 0.591, -0.5206 0.6315 0.6083, -0.5317 0.6166 0.6035, -0.5329 0.6424 0.6113, -0.5267 0.6481 0.6123, -0.5322 0.6274 0.6077, -0.5331 0.6457 0.6121, -0.5342 0.6646 0.6141, -0.5329 0.6651 0.6141, -0.5329 -0.6651 0.6141, -0.5267 -0.6481 0.6123, -0.5206 -0.6315 0.6083, -0.5317 -0.6166 0.6035, -0.5322 -0.6275 0.6077, -0.5329 -0.6425 0.6113, -0.5331 -0.6458 0.6121, -0.5342 -0.6647 0.6141, -0.5315 -0.5928 0.591, -0.5315 -0.5863 0.5857, -0.5315 -0.5719 0.5738, -0.5315 -0.5315 0.4764, -0.5315 -0.5342 0.5033, -0.5315 -0.5355 0.5077, -0.5315 -0.542 0.5291, -0.5315 -0.5464 0.5373, -0.5315 -0.5547 0.5529, -0.5315 -0.5636 0.5638, -0.5488 0.5329 0.5033, -0.55 0.5406 0.5291, -0.6387 0.6457 0.6142, -0.6042 0.6587 0.6142, -0.5966 0.6329 0.6115, -0.671 0.6279 0.6142, -0.6274 0.6213 0.6115, -0.7003 0.6057 0.6142, -0.6563 0.6054 0.6115, -0.7262 0.5794 0.6142, -0.6826 0.5855 0.6115, -0.5573 0.5909 0.591, -0.5607 0.6144 0.6037, -0.5644 0.64 0.6115, -0.5682 0.6666 0.6142, -0.7057 0.562 0.6115, -0.748 0.5497 0.6142, -0.7254 0.5355 0.6106, -0.5892 0.6082 0.6037, -0.6166 0.5978 0.6037, -0.5825 0.5853 0.591, -0.6066 0.5762 0.591, -0.5543 0.5702 0.5738, -0.5765 0.5653 0.5738, -0.5979 0.5573 0.5738, -0.6471 0.4862 0.5453, -0.6517 0.4891 0.5524, -0.639 0.5051 0.5529, -0.6656 0.4978 0.5738, -0.6521 0.5162 0.5738, -0.6837 0.5092 0.5902, -0.668 0.5298 0.591, -0.6897 0.513 0.5957, -0.6861 0.5452 0.6037, -0.7038 0.5219 0.6026, -0.7179 0.5307 0.6095, -0.5907 0.5417 0.5529, -0.5717 0.5489 0.5529, -0.5518 0.5532 0.5529, -0.568 0.5367 0.5291, -0.5854 0.5301 0.5291, -0.5658 0.5291 0.5033, -0.5821 0.523 0.5033, -0.6412 0.4825 0.5287, -0.6293 0.4968 0.5291, -0.6354 0.4788 0.512, -0.6234 0.4917 0.5033, -0.6344 0.4782 0.5031, -0.6214 0.49 0.4764, -0.6314 0.4763 0.4764, -0.6112 0.5041 0.5033, -0.6094 0.5021 0.4764, -0.6148 0.4967 0.4764, -0.6655 0.566 0.6037, -0.6498 0.5481 0.591, -0.6361 0.5324 0.5738, -0.6247 0.5196 0.5529, -0.6163 0.51 0.5291, -0.6422 0.5837 0.6037, -0.6292 0.5637 0.591, -0.6179 0.5462 0.5738, -0.6085 0.5319 0.5529, -0.6016 0.5212 0.5291, -0.5973 0.5146 0.5033, -0.5959 0.5124 0.4764, -0.5904 0.5154 0.4764, -0.5485 0.5303 0.4764, -0.562 0.5273 0.4764, -0.5651 0.5266 0.4764, -0.581 0.5206 0.4764, -0.6234 -0.4918 0.5033, -0.6344 -0.4782 0.5031, -0.6314 -0.4764 0.4764, -0.7003 -0.6057 0.6142, -0.7262 -0.5795 0.6142, -0.7057 -0.562 0.6115, -0.671 -0.628 0.6142, -0.6826 -0.5855 0.6115, -0.6387 -0.6458 0.6142, -0.6563 -0.6054 0.6115, -0.6042 -0.6588 0.6142, -0.6274 -0.6214 0.6115, -0.5682 -0.6667 0.6142, -0.5966 -0.633 0.6115, -0.5644 -0.6401 0.6115, -0.5607 -0.6145 0.6037, -0.5573 -0.5909 0.591, -0.6897 -0.5131 0.5957, -0.668 -0.5298 0.591, -0.7038 -0.5219 0.6026, -0.6861 -0.5453 0.6037, -0.7179 -0.5308 0.6095, -0.7254 -0.5355 0.6106, -0.748 -0.5498 0.6142, -0.5543 -0.5702 0.5738, -0.5518 -0.5533 0.5529, -0.55 -0.5407 0.5291, -0.6655 -0.5661 0.6037, -0.6422 -0.5838 0.6037, -0.6498 -0.5482 0.591, -0.6292 -0.5638 0.591, -0.6361 -0.5325 0.5738, -0.6179 -0.5463 0.5738, -0.6247 -0.5196 0.5529, -0.6085 -0.5319 0.5529, -0.6163 -0.51 0.5291, -0.6016 -0.5212 0.5291, -0.6112 -0.5042 0.5033, -0.5973 -0.5147 0.5033, -0.6521 -0.5162 0.5738, -0.639 -0.5051 0.5529, -0.6293 -0.4969 0.5291, -0.6837 -0.5093 0.5902, -0.6656 -0.4979 0.5738, -0.6517 -0.4891 0.5524, -0.6471 -0.4862 0.5453, -0.6412 -0.4825 0.5287, -0.6354 -0.4789 0.512, -0.5488 -0.5329 0.5033, -0.5485 -0.5303 0.4764, -0.5658 -0.5292 0.5033, -0.5651 -0.5266 0.4764, -0.562 -0.5273 0.4764, -0.5892 -0.6082 0.6037, -0.5825 -0.5854 0.591, -0.5765 -0.5653 0.5738, -0.5717 -0.5489 0.5529, -0.568 -0.5367 0.5291, -0.6166 -0.5979 0.6037, -0.6066 -0.5763 0.591, -0.5979 -0.5573 0.5738, -0.5907 -0.5417 0.5529, -0.5854 -0.5302 0.5291, -0.5821 -0.5231 0.5033, -0.581 -0.5206 0.4764, -0.5904 -0.5154 0.4764, -0.6214 -0.4901 0.4764, -0.6148 -0.4967 0.4764, -0.6094 -0.5022 0.4764, -0.5959 -0.5124 0.4764, -0.7161 0.4134 0.5995, -0.7209 0.4134 0.6028, -0.7208 0.4303 0.6029, -0.6889 0.4134 0.5774, -0.6969 0.4134 0.586, -0.6967 0.4281 0.5862, -0.6516 0.4303 0.5111, -0.6524 0.4231 0.5112, -0.6616 0.4244 0.5392, -0.6455 0.4439 0.4798, -0.647 0.4378 0.4806, -0.65 0.4401 0.5108, -0.7179 0.5251 0.6087, -0.6901 0.5085 0.5945, -0.6663 0.4942 0.5726, -0.6482 0.4831 0.5443, -0.6334 0.4731 0.4764, -0.637 0.4759 0.5115, -0.6338 0.4724 0.4765, -0.6406 0.4686 0.5107, -0.6375 0.4655 0.477, -0.6384 0.4636 0.4772, -0.6415 0.4667 0.5106, -0.6419 0.4552 0.4783, -0.6448 0.4584 0.5104, -0.6448 0.4467 0.4795, -0.6477 0.4495 0.5105, -0.6511 0.4752 0.5424, -0.6518 0.4732 0.542, -0.6547 0.4641 0.5408, -0.6573 0.4541 0.54, -0.6594 0.4436 0.5395, -0.6683 0.485 0.5701, -0.6688 0.4826 0.5696, -0.671 0.4719 0.5677, -0.6731 0.4604 0.5663, -0.6748 0.4483 0.5654, -0.6761 0.4355 0.5648, -0.6912 0.4973 0.5921, -0.6915 0.4944 0.5916, -0.6928 0.4816 0.5897, -0.6942 0.468 0.5882, -0.6954 0.4538 0.5871, -0.6963 0.439 0.5864, -0.6496 0.4134 0.4821, -0.6493 0.4222 0.4819, -0.6486 0.4288 0.4815, -0.6527 0.4134 0.5113, -0.6546 0.4134 0.5169, -0.662 0.4134 0.5392, -0.668 0.4134 0.5493, -0.6609 0.4326 0.5393, -0.6766 0.4261 0.5646, -0.6769 0.4134 0.5645, -0.7206 0.4428 0.6032, -0.7202 0.4599 0.6037, -0.7196 0.4765 0.6044, -0.719 0.4925 0.6054, -0.7184 0.5079 0.6068, -0.7183 0.5113 0.6071, -0.748 0.5429 0.6142, -0.748 0.5263 0.6142, -0.748 0.5221 0.6142, -0.748 0.5041 0.6142, -0.748 0.4855 0.6142, -0.748 0.4664 0.6142, -0.748 0.4469 0.6142, -0.748 0.4326 0.6142, -0.748 0.4134 0.6142, -0.6546 -0.4134 0.5169, -0.6527 -0.4134 0.5113, -0.6524 -0.4232 0.5112, -0.668 -0.4134 0.5493, -0.662 -0.4134 0.5392, -0.6616 -0.4245 0.5392, -0.7206 -0.4429 0.6032, -0.7208 -0.4303 0.6029, -0.6967 -0.4281 0.5862, -0.6482 -0.4831 0.5443, -0.6901 -0.5086 0.5945, -0.748 -0.5429 0.6142, -0.7179 -0.5252 0.6087, -0.6334 -0.4732 0.4764, -0.637 -0.476 0.5115, -0.748 -0.5263 0.6142, -0.7183 -0.5114 0.6071, -0.748 -0.5222 0.6142, -0.7184 -0.5079 0.6068, -0.748 -0.5041 0.6142, -0.719 -0.4926 0.6054, -0.6912 -0.4973 0.5921, -0.6915 -0.4945 0.5916, -0.6928 -0.4817 0.5897, -0.6942 -0.4681 0.5882, -0.6338 -0.4724 0.4765, -0.6406 -0.4686 0.5107, -0.6375 -0.4655 0.477, -0.6415 -0.4668 0.5106, -0.6384 -0.4636 0.4772, -0.6448 -0.4584 0.5104, -0.6419 -0.4553 0.4783, -0.6477 -0.4495 0.5105, -0.6448 -0.4467 0.4795, -0.6663 -0.4942 0.5726, -0.6683 -0.485 0.5701, -0.6688 -0.4827 0.5696, -0.671 -0.472 0.5677, -0.6731 -0.4605 0.5663, -0.6748 -0.4483 0.5654, -0.6511 -0.4753 0.5424, -0.6518 -0.4733 0.542, -0.6547 -0.4641 0.5408, -0.6573 -0.4542 0.54, -0.6594 -0.4437 0.5395, -0.6609 -0.4326 0.5393, -0.65 -0.4401 0.5108, -0.6516 -0.4304 0.5111, -0.748 -0.4134 0.6142, -0.748 -0.4326 0.6142, -0.748 -0.4469 0.6142, -0.7209 -0.4134 0.6028, -0.7161 -0.4134 0.5995, -0.6969 -0.4134 0.586, -0.6889 -0.4134 0.5774, -0.748 -0.4664 0.6142, -0.7202 -0.46 0.6037, -0.6963 -0.439 0.5864, -0.6766 -0.4262 0.5646, -0.6769 -0.4134 0.5645, -0.748 -0.4855 0.6142, -0.7196 -0.4766 0.6044, -0.6954 -0.4538 0.5871, -0.6761 -0.4356 0.5648, -0.6455 -0.444 0.4798, -0.647 -0.4379 0.4806, -0.6486 -0.4289 0.4815, -0.6493 -0.4223 0.4819, -0.6496 -0.4134 0.4821
            ]
        }
        coordIndex [
            0,1,2,-1,2,1,3,-1,2,3,4,-1,4,3,5,-1,4,5,6,-1,6,5,7,-1,6,7,8,-1,8,7,9,-1,8,9,10,-1,10,9,11,-1,10,11,12,-1,12,11,13,-1,12,13,14,-1,14,13,15,-1,14,15,16,-1,16,15,17,-1,16,17,18,-1,18,17,19,-1,18,19,20,-1,20,19,21,-1,20,21,22,-1,22,21,23,-1,22,23,24,-1,24,23,25,-1,26,27,28,-1,27,26,29,-1,30,31,32,-1,33,30,34,-1,35,33,36,-1,37,35,38,-1,37,39,40,-1,40,39,41,-1,41,39,42,-1,42,39,43,-1,42,43,44,-1,30,32,34,-1,34,32,45,-1,34,45,46,-1,45,47,46,-1,46,47,48,-1,46,48,49,-1,44,43,50,-1,50,43,51,-1,50,51,52,-1,52,51,53,-1,52,53,54,-1,54,53,55,-1,54,55,56,-1,56,55,57,-1,57,55,58,-1,57,58,59,-1,35,36,38,-1,38,36,60,-1,38,60,61,-1,61,60,62,-1,61,62,63,-1,63,62,64,-1,63,64,65,-1,65,64,66,-1,65,66,67,-1,67,66,68,-1,67,68,69,-1,33,34,36,-1,36,34,46,-1,36,46,60,-1,60,46,49,-1,60,49,62,-1,62,49,70,-1,62,70,64,-1,64,70,71,-1,64,71,66,-1,66,71,72,-1,66,72,68,-1,73,72,74,-1,74,72,71,-1,74,71,75,-1,75,71,70,-1,75,70,76,-1,76,70,49,-1,76,49,77,-1,77,49,48,-1,73,29,72,-1,72,29,26,-1,72,26,68,-1,68,26,78,-1,68,78,69,-1,69,78,79,-1,59,58,80,-1,80,58,81,-1,80,81,82,-1,82,81,83,-1,82,83,84,-1,37,38,39,-1,39,38,61,-1,39,61,43,-1,43,61,63,-1,43,63,51,-1,51,63,65,-1,51,65,53,-1,53,65,67,-1,53,67,55,-1,55,67,69,-1,55,69,58,-1,58,69,79,-1,58,79,81,-1,81,79,85,-1,81,85,83,-1,28,86,26,-1,26,86,87,-1,26,87,78,-1,78,87,88,-1,78,88,79,-1,79,88,89,-1,79,89,85,-1,90,91,92,-1,90,92,93,-1,93,92,94,-1,93,94,95,-1,95,94,96,-1,95,96,97,-1,98,99,100,-1,100,99,101,-1,100,101,102,-1,102,101,103,-1,102,103,104,-1,104,103,105,-1,104,105,106,-1,106,105,107,-1,106,107,108,-1,108,107,97,-1,108,97,109,-1,109,97,96,-1,110,3,1,-1,111,112,113,-1,114,25,23,-1,115,116,117,-1,115,117,118,-1,119,120,118,-1,120,119,121,-1,121,119,122,-1,121,122,123,-1,123,122,91,-1,91,122,124,-1,91,124,92,-1,125,112,126,-1,126,112,111,-1,126,111,127,-1,128,113,129,-1,129,113,112,-1,129,112,130,-1,130,112,125,-1,130,125,131,-1,114,23,132,-1,132,23,21,-1,132,21,133,-1,134,128,135,-1,135,128,129,-1,135,129,136,-1,136,129,130,-1,136,130,137,-1,137,130,131,-1,137,131,138,-1,21,19,133,-1,133,19,17,-1,133,17,139,-1,92,124,94,-1,94,124,140,-1,94,140,96,-1,141,134,142,-1,142,134,135,-1,142,135,143,-1,143,135,136,-1,143,136,144,-1,144,136,137,-1,144,137,145,-1,145,137,138,-1,145,138,146,-1,96,140,109,-1,109,140,147,-1,109,147,108,-1,148,141,149,-1,149,141,142,-1,149,142,150,-1,150,142,143,-1,150,143,139,-1,139,143,144,-1,139,144,133,-1,133,144,145,-1,133,145,132,-1,132,145,146,-1,132,146,114,-1,108,147,106,-1,106,147,151,-1,106,151,104,-1,152,153,154,-1,155,153,156,-1,156,153,152,-1,156,152,157,-1,158,159,160,-1,160,159,157,-1,160,157,161,-1,161,157,152,-1,161,152,162,-1,162,152,154,-1,162,154,163,-1,117,164,165,-1,165,164,166,-1,165,166,167,-1,167,166,168,-1,167,168,169,-1,169,168,170,-1,169,170,171,-1,171,170,172,-1,171,172,173,-1,173,172,174,-1,173,174,175,-1,175,174,176,-1,175,176,177,-1,177,176,178,-1,164,179,166,-1,166,179,180,-1,166,180,168,-1,168,180,181,-1,168,181,170,-1,170,181,182,-1,170,182,172,-1,172,182,183,-1,172,183,174,-1,174,183,184,-1,174,184,176,-1,176,184,185,-1,176,185,178,-1,178,185,110,-1,17,15,139,-1,139,15,13,-1,139,13,150,-1,150,13,11,-1,150,11,149,-1,149,11,9,-1,149,9,148,-1,148,9,7,-1,148,7,5,-1,179,127,180,-1,180,127,111,-1,180,111,181,-1,181,111,113,-1,181,113,182,-1,182,113,128,-1,182,128,183,-1,183,128,134,-1,183,134,184,-1,184,134,141,-1,184,141,185,-1,185,141,148,-1,185,148,110,-1,110,148,5,-1,110,5,3,-1,104,151,102,-1,102,151,186,-1,102,186,100,-1,100,186,187,-1,100,187,98,-1,188,189,190,-1,119,191,122,-1,122,191,192,-1,122,192,124,-1,124,192,193,-1,124,193,140,-1,140,193,194,-1,140,194,147,-1,147,194,195,-1,147,195,151,-1,151,195,188,-1,151,188,186,-1,186,188,190,-1,186,190,187,-1,191,196,192,-1,192,196,197,-1,192,197,193,-1,193,197,198,-1,193,198,194,-1,194,198,199,-1,194,199,195,-1,195,199,200,-1,195,200,188,-1,188,200,201,-1,188,201,189,-1,196,163,197,-1,197,163,154,-1,197,154,198,-1,198,154,153,-1,198,153,199,-1,199,153,155,-1,199,155,200,-1,200,155,202,-1,200,202,201,-1,159,203,157,-1,157,203,204,-1,157,204,156,-1,156,204,205,-1,156,205,155,-1,155,205,206,-1,155,206,202,-1,118,117,119,-1,119,117,165,-1,119,165,191,-1,191,165,167,-1,191,167,196,-1,196,167,169,-1,196,169,163,-1,163,169,171,-1,163,171,162,-1,162,171,173,-1,162,173,161,-1,161,173,175,-1,161,175,160,-1,160,175,177,-1,160,177,158,-1,1,207,110,-1,110,207,208,-1,110,208,178,-1,178,208,209,-1,178,209,177,-1,177,209,210,-1,177,210,158,-1,211,28,212,-1,212,28,27,-1,212,27,213,-1,213,27,29,-1,213,29,214,-1,214,29,73,-1,214,73,215,-1,215,73,74,-1,215,74,216,-1,216,74,75,-1,216,75,217,-1,217,75,76,-1,217,76,218,-1,218,76,77,-1,218,77,219,-1,219,77,48,-1,219,48,220,-1,220,48,47,-1,220,47,221,-1,221,47,45,-1,221,45,222,-1,222,45,32,-1,222,32,223,-1,223,32,31,-1,101,99,224,-1,105,103,225,-1,226,227,228,-1,229,230,231,-1,232,233,234,-1,234,233,235,-1,90,93,226,-1,233,229,235,-1,235,229,231,-1,235,231,236,-1,237,238,236,-1,236,238,239,-1,236,239,235,-1,235,239,240,-1,235,240,234,-1,241,237,228,-1,228,237,236,-1,228,236,226,-1,226,236,231,-1,226,231,90,-1,90,231,230,-1,90,230,91,-1,93,95,226,-1,226,95,97,-1,226,97,227,-1,227,97,107,-1,227,107,105,-1,242,243,244,-1,105,225,227,-1,227,225,242,-1,227,242,228,-1,228,242,244,-1,228,244,241,-1,245,243,246,-1,246,243,242,-1,246,242,224,-1,224,242,225,-1,224,225,101,-1,101,225,103,-1,116,247,248,-1,248,247,249,-1,233,232,250,-1,251,229,233,-1,233,250,251,-1,251,250,252,-1,251,252,249,-1,249,252,253,-1,249,253,248,-1,91,230,123,-1,123,230,229,-1,123,229,121,-1,121,229,251,-1,121,251,120,-1,120,251,249,-1,120,249,118,-1,118,249,247,-1,118,247,115,-1,115,247,116,-1,254,255,256,-1,255,254,257,-1,258,259,260,-1,261,258,262,-1,263,261,264,-1,265,263,266,-1,265,267,223,-1,223,267,222,-1,222,267,221,-1,221,267,268,-1,221,268,220,-1,258,260,262,-1,262,260,269,-1,262,269,270,-1,269,271,270,-1,270,271,272,-1,270,272,273,-1,220,268,219,-1,219,268,274,-1,219,274,218,-1,218,274,275,-1,218,275,217,-1,217,275,276,-1,217,276,216,-1,216,276,215,-1,215,276,277,-1,215,277,214,-1,263,264,266,-1,266,264,278,-1,266,278,279,-1,279,278,280,-1,279,280,281,-1,281,280,282,-1,281,282,283,-1,283,282,284,-1,283,284,285,-1,285,284,286,-1,285,286,287,-1,261,262,264,-1,264,262,270,-1,264,270,278,-1,278,270,273,-1,278,273,280,-1,280,273,288,-1,280,288,282,-1,282,288,289,-1,282,289,284,-1,284,289,290,-1,284,290,286,-1,291,290,292,-1,292,290,289,-1,292,289,293,-1,293,289,288,-1,293,288,294,-1,294,288,273,-1,294,273,295,-1,295,273,272,-1,291,257,290,-1,290,257,254,-1,290,254,286,-1,286,254,296,-1,286,296,287,-1,287,296,297,-1,214,277,213,-1,213,277,298,-1,213,298,212,-1,212,298,299,-1,212,299,211,-1,265,266,267,-1,267,266,279,-1,267,279,268,-1,268,279,281,-1,268,281,274,-1,274,281,283,-1,274,283,275,-1,275,283,285,-1,275,285,276,-1,276,285,287,-1,276,287,277,-1,277,287,297,-1,277,297,298,-1,298,297,300,-1,298,300,299,-1,256,301,254,-1,254,301,302,-1,254,302,296,-1,296,302,303,-1,296,303,297,-1,297,303,304,-1,297,304,300,-1,305,306,253,-1,306,307,253,-1,253,307,308,-1,253,308,248,-1,248,308,116,-1,245,309,243,-1,243,309,310,-1,243,310,244,-1,244,310,311,-1,244,311,241,-1,241,311,312,-1,241,312,237,-1,312,313,237,-1,237,313,314,-1,237,314,238,-1,238,314,315,-1,253,252,305,-1,305,252,250,-1,305,250,316,-1,316,250,232,-1,316,232,317,-1,317,232,234,-1,317,234,318,-1,318,234,240,-1,318,240,315,-1,315,240,239,-1,315,239,238,-1,319,310,309,-1,310,319,311,-1,320,307,306,-1,321,320,322,-1,323,321,324,-1,325,323,326,-1,325,327,328,-1,328,327,329,-1,329,327,330,-1,330,327,331,-1,330,331,332,-1,320,306,322,-1,322,306,305,-1,322,305,333,-1,305,316,333,-1,333,316,317,-1,333,317,334,-1,332,331,335,-1,335,331,336,-1,335,336,337,-1,337,336,338,-1,337,338,339,-1,339,338,340,-1,339,340,341,-1,341,340,342,-1,342,340,343,-1,342,343,344,-1,323,324,326,-1,326,324,345,-1,326,345,346,-1,346,345,347,-1,346,347,348,-1,348,347,349,-1,348,349,350,-1,350,349,351,-1,350,351,352,-1,352,351,353,-1,352,353,354,-1,321,322,324,-1,324,322,333,-1,324,333,345,-1,345,333,334,-1,345,334,347,-1,347,334,355,-1,347,355,349,-1,349,355,356,-1,349,356,351,-1,351,356,357,-1,351,357,353,-1,312,357,313,-1,313,357,356,-1,313,356,314,-1,314,356,355,-1,314,355,315,-1,315,355,334,-1,315,334,318,-1,318,334,317,-1,312,311,357,-1,357,311,319,-1,357,319,353,-1,353,319,358,-1,353,358,354,-1,354,358,359,-1,344,343,360,-1,360,343,361,-1,360,361,362,-1,362,361,363,-1,362,363,364,-1,325,326,327,-1,327,326,346,-1,327,346,331,-1,331,346,348,-1,331,348,336,-1,336,348,350,-1,336,350,338,-1,338,350,352,-1,338,352,340,-1,340,352,354,-1,340,354,343,-1,343,354,359,-1,343,359,361,-1,361,359,365,-1,361,365,363,-1,309,366,319,-1,319,366,367,-1,319,367,358,-1,358,367,368,-1,358,368,359,-1,359,368,369,-1,359,369,365,-1,370,328,371,-1,371,328,329,-1,371,329,372,-1,372,329,330,-1,372,330,373,-1,373,330,332,-1,373,332,374,-1,374,332,335,-1,374,335,375,-1,375,335,337,-1,375,337,376,-1,376,337,339,-1,376,339,377,-1,377,339,341,-1,377,341,378,-1,378,341,342,-1,378,342,379,-1,379,342,344,-1,379,344,380,-1,380,344,360,-1,380,360,381,-1,381,360,362,-1,381,362,382,-1,382,362,364,-1,383,381,382,-1,381,383,380,-1,384,370,371,-1,385,384,386,-1,387,385,388,-1,389,387,390,-1,389,391,392,-1,392,391,393,-1,393,391,394,-1,394,391,395,-1,394,395,396,-1,384,371,386,-1,386,371,372,-1,386,372,397,-1,372,373,397,-1,397,373,374,-1,397,374,398,-1,396,395,399,-1,399,395,400,-1,399,400,401,-1,401,400,402,-1,401,402,403,-1,403,402,404,-1,403,404,405,-1,405,404,406,-1,406,404,407,-1,406,407,408,-1,387,388,390,-1,390,388,409,-1,390,409,410,-1,410,409,411,-1,410,411,412,-1,412,411,413,-1,412,413,414,-1,414,413,415,-1,414,415,416,-1,416,415,417,-1,416,417,418,-1,385,386,388,-1,388,386,397,-1,388,397,409,-1,409,397,398,-1,409,398,411,-1,411,398,419,-1,411,419,413,-1,413,419,420,-1,413,420,415,-1,415,420,421,-1,415,421,417,-1,379,421,378,-1,378,421,420,-1,378,420,377,-1,377,420,419,-1,377,419,376,-1,376,419,398,-1,376,398,375,-1,375,398,374,-1,379,380,421,-1,421,380,383,-1,421,383,417,-1,417,383,422,-1,417,422,418,-1,418,422,423,-1,408,407,424,-1,424,407,425,-1,424,425,426,-1,426,425,427,-1,426,427,428,-1,389,390,391,-1,391,390,410,-1,391,410,395,-1,395,410,412,-1,395,412,400,-1,400,412,414,-1,400,414,402,-1,402,414,416,-1,402,416,404,-1,404,416,418,-1,404,418,407,-1,407,418,423,-1,407,423,425,-1,425,423,429,-1,425,429,427,-1,382,430,383,-1,383,430,431,-1,383,431,422,-1,422,431,432,-1,422,432,423,-1,423,432,433,-1,423,433,429,-1,434,435,436,-1,436,435,437,-1,436,437,438,-1,438,437,439,-1,438,439,440,-1,440,439,441,-1,440,441,442,-1,442,441,443,-1,442,443,444,-1,444,443,445,-1,444,445,446,-1,446,445,447,-1,446,447,448,-1,448,447,449,-1,448,449,450,-1,450,449,451,-1,450,451,452,-1,452,451,453,-1,452,453,454,-1,454,453,455,-1,454,455,456,-1,456,455,457,-1,456,457,458,-1,458,457,459,-1,460,461,462,-1,462,463,460,-1,460,463,464,-1,460,464,465,-1,465,464,466,-1,465,466,467,-1,467,466,468,-1,467,468,469,-1,469,468,470,-1,469,470,471,-1,471,470,472,-1,471,472,473,-1,473,472,474,-1,473,474,475,-1,474,476,475,-1,475,476,477,-1,475,477,478,-1,478,477,479,-1,480,481,482,-1,392,483,482,-1,482,483,484,-1,482,484,480,-1,392,393,483,-1,483,393,394,-1,483,394,485,-1,485,394,396,-1,428,486,426,-1,426,486,487,-1,426,487,424,-1,424,487,488,-1,424,488,408,-1,408,488,489,-1,408,489,406,-1,406,489,490,-1,406,490,405,-1,405,490,491,-1,405,491,403,-1,403,491,492,-1,403,492,401,-1,401,492,493,-1,401,493,399,-1,399,493,494,-1,399,494,396,-1,396,494,495,-1,396,495,485,-1,496,463,462,-1,463,496,464,-1,468,466,497,-1,498,499,500,-1,501,498,502,-1,503,501,504,-1,505,503,506,-1,507,505,508,-1,509,507,510,-1,511,509,512,-1,513,511,514,-1,515,516,479,-1,517,518,516,-1,516,518,519,-1,516,519,479,-1,481,520,521,-1,521,520,522,-1,521,522,517,-1,517,522,523,-1,517,523,518,-1,513,524,435,-1,435,524,437,-1,437,524,439,-1,439,524,525,-1,439,525,441,-1,498,500,502,-1,502,500,526,-1,502,526,527,-1,527,526,528,-1,527,528,529,-1,530,528,515,-1,515,528,526,-1,515,526,516,-1,516,526,500,-1,516,500,517,-1,517,500,499,-1,517,499,521,-1,531,532,529,-1,441,525,443,-1,443,525,533,-1,443,533,445,-1,445,533,534,-1,445,534,447,-1,447,534,535,-1,447,535,449,-1,536,532,537,-1,537,532,531,-1,537,531,538,-1,479,477,515,-1,515,477,476,-1,515,476,530,-1,530,476,474,-1,530,474,472,-1,529,528,531,-1,531,528,530,-1,531,530,538,-1,538,530,472,-1,538,472,470,-1,449,535,451,-1,451,535,539,-1,451,539,453,-1,470,468,538,-1,538,468,497,-1,538,497,537,-1,537,497,540,-1,537,540,536,-1,536,540,541,-1,466,464,497,-1,497,464,496,-1,497,496,540,-1,540,496,542,-1,540,542,541,-1,541,542,543,-1,453,539,455,-1,455,539,544,-1,455,544,457,-1,457,544,545,-1,457,545,459,-1,546,547,548,-1,513,514,524,-1,524,514,549,-1,524,549,525,-1,525,549,550,-1,525,550,533,-1,533,550,551,-1,533,551,534,-1,534,551,552,-1,534,552,535,-1,535,552,553,-1,535,553,539,-1,539,553,546,-1,539,546,544,-1,544,546,548,-1,544,548,545,-1,511,512,514,-1,514,512,554,-1,514,554,549,-1,549,554,555,-1,549,555,550,-1,550,555,556,-1,550,556,551,-1,551,556,557,-1,551,557,552,-1,552,557,558,-1,552,558,553,-1,553,558,559,-1,553,559,546,-1,546,559,560,-1,546,560,547,-1,561,562,563,-1,509,510,512,-1,512,510,564,-1,512,564,554,-1,554,564,565,-1,554,565,555,-1,555,565,566,-1,555,566,556,-1,556,566,567,-1,556,567,557,-1,557,567,568,-1,557,568,558,-1,558,568,561,-1,558,561,559,-1,559,561,563,-1,559,563,560,-1,507,508,510,-1,510,508,569,-1,510,569,564,-1,564,569,570,-1,564,570,565,-1,565,570,571,-1,565,571,566,-1,566,571,572,-1,566,572,567,-1,567,572,573,-1,567,573,568,-1,568,573,574,-1,568,574,561,-1,561,574,575,-1,561,575,562,-1,576,577,578,-1,505,506,508,-1,508,506,579,-1,508,579,569,-1,569,579,580,-1,569,580,570,-1,570,580,581,-1,570,581,571,-1,571,581,582,-1,571,582,572,-1,572,582,583,-1,572,583,573,-1,573,583,576,-1,573,576,574,-1,574,576,578,-1,574,578,575,-1,503,504,506,-1,506,504,584,-1,506,584,579,-1,579,584,585,-1,579,585,580,-1,580,585,586,-1,580,586,581,-1,581,586,587,-1,581,587,582,-1,582,587,588,-1,582,588,583,-1,583,588,589,-1,583,589,576,-1,576,589,590,-1,576,590,577,-1,501,502,504,-1,504,502,527,-1,504,527,584,-1,584,527,529,-1,584,529,585,-1,585,529,532,-1,585,532,586,-1,586,532,536,-1,586,536,587,-1,587,536,541,-1,587,541,588,-1,588,541,543,-1,588,543,589,-1,589,543,591,-1,589,591,590,-1,462,592,496,-1,496,592,593,-1,496,593,542,-1,542,593,594,-1,542,594,543,-1,543,594,595,-1,543,595,591,-1,495,494,596,-1,596,494,597,-1,596,597,598,-1,478,479,599,-1,599,479,600,-1,494,493,597,-1,597,493,492,-1,597,492,601,-1,478,599,475,-1,475,599,602,-1,475,602,473,-1,492,491,601,-1,601,491,490,-1,601,490,603,-1,487,604,488,-1,488,604,603,-1,488,603,489,-1,489,603,490,-1,604,605,603,-1,603,605,606,-1,603,606,601,-1,601,606,602,-1,601,602,597,-1,597,602,599,-1,597,599,598,-1,598,599,600,-1,460,465,605,-1,605,465,467,-1,605,467,606,-1,606,467,469,-1,606,469,602,-1,602,469,471,-1,602,471,473,-1,461,460,607,-1,607,460,605,-1,607,605,608,-1,608,605,604,-1,608,604,486,-1,486,604,487,-1,596,598,609,-1,600,479,519,-1,523,610,518,-1,518,610,609,-1,518,609,519,-1,519,609,598,-1,519,598,600,-1,523,522,610,-1,610,522,520,-1,610,520,611,-1,611,520,481,-1,495,596,485,-1,485,596,609,-1,485,609,483,-1,483,609,610,-1,483,610,484,-1,484,610,611,-1,484,611,480,-1,480,611,481,-1,612,613,614,-1,614,613,615,-1,614,615,616,-1,616,615,617,-1,616,617,618,-1,618,617,619,-1,618,619,620,-1,620,619,621,-1,620,621,622,-1,622,621,623,-1,622,623,624,-1,624,623,625,-1,624,625,626,-1,626,625,627,-1,626,627,628,-1,628,627,629,-1,628,629,630,-1,630,629,631,-1,630,631,632,-1,632,631,633,-1,628,630,634,-1,624,626,635,-1,636,637,638,-1,639,640,641,-1,642,643,644,-1,645,646,647,-1,648,649,650,-1,650,649,645,-1,642,644,651,-1,652,653,654,-1,654,653,655,-1,654,655,656,-1,645,647,650,-1,650,647,657,-1,650,657,658,-1,658,657,659,-1,658,659,660,-1,660,659,661,-1,660,661,662,-1,643,648,644,-1,644,648,650,-1,644,650,663,-1,663,650,658,-1,663,658,664,-1,664,658,660,-1,664,660,665,-1,665,660,662,-1,665,662,666,-1,652,654,667,-1,667,654,668,-1,667,668,669,-1,669,668,670,-1,669,670,671,-1,671,670,672,-1,671,672,673,-1,673,672,674,-1,673,674,675,-1,676,651,677,-1,677,651,644,-1,677,644,678,-1,678,644,663,-1,678,663,679,-1,679,663,664,-1,679,664,680,-1,680,664,665,-1,680,665,681,-1,681,665,666,-1,681,666,682,-1,640,676,641,-1,641,676,677,-1,641,677,683,-1,683,677,678,-1,683,678,684,-1,684,678,679,-1,684,679,685,-1,685,679,680,-1,685,680,686,-1,686,680,681,-1,686,681,687,-1,687,681,682,-1,687,682,688,-1,656,639,654,-1,654,639,641,-1,654,641,668,-1,668,641,683,-1,668,683,670,-1,670,683,684,-1,670,684,672,-1,672,684,685,-1,672,685,674,-1,674,685,686,-1,674,686,689,-1,689,686,687,-1,689,687,690,-1,690,687,688,-1,690,688,634,-1,612,637,691,-1,691,637,636,-1,691,636,692,-1,612,614,637,-1,637,614,616,-1,637,616,638,-1,638,616,618,-1,638,618,620,-1,693,692,694,-1,694,692,636,-1,694,636,695,-1,695,636,638,-1,695,638,696,-1,696,638,620,-1,696,620,622,-1,697,693,698,-1,698,693,694,-1,698,694,699,-1,699,694,695,-1,699,695,700,-1,700,695,696,-1,700,696,635,-1,635,696,622,-1,635,622,624,-1,661,697,662,-1,662,697,698,-1,662,698,666,-1,666,698,699,-1,666,699,682,-1,682,699,700,-1,682,700,688,-1,688,700,635,-1,688,635,634,-1,634,635,626,-1,634,626,628,-1,675,674,701,-1,701,674,689,-1,701,689,702,-1,702,689,690,-1,702,690,703,-1,703,690,634,-1,703,634,704,-1,704,634,630,-1,704,630,632,-1,617,615,705,-1,621,619,706,-1,707,708,709,-1,710,711,712,-1,713,714,715,-1,716,717,718,-1,719,720,721,-1,722,723,724,-1,725,726,727,-1,728,729,730,-1,730,729,725,-1,713,715,731,-1,725,727,730,-1,730,727,732,-1,730,732,733,-1,732,734,733,-1,733,734,735,-1,733,735,736,-1,736,735,737,-1,736,737,738,-1,738,737,739,-1,738,739,740,-1,723,728,724,-1,724,728,730,-1,724,730,741,-1,741,730,733,-1,741,733,742,-1,742,733,736,-1,742,736,743,-1,743,736,738,-1,743,738,744,-1,744,738,740,-1,744,740,745,-1,720,722,721,-1,721,722,724,-1,721,724,746,-1,746,724,741,-1,746,741,747,-1,747,741,742,-1,747,742,748,-1,748,742,743,-1,748,743,749,-1,749,743,744,-1,749,744,750,-1,750,744,745,-1,750,745,751,-1,717,719,718,-1,718,719,721,-1,718,721,752,-1,752,721,746,-1,752,746,753,-1,753,746,747,-1,753,747,754,-1,754,747,748,-1,754,748,755,-1,755,748,749,-1,755,749,756,-1,756,749,750,-1,756,750,757,-1,757,750,751,-1,757,751,706,-1,633,708,758,-1,758,708,707,-1,758,707,759,-1,633,631,708,-1,708,631,629,-1,708,629,709,-1,709,629,627,-1,709,627,625,-1,711,759,712,-1,712,759,707,-1,712,707,760,-1,760,707,709,-1,760,709,761,-1,761,709,625,-1,761,625,623,-1,739,710,740,-1,740,710,712,-1,740,712,745,-1,745,712,760,-1,745,760,751,-1,751,760,761,-1,751,761,706,-1,706,761,623,-1,706,623,621,-1,619,617,706,-1,706,617,705,-1,706,705,757,-1,757,705,762,-1,757,762,756,-1,756,762,763,-1,756,763,755,-1,755,763,764,-1,755,764,754,-1,754,764,765,-1,754,765,753,-1,753,765,766,-1,753,766,752,-1,752,766,767,-1,752,767,718,-1,718,767,715,-1,718,715,716,-1,716,715,714,-1,731,715,768,-1,768,715,767,-1,768,767,769,-1,769,767,766,-1,769,766,770,-1,770,766,765,-1,770,765,771,-1,771,765,764,-1,771,764,772,-1,772,764,763,-1,772,763,773,-1,773,763,762,-1,773,762,774,-1,774,762,705,-1,774,705,775,-1,775,705,615,-1,775,615,613,-1,776,777,778,-1,776,778,779,-1,779,778,780,-1,779,780,781,-1,781,780,782,-1,781,782,783,-1,784,785,786,-1,786,785,787,-1,786,787,788,-1,788,787,789,-1,788,789,790,-1,790,789,791,-1,790,791,792,-1,792,791,793,-1,792,793,794,-1,794,793,783,-1,794,783,795,-1,795,783,782,-1,796,655,653,-1,797,798,799,-1,800,797,801,-1,802,800,803,-1,804,802,805,-1,806,804,807,-1,808,809,806,-1,808,806,810,-1,810,806,811,-1,810,811,812,-1,812,811,813,-1,813,811,814,-1,813,814,815,-1,815,814,777,-1,777,814,816,-1,777,816,778,-1,643,817,648,-1,648,817,818,-1,648,818,649,-1,649,818,799,-1,649,799,645,-1,645,799,798,-1,645,798,646,-1,778,816,780,-1,780,816,819,-1,780,819,782,-1,782,819,795,-1,795,819,820,-1,795,820,794,-1,794,820,792,-1,792,820,821,-1,792,821,790,-1,800,801,803,-1,803,801,822,-1,803,822,823,-1,823,822,824,-1,823,824,825,-1,825,824,826,-1,825,826,827,-1,827,826,828,-1,827,828,829,-1,829,828,830,-1,829,830,831,-1,831,830,832,-1,831,832,833,-1,797,799,801,-1,801,799,818,-1,801,818,822,-1,822,818,817,-1,822,817,824,-1,824,817,834,-1,824,834,826,-1,826,834,835,-1,826,835,828,-1,828,835,836,-1,828,836,830,-1,830,836,796,-1,830,796,832,-1,643,642,817,-1,817,642,651,-1,817,651,834,-1,834,651,676,-1,834,676,835,-1,835,676,640,-1,835,640,836,-1,836,640,639,-1,836,639,796,-1,796,639,656,-1,796,656,655,-1,790,821,788,-1,788,821,837,-1,788,837,786,-1,786,837,838,-1,786,838,784,-1,839,840,841,-1,806,807,811,-1,811,807,842,-1,811,842,814,-1,814,842,843,-1,814,843,816,-1,816,843,844,-1,816,844,819,-1,819,844,845,-1,819,845,820,-1,820,845,846,-1,820,846,821,-1,821,846,839,-1,821,839,837,-1,837,839,841,-1,837,841,838,-1,804,805,807,-1,807,805,847,-1,807,847,842,-1,842,847,848,-1,842,848,843,-1,843,848,849,-1,843,849,844,-1,844,849,850,-1,844,850,845,-1,845,850,851,-1,845,851,846,-1,846,851,852,-1,846,852,839,-1,839,852,853,-1,839,853,840,-1,802,803,805,-1,805,803,823,-1,805,823,847,-1,847,823,825,-1,847,825,848,-1,848,825,827,-1,848,827,849,-1,849,827,829,-1,849,829,850,-1,850,829,831,-1,850,831,851,-1,851,831,833,-1,851,833,852,-1,852,833,854,-1,852,854,853,-1,653,855,796,-1,796,855,856,-1,796,856,832,-1,832,856,857,-1,832,857,833,-1,833,857,858,-1,833,858,854,-1,859,860,861,-1,860,859,862,-1,863,864,865,-1,866,867,868,-1,869,866,870,-1,871,869,872,-1,873,871,874,-1,875,876,877,-1,878,879,876,-1,876,879,880,-1,876,880,877,-1,881,882,883,-1,883,882,884,-1,883,884,878,-1,878,884,885,-1,878,885,879,-1,873,886,731,-1,731,886,713,-1,866,868,870,-1,870,868,887,-1,870,887,888,-1,888,887,889,-1,888,889,890,-1,891,889,875,-1,875,889,887,-1,875,887,876,-1,876,887,868,-1,876,868,878,-1,878,868,867,-1,878,867,883,-1,892,893,890,-1,723,722,894,-1,894,722,720,-1,894,720,895,-1,895,720,719,-1,895,719,896,-1,896,719,717,-1,896,717,897,-1,897,717,716,-1,897,716,886,-1,886,716,714,-1,886,714,713,-1,898,893,899,-1,899,893,892,-1,899,892,900,-1,877,901,875,-1,875,901,902,-1,875,902,891,-1,891,902,903,-1,891,903,904,-1,890,889,892,-1,892,889,891,-1,892,891,900,-1,900,891,904,-1,900,904,905,-1,905,863,900,-1,900,863,865,-1,900,865,899,-1,899,865,906,-1,899,906,898,-1,898,906,907,-1,864,862,865,-1,865,862,859,-1,865,859,906,-1,906,859,908,-1,906,908,907,-1,907,908,909,-1,723,894,728,-1,728,894,910,-1,728,910,729,-1,729,910,911,-1,729,911,725,-1,725,911,912,-1,725,912,726,-1,913,914,915,-1,873,874,886,-1,886,874,916,-1,886,916,897,-1,897,916,917,-1,897,917,896,-1,896,917,918,-1,896,918,895,-1,895,918,919,-1,895,919,894,-1,894,919,920,-1,894,920,910,-1,910,920,913,-1,910,913,911,-1,911,913,915,-1,911,915,912,-1,871,872,874,-1,874,872,921,-1,874,921,916,-1,916,921,922,-1,916,922,917,-1,917,922,923,-1,917,923,918,-1,918,923,924,-1,918,924,919,-1,919,924,925,-1,919,925,920,-1,920,925,926,-1,920,926,913,-1,913,926,927,-1,913,927,914,-1,869,870,872,-1,872,870,888,-1,872,888,921,-1,921,888,890,-1,921,890,922,-1,922,890,893,-1,922,893,923,-1,923,893,898,-1,923,898,924,-1,924,898,907,-1,924,907,925,-1,925,907,909,-1,925,909,926,-1,926,909,928,-1,926,928,927,-1,861,929,859,-1,859,929,930,-1,859,930,908,-1,908,930,931,-1,908,931,909,-1,909,931,932,-1,909,932,928,-1,933,934,861,-1,861,860,933,-1,933,860,862,-1,933,862,935,-1,935,862,864,-1,935,864,936,-1,936,864,863,-1,936,863,937,-1,937,863,905,-1,937,905,938,-1,938,905,904,-1,938,904,939,-1,939,904,903,-1,939,903,940,-1,903,902,940,-1,940,902,901,-1,940,901,941,-1,941,901,877,-1,779,781,942,-1,943,944,945,-1,946,943,942,-1,787,785,947,-1,948,949,950,-1,950,949,951,-1,950,951,947,-1,787,947,952,-1,952,947,951,-1,952,951,953,-1,783,793,953,-1,953,793,791,-1,953,791,952,-1,952,791,789,-1,952,789,787,-1,954,955,946,-1,946,955,956,-1,946,956,943,-1,781,783,942,-1,942,783,953,-1,942,953,946,-1,946,953,951,-1,946,951,954,-1,954,951,949,-1,943,945,942,-1,942,945,776,-1,942,776,779,-1,956,957,943,-1,943,957,958,-1,943,958,944,-1,944,958,959,-1,944,959,960,-1,777,776,961,-1,961,776,945,-1,961,945,962,-1,962,945,944,-1,962,944,963,-1,963,944,960,-1,963,960,964,-1,809,965,966,-1,966,965,967,-1,963,964,968,-1,969,962,963,-1,963,968,969,-1,969,968,970,-1,969,970,967,-1,967,970,971,-1,967,971,966,-1,777,961,815,-1,815,961,962,-1,815,962,813,-1,813,962,969,-1,813,969,812,-1,812,969,967,-1,812,967,810,-1,810,967,965,-1,810,965,808,-1,808,965,809,-1,972,973,974,-1,974,973,975,-1,885,976,879,-1,879,976,974,-1,879,974,880,-1,880,974,975,-1,880,975,877,-1,885,884,976,-1,976,884,882,-1,976,882,977,-1,977,882,881,-1,978,972,979,-1,979,972,974,-1,979,974,980,-1,980,974,976,-1,980,976,981,-1,981,976,977,-1,981,977,982,-1,982,977,881,-1,983,984,985,-1,986,987,988,-1,989,990,985,-1,991,992,993,-1,936,937,994,-1,935,995,933,-1,933,995,996,-1,933,996,934,-1,997,998,999,-1,999,998,1000,-1,999,1000,1001,-1,992,997,993,-1,993,997,999,-1,993,999,995,-1,995,999,1001,-1,995,1001,996,-1,987,991,988,-1,988,991,993,-1,988,993,994,-1,994,993,995,-1,994,995,936,-1,936,995,935,-1,984,986,985,-1,985,986,988,-1,985,988,989,-1,989,988,994,-1,989,994,938,-1,938,994,937,-1,938,939,989,-1,989,939,940,-1,989,940,990,-1,990,940,941,-1,990,941,877,-1,978,983,972,-1,972,983,985,-1,972,985,973,-1,973,985,990,-1,973,990,975,-1,975,990,877,-1,809,966,1002,-1,1002,966,971,-1,1002,971,970,-1,948,1003,949,-1,949,1003,1004,-1,949,1004,954,-1,954,1004,1005,-1,954,1005,955,-1,955,1005,1006,-1,955,1006,956,-1,1006,1007,956,-1,956,1007,1008,-1,956,1008,957,-1,957,1008,1009,-1,1010,1002,1011,-1,1011,1002,970,-1,1011,970,1012,-1,1012,970,968,-1,1012,968,1013,-1,1013,968,964,-1,1013,964,1014,-1,1014,964,960,-1,1014,960,1015,-1,1015,960,959,-1,1015,959,1009,-1,1009,959,958,-1,1009,958,957,-1,982,881,1016,-1,1017,980,1016,-1,1016,980,981,-1,1016,981,982,-1,1017,1018,980,-1,980,1018,1019,-1,980,1019,979,-1,979,1019,1020,-1,1021,1000,1022,-1,1022,1000,998,-1,1022,998,1023,-1,1023,998,997,-1,1023,997,1024,-1,1024,997,992,-1,1024,992,1025,-1,1025,992,991,-1,1025,991,1026,-1,1026,991,987,-1,1026,987,1027,-1,1027,987,986,-1,1027,986,1028,-1,1028,986,984,-1,1028,984,1029,-1,1029,984,983,-1,1029,983,1020,-1,1020,983,978,-1,1020,978,979,-1,1030,1004,1003,-1,1004,1030,1005,-1,1031,1010,1011,-1,1032,1031,1033,-1,1034,1032,1035,-1,1036,1034,1037,-1,1036,1038,1039,-1,1039,1038,1040,-1,1040,1038,1041,-1,1041,1038,1042,-1,1041,1042,1043,-1,1031,1011,1033,-1,1033,1011,1012,-1,1033,1012,1044,-1,1012,1013,1044,-1,1044,1013,1014,-1,1044,1014,1045,-1,1043,1042,1046,-1,1046,1042,1047,-1,1046,1047,1048,-1,1048,1047,1049,-1,1048,1049,1050,-1,1050,1049,1051,-1,1050,1051,1052,-1,1052,1051,1053,-1,1053,1051,1054,-1,1053,1054,1055,-1,1034,1035,1037,-1,1037,1035,1056,-1,1037,1056,1057,-1,1057,1056,1058,-1,1057,1058,1059,-1,1059,1058,1060,-1,1059,1060,1061,-1,1061,1060,1062,-1,1061,1062,1063,-1,1063,1062,1064,-1,1063,1064,1065,-1,1032,1033,1035,-1,1035,1033,1044,-1,1035,1044,1056,-1,1056,1044,1045,-1,1056,1045,1058,-1,1058,1045,1066,-1,1058,1066,1060,-1,1060,1066,1067,-1,1060,1067,1062,-1,1062,1067,1068,-1,1062,1068,1064,-1,1006,1068,1007,-1,1007,1068,1067,-1,1007,1067,1008,-1,1008,1067,1066,-1,1008,1066,1009,-1,1009,1066,1045,-1,1009,1045,1015,-1,1015,1045,1014,-1,1006,1005,1068,-1,1068,1005,1030,-1,1068,1030,1064,-1,1064,1030,1069,-1,1064,1069,1065,-1,1065,1069,1070,-1,1055,1054,1071,-1,1071,1054,1072,-1,1071,1072,1073,-1,1073,1072,1074,-1,1073,1074,1075,-1,1036,1037,1038,-1,1038,1037,1057,-1,1038,1057,1042,-1,1042,1057,1059,-1,1042,1059,1047,-1,1047,1059,1061,-1,1047,1061,1049,-1,1049,1061,1063,-1,1049,1063,1051,-1,1051,1063,1065,-1,1051,1065,1054,-1,1054,1065,1070,-1,1054,1070,1072,-1,1072,1070,1076,-1,1072,1076,1074,-1,1003,1077,1030,-1,1030,1077,1078,-1,1030,1078,1069,-1,1069,1078,1079,-1,1069,1079,1070,-1,1070,1079,1080,-1,1070,1080,1076,-1,1081,1082,1083,-1,1082,1081,1084,-1,1085,1086,1087,-1,1088,1085,1089,-1,1090,1088,1091,-1,1092,1090,1093,-1,1092,1094,1017,-1,1017,1094,1018,-1,1018,1094,1019,-1,1019,1094,1095,-1,1019,1095,1020,-1,1085,1087,1089,-1,1089,1087,1096,-1,1089,1096,1097,-1,1096,1098,1097,-1,1097,1098,1099,-1,1097,1099,1100,-1,1020,1095,1029,-1,1029,1095,1101,-1,1029,1101,1028,-1,1028,1101,1102,-1,1028,1102,1027,-1,1027,1102,1103,-1,1027,1103,1026,-1,1026,1103,1025,-1,1025,1103,1104,-1,1025,1104,1024,-1,1090,1091,1093,-1,1093,1091,1105,-1,1093,1105,1106,-1,1106,1105,1107,-1,1106,1107,1108,-1,1108,1107,1109,-1,1108,1109,1110,-1,1110,1109,1111,-1,1110,1111,1112,-1,1112,1111,1113,-1,1112,1113,1114,-1,1088,1089,1091,-1,1091,1089,1097,-1,1091,1097,1105,-1,1105,1097,1100,-1,1105,1100,1107,-1,1107,1100,1115,-1,1107,1115,1109,-1,1109,1115,1116,-1,1109,1116,1111,-1,1111,1116,1117,-1,1111,1117,1113,-1,1118,1117,1119,-1,1119,1117,1116,-1,1119,1116,1120,-1,1120,1116,1115,-1,1120,1115,1121,-1,1121,1115,1100,-1,1121,1100,1122,-1,1122,1100,1099,-1,1118,1084,1117,-1,1117,1084,1081,-1,1117,1081,1113,-1,1113,1081,1123,-1,1113,1123,1114,-1,1114,1123,1124,-1,1024,1104,1023,-1,1023,1104,1125,-1,1023,1125,1022,-1,1022,1125,1126,-1,1022,1126,1021,-1,1092,1093,1094,-1,1094,1093,1106,-1,1094,1106,1095,-1,1095,1106,1108,-1,1095,1108,1101,-1,1101,1108,1110,-1,1101,1110,1102,-1,1102,1110,1112,-1,1102,1112,1103,-1,1103,1112,1114,-1,1103,1114,1104,-1,1104,1114,1124,-1,1104,1124,1125,-1,1125,1124,1127,-1,1125,1127,1126,-1,1083,1128,1081,-1,1081,1128,1129,-1,1081,1129,1123,-1,1123,1129,1130,-1,1123,1130,1124,-1,1124,1130,1131,-1,1124,1131,1127,-1,1132,1039,1133,-1,1133,1039,1040,-1,1133,1040,1134,-1,1134,1040,1041,-1,1134,1041,1135,-1,1135,1041,1043,-1,1135,1043,1136,-1,1136,1043,1046,-1,1136,1046,1137,-1,1137,1046,1048,-1,1137,1048,1138,-1,1138,1048,1050,-1,1138,1050,1139,-1,1139,1050,1052,-1,1139,1052,1140,-1,1140,1052,1053,-1,1140,1053,1141,-1,1141,1053,1055,-1,1141,1055,1142,-1,1142,1055,1071,-1,1142,1071,1143,-1,1143,1071,1073,-1,1143,1073,1144,-1,1144,1073,1075,-1,1145,1083,1146,-1,1146,1083,1082,-1,1146,1082,1147,-1,1147,1082,1084,-1,1147,1084,1148,-1,1148,1084,1118,-1,1148,1118,1149,-1,1149,1118,1119,-1,1149,1119,1150,-1,1150,1119,1120,-1,1150,1120,1151,-1,1151,1120,1121,-1,1151,1121,1152,-1,1152,1121,1122,-1,1152,1122,1153,-1,1153,1122,1099,-1,1153,1099,1154,-1,1154,1099,1098,-1,1154,1098,1155,-1,1155,1098,1096,-1,1155,1096,1156,-1,1156,1096,1087,-1,1156,1087,1157,-1,1157,1087,1086,-1,1158,1143,1144,-1,1143,1158,1142,-1,1159,1132,1133,-1,1160,1159,1161,-1,1162,1160,1163,-1,1164,1162,1165,-1,1164,1166,1167,-1,1167,1166,1168,-1,1168,1166,1169,-1,1169,1166,1170,-1,1169,1170,1171,-1,1159,1133,1161,-1,1161,1133,1134,-1,1161,1134,1172,-1,1134,1135,1172,-1,1172,1135,1136,-1,1172,1136,1173,-1,1171,1170,1174,-1,1174,1170,1175,-1,1174,1175,1176,-1,1176,1175,1177,-1,1176,1177,1178,-1,1178,1177,1179,-1,1178,1179,1180,-1,1180,1179,1181,-1,1181,1179,1182,-1,1181,1182,1183,-1,1162,1163,1165,-1,1165,1163,1184,-1,1165,1184,1185,-1,1185,1184,1186,-1,1185,1186,1187,-1,1187,1186,1188,-1,1187,1188,1189,-1,1189,1188,1190,-1,1189,1190,1191,-1,1191,1190,1192,-1,1191,1192,1193,-1,1160,1161,1163,-1,1163,1161,1172,-1,1163,1172,1184,-1,1184,1172,1173,-1,1184,1173,1186,-1,1186,1173,1194,-1,1186,1194,1188,-1,1188,1194,1195,-1,1188,1195,1190,-1,1190,1195,1196,-1,1190,1196,1192,-1,1141,1196,1140,-1,1140,1196,1195,-1,1140,1195,1139,-1,1139,1195,1194,-1,1139,1194,1138,-1,1138,1194,1173,-1,1138,1173,1137,-1,1137,1173,1136,-1,1141,1142,1196,-1,1196,1142,1158,-1,1196,1158,1192,-1,1192,1158,1197,-1,1192,1197,1193,-1,1193,1197,1198,-1,1183,1182,1199,-1,1199,1182,1200,-1,1199,1200,1201,-1,1201,1200,1202,-1,1201,1202,1203,-1,1164,1165,1166,-1,1166,1165,1185,-1,1166,1185,1170,-1,1170,1185,1187,-1,1170,1187,1175,-1,1175,1187,1189,-1,1175,1189,1177,-1,1177,1189,1191,-1,1177,1191,1179,-1,1179,1191,1193,-1,1179,1193,1182,-1,1182,1193,1198,-1,1182,1198,1200,-1,1200,1198,1204,-1,1200,1204,1202,-1,1144,1205,1158,-1,1158,1205,1206,-1,1158,1206,1197,-1,1197,1206,1207,-1,1197,1207,1198,-1,1198,1207,1208,-1,1198,1208,1204,-1,1209,1210,1211,-1,1210,1209,1212,-1,1213,1214,1215,-1,1216,1213,1217,-1,1218,1216,1219,-1,1220,1218,1221,-1,1220,1222,1157,-1,1157,1222,1156,-1,1156,1222,1155,-1,1155,1222,1223,-1,1155,1223,1154,-1,1213,1215,1217,-1,1217,1215,1224,-1,1217,1224,1225,-1,1224,1226,1225,-1,1225,1226,1227,-1,1225,1227,1228,-1,1154,1223,1153,-1,1153,1223,1229,-1,1153,1229,1152,-1,1152,1229,1230,-1,1152,1230,1151,-1,1151,1230,1231,-1,1151,1231,1150,-1,1150,1231,1149,-1,1149,1231,1232,-1,1149,1232,1148,-1,1218,1219,1221,-1,1221,1219,1233,-1,1221,1233,1234,-1,1234,1233,1235,-1,1234,1235,1236,-1,1236,1235,1237,-1,1236,1237,1238,-1,1238,1237,1239,-1,1238,1239,1240,-1,1240,1239,1241,-1,1240,1241,1242,-1,1216,1217,1219,-1,1219,1217,1225,-1,1219,1225,1233,-1,1233,1225,1228,-1,1233,1228,1235,-1,1235,1228,1243,-1,1235,1243,1237,-1,1237,1243,1244,-1,1237,1244,1239,-1,1239,1244,1245,-1,1239,1245,1241,-1,1246,1245,1247,-1,1247,1245,1244,-1,1247,1244,1248,-1,1248,1244,1243,-1,1248,1243,1249,-1,1249,1243,1228,-1,1249,1228,1250,-1,1250,1228,1227,-1,1246,1212,1245,-1,1245,1212,1209,-1,1245,1209,1241,-1,1241,1209,1251,-1,1241,1251,1242,-1,1242,1251,1252,-1,1148,1232,1147,-1,1147,1232,1253,-1,1147,1253,1146,-1,1146,1253,1254,-1,1146,1254,1145,-1,1220,1221,1222,-1,1222,1221,1234,-1,1222,1234,1223,-1,1223,1234,1236,-1,1223,1236,1229,-1,1229,1236,1238,-1,1229,1238,1230,-1,1230,1238,1240,-1,1230,1240,1231,-1,1231,1240,1242,-1,1231,1242,1232,-1,1232,1242,1252,-1,1232,1252,1253,-1,1253,1252,1255,-1,1253,1255,1254,-1,1211,1256,1209,-1,1209,1256,1257,-1,1209,1257,1251,-1,1251,1257,1258,-1,1251,1258,1252,-1,1252,1258,1259,-1,1252,1259,1255,-1,1260,1261,1262,-1,1263,1264,1265,-1,1266,1267,1262,-1,1268,1269,1270,-1,1271,1272,1273,-1,1274,1275,1276,-1,1276,1275,1277,-1,1276,1277,1278,-1,1279,1280,1281,-1,1281,1280,1282,-1,1281,1282,1283,-1,1269,1279,1270,-1,1270,1279,1281,-1,1270,1281,1275,-1,1275,1281,1283,-1,1275,1283,1277,-1,1264,1268,1265,-1,1265,1268,1270,-1,1265,1270,1273,-1,1273,1270,1275,-1,1273,1275,1271,-1,1271,1275,1274,-1,1261,1263,1262,-1,1262,1263,1265,-1,1262,1265,1266,-1,1266,1265,1273,-1,1266,1273,1284,-1,1284,1273,1272,-1,1284,1285,1266,-1,1266,1285,1286,-1,1266,1286,1267,-1,1267,1286,1287,-1,1267,1287,1288,-1,1289,1260,1290,-1,1290,1260,1262,-1,1290,1262,1291,-1,1291,1262,1267,-1,1291,1267,1292,-1,1292,1267,1288,-1,1293,1294,1295,-1,1167,1296,1295,-1,1295,1296,1297,-1,1295,1297,1293,-1,1167,1168,1296,-1,1296,1168,1169,-1,1296,1169,1298,-1,1298,1169,1171,-1,1203,1282,1201,-1,1201,1282,1280,-1,1201,1280,1199,-1,1199,1280,1279,-1,1199,1279,1183,-1,1183,1279,1269,-1,1183,1269,1181,-1,1181,1269,1268,-1,1181,1268,1180,-1,1180,1268,1264,-1,1180,1264,1178,-1,1178,1264,1263,-1,1178,1263,1176,-1,1176,1263,1261,-1,1176,1261,1174,-1,1174,1261,1260,-1,1174,1260,1171,-1,1171,1260,1289,-1,1171,1289,1298,-1,1299,1300,1301,-1,1301,1300,1302,-1,1301,1302,1303,-1,1304,1211,1305,-1,1305,1211,1210,-1,1305,1210,1306,-1,1306,1210,1212,-1,1306,1212,1307,-1,1307,1212,1246,-1,1307,1246,1308,-1,1246,1247,1308,-1,1308,1247,1248,-1,1308,1248,1309,-1,1309,1248,1249,-1,1214,1301,1215,-1,1215,1301,1303,-1,1215,1303,1224,-1,1224,1303,1310,-1,1224,1310,1226,-1,1226,1310,1311,-1,1226,1311,1227,-1,1227,1311,1312,-1,1227,1312,1250,-1,1250,1312,1313,-1,1250,1313,1249,-1,1249,1313,1314,-1,1249,1314,1309,-1,1315,1316,1317,-1,1318,1319,1320,-1,1321,1318,1317,-1,1322,1323,1324,-1,1304,1305,1325,-1,1325,1305,1326,-1,1325,1326,1324,-1,1322,1324,1327,-1,1327,1324,1326,-1,1327,1326,1328,-1,1329,1330,1328,-1,1328,1330,1331,-1,1328,1331,1327,-1,1327,1331,1332,-1,1327,1332,1322,-1,1306,1307,1321,-1,1321,1307,1308,-1,1321,1308,1318,-1,1316,1329,1317,-1,1317,1329,1328,-1,1317,1328,1321,-1,1321,1328,1326,-1,1321,1326,1306,-1,1306,1326,1305,-1,1318,1320,1317,-1,1317,1320,1333,-1,1317,1333,1315,-1,1308,1309,1318,-1,1318,1309,1314,-1,1318,1314,1319,-1,1319,1314,1313,-1,1319,1313,1312,-1,1334,1333,1335,-1,1335,1333,1320,-1,1335,1320,1336,-1,1336,1320,1319,-1,1336,1319,1337,-1,1337,1319,1312,-1,1337,1312,1311,-1,1276,1278,1338,-1,1338,1339,1276,-1,1276,1339,1340,-1,1276,1340,1274,-1,1274,1340,1341,-1,1274,1341,1271,-1,1271,1341,1342,-1,1271,1342,1272,-1,1272,1342,1343,-1,1272,1343,1284,-1,1284,1343,1344,-1,1284,1344,1285,-1,1285,1344,1345,-1,1285,1345,1286,-1,1345,1346,1286,-1,1286,1346,1347,-1,1286,1347,1287,-1,1287,1347,1288,-1,1290,1291,1348,-1,1292,1288,1349,-1,1350,1351,1352,-1,1352,1351,1348,-1,1352,1348,1349,-1,1349,1348,1291,-1,1349,1291,1292,-1,1350,1353,1351,-1,1351,1353,1354,-1,1351,1354,1355,-1,1355,1354,1294,-1,1289,1290,1298,-1,1298,1290,1348,-1,1298,1348,1296,-1,1296,1348,1351,-1,1296,1351,1297,-1,1297,1351,1355,-1,1297,1355,1293,-1,1293,1355,1294,-1,1299,1356,1300,-1,1300,1356,1357,-1,1337,1311,1310,-1,1358,1336,1337,-1,1337,1310,1358,-1,1358,1310,1303,-1,1358,1303,1357,-1,1357,1303,1302,-1,1357,1302,1300,-1,1334,1335,1359,-1,1359,1335,1336,-1,1359,1336,1360,-1,1360,1336,1358,-1,1360,1358,1361,-1,1361,1358,1357,-1,1361,1357,1362,-1,1362,1357,1356,-1,1362,1356,1363,-1,1363,1356,1299,-1,1333,1334,1364,-1,1333,1364,1315,-1,1315,1364,1365,-1,1315,1365,1316,-1,1316,1365,1366,-1,1316,1366,1329,-1,1367,1323,1368,-1,1368,1323,1322,-1,1368,1322,1369,-1,1369,1322,1332,-1,1369,1332,1370,-1,1370,1332,1331,-1,1370,1331,1371,-1,1371,1331,1330,-1,1371,1330,1372,-1,1372,1330,1329,-1,1372,1329,1373,-1,1373,1329,1366,-1,1374,1339,1338,-1,1339,1374,1340,-1,1342,1341,1375,-1,1376,1377,1378,-1,1379,1376,1380,-1,1381,1379,1382,-1,1383,1381,1384,-1,1385,1386,1288,-1,1387,1352,1386,-1,1386,1352,1349,-1,1386,1349,1288,-1,1294,1354,1388,-1,1388,1354,1353,-1,1388,1353,1387,-1,1387,1353,1350,-1,1387,1350,1352,-1,1383,1389,1390,-1,1390,1389,1391,-1,1376,1378,1380,-1,1380,1378,1392,-1,1380,1392,1393,-1,1393,1392,1394,-1,1393,1394,1395,-1,1396,1394,1385,-1,1385,1394,1392,-1,1385,1392,1386,-1,1386,1392,1378,-1,1386,1378,1387,-1,1387,1378,1377,-1,1387,1377,1388,-1,1397,1398,1395,-1,1399,1400,1401,-1,1401,1400,1402,-1,1401,1402,1403,-1,1403,1402,1404,-1,1403,1404,1405,-1,1405,1404,1406,-1,1405,1406,1407,-1,1407,1406,1408,-1,1407,1408,1389,-1,1389,1408,1409,-1,1389,1409,1391,-1,1410,1398,1411,-1,1411,1398,1397,-1,1411,1397,1412,-1,1288,1347,1385,-1,1385,1347,1346,-1,1385,1346,1396,-1,1396,1346,1345,-1,1396,1345,1344,-1,1395,1394,1397,-1,1397,1394,1396,-1,1397,1396,1412,-1,1412,1396,1344,-1,1412,1344,1343,-1,1343,1342,1412,-1,1412,1342,1375,-1,1412,1375,1411,-1,1411,1375,1413,-1,1411,1413,1410,-1,1410,1413,1414,-1,1341,1340,1375,-1,1375,1340,1374,-1,1375,1374,1413,-1,1413,1374,1415,-1,1413,1415,1414,-1,1414,1415,1416,-1,1399,1401,1417,-1,1417,1401,1418,-1,1417,1418,1419,-1,1419,1418,1420,-1,1419,1420,1421,-1,1421,1420,1422,-1,1421,1422,1423,-1,1424,1425,1426,-1,1383,1384,1389,-1,1389,1384,1427,-1,1389,1427,1407,-1,1407,1427,1428,-1,1407,1428,1405,-1,1405,1428,1429,-1,1405,1429,1403,-1,1403,1429,1430,-1,1403,1430,1401,-1,1401,1430,1431,-1,1401,1431,1418,-1,1418,1431,1424,-1,1418,1424,1420,-1,1420,1424,1426,-1,1420,1426,1422,-1,1381,1382,1384,-1,1384,1382,1432,-1,1384,1432,1427,-1,1427,1432,1433,-1,1427,1433,1428,-1,1428,1433,1434,-1,1428,1434,1429,-1,1429,1434,1435,-1,1429,1435,1430,-1,1430,1435,1436,-1,1430,1436,1431,-1,1431,1436,1437,-1,1431,1437,1424,-1,1424,1437,1438,-1,1424,1438,1425,-1,1379,1380,1382,-1,1382,1380,1393,-1,1382,1393,1432,-1,1432,1393,1395,-1,1432,1395,1433,-1,1433,1395,1398,-1,1433,1398,1434,-1,1434,1398,1410,-1,1434,1410,1435,-1,1435,1410,1414,-1,1435,1414,1436,-1,1436,1414,1416,-1,1436,1416,1437,-1,1437,1416,1439,-1,1437,1439,1438,-1,1338,1440,1374,-1,1374,1440,1441,-1,1374,1441,1415,-1,1415,1441,1442,-1,1415,1442,1416,-1,1416,1442,1443,-1,1416,1443,1439,-1,1444,1445,1446,-1,1447,1448,1449,-1,1450,1447,1451,-1,1452,1450,1453,-1,1454,1452,1455,-1,1456,1454,1457,-1,1363,1299,1456,-1,1363,1456,1362,-1,1362,1456,1458,-1,1362,1458,1361,-1,1361,1458,1360,-1,1360,1458,1459,-1,1360,1459,1359,-1,1359,1459,1334,-1,1334,1459,1460,-1,1334,1460,1364,-1,1461,1462,1463,-1,1463,1462,1464,-1,1463,1464,1465,-1,1465,1464,1449,-1,1465,1449,1466,-1,1466,1449,1448,-1,1466,1448,1467,-1,1364,1460,1365,-1,1365,1460,1468,-1,1365,1468,1366,-1,1366,1468,1373,-1,1373,1468,1469,-1,1373,1469,1372,-1,1372,1469,1371,-1,1371,1469,1470,-1,1371,1470,1370,-1,1450,1451,1453,-1,1453,1451,1471,-1,1453,1471,1472,-1,1472,1471,1473,-1,1472,1473,1474,-1,1474,1473,1475,-1,1474,1475,1476,-1,1476,1475,1477,-1,1476,1477,1478,-1,1478,1477,1479,-1,1478,1479,1480,-1,1480,1479,1481,-1,1480,1481,1482,-1,1447,1449,1451,-1,1451,1449,1464,-1,1451,1464,1471,-1,1471,1464,1462,-1,1471,1462,1473,-1,1473,1462,1483,-1,1473,1483,1475,-1,1475,1483,1484,-1,1475,1484,1477,-1,1477,1484,1485,-1,1477,1485,1479,-1,1479,1485,1444,-1,1479,1444,1481,-1,1461,1486,1462,-1,1462,1486,1487,-1,1462,1487,1483,-1,1483,1487,1488,-1,1483,1488,1484,-1,1484,1488,1489,-1,1484,1489,1485,-1,1485,1489,1490,-1,1485,1490,1444,-1,1444,1490,1491,-1,1444,1491,1445,-1,1370,1470,1369,-1,1369,1470,1492,-1,1369,1492,1368,-1,1368,1492,1493,-1,1368,1493,1367,-1,1494,1495,1496,-1,1456,1457,1458,-1,1458,1457,1497,-1,1458,1497,1459,-1,1459,1497,1498,-1,1459,1498,1460,-1,1460,1498,1499,-1,1460,1499,1468,-1,1468,1499,1500,-1,1468,1500,1469,-1,1469,1500,1501,-1,1469,1501,1470,-1,1470,1501,1494,-1,1470,1494,1492,-1,1492,1494,1496,-1,1492,1496,1493,-1,1454,1455,1457,-1,1457,1455,1502,-1,1457,1502,1497,-1,1497,1502,1503,-1,1497,1503,1498,-1,1498,1503,1504,-1,1498,1504,1499,-1,1499,1504,1505,-1,1499,1505,1500,-1,1500,1505,1506,-1,1500,1506,1501,-1,1501,1506,1507,-1,1501,1507,1494,-1,1494,1507,1508,-1,1494,1508,1495,-1,1452,1453,1455,-1,1455,1453,1472,-1,1455,1472,1502,-1,1502,1472,1474,-1,1502,1474,1503,-1,1503,1474,1476,-1,1503,1476,1504,-1,1504,1476,1478,-1,1504,1478,1505,-1,1505,1478,1480,-1,1505,1480,1506,-1,1506,1480,1482,-1,1506,1482,1507,-1,1507,1482,1509,-1,1507,1509,1508,-1,1446,1510,1444,-1,1444,1510,1511,-1,1444,1511,1481,-1,1481,1511,1512,-1,1481,1512,1482,-1,1482,1512,1513,-1,1482,1513,1509,-1,1514,1515,1516,-1,1517,1518,1519,-1,1520,1521,1522,-1,1523,1524,1525,-1,1391,1409,1526,-1,1408,1406,1527,-1,1404,1402,1528,-1,1400,1399,1529,-1,1421,1423,1530,-1,1417,1419,1531,-1,1531,1419,1421,-1,1391,1526,1390,-1,1421,1530,1531,-1,1531,1530,1532,-1,1531,1532,1533,-1,1532,1534,1533,-1,1533,1534,1535,-1,1533,1535,1536,-1,1536,1535,1537,-1,1536,1537,1538,-1,1538,1537,1539,-1,1538,1539,1540,-1,1399,1417,1529,-1,1529,1417,1531,-1,1529,1531,1541,-1,1541,1531,1533,-1,1541,1533,1542,-1,1542,1533,1536,-1,1542,1536,1543,-1,1543,1536,1538,-1,1543,1538,1544,-1,1544,1538,1540,-1,1544,1540,1545,-1,1402,1400,1528,-1,1528,1400,1529,-1,1528,1529,1546,-1,1546,1529,1541,-1,1546,1541,1547,-1,1547,1541,1542,-1,1547,1542,1548,-1,1548,1542,1543,-1,1548,1543,1549,-1,1549,1543,1544,-1,1549,1544,1550,-1,1550,1544,1545,-1,1550,1545,1551,-1,1406,1404,1527,-1,1527,1404,1528,-1,1527,1528,1552,-1,1552,1528,1546,-1,1552,1546,1553,-1,1553,1546,1547,-1,1553,1547,1554,-1,1554,1547,1548,-1,1554,1548,1555,-1,1555,1548,1549,-1,1555,1549,1556,-1,1556,1549,1550,-1,1556,1550,1557,-1,1557,1550,1551,-1,1557,1551,1519,-1,1558,1521,1559,-1,1559,1521,1520,-1,1559,1520,1560,-1,1558,1561,1521,-1,1521,1561,1562,-1,1521,1562,1522,-1,1522,1562,1563,-1,1522,1563,1564,-1,1524,1560,1525,-1,1525,1560,1520,-1,1525,1520,1565,-1,1565,1520,1522,-1,1565,1522,1566,-1,1566,1522,1564,-1,1566,1564,1567,-1,1539,1523,1540,-1,1540,1523,1525,-1,1540,1525,1545,-1,1545,1525,1565,-1,1545,1565,1551,-1,1551,1565,1566,-1,1551,1566,1519,-1,1519,1566,1567,-1,1519,1567,1517,-1,1518,1514,1519,-1,1519,1514,1516,-1,1519,1516,1557,-1,1557,1516,1568,-1,1557,1568,1556,-1,1556,1568,1569,-1,1556,1569,1555,-1,1555,1569,1570,-1,1555,1570,1554,-1,1554,1570,1571,-1,1554,1571,1553,-1,1553,1571,1572,-1,1553,1572,1552,-1,1552,1572,1573,-1,1552,1573,1527,-1,1527,1573,1526,-1,1527,1526,1408,-1,1408,1526,1409,-1,1390,1526,1574,-1,1574,1526,1573,-1,1574,1573,1575,-1,1575,1573,1572,-1,1575,1572,1576,-1,1576,1572,1571,-1,1576,1571,1577,-1,1577,1571,1570,-1,1577,1570,1578,-1,1578,1570,1569,-1,1578,1569,1579,-1,1579,1569,1568,-1,1579,1568,1580,-1,1580,1568,1516,-1,1580,1516,1581,-1,1581,1516,1515,-1,1581,1515,1582,-1,1583,1584,1585,-1,1586,1587,1588,-1,1589,1590,1591,-1,1490,1489,1592,-1,1486,1461,1593,-1,1466,1467,1594,-1,1463,1465,1595,-1,1595,1465,1466,-1,1486,1593,1487,-1,1596,1446,1597,-1,1597,1446,1445,-1,1597,1445,1491,-1,1466,1594,1595,-1,1595,1594,1598,-1,1595,1598,1599,-1,1599,1598,1600,-1,1599,1600,1601,-1,1601,1600,1602,-1,1601,1602,1603,-1,1461,1463,1593,-1,1593,1463,1595,-1,1593,1595,1604,-1,1604,1595,1599,-1,1604,1599,1605,-1,1605,1599,1601,-1,1605,1601,1606,-1,1606,1601,1603,-1,1606,1603,1607,-1,1596,1597,1608,-1,1608,1597,1609,-1,1608,1609,1610,-1,1610,1609,1611,-1,1610,1611,1612,-1,1612,1611,1613,-1,1612,1613,1614,-1,1614,1613,1615,-1,1614,1615,1616,-1,1488,1487,1617,-1,1617,1487,1593,-1,1617,1593,1618,-1,1618,1593,1604,-1,1618,1604,1619,-1,1619,1604,1605,-1,1619,1605,1620,-1,1620,1605,1606,-1,1620,1606,1621,-1,1621,1606,1607,-1,1621,1607,1622,-1,1489,1488,1592,-1,1592,1488,1617,-1,1592,1617,1623,-1,1623,1617,1618,-1,1623,1618,1624,-1,1624,1618,1619,-1,1624,1619,1625,-1,1625,1619,1620,-1,1625,1620,1626,-1,1626,1620,1621,-1,1626,1621,1627,-1,1627,1621,1622,-1,1627,1622,1628,-1,1491,1490,1597,-1,1597,1490,1592,-1,1597,1592,1609,-1,1609,1592,1623,-1,1609,1623,1611,-1,1611,1623,1624,-1,1611,1624,1613,-1,1613,1624,1625,-1,1613,1625,1615,-1,1615,1625,1626,-1,1615,1626,1629,-1,1629,1626,1627,-1,1629,1627,1630,-1,1630,1627,1628,-1,1630,1628,1585,-1,1631,1590,1632,-1,1632,1590,1589,-1,1632,1589,1633,-1,1631,1634,1590,-1,1590,1634,1635,-1,1590,1635,1591,-1,1591,1635,1636,-1,1591,1636,1637,-1,1638,1633,1639,-1,1639,1633,1589,-1,1639,1589,1640,-1,1640,1589,1591,-1,1640,1591,1641,-1,1641,1591,1637,-1,1641,1637,1642,-1,1643,1638,1644,-1,1644,1638,1639,-1,1644,1639,1645,-1,1645,1639,1640,-1,1645,1640,1646,-1,1646,1640,1641,-1,1646,1641,1588,-1,1588,1641,1642,-1,1588,1642,1586,-1,1602,1643,1603,-1,1603,1643,1644,-1,1603,1644,1607,-1,1607,1644,1645,-1,1607,1645,1622,-1,1622,1645,1646,-1,1622,1646,1628,-1,1628,1646,1588,-1,1628,1588,1585,-1,1585,1588,1587,-1,1585,1587,1583,-1,1616,1615,1647,-1,1647,1615,1629,-1,1647,1629,1648,-1,1648,1629,1630,-1,1648,1630,1649,-1,1649,1630,1585,-1,1649,1585,1650,-1,1650,1585,1584,-1,1650,1584,1651,-1,1631,1582,1634,-1,1634,1582,1515,-1,1634,1515,1635,-1,1635,1515,1514,-1,1635,1514,1636,-1,1636,1514,1518,-1,1636,1518,1637,-1,1637,1518,1517,-1,1637,1517,1642,-1,1642,1517,1567,-1,1642,1567,1586,-1,1586,1567,1564,-1,1586,1564,1587,-1,1587,1564,1563,-1,1587,1563,1583,-1,1583,1563,1562,-1,1583,1562,1584,-1,1584,1562,1561,-1,1584,1561,1651,-1,1651,1561,1558,-1,
        ]
    }
}
Shape{
    appearance Appearance {
        material  Material 	{
            diffuseColor 0.4392156862745098 0.4392156862745098 0.4392156862745098
            specularColor 0.2196078431372549 0.2196078431372549 0.2196078431372549
            ambientIntensity 0.4392
            transparency 0.0
            shininess 0.5
        }
    }
    geometry IndexedFaceSet {
        ccw TRUE
        solid FALSE
        coord DEF co Coordinate {
            point [
                0.4578 0.7317 0.0418, 0.4573 0.734 0.0433, 0.511 0.6859 0.0687, 0.5125 0.6877 0.0723, 0.5119 0.685 0.0692, 0.5135 0.6837 0.0702, 0.5151 0.6856 0.0741, 0.5147 0.6828 0.0709, 0.5796 0.6693 0.0726, 0.6303 0.6693 0.0433, 0.5784 0.6668 0.0704, 0.6298 0.6678 0.0418, -0.5147 0.6828 0.0709, -0.5151 0.6856 0.0741, -0.5131 0.6841 0.0699, -0.5125 0.6877 0.0723, -0.5119 0.685 0.0692, -0.6303 0.6693 0.0433, -0.5796 0.6693 0.0726, -0.6299 0.6678 0.0418, -0.5784 0.6668 0.0704, 0.5147 -0.6829 0.0709, 0.5151 -0.6856 0.0741, 0.5131 -0.6841 0.0699, 0.5125 -0.6877 0.0723, 0.5119 -0.6851 0.0692, 0.5383 -0.6704 0.0799, 0.541 -0.6697 0.08, 0.5417 -0.6725 0.0828, 0.5623 -0.6666 0.0771, 0.5631 -0.6693 0.0797, 0.5573 -0.6695 0.0816, 0.5459 -0.6713 0.0831, 0.5444 -0.6689 0.0801, 0.5462 -0.6711 0.0832, 0.5482 -0.6679 0.0802, 0.5492 -0.6707 0.0828, 0.5485 -0.6678 0.0802, 0.5568 -0.6696 0.0817, 0.5525 -0.6672 0.0797, 0.5565 -0.667 0.0787, 0.5266 -0.6754 0.0769, 0.5253 -0.679 0.0794, 0.5243 -0.6765 0.0762, 0.5248 -0.6793 0.0792, 0.5243 -0.6765 0.0761, 0.5341 -0.6719 0.0793, 0.5357 -0.6742 0.0824, 0.5326 -0.6726 0.0788, 0.5332 -0.6754 0.0817, 0.527 -0.6782 0.0799, 0.5185 -0.6801 0.0733, 0.5784 -0.6669 0.0704, 0.5796 -0.6693 0.0726, 0.5631 -0.6666 0.0769, 0.6303 -0.6693 0.0433, 0.6299 -0.6678 0.0418, -0.4578 -0.7317 0.0418, -0.4573 -0.734 0.0433, -0.511 -0.6859 0.0687, -0.5125 -0.6877 0.0723, -0.5119 -0.6851 0.0692, -0.5135 -0.6838 0.0702, -0.5151 -0.6856 0.0741, -0.5147 -0.6829 0.0709, -0.5247 -0.6795 0.0789, -0.5241 -0.6767 0.076, -0.5235 -0.677 0.0758, -0.5221 -0.6808 0.078, -0.5325 -0.6755 0.0817, -0.532 -0.6728 0.0787, -0.5321 -0.6757 0.0816, -0.5266 -0.6754 0.0769, -0.5271 -0.6783 0.0798, -0.5543 -0.6671 0.0792, -0.5469 -0.6681 0.0803, -0.547 -0.6712 0.0829, -0.5463 -0.6683 0.0803, -0.5459 -0.6714 0.0829, -0.5443 -0.6687 0.0803, -0.5421 -0.6722 0.0831, -0.5421 -0.6693 0.0803, -0.5392 -0.6732 0.0827, -0.5385 -0.6705 0.0797, -0.5325 -0.6725 0.0789, -0.555 -0.6699 0.0819, -0.5631 -0.6693 0.0797, -0.5623 -0.6666 0.0771, -0.5526 -0.67 0.0825, -0.5569 -0.6668 0.0788, -0.5796 -0.6693 0.0726, -0.5784 -0.6669 0.0704, -0.5631 -0.6666 0.0769, -0.6303 -0.6693 0.0433, -0.6298 -0.6678 0.0418
            ]
        }
        coordIndex [
            0,1,2,-1,2,1,3,-1,2,3,4,-1,4,3,5,-1,5,3,6,-1,5,6,7,-1,8,9,10,-1,10,9,11,-1,12,13,14,-1,14,13,15,-1,14,15,16,-1,17,18,19,-1,19,18,20,-1,21,22,23,-1,23,22,24,-1,23,24,25,-1,26,27,28,-1,29,30,31,-1,28,27,32,-1,32,27,33,-1,32,33,34,-1,34,33,35,-1,34,35,36,-1,36,35,37,-1,36,37,38,-1,38,37,39,-1,38,39,31,-1,31,39,40,-1,31,40,29,-1,41,42,43,-1,43,42,44,-1,43,44,45,-1,26,28,46,-1,46,28,47,-1,46,47,48,-1,48,47,49,-1,48,49,41,-1,41,49,50,-1,41,50,42,-1,45,44,51,-1,51,44,22,-1,51,22,21,-1,52,53,54,-1,54,53,30,-1,54,30,29,-1,55,53,56,-1,56,53,52,-1,57,58,59,-1,59,58,60,-1,59,60,61,-1,61,60,62,-1,62,60,63,-1,62,63,64,-1,65,66,67,-1,65,67,68,-1,68,67,64,-1,68,64,63,-1,69,70,71,-1,71,70,72,-1,66,65,72,-1,72,65,73,-1,72,73,71,-1,74,75,76,-1,76,75,77,-1,76,77,78,-1,78,77,79,-1,78,79,80,-1,80,79,81,-1,80,81,82,-1,82,81,83,-1,82,83,69,-1,69,83,84,-1,69,84,70,-1,85,86,87,-1,76,88,74,-1,74,88,85,-1,74,85,89,-1,89,85,87,-1,90,91,86,-1,86,91,92,-1,86,92,87,-1,90,93,91,-1,91,93,94,-1,
        ]
    }
}
Shape{
    appearance Appearance {
        material  Material 	{
            diffuseColor 0.8509803921568627 0.8509803921568627 0.8509803921568627
            specularColor 0.4235294117647059 0.4235294117647059 0.4235294117647059
            ambientIntensity 0.851
            transparency 0.0
            shininess 0.5
        }
    }
    geometry IndexedFaceSet {
        ccw TRUE
        solid FALSE
        coord DEF co Coordinate {
            point [
                -0.7859 -0.5512 0.0418, -0.786 -0.5512 0.0407, -0.7837 -0.574 0.0407, -0.782 -0.5814 0.0418, -0.7663 -0.616 0.0407, -0.7518 -0.6337 0.0418, -0.7703 -0.6095 0.0418, -0.7815 -0.5813 0.0407, -0.7771 -0.5959 0.0407, -0.7699 -0.6093 0.0407, -0.7518 -0.6337 0.0407, -0.7341 -0.6482 0.0407, -0.7276 -0.6522 0.0418, -0.6693 -0.6679 0.0407, -0.6693 -0.6678 0.0418, -0.6921 -0.6656 0.0407, -0.6995 -0.6639 0.0418, -0.7274 -0.6518 0.0407, -0.7139 -0.659 0.0407, -0.6993 -0.6634 0.0407, -0.6298 -0.6678 0.0418, -0.5631 -0.6679 0.0407, -0.5784 -0.6669 0.0704, -0.5631 -0.6666 0.0769, -0.5623 -0.6666 0.0771, -0.5492 -0.6691 0.0407, -0.5569 -0.6668 0.0788, -0.5543 -0.6671 0.0792, -0.5447 -0.6703 0.0407, -0.5463 -0.6683 0.0803, -0.5469 -0.6681 0.0803, -0.5385 -0.6705 0.0797, -0.5421 -0.6693 0.0803, -0.5443 -0.6687 0.0803, -0.5325 -0.6725 0.0789, -0.5357 -0.6727 0.0407, -0.532 -0.6728 0.0787, -0.5273 -0.6767 0.0407, -0.5266 -0.6754 0.0769, -0.5116 -0.6866 0.0407, -0.511 -0.6859 0.0687, -0.523 -0.6786 0.0407, -0.5119 -0.6851 0.0692, -0.5135 -0.6838 0.0702, -0.5147 -0.6829 0.0709, -0.5235 -0.677 0.0758, -0.5241 -0.6767 0.076, -0.4578 -0.7317 0.0418, -0.4147 -0.7679 0.0407, -0.4147 -0.7679 0.0418, -0.3997 -0.7778 0.0407, -0.3997 -0.7777 0.0418, -0.3829 -0.7839 0.0407, -0.3829 -0.7839 0.0418, -0.365 -0.786 0.0407, -0.365 -0.786 0.0418, -0.3558 -0.786 0.0407, -0.3558 -0.786 0.0418, -0.3558 0.786 0.0407, -0.3558 0.7859 0.0418, -0.3545 0.748 0.0039, -0.3549 0.7779 0.0154, -0.3551 0.7825 0.0232, -0.3554 0.7852 0.0318, -0.3545 -0.7481 0.0039, -0.3554 -0.7853 0.0318, -0.3551 -0.7825 0.0232, -0.3544 0.7556 0.001, -0.3545 0.764 0.0041, -0.3546 0.7716 0.009, -0.3549 -0.7779 0.0154, -0.3546 -0.7717 0.009, -0.3545 -0.7641 0.0041, -0.3544 -0.7556 0.001, -0.3543 -0.7467 0.0, -0.3543 0.7466 0.0, -0.365 0.786 0.0407, -0.365 0.7859 0.0418, -0.3829 0.7839 0.0407, -0.3829 0.7838 0.0418, -0.3997 0.7777 0.0407, -0.3997 0.7777 0.0418, -0.4147 0.7679 0.0407, -0.4147 0.7678 0.0418, -0.4578 0.7317 0.0418, -0.5116 0.6866 0.0407, -0.511 0.6859 0.0687, -0.6693 0.6678 0.0418, -0.6693 0.6678 0.0407, -0.6921 0.6656 0.0407, -0.6995 0.6638 0.0418, -0.7341 0.6482 0.0407, -0.7518 0.6336 0.0418, -0.7276 0.6522 0.0418, -0.6993 0.6634 0.0407, -0.7139 0.659 0.0407, -0.7274 0.6518 0.0407, -0.7518 0.6337 0.0407, -0.7663 0.616 0.0407, -0.7703 0.6095 0.0418, -0.786 0.5512 0.0407, -0.7859 0.5512 0.0418, -0.7837 0.5739 0.0407, -0.782 0.5814 0.0418, -0.7699 0.6093 0.0407, -0.7771 0.5958 0.0407, -0.7815 0.5812 0.0407, -0.365 0.7466 0.0, -0.4863 0.6565 0.0, -0.3894 0.7377 0.0, -0.4863 -0.6565 0.0, -0.5034 -0.6446 0.0, -0.5034 0.6445 0.0, -0.5222 -0.6357 0.0, -0.5222 0.6357 0.0, -0.5424 -0.6304 0.0, -0.5424 0.6303 0.0, -0.3821 0.7426 0.0, -0.3738 0.7456 0.0, -0.365 -0.7467 0.0, -0.3738 -0.7456 0.0, -0.3821 -0.7426 0.0, -0.3894 -0.7378 0.0, -0.5631 0.6285 0.0, -0.5631 -0.6285 0.0, -0.6693 -0.6285 0.0, -0.724 0.6058 0.0, -0.7123 0.6155 0.0, -0.6989 0.6226 0.0, -0.7466 -0.5512 0.0, -0.6844 -0.6271 0.0, -0.7407 0.5808 0.0, -0.7336 0.5941 0.0, -0.6693 0.6285 0.0, -0.6844 0.627 0.0, -0.6989 -0.6227 0.0, -0.7123 -0.6155 0.0, -0.724 -0.6059 0.0, -0.7336 -0.5942 0.0, -0.7407 -0.5808 0.0, -0.7451 -0.5663 0.0, -0.7466 0.5512 0.0, -0.7451 0.5663 0.0, 0.365 -0.786 0.0418, 0.365 -0.786 0.0407, 0.3829 -0.7839 0.0407, 0.3829 -0.7839 0.0418, 0.3997 -0.7778 0.0407, 0.3997 -0.7777 0.0418, 0.4147 -0.7679 0.0407, 0.4147 -0.7679 0.0418, 0.4578 -0.7317 0.0418, 0.5116 -0.6866 0.0407, 0.511 -0.6859 0.0687, 0.5266 -0.6754 0.0769, 0.5243 -0.6765 0.0762, 0.5273 -0.6767 0.0407, 0.5243 -0.6765 0.0761, 0.5185 -0.6801 0.0733, 0.5119 -0.6851 0.0692, 0.523 -0.6786 0.0407, 0.5131 -0.6841 0.0699, 0.5147 -0.6829 0.0709, 0.5326 -0.6726 0.0788, 0.5357 -0.6727 0.0407, 0.5341 -0.6719 0.0793, 0.5383 -0.6704 0.0799, 0.5447 -0.6703 0.0407, 0.541 -0.6697 0.08, 0.5525 -0.6672 0.0797, 0.5485 -0.6678 0.0802, 0.5492 -0.6691 0.0407, 0.5482 -0.6679 0.0802, 0.5444 -0.6689 0.0801, 0.5631 -0.6679 0.0407, 0.5631 -0.6666 0.0769, 0.5623 -0.6666 0.0771, 0.5565 -0.667 0.0787, 0.6693 -0.6679 0.0407, 0.6693 -0.6678 0.0418, 0.6299 -0.6678 0.0418, 0.5784 -0.6669 0.0704, 0.6921 -0.6656 0.0407, 0.6995 -0.6639 0.0418, 0.7341 -0.6482 0.0407, 0.7518 -0.6337 0.0418, 0.7276 -0.6522 0.0418, 0.6993 -0.6634 0.0407, 0.7139 -0.659 0.0407, 0.7274 -0.6518 0.0407, 0.7518 -0.6337 0.0407, 0.7663 -0.616 0.0407, 0.7703 -0.6095 0.0418, 0.786 -0.5512 0.0407, 0.7859 -0.5512 0.0418, 0.7837 -0.574 0.0407, 0.782 -0.5814 0.0418, 0.7699 -0.6093 0.0407, 0.7771 -0.5959 0.0407, 0.7815 -0.5813 0.0407, 0.786 0.5512 0.0407, 0.7859 0.5512 0.0418, 0.7837 0.5739 0.0407, 0.782 0.5814 0.0418, 0.7663 0.616 0.0407, 0.7518 0.6336 0.0418, 0.7703 0.6095 0.0418, 0.7815 0.5812 0.0407, 0.7771 0.5958 0.0407, 0.7699 0.6093 0.0407, 0.7518 0.6337 0.0407, 0.7341 0.6482 0.0407, 0.7276 0.6522 0.0418, 0.6693 0.6678 0.0407, 0.6693 0.6678 0.0418, 0.6921 0.6656 0.0407, 0.6995 0.6638 0.0418, 0.7274 0.6518 0.0407, 0.7139 0.659 0.0407, 0.6993 0.6634 0.0407, 0.511 0.6859 0.0687, 0.5116 0.6866 0.0407, 0.4578 0.7317 0.0418, 0.4147 0.7679 0.0407, 0.4147 0.7678 0.0418, 0.3997 0.7777 0.0407, 0.3997 0.7777 0.0418, 0.3829 0.7839 0.0407, 0.3829 0.7838 0.0418, 0.365 0.786 0.0407, 0.365 0.7859 0.0418, 0.3558 0.786 0.0407, 0.3558 0.7859 0.0418, 0.3558 -0.786 0.0407, 0.3558 -0.786 0.0418, 0.3545 -0.7481 0.0039, 0.3545 0.748 0.0039, 0.3554 0.7852 0.0318, 0.3551 0.7825 0.0232, 0.3549 -0.7779 0.0154, 0.3551 -0.7825 0.0232, 0.3554 -0.7853 0.0318, 0.3549 0.7779 0.0154, 0.3546 0.7716 0.009, 0.3545 0.764 0.0041, 0.3544 -0.7556 0.001, 0.3545 -0.7641 0.0041, 0.3546 -0.7717 0.009, 0.3544 0.7556 0.001, 0.3543 0.7466 0.0, 0.3543 -0.7467 0.0, 0.365 -0.7467 0.0, 0.4863 0.6565 0.0, 0.5034 0.6445 0.0, 0.5034 -0.6446 0.0, 0.5222 0.6357 0.0, 0.5222 -0.6357 0.0, 0.5631 -0.6285 0.0, 0.5424 -0.6304 0.0, 0.5631 0.6285 0.0, 0.4863 -0.6565 0.0, 0.3894 -0.7378 0.0, 0.5424 0.6303 0.0, 0.3821 -0.7426 0.0, 0.3738 -0.7456 0.0, 0.365 0.7466 0.0, 0.3738 0.7456 0.0, 0.3821 0.7426 0.0, 0.3894 0.7377 0.0, 0.6989 0.6226 0.0, 0.7123 0.6155 0.0, 0.724 0.6058 0.0, 0.6844 0.627 0.0, 0.7466 0.5512 0.0, 0.7466 -0.5512 0.0, 0.6693 -0.6285 0.0, 0.6693 0.6285 0.0, 0.7336 0.5941 0.0, 0.7407 0.5808 0.0, 0.7451 0.5663 0.0, 0.7451 -0.5663 0.0, 0.7407 -0.5808 0.0, 0.7336 -0.5942 0.0, 0.724 -0.6059 0.0, 0.7123 -0.6155 0.0, 0.6989 -0.6227 0.0, 0.6844 -0.6271 0.0, -0.365 0.7556 0.001, -0.365 0.764 0.0041, -0.365 0.7716 0.009, -0.365 0.7779 0.0154, -0.365 0.7825 0.0232, -0.365 0.7852 0.0318, -0.3759 0.7543 0.001, -0.3778 0.7626 0.0041, -0.3796 0.7699 0.009, -0.381 0.776 0.0154, -0.3821 0.7805 0.0232, -0.3827 0.7832 0.0318, -0.3861 0.7506 0.001, -0.3899 0.7582 0.0041, -0.3933 0.7649 0.009, -0.3961 0.7705 0.0154, -0.3982 0.7746 0.0232, -0.3994 0.7771 0.0318, -0.3952 0.7446 0.001, -0.4007 0.7511 0.0041, -0.4055 0.7569 0.009, -0.4095 0.7617 0.0154, -0.4125 0.7652 0.0232, -0.4143 0.7673 0.0318, -0.5111 0.6861 0.0318, -0.5094 0.684 0.0232, -0.5064 0.6804 0.0154, -0.5024 0.6756 0.009, -0.4975 0.6698 0.0041, -0.4921 0.6633 0.001, -0.7764 0.5955 0.0318, -0.7137 0.6583 0.0318, -0.6861 0.6358 0.001, -0.7023 0.6309 0.001, -0.6878 0.6441 0.0041, -0.7056 0.6387 0.0041, -0.6893 0.6515 0.009, -0.7085 0.6457 0.009, -0.6905 0.6577 0.0154, -0.7109 0.6515 0.0154, -0.6914 0.6622 0.0232, -0.7126 0.6558 0.0232, -0.6919 0.6649 0.0318, -0.741 0.5991 0.001, -0.749 0.5842 0.001, -0.7481 0.6038 0.0041, -0.7569 0.5874 0.0041, -0.7544 0.608 0.009, -0.7638 0.5903 0.009, -0.7596 0.6115 0.0154, -0.7696 0.5927 0.0154, -0.7634 0.6141 0.0232, -0.7739 0.5945 0.0232, -0.7657 0.6156 0.0318, -0.6693 0.6375 0.001, -0.6693 0.6459 0.0041, -0.6693 0.6535 0.009, -0.6693 0.6598 0.0154, -0.6693 0.6644 0.0232, -0.6693 0.6671 0.0318, -0.7337 0.6476 0.0318, -0.7322 0.6453 0.0232, -0.7296 0.6415 0.0154, -0.7262 0.6363 0.009, -0.7219 0.63 0.0041, -0.7172 0.6229 0.001, -0.7303 0.6122 0.001, -0.7363 0.6182 0.0041, -0.7417 0.6235 0.009, -0.7461 0.628 0.0154, -0.7494 0.6312 0.0232, -0.7513 0.6332 0.0318, -0.783 0.5738 0.0318, -0.7803 0.5733 0.0232, -0.7758 0.5723 0.0154, -0.7697 0.5711 0.009, -0.7622 0.5697 0.0041, -0.7539 0.568 0.001, -0.7556 0.5512 0.001, -0.7641 0.5512 0.0041, -0.7716 0.5512 0.009, -0.7779 0.5512 0.0154, -0.7825 0.5512 0.0232, -0.7853 0.5512 0.0318, -0.7853 -0.5512 0.0318, -0.7825 -0.5512 0.0232, -0.7779 -0.5512 0.0154, -0.7716 -0.5512 0.009, -0.7641 -0.5512 0.0041, -0.7556 -0.5512 0.001, -0.7137 -0.6583 0.0318, -0.7764 -0.5956 0.0318, -0.7539 -0.568 0.001, -0.749 -0.5842 0.001, -0.7622 -0.5697 0.0041, -0.7569 -0.5875 0.0041, -0.7697 -0.5712 0.009, -0.7638 -0.5904 0.009, -0.7758 -0.5724 0.0154, -0.7696 -0.5928 0.0154, -0.7803 -0.5733 0.0232, -0.7739 -0.5945 0.0232, -0.783 -0.5738 0.0318, -0.7172 -0.623 0.001, -0.7023 -0.6309 0.001, -0.7219 -0.63 0.0041, -0.7056 -0.6388 0.0041, -0.7262 -0.6363 0.009, -0.7085 -0.6458 0.009, -0.7296 -0.6415 0.0154, -0.7109 -0.6515 0.0154, -0.7322 -0.6453 0.0232, -0.7126 -0.6558 0.0232, -0.7337 -0.6476 0.0318, -0.7657 -0.6156 0.0318, -0.7634 -0.6141 0.0232, -0.7596 -0.6115 0.0154, -0.7544 -0.6081 0.009, -0.7481 -0.6039 0.0041, -0.741 -0.5991 0.001, -0.7303 -0.6122 0.001, -0.7363 -0.6182 0.0041, -0.7417 -0.6236 0.009, -0.7461 -0.628 0.0154, -0.7494 -0.6313 0.0232, -0.7513 -0.6332 0.0318, -0.6919 -0.6649 0.0318, -0.6914 -0.6623 0.0232, -0.6905 -0.6577 0.0154, -0.6893 -0.6516 0.009, -0.6878 -0.6442 0.0041, -0.6861 -0.6358 0.001, -0.6693 -0.6375 0.001, -0.6693 -0.646 0.0041, -0.6693 -0.6535 0.009, -0.6693 -0.6598 0.0154, -0.6693 -0.6644 0.0232, -0.6693 -0.6672 0.0318, -0.5631 -0.6672 0.0318, -0.5631 -0.6644 0.0232, -0.5631 -0.6598 0.0154, -0.5631 -0.6535 0.009, -0.5631 -0.646 0.0041, -0.5631 -0.6375 0.001, -0.5491 -0.6684 0.0318, -0.5355 -0.672 0.0318, -0.5111 -0.6861 0.0318, -0.5227 -0.678 0.0318, -0.5094 -0.684 0.0232, -0.5213 -0.6756 0.0232, -0.5064 -0.6805 0.0154, -0.519 -0.6716 0.0154, -0.5024 -0.6757 0.009, -0.5159 -0.6662 0.009, -0.4975 -0.6699 0.0041, -0.5121 -0.6597 0.0041, -0.4921 -0.6634 0.001, -0.5078 -0.6523 0.001, -0.5345 -0.6695 0.0232, -0.5329 -0.6651 0.0154, -0.5308 -0.6592 0.009, -0.5282 -0.6521 0.0041, -0.5253 -0.6442 0.001, -0.5486 -0.6657 0.0232, -0.5478 -0.6611 0.0154, -0.5467 -0.655 0.009, -0.5454 -0.6475 0.0041, -0.5439 -0.6392 0.001, -0.4143 -0.7674 0.0318, -0.4125 -0.7653 0.0232, -0.4095 -0.7617 0.0154, -0.4055 -0.7569 0.009, -0.4007 -0.7511 0.0041, -0.3952 -0.7446 0.001, -0.3861 -0.7506 0.001, -0.3899 -0.7582 0.0041, -0.3933 -0.765 0.009, -0.3961 -0.7706 0.0154, -0.3982 -0.7747 0.0232, -0.3994 -0.7771 0.0318, -0.3759 -0.7543 0.001, -0.3778 -0.7626 0.0041, -0.3796 -0.77 0.009, -0.381 -0.7761 0.0154, -0.3821 -0.7805 0.0232, -0.3827 -0.7832 0.0318, -0.365 -0.7556 0.001, -0.365 -0.7641 0.0041, -0.365 -0.7717 0.009, -0.365 -0.7779 0.0154, -0.365 -0.7825 0.0232, -0.365 -0.7853 0.0318, 0.365 -0.7556 0.001, 0.365 -0.7641 0.0041, 0.365 -0.7717 0.009, 0.365 -0.7779 0.0154, 0.365 -0.7825 0.0232, 0.365 -0.7853 0.0318, 0.4143 -0.7674 0.0318, 0.3994 -0.7771 0.0318, 0.4125 -0.7653 0.0232, 0.3982 -0.7747 0.0232, 0.4095 -0.7617 0.0154, 0.3961 -0.7706 0.0154, 0.4055 -0.7569 0.009, 0.3933 -0.765 0.009, 0.4007 -0.7511 0.0041, 0.3899 -0.7582 0.0041, 0.3952 -0.7446 0.001, 0.3861 -0.7506 0.001, 0.3827 -0.7832 0.0318, 0.3821 -0.7805 0.0232, 0.381 -0.7761 0.0154, 0.3796 -0.77 0.009, 0.3778 -0.7626 0.0041, 0.3759 -0.7543 0.001, 0.4921 -0.6634 0.001, 0.4975 -0.6699 0.0041, 0.5024 -0.6757 0.009, 0.5064 -0.6805 0.0154, 0.5094 -0.684 0.0232, 0.5111 -0.6861 0.0318, 0.5355 -0.672 0.0318, 0.5227 -0.678 0.0318, 0.5078 -0.6523 0.001, 0.5121 -0.6597 0.0041, 0.5159 -0.6662 0.009, 0.519 -0.6716 0.0154, 0.5213 -0.6756 0.0232, 0.5345 -0.6695 0.0232, 0.5329 -0.6651 0.0154, 0.5308 -0.6592 0.009, 0.5282 -0.6521 0.0041, 0.5253 -0.6442 0.001, 0.5491 -0.6684 0.0318, 0.5486 -0.6657 0.0232, 0.5478 -0.6611 0.0154, 0.5467 -0.655 0.009, 0.5454 -0.6475 0.0041, 0.5439 -0.6392 0.001, 0.5631 -0.6375 0.001, 0.5631 -0.646 0.0041, 0.5631 -0.6535 0.009, 0.5631 -0.6598 0.0154, 0.5631 -0.6644 0.0232, 0.5631 -0.6672 0.0318, 0.6693 -0.6375 0.001, 0.6693 -0.646 0.0041, 0.6693 -0.6535 0.009, 0.6693 -0.6598 0.0154, 0.6693 -0.6644 0.0232, 0.6693 -0.6672 0.0318, 0.7556 -0.5512 0.001, 0.7539 -0.568 0.001, 0.7641 -0.5512 0.0041, 0.7622 -0.5697 0.0041, 0.7716 -0.5512 0.009, 0.7697 -0.5712 0.009, 0.7779 -0.5512 0.0154, 0.7758 -0.5724 0.0154, 0.7825 -0.5512 0.0232, 0.7803 -0.5733 0.0232, 0.7853 -0.5512 0.0318, 0.783 -0.5738 0.0318, 0.7657 -0.6156 0.0318, 0.7764 -0.5956 0.0318, 0.7513 -0.6332 0.0318, 0.7337 -0.6476 0.0318, 0.7137 -0.6583 0.0318, 0.6919 -0.6649 0.0318, 0.7739 -0.5945 0.0232, 0.7634 -0.6141 0.0232, 0.7494 -0.6313 0.0232, 0.7322 -0.6453 0.0232, 0.7126 -0.6558 0.0232, 0.6914 -0.6623 0.0232, 0.7696 -0.5928 0.0154, 0.7596 -0.6115 0.0154, 0.7461 -0.628 0.0154, 0.7296 -0.6415 0.0154, 0.7109 -0.6515 0.0154, 0.6905 -0.6577 0.0154, 0.7638 -0.5904 0.009, 0.7544 -0.6081 0.009, 0.7417 -0.6236 0.009, 0.7262 -0.6363 0.009, 0.7085 -0.6458 0.009, 0.6893 -0.6516 0.009, 0.7569 -0.5875 0.0041, 0.7481 -0.6039 0.0041, 0.7363 -0.6182 0.0041, 0.7219 -0.63 0.0041, 0.7056 -0.6388 0.0041, 0.6878 -0.6442 0.0041, 0.749 -0.5842 0.001, 0.741 -0.5991 0.001, 0.7303 -0.6122 0.001, 0.7172 -0.623 0.001, 0.7023 -0.6309 0.001, 0.6861 -0.6358 0.001, 0.7556 0.5512 0.001, 0.7641 0.5512 0.0041, 0.7716 0.5512 0.009, 0.7779 0.5512 0.0154, 0.7825 0.5512 0.0232, 0.7853 0.5512 0.0318, 0.6693 0.6375 0.001, 0.6861 0.6358 0.001, 0.6693 0.6459 0.0041, 0.6878 0.6441 0.0041, 0.6693 0.6535 0.009, 0.6893 0.6515 0.009, 0.6693 0.6598 0.0154, 0.6905 0.6577 0.0154, 0.6693 0.6644 0.0232, 0.6914 0.6622 0.0232, 0.6693 0.6671 0.0318, 0.6919 0.6649 0.0318, 0.7337 0.6476 0.0318, 0.7137 0.6583 0.0318, 0.7513 0.6332 0.0318, 0.7657 0.6156 0.0318, 0.7764 0.5955 0.0318, 0.783 0.5738 0.0318, 0.7126 0.6558 0.0232, 0.7322 0.6453 0.0232, 0.7494 0.6312 0.0232, 0.7634 0.6141 0.0232, 0.7739 0.5945 0.0232, 0.7803 0.5733 0.0232, 0.7109 0.6515 0.0154, 0.7296 0.6415 0.0154, 0.7461 0.628 0.0154, 0.7596 0.6115 0.0154, 0.7696 0.5927 0.0154, 0.7758 0.5723 0.0154, 0.7085 0.6457 0.009, 0.7262 0.6363 0.009, 0.7417 0.6235 0.009, 0.7544 0.608 0.009, 0.7638 0.5903 0.009, 0.7697 0.5711 0.009, 0.7056 0.6387 0.0041, 0.7219 0.63 0.0041, 0.7363 0.6182 0.0041, 0.7481 0.6038 0.0041, 0.7569 0.5874 0.0041, 0.7622 0.5697 0.0041, 0.7023 0.6309 0.001, 0.7172 0.6229 0.001, 0.7303 0.6122 0.001, 0.741 0.5991 0.001, 0.749 0.5842 0.001, 0.7539 0.568 0.001, 0.3952 0.7446 0.001, 0.4921 0.6633 0.001, 0.4007 0.7511 0.0041, 0.4975 0.6698 0.0041, 0.4055 0.7569 0.009, 0.5024 0.6756 0.009, 0.4095 0.7617 0.0154, 0.5064 0.6804 0.0154, 0.4125 0.7652 0.0232, 0.5094 0.684 0.0232, 0.4143 0.7673 0.0318, 0.5111 0.6861 0.0318, 0.365 0.7852 0.0318, 0.3827 0.7832 0.0318, 0.365 0.7825 0.0232, 0.3821 0.7805 0.0232, 0.365 0.7779 0.0154, 0.381 0.776 0.0154, 0.365 0.7716 0.009, 0.3796 0.7699 0.009, 0.365 0.764 0.0041, 0.3778 0.7626 0.0041, 0.365 0.7556 0.001, 0.3759 0.7543 0.001, 0.3994 0.7771 0.0318, 0.3982 0.7746 0.0232, 0.3961 0.7705 0.0154, 0.3933 0.7649 0.009, 0.3899 0.7582 0.0041, 0.3861 0.7506 0.001
            ]
        }
        coordIndex [
            0,1,2,-1,0,2,3,-1,4,5,6,-1,2,7,3,-1,3,7,8,-1,3,8,6,-1,6,8,9,-1,6,9,4,-1,4,10,5,-1,5,10,11,-1,5,11,12,-1,13,14,15,-1,15,14,16,-1,11,17,12,-1,12,17,18,-1,12,18,16,-1,16,18,19,-1,16,19,15,-1,14,13,20,-1,20,13,21,-1,20,21,22,-1,22,21,23,-1,23,21,24,-1,24,21,25,-1,24,25,26,-1,26,25,27,-1,28,29,25,-1,25,29,30,-1,25,30,27,-1,31,32,28,-1,28,32,33,-1,28,33,29,-1,31,28,34,-1,34,28,35,-1,34,35,36,-1,36,35,37,-1,36,37,38,-1,39,40,41,-1,41,40,42,-1,41,42,37,-1,37,42,43,-1,37,43,44,-1,44,45,37,-1,37,45,46,-1,37,46,38,-1,40,39,47,-1,47,39,48,-1,47,48,49,-1,49,48,50,-1,49,50,51,-1,51,50,52,-1,51,52,53,-1,53,52,54,-1,53,54,55,-1,56,57,54,-1,54,57,55,-1,58,59,60,-1,61,62,60,-1,60,62,63,-1,60,63,58,-1,57,56,64,-1,64,56,65,-1,64,65,66,-1,67,68,60,-1,60,68,69,-1,60,69,61,-1,66,70,64,-1,64,70,71,-1,64,71,72,-1,72,73,64,-1,64,73,74,-1,64,74,60,-1,60,74,75,-1,60,75,67,-1,76,77,58,-1,58,77,59,-1,77,76,78,-1,77,78,79,-1,79,78,80,-1,79,80,81,-1,81,80,82,-1,81,82,83,-1,83,82,84,-1,84,82,85,-1,84,85,86,-1,87,88,89,-1,87,89,90,-1,91,92,93,-1,89,94,90,-1,90,94,95,-1,90,95,93,-1,93,95,96,-1,93,96,91,-1,91,97,92,-1,92,97,98,-1,92,98,99,-1,100,101,102,-1,102,101,103,-1,98,104,99,-1,99,104,105,-1,99,105,103,-1,103,105,106,-1,103,106,102,-1,1,0,100,-1,100,0,101,-1,107,75,74,-1,74,108,109,-1,110,111,112,-1,112,111,113,-1,112,113,114,-1,114,113,115,-1,114,115,116,-1,109,117,74,-1,74,117,118,-1,74,118,107,-1,108,74,112,-1,112,74,119,-1,112,119,120,-1,120,121,112,-1,112,121,122,-1,112,122,110,-1,116,115,123,-1,123,115,124,-1,123,124,125,-1,126,127,128,-1,129,125,130,-1,131,132,133,-1,133,132,126,-1,133,126,134,-1,134,126,128,-1,130,135,129,-1,129,135,136,-1,129,136,137,-1,137,138,129,-1,129,138,139,-1,129,139,140,-1,125,129,123,-1,123,129,141,-1,123,141,133,-1,133,141,142,-1,133,142,131,-1,143,144,145,-1,143,145,146,-1,146,145,147,-1,146,147,148,-1,148,147,149,-1,148,149,150,-1,150,149,151,-1,151,149,152,-1,151,152,153,-1,154,155,156,-1,156,155,157,-1,156,157,158,-1,153,152,159,-1,159,152,160,-1,159,160,161,-1,161,160,156,-1,161,156,162,-1,162,156,158,-1,154,156,163,-1,163,156,164,-1,163,164,165,-1,165,164,166,-1,166,164,167,-1,166,167,168,-1,169,170,171,-1,171,170,172,-1,171,172,167,-1,167,172,173,-1,167,173,168,-1,174,175,176,-1,174,176,171,-1,171,176,177,-1,171,177,169,-1,178,179,180,-1,178,180,174,-1,174,180,181,-1,174,181,175,-1,179,178,182,-1,179,182,183,-1,184,185,186,-1,182,187,183,-1,183,187,188,-1,183,188,186,-1,186,188,189,-1,186,189,184,-1,184,190,185,-1,185,190,191,-1,185,191,192,-1,193,194,195,-1,195,194,196,-1,191,197,192,-1,192,197,198,-1,192,198,196,-1,196,198,199,-1,196,199,195,-1,200,201,193,-1,193,201,194,-1,201,200,202,-1,201,202,203,-1,204,205,206,-1,202,207,203,-1,203,207,208,-1,203,208,206,-1,206,208,209,-1,206,209,204,-1,204,210,205,-1,205,210,211,-1,205,211,212,-1,213,214,215,-1,215,214,216,-1,211,217,212,-1,212,217,218,-1,212,218,216,-1,216,218,219,-1,216,219,215,-1,220,221,222,-1,222,221,223,-1,222,223,224,-1,224,223,225,-1,224,225,226,-1,226,225,227,-1,226,227,228,-1,228,227,229,-1,228,229,230,-1,231,232,229,-1,229,232,230,-1,233,234,235,-1,232,231,236,-1,236,231,237,-1,236,237,238,-1,239,240,235,-1,235,240,241,-1,235,241,233,-1,238,242,236,-1,236,242,243,-1,236,243,244,-1,245,246,235,-1,235,246,247,-1,235,247,239,-1,244,248,236,-1,236,248,249,-1,236,249,235,-1,235,249,250,-1,235,250,245,-1,144,143,233,-1,233,143,234,-1,251,250,249,-1,252,253,254,-1,254,253,255,-1,254,255,256,-1,257,258,259,-1,249,260,261,-1,256,255,258,-1,258,255,262,-1,258,262,259,-1,261,263,249,-1,249,263,264,-1,249,264,251,-1,260,249,254,-1,254,249,265,-1,254,265,266,-1,266,267,254,-1,254,267,268,-1,254,268,252,-1,269,270,271,-1,269,271,272,-1,273,274,275,-1,272,271,276,-1,276,271,277,-1,276,277,278,-1,278,279,276,-1,276,279,273,-1,276,273,259,-1,259,273,275,-1,259,275,257,-1,274,280,281,-1,281,282,274,-1,274,282,283,-1,274,283,284,-1,284,285,274,-1,274,285,286,-1,274,286,275,-1,75,107,287,-1,75,287,67,-1,67,287,288,-1,67,288,68,-1,68,288,289,-1,68,289,69,-1,69,289,290,-1,69,290,61,-1,61,290,291,-1,61,291,62,-1,62,291,292,-1,62,292,63,-1,63,292,76,-1,63,76,58,-1,107,118,287,-1,287,118,293,-1,287,293,288,-1,288,293,294,-1,288,294,289,-1,289,294,295,-1,289,295,290,-1,290,295,296,-1,290,296,291,-1,291,296,297,-1,291,297,292,-1,292,297,298,-1,292,298,76,-1,76,298,78,-1,118,117,293,-1,293,117,299,-1,293,299,294,-1,294,299,300,-1,294,300,295,-1,295,300,301,-1,295,301,296,-1,296,301,302,-1,296,302,297,-1,297,302,303,-1,297,303,298,-1,298,303,304,-1,298,304,78,-1,78,304,80,-1,117,109,299,-1,299,109,305,-1,299,305,300,-1,300,305,306,-1,300,306,301,-1,301,306,307,-1,301,307,302,-1,302,307,308,-1,302,308,303,-1,303,308,309,-1,303,309,304,-1,304,309,310,-1,304,310,80,-1,80,310,82,-1,85,82,310,-1,85,310,311,-1,311,310,309,-1,311,309,312,-1,312,309,308,-1,312,308,313,-1,313,308,307,-1,313,307,314,-1,314,307,306,-1,314,306,315,-1,315,306,305,-1,315,305,316,-1,316,305,109,-1,316,109,108,-1,106,105,317,-1,96,95,318,-1,134,128,319,-1,319,128,320,-1,319,320,321,-1,321,320,322,-1,321,322,323,-1,323,322,324,-1,323,324,325,-1,325,324,326,-1,325,326,327,-1,327,326,328,-1,327,328,329,-1,329,328,318,-1,132,131,330,-1,330,131,331,-1,330,331,332,-1,332,331,333,-1,332,333,334,-1,334,333,335,-1,334,335,336,-1,336,335,337,-1,336,337,338,-1,338,337,339,-1,338,339,340,-1,340,339,317,-1,133,134,341,-1,341,134,319,-1,341,319,342,-1,342,319,321,-1,342,321,343,-1,343,321,323,-1,343,323,344,-1,344,323,325,-1,344,325,345,-1,345,325,327,-1,345,327,346,-1,346,327,329,-1,346,329,88,-1,88,329,89,-1,318,95,329,-1,329,95,94,-1,329,94,89,-1,91,96,347,-1,347,96,318,-1,347,318,348,-1,348,318,328,-1,348,328,349,-1,349,328,326,-1,349,326,350,-1,350,326,324,-1,350,324,351,-1,351,324,322,-1,351,322,352,-1,352,322,320,-1,352,320,127,-1,127,320,128,-1,127,126,352,-1,352,126,353,-1,352,353,351,-1,351,353,354,-1,351,354,350,-1,350,354,355,-1,350,355,349,-1,349,355,356,-1,349,356,348,-1,348,356,357,-1,348,357,347,-1,347,357,358,-1,347,358,91,-1,91,358,97,-1,126,132,353,-1,353,132,330,-1,353,330,354,-1,354,330,332,-1,354,332,355,-1,355,332,334,-1,355,334,356,-1,356,334,336,-1,356,336,357,-1,357,336,338,-1,357,338,358,-1,358,338,340,-1,358,340,97,-1,97,340,98,-1,317,105,340,-1,340,105,104,-1,340,104,98,-1,102,106,359,-1,359,106,317,-1,359,317,360,-1,360,317,339,-1,360,339,361,-1,361,339,337,-1,361,337,362,-1,362,337,335,-1,362,335,363,-1,363,335,333,-1,363,333,364,-1,364,333,331,-1,364,331,142,-1,142,331,131,-1,142,141,364,-1,364,141,365,-1,364,365,363,-1,363,365,366,-1,363,366,362,-1,362,366,367,-1,362,367,361,-1,361,367,368,-1,361,368,360,-1,360,368,369,-1,360,369,359,-1,359,369,370,-1,359,370,102,-1,102,370,100,-1,1,100,370,-1,1,370,371,-1,371,370,369,-1,371,369,372,-1,372,369,368,-1,372,368,373,-1,373,368,367,-1,373,367,374,-1,374,367,366,-1,374,366,375,-1,375,366,365,-1,375,365,376,-1,376,365,141,-1,376,141,129,-1,19,18,377,-1,9,8,378,-1,140,139,379,-1,379,139,380,-1,379,380,381,-1,381,380,382,-1,381,382,383,-1,383,382,384,-1,383,384,385,-1,385,384,386,-1,385,386,387,-1,387,386,388,-1,387,388,389,-1,389,388,378,-1,136,135,390,-1,390,135,391,-1,390,391,392,-1,392,391,393,-1,392,393,394,-1,394,393,395,-1,394,395,396,-1,396,395,397,-1,396,397,398,-1,398,397,399,-1,398,399,400,-1,400,399,377,-1,129,140,376,-1,376,140,379,-1,376,379,375,-1,375,379,381,-1,375,381,374,-1,374,381,383,-1,374,383,373,-1,373,383,385,-1,373,385,372,-1,372,385,387,-1,372,387,371,-1,371,387,389,-1,371,389,1,-1,1,389,2,-1,378,8,389,-1,389,8,7,-1,389,7,2,-1,4,9,401,-1,401,9,378,-1,401,378,402,-1,402,378,388,-1,402,388,403,-1,403,388,386,-1,403,386,404,-1,404,386,384,-1,404,384,405,-1,405,384,382,-1,405,382,406,-1,406,382,380,-1,406,380,138,-1,138,380,139,-1,138,137,406,-1,406,137,407,-1,406,407,405,-1,405,407,408,-1,405,408,404,-1,404,408,409,-1,404,409,403,-1,403,409,410,-1,403,410,402,-1,402,410,411,-1,402,411,401,-1,401,411,412,-1,401,412,4,-1,4,412,10,-1,137,136,407,-1,407,136,390,-1,407,390,408,-1,408,390,392,-1,408,392,409,-1,409,392,394,-1,409,394,410,-1,410,394,396,-1,410,396,411,-1,411,396,398,-1,411,398,412,-1,412,398,400,-1,412,400,10,-1,10,400,11,-1,377,18,400,-1,400,18,17,-1,400,17,11,-1,15,19,413,-1,413,19,377,-1,413,377,414,-1,414,377,399,-1,414,399,415,-1,415,399,397,-1,415,397,416,-1,416,397,395,-1,416,395,417,-1,417,395,393,-1,417,393,418,-1,418,393,391,-1,418,391,130,-1,130,391,135,-1,130,125,418,-1,418,125,419,-1,418,419,417,-1,417,419,420,-1,417,420,416,-1,416,420,421,-1,416,421,415,-1,415,421,422,-1,415,422,414,-1,414,422,423,-1,414,423,413,-1,413,423,424,-1,413,424,15,-1,15,424,13,-1,21,13,424,-1,21,424,425,-1,425,424,423,-1,425,423,426,-1,426,423,422,-1,426,422,427,-1,427,422,421,-1,427,421,428,-1,428,421,420,-1,428,420,429,-1,429,420,419,-1,429,419,430,-1,430,419,125,-1,430,125,124,-1,28,25,431,-1,37,35,432,-1,39,41,433,-1,433,41,434,-1,433,434,435,-1,435,434,436,-1,435,436,437,-1,437,436,438,-1,437,438,439,-1,439,438,440,-1,439,440,441,-1,441,440,442,-1,441,442,443,-1,443,442,444,-1,443,444,110,-1,110,444,111,-1,41,37,434,-1,434,37,432,-1,434,432,436,-1,436,432,445,-1,436,445,438,-1,438,445,446,-1,438,446,440,-1,440,446,447,-1,440,447,442,-1,442,447,448,-1,442,448,444,-1,444,448,449,-1,444,449,111,-1,111,449,113,-1,35,28,432,-1,432,28,431,-1,432,431,445,-1,445,431,450,-1,445,450,446,-1,446,450,451,-1,446,451,447,-1,447,451,452,-1,447,452,448,-1,448,452,453,-1,448,453,449,-1,449,453,454,-1,449,454,113,-1,113,454,115,-1,25,21,431,-1,431,21,425,-1,431,425,450,-1,450,425,426,-1,450,426,451,-1,451,426,427,-1,451,427,452,-1,452,427,428,-1,452,428,453,-1,453,428,429,-1,453,429,454,-1,454,429,430,-1,454,430,115,-1,115,430,124,-1,48,39,433,-1,48,433,455,-1,455,433,435,-1,455,435,456,-1,456,435,437,-1,456,437,457,-1,457,437,439,-1,457,439,458,-1,458,439,441,-1,458,441,459,-1,459,441,443,-1,459,443,460,-1,460,443,110,-1,460,110,122,-1,122,121,460,-1,460,121,461,-1,460,461,459,-1,459,461,462,-1,459,462,458,-1,458,462,463,-1,458,463,457,-1,457,463,464,-1,457,464,456,-1,456,464,465,-1,456,465,455,-1,455,465,466,-1,455,466,48,-1,48,466,50,-1,121,120,461,-1,461,120,467,-1,461,467,462,-1,462,467,468,-1,462,468,463,-1,463,468,469,-1,463,469,464,-1,464,469,470,-1,464,470,465,-1,465,470,471,-1,465,471,466,-1,466,471,472,-1,466,472,50,-1,50,472,52,-1,120,119,467,-1,467,119,473,-1,467,473,468,-1,468,473,474,-1,468,474,469,-1,469,474,475,-1,469,475,470,-1,470,475,476,-1,470,476,471,-1,471,476,477,-1,471,477,472,-1,472,477,478,-1,472,478,52,-1,52,478,54,-1,56,54,478,-1,56,478,65,-1,65,478,477,-1,65,477,66,-1,66,477,476,-1,66,476,70,-1,70,476,475,-1,70,475,71,-1,71,475,474,-1,71,474,72,-1,72,474,473,-1,72,473,73,-1,73,473,119,-1,73,119,74,-1,250,251,479,-1,250,479,245,-1,245,479,480,-1,245,480,246,-1,246,480,481,-1,246,481,247,-1,247,481,482,-1,247,482,239,-1,239,482,483,-1,239,483,240,-1,240,483,484,-1,240,484,241,-1,241,484,144,-1,241,144,233,-1,149,147,485,-1,485,147,486,-1,485,486,487,-1,487,486,488,-1,487,488,489,-1,489,488,490,-1,489,490,491,-1,491,490,492,-1,491,492,493,-1,493,492,494,-1,493,494,495,-1,495,494,496,-1,495,496,261,-1,261,496,263,-1,147,145,486,-1,486,145,497,-1,486,497,488,-1,488,497,498,-1,488,498,490,-1,490,498,499,-1,490,499,492,-1,492,499,500,-1,492,500,494,-1,494,500,501,-1,494,501,496,-1,496,501,502,-1,496,502,263,-1,263,502,264,-1,145,144,497,-1,497,144,484,-1,497,484,498,-1,498,484,483,-1,498,483,499,-1,499,483,482,-1,499,482,500,-1,500,482,481,-1,500,481,501,-1,501,481,480,-1,501,480,502,-1,502,480,479,-1,502,479,264,-1,264,479,251,-1,261,260,503,-1,261,503,495,-1,495,503,504,-1,495,504,493,-1,493,504,505,-1,493,505,491,-1,491,505,506,-1,491,506,489,-1,489,506,507,-1,489,507,487,-1,487,507,508,-1,487,508,485,-1,485,508,152,-1,485,152,149,-1,167,164,509,-1,156,160,510,-1,260,254,503,-1,503,254,511,-1,503,511,504,-1,504,511,512,-1,504,512,505,-1,505,512,513,-1,505,513,506,-1,506,513,514,-1,506,514,507,-1,507,514,515,-1,507,515,508,-1,508,515,510,-1,508,510,152,-1,152,510,160,-1,164,156,509,-1,509,156,510,-1,509,510,516,-1,516,510,515,-1,516,515,517,-1,517,515,514,-1,517,514,518,-1,518,514,513,-1,518,513,519,-1,519,513,512,-1,519,512,520,-1,520,512,511,-1,520,511,256,-1,256,511,254,-1,171,167,521,-1,521,167,509,-1,521,509,522,-1,522,509,516,-1,522,516,523,-1,523,516,517,-1,523,517,524,-1,524,517,518,-1,524,518,525,-1,525,518,519,-1,525,519,526,-1,526,519,520,-1,526,520,258,-1,258,520,256,-1,258,257,526,-1,526,257,527,-1,526,527,525,-1,525,527,528,-1,525,528,524,-1,524,528,529,-1,524,529,523,-1,523,529,530,-1,523,530,522,-1,522,530,531,-1,522,531,521,-1,521,531,532,-1,521,532,171,-1,171,532,174,-1,257,275,533,-1,257,533,527,-1,527,533,534,-1,527,534,528,-1,528,534,535,-1,528,535,529,-1,529,535,536,-1,529,536,530,-1,530,536,537,-1,530,537,531,-1,531,537,538,-1,531,538,532,-1,532,538,178,-1,532,178,174,-1,274,539,540,-1,539,541,542,-1,541,543,544,-1,543,545,546,-1,545,547,548,-1,547,549,550,-1,197,551,198,-1,198,551,552,-1,198,552,199,-1,199,552,550,-1,199,550,195,-1,195,550,549,-1,195,549,193,-1,197,191,551,-1,551,191,190,-1,551,190,553,-1,553,190,184,-1,553,184,554,-1,554,184,189,-1,554,189,555,-1,555,189,188,-1,555,188,556,-1,556,188,187,-1,187,182,556,-1,556,182,178,-1,556,178,538,-1,547,550,548,-1,548,550,552,-1,548,552,557,-1,557,552,551,-1,557,551,558,-1,558,551,553,-1,558,553,559,-1,559,553,554,-1,559,554,560,-1,560,554,555,-1,560,555,561,-1,561,555,556,-1,561,556,562,-1,562,556,538,-1,562,538,537,-1,545,548,546,-1,546,548,557,-1,546,557,563,-1,563,557,558,-1,563,558,564,-1,564,558,559,-1,564,559,565,-1,565,559,560,-1,565,560,566,-1,566,560,561,-1,566,561,567,-1,567,561,562,-1,567,562,568,-1,568,562,537,-1,568,537,536,-1,543,546,544,-1,544,546,563,-1,544,563,569,-1,569,563,564,-1,569,564,570,-1,570,564,565,-1,570,565,571,-1,571,565,566,-1,571,566,572,-1,572,566,567,-1,572,567,573,-1,573,567,568,-1,573,568,574,-1,574,568,536,-1,574,536,535,-1,541,544,542,-1,542,544,569,-1,542,569,575,-1,575,569,570,-1,575,570,576,-1,576,570,571,-1,576,571,577,-1,577,571,572,-1,577,572,578,-1,578,572,573,-1,578,573,579,-1,579,573,574,-1,579,574,580,-1,580,574,535,-1,580,535,534,-1,539,542,540,-1,540,542,575,-1,540,575,581,-1,581,575,576,-1,581,576,582,-1,582,576,577,-1,582,577,583,-1,583,577,578,-1,583,578,584,-1,584,578,579,-1,584,579,585,-1,585,579,580,-1,585,580,586,-1,586,580,534,-1,586,534,533,-1,274,540,280,-1,280,540,581,-1,280,581,281,-1,281,581,582,-1,281,582,282,-1,282,582,583,-1,282,583,283,-1,283,583,584,-1,283,584,284,-1,284,584,585,-1,284,585,285,-1,285,585,586,-1,285,586,286,-1,286,586,533,-1,286,533,275,-1,274,273,587,-1,274,587,539,-1,539,587,588,-1,539,588,541,-1,541,588,589,-1,541,589,543,-1,543,589,590,-1,543,590,545,-1,545,590,591,-1,545,591,547,-1,547,591,592,-1,547,592,549,-1,549,592,200,-1,549,200,193,-1,276,593,594,-1,593,595,596,-1,595,597,598,-1,597,599,600,-1,599,601,602,-1,601,603,604,-1,217,605,218,-1,218,605,606,-1,218,606,219,-1,219,606,604,-1,219,604,215,-1,215,604,603,-1,215,603,213,-1,217,211,605,-1,605,211,210,-1,605,210,607,-1,607,210,204,-1,607,204,608,-1,608,204,209,-1,608,209,609,-1,609,209,208,-1,609,208,610,-1,610,208,207,-1,207,202,610,-1,610,202,200,-1,610,200,592,-1,601,604,602,-1,602,604,606,-1,602,606,611,-1,611,606,605,-1,611,605,612,-1,612,605,607,-1,612,607,613,-1,613,607,608,-1,613,608,614,-1,614,608,609,-1,614,609,615,-1,615,609,610,-1,615,610,616,-1,616,610,592,-1,616,592,591,-1,599,602,600,-1,600,602,611,-1,600,611,617,-1,617,611,612,-1,617,612,618,-1,618,612,613,-1,618,613,619,-1,619,613,614,-1,619,614,620,-1,620,614,615,-1,620,615,621,-1,621,615,616,-1,621,616,622,-1,622,616,591,-1,622,591,590,-1,597,600,598,-1,598,600,617,-1,598,617,623,-1,623,617,618,-1,623,618,624,-1,624,618,619,-1,624,619,625,-1,625,619,620,-1,625,620,626,-1,626,620,621,-1,626,621,627,-1,627,621,622,-1,627,622,628,-1,628,622,590,-1,628,590,589,-1,595,598,596,-1,596,598,623,-1,596,623,629,-1,629,623,624,-1,629,624,630,-1,630,624,625,-1,630,625,631,-1,631,625,626,-1,631,626,632,-1,632,626,627,-1,632,627,633,-1,633,627,628,-1,633,628,634,-1,634,628,589,-1,634,589,588,-1,593,596,594,-1,594,596,629,-1,594,629,635,-1,635,629,630,-1,635,630,636,-1,636,630,631,-1,636,631,637,-1,637,631,632,-1,637,632,638,-1,638,632,633,-1,638,633,639,-1,639,633,634,-1,639,634,640,-1,640,634,588,-1,640,588,587,-1,276,594,272,-1,272,594,635,-1,272,635,269,-1,269,635,636,-1,269,636,270,-1,270,636,637,-1,270,637,271,-1,271,637,638,-1,271,638,277,-1,277,638,639,-1,277,639,278,-1,278,639,640,-1,278,640,279,-1,279,640,587,-1,279,587,273,-1,252,268,641,-1,252,641,642,-1,642,641,643,-1,642,643,644,-1,644,643,645,-1,644,645,646,-1,646,645,647,-1,646,647,648,-1,648,647,649,-1,648,649,650,-1,650,649,651,-1,650,651,652,-1,652,651,223,-1,652,223,221,-1,229,227,653,-1,653,227,654,-1,653,654,655,-1,655,654,656,-1,655,656,657,-1,657,656,658,-1,657,658,659,-1,659,658,660,-1,659,660,661,-1,661,660,662,-1,661,662,663,-1,663,662,664,-1,663,664,265,-1,265,664,266,-1,227,225,654,-1,654,225,665,-1,654,665,656,-1,656,665,666,-1,656,666,658,-1,658,666,667,-1,658,667,660,-1,660,667,668,-1,660,668,662,-1,662,668,669,-1,662,669,664,-1,664,669,670,-1,664,670,266,-1,266,670,267,-1,225,223,665,-1,665,223,651,-1,665,651,666,-1,666,651,649,-1,666,649,667,-1,667,649,647,-1,667,647,668,-1,668,647,645,-1,668,645,669,-1,669,645,643,-1,669,643,670,-1,670,643,641,-1,670,641,267,-1,267,641,268,-1,231,229,653,-1,231,653,237,-1,237,653,655,-1,237,655,238,-1,238,655,657,-1,238,657,242,-1,242,657,659,-1,242,659,243,-1,243,659,661,-1,243,661,244,-1,244,661,663,-1,244,663,248,-1,248,663,265,-1,248,265,249,-1,
        ]
    }
}
Shape{
    appearance Appearance {
        material  Material 	{
            diffuseColor 0.5372549019607843 0.34901960784313724 0.33725490196078434
            specularColor 0.3764705882352941 0.24313725490196078 0.23529411764705882
            ambientIntensity 0.404
            transparency 0.0
            shininess 0.5
        }
    }
    geometry IndexedFaceSet {
        ccw TRUE
        solid FALSE
        coord DEF co Coordinate {
            point [
                0.5473 0.6709 0.1652, 0.5473 0.6709 0.1061, 0.5531 0.6718 0.1652, 0.5537 0.672 0.1061, 0.5548 0.6725 0.1652, 0.5548 0.6725 0.1061, 0.5602 0.6748 0.1652, 0.5604 0.6749 0.1061, 0.5616 0.6758 0.1652, 0.5616 0.6758 0.1061, 0.5664 0.6795 0.1652, 0.5663 0.6794 0.1061, 0.5674 0.6808 0.1652, 0.5674 0.6808 0.1061, 0.571 0.6856 0.1652, 0.5708 0.6852 0.1061, 0.5716 0.687 0.1652, 0.5716 0.687 0.1061, 0.574 0.6927 0.1652, 0.5738 0.692 0.1061, 0.5742 0.6942 0.1652, 0.5742 0.6942 0.1061, 0.575 0.7003 0.1652, 0.575 0.6993 0.1061, 0.5748 0.7018 0.1652, 0.5748 0.7018 0.1061, 0.574 0.708 0.1652, 0.5743 0.7066 0.1061, 0.5735 0.7092 0.1652, 0.5734 0.7092 0.1061, 0.5719 0.7136 0.1061, 0.571 0.7151 0.1652, 0.5702 0.7161 0.1061, 0.5703 0.7161 0.1652, 0.5678 0.7197 0.1061, 0.5664 0.7212 0.1652, 0.5653 0.7219 0.1061, 0.5654 0.722 0.1652, 0.5602 0.7259 0.1652, 0.5623 0.7246 0.1061, 0.5592 0.7264 0.1652, 0.5591 0.7263 0.1061, 0.5557 0.728 0.1061, 0.5531 0.7289 0.1652, 0.552 0.7289 0.1061, 0.552 0.729 0.1652, 0.5485 0.7297 0.1061, 0.5455 0.7299 0.1652, 0.5445 0.7296 0.1061, 0.5445 0.7297 0.1652, 0.5412 0.7295 0.1061, 0.5378 0.7289 0.1652, 0.537 0.7284 0.1061, 0.537 0.7285 0.1652, 0.534 0.7276 0.1061, 0.5307 0.7259 0.1652, 0.5301 0.7253 0.1061, 0.53 0.7254 0.1652, 0.5277 0.7239 0.1061, 0.5246 0.7212 0.1652, 0.5242 0.7205 0.1061, 0.5241 0.7206 0.1652, 0.5224 0.7187 0.1061, 0.5199 0.7151 0.1652, 0.5197 0.7144 0.1061, 0.5196 0.7144 0.1652, 0.5185 0.7124 0.1061, 0.517 0.708 0.1652, 0.517 0.7073 0.1061, 0.5169 0.7073 0.1652, 0.5164 0.7054 0.1061, 0.5159 0.7003 0.1652, 0.5161 0.6997 0.1061, 0.516 0.6997 0.1652, 0.516 0.698 0.1061, 0.517 0.6927 0.1652, 0.5172 0.6922 0.1061, 0.5172 0.6922 0.1652, 0.5175 0.6908 0.1061, 0.5199 0.6856 0.1652, 0.5203 0.6852 0.1061, 0.5202 0.6852 0.1652, 0.5208 0.6841 0.1061, 0.5246 0.6795 0.1652, 0.5249 0.6792 0.1061, 0.5249 0.6792 0.1652, 0.5162 0.5717 0.2228, 0.5162 0.5703 0.2243, 0.5159 0.6413 0.2242, 0.5168 0.5636 0.2314, 0.517 0.5632 0.2319, 0.517 0.6413 0.2319, 0.5406 0.6085 0.1951, 0.5378 0.6074 0.1957, 0.5378 0.6413 0.1957, 0.5307 0.6413 0.1987, 0.5345 0.6053 0.1968, 0.5315 0.6027 0.1982, 0.5531 0.6063 0.1957, 0.5495 0.6082 0.195, 0.5531 0.6413 0.1957, 0.5475 0.6088 0.1948, 0.5455 0.6413 0.1947, 0.5455 0.6091 0.1947, 0.5435 0.609 0.1948, 0.5569 0.6033 0.197, 0.5602 0.6413 0.1987, 0.5585 0.6015 0.1978, 0.5602 0.5997 0.1987, 0.5664 0.6413 0.2034, 0.5664 0.5908 0.2034, 0.5671 0.5891 0.2044, 0.571 0.6413 0.2095, 0.571 0.5809 0.2095, 0.574 0.6413 0.2166, 0.574 0.5713 0.2166, 0.5746 0.5659 0.2215, 0.575 0.6413 0.2242, 0.575 0.5629 0.2242, 0.5746 0.5601 0.2274, 0.574 0.6413 0.2319, 0.574 0.5562 0.2319, 0.5728 0.5537 0.2354, 0.571 0.6413 0.239, 0.5726 0.5535 0.2358, 0.5664 0.5485 0.2451, 0.5688 0.5497 0.2423, 0.5664 0.6413 0.2451, 0.5689 0.5498 0.2422, 0.571 0.5514 0.239, 0.5635 0.5476 0.2477, 0.5602 0.6413 0.2498, 0.5602 0.547 0.2498, 0.5568 0.5467 0.2515, 0.5531 0.6413 0.2528, 0.5531 0.5466 0.2528, 0.5455 0.6413 0.2538, 0.5493 0.5468 0.2535, 0.5507 0.5467 0.2533, 0.5378 0.6413 0.2528, 0.5416 0.5476 0.2535, 0.5455 0.5471 0.2538, 0.5283 0.551 0.2483, 0.5307 0.5501 0.2498, 0.5307 0.6413 0.2498, 0.5315 0.5498 0.2503, 0.5378 0.5482 0.2528, 0.5251 0.5526 0.2456, 0.5246 0.6413 0.2451, 0.5246 0.553 0.2451, 0.5199 0.6413 0.239, 0.5196 0.5579 0.2384, 0.5199 0.5574 0.239, 0.521 0.5561 0.2408, 0.5161 0.5678 0.2267, 0.517 0.6413 0.2166, 0.517 0.578 0.2166, 0.5164 0.5755 0.2189, 0.5246 0.6413 0.2034, 0.5246 0.5944 0.2034, 0.5199 0.6413 0.2095, 0.5246 0.5944 0.2034, 0.5214 0.5892 0.2072, 0.5201 0.5862 0.2096, 0.5176 0.5803 0.2145, 0.531 0.6022 0.1985, 0.5307 0.6019 0.1987, 0.5276 0.5981 0.2011, 0.5514 0.6701 0.1739, 0.55 0.6704 0.1718, 0.5531 0.6711 0.172, 0.5531 0.6652 0.1842, 0.5531 0.6675 0.1811, 0.5602 0.6675 0.1861, 0.5554 0.6682 0.1811, 0.5455 0.6644 0.1836, 0.5455 0.6663 0.1811, 0.5475 0.6662 0.1811, 0.5505 0.6667 0.1811, 0.5416 0.6664 0.1811, 0.5378 0.6652 0.1842, 0.5404 0.6667 0.1811, 0.5303 0.671 0.1811, 0.5307 0.6708 0.1811, 0.5307 0.6675 0.1861, 0.5341 0.6688 0.1811, 0.5343 0.6687 0.1811, 0.5344 0.6687 0.1811, 0.5379 0.6675 0.1811, 0.5269 0.6737 0.1811, 0.5246 0.6711 0.189, 0.5262 0.6744 0.1811, 0.5246 0.676 0.1811, 0.5246 0.6757 0.1818, 0.5238 0.6769 0.1811, 0.5199 0.6812 0.1844, 0.5212 0.6804 0.1811, 0.5203 0.682 0.1811, 0.5199 0.6845 0.175, 0.5228 0.6804 0.1741, 0.5231 0.6802 0.1733, 0.5246 0.6793 0.1678, 0.5247 0.6793 0.1673, 0.5486 0.6706 0.1699, 0.5477 0.6708 0.1676, 0.5474 0.6709 0.1664, 0.553 0.67 0.1756, 0.5602 0.6739 0.1726, 0.5561 0.6696 0.1789, 0.517 0.6914 0.1766, 0.5159 0.6989 0.1783, 0.517 0.7063 0.18, 0.5199 0.7133 0.1816, 0.5246 0.7192 0.183, 0.5307 0.7238 0.184, 0.5378 0.7267 0.1847, 0.5455 0.7276 0.1849, 0.5531 0.7267 0.1847, 0.5602 0.7238 0.184, 0.5664 0.7192 0.183, 0.571 0.7133 0.1816, 0.574 0.7063 0.18, 0.575 0.6989 0.1783, 0.574 0.6914 0.1766, 0.571 0.6845 0.175, 0.5664 0.6785 0.1737, 0.517 0.6876 0.1875, 0.5159 0.6945 0.1908, 0.517 0.7014 0.1941, 0.5199 0.7078 0.1972, 0.5246 0.7133 0.1999, 0.5307 0.7175 0.2019, 0.5378 0.7202 0.2032, 0.5455 0.7211 0.2036, 0.5531 0.7202 0.2032, 0.5602 0.7175 0.2019, 0.5664 0.7133 0.1999, 0.571 0.7078 0.1972, 0.574 0.7014 0.1941, 0.575 0.6945 0.1908, 0.574 0.6876 0.1875, 0.571 0.6812 0.1844, 0.5664 0.6757 0.1818, 0.5602 0.6715 0.1797, 0.558 0.6694 0.1811, 0.5199 0.6759 0.1928, 0.517 0.6815 0.1972, 0.5159 0.6875 0.202, 0.517 0.6934 0.2068, 0.5199 0.699 0.2112, 0.5246 0.7038 0.215, 0.5307 0.7074 0.218, 0.5378 0.7098 0.2198, 0.5455 0.7105 0.2204, 0.5531 0.7098 0.2198, 0.5602 0.7074 0.218, 0.5664 0.7038 0.215, 0.571 0.699 0.2112, 0.574 0.6934 0.2068, 0.575 0.6875 0.202, 0.574 0.6815 0.1972, 0.571 0.6759 0.1928, 0.5664 0.6711 0.189, 0.5455 0.6597 0.1883, 0.5378 0.6603 0.1891, 0.5307 0.6622 0.1914, 0.5246 0.6651 0.195, 0.5199 0.6689 0.1998, 0.517 0.6733 0.2054, 0.5159 0.6781 0.2114, 0.517 0.6829 0.2173, 0.5199 0.6873 0.2229, 0.5246 0.6911 0.2277, 0.5307 0.694 0.2314, 0.5378 0.6959 0.2337, 0.5455 0.6965 0.2344, 0.5531 0.6959 0.2337, 0.5602 0.694 0.2314, 0.5664 0.6911 0.2277, 0.571 0.6873 0.2229, 0.574 0.6829 0.2173, 0.575 0.6781 0.2114, 0.574 0.6733 0.2054, 0.571 0.6689 0.1998, 0.5664 0.6651 0.195, 0.5602 0.6622 0.1914, 0.5531 0.6603 0.1891, 0.5455 0.6541 0.1918, 0.5378 0.6545 0.1927, 0.5307 0.6558 0.1954, 0.5246 0.6578 0.1996, 0.5199 0.6605 0.2051, 0.517 0.6636 0.2115, 0.5159 0.6669 0.2184, 0.517 0.6702 0.2253, 0.5199 0.6733 0.2317, 0.5246 0.676 0.2372, 0.5307 0.678 0.2414, 0.5378 0.6793 0.2441, 0.5455 0.6797 0.245, 0.5531 0.6793 0.2441, 0.5602 0.678 0.2414, 0.5664 0.676 0.2372, 0.571 0.6733 0.2317, 0.574 0.6702 0.2253, 0.575 0.6669 0.2184, 0.574 0.6636 0.2115, 0.571 0.6605 0.2051, 0.5664 0.6578 0.1996, 0.5602 0.6558 0.1954, 0.5531 0.6545 0.1927, 0.5455 0.6479 0.194, 0.5378 0.6481 0.195, 0.5307 0.6487 0.1978, 0.5246 0.6498 0.2024, 0.5199 0.6511 0.2084, 0.517 0.6527 0.2153, 0.5159 0.6544 0.2228, 0.517 0.6561 0.2302, 0.5199 0.6577 0.2372, 0.5246 0.6591 0.2431, 0.5307 0.6601 0.2477, 0.5378 0.6608 0.2506, 0.5455 0.661 0.2515, 0.5531 0.6608 0.2506, 0.5602 0.6601 0.2477, 0.5664 0.6591 0.2431, 0.571 0.6577 0.2372, 0.574 0.6561 0.2302, 0.575 0.6544 0.2228, 0.574 0.6527 0.2153, 0.571 0.6511 0.2084, 0.5664 0.6498 0.2024, 0.5602 0.6487 0.1978, 0.5531 0.6481 0.195, 0.5604 0.6717 0.0919, 0.5663 0.6758 0.09, 0.5663 0.6785 0.0978, 0.5601 0.6695 0.088, 0.5563 0.6699 0.0922, 0.5676 0.6693 0.0782, 0.568 0.6669 0.0754, 0.5708 0.6694 0.0724, 0.5699 0.6668 0.0721, 0.5706 0.6668 0.0704, 0.5747 0.6676 0.0484, 0.5742 0.6676 0.0464, 0.5743 0.6712 0.048, 0.5228 0.6804 0.0973, 0.5208 0.6831 0.0968, 0.5208 0.6816 0.0917, 0.5238 0.6798 0.1, 0.5246 0.6793 0.1033, 0.5207 0.6816 0.0915, 0.5175 0.6896 0.0954, 0.5191 0.6827 0.0867, 0.516 0.6926 0.0821, 0.5165 0.6846 0.0749, 0.5175 0.6861 0.0851, 0.5178 0.6836 0.0809, 0.5191 0.6827 0.0867, 0.5167 0.6813 0.0722, 0.5166 0.6832 0.0738, 0.5162 0.6819 0.0667, 0.516 0.6862 0.0715, 0.5159 0.6822 0.0642, 0.5164 0.692 0.067, 0.5164 0.6822 0.057, 0.5164 0.6822 0.0568, 0.5164 0.6823 0.0569, 0.5165 0.6822 0.0561, 0.5185 0.6868 0.0515, 0.5182 0.6813 0.0482, 0.5186 0.6811 0.0473, 0.5212 0.6797 0.0407, 0.5224 0.6908 0.0466, 0.5225 0.6788 0.0386, 0.523 0.6785 0.0378, 0.5277 0.6941 0.0427, 0.5244 0.6775 0.0355, 0.5269 0.6757 0.0318, 0.5258 0.6765 0.0331, 0.5277 0.6791 0.0327, 0.534 0.6807 0.0294, 0.529 0.6741 0.0293, 0.5277 0.6751 0.0308, 0.5387 0.6676 0.0224, 0.5372 0.6685 0.0232, 0.5412 0.6817 0.0276, 0.5347 0.67 0.0245, 0.5346 0.67 0.0246, 0.5341 0.6704 0.025, 0.5512 0.6643 0.0212, 0.5488 0.6645 0.0208, 0.5485 0.6817 0.0275, 0.5484 0.6645 0.0208, 0.5447 0.6653 0.0209, 0.5432 0.6657 0.0211, 0.5412 0.6666 0.0217, 0.5571 0.6646 0.0232, 0.5557 0.681 0.029, 0.5621 0.6657 0.0263, 0.5623 0.6794 0.032, 0.5568 0.6645 0.023, 0.5557 0.6644 0.0225, 0.5557 0.6644 0.0225, 0.5678 0.6771 0.0364, 0.5677 0.6672 0.0321, 0.5675 0.6671 0.0318, 0.5631 0.6659 0.0272, 0.5623 0.6657 0.0265, 0.5719 0.6743 0.0419, 0.5727 0.6678 0.0407, 0.5718 0.6678 0.039, 0.5704 0.6677 0.036, 0.5742 0.6672 0.0605, 0.5747 0.6673 0.0552, 0.5747 0.6678 0.0546, 0.5748 0.6674 0.0544, 0.575 0.6675 0.0518, 0.575 0.6784 0.0616, 0.5738 0.6737 0.0672, 0.5738 0.6671 0.0625, 0.5736 0.6671 0.0631, 0.568 0.6666 0.0752, 0.5686 0.6667 0.0744, 0.5631 0.6693 0.0845, 0.5663 0.6714 0.0828, 0.5631 0.6693 0.0845, 0.5662 0.6693 0.0802, 0.5496 0.6704 0.0998, 0.5498 0.6704 0.0996, 0.5537 0.6712 0.0995, 0.5533 0.6701 0.0957, 0.5604 0.6741 0.0988, 0.5475 0.6708 0.1044, 0.548 0.6707 0.1028, 0.516 0.6966 0.0938, 0.5164 0.7038 0.0922, 0.5185 0.7107 0.0907, 0.5224 0.7169 0.0893, 0.5277 0.7219 0.0882, 0.534 0.7255 0.0874, 0.5412 0.7274 0.0869, 0.5485 0.7276 0.0869, 0.5557 0.726 0.0873, 0.5623 0.7226 0.088, 0.5678 0.7178 0.0891, 0.5719 0.7118 0.0904, 0.5743 0.705 0.0919, 0.534 0.6965 0.0398, 0.5412 0.6978 0.0383, 0.5485 0.6979 0.0382, 0.5557 0.6968 0.0395, 0.5623 0.6946 0.0421, 0.5678 0.6915 0.0459, 0.5719 0.6875 0.0506, 0.5743 0.6831 0.0559, 0.575 0.6979 0.0935, 0.5738 0.6908 0.0951, 0.5185 0.6976 0.0627, 0.5224 0.7026 0.0588, 0.5277 0.7067 0.0557, 0.534 0.7096 0.0534, 0.5412 0.7112 0.0522, 0.5485 0.7113 0.0521, 0.5557 0.7099 0.0531, 0.5623 0.7073 0.0552, 0.5678 0.7034 0.0582, 0.5719 0.6985 0.062, 0.5743 0.693 0.0662, 0.575 0.6872 0.0707, 0.5738 0.6814 0.0752, 0.5708 0.6761 0.0793, 0.5164 0.6993 0.0789, 0.5185 0.7057 0.0759, 0.5224 0.7114 0.0733, 0.5277 0.7161 0.0711, 0.534 0.7194 0.0695, 0.5412 0.7212 0.0687, 0.5485 0.7213 0.0686, 0.5557 0.7198 0.0693, 0.5623 0.7167 0.0708, 0.5678 0.7123 0.0729, 0.5719 0.7067 0.0755, 0.5743 0.7004 0.0784, 0.575 0.6938 0.0815, 0.5738 0.6872 0.0846, 0.5708 0.6811 0.0875, 0.5708 0.6842 0.0966, -0.5473 0.6709 0.1061, -0.5473 0.6709 0.1652, -0.5537 0.672 0.1061, -0.5531 0.6718 0.1652, -0.5548 0.6725 0.1061, -0.5548 0.6725 0.1652, -0.5604 0.6749 0.1061, -0.5602 0.6748 0.1652, -0.5616 0.6758 0.1061, -0.5616 0.6758 0.1652, -0.5663 0.6794 0.1061, -0.5664 0.6795 0.1652, -0.5674 0.6808 0.1061, -0.5674 0.6808 0.1652, -0.5708 0.6852 0.1061, -0.571 0.6856 0.1652, -0.5716 0.687 0.1061, -0.5716 0.687 0.1652, -0.5738 0.692 0.1061, -0.574 0.6927 0.1652, -0.5742 0.6942 0.1061, -0.5742 0.6942 0.1652, -0.575 0.6993 0.1061, -0.575 0.7003 0.1652, -0.5748 0.7018 0.1061, -0.5748 0.7018 0.1652, -0.5743 0.7066 0.1061, -0.574 0.708 0.1652, -0.5734 0.7092 0.1061, -0.5735 0.7092 0.1652, -0.5719 0.7136 0.1061, -0.571 0.7151 0.1652, -0.5702 0.7161 0.1061, -0.5703 0.7161 0.1652, -0.5678 0.7197 0.1061, -0.5664 0.7212 0.1652, -0.5653 0.7219 0.1061, -0.5654 0.722 0.1652, -0.5623 0.7246 0.1061, -0.5602 0.7259 0.1652, -0.5591 0.7263 0.1061, -0.5592 0.7264 0.1652, -0.5557 0.728 0.1061, -0.5531 0.7289 0.1652, -0.552 0.7289 0.1061, -0.552 0.729 0.1652, -0.5485 0.7297 0.1061, -0.5455 0.7299 0.1652, -0.5445 0.7296 0.1061, -0.5445 0.7297 0.1652, -0.5412 0.7295 0.1061, -0.5378 0.7289 0.1652, -0.537 0.7284 0.1061, -0.537 0.7285 0.1652, -0.534 0.7276 0.1061, -0.5307 0.7259 0.1652, -0.5301 0.7253 0.1061, -0.53 0.7254 0.1652, -0.5277 0.7239 0.1061, -0.5246 0.7212 0.1652, -0.5242 0.7205 0.1061, -0.5241 0.7206 0.1652, -0.5224 0.7187 0.1061, -0.5199 0.7151 0.1652, -0.5197 0.7144 0.1061, -0.5196 0.7144 0.1652, -0.5185 0.7124 0.1061, -0.517 0.708 0.1652, -0.517 0.7073 0.1061, -0.5169 0.7073 0.1652, -0.5164 0.7054 0.1061, -0.5159 0.7003 0.1652, -0.5161 0.6997 0.1061, -0.516 0.6997 0.1652, -0.516 0.698 0.1061, -0.517 0.6927 0.1652, -0.5172 0.6922 0.1061, -0.5172 0.6922 0.1652, -0.5175 0.6908 0.1061, -0.5199 0.6856 0.1652, -0.5203 0.6852 0.1061, -0.5202 0.6852 0.1652, -0.5208 0.6841 0.1061, -0.5246 0.6795 0.1652, -0.5249 0.6792 0.1061, -0.5249 0.6792 0.1652, -0.574 0.5713 0.2166, -0.574 0.6413 0.2166, -0.571 0.6413 0.2095, -0.5307 0.6413 0.2498, -0.5378 0.6413 0.2528, -0.5315 0.5498 0.2503, -0.5455 0.6413 0.2538, -0.5416 0.5476 0.2535, -0.5378 0.5482 0.2528, -0.5531 0.5466 0.2528, -0.5507 0.5467 0.2533, -0.5531 0.6413 0.2528, -0.5493 0.5468 0.2535, -0.5455 0.5471 0.2538, -0.5568 0.5467 0.2515, -0.5602 0.6413 0.2498, -0.5602 0.547 0.2498, -0.5635 0.5476 0.2476, -0.5664 0.6413 0.2451, -0.5664 0.5485 0.2451, -0.5726 0.5535 0.2358, -0.571 0.5514 0.239, -0.571 0.6413 0.239, -0.5689 0.5498 0.2422, -0.5688 0.5497 0.2423, -0.574 0.6413 0.2319, -0.574 0.5562 0.2319, -0.5728 0.5537 0.2355, -0.575 0.6413 0.2242, -0.5746 0.5659 0.2215, -0.575 0.5629 0.2242, -0.5746 0.5601 0.2274, -0.5664 0.5908 0.2034, -0.5671 0.5891 0.2044, -0.571 0.5809 0.2095, -0.5585 0.6015 0.1978, -0.5602 0.5997 0.1987, -0.5602 0.6413 0.1987, -0.5664 0.6413 0.2034, -0.5475 0.6087 0.1948, -0.5505 0.6078 0.1951, -0.5531 0.6413 0.1957, -0.5531 0.6063 0.1957, -0.557 0.6032 0.197, -0.5455 0.6091 0.1947, -0.5455 0.6413 0.1947, -0.5435 0.609 0.1948, -0.5378 0.6413 0.1957, -0.5415 0.6087 0.195, -0.5307 0.6413 0.1987, -0.5307 0.6019 0.1987, -0.531 0.6022 0.1985, -0.5315 0.6027 0.1982, -0.5345 0.6053 0.1968, -0.5378 0.6074 0.1957, -0.5275 0.5981 0.2011, -0.5246 0.6413 0.2034, -0.5255 0.5957 0.2025, -0.5199 0.6413 0.2095, -0.5205 0.5875 0.2085, -0.5247 0.5944 0.2035, -0.517 0.6413 0.2166, -0.5187 0.5835 0.2117, -0.5199 0.5862 0.2095, -0.517 0.6413 0.2319, -0.516 0.5702 0.2242, -0.5159 0.6413 0.2242, -0.5159 0.5703 0.2241, -0.5161 0.5717 0.2227, -0.5163 0.5747 0.2197, -0.5172 0.578 0.2167, -0.5201 0.5576 0.2389, -0.5179 0.5608 0.2348, -0.5199 0.6413 0.239, -0.517 0.563 0.2321, -0.517 0.5632 0.2319, -0.5215 0.5555 0.2415, -0.5246 0.6413 0.2451, -0.5235 0.5538 0.2439, -0.5307 0.5501 0.2498, -0.5283 0.551 0.2483, -0.5247 0.5531 0.245, -0.5486 0.6706 0.1699, -0.55 0.6704 0.1718, -0.5531 0.6711 0.172, -0.553 0.67 0.1756, -0.5561 0.6696 0.1789, -0.5602 0.6715 0.1797, -0.5231 0.6802 0.1734, -0.5228 0.6804 0.1741, -0.5199 0.6845 0.175, -0.5203 0.682 0.1811, -0.5243 0.6795 0.1694, -0.5246 0.6793 0.1681, -0.5247 0.6793 0.1673, -0.5269 0.6737 0.1811, -0.5262 0.6744 0.1811, -0.5246 0.6757 0.1818, -0.5246 0.676 0.1811, -0.5199 0.6812 0.1844, -0.5238 0.6769 0.1811, -0.5212 0.6804 0.1811, -0.5246 0.6711 0.189, -0.5307 0.6675 0.1861, -0.5303 0.671 0.1811, -0.5343 0.6687 0.1811, -0.5341 0.6688 0.1811, -0.5307 0.6708 0.1811, -0.5378 0.6652 0.1842, -0.5455 0.6644 0.1836, -0.5434 0.6662 0.1811, -0.5403 0.6667 0.1811, -0.5379 0.6675 0.1811, -0.5344 0.6687 0.1811, -0.5531 0.6652 0.1842, -0.5493 0.6664 0.1811, -0.5455 0.6663 0.1811, -0.558 0.6694 0.1811, -0.5555 0.6682 0.1811, -0.5602 0.6675 0.1861, -0.5554 0.6682 0.1811, -0.5531 0.6675 0.1811, -0.5474 0.6709 0.1664, -0.5477 0.6708 0.1676, -0.5602 0.6739 0.1726, -0.5664 0.6785 0.1737, -0.571 0.6845 0.175, -0.574 0.6914 0.1766, -0.575 0.6989 0.1783, -0.574 0.7063 0.18, -0.571 0.7133 0.1816, -0.5664 0.7192 0.183, -0.5602 0.7238 0.184, -0.5531 0.7267 0.1847, -0.5455 0.7276 0.1849, -0.5378 0.7267 0.1847, -0.5307 0.7238 0.184, -0.5246 0.7192 0.183, -0.5199 0.7133 0.1816, -0.517 0.7063 0.18, -0.5159 0.6989 0.1783, -0.517 0.6914 0.1766, -0.5514 0.6701 0.1739, -0.5664 0.6757 0.1818, -0.571 0.6812 0.1844, -0.574 0.6876 0.1875, -0.575 0.6945 0.1908, -0.574 0.7014 0.1941, -0.571 0.7078 0.1972, -0.5664 0.7133 0.1999, -0.5602 0.7175 0.2019, -0.5531 0.7202 0.2032, -0.5455 0.7211 0.2036, -0.5378 0.7202 0.2032, -0.5307 0.7175 0.2019, -0.5246 0.7133 0.1999, -0.5199 0.7078 0.1972, -0.517 0.7014 0.1941, -0.5159 0.6945 0.1908, -0.517 0.6876 0.1875, -0.5664 0.6711 0.189, -0.571 0.6759 0.1928, -0.574 0.6815 0.1972, -0.575 0.6875 0.202, -0.574 0.6934 0.2068, -0.571 0.699 0.2112, -0.5664 0.7038 0.215, -0.5602 0.7074 0.218, -0.5531 0.7098 0.2198, -0.5455 0.7105 0.2204, -0.5378 0.7098 0.2198, -0.5307 0.7074 0.218, -0.5246 0.7038 0.215, -0.5199 0.699 0.2112, -0.517 0.6934 0.2068, -0.5159 0.6875 0.202, -0.517 0.6815 0.1972, -0.5199 0.6759 0.1928, -0.5455 0.6597 0.1883, -0.5531 0.6603 0.1891, -0.5602 0.6622 0.1914, -0.5664 0.6651 0.195, -0.571 0.6689 0.1998, -0.574 0.6733 0.2054, -0.575 0.6781 0.2114, -0.574 0.6829 0.2173, -0.571 0.6873 0.2229, -0.5664 0.6911 0.2277, -0.5602 0.694 0.2314, -0.5531 0.6959 0.2337, -0.5455 0.6965 0.2344, -0.5378 0.6959 0.2337, -0.5307 0.694 0.2314, -0.5246 0.6911 0.2277, -0.5199 0.6873 0.2229, -0.517 0.6829 0.2173, -0.5159 0.6781 0.2114, -0.517 0.6733 0.2054, -0.5199 0.6689 0.1998, -0.5246 0.6651 0.195, -0.5307 0.6622 0.1914, -0.5378 0.6603 0.1891, -0.5455 0.6541 0.1918, -0.5531 0.6545 0.1927, -0.5602 0.6558 0.1954, -0.5664 0.6578 0.1996, -0.571 0.6605 0.2051, -0.574 0.6636 0.2115, -0.575 0.6669 0.2184, -0.574 0.6702 0.2253, -0.571 0.6733 0.2317, -0.5664 0.676 0.2372, -0.5602 0.678 0.2414, -0.5531 0.6793 0.2441, -0.5455 0.6797 0.245, -0.5378 0.6793 0.2441, -0.5307 0.678 0.2414, -0.5246 0.676 0.2372, -0.5199 0.6733 0.2317, -0.517 0.6702 0.2253, -0.5159 0.6669 0.2184, -0.517 0.6636 0.2115, -0.5199 0.6605 0.2051, -0.5246 0.6578 0.1996, -0.5307 0.6558 0.1954, -0.5378 0.6545 0.1927, -0.5455 0.6479 0.194, -0.5531 0.6481 0.195, -0.5602 0.6487 0.1978, -0.5664 0.6498 0.2024, -0.571 0.6511 0.2084, -0.574 0.6527 0.2153, -0.575 0.6544 0.2228, -0.574 0.6561 0.2302, -0.571 0.6577 0.2372, -0.5664 0.6591 0.2431, -0.5602 0.6601 0.2477, -0.5531 0.6608 0.2506, -0.5455 0.661 0.2515, -0.5378 0.6608 0.2506, -0.5307 0.6601 0.2477, -0.5246 0.6591 0.2431, -0.5199 0.6577 0.2372, -0.517 0.6561 0.2302, -0.5159 0.6544 0.2228, -0.517 0.6527 0.2153, -0.5199 0.6511 0.2084, -0.5246 0.6498 0.2024, -0.5307 0.6487 0.1978, -0.5378 0.6481 0.195, -0.5175 0.6861 0.0851, -0.516 0.6926 0.0821, -0.516 0.6966 0.0938, -0.5498 0.6704 0.0996, -0.5537 0.6712 0.0995, -0.5536 0.6699 0.095, -0.533 0.6711 0.0257, -0.5341 0.6704 0.025, -0.534 0.6807 0.0294, -0.568 0.6668 0.0754, -0.5676 0.6693 0.0782, -0.5708 0.6761 0.0793, -0.5705 0.6668 0.0703, -0.5708 0.6694 0.0724, -0.5725 0.667 0.0664, -0.5738 0.6737 0.0672, -0.5733 0.667 0.0642, -0.5736 0.6671 0.0625, -0.5749 0.6673 0.0556, -0.575 0.6784 0.0616, -0.5749 0.6673 0.0555, -0.5749 0.6674 0.0544, -0.575 0.6678 0.0546, -0.5749 0.6675 0.0501, -0.5743 0.6712 0.048, -0.5718 0.6678 0.039, -0.5727 0.6678 0.0407, -0.5719 0.6743 0.0419, -0.5733 0.6678 0.0425, -0.5741 0.6676 0.0465, -0.5704 0.6677 0.0361, -0.5678 0.6771 0.0364, -0.5677 0.6672 0.0321, -0.5675 0.6671 0.0318, -0.5623 0.6794 0.032, -0.5631 0.6659 0.0272, -0.5557 0.681 0.029, -0.5557 0.6645 0.0226, -0.5569 0.6646 0.0231, -0.5572 0.6646 0.0232, -0.558 0.6647 0.0236, -0.5622 0.6657 0.0265, -0.5525 0.6642 0.0215, -0.5485 0.6817 0.0275, -0.5507 0.6643 0.0211, -0.5466 0.6648 0.0208, -0.5484 0.6646 0.0209, -0.5485 0.6646 0.0209, -0.5443 0.6654 0.0209, -0.5412 0.6817 0.0276, -0.5412 0.6666 0.0217, -0.5348 0.67 0.0247, -0.5373 0.6685 0.0232, -0.5389 0.6675 0.0223, -0.5397 0.6672 0.022, -0.523 0.6786 0.0374, -0.5243 0.6776 0.0354, -0.5277 0.6791 0.0327, -0.5254 0.6769 0.0337, -0.5271 0.6755 0.0318, -0.5278 0.675 0.031, -0.5313 0.6723 0.0271, -0.5224 0.6908 0.0466, -0.5224 0.679 0.0385, -0.5277 0.6941 0.0427, -0.523 0.6786 0.0374, -0.5159 0.6822 0.0642, -0.5164 0.6822 0.057, -0.5164 0.6823 0.0569, -0.5164 0.6822 0.0568, -0.5185 0.6868 0.0515, -0.5165 0.6822 0.0561, -0.5182 0.6813 0.0482, -0.5186 0.6811 0.0473, -0.5212 0.6797 0.0407, -0.5167 0.6813 0.0722, -0.5162 0.6819 0.0667, -0.5166 0.6832 0.0738, -0.516 0.6862 0.0715, -0.5165 0.6846 0.075, -0.5178 0.6836 0.0809, -0.5191 0.6828 0.0866, -0.5191 0.6827 0.0867, -0.5234 0.68 0.0987, -0.5229 0.6803 0.0973, -0.5208 0.6831 0.0968, -0.521 0.6815 0.0921, -0.5175 0.6896 0.0954, -0.5244 0.6794 0.1022, -0.5496 0.6704 0.0998, -0.548 0.6707 0.1028, -0.5475 0.6708 0.1044, -0.5539 0.6698 0.0946, -0.5604 0.6741 0.0988, -0.5557 0.6697 0.0927, -0.5602 0.6694 0.0877, -0.5604 0.6717 0.0919, -0.5631 0.6693 0.0845, -0.5663 0.6758 0.09, -0.5663 0.6714 0.0828, -0.5662 0.6693 0.0802, -0.5631 0.6693 0.0845, -0.5663 0.6785 0.0978, -0.5708 0.6842 0.0966, -0.5738 0.6908 0.0951, -0.575 0.6979 0.0935, -0.5743 0.705 0.0919, -0.5719 0.7118 0.0904, -0.5678 0.7178 0.0891, -0.5623 0.7226 0.088, -0.5557 0.726 0.0873, -0.5485 0.7276 0.0869, -0.5412 0.7274 0.0869, -0.534 0.7255 0.0874, -0.5743 0.6831 0.0559, -0.5719 0.6875 0.0506, -0.5678 0.6915 0.0459, -0.5623 0.6946 0.0421, -0.5557 0.6968 0.0395, -0.5485 0.6979 0.0382, -0.5412 0.6978 0.0383, -0.534 0.6965 0.0398, -0.5277 0.7219 0.0882, -0.5224 0.7169 0.0893, -0.5185 0.7107 0.0907, -0.5164 0.692 0.067, -0.5185 0.6976 0.0627, -0.5224 0.7026 0.0588, -0.5277 0.7067 0.0557, -0.534 0.7096 0.0534, -0.5412 0.7112 0.0522, -0.5485 0.7113 0.0521, -0.5557 0.7099 0.0531, -0.5623 0.7073 0.0552, -0.5678 0.7034 0.0582, -0.5719 0.6985 0.062, -0.5743 0.693 0.0662, -0.575 0.6872 0.0707, -0.5738 0.6814 0.0752, -0.568 0.6666 0.0752, -0.5708 0.6811 0.0875, -0.5738 0.6872 0.0846, -0.575 0.6938 0.0815, -0.5743 0.7004 0.0784, -0.5719 0.7067 0.0755, -0.5678 0.7123 0.0729, -0.5623 0.7167 0.0708, -0.5557 0.7198 0.0693, -0.5485 0.7213 0.0686, -0.5412 0.7212 0.0687, -0.534 0.7194 0.0695, -0.5277 0.7161 0.0711, -0.5224 0.7114 0.0733, -0.5185 0.7057 0.0759, -0.5164 0.6993 0.0789, -0.5164 0.7038 0.0922
            ]
        }
        coordIndex [
            0,1,2,-1,2,1,3,-1,2,3,4,-1,4,3,5,-1,4,5,6,-1,6,5,7,-1,6,7,8,-1,8,7,9,-1,8,9,10,-1,10,9,11,-1,10,11,12,-1,12,11,13,-1,12,13,14,-1,14,13,15,-1,14,15,16,-1,16,15,17,-1,16,17,18,-1,18,17,19,-1,18,19,20,-1,20,19,21,-1,20,21,22,-1,22,21,23,-1,22,23,24,-1,24,23,25,-1,24,25,26,-1,26,25,27,-1,26,27,28,-1,27,29,28,-1,28,29,30,-1,28,30,31,-1,31,30,32,-1,31,32,33,-1,33,32,34,-1,33,34,35,-1,35,34,36,-1,35,36,37,-1,37,36,38,-1,38,36,39,-1,38,39,40,-1,39,41,40,-1,40,41,42,-1,40,42,43,-1,43,42,44,-1,43,44,45,-1,45,44,46,-1,45,46,47,-1,47,46,48,-1,47,48,49,-1,49,48,50,-1,49,50,51,-1,51,50,52,-1,51,52,53,-1,53,52,54,-1,53,54,55,-1,55,54,56,-1,55,56,57,-1,57,56,58,-1,57,58,59,-1,59,58,60,-1,59,60,61,-1,61,60,62,-1,61,62,63,-1,63,62,64,-1,63,64,65,-1,65,64,66,-1,65,66,67,-1,67,66,68,-1,67,68,69,-1,69,68,70,-1,69,70,71,-1,71,70,72,-1,71,72,73,-1,73,72,74,-1,73,74,75,-1,75,74,76,-1,75,76,77,-1,77,76,78,-1,77,78,79,-1,79,78,80,-1,79,80,81,-1,81,80,82,-1,81,82,83,-1,83,82,84,-1,83,84,85,-1,86,87,88,-1,89,90,91,-1,92,93,94,-1,94,93,95,-1,95,93,96,-1,95,96,97,-1,98,99,100,-1,100,99,101,-1,100,101,102,-1,102,101,103,-1,102,103,94,-1,94,103,104,-1,94,104,92,-1,98,100,105,-1,105,100,106,-1,105,106,107,-1,107,106,108,-1,108,106,109,-1,108,109,110,-1,110,109,111,-1,111,109,112,-1,111,112,113,-1,113,112,114,-1,113,114,115,-1,115,114,116,-1,116,114,117,-1,116,117,118,-1,118,117,119,-1,119,117,120,-1,119,120,121,-1,121,120,122,-1,122,120,123,-1,122,123,124,-1,125,126,127,-1,127,126,128,-1,127,128,123,-1,123,128,129,-1,123,129,124,-1,125,127,130,-1,130,127,131,-1,130,131,132,-1,132,131,133,-1,133,131,134,-1,133,134,135,-1,136,137,134,-1,134,137,138,-1,134,138,135,-1,139,140,136,-1,136,140,141,-1,136,141,137,-1,142,143,144,-1,144,143,145,-1,144,145,139,-1,139,145,146,-1,139,146,140,-1,142,144,147,-1,147,144,148,-1,147,148,149,-1,91,90,150,-1,90,151,150,-1,150,151,152,-1,150,152,148,-1,148,152,153,-1,148,153,149,-1,88,87,91,-1,91,87,154,-1,91,154,89,-1,155,156,88,-1,88,156,157,-1,88,157,86,-1,158,159,160,-1,160,159,161,-1,161,162,160,-1,160,162,163,-1,160,163,155,-1,155,163,164,-1,155,164,156,-1,97,165,95,-1,95,165,166,-1,95,166,158,-1,158,166,167,-1,158,167,159,-1,168,169,170,-1,171,172,173,-1,173,172,174,-1,175,176,177,-1,175,177,171,-1,171,177,178,-1,171,178,172,-1,176,175,179,-1,179,175,180,-1,179,180,181,-1,182,183,184,-1,184,183,185,-1,185,186,184,-1,184,186,187,-1,184,187,180,-1,180,187,188,-1,180,188,181,-1,182,184,189,-1,189,184,190,-1,189,190,191,-1,192,193,194,-1,194,193,195,-1,194,195,196,-1,196,195,197,-1,198,79,81,-1,199,198,200,-1,200,198,81,-1,200,81,201,-1,201,81,83,-1,201,83,202,-1,202,83,85,-1,203,204,2,-1,2,204,205,-1,2,205,0,-1,168,170,206,-1,206,170,207,-1,206,207,208,-1,79,198,77,-1,77,198,209,-1,77,209,75,-1,75,209,73,-1,73,209,210,-1,73,210,71,-1,71,210,69,-1,69,210,211,-1,69,211,67,-1,67,211,65,-1,65,211,212,-1,65,212,63,-1,63,212,61,-1,61,212,213,-1,61,213,59,-1,59,213,57,-1,57,213,214,-1,57,214,55,-1,55,214,53,-1,53,214,215,-1,53,215,51,-1,51,215,49,-1,49,215,216,-1,49,216,47,-1,47,216,45,-1,45,216,217,-1,45,217,43,-1,43,217,40,-1,40,217,218,-1,40,218,38,-1,38,218,37,-1,37,218,219,-1,37,219,35,-1,35,219,33,-1,33,219,220,-1,33,220,31,-1,31,220,28,-1,28,220,221,-1,28,221,26,-1,26,221,24,-1,24,221,222,-1,24,222,22,-1,22,222,20,-1,20,222,223,-1,20,223,18,-1,18,223,16,-1,16,223,224,-1,16,224,14,-1,14,224,12,-1,12,224,225,-1,12,225,10,-1,10,225,8,-1,8,225,207,-1,8,207,6,-1,199,197,198,-1,198,197,195,-1,198,195,209,-1,209,195,226,-1,209,226,210,-1,210,226,227,-1,210,227,211,-1,211,227,228,-1,211,228,212,-1,212,228,229,-1,212,229,213,-1,213,229,230,-1,213,230,214,-1,214,230,231,-1,214,231,215,-1,215,231,232,-1,215,232,216,-1,216,232,233,-1,216,233,217,-1,217,233,234,-1,217,234,218,-1,218,234,235,-1,218,235,219,-1,219,235,236,-1,219,236,220,-1,220,236,237,-1,220,237,221,-1,221,237,238,-1,221,238,222,-1,222,238,239,-1,222,239,223,-1,223,239,240,-1,223,240,224,-1,224,240,241,-1,224,241,225,-1,225,241,242,-1,225,242,207,-1,207,242,243,-1,207,243,208,-1,208,243,244,-1,192,191,193,-1,193,191,190,-1,193,190,195,-1,195,190,245,-1,195,245,226,-1,226,245,246,-1,226,246,227,-1,227,246,247,-1,227,247,228,-1,228,247,248,-1,228,248,229,-1,229,248,249,-1,229,249,230,-1,230,249,250,-1,230,250,231,-1,231,250,251,-1,231,251,232,-1,232,251,252,-1,232,252,233,-1,233,252,253,-1,233,253,234,-1,234,253,254,-1,234,254,235,-1,235,254,255,-1,235,255,236,-1,236,255,256,-1,236,256,237,-1,237,256,257,-1,237,257,238,-1,238,257,258,-1,238,258,239,-1,239,258,259,-1,239,259,240,-1,240,259,260,-1,240,260,241,-1,241,260,261,-1,241,261,242,-1,242,261,262,-1,242,262,243,-1,243,262,173,-1,243,173,244,-1,244,173,174,-1,6,207,4,-1,4,207,170,-1,4,170,2,-1,2,170,169,-1,2,169,203,-1,175,263,180,-1,180,263,264,-1,180,264,184,-1,184,264,265,-1,184,265,190,-1,190,265,266,-1,190,266,245,-1,245,266,267,-1,245,267,246,-1,246,267,268,-1,246,268,247,-1,247,268,269,-1,247,269,248,-1,248,269,270,-1,248,270,249,-1,249,270,271,-1,249,271,250,-1,250,271,272,-1,250,272,251,-1,251,272,273,-1,251,273,252,-1,252,273,274,-1,252,274,253,-1,253,274,275,-1,253,275,254,-1,254,275,276,-1,254,276,255,-1,255,276,277,-1,255,277,256,-1,256,277,278,-1,256,278,257,-1,257,278,279,-1,257,279,258,-1,258,279,280,-1,258,280,259,-1,259,280,281,-1,259,281,260,-1,260,281,282,-1,260,282,261,-1,261,282,283,-1,261,283,262,-1,262,283,284,-1,262,284,173,-1,173,284,285,-1,173,285,171,-1,171,285,286,-1,171,286,175,-1,175,286,263,-1,263,287,264,-1,264,287,288,-1,264,288,265,-1,265,288,289,-1,265,289,266,-1,266,289,290,-1,266,290,267,-1,267,290,291,-1,267,291,268,-1,268,291,292,-1,268,292,269,-1,269,292,293,-1,269,293,270,-1,270,293,294,-1,270,294,271,-1,271,294,295,-1,271,295,272,-1,272,295,296,-1,272,296,273,-1,273,296,297,-1,273,297,274,-1,274,297,298,-1,274,298,275,-1,275,298,299,-1,275,299,276,-1,276,299,300,-1,276,300,277,-1,277,300,301,-1,277,301,278,-1,278,301,302,-1,278,302,279,-1,279,302,303,-1,279,303,280,-1,280,303,304,-1,280,304,281,-1,281,304,305,-1,281,305,282,-1,282,305,306,-1,282,306,283,-1,283,306,307,-1,283,307,284,-1,284,307,308,-1,284,308,285,-1,285,308,309,-1,285,309,286,-1,286,309,310,-1,286,310,263,-1,263,310,287,-1,287,311,288,-1,288,311,312,-1,288,312,289,-1,289,312,313,-1,289,313,290,-1,290,313,314,-1,290,314,291,-1,291,314,315,-1,291,315,292,-1,292,315,316,-1,292,316,293,-1,293,316,317,-1,293,317,294,-1,294,317,318,-1,294,318,295,-1,295,318,319,-1,295,319,296,-1,296,319,320,-1,296,320,297,-1,297,320,321,-1,297,321,298,-1,298,321,322,-1,298,322,299,-1,299,322,323,-1,299,323,300,-1,300,323,324,-1,300,324,301,-1,301,324,325,-1,301,325,302,-1,302,325,326,-1,302,326,303,-1,303,326,327,-1,303,327,304,-1,304,327,328,-1,304,328,305,-1,305,328,329,-1,305,329,306,-1,306,329,330,-1,306,330,307,-1,307,330,331,-1,307,331,308,-1,308,331,332,-1,308,332,309,-1,309,332,333,-1,309,333,310,-1,310,333,334,-1,310,334,287,-1,287,334,311,-1,311,102,312,-1,312,102,94,-1,312,94,313,-1,313,94,95,-1,313,95,314,-1,314,95,158,-1,314,158,315,-1,315,158,160,-1,315,160,316,-1,316,160,155,-1,316,155,317,-1,317,155,88,-1,317,88,318,-1,318,88,91,-1,318,91,319,-1,319,91,150,-1,319,150,320,-1,320,150,148,-1,320,148,321,-1,321,148,144,-1,321,144,322,-1,322,144,139,-1,322,139,323,-1,323,139,136,-1,323,136,324,-1,324,136,134,-1,324,134,325,-1,325,134,131,-1,325,131,326,-1,326,131,127,-1,326,127,327,-1,327,127,123,-1,327,123,328,-1,328,123,120,-1,328,120,329,-1,329,120,117,-1,329,117,330,-1,330,117,114,-1,330,114,331,-1,331,114,112,-1,331,112,332,-1,332,112,109,-1,332,109,333,-1,333,109,106,-1,333,106,334,-1,334,106,100,-1,334,100,311,-1,311,100,102,-1,335,336,337,-1,338,335,339,-1,340,341,342,-1,343,344,342,-1,345,346,347,-1,348,349,350,-1,348,351,82,-1,82,351,352,-1,82,352,84,-1,350,349,353,-1,353,349,354,-1,353,354,355,-1,356,357,358,-1,358,357,359,-1,358,359,360,-1,361,362,363,-1,363,362,364,-1,363,364,365,-1,365,364,366,-1,365,366,367,-1,368,369,370,-1,370,369,371,-1,370,371,372,-1,372,371,373,-1,373,371,374,-1,374,371,375,-1,374,375,376,-1,376,375,377,-1,377,375,378,-1,377,378,379,-1,380,381,382,-1,383,384,382,-1,382,384,385,-1,382,385,380,-1,386,387,388,-1,387,389,388,-1,388,389,390,-1,388,390,383,-1,383,390,391,-1,383,391,384,-1,392,393,394,-1,394,393,395,-1,395,396,394,-1,394,396,397,-1,394,397,388,-1,388,397,398,-1,388,398,386,-1,399,400,401,-1,401,400,402,-1,399,403,400,-1,400,403,404,-1,400,404,394,-1,394,404,405,-1,394,405,392,-1,406,407,402,-1,402,407,408,-1,408,409,402,-1,402,409,410,-1,402,410,401,-1,347,346,411,-1,346,412,411,-1,411,412,413,-1,411,413,406,-1,406,413,414,-1,406,414,407,-1,415,416,417,-1,417,416,418,-1,417,418,347,-1,347,418,419,-1,347,419,345,-1,420,421,422,-1,342,344,421,-1,421,344,423,-1,421,423,422,-1,341,424,342,-1,342,424,425,-1,342,425,343,-1,335,338,336,-1,336,338,426,-1,336,426,427,-1,427,426,428,-1,427,428,429,-1,430,431,432,-1,432,431,433,-1,432,433,434,-1,1,435,3,-1,3,435,436,-1,348,82,349,-1,349,82,80,-1,349,80,354,-1,80,78,354,-1,354,78,76,-1,354,76,437,-1,76,74,437,-1,437,74,72,-1,437,72,438,-1,72,70,438,-1,438,70,68,-1,438,68,439,-1,68,66,439,-1,439,66,64,-1,439,64,440,-1,64,62,440,-1,440,62,60,-1,440,60,441,-1,60,58,441,-1,441,58,56,-1,441,56,442,-1,56,54,442,-1,442,54,52,-1,442,52,443,-1,52,50,443,-1,443,50,48,-1,443,48,444,-1,48,46,444,-1,444,46,44,-1,444,44,445,-1,44,42,445,-1,445,42,41,-1,445,41,446,-1,41,39,446,-1,446,39,36,-1,446,36,447,-1,36,34,447,-1,447,34,32,-1,447,32,448,-1,32,30,448,-1,448,30,29,-1,448,29,449,-1,381,379,382,-1,382,379,378,-1,382,378,383,-1,383,378,450,-1,383,450,388,-1,388,450,451,-1,388,451,394,-1,394,451,452,-1,394,452,400,-1,400,452,453,-1,400,453,402,-1,402,453,454,-1,402,454,406,-1,406,454,455,-1,406,455,411,-1,411,455,456,-1,411,456,347,-1,347,456,457,-1,347,457,417,-1,417,457,420,-1,417,420,415,-1,415,420,422,-1,29,27,449,-1,449,27,25,-1,449,25,458,-1,25,23,458,-1,458,23,21,-1,458,21,459,-1,368,367,369,-1,369,367,366,-1,369,366,371,-1,371,366,460,-1,371,460,375,-1,375,460,461,-1,375,461,378,-1,378,461,462,-1,378,462,450,-1,450,462,463,-1,450,463,451,-1,451,463,464,-1,451,464,452,-1,452,464,465,-1,452,465,453,-1,453,465,466,-1,453,466,454,-1,454,466,467,-1,454,467,455,-1,455,467,468,-1,455,468,456,-1,456,468,469,-1,456,469,457,-1,457,469,470,-1,457,470,420,-1,420,470,471,-1,420,471,421,-1,421,471,472,-1,421,472,342,-1,342,472,473,-1,342,473,340,-1,340,473,429,-1,362,357,364,-1,364,357,356,-1,364,356,366,-1,366,356,474,-1,366,474,460,-1,460,474,475,-1,460,475,461,-1,461,475,476,-1,461,476,462,-1,462,476,477,-1,462,477,463,-1,463,477,478,-1,463,478,464,-1,464,478,479,-1,464,479,465,-1,465,479,480,-1,465,480,466,-1,466,480,481,-1,466,481,467,-1,467,481,482,-1,467,482,468,-1,468,482,483,-1,468,483,469,-1,469,483,484,-1,469,484,470,-1,470,484,485,-1,470,485,471,-1,471,485,486,-1,471,486,472,-1,472,486,487,-1,472,487,473,-1,473,487,488,-1,360,355,358,-1,358,355,354,-1,358,354,356,-1,356,354,437,-1,356,437,474,-1,474,437,438,-1,474,438,475,-1,475,438,439,-1,475,439,476,-1,476,439,440,-1,476,440,477,-1,477,440,441,-1,477,441,478,-1,478,441,442,-1,478,442,479,-1,479,442,443,-1,479,443,480,-1,480,443,444,-1,480,444,481,-1,481,444,445,-1,481,445,482,-1,482,445,446,-1,482,446,483,-1,483,446,447,-1,483,447,484,-1,484,447,448,-1,484,448,485,-1,485,448,449,-1,485,449,486,-1,486,449,458,-1,486,458,487,-1,487,458,459,-1,487,459,488,-1,488,459,489,-1,21,19,459,-1,459,19,17,-1,459,17,489,-1,489,17,15,-1,489,15,13,-1,429,473,427,-1,427,473,488,-1,427,488,336,-1,336,488,489,-1,336,489,337,-1,337,489,13,-1,337,13,11,-1,11,9,337,-1,337,9,434,-1,337,434,335,-1,335,434,433,-1,335,433,339,-1,436,430,3,-1,3,430,432,-1,3,432,5,-1,5,432,434,-1,5,434,7,-1,7,434,9,-1,490,491,492,-1,492,491,493,-1,492,493,494,-1,494,493,495,-1,494,495,496,-1,496,495,497,-1,496,497,498,-1,498,497,499,-1,498,499,500,-1,500,499,501,-1,500,501,502,-1,502,501,503,-1,502,503,504,-1,504,503,505,-1,504,505,506,-1,506,505,507,-1,506,507,508,-1,508,507,509,-1,508,509,510,-1,510,509,511,-1,510,511,512,-1,512,511,513,-1,512,513,514,-1,514,513,515,-1,514,515,516,-1,516,515,517,-1,516,517,518,-1,518,517,519,-1,518,519,520,-1,520,519,521,-1,520,521,522,-1,522,521,523,-1,522,523,524,-1,524,523,525,-1,524,525,526,-1,526,525,527,-1,526,527,528,-1,528,527,529,-1,528,529,530,-1,530,529,531,-1,530,531,532,-1,532,531,533,-1,532,533,534,-1,534,533,535,-1,534,535,536,-1,536,535,537,-1,536,537,538,-1,538,537,539,-1,538,539,540,-1,540,539,541,-1,540,541,542,-1,542,541,543,-1,542,543,544,-1,544,543,545,-1,544,545,546,-1,546,545,547,-1,546,547,548,-1,548,547,549,-1,548,549,550,-1,550,549,551,-1,550,551,552,-1,552,551,553,-1,552,553,554,-1,554,553,555,-1,554,555,556,-1,556,555,557,-1,556,557,558,-1,558,557,559,-1,558,559,560,-1,560,559,561,-1,560,561,562,-1,562,561,563,-1,562,563,564,-1,564,563,565,-1,564,565,566,-1,566,565,567,-1,566,567,568,-1,568,567,569,-1,568,569,570,-1,570,569,571,-1,570,571,572,-1,572,571,573,-1,572,573,574,-1,574,573,575,-1,576,577,578,-1,579,580,581,-1,582,583,580,-1,580,583,584,-1,580,584,581,-1,585,586,587,-1,587,586,588,-1,587,588,582,-1,582,588,589,-1,582,589,583,-1,585,587,590,-1,590,587,591,-1,590,591,592,-1,592,591,593,-1,593,591,594,-1,593,594,595,-1,596,597,598,-1,598,597,599,-1,598,599,594,-1,594,599,600,-1,594,600,595,-1,601,602,598,-1,598,602,603,-1,598,603,596,-1,577,576,604,-1,576,605,604,-1,604,605,606,-1,604,606,601,-1,601,606,607,-1,601,607,602,-1,608,609,578,-1,578,609,610,-1,578,610,576,-1,611,612,613,-1,613,612,608,-1,613,608,614,-1,614,608,578,-1,615,616,617,-1,617,616,618,-1,617,618,613,-1,613,618,619,-1,613,619,611,-1,615,617,620,-1,620,617,621,-1,620,621,622,-1,622,621,623,-1,622,623,624,-1,625,626,627,-1,627,628,625,-1,625,628,629,-1,625,629,623,-1,623,629,630,-1,623,630,624,-1,626,625,631,-1,631,625,632,-1,631,632,633,-1,634,635,632,-1,632,635,636,-1,632,636,633,-1,637,638,634,-1,634,638,639,-1,634,639,635,-1,640,641,642,-1,642,641,643,-1,643,644,642,-1,642,644,645,-1,642,645,637,-1,637,645,646,-1,637,646,638,-1,647,648,649,-1,649,648,650,-1,649,650,640,-1,640,650,651,-1,640,651,641,-1,647,649,652,-1,652,649,653,-1,652,653,654,-1,581,655,579,-1,579,655,656,-1,579,656,653,-1,653,656,657,-1,653,657,654,-1,658,659,660,-1,661,662,663,-1,664,571,665,-1,665,571,666,-1,665,666,667,-1,664,668,571,-1,571,668,669,-1,571,669,573,-1,573,669,670,-1,573,670,575,-1,671,672,673,-1,673,672,674,-1,673,674,675,-1,675,674,676,-1,675,676,677,-1,678,679,680,-1,681,682,679,-1,679,682,683,-1,679,683,680,-1,684,685,686,-1,686,687,684,-1,684,687,688,-1,684,688,679,-1,679,688,689,-1,679,689,681,-1,690,691,685,-1,685,691,692,-1,685,692,686,-1,693,694,695,-1,695,694,696,-1,695,696,690,-1,690,696,697,-1,690,697,691,-1,491,698,493,-1,493,698,699,-1,699,658,493,-1,493,658,660,-1,493,660,495,-1,495,660,700,-1,701,499,700,-1,700,499,497,-1,700,497,495,-1,702,503,701,-1,701,503,501,-1,701,501,499,-1,703,507,702,-1,702,507,505,-1,702,505,503,-1,704,511,703,-1,703,511,509,-1,703,509,507,-1,705,515,704,-1,704,515,513,-1,704,513,511,-1,706,519,705,-1,705,519,517,-1,705,517,515,-1,707,523,706,-1,706,523,521,-1,706,521,519,-1,708,527,707,-1,707,527,525,-1,707,525,523,-1,709,531,708,-1,708,531,529,-1,708,529,527,-1,710,535,709,-1,709,535,533,-1,709,533,531,-1,711,539,710,-1,710,539,537,-1,710,537,535,-1,712,543,711,-1,711,543,541,-1,711,541,539,-1,713,547,712,-1,712,547,545,-1,712,545,543,-1,714,551,713,-1,713,551,549,-1,713,549,547,-1,715,555,714,-1,714,555,553,-1,714,553,551,-1,716,559,715,-1,715,559,557,-1,715,557,555,-1,717,563,716,-1,716,563,561,-1,716,561,559,-1,571,569,666,-1,666,569,567,-1,666,567,717,-1,717,567,565,-1,717,565,563,-1,659,718,660,-1,660,718,661,-1,660,661,700,-1,700,661,663,-1,700,663,701,-1,701,663,719,-1,701,719,702,-1,702,719,720,-1,702,720,703,-1,703,720,721,-1,703,721,704,-1,704,721,722,-1,704,722,705,-1,705,722,723,-1,705,723,706,-1,706,723,724,-1,706,724,707,-1,707,724,725,-1,707,725,708,-1,708,725,726,-1,708,726,709,-1,709,726,727,-1,709,727,710,-1,710,727,728,-1,710,728,711,-1,711,728,729,-1,711,729,712,-1,712,729,730,-1,712,730,713,-1,713,730,731,-1,713,731,714,-1,714,731,732,-1,714,732,715,-1,715,732,733,-1,715,733,716,-1,716,733,734,-1,716,734,717,-1,717,734,735,-1,717,735,666,-1,666,735,675,-1,666,675,667,-1,667,675,677,-1,662,693,663,-1,663,693,695,-1,663,695,719,-1,719,695,736,-1,719,736,720,-1,720,736,737,-1,720,737,721,-1,721,737,738,-1,721,738,722,-1,722,738,739,-1,722,739,723,-1,723,739,740,-1,723,740,724,-1,724,740,741,-1,724,741,725,-1,725,741,742,-1,725,742,726,-1,726,742,743,-1,726,743,727,-1,727,743,744,-1,727,744,728,-1,728,744,745,-1,728,745,729,-1,729,745,746,-1,729,746,730,-1,730,746,747,-1,730,747,731,-1,731,747,748,-1,731,748,732,-1,732,748,749,-1,732,749,733,-1,733,749,750,-1,733,750,734,-1,734,750,751,-1,734,751,735,-1,735,751,752,-1,735,752,675,-1,675,752,753,-1,675,753,673,-1,673,753,678,-1,673,678,671,-1,671,678,680,-1,685,754,690,-1,690,754,755,-1,690,755,695,-1,695,755,756,-1,695,756,736,-1,736,756,757,-1,736,757,737,-1,737,757,758,-1,737,758,738,-1,738,758,759,-1,738,759,739,-1,739,759,760,-1,739,760,740,-1,740,760,761,-1,740,761,741,-1,741,761,762,-1,741,762,742,-1,742,762,763,-1,742,763,743,-1,743,763,764,-1,743,764,744,-1,744,764,765,-1,744,765,745,-1,745,765,766,-1,745,766,746,-1,746,766,767,-1,746,767,747,-1,747,767,768,-1,747,768,748,-1,748,768,769,-1,748,769,749,-1,749,769,770,-1,749,770,750,-1,750,770,771,-1,750,771,751,-1,751,771,772,-1,751,772,752,-1,752,772,773,-1,752,773,753,-1,753,773,774,-1,753,774,678,-1,678,774,775,-1,678,775,679,-1,679,775,776,-1,679,776,684,-1,684,776,777,-1,684,777,685,-1,685,777,754,-1,754,778,755,-1,755,778,779,-1,755,779,756,-1,756,779,780,-1,756,780,757,-1,757,780,781,-1,757,781,758,-1,758,781,782,-1,758,782,759,-1,759,782,783,-1,759,783,760,-1,760,783,784,-1,760,784,761,-1,761,784,785,-1,761,785,762,-1,762,785,786,-1,762,786,763,-1,763,786,787,-1,763,787,764,-1,764,787,788,-1,764,788,765,-1,765,788,789,-1,765,789,766,-1,766,789,790,-1,766,790,767,-1,767,790,791,-1,767,791,768,-1,768,791,792,-1,768,792,769,-1,769,792,793,-1,769,793,770,-1,770,793,794,-1,770,794,771,-1,771,794,795,-1,771,795,772,-1,772,795,796,-1,772,796,773,-1,773,796,797,-1,773,797,774,-1,774,797,798,-1,774,798,775,-1,775,798,799,-1,775,799,776,-1,776,799,800,-1,776,800,777,-1,777,800,801,-1,777,801,754,-1,754,801,778,-1,778,802,779,-1,779,802,803,-1,779,803,780,-1,780,803,804,-1,780,804,781,-1,781,804,805,-1,781,805,782,-1,782,805,806,-1,782,806,783,-1,783,806,807,-1,783,807,784,-1,784,807,808,-1,784,808,785,-1,785,808,809,-1,785,809,786,-1,786,809,810,-1,786,810,787,-1,787,810,811,-1,787,811,788,-1,788,811,812,-1,788,812,789,-1,789,812,813,-1,789,813,790,-1,790,813,814,-1,790,814,791,-1,791,814,815,-1,791,815,792,-1,792,815,816,-1,792,816,793,-1,793,816,817,-1,793,817,794,-1,794,817,818,-1,794,818,795,-1,795,818,819,-1,795,819,796,-1,796,819,820,-1,796,820,797,-1,797,820,821,-1,797,821,798,-1,798,821,822,-1,798,822,799,-1,799,822,823,-1,799,823,800,-1,800,823,824,-1,800,824,801,-1,801,824,825,-1,801,825,778,-1,778,825,802,-1,802,621,803,-1,803,621,617,-1,803,617,804,-1,804,617,613,-1,804,613,805,-1,805,613,614,-1,805,614,806,-1,806,614,578,-1,806,578,807,-1,807,578,577,-1,807,577,808,-1,808,577,604,-1,808,604,809,-1,809,604,601,-1,809,601,810,-1,810,601,598,-1,810,598,811,-1,811,598,594,-1,811,594,812,-1,812,594,591,-1,812,591,813,-1,813,591,587,-1,813,587,814,-1,814,587,582,-1,814,582,815,-1,815,582,580,-1,815,580,816,-1,816,580,579,-1,816,579,817,-1,817,579,653,-1,817,653,818,-1,818,653,649,-1,818,649,819,-1,819,649,640,-1,819,640,820,-1,820,640,642,-1,820,642,821,-1,821,642,637,-1,821,637,822,-1,822,637,634,-1,822,634,823,-1,823,634,632,-1,823,632,824,-1,824,632,625,-1,824,625,825,-1,825,625,623,-1,825,623,802,-1,802,623,621,-1,826,827,828,-1,829,830,831,-1,832,833,834,-1,835,836,837,-1,838,839,840,-1,840,839,841,-1,840,841,842,-1,842,841,843,-1,843,841,844,-1,844,841,845,-1,844,845,846,-1,847,848,849,-1,849,848,850,-1,851,852,853,-1,853,852,854,-1,853,854,850,-1,850,854,855,-1,850,855,849,-1,851,853,856,-1,856,853,857,-1,856,857,858,-1,858,857,859,-1,859,857,860,-1,859,860,861,-1,862,863,864,-1,864,865,862,-1,862,865,866,-1,862,866,860,-1,860,866,867,-1,860,867,861,-1,863,862,868,-1,868,862,869,-1,868,869,870,-1,871,872,869,-1,869,872,873,-1,869,873,870,-1,871,869,874,-1,874,869,875,-1,874,875,876,-1,834,833,875,-1,875,833,877,-1,875,877,878,-1,878,879,875,-1,875,879,880,-1,875,880,876,-1,881,882,883,-1,883,882,884,-1,884,885,883,-1,883,885,886,-1,883,886,834,-1,834,886,887,-1,834,887,832,-1,888,889,890,-1,890,889,891,-1,892,893,894,-1,894,893,895,-1,894,895,896,-1,896,895,897,-1,897,898,896,-1,896,898,899,-1,896,899,888,-1,888,899,900,-1,888,900,889,-1,901,902,903,-1,903,902,904,-1,903,904,905,-1,905,904,827,-1,905,827,906,-1,906,827,826,-1,906,826,907,-1,907,826,908,-1,909,910,911,-1,911,910,912,-1,911,912,913,-1,572,574,914,-1,829,915,492,-1,915,916,492,-1,492,916,917,-1,492,917,490,-1,831,830,918,-1,918,830,919,-1,918,919,920,-1,921,922,923,-1,923,922,924,-1,837,836,925,-1,925,836,926,-1,925,926,927,-1,829,492,830,-1,830,492,494,-1,830,494,919,-1,494,496,919,-1,919,496,498,-1,919,498,928,-1,498,500,928,-1,928,500,502,-1,928,502,929,-1,502,504,929,-1,929,504,506,-1,929,506,930,-1,506,508,930,-1,930,508,510,-1,930,510,931,-1,510,512,931,-1,931,512,514,-1,931,514,932,-1,514,516,932,-1,932,516,518,-1,932,518,933,-1,518,520,933,-1,933,520,522,-1,933,522,934,-1,522,524,934,-1,934,524,526,-1,934,526,935,-1,526,528,935,-1,935,528,530,-1,935,530,936,-1,530,532,936,-1,936,532,534,-1,936,534,937,-1,534,536,937,-1,937,536,538,-1,937,538,938,-1,538,540,938,-1,938,540,542,-1,938,542,939,-1,847,846,848,-1,848,846,845,-1,848,845,850,-1,850,845,940,-1,850,940,853,-1,853,940,941,-1,853,941,857,-1,857,941,942,-1,857,942,860,-1,860,942,943,-1,860,943,862,-1,862,943,944,-1,862,944,869,-1,869,944,945,-1,869,945,875,-1,875,945,946,-1,875,946,834,-1,834,946,947,-1,834,947,883,-1,883,947,890,-1,883,890,881,-1,881,890,891,-1,542,544,939,-1,939,544,546,-1,939,546,948,-1,546,548,948,-1,948,548,550,-1,948,550,949,-1,550,552,949,-1,949,552,554,-1,949,554,950,-1,902,892,951,-1,951,892,894,-1,951,894,952,-1,952,894,896,-1,952,896,953,-1,953,896,888,-1,953,888,954,-1,954,888,890,-1,954,890,955,-1,955,890,947,-1,955,947,956,-1,956,947,946,-1,956,946,957,-1,957,946,945,-1,957,945,958,-1,958,945,944,-1,958,944,959,-1,959,944,943,-1,959,943,960,-1,960,943,942,-1,960,942,961,-1,961,942,941,-1,961,941,962,-1,962,941,940,-1,962,940,963,-1,963,940,845,-1,963,845,964,-1,964,845,841,-1,964,841,837,-1,837,841,839,-1,837,839,835,-1,835,839,838,-1,835,838,965,-1,927,923,925,-1,925,923,924,-1,925,924,837,-1,837,924,966,-1,837,966,964,-1,964,966,967,-1,964,967,963,-1,963,967,968,-1,963,968,962,-1,962,968,969,-1,962,969,961,-1,961,969,970,-1,961,970,960,-1,960,970,971,-1,960,971,959,-1,959,971,972,-1,959,972,958,-1,958,972,973,-1,958,973,957,-1,957,973,974,-1,957,974,956,-1,956,974,975,-1,956,975,955,-1,955,975,976,-1,955,976,954,-1,954,976,977,-1,954,977,953,-1,953,977,978,-1,953,978,952,-1,952,978,979,-1,952,979,951,-1,951,979,980,-1,921,920,922,-1,922,920,919,-1,922,919,924,-1,924,919,928,-1,924,928,966,-1,966,928,929,-1,966,929,967,-1,967,929,930,-1,967,930,968,-1,968,930,931,-1,968,931,969,-1,969,931,932,-1,969,932,970,-1,970,932,933,-1,970,933,971,-1,971,933,934,-1,971,934,972,-1,972,934,935,-1,972,935,973,-1,973,935,936,-1,973,936,974,-1,974,936,937,-1,974,937,975,-1,975,937,938,-1,975,938,976,-1,976,938,939,-1,976,939,977,-1,977,939,948,-1,977,948,978,-1,978,948,949,-1,978,949,979,-1,979,949,950,-1,979,950,980,-1,980,950,981,-1,554,556,950,-1,950,556,558,-1,950,558,981,-1,981,558,560,-1,981,560,562,-1,902,951,904,-1,904,951,980,-1,904,980,827,-1,827,980,981,-1,827,981,828,-1,828,981,562,-1,828,562,564,-1,564,566,828,-1,828,566,913,-1,828,913,826,-1,826,913,912,-1,826,912,908,-1,914,909,572,-1,572,909,911,-1,572,911,570,-1,570,911,913,-1,570,913,568,-1,568,913,566,-1,
        ]
    }
}
Shape{
    appearance Appearance {
        material  Material 	{
            diffuseColor 1.0 1.0 1.0
            specularColor 0.5019607843137255 0.5019607843137255 0.5019607843137255
            ambientIntensity 1.0
            transparency 0.0
            shininess 0.5
        }
    }
    geometry IndexedFaceSet {
        ccw TRUE
        solid FALSE
        coord DEF co Coordinate {
            point [
                -0.0332 0.7874 0.1219, -0.0332 0.7874 0.1189, -0.0332 0.7874 0.1219, -0.0332 0.7874 0.1189, -0.0228 0.7874 0.122, -0.0228 0.7874 0.122, -0.023 0.7874 0.1451, -0.023 0.7874 0.145, -0.023 0.7874 0.1451, -0.0196 0.7874 0.1451, -0.0196 0.7874 0.1451, -0.0195 0.7874 0.119, -0.0195 0.7874 0.119, -0.0196 0.7874 0.145, -0.0538 0.7874 0.1199, -0.0538 0.7874 0.1199, -0.0534 0.7874 0.1196, -0.0466 0.7874 0.1184, -0.0466 0.7874 0.1184, -0.0474 0.7874 0.1185, -0.0506 0.7874 0.1187, -0.0506 0.7874 0.1187, -0.0527 0.7874 0.1194, -0.0534 0.7874 0.1196, -0.0538 0.7874 0.1231, -0.0538 0.7874 0.1231, -0.0527 0.7874 0.1226, -0.0513 0.7874 0.122, -0.0513 0.7874 0.122, -0.0483 0.7874 0.1214, -0.0483 0.7874 0.1214, -0.0471 0.7874 0.1214, -0.0471 0.7874 0.1214, -0.0446 0.7874 0.1217, -0.0446 0.7874 0.1217, -0.0428 0.7874 0.1224, -0.0428 0.7874 0.1224, -0.041 0.7874 0.1236, -0.041 0.7874 0.1236, -0.0404 0.7874 0.1242, -0.0404 0.7874 0.1242, -0.0391 0.7874 0.1261, -0.0391 0.7874 0.1261, -0.0383 0.7874 0.1282, -0.0383 0.7874 0.1282, -0.0379 0.7874 0.1314, -0.0379 0.7874 0.1314, -0.0379 0.7874 0.1316, -0.0379 0.7874 0.1316, -0.0383 0.7874 0.1349, -0.0383 0.7874 0.1349, -0.0391 0.7874 0.1372, -0.0391 0.7874 0.1372, -0.0403 0.7874 0.1391, -0.0403 0.7874 0.1391, -0.0407 0.7874 0.1395, -0.0407 0.7874 0.1395, -0.0424 0.7874 0.1408, -0.0424 0.7874 0.1408, -0.0444 0.7874 0.1418, -0.0444 0.7874 0.1418, -0.0467 0.7874 0.1423, -0.0467 0.7874 0.1423, -0.0478 0.7874 0.1423, -0.0478 0.7874 0.1423, -0.054 0.7874 0.1407, -0.054 0.7874 0.1407, -0.0535 0.7874 0.1409, -0.0509 0.7874 0.1419, -0.0509 0.7874 0.1419, -0.0527 0.7874 0.1413, -0.0535 0.7874 0.1409, -0.054 0.7874 0.1442, -0.054 0.7874 0.1442, -0.0516 0.7874 0.145, -0.0514 0.7874 0.145, -0.0527 0.7874 0.1446, -0.0514 0.7874 0.145, -0.0481 0.7874 0.1453, -0.0481 0.7874 0.1453, -0.0478 0.7874 0.1453, -0.0478 0.7874 0.1453, -0.0445 0.7874 0.145, -0.0445 0.7874 0.145, -0.0443 0.7874 0.145, -0.0417 0.7874 0.1441, -0.0417 0.7874 0.1441, -0.0391 0.7874 0.1424, -0.0391 0.7874 0.1424, -0.0382 0.7874 0.1416, -0.0382 0.7874 0.1416, -0.0364 0.7874 0.1392, -0.0364 0.7874 0.1392, -0.0353 0.7874 0.137, -0.0351 0.7874 0.1364, -0.0351 0.7874 0.1364, -0.0344 0.7874 0.133, -0.0344 0.7874 0.133, -0.0344 0.7874 0.1315, -0.0344 0.7874 0.1315, -0.0347 0.7874 0.1279, -0.0347 0.7874 0.1279, -0.0353 0.7874 0.1259, -0.0356 0.7874 0.125, -0.0356 0.7874 0.125, -0.0371 0.7874 0.1227, -0.0371 0.7874 0.1227, -0.0376 0.7874 0.122, -0.0376 0.7874 0.122, -0.0452 0.7874 0.1185, -0.045 0.7874 0.1185, -0.045 0.7874 0.1185, -0.0422 0.7874 0.1191, -0.0422 0.7874 0.1191, -0.0398 0.7874 0.1202, -0.0398 0.7874 0.1202, -0.0731 0.7874 0.1216, -0.0731 0.7874 0.1186, -0.0731 0.7874 0.1216, -0.0731 0.7874 0.1186, -0.0624 0.7874 0.1217, -0.0624 0.7874 0.1217, -0.0692 0.7874 0.1216, -0.0625 0.7874 0.1305, -0.0625 0.7874 0.1305, -0.0718 0.7874 0.1304, -0.0718 0.7874 0.1304, -0.0692 0.7874 0.1304, -0.0718 0.7874 0.1334, -0.0718 0.7874 0.1334, -0.0625 0.7874 0.1335, -0.0625 0.7874 0.1335, -0.0692 0.7874 0.1334, -0.0626 0.7874 0.1418, -0.0626 0.7874 0.1418, -0.0726 0.7874 0.1417, -0.0726 0.7874 0.1417, -0.0692 0.7874 0.1417, -0.0726 0.7874 0.1447, -0.0726 0.7874 0.1447, -0.0592 0.7874 0.1448, -0.0592 0.7874 0.1448, -0.0692 0.7874 0.1448, -0.059 0.7874 0.1187, -0.059 0.7874 0.1187, -0.0692 0.7874 0.1187, -0.0957 0.7874 0.1303, -0.0992 0.7874 0.1301, -0.0958 0.7874 0.1318, -0.0993 0.7874 0.1318, -0.0954 0.7874 0.1349, -0.099 0.7874 0.1351, -0.0947 0.7874 0.1368, -0.0981 0.7874 0.1376, -0.0938 0.7874 0.1383, -0.0965 0.7874 0.14, -0.093 0.7874 0.1391, -0.0954 0.7874 0.1411, -0.091 0.7874 0.1405, -0.0929 0.7874 0.1429, -0.0887 0.7874 0.1413, -0.0898 0.7874 0.1441, -0.0854 0.7874 0.1416, -0.0856 0.7874 0.1446, -0.0815 0.7874 0.1417, -0.0782 0.7874 0.1447, -0.0814 0.7874 0.1216, -0.078 0.7874 0.1186, -0.0852 0.7874 0.1215, -0.0852 0.7874 0.1186, -0.0884 0.7874 0.1219, -0.0895 0.7874 0.119, -0.0907 0.7874 0.1226, -0.0925 0.7874 0.1202, -0.0924 0.7874 0.1237, -0.095 0.7874 0.1219, -0.0929 0.7874 0.1242, -0.0953 0.7874 0.1221, -0.0943 0.7874 0.1259, -0.0972 0.7874 0.1244, -0.0952 0.7874 0.1279, -0.0985 0.7874 0.127, -0.0852 0.7874 0.1186, -0.078 0.7874 0.1186, -0.0895 0.7874 0.119, -0.0925 0.7874 0.1202, -0.095 0.7874 0.1219, -0.0953 0.7874 0.1221, -0.0972 0.7874 0.1244, -0.0985 0.7874 0.127, -0.0992 0.7874 0.1301, -0.0993 0.7874 0.1318, -0.099 0.7874 0.1351, -0.0981 0.7874 0.1376, -0.0965 0.7874 0.14, -0.0954 0.7874 0.1411, -0.0929 0.7874 0.1429, -0.0898 0.7874 0.1441, -0.0856 0.7874 0.1446, -0.0782 0.7874 0.1447, -0.0854 0.7874 0.1416, -0.0815 0.7874 0.1417, -0.0814 0.7874 0.1216, -0.0852 0.7874 0.1215, -0.0929 0.7874 0.1242, -0.0924 0.7874 0.1237, -0.0907 0.7874 0.1226, -0.0884 0.7874 0.1219, -0.0958 0.7874 0.1318, -0.0957 0.7874 0.1303, -0.0952 0.7874 0.1279, -0.0943 0.7874 0.1259, -0.093 0.7874 0.1391, -0.0938 0.7874 0.1383, -0.0947 0.7874 0.1368, -0.0954 0.7874 0.1349, -0.0887 0.7874 0.1413, -0.091 0.7874 0.1405
            ]
        }
        coordIndex [
            0,1,2,-1,2,1,3,-1,4,0,5,-1,5,0,2,-1,4,5,6,-1,6,5,7,-1,6,7,8,-1,9,6,10,-1,10,6,8,-1,11,12,13,-1,13,12,9,-1,13,9,10,-1,1,12,3,-1,3,12,11,-1,6,9,4,-1,4,9,12,-1,4,12,0,-1,0,12,1,-1,14,15,16,-1,17,18,19,-1,17,19,20,-1,19,21,20,-1,20,21,22,-1,20,22,16,-1,16,22,23,-1,16,23,14,-1,24,15,25,-1,25,15,14,-1,24,25,26,-1,24,26,27,-1,26,28,27,-1,27,28,29,-1,27,29,30,-1,30,29,31,-1,30,31,32,-1,32,31,33,-1,32,33,34,-1,34,33,35,-1,34,35,36,-1,36,35,37,-1,36,37,38,-1,38,37,39,-1,38,39,40,-1,40,39,41,-1,40,41,42,-1,42,41,43,-1,42,43,44,-1,44,43,45,-1,44,45,46,-1,46,45,47,-1,46,47,48,-1,48,47,49,-1,48,49,50,-1,50,49,51,-1,50,51,52,-1,52,51,53,-1,52,53,54,-1,54,53,55,-1,54,55,56,-1,56,55,57,-1,56,57,58,-1,58,57,59,-1,58,59,60,-1,60,59,61,-1,60,61,62,-1,62,61,63,-1,62,63,64,-1,65,66,67,-1,64,63,68,-1,64,68,69,-1,69,68,70,-1,69,70,67,-1,67,70,71,-1,67,71,65,-1,72,66,73,-1,73,66,65,-1,74,75,76,-1,76,75,72,-1,76,72,73,-1,74,77,75,-1,75,77,78,-1,75,78,79,-1,79,78,80,-1,79,80,81,-1,81,80,82,-1,81,82,83,-1,83,82,84,-1,83,84,85,-1,84,86,85,-1,85,86,87,-1,85,87,88,-1,88,87,89,-1,88,89,90,-1,90,89,91,-1,90,91,92,-1,92,91,93,-1,92,93,94,-1,93,95,94,-1,94,95,96,-1,94,96,97,-1,97,96,98,-1,97,98,99,-1,99,98,100,-1,99,100,101,-1,101,100,102,-1,101,102,103,-1,102,104,103,-1,103,104,105,-1,103,105,106,-1,106,105,107,-1,106,107,108,-1,18,17,109,-1,109,17,110,-1,109,110,111,-1,111,110,112,-1,111,112,113,-1,113,112,114,-1,113,114,115,-1,115,114,108,-1,115,108,107,-1,67,66,72,-1,42,44,101,-1,50,52,92,-1,101,44,99,-1,92,52,90,-1,67,72,69,-1,69,72,75,-1,69,75,64,-1,64,75,79,-1,64,79,62,-1,62,79,81,-1,62,81,60,-1,60,81,83,-1,60,83,58,-1,83,85,58,-1,58,85,88,-1,58,88,56,-1,56,88,90,-1,56,90,54,-1,54,90,52,-1,101,103,42,-1,42,103,106,-1,42,106,40,-1,40,106,108,-1,40,108,38,-1,38,108,114,-1,38,114,36,-1,36,114,112,-1,36,112,34,-1,34,112,110,-1,34,110,32,-1,32,110,17,-1,32,17,30,-1,30,17,20,-1,30,20,27,-1,27,20,16,-1,27,16,24,-1,24,16,15,-1,44,46,99,-1,99,46,48,-1,99,48,97,-1,97,48,50,-1,97,50,94,-1,94,50,92,-1,116,117,118,-1,118,117,119,-1,120,121,122,-1,122,121,116,-1,122,116,118,-1,123,121,124,-1,124,121,120,-1,125,126,127,-1,127,126,123,-1,127,123,124,-1,128,126,129,-1,129,126,125,-1,130,131,132,-1,132,131,128,-1,132,128,129,-1,133,131,134,-1,134,131,130,-1,135,136,137,-1,137,136,133,-1,137,133,134,-1,138,136,139,-1,139,136,135,-1,140,141,142,-1,142,141,138,-1,142,138,139,-1,143,141,144,-1,144,141,140,-1,119,117,145,-1,145,117,143,-1,145,143,144,-1,117,116,143,-1,143,116,121,-1,126,128,123,-1,123,128,131,-1,136,138,133,-1,133,138,141,-1,133,141,131,-1,131,141,143,-1,131,143,123,-1,123,143,121,-1,146,147,148,-1,148,147,149,-1,148,149,150,-1,150,149,151,-1,150,151,152,-1,152,151,153,-1,152,153,154,-1,154,153,155,-1,154,155,156,-1,156,155,157,-1,156,157,158,-1,158,157,159,-1,158,159,160,-1,160,159,161,-1,160,161,162,-1,162,161,163,-1,162,163,164,-1,164,163,165,-1,164,165,166,-1,166,165,167,-1,166,167,168,-1,168,167,169,-1,168,169,170,-1,170,169,171,-1,170,171,172,-1,172,171,173,-1,172,173,174,-1,174,173,175,-1,174,175,176,-1,176,175,177,-1,176,177,178,-1,178,177,179,-1,178,179,180,-1,180,179,181,-1,180,181,146,-1,146,181,147,-1,169,167,182,-1,182,167,183,-1,169,182,184,-1,169,184,171,-1,171,184,185,-1,171,185,173,-1,173,185,186,-1,173,186,175,-1,175,186,187,-1,175,187,177,-1,177,187,188,-1,177,188,179,-1,179,188,189,-1,179,189,181,-1,181,189,190,-1,181,190,147,-1,147,190,191,-1,147,191,149,-1,149,191,192,-1,149,192,151,-1,151,192,193,-1,151,193,153,-1,153,193,194,-1,153,194,155,-1,155,194,195,-1,155,195,157,-1,157,195,196,-1,157,196,159,-1,159,196,197,-1,159,197,161,-1,161,197,198,-1,161,198,163,-1,165,163,199,-1,199,163,198,-1,167,165,183,-1,183,165,199,-1,162,164,200,-1,200,164,201,-1,164,166,201,-1,201,166,202,-1,166,168,202,-1,202,168,203,-1,176,204,205,-1,176,205,174,-1,174,205,206,-1,174,206,172,-1,172,206,207,-1,172,207,170,-1,170,207,203,-1,170,203,168,-1,148,208,209,-1,148,209,146,-1,146,209,210,-1,146,210,180,-1,180,210,211,-1,180,211,178,-1,178,211,204,-1,178,204,176,-1,156,212,213,-1,156,213,154,-1,154,213,214,-1,154,214,152,-1,152,214,215,-1,152,215,150,-1,150,215,208,-1,150,208,148,-1,162,200,216,-1,162,216,160,-1,160,216,217,-1,160,217,158,-1,158,217,212,-1,158,212,156,-1,
        ]
    }
}
Shape{
    appearance Appearance {
        material  Material 	{
            diffuseColor 0.4392156862745098 0.4392156862745098 0.4392156862745098
            specularColor 0.2196078431372549 0.2196078431372549 0.2196078431372549
            ambientIntensity 0.4392
            transparency 0.0
            shininess 0.5
        }
    }
    geometry IndexedFaceSet {
        ccw TRUE
        solid FALSE
        coord DEF co Coordinate {
            point [
                -0.0815 0.7874 0.1417, -0.0814 0.7874 0.1216, -0.0854 0.7874 0.1416, -0.0852 0.7874 0.1215, -0.0884 0.7874 0.1219, -0.0907 0.7874 0.1226, -0.0924 0.7874 0.1237, -0.0929 0.7874 0.1242, -0.0943 0.7874 0.1259, -0.0952 0.7874 0.1279, -0.0957 0.7874 0.1303, -0.0958 0.7874 0.1318, -0.0954 0.7874 0.1349, -0.0947 0.7874 0.1368, -0.0938 0.7874 0.1383, -0.093 0.7874 0.1391, -0.0887 0.7874 0.1413, -0.091 0.7874 0.1405
            ]
        }
        coordIndex [
            0,1,2,-1,2,1,3,-1,2,3,4,-1,4,5,2,-1,2,5,6,-1,2,6,7,-1,7,8,2,-1,2,8,9,-1,2,9,10,-1,10,11,2,-1,2,11,12,-1,2,12,13,-1,13,14,2,-1,2,14,15,-1,2,15,16,-1,16,15,17,-1,
        ]
    }
}
Shape{
    appearance Appearance {
        material  Material 	{
            diffuseColor 1.0 1.0 1.0
            specularColor 0.5019607843137255 0.5019607843137255 0.5019607843137255
            ambientIntensity 1.0
            transparency 0.0
            shininess 0.5
        }
    }
    geometry IndexedFaceSet {
        ccw TRUE
        solid FALSE
        coord DEF co Coordinate {
            point [
                -0.108 0.7874 0.1285, -0.112 0.7874 0.1393, -0.1108 0.7874 0.1445, -0.1007 0.7874 0.1184, -0.1044 0.7874 0.1184, -0.1069 0.7874 0.1255, -0.1122 0.7874 0.1401, -0.1124 0.7874 0.1411, -0.1144 0.7874 0.1444, -0.1125 0.7874 0.1411, -0.1127 0.7874 0.14, -0.1129 0.7874 0.1393, -0.1168 0.7874 0.1284, -0.1241 0.7874 0.1183, -0.1204 0.7874 0.1183, -0.1178 0.7874 0.1255, -0.1144 0.7874 0.1444, -0.1241 0.7874 0.1185, -0.1241 0.7874 0.1183, -0.1108 0.7874 0.1445, -0.1007 0.7874 0.1185, -0.1007 0.7874 0.1184, -0.1079 0.7874 0.137, -0.1044 0.7874 0.1184, -0.1069 0.7874 0.1255, -0.1044 0.7874 0.1185, -0.1178 0.7874 0.1255, -0.1079 0.7874 0.1255, -0.1204 0.7874 0.1183, -0.1204 0.7874 0.1185, -0.108 0.7874 0.1285, -0.1168 0.7874 0.1284, -0.1129 0.7874 0.1393, -0.1125 0.7874 0.1411, -0.1127 0.7874 0.14, -0.1124 0.7874 0.1411, -0.112 0.7874 0.1393, -0.1122 0.7874 0.1401
            ]
        }
        coordIndex [
            0,1,2,-1,3,4,5,-1,1,6,2,-1,2,6,7,-1,2,7,8,-1,8,7,9,-1,8,9,10,-1,10,11,8,-1,8,11,12,-1,8,12,13,-1,14,13,15,-1,15,13,12,-1,15,12,5,-1,5,12,0,-1,5,0,3,-1,3,0,2,-1,16,8,17,-1,17,8,13,-1,17,13,18,-1,2,8,19,-1,19,8,16,-1,20,21,3,-1,20,3,22,-1,22,3,2,-1,22,2,19,-1,4,3,23,-1,23,3,21,-1,24,5,25,-1,25,5,4,-1,25,4,23,-1,26,15,27,-1,27,15,5,-1,27,5,24,-1,28,14,29,-1,29,14,15,-1,29,15,26,-1,13,14,18,-1,18,14,28,-1,0,12,30,-1,30,12,31,-1,12,11,31,-1,31,11,32,-1,9,33,34,-1,9,34,10,-1,10,34,32,-1,10,32,11,-1,9,7,33,-1,33,7,35,-1,1,36,37,-1,1,37,6,-1,6,37,35,-1,6,35,7,-1,1,0,36,-1,36,0,30,-1,
        ]
    }
}
Shape{
    appearance Appearance {
        material  Material 	{
            diffuseColor 0.4392156862745098 0.4392156862745098 0.4392156862745098
            specularColor 0.2196078431372549 0.2196078431372549 0.2196078431372549
            ambientIntensity 0.4392
            transparency 0.0
            shininess 0.5
        }
    }
    geometry IndexedFaceSet {
        ccw TRUE
        solid FALSE
        coord DEF co Coordinate {
            point [
                -0.1125 0.7874 0.1411, -0.1124 0.7874 0.1411, -0.1127 0.7874 0.14, -0.1122 0.7874 0.1401, -0.1129 0.7874 0.1393, -0.112 0.7874 0.1393, -0.1168 0.7874 0.1284, -0.108 0.7874 0.1285
            ]
        }
        coordIndex [
            0,1,2,-1,2,1,3,-1,2,3,4,-1,4,3,5,-1,4,5,6,-1,6,5,7,-1,
        ]
    }
}
Shape{
    appearance Appearance {
        material  Material 	{
            diffuseColor 1.0 1.0 1.0
            specularColor 0.5019607843137255 0.5019607843137255 0.5019607843137255
            ambientIntensity 1.0
            transparency 0.0
            shininess 0.5
        }
    }
    geometry IndexedFaceSet {
        ccw TRUE
        solid FALSE
        coord DEF co Coordinate {
            point [
                -0.0332 0.7874 0.0805, -0.0332 0.7874 0.0775, -0.0332 0.7874 0.0805, -0.0332 0.7874 0.0775, -0.0226 0.7874 0.0806, -0.0226 0.7874 0.0806, -0.0226 0.7874 0.0894, -0.0226 0.7874 0.0894, -0.0319 0.7874 0.0893, -0.0319 0.7874 0.0893, -0.032 0.7874 0.0923, -0.032 0.7874 0.0923, -0.0226 0.7874 0.0924, -0.0226 0.7874 0.0924, -0.0227 0.7874 0.1007, -0.0227 0.7874 0.1007, -0.0328 0.7874 0.1006, -0.0328 0.7874 0.1006, -0.0328 0.7874 0.103, -0.0328 0.7874 0.1036, -0.0328 0.7874 0.1035, -0.0328 0.7874 0.1036, -0.0193 0.7874 0.1037, -0.0193 0.7874 0.1037, -0.0192 0.7874 0.0776, -0.0192 0.7874 0.0776, -0.0193 0.7874 0.103, -0.0193 0.7874 0.1035, -0.048 0.7874 0.0774, -0.0513 0.7874 0.0774, -0.048 0.7874 0.0803, -0.0514 0.7874 0.0894, -0.0481 0.7874 0.0893, -0.041 0.7874 0.0855, -0.0418 0.7874 0.0858, -0.0437 0.7874 0.0862, -0.0481 0.7874 0.0868, -0.0481 0.7874 0.085, -0.048 0.7874 0.0803, -0.0462 0.7874 0.0808, -0.0474 0.7874 0.0795, -0.0453 0.7874 0.0802, -0.0481 0.7874 0.0848, -0.0478 0.7874 0.0833, -0.0474 0.7874 0.0822, -0.0466 0.7874 0.0812, -0.048 0.7874 0.0907, -0.0511 0.7874 0.0919, -0.0477 0.7874 0.0919, -0.0506 0.7874 0.0934, -0.0473 0.7874 0.0926, -0.05 0.7874 0.0944, -0.0468 0.7874 0.0931, -0.0491 0.7874 0.0953, -0.0462 0.7874 0.0935, -0.048 0.7874 0.0959, -0.0455 0.7874 0.0937, -0.0466 0.7874 0.0963, -0.0444 0.7874 0.0939, -0.0447 0.7874 0.0965, -0.0426 0.7874 0.0937, -0.0416 0.7874 0.0962, -0.0406 0.7874 0.0931, -0.0391 0.7874 0.0953, -0.0382 0.7874 0.0917, -0.0383 0.7874 0.0948, -0.0403 0.7874 0.0809, -0.0379 0.7874 0.0785, -0.0406 0.7874 0.0806, -0.039 0.7874 0.0778, -0.0412 0.7874 0.0801, -0.0403 0.7874 0.0773, -0.042 0.7874 0.0798, -0.0422 0.7874 0.077, -0.0431 0.7874 0.0797, -0.0439 0.7874 0.0772, -0.0443 0.7874 0.0798, -0.0452 0.7874 0.0777, -0.0464 0.7874 0.0784, -0.0397 0.7874 0.0833, -0.0364 0.7874 0.0829, -0.0397 0.7874 0.0828, -0.0364 0.7874 0.0825, -0.0397 0.7874 0.082, -0.0365 0.7874 0.081, -0.04 0.7874 0.0814, -0.0369 0.7874 0.0799, -0.0376 0.7874 0.0789, -0.0426 0.7874 0.0885, -0.0401 0.7874 0.088, -0.0406 0.7874 0.0851, -0.0387 0.7874 0.0873, -0.0402 0.7874 0.0846, -0.0377 0.7874 0.0864, -0.0399 0.7874 0.084, -0.037 0.7874 0.0855, -0.0366 0.7874 0.0843, -0.0447 0.7874 0.0965, -0.0416 0.7874 0.0962, -0.0391 0.7874 0.0953, -0.0383 0.7874 0.0948, -0.0382 0.7874 0.0917, -0.0406 0.7874 0.0931, -0.0426 0.7874 0.0937, -0.0444 0.7874 0.0939, -0.0455 0.7874 0.0937, -0.0462 0.7874 0.0935, -0.0468 0.7874 0.0931, -0.0473 0.7874 0.0926, -0.0477 0.7874 0.0919, -0.048 0.7874 0.0907, -0.0481 0.7874 0.0893, -0.0426 0.7874 0.0885, -0.0401 0.7874 0.088, -0.0387 0.7874 0.0873, -0.0377 0.7874 0.0864, -0.037 0.7874 0.0855, -0.0366 0.7874 0.0843, -0.0364 0.7874 0.0829, -0.0364 0.7874 0.0825, -0.0365 0.7874 0.081, -0.0369 0.7874 0.0799, -0.0376 0.7874 0.0789, -0.0379 0.7874 0.0785, -0.039 0.7874 0.0778, -0.0403 0.7874 0.0773, -0.0422 0.7874 0.077, -0.0439 0.7874 0.0772, -0.0452 0.7874 0.0777, -0.0464 0.7874 0.0784, -0.0474 0.7874 0.0795, -0.048 0.7874 0.0803, -0.048 0.7874 0.0803, -0.048 0.7874 0.0774, -0.0513 0.7874 0.0774, -0.0514 0.7874 0.0894, -0.0511 0.7874 0.0919, -0.0506 0.7874 0.0934, -0.05 0.7874 0.0944, -0.0491 0.7874 0.0953, -0.048 0.7874 0.0959, -0.0466 0.7874 0.0963, -0.0406 0.7874 0.0851, -0.041 0.7874 0.0855, -0.0418 0.7874 0.0858, -0.0437 0.7874 0.0862, -0.0397 0.7874 0.0828, -0.0397 0.7874 0.0833, -0.0399 0.7874 0.084, -0.0402 0.7874 0.0846, -0.0406 0.7874 0.0806, -0.0403 0.7874 0.0809, -0.04 0.7874 0.0814, -0.0397 0.7874 0.082, -0.0431 0.7874 0.0797, -0.042 0.7874 0.0798, -0.0412 0.7874 0.0801, -0.0466 0.7874 0.0812, -0.0462 0.7874 0.0808, -0.0453 0.7874 0.0802, -0.0443 0.7874 0.0798, -0.0481 0.7874 0.085, -0.0481 0.7874 0.0848, -0.0478 0.7874 0.0833, -0.0474 0.7874 0.0822, -0.0481 0.7874 0.0868
            ]
        }
        coordIndex [
            0,1,2,-1,2,1,3,-1,4,0,5,-1,5,0,2,-1,6,4,7,-1,7,4,5,-1,8,6,9,-1,9,6,7,-1,10,8,11,-1,11,8,9,-1,12,10,13,-1,13,10,11,-1,14,12,15,-1,15,12,13,-1,16,14,17,-1,17,14,15,-1,16,17,18,-1,16,18,19,-1,19,18,20,-1,19,20,21,-1,22,19,23,-1,23,19,21,-1,24,25,26,-1,26,25,22,-1,26,22,27,-1,27,22,23,-1,1,25,3,-1,3,25,24,-1,25,1,0,-1,0,4,25,-1,25,4,6,-1,25,6,22,-1,16,19,14,-1,14,19,22,-1,14,22,12,-1,12,22,6,-1,12,6,10,-1,10,6,8,-1,28,29,30,-1,30,29,31,-1,32,33,34,-1,35,36,31,-1,31,36,37,-1,38,39,40,-1,40,39,41,-1,37,42,31,-1,31,42,43,-1,31,43,30,-1,30,43,44,-1,30,44,38,-1,38,44,45,-1,38,45,39,-1,34,35,32,-1,32,35,31,-1,32,31,46,-1,46,31,47,-1,46,47,48,-1,48,47,49,-1,48,49,50,-1,50,49,51,-1,50,51,52,-1,52,51,53,-1,52,53,54,-1,54,53,55,-1,54,55,56,-1,56,55,57,-1,56,57,58,-1,58,57,59,-1,58,59,60,-1,60,59,61,-1,60,61,62,-1,62,61,63,-1,62,63,64,-1,64,63,65,-1,66,67,68,-1,68,67,69,-1,68,69,70,-1,70,69,71,-1,70,71,72,-1,72,71,73,-1,72,73,74,-1,74,73,75,-1,74,75,76,-1,76,75,77,-1,76,77,41,-1,41,77,78,-1,41,78,40,-1,79,80,81,-1,81,80,82,-1,81,82,83,-1,83,82,84,-1,83,84,85,-1,85,84,86,-1,85,86,66,-1,66,86,87,-1,66,87,67,-1,32,88,33,-1,33,88,89,-1,33,89,90,-1,90,89,91,-1,90,91,92,-1,92,91,93,-1,92,93,94,-1,94,93,95,-1,94,95,79,-1,79,95,96,-1,79,96,80,-1,59,97,98,-1,59,98,61,-1,61,98,99,-1,61,99,63,-1,63,99,100,-1,63,100,65,-1,64,65,101,-1,101,65,100,-1,64,101,102,-1,64,102,62,-1,62,102,103,-1,62,103,60,-1,60,103,104,-1,60,104,58,-1,58,104,105,-1,58,105,56,-1,56,105,106,-1,56,106,54,-1,54,106,107,-1,54,107,52,-1,52,107,108,-1,52,108,50,-1,50,108,109,-1,50,109,48,-1,48,109,110,-1,48,110,46,-1,46,110,111,-1,46,111,32,-1,88,32,112,-1,112,32,111,-1,88,112,113,-1,88,113,89,-1,89,113,114,-1,89,114,91,-1,91,114,115,-1,91,115,93,-1,93,115,116,-1,93,116,95,-1,95,116,117,-1,95,117,96,-1,96,117,118,-1,96,118,80,-1,80,118,119,-1,80,119,82,-1,82,119,120,-1,82,120,84,-1,84,120,121,-1,84,121,86,-1,86,121,122,-1,86,122,87,-1,87,122,123,-1,87,123,67,-1,67,123,124,-1,67,124,69,-1,69,124,125,-1,69,125,71,-1,71,125,126,-1,71,126,73,-1,73,126,127,-1,73,127,75,-1,75,127,128,-1,75,128,77,-1,77,128,129,-1,77,129,78,-1,78,129,130,-1,78,130,40,-1,40,130,131,-1,40,131,38,-1,30,38,132,-1,132,38,131,-1,28,30,133,-1,133,30,132,-1,29,28,134,-1,134,28,133,-1,31,29,135,-1,135,29,134,-1,31,135,136,-1,31,136,47,-1,47,136,137,-1,47,137,49,-1,49,137,138,-1,49,138,51,-1,51,138,139,-1,51,139,53,-1,53,139,140,-1,53,140,55,-1,55,140,141,-1,55,141,57,-1,57,141,97,-1,57,97,59,-1,90,142,143,-1,90,143,33,-1,33,143,144,-1,33,144,34,-1,34,144,145,-1,34,145,35,-1,81,146,147,-1,81,147,79,-1,79,147,148,-1,79,148,94,-1,94,148,149,-1,94,149,92,-1,92,149,142,-1,92,142,90,-1,68,150,151,-1,68,151,66,-1,66,151,152,-1,66,152,85,-1,85,152,153,-1,85,153,83,-1,83,153,146,-1,83,146,81,-1,74,154,155,-1,74,155,72,-1,72,155,156,-1,72,156,70,-1,70,156,150,-1,70,150,68,-1,45,157,158,-1,45,158,39,-1,39,158,159,-1,39,159,41,-1,41,159,160,-1,41,160,76,-1,76,160,154,-1,76,154,74,-1,37,161,162,-1,37,162,42,-1,42,162,163,-1,42,163,43,-1,43,163,164,-1,43,164,44,-1,44,164,157,-1,44,157,45,-1,37,36,161,-1,161,36,165,-1,36,35,165,-1,165,35,145,-1,
        ]
    }
}
Shape{
    appearance Appearance {
        material  Material 	{
            diffuseColor 0.4392156862745098 0.4392156862745098 0.4392156862745098
            specularColor 0.2196078431372549 0.2196078431372549 0.2196078431372549
            ambientIntensity 0.4392
            transparency 0.0
            shininess 0.5
        }
    }
    geometry IndexedFaceSet {
        ccw TRUE
        solid FALSE
        coord DEF co Coordinate {
            point [
                -0.0481 0.7874 0.0868, -0.0437 0.7874 0.0862, -0.0481 0.7874 0.085, -0.0418 0.7874 0.0858, -0.041 0.7874 0.0855, -0.0406 0.7874 0.0851, -0.0481 0.7874 0.0848, -0.0478 0.7874 0.0833, -0.0402 0.7874 0.0846, -0.0474 0.7874 0.0822, -0.0403 0.7874 0.0809, -0.0406 0.7874 0.0806, -0.0462 0.7874 0.0808, -0.04 0.7874 0.0814, -0.0453 0.7874 0.0802, -0.0443 0.7874 0.0798, -0.0431 0.7874 0.0797, -0.0399 0.7874 0.084, -0.0397 0.7874 0.0833, -0.0466 0.7874 0.0812, -0.0397 0.7874 0.0828, -0.0397 0.7874 0.082, -0.0412 0.7874 0.0801, -0.042 0.7874 0.0798
            ]
        }
        coordIndex [
            0,1,2,-1,2,1,3,-1,3,4,2,-1,2,4,5,-1,2,5,6,-1,6,5,7,-1,7,5,8,-1,7,8,9,-1,10,11,12,-1,10,12,13,-1,14,12,15,-1,15,12,16,-1,8,17,9,-1,9,17,18,-1,9,18,19,-1,19,18,20,-1,19,20,12,-1,12,20,21,-1,12,21,13,-1,11,22,12,-1,12,22,23,-1,12,23,16,-1,
        ]
    }
}
Shape{
    appearance Appearance {
        material  Material 	{
            diffuseColor 1.0 1.0 1.0
            specularColor 0.5019607843137255 0.5019607843137255 0.5019607843137255
            ambientIntensity 1.0
            transparency 0.0
            shininess 0.5
        }
    }
    geometry IndexedFaceSet {
        ccw TRUE
        solid FALSE
        coord DEF co Coordinate {
            point [
                -0.0557 0.7874 0.0814, -0.0557 0.7874 0.0814, -0.057 0.7874 0.0806, -0.0611 0.7874 0.0796, -0.0611 0.7874 0.0796, -0.0591 0.7874 0.0798, -0.0591 0.7874 0.0798, -0.0574 0.7874 0.0805, -0.057 0.7874 0.0806, -0.0557 0.7874 0.078, -0.0557 0.7874 0.078, -0.0608 0.7874 0.0769, -0.0608 0.7874 0.0769, -0.058 0.7874 0.0772, -0.0574 0.7874 0.0774, -0.058 0.7874 0.0772, -0.0637 0.7874 0.0772, -0.0637 0.7874 0.0772, -0.0654 0.7874 0.0779, -0.0654 0.7874 0.0779, -0.0662 0.7874 0.0784, -0.0662 0.7874 0.0784, -0.0671 0.7874 0.0792, -0.0671 0.7874 0.0792, -0.0678 0.7874 0.08, -0.0678 0.7874 0.08, -0.0682 0.7874 0.0811, -0.0682 0.7874 0.0811, -0.0683 0.7874 0.0824, -0.0683 0.7874 0.0824, -0.0682 0.7874 0.0836, -0.0682 0.7874 0.0836, -0.0679 0.7874 0.0845, -0.0679 0.7874 0.0845, -0.0673 0.7874 0.0855, -0.0673 0.7874 0.0855, -0.0665 0.7874 0.0862, -0.0665 0.7874 0.0862, -0.0643 0.7874 0.0874, -0.0643 0.7874 0.0874, -0.0631 0.7874 0.0879, -0.0631 0.7874 0.0879, -0.061 0.7874 0.0888, -0.061 0.7874 0.0888, -0.0599 0.7874 0.0895, -0.0599 0.7874 0.0895, -0.0596 0.7874 0.0899, -0.0596 0.7874 0.0899, -0.0593 0.7874 0.0903, -0.0593 0.7874 0.0903, -0.0592 0.7874 0.0908, -0.0592 0.7874 0.0908, -0.0592 0.7874 0.0913, -0.0592 0.7874 0.0913, -0.0593 0.7874 0.0918, -0.0593 0.7874 0.0918, -0.0594 0.7874 0.0922, -0.0594 0.7874 0.0922, -0.0597 0.7874 0.0926, -0.0597 0.7874 0.0926, -0.0602 0.7874 0.0931, -0.0602 0.7874 0.0931, -0.0609 0.7874 0.0934, -0.0609 0.7874 0.0934, -0.0618 0.7874 0.0937, -0.0618 0.7874 0.0937, -0.0628 0.7874 0.0937, -0.0628 0.7874 0.0937, -0.0649 0.7874 0.0935, -0.0649 0.7874 0.0935, -0.0668 0.7874 0.0928, -0.0668 0.7874 0.0928, -0.0675 0.7874 0.0924, -0.0675 0.7874 0.0924, -0.0675 0.7874 0.0955, -0.0675 0.7874 0.0955, -0.065 0.7874 0.0962, -0.065 0.7874 0.0962, -0.0631 0.7874 0.0964, -0.0631 0.7874 0.0964, -0.0607 0.7874 0.0961, -0.0607 0.7874 0.0961, -0.0589 0.7874 0.0955, -0.0589 0.7874 0.0955, -0.0579 0.7874 0.0949, -0.0579 0.7874 0.0949, -0.057 0.7874 0.0941, -0.0574 0.7874 0.0944, -0.057 0.7874 0.0941, -0.0564 0.7874 0.0932, -0.0564 0.7874 0.0932, -0.056 0.7874 0.0922, -0.056 0.7874 0.0922, -0.0558 0.7874 0.091, -0.0558 0.7874 0.091, -0.056 0.7874 0.0897, -0.056 0.7874 0.0897, -0.0563 0.7874 0.0887, -0.0563 0.7874 0.0887, -0.0567 0.7874 0.088, -0.0567 0.7874 0.088, -0.0607 0.7874 0.0855, -0.0607 0.7874 0.0855, -0.0588 0.7874 0.0864, -0.0573 0.7874 0.0875, -0.0573 0.7874 0.0875, -0.0574 0.7874 0.0874, -0.0588 0.7874 0.0864, -0.0629 0.7874 0.0846, -0.0629 0.7874 0.0846, -0.0641 0.7874 0.0838, -0.0641 0.7874 0.0838, -0.0645 0.7874 0.0834, -0.0645 0.7874 0.0834, -0.0648 0.7874 0.083, -0.0648 0.7874 0.083, -0.0649 0.7874 0.0825, -0.0649 0.7874 0.0825, -0.065 0.7874 0.0821, -0.065 0.7874 0.0821, -0.0649 0.7874 0.0814, -0.0649 0.7874 0.0814, -0.0647 0.7874 0.081, -0.0647 0.7874 0.081, -0.0644 0.7874 0.0806, -0.0644 0.7874 0.0806, -0.0641 0.7874 0.0802, -0.0641 0.7874 0.0802, -0.0638 0.7874 0.0801, -0.0638 0.7874 0.0801, -0.0629 0.7874 0.0798, -0.0629 0.7874 0.0798, -0.0612 0.7874 0.0796, -0.0612 0.7874 0.0796, -0.0846 0.7874 0.0958, -0.088 0.7874 0.0958, -0.0846 0.7874 0.0958, -0.088 0.7874 0.0958, -0.0794 0.7874 0.0818, -0.0794 0.7874 0.0818, -0.0792 0.7874 0.081, -0.0792 0.7874 0.081, -0.079 0.7874 0.0803, -0.079 0.7874 0.0803, -0.0789 0.7874 0.0803, -0.0789 0.7874 0.0803, -0.0785 0.7874 0.0819, -0.0785 0.7874 0.0819, -0.0738 0.7874 0.0959, -0.0738 0.7874 0.0959, -0.0755 0.7874 0.0907, -0.0701 0.7874 0.0959, -0.0701 0.7874 0.0959, -0.0773 0.7874 0.0773, -0.0773 0.7874 0.0773, -0.0755 0.7874 0.0819, -0.0758 0.7874 0.0739, -0.0758 0.7874 0.0739, -0.0755 0.7874 0.0733, -0.0752 0.7874 0.0727, -0.0752 0.7874 0.0727, -0.0746 0.7874 0.0721, -0.0746 0.7874 0.0721, -0.074 0.7874 0.0716, -0.074 0.7874 0.0716, -0.0733 0.7874 0.0714, -0.0733 0.7874 0.0714, -0.0725 0.7874 0.0713, -0.0725 0.7874 0.0713, -0.0713 0.7874 0.0715, -0.0713 0.7874 0.0715, -0.0706 0.7874 0.0717, -0.0706 0.7874 0.0717, -0.0706 0.7874 0.0688, -0.0706 0.7874 0.0688, -0.072 0.7874 0.0685, -0.072 0.7874 0.0685, -0.0727 0.7874 0.0685, -0.0727 0.7874 0.0685, -0.074 0.7874 0.0686, -0.074 0.7874 0.0686, -0.0753 0.7874 0.0691, -0.0753 0.7874 0.0691, -0.0755 0.7874 0.0693, -0.0765 0.7874 0.0699, -0.0765 0.7874 0.0699, -0.0767 0.7874 0.0701, -0.0767 0.7874 0.0701, -0.0779 0.7874 0.0715, -0.0779 0.7874 0.0715, -0.0794 0.7874 0.0744, -0.0794 0.7874 0.0744, -0.1054 0.7874 0.08, -0.1054 0.7874 0.077, -0.1054 0.7874 0.08, -0.1054 0.7874 0.077, -0.0948 0.7874 0.0801, -0.0948 0.7874 0.0801, -0.1 0.7874 0.08, -0.0948 0.7874 0.0889, -0.0948 0.7874 0.0889, -0.1042 0.7874 0.0888, -0.1042 0.7874 0.0888, -0.1 0.7874 0.0888, -0.1042 0.7874 0.0918, -0.1042 0.7874 0.0918, -0.0949 0.7874 0.0918, -0.0949 0.7874 0.0918, -0.1 0.7874 0.0918, -0.0949 0.7874 0.1002, -0.0949 0.7874 0.1002, -0.105 0.7874 0.1001, -0.105 0.7874 0.1001, -0.1 0.7874 0.1002, -0.105 0.7874 0.1031, -0.105 0.7874 0.1031, -0.105 0.7874 0.103, -0.0916 0.7874 0.1032, -0.0916 0.7874 0.1032, -0.1 0.7874 0.1032, -0.0914 0.7874 0.0771, -0.0914 0.7874 0.0771, -0.0916 0.7874 0.103, -0.1 0.7874 0.0771, -0.1281 0.7874 0.0887, -0.1316 0.7874 0.0885, -0.1281 0.7874 0.0902, -0.1317 0.7874 0.0902, -0.1278 0.7874 0.0933, -0.1314 0.7874 0.0935, -0.1271 0.7874 0.0952, -0.1305 0.7874 0.096, -0.1261 0.7874 0.0967, -0.1289 0.7874 0.0984, -0.1253 0.7874 0.0975, -0.1278 0.7874 0.0995, -0.1233 0.7874 0.0989, -0.1253 0.7874 0.1013, -0.1211 0.7874 0.0997, -0.1222 0.7874 0.1025, -0.1178 0.7874 0.1, -0.118 0.7874 0.103, -0.1139 0.7874 0.1001, -0.1105 0.7874 0.1031, -0.1137 0.7874 0.0799, -0.1103 0.7874 0.077, -0.1175 0.7874 0.0799, -0.1175 0.7874 0.0769, -0.1208 0.7874 0.0802, -0.1219 0.7874 0.0774, -0.1231 0.7874 0.081, -0.1249 0.7874 0.0786, -0.1248 0.7874 0.0821, -0.1274 0.7874 0.0803, -0.1253 0.7874 0.0826, -0.1277 0.7874 0.0805, -0.1267 0.7874 0.0843, -0.1296 0.7874 0.0827, -0.1276 0.7874 0.0862, -0.1309 0.7874 0.0854, -0.1175 0.7874 0.0769, -0.1103 0.7874 0.077, -0.1219 0.7874 0.0774, -0.1249 0.7874 0.0786, -0.1274 0.7874 0.0803, -0.1277 0.7874 0.0805, -0.1296 0.7874 0.0827, -0.1309 0.7874 0.0854, -0.1316 0.7874 0.0885, -0.1317 0.7874 0.0902, -0.1314 0.7874 0.0935, -0.1305 0.7874 0.096, -0.1289 0.7874 0.0984, -0.1278 0.7874 0.0995, -0.118 0.7874 0.103, -0.1185 0.7874 0.103, -0.1222 0.7874 0.1025, -0.1253 0.7874 0.1013, -0.1105 0.7874 0.1031, -0.1105 0.7874 0.103, -0.1178 0.7874 0.1, -0.1139 0.7874 0.1001, -0.1137 0.7874 0.0799, -0.1175 0.7874 0.0799, -0.1253 0.7874 0.0826, -0.1248 0.7874 0.0821, -0.1231 0.7874 0.081, -0.1208 0.7874 0.0802, -0.1281 0.7874 0.0902, -0.1281 0.7874 0.0887, -0.1276 0.7874 0.0862, -0.1267 0.7874 0.0843, -0.1253 0.7874 0.0975, -0.1261 0.7874 0.0967, -0.1271 0.7874 0.0952, -0.1278 0.7874 0.0933, -0.1211 0.7874 0.0997, -0.1233 0.7874 0.0989
            ]
        }
        coordIndex [
            0,1,2,-1,3,4,5,-1,3,5,6,-1,6,5,7,-1,6,7,2,-1,2,7,8,-1,2,8,0,-1,9,1,10,-1,10,1,0,-1,11,12,13,-1,9,10,14,-1,9,14,13,-1,13,14,15,-1,13,15,11,-1,12,11,16,-1,12,16,17,-1,17,16,18,-1,17,18,19,-1,19,18,20,-1,19,20,21,-1,21,20,22,-1,21,22,23,-1,23,22,24,-1,23,24,25,-1,25,24,26,-1,25,26,27,-1,27,26,28,-1,27,28,29,-1,29,28,30,-1,29,30,31,-1,31,30,32,-1,31,32,33,-1,33,32,34,-1,33,34,35,-1,35,34,36,-1,35,36,37,-1,37,36,38,-1,37,38,39,-1,39,38,40,-1,39,40,41,-1,41,40,42,-1,41,42,43,-1,43,42,44,-1,43,44,45,-1,45,44,46,-1,45,46,47,-1,47,46,48,-1,47,48,49,-1,49,48,50,-1,49,50,51,-1,51,50,52,-1,51,52,53,-1,53,52,54,-1,53,54,55,-1,55,54,56,-1,55,56,57,-1,57,56,58,-1,57,58,59,-1,59,58,60,-1,59,60,61,-1,61,60,62,-1,61,62,63,-1,63,62,64,-1,63,64,65,-1,65,64,66,-1,65,66,67,-1,67,66,68,-1,67,68,69,-1,69,68,70,-1,69,70,71,-1,71,70,72,-1,71,72,73,-1,74,73,75,-1,75,73,72,-1,74,75,76,-1,74,76,77,-1,77,76,78,-1,77,78,79,-1,79,78,80,-1,79,80,81,-1,81,80,82,-1,81,82,83,-1,83,82,84,-1,83,84,85,-1,86,85,87,-1,87,85,84,-1,87,88,86,-1,86,88,89,-1,86,89,90,-1,90,89,91,-1,90,91,92,-1,92,91,93,-1,92,93,94,-1,94,93,95,-1,94,95,96,-1,96,95,97,-1,96,97,98,-1,98,97,99,-1,98,99,100,-1,101,102,103,-1,100,99,104,-1,100,104,105,-1,105,104,106,-1,105,106,103,-1,103,106,107,-1,103,107,101,-1,102,101,108,-1,102,108,109,-1,109,108,110,-1,109,110,111,-1,111,110,112,-1,111,112,113,-1,113,112,114,-1,113,114,115,-1,115,114,116,-1,115,116,117,-1,117,116,118,-1,117,118,119,-1,119,118,120,-1,119,120,121,-1,121,120,122,-1,121,122,123,-1,123,122,124,-1,123,124,125,-1,125,124,126,-1,125,126,127,-1,127,126,128,-1,127,128,129,-1,129,128,130,-1,129,130,131,-1,131,130,132,-1,131,132,133,-1,133,132,4,-1,133,4,3,-1,59,61,83,-1,83,61,81,-1,109,41,102,-1,102,41,43,-1,19,21,125,-1,125,21,23,-1,125,23,123,-1,123,23,25,-1,123,25,121,-1,121,25,27,-1,121,27,119,-1,119,27,29,-1,119,29,117,-1,117,29,31,-1,117,31,115,-1,115,31,33,-1,115,33,113,-1,113,33,35,-1,113,35,111,-1,111,35,37,-1,111,37,109,-1,109,37,39,-1,109,39,41,-1,12,3,13,-1,13,3,6,-1,13,6,9,-1,9,6,2,-1,9,2,1,-1,61,63,81,-1,81,63,65,-1,81,65,79,-1,79,65,67,-1,79,67,77,-1,77,67,69,-1,77,69,74,-1,74,69,71,-1,74,71,73,-1,125,127,19,-1,19,127,129,-1,19,129,17,-1,17,129,131,-1,17,131,12,-1,12,131,133,-1,12,133,3,-1,83,85,59,-1,59,85,86,-1,59,86,57,-1,57,86,90,-1,57,90,55,-1,55,90,92,-1,55,92,53,-1,53,92,94,-1,53,94,51,-1,51,94,96,-1,51,96,49,-1,49,96,98,-1,49,98,47,-1,47,98,100,-1,47,100,45,-1,45,100,105,-1,45,105,43,-1,43,105,103,-1,43,103,102,-1,134,135,136,-1,136,135,137,-1,138,134,139,-1,139,134,136,-1,138,139,140,-1,138,140,141,-1,141,140,142,-1,141,142,143,-1,144,143,145,-1,145,143,142,-1,146,144,147,-1,147,144,145,-1,148,149,150,-1,150,149,146,-1,150,146,147,-1,151,149,152,-1,152,149,148,-1,153,154,155,-1,155,154,151,-1,155,151,152,-1,156,154,157,-1,157,154,153,-1,156,157,158,-1,156,158,159,-1,158,160,159,-1,159,160,161,-1,159,161,162,-1,162,161,163,-1,162,163,164,-1,164,163,165,-1,164,165,166,-1,166,165,167,-1,166,167,168,-1,168,167,169,-1,168,169,170,-1,170,169,171,-1,170,171,172,-1,173,172,174,-1,174,172,171,-1,173,174,175,-1,173,175,176,-1,176,175,177,-1,176,177,178,-1,178,177,179,-1,178,179,180,-1,180,179,181,-1,180,181,182,-1,182,181,183,-1,182,183,184,-1,183,185,184,-1,184,185,186,-1,184,186,187,-1,187,186,188,-1,187,188,189,-1,189,188,190,-1,189,190,191,-1,135,191,137,-1,137,191,190,-1,141,143,191,-1,135,134,191,-1,191,134,138,-1,191,138,141,-1,149,151,146,-1,146,151,154,-1,146,154,144,-1,189,159,187,-1,187,159,162,-1,172,173,170,-1,170,173,176,-1,170,176,168,-1,168,176,178,-1,168,178,166,-1,166,178,180,-1,166,180,164,-1,164,180,182,-1,164,182,162,-1,162,182,184,-1,162,184,187,-1,143,144,191,-1,191,144,154,-1,191,154,189,-1,189,154,156,-1,189,156,159,-1,192,193,194,-1,194,193,195,-1,196,197,198,-1,198,197,192,-1,198,192,194,-1,199,197,200,-1,200,197,196,-1,201,202,203,-1,203,202,199,-1,203,199,200,-1,204,202,205,-1,205,202,201,-1,206,207,208,-1,208,207,204,-1,208,204,205,-1,209,207,210,-1,210,207,206,-1,211,212,213,-1,213,212,209,-1,213,209,210,-1,214,215,216,-1,216,215,212,-1,216,212,211,-1,217,218,219,-1,219,218,215,-1,219,215,214,-1,220,221,222,-1,222,221,218,-1,222,218,217,-1,195,193,223,-1,223,193,221,-1,223,221,220,-1,202,204,199,-1,199,204,207,-1,193,192,221,-1,221,192,197,-1,212,215,209,-1,209,215,218,-1,209,218,207,-1,207,218,221,-1,207,221,199,-1,199,221,197,-1,224,225,226,-1,226,225,227,-1,226,227,228,-1,228,227,229,-1,228,229,230,-1,230,229,231,-1,230,231,232,-1,232,231,233,-1,232,233,234,-1,234,233,235,-1,234,235,236,-1,236,235,237,-1,236,237,238,-1,238,237,239,-1,238,239,240,-1,240,239,241,-1,240,241,242,-1,242,241,243,-1,242,243,244,-1,244,243,245,-1,244,245,246,-1,246,245,247,-1,246,247,248,-1,248,247,249,-1,248,249,250,-1,250,249,251,-1,250,251,252,-1,252,251,253,-1,252,253,254,-1,254,253,255,-1,254,255,256,-1,256,255,257,-1,256,257,258,-1,258,257,259,-1,258,259,224,-1,224,259,225,-1,247,245,260,-1,260,245,261,-1,247,260,262,-1,247,262,249,-1,249,262,263,-1,249,263,251,-1,251,263,264,-1,251,264,253,-1,253,264,265,-1,253,265,255,-1,255,265,266,-1,255,266,257,-1,257,266,267,-1,257,267,259,-1,259,267,268,-1,259,268,225,-1,225,268,269,-1,225,269,227,-1,227,269,270,-1,227,270,229,-1,229,270,271,-1,229,271,231,-1,231,271,272,-1,231,272,233,-1,233,272,273,-1,233,273,235,-1,274,241,275,-1,275,241,239,-1,275,239,276,-1,276,239,237,-1,276,237,277,-1,277,237,235,-1,277,235,273,-1,243,241,278,-1,278,241,274,-1,261,245,279,-1,279,245,243,-1,279,243,278,-1,240,242,280,-1,280,242,281,-1,242,244,281,-1,281,244,282,-1,244,246,282,-1,282,246,283,-1,254,284,285,-1,254,285,252,-1,252,285,286,-1,252,286,250,-1,250,286,287,-1,250,287,248,-1,248,287,283,-1,248,283,246,-1,226,288,289,-1,226,289,224,-1,224,289,290,-1,224,290,258,-1,258,290,291,-1,258,291,256,-1,256,291,284,-1,256,284,254,-1,234,292,293,-1,234,293,232,-1,232,293,294,-1,232,294,230,-1,230,294,295,-1,230,295,228,-1,228,295,288,-1,228,288,226,-1,240,280,296,-1,240,296,238,-1,238,296,297,-1,238,297,236,-1,236,297,292,-1,236,292,234,-1,
        ]
    }
}
Shape{
    appearance Appearance {
        material  Material 	{
            diffuseColor 0.4392156862745098 0.4392156862745098 0.4392156862745098
            specularColor 0.2196078431372549 0.2196078431372549 0.2196078431372549
            ambientIntensity 0.4392
            transparency 0.0
            shininess 0.5
        }
    }
    geometry IndexedFaceSet {
        ccw TRUE
        solid FALSE
        coord DEF co Coordinate {
            point [
                -0.1139 0.7874 0.1001, -0.1137 0.7874 0.0799, -0.1178 0.7874 0.1, -0.1175 0.7874 0.0799, -0.1208 0.7874 0.0802, -0.1231 0.7874 0.081, -0.1248 0.7874 0.0821, -0.1253 0.7874 0.0826, -0.1267 0.7874 0.0843, -0.1276 0.7874 0.0862, -0.1281 0.7874 0.0887, -0.1281 0.7874 0.0902, -0.1278 0.7874 0.0933, -0.1271 0.7874 0.0952, -0.1261 0.7874 0.0967, -0.1253 0.7874 0.0975, -0.1211 0.7874 0.0997, -0.1233 0.7874 0.0989
            ]
        }
        coordIndex [
            0,1,2,-1,2,1,3,-1,2,3,4,-1,4,5,2,-1,2,5,6,-1,2,6,7,-1,7,8,2,-1,2,8,9,-1,2,9,10,-1,10,11,2,-1,2,11,12,-1,2,12,13,-1,13,14,2,-1,2,14,15,-1,2,15,16,-1,16,15,17,-1,
        ]
    }
}
Shape{
    appearance Appearance {
        material  Material 	{
            diffuseColor 1.0 1.0 1.0
            specularColor 0.5019607843137255 0.5019607843137255 0.5019607843137255
            ambientIntensity 1.0
            transparency 0.0
            shininess 0.5
        }
    }
    geometry IndexedFaceSet {
        ccw TRUE
        solid FALSE
        coord DEF co Coordinate {
            point [
                -0.1404 0.7874 0.0869, -0.1444 0.7874 0.0977, -0.1431 0.7874 0.1028, -0.133 0.7874 0.0768, -0.1367 0.7874 0.0768, -0.1393 0.7874 0.0839, -0.1446 0.7874 0.0985, -0.1448 0.7874 0.0995, -0.1467 0.7874 0.1028, -0.1449 0.7874 0.0995, -0.1451 0.7874 0.0984, -0.1453 0.7874 0.0977, -0.1491 0.7874 0.0868, -0.1565 0.7874 0.0767, -0.1528 0.7874 0.0767, -0.1502 0.7874 0.0838, -0.1467 0.7874 0.1028, -0.1565 0.7874 0.0767, -0.1431 0.7874 0.1028, -0.133 0.7874 0.0768, -0.1367 0.7874 0.0768, -0.1393 0.7874 0.0839, -0.1502 0.7874 0.0838, -0.1528 0.7874 0.0767, -0.1404 0.7874 0.0869, -0.1491 0.7874 0.0868, -0.1453 0.7874 0.0977, -0.1449 0.7874 0.0995, -0.1451 0.7874 0.0984, -0.1448 0.7874 0.0995, -0.1444 0.7874 0.0977, -0.1446 0.7874 0.0985
            ]
        }
        coordIndex [
            0,1,2,-1,3,4,5,-1,1,6,2,-1,2,6,7,-1,2,7,8,-1,8,7,9,-1,8,9,10,-1,10,11,8,-1,8,11,12,-1,8,12,13,-1,14,13,15,-1,15,13,12,-1,15,12,5,-1,5,12,0,-1,5,0,3,-1,3,0,2,-1,8,13,16,-1,16,13,17,-1,2,8,18,-1,18,8,16,-1,3,2,19,-1,19,2,18,-1,4,3,20,-1,20,3,19,-1,5,4,21,-1,21,4,20,-1,15,5,22,-1,22,5,21,-1,14,15,23,-1,23,15,22,-1,13,14,17,-1,17,14,23,-1,0,12,24,-1,24,12,25,-1,12,11,25,-1,25,11,26,-1,9,27,28,-1,9,28,10,-1,10,28,26,-1,10,26,11,-1,9,7,27,-1,27,7,29,-1,1,30,31,-1,1,31,6,-1,6,31,29,-1,6,29,7,-1,1,0,30,-1,30,0,24,-1,
        ]
    }
}
Shape{
    appearance Appearance {
        material  Material 	{
            diffuseColor 0.4392156862745098 0.4392156862745098 0.4392156862745098
            specularColor 0.2196078431372549 0.2196078431372549 0.2196078431372549
            ambientIntensity 0.4392
            transparency 0.0
            shininess 0.5
        }
    }
    geometry IndexedFaceSet {
        ccw TRUE
        solid FALSE
        coord DEF co Coordinate {
            point [
                -0.1449 0.7874 0.0995, -0.1448 0.7874 0.0995, -0.1451 0.7874 0.0984, -0.1446 0.7874 0.0985, -0.1453 0.7874 0.0977, -0.1444 0.7874 0.0977, -0.1491 0.7874 0.0868, -0.1404 0.7874 0.0869
            ]
        }
        coordIndex [
            0,1,2,-1,2,1,3,-1,2,3,4,-1,4,3,5,-1,4,5,6,-1,6,5,7,-1,
        ]
    }
}
Shape{
    appearance Appearance {
        material  Material 	{
            diffuseColor 1.0 1.0 1.0
            specularColor 0.5019607843137255 0.5019607843137255 0.5019607843137255
            ambientIntensity 1.0
            transparency 0.0
            shininess 0.5
        }
    }
    geometry IndexedFaceSet {
        ccw TRUE
        solid FALSE
        coord DEF co Coordinate {
            point [
                0.096 0.7874 0.0747, 0.0933 0.7874 0.0713, 0.0976 0.7874 0.0912, 0.0356 0.7874 0.0998, 0.0413 0.7874 0.1097, 0.0662 0.7874 0.0969, 0.0788 0.7874 0.0914, 0.0771 0.7874 0.0908, 0.1006 0.7874 0.1234, 0.0965 0.7874 0.1256, 0.0974 0.7874 0.137, 0.0858 0.7874 0.1375, 0.0801 0.7874 0.1239, 0.0772 0.7874 0.1297, 0.1016 0.7874 0.0937, 0.1002 0.7874 0.0795, 0.0979 0.7874 0.0788, 0.09 0.7874 0.1379, 0.0756 0.7874 0.0898, 0.0744 0.7874 0.0884, 0.0617 0.7874 0.0863, 0.0822 0.7874 0.0914, 0.0845 0.7874 0.1028, 0.0838 0.7874 0.0908, 0.0886 0.7874 0.1012, 0.0853 0.7874 0.0897, 0.0925 0.7874 0.0986, 0.086 0.7874 0.089, 0.0955 0.7874 0.0951, 0.087 0.7874 0.0874, 0.0875 0.7874 0.0857, 0.0876 0.7874 0.0839, 0.0734 0.7874 0.102, 0.0778 0.7874 0.1031, 0.0801 0.7874 0.1033, 0.0819 0.7874 0.1419, 0.0731 0.7874 0.1347, 0.0776 0.7874 0.1456, 0.0681 0.7874 0.1383, 0.073 0.7874 0.1483, 0.0919 0.7874 0.1266, 0.0899 0.7874 0.1267, 0.0879 0.7874 0.1377, 0.0855 0.7874 0.1261, 0.0814 0.7874 0.1246, 0.0736 0.7874 0.0869, 0.0732 0.7874 0.0852, 0.0617 0.7874 0.0844, 0.0732 0.7874 0.0835, 0.0618 0.7874 0.0825, 0.0141 0.7874 0.0819, 0.0216 0.7874 0.0906, 0.0197 0.7874 0.0791, 0.0251 0.7874 0.0894, 0.0259 0.7874 0.0779, 0.027 0.7874 0.0892, 0.0369 0.7874 0.078, 0.0353 0.7874 0.0893, 0.0379 0.7874 0.0781, 0.0804 0.7874 0.0916, 0.0695 0.7874 0.0999, 0.0294 0.7874 0.1181, 0.0279 0.7874 0.1181, 0.0202 0.7874 0.1281, 0.0248 0.7874 0.1178, 0.0193 0.7874 0.1278, 0.0215 0.7874 0.1166, 0.0138 0.7874 0.125, 0.0186 0.7874 0.1147, 0.0088 0.7874 0.1207, 0.0162 0.7874 0.112, 0.0051 0.7874 0.1154, 0.0145 0.7874 0.1088, 0.0028 0.7874 0.1097, 0.0136 0.7874 0.1052, 0.002 0.7874 0.1037, 0.0135 0.7874 0.1036, 0.0029 0.7874 0.0971, 0.0139 0.7874 0.1004, 0.0053 0.7874 0.0912, 0.0151 0.7874 0.0971, 0.009 0.7874 0.0861, 0.017 0.7874 0.0941, 0.0187 0.7874 0.0925, 0.0301 0.7874 0.1428, 0.0375 0.7874 0.1344, 0.024 0.7874 0.1357, 0.0333 0.7874 0.1294, 0.0305 0.7874 0.1234, 0.108 0.7874 0.1128, 0.1202 0.7874 0.1098, 0.1086 0.7874 0.1083, 0.1203 0.7874 0.108, 0.1084 0.7874 0.1054, 0.1194 0.7874 0.1007, 0.1071 0.7874 0.1009, 0.1168 0.7874 0.0938, 0.1049 0.7874 0.0971, 0.1127 0.7874 0.0878, 0.1069 0.7874 0.0828, 0.0873 0.7874 0.0822, 0.0866 0.7874 0.0806, 0.0644 0.7874 0.1516, 0.062 0.7874 0.1407, 0.0553 0.7874 0.1526, 0.0552 0.7874 0.1415, 0.0476 0.7874 0.1518, 0.0489 0.7874 0.1407, 0.0383 0.7874 0.1484, 0.0431 0.7874 0.1384, 0.0379 0.7874 0.1348, 0.1043 0.7874 0.1344, 0.1102 0.7874 0.1303, 0.1038 0.7874 0.1206, 0.1114 0.7874 0.1291, 0.1064 0.7874 0.1169, 0.1159 0.7874 0.1234, 0.1189 0.7874 0.1168, 0.0629 0.7874 0.0779, 0.0737 0.7874 0.0817, 0.0652 0.7874 0.0738, 0.0746 0.7874 0.0801, 0.068 0.7874 0.0707, 0.0756 0.7874 0.079, 0.0717 0.7874 0.0681, 0.077 0.7874 0.078, 0.0758 0.7874 0.0665, 0.0786 0.7874 0.0774, 0.0804 0.7874 0.066, 0.0805 0.7874 0.0771, 0.081 0.7874 0.066, 0.0808 0.7874 0.0772, 0.0854 0.7874 0.0667, 0.0824 0.7874 0.0774, 0.0897 0.7874 0.0686, 0.0841 0.7874 0.0782, 0.0855 0.7874 0.0793, 0.0362 0.7874 0.0894, 0.0408 0.7874 0.0799, 0.0403 0.7874 0.0795, 0.0357 0.7874 0.0893, 0.0391 0.7874 0.0786, 0.0422 0.7874 0.0837, 0.042 0.7874 0.0824, 0.0416 0.7874 0.0811, 0.0379 0.7874 0.0893, 0.0391 0.7874 0.0888, 0.0422 0.7874 0.0845, 0.0403 0.7874 0.088, 0.0411 0.7874 0.0871, 0.0418 0.7874 0.0859, 0.0364 0.7874 0.0894, 0.002 0.7874 0.1037, 0.0028 0.7874 0.1097, 0.0072 0.7874 0.1185, 0.0033 0.7874 0.111, 0.0051 0.7874 0.1154, 0.0088 0.7874 0.1207, 0.0138 0.7874 0.125, 0.0193 0.7874 0.1278, 0.0202 0.7874 0.1281, 0.024 0.7874 0.1357, 0.0301 0.7874 0.1428, 0.0553 0.7874 0.1526, 0.0333 0.7874 0.145, 0.0383 0.7874 0.1484, 0.04 0.7874 0.149, 0.0476 0.7874 0.1518, 0.0776 0.7874 0.1456, 0.0644 0.7874 0.1516, 0.0712 0.7874 0.149, 0.073 0.7874 0.1483, 0.0858 0.7874 0.1375, 0.0783 0.7874 0.145, 0.0819 0.7874 0.1419, 0.0879 0.7874 0.1377, 0.09 0.7874 0.1379, 0.0974 0.7874 0.137, 0.1043 0.7874 0.1344, 0.1102 0.7874 0.1303, 0.1114 0.7874 0.1291, 0.1203 0.7874 0.108, 0.1159 0.7874 0.1234, 0.1182 0.7874 0.1185, 0.1189 0.7874 0.1168, 0.12 0.7874 0.111, 0.1202 0.7874 0.1098, 0.1197 0.7874 0.103, 0.1198 0.7874 0.1035, 0.1194 0.7874 0.1007, 0.1168 0.7874 0.0938, 0.1127 0.7874 0.0878, 0.1069 0.7874 0.0828, 0.1002 0.7874 0.0795, 0.0979 0.7874 0.0788, 0.096 0.7874 0.0747, 0.0933 0.7874 0.0713, 0.0897 0.7874 0.0686, 0.0854 0.7874 0.0667, 0.081 0.7874 0.066, 0.0804 0.7874 0.066, 0.0758 0.7874 0.0665, 0.0717 0.7874 0.0681, 0.068 0.7874 0.0707, 0.0652 0.7874 0.0738, 0.0629 0.7874 0.0779, 0.0618 0.7874 0.0825, 0.0617 0.7874 0.0844, 0.0617 0.7874 0.0863, 0.0356 0.7874 0.0998, 0.0374 0.7874 0.103, 0.0377 0.7874 0.1035, 0.0413 0.7874 0.1097, 0.0544 0.7874 0.103, 0.0662 0.7874 0.0969, 0.0534 0.7874 0.1035, 0.0801 0.7874 0.1033, 0.0695 0.7874 0.0999, 0.0734 0.7874 0.102, 0.0771 0.7874 0.103, 0.0778 0.7874 0.1031, 0.0829 0.7874 0.103, 0.0845 0.7874 0.1028, 0.0886 0.7874 0.1012, 0.0925 0.7874 0.0986, 0.0955 0.7874 0.0951, 0.0976 0.7874 0.0912, 0.1078 0.7874 0.1035, 0.1077 0.7874 0.103, 0.1071 0.7874 0.1009, 0.1049 0.7874 0.0971, 0.1016 0.7874 0.0937, 0.1084 0.7874 0.1054, 0.1086 0.7874 0.1083, 0.1083 0.7874 0.111, 0.108 0.7874 0.1128, 0.1064 0.7874 0.1169, 0.1053 0.7874 0.1185, 0.1038 0.7874 0.1206, 0.1006 0.7874 0.1234, 0.0965 0.7874 0.1256, 0.0919 0.7874 0.1266, 0.0899 0.7874 0.1267, 0.0855 0.7874 0.1261, 0.0814 0.7874 0.1246, 0.0801 0.7874 0.1239, 0.0772 0.7874 0.1297, 0.0731 0.7874 0.1347, 0.0681 0.7874 0.1383, 0.062 0.7874 0.1407, 0.0552 0.7874 0.1415, 0.0294 0.7874 0.1181, 0.0294 0.7874 0.1185, 0.0305 0.7874 0.1234, 0.0333 0.7874 0.1294, 0.0375 0.7874 0.1344, 0.0379 0.7874 0.1348, 0.0431 0.7874 0.1384, 0.0489 0.7874 0.1407, 0.0279 0.7874 0.1181, 0.0248 0.7874 0.1178, 0.0215 0.7874 0.1166, 0.0186 0.7874 0.1147, 0.0162 0.7874 0.112, 0.0156 0.7874 0.111, 0.0145 0.7874 0.1088, 0.0136 0.7874 0.1052, 0.0135 0.7874 0.1036, 0.0135 0.7874 0.1035, 0.0136 0.7874 0.103, 0.0139 0.7874 0.1004, 0.0151 0.7874 0.0971, 0.017 0.7874 0.0941, 0.0187 0.7874 0.0925, 0.0216 0.7874 0.0906, 0.0251 0.7874 0.0894, 0.027 0.7874 0.0892, 0.0353 0.7874 0.0893, 0.0357 0.7874 0.0893, 0.0362 0.7874 0.0894, 0.0364 0.7874 0.0894, 0.0379 0.7874 0.0893, 0.0391 0.7874 0.0888, 0.0403 0.7874 0.088, 0.0411 0.7874 0.0871, 0.0418 0.7874 0.0859, 0.0422 0.7874 0.0845, 0.0422 0.7874 0.0837, 0.042 0.7874 0.0824, 0.0416 0.7874 0.0811, 0.0408 0.7874 0.0799, 0.0403 0.7874 0.0795, 0.0391 0.7874 0.0786, 0.0379 0.7874 0.0781, 0.0369 0.7874 0.078, 0.0259 0.7874 0.0779, 0.0197 0.7874 0.0791, 0.0141 0.7874 0.0819, 0.009 0.7874 0.0861, 0.0053 0.7874 0.0912, 0.0029 0.7874 0.0971, 0.0021 0.7874 0.103, 0.002 0.7874 0.1035, 0.0804 0.7874 0.0916, 0.0788 0.7874 0.0914, 0.0771 0.7874 0.0908, 0.0756 0.7874 0.0898, 0.0744 0.7874 0.0884, 0.0736 0.7874 0.0869, 0.0732 0.7874 0.0852, 0.0732 0.7874 0.0835, 0.0737 0.7874 0.0817, 0.0746 0.7874 0.0801, 0.0756 0.7874 0.079, 0.077 0.7874 0.078, 0.0786 0.7874 0.0774, 0.0805 0.7874 0.0771, 0.0808 0.7874 0.0772, 0.0824 0.7874 0.0774, 0.0841 0.7874 0.0782, 0.0855 0.7874 0.0793, 0.0866 0.7874 0.0806, 0.0873 0.7874 0.0822, 0.0876 0.7874 0.0839, 0.0875 0.7874 0.0857, 0.087 0.7874 0.0874, 0.086 0.7874 0.089, 0.0853 0.7874 0.0897, 0.0838 0.7874 0.0908, 0.0822 0.7874 0.0914
            ]
        }
        coordIndex [
            0,1,2,-1,3,4,5,-1,6,7,3,-1,8,9,10,-1,11,12,13,-1,14,15,2,-1,2,15,16,-1,2,16,0,-1,10,9,17,-1,7,18,3,-1,3,18,19,-1,3,19,20,-1,21,22,23,-1,23,22,24,-1,23,24,25,-1,25,24,26,-1,25,26,27,-1,27,26,28,-1,27,28,29,-1,29,28,2,-1,29,2,30,-1,30,2,31,-1,32,33,21,-1,21,33,34,-1,21,34,22,-1,11,13,35,-1,35,13,36,-1,35,36,37,-1,37,36,38,-1,37,38,39,-1,9,40,17,-1,17,40,41,-1,17,41,42,-1,42,41,43,-1,42,43,11,-1,11,43,44,-1,11,44,12,-1,19,45,20,-1,20,45,46,-1,20,46,47,-1,47,46,48,-1,47,48,49,-1,50,51,52,-1,52,51,53,-1,52,53,54,-1,54,53,55,-1,54,55,56,-1,56,55,57,-1,56,57,58,-1,6,3,59,-1,59,3,5,-1,59,5,21,-1,21,5,60,-1,21,60,32,-1,61,62,63,-1,63,62,64,-1,63,64,65,-1,65,64,66,-1,65,66,67,-1,67,66,68,-1,67,68,69,-1,69,68,70,-1,69,70,71,-1,71,70,72,-1,71,72,73,-1,73,72,74,-1,73,74,75,-1,75,74,76,-1,75,76,77,-1,77,76,78,-1,77,78,79,-1,79,78,80,-1,79,80,81,-1,81,80,82,-1,81,82,50,-1,50,82,83,-1,50,83,51,-1,84,85,86,-1,86,85,87,-1,86,87,63,-1,63,87,88,-1,63,88,61,-1,89,90,91,-1,91,90,92,-1,91,92,93,-1,93,92,94,-1,93,94,95,-1,95,94,96,-1,95,96,97,-1,97,96,98,-1,97,98,14,-1,14,98,99,-1,14,99,15,-1,31,2,100,-1,100,2,1,-1,100,1,101,-1,39,38,102,-1,102,38,103,-1,102,103,104,-1,104,103,105,-1,104,105,106,-1,106,105,107,-1,106,107,108,-1,108,107,109,-1,108,109,84,-1,84,109,110,-1,84,110,85,-1,10,111,8,-1,8,111,112,-1,8,112,113,-1,113,112,114,-1,113,114,115,-1,115,114,116,-1,115,116,89,-1,89,116,117,-1,89,117,90,-1,49,48,118,-1,118,48,119,-1,118,119,120,-1,120,119,121,-1,120,121,122,-1,122,121,123,-1,122,123,124,-1,124,123,125,-1,124,125,126,-1,126,125,127,-1,126,127,128,-1,128,127,129,-1,128,129,130,-1,130,129,131,-1,130,131,132,-1,132,131,133,-1,132,133,134,-1,134,133,135,-1,134,135,1,-1,1,135,136,-1,1,136,101,-1,137,138,139,-1,57,140,58,-1,58,140,137,-1,58,137,141,-1,141,137,139,-1,142,143,137,-1,137,143,144,-1,137,144,138,-1,145,146,147,-1,146,148,147,-1,147,148,149,-1,147,149,150,-1,142,137,147,-1,147,137,151,-1,147,151,145,-1,75,152,153,-1,154,69,71,-1,75,153,73,-1,73,153,155,-1,73,155,71,-1,71,155,156,-1,71,156,154,-1,154,157,69,-1,69,157,158,-1,69,158,67,-1,67,158,159,-1,67,159,65,-1,65,159,160,-1,65,160,63,-1,63,160,161,-1,63,161,86,-1,86,161,162,-1,86,162,84,-1,163,104,106,-1,84,162,164,-1,84,164,108,-1,164,165,108,-1,108,165,166,-1,108,166,106,-1,106,166,167,-1,106,167,163,-1,168,37,39,-1,104,163,169,-1,104,169,102,-1,102,169,170,-1,102,170,39,-1,39,170,171,-1,39,171,168,-1,172,11,35,-1,37,168,173,-1,37,173,35,-1,35,173,174,-1,35,174,172,-1,11,172,175,-1,11,175,42,-1,42,175,176,-1,42,176,17,-1,17,176,177,-1,17,177,10,-1,10,177,178,-1,10,178,111,-1,111,178,179,-1,111,179,112,-1,112,179,180,-1,112,180,114,-1,181,92,90,-1,114,180,182,-1,114,182,116,-1,116,182,183,-1,116,183,117,-1,183,184,117,-1,117,184,185,-1,117,185,90,-1,90,185,186,-1,90,186,181,-1,187,94,188,-1,188,94,92,-1,188,92,181,-1,187,189,94,-1,94,189,190,-1,94,190,96,-1,96,190,191,-1,96,191,98,-1,98,191,192,-1,98,192,99,-1,99,192,193,-1,99,193,15,-1,15,193,194,-1,15,194,16,-1,16,194,195,-1,16,195,0,-1,0,195,196,-1,0,196,1,-1,1,196,197,-1,1,197,134,-1,134,197,198,-1,134,198,132,-1,132,198,199,-1,132,199,130,-1,130,199,200,-1,130,200,128,-1,128,200,201,-1,128,201,126,-1,126,201,202,-1,126,202,124,-1,124,202,203,-1,124,203,122,-1,122,203,204,-1,122,204,120,-1,120,204,205,-1,120,205,118,-1,118,205,206,-1,118,206,49,-1,49,206,207,-1,49,207,47,-1,20,47,208,-1,208,47,207,-1,3,20,209,-1,209,20,208,-1,209,210,3,-1,3,210,211,-1,3,211,4,-1,4,211,212,-1,213,214,5,-1,213,5,215,-1,215,5,4,-1,215,4,212,-1,216,34,33,-1,5,214,217,-1,5,217,60,-1,60,217,218,-1,60,218,32,-1,32,218,219,-1,32,219,33,-1,33,219,220,-1,33,220,216,-1,22,34,221,-1,221,34,216,-1,221,222,22,-1,22,222,223,-1,22,223,24,-1,24,223,224,-1,24,224,26,-1,26,224,225,-1,26,225,28,-1,28,225,226,-1,28,226,2,-1,227,93,228,-1,228,93,95,-1,228,95,229,-1,229,95,97,-1,229,97,230,-1,230,97,14,-1,230,14,231,-1,231,14,2,-1,231,2,226,-1,227,232,93,-1,93,232,233,-1,93,233,91,-1,89,91,234,-1,234,91,233,-1,234,235,89,-1,89,235,236,-1,89,236,115,-1,115,236,237,-1,115,237,113,-1,237,238,113,-1,113,238,239,-1,113,239,8,-1,8,239,240,-1,8,240,9,-1,9,240,241,-1,9,241,40,-1,40,241,242,-1,40,242,41,-1,41,242,243,-1,41,243,43,-1,43,243,244,-1,43,244,44,-1,44,244,245,-1,44,245,12,-1,12,245,246,-1,12,246,13,-1,13,246,247,-1,13,247,36,-1,36,247,248,-1,36,248,38,-1,38,248,249,-1,38,249,103,-1,103,249,250,-1,103,250,105,-1,251,61,252,-1,252,61,88,-1,252,88,253,-1,253,88,87,-1,253,87,254,-1,254,87,85,-1,254,85,255,-1,255,85,110,-1,255,110,256,-1,256,110,109,-1,256,109,257,-1,257,109,107,-1,257,107,258,-1,258,107,105,-1,258,105,250,-1,62,61,259,-1,259,61,251,-1,62,259,260,-1,62,260,64,-1,64,260,261,-1,64,261,66,-1,66,261,262,-1,66,262,68,-1,68,262,263,-1,68,263,70,-1,70,263,264,-1,70,264,72,-1,264,265,72,-1,72,265,266,-1,72,266,74,-1,74,266,267,-1,74,267,76,-1,267,268,76,-1,76,268,269,-1,76,269,78,-1,269,270,78,-1,78,270,271,-1,78,271,80,-1,80,271,272,-1,80,272,82,-1,82,272,273,-1,82,273,83,-1,83,273,274,-1,83,274,51,-1,51,274,275,-1,51,275,53,-1,53,275,276,-1,53,276,55,-1,57,55,277,-1,277,55,276,-1,57,277,278,-1,57,278,140,-1,140,278,279,-1,140,279,137,-1,137,279,280,-1,137,280,151,-1,151,280,281,-1,151,281,145,-1,145,281,282,-1,145,282,146,-1,146,282,283,-1,146,283,148,-1,148,283,284,-1,148,284,149,-1,149,284,285,-1,149,285,150,-1,150,285,286,-1,150,286,147,-1,147,286,287,-1,147,287,142,-1,142,287,288,-1,142,288,143,-1,143,288,289,-1,143,289,144,-1,144,289,290,-1,144,290,138,-1,138,290,291,-1,138,291,139,-1,139,291,292,-1,139,292,141,-1,141,292,293,-1,141,293,58,-1,58,293,294,-1,58,294,56,-1,54,56,295,-1,295,56,294,-1,54,295,296,-1,54,296,52,-1,52,296,297,-1,52,297,50,-1,50,297,298,-1,50,298,81,-1,81,298,299,-1,81,299,79,-1,79,299,300,-1,79,300,77,-1,77,300,301,-1,77,301,75,-1,75,301,302,-1,75,302,152,-1,59,303,304,-1,59,304,6,-1,6,304,305,-1,6,305,7,-1,7,305,306,-1,7,306,18,-1,18,306,307,-1,18,307,19,-1,19,307,308,-1,19,308,45,-1,45,308,309,-1,45,309,46,-1,46,309,310,-1,46,310,48,-1,48,310,311,-1,48,311,119,-1,119,311,312,-1,119,312,121,-1,121,312,313,-1,121,313,123,-1,123,313,314,-1,123,314,125,-1,125,314,315,-1,125,315,127,-1,127,315,316,-1,127,316,129,-1,129,316,317,-1,129,317,131,-1,131,317,318,-1,131,318,133,-1,133,318,319,-1,133,319,135,-1,135,319,320,-1,135,320,136,-1,136,320,321,-1,136,321,101,-1,101,321,322,-1,101,322,100,-1,100,322,323,-1,100,323,31,-1,31,323,324,-1,31,324,30,-1,30,324,325,-1,30,325,29,-1,29,325,326,-1,29,326,27,-1,27,326,327,-1,27,327,25,-1,25,327,328,-1,25,328,23,-1,23,328,329,-1,23,329,21,-1,21,329,303,-1,21,303,59,-1,
        ]
    }
}
Shape{
    appearance Appearance {
        material  Material 	{
            diffuseColor 0.4392156862745098 0.4392156862745098 0.4392156862745098
            specularColor 0.2196078431372549 0.2196078431372549 0.2196078431372549
            ambientIntensity 0.4392
            transparency 0.0
            shininess 0.5
        }
    }
    geometry IndexedFaceSet {
        ccw TRUE
        solid FALSE
        coord DEF co Coordinate {
            point [
                0.0808 0.7874 0.0772, 0.0853 0.7874 0.0897, 0.086 0.7874 0.089, 0.0786 0.7874 0.0774, 0.077 0.7874 0.078, 0.0788 0.7874 0.0914, 0.0804 0.7874 0.0916, 0.0822 0.7874 0.0914, 0.0838 0.7874 0.0908, 0.0873 0.7874 0.0822, 0.0866 0.7874 0.0806, 0.0855 0.7874 0.0793, 0.0805 0.7874 0.0771, 0.087 0.7874 0.0874, 0.0875 0.7874 0.0857, 0.0876 0.7874 0.0839, 0.0841 0.7874 0.0782, 0.0824 0.7874 0.0774, 0.0756 0.7874 0.079, 0.0746 0.7874 0.0801, 0.0737 0.7874 0.0817, 0.0732 0.7874 0.0835, 0.0732 0.7874 0.0852, 0.0736 0.7874 0.0869, 0.0744 0.7874 0.0884, 0.0756 0.7874 0.0898, 0.0771 0.7874 0.0908
            ]
        }
        coordIndex [
            0,1,2,-1,3,4,5,-1,6,7,0,-1,0,7,8,-1,0,8,1,-1,9,10,2,-1,2,10,11,-1,6,0,5,-1,5,0,12,-1,5,12,3,-1,13,14,2,-1,2,14,15,-1,2,15,9,-1,11,16,2,-1,2,16,17,-1,2,17,0,-1,4,18,5,-1,5,18,19,-1,5,19,20,-1,20,21,5,-1,5,21,22,-1,5,22,23,-1,23,24,5,-1,5,24,25,-1,5,25,26,-1,
        ]
    }
}