#VRML V2.0 utf8
# 3D model generated by easyeda2kicad.py (https://github.com/uPesy/easyeda2kicad.py)

Shape{
    appearance Appearance {
        material  Material 	{
            diffuseColor 0.9686274509803922 0.8784313725490196 0.6
            specularColor 0.6784313725490196 0.615686274509804 0.4196078431372549
            ambientIntensity 0.8737
            transparency 0.0
            shininess 0.5
        }
    }
    geometry IndexedFaceSet {
        ccw TRUE
        solid FALSE
        coord DEF co Coordinate {
            point [
                -1.2357 0.1845 3.6612, -1.2322 0.2103 3.6603, -1.2333 0.2038 3.6258, -0.0824 1.2472 3.5662, -0.0851 1.2471 3.5663, -0.0779 1.2469 3.6008, 0.0 1.25 3.5632, -0.029 1.2497 3.599, 0.0 1.25 3.5979, -0.241 1.2258 3.6068, -0.197 1.2344 3.6052, -0.1817 1.2364 3.5699, -0.1817 1.2363 3.6046, -0.1693 1.2385 3.5695, -0.16 1.239 3.6038, -0.1134 1.2448 3.6021, -0.2202 1.2298 3.5713, -0.2525 1.2242 3.5725, -0.2798 1.2183 3.6083, -0.3204 1.2075 3.6098, -0.3346 1.2044 3.5756, -0.3565 1.198 3.5764, -0.3597 1.1971 3.6112, -0.3597 1.197 3.5765, -0.3618 1.1965 3.6113, -0.3669 1.1949 3.5768, -0.4427 1.169 3.6143, -0.4474 1.1672 3.5798, -0.473 1.1564 3.6154, -0.4869 1.1505 3.5812, -0.5195 1.137 3.6171, -0.5254 1.1342 3.5826, -0.5298 1.1318 3.6175, -0.5299 1.1319 3.5828, -0.5949 1.0993 3.6199, -0.6007 1.0962 3.5854, -0.6141 1.0881 3.6207, -0.6107 1.0903 3.5858, -0.6678 1.0567 3.6227, -0.6734 1.0531 3.5882, -0.6887 1.0425 3.6235, -0.6889 1.0429 3.5888, -0.7015 1.0346 3.5893, -0.7378 1.009 3.6255, -0.7245 1.0179 3.5903, -0.7453 1.0031 3.6258, -0.7705 0.9843 3.5922, -0.8049 0.9563 3.6284, -0.8301 0.9343 3.5949, -0.8329 0.9312 3.6298, -0.8963 0.8713 3.5981, -0.8667 0.9007 3.6314, -0.8354 0.9298 3.5951, -0.8333 0.9316 3.595, -1.053 0.6736 3.6074, -1.0657 0.6521 3.6083, -1.0658 0.6522 3.643, -1.0131 0.7315 3.6048, -1.0304 0.7077 3.6406, -1.0267 0.7127 3.6404, -1.0046 0.7439 3.6042, -0.9801 0.7759 3.6375, -0.9598 0.8004 3.6016, -0.9776 0.7788 3.6373, -0.9595 0.8001 3.6363, -0.953 0.8089 3.6012, -0.9255 0.8402 3.6344, -0.9267 0.8378 3.5998, -0.9245 0.8413 3.6343, -0.8677 0.8997 3.6314, -1.1491 0.4902 3.615, -1.1496 0.4904 3.6498, -1.1443 0.5016 3.6146, -1.1469 0.4964 3.6495, -1.1342 0.5254 3.6136, -1.1161 0.5629 3.6468, -1.0962 0.6007 3.6105, -1.1116 0.571 3.6465, -1.0815 0.6254 3.6095, -1.0763 0.6357 3.6437, -1.0715 0.6433 3.6434, -1.227 0.2353 3.6247, -1.2261 0.2435 3.6591, -1.2166 0.2869 3.6228, -1.2086 0.3179 3.6564, -1.2082 0.3178 3.6217, -1.2066 0.3266 3.6561, -1.1942 0.3692 3.6198, -1.2018 0.3421 3.6555, -1.1934 0.3717 3.6197, -1.1817 0.4076 3.653, -1.1671 0.4477 3.6167, -1.177 0.4199 3.6525, -1.1515 0.4864 3.6499, -1.2419 0.1388 3.6628, -1.2418 0.1388 3.628, -1.2436 0.1266 3.6632, -1.2294 -0.2245 3.6402, -1.2292 -0.2245 3.6749, -1.2312 -0.2162 3.6399, -1.2396 -0.1607 3.6727, -1.2369 -0.1756 3.6385, -1.2434 -0.1281 3.6716, -1.243 -0.1323 3.637, -1.2435 -0.1272 3.6716, -1.2491 -0.0472 3.6342, -1.2492 -0.0433 3.6688, -1.2491 -0.0433 3.634, -1.2493 -0.0422 3.6687, -1.2491 -0.0419 3.634, -1.2493 0.028 3.6664, -1.2495 0.0359 3.6315, -1.2493 0.0424 3.666, -1.2457 0.0966 3.6294, -1.2442 0.1201 3.6287, -1.1687 -0.4415 3.683, -1.1818 -0.4071 3.6817, -1.1834 -0.4008 3.6467, -1.1837 -0.4009 3.6814, -1.1908 -0.38 3.6459, -1.1951 -0.3641 3.6801, -1.2109 -0.3088 3.6433, -1.2067 -0.3262 3.6786, -1.2138 -0.2988 3.6429, -1.2162 -0.2856 3.6771, -1.2259 -0.2441 3.6756, -1.163 -0.4582 3.6489, -1.129 -0.5365 3.6521, -1.1109 -0.5678 3.6848, -1.1697 -0.4394 3.6482, -1.1514 -0.4866 3.6848, -0.5466 -1.1241 3.6818, -0.4695 -1.1585 3.6847, -0.5369 -1.1288 3.6848, -0.5469 -1.124 3.6818, -0.6133 -1.0851 3.6848, -0.615 -1.088 3.6793, -0.7647 -0.9844 3.6848, -0.7667 -0.987 3.6732, -0.7608 -0.9918 3.6735, -0.6998 -1.0358 3.6848, -0.6922 -1.0409 3.6763, -0.6649 -1.0577 3.6774, -0.6214 -1.0846 3.6791, -0.8997 -0.8628 3.6848, -0.8876 -0.8801 3.6676, -0.8833 -0.8842 3.6678, -0.8469 -0.9194 3.6848, -0.826 -0.9382 3.6706, -0.7783 -0.9774 3.6727, -1.0157 -0.7229 3.6848, -1.0179 -0.7243 3.6602, -0.9978 -0.7529 3.6615, -0.975 -0.7822 3.6848, -0.9758 -0.7801 3.6627, -0.9456 -0.8175 3.6645, -0.9018 -0.8648 3.6668, -1.1143 -0.5649 3.6533, -1.1124 -0.5686 3.6534, -1.0811 -0.6275 3.6848, -1.0901 -0.6118 3.6552, -1.0566 -0.667 3.6576, -1.0463 -0.6839 3.6583, 0.6214 1.0846 3.5402, 0.5786 1.1072 3.5418, 0.6007 1.0962 3.5757, 0.0 -1.25 3.459, -0.0 -1.25 3.4243, 0.0453 -1.2489 3.4607, 0.0267 -1.2491 3.4253, 0.0591 -1.2486 3.4612, 0.0851 -1.2471 3.4275, 0.1277 -1.243 3.4637, 0.1556 -1.2399 3.4301, 0.1434 -1.2417 3.4643, 0.1556 -1.2399 3.4648, 0.1617 -1.2393 3.4303, 0.1693 -1.2385 3.4306, 0.4685 -1.1589 3.4764, 0.3893 -1.1878 3.4734, 0.3669 -1.1949 3.4379, 0.3677 -1.1941 3.4726, 0.3346 -1.2044 3.4367, 0.3314 -1.2047 3.4713, 0.3315 -1.2051 3.4366, 0.3083 -1.2114 3.4704, 0.2983 -1.2132 3.4353, 0.2893 -1.2156 3.4697, 0.2525 -1.2242 3.4336, 0.2272 -1.2292 3.4674, 0.2092 -1.2319 3.4668, 0.826 -0.9382 3.4905, 0.8043 -0.956 3.4895, 0.8043 -0.956 3.4548, 0.7831 -0.9735 3.4886, 0.7705 -0.9843 3.4533, 0.7608 -0.9918 3.4876, 0.7134 -1.026 3.4509, 0.6922 -1.0409 3.4848, 0.7015 -1.0346 3.4504, 0.4326 -1.1723 3.4403, 0.4474 -1.1672 3.4409, 0.5004 -1.1447 3.4776, 0.5004 -1.1448 3.4428, 0.5168 -1.1374 3.4782, 0.5254 -1.1342 3.4437, 0.546 -1.1245 3.4792, 0.5608 -1.1163 3.4451, 0.6214 -1.0846 3.482, 0.6007 -1.0962 3.4465, 0.6546 -1.0641 3.4833, 0.6593 -1.0615 3.4488, 0.6591 -1.0613 3.4835, 0.6734 -1.0531 3.4493, 0.6798 -1.0489 3.4496, 1.0424 -0.689 3.4678, 1.0426 -0.6891 3.5025, 1.0051 -0.7431 3.4654, 1.0075 -0.7391 3.5003, 1.0046 -0.7439 3.4653, 0.8194 -0.9433 3.4555, 0.8354 -0.9298 3.4562, 0.8876 -0.8801 3.4935, 0.8963 -0.8713 3.4592, 0.9021 -0.8645 3.4943, 0.9172 -0.8482 3.4604, 0.933 -0.8311 3.4959, 0.9329 -0.831 3.4612, 0.9456 -0.8175 3.4966, 0.953 -0.8089 3.4623, 0.9568 -0.8037 3.4973, 0.9978 -0.7529 3.4996, 1.1335 -0.5261 3.5094, 1.1306 -0.5328 3.5092, 1.1305 -0.5328 3.4744, 1.129 -0.5365 3.509, 1.0962 -0.6007 3.4716, 1.0962 -0.5998 3.5064, 1.0802 -0.6277 3.4705, 1.0901 -0.6118 3.5059, 1.053 -0.6736 3.4685, 1.0542 -0.671 3.5033, 1.0463 -0.6839 3.5028, 1.1342 -0.5254 3.4748, 1.1433 -0.504 3.4756, 1.163 -0.4582 3.5122, 1.1671 -0.4477 3.4778, 1.2312 -0.2163 3.5212, 1.2146 -0.2947 3.5184, 1.2166 -0.2869 3.4839, 1.2138 -0.2988 3.5182, 1.1952 -0.3655 3.481, 1.195 -0.3654 3.5157, 1.1942 -0.3692 3.4809, 1.1928 -0.3731 3.5154, 1.1923 -0.3748 3.4807, 1.1908 -0.38 3.5152, 1.1658 -0.4504 3.5125, 1.2263 -0.2385 3.4857, 1.2333 -0.2038 3.4869, 1.2348 -0.1905 3.5221, 1.235 -0.1906 3.4874, 1.2423 -0.137 3.5239, 1.2442 -0.1201 3.4898, 1.243 -0.1324 3.5241, 1.2455 -0.0999 3.4904, 1.2491 -0.0472 3.5269, 1.2495 -0.0359 3.4926, 1.2493 -0.0118 3.5281, 1.2494 -0.0118 3.4934, 1.2494 0.0192 3.5291, 1.2492 0.0362 3.4949, 1.2495 0.0359 3.5296, 1.2491 0.0472 3.4953, 1.2442 0.1201 3.5324, 1.243 0.1323 3.4981, 1.2381 0.1672 3.5341, 1.2312 0.2162 3.501, 1.2228 0.256 3.5025, 1.2166 0.2868 3.5383, 1.2138 0.2988 3.504, 1.204 0.3332 3.54, 1.2014 0.3427 3.5056, 1.2014 0.3427 3.5404, 1.2381 0.1672 3.4993, 1.2375 0.1709 3.4995, 1.237 0.1756 3.5343, 1.2333 0.2038 3.5353, 1.1942 0.3692 3.5413, 1.1908 0.38 3.507, 1.188 0.3881 3.5073, 1.1155 0.5625 3.549, 1.1342 0.5254 3.5475, 1.129 0.5365 3.5132, 1.1381 0.5156 3.5124, 1.1402 0.5113 3.5469, 1.14 0.5112 3.5122, 1.1502 0.4877 3.546, 1.163 0.4582 3.5101, 1.1671 0.4477 3.5444, 1.1797 0.4111 3.543, 1.0962 0.6007 3.5506, 1.0901 0.6118 3.5163, 1.0759 0.635 3.5521, 1.0742 0.638 3.5175, 1.0555 0.6694 3.5535, 1.0552 0.6692 3.5188, 1.053 0.6736 3.5537, 1.0463 0.6839 3.5195, 1.0316 0.7047 3.5551, 1.0046 0.7439 3.5569, 0.9978 0.7529 3.5226, 0.9972 0.7536 3.5226, 0.9456 0.8175 3.5256, 0.907 0.8592 3.5277, 0.8963 0.8713 3.563, 0.8876 0.8801 3.5287, 0.8739 0.8928 3.5641, 0.9302 0.834 3.5611, 0.9487 0.8136 3.5601, 0.9488 0.8136 3.5254, 0.953 0.8089 3.5599, 0.9829 0.7712 3.5581, 0.8354 0.9298 3.566, 0.826 0.9382 3.5317, 0.8223 0.9408 3.5666, 0.5219 1.1351 3.5439, 0.5221 1.1356 3.5786, 0.5254 1.1342 3.5785, 0.546 1.1245 3.543, 0.8225 0.9411 3.5319, 0.8071 0.9537 3.5325, 0.7705 0.9843 3.5689, 0.7608 0.9918 3.5346, 0.7523 0.9975 3.5697, 0.6956 1.0384 3.5373, 0.7016 1.0346 3.5718, 0.6922 1.0409 3.5374, 0.6794 1.0492 3.5727, 0.6792 1.0489 3.5379, 0.6734 1.0531 3.5729, 0.6217 1.0837 3.5749, 0.4812 1.1529 3.5801, 0.4686 1.1589 3.5458, 0.4474 1.1672 3.5813, 0.4566 1.1632 3.5463, 0.3669 1.1949 3.5843, 0.3893 1.1878 3.5488, 0.354 1.1981 3.5501, 0.1789 1.2368 3.5913, 0.2502 1.2246 3.5886, 0.2272 1.2292 3.5548, 0.2525 1.2242 3.5886, 0.3083 1.2114 3.5518, 0.3295 1.2056 3.5857, 0.3276 1.2058 3.5511, 0.3346 1.2044 3.5855, 0.3542 1.1987 3.5848, 0.1929 1.2343 3.556, 0.1788 1.2364 3.5566, 0.1693 1.2385 3.5916, 0.1434 1.2417 3.5579, 0.0873 1.2469 3.5947, 0.0591 1.2486 3.561, 0.0851 1.2471 3.5948, 0.0563 1.2487 3.5611, 0.0047 1.2498 3.5977, -0.0591 -1.2486 3.4221, -0.0373 -1.2487 3.4576, -0.0851 -1.2471 3.4559, -0.1114 -1.2444 3.4202, -0.1197 -1.2436 3.4546, -0.1434 -1.2417 3.419, -0.1566 -1.2398 3.4532, -0.1566 -1.2398 3.4185, -0.1693 -1.2385 3.4528, -0.2272 -1.2292 3.4159, -0.2013 -1.233 3.4516, -0.2469 -1.2249 3.4152, -0.2525 -1.2242 3.4497, -0.3083 -1.2114 3.4129, -0.2816 -1.2172 3.4486, -0.3335 -1.2041 3.412, -0.3336 -1.2046 3.4467, -0.3346 -1.2044 3.4466, -0.3793 -1.1907 3.4103, -0.3669 -1.1949 3.4454, -0.3893 -1.1878 3.4099, -0.4686 -1.1589 3.4069, -0.4366 -1.1709 3.4428, -0.4474 -1.1672 3.4424, -0.5033 -1.1434 3.4057, -0.5034 -1.1435 3.4404, -0.5053 -1.1425 3.4056, -0.5254 -1.1342 3.4396, -0.546 -1.1245 3.4041, -0.5804 -1.1064 3.4375, -0.6214 -1.0846 3.4013, -0.6007 -1.0962 3.4368, -0.6256 -1.082 3.4011, -0.6628 -1.059 3.3997, -0.7408 -1.0061 3.3966, -0.6922 -1.0409 3.3985, -0.7138 -1.0256 3.4324, -0.663 -1.0593 3.4344, -0.6734 -1.0531 3.434, -0.7016 -1.0346 3.4329, -0.7608 -0.9918 3.3957, -0.7705 -0.9843 3.43, -0.8085 -0.9526 3.3936, -0.8084 -0.9525 3.4283, -0.826 -0.9382 3.3928, -0.8354 -0.9298 3.4271, -0.8487 -0.9168 3.3917, -0.8386 -0.9268 3.4269, -0.8876 -0.8801 3.3898, -1.0466 -0.6828 3.4152, -1.0308 -0.706 3.3816, -1.0046 -0.7439 3.418, -0.9978 -0.7529 3.3837, -0.8963 -0.8713 3.4241, -0.897 -0.8705 3.424, -0.9374 -0.8264 3.3871, -0.9372 -0.8263 3.4219, -0.9456 -0.8175 3.3867, -0.952 -0.81 3.4211, -0.9465 -0.8164 3.3867, -0.953 -0.8089 3.421, -1.0031 -0.7457 3.4181, -1.0501 -0.6778 3.415, -1.0469 -0.683 3.3805, -1.0463 -0.6839 3.3806, -1.053 -0.6736 3.4148, -1.0925 -0.6069 3.412, -1.0901 -0.6118 3.3774, -1.0962 -0.6007 3.4117, -1.1027 -0.5874 3.3764, -1.1302 -0.5334 3.4089, -1.129 -0.5365 3.3743, -1.134 -0.525 3.3738, -1.1342 -0.5254 3.4086, -1.1343 -0.5251 3.4086, -1.1611 -0.4625 3.3713, -1.1628 -0.4577 3.4059, -1.163 -0.4582 3.3712, -1.1671 -0.4477 3.4055, -1.1903 -0.3805 3.4029, -1.1908 -0.38 3.3681, -1.1942 -0.3692 3.4025, -1.1976 -0.3561 3.3672, -1.1978 -0.3562 3.402, -1.2042 -0.3325 3.3664, -1.2138 -0.2988 3.3651, -1.1942 0.3692 3.342, -1.1978 0.3562 3.3425, -1.1976 0.3561 3.3772, -1.2014 0.3429 3.343, -1.2062 0.3256 3.3783, -1.2166 0.2869 3.345, -1.2125 -0.3022 3.4, -1.2166 -0.2868 3.3994, -1.2312 -0.2162 3.3621, -1.2294 -0.2233 3.3971, -1.2335 -0.1997 3.3616, -1.2333 -0.2038 3.3964, -1.2363 -0.1799 3.3609, -1.2364 -0.1799 3.3956, -1.243 -0.1323 3.3592, -1.2442 -0.1201 3.3936, -1.2477 -0.0662 3.357, -1.2476 -0.0663 3.3918, -1.2491 -0.0472 3.3564, -1.2495 -0.0359 3.3908, -1.2493 0.0 3.3549, -1.2493 -0.0 3.3896, -1.2495 0.0359 3.3537, -1.2491 0.0472 3.388, -1.2474 0.0693 3.3526, -1.2461 0.0896 3.3866, -1.2442 0.1201 3.3509, -1.243 0.1324 3.3852, -1.2364 0.1799 3.3488, -1.2363 0.1799 3.3836, -1.2333 0.2038 3.348, -1.2312 0.2163 3.3823, -1.2328 0.206 3.3479, -1.2247 0.2468 3.3812, -1.2138 0.2988 3.3793, -1.1908 0.38 3.3763, -1.1824 0.4036 3.3754, -1.1671 0.4477 3.339, -1.163 0.4582 3.3733, -1.1559 0.4742 3.3379, -1.1534 0.4804 3.3724, -1.1343 0.5251 3.3359, -1.134 0.525 3.3706, -1.1342 0.5254 3.3359, -1.129 0.5365 3.3701, -1.1192 0.5554 3.3693, -1.0966 0.5999 3.3328, -1.0901 0.6118 3.367, -1.0962 0.6007 3.3327, -1.0801 0.6282 3.3663, -1.053 0.6736 3.3296, -1.0469 0.683 3.3639, -1.0466 0.6828 3.3292, -1.0463 0.6839 3.3639, -1.0231 0.717 3.3277, -1.0362 0.6982 3.3632, -1.0046 0.7439 3.3265, -0.9978 0.7529 3.3608, -0.988 0.7651 3.3602, -0.953 0.8089 3.3234, -0.9456 0.8175 3.3577, -0.9386 0.8247 3.3226, -0.9374 0.8264 3.3573, -0.9372 0.8263 3.3226, -0.9357 0.8282 3.3572, -0.8963 0.8713 3.3204, -0.8876 0.8801 3.3546, -0.8831 0.884 3.3197, -0.8797 0.8876 3.3543, -0.8354 0.9298 3.3174, -0.826 0.9382 3.3516, -0.8205 0.9427 3.3514, -0.8084 0.9525 3.3161, -0.8085 0.9526 3.3508, -0.7818 0.9748 3.3149, -0.7608 0.9918 3.3487, -0.7705 0.9843 3.3144, -0.6947 1.0391 3.346, -0.7015 1.0346 3.3115, -0.6922 1.0409 3.3459, -0.6734 1.0531 3.3104, -0.6628 1.059 3.3447, -0.6729 1.0534 3.3104, -0.663 1.0593 3.31, -0.5544 1.1196 3.3059, -0.546 1.1245 3.3403, -0.5254 1.1342 3.3049, -0.5033 1.1434 3.3388, -0.5034 1.1435 3.304, -0.6007 1.0962 3.3076, -0.6214 1.0846 3.3431, -0.5597 1.1172 3.3409, -0.3335 1.2041 3.3325, -0.3336 1.2046 3.2978, -0.3346 1.2044 3.2978, -0.4474 1.1672 3.302, -0.4685 1.1589 3.3375, -0.4258 1.1746 3.3012, -0.4139 1.1788 3.3355, -0.3669 1.1949 3.299, -0.3893 1.1878 3.3345, -0.3369 1.2031 3.3326, -0.2941 1.2142 3.2963, -0.3083 1.2114 3.3316, -0.2525 1.2242 3.2948, 0.0 1.25 3.3201, 0.0 1.25 3.2854, -0.0127 1.2497 3.3206, -0.0189 1.2494 3.2861, -0.0591 1.2486 3.3223, -0.0851 1.2471 3.2886, -0.2578 1.2225 3.3297, -0.2272 1.2292 3.3285, -0.1693 1.2385 3.2917, -0.177 1.2367 3.3267, -0.1575 1.2397 3.2912, -0.1566 1.2398 3.3259, -0.1566 1.2398 3.2912, -0.1434 1.2417 3.3254, -0.0952 1.2457 3.3237, 0.6214 1.0846 3.2624, 0.5795 1.1067 3.264, 0.6007 1.0962 3.2979, 1.2495 0.0359 3.2519, 1.2493 -0.0118 3.2503, 1.2494 -0.0118 3.2156, 1.2495 -0.0359 3.2148, 0.0851 -1.2471 3.1497, 0.0591 -1.2486 3.1834, 0.0126 -1.2496 3.147, 0.0 -1.25 3.1812, 0.0 -1.25 3.1465, 0.1556 -1.2399 3.187, 0.1449 -1.2415 3.1866, 0.1512 -1.2403 3.1521, 0.1434 -1.2417 3.1866, 0.0626 -1.2483 3.1836, 0.1556 -1.2399 3.1523, 0.1693 -1.2385 3.1528, 0.2262 -1.2293 3.1896, 0.2525 -1.2242 3.1559, 0.3314 -1.2047 3.1935, 0.3083 -1.2114 3.1927, 0.2879 -1.2157 3.1572, 0.306 -1.2119 3.1926, 0.2272 -1.2292 3.1897, 0.3315 -1.2051 3.1588, 0.3346 -1.2044 3.1589, 0.3893 -1.1878 3.1957, 0.3669 -1.1949 3.1601, 0.4225 -1.1758 3.1622, 0.4594 -1.1622 3.1983, 0.4474 -1.1672 3.1631, 0.4685 -1.1589 3.1986, 0.5004 -1.1447 3.1998, 0.5004 -1.1448 3.165, 0.546 -1.1245 3.2015, 0.5254 -1.1342 3.166, 0.5509 -1.1213 3.1669, 0.6015 -1.0951 3.2035, 0.6007 -1.0962 3.1688, 0.6214 -1.0846 3.2043, 0.6051 -1.0936 3.1689, 0.6591 -1.0613 3.2057, 0.6593 -1.0615 3.171, 0.6734 -1.0531 3.1715, 0.6922 -1.0409 3.207, 0.7015 -1.0346 3.1726, 0.7333 -1.0115 3.2087, 0.7193 -1.0217 3.1734, 0.7608 -0.9918 3.2098, 0.7705 -0.9843 3.1755, 0.8043 -0.956 3.2118, 0.8043 -0.956 3.1771, 0.826 -0.9382 3.2127, 0.8251 -0.9385 3.178, 0.8564 -0.9096 3.2142, 0.8354 -0.9298 3.1785, 0.8876 -0.8801 3.2157, 0.8963 -0.8713 3.1815, 0.9137 -0.8519 3.2171, 0.9223 -0.8427 3.1829, 0.933 -0.8311 3.2182, 0.9329 -0.831 3.1834, 0.9456 -0.8175 3.2188, 0.953 -0.8089 3.1845, 1.053 -0.6736 3.1907, 1.0841 -0.6212 3.193, 1.0901 -0.6118 3.2281, 1.0962 -0.6007 3.1939, 1.1042 -0.5844 3.2292, 1.0631 -0.6561 3.2262, 1.0463 -0.6839 3.225, 1.0424 -0.689 3.19, 1.0426 -0.6891 3.2247, 1.0093 -0.737 3.1879, 1.0175 -0.7249 3.2231, 1.0046 -0.7439 3.1876, 0.9978 -0.7529 3.2219, 0.9676 -0.7903 3.2201, 1.129 -0.5365 3.2312, 1.1305 -0.5328 3.1967, 1.1306 -0.5328 3.2314, 1.1342 -0.5254 3.197, 1.1404 -0.5103 3.2323, 1.1459 -0.4978 3.1981, 1.163 -0.4582 3.2344, 1.1671 -0.4477 3.2001, 1.1716 -0.4342 3.2353, 1.1908 -0.38 3.2374, 1.1942 -0.3692 3.2031, 1.195 -0.3654 3.238, 1.1946 -0.3677 3.2031, 1.1952 -0.3655 3.2032, 1.1975 -0.3566 3.2383, 1.2166 -0.2869 3.2062, 1.2138 -0.2988 3.2404, 1.2312 -0.2163 3.2434, 1.2278 -0.2312 3.2081, 1.2336 -0.1991 3.244, 1.2333 -0.2038 3.2091, 1.2348 -0.1905 3.2443, 1.235 -0.1906 3.2096, 1.243 -0.1324 3.2463, 1.2442 -0.1201 3.212, 1.2459 -0.0924 3.2129, 1.2491 -0.0472 3.2491, 1.2491 -0.0424 3.2493, 1.2491 0.0442 3.2174, 1.2491 0.0472 3.2175, 1.2446 0.1136 3.2544, 1.2439 0.1199 3.2199, 1.2442 0.1201 3.2547, 1.243 0.1323 3.2203, 1.2381 0.1672 3.2563, 1.2381 0.1672 3.2216, 1.2333 0.2038 3.2575, 1.2312 0.2162 3.2233, 1.2198 0.2711 3.2599, 1.2234 0.253 3.2246, 1.2166 0.2868 3.2605, 1.2138 0.2988 3.2262, 1.2014 0.3427 3.2626, 1.2014 0.3427 3.2279, 1.1996 0.3497 3.2628, 1.1908 0.38 3.2292, 1.1942 0.3692 3.2636, 1.189 0.3852 3.2295, 1.1741 0.4273 3.2658, 1.163 0.4582 3.2323, 1.0901 0.6118 3.2386, 1.1077 0.578 3.2719, 1.129 0.5365 3.2354, 1.1342 0.5254 3.2697, 1.1393 0.5128 3.2345, 1.1402 0.5113 3.2691, 1.14 0.5112 3.2344, 1.1434 0.5036 3.2688, 1.1671 0.4477 3.2666, 0.9488 0.8136 3.2476, 0.9722 0.7847 3.281, 0.9978 0.7529 3.2448, 1.0046 0.7439 3.2791, 0.9991 0.7511 3.2447, 1.0217 0.7189 3.278, 1.0463 0.6839 3.2417, 1.053 0.6736 3.2759, 1.0552 0.6692 3.241, 1.0555 0.6694 3.2758, 1.0758 0.6353 3.2396, 1.067 0.6499 3.2749, 1.0962 0.6007 3.2728, 0.8616 0.9046 3.2869, 0.8963 0.8713 3.2852, 0.8876 0.8801 3.2509, 0.9097 0.8563 3.2497, 0.9187 0.8466 3.284, 0.9456 0.8175 3.2478, 0.9487 0.8136 3.2824, 0.953 0.8089 3.2821, 0.8354 0.9298 3.2882, 0.826 0.9382 3.2539, 0.8223 0.9408 3.2888, 0.8225 0.9411 3.2541, 0.8015 0.9583 3.2897, 0.8079 0.9531 3.2547, 0.7705 0.9843 3.2911, 0.5382 1.1278 3.3002, 0.546 1.1245 3.2652, 0.5254 1.1342 3.3007, 0.5219 1.1351 3.2661, 0.5221 1.1356 3.3008, 0.7608 0.9918 3.2568, 0.6965 1.0378 3.2595, 0.7016 1.0346 3.294, 0.6922 1.0409 3.2597, 0.6794 1.0492 3.2949, 0.6792 1.0489 3.2602, 0.6747 1.0523 3.2951, 0.6734 1.0531 3.2951, 0.354 1.1981 3.2723, 0.3542 1.1987 3.307, 0.3669 1.1949 3.3065, 0.3866 1.1886 3.2711, 0.3906 1.1868 3.3057, 0.3893 1.1878 3.271, 0.4474 1.1672 3.3036, 0.4565 1.1633 3.2685, 0.4686 1.1589 3.2681, 0.1521 1.2402 3.3145, 0.1693 1.2385 3.3139, 0.1788 1.2364 3.2788, 0.1789 1.2368 3.3135, 0.2272 1.2292 3.277, 0.2332 1.2275 3.3115, 0.2544 1.2232 3.276, 0.2525 1.2242 3.3108, 0.3083 1.2114 3.274, 0.3129 1.2096 3.3085, 0.3346 1.2044 3.3077, 0.1434 1.2417 3.2801, 0.1191 1.2437 3.281, 0.0851 1.2471 3.317, 0.0591 1.2486 3.2832, 0.07 1.2476 3.3175, -0.02 -1.2493 3.1805, -0.0591 -1.2486 3.1443, -0.0851 -1.2471 3.1781, -0.1137 -1.2442 3.1423, -0.1025 -1.2453 3.1774, -0.1434 -1.2417 3.1412, -0.1566 -1.2398 3.1754, -0.1566 -1.2398 3.1407, -0.1693 -1.2385 3.175, -0.1843 -1.2359 3.1744, -0.2272 -1.2292 3.1381, -0.2525 -1.2242 3.1719, -0.2492 -1.2243 3.1373, -0.2649 -1.2212 3.1714, -0.3083 -1.2114 3.1351, -0.3336 -1.2046 3.1689, -0.3335 -1.2041 3.1342, -0.3346 -1.2044 3.1689, -0.344 -1.2016 3.1685, -0.3815 -1.1901 3.1324, -0.3669 -1.1949 3.1676, -0.3893 -1.1878 3.1321, -0.4686 -1.1589 3.1292, -0.4474 -1.1672 3.1647, -0.5033 -1.1434 3.1279, -0.4948 -1.1472 3.1629, -0.5034 -1.1435 3.1626, -0.5074 -1.1416 3.1277, -0.5254 -1.1342 3.1618, -0.546 -1.1245 3.1263, -0.6214 -1.0846 3.1235, -0.6007 -1.0962 3.159, -0.6276 -1.0808 3.1233, -0.6341 -1.0764 3.1577, -0.6628 -1.059 3.1219, -0.9978 -0.7529 3.1059, -1.0046 -0.7439 3.1402, -1.0309 -0.7059 3.1038, -1.0402 -0.6921 3.1379, -1.0463 -0.6839 3.1028, -1.0466 -0.6828 3.1375, -1.0469 -0.683 3.1027, -0.663 -1.0593 3.1566, -0.6734 -1.0531 3.1562, -0.6922 -1.0409 3.1208, -0.7016 -1.0346 3.1551, -0.7421 -1.0052 3.1187, -0.7642 -0.9889 3.1525, -0.7608 -0.9918 3.118, -0.7705 -0.9843 3.1522, -0.8085 -0.9526 3.1158, -0.8084 -0.9525 3.1505, -0.826 -0.9382 3.115, -0.8354 -0.9298 3.1493, -0.8488 -0.9167 3.1139, -0.8848 -0.8824 3.1469, -0.8876 -0.8801 3.112, -0.8963 -0.8713 3.1463, -0.9374 -0.8264 3.1094, -0.9372 -0.8263 3.1441, -0.9456 -0.8175 3.1089, -0.9404 -0.8227 3.1439, -0.9466 -0.8163 3.1089, -0.953 -0.8089 3.1432, -0.9924 -0.7592 3.1409, -1.053 -0.6736 3.1371, -1.0837 -0.6218 3.1348, -1.0901 -0.6118 3.0997, -1.0962 -0.6007 3.1339, -1.1027 -0.5873 3.0986, -1.129 -0.5365 3.0965, -1.1224 -0.5488 3.1318, -1.134 -0.525 3.0961, -1.1342 -0.5254 3.1308, -1.1343 -0.5251 3.1308, -1.161 -0.4628 3.0936, -1.1561 -0.4736 3.1287, -1.163 -0.4582 3.0934, -1.1671 -0.4477 3.1277, -1.1847 -0.3967 3.1257, -1.1908 -0.38 3.0904, -1.1942 -0.3692 3.1247, -1.1976 -0.3561 3.0895, -1.1978 -0.3562 3.1242, -1.2044 -0.332 3.0886, -1.208 -0.3186 3.1228, -1.2138 -0.2988 3.0873, -1.2166 -0.2868 3.1216, -1.2312 -0.2162 3.0844, -1.2333 -0.2038 3.1186, -1.2336 -0.1992 3.0838, -1.2363 -0.1799 3.0831, -1.2364 0.1799 3.0711, -1.2442 0.1201 3.0731, -1.243 0.1324 3.1074, -1.2491 0.0472 3.1103, -1.2364 -0.1799 3.1178, -1.2389 -0.161 3.1172, -1.243 -0.1323 3.0815, -1.2442 -0.1201 3.1158, -1.2478 -0.0658 3.0792, -1.2495 -0.0359 3.113, -1.2491 -0.0472 3.0786, -1.2493 -0.0047 3.112, -1.2493 0.0 3.0771, -1.2493 -0.0 3.1118, -1.2495 0.0359 3.0759, -1.2474 0.0697 3.0748, -1.2403 0.1515 3.1068, -1.2363 0.1799 3.1058, -1.2333 0.2038 3.0702, -1.2312 0.2163 3.1045, -1.2323 0.2088 3.0701, -1.2138 0.2988 3.1015, -1.2166 0.2869 3.0673, -1.2108 0.3092 3.1012, -1.2014 0.343 3.0652, -1.1976 0.3561 3.0994, -1.1978 0.3562 3.0647, -1.1942 0.3692 3.0642, -1.1908 0.38 3.0985, -1.1882 0.3875 3.0982, -1.1671 0.4477 3.0612, -1.163 0.4582 3.0955, -1.1558 0.4743 3.0601, -1.1602 0.4646 3.0952, -1.1343 0.5251 3.0581, -1.134 0.525 3.0928, -1.1342 0.5254 3.0581, -1.129 0.5365 3.0923, -1.1272 0.5401 3.0922, -1.0966 0.6 3.055, -1.0901 0.6118 3.0892, -1.0962 0.6007 3.055, -1.0891 0.6134 3.0891, -1.053 0.6736 3.0518, -1.0469 0.683 3.0861, -1.0466 0.6828 3.0514, -1.0463 0.6839 3.0861, -1.0231 0.717 3.0499, -1.0462 0.6841 3.0861, -1.0046 0.7439 3.0487, -0.9988 0.7516 3.083, -0.9978 0.7529 3.083, -0.9472 0.8155 3.08, -0.953 0.8089 3.0456, -0.9456 0.8175 3.0799, -0.9385 0.8248 3.0449, -0.9374 0.8264 3.0795, -0.9372 0.8263 3.0448, -0.8918 0.8756 3.0771, -0.8963 0.8713 3.0426, -0.8876 0.8801 3.0769, -0.843 0.9225 3.04, -0.826 0.9382 3.0738, -0.6628 1.059 3.067, -0.6734 1.0531 3.0326, -0.6922 1.0409 3.0681, -0.7015 1.0346 3.0337, -0.7608 0.9918 3.0709, -0.7705 0.9843 3.0366, -0.7717 0.9829 3.0714, -0.7773 0.9786 3.0369, -0.8085 0.9526 3.0731, -0.8084 0.9525 3.0384, -0.8354 0.9298 3.0396, -0.1566 1.2398 3.0482, -0.1566 1.2398 3.0134, -0.1693 1.2385 3.0139, -0.1941 1.2341 3.0495, -0.2272 1.2292 3.0508, -0.2525 1.2242 3.017, -0.2745 1.2188 3.0525, -0.2844 1.2165 3.0182, -0.3083 1.2114 3.0538, -0.3336 1.2046 3.02, -0.3335 1.2041 3.0547, -0.3346 1.2044 3.02, -0.3532 1.1983 3.0554, -0.3669 1.1949 3.0212, -0.3893 1.1878 3.0568, -0.4191 1.1769 3.0232, -0.4685 1.1589 3.0597, -0.4474 1.1672 3.0242, -0.5033 1.1434 3.061, -0.5034 1.1435 3.0263, -0.5035 1.1433 3.061, -0.5254 1.1342 3.0271, -0.546 1.1245 3.0626, -0.5482 1.1227 3.0279, -0.6214 1.0846 3.0654, -0.6007 1.0962 3.0299, -0.6423 1.0717 3.0662, -0.663 1.0593 3.0322, -0.667 1.0569 3.0324, 0.0 1.25 3.0424, 0.0 1.25 3.0076, -0.03 1.2493 3.0435, -0.0091 1.2497 3.008, -0.0591 1.2486 3.0445, -0.0851 1.2471 3.0108, -0.1477 1.2407 3.0131, -0.1434 1.2417 3.0477, -0.1124 1.2443 3.0465, 0.0 -1.25 2.9035, 0.0 -1.25 2.8687, 0.0591 -1.2486 2.9057, 0.0797 -1.2473 2.8717, 0.0799 -1.2469 2.9064, 0.0851 -1.2471 2.8719, 0.1434 -1.2417 2.9088, 0.1556 -1.2399 2.8745, 0.3314 -1.2047 2.9157, 0.3224 -1.2073 2.9154, 0.3315 -1.2051 2.881, 0.3083 -1.2114 2.9149, 0.2525 -1.2242 2.8781, 0.243 -1.2257 2.9125, 0.2175 -1.2302 2.8768, 0.2272 -1.2292 2.9119, 0.1693 -1.2385 2.875, 0.162 -1.239 2.9095, 0.1556 -1.2399 2.9092, 0.3346 -1.2044 2.8811, 0.3538 -1.1988 2.8819, 0.3893 -1.1878 2.9179, 0.3669 -1.1949 2.8823, 0.3999 -1.1839 2.9183, 0.4685 -1.1589 2.9208, 0.4474 -1.1672 2.8853, 0.5004 -1.1447 2.922, 0.4857 -1.151 2.8867, 0.5004 -1.1448 2.8873, 0.546 -1.1245 2.9237, 0.5254 -1.1342 2.8882, 0.5469 -1.124 2.9237, 0.6214 -1.0846 2.9265, 0.6007 -1.0962 2.891, 0.6096 -1.0909 2.8913, 0.6591 -1.0613 2.9279, 0.6593 -1.0615 2.8932, 0.6824 -1.0469 2.9288, 0.6734 -1.0531 2.8937, 0.6922 -1.0409 2.9292, 0.7015 -1.0346 2.8949, 0.7235 -1.0186 2.8958, 0.7608 -0.9918 2.932, 0.7705 -0.9843 2.8977, 0.8043 -0.956 2.934, 0.8043 -0.956 2.8993, 0.809 -0.9522 2.9342, 0.8291 -0.9351 2.9004, 0.826 -0.9382 2.935, 0.8354 -0.9298 2.9007, 0.8688 -0.8979 2.937, 0.8963 -0.8713 2.9037, 1.0424 -0.689 2.9122, 1.0274 -0.7108 2.946, 1.0127 -0.7321 2.9103, 0.9978 -0.7529 2.9441, 1.0046 -0.7439 2.9098, 0.9784 -0.7769 2.943, 0.953 -0.8089 2.9067, 0.9456 -0.8175 2.9411, 0.9329 -0.831 2.9057, 0.933 -0.8311 2.9404, 0.9263 -0.8383 2.9053, 0.9254 -0.8394 2.94, 0.8876 -0.8801 2.938, 1.0962 -0.6007 2.9161, 1.0901 -0.6118 2.9503, 1.0871 -0.616 2.9154, 1.0721 -0.6413 2.949, 1.053 -0.6736 2.9129, 1.0463 -0.6839 2.9472, 1.0426 -0.6891 2.947, 1.1671 -0.4477 2.9223, 1.163 -0.4582 2.9566, 1.1486 -0.4914 2.9205, 1.1473 -0.4944 2.9552, 1.1342 -0.5254 2.9192, 1.1306 -0.5328 2.9536, 1.1305 -0.5328 2.9189, 1.129 -0.5365 2.9535, 1.1122 -0.569 2.9521, 1.2312 -0.2163 2.9656, 1.2216 -0.2615 2.964, 1.2166 -0.2869 2.9284, 1.2138 -0.2988 2.9627, 1.1965 -0.361 2.9256, 1.2021 -0.3401 2.9611, 1.1952 -0.3655 2.9255, 1.195 -0.3654 2.9602, 1.1942 -0.3692 2.9253, 1.1908 -0.38 2.9596, 1.1773 -0.418 2.9582, 1.2291 -0.2244 2.9306, 1.2333 -0.2038 2.9314, 1.2348 -0.1905 2.9665, 1.235 -0.1906 2.9318, 1.243 -0.1324 2.9685, 1.2442 -0.1201 2.9342, 1.245 -0.1041 2.9695, 1.2464 -0.0855 2.9354, 1.2491 -0.0472 2.9714, 1.2495 -0.0359 2.937, 1.2493 -0.0118 2.9725, 1.2494 -0.0118 2.9378, 1.2495 0.0359 2.9741, 1.2491 0.0472 2.9397, 1.2485 0.0518 2.9746, 1.2487 0.0528 2.9399, 1.2442 0.1201 2.9769, 1.243 0.1323 2.9426, 1.2381 0.1672 2.9785, 1.2014 0.3427 2.9848, 1.2166 0.2868 2.9827, 1.2138 0.2988 2.9484, 1.2323 0.2087 2.9799, 1.2312 0.2162 2.9455, 1.2333 0.2038 2.9797, 1.2354 0.1864 2.9444, 1.2381 0.1672 2.9438, 1.208 0.3194 2.9492, 1.2014 0.3427 2.9501, 1.1951 0.3662 2.9857, 1.1908 0.38 2.9515, 1.129 0.5365 2.9576, 1.1367 0.5195 2.9917, 1.14 0.5112 2.9566, 1.1402 0.5113 2.9913, 1.163 0.4582 2.9545, 1.1671 0.4477 2.9888, 1.166 0.4498 2.9542, 1.1685 0.4436 2.9887, 1.1942 0.3692 2.9858, 1.053 0.6736 2.9982, 1.0555 0.6694 2.998, 1.0552 0.6692 2.9633, 1.0582 0.6648 2.9978, 1.0901 0.6118 2.9608, 1.0962 0.6007 2.995, 1.1092 0.5748 2.9592, 1.0999 0.5934 2.9947, 1.1342 0.5254 2.9919, 0.9978 0.7529 2.967, 1.0119 0.7332 3.0008, 1.039 0.6944 2.9644, 1.0463 0.6839 2.9639, 0.9487 0.8136 3.0046, 0.953 0.8089 3.0044, 0.9554 0.8054 2.9695, 0.9615 0.7982 3.0039, 1.0046 0.7439 3.0013, 0.9488 0.8136 2.9699, 0.9456 0.8175 2.97, 0.9072 0.8593 3.0068, 0.8876 0.8801 2.9731, 0.8963 0.8713 3.0074, 0.8494 0.9164 3.0097, 0.8608 0.9054 2.9744, 0.8354 0.9298 3.0104, 0.826 0.9382 2.9761, 0.8223 0.9408 3.011, 0.8225 0.9411 2.9763, 0.7705 0.9843 3.0134, 0.7608 0.9918 2.9791, 0.7542 0.9965 2.9793, 0.5254 1.1342 3.0229, 0.5933 1.0999 3.0204, 0.6214 1.0846 2.9846, 0.6007 1.0962 3.0201, 0.6398 1.0732 2.9839, 0.6734 1.0531 3.0174, 0.6792 1.0489 2.9824, 0.6794 1.0492 3.0171, 0.6922 1.0409 2.9819, 0.7016 1.0346 3.0162, 0.7256 1.0171 3.0152, 0.4686 1.1589 2.9903, 0.3952 1.1857 2.993, 0.3669 1.1949 3.0288, 0.3893 1.1878 2.9932, 0.354 1.1981 2.9945, 0.3542 1.1987 3.0292, 0.4474 1.1672 3.0258, 0.4505 1.1659 3.0257, 0.5203 1.1359 2.9884, 0.5221 1.1356 3.023, 0.5219 1.1351 2.9883, 0.546 1.1245 2.9874, 0.0526 1.2482 3.0404, 0.0591 1.2486 3.0054, 0.0851 1.2471 3.0392, 0.1282 1.243 3.0029, 0.1349 1.242 3.0374, 0.1434 1.2417 3.0023, 0.1693 1.2385 3.0361, 0.1788 1.2364 3.001, 0.1789 1.2368 3.0357, 0.2272 1.2292 2.9992, 0.2163 1.2304 3.0343, 0.2634 1.2212 2.9979, 0.2525 1.2242 3.033, 0.3083 1.2114 2.9962, 0.2963 1.2136 3.0314, 0.3346 1.2044 3.03, -1.1342 0.5254 2.7803, -1.1343 0.5251 2.7803, -1.134 0.525 2.815, -1.2333 0.2038 2.7925, -1.2364 0.1799 2.7933, -1.2363 0.1799 2.828, -0.0851 -1.2471 2.9003, -0.058 -1.2486 2.8666, -0.0027 -1.2499 2.9034, -0.1566 -1.2398 2.8977, -0.1566 -1.2398 2.8629, -0.0853 -1.2471 2.9003, -0.1434 -1.2417 2.8634, -0.0591 -1.2486 2.8666, -0.1673 -1.2387 2.8973, -0.1693 -1.2385 2.8972, -0.1946 -1.2341 2.8615, -0.2272 -1.2292 2.8603, -0.2482 -1.225 2.8943, -0.2525 -1.2242 2.8941, -0.3083 -1.2114 2.8573, -0.3276 -1.2061 2.8913, -0.3285 -1.2055 2.8566, -0.3335 -1.2041 2.8564, -0.3336 -1.2046 2.8911, -0.3346 -1.2044 2.8911, -0.3893 -1.1878 2.8543, -0.3669 -1.1949 2.8899, -0.4047 -1.1819 2.8885, -0.4575 -1.1629 2.8518, -0.4474 -1.1672 2.8869, -0.4686 -1.1589 2.8514, -0.5033 -1.1434 2.8501, -0.5034 -1.1435 2.8848, -0.5254 -1.1342 2.884, -0.546 -1.1245 2.8485, -0.5512 -1.1212 2.8831, -0.5794 -1.1068 2.8473, -0.6007 -1.0962 2.8812, -0.6214 -1.0846 2.8457, -0.6628 -1.059 2.8441, -0.663 -1.0593 2.8789, -0.6734 -1.0531 2.8785, -0.6922 -1.0409 2.843, -0.6868 -1.0443 2.8779, -0.6964 -1.0378 2.8428, -0.7016 -1.0346 2.8774, -0.7608 -0.9918 2.8402, -0.7705 -0.9843 2.8745, -0.8079 -0.9531 2.8381, -0.8084 -0.9525 2.8727, -0.8085 -0.9526 2.838, -0.8129 -0.9487 2.8725, -0.826 -0.9382 2.8373, -0.8354 -0.9298 2.8715, -0.8876 -0.8801 2.8342, -0.9981 -0.7526 2.8281, -0.9978 -0.7529 2.8281, -1.0046 -0.7439 2.8624, -1.0463 -0.6839 2.825, -0.8725 -0.8942 2.8697, -0.8963 -0.8713 2.8685, -0.9079 -0.8582 2.8332, -0.9289 -0.8354 2.8668, -0.9374 -0.8264 2.8316, -0.9372 -0.8263 2.8663, -0.9456 -0.8175 2.8312, -0.953 -0.8089 2.8655, -0.9817 -0.7727 2.8638, -1.0304 -0.7063 2.8607, -1.0466 -0.6828 2.8597, -1.0469 -0.683 2.825, -1.053 -0.6736 2.8593, -1.0749 -0.6368 2.823, -1.0748 -0.6367 2.8577, -1.0901 -0.6118 2.8219, -1.0962 -0.6007 2.8561, -1.129 -0.5365 2.8188, -1.1146 -0.5643 2.8546, -1.134 -0.525 2.8183, -1.1342 -0.5254 2.853, -1.1343 -0.5251 2.853, -1.1386 -0.5144 2.8179, -1.1494 -0.4895 2.8516, -1.163 -0.4582 2.8156, -1.1671 -0.4477 2.8499, -1.1884 -0.3868 2.8128, -1.1791 -0.413 2.8486, -1.1908 -0.38 2.8126, -1.1942 -0.3692 2.8469, -1.1976 -0.3561 2.8117, -1.243 0.1324 2.8296, -1.1978 -0.3562 2.8464, -1.2035 -0.3351 2.8456, -1.2138 -0.2988 2.8096, -1.2166 -0.2868 2.8438, -1.223 -0.2548 2.808, -1.2227 -0.2564 2.8427, -1.2312 -0.2162 2.8066, -1.2333 -0.2038 2.8409, -1.2363 -0.1799 2.8053, -1.2364 -0.1799 2.84, -1.243 -0.1323 2.8037, -1.2442 -0.1201 2.838, -1.2437 -0.1217 2.8033, -1.2455 -0.099 2.8373, -1.2491 -0.0472 2.8008, -1.2495 -0.0359 2.8352, -1.2493 0.0 2.7993, -1.2493 -0.0 2.834, -1.2494 0.0153 2.7988, -1.2491 0.0472 2.8325, -1.2495 0.0359 2.7981, -1.2484 0.0569 2.8322, -1.2442 0.1201 2.7953, -1.24 0.1525 2.7942, -1.1942 0.3692 2.7864, -1.1908 0.38 2.8207, -1.1751 0.4245 2.7843, -1.1664 0.4485 2.8181, -1.1671 0.4477 2.7834, -1.163 0.4582 2.8177, -1.1343 0.5243 2.8151, -1.2315 0.2138 2.8268, -1.2312 0.2163 2.8267, -1.2166 0.2869 2.7895, -1.215 0.2927 2.824, -1.2156 0.2906 2.7893, -1.2138 0.2988 2.8238, -1.1978 0.3562 2.7869, -1.1976 0.3561 2.8216, -1.1933 0.3711 2.8211, -1.0552 0.6693 2.8089, -1.0469 0.683 2.8084, -1.0466 0.6828 2.7736, -1.053 0.6736 2.774, -1.0531 0.6734 2.7741, -1.0901 0.6118 2.8114, -1.0962 0.6007 2.7772, -1.1206 0.5523 2.7792, -1.129 0.5365 2.8146, -1.0972 0.5981 2.812, -1.0463 0.6839 2.8083, -1.0087 0.7374 2.8059, -1.0046 0.7439 2.7709, -0.9978 0.7529 2.8052, -0.9723 0.7845 2.769, -0.958 0.8022 2.8029, -0.953 0.8089 2.7679, -0.9456 0.8175 2.8022, -0.9372 0.8263 2.767, -0.9374 0.8264 2.8017, -0.9035 0.863 2.7999, -0.8963 0.8713 2.7648, -0.8876 0.8801 2.7991, -0.8801 0.8869 2.764, -0.8455 0.9198 2.797, -0.8354 0.9298 2.7618, -0.826 0.9382 2.7961, -0.8084 0.9525 2.7606, -0.8085 0.9526 2.7953, -0.7788 0.9773 2.7592, -0.7608 0.9918 2.7931, -0.7705 0.9843 2.7589, -0.7015 1.0346 2.756, -0.7214 1.02 2.7915, -0.6922 1.0409 2.7903, -0.6734 1.0531 2.7549, -0.6628 1.059 2.7892, -0.6007 1.0962 2.7521, -0.663 1.0593 2.7545, -0.6695 1.0554 2.7547, -0.6214 1.0846 2.7876, -0.5887 1.1019 2.7864, -0.5509 1.1214 2.7502, -0.546 1.1245 2.7848, -0.5254 1.1342 2.7493, -0.5033 1.1434 2.7832, -0.5034 1.1435 2.7485, -0.4474 1.1672 2.7464, -0.4685 1.1589 2.7819, -0.4455 1.1673 2.7811, -0.1536 1.2401 2.7355, -0.1566 1.2398 2.7357, -0.1566 1.2398 2.7704, -0.1693 1.2385 2.7361, -0.2111 1.2316 2.7724, -0.2525 1.2242 2.7392, -0.2272 1.2292 2.773, -0.2912 1.2151 2.7754, -0.2902 1.2151 2.7406, -0.3083 1.2114 2.776, -0.3336 1.2046 2.7422, -0.3335 1.2041 2.7769, -0.3346 1.2044 2.7422, -0.3893 1.1878 2.779, -0.3669 1.1949 2.7435, -0.422 1.1759 2.7455, 0.0 1.25 2.7646, 0.0 1.25 2.7299, -0.015 1.2495 2.7304, -0.1434 1.2417 2.7699, -0.1297 1.2429 2.7694, -0.0851 1.2471 2.733, -0.0591 1.2486 2.7668, -0.0473 1.2489 2.7663, 0.473 1.1569 2.7123, 0.4686 1.1589 2.7125, 0.4474 1.1672 2.748, 0.0 -1.25 2.6257, 0.0 -1.25 2.591, 0.0147 -1.2497 2.6262, 0.0622 -1.2479 2.5933, 0.179 -1.2364 2.6323, 0.1556 -1.2399 2.6314, 0.1556 -1.2399 2.5967, 0.1434 -1.2417 2.631, 0.0851 -1.2471 2.5941, 0.0972 -1.2455 2.6293, 0.0591 -1.2486 2.6279, 0.1693 -1.2385 2.5972, 0.2003 -1.2332 2.5984, 0.2272 -1.2292 2.6341, 0.2525 -1.2242 2.6003, 0.2597 -1.222 2.6353, 0.3083 -1.2114 2.6371, 0.3315 -1.2051 2.6032, 0.3314 -1.2047 2.638, 0.3346 -1.2044 2.6034, 0.3388 -1.2025 2.6382, 0.3367 -1.2038 2.6034, 0.3893 -1.1878 2.6401, 0.3669 -1.1949 2.6046, 0.4685 -1.1589 2.643, 0.4474 -1.1672 2.6075, 0.4673 -1.1588 2.6083, 0.4901 -1.1493 2.6438, 0.5004 -1.1448 2.6095, 0.5004 -1.1447 2.6442, 0.546 -1.1245 2.6459, 0.5254 -1.1342 2.6104, 0.6214 -1.0846 2.6487, 0.6922 -1.0409 2.6514, 0.7082 -1.0297 2.6174, 0.7603 -0.9922 2.6542, 0.7705 -0.9843 2.62, 0.7608 -0.9918 2.6543, 0.8043 -0.956 2.6562, 0.5929 -1.1001 2.6129, 0.6007 -1.0962 2.6132, 0.63 -1.0793 2.649, 0.6593 -1.0615 2.6154, 0.6591 -1.0613 2.6502, 0.6734 -1.0531 2.616, 0.7015 -1.0346 2.6171, 0.933 -0.8311 2.6626, 0.8876 -0.8801 2.6602, 0.8963 -0.8713 2.6259, 0.8812 -0.8862 2.6599, 0.8354 -0.9298 2.6229, 0.826 -0.9382 2.6572, 0.8145 -0.9474 2.622, 0.8043 -0.956 2.6215, 1.0424 -0.689 2.6345, 1.0374 -0.6966 2.6689, 1.0046 -0.7439 2.632, 0.9978 -0.7529 2.6663, 1.0016 -0.7476 2.6318, 0.9893 -0.7635 2.6658, 0.953 -0.8089 2.629, 0.9129 -0.8531 2.6268, 0.9329 -0.831 2.6279, 0.937 -0.8268 2.6628, 0.9456 -0.8175 2.6633, 1.1306 -0.5328 2.6758, 1.129 -0.5365 2.6757, 1.1305 -0.5328 2.6411, 1.1201 -0.5537 2.675, 1.0962 -0.6007 2.6383, 1.0901 -0.6118 2.6725, 1.0773 -0.6325 2.6369, 1.0811 -0.6265 2.6719, 1.053 -0.6736 2.6352, 1.0463 -0.6839 2.6694, 1.0426 -0.6891 2.6692, 1.1671 -0.4477 2.6445, 1.1542 -0.4786 2.678, 1.1411 -0.5092 2.6421, 1.1342 -0.5254 2.6414, 1.2312 -0.2163 2.6878, 1.2138 -0.2988 2.6849, 1.2166 -0.2869 2.6506, 1.2067 -0.3237 2.6839, 1.1952 -0.3655 2.6477, 1.195 -0.3654 2.6824, 1.1942 -0.3692 2.6475, 1.1908 -0.38 2.6818, 1.1907 -0.3795 2.6471, 1.1831 -0.4018 2.681, 1.163 -0.4582 2.6788, 1.2253 -0.2435 2.6522, 1.2333 -0.2038 2.6536, 1.2348 -0.1905 2.6887, 1.235 -0.1906 2.654, 1.2382 -0.166 2.6896, 1.243 -0.1324 2.6908, 1.1908 0.38 2.6737, 1.1765 0.4203 2.6753, 1.1671 0.4477 2.711, 1.163 0.4582 2.6767, 1.1621 0.4596 2.7115, 1.14 0.5112 2.6788, 1.1402 0.5113 2.7136, 1.2442 -0.1201 2.6564, 1.2445 -0.1152 2.6566, 1.2491 -0.0472 2.6936, 1.2495 -0.0359 2.6592, 1.2493 -0.0118 2.6948, 1.2494 -0.0118 2.66, 1.2493 -0.0097 2.6948, 1.2492 0.0212 2.6611, 1.2495 0.0359 2.6963, 1.2491 0.0472 2.662, 1.2442 0.1201 2.6991, 1.243 0.1323 2.6648, 1.2408 0.1464 2.7, 1.2397 0.1553 2.6656, 1.2381 0.1672 2.7007, 1.2381 0.1672 2.666, 1.2333 0.2038 2.702, 1.2312 0.2162 2.6677, 1.2166 0.2868 2.7049, 1.2159 0.2885 2.6703, 1.212 0.3041 2.7056, 1.2138 0.2988 2.6707, 1.2014 0.3427 2.707, 1.2014 0.3427 2.6723, 1.1942 0.3692 2.708, 1.1897 0.3824 2.7085, 1.1342 0.5254 2.7141, 1.129 0.5365 2.6799, 1.1293 0.5352 2.7145, 1.1237 0.5468 2.6803, 1.0962 0.6007 2.7172, 1.0901 0.6118 2.683, 1.0915 0.6086 2.7176, 1.0561 0.6677 2.6854, 1.0555 0.6694 2.7202, 1.0552 0.6692 2.6855, 1.053 0.6736 2.7204, 1.0463 0.6839 2.6861, 1.0489 0.6795 2.7206, 1.0046 0.7439 2.7235, 0.9978 0.7529 2.6892, 1.0019 0.7472 2.7237, 0.953 0.8089 2.7266, 0.9753 0.7807 2.6905, 0.9506 0.8115 2.7267, 0.9488 0.8136 2.6921, 0.9487 0.8136 2.7268, 0.9456 0.8175 2.6923, 0.8963 0.8713 2.7296, 0.8876 0.8801 2.6954, 0.8956 0.8719 2.7297, 0.8831 0.8844 2.6956, 0.8354 0.9298 2.7326, 0.826 0.9382 2.6984, 0.8223 0.9408 2.7332, 0.5219 1.1351 2.7105, 0.5221 1.1356 2.7453, 0.5254 1.1342 2.7451, 0.546 1.1245 2.7096, 0.5943 1.0989 2.7078, 0.6007 1.0962 2.7423, 0.6214 1.0846 2.7068, 0.6466 1.069 2.7406, 0.6792 1.0489 2.7046, 0.8225 0.9411 2.6985, 0.8211 0.9422 2.6986, 0.7758 0.9798 2.7353, 0.7608 0.9918 2.7013, 0.7705 0.9843 2.7356, 0.7103 1.0279 2.7034, 0.7016 1.0346 2.7385, 0.6922 1.0409 2.7041, 0.6794 1.0492 2.7393, 0.6734 1.0531 2.7396, 0.3346 1.2044 2.7522, 0.3542 1.1987 2.7515, 0.354 1.1981 2.7167, 0.3584 1.1974 2.7513, 0.3669 1.1949 2.751, 0.3893 1.1878 2.7154, 0.5082 1.1415 2.7458, 0.1788 1.2364 2.7232, 0.1993 1.2333 2.7572, 0.2272 1.2292 2.7214, 0.2525 1.2242 2.7552, 0.2582 1.2224 2.7203, 0.2797 1.2177 2.7542, 0.3083 1.2114 2.7184, 0.3446 1.2008 2.7171, 0.0591 1.2486 2.7277, 0.0353 1.2488 2.7633, 0.0851 1.2471 2.7614, 0.1229 1.2434 2.7253, 0.1177 1.2438 2.7602, 0.1434 1.2417 2.7245, 0.1693 1.2385 2.7583, 0.1789 1.2368 2.758, -0.0591 -1.2486 2.5888, -0.068 -1.2477 2.6232, -0.0763 -1.2472 2.5881, -0.0851 -1.2471 2.6225, -0.1434 -1.2417 2.5857, -0.1501 -1.2404 2.6201, -0.1566 -1.2398 2.5852, -0.1566 -1.2398 2.6199, -0.1693 -1.2385 2.6194, -0.2127 -1.2313 2.5831, -0.2313 -1.2279 2.6171, -0.2272 -1.2292 2.5826, -0.2741 -1.2189 2.5808, -0.2525 -1.2242 2.6163, -0.3083 -1.2114 2.5795, -0.311 -1.2101 2.6142, -0.3335 -1.2041 2.5786, -0.3336 -1.2046 2.6133, -0.3346 -1.2044 2.6133, -0.3893 -1.1878 2.5766, -0.3669 -1.1949 2.6121, -0.4057 -1.1818 2.5759, -0.4686 -1.1589 2.5736, -0.4474 -1.1672 2.6091, -0.4641 -1.1601 2.6085, -0.5033 -1.1434 2.5723, -0.5034 -1.1435 2.6071, -0.5304 -1.1314 2.5713, -0.5254 -1.1342 2.6062, -0.546 -1.1245 2.5708, -0.6214 -1.0846 2.568, -0.7608 -0.9918 2.5624, -0.7705 -0.9843 2.5967, -0.7635 -0.9896 2.5623, -0.8084 -0.9525 2.595, -0.8085 -0.9526 2.5603, -0.6007 -1.0962 2.6035, -0.606 -1.093 2.6033, -0.6493 -1.0674 2.5669, -0.663 -1.0593 2.6011, -0.6628 -1.059 2.5664, -0.6734 -1.0531 2.6007, -0.6922 -1.0409 2.5652, -0.7016 -1.0346 2.5996, -0.7374 -1.0084 2.5981, -0.826 -0.9382 2.5595, -0.8354 -0.9298 2.5937, -0.868 -0.8986 2.5574, -0.8602 -0.906 2.5925, -0.8876 -0.8801 2.5565, -0.8963 -0.8713 2.5907, -0.9374 -0.8264 2.5538, -0.9978 -0.7529 2.5503, -1.0206 -0.7206 2.5836, -1.0458 -0.6846 2.5473, -1.0466 -0.6828 2.5819, -1.0463 -0.6839 2.5472, -1.0469 -0.683 2.5472, -0.9174 -0.8481 2.5896, -0.9372 -0.8263 2.5885, -0.9456 -0.8175 2.5534, -0.953 -0.8089 2.5877, -0.9629 -0.7961 2.5524, -0.971 -0.7862 2.5866, -1.0046 -0.7439 2.5846, -1.053 -0.6736 2.5815, -1.066 -0.6516 2.5806, -1.0901 -0.6118 2.5441, -1.0962 -0.6007 2.5784, -1.1146 -0.5643 2.5421, -1.1068 -0.5798 2.5775, -1.129 -0.5365 2.541, -1.1342 -0.5254 2.5752, -1.134 -0.525 2.5405, -1.1343 -0.5251 2.5752, -1.1427 -0.5055 2.5744, -1.163 -0.4582 2.5378, -1.1671 -0.4477 2.5721, -1.17 -0.4386 2.5371, -1.1735 -0.4292 2.5714, -1.1776 -0.4173 2.5362, -1.1942 -0.3692 2.5691, -1.1908 -0.38 2.5348, -1.1976 -0.3561 2.5339, -1.1978 -0.3562 2.5686, -1.199 -0.3516 2.5685, -1.2138 -0.2988 2.5318, -1.2166 -0.2868 2.5661, -1.2165 -0.2856 2.5313, -1.2312 -0.2162 2.5288, -1.2333 -0.2038 2.5631, -1.2345 -0.1941 2.5627, -1.2363 -0.1799 2.5275, -1.2364 -0.1799 2.5623, -1.2401 -0.1524 2.5266, -1.243 -0.1323 2.5259, -1.2442 -0.1201 2.5602, -1.2494 -0.0374 2.5575, -1.2491 -0.0472 2.5231, -1.2495 -0.0359 2.5574, -1.2492 -0.0182 2.5221, -1.2493 -0.0 2.5562, -1.2493 0.0 2.5215, -1.2495 0.0359 2.5203, -1.2491 0.0472 2.5547, -1.2443 0.1182 2.5176, -1.244 0.1186 2.5523, -1.2442 0.1201 2.5175, -1.243 0.1324 2.5519, -1.2364 0.1799 2.5155, -1.2363 0.1799 2.5502, -1.2333 0.2038 2.5147, -1.2312 0.2163 2.549, -1.223 0.2551 2.5128, -1.2185 0.2761 2.5468, -1.2166 0.2869 2.5117, -1.1671 0.4477 2.5056, -1.1412 0.5084 2.5379, -1.1365 0.52 2.5027, -1.134 0.525 2.5373, -1.1343 0.5251 2.5025, -1.2138 0.2988 2.546, -1.198 0.3547 2.5439, -1.1978 0.3562 2.5091, -1.1976 0.3561 2.5439, -1.1942 0.3692 2.5086, -1.1908 0.38 2.543, -1.1868 0.3906 2.5078, -1.1722 0.4323 2.5409, -1.163 0.4582 2.5399, -1.1342 0.5254 2.5025, -1.129 0.5365 2.5368, -1.0962 0.6007 2.4994, -1.1051 0.5827 2.5349, -1.0901 0.6118 2.5337, -1.0714 0.6426 2.4976, -1.0642 0.6544 2.5318, -1.053 0.6736 2.4963, -1.0469 0.683 2.5306, -1.0466 0.6828 2.4959, -1.0463 0.6839 2.5305, -1.0046 0.7439 2.4931, -1.0186 0.7233 2.5288, -0.9944 0.7566 2.4925, -0.9978 0.7529 2.5274, -0.953 0.8089 2.4901, -0.9688 0.7888 2.5257, -0.9456 0.8175 2.5244, -0.9372 0.8263 2.4892, -0.9374 0.8264 2.524, -0.9051 0.8616 2.4875, -0.9151 0.8505 2.5228, -0.8963 0.8713 2.487, -0.8876 0.8801 2.5213, -0.8354 0.9298 2.484, -0.826 0.9382 2.5183, -0.8084 0.9525 2.4828, -0.8085 0.9526 2.5175, -0.8057 0.9547 2.4827, -0.7975 0.9616 2.517, -0.7705 0.9843 2.4811, -0.7608 0.9918 2.5154, -0.7015 1.0346 2.4782, -0.6922 1.0409 2.5126, -0.3336 1.2046 2.4644, -0.3339 1.2045 2.4644, -0.3335 1.2041 2.4991, -0.3346 1.2044 2.4645, -0.3858 1.1888 2.5011, -0.3669 1.1949 2.4657, -0.3893 1.1878 2.5012, -0.4685 1.1589 2.5042, -0.4474 1.1672 2.4687, -0.4666 1.1591 2.4694, -0.5033 1.1434 2.5054, -0.5034 1.1435 2.4707, -0.5336 1.1299 2.5066, -0.5254 1.1342 2.4715, -0.546 1.1245 2.507, -0.5827 1.1053 2.4736, -0.6214 1.0846 2.5098, -0.6007 1.0962 2.4743, -0.6628 1.059 2.5114, -0.663 1.0593 2.4767, -0.6701 1.0545 2.5117, -0.6734 1.0531 2.4771, -0.699 1.0362 2.4781, -0.3083 1.2114 2.4982, -0.3079 1.2115 2.4982, -0.2525 1.2242 2.4614, -0.2281 1.229 2.4952, -0.1975 1.2337 2.4594, -0.2272 1.2292 2.4952, -0.1693 1.2385 2.4583, -0.1566 1.2398 2.4926, -0.1566 1.2398 2.4579, 0.0 1.25 2.4868, 0.0 1.25 2.4521, -0.0591 1.2486 2.489, -0.0593 1.248 2.4543, -0.0646 1.2482 2.4892, -0.0851 1.2471 2.4552, -0.1434 1.2417 2.4921, -0.1469 1.2412 2.4922, 1.2112 -0.3073 2.4068, 1.1927 -0.3742 2.4042, 1.2184 -0.2793 2.4042, 0.1627 1.2394 2.4808, 0.1807 1.2367 2.4454, 0.1005 1.2454 2.4831, 0.1006 1.2459 2.4484, 0.0787 1.2475 2.4839, 0.0792 1.2469 2.4491, 0.018 1.2494 2.4861, 0.0161 1.2499 2.4515, 0.1806 1.2364 2.4801, 0.1823 1.2361 2.48, 0.1847 1.2363 2.4452, 0.2162 1.2305 2.4441, 0.2461 1.2255 2.4777, 0.2664 1.2213 2.4422, 0.263 1.2215 2.4771, 0.3481 1.2006 2.4392, 0.3289 1.206 2.4746, 0.342 1.2019 2.4741, 0.3496 1.2 2.4391, 0.3575 1.1971 2.4736, 0.3575 1.1975 2.4388, 0.4283 1.1743 2.4362, 0.4083 1.1815 2.4717, 0.4189 1.1774 2.4713, 0.4773 1.1546 2.4344, 0.487 1.1512 2.4688, 0.5069 1.1426 2.4333, 0.5267 1.1328 2.4673, 0.5268 1.133 2.4326, 0.5837 1.1054 2.4305, 0.5636 1.1158 2.466, 0.5988 1.0971 2.4299, 0.5644 1.1153 2.4659, 0.6133 1.0892 2.4294, 0.6378 1.075 2.4632, 0.6854 1.0453 2.4266, 0.685 1.0448 2.4613, 0.6855 1.0453 2.4266, 0.6987 1.036 2.4608, 0.7143 1.0249 2.4254, 0.7097 1.029 2.4604, 0.7544 0.9967 2.4238, 0.7766 0.9795 2.4575, 0.8201 0.9433 2.4209, 0.8242 0.939 2.4554, 0.8234 0.9403 2.4207, 0.829 0.935 2.4551, 0.8291 0.935 2.4204, 0.8408 0.9249 2.4546, 0.8824 0.8853 2.4178, 0.8833 0.8837 2.4525, 0.906 0.8612 2.4166, 0.9013 0.8661 2.4516, 0.9233 0.8417 2.4157, 0.939 0.8241 2.4495, 0.9556 0.8054 2.4139, 0.9557 0.8055 2.4486, 0.9621 0.7981 2.4136, 0.9579 0.803 2.4485, 1.0114 0.7344 2.4106, 0.991 0.7607 2.4465, 1.0138 0.7313 2.4105, 1.0105 0.7358 2.4454, 1.0609 0.661 2.4073, 1.0391 0.6937 2.4435, 1.0571 0.6671 2.4423, 1.0622 0.6589 2.4072, 1.062 0.6588 2.442, 1.0861 0.6174 2.4055, 1.0826 0.6235 2.4405, 1.1035 0.5873 2.4042, 1.0997 0.5943 2.4392, 1.1044 0.5855 2.4042, 1.1214 0.5506 2.4374, 1.1448 0.4977 2.4042, 1.2324 -0.2093 2.4103, 1.2319 -0.2117 2.4102, 1.2287 -0.2112 2.4042, 1.2284 -0.2284 2.4096, 1.2154 -0.2922 2.4073, 1.2437 -0.1256 2.4132, 1.2465 -0.0938 2.4042, 1.2473 -0.0713 2.415, 1.2493 -0.0414 2.416, 1.2465 -0.0314 2.4042, 1.2495 -0.0314 2.4163, 1.2465 0.0938 2.4042, 1.2381 0.1491 2.4042, 1.2407 0.1496 2.4223, 1.2469 0.0846 2.4201, 1.2476 0.0775 2.4199, 1.25 -0.0076 2.4171, 1.2063 0.3274 2.4287, 1.2064 0.3272 2.4287, 1.2037 0.3266 2.4042, 1.208 0.3207 2.4284, 1.2184 0.2793 2.4042, 1.2258 0.245 2.4257, 1.2263 0.2418 2.4255, 1.2395 0.1617 2.4227, 1.1373 0.5188 2.4361, 1.1458 0.4982 2.4353, 1.1628 0.4586 2.4042, 1.1553 0.4755 2.4344, 1.1698 0.4405 2.433, 1.184 0.3986 2.4314, 1.1971 0.3597 2.4299, 0.5463 0.9525 3.6617, 0.5192 0.9694 3.6629, 0.5184 0.968 3.7323, 0.575 -0.9347 3.5701, 0.6316 -0.9002 3.5726, 0.6308 -0.8988 3.6421, -0.6795 0.8646 3.5055, -0.6503 0.8846 3.5041, -0.6513 0.8861 3.4346, -0.5367 0.9581 3.499, -0.532 0.9605 3.4988, -0.5328 0.962 3.4294, -0.4917 0.9813 3.4276, 0.7887 -0.7663 3.3725, 0.7849 -0.7697 3.3723, 0.7852 -0.7699 3.3028, -0.1291 -1.092 3.3321, -0.1559 -1.087 3.3309, -0.1562 -1.0884 3.2615, -0.6712 -0.8687 3.2393, -0.6427 -0.8923 3.2408, -0.6519 -0.8854 3.3098, 1.099 -0.0085 2.7816, 1.0996 0.001 2.782, 1.0983 0.0009 2.8514, -1.0828 -0.1868 2.7197, -1.0836 -0.187 2.6502, -1.0827 -0.1922 2.6504, 0.5065 -0.9751 2.456, 0.5197 -0.9691 2.4566, 0.5192 -0.9683 2.526, -0.4424 1.0067 3.7033, -0.442 1.0058 3.7716, -0.4158 1.0164 3.7022, -0.4142 1.0187 3.7716, -0.6548 0.8812 3.7127, -0.6154 0.9108 3.7716, -0.5708 0.9399 3.7088, -0.5708 0.9399 3.7716, -0.5396 0.9561 3.7075, -0.5077 0.9755 3.7716, -0.4718 0.992 3.7716, -0.8839 0.654 3.7716, -0.8573 0.6878 3.7716, -0.8587 0.6839 3.7242, -0.8395 0.7102 3.7716, -0.8121 0.739 3.7212, -0.7913 0.7635 3.7716, -0.7913 0.7635 3.7198, -0.7449 0.8086 3.7716, -0.7621 0.7901 3.7182, -0.74 0.8134 3.7716, -0.6856 0.8597 3.7141, -0.6856 0.8597 3.7716, -0.6296 0.9016 3.7716, -1.0684 0.2604 3.744, -1.0684 0.2604 3.7716, -1.0557 0.3005 3.7423, -1.0486 0.3311 3.7716, -1.034 0.3691 3.7393, -1.024 0.4007 3.7716, -1.024 0.4007 3.738, -1.0229 0.4034 3.7716, -1.0074 0.4361 3.7363, -0.995 0.4681 3.7716, -0.9765 0.5017 3.7333, -0.9619 0.5329 3.7716, -0.9619 0.5329 3.7318, -0.9506 0.5517 3.7716, -0.9412 0.565 3.7302, -0.9249 0.5947 3.7716, -0.9019 0.6261 3.7272, -0.8839 0.654 3.7258, -1.0993 0.029 3.7716, -1.0958 0.0825 3.7716, -1.0936 0.1154 3.7498, -1.0936 0.1154 3.7716, -1.0855 0.162 3.748, -1.0834 0.1884 3.7716, -1.0714 0.2457 3.7716, -1.0993 0.029 3.7531, -1.0991 0.0246 3.7532, -1.0989 -0.0416 3.7716, -1.094 -0.1118 3.7584, -1.096 -0.0825 3.7716, -1.094 -0.1118 3.7716, -1.0938 -0.1127 3.7584, -1.0845 -0.1819 3.7716, -1.0705 -0.2514 3.7639, -1.0717 -0.2457 3.7716, -1.0705 -0.2515 3.7716, -1.0705 -0.2515 3.7639, -1.0518 -0.3209 3.7716, -1.0496 -0.3198 3.7669, -1.0286 -0.3888 3.7716, -1.0286 -0.3887 3.7698, -1.0286 -0.3888 3.7698, -1.0228 -0.4033 3.7716, -1.0129 -0.4281 3.7716, 0.0695 1.0957 2.3623, 0.0862 1.0962 2.3174, 0.0369 1.099 2.3637, 0.0 1.0996 2.3174, -0.0521 1.0961 2.3675, -0.0594 1.098 2.3174, 0.086 1.0941 2.3617, 0.1382 1.0889 2.3595, 0.1381 1.0892 2.3174, 0.1569 1.0866 2.3174, 0.1818 1.0845 2.3576, 0.2096 1.0795 2.3174, 0.1901 1.0825 2.3573, 0.2801 1.0634 2.3174, 0.2796 1.0613 2.3535, 0.3074 1.0547 2.3523, 0.3181 1.052 2.3174, 0.3252 1.0504 2.3516, 0.3486 1.0429 2.3174, 0.4154 1.0182 2.3174, 0.4146 1.0161 2.3478, 0.4193 1.0142 2.3476, 0.4722 0.9929 2.3174, 0.463 0.9975 2.3458, 0.4795 0.9896 2.3174, 0.5416 0.957 2.3174, 0.5257 0.9632 2.3431, 0.5405 0.9551 2.3425, 0.6148 0.91 2.3174, 0.588 0.9292 2.3405, 0.6276 0.9005 2.3386, 0.6447 0.8908 2.3174, 0.9395 0.5672 2.3199, 0.9414 0.5684 2.3174, 0.9015 0.6296 2.3174, 0.6434 0.889 2.3378, 0.7015 0.8468 2.3351, 0.7032 0.8454 2.3174, 0.7233 0.8262 2.3339, 0.7448 0.8084 2.3174, 0.7565 0.7948 2.332, 0.7581 0.7965 2.3174, 0.8056 0.7485 2.3293, 0.8097 0.7441 2.3174, 0.8121 0.7404 2.3289, 0.8577 0.6881 2.3174, 0.8559 0.6867 2.326, 0.8577 0.6881 2.3174, 0.8893 0.6456 2.3238, 0.8962 0.6372 2.3233, 0.9508 0.5518 2.3174, 0.9547 0.5426 2.3187, 0.9707 0.5167 2.3174, -0.6572 0.8789 2.3239, -0.6142 0.9103 2.3913, -0.5945 0.9251 2.3209, -0.5933 0.9232 2.3904, -0.5429 0.9552 2.3187, -0.5147 0.9718 2.3869, -0.5121 0.9731 2.3174, -0.5128 0.9726 2.3868, -0.4832 0.9866 2.3174, -0.4829 0.9861 2.3856, -0.4766 0.9897 2.3174, -0.4101 1.0189 2.3825, -0.4162 1.0179 2.3174, -0.3869 1.0293 2.3816, -0.3472 1.0434 2.3174, -0.3467 1.0415 2.3799, -0.324 1.0503 2.3174, -0.2932 1.0577 2.3776, -0.2765 1.0643 2.3174, -0.2499 1.0709 2.3758, -0.2043 1.0805 2.3174, -0.2039 1.0785 2.3739, -0.1638 1.0867 2.3174, -0.1734 1.0835 2.3726, -0.1321 1.0916 2.3174, -0.1083 1.0943 2.3698, -0.0593 1.0959 2.3678, -0.7643 0.7874 2.3295, -0.7077 0.8385 2.3959, -0.7075 0.8419 2.3263, -0.7059 0.84 2.3958, -0.6385 0.8953 2.3924, -0.9969 0.4617 2.4157, -0.9424 0.5653 2.4108, -0.9431 0.5622 2.3415, -0.9375 0.5747 2.4104, -0.9277 0.5903 2.3401, -0.9269 0.5897 2.4096, -0.9052 0.624 2.3384, -0.8992 0.6288 2.4076, -0.9011 0.6302 2.3381, -0.8737 0.6648 2.4057, -0.8605 0.6809 2.3354, -0.853 0.6939 2.4042, -0.8153 0.7372 2.3324, -0.8091 0.741 2.4016, -0.8109 0.7427 2.3321, -0.7947 0.7565 2.4007, -0.7527 0.8017 2.3982, -0.978 0.4984 2.3445, -0.9978 0.4622 2.3463, -0.9992 0.4572 2.4159, -1.009 0.433 2.3476, -1.0845 0.1821 2.3583, -1.0743 0.224 2.426, -1.057 0.2974 2.3535, -1.055 0.31 2.4225, -1.0502 0.326 2.3523, -1.0493 0.3256 2.4218, -1.035 0.3656 2.3506, -1.0428 0.3432 2.421, -1.005 0.4462 2.4165, -1.0868 0.1589 2.3592, -1.0863 0.1705 2.4282, -1.0838 0.182 2.4278, -1.0954 -0.0963 2.3689, -1.0975 -0.016 2.4353, -1.0986 0.0213 2.3645, -1.0992 0.031 2.4336, -1.099 0.0371 2.3639, -1.0987 0.037 2.4333, -1.0925 0.1038 2.4308, -1.074 -0.236 2.3744, -1.0902 -0.1339 2.4398, -1.0924 -0.1159 2.3697, -1.094 -0.1118 2.4389, -1.0945 -0.0963 2.4383, -1.0687 -0.2545 2.3752, -1.0701 -0.2513 2.4445, -1.0728 -0.2357 2.4439, -1.0264 -0.3915 2.3811, -1.0289 -0.3858 2.4503, -1.0341 -0.3739 2.3803, -1.0327 -0.3735 2.4497, -1.0488 -0.3232 2.3781, -1.0348 -0.3668 2.4495, -1.0691 -0.2573 2.4447, -0.7964 -0.7566 2.3992, -0.8093 -0.7419 2.4679, -0.8105 -0.7431 2.3984, -0.8348 -0.7157 2.4664, -0.8433 -0.7023 2.3963, -0.8466 -0.7 2.4656, -0.8885 -0.6458 2.3933, -0.9005 -0.6282 2.4618, -0.9018 -0.6292 2.3924, -0.92 -0.6022 2.4605, -0.9283 -0.5853 2.3902, -0.921 -0.6008 2.4604, -0.9659 -0.5231 2.3872, -0.9634 -0.5302 2.4569, -0.9764 -0.5058 2.3863, -0.9751 -0.5052 2.4558, -0.9974 -0.4579 2.3841, -0.9793 -0.496 2.4553, -1.0251 -0.3978 2.4508, -0.6923 -0.8533 2.405, -0.7024 -0.8437 2.4738, -0.7035 -0.8451 2.4044, -0.7345 -0.8184 2.4722, -0.7626 -0.7896 2.4706, -0.4666 -0.9952 2.4845, -0.459 -0.9993 2.4154, -0.4589 -0.9993 2.4154, -0.4741 -0.9922 2.4842, -0.5023 -0.9782 2.483, -0.5797 -0.9339 2.4103, -0.5703 -0.9376 2.4801, -0.5845 -0.9291 2.4794, -0.5856 -0.9308 2.41, -0.6237 -0.9057 2.4777, -0.6704 -0.8689 2.4754, -0.3279 -1.0495 2.4209, -0.3567 -1.039 2.4891, -0.4585 -0.9984 2.4849, -0.1872 -1.0836 2.4268, -0.1872 -1.0831 2.4963, -0.1886 -1.0832 2.4268, -0.1946 -1.0823 2.496, -0.2585 -1.0664 2.4238, -0.2407 -1.0707 2.494, -0.3268 -1.05 2.421, -0.3266 -1.0493 2.4904, -0.3378 -1.0465 2.4899, 0.1006 -1.095 2.4389, 0.0959 -1.0954 2.5082, 0.0281 -1.0969 2.4359, 0.0546 -1.0963 2.5065, -0.044 -1.0988 2.4329, -0.044 -1.0984 2.5023, -0.0445 -1.0987 2.4328, -0.0495 -1.0985 2.5021, -0.1167 -1.091 2.4298, -0.067 -1.0966 2.5013, -0.1871 -1.0831 2.4963, 0.1006 -1.095 2.439, 0.1759 -1.0831 2.5116, 0.1005 -1.0947 2.5084, 0.1721 -1.0836 2.442, 0.2447 -1.0717 2.5145, 0.2393 -1.0733 2.5142, 0.2433 -1.0723 2.445, 0.2447 -1.072 2.445, 0.2956 -1.0568 2.5166, 0.3119 -1.0519 2.4478, 0.3768 -1.0331 2.52, 0.3798 -1.0315 2.4507, 0.3861 -1.029 2.5204, 0.3863 -1.0295 2.451, 0.4106 -1.0182 2.5214, 0.5053 -0.9767 2.5254, 0.6237 -0.9041 2.4612, 0.623 -0.9058 2.5306, 0.6035 -0.9193 2.4602, 0.6027 -0.918 2.5297, 0.5211 -0.9671 2.5261, 0.7335 -0.8175 2.4666, 0.7157 -0.8325 2.5352, 0.7157 -0.8348 2.4656, 0.7146 -0.8334 2.5351, 0.6272 -0.9033 2.5307, 1.0195 -0.4064 2.4877, 1.002 -0.4472 2.5552, 0.9912 -0.4731 2.4846, 0.9801 -0.4957 2.553, 0.9813 -0.4962 2.4836, 0.9705 -0.517 2.552, 0.9572 -0.537 2.4816, 0.9465 -0.5557 2.5501, 0.9201 -0.5995 2.4785, 0.906 -0.6208 2.5469, 0.9071 -0.6215 2.4775, 0.8935 -0.641 2.5459, 0.8781 -0.6584 2.4755, 0.8808 -0.6573 2.545, 0.8334 -0.7153 2.4725, 0.8443 -0.7045 2.5425, 0.8183 -0.7346 2.4715, 0.8169 -0.7332 2.5409, 0.7845 -0.7676 2.4695, 0.8017 -0.7491 2.54, 0.7424 -0.8112 2.5365, 1.0971 -0.0751 2.5014, 1.0943 -0.1086 2.5695, 1.0799 -0.2008 2.4964, 1.0769 -0.2141 2.5653, 1.0772 -0.2212 2.4956, 1.0758 -0.2209 2.565, 1.0637 -0.2698 2.4936, 1.0713 -0.2483 2.564, 1.0446 -0.3389 2.4906, 1.0456 -0.3333 2.5603, 1.0378 -0.3635 2.4896, 1.0366 -0.3631 2.559, 1.0297 -0.3857 2.5581, 1.0975 0.0687 2.5067, 1.0987 0.0186 2.5743, 1.0971 -0.0628 2.5018, 1.0954 -0.0751 2.5708, 1.0945 -0.1014 2.5698, 1.0968 0.0791 2.5071, 1.0947 0.0789 2.5766, 1.0971 0.0744 2.5069, 1.0957 0.0686 2.5762, 1.0992 0.0323 2.5748, 1.04 0.3571 2.5184, 1.0147 0.4177 2.5212, 1.0001 0.4571 2.5924, 0.9867 0.4845 2.5242, 0.9874 0.4806 2.5935, 0.9845 0.4899 2.5245, 0.9829 0.489 2.5939, 1.0334 0.3692 2.5885, 1.0383 0.3564 2.5879, 1.0417 0.3508 2.5182, 1.0519 0.3206 2.5863, 1.0606 0.2815 2.5152, 1.0675 0.2533 2.5835, 1.0777 0.2186 2.5126, 1.0757 0.2181 2.5821, 1.0785 0.2127 2.5124, 1.0854 0.1766 2.5803, 1.0892 0.1365 2.5788, 0.9307 0.5856 2.5985, 0.9508 0.5476 2.5273, 0.9294 0.5875 2.5986, 0.9142 0.6103 2.5303, 0.9096 0.6148 2.6, 0.911 0.6159 2.5306, 0.8577 0.6865 2.6037, 0.8704 0.668 2.5333, 0.847 0.7012 2.6045, 0.8261 0.7251 2.5364, 0.8204 0.7294 2.6061, 0.8217 0.7307 2.5366, 0.7756 0.7769 2.6088, 0.7757 0.776 2.5393, 0.7485 0.8056 2.6104, 0.7249 0.8259 2.5422, 0.7214 0.8277 2.6117, 0.7151 0.8328 2.6121, 0.7163 0.8343 2.5427, 0.6388 0.8951 2.6159, 0.6142 0.9108 2.5476, 0.6247 0.9038 2.6166, 0.5979 0.9205 2.6177, 0.5989 0.9222 2.5483, 0.5229 0.967 2.621, 0.4959 0.9801 2.5527, 0.519 0.9695 2.6212, 0.4747 0.9895 2.6231, 0.4756 0.9915 2.5536, 0.4155 1.0163 2.6256, 0.3681 1.0346 2.5581, 0.3864 1.0295 2.6268, 0.3415 1.0436 2.6287, 0.3419 1.0451 2.5592, 0.3029 1.0556 2.6303, 0.3005 1.0557 2.561, 0.2698 1.066 2.6317, 0.1262 1.0923 2.6377, 0.0882 1.0946 2.5699, 0.108 1.0932 2.6385, 0.0599 1.098 2.5711, 0.0598 1.0956 2.6405, 0.2268 1.0739 2.6335, 0.231 1.0735 2.5639, 0.2024 1.0784 2.6345, 0.2029 1.0807 2.5651, 0.1602 1.0859 2.5669, -0.0132 1.0991 2.6436, 0.0158 1.0975 2.5729, -0.0198 1.0995 2.6439, -0.0568 1.0966 2.576, -0.0858 1.0939 2.6467, -0.086 1.0963 2.5772, -0.135 1.0898 2.6487, -0.1288 1.09 2.579, -0.1635 1.0874 2.6499, -0.2004 1.0796 2.582, -0.2295 1.073 2.6527, -0.23 1.0753 2.5833, -0.255 1.0675 2.6538, -0.2703 1.0638 2.585, -0.3038 1.0569 2.6558, -0.339 1.0442 2.5879, -0.3438 1.0445 2.6575, -0.3709 1.0336 2.6587, -0.3722 1.0347 2.5893, -0.3716 1.0333 2.6587, -0.4754 0.9916 2.6631, -0.4688 0.9925 2.5933, -0.4846 0.9864 2.6634, -0.5062 0.9762 2.5949, -0.5054 0.9748 2.6643, -0.5888 0.928 2.6679, -0.5888 0.9264 2.5985, -0.5988 0.9223 2.6683, -0.6271 0.9011 2.6697, -0.6282 0.9026 2.6002, -0.6841 0.8584 2.6724, -0.6925 0.8542 2.6033, -0.6916 0.8529 2.6728, -0.7162 0.8344 2.674, -0.7015 0.8459 2.6038, -0.7728 0.7788 2.6772, -0.7976 0.757 2.6091, -0.7963 0.7557 2.6786, -0.8216 0.7308 2.68, -0.805 0.7481 2.6096, -0.8551 0.6898 2.6822, -0.851 0.6927 2.6126, -0.8802 0.6591 2.6838, -0.8893 0.6468 2.615, -0.8885 0.6463 2.6845, -0.896 0.6361 2.6156, -0.9244 0.591 2.6873, -0.9347 0.5748 2.6186, -0.9598 0.5366 2.69, -0.9668 0.524 2.6211, -0.966 0.5236 2.6906, -0.972 0.5126 2.6217, -0.9843 0.4852 2.6924, -1.0023 0.4466 2.6247, -1.0218 0.4063 2.696, -1.0276 0.3912 2.6273, -1.0268 0.391 2.6967, -1.0301 0.3847 2.6276, -1.0289 0.3843 2.697, -1.0314 0.3804 2.6277, -1.0325 0.3731 2.6975, -1.066 0.2698 2.702, -1.052 0.3115 2.6307, -1.0687 0.2555 2.7025, -1.0724 0.2435 2.6336, -1.071 0.2432 2.703, -1.0724 0.243 2.6336, -1.0912 0.1342 2.7074, -1.0943 0.1043 2.6391, -1.0919 0.13 2.7076, -1.0985 -0.0329 2.6443, -1.0976 0.0133 2.712, -1.0953 0.0977 2.6394, -1.0943 0.0977 2.7088, -1.0937 0.1144 2.7082, -1.0854 -0.1706 2.6496, -1.0859 -0.1732 2.7191, -1.0921 -0.1068 2.7166, -1.0987 -0.0447 2.6447, -1.0978 -0.0446 2.7142, -1.0993 -0.0287 2.7136, -1.054 -0.3091 2.6553, -1.0743 -0.2237 2.7212, -1.0816 -0.192 2.7199, -0.9262 -0.5927 2.6683, -0.9256 -0.5923 2.7378, -0.9332 -0.5816 2.7372, -0.9371 -0.5729 2.6674, -0.9449 -0.5599 2.7362, -0.9721 -0.5092 2.6643, -0.9957 -0.4649 2.7316, -0.9963 -0.4652 2.6622, -1.0015 -0.454 2.7311, -1.0044 -0.4444 2.6613, -1.002 -0.4528 2.7311, -1.0307 -0.377 2.6583, -1.0444 -0.3399 2.7261, -1.0485 -0.3314 2.6562, -1.0477 -0.3311 2.7257, -1.0529 -0.3173 2.7251, -0.8764 -0.6608 2.7413, -0.8966 -0.6329 2.6704, -0.8492 -0.6986 2.7432, -0.8536 -0.6912 2.6734, -0.8389 -0.7096 2.7439, -0.8395 -0.7102 2.6744, -0.7974 -0.7538 2.7463, -0.8059 -0.745 2.6764, -0.751 -0.8033 2.7491, -0.7562 -0.7965 2.6793, -0.7387 -0.8134 2.7497, -0.7393 -0.8141 2.6803, -0.7096 -0.8372 2.7512, -0.6415 -0.8932 2.7547, -0.648 -0.8864 2.6849, -0.6231 -0.9046 2.7555, -0.6237 -0.9057 2.6861, -0.6118 -0.9117 2.756, -0.5323 -0.9602 2.6901, -0.5193 -0.9693 2.7601, -0.5016 -0.9786 2.6914, -0.5098 -0.9736 2.7605, -0.3729 -1.0345 2.6968, -0.3726 -1.0336 2.7662, -0.3868 -1.0294 2.7656, -0.4077 -1.0193 2.6953, -0.4022 -1.0224 2.765, -0.5011 -0.9775 2.7609, -0.2885 -1.0589 2.7698, -0.2732 -1.0632 2.701, -0.2452 -1.0719 2.7716, -0.2348 -1.0743 2.7026, -0.2347 -1.0736 2.7721, -0.2032 -1.079 2.7039, -0.1708 -1.0838 2.7747, -0.1317 -1.0898 2.707, -0.1011 -1.095 2.7777, -0.0927 -1.0957 2.7086, -0.0927 -1.0952 2.778, -0.0509 -1.0962 2.7798, -0.0597 -1.0963 2.71, 0.0449 -1.0987 2.7838, 0.0129 -1.0976 2.713, 0.0528 -1.0984 2.7147, 0.3378 -1.0465 2.7267, 0.3108 -1.0533 2.795, 0.2977 -1.0565 2.725, 0.2838 -1.0624 2.7939, 0.2282 -1.074 2.7221, 0.1974 -1.0795 2.7902, 0.1978 -1.0817 2.7208, 0.191 -1.0807 2.79, 0.1573 -1.0863 2.7191, 0.1426 -1.0903 2.7879, 0.0853 -1.0946 2.7161, 0.07 -1.0966 2.7849, 0.0528 -1.098 2.7842, 0.4306 -1.0095 2.7306, 0.4189 -1.0167 2.7996, 0.3371 -1.0444 2.7961, 0.5533 -0.9478 2.7358, 0.5362 -0.9594 2.8045, 0.4748 -0.9919 2.7325, 0.4739 -0.9899 2.8019, 0.4272 -1.0127 2.7999, 0.6675 -0.8711 2.7411, 0.6361 -0.8954 2.809, 0.5988 -0.9223 2.7378, 0.5976 -0.9206 2.8072, 0.5449 -0.9552 2.8049, 0.7751 -0.7795 2.7467, 0.728 -0.821 2.8136, 0.7117 -0.8383 2.7432, 0.7101 -0.8364 2.8127, 0.6582 -0.8809 2.81, 1.0152 -0.421 2.7648, 1.0104 -0.4324 2.8337, 0.9836 -0.4863 2.7618, 0.956 -0.5417 2.8286, 0.9558 -0.5438 2.7591, 0.9552 -0.5434 2.8285, 0.951 -0.551 2.7587, 0.9498 -0.5541 2.828, 0.911 -0.6117 2.7557, 0.8896 -0.6431 2.8235, 0.8761 -0.6645 2.753, 0.8754 -0.6641 2.8225, 0.8701 -0.6714 2.7526, 0.8679 -0.6751 2.8219, 0.8228 -0.726 2.7496, 0.8135 -0.7363 2.8185, 0.7822 -0.7729 2.7471, 0.7814 -0.7723 2.8165, 0.7703 -0.7848 2.8158, 1.0897 -0.1461 2.7764, 1.0801 -0.1972 2.8438, 1.0653 -0.2729 2.7713, 1.0637 -0.2725 2.8407, 1.0614 -0.2847 2.7708, 1.0569 -0.3035 2.8394, 1.0389 -0.3529 2.7678, 1.052 -0.3174 2.8388, 1.0194 -0.4122 2.7652, 1.0188 -0.412 2.8347, 1.0143 -0.4246 2.8341, 1.0994 -0.0242 2.8505, 1.095 -0.0751 2.8485, 1.0904 -0.1426 2.7765, 1.0892 -0.1425 2.846, 1.0874 -0.1638 2.8452, 1.0658 0.2675 2.7924, 1.0854 0.1637 2.8577, 1.0906 0.141 2.7873, 1.0894 0.1408 2.8567, 1.0914 0.1288 2.7868, 1.0932 0.1187 2.8559, 1.0963 0.0463 2.8531, 1.0217 0.4042 2.7983, 1.0257 0.3957 2.8674, 1.0447 0.3358 2.7953, 1.0619 0.2807 2.8624, 1.0632 0.2808 2.7929, 1.062 0.2804 2.8624, 1.0688 0.2587 2.8615, 0.6818 0.8612 2.8221, 0.7563 0.7955 2.8876, 0.7754 0.7797 2.8172, 0.7746 0.7788 2.8866, 0.7871 0.7664 2.8165, 0.7919 0.763 2.8857, 0.8346 0.7124 2.8135, 0.839 0.7072 2.8827, 0.8722 0.6696 2.8111, 0.8714 0.6688 2.8806, 0.8807 0.6569 2.8105, 0.8844 0.6534 2.8797, 0.921 0.5965 2.8074, 0.9124 0.6098 2.8776, 0.9534 0.548 2.805, 0.9524 0.5474 2.8744, 0.9597 0.5352 2.8044, 0.9627 0.5314 2.8736, 0.9916 0.47 2.8014, 0.9749 0.5054 2.8724, 1.017 0.4182 2.7989, 1.0159 0.4177 2.8684, 1.0246 0.3991 2.8675, 0.5683 0.9398 2.8274, 0.6627 0.8755 2.8925, 0.666 0.875 2.823, 0.6651 0.8738 2.8924, 0.6889 0.8571 2.8913, 0.5462 0.9544 2.8284, 0.5627 0.9439 2.8971, 0.5743 0.9378 2.8966, 0.4466 1.0032 2.8326, 0.4577 0.9992 2.9016, 0.5454 0.953 2.8978, 0.3148 1.052 2.8381, 0.3471 1.0414 2.9062, 0.4202 1.0162 2.8337, 0.4197 1.0147 2.9032, 0.4479 1.0043 2.902, -0.2287 1.0743 2.9305, -0.1297 1.0908 2.9263, -0.1138 1.0921 2.8562, -0.1104 1.0941 2.9255, -0.0845 1.0964 2.8549, -0.0844 1.095 2.9244, -0.0416 1.0968 2.8531, -0.0079 1.0976 2.9212, 0.0311 1.0976 2.8501, 0.0348 1.0991 2.9194, 0.0614 1.0979 2.8488, 0.0613 1.0965 2.9183, 0.1033 1.0928 2.847, 0.1125 1.0914 2.9161, 0.1752 1.084 2.844, 0.1801 1.0848 2.9133, 0.2043 1.0805 2.8428, 0.204 1.0793 2.9122, 0.246 1.071 2.841, 0.2314 1.073 2.9111, 0.2852 1.062 2.8394, 0.2849 1.0608 2.9088, 0.3093 1.0553 2.9078, -0.1854 1.0818 2.8592, -0.2289 1.0755 2.861, -0.2503 1.0707 2.9314, -0.2559 1.0679 2.8622, -0.3711 1.0351 2.867, -0.3686 1.0348 2.9363, -0.2519 1.0704 2.9314, -0.4886 0.9852 2.8719, -0.4817 0.9865 2.9411, -0.3917 1.0264 2.8679, -0.3888 1.0286 2.9372, -0.3707 1.0341 2.9364, -0.6113 0.9141 2.8772, -0.5857 0.928 2.9456, -0.5173 0.9685 2.8732, -0.517 0.9705 2.9426, -0.4879 0.9837 2.9414, -0.723 0.8286 2.8827, -0.6824 0.8593 2.9502, -0.6341 0.8966 2.8783, -0.6383 0.8955 2.9479, -0.6104 0.9127 2.9467, -0.8232 0.726 2.958, -0.7524 0.8019 2.9537, -0.7431 0.8085 2.8838, -0.7412 0.8111 2.9532, -0.7217 0.8271 2.9522, -0.7937 0.7581 2.8867, -0.8247 0.7274 2.8885, -0.8245 0.7245 2.9581, -0.8419 0.705 2.8897, -1.0906 0.1409 2.9155, -1.0839 0.1837 2.9832, -1.083 0.188 2.9136, -1.0834 0.1883 2.9831, -1.0796 0.209 2.9128, -1.0785 0.2087 2.9822, -1.0669 0.257 2.9108, -1.056 0.3015 2.9784, -1.0486 0.3262 2.9079, -1.0497 0.3276 2.9773, -1.042 0.3514 2.9068, -1.0407 0.3509 2.9762, -1.0244 0.3939 2.9049, -1.0153 0.4168 2.9733, -0.9968 0.4609 2.9019, -0.9981 0.4615 2.9713, -0.9863 0.4863 2.9007, -0.985 0.4856 2.9702, -0.9637 0.5253 2.8988, -0.9626 0.5267 2.9682, -0.9273 0.5882 2.8958, -0.9285 0.5892 2.9652, -0.9133 0.6125 2.8946, -0.9122 0.6117 2.964, -0.8861 0.6477 2.8927, -0.8991 0.63 2.9631, -0.8528 0.6941 2.9598, -1.0963 0.0499 2.9189, -1.0972 0.0613 2.988, -1.0886 0.1407 2.9849, -1.094 -0.087 2.9241, -1.0966 -0.0579 2.9924, -1.0996 -0.0026 2.9209, -1.0976 -0.0025 2.9904, -1.0986 0.0489 2.9884, -1.0741 -0.2252 2.9296, -1.0832 -0.175 2.997, -1.0904 -0.1426 2.9262, -1.0881 -0.1422 2.9957, -1.096 -0.0897 2.9936, -0.7783 -0.7737 3.0252, -0.8154 -0.7377 3.0232, -0.8159 -0.7338 2.9536, -0.8317 -0.7172 3.0221, -0.8632 -0.6793 2.9506, -0.8743 -0.6634 3.0192, -0.8759 -0.6647 2.9498, -0.9046 -0.6252 3.0172, -0.9051 -0.6204 2.9475, -0.9071 -0.6211 3.017, -0.9451 -0.5598 2.9445, -0.955 -0.5419 3.0131, -0.9564 -0.5427 2.9436, -0.9702 -0.5167 3.0118, -0.9792 -0.4958 2.9414, -0.9738 -0.5108 3.0115, -1.0109 -0.4306 2.9384, -1.015 -0.4175 3.0073, -1.0169 -0.4184 2.9378, -1.0199 -0.4066 3.0068, -1.0356 -0.3628 2.9354, -1.0329 -0.3773 3.0054, -1.0586 -0.2947 2.9324, -1.0578 -0.2916 3.0018, -1.0628 -0.2824 2.9319, -1.0607 -0.2817 3.0014, -1.0741 -0.2356 2.9994, -0.7798 -0.7753 2.9558, -0.7673 -0.7863 2.9565, -0.7457 -0.8054 3.0271, -0.7139 -0.8332 2.9593, -0.7125 -0.8376 3.029, -0.6676 -0.8711 3.0311, -0.6689 -0.8728 2.9617, -0.6518 -0.8829 3.0319, -0.6029 -0.9168 2.9647, -0.6 -0.9216 3.0344, -0.5511 -0.949 3.0365, -0.5489 -0.9529 2.9672, -0.5478 -0.9509 3.0366, -0.4761 -0.9912 3.0397, -0.4841 -0.9848 2.9699, -0.4461 -1.0035 3.0409, -0.4231 -1.015 2.9725, -0.4223 -1.0132 3.0419, -0.354 -1.0411 3.0448, -0.3555 -1.0382 2.9753, -0.3354 -1.0461 3.0456, -0.2883 -1.0612 2.9781, -0.2877 -1.0588 3.0476, -0.2192 -1.077 3.0505, -0.2882 -1.0612 2.9781, -0.2113 -1.0791 3.0508, -0.2179 -1.0754 2.9811, -0.1465 -1.0874 3.0536, -0.1471 -1.0897 2.9841, -0.1468 -1.0898 2.9841, -0.0998 -1.0934 3.0555, -0.0929 -1.0957 2.9864, 0.3404 -1.0443 3.0741, 0.253 -1.0685 3.0704, 0.2832 -1.0601 3.0022, 0.2241 -1.0766 3.0691, 0.2135 -1.0777 2.9993, 0.2217 -1.077 3.069, 0.1976 -1.0817 2.9986, 0.1974 -1.0804 3.068, 0.1422 -1.0881 2.9963, 0.1327 -1.0894 3.0653, 0.0702 -1.0964 2.9932, 0.0792 -1.0968 3.063, 0.0526 -1.0984 2.9925, 0.0526 -1.0969 3.0619, -0.0023 -1.0974 2.9902, 0.0111 -1.0972 3.0602, -0.0749 -1.096 2.9871, -0.0665 -1.0976 3.0569, -0.0927 -1.0943 3.0558, 0.4772 -0.9897 3.0798, 0.3716 -1.0343 3.0754, 0.3517 -1.0411 3.0051, 0.3408 -1.0455 3.0046, 0.3628 -1.0381 3.075, 0.4775 -0.9906 3.0104, 0.481 -0.9886 3.0105, 0.4847 -0.9865 3.0801, 0.4923 -0.9833 3.0804, 0.6 -0.9205 3.0157, 0.6148 -0.9117 3.0857, 0.5884 -0.929 3.0151, 0.5876 -0.9276 3.0846, 0.5314 -0.9605 3.0821, 0.9239 -0.5963 3.0343, 0.9202 -0.6019 3.1034, 0.9042 -0.6254 3.0328, 0.8953 -0.635 3.1017, 0.8969 -0.6362 3.0323, 0.8863 -0.647 3.1011, 0.8594 -0.6823 3.0298, 0.8324 -0.7185 3.0973, 0.8139 -0.7383 3.0268, 0.8106 -0.7406 3.0961, 0.8059 -0.7481 3.0263, 0.8045 -0.7468 3.0957, 0.7631 -0.7886 3.0239, 0.7312 -0.8213 3.0915, 0.7115 -0.8374 3.021, 0.7258 -0.8255 3.0912, 0.7018 -0.8465 3.0205, 0.7007 -0.845 3.09, 0.6323 -0.8982 3.0866, 1.0832 -0.1892 3.0525, 1.0798 -0.2034 3.1213, 1.0733 -0.2296 3.0508, 1.0779 -0.2174 3.1208, 1.0563 -0.299 3.0479, 1.0501 -0.3233 3.1163, 1.0481 -0.3328 3.0465, 1.0476 -0.3327 3.1159, 1.0345 -0.3673 3.045, 1.0452 -0.3416 3.1156, 1.0081 -0.4346 3.0419, 1.0068 -0.4375 3.1113, 0.9947 -0.4687 3.0404, 0.9943 -0.4685 3.1099, 0.9773 -0.5 3.0389, 0.9917 -0.475 3.1096, 0.9421 -0.5636 3.0359, 0.952 -0.5455 3.1062, 0.9235 -0.5961 3.1037, 1.0988 -0.0438 3.0581, 1.0969 -0.0779 3.1262, 1.0937 -0.0914 3.0562, 1.0964 -0.0813 3.1261, 1.0818 -0.189 3.1219, 1.0962 0.0866 3.063, 1.095 0.0865 3.1324, 1.0978 0.0638 3.1315, 1.097 0.0456 3.0614, 1.0976 0.0389 3.1306, 1.0971 -0.0438 3.1275, 1.0926 0.1053 3.1332, 1.0823 0.1833 3.0668, 1.0795 0.2096 3.1372, 1.0761 0.2262 3.0685, 1.0761 0.2225 3.1378, 0.9578 0.5355 3.1517, 0.9804 0.4965 3.1498, 0.981 0.4968 3.0803, 0.986 0.4869 3.1493, 0.9982 0.4564 3.0785, 1.001 0.4507 3.1477, 1.0267 0.3898 3.0755, 1.0367 0.3642 3.1438, 1.0374 0.3645 3.0743, 1.0416 0.3524 3.1432, 1.0494 0.3216 3.0725, 1.0453 0.3387 3.1427, 1.0751 0.226 3.1379, 0.9676 0.5221 3.0815, 0.9598 0.5367 3.0822, 0.9448 0.5579 3.1528, 0.9292 0.5837 3.0846, 0.9129 0.613 3.1554, 0.8896 0.6445 3.0876, 0.8783 0.6578 3.1578, 0.8801 0.6592 3.0884, 0.8772 0.6593 3.1579, 0.8444 0.7008 3.0906, 0.6745 0.8685 3.1003, 0.7106 0.8382 3.1679, 0.746 0.8048 3.0965, 0.7233 0.8283 3.1673, 0.7848 0.7703 3.0944, 0.7832 0.7687 3.1638, 0.7975 0.7555 3.0936, 0.7994 0.7525 3.1629, 0.825 0.727 3.1614, 0.6375 0.8935 3.102, 0.6248 0.9049 3.1721, 0.6734 0.8671 3.1697, 0.5213 0.9663 3.1072, 0.5098 0.9738 3.1771, 0.555 0.9493 3.1058, 0.5539 0.9474 3.1752, 0.6123 0.9124 3.1727, 0.3957 1.024 3.1125, 0.401 1.022 3.1817, 0.4327 1.0109 3.1109, 0.4318 1.0087 3.1804, 0.5032 0.9778 3.1774, 0.1583 1.0882 3.1225, 0.2239 1.0764 3.1892, 0.19 1.0814 3.1212, 0.2265 1.076 3.1891, 0.2604 1.0664 3.1182, 0.298 1.0559 3.1861, 0.2987 1.0583 3.1166, 0.3397 1.0442 3.1843, 0.3688 1.036 3.1831, -0.312 1.0527 3.2117, -0.2583 1.0666 3.2095, -0.2411 1.0703 3.1393, -0.205 1.0803 3.2072, -0.1707 1.0861 3.1363, -0.1686 1.0848 3.2057, -0.1688 1.0866 3.1363, -0.1382 1.0885 3.2044, -0.0987 1.0928 3.1333, -0.0621 1.0979 3.2012, -0.0264 1.0991 3.1303, -0.0233 1.0975 3.1996, -0.0233 1.0994 3.1301, -0.0166 1.0975 3.1993, 0.0151 1.0995 3.1285, 0.0151 1.0972 3.198, 0.0462 1.0971 3.1272, 0.082 1.0966 3.1952, 0.1185 1.0913 3.1242, 0.1045 1.0934 3.1942, 0.1579 1.0858 3.192, -0.4503 1.0017 3.2176, -0.3742 1.0323 3.2144, -0.3125 1.0543 3.1423, -0.3109 1.0547 3.1423, -0.344 1.0445 3.2131, -0.4877 0.9848 3.2191, -0.4509 1.003 3.1481, -0.577 0.9357 3.2229, -0.5649 0.9425 3.153, -0.5772 0.936 3.1535, -0.443 1.0059 3.1478, -0.4748 0.9919 3.2186, -0.7017 0.8467 3.2288, -0.6832 0.8617 3.1584, -0.7757 0.7764 3.2329, -0.7844 0.7701 3.1639, -0.7881 0.7647 3.2336, -0.7891 0.7658 3.1641, -0.8089 0.7449 3.2348, -0.6874 0.857 3.2281, -0.6824 0.8606 3.2279, -0.6789 0.8647 3.1582, -0.5916 0.9262 3.2236, -0.5833 0.9322 3.2232, -0.825 0.7249 3.2358, -0.8316 0.7159 3.1669, -0.8808 0.6556 3.2395, -0.8784 0.6609 3.1699, -0.8821 0.6566 3.1701, -0.9004 0.6312 3.2408, -0.9184 0.6004 3.1729, -0.9005 0.631 3.2409, -0.9578 0.5395 3.176, -0.9593 0.534 3.2456, -0.9608 0.5349 3.1762, -0.9636 0.5271 3.246, -0.9895 0.4742 3.179, -1.0676 0.2636 3.1883, -1.0661 0.2632 3.2578, -1.0649 0.2719 3.188, -1.0552 0.3011 3.2561, -1.0431 0.3402 3.185, -1.0342 0.3735 3.2531, -1.0228 0.4037 3.1823, -1.0213 0.403 3.2517, -1.0205 0.4087 3.182, -1.0154 0.4166 3.2511, -0.9761 0.5063 3.247, -1.0963 0.0609 3.2658, -1.0933 0.1182 3.1942, -1.0982 -0.0247 3.269, -1.0985 -0.0042 3.1988, -1.0994 -0.0246 3.1995, -1.0955 0.0959 3.2645, -1.0921 0.118 3.2636, -1.0906 0.1332 3.1936, -1.0825 0.1809 3.2611, -1.0741 0.2355 3.2589, -1.0868 -0.1678 3.205, -1.0868 -0.1673 3.2744, -1.0891 -0.1415 3.204, -1.0975 -0.0582 3.2702, -1.0987 -0.0453 3.2697, -1.0618 -0.2801 3.2096, -1.085 -0.1756 3.2748, -1.0867 -0.1678 3.2744, -0.8559 -0.6897 3.2983, -0.9055 -0.6201 3.2947, -0.9139 -0.6079 3.2247, -0.9357 -0.5776 3.2926, -0.9398 -0.5709 3.2228, -0.9394 -0.5706 3.2922, -0.9525 -0.5466 3.2216, -0.9683 -0.5159 3.2896, -0.986 -0.4821 3.2186, -1.004 -0.4485 3.2864, -1.0068 -0.4422 3.2167, -1.0064 -0.442 3.2861, -1.0161 -0.4164 3.2156, -1.0196 -0.4063 3.2846, -1.0408 -0.3486 3.2126, -1.0546 -0.3114 3.2804, -1.0558 -0.3074 3.2107, -1.0555 -0.3073 3.2802, -1.0589 -0.2924 3.2796, -0.8722 -0.6672 3.2277, -0.8562 -0.69 3.2289, -0.8521 -0.695 3.2986, -0.8261 -0.7226 3.2307, -0.6534 -0.8845 3.3097, -0.7463 -0.8061 3.3049, -0.7564 -0.7982 3.2349, -0.7561 -0.7978 3.3044, -0.7774 -0.7754 3.2337, -0.7619 -0.7929 3.3041, -0.8316 -0.7172 3.2998, -0.5211 -0.9683 3.2461, -0.5351 -0.9607 3.315, -0.5571 -0.9458 3.2445, -0.5499 -0.9511 3.3143, -0.6422 -0.8917 3.3102, -0.4308 -1.0117 3.2499, -0.4302 -1.0104 3.3194, -0.4354 -1.0095 3.2497, -0.4439 -1.0039 3.3188, -0.5207 -0.9675 3.3156, -0.2966 -1.0589 3.2556, -0.2962 -1.0577 3.325, -0.3025 -1.0568 3.2553, -0.3331 -1.0457 3.3235, -0.4044 -1.0226 3.3205, -0.162 -1.0872 3.2612, -0.2326 -1.0724 3.2583, -0.2169 -1.0757 3.3284, -0.2728 -1.0653 3.326, -0.0979 -1.0936 3.3334, -0.09 -1.0936 3.2643, -0.0122 -1.098 3.337, -0.0176 -1.0992 3.2673, -0.0123 -1.0996 3.2675, 0.0169 -1.0995 3.3382, 0.0549 -1.0958 3.2704, 0.0234 -1.099 3.3385, 0.1335 -1.09 3.3431, 0.1274 -1.0918 3.2734, 0.1336 -1.0915 3.2737, 0.1421 -1.0893 3.3435, 0.1986 -1.0798 3.2764, 0.1606 -1.0878 3.3443, 0.2546 -1.0676 3.3482, 0.255 -1.0697 3.2788, 0.2621 -1.066 3.3485, 0.2689 -1.0653 3.2794, 0.301 -1.0577 3.3502, 0.3962 -1.0258 3.2847, 0.38 -1.0296 3.3535, 0.3955 -1.024 3.3541, 0.404 -1.0222 3.2851, 0.4343 -1.0102 3.3558, 0.5277 -0.9648 3.2903, 0.4926 -0.9806 3.3582, 0.6473 -0.8867 3.3651, 0.6265 -0.9009 3.3641, 0.6453 -0.8901 3.2955, 0.5969 -0.9211 3.3628, 0.5293 -0.9638 3.2903, 0.5596 -0.9466 3.3611, 0.5269 -0.9632 3.3597, 0.6484 -0.8882 3.2956, 0.6788 -0.8651 3.2971, 0.6788 -0.8651 3.3665, 0.7525 -0.7991 3.301, 0.7196 -0.8284 3.3687, 0.6788 -0.8651 3.3665, 0.8064 -0.7457 3.3736, 0.8032 -0.7489 3.3039, 0.8738 -0.6675 3.3779, 0.8502 -0.6943 3.3069, 0.8786 -0.6612 3.3087, 1.0716 -0.2468 3.3279, 1.0634 -0.2798 3.396, 1.0515 -0.3131 3.3251, 1.047 -0.3291 3.3938, 1.0307 -0.382 3.3221, 1.0275 -0.3874 3.3913, 1.0289 -0.3879 3.3219, 1.0205 -0.4081 3.3904, 1.021 -0.4083 3.3209, 1.0179 -0.4159 3.3901, 1.0018 -0.4483 3.3191, 1.0048 -0.4429 3.3888, 0.9705 -0.5138 3.316, 0.9576 -0.5398 3.3843, 0.9579 -0.54 3.3148, 0.9547 -0.5458 3.384, 0.9341 -0.5764 3.313, 0.9504 -0.5522 3.3837, 0.8943 -0.6372 3.3099, 0.8834 -0.6531 3.3786, 0.8782 -0.6609 3.3782, 1.095 -0.1011 3.3337, 1.0907 -0.14 3.4016, 1.0832 -0.1748 3.3308, 1.0772 -0.2095 3.3988, 1.0699 -0.2465 3.3973, 1.0969 0.0412 3.4085, 1.0976 0.0317 3.4081, 1.0989 0.0413 3.339, 1.0996 -0.0002 3.4069, 1.0967 -0.0373 3.3361, 1.094 -0.0877 3.4036, 1.0932 -0.101 3.4031, 1.0841 0.1842 3.3445, 1.0822 0.1834 3.414, 1.0842 0.1838 3.3445, 1.0889 0.1504 3.4126, 1.0903 0.1434 3.4124, 1.0929 0.0997 3.3413, 0.9308 0.5855 3.3624, 0.9293 0.5846 3.4318, 0.9452 0.5613 3.4307, 0.9383 0.5716 3.3617, 0.9486 0.5562 3.4304, 0.9729 0.5076 3.3587, 0.9983 0.4569 3.4257, 0.9998 0.4576 3.3563, 1.0002 0.4532 3.4256, 1.0054 0.443 3.3556, 1.0134 0.4267 3.4243, 1.0312 0.3753 3.3526, 1.0431 0.3408 3.4206, 1.051 0.3235 3.3503, 1.0492 0.3229 3.4198, 1.0548 0.3075 3.3497, 1.0612 0.2883 3.4183, 1.0713 0.238 3.3468, 1.0739 0.2249 3.4157, 1.0822 0.1838 3.414, 0.8765 0.6624 3.4358, 0.8975 0.6314 3.3648, 0.8675 0.6757 3.4365, 0.8549 0.69 3.3678, 0.8436 0.7025 3.4379, 0.8449 0.7037 3.3685, 0.8225 0.7298 3.3699, 0.8207 0.7283 3.4394, 0.8078 0.7443 3.3708, 0.7969 0.7551 3.4408, 0.7568 0.7946 3.3737, 0.7049 0.8428 3.3765, 0.5998 0.9217 3.3816, 0.6108 0.9116 3.4505, 0.6646 0.8761 3.448, 0.7089 0.8377 3.4457, 0.7172 0.8336 3.3759, 0.7157 0.8318 3.4454, 0.7722 0.7829 3.4424, 0.4765 0.9911 3.3869, 0.5085 0.9729 3.455, 0.5933 0.9253 3.3819, 0.5446 0.9553 3.4535, 0.5986 0.9197 3.451, 0.2106 1.0768 3.4675, 0.2748 1.0648 3.4648, 0.2748 1.0625 3.3954, 0.2881 1.0604 3.4643, 0.3438 1.0444 3.3925, 0.345 1.0415 3.4619, 0.3458 1.0439 3.3924, 0.4015 1.0228 3.4595, 0.4736 0.9923 3.387, 0.415 1.0183 3.4589, 0.4755 0.9889 3.4564, 0.211 1.0792 3.3981, 0.2052 1.0799 3.3983, 0.1694 1.0846 3.4693, 0.1335 1.0891 3.4013, 0.1309 1.0918 3.4709, 0.0681 1.0952 3.4735, 0.0682 1.0975 3.4041, 0.0615 1.0975 3.4044, 0.0493 1.0962 3.4743, -0.0111 1.0972 3.4074, -0.4012 1.0221 3.4933, -0.3133 1.0531 3.4896, -0.296 1.0571 3.4194, -0.2982 1.0584 3.4889, -0.2609 1.0682 3.4179, -0.2605 1.0664 3.4874, -0.2268 1.0759 3.4165, -0.2215 1.0747 3.4857, -0.222 1.077 3.4163, -0.1934 1.0807 3.4845, -0.1554 1.0861 3.4135, -0.1578 1.0882 3.483, -0.0837 1.096 3.4105, -0.0774 1.0946 3.4796, -0.0776 1.0969 3.4102, -0.0723 1.095 3.4794, -0.014 1.0996 3.477, -0.3638 1.0357 3.4223, -0.4018 1.0236 3.4239, -0.4285 1.0125 3.4944, -0.4323 1.0111 3.4946, -0.6101 0.9125 3.4328, -0.6364 0.8941 3.5035, -0.5604 0.9462 3.5, -0.7287 0.8202 3.5081, -0.7206 0.8278 3.4382, -0.7586 0.7933 3.5097, -0.76 0.7948 3.4403, -0.7893 0.7657 3.5114, -0.7733 0.7803 3.4411, -0.8143 0.7362 3.513, -0.822 0.7276 3.444, -0.8504 0.6936 3.5153, -0.8521 0.695 3.4458, -0.8839 0.6541 3.5174, -0.8683 0.6723 3.447, -0.8911 0.6434 3.518, -0.9103 0.6133 3.45, -0.9355 0.5776 3.5213, -0.9357 0.5777 3.4519, -0.938 0.5738 3.5215, -0.9506 0.5498 3.5226, -0.9492 0.5521 3.4531, -1.0038 0.4485 3.5275, -0.9831 0.4879 3.4561, -1.004 0.4486 3.458, -1.0053 0.4455 3.5276, -1.0136 0.4224 3.4592, -1.0927 0.1235 3.4717, -1.0862 0.1714 3.5393, -1.0757 0.2168 3.468, -1.0782 0.2067 3.5378, -1.0663 0.2688 3.4659, -1.0644 0.2683 3.5353, -1.0614 0.2865 3.4651, -1.0548 0.3109 3.5335, -1.0544 0.3123 3.464, -1.0543 0.3122 3.5335, -1.0387 0.3546 3.4622, -1.049 0.3267 3.5328, -1.0068 0.4414 3.5278, -1.0995 -0.0196 3.4771, -1.0993 0.0293 3.5447, -1.0948 0.0788 3.4734, -1.0942 0.0848 3.5426, -1.0906 0.1233 3.5411, -1.0868 -0.1543 3.5517, -1.0938 -0.1134 3.5501, -1.0881 -0.1592 3.4824, -1.0963 -0.0582 3.4786, -1.0967 -0.0367 3.5472, -1.0974 -0.0195 3.5466, -1.086 -0.1589 3.5519, -1.0802 -0.1961 3.4839, -1.0687 -0.2589 3.5559, -1.0654 -0.2656 3.4868, -1.0648 -0.2715 3.5565, -1.0582 -0.2989 3.4882, -1.0563 -0.2983 3.5576, -1.0459 -0.3343 3.4897, -1.0286 -0.3865 3.5614, -1.0221 -0.4025 3.4927, -1.0246 -0.3993 3.562, -1.0131 -0.4237 3.5631, -1.0144 -0.4243 3.4937, -0.9791 -0.4965 3.5665, -0.9925 -0.4684 3.4957, -0.9631 -0.5308 3.5681, -0.9601 -0.5334 3.4988, -0.9488 -0.5531 3.5692, -0.95 -0.5538 3.4997, -0.9279 -0.5857 3.5708, -0.9221 -0.5951 3.5018, -0.8848 -0.6529 3.5742, -0.8814 -0.6552 3.5049, -0.867 -0.674 3.5753, -0.8681 -0.6749 3.5059, -0.8574 -0.6853 3.5759, -0.8359 -0.7111 3.5079, -0.7923 -0.7625 3.5801, -0.7881 -0.7649 3.5108, -0.7763 -0.7771 3.581, -0.7714 -0.7837 3.5119, -0.7703 -0.7826 3.5813, -0.7351 -0.8147 3.5832, -0.7378 -0.8154 3.5137, -0.7367 -0.8164 3.5138, -0.6208 -0.9076 3.5195, -0.6195 -0.9057 3.589, -0.6278 -0.9021 3.5192, -0.6849 -0.8601 3.5859, -0.6867 -0.8588 3.5858, -0.3696 -1.0357 3.5303, -0.377 -1.0304 3.5994, -0.3838 -1.0296 3.5297, -0.4419 -1.007 3.5967, -0.4986 -0.9801 3.5249, -0.4802 -0.9871 3.5951, -0.4975 -0.9781 3.5943, -0.5104 -0.9731 3.5243, -0.5688 -0.9411 3.5913, -0.5846 -0.9301 3.5906, -0.2316 -1.075 3.5361, -0.2628 -1.0657 3.6042, -0.2476 -1.0704 3.5354, -0.303 -1.0571 3.6025, -0.3688 -1.0333 3.5997, 0.0369 -1.0968 3.6168, -0.0143 -1.0996 3.6147, -0.0327 -1.0967 3.5444, -0.024 -1.0988 3.6143, -0.1053 -1.0944 3.5414, -0.108 -1.0921 3.6107, -0.1082 -1.0943 3.5413, -0.1446 -1.0892 3.6092, -0.1768 -1.0835 3.5384, -0.1593 -1.088 3.6086, -0.2311 -1.0725 3.6055, 0.037 -1.099 3.5474, 0.0398 -1.0987 3.5475, 0.0978 -1.0936 3.6194, 0.112 -1.0915 3.5505, 0.1304 -1.0918 3.6208, 0.1823 -1.0844 3.5535, 0.1819 -1.0823 3.6229, 0.184 -1.084 3.5536, 0.218 -1.0756 3.6244, 0.254 -1.0674 3.5565, 0.2714 -1.0656 3.6267, 0.3236 -1.0509 3.5595, 0.3242 -1.0485 3.6289, 0.3249 -1.0506 3.5595, 0.3371 -1.0443 3.6295, 0.3776 -1.0328 3.5617, 0.454 -0.999 3.5649, 0.4072 -1.0215 3.6324, 0.3771 -1.0313 3.6311, 0.5588 -0.9455 3.6388, 0.5368 -0.9597 3.6379, 0.5111 -0.9737 3.5673, 0.5104 -0.9723 3.6368, 0.4519 -1.0002 3.6343, 0.7418 -0.8117 3.5781, 0.7314 -0.8181 3.6471, 0.6878 -0.8551 3.5754, 0.6584 -0.8806 3.6433, 0.6571 -0.8817 3.6433, 0.9247 -0.5951 3.5899, 0.8929 -0.6405 3.657, 0.8849 -0.649 3.5871, 0.8671 -0.6762 3.6552, 0.8419 -0.7072 3.5841, 0.8398 -0.7068 3.6535, 0.8413 -0.7081 3.584, 0.8162 -0.7333 3.652, 0.7922 -0.7592 3.5811, 0.7693 -0.7858 3.6491, 0.7406 -0.8103 3.6476, 1.0662 -0.2586 3.6051, 1.052 -0.3137 3.6723, 1.0493 -0.3282 3.6022, 1.0473 -0.3311 3.6715, 1.0485 -0.3314 3.6021, 1.0418 -0.3518 3.6707, 1.0235 -0.3955 3.5992, 1.0104 -0.428 3.6672, 0.9971 -0.4629 3.5962, 0.9943 -0.4669 3.6655, 0.9954 -0.4674 3.596, 0.9869 -0.4849 3.6647, 0.9625 -0.5267 3.5932, 0.9567 -0.5374 3.6621, 0.9274 -0.5902 3.5901, 0.9237 -0.5945 3.6593, 0.9142 -0.611 3.6585, 1.0835 -0.1878 3.6081, 1.0788 -0.2132 3.6765, 1.0583 -0.2901 3.6733, 1.0974 -0.0442 3.6831, 1.0974 -0.0479 3.6829, 1.0988 -0.0442 3.6136, 1.0974 -0.0706 3.6821, 1.0907 -0.1203 3.6107, 1.0845 -0.1696 3.6782, 1.0821 -0.1876 3.6775, 1.0974 0.0712 3.6874, 1.0974 0.0712 3.6874, 1.0954 0.097 3.6189, 1.0973 0.0168 3.6159, 1.0739 0.2366 3.6244, 1.078 0.2172 3.6931, 1.0866 0.1542 3.6212, 1.0818 0.1883 3.692, 1.094 0.0968 3.6884, 0.8181 0.7334 3.6479, 0.8285 0.7231 3.7168, 0.8634 0.6772 3.6449, 0.8983 0.6316 3.712, 0.8999 0.632 3.6425, 0.8987 0.6311 3.712, 0.9073 0.6198 3.6419, 0.9158 0.6086 3.7108, 0.945 0.5577 3.6389, 0.9621 0.5278 3.7069, 0.9757 0.5072 3.6364, 0.9744 0.5065 3.7058, 0.9811 0.4948 3.6358, 0.9883 0.4821 3.7046, 1.0102 0.4284 3.6328, 1.0145 0.4191 3.7018, 1.0339 0.3745 3.6303, 1.0331 0.3742 3.6998, 1.0376 0.3617 3.6298, 1.0391 0.3598 3.6991, 1.0576 0.2926 3.6268, 1.0541 0.3046 3.6968, 1.0728 0.2363 3.6939, 0.7011 0.8471 3.6546, 0.7272 0.8248 3.7226, 0.7676 0.7842 3.6509, 0.7364 0.8156 3.7221, 0.8082 0.7456 3.6486, 0.8071 0.7445 3.718, 0.8234 0.7281 3.7171, 0.5395 0.9557 3.7314, 0.6134 0.9126 3.7282, 0.6404 0.894 3.6575, 0.6393 0.8927 3.7269, 0.6617 0.8775 3.6565, 0.641 0.8914 3.7269, 0.7001 0.8458 3.724, 0.3917 1.0275 3.6682, 0.3909 1.0258 3.7377, 0.4229 1.0133 3.6669, 0.4336 1.0079 3.7359, 0.491 0.9839 3.7335, -0.0142 1.0972 3.7548, 0.0683 1.0975 3.7513, 0.0766 1.0954 3.6815, 0.0855 1.0953 3.7506, 0.1135 1.0937 3.6799, 0.1132 1.0917 3.7494, 0.1485 1.0878 3.6785, 0.206 1.0797 3.7455, 0.2198 1.0757 3.6755, 0.2125 1.0789 3.7452, 0.2549 1.0697 3.674, 0.2544 1.0677 3.7435, 0.2894 1.0591 3.6725, 0.3224 1.0495 3.7406, 0.3553 1.0407 3.7392, 0.0041 1.0987 3.6845, -0.0142 1.0996 3.6853, -0.0359 1.0971 3.7557, -0.0683 1.0952 3.6876, -0.3953 1.0257 3.7708, -0.3584 1.0396 3.7693, -0.3036 1.0569 3.6975, -0.303 1.0547 3.7669, -0.2818 1.0616 3.6966, -0.2772 1.0618 3.7658, -0.2116 1.0768 3.6936, -0.22 1.0774 3.7634, -0.1599 1.0879 3.6914, -0.1596 1.0857 3.7609, -0.1406 1.0895 3.6906, -0.1574 1.086 3.7608, -0.0774 1.0969 3.7574, -0.3955 1.0262 3.7712, 0.2102 1.1017 3.7586, 1.1358 -0.3387 3.7219, -0.3337 -1.2003 3.6872, -0.3608 -1.1932 3.6867, -0.3687 -1.1911 3.6866, -0.4289 -1.1723 3.6855, -0.449 -1.166 3.6851, -0.4667 -1.1596 3.6848, -0.2977 -1.2078 3.6879, -0.2515 -1.2174 3.6888, -0.1773 -1.2278 3.6901, -0.1685 -1.229 3.6903, -0.1632 -1.2293 3.6904, -0.0846 -1.2349 3.6919, -0.027 -1.235 3.6929, 0.0 -1.235 3.6934, 0.0132 -1.2345 3.6937, 0.097 -1.228 3.6953, 0.1097 -1.2262 3.6955, 0.1802 -1.2159 3.6968, 0.1832 -1.2152 3.6969, 0.2437 -1.2025 3.698, 0.2467 -1.2019 3.6981, 0.3274 -1.1797 3.6996, 0.3603 -1.1682 3.7003, 0.3754 -1.1629 3.7005, 0.4066 -1.152 3.7011, 0.4839 -1.1189 3.7026, 0.5016 -1.1099 3.703, 0.528 -1.0964 3.7035, 0.5594 -1.0804 3.7041, 0.618 -1.0455 3.7052, 0.6206 -1.044 3.7053, 0.7538 -0.946 3.7081, 0.7245 -0.9691 3.7075, 0.689 -0.9972 3.7067, 0.6828 -1.0015 3.7065, 0.8727 -0.8299 3.7112, 0.8206 -0.8844 3.7098, 0.8151 -0.8902 3.7096, 0.8045 -0.8999 3.7094, 1.012 -0.6384 3.7157, 0.9738 -0.6987 3.7143, 0.9679 -0.7081 3.7141, 0.9384 -0.7483 3.7131, 0.9191 -0.7746 3.7125, 0.8946 -0.8038 3.7118, 1.0342 -0.5971 3.7166, 1.0954 -0.464 3.7194, 1.0857 -0.4895 3.7189, 1.0513 -0.5655 3.7173, 1.0409 -0.5847 3.7169, 1.1322 -0.3536 3.7217, 1.1075 -0.4323 3.7201, 1.1067 -0.4344 3.72, 1.1514 -0.2734 3.7232, 1.1419 -0.313 3.7224, 1.1732 -0.1088 3.7262, 1.166 -0.1824 3.7249, 1.1651 -0.1918 3.7248, 1.1531 -0.2632 3.7234, 1.1694 0.0758 3.7295, 1.1733 0.0351 3.7288, 1.1754 -0.0468 3.7273, 1.1752 -0.0512 3.7273, 1.1739 -0.088 3.7266, 1.1328 0.2765 3.7332, 1.1369 0.2595 3.7329, 1.1512 0.2003 3.7318, 1.1521 0.1967 3.7317, 1.1656 0.1163 3.7302, 1.1683 0.0875 3.7297, 1.0849 0.4138 3.7361, 1.1137 0.3381 3.7345, 1.1184 0.3232 3.7342, 1.0803 0.4239 3.7363, 1.0716 0.4426 3.7367, 1.0509 0.4874 3.7377, 0.967 0.6274 3.7409, 0.9996 0.5771 3.7397, 1.0131 0.5558 3.7392, 1.0116 0.5586 3.7393, 0.8978 0.7159 3.7432, 0.9415 0.6621 3.7418, 0.9343 0.672 3.742, 0.7661 0.8476 3.7468, 0.7772 0.8376 3.7466, 0.8263 0.793 3.7453, 0.8586 0.7592 3.7443, 0.8824 0.7344 3.7437, 0.7656 0.848 3.7469, 0.7016 0.8983 3.7484, 0.6645 0.9241 3.7492, 0.6594 0.9277 3.7494, 0.4909 1.0194 3.7528, 0.5191 1.0072 3.7523, 0.5574 0.9872 3.7515, 0.5905 0.97 3.7508, 0.6405 0.9393 3.7498, 0.3691 1.0658 3.7553, 0.4454 1.0391 3.7538, 0.4467 1.0385 3.7537, 0.332 1.0763 3.7561, 0.3307 1.0766 3.7561, 0.239 1.0975 3.758, 0.3168 1.0806 3.7564, 0.0871 1.1142 3.7611, 0.1603 1.1089 3.7596, 0.167 1.108 3.7594, 0.0805 1.1147 3.7612, 0.0 1.1147 3.7629, -0.0364 1.1126 3.7636, -0.0536 1.1115 3.764, -0.2634 1.0733 3.7684, -0.186 1.0923 3.7668, -0.1589 1.0969 3.7662, -0.1584 1.097 3.7662, -0.1073 1.1057 3.7651, -0.3394 1.0488 3.77, -0.3192 1.0554 3.7696, -0.279 1.0683 3.7687, 0.0 -0.9 4.0551, 0.0 -0.9 3.0945, -0.1481 -0.8877 4.0551, -0.1563 -0.8863 3.0945, -0.1561 -0.8857 4.0551, -0.2922 -0.8512 4.0551, -0.3078 -0.8457 3.0945, -0.3073 -0.8446 4.0551, -0.4284 -0.7915 4.0551, -0.45 -0.7794 3.0945, -0.4491 -0.778 4.0551, -0.5528 -0.7102 4.0551, -0.5785 -0.6894 3.0945, -0.5771 -0.6879 4.0551, -0.6622 -0.6096 4.0551, -0.6894 -0.5785 3.0945, -0.6875 -0.577 4.0551, -0.7535 -0.4923 4.0551, -0.7794 -0.45 3.0945, -0.777 -0.4487 4.0551, -0.8242 -0.3615 4.0551, -0.8457 -0.3078 3.0945, -0.843 -0.3069 4.0551, -0.8725 -0.2209 4.0551, -0.8863 -0.1563 3.0945, -0.8833 -0.1558 4.0551, -0.8969 -0.0743 4.0551, -0.9 -0.0 3.0945, -0.8969 -0.0 4.0551, -0.8969 0.0743 4.0551, -0.8863 0.1563 3.0945, -0.8833 0.1558 4.0551, -0.8725 0.2209 4.0551, -0.8457 0.3078 3.0945, -0.843 0.3069 4.0551, -0.8242 0.3615 4.0551, -0.7794 0.45 3.0945, -0.777 0.4487 4.0551, -0.7535 0.4923 4.0551, -0.6894 0.5785 3.0945, -0.6875 0.577 4.0551, -0.6622 0.6096 4.0551, -0.5785 0.6894 3.0945, -0.5771 0.6879 4.0551, -0.5528 0.7102 4.0551, -0.45 0.7794 3.0945, -0.4491 0.778 4.0551, -0.4284 0.7915 4.0551, -0.3078 0.8457 3.0945, -0.3073 0.8446 4.0551, -0.2922 0.8512 4.0551, -0.1563 0.8863 3.0945, -0.1561 0.8857 4.0551, -0.1481 0.8877 4.0551, 0.0 0.9 3.0945, 0.0 0.9 4.0551, -0.0763 -0.8232 3.0945, 0.0763 -0.8232 3.0945, 0.1563 -0.8863 3.0945, 0.2263 -0.7952 3.0945, 0.3078 -0.8457 3.0945, 0.3685 -0.7401 3.0945, 0.45 -0.7794 3.0945, 0.4982 -0.6598 3.0945, 0.5785 -0.6894 3.0945, 0.611 -0.557 3.0945, 0.6894 -0.5785 3.0945, 0.7029 -0.4352 3.0945, 0.7794 -0.45 3.0945, 0.7709 -0.2987 3.0945, 0.8457 -0.3078 3.0945, 0.8127 -0.1519 3.0945, 0.8863 -0.1563 3.0945, 0.8268 -0.0 3.0945, 0.9 0.0 3.0945, 0.8127 0.1519 3.0945, 0.8863 0.1563 3.0945, 0.7709 0.2987 3.0945, 0.8457 0.3078 3.0945, 0.7029 0.4352 3.0945, 0.7794 0.45 3.0945, 0.611 0.557 3.0945, 0.6894 0.5785 3.0945, 0.4982 0.6598 3.0945, 0.5785 0.6894 3.0945, 0.3685 0.7401 3.0945, 0.45 0.7794 3.0945, 0.2263 0.7952 3.0945, 0.3078 0.8457 3.0945, 0.0763 0.8232 3.0945, 0.1563 0.8863 3.0945, -0.0763 0.8232 3.0945, -0.2263 0.7952 3.0945, -0.3685 0.7401 3.0945, -0.4982 0.6598 3.0945, -0.611 0.557 3.0945, -0.7029 0.4352 3.0945, -0.7709 0.2987 3.0945, -0.8127 0.1519 3.0945, -0.8268 0.0 3.0945, -0.8127 -0.1519 3.0945, -0.7709 -0.2987 3.0945, -0.7029 -0.4352 3.0945, -0.611 -0.557 3.0945, -0.4982 -0.6598 3.0945, -0.3685 -0.7401 3.0945, -0.2263 -0.7952 3.0945, 0.1481 0.8877 4.0551, 0.1561 0.8857 4.0551, 0.2922 0.8512 4.0551, 0.3073 0.8446 4.0551, 0.4284 0.7915 4.0551, 0.4491 0.778 4.0551, 0.5528 0.7102 4.0551, 0.5771 0.6879 4.0551, 0.6622 0.6096 4.0551, 0.6875 0.577 4.0551, 0.7535 0.4923 4.0551, 0.777 0.4487 4.0551, 0.8242 0.3615 4.0551, 0.843 0.3069 4.0551, 0.8725 0.2209 4.0551, 0.8833 0.1558 4.0551, 0.8969 0.0743 4.0551, 0.8969 0.0 4.0551, 0.8969 -0.0743 4.0551, 0.8833 -0.1558 4.0551, 0.8725 -0.2209 4.0551, 0.843 -0.3069 4.0551, 0.8242 -0.3615 4.0551, 0.777 -0.4487 4.0551, 0.7535 -0.4923 4.0551, 0.6875 -0.577 4.0551, 0.6622 -0.6096 4.0551, 0.5771 -0.6879 4.0551, 0.5528 -0.7102 4.0551, 0.4491 -0.778 4.0551, 0.4284 -0.7915 4.0551, 0.3073 -0.8446 4.0551, 0.2922 -0.8512 4.0551, 0.1561 -0.8857 4.0551, 0.1481 -0.8877 4.0551, 0.0 1.06 3.7945, -0.1515 1.0491 3.7945, 0.0 1.06 4.0551, -0.1658 1.0469 4.0551, -0.1656 1.046 3.7945, -0.3068 1.0146 3.7945, -0.3276 1.0081 4.0551, -0.3271 1.0068 3.7945, -0.4553 0.9573 3.7945, -0.4812 0.9445 4.0551, -0.4803 0.9429 3.7945, -0.5934 0.8783 3.7945, -0.6231 0.8576 4.0551, -0.6217 0.8559 3.7945, -0.7182 0.7796 3.7945, -0.7495 0.7495 4.0551, -0.7478 0.7479 3.7945, -0.8268 0.6633 3.7945, -0.8576 0.6231 4.0551, -0.8554 0.6216 3.7945, -0.9168 0.5321 3.7945, -0.9445 0.4812 4.0551, -0.942 0.48 3.7945, -0.9861 0.3889 3.7945, -1.0081 0.3276 4.0551, -1.0054 0.3267 3.7945, -1.0332 0.2369 3.7945, -1.0469 0.1658 4.0551, -1.044 0.1654 3.7945, -1.057 0.0796 3.7945, -1.06 -0.0 4.0551, -1.057 -0.0 3.7945, -1.057 -0.0796 3.7945, -1.0469 -0.1658 4.0551, -1.044 -0.1654 3.7945, -1.0332 -0.2369 3.7945, -1.0081 -0.3276 4.0551, -1.0054 -0.3267 3.7945, -0.9861 -0.3889 3.7945, -0.9445 -0.4812 4.0551, -0.942 -0.48 3.7945, -0.9168 -0.5321 3.7945, -0.8576 -0.6231 4.0551, -0.8554 -0.6216 3.7945, -0.8268 -0.6633 3.7945, -0.7495 -0.7495 4.0551, -0.7478 -0.7479 3.7945, -0.7182 -0.7796 3.7945, -0.6231 -0.8576 4.0551, -0.6217 -0.8559 3.7945, -0.5934 -0.8783 3.7945, -0.4812 -0.9445 4.0551, -0.4803 -0.9429 3.7945, -0.4553 -0.9573 3.7945, -0.3276 -1.0081 4.0551, -0.3271 -1.0068 3.7945, -0.3068 -1.0146 3.7945, -0.1658 -1.0469 4.0551, 0.0 -1.06 3.7945, 0.0 -1.06 4.0551, -0.1515 -1.0491 3.7945, -0.1656 -1.046 3.7945, -0.9362 -0.0776 4.0945, -1.0081 -0.1597 4.0945, -0.9106 -0.2306 4.0945, -0.9707 -0.3154 4.0945, -0.8602 -0.3773 4.0945, -0.9094 -0.4634 4.0945, -0.7864 -0.5138 4.0945, -0.8257 -0.5999 4.0945, -0.6911 -0.6362 4.0945, -0.7217 -0.7217 4.0945, -0.577 -0.7413 4.0945, -0.5999 -0.8257 4.0945, -0.4471 -0.8262 4.0945, -0.4634 -0.9094 4.0945, -0.305 -0.8885 4.0945, -0.3154 -0.9707 4.0945, -0.1546 -0.9266 4.0945, -0.1597 -1.0081 4.0945, 0.0 -0.9394 4.0945, 0.0 -1.0206 4.0945, 0.1546 -0.9266 4.0945, 0.1597 -1.0081 4.0945, 0.305 -0.8885 4.0945, 0.3154 -0.9707 4.0945, 0.4471 -0.8262 4.0945, 0.4634 -0.9094 4.0945, 0.577 -0.7413 4.0945, 0.5999 -0.8257 4.0945, 0.6911 -0.6362 4.0945, 0.7217 -0.7217 4.0945, 0.7864 -0.5138 4.0945, 0.8257 -0.5999 4.0945, 0.8602 -0.3773 4.0945, 0.9094 -0.4634 4.0945, 0.9106 -0.2306 4.0945, 0.9707 -0.3154 4.0945, 0.9362 -0.0776 4.0945, 1.0081 -0.1597 4.0945, 0.9362 0.0776 4.0945, 1.0206 0.0 4.0945, 1.0081 0.1597 4.0945, 0.9106 0.2306 4.0945, 0.9707 0.3154 4.0945, 0.8602 0.3773 4.0945, 0.9094 0.4634 4.0945, 0.7864 0.5138 4.0945, 0.8257 0.5999 4.0945, 0.6911 0.6362 4.0945, 0.7217 0.7217 4.0945, 0.577 0.7413 4.0945, 0.5999 0.8257 4.0945, 0.4471 0.8262 4.0945, 0.4634 0.9094 4.0945, 0.305 0.8885 4.0945, 0.3154 0.9707 4.0945, 0.1546 0.9266 4.0945, 0.1597 1.0081 4.0945, 0.0 0.9394 4.0945, 0.0 1.0206 4.0945, -0.1546 0.9266 4.0945, -0.1597 1.0081 4.0945, -0.305 0.8885 4.0945, -0.3154 0.9707 4.0945, -0.4471 0.8262 4.0945, -0.4634 0.9094 4.0945, -0.577 0.7413 4.0945, -0.5999 0.8257 4.0945, -0.6911 0.6362 4.0945, -0.7217 0.7217 4.0945, -0.7864 0.5138 4.0945, -0.8257 0.5999 4.0945, -0.8602 0.3773 4.0945, -0.9094 0.4634 4.0945, -0.9106 0.2306 4.0945, -0.9707 0.3154 4.0945, -0.9362 0.0776 4.0945, -1.0081 0.1597 4.0945, -1.0206 -0.0 4.0945, 0.158 -1.0482 3.7945, 0.1658 -1.0469 4.0551, 0.1657 -1.0464 3.7945, 0.3124 -1.0129 3.7945, 0.3276 -1.0081 4.0551, 0.3272 -1.0071 3.7945, 0.4599 -0.955 3.7945, 0.4812 -0.9445 4.0551, 0.4805 -0.9432 3.7945, 0.5971 -0.8758 3.7945, 0.6231 -0.8576 4.0551, 0.6219 -0.8561 3.7945, 0.721 -0.777 3.7945, 0.7495 -0.7495 4.0551, 0.7479 -0.748 3.7945, 0.8287 -0.6609 3.7945, 0.8576 -0.6231 4.0551, 0.8555 -0.6217 3.7945, 0.918 -0.53 3.7945, 0.9445 -0.4812 4.0551, 0.942 -0.4801 3.7945, 0.9867 -0.3873 3.7945, 1.0081 -0.3276 4.0551, 1.0054 -0.3267 3.7945, 1.0334 -0.2359 3.7945, 1.0469 -0.1658 4.0551, 1.044 -0.1654 3.7945, 1.057 -0.0792 3.7945, 1.06 0.0 4.0551, 1.057 0.0 3.7945, 1.057 0.0792 3.7945, 1.0469 0.1658 4.0551, 1.044 0.1654 3.7945, 1.0334 0.2359 3.7945, 1.0081 0.3276 4.0551, 1.0054 0.3267 3.7945, 0.9867 0.3873 3.7945, 0.9445 0.4812 4.0551, 0.942 0.4801 3.7945, 0.918 0.53 3.7945, 0.8576 0.6231 4.0551, 0.8555 0.6217 3.7945, 0.8287 0.6609 3.7945, 0.7495 0.7495 4.0551, 0.7479 0.748 3.7945, 0.721 0.777 3.7945, 0.6231 0.8576 4.0551, 0.6219 0.8561 3.7945, 0.5971 0.8758 3.7945, 0.4812 0.9445 4.0551, 0.4805 0.9432 3.7945, 0.4599 0.955 3.7945, 0.3276 1.0081 4.0551, 0.3272 1.0071 3.7945, 0.3124 1.0129 3.7945, 0.1658 1.0469 4.0551, 0.158 1.0482 3.7945, 0.1657 1.0464 3.7945, -1.0628 0.3789 2.3339, -1.0639 0.3758 2.334, -0.3545 -1.1347 2.3691, 1.1918 -0.377 2.4042, 1.1597 -0.4573 2.4026, 1.1712 -0.4315 2.4031, 1.1886 -0.3855 2.404, 1.073 -0.6227 2.3991, 1.0825 -0.6073 2.3995, 1.0977 -0.5827 2.4, 1.1226 -0.5356 2.401, 1.137 -0.5083 2.4016, 1.1579 -0.4615 2.4025, 1.0533 -0.6544 2.3984, 1.0378 -0.6761 2.3979, 1.0038 -0.7234 2.3969, 0.9889 -0.7416 2.3964, 0.9018 -0.8399 2.394, 0.9359 -0.8032 2.3949, 0.959 -0.7783 2.3955, 0.9634 -0.7729 2.3957, 0.8406 -0.8975 2.3925, 0.8796 -0.8608 2.3934, 0.6951 -1.0075 2.3893, 0.7062 -1.0004 2.3895, 0.7754 -0.9511 2.391, 0.8203 -0.9142 2.392, 0.8328 -0.904 2.3923, 0.685 -1.014 2.3891, 0.6732 -1.0215 2.3888, 0.6005 -1.0631 2.3874, 0.562 -1.0818 2.3867, 0.5256 -1.0994 2.386, 0.3447 -1.1625 2.3826, 0.351 -1.1608 2.3827, 0.3688 -1.156 2.3831, 0.4196 -1.1397 2.384, 0.4484 -1.1303 2.3846, 0.5233 -1.1003 2.386, 0.329 -1.1666 2.3823, 0.2677 -1.1796 2.3812, 0.2481 -1.1838 2.3808, 0.1894 -1.192 2.3797, 0.1662 -1.1953 2.3792, 0.1725 -1.1944 2.3794, -0.051 -1.1985 2.3751, -0.0486 -1.1986 2.3751, 0.0 -1.2013 2.376, 0.0308 -1.2012 2.3766, 0.0835 -1.2011 2.3776, 0.1103 -1.1992 2.3782, -0.1332 -1.1894 2.3735, -0.1273 -1.19 2.3736, -0.2146 -1.1746 2.3719, -0.2048 -1.1764 2.3721, -0.178 -1.1812 2.3726, -0.3504 -1.136 2.3692, -0.295 -1.1542 2.3703, -0.2807 -1.1579 2.3706, -0.5135 -1.0664 2.366, -0.506 -1.0706 2.3662, -0.4943 -1.0761 2.3664, -0.4311 -1.1056 2.3676, -0.3743 -1.1281 2.3688, -0.5781 -1.0306 2.3647, -0.622 -1.0021 2.3638, -0.6473 -0.9856 2.3633, -0.7974 -0.8594 2.3597, -0.7625 -0.8934 2.3606, -0.7403 -0.9126 2.3612, -0.7133 -0.9357 2.3618, -0.6636 -0.9733 2.3629, -0.8206 -0.8366 2.3591, -0.848 -0.8058 2.3583, -0.8747 -0.7759 2.3575, -0.897 -0.747 2.3568, -0.97 -0.6428 2.3543, -0.942 -0.6848 2.3553, -0.9245 -0.7113 2.3559, -0.9121 -0.7274 2.3563, -1.0011 -0.589 2.3531, -0.9832 -0.6199 2.3538, -1.0373 -0.5163 2.3515, -1.0194 -0.5522 2.3523, -1.0053 -0.5805 2.3529, -1.0684 -0.4412 2.3498, -1.0512 -0.4826 2.3507, -1.0942 -0.3639 2.3482, -1.0783 -0.4114 2.3492, -1.0748 -0.4219 2.3494, -1.1146 -0.2843 2.3466, -1.1005 -0.3392 2.3477, -1.1203 -0.2557 2.3461, -1.1182 -0.2663 2.3463, -1.1357 -0.1526 2.3441, -1.1247 -0.2333 2.3456, -1.1402 -0.0854 2.3429, -1.1378 -0.1208 2.3435, -1.1346 0.0912 2.3397, -1.1351 0.0851 2.3398, -1.1399 0.022 2.3409, -1.1408 0.0098 2.3411, -1.1411 -0.0715 2.3426, -1.1267 0.1483 2.3386, -1.1235 0.1641 2.3383, -1.1109 0.2265 2.3371, -1.0886 0.3062 2.3355, -1.0896 0.3034 2.3355, -1.1039 0.2519 2.3366, -1.0059 0.5005 2.3312, -1.0303 0.4529 2.3323, -1.0343 0.4438 2.3325, -1.0485 0.4115 2.3332, -0.9706 0.5604 2.3298, -1.0004 0.5098 2.331, -0.8743 0.6919 2.3264, -0.9201 0.6348 2.3279, -0.9204 0.6344 2.3279, -0.9624 0.5736 2.3294, -0.9654 0.5692 2.3295, -0.7731 0.7965 2.3234, -0.7762 0.7939 2.3235, -0.8151 0.7566 2.3246, -0.825 0.7459 2.3249, -0.87 0.6974 2.3262, -0.8717 0.6952 2.3263, -0.6617 0.8849 2.3206, -0.7154 0.8455 2.3219, -0.7541 0.8126 2.3229, -0.5436 0.9564 2.318, -0.5832 0.9353 2.3189, -0.6214 0.9113 2.3197, -0.651 0.8927 2.3204, 0.5934 -0.8783 2.2945, 0.1515 -1.0491 2.2945, 0.0 -1.06 2.2945, 0.3068 -1.0146 2.2945, 0.1656 -1.046 2.2945, 0.3271 -1.0068 2.2945, 0.4553 -0.9573 2.2945, 0.4803 -0.9429 2.2945, 0.6217 -0.8559 2.2945, 0.7182 -0.7796 2.2945, 0.8268 -0.6633 2.2945, 0.7478 -0.7479 2.2945, 0.9168 -0.5321 2.2945, 0.8554 -0.6216 2.2945, 0.9861 -0.3889 2.2945, 0.942 -0.48 2.2945, 1.0054 -0.3267 2.2945, 1.0332 -0.2369 2.2945, 0.9861 0.3889 2.2945, 1.0054 0.3267 2.2945, 1.0332 0.2369 2.2945, 1.044 0.1654 2.2945, 1.057 0.0796 2.2945, 1.057 0.0 2.2945, 1.057 -0.0796 2.2945, 1.044 -0.1654 2.2945, 0.942 0.48 2.2945, 0.9168 0.5321 2.2945, 0.8554 0.6216 2.2945, 0.8268 0.6633 2.2945, 0.7478 0.7479 2.2945, 0.7182 0.7796 2.2945, 0.6217 0.8559 2.2945, 0.5934 0.8783 2.2945, 0.4803 0.9429 2.2945, 0.4553 0.9573 2.2945, 0.3271 1.0068 2.2945, 0.3068 1.0146 2.2945, 0.1656 1.046 2.2945, 0.1515 1.0491 2.2945, 0.0 1.06 2.2945, -0.3272 -1.0071 2.2945, -0.3124 -1.0129 2.2945, -0.158 1.0482 2.2945, -0.1657 1.0464 2.2945, -0.3124 1.0129 2.2945, -0.3272 1.0071 2.2945, -0.4599 0.955 2.2945, -0.4805 0.9432 2.2945, -0.5971 0.8758 2.2945, -0.6219 0.8561 2.2945, -0.721 0.777 2.2945, -0.7479 0.748 2.2945, -0.8287 0.6609 2.2945, -0.918 0.53 2.2945, -0.8555 0.6217 2.2945, -0.942 0.4801 2.2945, -0.9867 0.3873 2.2945, -1.0334 0.2359 2.2945, -1.0054 0.3267 2.2945, -1.044 0.1654 2.2945, -1.057 0.0792 2.2945, -1.057 0.0 2.2945, -1.057 -0.0792 2.2945, -1.044 -0.1654 2.2945, -1.0334 -0.2359 2.2945, -1.0054 -0.3267 2.2945, -0.9867 -0.3873 2.2945, -0.942 -0.4801 2.2945, -0.918 -0.53 2.2945, -0.8287 -0.6609 2.2945, -0.8555 -0.6217 2.2945, -0.7479 -0.748 2.2945, -0.721 -0.777 2.2945, -0.6219 -0.8561 2.2945, -0.5971 -0.8758 2.2945, -0.4805 -0.9432 2.2945, -0.4599 -0.955 2.2945, -0.1657 -1.0464 2.2945, -0.158 -1.0482 2.2945, 0.0 1.06 1.0, -0.1658 1.0469 1.0, -0.3276 1.0081 1.0, -0.4812 0.9445 1.0, -0.6231 0.8576 1.0, -0.7495 0.7495 1.0, -0.8576 0.6231 1.0, -0.9445 0.4812 1.0, -1.0081 0.3276 1.0, -1.0469 0.1658 1.0, -1.06 -0.0 1.0, -1.0469 -0.1658 1.0, -1.0081 -0.3276 1.0, -0.9445 -0.4812 1.0, -0.8576 -0.6231 1.0, -0.7495 -0.7495 1.0, -0.6231 -0.8576 1.0, -0.4812 -0.9445 1.0, -0.3276 -1.0081 1.0, -0.1658 -1.0469 1.0, 0.0 -1.06 1.0, 0.1658 -1.0469 1.0, 0.3276 -1.0081 1.0, 0.4812 -0.9445 1.0, 0.6231 -0.8576 1.0, 0.7495 -0.7495 1.0, 0.8576 -0.6231 1.0, 0.9445 -0.4812 1.0, 1.0081 -0.3276 1.0, 1.0469 -0.1658 1.0, 1.06 0.0 1.0, 1.0469 0.1658 1.0, 1.0081 0.3276 1.0, 0.9445 0.4812 1.0, 0.8576 0.6231 1.0, 0.7495 0.7495 1.0, 0.6231 0.8576 1.0, 0.4812 0.9445 1.0, 0.3276 1.0081 1.0, 0.1658 1.0469 1.0, -1.378 1.278 0.0, -1.378 1.278 1.0, -1.278 1.378 0.0, -1.278 1.378 1.0, -1.278 -1.378 0.0, -1.278 -1.378 1.0, -1.378 -1.278 0.0, -1.378 -1.278 1.0, -0.7874 -1.378 0.3937, -0.7874 -1.378 0.0, -0.7874 -0.7874 0.3937, -0.7874 -0.7874 0.0, 0.7874 -0.7874 0.3937, 0.7874 -0.7874 0.0, 0.7874 -1.378 0.3937, 0.7874 -1.378 0.0, 1.378 -0.7874 0.0, 1.378 -1.278 0.0, 1.278 -1.378 0.0, 1.378 -0.7874 0.3937, 1.278 1.378 0.0, 1.278 1.378 1.0, 1.378 1.278 0.0, 1.378 1.278 1.0, 0.7874 0.7874 0.3937, 0.7874 0.7874 0.0, 1.378 0.7874 0.3937, 1.378 0.7874 0.0, 0.7874 1.378 0.3937, 0.7874 1.378 0.0, 1.378 -1.278 1.0, 1.278 -1.378 1.0, -1.378 -0.7874 0.0, -1.378 -0.7874 0.3937, -1.378 0.7874 0.3937, -1.378 0.7874 0.0, -0.7874 0.7874 0.3937, -0.7874 0.7874 0.0, -0.8421 0.4704 0.3937, -0.9095 0.3213 0.3937, 0.7992 0.5401 0.3937, 0.6964 0.6674 0.3937, 0.5736 0.7755 0.3937, 0.4343 0.8613 0.3937, 0.8789 -0.3973 0.3937, 0.9334 -0.243 0.3937, 0.9611 -0.0818 0.3937, -0.9095 -0.3213 0.3937, -0.8421 -0.4704 0.3937, -0.7505 -0.606 0.3937, -0.6373 -0.7241 0.3937, -0.5057 -0.8214 0.3937, -0.3596 -0.895 0.3937, 0.2824 0.9223 0.3937, 0.1225 0.9568 0.3937, -0.7874 1.378 0.3937, -0.0409 0.9637 0.3937, -0.2032 0.9429 0.3937, -0.3596 0.895 0.3937, -0.5057 0.8214 0.3937, -0.6373 0.7241 0.3937, -0.7505 0.606 0.3937, 0.9611 0.0818 0.3937, 0.9334 0.243 0.3937, 0.8789 0.3973 0.3937, -0.9507 0.163 0.3937, -0.9646 -0.0 0.3937, -0.9507 -0.163 0.3937, -0.2032 -0.9429 0.3937, -0.0409 -0.9637 0.3937, 0.1225 -0.9568 0.3937, 0.2824 -0.9223 0.3937, 0.4343 -0.8613 0.3937, 0.5736 -0.7755 0.3937, 0.6964 -0.6674 0.3937, 0.7992 -0.5401 0.3937, -0.7874 1.378 0.0, -0.8715 -0.1494 0.4724, -0.858 -0.2203 0.4724, -0.8338 -0.2947 0.4724, -0.8236 -0.3261 0.4724, -0.7763 -0.4268 0.4724, -0.773 -0.4318 0.4724, -0.7166 -0.5207 0.4724, -0.6879 -0.5554 0.4724, -0.6457 -0.6064 0.4724, -0.5844 -0.664 0.4724, -0.5646 -0.6825 0.4724, -0.4746 -0.7479 0.4724, -0.4641 -0.7537 0.4724, -0.3772 -0.8015 0.4724, -0.3296 -0.8203 0.4724, -0.2737 -0.8425 0.4724, -0.1864 -0.8649 0.4724, -0.166 -0.8701 0.4724, -0.0556 -0.8841 0.4724, -0.0376 -0.8841 0.4724, 0.0556 -0.8841 0.4724, 0.1123 -0.8769 0.4724, 0.166 -0.8701 0.4724, 0.2592 -0.8462 0.4724, 0.2737 -0.8425 0.4724, 0.3772 -0.8015 0.4724, 0.3982 -0.7899 0.4724, 0.4746 -0.7479 0.4724, 0.5257 -0.7108 0.4724, 0.5646 -0.6825 0.4724, 0.6392 -0.6126 0.4724, 0.6457 -0.6064 0.4724, 0.7166 -0.5207 0.4724, 0.7328 -0.4953 0.4724, 0.7763 -0.4268 0.4724, 0.8057 -0.3642 0.4724, 0.8236 -0.3261 0.4724, 0.8571 -0.2232 0.4724, 0.858 -0.2203 0.4724, 0.8788 -0.111 0.4724, 0.8811 -0.075 0.4724, 0.8858 -0.0 0.4724, 0.8811 0.075 0.4724, 0.8788 0.111 0.4724, 0.858 0.2203 0.4724, 0.8571 0.2232 0.4724, 0.8236 0.3261 0.4724, 0.8057 0.3642 0.4724, 0.7763 0.4268 0.4724, 0.7328 0.4953 0.4724, 0.7166 0.5207 0.4724, 0.6457 0.6064 0.4724, 0.6392 0.6126 0.4724, 0.5646 0.6825 0.4724, 0.5257 0.7108 0.4724, 0.4746 0.7479 0.4724, 0.3982 0.7899 0.4724, 0.3772 0.8015 0.4724, 0.2737 0.8425 0.4724, 0.2592 0.8462 0.4724, 0.166 0.8701 0.4724, 0.1123 0.8769 0.4724, 0.0556 0.8841 0.4724, -0.0376 0.8841 0.4724, -0.0556 0.8841 0.4724, -0.166 0.8701 0.4724, -0.1864 0.8649 0.4724, -0.2737 0.8425 0.4724, -0.3296 0.8203 0.4724, -0.3772 0.8015 0.4724, -0.4641 0.7537 0.4724, -0.4746 0.7479 0.4724, -0.5646 0.6825 0.4724, -0.5844 0.664 0.4724, -0.6457 0.6064 0.4724, -0.6879 0.5554 0.4724, -0.7166 0.5207 0.4724, -0.773 0.4318 0.4724, -0.7763 0.4268 0.4724, -0.8236 0.3261 0.4724, -0.8338 0.2947 0.4724, -0.858 0.2203 0.4724, -0.8715 0.1494 0.4724, -0.8788 0.111 0.4724, -0.8858 -0.0 0.4724, -0.8788 -0.111 0.4724
            ]
        }
        coordIndex [
            0,1,2,-1,3,4,5,-1,3,5,6,-1,6,5,7,-1,6,7,8,-1,9,10,11,-1,11,10,12,-1,11,12,13,-1,13,12,14,-1,13,14,4,-1,4,14,15,-1,4,15,5,-1,11,16,9,-1,9,16,17,-1,9,17,18,-1,18,17,19,-1,17,20,19,-1,19,20,21,-1,19,21,22,-1,22,21,23,-1,22,23,24,-1,24,23,25,-1,24,25,26,-1,26,25,27,-1,26,27,28,-1,28,27,29,-1,28,29,30,-1,30,29,31,-1,30,31,32,-1,32,31,33,-1,32,33,34,-1,34,33,35,-1,34,35,36,-1,36,35,37,-1,36,37,38,-1,38,37,39,-1,38,39,40,-1,39,41,40,-1,40,41,42,-1,40,42,43,-1,43,42,44,-1,43,44,45,-1,45,44,46,-1,45,46,47,-1,47,46,48,-1,47,48,49,-1,50,51,52,-1,52,51,49,-1,52,49,53,-1,53,49,48,-1,54,55,56,-1,54,56,57,-1,56,58,57,-1,57,58,59,-1,57,59,60,-1,60,59,61,-1,60,61,62,-1,61,63,62,-1,62,63,64,-1,62,64,65,-1,65,64,66,-1,65,66,67,-1,67,66,68,-1,67,68,50,-1,50,68,69,-1,50,69,51,-1,70,71,72,-1,72,71,73,-1,72,73,74,-1,74,73,75,-1,74,75,76,-1,76,75,77,-1,76,77,78,-1,78,77,79,-1,78,79,55,-1,55,79,80,-1,55,80,56,-1,2,1,81,-1,81,1,82,-1,81,82,83,-1,83,82,84,-1,83,84,85,-1,85,84,86,-1,85,86,87,-1,87,86,88,-1,87,88,89,-1,89,88,90,-1,89,90,91,-1,91,90,92,-1,91,92,70,-1,70,92,93,-1,70,93,71,-1,0,2,94,-1,94,2,95,-1,94,95,96,-1,97,98,99,-1,99,98,100,-1,99,100,101,-1,101,100,102,-1,101,102,103,-1,103,102,104,-1,103,104,105,-1,105,104,106,-1,105,106,107,-1,107,106,108,-1,107,108,109,-1,109,108,110,-1,109,110,111,-1,111,110,112,-1,111,112,113,-1,113,112,96,-1,113,96,114,-1,114,96,95,-1,115,116,117,-1,117,116,118,-1,117,118,119,-1,119,118,120,-1,119,120,121,-1,121,120,122,-1,121,122,123,-1,123,122,124,-1,123,124,97,-1,97,124,125,-1,97,125,98,-1,126,127,128,-1,117,129,115,-1,115,129,126,-1,115,126,130,-1,130,126,128,-1,131,132,133,-1,131,133,134,-1,134,133,135,-1,134,135,136,-1,137,138,139,-1,137,139,140,-1,139,141,140,-1,140,141,142,-1,140,142,135,-1,135,142,143,-1,135,143,136,-1,144,145,146,-1,144,146,147,-1,147,146,148,-1,147,148,137,-1,137,148,149,-1,137,149,138,-1,150,151,152,-1,150,152,153,-1,152,154,153,-1,153,154,155,-1,153,155,144,-1,144,155,156,-1,144,156,145,-1,127,157,128,-1,128,157,158,-1,128,158,159,-1,158,160,159,-1,159,160,161,-1,159,161,150,-1,150,161,162,-1,150,162,151,-1,163,164,165,-1,166,167,168,-1,168,167,169,-1,168,169,170,-1,170,169,171,-1,170,171,172,-1,172,171,173,-1,172,173,174,-1,174,173,175,-1,175,173,176,-1,175,176,177,-1,178,179,180,-1,180,179,181,-1,180,181,182,-1,182,181,183,-1,182,183,184,-1,184,183,185,-1,184,185,186,-1,186,185,187,-1,186,187,188,-1,188,187,189,-1,188,189,177,-1,177,189,190,-1,177,190,175,-1,191,192,193,-1,193,192,194,-1,193,194,195,-1,195,194,196,-1,195,196,197,-1,197,196,198,-1,197,198,199,-1,180,200,178,-1,178,200,201,-1,178,201,202,-1,202,201,203,-1,202,203,204,-1,204,203,205,-1,204,205,206,-1,206,205,207,-1,206,207,208,-1,208,207,209,-1,208,209,210,-1,210,209,211,-1,210,211,212,-1,212,211,213,-1,212,213,198,-1,198,213,214,-1,198,214,199,-1,215,216,217,-1,217,216,218,-1,217,218,219,-1,193,220,191,-1,191,220,221,-1,191,221,222,-1,222,221,223,-1,222,223,224,-1,224,223,225,-1,224,225,226,-1,226,225,227,-1,226,227,228,-1,228,227,229,-1,228,229,230,-1,230,229,219,-1,230,219,231,-1,231,219,218,-1,232,233,234,-1,234,233,235,-1,234,235,236,-1,236,235,237,-1,236,237,238,-1,238,237,239,-1,238,239,240,-1,240,239,241,-1,240,241,215,-1,215,241,242,-1,215,242,216,-1,234,243,232,-1,232,243,244,-1,232,244,245,-1,245,244,246,-1,247,248,249,-1,249,248,250,-1,249,250,251,-1,251,250,252,-1,251,252,253,-1,253,252,254,-1,253,254,255,-1,255,254,256,-1,255,256,246,-1,246,256,257,-1,246,257,245,-1,249,258,247,-1,247,258,259,-1,247,259,260,-1,260,259,261,-1,260,261,262,-1,262,261,263,-1,262,263,264,-1,264,263,265,-1,264,265,266,-1,266,265,267,-1,266,267,268,-1,268,267,269,-1,268,269,270,-1,270,269,271,-1,270,271,272,-1,272,271,273,-1,272,273,274,-1,274,273,275,-1,274,275,276,-1,277,278,279,-1,279,278,280,-1,279,280,281,-1,281,280,282,-1,281,282,283,-1,275,284,276,-1,276,284,285,-1,276,285,286,-1,286,285,277,-1,286,277,287,-1,287,277,279,-1,283,282,288,-1,288,282,289,-1,288,289,290,-1,291,292,293,-1,293,292,294,-1,294,292,295,-1,294,295,296,-1,296,295,297,-1,296,297,298,-1,298,297,299,-1,298,299,290,-1,290,299,300,-1,290,300,288,-1,291,293,301,-1,301,293,302,-1,301,302,303,-1,303,302,304,-1,303,304,305,-1,305,304,306,-1,305,306,307,-1,307,306,308,-1,307,308,309,-1,309,308,310,-1,310,308,311,-1,310,311,312,-1,313,314,315,-1,315,314,316,-1,315,316,317,-1,315,318,313,-1,313,318,319,-1,313,319,320,-1,320,319,321,-1,320,321,312,-1,312,321,322,-1,312,322,310,-1,317,316,323,-1,323,316,324,-1,323,324,325,-1,326,327,328,-1,165,164,328,-1,328,164,329,-1,328,329,326,-1,324,330,325,-1,325,330,331,-1,325,331,332,-1,332,331,333,-1,332,333,334,-1,334,333,335,-1,334,335,336,-1,336,335,337,-1,336,337,338,-1,338,337,339,-1,338,339,340,-1,340,339,163,-1,340,163,341,-1,341,163,165,-1,327,326,342,-1,342,326,343,-1,342,343,344,-1,344,343,345,-1,344,345,346,-1,346,345,347,-1,346,347,348,-1,349,350,351,-1,351,350,352,-1,351,352,353,-1,353,352,354,-1,353,354,355,-1,355,354,356,-1,355,356,348,-1,348,356,357,-1,348,357,346,-1,351,358,349,-1,349,358,359,-1,349,359,360,-1,360,359,361,-1,360,361,362,-1,362,361,363,-1,362,363,364,-1,364,363,365,-1,364,365,366,-1,366,365,6,-1,366,6,8,-1,367,167,166,-1,166,368,367,-1,367,368,369,-1,367,369,370,-1,370,369,371,-1,370,371,372,-1,372,371,373,-1,372,373,374,-1,374,373,375,-1,374,375,376,-1,376,375,377,-1,376,377,378,-1,378,377,379,-1,378,379,380,-1,380,379,381,-1,380,381,382,-1,381,383,382,-1,382,383,384,-1,382,384,385,-1,385,384,386,-1,385,386,387,-1,387,386,388,-1,386,389,388,-1,388,389,390,-1,388,390,391,-1,391,390,392,-1,391,392,393,-1,393,392,394,-1,393,394,395,-1,395,394,396,-1,395,396,397,-1,397,396,398,-1,397,398,399,-1,399,398,400,-1,401,402,403,-1,398,404,400,-1,400,404,405,-1,400,405,402,-1,402,405,406,-1,402,406,403,-1,401,403,407,-1,407,403,408,-1,407,408,409,-1,409,408,410,-1,409,410,411,-1,411,410,412,-1,411,412,413,-1,413,412,414,-1,413,414,415,-1,416,417,418,-1,418,417,419,-1,414,420,415,-1,415,420,421,-1,415,421,422,-1,422,421,423,-1,422,423,424,-1,424,423,425,-1,424,425,426,-1,426,425,427,-1,426,427,419,-1,419,427,428,-1,419,428,418,-1,429,430,416,-1,416,430,431,-1,416,431,417,-1,429,432,430,-1,430,432,433,-1,430,433,434,-1,434,433,435,-1,434,435,436,-1,436,435,437,-1,436,437,438,-1,438,437,439,-1,437,440,439,-1,439,440,441,-1,439,441,442,-1,442,441,443,-1,442,443,444,-1,443,445,444,-1,444,445,446,-1,444,446,447,-1,447,446,448,-1,447,448,449,-1,449,448,450,-1,449,450,451,-1,451,450,452,-1,453,454,455,-1,455,454,456,-1,455,456,457,-1,457,456,458,-1,450,459,452,-1,452,459,460,-1,452,460,461,-1,461,460,462,-1,461,462,463,-1,463,462,464,-1,463,464,465,-1,465,464,466,-1,465,466,467,-1,467,466,468,-1,467,468,469,-1,469,468,470,-1,469,470,471,-1,471,470,472,-1,471,472,473,-1,473,472,474,-1,473,474,475,-1,475,474,476,-1,475,476,477,-1,477,476,478,-1,477,478,479,-1,479,478,480,-1,479,480,481,-1,481,480,482,-1,481,482,483,-1,483,482,484,-1,483,484,485,-1,485,484,486,-1,485,486,458,-1,458,486,487,-1,458,487,457,-1,455,488,453,-1,453,488,489,-1,453,489,490,-1,490,489,491,-1,490,491,492,-1,492,491,493,-1,492,493,494,-1,494,493,495,-1,494,495,496,-1,495,497,496,-1,496,497,498,-1,496,498,499,-1,499,498,500,-1,499,500,501,-1,501,500,502,-1,501,502,503,-1,503,502,504,-1,503,504,505,-1,505,504,506,-1,505,506,507,-1,507,506,508,-1,507,508,509,-1,508,510,509,-1,509,510,511,-1,509,511,512,-1,512,511,513,-1,512,513,514,-1,514,513,515,-1,514,515,516,-1,516,515,517,-1,516,517,518,-1,518,517,519,-1,518,519,520,-1,520,519,521,-1,520,521,522,-1,521,523,522,-1,522,523,524,-1,522,524,525,-1,525,524,526,-1,525,526,527,-1,527,526,528,-1,527,528,529,-1,529,528,530,-1,529,530,531,-1,531,530,532,-1,531,532,533,-1,533,532,534,-1,533,534,535,-1,535,534,536,-1,537,538,539,-1,539,538,540,-1,539,540,541,-1,536,534,542,-1,542,534,543,-1,542,543,537,-1,537,543,544,-1,537,544,538,-1,545,546,547,-1,541,540,548,-1,548,540,549,-1,548,549,550,-1,550,549,551,-1,550,551,552,-1,552,551,553,-1,552,553,547,-1,547,553,554,-1,547,554,545,-1,546,545,555,-1,555,545,556,-1,555,556,557,-1,558,559,560,-1,560,559,561,-1,560,561,562,-1,562,561,563,-1,556,564,557,-1,557,564,565,-1,557,565,566,-1,566,565,567,-1,566,567,568,-1,568,567,569,-1,568,569,570,-1,570,569,571,-1,570,571,563,-1,563,571,572,-1,563,572,562,-1,573,574,575,-1,576,577,578,-1,578,577,579,-1,580,581,582,-1,582,581,583,-1,582,583,584,-1,585,586,587,-1,587,586,588,-1,587,588,580,-1,580,588,589,-1,580,589,581,-1,587,590,585,-1,585,590,591,-1,585,591,592,-1,592,591,593,-1,594,595,596,-1,596,595,597,-1,596,597,593,-1,593,597,598,-1,593,598,592,-1,596,599,594,-1,594,599,600,-1,594,600,601,-1,600,602,601,-1,601,602,603,-1,601,603,604,-1,604,603,605,-1,604,605,606,-1,606,605,607,-1,607,605,608,-1,607,608,609,-1,608,610,609,-1,609,610,611,-1,609,611,612,-1,612,611,613,-1,612,613,614,-1,614,613,615,-1,614,615,616,-1,615,617,616,-1,616,617,618,-1,616,618,619,-1,619,618,620,-1,619,620,621,-1,621,620,622,-1,621,622,623,-1,623,622,624,-1,623,624,625,-1,625,624,626,-1,625,626,627,-1,627,626,628,-1,627,628,629,-1,629,628,630,-1,629,630,631,-1,631,630,632,-1,631,632,633,-1,633,632,634,-1,633,634,635,-1,635,634,636,-1,635,636,637,-1,637,636,638,-1,639,640,641,-1,641,640,642,-1,641,642,643,-1,641,644,639,-1,639,644,645,-1,639,645,646,-1,646,645,647,-1,646,647,648,-1,648,647,649,-1,648,649,650,-1,650,649,651,-1,650,651,638,-1,638,651,652,-1,638,652,637,-1,643,642,653,-1,653,642,654,-1,653,654,655,-1,655,654,656,-1,655,656,657,-1,657,656,658,-1,657,658,659,-1,659,658,660,-1,659,660,661,-1,661,660,662,-1,662,660,663,-1,662,663,664,-1,663,665,664,-1,664,665,666,-1,664,666,667,-1,667,666,668,-1,667,668,669,-1,669,668,670,-1,670,668,671,-1,670,671,672,-1,672,671,673,-1,672,673,674,-1,674,673,675,-1,674,675,676,-1,675,677,676,-1,676,677,678,-1,676,678,679,-1,679,678,579,-1,679,579,680,-1,680,579,577,-1,578,681,576,-1,576,681,682,-1,576,682,683,-1,683,682,684,-1,683,684,685,-1,685,684,686,-1,685,686,687,-1,687,686,688,-1,687,688,689,-1,689,688,690,-1,689,690,691,-1,691,690,692,-1,691,692,693,-1,693,692,694,-1,693,694,695,-1,695,694,696,-1,695,696,697,-1,697,696,698,-1,697,698,699,-1,699,698,700,-1,699,700,701,-1,701,700,702,-1,703,704,705,-1,705,704,706,-1,705,706,707,-1,707,706,708,-1,707,708,709,-1,709,708,710,-1,709,710,702,-1,702,710,711,-1,702,711,701,-1,712,713,714,-1,714,713,715,-1,714,715,716,-1,716,715,717,-1,716,717,718,-1,718,717,719,-1,718,719,720,-1,720,719,721,-1,720,721,722,-1,722,721,723,-1,722,723,703,-1,703,723,724,-1,703,724,704,-1,725,726,727,-1,727,726,728,-1,728,726,729,-1,728,729,730,-1,730,729,731,-1,730,731,712,-1,712,731,732,-1,712,732,713,-1,725,727,733,-1,733,727,734,-1,733,734,735,-1,735,734,736,-1,735,736,737,-1,737,736,738,-1,737,738,739,-1,575,574,740,-1,740,574,741,-1,740,741,742,-1,742,741,743,-1,742,743,744,-1,738,745,739,-1,739,745,746,-1,739,746,747,-1,747,746,748,-1,747,748,749,-1,749,748,750,-1,749,750,751,-1,573,575,750,-1,750,575,752,-1,750,752,751,-1,753,754,755,-1,753,755,756,-1,756,755,757,-1,756,757,758,-1,758,757,759,-1,758,759,760,-1,744,743,759,-1,759,743,761,-1,759,761,760,-1,762,763,764,-1,764,763,765,-1,764,765,766,-1,766,765,767,-1,766,767,768,-1,768,767,769,-1,768,769,770,-1,770,769,771,-1,770,771,753,-1,753,771,772,-1,753,772,754,-1,764,773,762,-1,762,773,774,-1,762,774,775,-1,775,774,776,-1,775,776,777,-1,777,776,559,-1,777,559,558,-1,584,583,778,-1,584,778,779,-1,779,778,780,-1,779,780,781,-1,781,780,782,-1,781,782,783,-1,783,782,784,-1,783,784,785,-1,784,786,785,-1,785,786,787,-1,785,787,788,-1,788,787,789,-1,788,789,790,-1,790,789,791,-1,790,791,792,-1,792,791,793,-1,792,793,794,-1,793,795,794,-1,794,795,796,-1,794,796,797,-1,797,796,798,-1,797,798,799,-1,799,798,800,-1,800,798,801,-1,800,801,802,-1,801,803,802,-1,802,803,804,-1,802,804,805,-1,805,804,806,-1,805,806,807,-1,807,806,808,-1,808,806,809,-1,808,809,810,-1,810,809,811,-1,810,811,812,-1,813,814,815,-1,815,814,816,-1,815,816,817,-1,817,816,818,-1,817,818,819,-1,811,820,812,-1,812,820,821,-1,812,821,822,-1,822,821,823,-1,822,823,824,-1,824,823,825,-1,824,825,826,-1,826,825,827,-1,826,827,828,-1,828,827,829,-1,828,829,830,-1,830,829,831,-1,830,831,832,-1,832,831,833,-1,832,833,834,-1,834,833,835,-1,834,835,836,-1,836,835,837,-1,836,837,838,-1,838,837,839,-1,838,839,840,-1,840,839,841,-1,840,841,813,-1,813,841,842,-1,813,842,814,-1,818,843,819,-1,819,843,844,-1,819,844,845,-1,845,844,846,-1,845,846,847,-1,847,846,848,-1,848,846,849,-1,848,849,850,-1,849,851,850,-1,850,851,852,-1,850,852,853,-1,853,852,854,-1,853,854,855,-1,854,856,855,-1,855,856,857,-1,855,857,858,-1,858,857,859,-1,858,859,860,-1,860,859,861,-1,860,861,862,-1,862,861,863,-1,862,863,864,-1,864,863,865,-1,864,865,866,-1,866,865,867,-1,866,867,868,-1,868,867,869,-1,870,871,872,-1,872,871,873,-1,867,874,869,-1,869,874,875,-1,869,875,876,-1,876,875,877,-1,876,877,878,-1,878,877,879,-1,878,879,880,-1,880,879,881,-1,880,881,882,-1,882,881,883,-1,882,883,884,-1,884,883,873,-1,884,873,885,-1,885,873,871,-1,872,886,870,-1,870,886,887,-1,870,887,888,-1,888,887,889,-1,888,889,890,-1,890,889,891,-1,890,891,892,-1,892,891,893,-1,892,893,894,-1,894,893,895,-1,894,895,896,-1,896,895,897,-1,895,898,897,-1,897,898,899,-1,897,899,900,-1,900,899,901,-1,900,901,902,-1,902,901,903,-1,902,903,904,-1,904,903,905,-1,904,905,906,-1,905,907,906,-1,906,907,908,-1,906,908,909,-1,909,908,910,-1,909,910,911,-1,911,910,912,-1,911,912,913,-1,913,912,914,-1,913,914,915,-1,915,914,916,-1,915,916,917,-1,917,916,918,-1,917,918,919,-1,919,918,920,-1,920,921,919,-1,919,921,922,-1,919,922,923,-1,923,922,924,-1,923,924,925,-1,925,924,926,-1,925,926,927,-1,927,926,928,-1,927,928,929,-1,929,928,930,-1,929,930,931,-1,931,930,932,-1,933,934,935,-1,935,934,936,-1,935,936,937,-1,937,936,938,-1,937,938,939,-1,939,938,940,-1,939,940,941,-1,941,940,942,-1,941,942,932,-1,932,942,943,-1,932,943,931,-1,944,945,946,-1,944,946,947,-1,947,946,948,-1,948,946,949,-1,948,949,950,-1,950,949,951,-1,950,951,952,-1,952,951,953,-1,952,953,954,-1,954,953,955,-1,954,955,956,-1,956,955,957,-1,956,957,958,-1,958,957,959,-1,958,959,960,-1,960,959,961,-1,960,961,962,-1,962,961,963,-1,962,963,964,-1,964,963,965,-1,964,965,966,-1,966,965,967,-1,966,967,968,-1,968,967,969,-1,968,969,970,-1,970,969,971,-1,970,971,933,-1,933,971,972,-1,933,972,934,-1,973,974,975,-1,975,974,976,-1,975,976,977,-1,977,976,978,-1,945,944,979,-1,979,944,980,-1,979,980,978,-1,978,980,981,-1,978,981,977,-1,982,983,984,-1,984,983,985,-1,984,985,986,-1,986,985,987,-1,986,987,988,-1,988,987,989,-1,990,991,992,-1,992,991,993,-1,992,993,994,-1,994,993,995,-1,994,995,996,-1,996,995,997,-1,996,997,998,-1,998,997,999,-1,998,999,989,-1,989,999,1000,-1,989,1000,988,-1,992,1001,990,-1,990,1001,1002,-1,990,1002,1003,-1,1003,1002,1004,-1,1003,1004,1005,-1,1005,1004,1006,-1,1006,1004,1007,-1,1006,1007,1008,-1,1007,1009,1008,-1,1008,1009,1010,-1,1008,1010,1011,-1,1011,1010,1012,-1,1011,1012,1013,-1,1013,1012,1014,-1,1012,1015,1014,-1,1014,1015,1016,-1,1014,1016,1017,-1,1017,1016,1018,-1,1017,1018,1019,-1,1019,1018,1020,-1,1019,1020,1021,-1,1020,1022,1021,-1,1021,1022,1023,-1,1021,1023,1024,-1,1024,1023,1025,-1,1024,1025,1026,-1,1026,1025,1027,-1,1026,1027,1028,-1,1028,1027,1029,-1,1028,1029,1030,-1,1030,1029,1031,-1,1030,1031,1032,-1,1032,1031,1033,-1,1034,1035,1036,-1,1036,1035,1037,-1,1036,1037,1038,-1,1038,1037,1039,-1,1038,1039,1040,-1,1040,1039,1041,-1,1040,1041,1042,-1,1042,1041,1043,-1,1042,1043,1044,-1,1044,1043,1045,-1,1044,1045,1033,-1,1033,1045,1046,-1,1033,1046,1032,-1,1047,1048,1049,-1,1049,1048,1050,-1,1049,1050,1051,-1,1051,1050,1052,-1,1051,1052,1034,-1,1034,1052,1053,-1,1034,1053,1035,-1,1054,1055,1056,-1,1056,1055,1057,-1,1056,1057,1058,-1,1058,1057,1059,-1,1058,1059,1060,-1,1060,1059,1061,-1,1060,1061,1047,-1,1047,1061,1062,-1,1047,1062,1048,-1,1063,1064,1065,-1,1065,1064,1066,-1,1065,1066,1067,-1,1067,1066,1068,-1,1067,1068,1069,-1,1069,1068,1070,-1,1069,1070,1071,-1,1071,1070,1072,-1,1071,1072,1054,-1,1054,1072,1073,-1,1054,1073,1055,-1,1065,1074,1063,-1,1063,1074,1075,-1,1063,1075,1076,-1,1076,1075,1077,-1,1076,1077,1078,-1,1078,1077,1079,-1,1078,1079,1080,-1,1080,1079,1081,-1,1080,1081,1082,-1,1082,1081,1083,-1,1082,1083,1084,-1,1084,1083,1085,-1,1084,1085,1086,-1,1086,1085,1087,-1,1086,1087,1088,-1,1088,1087,1089,-1,1088,1089,1090,-1,1090,1089,1091,-1,1090,1091,1092,-1,1093,1094,1095,-1,1095,1094,1096,-1,1095,1096,1097,-1,1097,1096,1098,-1,1097,1098,1099,-1,1099,1098,1092,-1,1099,1092,1100,-1,1100,1092,1091,-1,1095,1101,1093,-1,1093,1101,1102,-1,1093,1102,1103,-1,1103,1102,1104,-1,1105,1106,1107,-1,1107,1106,1108,-1,1107,1108,1109,-1,1109,1108,1110,-1,1109,1110,1111,-1,1111,1110,1112,-1,1111,1112,1104,-1,1104,1112,1113,-1,1104,1113,1103,-1,1114,1115,1116,-1,1116,1115,1117,-1,1116,1117,1118,-1,1118,1117,1119,-1,1118,1119,1120,-1,1120,1119,1121,-1,1120,1121,1105,-1,1105,1121,1122,-1,1105,1122,1106,-1,1123,1124,1125,-1,1125,1124,1114,-1,1125,1114,1126,-1,1126,1114,1116,-1,1127,1128,1129,-1,1129,1128,1130,-1,1129,1130,1123,-1,1123,1130,1131,-1,1123,1131,1124,-1,1129,1132,1127,-1,1127,1132,1133,-1,1127,1133,1134,-1,1134,1133,1135,-1,1134,1135,1136,-1,1136,1135,1137,-1,1137,1135,1138,-1,1137,1138,1139,-1,1139,1138,1140,-1,1139,1140,1141,-1,1141,1140,1142,-1,1141,1142,1143,-1,1143,1142,1144,-1,1143,1144,1145,-1,1146,1147,1148,-1,1148,1147,1149,-1,1148,1149,1150,-1,1150,1149,1151,-1,1150,1151,1152,-1,1152,1151,1153,-1,1152,1153,1154,-1,1154,1153,1155,-1,1154,1155,1145,-1,1145,1155,1156,-1,1145,1156,1143,-1,1157,1158,1159,-1,1158,1160,1159,-1,1159,1160,1161,-1,1159,1161,1162,-1,1159,1163,1157,-1,1157,1163,1164,-1,1157,1164,1165,-1,1165,1164,1166,-1,1165,1166,1167,-1,1167,1166,1146,-1,1167,1146,1168,-1,1168,1146,1148,-1,974,973,1169,-1,974,1169,1170,-1,1170,1169,1171,-1,1170,1171,1172,-1,1172,1171,1173,-1,1172,1173,1174,-1,1174,1173,1175,-1,1174,1175,1176,-1,1176,1175,1177,-1,1176,1177,1178,-1,1178,1177,1179,-1,1178,1179,1180,-1,1180,1179,1181,-1,1180,1181,1182,-1,1182,1181,1183,-1,1182,1183,1161,-1,1161,1183,1184,-1,1161,1184,1162,-1,1185,1186,1187,-1,1188,1189,1190,-1,1191,1192,1193,-1,1193,1192,983,-1,1193,983,982,-1,1194,1195,1196,-1,1196,1195,1197,-1,1196,1197,1191,-1,1191,1197,1198,-1,1191,1198,1192,-1,1194,1199,1195,-1,1195,1199,1200,-1,1195,1200,1201,-1,1201,1200,1202,-1,1200,1203,1202,-1,1202,1203,1204,-1,1202,1204,1205,-1,1205,1204,1206,-1,1205,1206,1207,-1,1207,1206,1208,-1,1206,1209,1208,-1,1208,1209,1210,-1,1208,1210,1211,-1,1210,1212,1211,-1,1211,1212,1213,-1,1211,1213,1214,-1,1214,1213,1215,-1,1214,1215,1216,-1,1216,1215,1217,-1,1215,1218,1217,-1,1217,1218,1219,-1,1217,1219,1220,-1,1220,1219,1221,-1,1220,1221,1222,-1,1222,1221,1223,-1,1222,1223,1224,-1,1224,1223,1225,-1,1223,1226,1225,-1,1225,1226,1227,-1,1225,1227,1228,-1,1228,1227,1229,-1,1228,1229,1230,-1,1230,1229,1231,-1,1230,1231,1232,-1,1232,1231,1233,-1,1232,1233,1234,-1,1234,1233,1235,-1,1234,1235,1236,-1,1236,1235,1237,-1,1236,1237,1238,-1,1238,1237,1239,-1,1238,1239,1240,-1,1241,1242,1243,-1,1241,1243,1244,-1,1239,1245,1240,-1,1240,1245,1246,-1,1240,1246,1247,-1,1247,1246,1248,-1,1247,1248,1249,-1,1249,1248,1250,-1,1249,1250,1251,-1,1251,1250,1252,-1,1251,1252,1242,-1,1242,1252,1253,-1,1242,1253,1243,-1,1243,1254,1244,-1,1244,1254,1255,-1,1244,1255,1256,-1,1256,1255,1257,-1,1256,1257,1258,-1,1258,1257,1259,-1,1258,1259,1260,-1,1260,1259,1261,-1,1260,1261,1262,-1,1262,1261,1263,-1,1262,1263,1264,-1,1263,1265,1264,-1,1264,1265,1266,-1,1264,1266,1267,-1,1267,1266,1268,-1,1267,1268,1269,-1,1269,1268,1270,-1,1269,1270,1271,-1,1271,1270,1272,-1,1271,1272,1273,-1,1273,1272,1274,-1,1273,1274,1275,-1,1190,1189,1276,-1,1274,1277,1275,-1,1275,1277,1278,-1,1275,1278,1279,-1,1279,1278,1280,-1,1279,1280,1281,-1,1281,1280,1282,-1,1281,1282,1283,-1,1283,1282,1284,-1,1283,1284,1285,-1,1285,1284,1286,-1,1285,1286,1287,-1,1287,1286,1288,-1,1287,1288,1289,-1,1289,1288,1290,-1,1289,1290,1291,-1,1291,1290,1292,-1,1291,1292,1293,-1,1293,1292,1294,-1,1293,1294,1295,-1,1295,1294,1296,-1,1295,1296,1297,-1,1297,1296,1298,-1,1297,1298,1299,-1,1299,1298,1276,-1,1299,1276,1300,-1,1300,1276,1189,-1,1301,1302,1303,-1,1303,1302,1304,-1,1303,1304,1305,-1,1305,1304,1306,-1,1305,1306,1186,-1,1186,1306,1307,-1,1186,1307,1187,-1,1190,1308,1188,-1,1188,1308,1309,-1,1188,1309,1310,-1,1310,1309,1311,-1,1310,1311,1312,-1,1312,1311,1313,-1,1312,1313,1314,-1,1314,1313,1315,-1,1314,1315,1301,-1,1301,1315,1316,-1,1301,1316,1302,-1,1317,1318,1319,-1,1319,1320,1317,-1,1317,1320,1321,-1,1317,1321,1322,-1,1322,1321,1323,-1,1185,1187,1324,-1,1324,1187,1325,-1,1324,1325,1323,-1,1323,1325,1326,-1,1323,1326,1322,-1,1318,1327,1319,-1,1319,1327,1328,-1,1319,1328,1329,-1,1329,1328,1330,-1,1329,1330,1331,-1,1331,1330,1332,-1,1331,1332,1333,-1,1333,1332,1334,-1,1333,1334,1335,-1,1334,1336,1335,-1,1335,1336,1337,-1,1335,1337,1338,-1,1338,1337,1339,-1,1338,1339,1340,-1,1340,1339,1341,-1,1340,1341,1342,-1,1342,1341,1343,-1,1342,1343,1344,-1,1344,1343,1345,-1,1344,1345,1346,-1,1346,1345,1347,-1,1346,1347,1348,-1,1348,1347,1349,-1,1347,1350,1349,-1,1349,1350,1351,-1,1349,1351,1352,-1,1352,1351,1353,-1,1354,1355,1353,-1,1353,1355,1356,-1,1353,1356,1352,-1,1353,1357,1354,-1,1354,1357,1358,-1,1354,1358,1359,-1,1359,1358,1360,-1,1359,1360,1361,-1,1361,1360,1362,-1,1361,1362,1363,-1,1363,1362,1364,-1,1364,1362,1365,-1,1364,1365,1366,-1,1367,1368,1369,-1,1369,1368,1370,-1,1369,1370,1371,-1,1371,1370,1372,-1,1371,1372,1373,-1,1373,1372,1374,-1,1374,1372,1375,-1,1374,1375,1376,-1,1376,1375,1377,-1,1376,1377,1378,-1,1378,1377,1379,-1,1378,1379,1380,-1,1380,1379,1381,-1,1380,1381,1366,-1,1366,1381,1382,-1,1366,1382,1364,-1,1383,1384,1385,-1,1369,1386,1367,-1,1367,1386,1387,-1,1367,1387,1388,-1,1388,1387,1389,-1,1388,1389,1385,-1,1385,1389,1390,-1,1385,1390,1383,-1,1391,1392,1393,-1,1394,1395,1396,-1,1396,1395,1397,-1,1398,1399,1400,-1,1400,1399,1401,-1,1400,1401,1402,-1,1402,1401,1403,-1,1402,1403,1397,-1,1397,1403,1404,-1,1397,1404,1396,-1,1400,1405,1398,-1,1398,1405,1406,-1,1398,1406,1407,-1,1407,1406,1408,-1,1407,1408,1409,-1,1409,1408,1410,-1,1410,1408,1411,-1,1410,1411,1412,-1,1412,1411,1413,-1,1412,1413,1414,-1,1414,1413,1415,-1,1414,1415,1416,-1,1416,1415,1417,-1,1416,1417,1418,-1,1417,1419,1418,-1,1418,1419,1420,-1,1418,1420,1421,-1,1421,1420,1422,-1,1421,1422,1423,-1,1423,1422,1424,-1,1424,1422,1425,-1,1424,1425,1426,-1,1427,1428,1429,-1,1429,1428,1430,-1,1429,1430,1431,-1,1431,1430,1432,-1,1425,1433,1426,-1,1426,1433,1434,-1,1426,1434,1435,-1,1435,1434,1436,-1,1435,1436,1437,-1,1437,1436,1438,-1,1437,1438,1427,-1,1427,1438,1439,-1,1427,1439,1428,-1,1440,1441,1442,-1,1442,1441,1443,-1,1442,1443,1444,-1,1444,1443,1445,-1,1444,1445,1446,-1,1446,1445,1432,-1,1446,1432,1447,-1,1447,1432,1430,-1,1448,1449,1450,-1,1450,1449,1451,-1,1450,1451,1452,-1,1452,1451,1453,-1,1452,1453,1454,-1,1442,1455,1440,-1,1440,1455,1456,-1,1440,1456,1457,-1,1457,1456,1454,-1,1457,1454,1458,-1,1458,1454,1453,-1,1459,1460,1461,-1,1461,1460,1462,-1,1461,1462,1463,-1,1463,1462,1464,-1,1463,1464,1465,-1,1465,1464,1466,-1,1465,1466,1467,-1,1467,1466,1468,-1,1467,1468,1448,-1,1448,1468,1469,-1,1448,1469,1449,-1,1470,1471,1472,-1,1472,1471,1459,-1,1472,1459,1473,-1,1473,1459,1461,-1,1474,1475,1476,-1,1476,1475,1477,-1,1476,1477,1478,-1,1478,1477,1479,-1,1478,1479,1480,-1,1480,1479,1481,-1,1480,1481,1482,-1,1482,1481,1483,-1,1482,1483,1470,-1,1470,1483,1484,-1,1470,1484,1471,-1,1476,1485,1474,-1,1474,1485,1486,-1,1474,1486,1487,-1,1487,1486,1488,-1,1487,1488,1489,-1,1489,1488,1490,-1,1491,1492,1493,-1,1493,1492,1494,-1,1493,1494,1495,-1,1495,1494,1496,-1,1495,1496,1497,-1,1488,1498,1490,-1,1490,1498,1499,-1,1490,1499,1500,-1,1500,1499,1501,-1,1500,1501,1502,-1,1502,1501,1503,-1,1502,1503,1504,-1,1504,1503,1505,-1,1504,1505,1506,-1,1506,1505,1507,-1,1506,1507,1508,-1,1508,1507,1509,-1,1508,1509,1510,-1,1510,1509,1511,-1,1510,1511,1512,-1,1512,1511,1513,-1,1512,1513,1514,-1,1514,1513,1515,-1,1514,1515,1516,-1,1516,1515,1517,-1,1516,1517,1518,-1,1518,1517,1519,-1,1518,1519,1520,-1,1520,1519,1521,-1,1520,1521,1522,-1,1522,1521,1491,-1,1522,1491,1523,-1,1523,1491,1493,-1,1497,1496,1524,-1,1524,1496,1525,-1,1524,1525,1526,-1,1526,1525,1527,-1,1526,1527,1528,-1,1528,1527,1529,-1,1528,1529,1530,-1,1530,1529,1531,-1,1530,1531,1532,-1,1532,1531,1533,-1,1532,1533,1534,-1,1534,1533,1535,-1,1534,1535,1536,-1,1536,1535,1537,-1,1537,1535,1538,-1,1537,1538,1539,-1,1539,1538,1540,-1,1540,1538,1541,-1,1540,1541,1542,-1,1542,1541,1543,-1,1542,1543,1544,-1,1544,1543,1545,-1,1544,1545,1546,-1,1546,1545,1547,-1,1546,1547,1548,-1,1548,1547,1549,-1,1548,1549,1550,-1,1550,1549,1551,-1,1550,1551,1552,-1,1553,1554,1555,-1,1553,1555,1556,-1,1556,1555,1557,-1,1557,1555,1558,-1,1557,1558,1559,-1,1559,1558,1560,-1,1559,1560,1561,-1,1551,1562,1552,-1,1552,1562,1563,-1,1552,1563,1564,-1,1564,1563,1565,-1,1564,1565,1566,-1,1566,1565,1567,-1,1566,1567,1568,-1,1568,1567,1569,-1,1568,1569,1570,-1,1570,1569,1561,-1,1570,1561,1571,-1,1571,1561,1560,-1,1572,1573,1574,-1,1574,1573,1575,-1,1574,1575,1576,-1,1393,1392,1576,-1,1576,1392,1577,-1,1576,1577,1574,-1,1391,1393,1553,-1,1553,1393,1578,-1,1553,1578,1554,-1,1579,1580,1581,-1,1581,1580,1582,-1,1581,1582,1583,-1,1583,1582,1584,-1,1583,1584,1585,-1,1585,1584,1572,-1,1585,1572,1586,-1,1586,1572,1574,-1,1587,1384,1383,-1,1383,1588,1587,-1,1587,1588,1589,-1,1587,1589,1590,-1,1590,1589,1591,-1,1590,1591,1592,-1,1592,1591,1593,-1,1592,1593,1579,-1,1579,1593,1594,-1,1579,1594,1580,-1,1395,1394,1595,-1,1595,1394,1596,-1,1595,1596,1597,-1,1597,1596,1598,-1,1597,1598,1599,-1,1599,1598,1600,-1,1599,1600,1601,-1,1600,1602,1601,-1,1601,1602,1603,-1,1601,1603,1604,-1,1604,1603,1605,-1,1604,1605,1606,-1,1606,1605,1607,-1,1607,1605,1608,-1,1607,1608,1609,-1,1609,1608,1610,-1,1609,1610,1611,-1,1610,1612,1611,-1,1611,1612,1613,-1,1611,1613,1614,-1,1614,1613,1615,-1,1614,1615,1616,-1,1616,1615,1617,-1,1615,1618,1617,-1,1617,1618,1619,-1,1617,1619,1620,-1,1620,1619,1621,-1,1620,1621,1622,-1,1622,1621,1623,-1,1622,1623,1624,-1,1624,1623,1625,-1,1626,1627,1628,-1,1628,1627,1629,-1,1628,1629,1630,-1,1623,1631,1625,-1,1625,1631,1632,-1,1625,1632,1633,-1,1633,1632,1634,-1,1633,1634,1635,-1,1635,1634,1636,-1,1635,1636,1637,-1,1637,1636,1638,-1,1637,1638,1626,-1,1626,1638,1639,-1,1626,1639,1627,-1,1630,1629,1640,-1,1640,1629,1641,-1,1640,1641,1642,-1,1642,1641,1643,-1,1642,1643,1644,-1,1644,1643,1645,-1,1644,1645,1646,-1,1647,1648,1649,-1,1649,1648,1650,-1,1649,1650,1651,-1,1651,1650,1652,-1,1645,1653,1646,-1,1646,1653,1654,-1,1646,1654,1655,-1,1655,1654,1656,-1,1655,1656,1657,-1,1657,1656,1658,-1,1657,1658,1647,-1,1647,1658,1659,-1,1647,1659,1648,-1,1650,1660,1652,-1,1652,1660,1661,-1,1652,1661,1662,-1,1662,1661,1663,-1,1662,1663,1664,-1,1664,1663,1665,-1,1664,1665,1666,-1,1666,1665,1667,-1,1666,1667,1668,-1,1667,1669,1668,-1,1668,1669,1670,-1,1668,1670,1671,-1,1671,1670,1672,-1,1671,1672,1673,-1,1673,1672,1674,-1,1673,1674,1675,-1,1675,1674,1676,-1,1675,1676,1677,-1,1677,1676,1678,-1,1676,1679,1678,-1,1678,1679,1680,-1,1678,1680,1681,-1,1681,1680,1682,-1,1681,1682,1683,-1,1683,1682,1684,-1,1682,1685,1684,-1,1684,1685,1686,-1,1684,1686,1687,-1,1687,1686,1688,-1,1687,1688,1689,-1,1689,1688,1690,-1,1688,1691,1690,-1,1690,1691,1692,-1,1690,1692,1693,-1,1693,1692,1694,-1,1693,1694,1695,-1,1695,1694,1696,-1,1695,1696,1697,-1,1697,1696,1698,-1,1698,1696,1699,-1,1698,1699,1700,-1,1700,1699,1701,-1,1700,1701,1702,-1,1702,1701,1703,-1,1702,1703,1704,-1,1704,1703,1705,-1,1704,1705,1706,-1,1706,1705,1707,-1,1706,1707,1708,-1,1708,1707,1709,-1,1708,1709,1710,-1,1711,1712,1713,-1,1713,1712,1714,-1,1713,1714,1715,-1,1709,1716,1710,-1,1710,1716,1717,-1,1710,1717,1718,-1,1718,1717,1719,-1,1718,1719,1720,-1,1720,1719,1721,-1,1720,1721,1722,-1,1722,1721,1723,-1,1722,1723,1711,-1,1711,1723,1724,-1,1711,1724,1712,-1,1715,1714,1725,-1,1725,1714,1726,-1,1725,1726,1727,-1,1726,1728,1727,-1,1727,1728,1729,-1,1727,1729,1730,-1,1730,1729,1731,-1,1730,1731,1732,-1,1732,1731,1733,-1,1732,1733,1734,-1,1734,1733,1735,-1,1734,1735,1736,-1,1736,1735,1737,-1,1736,1737,1738,-1,1738,1737,1739,-1,1738,1739,1740,-1,1739,1741,1740,-1,1740,1741,1742,-1,1740,1742,1743,-1,1743,1742,1744,-1,1743,1744,1745,-1,1745,1744,1746,-1,1745,1746,1747,-1,1747,1746,1748,-1,1747,1748,1749,-1,1749,1748,1750,-1,1749,1750,1751,-1,1751,1750,1752,-1,1751,1752,1753,-1,1753,1752,1754,-1,1753,1754,1755,-1,1755,1754,1756,-1,1755,1756,1757,-1,1757,1756,1758,-1,1759,1760,1761,-1,1761,1760,1762,-1,1761,1762,1763,-1,1763,1762,1764,-1,1763,1764,1765,-1,1765,1764,1766,-1,1764,1767,1766,-1,1766,1767,1768,-1,1766,1768,1769,-1,1769,1768,1770,-1,1769,1770,1771,-1,1771,1770,1772,-1,1771,1772,1773,-1,1773,1772,1774,-1,1773,1774,1775,-1,1775,1774,1776,-1,1775,1776,1777,-1,1777,1776,1778,-1,1777,1778,1779,-1,1779,1778,1780,-1,1779,1780,1758,-1,1758,1780,1781,-1,1758,1781,1757,-1,1761,1782,1759,-1,1759,1782,1783,-1,1759,1783,1784,-1,1784,1783,1785,-1,1784,1785,1786,-1,1786,1785,1787,-1,1786,1787,1788,-1,1788,1787,1789,-1,1788,1789,1790,-1,1791,1792,1793,-1,1793,1792,1794,-1,1793,1794,1795,-1,1795,1794,1796,-1,1795,1796,1797,-1,1797,1796,1790,-1,1797,1790,1798,-1,1798,1790,1789,-1,1799,1800,1801,-1,1802,1803,1804,-1,1804,1803,1805,-1,1804,1805,1806,-1,1806,1805,1807,-1,1806,1807,1808,-1,1808,1807,1809,-1,1808,1809,1791,-1,1791,1809,1792,-1,1802,1810,1803,-1,1803,1810,1811,-1,1803,1811,1812,-1,1812,1811,1813,-1,1813,1811,1814,-1,1813,1814,1815,-1,1815,1814,1816,-1,1815,1816,1817,-1,1816,1818,1817,-1,1817,1818,1819,-1,1817,1819,1820,-1,1820,1819,1821,-1,1820,1821,1822,-1,1822,1821,1823,-1,1821,1824,1823,-1,1823,1824,1825,-1,1823,1825,1826,-1,1826,1825,1827,-1,1826,1827,1828,-1,1828,1827,1829,-1,1828,1829,1830,-1,1830,1829,1831,-1,1831,1829,1832,-1,1831,1832,1833,-1,1833,1832,1834,-1,1833,1834,1835,-1,1835,1834,1836,-1,1835,1836,1837,-1,1837,1836,1838,-1,1837,1838,1839,-1,1839,1838,1840,-1,1839,1840,1841,-1,1841,1840,1842,-1,1841,1842,1843,-1,1843,1842,1844,-1,1843,1844,1845,-1,1845,1844,1846,-1,1845,1846,1847,-1,1847,1846,1848,-1,1847,1848,1849,-1,1849,1848,1850,-1,1849,1850,1851,-1,1851,1850,1852,-1,1851,1852,1853,-1,1853,1852,1854,-1,1853,1854,1855,-1,1855,1854,1856,-1,1855,1856,1857,-1,1857,1856,1858,-1,1857,1858,1859,-1,1859,1858,1860,-1,1859,1860,1861,-1,1861,1860,1862,-1,1861,1862,1863,-1,1863,1862,1864,-1,1863,1864,1865,-1,1864,1866,1865,-1,1865,1866,1867,-1,1865,1867,1868,-1,1868,1867,1869,-1,1868,1869,1870,-1,1870,1869,1871,-1,1870,1871,1872,-1,1872,1871,1873,-1,1872,1873,1874,-1,1874,1873,1875,-1,1874,1875,1876,-1,1877,1878,1879,-1,1879,1878,1880,-1,1879,1880,1801,-1,1801,1880,1881,-1,1801,1881,1799,-1,1877,1879,1882,-1,1882,1879,1883,-1,1882,1883,1884,-1,1884,1883,1885,-1,1885,1883,1886,-1,1885,1886,1887,-1,1888,1889,1890,-1,1890,1891,1888,-1,1888,1891,1892,-1,1888,1892,1886,-1,1886,1892,1893,-1,1886,1893,1887,-1,1894,1895,1896,-1,1896,1895,1897,-1,1896,1897,1898,-1,1897,1899,1898,-1,1898,1899,1900,-1,1898,1900,1889,-1,1889,1900,1901,-1,1889,1901,1890,-1,1875,1902,1876,-1,1876,1902,1903,-1,1876,1903,1904,-1,1904,1903,1905,-1,1905,1906,1904,-1,1904,1906,1907,-1,1904,1907,1896,-1,1896,1907,1908,-1,1896,1908,1894,-1,1909,1910,1911,-1,1912,1913,1914,-1,1915,1916,1917,-1,1918,1919,1920,-1,1920,1919,1921,-1,1922,1923,1924,-1,1925,1926,1927,-1,1928,1929,1930,-1,1931,1932,1933,-1,1934,1935,1936,-1,1937,1938,1939,-1,1940,1941,1942,-1,1942,1941,1943,-1,1944,1945,1946,-1,1946,1945,1947,-1,1946,1947,1948,-1,1948,1947,1949,-1,1948,1949,1940,-1,1940,1949,1950,-1,1940,1950,1941,-1,1951,1952,1953,-1,1953,1952,1954,-1,1953,1954,1955,-1,1955,1954,1956,-1,1955,1956,1957,-1,1957,1956,1958,-1,1957,1958,1959,-1,1959,1958,1960,-1,1959,1960,1961,-1,1961,1960,1962,-1,1961,1962,1944,-1,1944,1962,1963,-1,1944,1963,1945,-1,1964,1965,1966,-1,1966,1965,1967,-1,1966,1967,1968,-1,1968,1967,1969,-1,1968,1969,1970,-1,1970,1969,1971,-1,1970,1971,1972,-1,1972,1971,1973,-1,1972,1973,1974,-1,1974,1973,1975,-1,1974,1975,1976,-1,1976,1975,1977,-1,1976,1977,1978,-1,1978,1977,1979,-1,1978,1979,1980,-1,1980,1979,1951,-1,1980,1951,1981,-1,1981,1951,1953,-1,1982,1983,1984,-1,1984,1983,1985,-1,1984,1985,1986,-1,1986,1985,1987,-1,1986,1987,1964,-1,1964,1987,1988,-1,1964,1988,1965,-1,1984,1989,1982,-1,1982,1989,1990,-1,1982,1990,1991,-1,1991,1990,1992,-1,1991,1992,1993,-1,1993,1992,1994,-1,1994,1992,1995,-1,1994,1995,1996,-1,1996,1995,1997,-1,1996,1997,1998,-1,1998,1997,1999,-1,1999,1997,2000,-1,1999,2000,2001,-1,2001,2000,2002,-1,2001,2002,2003,-1,2002,2004,2003,-1,2003,2004,2005,-1,2003,2005,2006,-1,2006,2005,2007,-1,2008,2009,2010,-1,2010,2009,2011,-1,2010,2011,2012,-1,2012,2011,2013,-1,2008,2014,2009,-1,2009,2014,2015,-1,2009,2015,2016,-1,2016,2015,2017,-1,2017,2015,2018,-1,2017,2018,2019,-1,2019,2018,2020,-1,2019,2020,2021,-1,2020,2022,2021,-1,2021,2022,2023,-1,2021,2023,2024,-1,2024,2023,2025,-1,2024,2025,2026,-1,2026,2025,2027,-1,2025,2028,2027,-1,2027,2028,2029,-1,2027,2029,2030,-1,2030,2029,2031,-1,2030,2031,2032,-1,2032,2031,2033,-1,2031,2034,2033,-1,2033,2034,2035,-1,2033,2035,2036,-1,2035,2037,2036,-1,2036,2037,2038,-1,2036,2038,2039,-1,2040,2041,2042,-1,2038,2043,2039,-1,2039,2043,2044,-1,2039,2044,2045,-1,2045,2044,2046,-1,2045,2046,2047,-1,2047,2046,2048,-1,2047,2048,2049,-1,2049,2048,2050,-1,2049,2050,2051,-1,2051,2050,2052,-1,2051,2052,2053,-1,2053,2052,2054,-1,2053,2054,2055,-1,2055,2054,2056,-1,2055,2056,2042,-1,2042,2056,2057,-1,2042,2057,2040,-1,2041,2040,2058,-1,2058,2040,2059,-1,2058,2059,2060,-1,2061,2062,2063,-1,2063,2062,2064,-1,2063,2064,2065,-1,2065,2064,2066,-1,2065,2066,2067,-1,2067,2066,2068,-1,2067,2068,2069,-1,2069,2068,2070,-1,2069,2070,2071,-1,2071,2070,2072,-1,2071,2072,2073,-1,2073,2072,2074,-1,2073,2074,2075,-1,2075,2074,2076,-1,2075,2076,2077,-1,2077,2076,2078,-1,2077,2078,2079,-1,2079,2078,2080,-1,2079,2080,2081,-1,2081,2080,2082,-1,2081,2082,2083,-1,2083,2082,2084,-1,2083,2084,2085,-1,2085,2084,2086,-1,2085,2086,2013,-1,2013,2086,2087,-1,2013,2087,2012,-1,2088,2089,2090,-1,2090,2089,2091,-1,2090,2091,2061,-1,2061,2091,2092,-1,2061,2092,2062,-1,2093,2094,2095,-1,2095,2094,2096,-1,2095,2096,2097,-1,2097,2096,2098,-1,2097,2098,2099,-1,2099,2098,2100,-1,2099,2100,2101,-1,2101,2100,2102,-1,2101,2102,2103,-1,2103,2102,2104,-1,2103,2104,2105,-1,2105,2104,2106,-1,2105,2106,2107,-1,2107,2106,2108,-1,2107,2108,2088,-1,2088,2108,2109,-1,2088,2109,2089,-1,2095,2110,2093,-1,2093,2110,2111,-1,2093,2111,2112,-1,2112,2111,2113,-1,2114,2115,2116,-1,2116,2115,2117,-1,2116,2117,2118,-1,2118,2117,2119,-1,2118,2119,2120,-1,2120,2119,2121,-1,2120,2121,2113,-1,2113,2121,2122,-1,2113,2122,2112,-1,2123,2124,2114,-1,2114,2124,2125,-1,2114,2125,2115,-1,2126,2127,2128,-1,2128,2127,2129,-1,2128,2129,2130,-1,2130,2129,2131,-1,2130,2131,2123,-1,2123,2131,2132,-1,2123,2132,2124,-1,2133,2134,2135,-1,2135,2134,2136,-1,2135,2136,2126,-1,2126,2136,2137,-1,2126,2137,2127,-1,2138,2139,2133,-1,2133,2139,2140,-1,2133,2140,2134,-1,2141,2142,2143,-1,2143,2142,2144,-1,2143,2144,2145,-1,2145,2144,2146,-1,2145,2146,2138,-1,2138,2146,2147,-1,2138,2147,2139,-1,2148,2149,2150,-1,2150,2149,2151,-1,2150,2151,2152,-1,2152,2151,2153,-1,2152,2153,2154,-1,2154,2153,2155,-1,2154,2155,2156,-1,2156,2155,2157,-1,2156,2157,2158,-1,2158,2157,2159,-1,2158,2159,2160,-1,2160,2159,2161,-1,2160,2161,2162,-1,2162,2161,2163,-1,2162,2163,2164,-1,2164,2163,2165,-1,2164,2165,2141,-1,2141,2165,2166,-1,2141,2166,2142,-1,2167,2168,2169,-1,2169,2168,2170,-1,2169,2170,2148,-1,2148,2170,2171,-1,2148,2171,2149,-1,2172,2173,2174,-1,2172,2175,2173,-1,2173,2175,2176,-1,2173,2176,2177,-1,2176,2178,2177,-1,2177,2178,2179,-1,2177,2179,2180,-1,2180,2179,2181,-1,2180,2181,2167,-1,2167,2181,2182,-1,2167,2182,2168,-1,2183,2184,2174,-1,2174,2184,2185,-1,2174,2185,2172,-1,2186,2187,2188,-1,2188,2187,2189,-1,2188,2189,2190,-1,2190,2189,2191,-1,2190,2191,2192,-1,2192,2191,2193,-1,2192,2193,2183,-1,2183,2193,2194,-1,2183,2194,2184,-1,2195,2196,2197,-1,2197,2196,2198,-1,2197,2198,2199,-1,2199,2198,2200,-1,2199,2200,2201,-1,2201,2200,2202,-1,2201,2202,2203,-1,2203,2202,2204,-1,2203,2204,2186,-1,2186,2204,2205,-1,2186,2205,2187,-1,2206,2207,2195,-1,2195,2207,2208,-1,2195,2208,2196,-1,2209,2210,2206,-1,2206,2210,2211,-1,2206,2211,2207,-1,2209,2212,2210,-1,2210,2212,2213,-1,2210,2213,2214,-1,2214,2213,2215,-1,2214,2215,2216,-1,2216,2215,2217,-1,2216,2217,2218,-1,2218,2217,2219,-1,2218,2219,2220,-1,2220,2219,1937,-1,2220,1937,2221,-1,2221,1937,1939,-1,2222,2223,2224,-1,2224,2223,2225,-1,2224,2225,1938,-1,1938,2225,2226,-1,1938,2226,1939,-1,2227,2228,2229,-1,2229,2228,2230,-1,2229,2230,2222,-1,2222,2230,2231,-1,2222,2231,2223,-1,2232,2233,2234,-1,2234,2233,2235,-1,2234,2235,2236,-1,2236,2235,2237,-1,2236,2237,2238,-1,2238,2237,2239,-1,2238,2239,2240,-1,2240,2239,2241,-1,2240,2241,2242,-1,2242,2241,2243,-1,2242,2243,2244,-1,2244,2243,2245,-1,2244,2245,2246,-1,2246,2245,2247,-1,2246,2247,2248,-1,2248,2247,2249,-1,2248,2249,2250,-1,2250,2249,2251,-1,2250,2251,2227,-1,2227,2251,2252,-1,2227,2252,2228,-1,2253,2254,2255,-1,2255,2254,2256,-1,2255,2256,2257,-1,2257,2256,2258,-1,2257,2258,2259,-1,2259,2258,2260,-1,2259,2260,2261,-1,2261,2260,2262,-1,2261,2262,2263,-1,2263,2262,2264,-1,2263,2264,2232,-1,2232,2264,2265,-1,2232,2265,2233,-1,2266,2267,2268,-1,2268,2267,2269,-1,2268,2269,2253,-1,2253,2269,2270,-1,2253,2270,2254,-1,2271,2272,2273,-1,2273,2272,2274,-1,2273,2274,2266,-1,2266,2274,2275,-1,2266,2275,2267,-1,2276,2277,2278,-1,2278,2277,2279,-1,2278,2279,2280,-1,2280,2279,2281,-1,2280,2281,2282,-1,2278,2283,2276,-1,2276,2283,2284,-1,2276,2284,2285,-1,2285,2284,2286,-1,2285,2286,2287,-1,2287,2286,2288,-1,2287,2288,2289,-1,2289,2288,2290,-1,2289,2290,2291,-1,2291,2290,2292,-1,2291,2292,2271,-1,2271,2292,2293,-1,2271,2293,2272,-1,2282,2281,2294,-1,2294,2281,2295,-1,2294,2295,2296,-1,2296,2295,2297,-1,2296,2297,2298,-1,2298,2297,2299,-1,2298,2299,2300,-1,2300,2299,2301,-1,2300,2301,2302,-1,2302,2301,2303,-1,2302,2303,2304,-1,2304,2303,2305,-1,2304,2305,2306,-1,2306,2305,2307,-1,2306,2307,2308,-1,2308,2307,2309,-1,2308,2309,2310,-1,2310,2309,2311,-1,2311,2309,2312,-1,2311,2312,2313,-1,2313,2312,2314,-1,2313,2314,2315,-1,2315,2314,2316,-1,2316,2314,2317,-1,2316,2317,2318,-1,2318,2317,2319,-1,2318,2319,2320,-1,2320,2319,2321,-1,2321,2319,2322,-1,2321,2322,2323,-1,2323,2322,2324,-1,2323,2324,2325,-1,2325,2324,2326,-1,2326,2324,2327,-1,2326,2327,2328,-1,2328,2327,2329,-1,2328,2329,2330,-1,2331,2332,2333,-1,2333,2332,2334,-1,2333,2334,2335,-1,2330,2329,2336,-1,2336,2329,2337,-1,2336,2337,2338,-1,2338,2337,2339,-1,2338,2339,2331,-1,2331,2339,2340,-1,2331,2340,2332,-1,2335,2334,2341,-1,2341,2334,2342,-1,2341,2342,2343,-1,2343,2342,2344,-1,2343,2344,2345,-1,2345,2344,2346,-1,2345,2346,2347,-1,2347,2346,2348,-1,2347,2348,2349,-1,2349,2348,2350,-1,2349,2350,2351,-1,2351,2350,2352,-1,2351,2352,2353,-1,2353,2352,2354,-1,2353,2354,2355,-1,2355,2354,2356,-1,2355,2356,2357,-1,2357,2356,2358,-1,2358,2356,2359,-1,2358,2359,2360,-1,2360,2359,2361,-1,2361,2359,2362,-1,2361,2362,2363,-1,2363,2362,2364,-1,2363,2364,2365,-1,2365,2364,2366,-1,2366,2364,2367,-1,2366,2367,2368,-1,2368,2367,2369,-1,2369,2367,2370,-1,2369,2370,2371,-1,2371,2370,2372,-1,2371,2372,2373,-1,2373,2372,2374,-1,2374,2372,2375,-1,2374,2375,2376,-1,2376,2375,2377,-1,2376,2377,2378,-1,2378,2377,2379,-1,2379,2377,2380,-1,2379,2380,2381,-1,2381,2380,2382,-1,2381,2382,2383,-1,2383,2382,2384,-1,2383,2384,2385,-1,2385,2384,2386,-1,2385,2386,2387,-1,2387,2386,2388,-1,2387,2388,2389,-1,2389,2388,2390,-1,2389,2390,2391,-1,2391,2390,2392,-1,2391,2392,2393,-1,2393,2392,2394,-1,2393,2394,2395,-1,2395,2394,2396,-1,2395,2396,2397,-1,2397,2396,2398,-1,2397,2398,2399,-1,2399,2398,2400,-1,2399,2400,2401,-1,2401,2400,2402,-1,2402,2400,2403,-1,2402,2403,2404,-1,2404,2403,2405,-1,2404,2405,2406,-1,2406,2405,2407,-1,2406,2407,2408,-1,2408,2407,2409,-1,2408,2409,2410,-1,2411,2412,2413,-1,2413,2412,2414,-1,2413,2414,2409,-1,2409,2414,2415,-1,2409,2415,2410,-1,1935,1934,2416,-1,1934,2417,2416,-1,2416,2417,2418,-1,2416,2418,2419,-1,2419,2418,2420,-1,2419,2420,2411,-1,2411,2420,2421,-1,2411,2421,2412,-1,2422,2423,1936,-1,1936,2423,2424,-1,1936,2424,1934,-1,2425,2426,2427,-1,2425,2427,2428,-1,2428,2427,2429,-1,2428,2429,2430,-1,2430,2429,2431,-1,2430,2431,2432,-1,2432,2431,2433,-1,2432,2433,2434,-1,2434,2433,2435,-1,2434,2435,2436,-1,2436,2435,2437,-1,2436,2437,2438,-1,2438,2437,2439,-1,2438,2439,2422,-1,2422,2439,2440,-1,2422,2440,2423,-1,2426,2425,2441,-1,2441,2425,2442,-1,2441,2442,2443,-1,2443,2442,2444,-1,2443,2444,2445,-1,2445,2444,2446,-1,2445,2446,2447,-1,2447,2446,2448,-1,2447,2448,2449,-1,2449,2448,2450,-1,2449,2450,2451,-1,2451,2450,2452,-1,2451,2452,2453,-1,2453,2452,2454,-1,2454,2452,2455,-1,2454,2455,2456,-1,2456,2455,2457,-1,2456,2457,2458,-1,2458,2457,2459,-1,2458,2459,2460,-1,2460,2459,2461,-1,2460,2461,2462,-1,2463,2464,2465,-1,2463,2465,2466,-1,2466,2465,2467,-1,2466,2467,2461,-1,2461,2467,2468,-1,2461,2468,2462,-1,2464,2463,2469,-1,2469,2463,2470,-1,2469,2470,2471,-1,2471,2470,2472,-1,2471,2472,2473,-1,2473,2472,2474,-1,2473,2474,2475,-1,2475,2474,2476,-1,2475,2476,2477,-1,2477,2476,2478,-1,2477,2478,2479,-1,2479,2478,2480,-1,2480,2478,2481,-1,2480,2481,2482,-1,2482,2481,2483,-1,2482,2483,2484,-1,2485,2486,2487,-1,2487,2486,2488,-1,2487,2488,2489,-1,2489,2488,2490,-1,2489,2490,2491,-1,2491,2490,2492,-1,2491,2492,2493,-1,2493,2492,2494,-1,2493,2494,2495,-1,2495,2494,2496,-1,2495,2496,2484,-1,2484,2496,2497,-1,2484,2497,2482,-1,2498,2499,2485,-1,2485,2499,2500,-1,2485,2500,2486,-1,2501,2502,2503,-1,2503,2502,2504,-1,2503,2504,2498,-1,2498,2504,2505,-1,2498,2505,2499,-1,2506,2507,2508,-1,2508,2507,2509,-1,2508,2509,2501,-1,2501,2509,2510,-1,2501,2510,2502,-1,2511,2512,2513,-1,2513,2512,2514,-1,2513,2514,2506,-1,2506,2514,2515,-1,2506,2515,2507,-1,2516,2517,2518,-1,2518,2517,2519,-1,2518,2519,2520,-1,2520,2519,2521,-1,2520,2521,2522,-1,2522,2521,2523,-1,2522,2523,2524,-1,2524,2523,2525,-1,2524,2525,2526,-1,2526,2525,2527,-1,2526,2527,2528,-1,2528,2527,2529,-1,2528,2529,2530,-1,2530,2529,2531,-1,2530,2531,2532,-1,2532,2531,2533,-1,2532,2533,2511,-1,2511,2533,2534,-1,2511,2534,2512,-1,2535,2536,2537,-1,2537,2536,2538,-1,2537,2538,2539,-1,2539,2538,2540,-1,2539,2540,2541,-1,2541,2540,2542,-1,2541,2542,2543,-1,2543,2542,2544,-1,2543,2544,2516,-1,2516,2544,2545,-1,2516,2545,2517,-1,1933,2546,1931,-1,1931,2546,2547,-1,1931,2547,2548,-1,2548,2547,2549,-1,2548,2549,2535,-1,2535,2549,2550,-1,2535,2550,2536,-1,2551,2552,2553,-1,2553,2552,2554,-1,2553,2554,2555,-1,2555,2554,2556,-1,2555,2556,1932,-1,1932,2556,2557,-1,1932,2557,1933,-1,2558,2559,2560,-1,2560,2559,2561,-1,2560,2561,2562,-1,2562,2561,2563,-1,2562,2563,2551,-1,2551,2563,2564,-1,2551,2564,2552,-1,2565,2566,2567,-1,2567,2566,2568,-1,2567,2568,2569,-1,2569,2568,2570,-1,2569,2570,2571,-1,2571,2570,2572,-1,2571,2572,2573,-1,2573,2572,2574,-1,2573,2574,2575,-1,2575,2574,2576,-1,2575,2576,2577,-1,2577,2576,2578,-1,2577,2578,2579,-1,2579,2578,2580,-1,2579,2580,2581,-1,2581,2580,2582,-1,2581,2582,2583,-1,2583,2582,2584,-1,2583,2584,2585,-1,2585,2584,2586,-1,2585,2586,2558,-1,2558,2586,2587,-1,2558,2587,2559,-1,2588,2589,2590,-1,2590,2589,2591,-1,2590,2591,2565,-1,2565,2591,2592,-1,2565,2592,2566,-1,2593,2594,2588,-1,2588,2594,2595,-1,2588,2595,2589,-1,2596,2597,2593,-1,2593,2597,2598,-1,2593,2598,2594,-1,2599,2600,2601,-1,2601,2600,2602,-1,2601,2602,2596,-1,2596,2602,2603,-1,2596,2603,2597,-1,2604,2605,2606,-1,2606,2605,2607,-1,2606,2607,2608,-1,2608,2607,2609,-1,2608,2609,2610,-1,2610,2609,2611,-1,2610,2611,2612,-1,2612,2611,2613,-1,2612,2613,2614,-1,2614,2613,2615,-1,2614,2615,2616,-1,2616,2615,2617,-1,2616,2617,2618,-1,2618,2617,2619,-1,2618,2619,2620,-1,2620,2619,2621,-1,2620,2621,2622,-1,2622,2621,2623,-1,2622,2623,2624,-1,2624,2623,2625,-1,2624,2625,2599,-1,2599,2625,2626,-1,2599,2626,2600,-1,2606,2627,2604,-1,2604,2627,2628,-1,2604,2628,2629,-1,2629,2628,2630,-1,2631,2632,2630,-1,2630,2632,2633,-1,2630,2633,2629,-1,2634,2635,2636,-1,2636,2635,2637,-1,2636,2637,2631,-1,2631,2637,2638,-1,2631,2638,2632,-1,2639,2640,2641,-1,2641,2640,2642,-1,2641,2642,2634,-1,2634,2642,2643,-1,2634,2643,2635,-1,2644,2645,2646,-1,2646,2645,2647,-1,2646,2647,2639,-1,2639,2647,2648,-1,2639,2648,2640,-1,2649,2650,2651,-1,2651,2650,2652,-1,2651,2652,2644,-1,2644,2652,2653,-1,2644,2653,2645,-1,2651,2654,2649,-1,2649,2654,2655,-1,2649,2655,2656,-1,2656,2655,2657,-1,2658,2659,2660,-1,2660,2659,2661,-1,2660,2661,2662,-1,2662,2661,2663,-1,2662,2663,2664,-1,2664,2663,2665,-1,2664,2665,2666,-1,2666,2665,2667,-1,2666,2667,2668,-1,2668,2667,2669,-1,2668,2669,2670,-1,2670,2669,2671,-1,2670,2671,2672,-1,2672,2671,2673,-1,2672,2673,2674,-1,2674,2673,2675,-1,2674,2675,2676,-1,2676,2675,2677,-1,2676,2677,2678,-1,2678,2677,2679,-1,2678,2679,2680,-1,2680,2679,2681,-1,2680,2681,2682,-1,2682,2681,2683,-1,2682,2683,2657,-1,2657,2683,2684,-1,2657,2684,2656,-1,2685,2686,2658,-1,2658,2686,2687,-1,2658,2687,2659,-1,2688,2689,2690,-1,2690,2689,2691,-1,2690,2691,2685,-1,2685,2691,2692,-1,2685,2692,2686,-1,2693,2694,2695,-1,2695,2694,2696,-1,2695,2696,2688,-1,2688,2696,2697,-1,2688,2697,2689,-1,2698,2699,2700,-1,2700,2699,2701,-1,2700,2701,2702,-1,2702,2701,2703,-1,2702,2703,2704,-1,2704,2703,2705,-1,2704,2705,2706,-1,2706,2705,2707,-1,2706,2707,2708,-1,2708,2707,2709,-1,2708,2709,2710,-1,2710,2709,2711,-1,2710,2711,2712,-1,2712,2711,2713,-1,2712,2713,2714,-1,2714,2713,2715,-1,2714,2715,2716,-1,2716,2715,2717,-1,2716,2717,2718,-1,2718,2717,2719,-1,2718,2719,2720,-1,2720,2719,2721,-1,2720,2721,2722,-1,2722,2721,2723,-1,2722,2723,2693,-1,2693,2723,2724,-1,2693,2724,2694,-1,2700,2725,2698,-1,2698,2725,2726,-1,2698,2726,2727,-1,2727,2726,2728,-1,2727,2728,2729,-1,2729,2728,2730,-1,2730,2728,2731,-1,2730,2731,2732,-1,2732,2731,2733,-1,2732,2733,2734,-1,2734,2733,2735,-1,2735,2733,2736,-1,2735,2736,2737,-1,2737,2736,2738,-1,2738,2736,2739,-1,2738,2739,2740,-1,2740,2739,2741,-1,2740,2741,2742,-1,2742,2741,2743,-1,2743,2741,2744,-1,2743,2744,2745,-1,2745,2744,2746,-1,2745,2746,2747,-1,2747,2746,2748,-1,2748,2746,2749,-1,2748,2749,2750,-1,2750,2749,2751,-1,2750,2751,2752,-1,2751,2753,2752,-1,2752,2753,2754,-1,2752,2754,2755,-1,2755,2754,2756,-1,2757,2758,2759,-1,2759,2758,2760,-1,2759,2760,2761,-1,2761,2760,2762,-1,2761,2762,2763,-1,2763,2762,2764,-1,2763,2764,2765,-1,2765,2764,2766,-1,2765,2766,2767,-1,2767,2766,2768,-1,2767,2768,2769,-1,2769,2768,2770,-1,2769,2770,2771,-1,2771,2770,2772,-1,2771,2772,2773,-1,2773,2772,2774,-1,2773,2774,2756,-1,2756,2774,2775,-1,2756,2775,2755,-1,2776,2777,2778,-1,2759,2779,2757,-1,2757,2779,2778,-1,2757,2778,2780,-1,2780,2778,2777,-1,2778,2781,2776,-1,2776,2781,2782,-1,2776,2782,2783,-1,2783,2782,2784,-1,2785,2786,2787,-1,2787,2786,2788,-1,2787,2788,2782,-1,2782,2788,2789,-1,2782,2789,2784,-1,2790,2791,2792,-1,2792,2791,2793,-1,2792,2793,2794,-1,2794,2793,2795,-1,2794,2795,2796,-1,2796,2795,2797,-1,2796,2797,2798,-1,2798,2797,2799,-1,2798,2799,2800,-1,2800,2799,2801,-1,2800,2801,2802,-1,2802,2801,2803,-1,2802,2803,2804,-1,2804,2803,2805,-1,2804,2805,2806,-1,2806,2805,2807,-1,2806,2807,2785,-1,2785,2807,2808,-1,2785,2808,2786,-1,2809,2810,2811,-1,2811,2810,2812,-1,2811,2812,2813,-1,2813,2812,2814,-1,2813,2814,2815,-1,2815,2814,2816,-1,2815,2816,2817,-1,2817,2816,2818,-1,2817,2818,2819,-1,2819,2818,2820,-1,2819,2820,2821,-1,2821,2820,2822,-1,2821,2822,2823,-1,2823,2822,2824,-1,2823,2824,2825,-1,2825,2824,2826,-1,2825,2826,2790,-1,2790,2826,2827,-1,2790,2827,2791,-1,2828,2829,2830,-1,2830,2829,2831,-1,2830,2831,2809,-1,2809,2831,2832,-1,2809,2832,2810,-1,2833,2834,2835,-1,2833,2835,2836,-1,2836,2835,2837,-1,2836,2837,2828,-1,2828,2837,2838,-1,2828,2838,2829,-1,2834,2833,2839,-1,2839,2833,2840,-1,2839,2840,2841,-1,2841,2840,2842,-1,2841,2842,2843,-1,2844,2845,2846,-1,2846,2845,2847,-1,2846,2847,2848,-1,2848,2847,2849,-1,2848,2849,2850,-1,2850,2849,2851,-1,2850,2851,2852,-1,2852,2851,2853,-1,2852,2853,2854,-1,2854,2853,2855,-1,2854,2855,2842,-1,2842,2855,2856,-1,2842,2856,2843,-1,2846,2857,2844,-1,2844,2857,2858,-1,2844,2858,2859,-1,2859,2858,2860,-1,2859,2860,2861,-1,2861,2860,2862,-1,2861,2862,2863,-1,2863,2862,2864,-1,2863,2864,2865,-1,2865,2864,2866,-1,2867,2868,2869,-1,2869,2868,2870,-1,2869,2870,2871,-1,2871,2870,2872,-1,2871,2872,2873,-1,2873,2872,2874,-1,2873,2874,2866,-1,2866,2874,2875,-1,2866,2875,2865,-1,2876,2877,2867,-1,2867,2877,2878,-1,2867,2878,2868,-1,2879,2880,2881,-1,2881,2880,2882,-1,2881,2882,2876,-1,2876,2882,2883,-1,2876,2883,2877,-1,2884,2885,2886,-1,2886,2885,2887,-1,2886,2887,2879,-1,2879,2887,2888,-1,2879,2888,2880,-1,2889,2890,2891,-1,2891,2890,2892,-1,2891,2892,2893,-1,2893,2892,2894,-1,2893,2894,2895,-1,2895,2894,2896,-1,2895,2896,2884,-1,2884,2896,2897,-1,2884,2897,2885,-1,2898,2899,2900,-1,2900,2899,2901,-1,2900,2901,2902,-1,2902,2901,2903,-1,2902,2903,2904,-1,2904,2903,2905,-1,2904,2905,2906,-1,2906,2905,2907,-1,2906,2907,2908,-1,2908,2907,2909,-1,2908,2909,2910,-1,2910,2909,2911,-1,2910,2911,2912,-1,2912,2911,2913,-1,2912,2913,2914,-1,2914,2913,2915,-1,2914,2915,2916,-1,2916,2915,2917,-1,2916,2917,2889,-1,2889,2917,2918,-1,2889,2918,2890,-1,2919,2920,2921,-1,2900,2922,2898,-1,2898,2922,2921,-1,2898,2921,2923,-1,2923,2921,2920,-1,2924,2925,2926,-1,2926,2925,2927,-1,2926,2927,2928,-1,2921,2929,2919,-1,2919,2929,2925,-1,2919,2925,2930,-1,2930,2925,2924,-1,2931,2932,2933,-1,2933,2932,2934,-1,2933,2934,2935,-1,2935,2934,2936,-1,2935,2936,2937,-1,2931,2938,2932,-1,2932,2938,2939,-1,2932,2939,2940,-1,2940,2939,2941,-1,2940,2941,2928,-1,2928,2941,2942,-1,2928,2942,2926,-1,2937,2936,2943,-1,2943,2936,2944,-1,2943,2944,2945,-1,2944,2946,2945,-1,2945,2946,2947,-1,2945,2947,2948,-1,2948,2947,2949,-1,2948,2949,2950,-1,2950,2949,2951,-1,2950,2951,2952,-1,2952,2951,2953,-1,2952,2953,2954,-1,2954,2953,2955,-1,2956,2957,2958,-1,2958,2957,2959,-1,2958,2959,2960,-1,2960,2959,2961,-1,2960,2961,2962,-1,2962,2961,2963,-1,2962,2963,2964,-1,2964,2963,2965,-1,2964,2965,2955,-1,2955,2965,2966,-1,2955,2966,2954,-1,2967,2968,2969,-1,2969,2968,2970,-1,2969,2970,2971,-1,2967,2972,2968,-1,2968,2972,2973,-1,2968,2973,2974,-1,2974,2973,2975,-1,2974,2975,2956,-1,2956,2975,2976,-1,2956,2976,2957,-1,2977,2978,2979,-1,2979,2978,2980,-1,2979,2980,2971,-1,2971,2980,2981,-1,2971,2981,2969,-1,2982,2983,2977,-1,2977,2983,2984,-1,2977,2984,2978,-1,2985,2986,2987,-1,2987,2986,2988,-1,2987,2988,2989,-1,2989,2988,2990,-1,2989,2990,2991,-1,2991,2990,2992,-1,2991,2992,2993,-1,2993,2992,2994,-1,2993,2994,2995,-1,2995,2994,2996,-1,2995,2996,2997,-1,2997,2996,2998,-1,2997,2998,2999,-1,2999,2998,3000,-1,2999,3000,3001,-1,3001,3000,3002,-1,3001,3002,2982,-1,2982,3002,3003,-1,2982,3003,2983,-1,2987,3004,2985,-1,2985,3004,3005,-1,2985,3005,3006,-1,3006,3005,3007,-1,1930,3008,1928,-1,1928,3008,3009,-1,1928,3009,3010,-1,3010,3009,3011,-1,3010,3011,3012,-1,3012,3011,3013,-1,3012,3013,3007,-1,3007,3013,3014,-1,3007,3014,3006,-1,3015,3016,3017,-1,3017,3016,3018,-1,3017,3018,1929,-1,1929,3018,3019,-1,1929,3019,1930,-1,3020,3021,3022,-1,3022,3021,3023,-1,3022,3023,3015,-1,3015,3023,3024,-1,3015,3024,3016,-1,3025,3026,3027,-1,3027,3026,3028,-1,3027,3028,3020,-1,3020,3028,3029,-1,3020,3029,3021,-1,1927,1926,3030,-1,3030,1926,3031,-1,3031,1926,3032,-1,3031,3032,3025,-1,3025,3032,3033,-1,3025,3033,3026,-1,1925,1927,3034,-1,3034,1927,3035,-1,3034,3035,3036,-1,3035,3037,3036,-1,3036,3037,3038,-1,3036,3038,3039,-1,3039,3038,3040,-1,3039,3040,3041,-1,3041,3040,3042,-1,3040,3043,3042,-1,3042,3043,3044,-1,3042,3044,3045,-1,3045,3044,3046,-1,3045,3046,3047,-1,3047,3046,3048,-1,3048,3046,3049,-1,3048,3049,3050,-1,3050,3049,3051,-1,3050,3051,3052,-1,3052,3051,3053,-1,3052,3053,3054,-1,3054,3053,3055,-1,3055,3053,3056,-1,3055,3056,3057,-1,3057,3056,3058,-1,3057,3058,3059,-1,3060,3061,3062,-1,3062,3061,3063,-1,3062,3063,3064,-1,3064,3063,3065,-1,3064,3065,3058,-1,3058,3065,3066,-1,3058,3066,3059,-1,3062,3067,3060,-1,3060,3067,3068,-1,3060,3068,3069,-1,1924,1923,3070,-1,3070,1923,3071,-1,3070,3071,3068,-1,3068,3071,3072,-1,3068,3072,3069,-1,1922,1924,3073,-1,3073,1924,3074,-1,3073,3074,3075,-1,3075,3074,3076,-1,3075,3076,3077,-1,3078,3079,3080,-1,3080,3079,3081,-1,3080,3081,3082,-1,3082,3081,3083,-1,3082,3083,3084,-1,3084,3083,3085,-1,3084,3085,3086,-1,3086,3085,3087,-1,3086,3087,3088,-1,3088,3087,3089,-1,3088,3089,3090,-1,3090,3089,3091,-1,3090,3091,3092,-1,3092,3091,3093,-1,3092,3093,3094,-1,3094,3093,3095,-1,3094,3095,3096,-1,3096,3095,3097,-1,3096,3097,3077,-1,3077,3097,3098,-1,3077,3098,3075,-1,3099,3100,3101,-1,3101,3100,3102,-1,3101,3102,3078,-1,3078,3102,3103,-1,3078,3103,3079,-1,3104,3105,3106,-1,3106,3105,3107,-1,3106,3107,3108,-1,3108,3107,3109,-1,3108,3109,3099,-1,3099,3109,3110,-1,3099,3110,3100,-1,3111,3112,3113,-1,3113,3112,3114,-1,3113,3114,3115,-1,3104,3106,3115,-1,3115,3106,3116,-1,3115,3116,3113,-1,3117,3118,3119,-1,3117,3119,3120,-1,3120,3119,3121,-1,3120,3121,3122,-1,3122,3121,3123,-1,3122,3123,3124,-1,3124,3123,3125,-1,3124,3125,3126,-1,3126,3125,3127,-1,3126,3127,3128,-1,3128,3127,3129,-1,3128,3129,3130,-1,3130,3129,3131,-1,3130,3131,3132,-1,3132,3131,3133,-1,3132,3133,3134,-1,3134,3133,3135,-1,3134,3135,3111,-1,3111,3135,3136,-1,3111,3136,3112,-1,3118,3117,3137,-1,3137,3117,3138,-1,3137,3138,3139,-1,3139,3138,3140,-1,3139,3140,3141,-1,3140,3142,3141,-1,3141,3142,3143,-1,3141,3143,3144,-1,3144,3143,3145,-1,3144,3145,3146,-1,3146,3145,3147,-1,3148,3149,3150,-1,3150,3151,3148,-1,3148,3151,3152,-1,3148,3152,3153,-1,3153,3152,3154,-1,3153,3154,3147,-1,3147,3154,3155,-1,3147,3155,3146,-1,3156,3157,3158,-1,3158,3157,3159,-1,3158,3159,3149,-1,3149,3159,3160,-1,3149,3160,3150,-1,3161,3162,3163,-1,3163,3162,3164,-1,3163,3164,3165,-1,3165,3164,3166,-1,3165,3166,3167,-1,3167,3166,3168,-1,3167,3168,3169,-1,3169,3168,3170,-1,3169,3170,3156,-1,3156,3170,3171,-1,3156,3171,3157,-1,3163,3172,3161,-1,3161,3172,3173,-1,3161,3173,3174,-1,3174,3173,3175,-1,3174,3175,3176,-1,3176,3175,3177,-1,3175,3178,3177,-1,3177,3178,3179,-1,3177,3179,3180,-1,3180,3179,3181,-1,3182,3183,3184,-1,3184,3183,3185,-1,3184,3185,3186,-1,3186,3185,3187,-1,3186,3187,3188,-1,3188,3187,3189,-1,3188,3189,3190,-1,3190,3189,3191,-1,3190,3191,3192,-1,3192,3191,3193,-1,3192,3193,3194,-1,3194,3193,3195,-1,3194,3195,3196,-1,3196,3195,3197,-1,3196,3197,3181,-1,3181,3197,3198,-1,3181,3198,3180,-1,3184,3199,3182,-1,3182,3199,3200,-1,3182,3200,3201,-1,1921,1919,3200,-1,3200,1919,3202,-1,3200,3202,3201,-1,1917,1916,3203,-1,3203,1916,3204,-1,3203,3204,1920,-1,1920,3204,3205,-1,1920,3205,1918,-1,1915,1917,3206,-1,3206,1917,3207,-1,3206,3207,3208,-1,3208,3207,3209,-1,3208,3209,3210,-1,3210,3209,3211,-1,3210,3211,3212,-1,3212,3211,3213,-1,3212,3213,3214,-1,3214,3213,3215,-1,3214,3215,3216,-1,3216,3215,3217,-1,3216,3217,3218,-1,3218,3217,3219,-1,3218,3219,3220,-1,3220,3219,3221,-1,3220,3221,3222,-1,3222,3221,3223,-1,3223,3221,3224,-1,3223,3224,3225,-1,3224,3226,3225,-1,3225,3226,3227,-1,3225,3227,3228,-1,3228,3227,3229,-1,3230,3231,3232,-1,3232,3231,3233,-1,3232,3233,3234,-1,3234,3233,3235,-1,3234,3235,3236,-1,3236,3235,3237,-1,3236,3237,3238,-1,3238,3237,3239,-1,3238,3239,3240,-1,3240,3239,3241,-1,3240,3241,3229,-1,3229,3241,3242,-1,3229,3242,3228,-1,3243,3244,3245,-1,3245,3244,3246,-1,3245,3246,3230,-1,3230,3246,3247,-1,3230,3247,3231,-1,3248,3249,3250,-1,3250,3249,3251,-1,3251,3249,3252,-1,3251,3252,3243,-1,3243,3252,3253,-1,3243,3253,3244,-1,3248,3250,3254,-1,3254,3250,3255,-1,3254,3255,3256,-1,3256,3255,3257,-1,3256,3257,3258,-1,3258,3257,3259,-1,3258,3259,3260,-1,3260,3259,3261,-1,3260,3261,3262,-1,3262,3261,3263,-1,3262,3263,3264,-1,3264,3263,3265,-1,3265,3263,3266,-1,3265,3266,3267,-1,3267,3266,3268,-1,3267,3268,3269,-1,3269,3268,3270,-1,3269,3270,3271,-1,3271,3270,3272,-1,3271,3272,3273,-1,3273,3272,3274,-1,3273,3274,3275,-1,3275,3274,3276,-1,3275,3276,3277,-1,3277,3276,3278,-1,3277,3278,3279,-1,3279,3278,3280,-1,3279,3280,3281,-1,3281,3280,3282,-1,3281,3282,3283,-1,3283,3282,3284,-1,3283,3284,3285,-1,3285,3284,3286,-1,3286,3284,3287,-1,3286,3287,3288,-1,3289,3290,3291,-1,3291,3290,3292,-1,3291,3292,3288,-1,3288,3292,3293,-1,3288,3293,3286,-1,3294,3295,3296,-1,3296,3295,3297,-1,3296,3297,3298,-1,3297,3299,3298,-1,3298,3299,3300,-1,3298,3300,3301,-1,3301,3300,3302,-1,3301,3302,3289,-1,3289,3302,3303,-1,3289,3303,3290,-1,3304,3305,3306,-1,3306,3305,3307,-1,3306,3307,3294,-1,3294,3307,3308,-1,3294,3308,3295,-1,3309,3310,3311,-1,3311,3310,3312,-1,3311,3312,3313,-1,3313,3312,3314,-1,3313,3314,3315,-1,3315,3314,3316,-1,3315,3316,3317,-1,3317,3316,3318,-1,3317,3318,3304,-1,3304,3318,3319,-1,3304,3319,3305,-1,3311,3320,3309,-1,3309,3320,3321,-1,3309,3321,3322,-1,3322,3321,3323,-1,3322,3323,3324,-1,3324,3323,3325,-1,3324,3325,3326,-1,3326,3325,3327,-1,3326,3327,3328,-1,3328,3327,3329,-1,3328,3329,3330,-1,3330,3329,3331,-1,3330,3331,3332,-1,3332,3331,3333,-1,3332,3333,3334,-1,3334,3333,3335,-1,3336,3337,3335,-1,3335,3337,3338,-1,3335,3338,3334,-1,1914,3339,1912,-1,1912,3339,3340,-1,1912,3340,3341,-1,3341,3340,3342,-1,3341,3342,3336,-1,3336,3342,3343,-1,3336,3343,3337,-1,3344,3345,3346,-1,3346,3345,3347,-1,3346,3347,1913,-1,1913,3347,3348,-1,1913,3348,1914,-1,3349,3350,3351,-1,3351,3350,3352,-1,3351,3352,3353,-1,3353,3352,3354,-1,3353,3354,3355,-1,3355,3354,3356,-1,3355,3356,3357,-1,3357,3356,3358,-1,3357,3358,3344,-1,3344,3358,3359,-1,3344,3359,3345,-1,3360,3361,3362,-1,3362,3361,3363,-1,3362,3363,3364,-1,3364,3363,3365,-1,3364,3365,3366,-1,3366,3365,3367,-1,3366,3367,3368,-1,3368,3367,3369,-1,3368,3369,3370,-1,3370,3369,3371,-1,3370,3371,3372,-1,3372,3371,3373,-1,3372,3373,3374,-1,3374,3373,3375,-1,3374,3375,3349,-1,3349,3375,3376,-1,3349,3376,3350,-1,3377,3378,3360,-1,3360,3378,3379,-1,3360,3379,3361,-1,3380,3381,3382,-1,3382,3381,3383,-1,3382,3383,3384,-1,3384,3383,3385,-1,3384,3385,3377,-1,3377,3385,3386,-1,3377,3386,3378,-1,3387,3388,3389,-1,3380,3382,3388,-1,3388,3382,3390,-1,3388,3390,3389,-1,3391,3392,3393,-1,3393,3392,3394,-1,3393,3394,3389,-1,3389,3394,3395,-1,3389,3395,3387,-1,3396,3397,3398,-1,3398,3397,3399,-1,3398,3399,3400,-1,3400,3399,3401,-1,3400,3401,3402,-1,3402,3401,3403,-1,3402,3403,3404,-1,3404,3403,3405,-1,3404,3405,3406,-1,3406,3405,3407,-1,3406,3407,3408,-1,3408,3407,3409,-1,3408,3409,3410,-1,3410,3409,3411,-1,3410,3411,3412,-1,3412,3411,3413,-1,3412,3413,3414,-1,3414,3413,3415,-1,3414,3415,3416,-1,3416,3415,3417,-1,3416,3417,3391,-1,3391,3417,3418,-1,3391,3418,3392,-1,3419,3420,3421,-1,3421,3420,3422,-1,3421,3422,3423,-1,3423,3422,3424,-1,3423,3424,3396,-1,3396,3424,3425,-1,3396,3425,3397,-1,1911,3426,1909,-1,1909,3426,3427,-1,1909,3427,3428,-1,3428,3427,3429,-1,3428,3429,3430,-1,3430,3429,3431,-1,3430,3431,3419,-1,3419,3431,3432,-1,3419,3432,3420,-1,3433,3434,3435,-1,3435,3434,3436,-1,3435,3436,1910,-1,1910,3436,3437,-1,1910,3437,1911,-1,3438,3439,3440,-1,3440,3439,3441,-1,3440,3441,3442,-1,3442,3441,3443,-1,3442,3443,3444,-1,3444,3443,3445,-1,3444,3445,3446,-1,3446,3445,3447,-1,3446,3447,3448,-1,3448,3447,3449,-1,3448,3449,3450,-1,3450,3449,3451,-1,3450,3451,3433,-1,3433,3451,3452,-1,3433,3452,3434,-1,3440,3453,3438,-1,3438,3453,3454,-1,3438,3454,3455,-1,3455,3454,3456,-1,1943,3457,1942,-1,1942,3457,3458,-1,1942,3458,3459,-1,3459,3458,3460,-1,3459,3460,3461,-1,3461,3460,3462,-1,3461,3462,3463,-1,3463,3462,3464,-1,3463,3464,3465,-1,3465,3464,3466,-1,3465,3466,3467,-1,3467,3466,3468,-1,3467,3468,3456,-1,3456,3468,3469,-1,3456,3469,3455,-1,2607,2605,979,-1,2738,2740,805,-1,2877,2883,746,-1,746,2883,748,-1,2948,2950,507,-1,3193,3191,16,-1,3293,3292,149,-1,3470,3457,1943,-1,3447,3445,3471,-1,3472,3361,3379,-1,134,3299,131,-1,131,3299,3297,-1,131,3297,132,-1,3473,3474,3307,-1,3307,3474,3475,-1,3307,3475,3308,-1,3308,3475,3476,-1,3308,3476,3295,-1,3295,3476,3477,-1,3295,3477,3297,-1,3297,3477,3478,-1,3297,3478,132,-1,3473,3307,3479,-1,3479,3307,3305,-1,3479,3305,3480,-1,3480,3305,3319,-1,3480,3319,3481,-1,3481,3319,3318,-1,3481,3318,3482,-1,3482,3318,3316,-1,3482,3316,3483,-1,3483,3316,3484,-1,3484,3316,3314,-1,3484,3314,3485,-1,3314,3312,3485,-1,3485,3312,3310,-1,3485,3310,3486,-1,3486,3310,3309,-1,3486,3309,3487,-1,3487,3309,3488,-1,3488,3309,3322,-1,3488,3322,3489,-1,3489,3322,3324,-1,3489,3324,3490,-1,3490,3324,3326,-1,3490,3326,3491,-1,3491,3326,3492,-1,3492,3326,3328,-1,3492,3328,3493,-1,3493,3328,3330,-1,3493,3330,3494,-1,3494,3330,3495,-1,3495,3330,3332,-1,3495,3332,3496,-1,3496,3332,3334,-1,3496,3334,3497,-1,3497,3334,3338,-1,3497,3338,3498,-1,3498,3338,3337,-1,3498,3337,3499,-1,3499,3337,3343,-1,3499,3343,3500,-1,3500,3343,3501,-1,3501,3343,3342,-1,3501,3342,3502,-1,3342,3340,3502,-1,3502,3340,3339,-1,3502,3339,3503,-1,3503,3339,1914,-1,3345,3504,3347,-1,3347,3504,3505,-1,3347,3505,3348,-1,3348,3505,3506,-1,3348,3506,1914,-1,1914,3506,3507,-1,1914,3507,3503,-1,3356,3508,3358,-1,3358,3508,3509,-1,3358,3509,3359,-1,3359,3509,3510,-1,3359,3510,3345,-1,3345,3510,3511,-1,3345,3511,3504,-1,3512,3513,3350,-1,3350,3513,3514,-1,3350,3514,3352,-1,3352,3514,3515,-1,3352,3515,3354,-1,3354,3515,3516,-1,3354,3516,3356,-1,3356,3516,3517,-1,3356,3517,3508,-1,3350,3376,3512,-1,3512,3376,3375,-1,3512,3375,3518,-1,3518,3375,3373,-1,3367,3519,3369,-1,3369,3519,3520,-1,3369,3520,3371,-1,3371,3520,3521,-1,3371,3521,3373,-1,3373,3521,3522,-1,3373,3522,3518,-1,3361,3472,3363,-1,3363,3472,3523,-1,3363,3523,3365,-1,3365,3523,3524,-1,3365,3524,3367,-1,3367,3524,3525,-1,3367,3525,3519,-1,3378,3526,3379,-1,3379,3526,3527,-1,3379,3527,3472,-1,3383,3528,3385,-1,3385,3528,3529,-1,3385,3529,3386,-1,3386,3529,3530,-1,3386,3530,3378,-1,3378,3530,3531,-1,3378,3531,3526,-1,3387,3532,3388,-1,3388,3532,3533,-1,3388,3533,3380,-1,3380,3533,3534,-1,3380,3534,3381,-1,3381,3534,3535,-1,3381,3535,3383,-1,3383,3535,3536,-1,3383,3536,3528,-1,3417,3537,3418,-1,3418,3537,3538,-1,3418,3538,3392,-1,3392,3538,3539,-1,3392,3539,3394,-1,3394,3539,3540,-1,3394,3540,3395,-1,3395,3540,3541,-1,3395,3541,3387,-1,3387,3541,3542,-1,3387,3542,3532,-1,3543,3544,3417,-1,3417,3544,3545,-1,3417,3545,3537,-1,3417,3415,3543,-1,3543,3415,3413,-1,3543,3413,3546,-1,3546,3413,3411,-1,3546,3411,3547,-1,3547,3411,3548,-1,3549,3550,3405,-1,3411,3409,3548,-1,3548,3409,3407,-1,3548,3407,3551,-1,3551,3407,3405,-1,3551,3405,3552,-1,3552,3405,3550,-1,3399,3397,3553,-1,3405,3403,3549,-1,3549,3403,3401,-1,3549,3401,3554,-1,3554,3401,3399,-1,3554,3399,3555,-1,3555,3399,3553,-1,3556,3557,3422,-1,3422,3557,3424,-1,3424,3557,3558,-1,3424,3558,3425,-1,3425,3558,3559,-1,3425,3559,3397,-1,3397,3559,3560,-1,3397,3560,3553,-1,3556,3422,3561,-1,3561,3422,3420,-1,3561,3420,3562,-1,3562,3420,3432,-1,3562,3432,3563,-1,3432,3431,3563,-1,3563,3431,3429,-1,3563,3429,3564,-1,3564,3429,3427,-1,3436,3565,3437,-1,3437,3565,3566,-1,3437,3566,1911,-1,1911,3566,3567,-1,1911,3567,3426,-1,3426,3567,3568,-1,3426,3568,3427,-1,3427,3568,3569,-1,3427,3569,3564,-1,3570,3571,3436,-1,3436,3571,3572,-1,3436,3572,3565,-1,3436,3434,3570,-1,3570,3434,3452,-1,3570,3452,3573,-1,3573,3452,3451,-1,3573,3451,3574,-1,3447,3471,3449,-1,3449,3471,3575,-1,3449,3575,3451,-1,3451,3575,3576,-1,3451,3576,3574,-1,3577,3578,3445,-1,3445,3578,3579,-1,3445,3579,3471,-1,3445,3443,3577,-1,3577,3443,3441,-1,3577,3441,3580,-1,3580,3441,3439,-1,3580,3439,3581,-1,3581,3439,3438,-1,3581,3438,3582,-1,3582,3438,3455,-1,3582,3455,3583,-1,3583,3455,3469,-1,3462,3584,3464,-1,3464,3584,3585,-1,3464,3585,3466,-1,3466,3585,3586,-1,3466,3586,3468,-1,3468,3586,3587,-1,3468,3587,3469,-1,3469,3587,3588,-1,3469,3588,3583,-1,3457,3470,3458,-1,3458,3470,3589,-1,3458,3589,3460,-1,3460,3589,3590,-1,3460,3590,3462,-1,3462,3590,3591,-1,3462,3591,3584,-1,136,3302,134,-1,134,3302,3300,-1,134,3300,3299,-1,136,143,3302,-1,3302,143,142,-1,3302,142,3303,-1,3303,142,3290,-1,142,141,3290,-1,3290,141,139,-1,3290,139,3292,-1,3292,139,138,-1,3292,138,149,-1,3293,149,3286,-1,3286,149,148,-1,3286,148,3285,-1,3285,148,146,-1,3285,146,3283,-1,3283,146,145,-1,3283,145,3281,-1,145,156,3281,-1,3281,156,155,-1,3281,155,3279,-1,3279,155,154,-1,3279,154,3277,-1,3277,154,152,-1,3277,152,3275,-1,152,151,3275,-1,3275,151,162,-1,3275,162,3273,-1,3273,162,161,-1,3273,161,3271,-1,3271,161,160,-1,3271,160,3269,-1,3269,160,158,-1,3269,158,3267,-1,126,129,3262,-1,3262,3264,126,-1,126,3264,3265,-1,126,3265,127,-1,127,3265,3267,-1,127,3267,157,-1,157,3267,158,-1,129,117,3262,-1,3262,117,119,-1,3262,119,3260,-1,3260,119,121,-1,3260,121,3258,-1,99,101,3254,-1,3254,101,3248,-1,3258,121,3256,-1,3256,121,123,-1,3256,123,3254,-1,3254,123,97,-1,3254,97,99,-1,105,3252,3249,-1,3248,101,3249,-1,3249,101,103,-1,3249,103,105,-1,105,107,3252,-1,3252,107,109,-1,3252,109,3253,-1,3253,109,111,-1,3253,111,3244,-1,3244,111,3246,-1,111,113,3246,-1,3246,113,114,-1,3246,114,3247,-1,3247,114,95,-1,3247,95,3231,-1,3231,95,2,-1,3231,2,3233,-1,2,81,3233,-1,3233,81,83,-1,3233,83,3235,-1,3235,83,85,-1,3235,85,3237,-1,3237,85,87,-1,3237,87,3239,-1,3239,87,89,-1,3239,89,3241,-1,3241,89,91,-1,3241,91,3242,-1,91,70,3242,-1,3242,70,72,-1,3242,72,3228,-1,3228,72,3225,-1,72,74,3225,-1,3225,74,76,-1,3225,76,3223,-1,3223,76,78,-1,3223,78,3222,-1,3222,78,55,-1,3222,55,3220,-1,3220,55,54,-1,3220,54,3218,-1,3218,54,57,-1,3218,57,3216,-1,3216,57,60,-1,3216,60,3214,-1,60,62,3214,-1,3214,62,65,-1,3214,65,3212,-1,3212,65,67,-1,3212,67,3210,-1,3210,67,50,-1,3210,50,3208,-1,3208,50,52,-1,3208,52,3206,-1,52,53,3206,-1,3206,53,48,-1,3206,48,1915,-1,1915,48,46,-1,1915,46,1916,-1,1916,46,44,-1,1916,44,3204,-1,3204,44,42,-1,42,41,3204,-1,3204,41,39,-1,3204,39,3205,-1,3205,39,37,-1,3205,37,1918,-1,31,29,3202,-1,3202,29,3201,-1,1918,37,1919,-1,1919,37,35,-1,1919,35,3202,-1,3202,35,33,-1,3202,33,31,-1,25,3183,3182,-1,3201,29,3182,-1,3182,29,27,-1,3182,27,25,-1,16,3191,17,-1,25,23,3183,-1,3183,23,21,-1,3183,21,3185,-1,3185,21,20,-1,3185,20,3187,-1,3187,20,17,-1,3187,17,3189,-1,3189,17,3191,-1,16,11,3193,-1,3193,11,13,-1,3193,13,3195,-1,3195,13,4,-1,3195,4,3197,-1,3197,4,3,-1,3197,3,3198,-1,3198,3,6,-1,3198,6,3180,-1,3180,6,365,-1,3180,365,3177,-1,3177,365,363,-1,3177,363,3176,-1,363,361,3176,-1,3176,361,359,-1,3176,359,3174,-1,3174,359,358,-1,3174,358,3161,-1,3161,358,351,-1,3161,351,3162,-1,3162,351,353,-1,3162,353,3164,-1,353,355,3164,-1,3164,355,348,-1,3164,348,3166,-1,3166,348,347,-1,3166,347,3168,-1,3168,347,345,-1,3168,345,3170,-1,345,343,3170,-1,3170,343,326,-1,3170,326,3171,-1,3171,326,329,-1,3171,329,3157,-1,3157,329,164,-1,3157,164,3159,-1,3159,164,163,-1,3159,163,3160,-1,163,339,3160,-1,3160,339,337,-1,3160,337,3150,-1,3150,337,335,-1,3150,335,3151,-1,3151,335,333,-1,3151,333,3152,-1,3152,333,331,-1,3152,331,3154,-1,331,330,3154,-1,3154,330,324,-1,3154,324,3155,-1,3155,324,316,-1,3155,316,3146,-1,316,314,3146,-1,3146,314,313,-1,3146,313,3144,-1,3144,313,320,-1,3144,320,3141,-1,3141,320,312,-1,3141,312,3139,-1,3139,312,3137,-1,312,311,3137,-1,3137,311,308,-1,3137,308,3118,-1,3118,308,306,-1,3118,306,3119,-1,3119,306,304,-1,3119,304,3121,-1,304,302,3121,-1,3121,302,293,-1,3121,293,3123,-1,3123,293,294,-1,3123,294,3125,-1,3125,294,296,-1,3125,296,3127,-1,3127,296,298,-1,3127,298,3129,-1,3129,298,290,-1,3129,290,3131,-1,3131,290,289,-1,3131,289,3133,-1,289,282,3133,-1,3133,282,280,-1,3133,280,3135,-1,3135,280,278,-1,3135,278,3136,-1,3115,275,3104,-1,3104,275,273,-1,3104,273,3105,-1,3105,273,271,-1,3105,271,3107,-1,3136,278,3112,-1,3112,278,277,-1,3112,277,3114,-1,3114,277,285,-1,3114,285,3115,-1,3115,285,284,-1,3115,284,275,-1,271,269,3107,-1,3107,269,267,-1,3107,267,3109,-1,3109,267,265,-1,3109,265,3110,-1,3110,265,263,-1,3110,263,3100,-1,249,251,3081,-1,263,261,3100,-1,3100,261,259,-1,3100,259,3102,-1,3102,259,258,-1,3102,258,3103,-1,3103,258,249,-1,3103,249,3079,-1,3079,249,3081,-1,251,253,3081,-1,3081,253,255,-1,3081,255,3083,-1,3083,255,246,-1,3083,246,3085,-1,3085,246,244,-1,3085,244,3087,-1,3087,244,3089,-1,244,243,3089,-1,3089,243,234,-1,3089,234,3091,-1,3091,234,236,-1,3091,236,3093,-1,3093,236,238,-1,3093,238,3095,-1,238,240,3095,-1,3095,240,215,-1,3095,215,3097,-1,3097,215,217,-1,3097,217,3098,-1,3098,217,219,-1,3098,219,3075,-1,3075,219,229,-1,3075,229,3073,-1,229,227,3073,-1,3073,227,225,-1,3073,225,1922,-1,1922,225,223,-1,1922,223,1923,-1,1923,223,221,-1,1923,221,3071,-1,221,220,3071,-1,3071,220,193,-1,3071,193,3072,-1,3072,193,195,-1,3072,195,3069,-1,3069,195,3060,-1,3060,195,197,-1,3060,197,3061,-1,3061,197,199,-1,3061,199,3063,-1,199,214,3063,-1,3063,214,213,-1,3063,213,3065,-1,3065,213,211,-1,3065,211,3066,-1,3066,211,209,-1,3066,209,3059,-1,209,207,3059,-1,3059,207,205,-1,3059,205,3057,-1,3057,205,203,-1,3057,203,3055,-1,3055,203,201,-1,3055,201,3054,-1,201,200,3054,-1,3054,200,180,-1,3054,180,3052,-1,180,182,3052,-1,3052,182,184,-1,3052,184,3050,-1,3050,184,186,-1,3050,186,3048,-1,3048,186,188,-1,3048,188,3047,-1,3047,188,177,-1,3047,177,3045,-1,177,176,3045,-1,3045,176,173,-1,3045,173,3042,-1,3042,173,171,-1,3042,171,3041,-1,3041,171,169,-1,3041,169,3039,-1,3034,3036,367,-1,3039,169,3036,-1,3036,169,167,-1,3036,167,367,-1,367,370,3034,-1,3034,370,372,-1,3034,372,1925,-1,1925,372,374,-1,1925,374,1926,-1,1926,374,376,-1,1926,376,3032,-1,3032,376,378,-1,3032,378,3033,-1,3033,378,380,-1,3033,380,3026,-1,3026,380,382,-1,3026,382,3028,-1,382,385,3028,-1,3028,385,387,-1,3028,387,3029,-1,3029,387,388,-1,3029,388,3021,-1,3021,388,391,-1,3021,391,3023,-1,397,399,3018,-1,3018,3016,397,-1,397,3016,3024,-1,397,3024,395,-1,395,3024,3023,-1,395,3023,393,-1,393,3023,391,-1,399,400,3018,-1,3018,400,402,-1,3018,402,3019,-1,3019,402,401,-1,3019,401,1930,-1,411,413,3009,-1,1930,401,3008,-1,3008,401,407,-1,3008,407,3009,-1,3009,407,409,-1,3009,409,411,-1,422,424,3014,-1,3014,424,426,-1,3014,426,3006,-1,422,3014,415,-1,415,3014,3013,-1,415,3013,413,-1,413,3013,3011,-1,413,3011,3009,-1,3006,426,2985,-1,2985,426,419,-1,2985,419,2986,-1,419,417,2986,-1,2986,417,431,-1,2986,431,2988,-1,2988,431,430,-1,2988,430,2990,-1,2990,430,434,-1,2990,434,2992,-1,3000,449,3002,-1,3002,449,451,-1,3002,451,3003,-1,434,436,2992,-1,2992,436,438,-1,2992,438,2994,-1,2994,438,439,-1,2994,439,2996,-1,2996,439,442,-1,2996,442,2998,-1,2998,442,444,-1,2998,444,3000,-1,3000,444,447,-1,3000,447,449,-1,451,452,3003,-1,3003,452,461,-1,3003,461,2983,-1,2983,461,463,-1,2983,463,2984,-1,2984,463,2978,-1,463,465,2978,-1,2978,465,467,-1,2978,467,2980,-1,2980,467,469,-1,2980,469,2981,-1,2981,469,471,-1,2981,471,2969,-1,471,473,2969,-1,2969,473,475,-1,2969,475,2967,-1,2967,475,477,-1,2967,477,2972,-1,2972,477,479,-1,2972,479,2973,-1,2973,479,481,-1,2973,481,2975,-1,481,483,2975,-1,2975,483,485,-1,2975,485,2976,-1,2976,485,458,-1,2976,458,2957,-1,2957,458,456,-1,2957,456,2959,-1,492,2963,490,-1,490,2963,2961,-1,490,2961,453,-1,453,2961,2959,-1,453,2959,454,-1,454,2959,456,-1,494,2966,492,-1,492,2966,2965,-1,492,2965,2963,-1,494,496,2966,-1,2966,496,499,-1,2966,499,2954,-1,2954,499,2952,-1,499,501,2952,-1,2952,501,503,-1,2952,503,2950,-1,2950,503,505,-1,2950,505,507,-1,512,2943,2945,-1,2948,507,2945,-1,2945,507,509,-1,2945,509,512,-1,512,514,2943,-1,2943,514,516,-1,2943,516,2937,-1,2937,516,518,-1,2937,518,2935,-1,2935,518,520,-1,2935,520,2933,-1,2933,520,522,-1,2933,522,2931,-1,2931,522,525,-1,2931,525,527,-1,531,2941,529,-1,529,2941,2939,-1,529,2939,527,-1,527,2939,2938,-1,527,2938,2931,-1,531,533,2941,-1,2941,533,535,-1,2941,535,2942,-1,2942,535,536,-1,2942,536,2926,-1,2926,536,542,-1,2926,542,2924,-1,2924,542,537,-1,2924,537,2930,-1,2930,537,539,-1,2930,539,2919,-1,539,541,2919,-1,2919,541,548,-1,2919,548,2920,-1,2920,548,550,-1,2920,550,2923,-1,2923,550,552,-1,2923,552,2898,-1,2907,563,2909,-1,2909,563,561,-1,2909,561,2911,-1,2911,561,2913,-1,552,547,2898,-1,2898,547,546,-1,2898,546,2899,-1,2899,546,555,-1,2899,555,2901,-1,2901,555,557,-1,2901,557,2903,-1,2903,557,566,-1,2903,566,2905,-1,2905,566,568,-1,2905,568,2907,-1,2907,568,570,-1,2907,570,563,-1,561,559,2913,-1,2913,559,776,-1,2913,776,2915,-1,2915,776,774,-1,2915,774,2917,-1,2917,774,773,-1,2917,773,2918,-1,773,764,2918,-1,2918,764,766,-1,2918,766,2890,-1,2890,766,768,-1,2890,768,2892,-1,2892,768,770,-1,2892,770,2894,-1,2894,770,753,-1,2894,753,2896,-1,2896,753,756,-1,2896,756,2897,-1,2897,756,758,-1,2897,758,2885,-1,758,760,2885,-1,2885,760,761,-1,2885,761,2887,-1,761,743,2887,-1,2887,743,741,-1,2887,741,2888,-1,2888,741,574,-1,2888,574,2880,-1,2880,574,2882,-1,2882,574,573,-1,2882,573,2883,-1,2883,573,750,-1,2883,750,748,-1,2877,746,2878,-1,2878,746,745,-1,2878,745,2868,-1,745,738,2868,-1,2868,738,736,-1,2868,736,2870,-1,2870,736,734,-1,2870,734,2872,-1,2872,734,727,-1,2872,727,2874,-1,2874,727,728,-1,2874,728,2875,-1,2875,728,730,-1,705,707,2849,-1,730,712,2875,-1,2875,712,714,-1,2875,714,2865,-1,2865,714,716,-1,2865,716,2863,-1,2863,716,718,-1,2863,718,2861,-1,2861,718,720,-1,2861,720,2859,-1,2859,720,722,-1,2859,722,2844,-1,2844,722,703,-1,2844,703,2845,-1,2845,703,705,-1,2845,705,2847,-1,2847,705,2849,-1,700,2851,702,-1,702,2851,2849,-1,702,2849,709,-1,709,2849,707,-1,698,2855,700,-1,700,2855,2853,-1,700,2853,2851,-1,692,2856,694,-1,694,2856,2855,-1,694,2855,696,-1,696,2855,698,-1,688,2839,690,-1,690,2839,2841,-1,690,2841,692,-1,692,2841,2843,-1,692,2843,2856,-1,688,686,2839,-1,2839,686,684,-1,2839,684,2834,-1,2834,684,682,-1,2834,682,2835,-1,2835,682,2837,-1,682,681,2837,-1,2837,681,578,-1,2837,578,2838,-1,2838,578,579,-1,2838,579,2829,-1,2829,579,678,-1,2829,678,2831,-1,2831,678,677,-1,2831,677,2832,-1,677,675,2832,-1,2832,675,673,-1,2832,673,2810,-1,2810,673,671,-1,2810,671,2812,-1,2812,671,668,-1,2812,668,2814,-1,668,666,2814,-1,2814,666,665,-1,2814,665,2816,-1,2816,665,663,-1,2816,663,2818,-1,2818,663,660,-1,2818,660,2820,-1,2820,660,658,-1,2820,658,2822,-1,2822,658,656,-1,2822,656,2824,-1,2797,636,2799,-1,2799,636,634,-1,2799,634,2801,-1,656,654,2824,-1,2824,654,642,-1,2824,642,2826,-1,2826,642,640,-1,2826,640,2827,-1,2827,640,639,-1,2827,639,2791,-1,2791,639,646,-1,2791,646,2793,-1,2793,646,648,-1,2793,648,2795,-1,2795,648,650,-1,2795,650,2797,-1,2797,650,638,-1,2797,638,636,-1,634,632,2801,-1,2801,632,630,-1,2801,630,2803,-1,2803,630,628,-1,2803,628,2805,-1,2805,628,2807,-1,2786,618,2788,-1,2788,618,617,-1,2788,617,2789,-1,628,626,2807,-1,2807,626,624,-1,2807,624,2808,-1,2808,624,622,-1,2808,622,2786,-1,2786,622,620,-1,2786,620,618,-1,617,615,2789,-1,2789,615,613,-1,2789,613,2784,-1,2784,613,611,-1,2784,611,2783,-1,2783,611,610,-1,2783,610,2776,-1,610,608,2776,-1,2776,608,605,-1,2776,605,2777,-1,2777,605,603,-1,2777,603,2780,-1,2780,603,602,-1,2780,602,2757,-1,593,591,2764,-1,2764,591,2766,-1,602,600,2757,-1,2757,600,599,-1,2757,599,2758,-1,2758,599,596,-1,2758,596,2760,-1,2760,596,593,-1,2760,593,2762,-1,2762,593,2764,-1,591,590,2766,-1,2766,590,587,-1,2766,587,2768,-1,2768,587,580,-1,2768,580,2770,-1,2770,580,582,-1,2770,582,2772,-1,2772,582,584,-1,2772,584,2774,-1,2774,584,779,-1,2774,779,2775,-1,2775,779,781,-1,2775,781,2755,-1,2755,781,783,-1,2755,783,2752,-1,783,785,2752,-1,2752,785,788,-1,2752,788,2750,-1,2750,788,790,-1,2750,790,2748,-1,2748,790,792,-1,2748,792,2747,-1,2747,792,794,-1,2747,794,2745,-1,2745,794,797,-1,2745,797,2743,-1,2743,797,799,-1,2743,799,2742,-1,2742,799,800,-1,2742,800,2740,-1,2740,800,802,-1,2740,802,805,-1,805,807,2738,-1,2738,807,808,-1,2738,808,2737,-1,2737,808,810,-1,2737,810,2735,-1,2735,810,812,-1,2735,812,2734,-1,2734,812,822,-1,2734,822,2732,-1,2732,822,824,-1,2732,824,2730,-1,2730,824,826,-1,2730,826,2729,-1,826,828,2729,-1,2729,828,830,-1,2729,830,2727,-1,2727,830,832,-1,2727,832,2698,-1,2698,832,834,-1,2698,834,2699,-1,834,836,2699,-1,2699,836,838,-1,2699,838,2701,-1,2701,838,840,-1,2701,840,2703,-1,2703,840,813,-1,2703,813,2705,-1,2705,813,815,-1,2705,815,2707,-1,815,817,2707,-1,2707,817,819,-1,2707,819,2709,-1,2709,819,845,-1,2709,845,2711,-1,2711,845,847,-1,2711,847,2713,-1,847,848,2713,-1,2713,848,850,-1,2713,850,2715,-1,2715,850,853,-1,2715,853,2717,-1,2721,2719,858,-1,2717,853,2719,-1,2719,853,855,-1,2719,855,858,-1,858,860,2721,-1,2721,860,862,-1,2721,862,2723,-1,2723,862,864,-1,2723,864,2724,-1,2724,864,866,-1,2724,866,2694,-1,866,868,2694,-1,2694,868,869,-1,2694,869,2696,-1,2696,869,876,-1,2696,876,2697,-1,2697,876,878,-1,2697,878,2689,-1,2689,878,880,-1,2689,880,2691,-1,880,882,2691,-1,2691,882,884,-1,2691,884,2692,-1,2692,884,885,-1,2692,885,2686,-1,2686,885,871,-1,2686,871,2687,-1,871,870,2687,-1,2687,870,888,-1,2687,888,2659,-1,2659,888,890,-1,2659,890,2661,-1,2661,890,2663,-1,2663,890,892,-1,2663,892,2665,-1,892,894,2665,-1,2665,894,896,-1,2665,896,2667,-1,2667,896,897,-1,2667,897,2669,-1,2669,897,900,-1,2669,900,2671,-1,900,902,2671,-1,2671,902,904,-1,2671,904,2673,-1,2673,904,906,-1,2673,906,2675,-1,2675,906,909,-1,2675,909,2677,-1,2677,909,911,-1,2677,911,2679,-1,911,913,2679,-1,2679,913,915,-1,2679,915,2681,-1,2681,915,917,-1,2681,917,2683,-1,2683,917,919,-1,2683,919,2684,-1,2684,919,923,-1,2684,923,2656,-1,923,925,2656,-1,2656,925,927,-1,2656,927,2649,-1,2649,927,929,-1,2649,929,2650,-1,2650,929,931,-1,2650,931,2652,-1,2652,931,943,-1,2652,943,2653,-1,2653,943,942,-1,2653,942,2645,-1,942,940,2645,-1,2645,940,938,-1,2645,938,2647,-1,2647,938,936,-1,2647,936,2648,-1,2648,936,934,-1,2648,934,2640,-1,934,972,2640,-1,2640,972,971,-1,2640,971,2642,-1,2642,971,969,-1,2642,969,2643,-1,2643,969,967,-1,2643,967,2635,-1,955,2633,957,-1,957,2633,2632,-1,957,2632,959,-1,959,2632,2638,-1,959,2638,961,-1,961,2638,2637,-1,961,2637,963,-1,963,2637,2635,-1,963,2635,965,-1,965,2635,967,-1,955,953,2633,-1,2633,953,951,-1,2633,951,2629,-1,2629,951,2604,-1,951,949,2604,-1,2604,949,946,-1,2604,946,2605,-1,2605,946,945,-1,2605,945,979,-1,2607,979,2609,-1,2609,979,978,-1,2609,978,2611,-1,2619,1178,2621,-1,2621,1178,1180,-1,2621,1180,2623,-1,978,976,2611,-1,2611,976,974,-1,2611,974,2613,-1,2613,974,1170,-1,2613,1170,2615,-1,2615,1170,1172,-1,2615,1172,2617,-1,2617,1172,1174,-1,2617,1174,2619,-1,2619,1174,1176,-1,2619,1176,1178,-1,2623,1180,2625,-1,2625,1180,1182,-1,2625,1182,2626,-1,1182,1161,2626,-1,2626,1161,1160,-1,2626,1160,2600,-1,2600,1160,1158,-1,2600,1158,2602,-1,2602,1158,1157,-1,2602,1157,2603,-1,2603,1157,1165,-1,2603,1165,2597,-1,1165,1167,2597,-1,2597,1167,1168,-1,2597,1168,2598,-1,2598,1168,1148,-1,2598,1148,2594,-1,2594,1148,1150,-1,2594,1150,2595,-1,1144,1142,2566,-1,1150,1152,2595,-1,2595,1152,1154,-1,2595,1154,2589,-1,2589,1154,1145,-1,2589,1145,2591,-1,2591,1145,1144,-1,2591,1144,2592,-1,2592,1144,2566,-1,1142,1140,2566,-1,2566,1140,1138,-1,2566,1138,2568,-1,2568,1138,1135,-1,2568,1135,2570,-1,2570,1135,1133,-1,2570,1133,2572,-1,1123,1125,2578,-1,1133,1132,2572,-1,2572,1132,1129,-1,2572,1129,2574,-1,2574,1129,1123,-1,2574,1123,2576,-1,2576,1123,2578,-1,2584,2582,1118,-1,1118,2582,2580,-1,1118,2580,1116,-1,1116,2580,2578,-1,1116,2578,1126,-1,1126,2578,1125,-1,1118,1120,2584,-1,2584,1120,1105,-1,2584,1105,2586,-1,1105,1107,2586,-1,2586,1107,1109,-1,2586,1109,2587,-1,2587,1109,1111,-1,2587,1111,2559,-1,2559,1111,1104,-1,2559,1104,2561,-1,1104,1102,2561,-1,2561,1102,1101,-1,2561,1101,2563,-1,2563,1101,1095,-1,2563,1095,2564,-1,2564,1095,1097,-1,2564,1097,2552,-1,2552,1097,1099,-1,2552,1099,2554,-1,2554,1099,1100,-1,2554,1100,2556,-1,2556,1100,1091,-1,2556,1091,2557,-1,1091,1089,2557,-1,2557,1089,1087,-1,2557,1087,1933,-1,1933,1087,1085,-1,1933,1085,2546,-1,2546,1085,1083,-1,2546,1083,2547,-1,1083,1081,2547,-1,2547,1081,1079,-1,2547,1079,2549,-1,2549,1079,1077,-1,2549,1077,2550,-1,2550,1077,1075,-1,2550,1075,2536,-1,2536,1075,1074,-1,2536,1074,2538,-1,2538,1074,1065,-1,2538,1065,2540,-1,2540,1065,1067,-1,2540,1067,2542,-1,1067,1069,2542,-1,2542,1069,1071,-1,2542,1071,2544,-1,2544,1071,1054,-1,2544,1054,2545,-1,2545,1054,1056,-1,2545,1056,2517,-1,2517,1056,1058,-1,2523,1049,1051,-1,2523,1051,2525,-1,1058,1060,2517,-1,2517,1060,1047,-1,2517,1047,2519,-1,2519,1047,1049,-1,2519,1049,2521,-1,2521,1049,2523,-1,1051,1034,2525,-1,2525,1034,1036,-1,2525,1036,2527,-1,2527,1036,1038,-1,2527,1038,2529,-1,2529,1038,1040,-1,2529,1040,2531,-1,1040,1042,2531,-1,2531,1042,1044,-1,2531,1044,2533,-1,2533,1044,1033,-1,2533,1033,2534,-1,2534,1033,1031,-1,2534,1031,2512,-1,2512,1031,1029,-1,2512,1029,2514,-1,1029,1027,2514,-1,2514,1027,1025,-1,2514,1025,2515,-1,2515,1025,1023,-1,2515,1023,2507,-1,2507,1023,1022,-1,2507,1022,2509,-1,1022,1020,2509,-1,2509,1020,1018,-1,2509,1018,2510,-1,2510,1018,1016,-1,2510,1016,2502,-1,2502,1016,1015,-1,2502,1015,2504,-1,2504,1015,1012,-1,2504,1012,2505,-1,1012,1010,2505,-1,2505,1010,1009,-1,2505,1009,2499,-1,2499,1009,1007,-1,2499,1007,2500,-1,2500,1007,1004,-1,2500,1004,2486,-1,1004,1002,2486,-1,2486,1002,1001,-1,2486,1001,2488,-1,2494,987,2496,-1,2496,987,985,-1,2496,985,2497,-1,1001,992,2488,-1,2488,992,994,-1,2488,994,2490,-1,2490,994,996,-1,2490,996,2492,-1,2492,996,998,-1,2492,998,2494,-1,2494,998,989,-1,2494,989,987,-1,2497,985,2482,-1,2482,985,983,-1,2482,983,2480,-1,2480,983,1192,-1,2480,1192,2479,-1,2479,1192,1198,-1,2479,1198,2477,-1,1198,1197,2477,-1,2477,1197,1195,-1,2477,1195,2475,-1,2475,1195,1201,-1,2475,1201,2473,-1,2473,1201,1202,-1,2473,1202,2471,-1,2471,1202,1205,-1,2471,1205,2469,-1,1205,1207,2469,-1,2469,1207,1208,-1,2469,1208,2464,-1,2464,1208,1211,-1,2464,1211,2465,-1,2465,1211,1214,-1,2465,1214,2467,-1,2467,1214,1216,-1,1222,2468,1220,-1,1220,2468,2467,-1,1220,2467,1217,-1,1217,2467,1216,-1,1225,2458,1224,-1,1224,2458,2460,-1,1224,2460,1222,-1,1222,2460,2462,-1,1222,2462,2468,-1,1225,1228,2458,-1,2458,1228,1230,-1,2458,1230,2456,-1,2456,1230,1232,-1,2456,1232,2454,-1,2454,1232,2453,-1,2453,1232,1234,-1,2453,1234,2451,-1,2451,1234,1236,-1,2451,1236,2449,-1,1242,2441,2443,-1,1236,1238,2449,-1,2449,1238,1240,-1,2449,1240,2447,-1,2447,1240,1247,-1,2447,1247,2445,-1,2445,1247,1249,-1,2445,1249,2443,-1,2443,1249,1251,-1,2443,1251,1242,-1,1242,1241,2441,-1,2441,1241,1244,-1,2441,1244,2426,-1,2426,1244,1256,-1,2426,1256,2427,-1,2427,1256,1258,-1,2427,1258,2429,-1,1258,1260,2429,-1,2429,1260,1262,-1,2429,1262,2431,-1,2431,1262,1264,-1,2431,1264,2433,-1,2433,1264,1267,-1,2433,1267,2435,-1,2435,1267,1269,-1,2435,1269,2437,-1,2437,1269,1271,-1,2437,1271,2439,-1,2439,1271,1273,-1,2439,1273,2440,-1,1273,1275,2440,-1,2440,1275,1279,-1,2440,1279,2423,-1,2423,1279,1281,-1,2423,1281,2424,-1,2424,1281,1283,-1,2424,1283,1934,-1,1934,1283,1285,-1,1934,1285,2417,-1,2417,1285,1287,-1,2417,1287,2418,-1,2418,1287,1289,-1,2418,1289,2420,-1,2420,1289,1291,-1,2420,1291,2421,-1,2421,1291,1293,-1,2421,1293,2412,-1,1300,2408,2410,-1,1300,2410,1299,-1,2410,2415,1299,-1,1299,2415,2414,-1,1299,2414,1297,-1,1297,2414,2412,-1,1297,2412,1295,-1,1295,2412,1293,-1,1300,1189,2408,-1,2408,1189,1188,-1,2408,1188,2406,-1,2406,1188,1310,-1,2406,1310,2404,-1,2404,1310,1312,-1,2404,1312,2402,-1,2395,1305,2393,-1,2393,1305,1186,-1,1312,1314,2402,-1,2402,1314,1301,-1,2402,1301,2401,-1,2401,1301,1303,-1,2401,1303,2399,-1,2399,1303,1305,-1,2399,1305,2397,-1,2397,1305,2395,-1,1323,1321,2387,-1,1186,1185,2393,-1,2393,1185,1324,-1,2393,1324,2391,-1,2391,1324,1323,-1,2391,1323,2389,-1,2389,1323,2387,-1,1321,1320,2387,-1,2387,1320,1319,-1,2387,1319,2385,-1,2385,1319,1329,-1,2385,1329,2383,-1,2383,1329,2381,-1,1329,1331,2381,-1,2381,1331,1333,-1,2381,1333,2379,-1,2379,1333,1335,-1,2379,1335,2378,-1,2378,1335,1338,-1,2378,1338,2376,-1,1338,1340,2376,-1,2376,1340,1342,-1,2376,1342,2374,-1,2374,1342,1344,-1,2374,1344,2373,-1,2373,1344,1346,-1,2373,1346,2371,-1,2371,1346,1348,-1,2371,1348,2369,-1,2369,1348,1349,-1,2369,1349,2368,-1,2368,1349,1352,-1,2368,1352,2366,-1,1382,2358,2360,-1,1382,2360,1364,-1,1364,2360,2361,-1,1364,2361,1363,-1,1352,1356,2366,-1,2366,1356,1355,-1,2366,1355,2365,-1,2365,1355,1354,-1,2365,1354,2363,-1,2363,1354,1359,-1,2363,1359,2361,-1,2361,1359,1361,-1,2361,1361,1363,-1,2358,1382,2357,-1,2357,1382,1381,-1,2357,1381,2355,-1,1381,1379,2355,-1,2355,1379,1377,-1,2355,1377,2353,-1,2353,1377,1375,-1,2353,1375,2351,-1,2351,1375,1372,-1,2351,1372,2349,-1,1372,1370,2349,-1,2349,1370,1368,-1,2349,1368,2347,-1,2347,1368,1367,-1,2347,1367,2345,-1,2345,1367,1388,-1,2345,1388,2343,-1,2343,1388,1385,-1,2343,1385,2341,-1,2341,1385,1384,-1,2341,1384,2335,-1,2335,1384,1587,-1,2335,1587,2333,-1,2333,1587,1590,-1,2333,1590,2331,-1,1590,1592,2331,-1,2331,1592,1579,-1,2331,1579,2338,-1,2338,1579,1581,-1,2338,1581,2336,-1,2336,1581,1583,-1,2336,1583,2330,-1,2330,1583,1585,-1,2330,1585,2328,-1,1585,1586,2328,-1,2328,1586,1574,-1,2328,1574,2326,-1,2326,1574,1577,-1,2326,1577,2325,-1,2325,1577,1392,-1,2325,1392,2323,-1,1392,1391,2323,-1,2323,1391,1553,-1,2323,1553,2321,-1,2321,1553,1556,-1,2321,1556,2320,-1,2320,1556,1557,-1,2320,1557,2318,-1,2318,1557,1559,-1,2318,1559,2316,-1,1559,1561,2316,-1,2316,1561,1569,-1,2316,1569,2315,-1,2315,1569,1567,-1,2315,1567,2313,-1,2313,1567,1565,-1,2313,1565,2311,-1,2311,1565,1563,-1,2311,1563,2310,-1,2310,1563,1562,-1,2310,1562,2308,-1,2308,1562,1551,-1,2308,1551,2306,-1,1551,1549,2306,-1,2306,1549,1547,-1,2306,1547,2304,-1,1547,1545,2304,-1,2304,1545,1543,-1,2304,1543,2302,-1,2302,1543,1541,-1,2302,1541,2300,-1,2300,1541,1538,-1,2300,1538,2298,-1,2298,1538,1535,-1,2298,1535,2296,-1,1535,1533,2296,-1,2296,1533,1531,-1,2296,1531,2294,-1,2294,1531,1529,-1,2294,1529,2282,-1,2282,1529,1527,-1,2282,1527,2280,-1,2280,1527,1525,-1,2280,1525,2278,-1,1525,1496,2278,-1,2278,1496,1494,-1,2278,1494,2283,-1,2283,1494,1492,-1,2283,1492,2284,-1,2284,1492,1491,-1,2284,1491,2286,-1,1491,1521,2286,-1,2286,1521,1519,-1,2286,1519,2288,-1,2288,1519,1517,-1,2288,1517,2290,-1,2290,1517,1515,-1,2290,1515,2292,-1,2292,1515,1513,-1,2292,1513,2293,-1,2293,1513,1511,-1,2293,1511,2272,-1,2272,1511,1509,-1,2272,1509,2274,-1,2274,1509,1507,-1,2274,1507,2275,-1,2275,1507,1505,-1,2275,1505,2267,-1,1499,2269,1501,-1,1501,2269,2267,-1,1501,2267,1503,-1,1503,2267,1505,-1,1488,2256,1498,-1,1498,2256,2254,-1,1498,2254,1499,-1,1499,2254,2270,-1,1499,2270,2269,-1,1476,1478,2262,-1,1488,1486,2256,-1,2256,1486,1485,-1,2256,1485,2258,-1,2258,1485,1476,-1,2258,1476,2260,-1,2260,1476,2262,-1,1470,1472,2233,-1,1478,1480,2262,-1,2262,1480,1482,-1,2262,1482,2264,-1,2264,1482,1470,-1,2264,1470,2265,-1,2265,1470,2233,-1,1472,1473,2233,-1,2233,1473,1461,-1,2233,1461,2235,-1,2235,1461,1463,-1,2235,1463,2237,-1,2237,1463,2239,-1,1463,1465,2239,-1,2239,1465,1467,-1,2239,1467,2241,-1,2241,1467,1448,-1,2241,1448,2243,-1,2243,1448,1450,-1,2243,1450,2245,-1,2245,1450,1452,-1,2245,1452,2247,-1,2247,1452,1454,-1,2247,1454,2249,-1,2249,1454,1456,-1,2249,1456,2251,-1,1456,1455,2251,-1,2251,1455,1442,-1,2251,1442,2252,-1,2252,1442,1444,-1,2252,1444,2228,-1,2228,1444,1446,-1,2228,1446,2230,-1,1446,1447,2230,-1,2230,1447,1430,-1,2230,1430,2231,-1,2231,1430,1428,-1,2231,1428,2223,-1,1428,1439,2223,-1,2223,1439,1438,-1,2223,1438,2225,-1,2221,1433,1425,-1,2221,1425,2220,-1,1438,1436,2225,-1,2225,1436,1434,-1,2225,1434,2226,-1,2226,1434,1433,-1,2226,1433,1939,-1,1939,1433,2221,-1,1425,1422,2220,-1,2220,1422,1420,-1,2220,1420,2218,-1,2218,1420,1419,-1,2218,1419,2216,-1,2216,1419,1417,-1,2216,1417,2214,-1,2214,1417,1415,-1,1408,1406,2207,-1,2207,2211,1408,-1,1408,2211,2210,-1,1408,2210,1411,-1,1411,2210,2214,-1,1411,2214,1413,-1,1413,2214,1415,-1,2198,2196,1402,-1,1402,2196,2208,-1,1402,2208,1400,-1,1400,2208,2207,-1,1400,2207,1405,-1,1405,2207,1406,-1,2204,2202,1595,-1,1595,2202,2200,-1,1595,2200,1395,-1,1395,2200,2198,-1,1395,2198,1397,-1,1397,2198,1402,-1,1595,1597,2204,-1,2204,1597,1599,-1,2204,1599,2205,-1,1599,1601,2205,-1,2205,1601,1604,-1,2205,1604,2187,-1,2187,1604,1606,-1,2187,1606,2189,-1,2189,1606,2191,-1,1606,1607,2191,-1,2191,1607,1609,-1,2191,1609,2193,-1,2193,1609,1611,-1,2193,1611,2194,-1,2194,1611,1614,-1,2194,1614,2184,-1,1614,1616,2184,-1,2184,1616,1617,-1,2184,1617,2185,-1,2185,1617,1620,-1,2185,1620,2172,-1,2172,1620,1622,-1,2172,1622,2175,-1,2175,1622,1624,-1,2175,1624,2176,-1,2176,1624,1625,-1,2176,1625,2178,-1,2178,1625,1633,-1,2178,1633,2179,-1,2179,1633,1635,-1,2179,1635,2181,-1,1635,1637,2181,-1,2181,1637,1626,-1,2181,1626,2182,-1,2182,1626,1628,-1,2182,1628,2168,-1,2168,1628,1630,-1,2168,1630,2170,-1,2170,1630,1640,-1,2170,1640,2171,-1,1640,1642,2171,-1,2171,1642,1644,-1,2171,1644,2149,-1,2149,1644,1646,-1,2149,1646,2151,-1,2151,1646,1655,-1,2151,1655,2153,-1,1655,1657,2153,-1,2153,1657,1647,-1,2153,1647,2155,-1,2155,1647,1649,-1,2155,1649,2157,-1,2157,1649,1651,-1,2157,1651,2159,-1,2159,1651,1652,-1,2159,1652,2161,-1,2161,1652,1662,-1,2161,1662,2163,-1,2163,1662,1664,-1,2163,1664,2165,-1,1664,1666,2165,-1,2165,1666,1668,-1,2165,1668,2166,-1,2166,1668,1671,-1,2166,1671,2142,-1,2142,1671,1673,-1,2142,1673,2144,-1,2144,1673,1675,-1,2144,1675,2146,-1,2146,1675,1677,-1,1677,1678,2146,-1,2146,1678,1681,-1,2146,1681,2147,-1,2147,1681,1683,-1,2147,1683,2139,-1,2139,1683,2140,-1,2140,1683,1684,-1,2140,1684,2134,-1,1684,1687,2134,-1,2134,1687,1689,-1,2134,1689,2136,-1,2136,1689,1690,-1,2136,1690,2137,-1,2137,1690,1693,-1,2137,1693,2127,-1,1693,1695,2127,-1,2127,1695,1697,-1,2127,1697,2129,-1,2129,1697,1698,-1,2129,1698,2131,-1,2131,1698,1700,-1,2131,1700,2132,-1,2132,1700,1702,-1,2132,1702,2124,-1,1702,1704,2124,-1,2124,1704,1706,-1,2124,1706,2125,-1,2125,1706,1708,-1,2125,1708,2115,-1,2115,1708,1710,-1,2115,1710,2117,-1,1710,1718,2117,-1,2117,1718,1720,-1,2117,1720,2119,-1,2119,1720,1722,-1,2119,1722,2121,-1,2121,1722,1711,-1,2121,1711,2122,-1,2122,1711,1713,-1,2122,1713,2112,-1,2112,1713,1715,-1,2112,1715,2093,-1,1715,1725,2093,-1,2093,1725,1727,-1,2093,1727,2094,-1,2094,1727,1730,-1,2094,1730,2096,-1,2096,1730,1732,-1,2096,1732,2098,-1,2098,1732,1734,-1,2098,1734,2100,-1,2100,1734,1736,-1,2100,1736,2102,-1,2102,1736,1738,-1,2102,1738,2104,-1,2104,1738,1740,-1,2104,1740,2106,-1,2106,1740,1743,-1,2106,1743,2108,-1,1743,1745,2108,-1,2108,1745,1747,-1,2108,1747,2109,-1,1747,1749,2109,-1,2109,1749,1751,-1,2109,1751,2089,-1,2089,1751,1753,-1,2089,1753,2091,-1,2091,1753,1755,-1,2091,1755,2092,-1,2092,1755,1757,-1,2092,1757,2062,-1,1757,1781,2062,-1,2062,1781,1780,-1,2062,1780,2064,-1,1780,1778,2064,-1,2064,1778,1776,-1,2064,1776,2066,-1,2066,1776,1774,-1,2066,1774,2068,-1,2068,1774,1772,-1,2068,1772,2070,-1,2070,1772,1770,-1,2070,1770,2072,-1,2072,1770,1768,-1,2072,1768,2074,-1,2074,1768,1767,-1,2074,1767,2076,-1,2080,1784,2082,-1,2082,1784,1786,-1,2082,1786,2084,-1,1767,1764,2076,-1,2076,1764,1762,-1,2076,1762,2078,-1,2078,1762,1760,-1,2078,1760,2080,-1,2080,1760,1759,-1,2080,1759,1784,-1,1786,1788,2084,-1,2084,1788,1790,-1,2084,1790,2086,-1,2086,1790,1796,-1,2086,1796,2087,-1,2087,1796,1794,-1,2087,1794,2012,-1,2012,1794,1792,-1,2012,1792,2010,-1,2010,1792,1809,-1,2010,1809,2008,-1,2008,1809,1807,-1,2008,1807,2014,-1,2014,1807,1805,-1,2014,1805,2015,-1,1805,1803,2015,-1,2015,1803,1812,-1,2015,1812,2018,-1,2018,1812,1813,-1,2018,1813,2020,-1,2020,1813,1815,-1,2020,1815,2022,-1,2022,1815,1817,-1,2022,1817,2023,-1,2023,1817,1820,-1,2023,1820,2025,-1,1820,1822,2025,-1,2025,1822,1823,-1,2025,1823,2028,-1,2028,1823,1826,-1,2028,1826,2029,-1,2029,1826,1828,-1,2029,1828,2031,-1,1828,1830,2031,-1,2031,1830,1831,-1,2031,1831,2034,-1,2034,1831,1833,-1,2034,1833,2035,-1,2035,1833,1835,-1,2035,1835,2037,-1,1835,1837,2037,-1,2037,1837,1839,-1,2037,1839,2038,-1,2038,1839,1841,-1,2038,1841,2043,-1,2043,1841,1843,-1,2043,1843,2044,-1,2044,1843,1845,-1,2044,1845,2046,-1,1845,1847,2046,-1,2046,1847,1849,-1,2046,1849,2048,-1,2057,1865,2040,-1,2040,1865,1868,-1,2040,1868,2059,-1,1849,1851,2048,-1,2048,1851,1853,-1,2048,1853,2050,-1,2050,1853,1855,-1,2050,1855,2052,-1,2052,1855,1857,-1,2052,1857,2054,-1,2054,1857,1859,-1,2054,1859,2056,-1,2056,1859,1861,-1,2056,1861,2057,-1,2057,1861,1863,-1,2057,1863,1865,-1,1868,1870,2059,-1,2059,1870,1872,-1,2059,1872,2060,-1,3592,3593,3594,-1,3594,3593,3595,-1,3594,3595,3596,-1,3596,3595,3597,-1,3597,3595,3598,-1,3597,3598,3599,-1,3599,3598,3600,-1,3600,3598,3601,-1,3600,3601,3602,-1,3602,3601,3603,-1,3603,3601,3604,-1,3603,3604,3605,-1,3605,3604,3606,-1,3606,3604,3607,-1,3606,3607,3608,-1,3608,3607,3609,-1,3609,3607,3610,-1,3609,3610,3611,-1,3611,3610,3612,-1,3612,3610,3613,-1,3612,3613,3614,-1,3614,3613,3615,-1,3615,3613,3616,-1,3615,3616,3617,-1,3617,3616,3618,-1,3618,3616,3619,-1,3618,3619,3620,-1,3620,3619,3621,-1,3621,3619,3622,-1,3621,3622,3623,-1,3623,3622,3624,-1,3624,3622,3625,-1,3624,3625,3626,-1,3626,3625,3627,-1,3627,3625,3628,-1,3627,3628,3629,-1,3629,3628,3630,-1,3630,3628,3631,-1,3630,3631,3632,-1,3632,3631,3633,-1,3633,3631,3634,-1,3633,3634,3635,-1,3635,3634,3636,-1,3636,3634,3637,-1,3636,3637,3638,-1,3638,3637,3639,-1,3639,3637,3640,-1,3639,3640,3641,-1,3641,3640,3642,-1,3642,3640,3643,-1,3642,3643,3644,-1,3644,3643,3645,-1,3645,3643,3646,-1,3645,3646,3647,-1,3648,3593,3649,-1,3649,3593,3650,-1,3649,3650,3651,-1,3651,3650,3652,-1,3651,3652,3653,-1,3653,3652,3654,-1,3653,3654,3655,-1,3655,3654,3656,-1,3655,3656,3657,-1,3657,3656,3658,-1,3657,3658,3659,-1,3659,3658,3660,-1,3659,3660,3661,-1,3661,3660,3662,-1,3661,3662,3663,-1,3663,3662,3664,-1,3663,3664,3665,-1,3665,3664,3666,-1,3665,3666,3667,-1,3667,3666,3668,-1,3667,3668,3669,-1,3669,3668,3670,-1,3669,3670,3671,-1,3671,3670,3672,-1,3671,3672,3673,-1,3673,3672,3674,-1,3673,3674,3675,-1,3675,3674,3676,-1,3675,3676,3677,-1,3677,3676,3678,-1,3677,3678,3679,-1,3679,3678,3680,-1,3679,3680,3681,-1,3681,3680,3682,-1,3681,3682,3683,-1,3682,3646,3683,-1,3683,3646,3643,-1,3683,3643,3684,-1,3684,3643,3640,-1,3684,3640,3685,-1,3685,3640,3637,-1,3685,3637,3686,-1,3686,3637,3634,-1,3686,3634,3687,-1,3687,3634,3631,-1,3687,3631,3688,-1,3688,3631,3628,-1,3688,3628,3689,-1,3689,3628,3625,-1,3689,3625,3690,-1,3690,3625,3622,-1,3690,3622,3691,-1,3691,3622,3619,-1,3691,3619,3692,-1,3692,3619,3616,-1,3692,3616,3693,-1,3693,3616,3613,-1,3693,3613,3694,-1,3694,3613,3610,-1,3694,3610,3695,-1,3695,3610,3607,-1,3695,3607,3696,-1,3696,3607,3604,-1,3696,3604,3697,-1,3697,3604,3601,-1,3697,3601,3698,-1,3698,3601,3598,-1,3698,3598,3648,-1,3648,3598,3595,-1,3648,3595,3593,-1,3647,3646,3699,-1,3699,3646,3682,-1,3699,3682,3700,-1,3700,3682,3701,-1,3701,3682,3680,-1,3701,3680,3702,-1,3702,3680,3703,-1,3703,3680,3678,-1,3703,3678,3704,-1,3704,3678,3705,-1,3705,3678,3676,-1,3705,3676,3706,-1,3706,3676,3707,-1,3707,3676,3674,-1,3707,3674,3708,-1,3708,3674,3709,-1,3709,3674,3672,-1,3709,3672,3710,-1,3710,3672,3711,-1,3711,3672,3670,-1,3711,3670,3712,-1,3712,3670,3713,-1,3713,3670,3668,-1,3713,3668,3714,-1,3714,3668,3715,-1,3715,3668,3666,-1,3715,3666,3716,-1,3716,3666,3717,-1,3717,3666,3664,-1,3717,3664,3718,-1,3718,3664,3719,-1,3719,3664,3662,-1,3719,3662,3720,-1,3720,3662,3721,-1,3721,3662,3660,-1,3721,3660,3722,-1,3722,3660,3723,-1,3723,3660,3658,-1,3723,3658,3724,-1,3724,3658,3725,-1,3725,3658,3656,-1,3725,3656,3726,-1,3726,3656,3727,-1,3727,3656,3654,-1,3727,3654,3728,-1,3728,3654,3729,-1,3729,3654,3652,-1,3729,3652,3730,-1,3730,3652,3731,-1,3731,3652,3650,-1,3731,3650,3732,-1,3732,3650,3733,-1,3733,3650,3593,-1,3733,3593,3592,-1,3734,3735,3736,-1,3736,3735,3737,-1,3735,3738,3737,-1,3737,3738,3739,-1,3737,3739,3740,-1,3739,3741,3740,-1,3740,3741,3742,-1,3740,3742,3743,-1,3742,3744,3743,-1,3743,3744,3745,-1,3743,3745,3746,-1,3745,3747,3746,-1,3746,3747,3748,-1,3746,3748,3749,-1,3748,3750,3749,-1,3749,3750,3751,-1,3749,3751,3752,-1,3751,3753,3752,-1,3752,3753,3754,-1,3752,3754,3755,-1,3754,3756,3755,-1,3755,3756,3757,-1,3755,3757,3758,-1,3757,3759,3758,-1,3758,3759,3760,-1,3758,3760,3761,-1,3760,3762,3761,-1,3761,3762,3763,-1,3761,3763,3764,-1,3763,3765,3764,-1,3764,3765,3766,-1,3764,3766,3767,-1,3766,3768,3767,-1,3767,3768,3769,-1,3767,3769,3770,-1,3769,3771,3770,-1,3770,3771,3772,-1,3770,3772,3773,-1,3772,3774,3773,-1,3773,3774,3775,-1,3773,3775,3776,-1,3775,3777,3776,-1,3776,3777,3778,-1,3776,3778,3779,-1,3778,3780,3779,-1,3779,3780,3781,-1,3779,3781,3782,-1,3781,3783,3782,-1,3782,3783,3784,-1,3782,3784,3785,-1,3784,3786,3785,-1,3785,3786,3787,-1,3785,3787,3788,-1,3787,3789,3788,-1,3788,3789,3790,-1,3788,3790,3791,-1,3792,3793,3794,-1,3794,3793,3791,-1,3794,3791,3795,-1,3795,3791,3790,-1,3796,3797,3798,-1,3798,3797,3799,-1,3798,3799,3800,-1,3800,3799,3801,-1,3800,3801,3802,-1,3802,3801,3803,-1,3802,3803,3804,-1,3804,3803,3805,-1,3804,3805,3806,-1,3806,3805,3807,-1,3806,3807,3808,-1,3808,3807,3809,-1,3808,3809,3810,-1,3810,3809,3811,-1,3810,3811,3812,-1,3812,3811,3813,-1,3812,3813,3814,-1,3814,3813,3815,-1,3814,3815,3816,-1,3816,3815,3817,-1,3816,3817,3818,-1,3818,3817,3819,-1,3818,3819,3820,-1,3820,3819,3821,-1,3820,3821,3822,-1,3822,3821,3823,-1,3822,3823,3824,-1,3824,3823,3825,-1,3824,3825,3826,-1,3826,3825,3827,-1,3826,3827,3828,-1,3828,3827,3829,-1,3828,3829,3830,-1,3830,3829,3831,-1,3830,3831,3832,-1,3832,3831,3833,-1,3832,3833,3834,-1,3833,3835,3834,-1,3834,3835,3836,-1,3834,3836,3837,-1,3837,3836,3838,-1,3837,3838,3839,-1,3839,3838,3840,-1,3839,3840,3841,-1,3841,3840,3842,-1,3841,3842,3843,-1,3843,3842,3844,-1,3843,3844,3845,-1,3845,3844,3846,-1,3845,3846,3847,-1,3847,3846,3848,-1,3847,3848,3849,-1,3849,3848,3850,-1,3849,3850,3851,-1,3851,3850,3852,-1,3851,3852,3853,-1,3853,3852,3854,-1,3853,3854,3855,-1,3855,3854,3856,-1,3855,3856,3857,-1,3857,3856,3858,-1,3857,3858,3859,-1,3859,3858,3860,-1,3859,3860,3861,-1,3861,3860,3862,-1,3861,3862,3863,-1,3863,3862,3864,-1,3863,3864,3865,-1,3865,3864,3866,-1,3865,3866,3867,-1,3867,3866,3868,-1,3867,3868,3869,-1,3869,3868,3870,-1,3869,3870,3871,-1,3871,3870,3872,-1,3871,3872,3796,-1,3796,3872,3873,-1,3796,3873,3797,-1,3792,3874,3793,-1,3793,3874,3875,-1,3874,3876,3875,-1,3875,3876,3877,-1,3875,3877,3878,-1,3877,3879,3878,-1,3878,3879,3880,-1,3878,3880,3881,-1,3880,3882,3881,-1,3881,3882,3883,-1,3881,3883,3884,-1,3883,3885,3884,-1,3884,3885,3886,-1,3884,3886,3887,-1,3886,3888,3887,-1,3887,3888,3889,-1,3887,3889,3890,-1,3889,3891,3890,-1,3890,3891,3892,-1,3890,3892,3893,-1,3892,3894,3893,-1,3893,3894,3895,-1,3893,3895,3896,-1,3895,3897,3896,-1,3896,3897,3898,-1,3896,3898,3899,-1,3898,3900,3899,-1,3899,3900,3901,-1,3899,3901,3902,-1,3901,3903,3902,-1,3902,3903,3904,-1,3902,3904,3905,-1,3904,3906,3905,-1,3905,3906,3907,-1,3905,3907,3908,-1,3907,3909,3908,-1,3908,3909,3910,-1,3908,3910,3911,-1,3910,3912,3911,-1,3911,3912,3913,-1,3911,3913,3914,-1,3913,3915,3914,-1,3914,3915,3916,-1,3914,3916,3917,-1,3916,3918,3917,-1,3917,3918,3919,-1,3917,3919,3920,-1,3919,3921,3920,-1,3920,3921,3922,-1,3920,3922,3923,-1,3922,3924,3923,-1,3923,3924,3925,-1,3923,3925,3926,-1,3925,3927,3926,-1,3926,3927,3928,-1,3926,3928,3929,-1,3734,3736,3930,-1,3930,3736,3929,-1,3930,3929,3931,-1,3931,3929,3928,-1,3532,3542,3904,-1,3581,3734,3580,-1,3580,3734,3930,-1,3580,3930,3577,-1,3577,3930,3578,-1,3578,3930,3579,-1,3579,3930,3931,-1,3579,3931,3471,-1,3573,3574,3928,-1,3928,3574,3576,-1,3928,3576,3931,-1,3931,3576,3575,-1,3931,3575,3471,-1,3573,3928,3570,-1,3570,3928,3927,-1,3570,3927,3571,-1,3571,3927,3925,-1,3571,3925,3572,-1,3924,3566,3925,-1,3925,3566,3565,-1,3925,3565,3572,-1,3922,3568,3924,-1,3924,3568,3567,-1,3924,3567,3566,-1,3919,3557,3556,-1,3556,3561,3919,-1,3919,3561,3562,-1,3919,3562,3921,-1,3562,3563,3921,-1,3921,3563,3564,-1,3921,3564,3922,-1,3922,3564,3569,-1,3922,3569,3568,-1,3557,3919,3558,-1,3558,3919,3918,-1,3558,3918,3559,-1,3559,3918,3916,-1,3559,3916,3560,-1,3915,3913,3549,-1,3549,3554,3915,-1,3915,3554,3555,-1,3915,3555,3916,-1,3916,3555,3553,-1,3916,3553,3560,-1,3912,3552,3913,-1,3913,3552,3550,-1,3913,3550,3549,-1,3546,3547,3910,-1,3910,3547,3548,-1,3910,3548,3912,-1,3912,3548,3551,-1,3912,3551,3552,-1,3546,3910,3543,-1,3543,3910,3909,-1,3543,3909,3544,-1,3907,3537,3909,-1,3909,3537,3545,-1,3909,3545,3544,-1,3542,3541,3904,-1,3904,3541,3540,-1,3904,3540,3906,-1,3906,3540,3539,-1,3906,3539,3907,-1,3907,3539,3538,-1,3907,3538,3537,-1,3532,3904,3533,-1,3533,3904,3903,-1,3533,3903,3534,-1,3534,3903,3901,-1,3534,3901,3535,-1,3900,3528,3901,-1,3901,3528,3536,-1,3901,3536,3535,-1,3898,3530,3900,-1,3900,3530,3529,-1,3900,3529,3528,-1,3897,3523,3472,-1,3472,3527,3897,-1,3897,3527,3526,-1,3897,3526,3898,-1,3898,3526,3531,-1,3898,3531,3530,-1,3523,3897,3524,-1,3524,3897,3895,-1,3524,3895,3525,-1,3894,3520,3895,-1,3895,3520,3519,-1,3895,3519,3525,-1,3892,3522,3894,-1,3894,3522,3521,-1,3894,3521,3520,-1,3515,3514,3889,-1,3889,3514,3891,-1,3514,3513,3891,-1,3891,3513,3512,-1,3891,3512,3892,-1,3892,3512,3518,-1,3892,3518,3522,-1,3515,3889,3516,-1,3516,3889,3888,-1,3516,3888,3517,-1,3885,3883,3506,-1,3511,3886,3504,-1,3504,3886,3885,-1,3504,3885,3505,-1,3505,3885,3506,-1,3511,3510,3886,-1,3886,3510,3509,-1,3886,3509,3888,-1,3888,3509,3508,-1,3888,3508,3517,-1,3500,3501,3880,-1,3880,3501,3882,-1,3501,3502,3882,-1,3882,3502,3503,-1,3882,3503,3883,-1,3883,3503,3507,-1,3883,3507,3506,-1,3496,3497,3879,-1,3879,3497,3498,-1,3879,3498,3880,-1,3880,3498,3499,-1,3880,3499,3500,-1,3496,3879,3495,-1,3495,3879,3877,-1,3495,3877,3494,-1,3494,3877,3876,-1,3494,3876,3493,-1,3489,3874,3488,-1,3488,3874,3792,-1,3488,3792,3487,-1,3487,3792,3486,-1,3489,3490,3874,-1,3874,3490,3491,-1,3874,3491,3876,-1,3876,3491,3492,-1,3876,3492,3493,-1,3485,3486,3792,-1,3485,3792,3484,-1,3484,3792,3794,-1,3484,3794,3483,-1,3790,3474,3473,-1,3473,3479,3790,-1,3790,3479,3480,-1,3790,3480,3795,-1,3795,3480,3481,-1,3795,3481,3794,-1,3794,3481,3482,-1,3794,3482,3483,-1,3474,3790,3475,-1,3475,3790,3789,-1,3475,3789,3476,-1,3476,3789,3477,-1,3477,3789,3787,-1,3477,3787,3478,-1,3784,135,3786,-1,3786,135,133,-1,3786,133,3787,-1,3787,133,132,-1,3787,132,3478,-1,2007,130,3774,-1,3774,130,128,-1,3774,128,3775,-1,3775,128,159,-1,3775,159,3777,-1,3777,159,150,-1,3777,150,3778,-1,3778,150,153,-1,3778,153,3780,-1,3780,153,144,-1,3780,144,3781,-1,3781,144,147,-1,3781,147,3783,-1,3783,147,137,-1,3783,137,3784,-1,3784,137,140,-1,3784,140,135,-1,2007,3774,2006,-1,2006,3774,3772,-1,2006,3772,2003,-1,2003,3772,3771,-1,2003,3771,2001,-1,2001,3771,1999,-1,1999,3771,3769,-1,1999,3769,1998,-1,1998,3769,1996,-1,1996,3769,3768,-1,1996,3768,1994,-1,1994,3768,3766,-1,1994,3766,1993,-1,1993,3766,1991,-1,1991,3766,3765,-1,1991,3765,1982,-1,1982,3765,1983,-1,1983,3765,3763,-1,1983,3763,1985,-1,1985,3763,1987,-1,1987,3763,3762,-1,1987,3762,1988,-1,1988,3762,3760,-1,1988,3760,1965,-1,1965,3760,3759,-1,1965,3759,1967,-1,1967,3759,1969,-1,1969,3759,3757,-1,1969,3757,1971,-1,1971,3757,1973,-1,1973,3757,3756,-1,1973,3756,1975,-1,1975,3756,3754,-1,1975,3754,1977,-1,3750,1954,3751,-1,3751,1954,1952,-1,3751,1952,3753,-1,3753,1952,1951,-1,3753,1951,3754,-1,3754,1951,1979,-1,3754,1979,1977,-1,3747,1963,1962,-1,3747,1962,3748,-1,1962,1960,3748,-1,3748,1960,1958,-1,3748,1958,3750,-1,3750,1958,1956,-1,3750,1956,1954,-1,1963,3747,1945,-1,1945,3747,3745,-1,1945,3745,1947,-1,1947,3745,1949,-1,1949,3745,3744,-1,1949,3744,1950,-1,1950,3744,3742,-1,1950,3742,1941,-1,3741,3470,3742,-1,3742,3470,1943,-1,3742,1943,1941,-1,3584,3591,3739,-1,3739,3591,3590,-1,3739,3590,3741,-1,3741,3590,3589,-1,3741,3589,3470,-1,3584,3739,3585,-1,3585,3739,3738,-1,3585,3738,3586,-1,3586,3738,3735,-1,3586,3735,3587,-1,3581,3582,3734,-1,3734,3582,3583,-1,3734,3583,3735,-1,3735,3583,3588,-1,3735,3588,3587,-1,3932,3933,2120,-1,2192,2183,3934,-1,2312,2309,1846,-1,2364,2362,1771,-1,2370,2367,1779,-1,1714,1712,2394,-1,2485,2487,1414,-1,2601,2596,1578,-1,1255,1254,2706,-1,1000,999,2765,-1,2921,2922,956,-1,2925,2929,964,-1,2968,2974,886,-1,2971,2970,881,-1,3015,3017,811,-1,3078,3080,667,-1,115,130,2007,-1,2007,2005,115,-1,115,2005,2004,-1,115,2004,116,-1,116,2004,2002,-1,116,2002,118,-1,118,2002,120,-1,120,2002,122,-1,122,2002,2000,-1,122,2000,124,-1,124,2000,1997,-1,124,1997,125,-1,108,106,1990,-1,1990,106,104,-1,1990,104,1992,-1,1992,104,102,-1,1992,102,1995,-1,1995,102,100,-1,1995,100,1997,-1,1997,100,98,-1,1997,98,125,-1,108,1990,110,-1,110,1990,1989,-1,110,1989,112,-1,112,1989,1984,-1,112,1984,96,-1,96,1984,94,-1,94,1984,1986,-1,94,1986,0,-1,1964,82,1986,-1,1986,82,1,-1,1986,1,0,-1,1966,86,1964,-1,1964,86,84,-1,1964,84,82,-1,73,71,1972,-1,1972,71,93,-1,1972,93,1970,-1,1970,93,92,-1,1970,92,1968,-1,1968,92,90,-1,1968,90,1966,-1,1966,90,88,-1,1966,88,86,-1,73,1972,75,-1,75,1972,1974,-1,75,1974,77,-1,77,1974,1976,-1,77,1976,79,-1,79,1976,1978,-1,79,1978,80,-1,64,63,1953,-1,1953,63,61,-1,1953,61,1981,-1,1981,61,59,-1,1981,59,1980,-1,1980,59,58,-1,1980,58,1978,-1,1978,58,56,-1,1978,56,80,-1,64,1953,66,-1,66,1953,1955,-1,66,1955,68,-1,68,1955,1957,-1,68,1957,69,-1,69,1957,1959,-1,69,1959,51,-1,38,40,1946,-1,1946,40,43,-1,1946,43,1944,-1,1944,43,45,-1,1944,45,1961,-1,1961,45,47,-1,1961,47,1959,-1,1959,47,49,-1,1959,49,51,-1,38,1946,36,-1,36,1946,1948,-1,36,1948,34,-1,34,1948,1940,-1,34,1940,32,-1,1942,28,1940,-1,1940,28,30,-1,1940,30,32,-1,3459,24,1942,-1,1942,24,26,-1,1942,26,28,-1,3463,18,3461,-1,3461,18,19,-1,3461,19,3459,-1,3459,19,22,-1,3459,22,24,-1,3465,10,3463,-1,3463,10,9,-1,3463,9,18,-1,3456,15,3467,-1,3467,15,14,-1,3467,14,3465,-1,3465,14,12,-1,3465,12,10,-1,3453,8,3454,-1,3454,8,7,-1,3454,7,3456,-1,3456,7,5,-1,3456,5,15,-1,3446,349,3444,-1,3444,349,360,-1,3444,360,3442,-1,3442,360,362,-1,3442,362,3440,-1,3440,362,364,-1,3440,364,3453,-1,3453,364,366,-1,3453,366,8,-1,357,3450,346,-1,346,3450,3433,-1,346,3433,344,-1,357,356,3450,-1,3450,356,354,-1,3450,354,3448,-1,3448,354,352,-1,3448,352,3446,-1,3446,352,350,-1,3446,350,349,-1,344,3433,342,-1,342,3433,3435,-1,342,3435,327,-1,327,3435,328,-1,328,3435,1910,-1,328,1910,165,-1,165,1910,341,-1,341,1910,1909,-1,341,1909,340,-1,340,1909,3428,-1,340,3428,338,-1,3419,332,3430,-1,3430,332,334,-1,3430,334,3428,-1,3428,334,336,-1,3428,336,338,-1,3421,323,3419,-1,3419,323,325,-1,3419,325,332,-1,3396,318,3423,-1,3423,318,315,-1,3423,315,3421,-1,3421,315,317,-1,3421,317,323,-1,3398,321,3396,-1,3396,321,319,-1,3396,319,318,-1,305,307,3402,-1,3402,307,309,-1,3402,309,3400,-1,3400,309,310,-1,3400,310,3398,-1,3398,310,322,-1,3398,322,321,-1,305,3402,303,-1,303,3402,3404,-1,303,3404,301,-1,301,3404,3406,-1,301,3406,291,-1,291,3406,3408,-1,291,3408,292,-1,292,3408,3410,-1,292,3410,295,-1,281,283,3416,-1,3416,283,288,-1,3416,288,3414,-1,3414,288,300,-1,3414,300,3412,-1,3412,300,299,-1,3412,299,3410,-1,3410,299,297,-1,3410,297,295,-1,281,3416,279,-1,279,3416,3391,-1,279,3391,287,-1,287,3391,3393,-1,287,3393,286,-1,286,3393,276,-1,276,3393,3389,-1,276,3389,274,-1,274,3389,272,-1,272,3389,3390,-1,272,3390,270,-1,270,3390,268,-1,268,3390,3382,-1,268,3382,266,-1,266,3382,264,-1,264,3382,3384,-1,264,3384,262,-1,262,3384,260,-1,260,3384,3377,-1,260,3377,247,-1,247,3377,248,-1,248,3377,3360,-1,248,3360,250,-1,250,3360,3362,-1,250,3362,252,-1,252,3362,254,-1,254,3362,3364,-1,254,3364,256,-1,256,3364,3366,-1,256,3366,257,-1,257,3366,245,-1,245,3366,3368,-1,245,3368,232,-1,232,3368,3370,-1,232,3370,233,-1,233,3370,235,-1,235,3370,3372,-1,235,3372,237,-1,237,3372,239,-1,239,3372,3374,-1,239,3374,241,-1,241,3374,3349,-1,241,3349,242,-1,226,228,3355,-1,3355,228,230,-1,3355,230,3353,-1,3353,230,231,-1,3353,231,3351,-1,3351,231,218,-1,3351,218,3349,-1,3349,218,216,-1,3349,216,242,-1,226,3355,224,-1,224,3355,3357,-1,224,3357,222,-1,222,3357,3344,-1,222,3344,191,-1,191,3344,192,-1,192,3344,3346,-1,192,3346,194,-1,194,3346,196,-1,196,3346,1913,-1,196,1913,198,-1,198,1913,212,-1,212,1913,1912,-1,212,1912,210,-1,210,1912,208,-1,208,1912,3341,-1,208,3341,206,-1,206,3341,204,-1,204,3341,3336,-1,204,3336,202,-1,202,3336,3335,-1,202,3335,178,-1,178,3335,179,-1,179,3335,3333,-1,179,3333,181,-1,181,3333,3331,-1,181,3331,183,-1,183,3331,3329,-1,183,3329,185,-1,172,174,3323,-1,3323,174,175,-1,3323,175,3325,-1,3325,175,190,-1,3325,190,3327,-1,3327,190,189,-1,3327,189,3329,-1,3329,189,187,-1,3329,187,185,-1,172,3323,170,-1,170,3323,3321,-1,170,3321,168,-1,168,3321,3320,-1,168,3320,166,-1,166,3320,3311,-1,166,3311,368,-1,368,3311,369,-1,369,3311,3313,-1,369,3313,371,-1,371,3313,3315,-1,371,3315,373,-1,373,3315,3317,-1,373,3317,375,-1,384,383,3306,-1,3306,383,381,-1,3306,381,3304,-1,3304,381,379,-1,3304,379,3317,-1,3317,379,377,-1,3317,377,375,-1,384,3306,386,-1,386,3306,3294,-1,386,3294,389,-1,389,3294,3296,-1,389,3296,390,-1,390,3296,3298,-1,390,3298,392,-1,405,404,3289,-1,3289,404,398,-1,3289,398,3301,-1,3301,398,396,-1,3301,396,3298,-1,3298,396,394,-1,3298,394,392,-1,412,410,3288,-1,3288,410,408,-1,3288,408,3291,-1,3291,408,403,-1,3291,403,3289,-1,3289,403,406,-1,3289,406,405,-1,412,3288,414,-1,414,3288,3287,-1,414,3287,420,-1,420,3287,3284,-1,420,3284,421,-1,421,3284,3282,-1,421,3282,423,-1,423,3282,3280,-1,423,3280,425,-1,425,3280,427,-1,427,3280,3278,-1,427,3278,428,-1,428,3278,3276,-1,428,3276,418,-1,418,3276,3274,-1,418,3274,416,-1,3268,435,3270,-1,3270,435,433,-1,3270,433,3272,-1,3272,433,432,-1,3272,432,3274,-1,3274,432,429,-1,3274,429,416,-1,443,441,3268,-1,441,440,3268,-1,3268,440,437,-1,3268,437,435,-1,3268,3266,443,-1,443,3266,3263,-1,443,3263,445,-1,445,3263,3261,-1,3259,448,3261,-1,3261,448,446,-1,3261,446,445,-1,3255,460,3257,-1,3257,460,459,-1,3257,459,3259,-1,3259,459,450,-1,3259,450,448,-1,3250,464,3255,-1,3255,464,462,-1,3255,462,460,-1,3251,468,3250,-1,3250,468,466,-1,3250,466,464,-1,3243,472,3251,-1,3251,472,470,-1,3251,470,468,-1,3245,476,3243,-1,3243,476,474,-1,3243,474,472,-1,3230,480,3245,-1,3245,480,478,-1,3245,478,476,-1,3232,484,3230,-1,3230,484,482,-1,3230,482,480,-1,3240,488,3238,-1,3238,488,455,-1,3238,455,3236,-1,3236,455,457,-1,3236,457,3234,-1,3234,457,487,-1,3234,487,3232,-1,3232,487,486,-1,3232,486,484,-1,3229,491,3240,-1,3240,491,489,-1,3240,489,488,-1,3226,497,3227,-1,3227,497,495,-1,3227,495,3229,-1,3229,495,493,-1,3229,493,491,-1,508,506,3219,-1,3219,506,504,-1,3219,504,3221,-1,3221,504,502,-1,3221,502,3224,-1,3224,502,500,-1,3224,500,3226,-1,3226,500,498,-1,3226,498,497,-1,508,3219,510,-1,510,3219,3217,-1,510,3217,511,-1,511,3217,3215,-1,511,3215,513,-1,513,3215,3213,-1,513,3213,515,-1,3207,523,3209,-1,3209,523,521,-1,3209,521,3211,-1,3211,521,519,-1,3211,519,3213,-1,3213,519,517,-1,3213,517,515,-1,1917,526,3207,-1,3207,526,524,-1,3207,524,523,-1,534,532,3203,-1,3203,532,530,-1,3203,530,1917,-1,1917,530,528,-1,1917,528,526,-1,534,3203,543,-1,543,3203,1920,-1,543,1920,544,-1,544,1920,1921,-1,544,1921,538,-1,538,1921,3200,-1,538,3200,540,-1,3184,553,3199,-1,3199,553,551,-1,3199,551,3200,-1,3200,551,549,-1,3200,549,540,-1,564,556,3186,-1,3186,556,545,-1,3186,545,3184,-1,3184,545,554,-1,3184,554,553,-1,3186,3188,564,-1,564,3188,3190,-1,564,3190,565,-1,565,3190,3192,-1,565,3192,567,-1,3181,562,3196,-1,3196,562,572,-1,3196,572,3194,-1,3194,572,571,-1,3194,571,3192,-1,3192,571,569,-1,3192,569,567,-1,3175,775,3178,-1,3178,775,777,-1,3178,777,3179,-1,3179,777,558,-1,3179,558,3181,-1,3181,558,560,-1,3181,560,562,-1,767,765,3175,-1,765,763,3175,-1,3175,763,762,-1,3175,762,775,-1,3175,3173,767,-1,767,3173,3172,-1,767,3172,769,-1,769,3172,3163,-1,769,3163,771,-1,771,3163,772,-1,772,3163,3165,-1,772,3165,754,-1,742,744,3169,-1,3169,744,759,-1,3169,759,3167,-1,3167,759,757,-1,3167,757,3165,-1,3165,757,755,-1,3165,755,754,-1,742,3169,740,-1,740,3169,3156,-1,740,3156,575,-1,575,3156,3158,-1,575,3158,752,-1,3149,749,3158,-1,3158,749,751,-1,3158,751,752,-1,3148,739,3149,-1,3149,739,747,-1,3149,747,749,-1,3147,733,3153,-1,3153,733,735,-1,3153,735,3148,-1,3148,735,737,-1,3148,737,739,-1,3142,731,3143,-1,3143,731,729,-1,3143,729,3145,-1,3145,729,726,-1,3145,726,3147,-1,3147,726,725,-1,3147,725,733,-1,3138,715,3140,-1,3140,715,713,-1,3140,713,3142,-1,3142,713,732,-1,3142,732,731,-1,3117,719,3138,-1,3138,719,717,-1,3138,717,715,-1,3122,724,3120,-1,3120,724,723,-1,3120,723,3117,-1,3117,723,721,-1,3117,721,719,-1,3126,708,3124,-1,3124,708,706,-1,3124,706,3122,-1,3122,706,704,-1,3122,704,724,-1,3128,711,3126,-1,3126,711,710,-1,3126,710,708,-1,3132,697,3130,-1,3130,697,699,-1,3130,699,3128,-1,3128,699,701,-1,3128,701,711,-1,3134,693,3132,-1,3132,693,695,-1,3132,695,697,-1,3113,687,3111,-1,3111,687,689,-1,3111,689,3134,-1,3134,689,691,-1,3134,691,693,-1,3108,577,3106,-1,3106,577,576,-1,3106,576,3116,-1,3116,576,683,-1,3116,683,3113,-1,3113,683,685,-1,3113,685,687,-1,3099,679,3108,-1,3108,679,680,-1,3108,680,577,-1,3101,674,3099,-1,3099,674,676,-1,3099,676,679,-1,667,669,3078,-1,3078,669,670,-1,3078,670,3101,-1,3101,670,672,-1,3101,672,674,-1,3088,657,3086,-1,3086,657,659,-1,3086,659,3084,-1,3084,659,661,-1,3084,661,3082,-1,3082,661,662,-1,3082,662,3080,-1,3080,662,664,-1,3080,664,667,-1,3090,653,3088,-1,3088,653,655,-1,3088,655,657,-1,647,645,3094,-1,3094,645,644,-1,3094,644,3092,-1,3092,644,641,-1,3092,641,3090,-1,3090,641,643,-1,3090,643,653,-1,647,3094,649,-1,649,3094,3096,-1,649,3096,651,-1,651,3096,3077,-1,651,3077,652,-1,652,3077,3076,-1,652,3076,637,-1,637,3076,3074,-1,637,3074,635,-1,3068,627,3070,-1,3070,627,629,-1,3070,629,1924,-1,1924,629,631,-1,1924,631,3074,-1,3074,631,633,-1,3074,633,635,-1,621,623,3068,-1,3068,623,625,-1,3068,625,627,-1,3068,3067,621,-1,621,3067,3062,-1,621,3062,619,-1,619,3062,3064,-1,619,3064,616,-1,606,607,3056,-1,3056,607,609,-1,3056,609,3058,-1,3058,609,612,-1,3058,612,3064,-1,3064,612,614,-1,3064,614,616,-1,606,3056,604,-1,604,3056,3053,-1,604,3053,601,-1,601,3053,3051,-1,601,3051,594,-1,3046,598,3049,-1,3049,598,597,-1,3049,597,3051,-1,3051,597,595,-1,3051,595,594,-1,581,589,3040,-1,3040,589,588,-1,3040,588,3043,-1,3043,588,586,-1,3043,586,3044,-1,3044,586,585,-1,3044,585,3046,-1,3046,585,592,-1,3046,592,598,-1,581,3040,583,-1,583,3040,3038,-1,583,3038,778,-1,778,3038,3037,-1,778,3037,780,-1,780,3037,3035,-1,780,3035,782,-1,782,3035,784,-1,784,3035,1927,-1,784,1927,786,-1,786,1927,787,-1,787,1927,3030,-1,787,3030,789,-1,789,3030,3031,-1,789,3031,791,-1,791,3031,793,-1,793,3031,3025,-1,793,3025,795,-1,795,3025,3027,-1,795,3027,796,-1,3022,803,3020,-1,3020,803,801,-1,3020,801,3027,-1,3027,801,798,-1,3027,798,796,-1,811,809,3015,-1,3015,809,806,-1,3015,806,3022,-1,3022,806,804,-1,3022,804,803,-1,1929,821,3017,-1,3017,821,820,-1,3017,820,811,-1,829,827,1928,-1,1928,827,825,-1,1928,825,1929,-1,1929,825,823,-1,1929,823,821,-1,829,1928,831,-1,831,1928,3010,-1,831,3010,833,-1,833,3010,3012,-1,833,3012,835,-1,835,3012,3007,-1,835,3007,837,-1,2987,814,3004,-1,3004,814,842,-1,3004,842,3005,-1,3005,842,841,-1,3005,841,3007,-1,3007,841,839,-1,3007,839,837,-1,2989,818,2987,-1,2987,818,816,-1,2987,816,814,-1,2993,846,2991,-1,2991,846,844,-1,2991,844,2989,-1,2989,844,843,-1,2989,843,818,-1,2995,851,2993,-1,2993,851,849,-1,2993,849,846,-1,2999,856,2997,-1,2997,856,854,-1,2997,854,2995,-1,2995,854,852,-1,2995,852,851,-1,3001,859,2999,-1,2999,859,857,-1,2999,857,856,-1,2977,865,2982,-1,2982,865,863,-1,2982,863,3001,-1,3001,863,861,-1,3001,861,859,-1,2979,874,2977,-1,2977,874,867,-1,2977,867,865,-1,881,879,2971,-1,2971,879,877,-1,2971,877,2979,-1,2979,877,875,-1,2979,875,874,-1,886,872,2968,-1,2968,872,873,-1,2968,873,2970,-1,2970,873,883,-1,2970,883,881,-1,2956,889,2974,-1,2974,889,887,-1,2974,887,886,-1,899,898,2960,-1,2960,898,895,-1,2960,895,2958,-1,2958,895,893,-1,2958,893,2956,-1,2956,893,891,-1,2956,891,889,-1,899,2960,901,-1,901,2960,2962,-1,901,2962,903,-1,903,2962,2964,-1,903,2964,905,-1,905,2964,2955,-1,905,2955,907,-1,2949,914,2951,-1,2951,914,912,-1,2951,912,2953,-1,2953,912,910,-1,2953,910,2955,-1,2955,910,908,-1,2955,908,907,-1,920,918,2949,-1,2949,918,916,-1,2949,916,914,-1,2949,2947,920,-1,920,2947,2946,-1,920,2946,921,-1,921,2946,2944,-1,928,926,2944,-1,926,924,2944,-1,2944,924,922,-1,2944,922,921,-1,2944,2936,928,-1,928,2936,2934,-1,928,2934,930,-1,930,2934,2932,-1,930,2932,932,-1,932,2932,941,-1,941,2932,939,-1,939,2932,2940,-1,939,2940,937,-1,937,2940,2928,-1,937,2928,935,-1,964,966,2925,-1,2925,966,968,-1,2925,968,2927,-1,2927,968,970,-1,2927,970,2928,-1,2928,970,933,-1,2928,933,935,-1,956,958,2921,-1,2921,958,960,-1,2921,960,2929,-1,2929,960,962,-1,2929,962,964,-1,2900,952,2922,-1,2922,952,954,-1,2922,954,956,-1,981,980,2906,-1,2906,980,944,-1,2906,944,2904,-1,2904,944,947,-1,2904,947,2902,-1,2902,947,948,-1,2902,948,2900,-1,2900,948,950,-1,2900,950,952,-1,981,2906,977,-1,977,2906,2908,-1,977,2908,975,-1,975,2908,2910,-1,975,2910,973,-1,973,2910,2912,-1,973,2912,1169,-1,1169,2912,2914,-1,1169,2914,1171,-1,1171,2914,2916,-1,1171,2916,1173,-1,1173,2916,1175,-1,1175,2916,2889,-1,1175,2889,1177,-1,1177,2889,1179,-1,1179,2889,2891,-1,1179,2891,1181,-1,1181,2891,2893,-1,1181,2893,1183,-1,1183,2893,1184,-1,1184,2893,2895,-1,1184,2895,1162,-1,2884,1163,2895,-1,2895,1163,1159,-1,2895,1159,1162,-1,2879,1146,2886,-1,2886,1146,1166,-1,2886,1166,2884,-1,2884,1166,1164,-1,2884,1164,1163,-1,1155,1153,2876,-1,2876,1153,1151,-1,2876,1151,2881,-1,2881,1151,1149,-1,2881,1149,2879,-1,2879,1149,1147,-1,2879,1147,1146,-1,1137,1139,2869,-1,2869,1139,1141,-1,2869,1141,2867,-1,2867,1141,1143,-1,2867,1143,2876,-1,2876,1143,1156,-1,2876,1156,1155,-1,1137,2869,1136,-1,1136,2869,2871,-1,1136,2871,1134,-1,1134,2871,2873,-1,1134,2873,1127,-1,1127,2873,2866,-1,1127,2866,1128,-1,1117,1115,2860,-1,2860,1115,1114,-1,2860,1114,2862,-1,2862,1114,1124,-1,2862,1124,2864,-1,2864,1124,1131,-1,2864,1131,2866,-1,2866,1131,1130,-1,2866,1130,1128,-1,1117,2860,1119,-1,1119,2860,2858,-1,1119,2858,1121,-1,2858,2857,1121,-1,1121,2857,2846,-1,1121,2846,1122,-1,1122,2846,2848,-1,1122,2848,1106,-1,1106,2848,1108,-1,1108,2848,1110,-1,1110,2848,2850,-1,1110,2850,1112,-1,1112,2850,2852,-1,1112,2852,1113,-1,1113,2852,2854,-1,1113,2854,1103,-1,1103,2854,1093,-1,1093,2854,2842,-1,1093,2842,1094,-1,1094,2842,1096,-1,1096,2842,2840,-1,1096,2840,1098,-1,1082,1084,2828,-1,2828,1084,1086,-1,2828,1086,2836,-1,2836,1086,1088,-1,2836,1088,2833,-1,2833,1088,1090,-1,2833,1090,2840,-1,2840,1090,1092,-1,2840,1092,1098,-1,1082,2828,1080,-1,1080,2828,2830,-1,1080,2830,1078,-1,1078,2830,2809,-1,1078,2809,1076,-1,2813,1066,2811,-1,2811,1066,1064,-1,2811,1064,2809,-1,2809,1064,1063,-1,2809,1063,1076,-1,2815,1070,2813,-1,2813,1070,1068,-1,2813,1068,1066,-1,2819,1055,2817,-1,2817,1055,1073,-1,2817,1073,2815,-1,2815,1073,1072,-1,2815,1072,1070,-1,2823,1061,2821,-1,2821,1061,1059,-1,2821,1059,2819,-1,2819,1059,1057,-1,2819,1057,1055,-1,2825,1048,2823,-1,2823,1048,1062,-1,2823,1062,1061,-1,2796,1037,2794,-1,2794,1037,1035,-1,2794,1035,2792,-1,2792,1035,1053,-1,2792,1053,2790,-1,2790,1053,1052,-1,2790,1052,2825,-1,2825,1052,1050,-1,2825,1050,1048,-1,2798,1041,2796,-1,2796,1041,1039,-1,2796,1039,1037,-1,2802,1046,2800,-1,2800,1046,1045,-1,2800,1045,2798,-1,2798,1045,1043,-1,2798,1043,1041,-1,2804,1030,2802,-1,2802,1030,1032,-1,2802,1032,1046,-1,2785,1024,2806,-1,2806,1024,1026,-1,2806,1026,2804,-1,2804,1026,1028,-1,2804,1028,1030,-1,2787,1019,2785,-1,2785,1019,1021,-1,2785,1021,1024,-1,2782,1014,2787,-1,2787,1014,1017,-1,2787,1017,1019,-1,2781,1011,2782,-1,2782,1011,1013,-1,2782,1013,1014,-1,2778,1006,2781,-1,2781,1006,1008,-1,2781,1008,1011,-1,2759,990,2779,-1,2779,990,1003,-1,2779,1003,2778,-1,2778,1003,1005,-1,2778,1005,1006,-1,2761,993,2759,-1,2759,993,991,-1,2759,991,990,-1,2765,999,2763,-1,2763,999,997,-1,2763,997,2761,-1,2761,997,995,-1,2761,995,993,-1,1000,2765,988,-1,988,2765,2767,-1,988,2767,986,-1,986,2767,984,-1,984,2767,2769,-1,984,2769,982,-1,982,2769,2771,-1,982,2771,1193,-1,1193,2771,1191,-1,1191,2771,2773,-1,1191,2773,1196,-1,1196,2773,2756,-1,1196,2756,1194,-1,1194,2756,2754,-1,1194,2754,1199,-1,1199,2754,2753,-1,1199,2753,1200,-1,1200,2753,2751,-1,1200,2751,1203,-1,1203,2751,1204,-1,1204,2751,2749,-1,1204,2749,1206,-1,1206,2749,1209,-1,1209,2749,2746,-1,1209,2746,1210,-1,2741,1215,2744,-1,2744,1215,1213,-1,2744,1213,2746,-1,2746,1213,1212,-1,2746,1212,1210,-1,2739,1219,2741,-1,2741,1219,1218,-1,2741,1218,1215,-1,1229,1227,2733,-1,2733,1227,1226,-1,2733,1226,2736,-1,2736,1226,1223,-1,2736,1223,2739,-1,2739,1223,1221,-1,2739,1221,1219,-1,1229,2733,1231,-1,1231,2733,2731,-1,1231,2731,1233,-1,1233,2731,1235,-1,1235,2731,2728,-1,1235,2728,1237,-1,1237,2728,1239,-1,1239,2728,2726,-1,1239,2726,1245,-1,1245,2726,2725,-1,1245,2725,1246,-1,1246,2725,2700,-1,1246,2700,1248,-1,2702,1252,2700,-1,2700,1252,1250,-1,2700,1250,1248,-1,2706,1254,2704,-1,2704,1254,1243,-1,2704,1243,2702,-1,2702,1243,1253,-1,2702,1253,1252,-1,1255,2706,1257,-1,1257,2706,2708,-1,1257,2708,1259,-1,1259,2708,2710,-1,1259,2710,1261,-1,1261,2710,2712,-1,1261,2712,1263,-1,1263,2712,1265,-1,1265,2712,2714,-1,1265,2714,1266,-1,1266,2714,1268,-1,1268,2714,2716,-1,1268,2716,1270,-1,1270,2716,2718,-1,1270,2718,1272,-1,1272,2718,1274,-1,1274,2718,2720,-1,1274,2720,1277,-1,1277,2720,1278,-1,1278,2720,2722,-1,1278,2722,1280,-1,1280,2722,2693,-1,1280,2693,1282,-1,1282,2693,1284,-1,1284,2693,2695,-1,1284,2695,1286,-1,1286,2695,1288,-1,1288,2695,2688,-1,1288,2688,1290,-1,1290,2688,1292,-1,1292,2688,2690,-1,1292,2690,1294,-1,1294,2690,1296,-1,1296,2690,2685,-1,1296,2685,1298,-1,1298,2685,1276,-1,1276,2685,2658,-1,1276,2658,1190,-1,1190,2658,2660,-1,1190,2660,1308,-1,1308,2660,1309,-1,1309,2660,2662,-1,1309,2662,1311,-1,1311,2662,2664,-1,1311,2664,1313,-1,1313,2664,2666,-1,1313,2666,1315,-1,2672,1306,2670,-1,2670,1306,1304,-1,2670,1304,2668,-1,2668,1304,1302,-1,2668,1302,2666,-1,2666,1302,1316,-1,2666,1316,1315,-1,2674,1187,2672,-1,2672,1187,1307,-1,2672,1307,1306,-1,2678,1322,2676,-1,2676,1322,1326,-1,2676,1326,2674,-1,2674,1326,1325,-1,2674,1325,1187,-1,2680,1318,2678,-1,2678,1318,1317,-1,2678,1317,1322,-1,2657,1330,2682,-1,2682,1330,1328,-1,2682,1328,2680,-1,2680,1328,1327,-1,2680,1327,1318,-1,2655,1334,2657,-1,2657,1334,1332,-1,2657,1332,1330,-1,2651,1339,2654,-1,2654,1339,1337,-1,2654,1337,2655,-1,2655,1337,1336,-1,2655,1336,1334,-1,2644,1343,2651,-1,2651,1343,1341,-1,2651,1341,1339,-1,2646,1347,2644,-1,2644,1347,1345,-1,2644,1345,1343,-1,2639,1351,2646,-1,2646,1351,1350,-1,2646,1350,1347,-1,2641,1357,2639,-1,2639,1357,1353,-1,2639,1353,1351,-1,2636,1362,2634,-1,2634,1362,1360,-1,2634,1360,2641,-1,2641,1360,1358,-1,2641,1358,1357,-1,1376,1378,2630,-1,2630,1378,1380,-1,2630,1380,2631,-1,2631,1380,1366,-1,2631,1366,2636,-1,2636,1366,1365,-1,2636,1365,1362,-1,1376,2630,1374,-1,1374,2630,2628,-1,1374,2628,1373,-1,1373,2628,2627,-1,1373,2627,1371,-1,1371,2627,1369,-1,1369,2627,2606,-1,1369,2606,1386,-1,1386,2606,1387,-1,1387,2606,2608,-1,1387,2608,1389,-1,1389,2608,2610,-1,1389,2610,1390,-1,1390,2610,1383,-1,1383,2610,2612,-1,1383,2612,1588,-1,1588,2612,1589,-1,1589,2612,2614,-1,1589,2614,1591,-1,1591,2614,2616,-1,1591,2616,1593,-1,1593,2616,2618,-1,1593,2618,1594,-1,2599,1573,2624,-1,2624,1573,1572,-1,2624,1572,2622,-1,2622,1572,1584,-1,2622,1584,2620,-1,2620,1584,1582,-1,2620,1582,2618,-1,2618,1582,1580,-1,2618,1580,1594,-1,1578,1393,2601,-1,2601,1393,1576,-1,2601,1576,2599,-1,2599,1576,1575,-1,2599,1575,1573,-1,2593,1555,2596,-1,2596,1555,1554,-1,2596,1554,1578,-1,1570,2588,1568,-1,1568,2588,2590,-1,1568,2590,1566,-1,1570,1571,2588,-1,2588,1571,1560,-1,2588,1560,2593,-1,2593,1560,1558,-1,2593,1558,1555,-1,1566,2590,1564,-1,1564,2590,2565,-1,1564,2565,1552,-1,1552,2565,1550,-1,1550,2565,2567,-1,1550,2567,1548,-1,1548,2567,2569,-1,1548,2569,1546,-1,1546,2569,2571,-1,1546,2571,1544,-1,2577,1537,2575,-1,2575,1537,1539,-1,2575,1539,2573,-1,2573,1539,1540,-1,2573,1540,2571,-1,2571,1540,1542,-1,2571,1542,1544,-1,1530,1532,2577,-1,1532,1534,2577,-1,2577,1534,1536,-1,2577,1536,1537,-1,2577,2579,1530,-1,1530,2579,2581,-1,1530,2581,1528,-1,1528,2581,2583,-1,1495,1497,2583,-1,1497,1524,2583,-1,2583,1524,1526,-1,2583,1526,1528,-1,2583,2585,1495,-1,1495,2585,2558,-1,1495,2558,1493,-1,1493,2558,2560,-1,1493,2560,1523,-1,1523,2560,1522,-1,1522,2560,2562,-1,1522,2562,1520,-1,1520,2562,1518,-1,1518,2562,2551,-1,1518,2551,1516,-1,1516,2551,2553,-1,1516,2553,1514,-1,1932,1508,2555,-1,2555,1508,1510,-1,2555,1510,2553,-1,2553,1510,1512,-1,2553,1512,1514,-1,1500,1502,1931,-1,1931,1502,1504,-1,1931,1504,1932,-1,1932,1504,1506,-1,1932,1506,1508,-1,1500,1931,1490,-1,1490,1931,2548,-1,1490,2548,1489,-1,1489,2548,2535,-1,1489,2535,1487,-1,1487,2535,1474,-1,1474,2535,2537,-1,1474,2537,1475,-1,1475,2537,1477,-1,1477,2537,2539,-1,1477,2539,1479,-1,1479,2539,2541,-1,1479,2541,1481,-1,1462,1460,2518,-1,2518,1460,1459,-1,2518,1459,2516,-1,2516,1459,1471,-1,2516,1471,2543,-1,2543,1471,1484,-1,2543,1484,2541,-1,2541,1484,1483,-1,2541,1483,1481,-1,1462,2518,1464,-1,1464,2518,2520,-1,1464,2520,1466,-1,1466,2520,2522,-1,1466,2522,1468,-1,1468,2522,2524,-1,1468,2524,1469,-1,2530,1458,2528,-1,2528,1458,1453,-1,2528,1453,2526,-1,2526,1453,1451,-1,2526,1451,2524,-1,2524,1451,1449,-1,2524,1449,1469,-1,2532,1440,2530,-1,2530,1440,1457,-1,2530,1457,1458,-1,2513,1445,2511,-1,2511,1445,1443,-1,2511,1443,2532,-1,2532,1443,1441,-1,2532,1441,1440,-1,2506,1431,2513,-1,2513,1431,1432,-1,2513,1432,1445,-1,2501,1437,2508,-1,2508,1437,1427,-1,2508,1427,2506,-1,2506,1427,1429,-1,2506,1429,1431,-1,2503,1426,2501,-1,2501,1426,1435,-1,2501,1435,1437,-1,2498,1423,2503,-1,2503,1423,1424,-1,2503,1424,1426,-1,1414,1416,2485,-1,2485,1416,1418,-1,2485,1418,2498,-1,2498,1418,1421,-1,2498,1421,1423,-1,2489,1410,2487,-1,2487,1410,1412,-1,2487,1412,1414,-1,2493,1398,2491,-1,2491,1398,1407,-1,2491,1407,2489,-1,2489,1407,1409,-1,2489,1409,1410,-1,2495,1401,2493,-1,2493,1401,1399,-1,2493,1399,1398,-1,2481,1394,2483,-1,2483,1394,1396,-1,2483,1396,2484,-1,2484,1396,1404,-1,2484,1404,2495,-1,2495,1404,1403,-1,2495,1403,1401,-1,2476,1600,2478,-1,2478,1600,1598,-1,2478,1598,2481,-1,2481,1598,1596,-1,2481,1596,1394,-1,2474,1603,2476,-1,2476,1603,1602,-1,2476,1602,1600,-1,1613,1612,2470,-1,2470,1612,1610,-1,2470,1610,2472,-1,2472,1610,1608,-1,2472,1608,2474,-1,2474,1608,1605,-1,2474,1605,1603,-1,1613,2470,1615,-1,1615,2470,2463,-1,1615,2463,1618,-1,1618,2463,1619,-1,1619,2463,2466,-1,1619,2466,1621,-1,1621,2466,1623,-1,1623,2466,2461,-1,1623,2461,1631,-1,1631,2461,1632,-1,1632,2461,2459,-1,1632,2459,1634,-1,1634,2459,2457,-1,1634,2457,1636,-1,1641,1629,2452,-1,2452,1629,1627,-1,2452,1627,2455,-1,2455,1627,1639,-1,2455,1639,2457,-1,2457,1639,1638,-1,2457,1638,1636,-1,1641,2452,1643,-1,1643,2452,2450,-1,1643,2450,1645,-1,1645,2450,2448,-1,1645,2448,1653,-1,1653,2448,1654,-1,1654,2448,2446,-1,1654,2446,1656,-1,1656,2446,1658,-1,1658,2446,2444,-1,1658,2444,1659,-1,1659,2444,2442,-1,1659,2442,1648,-1,1648,2442,1650,-1,1650,2442,2425,-1,1650,2425,1660,-1,1660,2425,1661,-1,1661,2425,2428,-1,1661,2428,1663,-1,1663,2428,2430,-1,1663,2430,1665,-1,1665,2430,1667,-1,1667,2430,2432,-1,1667,2432,1669,-1,1669,2432,2434,-1,1669,2434,1670,-1,1670,2434,1672,-1,1672,2434,2436,-1,1672,2436,1674,-1,1674,2436,1676,-1,1676,2436,2438,-1,1676,2438,1679,-1,1679,2438,2422,-1,1679,2422,1680,-1,1680,2422,1682,-1,1682,2422,1936,-1,1682,1936,1685,-1,1685,1936,1935,-1,1685,1935,1686,-1,1686,1935,2416,-1,1686,2416,1688,-1,1688,2416,1691,-1,1691,2416,2419,-1,1691,2419,1692,-1,1692,2419,2411,-1,1692,2411,1694,-1,1705,2409,1707,-1,1707,2409,2407,-1,1705,1703,2409,-1,2409,1703,1701,-1,2409,1701,2413,-1,2413,1701,1699,-1,2413,1699,2411,-1,2411,1699,1696,-1,2411,1696,1694,-1,2403,1717,2405,-1,2405,1717,1716,-1,2405,1716,2407,-1,2407,1716,1709,-1,2407,1709,1707,-1,2394,1712,2396,-1,2396,1712,1724,-1,2396,1724,2398,-1,2398,1724,1723,-1,2398,1723,2400,-1,2400,1723,1721,-1,2400,1721,2403,-1,2403,1721,1719,-1,2403,1719,1717,-1,1714,2394,1726,-1,1726,2394,2392,-1,1726,2392,1728,-1,1728,2392,2390,-1,1728,2390,1729,-1,1729,2390,2388,-1,1729,2388,1731,-1,1731,2388,1733,-1,1733,2388,2386,-1,1733,2386,1735,-1,1735,2386,1737,-1,1737,2386,2384,-1,1737,2384,1739,-1,1739,2384,2382,-1,1739,2382,1741,-1,1741,2382,1742,-1,1742,2382,2380,-1,1742,2380,1744,-1,1744,2380,1746,-1,1746,2380,2377,-1,1746,2377,1748,-1,1748,2377,2375,-1,1748,2375,1750,-1,1779,1758,2370,-1,2370,1758,1756,-1,2370,1756,2372,-1,2372,1756,1754,-1,2372,1754,2375,-1,2375,1754,1752,-1,2375,1752,1750,-1,1771,1773,2364,-1,2364,1773,1775,-1,2364,1775,2367,-1,2367,1775,1777,-1,2367,1777,1779,-1,2359,1766,2362,-1,2362,1766,1769,-1,2362,1769,1771,-1,2354,1761,2356,-1,2356,1761,1763,-1,2356,1763,2359,-1,2359,1763,1765,-1,2359,1765,1766,-1,1785,1783,2354,-1,2354,1783,1782,-1,2354,1782,1761,-1,2354,2352,1785,-1,1785,2352,2350,-1,1785,2350,1787,-1,1787,2350,2348,-1,1787,2348,1789,-1,1808,1791,2342,-1,2342,1791,1793,-1,2342,1793,2344,-1,2344,1793,1795,-1,2344,1795,2346,-1,2346,1795,1797,-1,2346,1797,2348,-1,2348,1797,1798,-1,2348,1798,1789,-1,1808,2342,1806,-1,1806,2342,2334,-1,1806,2334,1804,-1,1804,2334,2332,-1,1804,2332,1802,-1,1802,2332,2340,-1,1802,2340,1810,-1,2329,1818,2337,-1,2337,1818,1816,-1,2337,1816,2339,-1,2339,1816,1814,-1,2339,1814,2340,-1,2340,1814,1811,-1,2340,1811,1810,-1,2327,1821,2329,-1,2329,1821,1819,-1,2329,1819,1818,-1,2322,1827,2324,-1,2324,1827,1825,-1,2324,1825,2327,-1,2327,1825,1824,-1,2327,1824,1821,-1,2319,1832,2322,-1,2322,1832,1829,-1,2322,1829,1827,-1,2317,1836,2319,-1,2319,1836,1834,-1,2319,1834,1832,-1,1846,1844,2312,-1,2312,1844,1842,-1,2312,1842,2314,-1,2314,1842,1840,-1,2314,1840,2317,-1,2317,1840,1838,-1,2317,1838,1836,-1,2307,1850,2309,-1,2309,1850,1848,-1,2309,1848,1846,-1,2303,1856,2305,-1,2305,1856,1854,-1,2305,1854,2307,-1,2307,1854,1852,-1,2307,1852,1850,-1,2301,1860,2303,-1,2303,1860,1858,-1,2303,1858,1856,-1,1869,1867,2297,-1,2297,1867,1866,-1,2297,1866,2299,-1,2299,1866,1864,-1,2299,1864,2301,-1,2301,1864,1862,-1,2301,1862,1860,-1,1869,2297,1871,-1,1871,2297,2295,-1,1871,2295,1873,-1,1873,2295,2281,-1,1873,2281,1875,-1,1875,2281,2279,-1,1875,2279,1902,-1,1902,2279,2277,-1,1902,2277,1903,-1,1895,1894,2287,-1,2287,1894,1908,-1,2287,1908,2285,-1,2285,1908,1907,-1,2285,1907,2276,-1,2276,1907,1906,-1,2276,1906,2277,-1,2277,1906,1905,-1,2277,1905,1903,-1,2271,1901,2291,-1,2291,1901,1900,-1,2291,1900,2289,-1,2289,1900,1899,-1,2289,1899,2287,-1,2287,1899,1897,-1,2287,1897,1895,-1,1885,1887,2268,-1,2268,1887,1893,-1,2268,1893,2266,-1,2266,1893,1892,-1,2266,1892,2273,-1,2273,1892,1891,-1,2273,1891,2271,-1,2271,1891,1890,-1,2271,1890,1901,-1,1885,2268,1884,-1,1884,2268,2253,-1,1884,2253,1882,-1,1882,2253,1877,-1,1877,2253,2255,-1,1877,2255,1878,-1,1878,2255,1880,-1,1880,2255,2257,-1,1880,2257,1881,-1,1881,2257,2259,-1,1881,2259,1799,-1,1799,2259,1800,-1,1800,2259,2261,-1,1800,2261,3935,-1,2232,3936,2263,-1,2263,3936,3937,-1,2263,3937,2261,-1,2261,3937,3938,-1,2261,3938,3935,-1,3939,3940,2238,-1,2238,3940,3941,-1,2238,3941,2236,-1,2236,3941,3942,-1,2236,3942,2234,-1,2234,3942,3943,-1,2234,3943,2232,-1,2232,3943,3944,-1,2232,3944,3936,-1,3939,2238,3945,-1,3945,2238,2240,-1,3945,2240,3946,-1,3946,2240,2242,-1,3946,2242,3947,-1,3947,2242,2244,-1,3947,2244,3948,-1,2250,3949,2248,-1,2248,3949,3950,-1,2248,3950,2246,-1,2246,3950,3951,-1,2246,3951,2244,-1,2244,3951,3952,-1,2244,3952,3948,-1,2227,3953,2250,-1,2250,3953,3954,-1,2250,3954,3949,-1,3955,3956,2222,-1,2222,3956,3957,-1,2222,3957,2229,-1,2229,3957,3958,-1,2229,3958,2227,-1,2227,3958,3959,-1,2227,3959,3953,-1,3955,2222,3960,-1,3960,2222,2224,-1,3960,2224,3961,-1,3961,2224,3962,-1,3962,2224,1938,-1,3962,1938,3963,-1,3963,1938,1937,-1,3963,1937,3964,-1,3965,3966,2215,-1,2215,3966,3967,-1,2215,3967,2217,-1,2217,3967,3968,-1,2217,3968,2219,-1,2219,3968,3969,-1,2219,3969,1937,-1,1937,3969,3970,-1,1937,3970,3964,-1,3965,2215,3971,-1,3971,2215,2213,-1,3971,2213,3972,-1,3972,2213,2212,-1,3972,2212,3973,-1,3973,2212,2209,-1,3973,2209,3974,-1,2206,3975,2209,-1,2209,3975,3976,-1,2209,3976,3974,-1,2203,3977,2201,-1,2201,3977,3978,-1,2201,3978,2199,-1,2199,3978,3979,-1,2199,3979,2197,-1,2197,3979,3980,-1,2197,3980,2195,-1,2195,3980,3981,-1,2195,3981,2206,-1,2206,3981,3982,-1,2206,3982,3975,-1,2186,3983,2203,-1,2203,3983,3984,-1,2203,3984,3977,-1,2190,3985,2188,-1,2188,3985,3986,-1,2188,3986,2186,-1,2186,3986,3987,-1,2186,3987,3983,-1,3934,3988,2192,-1,2192,3988,3989,-1,2192,3989,2190,-1,2190,3989,3990,-1,2190,3990,3985,-1,3991,3992,2173,-1,2173,3992,3993,-1,2173,3993,2174,-1,2174,3993,3994,-1,2174,3994,2183,-1,2183,3994,3995,-1,2183,3995,3934,-1,3991,2173,3996,-1,3996,2173,2177,-1,3996,2177,3997,-1,3997,2177,2180,-1,3997,2180,3998,-1,3999,4000,2169,-1,2169,4000,4001,-1,2169,4001,2167,-1,2167,4001,4002,-1,2167,4002,2180,-1,2180,4002,4003,-1,2180,4003,3998,-1,3999,2169,4004,-1,4004,2169,2148,-1,4004,2148,4005,-1,4005,2148,2150,-1,4005,2150,4006,-1,4006,2150,2152,-1,4006,2152,4007,-1,2158,4008,2156,-1,2156,4008,4009,-1,2156,4009,2154,-1,2154,4009,4010,-1,2154,4010,2152,-1,2152,4010,4011,-1,2152,4011,4007,-1,2160,4012,2158,-1,2158,4012,4013,-1,2158,4013,4008,-1,2164,4014,2162,-1,2162,4014,4015,-1,2162,4015,2160,-1,2160,4015,4016,-1,2160,4016,4012,-1,2141,4017,2164,-1,2164,4017,4018,-1,2164,4018,4014,-1,2145,4019,2143,-1,2143,4019,4020,-1,2143,4020,2141,-1,2141,4020,4021,-1,2141,4021,4017,-1,2138,4022,2145,-1,2145,4022,4023,-1,2145,4023,4019,-1,2133,4024,2138,-1,2138,4024,4025,-1,2138,4025,4022,-1,2135,4026,2133,-1,2133,4026,4027,-1,2133,4027,4024,-1,2126,4028,2135,-1,2135,4028,4029,-1,2135,4029,4026,-1,4030,4031,2130,-1,2130,4031,4032,-1,2130,4032,2128,-1,2128,4032,4033,-1,2128,4033,2126,-1,2126,4033,4034,-1,2126,4034,4028,-1,4030,2130,4035,-1,4035,2130,2123,-1,4035,2123,4036,-1,4036,2123,2114,-1,4036,2114,4037,-1,2120,3933,2118,-1,2118,3933,4038,-1,2118,4038,2116,-1,2116,4038,4039,-1,2116,4039,2114,-1,2114,4039,4040,-1,2114,4040,4037,-1,2110,4041,2111,-1,2111,4041,4042,-1,2111,4042,2113,-1,2113,4042,4043,-1,2113,4043,2120,-1,2120,4043,4044,-1,2120,4044,3932,-1,2095,4045,2110,-1,2110,4045,4046,-1,2110,4046,4041,-1,2103,4047,2101,-1,2101,4047,4048,-1,2101,4048,2099,-1,2099,4048,4049,-1,2099,4049,2097,-1,2097,4049,4050,-1,2097,4050,2095,-1,2095,4050,4051,-1,2095,4051,4045,-1,4052,4053,2088,-1,2088,4053,4054,-1,2088,4054,2107,-1,2107,4054,4055,-1,2107,4055,2105,-1,2105,4055,4056,-1,2105,4056,2103,-1,2103,4056,4057,-1,2103,4057,4047,-1,2061,4058,2090,-1,2090,4058,4059,-1,2090,4059,2088,-1,2088,4059,4060,-1,2088,4060,4052,-1,2067,4061,2065,-1,2065,4061,4062,-1,2065,4062,2063,-1,2063,4062,4063,-1,2063,4063,2061,-1,2061,4063,4064,-1,2061,4064,4058,-1,3955,3960,4065,-1,3975,3982,4066,-1,4066,3982,3981,-1,4066,3981,4067,-1,4067,3981,3980,-1,4067,3980,3979,-1,4068,3965,3971,-1,3971,3972,4068,-1,4068,3972,3973,-1,4068,3973,4069,-1,4069,3973,3974,-1,4069,3974,4066,-1,4066,3974,3976,-1,4066,3976,3975,-1,4070,4071,3969,-1,3969,3968,4070,-1,4070,3968,3967,-1,4070,3967,4068,-1,4068,3967,3966,-1,4068,3966,3965,-1,3960,3961,4065,-1,4065,3961,3962,-1,4065,3962,4072,-1,3962,3963,4072,-1,4072,3963,3964,-1,4072,3964,4071,-1,4071,3964,3970,-1,4071,3970,3969,-1,3955,4065,3956,-1,3956,4065,4073,-1,3956,4073,3957,-1,3957,4073,4074,-1,3957,4074,3958,-1,3951,3950,4075,-1,4075,3950,3949,-1,4075,3949,4076,-1,3949,3954,4076,-1,4076,3954,3953,-1,4076,3953,4074,-1,4074,3953,3959,-1,4074,3959,3958,-1,4077,3939,3945,-1,3945,3946,4077,-1,4077,3946,3947,-1,4077,3947,4078,-1,4078,3947,3948,-1,4078,3948,4075,-1,4075,3948,3952,-1,4075,3952,3951,-1,4079,3944,3943,-1,4079,3943,4080,-1,3943,3942,4080,-1,4080,3942,3941,-1,4080,3941,4077,-1,4077,3941,3940,-1,4077,3940,3939,-1,3935,4081,1800,-1,1800,4081,4082,-1,3935,3938,4081,-1,4081,3938,3937,-1,4081,3937,4079,-1,4079,3937,3936,-1,4079,3936,3944,-1,1874,1876,4083,-1,4083,1876,1904,-1,4083,1904,4084,-1,4084,1904,1896,-1,4084,1896,4085,-1,4085,1896,1898,-1,4085,1898,4086,-1,4086,1898,1889,-1,4086,1889,4087,-1,4087,1889,1888,-1,4087,1888,4088,-1,4088,1888,1886,-1,4088,1886,4089,-1,4089,1886,1883,-1,4089,1883,4090,-1,4090,1883,1879,-1,4090,1879,4082,-1,4082,1879,1801,-1,4082,1801,1800,-1,2060,1872,1874,-1,1874,4083,2060,-1,2060,4083,4091,-1,2060,4091,2058,-1,2058,4091,4092,-1,2058,4092,2041,-1,2041,4092,4093,-1,2041,4093,2042,-1,2042,4093,2055,-1,2055,4093,4094,-1,2055,4094,2053,-1,2053,4094,2051,-1,2051,4094,4095,-1,2051,4095,2049,-1,2049,4095,2047,-1,2047,4095,4096,-1,2047,4096,2045,-1,2045,4096,2039,-1,2039,4096,4097,-1,2039,4097,2036,-1,2036,4097,4098,-1,2036,4098,2033,-1,2033,4098,4099,-1,2033,4099,2032,-1,2032,4099,2030,-1,2030,4099,4100,-1,2030,4100,2027,-1,2027,4100,2026,-1,2026,4100,4101,-1,2026,4101,2024,-1,2024,4101,4102,-1,2024,4102,2021,-1,2021,4102,2019,-1,2019,4102,4103,-1,2019,4103,2017,-1,2017,4103,4104,-1,2017,4104,2016,-1,4105,2011,4104,-1,4104,2011,2009,-1,4104,2009,2016,-1,4106,4107,3934,-1,2013,2011,4105,-1,2013,4105,2085,-1,2085,4105,4108,-1,2085,4108,2083,-1,2083,4108,4109,-1,2083,4109,2081,-1,2081,4109,2079,-1,2079,4109,4110,-1,2079,4110,2077,-1,2077,4110,2075,-1,2075,4110,4111,-1,2075,4111,2073,-1,2073,4111,4112,-1,2073,4112,2071,-1,2071,4112,2069,-1,2069,4112,4113,-1,2069,4113,2067,-1,4114,4062,4113,-1,4113,4062,4061,-1,4113,4061,2067,-1,4115,4064,4114,-1,4114,4064,4063,-1,4114,4063,4062,-1,4116,4059,4115,-1,4115,4059,4058,-1,4115,4058,4064,-1,4054,4053,4117,-1,4117,4053,4052,-1,4117,4052,4116,-1,4116,4052,4060,-1,4116,4060,4059,-1,4118,4057,4056,-1,4118,4056,4117,-1,4117,4056,4055,-1,4117,4055,4054,-1,4045,4051,4119,-1,4119,4051,4050,-1,4119,4050,4120,-1,4050,4049,4120,-1,4120,4049,4048,-1,4120,4048,4118,-1,4118,4048,4047,-1,4118,4047,4057,-1,4045,4119,4046,-1,4046,4119,4121,-1,4046,4121,4041,-1,4041,4121,4042,-1,4042,4121,4122,-1,4042,4122,4043,-1,4039,4038,4123,-1,4123,4038,4124,-1,4038,3933,4124,-1,4124,3933,3932,-1,4124,3932,4122,-1,4122,3932,4044,-1,4122,4044,4043,-1,4035,4125,4030,-1,4030,4125,4126,-1,4030,4126,4031,-1,4035,4036,4125,-1,4125,4036,4037,-1,4125,4037,4123,-1,4123,4037,4040,-1,4123,4040,4039,-1,4031,4126,4032,-1,4032,4126,4127,-1,4032,4127,4033,-1,4033,4127,4034,-1,4034,4127,4128,-1,4034,4128,4028,-1,4028,4128,4029,-1,4029,4128,4129,-1,4029,4129,4026,-1,4026,4129,4027,-1,4027,4129,4130,-1,4027,4130,4024,-1,4019,4023,4131,-1,4131,4023,4022,-1,4131,4022,4130,-1,4130,4022,4025,-1,4130,4025,4024,-1,4019,4131,4020,-1,4020,4131,4132,-1,4020,4132,4021,-1,4021,4132,4017,-1,4017,4132,4133,-1,4017,4133,4018,-1,4012,4016,4134,-1,4134,4016,4015,-1,4134,4015,4133,-1,4133,4015,4014,-1,4133,4014,4018,-1,4135,4011,4010,-1,4135,4010,4136,-1,4010,4009,4136,-1,4136,4009,4008,-1,4136,4008,4134,-1,4134,4008,4013,-1,4134,4013,4012,-1,4004,4137,4138,-1,4004,4005,4137,-1,4137,4005,4006,-1,4137,4006,4135,-1,4135,4006,4007,-1,4135,4007,4011,-1,4002,4139,4140,-1,4002,4001,4139,-1,4139,4001,4000,-1,4139,4000,4138,-1,4138,4000,3999,-1,4138,3999,4004,-1,3997,3998,4140,-1,4140,3998,4003,-1,4140,4003,4002,-1,3997,4140,3996,-1,3996,4140,4141,-1,3996,4141,3991,-1,3991,4141,4142,-1,3991,4142,3992,-1,3934,3995,4106,-1,4106,3995,3994,-1,4106,3994,4142,-1,4142,3994,3993,-1,4142,3993,3992,-1,3990,4107,3985,-1,3985,4107,4143,-1,3990,3989,4107,-1,4107,3989,3988,-1,4107,3988,3934,-1,3984,4144,3977,-1,3977,4144,4067,-1,3977,4067,3978,-1,3978,4067,3979,-1,3984,3983,4144,-1,4144,3983,3987,-1,4144,3987,4143,-1,4143,3987,3986,-1,4143,3986,3985,-1,4105,4145,4108,-1,4108,4145,4146,-1,4108,4146,4109,-1,4109,4146,4110,-1,4110,4146,4147,-1,4110,4147,4111,-1,4111,4147,4112,-1,4112,4147,4148,-1,4112,4148,4113,-1,4113,4148,4114,-1,4114,4148,4149,-1,4114,4149,4115,-1,4115,4149,4116,-1,4116,4149,4150,-1,4116,4150,4117,-1,4117,4150,4118,-1,4118,4150,4151,-1,4118,4151,4120,-1,4120,4151,4119,-1,4119,4151,4152,-1,4119,4152,4121,-1,4121,4152,4122,-1,4122,4152,4153,-1,4122,4153,4124,-1,4124,4153,4123,-1,4123,4153,4154,-1,4123,4154,4125,-1,4125,4154,4126,-1,4126,4154,4155,-1,4126,4155,4127,-1,4127,4155,4128,-1,4128,4155,4156,-1,4128,4156,4129,-1,4129,4156,4130,-1,4130,4156,4157,-1,4130,4157,4131,-1,4131,4157,4132,-1,4132,4157,4158,-1,4132,4158,4133,-1,4133,4158,4134,-1,4134,4158,4159,-1,4134,4159,4136,-1,4136,4159,4135,-1,4135,4159,4160,-1,4135,4160,4137,-1,4137,4160,4138,-1,4138,4160,4161,-1,4138,4161,4139,-1,4139,4161,4140,-1,4140,4161,4162,-1,4140,4162,4141,-1,4141,4162,4142,-1,4142,4162,4163,-1,4142,4163,4106,-1,4106,4163,4107,-1,4107,4163,4164,-1,4107,4164,4143,-1,4143,4164,4144,-1,4144,4164,4165,-1,4144,4165,4067,-1,4067,4165,4066,-1,4066,4165,4166,-1,4066,4166,4069,-1,4069,4166,4068,-1,4068,4166,4167,-1,4068,4167,4070,-1,4070,4167,4071,-1,4071,4167,4168,-1,4071,4168,4072,-1,4072,4168,4065,-1,4065,4168,4169,-1,4065,4169,4073,-1,4073,4169,4074,-1,4074,4169,4170,-1,4074,4170,4076,-1,4076,4170,4075,-1,4075,4170,4171,-1,4075,4171,4078,-1,4078,4171,4077,-1,4077,4171,4172,-1,4077,4172,4080,-1,4080,4172,4079,-1,4079,4172,4173,-1,4079,4173,4081,-1,4081,4173,4082,-1,4082,4173,4174,-1,4082,4174,4090,-1,4090,4174,4089,-1,4089,4174,4175,-1,4089,4175,4088,-1,4088,4175,4087,-1,4087,4175,4176,-1,4087,4176,4086,-1,4086,4176,4085,-1,4085,4176,4177,-1,4085,4177,4084,-1,4084,4177,4083,-1,4083,4177,4178,-1,4083,4178,4091,-1,4091,4178,4092,-1,4092,4178,4179,-1,4092,4179,4093,-1,4093,4179,4094,-1,4094,4179,4180,-1,4094,4180,4095,-1,4095,4180,4096,-1,4096,4180,4181,-1,4096,4181,4097,-1,4097,4181,4098,-1,4098,4181,4182,-1,4098,4182,4099,-1,4099,4182,4100,-1,4100,4182,4183,-1,4100,4183,4101,-1,4101,4183,4102,-1,4102,4183,4184,-1,4102,4184,4103,-1,4103,4184,4104,-1,4104,4184,4145,-1,4104,4145,4105,-1,4185,4186,4187,-1,4187,4186,4188,-1,4189,4190,4191,-1,4191,4190,4192,-1,4193,4194,4195,-1,4195,4194,4196,-1,4197,4198,4199,-1,4199,4198,4200,-1,4201,4202,4198,-1,4198,4202,4203,-1,4198,4203,4200,-1,4204,4201,4197,-1,4197,4201,4198,-1,4205,4206,4207,-1,4207,4206,4208,-1,4209,4210,4211,-1,4211,4210,4212,-1,4213,4214,4209,-1,4209,4214,4210,-1,4214,4205,4210,-1,4210,4205,4207,-1,4210,4207,4212,-1,4212,4207,4211,-1,4211,4207,4208,-1,4211,4208,4204,-1,4204,4208,4215,-1,4204,4215,4201,-1,4201,4215,4202,-1,4202,4215,4203,-1,4203,4215,4216,-1,4200,4203,4199,-1,4199,4203,4216,-1,4199,4216,4193,-1,4193,4216,4190,-1,4193,4190,4194,-1,4194,4190,4189,-1,4194,4189,4196,-1,4196,4189,4191,-1,4196,4191,4217,-1,4195,4196,4218,-1,4218,4196,4217,-1,4219,4220,4221,-1,4221,4220,4222,-1,4223,4224,4219,-1,4225,4226,4209,-1,4209,4226,4227,-1,4209,4227,4213,-1,4213,4227,4228,-1,4229,4230,4204,-1,4204,4230,4231,-1,4204,4231,4211,-1,4232,4233,4218,-1,4218,4233,4234,-1,4218,4234,4195,-1,4195,4234,4235,-1,4195,4235,4193,-1,4193,4235,4236,-1,4193,4236,4237,-1,4228,4238,4213,-1,4213,4238,4239,-1,4213,4239,4240,-1,4240,4239,4241,-1,4240,4241,4242,-1,4242,4243,4240,-1,4240,4243,4244,-1,4240,4244,4221,-1,4221,4244,4245,-1,4221,4245,4219,-1,4219,4245,4246,-1,4219,4246,4223,-1,4231,4247,4211,-1,4211,4247,4248,-1,4211,4248,4209,-1,4209,4248,4249,-1,4209,4249,4225,-1,4224,4250,4219,-1,4219,4250,4251,-1,4219,4251,4218,-1,4218,4251,4252,-1,4218,4252,4232,-1,4237,4253,4193,-1,4193,4253,4254,-1,4193,4254,4199,-1,4199,4254,4255,-1,4199,4255,4256,-1,4256,4257,4199,-1,4199,4257,4258,-1,4199,4258,4197,-1,4197,4258,4259,-1,4197,4259,4204,-1,4204,4259,4260,-1,4204,4260,4229,-1,4261,4187,4240,-1,4240,4187,4188,-1,4240,4188,4213,-1,4213,4188,4206,-1,4213,4206,4214,-1,4214,4206,4205,-1,4176,4175,4208,-1,4153,4152,4186,-1,4148,4147,4188,-1,4173,4172,4215,-1,4208,4175,4215,-1,4215,4175,4174,-1,4215,4174,4173,-1,4158,4157,4192,-1,4152,4151,4186,-1,4186,4151,4150,-1,4186,4150,4188,-1,4188,4150,4149,-1,4188,4149,4148,-1,4168,4167,4216,-1,4147,4146,4188,-1,4188,4146,4145,-1,4188,4145,4206,-1,4206,4145,4184,-1,4206,4184,4183,-1,4157,4156,4192,-1,4192,4156,4155,-1,4192,4155,4186,-1,4186,4155,4154,-1,4186,4154,4153,-1,4172,4171,4215,-1,4215,4171,4170,-1,4215,4170,4216,-1,4216,4170,4169,-1,4216,4169,4168,-1,4190,4160,4192,-1,4192,4160,4159,-1,4192,4159,4158,-1,4183,4182,4206,-1,4206,4182,4181,-1,4206,4181,4208,-1,4208,4181,4180,-1,4208,4180,4179,-1,4167,4166,4216,-1,4216,4166,4165,-1,4216,4165,4190,-1,4190,4165,4164,-1,4190,4164,4163,-1,4179,4178,4208,-1,4208,4178,4177,-1,4208,4177,4176,-1,4163,4162,4190,-1,4190,4162,4161,-1,4190,4161,4160,-1,4217,4191,4218,-1,4218,4191,4192,-1,4218,4192,4219,-1,4219,4192,4186,-1,4219,4186,4220,-1,4220,4186,4185,-1,4220,4185,4222,-1,4222,4185,4187,-1,4222,4187,4261,-1,4221,4222,4240,-1,4240,4222,4261,-1,4252,4262,4263,-1,4252,4263,4232,-1,4263,4264,4232,-1,4232,4264,4265,-1,4232,4265,4233,-1,4265,4266,4233,-1,4233,4266,4267,-1,4233,4267,4234,-1,4234,4267,4268,-1,4268,4269,4234,-1,4234,4269,4270,-1,4234,4270,4235,-1,4270,4271,4235,-1,4235,4271,4272,-1,4235,4272,4236,-1,4272,4273,4236,-1,4236,4273,4274,-1,4236,4274,4237,-1,4237,4274,4275,-1,4275,4276,4237,-1,4237,4276,4277,-1,4237,4277,4253,-1,4277,4278,4253,-1,4253,4278,4279,-1,4253,4279,4254,-1,4279,4280,4254,-1,4254,4280,4281,-1,4254,4281,4255,-1,4255,4281,4282,-1,4282,4283,4255,-1,4255,4283,4284,-1,4255,4284,4256,-1,4284,4285,4256,-1,4256,4285,4286,-1,4256,4286,4257,-1,4286,4287,4257,-1,4257,4287,4288,-1,4257,4288,4258,-1,4258,4288,4289,-1,4289,4290,4258,-1,4258,4290,4291,-1,4258,4291,4259,-1,4291,4292,4259,-1,4259,4292,4293,-1,4259,4293,4260,-1,4293,4294,4260,-1,4260,4294,4295,-1,4260,4295,4229,-1,4229,4295,4296,-1,4296,4297,4229,-1,4229,4297,4298,-1,4229,4298,4230,-1,4298,4299,4230,-1,4230,4299,4300,-1,4230,4300,4231,-1,4231,4300,4301,-1,4301,4302,4231,-1,4231,4302,4303,-1,4231,4303,4247,-1,4303,4304,4247,-1,4247,4304,4305,-1,4247,4305,4248,-1,4305,4306,4248,-1,4248,4306,4307,-1,4248,4307,4249,-1,4249,4307,4308,-1,4308,4309,4249,-1,4249,4309,4310,-1,4249,4310,4225,-1,4310,4311,4225,-1,4225,4311,4312,-1,4225,4312,4226,-1,4312,4313,4226,-1,4226,4313,4314,-1,4226,4314,4227,-1,4227,4314,4315,-1,4315,4316,4227,-1,4227,4316,4317,-1,4227,4317,4228,-1,4317,4318,4228,-1,4228,4318,4319,-1,4228,4319,4238,-1,4319,4320,4238,-1,4238,4320,4321,-1,4238,4321,4239,-1,4239,4321,4322,-1,4322,4323,4239,-1,4239,4323,4324,-1,4239,4324,4241,-1,4324,4325,4241,-1,4241,4325,4326,-1,4241,4326,4242,-1,4326,4327,4242,-1,4242,4327,4328,-1,4242,4328,4243,-1,4243,4328,4329,-1,4329,4330,4243,-1,4243,4330,4331,-1,4243,4331,4244,-1,4331,4332,4244,-1,4244,4332,4333,-1,4244,4333,4245,-1,4333,4334,4245,-1,4245,4334,4335,-1,4245,4335,4246,-1,4246,4335,4336,-1,4336,4337,4246,-1,4246,4337,4338,-1,4246,4338,4223,-1,4338,4339,4223,-1,4223,4339,4340,-1,4223,4340,4224,-1,4340,4341,4224,-1,4224,4341,4342,-1,4224,4342,4250,-1,4250,4342,4343,-1,4343,4344,4250,-1,4250,4344,4345,-1,4250,4345,4251,-1,4251,4345,4346,-1,4251,4346,4252,-1,4252,4346,4347,-1,4252,4347,4262,-1,
        ]
    }
}
Shape{
    appearance Appearance {
        material  Material 	{
            diffuseColor 1.0 1.0 1.0
            specularColor 0.5019607843137255 0.5019607843137255 0.5019607843137255
            ambientIntensity 1.0
            transparency 0.0
            shininess 0.5
        }
    }
    geometry IndexedFaceSet {
        ccw TRUE
        solid FALSE
        coord DEF co Coordinate {
            point [
                -0.7817 -0.2007 0.3937, -0.8007 -0.1012 0.3937, -0.2415 -0.0647 0.3937, -0.25 0.0 0.3937, -0.7504 -0.2971 0.3937, -0.2165 -0.125 0.3937, -0.7073 -0.3888 0.3937, -0.6529 -0.4744 0.3937, -0.1768 -0.1768 0.3937, -0.5883 -0.5525 0.3937, -0.5145 -0.6219 0.3937, -0.125 -0.2165 0.3937, -0.4325 -0.6814 0.3937, -0.3436 -0.7303 0.3937, -0.0647 -0.2415 0.3937, -0.2494 -0.7676 0.3937, 0.0 -0.25 0.3937, -0.0507 -0.8055 0.3937, -0.1512 -0.7928 0.3937, 0.0647 -0.2415 0.3937, 0.1512 -0.7928 0.3937, 0.0507 -0.8055 0.3937, 0.125 -0.2165 0.3937, 0.3436 -0.7303 0.3937, 0.2494 -0.7676 0.3937, 0.1768 -0.1768 0.3937, 0.5145 -0.6219 0.3937, 0.4325 -0.6814 0.3937, 0.2165 -0.125 0.3937, 0.6529 -0.4744 0.3937, 0.5883 -0.5525 0.3937, 0.4325 0.6814 0.3937, 0.5145 0.6219 0.3937, 0.125 0.2165 0.3937, 0.1768 0.1768 0.3937, -0.2165 0.125 0.3937, -0.2415 0.0647 0.3937, -0.7504 0.2971 0.3937, -0.8071 0.0 0.3937, -0.8007 0.1012 0.3937, -0.7817 0.2007 0.3937, 0.2415 -0.0647 0.3937, 0.7504 -0.2971 0.3937, 0.7073 -0.3888 0.3937, 0.25 -0.0 0.3937, 0.8007 -0.1012 0.3937, 0.7817 -0.2007 0.3937, 0.2415 0.0647 0.3937, 0.8007 0.1012 0.3937, 0.8071 -0.0 0.3937, 0.3436 0.7303 0.3937, 0.0647 0.2415 0.3937, 0.2494 0.7676 0.3937, 0.1512 0.7928 0.3937, 0.0 0.25 0.3937, 0.0507 0.8055 0.3937, 0.2165 0.125 0.3937, 0.7504 0.2971 0.3937, 0.7817 0.2007 0.3937, 0.5883 0.5525 0.3937, 0.6529 0.4744 0.3937, 0.7073 0.3888 0.3937, -0.0507 0.8055 0.3937, -0.0647 0.2415 0.3937, -0.1512 0.7928 0.3937, -0.125 0.2165 0.3937, -0.3436 0.7303 0.3937, -0.2494 0.7676 0.3937, -0.1768 0.1768 0.3937, -0.5145 0.6219 0.3937, -0.4325 0.6814 0.3937, -0.7073 0.3888 0.3937, -0.6529 0.4744 0.3937, -0.5883 0.5525 0.3937
            ]
        }
        coordIndex [
            0,1,2,-1,2,1,3,-1,0,2,4,-1,4,2,5,-1,4,5,6,-1,6,5,7,-1,7,5,8,-1,7,8,9,-1,9,8,10,-1,10,8,11,-1,10,11,12,-1,12,11,13,-1,13,11,14,-1,13,14,15,-1,16,17,14,-1,14,17,18,-1,14,18,15,-1,19,20,16,-1,16,20,21,-1,16,21,17,-1,22,23,19,-1,19,23,24,-1,19,24,20,-1,25,26,22,-1,22,26,27,-1,22,27,23,-1,28,29,25,-1,25,29,30,-1,25,30,26,-1,31,32,33,-1,33,32,34,-1,35,36,37,-1,1,38,3,-1,3,38,39,-1,3,39,36,-1,36,39,40,-1,36,40,37,-1,41,42,28,-1,28,42,43,-1,28,43,29,-1,44,45,41,-1,41,45,46,-1,41,46,42,-1,47,48,44,-1,44,48,49,-1,44,49,45,-1,31,33,50,-1,50,33,51,-1,50,51,52,-1,52,51,53,-1,53,51,54,-1,53,54,55,-1,56,57,47,-1,47,57,58,-1,47,58,48,-1,32,59,34,-1,34,59,60,-1,34,60,56,-1,56,60,61,-1,56,61,57,-1,55,54,62,-1,62,54,63,-1,62,63,64,-1,65,66,63,-1,63,66,67,-1,63,67,64,-1,68,69,65,-1,65,69,70,-1,65,70,66,-1,37,71,35,-1,35,71,72,-1,35,72,68,-1,68,72,73,-1,68,73,69,-1,
        ]
    }
}
Shape{
    appearance Appearance {
        material  Material 	{
            diffuseColor 0.9686274509803922 0.8784313725490196 0.6
            specularColor 0.6784313725490196 0.615686274509804 0.4196078431372549
            ambientIntensity 0.8737
            transparency 0.0
            shininess 0.5
        }
    }
    geometry IndexedFaceSet {
        ccw TRUE
        solid FALSE
        coord DEF co Coordinate {
            point [
                0.0647 -0.2415 0.0197, -0.0647 0.2415 0.0197, 0.125 -0.2165 0.0197, 0.1768 -0.1768 0.0197, 0.0 -0.25 0.0197, -0.0647 -0.2415 0.0197, -0.125 -0.2165 0.0197, -0.1768 -0.1768 0.0197, -0.2165 -0.125 0.0197, -0.2415 -0.0647 0.0197, 0.0 0.25 0.0197, 0.0647 0.2415 0.0197, 0.125 0.2165 0.0197, 0.1768 0.1768 0.0197, 0.2165 0.125 0.0197, 0.2415 0.0647 0.0197, -0.2415 0.0647 0.0197, -0.2165 0.125 0.0197, -0.1768 0.1768 0.0197, 0.25 -0.0 0.0197, 0.2415 -0.0647 0.0197, 0.2165 -0.125 0.0197, -0.25 0.0 0.0197, -0.125 0.2165 0.0197, 0.0 -0.25 0.3937, -0.0647 -0.2415 0.3937, -0.125 -0.2165 0.3937, -0.1768 -0.1768 0.3937, -0.2165 -0.125 0.3937, -0.2415 -0.0647 0.3937, -0.25 0.0 0.3937, -0.2415 0.0647 0.3937, -0.2165 0.125 0.3937, -0.1768 0.1768 0.3937, -0.125 0.2165 0.3937, -0.0647 0.2415 0.3937, 0.0 0.25 0.3937, 0.0647 0.2415 0.3937, 0.125 0.2165 0.3937, 0.1768 0.1768 0.3937, 0.2165 0.125 0.3937, 0.2415 0.0647 0.3937, 0.25 -0.0 0.3937, 0.2415 -0.0647 0.3937, 0.2165 -0.125 0.3937, 0.1768 -0.1768 0.3937, 0.125 -0.2165 0.3937, 0.0647 -0.2415 0.3937
            ]
        }
        coordIndex [
            0,1,2,-1,2,1,3,-1,0,4,1,-1,1,4,5,-1,1,5,6,-1,6,7,1,-1,1,7,8,-1,1,8,9,-1,1,10,3,-1,3,10,11,-1,3,11,12,-1,12,13,3,-1,3,13,14,-1,3,14,15,-1,16,17,18,-1,15,19,3,-1,3,19,20,-1,3,20,21,-1,9,22,1,-1,1,22,16,-1,1,16,23,-1,23,16,18,-1,4,24,25,-1,4,25,5,-1,5,25,26,-1,5,26,6,-1,6,26,27,-1,6,27,7,-1,7,27,28,-1,7,28,8,-1,8,28,29,-1,8,29,9,-1,9,29,30,-1,9,30,22,-1,22,30,31,-1,22,31,16,-1,16,31,32,-1,16,32,17,-1,17,32,33,-1,17,33,18,-1,18,33,34,-1,18,34,23,-1,23,34,35,-1,23,35,1,-1,1,35,36,-1,1,36,10,-1,10,36,37,-1,10,37,11,-1,11,37,38,-1,11,38,12,-1,12,38,39,-1,12,39,13,-1,13,39,40,-1,13,40,14,-1,14,40,41,-1,14,41,15,-1,15,41,42,-1,15,42,19,-1,19,42,43,-1,19,43,20,-1,20,43,44,-1,20,44,21,-1,21,44,45,-1,21,45,3,-1,3,45,46,-1,3,46,2,-1,2,46,47,-1,2,47,0,-1,0,47,24,-1,0,24,4,-1,
        ]
    }
}
Shape{
    appearance Appearance {
        material  Material 	{
            diffuseColor 1.0 1.0 1.0
            specularColor 0.5019607843137255 0.5019607843137255 0.5019607843137255
            ambientIntensity 1.0
            transparency 0.0
            shininess 0.5
        }
    }
    geometry IndexedFaceSet {
        ccw TRUE
        solid FALSE
        coord DEF co Coordinate {
            point [
                -0.8715 0.1494 0.4724, -0.858 0.2203 0.4724, -0.8554 0.2196 0.4521, -0.773 0.4318 0.4724, -0.7166 0.5207 0.4724, -0.7145 0.5191 0.4521, -0.6879 0.5554 0.4724, -0.6457 0.6064 0.4724, -0.6438 0.6046 0.4521, -0.4641 0.7537 0.4724, -0.3772 0.8015 0.4724, -0.376 0.7991 0.4521, -0.3296 0.8203 0.4724, -0.2737 0.8425 0.4724, -0.2729 0.8399 0.4521, 0.3982 0.7899 0.4724, 0.4746 0.7479 0.4724, 0.4732 0.7457 0.4521, 0.6392 0.6126 0.4724, 0.6457 0.6064 0.4724, 0.6438 0.6046 0.4521, 0.7328 0.4953 0.4724, 0.7763 0.4268 0.4724, 0.7739 0.4255 0.4521, 0.8571 0.2232 0.4724, 0.858 0.2203 0.4724, 0.8554 0.2196 0.4521, 0.8811 0.075 0.4724, 0.8858 -0.0 0.4724, 0.8831 -0.0 0.4521, 0.8571 -0.2232 0.4724, 0.8236 -0.3261 0.4724, 0.8211 -0.3251 0.4521, 0.8057 -0.3642 0.4724, 0.7763 -0.4268 0.4724, 0.7739 -0.4255 0.4521, 0.6392 -0.6126 0.4724, 0.5646 -0.6825 0.4724, 0.5629 -0.6805 0.4521, 0.5257 -0.7108 0.4724, 0.4746 -0.7479 0.4724, 0.4732 -0.7457 0.4521, 0.2592 -0.8462 0.4724, 0.166 -0.8701 0.4724, 0.1655 -0.8675 0.4521, 0.1123 -0.8769 0.4724, 0.0556 -0.8841 0.4724, 0.0555 -0.8814 0.4521, -0.1864 -0.8649 0.4724, -0.2737 -0.8425 0.4724, -0.2729 -0.8399 0.4521, -0.4641 -0.7537 0.4724, -0.4746 -0.7479 0.4724, -0.4732 -0.7457 0.4521, -0.5844 -0.664 0.4724, -0.6457 -0.6064 0.4724, -0.6438 -0.6046 0.4521, -0.773 -0.4318 0.4724, -0.7763 -0.4268 0.4724, -0.7739 -0.4255 0.4521, -0.8338 -0.2947 0.4724, -0.858 -0.2203 0.4724, -0.8554 -0.2196 0.4521, -0.8007 -0.1012 0.3937, -0.7817 -0.2007 0.3937, -0.8209 -0.1037 0.3964, -0.8015 -0.2058 0.3964, -0.8398 -0.1061 0.4042, -0.8199 -0.2105 0.4042, -0.856 -0.1081 0.4168, -0.8357 -0.2146 0.4168, -0.8684 -0.1097 0.4331, -0.8478 -0.2177 0.4331, -0.8762 -0.1107 0.4521, -0.6529 -0.4744 0.3937, -0.5883 -0.5525 0.3937, -0.6694 -0.4864 0.3964, -0.6032 -0.5664 0.3964, -0.6848 -0.4975 0.4042, -0.617 -0.5794 0.4042, -0.698 -0.5071 0.4168, -0.6289 -0.5906 0.4168, -0.7081 -0.5145 0.4331, -0.6381 -0.5992 0.4331, -0.7145 -0.5191 0.4521, -0.3436 -0.7303 0.3937, -0.2494 -0.7676 0.3937, -0.3523 -0.7487 0.3964, -0.2557 -0.787 0.3964, -0.3604 -0.7659 0.4042, -0.2616 -0.805 0.4042, -0.3673 -0.7807 0.4168, -0.2666 -0.8205 0.4168, -0.3727 -0.792 0.4331, -0.2705 -0.8324 0.4331, -0.376 -0.7991 0.4521, -0.0507 -0.8055 0.3937, 0.0507 -0.8055 0.3937, -0.052 -0.8258 0.3964, 0.052 -0.8258 0.3964, -0.0531 -0.8448 0.4042, 0.0531 -0.8448 0.4042, -0.0542 -0.8611 0.4168, 0.0542 -0.8611 0.4168, -0.055 -0.8736 0.4331, 0.055 -0.8736 0.4331, -0.0555 -0.8814 0.4521, 0.3436 -0.7303 0.3937, 0.4325 -0.6814 0.3937, 0.3523 -0.7487 0.3964, 0.4434 -0.6987 0.3964, 0.3604 -0.7659 0.4042, 0.4536 -0.7147 0.4042, 0.3673 -0.7807 0.4168, 0.4623 -0.7285 0.4168, 0.3727 -0.792 0.4331, 0.469 -0.739 0.4331, 0.376 -0.7991 0.4521, 0.6529 -0.4744 0.3937, 0.7073 -0.3888 0.3937, 0.6694 -0.4864 0.3964, 0.7251 -0.3986 0.3964, 0.6848 -0.4975 0.4042, 0.7418 -0.4078 0.4042, 0.698 -0.5071 0.4168, 0.756 -0.4156 0.4168, 0.7081 -0.5145 0.4331, 0.767 -0.4217 0.4331, 0.7145 -0.5191 0.4521, 0.8007 -0.1012 0.3937, 0.8071 -0.0 0.3937, 0.8209 -0.1037 0.3964, 0.8275 -0.0 0.3964, 0.8398 -0.1061 0.4042, 0.8465 -0.0 0.4042, 0.856 -0.1081 0.4168, 0.8628 -0.0 0.4168, 0.8684 -0.1097 0.4331, 0.8753 -0.0 0.4331, 0.8762 -0.1107 0.4521, 0.7504 0.2971 0.3937, 0.7073 0.3888 0.3937, 0.7694 0.3046 0.3964, 0.7251 0.3986 0.3964, 0.787 0.3116 0.4042, 0.7418 0.4078 0.4042, 0.8022 0.3176 0.4168, 0.756 0.4156 0.4168, 0.8138 0.3222 0.4331, 0.767 0.4217 0.4331, 0.8211 0.3251 0.4521, 0.5145 0.6219 0.3937, 0.4325 0.6814 0.3937, 0.5274 0.6376 0.3964, 0.4434 0.6987 0.3964, 0.5396 0.6522 0.4042, 0.4536 0.7147 0.4042, 0.5499 0.6648 0.4168, 0.4623 0.7285 0.4168, 0.5579 0.6744 0.4331, 0.469 0.739 0.4331, 0.5629 0.6805 0.4521, 0.2494 0.7676 0.3937, 0.1512 0.7928 0.3937, 0.2557 0.787 0.3964, 0.1551 0.8128 0.3964, 0.2616 0.805 0.4042, 0.1586 0.8315 0.4042, 0.2666 0.8205 0.4168, 0.1617 0.8475 0.4168, 0.2705 0.8324 0.4331, 0.164 0.8598 0.4331, 0.2729 0.8399 0.4521, 0.1655 0.8675 0.4521, -0.1512 0.7928 0.3937, -0.2494 0.7676 0.3937, -0.1551 0.8128 0.3964, -0.2557 0.787 0.3964, -0.1586 0.8315 0.4042, -0.2616 0.805 0.4042, -0.1617 0.8475 0.4168, -0.2666 0.8205 0.4168, -0.164 0.8598 0.4331, -0.2705 0.8324 0.4331, -0.1655 0.8675 0.4521, -0.5145 0.6219 0.3937, -0.5883 0.5525 0.3937, -0.5274 0.6376 0.3964, -0.6032 0.5664 0.3964, -0.5396 0.6522 0.4042, -0.617 0.5794 0.4042, -0.5499 0.6648 0.4168, -0.6289 0.5906 0.4168, -0.5579 0.6744 0.4331, -0.6381 0.5992 0.4331, -0.5629 0.6805 0.4521, -0.7504 0.2971 0.3937, -0.7817 0.2007 0.3937, -0.7694 0.3046 0.3964, -0.8015 0.2058 0.3964, -0.787 0.3116 0.4042, -0.8199 0.2105 0.4042, -0.8022 0.3176 0.4168, -0.8357 0.2146 0.4168, -0.8138 0.3222 0.4331, -0.8478 0.2177 0.4331, -0.8211 0.3251 0.4521, -0.8071 0.0 0.3937, -0.8275 0.0 0.3964, -0.8465 0.0 0.4042, -0.8628 0.0 0.4168, -0.8753 0.0 0.4331, -0.8831 0.0 0.4521, -0.8858 -0.0 0.4724, -0.8788 -0.111 0.4724, -0.8715 -0.1494 0.4724, -0.8236 -0.3261 0.4724, -0.8211 -0.3251 0.4521, -0.8138 -0.3222 0.4331, -0.8022 -0.3176 0.4168, -0.787 -0.3116 0.4042, -0.7694 -0.3046 0.3964, -0.7504 -0.2971 0.3937, -0.7073 -0.3888 0.3937, -0.7251 -0.3986 0.3964, -0.7418 -0.4078 0.4042, -0.756 -0.4156 0.4168, -0.767 -0.4217 0.4331, -0.7166 -0.5207 0.4724, -0.6879 -0.5554 0.4724, -0.5646 -0.6825 0.4724, -0.5629 -0.6805 0.4521, -0.5579 -0.6744 0.4331, -0.5499 -0.6648 0.4168, -0.5396 -0.6522 0.4042, -0.5274 -0.6376 0.3964, -0.5145 -0.6219 0.3937, -0.4325 -0.6814 0.3937, -0.4434 -0.6987 0.3964, -0.4536 -0.7147 0.4042, -0.4623 -0.7285 0.4168, -0.469 -0.739 0.4331, -0.3772 -0.8015 0.4724, -0.3296 -0.8203 0.4724, -0.166 -0.8701 0.4724, -0.1655 -0.8675 0.4521, -0.164 -0.8598 0.4331, -0.1617 -0.8475 0.4168, -0.1586 -0.8315 0.4042, -0.1551 -0.8128 0.3964, -0.1512 -0.7928 0.3937, -0.0556 -0.8841 0.4724, -0.0376 -0.8841 0.4724, 0.164 -0.8598 0.4331, 0.1617 -0.8475 0.4168, 0.1586 -0.8315 0.4042, 0.1551 -0.8128 0.3964, 0.1512 -0.7928 0.3937, 0.2737 -0.8425 0.4724, 0.2729 -0.8399 0.4521, 0.2705 -0.8324 0.4331, 0.2666 -0.8205 0.4168, 0.2616 -0.805 0.4042, 0.2557 -0.787 0.3964, 0.2494 -0.7676 0.3937, 0.3772 -0.8015 0.4724, 0.3982 -0.7899 0.4724, 0.5579 -0.6744 0.4331, 0.5499 -0.6648 0.4168, 0.5396 -0.6522 0.4042, 0.5274 -0.6376 0.3964, 0.5145 -0.6219 0.3937, 0.6457 -0.6064 0.4724, 0.6438 -0.6046 0.4521, 0.6381 -0.5992 0.4331, 0.6289 -0.5906 0.4168, 0.617 -0.5794 0.4042, 0.6032 -0.5664 0.3964, 0.5883 -0.5525 0.3937, 0.7166 -0.5207 0.4724, 0.7328 -0.4953 0.4724, 0.8138 -0.3222 0.4331, 0.8022 -0.3176 0.4168, 0.787 -0.3116 0.4042, 0.7694 -0.3046 0.3964, 0.7504 -0.2971 0.3937, 0.858 -0.2203 0.4724, 0.8554 -0.2196 0.4521, 0.8478 -0.2177 0.4331, 0.8357 -0.2146 0.4168, 0.8199 -0.2105 0.4042, 0.8015 -0.2058 0.3964, 0.7817 -0.2007 0.3937, 0.8788 -0.111 0.4724, 0.8811 -0.075 0.4724, 0.8788 0.111 0.4724, 0.8762 0.1107 0.4521, 0.8684 0.1097 0.4331, 0.856 0.1081 0.4168, 0.8398 0.1061 0.4042, 0.8209 0.1037 0.3964, 0.8007 0.1012 0.3937, 0.7817 0.2007 0.3937, 0.8015 0.2058 0.3964, 0.8199 0.2105 0.4042, 0.8357 0.2146 0.4168, 0.8478 0.2177 0.4331, 0.8236 0.3261 0.4724, 0.8057 0.3642 0.4724, 0.7166 0.5207 0.4724, 0.7145 0.5191 0.4521, 0.7081 0.5145 0.4331, 0.698 0.5071 0.4168, 0.6848 0.4975 0.4042, 0.6694 0.4864 0.3964, 0.6529 0.4744 0.3937, 0.5883 0.5525 0.3937, 0.6032 0.5664 0.3964, 0.617 0.5794 0.4042, 0.6289 0.5906 0.4168, 0.6381 0.5992 0.4331, 0.5646 0.6825 0.4724, 0.5257 0.7108 0.4724, 0.3772 0.8015 0.4724, 0.376 0.7991 0.4521, 0.3727 0.792 0.4331, 0.3673 0.7807 0.4168, 0.3604 0.7659 0.4042, 0.3523 0.7487 0.3964, 0.3436 0.7303 0.3937, 0.2737 0.8425 0.4724, -0.0376 0.8841 0.4724, 0.0556 0.8841 0.4724, 0.0555 0.8814 0.4521, 0.055 0.8736 0.4331, 0.0542 0.8611 0.4168, 0.0531 0.8448 0.4042, 0.052 0.8258 0.3964, 0.0507 0.8055 0.3937, 0.1123 0.8769 0.4724, 0.166 0.8701 0.4724, 0.2592 0.8462 0.4724, -0.0556 0.8841 0.4724, -0.0555 0.8814 0.4521, -0.055 0.8736 0.4331, -0.0542 0.8611 0.4168, -0.0531 0.8448 0.4042, -0.052 0.8258 0.3964, -0.0507 0.8055 0.3937, -0.166 0.8701 0.4724, -0.1864 0.8649 0.4724, -0.3727 0.792 0.4331, -0.3673 0.7807 0.4168, -0.3604 0.7659 0.4042, -0.3523 0.7487 0.3964, -0.3436 0.7303 0.3937, -0.4746 0.7479 0.4724, -0.4732 0.7457 0.4521, -0.469 0.739 0.4331, -0.4623 0.7285 0.4168, -0.4536 0.7147 0.4042, -0.4434 0.6987 0.3964, -0.4325 0.6814 0.3937, -0.5646 0.6825 0.4724, -0.5844 0.664 0.4724, -0.7081 0.5145 0.4331, -0.698 0.5071 0.4168, -0.6848 0.4975 0.4042, -0.6694 0.4864 0.3964, -0.6529 0.4744 0.3937, -0.7763 0.4268 0.4724, -0.7739 0.4255 0.4521, -0.767 0.4217 0.4331, -0.756 0.4156 0.4168, -0.7418 0.4078 0.4042, -0.7251 0.3986 0.3964, -0.7073 0.3888 0.3937, -0.8236 0.3261 0.4724, -0.8338 0.2947 0.4724, -0.8788 0.111 0.4724, -0.8762 0.1107 0.4521, -0.8684 0.1097 0.4331, -0.856 0.1081 0.4168, -0.8398 0.1061 0.4042, -0.8209 0.1037 0.3964, -0.8007 0.1012 0.3937
            ]
        }
        coordIndex [
            0,1,2,-1,3,4,5,-1,6,7,8,-1,9,10,11,-1,12,13,14,-1,15,16,17,-1,18,19,20,-1,21,22,23,-1,24,25,26,-1,27,28,29,-1,30,31,32,-1,33,34,35,-1,36,37,38,-1,39,40,41,-1,42,43,44,-1,45,46,47,-1,48,49,50,-1,51,52,53,-1,54,55,56,-1,57,58,59,-1,60,61,62,-1,63,64,65,-1,65,64,66,-1,65,66,67,-1,67,66,68,-1,67,68,69,-1,69,68,70,-1,69,70,71,-1,71,70,72,-1,71,72,73,-1,73,72,62,-1,74,75,76,-1,76,75,77,-1,76,77,78,-1,78,77,79,-1,78,79,80,-1,80,79,81,-1,80,81,82,-1,82,81,83,-1,82,83,84,-1,84,83,56,-1,85,86,87,-1,87,86,88,-1,87,88,89,-1,89,88,90,-1,89,90,91,-1,91,90,92,-1,91,92,93,-1,93,92,94,-1,93,94,95,-1,95,94,50,-1,96,97,98,-1,98,97,99,-1,98,99,100,-1,100,99,101,-1,100,101,102,-1,102,101,103,-1,102,103,104,-1,104,103,105,-1,104,105,106,-1,106,105,47,-1,107,108,109,-1,109,108,110,-1,109,110,111,-1,111,110,112,-1,111,112,113,-1,113,112,114,-1,113,114,115,-1,115,114,116,-1,115,116,117,-1,117,116,41,-1,118,119,120,-1,120,119,121,-1,120,121,122,-1,122,121,123,-1,122,123,124,-1,124,123,125,-1,124,125,126,-1,126,125,127,-1,126,127,128,-1,128,127,35,-1,129,130,131,-1,131,130,132,-1,131,132,133,-1,133,132,134,-1,133,134,135,-1,135,134,136,-1,135,136,137,-1,137,136,138,-1,137,138,139,-1,139,138,29,-1,140,141,142,-1,142,141,143,-1,142,143,144,-1,144,143,145,-1,144,145,146,-1,146,145,147,-1,146,147,148,-1,148,147,149,-1,148,149,150,-1,150,149,23,-1,151,152,153,-1,153,152,154,-1,153,154,155,-1,155,154,156,-1,155,156,157,-1,157,156,158,-1,157,158,159,-1,159,158,160,-1,159,160,161,-1,161,160,17,-1,162,163,164,-1,164,163,165,-1,164,165,166,-1,166,165,167,-1,166,167,168,-1,168,167,169,-1,168,169,170,-1,170,169,171,-1,170,171,172,-1,172,171,173,-1,174,175,176,-1,176,175,177,-1,176,177,178,-1,178,177,179,-1,178,179,180,-1,180,179,181,-1,180,181,182,-1,182,181,183,-1,182,183,184,-1,184,183,14,-1,185,186,187,-1,187,186,188,-1,187,188,189,-1,189,188,190,-1,189,190,191,-1,191,190,192,-1,191,192,193,-1,193,192,194,-1,193,194,195,-1,195,194,8,-1,196,197,198,-1,198,197,199,-1,198,199,200,-1,200,199,201,-1,200,201,202,-1,202,201,203,-1,202,203,204,-1,204,203,205,-1,204,205,206,-1,206,205,2,-1,207,63,208,-1,208,63,65,-1,208,65,209,-1,209,65,67,-1,209,67,210,-1,210,67,69,-1,210,69,211,-1,211,69,71,-1,211,71,212,-1,212,71,73,-1,212,73,213,-1,213,73,214,-1,62,61,73,-1,73,61,215,-1,73,215,214,-1,216,60,217,-1,217,60,62,-1,217,62,218,-1,218,62,72,-1,218,72,219,-1,219,72,70,-1,219,70,220,-1,220,70,68,-1,220,68,221,-1,221,68,66,-1,221,66,222,-1,222,66,64,-1,222,223,221,-1,221,223,224,-1,221,224,220,-1,220,224,225,-1,220,225,219,-1,219,225,226,-1,219,226,218,-1,218,226,227,-1,218,227,217,-1,217,227,59,-1,217,59,216,-1,216,59,58,-1,228,57,84,-1,84,57,59,-1,84,59,82,-1,82,59,227,-1,82,227,80,-1,80,227,226,-1,80,226,78,-1,78,226,225,-1,78,225,76,-1,76,225,224,-1,76,224,74,-1,74,224,223,-1,56,55,84,-1,84,55,229,-1,84,229,228,-1,230,54,231,-1,231,54,56,-1,231,56,232,-1,232,56,83,-1,232,83,233,-1,233,83,81,-1,233,81,234,-1,234,81,79,-1,234,79,235,-1,235,79,77,-1,235,77,236,-1,236,77,75,-1,236,237,235,-1,235,237,238,-1,235,238,234,-1,234,238,239,-1,234,239,233,-1,233,239,240,-1,233,240,232,-1,232,240,241,-1,232,241,231,-1,231,241,53,-1,231,53,230,-1,230,53,52,-1,242,51,95,-1,95,51,53,-1,95,53,93,-1,93,53,241,-1,93,241,91,-1,91,241,240,-1,91,240,89,-1,89,240,239,-1,89,239,87,-1,87,239,238,-1,87,238,85,-1,85,238,237,-1,50,49,95,-1,95,49,243,-1,95,243,242,-1,244,48,245,-1,245,48,50,-1,245,50,246,-1,246,50,94,-1,246,94,247,-1,247,94,92,-1,247,92,248,-1,248,92,90,-1,248,90,249,-1,249,90,88,-1,249,88,250,-1,250,88,86,-1,250,96,249,-1,249,96,98,-1,249,98,248,-1,248,98,100,-1,248,100,247,-1,247,100,102,-1,247,102,246,-1,246,102,104,-1,246,104,245,-1,245,104,106,-1,245,106,244,-1,244,106,251,-1,47,46,106,-1,106,46,252,-1,106,252,251,-1,43,45,44,-1,44,45,47,-1,44,47,253,-1,253,47,105,-1,253,105,254,-1,254,105,103,-1,254,103,255,-1,255,103,101,-1,255,101,256,-1,256,101,99,-1,256,99,257,-1,257,99,97,-1,258,42,259,-1,259,42,44,-1,259,44,260,-1,260,44,253,-1,260,253,261,-1,261,253,254,-1,261,254,262,-1,262,254,255,-1,262,255,263,-1,263,255,256,-1,263,256,264,-1,264,256,257,-1,264,107,263,-1,263,107,109,-1,263,109,262,-1,262,109,111,-1,262,111,261,-1,261,111,113,-1,261,113,260,-1,260,113,115,-1,260,115,259,-1,259,115,117,-1,259,117,258,-1,258,117,265,-1,41,40,117,-1,117,40,266,-1,117,266,265,-1,37,39,38,-1,38,39,41,-1,38,41,267,-1,267,41,116,-1,267,116,268,-1,268,116,114,-1,268,114,269,-1,269,114,112,-1,269,112,270,-1,270,112,110,-1,270,110,271,-1,271,110,108,-1,272,36,273,-1,273,36,38,-1,273,38,274,-1,274,38,267,-1,274,267,275,-1,275,267,268,-1,275,268,276,-1,276,268,269,-1,276,269,277,-1,277,269,270,-1,277,270,278,-1,278,270,271,-1,278,118,277,-1,277,118,120,-1,277,120,276,-1,276,120,122,-1,276,122,275,-1,275,122,124,-1,275,124,274,-1,274,124,126,-1,274,126,273,-1,273,126,128,-1,273,128,272,-1,272,128,279,-1,35,34,128,-1,128,34,280,-1,128,280,279,-1,31,33,32,-1,32,33,35,-1,32,35,281,-1,281,35,127,-1,281,127,282,-1,282,127,125,-1,282,125,283,-1,283,125,123,-1,283,123,284,-1,284,123,121,-1,284,121,285,-1,285,121,119,-1,286,30,287,-1,287,30,32,-1,287,32,288,-1,288,32,281,-1,288,281,289,-1,289,281,282,-1,289,282,290,-1,290,282,283,-1,290,283,291,-1,291,283,284,-1,291,284,292,-1,292,284,285,-1,292,129,291,-1,291,129,131,-1,291,131,290,-1,290,131,133,-1,290,133,289,-1,289,133,135,-1,289,135,288,-1,288,135,137,-1,288,137,287,-1,287,137,139,-1,287,139,286,-1,286,139,293,-1,29,28,139,-1,139,28,294,-1,139,294,293,-1,295,27,296,-1,296,27,29,-1,296,29,297,-1,297,29,138,-1,297,138,298,-1,298,138,136,-1,298,136,299,-1,299,136,134,-1,299,134,300,-1,300,134,132,-1,300,132,301,-1,301,132,130,-1,301,302,300,-1,300,302,303,-1,300,303,299,-1,299,303,304,-1,299,304,298,-1,298,304,305,-1,298,305,297,-1,297,305,306,-1,297,306,296,-1,296,306,26,-1,296,26,295,-1,295,26,25,-1,307,24,150,-1,150,24,26,-1,150,26,148,-1,148,26,306,-1,148,306,146,-1,146,306,305,-1,146,305,144,-1,144,305,304,-1,144,304,142,-1,142,304,303,-1,142,303,140,-1,140,303,302,-1,23,22,150,-1,150,22,308,-1,150,308,307,-1,309,21,310,-1,310,21,23,-1,310,23,311,-1,311,23,149,-1,311,149,312,-1,312,149,147,-1,312,147,313,-1,313,147,145,-1,313,145,314,-1,314,145,143,-1,314,143,315,-1,315,143,141,-1,315,316,314,-1,314,316,317,-1,314,317,313,-1,313,317,318,-1,313,318,312,-1,312,318,319,-1,312,319,311,-1,311,319,320,-1,311,320,310,-1,310,320,20,-1,310,20,309,-1,309,20,19,-1,321,18,161,-1,161,18,20,-1,161,20,159,-1,159,20,320,-1,159,320,157,-1,157,320,319,-1,157,319,155,-1,155,319,318,-1,155,318,153,-1,153,318,317,-1,153,317,151,-1,151,317,316,-1,17,16,161,-1,161,16,322,-1,161,322,321,-1,323,15,324,-1,324,15,17,-1,324,17,325,-1,325,17,160,-1,325,160,326,-1,326,160,158,-1,326,158,327,-1,327,158,156,-1,327,156,328,-1,328,156,154,-1,328,154,329,-1,329,154,152,-1,329,162,328,-1,328,162,164,-1,328,164,327,-1,327,164,166,-1,327,166,326,-1,326,166,168,-1,326,168,325,-1,325,168,170,-1,325,170,324,-1,324,170,172,-1,324,172,323,-1,323,172,330,-1,331,332,333,-1,333,332,173,-1,333,173,334,-1,334,173,171,-1,334,171,335,-1,335,171,169,-1,335,169,336,-1,336,169,167,-1,336,167,337,-1,337,167,165,-1,337,165,338,-1,338,165,163,-1,332,339,173,-1,173,339,340,-1,173,340,172,-1,172,340,341,-1,172,341,330,-1,342,331,343,-1,343,331,333,-1,343,333,344,-1,344,333,334,-1,344,334,345,-1,345,334,335,-1,345,335,346,-1,346,335,336,-1,346,336,347,-1,347,336,337,-1,347,337,348,-1,348,337,338,-1,348,174,347,-1,347,174,176,-1,347,176,346,-1,346,176,178,-1,346,178,345,-1,345,178,180,-1,345,180,344,-1,344,180,182,-1,344,182,343,-1,343,182,184,-1,343,184,342,-1,342,184,349,-1,14,13,184,-1,184,13,350,-1,184,350,349,-1,10,12,11,-1,11,12,14,-1,11,14,351,-1,351,14,183,-1,351,183,352,-1,352,183,181,-1,352,181,353,-1,353,181,179,-1,353,179,354,-1,354,179,177,-1,354,177,355,-1,355,177,175,-1,356,9,357,-1,357,9,11,-1,357,11,358,-1,358,11,351,-1,358,351,359,-1,359,351,352,-1,359,352,360,-1,360,352,353,-1,360,353,361,-1,361,353,354,-1,361,354,362,-1,362,354,355,-1,362,185,361,-1,361,185,187,-1,361,187,360,-1,360,187,189,-1,360,189,359,-1,359,189,191,-1,359,191,358,-1,358,191,193,-1,358,193,357,-1,357,193,195,-1,357,195,356,-1,356,195,363,-1,8,7,195,-1,195,7,364,-1,195,364,363,-1,4,6,5,-1,5,6,8,-1,5,8,365,-1,365,8,194,-1,365,194,366,-1,366,194,192,-1,366,192,367,-1,367,192,190,-1,367,190,368,-1,368,190,188,-1,368,188,369,-1,369,188,186,-1,370,3,371,-1,371,3,5,-1,371,5,372,-1,372,5,365,-1,372,365,373,-1,373,365,366,-1,373,366,374,-1,374,366,367,-1,374,367,375,-1,375,367,368,-1,375,368,376,-1,376,368,369,-1,376,196,375,-1,375,196,198,-1,375,198,374,-1,374,198,200,-1,374,200,373,-1,373,200,202,-1,373,202,372,-1,372,202,204,-1,372,204,371,-1,371,204,206,-1,371,206,370,-1,370,206,377,-1,2,1,206,-1,206,1,378,-1,206,378,377,-1,379,0,380,-1,380,0,2,-1,380,2,381,-1,381,2,205,-1,381,205,382,-1,382,205,203,-1,382,203,383,-1,383,203,201,-1,383,201,384,-1,384,201,199,-1,384,199,385,-1,385,199,197,-1,385,207,384,-1,384,207,208,-1,384,208,383,-1,383,208,209,-1,383,209,382,-1,382,209,210,-1,382,210,381,-1,381,210,211,-1,381,211,380,-1,380,211,212,-1,380,212,379,-1,379,212,213,-1,
        ]
    }
}
Shape{
    appearance Appearance {
        material  Material 	{
            diffuseColor 0.9686274509803922 0.8784313725490196 0.6
            specularColor 0.6784313725490196 0.615686274509804 0.4196078431372549
            ambientIntensity 0.8737
            transparency 0.0
            shininess 0.5
        }
    }
    geometry IndexedFaceSet {
        ccw TRUE
        solid FALSE
        coord DEF co Coordinate {
            point [
                0.0 1.0206 4.0945, 0.0 1.06 4.0551, -0.1658 1.0469 4.0551, -0.1597 1.0081 4.0945, -0.3276 1.0081 4.0551, -0.3154 0.9707 4.0945, -0.4812 0.9445 4.0551, -0.4634 0.9094 4.0945, -0.6231 0.8576 4.0551, -0.5999 0.8257 4.0945, -0.7495 0.7495 4.0551, -0.7217 0.7217 4.0945, -0.8576 0.6231 4.0551, -0.8257 0.5999 4.0945, -0.9445 0.4812 4.0551, -0.9094 0.4634 4.0945, -1.0081 0.3276 4.0551, -0.9707 0.3154 4.0945, -1.0469 0.1658 4.0551, -1.0081 0.1597 4.0945, -1.06 -0.0 4.0551, -1.0206 -0.0 4.0945, -1.0469 -0.1658 4.0551, -1.0081 -0.1597 4.0945, -1.0081 -0.3276 4.0551, -0.9707 -0.3154 4.0945, -0.9445 -0.4812 4.0551, -0.9094 -0.4634 4.0945, -0.8576 -0.6231 4.0551, -0.8257 -0.5999 4.0945, -0.7495 -0.7495 4.0551, -0.7217 -0.7217 4.0945, -0.6231 -0.8576 4.0551, -0.5999 -0.8257 4.0945, -0.4812 -0.9445 4.0551, -0.4634 -0.9094 4.0945, -0.3276 -1.0081 4.0551, -0.3154 -0.9707 4.0945, -0.1658 -1.0469 4.0551, -0.1597 -1.0081 4.0945, 0.0 -1.06 4.0551, 0.0 -1.0206 4.0945, 0.1658 -1.0469 4.0551, 0.1597 -1.0081 4.0945, 0.3276 -1.0081 4.0551, 0.3154 -0.9707 4.0945, 0.4812 -0.9445 4.0551, 0.4634 -0.9094 4.0945, 0.6231 -0.8576 4.0551, 0.5999 -0.8257 4.0945, 0.7495 -0.7495 4.0551, 0.7217 -0.7217 4.0945, 0.8576 -0.6231 4.0551, 0.8257 -0.5999 4.0945, 0.9445 -0.4812 4.0551, 0.9094 -0.4634 4.0945, 1.0081 -0.3276 4.0551, 0.9707 -0.3154 4.0945, 1.0469 -0.1658 4.0551, 1.0081 -0.1597 4.0945, 1.06 0.0 4.0551, 1.0206 0.0 4.0945, 1.0469 0.1658 4.0551, 1.0081 0.1597 4.0945, 1.0081 0.3276 4.0551, 0.9707 0.3154 4.0945, 0.9445 0.4812 4.0551, 0.9094 0.4634 4.0945, 0.8576 0.6231 4.0551, 0.8257 0.5999 4.0945, 0.7495 0.7495 4.0551, 0.7217 0.7217 4.0945, 0.6231 0.8576 4.0551, 0.5999 0.8257 4.0945, 0.4812 0.9445 4.0551, 0.4634 0.9094 4.0945, 0.3276 1.0081 4.0551, 0.3154 0.9707 4.0945, 0.1658 1.0469 4.0551, 0.1597 1.0081 4.0945, -0.1546 -0.9266 4.0945, 0.0 -0.9394 4.0945, 0.0 -0.9 4.0551, -0.1481 -0.8877 4.0551, -0.1561 -0.8857 4.0551, -0.305 -0.8885 4.0945, -0.2922 -0.8512 4.0551, -0.3073 -0.8446 4.0551, -0.4471 -0.8262 4.0945, -0.4284 -0.7915 4.0551, -0.4491 -0.778 4.0551, -0.577 -0.7413 4.0945, -0.5528 -0.7102 4.0551, -0.5771 -0.6879 4.0551, -0.6911 -0.6362 4.0945, -0.6622 -0.6096 4.0551, -0.6875 -0.577 4.0551, -0.7864 -0.5138 4.0945, -0.7535 -0.4923 4.0551, -0.777 -0.4487 4.0551, -0.8602 -0.3773 4.0945, -0.8242 -0.3615 4.0551, -0.843 -0.3069 4.0551, -0.9106 -0.2306 4.0945, -0.8725 -0.2209 4.0551, -0.8833 -0.1558 4.0551, -0.9362 -0.0776 4.0945, -0.8969 -0.0743 4.0551, -0.8969 -0.0 4.0551, -0.9362 0.0776 4.0945, -0.8969 0.0743 4.0551, -0.9106 0.2306 4.0945, -0.8833 0.1558 4.0551, -0.8725 0.2209 4.0551, -0.8602 0.3773 4.0945, -0.843 0.3069 4.0551, -0.8242 0.3615 4.0551, -0.7864 0.5138 4.0945, -0.777 0.4487 4.0551, -0.7535 0.4923 4.0551, -0.6911 0.6362 4.0945, -0.6875 0.577 4.0551, -0.6622 0.6096 4.0551, -0.577 0.7413 4.0945, -0.5771 0.6879 4.0551, -0.5528 0.7102 4.0551, -0.4491 0.778 4.0551, -0.4471 0.8262 4.0945, -0.4284 0.7915 4.0551, -0.3073 0.8446 4.0551, -0.305 0.8885 4.0945, 0.0 0.9 4.0551, 0.0 0.9394 4.0945, -0.1481 0.8877 4.0551, -0.1546 0.9266 4.0945, -0.1561 0.8857 4.0551, -0.2922 0.8512 4.0551, 0.1546 0.9266 4.0945, 0.1481 0.8877 4.0551, 0.1561 0.8857 4.0551, 0.305 0.8885 4.0945, 0.2922 0.8512 4.0551, 0.3073 0.8446 4.0551, 0.4471 0.8262 4.0945, 0.4284 0.7915 4.0551, 0.4491 0.778 4.0551, 0.577 0.7413 4.0945, 0.5528 0.7102 4.0551, 0.5771 0.6879 4.0551, 0.6911 0.6362 4.0945, 0.6622 0.6096 4.0551, 0.6875 0.577 4.0551, 0.7864 0.5138 4.0945, 0.7535 0.4923 4.0551, 0.777 0.4487 4.0551, 0.8602 0.3773 4.0945, 0.8242 0.3615 4.0551, 0.843 0.3069 4.0551, 0.9106 0.2306 4.0945, 0.8725 0.2209 4.0551, 0.8833 0.1558 4.0551, 0.9362 0.0776 4.0945, 0.8969 0.0743 4.0551, 0.8969 0.0 4.0551, 0.9362 -0.0776 4.0945, 0.8969 -0.0743 4.0551, 0.9106 -0.2306 4.0945, 0.8833 -0.1558 4.0551, 0.8725 -0.2209 4.0551, 0.8602 -0.3773 4.0945, 0.843 -0.3069 4.0551, 0.8242 -0.3615 4.0551, 0.7864 -0.5138 4.0945, 0.777 -0.4487 4.0551, 0.7535 -0.4923 4.0551, 0.6911 -0.6362 4.0945, 0.6875 -0.577 4.0551, 0.6622 -0.6096 4.0551, 0.577 -0.7413 4.0945, 0.5771 -0.6879 4.0551, 0.5528 -0.7102 4.0551, 0.4491 -0.778 4.0551, 0.4471 -0.8262 4.0945, 0.4284 -0.7915 4.0551, 0.3073 -0.8446 4.0551, 0.305 -0.8885 4.0945, 0.1481 -0.8877 4.0551, 0.1546 -0.9266 4.0945, 0.1561 -0.8857 4.0551, 0.2922 -0.8512 4.0551, 0.8127 -0.1519 3.0945, 0.7724 -0.1444 3.0551, 0.7594 -0.208 3.0551, 0.7709 -0.2987 3.0945, 0.733 -0.284 3.0551, 0.7249 -0.3074 3.0551, 0.7029 -0.4352 3.0945, 0.6775 -0.4013 3.0551, 0.6687 -0.414 3.0551, 0.611 -0.557 3.0945, 0.618 -0.488 3.0551, 0.5806 -0.5293 3.0551, 0.5474 -0.566 3.0551, 0.4982 -0.6598 3.0945, 0.4742 -0.6279 3.0551, 0.4671 -0.6339 3.0551, 0.3685 -0.7401 3.0945, 0.3784 -0.6905 3.0551, 0.3504 -0.7035 3.0551, 0.2263 -0.7952 3.0945, 0.283 -0.7348 3.0551, 0.215 -0.7559 3.0551, 0.1825 -0.766 3.0551, 0.0763 -0.8232 3.0945, 0.0788 -0.7834 3.0551, 0.0726 -0.7837 3.0551, -0.0763 -0.8232 3.0945, -0.0263 -0.787 3.0551, -0.0725 -0.7823 3.0551, -0.131 -0.7764 3.0551, -0.2263 -0.7952 3.0945, -0.2152 -0.7563 3.0551, -0.2333 -0.752 3.0551, -0.3685 -0.7401 3.0945, -0.3314 -0.7142 3.0551, -0.3504 -0.7038 3.0551, -0.4982 -0.6598 3.0945, -0.4237 -0.6637 3.0551, -0.4735 -0.627 3.0551, -0.5084 -0.6013 3.0551, -0.611 -0.557 3.0945, -0.5818 -0.5303 3.0551, -0.584 -0.5282 3.0551, -0.7029 -0.4352 3.0945, -0.6492 -0.4456 3.0551, -0.6681 -0.4137 3.0551, -0.7028 -0.3551 3.0551, -0.7709 -0.2987 3.0945, -0.733 -0.2839 3.0551, -0.7438 -0.2583 3.0551, -0.8127 -0.1519 3.0945, -0.7716 -0.1568 3.0551, -0.7733 -0.1446 3.0551, -0.8268 0.0 3.0945, -0.7856 -0.0526 3.0551, -0.7856 -0.0 3.0551, -0.7856 0.0526 3.0551, -0.8127 0.1519 3.0945, -0.7733 0.1446 3.0551, -0.7716 0.1568 3.0551, -0.7709 0.2987 3.0945, -0.7438 0.2583 3.0551, -0.733 0.2839 3.0551, -0.7029 0.4352 3.0945, -0.7028 0.3551 3.0551, -0.6681 0.4137 3.0551, -0.6492 0.4456 3.0551, -0.611 0.557 3.0945, -0.584 0.5282 3.0551, -0.5818 0.5303 3.0551, -0.4982 0.6598 3.0945, -0.5084 0.6013 3.0551, -0.4735 0.627 3.0551, -0.4237 0.6637 3.0551, -0.3685 0.7401 3.0945, -0.3504 0.7038 3.0551, -0.3314 0.7142 3.0551, -0.2263 0.7952 3.0945, -0.2333 0.752 3.0551, -0.2152 0.7563 3.0551, -0.0763 0.8232 3.0945, -0.131 0.7764 3.0551, -0.0725 0.7823 3.0551, -0.0263 0.787 3.0551, 0.0763 0.8232 3.0945, 0.0726 0.7837 3.0551, 0.0788 0.7834 3.0551, 0.2263 0.7952 3.0945, 0.1825 0.766 3.0551, 0.215 0.7559 3.0551, 0.283 0.7348 3.0551, 0.3685 0.7401 3.0945, 0.3504 0.7035 3.0551, 0.3784 0.6905 3.0551, 0.4982 0.6598 3.0945, 0.4671 0.6339 3.0551, 0.4742 0.6279 3.0551, 0.611 0.557 3.0945, 0.5474 0.566 3.0551, 0.5806 0.5293 3.0551, 0.618 0.488 3.0551, 0.7029 0.4352 3.0945, 0.6687 0.414 3.0551, 0.6775 0.4013 3.0551, 0.7709 0.2987 3.0945, 0.7249 0.3074 3.0551, 0.733 0.284 3.0551, 0.8127 0.1519 3.0945, 0.7594 0.208 3.0551, 0.7724 0.1444 3.0551, 0.7804 0.105 3.0551, 0.8268 -0.0 3.0945, 0.7874 -0.0 3.0551, 0.7804 -0.105 3.0551
            ]
        }
        coordIndex [
            0,1,2,-1,0,2,3,-1,3,2,4,-1,3,4,5,-1,5,4,6,-1,5,6,7,-1,7,6,8,-1,7,8,9,-1,9,8,10,-1,9,10,11,-1,11,10,12,-1,11,12,13,-1,13,12,14,-1,13,14,15,-1,15,14,16,-1,15,16,17,-1,17,16,18,-1,17,18,19,-1,19,18,20,-1,19,20,21,-1,21,20,22,-1,21,22,23,-1,23,22,24,-1,23,24,25,-1,25,24,26,-1,25,26,27,-1,27,26,28,-1,27,28,29,-1,29,28,30,-1,29,30,31,-1,31,30,32,-1,31,32,33,-1,33,32,34,-1,33,34,35,-1,35,34,36,-1,35,36,37,-1,37,36,38,-1,37,38,39,-1,39,38,40,-1,39,40,41,-1,41,40,42,-1,41,42,43,-1,43,42,44,-1,43,44,45,-1,45,44,46,-1,45,46,47,-1,47,46,48,-1,47,48,49,-1,49,48,50,-1,49,50,51,-1,51,50,52,-1,51,52,53,-1,53,52,54,-1,53,54,55,-1,55,54,56,-1,55,56,57,-1,57,56,58,-1,57,58,59,-1,59,58,60,-1,59,60,61,-1,61,60,62,-1,61,62,63,-1,63,62,64,-1,63,64,65,-1,65,64,66,-1,65,66,67,-1,67,66,68,-1,67,68,69,-1,69,68,70,-1,69,70,71,-1,71,70,72,-1,71,72,73,-1,73,72,74,-1,73,74,75,-1,75,74,76,-1,75,76,77,-1,77,76,78,-1,77,78,79,-1,79,78,1,-1,79,1,0,-1,80,81,82,-1,82,83,80,-1,80,83,84,-1,80,84,85,-1,84,86,85,-1,85,86,87,-1,85,87,88,-1,87,89,88,-1,88,89,90,-1,88,90,91,-1,90,92,91,-1,91,92,93,-1,91,93,94,-1,93,95,94,-1,94,95,96,-1,94,96,97,-1,96,98,97,-1,97,98,99,-1,97,99,100,-1,99,101,100,-1,100,101,102,-1,100,102,103,-1,102,104,103,-1,103,104,105,-1,103,105,106,-1,105,107,106,-1,106,107,108,-1,106,108,109,-1,109,108,110,-1,109,110,111,-1,110,112,111,-1,111,112,113,-1,111,113,114,-1,113,115,114,-1,114,115,116,-1,114,116,117,-1,116,118,117,-1,117,118,119,-1,117,119,120,-1,119,121,120,-1,120,121,122,-1,120,122,123,-1,123,122,124,-1,124,125,123,-1,123,125,126,-1,123,126,127,-1,126,128,127,-1,127,128,129,-1,127,129,130,-1,131,132,133,-1,133,132,134,-1,133,134,135,-1,135,134,130,-1,135,130,136,-1,136,130,129,-1,137,132,131,-1,131,138,137,-1,137,138,139,-1,137,139,140,-1,139,141,140,-1,140,141,142,-1,140,142,143,-1,142,144,143,-1,143,144,145,-1,143,145,146,-1,145,147,146,-1,146,147,148,-1,146,148,149,-1,148,150,149,-1,149,150,151,-1,149,151,152,-1,151,153,152,-1,152,153,154,-1,152,154,155,-1,154,156,155,-1,155,156,157,-1,155,157,158,-1,157,159,158,-1,158,159,160,-1,158,160,161,-1,160,162,161,-1,161,162,163,-1,161,163,164,-1,164,163,165,-1,164,165,166,-1,165,167,166,-1,166,167,168,-1,166,168,169,-1,168,170,169,-1,169,170,171,-1,169,171,172,-1,171,173,172,-1,172,173,174,-1,172,174,175,-1,174,176,175,-1,175,176,177,-1,175,177,178,-1,178,177,179,-1,179,180,178,-1,178,180,181,-1,178,181,182,-1,181,183,182,-1,182,183,184,-1,182,184,185,-1,82,81,186,-1,186,81,187,-1,186,187,188,-1,188,187,185,-1,188,185,189,-1,189,185,184,-1,190,191,192,-1,190,192,193,-1,192,194,193,-1,193,194,195,-1,193,195,196,-1,195,197,196,-1,196,197,198,-1,196,198,199,-1,199,198,200,-1,200,201,199,-1,199,201,202,-1,199,202,203,-1,202,204,203,-1,203,204,205,-1,203,205,206,-1,205,207,206,-1,206,207,208,-1,206,208,209,-1,209,208,210,-1,210,211,209,-1,209,211,212,-1,209,212,213,-1,212,214,213,-1,213,214,215,-1,213,215,216,-1,216,215,217,-1,217,218,216,-1,216,218,219,-1,216,219,220,-1,219,221,220,-1,220,221,222,-1,220,222,223,-1,222,224,223,-1,223,224,225,-1,223,225,226,-1,226,225,227,-1,227,228,226,-1,226,228,229,-1,226,229,230,-1,229,231,230,-1,230,231,232,-1,230,232,233,-1,233,232,234,-1,234,235,233,-1,233,235,236,-1,233,236,237,-1,236,238,237,-1,237,238,239,-1,237,239,240,-1,239,241,240,-1,240,241,242,-1,240,242,243,-1,243,242,244,-1,244,245,243,-1,243,245,246,-1,243,246,247,-1,246,248,247,-1,247,248,249,-1,247,249,250,-1,249,251,250,-1,250,251,252,-1,250,252,253,-1,253,252,254,-1,254,255,253,-1,253,255,256,-1,253,256,257,-1,256,258,257,-1,257,258,259,-1,257,259,260,-1,260,259,261,-1,261,262,260,-1,260,262,263,-1,260,263,264,-1,263,265,264,-1,264,265,266,-1,264,266,267,-1,266,268,267,-1,267,268,269,-1,267,269,270,-1,270,269,271,-1,271,272,270,-1,270,272,273,-1,270,273,274,-1,273,275,274,-1,274,275,276,-1,274,276,277,-1,277,276,278,-1,278,279,277,-1,277,279,280,-1,277,280,281,-1,280,282,281,-1,281,282,283,-1,281,283,284,-1,283,285,284,-1,284,285,286,-1,284,286,287,-1,287,286,288,-1,288,289,287,-1,287,289,290,-1,287,290,291,-1,290,292,291,-1,291,292,293,-1,291,293,294,-1,293,295,294,-1,294,295,296,-1,294,296,297,-1,297,296,298,-1,298,299,297,-1,297,299,300,-1,297,300,301,-1,301,300,302,-1,301,302,190,-1,190,302,303,-1,190,303,191,-1,
        ]
    }
}
Shape{
    appearance Appearance {
        material  Material 	{
            diffuseColor 1.0 1.0 1.0
            specularColor 0.5019607843137255 0.5019607843137255 0.5019607843137255
            ambientIntensity 1.0
            transparency 0.0
            shininess 0.5
        }
    }
    geometry IndexedFaceSet {
        ccw TRUE
        solid FALSE
        coord DEF co Coordinate {
            point [
                0.1969 -0.0 3.0945, 0.1901 -0.0509 3.0945, 0.7414 -0.0997 3.0945, 0.1705 -0.0984 3.0945, 0.6887 -0.292 3.0945, 0.7215 -0.1976 3.0945, 0.1392 -0.1392 3.0945, 0.5871 -0.4636 3.0945, 0.6436 -0.3812 3.0945, 0.0984 -0.1705 3.0945, 0.4437 -0.6022 3.0945, 0.52 -0.5377 3.0945, 0.0509 -0.1901 3.0945, 0.2688 -0.698 3.0945, 0.3595 -0.656 3.0945, 0.748 0.0 3.0945, 0.7414 0.0997 3.0945, 0.1901 0.0509 3.0945, 0.0 -0.1969 3.0945, 0.0749 -0.7443 3.0945, 0.1734 -0.7277 3.0945, -0.0509 -0.1901 3.0945, -0.1244 -0.7376 3.0945, -0.025 -0.7476 3.0945, -0.4829 0.5712 3.0945, -0.1392 0.1392 3.0945, -0.0984 0.1705 3.0945, -0.0509 0.1901 3.0945, -0.3149 0.6785 3.0945, -0.4025 0.6305 3.0945, 0.2688 0.698 3.0945, 0.0509 0.1901 3.0945, 0.0984 0.1705 3.0945, 0.1392 0.1392 3.0945, 0.4437 0.6022 3.0945, 0.3595 0.656 3.0945, 0.0 0.1969 3.0945, -0.1244 0.7376 3.0945, -0.2216 0.7144 3.0945, 0.1734 0.7277 3.0945, 0.0749 0.7443 3.0945, -0.025 0.7476 3.0945, 0.1705 0.0984 3.0945, 0.5871 0.4636 3.0945, 0.52 0.5377 3.0945, 0.7215 0.1976 3.0945, 0.6887 0.292 3.0945, 0.6436 0.3812 3.0945, -0.0984 -0.1705 3.0945, -0.3149 -0.6785 3.0945, -0.2216 -0.7144 3.0945, -0.1705 0.0984 3.0945, -0.7066 0.2454 3.0945, -0.1901 0.0509 3.0945, -0.733 0.149 3.0945, -0.1969 0.0 3.0945, -0.5548 0.5018 3.0945, -0.6167 0.4233 3.0945, -0.6676 0.3374 3.0945, -0.1392 -0.1392 3.0945, -0.4829 -0.5712 3.0945, -0.4025 -0.6305 3.0945, -0.7464 0.05 3.0945, -0.7464 -0.05 3.0945, -0.1901 -0.0509 3.0945, -0.1705 -0.0984 3.0945, -0.6167 -0.4233 3.0945, -0.5548 -0.5018 3.0945, -0.733 -0.149 3.0945, -0.7066 -0.2454 3.0945, -0.6676 -0.3374 3.0945, 0.7724 0.1444 3.0551, 0.7594 0.208 3.0551, 0.7581 0.2077 3.0653, 0.6687 0.414 3.0551, 0.618 0.488 3.0551, 0.6169 0.4872 3.0653, 0.5806 0.5293 3.0551, 0.5474 0.566 3.0551, 0.5465 0.565 3.0653, 0.3504 0.7035 3.0551, 0.283 0.7348 3.0551, 0.2825 0.7335 3.0653, 0.215 0.7559 3.0551, 0.1825 0.766 3.0551, 0.1822 0.7646 3.0653, 0.0726 0.7837 3.0551, -0.0263 0.787 3.0551, -0.0263 0.7856 3.0653, -0.0725 0.7823 3.0551, -0.131 0.7764 3.0551, -0.1307 0.7751 3.0653, -0.3504 0.7038 3.0551, -0.4237 0.6637 3.0551, -0.423 0.6626 3.0653, -0.4735 0.627 3.0551, -0.5084 0.6013 3.0551, -0.5075 0.6003 3.0653, -0.5818 0.5303 3.0551, -0.584 0.5282 3.0551, -0.583 0.5273 3.0653, -0.6681 0.4137 3.0551, -0.7028 0.3551 3.0551, -0.7016 0.3545 3.0653, -0.7733 0.1446 3.0551, -0.7856 0.0526 3.0551, -0.7843 0.0525 3.0653, -0.7856 -0.0 3.0551, -0.7856 -0.0526 3.0551, -0.7843 -0.0525 3.0653, -0.733 -0.2839 3.0551, -0.7028 -0.3551 3.0551, -0.7016 -0.3545 3.0653, -0.6681 -0.4137 3.0551, -0.6492 -0.4456 3.0551, -0.6481 -0.4449 3.0653, -0.5818 -0.5303 3.0551, -0.5084 -0.6013 3.0551, -0.5075 -0.6003 3.0653, -0.4735 -0.627 3.0551, -0.4237 -0.6637 3.0551, -0.423 -0.6626 3.0653, -0.2152 -0.7563 3.0551, -0.131 -0.7764 3.0551, -0.1307 -0.7751 3.0653, -0.0725 -0.7823 3.0551, -0.0263 -0.787 3.0551, -0.0263 -0.7856 3.0653, 0.215 -0.7559 3.0551, 0.283 -0.7348 3.0551, 0.2825 -0.7335 3.0653, 0.4742 -0.6279 3.0551, 0.5474 -0.566 3.0551, 0.5465 -0.565 3.0653, 0.5806 -0.5293 3.0551, 0.618 -0.488 3.0551, 0.6169 -0.4872 3.0653, 0.733 -0.284 3.0551, 0.7594 -0.208 3.0551, 0.7581 -0.2077 3.0653, 0.7724 -0.1444 3.0551, 0.7804 -0.105 3.0551, 0.779 -0.1048 3.0653, 0.6524 -0.3864 3.0931, 0.5951 -0.4699 3.0931, 0.6605 -0.3912 3.0892, 0.6025 -0.4758 3.0892, 0.6676 -0.3954 3.083, 0.6089 -0.4808 3.083, 0.6729 -0.3986 3.0748, 0.6138 -0.4847 3.0748, 0.6763 -0.4006 3.0653, 0.3644 -0.6649 3.0931, 0.2725 -0.7076 3.0931, 0.369 -0.6732 3.0892, 0.2759 -0.7164 3.0892, 0.3729 -0.6804 3.083, 0.2789 -0.724 3.083, 0.3759 -0.6859 3.0748, 0.2811 -0.7299 3.0748, 0.3778 -0.6893 3.0653, 0.0759 -0.7544 3.0931, -0.0253 -0.7578 3.0931, 0.0768 -0.7639 3.0892, -0.0257 -0.7673 3.0892, 0.0777 -0.772 3.083, -0.0259 -0.7754 3.083, 0.0783 -0.7782 3.0748, -0.0261 -0.7817 3.0748, 0.0787 -0.7821 3.0653, -0.3192 -0.6878 3.0931, -0.408 -0.6391 3.0931, -0.3232 -0.6964 3.0892, -0.4131 -0.6471 3.0892, -0.3266 -0.7038 3.083, -0.4175 -0.654 3.083, -0.3292 -0.7095 3.0748, -0.4208 -0.6592 3.0748, -0.3309 -0.713 3.0653, -0.743 -0.151 3.0931, -0.7565 -0.0506 3.0931, -0.7523 -0.1529 3.0892, -0.766 -0.0513 3.0892, -0.7603 -0.1545 3.083, -0.7741 -0.0518 3.083, -0.7665 -0.1558 3.0748, -0.7804 -0.0522 3.0748, -0.7703 -0.1566 3.0653, -0.7163 0.2487 3.0931, -0.6767 0.342 3.0931, -0.7252 0.2518 3.0892, -0.6852 0.3462 3.0892, -0.7329 0.2545 3.083, -0.6925 0.3499 3.083, -0.7389 0.2566 3.0748, -0.6981 0.3527 3.0748, -0.7426 0.2578 3.0653, -0.2246 0.7242 3.0931, -0.1261 0.7477 3.0931, -0.2275 0.7332 3.0892, -0.1277 0.757 3.0892, -0.2299 0.741 3.083, -0.129 0.7651 3.083, -0.2317 0.747 3.0748, -0.1301 0.7712 3.0748, -0.2329 0.7508 3.0653, 0.4498 0.6104 3.0931, 0.5271 0.545 3.0931, 0.4554 0.6181 3.0892, 0.5337 0.5519 3.0892, 0.4602 0.6246 3.083, 0.5394 0.5577 3.083, 0.4639 0.6297 3.0748, 0.5437 0.5622 3.0748, 0.4663 0.6328 3.0653, 0.6981 0.296 3.0931, 0.7313 0.2003 3.0931, 0.7068 0.2997 3.0892, 0.7404 0.2028 3.0892, 0.7143 0.3029 3.083, 0.7483 0.205 3.083, 0.7201 0.3053 3.0748, 0.7543 0.2066 3.0748, 0.7237 0.3069 3.0653, 0.7582 0.0 3.0931, 0.7515 -0.1011 3.0931, 0.7677 0.0 3.0892, 0.7609 -0.1023 3.0892, 0.7759 0.0 3.083, 0.7689 -0.1034 3.083, 0.7821 0.0 3.0748, 0.7751 -0.1042 3.0748, 0.7861 0.0 3.0653, 0.7874 -0.0 3.0551, 0.7313 -0.2003 3.0931, 0.7404 -0.2028 3.0892, 0.7483 -0.205 3.083, 0.7543 -0.2066 3.0748, 0.7249 -0.3074 3.0551, 0.7237 -0.3069 3.0653, 0.7201 -0.3053 3.0748, 0.7143 -0.3029 3.083, 0.7068 -0.2997 3.0892, 0.6981 -0.296 3.0931, 0.6775 -0.4013 3.0551, 0.6687 -0.414 3.0551, 0.5437 -0.5622 3.0748, 0.5394 -0.5577 3.083, 0.5337 -0.5519 3.0892, 0.5271 -0.545 3.0931, 0.4671 -0.6339 3.0551, 0.4663 -0.6328 3.0653, 0.4639 -0.6297 3.0748, 0.4602 -0.6246 3.083, 0.4554 -0.6181 3.0892, 0.4498 -0.6104 3.0931, 0.3784 -0.6905 3.0551, 0.3504 -0.7035 3.0551, 0.1825 -0.766 3.0551, 0.1822 -0.7646 3.0653, 0.1813 -0.7608 3.0748, 0.1799 -0.7547 3.083, 0.178 -0.7468 3.0892, 0.1758 -0.7376 3.0931, 0.0788 -0.7834 3.0551, 0.0726 -0.7837 3.0551, -0.1261 -0.7477 3.0931, -0.1277 -0.757 3.0892, -0.129 -0.7651 3.083, -0.1301 -0.7712 3.0748, -0.2333 -0.752 3.0551, -0.2329 -0.7508 3.0653, -0.2317 -0.747 3.0748, -0.2299 -0.741 3.083, -0.2275 -0.7332 3.0892, -0.2246 -0.7242 3.0931, -0.3314 -0.7142 3.0551, -0.3504 -0.7038 3.0551, -0.505 -0.5973 3.0748, -0.5009 -0.5925 3.083, -0.4957 -0.5863 3.0892, -0.4895 -0.579 3.0931, -0.584 -0.5282 3.0551, -0.583 -0.5273 3.0653, -0.5801 -0.5246 3.0748, -0.5754 -0.5204 3.083, -0.5694 -0.515 3.0892, -0.5623 -0.5086 3.0931, -0.6251 -0.4291 3.0931, -0.6329 -0.4345 3.0892, -0.6397 -0.4391 3.083, -0.6448 -0.4426 3.0748, -0.6767 -0.342 3.0931, -0.6852 -0.3462 3.0892, -0.6925 -0.3499 3.083, -0.6981 -0.3527 3.0748, -0.7438 -0.2583 3.0551, -0.7426 -0.2578 3.0653, -0.7389 -0.2566 3.0748, -0.7329 -0.2545 3.083, -0.7252 -0.2518 3.0892, -0.7163 -0.2487 3.0931, -0.7716 -0.1568 3.0551, -0.7733 -0.1446 3.0551, -0.7565 0.0506 3.0931, -0.766 0.0513 3.0892, -0.7741 0.0518 3.083, -0.7804 0.0522 3.0748, -0.7716 0.1568 3.0551, -0.7703 0.1566 3.0653, -0.7665 0.1558 3.0748, -0.7603 0.1545 3.083, -0.7523 0.1529 3.0892, -0.743 0.151 3.0931, -0.7438 0.2583 3.0551, -0.733 0.2839 3.0551, -0.6492 0.4456 3.0551, -0.6481 0.4449 3.0653, -0.6448 0.4426 3.0748, -0.6397 0.4391 3.083, -0.6329 0.4345 3.0892, -0.6251 0.4291 3.0931, -0.5623 0.5086 3.0931, -0.5694 0.515 3.0892, -0.5754 0.5204 3.083, -0.5801 0.5246 3.0748, -0.505 0.5973 3.0748, -0.5009 0.5925 3.083, -0.4957 0.5863 3.0892, -0.4895 0.579 3.0931, -0.408 0.6391 3.0931, -0.4131 0.6471 3.0892, -0.4175 0.654 3.083, -0.4208 0.6592 3.0748, -0.3314 0.7142 3.0551, -0.3309 0.713 3.0653, -0.3292 0.7095 3.0748, -0.3266 0.7038 3.083, -0.3232 0.6964 3.0892, -0.3192 0.6878 3.0931, -0.2333 0.752 3.0551, -0.2152 0.7563 3.0551, -0.0261 0.7817 3.0748, -0.0259 0.7754 3.083, -0.0257 0.7673 3.0892, -0.0253 0.7578 3.0931, 0.0788 0.7834 3.0551, 0.0787 0.7821 3.0653, 0.0783 0.7782 3.0748, 0.0777 0.772 3.083, 0.0768 0.7639 3.0892, 0.0759 0.7544 3.0931, 0.1758 0.7376 3.0931, 0.178 0.7468 3.0892, 0.1799 0.7547 3.083, 0.1813 0.7608 3.0748, 0.2725 0.7076 3.0931, 0.2759 0.7164 3.0892, 0.2789 0.724 3.083, 0.2811 0.7299 3.0748, 0.3784 0.6905 3.0551, 0.3778 0.6893 3.0653, 0.3759 0.6859 3.0748, 0.3729 0.6804 3.083, 0.369 0.6732 3.0892, 0.3644 0.6649 3.0931, 0.4671 0.6339 3.0551, 0.4742 0.6279 3.0551, 0.5951 0.4699 3.0931, 0.6025 0.4758 3.0892, 0.6089 0.4808 3.083, 0.6138 0.4847 3.0748, 0.6775 0.4013 3.0551, 0.6763 0.4006 3.0653, 0.6729 0.3986 3.0748, 0.6676 0.3954 3.083, 0.6605 0.3912 3.0892, 0.6524 0.3864 3.0931, 0.7249 0.3074 3.0551, 0.733 0.284 3.0551, 0.7804 0.105 3.0551, 0.779 0.1048 3.0653, 0.7751 0.1042 3.0748, 0.7689 0.1034 3.083, 0.7609 0.1023 3.0892, 0.7515 0.1011 3.0931
            ]
        }
        coordIndex [
            0,1,2,-1,3,4,1,-1,1,4,5,-1,1,5,2,-1,6,7,3,-1,3,7,8,-1,3,8,4,-1,9,10,6,-1,6,10,11,-1,6,11,7,-1,12,13,9,-1,9,13,14,-1,9,14,10,-1,2,15,0,-1,0,15,16,-1,0,16,17,-1,18,19,12,-1,12,19,20,-1,12,20,13,-1,21,22,18,-1,18,22,23,-1,18,23,19,-1,24,25,26,-1,27,28,26,-1,26,28,29,-1,26,29,24,-1,30,31,32,-1,33,34,32,-1,32,34,35,-1,32,35,30,-1,36,37,27,-1,27,37,38,-1,27,38,28,-1,30,39,31,-1,31,39,40,-1,31,40,36,-1,36,40,41,-1,36,41,37,-1,42,43,33,-1,33,43,44,-1,33,44,34,-1,16,45,17,-1,17,45,46,-1,17,46,42,-1,42,46,47,-1,42,47,43,-1,48,49,21,-1,21,49,50,-1,21,50,22,-1,51,52,53,-1,53,52,54,-1,53,54,55,-1,24,56,25,-1,25,56,57,-1,25,57,51,-1,51,57,58,-1,51,58,52,-1,59,60,48,-1,48,60,61,-1,48,61,49,-1,54,62,55,-1,55,62,63,-1,55,63,64,-1,65,66,59,-1,59,66,67,-1,59,67,60,-1,63,68,64,-1,64,68,69,-1,64,69,65,-1,65,69,70,-1,65,70,66,-1,71,72,73,-1,74,75,76,-1,77,78,79,-1,80,81,82,-1,83,84,85,-1,86,87,88,-1,89,90,91,-1,92,93,94,-1,95,96,97,-1,98,99,100,-1,101,102,103,-1,104,105,106,-1,107,108,109,-1,110,111,112,-1,113,114,115,-1,116,117,118,-1,119,120,121,-1,122,123,124,-1,125,126,127,-1,128,129,130,-1,131,132,133,-1,134,135,136,-1,137,138,139,-1,140,141,142,-1,8,7,143,-1,143,7,144,-1,143,144,145,-1,145,144,146,-1,145,146,147,-1,147,146,148,-1,147,148,149,-1,149,148,150,-1,149,150,151,-1,151,150,136,-1,14,13,152,-1,152,13,153,-1,152,153,154,-1,154,153,155,-1,154,155,156,-1,156,155,157,-1,156,157,158,-1,158,157,159,-1,158,159,160,-1,160,159,130,-1,19,23,161,-1,161,23,162,-1,161,162,163,-1,163,162,164,-1,163,164,165,-1,165,164,166,-1,165,166,167,-1,167,166,168,-1,167,168,169,-1,169,168,127,-1,49,61,170,-1,170,61,171,-1,170,171,172,-1,172,171,173,-1,172,173,174,-1,174,173,175,-1,174,175,176,-1,176,175,177,-1,176,177,178,-1,178,177,121,-1,68,63,179,-1,179,63,180,-1,179,180,181,-1,181,180,182,-1,181,182,183,-1,183,182,184,-1,183,184,185,-1,185,184,186,-1,185,186,187,-1,187,186,109,-1,52,58,188,-1,188,58,189,-1,188,189,190,-1,190,189,191,-1,190,191,192,-1,192,191,193,-1,192,193,194,-1,194,193,195,-1,194,195,196,-1,196,195,103,-1,38,37,197,-1,197,37,198,-1,197,198,199,-1,199,198,200,-1,199,200,201,-1,201,200,202,-1,201,202,203,-1,203,202,204,-1,203,204,205,-1,205,204,91,-1,34,44,206,-1,206,44,207,-1,206,207,208,-1,208,207,209,-1,208,209,210,-1,210,209,211,-1,210,211,212,-1,212,211,213,-1,212,213,214,-1,214,213,79,-1,46,45,215,-1,215,45,216,-1,215,216,217,-1,217,216,218,-1,217,218,219,-1,219,218,220,-1,219,220,221,-1,221,220,222,-1,221,222,223,-1,223,222,73,-1,15,2,224,-1,224,2,225,-1,224,225,226,-1,226,225,227,-1,226,227,228,-1,228,227,229,-1,228,229,230,-1,230,229,231,-1,230,231,232,-1,232,231,142,-1,232,142,233,-1,233,142,141,-1,2,5,225,-1,225,5,234,-1,225,234,227,-1,227,234,235,-1,227,235,229,-1,229,235,236,-1,229,236,231,-1,231,236,237,-1,231,237,142,-1,142,237,139,-1,142,139,140,-1,140,139,138,-1,238,137,239,-1,239,137,139,-1,239,139,240,-1,240,139,237,-1,240,237,241,-1,241,237,236,-1,241,236,242,-1,242,236,235,-1,242,235,243,-1,243,235,234,-1,243,234,4,-1,4,234,5,-1,4,8,243,-1,243,8,143,-1,243,143,242,-1,242,143,145,-1,242,145,241,-1,241,145,147,-1,241,147,240,-1,240,147,149,-1,240,149,239,-1,239,149,151,-1,239,151,238,-1,238,151,244,-1,136,135,151,-1,151,135,245,-1,151,245,244,-1,132,134,133,-1,133,134,136,-1,133,136,246,-1,246,136,150,-1,246,150,247,-1,247,150,148,-1,247,148,248,-1,248,148,146,-1,248,146,249,-1,249,146,144,-1,249,144,11,-1,11,144,7,-1,250,131,251,-1,251,131,133,-1,251,133,252,-1,252,133,246,-1,252,246,253,-1,253,246,247,-1,253,247,254,-1,254,247,248,-1,254,248,255,-1,255,248,249,-1,255,249,10,-1,10,249,11,-1,10,14,255,-1,255,14,152,-1,255,152,254,-1,254,152,154,-1,254,154,253,-1,253,154,156,-1,253,156,252,-1,252,156,158,-1,252,158,251,-1,251,158,160,-1,251,160,250,-1,250,160,256,-1,130,129,160,-1,160,129,257,-1,160,257,256,-1,258,128,259,-1,259,128,130,-1,259,130,260,-1,260,130,159,-1,260,159,261,-1,261,159,157,-1,261,157,262,-1,262,157,155,-1,262,155,263,-1,263,155,153,-1,263,153,20,-1,20,153,13,-1,20,19,263,-1,263,19,161,-1,263,161,262,-1,262,161,163,-1,262,163,261,-1,261,163,165,-1,261,165,260,-1,260,165,167,-1,260,167,259,-1,259,167,169,-1,259,169,258,-1,258,169,264,-1,127,126,169,-1,169,126,265,-1,169,265,264,-1,23,22,162,-1,162,22,266,-1,162,266,164,-1,164,266,267,-1,164,267,166,-1,166,267,268,-1,166,268,168,-1,168,268,269,-1,168,269,127,-1,127,269,124,-1,127,124,125,-1,125,124,123,-1,270,122,271,-1,271,122,124,-1,271,124,272,-1,272,124,269,-1,272,269,273,-1,273,269,268,-1,273,268,274,-1,274,268,267,-1,274,267,275,-1,275,267,266,-1,275,266,50,-1,50,266,22,-1,50,49,275,-1,275,49,170,-1,275,170,274,-1,274,170,172,-1,274,172,273,-1,273,172,174,-1,273,174,272,-1,272,174,176,-1,272,176,271,-1,271,176,178,-1,271,178,270,-1,270,178,276,-1,121,120,178,-1,178,120,277,-1,178,277,276,-1,117,119,118,-1,118,119,121,-1,118,121,278,-1,278,121,177,-1,278,177,279,-1,279,177,175,-1,279,175,280,-1,280,175,173,-1,280,173,281,-1,281,173,171,-1,281,171,60,-1,60,171,61,-1,282,116,283,-1,283,116,118,-1,283,118,284,-1,284,118,278,-1,284,278,285,-1,285,278,279,-1,285,279,286,-1,286,279,280,-1,286,280,287,-1,287,280,281,-1,287,281,67,-1,67,281,60,-1,67,66,287,-1,287,66,288,-1,287,288,286,-1,286,288,289,-1,286,289,285,-1,285,289,290,-1,285,290,284,-1,284,290,291,-1,284,291,283,-1,283,291,115,-1,283,115,282,-1,282,115,114,-1,66,70,288,-1,288,70,292,-1,288,292,289,-1,289,292,293,-1,289,293,290,-1,290,293,294,-1,290,294,291,-1,291,294,295,-1,291,295,115,-1,115,295,112,-1,115,112,113,-1,113,112,111,-1,296,110,297,-1,297,110,112,-1,297,112,298,-1,298,112,295,-1,298,295,299,-1,299,295,294,-1,299,294,300,-1,300,294,293,-1,300,293,301,-1,301,293,292,-1,301,292,69,-1,69,292,70,-1,69,68,301,-1,301,68,179,-1,301,179,300,-1,300,179,181,-1,300,181,299,-1,299,181,183,-1,299,183,298,-1,298,183,185,-1,298,185,297,-1,297,185,187,-1,297,187,296,-1,296,187,302,-1,109,108,187,-1,187,108,303,-1,187,303,302,-1,63,62,180,-1,180,62,304,-1,180,304,182,-1,182,304,305,-1,182,305,184,-1,184,305,306,-1,184,306,186,-1,186,306,307,-1,186,307,109,-1,109,307,106,-1,109,106,107,-1,107,106,105,-1,308,104,309,-1,309,104,106,-1,309,106,310,-1,310,106,307,-1,310,307,311,-1,311,307,306,-1,311,306,312,-1,312,306,305,-1,312,305,313,-1,313,305,304,-1,313,304,54,-1,54,304,62,-1,54,52,313,-1,313,52,188,-1,313,188,312,-1,312,188,190,-1,312,190,311,-1,311,190,192,-1,311,192,310,-1,310,192,194,-1,310,194,309,-1,309,194,196,-1,309,196,308,-1,308,196,314,-1,103,102,196,-1,196,102,315,-1,196,315,314,-1,316,101,317,-1,317,101,103,-1,317,103,318,-1,318,103,195,-1,318,195,319,-1,319,195,193,-1,319,193,320,-1,320,193,191,-1,320,191,321,-1,321,191,189,-1,321,189,57,-1,57,189,58,-1,57,56,321,-1,321,56,322,-1,321,322,320,-1,320,322,323,-1,320,323,319,-1,319,323,324,-1,319,324,318,-1,318,324,325,-1,318,325,317,-1,317,325,100,-1,317,100,316,-1,316,100,99,-1,96,98,97,-1,97,98,100,-1,97,100,326,-1,326,100,325,-1,326,325,327,-1,327,325,324,-1,327,324,328,-1,328,324,323,-1,328,323,329,-1,329,323,322,-1,329,322,24,-1,24,322,56,-1,24,29,329,-1,329,29,330,-1,329,330,328,-1,328,330,331,-1,328,331,327,-1,327,331,332,-1,327,332,326,-1,326,332,333,-1,326,333,97,-1,97,333,94,-1,97,94,95,-1,95,94,93,-1,334,92,335,-1,335,92,94,-1,335,94,336,-1,336,94,333,-1,336,333,337,-1,337,333,332,-1,337,332,338,-1,338,332,331,-1,338,331,339,-1,339,331,330,-1,339,330,28,-1,28,330,29,-1,28,38,339,-1,339,38,197,-1,339,197,338,-1,338,197,199,-1,338,199,337,-1,337,199,201,-1,337,201,336,-1,336,201,203,-1,336,203,335,-1,335,203,205,-1,335,205,334,-1,334,205,340,-1,91,90,205,-1,205,90,341,-1,205,341,340,-1,87,89,88,-1,88,89,91,-1,88,91,342,-1,342,91,204,-1,342,204,343,-1,343,204,202,-1,343,202,344,-1,344,202,200,-1,344,200,345,-1,345,200,198,-1,345,198,41,-1,41,198,37,-1,346,86,347,-1,347,86,88,-1,347,88,348,-1,348,88,342,-1,348,342,349,-1,349,342,343,-1,349,343,350,-1,350,343,344,-1,350,344,351,-1,351,344,345,-1,351,345,40,-1,40,345,41,-1,40,39,351,-1,351,39,352,-1,351,352,350,-1,350,352,353,-1,350,353,349,-1,349,353,354,-1,349,354,348,-1,348,354,355,-1,348,355,347,-1,347,355,85,-1,347,85,346,-1,346,85,84,-1,39,30,352,-1,352,30,356,-1,352,356,353,-1,353,356,357,-1,353,357,354,-1,354,357,358,-1,354,358,355,-1,355,358,359,-1,355,359,85,-1,85,359,82,-1,85,82,83,-1,83,82,81,-1,360,80,361,-1,361,80,82,-1,361,82,362,-1,362,82,359,-1,362,359,363,-1,363,359,358,-1,363,358,364,-1,364,358,357,-1,364,357,365,-1,365,357,356,-1,365,356,35,-1,35,356,30,-1,35,34,365,-1,365,34,206,-1,365,206,364,-1,364,206,208,-1,364,208,363,-1,363,208,210,-1,363,210,362,-1,362,210,212,-1,362,212,361,-1,361,212,214,-1,361,214,360,-1,360,214,366,-1,79,78,214,-1,214,78,367,-1,214,367,366,-1,44,43,207,-1,207,43,368,-1,207,368,209,-1,209,368,369,-1,209,369,211,-1,211,369,370,-1,211,370,213,-1,213,370,371,-1,213,371,79,-1,79,371,76,-1,79,76,77,-1,77,76,75,-1,372,74,373,-1,373,74,76,-1,373,76,374,-1,374,76,371,-1,374,371,375,-1,375,371,370,-1,375,370,376,-1,376,370,369,-1,376,369,377,-1,377,369,368,-1,377,368,47,-1,47,368,43,-1,47,46,377,-1,377,46,215,-1,377,215,376,-1,376,215,217,-1,376,217,375,-1,375,217,219,-1,375,219,374,-1,374,219,221,-1,374,221,373,-1,373,221,223,-1,373,223,372,-1,372,223,378,-1,73,72,223,-1,223,72,379,-1,223,379,378,-1,380,71,381,-1,381,71,73,-1,381,73,382,-1,382,73,222,-1,382,222,383,-1,383,222,220,-1,383,220,384,-1,384,220,218,-1,384,218,385,-1,385,218,216,-1,385,216,16,-1,16,216,45,-1,16,15,385,-1,385,15,224,-1,385,224,384,-1,384,224,226,-1,384,226,383,-1,383,226,228,-1,383,228,382,-1,382,228,230,-1,382,230,381,-1,381,230,232,-1,381,232,380,-1,380,232,233,-1,
        ]
    }
}
Shape{
    appearance Appearance {
        material  Material 	{
            diffuseColor 0.792156862745098 0.8196078431372549 0.9333333333333333
            specularColor 0.396078431372549 0.4117647058823529 0.4666666666666667
            ambientIntensity 0.8244
            transparency 0.0
            shininess 0.5
        }
    }
    geometry IndexedFaceSet {
        ccw TRUE
        solid FALSE
        coord DEF co Coordinate {
            point [
                0.1969 -0.0 3.0906, 0.1969 -0.0 3.0945, 0.1901 0.0509 3.0906, 0.1901 0.0509 3.0945, 0.1705 0.0984 3.0906, 0.1705 0.0984 3.0945, 0.1392 0.1392 3.0906, 0.1392 0.1392 3.0945, 0.0984 0.1705 3.0906, 0.0984 0.1705 3.0945, 0.0509 0.1901 3.0906, 0.0509 0.1901 3.0945, 0.0 0.1969 3.0906, 0.0 0.1969 3.0945, -0.0509 0.1901 3.0906, -0.0509 0.1901 3.0945, -0.0984 0.1705 3.0906, -0.0984 0.1705 3.0945, -0.1392 0.1392 3.0906, -0.1392 0.1392 3.0945, -0.1705 0.0984 3.0906, -0.1705 0.0984 3.0945, -0.1901 0.0509 3.0906, -0.1901 0.0509 3.0945, -0.1969 0.0 3.0906, -0.1969 0.0 3.0945, -0.1901 -0.0509 3.0906, -0.1901 -0.0509 3.0945, -0.1705 -0.0984 3.0906, -0.1705 -0.0984 3.0945, -0.1392 -0.1392 3.0906, -0.1392 -0.1392 3.0945, -0.0984 -0.1705 3.0906, -0.0984 -0.1705 3.0945, -0.0509 -0.1901 3.0906, -0.0509 -0.1901 3.0945, 0.0 -0.1969 3.0906, 0.0 -0.1969 3.0945, 0.0509 -0.1901 3.0906, 0.0509 -0.1901 3.0945, 0.0984 -0.1705 3.0906, 0.0984 -0.1705 3.0945, 0.1392 -0.1392 3.0906, 0.1392 -0.1392 3.0945, 0.1705 -0.0984 3.0906, 0.1705 -0.0984 3.0945, 0.1901 -0.0509 3.0906, 0.1901 -0.0509 3.0945
            ]
        }
        coordIndex [
            0,1,2,-1,2,1,3,-1,2,3,4,-1,4,3,5,-1,4,5,6,-1,6,5,7,-1,6,7,8,-1,8,7,9,-1,8,9,10,-1,10,9,11,-1,10,11,12,-1,12,11,13,-1,12,13,14,-1,14,13,15,-1,14,15,16,-1,16,15,17,-1,16,17,18,-1,18,17,19,-1,18,19,20,-1,20,19,21,-1,20,21,22,-1,22,21,23,-1,22,23,24,-1,24,23,25,-1,24,25,26,-1,26,25,27,-1,26,27,28,-1,28,27,29,-1,28,29,30,-1,30,29,31,-1,30,31,32,-1,32,31,33,-1,32,33,34,-1,34,33,35,-1,34,35,36,-1,36,35,37,-1,36,37,38,-1,38,37,39,-1,38,39,40,-1,40,39,41,-1,40,41,42,-1,42,41,43,-1,42,43,44,-1,44,43,45,-1,44,45,46,-1,46,45,47,-1,46,47,0,-1,0,47,1,-1,
        ]
    }
}
Shape{
    appearance Appearance {
        material  Material 	{
            diffuseColor 0.9686274509803922 0.8784313725490196 0.6
            specularColor 0.6784313725490196 0.615686274509804 0.4196078431372549
            ambientIntensity 0.8737
            transparency 0.0
            shininess 0.5
        }
    }
    geometry IndexedFaceSet {
        ccw TRUE
        solid FALSE
        coord DEF co Coordinate {
            point [
                0.1378 -0.0 2.0472, 0.1378 0.0 3.0315, 0.1331 0.0357 2.0472, 0.1331 0.0357 3.0315, 0.1193 0.0689 2.0472, 0.1193 0.0689 3.0315, 0.0974 0.0974 2.0472, 0.0974 0.0974 3.0315, 0.0689 0.1193 2.0472, 0.0689 0.1193 3.0315, 0.0357 0.1331 2.0472, 0.0357 0.1331 3.0315, 0.0 0.1378 2.0472, 0.0 0.1378 3.0315, -0.0357 0.1331 2.0472, -0.0357 0.1331 3.0315, -0.0689 0.1193 2.0472, -0.0689 0.1193 3.0315, -0.0974 0.0974 2.0472, -0.0974 0.0974 3.0315, -0.1193 0.0689 2.0472, -0.1193 0.0689 3.0315, -0.1331 0.0357 2.0472, -0.1331 0.0357 3.0315, -0.1378 0.0 2.0472, -0.1378 0.0 3.0315, -0.1331 -0.0357 2.0472, -0.1331 -0.0357 3.0315, -0.1193 -0.0689 2.0472, -0.1193 -0.0689 3.0315, -0.0974 -0.0974 2.0472, -0.0974 -0.0974 3.0315, -0.0689 -0.1193 2.0472, -0.0689 -0.1193 3.0315, -0.0357 -0.1331 2.0472, -0.0357 -0.1331 3.0315, 0.0 -0.1378 2.0472, 0.0 -0.1378 3.0315, 0.0357 -0.1331 2.0472, 0.0357 -0.1331 3.0315, 0.0689 -0.1193 2.0472, 0.0689 -0.1193 3.0315, 0.0974 -0.0974 2.0472, 0.0974 -0.0974 3.0315, 0.1193 -0.0689 2.0472, 0.1193 -0.0689 3.0315, 0.1331 -0.0357 2.0472, 0.1331 -0.0357 3.0315, 0.135 0.0362 3.0468, 0.1211 0.0699 3.0468, 0.0989 0.0989 3.0468, 0.0699 0.1211 3.0468, 0.0362 0.135 3.0468, 0.0 0.1398 3.0468, -0.0362 0.135 3.0468, -0.0699 0.1211 3.0468, -0.0989 0.0989 3.0468, -0.1211 0.0699 3.0468, -0.135 0.0362 3.0468, -0.1398 0.0 3.0468, -0.135 -0.0362 3.0468, -0.1211 -0.0699 3.0468, -0.0989 -0.0989 3.0468, -0.0699 -0.1211 3.0468, -0.0362 -0.135 3.0468, 0.0 -0.1398 3.0468, 0.0362 -0.135 3.0468, 0.0699 -0.1211 3.0468, 0.0989 -0.0989 3.0468, 0.1211 -0.0699 3.0468, 0.135 -0.0362 3.0468, 0.1398 0.0 3.0468, 0.1407 0.0377 3.061, 0.1262 0.0729 3.061, 0.103 0.103 3.061, 0.0729 0.1262 3.061, 0.0377 0.1407 3.061, 0.0 0.1457 3.061, -0.0377 0.1407 3.061, -0.0729 0.1262 3.061, -0.103 0.103 3.061, -0.1262 0.0729 3.061, -0.1407 0.0377 3.061, -0.1457 0.0 3.061, -0.1407 -0.0377 3.061, -0.1262 -0.0729 3.061, -0.103 -0.103 3.061, -0.0729 -0.1262 3.061, -0.0377 -0.1407 3.061, 0.0 -0.1457 3.061, 0.0377 -0.1407 3.061, 0.0729 -0.1262 3.061, 0.103 -0.103 3.061, 0.1262 -0.0729 3.061, 0.1407 -0.0377 3.061, 0.1457 0.0 3.061, 0.1498 0.0401 3.0733, 0.1343 0.0775 3.0733, 0.1097 0.1097 3.0733, 0.0775 0.1343 3.0733, 0.0401 0.1498 3.0733, 0.0 0.1551 3.0733, -0.0401 0.1498 3.0733, -0.0775 0.1343 3.0733, -0.1097 0.1097 3.0733, -0.1343 0.0775 3.0733, -0.1498 0.0401 3.0733, -0.1551 0.0 3.0733, -0.1498 -0.0401 3.0733, -0.1343 -0.0775 3.0733, -0.1097 -0.1097 3.0733, -0.0775 -0.1343 3.0733, -0.0401 -0.1498 3.0733, 0.0 -0.1551 3.0733, 0.0401 -0.1498 3.0733, 0.0775 -0.1343 3.0733, 0.1097 -0.1097 3.0733, 0.1343 -0.0775 3.0733, 0.1498 -0.0401 3.0733, 0.1551 0.0 3.0733, 0.1616 0.0433 3.0826, 0.1449 0.0837 3.0826, 0.1183 0.1183 3.0826, 0.0837 0.1449 3.0826, 0.0433 0.1616 3.0826, 0.0 0.1673 3.0826, -0.0433 0.1616 3.0826, -0.0837 0.1449 3.0826, -0.1183 0.1183 3.0826, -0.1449 0.0837 3.0826, -0.1616 0.0433 3.0826, -0.1673 0.0 3.0826, -0.1616 -0.0433 3.0826, -0.1449 -0.0837 3.0826, -0.1183 -0.1183 3.0826, -0.0837 -0.1449 3.0826, -0.0433 -0.1616 3.0826, 0.0 -0.1673 3.0826, 0.0433 -0.1616 3.0826, 0.0837 -0.1449 3.0826, 0.1183 -0.1183 3.0826, 0.1449 -0.0837 3.0826, 0.1616 -0.0433 3.0826, 0.1673 0.0 3.0826, 0.1754 0.047 3.0885, 0.1572 0.0908 3.0885, 0.1284 0.1284 3.0885, 0.0908 0.1572 3.0885, 0.047 0.1754 3.0885, 0.0 0.1816 3.0885, -0.047 0.1754 3.0885, -0.0908 0.1572 3.0885, -0.1284 0.1284 3.0885, -0.1572 0.0908 3.0885, -0.1754 0.047 3.0885, -0.1816 0.0 3.0885, -0.1754 -0.047 3.0885, -0.1572 -0.0908 3.0885, -0.1284 -0.1284 3.0885, -0.0908 -0.1572 3.0885, -0.047 -0.1754 3.0885, 0.0 -0.1816 3.0885, 0.047 -0.1754 3.0885, 0.0908 -0.1572 3.0885, 0.1284 -0.1284 3.0885, 0.1572 -0.0908 3.0885, 0.1754 -0.047 3.0885, 0.1816 0.0 3.0885, 0.1901 0.0509 3.0906, 0.1705 0.0984 3.0906, 0.1392 0.1392 3.0906, 0.0984 0.1705 3.0906, 0.0509 0.1901 3.0906, 0.0 0.1969 3.0906, -0.0509 0.1901 3.0906, -0.0984 0.1705 3.0906, -0.1392 0.1392 3.0906, -0.1705 0.0984 3.0906, -0.1901 0.0509 3.0906, -0.1969 0.0 3.0906, -0.1901 -0.0509 3.0906, -0.1705 -0.0984 3.0906, -0.1392 -0.1392 3.0906, -0.0984 -0.1705 3.0906, -0.0509 -0.1901 3.0906, 0.0 -0.1969 3.0906, 0.0509 -0.1901 3.0906, 0.0984 -0.1705 3.0906, 0.1392 -0.1392 3.0906, 0.1705 -0.0984 3.0906, 0.1901 -0.0509 3.0906, 0.1969 -0.0 3.0906, 0.0 0.0 1.9094, 0.0344 0.0092 1.9141, 0.0309 0.0178 1.9141, 0.0357 0.0 1.9141, 0.0178 0.0309 1.9141, 0.0092 0.0344 1.9141, 0.0252 0.0252 1.9141, -0.0092 0.0344 1.9141, -0.0178 0.0309 1.9141, 0.0 0.0357 1.9141, -0.0309 0.0178 1.9141, -0.0344 0.0092 1.9141, -0.0252 0.0252 1.9141, -0.0344 -0.0092 1.9141, -0.0309 -0.0178 1.9141, -0.0357 0.0 1.9141, -0.0178 -0.0309 1.9141, -0.0092 -0.0344 1.9141, -0.0252 -0.0252 1.9141, 0.0092 -0.0344 1.9141, 0.0178 -0.0309 1.9141, 0.0 -0.0357 1.9141, 0.0309 -0.0178 1.9141, 0.0344 -0.0092 1.9141, 0.0252 -0.0252 1.9141, 0.0665 0.0178 1.9279, 0.0597 0.0344 1.9279, 0.0487 0.0487 1.9279, 0.0344 0.0597 1.9279, 0.0178 0.0665 1.9279, 0.0 0.0689 1.9279, -0.0178 0.0665 1.9279, -0.0344 0.0597 1.9279, -0.0487 0.0487 1.9279, -0.0597 0.0344 1.9279, -0.0665 0.0178 1.9279, -0.0689 0.0 1.9279, -0.0665 -0.0178 1.9279, -0.0597 -0.0344 1.9279, -0.0487 -0.0487 1.9279, -0.0344 -0.0597 1.9279, -0.0178 -0.0665 1.9279, 0.0 -0.0689 1.9279, 0.0178 -0.0665 1.9279, 0.0344 -0.0597 1.9279, 0.0487 -0.0487 1.9279, 0.0597 -0.0344 1.9279, 0.0665 -0.0178 1.9279, 0.0689 0.0 1.9279, 0.0941 0.0252 1.9498, 0.0844 0.0487 1.9498, 0.0689 0.0689 1.9498, 0.0487 0.0844 1.9498, 0.0252 0.0941 1.9498, 0.0 0.0974 1.9498, -0.0252 0.0941 1.9498, -0.0487 0.0844 1.9498, -0.0689 0.0689 1.9498, -0.0844 0.0487 1.9498, -0.0941 0.0252 1.9498, -0.0974 0.0 1.9498, -0.0941 -0.0252 1.9498, -0.0844 -0.0487 1.9498, -0.0689 -0.0689 1.9498, -0.0487 -0.0844 1.9498, -0.0252 -0.0941 1.9498, 0.0 -0.0974 1.9498, 0.0252 -0.0941 1.9498, 0.0487 -0.0844 1.9498, 0.0689 -0.0689 1.9498, 0.0844 -0.0487 1.9498, 0.0941 -0.0252 1.9498, 0.0974 0.0 1.9498, 0.1153 0.0309 1.9783, 0.1033 0.0597 1.9783, 0.0844 0.0844 1.9783, 0.0597 0.1033 1.9783, 0.0309 0.1153 1.9783, 0.0 0.1193 1.9783, -0.0309 0.1153 1.9783, -0.0597 0.1033 1.9783, -0.0844 0.0844 1.9783, -0.1033 0.0597 1.9783, -0.1153 0.0309 1.9783, -0.1193 0.0 1.9783, -0.1153 -0.0309 1.9783, -0.1033 -0.0597 1.9783, -0.0844 -0.0844 1.9783, -0.0597 -0.1033 1.9783, -0.0309 -0.1153 1.9783, 0.0 -0.1193 1.9783, 0.0309 -0.1153 1.9783, 0.0597 -0.1033 1.9783, 0.0844 -0.0844 1.9783, 0.1033 -0.0597 1.9783, 0.1153 -0.0309 1.9783, 0.1193 0.0 1.9783, 0.1286 0.0344 2.0116, 0.1153 0.0665 2.0116, 0.0941 0.0941 2.0116, 0.0665 0.1153 2.0116, 0.0344 0.1286 2.0116, 0.0 0.1331 2.0116, -0.0344 0.1286 2.0116, -0.0665 0.1153 2.0116, -0.0941 0.0941 2.0116, -0.1153 0.0665 2.0116, -0.1286 0.0344 2.0116, -0.1331 0.0 2.0116, -0.1286 -0.0344 2.0116, -0.1153 -0.0665 2.0116, -0.0941 -0.0941 2.0116, -0.0665 -0.1153 2.0116, -0.0344 -0.1286 2.0116, 0.0 -0.1331 2.0116, 0.0344 -0.1286 2.0116, 0.0665 -0.1153 2.0116, 0.0941 -0.0941 2.0116, 0.1153 -0.0665 2.0116, 0.1286 -0.0344 2.0116, 0.1331 0.0 2.0116
            ]
        }
        coordIndex [
            0,1,2,-1,2,1,3,-1,2,3,4,-1,4,3,5,-1,4,5,6,-1,6,5,7,-1,6,7,8,-1,8,7,9,-1,8,9,10,-1,10,9,11,-1,10,11,12,-1,12,11,13,-1,12,13,14,-1,14,13,15,-1,14,15,16,-1,16,15,17,-1,16,17,18,-1,18,17,19,-1,18,19,20,-1,20,19,21,-1,20,21,22,-1,22,21,23,-1,22,23,24,-1,24,23,25,-1,24,25,26,-1,26,25,27,-1,26,27,28,-1,28,27,29,-1,28,29,30,-1,30,29,31,-1,30,31,32,-1,32,31,33,-1,32,33,34,-1,34,33,35,-1,34,35,36,-1,36,35,37,-1,36,37,38,-1,38,37,39,-1,38,39,40,-1,40,39,41,-1,40,41,42,-1,42,41,43,-1,42,43,44,-1,44,43,45,-1,44,45,46,-1,46,45,47,-1,46,47,0,-1,0,47,1,-1,1,48,3,-1,3,48,49,-1,3,49,5,-1,5,49,50,-1,5,50,7,-1,7,50,51,-1,7,51,9,-1,9,51,52,-1,9,52,11,-1,11,52,53,-1,11,53,13,-1,13,53,54,-1,13,54,15,-1,15,54,55,-1,15,55,17,-1,17,55,56,-1,17,56,19,-1,19,56,57,-1,19,57,21,-1,21,57,58,-1,21,58,23,-1,23,58,59,-1,23,59,25,-1,25,59,60,-1,25,60,27,-1,27,60,61,-1,27,61,29,-1,29,61,62,-1,29,62,31,-1,31,62,63,-1,31,63,33,-1,33,63,64,-1,33,64,35,-1,35,64,65,-1,35,65,37,-1,37,65,66,-1,37,66,39,-1,39,66,67,-1,39,67,41,-1,41,67,68,-1,41,68,43,-1,43,68,69,-1,43,69,45,-1,45,69,70,-1,45,70,47,-1,47,70,71,-1,47,71,1,-1,1,71,48,-1,71,72,48,-1,48,72,73,-1,48,73,49,-1,49,73,74,-1,49,74,50,-1,50,74,75,-1,50,75,51,-1,51,75,76,-1,51,76,52,-1,52,76,77,-1,52,77,53,-1,53,77,78,-1,53,78,54,-1,54,78,79,-1,54,79,55,-1,55,79,80,-1,55,80,56,-1,56,80,81,-1,56,81,57,-1,57,81,82,-1,57,82,58,-1,58,82,83,-1,58,83,59,-1,59,83,84,-1,59,84,60,-1,60,84,85,-1,60,85,61,-1,61,85,86,-1,61,86,62,-1,62,86,87,-1,62,87,63,-1,63,87,88,-1,63,88,64,-1,64,88,89,-1,64,89,65,-1,65,89,90,-1,65,90,66,-1,66,90,91,-1,66,91,67,-1,67,91,92,-1,67,92,68,-1,68,92,93,-1,68,93,69,-1,69,93,94,-1,69,94,70,-1,70,94,95,-1,70,95,71,-1,71,95,72,-1,95,96,72,-1,72,96,97,-1,72,97,73,-1,73,97,98,-1,73,98,74,-1,74,98,99,-1,74,99,75,-1,75,99,100,-1,75,100,76,-1,76,100,101,-1,76,101,77,-1,77,101,102,-1,77,102,78,-1,78,102,103,-1,78,103,79,-1,79,103,104,-1,79,104,80,-1,80,104,105,-1,80,105,81,-1,81,105,106,-1,81,106,82,-1,82,106,107,-1,82,107,83,-1,83,107,108,-1,83,108,84,-1,84,108,109,-1,84,109,85,-1,85,109,110,-1,85,110,86,-1,86,110,111,-1,86,111,87,-1,87,111,112,-1,87,112,88,-1,88,112,113,-1,88,113,89,-1,89,113,114,-1,89,114,90,-1,90,114,115,-1,90,115,91,-1,91,115,116,-1,91,116,92,-1,92,116,117,-1,92,117,93,-1,93,117,118,-1,93,118,94,-1,94,118,119,-1,94,119,95,-1,95,119,96,-1,119,120,96,-1,96,120,121,-1,96,121,97,-1,97,121,122,-1,97,122,98,-1,98,122,123,-1,98,123,99,-1,99,123,124,-1,99,124,100,-1,100,124,125,-1,100,125,101,-1,101,125,126,-1,101,126,102,-1,102,126,127,-1,102,127,103,-1,103,127,128,-1,103,128,104,-1,104,128,129,-1,104,129,105,-1,105,129,130,-1,105,130,106,-1,106,130,131,-1,106,131,107,-1,107,131,132,-1,107,132,108,-1,108,132,133,-1,108,133,109,-1,109,133,134,-1,109,134,110,-1,110,134,135,-1,110,135,111,-1,111,135,136,-1,111,136,112,-1,112,136,137,-1,112,137,113,-1,113,137,138,-1,113,138,114,-1,114,138,139,-1,114,139,115,-1,115,139,140,-1,115,140,116,-1,116,140,141,-1,116,141,117,-1,117,141,142,-1,117,142,118,-1,118,142,143,-1,118,143,119,-1,119,143,120,-1,143,144,120,-1,120,144,145,-1,120,145,121,-1,121,145,146,-1,121,146,122,-1,122,146,147,-1,122,147,123,-1,123,147,148,-1,123,148,124,-1,124,148,149,-1,124,149,125,-1,125,149,150,-1,125,150,126,-1,126,150,151,-1,126,151,127,-1,127,151,152,-1,127,152,128,-1,128,152,153,-1,128,153,129,-1,129,153,154,-1,129,154,130,-1,130,154,155,-1,130,155,131,-1,131,155,156,-1,131,156,132,-1,132,156,157,-1,132,157,133,-1,133,157,158,-1,133,158,134,-1,134,158,159,-1,134,159,135,-1,135,159,160,-1,135,160,136,-1,136,160,161,-1,136,161,137,-1,137,161,162,-1,137,162,138,-1,138,162,163,-1,138,163,139,-1,139,163,164,-1,139,164,140,-1,140,164,165,-1,140,165,141,-1,141,165,166,-1,141,166,142,-1,142,166,167,-1,142,167,143,-1,143,167,144,-1,167,168,144,-1,144,168,169,-1,144,169,145,-1,145,169,170,-1,145,170,146,-1,146,170,171,-1,146,171,147,-1,147,171,172,-1,147,172,148,-1,148,172,173,-1,148,173,149,-1,149,173,174,-1,149,174,150,-1,150,174,175,-1,150,175,151,-1,151,175,176,-1,151,176,152,-1,152,176,177,-1,152,177,153,-1,153,177,178,-1,153,178,154,-1,154,178,179,-1,154,179,155,-1,155,179,180,-1,155,180,156,-1,156,180,181,-1,156,181,157,-1,157,181,182,-1,157,182,158,-1,158,182,183,-1,158,183,159,-1,159,183,184,-1,159,184,160,-1,160,184,185,-1,160,185,161,-1,161,185,186,-1,161,186,162,-1,162,186,187,-1,162,187,163,-1,163,187,188,-1,163,188,164,-1,164,188,189,-1,164,189,165,-1,165,189,190,-1,165,190,166,-1,166,190,191,-1,166,191,167,-1,167,191,168,-1,192,193,194,-1,195,193,192,-1,192,196,197,-1,198,196,192,-1,194,198,192,-1,192,199,200,-1,201,199,192,-1,197,201,192,-1,192,202,203,-1,204,202,192,-1,200,204,192,-1,192,205,206,-1,207,205,192,-1,203,207,192,-1,192,208,209,-1,210,208,192,-1,206,210,192,-1,192,211,212,-1,213,211,192,-1,209,213,192,-1,192,214,215,-1,216,214,192,-1,212,216,192,-1,215,195,192,-1,193,217,194,-1,194,217,218,-1,194,218,198,-1,198,218,219,-1,198,219,196,-1,196,219,220,-1,196,220,197,-1,197,220,221,-1,197,221,201,-1,201,221,222,-1,201,222,199,-1,199,222,223,-1,199,223,200,-1,200,223,224,-1,200,224,204,-1,204,224,225,-1,204,225,202,-1,202,225,226,-1,202,226,203,-1,203,226,227,-1,203,227,207,-1,207,227,228,-1,207,228,205,-1,205,228,229,-1,205,229,206,-1,206,229,230,-1,206,230,210,-1,210,230,231,-1,210,231,208,-1,208,231,232,-1,208,232,209,-1,209,232,233,-1,209,233,213,-1,213,233,234,-1,213,234,211,-1,211,234,235,-1,211,235,212,-1,212,235,236,-1,212,236,216,-1,216,236,237,-1,216,237,214,-1,214,237,238,-1,214,238,215,-1,215,238,239,-1,215,239,195,-1,195,239,240,-1,195,240,193,-1,193,240,217,-1,217,241,218,-1,218,241,242,-1,218,242,219,-1,219,242,243,-1,219,243,220,-1,220,243,244,-1,220,244,221,-1,221,244,245,-1,221,245,222,-1,222,245,246,-1,222,246,223,-1,223,246,247,-1,223,247,224,-1,224,247,248,-1,224,248,225,-1,225,248,249,-1,225,249,226,-1,226,249,250,-1,226,250,227,-1,227,250,251,-1,227,251,228,-1,228,251,252,-1,228,252,229,-1,229,252,253,-1,229,253,230,-1,230,253,254,-1,230,254,231,-1,231,254,255,-1,231,255,232,-1,232,255,256,-1,232,256,233,-1,233,256,257,-1,233,257,234,-1,234,257,258,-1,234,258,235,-1,235,258,259,-1,235,259,236,-1,236,259,260,-1,236,260,237,-1,237,260,261,-1,237,261,238,-1,238,261,262,-1,238,262,239,-1,239,262,263,-1,239,263,240,-1,240,263,264,-1,240,264,217,-1,217,264,241,-1,241,265,242,-1,242,265,266,-1,242,266,243,-1,243,266,267,-1,243,267,244,-1,244,267,268,-1,244,268,245,-1,245,268,269,-1,245,269,246,-1,246,269,270,-1,246,270,247,-1,247,270,271,-1,247,271,248,-1,248,271,272,-1,248,272,249,-1,249,272,273,-1,249,273,250,-1,250,273,274,-1,250,274,251,-1,251,274,275,-1,251,275,252,-1,252,275,276,-1,252,276,253,-1,253,276,277,-1,253,277,254,-1,254,277,278,-1,254,278,255,-1,255,278,279,-1,255,279,256,-1,256,279,280,-1,256,280,257,-1,257,280,281,-1,257,281,258,-1,258,281,282,-1,258,282,259,-1,259,282,283,-1,259,283,260,-1,260,283,284,-1,260,284,261,-1,261,284,285,-1,261,285,262,-1,262,285,286,-1,262,286,263,-1,263,286,287,-1,263,287,264,-1,264,287,288,-1,264,288,241,-1,241,288,265,-1,265,289,266,-1,266,289,290,-1,266,290,267,-1,267,290,291,-1,267,291,268,-1,268,291,292,-1,268,292,269,-1,269,292,293,-1,269,293,270,-1,270,293,294,-1,270,294,271,-1,271,294,295,-1,271,295,272,-1,272,295,296,-1,272,296,273,-1,273,296,297,-1,273,297,274,-1,274,297,298,-1,274,298,275,-1,275,298,299,-1,275,299,276,-1,276,299,300,-1,276,300,277,-1,277,300,301,-1,277,301,278,-1,278,301,302,-1,278,302,279,-1,279,302,303,-1,279,303,280,-1,280,303,304,-1,280,304,281,-1,281,304,305,-1,281,305,282,-1,282,305,306,-1,282,306,283,-1,283,306,307,-1,283,307,284,-1,284,307,308,-1,284,308,285,-1,285,308,309,-1,285,309,286,-1,286,309,310,-1,286,310,287,-1,287,310,311,-1,287,311,288,-1,288,311,312,-1,288,312,265,-1,265,312,289,-1,289,2,290,-1,290,2,4,-1,290,4,291,-1,291,4,6,-1,291,6,292,-1,292,6,8,-1,292,8,293,-1,293,8,10,-1,293,10,294,-1,294,10,12,-1,294,12,295,-1,295,12,14,-1,295,14,296,-1,296,14,16,-1,296,16,297,-1,297,16,18,-1,297,18,298,-1,298,18,20,-1,298,20,299,-1,299,20,22,-1,299,22,300,-1,300,22,24,-1,300,24,301,-1,301,24,26,-1,301,26,302,-1,302,26,28,-1,302,28,303,-1,303,28,30,-1,303,30,304,-1,304,30,32,-1,304,32,305,-1,305,32,34,-1,305,34,306,-1,306,34,36,-1,306,36,307,-1,307,36,38,-1,307,38,308,-1,308,38,40,-1,308,40,309,-1,309,40,42,-1,309,42,310,-1,310,42,44,-1,310,44,311,-1,311,44,46,-1,311,46,312,-1,312,46,0,-1,312,0,289,-1,289,0,2,-1,
        ]
    }
}