#VRML V2.0 utf8
# 3D model generated by easyeda2kicad.py (https://github.com/uPesy/easyeda2kicad.py)

Shape{
    appearance Appearance {
        material  Material 	{
            diffuseColor 0.25098039215686274 0.25098039215686274 0.25098039215686274
            specularColor 0.12549019607843137 0.12549019607843137 0.12549019607843137
            ambientIntensity 0.251
            transparency 0.0
            shininess 0.5
        }
    }
    geometry IndexedFaceSet {
        ccw TRUE
        solid FALSE
        coord DEF co Coordinate {
            point [
                0.5445 -0.187 0.3189, -0.5445 -0.187 0.3189, 0.5445 -0.187 0.0886, -0.5445 -0.187 0.0886, 0.5445 0.187 0.3189, 0.5445 0.187 0.0886, -0.5445 0.187 0.3189, -0.5445 0.187 0.0886, -0.502 0.0608 0.3189, -0.5071 0.0675 0.3189, -0.4563 0.1064 0.3189, -0.4512 0.0998 0.3189, -0.4479 0.092 0.3189, -0.4468 0.0836 0.3189, -0.4479 0.0753 0.3189, -0.4512 0.0675 0.3189, -0.5103 0.0753 0.3189, -0.5114 0.0836 0.3189, -0.5103 0.092 0.3189, -0.5071 0.0998 0.3189, -0.4563 0.0608 0.3189, -0.463 0.0556 0.3189, -0.4708 0.0524 0.3189, -0.4791 0.0513 0.3189, -0.502 0.1064 0.3189, -0.4953 0.1116 0.3189, -0.4875 0.1148 0.3189, -0.4875 0.0524 0.3189, -0.4953 0.0556 0.3189, -0.4791 0.1159 0.3189, -0.4708 0.1148 0.3189, -0.463 0.1116 0.3189
            ]
        }
        coordIndex [
            0,1,2,-1,2,1,3,-1,4,0,5,-1,5,0,2,-1,6,4,7,-1,7,4,5,-1,1,6,3,-1,3,6,7,-1,8,9,1,-1,10,11,4,-1,11,12,4,-1,4,12,13,-1,4,13,0,-1,0,13,14,-1,0,14,15,-1,9,16,1,-1,1,16,17,-1,1,17,6,-1,6,17,18,-1,6,18,19,-1,15,20,0,-1,0,20,21,-1,0,21,1,-1,1,21,22,-1,1,22,23,-1,19,24,6,-1,6,24,25,-1,6,25,26,-1,23,27,1,-1,1,27,28,-1,1,28,8,-1,26,29,6,-1,6,29,30,-1,6,30,4,-1,4,30,31,-1,4,31,10,-1,7,5,3,-1,3,5,2,-1,
        ]
    }
}
Shape{
    appearance Appearance {
        material  Material 	{
            diffuseColor 0.7529411764705882 0.7529411764705882 0.7529411764705882
            specularColor 0.3764705882352941 0.3764705882352941 0.3764705882352941
            ambientIntensity 0.7529
            transparency 0.0
            shininess 0.5
        }
    }
    geometry IndexedFaceSet {
        ccw TRUE
        solid FALSE
        coord DEF co Coordinate {
            point [
                -0.4468 0.0836 0.3185, -0.4468 0.0836 0.3189, -0.4479 0.092 0.3185, -0.4479 0.092 0.3189, -0.4512 0.0998 0.3185, -0.4512 0.0998 0.3189, -0.4563 0.1064 0.3185, -0.4563 0.1064 0.3189, -0.463 0.1116 0.3185, -0.463 0.1116 0.3189, -0.4708 0.1148 0.3185, -0.4708 0.1148 0.3189, -0.4791 0.1159 0.3185, -0.4791 0.1159 0.3189, -0.4875 0.1148 0.3185, -0.4875 0.1148 0.3189, -0.4953 0.1116 0.3185, -0.4953 0.1116 0.3189, -0.502 0.1064 0.3185, -0.502 0.1064 0.3189, -0.5071 0.0998 0.3185, -0.5071 0.0998 0.3189, -0.5103 0.092 0.3185, -0.5103 0.092 0.3189, -0.5114 0.0836 0.3185, -0.5114 0.0836 0.3189, -0.5103 0.0753 0.3185, -0.5103 0.0753 0.3189, -0.5071 0.0675 0.3185, -0.5071 0.0675 0.3189, -0.502 0.0608 0.3185, -0.502 0.0608 0.3189, -0.4953 0.0556 0.3185, -0.4953 0.0556 0.3189, -0.4875 0.0524 0.3185, -0.4875 0.0524 0.3189, -0.4791 0.0513 0.3185, -0.4791 0.0513 0.3189, -0.4708 0.0524 0.3185, -0.4708 0.0524 0.3189, -0.463 0.0556 0.3185, -0.463 0.0556 0.3189, -0.4563 0.0608 0.3185, -0.4563 0.0608 0.3189, -0.4512 0.0675 0.3185, -0.4512 0.0675 0.3189, -0.4479 0.0753 0.3185, -0.4479 0.0753 0.3189, -0.4791 0.0836 0.3185
            ]
        }
        coordIndex [
            0,1,2,-1,2,1,3,-1,2,3,4,-1,4,3,5,-1,4,5,6,-1,6,5,7,-1,6,7,8,-1,8,7,9,-1,8,9,10,-1,10,9,11,-1,10,11,12,-1,12,11,13,-1,12,13,14,-1,14,13,15,-1,14,15,16,-1,16,15,17,-1,16,17,18,-1,18,17,19,-1,18,19,20,-1,20,19,21,-1,20,21,22,-1,22,21,23,-1,22,23,24,-1,24,23,25,-1,24,25,26,-1,26,25,27,-1,26,27,28,-1,28,27,29,-1,28,29,30,-1,30,29,31,-1,30,31,32,-1,32,31,33,-1,32,33,34,-1,34,33,35,-1,34,35,36,-1,36,35,37,-1,36,37,38,-1,38,37,39,-1,38,39,40,-1,40,39,41,-1,40,41,42,-1,42,41,43,-1,42,43,44,-1,44,43,45,-1,44,45,46,-1,46,45,47,-1,46,47,0,-1,0,47,1,-1,44,46,48,-1,48,46,0,-1,48,0,2,-1,38,40,48,-1,48,40,42,-1,48,42,44,-1,32,34,48,-1,48,34,36,-1,48,36,38,-1,26,28,48,-1,48,28,30,-1,48,30,32,-1,20,22,48,-1,48,22,24,-1,48,24,26,-1,14,16,48,-1,48,16,18,-1,48,18,20,-1,8,10,48,-1,48,10,12,-1,48,12,14,-1,2,4,48,-1,48,4,6,-1,48,6,8,-1,
        ]
    }
}
Shape{
    appearance Appearance {
        material  Material 	{
            diffuseColor 1.0 0.7450980392156863 0.09019607843137255
            specularColor 0.5019607843137255 0.37254901960784315 0.043137254901960784
            ambientIntensity 0.7467
            transparency 0.0
            shininess 0.5
        }
    }
    geometry IndexedFaceSet {
        ccw TRUE
        solid FALSE
        coord DEF co Coordinate {
            point [
                -0.5193 0.1001 0.0492, -0.5207 0.0886 0.0492, -0.5326 0.1373 0.0492, -0.3548 -0.0205 0.0492, -0.5326 -0.0205 0.0492, -0.5326 0.03 0.0492, -0.5326 -0.187 0.0492, -0.5445 -0.187 0.0492, -0.5445 -0.1373 0.0492, -0.3548 -0.187 0.0492, -0.5326 -0.1373 0.0492, -0.0109 -0.1364 0.0492, -0.0038 -0.1373 0.0492, -0.1181 -0.1373 0.0492, -0.2471 -0.1364 0.0492, -0.24 -0.1373 0.0492, -0.3548 -0.1373 0.0492, 0.2854 -0.0886 0.0492, 0.2854 -0.0205 0.0492, 0.3495 -0.0205 0.0492, 0.1922 -0.1098 0.0492, 0.1936 -0.1132 0.0492, 0.1181 -0.1373 0.0492, 0.1981 -0.119 0.0492, 0.2014 -0.1234 0.0492, 0.2058 -0.1267 0.0492, 0.2116 -0.1312 0.0492, 0.215 -0.1326 0.0492, 0.2235 -0.1361 0.0492, 0.187 -0.0205 0.0492, 0.187 -0.0886 0.0492, 0.1884 -0.0995 0.0492, 0.1887 -0.1013 0.0492, 0.2253 0.1364 0.0492, 0.2235 0.1361 0.0492, 0.1181 0.1373 0.0492, 0.215 0.1326 0.0492, 0.1922 0.1098 0.0492, 0.1887 0.1013 0.0492, 0.1884 0.0995 0.0492, 0.2116 0.1312 0.0492, 0.2058 0.1267 0.0492, 0.2014 0.1234 0.0492, 0.1981 0.119 0.0492, 0.1936 0.1132 0.0492, 0.2324 0.1373 0.0492, 0.1181 0.187 0.0492, 0.2362 0.1378 0.0492, 0.3495 0.187 0.0492, 0.24 0.1373 0.0492, 0.2574 0.1326 0.0492, 0.249 0.1361 0.0492, 0.3495 0.1373 0.0492, 0.2471 0.1364 0.0492, 0.2854 0.03 0.0492, 0.2854 0.0886 0.0492, 0.284 0.0995 0.0492, 0.2838 0.1013 0.0492, 0.2802 0.1098 0.0492, 0.2788 0.1132 0.0492, 0.2744 0.119 0.0492, 0.271 0.1234 0.0492, 0.2667 0.1267 0.0492, 0.2608 0.1312 0.0492, 0.3183 -0.0202 0.0492, 0.3222 -0.0092 0.0492, 0.3385 -0.0092 0.0492, 0.3423 -0.0202 0.0492, 0.348 -0.0202 0.0492, 0.3495 0.03 0.0492, 0.3331 0.0191 0.0492, 0.3279 0.0191 0.0492, 0.249 -0.1361 0.0492, 0.3495 -0.1373 0.0492, 0.2471 -0.1364 0.0492, 0.24 -0.1373 0.0492, 0.2574 -0.1326 0.0492, 0.2608 -0.1312 0.0492, 0.2667 -0.1267 0.0492, 0.271 -0.1234 0.0492, 0.2744 -0.119 0.0492, 0.2788 -0.1132 0.0492, 0.2802 -0.1098 0.0492, 0.2838 -0.1013 0.0492, 0.284 -0.0995 0.0492, 0.2253 -0.1364 0.0492, 0.2324 -0.1373 0.0492, 0.1181 -0.187 0.0492, 0.2362 -0.1378 0.0492, 0.3495 -0.187 0.0492, -0.284 -0.0995 0.0492, -0.2838 -0.1013 0.0492, -0.2802 -0.1098 0.0492, -0.2788 -0.1132 0.0492, -0.2744 -0.119 0.0492, -0.271 -0.1234 0.0492, -0.2667 -0.1267 0.0492, -0.2608 -0.1312 0.0492, -0.2574 -0.1326 0.0492, -0.249 -0.1361 0.0492, -0.2802 0.1098 0.0492, -0.2838 0.1013 0.0492, -0.3548 0.1373 0.0492, -0.24 0.1373 0.0492, -0.2471 0.1364 0.0492, -0.249 0.1361 0.0492, -0.2574 0.1326 0.0492, -0.2608 0.1312 0.0492, -0.2667 0.1267 0.0492, -0.271 0.1234 0.0492, -0.2744 0.119 0.0492, -0.2788 0.1132 0.0492, -0.284 0.0995 0.0492, -0.2854 0.0886 0.0492, -0.3548 0.03 0.0492, -0.2854 0.03 0.0492, -0.2854 -0.0205 0.0492, -0.215 0.1326 0.0492, -0.2235 0.1361 0.0492, -0.1181 0.1373 0.0492, -0.187 0.03 0.0492, -0.187 0.0886 0.0492, -0.2253 0.1364 0.0492, -0.2324 0.1373 0.0492, -0.1181 0.187 0.0492, -0.2362 0.1378 0.0492, -0.3548 0.187 0.0492, -0.1884 0.0995 0.0492, -0.1887 0.1013 0.0492, -0.1922 0.1098 0.0492, -0.1936 0.1132 0.0492, -0.1981 0.119 0.0492, -0.2014 0.1234 0.0492, -0.2058 0.1267 0.0492, -0.2116 0.1312 0.0492, -0.2235 -0.1361 0.0492, -0.215 -0.1326 0.0492, -0.2116 -0.1312 0.0492, -0.2058 -0.1267 0.0492, -0.2014 -0.1234 0.0492, -0.1981 -0.119 0.0492, -0.1936 -0.1132 0.0492, -0.1922 -0.1098 0.0492, -0.1887 -0.1013 0.0492, -0.1884 -0.0995 0.0492, -0.2362 -0.1378 0.0492, -0.1181 -0.187 0.0492, -0.2324 -0.1373 0.0492, -0.2253 -0.1364 0.0492, 0.0492 0.03 0.0492, 0.0492 0.0886 0.0492, 0.0478 0.0995 0.0492, 0.0475 0.1013 0.0492, 0.044 0.1098 0.0492, 0.0426 0.1132 0.0492, 0.0381 0.119 0.0492, 0.0348 0.1234 0.0492, 0.0304 0.1267 0.0492, 0.0246 0.1312 0.0492, 0.0212 0.1326 0.0492, 0.0127 0.1361 0.0492, 0.187 0.0886 0.0492, 0.1181 0.03 0.0492, 0.1181 -0.0205 0.0492, 0.0492 -0.0205 0.0492, 0.0492 -0.0886 0.0492, 0.0127 -0.1361 0.0492, 0.0212 -0.1326 0.0492, 0.0246 -0.1312 0.0492, 0.0304 -0.1267 0.0492, 0.0348 -0.1234 0.0492, 0.0381 -0.119 0.0492, 0.0426 -0.1132 0.0492, 0.044 -0.1098 0.0492, 0.0475 -0.1013 0.0492, 0.0478 -0.0995 0.0492, 0.187 0.03 0.0492, 0.0 -0.1378 0.0492, 0.0038 -0.1373 0.0492, 0.0109 -0.1364 0.0492, -0.0492 -0.0205 0.0492, -0.0492 -0.0886 0.0492, -0.0478 -0.0995 0.0492, -0.0475 -0.1013 0.0492, -0.044 -0.1098 0.0492, -0.0426 -0.1132 0.0492, -0.0381 -0.119 0.0492, -0.0348 -0.1234 0.0492, -0.0304 -0.1267 0.0492, -0.0246 -0.1312 0.0492, -0.0212 -0.1326 0.0492, -0.0127 -0.1361 0.0492, -0.0492 0.0886 0.0492, -0.0492 0.03 0.0492, -0.1181 0.03 0.0492, -0.1181 -0.0205 0.0492, -0.187 -0.0886 0.0492, -0.0127 0.1361 0.0492, -0.0212 0.1326 0.0492, -0.0246 0.1312 0.0492, -0.0304 0.1267 0.0492, -0.0348 0.1234 0.0492, -0.0381 0.119 0.0492, -0.0426 0.1132 0.0492, -0.044 0.1098 0.0492, -0.0475 0.1013 0.0492, -0.0478 0.0995 0.0492, -0.187 -0.0205 0.0492, 0.0109 0.1364 0.0492, 0.0038 0.1373 0.0492, 0.0 0.1378 0.0492, -0.0038 0.1373 0.0492, -0.0109 0.1364 0.0492, 0.5193 0.1001 0.0492, 0.5151 0.111 0.0492, 0.5445 0.1373 0.0492, 0.5085 0.1206 0.0492, 0.4998 0.1283 0.0492, 0.5445 0.03 0.0492, 0.4998 0.0489 0.0492, 0.5085 0.0566 0.0492, 0.5151 0.0662 0.0492, 0.5193 0.077 0.0492, 0.5207 0.0886 0.0492, 0.4553 0.0435 0.0492, 0.4666 0.0407 0.0492, 0.45 0.03 0.0492, 0.4783 0.0407 0.0492, 0.4895 0.0435 0.0492, 0.4666 0.1364 0.0492, 0.45 0.1373 0.0492, 0.4783 0.1364 0.0492, 0.4895 0.1337 0.0492, 0.4256 0.077 0.0492, 0.4297 0.0662 0.0492, 0.4217 0.03 0.0492, 0.4553 0.1337 0.0492, 0.45 0.1309 0.0492, 0.4217 0.1373 0.0492, 0.4451 0.1283 0.0492, 0.4242 0.0886 0.0492, 0.4363 0.0566 0.0492, 0.4451 0.0489 0.0492, 0.45 0.0463 0.0492, 0.4363 0.1206 0.0492, 0.4297 0.111 0.0492, 0.4256 0.1001 0.0492, 0.45 -0.1373 0.0492, 0.45 -0.1309 0.0492, 0.4553 -0.1337 0.0492, 0.4783 -0.0407 0.0492, 0.4666 -0.0407 0.0492, 0.45 -0.0205 0.0492, 0.4553 -0.0435 0.0492, 0.45 -0.0463 0.0492, 0.5151 -0.111 0.0492, 0.5445 -0.1373 0.0492, 0.5085 -0.1206 0.0492, 0.4998 -0.1283 0.0492, 0.5193 -0.1001 0.0492, 0.5207 -0.0886 0.0492, 0.5445 -0.0205 0.0492, 0.5193 -0.077 0.0492, 0.5151 -0.0662 0.0492, 0.4666 -0.1364 0.0492, 0.4783 -0.1364 0.0492, 0.4895 -0.1337 0.0492, 0.5085 -0.0566 0.0492, 0.4998 -0.0489 0.0492, 0.4895 -0.0435 0.0492, 0.4451 -0.1283 0.0492, 0.4217 -0.1373 0.0492, 0.4363 -0.1206 0.0492, 0.4242 -0.0886 0.0492, 0.4256 -0.1001 0.0492, 0.4297 -0.111 0.0492, 0.4451 -0.0489 0.0492, 0.4363 -0.0566 0.0492, 0.4217 -0.0205 0.0492, 0.4297 -0.0662 0.0492, 0.4256 -0.077 0.0492, 0.4299 -0.0207 0.0492, 0.4322 -0.0205 0.0492, 0.4114 0.0191 0.0492, 0.3912 0.0191 0.0492, 0.3864 0.03 0.0492, 0.4191 -0.0139 0.0492, 0.4114 -0.0202 0.0492, 0.4191 -0.0182 0.0492, 0.4217 -0.0193 0.0492, 0.3912 0.0148 0.0492, 0.3903 -0.0159 0.0492, 0.3864 -0.0205 0.0492, 0.424 -0.0158 0.0492, 0.4217 -0.015 0.0492, 0.4217 0.0139 0.0492, 0.4198 -0.0143 0.0492, 0.4191 0.0128 0.0492, 0.3903 -0.0202 0.0492, 0.4191 0.018 0.0492, 0.4217 0.0187 0.0492, 0.4236 0.0193 0.0492, 0.4061 -0.0025 0.0492, 0.4061 -0.0159 0.0492, 0.3922 -0.0025 0.0492, 0.3922 0.0018 0.0492, 0.4061 0.0018 0.0492, 0.4061 0.0148 0.0492, 0.4429 0.0021 0.0492, 0.4322 0.0149 0.0492, 0.4351 0.0138 0.0492, 0.4235 0.0147 0.0492, 0.4283 0.0153 0.0492, 0.4431 -0.001 0.0492, 0.4427 -0.0052 0.0492, 0.4416 -0.0086 0.0492, 0.44 -0.0114 0.0492, 0.4381 -0.0133 0.0492, 0.4357 -0.0149 0.0492, 0.4378 0.012 0.0492, 0.4402 0.0093 0.0492, 0.4418 0.0063 0.0492, 0.4329 -0.016 0.0492, 0.4292 -0.0164 0.0492, 0.4386 -0.0189 0.0492, 0.4417 -0.0169 0.0492, 0.4447 -0.0138 0.0492, 0.4468 -0.01 0.0492, 0.4463 0.0088 0.0492, 0.444 0.0124 0.0492, 0.4404 0.0159 0.0492, 0.4348 -0.0202 0.0492, 0.448 -0.0059 0.0492, 0.4484 -0.0013 0.0492, 0.4478 0.0043 0.0492, 0.4367 0.018 0.0492, 0.4323 0.0193 0.0492, 0.4283 0.0196 0.0492, 0.4233 -0.0199 0.0492, 0.4273 -0.0205 0.0492, 0.4288 -0.0207 0.0492, 0.3864 -0.187 0.0492, 0.3864 -0.1373 0.0492, 0.4217 -0.187 0.0492, 0.45 -0.187 0.0492, 0.5445 -0.187 0.0492, -0.4895 -0.0435 0.0492, -0.4998 -0.0489 0.0492, -0.5085 -0.1206 0.0492, -0.5151 -0.111 0.0492, -0.5193 -0.1001 0.0492, -0.4666 -0.1364 0.0492, -0.4553 -0.1337 0.0492, -0.5207 -0.0886 0.0492, -0.5193 -0.077 0.0492, -0.4297 -0.0662 0.0492, -0.4363 -0.0566 0.0492, -0.4451 -0.0489 0.0492, -0.5085 -0.0566 0.0492, -0.5151 -0.0662 0.0492, -0.4998 -0.1283 0.0492, -0.4895 -0.1337 0.0492, -0.4783 -0.1364 0.0492, -0.4451 -0.1283 0.0492, -0.4363 -0.1206 0.0492, -0.4297 -0.111 0.0492, -0.4256 -0.1001 0.0492, -0.4242 -0.0886 0.0492, -0.4256 -0.077 0.0492, -0.4553 -0.0435 0.0492, -0.4666 -0.0407 0.0492, -0.4783 -0.0407 0.0492, 0.4517 -0.0159 0.0492, 0.4517 -0.0202 0.0492, 0.4719 -0.0202 0.0492, 0.4666 -0.0159 0.0492, 0.4666 0.0191 0.0492, 0.4719 0.0191 0.0492, 0.3529 -0.0095 0.0492, 0.3551 -0.013 0.0492, 0.3584 -0.0161 0.0492, 0.3625 -0.0185 0.0492, 0.3612 0.0169 0.0492, 0.3569 0.014 0.0492, 0.3715 0.0191 0.0492, 0.3658 0.0185 0.0492, 0.3569 0.014 0.0492, 0.3541 0.0109 0.0492, 0.3522 0.0075 0.0492, 0.367 -0.0198 0.0492, 0.3719 -0.0202 0.0492, 0.3826 -0.0202 0.0492, 0.3826 0.0191 0.0492, 0.3512 0.0036 0.0492, 0.3509 -0.0001 0.0492, 0.3515 -0.0053 0.0492, 0.3864 0.1373 0.0492, 0.3125 -0.0202 0.0492, -0.5151 0.0662 0.0492, -0.5085 0.0566 0.0492, -0.5193 0.077 0.0492, -0.4895 0.1337 0.0492, -0.4998 0.1283 0.0492, -0.4666 0.0407 0.0492, -0.4553 0.0435 0.0492, -0.4451 0.0489 0.0492, -0.4363 0.0566 0.0492, -0.4297 0.0662 0.0492, -0.4256 0.077 0.0492, -0.4242 0.0886 0.0492, -0.4256 0.1001 0.0492, -0.5085 0.1206 0.0492, -0.5151 0.111 0.0492, -0.4998 0.0489 0.0492, -0.4895 0.0435 0.0492, -0.4783 0.0407 0.0492, -0.2854 -0.0886 0.0492, -0.4297 0.111 0.0492, -0.4363 0.1206 0.0492, -0.4451 0.1283 0.0492, -0.4553 0.1337 0.0492, -0.4666 0.1364 0.0492, -0.4783 0.1364 0.0492, 0.3864 0.187 0.0492, 0.4217 0.187 0.0492, 0.45 0.187 0.0492, 0.5445 0.187 0.0492, -0.5326 0.187 0.0492, -0.5445 -0.0205 0.0492, -0.5445 0.03 0.0492, -0.5445 0.1373 0.0492, -0.5445 0.187 0.0492, 0.5445 -0.187 0.0886, 0.5445 -0.123 0.0886, 0.5445 0.0 0.0886, 0.5445 0.187 0.0886, 0.5445 0.123 0.0886, 0.3494 0.187 0.0886, -0.5445 0.187 0.0886, -0.5281 0.187 0.0886, -0.3494 0.187 0.0886, -0.1181 0.187 0.0886, 0.1181 0.187 0.0886, -0.5445 0.123 0.0886, -0.5445 0.0 0.0886, -0.5445 -0.187 0.0886, -0.5445 -0.123 0.0886, -0.5281 -0.187 0.0886, -0.3494 -0.187 0.0886, -0.1181 -0.187 0.0886, 0.1181 -0.187 0.0886, 0.3494 -0.187 0.0886, 0.4528 0.1227 0.0886, 0.4536 0.123 0.0886, 0.3494 0.123 0.0886, -0.4528 -0.1227 0.0886, -0.4536 -0.123 0.0886, -0.3494 -0.123 0.0886, -0.4623 0.1266 0.0886, -0.4536 0.123 0.0886, -0.3494 0.123 0.0886, -0.4383 0.0689 0.0886, -0.4446 0.0607 0.0886, -0.3494 0.0 0.0886, -0.4528 0.1227 0.0886, -0.4446 0.1164 0.0886, -0.4383 0.1083 0.0886, -0.4344 0.0988 0.0886, -0.4331 0.0886 0.0886, -0.4344 0.0784 0.0886, -0.5065 0.0689 0.0886, -0.5105 0.0784 0.0886, -0.5281 0.0 0.0886, -0.5118 0.0886 0.0886, -0.5281 0.123 0.0886, -0.5105 0.0988 0.0886, -0.5065 0.1083 0.0886, -0.5003 0.1164 0.0886, -0.4826 0.0506 0.0886, -0.4921 0.0545 0.0886, -0.5003 0.0607 0.0886, -0.4528 0.0545 0.0886, -0.4623 0.0506 0.0886, -0.4724 0.0492 0.0886, -0.4921 0.1227 0.0886, -0.4913 0.123 0.0886, -0.4826 0.1266 0.0886, -0.4724 0.128 0.0886, -0.4921 -0.1227 0.0886, -0.5003 -0.1164 0.0886, -0.5281 -0.123 0.0886, -0.5065 -0.1083 0.0886, -0.5105 -0.0784 0.0886, -0.5118 -0.0886 0.0886, -0.5105 -0.0988 0.0886, -0.4344 -0.0988 0.0886, -0.4383 -0.1083 0.0886, -0.4446 -0.1164 0.0886, -0.5065 -0.0689 0.0886, -0.5003 -0.0607 0.0886, -0.4921 -0.0545 0.0886, -0.4528 -0.0545 0.0886, -0.4446 -0.0607 0.0886, -0.4383 -0.0689 0.0886, -0.4344 -0.0784 0.0886, -0.4331 -0.0886 0.0886, -0.4826 -0.0506 0.0886, -0.4724 -0.0492 0.0886, -0.4623 -0.0506 0.0886, -0.4623 -0.1266 0.0886, -0.4724 -0.128 0.0886, -0.4826 -0.1266 0.0886, -0.4913 -0.123 0.0886, 0.5065 -0.0689 0.0886, 0.5105 -0.0784 0.0886, 0.4383 -0.0689 0.0886, 0.4446 -0.0607 0.0886, 0.3494 0.0 0.0886, 0.5105 -0.0988 0.0886, 0.5065 -0.1083 0.0886, 0.5003 -0.1164 0.0886, 0.4536 -0.123 0.0886, 0.4528 -0.1227 0.0886, 0.3494 -0.123 0.0886, 0.4446 -0.1164 0.0886, 0.4383 -0.1083 0.0886, 0.5118 -0.0886 0.0886, 0.4344 -0.0988 0.0886, 0.4331 -0.0886 0.0886, 0.4344 -0.0784 0.0886, 0.4826 -0.0506 0.0886, 0.4921 -0.0545 0.0886, 0.5003 -0.0607 0.0886, 0.4528 -0.0545 0.0886, 0.4623 -0.0506 0.0886, 0.4724 -0.0492 0.0886, 0.4921 -0.1227 0.0886, 0.4913 -0.123 0.0886, 0.4826 -0.1266 0.0886, 0.4724 -0.128 0.0886, 0.4623 -0.1266 0.0886, 0.4921 0.1227 0.0886, 0.5003 0.1164 0.0886, 0.5065 0.1083 0.0886, 0.5105 0.0784 0.0886, 0.5118 0.0886 0.0886, 0.5105 0.0988 0.0886, 0.4344 0.0988 0.0886, 0.4383 0.1083 0.0886, 0.4446 0.1164 0.0886, 0.5065 0.0689 0.0886, 0.5003 0.0607 0.0886, 0.4921 0.0545 0.0886, 0.4528 0.0545 0.0886, 0.4446 0.0607 0.0886, 0.4383 0.0689 0.0886, 0.4344 0.0784 0.0886, 0.4331 0.0886 0.0886, 0.4826 0.0506 0.0886, 0.4724 0.0492 0.0886, 0.4623 0.0506 0.0886, 0.4623 0.1266 0.0886, 0.4724 0.128 0.0886, 0.4826 0.1266 0.0886, 0.4913 0.123 0.0886, -0.0087 -0.1167 0.0886, -0.0148 -0.1142 0.0886, -0.1181 -0.123 0.0886, -0.0183 -0.1114 0.0886, -0.0209 -0.1095 0.0886, -0.021 -0.1092 0.0886, -0.0256 -0.1033 0.0886, -0.0273 -0.0991 0.0886, 0.1181 -0.123 0.0886, 0.0 -0.1181 0.0886, -0.0076 -0.1171 0.0886, 0.0285 -0.0962 0.0886, 0.0273 -0.0991 0.0886, 0.0256 -0.1033 0.0886, 0.021 -0.1092 0.0886, 0.0209 -0.1095 0.0886, 0.0183 -0.1114 0.0886, 0.0148 -0.1142 0.0886, 0.0087 -0.1167 0.0886, 0.0076 -0.1171 0.0886, -0.0285 -0.0962 0.0886, -0.0295 -0.0886 0.0886, -0.1181 0.0 0.0886, -0.0295 0.0 0.0886, -0.1181 0.123 0.0886, 0.0273 0.0991 0.0886, 0.0285 0.0962 0.0886, 0.1181 0.123 0.0886, 0.0295 0.0886 0.0886, 0.1181 0.0 0.0886, 0.0295 0.0 0.0886, 0.0295 -0.0886 0.0886, -0.0295 0.0886 0.0886, -0.0285 0.0962 0.0886, -0.0273 0.0991 0.0886, -0.0256 0.1033 0.0886, -0.0211 0.1092 0.0886, -0.0209 0.1095 0.0886, -0.0183 0.1114 0.0886, -0.0148 0.1142 0.0886, -0.0087 0.1167 0.0886, -0.0076 0.1171 0.0886, 0.0 0.1181 0.0886, 0.0076 0.1171 0.0886, 0.0087 0.1167 0.0886, 0.0148 0.1142 0.0886, 0.0183 0.1114 0.0886, 0.0209 0.1095 0.0886, 0.0211 0.1092 0.0886, 0.0256 0.1033 0.0886, -0.2449 -0.1167 0.0886, -0.251 -0.1142 0.0886, -0.2573 -0.1092 0.0886, -0.2618 -0.1033 0.0886, -0.2635 -0.0991 0.0886, -0.2077 -0.0962 0.0886, -0.2089 -0.0991 0.0886, -0.2545 -0.1114 0.0886, -0.2571 -0.1095 0.0886, -0.2106 -0.1033 0.0886, -0.2152 -0.1092 0.0886, -0.2153 -0.1095 0.0886, -0.2179 -0.1114 0.0886, -0.2215 -0.1142 0.0886, -0.2275 -0.1167 0.0886, -0.2286 -0.1171 0.0886, -0.2362 -0.1181 0.0886, -0.2439 -0.1171 0.0886, -0.2179 0.1114 0.0886, -0.2153 0.1095 0.0886, -0.2647 -0.0962 0.0886, -0.2657 -0.0886 0.0886, -0.2657 0.0 0.0886, -0.2657 0.0886 0.0886, -0.2647 0.0962 0.0886, -0.2636 0.0991 0.0886, -0.2618 0.1033 0.0886, -0.2573 0.1092 0.0886, -0.2151 0.1092 0.0886, -0.2106 0.1033 0.0886, -0.2089 0.0991 0.0886, -0.2077 0.0962 0.0886, -0.2067 0.0886 0.0886, -0.2067 0.0 0.0886, -0.2067 -0.0886 0.0886, -0.2571 0.1095 0.0886, -0.2545 0.1114 0.0886, -0.251 0.1142 0.0886, -0.2286 0.1171 0.0886, -0.2362 0.1181 0.0886, -0.2275 0.1167 0.0886, -0.2215 0.1142 0.0886, -0.2449 0.1167 0.0886, -0.2439 0.1171 0.0886, 0.2275 -0.1167 0.0886, 0.2215 -0.1142 0.0886, 0.2152 -0.1092 0.0886, 0.2106 -0.1033 0.0886, 0.2089 -0.0991 0.0886, 0.2179 -0.1114 0.0886, 0.2153 -0.1095 0.0886, 0.2362 -0.1181 0.0886, 0.2286 -0.1171 0.0886, 0.2647 -0.0962 0.0886, 0.2635 -0.0991 0.0886, 0.2618 -0.1033 0.0886, 0.2573 -0.1092 0.0886, 0.2571 -0.1095 0.0886, 0.2545 -0.1114 0.0886, 0.251 -0.1142 0.0886, 0.2449 -0.1167 0.0886, 0.2439 -0.1171 0.0886, 0.2077 -0.0962 0.0886, 0.2067 -0.0886 0.0886, 0.2067 0.0 0.0886, 0.2067 0.0886 0.0886, 0.2077 0.0962 0.0886, 0.2089 0.0991 0.0886, 0.2106 0.1033 0.0886, 0.2151 0.1092 0.0886, 0.2153 0.1095 0.0886, 0.2449 0.1167 0.0886, 0.251 0.1142 0.0886, 0.2545 0.1114 0.0886, 0.2571 0.1095 0.0886, 0.2573 0.1092 0.0886, 0.2618 0.1033 0.0886, 0.2636 0.0991 0.0886, 0.2647 0.0962 0.0886, 0.2657 0.0886 0.0886, 0.2657 0.0 0.0886, 0.2657 -0.0886 0.0886, 0.2179 0.1114 0.0886, 0.2215 0.1142 0.0886, 0.2275 0.1167 0.0886, 0.2286 0.1171 0.0886, 0.2362 0.1181 0.0886, 0.2439 0.1171 0.0886
            ]
        }
        coordIndex [
            0,1,2,-1,3,4,5,-1,6,7,8,-1,9,6,10,-1,11,12,13,-1,14,15,16,-1,17,18,19,-1,20,21,22,-1,21,23,22,-1,22,23,24,-1,22,24,25,-1,25,26,22,-1,22,26,27,-1,22,27,28,-1,29,30,22,-1,30,31,22,-1,22,31,32,-1,22,32,20,-1,33,34,35,-1,35,34,36,-1,37,38,35,-1,35,38,39,-1,36,40,35,-1,35,40,41,-1,35,41,42,-1,42,43,35,-1,35,43,44,-1,35,44,37,-1,33,35,45,-1,45,35,46,-1,45,46,47,-1,47,46,48,-1,47,48,49,-1,50,51,52,-1,52,51,53,-1,54,55,52,-1,55,56,52,-1,52,56,57,-1,52,57,58,-1,58,59,52,-1,52,59,60,-1,52,60,61,-1,61,62,52,-1,52,62,63,-1,52,63,50,-1,19,18,64,-1,65,66,64,-1,64,66,67,-1,64,67,19,-1,19,67,68,-1,19,68,69,-1,69,68,70,-1,69,70,71,-1,72,73,74,-1,74,73,75,-1,72,76,73,-1,73,76,77,-1,73,77,78,-1,78,79,73,-1,73,79,80,-1,73,80,81,-1,81,82,73,-1,73,82,83,-1,73,83,84,-1,28,85,22,-1,22,85,86,-1,22,86,87,-1,87,86,88,-1,87,88,89,-1,90,91,16,-1,91,92,16,-1,16,92,93,-1,16,93,94,-1,94,95,16,-1,16,95,96,-1,16,96,97,-1,97,98,16,-1,16,98,99,-1,16,99,14,-1,100,101,102,-1,103,104,102,-1,102,104,105,-1,102,105,106,-1,106,107,102,-1,102,107,108,-1,102,108,109,-1,109,110,102,-1,102,110,111,-1,102,111,100,-1,101,112,102,-1,102,112,113,-1,102,113,114,-1,114,113,115,-1,114,115,116,-1,117,118,119,-1,120,121,119,-1,118,122,119,-1,119,122,123,-1,119,123,124,-1,124,123,125,-1,124,125,126,-1,121,127,119,-1,119,127,128,-1,119,128,129,-1,129,130,119,-1,119,130,131,-1,119,131,132,-1,132,133,119,-1,119,133,134,-1,119,134,117,-1,135,136,13,-1,13,136,137,-1,13,137,138,-1,138,139,13,-1,13,139,140,-1,13,140,141,-1,141,142,13,-1,13,142,143,-1,13,143,144,-1,9,145,146,-1,146,145,147,-1,146,147,13,-1,13,147,148,-1,13,148,135,-1,149,150,35,-1,35,150,151,-1,151,152,35,-1,35,152,153,-1,35,153,154,-1,154,155,35,-1,35,155,156,-1,35,156,157,-1,157,158,35,-1,35,158,159,-1,35,159,160,-1,39,161,35,-1,35,161,162,-1,35,162,149,-1,149,162,163,-1,149,163,164,-1,164,163,165,-1,166,167,22,-1,22,167,168,-1,22,168,169,-1,169,170,22,-1,22,170,171,-1,22,171,172,-1,172,173,22,-1,22,173,174,-1,22,174,175,-1,175,165,22,-1,22,165,163,-1,22,163,29,-1,29,163,162,-1,29,162,176,-1,176,162,161,-1,13,12,146,-1,146,12,177,-1,146,177,87,-1,87,177,178,-1,87,178,22,-1,22,178,179,-1,22,179,166,-1,180,181,13,-1,13,181,182,-1,13,182,183,-1,183,184,13,-1,13,184,185,-1,13,185,186,-1,186,187,13,-1,13,187,188,-1,13,188,189,-1,189,190,13,-1,13,190,191,-1,13,191,11,-1,192,193,194,-1,194,193,180,-1,194,180,195,-1,195,180,13,-1,195,13,196,-1,196,13,144,-1,197,198,119,-1,119,198,199,-1,119,199,200,-1,200,201,119,-1,119,201,202,-1,119,202,203,-1,203,204,119,-1,119,204,205,-1,119,205,206,-1,206,192,119,-1,119,192,194,-1,119,194,120,-1,120,194,195,-1,120,195,207,-1,207,195,196,-1,160,208,35,-1,35,208,209,-1,35,209,46,-1,46,209,210,-1,46,210,124,-1,124,210,211,-1,124,211,119,-1,119,211,212,-1,119,212,197,-1,213,214,215,-1,215,214,216,-1,215,216,217,-1,218,219,220,-1,220,221,218,-1,218,221,222,-1,218,222,215,-1,215,222,223,-1,215,223,213,-1,224,225,226,-1,226,225,227,-1,226,227,218,-1,218,227,228,-1,218,228,219,-1,229,230,231,-1,231,230,215,-1,231,215,232,-1,232,215,217,-1,233,234,235,-1,229,236,230,-1,230,236,237,-1,230,237,238,-1,238,237,239,-1,233,235,240,-1,234,241,235,-1,235,241,242,-1,235,242,226,-1,226,242,243,-1,226,243,224,-1,239,244,238,-1,238,244,245,-1,238,245,246,-1,247,248,249,-1,250,251,252,-1,252,251,253,-1,252,253,254,-1,255,256,257,-1,257,256,258,-1,255,259,256,-1,256,259,260,-1,256,260,261,-1,261,260,262,-1,261,262,263,-1,249,264,247,-1,247,264,265,-1,247,265,256,-1,256,265,266,-1,256,266,258,-1,263,267,261,-1,261,267,268,-1,261,268,269,-1,248,247,270,-1,270,247,271,-1,270,271,272,-1,273,274,271,-1,271,274,275,-1,271,275,272,-1,276,277,278,-1,278,277,279,-1,278,279,280,-1,276,281,282,-1,276,282,254,-1,283,284,285,-1,283,286,287,-1,287,286,288,-1,287,288,289,-1,284,290,285,-1,285,290,291,-1,285,291,292,-1,293,294,295,-1,295,294,296,-1,295,296,297,-1,291,298,292,-1,292,298,287,-1,292,287,278,-1,278,287,289,-1,296,286,297,-1,297,286,283,-1,297,283,299,-1,299,283,285,-1,299,285,300,-1,300,285,235,-1,300,235,301,-1,302,303,304,-1,304,303,291,-1,304,291,305,-1,305,291,290,-1,305,290,306,-1,306,290,307,-1,308,309,310,-1,295,311,308,-1,308,311,312,-1,308,312,309,-1,308,313,295,-1,295,313,314,-1,295,314,315,-1,315,316,295,-1,295,316,317,-1,295,317,318,-1,310,319,308,-1,308,319,320,-1,308,320,321,-1,318,322,295,-1,295,322,323,-1,295,323,293,-1,324,325,252,-1,252,325,326,-1,252,326,327,-1,328,329,226,-1,226,329,330,-1,254,282,252,-1,252,282,331,-1,252,331,324,-1,327,332,252,-1,252,332,333,-1,252,333,226,-1,226,333,334,-1,226,334,328,-1,330,335,226,-1,226,335,336,-1,226,336,235,-1,235,336,337,-1,235,337,301,-1,289,338,278,-1,278,338,339,-1,278,339,276,-1,276,339,340,-1,276,340,281,-1,88,75,89,-1,89,75,73,-1,89,73,341,-1,341,73,342,-1,341,342,343,-1,343,342,271,-1,343,271,344,-1,344,271,247,-1,344,247,345,-1,345,247,256,-1,84,17,73,-1,73,17,19,-1,73,19,342,-1,342,19,292,-1,342,292,271,-1,271,292,278,-1,271,278,273,-1,273,278,280,-1,346,347,4,-1,348,10,349,-1,349,10,350,-1,351,352,16,-1,350,10,353,-1,353,10,4,-1,353,4,354,-1,355,356,3,-1,3,356,357,-1,347,358,4,-1,4,358,359,-1,4,359,354,-1,348,360,10,-1,10,360,361,-1,10,361,362,-1,352,363,16,-1,16,363,364,-1,16,364,365,-1,365,366,16,-1,16,366,367,-1,16,367,3,-1,3,367,368,-1,3,368,355,-1,357,369,3,-1,3,369,370,-1,3,370,4,-1,4,370,371,-1,4,371,346,-1,362,351,10,-1,10,351,16,-1,10,16,9,-1,9,16,15,-1,9,15,145,-1,226,372,252,-1,252,372,373,-1,252,373,374,-1,375,372,376,-1,376,372,226,-1,376,226,377,-1,377,226,218,-1,377,218,374,-1,374,218,261,-1,374,261,252,-1,252,261,269,-1,252,269,250,-1,378,379,19,-1,19,379,380,-1,19,380,381,-1,69,382,383,-1,285,384,69,-1,69,384,385,-1,69,385,382,-1,383,386,69,-1,69,386,387,-1,69,387,388,-1,381,389,19,-1,19,389,390,-1,19,390,292,-1,292,390,391,-1,292,391,285,-1,285,391,392,-1,285,392,384,-1,388,393,69,-1,69,393,394,-1,69,394,19,-1,19,394,395,-1,19,395,378,-1,246,240,238,-1,238,240,235,-1,238,235,396,-1,396,235,285,-1,396,285,52,-1,52,285,69,-1,52,69,54,-1,54,69,71,-1,54,71,18,-1,18,71,397,-1,18,397,64,-1,398,399,5,-1,2,1,5,-1,5,1,400,-1,5,400,398,-1,401,402,2,-1,403,404,114,-1,114,404,405,-1,114,405,406,-1,406,407,114,-1,114,407,408,-1,114,408,102,-1,102,408,409,-1,102,409,410,-1,402,411,2,-1,2,411,412,-1,2,412,0,-1,399,413,5,-1,5,413,414,-1,5,414,415,-1,415,403,5,-1,5,403,114,-1,5,114,3,-1,3,114,116,-1,3,116,16,-1,16,116,416,-1,16,416,90,-1,410,417,102,-1,102,417,418,-1,102,418,419,-1,419,420,102,-1,102,420,421,-1,102,421,2,-1,2,421,422,-1,2,422,401,-1,53,49,52,-1,52,49,48,-1,52,48,396,-1,396,48,423,-1,396,423,238,-1,238,423,424,-1,238,424,230,-1,230,424,425,-1,230,425,215,-1,215,425,426,-1,2,427,102,-1,102,427,126,-1,102,126,103,-1,103,126,125,-1,6,8,10,-1,10,8,428,-1,10,428,4,-1,4,428,429,-1,4,429,5,-1,5,429,430,-1,5,430,2,-1,2,430,431,-1,2,431,427,-1,432,345,433,-1,433,345,256,-1,433,256,434,-1,426,435,215,-1,215,435,436,-1,215,436,218,-1,218,436,434,-1,218,434,261,-1,261,434,256,-1,424,437,425,-1,425,437,435,-1,425,435,426,-1,431,438,427,-1,427,438,439,-1,427,439,126,-1,126,439,440,-1,126,440,124,-1,124,440,441,-1,124,441,46,-1,46,441,442,-1,46,442,48,-1,48,442,437,-1,48,437,423,-1,423,437,424,-1,438,431,443,-1,443,431,430,-1,443,430,444,-1,7,445,8,-1,8,445,446,-1,8,446,428,-1,428,446,444,-1,428,444,429,-1,429,444,430,-1,445,7,447,-1,447,7,6,-1,447,6,448,-1,448,6,9,-1,448,9,449,-1,449,9,146,-1,449,146,450,-1,450,146,87,-1,450,87,451,-1,451,87,89,-1,89,341,451,-1,451,341,343,-1,451,343,432,-1,432,343,344,-1,432,344,345,-1,452,453,454,-1,455,456,457,-1,458,459,460,-1,461,462,463,-1,459,464,460,-1,460,464,465,-1,460,465,466,-1,466,467,460,-1,460,467,468,-1,460,468,463,-1,463,468,469,-1,463,469,461,-1,470,471,472,-1,472,471,473,-1,472,473,474,-1,473,475,474,-1,474,475,476,-1,474,476,477,-1,478,479,472,-1,472,479,480,-1,472,480,470,-1,462,481,463,-1,463,481,482,-1,463,482,472,-1,472,482,483,-1,472,483,478,-1,477,484,474,-1,474,484,485,-1,474,485,439,-1,485,486,439,-1,439,486,487,-1,439,487,440,-1,440,487,458,-1,488,489,490,-1,490,489,491,-1,492,472,493,-1,493,472,490,-1,493,490,494,-1,494,490,491,-1,495,496,457,-1,457,496,497,-1,457,497,455,-1,492,498,472,-1,472,498,499,-1,472,499,500,-1,463,501,502,-1,502,503,463,-1,463,503,504,-1,463,504,457,-1,457,504,505,-1,457,505,495,-1,500,506,472,-1,472,506,507,-1,472,507,463,-1,463,507,508,-1,463,508,501,-1,456,509,448,-1,448,509,447,-1,509,510,447,-1,447,510,511,-1,447,511,490,-1,490,511,512,-1,490,512,488,-1,513,514,434,-1,515,516,517,-1,518,519,433,-1,433,519,520,-1,521,522,523,-1,523,522,524,-1,523,524,525,-1,434,514,433,-1,433,514,526,-1,433,526,518,-1,525,527,523,-1,523,527,528,-1,523,528,517,-1,517,528,529,-1,517,529,515,-1,530,531,434,-1,434,531,532,-1,434,532,513,-1,516,533,517,-1,517,533,534,-1,517,534,434,-1,434,534,535,-1,434,535,530,-1,520,536,433,-1,433,536,537,-1,433,537,432,-1,537,538,432,-1,432,538,539,-1,432,539,451,-1,451,539,540,-1,541,542,436,-1,436,542,543,-1,544,434,545,-1,545,434,436,-1,545,436,546,-1,546,436,543,-1,547,548,454,-1,454,548,549,-1,454,549,452,-1,544,550,434,-1,434,550,551,-1,434,551,552,-1,517,553,554,-1,554,555,517,-1,517,555,556,-1,517,556,454,-1,454,556,557,-1,454,557,547,-1,552,558,434,-1,434,558,559,-1,434,559,517,-1,517,559,560,-1,517,560,553,-1,435,437,561,-1,561,562,435,-1,435,562,563,-1,435,563,436,-1,436,563,564,-1,436,564,541,-1,565,566,567,-1,567,566,568,-1,567,568,569,-1,569,570,567,-1,567,570,571,-1,567,571,572,-1,573,574,567,-1,567,574,575,-1,567,575,565,-1,576,577,573,-1,573,577,578,-1,573,578,579,-1,579,580,573,-1,573,580,581,-1,573,581,582,-1,582,583,573,-1,573,583,584,-1,573,584,574,-1,572,585,567,-1,567,585,586,-1,567,586,587,-1,587,586,588,-1,587,588,589,-1,590,591,592,-1,592,591,593,-1,592,593,594,-1,594,593,595,-1,594,595,573,-1,573,595,596,-1,573,596,576,-1,588,597,589,-1,589,597,598,-1,589,598,599,-1,599,600,589,-1,589,600,601,-1,589,601,602,-1,602,603,589,-1,589,603,604,-1,589,604,605,-1,605,606,589,-1,589,606,607,-1,589,607,592,-1,592,607,608,-1,592,608,609,-1,609,610,592,-1,592,610,611,-1,592,611,612,-1,612,613,592,-1,592,613,614,-1,592,614,590,-1,615,616,457,-1,617,618,457,-1,457,618,619,-1,567,620,621,-1,616,622,457,-1,457,622,623,-1,457,623,617,-1,621,624,567,-1,567,624,625,-1,567,625,626,-1,626,627,567,-1,567,627,628,-1,567,628,629,-1,629,630,567,-1,567,630,631,-1,567,631,457,-1,457,631,632,-1,457,632,615,-1,633,634,589,-1,619,635,457,-1,457,635,636,-1,457,636,463,-1,463,636,637,-1,463,637,460,-1,460,637,638,-1,460,638,639,-1,639,640,460,-1,460,640,641,-1,460,641,642,-1,634,643,589,-1,589,643,644,-1,589,644,645,-1,645,646,589,-1,589,646,647,-1,589,647,587,-1,587,647,648,-1,587,648,567,-1,567,648,649,-1,567,649,620,-1,642,650,460,-1,460,650,651,-1,460,651,652,-1,653,589,654,-1,654,589,460,-1,653,655,589,-1,589,655,656,-1,589,656,633,-1,652,657,460,-1,460,657,658,-1,460,658,654,-1,659,660,573,-1,661,662,573,-1,573,662,663,-1,660,664,573,-1,573,664,665,-1,573,665,661,-1,523,666,573,-1,573,666,667,-1,573,667,659,-1,668,669,523,-1,523,669,670,-1,523,670,671,-1,671,672,523,-1,523,672,673,-1,523,673,674,-1,674,675,523,-1,523,675,676,-1,523,676,666,-1,663,677,573,-1,573,677,678,-1,573,678,594,-1,594,678,679,-1,594,679,592,-1,679,680,592,-1,592,680,681,-1,592,681,682,-1,682,683,592,-1,592,683,684,-1,592,684,685,-1,686,687,454,-1,454,687,688,-1,454,688,689,-1,689,690,454,-1,454,690,691,-1,454,691,692,-1,692,693,454,-1,454,693,694,-1,454,694,517,-1,517,694,695,-1,517,695,523,-1,523,695,696,-1,523,696,668,-1,685,697,592,-1,592,697,698,-1,592,698,699,-1,699,700,592,-1,592,700,701,-1,592,701,454,-1,454,701,702,-1,454,702,686,-1,458,460,440,-1,440,460,589,-1,440,589,441,-1,441,589,592,-1,441,592,442,-1,442,592,454,-1,442,454,437,-1,437,454,453,-1,437,453,561,-1,456,448,457,-1,457,448,449,-1,457,449,567,-1,567,449,450,-1,567,450,573,-1,573,450,451,-1,573,451,523,-1,523,451,540,-1,523,540,521,-1,439,438,474,-1,474,438,443,-1,474,443,472,-1,472,443,444,-1,472,444,490,-1,490,444,446,-1,490,446,447,-1,447,446,445,-1,
        ]
    }
}
Shape{
    appearance Appearance {
        material  Material 	{
            diffuseColor 1.0 1.0 1.0
            specularColor 0.5019607843137255 0.5019607843137255 0.5019607843137255
            ambientIntensity 1.0
            transparency 0.0
            shininess 0.5
        }
    }
    geometry IndexedFaceSet {
        ccw TRUE
        solid FALSE
        coord DEF co Coordinate {
            point [
                -0.4724 0.0886 0.0098, -0.4613 0.0886 0.0111, -0.4616 0.0859 0.0111, -0.4641 0.0812 0.0111, -0.4661 0.0794 0.0111, -0.4626 0.0834 0.0111, -0.4711 0.0775 0.0111, -0.4738 0.0775 0.0111, -0.4685 0.0782 0.0111, -0.4788 0.0794 0.0111, -0.4808 0.0812 0.0111, -0.4764 0.0782 0.0111, -0.4833 0.0859 0.0111, -0.4836 0.0886 0.0111, -0.4823 0.0834 0.0111, -0.4823 0.0938 0.0111, -0.4808 0.096 0.0111, -0.4833 0.0912 0.0111, -0.4764 0.099 0.0111, -0.4738 0.0996 0.0111, -0.4788 0.0977 0.0111, -0.4685 0.099 0.0111, -0.4661 0.0977 0.0111, -0.4711 0.0996 0.0111, -0.4626 0.0938 0.0111, -0.4616 0.0912 0.0111, -0.4641 0.096 0.0111, -0.4514 0.0834 0.0149, -0.4532 0.0785 0.0149, -0.4562 0.0742 0.0149, -0.4601 0.0707 0.0149, -0.4647 0.0683 0.0149, -0.4698 0.067 0.0149, -0.4751 0.067 0.0149, -0.4801 0.0683 0.0149, -0.4848 0.0707 0.0149, -0.4887 0.0742 0.0149, -0.4916 0.0785 0.0149, -0.4935 0.0834 0.0149, -0.4941 0.0886 0.0149, -0.4935 0.0938 0.0149, -0.4916 0.0987 0.0149, -0.4887 0.103 0.0149, -0.4848 0.1064 0.0149, -0.4801 0.1089 0.0149, -0.4751 0.1101 0.0149, -0.4698 0.1101 0.0149, -0.4647 0.1089 0.0149, -0.4601 0.1064 0.0149, -0.4562 0.103 0.0149, -0.4532 0.0987 0.0149, -0.4514 0.0938 0.0149, -0.4507 0.0886 0.0149, -0.4422 0.0811 0.0209, -0.4449 0.0741 0.0209, -0.4491 0.0679 0.0209, -0.4548 0.063 0.0209, -0.4614 0.0595 0.0209, -0.4687 0.0577 0.0209, -0.4762 0.0577 0.0209, -0.4835 0.0595 0.0209, -0.4901 0.063 0.0209, -0.4957 0.0679 0.0209, -0.5 0.0741 0.0209, -0.5027 0.0811 0.0209, -0.5036 0.0886 0.0209, -0.5027 0.096 0.0209, -0.5 0.103 0.0209, -0.4957 0.1092 0.0209, -0.4901 0.1142 0.0209, -0.4835 0.1177 0.0209, -0.4762 0.1195 0.0209, -0.4687 0.1195 0.0209, -0.4614 0.1177 0.0209, -0.4548 0.1142 0.0209, -0.4491 0.1092 0.0209, -0.4449 0.103 0.0209, -0.4422 0.096 0.0209, -0.4413 0.0886 0.0209, -0.4346 0.0793 0.029, -0.438 0.0705 0.029, -0.4433 0.0628 0.029, -0.4503 0.0565 0.029, -0.4586 0.0522 0.029, -0.4677 0.0499 0.029, -0.4771 0.0499 0.029, -0.4862 0.0522 0.029, -0.4946 0.0565 0.029, -0.5016 0.0628 0.029, -0.5069 0.0705 0.029, -0.5103 0.0793 0.029, -0.5114 0.0886 0.029, -0.5103 0.0979 0.029, -0.5069 0.1067 0.029, -0.5016 0.1144 0.029, -0.4946 0.1206 0.029, -0.4862 0.125 0.029, -0.4771 0.1272 0.029, -0.4677 0.1272 0.029, -0.4586 0.125 0.029, -0.4503 0.1206 0.029, -0.4433 0.1144 0.029, -0.438 0.1067 0.029, -0.4346 0.0979 0.029, -0.4335 0.0886 0.029, -0.429 0.0779 0.0386, -0.4328 0.0678 0.0386, -0.439 0.0589 0.0386, -0.447 0.0518 0.0386, -0.4566 0.0467 0.0386, -0.467 0.0442 0.0386, -0.4778 0.0442 0.0386, -0.4883 0.0467 0.0386, -0.4979 0.0518 0.0386, -0.5059 0.0589 0.0386, -0.5121 0.0678 0.0386, -0.5159 0.0779 0.0386, -0.5172 0.0886 0.0386, -0.5159 0.0993 0.0386, -0.5121 0.1094 0.0386, -0.5059 0.1183 0.0386, -0.4979 0.1254 0.0386, -0.4883 0.1304 0.0386, -0.4778 0.133 0.0386, -0.467 0.133 0.0386, -0.4566 0.1304 0.0386, -0.447 0.1254 0.0386, -0.439 0.1183 0.0386, -0.4328 0.1094 0.0386, -0.429 0.0993 0.0386, -0.4277 0.0886 0.0386, -0.4256 0.077 0.0492, -0.4297 0.0662 0.0492, -0.4363 0.0566 0.0492, -0.4451 0.0489 0.0492, -0.4553 0.0435 0.0492, -0.4666 0.0407 0.0492, -0.4783 0.0407 0.0492, -0.4895 0.0435 0.0492, -0.4998 0.0489 0.0492, -0.5085 0.0566 0.0492, -0.5151 0.0662 0.0492, -0.5193 0.077 0.0492, -0.5207 0.0886 0.0492, -0.5193 0.1001 0.0492, -0.5151 0.111 0.0492, -0.5085 0.1206 0.0492, -0.4998 0.1283 0.0492, -0.4895 0.1337 0.0492, -0.4783 0.1364 0.0492, -0.4666 0.1364 0.0492, -0.4553 0.1337 0.0492, -0.4451 0.1283 0.0492, -0.4363 0.1206 0.0492, -0.4297 0.111 0.0492, -0.4256 0.1001 0.0492, -0.4242 0.0886 0.0492, -0.4626 0.0829 0.107, -0.4615 0.0857 0.107, -0.4724 0.0886 0.1083, -0.4644 0.0806 0.107, -0.4668 0.0788 0.107, -0.4695 0.0777 0.107, -0.4724 0.0773 0.107, -0.4754 0.0777 0.107, -0.4781 0.0788 0.107, -0.4804 0.0806 0.107, -0.4822 0.0829 0.107, -0.4834 0.0857 0.107, -0.4837 0.0886 0.107, -0.4834 0.0915 0.107, -0.4822 0.0942 0.107, -0.4804 0.0966 0.107, -0.4781 0.0984 0.107, -0.4754 0.0995 0.107, -0.4724 0.0999 0.107, -0.4695 0.0995 0.107, -0.4668 0.0984 0.107, -0.4644 0.0966 0.107, -0.4626 0.0942 0.107, -0.4615 0.0915 0.107, -0.4611 0.0886 0.107, -0.4643 0.119 0.0968, -0.4724 0.128 0.0886, -0.4724 0.1201 0.0968, -0.4826 0.1266 0.0886, -0.4806 0.119 0.0968, -0.4913 0.123 0.0886, -0.4882 0.1159 0.0968, -0.4921 0.1227 0.0886, -0.5003 0.1164 0.0886, -0.4947 0.1109 0.0968, -0.5065 0.1083 0.0886, -0.4997 0.1043 0.0968, -0.5105 0.0988 0.0886, -0.5029 0.0967 0.0968, -0.5118 0.0886 0.0886, -0.504 0.0886 0.0968, -0.5105 0.0784 0.0886, -0.5029 0.0804 0.0968, -0.5065 0.0689 0.0886, -0.4997 0.0728 0.0968, -0.5003 0.0607 0.0886, -0.4947 0.0663 0.0968, -0.4921 0.0545 0.0886, -0.4882 0.0613 0.0968, -0.4826 0.0506 0.0886, -0.4806 0.0581 0.0968, -0.4724 0.0492 0.0886, -0.4724 0.0571 0.0968, -0.4623 0.0506 0.0886, -0.4643 0.0581 0.0968, -0.4528 0.0545 0.0886, -0.4567 0.0613 0.0968, -0.4446 0.0607 0.0886, -0.4501 0.0663 0.0968, -0.4383 0.0689 0.0886, -0.4451 0.0728 0.0968, -0.4344 0.0784 0.0886, -0.442 0.0804 0.0968, -0.4331 0.0886 0.0886, -0.4409 0.0886 0.0968, -0.4344 0.0988 0.0886, -0.442 0.0967 0.0968, -0.4383 0.1083 0.0886, -0.4451 0.1043 0.0968, -0.4446 0.1164 0.0886, -0.4501 0.1109 0.0968, -0.4528 0.1227 0.0886, -0.4567 0.1159 0.0968, -0.4536 0.123 0.0886, -0.4623 0.1266 0.0886, -0.4512 0.0829 0.1031, -0.4534 0.0776 0.1031, -0.4569 0.073 0.1031, -0.4614 0.0695 0.1031, -0.4667 0.0673 0.1031, -0.4724 0.0666 0.1031, -0.4781 0.0673 0.1031, -0.4834 0.0695 0.1031, -0.488 0.073 0.1031, -0.4915 0.0776 0.1031, -0.4937 0.0829 0.1031, -0.4944 0.0886 0.1031, -0.4937 0.0943 0.1031, -0.4915 0.0996 0.1031, -0.488 0.1041 0.1031, -0.4834 0.1076 0.1031, -0.4781 0.1098 0.1031, -0.4724 0.1106 0.1031, -0.4667 0.1098 0.1031, -0.4614 0.1076 0.1031, -0.4569 0.1041 0.1031, -0.4534 0.0996 0.1031, -0.4512 0.0943 0.1031, -0.4504 0.0886 0.1031, -0.4724 -0.0886 0.0098, -0.4613 -0.0886 0.0111, -0.4616 -0.0912 0.0111, -0.4641 -0.096 0.0111, -0.4661 -0.0977 0.0111, -0.4626 -0.0938 0.0111, -0.4711 -0.0996 0.0111, -0.4738 -0.0996 0.0111, -0.4685 -0.099 0.0111, -0.4788 -0.0977 0.0111, -0.4808 -0.096 0.0111, -0.4764 -0.099 0.0111, -0.4833 -0.0912 0.0111, -0.4836 -0.0886 0.0111, -0.4823 -0.0938 0.0111, -0.4823 -0.0834 0.0111, -0.4808 -0.0812 0.0111, -0.4833 -0.0859 0.0111, -0.4764 -0.0782 0.0111, -0.4738 -0.0775 0.0111, -0.4788 -0.0794 0.0111, -0.4685 -0.0782 0.0111, -0.4661 -0.0794 0.0111, -0.4711 -0.0775 0.0111, -0.4626 -0.0834 0.0111, -0.4616 -0.0859 0.0111, -0.4641 -0.0812 0.0111, -0.4514 -0.0938 0.0149, -0.4532 -0.0987 0.0149, -0.4562 -0.103 0.0149, -0.4601 -0.1064 0.0149, -0.4647 -0.1089 0.0149, -0.4698 -0.1101 0.0149, -0.4751 -0.1101 0.0149, -0.4801 -0.1089 0.0149, -0.4848 -0.1064 0.0149, -0.4887 -0.103 0.0149, -0.4916 -0.0987 0.0149, -0.4935 -0.0938 0.0149, -0.4941 -0.0886 0.0149, -0.4935 -0.0834 0.0149, -0.4916 -0.0785 0.0149, -0.4887 -0.0742 0.0149, -0.4848 -0.0707 0.0149, -0.4801 -0.0683 0.0149, -0.4751 -0.067 0.0149, -0.4698 -0.067 0.0149, -0.4647 -0.0683 0.0149, -0.4601 -0.0707 0.0149, -0.4562 -0.0742 0.0149, -0.4532 -0.0785 0.0149, -0.4514 -0.0834 0.0149, -0.4507 -0.0886 0.0149, -0.4422 -0.096 0.0209, -0.4449 -0.103 0.0209, -0.4491 -0.1092 0.0209, -0.4548 -0.1142 0.0209, -0.4614 -0.1177 0.0209, -0.4687 -0.1195 0.0209, -0.4762 -0.1195 0.0209, -0.4835 -0.1177 0.0209, -0.4901 -0.1142 0.0209, -0.4957 -0.1092 0.0209, -0.5 -0.103 0.0209, -0.5027 -0.096 0.0209, -0.5036 -0.0886 0.0209, -0.5027 -0.0811 0.0209, -0.5 -0.0741 0.0209, -0.4957 -0.0679 0.0209, -0.4901 -0.063 0.0209, -0.4835 -0.0595 0.0209, -0.4762 -0.0577 0.0209, -0.4687 -0.0577 0.0209, -0.4614 -0.0595 0.0209, -0.4548 -0.063 0.0209, -0.4491 -0.0679 0.0209, -0.4449 -0.0741 0.0209, -0.4422 -0.0811 0.0209, -0.4413 -0.0886 0.0209, -0.4346 -0.0979 0.029, -0.438 -0.1067 0.029, -0.4433 -0.1144 0.029, -0.4503 -0.1206 0.029, -0.4586 -0.125 0.029, -0.4677 -0.1272 0.029, -0.4771 -0.1272 0.029, -0.4862 -0.125 0.029, -0.4946 -0.1206 0.029, -0.5016 -0.1144 0.029, -0.5069 -0.1067 0.029, -0.5103 -0.0979 0.029, -0.5114 -0.0886 0.029, -0.5103 -0.0793 0.029, -0.5069 -0.0705 0.029, -0.5016 -0.0628 0.029, -0.4946 -0.0565 0.029, -0.4862 -0.0522 0.029, -0.4771 -0.0499 0.029, -0.4677 -0.0499 0.029, -0.4586 -0.0522 0.029, -0.4503 -0.0565 0.029, -0.4433 -0.0628 0.029, -0.438 -0.0705 0.029, -0.4346 -0.0793 0.029, -0.4335 -0.0886 0.029, -0.429 -0.0993 0.0386, -0.4328 -0.1094 0.0386, -0.439 -0.1183 0.0386, -0.447 -0.1254 0.0386, -0.4566 -0.1304 0.0386, -0.467 -0.133 0.0386, -0.4778 -0.133 0.0386, -0.4883 -0.1304 0.0386, -0.4979 -0.1254 0.0386, -0.5059 -0.1183 0.0386, -0.5121 -0.1094 0.0386, -0.5159 -0.0993 0.0386, -0.5172 -0.0886 0.0386, -0.5159 -0.0779 0.0386, -0.5121 -0.0678 0.0386, -0.5059 -0.0589 0.0386, -0.4979 -0.0518 0.0386, -0.4883 -0.0467 0.0386, -0.4778 -0.0442 0.0386, -0.467 -0.0442 0.0386, -0.4566 -0.0467 0.0386, -0.447 -0.0518 0.0386, -0.439 -0.0589 0.0386, -0.4328 -0.0678 0.0386, -0.429 -0.0779 0.0386, -0.4277 -0.0886 0.0386, -0.4256 -0.1001 0.0492, -0.4297 -0.111 0.0492, -0.4363 -0.1206 0.0492, -0.4451 -0.1283 0.0492, -0.4553 -0.1337 0.0492, -0.4666 -0.1364 0.0492, -0.4783 -0.1364 0.0492, -0.4895 -0.1337 0.0492, -0.4998 -0.1283 0.0492, -0.5085 -0.1206 0.0492, -0.5151 -0.111 0.0492, -0.5193 -0.1001 0.0492, -0.5207 -0.0886 0.0492, -0.5193 -0.077 0.0492, -0.5151 -0.0662 0.0492, -0.5085 -0.0566 0.0492, -0.4998 -0.0489 0.0492, -0.4895 -0.0435 0.0492, -0.4783 -0.0407 0.0492, -0.4666 -0.0407 0.0492, -0.4553 -0.0435 0.0492, -0.4451 -0.0489 0.0492, -0.4363 -0.0566 0.0492, -0.4297 -0.0662 0.0492, -0.4256 -0.077 0.0492, -0.4242 -0.0886 0.0492, -0.4626 -0.0942 0.107, -0.4615 -0.0915 0.107, -0.4724 -0.0886 0.1083, -0.4644 -0.0966 0.107, -0.4668 -0.0984 0.107, -0.4695 -0.0995 0.107, -0.4724 -0.0999 0.107, -0.4754 -0.0995 0.107, -0.4781 -0.0984 0.107, -0.4804 -0.0966 0.107, -0.4822 -0.0942 0.107, -0.4834 -0.0915 0.107, -0.4837 -0.0886 0.107, -0.4834 -0.0857 0.107, -0.4822 -0.0829 0.107, -0.4804 -0.0806 0.107, -0.4781 -0.0788 0.107, -0.4754 -0.0777 0.107, -0.4724 -0.0773 0.107, -0.4695 -0.0777 0.107, -0.4668 -0.0788 0.107, -0.4644 -0.0806 0.107, -0.4626 -0.0829 0.107, -0.4615 -0.0857 0.107, -0.4611 -0.0886 0.107, -0.4806 -0.119 0.0968, -0.4724 -0.128 0.0886, -0.4724 -0.1201 0.0968, -0.4623 -0.1266 0.0886, -0.4643 -0.119 0.0968, -0.4536 -0.123 0.0886, -0.4567 -0.1159 0.0968, -0.4528 -0.1227 0.0886, -0.4446 -0.1164 0.0886, -0.4501 -0.1109 0.0968, -0.4383 -0.1083 0.0886, -0.4451 -0.1043 0.0968, -0.4344 -0.0988 0.0886, -0.442 -0.0967 0.0968, -0.4331 -0.0886 0.0886, -0.4409 -0.0886 0.0968, -0.4344 -0.0784 0.0886, -0.442 -0.0804 0.0968, -0.4383 -0.0689 0.0886, -0.4451 -0.0728 0.0968, -0.4446 -0.0607 0.0886, -0.4501 -0.0663 0.0968, -0.4528 -0.0545 0.0886, -0.4567 -0.0613 0.0968, -0.4623 -0.0506 0.0886, -0.4643 -0.0581 0.0968, -0.4724 -0.0492 0.0886, -0.4724 -0.0571 0.0968, -0.4826 -0.0506 0.0886, -0.4806 -0.0581 0.0968, -0.4921 -0.0545 0.0886, -0.4882 -0.0613 0.0968, -0.5003 -0.0607 0.0886, -0.4947 -0.0663 0.0968, -0.5065 -0.0689 0.0886, -0.4997 -0.0728 0.0968, -0.5105 -0.0784 0.0886, -0.5029 -0.0804 0.0968, -0.5118 -0.0886 0.0886, -0.504 -0.0886 0.0968, -0.5105 -0.0988 0.0886, -0.5029 -0.0967 0.0968, -0.5065 -0.1083 0.0886, -0.4997 -0.1043 0.0968, -0.5003 -0.1164 0.0886, -0.4947 -0.1109 0.0968, -0.4921 -0.1227 0.0886, -0.4882 -0.1159 0.0968, -0.4913 -0.123 0.0886, -0.4826 -0.1266 0.0886, -0.4512 -0.0943 0.1031, -0.4534 -0.0996 0.1031, -0.4569 -0.1041 0.1031, -0.4614 -0.1076 0.1031, -0.4667 -0.1098 0.1031, -0.4724 -0.1106 0.1031, -0.4781 -0.1098 0.1031, -0.4834 -0.1076 0.1031, -0.488 -0.1041 0.1031, -0.4915 -0.0996 0.1031, -0.4937 -0.0943 0.1031, -0.4944 -0.0886 0.1031, -0.4937 -0.0829 0.1031, -0.4915 -0.0776 0.1031, -0.488 -0.073 0.1031, -0.4834 -0.0695 0.1031, -0.4781 -0.0673 0.1031, -0.4724 -0.0666 0.1031, -0.4667 -0.0673 0.1031, -0.4614 -0.0695 0.1031, -0.4569 -0.073 0.1031, -0.4534 -0.0776 0.1031, -0.4512 -0.0829 0.1031, -0.4504 -0.0886 0.1031, 0.5059 -0.1183 0.0386, 0.5016 -0.1144 0.029, 0.5069 -0.1067 0.029, 0.4957 -0.1092 0.0209, 0.5 -0.103 0.0209, 0.4887 -0.103 0.0149, 0.4916 -0.0987 0.0149, 0.4724 -0.0886 0.0098, 0.4685 -0.0782 0.0111, 0.4711 -0.0775 0.0111, 0.4764 -0.0782 0.0111, 0.4788 -0.0794 0.0111, 0.4738 -0.0775 0.0111, 0.4823 -0.0834 0.0111, 0.4833 -0.0859 0.0111, 0.4808 -0.0812 0.0111, 0.4833 -0.0912 0.0111, 0.4823 -0.0938 0.0111, 0.4836 -0.0886 0.0111, 0.4808 -0.096 0.0111, 0.4413 -0.0886 0.0209, 0.4507 -0.0886 0.0149, 0.4514 -0.0938 0.0149, 0.4616 -0.0912 0.0111, 0.4626 -0.0938 0.0111, 0.4935 -0.0938 0.0149, 0.4941 -0.0886 0.0149, 0.4935 -0.0834 0.0149, 0.4916 -0.0785 0.0149, 0.4887 -0.0742 0.0149, 0.4848 -0.0707 0.0149, 0.4801 -0.0683 0.0149, 0.4751 -0.067 0.0149, 0.4698 -0.067 0.0149, 0.4647 -0.0683 0.0149, 0.4335 -0.0886 0.029, 0.4422 -0.096 0.0209, 0.4532 -0.0987 0.0149, 0.4641 -0.096 0.0111, 0.5027 -0.096 0.0209, 0.5036 -0.0886 0.0209, 0.5027 -0.0811 0.0209, 0.5 -0.0741 0.0209, 0.4957 -0.0679 0.0209, 0.4901 -0.063 0.0209, 0.4835 -0.0595 0.0209, 0.4762 -0.0577 0.0209, 0.4687 -0.0577 0.0209, 0.4614 -0.0595 0.0209, 0.4277 -0.0886 0.0386, 0.4346 -0.0979 0.029, 0.4449 -0.103 0.0209, 0.4562 -0.103 0.0149, 0.4661 -0.0977 0.0111, 0.5103 -0.0979 0.029, 0.5114 -0.0886 0.029, 0.5103 -0.0793 0.029, 0.5069 -0.0705 0.029, 0.5016 -0.0628 0.029, 0.4946 -0.0565 0.029, 0.4862 -0.0522 0.029, 0.4771 -0.0499 0.029, 0.4677 -0.0499 0.029, 0.4586 -0.0522 0.029, 0.4242 -0.0886 0.0492, 0.429 -0.0993 0.0386, 0.438 -0.1067 0.029, 0.4491 -0.1092 0.0209, 0.4601 -0.1064 0.0149, 0.4685 -0.099 0.0111, 0.4586 -0.125 0.029, 0.4566 -0.1304 0.0386, 0.447 -0.1254 0.0386, 0.467 -0.133 0.0386, 0.4677 -0.1272 0.029, 0.4687 -0.1195 0.0209, 0.4778 -0.133 0.0386, 0.4771 -0.1272 0.029, 0.4762 -0.1195 0.0209, 0.4751 -0.1101 0.0149, 0.4883 -0.1304 0.0386, 0.4862 -0.125 0.029, 0.4835 -0.1177 0.0209, 0.4801 -0.1089 0.0149, 0.4764 -0.099 0.0111, 0.4979 -0.1254 0.0386, 0.4946 -0.1206 0.029, 0.4901 -0.1142 0.0209, 0.4848 -0.1064 0.0149, 0.4788 -0.0977 0.0111, 0.5121 -0.1094 0.0386, 0.5159 -0.0993 0.0386, 0.5172 -0.0886 0.0386, 0.5159 -0.0779 0.0386, 0.5121 -0.0678 0.0386, 0.5059 -0.0589 0.0386, 0.4979 -0.0518 0.0386, 0.4883 -0.0467 0.0386, 0.4778 -0.0442 0.0386, 0.467 -0.0442 0.0386, 0.4566 -0.0467 0.0386, 0.4711 -0.0996 0.0111, 0.4647 -0.1089 0.0149, 0.4548 -0.1142 0.0209, 0.4433 -0.1144 0.029, 0.4328 -0.1094 0.0386, 0.4256 -0.1001 0.0492, 0.4738 -0.0996 0.0111, 0.4698 -0.1101 0.0149, 0.4614 -0.1177 0.0209, 0.4503 -0.1206 0.029, 0.439 -0.1183 0.0386, 0.4297 -0.111 0.0492, 0.4363 -0.1206 0.0492, 0.4613 -0.0886 0.0111, 0.45 -0.0463 0.0492, 0.4553 -0.0435 0.0492, 0.4666 -0.0407 0.0492, 0.4783 -0.0407 0.0492, 0.4895 -0.0435 0.0492, 0.4998 -0.0489 0.0492, 0.5085 -0.0566 0.0492, 0.5151 -0.0662 0.0492, 0.5193 -0.077 0.0492, 0.5207 -0.0886 0.0492, 0.5193 -0.1001 0.0492, 0.5151 -0.111 0.0492, 0.5085 -0.1206 0.0492, 0.4998 -0.1283 0.0492, 0.4895 -0.1337 0.0492, 0.4783 -0.1364 0.0492, 0.4666 -0.1364 0.0492, 0.4553 -0.1337 0.0492, 0.45 -0.1309 0.0492, 0.4451 -0.1283 0.0492, 0.4451 -0.0489 0.0492, 0.447 -0.0518 0.0386, 0.4503 -0.0565 0.029, 0.4548 -0.063 0.0209, 0.4601 -0.0707 0.0149, 0.4661 -0.0794 0.0111, 0.4363 -0.0566 0.0492, 0.439 -0.0589 0.0386, 0.4433 -0.0628 0.029, 0.4491 -0.0679 0.0209, 0.4562 -0.0742 0.0149, 0.4641 -0.0812 0.0111, 0.4297 -0.0662 0.0492, 0.4328 -0.0678 0.0386, 0.438 -0.0705 0.029, 0.4449 -0.0741 0.0209, 0.4532 -0.0785 0.0149, 0.4626 -0.0834 0.0111, 0.4256 -0.077 0.0492, 0.429 -0.0779 0.0386, 0.4346 -0.0793 0.029, 0.4422 -0.0811 0.0209, 0.4514 -0.0834 0.0149, 0.4616 -0.0859 0.0111, 0.4626 -0.0829 0.107, 0.4615 -0.0857 0.107, 0.4724 -0.0886 0.1083, 0.4644 -0.0806 0.107, 0.4668 -0.0788 0.107, 0.4695 -0.0777 0.107, 0.4724 -0.0773 0.107, 0.4754 -0.0777 0.107, 0.4781 -0.0788 0.107, 0.4804 -0.0806 0.107, 0.4822 -0.0829 0.107, 0.4834 -0.0857 0.107, 0.4837 -0.0886 0.107, 0.4834 -0.0915 0.107, 0.4822 -0.0942 0.107, 0.4804 -0.0966 0.107, 0.4781 -0.0984 0.107, 0.4754 -0.0995 0.107, 0.4724 -0.0999 0.107, 0.4695 -0.0995 0.107, 0.4668 -0.0984 0.107, 0.4644 -0.0966 0.107, 0.4626 -0.0942 0.107, 0.4615 -0.0915 0.107, 0.4611 -0.0886 0.107, 0.4643 -0.119 0.0968, 0.4724 -0.128 0.0886, 0.4724 -0.1201 0.0968, 0.4826 -0.1266 0.0886, 0.4806 -0.119 0.0968, 0.4913 -0.123 0.0886, 0.4882 -0.1159 0.0968, 0.4921 -0.1227 0.0886, 0.5003 -0.1164 0.0886, 0.4947 -0.1109 0.0968, 0.5065 -0.1083 0.0886, 0.4997 -0.1043 0.0968, 0.5105 -0.0988 0.0886, 0.5029 -0.0967 0.0968, 0.5118 -0.0886 0.0886, 0.504 -0.0886 0.0968, 0.5105 -0.0784 0.0886, 0.5029 -0.0804 0.0968, 0.5065 -0.0689 0.0886, 0.4997 -0.0728 0.0968, 0.5003 -0.0607 0.0886, 0.4947 -0.0663 0.0968, 0.4921 -0.0545 0.0886, 0.4882 -0.0613 0.0968, 0.4826 -0.0506 0.0886, 0.4806 -0.0581 0.0968, 0.4724 -0.0492 0.0886, 0.4724 -0.0571 0.0968, 0.4623 -0.0506 0.0886, 0.4643 -0.0581 0.0968, 0.4528 -0.0545 0.0886, 0.4567 -0.0613 0.0968, 0.4446 -0.0607 0.0886, 0.4501 -0.0663 0.0968, 0.4383 -0.0689 0.0886, 0.4451 -0.0728 0.0968, 0.4344 -0.0784 0.0886, 0.442 -0.0804 0.0968, 0.4331 -0.0886 0.0886, 0.4409 -0.0886 0.0968, 0.4344 -0.0988 0.0886, 0.442 -0.0967 0.0968, 0.4383 -0.1083 0.0886, 0.4451 -0.1043 0.0968, 0.4446 -0.1164 0.0886, 0.4501 -0.1109 0.0968, 0.4528 -0.1227 0.0886, 0.4567 -0.1159 0.0968, 0.4536 -0.123 0.0886, 0.4623 -0.1266 0.0886, 0.4512 -0.0829 0.1031, 0.4534 -0.0776 0.1031, 0.4569 -0.073 0.1031, 0.4614 -0.0695 0.1031, 0.4667 -0.0673 0.1031, 0.4724 -0.0666 0.1031, 0.4781 -0.0673 0.1031, 0.4834 -0.0695 0.1031, 0.488 -0.073 0.1031, 0.4915 -0.0776 0.1031, 0.4937 -0.0829 0.1031, 0.4944 -0.0886 0.1031, 0.4937 -0.0943 0.1031, 0.4915 -0.0996 0.1031, 0.488 -0.1041 0.1031, 0.4834 -0.1076 0.1031, 0.4781 -0.1098 0.1031, 0.4724 -0.1106 0.1031, 0.4667 -0.1098 0.1031, 0.4614 -0.1076 0.1031, 0.4569 -0.1041 0.1031, 0.4534 -0.0996 0.1031, 0.4512 -0.0943 0.1031, 0.4504 -0.0886 0.1031, 0.5059 0.0589 0.0386, 0.5016 0.0628 0.029, 0.5069 0.0705 0.029, 0.4957 0.0679 0.0209, 0.5 0.0741 0.0209, 0.4887 0.0742 0.0149, 0.4916 0.0785 0.0149, 0.4724 0.0886 0.0098, 0.4685 0.099 0.0111, 0.4711 0.0996 0.0111, 0.4764 0.099 0.0111, 0.4788 0.0977 0.0111, 0.4738 0.0996 0.0111, 0.4823 0.0938 0.0111, 0.4833 0.0912 0.0111, 0.4808 0.096 0.0111, 0.4833 0.0859 0.0111, 0.4823 0.0834 0.0111, 0.4836 0.0886 0.0111, 0.4808 0.0812 0.0111, 0.4413 0.0886 0.0209, 0.4507 0.0886 0.0149, 0.4514 0.0834 0.0149, 0.4616 0.0859 0.0111, 0.4626 0.0834 0.0111, 0.4935 0.0834 0.0149, 0.4941 0.0886 0.0149, 0.4935 0.0938 0.0149, 0.4916 0.0987 0.0149, 0.4887 0.103 0.0149, 0.4848 0.1064 0.0149, 0.4801 0.1089 0.0149, 0.4751 0.1101 0.0149, 0.4698 0.1101 0.0149, 0.4647 0.1089 0.0149, 0.4335 0.0886 0.029, 0.4422 0.0811 0.0209, 0.4532 0.0785 0.0149, 0.4641 0.0812 0.0111, 0.5027 0.0811 0.0209, 0.5036 0.0886 0.0209, 0.5027 0.096 0.0209, 0.5 0.103 0.0209, 0.4957 0.1092 0.0209, 0.4901 0.1142 0.0209, 0.4835 0.1177 0.0209, 0.4762 0.1195 0.0209, 0.4687 0.1195 0.0209, 0.4614 0.1177 0.0209, 0.4277 0.0886 0.0386, 0.4346 0.0793 0.029, 0.4449 0.0741 0.0209, 0.4562 0.0742 0.0149, 0.4661 0.0794 0.0111, 0.5103 0.0793 0.029, 0.5114 0.0886 0.029, 0.5103 0.0979 0.029, 0.5069 0.1067 0.029, 0.5016 0.1144 0.029, 0.4946 0.1206 0.029, 0.4862 0.125 0.029, 0.4771 0.1272 0.029, 0.4677 0.1272 0.029, 0.4586 0.125 0.029, 0.4242 0.0886 0.0492, 0.429 0.0779 0.0386, 0.438 0.0705 0.029, 0.4491 0.0679 0.0209, 0.4601 0.0707 0.0149, 0.4685 0.0782 0.0111, 0.4586 0.0522 0.029, 0.4566 0.0467 0.0386, 0.447 0.0518 0.0386, 0.467 0.0442 0.0386, 0.4677 0.0499 0.029, 0.4687 0.0577 0.0209, 0.4778 0.0442 0.0386, 0.4771 0.0499 0.029, 0.4762 0.0577 0.0209, 0.4751 0.067 0.0149, 0.4883 0.0467 0.0386, 0.4862 0.0522 0.029, 0.4835 0.0595 0.0209, 0.4801 0.0683 0.0149, 0.4764 0.0782 0.0111, 0.4979 0.0518 0.0386, 0.4946 0.0565 0.029, 0.4901 0.063 0.0209, 0.4848 0.0707 0.0149, 0.4788 0.0794 0.0111, 0.5121 0.0678 0.0386, 0.5159 0.0779 0.0386, 0.5172 0.0886 0.0386, 0.5159 0.0993 0.0386, 0.5121 0.1094 0.0386, 0.5059 0.1183 0.0386, 0.4979 0.1254 0.0386, 0.4883 0.1304 0.0386, 0.4778 0.133 0.0386, 0.467 0.133 0.0386, 0.4566 0.1304 0.0386, 0.4711 0.0775 0.0111, 0.4647 0.0683 0.0149, 0.4548 0.063 0.0209, 0.4433 0.0628 0.029, 0.4328 0.0678 0.0386, 0.4256 0.077 0.0492, 0.4738 0.0775 0.0111, 0.4698 0.067 0.0149, 0.4614 0.0595 0.0209, 0.4503 0.0565 0.029, 0.439 0.0589 0.0386, 0.4297 0.0662 0.0492, 0.4363 0.0566 0.0492, 0.4613 0.0886 0.0111, 0.45 0.1309 0.0492, 0.4553 0.1337 0.0492, 0.4666 0.1364 0.0492, 0.4783 0.1364 0.0492, 0.4895 0.1337 0.0492, 0.4998 0.1283 0.0492, 0.5085 0.1206 0.0492, 0.5151 0.111 0.0492, 0.5193 0.1001 0.0492, 0.5207 0.0886 0.0492, 0.5193 0.077 0.0492, 0.5151 0.0662 0.0492, 0.5085 0.0566 0.0492, 0.4998 0.0489 0.0492, 0.4895 0.0435 0.0492, 0.4783 0.0407 0.0492, 0.4666 0.0407 0.0492, 0.4553 0.0435 0.0492, 0.45 0.0463 0.0492, 0.4451 0.0489 0.0492, 0.4451 0.1283 0.0492, 0.447 0.1254 0.0386, 0.4503 0.1206 0.029, 0.4548 0.1142 0.0209, 0.4601 0.1064 0.0149, 0.4661 0.0977 0.0111, 0.4363 0.1206 0.0492, 0.439 0.1183 0.0386, 0.4433 0.1144 0.029, 0.4491 0.1092 0.0209, 0.4562 0.103 0.0149, 0.4641 0.096 0.0111, 0.4297 0.111 0.0492, 0.4328 0.1094 0.0386, 0.438 0.1067 0.029, 0.4449 0.103 0.0209, 0.4532 0.0987 0.0149, 0.4626 0.0938 0.0111, 0.4256 0.1001 0.0492, 0.429 0.0993 0.0386, 0.4346 0.0979 0.029, 0.4422 0.096 0.0209, 0.4514 0.0938 0.0149, 0.4616 0.0912 0.0111, 0.4626 0.0942 0.107, 0.4615 0.0915 0.107, 0.4724 0.0886 0.1083, 0.4644 0.0966 0.107, 0.4668 0.0984 0.107, 0.4695 0.0995 0.107, 0.4724 0.0999 0.107, 0.4754 0.0995 0.107, 0.4781 0.0984 0.107, 0.4804 0.0966 0.107, 0.4822 0.0942 0.107, 0.4834 0.0915 0.107, 0.4837 0.0886 0.107, 0.4834 0.0857 0.107, 0.4822 0.0829 0.107, 0.4804 0.0806 0.107, 0.4781 0.0788 0.107, 0.4754 0.0777 0.107, 0.4724 0.0773 0.107, 0.4695 0.0777 0.107, 0.4668 0.0788 0.107, 0.4644 0.0806 0.107, 0.4626 0.0829 0.107, 0.4615 0.0857 0.107, 0.4611 0.0886 0.107, 0.4806 0.119 0.0968, 0.4724 0.128 0.0886, 0.4724 0.1201 0.0968, 0.4623 0.1266 0.0886, 0.4643 0.119 0.0968, 0.4536 0.123 0.0886, 0.4567 0.1159 0.0968, 0.4528 0.1227 0.0886, 0.4446 0.1164 0.0886, 0.4501 0.1109 0.0968, 0.4383 0.1083 0.0886, 0.4451 0.1043 0.0968, 0.4344 0.0988 0.0886, 0.442 0.0967 0.0968, 0.4331 0.0886 0.0886, 0.4409 0.0886 0.0968, 0.4344 0.0784 0.0886, 0.442 0.0804 0.0968, 0.4383 0.0689 0.0886, 0.4451 0.0728 0.0968, 0.4446 0.0607 0.0886, 0.4501 0.0663 0.0968, 0.4528 0.0545 0.0886, 0.4567 0.0613 0.0968, 0.4623 0.0506 0.0886, 0.4643 0.0581 0.0968, 0.4724 0.0492 0.0886, 0.4724 0.0571 0.0968, 0.4826 0.0506 0.0886, 0.4806 0.0581 0.0968, 0.4921 0.0545 0.0886, 0.4882 0.0613 0.0968, 0.5003 0.0607 0.0886, 0.4947 0.0663 0.0968, 0.5065 0.0689 0.0886, 0.4997 0.0728 0.0968, 0.5105 0.0784 0.0886, 0.5029 0.0804 0.0968, 0.5118 0.0886 0.0886, 0.504 0.0886 0.0968, 0.5105 0.0988 0.0886, 0.5029 0.0967 0.0968, 0.5065 0.1083 0.0886, 0.4997 0.1043 0.0968, 0.5003 0.1164 0.0886, 0.4947 0.1109 0.0968, 0.4921 0.1227 0.0886, 0.4882 0.1159 0.0968, 0.4913 0.123 0.0886, 0.4826 0.1266 0.0886, 0.4512 0.0943 0.1031, 0.4534 0.0996 0.1031, 0.4569 0.1041 0.1031, 0.4614 0.1076 0.1031, 0.4667 0.1098 0.1031, 0.4724 0.1106 0.1031, 0.4781 0.1098 0.1031, 0.4834 0.1076 0.1031, 0.488 0.1041 0.1031, 0.4915 0.0996 0.1031, 0.4937 0.0943 0.1031, 0.4944 0.0886 0.1031, 0.4937 0.0829 0.1031, 0.4915 0.0776 0.1031, 0.488 0.073 0.1031, 0.4834 0.0695 0.1031, 0.4781 0.0673 0.1031, 0.4724 0.0666 0.1031, 0.4667 0.0673 0.1031, 0.4614 0.0695 0.1031, 0.4569 0.073 0.1031, 0.4534 0.0776 0.1031, 0.4512 0.0829 0.1031, 0.4504 0.0886 0.1031, -0.0474 -0.0886 0.0365, -0.0443 -0.0886 0.0279, -0.0432 -0.0995 0.0284, -0.0424 -0.0886 0.0248, -0.0385 -0.0886 0.0185, -0.0375 -0.0995 0.0193, -0.0346 -0.0886 0.0146, -0.0307 -0.0886 0.0107, -0.0299 -0.0995 0.0117, -0.0245 -0.0886 0.0068, -0.0214 -0.0886 0.0049, -0.0208 -0.0995 0.006, -0.0127 -0.0886 0.0018, -0.011 -0.0886 0.0012, -0.0107 -0.0995 0.0024, 0.0127 -0.0886 0.0018, 0.0214 -0.0886 0.0049, 0.0208 -0.0995 0.006, 0.0245 -0.0886 0.0068, 0.0307 -0.0886 0.0107, 0.0299 -0.0995 0.0117, 0.0346 -0.0886 0.0146, 0.0385 -0.0886 0.0185, 0.0375 -0.0995 0.0193, 0.0492 -0.0886 0.0492, 0.0478 -0.0995 0.0492, 0.0468 -0.0995 0.0385, 0.0475 -0.1013 0.0492, 0.044 -0.1098 0.0492, 0.0432 -0.1099 0.0393, 0.0426 -0.1132 0.0492, 0.0381 -0.119 0.0492, 0.0375 -0.1193 0.0407, 0.0208 -0.1329 0.0445, 0.0107 -0.1366 0.0468, 0.0099 -0.1366 0.0445, 0.0 -0.1378 0.0492, 0.0109 -0.1364 0.0492, 0.0038 -0.1373 0.0492, -0.0107 -0.1366 0.0468, -0.0038 -0.1373 0.0492, -0.0109 -0.1364 0.0492, -0.0127 -0.1361 0.0492, -0.0208 -0.1329 0.0445, 0.0348 -0.1234 0.0492, 0.0304 -0.1267 0.0492, 0.0299 -0.1271 0.0424, 0.0192 -0.1329 0.0399, 0.0086 -0.1366 0.0424, 0.0246 -0.1312 0.0492, 0.0212 -0.1326 0.0492, 0.0127 -0.1361 0.0492, -0.0212 -0.1326 0.0492, -0.0246 -0.1312 0.0492, -0.0299 -0.1271 0.0424, 0.0276 -0.1271 0.0359, 0.0167 -0.1329 0.0359, 0.0068 -0.1366 0.0407, -0.0304 -0.1267 0.0492, -0.0348 -0.1234 0.0492, -0.0375 -0.1193 0.0407, 0.0347 -0.1193 0.0325, 0.024 -0.1271 0.0301, 0.0133 -0.1329 0.0325, 0.0048 -0.1366 0.0393, -0.0381 -0.119 0.0492, -0.0426 -0.1132 0.0492, -0.0432 -0.1099 0.0393, 0.0399 -0.1099 0.03, 0.0432 -0.0995 0.0284, 0.0424 -0.0886 0.0248, 0.0443 -0.0886 0.0279, 0.0474 -0.0886 0.0365, 0.048 -0.0886 0.0383, 0.0347 -0.1099 0.0216, 0.0301 -0.1193 0.0252, 0.0276 -0.1099 0.0145, 0.024 -0.1193 0.0191, 0.0191 -0.1271 0.0252, 0.0192 -0.1099 0.0093, 0.0167 -0.1193 0.0145, 0.0133 -0.1271 0.0216, 0.0093 -0.1329 0.03, 0.011 -0.0886 0.0012, 0.0107 -0.0995 0.0024, 0.0099 -0.1099 0.006, 0.0086 -0.1193 0.0117, 0.0068 -0.1271 0.0193, 0.0048 -0.1329 0.0284, 0.0024 -0.1366 0.0385, 0.0 -0.1366 0.0383, 0.0 -0.1329 0.0279, 0.0 -0.1271 0.0185, 0.0 -0.1193 0.0107, 0.0 -0.1099 0.0049, 0.0 -0.0995 0.0012, 0.0 -0.0886 0.0, -0.0099 -0.1099 0.006, -0.0086 -0.1193 0.0117, -0.0068 -0.1271 0.0193, -0.0048 -0.1329 0.0284, -0.0024 -0.1366 0.0385, -0.0192 -0.1099 0.0093, -0.0167 -0.1193 0.0145, -0.0133 -0.1271 0.0216, -0.0093 -0.1329 0.03, -0.0048 -0.1366 0.0393, -0.0276 -0.1099 0.0145, -0.024 -0.1193 0.0191, -0.0191 -0.1271 0.0252, -0.0133 -0.1329 0.0325, -0.0068 -0.1366 0.0407, -0.0347 -0.1099 0.0216, -0.0301 -0.1193 0.0252, -0.024 -0.1271 0.0301, -0.0167 -0.1329 0.0359, -0.0086 -0.1366 0.0424, -0.0399 -0.1099 0.03, -0.0347 -0.1193 0.0325, -0.0276 -0.1271 0.0359, -0.0192 -0.1329 0.0399, -0.0099 -0.1366 0.0445, -0.048 -0.0886 0.0383, -0.0468 -0.0995 0.0385, -0.044 -0.1098 0.0492, -0.0475 -0.1013 0.0492, -0.0478 -0.0995 0.0492, -0.0492 -0.0886 0.0492, 0.0492 -0.0205 0.0492, 0.048 0.0886 0.0383, 0.0492 0.0886 0.0492, 0.0492 0.03 0.0492, 0.0474 0.0886 0.0365, 0.0443 0.0886 0.0279, 0.0424 0.0886 0.0248, 0.0385 0.0886 0.0185, 0.0346 0.0886 0.0146, 0.0307 0.0886 0.0107, 0.0245 0.0886 0.0068, 0.0214 0.0886 0.0049, 0.0127 0.0886 0.0018, 0.011 0.0886 0.0012, 0.0 0.0886 0.0, -0.011 0.0886 0.0012, -0.0127 0.0886 0.0018, -0.0214 0.0886 0.0049, -0.0245 0.0886 0.0068, -0.0307 0.0886 0.0107, -0.0346 0.0886 0.0146, -0.0385 0.0886 0.0185, -0.0424 0.0886 0.0248, -0.0443 0.0886 0.0279, -0.0474 0.0886 0.0365, -0.0492 -0.0205 0.0492, -0.0492 0.0886 0.0492, -0.048 0.0886 0.0383, -0.0492 0.03 0.0492, 0.0086 0.1366 0.0424, 0.0068 0.1366 0.0407, 0.0 0.1378 0.0492, 0.0127 0.1361 0.0492, 0.0212 0.1326 0.0492, 0.0208 0.1329 0.0445, 0.0246 0.1312 0.0492, 0.0304 0.1267 0.0492, 0.0299 0.1271 0.0424, 0.0348 0.1234 0.0492, 0.0381 0.119 0.0492, 0.0375 0.1193 0.0407, 0.0432 0.1099 0.0393, 0.0468 0.0995 0.0385, 0.0432 0.0995 0.0284, -0.0468 0.0995 0.0385, -0.0432 0.0995 0.0284, -0.0375 0.0995 0.0193, -0.0299 0.0995 0.0117, -0.0208 0.0995 0.006, 0.0 0.0995 0.0012, 0.0107 0.0995 0.0024, 0.0375 0.0995 0.0193, 0.0299 0.0995 0.0117, 0.0208 0.0995 0.006, 0.0478 0.0995 0.0492, 0.0475 0.1013 0.0492, 0.044 0.1098 0.0492, 0.0426 0.1132 0.0492, -0.0107 0.0995 0.0024, -0.0099 0.1099 0.006, 0.0 0.1099 0.0049, -0.0478 0.0995 0.0492, -0.0475 0.1013 0.0492, -0.0432 0.1099 0.0393, 0.0399 0.1099 0.03, 0.0 0.1193 0.0107, 0.0086 0.1193 0.0117, -0.044 0.1098 0.0492, -0.0426 0.1132 0.0492, -0.0375 0.1193 0.0407, 0.0347 0.1193 0.0325, 0.0347 0.1099 0.0216, 0.0068 0.1271 0.0193, 0.0133 0.1271 0.0216, 0.0276 0.1271 0.0359, 0.0301 0.1193 0.0252, 0.0276 0.1099 0.0145, 0.0093 0.1329 0.03, 0.0133 0.1329 0.0325, -0.0381 0.119 0.0492, -0.0348 0.1234 0.0492, -0.0299 0.1271 0.0424, -0.0304 0.1267 0.0492, -0.0208 0.1329 0.0445, 0.0192 0.1099 0.0093, 0.024 0.1193 0.0191, 0.024 0.1271 0.0301, 0.0192 0.1329 0.0399, 0.0107 0.1366 0.0468, 0.0048 0.1366 0.0393, 0.0048 0.1329 0.0284, 0.0024 0.1366 0.0385, 0.0 0.1271 0.0185, 0.0 0.1329 0.0279, 0.0 0.1366 0.0383, -0.0086 0.1193 0.0117, -0.0068 0.1271 0.0193, -0.0048 0.1329 0.0284, -0.0024 0.1366 0.0385, -0.0192 0.1099 0.0093, -0.0276 0.1099 0.0145, -0.0167 0.1193 0.0145, -0.024 0.1193 0.0191, -0.0133 0.1271 0.0216, -0.0191 0.1271 0.0252, -0.0093 0.1329 0.03, -0.0133 0.1329 0.0325, -0.0048 0.1366 0.0393, -0.0068 0.1366 0.0407, -0.0347 0.1099 0.0216, -0.0301 0.1193 0.0252, -0.024 0.1271 0.0301, -0.0167 0.1329 0.0359, -0.0086 0.1366 0.0424, -0.0399 0.1099 0.03, -0.0347 0.1193 0.0325, -0.0276 0.1271 0.0359, -0.0192 0.1329 0.0399, -0.0099 0.1366 0.0445, -0.0107 0.1366 0.0468, -0.0246 0.1312 0.0492, -0.0212 0.1326 0.0492, -0.0127 0.1361 0.0492, -0.0109 0.1364 0.0492, 0.0038 0.1373 0.0492, 0.0109 0.1364 0.0492, 0.0099 0.1099 0.006, 0.0167 0.1193 0.0145, 0.0191 0.1271 0.0252, 0.0167 0.1329 0.0359, 0.0099 0.1366 0.0445, -0.0038 0.1373 0.0492, 0.0256 0.1033 0.0886, 0.0211 0.1092 0.0886, 0.0188 0.1092 0.0898, -0.0285 0.0962 0.0886, -0.0295 0.0886 0.0886, -0.0207 0.0886 0.0939, -0.0256 0.1033 0.0886, -0.0273 0.0991 0.0886, -0.0202 0.0991 0.0928, -0.0211 0.1092 0.0886, -0.0188 0.1092 0.0898, -0.0209 0.1095 0.0886, -0.0183 0.1114 0.0886, -0.0148 0.1142 0.0886, -0.0096 0.1092 0.0929, -0.0087 0.1167 0.0886, -0.0076 0.1171 0.0886, 0.0 0.1092 0.0939, 0.0 0.1181 0.0886, 0.0076 0.1171 0.0886, 0.0096 0.1092 0.0929, 0.0087 0.1167 0.0886, 0.0209 0.1095 0.0886, 0.0183 0.1114 0.0886, 0.0148 0.1142 0.0886, 0.0285 0.0962 0.0886, 0.0273 0.0991 0.0886, 0.0202 0.0991 0.0928, -0.0185 0.0886 0.0946, -0.0104 0.0991 0.0962, -0.0106 0.0886 0.0973, -0.0063 0.0886 0.0977, 0.0 0.0991 0.0973, 0.0 0.0886 0.0984, 0.0063 0.0886 0.0977, 0.0104 0.0991 0.0962, 0.0295 0.0886 0.0886, 0.0207 0.0886 0.0939, 0.0185 0.0886 0.0946, 0.0106 0.0886 0.0973, -0.0295 0.0 0.0886, -0.0295 -0.0886 0.0886, -0.0207 -0.0886 0.0939, -0.0185 -0.0886 0.0946, -0.0106 -0.0886 0.0973, -0.0063 -0.0886 0.0977, 0.0 -0.0886 0.0984, 0.0063 -0.0886 0.0977, 0.0106 -0.0886 0.0973, 0.0185 -0.0886 0.0946, 0.0207 -0.0886 0.0939, 0.0295 -0.0886 0.0886, 0.0295 0.0 0.0886, -0.0104 -0.0992 0.0961, -0.0202 -0.0992 0.0928, 0.0 -0.0992 0.0973, 0.0 -0.1092 0.0939, 0.0096 -0.1092 0.0928, -0.0148 -0.1142 0.0886, -0.0087 -0.1167 0.0886, -0.0096 -0.1092 0.0928, 0.0256 -0.1033 0.0886, 0.0273 -0.0991 0.0886, 0.0202 -0.0992 0.0928, 0.0285 -0.0962 0.0886, 0.0148 -0.1142 0.0886, 0.0183 -0.1114 0.0886, 0.0188 -0.1092 0.0897, 0.0209 -0.1095 0.0886, 0.021 -0.1092 0.0886, -0.0076 -0.1171 0.0886, 0.0 -0.1181 0.0886, 0.0076 -0.1171 0.0886, 0.0087 -0.1167 0.0886, -0.0183 -0.1114 0.0886, -0.0188 -0.1092 0.0897, -0.021 -0.1092 0.0886, -0.0209 -0.1095 0.0886, -0.0256 -0.1033 0.0886, -0.0273 -0.0991 0.0886, -0.0285 -0.0962 0.0886, 0.0104 -0.0992 0.0961, -0.2106 0.1033 0.0886, -0.2151 0.1092 0.0886, -0.2174 0.1092 0.0898, -0.2647 0.0962 0.0886, -0.2657 0.0886 0.0886, -0.2569 0.0886 0.0939, -0.2618 0.1033 0.0886, -0.2636 0.0991 0.0886, -0.2564 0.0991 0.0928, -0.2573 0.1092 0.0886, -0.255 0.1092 0.0898, -0.2571 0.1095 0.0886, -0.2545 0.1114 0.0886, -0.251 0.1142 0.0886, -0.2458 0.1092 0.0929, -0.2449 0.1167 0.0886, -0.2439 0.1171 0.0886, -0.2362 0.1092 0.0939, -0.2362 0.1181 0.0886, -0.2286 0.1171 0.0886, -0.2266 0.1092 0.0929, -0.2275 0.1167 0.0886, -0.2153 0.1095 0.0886, -0.2179 0.1114 0.0886, -0.2215 0.1142 0.0886, -0.2077 0.0962 0.0886, -0.2089 0.0991 0.0886, -0.216 0.0991 0.0928, -0.2547 0.0886 0.0946, -0.2466 0.0991 0.0962, -0.2468 0.0886 0.0973, -0.2425 0.0886 0.0977, -0.2362 0.0991 0.0973, -0.2362 0.0886 0.0984, -0.2299 0.0886 0.0977, -0.2259 0.0991 0.0962, -0.2067 0.0886 0.0886, -0.2155 0.0886 0.0939, -0.2178 0.0886 0.0946, -0.2256 0.0886 0.0973, -0.2657 0.0 0.0886, -0.2657 -0.0886 0.0886, -0.2569 -0.0886 0.0939, -0.2067 -0.0886 0.0886, -0.2067 0.0 0.0886, -0.2155 -0.0886 0.0939, -0.2178 -0.0886 0.0946, -0.2547 -0.0886 0.0946, -0.2468 -0.0886 0.0973, -0.2425 -0.0886 0.0977, -0.2362 -0.0886 0.0984, -0.2299 -0.0886 0.0977, -0.2256 -0.0886 0.0973, -0.2466 -0.0992 0.0961, -0.2564 -0.0992 0.0928, -0.2362 -0.0992 0.0973, -0.2362 -0.1092 0.0939, -0.2266 -0.1092 0.0928, -0.251 -0.1142 0.0886, -0.2449 -0.1167 0.0886, -0.2458 -0.1092 0.0928, -0.2106 -0.1033 0.0886, -0.2089 -0.0991 0.0886, -0.216 -0.0992 0.0928, -0.2077 -0.0962 0.0886, -0.2215 -0.1142 0.0886, -0.2179 -0.1114 0.0886, -0.2174 -0.1092 0.0897, -0.2153 -0.1095 0.0886, -0.2152 -0.1092 0.0886, -0.2439 -0.1171 0.0886, -0.2362 -0.1181 0.0886, -0.2286 -0.1171 0.0886, -0.2275 -0.1167 0.0886, -0.2545 -0.1114 0.0886, -0.255 -0.1092 0.0897, -0.2573 -0.1092 0.0886, -0.2571 -0.1095 0.0886, -0.2618 -0.1033 0.0886, -0.2635 -0.0991 0.0886, -0.2647 -0.0962 0.0886, -0.2259 -0.0992 0.0961, 0.2618 0.1033 0.0886, 0.2573 0.1092 0.0886, 0.255 0.1092 0.0898, 0.2077 0.0962 0.0886, 0.2067 0.0886 0.0886, 0.2155 0.0886 0.0939, 0.2106 0.1033 0.0886, 0.2089 0.0991 0.0886, 0.216 0.0991 0.0928, 0.2151 0.1092 0.0886, 0.2174 0.1092 0.0898, 0.2153 0.1095 0.0886, 0.2179 0.1114 0.0886, 0.2215 0.1142 0.0886, 0.2266 0.1092 0.0929, 0.2275 0.1167 0.0886, 0.2286 0.1171 0.0886, 0.2362 0.1092 0.0939, 0.2362 0.1181 0.0886, 0.2439 0.1171 0.0886, 0.2458 0.1092 0.0929, 0.2449 0.1167 0.0886, 0.2571 0.1095 0.0886, 0.2545 0.1114 0.0886, 0.251 0.1142 0.0886, 0.2647 0.0962 0.0886, 0.2636 0.0991 0.0886, 0.2564 0.0991 0.0928, 0.2178 0.0886 0.0946, 0.2259 0.0991 0.0962, 0.2256 0.0886 0.0973, 0.2299 0.0886 0.0977, 0.2362 0.0991 0.0973, 0.2362 0.0886 0.0984, 0.2425 0.0886 0.0977, 0.2466 0.0991 0.0962, 0.2657 0.0886 0.0886, 0.2569 0.0886 0.0939, 0.2547 0.0886 0.0946, 0.2468 0.0886 0.0973, 0.2067 0.0 0.0886, 0.2067 -0.0886 0.0886, 0.2155 -0.0886 0.0939, 0.2657 -0.0886 0.0886, 0.2657 0.0 0.0886, 0.2569 -0.0886 0.0939, 0.2547 -0.0886 0.0946, 0.2178 -0.0886 0.0946, 0.2256 -0.0886 0.0973, 0.2299 -0.0886 0.0977, 0.2362 -0.0886 0.0984, 0.2425 -0.0886 0.0977, 0.2468 -0.0886 0.0973, 0.2259 -0.0992 0.0961, 0.216 -0.0992 0.0928, 0.2362 -0.0992 0.0973, 0.2362 -0.1092 0.0939, 0.2458 -0.1092 0.0928, 0.2215 -0.1142 0.0886, 0.2275 -0.1167 0.0886, 0.2266 -0.1092 0.0928, 0.2618 -0.1033 0.0886, 0.2635 -0.0991 0.0886, 0.2564 -0.0992 0.0928, 0.2647 -0.0962 0.0886, 0.251 -0.1142 0.0886, 0.2545 -0.1114 0.0886, 0.255 -0.1092 0.0897, 0.2571 -0.1095 0.0886, 0.2573 -0.1092 0.0886, 0.2286 -0.1171 0.0886, 0.2362 -0.1181 0.0886, 0.2439 -0.1171 0.0886, 0.2449 -0.1167 0.0886, 0.2179 -0.1114 0.0886, 0.2174 -0.1092 0.0897, 0.2152 -0.1092 0.0886, 0.2153 -0.1095 0.0886, 0.2106 -0.1033 0.0886, 0.2089 -0.0991 0.0886, 0.2077 -0.0962 0.0886, 0.2466 -0.0992 0.0961, -0.2836 -0.0886 0.0365, -0.2806 -0.0886 0.0279, -0.2794 -0.0995 0.0284, -0.2786 -0.0886 0.0248, -0.2747 -0.0886 0.0185, -0.2737 -0.0995 0.0193, -0.2708 -0.0886 0.0146, -0.2669 -0.0886 0.0107, -0.2661 -0.0995 0.0117, -0.2607 -0.0886 0.0068, -0.2576 -0.0886 0.0049, -0.257 -0.0995 0.006, -0.2489 -0.0886 0.0018, -0.2472 -0.0886 0.0012, -0.2469 -0.0995 0.0024, -0.2235 -0.0886 0.0018, -0.2149 -0.0886 0.0049, -0.2154 -0.0995 0.006, -0.2118 -0.0886 0.0068, -0.2055 -0.0886 0.0107, -0.2063 -0.0995 0.0117, -0.2016 -0.0886 0.0146, -0.1977 -0.0886 0.0185, -0.1987 -0.0995 0.0193, -0.187 -0.0886 0.0492, -0.1884 -0.0995 0.0492, -0.1894 -0.0995 0.0385, -0.1887 -0.1013 0.0492, -0.1922 -0.1098 0.0492, -0.193 -0.1099 0.0393, -0.1936 -0.1132 0.0492, -0.1981 -0.119 0.0492, -0.1987 -0.1193 0.0407, -0.2154 -0.1329 0.0445, -0.2255 -0.1366 0.0468, -0.2264 -0.1366 0.0445, -0.2362 -0.1378 0.0492, -0.2253 -0.1364 0.0492, -0.2324 -0.1373 0.0492, -0.2469 -0.1366 0.0468, -0.24 -0.1373 0.0492, -0.2471 -0.1364 0.0492, -0.249 -0.1361 0.0492, -0.257 -0.1329 0.0445, -0.2014 -0.1234 0.0492, -0.2058 -0.1267 0.0492, -0.2063 -0.1271 0.0424, -0.217 -0.1329 0.0399, -0.2277 -0.1366 0.0424, -0.2116 -0.1312 0.0492, -0.215 -0.1326 0.0492, -0.2235 -0.1361 0.0492, -0.2574 -0.1326 0.0492, -0.2608 -0.1312 0.0492, -0.2661 -0.1271 0.0424, -0.2086 -0.1271 0.0359, -0.2195 -0.1329 0.0359, -0.2294 -0.1366 0.0407, -0.2667 -0.1267 0.0492, -0.271 -0.1234 0.0492, -0.2737 -0.1193 0.0407, -0.2016 -0.1193 0.0325, -0.2122 -0.1271 0.0301, -0.2229 -0.1329 0.0325, -0.2315 -0.1366 0.0393, -0.2744 -0.119 0.0492, -0.2788 -0.1132 0.0492, -0.2794 -0.1099 0.0393, -0.1963 -0.1099 0.03, -0.193 -0.0995 0.0284, -0.1938 -0.0886 0.0248, -0.1919 -0.0886 0.0279, -0.1888 -0.0886 0.0365, -0.1882 -0.0886 0.0383, -0.2016 -0.1099 0.0216, -0.2061 -0.1193 0.0252, -0.2086 -0.1099 0.0145, -0.2122 -0.1193 0.0191, -0.2171 -0.1271 0.0252, -0.217 -0.1099 0.0093, -0.2195 -0.1193 0.0145, -0.2229 -0.1271 0.0216, -0.227 -0.1329 0.03, -0.2253 -0.0886 0.0012, -0.2255 -0.0995 0.0024, -0.2264 -0.1099 0.006, -0.2277 -0.1193 0.0117, -0.2294 -0.1271 0.0193, -0.2315 -0.1329 0.0284, -0.2338 -0.1366 0.0385, -0.2362 -0.1366 0.0383, -0.2362 -0.1329 0.0279, -0.2362 -0.1271 0.0185, -0.2362 -0.1193 0.0107, -0.2362 -0.1099 0.0049, -0.2362 -0.0995 0.0012, -0.2362 -0.0886 0.0, -0.2461 -0.1099 0.006, -0.2448 -0.1193 0.0117, -0.243 -0.1271 0.0193, -0.241 -0.1329 0.0284, -0.2387 -0.1366 0.0385, -0.2555 -0.1099 0.0093, -0.2529 -0.1193 0.0145, -0.2495 -0.1271 0.0216, -0.2455 -0.1329 0.03, -0.241 -0.1366 0.0393, -0.2639 -0.1099 0.0145, -0.2602 -0.1193 0.0191, -0.2554 -0.1271 0.0252, -0.2495 -0.1329 0.0325, -0.243 -0.1366 0.0407, -0.2709 -0.1099 0.0216, -0.2663 -0.1193 0.0252, -0.2602 -0.1271 0.0301, -0.2529 -0.1329 0.0359, -0.2448 -0.1366 0.0424, -0.2762 -0.1099 0.03, -0.2709 -0.1193 0.0325, -0.2639 -0.1271 0.0359, -0.2555 -0.1329 0.0399, -0.2461 -0.1366 0.0445, -0.2842 -0.0886 0.0383, -0.283 -0.0995 0.0385, -0.2802 -0.1098 0.0492, -0.2838 -0.1013 0.0492, -0.284 -0.0995 0.0492, -0.2854 -0.0886 0.0492, -0.187 -0.0205 0.0492, -0.1882 0.0886 0.0383, -0.187 0.0886 0.0492, -0.187 0.03 0.0492, -0.1888 0.0886 0.0365, -0.1919 0.0886 0.0279, -0.1938 0.0886 0.0248, -0.1977 0.0886 0.0185, -0.2016 0.0886 0.0146, -0.2055 0.0886 0.0107, -0.2118 0.0886 0.0068, -0.2149 0.0886 0.0049, -0.2235 0.0886 0.0018, -0.2253 0.0886 0.0012, -0.2362 0.0886 0.0, -0.2472 0.0886 0.0012, -0.2489 0.0886 0.0018, -0.2576 0.0886 0.0049, -0.2607 0.0886 0.0068, -0.2669 0.0886 0.0107, -0.2708 0.0886 0.0146, -0.2747 0.0886 0.0185, -0.2786 0.0886 0.0248, -0.2806 0.0886 0.0279, -0.2836 0.0886 0.0365, -0.2854 -0.0205 0.0492, -0.2854 0.0886 0.0492, -0.2842 0.0886 0.0383, -0.2854 0.03 0.0492, -0.2277 0.1366 0.0424, -0.2294 0.1366 0.0407, -0.2362 0.1378 0.0492, -0.2235 0.1361 0.0492, -0.215 0.1326 0.0492, -0.2154 0.1329 0.0445, -0.2116 0.1312 0.0492, -0.2058 0.1267 0.0492, -0.2063 0.1271 0.0424, -0.2014 0.1234 0.0492, -0.1981 0.119 0.0492, -0.1987 0.1193 0.0407, -0.193 0.1099 0.0393, -0.1894 0.0995 0.0385, -0.193 0.0995 0.0284, -0.283 0.0995 0.0385, -0.2794 0.0995 0.0284, -0.2737 0.0995 0.0193, -0.2661 0.0995 0.0117, -0.257 0.0995 0.006, -0.2362 0.0995 0.0012, -0.2255 0.0995 0.0024, -0.1987 0.0995 0.0193, -0.2063 0.0995 0.0117, -0.2154 0.0995 0.006, -0.1884 0.0995 0.0492, -0.1887 0.1013 0.0492, -0.1922 0.1098 0.0492, -0.1936 0.1132 0.0492, -0.2469 0.0995 0.0024, -0.2461 0.1099 0.006, -0.2362 0.1099 0.0049, -0.284 0.0995 0.0492, -0.2838 0.1013 0.0492, -0.2794 0.1099 0.0393, -0.1963 0.1099 0.03, -0.2362 0.1193 0.0107, -0.2277 0.1193 0.0117, -0.2802 0.1098 0.0492, -0.2788 0.1132 0.0492, -0.2737 0.1193 0.0407, -0.2016 0.1193 0.0325, -0.2016 0.1099 0.0216, -0.2294 0.1271 0.0193, -0.2229 0.1271 0.0216, -0.2086 0.1271 0.0359, -0.2061 0.1193 0.0252, -0.2086 0.1099 0.0145, -0.227 0.1329 0.03, -0.2229 0.1329 0.0325, -0.2744 0.119 0.0492, -0.271 0.1234 0.0492, -0.2661 0.1271 0.0424, -0.2667 0.1267 0.0492, -0.257 0.1329 0.0445, -0.217 0.1099 0.0093, -0.2122 0.1193 0.0191, -0.2122 0.1271 0.0301, -0.217 0.1329 0.0399, -0.2255 0.1366 0.0468, -0.2315 0.1366 0.0393, -0.2315 0.1329 0.0284, -0.2338 0.1366 0.0385, -0.2362 0.1271 0.0185, -0.2362 0.1329 0.0279, -0.2362 0.1366 0.0383, -0.2448 0.1193 0.0117, -0.243 0.1271 0.0193, -0.241 0.1329 0.0284, -0.2387 0.1366 0.0385, -0.2555 0.1099 0.0093, -0.2639 0.1099 0.0145, -0.2529 0.1193 0.0145, -0.2602 0.1193 0.0191, -0.2495 0.1271 0.0216, -0.2554 0.1271 0.0252, -0.2455 0.1329 0.03, -0.2495 0.1329 0.0325, -0.241 0.1366 0.0393, -0.243 0.1366 0.0407, -0.2709 0.1099 0.0216, -0.2663 0.1193 0.0252, -0.2602 0.1271 0.0301, -0.2529 0.1329 0.0359, -0.2448 0.1366 0.0424, -0.2762 0.1099 0.03, -0.2709 0.1193 0.0325, -0.2639 0.1271 0.0359, -0.2555 0.1329 0.0399, -0.2461 0.1366 0.0445, -0.2469 0.1366 0.0468, -0.2608 0.1312 0.0492, -0.2574 0.1326 0.0492, -0.249 0.1361 0.0492, -0.2471 0.1364 0.0492, -0.2324 0.1373 0.0492, -0.2253 0.1364 0.0492, -0.2264 0.1099 0.006, -0.2195 0.1193 0.0145, -0.2171 0.1271 0.0252, -0.2195 0.1329 0.0359, -0.2264 0.1366 0.0445, -0.24 0.1373 0.0492, 0.1888 -0.0886 0.0365, 0.1919 -0.0886 0.0279, 0.193 -0.0995 0.0284, 0.1938 -0.0886 0.0248, 0.1977 -0.0886 0.0185, 0.1987 -0.0995 0.0193, 0.2016 -0.0886 0.0146, 0.2055 -0.0886 0.0107, 0.2063 -0.0995 0.0117, 0.2118 -0.0886 0.0068, 0.2149 -0.0886 0.0049, 0.2154 -0.0995 0.006, 0.2235 -0.0886 0.0018, 0.2253 -0.0886 0.0012, 0.2255 -0.0995 0.0024, 0.2489 -0.0886 0.0018, 0.2576 -0.0886 0.0049, 0.257 -0.0995 0.006, 0.2607 -0.0886 0.0068, 0.2669 -0.0886 0.0107, 0.2661 -0.0995 0.0117, 0.2708 -0.0886 0.0146, 0.2747 -0.0886 0.0185, 0.2737 -0.0995 0.0193, 0.2854 -0.0886 0.0492, 0.284 -0.0995 0.0492, 0.283 -0.0995 0.0385, 0.2838 -0.1013 0.0492, 0.2802 -0.1098 0.0492, 0.2794 -0.1099 0.0393, 0.2788 -0.1132 0.0492, 0.2744 -0.119 0.0492, 0.2737 -0.1193 0.0407, 0.257 -0.1329 0.0445, 0.2469 -0.1366 0.0468, 0.2461 -0.1366 0.0445, 0.2362 -0.1378 0.0492, 0.2471 -0.1364 0.0492, 0.24 -0.1373 0.0492, 0.2255 -0.1366 0.0468, 0.2324 -0.1373 0.0492, 0.2253 -0.1364 0.0492, 0.2235 -0.1361 0.0492, 0.2154 -0.1329 0.0445, 0.271 -0.1234 0.0492, 0.2667 -0.1267 0.0492, 0.2661 -0.1271 0.0424, 0.2555 -0.1329 0.0399, 0.2448 -0.1366 0.0424, 0.2608 -0.1312 0.0492, 0.2574 -0.1326 0.0492, 0.249 -0.1361 0.0492, 0.215 -0.1326 0.0492, 0.2116 -0.1312 0.0492, 0.2063 -0.1271 0.0424, 0.2639 -0.1271 0.0359, 0.2529 -0.1329 0.0359, 0.243 -0.1366 0.0407, 0.2058 -0.1267 0.0492, 0.2014 -0.1234 0.0492, 0.1987 -0.1193 0.0407, 0.2709 -0.1193 0.0325, 0.2602 -0.1271 0.0301, 0.2495 -0.1329 0.0325, 0.241 -0.1366 0.0393, 0.1981 -0.119 0.0492, 0.1936 -0.1132 0.0492, 0.193 -0.1099 0.0393, 0.2762 -0.1099 0.03, 0.2794 -0.0995 0.0284, 0.2786 -0.0886 0.0248, 0.2806 -0.0886 0.0279, 0.2836 -0.0886 0.0365, 0.2842 -0.0886 0.0383, 0.2709 -0.1099 0.0216, 0.2663 -0.1193 0.0252, 0.2639 -0.1099 0.0145, 0.2602 -0.1193 0.0191, 0.2554 -0.1271 0.0252, 0.2555 -0.1099 0.0093, 0.2529 -0.1193 0.0145, 0.2495 -0.1271 0.0216, 0.2455 -0.1329 0.03, 0.2472 -0.0886 0.0012, 0.2469 -0.0995 0.0024, 0.2461 -0.1099 0.006, 0.2448 -0.1193 0.0117, 0.243 -0.1271 0.0193, 0.241 -0.1329 0.0284, 0.2387 -0.1366 0.0385, 0.2362 -0.1366 0.0383, 0.2362 -0.1329 0.0279, 0.2362 -0.1271 0.0185, 0.2362 -0.1193 0.0107, 0.2362 -0.1099 0.0049, 0.2362 -0.0995 0.0012, 0.2362 -0.0886 0.0, 0.2264 -0.1099 0.006, 0.2277 -0.1193 0.0117, 0.2294 -0.1271 0.0193, 0.2315 -0.1329 0.0284, 0.2338 -0.1366 0.0385, 0.217 -0.1099 0.0093, 0.2195 -0.1193 0.0145, 0.2229 -0.1271 0.0216, 0.227 -0.1329 0.03, 0.2315 -0.1366 0.0393, 0.2086 -0.1099 0.0145, 0.2122 -0.1193 0.0191, 0.2171 -0.1271 0.0252, 0.2229 -0.1329 0.0325, 0.2294 -0.1366 0.0407, 0.2016 -0.1099 0.0216, 0.2061 -0.1193 0.0252, 0.2122 -0.1271 0.0301, 0.2195 -0.1329 0.0359, 0.2277 -0.1366 0.0424, 0.1963 -0.1099 0.03, 0.2016 -0.1193 0.0325, 0.2086 -0.1271 0.0359, 0.217 -0.1329 0.0399, 0.2264 -0.1366 0.0445, 0.1882 -0.0886 0.0383, 0.1894 -0.0995 0.0385, 0.1922 -0.1098 0.0492, 0.1887 -0.1013 0.0492, 0.1884 -0.0995 0.0492, 0.187 -0.0886 0.0492, 0.2854 -0.0205 0.0492, 0.2842 0.0886 0.0383, 0.2854 0.0886 0.0492, 0.2854 0.03 0.0492, 0.2836 0.0886 0.0365, 0.2806 0.0886 0.0279, 0.2786 0.0886 0.0248, 0.2747 0.0886 0.0185, 0.2708 0.0886 0.0146, 0.2669 0.0886 0.0107, 0.2607 0.0886 0.0068, 0.2576 0.0886 0.0049, 0.2489 0.0886 0.0018, 0.2472 0.0886 0.0012, 0.2362 0.0886 0.0, 0.2253 0.0886 0.0012, 0.2235 0.0886 0.0018, 0.2149 0.0886 0.0049, 0.2118 0.0886 0.0068, 0.2055 0.0886 0.0107, 0.2016 0.0886 0.0146, 0.1977 0.0886 0.0185, 0.1938 0.0886 0.0248, 0.1919 0.0886 0.0279, 0.1888 0.0886 0.0365, 0.187 -0.0205 0.0492, 0.187 0.0886 0.0492, 0.1882 0.0886 0.0383, 0.187 0.03 0.0492, 0.2448 0.1366 0.0424, 0.243 0.1366 0.0407, 0.2362 0.1378 0.0492, 0.249 0.1361 0.0492, 0.2574 0.1326 0.0492, 0.257 0.1329 0.0445, 0.2608 0.1312 0.0492, 0.2667 0.1267 0.0492, 0.2661 0.1271 0.0424, 0.271 0.1234 0.0492, 0.2744 0.119 0.0492, 0.2737 0.1193 0.0407, 0.2794 0.1099 0.0393, 0.283 0.0995 0.0385, 0.2794 0.0995 0.0284, 0.1894 0.0995 0.0385, 0.193 0.0995 0.0284, 0.1987 0.0995 0.0193, 0.2063 0.0995 0.0117, 0.2154 0.0995 0.006, 0.2362 0.0995 0.0012, 0.2469 0.0995 0.0024, 0.2737 0.0995 0.0193, 0.2661 0.0995 0.0117, 0.257 0.0995 0.006, 0.284 0.0995 0.0492, 0.2838 0.1013 0.0492, 0.2802 0.1098 0.0492, 0.2788 0.1132 0.0492, 0.2255 0.0995 0.0024, 0.2264 0.1099 0.006, 0.2362 0.1099 0.0049, 0.1884 0.0995 0.0492, 0.1887 0.1013 0.0492, 0.193 0.1099 0.0393, 0.2762 0.1099 0.03, 0.2362 0.1193 0.0107, 0.2448 0.1193 0.0117, 0.1922 0.1098 0.0492, 0.1936 0.1132 0.0492, 0.1987 0.1193 0.0407, 0.2709 0.1193 0.0325, 0.2709 0.1099 0.0216, 0.243 0.1271 0.0193, 0.2495 0.1271 0.0216, 0.2639 0.1271 0.0359, 0.2663 0.1193 0.0252, 0.2639 0.1099 0.0145, 0.2455 0.1329 0.03, 0.2495 0.1329 0.0325, 0.1981 0.119 0.0492, 0.2014 0.1234 0.0492, 0.2063 0.1271 0.0424, 0.2058 0.1267 0.0492, 0.2154 0.1329 0.0445, 0.2555 0.1099 0.0093, 0.2602 0.1193 0.0191, 0.2602 0.1271 0.0301, 0.2555 0.1329 0.0399, 0.2469 0.1366 0.0468, 0.241 0.1366 0.0393, 0.241 0.1329 0.0284, 0.2387 0.1366 0.0385, 0.2362 0.1271 0.0185, 0.2362 0.1329 0.0279, 0.2362 0.1366 0.0383, 0.2277 0.1193 0.0117, 0.2294 0.1271 0.0193, 0.2315 0.1329 0.0284, 0.2338 0.1366 0.0385, 0.217 0.1099 0.0093, 0.2086 0.1099 0.0145, 0.2195 0.1193 0.0145, 0.2122 0.1193 0.0191, 0.2229 0.1271 0.0216, 0.2171 0.1271 0.0252, 0.227 0.1329 0.03, 0.2229 0.1329 0.0325, 0.2315 0.1366 0.0393, 0.2294 0.1366 0.0407, 0.2016 0.1099 0.0216, 0.2061 0.1193 0.0252, 0.2122 0.1271 0.0301, 0.2195 0.1329 0.0359, 0.2277 0.1366 0.0424, 0.1963 0.1099 0.03, 0.2016 0.1193 0.0325, 0.2086 0.1271 0.0359, 0.217 0.1329 0.0399, 0.2264 0.1366 0.0445, 0.2255 0.1366 0.0468, 0.2116 0.1312 0.0492, 0.215 0.1326 0.0492, 0.2235 0.1361 0.0492, 0.2253 0.1364 0.0492, 0.24 0.1373 0.0492, 0.2471 0.1364 0.0492, 0.2461 0.1099 0.006, 0.2529 0.1193 0.0145, 0.2554 0.1271 0.0252, 0.2529 0.1329 0.0359, 0.2461 0.1366 0.0445, 0.2324 0.1373 0.0492
            ]
        }
        coordIndex [
            0,1,2,-1,0,3,4,-1,5,3,0,-1,2,5,0,-1,0,6,7,-1,8,6,0,-1,4,8,0,-1,0,9,10,-1,11,9,0,-1,7,11,0,-1,0,12,13,-1,14,12,0,-1,10,14,0,-1,0,15,16,-1,17,15,0,-1,13,17,0,-1,0,18,19,-1,20,18,0,-1,16,20,0,-1,0,21,22,-1,23,21,0,-1,19,23,0,-1,0,24,25,-1,26,24,0,-1,22,26,0,-1,25,1,0,-1,1,27,2,-1,2,27,28,-1,2,28,5,-1,5,28,29,-1,5,29,3,-1,3,29,30,-1,3,30,4,-1,4,30,31,-1,4,31,8,-1,8,31,32,-1,8,32,6,-1,6,32,33,-1,6,33,7,-1,7,33,34,-1,7,34,11,-1,11,34,35,-1,11,35,9,-1,9,35,36,-1,9,36,10,-1,10,36,37,-1,10,37,14,-1,14,37,38,-1,14,38,12,-1,12,38,39,-1,12,39,13,-1,13,39,40,-1,13,40,17,-1,17,40,41,-1,17,41,15,-1,15,41,42,-1,15,42,16,-1,16,42,43,-1,16,43,20,-1,20,43,44,-1,20,44,18,-1,18,44,45,-1,18,45,19,-1,19,45,46,-1,19,46,23,-1,23,46,47,-1,23,47,21,-1,21,47,48,-1,21,48,22,-1,22,48,49,-1,22,49,26,-1,26,49,50,-1,26,50,24,-1,24,50,51,-1,24,51,25,-1,25,51,52,-1,25,52,1,-1,1,52,27,-1,52,53,27,-1,27,53,54,-1,27,54,28,-1,28,54,55,-1,28,55,29,-1,29,55,56,-1,29,56,30,-1,30,56,57,-1,30,57,31,-1,31,57,58,-1,31,58,32,-1,32,58,59,-1,32,59,33,-1,33,59,60,-1,33,60,34,-1,34,60,61,-1,34,61,35,-1,35,61,62,-1,35,62,36,-1,36,62,63,-1,36,63,37,-1,37,63,64,-1,37,64,38,-1,38,64,65,-1,38,65,39,-1,39,65,66,-1,39,66,40,-1,40,66,67,-1,40,67,41,-1,41,67,68,-1,41,68,42,-1,42,68,69,-1,42,69,43,-1,43,69,70,-1,43,70,44,-1,44,70,71,-1,44,71,45,-1,45,71,72,-1,45,72,46,-1,46,72,73,-1,46,73,47,-1,47,73,74,-1,47,74,48,-1,48,74,75,-1,48,75,49,-1,49,75,76,-1,49,76,50,-1,50,76,77,-1,50,77,51,-1,51,77,78,-1,51,78,52,-1,52,78,53,-1,78,79,53,-1,53,79,80,-1,53,80,54,-1,54,80,81,-1,54,81,55,-1,55,81,82,-1,55,82,56,-1,56,82,83,-1,56,83,57,-1,57,83,84,-1,57,84,58,-1,58,84,85,-1,58,85,59,-1,59,85,86,-1,59,86,60,-1,60,86,87,-1,60,87,61,-1,61,87,88,-1,61,88,62,-1,62,88,89,-1,62,89,63,-1,63,89,90,-1,63,90,64,-1,64,90,91,-1,64,91,65,-1,65,91,92,-1,65,92,66,-1,66,92,93,-1,66,93,67,-1,67,93,94,-1,67,94,68,-1,68,94,95,-1,68,95,69,-1,69,95,96,-1,69,96,70,-1,70,96,97,-1,70,97,71,-1,71,97,98,-1,71,98,72,-1,72,98,99,-1,72,99,73,-1,73,99,100,-1,73,100,74,-1,74,100,101,-1,74,101,75,-1,75,101,102,-1,75,102,76,-1,76,102,103,-1,76,103,77,-1,77,103,104,-1,77,104,78,-1,78,104,79,-1,104,105,79,-1,79,105,106,-1,79,106,80,-1,80,106,107,-1,80,107,81,-1,81,107,108,-1,81,108,82,-1,82,108,109,-1,82,109,83,-1,83,109,110,-1,83,110,84,-1,84,110,111,-1,84,111,85,-1,85,111,112,-1,85,112,86,-1,86,112,113,-1,86,113,87,-1,87,113,114,-1,87,114,88,-1,88,114,115,-1,88,115,89,-1,89,115,116,-1,89,116,90,-1,90,116,117,-1,90,117,91,-1,91,117,118,-1,91,118,92,-1,92,118,119,-1,92,119,93,-1,93,119,120,-1,93,120,94,-1,94,120,121,-1,94,121,95,-1,95,121,122,-1,95,122,96,-1,96,122,123,-1,96,123,97,-1,97,123,124,-1,97,124,98,-1,98,124,125,-1,98,125,99,-1,99,125,126,-1,99,126,100,-1,100,126,127,-1,100,127,101,-1,101,127,128,-1,101,128,102,-1,102,128,129,-1,102,129,103,-1,103,129,130,-1,103,130,104,-1,104,130,105,-1,130,131,105,-1,105,131,132,-1,105,132,106,-1,106,132,133,-1,106,133,107,-1,107,133,134,-1,107,134,108,-1,108,134,135,-1,108,135,109,-1,109,135,136,-1,109,136,110,-1,110,136,137,-1,110,137,111,-1,111,137,138,-1,111,138,112,-1,112,138,139,-1,112,139,113,-1,113,139,140,-1,113,140,114,-1,114,140,141,-1,114,141,115,-1,115,141,142,-1,115,142,116,-1,116,142,143,-1,116,143,117,-1,117,143,144,-1,117,144,118,-1,118,144,145,-1,118,145,119,-1,119,145,146,-1,119,146,120,-1,120,146,147,-1,120,147,121,-1,121,147,148,-1,121,148,122,-1,122,148,149,-1,122,149,123,-1,123,149,150,-1,123,150,124,-1,124,150,151,-1,124,151,125,-1,125,151,152,-1,125,152,126,-1,126,152,153,-1,126,153,127,-1,127,153,154,-1,127,154,128,-1,128,154,155,-1,128,155,129,-1,129,155,156,-1,129,156,130,-1,130,156,131,-1,157,158,159,-1,157,159,160,-1,161,160,159,-1,162,161,159,-1,163,162,159,-1,164,163,159,-1,165,164,159,-1,166,165,159,-1,167,166,159,-1,168,167,159,-1,169,168,159,-1,170,169,159,-1,171,170,159,-1,172,171,159,-1,173,172,159,-1,174,173,159,-1,175,174,159,-1,176,175,159,-1,177,176,159,-1,178,177,159,-1,179,178,159,-1,180,179,159,-1,181,180,159,-1,158,181,159,-1,182,183,184,-1,184,183,185,-1,184,185,186,-1,186,185,187,-1,186,187,188,-1,187,189,188,-1,188,189,190,-1,188,190,191,-1,191,190,192,-1,191,192,193,-1,193,192,194,-1,193,194,195,-1,195,194,196,-1,195,196,197,-1,197,196,198,-1,197,198,199,-1,199,198,200,-1,199,200,201,-1,201,200,202,-1,201,202,203,-1,203,202,204,-1,203,204,205,-1,205,204,206,-1,205,206,207,-1,207,206,208,-1,207,208,209,-1,209,208,210,-1,209,210,211,-1,211,210,212,-1,211,212,213,-1,213,212,214,-1,213,214,215,-1,215,214,216,-1,215,216,217,-1,217,216,218,-1,217,218,219,-1,219,218,220,-1,219,220,221,-1,221,220,222,-1,221,222,223,-1,223,222,224,-1,223,224,225,-1,225,224,226,-1,225,226,227,-1,227,226,228,-1,227,228,229,-1,229,228,230,-1,229,230,182,-1,182,230,231,-1,182,231,183,-1,221,232,219,-1,219,232,233,-1,219,233,217,-1,217,233,234,-1,217,234,215,-1,215,234,235,-1,215,235,213,-1,213,235,236,-1,213,236,211,-1,211,236,237,-1,211,237,209,-1,209,237,238,-1,209,238,207,-1,207,238,239,-1,207,239,205,-1,205,239,240,-1,205,240,203,-1,203,240,241,-1,203,241,201,-1,201,241,242,-1,201,242,199,-1,199,242,243,-1,199,243,197,-1,197,243,244,-1,197,244,195,-1,195,244,245,-1,195,245,193,-1,193,245,246,-1,193,246,191,-1,191,246,247,-1,191,247,188,-1,188,247,248,-1,188,248,186,-1,186,248,249,-1,186,249,184,-1,184,249,250,-1,184,250,182,-1,182,250,251,-1,182,251,229,-1,229,251,252,-1,229,252,227,-1,227,252,253,-1,227,253,225,-1,225,253,254,-1,225,254,223,-1,223,254,255,-1,223,255,221,-1,221,255,232,-1,255,158,232,-1,232,158,157,-1,232,157,233,-1,233,157,160,-1,233,160,234,-1,234,160,161,-1,234,161,235,-1,235,161,162,-1,235,162,236,-1,236,162,163,-1,236,163,237,-1,237,163,164,-1,237,164,238,-1,238,164,165,-1,238,165,239,-1,239,165,166,-1,239,166,240,-1,240,166,167,-1,240,167,241,-1,241,167,168,-1,241,168,242,-1,242,168,169,-1,242,169,243,-1,243,169,170,-1,243,170,244,-1,244,170,171,-1,244,171,245,-1,245,171,172,-1,245,172,246,-1,246,172,173,-1,246,173,247,-1,247,173,174,-1,247,174,248,-1,248,174,175,-1,248,175,249,-1,249,175,176,-1,249,176,250,-1,250,176,177,-1,250,177,251,-1,251,177,178,-1,251,178,252,-1,252,178,179,-1,252,179,253,-1,253,179,180,-1,253,180,254,-1,254,180,181,-1,254,181,255,-1,255,181,158,-1,256,257,258,-1,256,259,260,-1,261,259,256,-1,258,261,256,-1,256,262,263,-1,264,262,256,-1,260,264,256,-1,256,265,266,-1,267,265,256,-1,263,267,256,-1,256,268,269,-1,270,268,256,-1,266,270,256,-1,256,271,272,-1,273,271,256,-1,269,273,256,-1,256,274,275,-1,276,274,256,-1,272,276,256,-1,256,277,278,-1,279,277,256,-1,275,279,256,-1,256,280,281,-1,282,280,256,-1,278,282,256,-1,281,257,256,-1,257,283,258,-1,258,283,284,-1,258,284,261,-1,261,284,285,-1,261,285,259,-1,259,285,286,-1,259,286,260,-1,260,286,287,-1,260,287,264,-1,264,287,288,-1,264,288,262,-1,262,288,289,-1,262,289,263,-1,263,289,290,-1,263,290,267,-1,267,290,291,-1,267,291,265,-1,265,291,292,-1,265,292,266,-1,266,292,293,-1,266,293,270,-1,270,293,294,-1,270,294,268,-1,268,294,295,-1,268,295,269,-1,269,295,296,-1,269,296,273,-1,273,296,297,-1,273,297,271,-1,271,297,298,-1,271,298,272,-1,272,298,299,-1,272,299,276,-1,276,299,300,-1,276,300,274,-1,274,300,301,-1,274,301,275,-1,275,301,302,-1,275,302,279,-1,279,302,303,-1,279,303,277,-1,277,303,304,-1,277,304,278,-1,278,304,305,-1,278,305,282,-1,282,305,306,-1,282,306,280,-1,280,306,307,-1,280,307,281,-1,281,307,308,-1,281,308,257,-1,257,308,283,-1,308,309,283,-1,283,309,310,-1,283,310,284,-1,284,310,311,-1,284,311,285,-1,285,311,312,-1,285,312,286,-1,286,312,313,-1,286,313,287,-1,287,313,314,-1,287,314,288,-1,288,314,315,-1,288,315,289,-1,289,315,316,-1,289,316,290,-1,290,316,317,-1,290,317,291,-1,291,317,318,-1,291,318,292,-1,292,318,319,-1,292,319,293,-1,293,319,320,-1,293,320,294,-1,294,320,321,-1,294,321,295,-1,295,321,322,-1,295,322,296,-1,296,322,323,-1,296,323,297,-1,297,323,324,-1,297,324,298,-1,298,324,325,-1,298,325,299,-1,299,325,326,-1,299,326,300,-1,300,326,327,-1,300,327,301,-1,301,327,328,-1,301,328,302,-1,302,328,329,-1,302,329,303,-1,303,329,330,-1,303,330,304,-1,304,330,331,-1,304,331,305,-1,305,331,332,-1,305,332,306,-1,306,332,333,-1,306,333,307,-1,307,333,334,-1,307,334,308,-1,308,334,309,-1,334,335,309,-1,309,335,336,-1,309,336,310,-1,310,336,337,-1,310,337,311,-1,311,337,338,-1,311,338,312,-1,312,338,339,-1,312,339,313,-1,313,339,340,-1,313,340,314,-1,314,340,341,-1,314,341,315,-1,315,341,342,-1,315,342,316,-1,316,342,343,-1,316,343,317,-1,317,343,344,-1,317,344,318,-1,318,344,345,-1,318,345,319,-1,319,345,346,-1,319,346,320,-1,320,346,347,-1,320,347,321,-1,321,347,348,-1,321,348,322,-1,322,348,349,-1,322,349,323,-1,323,349,350,-1,323,350,324,-1,324,350,351,-1,324,351,325,-1,325,351,352,-1,325,352,326,-1,326,352,353,-1,326,353,327,-1,327,353,354,-1,327,354,328,-1,328,354,355,-1,328,355,329,-1,329,355,356,-1,329,356,330,-1,330,356,357,-1,330,357,331,-1,331,357,358,-1,331,358,332,-1,332,358,359,-1,332,359,333,-1,333,359,360,-1,333,360,334,-1,334,360,335,-1,360,361,335,-1,335,361,362,-1,335,362,336,-1,336,362,363,-1,336,363,337,-1,337,363,364,-1,337,364,338,-1,338,364,365,-1,338,365,339,-1,339,365,366,-1,339,366,340,-1,340,366,367,-1,340,367,341,-1,341,367,368,-1,341,368,342,-1,342,368,369,-1,342,369,343,-1,343,369,370,-1,343,370,344,-1,344,370,371,-1,344,371,345,-1,345,371,372,-1,345,372,346,-1,346,372,373,-1,346,373,347,-1,347,373,374,-1,347,374,348,-1,348,374,375,-1,348,375,349,-1,349,375,376,-1,349,376,350,-1,350,376,377,-1,350,377,351,-1,351,377,378,-1,351,378,352,-1,352,378,379,-1,352,379,353,-1,353,379,380,-1,353,380,354,-1,354,380,381,-1,354,381,355,-1,355,381,382,-1,355,382,356,-1,356,382,383,-1,356,383,357,-1,357,383,384,-1,357,384,358,-1,358,384,385,-1,358,385,359,-1,359,385,386,-1,359,386,360,-1,360,386,361,-1,386,387,361,-1,361,387,388,-1,361,388,362,-1,362,388,389,-1,362,389,363,-1,363,389,390,-1,363,390,364,-1,364,390,391,-1,364,391,365,-1,365,391,392,-1,365,392,366,-1,366,392,393,-1,366,393,367,-1,367,393,394,-1,367,394,368,-1,368,394,395,-1,368,395,369,-1,369,395,396,-1,369,396,370,-1,370,396,397,-1,370,397,371,-1,371,397,398,-1,371,398,372,-1,372,398,399,-1,372,399,373,-1,373,399,400,-1,373,400,374,-1,374,400,401,-1,374,401,375,-1,375,401,402,-1,375,402,376,-1,376,402,403,-1,376,403,377,-1,377,403,404,-1,377,404,378,-1,378,404,405,-1,378,405,379,-1,379,405,406,-1,379,406,380,-1,380,406,407,-1,380,407,381,-1,381,407,408,-1,381,408,382,-1,382,408,409,-1,382,409,383,-1,383,409,410,-1,383,410,384,-1,384,410,411,-1,384,411,385,-1,385,411,412,-1,385,412,386,-1,386,412,387,-1,413,414,415,-1,413,415,416,-1,417,416,415,-1,418,417,415,-1,419,418,415,-1,420,419,415,-1,421,420,415,-1,422,421,415,-1,423,422,415,-1,424,423,415,-1,425,424,415,-1,426,425,415,-1,427,426,415,-1,428,427,415,-1,429,428,415,-1,430,429,415,-1,431,430,415,-1,432,431,415,-1,433,432,415,-1,434,433,415,-1,435,434,415,-1,436,435,415,-1,437,436,415,-1,414,437,415,-1,438,439,440,-1,440,439,441,-1,440,441,442,-1,442,441,443,-1,442,443,444,-1,443,445,444,-1,444,445,446,-1,444,446,447,-1,447,446,448,-1,447,448,449,-1,449,448,450,-1,449,450,451,-1,451,450,452,-1,451,452,453,-1,453,452,454,-1,453,454,455,-1,455,454,456,-1,455,456,457,-1,457,456,458,-1,457,458,459,-1,459,458,460,-1,459,460,461,-1,461,460,462,-1,461,462,463,-1,463,462,464,-1,463,464,465,-1,465,464,466,-1,465,466,467,-1,467,466,468,-1,467,468,469,-1,469,468,470,-1,469,470,471,-1,471,470,472,-1,471,472,473,-1,473,472,474,-1,473,474,475,-1,475,474,476,-1,475,476,477,-1,477,476,478,-1,477,478,479,-1,479,478,480,-1,479,480,481,-1,481,480,482,-1,481,482,483,-1,483,482,484,-1,483,484,485,-1,485,484,486,-1,485,486,438,-1,438,486,487,-1,438,487,439,-1,453,488,451,-1,451,488,489,-1,451,489,449,-1,449,489,490,-1,449,490,447,-1,447,490,491,-1,447,491,444,-1,444,491,492,-1,444,492,442,-1,442,492,493,-1,442,493,440,-1,440,493,494,-1,440,494,438,-1,438,494,495,-1,438,495,485,-1,485,495,496,-1,485,496,483,-1,483,496,497,-1,483,497,481,-1,481,497,498,-1,481,498,479,-1,479,498,499,-1,479,499,477,-1,477,499,500,-1,477,500,475,-1,475,500,501,-1,475,501,473,-1,473,501,502,-1,473,502,471,-1,471,502,503,-1,471,503,469,-1,469,503,504,-1,469,504,467,-1,467,504,505,-1,467,505,465,-1,465,505,506,-1,465,506,463,-1,463,506,507,-1,463,507,461,-1,461,507,508,-1,461,508,459,-1,459,508,509,-1,459,509,457,-1,457,509,510,-1,457,510,455,-1,455,510,511,-1,455,511,453,-1,453,511,488,-1,511,414,488,-1,488,414,413,-1,488,413,489,-1,489,413,416,-1,489,416,490,-1,490,416,417,-1,490,417,491,-1,491,417,418,-1,491,418,492,-1,492,418,419,-1,492,419,493,-1,493,419,420,-1,493,420,494,-1,494,420,421,-1,494,421,495,-1,495,421,422,-1,495,422,496,-1,496,422,423,-1,496,423,497,-1,497,423,424,-1,497,424,498,-1,498,424,425,-1,498,425,499,-1,499,425,426,-1,499,426,500,-1,500,426,427,-1,500,427,501,-1,501,427,428,-1,501,428,502,-1,502,428,429,-1,502,429,503,-1,503,429,430,-1,503,430,504,-1,504,430,431,-1,504,431,505,-1,505,431,432,-1,505,432,506,-1,506,432,433,-1,506,433,507,-1,507,433,434,-1,507,434,508,-1,508,434,435,-1,508,435,509,-1,509,435,436,-1,509,436,510,-1,510,436,437,-1,510,437,511,-1,511,437,414,-1,512,513,514,-1,513,515,516,-1,515,517,518,-1,519,520,521,-1,519,522,523,-1,524,522,519,-1,521,524,519,-1,519,525,526,-1,527,525,519,-1,523,527,519,-1,519,528,529,-1,530,528,519,-1,526,530,519,-1,517,531,529,-1,529,531,519,-1,532,533,534,-1,534,533,535,-1,534,535,536,-1,517,529,518,-1,518,529,528,-1,518,528,537,-1,537,528,530,-1,537,530,538,-1,538,530,526,-1,538,526,539,-1,539,526,525,-1,539,525,540,-1,540,525,527,-1,540,527,541,-1,541,527,523,-1,541,523,542,-1,542,523,522,-1,542,522,543,-1,543,522,524,-1,543,524,544,-1,544,524,521,-1,544,521,545,-1,545,521,520,-1,545,520,546,-1,547,532,548,-1,548,532,534,-1,548,534,549,-1,549,534,536,-1,549,536,550,-1,550,536,519,-1,515,518,516,-1,516,518,537,-1,516,537,551,-1,551,537,538,-1,551,538,552,-1,552,538,539,-1,552,539,553,-1,553,539,540,-1,553,540,554,-1,554,540,541,-1,554,541,555,-1,555,541,542,-1,555,542,556,-1,556,542,543,-1,556,543,557,-1,557,543,544,-1,557,544,558,-1,558,544,545,-1,558,545,559,-1,559,545,546,-1,559,546,560,-1,561,547,562,-1,562,547,548,-1,562,548,563,-1,563,548,549,-1,563,549,564,-1,564,549,550,-1,564,550,565,-1,565,550,519,-1,513,516,514,-1,514,516,551,-1,514,551,566,-1,566,551,552,-1,566,552,567,-1,567,552,553,-1,567,553,568,-1,568,553,554,-1,568,554,569,-1,569,554,555,-1,569,555,570,-1,570,555,556,-1,570,556,571,-1,571,556,557,-1,571,557,572,-1,572,557,558,-1,572,558,573,-1,573,558,559,-1,573,559,574,-1,574,559,560,-1,574,560,575,-1,576,561,577,-1,577,561,562,-1,577,562,578,-1,578,562,563,-1,578,563,579,-1,579,563,564,-1,579,564,580,-1,580,564,565,-1,580,565,581,-1,581,565,519,-1,582,583,584,-1,585,583,586,-1,586,583,582,-1,586,582,587,-1,588,585,589,-1,589,585,586,-1,589,586,590,-1,590,586,587,-1,590,587,591,-1,592,588,593,-1,593,588,589,-1,593,589,594,-1,594,589,590,-1,594,590,595,-1,595,590,591,-1,595,591,596,-1,597,592,598,-1,598,592,593,-1,598,593,599,-1,599,593,594,-1,599,594,600,-1,600,594,595,-1,600,595,601,-1,601,595,596,-1,601,596,519,-1,512,514,602,-1,602,514,566,-1,602,566,603,-1,603,566,567,-1,603,567,604,-1,604,567,568,-1,604,568,605,-1,605,568,569,-1,605,569,606,-1,606,569,570,-1,606,570,607,-1,607,570,571,-1,607,571,608,-1,608,571,572,-1,608,572,609,-1,609,572,573,-1,609,573,610,-1,610,573,574,-1,610,574,611,-1,611,574,575,-1,611,575,612,-1,519,613,581,-1,581,613,614,-1,581,614,580,-1,580,614,615,-1,580,615,579,-1,579,615,616,-1,579,616,578,-1,578,616,617,-1,578,617,577,-1,577,617,618,-1,577,618,576,-1,519,619,613,-1,613,619,620,-1,613,620,614,-1,614,620,621,-1,614,621,615,-1,615,621,622,-1,615,622,616,-1,616,622,623,-1,616,623,617,-1,617,623,624,-1,617,624,618,-1,519,596,619,-1,619,596,591,-1,619,591,620,-1,620,591,587,-1,620,587,621,-1,621,587,582,-1,621,582,622,-1,622,582,584,-1,622,584,623,-1,623,584,625,-1,623,625,624,-1,535,519,536,-1,533,626,535,-1,535,626,519,-1,512,597,513,-1,513,597,598,-1,513,598,515,-1,515,598,599,-1,515,599,517,-1,517,599,600,-1,517,600,531,-1,531,600,601,-1,531,601,519,-1,627,628,612,-1,612,628,629,-1,612,629,611,-1,611,629,630,-1,611,630,610,-1,610,630,631,-1,610,631,609,-1,609,631,632,-1,609,632,608,-1,608,632,633,-1,608,633,607,-1,607,633,634,-1,607,634,606,-1,606,634,635,-1,606,635,605,-1,605,635,636,-1,605,636,604,-1,604,636,637,-1,604,637,603,-1,603,637,638,-1,603,638,602,-1,602,638,639,-1,602,639,512,-1,512,639,640,-1,512,640,597,-1,597,640,641,-1,597,641,592,-1,592,641,642,-1,592,642,588,-1,588,642,643,-1,588,643,585,-1,585,643,644,-1,585,644,583,-1,583,644,645,-1,583,645,584,-1,584,645,646,-1,584,646,625,-1,647,627,648,-1,648,627,612,-1,648,612,649,-1,649,612,575,-1,649,575,650,-1,650,575,560,-1,650,560,651,-1,651,560,546,-1,651,546,652,-1,652,546,520,-1,652,520,519,-1,653,647,654,-1,654,647,648,-1,654,648,655,-1,655,648,649,-1,655,649,656,-1,656,649,650,-1,656,650,657,-1,657,650,651,-1,657,651,658,-1,658,651,652,-1,658,652,519,-1,659,653,660,-1,660,653,654,-1,660,654,661,-1,661,654,655,-1,661,655,662,-1,662,655,656,-1,662,656,663,-1,663,656,657,-1,663,657,664,-1,664,657,658,-1,664,658,519,-1,665,659,666,-1,666,659,660,-1,666,660,667,-1,667,660,661,-1,667,661,668,-1,668,661,662,-1,668,662,669,-1,669,662,663,-1,669,663,670,-1,670,663,664,-1,670,664,519,-1,576,665,561,-1,561,665,666,-1,561,666,547,-1,547,666,667,-1,547,667,532,-1,532,667,668,-1,532,668,533,-1,533,668,669,-1,533,669,626,-1,626,669,670,-1,626,670,519,-1,671,672,673,-1,671,673,674,-1,675,674,673,-1,676,675,673,-1,677,676,673,-1,678,677,673,-1,679,678,673,-1,680,679,673,-1,681,680,673,-1,682,681,673,-1,683,682,673,-1,684,683,673,-1,685,684,673,-1,686,685,673,-1,687,686,673,-1,688,687,673,-1,689,688,673,-1,690,689,673,-1,691,690,673,-1,692,691,673,-1,693,692,673,-1,694,693,673,-1,695,694,673,-1,672,695,673,-1,696,697,698,-1,698,697,699,-1,698,699,700,-1,700,699,701,-1,700,701,702,-1,701,703,702,-1,702,703,704,-1,702,704,705,-1,705,704,706,-1,705,706,707,-1,707,706,708,-1,707,708,709,-1,709,708,710,-1,709,710,711,-1,711,710,712,-1,711,712,713,-1,713,712,714,-1,713,714,715,-1,715,714,716,-1,715,716,717,-1,717,716,718,-1,717,718,719,-1,719,718,720,-1,719,720,721,-1,721,720,722,-1,721,722,723,-1,723,722,724,-1,723,724,725,-1,725,724,726,-1,725,726,727,-1,727,726,728,-1,727,728,729,-1,729,728,730,-1,729,730,731,-1,731,730,732,-1,731,732,733,-1,733,732,734,-1,733,734,735,-1,735,734,736,-1,735,736,737,-1,737,736,738,-1,737,738,739,-1,739,738,740,-1,739,740,741,-1,741,740,742,-1,741,742,743,-1,743,742,744,-1,743,744,696,-1,696,744,745,-1,696,745,697,-1,735,746,733,-1,733,746,747,-1,733,747,731,-1,731,747,748,-1,731,748,729,-1,729,748,749,-1,729,749,727,-1,727,749,750,-1,727,750,725,-1,725,750,751,-1,725,751,723,-1,723,751,752,-1,723,752,721,-1,721,752,753,-1,721,753,719,-1,719,753,754,-1,719,754,717,-1,717,754,755,-1,717,755,715,-1,715,755,756,-1,715,756,713,-1,713,756,757,-1,713,757,711,-1,711,757,758,-1,711,758,709,-1,709,758,759,-1,709,759,707,-1,707,759,760,-1,707,760,705,-1,705,760,761,-1,705,761,702,-1,702,761,762,-1,702,762,700,-1,700,762,763,-1,700,763,698,-1,698,763,764,-1,698,764,696,-1,696,764,765,-1,696,765,743,-1,743,765,766,-1,743,766,741,-1,741,766,767,-1,741,767,739,-1,739,767,768,-1,739,768,737,-1,737,768,769,-1,737,769,735,-1,735,769,746,-1,769,672,746,-1,746,672,671,-1,746,671,747,-1,747,671,674,-1,747,674,748,-1,748,674,675,-1,748,675,749,-1,749,675,676,-1,749,676,750,-1,750,676,677,-1,750,677,751,-1,751,677,678,-1,751,678,752,-1,752,678,679,-1,752,679,753,-1,753,679,680,-1,753,680,754,-1,754,680,681,-1,754,681,755,-1,755,681,682,-1,755,682,756,-1,756,682,683,-1,756,683,757,-1,757,683,684,-1,757,684,758,-1,758,684,685,-1,758,685,759,-1,759,685,686,-1,759,686,760,-1,760,686,687,-1,760,687,761,-1,761,687,688,-1,761,688,762,-1,762,688,689,-1,762,689,763,-1,763,689,690,-1,763,690,764,-1,764,690,691,-1,764,691,765,-1,765,691,692,-1,765,692,766,-1,766,692,693,-1,766,693,767,-1,767,693,694,-1,767,694,768,-1,768,694,695,-1,768,695,769,-1,769,695,672,-1,770,771,772,-1,771,773,774,-1,773,775,776,-1,777,778,779,-1,777,780,781,-1,782,780,777,-1,779,782,777,-1,777,783,784,-1,785,783,777,-1,781,785,777,-1,777,786,787,-1,788,786,777,-1,784,788,777,-1,775,789,787,-1,787,789,777,-1,790,791,792,-1,792,791,793,-1,792,793,794,-1,775,787,776,-1,776,787,786,-1,776,786,795,-1,795,786,788,-1,795,788,796,-1,796,788,784,-1,796,784,797,-1,797,784,783,-1,797,783,798,-1,798,783,785,-1,798,785,799,-1,799,785,781,-1,799,781,800,-1,800,781,780,-1,800,780,801,-1,801,780,782,-1,801,782,802,-1,802,782,779,-1,802,779,803,-1,803,779,778,-1,803,778,804,-1,805,790,806,-1,806,790,792,-1,806,792,807,-1,807,792,794,-1,807,794,808,-1,808,794,777,-1,773,776,774,-1,774,776,795,-1,774,795,809,-1,809,795,796,-1,809,796,810,-1,810,796,797,-1,810,797,811,-1,811,797,798,-1,811,798,812,-1,812,798,799,-1,812,799,813,-1,813,799,800,-1,813,800,814,-1,814,800,801,-1,814,801,815,-1,815,801,802,-1,815,802,816,-1,816,802,803,-1,816,803,817,-1,817,803,804,-1,817,804,818,-1,819,805,820,-1,820,805,806,-1,820,806,821,-1,821,806,807,-1,821,807,822,-1,822,807,808,-1,822,808,823,-1,823,808,777,-1,771,774,772,-1,772,774,809,-1,772,809,824,-1,824,809,810,-1,824,810,825,-1,825,810,811,-1,825,811,826,-1,826,811,812,-1,826,812,827,-1,827,812,813,-1,827,813,828,-1,828,813,814,-1,828,814,829,-1,829,814,815,-1,829,815,830,-1,830,815,816,-1,830,816,831,-1,831,816,817,-1,831,817,832,-1,832,817,818,-1,832,818,833,-1,834,819,835,-1,835,819,820,-1,835,820,836,-1,836,820,821,-1,836,821,837,-1,837,821,822,-1,837,822,838,-1,838,822,823,-1,838,823,839,-1,839,823,777,-1,840,841,842,-1,843,841,844,-1,844,841,840,-1,844,840,845,-1,846,843,847,-1,847,843,844,-1,847,844,848,-1,848,844,845,-1,848,845,849,-1,850,846,851,-1,851,846,847,-1,851,847,852,-1,852,847,848,-1,852,848,853,-1,853,848,849,-1,853,849,854,-1,855,850,856,-1,856,850,851,-1,856,851,857,-1,857,851,852,-1,857,852,858,-1,858,852,853,-1,858,853,859,-1,859,853,854,-1,859,854,777,-1,770,772,860,-1,860,772,824,-1,860,824,861,-1,861,824,825,-1,861,825,862,-1,862,825,826,-1,862,826,863,-1,863,826,827,-1,863,827,864,-1,864,827,828,-1,864,828,865,-1,865,828,829,-1,865,829,866,-1,866,829,830,-1,866,830,867,-1,867,830,831,-1,867,831,868,-1,868,831,832,-1,868,832,869,-1,869,832,833,-1,869,833,870,-1,777,871,839,-1,839,871,872,-1,839,872,838,-1,838,872,873,-1,838,873,837,-1,837,873,874,-1,837,874,836,-1,836,874,875,-1,836,875,835,-1,835,875,876,-1,835,876,834,-1,777,877,871,-1,871,877,878,-1,871,878,872,-1,872,878,879,-1,872,879,873,-1,873,879,880,-1,873,880,874,-1,874,880,881,-1,874,881,875,-1,875,881,882,-1,875,882,876,-1,777,854,877,-1,877,854,849,-1,877,849,878,-1,878,849,845,-1,878,845,879,-1,879,845,840,-1,879,840,880,-1,880,840,842,-1,880,842,881,-1,881,842,883,-1,881,883,882,-1,793,777,794,-1,791,884,793,-1,793,884,777,-1,770,855,771,-1,771,855,856,-1,771,856,773,-1,773,856,857,-1,773,857,775,-1,775,857,858,-1,775,858,789,-1,789,858,859,-1,789,859,777,-1,885,886,870,-1,870,886,887,-1,870,887,869,-1,869,887,888,-1,869,888,868,-1,868,888,889,-1,868,889,867,-1,867,889,890,-1,867,890,866,-1,866,890,891,-1,866,891,865,-1,865,891,892,-1,865,892,864,-1,864,892,893,-1,864,893,863,-1,863,893,894,-1,863,894,862,-1,862,894,895,-1,862,895,861,-1,861,895,896,-1,861,896,860,-1,860,896,897,-1,860,897,770,-1,770,897,898,-1,770,898,855,-1,855,898,899,-1,855,899,850,-1,850,899,900,-1,850,900,846,-1,846,900,901,-1,846,901,843,-1,843,901,902,-1,843,902,841,-1,841,902,903,-1,841,903,842,-1,842,903,904,-1,842,904,883,-1,905,885,906,-1,906,885,870,-1,906,870,907,-1,907,870,833,-1,907,833,908,-1,908,833,818,-1,908,818,909,-1,909,818,804,-1,909,804,910,-1,910,804,778,-1,910,778,777,-1,911,905,912,-1,912,905,906,-1,912,906,913,-1,913,906,907,-1,913,907,914,-1,914,907,908,-1,914,908,915,-1,915,908,909,-1,915,909,916,-1,916,909,910,-1,916,910,777,-1,917,911,918,-1,918,911,912,-1,918,912,919,-1,919,912,913,-1,919,913,920,-1,920,913,914,-1,920,914,921,-1,921,914,915,-1,921,915,922,-1,922,915,916,-1,922,916,777,-1,923,917,924,-1,924,917,918,-1,924,918,925,-1,925,918,919,-1,925,919,926,-1,926,919,920,-1,926,920,927,-1,927,920,921,-1,927,921,928,-1,928,921,922,-1,928,922,777,-1,834,923,819,-1,819,923,924,-1,819,924,805,-1,805,924,925,-1,805,925,790,-1,790,925,926,-1,790,926,791,-1,791,926,927,-1,791,927,884,-1,884,927,928,-1,884,928,777,-1,929,930,931,-1,929,931,932,-1,933,932,931,-1,934,933,931,-1,935,934,931,-1,936,935,931,-1,937,936,931,-1,938,937,931,-1,939,938,931,-1,940,939,931,-1,941,940,931,-1,942,941,931,-1,943,942,931,-1,944,943,931,-1,945,944,931,-1,946,945,931,-1,947,946,931,-1,948,947,931,-1,949,948,931,-1,950,949,931,-1,951,950,931,-1,952,951,931,-1,953,952,931,-1,930,953,931,-1,954,955,956,-1,956,955,957,-1,956,957,958,-1,958,957,959,-1,958,959,960,-1,959,961,960,-1,960,961,962,-1,960,962,963,-1,963,962,964,-1,963,964,965,-1,965,964,966,-1,965,966,967,-1,967,966,968,-1,967,968,969,-1,969,968,970,-1,969,970,971,-1,971,970,972,-1,971,972,973,-1,973,972,974,-1,973,974,975,-1,975,974,976,-1,975,976,977,-1,977,976,978,-1,977,978,979,-1,979,978,980,-1,979,980,981,-1,981,980,982,-1,981,982,983,-1,983,982,984,-1,983,984,985,-1,985,984,986,-1,985,986,987,-1,987,986,988,-1,987,988,989,-1,989,988,990,-1,989,990,991,-1,991,990,992,-1,991,992,993,-1,993,992,994,-1,993,994,995,-1,995,994,996,-1,995,996,997,-1,997,996,998,-1,997,998,999,-1,999,998,1000,-1,999,1000,1001,-1,1001,1000,1002,-1,1001,1002,954,-1,954,1002,1003,-1,954,1003,955,-1,969,1004,967,-1,967,1004,1005,-1,967,1005,965,-1,965,1005,1006,-1,965,1006,963,-1,963,1006,1007,-1,963,1007,960,-1,960,1007,1008,-1,960,1008,958,-1,958,1008,1009,-1,958,1009,956,-1,956,1009,1010,-1,956,1010,954,-1,954,1010,1011,-1,954,1011,1001,-1,1001,1011,1012,-1,1001,1012,999,-1,999,1012,1013,-1,999,1013,997,-1,997,1013,1014,-1,997,1014,995,-1,995,1014,1015,-1,995,1015,993,-1,993,1015,1016,-1,993,1016,991,-1,991,1016,1017,-1,991,1017,989,-1,989,1017,1018,-1,989,1018,987,-1,987,1018,1019,-1,987,1019,985,-1,985,1019,1020,-1,985,1020,983,-1,983,1020,1021,-1,983,1021,981,-1,981,1021,1022,-1,981,1022,979,-1,979,1022,1023,-1,979,1023,977,-1,977,1023,1024,-1,977,1024,975,-1,975,1024,1025,-1,975,1025,973,-1,973,1025,1026,-1,973,1026,971,-1,971,1026,1027,-1,971,1027,969,-1,969,1027,1004,-1,1027,930,1004,-1,1004,930,929,-1,1004,929,1005,-1,1005,929,932,-1,1005,932,1006,-1,1006,932,933,-1,1006,933,1007,-1,1007,933,934,-1,1007,934,1008,-1,1008,934,935,-1,1008,935,1009,-1,1009,935,936,-1,1009,936,1010,-1,1010,936,937,-1,1010,937,1011,-1,1011,937,938,-1,1011,938,1012,-1,1012,938,939,-1,1012,939,1013,-1,1013,939,940,-1,1013,940,1014,-1,1014,940,941,-1,1014,941,1015,-1,1015,941,942,-1,1015,942,1016,-1,1016,942,943,-1,1016,943,1017,-1,1017,943,944,-1,1017,944,1018,-1,1018,944,945,-1,1018,945,1019,-1,1019,945,946,-1,1019,946,1020,-1,1020,946,947,-1,1020,947,1021,-1,1021,947,948,-1,1021,948,1022,-1,1022,948,949,-1,1022,949,1023,-1,1023,949,950,-1,1023,950,1024,-1,1024,950,951,-1,1024,951,1025,-1,1025,951,952,-1,1025,952,1026,-1,1026,952,953,-1,1026,953,1027,-1,1027,953,930,-1,1028,1029,1030,-1,1031,1032,1033,-1,1034,1035,1036,-1,1037,1038,1039,-1,1040,1041,1042,-1,1043,1044,1045,-1,1046,1047,1048,-1,1049,1050,1051,-1,1052,1053,1054,-1,1055,1056,1057,-1,1058,1059,1060,-1,1061,1062,1063,-1,1063,1062,1064,-1,1065,1066,1062,-1,1062,1066,1064,-1,1067,1064,1068,-1,1068,1069,1067,-1,1067,1069,1070,-1,1067,1070,1071,-1,1072,1073,1074,-1,1074,1073,1061,-1,1074,1061,1075,-1,1075,1061,1063,-1,1075,1063,1076,-1,1076,1063,1064,-1,1073,1077,1061,-1,1061,1077,1078,-1,1061,1078,1062,-1,1062,1078,1079,-1,1062,1079,1065,-1,1070,1080,1071,-1,1071,1080,1081,-1,1071,1081,1082,-1,1059,1072,1060,-1,1060,1072,1074,-1,1060,1074,1083,-1,1083,1074,1075,-1,1083,1075,1084,-1,1084,1075,1076,-1,1084,1076,1085,-1,1085,1076,1064,-1,1081,1086,1082,-1,1082,1086,1087,-1,1082,1087,1088,-1,1056,1058,1057,-1,1057,1058,1060,-1,1057,1060,1089,-1,1089,1060,1083,-1,1089,1083,1090,-1,1090,1083,1084,-1,1090,1084,1091,-1,1091,1084,1085,-1,1091,1085,1092,-1,1092,1085,1064,-1,1087,1093,1088,-1,1088,1093,1094,-1,1088,1094,1095,-1,1096,1097,1054,-1,1098,1099,1097,-1,1097,1099,1100,-1,1097,1100,1054,-1,1054,1100,1101,-1,1054,1101,1052,-1,1050,1098,1051,-1,1051,1098,1097,-1,1051,1097,1102,-1,1102,1097,1096,-1,1102,1096,1103,-1,1047,1049,1048,-1,1048,1049,1051,-1,1048,1051,1104,-1,1104,1051,1102,-1,1104,1102,1105,-1,1105,1102,1103,-1,1105,1103,1106,-1,1044,1046,1045,-1,1045,1046,1048,-1,1045,1048,1107,-1,1107,1048,1104,-1,1107,1104,1108,-1,1108,1104,1105,-1,1108,1105,1109,-1,1109,1105,1106,-1,1109,1106,1110,-1,1111,1043,1112,-1,1112,1043,1045,-1,1112,1045,1113,-1,1113,1045,1107,-1,1113,1107,1114,-1,1114,1107,1108,-1,1114,1108,1115,-1,1115,1108,1109,-1,1115,1109,1116,-1,1116,1109,1110,-1,1116,1110,1117,-1,1117,1118,1116,-1,1116,1118,1119,-1,1116,1119,1115,-1,1115,1119,1120,-1,1115,1120,1114,-1,1114,1120,1121,-1,1114,1121,1113,-1,1113,1121,1122,-1,1113,1122,1112,-1,1112,1122,1123,-1,1112,1123,1111,-1,1111,1123,1124,-1,1041,1124,1042,-1,1042,1124,1123,-1,1042,1123,1125,-1,1125,1123,1122,-1,1125,1122,1126,-1,1126,1122,1121,-1,1126,1121,1127,-1,1127,1121,1120,-1,1127,1120,1128,-1,1128,1120,1119,-1,1128,1119,1129,-1,1129,1119,1118,-1,1129,1118,1064,-1,1117,1064,1118,-1,1053,1055,1054,-1,1054,1055,1057,-1,1054,1057,1096,-1,1096,1057,1089,-1,1096,1089,1103,-1,1103,1089,1090,-1,1103,1090,1106,-1,1106,1090,1091,-1,1106,1091,1110,-1,1110,1091,1092,-1,1110,1092,1117,-1,1117,1092,1064,-1,1038,1040,1039,-1,1039,1040,1042,-1,1039,1042,1130,-1,1130,1042,1125,-1,1130,1125,1131,-1,1131,1125,1126,-1,1131,1126,1132,-1,1132,1126,1127,-1,1132,1127,1133,-1,1133,1127,1128,-1,1133,1128,1134,-1,1134,1128,1129,-1,1134,1129,1064,-1,1035,1037,1036,-1,1036,1037,1039,-1,1036,1039,1135,-1,1135,1039,1130,-1,1135,1130,1136,-1,1136,1130,1131,-1,1136,1131,1137,-1,1137,1131,1132,-1,1137,1132,1138,-1,1138,1132,1133,-1,1138,1133,1139,-1,1139,1133,1134,-1,1139,1134,1064,-1,1032,1034,1033,-1,1033,1034,1036,-1,1033,1036,1140,-1,1140,1036,1135,-1,1140,1135,1141,-1,1141,1135,1136,-1,1141,1136,1142,-1,1142,1136,1137,-1,1142,1137,1143,-1,1143,1137,1138,-1,1143,1138,1144,-1,1144,1138,1139,-1,1144,1139,1064,-1,1029,1031,1030,-1,1030,1031,1033,-1,1030,1033,1145,-1,1145,1033,1140,-1,1145,1140,1146,-1,1146,1140,1141,-1,1146,1141,1147,-1,1147,1141,1142,-1,1147,1142,1148,-1,1148,1142,1143,-1,1148,1143,1149,-1,1149,1143,1144,-1,1149,1144,1064,-1,1150,1028,1151,-1,1151,1028,1030,-1,1151,1030,1095,-1,1095,1030,1145,-1,1095,1145,1088,-1,1088,1145,1146,-1,1088,1146,1082,-1,1082,1146,1147,-1,1082,1147,1071,-1,1071,1147,1148,-1,1071,1148,1067,-1,1067,1148,1149,-1,1067,1149,1064,-1,1094,1152,1095,-1,1095,1152,1153,-1,1095,1153,1151,-1,1151,1153,1154,-1,1151,1154,1150,-1,1150,1154,1155,-1,1156,1052,1101,-1,1157,1158,1159,-1,1159,1156,1157,-1,1157,1156,1101,-1,1157,1101,1160,-1,1160,1101,1100,-1,1160,1100,1161,-1,1161,1100,1099,-1,1161,1099,1162,-1,1162,1099,1098,-1,1162,1098,1163,-1,1163,1098,1050,-1,1163,1050,1164,-1,1164,1050,1049,-1,1164,1049,1165,-1,1165,1049,1047,-1,1165,1047,1166,-1,1166,1047,1046,-1,1166,1046,1167,-1,1167,1046,1044,-1,1167,1044,1168,-1,1168,1044,1043,-1,1168,1043,1169,-1,1169,1043,1111,-1,1169,1111,1170,-1,1170,1111,1124,-1,1170,1124,1171,-1,1171,1124,1041,-1,1171,1041,1172,-1,1172,1041,1040,-1,1172,1040,1173,-1,1173,1040,1038,-1,1173,1038,1174,-1,1174,1038,1037,-1,1174,1037,1175,-1,1175,1037,1035,-1,1175,1035,1176,-1,1176,1035,1034,-1,1176,1034,1177,-1,1177,1034,1032,-1,1177,1032,1178,-1,1178,1032,1031,-1,1178,1031,1179,-1,1179,1031,1029,-1,1179,1029,1180,-1,1180,1029,1028,-1,1150,1155,1181,-1,1182,1183,1184,-1,1184,1183,1180,-1,1184,1180,1181,-1,1181,1180,1028,-1,1181,1028,1150,-1,1185,1186,1187,-1,1188,1189,1190,-1,1191,1192,1193,-1,1194,1195,1196,-1,1197,1198,1199,-1,1200,1183,1182,-1,1183,1200,1180,-1,1178,1179,1201,-1,1176,1177,1202,-1,1174,1175,1203,-1,1172,1173,1204,-1,1205,1170,1171,-1,1206,1169,1170,-1,1169,1206,1168,-1,1198,1157,1160,-1,1198,1160,1199,-1,1199,1160,1161,-1,1199,1161,1162,-1,1207,1163,1164,-1,1208,1165,1166,-1,1209,1167,1168,-1,1158,1157,1210,-1,1210,1157,1198,-1,1210,1198,1211,-1,1211,1198,1197,-1,1211,1197,1212,-1,1212,1197,1213,-1,1214,1215,1216,-1,1182,1217,1200,-1,1200,1217,1218,-1,1200,1218,1219,-1,1195,1213,1196,-1,1196,1213,1197,-1,1196,1197,1220,-1,1220,1197,1199,-1,1220,1199,1207,-1,1207,1199,1162,-1,1207,1162,1163,-1,1216,1221,1222,-1,1218,1223,1219,-1,1219,1223,1224,-1,1219,1224,1225,-1,1192,1194,1193,-1,1193,1194,1196,-1,1193,1196,1226,-1,1226,1196,1220,-1,1226,1220,1227,-1,1227,1220,1207,-1,1227,1207,1208,-1,1208,1207,1164,-1,1208,1164,1165,-1,1222,1228,1229,-1,1189,1191,1190,-1,1190,1191,1193,-1,1190,1193,1230,-1,1230,1193,1226,-1,1230,1226,1231,-1,1231,1226,1227,-1,1231,1227,1232,-1,1232,1227,1208,-1,1232,1208,1209,-1,1209,1208,1166,-1,1209,1166,1167,-1,1229,1233,1234,-1,1224,1235,1225,-1,1225,1235,1236,-1,1225,1236,1237,-1,1237,1236,1238,-1,1237,1238,1239,-1,1168,1206,1209,-1,1209,1206,1240,-1,1209,1240,1232,-1,1232,1240,1241,-1,1232,1241,1231,-1,1231,1241,1242,-1,1231,1242,1230,-1,1230,1242,1243,-1,1230,1243,1190,-1,1190,1243,1244,-1,1190,1244,1188,-1,1186,1185,1234,-1,1234,1233,1186,-1,1186,1233,1245,-1,1186,1245,1187,-1,1229,1228,1233,-1,1233,1228,1246,-1,1233,1246,1245,-1,1245,1246,1247,-1,1245,1247,1187,-1,1222,1221,1228,-1,1228,1221,1248,-1,1228,1248,1246,-1,1246,1248,1249,-1,1246,1249,1247,-1,1247,1249,1250,-1,1247,1250,1187,-1,1216,1215,1221,-1,1221,1215,1251,-1,1221,1251,1248,-1,1248,1251,1252,-1,1248,1252,1249,-1,1249,1252,1253,-1,1249,1253,1250,-1,1250,1253,1254,-1,1250,1254,1187,-1,1173,1174,1204,-1,1204,1174,1203,-1,1204,1203,1255,-1,1255,1203,1256,-1,1255,1256,1257,-1,1257,1256,1258,-1,1257,1258,1259,-1,1259,1258,1260,-1,1259,1260,1261,-1,1261,1260,1262,-1,1261,1262,1263,-1,1263,1262,1264,-1,1263,1264,1187,-1,1175,1176,1203,-1,1203,1176,1202,-1,1203,1202,1256,-1,1256,1202,1265,-1,1256,1265,1258,-1,1258,1265,1266,-1,1258,1266,1260,-1,1260,1266,1267,-1,1260,1267,1262,-1,1262,1267,1268,-1,1262,1268,1264,-1,1264,1268,1269,-1,1264,1269,1187,-1,1171,1172,1214,-1,1214,1172,1204,-1,1214,1204,1215,-1,1215,1204,1255,-1,1215,1255,1251,-1,1251,1255,1257,-1,1251,1257,1252,-1,1252,1257,1259,-1,1252,1259,1253,-1,1253,1259,1261,-1,1253,1261,1254,-1,1254,1261,1263,-1,1254,1263,1187,-1,1179,1180,1201,-1,1201,1180,1200,-1,1201,1200,1270,-1,1270,1200,1219,-1,1270,1219,1271,-1,1271,1219,1225,-1,1271,1225,1272,-1,1272,1225,1237,-1,1272,1237,1273,-1,1273,1237,1239,-1,1273,1239,1274,-1,1274,1239,1275,-1,1274,1275,1187,-1,1238,1276,1239,-1,1239,1276,1277,-1,1239,1277,1275,-1,1275,1277,1278,-1,1275,1278,1279,-1,1187,1280,1244,-1,1244,1280,1281,-1,1244,1281,1188,-1,1170,1205,1206,-1,1206,1205,1282,-1,1206,1282,1240,-1,1240,1282,1283,-1,1240,1283,1241,-1,1241,1283,1284,-1,1241,1284,1242,-1,1242,1284,1285,-1,1242,1285,1243,-1,1243,1285,1286,-1,1243,1286,1244,-1,1244,1286,1187,-1,1171,1214,1205,-1,1205,1214,1216,-1,1205,1216,1282,-1,1282,1216,1222,-1,1282,1222,1283,-1,1283,1222,1229,-1,1283,1229,1284,-1,1284,1229,1234,-1,1284,1234,1285,-1,1285,1234,1185,-1,1285,1185,1286,-1,1286,1185,1187,-1,1279,1287,1275,-1,1275,1287,1187,-1,1177,1178,1202,-1,1202,1178,1201,-1,1202,1201,1265,-1,1265,1201,1270,-1,1265,1270,1266,-1,1266,1270,1271,-1,1266,1271,1267,-1,1267,1271,1272,-1,1267,1272,1268,-1,1268,1272,1273,-1,1268,1273,1269,-1,1269,1273,1274,-1,1269,1274,1187,-1,1288,1289,1290,-1,1291,1292,1293,-1,1294,1295,1296,-1,1296,1295,1291,-1,1297,1298,1299,-1,1299,1298,1300,-1,1300,1298,1301,-1,1301,1298,1302,-1,1301,1302,1303,-1,1303,1302,1304,-1,1304,1302,1305,-1,1304,1305,1306,-1,1306,1305,1307,-1,1307,1305,1308,-1,1307,1308,1309,-1,1289,1310,1290,-1,1290,1310,1311,-1,1290,1311,1308,-1,1308,1311,1312,-1,1308,1312,1309,-1,1313,1314,1315,-1,1315,1314,1288,-1,1291,1293,1296,-1,1296,1293,1316,-1,1296,1316,1317,-1,1316,1318,1317,-1,1317,1318,1319,-1,1317,1319,1320,-1,1319,1321,1320,-1,1320,1321,1322,-1,1320,1322,1323,-1,1324,1313,1325,-1,1325,1313,1315,-1,1325,1315,1326,-1,1326,1315,1323,-1,1326,1323,1327,-1,1327,1323,1322,-1,1288,1290,1315,-1,1315,1290,1308,-1,1315,1308,1323,-1,1323,1308,1305,-1,1323,1305,1320,-1,1320,1305,1302,-1,1320,1302,1317,-1,1317,1302,1298,-1,1317,1298,1296,-1,1296,1298,1297,-1,1296,1297,1294,-1,1328,1329,1330,-1,1292,1328,1293,-1,1293,1328,1330,-1,1293,1330,1316,-1,1316,1330,1331,-1,1316,1331,1318,-1,1318,1331,1332,-1,1318,1332,1319,-1,1319,1332,1333,-1,1319,1333,1321,-1,1321,1333,1334,-1,1321,1334,1322,-1,1322,1334,1335,-1,1322,1335,1327,-1,1327,1335,1336,-1,1327,1336,1326,-1,1326,1336,1337,-1,1338,1339,1340,-1,1337,1338,1326,-1,1326,1338,1340,-1,1326,1340,1325,-1,1325,1340,1324,-1,1333,1332,1341,-1,1331,1330,1342,-1,1343,1344,1345,-1,1346,1347,1348,-1,1349,1350,1351,-1,1351,1350,1352,-1,1353,1354,1355,-1,1355,1354,1356,-1,1355,1356,1357,-1,1358,1359,1344,-1,1344,1359,1360,-1,1344,1360,1345,-1,1345,1360,1361,-1,1345,1361,1353,-1,1346,1348,1362,-1,1363,1364,1365,-1,1364,1363,1366,-1,1366,1363,1342,-1,1366,1342,1367,-1,1367,1342,1368,-1,1368,1342,1330,-1,1368,1330,1329,-1,1369,1355,1351,-1,1351,1355,1357,-1,1351,1357,1349,-1,1332,1331,1341,-1,1341,1331,1342,-1,1341,1342,1348,-1,1348,1342,1363,-1,1348,1363,1362,-1,1362,1363,1365,-1,1334,1333,1343,-1,1343,1333,1341,-1,1343,1341,1344,-1,1344,1341,1348,-1,1344,1348,1358,-1,1358,1348,1347,-1,1369,1336,1335,-1,1353,1355,1345,-1,1345,1355,1369,-1,1345,1369,1343,-1,1343,1369,1335,-1,1343,1335,1334,-1,1336,1369,1337,-1,1337,1369,1351,-1,1337,1351,1338,-1,1338,1351,1352,-1,1338,1352,1339,-1,1370,1371,1372,-1,1373,1374,1375,-1,1376,1377,1378,-1,1378,1377,1373,-1,1379,1380,1381,-1,1381,1380,1382,-1,1382,1380,1383,-1,1383,1380,1384,-1,1383,1384,1385,-1,1385,1384,1386,-1,1386,1384,1387,-1,1386,1387,1388,-1,1388,1387,1389,-1,1389,1387,1390,-1,1389,1390,1391,-1,1371,1392,1372,-1,1372,1392,1393,-1,1372,1393,1390,-1,1390,1393,1394,-1,1390,1394,1391,-1,1395,1396,1397,-1,1397,1396,1370,-1,1373,1375,1378,-1,1378,1375,1398,-1,1378,1398,1399,-1,1398,1400,1399,-1,1399,1400,1401,-1,1399,1401,1402,-1,1401,1403,1402,-1,1402,1403,1404,-1,1402,1404,1405,-1,1406,1395,1407,-1,1407,1395,1397,-1,1407,1397,1408,-1,1408,1397,1405,-1,1408,1405,1409,-1,1409,1405,1404,-1,1370,1372,1397,-1,1397,1372,1390,-1,1397,1390,1405,-1,1405,1390,1387,-1,1405,1387,1402,-1,1402,1387,1384,-1,1402,1384,1399,-1,1399,1384,1380,-1,1399,1380,1378,-1,1378,1380,1379,-1,1378,1379,1376,-1,1410,1411,1412,-1,1413,1414,1415,-1,1415,1414,1416,-1,1374,1410,1375,-1,1375,1410,1412,-1,1375,1412,1398,-1,1398,1412,1417,-1,1398,1417,1400,-1,1400,1417,1418,-1,1400,1418,1401,-1,1401,1418,1419,-1,1401,1419,1403,-1,1403,1419,1420,-1,1403,1420,1404,-1,1404,1420,1421,-1,1404,1421,1409,-1,1409,1421,1422,-1,1409,1422,1408,-1,1408,1422,1416,-1,1408,1416,1407,-1,1407,1416,1414,-1,1407,1414,1406,-1,1419,1418,1423,-1,1417,1412,1424,-1,1425,1426,1427,-1,1428,1429,1430,-1,1431,1432,1433,-1,1433,1432,1434,-1,1435,1436,1437,-1,1437,1436,1438,-1,1437,1438,1439,-1,1440,1441,1426,-1,1426,1441,1442,-1,1426,1442,1427,-1,1427,1442,1443,-1,1427,1443,1435,-1,1428,1430,1444,-1,1445,1446,1447,-1,1446,1445,1448,-1,1448,1445,1424,-1,1448,1424,1449,-1,1449,1424,1450,-1,1450,1424,1412,-1,1450,1412,1411,-1,1451,1437,1433,-1,1433,1437,1439,-1,1433,1439,1431,-1,1418,1417,1423,-1,1423,1417,1424,-1,1423,1424,1430,-1,1430,1424,1445,-1,1430,1445,1444,-1,1444,1445,1447,-1,1420,1419,1425,-1,1425,1419,1423,-1,1425,1423,1426,-1,1426,1423,1430,-1,1426,1430,1440,-1,1440,1430,1429,-1,1451,1422,1421,-1,1435,1437,1427,-1,1427,1437,1451,-1,1427,1451,1425,-1,1425,1451,1421,-1,1425,1421,1420,-1,1422,1451,1416,-1,1416,1451,1433,-1,1416,1433,1415,-1,1415,1433,1434,-1,1415,1434,1413,-1,1452,1453,1454,-1,1455,1456,1457,-1,1458,1459,1460,-1,1460,1459,1455,-1,1461,1462,1463,-1,1463,1462,1464,-1,1464,1462,1465,-1,1465,1462,1466,-1,1465,1466,1467,-1,1467,1466,1468,-1,1468,1466,1469,-1,1468,1469,1470,-1,1470,1469,1471,-1,1471,1469,1472,-1,1471,1472,1473,-1,1453,1474,1454,-1,1454,1474,1475,-1,1454,1475,1472,-1,1472,1475,1476,-1,1472,1476,1473,-1,1477,1478,1479,-1,1479,1478,1452,-1,1455,1457,1460,-1,1460,1457,1480,-1,1460,1480,1481,-1,1480,1482,1481,-1,1481,1482,1483,-1,1481,1483,1484,-1,1483,1485,1484,-1,1484,1485,1486,-1,1484,1486,1487,-1,1488,1477,1489,-1,1489,1477,1479,-1,1489,1479,1490,-1,1490,1479,1487,-1,1490,1487,1491,-1,1491,1487,1486,-1,1452,1454,1479,-1,1479,1454,1472,-1,1479,1472,1487,-1,1487,1472,1469,-1,1487,1469,1484,-1,1484,1469,1466,-1,1484,1466,1481,-1,1481,1466,1462,-1,1481,1462,1460,-1,1460,1462,1461,-1,1460,1461,1458,-1,1492,1493,1494,-1,1495,1496,1497,-1,1497,1496,1498,-1,1456,1492,1457,-1,1457,1492,1494,-1,1457,1494,1480,-1,1480,1494,1499,-1,1480,1499,1482,-1,1482,1499,1500,-1,1482,1500,1483,-1,1483,1500,1501,-1,1483,1501,1485,-1,1485,1501,1502,-1,1485,1502,1486,-1,1486,1502,1503,-1,1486,1503,1491,-1,1491,1503,1504,-1,1491,1504,1490,-1,1490,1504,1498,-1,1490,1498,1489,-1,1489,1498,1496,-1,1489,1496,1488,-1,1501,1500,1505,-1,1499,1494,1506,-1,1507,1508,1509,-1,1510,1511,1512,-1,1513,1514,1515,-1,1515,1514,1516,-1,1517,1518,1519,-1,1519,1518,1520,-1,1519,1520,1521,-1,1522,1523,1508,-1,1508,1523,1524,-1,1508,1524,1509,-1,1509,1524,1525,-1,1509,1525,1517,-1,1510,1512,1526,-1,1527,1528,1529,-1,1528,1527,1530,-1,1530,1527,1506,-1,1530,1506,1531,-1,1531,1506,1532,-1,1532,1506,1494,-1,1532,1494,1493,-1,1533,1519,1515,-1,1515,1519,1521,-1,1515,1521,1513,-1,1500,1499,1505,-1,1505,1499,1506,-1,1505,1506,1512,-1,1512,1506,1527,-1,1512,1527,1526,-1,1526,1527,1529,-1,1502,1501,1507,-1,1507,1501,1505,-1,1507,1505,1508,-1,1508,1505,1512,-1,1508,1512,1522,-1,1522,1512,1511,-1,1533,1504,1503,-1,1517,1519,1509,-1,1509,1519,1533,-1,1509,1533,1507,-1,1507,1533,1503,-1,1507,1503,1502,-1,1504,1533,1498,-1,1498,1533,1515,-1,1498,1515,1497,-1,1497,1515,1516,-1,1497,1516,1495,-1,1534,1535,1536,-1,1537,1538,1539,-1,1540,1541,1542,-1,1543,1544,1545,-1,1546,1547,1548,-1,1549,1550,1551,-1,1552,1553,1554,-1,1555,1556,1557,-1,1558,1559,1560,-1,1561,1562,1563,-1,1564,1565,1566,-1,1567,1568,1569,-1,1569,1568,1570,-1,1571,1572,1568,-1,1568,1572,1570,-1,1573,1570,1574,-1,1574,1575,1573,-1,1573,1575,1576,-1,1573,1576,1577,-1,1578,1579,1580,-1,1580,1579,1567,-1,1580,1567,1581,-1,1581,1567,1569,-1,1581,1569,1582,-1,1582,1569,1570,-1,1579,1583,1567,-1,1567,1583,1584,-1,1567,1584,1568,-1,1568,1584,1585,-1,1568,1585,1571,-1,1576,1586,1577,-1,1577,1586,1587,-1,1577,1587,1588,-1,1565,1578,1566,-1,1566,1578,1580,-1,1566,1580,1589,-1,1589,1580,1581,-1,1589,1581,1590,-1,1590,1581,1582,-1,1590,1582,1591,-1,1591,1582,1570,-1,1587,1592,1588,-1,1588,1592,1593,-1,1588,1593,1594,-1,1562,1564,1563,-1,1563,1564,1566,-1,1563,1566,1595,-1,1595,1566,1589,-1,1595,1589,1596,-1,1596,1589,1590,-1,1596,1590,1597,-1,1597,1590,1591,-1,1597,1591,1598,-1,1598,1591,1570,-1,1593,1599,1594,-1,1594,1599,1600,-1,1594,1600,1601,-1,1602,1603,1560,-1,1604,1605,1603,-1,1603,1605,1606,-1,1603,1606,1560,-1,1560,1606,1607,-1,1560,1607,1558,-1,1556,1604,1557,-1,1557,1604,1603,-1,1557,1603,1608,-1,1608,1603,1602,-1,1608,1602,1609,-1,1553,1555,1554,-1,1554,1555,1557,-1,1554,1557,1610,-1,1610,1557,1608,-1,1610,1608,1611,-1,1611,1608,1609,-1,1611,1609,1612,-1,1550,1552,1551,-1,1551,1552,1554,-1,1551,1554,1613,-1,1613,1554,1610,-1,1613,1610,1614,-1,1614,1610,1611,-1,1614,1611,1615,-1,1615,1611,1612,-1,1615,1612,1616,-1,1617,1549,1618,-1,1618,1549,1551,-1,1618,1551,1619,-1,1619,1551,1613,-1,1619,1613,1620,-1,1620,1613,1614,-1,1620,1614,1621,-1,1621,1614,1615,-1,1621,1615,1622,-1,1622,1615,1616,-1,1622,1616,1623,-1,1623,1624,1622,-1,1622,1624,1625,-1,1622,1625,1621,-1,1621,1625,1626,-1,1621,1626,1620,-1,1620,1626,1627,-1,1620,1627,1619,-1,1619,1627,1628,-1,1619,1628,1618,-1,1618,1628,1629,-1,1618,1629,1617,-1,1617,1629,1630,-1,1547,1630,1548,-1,1548,1630,1629,-1,1548,1629,1631,-1,1631,1629,1628,-1,1631,1628,1632,-1,1632,1628,1627,-1,1632,1627,1633,-1,1633,1627,1626,-1,1633,1626,1634,-1,1634,1626,1625,-1,1634,1625,1635,-1,1635,1625,1624,-1,1635,1624,1570,-1,1623,1570,1624,-1,1559,1561,1560,-1,1560,1561,1563,-1,1560,1563,1602,-1,1602,1563,1595,-1,1602,1595,1609,-1,1609,1595,1596,-1,1609,1596,1612,-1,1612,1596,1597,-1,1612,1597,1616,-1,1616,1597,1598,-1,1616,1598,1623,-1,1623,1598,1570,-1,1544,1546,1545,-1,1545,1546,1548,-1,1545,1548,1636,-1,1636,1548,1631,-1,1636,1631,1637,-1,1637,1631,1632,-1,1637,1632,1638,-1,1638,1632,1633,-1,1638,1633,1639,-1,1639,1633,1634,-1,1639,1634,1640,-1,1640,1634,1635,-1,1640,1635,1570,-1,1541,1543,1542,-1,1542,1543,1545,-1,1542,1545,1641,-1,1641,1545,1636,-1,1641,1636,1642,-1,1642,1636,1637,-1,1642,1637,1643,-1,1643,1637,1638,-1,1643,1638,1644,-1,1644,1638,1639,-1,1644,1639,1645,-1,1645,1639,1640,-1,1645,1640,1570,-1,1538,1540,1539,-1,1539,1540,1542,-1,1539,1542,1646,-1,1646,1542,1641,-1,1646,1641,1647,-1,1647,1641,1642,-1,1647,1642,1648,-1,1648,1642,1643,-1,1648,1643,1649,-1,1649,1643,1644,-1,1649,1644,1650,-1,1650,1644,1645,-1,1650,1645,1570,-1,1535,1537,1536,-1,1536,1537,1539,-1,1536,1539,1651,-1,1651,1539,1646,-1,1651,1646,1652,-1,1652,1646,1647,-1,1652,1647,1653,-1,1653,1647,1648,-1,1653,1648,1654,-1,1654,1648,1649,-1,1654,1649,1655,-1,1655,1649,1650,-1,1655,1650,1570,-1,1656,1534,1657,-1,1657,1534,1536,-1,1657,1536,1601,-1,1601,1536,1651,-1,1601,1651,1594,-1,1594,1651,1652,-1,1594,1652,1588,-1,1588,1652,1653,-1,1588,1653,1577,-1,1577,1653,1654,-1,1577,1654,1573,-1,1573,1654,1655,-1,1573,1655,1570,-1,1600,1658,1601,-1,1601,1658,1659,-1,1601,1659,1657,-1,1657,1659,1660,-1,1657,1660,1656,-1,1656,1660,1661,-1,1662,1558,1607,-1,1663,1664,1665,-1,1665,1662,1663,-1,1663,1662,1607,-1,1663,1607,1666,-1,1666,1607,1606,-1,1666,1606,1667,-1,1667,1606,1605,-1,1667,1605,1668,-1,1668,1605,1604,-1,1668,1604,1669,-1,1669,1604,1556,-1,1669,1556,1670,-1,1670,1556,1555,-1,1670,1555,1671,-1,1671,1555,1553,-1,1671,1553,1672,-1,1672,1553,1552,-1,1672,1552,1673,-1,1673,1552,1550,-1,1673,1550,1674,-1,1674,1550,1549,-1,1674,1549,1675,-1,1675,1549,1617,-1,1675,1617,1676,-1,1676,1617,1630,-1,1676,1630,1677,-1,1677,1630,1547,-1,1677,1547,1678,-1,1678,1547,1546,-1,1678,1546,1679,-1,1679,1546,1544,-1,1679,1544,1680,-1,1680,1544,1543,-1,1680,1543,1681,-1,1681,1543,1541,-1,1681,1541,1682,-1,1682,1541,1540,-1,1682,1540,1683,-1,1683,1540,1538,-1,1683,1538,1684,-1,1684,1538,1537,-1,1684,1537,1685,-1,1685,1537,1535,-1,1685,1535,1686,-1,1686,1535,1534,-1,1656,1661,1687,-1,1688,1689,1690,-1,1690,1689,1686,-1,1690,1686,1687,-1,1687,1686,1534,-1,1687,1534,1656,-1,1691,1692,1693,-1,1694,1695,1696,-1,1697,1698,1699,-1,1700,1701,1702,-1,1703,1704,1705,-1,1706,1689,1688,-1,1689,1706,1686,-1,1684,1685,1707,-1,1682,1683,1708,-1,1680,1681,1709,-1,1678,1679,1710,-1,1711,1676,1677,-1,1712,1675,1676,-1,1675,1712,1674,-1,1704,1663,1666,-1,1704,1666,1705,-1,1705,1666,1667,-1,1705,1667,1668,-1,1713,1669,1670,-1,1714,1671,1672,-1,1715,1673,1674,-1,1664,1663,1716,-1,1716,1663,1704,-1,1716,1704,1717,-1,1717,1704,1703,-1,1717,1703,1718,-1,1718,1703,1719,-1,1720,1721,1722,-1,1688,1723,1706,-1,1706,1723,1724,-1,1706,1724,1725,-1,1701,1719,1702,-1,1702,1719,1703,-1,1702,1703,1726,-1,1726,1703,1705,-1,1726,1705,1713,-1,1713,1705,1668,-1,1713,1668,1669,-1,1722,1727,1728,-1,1724,1729,1725,-1,1725,1729,1730,-1,1725,1730,1731,-1,1698,1700,1699,-1,1699,1700,1702,-1,1699,1702,1732,-1,1732,1702,1726,-1,1732,1726,1733,-1,1733,1726,1713,-1,1733,1713,1714,-1,1714,1713,1670,-1,1714,1670,1671,-1,1728,1734,1735,-1,1695,1697,1696,-1,1696,1697,1699,-1,1696,1699,1736,-1,1736,1699,1732,-1,1736,1732,1737,-1,1737,1732,1733,-1,1737,1733,1738,-1,1738,1733,1714,-1,1738,1714,1715,-1,1715,1714,1672,-1,1715,1672,1673,-1,1735,1739,1740,-1,1730,1741,1731,-1,1731,1741,1742,-1,1731,1742,1743,-1,1743,1742,1744,-1,1743,1744,1745,-1,1674,1712,1715,-1,1715,1712,1746,-1,1715,1746,1738,-1,1738,1746,1747,-1,1738,1747,1737,-1,1737,1747,1748,-1,1737,1748,1736,-1,1736,1748,1749,-1,1736,1749,1696,-1,1696,1749,1750,-1,1696,1750,1694,-1,1692,1691,1740,-1,1740,1739,1692,-1,1692,1739,1751,-1,1692,1751,1693,-1,1735,1734,1739,-1,1739,1734,1752,-1,1739,1752,1751,-1,1751,1752,1753,-1,1751,1753,1693,-1,1728,1727,1734,-1,1734,1727,1754,-1,1734,1754,1752,-1,1752,1754,1755,-1,1752,1755,1753,-1,1753,1755,1756,-1,1753,1756,1693,-1,1722,1721,1727,-1,1727,1721,1757,-1,1727,1757,1754,-1,1754,1757,1758,-1,1754,1758,1755,-1,1755,1758,1759,-1,1755,1759,1756,-1,1756,1759,1760,-1,1756,1760,1693,-1,1679,1680,1710,-1,1710,1680,1709,-1,1710,1709,1761,-1,1761,1709,1762,-1,1761,1762,1763,-1,1763,1762,1764,-1,1763,1764,1765,-1,1765,1764,1766,-1,1765,1766,1767,-1,1767,1766,1768,-1,1767,1768,1769,-1,1769,1768,1770,-1,1769,1770,1693,-1,1681,1682,1709,-1,1709,1682,1708,-1,1709,1708,1762,-1,1762,1708,1771,-1,1762,1771,1764,-1,1764,1771,1772,-1,1764,1772,1766,-1,1766,1772,1773,-1,1766,1773,1768,-1,1768,1773,1774,-1,1768,1774,1770,-1,1770,1774,1775,-1,1770,1775,1693,-1,1677,1678,1720,-1,1720,1678,1710,-1,1720,1710,1721,-1,1721,1710,1761,-1,1721,1761,1757,-1,1757,1761,1763,-1,1757,1763,1758,-1,1758,1763,1765,-1,1758,1765,1759,-1,1759,1765,1767,-1,1759,1767,1760,-1,1760,1767,1769,-1,1760,1769,1693,-1,1685,1686,1707,-1,1707,1686,1706,-1,1707,1706,1776,-1,1776,1706,1725,-1,1776,1725,1777,-1,1777,1725,1731,-1,1777,1731,1778,-1,1778,1731,1743,-1,1778,1743,1779,-1,1779,1743,1745,-1,1779,1745,1780,-1,1780,1745,1781,-1,1780,1781,1693,-1,1744,1782,1745,-1,1745,1782,1783,-1,1745,1783,1781,-1,1781,1783,1784,-1,1781,1784,1785,-1,1693,1786,1750,-1,1750,1786,1787,-1,1750,1787,1694,-1,1676,1711,1712,-1,1712,1711,1788,-1,1712,1788,1746,-1,1746,1788,1789,-1,1746,1789,1747,-1,1747,1789,1790,-1,1747,1790,1748,-1,1748,1790,1791,-1,1748,1791,1749,-1,1749,1791,1792,-1,1749,1792,1750,-1,1750,1792,1693,-1,1677,1720,1711,-1,1711,1720,1722,-1,1711,1722,1788,-1,1788,1722,1728,-1,1788,1728,1789,-1,1789,1728,1735,-1,1789,1735,1790,-1,1790,1735,1740,-1,1790,1740,1791,-1,1791,1740,1691,-1,1791,1691,1792,-1,1792,1691,1693,-1,1785,1793,1781,-1,1781,1793,1693,-1,1683,1684,1708,-1,1708,1684,1707,-1,1708,1707,1771,-1,1771,1707,1776,-1,1771,1776,1772,-1,1772,1776,1777,-1,1772,1777,1773,-1,1773,1777,1778,-1,1773,1778,1774,-1,1774,1778,1779,-1,1774,1779,1775,-1,1775,1779,1780,-1,1775,1780,1693,-1,1794,1795,1796,-1,1797,1798,1799,-1,1800,1801,1802,-1,1803,1804,1805,-1,1806,1807,1808,-1,1809,1810,1811,-1,1812,1813,1814,-1,1815,1816,1817,-1,1818,1819,1820,-1,1821,1822,1823,-1,1824,1825,1826,-1,1827,1828,1829,-1,1829,1828,1830,-1,1831,1832,1828,-1,1828,1832,1830,-1,1833,1830,1834,-1,1834,1835,1833,-1,1833,1835,1836,-1,1833,1836,1837,-1,1838,1839,1840,-1,1840,1839,1827,-1,1840,1827,1841,-1,1841,1827,1829,-1,1841,1829,1842,-1,1842,1829,1830,-1,1839,1843,1827,-1,1827,1843,1844,-1,1827,1844,1828,-1,1828,1844,1845,-1,1828,1845,1831,-1,1836,1846,1837,-1,1837,1846,1847,-1,1837,1847,1848,-1,1825,1838,1826,-1,1826,1838,1840,-1,1826,1840,1849,-1,1849,1840,1841,-1,1849,1841,1850,-1,1850,1841,1842,-1,1850,1842,1851,-1,1851,1842,1830,-1,1847,1852,1848,-1,1848,1852,1853,-1,1848,1853,1854,-1,1822,1824,1823,-1,1823,1824,1826,-1,1823,1826,1855,-1,1855,1826,1849,-1,1855,1849,1856,-1,1856,1849,1850,-1,1856,1850,1857,-1,1857,1850,1851,-1,1857,1851,1858,-1,1858,1851,1830,-1,1853,1859,1854,-1,1854,1859,1860,-1,1854,1860,1861,-1,1862,1863,1820,-1,1864,1865,1863,-1,1863,1865,1866,-1,1863,1866,1820,-1,1820,1866,1867,-1,1820,1867,1818,-1,1816,1864,1817,-1,1817,1864,1863,-1,1817,1863,1868,-1,1868,1863,1862,-1,1868,1862,1869,-1,1813,1815,1814,-1,1814,1815,1817,-1,1814,1817,1870,-1,1870,1817,1868,-1,1870,1868,1871,-1,1871,1868,1869,-1,1871,1869,1872,-1,1810,1812,1811,-1,1811,1812,1814,-1,1811,1814,1873,-1,1873,1814,1870,-1,1873,1870,1874,-1,1874,1870,1871,-1,1874,1871,1875,-1,1875,1871,1872,-1,1875,1872,1876,-1,1877,1809,1878,-1,1878,1809,1811,-1,1878,1811,1879,-1,1879,1811,1873,-1,1879,1873,1880,-1,1880,1873,1874,-1,1880,1874,1881,-1,1881,1874,1875,-1,1881,1875,1882,-1,1882,1875,1876,-1,1882,1876,1883,-1,1883,1884,1882,-1,1882,1884,1885,-1,1882,1885,1881,-1,1881,1885,1886,-1,1881,1886,1880,-1,1880,1886,1887,-1,1880,1887,1879,-1,1879,1887,1888,-1,1879,1888,1878,-1,1878,1888,1889,-1,1878,1889,1877,-1,1877,1889,1890,-1,1807,1890,1808,-1,1808,1890,1889,-1,1808,1889,1891,-1,1891,1889,1888,-1,1891,1888,1892,-1,1892,1888,1887,-1,1892,1887,1893,-1,1893,1887,1886,-1,1893,1886,1894,-1,1894,1886,1885,-1,1894,1885,1895,-1,1895,1885,1884,-1,1895,1884,1830,-1,1883,1830,1884,-1,1819,1821,1820,-1,1820,1821,1823,-1,1820,1823,1862,-1,1862,1823,1855,-1,1862,1855,1869,-1,1869,1855,1856,-1,1869,1856,1872,-1,1872,1856,1857,-1,1872,1857,1876,-1,1876,1857,1858,-1,1876,1858,1883,-1,1883,1858,1830,-1,1804,1806,1805,-1,1805,1806,1808,-1,1805,1808,1896,-1,1896,1808,1891,-1,1896,1891,1897,-1,1897,1891,1892,-1,1897,1892,1898,-1,1898,1892,1893,-1,1898,1893,1899,-1,1899,1893,1894,-1,1899,1894,1900,-1,1900,1894,1895,-1,1900,1895,1830,-1,1801,1803,1802,-1,1802,1803,1805,-1,1802,1805,1901,-1,1901,1805,1896,-1,1901,1896,1902,-1,1902,1896,1897,-1,1902,1897,1903,-1,1903,1897,1898,-1,1903,1898,1904,-1,1904,1898,1899,-1,1904,1899,1905,-1,1905,1899,1900,-1,1905,1900,1830,-1,1798,1800,1799,-1,1799,1800,1802,-1,1799,1802,1906,-1,1906,1802,1901,-1,1906,1901,1907,-1,1907,1901,1902,-1,1907,1902,1908,-1,1908,1902,1903,-1,1908,1903,1909,-1,1909,1903,1904,-1,1909,1904,1910,-1,1910,1904,1905,-1,1910,1905,1830,-1,1795,1797,1796,-1,1796,1797,1799,-1,1796,1799,1911,-1,1911,1799,1906,-1,1911,1906,1912,-1,1912,1906,1907,-1,1912,1907,1913,-1,1913,1907,1908,-1,1913,1908,1914,-1,1914,1908,1909,-1,1914,1909,1915,-1,1915,1909,1910,-1,1915,1910,1830,-1,1916,1794,1917,-1,1917,1794,1796,-1,1917,1796,1861,-1,1861,1796,1911,-1,1861,1911,1854,-1,1854,1911,1912,-1,1854,1912,1848,-1,1848,1912,1913,-1,1848,1913,1837,-1,1837,1913,1914,-1,1837,1914,1833,-1,1833,1914,1915,-1,1833,1915,1830,-1,1860,1918,1861,-1,1861,1918,1919,-1,1861,1919,1917,-1,1917,1919,1920,-1,1917,1920,1916,-1,1916,1920,1921,-1,1922,1818,1867,-1,1923,1924,1925,-1,1925,1922,1923,-1,1923,1922,1867,-1,1923,1867,1926,-1,1926,1867,1866,-1,1926,1866,1927,-1,1927,1866,1865,-1,1927,1865,1928,-1,1928,1865,1864,-1,1928,1864,1929,-1,1929,1864,1816,-1,1929,1816,1930,-1,1930,1816,1815,-1,1930,1815,1931,-1,1931,1815,1813,-1,1931,1813,1932,-1,1932,1813,1812,-1,1932,1812,1933,-1,1933,1812,1810,-1,1933,1810,1934,-1,1934,1810,1809,-1,1934,1809,1935,-1,1935,1809,1877,-1,1935,1877,1936,-1,1936,1877,1890,-1,1936,1890,1937,-1,1937,1890,1807,-1,1937,1807,1938,-1,1938,1807,1806,-1,1938,1806,1939,-1,1939,1806,1804,-1,1939,1804,1940,-1,1940,1804,1803,-1,1940,1803,1941,-1,1941,1803,1801,-1,1941,1801,1942,-1,1942,1801,1800,-1,1942,1800,1943,-1,1943,1800,1798,-1,1943,1798,1944,-1,1944,1798,1797,-1,1944,1797,1945,-1,1945,1797,1795,-1,1945,1795,1946,-1,1946,1795,1794,-1,1916,1921,1947,-1,1948,1949,1950,-1,1950,1949,1946,-1,1950,1946,1947,-1,1947,1946,1794,-1,1947,1794,1916,-1,1951,1952,1953,-1,1954,1955,1956,-1,1957,1958,1959,-1,1960,1961,1962,-1,1963,1964,1965,-1,1966,1949,1948,-1,1949,1966,1946,-1,1944,1945,1967,-1,1942,1943,1968,-1,1940,1941,1969,-1,1938,1939,1970,-1,1971,1936,1937,-1,1972,1935,1936,-1,1935,1972,1934,-1,1964,1923,1926,-1,1964,1926,1965,-1,1965,1926,1927,-1,1965,1927,1928,-1,1973,1929,1930,-1,1974,1931,1932,-1,1975,1933,1934,-1,1924,1923,1976,-1,1976,1923,1964,-1,1976,1964,1977,-1,1977,1964,1963,-1,1977,1963,1978,-1,1978,1963,1979,-1,1980,1981,1982,-1,1948,1983,1966,-1,1966,1983,1984,-1,1966,1984,1985,-1,1961,1979,1962,-1,1962,1979,1963,-1,1962,1963,1986,-1,1986,1963,1965,-1,1986,1965,1973,-1,1973,1965,1928,-1,1973,1928,1929,-1,1982,1987,1988,-1,1984,1989,1985,-1,1985,1989,1990,-1,1985,1990,1991,-1,1958,1960,1959,-1,1959,1960,1962,-1,1959,1962,1992,-1,1992,1962,1986,-1,1992,1986,1993,-1,1993,1986,1973,-1,1993,1973,1974,-1,1974,1973,1930,-1,1974,1930,1931,-1,1988,1994,1995,-1,1955,1957,1956,-1,1956,1957,1959,-1,1956,1959,1996,-1,1996,1959,1992,-1,1996,1992,1997,-1,1997,1992,1993,-1,1997,1993,1998,-1,1998,1993,1974,-1,1998,1974,1975,-1,1975,1974,1932,-1,1975,1932,1933,-1,1995,1999,2000,-1,1990,2001,1991,-1,1991,2001,2002,-1,1991,2002,2003,-1,2003,2002,2004,-1,2003,2004,2005,-1,1934,1972,1975,-1,1975,1972,2006,-1,1975,2006,1998,-1,1998,2006,2007,-1,1998,2007,1997,-1,1997,2007,2008,-1,1997,2008,1996,-1,1996,2008,2009,-1,1996,2009,1956,-1,1956,2009,2010,-1,1956,2010,1954,-1,1952,1951,2000,-1,2000,1999,1952,-1,1952,1999,2011,-1,1952,2011,1953,-1,1995,1994,1999,-1,1999,1994,2012,-1,1999,2012,2011,-1,2011,2012,2013,-1,2011,2013,1953,-1,1988,1987,1994,-1,1994,1987,2014,-1,1994,2014,2012,-1,2012,2014,2015,-1,2012,2015,2013,-1,2013,2015,2016,-1,2013,2016,1953,-1,1982,1981,1987,-1,1987,1981,2017,-1,1987,2017,2014,-1,2014,2017,2018,-1,2014,2018,2015,-1,2015,2018,2019,-1,2015,2019,2016,-1,2016,2019,2020,-1,2016,2020,1953,-1,1939,1940,1970,-1,1970,1940,1969,-1,1970,1969,2021,-1,2021,1969,2022,-1,2021,2022,2023,-1,2023,2022,2024,-1,2023,2024,2025,-1,2025,2024,2026,-1,2025,2026,2027,-1,2027,2026,2028,-1,2027,2028,2029,-1,2029,2028,2030,-1,2029,2030,1953,-1,1941,1942,1969,-1,1969,1942,1968,-1,1969,1968,2022,-1,2022,1968,2031,-1,2022,2031,2024,-1,2024,2031,2032,-1,2024,2032,2026,-1,2026,2032,2033,-1,2026,2033,2028,-1,2028,2033,2034,-1,2028,2034,2030,-1,2030,2034,2035,-1,2030,2035,1953,-1,1937,1938,1980,-1,1980,1938,1970,-1,1980,1970,1981,-1,1981,1970,2021,-1,1981,2021,2017,-1,2017,2021,2023,-1,2017,2023,2018,-1,2018,2023,2025,-1,2018,2025,2019,-1,2019,2025,2027,-1,2019,2027,2020,-1,2020,2027,2029,-1,2020,2029,1953,-1,1945,1946,1967,-1,1967,1946,1966,-1,1967,1966,2036,-1,2036,1966,1985,-1,2036,1985,2037,-1,2037,1985,1991,-1,2037,1991,2038,-1,2038,1991,2003,-1,2038,2003,2039,-1,2039,2003,2005,-1,2039,2005,2040,-1,2040,2005,2041,-1,2040,2041,1953,-1,2004,2042,2005,-1,2005,2042,2043,-1,2005,2043,2041,-1,2041,2043,2044,-1,2041,2044,2045,-1,1953,2046,2010,-1,2010,2046,2047,-1,2010,2047,1954,-1,1936,1971,1972,-1,1972,1971,2048,-1,1972,2048,2006,-1,2006,2048,2049,-1,2006,2049,2007,-1,2007,2049,2050,-1,2007,2050,2008,-1,2008,2050,2051,-1,2008,2051,2009,-1,2009,2051,2052,-1,2009,2052,2010,-1,2010,2052,1953,-1,1937,1980,1971,-1,1971,1980,1982,-1,1971,1982,2048,-1,2048,1982,1988,-1,2048,1988,2049,-1,2049,1988,1995,-1,2049,1995,2050,-1,2050,1995,2000,-1,2050,2000,2051,-1,2051,2000,1951,-1,2051,1951,2052,-1,2052,1951,1953,-1,2045,2053,2041,-1,2041,2053,1953,-1,1943,1944,1968,-1,1968,1944,1967,-1,1968,1967,2031,-1,2031,1967,2036,-1,2031,2036,2032,-1,2032,2036,2037,-1,2032,2037,2033,-1,2033,2037,2038,-1,2033,2038,2034,-1,2034,2038,2039,-1,2034,2039,2035,-1,2035,2039,2040,-1,2035,2040,1953,-1,
        ]
    }
}
Shape{
    appearance Appearance {
        material  Material 	{
            diffuseColor 0.25098039215686274 0.25098039215686274 0.25098039215686274
            specularColor 0.12549019607843137 0.12549019607843137 0.12549019607843137
            ambientIntensity 0.251
            transparency 0.0
            shininess 0.5
        }
    }
    geometry IndexedFaceSet {
        ccw TRUE
        solid FALSE
        coord DEF co Coordinate {
            point [
                0.3279 0.0191 0.0496, 0.3125 -0.0202 0.0496, 0.3279 0.0191 0.0492, 0.3125 -0.0202 0.0492, 0.3183 -0.0202 0.0496, 0.3183 -0.0202 0.0492, 0.3222 -0.0092 0.0496, 0.3222 -0.0092 0.0492, 0.3385 -0.0092 0.0496, 0.3385 -0.0092 0.0492, 0.3423 -0.0202 0.0496, 0.3423 -0.0202 0.0492, 0.348 -0.0202 0.0496, 0.348 -0.0202 0.0492, 0.3331 0.0191 0.0496, 0.3331 0.0191 0.0492, 0.3372 -0.0049 0.0496, 0.324 -0.0049 0.0496, 0.3313 0.0116 0.0496, 0.3309 0.0129 0.0496, 0.3307 0.0143 0.0496, 0.3305 0.0143 0.0496, 0.3303 0.0129 0.0496, 0.3299 0.0116 0.0496, 0.3372 -0.0049 0.0492, 0.324 -0.0049 0.0492, 0.3313 0.0116 0.0492, 0.3309 0.0129 0.0492, 0.3307 0.0143 0.0492, 0.3305 0.0143 0.0492, 0.3303 0.0129 0.0492, 0.3299 0.0116 0.0492, 0.3719 -0.0202 0.0496, 0.3826 -0.0202 0.0496, 0.3719 -0.0202 0.0492, 0.3826 -0.0202 0.0492, 0.3826 0.0191 0.0496, 0.3826 0.0191 0.0492, 0.3715 0.0191 0.0496, 0.3715 0.0191 0.0492, 0.3509 -0.0001 0.0496, 0.3509 -0.0001 0.0492, 0.3512 0.0036 0.0492, 0.3512 0.0036 0.0496, 0.3522 0.0075 0.0492, 0.3522 0.0075 0.0496, 0.3541 0.0109 0.0492, 0.3541 0.0109 0.0496, 0.3569 0.014 0.0492, 0.3569 0.014 0.0496, 0.3569 0.014 0.0492, 0.3569 0.014 0.0496, 0.3612 0.0169 0.0492, 0.3612 0.0169 0.0496, 0.3658 0.0185 0.0492, 0.3658 0.0185 0.0496, 0.367 -0.0198 0.0492, 0.367 -0.0198 0.0496, 0.3625 -0.0185 0.0492, 0.3625 -0.0185 0.0496, 0.3584 -0.0161 0.0492, 0.3584 -0.0161 0.0496, 0.3551 -0.013 0.0492, 0.3551 -0.013 0.0496, 0.3529 -0.0095 0.0492, 0.3529 -0.0095 0.0496, 0.3515 -0.0053 0.0492, 0.3515 -0.0053 0.0496, 0.3588 0.0093 0.0496, 0.3607 0.0113 0.0496, 0.3636 0.0132 0.0496, 0.3668 0.0143 0.0496, 0.3715 0.0148 0.0496, 0.3773 0.0148 0.0496, 0.3773 -0.0159 0.0496, 0.3717 -0.0159 0.0496, 0.3676 -0.0155 0.0496, 0.3643 -0.0145 0.0496, 0.3616 -0.0129 0.0496, 0.3594 -0.0107 0.0496, 0.3577 -0.008 0.0496, 0.3565 -0.0043 0.0496, 0.3562 -0.0002 0.0496, 0.3565 0.0037 0.0496, 0.3574 0.0069 0.0496, 0.3715 0.0148 0.0492, 0.3773 0.0148 0.0492, 0.3668 0.0143 0.0492, 0.3636 0.0132 0.0492, 0.3607 0.0113 0.0492, 0.3588 0.0093 0.0492, 0.3574 0.0069 0.0492, 0.3565 0.0037 0.0492, 0.3562 -0.0002 0.0492, 0.3565 -0.0043 0.0492, 0.3577 -0.008 0.0492, 0.3594 -0.0107 0.0492, 0.3616 -0.0129 0.0492, 0.3643 -0.0145 0.0492, 0.3676 -0.0155 0.0492, 0.3717 -0.0159 0.0492, 0.3773 -0.0159 0.0492, 0.3903 -0.0159 0.0496, 0.3903 -0.0202 0.0496, 0.3903 -0.0159 0.0492, 0.3903 -0.0202 0.0492, 0.4114 -0.0202 0.0496, 0.4114 -0.0202 0.0492, 0.4114 0.0191 0.0496, 0.4114 0.0191 0.0492, 0.3912 0.0191 0.0496, 0.3912 0.0191 0.0492, 0.3912 0.0148 0.0496, 0.3912 0.0148 0.0492, 0.4061 0.0148 0.0496, 0.4061 0.0148 0.0492, 0.4061 0.0018 0.0496, 0.4061 0.0018 0.0492, 0.3922 0.0018 0.0496, 0.3922 0.0018 0.0492, 0.3922 -0.0025 0.0496, 0.3922 -0.0025 0.0492, 0.4061 -0.0025 0.0496, 0.4061 -0.0025 0.0492, 0.4061 -0.0159 0.0496, 0.4061 -0.0159 0.0492, 0.4191 -0.0139 0.0496, 0.4191 -0.0182 0.0496, 0.4191 -0.0139 0.0492, 0.4191 -0.0182 0.0492, 0.4299 -0.0207 0.0496, 0.4299 -0.0207 0.0492, 0.4288 -0.0207 0.0492, 0.4288 -0.0207 0.0496, 0.4273 -0.0205 0.0492, 0.4233 -0.0199 0.0496, 0.4217 -0.0193 0.0492, 0.4233 -0.0199 0.0492, 0.4322 -0.0205 0.0492, 0.4348 -0.0202 0.0496, 0.4348 -0.0202 0.0492, 0.4386 -0.0189 0.0496, 0.4386 -0.0189 0.0492, 0.4417 -0.0169 0.0496, 0.4417 -0.0169 0.0492, 0.4447 -0.0138 0.0496, 0.4447 -0.0138 0.0492, 0.4468 -0.01 0.0496, 0.4468 -0.01 0.0492, 0.448 -0.0059 0.0496, 0.448 -0.0059 0.0492, 0.4484 -0.0013 0.0496, 0.4484 -0.0013 0.0492, 0.4283 0.0196 0.0496, 0.4283 0.0196 0.0492, 0.4323 0.0193 0.0492, 0.4323 0.0193 0.0496, 0.4367 0.018 0.0492, 0.4367 0.018 0.0496, 0.4404 0.0159 0.0492, 0.4404 0.0159 0.0496, 0.444 0.0124 0.0492, 0.444 0.0124 0.0496, 0.4463 0.0088 0.0492, 0.4463 0.0088 0.0496, 0.4478 0.0043 0.0492, 0.4478 0.0043 0.0496, 0.4236 0.0193 0.0496, 0.4191 0.018 0.0496, 0.4191 0.018 0.0492, 0.4217 0.0187 0.0492, 0.4236 0.0193 0.0492, 0.4191 0.0128 0.0496, 0.4191 0.0128 0.0492, 0.4217 0.0139 0.0492, 0.4235 0.0147 0.0496, 0.4235 0.0147 0.0492, 0.4283 0.0153 0.0496, 0.4283 0.0153 0.0492, 0.4431 -0.001 0.0496, 0.4431 -0.001 0.0492, 0.4429 0.0021 0.0492, 0.4429 0.0021 0.0496, 0.4418 0.0063 0.0492, 0.4418 0.0063 0.0496, 0.4402 0.0093 0.0492, 0.4402 0.0093 0.0496, 0.4378 0.012 0.0492, 0.4378 0.012 0.0496, 0.4351 0.0138 0.0492, 0.4351 0.0138 0.0496, 0.4322 0.0149 0.0492, 0.4322 0.0149 0.0496, 0.4292 -0.0164 0.0496, 0.4292 -0.0164 0.0492, 0.4329 -0.016 0.0492, 0.4329 -0.016 0.0496, 0.4357 -0.0149 0.0492, 0.4357 -0.0149 0.0496, 0.4381 -0.0133 0.0492, 0.4381 -0.0133 0.0496, 0.44 -0.0114 0.0492, 0.44 -0.0114 0.0496, 0.4416 -0.0086 0.0492, 0.4416 -0.0086 0.0496, 0.4427 -0.0052 0.0492, 0.4427 -0.0052 0.0496, 0.424 -0.0158 0.0496, 0.4198 -0.0143 0.0492, 0.4198 -0.0143 0.0496, 0.4217 -0.015 0.0492, 0.424 -0.0158 0.0492, 0.4517 -0.0159 0.0496, 0.4517 -0.0202 0.0496, 0.4517 -0.0159 0.0492, 0.4517 -0.0202 0.0492, 0.4719 -0.0202 0.0496, 0.4719 -0.0202 0.0492, 0.4719 0.0191 0.0496, 0.4719 0.0191 0.0492, 0.4666 0.0191 0.0496, 0.4666 0.0191 0.0492, 0.4666 -0.0159 0.0496, 0.4666 -0.0159 0.0492
            ]
        }
        coordIndex [
            0,1,2,-1,2,1,3,-1,1,4,3,-1,3,4,5,-1,4,6,5,-1,5,6,7,-1,6,8,7,-1,7,8,9,-1,8,10,9,-1,9,10,11,-1,10,12,11,-1,11,12,13,-1,12,14,13,-1,13,14,15,-1,14,0,15,-1,15,0,2,-1,16,8,17,-1,17,8,6,-1,18,14,16,-1,16,14,12,-1,16,12,8,-1,8,12,10,-1,18,19,14,-1,14,19,20,-1,14,20,0,-1,0,20,21,-1,0,21,22,-1,22,23,0,-1,0,23,17,-1,0,17,1,-1,1,17,6,-1,1,6,4,-1,16,17,24,-1,24,17,25,-1,18,16,26,-1,26,16,24,-1,18,26,27,-1,18,27,19,-1,19,27,28,-1,19,28,20,-1,21,20,29,-1,29,20,28,-1,21,29,30,-1,21,30,22,-1,22,30,31,-1,22,31,23,-1,17,23,25,-1,25,23,31,-1,32,33,34,-1,34,33,35,-1,33,36,35,-1,35,36,37,-1,36,38,37,-1,37,38,39,-1,40,41,42,-1,40,42,43,-1,43,42,44,-1,43,44,45,-1,45,44,46,-1,45,46,47,-1,47,46,48,-1,47,48,49,-1,49,48,50,-1,49,50,51,-1,51,50,52,-1,51,52,53,-1,53,52,54,-1,53,54,55,-1,55,54,39,-1,55,39,38,-1,32,34,56,-1,32,56,57,-1,57,56,58,-1,57,58,59,-1,59,58,60,-1,59,60,61,-1,61,60,62,-1,61,62,63,-1,63,62,64,-1,63,64,65,-1,65,64,66,-1,65,66,67,-1,67,66,41,-1,67,41,40,-1,45,47,68,-1,68,47,49,-1,68,49,69,-1,69,49,51,-1,69,51,70,-1,70,51,53,-1,70,53,71,-1,71,53,55,-1,71,55,72,-1,72,55,38,-1,72,38,73,-1,73,38,36,-1,73,36,74,-1,74,36,33,-1,74,33,75,-1,75,33,32,-1,75,32,76,-1,76,32,57,-1,76,57,77,-1,77,57,59,-1,77,59,78,-1,78,59,61,-1,78,61,79,-1,79,61,63,-1,79,63,80,-1,80,63,65,-1,80,65,81,-1,81,65,67,-1,81,67,82,-1,82,67,40,-1,82,40,83,-1,83,40,43,-1,83,43,84,-1,84,43,45,-1,84,45,68,-1,72,73,85,-1,85,73,86,-1,72,85,87,-1,72,87,71,-1,71,87,88,-1,71,88,70,-1,70,88,89,-1,70,89,69,-1,69,89,90,-1,69,90,68,-1,68,90,91,-1,68,91,84,-1,84,91,92,-1,84,92,83,-1,83,92,93,-1,83,93,82,-1,82,93,94,-1,82,94,81,-1,81,94,95,-1,81,95,80,-1,80,95,96,-1,80,96,79,-1,79,96,97,-1,79,97,78,-1,78,97,98,-1,78,98,77,-1,77,98,99,-1,77,99,76,-1,76,99,100,-1,76,100,75,-1,74,75,101,-1,101,75,100,-1,73,74,86,-1,86,74,101,-1,102,103,104,-1,104,103,105,-1,103,106,105,-1,105,106,107,-1,106,108,107,-1,107,108,109,-1,108,110,109,-1,109,110,111,-1,110,112,111,-1,111,112,113,-1,112,114,113,-1,113,114,115,-1,114,116,115,-1,115,116,117,-1,116,118,117,-1,117,118,119,-1,118,120,119,-1,119,120,121,-1,120,122,121,-1,121,122,123,-1,122,124,123,-1,123,124,125,-1,124,102,125,-1,125,102,104,-1,106,103,102,-1,102,124,106,-1,106,124,122,-1,106,122,108,-1,112,110,114,-1,114,110,108,-1,114,108,116,-1,116,108,122,-1,116,122,118,-1,118,122,120,-1,126,127,128,-1,128,127,129,-1,130,131,132,-1,130,132,133,-1,133,132,134,-1,133,134,135,-1,129,127,136,-1,136,127,135,-1,136,135,137,-1,137,135,134,-1,131,130,138,-1,138,130,139,-1,138,139,140,-1,140,139,141,-1,140,141,142,-1,142,141,143,-1,142,143,144,-1,144,143,145,-1,144,145,146,-1,146,145,147,-1,146,147,148,-1,148,147,149,-1,148,149,150,-1,150,149,151,-1,150,151,152,-1,153,154,155,-1,153,155,156,-1,156,155,157,-1,156,157,158,-1,158,157,159,-1,158,159,160,-1,160,159,161,-1,160,161,162,-1,162,161,163,-1,162,163,164,-1,164,163,165,-1,164,165,166,-1,166,165,152,-1,166,152,151,-1,154,153,167,-1,168,169,170,-1,168,170,167,-1,167,170,171,-1,167,171,154,-1,168,172,169,-1,169,172,173,-1,173,172,174,-1,174,172,175,-1,174,175,176,-1,176,175,177,-1,176,177,178,-1,179,180,181,-1,179,181,182,-1,182,181,183,-1,182,183,184,-1,184,183,185,-1,184,185,186,-1,186,185,187,-1,186,187,188,-1,188,187,189,-1,188,189,190,-1,190,189,191,-1,190,191,192,-1,192,191,178,-1,192,178,177,-1,193,194,195,-1,193,195,196,-1,196,195,197,-1,196,197,198,-1,198,197,199,-1,198,199,200,-1,200,199,201,-1,200,201,202,-1,202,201,203,-1,202,203,204,-1,204,203,205,-1,204,205,206,-1,206,205,180,-1,206,180,179,-1,194,193,207,-1,126,128,208,-1,126,208,209,-1,209,208,210,-1,209,210,207,-1,207,210,211,-1,207,211,194,-1,196,130,193,-1,193,130,133,-1,193,133,207,-1,207,133,135,-1,207,135,209,-1,209,135,127,-1,209,127,126,-1,172,168,175,-1,175,168,167,-1,175,167,177,-1,177,167,153,-1,177,153,192,-1,192,153,156,-1,192,156,190,-1,190,156,158,-1,190,158,188,-1,188,158,160,-1,188,160,186,-1,186,160,162,-1,186,162,184,-1,184,162,164,-1,184,164,182,-1,182,164,166,-1,182,166,179,-1,179,166,151,-1,179,151,206,-1,206,151,149,-1,206,149,204,-1,204,149,147,-1,204,147,202,-1,202,147,145,-1,202,145,200,-1,200,145,143,-1,200,143,198,-1,198,143,141,-1,198,141,196,-1,196,141,139,-1,196,139,130,-1,212,213,214,-1,214,213,215,-1,213,216,215,-1,215,216,217,-1,216,218,217,-1,217,218,219,-1,218,220,219,-1,219,220,221,-1,220,222,221,-1,221,222,223,-1,222,212,223,-1,223,212,214,-1,220,218,222,-1,222,218,216,-1,222,216,212,-1,212,216,213,-1,
        ]
    }
}
Shape{
    appearance Appearance {
        material  Material 	{
            diffuseColor 1.0 0.7450980392156863 0.09019607843137255
            specularColor 0.5019607843137255 0.37254901960784315 0.043137254901960784
            ambientIntensity 0.7467
            transparency 0.0
            shininess 0.5
        }
    }
    geometry IndexedFaceSet {
        ccw TRUE
        solid FALSE
        coord DEF co Coordinate {
            point [
                0.3372 -0.0049 0.0492, 0.324 -0.0049 0.0492, 0.3313 0.0116 0.0492, 0.3299 0.0116 0.0492, 0.3309 0.0129 0.0492, 0.3303 0.0129 0.0492, 0.3307 0.0143 0.0492, 0.3305 0.0143 0.0492, 0.3773 0.0148 0.0492, 0.3773 -0.0159 0.0492, 0.3715 0.0148 0.0492, 0.3717 -0.0159 0.0492, 0.3676 -0.0155 0.0492, 0.3562 -0.0002 0.0492, 0.3565 0.0037 0.0492, 0.3574 0.0069 0.0492, 0.3668 0.0143 0.0492, 0.3643 -0.0145 0.0492, 0.3616 -0.0129 0.0492, 0.3594 -0.0107 0.0492, 0.3577 -0.008 0.0492, 0.3565 -0.0043 0.0492, 0.3588 0.0093 0.0492, 0.3607 0.0113 0.0492, 0.3636 0.0132 0.0492
            ]
        }
        coordIndex [
            0,1,2,-1,2,1,3,-1,2,3,4,-1,4,3,5,-1,4,5,6,-1,6,5,7,-1,8,9,10,-1,10,9,11,-1,10,11,12,-1,13,14,10,-1,10,14,15,-1,10,15,16,-1,12,17,10,-1,10,17,18,-1,10,18,19,-1,19,20,10,-1,10,20,21,-1,10,21,13,-1,22,23,15,-1,15,23,24,-1,15,24,16,-1,
        ]
    }
}